 0.126000E+03    -0.250000E+04    -0.248000E+04    -0.246000E+04    -0.244000E+04    -0.242000E+04    -0.240000E+04    -0.238000E+04    -0.236000E+04    -0.234000E+04    -0.232000E+04    -0.230000E+04    -0.228000E+04    -0.226000E+04    -0.224000E+04    -0.222000E+04    -0.220000E+04    -0.218000E+04    -0.216000E+04    -0.214000E+04    -0.212000E+04    -0.210000E+04    -0.208000E+04    -0.206000E+04    -0.204000E+04    -0.202000E+04    -0.200000E+04    -0.198000E+04    -0.196000E+04    -0.194000E+04    -0.192000E+04    -0.190000E+04    -0.188000E+04    -0.186000E+04    -0.184000E+04    -0.182000E+04    -0.180000E+04    -0.178000E+04    -0.176000E+04    -0.174000E+04    -0.172000E+04    -0.170000E+04    -0.168000E+04    -0.166000E+04    -0.164000E+04    -0.162000E+04    -0.160000E+04    -0.158000E+04    -0.156000E+04    -0.154000E+04    -0.152000E+04    -0.150000E+04    -0.148000E+04    -0.146000E+04    -0.144000E+04    -0.142000E+04    -0.140000E+04    -0.138000E+04    -0.136000E+04    -0.134000E+04    -0.132000E+04    -0.130000E+04    -0.128000E+04    -0.126000E+04    -0.124000E+04    -0.122000E+04    -0.120000E+04    -0.118000E+04    -0.116000E+04    -0.114000E+04    -0.112000E+04    -0.110000E+04    -0.108000E+04    -0.106000E+04    -0.104000E+04    -0.102000E+04    -0.100000E+04    -0.980000E+03    -0.960000E+03    -0.940000E+03    -0.920000E+03    -0.900000E+03    -0.880000E+03    -0.860000E+03    -0.840000E+03    -0.820000E+03    -0.800000E+03    -0.780000E+03    -0.760000E+03    -0.740000E+03    -0.720000E+03    -0.700000E+03    -0.680000E+03    -0.660000E+03    -0.640000E+03    -0.620000E+03    -0.600000E+03    -0.580000E+03    -0.560000E+03    -0.540000E+03    -0.520000E+03    -0.500000E+03    -0.480000E+03    -0.460000E+03    -0.440000E+03    -0.420000E+03    -0.400000E+03    -0.380000E+03    -0.360000E+03    -0.340000E+03    -0.320000E+03    -0.300000E+03    -0.280000E+03    -0.260000E+03    -0.240000E+03    -0.220000E+03    -0.200000E+03    -0.180000E+03    -0.160000E+03    -0.140000E+03    -0.120000E+03    -0.100000E+03    -0.800000E+02    -0.600000E+02    -0.400000E+02    -0.200000E+02     0.000000E+00
 0.000000E+00     0.206422E+03     0.206422E+03     0.206422E+03     0.206422E+03     0.206422E+03     0.206422E+03     0.206422E+03     0.206422E+03     0.206422E+03     0.206422E+03     0.206422E+03     0.206422E+03     0.206422E+03     0.119048E+03     0.119048E+03     0.116323E+03     0.177677E+03     0.163399E+03     0.162716E+03     0.162191E+03     0.143715E+03     0.140948E+03     0.139884E+03     0.136280E+03     0.142511E+03     0.143519E+03     0.139204E+03     0.137740E+03     0.137257E+03     0.132979E+03     0.156490E+03     0.205348E+03     0.200658E+03     0.205285E+03     0.197645E+03     0.196545E+03     0.127200E+03     0.126717E+03     0.126355E+03     0.125770E+03     0.125510E+03     0.125087E+03     0.126924E+03     0.121528E+03     0.121227E+03     0.122489E+03     0.126129E+03     0.125829E+03     0.120311E+03     0.121700E+03     0.112014E+03     0.936780E+02     0.932147E+02     0.941482E+02     0.983590E+02     0.966065E+02     0.922290E+02     0.919400E+02     0.895501E+02     0.881060E+02     0.942668E+02     0.940250E+02     0.890950E+02     0.897340E+02     0.954710E+02     0.952300E+02     0.916500E+02     0.914671E+02     0.868850E+02     0.851940E+02     0.867218E+02     0.846110E+02     0.867966E+02     0.886112E+02     0.907210E+02     0.905314E+02     0.900691E+02     0.898500E+02     0.820154E+02     0.818070E+02     0.815150E+02     0.811380E+02     0.809300E+02     0.866530E+02     0.864180E+02     0.861270E+02     0.859475E+02     0.855440E+02     0.832948E+02     0.826260E+02     0.803548E+02     0.801690E+02     0.798760E+02     0.796455E+02     0.858360E+02     0.856264E+02     0.852520E+02     0.802860E+02     0.800839E+02     0.797000E+02     0.848417E+02     0.860318E+02     0.858360E+02     0.828769E+02     0.802374E+02     0.793330E+02     0.775190E+02     0.775190E+02     0.775190E+02     0.775190E+02     0.775190E+02     0.775190E+02     0.775190E+02     0.775190E+02     0.775190E+02     0.775190E+02     0.775190E+02     0.775190E+02     0.775190E+02     0.775190E+02     0.775190E+02     0.775190E+02     0.775190E+02     0.775190E+02     0.775190E+02     0.100000E+21
 0.200000E+02     0.206422E+03     0.206422E+03     0.206422E+03     0.206422E+03     0.206422E+03     0.206422E+03     0.206422E+03     0.206422E+03     0.206422E+03     0.206422E+03     0.206422E+03     0.206422E+03     0.206422E+03     0.119048E+03     0.119048E+03     0.116323E+03     0.176876E+03     0.163399E+03     0.162716E+03     0.162240E+03     0.143715E+03     0.141189E+03     0.139749E+03     0.136280E+03     0.142129E+03     0.142965E+03     0.139204E+03     0.137708E+03     0.137257E+03     0.132979E+03     0.160386E+03     0.205348E+03     0.201117E+03     0.205285E+03     0.197645E+03     0.196600E+03     0.127200E+03     0.126671E+03     0.126355E+03     0.125759E+03     0.125510E+03     0.125087E+03     0.126728E+03     0.121528E+03     0.121249E+03     0.122489E+03     0.126129E+03     0.125851E+03     0.120311E+03     0.121137E+03     0.110995E+03     0.936780E+02     0.932349E+02     0.945512E+02     0.983590E+02     0.962325E+02     0.922290E+02     0.919400E+02     0.896979E+02     0.881060E+02     0.942378E+02     0.940250E+02     0.891150E+02     0.897340E+02     0.954710E+02     0.952589E+02     0.916500E+02     0.911838E+02     0.868850E+02     0.851940E+02     0.865913E+02     0.846110E+02     0.865874E+02     0.887034E+02     0.907210E+02     0.905420E+02     0.900436E+02     0.898500E+02     0.820002E+02     0.818070E+02     0.815150E+02     0.811227E+02     0.809300E+02     0.866280E+02     0.864180E+02     0.861270E+02     0.859554E+02     0.855440E+02     0.835792E+02     0.826260E+02     0.803454E+02     0.801690E+02     0.798760E+02     0.796683E+02     0.858360E+02     0.856431E+02     0.852520E+02     0.802860E+02     0.800975E+02     0.797000E+02     0.841814E+02     0.860198E+02     0.858360E+02     0.829875E+02     0.801586E+02     0.793330E+02     0.775190E+02     0.775190E+02     0.775190E+02     0.775190E+02     0.775190E+02     0.775190E+02     0.775190E+02     0.775190E+02     0.775190E+02     0.775190E+02     0.775190E+02     0.775190E+02     0.775190E+02     0.775190E+02     0.775190E+02     0.775190E+02     0.775190E+02     0.775190E+02     0.775190E+02     0.100000E+21
 0.400000E+02     0.206422E+03     0.206422E+03     0.206422E+03     0.206422E+03     0.206422E+03     0.206422E+03     0.206422E+03     0.206422E+03     0.206422E+03     0.206422E+03     0.206422E+03     0.206422E+03     0.206422E+03     0.119048E+03     0.119048E+03     0.116323E+03     0.176375E+03     0.163399E+03     0.162716E+03     0.162270E+03     0.143715E+03     0.141347E+03     0.139668E+03     0.136280E+03     0.141887E+03     0.142650E+03     0.139204E+03     0.137687E+03     0.137257E+03     0.132979E+03     0.162937E+03     0.205348E+03     0.201398E+03     0.205285E+03     0.197645E+03     0.196634E+03     0.127200E+03     0.126647E+03     0.126355E+03     0.125752E+03     0.125510E+03     0.125087E+03     0.126612E+03     0.121528E+03     0.121263E+03     0.122489E+03     0.126129E+03     0.125865E+03     0.120311E+03     0.120050E+03     0.110357E+03     0.936780E+02     0.932472E+02     0.948107E+02     0.983590E+02     0.959939E+02     0.922290E+02     0.919400E+02     0.897916E+02     0.881060E+02     0.942218E+02     0.940250E+02     0.891269E+02     0.897340E+02     0.954710E+02     0.952749E+02     0.916500E+02     0.910041E+02     0.868850E+02     0.851940E+02     0.865080E+02     0.846110E+02     0.864527E+02     0.887594E+02     0.907210E+02     0.905485E+02     0.900283E+02     0.898500E+02     0.819904E+02     0.818070E+02     0.815150E+02     0.811129E+02     0.809300E+02     0.866131E+02     0.864180E+02     0.861270E+02     0.859602E+02     0.855440E+02     0.837289E+02     0.826260E+02     0.803397E+02     0.801690E+02     0.798760E+02     0.796824E+02     0.858360E+02     0.856541E+02     0.852520E+02     0.824351E+02     0.809757E+02     0.797000E+02     0.838063E+02     0.860122E+02     0.858360E+02     0.830538E+02     0.801071E+02     0.793330E+02     0.775190E+02     0.775190E+02     0.775190E+02     0.775190E+02     0.775190E+02     0.775190E+02     0.775190E+02     0.775190E+02     0.775190E+02     0.775190E+02     0.775190E+02     0.775190E+02     0.775190E+02     0.775190E+02     0.775190E+02     0.775190E+02     0.775190E+02     0.775190E+02     0.775190E+02     0.100000E+21
 0.600000E+02     0.206422E+03     0.206422E+03     0.206422E+03     0.206422E+03     0.206422E+03     0.206422E+03     0.206422E+03     0.206422E+03     0.206422E+03     0.206422E+03     0.206422E+03     0.206422E+03     0.206422E+03     0.119048E+03     0.119048E+03     0.116323E+03     0.177664E+03     0.163399E+03     0.162716E+03     0.162194E+03     0.143715E+03     0.140959E+03     0.139883E+03     0.136280E+03     0.142504E+03     0.143473E+03     0.139204E+03     0.137739E+03     0.137257E+03     0.132979E+03     0.156630E+03     0.205348E+03     0.200682E+03     0.205285E+03     0.197645E+03     0.196546E+03     0.127200E+03     0.126713E+03     0.126355E+03     0.125770E+03     0.125510E+03     0.127791E+03     0.127454E+03     0.121528E+03     0.121228E+03     0.122489E+03     0.126129E+03     0.125829E+03     0.120311E+03     0.119993E+03     0.111998E+03     0.936780E+02     0.932149E+02     0.941694E+02     0.983590E+02     0.965918E+02     0.922290E+02     0.886880E+02     0.884919E+02     0.881060E+02     0.942646E+02     0.940250E+02     0.890951E+02     0.897340E+02     0.954710E+02     0.952322E+02     0.916500E+02     0.914615E+02     0.868850E+02     0.851940E+02     0.867167E+02     0.846110E+02     0.867856E+02     0.886122E+02     0.907210E+02     0.905316E+02     0.900673E+02     0.898500E+02     0.820150E+02     0.818070E+02     0.815150E+02     0.811376E+02     0.809300E+02     0.866515E+02     0.864180E+02     0.861270E+02     0.859476E+02     0.855440E+02     0.833193E+02     0.826260E+02     0.803546E+02     0.801690E+02     0.798760E+02     0.796467E+02     0.858360E+02     0.856270E+02     0.852520E+02     0.802860E+02     0.800842E+02     0.797000E+02     0.847867E+02     0.860316E+02     0.858360E+02     0.828778E+02     0.802339E+02     0.793330E+02     0.775190E+02     0.775190E+02     0.775190E+02     0.775190E+02     0.775190E+02     0.775190E+02     0.775190E+02     0.775190E+02     0.775190E+02     0.775190E+02     0.775190E+02     0.775190E+02     0.775190E+02     0.775190E+02     0.775190E+02     0.775190E+02     0.775190E+02     0.775190E+02     0.775190E+02     0.100000E+21
 0.800000E+02     0.206422E+03     0.206422E+03     0.206422E+03     0.206422E+03     0.206422E+03     0.206422E+03     0.206422E+03     0.206422E+03     0.206422E+03     0.206422E+03     0.206422E+03     0.206422E+03     0.206422E+03     0.119048E+03     0.119048E+03     0.116323E+03     0.177041E+03     0.163399E+03     0.162716E+03     0.162228E+03     0.143715E+03     0.141131E+03     0.139775E+03     0.136280E+03     0.142210E+03     0.143098E+03     0.139204E+03     0.137715E+03     0.137257E+03     0.132979E+03     0.159470E+03     0.205348E+03     0.201009E+03     0.205285E+03     0.197645E+03     0.196589E+03     0.127200E+03     0.126682E+03     0.126355E+03     0.125761E+03     0.125510E+03     0.127791E+03     0.127479E+03     0.121528E+03     0.121244E+03     0.122489E+03     0.126129E+03     0.125846E+03     0.120311E+03     0.120018E+03     0.111204E+03     0.936780E+02     0.932310E+02     0.944519E+02     0.983590E+02     0.963194E+02     0.922290E+02     0.886880E+02     0.885013E+02     0.881060E+02     0.942444E+02     0.940250E+02     0.891113E+02     0.897340E+02     0.954710E+02     0.952524E+02     0.916500E+02     0.912439E+02     0.868850E+02     0.851940E+02     0.883187E+02     0.846110E+02     0.866390E+02     0.886855E+02     0.907210E+02     0.905398E+02     0.900498E+02     0.898500E+02     0.820036E+02     0.818070E+02     0.815150E+02     0.811262E+02     0.809300E+02     0.866338E+02     0.864180E+02     0.861270E+02     0.859539E+02     0.855440E+02     0.835168E+02     0.826260E+02     0.803473E+02     0.801690E+02     0.798760E+02     0.796630E+02     0.858360E+02     0.856392E+02     0.852520E+02     0.802860E+02     0.800945E+02     0.797000E+02     0.843398E+02     0.860223E+02     0.858360E+02     0.829666E+02     0.801777E+02     0.793330E+02     0.775190E+02     0.775190E+02     0.775190E+02     0.775190E+02     0.775190E+02     0.775190E+02     0.775190E+02     0.775190E+02     0.775190E+02     0.775190E+02     0.775190E+02     0.775190E+02     0.775190E+02     0.775190E+02     0.775190E+02     0.775190E+02     0.775190E+02     0.775190E+02     0.775190E+02     0.100000E+21
 0.100000E+03     0.206422E+03     0.206422E+03     0.206422E+03     0.206422E+03     0.206422E+03     0.206422E+03     0.206422E+03     0.206422E+03     0.206422E+03     0.206422E+03     0.206422E+03     0.206422E+03     0.206422E+03     0.119048E+03     0.119048E+03     0.116323E+03     0.177698E+03     0.163399E+03     0.162716E+03     0.162179E+03     0.143715E+03     0.140891E+03     0.139880E+03     0.136280E+03     0.142531E+03     0.143867E+03     0.139204E+03     0.137743E+03     0.137257E+03     0.132979E+03     0.155805E+03     0.205348E+03     0.200511E+03     0.205285E+03     0.197645E+03     0.196545E+03     0.127200E+03     0.126765E+03     0.126355E+03     0.125770E+03     0.125510E+03     0.127791E+03     0.127437E+03     0.121528E+03     0.121224E+03     0.122489E+03     0.126129E+03     0.125826E+03     0.120311E+03     0.119971E+03     0.112039E+03     0.936780E+02     0.932150E+02     0.940242E+02     0.983590E+02     0.966820E+02     0.922290E+02     0.886880E+02     0.884911E+02     0.881060E+02     0.942851E+02     0.940250E+02     0.890958E+02     0.897340E+02     0.954710E+02     0.952118E+02     0.916500E+02     0.914821E+02     0.868850E+02     0.851940E+02     0.892300E+02     0.869420E+02     0.874267E+02     0.886127E+02     0.907210E+02     0.905312E+02     0.900817E+02     0.898500E+02     0.820171E+02     0.818070E+02     0.815150E+02     0.811399E+02     0.809300E+02     0.866630E+02     0.864180E+02     0.861270E+02     0.859476E+02     0.855440E+02     0.829971E+02     0.826260E+02     0.803548E+02     0.801690E+02     0.798760E+02     0.796381E+02     0.858360E+02     0.856235E+02     0.852520E+02     0.802860E+02     0.800828E+02     0.797000E+02     0.852564E+02     0.860324E+02     0.858360E+02     0.828803E+02     0.802561E+02     0.793330E+02     0.775190E+02     0.775190E+02     0.775190E+02     0.775190E+02     0.775190E+02     0.775190E+02     0.775190E+02     0.775190E+02     0.775190E+02     0.775190E+02     0.775190E+02     0.775190E+02     0.775190E+02     0.775190E+02     0.775190E+02     0.775190E+02     0.775190E+02     0.775190E+02     0.775190E+02     0.100000E+21
 0.120000E+03     0.206422E+03     0.206422E+03     0.206422E+03     0.206422E+03     0.206422E+03     0.206422E+03     0.206422E+03     0.206422E+03     0.206422E+03     0.206422E+03     0.206422E+03     0.206422E+03     0.206422E+03     0.119048E+03     0.119048E+03     0.116323E+03     0.177389E+03     0.163399E+03     0.162716E+03     0.162204E+03     0.143715E+03     0.141010E+03     0.139830E+03     0.136280E+03     0.142379E+03     0.143405E+03     0.139204E+03     0.137729E+03     0.137257E+03     0.132979E+03     0.157583E+03     0.205348E+03     0.200771E+03     0.205285E+03     0.197645E+03     0.196566E+03     0.127200E+03     0.126707E+03     0.126355E+03     0.125766E+03     0.125510E+03     0.127791E+03     0.127460E+03     0.121528E+03     0.121234E+03     0.122489E+03     0.126129E+03     0.125836E+03     0.120311E+03     0.119998E+03     0.111646E+03     0.936780E+02     0.932226E+02     0.942435E+02     0.983590E+02     0.965038E+02     0.922290E+02     0.886880E+02     0.884959E+02     0.881060E+02     0.942602E+02     0.940250E+02     0.891031E+02     0.897340E+02     0.954710E+02     0.952367E+02     0.916500E+02     0.913697E+02     0.868850E+02     0.851940E+02     0.890685E+02     0.869420E+02     0.856004E+02     0.886470E+02     0.907210E+02     0.905352E+02     0.900637E+02     0.898500E+02     0.820107E+02     0.818070E+02     0.815150E+02     0.811333E+02     0.809300E+02     0.866471E+02     0.864180E+02     0.861270E+02     0.859506E+02     0.855440E+02     0.833609E+02     0.826260E+02     0.803513E+02     0.801690E+02     0.798760E+02     0.796511E+02     0.858360E+02     0.856311E+02     0.852520E+02     0.802860E+02     0.800884E+02     0.797000E+02     0.847057E+02     0.860277E+02     0.858360E+02     0.829210E+02     0.802171E+02     0.793330E+02     0.775190E+02     0.775190E+02     0.775190E+02     0.775190E+02     0.775190E+02     0.775190E+02     0.775190E+02     0.775190E+02     0.775190E+02     0.775190E+02     0.775190E+02     0.775190E+02     0.775190E+02     0.775190E+02     0.775190E+02     0.775190E+02     0.775190E+02     0.775190E+02     0.775190E+02     0.100000E+21
 0.140000E+03     0.206422E+03     0.206422E+03     0.206422E+03     0.206422E+03     0.206422E+03     0.206422E+03     0.206422E+03     0.206422E+03     0.206422E+03     0.206422E+03     0.206422E+03     0.206422E+03     0.206422E+03     0.119048E+03     0.119048E+03     0.116323E+03     0.176608E+03     0.163399E+03     0.162716E+03     0.162257E+03     0.143715E+03     0.141277E+03     0.139707E+03     0.136280E+03     0.141999E+03     0.142784E+03     0.139204E+03     0.137696E+03     0.137257E+03     0.132979E+03     0.161786E+03     0.205348E+03     0.202261E+03     0.205285E+03     0.197645E+03     0.196618E+03     0.127200E+03     0.126658E+03     0.126355E+03     0.125755E+03     0.125510E+03     0.127791E+03     0.127500E+03     0.121528E+03     0.121257E+03     0.122489E+03     0.126129E+03     0.125858E+03     0.120311E+03     0.120040E+03     0.110655E+03     0.936780E+02     0.932414E+02     0.946964E+02     0.983590E+02     0.961010E+02     0.922290E+02     0.886880E+02     0.885080E+02     0.881060E+02     0.942287E+02     0.940250E+02     0.891212E+02     0.897340E+02     0.954710E+02     0.952680E+02     0.916500E+02     0.910873E+02     0.868850E+02     0.851940E+02     0.887034E+02     0.869420E+02     0.852636E+02     0.887330E+02     0.907210E+02     0.905455E+02     0.900348E+02     0.898500E+02     0.819949E+02     0.818070E+02     0.815150E+02     0.811174E+02     0.809300E+02     0.866196E+02     0.864180E+02     0.861270E+02     0.859580E+02     0.855440E+02     0.836646E+02     0.826260E+02     0.803424E+02     0.801690E+02     0.798760E+02     0.796762E+02     0.858360E+02     0.856491E+02     0.852520E+02     0.802860E+02     0.801022E+02     0.797000E+02     0.839657E+02     0.860157E+02     0.858360E+02     0.830225E+02     0.801300E+02     0.793330E+02     0.775190E+02     0.775190E+02     0.775190E+02     0.775190E+02     0.775190E+02     0.775190E+02     0.775190E+02     0.775190E+02     0.775190E+02     0.775190E+02     0.775190E+02     0.775190E+02     0.775190E+02     0.775190E+02     0.775190E+02     0.775190E+02     0.775190E+02     0.775190E+02     0.775190E+02     0.100000E+21
 0.160000E+03     0.206422E+03     0.206422E+03     0.206422E+03     0.206422E+03     0.206422E+03     0.206422E+03     0.206422E+03     0.206422E+03     0.206422E+03     0.206422E+03     0.206422E+03     0.206422E+03     0.206422E+03     0.119048E+03     0.116659E+03     0.116323E+03     0.177709E+03     0.163399E+03     0.162716E+03     0.162179E+03     0.143715E+03     0.140889E+03     0.139882E+03     0.136280E+03     0.142536E+03     0.143873E+03     0.139204E+03     0.137743E+03     0.137257E+03     0.132979E+03     0.145462E+03     0.147259E+03     0.203941E+03     0.205285E+03     0.197645E+03     0.196544E+03     0.127200E+03     0.126769E+03     0.126355E+03     0.125770E+03     0.125510E+03     0.125906E+03     0.127204E+03     0.121528E+03     0.121224E+03     0.122489E+03     0.126129E+03     0.125826E+03     0.120311E+03     0.119971E+03     0.112054E+03     0.936780E+02     0.932147E+02     0.940212E+02     0.983590E+02     0.966854E+02     0.922290E+02     0.906160E+02     0.890716E+02     0.881060E+02     0.942855E+02     0.940250E+02     0.890955E+02     0.897340E+02     0.954710E+02     0.952114E+02     0.916500E+02     0.914858E+02     0.868850E+02     0.851940E+02     0.892332E+02     0.869420E+02     0.849542E+02     0.886112E+02     0.907210E+02     0.905310E+02     0.900819E+02     0.898500E+02     0.820173E+02     0.818070E+02     0.815150E+02     0.811400E+02     0.809300E+02     0.866632E+02     0.864180E+02     0.861270E+02     0.859475E+02     0.855440E+02     0.829764E+02     0.826260E+02     0.803549E+02     0.801690E+02     0.798760E+02     0.796380E+02     0.858360E+02     0.856233E+02     0.852520E+02     0.802860E+02     0.800827E+02     0.797000E+02     0.852631E+02     0.860326E+02     0.858360E+02     0.828785E+02     0.802567E+02     0.793330E+02     0.775190E+02     0.775190E+02     0.775190E+02     0.775190E+02     0.775190E+02     0.775190E+02     0.775190E+02     0.775190E+02     0.775190E+02     0.775190E+02     0.775190E+02     0.775190E+02     0.775190E+02     0.775190E+02     0.775190E+02     0.775190E+02     0.775190E+02     0.775190E+02     0.775190E+02     0.100000E+21
 0.180000E+03     0.206422E+03     0.206422E+03     0.206422E+03     0.206422E+03     0.206422E+03     0.206422E+03     0.206422E+03     0.206422E+03     0.206422E+03     0.206422E+03     0.206422E+03     0.206422E+03     0.206422E+03     0.119048E+03     0.117111E+03     0.116323E+03     0.176608E+03     0.163399E+03     0.162716E+03     0.162257E+03     0.143715E+03     0.141277E+03     0.139707E+03     0.136280E+03     0.141999E+03     0.142784E+03     0.139204E+03     0.137696E+03     0.137257E+03     0.132979E+03     0.137032E+03     0.136582E+03     0.202846E+03     0.200479E+03     0.197645E+03     0.196618E+03     0.127200E+03     0.126658E+03     0.126355E+03     0.125755E+03     0.125510E+03     0.125087E+03     0.126663E+03     0.121528E+03     0.121257E+03     0.122489E+03     0.126129E+03     0.125858E+03     0.120311E+03     0.120040E+03     0.110655E+03     0.936780E+02     0.932414E+02     0.946964E+02     0.983590E+02     0.961010E+02     0.922290E+02     0.919400E+02     0.897482E+02     0.881060E+02     0.942287E+02     0.940250E+02     0.891212E+02     0.897340E+02     0.954710E+02     0.952680E+02     0.916500E+02     0.910873E+02     0.868850E+02     0.860802E+02     0.889607E+02     0.869420E+02     0.852636E+02     0.887330E+02     0.907210E+02     0.905455E+02     0.900348E+02     0.898500E+02     0.835224E+02     0.818070E+02     0.815150E+02     0.811174E+02     0.809300E+02     0.866196E+02     0.864180E+02     0.861270E+02     0.859580E+02     0.840706E+02     0.833102E+02     0.826260E+02     0.803424E+02     0.801690E+02     0.798760E+02     0.826116E+02     0.858360E+02     0.856491E+02     0.852520E+02     0.802860E+02     0.801022E+02     0.797000E+02     0.839657E+02     0.860157E+02     0.858360E+02     0.830225E+02     0.801300E+02     0.793330E+02     0.775190E+02     0.775190E+02     0.775190E+02     0.775190E+02     0.775190E+02     0.775190E+02     0.775190E+02     0.775190E+02     0.775190E+02     0.775190E+02     0.775190E+02     0.775190E+02     0.775190E+02     0.775190E+02     0.775190E+02     0.775190E+02     0.775190E+02     0.775190E+02     0.775190E+02     0.100000E+21
 0.200000E+03     0.206422E+03     0.206422E+03     0.206422E+03     0.206422E+03     0.206422E+03     0.206422E+03     0.206422E+03     0.206422E+03     0.206422E+03     0.206422E+03     0.206422E+03     0.206422E+03     0.206422E+03     0.119048E+03     0.116802E+03     0.125831E+03     0.177389E+03     0.163399E+03     0.162716E+03     0.162204E+03     0.143715E+03     0.141010E+03     0.139830E+03     0.136280E+03     0.142379E+03     0.143405E+03     0.139204E+03     0.137729E+03     0.137257E+03     0.132979E+03     0.137075E+03     0.136582E+03     0.202247E+03     0.197677E+03     0.197645E+03     0.196566E+03     0.194184E+03     0.126707E+03     0.126355E+03     0.125766E+03     0.125510E+03     0.125087E+03     0.126877E+03     0.121528E+03     0.121234E+03     0.122489E+03     0.126129E+03     0.125836E+03     0.120311E+03     0.119998E+03     0.121085E+03     0.119942E+03     0.103601E+03     0.942435E+02     0.983590E+02     0.965038E+02     0.922290E+02     0.919400E+02     0.896009E+02     0.881060E+02     0.942602E+02     0.940250E+02     0.891031E+02     0.897340E+02     0.954710E+02     0.952367E+02     0.916500E+02     0.913697E+02     0.868850E+02     0.865930E+02     0.894438E+02     0.869420E+02     0.850561E+02     0.871766E+02     0.870000E+02     0.891980E+02     0.900637E+02     0.898500E+02     0.846076E+02     0.818070E+02     0.815150E+02     0.811333E+02     0.809300E+02     0.866471E+02     0.864180E+02     0.861270E+02     0.859506E+02     0.832100E+02     0.829672E+02     0.826260E+02     0.803513E+02     0.801690E+02     0.798760E+02     0.846741E+02     0.858360E+02     0.856311E+02     0.852520E+02     0.802860E+02     0.800884E+02     0.797000E+02     0.847057E+02     0.860277E+02     0.858360E+02     0.829210E+02     0.802171E+02     0.793330E+02     0.775190E+02     0.775190E+02     0.775190E+02     0.775190E+02     0.775190E+02     0.775190E+02     0.775190E+02     0.775190E+02     0.775190E+02     0.775190E+02     0.775190E+02     0.775190E+02     0.775190E+02     0.775190E+02     0.775190E+02     0.775190E+02     0.775190E+02     0.775190E+02     0.775190E+02     0.100000E+21
 0.220000E+03     0.206422E+03     0.206422E+03     0.206422E+03     0.206422E+03     0.206422E+03     0.206422E+03     0.206422E+03     0.206422E+03     0.206422E+03     0.206422E+03     0.206422E+03     0.206422E+03     0.206422E+03     0.119048E+03     0.116501E+03     0.125831E+03     0.177698E+03     0.163399E+03     0.162716E+03     0.162179E+03     0.143715E+03     0.140891E+03     0.139880E+03     0.136280E+03     0.142531E+03     0.143867E+03     0.139204E+03     0.137743E+03     0.137257E+03     0.132979E+03     0.137094E+03     0.136582E+03     0.202510E+03     0.197677E+03     0.201173E+03     0.197755E+03     0.194184E+03     0.126765E+03     0.126355E+03     0.125770E+03     0.125510E+03     0.125087E+03     0.127002E+03     0.121528E+03     0.121224E+03     0.122489E+03     0.126129E+03     0.125826E+03     0.120311E+03     0.119971E+03     0.121110E+03     0.119942E+03     0.103330E+03     0.940242E+02     0.983590E+02     0.966820E+02     0.922290E+02     0.919400E+02     0.895423E+02     0.881060E+02     0.942851E+02     0.940250E+02     0.890958E+02     0.897340E+02     0.954710E+02     0.952118E+02     0.916500E+02     0.914821E+02     0.868850E+02     0.865930E+02     0.895627E+02     0.869420E+02     0.849556E+02     0.871795E+02     0.870000E+02     0.892460E+02     0.900817E+02     0.898500E+02     0.846965E+02     0.818070E+02     0.815150E+02     0.811399E+02     0.809300E+02     0.866630E+02     0.864180E+02     0.861270E+02     0.859476E+02     0.832100E+02     0.829268E+02     0.826260E+02     0.803548E+02     0.801690E+02     0.798760E+02     0.849504E+02     0.858360E+02     0.856235E+02     0.852520E+02     0.802860E+02     0.800828E+02     0.797000E+02     0.852564E+02     0.860324E+02     0.858360E+02     0.828803E+02     0.802561E+02     0.793330E+02     0.775190E+02     0.775190E+02     0.775190E+02     0.775190E+02     0.775190E+02     0.775190E+02     0.775190E+02     0.775190E+02     0.775190E+02     0.775190E+02     0.775190E+02     0.775190E+02     0.775190E+02     0.775190E+02     0.775190E+02     0.775190E+02     0.775190E+02     0.775190E+02     0.775190E+02     0.100000E+21
 0.240000E+03     0.206422E+03     0.206422E+03     0.206422E+03     0.206422E+03     0.206422E+03     0.206422E+03     0.206422E+03     0.206422E+03     0.206422E+03     0.206422E+03     0.206422E+03     0.206422E+03     0.206422E+03     0.119048E+03     0.116959E+03     0.125831E+03     0.177041E+03     0.163399E+03     0.162716E+03     0.162228E+03     0.143715E+03     0.141131E+03     0.139775E+03     0.136280E+03     0.142210E+03     0.143098E+03     0.139204E+03     0.137715E+03     0.137257E+03     0.132979E+03     0.137056E+03     0.136582E+03     0.202006E+03     0.197677E+03     0.203568E+03     0.198896E+03     0.194184E+03     0.126682E+03     0.126355E+03     0.125761E+03     0.125510E+03     0.125087E+03     0.126774E+03     0.121528E+03     0.121244E+03     0.122489E+03     0.126129E+03     0.125846E+03     0.120311E+03     0.120018E+03     0.121057E+03     0.119942E+03     0.103904E+03     0.944519E+02     0.983590E+02     0.963194E+02     0.922290E+02     0.919400E+02     0.896666E+02     0.881060E+02     0.942444E+02     0.940250E+02     0.891113E+02     0.897340E+02     0.954710E+02     0.952524E+02     0.925446E+02     0.912439E+02     0.868850E+02     0.865930E+02     0.893208E+02     0.869420E+02     0.851516E+02     0.871733E+02     0.870000E+02     0.891439E+02     0.900498E+02     0.898500E+02     0.845100E+02     0.818070E+02     0.815150E+02     0.811262E+02     0.809300E+02     0.866338E+02     0.864180E+02     0.861270E+02     0.859539E+02     0.832100E+02     0.829846E+02     0.826260E+02     0.803473E+02     0.801690E+02     0.798760E+02     0.844209E+02     0.858360E+02     0.856392E+02     0.852520E+02     0.802860E+02     0.800945E+02     0.797000E+02     0.843398E+02     0.860223E+02     0.858360E+02     0.829666E+02     0.801777E+02     0.793330E+02     0.775190E+02     0.775190E+02     0.775190E+02     0.775190E+02     0.775190E+02     0.775190E+02     0.775190E+02     0.775190E+02     0.775190E+02     0.775190E+02     0.775190E+02     0.775190E+02     0.775190E+02     0.775190E+02     0.775190E+02     0.775190E+02     0.775190E+02     0.775190E+02     0.775190E+02     0.100000E+21
 0.260000E+03     0.206422E+03     0.206422E+03     0.206422E+03     0.206422E+03     0.206422E+03     0.206422E+03     0.206422E+03     0.206422E+03     0.206422E+03     0.206422E+03     0.206422E+03     0.206422E+03     0.206422E+03     0.119048E+03     0.116759E+03     0.125831E+03     0.177664E+03     0.163399E+03     0.162716E+03     0.162194E+03     0.143715E+03     0.140959E+03     0.139883E+03     0.136280E+03     0.142504E+03     0.143473E+03     0.139204E+03     0.137739E+03     0.137257E+03     0.141744E+03     0.137085E+03     0.136582E+03     0.202337E+03     0.197677E+03     0.203568E+03     0.198703E+03     0.194184E+03     0.126713E+03     0.126355E+03     0.125770E+03     0.125510E+03     0.125087E+03     0.126912E+03     0.121528E+03     0.121228E+03     0.122489E+03     0.126129E+03     0.125829E+03     0.120311E+03     0.119993E+03     0.121107E+03     0.119942E+03     0.103327E+03     0.941694E+02     0.983590E+02     0.965918E+02     0.922290E+02     0.919400E+02     0.895530E+02     0.881060E+02     0.942646E+02     0.940250E+02     0.890951E+02     0.897340E+02     0.954710E+02     0.952322E+02     0.948930E+02     0.914615E+02     0.868850E+02     0.865930E+02     0.895026E+02     0.869420E+02     0.850221E+02     0.871796E+02     0.870000E+02     0.892410E+02     0.895642E+02     0.871869E+02     0.846666E+02     0.818070E+02     0.815150E+02     0.811376E+02     0.809300E+02     0.866515E+02     0.864180E+02     0.861270E+02     0.859476E+02     0.832100E+02     0.829626E+02     0.826260E+02     0.803546E+02     0.801690E+02     0.798760E+02     0.847684E+02     0.858360E+02     0.856270E+02     0.852520E+02     0.802860E+02     0.800842E+02     0.797000E+02     0.847867E+02     0.860316E+02     0.858360E+02     0.828778E+02     0.802339E+02     0.793330E+02     0.775190E+02     0.775190E+02     0.775190E+02     0.775190E+02     0.775190E+02     0.775190E+02     0.775190E+02     0.775190E+02     0.775190E+02     0.775190E+02     0.775190E+02     0.775190E+02     0.775190E+02     0.775190E+02     0.775190E+02     0.775190E+02     0.775190E+02     0.775190E+02     0.775190E+02     0.100000E+21
 0.280000E+03     0.206422E+03     0.206422E+03     0.206422E+03     0.206422E+03     0.206422E+03     0.206422E+03     0.206422E+03     0.206422E+03     0.206422E+03     0.206422E+03     0.206422E+03     0.206422E+03     0.206422E+03     0.119048E+03     0.117178E+03     0.125831E+03     0.176375E+03     0.163399E+03     0.162716E+03     0.162270E+03     0.143715E+03     0.141347E+03     0.139668E+03     0.136280E+03     0.141887E+03     0.142650E+03     0.139204E+03     0.137687E+03     0.137257E+03     0.148564E+03     0.137020E+03     0.136582E+03     0.201612E+03     0.197677E+03     0.203568E+03     0.199096E+03     0.194184E+03     0.126647E+03     0.126355E+03     0.125752E+03     0.125510E+03     0.125087E+03     0.126612E+03     0.121528E+03     0.121263E+03     0.122489E+03     0.126129E+03     0.125865E+03     0.120311E+03     0.120050E+03     0.121003E+03     0.119942E+03     0.104486E+03     0.948107E+02     0.983590E+02     0.959939E+02     0.922290E+02     0.919400E+02     0.897916E+02     0.881060E+02     0.942218E+02     0.940250E+02     0.891269E+02     0.897340E+02     0.954710E+02     0.952749E+02     0.948930E+02     0.910041E+02     0.868850E+02     0.865930E+02     0.891038E+02     0.869420E+02     0.853160E+02     0.871670E+02     0.870000E+02     0.890403E+02     0.885937E+02     0.861270E+02     0.843287E+02     0.818070E+02     0.815150E+02     0.811129E+02     0.809300E+02     0.866131E+02     0.864180E+02     0.861270E+02     0.859602E+02     0.832100E+02     0.830082E+02     0.826260E+02     0.803397E+02     0.801690E+02     0.798760E+02     0.840070E+02     0.858360E+02     0.856541E+02     0.852520E+02     0.802860E+02     0.801062E+02     0.797000E+02     0.838063E+02     0.860122E+02     0.858360E+02     0.830538E+02     0.801071E+02     0.793330E+02     0.775190E+02     0.775190E+02     0.775190E+02     0.775190E+02     0.775190E+02     0.775190E+02     0.775190E+02     0.775190E+02     0.775190E+02     0.775190E+02     0.775190E+02     0.775190E+02     0.775190E+02     0.775190E+02     0.775190E+02     0.775190E+02     0.775190E+02     0.775190E+02     0.775190E+02     0.100000E+21
 0.300000E+03     0.206422E+03     0.206422E+03     0.206422E+03     0.206422E+03     0.206422E+03     0.206422E+03     0.206422E+03     0.206422E+03     0.206422E+03     0.206422E+03     0.206422E+03     0.206422E+03     0.206422E+03     0.119048E+03     0.117023E+03     0.125831E+03     0.176876E+03     0.163399E+03     0.162716E+03     0.162240E+03     0.143715E+03     0.141189E+03     0.139749E+03     0.136280E+03     0.142129E+03     0.142965E+03     0.139204E+03     0.137708E+03     0.137257E+03     0.148564E+03     0.137046E+03     0.136582E+03     0.201897E+03     0.197677E+03     0.203568E+03     0.198945E+03     0.194184E+03     0.126671E+03     0.126355E+03     0.125759E+03     0.125510E+03     0.125087E+03     0.126728E+03     0.121528E+03     0.121249E+03     0.122489E+03     0.126129E+03     0.125851E+03     0.120311E+03     0.120027E+03     0.121043E+03     0.119942E+03     0.103150E+03     0.945512E+02     0.983590E+02     0.962325E+02     0.922290E+02     0.919400E+02     0.896979E+02     0.881060E+02     0.924600E+02     0.940250E+02     0.891150E+02     0.897340E+02     0.954710E+02     0.952589E+02     0.948930E+02     0.911838E+02     0.868850E+02     0.865930E+02     0.865348E+02     0.869420E+02     0.851971E+02     0.871718E+02     0.870000E+02     0.891183E+02     0.888054E+02     0.861270E+02     0.844633E+02     0.818070E+02     0.815150E+02     0.811227E+02     0.809300E+02     0.866280E+02     0.864180E+02     0.861270E+02     0.859554E+02     0.832100E+02     0.829915E+02     0.826260E+02     0.803454E+02     0.801690E+02     0.798760E+02     0.843062E+02     0.858360E+02     0.856431E+02     0.852520E+02     0.802860E+02     0.800975E+02     0.797000E+02     0.841814E+02     0.860198E+02     0.858360E+02     0.829875E+02     0.801586E+02     0.793330E+02     0.775190E+02     0.775190E+02     0.775190E+02     0.775190E+02     0.775190E+02     0.775190E+02     0.775190E+02     0.775190E+02     0.775190E+02     0.775190E+02     0.775190E+02     0.775190E+02     0.775190E+02     0.775190E+02     0.775190E+02     0.775190E+02     0.775190E+02     0.775190E+02     0.775190E+02     0.100000E+21
 0.320000E+03     0.206422E+03     0.206422E+03     0.206422E+03     0.206422E+03     0.206422E+03     0.206422E+03     0.206422E+03     0.206422E+03     0.206422E+03     0.206422E+03     0.206422E+03     0.206422E+03     0.206422E+03     0.119048E+03     0.116735E+03     0.125831E+03     0.177677E+03     0.163399E+03     0.162716E+03     0.162191E+03     0.143715E+03     0.140948E+03     0.139884E+03     0.136280E+03     0.142511E+03     0.143519E+03     0.139204E+03     0.137740E+03     0.137257E+03     0.148564E+03     0.137087E+03     0.136582E+03     0.202362E+03     0.197677E+03     0.203568E+03     0.198700E+03     0.194184E+03     0.126717E+03     0.126355E+03     0.125770E+03     0.125510E+03     0.125087E+03     0.126924E+03     0.121528E+03     0.121227E+03     0.122489E+03     0.126129E+03     0.125829E+03     0.120311E+03     0.119990E+03     0.121108E+03     0.119942E+03     0.101892E+03     0.941482E+02     0.983590E+02     0.966065E+02     0.922290E+02     0.919400E+02     0.895501E+02     0.881060E+02     0.915515E+02     0.940250E+02     0.890950E+02     0.897340E+02     0.954710E+02     0.952300E+02     0.948930E+02     0.914671E+02     0.868850E+02     0.865930E+02     0.853259E+02     0.869420E+02     0.850124E+02     0.871797E+02     0.870000E+02     0.892430E+02     0.891590E+02     0.861270E+02     0.852445E+02     0.844064E+02     0.815150E+02     0.811380E+02     0.809300E+02     0.866530E+02     0.864180E+02     0.861270E+02     0.859475E+02     0.832100E+02     0.829599E+02     0.826260E+02     0.803548E+02     0.801690E+02     0.798760E+02     0.847943E+02     0.858360E+02     0.856264E+02     0.852520E+02     0.802860E+02     0.800839E+02     0.797000E+02     0.848417E+02     0.860318E+02     0.858360E+02     0.828769E+02     0.802374E+02     0.793330E+02     0.775190E+02     0.775190E+02     0.775190E+02     0.775190E+02     0.775190E+02     0.775190E+02     0.775190E+02     0.775190E+02     0.775190E+02     0.775190E+02     0.775190E+02     0.775190E+02     0.775190E+02     0.775190E+02     0.775190E+02     0.775190E+02     0.775190E+02     0.775190E+02     0.775190E+02     0.100000E+21
 0.340000E+03     0.206422E+03     0.206422E+03     0.206422E+03     0.206422E+03     0.206422E+03     0.206422E+03     0.206422E+03     0.206422E+03     0.206422E+03     0.206422E+03     0.206422E+03     0.206422E+03     0.206422E+03     0.119048E+03     0.116692E+03     0.125831E+03     0.177487E+03     0.163399E+03     0.162716E+03     0.162192E+03     0.143715E+03     0.140948E+03     0.139841E+03     0.136280E+03     0.142432E+03     0.143630E+03     0.139204E+03     0.137735E+03     0.137257E+03     0.148564E+03     0.137084E+03     0.136582E+03     0.202374E+03     0.197677E+03     0.203568E+03     0.198766E+03     0.194184E+03     0.126725E+03     0.126355E+03     0.125767E+03     0.125510E+03     0.125087E+03     0.126936E+03     0.121528E+03     0.121230E+03     0.122489E+03     0.126129E+03     0.125832E+03     0.120311E+03     0.119984E+03     0.121093E+03     0.119942E+03     0.102124E+03     0.925595E+02     0.923450E+02     0.965870E+02     0.922290E+02     0.919400E+02     0.895803E+02     0.881060E+02     0.915139E+02     0.940250E+02     0.891016E+02     0.897340E+02     0.954710E+02     0.952263E+02     0.948930E+02     0.920373E+02     0.933880E+02     0.865930E+02     0.853315E+02     0.869420E+02     0.850015E+02     0.871773E+02     0.870000E+02     0.892131E+02     0.900732E+02     0.898500E+02     0.857497E+02     0.855440E+02     0.815150E+02     0.811361E+02     0.809300E+02     0.866546E+02     0.864180E+02     0.861270E+02     0.859498E+02     0.855440E+02     0.832495E+02     0.826260E+02     0.803523E+02     0.801690E+02     0.798760E+02     0.848078E+02     0.858360E+02     0.856274E+02     0.852520E+02     0.802860E+02     0.800862E+02     0.797000E+02     0.849743E+02     0.860293E+02     0.858360E+02     0.829119E+02     0.802375E+02     0.793330E+02     0.775190E+02     0.775190E+02     0.775190E+02     0.775190E+02     0.775190E+02     0.775190E+02     0.775190E+02     0.775190E+02     0.775190E+02     0.775190E+02     0.775190E+02     0.775190E+02     0.775190E+02     0.775190E+02     0.775190E+02     0.775190E+02     0.775190E+02     0.775190E+02     0.775190E+02     0.100000E+21
 0.360000E+03     0.206422E+03     0.206422E+03     0.206422E+03     0.206422E+03     0.206422E+03     0.206422E+03     0.206422E+03     0.206422E+03     0.206422E+03     0.206422E+03     0.206422E+03     0.206422E+03     0.206422E+03     0.119048E+03     0.116893E+03     0.125831E+03     0.177552E+03     0.163399E+03     0.162716E+03     0.162209E+03     0.143715E+03     0.141036E+03     0.139871E+03     0.136280E+03     0.142442E+03     0.143195E+03     0.139204E+03     0.137733E+03     0.137257E+03     0.148564E+03     0.135222E+03     0.136582E+03     0.202169E+03     0.197677E+03     0.203568E+03     0.198732E+03     0.194184E+03     0.126692E+03     0.126355E+03     0.125769E+03     0.125510E+03     0.125087E+03     0.126834E+03     0.121528E+03     0.121233E+03     0.122489E+03     0.126129E+03     0.125834E+03     0.120311E+03     0.120010E+03     0.121098E+03     0.119942E+03     0.101978E+03     0.925497E+02     0.923450E+02     0.972447E+02     0.951554E+02     0.919400E+02     0.895772E+02     0.881060E+02     0.917073E+02     0.940250E+02     0.890966E+02     0.897340E+02     0.954710E+02     0.952452E+02     0.948930E+02     0.920355E+02     0.933880E+02     0.865930E+02     0.853614E+02     0.886825E+02     0.864536E+02     0.871788E+02     0.870000E+02     0.892239E+02     0.900554E+02     0.898500E+02     0.857479E+02     0.855440E+02     0.815150E+02     0.811341E+02     0.809300E+02     0.866416E+02     0.864180E+02     0.861270E+02     0.859484E+02     0.855440E+02     0.834532E+02     0.826260E+02     0.803535E+02     0.801690E+02     0.798760E+02     0.845920E+02     0.858360E+02     0.856315E+02     0.852520E+02     0.802860E+02     0.800868E+02     0.797000E+02     0.844554E+02     0.860297E+02     0.858360E+02     0.828872E+02     0.802087E+02     0.793330E+02     0.775190E+02     0.775190E+02     0.775190E+02     0.775190E+02     0.775190E+02     0.775190E+02     0.775190E+02     0.775190E+02     0.775190E+02     0.775190E+02     0.775190E+02     0.775190E+02     0.775190E+02     0.775190E+02     0.775190E+02     0.775190E+02     0.775190E+02     0.775190E+02     0.775190E+02     0.100000E+21
 0.380000E+03     0.206422E+03     0.206422E+03     0.206422E+03     0.206422E+03     0.206422E+03     0.206422E+03     0.206422E+03     0.206422E+03     0.206422E+03     0.206422E+03     0.206422E+03     0.206422E+03     0.206422E+03     0.119048E+03     0.117172E+03     0.125831E+03     0.176394E+03     0.163399E+03     0.162716E+03     0.162269E+03     0.143715E+03     0.141341E+03     0.139672E+03     0.136280E+03     0.141896E+03     0.142824E+03     0.139602E+03     0.137688E+03     0.137257E+03     0.148564E+03     0.133895E+03     0.136582E+03     0.201622E+03     0.197677E+03     0.203568E+03     0.199090E+03     0.194184E+03     0.126648E+03     0.126355E+03     0.125752E+03     0.125510E+03     0.125087E+03     0.126616E+03     0.121528E+03     0.121263E+03     0.122489E+03     0.126129E+03     0.125864E+03     0.120311E+03     0.120049E+03     0.121004E+03     0.119942E+03     0.103140E+03     0.925252E+02     0.923450E+02     0.979687E+02     0.977820E+02     0.919400E+02     0.897880E+02     0.881060E+02     0.920064E+02     0.940250E+02     0.891264E+02     0.897340E+02     0.927816E+02     0.943476E+02     0.948930E+02     0.921562E+02     0.933880E+02     0.865930E+02     0.855007E+02     0.901990E+02     0.879938E+02     0.863181E+02     0.870000E+02     0.890434E+02     0.900288E+02     0.898500E+02     0.857271E+02     0.855440E+02     0.815150E+02     0.811132E+02     0.809300E+02     0.848471E+02     0.864180E+02     0.861270E+02     0.859601E+02     0.855440E+02     0.837238E+02     0.826260E+02     0.803399E+02     0.801690E+02     0.798760E+02     0.840178E+02     0.858360E+02     0.856536E+02     0.852520E+02     0.802860E+02     0.801058E+02     0.797000E+02     0.838190E+02     0.860125E+02     0.858360E+02     0.830511E+02     0.801089E+02     0.793330E+02     0.775190E+02     0.775190E+02     0.775190E+02     0.775190E+02     0.775190E+02     0.775190E+02     0.775190E+02     0.775190E+02     0.775190E+02     0.775190E+02     0.775190E+02     0.775190E+02     0.775190E+02     0.775190E+02     0.775190E+02     0.775190E+02     0.775190E+02     0.775190E+02     0.775190E+02     0.100000E+21
 0.400000E+03     0.206422E+03     0.206422E+03     0.206422E+03     0.206422E+03     0.206422E+03     0.206422E+03     0.206422E+03     0.206422E+03     0.206422E+03     0.206422E+03     0.206422E+03     0.206422E+03     0.206422E+03     0.119048E+03     0.117143E+03     0.125831E+03     0.176500E+03     0.163399E+03     0.162716E+03     0.162263E+03     0.143715E+03     0.141310E+03     0.139689E+03     0.136280E+03     0.141947E+03     0.143055E+03     0.140095E+03     0.137692E+03     0.137257E+03     0.148564E+03     0.133862E+03     0.136582E+03     0.201678E+03     0.197677E+03     0.203568E+03     0.199058E+03     0.194184E+03     0.126653E+03     0.126355E+03     0.125754E+03     0.125510E+03     0.125087E+03     0.126638E+03     0.121528E+03     0.121260E+03     0.122489E+03     0.126129E+03     0.125861E+03     0.120311E+03     0.120045E+03     0.121013E+03     0.119942E+03     0.103975E+03     0.925278E+02     0.923450E+02     0.979711E+02     0.977820E+02     0.919400E+02     0.897684E+02     0.881060E+02     0.919750E+02     0.940250E+02     0.907515E+02     0.897340E+02     0.894430E+02     0.934236E+02     0.948930E+02     0.921450E+02     0.933880E+02     0.865930E+02     0.854868E+02     0.901990E+02     0.879623E+02     0.852875E+02     0.870000E+02     0.890599E+02     0.900317E+02     0.898500E+02     0.871573E+02     0.855440E+02     0.815150E+02     0.811153E+02     0.809300E+02     0.824876E+02     0.864180E+02     0.861270E+02     0.859590E+02     0.855440E+02     0.836953E+02     0.826260E+02     0.803411E+02     0.801690E+02     0.798760E+02     0.840765E+02     0.858360E+02     0.856514E+02     0.852520E+02     0.802860E+02     0.801040E+02     0.797000E+02     0.838892E+02     0.860141E+02     0.858360E+02     0.830369E+02     0.801192E+02     0.793330E+02     0.775190E+02     0.775190E+02     0.775190E+02     0.775190E+02     0.775190E+02     0.775190E+02     0.775190E+02     0.775190E+02     0.775190E+02     0.775190E+02     0.775190E+02     0.775190E+02     0.775190E+02     0.775190E+02     0.775190E+02     0.775190E+02     0.775190E+02     0.775190E+02     0.775190E+02     0.100000E+21
 0.420000E+03     0.206422E+03     0.206422E+03     0.206422E+03     0.206422E+03     0.206422E+03     0.206422E+03     0.206422E+03     0.206422E+03     0.206422E+03     0.206422E+03     0.206422E+03     0.206422E+03     0.206422E+03     0.119048E+03     0.116888E+03     0.125831E+03     0.177557E+03     0.163399E+03     0.162716E+03     0.162209E+03     0.143715E+03     0.141033E+03     0.139872E+03     0.136280E+03     0.140816E+03     0.143463E+03     0.140095E+03     0.137733E+03     0.137257E+03     0.148564E+03     0.133566E+03     0.136582E+03     0.202175E+03     0.197677E+03     0.203568E+03     0.198731E+03     0.194184E+03     0.126693E+03     0.126355E+03     0.125769E+03     0.125510E+03     0.125087E+03     0.126837E+03     0.124486E+03     0.122065E+03     0.122489E+03     0.126129E+03     0.125834E+03     0.120311E+03     0.120009E+03     0.121099E+03     0.119942E+03     0.103679E+03     0.925500E+02     0.923450E+02     0.979927E+02     0.977820E+02     0.919400E+02     0.895761E+02     0.881060E+02     0.917028E+02     0.940250E+02     0.920427E+02     0.897340E+02     0.894430E+02     0.939523E+02     0.948930E+02     0.920349E+02     0.933880E+02     0.865930E+02     0.853601E+02     0.901990E+02     0.876908E+02     0.851798E+02     0.870000E+02     0.879488E+02     0.900559E+02     0.898500E+02     0.883498E+02     0.855440E+02     0.815150E+02     0.811343E+02     0.809300E+02     0.819842E+02     0.864180E+02     0.861270E+02     0.859483E+02     0.855440E+02     0.834488E+02     0.826260E+02     0.803536E+02     0.801690E+02     0.798760E+02     0.845987E+02     0.858360E+02     0.856313E+02     0.852520E+02     0.802860E+02     0.800867E+02     0.797000E+02     0.844669E+02     0.860297E+02     0.858360E+02     0.828868E+02     0.802097E+02     0.793330E+02     0.775190E+02     0.775190E+02     0.775190E+02     0.775190E+02     0.775190E+02     0.775190E+02     0.775190E+02     0.775190E+02     0.775190E+02     0.775190E+02     0.775190E+02     0.775190E+02     0.775190E+02     0.775190E+02     0.775190E+02     0.775190E+02     0.775190E+02     0.775190E+02     0.775190E+02     0.100000E+21
 0.440000E+03     0.206422E+03     0.206422E+03     0.206422E+03     0.206422E+03     0.206422E+03     0.206422E+03     0.206422E+03     0.206422E+03     0.206422E+03     0.206422E+03     0.206422E+03     0.206422E+03     0.206422E+03     0.119048E+03     0.116524E+03     0.125831E+03     0.177612E+03     0.163399E+03     0.162716E+03     0.162180E+03     0.143715E+03     0.140888E+03     0.139859E+03     0.136280E+03     0.139405E+03     0.144038E+03     0.140095E+03     0.137740E+03     0.137257E+03     0.148564E+03     0.133454E+03     0.136582E+03     0.202509E+03     0.197677E+03     0.203568E+03     0.198729E+03     0.194184E+03     0.126756E+03     0.126355E+03     0.125769E+03     0.125510E+03     0.125087E+03     0.127001E+03     0.126946E+03     0.122777E+03     0.122489E+03     0.126129E+03     0.125828E+03     0.120311E+03     0.119970E+03     0.121103E+03     0.119942E+03     0.103714E+03     0.925653E+02     0.923450E+02     0.980018E+02     0.977820E+02     0.919400E+02     0.895557E+02     0.881060E+02     0.911763E+02     0.914571E+02     0.920336E+02     0.897340E+02     0.894430E+02     0.945919E+02     0.948930E+02     0.920232E+02     0.933880E+02     0.865930E+02     0.853066E+02     0.901990E+02     0.875033E+02     0.851838E+02     0.870000E+02     0.868113E+02     0.900830E+02     0.898500E+02     0.884118E+02     0.855440E+02     0.815150E+02     0.811391E+02     0.809300E+02     0.815688E+02     0.864180E+02     0.861270E+02     0.859487E+02     0.855440E+02     0.830532E+02     0.826260E+02     0.803536E+02     0.801690E+02     0.798760E+02     0.849487E+02     0.858360E+02     0.856237E+02     0.852520E+02     0.802860E+02     0.800838E+02     0.797000E+02     0.852807E+02     0.860313E+02     0.858360E+02     0.828971E+02     0.802571E+02     0.793330E+02     0.775190E+02     0.775190E+02     0.775190E+02     0.775190E+02     0.775190E+02     0.775190E+02     0.775190E+02     0.775190E+02     0.775190E+02     0.775190E+02     0.775190E+02     0.775190E+02     0.775190E+02     0.775190E+02     0.775190E+02     0.775190E+02     0.775190E+02     0.775190E+02     0.775190E+02     0.100000E+21
 0.460000E+03     0.206422E+03     0.206422E+03     0.206422E+03     0.206422E+03     0.206422E+03     0.206422E+03     0.206422E+03     0.206422E+03     0.206422E+03     0.206422E+03     0.206422E+03     0.206422E+03     0.206422E+03     0.119048E+03     0.116837E+03     0.125831E+03     0.177607E+03     0.163399E+03     0.162716E+03     0.162202E+03     0.143715E+03     0.141000E+03     0.139877E+03     0.136280E+03     0.139394E+03     0.143556E+03     0.140095E+03     0.137736E+03     0.137257E+03     0.148564E+03     0.133537E+03     0.136582E+03     0.202245E+03     0.197677E+03     0.203568E+03     0.198718E+03     0.194184E+03     0.126701E+03     0.126355E+03     0.125770E+03     0.125510E+03     0.125087E+03     0.126869E+03     0.126946E+03     0.122843E+03     0.122489E+03     0.126129E+03     0.125832E+03     0.120311E+03     0.120002E+03     0.121103E+03     0.119942E+03     0.103646E+03     0.925532E+02     0.923450E+02     0.979950E+02     0.977820E+02     0.919400E+02     0.895653E+02     0.881060E+02     0.910119E+02     0.907790E+02     0.920453E+02     0.897340E+02     0.894430E+02     0.940531E+02     0.948930E+02     0.920288E+02     0.933880E+02     0.865930E+02     0.863778E+02     0.901990E+02     0.876521E+02     0.851761E+02     0.870000E+02     0.868113E+02     0.900606E+02     0.898500E+02     0.883699E+02     0.855440E+02     0.815150E+02     0.811358E+02     0.809300E+02     0.819046E+02     0.864180E+02     0.861270E+02     0.859480E+02     0.855440E+02     0.833979E+02     0.826260E+02     0.803541E+02     0.801690E+02     0.798760E+02     0.846718E+02     0.858360E+02     0.856294E+02     0.852520E+02     0.802860E+02     0.800855E+02     0.797000E+02     0.845975E+02     0.860306E+02     0.858360E+02     0.828824E+02     0.802205E+02     0.793330E+02     0.775190E+02     0.775190E+02     0.775190E+02     0.775190E+02     0.775190E+02     0.775190E+02     0.775190E+02     0.775190E+02     0.775190E+02     0.775190E+02     0.775190E+02     0.775190E+02     0.775190E+02     0.775190E+02     0.775190E+02     0.775190E+02     0.775190E+02     0.775190E+02     0.775190E+02     0.100000E+21
 0.480000E+03     0.206422E+03     0.206422E+03     0.206422E+03     0.206422E+03     0.206422E+03     0.206422E+03     0.206422E+03     0.206422E+03     0.206422E+03     0.206422E+03     0.206422E+03     0.206422E+03     0.206422E+03     0.119048E+03     0.117094E+03     0.125831E+03     0.176664E+03     0.163399E+03     0.162716E+03     0.160286E+03     0.143715E+03     0.141259E+03     0.139716E+03     0.136280E+03     0.139169E+03     0.143139E+03     0.140095E+03     0.137699E+03     0.137257E+03     0.148564E+03     0.133810E+03     0.136582E+03     0.201769E+03     0.197677E+03     0.203568E+03     0.199008E+03     0.194184E+03     0.126660E+03     0.126355E+03     0.125756E+03     0.125510E+03     0.125087E+03     0.126676E+03     0.126946E+03     0.123188E+03     0.122489E+03     0.126129E+03     0.125857E+03     0.120311E+03     0.120038E+03     0.121026E+03     0.119942E+03     0.104499E+03     0.925320E+02     0.923450E+02     0.979749E+02     0.977820E+02     0.919400E+02     0.897377E+02     0.881060E+02     0.909852E+02     0.907790E+02     0.919580E+02     0.897340E+02     0.894430E+02     0.935245E+02     0.948930E+02     0.921274E+02     0.933880E+02     0.865930E+02     0.863981E+02     0.901990E+02     0.879108E+02     0.852715E+02     0.870000E+02     0.868237E+02     0.900365E+02     0.898500E+02     0.887224E+02     0.868487E+02     0.830355E+02     0.811185E+02     0.809300E+02     0.823937E+02     0.864180E+02     0.861270E+02     0.859574E+02     0.855440E+02     0.836480E+02     0.826260E+02     0.803430E+02     0.801690E+02     0.798760E+02     0.841723E+02     0.858360E+02     0.856479E+02     0.852520E+02     0.802860E+02     0.801012E+02     0.797000E+02     0.840074E+02     0.860166E+02     0.858360E+02     0.830151E+02     0.801358E+02     0.793330E+02     0.775190E+02     0.775190E+02     0.775190E+02     0.775190E+02     0.775190E+02     0.775190E+02     0.775190E+02     0.775190E+02     0.775190E+02     0.775190E+02     0.775190E+02     0.775190E+02     0.775190E+02     0.775190E+02     0.775190E+02     0.775190E+02     0.775190E+02     0.775190E+02     0.775190E+02     0.100000E+21
 0.500000E+03     0.206422E+03     0.206422E+03     0.206422E+03     0.206422E+03     0.206422E+03     0.206422E+03     0.206422E+03     0.206422E+03     0.206422E+03     0.206422E+03     0.206422E+03     0.206422E+03     0.206422E+03     0.119048E+03     0.117184E+03     0.121008E+03     0.176352E+03     0.163399E+03     0.162716E+03     0.156556E+03     0.143715E+03     0.141353E+03     0.139665E+03     0.136280E+03     0.139094E+03     0.142986E+03     0.140095E+03     0.137686E+03     0.137257E+03     0.148564E+03     0.133908E+03     0.136582E+03     0.201600E+03     0.197677E+03     0.203568E+03     0.199103E+03     0.194184E+03     0.126646E+03     0.126355E+03     0.125752E+03     0.125510E+03     0.125087E+03     0.126607E+03     0.126946E+03     0.123309E+03     0.122489E+03     0.126129E+03     0.125865E+03     0.120311E+03     0.120051E+03     0.121001E+03     0.119942E+03     0.104771E+03     0.925242E+02     0.923450E+02     0.979678E+02     0.977820E+02     0.919400E+02     0.907939E+02     0.881060E+02     0.909758E+02     0.907790E+02     0.919309E+02     0.897340E+02     0.894430E+02     0.933392E+02     0.948930E+02     0.921607E+02     0.933880E+02     0.898932E+02     0.875733E+02     0.873646E+02     0.869322E+02     0.853020E+02     0.870000E+02     0.868278E+02     0.900277E+02     0.898500E+02     0.894501E+02     0.892690E+02     0.852520E+02     0.811124E+02     0.809300E+02     0.825671E+02     0.864180E+02     0.861270E+02     0.859605E+02     0.855440E+02     0.837348E+02     0.826260E+02     0.808926E+02     0.801690E+02     0.798760E+02     0.839948E+02     0.858360E+02     0.856545E+02     0.852520E+02     0.802860E+02     0.801065E+02     0.797000E+02     0.837920E+02     0.860119E+02     0.858360E+02     0.830569E+02     0.801049E+02     0.793330E+02     0.775190E+02     0.775190E+02     0.775190E+02     0.775190E+02     0.775190E+02     0.775190E+02     0.775190E+02     0.775190E+02     0.775190E+02     0.775190E+02     0.775190E+02     0.775190E+02     0.775190E+02     0.775190E+02     0.775190E+02     0.775190E+02     0.775190E+02     0.775190E+02     0.775190E+02     0.100000E+21
 0.520000E+03     0.206422E+03     0.206422E+03     0.206422E+03     0.206422E+03     0.206422E+03     0.206422E+03     0.206422E+03     0.206422E+03     0.206422E+03     0.206422E+03     0.206422E+03     0.206422E+03     0.206422E+03     0.119048E+03     0.116851E+03     0.116323E+03     0.177595E+03     0.163399E+03     0.162716E+03     0.155620E+03     0.143715E+03     0.141008E+03     0.139876E+03     0.136280E+03     0.139390E+03     0.143531E+03     0.140095E+03     0.137735E+03     0.137257E+03     0.148564E+03     0.133545E+03     0.136582E+03     0.202227E+03     0.197677E+03     0.203568E+03     0.198721E+03     0.194184E+03     0.126698E+03     0.126355E+03     0.125770E+03     0.125510E+03     0.125087E+03     0.126860E+03     0.126946E+03     0.122851E+03     0.122489E+03     0.126129E+03     0.125833E+03     0.120311E+03     0.120004E+03     0.121102E+03     0.119942E+03     0.103654E+03     0.925524E+02     0.923450E+02     0.979944E+02     0.977820E+02     0.919400E+02     0.917458E+02     0.881060E+02     0.910106E+02     0.907790E+02     0.914551E+02     0.883390E+02     0.894430E+02     0.940263E+02     0.948930E+02     0.920303E+02     0.933880E+02     0.930990E+02     0.881027E+02     0.846110E+02     0.860697E+02     0.851770E+02     0.870000E+02     0.868115E+02     0.900594E+02     0.898500E+02     0.894727E+02     0.892690E+02     0.889790E+02     0.811354E+02     0.809300E+02     0.819254E+02     0.864180E+02     0.861270E+02     0.859480E+02     0.855440E+02     0.834116E+02     0.826260E+02     0.815397E+02     0.801690E+02     0.798760E+02     0.846529E+02     0.858360E+02     0.856299E+02     0.829180E+02     0.802860E+02     0.800858E+02     0.797000E+02     0.845629E+02     0.860304E+02     0.858360E+02     0.828834E+02     0.802177E+02     0.793330E+02     0.775190E+02     0.775190E+02     0.775190E+02     0.775190E+02     0.775190E+02     0.775190E+02     0.775190E+02     0.775190E+02     0.775190E+02     0.775190E+02     0.775190E+02     0.775190E+02     0.775190E+02     0.775190E+02     0.775190E+02     0.775190E+02     0.775190E+02     0.775190E+02     0.775190E+02     0.100000E+21
 0.540000E+03     0.206422E+03     0.206422E+03     0.206422E+03     0.206422E+03     0.206422E+03     0.206422E+03     0.206422E+03     0.206422E+03     0.206422E+03     0.206422E+03     0.206422E+03     0.206422E+03     0.206422E+03     0.119048E+03     0.116842E+03     0.116323E+03     0.177281E+03     0.163399E+03     0.162716E+03     0.155707E+03     0.143715E+03     0.141038E+03     0.139811E+03     0.136280E+03     0.139321E+03     0.143577E+03     0.140095E+03     0.137725E+03     0.137257E+03     0.148564E+03     0.133592E+03     0.136582E+03     0.202187E+03     0.197677E+03     0.203568E+03     0.198825E+03     0.194184E+03     0.126700E+03     0.126355E+03     0.125764E+03     0.125510E+03     0.125087E+03     0.126852E+03     0.126946E+03     0.122930E+03     0.122489E+03     0.126129E+03     0.125838E+03     0.124251E+03     0.120843E+03     0.121377E+03     0.121023E+03     0.104315E+03     0.925512E+02     0.923450E+02     0.979911E+02     0.977820E+02     0.919400E+02     0.917501E+02     0.881060E+02     0.888234E+02     0.907790E+02     0.914062E+02     0.883390E+02     0.894430E+02     0.940341E+02     0.948930E+02     0.936289E+02     0.933880E+02     0.930990E+02     0.881796E+02     0.846110E+02     0.879133E+02     0.852136E+02     0.870000E+02     0.868156E+02     0.878347E+02     0.898500E+02     0.894687E+02     0.892690E+02     0.889790E+02     0.811314E+02     0.809300E+02     0.819477E+02     0.864180E+02     0.861270E+02     0.859517E+02     0.855440E+02     0.834016E+02     0.826260E+02     0.815103E+02     0.801690E+02     0.798760E+02     0.846114E+02     0.858360E+02     0.856331E+02     0.829180E+02     0.802860E+02     0.800901E+02     0.797000E+02     0.846278E+02     0.860261E+02     0.858360E+02     0.829368E+02     0.802082E+02     0.793330E+02     0.775190E+02     0.775190E+02     0.775190E+02     0.775190E+02     0.775190E+02     0.775190E+02     0.775190E+02     0.775190E+02     0.775190E+02     0.775190E+02     0.775190E+02     0.775190E+02     0.775190E+02     0.775190E+02     0.775190E+02     0.775190E+02     0.775190E+02     0.775190E+02     0.775190E+02     0.100000E+21
 0.560000E+03     0.206422E+03     0.206422E+03     0.206422E+03     0.206422E+03     0.206422E+03     0.206422E+03     0.206422E+03     0.206422E+03     0.206422E+03     0.206422E+03     0.206422E+03     0.206422E+03     0.206422E+03     0.119048E+03     0.116584E+03     0.125831E+03     0.177721E+03     0.163399E+03     0.162716E+03     0.155309E+03     0.143715E+03     0.140901E+03     0.139887E+03     0.136280E+03     0.139427E+03     0.143939E+03     0.140095E+03     0.137743E+03     0.137257E+03     0.148564E+03     0.133455E+03     0.136582E+03     0.202478E+03     0.197677E+03     0.203568E+03     0.198690E+03     0.194184E+03     0.126744E+03     0.126355E+03     0.125771E+03     0.125510E+03     0.125087E+03     0.126983E+03     0.126946E+03     0.122763E+03     0.122489E+03     0.126129E+03     0.125826E+03     0.125284E+03     0.121031E+03     0.121580E+03     0.121301E+03     0.104105E+03     0.908171E+02     0.923450E+02     0.980017E+02     0.977820E+02     0.919400E+02     0.917435E+02     0.881060E+02     0.881674E+02     0.907790E+02     0.914613E+02     0.883390E+02     0.894430E+02     0.945005E+02     0.948930E+02     0.934642E+02     0.910690E+02     0.930990E+02     0.879308E+02     0.846110E+02     0.885979E+02     0.851691E+02     0.870000E+02     0.868098E+02     0.871461E+02     0.898500E+02     0.894770E+02     0.892690E+02     0.889790E+02     0.811398E+02     0.809300E+02     0.816157E+02     0.864180E+02     0.861270E+02     0.859472E+02     0.855440E+02     0.831275E+02     0.826260E+02     0.815485E+02     0.801690E+02     0.798760E+02     0.849164E+02     0.858360E+02     0.856238E+02     0.829180E+02     0.802860E+02     0.800827E+02     0.797000E+02     0.851398E+02     0.860327E+02     0.858360E+02     0.828748E+02     0.802527E+02     0.793330E+02     0.775190E+02     0.775190E+02     0.775190E+02     0.775190E+02     0.775190E+02     0.775190E+02     0.775190E+02     0.775190E+02     0.775190E+02     0.775190E+02     0.775190E+02     0.775190E+02     0.775190E+02     0.775190E+02     0.775190E+02     0.775190E+02     0.775190E+02     0.775190E+02     0.775190E+02     0.100000E+21
 0.580000E+03     0.206422E+03     0.206422E+03     0.206422E+03     0.206422E+03     0.206422E+03     0.206422E+03     0.206422E+03     0.206422E+03     0.206422E+03     0.206422E+03     0.206422E+03     0.206422E+03     0.206422E+03     0.119048E+03     0.116925E+03     0.125831E+03     0.177138E+03     0.163399E+03     0.162716E+03     0.155877E+03     0.143715E+03     0.141101E+03     0.139791E+03     0.136280E+03     0.139285E+03     0.143427E+03     0.140095E+03     0.137719E+03     0.137257E+03     0.148564E+03     0.133651E+03     0.136582E+03     0.202064E+03     0.197677E+03     0.203568E+03     0.198866E+03     0.194184E+03     0.126687E+03     0.126355E+03     0.125762E+03     0.125510E+03     0.125087E+03     0.126798E+03     0.126946E+03     0.122997E+03     0.122489E+03     0.126129E+03     0.125843E+03     0.125284E+03     0.121509E+03     0.121568E+03     0.121301E+03     0.104641E+03     0.909421E+02     0.923450E+02     0.979867E+02     0.977820E+02     0.919400E+02     0.917524E+02     0.881060E+02     0.884932E+02     0.907790E+02     0.913922E+02     0.883390E+02     0.894430E+02     0.938696E+02     0.948930E+02     0.933554E+02     0.910690E+02     0.930990E+02     0.882849E+02     0.846110E+02     0.882717E+02     0.852261E+02     0.870000E+02     0.868175E+02     0.874498E+02     0.898500E+02     0.894654E+02     0.892690E+02     0.889790E+02     0.811281E+02     0.809300E+02     0.820840E+02     0.864180E+02     0.861270E+02     0.859529E+02     0.855440E+02     0.834831E+02     0.826260E+02     0.814987E+02     0.801690E+02     0.798760E+02     0.844817E+02     0.858360E+02     0.856371E+02     0.829180E+02     0.802860E+02     0.800929E+02     0.797000E+02     0.844155E+02     0.860238E+02     0.858360E+02     0.829533E+02     0.801873E+02     0.793330E+02     0.775190E+02     0.775190E+02     0.775190E+02     0.775190E+02     0.775190E+02     0.775190E+02     0.775190E+02     0.775190E+02     0.775190E+02     0.775190E+02     0.775190E+02     0.775190E+02     0.775190E+02     0.775190E+02     0.775190E+02     0.775190E+02     0.775190E+02     0.775190E+02     0.775190E+02     0.100000E+21
 0.600000E+03     0.206422E+03     0.206422E+03     0.206422E+03     0.206422E+03     0.206422E+03     0.206422E+03     0.206422E+03     0.206422E+03     0.206422E+03     0.206422E+03     0.206422E+03     0.206422E+03     0.206422E+03     0.119048E+03     0.117154E+03     0.125831E+03     0.176461E+03     0.163399E+03     0.162716E+03     0.156471E+03     0.143715E+03     0.141321E+03     0.139683E+03     0.136280E+03     0.139120E+03     0.143037E+03     0.140095E+03     0.137690E+03     0.137257E+03     0.148564E+03     0.133874E+03     0.136582E+03     0.201657E+03     0.197677E+03     0.203568E+03     0.199069E+03     0.194184E+03     0.126651E+03     0.126355E+03     0.125753E+03     0.125510E+03     0.125087E+03     0.126630E+03     0.126946E+03     0.123267E+03     0.122489E+03     0.124454E+03     0.125163E+03     0.125284E+03     0.121922E+03     0.121555E+03     0.121301E+03     0.105253E+03     0.917698E+02     0.923450E+02     0.979702E+02     0.977820E+02     0.974940E+02     0.939239E+02     0.881060E+02     0.887352E+02     0.907790E+02     0.913147E+02     0.883390E+02     0.894430E+02     0.934009E+02     0.948930E+02     0.932285E+02     0.910690E+02     0.930990E+02     0.886726E+02     0.846110E+02     0.879327E+02     0.844762E+02     0.837350E+02     0.855158E+02     0.877126E+02     0.898500E+02     0.894521E+02     0.892690E+02     0.856634E+02     0.811145E+02     0.809300E+02     0.805421E+02     0.803440E+02     0.861270E+02     0.859594E+02     0.855440E+02     0.837060E+02     0.826260E+02     0.814412E+02     0.801690E+02     0.798760E+02     0.840547E+02     0.858360E+02     0.856522E+02     0.829180E+02     0.802860E+02     0.801047E+02     0.797000E+02     0.838629E+02     0.860135E+02     0.858360E+02     0.830421E+02     0.801154E+02     0.793330E+02     0.775190E+02     0.775190E+02     0.775190E+02     0.775190E+02     0.775190E+02     0.775190E+02     0.775190E+02     0.775190E+02     0.775190E+02     0.775190E+02     0.775190E+02     0.775190E+02     0.775190E+02     0.775190E+02     0.775190E+02     0.775190E+02     0.775190E+02     0.775190E+02     0.775190E+02     0.100000E+21
 0.620000E+03     0.206422E+03     0.206422E+03     0.206422E+03     0.206422E+03     0.206422E+03     0.206422E+03     0.206422E+03     0.206422E+03     0.206422E+03     0.206422E+03     0.206422E+03     0.206422E+03     0.206422E+03     0.119048E+03     0.116616E+03     0.125831E+03     0.177717E+03     0.163399E+03     0.162716E+03     0.155331E+03     0.143715E+03     0.140908E+03     0.139887E+03     0.136280E+03     0.139425E+03     0.143901E+03     0.140095E+03     0.137743E+03     0.137257E+03     0.136560E+03     0.133461E+03     0.136582E+03     0.202459E+03     0.197677E+03     0.203568E+03     0.198691E+03     0.194184E+03     0.126738E+03     0.126355E+03     0.125771E+03     0.125510E+03     0.125087E+03     0.126973E+03     0.126946E+03     0.122768E+03     0.122489E+03     0.122065E+03     0.124674E+03     0.125284E+03     0.121061E+03     0.121580E+03     0.121301E+03     0.104106E+03     0.929105E+02     0.923450E+02     0.980012E+02     0.977820E+02     0.974940E+02     0.935364E+02     0.913600E+02     0.881926E+02     0.907790E+02     0.914615E+02     0.883390E+02     0.894430E+02     0.944517E+02     0.948930E+02     0.934629E+02     0.910690E+02     0.930990E+02     0.879420E+02     0.846110E+02     0.885836E+02     0.853521E+02     0.837350E+02     0.856852E+02     0.871651E+02     0.898500E+02     0.894767E+02     0.892690E+02     0.815150E+02     0.811396E+02     0.809300E+02     0.805861E+02     0.803440E+02     0.861270E+02     0.859473E+02     0.855440E+02     0.831655E+02     0.826260E+02     0.815483E+02     0.801690E+02     0.798760E+02     0.848967E+02     0.858360E+02     0.856242E+02     0.829180E+02     0.802860E+02     0.800828E+02     0.797000E+02     0.850857E+02     0.860326E+02     0.858360E+02     0.828747E+02     0.802503E+02     0.793330E+02     0.775190E+02     0.775190E+02     0.775190E+02     0.775190E+02     0.775190E+02     0.775190E+02     0.775190E+02     0.775190E+02     0.775190E+02     0.775190E+02     0.775190E+02     0.775190E+02     0.775190E+02     0.775190E+02     0.775190E+02     0.775190E+02     0.775190E+02     0.775190E+02     0.775190E+02     0.100000E+21
 0.640000E+03     0.206422E+03     0.206422E+03     0.206422E+03     0.206422E+03     0.206422E+03     0.206422E+03     0.206422E+03     0.206422E+03     0.206422E+03     0.206422E+03     0.206422E+03     0.206422E+03     0.206422E+03     0.119048E+03     0.117047E+03     0.125831E+03     0.176807E+03     0.163399E+03     0.162716E+03     0.156180E+03     0.143715E+03     0.141212E+03     0.139738E+03     0.136280E+03     0.139204E+03     0.143219E+03     0.140095E+03     0.137705E+03     0.137257E+03     0.136560E+03     0.133763E+03     0.136582E+03     0.201854E+03     0.197677E+03     0.203568E+03     0.198965E+03     0.194184E+03     0.126668E+03     0.126355E+03     0.125758E+03     0.125510E+03     0.125087E+03     0.126710E+03     0.126946E+03     0.123131E+03     0.122489E+03     0.122065E+03     0.124449E+03     0.121888E+03     0.120736E+03     0.121562E+03     0.121301E+03     0.104939E+03     0.928414E+02     0.923450E+02     0.979783E+02     0.977820E+02     0.974940E+02     0.938172E+02     0.913600E+02     0.886219E+02     0.907790E+02     0.913545E+02     0.883390E+02     0.894430E+02     0.936203E+02     0.948930E+02     0.932931E+02     0.910690E+02     0.930990E+02     0.884810E+02     0.846110E+02     0.863692E+02     0.852738E+02     0.837350E+02     0.855625E+02     0.875877E+02     0.898500E+02     0.894588E+02     0.892690E+02     0.815150E+02     0.811213E+02     0.809300E+02     0.805524E+02     0.803440E+02     0.861270E+02     0.859561E+02     0.855440E+02     0.836028E+02     0.826260E+02     0.814707E+02     0.801690E+02     0.798760E+02     0.842611E+02     0.858360E+02     0.845878E+02     0.829180E+02     0.802860E+02     0.800987E+02     0.797000E+02     0.841216E+02     0.860188E+02     0.858360E+02     0.829964E+02     0.801510E+02     0.793330E+02     0.775190E+02     0.775190E+02     0.775190E+02     0.775190E+02     0.775190E+02     0.775190E+02     0.775190E+02     0.775190E+02     0.775190E+02     0.775190E+02     0.775190E+02     0.775190E+02     0.775190E+02     0.775190E+02     0.775190E+02     0.775190E+02     0.775190E+02     0.775190E+02     0.775190E+02     0.100000E+21
 0.660000E+03     0.206422E+03     0.206422E+03     0.206422E+03     0.206422E+03     0.206422E+03     0.206422E+03     0.206422E+03     0.206422E+03     0.206422E+03     0.206422E+03     0.206422E+03     0.206422E+03     0.206422E+03     0.119048E+03     0.116649E+03     0.125831E+03     0.177584E+03     0.163399E+03     0.162716E+03     0.155398E+03     0.143715E+03     0.140932E+03     0.139861E+03     0.136280E+03     0.139395E+03     0.143863E+03     0.140095E+03     0.137738E+03     0.137257E+03     0.136560E+03     0.133489E+03     0.136582E+03     0.202416E+03     0.197677E+03     0.203568E+03     0.198734E+03     0.194184E+03     0.126732E+03     0.126355E+03     0.125769E+03     0.125510E+03     0.125087E+03     0.126955E+03     0.126946E+03     0.122807E+03     0.122489E+03     0.122065E+03     0.124649E+03     0.120311E+03     0.119981E+03     0.121577E+03     0.121301E+03     0.104244E+03     0.929059E+02     0.923450E+02     0.979992E+02     0.977820E+02     0.974940E+02     0.935741E+02     0.913600E+02     0.882225E+02     0.907790E+02     0.914423E+02     0.883390E+02     0.894430E+02     0.943938E+02     0.948930E+02     0.934402E+02     0.910690E+02     0.930990E+02     0.879894E+02     0.846110E+02     0.857820E+02     0.853391E+02     0.837350E+02     0.856672E+02     0.871878E+02     0.898500E+02     0.894747E+02     0.892690E+02     0.815150E+02     0.811376E+02     0.809300E+02     0.805839E+02     0.803440E+02     0.861270E+02     0.859487E+02     0.855440E+02     0.832021E+02     0.826260E+02     0.815362E+02     0.801690E+02     0.798760E+02     0.848515E+02     0.858360E+02     0.839483E+02     0.829180E+02     0.802860E+02     0.800848E+02     0.797000E+02     0.850323E+02     0.860307E+02     0.858360E+02     0.828958E+02     0.802426E+02     0.793330E+02     0.775190E+02     0.775190E+02     0.775190E+02     0.775190E+02     0.775190E+02     0.775190E+02     0.775190E+02     0.775190E+02     0.775190E+02     0.775190E+02     0.775190E+02     0.775190E+02     0.775190E+02     0.775190E+02     0.775190E+02     0.775190E+02     0.775190E+02     0.775190E+02     0.775190E+02     0.100000E+21
 0.680000E+03     0.206422E+03     0.206422E+03     0.206422E+03     0.206422E+03     0.206422E+03     0.206422E+03     0.206422E+03     0.206422E+03     0.206422E+03     0.206422E+03     0.206422E+03     0.206422E+03     0.206422E+03     0.119048E+03     0.116649E+03     0.120856E+03     0.177584E+03     0.163399E+03     0.162716E+03     0.155398E+03     0.143715E+03     0.140932E+03     0.139861E+03     0.136280E+03     0.139395E+03     0.143863E+03     0.140095E+03     0.137738E+03     0.137257E+03     0.136560E+03     0.133489E+03     0.136582E+03     0.202416E+03     0.197677E+03     0.203568E+03     0.198734E+03     0.194184E+03     0.126732E+03     0.126355E+03     0.125769E+03     0.125510E+03     0.125087E+03     0.126955E+03     0.126946E+03     0.122807E+03     0.122489E+03     0.122065E+03     0.124649E+03     0.120311E+03     0.119981E+03     0.121577E+03     0.121301E+03     0.104244E+03     0.929059E+02     0.923450E+02     0.979992E+02     0.977820E+02     0.974940E+02     0.935741E+02     0.913600E+02     0.882225E+02     0.907790E+02     0.914423E+02     0.883390E+02     0.894430E+02     0.943938E+02     0.948930E+02     0.934402E+02     0.910690E+02     0.930990E+02     0.879894E+02     0.846110E+02     0.857820E+02     0.853391E+02     0.837350E+02     0.856672E+02     0.867058E+02     0.867499E+02     0.894747E+02     0.892690E+02     0.815150E+02     0.811376E+02     0.809300E+02     0.811849E+02     0.846592E+02     0.861270E+02     0.859487E+02     0.855440E+02     0.832021E+02     0.826260E+02     0.815362E+02     0.801690E+02     0.798760E+02     0.848515E+02     0.858360E+02     0.839483E+02     0.829180E+02     0.802860E+02     0.800848E+02     0.797000E+02     0.850323E+02     0.860307E+02     0.858360E+02     0.828958E+02     0.802426E+02     0.793330E+02     0.775190E+02     0.775190E+02     0.775190E+02     0.775190E+02     0.775190E+02     0.775190E+02     0.775190E+02     0.775190E+02     0.775190E+02     0.775190E+02     0.775190E+02     0.775190E+02     0.775190E+02     0.775190E+02     0.775190E+02     0.775190E+02     0.775190E+02     0.775190E+02     0.775190E+02     0.100000E+21
 0.700000E+03     0.206422E+03     0.206422E+03     0.206422E+03     0.206422E+03     0.206422E+03     0.206422E+03     0.206422E+03     0.206422E+03     0.206422E+03     0.206422E+03     0.206422E+03     0.206422E+03     0.206422E+03     0.119048E+03     0.117047E+03     0.119048E+03     0.176807E+03     0.163399E+03     0.162716E+03     0.156180E+03     0.143715E+03     0.141212E+03     0.139738E+03     0.136280E+03     0.139204E+03     0.143219E+03     0.140095E+03     0.137705E+03     0.137257E+03     0.136560E+03     0.133763E+03     0.136582E+03     0.201854E+03     0.197677E+03     0.203568E+03     0.198965E+03     0.194184E+03     0.126668E+03     0.126355E+03     0.125758E+03     0.125510E+03     0.125087E+03     0.126710E+03     0.126946E+03     0.123131E+03     0.122489E+03     0.122065E+03     0.124449E+03     0.120311E+03     0.120031E+03     0.121562E+03     0.121301E+03     0.110364E+03     0.928414E+02     0.923450E+02     0.979783E+02     0.977820E+02     0.974940E+02     0.938172E+02     0.913600E+02     0.886219E+02     0.907790E+02     0.913545E+02     0.883390E+02     0.894430E+02     0.936203E+02     0.948930E+02     0.932931E+02     0.910690E+02     0.930990E+02     0.884810E+02     0.850508E+02     0.858498E+02     0.852738E+02     0.837350E+02     0.855625E+02     0.863188E+02     0.861270E+02     0.894588E+02     0.892690E+02     0.815150E+02     0.811213E+02     0.809300E+02     0.823058E+02     0.864180E+02     0.861270E+02     0.859561E+02     0.855440E+02     0.836028E+02     0.826260E+02     0.814707E+02     0.801690E+02     0.798760E+02     0.842611E+02     0.858360E+02     0.841156E+02     0.829180E+02     0.802860E+02     0.800987E+02     0.797000E+02     0.841216E+02     0.860188E+02     0.858360E+02     0.829964E+02     0.801510E+02     0.793330E+02     0.775190E+02     0.775190E+02     0.775190E+02     0.775190E+02     0.775190E+02     0.775190E+02     0.775190E+02     0.775190E+02     0.775190E+02     0.775190E+02     0.775190E+02     0.775190E+02     0.775190E+02     0.775190E+02     0.775190E+02     0.775190E+02     0.775190E+02     0.775190E+02     0.775190E+02     0.100000E+21
 0.720000E+03     0.206422E+03     0.206422E+03     0.206422E+03     0.206422E+03     0.206422E+03     0.206422E+03     0.206422E+03     0.206422E+03     0.206422E+03     0.206422E+03     0.206422E+03     0.206422E+03     0.206422E+03     0.119048E+03     0.116616E+03     0.119048E+03     0.177717E+03     0.163399E+03     0.162716E+03     0.155331E+03     0.143715E+03     0.140908E+03     0.139887E+03     0.136280E+03     0.139425E+03     0.143901E+03     0.140095E+03     0.137743E+03     0.137257E+03     0.136560E+03     0.133461E+03     0.136582E+03     0.202459E+03     0.197677E+03     0.203568E+03     0.198691E+03     0.194184E+03     0.126738E+03     0.126355E+03     0.125771E+03     0.125510E+03     0.125087E+03     0.126973E+03     0.126946E+03     0.122768E+03     0.122489E+03     0.122065E+03     0.124674E+03     0.120311E+03     0.119979E+03     0.121580E+03     0.121301E+03     0.120203E+03     0.929105E+02     0.923450E+02     0.980012E+02     0.977820E+02     0.974940E+02     0.935364E+02     0.913600E+02     0.881926E+02     0.907790E+02     0.914615E+02     0.883390E+02     0.894430E+02     0.944517E+02     0.948930E+02     0.940316E+02     0.929399E+02     0.930990E+02     0.879420E+02     0.860100E+02     0.850972E+02     0.865965E+02     0.837350E+02     0.856852E+02     0.863547E+02     0.861270E+02     0.894767E+02     0.892690E+02     0.815150E+02     0.811396E+02     0.809300E+02     0.816409E+02     0.864180E+02     0.861270E+02     0.859473E+02     0.855440E+02     0.831655E+02     0.826260E+02     0.815483E+02     0.801690E+02     0.798760E+02     0.848967E+02     0.858360E+02     0.839313E+02     0.829180E+02     0.802860E+02     0.800828E+02     0.797000E+02     0.850857E+02     0.860326E+02     0.858360E+02     0.828747E+02     0.802503E+02     0.793330E+02     0.775190E+02     0.775190E+02     0.775190E+02     0.775190E+02     0.775190E+02     0.775190E+02     0.775190E+02     0.775190E+02     0.775190E+02     0.775190E+02     0.775190E+02     0.775190E+02     0.775190E+02     0.775190E+02     0.775190E+02     0.775190E+02     0.775190E+02     0.775190E+02     0.775190E+02     0.100000E+21
 0.740000E+03     0.206422E+03     0.206422E+03     0.206422E+03     0.206422E+03     0.206422E+03     0.206422E+03     0.206422E+03     0.206422E+03     0.206422E+03     0.206422E+03     0.206422E+03     0.206422E+03     0.206422E+03     0.119048E+03     0.117154E+03     0.119048E+03     0.176461E+03     0.163399E+03     0.162716E+03     0.156471E+03     0.143715E+03     0.141321E+03     0.139683E+03     0.136280E+03     0.139120E+03     0.143037E+03     0.140095E+03     0.137690E+03     0.137257E+03     0.136560E+03     0.133874E+03     0.136582E+03     0.201657E+03     0.197677E+03     0.203568E+03     0.199069E+03     0.194184E+03     0.126651E+03     0.126355E+03     0.125753E+03     0.125510E+03     0.125087E+03     0.126630E+03     0.126946E+03     0.123267E+03     0.122489E+03     0.122065E+03     0.124365E+03     0.120311E+03     0.120046E+03     0.121555E+03     0.121301E+03     0.120276E+03     0.928178E+02     0.923450E+02     0.956320E+02     0.977820E+02     0.974940E+02     0.939239E+02     0.913600E+02     0.887352E+02     0.907790E+02     0.913147E+02     0.883390E+02     0.894430E+02     0.934009E+02     0.948930E+02     0.944912E+02     0.943140E+02     0.930990E+02     0.886726E+02     0.860100E+02     0.849496E+02     0.871174E+02     0.837350E+02     0.843824E+02     0.863082E+02     0.861270E+02     0.894521E+02     0.892690E+02     0.815150E+02     0.811145E+02     0.809300E+02     0.825089E+02     0.864180E+02     0.861270E+02     0.859594E+02     0.855440E+02     0.837060E+02     0.826260E+02     0.814412E+02     0.801690E+02     0.798760E+02     0.840547E+02     0.858360E+02     0.841835E+02     0.829180E+02     0.802860E+02     0.801047E+02     0.797000E+02     0.838629E+02     0.860135E+02     0.858360E+02     0.830421E+02     0.801154E+02     0.793330E+02     0.775190E+02     0.775190E+02     0.775190E+02     0.775190E+02     0.775190E+02     0.775190E+02     0.775190E+02     0.775190E+02     0.775190E+02     0.775190E+02     0.775190E+02     0.775190E+02     0.775190E+02     0.775190E+02     0.775190E+02     0.775190E+02     0.775190E+02     0.775190E+02     0.775190E+02     0.100000E+21
 0.760000E+03     0.206422E+03     0.206422E+03     0.206422E+03     0.206422E+03     0.206422E+03     0.206422E+03     0.206422E+03     0.206422E+03     0.206422E+03     0.206422E+03     0.206422E+03     0.206422E+03     0.206422E+03     0.119048E+03     0.116925E+03     0.119048E+03     0.177138E+03     0.163399E+03     0.162716E+03     0.155877E+03     0.143715E+03     0.141101E+03     0.139791E+03     0.136280E+03     0.139285E+03     0.143427E+03     0.140095E+03     0.137719E+03     0.137257E+03     0.136560E+03     0.133651E+03     0.136582E+03     0.202064E+03     0.197677E+03     0.203568E+03     0.198866E+03     0.194184E+03     0.126687E+03     0.126355E+03     0.125762E+03     0.125510E+03     0.125087E+03     0.126798E+03     0.126946E+03     0.122997E+03     0.120679E+03     0.122065E+03     0.124532E+03     0.120311E+03     0.120014E+03     0.121568E+03     0.121301E+03     0.120237E+03     0.928661E+02     0.923450E+02     0.937271E+02     0.977820E+02     0.974940E+02     0.937142E+02     0.913600E+02     0.884932E+02     0.907790E+02     0.913922E+02     0.883390E+02     0.894430E+02     0.892194E+02     0.948930E+02     0.945016E+02     0.943140E+02     0.930990E+02     0.882849E+02     0.860100E+02     0.848414E+02     0.872463E+02     0.837350E+02     0.835519E+02     0.863305E+02     0.861270E+02     0.894654E+02     0.892690E+02     0.815150E+02     0.811281E+02     0.809300E+02     0.820840E+02     0.864180E+02     0.861270E+02     0.859529E+02     0.855440E+02     0.853148E+02     0.826260E+02     0.814987E+02     0.801690E+02     0.798760E+02     0.844817E+02     0.835020E+02     0.833031E+02     0.829180E+02     0.802860E+02     0.800929E+02     0.797000E+02     0.844155E+02     0.860238E+02     0.858360E+02     0.829533E+02     0.801873E+02     0.793330E+02     0.775190E+02     0.775190E+02     0.775190E+02     0.775190E+02     0.775190E+02     0.775190E+02     0.775190E+02     0.775190E+02     0.775190E+02     0.775190E+02     0.775190E+02     0.775190E+02     0.775190E+02     0.775190E+02     0.775190E+02     0.775190E+02     0.775190E+02     0.775190E+02     0.775190E+02     0.100000E+21
 0.780000E+03     0.206422E+03     0.206422E+03     0.206422E+03     0.206422E+03     0.206422E+03     0.206422E+03     0.206422E+03     0.206422E+03     0.206422E+03     0.206422E+03     0.206422E+03     0.206422E+03     0.206422E+03     0.119048E+03     0.116584E+03     0.119048E+03     0.177721E+03     0.163399E+03     0.162716E+03     0.155309E+03     0.143715E+03     0.140901E+03     0.139887E+03     0.136280E+03     0.139427E+03     0.143939E+03     0.140095E+03     0.137743E+03     0.137257E+03     0.136560E+03     0.141518E+03     0.136582E+03     0.202478E+03     0.197677E+03     0.203568E+03     0.201097E+03     0.194184E+03     0.181486E+03     0.126355E+03     0.125771E+03     0.125510E+03     0.125087E+03     0.126983E+03     0.126946E+03     0.122763E+03     0.120679E+03     0.122065E+03     0.124677E+03     0.120311E+03     0.119976E+03     0.121580E+03     0.121301E+03     0.120203E+03     0.929125E+02     0.923450E+02     0.934288E+02     0.977820E+02     0.974940E+02     0.935344E+02     0.913600E+02     0.881674E+02     0.907790E+02     0.914613E+02     0.883390E+02     0.894430E+02     0.891875E+02     0.948930E+02     0.945105E+02     0.943140E+02     0.914415E+02     0.876324E+02     0.860100E+02     0.847372E+02     0.878556E+02     0.857260E+02     0.839845E+02     0.863563E+02     0.861270E+02     0.894770E+02     0.892690E+02     0.815150E+02     0.811398E+02     0.809300E+02     0.810693E+02     0.823069E+02     0.861270E+02     0.859472E+02     0.855440E+02     0.852753E+02     0.826260E+02     0.815485E+02     0.801690E+02     0.798760E+02     0.849164E+02     0.835020E+02     0.832898E+02     0.829180E+02     0.802860E+02     0.800827E+02     0.797000E+02     0.851398E+02     0.860327E+02     0.858360E+02     0.828748E+02     0.802527E+02     0.793330E+02     0.775190E+02     0.775190E+02     0.775190E+02     0.775190E+02     0.775190E+02     0.775190E+02     0.775190E+02     0.775190E+02     0.775190E+02     0.775190E+02     0.775190E+02     0.775190E+02     0.775190E+02     0.775190E+02     0.775190E+02     0.775190E+02     0.775190E+02     0.775190E+02     0.775190E+02     0.100000E+21
 0.800000E+03     0.206422E+03     0.206422E+03     0.206422E+03     0.206422E+03     0.206422E+03     0.206422E+03     0.206422E+03     0.206422E+03     0.206422E+03     0.206422E+03     0.206422E+03     0.206422E+03     0.206422E+03     0.119048E+03     0.116842E+03     0.119048E+03     0.177281E+03     0.163399E+03     0.162716E+03     0.155707E+03     0.143715E+03     0.141038E+03     0.139811E+03     0.136280E+03     0.139321E+03     0.143577E+03     0.140095E+03     0.137725E+03     0.137257E+03     0.136560E+03     0.144429E+03     0.136582E+03     0.202187E+03     0.197677E+03     0.203568E+03     0.202501E+03     0.194184E+03     0.180279E+03     0.126355E+03     0.125764E+03     0.125510E+03     0.125087E+03     0.126852E+03     0.126946E+03     0.122930E+03     0.120679E+03     0.122065E+03     0.124572E+03     0.120311E+03     0.120002E+03     0.121571E+03     0.121301E+03     0.120229E+03     0.928812E+02     0.923450E+02     0.936383E+02     0.977820E+02     0.974940E+02     0.936679E+02     0.913600E+02     0.884083E+02     0.907790E+02     0.914062E+02     0.883390E+02     0.894430E+02     0.892110E+02     0.948930E+02     0.945039E+02     0.943140E+02     0.907790E+02     0.875385E+02     0.860100E+02     0.848075E+02     0.882023E+02     0.860690E+02     0.844002E+02     0.863385E+02     0.861270E+02     0.894687E+02     0.892690E+02     0.889790E+02     0.811314E+02     0.809300E+02     0.805706E+02     0.803440E+02     0.861270E+02     0.859517E+02     0.855440E+02     0.853058E+02     0.826260E+02     0.815103E+02     0.801690E+02     0.798760E+02     0.846114E+02     0.835020E+02     0.832991E+02     0.829180E+02     0.802860E+02     0.800901E+02     0.797000E+02     0.846278E+02     0.860261E+02     0.858360E+02     0.829368E+02     0.802082E+02     0.793330E+02     0.775190E+02     0.775190E+02     0.775190E+02     0.775190E+02     0.775190E+02     0.775190E+02     0.775190E+02     0.775190E+02     0.775190E+02     0.775190E+02     0.775190E+02     0.775190E+02     0.775190E+02     0.775190E+02     0.775190E+02     0.775190E+02     0.775190E+02     0.775190E+02     0.775190E+02     0.100000E+21
 0.820000E+03     0.206422E+03     0.206422E+03     0.206422E+03     0.206422E+03     0.206422E+03     0.206422E+03     0.206422E+03     0.206422E+03     0.206422E+03     0.206422E+03     0.206422E+03     0.206422E+03     0.177705E+03     0.119048E+03     0.116851E+03     0.119048E+03     0.177595E+03     0.163399E+03     0.162716E+03     0.155620E+03     0.143715E+03     0.141008E+03     0.139876E+03     0.136280E+03     0.139390E+03     0.143531E+03     0.140095E+03     0.137735E+03     0.137257E+03     0.136560E+03     0.144552E+03     0.136582E+03     0.202227E+03     0.197677E+03     0.203568E+03     0.202478E+03     0.194184E+03     0.180026E+03     0.126355E+03     0.125770E+03     0.125510E+03     0.125087E+03     0.126860E+03     0.126946E+03     0.122851E+03     0.120679E+03     0.122065E+03     0.124624E+03     0.120311E+03     0.120004E+03     0.121577E+03     0.121301E+03     0.120207E+03     0.928841E+02     0.923450E+02     0.935735E+02     0.977820E+02     0.974940E+02     0.935815E+02     0.913600E+02     0.884123E+02     0.907790E+02     0.914551E+02     0.883390E+02     0.894430E+02     0.892114E+02     0.948930E+02     0.945082E+02     0.943140E+02     0.907790E+02     0.874878E+02     0.860100E+02     0.848009E+02     0.882459E+02     0.860690E+02     0.843625E+02     0.863371E+02     0.861270E+02     0.894727E+02     0.892690E+02     0.889790E+02     0.811354E+02     0.809300E+02     0.805717E+02     0.803440E+02     0.861270E+02     0.859480E+02     0.855440E+02     0.853069E+02     0.826260E+02     0.815397E+02     0.801690E+02     0.798760E+02     0.846529E+02     0.849363E+02     0.836515E+02     0.829180E+02     0.802860E+02     0.800858E+02     0.797000E+02     0.845629E+02     0.860304E+02     0.858360E+02     0.828834E+02     0.802177E+02     0.793330E+02     0.775190E+02     0.775190E+02     0.775190E+02     0.775190E+02     0.775190E+02     0.775190E+02     0.775190E+02     0.775190E+02     0.775190E+02     0.775190E+02     0.775190E+02     0.775190E+02     0.775190E+02     0.775190E+02     0.775190E+02     0.775190E+02     0.775190E+02     0.775190E+02     0.775190E+02     0.100000E+21
 0.840000E+03     0.206422E+03     0.206422E+03     0.206422E+03     0.206422E+03     0.206422E+03     0.206422E+03     0.206422E+03     0.206422E+03     0.206422E+03     0.206422E+03     0.206422E+03     0.206422E+03     0.157429E+03     0.119048E+03     0.117184E+03     0.119048E+03     0.176352E+03     0.163399E+03     0.162716E+03     0.156556E+03     0.143715E+03     0.141353E+03     0.139665E+03     0.136280E+03     0.139094E+03     0.142986E+03     0.140095E+03     0.137686E+03     0.137257E+03     0.136560E+03     0.143600E+03     0.136582E+03     0.201600E+03     0.197677E+03     0.203568E+03     0.202564E+03     0.194184E+03     0.171892E+03     0.126355E+03     0.125752E+03     0.125510E+03     0.125087E+03     0.126607E+03     0.126946E+03     0.123309E+03     0.120679E+03     0.122065E+03     0.124339E+03     0.120311E+03     0.120051E+03     0.121553E+03     0.121301E+03     0.120282E+03     0.928110E+02     0.923450E+02     0.941017E+02     0.977820E+02     0.974940E+02     0.939572E+02     0.913600E+02     0.887671E+02     0.907790E+02     0.913017E+02     0.883390E+02     0.894430E+02     0.892462E+02     0.948930E+02     0.944895E+02     0.943140E+02     0.907790E+02     0.879008E+02     0.860100E+02     0.849649E+02     0.880966E+02     0.860690E+02     0.845107E+02     0.863053E+02     0.861270E+02     0.894501E+02     0.892690E+02     0.889790E+02     0.811124E+02     0.809300E+02     0.805392E+02     0.803440E+02     0.861270E+02     0.859605E+02     0.855440E+02     0.853428E+02     0.826260E+02     0.814319E+02     0.801690E+02     0.798760E+02     0.839948E+02     0.858360E+02     0.842039E+02     0.829180E+02     0.802860E+02     0.801065E+02     0.797000E+02     0.837920E+02     0.860119E+02     0.858360E+02     0.830569E+02     0.801049E+02     0.793330E+02     0.775190E+02     0.775190E+02     0.775190E+02     0.775190E+02     0.775190E+02     0.775190E+02     0.775190E+02     0.775190E+02     0.775190E+02     0.775190E+02     0.775190E+02     0.775190E+02     0.775190E+02     0.775190E+02     0.775190E+02     0.775190E+02     0.775190E+02     0.775190E+02     0.775190E+02     0.100000E+21
 0.860000E+03     0.206422E+03     0.206422E+03     0.206422E+03     0.206422E+03     0.206422E+03     0.206422E+03     0.206422E+03     0.206422E+03     0.206422E+03     0.206422E+03     0.206422E+03     0.206422E+03     0.156680E+03     0.119048E+03     0.117094E+03     0.119048E+03     0.176664E+03     0.163399E+03     0.162716E+03     0.156304E+03     0.143715E+03     0.141259E+03     0.139716E+03     0.136280E+03     0.139169E+03     0.143139E+03     0.140095E+03     0.137699E+03     0.137257E+03     0.136560E+03     0.143856E+03     0.136582E+03     0.201769E+03     0.197677E+03     0.199062E+03     0.200802E+03     0.194184E+03     0.174076E+03     0.126355E+03     0.125756E+03     0.125510E+03     0.125087E+03     0.126676E+03     0.126946E+03     0.123188E+03     0.120679E+03     0.122065E+03     0.124414E+03     0.120311E+03     0.120038E+03     0.121559E+03     0.121301E+03     0.120264E+03     0.928313E+02     0.923450E+02     0.939608E+02     0.977820E+02     0.974940E+02     0.938615E+02     0.913600E+02     0.886714E+02     0.907790E+02     0.913383E+02     0.883390E+02     0.894430E+02     0.892368E+02     0.948930E+02     0.944943E+02     0.943140E+02     0.907790E+02     0.877906E+02     0.860100E+02     0.849194E+02     0.881330E+02     0.860690E+02     0.844735E+02     0.863142E+02     0.861270E+02     0.894560E+02     0.892690E+02     0.889790E+02     0.811185E+02     0.809300E+02     0.805480E+02     0.803440E+02     0.861270E+02     0.859574E+02     0.855440E+02     0.853332E+02     0.826260E+02     0.814586E+02     0.801690E+02     0.798760E+02     0.841723E+02     0.858360E+02     0.841443E+02     0.829180E+02     0.802860E+02     0.801012E+02     0.797000E+02     0.840074E+02     0.860166E+02     0.858360E+02     0.830151E+02     0.801358E+02     0.793330E+02     0.775190E+02     0.775190E+02     0.775190E+02     0.775190E+02     0.775190E+02     0.775190E+02     0.775190E+02     0.775190E+02     0.775190E+02     0.775190E+02     0.775190E+02     0.775190E+02     0.775190E+02     0.775190E+02     0.775190E+02     0.775190E+02     0.775190E+02     0.775190E+02     0.775190E+02     0.100000E+21
 0.880000E+03     0.206422E+03     0.206422E+03     0.206422E+03     0.206422E+03     0.206422E+03     0.206422E+03     0.206422E+03     0.206422E+03     0.206422E+03     0.206422E+03     0.206422E+03     0.206422E+03     0.154306E+03     0.119048E+03     0.116837E+03     0.119048E+03     0.177607E+03     0.163399E+03     0.162716E+03     0.155596E+03     0.143715E+03     0.141000E+03     0.139877E+03     0.136280E+03     0.139394E+03     0.143556E+03     0.140095E+03     0.137736E+03     0.137257E+03     0.135832E+03     0.144571E+03     0.136582E+03     0.202245E+03     0.197677E+03     0.195948E+03     0.199687E+03     0.194184E+03     0.180370E+03     0.126355E+03     0.125770E+03     0.125510E+03     0.125087E+03     0.126869E+03     0.126946E+03     0.122843E+03     0.120679E+03     0.122065E+03     0.124628E+03     0.120311E+03     0.120002E+03     0.121578E+03     0.121301E+03     0.120207E+03     0.928862E+02     0.923450E+02     0.935621E+02     0.977820E+02     0.974940E+02     0.935771E+02     0.913600E+02     0.883984E+02     0.907790E+02     0.914559E+02     0.883390E+02     0.886232E+02     0.890692E+02     0.948930E+02     0.945084E+02     0.943140E+02     0.907790E+02     0.904458E+02     0.860100E+02     0.847961E+02     0.869610E+02     0.860690E+02     0.843610E+02     0.863384E+02     0.861270E+02     0.894731E+02     0.892690E+02     0.889790E+02     0.811358E+02     0.809300E+02     0.805728E+02     0.803440E+02     0.828485E+02     0.847200E+02     0.855440E+02     0.853054E+02     0.826260E+02     0.818997E+02     0.811778E+02     0.798760E+02     0.846718E+02     0.858360E+02     0.839779E+02     0.829180E+02     0.802860E+02     0.800855E+02     0.797000E+02     0.845975E+02     0.860306E+02     0.858360E+02     0.828824E+02     0.802205E+02     0.793330E+02     0.775190E+02     0.775190E+02     0.775190E+02     0.775190E+02     0.775190E+02     0.775190E+02     0.775190E+02     0.775190E+02     0.775190E+02     0.775190E+02     0.775190E+02     0.775190E+02     0.775190E+02     0.775190E+02     0.775190E+02     0.775190E+02     0.775190E+02     0.775190E+02     0.775190E+02     0.100000E+21
 0.900000E+03     0.206422E+03     0.206422E+03     0.206422E+03     0.206422E+03     0.206422E+03     0.206422E+03     0.206422E+03     0.206422E+03     0.206422E+03     0.206422E+03     0.206422E+03     0.206422E+03     0.154563E+03     0.119048E+03     0.116524E+03     0.119048E+03     0.177612E+03     0.163399E+03     0.162716E+03     0.155284E+03     0.143715E+03     0.140888E+03     0.139859E+03     0.136280E+03     0.139405E+03     0.144038E+03     0.140095E+03     0.137740E+03     0.137257E+03     0.135218E+03     0.144791E+03     0.136582E+03     0.202509E+03     0.197677E+03     0.195948E+03     0.199678E+03     0.194184E+03     0.189047E+03     0.126355E+03     0.125769E+03     0.125510E+03     0.125087E+03     0.127001E+03     0.126946E+03     0.122777E+03     0.120679E+03     0.122065E+03     0.124666E+03     0.120311E+03     0.119970E+03     0.121578E+03     0.121301E+03     0.120211E+03     0.930293E+02     0.928090E+02     0.934262E+02     0.977820E+02     0.974940E+02     0.935612E+02     0.913600E+02     0.881202E+02     0.907790E+02     0.914402E+02     0.883390E+02     0.880480E+02     0.890392E+02     0.948930E+02     0.945092E+02     0.943140E+02     0.907790E+02     0.923232E+02     0.860100E+02     0.847252E+02     0.859621E+02     0.860690E+02     0.843610E+02     0.863608E+02     0.861270E+02     0.894761E+02     0.892690E+02     0.889790E+02     0.811391E+02     0.809300E+02     0.805898E+02     0.803440E+02     0.800520E+02     0.835961E+02     0.855440E+02     0.852670E+02     0.826260E+02     0.822256E+02     0.820410E+02     0.798760E+02     0.849487E+02     0.858360E+02     0.839269E+02     0.829180E+02     0.802860E+02     0.800838E+02     0.797000E+02     0.852807E+02     0.860313E+02     0.858360E+02     0.828971E+02     0.802571E+02     0.793330E+02     0.775190E+02     0.775190E+02     0.775190E+02     0.775190E+02     0.775190E+02     0.775190E+02     0.775190E+02     0.775190E+02     0.775190E+02     0.775190E+02     0.775190E+02     0.775190E+02     0.775190E+02     0.775190E+02     0.775190E+02     0.775190E+02     0.775190E+02     0.775190E+02     0.775190E+02     0.100000E+21
 0.920000E+03     0.206422E+03     0.206422E+03     0.206422E+03     0.206422E+03     0.206422E+03     0.206422E+03     0.206422E+03     0.206422E+03     0.206422E+03     0.206422E+03     0.206422E+03     0.206422E+03     0.154385E+03     0.119048E+03     0.116888E+03     0.119048E+03     0.177557E+03     0.163399E+03     0.162716E+03     0.155688E+03     0.143715E+03     0.141033E+03     0.139872E+03     0.136280E+03     0.139380E+03     0.143463E+03     0.140095E+03     0.137733E+03     0.137257E+03     0.135218E+03     0.144496E+03     0.136582E+03     0.202175E+03     0.197677E+03     0.195948E+03     0.199677E+03     0.194184E+03     0.179091E+03     0.126355E+03     0.125769E+03     0.125510E+03     0.125087E+03     0.126837E+03     0.126946E+03     0.122873E+03     0.120679E+03     0.122065E+03     0.124610E+03     0.120311E+03     0.120009E+03     0.120885E+03     0.121301E+03     0.120209E+03     0.930140E+02     0.928090E+02     0.936073E+02     0.977820E+02     0.974940E+02     0.935949E+02     0.913600E+02     0.884505E+02     0.907790E+02     0.925092E+02     0.908088E+02     0.880480E+02     0.889161E+02     0.921243E+02     0.945075E+02     0.943140E+02     0.922724E+02     0.926931E+02     0.860100E+02     0.848146E+02     0.854179E+02     0.860690E+02     0.843670E+02     0.863336E+02     0.861270E+02     0.894717E+02     0.892690E+02     0.889790E+02     0.811343E+02     0.809300E+02     0.805687E+02     0.803440E+02     0.800520E+02     0.836033E+02     0.855440E+02     0.853110E+02     0.826260E+02     0.822256E+02     0.820410E+02     0.798760E+02     0.823918E+02     0.858360E+02     0.847448E+02     0.829180E+02     0.802860E+02     0.800867E+02     0.797000E+02     0.844669E+02     0.860297E+02     0.858360E+02     0.828868E+02     0.802097E+02     0.793330E+02     0.775190E+02     0.775190E+02     0.775190E+02     0.775190E+02     0.775190E+02     0.775190E+02     0.775190E+02     0.775190E+02     0.775190E+02     0.775190E+02     0.775190E+02     0.775190E+02     0.775190E+02     0.775190E+02     0.775190E+02     0.775190E+02     0.775190E+02     0.775190E+02     0.775190E+02     0.100000E+21
 0.940000E+03     0.206422E+03     0.206422E+03     0.206422E+03     0.206422E+03     0.206422E+03     0.206422E+03     0.206422E+03     0.206422E+03     0.206422E+03     0.206422E+03     0.206422E+03     0.206422E+03     0.157071E+03     0.117958E+03     0.116755E+03     0.119048E+03     0.176500E+03     0.163399E+03     0.162716E+03     0.156440E+03     0.143715E+03     0.141310E+03     0.139689E+03     0.136280E+03     0.139129E+03     0.143739E+03     0.141718E+03     0.137692E+03     0.137257E+03     0.135218E+03     0.143719E+03     0.136582E+03     0.201678E+03     0.197677E+03     0.195948E+03     0.199425E+03     0.194184E+03     0.172885E+03     0.126355E+03     0.125754E+03     0.125510E+03     0.125087E+03     0.125944E+03     0.126946E+03     0.123252E+03     0.120679E+03     0.122065E+03     0.124374E+03     0.122298E+03     0.120883E+03     0.120196E+03     0.121301E+03     0.120599E+03     0.929918E+02     0.928090E+02     0.940362E+02     0.977820E+02     0.974940E+02     0.939120E+02     0.913600E+02     0.887235E+02     0.907790E+02     0.928480E+02     0.934460E+02     0.880480E+02     0.888143E+02     0.888620E+02     0.944918E+02     0.943140E+02     0.940250E+02     0.932295E+02     0.860100E+02     0.849440E+02     0.848929E+02     0.860690E+02     0.844930E+02     0.863093E+02     0.861270E+02     0.894529E+02     0.892690E+02     0.889790E+02     0.811153E+02     0.809300E+02     0.805432E+02     0.803440E+02     0.800520E+02     0.833908E+02     0.855440E+02     0.853384E+02     0.826260E+02     0.822131E+02     0.820410E+02     0.798760E+02     0.796791E+02     0.858360E+02     0.856514E+02     0.829180E+02     0.802860E+02     0.801040E+02     0.797000E+02     0.838892E+02     0.860141E+02     0.858360E+02     0.830369E+02     0.801192E+02     0.793330E+02     0.775190E+02     0.775190E+02     0.775190E+02     0.775190E+02     0.775190E+02     0.775190E+02     0.775190E+02     0.775190E+02     0.775190E+02     0.775190E+02     0.775190E+02     0.775190E+02     0.775190E+02     0.775190E+02     0.775190E+02     0.775190E+02     0.775190E+02     0.775190E+02     0.775190E+02     0.100000E+21
 0.960000E+03     0.206422E+03     0.206422E+03     0.206422E+03     0.206422E+03     0.206422E+03     0.206422E+03     0.206422E+03     0.206422E+03     0.206422E+03     0.206422E+03     0.206422E+03     0.206422E+03     0.157326E+03     0.116323E+03     0.116323E+03     0.119048E+03     0.176394E+03     0.163399E+03     0.162716E+03     0.156523E+03     0.148625E+03     0.144173E+03     0.139672E+03     0.136280E+03     0.139104E+03     0.144572E+03     0.144143E+03     0.137875E+03     0.137257E+03     0.135218E+03     0.142653E+03     0.133805E+03     0.201622E+03     0.197677E+03     0.195948E+03     0.199400E+03     0.194184E+03     0.172169E+03     0.126355E+03     0.125752E+03     0.125510E+03     0.125087E+03     0.124803E+03     0.126946E+03     0.123293E+03     0.120679E+03     0.122065E+03     0.124349E+03     0.125284E+03     0.121956E+03     0.120205E+03     0.121301E+03     0.121059E+03     0.929892E+02     0.928090E+02     0.940832E+02     0.977820E+02     0.974940E+02     0.939443E+02     0.913600E+02     0.887549E+02     0.907790E+02     0.918200E+02     0.934460E+02     0.880480E+02     0.888026E+02     0.888620E+02     0.944901E+02     0.943140E+02     0.940250E+02     0.932395E+02     0.896196E+02     0.862497E+02     0.856320E+02     0.878761E+02     0.851954E+02     0.863064E+02     0.861270E+02     0.894509E+02     0.892690E+02     0.889790E+02     0.837128E+02     0.809300E+02     0.805403E+02     0.803440E+02     0.800520E+02     0.833703E+02     0.855440E+02     0.853416E+02     0.826260E+02     0.822119E+02     0.820410E+02     0.798760E+02     0.796819E+02     0.858360E+02     0.856536E+02     0.829180E+02     0.802860E+02     0.801058E+02     0.797000E+02     0.838190E+02     0.860125E+02     0.858360E+02     0.830511E+02     0.801089E+02     0.793330E+02     0.775190E+02     0.775190E+02     0.775190E+02     0.775190E+02     0.775190E+02     0.775190E+02     0.775190E+02     0.775190E+02     0.775190E+02     0.775190E+02     0.775190E+02     0.775190E+02     0.775190E+02     0.775190E+02     0.775190E+02     0.775190E+02     0.775190E+02     0.775190E+02     0.775190E+02     0.100000E+21
 0.980000E+03     0.206422E+03     0.206422E+03     0.206422E+03     0.206422E+03     0.206422E+03     0.206422E+03     0.206422E+03     0.206422E+03     0.206422E+03     0.206422E+03     0.206422E+03     0.206422E+03     0.154393E+03     0.116323E+03     0.116323E+03     0.119048E+03     0.177552E+03     0.163399E+03     0.162716E+03     0.155697E+03     0.152565E+03     0.145852E+03     0.139871E+03     0.136280E+03     0.139378E+03     0.144638E+03     0.144143E+03     0.138106E+03     0.137257E+03     0.135218E+03     0.142988E+03     0.131578E+03     0.202169E+03     0.197677E+03     0.195948E+03     0.199676E+03     0.194184E+03     0.178980E+03     0.126355E+03     0.125769E+03     0.125510E+03     0.125087E+03     0.124762E+03     0.126946E+03     0.122876E+03     0.120679E+03     0.122065E+03     0.124608E+03     0.125284E+03     0.121460E+03     0.120108E+03     0.121301E+03     0.121042E+03     0.930137E+02     0.928090E+02     0.936115E+02     0.977820E+02     0.974940E+02     0.935966E+02     0.913600E+02     0.884551E+02     0.907790E+02     0.917403E+02     0.934460E+02     0.880480E+02     0.889144E+02     0.888620E+02     0.945074E+02     0.943140E+02     0.940250E+02     0.923465E+02     0.925190E+02     0.867304E+02     0.860823E+02     0.893270E+02     0.855138E+02     0.863331E+02     0.861270E+02     0.882384E+02     0.892690E+02     0.889790E+02     0.863348E+02     0.809300E+02     0.805684E+02     0.803440E+02     0.800520E+02     0.836026E+02     0.855440E+02     0.853115E+02     0.837356E+02     0.822255E+02     0.820410E+02     0.798760E+02     0.796549E+02     0.858360E+02     0.856315E+02     0.829180E+02     0.813813E+02     0.804548E+02     0.797000E+02     0.844554E+02     0.860297E+02     0.858360E+02     0.828872E+02     0.802087E+02     0.793330E+02     0.775190E+02     0.775190E+02     0.775190E+02     0.775190E+02     0.775190E+02     0.775190E+02     0.775190E+02     0.775190E+02     0.775190E+02     0.775190E+02     0.775190E+02     0.775190E+02     0.775190E+02     0.775190E+02     0.775190E+02     0.775190E+02     0.775190E+02     0.775190E+02     0.775190E+02     0.100000E+21
 0.100000E+04     0.206422E+03     0.206422E+03     0.206422E+03     0.206422E+03     0.206422E+03     0.206422E+03     0.206422E+03     0.206422E+03     0.206422E+03     0.206422E+03     0.206422E+03     0.206422E+03     0.154830E+03     0.116323E+03     0.116323E+03     0.119048E+03     0.177487E+03     0.163399E+03     0.162716E+03     0.155456E+03     0.152565E+03     0.143773E+03     0.139841E+03     0.136280E+03     0.139373E+03     0.144692E+03     0.144143E+03     0.138109E+03     0.137257E+03     0.135218E+03     0.143219E+03     0.131578E+03     0.202374E+03     0.197677E+03     0.195948E+03     0.199650E+03     0.194184E+03     0.184105E+03     0.126355E+03     0.125767E+03     0.125510E+03     0.125087E+03     0.124743E+03     0.126946E+03     0.122836E+03     0.120679E+03     0.122065E+03     0.124630E+03     0.125284E+03     0.121130E+03     0.120114E+03     0.121301E+03     0.121044E+03     0.908508E+02     0.812383E+02     0.935105E+02     0.977820E+02     0.974940E+02     0.936018E+02     0.913600E+02     0.879766E+02     0.882644E+02     0.917538E+02     0.934460E+02     0.880480E+02     0.879270E+02     0.888620E+02     0.945071E+02     0.943140E+02     0.940250E+02     0.913872E+02     0.925190E+02     0.864526E+02     0.861087E+02     0.893270E+02     0.855323E+02     0.863509E+02     0.861270E+02     0.868511E+02     0.892690E+02     0.889790E+02     0.863877E+02     0.809300E+02     0.805814E+02     0.803440E+02     0.800520E+02     0.835739E+02     0.855440E+02     0.852889E+02     0.849610E+02     0.822243E+02     0.820410E+02     0.798760E+02     0.796448E+02     0.858360E+02     0.856274E+02     0.829180E+02     0.826260E+02     0.808254E+02     0.797000E+02     0.801213E+02     0.860293E+02     0.858360E+02     0.848847E+02     0.802375E+02     0.793330E+02     0.775190E+02     0.775190E+02     0.775190E+02     0.775190E+02     0.775190E+02     0.775190E+02     0.775190E+02     0.775190E+02     0.775190E+02     0.775190E+02     0.775190E+02     0.775190E+02     0.775190E+02     0.775190E+02     0.775190E+02     0.775190E+02     0.775190E+02     0.775190E+02     0.775190E+02     0.100000E+21
 0.102000E+04     0.206422E+03     0.206422E+03     0.206422E+03     0.206422E+03     0.206422E+03     0.206422E+03     0.206422E+03     0.206422E+03     0.206422E+03     0.206422E+03     0.206422E+03     0.206422E+03     0.154206E+03     0.116323E+03     0.116323E+03     0.119048E+03     0.177677E+03     0.163399E+03     0.162716E+03     0.155448E+03     0.152565E+03     0.143369E+03     0.138026E+03     0.136280E+03     0.139413E+03     0.144678E+03     0.144143E+03     0.138119E+03     0.137257E+03     0.135218E+03     0.143275E+03     0.131578E+03     0.202362E+03     0.197677E+03     0.195948E+03     0.199701E+03     0.194184E+03     0.182967E+03     0.126355E+03     0.125770E+03     0.125510E+03     0.125087E+03     0.124746E+03     0.126946E+03     0.126646E+03     0.120679E+03     0.122065E+03     0.124655E+03     0.125284E+03     0.121206E+03     0.120098E+03     0.121301E+03     0.121041E+03     0.894765E+02     0.793960E+02     0.934914E+02     0.977820E+02     0.974940E+02     0.972991E+02     0.913600E+02     0.877677E+02     0.875250E+02     0.903667E+02     0.901990E+02     0.931560E+02     0.886382E+02     0.888620E+02     0.945096E+02     0.943140E+02     0.940250E+02     0.913754E+02     0.925190E+02     0.864867E+02     0.860666E+02     0.893270E+02     0.870062E+02     0.838793E+02     0.861270E+02     0.868274E+02     0.892690E+02     0.889790E+02     0.864375E+02     0.809300E+02     0.805798E+02     0.803440E+02     0.800520E+02     0.836201E+02     0.855440E+02     0.852939E+02     0.849610E+02     0.822268E+02     0.820410E+02     0.798760E+02     0.796455E+02     0.858360E+02     0.856264E+02     0.829180E+02     0.826260E+02     0.808045E+02     0.797000E+02     0.794758E+02     0.860318E+02     0.858360E+02     0.856620E+02     0.802374E+02     0.793330E+02     0.775190E+02     0.775190E+02     0.775190E+02     0.775190E+02     0.775190E+02     0.775190E+02     0.775190E+02     0.775190E+02     0.775190E+02     0.775190E+02     0.775190E+02     0.775190E+02     0.775190E+02     0.775190E+02     0.775190E+02     0.775190E+02     0.775190E+02     0.775190E+02     0.775190E+02     0.100000E+21
 0.104000E+04     0.206422E+03     0.206422E+03     0.206422E+03     0.206422E+03     0.206422E+03     0.206422E+03     0.206422E+03     0.206422E+03     0.206422E+03     0.206422E+03     0.206422E+03     0.206422E+03     0.156186E+03     0.116323E+03     0.116323E+03     0.119048E+03     0.176876E+03     0.163399E+03     0.162716E+03     0.156118E+03     0.152565E+03     0.144170E+03     0.137961E+03     0.136280E+03     0.139221E+03     0.144609E+03     0.144143E+03     0.138061E+03     0.137257E+03     0.135218E+03     0.142342E+03     0.131578E+03     0.201897E+03     0.197677E+03     0.195948E+03     0.199512E+03     0.194184E+03     0.175808E+03     0.126355E+03     0.125759E+03     0.125510E+03     0.125087E+03     0.124782E+03     0.126946E+03     0.126668E+03     0.120679E+03     0.122065E+03     0.124466E+03     0.125284E+03     0.121681E+03     0.120165E+03     0.121301E+03     0.121052E+03     0.885117E+02     0.793960E+02     0.938580E+02     0.977820E+02     0.974940E+02     0.973111E+02     0.913600E+02     0.877386E+02     0.875250E+02     0.903615E+02     0.901990E+02     0.931560E+02     0.891802E+02     0.888620E+02     0.944975E+02     0.943140E+02     0.940250E+02     0.916018E+02     0.925190E+02     0.870641E+02     0.862091E+02     0.893270E+02     0.871352E+02     0.841414E+02     0.861270E+02     0.870057E+02     0.892690E+02     0.889790E+02     0.860331E+02     0.809300E+02     0.805547E+02     0.803440E+02     0.800520E+02     0.834624E+02     0.855440E+02     0.853255E+02     0.849610E+02     0.822174E+02     0.820410E+02     0.798760E+02     0.796683E+02     0.858360E+02     0.856431E+02     0.838010E+02     0.826260E+02     0.809267E+02     0.797000E+02     0.795045E+02     0.860198E+02     0.858360E+02     0.856685E+02     0.801586E+02     0.793330E+02     0.775190E+02     0.775190E+02     0.775190E+02     0.775190E+02     0.775190E+02     0.775190E+02     0.775190E+02     0.775190E+02     0.775190E+02     0.775190E+02     0.775190E+02     0.775190E+02     0.775190E+02     0.775190E+02     0.775190E+02     0.775190E+02     0.775190E+02     0.775190E+02     0.775190E+02     0.100000E+21
 0.106000E+04     0.206422E+03     0.206422E+03     0.206422E+03     0.206422E+03     0.206422E+03     0.206422E+03     0.206422E+03     0.206422E+03     0.206422E+03     0.206422E+03     0.206422E+03     0.206422E+03     0.157374E+03     0.116323E+03     0.116323E+03     0.119048E+03     0.176375E+03     0.163399E+03     0.162716E+03     0.156539E+03     0.152565E+03     0.144695E+03     0.137922E+03     0.136280E+03     0.139099E+03     0.144570E+03     0.144143E+03     0.138024E+03     0.137257E+03     0.135218E+03     0.141732E+03     0.131578E+03     0.201612E+03     0.197677E+03     0.195948E+03     0.199396E+03     0.194184E+03     0.172039E+03     0.126355E+03     0.125752E+03     0.125510E+03     0.125087E+03     0.124804E+03     0.126946E+03     0.126683E+03     0.120679E+03     0.122065E+03     0.124345E+03     0.125284E+03     0.121966E+03     0.120207E+03     0.121301E+03     0.121059E+03     0.878904E+02     0.793960E+02     0.940919E+02     0.977820E+02     0.974940E+02     0.973188E+02     0.913600E+02     0.877225E+02     0.875250E+02     0.903583E+02     0.901990E+02     0.931560E+02     0.894795E+02     0.888620E+02     0.944898E+02     0.943140E+02     0.940250E+02     0.917462E+02     0.925190E+02     0.878298E+02     0.862956E+02     0.893270E+02     0.872159E+02     0.842983E+02     0.861270E+02     0.871203E+02     0.892690E+02     0.889790E+02     0.851502E+02     0.793619E+02     0.805398E+02     0.803440E+02     0.800520E+02     0.833665E+02     0.855440E+02     0.853422E+02     0.849610E+02     0.822117E+02     0.820410E+02     0.798760E+02     0.796824E+02     0.858360E+02     0.856541E+02     0.852520E+02     0.826260E+02     0.810050E+02     0.797000E+02     0.795209E+02     0.860122E+02     0.858360E+02     0.856724E+02     0.801071E+02     0.793330E+02     0.775190E+02     0.775190E+02     0.775190E+02     0.775190E+02     0.775190E+02     0.775190E+02     0.775190E+02     0.775190E+02     0.775190E+02     0.775190E+02     0.775190E+02     0.775190E+02     0.775190E+02     0.775190E+02     0.775190E+02     0.775190E+02     0.775190E+02     0.775190E+02     0.775190E+02     0.100000E+21
 0.108000E+04     0.206422E+03     0.206422E+03     0.206422E+03     0.206422E+03     0.206422E+03     0.206422E+03     0.206422E+03     0.206422E+03     0.206422E+03     0.206422E+03     0.206422E+03     0.206422E+03     0.154223E+03     0.116323E+03     0.116323E+03     0.119048E+03     0.177664E+03     0.163399E+03     0.162716E+03     0.155479E+03     0.143715E+03     0.140959E+03     0.138026E+03     0.136280E+03     0.139409E+03     0.144672E+03     0.144143E+03     0.138117E+03     0.137257E+03     0.135218E+03     0.143242E+03     0.131578E+03     0.202337E+03     0.197677E+03     0.195948E+03     0.199698E+03     0.194184E+03     0.182350E+03     0.126355E+03     0.125770E+03     0.125510E+03     0.125087E+03     0.124748E+03     0.126946E+03     0.126647E+03     0.120679E+03     0.122065E+03     0.124650E+03     0.125284E+03     0.121240E+03     0.120099E+03     0.121301E+03     0.121041E+03     0.894257E+02     0.793960E+02     0.935058E+02     0.977820E+02     0.974940E+02     0.972993E+02     0.913600E+02     0.877654E+02     0.875250E+02     0.903667E+02     0.901990E+02     0.931560E+02     0.886798E+02     0.888620E+02     0.904455E+02     0.943140E+02     0.940250E+02     0.913843E+02     0.925190E+02     0.875418E+02     0.839152E+02     0.837350E+02     0.850688E+02     0.838983E+02     0.861270E+02     0.868324E+02     0.892690E+02     0.889790E+02     0.854313E+02     0.775190E+02     0.805783E+02     0.803440E+02     0.800520E+02     0.836184E+02     0.855440E+02     0.852966E+02     0.849610E+02     0.822266E+02     0.820410E+02     0.798760E+02     0.796467E+02     0.858360E+02     0.856270E+02     0.852520E+02     0.826260E+02     0.808073E+02     0.797000E+02     0.794781E+02     0.860316E+02     0.858360E+02     0.856620E+02     0.802339E+02     0.793330E+02     0.775190E+02     0.775190E+02     0.775190E+02     0.775190E+02     0.775190E+02     0.775190E+02     0.775190E+02     0.775190E+02     0.775190E+02     0.775190E+02     0.775190E+02     0.775190E+02     0.775190E+02     0.775190E+02     0.775190E+02     0.775190E+02     0.775190E+02     0.775190E+02     0.775190E+02     0.100000E+21
 0.110000E+04     0.206422E+03     0.206422E+03     0.206422E+03     0.206422E+03     0.206422E+03     0.206422E+03     0.206422E+03     0.206422E+03     0.206422E+03     0.206422E+03     0.206422E+03     0.206422E+03     0.155810E+03     0.116323E+03     0.116323E+03     0.119048E+03     0.177041E+03     0.163399E+03     0.162716E+03     0.155961E+03     0.143715E+03     0.141131E+03     0.137973E+03     0.136280E+03     0.139262E+03     0.144626E+03     0.144143E+03     0.138073E+03     0.137257E+03     0.135218E+03     0.142562E+03     0.131578E+03     0.202006E+03     0.197677E+03     0.195948E+03     0.199550E+03     0.194184E+03     0.177378E+03     0.126355E+03     0.125761E+03     0.125510E+03     0.125087E+03     0.124774E+03     0.126946E+03     0.126663E+03     0.120679E+03     0.122065E+03     0.124508E+03     0.125284E+03     0.121565E+03     0.120151E+03     0.121301E+03     0.121050E+03     0.887494E+02     0.793960E+02     0.937729E+02     0.977820E+02     0.974940E+02     0.973086E+02     0.913600E+02     0.877451E+02     0.875250E+02     0.903624E+02     0.901990E+02     0.931560E+02     0.890577E+02     0.888620E+02     0.906295E+02     0.943140E+02     0.940250E+02     0.915492E+02     0.925190E+02     0.878774E+02     0.839089E+02     0.837350E+02     0.864282E+02     0.853179E+02     0.861270E+02     0.869658E+02     0.892690E+02     0.889790E+02     0.849969E+02     0.775190E+02     0.805606E+02     0.803440E+02     0.800520E+02     0.810402E+02     0.855440E+02     0.853186E+02     0.849610E+02     0.822193E+02     0.820410E+02     0.798760E+02     0.796630E+02     0.858360E+02     0.856392E+02     0.852520E+02     0.843397E+02     0.813697E+02     0.797000E+02     0.794976E+02     0.860223E+02     0.858360E+02     0.856672E+02     0.801777E+02     0.793330E+02     0.775190E+02     0.775190E+02     0.775190E+02     0.775190E+02     0.775190E+02     0.775190E+02     0.775190E+02     0.775190E+02     0.775190E+02     0.775190E+02     0.775190E+02     0.775190E+02     0.775190E+02     0.775190E+02     0.775190E+02     0.775190E+02     0.775190E+02     0.775190E+02     0.775190E+02     0.100000E+21
 0.112000E+04     0.206422E+03     0.206422E+03     0.206422E+03     0.206422E+03     0.206422E+03     0.206422E+03     0.206422E+03     0.206422E+03     0.206422E+03     0.206422E+03     0.206422E+03     0.206422E+03     0.154264E+03     0.116323E+03     0.116323E+03     0.119048E+03     0.177698E+03     0.163399E+03     0.162716E+03     0.155277E+03     0.143715E+03     0.140891E+03     0.138024E+03     0.136280E+03     0.139423E+03     0.144721E+03     0.144143E+03     0.138123E+03     0.137257E+03     0.135218E+03     0.143439E+03     0.131578E+03     0.202510E+03     0.197677E+03     0.195948E+03     0.199701E+03     0.194184E+03     0.190459E+03     0.126355E+03     0.125770E+03     0.125510E+03     0.125087E+03     0.124731E+03     0.126946E+03     0.126644E+03     0.120679E+03     0.122065E+03     0.124677E+03     0.125284E+03     0.120970E+03     0.120096E+03     0.121301E+03     0.121041E+03     0.112714E+03     0.928090E+02     0.919868E+02     0.917650E+02     0.974940E+02     0.972984E+02     0.913600E+02     0.907150E+02     0.875250E+02     0.903665E+02     0.901990E+02     0.931560E+02     0.882962E+02     0.888620E+02     0.904282E+02     0.943140E+02     0.940250E+02     0.913297E+02     0.925190E+02     0.873693E+02     0.839152E+02     0.837350E+02     0.872059E+02     0.856140E+02     0.861270E+02     0.857534E+02     0.855440E+02     0.889790E+02     0.855189E+02     0.775190E+02     0.805898E+02     0.803440E+02     0.800520E+02     0.798714E+02     0.855440E+02     0.852608E+02     0.849610E+02     0.822268E+02     0.820410E+02     0.798760E+02     0.796381E+02     0.858360E+02     0.856235E+02     0.852520E+02     0.849610E+02     0.815049E+02     0.797000E+02     0.794577E+02     0.860324E+02     0.858360E+02     0.856622E+02     0.802561E+02     0.793330E+02     0.775190E+02     0.775190E+02     0.775190E+02     0.775190E+02     0.775190E+02     0.775190E+02     0.775190E+02     0.775190E+02     0.775190E+02     0.775190E+02     0.775190E+02     0.775190E+02     0.775190E+02     0.775190E+02     0.775190E+02     0.775190E+02     0.775190E+02     0.775190E+02     0.775190E+02     0.100000E+21
 0.114000E+04     0.206422E+03     0.206422E+03     0.206422E+03     0.206422E+03     0.206422E+03     0.206422E+03     0.206422E+03     0.206422E+03     0.206422E+03     0.206422E+03     0.206422E+03     0.206422E+03     0.154994E+03     0.116323E+03     0.116323E+03     0.119048E+03     0.177389E+03     0.163399E+03     0.162716E+03     0.155622E+03     0.143715E+03     0.141010E+03     0.138000E+03     0.136280E+03     0.139347E+03     0.144664E+03     0.144143E+03     0.138100E+03     0.137257E+03     0.135218E+03     0.143013E+03     0.131578E+03     0.202247E+03     0.197677E+03     0.195948E+03     0.199630E+03     0.194184E+03     0.181302E+03     0.126355E+03     0.125766E+03     0.125510E+03     0.125087E+03     0.124754E+03     0.126946E+03     0.126653E+03     0.120679E+03     0.122065E+03     0.124597E+03     0.125284E+03     0.121306E+03     0.120122E+03     0.121301E+03     0.121045E+03     0.111707E+03     0.928090E+02     0.919779E+02     0.917650E+02     0.974940E+02     0.973032E+02     0.913600E+02     0.904087E+02     0.875250E+02     0.903646E+02     0.901990E+02     0.931560E+02     0.887629E+02     0.888620E+02     0.905231E+02     0.943140E+02     0.940250E+02     0.932242E+02     0.925190E+02     0.876299E+02     0.839122E+02     0.837350E+02     0.871316E+02     0.851511E+02     0.836017E+02     0.857470E+02     0.855440E+02     0.889790E+02     0.852697E+02     0.775190E+02     0.805739E+02     0.803440E+02     0.800520E+02     0.798743E+02     0.855440E+02     0.853012E+02     0.849610E+02     0.822233E+02     0.820410E+02     0.798760E+02     0.796511E+02     0.808317E+02     0.845192E+02     0.852520E+02     0.849610E+02     0.815991E+02     0.797000E+02     0.794817E+02     0.860277E+02     0.858360E+02     0.856646E+02     0.802171E+02     0.793330E+02     0.775190E+02     0.775190E+02     0.775190E+02     0.775190E+02     0.775190E+02     0.775190E+02     0.775190E+02     0.775190E+02     0.775190E+02     0.775190E+02     0.775190E+02     0.775190E+02     0.775190E+02     0.775190E+02     0.775190E+02     0.775190E+02     0.775190E+02     0.775190E+02     0.775190E+02     0.100000E+21
 0.116000E+04     0.206422E+03     0.206422E+03     0.206422E+03     0.206422E+03     0.206422E+03     0.206422E+03     0.206422E+03     0.206422E+03     0.206422E+03     0.206422E+03     0.206422E+03     0.206422E+03     0.156813E+03     0.116323E+03     0.116323E+03     0.119048E+03     0.176608E+03     0.163399E+03     0.162716E+03     0.156351E+03     0.143715E+03     0.141277E+03     0.137940E+03     0.136280E+03     0.139156E+03     0.144587E+03     0.144143E+03     0.138041E+03     0.137257E+03     0.135218E+03     0.142007E+03     0.131578E+03     0.201737E+03     0.197677E+03     0.195948E+03     0.199450E+03     0.194184E+03     0.173658E+03     0.126355E+03     0.125755E+03     0.125510E+03     0.125087E+03     0.124794E+03     0.126946E+03     0.126676E+03     0.120679E+03     0.122065E+03     0.124400E+03     0.125284E+03     0.121844E+03     0.120187E+03     0.121301E+03     0.121056E+03     0.109627E+03     0.928090E+02     0.919579E+02     0.917650E+02     0.974940E+02     0.973152E+02     0.913600E+02     0.900231E+02     0.875250E+02     0.903598E+02     0.901990E+02     0.931560E+02     0.893503E+02     0.888620E+02     0.907619E+02     0.943140E+02     0.940250E+02     0.938335E+02     0.925190E+02     0.881679E+02     0.842210E+02     0.837350E+02     0.869442E+02     0.845330E+02     0.828600E+02     0.857312E+02     0.855440E+02     0.889790E+02     0.846610E+02     0.775190E+02     0.805463E+02     0.803440E+02     0.800520E+02     0.798818E+02     0.855440E+02     0.853350E+02     0.849610E+02     0.822144E+02     0.820410E+02     0.798760E+02     0.796762E+02     0.792900E+02     0.832927E+02     0.852520E+02     0.849610E+02     0.818339E+02     0.797000E+02     0.795140E+02     0.860157E+02     0.858360E+02     0.856705E+02     0.801300E+02     0.793330E+02     0.775190E+02     0.775190E+02     0.775190E+02     0.775190E+02     0.775190E+02     0.775190E+02     0.775190E+02     0.775190E+02     0.775190E+02     0.775190E+02     0.775190E+02     0.775190E+02     0.775190E+02     0.775190E+02     0.775190E+02     0.775190E+02     0.775190E+02     0.775190E+02     0.775190E+02     0.100000E+21
 0.118000E+04     0.206422E+03     0.206422E+03     0.206422E+03     0.206422E+03     0.206422E+03     0.206422E+03     0.206422E+03     0.206422E+03     0.206422E+03     0.206422E+03     0.206422E+03     0.206422E+03     0.154232E+03     0.116323E+03     0.116323E+03     0.119048E+03     0.177709E+03     0.163399E+03     0.162716E+03     0.155271E+03     0.143715E+03     0.140889E+03     0.138025E+03     0.136280E+03     0.139425E+03     0.144722E+03     0.144143E+03     0.138124E+03     0.137257E+03     0.136560E+03     0.143448E+03     0.131578E+03     0.202514E+03     0.197677E+03     0.195948E+03     0.199704E+03     0.194184E+03     0.192411E+03     0.190712E+03     0.125770E+03     0.125510E+03     0.125087E+03     0.124731E+03     0.126946E+03     0.126643E+03     0.120679E+03     0.122065E+03     0.124679E+03     0.125284E+03     0.120967E+03     0.120096E+03     0.121301E+03     0.121041E+03     0.112728E+03     0.928090E+02     0.919870E+02     0.917650E+02     0.974940E+02     0.972983E+02     0.913600E+02     0.907200E+02     0.875250E+02     0.903666E+02     0.901990E+02     0.931560E+02     0.882887E+02     0.888620E+02     0.904250E+02     0.943140E+02     0.940250E+02     0.938045E+02     0.925190E+02     0.873658E+02     0.847767E+02     0.837350E+02     0.847675E+02     0.849594E+02     0.828600E+02     0.857536E+02     0.855440E+02     0.889790E+02     0.855253E+02     0.775190E+02     0.805900E+02     0.803440E+02     0.800520E+02     0.798712E+02     0.855440E+02     0.852585E+02     0.849610E+02     0.822269E+02     0.820410E+02     0.798760E+02     0.796380E+02     0.792900E+02     0.838457E+02     0.852520E+02     0.849610E+02     0.847577E+02     0.797000E+02     0.794574E+02     0.860326E+02     0.858360E+02     0.856621E+02     0.802567E+02     0.793330E+02     0.775190E+02     0.775190E+02     0.775190E+02     0.775190E+02     0.775190E+02     0.775190E+02     0.775190E+02     0.775190E+02     0.775190E+02     0.775190E+02     0.775190E+02     0.775190E+02     0.775190E+02     0.775190E+02     0.775190E+02     0.775190E+02     0.775190E+02     0.775190E+02     0.775190E+02     0.100000E+21
 0.120000E+04     0.206422E+03     0.206422E+03     0.206422E+03     0.206422E+03     0.206422E+03     0.206422E+03     0.206422E+03     0.206422E+03     0.206422E+03     0.206422E+03     0.206422E+03     0.206422E+03     0.156813E+03     0.116323E+03     0.116323E+03     0.119048E+03     0.176608E+03     0.163399E+03     0.162716E+03     0.156351E+03     0.143715E+03     0.142570E+03     0.137940E+03     0.136280E+03     0.139156E+03     0.144587E+03     0.144143E+03     0.138041E+03     0.137257E+03     0.136560E+03     0.142007E+03     0.131578E+03     0.202467E+03     0.200351E+03     0.195948E+03     0.199450E+03     0.194184E+03     0.191956E+03     0.190712E+03     0.125755E+03     0.125510E+03     0.125087E+03     0.124794E+03     0.126946E+03     0.126676E+03     0.120679E+03     0.122065E+03     0.124400E+03     0.125284E+03     0.121844E+03     0.120187E+03     0.121301E+03     0.121056E+03     0.109627E+03     0.928090E+02     0.865178E+02     0.917650E+02     0.974940E+02     0.973152E+02     0.913600E+02     0.900231E+02     0.875250E+02     0.903598E+02     0.901990E+02     0.931560E+02     0.893503E+02     0.888620E+02     0.907619E+02     0.943140E+02     0.940250E+02     0.938335E+02     0.925190E+02     0.908907E+02     0.842210E+02     0.837350E+02     0.846889E+02     0.845330E+02     0.828600E+02     0.857312E+02     0.855440E+02     0.889790E+02     0.846610E+02     0.775190E+02     0.805463E+02     0.803440E+02     0.800520E+02     0.798818E+02     0.855440E+02     0.853350E+02     0.849610E+02     0.822144E+02     0.820410E+02     0.798760E+02     0.796762E+02     0.792900E+02     0.832927E+02     0.852520E+02     0.849610E+02     0.847772E+02     0.797000E+02     0.795140E+02     0.860157E+02     0.858360E+02     0.856705E+02     0.801300E+02     0.793330E+02     0.775190E+02     0.775190E+02     0.775190E+02     0.775190E+02     0.775190E+02     0.775190E+02     0.775190E+02     0.775190E+02     0.775190E+02     0.775190E+02     0.775190E+02     0.775190E+02     0.775190E+02     0.775190E+02     0.775190E+02     0.775190E+02     0.775190E+02     0.775190E+02     0.775190E+02     0.100000E+21
 0.122000E+04     0.206422E+03     0.206422E+03     0.206422E+03     0.206422E+03     0.206422E+03     0.206422E+03     0.206422E+03     0.206422E+03     0.206422E+03     0.206422E+03     0.206422E+03     0.206422E+03     0.154994E+03     0.116323E+03     0.116323E+03     0.119048E+03     0.177389E+03     0.163399E+03     0.162716E+03     0.155622E+03     0.143715E+03     0.143222E+03     0.138000E+03     0.136280E+03     0.139347E+03     0.144664E+03     0.144143E+03     0.138100E+03     0.137257E+03     0.136560E+03     0.143013E+03     0.131578E+03     0.151225E+03     0.201910E+03     0.195948E+03     0.199630E+03     0.194184E+03     0.192157E+03     0.190712E+03     0.125766E+03     0.125510E+03     0.125087E+03     0.124754E+03     0.126946E+03     0.126653E+03     0.120679E+03     0.122065E+03     0.124597E+03     0.125284E+03     0.121306E+03     0.120122E+03     0.121301E+03     0.121045E+03     0.111707E+03     0.928090E+02     0.827142E+02     0.917650E+02     0.974940E+02     0.973032E+02     0.913600E+02     0.904087E+02     0.875250E+02     0.885056E+02     0.901990E+02     0.899080E+02     0.881578E+02     0.888620E+02     0.905231E+02     0.943140E+02     0.940250E+02     0.938135E+02     0.925190E+02     0.923105E+02     0.839122E+02     0.837350E+02     0.847446E+02     0.871987E+02     0.828600E+02     0.857470E+02     0.855440E+02     0.889790E+02     0.852697E+02     0.775190E+02     0.805739E+02     0.803440E+02     0.800520E+02     0.798743E+02     0.855440E+02     0.853012E+02     0.849610E+02     0.822233E+02     0.820410E+02     0.798760E+02     0.796511E+02     0.792900E+02     0.836789E+02     0.852520E+02     0.849610E+02     0.847634E+02     0.797000E+02     0.794817E+02     0.860277E+02     0.858360E+02     0.856646E+02     0.802171E+02     0.793330E+02     0.775190E+02     0.775190E+02     0.775190E+02     0.775190E+02     0.775190E+02     0.775190E+02     0.775190E+02     0.775190E+02     0.775190E+02     0.775190E+02     0.775190E+02     0.775190E+02     0.775190E+02     0.775190E+02     0.775190E+02     0.775190E+02     0.775190E+02     0.775190E+02     0.775190E+02     0.100000E+21
 0.124000E+04     0.206422E+03     0.206422E+03     0.206422E+03     0.206422E+03     0.206422E+03     0.206422E+03     0.206422E+03     0.206422E+03     0.206422E+03     0.206422E+03     0.206422E+03     0.206422E+03     0.154264E+03     0.116323E+03     0.116323E+03     0.119048E+03     0.177698E+03     0.163399E+03     0.162716E+03     0.155277E+03     0.143715E+03     0.143200E+03     0.138024E+03     0.136280E+03     0.139423E+03     0.144721E+03     0.144143E+03     0.138123E+03     0.137257E+03     0.136560E+03     0.143439E+03     0.131578E+03     0.148306E+03     0.201910E+03     0.195948E+03     0.199701E+03     0.194184E+03     0.191365E+03     0.145422E+03     0.125770E+03     0.125510E+03     0.125087E+03     0.124731E+03     0.126946E+03     0.126644E+03     0.120679E+03     0.122065E+03     0.124677E+03     0.125284E+03     0.120970E+03     0.120096E+03     0.121301E+03     0.121041E+03     0.112714E+03     0.928090E+02     0.823369E+02     0.917650E+02     0.974940E+02     0.972984E+02     0.955222E+02     0.907150E+02     0.875250E+02     0.884860E+02     0.901990E+02     0.899080E+02     0.879718E+02     0.888620E+02     0.904282E+02     0.943140E+02     0.940250E+02     0.938047E+02     0.925190E+02     0.922994E+02     0.844706E+02     0.837350E+02     0.847667E+02     0.878303E+02     0.849675E+02     0.857534E+02     0.855440E+02     0.889790E+02     0.855189E+02     0.775190E+02     0.805898E+02     0.803440E+02     0.800520E+02     0.798714E+02     0.855440E+02     0.852608E+02     0.849610E+02     0.822268E+02     0.820410E+02     0.798760E+02     0.796381E+02     0.792900E+02     0.838422E+02     0.852520E+02     0.849610E+02     0.847578E+02     0.797000E+02     0.794577E+02     0.860324E+02     0.858360E+02     0.856622E+02     0.802561E+02     0.793330E+02     0.775190E+02     0.775190E+02     0.775190E+02     0.775190E+02     0.775190E+02     0.775190E+02     0.775190E+02     0.775190E+02     0.775190E+02     0.775190E+02     0.775190E+02     0.775190E+02     0.775190E+02     0.775190E+02     0.775190E+02     0.775190E+02     0.775190E+02     0.775190E+02     0.775190E+02     0.100000E+21
 0.126000E+04     0.206422E+03     0.206422E+03     0.206422E+03     0.206422E+03     0.206422E+03     0.206422E+03     0.206422E+03     0.206422E+03     0.206422E+03     0.206422E+03     0.206422E+03     0.206422E+03     0.155810E+03     0.116323E+03     0.117868E+03     0.119048E+03     0.177041E+03     0.163399E+03     0.162716E+03     0.155961E+03     0.143715E+03     0.143244E+03     0.137973E+03     0.136280E+03     0.139262E+03     0.144626E+03     0.144143E+03     0.138073E+03     0.137257E+03     0.136560E+03     0.142562E+03     0.131578E+03     0.153900E+03     0.201910E+03     0.195948E+03     0.199550E+03     0.194184E+03     0.177378E+03     0.126355E+03     0.125761E+03     0.125510E+03     0.125087E+03     0.124774E+03     0.126946E+03     0.126663E+03     0.120679E+03     0.122065E+03     0.124508E+03     0.125284E+03     0.121565E+03     0.120151E+03     0.121301E+03     0.121050E+03     0.110750E+03     0.928090E+02     0.831047E+02     0.917650E+02     0.974940E+02     0.973086E+02     0.969160E+02     0.902152E+02     0.875250E+02     0.885275E+02     0.901990E+02     0.899080E+02     0.882752E+02     0.888620E+02     0.906295E+02     0.943140E+02     0.940250E+02     0.938227E+02     0.925190E+02     0.923211E+02     0.847400E+02     0.837350E+02     0.843648E+02     0.876420E+02     0.851940E+02     0.857399E+02     0.855440E+02     0.889790E+02     0.849969E+02     0.775190E+02     0.805606E+02     0.803440E+02     0.800520E+02     0.798777E+02     0.855440E+02     0.853186E+02     0.849610E+02     0.822193E+02     0.820410E+02     0.798760E+02     0.796630E+02     0.792900E+02     0.835055E+02     0.852520E+02     0.849610E+02     0.838954E+02     0.797000E+02     0.794976E+02     0.846984E+02     0.858360E+02     0.856672E+02     0.801777E+02     0.793330E+02     0.775190E+02     0.775190E+02     0.775190E+02     0.775190E+02     0.775190E+02     0.775190E+02     0.775190E+02     0.775190E+02     0.775190E+02     0.775190E+02     0.775190E+02     0.775190E+02     0.775190E+02     0.775190E+02     0.775190E+02     0.775190E+02     0.775190E+02     0.775190E+02     0.775190E+02     0.100000E+21
 0.128000E+04     0.206422E+03     0.206422E+03     0.206422E+03     0.206422E+03     0.206422E+03     0.206422E+03     0.206422E+03     0.206422E+03     0.206422E+03     0.206422E+03     0.206422E+03     0.206422E+03     0.154223E+03     0.116323E+03     0.124310E+03     0.119048E+03     0.177664E+03     0.163399E+03     0.162716E+03     0.155479E+03     0.143715E+03     0.143213E+03     0.138026E+03     0.136280E+03     0.139409E+03     0.144672E+03     0.144143E+03     0.138117E+03     0.137257E+03     0.136560E+03     0.143242E+03     0.131578E+03     0.150229E+03     0.201910E+03     0.195948E+03     0.199698E+03     0.194184E+03     0.182350E+03     0.126355E+03     0.125770E+03     0.125510E+03     0.125087E+03     0.124748E+03     0.126946E+03     0.126647E+03     0.120679E+03     0.122065E+03     0.124650E+03     0.125284E+03     0.121240E+03     0.120099E+03     0.121301E+03     0.121041E+03     0.112047E+03     0.928090E+02     0.825278E+02     0.917650E+02     0.974940E+02     0.972993E+02     0.969160E+02     0.904633E+02     0.875250E+02     0.884841E+02     0.901990E+02     0.899080E+02     0.881246E+02     0.888620E+02     0.904455E+02     0.943140E+02     0.940250E+02     0.938092E+02     0.908504E+02     0.919746E+02     0.847762E+02     0.837350E+02     0.835449E+02     0.878558E+02     0.851940E+02     0.857512E+02     0.855440E+02     0.889790E+02     0.854313E+02     0.775190E+02     0.805783E+02     0.803440E+02     0.800520E+02     0.798713E+02     0.855440E+02     0.852966E+02     0.849610E+02     0.822266E+02     0.820410E+02     0.810669E+02     0.798593E+02     0.792900E+02     0.837665E+02     0.852520E+02     0.849610E+02     0.815289E+02     0.797000E+02     0.794781E+02     0.813187E+02     0.858360E+02     0.856620E+02     0.802339E+02     0.793330E+02     0.775190E+02     0.775190E+02     0.775190E+02     0.775190E+02     0.775190E+02     0.775190E+02     0.775190E+02     0.775190E+02     0.775190E+02     0.775190E+02     0.775190E+02     0.775190E+02     0.775190E+02     0.775190E+02     0.775190E+02     0.775190E+02     0.775190E+02     0.775190E+02     0.775190E+02     0.100000E+21
 0.130000E+04     0.206422E+03     0.206422E+03     0.206422E+03     0.206422E+03     0.206422E+03     0.206422E+03     0.206422E+03     0.206422E+03     0.206422E+03     0.206422E+03     0.206422E+03     0.206422E+03     0.157374E+03     0.116323E+03     0.122849E+03     0.119048E+03     0.176375E+03     0.163399E+03     0.162716E+03     0.156539E+03     0.143715E+03     0.143284E+03     0.137922E+03     0.136280E+03     0.139099E+03     0.144570E+03     0.144143E+03     0.138024E+03     0.137257E+03     0.136560E+03     0.141732E+03     0.131578E+03     0.158272E+03     0.201910E+03     0.195948E+03     0.199396E+03     0.197390E+03     0.172039E+03     0.126355E+03     0.125752E+03     0.125510E+03     0.125087E+03     0.124804E+03     0.126946E+03     0.126683E+03     0.120679E+03     0.122065E+03     0.124345E+03     0.125284E+03     0.121966E+03     0.120207E+03     0.121301E+03     0.121059E+03     0.109102E+03     0.928090E+02     0.837938E+02     0.917650E+02     0.974940E+02     0.973188E+02     0.969160E+02     0.899383E+02     0.875250E+02     0.885693E+02     0.901990E+02     0.899080E+02     0.884433E+02     0.888620E+02     0.908322E+02     0.943140E+02     0.940250E+02     0.938388E+02     0.901990E+02     0.914574E+02     0.847035E+02     0.837350E+02     0.835620E+02     0.873780E+02     0.851940E+02     0.857268E+02     0.855440E+02     0.889790E+02     0.844894E+02     0.775190E+02     0.805398E+02     0.803440E+02     0.800520E+02     0.798841E+02     0.855440E+02     0.853422E+02     0.849610E+02     0.822117E+02     0.820410E+02     0.817480E+02     0.803172E+02     0.792900E+02     0.831870E+02     0.852520E+02     0.849610E+02     0.819018E+02     0.797000E+02     0.795209E+02     0.817666E+02     0.858360E+02     0.856724E+02     0.816902E+02     0.793330E+02     0.775190E+02     0.775190E+02     0.775190E+02     0.775190E+02     0.775190E+02     0.775190E+02     0.775190E+02     0.775190E+02     0.775190E+02     0.775190E+02     0.775190E+02     0.775190E+02     0.775190E+02     0.775190E+02     0.775190E+02     0.775190E+02     0.775190E+02     0.775190E+02     0.775190E+02     0.100000E+21
 0.132000E+04     0.206422E+03     0.206422E+03     0.206422E+03     0.206422E+03     0.206422E+03     0.206422E+03     0.206422E+03     0.206422E+03     0.206422E+03     0.206422E+03     0.206422E+03     0.206422E+03     0.156186E+03     0.116323E+03     0.118110E+03     0.119048E+03     0.176876E+03     0.163399E+03     0.162716E+03     0.156118E+03     0.143715E+03     0.143255E+03     0.137961E+03     0.136280E+03     0.139221E+03     0.144609E+03     0.144143E+03     0.138061E+03     0.137257E+03     0.136560E+03     0.142342E+03     0.131578E+03     0.155111E+03     0.201910E+03     0.195948E+03     0.199512E+03     0.200123E+03     0.184700E+03     0.170574E+03     0.125759E+03     0.125510E+03     0.125087E+03     0.124782E+03     0.126946E+03     0.126668E+03     0.120679E+03     0.122065E+03     0.124466E+03     0.125284E+03     0.121681E+03     0.120165E+03     0.121301E+03     0.121052E+03     0.110294E+03     0.928090E+02     0.832886E+02     0.917650E+02     0.974940E+02     0.973111E+02     0.969160E+02     0.901348E+02     0.875250E+02     0.885375E+02     0.901990E+02     0.899080E+02     0.883240E+02     0.888620E+02     0.906803E+02     0.943140E+02     0.940250E+02     0.938270E+02     0.901990E+02     0.915494E+02     0.847312E+02     0.837350E+02     0.835553E+02     0.875654E+02     0.851940E+02     0.842361E+02     0.855440E+02     0.866702E+02     0.869937E+02     0.851139E+02     0.805547E+02     0.803440E+02     0.800520E+02     0.798792E+02     0.855440E+02     0.853255E+02     0.849610E+02     0.822174E+02     0.820410E+02     0.817480E+02     0.802136E+02     0.792900E+02     0.834214E+02     0.852520E+02     0.849610E+02     0.817542E+02     0.797000E+02     0.795045E+02     0.815907E+02     0.858360E+02     0.856685E+02     0.832581E+02     0.793330E+02     0.775190E+02     0.775190E+02     0.775190E+02     0.775190E+02     0.775190E+02     0.775190E+02     0.775190E+02     0.775190E+02     0.775190E+02     0.775190E+02     0.775190E+02     0.775190E+02     0.775190E+02     0.775190E+02     0.775190E+02     0.775190E+02     0.775190E+02     0.775190E+02     0.775190E+02     0.100000E+21
 0.134000E+04     0.206422E+03     0.206422E+03     0.206422E+03     0.206422E+03     0.206422E+03     0.206422E+03     0.206422E+03     0.206422E+03     0.206422E+03     0.206422E+03     0.206422E+03     0.206422E+03     0.154206E+03     0.116323E+03     0.116323E+03     0.119048E+03     0.177677E+03     0.163399E+03     0.162716E+03     0.155448E+03     0.143715E+03     0.143211E+03     0.138026E+03     0.136280E+03     0.139413E+03     0.144678E+03     0.144143E+03     0.138119E+03     0.137257E+03     0.136560E+03     0.137518E+03     0.131578E+03     0.149956E+03     0.201910E+03     0.195948E+03     0.199701E+03     0.200123E+03     0.192201E+03     0.190712E+03     0.125770E+03     0.125510E+03     0.125087E+03     0.124746E+03     0.126946E+03     0.126646E+03     0.120679E+03     0.122065E+03     0.124655E+03     0.125284E+03     0.121206E+03     0.120098E+03     0.121301E+03     0.121041E+03     0.112145E+03     0.928090E+02     0.824967E+02     0.917650E+02     0.974940E+02     0.972991E+02     0.969160E+02     0.904906E+02     0.875250E+02     0.884838E+02     0.901990E+02     0.899080E+02     0.914144E+02     0.888620E+02     0.904408E+02     0.943140E+02     0.940250E+02     0.938084E+02     0.901990E+02     0.916924E+02     0.847767E+02     0.837350E+02     0.835448E+02     0.878785E+02     0.851940E+02     0.834268E+02     0.855440E+02     0.852520E+02     0.886036E+02     0.883970E+02     0.805798E+02     0.803440E+02     0.800520E+02     0.798712E+02     0.855440E+02     0.852939E+02     0.849610E+02     0.822268E+02     0.820410E+02     0.817480E+02     0.800446E+02     0.792900E+02     0.837794E+02     0.852520E+02     0.849610E+02     0.815235E+02     0.797000E+02     0.794758E+02     0.813133E+02     0.858360E+02     0.856620E+02     0.836326E+02     0.793330E+02     0.775190E+02     0.775190E+02     0.775190E+02     0.775190E+02     0.775190E+02     0.775190E+02     0.775190E+02     0.775190E+02     0.775190E+02     0.775190E+02     0.775190E+02     0.775190E+02     0.775190E+02     0.775190E+02     0.775190E+02     0.775190E+02     0.775190E+02     0.775190E+02     0.775190E+02     0.100000E+21
 0.136000E+04     0.206422E+03     0.206422E+03     0.206422E+03     0.206422E+03     0.206422E+03     0.206422E+03     0.206422E+03     0.206422E+03     0.206422E+03     0.206422E+03     0.206422E+03     0.206422E+03     0.154830E+03     0.116323E+03     0.116323E+03     0.119048E+03     0.177487E+03     0.163399E+03     0.162716E+03     0.155456E+03     0.143715E+03     0.143211E+03     0.138006E+03     0.136280E+03     0.139373E+03     0.144692E+03     0.144143E+03     0.138109E+03     0.137257E+03     0.136560E+03     0.134638E+03     0.131578E+03     0.149813E+03     0.201910E+03     0.195948E+03     0.199650E+03     0.200123E+03     0.192231E+03     0.190712E+03     0.125767E+03     0.125510E+03     0.125087E+03     0.124743E+03     0.132576E+03     0.128318E+03     0.120679E+03     0.122065E+03     0.124630E+03     0.125284E+03     0.121130E+03     0.120114E+03     0.121301E+03     0.121044E+03     0.112254E+03     0.928090E+02     0.923275E+02     0.917650E+02     0.974940E+02     0.973015E+02     0.969160E+02     0.905356E+02     0.875250E+02     0.885017E+02     0.901990E+02     0.899080E+02     0.924217E+02     0.888620E+02     0.904897E+02     0.943140E+02     0.940250E+02     0.938094E+02     0.901990E+02     0.917008E+02     0.847632E+02     0.837350E+02     0.835473E+02     0.850601E+02     0.851940E+02     0.834473E+02     0.855440E+02     0.852520E+02     0.886017E+02     0.883970E+02     0.805814E+02     0.803440E+02     0.800520E+02     0.798736E+02     0.855440E+02     0.852889E+02     0.849610E+02     0.822243E+02     0.820410E+02     0.817480E+02     0.800399E+02     0.792900E+02     0.837580E+02     0.852520E+02     0.849610E+02     0.815630E+02     0.797000E+02     0.794700E+02     0.860293E+02     0.858360E+02     0.856640E+02     0.836332E+02     0.793330E+02     0.775190E+02     0.775190E+02     0.775190E+02     0.775190E+02     0.775190E+02     0.775190E+02     0.775190E+02     0.775190E+02     0.775190E+02     0.775190E+02     0.775190E+02     0.775190E+02     0.775190E+02     0.775190E+02     0.775190E+02     0.775190E+02     0.775190E+02     0.775190E+02     0.775190E+02     0.100000E+21
 0.138000E+04     0.206422E+03     0.206422E+03     0.206422E+03     0.206422E+03     0.206422E+03     0.206422E+03     0.206422E+03     0.206422E+03     0.206422E+03     0.206422E+03     0.206422E+03     0.206422E+03     0.154393E+03     0.116323E+03     0.116323E+03     0.119048E+03     0.177552E+03     0.163399E+03     0.162716E+03     0.155697E+03     0.143715E+03     0.143227E+03     0.138020E+03     0.136280E+03     0.139378E+03     0.144638E+03     0.144143E+03     0.138106E+03     0.137257E+03     0.136560E+03     0.136940E+03     0.139886E+03     0.152092E+03     0.201910E+03     0.195948E+03     0.199676E+03     0.200123E+03     0.192096E+03     0.190712E+03     0.125769E+03     0.125510E+03     0.125087E+03     0.124762E+03     0.132576E+03     0.128360E+03     0.120679E+03     0.122065E+03     0.124608E+03     0.125284E+03     0.121460E+03     0.120108E+03     0.121301E+03     0.121042E+03     0.111363E+03     0.928090E+02     0.923142E+02     0.917650E+02     0.974940E+02     0.973013E+02     0.969160E+02     0.906574E+02     0.892263E+02     0.884881E+02     0.901990E+02     0.899080E+02     0.922280E+02     0.881254E+02     0.904847E+02     0.943140E+02     0.940250E+02     0.938145E+02     0.901990E+02     0.916320E+02     0.847717E+02     0.837350E+02     0.835464E+02     0.850707E+02     0.851940E+02     0.834650E+02     0.855440E+02     0.852520E+02     0.885997E+02     0.883970E+02     0.805684E+02     0.803440E+02     0.800520E+02     0.817986E+02     0.855440E+02     0.853115E+02     0.849610E+02     0.822255E+02     0.820410E+02     0.817480E+02     0.801146E+02     0.792900E+02     0.836693E+02     0.852520E+02     0.849610E+02     0.815724E+02     0.797000E+02     0.794926E+02     0.860297E+02     0.858360E+02     0.856626E+02     0.834963E+02     0.793330E+02     0.775190E+02     0.775190E+02     0.775190E+02     0.775190E+02     0.775190E+02     0.775190E+02     0.775190E+02     0.775190E+02     0.775190E+02     0.775190E+02     0.775190E+02     0.775190E+02     0.775190E+02     0.775190E+02     0.775190E+02     0.775190E+02     0.775190E+02     0.775190E+02     0.775190E+02     0.100000E+21
 0.140000E+04     0.206422E+03     0.206422E+03     0.206422E+03     0.206422E+03     0.206422E+03     0.206422E+03     0.206422E+03     0.206422E+03     0.206422E+03     0.206422E+03     0.206422E+03     0.206422E+03     0.157326E+03     0.116323E+03     0.116323E+03     0.119048E+03     0.176394E+03     0.163399E+03     0.162716E+03     0.156523E+03     0.143715E+03     0.143282E+03     0.137923E+03     0.136280E+03     0.139104E+03     0.144572E+03     0.144143E+03     0.138025E+03     0.137257E+03     0.136560E+03     0.140111E+03     0.147180E+03     0.158158E+03     0.201910E+03     0.195948E+03     0.199400E+03     0.200123E+03     0.191917E+03     0.190712E+03     0.125752E+03     0.125510E+03     0.125087E+03     0.124803E+03     0.132576E+03     0.128791E+03     0.120679E+03     0.122065E+03     0.124349E+03     0.125284E+03     0.121956E+03     0.119769E+03     0.120293E+03     0.120600E+03     0.109145E+03     0.928090E+02     0.922521E+02     0.917650E+02     0.974940E+02     0.973185E+02     0.969160E+02     0.909770E+02     0.907790E+02     0.885680E+02     0.901990E+02     0.899080E+02     0.919287E+02     0.874660E+02     0.896947E+02     0.915048E+02     0.940250E+02     0.938383E+02     0.916454E+02     0.920457E+02     0.847046E+02     0.837350E+02     0.835617E+02     0.851793E+02     0.866498E+02     0.836769E+02     0.855440E+02     0.852520E+02     0.885790E+02     0.883970E+02     0.805403E+02     0.803440E+02     0.800520E+02     0.833703E+02     0.855440E+02     0.853416E+02     0.849610E+02     0.822119E+02     0.820410E+02     0.817480E+02     0.803135E+02     0.792900E+02     0.831957E+02     0.852520E+02     0.849610E+02     0.818961E+02     0.797000E+02     0.795204E+02     0.860125E+02     0.858360E+02     0.856722E+02     0.830220E+02     0.793330E+02     0.775190E+02     0.775190E+02     0.775190E+02     0.775190E+02     0.775190E+02     0.775190E+02     0.775190E+02     0.775190E+02     0.775190E+02     0.775190E+02     0.775190E+02     0.775190E+02     0.775190E+02     0.775190E+02     0.775190E+02     0.775190E+02     0.775190E+02     0.775190E+02     0.775190E+02     0.100000E+21
 0.142000E+04     0.206422E+03     0.206422E+03     0.206422E+03     0.206422E+03     0.206422E+03     0.206422E+03     0.206422E+03     0.206422E+03     0.206422E+03     0.206422E+03     0.206422E+03     0.206422E+03     0.157071E+03     0.116323E+03     0.120499E+03     0.158799E+03     0.176500E+03     0.163399E+03     0.162716E+03     0.156440E+03     0.143715E+03     0.143277E+03     0.137932E+03     0.136280E+03     0.139129E+03     0.144579E+03     0.144143E+03     0.138367E+03     0.137257E+03     0.136560E+03     0.140025E+03     0.147180E+03     0.157537E+03     0.201910E+03     0.195948E+03     0.199425E+03     0.200123E+03     0.191936E+03     0.190712E+03     0.125754E+03     0.125510E+03     0.125087E+03     0.124799E+03     0.127554E+03     0.127099E+03     0.120679E+03     0.122065E+03     0.124374E+03     0.125284E+03     0.123843E+03     0.119292E+03     0.119037E+03     0.120098E+03     0.109379E+03     0.928090E+02     0.922582E+02     0.917650E+02     0.974940E+02     0.973169E+02     0.969160E+02     0.909801E+02     0.907790E+02     0.885612E+02     0.901990E+02     0.899080E+02     0.919600E+02     0.874660E+02     0.884590E+02     0.882800E+02     0.940250E+02     0.938359E+02     0.934460E+02     0.926788E+02     0.847105E+02     0.837350E+02     0.835603E+02     0.851326E+02     0.884550E+02     0.836565E+02     0.855440E+02     0.852520E+02     0.885810E+02     0.883970E+02     0.837050E+02     0.803440E+02     0.800520E+02     0.833908E+02     0.855440E+02     0.853384E+02     0.849610E+02     0.822131E+02     0.820410E+02     0.817480E+02     0.802932E+02     0.792900E+02     0.832431E+02     0.852520E+02     0.849610E+02     0.818655E+02     0.797000E+02     0.795173E+02     0.860141E+02     0.858360E+02     0.856714E+02     0.830708E+02     0.793330E+02     0.775190E+02     0.775190E+02     0.775190E+02     0.775190E+02     0.775190E+02     0.775190E+02     0.775190E+02     0.775190E+02     0.775190E+02     0.775190E+02     0.775190E+02     0.775190E+02     0.775190E+02     0.775190E+02     0.775190E+02     0.775190E+02     0.775190E+02     0.775190E+02     0.775190E+02     0.100000E+21
 0.144000E+04     0.206422E+03     0.206422E+03     0.206422E+03     0.206422E+03     0.206422E+03     0.206422E+03     0.206422E+03     0.206422E+03     0.206422E+03     0.206422E+03     0.206422E+03     0.206422E+03     0.154385E+03     0.116323E+03     0.123859E+03     0.185185E+03     0.177557E+03     0.163399E+03     0.162716E+03     0.155688E+03     0.143715E+03     0.143226E+03     0.138020E+03     0.136280E+03     0.139380E+03     0.144639E+03     0.144143E+03     0.138716E+03     0.137257E+03     0.136560E+03     0.139247E+03     0.147180E+03     0.152021E+03     0.201910E+03     0.195948E+03     0.199677E+03     0.200123E+03     0.192099E+03     0.190712E+03     0.125769E+03     0.125510E+03     0.125087E+03     0.124762E+03     0.124240E+03     0.125832E+03     0.120679E+03     0.122065E+03     0.124610E+03     0.125284E+03     0.124984E+03     0.119312E+03     0.119037E+03     0.120165E+03     0.111919E+03     0.928090E+02     0.923147E+02     0.917650E+02     0.974940E+02     0.973012E+02     0.969160E+02     0.910068E+02     0.907790E+02     0.884879E+02     0.901990E+02     0.899080E+02     0.907924E+02     0.874660E+02     0.884748E+02     0.882800E+02     0.940250E+02     0.938143E+02     0.934460E+02     0.925857E+02     0.850486E+02     0.845065E+02     0.837968E+02     0.846905E+02     0.884550E+02     0.834636E+02     0.855440E+02     0.852520E+02     0.885999E+02     0.883970E+02     0.862971E+02     0.803440E+02     0.800520E+02     0.836033E+02     0.855440E+02     0.853110E+02     0.849610E+02     0.822256E+02     0.820410E+02     0.817480E+02     0.801123E+02     0.792900E+02     0.836733E+02     0.852520E+02     0.849610E+02     0.815705E+02     0.797000E+02     0.794921E+02     0.860297E+02     0.858360E+02     0.856626E+02     0.835011E+02     0.793330E+02     0.775190E+02     0.775190E+02     0.775190E+02     0.775190E+02     0.775190E+02     0.775190E+02     0.775190E+02     0.775190E+02     0.775190E+02     0.775190E+02     0.775190E+02     0.775190E+02     0.775190E+02     0.775190E+02     0.775190E+02     0.775190E+02     0.775190E+02     0.775190E+02     0.775190E+02     0.100000E+21
 0.146000E+04     0.206422E+03     0.206422E+03     0.206422E+03     0.206422E+03     0.206422E+03     0.206422E+03     0.206422E+03     0.206422E+03     0.206422E+03     0.206422E+03     0.206422E+03     0.206422E+03     0.154563E+03     0.116323E+03     0.125128E+03     0.185185E+03     0.177612E+03     0.163399E+03     0.162716E+03     0.161205E+03     0.143715E+03     0.143200E+03     0.138014E+03     0.136280E+03     0.139405E+03     0.144724E+03     0.144143E+03     0.138737E+03     0.137257E+03     0.136560E+03     0.138951E+03     0.147180E+03     0.148324E+03     0.201910E+03     0.195948E+03     0.199678E+03     0.200123E+03     0.192361E+03     0.190712E+03     0.125769E+03     0.125510E+03     0.125087E+03     0.124731E+03     0.124240E+03     0.125870E+03     0.120679E+03     0.122065E+03     0.124666E+03     0.125284E+03     0.124944E+03     0.119313E+03     0.119037E+03     0.120162E+03     0.113812E+03     0.928090E+02     0.923386E+02     0.917650E+02     0.933667E+02     0.960673E+02     0.969160E+02     0.910391E+02     0.907790E+02     0.875868E+02     0.879383E+02     0.899080E+02     0.896479E+02     0.874660E+02     0.884765E+02     0.882800E+02     0.940250E+02     0.938052E+02     0.934460E+02     0.910044E+02     0.853144E+02     0.851360E+02     0.840351E+02     0.841942E+02     0.884550E+02     0.847683E+02     0.855440E+02     0.852520E+02     0.864472E+02     0.883970E+02     0.868549E+02     0.803440E+02     0.800520E+02     0.835961E+02     0.855440E+02     0.852670E+02     0.849610E+02     0.822256E+02     0.820410E+02     0.817480E+02     0.799911E+02     0.792900E+02     0.838367E+02     0.852520E+02     0.849610E+02     0.815219E+02     0.797000E+02     0.794566E+02     0.860313E+02     0.858360E+02     0.856632E+02     0.837264E+02     0.793330E+02     0.775190E+02     0.775190E+02     0.775190E+02     0.775190E+02     0.775190E+02     0.775190E+02     0.775190E+02     0.775190E+02     0.775190E+02     0.775190E+02     0.775190E+02     0.775190E+02     0.775190E+02     0.775190E+02     0.775190E+02     0.775190E+02     0.775190E+02     0.775190E+02     0.775190E+02     0.100000E+21
 0.148000E+04     0.206422E+03     0.206422E+03     0.206422E+03     0.206422E+03     0.206422E+03     0.206422E+03     0.206422E+03     0.206422E+03     0.206422E+03     0.206422E+03     0.206422E+03     0.206422E+03     0.154306E+03     0.116323E+03     0.124038E+03     0.185185E+03     0.177607E+03     0.163399E+03     0.162716E+03     0.162202E+03     0.143715E+03     0.143220E+03     0.138023E+03     0.136280E+03     0.139394E+03     0.144653E+03     0.144143E+03     0.138724E+03     0.137257E+03     0.136560E+03     0.138221E+03     0.147180E+03     0.151250E+03     0.201910E+03     0.195948E+03     0.194850E+03     0.200123E+03     0.192132E+03     0.190712E+03     0.125770E+03     0.125510E+03     0.125087E+03     0.124756E+03     0.132576E+03     0.128326E+03     0.120679E+03     0.122065E+03     0.124628E+03     0.125284E+03     0.124977E+03     0.119313E+03     0.119037E+03     0.120167E+03     0.112653E+03     0.928090E+02     0.923207E+02     0.917650E+02     0.914760E+02     0.953158E+02     0.969160E+02     0.954767E+02     0.907790E+02     0.871101E+02     0.869420E+02     0.899080E+02     0.896751E+02     0.874660E+02     0.884757E+02     0.882800E+02     0.940250E+02     0.938120E+02     0.934460E+02     0.909063E+02     0.853152E+02     0.851360E+02     0.840351E+02     0.835833E+02     0.847280E+02     0.841240E+02     0.822750E+02     0.852520E+02     0.859839E+02     0.883970E+02     0.864040E+02     0.803440E+02     0.800520E+02     0.836107E+02     0.855440E+02     0.853054E+02     0.849610E+02     0.822261E+02     0.820410E+02     0.817480E+02     0.800870E+02     0.792900E+02     0.837153E+02     0.852520E+02     0.849610E+02     0.815513E+02     0.797000E+02     0.794864E+02     0.860306E+02     0.858360E+02     0.856623E+02     0.835522E+02     0.793330E+02     0.775190E+02     0.775190E+02     0.775190E+02     0.775190E+02     0.775190E+02     0.775190E+02     0.775190E+02     0.775190E+02     0.775190E+02     0.775190E+02     0.775190E+02     0.775190E+02     0.775190E+02     0.775190E+02     0.775190E+02     0.775190E+02     0.775190E+02     0.775190E+02     0.775190E+02     0.100000E+21
 0.150000E+04     0.206422E+03     0.206422E+03     0.206422E+03     0.206422E+03     0.206422E+03     0.206422E+03     0.206422E+03     0.206422E+03     0.206422E+03     0.206422E+03     0.206422E+03     0.206422E+03     0.156680E+03     0.116323E+03     0.123141E+03     0.185185E+03     0.176664E+03     0.163399E+03     0.162716E+03     0.162253E+03     0.143715E+03     0.143268E+03     0.137945E+03     0.136280E+03     0.139169E+03     0.144591E+03     0.144143E+03     0.138610E+03     0.137257E+03     0.136560E+03     0.139024E+03     0.147180E+03     0.155406E+03     0.201910E+03     0.195948E+03     0.194916E+03     0.200123E+03     0.191967E+03     0.190712E+03     0.125756E+03     0.125510E+03     0.125087E+03     0.124792E+03     0.132576E+03     0.128683E+03     0.120679E+03     0.122065E+03     0.123501E+03     0.125284E+03     0.125012E+03     0.119295E+03     0.119037E+03     0.120108E+03     0.110637E+03     0.928090E+02     0.922682E+02     0.917650E+02     0.914760E+02     0.950370E+02     0.969160E+02     0.949380E+02     0.907790E+02     0.871037E+02     0.869420E+02     0.899080E+02     0.897018E+02     0.892653E+02     0.884615E+02     0.882800E+02     0.940250E+02     0.938321E+02     0.934460E+02     0.911643E+02     0.867390E+02     0.851360E+02     0.841076E+02     0.837143E+02     0.847280E+02     0.839691E+02     0.822750E+02     0.852520E+02     0.861869E+02     0.883970E+02     0.857473E+02     0.803440E+02     0.800520E+02     0.820841E+02     0.855440E+02     0.853332E+02     0.849610E+02     0.822150E+02     0.820410E+02     0.817480E+02     0.802600E+02     0.792900E+02     0.833189E+02     0.852520E+02     0.849610E+02     0.818174E+02     0.797000E+02     0.795121E+02     0.860166E+02     0.858360E+02     0.856701E+02     0.831496E+02     0.793330E+02     0.775190E+02     0.775190E+02     0.775190E+02     0.775190E+02     0.775190E+02     0.775190E+02     0.775190E+02     0.775190E+02     0.775190E+02     0.775190E+02     0.775190E+02     0.775190E+02     0.775190E+02     0.775190E+02     0.775190E+02     0.775190E+02     0.775190E+02     0.775190E+02     0.775190E+02     0.100000E+21
 0.152000E+04     0.206422E+03     0.206422E+03     0.206422E+03     0.206422E+03     0.206422E+03     0.206422E+03     0.206422E+03     0.206422E+03     0.206422E+03     0.206422E+03     0.206422E+03     0.206422E+03     0.157429E+03     0.116323E+03     0.122828E+03     0.151638E+03     0.176352E+03     0.163399E+03     0.162716E+03     0.162271E+03     0.143715E+03     0.143285E+03     0.137920E+03     0.136280E+03     0.139094E+03     0.144569E+03     0.144143E+03     0.138570E+03     0.137257E+03     0.136560E+03     0.139311E+03     0.147180E+03     0.155105E+03     0.201910E+03     0.195948E+03     0.194937E+03     0.200123E+03     0.191909E+03     0.190712E+03     0.125752E+03     0.125510E+03     0.125087E+03     0.124805E+03     0.132576E+03     0.128808E+03     0.120679E+03     0.121146E+03     0.121459E+03     0.125284E+03     0.125025E+03     0.119289E+03     0.119037E+03     0.120089E+03     0.109895E+03     0.928090E+02     0.922496E+02     0.917650E+02     0.914760E+02     0.949432E+02     0.969160E+02     0.947492E+02     0.907790E+02     0.871017E+02     0.869420E+02     0.899080E+02     0.897112E+02     0.925770E+02     0.884567E+02     0.882800E+02     0.940250E+02     0.938392E+02     0.934460E+02     0.912593E+02     0.890232E+02     0.851360E+02     0.841316E+02     0.837625E+02     0.847280E+02     0.849493E+02     0.822750E+02     0.852520E+02     0.862576E+02     0.883970E+02     0.855145E+02     0.803440E+02     0.800520E+02     0.798843E+02     0.855440E+02     0.853428E+02     0.849610E+02     0.822114E+02     0.820410E+02     0.817480E+02     0.803215E+02     0.792900E+02     0.831770E+02     0.852520E+02     0.849610E+02     0.819083E+02     0.797000E+02     0.795215E+02     0.860119E+02     0.858360E+02     0.856726E+02     0.830029E+02     0.793330E+02     0.775190E+02     0.775190E+02     0.775190E+02     0.775190E+02     0.775190E+02     0.775190E+02     0.775190E+02     0.775190E+02     0.775190E+02     0.775190E+02     0.775190E+02     0.775190E+02     0.775190E+02     0.775190E+02     0.775190E+02     0.775190E+02     0.775190E+02     0.775190E+02     0.775190E+02     0.100000E+21
 0.154000E+04     0.206422E+03     0.206422E+03     0.206422E+03     0.206422E+03     0.206422E+03     0.206422E+03     0.206422E+03     0.206422E+03     0.206422E+03     0.206422E+03     0.206422E+03     0.206422E+03     0.154325E+03     0.116323E+03     0.123990E+03     0.119048E+03     0.177595E+03     0.163399E+03     0.162716E+03     0.162204E+03     0.143715E+03     0.143222E+03     0.138022E+03     0.136280E+03     0.139390E+03     0.144649E+03     0.144143E+03     0.138722E+03     0.137257E+03     0.136560E+03     0.138243E+03     0.147180E+03     0.147627E+03     0.201910E+03     0.195948E+03     0.194851E+03     0.200123E+03     0.192123E+03     0.190712E+03     0.125770E+03     0.125510E+03     0.125087E+03     0.124757E+03     0.132576E+03     0.128333E+03     0.120679E+03     0.120254E+03     0.121229E+03     0.125284E+03     0.124979E+03     0.119313E+03     0.119037E+03     0.120166E+03     0.119944E+03     0.118668E+03     0.890410E+02     0.793960E+02     0.914760E+02     0.953115E+02     0.969160E+02     0.954494E+02     0.907790E+02     0.871100E+02     0.869420E+02     0.899080E+02     0.896764E+02     0.925770E+02     0.884755E+02     0.882800E+02     0.940250E+02     0.938126E+02     0.934460E+02     0.909162E+02     0.893095E+02     0.851360E+02     0.840360E+02     0.830708E+02     0.828600E+02     0.864125E+02     0.822750E+02     0.852520E+02     0.859883E+02     0.883970E+02     0.863761E+02     0.803440E+02     0.800520E+02     0.798718E+02     0.855440E+02     0.853069E+02     0.849610E+02     0.822260E+02     0.820410E+02     0.817480E+02     0.800935E+02     0.792900E+02     0.837047E+02     0.852520E+02     0.849610E+02     0.815560E+02     0.797000E+02     0.794879E+02     0.860304E+02     0.858360E+02     0.856624E+02     0.835392E+02     0.793330E+02     0.775190E+02     0.775190E+02     0.775190E+02     0.775190E+02     0.775190E+02     0.775190E+02     0.775190E+02     0.775190E+02     0.775190E+02     0.775190E+02     0.775190E+02     0.775190E+02     0.775190E+02     0.775190E+02     0.775190E+02     0.775190E+02     0.775190E+02     0.775190E+02     0.775190E+02     0.100000E+21
 0.156000E+04     0.206422E+03     0.206422E+03     0.206422E+03     0.206422E+03     0.206422E+03     0.206422E+03     0.206422E+03     0.206422E+03     0.206422E+03     0.206422E+03     0.206422E+03     0.206422E+03     0.155276E+03     0.116323E+03     0.124019E+03     0.119048E+03     0.177281E+03     0.163399E+03     0.162716E+03     0.162210E+03     0.143715E+03     0.143227E+03     0.137991E+03     0.136280E+03     0.139321E+03     0.144656E+03     0.144143E+03     0.138691E+03     0.137257E+03     0.136560E+03     0.138381E+03     0.147180E+03     0.148099E+03     0.201910E+03     0.195948E+03     0.194874E+03     0.200123E+03     0.192130E+03     0.190712E+03     0.125764E+03     0.125510E+03     0.125087E+03     0.124759E+03     0.126062E+03     0.126863E+03     0.120679E+03     0.120254E+03     0.121210E+03     0.125284E+03     0.124977E+03     0.119307E+03     0.119037E+03     0.120144E+03     0.119937E+03     0.118668E+03     0.888926E+02     0.793960E+02     0.914760E+02     0.952268E+02     0.969160E+02     0.954573E+02     0.907790E+02     0.871074E+02     0.869420E+02     0.899080E+02     0.896760E+02     0.925770E+02     0.884712E+02     0.882800E+02     0.940250E+02     0.938159E+02     0.934460E+02     0.909301E+02     0.892258E+02     0.851360E+02     0.840603E+02     0.830723E+02     0.828600E+02     0.867619E+02     0.840931E+02     0.852520E+02     0.860352E+02     0.883970E+02     0.863461E+02     0.803440E+02     0.800520E+02     0.798755E+02     0.855440E+02     0.853058E+02     0.849610E+02     0.822220E+02     0.820410E+02     0.817480E+02     0.801079E+02     0.792900E+02     0.836364E+02     0.852520E+02     0.849610E+02     0.816290E+02     0.797000E+02     0.794851E+02     0.860261E+02     0.858360E+02     0.856655E+02     0.834937E+02     0.793330E+02     0.775190E+02     0.775190E+02     0.775190E+02     0.775190E+02     0.775190E+02     0.775190E+02     0.775190E+02     0.775190E+02     0.775190E+02     0.775190E+02     0.775190E+02     0.775190E+02     0.775190E+02     0.775190E+02     0.775190E+02     0.775190E+02     0.775190E+02     0.775190E+02     0.775190E+02     0.100000E+21
 0.158000E+04     0.206422E+03     0.206422E+03     0.206422E+03     0.206422E+03     0.206422E+03     0.206422E+03     0.206422E+03     0.206422E+03     0.206422E+03     0.206422E+03     0.206422E+03     0.206422E+03     0.154166E+03     0.116323E+03     0.124921E+03     0.119048E+03     0.177721E+03     0.163399E+03     0.162716E+03     0.162181E+03     0.143715E+03     0.143202E+03     0.138028E+03     0.136280E+03     0.135808E+03     0.144709E+03     0.144143E+03     0.138745E+03     0.137257E+03     0.136560E+03     0.137981E+03     0.147180E+03     0.144633E+03     0.201910E+03     0.195948E+03     0.194844E+03     0.200123E+03     0.192311E+03     0.190712E+03     0.125771E+03     0.125510E+03     0.125087E+03     0.124735E+03     0.124240E+03     0.125875E+03     0.120679E+03     0.120254E+03     0.121249E+03     0.125284E+03     0.124951E+03     0.119315E+03     0.119037E+03     0.120171E+03     0.120012E+03     0.118668E+03     0.893728E+02     0.793960E+02     0.914760E+02     0.953577E+02     0.969160E+02     0.959325E+02     0.907790E+02     0.889940E+02     0.869420E+02     0.899080E+02     0.896525E+02     0.925770E+02     0.875313E+02     0.882800E+02     0.879900E+02     0.923584E+02     0.934460E+02     0.907831E+02     0.893276E+02     0.851360E+02     0.840265E+02     0.830901E+02     0.828600E+02     0.871588E+02     0.846110E+02     0.852520E+02     0.859367E+02     0.883970E+02     0.867920E+02     0.803440E+02     0.800520E+02     0.798710E+02     0.855440E+02     0.852753E+02     0.849610E+02     0.822271E+02     0.820410E+02     0.817480E+02     0.800023E+02     0.792900E+02     0.838342E+02     0.852520E+02     0.849610E+02     0.815026E+02     0.797000E+02     0.794627E+02     0.860327E+02     0.858360E+02     0.856618E+02     0.837053E+02     0.793330E+02     0.775190E+02     0.775190E+02     0.775190E+02     0.775190E+02     0.775190E+02     0.775190E+02     0.775190E+02     0.775190E+02     0.775190E+02     0.775190E+02     0.775190E+02     0.775190E+02     0.775190E+02     0.775190E+02     0.775190E+02     0.775190E+02     0.775190E+02     0.775190E+02     0.775190E+02     0.100000E+21
 0.160000E+04     0.206422E+03     0.206422E+03     0.206422E+03     0.206422E+03     0.206422E+03     0.206422E+03     0.206422E+03     0.206422E+03     0.206422E+03     0.206422E+03     0.206422E+03     0.206422E+03     0.155572E+03     0.116323E+03     0.123731E+03     0.119048E+03     0.177138E+03     0.163399E+03     0.162716E+03     0.162222E+03     0.143715E+03     0.143239E+03     0.137981E+03     0.136280E+03     0.135829E+03     0.144634E+03     0.144143E+03     0.138671E+03     0.137257E+03     0.136560E+03     0.138557E+03     0.147180E+03     0.149573E+03     0.201910E+03     0.195948E+03     0.194884E+03     0.200123E+03     0.192076E+03     0.190712E+03     0.125762E+03     0.125510E+03     0.125087E+03     0.124769E+03     0.124240E+03     0.125784E+03     0.120679E+03     0.120254E+03     0.121194E+03     0.125284E+03     0.124988E+03     0.119304E+03     0.119037E+03     0.120136E+03     0.119902E+03     0.118668E+03     0.886892E+02     0.793960E+02     0.914760E+02     0.951814E+02     0.969160E+02     0.952896E+02     0.907790E+02     0.889486E+02     0.869420E+02     0.899080E+02     0.896844E+02     0.925770E+02     0.875653E+02     0.882800E+02     0.879900E+02     0.920591E+02     0.934460E+02     0.910009E+02     0.891970E+02     0.851360E+02     0.840712E+02     0.830642E+02     0.828600E+02     0.870175E+02     0.846110E+02     0.852520E+02     0.860744E+02     0.883970E+02     0.861632E+02     0.803440E+02     0.800520E+02     0.798767E+02     0.855440E+02     0.853148E+02     0.849610E+02     0.822204E+02     0.820410E+02     0.817480E+02     0.801529E+02     0.792900E+02     0.835495E+02     0.852520E+02     0.849610E+02     0.816756E+02     0.797000E+02     0.794943E+02     0.860238E+02     0.858360E+02     0.856665E+02     0.833945E+02     0.793330E+02     0.775190E+02     0.775190E+02     0.775190E+02     0.775190E+02     0.775190E+02     0.775190E+02     0.775190E+02     0.775190E+02     0.775190E+02     0.775190E+02     0.775190E+02     0.775190E+02     0.775190E+02     0.775190E+02     0.775190E+02     0.775190E+02     0.775190E+02     0.775190E+02     0.775190E+02     0.100000E+21
 0.162000E+04     0.206422E+03     0.206422E+03     0.206422E+03     0.206422E+03     0.206422E+03     0.206422E+03     0.206422E+03     0.206422E+03     0.206422E+03     0.206422E+03     0.206422E+03     0.206422E+03     0.157164E+03     0.116323E+03     0.122932E+03     0.119048E+03     0.176461E+03     0.163399E+03     0.162716E+03     0.162265E+03     0.152565E+03     0.146567E+03     0.138998E+03     0.138485E+03     0.136823E+03     0.144576E+03     0.144143E+03     0.138584E+03     0.137257E+03     0.136560E+03     0.139213E+03     0.147180E+03     0.154425E+03     0.201910E+03     0.195948E+03     0.194930E+03     0.200123E+03     0.191928E+03     0.190712E+03     0.125753E+03     0.125510E+03     0.125087E+03     0.124800E+03     0.124240E+03     0.125678E+03     0.126101E+03     0.120254E+03     0.121131E+03     0.125284E+03     0.125021E+03     0.119291E+03     0.119037E+03     0.120095E+03     0.119787E+03     0.118668E+03     0.879407E+02     0.793960E+02     0.914760E+02     0.949758E+02     0.969160E+02     0.948121E+02     0.907790E+02     0.888976E+02     0.869420E+02     0.899080E+02     0.897080E+02     0.925770E+02     0.876050E+02     0.882800E+02     0.879900E+02     0.917314E+02     0.934460E+02     0.932641E+02     0.890479E+02     0.851360E+02     0.844754E+02     0.830418E+02     0.828600E+02     0.858902E+02     0.846110E+02     0.852520E+02     0.848529E+02     0.846690E+02     0.855926E+02     0.803440E+02     0.800520E+02     0.798832E+02     0.855440E+02     0.853396E+02     0.849610E+02     0.827942E+02     0.820410E+02     0.817480E+02     0.807983E+02     0.792900E+02     0.832255E+02     0.852520E+02     0.849610E+02     0.818768E+02     0.797000E+02     0.795184E+02     0.860135E+02     0.858360E+02     0.856717E+02     0.830527E+02     0.793330E+02     0.775190E+02     0.775190E+02     0.775190E+02     0.775190E+02     0.775190E+02     0.775190E+02     0.775190E+02     0.775190E+02     0.775190E+02     0.775190E+02     0.775190E+02     0.775190E+02     0.775190E+02     0.775190E+02     0.775190E+02     0.775190E+02     0.775190E+02     0.775190E+02     0.775190E+02     0.100000E+21
 0.164000E+04     0.206422E+03     0.206422E+03     0.206422E+03     0.206422E+03     0.206422E+03     0.206422E+03     0.206422E+03     0.206422E+03     0.206422E+03     0.206422E+03     0.206422E+03     0.206422E+03     0.154165E+03     0.116323E+03     0.124810E+03     0.119048E+03     0.177717E+03     0.163399E+03     0.162716E+03     0.162183E+03     0.152565E+03     0.145533E+03     0.140187E+03     0.141631E+03     0.137544E+03     0.144703E+03     0.144143E+03     0.138744E+03     0.137257E+03     0.136560E+03     0.137997E+03     0.147180E+03     0.144857E+03     0.201910E+03     0.195948E+03     0.194844E+03     0.200123E+03     0.192286E+03     0.190712E+03     0.125771E+03     0.125510E+03     0.125087E+03     0.124737E+03     0.124240E+03     0.130202E+03     0.126101E+03     0.120254E+03     0.121248E+03     0.125284E+03     0.124953E+03     0.119315E+03     0.119037E+03     0.120171E+03     0.120007E+03     0.118668E+03     0.924490E+02     0.922290E+02     0.914760E+02     0.953557E+02     0.969160E+02     0.965912E+02     0.963390E+02     0.889942E+02     0.869420E+02     0.866510E+02     0.892400E+02     0.893270E+02     0.875317E+02     0.882800E+02     0.879900E+02     0.923490E+02     0.934460E+02     0.932285E+02     0.903982E+02     0.916500E+02     0.871885E+02     0.830884E+02     0.828600E+02     0.844857E+02     0.846110E+02     0.819820E+02     0.848778E+02     0.846690E+02     0.867581E+02     0.803440E+02     0.800520E+02     0.798710E+02     0.855440E+02     0.852795E+02     0.849610E+02     0.837160E+02     0.820410E+02     0.817480E+02     0.815143E+02     0.792900E+02     0.838261E+02     0.852520E+02     0.849610E+02     0.815053E+02     0.797000E+02     0.794651E+02     0.860326E+02     0.858360E+02     0.856618E+02     0.836942E+02     0.793330E+02     0.775190E+02     0.775190E+02     0.775190E+02     0.775190E+02     0.775190E+02     0.775190E+02     0.775190E+02     0.775190E+02     0.775190E+02     0.775190E+02     0.775190E+02     0.775190E+02     0.775190E+02     0.775190E+02     0.775190E+02     0.775190E+02     0.775190E+02     0.775190E+02     0.775190E+02     0.100000E+21
 0.166000E+04     0.206422E+03     0.206422E+03     0.206422E+03     0.206422E+03     0.206422E+03     0.206422E+03     0.206422E+03     0.206422E+03     0.206422E+03     0.206422E+03     0.206422E+03     0.206422E+03     0.156346E+03     0.116323E+03     0.123303E+03     0.119048E+03     0.176807E+03     0.163399E+03     0.162716E+03     0.162244E+03     0.152565E+03     0.146295E+03     0.140246E+03     0.141631E+03     0.140077E+03     0.144603E+03     0.144143E+03     0.138628E+03     0.137257E+03     0.136560E+03     0.138885E+03     0.147180E+03     0.141016E+03     0.156848E+03     0.195948E+03     0.194906E+03     0.200123E+03     0.191997E+03     0.190712E+03     0.149692E+03     0.125510E+03     0.125087E+03     0.124785E+03     0.124240E+03     0.129683E+03     0.126101E+03     0.120254E+03     0.121163E+03     0.125284E+03     0.125005E+03     0.119297E+03     0.119037E+03     0.120116E+03     0.120111E+03     0.119601E+03     0.924260E+02     0.922290E+02     0.914760E+02     0.950804E+02     0.969160E+02     0.965493E+02     0.963390E+02     0.889239E+02     0.869420E+02     0.866510E+02     0.888102E+02     0.893270E+02     0.875848E+02     0.882800E+02     0.879900E+02     0.918934E+02     0.934460E+02     0.932551E+02     0.904589E+02     0.916500E+02     0.874692E+02     0.830525E+02     0.828600E+02     0.842986E+02     0.868386E+02     0.819820E+02     0.848597E+02     0.846690E+02     0.870583E+02     0.853794E+02     0.800520E+02     0.798799E+02     0.814447E+02     0.844637E+02     0.849610E+02     0.836218E+02     0.820410E+02     0.817480E+02     0.815439E+02     0.792900E+02     0.804228E+02     0.852520E+02     0.849610E+02     0.817749E+02     0.797000E+02     0.795072E+02     0.860188E+02     0.858360E+02     0.856690E+02     0.832218E+02     0.793330E+02     0.775190E+02     0.775190E+02     0.775190E+02     0.775190E+02     0.775190E+02     0.775190E+02     0.775190E+02     0.775190E+02     0.775190E+02     0.775190E+02     0.775190E+02     0.775190E+02     0.775190E+02     0.775190E+02     0.775190E+02     0.775190E+02     0.775190E+02     0.775190E+02     0.775190E+02     0.100000E+21
 0.168000E+04     0.206422E+03     0.206422E+03     0.206422E+03     0.206422E+03     0.206422E+03     0.206422E+03     0.206422E+03     0.206422E+03     0.206422E+03     0.206422E+03     0.206422E+03     0.206422E+03     0.154542E+03     0.116323E+03     0.124694E+03     0.119048E+03     0.177584E+03     0.163399E+03     0.162716E+03     0.162188E+03     0.152565E+03     0.145592E+03     0.138015E+03     0.136280E+03     0.139395E+03     0.144698E+03     0.144143E+03     0.138730E+03     0.137257E+03     0.136560E+03     0.138079E+03     0.147180E+03     0.131753E+03     0.135173E+03     0.200188E+03     0.196415E+03     0.200123E+03     0.192262E+03     0.190712E+03     0.164392E+03     0.125510E+03     0.125087E+03     0.124740E+03     0.124240E+03     0.130145E+03     0.126101E+03     0.120254E+03     0.121239E+03     0.125284E+03     0.124956E+03     0.119312E+03     0.119037E+03     0.120162E+03     0.120344E+03     0.120028E+03     0.924470E+02     0.922290E+02     0.914760E+02     0.912808E+02     0.969160E+02     0.965883E+02     0.963390E+02     0.889815E+02     0.869420E+02     0.866510E+02     0.892101E+02     0.893270E+02     0.909684E+02     0.882800E+02     0.879900E+02     0.923089E+02     0.934460E+02     0.932303E+02     0.904083E+02     0.916500E+02     0.872296E+02     0.830865E+02     0.828600E+02     0.841091E+02     0.878740E+02     0.819820E+02     0.848759E+02     0.846690E+02     0.880532E+02     0.878150E+02     0.800520E+02     0.798725E+02     0.794660E+02     0.846260E+02     0.849610E+02     0.837013E+02     0.820410E+02     0.817480E+02     0.815164E+02     0.792900E+02     0.790794E+02     0.852520E+02     0.849610E+02     0.815385E+02     0.797000E+02     0.794674E+02     0.860307E+02     0.858360E+02     0.856631E+02     0.836576E+02     0.793330E+02     0.775190E+02     0.775190E+02     0.775190E+02     0.775190E+02     0.775190E+02     0.775190E+02     0.775190E+02     0.775190E+02     0.775190E+02     0.775190E+02     0.775190E+02     0.775190E+02     0.775190E+02     0.775190E+02     0.775190E+02     0.775190E+02     0.775190E+02     0.775190E+02     0.775190E+02     0.100000E+21
 0.170000E+04     0.206422E+03     0.206422E+03     0.206422E+03     0.206422E+03     0.206422E+03     0.206422E+03     0.206422E+03     0.206422E+03     0.206422E+03     0.206422E+03     0.206422E+03     0.206422E+03     0.154542E+03     0.116323E+03     0.124694E+03     0.119048E+03     0.177584E+03     0.163399E+03     0.162716E+03     0.162188E+03     0.152565E+03     0.145592E+03     0.138015E+03     0.136280E+03     0.139395E+03     0.144698E+03     0.144143E+03     0.138730E+03     0.137257E+03     0.136560E+03     0.138079E+03     0.147180E+03     0.131753E+03     0.135173E+03     0.200188E+03     0.196415E+03     0.200123E+03     0.196994E+03     0.190712E+03     0.164392E+03     0.125510E+03     0.125087E+03     0.124740E+03     0.124240E+03     0.130145E+03     0.126101E+03     0.120254E+03     0.121239E+03     0.125284E+03     0.124956E+03     0.119312E+03     0.119037E+03     0.120162E+03     0.120344E+03     0.120028E+03     0.924470E+02     0.922290E+02     0.914760E+02     0.912808E+02     0.969160E+02     0.965883E+02     0.963390E+02     0.889815E+02     0.869420E+02     0.866510E+02     0.892101E+02     0.893270E+02     0.907094E+02     0.874326E+02     0.879900E+02     0.888561E+02     0.934460E+02     0.932303E+02     0.904083E+02     0.916500E+02     0.872296E+02     0.830865E+02     0.828600E+02     0.841091E+02     0.878740E+02     0.834112E+02     0.848759E+02     0.846690E+02     0.880532E+02     0.878150E+02     0.800520E+02     0.798725E+02     0.794660E+02     0.846260E+02     0.849610E+02     0.837013E+02     0.820410E+02     0.817480E+02     0.815164E+02     0.792900E+02     0.790794E+02     0.852520E+02     0.849610E+02     0.815385E+02     0.797000E+02     0.794674E+02     0.860307E+02     0.858360E+02     0.856631E+02     0.836576E+02     0.793330E+02     0.775190E+02     0.775190E+02     0.775190E+02     0.775190E+02     0.775190E+02     0.775190E+02     0.775190E+02     0.775190E+02     0.775190E+02     0.775190E+02     0.775190E+02     0.775190E+02     0.775190E+02     0.775190E+02     0.775190E+02     0.775190E+02     0.775190E+02     0.775190E+02     0.775190E+02     0.100000E+21
 0.172000E+04     0.206422E+03     0.206422E+03     0.206422E+03     0.206422E+03     0.206422E+03     0.206422E+03     0.206422E+03     0.206422E+03     0.206422E+03     0.206422E+03     0.206422E+03     0.206422E+03     0.156346E+03     0.116323E+03     0.123303E+03     0.119048E+03     0.176807E+03     0.163399E+03     0.162716E+03     0.162244E+03     0.152565E+03     0.146295E+03     0.137956E+03     0.136280E+03     0.139204E+03     0.144603E+03     0.144143E+03     0.138628E+03     0.137257E+03     0.136560E+03     0.137102E+03     0.143392E+03     0.132159E+03     0.135173E+03     0.200188E+03     0.196596E+03     0.200123E+03     0.196394E+03     0.190712E+03     0.162788E+03     0.125510E+03     0.125087E+03     0.124785E+03     0.124240E+03     0.128433E+03     0.126101E+03     0.120254E+03     0.121163E+03     0.125284E+03     0.125005E+03     0.119297E+03     0.119037E+03     0.120116E+03     0.120308E+03     0.120028E+03     0.924260E+02     0.922290E+02     0.867569E+02     0.893728E+02     0.969160E+02     0.965493E+02     0.963390E+02     0.895133E+02     0.881996E+02     0.866510E+02     0.888102E+02     0.893270E+02     0.902843E+02     0.868850E+02     0.879900E+02     0.877923E+02     0.934460E+02     0.932551E+02     0.907318E+02     0.909200E+02     0.870883E+02     0.833130E+02     0.828600E+02     0.838406E+02     0.866904E+02     0.843190E+02     0.848597E+02     0.846690E+02     0.872723E+02     0.878150E+02     0.800520E+02     0.798799E+02     0.794660E+02     0.837432E+02     0.849610E+02     0.836218E+02     0.820410E+02     0.817480E+02     0.815439E+02     0.792900E+02     0.790980E+02     0.852520E+02     0.849610E+02     0.817749E+02     0.797000E+02     0.795072E+02     0.860188E+02     0.858360E+02     0.856690E+02     0.832218E+02     0.793330E+02     0.775190E+02     0.775190E+02     0.775190E+02     0.775190E+02     0.775190E+02     0.775190E+02     0.775190E+02     0.775190E+02     0.775190E+02     0.775190E+02     0.775190E+02     0.775190E+02     0.775190E+02     0.775190E+02     0.775190E+02     0.775190E+02     0.775190E+02     0.775190E+02     0.775190E+02     0.100000E+21
 0.174000E+04     0.206422E+03     0.206422E+03     0.206422E+03     0.206422E+03     0.206422E+03     0.206422E+03     0.206422E+03     0.206422E+03     0.206422E+03     0.206422E+03     0.206422E+03     0.206422E+03     0.154165E+03     0.116323E+03     0.124810E+03     0.119048E+03     0.177717E+03     0.163399E+03     0.162716E+03     0.162183E+03     0.152565E+03     0.145533E+03     0.138028E+03     0.136280E+03     0.139425E+03     0.144703E+03     0.144143E+03     0.138744E+03     0.137257E+03     0.136560E+03     0.134696E+03     0.135162E+03     0.131722E+03     0.135173E+03     0.200188E+03     0.196382E+03     0.200123E+03     0.197673E+03     0.190712E+03     0.164709E+03     0.125510E+03     0.125087E+03     0.124737E+03     0.124240E+03     0.125873E+03     0.126101E+03     0.120254E+03     0.121248E+03     0.125284E+03     0.124953E+03     0.119315E+03     0.119037E+03     0.120171E+03     0.120347E+03     0.120028E+03     0.106548E+03     0.922290E+02     0.793960E+02     0.873795E+02     0.969160E+02     0.965912E+02     0.963390E+02     0.903668E+02     0.901990E+02     0.866510E+02     0.892400E+02     0.893270E+02     0.905439E+02     0.868850E+02     0.879900E+02     0.877692E+02     0.934460E+02     0.932285E+02     0.915077E+02     0.893270E+02     0.891308E+02     0.841837E+02     0.828600E+02     0.830144E+02     0.841440E+02     0.843190E+02     0.832716E+02     0.846690E+02     0.849748E+02     0.878150E+02     0.843722E+02     0.814458E+02     0.794660E+02     0.847066E+02     0.849610E+02     0.837160E+02     0.820410E+02     0.817480E+02     0.815143E+02     0.792900E+02     0.790775E+02     0.852520E+02     0.849610E+02     0.815053E+02     0.797000E+02     0.794651E+02     0.860326E+02     0.858360E+02     0.856618E+02     0.836942E+02     0.793330E+02     0.775190E+02     0.775190E+02     0.775190E+02     0.775190E+02     0.775190E+02     0.775190E+02     0.775190E+02     0.775190E+02     0.775190E+02     0.775190E+02     0.775190E+02     0.775190E+02     0.775190E+02     0.775190E+02     0.775190E+02     0.775190E+02     0.775190E+02     0.775190E+02     0.775190E+02     0.100000E+21
 0.176000E+04     0.206422E+03     0.206422E+03     0.206422E+03     0.206422E+03     0.206422E+03     0.206422E+03     0.206422E+03     0.206422E+03     0.206422E+03     0.206422E+03     0.206422E+03     0.206422E+03     0.157164E+03     0.116323E+03     0.118900E+03     0.119048E+03     0.176461E+03     0.163399E+03     0.162716E+03     0.162265E+03     0.152565E+03     0.146567E+03     0.137929E+03     0.136280E+03     0.139120E+03     0.144576E+03     0.144143E+03     0.138584E+03     0.137257E+03     0.136560E+03     0.134757E+03     0.135162E+03     0.132301E+03     0.135173E+03     0.200188E+03     0.196677E+03     0.195641E+03     0.196092E+03     0.190712E+03     0.162062E+03     0.125510E+03     0.125087E+03     0.124800E+03     0.124240E+03     0.125678E+03     0.126101E+03     0.120254E+03     0.121131E+03     0.125284E+03     0.125021E+03     0.119291E+03     0.119037E+03     0.120095E+03     0.120295E+03     0.120028E+03     0.109167E+03     0.922290E+02     0.793960E+02     0.865979E+02     0.969160E+02     0.965383E+02     0.963390E+02     0.920955E+02     0.901990E+02     0.866510E+02     0.886968E+02     0.893270E+02     0.912509E+02     0.897208E+02     0.879900E+02     0.878005E+02     0.934460E+02     0.932641E+02     0.913623E+02     0.893270E+02     0.905440E+02     0.839137E+02     0.828600E+02     0.831481E+02     0.841440E+02     0.843190E+02     0.827931E+02     0.846690E+02     0.854909E+02     0.878150E+02     0.875250E+02     0.830521E+02     0.794660E+02     0.809184E+02     0.849610E+02     0.835860E+02     0.820410E+02     0.817480E+02     0.815535E+02     0.792900E+02     0.791056E+02     0.852520E+02     0.849610E+02     0.818768E+02     0.797000E+02     0.795184E+02     0.860135E+02     0.858360E+02     0.856717E+02     0.830527E+02     0.793330E+02     0.775190E+02     0.775190E+02     0.775190E+02     0.775190E+02     0.775190E+02     0.775190E+02     0.775190E+02     0.775190E+02     0.775190E+02     0.775190E+02     0.775190E+02     0.775190E+02     0.775190E+02     0.775190E+02     0.775190E+02     0.775190E+02     0.775190E+02     0.775190E+02     0.775190E+02     0.100000E+21
 0.178000E+04     0.206422E+03     0.206422E+03     0.206422E+03     0.206422E+03     0.206422E+03     0.206422E+03     0.206422E+03     0.206422E+03     0.206422E+03     0.206422E+03     0.206422E+03     0.206422E+03     0.155572E+03     0.116323E+03     0.116323E+03     0.119048E+03     0.177138E+03     0.163399E+03     0.162716E+03     0.162222E+03     0.152565E+03     0.146016E+03     0.137981E+03     0.136280E+03     0.139285E+03     0.144634E+03     0.144143E+03     0.138671E+03     0.137257E+03     0.136560E+03     0.134724E+03     0.135162E+03     0.143510E+03     0.135173E+03     0.200188E+03     0.196518E+03     0.192481E+03     0.196744E+03     0.190712E+03     0.163475E+03     0.125510E+03     0.125087E+03     0.124769E+03     0.141509E+03     0.131380E+03     0.126101E+03     0.120254E+03     0.121194E+03     0.125284E+03     0.124988E+03     0.119304E+03     0.119037E+03     0.120136E+03     0.120322E+03     0.120028E+03     0.110651E+03     0.922290E+02     0.793960E+02     0.870209E+02     0.969160E+02     0.965619E+02     0.963390E+02     0.935085E+02     0.901990E+02     0.866510E+02     0.864266E+02     0.893270E+02     0.921852E+02     0.919970E+02     0.879900E+02     0.877839E+02     0.934460E+02     0.932456E+02     0.914399E+02     0.893270E+02     0.906064E+02     0.840433E+02     0.828600E+02     0.830759E+02     0.841440E+02     0.843190E+02     0.826553E+02     0.846690E+02     0.852383E+02     0.878150E+02     0.875250E+02     0.828792E+02     0.794660E+02     0.792368E+02     0.849610E+02     0.836558E+02     0.820410E+02     0.817480E+02     0.815336E+02     0.792900E+02     0.790904E+02     0.852520E+02     0.849610E+02     0.816756E+02     0.797000E+02     0.794943E+02     0.814981E+02     0.858360E+02     0.856665E+02     0.833945E+02     0.793330E+02     0.775190E+02     0.775190E+02     0.775190E+02     0.775190E+02     0.775190E+02     0.775190E+02     0.775190E+02     0.775190E+02     0.775190E+02     0.775190E+02     0.775190E+02     0.775190E+02     0.775190E+02     0.775190E+02     0.775190E+02     0.775190E+02     0.775190E+02     0.775190E+02     0.775190E+02     0.100000E+21
 0.180000E+04     0.206422E+03     0.206422E+03     0.206422E+03     0.206422E+03     0.206422E+03     0.206422E+03     0.206422E+03     0.206422E+03     0.206422E+03     0.206422E+03     0.206422E+03     0.206422E+03     0.154166E+03     0.116323E+03     0.116323E+03     0.119048E+03     0.177721E+03     0.163399E+03     0.162716E+03     0.162181E+03     0.152565E+03     0.145515E+03     0.138028E+03     0.136280E+03     0.139427E+03     0.144709E+03     0.144143E+03     0.138745E+03     0.137257E+03     0.136560E+03     0.134695E+03     0.135162E+03     0.144297E+03     0.135173E+03     0.200188E+03     0.196381E+03     0.192481E+03     0.197785E+03     0.190712E+03     0.164712E+03     0.125510E+03     0.125087E+03     0.124735E+03     0.141509E+03     0.130779E+03     0.126101E+03     0.120254E+03     0.121249E+03     0.125284E+03     0.124951E+03     0.119315E+03     0.119037E+03     0.120171E+03     0.120348E+03     0.120028E+03     0.112006E+03     0.922290E+02     0.793960E+02     0.873837E+02     0.969160E+02     0.965936E+02     0.963390E+02     0.935834E+02     0.901990E+02     0.866510E+02     0.863946E+02     0.893270E+02     0.907362E+02     0.919970E+02     0.879900E+02     0.877688E+02     0.934460E+02     0.932277E+02     0.915078E+02     0.893270E+02     0.906601E+02     0.841931E+02     0.828600E+02     0.830132E+02     0.841440E+02     0.862241E+02     0.825359E+02     0.846690E+02     0.849599E+02     0.878150E+02     0.853551E+02     0.819382E+02     0.794660E+02     0.791973E+02     0.849610E+02     0.837163E+02     0.820410E+02     0.817480E+02     0.815134E+02     0.792900E+02     0.790771E+02     0.852520E+02     0.849610E+02     0.815026E+02     0.797000E+02     0.794627E+02     0.812936E+02     0.858360E+02     0.856618E+02     0.837053E+02     0.793330E+02     0.775190E+02     0.775190E+02     0.775190E+02     0.775190E+02     0.775190E+02     0.775190E+02     0.775190E+02     0.775190E+02     0.775190E+02     0.775190E+02     0.775190E+02     0.775190E+02     0.775190E+02     0.775190E+02     0.775190E+02     0.775190E+02     0.775190E+02     0.775190E+02     0.775190E+02     0.100000E+21
 0.182000E+04     0.206422E+03     0.206422E+03     0.206422E+03     0.206422E+03     0.206422E+03     0.206422E+03     0.206422E+03     0.206422E+03     0.206422E+03     0.206422E+03     0.206422E+03     0.206422E+03     0.155276E+03     0.116323E+03     0.116323E+03     0.119048E+03     0.177281E+03     0.163399E+03     0.162716E+03     0.162210E+03     0.152565E+03     0.145856E+03     0.137991E+03     0.136280E+03     0.139321E+03     0.144656E+03     0.144143E+03     0.138691E+03     0.137257E+03     0.136560E+03     0.135648E+03     0.135162E+03     0.143745E+03     0.135173E+03     0.200188E+03     0.196487E+03     0.192481E+03     0.196983E+03     0.190712E+03     0.163749E+03     0.125510E+03     0.125087E+03     0.124759E+03     0.141509E+03     0.131209E+03     0.126101E+03     0.120254E+03     0.121210E+03     0.125284E+03     0.124977E+03     0.119307E+03     0.119037E+03     0.120144E+03     0.120330E+03     0.120028E+03     0.111054E+03     0.922290E+02     0.919400E+02     0.914457E+02     0.969160E+02     0.965702E+02     0.963390E+02     0.935236E+02     0.901990E+02     0.866510E+02     0.864182E+02     0.893270E+02     0.900591E+02     0.919970E+02     0.865930E+02     0.873934E+02     0.934460E+02     0.932398E+02     0.914548E+02     0.893270E+02     0.906194E+02     0.840900E+02     0.828600E+02     0.824760E+02     0.822750E+02     0.875820E+02     0.842284E+02     0.846690E+02     0.851573E+02     0.878150E+02     0.837940E+02     0.813628E+02     0.794660E+02     0.792278E+02     0.849610E+02     0.836699E+02     0.820410E+02     0.817480E+02     0.815276E+02     0.792900E+02     0.790864E+02     0.852520E+02     0.849610E+02     0.816290E+02     0.797000E+02     0.794851E+02     0.814456E+02     0.858360E+02     0.856655E+02     0.834937E+02     0.793330E+02     0.775190E+02     0.775190E+02     0.775190E+02     0.775190E+02     0.775190E+02     0.775190E+02     0.775190E+02     0.775190E+02     0.775190E+02     0.775190E+02     0.775190E+02     0.775190E+02     0.775190E+02     0.775190E+02     0.775190E+02     0.775190E+02     0.775190E+02     0.775190E+02     0.775190E+02     0.100000E+21
 0.184000E+04     0.206422E+03     0.206422E+03     0.206422E+03     0.206422E+03     0.206422E+03     0.206422E+03     0.206422E+03     0.206422E+03     0.206422E+03     0.206422E+03     0.206422E+03     0.206422E+03     0.154325E+03     0.116323E+03     0.116323E+03     0.119048E+03     0.177595E+03     0.163399E+03     0.162716E+03     0.162204E+03     0.152565E+03     0.145783E+03     0.138022E+03     0.136280E+03     0.139390E+03     0.144649E+03     0.144143E+03     0.138722E+03     0.137257E+03     0.136560E+03     0.135655E+03     0.135162E+03     0.143820E+03     0.135173E+03     0.200188E+03     0.196405E+03     0.192481E+03     0.196953E+03     0.190712E+03     0.164537E+03     0.125510E+03     0.125087E+03     0.124757E+03     0.141509E+03     0.131004E+03     0.126101E+03     0.120254E+03     0.121229E+03     0.125284E+03     0.124979E+03     0.119313E+03     0.119037E+03     0.119394E+03     0.120332E+03     0.120028E+03     0.111349E+03     0.922290E+02     0.919400E+02     0.914345E+02     0.969160E+02     0.965698E+02     0.963390E+02     0.935767E+02     0.901990E+02     0.866510E+02     0.864186E+02     0.893270E+02     0.900153E+02     0.919970E+02     0.865930E+02     0.874059E+02     0.896894E+02     0.923433E+02     0.914984E+02     0.893270E+02     0.906487E+02     0.840816E+02     0.828600E+02     0.824802E+02     0.822750E+02     0.875820E+02     0.842196E+02     0.846690E+02     0.851440E+02     0.878150E+02     0.837940E+02     0.825922E+02     0.794660E+02     0.792289E+02     0.849610E+02     0.837056E+02     0.820410E+02     0.817480E+02     0.815256E+02     0.792900E+02     0.790832E+02     0.852520E+02     0.849610E+02     0.815560E+02     0.797000E+02     0.794879E+02     0.813464E+02     0.858360E+02     0.856624E+02     0.835392E+02     0.793330E+02     0.775190E+02     0.775190E+02     0.775190E+02     0.775190E+02     0.775190E+02     0.775190E+02     0.775190E+02     0.775190E+02     0.775190E+02     0.775190E+02     0.775190E+02     0.775190E+02     0.775190E+02     0.775190E+02     0.775190E+02     0.775190E+02     0.775190E+02     0.775190E+02     0.775190E+02     0.100000E+21
 0.186000E+04     0.190651E+03     0.199787E+03     0.206422E+03     0.206422E+03     0.206422E+03     0.206422E+03     0.206422E+03     0.206422E+03     0.206422E+03     0.206422E+03     0.206422E+03     0.206422E+03     0.157429E+03     0.116323E+03     0.119516E+03     0.119048E+03     0.176352E+03     0.163399E+03     0.162716E+03     0.162271E+03     0.152565E+03     0.146648E+03     0.137920E+03     0.136280E+03     0.139094E+03     0.144569E+03     0.144143E+03     0.138570E+03     0.137257E+03     0.136560E+03     0.135596E+03     0.135162E+03     0.141780E+03     0.132710E+03     0.200188E+03     0.196703E+03     0.192481E+03     0.196007E+03     0.190712E+03     0.161829E+03     0.125510E+03     0.125087E+03     0.124805E+03     0.141509E+03     0.132179E+03     0.126101E+03     0.120254E+03     0.121121E+03     0.125284E+03     0.125025E+03     0.119289E+03     0.119037E+03     0.118794E+03     0.120291E+03     0.120028E+03     0.108949E+03     0.922290E+02     0.919400E+02     0.914831E+02     0.939497E+02     0.965352E+02     0.963390E+02     0.934104E+02     0.901990E+02     0.866510E+02     0.864535E+02     0.893270E+02     0.902056E+02     0.919970E+02     0.865930E+02     0.873039E+02     0.874080E+02     0.909606E+02     0.920413E+02     0.909284E+02     0.911901E+02     0.838966E+02     0.828600E+02     0.824573E+02     0.822750E+02     0.875820E+02     0.842699E+02     0.846690E+02     0.855255E+02     0.878150E+02     0.837940E+02     0.836269E+02     0.794660E+02     0.792648E+02     0.849610E+02     0.835746E+02     0.820410E+02     0.817480E+02     0.815563E+02     0.792900E+02     0.791079E+02     0.852520E+02     0.849610E+02     0.819083E+02     0.797000E+02     0.795215E+02     0.817744E+02     0.858360E+02     0.856726E+02     0.830029E+02     0.793330E+02     0.775190E+02     0.775190E+02     0.775190E+02     0.775190E+02     0.775190E+02     0.775190E+02     0.775190E+02     0.775190E+02     0.775190E+02     0.775190E+02     0.775190E+02     0.775190E+02     0.775190E+02     0.775190E+02     0.775190E+02     0.775190E+02     0.775190E+02     0.775190E+02     0.775190E+02     0.100000E+21
 0.188000E+04     0.165928E+03     0.190465E+03     0.206422E+03     0.206422E+03     0.206422E+03     0.206422E+03     0.206422E+03     0.206422E+03     0.206422E+03     0.206422E+03     0.206422E+03     0.206422E+03     0.156680E+03     0.116323E+03     0.123141E+03     0.119048E+03     0.176664E+03     0.163399E+03     0.162716E+03     0.162253E+03     0.152565E+03     0.146411E+03     0.137945E+03     0.136280E+03     0.139169E+03     0.144591E+03     0.144143E+03     0.138610E+03     0.137257E+03     0.136560E+03     0.135612E+03     0.135162E+03     0.141387E+03     0.130175E+03     0.200188E+03     0.196629E+03     0.192481E+03     0.196261E+03     0.190712E+03     0.162490E+03     0.125510E+03     0.125087E+03     0.124792E+03     0.141509E+03     0.131870E+03     0.126101E+03     0.120254E+03     0.121149E+03     0.125284E+03     0.125012E+03     0.119295E+03     0.119037E+03     0.118789E+03     0.120302E+03     0.120028E+03     0.110192E+03     0.922290E+02     0.919400E+02     0.914707E+02     0.908960E+02     0.965445E+02     0.963390E+02     0.934500E+02     0.901990E+02     0.866510E+02     0.864441E+02     0.893270E+02     0.901571E+02     0.919970E+02     0.865930E+02     0.873311E+02     0.874080E+02     0.911150E+02     0.927457E+02     0.925770E+02     0.909429E+02     0.842331E+02     0.837686E+02     0.824633E+02     0.822750E+02     0.875820E+02     0.842567E+02     0.846690E+02     0.854224E+02     0.878150E+02     0.837940E+02     0.836239E+02     0.794660E+02     0.792552E+02     0.849610E+02     0.841407E+02     0.834229E+02     0.817480E+02     0.815480E+02     0.792900E+02     0.791012E+02     0.852520E+02     0.849610E+02     0.818174E+02     0.797000E+02     0.795121E+02     0.816655E+02     0.858360E+02     0.856701E+02     0.831496E+02     0.793330E+02     0.775190E+02     0.775190E+02     0.775190E+02     0.775190E+02     0.775190E+02     0.775190E+02     0.775190E+02     0.775190E+02     0.775190E+02     0.775190E+02     0.775190E+02     0.775190E+02     0.775190E+02     0.775190E+02     0.775190E+02     0.775190E+02     0.775190E+02     0.775190E+02     0.775190E+02     0.100000E+21
 0.190000E+04     0.161366E+03     0.189854E+03     0.206422E+03     0.206422E+03     0.206422E+03     0.206422E+03     0.206422E+03     0.206422E+03     0.206422E+03     0.206422E+03     0.206422E+03     0.206422E+03     0.154306E+03     0.116323E+03     0.124038E+03     0.119048E+03     0.177607E+03     0.163399E+03     0.162716E+03     0.162202E+03     0.152565E+03     0.145762E+03     0.138023E+03     0.136280E+03     0.139394E+03     0.144653E+03     0.144143E+03     0.138724E+03     0.137257E+03     0.136560E+03     0.135657E+03     0.135162E+03     0.142690E+03     0.130175E+03     0.200188E+03     0.196403E+03     0.192481E+03     0.196993E+03     0.190712E+03     0.164556E+03     0.125510E+03     0.125087E+03     0.124756E+03     0.141509E+03     0.130985E+03     0.126101E+03     0.120254E+03     0.121231E+03     0.125284E+03     0.124977E+03     0.119313E+03     0.119037E+03     0.118776E+03     0.120333E+03     0.120028E+03     0.115882E+03     0.107722E+03     0.919400E+02     0.914340E+02     0.908960E+02     0.965711E+02     0.963390E+02     0.935776E+02     0.901990E+02     0.866510E+02     0.864173E+02     0.893270E+02     0.894546E+02     0.902458E+02     0.865930E+02     0.874081E+02     0.874080E+02     0.915341E+02     0.927550E+02     0.925770E+02     0.902737E+02     0.875613E+02     0.842610E+02     0.824805E+02     0.822750E+02     0.875820E+02     0.837131E+02     0.826288E+02     0.851316E+02     0.878150E+02     0.837940E+02     0.836143E+02     0.794660E+02     0.792274E+02     0.849610E+02     0.845624E+02     0.843780E+02     0.817480E+02     0.815247E+02     0.792900E+02     0.790827E+02     0.852520E+02     0.849610E+02     0.815513E+02     0.797000E+02     0.794864E+02     0.813414E+02     0.858360E+02     0.856623E+02     0.835522E+02     0.793330E+02     0.775190E+02     0.775190E+02     0.775190E+02     0.775190E+02     0.775190E+02     0.775190E+02     0.775190E+02     0.775190E+02     0.775190E+02     0.775190E+02     0.775190E+02     0.775190E+02     0.775190E+02     0.775190E+02     0.775190E+02     0.775190E+02     0.775190E+02     0.775190E+02     0.775190E+02     0.100000E+21
 0.192000E+04     0.146837E+03     0.184416E+03     0.206422E+03     0.206422E+03     0.206422E+03     0.206422E+03     0.206422E+03     0.206422E+03     0.206422E+03     0.206422E+03     0.206422E+03     0.119048E+03     0.119048E+03     0.116323E+03     0.125128E+03     0.119048E+03     0.177612E+03     0.163399E+03     0.162716E+03     0.162180E+03     0.152565E+03     0.145481E+03     0.139859E+03     0.136280E+03     0.139405E+03     0.144724E+03     0.144143E+03     0.138737E+03     0.137257E+03     0.136560E+03     0.135670E+03     0.135162E+03     0.143413E+03     0.130175E+03     0.200188E+03     0.196412E+03     0.192481E+03     0.198002E+03     0.190712E+03     0.164397E+03     0.125510E+03     0.125087E+03     0.124731E+03     0.141509E+03     0.141509E+03     0.126101E+03     0.120254E+03     0.121245E+03     0.125284E+03     0.124944E+03     0.119313E+03     0.119037E+03     0.118777E+03     0.120351E+03     0.120028E+03     0.119176E+03     0.117817E+03     0.793960E+02     0.873297E+02     0.908960E+02     0.965982E+02     0.963390E+02     0.935605E+02     0.901990E+02     0.866510E+02     0.863900E+02     0.893270E+02     0.889422E+02     0.887470E+02     0.865930E+02     0.874343E+02     0.874080E+02     0.917752E+02     0.927542E+02     0.925770E+02     0.902736E+02     0.844948E+02     0.842610E+02     0.824836E+02     0.822750E+02     0.875820E+02     0.832749E+02     0.813980E+02     0.849320E+02     0.878150E+02     0.837940E+02     0.836151E+02     0.794660E+02     0.791890E+02     0.849610E+02     0.845620E+02     0.843780E+02     0.817480E+02     0.815119E+02     0.792900E+02     0.790770E+02     0.852520E+02     0.849610E+02     0.815219E+02     0.797000E+02     0.794566E+02     0.813248E+02     0.858360E+02     0.856632E+02     0.837264E+02     0.793330E+02     0.775190E+02     0.775190E+02     0.775190E+02     0.775190E+02     0.775190E+02     0.775190E+02     0.775190E+02     0.775190E+02     0.775190E+02     0.775190E+02     0.775190E+02     0.775190E+02     0.775190E+02     0.775190E+02     0.775190E+02     0.775190E+02     0.775190E+02     0.775190E+02     0.775190E+02     0.100000E+21
 0.194000E+04     0.146837E+03     0.184412E+03     0.206422E+03     0.206422E+03     0.206422E+03     0.206422E+03     0.206422E+03     0.206422E+03     0.206422E+03     0.206422E+03     0.206422E+03     0.119048E+03     0.119048E+03     0.116323E+03     0.123859E+03     0.119048E+03     0.177557E+03     0.163399E+03     0.162716E+03     0.162209E+03     0.152565E+03     0.145844E+03     0.139872E+03     0.136280E+03     0.139380E+03     0.144639E+03     0.144143E+03     0.138716E+03     0.137257E+03     0.136560E+03     0.135652E+03     0.135162E+03     0.142500E+03     0.130175E+03     0.200188E+03     0.196413E+03     0.192481E+03     0.196844E+03     0.190712E+03     0.164476E+03     0.125510E+03     0.125087E+03     0.124762E+03     0.141509E+03     0.141509E+03     0.126101E+03     0.122723E+03     0.122029E+03     0.125284E+03     0.124984E+03     0.119312E+03     0.119037E+03     0.118776E+03     0.120328E+03     0.120028E+03     0.119119E+03     0.117817E+03     0.793960E+02     0.835791E+02     0.908960E+02     0.965660E+02     0.963390E+02     0.935738E+02     0.901990E+02     0.881696E+02     0.867681E+02     0.893270E+02     0.889405E+02     0.887470E+02     0.865930E+02     0.873994E+02     0.874080E+02     0.914714E+02     0.927546E+02     0.925770E+02     0.902817E+02     0.844676E+02     0.842610E+02     0.824791E+02     0.822750E+02     0.875820E+02     0.832315E+02     0.813980E+02     0.851790E+02     0.878150E+02     0.837940E+02     0.836147E+02     0.794660E+02     0.792330E+02     0.849610E+02     0.845619E+02     0.843780E+02     0.817480E+02     0.815281E+02     0.792900E+02     0.790846E+02     0.852520E+02     0.849610E+02     0.815705E+02     0.797000E+02     0.794921E+02     0.813614E+02     0.858360E+02     0.856626E+02     0.835011E+02     0.793330E+02     0.775190E+02     0.775190E+02     0.775190E+02     0.775190E+02     0.775190E+02     0.775190E+02     0.775190E+02     0.775190E+02     0.775190E+02     0.775190E+02     0.775190E+02     0.775190E+02     0.775190E+02     0.775190E+02     0.775190E+02     0.775190E+02     0.775190E+02     0.775190E+02     0.775190E+02     0.100000E+21
 0.196000E+04     0.146837E+03     0.181899E+03     0.206422E+03     0.206422E+03     0.206422E+03     0.206422E+03     0.206422E+03     0.206422E+03     0.206422E+03     0.206422E+03     0.206422E+03     0.119048E+03     0.119048E+03     0.116323E+03     0.122970E+03     0.119048E+03     0.176500E+03     0.163399E+03     0.162716E+03     0.162263E+03     0.152565E+03     0.146538E+03     0.139689E+03     0.136280E+03     0.139129E+03     0.144579E+03     0.144143E+03     0.138589E+03     0.137257E+03     0.136560E+03     0.135604E+03     0.135162E+03     0.141137E+03     0.130175E+03     0.200188E+03     0.196668E+03     0.192481E+03     0.196123E+03     0.190712E+03     0.162144E+03     0.125510E+03     0.125087E+03     0.124799E+03     0.141509E+03     0.141509E+03     0.126101E+03     0.125679E+03     0.122666E+03     0.125284E+03     0.125019E+03     0.119292E+03     0.119037E+03     0.118792E+03     0.120296E+03     0.120028E+03     0.118985E+03     0.117817E+03     0.793960E+02     0.793960E+02     0.908960E+02     0.965394E+02     0.963390E+02     0.934294E+02     0.901990E+02     0.899080E+02     0.874475E+02     0.893270E+02     0.889248E+02     0.887470E+02     0.865930E+02     0.873165E+02     0.874080E+02     0.910316E+02     0.927441E+02     0.925770E+02     0.904517E+02     0.844433E+02     0.842610E+02     0.824601E+02     0.822750E+02     0.875820E+02     0.830609E+02     0.813980E+02     0.854782E+02     0.878150E+02     0.837940E+02     0.836254E+02     0.794660E+02     0.792604E+02     0.849610E+02     0.845495E+02     0.843780E+02     0.817480E+02     0.815525E+02     0.792900E+02     0.791048E+02     0.852520E+02     0.849610E+02     0.818655E+02     0.797000E+02     0.795173E+02     0.834532E+02     0.858360E+02     0.856714E+02     0.830708E+02     0.793330E+02     0.775190E+02     0.775190E+02     0.775190E+02     0.775190E+02     0.775190E+02     0.775190E+02     0.775190E+02     0.775190E+02     0.775190E+02     0.775190E+02     0.775190E+02     0.775190E+02     0.775190E+02     0.775190E+02     0.775190E+02     0.775190E+02     0.775190E+02     0.775190E+02     0.775190E+02     0.100000E+21
 0.198000E+04     0.165714E+03     0.189079E+03     0.206422E+03     0.206422E+03     0.206422E+03     0.206422E+03     0.206422E+03     0.206422E+03     0.206422E+03     0.206422E+03     0.206422E+03     0.119048E+03     0.119048E+03     0.116323E+03     0.122868E+03     0.119048E+03     0.176394E+03     0.163399E+03     0.162716E+03     0.162269E+03     0.152565E+03     0.146617E+03     0.138721E+03     0.136280E+03     0.139104E+03     0.144572E+03     0.144143E+03     0.138576E+03     0.137257E+03     0.136560E+03     0.135599E+03     0.135162E+03     0.140984E+03     0.130175E+03     0.165064E+03     0.183759E+03     0.192481E+03     0.196040E+03     0.190712E+03     0.161919E+03     0.125510E+03     0.125087E+03     0.124803E+03     0.131927E+03     0.138139E+03     0.126101E+03     0.125679E+03     0.122011E+03     0.123033E+03     0.124202E+03     0.119290E+03     0.119037E+03     0.118793E+03     0.119499E+03     0.120028E+03     0.118971E+03     0.117817E+03     0.861000E+02     0.819683E+02     0.908960E+02     0.965364E+02     0.963390E+02     0.934158E+02     0.901990E+02     0.899080E+02     0.874851E+02     0.875202E+02     0.889231E+02     0.887470E+02     0.865930E+02     0.873074E+02     0.874080E+02     0.909805E+02     0.927431E+02     0.925770E+02     0.904687E+02     0.844404E+02     0.842610E+02     0.824581E+02     0.822750E+02     0.875820E+02     0.830427E+02     0.813980E+02     0.848765E+02     0.857487E+02     0.857890E+02     0.844625E+02     0.794660E+02     0.792636E+02     0.849610E+02     0.845483E+02     0.843780E+02     0.817480E+02     0.815552E+02     0.792900E+02     0.791070E+02     0.852520E+02     0.849610E+02     0.818961E+02     0.797000E+02     0.795204E+02     0.860125E+02     0.858360E+02     0.856722E+02     0.830220E+02     0.793330E+02     0.775190E+02     0.775190E+02     0.775190E+02     0.775190E+02     0.775190E+02     0.775190E+02     0.775190E+02     0.775190E+02     0.775190E+02     0.775190E+02     0.775190E+02     0.775190E+02     0.775190E+02     0.775190E+02     0.775190E+02     0.775190E+02     0.775190E+02     0.775190E+02     0.775190E+02     0.100000E+21
 0.200000E+04     0.178884E+03     0.196200E+03     0.206422E+03     0.206422E+03     0.206422E+03     0.206422E+03     0.206422E+03     0.206422E+03     0.206422E+03     0.206422E+03     0.206422E+03     0.119048E+03     0.119048E+03     0.116323E+03     0.123843E+03     0.119048E+03     0.177552E+03     0.163399E+03     0.162716E+03     0.162209E+03     0.152565E+03     0.145852E+03     0.138020E+03     0.136280E+03     0.139378E+03     0.144638E+03     0.144143E+03     0.138715E+03     0.137257E+03     0.136560E+03     0.135452E+03     0.134535E+03     0.142482E+03     0.130175E+03     0.134468E+03     0.174909E+03     0.192481E+03     0.196832E+03     0.190712E+03     0.164468E+03     0.125510E+03     0.125087E+03     0.124762E+03     0.124240E+03     0.136271E+03     0.126101E+03     0.125679E+03     0.121594E+03     0.121217E+03     0.123798E+03     0.119312E+03     0.119037E+03     0.118776E+03     0.118728E+03     0.120028E+03     0.119301E+03     0.118461E+03     0.104411E+03     0.877675E+02     0.908960E+02     0.965656E+02     0.963390E+02     0.935735E+02     0.901990E+02     0.899080E+02     0.882925E+02     0.860690E+02     0.889404E+02     0.887470E+02     0.865930E+02     0.873985E+02     0.874080E+02     0.914656E+02     0.927546E+02     0.925770E+02     0.902824E+02     0.844671E+02     0.842610E+02     0.824789E+02     0.822750E+02     0.875820E+02     0.832303E+02     0.813980E+02     0.843094E+02     0.840850E+02     0.875250E+02     0.850554E+02     0.794660E+02     0.792335E+02     0.849610E+02     0.845619E+02     0.843780E+02     0.817480E+02     0.815285E+02     0.792900E+02     0.790848E+02     0.852520E+02     0.849610E+02     0.815724E+02     0.797000E+02     0.794926E+02     0.860297E+02     0.858360E+02     0.856626E+02     0.834963E+02     0.793330E+02     0.775190E+02     0.775190E+02     0.775190E+02     0.775190E+02     0.775190E+02     0.775190E+02     0.775190E+02     0.775190E+02     0.775190E+02     0.775190E+02     0.775190E+02     0.775190E+02     0.775190E+02     0.775190E+02     0.775190E+02     0.775190E+02     0.775190E+02     0.775190E+02     0.775190E+02     0.100000E+21
 0.202000E+04     0.176580E+03     0.181458E+03     0.206422E+03     0.206422E+03     0.206422E+03     0.206422E+03     0.206422E+03     0.206422E+03     0.206422E+03     0.206422E+03     0.206422E+03     0.119048E+03     0.117893E+03     0.116323E+03     0.124542E+03     0.119048E+03     0.177487E+03     0.163399E+03     0.162716E+03     0.162192E+03     0.152565E+03     0.145631E+03     0.138006E+03     0.136280E+03     0.139373E+03     0.144692E+03     0.144143E+03     0.138719E+03     0.137257E+03     0.136560E+03     0.134505E+03     0.133820E+03     0.143045E+03     0.130175E+03     0.134468E+03     0.174631E+03     0.192481E+03     0.197428E+03     0.190712E+03     0.164153E+03     0.125510E+03     0.125087E+03     0.124743E+03     0.124240E+03     0.136389E+03     0.126101E+03     0.125679E+03     0.121560E+03     0.121217E+03     0.124021E+03     0.119310E+03     0.119037E+03     0.118778E+03     0.118665E+03     0.120028E+03     0.119495E+03     0.119178E+03     0.117391E+03     0.983251E+02     0.908960E+02     0.965845E+02     0.963390E+02     0.935467E+02     0.901990E+02     0.899080E+02     0.896616E+02     0.860690E+02     0.889401E+02     0.887470E+02     0.865930E+02     0.874181E+02     0.874080E+02     0.916604E+02     0.927531E+02     0.925770E+02     0.902936E+02     0.888337E+02     0.842610E+02     0.824807E+02     0.822750E+02     0.875820E+02     0.832482E+02     0.813980E+02     0.843224E+02     0.840850E+02     0.875250E+02     0.850754E+02     0.794660E+02     0.792109E+02     0.849610E+02     0.845606E+02     0.843780E+02     0.817480E+02     0.815184E+02     0.792900E+02     0.790807E+02     0.852520E+02     0.849610E+02     0.828057E+02     0.797000E+02     0.794700E+02     0.860293E+02     0.858360E+02     0.856640E+02     0.836332E+02     0.793330E+02     0.775190E+02     0.775190E+02     0.775190E+02     0.775190E+02     0.775190E+02     0.775190E+02     0.775190E+02     0.775190E+02     0.775190E+02     0.775190E+02     0.775190E+02     0.775190E+02     0.775190E+02     0.775190E+02     0.775190E+02     0.775190E+02     0.775190E+02     0.775190E+02     0.775190E+02     0.100000E+21
 0.204000E+04     0.165297E+03     0.172456E+03     0.206422E+03     0.206422E+03     0.206422E+03     0.206422E+03     0.206422E+03     0.206422E+03     0.206422E+03     0.206422E+03     0.206422E+03     0.119048E+03     0.117419E+03     0.116323E+03     0.124393E+03     0.119048E+03     0.177677E+03     0.163399E+03     0.162716E+03     0.162191E+03     0.152565E+03     0.145632E+03     0.138026E+03     0.136280E+03     0.139413E+03     0.144678E+03     0.144143E+03     0.138736E+03     0.137257E+03     0.136560E+03     0.134322E+03     0.133820E+03     0.143010E+03     0.130175E+03     0.134468E+03     0.175177E+03     0.192481E+03     0.197295E+03     0.190712E+03     0.164660E+03     0.125510E+03     0.125087E+03     0.124746E+03     0.124240E+03     0.136500E+03     0.126101E+03     0.125679E+03     0.121519E+03     0.121217E+03     0.123970E+03     0.122568E+03     0.119037E+03     0.118775E+03     0.118673E+03     0.120028E+03     0.119496E+03     0.119178E+03     0.117391E+03     0.100028E+03     0.908960E+02     0.915409E+02     0.963390E+02     0.935821E+02     0.901990E+02     0.899080E+02     0.896653E+02     0.860690E+02     0.889426E+02     0.887470E+02     0.865930E+02     0.874217E+02     0.874080E+02     0.916365E+02     0.927554E+02     0.925770E+02     0.902628E+02     0.894048E+02     0.842610E+02     0.824827E+02     0.822750E+02     0.875820E+02     0.816053E+02     0.813980E+02     0.843208E+02     0.840850E+02     0.875250E+02     0.850432E+02     0.794660E+02     0.792159E+02     0.849610E+02     0.845631E+02     0.843780E+02     0.817480E+02     0.815190E+02     0.792900E+02     0.790797E+02     0.852520E+02     0.826260E+02     0.824232E+02     0.797000E+02     0.794758E+02     0.860318E+02     0.858360E+02     0.856620E+02     0.836326E+02     0.793330E+02     0.775190E+02     0.775190E+02     0.775190E+02     0.775190E+02     0.775190E+02     0.775190E+02     0.775190E+02     0.775190E+02     0.775190E+02     0.775190E+02     0.775190E+02     0.775190E+02     0.775190E+02     0.775190E+02     0.775190E+02     0.775190E+02     0.775190E+02     0.775190E+02     0.775190E+02     0.100000E+21
 0.206000E+04     0.165297E+03     0.169812E+03     0.206422E+03     0.206422E+03     0.206422E+03     0.206422E+03     0.206422E+03     0.206422E+03     0.206422E+03     0.206422E+03     0.206422E+03     0.119048E+03     0.117481E+03     0.116323E+03     0.123388E+03     0.119048E+03     0.176876E+03     0.163399E+03     0.162716E+03     0.162240E+03     0.152565E+03     0.146236E+03     0.137961E+03     0.136280E+03     0.139221E+03     0.144609E+03     0.144143E+03     0.138637E+03     0.137257E+03     0.136560E+03     0.134282E+03     0.133820E+03     0.141736E+03     0.130175E+03     0.134468E+03     0.173133E+03     0.192481E+03     0.196463E+03     0.190712E+03     0.162930E+03     0.125510E+03     0.125087E+03     0.124782E+03     0.124240E+03     0.135599E+03     0.126101E+03     0.125679E+03     0.121823E+03     0.121217E+03     0.123649E+03     0.122372E+03     0.119037E+03     0.118786E+03     0.118803E+03     0.120028E+03     0.119469E+03     0.119178E+03     0.117391E+03     0.101101E+03     0.908960E+02     0.921165E+02     0.963390E+02     0.934760E+02     0.901990E+02     0.899080E+02     0.896944E+02     0.860690E+02     0.894359E+02     0.899918E+02     0.865930E+02     0.873509E+02     0.874080E+02     0.912318E+02     0.927476E+02     0.925770E+02     0.903914E+02     0.888048E+02     0.842610E+02     0.824675E+02     0.822750E+02     0.875820E+02     0.815901E+02     0.813980E+02     0.842957E+02     0.840850E+02     0.875250E+02     0.851529E+02     0.794660E+02     0.792475E+02     0.849610E+02     0.845538E+02     0.843780E+02     0.817480E+02     0.815418E+02     0.792900E+02     0.790964E+02     0.852520E+02     0.826260E+02     0.824368E+02     0.797000E+02     0.795045E+02     0.860198E+02     0.858360E+02     0.856685E+02     0.832581E+02     0.793330E+02     0.775190E+02     0.775190E+02     0.775190E+02     0.775190E+02     0.775190E+02     0.775190E+02     0.775190E+02     0.775190E+02     0.775190E+02     0.775190E+02     0.775190E+02     0.775190E+02     0.775190E+02     0.775190E+02     0.775190E+02     0.775190E+02     0.775190E+02     0.775190E+02     0.775190E+02     0.100000E+21
 0.208000E+04     0.162077E+03     0.161995E+03     0.206422E+03     0.206422E+03     0.206422E+03     0.206422E+03     0.206422E+03     0.206422E+03     0.206422E+03     0.206422E+03     0.206422E+03     0.119048E+03     0.117518E+03     0.116323E+03     0.120756E+03     0.119048E+03     0.176375E+03     0.163399E+03     0.162716E+03     0.162270E+03     0.152565E+03     0.146631E+03     0.137922E+03     0.136280E+03     0.139099E+03     0.144570E+03     0.144143E+03     0.138573E+03     0.137257E+03     0.136560E+03     0.134256E+03     0.133820E+03     0.140956E+03     0.130175E+03     0.134468E+03     0.171870E+03     0.192481E+03     0.196024E+03     0.190712E+03     0.161877E+03     0.125510E+03     0.125087E+03     0.124804E+03     0.124240E+03     0.129958E+03     0.126101E+03     0.125679E+03     0.122018E+03     0.121217E+03     0.123457E+03     0.122249E+03     0.119037E+03     0.118793E+03     0.118470E+03     0.118985E+03     0.119452E+03     0.119178E+03     0.117391E+03     0.101782E+03     0.908960E+02     0.924344E+02     0.963390E+02     0.934133E+02     0.901990E+02     0.899080E+02     0.897105E+02     0.860690E+02     0.902021E+02     0.919970E+02     0.865930E+02     0.873058E+02     0.874080E+02     0.909711E+02     0.927429E+02     0.925770E+02     0.904719E+02     0.884458E+02     0.842610E+02     0.824578E+02     0.822750E+02     0.875820E+02     0.815802E+02     0.813980E+02     0.848846E+02     0.858020E+02     0.875250E+02     0.852197E+02     0.794660E+02     0.792642E+02     0.849610E+02     0.845481E+02     0.843780E+02     0.817480E+02     0.815557E+02     0.792900E+02     0.791074E+02     0.852520E+02     0.826260E+02     0.824455E+02     0.797000E+02     0.795209E+02     0.860122E+02     0.858360E+02     0.856724E+02     0.830130E+02     0.793330E+02     0.775190E+02     0.775190E+02     0.775190E+02     0.775190E+02     0.775190E+02     0.775190E+02     0.775190E+02     0.775190E+02     0.775190E+02     0.775190E+02     0.775190E+02     0.775190E+02     0.775190E+02     0.775190E+02     0.775190E+02     0.775190E+02     0.775190E+02     0.775190E+02     0.775190E+02     0.100000E+21
 0.210000E+04     0.158299E+03     0.158299E+03     0.206422E+03     0.206422E+03     0.206422E+03     0.206422E+03     0.206422E+03     0.206422E+03     0.206422E+03     0.206422E+03     0.206422E+03     0.119048E+03     0.117420E+03     0.116323E+03     0.118612E+03     0.119048E+03     0.177664E+03     0.163399E+03     0.162716E+03     0.162194E+03     0.143715E+03     0.143213E+03     0.138026E+03     0.136280E+03     0.139409E+03     0.144672E+03     0.144143E+03     0.138734E+03     0.137257E+03     0.136560E+03     0.134320E+03     0.133820E+03     0.142942E+03     0.130175E+03     0.134468E+03     0.175150E+03     0.192481E+03     0.197223E+03     0.190712E+03     0.164642E+03     0.125510E+03     0.125087E+03     0.124748E+03     0.124240E+03     0.123940E+03     0.132576E+03     0.125679E+03     0.121528E+03     0.121217E+03     0.123947E+03     0.122565E+03     0.119037E+03     0.118775E+03     0.118072E+03     0.117760E+03     0.119495E+03     0.119178E+03     0.117391E+03     0.117104E+03     0.793960E+02     0.915850E+02     0.963390E+02     0.935813E+02     0.901990E+02     0.899080E+02     0.896676E+02     0.860690E+02     0.900028E+02     0.919970E+02     0.865930E+02     0.874190E+02     0.874080E+02     0.916152E+02     0.927553E+02     0.925770E+02     0.902648E+02     0.893613E+02     0.842610E+02     0.824822E+02     0.822750E+02     0.875820E+02     0.825586E+02     0.846690E+02     0.850668E+02     0.878150E+02     0.875250E+02     0.850444E+02     0.794660E+02     0.792186E+02     0.849610E+02     0.845630E+02     0.843780E+02     0.817480E+02     0.815202E+02     0.792900E+02     0.790803E+02     0.852520E+02     0.826260E+02     0.824235E+02     0.797000E+02     0.794781E+02     0.860316E+02     0.858360E+02     0.856620E+02     0.836162E+02     0.793330E+02     0.775190E+02     0.775190E+02     0.775190E+02     0.775190E+02     0.775190E+02     0.775190E+02     0.775190E+02     0.775190E+02     0.775190E+02     0.775190E+02     0.775190E+02     0.775190E+02     0.775190E+02     0.775190E+02     0.775190E+02     0.775190E+02     0.775190E+02     0.775190E+02     0.775190E+02     0.100000E+21
 0.212000E+04     0.158299E+03     0.158299E+03     0.206422E+03     0.206422E+03     0.206422E+03     0.206422E+03     0.206422E+03     0.206422E+03     0.206422E+03     0.206422E+03     0.206422E+03     0.119048E+03     0.117470E+03     0.116323E+03     0.118412E+03     0.119048E+03     0.177041E+03     0.163399E+03     0.162716E+03     0.162228E+03     0.143715E+03     0.143244E+03     0.137973E+03     0.136280E+03     0.139262E+03     0.144626E+03     0.144143E+03     0.138658E+03     0.137257E+03     0.136560E+03     0.134291E+03     0.133820E+03     0.142036E+03     0.130175E+03     0.134468E+03     0.173542E+03     0.192481E+03     0.197401E+03     0.194968E+03     0.163267E+03     0.125510E+03     0.125087E+03     0.124774E+03     0.124240E+03     0.123957E+03     0.126733E+03     0.125679E+03     0.121755E+03     0.121217E+03     0.123728E+03     0.122412E+03     0.119037E+03     0.118784E+03     0.118051E+03     0.117760E+03     0.119476E+03     0.119178E+03     0.118254E+03     0.117404E+03     0.793960E+02     0.919865E+02     0.963390E+02     0.934957E+02     0.901990E+02     0.899080E+02     0.896879E+02     0.860690E+02     0.900977E+02     0.919970E+02     0.865930E+02     0.873674E+02     0.874080E+02     0.913315E+02     0.927491E+02     0.925770E+02     0.903650E+02     0.889517E+02     0.842610E+02     0.824709E+02     0.822750E+02     0.875820E+02     0.826745E+02     0.846690E+02     0.852747E+02     0.878150E+02     0.875250E+02     0.851316E+02     0.794660E+02     0.792406E+02     0.849610E+02     0.845557E+02     0.843780E+02     0.817480E+02     0.815364E+02     0.792900E+02     0.790925E+02     0.852520E+02     0.826260E+02     0.824339E+02     0.797000E+02     0.794976E+02     0.860223E+02     0.858360E+02     0.856672E+02     0.833488E+02     0.793330E+02     0.775190E+02     0.775190E+02     0.775190E+02     0.775190E+02     0.775190E+02     0.775190E+02     0.775190E+02     0.775190E+02     0.775190E+02     0.775190E+02     0.775190E+02     0.775190E+02     0.775190E+02     0.775190E+02     0.775190E+02     0.775190E+02     0.775190E+02     0.775190E+02     0.775190E+02     0.100000E+21
 0.214000E+04     0.159176E+03     0.158619E+03     0.206422E+03     0.206422E+03     0.206422E+03     0.206422E+03     0.206422E+03     0.206422E+03     0.206422E+03     0.206422E+03     0.206422E+03     0.119048E+03     0.117421E+03     0.116323E+03     0.118870E+03     0.119048E+03     0.177698E+03     0.163399E+03     0.162716E+03     0.155277E+03     0.143715E+03     0.143200E+03     0.138024E+03     0.136280E+03     0.139423E+03     0.144721E+03     0.144143E+03     0.138744E+03     0.137257E+03     0.136560E+03     0.134329E+03     0.133820E+03     0.143418E+03     0.130175E+03     0.134468E+03     0.175186E+03     0.192481E+03     0.198346E+03     0.196669E+03     0.188305E+03     0.187230E+03     0.125087E+03     0.124731E+03     0.124240E+03     0.123937E+03     0.123393E+03     0.125679E+03     0.121484E+03     0.121217E+03     0.124129E+03     0.122573E+03     0.119037E+03     0.118775E+03     0.118083E+03     0.117760E+03     0.119502E+03     0.119178E+03     0.118753E+03     0.117543E+03     0.913600E+02     0.911777E+02     0.963390E+02     0.935777E+02     0.901990E+02     0.899080E+02     0.896470E+02     0.860690E+02     0.899939E+02     0.919970E+02     0.865930E+02     0.874360E+02     0.874080E+02     0.917610E+02     0.927553E+02     0.925770E+02     0.902596E+02     0.897012E+02     0.842610E+02     0.824844E+02     0.822750E+02     0.875820E+02     0.825353E+02     0.846690E+02     0.843308E+02     0.840850E+02     0.875250E+02     0.850448E+02     0.794660E+02     0.791828E+02     0.849610E+02     0.837132E+02     0.820410E+02     0.817480E+02     0.815118E+02     0.792900E+02     0.790767E+02     0.852520E+02     0.826260E+02     0.824221E+02     0.797000E+02     0.794577E+02     0.860324E+02     0.858360E+02     0.856622E+02     0.837214E+02     0.793330E+02     0.775190E+02     0.775190E+02     0.775190E+02     0.775190E+02     0.775190E+02     0.775190E+02     0.775190E+02     0.775190E+02     0.775190E+02     0.775190E+02     0.775190E+02     0.775190E+02     0.775190E+02     0.775190E+02     0.775190E+02     0.775190E+02     0.775190E+02     0.775190E+02     0.775190E+02     0.100000E+21
 0.216000E+04     0.159176E+03     0.158998E+03     0.206422E+03     0.206422E+03     0.206422E+03     0.206422E+03     0.206422E+03     0.206422E+03     0.206422E+03     0.206422E+03     0.206422E+03     0.119048E+03     0.117444E+03     0.116323E+03     0.118569E+03     0.119048E+03     0.177389E+03     0.163399E+03     0.162716E+03     0.155622E+03     0.143715E+03     0.143222E+03     0.139198E+03     0.136280E+03     0.139347E+03     0.144664E+03     0.144143E+03     0.138703E+03     0.137257E+03     0.136560E+03     0.134311E+03     0.133820E+03     0.144708E+03     0.141341E+03     0.131392E+03     0.173326E+03     0.192481E+03     0.198106E+03     0.196669E+03     0.188287E+03     0.187230E+03     0.125087E+03     0.124754E+03     0.124240E+03     0.123946E+03     0.123393E+03     0.125679E+03     0.124342E+03     0.121217E+03     0.123903E+03     0.123526E+03     0.122897E+03     0.119927E+03     0.118066E+03     0.117760E+03     0.119489E+03     0.119178E+03     0.118753E+03     0.117573E+03     0.913600E+02     0.916733E+02     0.963390E+02     0.935389E+02     0.901990E+02     0.899080E+02     0.896720E+02     0.860690E+02     0.894119E+02     0.899958E+02     0.903271E+02     0.881696E+02     0.874080E+02     0.882062E+02     0.927524E+02     0.925770E+02     0.903092E+02     0.892785E+02     0.842610E+02     0.824780E+02     0.822750E+02     0.875820E+02     0.826017E+02     0.846690E+02     0.843149E+02     0.840850E+02     0.875250E+02     0.850857E+02     0.794660E+02     0.792232E+02     0.849610E+02     0.836814E+02     0.820410E+02     0.817480E+02     0.815246E+02     0.792900E+02     0.790844E+02     0.852520E+02     0.826260E+02     0.824277E+02     0.797000E+02     0.794817E+02     0.860277E+02     0.858360E+02     0.856646E+02     0.835364E+02     0.793330E+02     0.775190E+02     0.775190E+02     0.775190E+02     0.775190E+02     0.775190E+02     0.775190E+02     0.775190E+02     0.775190E+02     0.775190E+02     0.775190E+02     0.775190E+02     0.775190E+02     0.775190E+02     0.775190E+02     0.775190E+02     0.775190E+02     0.775190E+02     0.775190E+02     0.775190E+02     0.100000E+21
 0.218000E+04     0.171771E+03     0.165378E+03     0.206422E+03     0.206422E+03     0.206422E+03     0.206422E+03     0.206422E+03     0.206422E+03     0.206422E+03     0.206422E+03     0.206422E+03     0.119048E+03     0.117501E+03     0.116323E+03     0.118260E+03     0.119048E+03     0.176608E+03     0.163399E+03     0.162716E+03     0.156351E+03     0.143715E+03     0.142570E+03     0.139707E+03     0.136280E+03     0.139156E+03     0.144587E+03     0.144143E+03     0.138602E+03     0.137257E+03     0.136560E+03     0.134267E+03     0.133820E+03     0.146268E+03     0.145796E+03     0.129473E+03     0.170433E+03     0.192481E+03     0.196101E+03     0.196669E+03     0.188242E+03     0.187230E+03     0.125087E+03     0.124794E+03     0.124240E+03     0.123970E+03     0.123393E+03     0.125679E+03     0.125407E+03     0.121217E+03     0.123540E+03     0.124271E+03     0.124014E+03     0.120882E+03     0.118033E+03     0.117760E+03     0.119460E+03     0.119178E+03     0.118753E+03     0.117647E+03     0.913600E+02     0.922971E+02     0.963390E+02     0.934430E+02     0.901990E+02     0.899080E+02     0.897036E+02     0.860690E+02     0.889264E+02     0.887470E+02     0.917080E+02     0.887251E+02     0.874080E+02     0.872218E+02     0.927451E+02     0.925770E+02     0.904343E+02     0.886001E+02     0.842610E+02     0.827881E+02     0.822750E+02     0.860326E+02     0.827641E+02     0.846690E+02     0.842873E+02     0.840850E+02     0.875250E+02     0.851882E+02     0.794660E+02     0.792570E+02     0.849610E+02     0.840199E+02     0.830156E+02     0.817480E+02     0.815495E+02     0.792900E+02     0.791025E+02     0.852520E+02     0.826260E+02     0.824415E+02     0.797000E+02     0.795140E+02     0.860157E+02     0.858360E+02     0.856705E+02     0.831223E+02     0.793330E+02     0.775190E+02     0.775190E+02     0.775190E+02     0.775190E+02     0.775190E+02     0.775190E+02     0.775190E+02     0.775190E+02     0.775190E+02     0.775190E+02     0.775190E+02     0.775190E+02     0.775190E+02     0.775190E+02     0.775190E+02     0.775190E+02     0.775190E+02     0.775190E+02     0.775190E+02     0.100000E+21
 0.220000E+04     0.193727E+03     0.193727E+03     0.169721E+03     0.206422E+03     0.206422E+03     0.206422E+03     0.206422E+03     0.206422E+03     0.206422E+03     0.206422E+03     0.206422E+03     0.119048E+03     0.117420E+03     0.116323E+03     0.118877E+03     0.119048E+03     0.177709E+03     0.163399E+03     0.162716E+03     0.155271E+03     0.143715E+03     0.140889E+03     0.139882E+03     0.136280E+03     0.139425E+03     0.144722E+03     0.144143E+03     0.138745E+03     0.137257E+03     0.136560E+03     0.134329E+03     0.133820E+03     0.146358E+03     0.145796E+03     0.129473E+03     0.173403E+03     0.192481E+03     0.190877E+03     0.196669E+03     0.188305E+03     0.187230E+03     0.125087E+03     0.124731E+03     0.124240E+03     0.123937E+03     0.123393E+03     0.125679E+03     0.125375E+03     0.119405E+03     0.120514E+03     0.124292E+03     0.124014E+03     0.120690E+03     0.118083E+03     0.117760E+03     0.119502E+03     0.119178E+03     0.118753E+03     0.117542E+03     0.913600E+02     0.905764E+02     0.903150E+02     0.959274E+02     0.957610E+02     0.899080E+02     0.896466E+02     0.860690E+02     0.889434E+02     0.887470E+02     0.917080E+02     0.875834E+02     0.874080E+02     0.871875E+02     0.927554E+02     0.925770E+02     0.902578E+02     0.891538E+02     0.907790E+02     0.834916E+02     0.822750E+02     0.838520E+02     0.842095E+02     0.846690E+02     0.843310E+02     0.840850E+02     0.875250E+02     0.873449E+02     0.794660E+02     0.791805E+02     0.849610E+02     0.845633E+02     0.843780E+02     0.817480E+02     0.815116E+02     0.792900E+02     0.790766E+02     0.852520E+02     0.849610E+02     0.831309E+02     0.797000E+02     0.794574E+02     0.860326E+02     0.858360E+02     0.856621E+02     0.837245E+02     0.793330E+02     0.775190E+02     0.775190E+02     0.775190E+02     0.775190E+02     0.775190E+02     0.775190E+02     0.775190E+02     0.775190E+02     0.775190E+02     0.775190E+02     0.775190E+02     0.775190E+02     0.775190E+02     0.775190E+02     0.775190E+02     0.775190E+02     0.775190E+02     0.775190E+02     0.775190E+02     0.100000E+21
 0.222000E+04     0.196426E+03     0.194695E+03     0.190763E+03     0.206422E+03     0.206422E+03     0.206422E+03     0.206422E+03     0.206422E+03     0.206422E+03     0.206422E+03     0.206422E+03     0.119048E+03     0.117501E+03     0.116323E+03     0.118260E+03     0.119048E+03     0.176608E+03     0.163399E+03     0.162716E+03     0.156351E+03     0.143715E+03     0.141277E+03     0.139707E+03     0.136280E+03     0.139156E+03     0.144587E+03     0.144143E+03     0.138602E+03     0.137257E+03     0.136560E+03     0.134267E+03     0.133820E+03     0.146268E+03     0.145796E+03     0.129473E+03     0.146762E+03     0.192481E+03     0.192429E+03     0.196669E+03     0.188242E+03     0.187230E+03     0.125087E+03     0.124794E+03     0.124240E+03     0.123970E+03     0.123393E+03     0.125679E+03     0.125407E+03     0.119405E+03     0.120289E+03     0.124271E+03     0.124014E+03     0.120882E+03     0.118033E+03     0.117760E+03     0.118485E+03     0.119178E+03     0.118753E+03     0.117647E+03     0.913600E+02     0.905194E+02     0.903150E+02     0.959207E+02     0.957610E+02     0.899080E+02     0.897036E+02     0.860690E+02     0.876616E+02     0.887470E+02     0.917080E+02     0.881243E+02     0.874080E+02     0.872218E+02     0.927451E+02     0.925770E+02     0.904343E+02     0.894839E+02     0.907790E+02     0.833617E+02     0.822750E+02     0.838520E+02     0.836099E+02     0.825902E+02     0.842873E+02     0.840850E+02     0.875250E+02     0.873554E+02     0.818296E+02     0.798256E+02     0.849610E+02     0.845508E+02     0.843780E+02     0.817480E+02     0.815495E+02     0.792900E+02     0.791025E+02     0.852520E+02     0.849610E+02     0.833065E+02     0.811789E+02     0.799980E+02     0.833018E+02     0.858360E+02     0.856705E+02     0.831223E+02     0.793330E+02     0.775190E+02     0.775190E+02     0.775190E+02     0.775190E+02     0.775190E+02     0.775190E+02     0.775190E+02     0.775190E+02     0.775190E+02     0.775190E+02     0.775190E+02     0.775190E+02     0.775190E+02     0.775190E+02     0.775190E+02     0.775190E+02     0.775190E+02     0.775190E+02     0.775190E+02     0.100000E+21
 0.224000E+04     0.197974E+03     0.197974E+03     0.197179E+03     0.206422E+03     0.206422E+03     0.206422E+03     0.206422E+03     0.206422E+03     0.206422E+03     0.206422E+03     0.206422E+03     0.119048E+03     0.117444E+03     0.125831E+03     0.120239E+03     0.185185E+03     0.177389E+03     0.163399E+03     0.162716E+03     0.155622E+03     0.143715E+03     0.141010E+03     0.139830E+03     0.136280E+03     0.139347E+03     0.144664E+03     0.144143E+03     0.138703E+03     0.137257E+03     0.136560E+03     0.134311E+03     0.133820E+03     0.146327E+03     0.145796E+03     0.129473E+03     0.132151E+03     0.192481E+03     0.191744E+03     0.196669E+03     0.188287E+03     0.187230E+03     0.125087E+03     0.124754E+03     0.124240E+03     0.123946E+03     0.123393E+03     0.125679E+03     0.125384E+03     0.119405E+03     0.120427E+03     0.124286E+03     0.124014E+03     0.120746E+03     0.118066E+03     0.117760E+03     0.117829E+03     0.119178E+03     0.118753E+03     0.117573E+03     0.913600E+02     0.909285E+02     0.903150E+02     0.959254E+02     0.957610E+02     0.899080E+02     0.896720E+02     0.893270E+02     0.867862E+02     0.887470E+02     0.884550E+02     0.868789E+02     0.860100E+02     0.868059E+02     0.890985E+02     0.925770E+02     0.923919E+02     0.892814E+02     0.907790E+02     0.834532E+02     0.822750E+02     0.819820E+02     0.854881E+02     0.813980E+02     0.843149E+02     0.840850E+02     0.837940E+02     0.858792E+02     0.832100E+02     0.798547E+02     0.788800E+02     0.845596E+02     0.843780E+02     0.817480E+02     0.815246E+02     0.792900E+02     0.790844E+02     0.787040E+02     0.849610E+02     0.831823E+02     0.820410E+02     0.800784E+02     0.814090E+02     0.858360E+02     0.856646E+02     0.835364E+02     0.793330E+02     0.775190E+02     0.775190E+02     0.775190E+02     0.775190E+02     0.775190E+02     0.775190E+02     0.775190E+02     0.775190E+02     0.775190E+02     0.775190E+02     0.775190E+02     0.775190E+02     0.775190E+02     0.775190E+02     0.775190E+02     0.775190E+02     0.775190E+02     0.775190E+02     0.775190E+02     0.100000E+21
 0.226000E+04     0.156289E+03     0.189105E+03     0.199227E+03     0.206422E+03     0.206422E+03     0.206422E+03     0.206422E+03     0.206422E+03     0.206422E+03     0.206422E+03     0.206422E+03     0.119048E+03     0.117421E+03     0.125831E+03     0.119490E+03     0.185185E+03     0.177698E+03     0.163399E+03     0.162716E+03     0.155277E+03     0.143715E+03     0.140891E+03     0.139880E+03     0.136280E+03     0.139423E+03     0.144721E+03     0.144143E+03     0.138744E+03     0.137257E+03     0.136560E+03     0.134329E+03     0.133820E+03     0.146358E+03     0.145796E+03     0.129473E+03     0.132203E+03     0.192481E+03     0.190923E+03     0.196669E+03     0.188305E+03     0.187230E+03     0.125087E+03     0.124731E+03     0.124240E+03     0.123937E+03     0.123393E+03     0.131142E+03     0.126447E+03     0.119405E+03     0.120513E+03     0.124292E+03     0.124014E+03     0.120692E+03     0.118083E+03     0.117760E+03     0.117772E+03     0.119178E+03     0.118753E+03     0.117543E+03     0.913600E+02     0.909937E+02     0.903150E+02     0.959273E+02     0.957610E+02     0.899080E+02     0.896470E+02     0.893270E+02     0.861516E+02     0.868041E+02     0.884550E+02     0.897614E+02     0.860100E+02     0.868483E+02     0.890410E+02     0.925770E+02     0.923878E+02     0.891552E+02     0.907790E+02     0.834906E+02     0.822750E+02     0.819820E+02     0.859850E+02     0.832818E+02     0.843308E+02     0.840850E+02     0.837940E+02     0.859142E+02     0.832100E+02     0.792956E+02     0.788800E+02     0.845632E+02     0.843780E+02     0.834059E+02     0.817497E+02     0.808737E+02     0.793591E+02     0.787040E+02     0.849610E+02     0.842688E+02     0.820410E+02     0.798625E+02     0.812993E+02     0.858360E+02     0.856622E+02     0.837214E+02     0.793330E+02     0.775190E+02     0.775190E+02     0.775190E+02     0.775190E+02     0.775190E+02     0.775190E+02     0.775190E+02     0.775190E+02     0.775190E+02     0.775190E+02     0.775190E+02     0.775190E+02     0.775190E+02     0.775190E+02     0.775190E+02     0.775190E+02     0.775190E+02     0.775190E+02     0.775190E+02     0.100000E+21
 0.228000E+04     0.154784E+03     0.172850E+03     0.193621E+03     0.206422E+03     0.206422E+03     0.206422E+03     0.206422E+03     0.206422E+03     0.206422E+03     0.206422E+03     0.206422E+03     0.119048E+03     0.117470E+03     0.125831E+03     0.120632E+03     0.185185E+03     0.173030E+03     0.163399E+03     0.162716E+03     0.155961E+03     0.143715E+03     0.141131E+03     0.138753E+03     0.136280E+03     0.139262E+03     0.144626E+03     0.144143E+03     0.138658E+03     0.137257E+03     0.136560E+03     0.134291E+03     0.133820E+03     0.146299E+03     0.145796E+03     0.129473E+03     0.132092E+03     0.193684E+03     0.192096E+03     0.196669E+03     0.188267E+03     0.187230E+03     0.125087E+03     0.124774E+03     0.124240E+03     0.123957E+03     0.123393E+03     0.132576E+03     0.127664E+03     0.119405E+03     0.120361E+03     0.124279E+03     0.124014E+03     0.120807E+03     0.118051E+03     0.117760E+03     0.117887E+03     0.119178E+03     0.118753E+03     0.117863E+03     0.913600E+02     0.908873E+02     0.903150E+02     0.959233E+02     0.957610E+02     0.915100E+02     0.902769E+02     0.893270E+02     0.862874E+02     0.854850E+02     0.884550E+02     0.899468E+02     0.860100E+02     0.867656E+02     0.891631E+02     0.925770E+02     0.923964E+02     0.890916E+02     0.901636E+02     0.848096E+02     0.826530E+02     0.819820E+02     0.854307E+02     0.837350E+02     0.843016E+02     0.840850E+02     0.837940E+02     0.858400E+02     0.842756E+02     0.810789E+02     0.788800E+02     0.845557E+02     0.843780E+02     0.840850E+02     0.821743E+02     0.811640E+02     0.797033E+02     0.787040E+02     0.849610E+02     0.847695E+02     0.826692E+02     0.805058E+02     0.804923E+02     0.839883E+02     0.844983E+02     0.833488E+02     0.793330E+02     0.775190E+02     0.775190E+02     0.775190E+02     0.775190E+02     0.775190E+02     0.775190E+02     0.775190E+02     0.775190E+02     0.775190E+02     0.775190E+02     0.775190E+02     0.775190E+02     0.775190E+02     0.775190E+02     0.775190E+02     0.775190E+02     0.775190E+02     0.775190E+02     0.775190E+02     0.100000E+21
 0.230000E+04     0.151607E+03     0.153921E+03     0.168182E+03     0.206422E+03     0.206422E+03     0.206422E+03     0.206422E+03     0.206422E+03     0.206422E+03     0.206422E+03     0.206422E+03     0.119048E+03     0.117420E+03     0.125831E+03     0.120133E+03     0.185185E+03     0.163846E+03     0.163399E+03     0.162716E+03     0.155479E+03     0.143715E+03     0.140959E+03     0.136696E+03     0.136280E+03     0.139409E+03     0.144672E+03     0.144143E+03     0.138734E+03     0.137257E+03     0.136560E+03     0.134320E+03     0.133820E+03     0.146338E+03     0.145796E+03     0.129473E+03     0.132200E+03     0.196734E+03     0.191650E+03     0.196669E+03     0.188305E+03     0.187230E+03     0.125087E+03     0.124748E+03     0.124240E+03     0.123940E+03     0.123393E+03     0.132576E+03     0.127380E+03     0.119405E+03     0.120444E+03     0.124291E+03     0.124014E+03     0.120691E+03     0.118072E+03     0.117760E+03     0.117801E+03     0.119178E+03     0.118753E+03     0.118466E+03     0.107978E+03     0.909401E+02     0.903150E+02     0.939164E+02     0.957610E+02     0.954710E+02     0.906183E+02     0.893270E+02     0.878780E+02     0.854850E+02     0.884550E+02     0.882377E+02     0.896909E+02     0.868483E+02     0.890402E+02     0.925770E+02     0.923882E+02     0.904350E+02     0.884550E+02     0.885118E+02     0.836770E+02     0.819820E+02     0.836110E+02     0.837350E+02     0.824305E+02     0.840850E+02     0.837940E+02     0.859145E+02     0.869420E+02     0.835329E+02     0.788800E+02     0.822437E+02     0.843780E+02     0.840850E+02     0.820282E+02     0.811640E+02     0.796129E+02     0.787040E+02     0.849610E+02     0.847592E+02     0.843780E+02     0.832361E+02     0.790186E+02     0.788210E+02     0.828266E+02     0.836162E+02     0.793330E+02     0.775190E+02     0.775190E+02     0.775190E+02     0.775190E+02     0.775190E+02     0.775190E+02     0.775190E+02     0.775190E+02     0.775190E+02     0.775190E+02     0.775190E+02     0.775190E+02     0.775190E+02     0.775190E+02     0.775190E+02     0.775190E+02     0.775190E+02     0.775190E+02     0.775190E+02     0.100000E+21
 0.232000E+04     0.150376E+03     0.151571E+03     0.174532E+03     0.206422E+03     0.206422E+03     0.206422E+03     0.206422E+03     0.206422E+03     0.206422E+03     0.206422E+03     0.206422E+03     0.119048E+03     0.117518E+03     0.125831E+03     0.121175E+03     0.185185E+03     0.163805E+03     0.163399E+03     0.162716E+03     0.156539E+03     0.143715E+03     0.141347E+03     0.136672E+03     0.136280E+03     0.139099E+03     0.144570E+03     0.144143E+03     0.138681E+03     0.137550E+03     0.136560E+03     0.134710E+03     0.133820E+03     0.146253E+03     0.145796E+03     0.129473E+03     0.131980E+03     0.196734E+03     0.192574E+03     0.196669E+03     0.188229E+03     0.187230E+03     0.125087E+03     0.124804E+03     0.124240E+03     0.123976E+03     0.123393E+03     0.127386E+03     0.126143E+03     0.122332E+03     0.121344E+03     0.124266E+03     0.124014E+03     0.122444E+03     0.118024E+03     0.117760E+03     0.117990E+03     0.119178E+03     0.118753E+03     0.118495E+03     0.116539E+03     0.908284E+02     0.903150E+02     0.926088E+02     0.957610E+02     0.954710E+02     0.914854E+02     0.893270E+02     0.876388E+02     0.854850E+02     0.866939E+02     0.876718E+02     0.911280E+02     0.877750E+02     0.879450E+02     0.893130E+02     0.911381E+02     0.906322E+02     0.884550E+02     0.871524E+02     0.836770E+02     0.819820E+02     0.836260E+02     0.854991E+02     0.820945E+02     0.840850E+02     0.837940E+02     0.846234E+02     0.869420E+02     0.841607E+02     0.788800E+02     0.809928E+02     0.843780E+02     0.840850E+02     0.831935E+02     0.811640E+02     0.804482E+02     0.787040E+02     0.814220E+02     0.834836E+02     0.843780E+02     0.841989E+02     0.789990E+02     0.788210E+02     0.804962E+02     0.830130E+02     0.793330E+02     0.775190E+02     0.775190E+02     0.775190E+02     0.775190E+02     0.775190E+02     0.775190E+02     0.775190E+02     0.775190E+02     0.775190E+02     0.775190E+02     0.775190E+02     0.775190E+02     0.775190E+02     0.775190E+02     0.775190E+02     0.775190E+02     0.775190E+02     0.775190E+02     0.775190E+02     0.100000E+21
 0.234000E+04     0.150376E+03     0.150376E+03     0.169853E+03     0.206422E+03     0.206422E+03     0.206422E+03     0.206422E+03     0.206422E+03     0.206422E+03     0.206422E+03     0.206422E+03     0.119048E+03     0.117481E+03     0.125831E+03     0.120791E+03     0.185185E+03     0.163821E+03     0.163399E+03     0.162716E+03     0.156118E+03     0.143715E+03     0.141189E+03     0.136681E+03     0.136280E+03     0.139221E+03     0.144609E+03     0.144143E+03     0.138829E+03     0.137799E+03     0.136560E+03     0.135168E+03     0.133820E+03     0.140086E+03     0.145796E+03     0.129473E+03     0.132065E+03     0.196734E+03     0.192237E+03     0.196669E+03     0.188258E+03     0.187230E+03     0.125087E+03     0.124782E+03     0.124240E+03     0.123962E+03     0.123393E+03     0.122969E+03     0.124476E+03     0.124833E+03     0.122136E+03     0.124276E+03     0.124014E+03     0.123765E+03     0.118043E+03     0.117760E+03     0.117914E+03     0.119178E+03     0.118753E+03     0.118483E+03     0.116539E+03     0.905315E+02     0.887213E+02     0.925473E+02     0.957610E+02     0.954710E+02     0.942097E+02     0.893270E+02     0.884233E+02     0.874976E+02     0.851940E+02     0.872293E+02     0.888456E+02     0.893509E+02     0.861662E+02     0.865340E+02     0.900866E+02     0.908190E+02     0.884550E+02     0.879026E+02     0.882246E+02     0.819820E+02     0.827771E+02     0.843944E+02     0.831769E+02     0.840850E+02     0.837940E+02     0.836218E+02     0.869420E+02     0.860221E+02     0.814603E+02     0.794729E+02     0.806240E+02     0.840850E+02     0.838788E+02     0.811640E+02     0.809704E+02     0.787040E+02     0.784110E+02     0.824513E+02     0.843780E+02     0.841825E+02     0.790067E+02     0.788210E+02     0.786529E+02     0.832581E+02     0.793330E+02     0.775190E+02     0.775190E+02     0.775190E+02     0.775190E+02     0.775190E+02     0.775190E+02     0.775190E+02     0.775190E+02     0.775190E+02     0.775190E+02     0.775190E+02     0.775190E+02     0.775190E+02     0.775190E+02     0.775190E+02     0.775190E+02     0.775190E+02     0.775190E+02     0.775190E+02     0.100000E+21
 0.236000E+04     0.145449E+03     0.149070E+03     0.164643E+03     0.206422E+03     0.206422E+03     0.206422E+03     0.206422E+03     0.206422E+03     0.206422E+03     0.198291E+03     0.150893E+03     0.119048E+03     0.117419E+03     0.125831E+03     0.120074E+03     0.185185E+03     0.163846E+03     0.163399E+03     0.162716E+03     0.155448E+03     0.143715E+03     0.140948E+03     0.136697E+03     0.136280E+03     0.139413E+03     0.144678E+03     0.144143E+03     0.138903E+03     0.137799E+03     0.136560E+03     0.135285E+03     0.133820E+03     0.136879E+03     0.145796E+03     0.129473E+03     0.130276E+03     0.196734E+03     0.191595E+03     0.196669E+03     0.188305E+03     0.187230E+03     0.163687E+03     0.130914E+03     0.124240E+03     0.123940E+03     0.123393E+03     0.122969E+03     0.124595E+03     0.124833E+03     0.121780E+03     0.122654E+03     0.124014E+03     0.123754E+03     0.118073E+03     0.117760E+03     0.117496E+03     0.117667E+03     0.118753E+03     0.118466E+03     0.116539E+03     0.905665E+02     0.879900E+02     0.924433E+02     0.957610E+02     0.954710E+02     0.952300E+02     0.893270E+02     0.889426E+02     0.887470E+02     0.851940E+02     0.857513E+02     0.878740E+02     0.900544E+02     0.858535E+02     0.865340E+02     0.902956E+02     0.915617E+02     0.908461E+02     0.887517E+02     0.901990E+02     0.827733E+02     0.821478E+02     0.832680E+02     0.832349E+02     0.819933E+02     0.837940E+02     0.836139E+02     0.869420E+02     0.866927E+02     0.826260E+02     0.784798E+02     0.782940E+02     0.840850E+02     0.838560E+02     0.811640E+02     0.809537E+02     0.797662E+02     0.784110E+02     0.827420E+02     0.843780E+02     0.841538E+02     0.809907E+02     0.788210E+02     0.786464E+02     0.801466E+02     0.793330E+02     0.775190E+02     0.775190E+02     0.775190E+02     0.775190E+02     0.775190E+02     0.775190E+02     0.775190E+02     0.775190E+02     0.775190E+02     0.775190E+02     0.775190E+02     0.775190E+02     0.775190E+02     0.775190E+02     0.775190E+02     0.775190E+02     0.775190E+02     0.775190E+02     0.775190E+02     0.100000E+21
 0.238000E+04     0.143732E+03     0.143732E+03     0.150376E+03     0.150376E+03     0.206422E+03     0.206422E+03     0.206422E+03     0.206422E+03     0.206422E+03     0.191647E+03     0.119048E+03     0.119048E+03     0.117439E+03     0.125831E+03     0.119967E+03     0.185185E+03     0.163840E+03     0.163399E+03     0.162716E+03     0.155456E+03     0.143715E+03     0.140948E+03     0.136692E+03     0.136280E+03     0.139373E+03     0.144692E+03     0.144143E+03     0.138890E+03     0.137799E+03     0.136560E+03     0.135278E+03     0.133820E+03     0.136855E+03     0.145796E+03     0.129473E+03     0.129032E+03     0.196734E+03     0.191493E+03     0.196669E+03     0.191924E+03     0.187230E+03     0.185485E+03     0.136198E+03     0.124240E+03     0.123942E+03     0.123393E+03     0.122969E+03     0.124579E+03     0.124833E+03     0.120329E+03     0.121662E+03     0.124014E+03     0.123757E+03     0.118075E+03     0.117760E+03     0.117226E+03     0.116909E+03     0.118753E+03     0.118469E+03     0.116539E+03     0.906056E+02     0.879900E+02     0.899000E+02     0.897340E+02     0.954710E+02     0.952263E+02     0.948930E+02     0.889401E+02     0.887470E+02     0.884550E+02     0.858045E+02     0.878740E+02     0.876580E+02     0.889713E+02     0.865340E+02     0.902455E+02     0.919304E+02     0.917080E+02     0.880782E+02     0.878740E+02     0.833850E+02     0.816034E+02     0.813980E+02     0.855914E+02     0.808120E+02     0.837940E+02     0.836162E+02     0.832100E+02     0.862166E+02     0.826260E+02     0.784773E+02     0.782940E+02     0.840850E+02     0.838554E+02     0.835020E+02     0.816224E+02     0.805780E+02     0.784110E+02     0.782106E+02     0.843780E+02     0.841480E+02     0.821249E+02     0.788210E+02     0.786484E+02     0.785353E+02     0.793330E+02     0.775190E+02     0.775190E+02     0.775190E+02     0.775190E+02     0.775190E+02     0.775190E+02     0.775190E+02     0.775190E+02     0.775190E+02     0.775190E+02     0.775190E+02     0.775190E+02     0.775190E+02     0.775190E+02     0.775190E+02     0.775190E+02     0.775190E+02     0.775190E+02     0.775190E+02     0.100000E+21
 0.240000E+04     0.155492E+03     0.147847E+03     0.147853E+03     0.150376E+03     0.206422E+03     0.206422E+03     0.206422E+03     0.206422E+03     0.206422E+03     0.186817E+03     0.119048E+03     0.119048E+03     0.117425E+03     0.125831E+03     0.120466E+03     0.185185E+03     0.163842E+03     0.163399E+03     0.162716E+03     0.155697E+03     0.143715E+03     0.141036E+03     0.136695E+03     0.136280E+03     0.139378E+03     0.142874E+03     0.144143E+03     0.138887E+03     0.137799E+03     0.136560E+03     0.135249E+03     0.133820E+03     0.137246E+03     0.145796E+03     0.129473E+03     0.129029E+03     0.163317E+03     0.191166E+03     0.192654E+03     0.191962E+03     0.187230E+03     0.185485E+03     0.138913E+03     0.124240E+03     0.123945E+03     0.123393E+03     0.122969E+03     0.124565E+03     0.124833E+03     0.120687E+03     0.121651E+03     0.124014E+03     0.123755E+03     0.118061E+03     0.117760E+03     0.117219E+03     0.116909E+03     0.118753E+03     0.118469E+03     0.116539E+03     0.904041E+02     0.879900E+02     0.899013E+02     0.897340E+02     0.954710E+02     0.952452E+02     0.948930E+02     0.889404E+02     0.887470E+02     0.884550E+02     0.858672E+02     0.861303E+02     0.871824E+02     0.887168E+02     0.857873E+02     0.879797E+02     0.919127E+02     0.917080E+02     0.880765E+02     0.878740E+02     0.867153E+02     0.816014E+02     0.813980E+02     0.856043E+02     0.820369E+02     0.837940E+02     0.836148E+02     0.832100E+02     0.859497E+02     0.826260E+02     0.797050E+02     0.782940E+02     0.808944E+02     0.831125E+02     0.835020E+02     0.816597E+02     0.805780E+02     0.784110E+02     0.782111E+02     0.843780E+02     0.841706E+02     0.829218E+02     0.813171E+02     0.796107E+02     0.785607E+02     0.793330E+02     0.775190E+02     0.775190E+02     0.775190E+02     0.775190E+02     0.775190E+02     0.775190E+02     0.775190E+02     0.775190E+02     0.775190E+02     0.775190E+02     0.775190E+02     0.775190E+02     0.775190E+02     0.775190E+02     0.775190E+02     0.775190E+02     0.775190E+02     0.775190E+02     0.775190E+02     0.100000E+21
 0.242000E+04     0.165733E+03     0.158689E+03     0.145060E+03     0.147414E+03     0.206422E+03     0.206422E+03     0.206422E+03     0.206422E+03     0.206422E+03     0.178180E+03     0.119048E+03     0.119048E+03     0.117517E+03     0.122805E+03     0.120136E+03     0.185185E+03     0.163806E+03     0.163399E+03     0.162716E+03     0.156523E+03     0.143715E+03     0.141341E+03     0.136672E+03     0.136280E+03     0.139104E+03     0.141751E+03     0.144143E+03     0.138783E+03     0.137799E+03     0.136560E+03     0.135095E+03     0.133820E+03     0.137899E+03     0.145796E+03     0.136750E+03     0.132144E+03     0.133058E+03     0.190211E+03     0.189004E+03     0.191653E+03     0.187230E+03     0.185485E+03     0.144735E+03     0.124240E+03     0.123975E+03     0.123393E+03     0.122969E+03     0.123649E+03     0.124833E+03     0.121225E+03     0.121843E+03     0.124014E+03     0.123772E+03     0.119378E+03     0.117760E+03     0.117184E+03     0.116909E+03     0.118753E+03     0.118494E+03     0.117146E+03     0.979089E+02     0.892343E+02     0.893077E+02     0.897340E+02     0.954710E+02     0.952743E+02     0.948930E+02     0.889231E+02     0.887470E+02     0.884550E+02     0.861599E+02     0.846110E+02     0.864575E+02     0.873882E+02     0.851360E+02     0.857959E+02     0.918862E+02     0.917080E+02     0.880559E+02     0.878740E+02     0.899080E+02     0.815806E+02     0.813980E+02     0.844497E+02     0.831520E+02     0.822706E+02     0.829645E+02     0.832100E+02     0.844800E+02     0.826260E+02     0.806579E+02     0.782940E+02     0.780000E+02     0.818390E+02     0.835020E+02     0.825032E+02     0.805780E+02     0.792456E+02     0.785738E+02     0.843780E+02     0.841984E+02     0.836791E+02     0.835020E+02     0.807121E+02     0.786487E+02     0.793330E+02     0.775190E+02     0.775190E+02     0.775190E+02     0.775190E+02     0.775190E+02     0.775190E+02     0.775190E+02     0.775190E+02     0.775190E+02     0.775190E+02     0.775190E+02     0.775190E+02     0.775190E+02     0.775190E+02     0.775190E+02     0.775190E+02     0.775190E+02     0.775190E+02     0.775190E+02     0.100000E+21
 0.244000E+04     0.165733E+03     0.165733E+03     0.152309E+03     0.143732E+03     0.206422E+03     0.206422E+03     0.206422E+03     0.206422E+03     0.206422E+03     0.179080E+03     0.119048E+03     0.119048E+03     0.117509E+03     0.119048E+03     0.119048E+03     0.185185E+03     0.163809E+03     0.163399E+03     0.162716E+03     0.156440E+03     0.143715E+03     0.141310E+03     0.136674E+03     0.136280E+03     0.139129E+03     0.141710E+03     0.144143E+03     0.138793E+03     0.137799E+03     0.136560E+03     0.135110E+03     0.133820E+03     0.137277E+03     0.145796E+03     0.145103E+03     0.135476E+03     0.133058E+03     0.192115E+03     0.189004E+03     0.191680E+03     0.187230E+03     0.185485E+03     0.144133E+03     0.124240E+03     0.123973E+03     0.123393E+03     0.122969E+03     0.122700E+03     0.124833E+03     0.123285E+03     0.121825E+03     0.124014E+03     0.123770E+03     0.121169E+03     0.117760E+03     0.117187E+03     0.116909E+03     0.117474E+03     0.118016E+03     0.117901E+03     0.108348E+03     0.907790E+02     0.886103E+02     0.897340E+02     0.954710E+02     0.952713E+02     0.948930E+02     0.909623E+02     0.887470E+02     0.884550E+02     0.874385E+02     0.846110E+02     0.864839E+02     0.875665E+02     0.882206E+02     0.864149E+02     0.918891E+02     0.917080E+02     0.893057E+02     0.878740E+02     0.885943E+02     0.821196E+02     0.813980E+02     0.827954E+02     0.851115E+02     0.805200E+02     0.822414E+02     0.832100E+02     0.830044E+02     0.848684E+02     0.815135E+02     0.804057E+02     0.780000E+02     0.793585E+02     0.835020E+02     0.833174E+02     0.805780E+02     0.802860E+02     0.789349E+02     0.804517E+02     0.828362E+02     0.836807E+02     0.835020E+02     0.822305E+02     0.786396E+02     0.793330E+02     0.775190E+02     0.775190E+02     0.775190E+02     0.775190E+02     0.775190E+02     0.775190E+02     0.775190E+02     0.775190E+02     0.775190E+02     0.775190E+02     0.775190E+02     0.775190E+02     0.775190E+02     0.775190E+02     0.775190E+02     0.775190E+02     0.775190E+02     0.775190E+02     0.775190E+02     0.100000E+21
 0.246000E+04     0.158484E+03     0.163260E+03     0.162590E+03     0.155859E+03     0.206422E+03     0.206422E+03     0.206422E+03     0.206422E+03     0.206422E+03     0.186940E+03     0.119048E+03     0.119048E+03     0.117425E+03     0.119048E+03     0.119048E+03     0.185185E+03     0.163842E+03     0.163399E+03     0.162716E+03     0.155688E+03     0.143715E+03     0.141033E+03     0.136695E+03     0.136280E+03     0.139380E+03     0.141374E+03     0.144143E+03     0.138888E+03     0.137799E+03     0.136560E+03     0.135250E+03     0.133820E+03     0.136218E+03     0.145796E+03     0.145103E+03     0.134779E+03     0.133058E+03     0.193790E+03     0.189004E+03     0.191963E+03     0.187230E+03     0.185485E+03     0.138837E+03     0.124240E+03     0.123945E+03     0.123393E+03     0.122969E+03     0.122673E+03     0.124833E+03     0.124533E+03     0.120922E+03     0.121772E+03     0.122951E+03     0.121582E+03     0.117760E+03     0.117219E+03     0.116909E+03     0.116483E+03     0.117713E+03     0.117901E+03     0.110681E+03     0.907790E+02     0.885600E+02     0.897340E+02     0.922537E+02     0.945921E+02     0.948930E+02     0.926548E+02     0.887470E+02     0.884550E+02     0.882428E+02     0.846110E+02     0.854429E+02     0.884407E+02     0.902560E+02     0.867469E+02     0.895190E+02     0.917080E+02     0.903500E+02     0.878740E+02     0.875820E+02     0.850284E+02     0.813980E+02     0.819041E+02     0.844216E+02     0.817254E+02     0.828112E+02     0.832100E+02     0.829770E+02     0.863600E+02     0.822256E+02     0.820410E+02     0.780000E+02     0.777786E+02     0.835020E+02     0.832973E+02     0.805780E+02     0.802860E+02     0.788061E+02     0.778240E+02     0.822666E+02     0.836964E+02     0.835020E+02     0.833286E+02     0.794604E+02     0.793330E+02     0.775190E+02     0.775190E+02     0.775190E+02     0.775190E+02     0.775190E+02     0.775190E+02     0.775190E+02     0.775190E+02     0.775190E+02     0.775190E+02     0.775190E+02     0.775190E+02     0.775190E+02     0.775190E+02     0.775190E+02     0.775190E+02     0.775190E+02     0.775190E+02     0.775190E+02     0.100000E+21
 0.248000E+04     0.152582E+03     0.154609E+03     0.165733E+03     0.165733E+03     0.206422E+03     0.206422E+03     0.206422E+03     0.206422E+03     0.206422E+03     0.194839E+03     0.119048E+03     0.119048E+03     0.117431E+03     0.119048E+03     0.119048E+03     0.185185E+03     0.163844E+03     0.163399E+03     0.162716E+03     0.155284E+03     0.143715E+03     0.140888E+03     0.136694E+03     0.136280E+03     0.139405E+03     0.140902E+03     0.144143E+03     0.139074E+03     0.138587E+03     0.136932E+03     0.135532E+03     0.135019E+03     0.135509E+03     0.145796E+03     0.145103E+03     0.134775E+03     0.133058E+03     0.194694E+03     0.189004E+03     0.191954E+03     0.187230E+03     0.185485E+03     0.134466E+03     0.124240E+03     0.123938E+03     0.123393E+03     0.122969E+03     0.122666E+03     0.124833E+03     0.124493E+03     0.119313E+03     0.119942E+03     0.122172E+03     0.121868E+03     0.117760E+03     0.117232E+03     0.116909E+03     0.116483E+03     0.117724E+03     0.117901E+03     0.114648E+03     0.907790E+02     0.890752E+02     0.881195E+02     0.894430E+02     0.945919E+02     0.948930E+02     0.926886E+02     0.887470E+02     0.884550E+02     0.882336E+02     0.846110E+02     0.843891E+02     0.876303E+02     0.872126E+02     0.860160E+02     0.870832E+02     0.917080E+02     0.904047E+02     0.878740E+02     0.875820E+02     0.872643E+02     0.813980E+02     0.813603E+02     0.826840E+02     0.851063E+02     0.825724E+02     0.832100E+02     0.829330E+02     0.833512E+02     0.822256E+02     0.820410E+02     0.780000E+02     0.777622E+02     0.835020E+02     0.832897E+02     0.822014E+02     0.802860E+02     0.798178E+02     0.778240E+02     0.780353E+02     0.836980E+02     0.835020E+02     0.833292E+02     0.817213E+02     0.793330E+02     0.775190E+02     0.775190E+02     0.775190E+02     0.775190E+02     0.775190E+02     0.775190E+02     0.775190E+02     0.775190E+02     0.775190E+02     0.775190E+02     0.775190E+02     0.775190E+02     0.775190E+02     0.775190E+02     0.775190E+02     0.775190E+02     0.775190E+02     0.775190E+02     0.775190E+02     0.100000E+21
 0.250000E+04     0.152582E+03     0.152582E+03     0.156232E+03     0.165733E+03     0.206422E+03     0.206422E+03     0.206422E+03     0.206422E+03     0.206422E+03     0.188321E+03     0.119048E+03     0.116323E+03     0.116323E+03     0.119048E+03     0.119048E+03     0.185185E+03     0.163844E+03     0.163399E+03     0.162716E+03     0.155596E+03     0.143715E+03     0.141000E+03     0.136696E+03     0.136280E+03     0.135813E+03     0.141298E+03     0.144143E+03     0.141954E+03     0.138691E+03     0.137096E+03     0.135657E+03     0.135162E+03     0.136070E+03     0.145796E+03     0.145103E+03     0.134750E+03     0.128066E+03     0.193907E+03     0.189004E+03     0.189549E+03     0.193205E+03     0.185485E+03     0.184120E+03     0.124240E+03     0.123943E+03     0.123393E+03     0.122969E+03     0.122671E+03     0.122122E+03     0.123784E+03     0.119039E+03     0.119942E+03     0.122181E+03     0.123047E+03     0.122743E+03     0.117222E+03     0.116909E+03     0.116483E+03     0.116197E+03     0.117901E+03     0.117125E+03     0.115687E+03     0.891874E+02     0.874080E+02     0.894430E+02     0.940531E+02     0.948930E+02     0.945084E+02     0.943140E+02     0.884550E+02     0.882405E+02     0.846110E+02     0.844014E+02     0.871792E+02     0.870000E+02     0.889305E+02     0.865105E+02     0.917080E+02     0.913314E+02     0.911280E+02     0.875820E+02     0.859550E+02     0.828010E+02     0.810415E+02     0.808120E+02     0.861270E+02     0.824976E+02     0.832100E+02     0.829714E+02     0.826260E+02     0.845941E+02     0.820410E+02     0.817480E+02     0.786477E+02     0.775190E+02     0.815459E+02     0.829180E+02     0.802860E+02     0.800855E+02     0.778240E+02     0.776104E+02     0.836973E+02     0.835020E+02     0.833283E+02     0.818884E+02     0.793330E+02     0.775190E+02     0.775190E+02     0.775190E+02     0.775190E+02     0.775190E+02     0.775190E+02     0.775190E+02     0.775190E+02     0.775190E+02     0.775190E+02     0.775190E+02     0.775190E+02     0.775190E+02     0.775190E+02     0.775190E+02     0.775190E+02     0.775190E+02     0.775190E+02     0.775190E+02     0.100000E+21
 0.252000E+04     0.159457E+03     0.162320E+03     0.155232E+03     0.161131E+03     0.206422E+03     0.206422E+03     0.206422E+03     0.206422E+03     0.206422E+03     0.180565E+03     0.119048E+03     0.116323E+03     0.116323E+03     0.119048E+03     0.119048E+03     0.185185E+03     0.163814E+03     0.163399E+03     0.162716E+03     0.156304E+03     0.143715E+03     0.141259E+03     0.136677E+03     0.136280E+03     0.135846E+03     0.141641E+03     0.144143E+03     0.141699E+03     0.138691E+03     0.137096E+03     0.135612E+03     0.135162E+03     0.135375E+03     0.141527E+03     0.145103E+03     0.138837E+03     0.128066E+03     0.179256E+03     0.189004E+03     0.189742E+03     0.193205E+03     0.185485E+03     0.184268E+03     0.124240E+03     0.123968E+03     0.123393E+03     0.122969E+03     0.122696E+03     0.122122E+03     0.123594E+03     0.119098E+03     0.119942E+03     0.122064E+03     0.123016E+03     0.122743E+03     0.117193E+03     0.116909E+03     0.116483E+03     0.116218E+03     0.117901E+03     0.116960E+03     0.115687E+03     0.891202E+02     0.874080E+02     0.894430E+02     0.921767E+02     0.948930E+02     0.944943E+02     0.943140E+02     0.884550E+02     0.882608E+02     0.846110E+02     0.844227E+02     0.864515E+02     0.870000E+02     0.888034E+02     0.861769E+02     0.895828E+02     0.913144E+02     0.911280E+02     0.875820E+02     0.867245E+02     0.850842E+02     0.810167E+02     0.808120E+02     0.846032E+02     0.825317E+02     0.832100E+02     0.829992E+02     0.826260E+02     0.836130E+02     0.820410E+02     0.817480E+02     0.789706E+02     0.775190E+02     0.811852E+02     0.829180E+02     0.811036E+02     0.804817E+02     0.778240E+02     0.776361E+02     0.836832E+02     0.835020E+02     0.833361E+02     0.816446E+02     0.793330E+02     0.775190E+02     0.775190E+02     0.775190E+02     0.775190E+02     0.775190E+02     0.775190E+02     0.775190E+02     0.775190E+02     0.775190E+02     0.775190E+02     0.775190E+02     0.775190E+02     0.775190E+02     0.775190E+02     0.775190E+02     0.775190E+02     0.775190E+02     0.775190E+02     0.775190E+02     0.100000E+21
 0.254000E+04     0.172253E+03     0.174737E+03     0.161445E+03     0.152582E+03     0.206422E+03     0.206422E+03     0.206422E+03     0.206422E+03     0.206422E+03     0.177830E+03     0.119048E+03     0.116323E+03     0.116323E+03     0.119048E+03     0.119048E+03     0.185185E+03     0.163804E+03     0.163399E+03     0.162716E+03     0.156556E+03     0.143715E+03     0.141353E+03     0.138185E+03     0.136280E+03     0.135858E+03     0.141766E+03     0.144143E+03     0.141612E+03     0.138691E+03     0.137096E+03     0.135596E+03     0.135162E+03     0.133339E+03     0.133763E+03     0.145103E+03     0.144698E+03     0.128066E+03     0.150639E+03     0.191167E+03     0.189804E+03     0.193205E+03     0.185485E+03     0.184321E+03     0.124240E+03     0.123977E+03     0.123393E+03     0.122969E+03     0.122704E+03     0.122122E+03     0.123524E+03     0.120752E+03     0.119942E+03     0.120849E+03     0.123005E+03     0.122743E+03     0.117182E+03     0.116909E+03     0.116483E+03     0.116225E+03     0.117901E+03     0.117122E+03     0.116378E+03     0.966084E+02     0.888168E+02     0.894430E+02     0.892462E+02     0.948930E+02     0.944895E+02     0.943140E+02     0.884550E+02     0.882680E+02     0.846110E+02     0.844305E+02     0.853020E+02     0.870000E+02     0.877817E+02     0.849816E+02     0.856610E+02     0.913085E+02     0.911280E+02     0.875820E+02     0.880599E+02     0.893270E+02     0.814833E+02     0.808120E+02     0.823920E+02     0.824921E+02     0.815489E+02     0.824976E+02     0.826260E+02     0.829944E+02     0.839262E+02     0.817480E+02     0.803419E+02     0.775190E+02     0.792598E+02     0.829180E+02     0.826260E+02     0.810084E+02     0.787751E+02     0.780149E+02     0.817560E+02     0.835020E+02     0.833386E+02     0.815558E+02     0.793330E+02     0.775190E+02     0.775190E+02     0.775190E+02     0.775190E+02     0.775190E+02     0.775190E+02     0.775190E+02     0.775190E+02     0.775190E+02     0.775190E+02     0.775190E+02     0.775190E+02     0.775190E+02     0.775190E+02     0.775190E+02     0.775190E+02     0.775190E+02     0.775190E+02     0.775190E+02     0.100000E+21
 0.256000E+04     0.167910E+03     0.170654E+03     0.174681E+03     0.180891E+03     0.167706E+03     0.206422E+03     0.206422E+03     0.206422E+03     0.206422E+03     0.187957E+03     0.119048E+03     0.116323E+03     0.116323E+03     0.119048E+03     0.119048E+03     0.185185E+03     0.163843E+03     0.163399E+03     0.162716E+03     0.155620E+03     0.143715E+03     0.141008E+03     0.139876E+03     0.136280E+03     0.135813E+03     0.141318E+03     0.144143E+03     0.141949E+03     0.138691E+03     0.137096E+03     0.135655E+03     0.135162E+03     0.133271E+03     0.133763E+03     0.145103E+03     0.144663E+03     0.128066E+03     0.143802E+03     0.193269E+03     0.189550E+03     0.193205E+03     0.185485E+03     0.184127E+03     0.124240E+03     0.123943E+03     0.123393E+03     0.122969E+03     0.122671E+03     0.122122E+03     0.123774E+03     0.121936E+03     0.118128E+03     0.118981E+03     0.123046E+03     0.122743E+03     0.120885E+03     0.116909E+03     0.116483E+03     0.116197E+03     0.115630E+03     0.117391E+03     0.117050E+03     0.104669E+03     0.901990E+02     0.871170E+02     0.887427E+02     0.948930E+02     0.945082E+02     0.943140E+02     0.940250E+02     0.897173E+02     0.846110E+02     0.844022E+02     0.851770E+02     0.870000E+02     0.868115E+02     0.848603E+02     0.856610E+02     0.913310E+02     0.911280E+02     0.908380E+02     0.872047E+02     0.870000E+02     0.872040E+02     0.808120E+02     0.805200E+02     0.837891E+02     0.799350E+02     0.823573E+02     0.826260E+02     0.822260E+02     0.820410E+02     0.817480E+02     0.815256E+02     0.775190E+02     0.775190E+02     0.829180E+02     0.826260E+02     0.824251E+02     0.797000E+02     0.781299E+02     0.795054E+02     0.835020E+02     0.833284E+02     0.818806E+02     0.793330E+02     0.775190E+02     0.775190E+02     0.775190E+02     0.775190E+02     0.775190E+02     0.775190E+02     0.775190E+02     0.775190E+02     0.775190E+02     0.775190E+02     0.775190E+02     0.775190E+02     0.775190E+02     0.775190E+02     0.775190E+02     0.775190E+02     0.775190E+02     0.775190E+02     0.775190E+02     0.100000E+21
 0.258000E+04     0.167910E+03     0.168674E+03     0.173189E+03     0.174017E+03     0.183868E+03     0.206422E+03     0.206422E+03     0.206422E+03     0.206422E+03     0.187861E+03     0.119048E+03     0.116323E+03     0.116323E+03     0.119048E+03     0.119048E+03     0.185185E+03     0.163834E+03     0.163399E+03     0.162716E+03     0.155707E+03     0.143715E+03     0.141038E+03     0.139811E+03     0.136280E+03     0.135823E+03     0.141281E+03     0.144143E+03     0.141879E+03     0.138691E+03     0.137096E+03     0.135934E+03     0.135162E+03     0.133275E+03     0.133763E+03     0.145103E+03     0.144673E+03     0.128066E+03     0.143570E+03     0.193269E+03     0.187740E+03     0.188163E+03     0.189965E+03     0.184916E+03     0.169362E+03     0.134706E+03     0.123393E+03     0.122969E+03     0.122677E+03     0.122122E+03     0.122163E+03     0.121852E+03     0.118128E+03     0.118964E+03     0.123045E+03     0.122743E+03     0.120824E+03     0.116909E+03     0.116483E+03     0.116203E+03     0.115630E+03     0.117392E+03     0.117050E+03     0.104441E+03     0.901990E+02     0.871170E+02     0.887455E+02     0.902699E+02     0.945039E+02     0.943140E+02     0.940250E+02     0.897836E+02     0.846110E+02     0.844034E+02     0.844101E+02     0.844037E+02     0.860936E+02     0.876828E+02     0.845518E+02     0.881570E+02     0.911280E+02     0.908380E+02     0.872007E+02     0.870000E+02     0.873558E+02     0.818629E+02     0.805200E+02     0.821334E+02     0.816896E+02     0.803405E+02     0.826260E+02     0.822220E+02     0.820410E+02     0.845589E+02     0.820531E+02     0.775190E+02     0.775190E+02     0.829180E+02     0.826260E+02     0.824294E+02     0.797000E+02     0.792551E+02     0.783437E+02     0.787673E+02     0.817824E+02     0.818530E+02     0.793330E+02     0.775190E+02     0.775190E+02     0.775190E+02     0.775190E+02     0.775190E+02     0.775190E+02     0.775190E+02     0.775190E+02     0.775190E+02     0.775190E+02     0.775190E+02     0.775190E+02     0.775190E+02     0.775190E+02     0.775190E+02     0.775190E+02     0.775190E+02     0.775190E+02     0.775190E+02     0.100000E+21
 0.260000E+04     0.165733E+03     0.167117E+03     0.168914E+03     0.172253E+03     0.181193E+03     0.206422E+03     0.206422E+03     0.206422E+03     0.206422E+03     0.193828E+03     0.119048E+03     0.116323E+03     0.116323E+03     0.119048E+03     0.119048E+03     0.119048E+03     0.177721E+03     0.163399E+03     0.162716E+03     0.155309E+03     0.143715E+03     0.140901E+03     0.139887E+03     0.136280E+03     0.135808E+03     0.140983E+03     0.144143E+03     0.142000E+03     0.138691E+03     0.137096E+03     0.136056E+03     0.135162E+03     0.132983E+03     0.132419E+03     0.145103E+03     0.144661E+03     0.128066E+03     0.127705E+03     0.131645E+03     0.186595E+03     0.185517E+03     0.191470E+03     0.185046E+03     0.181987E+03     0.140335E+03     0.123393E+03     0.122969E+03     0.122665E+03     0.122122E+03     0.121788E+03     0.121969E+03     0.118128E+03     0.118984E+03     0.123062E+03     0.122743E+03     0.121022E+03     0.116909E+03     0.116483E+03     0.116194E+03     0.115630E+03     0.117426E+03     0.117050E+03     0.115869E+03     0.114833E+03     0.899080E+02     0.892428E+02     0.888620E+02     0.945105E+02     0.943140E+02     0.940250E+02     0.895692E+02     0.878740E+02     0.851983E+02     0.839155E+02     0.837350E+02     0.856857E+02     0.859604E+02     0.842610E+02     0.869983E+02     0.911280E+02     0.908380E+02     0.872091E+02     0.870000E+02     0.878823E+02     0.822160E+02     0.805200E+02     0.814960E+02     0.855440E+02     0.801120E+02     0.826260E+02     0.822271E+02     0.820410E+02     0.854850E+02     0.852504E+02     0.811640E+02     0.785155E+02     0.775190E+02     0.826260E+02     0.824220E+02     0.797000E+02     0.794627E+02     0.775190E+02     0.775190E+02     0.809133E+02     0.819812E+02     0.793330E+02     0.775190E+02     0.775190E+02     0.775190E+02     0.775190E+02     0.775190E+02     0.775190E+02     0.775190E+02     0.775190E+02     0.775190E+02     0.775190E+02     0.775190E+02     0.775190E+02     0.775190E+02     0.775190E+02     0.775190E+02     0.775190E+02     0.775190E+02     0.775190E+02     0.775190E+02     0.100000E+21
 0.262000E+04     0.165733E+03     0.167068E+03     0.169232E+03     0.172253E+03     0.182745E+03     0.206422E+03     0.206422E+03     0.206422E+03     0.206422E+03     0.185564E+03     0.119048E+03     0.116323E+03     0.116323E+03     0.119048E+03     0.119048E+03     0.119048E+03     0.177138E+03     0.163399E+03     0.162716E+03     0.155877E+03     0.143715E+03     0.141101E+03     0.139791E+03     0.136280E+03     0.135829E+03     0.141404E+03     0.144143E+03     0.141835E+03     0.138691E+03     0.137096E+03     0.136000E+03     0.135162E+03     0.132935E+03     0.132419E+03     0.145103E+03     0.144677E+03     0.128066E+03     0.128285E+03     0.131645E+03     0.186561E+03     0.185517E+03     0.191470E+03     0.185673E+03     0.181987E+03     0.142666E+03     0.123393E+03     0.122969E+03     0.122682E+03     0.122122E+03     0.121825E+03     0.121814E+03     0.118128E+03     0.118958E+03     0.123036E+03     0.122743E+03     0.120740E+03     0.116909E+03     0.116483E+03     0.116207E+03     0.115630E+03     0.117379E+03     0.117050E+03     0.115846E+03     0.114833E+03     0.899080E+02     0.893258E+02     0.888620E+02     0.945016E+02     0.943140E+02     0.940250E+02     0.898745E+02     0.878740E+02     0.854171E+02     0.839099E+02     0.837350E+02     0.856071E+02     0.857695E+02     0.842610E+02     0.872273E+02     0.911280E+02     0.908380E+02     0.871974E+02     0.870000E+02     0.873297E+02     0.822160E+02     0.805200E+02     0.814652E+02     0.855440E+02     0.809114E+02     0.826260E+02     0.822204E+02     0.820410E+02     0.854850E+02     0.852706E+02     0.811640E+02     0.786815E+02     0.775190E+02     0.826260E+02     0.824322E+02     0.797000E+02     0.794943E+02     0.775190E+02     0.775190E+02     0.808232E+02     0.817929E+02     0.793330E+02     0.775190E+02     0.775190E+02     0.775190E+02     0.775190E+02     0.775190E+02     0.775190E+02     0.775190E+02     0.775190E+02     0.775190E+02     0.775190E+02     0.775190E+02     0.775190E+02     0.775190E+02     0.775190E+02     0.775190E+02     0.775190E+02     0.775190E+02     0.775190E+02     0.775190E+02     0.100000E+21
 0.264000E+04     0.159395E+03     0.162809E+03     0.166173E+03     0.167011E+03     0.183368E+03     0.206422E+03     0.206422E+03     0.206422E+03     0.206422E+03     0.178744E+03     0.119048E+03     0.116323E+03     0.116323E+03     0.119048E+03     0.119048E+03     0.119048E+03     0.176461E+03     0.163399E+03     0.162716E+03     0.162265E+03     0.147362E+03     0.144804E+03     0.137929E+03     0.136280E+03     0.135854E+03     0.141725E+03     0.144143E+03     0.141642E+03     0.138691E+03     0.137989E+03     0.135936E+03     0.135162E+03     0.132887E+03     0.132419E+03     0.133064E+03     0.139734E+03     0.134538E+03     0.128648E+03     0.131645E+03     0.188982E+03     0.185517E+03     0.188282E+03     0.186659E+03     0.181987E+03     0.159900E+03     0.123393E+03     0.122969E+03     0.122701E+03     0.122122E+03     0.121858E+03     0.123816E+03     0.123562E+03     0.120194E+03     0.120454E+03     0.122743E+03     0.122171E+03     0.121896E+03     0.116483E+03     0.116222E+03     0.115630E+03     0.116731E+03     0.117050E+03     0.116099E+03     0.115438E+03     0.100056E+03     0.931316E+02     0.888620E+02     0.929567E+02     0.943140E+02     0.940250E+02     0.916709E+02     0.878740E+02     0.876909E+02     0.839035E+02     0.837350E+02     0.846942E+02     0.859269E+02     0.850334E+02     0.864492E+02     0.886340E+02     0.908380E+02     0.892336E+02     0.870000E+02     0.872090E+02     0.849198E+02     0.811445E+02     0.806252E+02     0.839973E+02     0.825152E+02     0.812707E+02     0.822127E+02     0.820410E+02     0.817480E+02     0.840516E+02     0.827041E+02     0.795150E+02     0.775190E+02     0.805217E+02     0.815421E+02     0.820410E+02     0.804088E+02     0.784925E+02     0.775190E+02     0.775190E+02     0.815859E+02     0.793330E+02     0.775190E+02     0.775190E+02     0.775190E+02     0.775190E+02     0.775190E+02     0.775190E+02     0.775190E+02     0.775190E+02     0.775190E+02     0.775190E+02     0.775190E+02     0.775190E+02     0.775190E+02     0.775190E+02     0.775190E+02     0.775190E+02     0.775190E+02     0.775190E+02     0.775190E+02     0.100000E+21
 0.266000E+04     0.150376E+03     0.150376E+03     0.165733E+03     0.165733E+03     0.176426E+03     0.206422E+03     0.206422E+03     0.206422E+03     0.206422E+03     0.193297E+03     0.119048E+03     0.116323E+03     0.116323E+03     0.125831E+03     0.119776E+03     0.119048E+03     0.177717E+03     0.163399E+03     0.162716E+03     0.162183E+03     0.152565E+03     0.145533E+03     0.138028E+03     0.136280E+03     0.135808E+03     0.141015E+03     0.144143E+03     0.141998E+03     0.138691E+03     0.137989E+03     0.136199E+03     0.135688E+03     0.134061E+03     0.132419E+03     0.131718E+03     0.139807E+03     0.143715E+03     0.127767E+03     0.131645E+03     0.189233E+03     0.185517E+03     0.183770E+03     0.188695E+03     0.181987E+03     0.180733E+03     0.123393E+03     0.122969E+03     0.122665E+03     0.122122E+03     0.121790E+03     0.122062E+03     0.123562E+03     0.119953E+03     0.120006E+03     0.122743E+03     0.122217E+03     0.121896E+03     0.116483E+03     0.116194E+03     0.115630E+03     0.115439E+03     0.117050E+03     0.116445E+03     0.116199E+03     0.114407E+03     0.927762E+02     0.888620E+02     0.904255E+02     0.943140E+02     0.940250E+02     0.938058E+02     0.878740E+02     0.876550E+02     0.859262E+02     0.837350E+02     0.835442E+02     0.863547E+02     0.861270E+02     0.842844E+02     0.850780E+02     0.908380E+02     0.904641E+02     0.902560E+02     0.870637E+02     0.887470E+02     0.819240E+02     0.808764E+02     0.799350E+02     0.847508E+02     0.793490E+02     0.822271E+02     0.820410E+02     0.817480E+02     0.845158E+02     0.849020E+02     0.795470E+02     0.775190E+02     0.775190E+02     0.808683E+02     0.820410E+02     0.818061E+02     0.785971E+02     0.775190E+02     0.775190E+02     0.779964E+02     0.793330E+02     0.775190E+02     0.775190E+02     0.775190E+02     0.775190E+02     0.775190E+02     0.775190E+02     0.775190E+02     0.775190E+02     0.775190E+02     0.775190E+02     0.775190E+02     0.775190E+02     0.775190E+02     0.775190E+02     0.775190E+02     0.775190E+02     0.775190E+02     0.775190E+02     0.775190E+02     0.100000E+21
 0.268000E+04     0.162392E+03     0.154430E+03     0.155490E+03     0.155217E+03     0.179275E+03     0.206422E+03     0.206422E+03     0.206422E+03     0.206422E+03     0.181967E+03     0.119048E+03     0.116323E+03     0.116323E+03     0.125831E+03     0.120851E+03     0.119048E+03     0.181622E+03     0.176668E+03     0.162716E+03     0.162244E+03     0.152565E+03     0.146295E+03     0.137956E+03     0.136280E+03     0.135841E+03     0.140651E+03     0.141015E+03     0.147252E+03     0.157196E+03     0.137989E+03     0.136149E+03     0.135688E+03     0.133853E+03     0.132419E+03     0.131718E+03     0.139352E+03     0.143715E+03     0.127770E+03     0.128282E+03     0.167072E+03     0.188127E+03     0.183770E+03     0.188009E+03     0.186090E+03     0.182023E+03     0.123393E+03     0.122969E+03     0.122691E+03     0.122122E+03     0.121843E+03     0.122156E+03     0.123562E+03     0.122185E+03     0.118694E+03     0.119949E+03     0.122183E+03     0.121896E+03     0.119522E+03     0.117271E+03     0.115630E+03     0.115367E+03     0.115520E+03     0.116436E+03     0.116199E+03     0.114407E+03     0.963667E+02     0.872799E+02     0.894228E+02     0.906372E+02     0.940250E+02     0.938287E+02     0.878740E+02     0.876817E+02     0.866066E+02     0.859740E+02     0.842803E+02     0.863188E+02     0.861270E+02     0.843528E+02     0.850780E+02     0.908380E+02     0.904460E+02     0.902560E+02     0.872980E+02     0.887470E+02     0.819240E+02     0.814608E+02     0.799350E+02     0.818482E+02     0.809312E+02     0.822166E+02     0.820410E+02     0.817480E+02     0.823003E+02     0.849020E+02     0.832763E+02     0.775190E+02     0.775190E+02     0.806069E+02     0.820410E+02     0.818482E+02     0.787982E+02     0.784114E+02     0.778456E+02     0.781412E+02     0.793330E+02     0.775190E+02     0.775190E+02     0.775190E+02     0.775190E+02     0.775190E+02     0.775190E+02     0.775190E+02     0.775190E+02     0.775190E+02     0.775190E+02     0.775190E+02     0.775190E+02     0.775190E+02     0.775190E+02     0.775190E+02     0.775190E+02     0.775190E+02     0.775190E+02     0.775190E+02     0.100000E+21
 0.270000E+04     0.167910E+03     0.167910E+03     0.150376E+03     0.150376E+03     0.176708E+03     0.206422E+03     0.206422E+03     0.206422E+03     0.206422E+03     0.192550E+03     0.119048E+03     0.116323E+03     0.116323E+03     0.125831E+03     0.119859E+03     0.119048E+03     0.142121E+03     0.185185E+03     0.162716E+03     0.162188E+03     0.161349E+03     0.147958E+03     0.140197E+03     0.141631E+03     0.137583E+03     0.135844E+03     0.139544E+03     0.143226E+03     0.142744E+03     0.137989E+03     0.136194E+03     0.135688E+03     0.134046E+03     0.132419E+03     0.131718E+03     0.132125E+03     0.143715E+03     0.141251E+03     0.126659E+03     0.153734E+03     0.189794E+03     0.183770E+03     0.182336E+03     0.187990E+03     0.182495E+03     0.178479E+03     0.122969E+03     0.122668E+03     0.122122E+03     0.121793E+03     0.122075E+03     0.123562E+03     0.123304E+03     0.117634E+03     0.118668E+03     0.122214E+03     0.121896E+03     0.121471E+03     0.117839E+03     0.115630E+03     0.115145E+03     0.114777E+03     0.116443E+03     0.116199E+03     0.115772E+03     0.114226E+03     0.893270E+02     0.884759E+02     0.882800E+02     0.940250E+02     0.938078E+02     0.878740E+02     0.876568E+02     0.871784E+02     0.870000E+02     0.846904E+02     0.838193E+02     0.861270E+02     0.852086E+02     0.836770E+02     0.847860E+02     0.904622E+02     0.902560E+02     0.866571E+02     0.864180E+02     0.884550E+02     0.842747E+02     0.799350E+02     0.813441E+02     0.849610E+02     0.801545E+02     0.820410E+02     0.817480E+02     0.815164E+02     0.849020E+02     0.846928E+02     0.775190E+02     0.775190E+02     0.775190E+02     0.820410E+02     0.818084E+02     0.790177E+02     0.788210E+02     0.780500E+02     0.780076E+02     0.793330E+02     0.775190E+02     0.775190E+02     0.775190E+02     0.775190E+02     0.775190E+02     0.775190E+02     0.775190E+02     0.775190E+02     0.775190E+02     0.775190E+02     0.775190E+02     0.775190E+02     0.775190E+02     0.775190E+02     0.775190E+02     0.775190E+02     0.775190E+02     0.775190E+02     0.775190E+02     0.100000E+21
 0.272000E+04     0.198297E+03     0.175515E+03     0.161063E+03     0.150376E+03     0.168380E+03     0.206422E+03     0.206422E+03     0.206422E+03     0.206422E+03     0.192550E+03     0.119048E+03     0.117990E+03     0.116964E+03     0.125831E+03     0.119859E+03     0.119048E+03     0.142121E+03     0.185185E+03     0.162716E+03     0.162188E+03     0.161349E+03     0.152892E+03     0.141393E+03     0.141631E+03     0.137583E+03     0.135844E+03     0.139544E+03     0.143226E+03     0.142744E+03     0.137989E+03     0.136672E+03     0.135688E+03     0.142194E+03     0.133384E+03     0.131718E+03     0.132125E+03     0.143715E+03     0.141251E+03     0.126659E+03     0.153734E+03     0.189794E+03     0.183770E+03     0.182336E+03     0.187990E+03     0.182495E+03     0.178479E+03     0.122969E+03     0.122668E+03     0.122122E+03     0.121793E+03     0.121535E+03     0.121289E+03     0.122696E+03     0.117634E+03     0.118668E+03     0.119883E+03     0.121896E+03     0.121471E+03     0.117839E+03     0.115630E+03     0.115145E+03     0.114777E+03     0.116443E+03     0.116199E+03     0.115772E+03     0.114226E+03     0.893270E+02     0.873884E+02     0.882800E+02     0.940250E+02     0.938078E+02     0.925654E+02     0.884689E+02     0.871784E+02     0.870000E+02     0.861366E+02     0.838193E+02     0.861270E+02     0.852086E+02     0.836770E+02     0.847860E+02     0.904622E+02     0.902560E+02     0.888509E+02     0.864180E+02     0.884550E+02     0.842747E+02     0.799350E+02     0.798533E+02     0.849610E+02     0.811469E+02     0.820410E+02     0.817480E+02     0.815164E+02     0.849020E+02     0.846928E+02     0.794009E+02     0.775190E+02     0.775190E+02     0.820410E+02     0.818084E+02     0.790177E+02     0.788210E+02     0.784370E+02     0.780076E+02     0.793330E+02     0.775190E+02     0.775190E+02     0.775190E+02     0.775190E+02     0.775190E+02     0.775190E+02     0.775190E+02     0.775190E+02     0.775190E+02     0.775190E+02     0.775190E+02     0.775190E+02     0.775190E+02     0.775190E+02     0.775190E+02     0.775190E+02     0.775190E+02     0.775190E+02     0.775190E+02     0.100000E+21
 0.274000E+04     0.203894E+03     0.189790E+03     0.164444E+03     0.155903E+03     0.160874E+03     0.188531E+03     0.206422E+03     0.206422E+03     0.206422E+03     0.181967E+03     0.119048E+03     0.119048E+03     0.117486E+03     0.122727E+03     0.121057E+03     0.119048E+03     0.133664E+03     0.159330E+03     0.169977E+03     0.165317E+03     0.161349E+03     0.155126E+03     0.141477E+03     0.140650E+03     0.137335E+03     0.136476E+03     0.139544E+03     0.143193E+03     0.142744E+03     0.137989E+03     0.136734E+03     0.135688E+03     0.143051E+03     0.133763E+03     0.131718E+03     0.131825E+03     0.139808E+03     0.138754E+03     0.126659E+03     0.154187E+03     0.189794E+03     0.183770E+03     0.182524E+03     0.187990E+03     0.184167E+03     0.178479E+03     0.140025E+03     0.130757E+03     0.122122E+03     0.121843E+03     0.121109E+03     0.120849E+03     0.122191E+03     0.118544E+03     0.118097E+03     0.119414E+03     0.121896E+03     0.121471E+03     0.119106E+03     0.115630E+03     0.115088E+03     0.114777E+03     0.115970E+03     0.116199E+03     0.115772E+03     0.114740E+03     0.970890E+02     0.872118E+02     0.873706E+02     0.920863E+02     0.929775E+02     0.934460E+02     0.895851E+02     0.871712E+02     0.870000E+02     0.868219E+02     0.837025E+02     0.850913E+02     0.850902E+02     0.836770E+02     0.847860E+02     0.891954E+02     0.902560E+02     0.889425E+02     0.864180E+02     0.884550E+02     0.858041E+02     0.803924E+02     0.798842E+02     0.837493E+02     0.811032E+02     0.807606E+02     0.817480E+02     0.815439E+02     0.837239E+02     0.841568E+02     0.820232E+02     0.775190E+02     0.775190E+02     0.805948E+02     0.812109E+02     0.794944E+02     0.788210E+02     0.786534E+02     0.781412E+02     0.793330E+02     0.775190E+02     0.775190E+02     0.775190E+02     0.775190E+02     0.775190E+02     0.775190E+02     0.775190E+02     0.775190E+02     0.775190E+02     0.775190E+02     0.775190E+02     0.775190E+02     0.775190E+02     0.775190E+02     0.775190E+02     0.775190E+02     0.775190E+02     0.775190E+02     0.775190E+02     0.100000E+21
 0.276000E+04     0.207780E+03     0.204819E+03     0.189103E+03     0.167910E+03     0.159462E+03     0.150376E+03     0.206422E+03     0.206422E+03     0.206422E+03     0.195784E+03     0.139913E+03     0.119048E+03     0.118415E+03     0.116323E+03     0.124810E+03     0.123774E+03     0.119048E+03     0.119048E+03     0.185185E+03     0.167113E+03     0.161349E+03     0.159059E+03     0.140788E+03     0.138513E+03     0.136532E+03     0.135807E+03     0.139544E+03     0.143231E+03     0.142744E+03     0.130893E+03     0.136846E+03     0.135688E+03     0.136986E+03     0.133763E+03     0.132494E+03     0.131539E+03     0.131662E+03     0.142254E+03     0.137212E+03     0.137811E+03     0.155360E+03     0.186643E+03     0.182717E+03     0.182110E+03     0.185555E+03     0.178479E+03     0.176720E+03     0.137916E+03     0.122122E+03     0.121790E+03     0.121127E+03     0.120849E+03     0.121223E+03     0.121249E+03     0.116851E+03     0.119125E+03     0.121896E+03     0.121471E+03     0.121184E+03     0.115630E+03     0.115150E+03     0.114777E+03     0.115129E+03     0.116199E+03     0.115772E+03     0.115400E+03     0.113553E+03     0.880412E+02     0.859520E+02     0.879900E+02     0.923490E+02     0.934460E+02     0.921668E+02     0.871799E+02     0.870000E+02     0.868099E+02     0.851207E+02     0.828600E+02     0.855087E+02     0.850779E+02     0.839730E+02     0.861351E+02     0.902560E+02     0.896505E+02     0.886027E+02     0.871092E+02     0.877847E+02     0.813400E+02     0.798012E+02     0.799426E+02     0.822246E+02     0.801141E+02     0.817480E+02     0.815143E+02     0.811640E+02     0.836642E+02     0.843190E+02     0.796703E+02     0.779743E+02     0.775190E+02     0.809093E+02     0.806016E+02     0.788210E+02     0.786462E+02     0.783785E+02     0.793330E+02     0.775190E+02     0.775190E+02     0.775190E+02     0.775190E+02     0.775190E+02     0.775190E+02     0.775190E+02     0.775190E+02     0.775190E+02     0.775190E+02     0.775190E+02     0.775190E+02     0.775190E+02     0.775190E+02     0.775190E+02     0.775190E+02     0.775190E+02     0.775190E+02     0.775190E+02     0.100000E+21
 0.278000E+04     0.208524E+03     0.207372E+03     0.197689E+03     0.189031E+03     0.173499E+03     0.160676E+03     0.206422E+03     0.206422E+03     0.206422E+03     0.188668E+03     0.150376E+03     0.119048E+03     0.119048E+03     0.116323E+03     0.118900E+03     0.125831E+03     0.119048E+03     0.119048E+03     0.185185E+03     0.169902E+03     0.161349E+03     0.160919E+03     0.143498E+03     0.138513E+03     0.136725E+03     0.136656E+03     0.139544E+03     0.143179E+03     0.142744E+03     0.125831E+03     0.136870E+03     0.136214E+03     0.136772E+03     0.141117E+03     0.133064E+03     0.132316E+03     0.130872E+03     0.142813E+03     0.142327E+03     0.127768E+03     0.130230E+03     0.188054E+03     0.183973E+03     0.180266E+03     0.184031E+03     0.181825E+03     0.176720E+03     0.162048E+03     0.122122E+03     0.121858E+03     0.121103E+03     0.120849E+03     0.120605E+03     0.121620E+03     0.120047E+03     0.118057E+03     0.119501E+03     0.121471E+03     0.121212E+03     0.118561E+03     0.115071E+03     0.114777E+03     0.115180E+03     0.116199E+03     0.115772E+03     0.115478E+03     0.114355E+03     0.970070E+02     0.875025E+02     0.866227E+02     0.889541E+02     0.934460E+02     0.932641E+02     0.871679E+02     0.870000E+02     0.868264E+02     0.850758E+02     0.828600E+02     0.845098E+02     0.855440E+02     0.833850E+02     0.854323E+02     0.866970E+02     0.898728E+02     0.896760E+02     0.861270E+02     0.873002E+02     0.851697E+02     0.817763E+02     0.793490E+02     0.819334E+02     0.811060E+02     0.798256E+02     0.809802E+02     0.811640E+02     0.833331E+02     0.843190E+02     0.802860E+02     0.785679E+02     0.775190E+02     0.801395E+02     0.804289E+02     0.788210E+02     0.786561E+02     0.786430E+02     0.793330E+02     0.775190E+02     0.775190E+02     0.775190E+02     0.775190E+02     0.775190E+02     0.775190E+02     0.775190E+02     0.775190E+02     0.775190E+02     0.775190E+02     0.775190E+02     0.775190E+02     0.775190E+02     0.775190E+02     0.775190E+02     0.775190E+02     0.775190E+02     0.775190E+02     0.775190E+02     0.100000E+21
 0.280000E+04     0.163551E+03     0.191124E+03     0.207115E+03     0.203894E+03     0.199725E+03     0.190318E+03     0.206422E+03     0.206422E+03     0.206422E+03     0.193042E+03     0.150376E+03     0.150376E+03     0.132144E+03     0.119048E+03     0.116925E+03     0.116323E+03     0.123326E+03     0.119048E+03     0.119048E+03     0.166855E+03     0.161349E+03     0.160880E+03     0.147179E+03     0.141631E+03     0.141182E+03     0.136272E+03     0.139544E+03     0.143207E+03     0.142744E+03     0.125831E+03     0.137061E+03     0.136582E+03     0.137964E+03     0.146306E+03     0.133064E+03     0.132633E+03     0.130315E+03     0.133407E+03     0.142327E+03     0.125672E+03     0.125250E+03     0.129523E+03     0.172095E+03     0.180266E+03     0.179079E+03     0.184499E+03     0.176720E+03     0.175527E+03     0.122122E+03     0.121825E+03     0.121116E+03     0.120849E+03     0.120596E+03     0.120708E+03     0.122291E+03     0.116831E+03     0.117817E+03     0.121471E+03     0.121197E+03     0.120622E+03     0.115106E+03     0.114777E+03     0.114165E+03     0.113923E+03     0.115772E+03     0.115443E+03     0.114919E+03     0.104515E+03     0.887470E+02     0.856610E+02     0.871042E+02     0.934460E+02     0.932456E+02     0.871743E+02     0.870000E+02     0.868175E+02     0.853483E+02     0.828600E+02     0.835276E+02     0.855440E+02     0.852520E+02     0.834524E+02     0.842020E+02     0.898942E+02     0.896760E+02     0.861270E+02     0.859529E+02     0.878740E+02     0.825170E+02     0.793490E+02     0.811072E+02     0.843780E+02     0.808120E+02     0.812872E+02     0.811640E+02     0.809644E+02     0.843190E+02     0.802860E+02     0.800929E+02     0.775190E+02     0.775190E+02     0.813531E+02     0.811640E+02     0.796335E+02     0.785796E+02     0.793330E+02     0.775190E+02     0.775190E+02     0.775190E+02     0.775190E+02     0.775190E+02     0.775190E+02     0.775190E+02     0.775190E+02     0.775190E+02     0.775190E+02     0.775190E+02     0.775190E+02     0.775190E+02     0.775190E+02     0.775190E+02     0.775190E+02     0.775190E+02     0.775190E+02     0.775190E+02     0.100000E+21
 0.282000E+04     0.163551E+03     0.173970E+03     0.208045E+03     0.207895E+03     0.204682E+03     0.200304E+03     0.206422E+03     0.206422E+03     0.206422E+03     0.198343E+03     0.150376E+03     0.150376E+03     0.143182E+03     0.119048E+03     0.118772E+03     0.116323E+03     0.123507E+03     0.119048E+03     0.119048E+03     0.170825E+03     0.161349E+03     0.160844E+03     0.150557E+03     0.141631E+03     0.139768E+03     0.135200E+03     0.135182E+03     0.141069E+03     0.142744E+03     0.149266E+03     0.131170E+03     0.136582E+03     0.135935E+03     0.138063E+03     0.133064E+03     0.132616E+03     0.131244E+03     0.130744E+03     0.142327E+03     0.131745E+03     0.125250E+03     0.129523E+03     0.176696E+03     0.180266E+03     0.179009E+03     0.184499E+03     0.181310E+03     0.176379E+03     0.165234E+03     0.127805E+03     0.121127E+03     0.120849E+03     0.120588E+03     0.120567E+03     0.122291E+03     0.119780E+03     0.117817E+03     0.119105E+03     0.120467E+03     0.120622E+03     0.118942E+03     0.114777E+03     0.114170E+03     0.113923E+03     0.115772E+03     0.115397E+03     0.114919E+03     0.110087E+03     0.102639E+03     0.876571E+02     0.862764E+02     0.882455E+02     0.924078E+02     0.893261E+02     0.870000E+02     0.868098E+02     0.860481E+02     0.856177E+02     0.829093E+02     0.830551E+02     0.852520E+02     0.859545E+02     0.842020E+02     0.858750E+02     0.896760E+02     0.880224E+02     0.866370E+02     0.862898E+02     0.814949E+02     0.803185E+02     0.802381E+02     0.822079E+02     0.808120E+02     0.792766E+02     0.811640E+02     0.809511E+02     0.843190E+02     0.802860E+02     0.800827E+02     0.792935E+02     0.777509E+02     0.813620E+02     0.811640E+02     0.795918E+02     0.785219E+02     0.793330E+02     0.775190E+02     0.775190E+02     0.775190E+02     0.775190E+02     0.775190E+02     0.775190E+02     0.775190E+02     0.775190E+02     0.775190E+02     0.775190E+02     0.775190E+02     0.775190E+02     0.775190E+02     0.775190E+02     0.775190E+02     0.775190E+02     0.775190E+02     0.775190E+02     0.775190E+02     0.100000E+21
 0.284000E+04     0.163551E+03     0.163551E+03     0.176177E+03     0.208524E+03     0.208524E+03     0.208524E+03     0.206422E+03     0.206422E+03     0.206422E+03     0.194516E+03     0.150376E+03     0.150376E+03     0.150376E+03     0.150376E+03     0.125018E+03     0.116323E+03     0.119773E+03     0.125831E+03     0.119048E+03     0.119048E+03     0.185185E+03     0.167949E+03     0.156035E+03     0.150498E+03     0.144252E+03     0.134696E+03     0.134183E+03     0.140130E+03     0.142744E+03     0.165733E+03     0.129110E+03     0.136582E+03     0.135489E+03     0.134278E+03     0.145607E+03     0.137398E+03     0.131662E+03     0.129732E+03     0.130259E+03     0.135120E+03     0.125250E+03     0.124545E+03     0.127846E+03     0.184563E+03     0.180402E+03     0.176753E+03     0.182749E+03     0.177386E+03     0.173196E+03     0.135761E+03     0.121119E+03     0.120849E+03     0.120594E+03     0.119877E+03     0.119574E+03     0.120246E+03     0.116000E+03     0.117391E+03     0.119785E+03     0.120622E+03     0.119113E+03     0.114777E+03     0.114166E+03     0.113923E+03     0.113496E+03     0.114976E+03     0.114919E+03     0.113873E+03     0.112699E+03     0.884550E+02     0.862218E+02     0.874080E+02     0.914955E+02     0.905266E+02     0.870000E+02     0.868156E+02     0.863385E+02     0.861270E+02     0.824760E+02     0.822750E+02     0.852520E+02     0.865280E+02     0.828010E+02     0.852181E+02     0.896760E+02     0.893860E+02     0.872470E+02     0.855440E+02     0.872067E+02     0.807540E+02     0.789440E+02     0.787630E+02     0.840850E+02     0.813844E+02     0.811640E+02     0.809604E+02     0.805780E+02     0.840280E+02     0.813219E+02     0.797000E+02     0.781002E+02     0.813554E+02     0.811640E+02     0.809929E+02     0.785612E+02     0.793330E+02     0.775190E+02     0.775190E+02     0.775190E+02     0.775190E+02     0.775190E+02     0.775190E+02     0.775190E+02     0.775190E+02     0.775190E+02     0.775190E+02     0.775190E+02     0.775190E+02     0.775190E+02     0.775190E+02     0.775190E+02     0.775190E+02     0.775190E+02     0.775190E+02     0.775190E+02     0.100000E+21
 0.286000E+04     0.160280E+03     0.162543E+03     0.169597E+03     0.180520E+03     0.208524E+03     0.208524E+03     0.206422E+03     0.206422E+03     0.206422E+03     0.194578E+03     0.150376E+03     0.150376E+03     0.150376E+03     0.150376E+03     0.141686E+03     0.117930E+03     0.117914E+03     0.120753E+03     0.119048E+03     0.119048E+03     0.185185E+03     0.167761E+03     0.156137E+03     0.150498E+03     0.144111E+03     0.137185E+03     0.134183E+03     0.140073E+03     0.142744E+03     0.152993E+03     0.128993E+03     0.136582E+03     0.135500E+03     0.134278E+03     0.145607E+03     0.137217E+03     0.131662E+03     0.130326E+03     0.129475E+03     0.134351E+03     0.133643E+03     0.124545E+03     0.127863E+03     0.184563E+03     0.180320E+03     0.176753E+03     0.182749E+03     0.179769E+03     0.173196E+03     0.158802E+03     0.121125E+03     0.120849E+03     0.120589E+03     0.119879E+03     0.119574E+03     0.121056E+03     0.119228E+03     0.116420E+03     0.117960E+03     0.120622E+03     0.119621E+03     0.117663E+03     0.114170E+03     0.113923E+03     0.113496E+03     0.114973E+03     0.114919E+03     0.114134E+03     0.113429E+03     0.102578E+03     0.906797E+02     0.859584E+02     0.885156E+02     0.917253E+02     0.904646E+02     0.878259E+02     0.863371E+02     0.861270E+02     0.838295E+02     0.822750E+02     0.852520E+02     0.860501E+02     0.859234E+02     0.838129E+02     0.861630E+02     0.893860E+02     0.883170E+02     0.855440E+02     0.859522E+02     0.845773E+02     0.794476E+02     0.787630E+02     0.819037E+02     0.809078E+02     0.791477E+02     0.804573E+02     0.805780E+02     0.840280E+02     0.812626E+02     0.797000E+02     0.781213E+02     0.798532E+02     0.811640E+02     0.809898E+02     0.795613E+02     0.793330E+02     0.775190E+02     0.775190E+02     0.775190E+02     0.775190E+02     0.775190E+02     0.775190E+02     0.775190E+02     0.775190E+02     0.775190E+02     0.775190E+02     0.775190E+02     0.775190E+02     0.775190E+02     0.775190E+02     0.775190E+02     0.775190E+02     0.775190E+02     0.775190E+02     0.775190E+02     0.100000E+21
 0.288000E+04     0.158299E+03     0.159849E+03     0.163551E+03     0.163551E+03     0.194494E+03     0.208524E+03     0.206422E+03     0.206422E+03     0.206422E+03     0.188082E+03     0.150376E+03     0.150376E+03     0.150376E+03     0.150376E+03     0.150376E+03     0.119048E+03     0.117122E+03     0.116323E+03     0.122390E+03     0.120226E+03     0.152597E+03     0.157493E+03     0.157729E+03     0.154833E+03     0.146450E+03     0.137873E+03     0.134183E+03     0.140349E+03     0.142744E+03     0.142043E+03     0.140083E+03     0.131285E+03     0.135332E+03     0.134278E+03     0.139645E+03     0.139002E+03     0.131662E+03     0.130532E+03     0.129575E+03     0.134042E+03     0.140936E+03     0.124545E+03     0.125761E+03     0.156746E+03     0.171521E+03     0.176753E+03     0.178927E+03     0.180207E+03     0.176177E+03     0.173276E+03     0.135272E+03     0.120849E+03     0.120607E+03     0.119837E+03     0.119574E+03     0.120856E+03     0.121443E+03     0.115573E+03     0.116415E+03     0.120622E+03     0.120061E+03     0.119773E+03     0.114157E+03     0.113923E+03     0.113496E+03     0.113993E+03     0.114919E+03     0.114324E+03     0.114066E+03     0.112271E+03     0.967765E+02     0.864558E+02     0.868688E+02     0.927427E+02     0.925770E+02     0.907276E+02     0.863053E+02     0.861270E+02     0.844987E+02     0.822750E+02     0.836323E+02     0.860822E+02     0.879320E+02     0.828793E+02     0.836180E+02     0.893860E+02     0.892195E+02     0.855440E+02     0.853428E+02     0.861433E+02     0.797539E+02     0.787630E+02     0.794200E+02     0.812018E+02     0.790384E+02     0.801813E+02     0.805780E+02     0.821843E+02     0.819647E+02     0.797000E+02     0.789363E+02     0.789613E+02     0.811640E+02     0.810000E+02     0.801049E+02     0.793330E+02     0.775190E+02     0.775190E+02     0.775190E+02     0.775190E+02     0.775190E+02     0.775190E+02     0.775190E+02     0.775190E+02     0.775190E+02     0.775190E+02     0.775190E+02     0.775190E+02     0.775190E+02     0.775190E+02     0.775190E+02     0.775190E+02     0.775190E+02     0.775190E+02     0.775190E+02     0.100000E+21
 0.290000E+04     0.158299E+03     0.158299E+03     0.161267E+03     0.163551E+03     0.170471E+03     0.179352E+03     0.206422E+03     0.206422E+03     0.206422E+03     0.189836E+03     0.150376E+03     0.150376E+03     0.150376E+03     0.150376E+03     0.150376E+03     0.139309E+03     0.117982E+03     0.116323E+03     0.119686E+03     0.122631E+03     0.119048E+03     0.156385E+03     0.159686E+03     0.159297E+03     0.151424E+03     0.138067E+03     0.134183E+03     0.140278E+03     0.142744E+03     0.142043E+03     0.151536E+03     0.125831E+03     0.135530E+03     0.134856E+03     0.133573E+03     0.140328E+03     0.131662E+03     0.130766E+03     0.130259E+03     0.130655E+03     0.133783E+03     0.134661E+03     0.126650E+03     0.124873E+03     0.139055E+03     0.179309E+03     0.174991E+03     0.178865E+03     0.179243E+03     0.174217E+03     0.150517E+03     0.120849E+03     0.120602E+03     0.119849E+03     0.119574E+03     0.119415E+03     0.119683E+03     0.118793E+03     0.116867E+03     0.117976E+03     0.120075E+03     0.119773E+03     0.115857E+03     0.113923E+03     0.113496E+03     0.113192E+03     0.114919E+03     0.114331E+03     0.114066E+03     0.113157E+03     0.106922E+03     0.878740E+02     0.863790E+02     0.905618E+02     0.925770E+02     0.924013E+02     0.863142E+02     0.861270E+02     0.852152E+02     0.843990E+02     0.819820E+02     0.853742E+02     0.858106E+02     0.826142E+02     0.827144E+02     0.857989E+02     0.877799E+02     0.876460E+02     0.858204E+02     0.849610E+02     0.825428E+02     0.795944E+02     0.784690E+02     0.803945E+02     0.802280E+02     0.792506E+02     0.805780E+02     0.802860E+02     0.824689E+02     0.821200E+02     0.802821E+02     0.781281E+02     0.787907E+02     0.800976E+02     0.801358E+02     0.793330E+02     0.775190E+02     0.775190E+02     0.775190E+02     0.775190E+02     0.775190E+02     0.775190E+02     0.775190E+02     0.775190E+02     0.775190E+02     0.775190E+02     0.775190E+02     0.775190E+02     0.775190E+02     0.775190E+02     0.775190E+02     0.775190E+02     0.775190E+02     0.775190E+02     0.775190E+02     0.100000E+21
 0.292000E+04     0.158299E+03     0.158299E+03     0.158992E+03     0.160187E+03     0.163551E+03     0.163551E+03     0.206422E+03     0.206422E+03     0.206422E+03     0.194811E+03     0.150376E+03     0.150376E+03     0.150376E+03     0.150376E+03     0.150376E+03     0.150376E+03     0.130354E+03     0.117791E+03     0.116323E+03     0.118974E+03     0.119048E+03     0.166191E+03     0.159704E+03     0.159297E+03     0.152951E+03     0.139366E+03     0.137578E+03     0.137147E+03     0.139859E+03     0.142043E+03     0.154065E+03     0.125831E+03     0.135713E+03     0.135173E+03     0.133573E+03     0.140758E+03     0.139140E+03     0.130833E+03     0.130259E+03     0.128651E+03     0.128125E+03     0.133105E+03     0.134062E+03     0.123134E+03     0.126127E+03     0.181063E+03     0.174991E+03     0.175944E+03     0.179243E+03     0.176438E+03     0.161195E+03     0.150901E+03     0.130138E+03     0.119880E+03     0.119574E+03     0.119037E+03     0.118725E+03     0.121019E+03     0.119211E+03     0.116539E+03     0.117913E+03     0.119773E+03     0.117056E+03     0.113923E+03     0.113496E+03     0.113153E+03     0.113533E+03     0.114352E+03     0.114066E+03     0.113639E+03     0.112315E+03     0.102940E+03     0.903971E+02     0.890477E+02     0.925770E+02     0.923890E+02     0.889827E+02     0.861270E+02     0.857495E+02     0.855440E+02     0.819820E+02     0.834967E+02     0.846690E+02     0.850558E+02     0.822160E+02     0.833270E+02     0.847758E+02     0.888040E+02     0.877157E+02     0.849610E+02     0.849127E+02     0.836937E+02     0.784690E+02     0.787614E+02     0.822934E+02     0.798705E+02     0.805780E+02     0.802860E+02     0.811383E+02     0.834440E+02     0.823106E+02     0.781403E+02     0.775190E+02     0.784014E+02     0.802205E+02     0.793330E+02     0.775190E+02     0.775190E+02     0.775190E+02     0.775190E+02     0.775190E+02     0.775190E+02     0.775190E+02     0.775190E+02     0.775190E+02     0.775190E+02     0.775190E+02     0.775190E+02     0.775190E+02     0.775190E+02     0.775190E+02     0.775190E+02     0.775190E+02     0.775190E+02     0.775190E+02     0.100000E+21
 0.294000E+04     0.158299E+03     0.158299E+03     0.158299E+03     0.158299E+03     0.159680E+03     0.163551E+03     0.163551E+03     0.193312E+03     0.206422E+03     0.202466E+03     0.176580E+03     0.150376E+03     0.150376E+03     0.150376E+03     0.150376E+03     0.150376E+03     0.139486E+03     0.119048E+03     0.116323E+03     0.116323E+03     0.125831E+03     0.120796E+03     0.159702E+03     0.159297E+03     0.152927E+03     0.140123E+03     0.139544E+03     0.134919E+03     0.138150E+03     0.142043E+03     0.159371E+03     0.165733E+03     0.127592E+03     0.135173E+03     0.134468E+03     0.133456E+03     0.144210E+03     0.130925E+03     0.130259E+03     0.128761E+03     0.127504E+03     0.126800E+03     0.137490E+03     0.123134E+03     0.122629E+03     0.126687E+03     0.179308E+03     0.174965E+03     0.171461E+03     0.176302E+03     0.169042E+03     0.167889E+03     0.166805E+03     0.119898E+03     0.119574E+03     0.119048E+03     0.118725E+03     0.118299E+03     0.119843E+03     0.114720E+03     0.116490E+03     0.119773E+03     0.119167E+03     0.118922E+03     0.113496E+03     0.113113E+03     0.112641E+03     0.112820E+03     0.114066E+03     0.113639E+03     0.113313E+03     0.111415E+03     0.933073E+02     0.852873E+02     0.865340E+02     0.902780E+02     0.908434E+02     0.861270E+02     0.857526E+02     0.855440E+02     0.852520E+02     0.825430E+02     0.846690E+02     0.840295E+02     0.822160E+02     0.819240E+02     0.826041E+02     0.888040E+02     0.885280E+02     0.849610E+02     0.845620E+02     0.843780E+02     0.798760E+02     0.784964E+02     0.797590E+02     0.798870E+02     0.775190E+02     0.802860E+02     0.800838E+02     0.797000E+02     0.825676E+02     0.811040E+02     0.775190E+02     0.775190E+02     0.779865E+02     0.793330E+02     0.775190E+02     0.775190E+02     0.775190E+02     0.775190E+02     0.775190E+02     0.775190E+02     0.775190E+02     0.775190E+02     0.775190E+02     0.775190E+02     0.775190E+02     0.775190E+02     0.775190E+02     0.775190E+02     0.775190E+02     0.775190E+02     0.775190E+02     0.775190E+02     0.775190E+02     0.100000E+21
 0.296000E+04     0.154743E+03     0.156862E+03     0.158299E+03     0.158299E+03     0.159059E+03     0.161148E+03     0.163551E+03     0.192874E+03     0.206422E+03     0.199768E+03     0.176580E+03     0.150376E+03     0.150376E+03     0.150376E+03     0.150376E+03     0.150376E+03     0.144799E+03     0.134252E+03     0.117583E+03     0.116669E+03     0.121552E+03     0.119671E+03     0.166859E+03     0.159297E+03     0.152979E+03     0.142356E+03     0.138135E+03     0.134964E+03     0.138150E+03     0.142043E+03     0.159600E+03     0.165733E+03     0.128115E+03     0.135173E+03     0.134468E+03     0.133456E+03     0.144210E+03     0.135148E+03     0.130259E+03     0.129019E+03     0.128159E+03     0.126800E+03     0.132470E+03     0.130269E+03     0.124986E+03     0.124281E+03     0.155038E+03     0.168539E+03     0.171461E+03     0.173292E+03     0.170891E+03     0.167889E+03     0.166803E+03     0.119875E+03     0.119574E+03     0.119034E+03     0.118725E+03     0.118299E+03     0.118980E+03     0.117221E+03     0.115841E+03     0.117868E+03     0.119168E+03     0.118922E+03     0.113496E+03     0.113161E+03     0.112641E+03     0.112830E+03     0.114066E+03     0.113639E+03     0.113327E+03     0.112030E+03     0.102212E+03     0.861002E+02     0.865340E+02     0.884183E+02     0.910875E+02     0.886357E+02     0.857481E+02     0.855440E+02     0.852520E+02     0.825921E+02     0.846690E+02     0.840896E+02     0.830857E+02     0.819240E+02     0.821960E+02     0.859864E+02     0.879648E+02     0.864725E+02     0.845619E+02     0.843780E+02     0.829118E+02     0.798567E+02     0.789114E+02     0.806575E+02     0.785454E+02     0.802860E+02     0.800867E+02     0.797000E+02     0.821494E+02     0.812889E+02     0.781058E+02     0.777778E+02     0.780556E+02     0.793330E+02     0.775190E+02     0.775190E+02     0.775190E+02     0.775190E+02     0.775190E+02     0.775190E+02     0.775190E+02     0.775190E+02     0.775190E+02     0.775190E+02     0.775190E+02     0.775190E+02     0.775190E+02     0.775190E+02     0.775190E+02     0.775190E+02     0.775190E+02     0.775190E+02     0.775190E+02     0.100000E+21
 0.298000E+04     0.159947E+03     0.157618E+03     0.158299E+03     0.158299E+03     0.158299E+03     0.158299E+03     0.161261E+03     0.189399E+03     0.206422E+03     0.197083E+03     0.176580E+03     0.161779E+03     0.155511E+03     0.150376E+03     0.150376E+03     0.150376E+03     0.150376E+03     0.150376E+03     0.131554E+03     0.122856E+03     0.116323E+03     0.119701E+03     0.173892E+03     0.159297E+03     0.155662E+03     0.144866E+03     0.137673E+03     0.134310E+03     0.136017E+03     0.140050E+03     0.154860E+03     0.162256E+03     0.127461E+03     0.131439E+03     0.134468E+03     0.133741E+03     0.139396E+03     0.141349E+03     0.135278E+03     0.129259E+03     0.128854E+03     0.127340E+03     0.127097E+03     0.134035E+03     0.130334E+03     0.121720E+03     0.124003E+03     0.157837E+03     0.171461E+03     0.170353E+03     0.173703E+03     0.170304E+03     0.168032E+03     0.130554E+03     0.119574E+03     0.119002E+03     0.118725E+03     0.118299E+03     0.118038E+03     0.120169E+03     0.116131E+03     0.115687E+03     0.119157E+03     0.118922E+03     0.115498E+03     0.113923E+03     0.112641E+03     0.112526E+03     0.113071E+03     0.113639E+03     0.113359E+03     0.112784E+03     0.111652E+03     0.865237E+02     0.856069E+02     0.859343E+02     0.918891E+02     0.917080E+02     0.871268E+02     0.855440E+02     0.852520E+02     0.830466E+02     0.833686E+02     0.842842E+02     0.840850E+02     0.841626E+02     0.827380E+02     0.827430E+02     0.852210E+02     0.882230E+02     0.853403E+02     0.843780E+02     0.854856E+02     0.831389E+02     0.778830E+02     0.798624E+02     0.810637E+02     0.791864E+02     0.796240E+02     0.797000E+02     0.809774E+02     0.819593E+02     0.803094E+02     0.790611E+02     0.781875E+02     0.793330E+02     0.775190E+02     0.775190E+02     0.775190E+02     0.775190E+02     0.775190E+02     0.775190E+02     0.775190E+02     0.775190E+02     0.775190E+02     0.775190E+02     0.775190E+02     0.775190E+02     0.775190E+02     0.775190E+02     0.775190E+02     0.775190E+02     0.775190E+02     0.775190E+02     0.775190E+02     0.100000E+21
 0.300000E+04     0.174419E+03     0.168068E+03     0.155529E+03     0.158299E+03     0.158299E+03     0.158299E+03     0.158299E+03     0.188035E+03     0.206422E+03     0.196776E+03     0.176580E+03     0.176580E+03     0.169864E+03     0.150376E+03     0.150376E+03     0.150376E+03     0.150376E+03     0.150376E+03     0.150376E+03     0.129870E+03     0.116323E+03     0.118925E+03     0.159640E+03     0.173661E+03     0.164203E+03     0.145414E+03     0.139544E+03     0.135050E+03     0.132783E+03     0.137453E+03     0.147215E+03     0.156982E+03     0.140751E+03     0.125831E+03     0.129852E+03     0.132177E+03     0.132160E+03     0.138540E+03     0.142811E+03     0.129257E+03     0.128854E+03     0.128151E+03     0.126774E+03     0.125993E+03     0.133613E+03     0.130138E+03     0.121013E+03     0.138219E+03     0.173858E+03     0.171245E+03     0.172457E+03     0.173964E+03     0.171370E+03     0.155919E+03     0.143411E+03     0.118999E+03     0.118725E+03     0.118299E+03     0.118040E+03     0.118659E+03     0.118161E+03     0.114678E+03     0.117938E+03     0.118922E+03     0.118498E+03     0.116731E+03     0.112641E+03     0.112046E+03     0.111787E+03     0.113639E+03     0.113363E+03     0.112784E+03     0.112147E+03     0.938730E+02     0.857540E+02     0.860105E+02     0.897770E+02     0.917080E+02     0.892274E+02     0.855440E+02     0.852520E+02     0.836262E+02     0.813980E+02     0.842813E+02     0.840850E+02     0.853132E+02     0.832138E+02     0.827430E+02     0.825399E+02     0.882230E+02     0.864580E+02     0.843780E+02     0.840850E+02     0.845656E+02     0.786637E+02     0.779757E+02     0.809125E+02     0.785345E+02     0.785648E+02     0.797000E+02     0.795204E+02     0.814902E+02     0.825670E+02     0.803015E+02     0.782024E+02     0.793330E+02     0.775190E+02     0.775190E+02     0.775190E+02     0.775190E+02     0.775190E+02     0.775190E+02     0.775190E+02     0.775190E+02     0.775190E+02     0.775190E+02     0.775190E+02     0.775190E+02     0.775190E+02     0.775190E+02     0.775190E+02     0.775190E+02     0.775190E+02     0.775190E+02     0.775190E+02     0.100000E+21
 0.302000E+04     0.174419E+03     0.174419E+03     0.159435E+03     0.154611E+03     0.158299E+03     0.158299E+03     0.158299E+03     0.191196E+03     0.206422E+03     0.184044E+03     0.171406E+03     0.176580E+03     0.176580E+03     0.150376E+03     0.150376E+03     0.150376E+03     0.150376E+03     0.150376E+03     0.150376E+03     0.137975E+03     0.117594E+03     0.116723E+03     0.134618E+03     0.154315E+03     0.156558E+03     0.150458E+03     0.143692E+03     0.136920E+03     0.132783E+03     0.137453E+03     0.146031E+03     0.156982E+03     0.155935E+03     0.125831E+03     0.125831E+03     0.130844E+03     0.132587E+03     0.133768E+03     0.142811E+03     0.133012E+03     0.128854E+03     0.128151E+03     0.127055E+03     0.125392E+03     0.130280E+03     0.137453E+03     0.121013E+03     0.122341E+03     0.151918E+03     0.165517E+03     0.168688E+03     0.170322E+03     0.171388E+03     0.165820E+03     0.162558E+03     0.133259E+03     0.118725E+03     0.118299E+03     0.118015E+03     0.117447E+03     0.118086E+03     0.116468E+03     0.115447E+03     0.116923E+03     0.118498E+03     0.118164E+03     0.112641E+03     0.112072E+03     0.111787E+03     0.112560E+03     0.113020E+03     0.112784E+03     0.112483E+03     0.106257E+03     0.977755E+02     0.906772E+02     0.876304E+02     0.917080E+02     0.904795E+02     0.881666E+02     0.852520E+02     0.843714E+02     0.829321E+02     0.831542E+02     0.840850E+02     0.837940E+02     0.824668E+02     0.820749E+02     0.823676E+02     0.853409E+02     0.872171E+02     0.859768E+02     0.840850E+02     0.838655E+02     0.823502E+02     0.795350E+02     0.783648E+02     0.808829E+02     0.791152E+02     0.797000E+02     0.794926E+02     0.796500E+02     0.808185E+02     0.804977E+02     0.782932E+02     0.793330E+02     0.775190E+02     0.775190E+02     0.775190E+02     0.775190E+02     0.775190E+02     0.775190E+02     0.775190E+02     0.775190E+02     0.775190E+02     0.775190E+02     0.775190E+02     0.775190E+02     0.775190E+02     0.775190E+02     0.775190E+02     0.775190E+02     0.775190E+02     0.775190E+02     0.775190E+02     0.100000E+21
 0.304000E+04     0.163144E+03     0.171365E+03     0.172221E+03     0.171128E+03     0.153676E+03     0.158299E+03     0.158299E+03     0.191302E+03     0.206422E+03     0.165733E+03     0.165733E+03     0.169246E+03     0.173752E+03     0.170669E+03     0.152429E+03     0.150376E+03     0.150376E+03     0.150376E+03     0.150376E+03     0.150376E+03     0.145850E+03     0.123984E+03     0.119029E+03     0.119048E+03     0.158811E+03     0.155885E+03     0.148426E+03     0.137967E+03     0.137283E+03     0.133804E+03     0.140308E+03     0.143192E+03     0.156414E+03     0.157031E+03     0.125831E+03     0.127126E+03     0.133058E+03     0.132725E+03     0.133419E+03     0.136926E+03     0.128854E+03     0.128151E+03     0.127581E+03     0.126514E+03     0.125337E+03     0.129263E+03     0.133994E+03     0.123337E+03     0.120308E+03     0.128417E+03     0.169395E+03     0.166147E+03     0.166363E+03     0.169371E+03     0.167822E+03     0.150094E+03     0.118725E+03     0.118299E+03     0.118015E+03     0.117447E+03     0.117368E+03     0.119320E+03     0.116244E+03     0.114833E+03     0.115337E+03     0.117778E+03     0.116666E+03     0.112071E+03     0.111787E+03     0.111358E+03     0.111346E+03     0.112784E+03     0.112468E+03     0.111223E+03     0.110131E+03     0.950240E+02     0.867065E+02     0.865282E+02     0.913315E+02     0.911280E+02     0.890275E+02     0.848744E+02     0.846690E+02     0.836022E+02     0.815435E+02     0.837940E+02     0.833071E+02     0.813400E+02     0.823099E+02     0.821580E+02     0.878236E+02     0.876410E+02     0.866380E+02     0.842624E+02     0.838663E+02     0.843118E+02     0.783241E+02     0.783444E+02     0.809394E+02     0.778578E+02     0.791702E+02     0.790163E+02     0.788210E+02     0.792734E+02     0.807702E+02     0.793330E+02     0.775190E+02     0.775190E+02     0.775190E+02     0.775190E+02     0.775190E+02     0.775190E+02     0.775190E+02     0.775190E+02     0.775190E+02     0.775190E+02     0.775190E+02     0.775190E+02     0.775190E+02     0.775190E+02     0.775190E+02     0.775190E+02     0.775190E+02     0.775190E+02     0.775190E+02     0.100000E+21
 0.306000E+04     0.161366E+03     0.161366E+03     0.174419E+03     0.174419E+03     0.167934E+03     0.150376E+03     0.158299E+03     0.191681E+03     0.206422E+03     0.156736E+03     0.165733E+03     0.165733E+03     0.172215E+03     0.176580E+03     0.176580E+03     0.150376E+03     0.150376E+03     0.150376E+03     0.150376E+03     0.150376E+03     0.150376E+03     0.127619E+03     0.120164E+03     0.125831E+03     0.121267E+03     0.178628E+03     0.157240E+03     0.144784E+03     0.138150E+03     0.132082E+03     0.137851E+03     0.140641E+03     0.158848E+03     0.165733E+03     0.125831E+03     0.125831E+03     0.125831E+03     0.132122E+03     0.130747E+03     0.141841E+03     0.141409E+03     0.128151E+03     0.127585E+03     0.126743E+03     0.126243E+03     0.123981E+03     0.136755E+03     0.136258E+03     0.119597E+03     0.119062E+03     0.139534E+03     0.170496E+03     0.166727E+03     0.164195E+03     0.168660E+03     0.164908E+03     0.158990E+03     0.118299E+03     0.118012E+03     0.117447E+03     0.116952E+03     0.116596E+03     0.116413E+03     0.113011E+03     0.114407E+03     0.114050E+03     0.117646E+03     0.115452E+03     0.111787E+03     0.111358E+03     0.111037E+03     0.112784E+03     0.112470E+03     0.111764E+03     0.111501E+03     0.110326E+03     0.856624E+02     0.833270E+02     0.870322E+02     0.911280E+02     0.908380E+02     0.848763E+02     0.846690E+02     0.843208E+02     0.840850E+02     0.837940E+02     0.836139E+02     0.832100E+02     0.813582E+02     0.821580E+02     0.839666E+02     0.876410E+02     0.873500E+02     0.845522E+02     0.835020E+02     0.832924E+02     0.852520E+02     0.775190E+02     0.775190E+02     0.820410E+02     0.785801E+02     0.790188E+02     0.788210E+02     0.786464E+02     0.785354E+02     0.793330E+02     0.775190E+02     0.775190E+02     0.775190E+02     0.775190E+02     0.775190E+02     0.775190E+02     0.775190E+02     0.775190E+02     0.775190E+02     0.775190E+02     0.775190E+02     0.775190E+02     0.775190E+02     0.775190E+02     0.775190E+02     0.775190E+02     0.775190E+02     0.775190E+02     0.775190E+02     0.100000E+21
 0.308000E+04     0.157023E+03     0.158966E+03     0.172053E+03     0.174419E+03     0.169952E+03     0.157712E+03     0.155272E+03     0.188230E+03     0.206422E+03     0.156434E+03     0.162291E+03     0.165733E+03     0.169782E+03     0.176580E+03     0.176580E+03     0.150376E+03     0.150376E+03     0.150376E+03     0.150376E+03     0.150376E+03     0.150376E+03     0.135560E+03     0.119272E+03     0.122986E+03     0.120064E+03     0.175881E+03     0.157240E+03     0.144338E+03     0.138150E+03     0.134114E+03     0.136366E+03     0.139266E+03     0.155117E+03     0.163003E+03     0.141112E+03     0.132406E+03     0.125831E+03     0.132050E+03     0.131028E+03     0.139378E+03     0.141409E+03     0.132087E+03     0.129208E+03     0.126743E+03     0.126280E+03     0.124496E+03     0.132674E+03     0.134321E+03     0.124348E+03     0.121275E+03     0.132530E+03     0.156143E+03     0.159620E+03     0.163523E+03     0.166315E+03     0.165241E+03     0.160873E+03     0.133200E+03     0.124079E+03     0.117447E+03     0.116910E+03     0.116596E+03     0.116730E+03     0.115075E+03     0.113834E+03     0.113878E+03     0.117646E+03     0.115226E+03     0.111787E+03     0.111358E+03     0.111065E+03     0.112103E+03     0.112181E+03     0.111753E+03     0.111501E+03     0.110391E+03     0.898219E+02     0.841710E+02     0.859777E+02     0.892965E+02     0.908380E+02     0.859749E+02     0.846690E+02     0.842957E+02     0.840850E+02     0.825434E+02     0.830678E+02     0.832100E+02     0.815924E+02     0.817211E+02     0.831515E+02     0.853175E+02     0.873500E+02     0.854603E+02     0.835020E+02     0.833091E+02     0.852520E+02     0.777872E+02     0.776538E+02     0.809000E+02     0.786827E+02     0.786837E+02     0.788210E+02     0.786529E+02     0.786049E+02     0.793330E+02     0.775190E+02     0.775190E+02     0.775190E+02     0.775190E+02     0.775190E+02     0.775190E+02     0.775190E+02     0.775190E+02     0.775190E+02     0.775190E+02     0.775190E+02     0.775190E+02     0.775190E+02     0.775190E+02     0.775190E+02     0.775190E+02     0.775190E+02     0.775190E+02     0.775190E+02     0.100000E+21
 0.310000E+04     0.162506E+03     0.158210E+03     0.163954E+03     0.168411E+03     0.174419E+03     0.174419E+03     0.161784E+03     0.189405E+03     0.206422E+03     0.154784E+03     0.154784E+03     0.160542E+03     0.163427E+03     0.171587E+03     0.174916E+03     0.162431E+03     0.150376E+03     0.150376E+03     0.150376E+03     0.150376E+03     0.150376E+03     0.150376E+03     0.117850E+03     0.116323E+03     0.119868E+03     0.161314E+03     0.170130E+03     0.148205E+03     0.142238E+03     0.137453E+03     0.133144E+03     0.136056E+03     0.145719E+03     0.156982E+03     0.165733E+03     0.153247E+03     0.125831E+03     0.130109E+03     0.131645E+03     0.132653E+03     0.135678E+03     0.140708E+03     0.131848E+03     0.126743E+03     0.126304E+03     0.125335E+03     0.123275E+03     0.127406E+03     0.135358E+03     0.129612E+03     0.118931E+03     0.120145E+03     0.135349E+03     0.163140E+03     0.160808E+03     0.163948E+03     0.165111E+03     0.160112E+03     0.145023E+03     0.117447E+03     0.116886E+03     0.116596E+03     0.117206E+03     0.118469E+03     0.115098E+03     0.113828E+03     0.115764E+03     0.116035E+03     0.114164E+03     0.111358E+03     0.111082E+03     0.110503E+03     0.111652E+03     0.111746E+03     0.111501E+03     0.110809E+03     0.100355E+03     0.861270E+02     0.837987E+02     0.850780E+02     0.908380E+02     0.893553E+02     0.872374E+02     0.842808E+02     0.840850E+02     0.820734E+02     0.820267E+02     0.832100E+02     0.822964E+02     0.807540E+02     0.813628E+02     0.815740E+02     0.873500E+02     0.871577E+02     0.850029E+02     0.839156E+02     0.841462E+02     0.814220E+02     0.792496E+02     0.779365E+02     0.781272E+02     0.782163E+02     0.788210E+02     0.786568E+02     0.786503E+02     0.793330E+02     0.775190E+02     0.775190E+02     0.775190E+02     0.775190E+02     0.775190E+02     0.775190E+02     0.775190E+02     0.775190E+02     0.775190E+02     0.775190E+02     0.775190E+02     0.775190E+02     0.775190E+02     0.775190E+02     0.775190E+02     0.775190E+02     0.775190E+02     0.775190E+02     0.775190E+02     0.100000E+21
 0.312000E+04     0.176580E+03     0.179314E+03     0.150607E+03     0.161366E+03     0.164912E+03     0.174419E+03     0.174419E+03     0.196583E+03     0.206422E+03     0.154784E+03     0.154784E+03     0.154784E+03     0.161325E+03     0.165733E+03     0.174845E+03     0.176580E+03     0.167533E+03     0.150376E+03     0.150376E+03     0.150376E+03     0.150376E+03     0.150376E+03     0.137713E+03     0.119048E+03     0.117216E+03     0.135108E+03     0.185185E+03     0.153615E+03     0.147042E+03     0.137453E+03     0.132787E+03     0.130679E+03     0.136201E+03     0.139238E+03     0.156982E+03     0.162545E+03     0.125831E+03     0.125831E+03     0.125831E+03     0.130322E+03     0.129331E+03     0.128623E+03     0.137725E+03     0.126743E+03     0.126244E+03     0.125335E+03     0.124630E+03     0.123167E+03     0.121862E+03     0.131449E+03     0.128241E+03     0.117471E+03     0.117034E+03     0.132839E+03     0.165177E+03     0.158570E+03     0.157235E+03     0.163333E+03     0.162132E+03     0.153618E+03     0.116949E+03     0.116596E+03     0.115990E+03     0.115743E+03     0.118044E+03     0.117691E+03     0.111729E+03     0.114323E+03     0.116795E+03     0.116369E+03     0.112307E+03     0.110503E+03     0.110189E+03     0.111764E+03     0.111501E+03     0.111221E+03     0.110193E+03     0.108845E+03     0.849383E+02     0.827430E+02     0.847860E+02     0.904621E+02     0.902560E+02     0.887882E+02     0.840850E+02     0.837940E+02     0.836140E+02     0.799350E+02     0.824621E+02     0.826260E+02     0.803546E+02     0.801690E+02     0.812810E+02     0.858032E+02     0.867670E+02     0.865594E+02     0.829180E+02     0.826260E+02     0.840377E+02     0.778240E+02     0.775931E+02     0.802852E+02     0.778830E+02     0.782673E+02     0.785384E+02     0.793330E+02     0.775190E+02     0.775190E+02     0.775190E+02     0.775190E+02     0.775190E+02     0.775190E+02     0.775190E+02     0.775190E+02     0.775190E+02     0.775190E+02     0.775190E+02     0.775190E+02     0.775190E+02     0.775190E+02     0.775190E+02     0.775190E+02     0.775190E+02     0.775190E+02     0.775190E+02     0.100000E+21
 0.314000E+04     0.176580E+03     0.177403E+03     0.172905E+03     0.175767E+03     0.163100E+03     0.164936E+03     0.174419E+03     0.180397E+03     0.206422E+03     0.154784E+03     0.154784E+03     0.154784E+03     0.156877E+03     0.165733E+03     0.167496E+03     0.176580E+03     0.166784E+03     0.150376E+03     0.150376E+03     0.150376E+03     0.150376E+03     0.150376E+03     0.145156E+03     0.142124E+03     0.125157E+03     0.125618E+03     0.136826E+03     0.168475E+03     0.153519E+03     0.143137E+03     0.134216E+03     0.130679E+03     0.133433E+03     0.139238E+03     0.156982E+03     0.158653E+03     0.154443E+03     0.125831E+03     0.125831E+03     0.128444E+03     0.129901E+03     0.128623E+03     0.137036E+03     0.135938E+03     0.128688E+03     0.125335E+03     0.124630E+03     0.123906E+03     0.121862E+03     0.123498E+03     0.131280E+03     0.129124E+03     0.120902E+03     0.124014E+03     0.132032E+03     0.160768E+03     0.157235E+03     0.158337E+03     0.160529E+03     0.158072E+03     0.137629E+03     0.116596E+03     0.115984E+03     0.115743E+03     0.116103E+03     0.117352E+03     0.115685E+03     0.112752E+03     0.114201E+03     0.116369E+03     0.115173E+03     0.110503E+03     0.110210E+03     0.110837E+03     0.111501E+03     0.111234E+03     0.110342E+03     0.109854E+03     0.963317E+02     0.847888E+02     0.832997E+02     0.875104E+02     0.902560E+02     0.892573E+02     0.880749E+02     0.837940E+02     0.836203E+02     0.822749E+02     0.806544E+02     0.826260E+02     0.811329E+02     0.801690E+02     0.812810E+02     0.821148E+02     0.867670E+02     0.865715E+02     0.850052E+02     0.826260E+02     0.828706E+02     0.826163E+02     0.788446E+02     0.790871E+02     0.802998E+02     0.787036E+02     0.785881E+02     0.793330E+02     0.775190E+02     0.775190E+02     0.775190E+02     0.775190E+02     0.775190E+02     0.775190E+02     0.775190E+02     0.775190E+02     0.775190E+02     0.775190E+02     0.775190E+02     0.775190E+02     0.775190E+02     0.775190E+02     0.775190E+02     0.775190E+02     0.775190E+02     0.775190E+02     0.775190E+02     0.100000E+21
 0.316000E+04     0.176580E+03     0.176580E+03     0.177545E+03     0.180891E+03     0.175800E+03     0.161366E+03     0.161366E+03     0.170472E+03     0.206422E+03     0.154784E+03     0.154784E+03     0.154784E+03     0.154784E+03     0.154784E+03     0.165019E+03     0.165733E+03     0.176580E+03     0.176580E+03     0.150376E+03     0.150376E+03     0.150376E+03     0.150376E+03     0.150376E+03     0.150376E+03     0.129229E+03     0.116794E+03     0.119048E+03     0.130248E+03     0.155867E+03     0.155180E+03     0.143045E+03     0.136056E+03     0.130859E+03     0.134659E+03     0.138535E+03     0.150273E+03     0.165733E+03     0.164531E+03     0.125831E+03     0.127518E+03     0.130230E+03     0.129523E+03     0.128173E+03     0.139305E+03     0.129803E+03     0.125335E+03     0.124630E+03     0.124124E+03     0.123218E+03     0.121569E+03     0.124872E+03     0.133259E+03     0.132829E+03     0.115878E+03     0.115340E+03     0.129567E+03     0.161617E+03     0.155444E+03     0.154231E+03     0.159768E+03     0.157185E+03     0.150023E+03     0.115990E+03     0.115743E+03     0.115318E+03     0.114934E+03     0.117192E+03     0.114861E+03     0.110874E+03     0.112271E+03     0.115069E+03     0.115516E+03     0.111395E+03     0.109481E+03     0.109217E+03     0.110432E+03     0.110559E+03     0.110217E+03     0.101948E+03     0.855440E+02     0.852520E+02     0.844111E+02     0.842020E+02     0.899201E+02     0.896760E+02     0.893860E+02     0.857584E+02     0.832100E+02     0.829268E+02     0.793490E+02     0.815459E+02     0.801690E+02     0.798760E+02     0.807795E+02     0.867670E+02     0.865559E+02     0.861850E+02     0.858940E+02     0.834162E+02     0.820410E+02     0.837316E+02     0.775190E+02     0.775190E+02     0.795145E+02     0.779881E+02     0.793330E+02     0.775190E+02     0.775190E+02     0.775190E+02     0.775190E+02     0.775190E+02     0.775190E+02     0.775190E+02     0.775190E+02     0.775190E+02     0.775190E+02     0.775190E+02     0.775190E+02     0.775190E+02     0.775190E+02     0.775190E+02     0.775190E+02     0.775190E+02     0.775190E+02     0.775190E+02     0.100000E+21
 0.318000E+04     0.167806E+03     0.174114E+03     0.177071E+03     0.177541E+03     0.178440E+03     0.175811E+03     0.152400E+03     0.161268E+03     0.206422E+03     0.154784E+03     0.154784E+03     0.154784E+03     0.154784E+03     0.154784E+03     0.163810E+03     0.165733E+03     0.171796E+03     0.176580E+03     0.150376E+03     0.150376E+03     0.150376E+03     0.150376E+03     0.150376E+03     0.150376E+03     0.144139E+03     0.118253E+03     0.116964E+03     0.136329E+03     0.178165E+03     0.155180E+03     0.142794E+03     0.136056E+03     0.131719E+03     0.130811E+03     0.135718E+03     0.140978E+03     0.159455E+03     0.162662E+03     0.154231E+03     0.126553E+03     0.127515E+03     0.129523E+03     0.128261E+03     0.130175E+03     0.134321E+03     0.125335E+03     0.124630E+03     0.124139E+03     0.123218E+03     0.122495E+03     0.122257E+03     0.122775E+03     0.129719E+03     0.124579E+03     0.115340E+03     0.121716E+03     0.130399E+03     0.158147E+03     0.155112E+03     0.153960E+03     0.157127E+03     0.154381E+03     0.127812E+03     0.115743E+03     0.115318E+03     0.114971E+03     0.115190E+03     0.115825E+03     0.114240E+03     0.110938E+03     0.112428E+03     0.115516E+03     0.114373E+03     0.109476E+03     0.109217E+03     0.109402E+03     0.110532E+03     0.110217E+03     0.105999E+03     0.102383E+03     0.852520E+02     0.832298E+02     0.842020E+02     0.861233E+02     0.896760E+02     0.893860E+02     0.880740E+02     0.832100E+02     0.829672E+02     0.816999E+02     0.805445E+02     0.813218E+02     0.798760E+02     0.798869E+02     0.821251E+02     0.855321E+02     0.861850E+02     0.858940E+02     0.834838E+02     0.820410E+02     0.821534E+02     0.775190E+02     0.775190E+02     0.781988E+02     0.796810E+02     0.793330E+02     0.775190E+02     0.775190E+02     0.775190E+02     0.775190E+02     0.775190E+02     0.775190E+02     0.775190E+02     0.775190E+02     0.775190E+02     0.775190E+02     0.775190E+02     0.775190E+02     0.775190E+02     0.775190E+02     0.775190E+02     0.775190E+02     0.775190E+02     0.775190E+02     0.775190E+02     0.100000E+21
 0.320000E+04     0.165297E+03     0.169414E+03     0.176580E+03     0.176580E+03     0.179888E+03     0.180891E+03     0.161018E+03     0.161640E+03     0.206422E+03     0.154784E+03     0.154784E+03     0.154784E+03     0.154784E+03     0.154784E+03     0.159994E+03     0.165733E+03     0.170003E+03     0.176580E+03     0.160006E+03     0.154291E+03     0.150376E+03     0.150376E+03     0.150376E+03     0.150376E+03     0.150376E+03     0.118053E+03     0.116323E+03     0.132566E+03     0.161101E+03     0.155180E+03     0.145651E+03     0.139299E+03     0.132017E+03     0.129276E+03     0.131714E+03     0.134252E+03     0.149676E+03     0.163669E+03     0.165733E+03     0.134849E+03     0.125831E+03     0.128161E+03     0.128097E+03     0.127206E+03     0.134493E+03     0.130554E+03     0.124630E+03     0.124177E+03     0.123218E+03     0.122768E+03     0.120479E+03     0.119740E+03     0.124117E+03     0.128428E+03     0.121099E+03     0.115297E+03     0.117044E+03     0.142445E+03     0.149930E+03     0.151855E+03     0.155596E+03     0.156191E+03     0.141023E+03     0.128435E+03     0.115318E+03     0.115017E+03     0.114464E+03     0.115974E+03     0.116341E+03     0.112450E+03     0.111784E+03     0.114023E+03     0.114590E+03     0.110599E+03     0.109217E+03     0.108957E+03     0.109998E+03     0.110217E+03     0.109363E+03     0.108487E+03     0.945175E+02     0.831647E+02     0.833502E+02     0.848330E+02     0.874410E+02     0.893860E+02     0.892170E+02     0.852725E+02     0.837420E+02     0.826260E+02     0.802682E+02     0.820410E+02     0.805655E+02     0.799490E+02     0.806950E+02     0.830100E+02     0.861850E+02     0.858940E+02     0.844090E+02     0.820410E+02     0.818550E+02     0.789658E+02     0.775190E+02     0.775190E+02     0.794422E+02     0.793330E+02     0.775190E+02     0.775190E+02     0.775190E+02     0.775190E+02     0.775190E+02     0.775190E+02     0.775190E+02     0.775190E+02     0.775190E+02     0.775190E+02     0.775190E+02     0.775190E+02     0.775190E+02     0.775190E+02     0.775190E+02     0.775190E+02     0.775190E+02     0.775190E+02     0.775190E+02     0.100000E+21
 0.322000E+04     0.165297E+03     0.165297E+03     0.169531E+03     0.176580E+03     0.177089E+03     0.177612E+03     0.180891E+03     0.176760E+03     0.206422E+03     0.154784E+03     0.154784E+03     0.154784E+03     0.154784E+03     0.154784E+03     0.154784E+03     0.157781E+03     0.167384E+03     0.170154E+03     0.176580E+03     0.155960E+03     0.150376E+03     0.150376E+03     0.150376E+03     0.150376E+03     0.150376E+03     0.141280E+03     0.118654E+03     0.117728E+03     0.119048E+03     0.173204E+03     0.153231E+03     0.152432E+03     0.140569E+03     0.133077E+03     0.128573E+03     0.131557E+03     0.137129E+03     0.157177E+03     0.165733E+03     0.150448E+03     0.125831E+03     0.125831E+03     0.128336E+03     0.127930E+03     0.129316E+03     0.137899E+03     0.134559E+03     0.126067E+03     0.123218E+03     0.122653E+03     0.121354E+03     0.121002E+03     0.119598E+03     0.123706E+03     0.131157E+03     0.123549E+03     0.113917E+03     0.115215E+03     0.125541E+03     0.155140E+03     0.150242E+03     0.150707E+03     0.152522E+03     0.150135E+03     0.135558E+03     0.116474E+03     0.114464E+03     0.114293E+03     0.114722E+03     0.115914E+03     0.114557E+03     0.109667E+03     0.111534E+03     0.113656E+03     0.113881E+03     0.109899E+03     0.108473E+03     0.108145E+03     0.109667E+03     0.109359E+03     0.108378E+03     0.958710E+02     0.841208E+02     0.822344E+02     0.836180E+02     0.893860E+02     0.892065E+02     0.888040E+02     0.883956E+02     0.826260E+02     0.808392E+02     0.800973E+02     0.817480E+02     0.812100E+02     0.795082E+02     0.802717E+02     0.825357E+02     0.858940E+02     0.856907E+02     0.848380E+02     0.821183E+02     0.817590E+02     0.827396E+02     0.801526E+02     0.797000E+02     0.793330E+02     0.775190E+02     0.775190E+02     0.775190E+02     0.775190E+02     0.775190E+02     0.775190E+02     0.775190E+02     0.775190E+02     0.775190E+02     0.775190E+02     0.775190E+02     0.775190E+02     0.775190E+02     0.775190E+02     0.775190E+02     0.775190E+02     0.775190E+02     0.775190E+02     0.775190E+02     0.100000E+21
 0.324000E+04     0.160850E+03     0.163702E+03     0.167087E+03     0.169415E+03     0.176580E+03     0.176580E+03     0.178375E+03     0.180013E+03     0.206422E+03     0.154784E+03     0.154784E+03     0.154784E+03     0.154784E+03     0.154784E+03     0.154784E+03     0.154784E+03     0.165733E+03     0.165733E+03     0.176580E+03     0.170467E+03     0.150376E+03     0.150376E+03     0.150376E+03     0.150376E+03     0.150376E+03     0.138940E+03     0.119048E+03     0.118719E+03     0.123361E+03     0.146424E+03     0.166887E+03     0.153805E+03     0.141214E+03     0.134659E+03     0.129883E+03     0.129894E+03     0.134241E+03     0.148278E+03     0.160209E+03     0.158407E+03     0.149120E+03     0.125831E+03     0.126528E+03     0.128106E+03     0.127444E+03     0.130818E+03     0.137196E+03     0.128687E+03     0.123218E+03     0.122768E+03     0.121526E+03     0.121098E+03     0.120380E+03     0.120793E+03     0.122545E+03     0.122553E+03     0.123948E+03     0.122443E+03     0.117250E+03     0.131191E+03     0.151599E+03     0.148254E+03     0.150951E+03     0.152604E+03     0.148518E+03     0.137778E+03     0.114464E+03     0.113874E+03     0.113610E+03     0.114184E+03     0.115129E+03     0.113068E+03     0.110819E+03     0.113031E+03     0.114236E+03     0.112826E+03     0.108204E+03     0.107930E+03     0.108699E+03     0.109359E+03     0.108931E+03     0.103964E+03     0.986693E+02     0.834878E+02     0.836180E+02     0.858497E+02     0.877899E+02     0.888040E+02     0.885957E+02     0.861633E+02     0.816272E+02     0.806740E+02     0.796767E+02     0.809846E+02     0.804819E+02     0.797961E+02     0.801100E+02     0.820306E+02     0.844683E+02     0.853110E+02     0.836418E+02     0.817901E+02     0.805241E+02     0.797149E+02     0.801300E+02     0.793330E+02     0.775190E+02     0.775190E+02     0.775190E+02     0.775190E+02     0.775190E+02     0.775190E+02     0.775190E+02     0.775190E+02     0.775190E+02     0.775190E+02     0.775190E+02     0.775190E+02     0.775190E+02     0.775190E+02     0.775190E+02     0.775190E+02     0.775190E+02     0.775190E+02     0.775190E+02     0.100000E+21
 0.326000E+04     0.172253E+03     0.163564E+03     0.165297E+03     0.165297E+03     0.168530E+03     0.176580E+03     0.176580E+03     0.176580E+03     0.206422E+03     0.154784E+03     0.154784E+03     0.154784E+03     0.154784E+03     0.154784E+03     0.154784E+03     0.154784E+03     0.158702E+03     0.165733E+03     0.165733E+03     0.173867E+03     0.150376E+03     0.150376E+03     0.150376E+03     0.150376E+03     0.150376E+03     0.150376E+03     0.150376E+03     0.118167E+03     0.116323E+03     0.119048E+03     0.138772E+03     0.185185E+03     0.150899E+03     0.143577E+03     0.133960E+03     0.130158E+03     0.127166E+03     0.132510E+03     0.135721E+03     0.160427E+03     0.165733E+03     0.165733E+03     0.134430E+03     0.125831E+03     0.126917E+03     0.125786E+03     0.125076E+03     0.133012E+03     0.123218E+03     0.122698E+03     0.121551E+03     0.121098E+03     0.120670E+03     0.119483E+03     0.118974E+03     0.117078E+03     0.117556E+03     0.129051E+03     0.128587E+03     0.111781E+03     0.122826E+03     0.152670E+03     0.145674E+03     0.144643E+03     0.150807E+03     0.149342E+03     0.140986E+03     0.113892E+03     0.113610E+03     0.113183E+03     0.112870E+03     0.115061E+03     0.114755E+03     0.109284E+03     0.110131E+03     0.112487E+03     0.113270E+03     0.112955E+03     0.107370E+03     0.107071E+03     0.106642E+03     0.108371E+03     0.108073E+03     0.101489E+03     0.840850E+02     0.833270E+02     0.831493E+02     0.888040E+02     0.885621E+02     0.882230E+02     0.857181E+02     0.820410E+02     0.817480E+02     0.790062E+02     0.811640E+02     0.809584E+02     0.787040E+02     0.798180E+02     0.799371E+02     0.797000E+02     0.794817E+02     0.827600E+02     0.825670E+02     0.801957E+02     0.785532E+02     0.793330E+02     0.775190E+02     0.775190E+02     0.775190E+02     0.775190E+02     0.775190E+02     0.775190E+02     0.775190E+02     0.775190E+02     0.775190E+02     0.775190E+02     0.775190E+02     0.775190E+02     0.775190E+02     0.775190E+02     0.775190E+02     0.775190E+02     0.775190E+02     0.775190E+02     0.775190E+02     0.100000E+21
 0.328000E+04     0.194210E+03     0.173886E+03     0.160914E+03     0.165297E+03     0.166629E+03     0.167969E+03     0.176580E+03     0.176580E+03     0.206422E+03     0.164624E+03     0.154784E+03     0.154784E+03     0.154784E+03     0.154784E+03     0.154784E+03     0.154784E+03     0.158547E+03     0.165733E+03     0.165733E+03     0.174262E+03     0.173764E+03     0.154149E+03     0.150376E+03     0.150376E+03     0.150376E+03     0.150376E+03     0.150376E+03     0.118219E+03     0.116323E+03     0.123142E+03     0.137044E+03     0.185185E+03     0.152222E+03     0.149856E+03     0.139275E+03     0.134164E+03     0.127166E+03     0.131901E+03     0.132509E+03     0.158441E+03     0.160506E+03     0.165733E+03     0.160129E+03     0.125831E+03     0.126147E+03     0.126326E+03     0.125076E+03     0.127034E+03     0.134568E+03     0.124086E+03     0.121561E+03     0.121098E+03     0.120663E+03     0.119510E+03     0.118974E+03     0.117666E+03     0.116546E+03     0.121782E+03     0.126385E+03     0.123665E+03     0.113415E+03     0.123281E+03     0.147285E+03     0.144643E+03     0.145268E+03     0.148759E+03     0.145643E+03     0.125548E+03     0.113610E+03     0.113183E+03     0.112857E+03     0.112476E+03     0.112750E+03     0.111045E+03     0.108441E+03     0.110386E+03     0.113296E+03     0.112955E+03     0.109961E+03     0.107071E+03     0.106642E+03     0.107203E+03     0.108073E+03     0.105546E+03     0.993252E+02     0.965175E+02     0.881205E+02     0.845386E+02     0.884246E+02     0.882230E+02     0.869334E+02     0.853769E+02     0.817480E+02     0.809912E+02     0.811640E+02     0.791910E+02     0.779889E+02     0.790414E+02     0.793260E+02     0.797000E+02     0.794577E+02     0.810367E+02     0.825670E+02     0.815785E+02     0.785189E+02     0.793330E+02     0.775190E+02     0.775190E+02     0.775190E+02     0.775190E+02     0.775190E+02     0.775190E+02     0.775190E+02     0.775190E+02     0.775190E+02     0.775190E+02     0.775190E+02     0.775190E+02     0.775190E+02     0.775190E+02     0.775190E+02     0.775190E+02     0.775190E+02     0.775190E+02     0.775190E+02     0.100000E+21
 0.330000E+04     0.195003E+03     0.185487E+03     0.161875E+03     0.163461E+03     0.165297E+03     0.165297E+03     0.172455E+03     0.174969E+03     0.206422E+03     0.164627E+03     0.154784E+03     0.154784E+03     0.154784E+03     0.154784E+03     0.154784E+03     0.154784E+03     0.158877E+03     0.165733E+03     0.165733E+03     0.173478E+03     0.176580E+03     0.158802E+03     0.150376E+03     0.150376E+03     0.150376E+03     0.150376E+03     0.150376E+03     0.124358E+03     0.117048E+03     0.122397E+03     0.131673E+03     0.167669E+03     0.158455E+03     0.152428E+03     0.142883E+03     0.137007E+03     0.127803E+03     0.130824E+03     0.131157E+03     0.152780E+03     0.156982E+03     0.165733E+03     0.165733E+03     0.125831E+03     0.125831E+03     0.126376E+03     0.125319E+03     0.124723E+03     0.132575E+03     0.127117E+03     0.121540E+03     0.121098E+03     0.120678E+03     0.119457E+03     0.118974E+03     0.117818E+03     0.116570E+03     0.116346E+03     0.121721E+03     0.127644E+03     0.113498E+03     0.110354E+03     0.135051E+03     0.133529E+03     0.144110E+03     0.146679E+03     0.144996E+03     0.134695E+03     0.122316E+03     0.113183E+03     0.112883E+03     0.112329E+03     0.112037E+03     0.112174E+03     0.109737E+03     0.110711E+03     0.111807E+03     0.111867E+03     0.111425E+03     0.108427E+03     0.106642E+03     0.106511E+03     0.107459E+03     0.107330E+03     0.106234E+03     0.105913E+03     0.967072E+02     0.828763E+02     0.858828E+02     0.865069E+02     0.878187E+02     0.876410E+02     0.817480E+02     0.823413E+02     0.824014E+02     0.808043E+02     0.775190E+02     0.785179E+02     0.787122E+02     0.803293E+02     0.794937E+02     0.798012E+02     0.815803E+02     0.810579E+02     0.792357E+02     0.793330E+02     0.775190E+02     0.775190E+02     0.775190E+02     0.775190E+02     0.775190E+02     0.775190E+02     0.775190E+02     0.775190E+02     0.775190E+02     0.775190E+02     0.775190E+02     0.775190E+02     0.775190E+02     0.775190E+02     0.775190E+02     0.775190E+02     0.775190E+02     0.775190E+02     0.775190E+02     0.100000E+21
 0.332000E+04     0.195003E+03     0.195003E+03     0.182467E+03     0.168351E+03     0.161953E+03     0.165297E+03     0.165297E+03     0.168183E+03     0.206422E+03     0.166748E+03     0.163015E+03     0.154784E+03     0.154784E+03     0.154784E+03     0.154784E+03     0.154784E+03     0.156549E+03     0.159640E+03     0.165733E+03     0.168327E+03     0.176580E+03     0.170370E+03     0.150376E+03     0.150376E+03     0.150376E+03     0.150376E+03     0.150376E+03     0.140695E+03     0.119048E+03     0.116323E+03     0.122239E+03     0.119048E+03     0.178065E+03     0.152428E+03     0.147815E+03     0.141896E+03     0.131425E+03     0.130282E+03     0.127742E+03     0.137103E+03     0.144331E+03     0.160217E+03     0.164818E+03     0.153251E+03     0.131982E+03     0.125831E+03     0.125977E+03     0.125244E+03     0.123653E+03     0.125636E+03     0.126555E+03     0.121098E+03     0.120663E+03     0.119492E+03     0.118974E+03     0.118085E+03     0.117556E+03     0.116241E+03     0.115590E+03     0.119580E+03     0.125516E+03     0.120302E+03     0.110288E+03     0.111077E+03     0.125884E+03     0.141834E+03     0.139204E+03     0.140510E+03     0.140824E+03     0.131911E+03     0.127167E+03     0.112329E+03     0.112016E+03     0.111795E+03     0.111819E+03     0.112996E+03     0.110519E+03     0.107535E+03     0.110529E+03     0.112099E+03     0.109458E+03     0.108380E+03     0.105782E+03     0.105996E+03     0.105770E+03     0.106785E+03     0.106173E+03     0.967072E+02     0.841091E+02     0.824572E+02     0.855128E+02     0.876410E+02     0.853119E+02     0.845253E+02     0.842003E+02     0.852752E+02     0.818681E+02     0.781392E+02     0.779380E+02     0.788519E+02     0.803931E+02     0.786283E+02     0.788210E+02     0.786464E+02     0.794265E+02     0.793330E+02     0.775190E+02     0.775190E+02     0.775190E+02     0.775190E+02     0.775190E+02     0.775190E+02     0.775190E+02     0.775190E+02     0.775190E+02     0.775190E+02     0.775190E+02     0.775190E+02     0.775190E+02     0.775190E+02     0.775190E+02     0.775190E+02     0.775190E+02     0.775190E+02     0.775190E+02     0.100000E+21
 0.334000E+04     0.202529E+03     0.198011E+03     0.190813E+03     0.184532E+03     0.164354E+03     0.161517E+03     0.165297E+03     0.165297E+03     0.206422E+03     0.167910E+03     0.167910E+03     0.154784E+03     0.154784E+03     0.154784E+03     0.154784E+03     0.154784E+03     0.154784E+03     0.154784E+03     0.165733E+03     0.165733E+03     0.176580E+03     0.176580E+03     0.150376E+03     0.150376E+03     0.150376E+03     0.150376E+03     0.150376E+03     0.144549E+03     0.135975E+03     0.117757E+03     0.121375E+03     0.122713E+03     0.155851E+03     0.170110E+03     0.151739E+03     0.146157E+03     0.132559E+03     0.129974E+03     0.125758E+03     0.129439E+03     0.131916E+03     0.144367E+03     0.155651E+03     0.165733E+03     0.154323E+03     0.125831E+03     0.125898E+03     0.125504E+03     0.124140E+03     0.123396E+03     0.127754E+03     0.127891E+03     0.123486E+03     0.119413E+03     0.118974E+03     0.118013E+03     0.117556E+03     0.116846E+03     0.116034E+03     0.114688E+03     0.119630E+03     0.119635E+03     0.117684E+03     0.117294E+03     0.110473E+03     0.120125E+03     0.141608E+03     0.138196E+03     0.139373E+03     0.141776E+03     0.138772E+03     0.122888E+03     0.115910E+03     0.111289E+03     0.111044E+03     0.111544E+03     0.111746E+03     0.109972E+03     0.108381E+03     0.109877E+03     0.111672E+03     0.110166E+03     0.108502E+03     0.105210E+03     0.104923E+03     0.105580E+03     0.106031E+03     0.105292E+03     0.984089E+02     0.816154E+02     0.842651E+02     0.876410E+02     0.873500E+02     0.861808E+02     0.852661E+02     0.846192E+02     0.840238E+02     0.819500E+02     0.793584E+02     0.775190E+02     0.786839E+02     0.793090E+02     0.783142E+02     0.781415E+02     0.786503E+02     0.793330E+02     0.775190E+02     0.775190E+02     0.775190E+02     0.775190E+02     0.775190E+02     0.775190E+02     0.775190E+02     0.775190E+02     0.775190E+02     0.775190E+02     0.775190E+02     0.775190E+02     0.775190E+02     0.775190E+02     0.775190E+02     0.775190E+02     0.775190E+02     0.775190E+02     0.775190E+02     0.100000E+21
 0.336000E+04     0.208944E+03     0.206116E+03     0.195003E+03     0.195003E+03     0.170276E+03     0.167995E+03     0.160973E+03     0.163880E+03     0.206422E+03     0.169081E+03     0.167910E+03     0.162917E+03     0.158086E+03     0.154784E+03     0.154784E+03     0.154784E+03     0.154784E+03     0.154784E+03     0.165733E+03     0.165733E+03     0.176580E+03     0.176580E+03     0.150376E+03     0.150376E+03     0.150376E+03     0.150376E+03     0.150376E+03     0.150376E+03     0.150376E+03     0.119048E+03     0.117695E+03     0.119175E+03     0.127536E+03     0.139681E+03     0.172376E+03     0.157252E+03     0.138713E+03     0.130633E+03     0.127306E+03     0.125678E+03     0.126412E+03     0.130479E+03     0.136992E+03     0.165733E+03     0.165733E+03     0.150550E+03     0.125831E+03     0.125718E+03     0.124556E+03     0.123921E+03     0.123909E+03     0.125147E+03     0.127770E+03     0.125478E+03     0.118974E+03     0.118042E+03     0.117556E+03     0.116846E+03     0.116397E+03     0.115006E+03     0.113322E+03     0.113066E+03     0.120819E+03     0.124827E+03     0.119117E+03     0.110002E+03     0.118086E+03     0.125344E+03     0.135564E+03     0.136213E+03     0.135176E+03     0.136275E+03     0.128514E+03     0.111296E+03     0.111044E+03     0.110780E+03     0.110905E+03     0.110586E+03     0.110291E+03     0.110536E+03     0.107988E+03     0.109211E+03     0.110816E+03     0.108678E+03     0.108381E+03     0.104492E+03     0.104702E+03     0.104348E+03     0.926409E+02     0.820435E+02     0.821860E+02     0.838975E+02     0.831743E+02     0.861548E+02     0.867670E+02     0.859391E+02     0.829180E+02     0.833280E+02     0.829778E+02     0.777311E+02     0.775793E+02     0.791471E+02     0.801823E+02     0.797497E+02     0.782663E+02     0.793330E+02     0.775190E+02     0.775190E+02     0.775190E+02     0.775190E+02     0.775190E+02     0.775190E+02     0.775190E+02     0.775190E+02     0.775190E+02     0.775190E+02     0.775190E+02     0.775190E+02     0.775190E+02     0.775190E+02     0.775190E+02     0.775190E+02     0.775190E+02     0.775190E+02     0.775190E+02     0.100000E+21
 0.338000E+04     0.212362E+03     0.209850E+03     0.202485E+03     0.195003E+03     0.183324E+03     0.172253E+03     0.166142E+03     0.162322E+03     0.178197E+03     0.169696E+03     0.167910E+03     0.167910E+03     0.160066E+03     0.154784E+03     0.154784E+03     0.154784E+03     0.154784E+03     0.154784E+03     0.158568E+03     0.164399E+03     0.168646E+03     0.174994E+03     0.159577E+03     0.150376E+03     0.150376E+03     0.150376E+03     0.150376E+03     0.150376E+03     0.150376E+03     0.136805E+03     0.117629E+03     0.116323E+03     0.122882E+03     0.119048E+03     0.185185E+03     0.163470E+03     0.147246E+03     0.137619E+03     0.130029E+03     0.126774E+03     0.124347E+03     0.129051E+03     0.129447E+03     0.159587E+03     0.164386E+03     0.165733E+03     0.153586E+03     0.131940E+03     0.125493E+03     0.124188E+03     0.122347E+03     0.121517E+03     0.124094E+03     0.130534E+03     0.128282E+03     0.118087E+03     0.117556E+03     0.116846E+03     0.116367E+03     0.115425E+03     0.114116E+03     0.112636E+03     0.114876E+03     0.117881E+03     0.124122E+03     0.120510E+03     0.106780E+03     0.112503E+03     0.121367E+03     0.136719E+03     0.132963E+03     0.132182E+03     0.134284E+03     0.122956E+03     0.122351E+03     0.113610E+03     0.110083E+03     0.109760E+03     0.110678E+03     0.111643E+03     0.108822E+03     0.106715E+03     0.107925E+03     0.107860E+03     0.109960E+03     0.107325E+03     0.976885E+02     0.905330E+02     0.821401E+02     0.804998E+02     0.813133E+02     0.807859E+02     0.812810E+02     0.823961E+02     0.824067E+02     0.856463E+02     0.847698E+02     0.849518E+02     0.835432E+02     0.808733E+02     0.819370E+02     0.780749E+02     0.785164E+02     0.790126E+02     0.795350E+02     0.793330E+02     0.775190E+02     0.775190E+02     0.775190E+02     0.775190E+02     0.775190E+02     0.775190E+02     0.775190E+02     0.775190E+02     0.775190E+02     0.775190E+02     0.775190E+02     0.775190E+02     0.775190E+02     0.775190E+02     0.775190E+02     0.775190E+02     0.775190E+02     0.775190E+02     0.775190E+02     0.100000E+21
 0.340000E+04     0.213554E+03     0.213554E+03     0.208944E+03     0.208944E+03     0.195003E+03     0.195003E+03     0.172253E+03     0.172253E+03     0.158299E+03     0.169716E+03     0.167910E+03     0.167910E+03     0.167910E+03     0.154784E+03     0.154784E+03     0.154784E+03     0.154784E+03     0.154784E+03     0.154784E+03     0.163186E+03     0.165733E+03     0.173613E+03     0.165808E+03     0.150376E+03     0.150376E+03     0.150376E+03     0.150376E+03     0.150376E+03     0.150376E+03     0.150376E+03     0.118270E+03     0.116323E+03     0.116898E+03     0.119048E+03     0.119048E+03     0.160556E+03     0.150359E+03     0.147332E+03     0.131157E+03     0.130180E+03     0.129753E+03     0.123642E+03     0.127455E+03     0.132195E+03     0.149632E+03     0.165733E+03     0.165733E+03     0.165733E+03     0.125831E+03     0.125831E+03     0.122881E+03     0.122422E+03     0.121439E+03     0.123073E+03     0.131555E+03     0.127472E+03     0.117556E+03     0.116846E+03     0.116373E+03     0.115425E+03     0.114607E+03     0.114003E+03     0.112401E+03     0.111211E+03     0.110496E+03     0.121472E+03     0.122710E+03     0.116440E+03     0.105347E+03     0.104630E+03     0.107749E+03     0.130085E+03     0.128729E+03     0.128875E+03     0.132676E+03     0.127431E+03     0.110089E+03     0.109760E+03     0.109204E+03     0.108902E+03     0.108474E+03     0.110661E+03     0.110359E+03     0.101635E+03     0.896760E+02     0.893860E+02     0.858032E+02     0.832100E+02     0.829549E+02     0.793490E+02     0.801669E+02     0.820410E+02     0.817480E+02     0.800399E+02     0.806950E+02     0.804864E+02     0.861850E+02     0.858940E+02     0.856942E+02     0.853110E+02     0.825137E+02     0.816879E+02     0.775190E+02     0.775190E+02     0.780151E+02     0.793330E+02     0.775190E+02     0.775190E+02     0.775190E+02     0.775190E+02     0.775190E+02     0.775190E+02     0.775190E+02     0.775190E+02     0.775190E+02     0.775190E+02     0.775190E+02     0.775190E+02     0.775190E+02     0.775190E+02     0.775190E+02     0.775190E+02     0.775190E+02     0.775190E+02     0.775190E+02     0.100000E+21
 0.342000E+04     0.188691E+03     0.204854E+03     0.210694E+03     0.208944E+03     0.200259E+03     0.195003E+03     0.183860E+03     0.175889E+03     0.165685E+03     0.169842E+03     0.169047E+03     0.167910E+03     0.167910E+03     0.154784E+03     0.154784E+03     0.154784E+03     0.154784E+03     0.154784E+03     0.154784E+03     0.162907E+03     0.165733E+03     0.173363E+03     0.171334E+03     0.164349E+03     0.154807E+03     0.150376E+03     0.150376E+03     0.150376E+03     0.150376E+03     0.150376E+03     0.118644E+03     0.117774E+03     0.117831E+03     0.122605E+03     0.119048E+03     0.160843E+03     0.168636E+03     0.146813E+03     0.135842E+03     0.129568E+03     0.128146E+03     0.126473E+03     0.125650E+03     0.129778E+03     0.139425E+03     0.161265E+03     0.165733E+03     0.165733E+03     0.125831E+03     0.125831E+03     0.123792E+03     0.122422E+03     0.121717E+03     0.121650E+03     0.125047E+03     0.128961E+03     0.124188E+03     0.116846E+03     0.116373E+03     0.115425E+03     0.114560E+03     0.114003E+03     0.112704E+03     0.111910E+03     0.111212E+03     0.114966E+03     0.116236E+03     0.119140E+03     0.113481E+03     0.113040E+03     0.107968E+03     0.118331E+03     0.127211E+03     0.127253E+03     0.128350E+03     0.128087E+03     0.118895E+03     0.115688E+03     0.109202E+03     0.108902E+03     0.108474E+03     0.105647E+03     0.964693E+02     0.950061E+02     0.896760E+02     0.893860E+02     0.875470E+02     0.861400E+02     0.835510E+02     0.810688E+02     0.806163E+02     0.803692E+02     0.817480E+02     0.808728E+02     0.799468E+02     0.802777E+02     0.830804E+02     0.826621E+02     0.847195E+02     0.853110E+02     0.840433E+02     0.815003E+02     0.794627E+02     0.800098E+02     0.780571E+02     0.793330E+02     0.775190E+02     0.775190E+02     0.775190E+02     0.775190E+02     0.775190E+02     0.775190E+02     0.775190E+02     0.775190E+02     0.775190E+02     0.775190E+02     0.775190E+02     0.775190E+02     0.775190E+02     0.775190E+02     0.775190E+02     0.775190E+02     0.775190E+02     0.775190E+02     0.775190E+02     0.100000E+21
 0.344000E+04     0.167040E+03     0.181931E+03     0.212632E+03     0.210999E+03     0.203881E+03     0.195003E+03     0.195003E+03     0.187206E+03     0.172253E+03     0.170084E+03     0.170084E+03     0.167910E+03     0.167910E+03     0.160639E+03     0.156770E+03     0.154784E+03     0.154784E+03     0.154784E+03     0.154784E+03     0.158816E+03     0.165733E+03     0.169525E+03     0.176580E+03     0.176580E+03     0.160687E+03     0.150376E+03     0.150376E+03     0.150376E+03     0.150376E+03     0.150376E+03     0.127677E+03     0.119048E+03     0.117982E+03     0.121591E+03     0.119048E+03     0.140263E+03     0.185185E+03     0.148057E+03     0.144061E+03     0.131781E+03     0.128069E+03     0.129051E+03     0.128486E+03     0.125234E+03     0.127816E+03     0.144801E+03     0.165733E+03     0.165733E+03     0.143645E+03     0.133080E+03     0.125109E+03     0.123940E+03     0.122705E+03     0.120229E+03     0.119780E+03     0.125062E+03     0.124708E+03     0.122706E+03     0.122197E+03     0.115425E+03     0.114489E+03     0.114003E+03     0.112970E+03     0.112578E+03     0.111866E+03     0.110848E+03     0.109829E+03     0.115711E+03     0.115577E+03     0.120589E+03     0.114347E+03     0.105910E+03     0.114306E+03     0.115893E+03     0.126585E+03     0.127008E+03     0.124864E+03     0.123683E+03     0.115101E+03     0.112580E+03     0.108686E+03     0.989427E+02     0.844099E+02     0.872786E+02     0.869739E+02     0.893860E+02     0.892191E+02     0.888040E+02     0.863954E+02     0.826260E+02     0.814988E+02     0.802891E+02     0.817480E+02     0.806081E+02     0.801241E+02     0.799343E+02     0.794571E+02     0.798180E+02     0.817162E+02     0.853110E+02     0.851326E+02     0.828448E+02     0.826205E+02     0.823925E+02     0.796799E+02     0.793330E+02     0.775190E+02     0.775190E+02     0.775190E+02     0.775190E+02     0.775190E+02     0.775190E+02     0.775190E+02     0.775190E+02     0.775190E+02     0.775190E+02     0.775190E+02     0.775190E+02     0.775190E+02     0.775190E+02     0.775190E+02     0.775190E+02     0.775190E+02     0.775190E+02     0.775190E+02     0.100000E+21
 0.346000E+04     0.167040E+03     0.167040E+03     0.213554E+03     0.213554E+03     0.206645E+03     0.203394E+03     0.195003E+03     0.195003E+03     0.185950E+03     0.167278E+03     0.170084E+03     0.169138E+03     0.168430E+03     0.167910E+03     0.158733E+03     0.154784E+03     0.154784E+03     0.154784E+03     0.154784E+03     0.154784E+03     0.165733E+03     0.165733E+03     0.176580E+03     0.176580E+03     0.160544E+03     0.150376E+03     0.150376E+03     0.150376E+03     0.150376E+03     0.150376E+03     0.138850E+03     0.119048E+03     0.117458E+03     0.116323E+03     0.122871E+03     0.120566E+03     0.185185E+03     0.165189E+03     0.148979E+03     0.135325E+03     0.129753E+03     0.129051E+03     0.130300E+03     0.129549E+03     0.125541E+03     0.128215E+03     0.144255E+03     0.158714E+03     0.165733E+03     0.156305E+03     0.125831E+03     0.125831E+03     0.124844E+03     0.122612E+03     0.120282E+03     0.118778E+03     0.117947E+03     0.122557E+03     0.126442E+03     0.122999E+03     0.114496E+03     0.114003E+03     0.112972E+03     0.112578E+03     0.111866E+03     0.111372E+03     0.109894E+03     0.108822E+03     0.108237E+03     0.112371E+03     0.112668E+03     0.102592E+03     0.102431E+03     0.102932E+03     0.112188E+03     0.105926E+03     0.123340E+03     0.122298E+03     0.113970E+03     0.112463E+03     0.108931E+03     0.104030E+03     0.987688E+02     0.934810E+02     0.838982E+02     0.862318E+02     0.858777E+02     0.888040E+02     0.885991E+02     0.859872E+02     0.841566E+02     0.820410E+02     0.817480E+02     0.807141E+02     0.791867E+02     0.798638E+02     0.797644E+02     0.789701E+02     0.793487E+02     0.816693E+02     0.814977E+02     0.846147E+02     0.844360E+02     0.834976E+02     0.806908E+02     0.793330E+02     0.775190E+02     0.775190E+02     0.775190E+02     0.775190E+02     0.775190E+02     0.775190E+02     0.775190E+02     0.775190E+02     0.775190E+02     0.775190E+02     0.775190E+02     0.775190E+02     0.775190E+02     0.775190E+02     0.775190E+02     0.775190E+02     0.775190E+02     0.775190E+02     0.775190E+02     0.100000E+21
 0.348000E+04     0.167040E+03     0.167040E+03     0.195287E+03     0.213554E+03     0.210728E+03     0.208944E+03     0.202184E+03     0.202340E+03     0.195003E+03     0.165008E+03     0.170084E+03     0.170084E+03     0.168789E+03     0.167910E+03     0.157507E+03     0.154784E+03     0.154784E+03     0.154784E+03     0.154784E+03     0.154784E+03     0.165733E+03     0.165733E+03     0.176580E+03     0.176580E+03     0.168408E+03     0.150376E+03     0.150376E+03     0.150376E+03     0.150376E+03     0.150376E+03     0.141005E+03     0.119048E+03     0.118382E+03     0.116323E+03     0.125831E+03     0.121543E+03     0.185185E+03     0.177867E+03     0.148979E+03     0.140300E+03     0.134366E+03     0.129051E+03     0.127163E+03     0.130703E+03     0.124381E+03     0.123441E+03     0.127599E+03     0.140627E+03     0.165733E+03     0.165733E+03     0.139512E+03     0.125831E+03     0.125831E+03     0.125032E+03     0.123340E+03     0.119254E+03     0.118437E+03     0.117232E+03     0.120568E+03     0.128016E+03     0.120143E+03     0.114003E+03     0.112989E+03     0.112578E+03     0.111866E+03     0.111306E+03     0.110440E+03     0.109263E+03     0.108345E+03     0.107664E+03     0.107045E+03     0.104011E+03     0.104223E+03     0.101847E+03     0.101675E+03     0.962431E+02     0.115168E+03     0.112928E+03     0.107711E+03     0.108112E+03     0.108931E+03     0.108372E+03     0.108073E+03     0.104412E+03     0.964515E+02     0.949289E+02     0.877302E+02     0.858105E+02     0.852555E+02     0.882230E+02     0.868135E+02     0.849239E+02     0.847504E+02     0.822208E+02     0.796816E+02     0.804755E+02     0.789986E+02     0.794372E+02     0.789597E+02     0.784591E+02     0.788146E+02     0.814449E+02     0.810941E+02     0.830020E+02     0.814682E+02     0.793330E+02     0.775190E+02     0.775190E+02     0.775190E+02     0.775190E+02     0.775190E+02     0.775190E+02     0.775190E+02     0.775190E+02     0.775190E+02     0.775190E+02     0.775190E+02     0.775190E+02     0.775190E+02     0.775190E+02     0.775190E+02     0.775190E+02     0.775190E+02     0.775190E+02     0.775190E+02     0.100000E+21
 0.350000E+04     0.162491E+03     0.165910E+03     0.170727E+03     0.169579E+03     0.213084E+03     0.212819E+03     0.208944E+03     0.208944E+03     0.206828E+03     0.163904E+03     0.164910E+03     0.170084E+03     0.169740E+03     0.167910E+03     0.167345E+03     0.154784E+03     0.154784E+03     0.154784E+03     0.154784E+03     0.154784E+03     0.155659E+03     0.163959E+03     0.171876E+03     0.176580E+03     0.176580E+03     0.150376E+03     0.150376E+03     0.150376E+03     0.150376E+03     0.150376E+03     0.141824E+03     0.119048E+03     0.118534E+03     0.116323E+03     0.119309E+03     0.119316E+03     0.131893E+03     0.184409E+03     0.177870E+03     0.144578E+03     0.138708E+03     0.129051E+03     0.128185E+03     0.127644E+03     0.130312E+03     0.120815E+03     0.120866E+03     0.124689E+03     0.131447E+03     0.161028E+03     0.160601E+03     0.163127E+03     0.153948E+03     0.125831E+03     0.125831E+03     0.123407E+03     0.118854E+03     0.117855E+03     0.117415E+03     0.117868E+03     0.116455E+03     0.123966E+03     0.118220E+03     0.112578E+03     0.111866E+03     0.111226E+03     0.110440E+03     0.109492E+03     0.109011E+03     0.108296E+03     0.107587E+03     0.106787E+03     0.105301E+03     0.105026E+03     0.109613E+03     0.107416E+03     0.111895E+03     0.107930E+03     0.107378E+03     0.107071E+03     0.107352E+03     0.107054E+03     0.108073E+03     0.107576E+03     0.107215E+03     0.106355E+03     0.102757E+03     0.100239E+03     0.835597E+02     0.833359E+02     0.849223E+02     0.876410E+02     0.873500E+02     0.865532E+02     0.811640E+02     0.809510E+02     0.796412E+02     0.778425E+02     0.779261E+02     0.795084E+02     0.778853E+02     0.785493E+02     0.783520E+02     0.791418E+02     0.826873E+02     0.793330E+02     0.775190E+02     0.775190E+02     0.775190E+02     0.775190E+02     0.775190E+02     0.775190E+02     0.775190E+02     0.775190E+02     0.775190E+02     0.775190E+02     0.775190E+02     0.775190E+02     0.775190E+02     0.775190E+02     0.775190E+02     0.775190E+02     0.775190E+02     0.775190E+02     0.775190E+02     0.100000E+21
 0.352000E+04     0.162241E+03     0.162241E+03     0.167040E+03     0.167040E+03     0.180032E+03     0.213554E+03     0.213554E+03     0.210383E+03     0.208944E+03     0.163551E+03     0.163551E+03     0.170084E+03     0.170084E+03     0.167910E+03     0.167910E+03     0.154784E+03     0.154784E+03     0.154784E+03     0.154784E+03     0.154784E+03     0.154784E+03     0.162589E+03     0.170127E+03     0.176580E+03     0.176580E+03     0.150376E+03     0.150376E+03     0.150376E+03     0.150376E+03     0.150376E+03     0.150376E+03     0.150376E+03     0.119048E+03     0.119048E+03     0.116323E+03     0.122350E+03     0.119048E+03     0.185185E+03     0.185185E+03     0.148021E+03     0.147595E+03     0.138011E+03     0.130467E+03     0.124488E+03     0.126211E+03     0.132979E+03     0.120107E+03     0.119609E+03     0.124122E+03     0.126901E+03     0.160039E+03     0.165733E+03     0.165733E+03     0.154474E+03     0.125831E+03     0.125831E+03     0.125831E+03     0.125831E+03     0.120197E+03     0.116710E+03     0.114943E+03     0.114367E+03     0.125587E+03     0.125177E+03     0.124467E+03     0.113774E+03     0.110440E+03     0.109490E+03     0.109011E+03     0.108296E+03     0.107769E+03     0.106865E+03     0.108512E+03     0.108565E+03     0.108302E+03     0.109214E+03     0.110281E+03     0.112955E+03     0.110911E+03     0.107071E+03     0.106642E+03     0.106084E+03     0.105782E+03     0.105761E+03     0.107215E+03     0.106785E+03     0.106520E+03     0.105925E+03     0.104449E+03     0.103688E+03     0.820551E+02     0.815740E+02     0.812810E+02     0.857139E+02     0.867670E+02     0.865618E+02     0.805780E+02     0.802860E+02     0.783865E+02     0.775190E+02     0.788954E+02     0.777949E+02     0.783520E+02     0.778565E+02     0.780400E+02     0.793330E+02     0.775190E+02     0.775190E+02     0.775190E+02     0.775190E+02     0.775190E+02     0.775190E+02     0.775190E+02     0.775190E+02     0.775190E+02     0.775190E+02     0.775190E+02     0.775190E+02     0.775190E+02     0.775190E+02     0.775190E+02     0.775190E+02     0.775190E+02     0.775190E+02     0.775190E+02     0.100000E+21
 0.354000E+04     0.162241E+03     0.162241E+03     0.167040E+03     0.167040E+03     0.175866E+03     0.197211E+03     0.213554E+03     0.211665E+03     0.208944E+03     0.163551E+03     0.163551E+03     0.170084E+03     0.170084E+03     0.168684E+03     0.168194E+03     0.159421E+03     0.154784E+03     0.154784E+03     0.154784E+03     0.154784E+03     0.154784E+03     0.161844E+03     0.170417E+03     0.176580E+03     0.176580E+03     0.155703E+03     0.150376E+03     0.150376E+03     0.150376E+03     0.150376E+03     0.150376E+03     0.150376E+03     0.119048E+03     0.119048E+03     0.116323E+03     0.119881E+03     0.119048E+03     0.170322E+03     0.185185E+03     0.156124E+03     0.147595E+03     0.138011E+03     0.131284E+03     0.125592E+03     0.125860E+03     0.130236E+03     0.124370E+03     0.121576E+03     0.122213E+03     0.124814E+03     0.152285E+03     0.162680E+03     0.164153E+03     0.157748E+03     0.139760E+03     0.134785E+03     0.125831E+03     0.125831E+03     0.122487E+03     0.116710E+03     0.115080E+03     0.114367E+03     0.120613E+03     0.120217E+03     0.124467E+03     0.117817E+03     0.114877E+03     0.109455E+03     0.109011E+03     0.108296E+03     0.107819E+03     0.109726E+03     0.110781E+03     0.109757E+03     0.108302E+03     0.108746E+03     0.109956E+03     0.111511E+03     0.111385E+03     0.108832E+03     0.106642E+03     0.106059E+03     0.105782E+03     0.105601E+03     0.106400E+03     0.106785E+03     0.106534E+03     0.105925E+03     0.104930E+03     0.104176E+03     0.867477E+02     0.817649E+02     0.814467E+02     0.839600E+02     0.846471E+02     0.856255E+02     0.828502E+02     0.822454E+02     0.800017E+02     0.782903E+02     0.786798E+02     0.795765E+02     0.801488E+02     0.800731E+02     0.781633E+02     0.793330E+02     0.775190E+02     0.775190E+02     0.775190E+02     0.775190E+02     0.775190E+02     0.775190E+02     0.775190E+02     0.775190E+02     0.775190E+02     0.775190E+02     0.775190E+02     0.775190E+02     0.775190E+02     0.775190E+02     0.775190E+02     0.775190E+02     0.775190E+02     0.775190E+02     0.775190E+02     0.100000E+21
 0.356000E+04     0.158459E+03     0.160675E+03     0.165538E+03     0.167040E+03     0.167040E+03     0.167040E+03     0.213554E+03     0.213554E+03     0.211283E+03     0.163551E+03     0.163551E+03     0.166787E+03     0.168639E+03     0.170084E+03     0.168597E+03     0.167910E+03     0.154784E+03     0.154784E+03     0.154784E+03     0.154784E+03     0.154784E+03     0.158123E+03     0.168104E+03     0.171078E+03     0.174421E+03     0.166337E+03     0.150376E+03     0.150376E+03     0.150376E+03     0.150376E+03     0.150376E+03     0.150376E+03     0.119048E+03     0.119048E+03     0.116323E+03     0.116323E+03     0.122488E+03     0.139619E+03     0.185185E+03     0.169107E+03     0.147595E+03     0.142521E+03     0.136104E+03     0.127644E+03     0.126238E+03     0.124642E+03     0.128856E+03     0.126822E+03     0.124870E+03     0.122268E+03     0.131737E+03     0.141535E+03     0.143869E+03     0.162984E+03     0.165733E+03     0.158641E+03     0.146071E+03     0.145965E+03     0.133755E+03     0.121337E+03     0.119017E+03     0.114829E+03     0.113578E+03     0.112932E+03     0.118253E+03     0.117772E+03     0.123044E+03     0.115814E+03     0.115372E+03     0.110775E+03     0.110403E+03     0.115061E+03     0.114798E+03     0.112859E+03     0.111081E+03     0.109167E+03     0.108537E+03     0.108845E+03     0.110287E+03     0.110013E+03     0.109181E+03     0.107640E+03     0.105782E+03     0.105209E+03     0.104923E+03     0.105628E+03     0.105381E+03     0.105925E+03     0.105629E+03     0.105066E+03     0.991853E+02     0.925291E+02     0.922208E+02     0.849423E+02     0.795064E+02     0.819255E+02     0.861850E+02     0.858940E+02     0.821214E+02     0.825448E+02     0.818015E+02     0.828030E+02     0.823160E+02     0.828202E+02     0.799092E+02     0.793330E+02     0.775190E+02     0.775190E+02     0.775190E+02     0.775190E+02     0.775190E+02     0.775190E+02     0.775190E+02     0.775190E+02     0.775190E+02     0.775190E+02     0.775190E+02     0.775190E+02     0.775190E+02     0.775190E+02     0.775190E+02     0.775190E+02     0.775190E+02     0.775190E+02     0.775190E+02     0.100000E+21
 0.358000E+04     0.164861E+03     0.158494E+03     0.162241E+03     0.162241E+03     0.167040E+03     0.167040E+03     0.167040E+03     0.198994E+03     0.213554E+03     0.199351E+03     0.163551E+03     0.163551E+03     0.167446E+03     0.170084E+03     0.168331E+03     0.167910E+03     0.163337E+03     0.154784E+03     0.154784E+03     0.154784E+03     0.154784E+03     0.154784E+03     0.165733E+03     0.165733E+03     0.172979E+03     0.169344E+03     0.150376E+03     0.150376E+03     0.150376E+03     0.150376E+03     0.150376E+03     0.150376E+03     0.119048E+03     0.119048E+03     0.119048E+03     0.117322E+03     0.125831E+03     0.131480E+03     0.185185E+03     0.167289E+03     0.138708E+03     0.146904E+03     0.139451E+03     0.136616E+03     0.129834E+03     0.123077E+03     0.134519E+03     0.127710E+03     0.130876E+03     0.130370E+03     0.118927E+03     0.122003E+03     0.121569E+03     0.134191E+03     0.156982E+03     0.165733E+03     0.165733E+03     0.165733E+03     0.165733E+03     0.165733E+03     0.125831E+03     0.125831E+03     0.114257E+03     0.113844E+03     0.113126E+03     0.111824E+03     0.110776E+03     0.111231E+03     0.113610E+03     0.113183E+03     0.112868E+03     0.112329E+03     0.113978E+03     0.114043E+03     0.113781E+03     0.113503E+03     0.111283E+03     0.107014E+03     0.107002E+03     0.107987E+03     0.107558E+03     0.111116E+03     0.110816E+03     0.109170E+03     0.104923E+03     0.104492E+03     0.104227E+03     0.103630E+03     0.103281E+03     0.105066E+03     0.104477E+03     0.104205E+03     0.103775E+03     0.102391E+03     0.811640E+02     0.789722E+02     0.805780E+02     0.784110E+02     0.791740E+02     0.792320E+02     0.790192E+02     0.846311E+02     0.844360E+02     0.823160E+02     0.802177E+02     0.793330E+02     0.775190E+02     0.775190E+02     0.775190E+02     0.775190E+02     0.775190E+02     0.775190E+02     0.775190E+02     0.775190E+02     0.775190E+02     0.775190E+02     0.775190E+02     0.775190E+02     0.775190E+02     0.775190E+02     0.775190E+02     0.775190E+02     0.775190E+02     0.775190E+02     0.775190E+02     0.100000E+21
 0.360000E+04     0.164861E+03     0.163089E+03     0.157889E+03     0.162241E+03     0.164418E+03     0.167040E+03     0.167040E+03     0.174850E+03     0.213554E+03     0.202322E+03     0.163551E+03     0.163551E+03     0.167375E+03     0.170084E+03     0.169814E+03     0.167910E+03     0.163148E+03     0.154784E+03     0.154784E+03     0.154784E+03     0.154784E+03     0.154784E+03     0.165733E+03     0.165733E+03     0.172819E+03     0.173959E+03     0.170971E+03     0.150376E+03     0.150376E+03     0.150376E+03     0.150376E+03     0.150376E+03     0.138283E+03     0.119048E+03     0.119048E+03     0.117359E+03     0.118661E+03     0.124333E+03     0.135593E+03     0.178100E+03     0.169187E+03     0.146904E+03     0.145143E+03     0.136616E+03     0.129966E+03     0.125156E+03     0.125064E+03     0.130311E+03     0.125525E+03     0.125182E+03     0.123426E+03     0.117676E+03     0.117931E+03     0.126014E+03     0.131045E+03     0.140397E+03     0.159050E+03     0.165733E+03     0.165733E+03     0.165733E+03     0.152656E+03     0.125831E+03     0.118651E+03     0.113844E+03     0.113126E+03     0.112435E+03     0.111477E+03     0.130298E+03     0.129145E+03     0.113183E+03     0.112873E+03     0.112329E+03     0.112415E+03     0.112878E+03     0.113781E+03     0.113510E+03     0.112240E+03     0.111360E+03     0.106683E+03     0.106561E+03     0.107558E+03     0.108187E+03     0.107599E+03     0.109808E+03     0.108693E+03     0.107796E+03     0.105467E+03     0.103630E+03     0.103279E+03     0.103334E+03     0.103451E+03     0.104205E+03     0.103775E+03     0.898121E+02     0.811640E+02     0.805200E+02     0.785560E+02     0.798837E+02     0.797631E+02     0.781254E+02     0.787820E+02     0.816963E+02     0.844360E+02     0.836836E+02     0.820196E+02     0.793330E+02     0.775190E+02     0.775190E+02     0.775190E+02     0.775190E+02     0.775190E+02     0.775190E+02     0.775190E+02     0.775190E+02     0.775190E+02     0.775190E+02     0.775190E+02     0.775190E+02     0.775190E+02     0.775190E+02     0.775190E+02     0.775190E+02     0.775190E+02     0.775190E+02     0.775190E+02     0.100000E+21
 0.362000E+04     0.164861E+03     0.164861E+03     0.162532E+03     0.154784E+03     0.162241E+03     0.162241E+03     0.167040E+03     0.167040E+03     0.167040E+03     0.206346E+03     0.163551E+03     0.163551E+03     0.163551E+03     0.170084E+03     0.170084E+03     0.167910E+03     0.163413E+03     0.154784E+03     0.154784E+03     0.154784E+03     0.154784E+03     0.154784E+03     0.159203E+03     0.165733E+03     0.165733E+03     0.176580E+03     0.176580E+03     0.150376E+03     0.150376E+03     0.150376E+03     0.150376E+03     0.150376E+03     0.144309E+03     0.119048E+03     0.119048E+03     0.117311E+03     0.116323E+03     0.125290E+03     0.119048E+03     0.185185E+03     0.185185E+03     0.138011E+03     0.144824E+03     0.145519E+03     0.138644E+03     0.126237E+03     0.125532E+03     0.122758E+03     0.133119E+03     0.132568E+03     0.122467E+03     0.122003E+03     0.125738E+03     0.114965E+03     0.114430E+03     0.120084E+03     0.122976E+03     0.156982E+03     0.162911E+03     0.165733E+03     0.165733E+03     0.165733E+03     0.148915E+03     0.125831E+03     0.125831E+03     0.139214E+03     0.147203E+03     0.142803E+03     0.137352E+03     0.135531E+03     0.134144E+03     0.112329E+03     0.112007E+03     0.111308E+03     0.111044E+03     0.112559E+03     0.112836E+03     0.112499E+03     0.111950E+03     0.111643E+03     0.105725E+03     0.105173E+03     0.104865E+03     0.106196E+03     0.105840E+03     0.109531E+03     0.109266E+03     0.103630E+03     0.103234E+03     0.102769E+03     0.839590E+02     0.876410E+02     0.873500E+02     0.871154E+02     0.811640E+02     0.809511E+02     0.805780E+02     0.775190E+02     0.775190E+02     0.797000E+02     0.794627E+02     0.777890E+02     0.783520E+02     0.781772E+02     0.826712E+02     0.793330E+02     0.775190E+02     0.775190E+02     0.775190E+02     0.775190E+02     0.775190E+02     0.775190E+02     0.775190E+02     0.775190E+02     0.775190E+02     0.775190E+02     0.775190E+02     0.775190E+02     0.775190E+02     0.775190E+02     0.775190E+02     0.775190E+02     0.775190E+02     0.775190E+02     0.775190E+02     0.100000E+21
 0.364000E+04     0.164861E+03     0.164861E+03     0.161794E+03     0.154784E+03     0.162241E+03     0.162241E+03     0.167040E+03     0.167040E+03     0.167040E+03     0.201617E+03     0.163551E+03     0.163551E+03     0.163551E+03     0.170084E+03     0.170084E+03     0.167910E+03     0.163062E+03     0.154784E+03     0.154784E+03     0.154784E+03     0.154784E+03     0.154784E+03     0.159376E+03     0.165733E+03     0.165733E+03     0.176580E+03     0.176580E+03     0.150376E+03     0.150376E+03     0.150376E+03     0.150376E+03     0.150376E+03     0.142130E+03     0.119048E+03     0.119048E+03     0.117374E+03     0.116323E+03     0.124371E+03     0.119048E+03     0.185185E+03     0.185185E+03     0.138011E+03     0.144159E+03     0.145519E+03     0.139028E+03     0.126237E+03     0.125532E+03     0.122911E+03     0.133119E+03     0.132629E+03     0.122448E+03     0.122003E+03     0.125622E+03     0.114921E+03     0.114430E+03     0.120282E+03     0.122976E+03     0.156982E+03     0.162642E+03     0.165733E+03     0.165733E+03     0.165733E+03     0.148404E+03     0.125831E+03     0.125831E+03     0.137544E+03     0.147203E+03     0.142555E+03     0.137352E+03     0.135531E+03     0.134239E+03     0.112329E+03     0.112033E+03     0.111300E+03     0.111044E+03     0.112498E+03     0.112798E+03     0.112499E+03     0.111933E+03     0.111643E+03     0.105725E+03     0.105156E+03     0.104865E+03     0.106162E+03     0.105840E+03     0.109531E+03     0.109274E+03     0.103630E+03     0.103293E+03     0.102769E+03     0.840919E+02     0.876410E+02     0.873500E+02     0.871356E+02     0.811640E+02     0.809644E+02     0.805780E+02     0.775190E+02     0.775190E+02     0.797000E+02     0.794943E+02     0.778144E+02     0.783520E+02     0.781819E+02     0.824338E+02     0.793330E+02     0.775190E+02     0.775190E+02     0.775190E+02     0.775190E+02     0.775190E+02     0.775190E+02     0.775190E+02     0.775190E+02     0.775190E+02     0.775190E+02     0.775190E+02     0.775190E+02     0.775190E+02     0.775190E+02     0.775190E+02     0.775190E+02     0.775190E+02     0.775190E+02     0.775190E+02     0.100000E+21
 0.366000E+04     0.195003E+03     0.184809E+03     0.162822E+03     0.158946E+03     0.160297E+03     0.162241E+03     0.164905E+03     0.166194E+03     0.167040E+03     0.185235E+03     0.163551E+03     0.163551E+03     0.163551E+03     0.170084E+03     0.170084E+03     0.168808E+03     0.167910E+03     0.167910E+03     0.154784E+03     0.154784E+03     0.154784E+03     0.154784E+03     0.159572E+03     0.165733E+03     0.165733E+03     0.176580E+03     0.176580E+03     0.157099E+03     0.150376E+03     0.150376E+03     0.150376E+03     0.150376E+03     0.139990E+03     0.119048E+03     0.119048E+03     0.118124E+03     0.116323E+03     0.122176E+03     0.121855E+03     0.147093E+03     0.185185E+03     0.185185E+03     0.156457E+03     0.145519E+03     0.145082E+03     0.135218E+03     0.125532E+03     0.125087E+03     0.122267E+03     0.122257E+03     0.127497E+03     0.127301E+03     0.125884E+03     0.126497E+03     0.123864E+03     0.119698E+03     0.121266E+03     0.115323E+03     0.117941E+03     0.140204E+03     0.152141E+03     0.162108E+03     0.154134E+03     0.140556E+03     0.111090E+03     0.125784E+03     0.141041E+03     0.139483E+03     0.140015E+03     0.138110E+03     0.137009E+03     0.131881E+03     0.123901E+03     0.115404E+03     0.111044E+03     0.110788E+03     0.110586E+03     0.111365E+03     0.111204E+03     0.111643E+03     0.111216E+03     0.110629E+03     0.110359E+03     0.106605E+03     0.106281E+03     0.106022E+03     0.107129E+03     0.105119E+03     0.953850E+02     0.896898E+02     0.799238E+02     0.805313E+02     0.848392E+02     0.862046E+02     0.867670E+02     0.865845E+02     0.830635E+02     0.802860E+02     0.801047E+02     0.784245E+02     0.778974E+02     0.785947E+02     0.788210E+02     0.783328E+02     0.782854E+02     0.793330E+02     0.775190E+02     0.775190E+02     0.775190E+02     0.775190E+02     0.775190E+02     0.775190E+02     0.775190E+02     0.775190E+02     0.775190E+02     0.775190E+02     0.775190E+02     0.775190E+02     0.775190E+02     0.775190E+02     0.775190E+02     0.775190E+02     0.775190E+02     0.775190E+02     0.775190E+02     0.100000E+21
 0.368000E+04     0.195003E+03     0.195003E+03     0.187922E+03     0.164861E+03     0.162213E+03     0.154784E+03     0.162241E+03     0.162241E+03     0.167040E+03     0.166516E+03     0.163551E+03     0.163551E+03     0.163551E+03     0.163551E+03     0.169382E+03     0.170084E+03     0.167910E+03     0.167910E+03     0.154784E+03     0.154784E+03     0.154784E+03     0.154784E+03     0.154784E+03     0.154784E+03     0.162180E+03     0.167884E+03     0.176580E+03     0.168607E+03     0.150376E+03     0.150376E+03     0.150376E+03     0.150376E+03     0.150376E+03     0.150376E+03     0.119048E+03     0.119048E+03     0.116323E+03     0.117219E+03     0.125831E+03     0.144334E+03     0.185185E+03     0.185185E+03     0.185185E+03     0.136616E+03     0.142487E+03     0.144132E+03     0.134519E+03     0.127577E+03     0.124122E+03     0.123570E+03     0.120389E+03     0.122003E+03     0.121567E+03     0.122669E+03     0.128910E+03     0.125856E+03     0.118463E+03     0.124545E+03     0.124068E+03     0.110867E+03     0.110470E+03     0.112636E+03     0.118153E+03     0.124827E+03     0.124122E+03     0.109613E+03     0.106780E+03     0.120350E+03     0.140029E+03     0.138212E+03     0.133434E+03     0.138145E+03     0.136779E+03     0.127514E+03     0.126383E+03     0.125178E+03     0.110095E+03     0.109760E+03     0.109209E+03     0.108902E+03     0.108474E+03     0.109362E+03     0.105782E+03     0.105278E+03     0.104923E+03     0.104492E+03     0.104226E+03     0.105925E+03     0.105536E+03     0.103688E+03     0.955633E+02     0.820410E+02     0.789380E+02     0.805853E+02     0.806950E+02     0.848888E+02     0.861850E+02     0.858940E+02     0.856908E+02     0.797000E+02     0.794651E+02     0.785971E+02     0.775190E+02     0.775190E+02     0.785240E+02     0.793330E+02     0.775190E+02     0.775190E+02     0.775190E+02     0.775190E+02     0.775190E+02     0.775190E+02     0.775190E+02     0.775190E+02     0.775190E+02     0.775190E+02     0.775190E+02     0.775190E+02     0.775190E+02     0.775190E+02     0.775190E+02     0.775190E+02     0.775190E+02     0.775190E+02     0.775190E+02     0.100000E+21
 0.370000E+04     0.195003E+03     0.195003E+03     0.190688E+03     0.185502E+03     0.163395E+03     0.161644E+03     0.157691E+03     0.160726E+03     0.163769E+03     0.166063E+03     0.163551E+03     0.163551E+03     0.163551E+03     0.163551E+03     0.168347E+03     0.170084E+03     0.167910E+03     0.167910E+03     0.163668E+03     0.157048E+03     0.154784E+03     0.154784E+03     0.154784E+03     0.154784E+03     0.161660E+03     0.169441E+03     0.176580E+03     0.167185E+03     0.150376E+03     0.150376E+03     0.150376E+03     0.150376E+03     0.150376E+03     0.150376E+03     0.119048E+03     0.119048E+03     0.116323E+03     0.118802E+03     0.125831E+03     0.130459E+03     0.144821E+03     0.185185E+03     0.185185E+03     0.136616E+03     0.138000E+03     0.144132E+03     0.135454E+03     0.132463E+03     0.124122E+03     0.123657E+03     0.121073E+03     0.119828E+03     0.119624E+03     0.121654E+03     0.122719E+03     0.122423E+03     0.124600E+03     0.125919E+03     0.121722E+03     0.113965E+03     0.113444E+03     0.113556E+03     0.114354E+03     0.116468E+03     0.115873E+03     0.118603E+03     0.117606E+03     0.112334E+03     0.118896E+03     0.118744E+03     0.130904E+03     0.132619E+03     0.131610E+03     0.131354E+03     0.130698E+03     0.126650E+03     0.118172E+03     0.117341E+03     0.109183E+03     0.108902E+03     0.107914E+03     0.110245E+03     0.109222E+03     0.105228E+03     0.104923E+03     0.104492E+03     0.104239E+03     0.104377E+03     0.105281E+03     0.104619E+03     0.100133E+03     0.947073E+02     0.808354E+02     0.810762E+02     0.790905E+02     0.812724E+02     0.861850E+02     0.858940E+02     0.857067E+02     0.835166E+02     0.806345E+02     0.787982E+02     0.784114E+02     0.782143E+02     0.782830E+02     0.793330E+02     0.775190E+02     0.775190E+02     0.775190E+02     0.775190E+02     0.775190E+02     0.775190E+02     0.775190E+02     0.775190E+02     0.775190E+02     0.775190E+02     0.775190E+02     0.775190E+02     0.775190E+02     0.775190E+02     0.775190E+02     0.775190E+02     0.775190E+02     0.775190E+02     0.775190E+02     0.100000E+21
 0.372000E+04     0.185185E+03     0.191372E+03     0.195003E+03     0.195003E+03     0.164861E+03     0.164861E+03     0.164861E+03     0.157900E+03     0.162241E+03     0.166486E+03     0.163551E+03     0.163551E+03     0.163551E+03     0.163551E+03     0.169303E+03     0.170084E+03     0.167910E+03     0.167910E+03     0.167910E+03     0.157756E+03     0.154784E+03     0.154784E+03     0.154784E+03     0.154784E+03     0.162110E+03     0.167970E+03     0.176580E+03     0.168432E+03     0.150376E+03     0.150376E+03     0.150376E+03     0.150376E+03     0.150376E+03     0.150376E+03     0.119048E+03     0.119048E+03     0.116323E+03     0.117352E+03     0.125831E+03     0.123204E+03     0.119048E+03     0.185185E+03     0.185185E+03     0.185185E+03     0.150282E+03     0.135218E+03     0.135889E+03     0.135889E+03     0.133119E+03     0.132576E+03     0.122462E+03     0.122003E+03     0.119632E+03     0.118046E+03     0.119881E+03     0.118996E+03     0.118463E+03     0.117754E+03     0.115574E+03     0.114504E+03     0.114616E+03     0.114003E+03     0.112988E+03     0.112578E+03     0.110496E+03     0.109881E+03     0.110440E+03     0.121770E+03     0.121296E+03     0.104630E+03     0.104091E+03     0.108090E+03     0.126432E+03     0.128851E+03     0.132676E+03     0.131489E+03     0.122290E+03     0.120860E+03     0.106992E+03     0.107987E+03     0.107558E+03     0.108204E+03     0.110816E+03     0.110310E+03     0.109960E+03     0.104492E+03     0.104228E+03     0.103630E+03     0.103247E+03     0.105066E+03     0.104477E+03     0.104205E+03     0.103775E+03     0.102334E+03     0.811640E+02     0.809534E+02     0.801100E+02     0.798180E+02     0.838035E+02     0.853110E+02     0.850800E+02     0.827734E+02     0.788210E+02     0.786475E+02     0.785308E+02     0.793330E+02     0.775190E+02     0.775190E+02     0.775190E+02     0.775190E+02     0.775190E+02     0.775190E+02     0.775190E+02     0.775190E+02     0.775190E+02     0.775190E+02     0.775190E+02     0.775190E+02     0.775190E+02     0.775190E+02     0.775190E+02     0.775190E+02     0.775190E+02     0.775190E+02     0.775190E+02     0.100000E+21
 0.374000E+04     0.185185E+03     0.187230E+03     0.195003E+03     0.195003E+03     0.181207E+03     0.164861E+03     0.164861E+03     0.162850E+03     0.162241E+03     0.163077E+03     0.163551E+03     0.163551E+03     0.163551E+03     0.163551E+03     0.164230E+03     0.170084E+03     0.168877E+03     0.167910E+03     0.167910E+03     0.157756E+03     0.154784E+03     0.154784E+03     0.154784E+03     0.154784E+03     0.162110E+03     0.167970E+03     0.176580E+03     0.173003E+03     0.171335E+03     0.150376E+03     0.150376E+03     0.150376E+03     0.150376E+03     0.150376E+03     0.119048E+03     0.119048E+03     0.118289E+03     0.116798E+03     0.119051E+03     0.123204E+03     0.119048E+03     0.138199E+03     0.178641E+03     0.185185E+03     0.150282E+03     0.135218E+03     0.134823E+03     0.135667E+03     0.135426E+03     0.135154E+03     0.126451E+03     0.122003E+03     0.120908E+03     0.119430E+03     0.117206E+03     0.117178E+03     0.118463E+03     0.115780E+03     0.114971E+03     0.114504E+03     0.114460E+03     0.114003E+03     0.112988E+03     0.112578E+03     0.111462E+03     0.109983E+03     0.109414E+03     0.113113E+03     0.113833E+03     0.116469E+03     0.115414E+03     0.103969E+03     0.110951E+03     0.128848E+03     0.125893E+03     0.126286E+03     0.114954E+03     0.113898E+03     0.106695E+03     0.106561E+03     0.106437E+03     0.107533E+03     0.107575E+03     0.110310E+03     0.109960E+03     0.107562E+03     0.105350E+03     0.103630E+03     0.103247E+03     0.103408E+03     0.103504E+03     0.104205E+03     0.103775E+03     0.103214E+03     0.976396E+02     0.949952E+02     0.803979E+02     0.779792E+02     0.804299E+02     0.853110E+02     0.850800E+02     0.838218E+02     0.834307E+02     0.821290E+02     0.785308E+02     0.793330E+02     0.775190E+02     0.775190E+02     0.775190E+02     0.775190E+02     0.775190E+02     0.775190E+02     0.775190E+02     0.775190E+02     0.775190E+02     0.775190E+02     0.775190E+02     0.775190E+02     0.775190E+02     0.775190E+02     0.775190E+02     0.775190E+02     0.775190E+02     0.775190E+02     0.775190E+02     0.100000E+21
 0.376000E+04     0.185185E+03     0.185185E+03     0.195003E+03     0.195003E+03     0.189357E+03     0.174483E+03     0.164861E+03     0.164861E+03     0.159867E+03     0.162443E+03     0.163123E+03     0.163551E+03     0.163551E+03     0.163551E+03     0.163551E+03     0.170084E+03     0.169248E+03     0.167910E+03     0.167910E+03     0.158843E+03     0.154784E+03     0.154784E+03     0.154784E+03     0.154784E+03     0.159375E+03     0.167912E+03     0.173111E+03     0.176580E+03     0.176580E+03     0.150376E+03     0.150376E+03     0.150376E+03     0.150376E+03     0.150376E+03     0.131285E+03     0.124314E+03     0.119048E+03     0.116323E+03     0.116323E+03     0.123032E+03     0.119048E+03     0.119048E+03     0.169940E+03     0.185185E+03     0.163193E+03     0.135218E+03     0.134519E+03     0.134986E+03     0.135889E+03     0.135889E+03     0.130319E+03     0.124836E+03     0.123147E+03     0.119722E+03     0.117703E+03     0.115921E+03     0.117191E+03     0.114504E+03     0.114504E+03     0.114504E+03     0.114429E+03     0.114167E+03     0.113225E+03     0.112578E+03     0.111866E+03     0.110623E+03     0.109508E+03     0.108379E+03     0.108475E+03     0.116199E+03     0.115656E+03     0.108217E+03     0.107306E+03     0.120914E+03     0.120325E+03     0.119270E+03     0.112781E+03     0.112499E+03     0.108398E+03     0.107896E+03     0.105725E+03     0.106601E+03     0.106699E+03     0.109436E+03     0.109960E+03     0.109531E+03     0.107365E+03     0.103630E+03     0.103312E+03     0.102769E+03     0.102696E+03     0.103307E+03     0.103775E+03     0.103473E+03     0.101968E+03     0.101734E+03     0.883398E+02     0.783925E+02     0.793310E+02     0.833669E+02     0.831525E+02     0.846194E+02     0.844360E+02     0.842690E+02     0.797243E+02     0.793330E+02     0.775190E+02     0.775190E+02     0.775190E+02     0.775190E+02     0.775190E+02     0.775190E+02     0.775190E+02     0.775190E+02     0.775190E+02     0.775190E+02     0.775190E+02     0.775190E+02     0.775190E+02     0.775190E+02     0.775190E+02     0.775190E+02     0.775190E+02     0.775190E+02     0.775190E+02     0.100000E+21
 0.378000E+04     0.185185E+03     0.185185E+03     0.189221E+03     0.195003E+03     0.195003E+03     0.195003E+03     0.182281E+03     0.169791E+03     0.162200E+03     0.157046E+03     0.162241E+03     0.163551E+03     0.163551E+03     0.163551E+03     0.163551E+03     0.170084E+03     0.169339E+03     0.167910E+03     0.167910E+03     0.165288E+03     0.154784E+03     0.154784E+03     0.154784E+03     0.154784E+03     0.154784E+03     0.165733E+03     0.165733E+03     0.176580E+03     0.176580E+03     0.150376E+03     0.150376E+03     0.150376E+03     0.150376E+03     0.150376E+03     0.150376E+03     0.130409E+03     0.119048E+03     0.116323E+03     0.116323E+03     0.123238E+03     0.119048E+03     0.119048E+03     0.189509E+03     0.199750E+03     0.188124E+03     0.164214E+03     0.172536E+03     0.141760E+03     0.133611E+03     0.135556E+03     0.135126E+03     0.135057E+03     0.129505E+03     0.126274E+03     0.124852E+03     0.114504E+03     0.114504E+03     0.114504E+03     0.114504E+03     0.114504E+03     0.114504E+03     0.114504E+03     0.114145E+03     0.113703E+03     0.113620E+03     0.111421E+03     0.110440E+03     0.108973E+03     0.108430E+03     0.106923E+03     0.106669E+03     0.108889E+03     0.110241E+03     0.110179E+03     0.111044E+03     0.111406E+03     0.112834E+03     0.112499E+03     0.111950E+03     0.111643E+03     0.108911E+03     0.105413E+03     0.105303E+03     0.105328E+03     0.107197E+03     0.107149E+03     0.108398E+03     0.107027E+03     0.107531E+03     0.102769E+03     0.102182E+03     0.101907E+03     0.102215E+03     0.103188E+03     0.102913E+03     0.102600E+03     0.101476E+03     0.968723E+02     0.928179E+02     0.796051E+02     0.793570E+02     0.808703E+02     0.795348E+02     0.828999E+02     0.826627E+02     0.793330E+02     0.775190E+02     0.775190E+02     0.775190E+02     0.775190E+02     0.775190E+02     0.775190E+02     0.775190E+02     0.775190E+02     0.775190E+02     0.775190E+02     0.775190E+02     0.775190E+02     0.775190E+02     0.775190E+02     0.775190E+02     0.775190E+02     0.775190E+02     0.775190E+02     0.775190E+02     0.100000E+21
 0.380000E+04     0.180132E+03     0.183269E+03     0.186878E+03     0.189240E+03     0.195003E+03     0.195003E+03     0.195003E+03     0.176259E+03     0.164861E+03     0.160087E+03     0.157872E+03     0.163551E+03     0.163551E+03     0.163551E+03     0.163551E+03     0.170084E+03     0.169681E+03     0.169116E+03     0.167910E+03     0.167910E+03     0.154784E+03     0.154784E+03     0.154784E+03     0.154784E+03     0.154784E+03     0.165733E+03     0.165733E+03     0.176580E+03     0.176580E+03     0.164964E+03     0.150376E+03     0.150376E+03     0.150376E+03     0.150376E+03     0.150376E+03     0.131958E+03     0.119048E+03     0.116323E+03     0.116323E+03     0.124510E+03     0.122814E+03     0.119048E+03     0.176706E+03     0.204316E+03     0.199384E+03     0.185185E+03     0.185185E+03     0.171897E+03     0.133119E+03     0.133536E+03     0.135889E+03     0.135889E+03     0.134520E+03     0.141800E+03     0.125831E+03     0.118907E+03     0.114504E+03     0.114504E+03     0.114504E+03     0.114504E+03     0.114504E+03     0.114504E+03     0.114504E+03     0.114504E+03     0.114504E+03     0.113600E+03     0.112826E+03     0.109447E+03     0.109011E+03     0.107729E+03     0.117400E+03     0.121564E+03     0.115042E+03     0.111291E+03     0.111044E+03     0.110788E+03     0.111173E+03     0.110894E+03     0.111913E+03     0.111643E+03     0.111216E+03     0.107179E+03     0.104865E+03     0.104576E+03     0.104764E+03     0.104391E+03     0.105754E+03     0.108674E+03     0.108374E+03     0.105729E+03     0.102160E+03     0.101907E+03     0.101476E+03     0.101798E+03     0.101560E+03     0.102185E+03     0.102051E+03     0.101619E+03     0.100997E+03     0.920138E+02     0.912273E+02     0.787962E+02     0.786278E+02     0.797727E+02     0.798882E+02     0.793330E+02     0.775190E+02     0.775190E+02     0.775190E+02     0.775190E+02     0.775190E+02     0.775190E+02     0.775190E+02     0.775190E+02     0.775190E+02     0.775190E+02     0.775190E+02     0.775190E+02     0.775190E+02     0.775190E+02     0.775190E+02     0.775190E+02     0.775190E+02     0.775190E+02     0.775190E+02     0.100000E+21
 0.382000E+04     0.176580E+03     0.181856E+03     0.185185E+03     0.185185E+03     0.195003E+03     0.195003E+03     0.195003E+03     0.195003E+03     0.164861E+03     0.162455E+03     0.154784E+03     0.163551E+03     0.163551E+03     0.163551E+03     0.163551E+03     0.163551E+03     0.170084E+03     0.170084E+03     0.167910E+03     0.167910E+03     0.154784E+03     0.154784E+03     0.154784E+03     0.154784E+03     0.154784E+03     0.158048E+03     0.165733E+03     0.169405E+03     0.176580E+03     0.176580E+03     0.150376E+03     0.150376E+03     0.150376E+03     0.150376E+03     0.150376E+03     0.131126E+03     0.119048E+03     0.116323E+03     0.116323E+03     0.125831E+03     0.125831E+03     0.119048E+03     0.168631E+03     0.185185E+03     0.198117E+03     0.204316E+03     0.185185E+03     0.185185E+03     0.185185E+03     0.148283E+03     0.144328E+03     0.165733E+03     0.165733E+03     0.165733E+03     0.165733E+03     0.154088E+03     0.125831E+03     0.125831E+03     0.118505E+03     0.114504E+03     0.114504E+03     0.114504E+03     0.114504E+03     0.114504E+03     0.114504E+03     0.114504E+03     0.114504E+03     0.124777E+03     0.143588E+03     0.135531E+03     0.134239E+03     0.131881E+03     0.130616E+03     0.111300E+03     0.111044E+03     0.110775E+03     0.110059E+03     0.109760E+03     0.109193E+03     0.108902E+03     0.111216E+03     0.110649E+03     0.110359E+03     0.108447E+03     0.104004E+03     0.103574E+03     0.103316E+03     0.104550E+03     0.104212E+03     0.107816E+03     0.107221E+03     0.106957E+03     0.101476E+03     0.101158E+03     0.100612E+03     0.100318E+03     0.102051E+03     0.101619E+03     0.101334E+03     0.100756E+03     0.100453E+03     0.992481E+02     0.980760E+02     0.867263E+02     0.780883E+02     0.793330E+02     0.775190E+02     0.775190E+02     0.775190E+02     0.775190E+02     0.775190E+02     0.775190E+02     0.775190E+02     0.775190E+02     0.775190E+02     0.775190E+02     0.775190E+02     0.775190E+02     0.775190E+02     0.775190E+02     0.775190E+02     0.775190E+02     0.775190E+02     0.775190E+02     0.775190E+02     0.100000E+21
 0.384000E+04     0.176580E+03     0.178574E+03     0.185185E+03     0.185185E+03     0.189856E+03     0.195003E+03     0.195003E+03     0.195003E+03     0.187339E+03     0.164178E+03     0.161557E+03     0.163551E+03     0.163551E+03     0.163551E+03     0.163551E+03     0.163551E+03     0.170084E+03     0.170084E+03     0.167910E+03     0.167910E+03     0.165771E+03     0.156658E+03     0.154784E+03     0.154784E+03     0.154784E+03     0.156867E+03     0.165733E+03     0.169027E+03     0.176580E+03     0.176580E+03     0.150376E+03     0.150376E+03     0.150376E+03     0.150376E+03     0.150376E+03     0.130405E+03     0.119048E+03     0.116323E+03     0.116323E+03     0.125831E+03     0.125831E+03     0.119048E+03     0.167379E+03     0.185185E+03     0.189387E+03     0.204316E+03     0.199751E+03     0.197601E+03     0.185185E+03     0.177118E+03     0.152505E+03     0.158268E+03     0.160503E+03     0.165733E+03     0.165733E+03     0.161299E+03     0.154338E+03     0.148974E+03     0.130249E+03     0.122690E+03     0.114504E+03     0.114504E+03     0.114504E+03     0.114504E+03     0.114504E+03     0.114504E+03     0.114504E+03     0.134144E+03     0.143588E+03     0.139993E+03     0.134947E+03     0.131881E+03     0.130503E+03     0.121017E+03     0.124129E+03     0.113657E+03     0.110097E+03     0.109760E+03     0.109210E+03     0.108902E+03     0.109615E+03     0.109305E+03     0.110359E+03     0.109422E+03     0.107726E+03     0.103574E+03     0.103308E+03     0.103300E+03     0.102544E+03     0.104968E+03     0.107230E+03     0.106957E+03     0.104938E+03     0.104815E+03     0.100612E+03     0.100298E+03     0.100699E+03     0.997963E+02     0.100939E+03     0.100756E+03     0.100407E+03     0.995480E+02     0.992164E+02     0.942514E+02     0.886402E+02     0.793330E+02     0.775190E+02     0.775190E+02     0.775190E+02     0.775190E+02     0.775190E+02     0.775190E+02     0.775190E+02     0.775190E+02     0.775190E+02     0.775190E+02     0.775190E+02     0.775190E+02     0.775190E+02     0.775190E+02     0.775190E+02     0.775190E+02     0.775190E+02     0.775190E+02     0.775190E+02     0.100000E+21
 0.386000E+04     0.193727E+03     0.183124E+03     0.178996E+03     0.185185E+03     0.188070E+03     0.195003E+03     0.195003E+03     0.195003E+03     0.195003E+03     0.164861E+03     0.164861E+03     0.163551E+03     0.163551E+03     0.163551E+03     0.163551E+03     0.163551E+03     0.170084E+03     0.170084E+03     0.167910E+03     0.167910E+03     0.167910E+03     0.158683E+03     0.154784E+03     0.154784E+03     0.154784E+03     0.157702E+03     0.165733E+03     0.169304E+03     0.176580E+03     0.176580E+03     0.150376E+03     0.150376E+03     0.150376E+03     0.150376E+03     0.150376E+03     0.130959E+03     0.119048E+03     0.116323E+03     0.116323E+03     0.125831E+03     0.125831E+03     0.119048E+03     0.119048E+03     0.175284E+03     0.175284E+03     0.185185E+03     0.185185E+03     0.198356E+03     0.204316E+03     0.174683E+03     0.163551E+03     0.163551E+03     0.159602E+03     0.156982E+03     0.156982E+03     0.165733E+03     0.165733E+03     0.165733E+03     0.165733E+03     0.165733E+03     0.125831E+03     0.125831E+03     0.114504E+03     0.114504E+03     0.114504E+03     0.108898E+03     0.106780E+03     0.121004E+03     0.140029E+03     0.133741E+03     0.138244E+03     0.138145E+03     0.132389E+03     0.127487E+03     0.126383E+03     0.125215E+03     0.119169E+03     0.109760E+03     0.109197E+03     0.108902E+03     0.108474E+03     0.107911E+03     0.107615E+03     0.107711E+03     0.109503E+03     0.109074E+03     0.108816E+03     0.102712E+03     0.102360E+03     0.101849E+03     0.101953E+03     0.102826E+03     0.106528E+03     0.106202E+03     0.105668E+03     0.101854E+03     0.997490E+02     0.993160E+02     0.990262E+02     0.984510E+02     0.998256E+02     0.997422E+02     0.994600E+02     0.992083E+02     0.928737E+02     0.793330E+02     0.775190E+02     0.775190E+02     0.775190E+02     0.775190E+02     0.775190E+02     0.775190E+02     0.775190E+02     0.775190E+02     0.775190E+02     0.775190E+02     0.775190E+02     0.775190E+02     0.775190E+02     0.775190E+02     0.775190E+02     0.775190E+02     0.775190E+02     0.775190E+02     0.775190E+02     0.100000E+21
 0.388000E+04     0.193727E+03     0.182892E+03     0.178999E+03     0.185185E+03     0.186521E+03     0.189119E+03     0.195003E+03     0.195003E+03     0.195003E+03     0.180142E+03     0.164861E+03     0.163551E+03     0.163551E+03     0.163551E+03     0.163551E+03     0.163551E+03     0.170084E+03     0.170084E+03     0.169187E+03     0.168189E+03     0.167910E+03     0.158582E+03     0.154784E+03     0.154784E+03     0.154784E+03     0.156221E+03     0.158982E+03     0.167378E+03     0.169940E+03     0.176580E+03     0.161412E+03     0.150376E+03     0.150376E+03     0.150376E+03     0.150376E+03     0.130532E+03     0.119048E+03     0.117781E+03     0.116323E+03     0.122581E+03     0.125831E+03     0.122981E+03     0.119823E+03     0.175284E+03     0.175284E+03     0.179877E+03     0.179187E+03     0.189208E+03     0.154536E+03     0.144831E+03     0.148514E+03     0.163551E+03     0.161760E+03     0.159872E+03     0.156982E+03     0.160648E+03     0.160544E+03     0.165733E+03     0.165733E+03     0.165733E+03     0.150667E+03     0.148880E+03     0.120597E+03     0.120597E+03     0.112980E+03     0.116904E+03     0.106780E+03     0.113587E+03     0.124119E+03     0.136392E+03     0.135345E+03     0.133130E+03     0.133922E+03     0.129650E+03     0.126383E+03     0.125188E+03     0.120720E+03     0.116650E+03     0.113200E+03     0.108902E+03     0.108474E+03     0.107916E+03     0.107615E+03     0.107389E+03     0.107911E+03     0.107604E+03     0.108258E+03     0.105910E+03     0.105836E+03     0.101849E+03     0.101583E+03     0.101843E+03     0.104119E+03     0.105699E+03     0.105668E+03     0.103924E+03     0.102470E+03     0.993160E+02     0.990199E+02     0.984510E+02     0.987334E+02     0.988664E+02     0.994600E+02     0.992037E+02     0.930217E+02     0.793330E+02     0.775190E+02     0.775190E+02     0.775190E+02     0.775190E+02     0.775190E+02     0.775190E+02     0.775190E+02     0.775190E+02     0.775190E+02     0.775190E+02     0.775190E+02     0.775190E+02     0.775190E+02     0.775190E+02     0.775190E+02     0.775190E+02     0.775190E+02     0.775190E+02     0.775190E+02     0.100000E+21
 0.390000E+04     0.185277E+03     0.185113E+03     0.178245E+03     0.180944E+03     0.185185E+03     0.185185E+03     0.195003E+03     0.195003E+03     0.195003E+03     0.190050E+03     0.179716E+03     0.163551E+03     0.163551E+03     0.163551E+03     0.163551E+03     0.163551E+03     0.168168E+03     0.170084E+03     0.170084E+03     0.168669E+03     0.167910E+03     0.159772E+03     0.154784E+03     0.154784E+03     0.154784E+03     0.154784E+03     0.154784E+03     0.165733E+03     0.165733E+03     0.176580E+03     0.166663E+03     0.150376E+03     0.150376E+03     0.150376E+03     0.150376E+03     0.132094E+03     0.119048E+03     0.118200E+03     0.116323E+03     0.120390E+03     0.125831E+03     0.125831E+03     0.121313E+03     0.147576E+03     0.164732E+03     0.175284E+03     0.150770E+03     0.155691E+03     0.127451E+03     0.123353E+03     0.130917E+03     0.143078E+03     0.142784E+03     0.149234E+03     0.160219E+03     0.160226E+03     0.160219E+03     0.161398E+03     0.161405E+03     0.165733E+03     0.165733E+03     0.165733E+03     0.119461E+03     0.119268E+03     0.111191E+03     0.115400E+03     0.114629E+03     0.111510E+03     0.107822E+03     0.121664E+03     0.120891E+03     0.132295E+03     0.132339E+03     0.130080E+03     0.129484E+03     0.128408E+03     0.121990E+03     0.120860E+03     0.116759E+03     0.112973E+03     0.111860E+03     0.107883E+03     0.107615E+03     0.107043E+03     0.106757E+03     0.106327E+03     0.106877E+03     0.108216E+03     0.107920E+03     0.104564E+03     0.102825E+03     0.100986E+03     0.101489E+03     0.103184E+03     0.103631E+03     0.104622E+03     0.104808E+03     0.101810E+03     0.101553E+03     0.984510E+02     0.981879E+02     0.978738E+02     0.983233E+02     0.980759E+02     0.912764E+02     0.793330E+02     0.775190E+02     0.775190E+02     0.775190E+02     0.775190E+02     0.775190E+02     0.775190E+02     0.775190E+02     0.775190E+02     0.775190E+02     0.775190E+02     0.775190E+02     0.775190E+02     0.775190E+02     0.775190E+02     0.775190E+02     0.775190E+02     0.775190E+02     0.775190E+02     0.775190E+02     0.100000E+21
 0.392000E+04     0.176580E+03     0.186779E+03     0.184036E+03     0.176580E+03     0.185185E+03     0.185185E+03     0.189191E+03     0.193002E+03     0.195003E+03     0.195003E+03     0.195003E+03     0.163551E+03     0.163551E+03     0.163551E+03     0.163551E+03     0.163551E+03     0.166106E+03     0.170084E+03     0.170084E+03     0.168611E+03     0.167910E+03     0.159446E+03     0.154784E+03     0.154784E+03     0.154784E+03     0.154784E+03     0.154784E+03     0.165733E+03     0.165733E+03     0.176580E+03     0.167257E+03     0.150376E+03     0.150376E+03     0.150376E+03     0.150376E+03     0.131707E+03     0.119048E+03     0.118290E+03     0.116323E+03     0.120291E+03     0.125831E+03     0.125831E+03     0.121109E+03     0.119048E+03     0.159375E+03     0.151520E+03     0.131371E+03     0.132143E+03     0.126496E+03     0.126536E+03     0.123836E+03     0.118460E+03     0.118329E+03     0.127104E+03     0.135125E+03     0.143893E+03     0.163551E+03     0.160866E+03     0.158373E+03     0.160063E+03     0.132777E+03     0.132423E+03     0.112974E+03     0.112578E+03     0.111378E+03     0.110509E+03     0.114760E+03     0.114192E+03     0.114777E+03     0.114963E+03     0.108171E+03     0.114147E+03     0.115197E+03     0.128736E+03     0.127403E+03     0.126656E+03     0.126090E+03     0.124961E+03     0.118356E+03     0.117164E+03     0.115311E+03     0.110952E+03     0.110205E+03     0.107056E+03     0.106757E+03     0.106327E+03     0.106076E+03     0.106444E+03     0.106128E+03     0.107358E+03     0.105786E+03     0.104245E+03     0.104113E+03     0.101612E+03     0.100334E+03     0.101800E+03     0.104808E+03     0.104377E+03     0.104105E+03     0.101725E+03     0.101435E+03     0.974217E+02     0.971530E+02     0.969070E+02     0.907650E+02     0.793330E+02     0.775190E+02     0.775190E+02     0.775190E+02     0.775190E+02     0.775190E+02     0.775190E+02     0.775190E+02     0.775190E+02     0.775190E+02     0.775190E+02     0.775190E+02     0.775190E+02     0.775190E+02     0.775190E+02     0.775190E+02     0.775190E+02     0.775190E+02     0.775190E+02     0.775190E+02     0.100000E+21
 0.394000E+04     0.176580E+03     0.181258E+03     0.188968E+03     0.176580E+03     0.187492E+03     0.185185E+03     0.185185E+03     0.191939E+03     0.195003E+03     0.195003E+03     0.195003E+03     0.163551E+03     0.163551E+03     0.163551E+03     0.163551E+03     0.163551E+03     0.165823E+03     0.170084E+03     0.170084E+03     0.168448E+03     0.167910E+03     0.158554E+03     0.154784E+03     0.154784E+03     0.154784E+03     0.154784E+03     0.154784E+03     0.165733E+03     0.165733E+03     0.176580E+03     0.168918E+03     0.150376E+03     0.150376E+03     0.150376E+03     0.150376E+03     0.130519E+03     0.119048E+03     0.118550E+03     0.116323E+03     0.119981E+03     0.125831E+03     0.125831E+03     0.123986E+03     0.119048E+03     0.140971E+03     0.130360E+03     0.134519E+03     0.134027E+03     0.129864E+03     0.130878E+03     0.124661E+03     0.124361E+03     0.122822E+03     0.122650E+03     0.116392E+03     0.124714E+03     0.136252E+03     0.163551E+03     0.161714E+03     0.131137E+03     0.114461E+03     0.114003E+03     0.112990E+03     0.112578E+03     0.111866E+03     0.110931E+03     0.109606E+03     0.110894E+03     0.114677E+03     0.120589E+03     0.115579E+03     0.113420E+03     0.106335E+03     0.116301E+03     0.112661E+03     0.121664E+03     0.123493E+03     0.121991E+03     0.122109E+03     0.121099E+03     0.115311E+03     0.112903E+03     0.111598E+03     0.108390E+03     0.106757E+03     0.106327E+03     0.106062E+03     0.105467E+03     0.105116E+03     0.105719E+03     0.105778E+03     0.106498E+03     0.106069E+03     0.104218E+03     0.996910E+02     0.998946E+02     0.101562E+03     0.101778E+03     0.103407E+03     0.103516E+03     0.103203E+03     0.100291E+03     0.100369E+03     0.979783E+02     0.914181E+02     0.793330E+02     0.775190E+02     0.775190E+02     0.775190E+02     0.775190E+02     0.775190E+02     0.775190E+02     0.775190E+02     0.775190E+02     0.775190E+02     0.775190E+02     0.775190E+02     0.775190E+02     0.775190E+02     0.775190E+02     0.775190E+02     0.775190E+02     0.775190E+02     0.775190E+02     0.775190E+02     0.100000E+21
 0.396000E+04     0.202206E+03     0.186044E+03     0.180352E+03     0.193727E+03     0.189062E+03     0.185185E+03     0.185185E+03     0.185185E+03     0.195003E+03     0.195003E+03     0.195003E+03     0.195003E+03     0.176335E+03     0.163551E+03     0.163551E+03     0.163551E+03     0.165822E+03     0.170084E+03     0.170084E+03     0.168376E+03     0.167910E+03     0.158167E+03     0.154784E+03     0.154784E+03     0.154784E+03     0.154784E+03     0.154784E+03     0.165733E+03     0.165733E+03     0.176580E+03     0.169427E+03     0.150376E+03     0.150376E+03     0.150376E+03     0.150376E+03     0.130566E+03     0.119048E+03     0.118908E+03     0.116323E+03     0.120005E+03     0.125831E+03     0.125831E+03     0.125831E+03     0.124488E+03     0.123985E+03     0.126237E+03     0.125532E+03     0.125028E+03     0.124122E+03     0.130788E+03     0.131473E+03     0.131017E+03     0.130588E+03     0.122047E+03     0.126659E+03     0.113548E+03     0.113006E+03     0.114504E+03     0.114504E+03     0.114504E+03     0.114504E+03     0.114504E+03     0.113685E+03     0.112578E+03     0.111866E+03     0.111226E+03     0.110440E+03     0.109042E+03     0.107638E+03     0.108296E+03     0.107752E+03     0.119172E+03     0.118633E+03     0.111254E+03     0.101039E+03     0.103748E+03     0.108232E+03     0.123574E+03     0.119000E+03     0.123506E+03     0.121663E+03     0.112924E+03     0.111598E+03     0.109436E+03     0.107872E+03     0.106006E+03     0.105939E+03     0.105467E+03     0.105059E+03     0.104607E+03     0.104018E+03     0.103746E+03     0.106069E+03     0.105720E+03     0.105209E+03     0.104896E+03     0.988270E+02     0.983940E+02     0.993716E+02     0.103516E+03     0.103159E+03     0.102512E+03     0.102223E+03     0.101967E+03     0.956835E+02     0.793330E+02     0.775190E+02     0.775190E+02     0.775190E+02     0.775190E+02     0.775190E+02     0.775190E+02     0.775190E+02     0.775190E+02     0.775190E+02     0.775190E+02     0.775190E+02     0.775190E+02     0.775190E+02     0.775190E+02     0.775190E+02     0.775190E+02     0.775190E+02     0.775190E+02     0.775190E+02     0.100000E+21
 0.398000E+04     0.205983E+03     0.195227E+03     0.181571E+03     0.193727E+03     0.189685E+03     0.187593E+03     0.185185E+03     0.185185E+03     0.195003E+03     0.195003E+03     0.195003E+03     0.195003E+03     0.176271E+03     0.163551E+03     0.163551E+03     0.163551E+03     0.165838E+03     0.170084E+03     0.170084E+03     0.168469E+03     0.167910E+03     0.158667E+03     0.154784E+03     0.154784E+03     0.154784E+03     0.154784E+03     0.154784E+03     0.165733E+03     0.165733E+03     0.176580E+03     0.168742E+03     0.150376E+03     0.150376E+03     0.150376E+03     0.150376E+03     0.130573E+03     0.119048E+03     0.118497E+03     0.116323E+03     0.119993E+03     0.125831E+03     0.125831E+03     0.126685E+03     0.125921E+03     0.124467E+03     0.124706E+03     0.124093E+03     0.123549E+03     0.124122E+03     0.127186E+03     0.127162E+03     0.126967E+03     0.128874E+03     0.124264E+03     0.123616E+03     0.117780E+03     0.113695E+03     0.114504E+03     0.114504E+03     0.114504E+03     0.114504E+03     0.114504E+03     0.114088E+03     0.113509E+03     0.111866E+03     0.111306E+03     0.110440E+03     0.109255E+03     0.108304E+03     0.108296E+03     0.107319E+03     0.113646E+03     0.112981E+03     0.114318E+03     0.108231E+03     0.105013E+03     0.105670E+03     0.114666E+03     0.120024E+03     0.121859E+03     0.117704E+03     0.115892E+03     0.114491E+03     0.109302E+03     0.107872E+03     0.106006E+03     0.105425E+03     0.105467E+03     0.105124E+03     0.104607E+03     0.104018E+03     0.103746E+03     0.104791E+03     0.105411E+03     0.105209E+03     0.104908E+03     0.101498E+03     0.983940E+02     0.987718E+02     0.101647E+03     0.101333E+03     0.102510E+03     0.102223E+03     0.101966E+03     0.948448E+02     0.793330E+02     0.775190E+02     0.775190E+02     0.775190E+02     0.775190E+02     0.775190E+02     0.775190E+02     0.775190E+02     0.775190E+02     0.775190E+02     0.775190E+02     0.775190E+02     0.775190E+02     0.775190E+02     0.775190E+02     0.775190E+02     0.775190E+02     0.775190E+02     0.775190E+02     0.775190E+02     0.100000E+21
 0.400000E+04     0.210623E+03     0.205670E+03     0.180057E+03     0.186895E+03     0.190446E+03     0.190446E+03     0.185185E+03     0.185185E+03     0.195003E+03     0.195003E+03     0.195003E+03     0.195003E+03     0.177238E+03     0.163551E+03     0.163551E+03     0.163551E+03     0.166155E+03     0.170084E+03     0.170084E+03     0.168642E+03     0.167910E+03     0.159621E+03     0.154784E+03     0.154784E+03     0.154784E+03     0.154784E+03     0.154784E+03     0.165733E+03     0.165733E+03     0.176580E+03     0.160469E+03     0.150376E+03     0.150376E+03     0.150376E+03     0.150376E+03     0.131910E+03     0.119048E+03     0.118241E+03     0.116323E+03     0.120342E+03     0.125831E+03     0.129854E+03     0.130988E+03     0.127644E+03     0.125991E+03     0.124452E+03     0.123628E+03     0.122457E+03     0.122857E+03     0.122398E+03     0.121652E+03     0.122003E+03     0.124633E+03     0.125357E+03     0.123472E+03     0.119095E+03     0.114504E+03     0.114504E+03     0.114504E+03     0.114504E+03     0.114504E+03     0.114504E+03     0.114504E+03     0.114504E+03     0.112922E+03     0.111753E+03     0.110440E+03     0.109449E+03     0.109011E+03     0.108296E+03     0.107277E+03     0.106319E+03     0.106182E+03     0.112140E+03     0.112144E+03     0.108670E+03     0.104115E+03     0.101808E+03     0.112180E+03     0.112896E+03     0.115469E+03     0.115705E+03     0.114711E+03     0.110777E+03     0.107872E+03     0.106006E+03     0.104927E+03     0.104186E+03     0.104715E+03     0.104607E+03     0.103999E+03     0.103746E+03     0.103315E+03     0.104173E+03     0.104114E+03     0.104471E+03     0.104349E+03     0.100589E+03     0.100457E+03     0.986333E+02     0.983609E+02     0.101464E+03     0.102223E+03     0.101979E+03     0.932434E+02     0.793330E+02     0.775190E+02     0.775190E+02     0.775190E+02     0.775190E+02     0.775190E+02     0.775190E+02     0.775190E+02     0.775190E+02     0.775190E+02     0.775190E+02     0.775190E+02     0.775190E+02     0.775190E+02     0.775190E+02     0.775190E+02     0.775190E+02     0.775190E+02     0.775190E+02     0.775190E+02     0.100000E+21
 0.402000E+04     0.210623E+03     0.208400E+03     0.185538E+03     0.176580E+03     0.190446E+03     0.190446E+03     0.185185E+03     0.185185E+03     0.189556E+03     0.195003E+03     0.195003E+03     0.195003E+03     0.177330E+03     0.163551E+03     0.163551E+03     0.163551E+03     0.166187E+03     0.170084E+03     0.170084E+03     0.168661E+03     0.167910E+03     0.159729E+03     0.154784E+03     0.154784E+03     0.154784E+03     0.157019E+03     0.160837E+03     0.165733E+03     0.165733E+03     0.176580E+03     0.150376E+03     0.150376E+03     0.150376E+03     0.150376E+03     0.150376E+03     0.132041E+03     0.119048E+03     0.118212E+03     0.116323E+03     0.123262E+03     0.132716E+03     0.137065E+03     0.136251E+03     0.132219E+03     0.131929E+03     0.131043E+03     0.125532E+03     0.124210E+03     0.122709E+03     0.122264E+03     0.119865E+03     0.120244E+03     0.119894E+03     0.146831E+03     0.149330E+03     0.118607E+03     0.114504E+03     0.114504E+03     0.114504E+03     0.114504E+03     0.114504E+03     0.114504E+03     0.114504E+03     0.114504E+03     0.114504E+03     0.113516E+03     0.112694E+03     0.109445E+03     0.109011E+03     0.108296E+03     0.107834E+03     0.106253E+03     0.106172E+03     0.104696E+03     0.104716E+03     0.107594E+03     0.112438E+03     0.107754E+03     0.104361E+03     0.996053E+02     0.109234E+03     0.113411E+03     0.112302E+03     0.111374E+03     0.111413E+03     0.106006E+03     0.104934E+03     0.102263E+03     0.102352E+03     0.104607E+03     0.103998E+03     0.103746E+03     0.103315E+03     0.103029E+03     0.102453E+03     0.102943E+03     0.104349E+03     0.103918E+03     0.103652E+03     0.100584E+03     0.983914E+02     0.984993E+02     0.999220E+02     0.101021E+03     0.930619E+02     0.793330E+02     0.775190E+02     0.775190E+02     0.775190E+02     0.775190E+02     0.775190E+02     0.775190E+02     0.775190E+02     0.775190E+02     0.775190E+02     0.775190E+02     0.775190E+02     0.775190E+02     0.775190E+02     0.775190E+02     0.775190E+02     0.775190E+02     0.775190E+02     0.775190E+02     0.775190E+02     0.100000E+21
 0.404000E+04     0.212571E+03     0.211387E+03     0.194715E+03     0.176580E+03     0.190446E+03     0.190446E+03     0.186129E+03     0.185487E+03     0.185185E+03     0.195003E+03     0.195003E+03     0.195003E+03     0.176274E+03     0.163551E+03     0.163551E+03     0.163551E+03     0.165840E+03     0.170084E+03     0.169053E+03     0.168193E+03     0.167910E+03     0.158677E+03     0.154784E+03     0.154784E+03     0.154784E+03     0.157983E+03     0.165733E+03     0.167439E+03     0.170810E+03     0.176580E+03     0.150376E+03     0.150376E+03     0.150376E+03     0.150376E+03     0.150376E+03     0.130578E+03     0.119048E+03     0.118493E+03     0.116323E+03     0.131819E+03     0.138708E+03     0.138011E+03     0.136889E+03     0.136230E+03     0.135998E+03     0.135546E+03     0.130396E+03     0.129565E+03     0.128314E+03     0.124916E+03     0.120830E+03     0.120309E+03     0.133106E+03     0.165733E+03     0.165733E+03     0.137915E+03     0.119862E+03     0.114504E+03     0.114504E+03     0.114504E+03     0.114504E+03     0.114504E+03     0.114504E+03     0.114504E+03     0.114504E+03     0.114504E+03     0.114504E+03     0.111917E+03     0.111703E+03     0.108296E+03     0.107775E+03     0.106865E+03     0.106360E+03     0.104456E+03     0.104074E+03     0.104011E+03     0.109610E+03     0.109158E+03     0.111543E+03     0.104976E+03     0.992009E+02     0.106823E+03     0.107674E+03     0.110053E+03     0.110345E+03     0.109141E+03     0.107982E+03     0.102263E+03     0.100770E+03     0.101709E+03     0.104018E+03     0.103746E+03     0.103315E+03     0.102990E+03     0.102453E+03     0.102150E+03     0.103000E+03     0.103918E+03     0.103624E+03     0.103056E+03     0.100632E+03     0.968294E+02     0.972139E+02     0.987176E+02     0.948271E+02     0.793330E+02     0.775190E+02     0.775190E+02     0.775190E+02     0.775190E+02     0.775190E+02     0.775190E+02     0.775190E+02     0.775190E+02     0.775190E+02     0.775190E+02     0.775190E+02     0.775190E+02     0.775190E+02     0.775190E+02     0.775190E+02     0.775190E+02     0.775190E+02     0.775190E+02     0.775190E+02     0.100000E+21
 0.406000E+04     0.214808E+03     0.212188E+03     0.205270E+03     0.198698E+03     0.190446E+03     0.190446E+03     0.187113E+03     0.185791E+03     0.185185E+03     0.195003E+03     0.195003E+03     0.195003E+03     0.176431E+03     0.163551E+03     0.163551E+03     0.163551E+03     0.169036E+03     0.170084E+03     0.167910E+03     0.167910E+03     0.156680E+03     0.156157E+03     0.154784E+03     0.154784E+03     0.154784E+03     0.164716E+03     0.165733E+03     0.169159E+03     0.176580E+03     0.176580E+03     0.150376E+03     0.150376E+03     0.150376E+03     0.150376E+03     0.150376E+03     0.130714E+03     0.119048E+03     0.121539E+03     0.169930E+03     0.159440E+03     0.138708E+03     0.138011E+03     0.137446E+03     0.136616E+03     0.136120E+03     0.135435E+03     0.135889E+03     0.135584E+03     0.135492E+03     0.132064E+03     0.134525E+03     0.152099E+03     0.153365E+03     0.160319E+03     0.165733E+03     0.161659E+03     0.157733E+03     0.122115E+03     0.122598E+03     0.114504E+03     0.114504E+03     0.114504E+03     0.114504E+03     0.114504E+03     0.114504E+03     0.114504E+03     0.114504E+03     0.114504E+03     0.114504E+03     0.113259E+03     0.108706E+03     0.106865E+03     0.106335E+03     0.104952E+03     0.104524E+03     0.912429E+02     0.103115E+03     0.102562E+03     0.107112E+03     0.113490E+03     0.107571E+03     0.963431E+02     0.960952E+02     0.102596E+03     0.109593E+03     0.106860E+03     0.105584E+03     0.107262E+03     0.101091E+03     0.985090E+02     0.100511E+03     0.103746E+03     0.103315E+03     0.102975E+03     0.102453E+03     0.102144E+03     0.101591E+03     0.101605E+03     0.103091E+03     0.103056E+03     0.102718E+03     0.993225E+02     0.962290E+02     0.962816E+02     0.928613E+02     0.793330E+02     0.775190E+02     0.775190E+02     0.775190E+02     0.775190E+02     0.775190E+02     0.775190E+02     0.775190E+02     0.775190E+02     0.775190E+02     0.775190E+02     0.775190E+02     0.775190E+02     0.775190E+02     0.775190E+02     0.775190E+02     0.775190E+02     0.775190E+02     0.775190E+02     0.775190E+02     0.100000E+21
 0.408000E+04     0.214808E+03     0.214808E+03     0.210623E+03     0.210623E+03     0.190446E+03     0.190446E+03     0.187113E+03     0.185776E+03     0.185185E+03     0.195003E+03     0.195003E+03     0.195003E+03     0.176207E+03     0.163551E+03     0.163551E+03     0.163551E+03     0.170084E+03     0.170084E+03     0.167910E+03     0.167910E+03     0.154784E+03     0.154784E+03     0.154784E+03     0.154784E+03     0.154784E+03     0.165733E+03     0.165733E+03     0.176580E+03     0.176580E+03     0.150376E+03     0.150376E+03     0.150376E+03     0.150376E+03     0.150376E+03     0.119048E+03     0.119048E+03     0.119048E+03     0.204316E+03     0.204316E+03     0.185185E+03     0.185185E+03     0.185185E+03     0.146658E+03     0.136616E+03     0.136120E+03     0.135218E+03     0.134519E+03     0.134022E+03     0.135889E+03     0.156789E+03     0.163551E+03     0.163551E+03     0.159509E+03     0.156982E+03     0.156982E+03     0.165733E+03     0.165733E+03     0.165733E+03     0.165733E+03     0.125831E+03     0.114504E+03     0.114504E+03     0.114504E+03     0.114504E+03     0.114504E+03     0.114504E+03     0.114504E+03     0.114504E+03     0.114504E+03     0.114504E+03     0.114504E+03     0.114504E+03     0.108358E+03     0.105157E+03     0.104716E+03     0.104247E+03     0.775190E+02     0.775190E+02     0.101636E+03     0.101124E+03     0.112778E+03     0.111859E+03     0.111353E+03     0.953541E+02     0.986820E+02     0.108754E+03     0.104771E+03     0.100422E+03     0.105901E+03     0.985090E+02     0.959421E+02     0.947430E+02     0.103315E+03     0.102976E+03     0.102453E+03     0.102143E+03     0.101591E+03     0.101159E+03     0.100860E+03     0.103056E+03     0.102727E+03     0.102053E+03     0.101763E+03     0.982061E+02     0.909766E+02     0.793330E+02     0.775190E+02     0.775190E+02     0.775190E+02     0.775190E+02     0.775190E+02     0.775190E+02     0.775190E+02     0.775190E+02     0.775190E+02     0.775190E+02     0.775190E+02     0.775190E+02     0.775190E+02     0.775190E+02     0.775190E+02     0.775190E+02     0.775190E+02     0.775190E+02     0.775190E+02     0.100000E+21
 0.410000E+04     0.214808E+03     0.214808E+03     0.210623E+03     0.210623E+03     0.190446E+03     0.190446E+03     0.187113E+03     0.185866E+03     0.185185E+03     0.193141E+03     0.195003E+03     0.195003E+03     0.176920E+03     0.163551E+03     0.163551E+03     0.163551E+03     0.169736E+03     0.169251E+03     0.167910E+03     0.167910E+03     0.154784E+03     0.154784E+03     0.154784E+03     0.154784E+03     0.157000E+03     0.167199E+03     0.169036E+03     0.172619E+03     0.168701E+03     0.150376E+03     0.150376E+03     0.150376E+03     0.150376E+03     0.150376E+03     0.119048E+03     0.119048E+03     0.136548E+03     0.200717E+03     0.204316E+03     0.189059E+03     0.185185E+03     0.185185E+03     0.159917E+03     0.136616E+03     0.136156E+03     0.135218E+03     0.134519E+03     0.134058E+03     0.132342E+03     0.145634E+03     0.155268E+03     0.163551E+03     0.161016E+03     0.158202E+03     0.156982E+03     0.164009E+03     0.165733E+03     0.165733E+03     0.165733E+03     0.138065E+03     0.125498E+03     0.118067E+03     0.114504E+03     0.114504E+03     0.114504E+03     0.114504E+03     0.114504E+03     0.114504E+03     0.114504E+03     0.114504E+03     0.114504E+03     0.114504E+03     0.110497E+03     0.105138E+03     0.104716E+03     0.104273E+03     0.820835E+02     0.775190E+02     0.967262E+02     0.101124E+03     0.108070E+03     0.111822E+03     0.111353E+03     0.981818E+02     0.971589E+02     0.102774E+03     0.103227E+03     0.101861E+03     0.104174E+03     0.100514E+03     0.958819E+02     0.947430E+02     0.100052E+03     0.101667E+03     0.102453E+03     0.102168E+03     0.101591E+03     0.101159E+03     0.100880E+03     0.102215E+03     0.102396E+03     0.102035E+03     0.101763E+03     0.994552E+02     0.899623E+02     0.793330E+02     0.775190E+02     0.775190E+02     0.775190E+02     0.775190E+02     0.775190E+02     0.775190E+02     0.775190E+02     0.775190E+02     0.775190E+02     0.775190E+02     0.775190E+02     0.775190E+02     0.775190E+02     0.775190E+02     0.775190E+02     0.775190E+02     0.775190E+02     0.775190E+02     0.775190E+02     0.100000E+21
 0.412000E+04     0.214808E+03     0.214808E+03     0.210623E+03     0.210623E+03     0.190446E+03     0.190446E+03     0.187113E+03     0.185924E+03     0.185185E+03     0.188377E+03     0.195003E+03     0.195003E+03     0.177347E+03     0.163551E+03     0.163551E+03     0.166556E+03     0.168605E+03     0.167910E+03     0.167910E+03     0.164019E+03     0.154784E+03     0.154784E+03     0.154784E+03     0.154784E+03     0.161413E+03     0.169950E+03     0.176580E+03     0.159092E+03     0.150376E+03     0.150376E+03     0.150376E+03     0.150376E+03     0.145198E+03     0.135958E+03     0.119048E+03     0.119048E+03     0.175284E+03     0.185125E+03     0.195510E+03     0.200078E+03     0.194262E+03     0.185185E+03     0.185185E+03     0.158944E+03     0.145028E+03     0.135218E+03     0.134519E+03     0.133438E+03     0.121619E+03     0.121173E+03     0.131135E+03     0.144444E+03     0.154998E+03     0.162259E+03     0.160004E+03     0.158581E+03     0.161708E+03     0.161579E+03     0.164067E+03     0.165733E+03     0.159225E+03     0.144202E+03     0.130157E+03     0.119870E+03     0.114504E+03     0.114504E+03     0.114504E+03     0.114504E+03     0.114504E+03     0.114504E+03     0.114504E+03     0.114504E+03     0.114504E+03     0.107546E+03     0.104716E+03     0.104289E+03     0.979920E+02     0.890564E+02     0.820674E+02     0.902720E+02     0.100405E+03     0.108257E+03     0.111353E+03     0.107666E+03     0.101235E+03     0.930990E+02     0.971236E+02     0.101099E+03     0.100685E+03     0.101137E+03     0.975965E+02     0.947430E+02     0.928560E+02     0.959171E+02     0.102453E+03     0.102184E+03     0.101591E+03     0.101159E+03     0.100893E+03     0.100295E+03     0.101720E+03     0.102024E+03     0.101763E+03     0.101521E+03     0.892987E+02     0.793330E+02     0.775190E+02     0.775190E+02     0.775190E+02     0.775190E+02     0.775190E+02     0.775190E+02     0.775190E+02     0.775190E+02     0.775190E+02     0.775190E+02     0.775190E+02     0.775190E+02     0.775190E+02     0.775190E+02     0.775190E+02     0.775190E+02     0.775190E+02     0.775190E+02     0.775190E+02     0.100000E+21
 0.414000E+04     0.176580E+03     0.200821E+03     0.213722E+03     0.210623E+03     0.190446E+03     0.190446E+03     0.187113E+03     0.185778E+03     0.185185E+03     0.186998E+03     0.195003E+03     0.195003E+03     0.176213E+03     0.163551E+03     0.169039E+03     0.170084E+03     0.167910E+03     0.167910E+03     0.154784E+03     0.154784E+03     0.154784E+03     0.154784E+03     0.159210E+03     0.165733E+03     0.165733E+03     0.176580E+03     0.176580E+03     0.150376E+03     0.150376E+03     0.150376E+03     0.150376E+03     0.150376E+03     0.119048E+03     0.119048E+03     0.119048E+03     0.119048E+03     0.185185E+03     0.175284E+03     0.175284E+03     0.192520E+03     0.204316E+03     0.204316E+03     0.189019E+03     0.185185E+03     0.185185E+03     0.126237E+03     0.134519E+03     0.127640E+03     0.130876E+03     0.121216E+03     0.118913E+03     0.122003E+03     0.121568E+03     0.132106E+03     0.163551E+03     0.163551E+03     0.163551E+03     0.156982E+03     0.156982E+03     0.156982E+03     0.165733E+03     0.165733E+03     0.165733E+03     0.165733E+03     0.165733E+03     0.132651E+03     0.125831E+03     0.114504E+03     0.114504E+03     0.114504E+03     0.114504E+03     0.114504E+03     0.114504E+03     0.114504E+03     0.114504E+03     0.107642E+03     0.103100E+03     0.102562E+03     0.947836E+02     0.775190E+02     0.775190E+02     0.994751E+02     0.989650E+02     0.110496E+03     0.109925E+03     0.109211E+03     0.988298E+02     0.916500E+02     0.101391E+03     0.101274E+03     0.971192E+02     0.101205E+03     0.928560E+02     0.913760E+02     0.102453E+03     0.102144E+03     0.101591E+03     0.101159E+03     0.100860E+03     0.100295E+03     0.999687E+02     0.960653E+02     0.835020E+02     0.799373E+02     0.780203E+02     0.793330E+02     0.775190E+02     0.775190E+02     0.775190E+02     0.775190E+02     0.775190E+02     0.775190E+02     0.775190E+02     0.775190E+02     0.775190E+02     0.775190E+02     0.775190E+02     0.775190E+02     0.775190E+02     0.775190E+02     0.775190E+02     0.775190E+02     0.775190E+02     0.775190E+02     0.775190E+02     0.100000E+21
 0.416000E+04     0.176580E+03     0.199871E+03     0.213495E+03     0.210623E+03     0.190446E+03     0.190446E+03     0.187113E+03     0.185846E+03     0.185185E+03     0.187641E+03     0.195003E+03     0.195003E+03     0.176784E+03     0.168207E+03     0.169410E+03     0.168518E+03     0.167910E+03     0.167910E+03     0.154784E+03     0.154784E+03     0.154784E+03     0.154784E+03     0.163640E+03     0.165733E+03     0.170631E+03     0.171657E+03     0.157420E+03     0.150376E+03     0.150376E+03     0.150376E+03     0.144396E+03     0.127345E+03     0.119048E+03     0.119048E+03     0.123344E+03     0.120621E+03     0.137762E+03     0.181323E+03     0.175284E+03     0.184287E+03     0.192177E+03     0.204316E+03     0.201080E+03     0.185185E+03     0.156892E+03     0.126237E+03     0.127955E+03     0.130672E+03     0.125910E+03     0.123616E+03     0.123143E+03     0.117987E+03     0.120256E+03     0.125998E+03     0.131310E+03     0.163551E+03     0.163551E+03     0.161142E+03     0.161341E+03     0.156982E+03     0.159343E+03     0.159502E+03     0.165733E+03     0.165733E+03     0.165733E+03     0.159191E+03     0.154726E+03     0.119635E+03     0.114504E+03     0.114504E+03     0.114504E+03     0.114504E+03     0.114504E+03     0.114504E+03     0.114504E+03     0.107939E+03     0.103057E+03     0.102562E+03     0.938383E+02     0.775190E+02     0.775190E+02     0.886794E+02     0.989650E+02     0.103387E+03     0.109925E+03     0.109211E+03     0.105702E+03     0.916500E+02     0.930705E+02     0.101274E+03     0.992188E+02     0.101205E+03     0.928560E+02     0.914811E+02     0.926152E+02     0.881935E+02     0.869690E+02     0.854966E+02     0.866452E+02     0.893387E+02     0.874379E+02     0.861077E+02     0.835020E+02     0.800442E+02     0.781023E+02     0.793330E+02     0.775190E+02     0.775190E+02     0.775190E+02     0.775190E+02     0.775190E+02     0.775190E+02     0.775190E+02     0.775190E+02     0.775190E+02     0.775190E+02     0.775190E+02     0.775190E+02     0.775190E+02     0.775190E+02     0.775190E+02     0.775190E+02     0.775190E+02     0.775190E+02     0.775190E+02     0.100000E+21
 0.418000E+04     0.176580E+03     0.200840E+03     0.213872E+03     0.210623E+03     0.190446E+03     0.190446E+03     0.187113E+03     0.185768E+03     0.185185E+03     0.186478E+03     0.195003E+03     0.195003E+03     0.195003E+03     0.170084E+03     0.168052E+03     0.167910E+03     0.163399E+03     0.154784E+03     0.154784E+03     0.154784E+03     0.154784E+03     0.162902E+03     0.170123E+03     0.176580E+03     0.176580E+03     0.150376E+03     0.150376E+03     0.150376E+03     0.150376E+03     0.150376E+03     0.119048E+03     0.119048E+03     0.120325E+03     0.125831E+03     0.125831E+03     0.121515E+03     0.119048E+03     0.185185E+03     0.185185E+03     0.175284E+03     0.175284E+03     0.185185E+03     0.201235E+03     0.124488E+03     0.126245E+03     0.126237E+03     0.125532E+03     0.125026E+03     0.133119E+03     0.132560E+03     0.124803E+03     0.128770E+03     0.120827E+03     0.116291E+03     0.119881E+03     0.119003E+03     0.118463E+03     0.163551E+03     0.163551E+03     0.163551E+03     0.156982E+03     0.156982E+03     0.160679E+03     0.165733E+03     0.165733E+03     0.165733E+03     0.165733E+03     0.152834E+03     0.125831E+03     0.125831E+03     0.117197E+03     0.114504E+03     0.114504E+03     0.114504E+03     0.114504E+03     0.114504E+03     0.103136E+03     0.102562E+03     0.101640E+03     0.101124E+03     0.775190E+02     0.775190E+02     0.775190E+02     0.981269E+02     0.975220E+02     0.109211E+03     0.108771E+03     0.916500E+02     0.909459E+02     0.950440E+02     0.822268E+02     0.820410E+02     0.817480E+02     0.788483E+02     0.811640E+02     0.809507E+02     0.787040E+02     0.784110E+02     0.791854E+02     0.853110E+02     0.850703E+02     0.821216E+02     0.835020E+02     0.833282E+02     0.779881E+02     0.793330E+02     0.775190E+02     0.775190E+02     0.775190E+02     0.775190E+02     0.775190E+02     0.775190E+02     0.775190E+02     0.775190E+02     0.775190E+02     0.775190E+02     0.775190E+02     0.775190E+02     0.775190E+02     0.775190E+02     0.775190E+02     0.775190E+02     0.775190E+02     0.775190E+02     0.775190E+02     0.100000E+21
 0.420000E+04     0.176580E+03     0.200384E+03     0.213670E+03     0.210623E+03     0.190446E+03     0.190446E+03     0.187113E+03     0.185805E+03     0.185185E+03     0.187147E+03     0.195003E+03     0.195003E+03     0.195003E+03     0.168545E+03     0.168084E+03     0.167910E+03     0.157424E+03     0.154784E+03     0.154784E+03     0.154784E+03     0.163240E+03     0.164378E+03     0.174380E+03     0.176580E+03     0.164537E+03     0.150376E+03     0.150376E+03     0.150376E+03     0.150376E+03     0.130867E+03     0.119048E+03     0.119048E+03     0.118990E+03     0.125831E+03     0.125831E+03     0.121597E+03     0.119048E+03     0.185185E+03     0.185185E+03     0.175284E+03     0.175284E+03     0.185185E+03     0.150795E+03     0.124488E+03     0.124602E+03     0.126237E+03     0.125532E+03     0.125042E+03     0.126165E+03     0.131219E+03     0.127447E+03     0.123522E+03     0.124304E+03     0.122338E+03     0.115646E+03     0.118982E+03     0.118463E+03     0.135351E+03     0.154661E+03     0.163551E+03     0.162037E+03     0.161624E+03     0.158513E+03     0.160281E+03     0.159549E+03     0.164840E+03     0.165733E+03     0.159920E+03     0.150401E+03     0.154961E+03     0.129761E+03     0.114504E+03     0.114504E+03     0.114504E+03     0.114504E+03     0.114504E+03     0.109684E+03     0.102562E+03     0.101624E+03     0.101124E+03     0.916956E+02     0.775190E+02     0.775190E+02     0.980876E+02     0.975220E+02     0.917900E+02     0.920319E+02     0.896244E+02     0.891155E+02     0.901506E+02     0.822233E+02     0.820410E+02     0.817480E+02     0.790062E+02     0.811640E+02     0.809584E+02     0.798710E+02     0.784110E+02     0.791643E+02     0.806613E+02     0.841804E+02     0.832022E+02     0.817031E+02     0.827631E+02     0.780448E+02     0.793330E+02     0.775190E+02     0.775190E+02     0.775190E+02     0.775190E+02     0.775190E+02     0.775190E+02     0.775190E+02     0.775190E+02     0.775190E+02     0.775190E+02     0.775190E+02     0.775190E+02     0.775190E+02     0.775190E+02     0.775190E+02     0.775190E+02     0.775190E+02     0.775190E+02     0.775190E+02     0.100000E+21
 0.422000E+04     0.176580E+03     0.199236E+03     0.213297E+03     0.210623E+03     0.190446E+03     0.190446E+03     0.187113E+03     0.186344E+03     0.185185E+03     0.188149E+03     0.195003E+03     0.195003E+03     0.195003E+03     0.167910E+03     0.164827E+03     0.163091E+03     0.154784E+03     0.154784E+03     0.154784E+03     0.157338E+03     0.165733E+03     0.168172E+03     0.171643E+03     0.167046E+03     0.155929E+03     0.150376E+03     0.150376E+03     0.145175E+03     0.138968E+03     0.119048E+03     0.119048E+03     0.119048E+03     0.119347E+03     0.125831E+03     0.125831E+03     0.121804E+03     0.119048E+03     0.185185E+03     0.185185E+03     0.177522E+03     0.175284E+03     0.164475E+03     0.136508E+03     0.124488E+03     0.124037E+03     0.124924E+03     0.125532E+03     0.125080E+03     0.124122E+03     0.127471E+03     0.129461E+03     0.125284E+03     0.127684E+03     0.123152E+03     0.118883E+03     0.116825E+03     0.116463E+03     0.117754E+03     0.135358E+03     0.146261E+03     0.163551E+03     0.163551E+03     0.158436E+03     0.156982E+03     0.156982E+03     0.161101E+03     0.165733E+03     0.165733E+03     0.165733E+03     0.165733E+03     0.148587E+03     0.118628E+03     0.116308E+03     0.114504E+03     0.114504E+03     0.114504E+03     0.110173E+03     0.102562E+03     0.101586E+03     0.101124E+03     0.105085E+03     0.891097E+02     0.886556E+02     0.101400E+03     0.100591E+03     0.821569E+02     0.821633E+02     0.865693E+02     0.877929E+02     0.882230E+02     0.834902E+02     0.820410E+02     0.817480E+02     0.800778E+02     0.799698E+02     0.804482E+02     0.805780E+02     0.784110E+02     0.787862E+02     0.792320E+02     0.816147E+02     0.833651E+02     0.811640E+02     0.823234E+02     0.793857E+02     0.793330E+02     0.775190E+02     0.775190E+02     0.775190E+02     0.775190E+02     0.775190E+02     0.775190E+02     0.775190E+02     0.775190E+02     0.775190E+02     0.775190E+02     0.775190E+02     0.775190E+02     0.775190E+02     0.775190E+02     0.775190E+02     0.775190E+02     0.775190E+02     0.775190E+02     0.775190E+02     0.100000E+21
 0.424000E+04     0.214808E+03     0.208669E+03     0.213874E+03     0.210623E+03     0.190446E+03     0.190446E+03     0.187113E+03     0.186175E+03     0.185185E+03     0.186469E+03     0.195003E+03     0.195003E+03     0.195003E+03     0.158804E+03     0.155168E+03     0.154784E+03     0.154784E+03     0.154784E+03     0.162660E+03     0.164663E+03     0.175437E+03     0.175334E+03     0.156127E+03     0.150376E+03     0.150376E+03     0.150376E+03     0.150376E+03     0.125689E+03     0.119048E+03     0.119048E+03     0.118640E+03     0.116746E+03     0.124301E+03     0.125831E+03     0.125831E+03     0.121512E+03     0.119048E+03     0.185185E+03     0.185185E+03     0.173501E+03     0.153537E+03     0.129051E+03     0.128461E+03     0.127027E+03     0.124473E+03     0.123077E+03     0.123034E+03     0.124537E+03     0.124122E+03     0.123557E+03     0.127545E+03     0.131017E+03     0.130585E+03     0.126465E+03     0.120174E+03     0.122155E+03     0.122034E+03     0.114517E+03     0.116299E+03     0.116334E+03     0.124804E+03     0.163551E+03     0.162362E+03     0.160930E+03     0.156982E+03     0.156982E+03     0.159202E+03     0.165733E+03     0.165733E+03     0.165733E+03     0.165733E+03     0.164007E+03     0.129319E+03     0.114504E+03     0.114504E+03     0.118886E+03     0.110052E+03     0.109082E+03     0.107651E+03     0.105099E+03     0.109216E+03     0.108959E+03     0.106230E+03     0.107356E+03     0.105840E+03     0.837940E+02     0.818821E+02     0.827430E+02     0.825908E+02     0.882230E+02     0.869306E+02     0.853616E+02     0.817480E+02     0.815116E+02     0.806546E+02     0.805513E+02     0.805780E+02     0.799615E+02     0.785205E+02     0.792320E+02     0.789885E+02     0.835717E+02     0.811640E+02     0.815029E+02     0.819928E+02     0.793330E+02     0.775190E+02     0.775190E+02     0.775190E+02     0.775190E+02     0.775190E+02     0.775190E+02     0.775190E+02     0.775190E+02     0.775190E+02     0.775190E+02     0.775190E+02     0.775190E+02     0.775190E+02     0.775190E+02     0.775190E+02     0.775190E+02     0.775190E+02     0.775190E+02     0.775190E+02     0.100000E+21
 0.426000E+04     0.214808E+03     0.214808E+03     0.211537E+03     0.210623E+03     0.190446E+03     0.190446E+03     0.187113E+03     0.185897E+03     0.185185E+03     0.188149E+03     0.195003E+03     0.195003E+03     0.195003E+03     0.154784E+03     0.154784E+03     0.154784E+03     0.157183E+03     0.161165E+03     0.165733E+03     0.170500E+03     0.159910E+03     0.160462E+03     0.150376E+03     0.150376E+03     0.150376E+03     0.143898E+03     0.130585E+03     0.119048E+03     0.119048E+03     0.119048E+03     0.116945E+03     0.116323E+03     0.125831E+03     0.125831E+03     0.121877E+03     0.120263E+03     0.119048E+03     0.185185E+03     0.185185E+03     0.145141E+03     0.134684E+03     0.134705E+03     0.130063E+03     0.127644E+03     0.126464E+03     0.124924E+03     0.122371E+03     0.123946E+03     0.124122E+03     0.123672E+03     0.124008E+03     0.125284E+03     0.125288E+03     0.127922E+03     0.125622E+03     0.121554E+03     0.120951E+03     0.119436E+03     0.115701E+03     0.116334E+03     0.122061E+03     0.132879E+03     0.163551E+03     0.163551E+03     0.156982E+03     0.156982E+03     0.156982E+03     0.162338E+03     0.165733E+03     0.165733E+03     0.165733E+03     0.125967E+03     0.119917E+03     0.122693E+03     0.120912E+03     0.125165E+03     0.115314E+03     0.109760E+03     0.109910E+03     0.109641E+03     0.106486E+03     0.110274E+03     0.108981E+03     0.106268E+03     0.106708E+03     0.964101E+02     0.880813E+02     0.812658E+02     0.821780E+02     0.843899E+02     0.878138E+02     0.876410E+02     0.817480E+02     0.815495E+02     0.811640E+02     0.796250E+02     0.805780E+02     0.802860E+02     0.789211E+02     0.783425E+02     0.787542E+02     0.817045E+02     0.832455E+02     0.817993E+02     0.816281E+02     0.793330E+02     0.775190E+02     0.775190E+02     0.775190E+02     0.775190E+02     0.775190E+02     0.775190E+02     0.775190E+02     0.775190E+02     0.775190E+02     0.775190E+02     0.775190E+02     0.775190E+02     0.775190E+02     0.775190E+02     0.775190E+02     0.775190E+02     0.775190E+02     0.775190E+02     0.775190E+02     0.100000E+21
 0.428000E+04     0.214808E+03     0.214808E+03     0.210623E+03     0.210623E+03     0.190446E+03     0.190446E+03     0.187113E+03     0.185805E+03     0.185185E+03     0.187147E+03     0.195003E+03     0.195003E+03     0.195003E+03     0.154784E+03     0.154784E+03     0.165733E+03     0.165733E+03     0.165733E+03     0.176580E+03     0.156931E+03     0.150376E+03     0.150376E+03     0.150376E+03     0.150376E+03     0.129741E+03     0.119048E+03     0.119048E+03     0.119048E+03     0.119048E+03     0.116323E+03     0.119158E+03     0.125831E+03     0.125831E+03     0.125831E+03     0.119048E+03     0.119048E+03     0.119048E+03     0.177581E+03     0.140102E+03     0.136416E+03     0.131813E+03     0.131813E+03     0.136129E+03     0.127644E+03     0.127156E+03     0.126237E+03     0.125532E+03     0.122843E+03     0.124122E+03     0.123602E+03     0.122456E+03     0.122003E+03     0.121575E+03     0.122927E+03     0.128910E+03     0.125594E+03     0.118463E+03     0.117754E+03     0.121772E+03     0.110867E+03     0.115492E+03     0.114913E+03     0.135376E+03     0.163551E+03     0.163551E+03     0.158206E+03     0.156982E+03     0.139436E+03     0.105347E+03     0.104630E+03     0.104105E+03     0.103195E+03     0.102678E+03     0.115514E+03     0.129084E+03     0.125019E+03     0.126872E+03     0.120860E+03     0.110036E+03     0.111643E+03     0.111216E+03     0.108257E+03     0.110816E+03     0.105753E+03     0.107215E+03     0.106785E+03     0.105690E+03     0.832100E+02     0.806328E+02     0.821580E+02     0.878226E+02     0.876410E+02     0.873500E+02     0.828267E+02     0.811640E+02     0.786558E+02     0.805780E+02     0.802860E+02     0.800884E+02     0.778240E+02     0.786541E+02     0.806223E+02     0.844360E+02     0.823430E+02     0.818789E+02     0.793330E+02     0.775190E+02     0.775190E+02     0.775190E+02     0.775190E+02     0.775190E+02     0.775190E+02     0.775190E+02     0.775190E+02     0.775190E+02     0.775190E+02     0.775190E+02     0.775190E+02     0.775190E+02     0.775190E+02     0.775190E+02     0.775190E+02     0.775190E+02     0.775190E+02     0.775190E+02     0.100000E+21
 0.430000E+04     0.214808E+03     0.214808E+03     0.209562E+03     0.202588E+03     0.190446E+03     0.190446E+03     0.187113E+03     0.185768E+03     0.185185E+03     0.186478E+03     0.195003E+03     0.195003E+03     0.195003E+03     0.154784E+03     0.164339E+03     0.165733E+03     0.172589E+03     0.172188E+03     0.157647E+03     0.152936E+03     0.150376E+03     0.150376E+03     0.143154E+03     0.123065E+03     0.123574E+03     0.119048E+03     0.119048E+03     0.119048E+03     0.119048E+03     0.116323E+03     0.118910E+03     0.125831E+03     0.125141E+03     0.121019E+03     0.119048E+03     0.119048E+03     0.166292E+03     0.183827E+03     0.140102E+03     0.137988E+03     0.135931E+03     0.131813E+03     0.132586E+03     0.134876E+03     0.128543E+03     0.126237E+03     0.125532E+03     0.122757E+03     0.124122E+03     0.123558E+03     0.122466E+03     0.122003E+03     0.121568E+03     0.121381E+03     0.120366E+03     0.127063E+03     0.125156E+03     0.117754E+03     0.118723E+03     0.120057E+03     0.111136E+03     0.114913E+03     0.122919E+03     0.133321E+03     0.163551E+03     0.120630E+03     0.131307E+03     0.126941E+03     0.114846E+03     0.116444E+03     0.106152E+03     0.103195E+03     0.102650E+03     0.113349E+03     0.129084E+03     0.126908E+03     0.122678E+03     0.126569E+03     0.114532E+03     0.109472E+03     0.111216E+03     0.106589E+03     0.107497E+03     0.108971E+03     0.105609E+03     0.106785E+03     0.105672E+03     0.832100E+02     0.828443E+02     0.821580E+02     0.852866E+02     0.876410E+02     0.873500E+02     0.825662E+02     0.811640E+02     0.785625E+02     0.787319E+02     0.802860E+02     0.800828E+02     0.778240E+02     0.777374E+02     0.794294E+02     0.791322E+02     0.821480E+02     0.819910E+02     0.793330E+02     0.775190E+02     0.775190E+02     0.775190E+02     0.775190E+02     0.775190E+02     0.775190E+02     0.775190E+02     0.775190E+02     0.775190E+02     0.775190E+02     0.775190E+02     0.775190E+02     0.775190E+02     0.775190E+02     0.775190E+02     0.775190E+02     0.775190E+02     0.775190E+02     0.775190E+02     0.100000E+21
 0.432000E+04     0.214808E+03     0.214009E+03     0.207982E+03     0.202206E+03     0.190446E+03     0.190446E+03     0.187113E+03     0.185846E+03     0.185185E+03     0.187641E+03     0.195003E+03     0.195003E+03     0.195003E+03     0.157929E+03     0.164306E+03     0.168766E+03     0.172578E+03     0.166962E+03     0.150376E+03     0.150376E+03     0.150376E+03     0.150376E+03     0.131166E+03     0.119048E+03     0.119048E+03     0.119048E+03     0.119048E+03     0.118658E+03     0.118323E+03     0.116323E+03     0.121118E+03     0.125831E+03     0.123980E+03     0.119048E+03     0.119048E+03     0.135328E+03     0.185185E+03     0.179468E+03     0.152975E+03     0.139123E+03     0.138708E+03     0.133588E+03     0.132516E+03     0.135328E+03     0.131124E+03     0.126237E+03     0.125532E+03     0.123521E+03     0.123284E+03     0.123244E+03     0.122445E+03     0.122003E+03     0.121583E+03     0.120364E+03     0.119881E+03     0.125225E+03     0.124995E+03     0.121071E+03     0.120344E+03     0.121258E+03     0.112733E+03     0.113337E+03     0.113562E+03     0.113161E+03     0.148667E+03     0.118305E+03     0.119325E+03     0.121750E+03     0.121296E+03     0.120589E+03     0.111770E+03     0.103195E+03     0.102704E+03     0.108309E+03     0.121739E+03     0.123645E+03     0.122554E+03     0.125029E+03     0.116855E+03     0.108902E+03     0.110219E+03     0.106515E+03     0.106207E+03     0.108962E+03     0.104923E+03     0.105947E+03     0.105602E+03     0.893034E+02     0.851448E+02     0.814959E+02     0.841142E+02     0.876410E+02     0.873500E+02     0.840309E+02     0.811640E+02     0.787550E+02     0.775190E+02     0.802860E+02     0.800945E+02     0.783283E+02     0.778496E+02     0.785403E+02     0.783520E+02     0.816994E+02     0.813608E+02     0.793330E+02     0.775190E+02     0.775190E+02     0.775190E+02     0.775190E+02     0.775190E+02     0.775190E+02     0.775190E+02     0.775190E+02     0.775190E+02     0.775190E+02     0.775190E+02     0.775190E+02     0.775190E+02     0.775190E+02     0.775190E+02     0.775190E+02     0.775190E+02     0.775190E+02     0.775190E+02     0.100000E+21
 0.434000E+04     0.214808E+03     0.212154E+03     0.208439E+03     0.202206E+03     0.190446E+03     0.190446E+03     0.187113E+03     0.185778E+03     0.185185E+03     0.186998E+03     0.195003E+03     0.195003E+03     0.195003E+03     0.172547E+03     0.173609E+03     0.159585E+03     0.157084E+03     0.150376E+03     0.150376E+03     0.150376E+03     0.128065E+03     0.130524E+03     0.119048E+03     0.119048E+03     0.119048E+03     0.118690E+03     0.117126E+03     0.117020E+03     0.116323E+03     0.121670E+03     0.125831E+03     0.125831E+03     0.120617E+03     0.119048E+03     0.155878E+03     0.186148E+03     0.185185E+03     0.185185E+03     0.185185E+03     0.155834E+03     0.138708E+03     0.138011E+03     0.136231E+03     0.131813E+03     0.132850E+03     0.131264E+03     0.125532E+03     0.125032E+03     0.123221E+03     0.121510E+03     0.122465E+03     0.122003E+03     0.121568E+03     0.120399E+03     0.119881E+03     0.118992E+03     0.118463E+03     0.121763E+03     0.124758E+03     0.115734E+03     0.114815E+03     0.111442E+03     0.112990E+03     0.112578E+03     0.111866E+03     0.111275E+03     0.110440E+03     0.116650E+03     0.121296E+03     0.120589E+03     0.120060E+03     0.103195E+03     0.102669E+03     0.101481E+03     0.101039E+03     0.109401E+03     0.123816E+03     0.119048E+03     0.121839E+03     0.114531E+03     0.108474E+03     0.109061E+03     0.104865E+03     0.107442E+03     0.108098E+03     0.104492E+03     0.105641E+03     0.104550E+03     0.862238E+02     0.816132E+02     0.827863E+02     0.842625E+02     0.873500E+02     0.871222E+02     0.811640E+02     0.786058E+02     0.775190E+02     0.783621E+02     0.796314E+02     0.797000E+02     0.780577E+02     0.780812E+02     0.783520E+02     0.818029E+02     0.818271E+02     0.793330E+02     0.775190E+02     0.775190E+02     0.775190E+02     0.775190E+02     0.775190E+02     0.775190E+02     0.775190E+02     0.775190E+02     0.775190E+02     0.775190E+02     0.775190E+02     0.775190E+02     0.775190E+02     0.775190E+02     0.775190E+02     0.775190E+02     0.775190E+02     0.775190E+02     0.775190E+02     0.100000E+21
 0.436000E+04     0.214808E+03     0.212366E+03     0.202323E+03     0.188375E+03     0.190446E+03     0.190446E+03     0.187113E+03     0.185924E+03     0.185185E+03     0.188377E+03     0.195003E+03     0.195003E+03     0.195003E+03     0.186522E+03     0.169630E+03     0.150376E+03     0.150376E+03     0.150376E+03     0.150376E+03     0.139207E+03     0.119048E+03     0.119048E+03     0.119048E+03     0.119048E+03     0.119048E+03     0.117074E+03     0.116323E+03     0.118207E+03     0.121460E+03     0.125831E+03     0.125831E+03     0.125831E+03     0.128825E+03     0.149403E+03     0.185185E+03     0.196366E+03     0.195513E+03     0.185185E+03     0.185185E+03     0.165341E+03     0.138708E+03     0.138011E+03     0.137545E+03     0.134408E+03     0.132743E+03     0.133428E+03     0.130387E+03     0.126822E+03     0.124122E+03     0.121741E+03     0.122423E+03     0.122003E+03     0.121599E+03     0.120320E+03     0.119881E+03     0.118754E+03     0.117973E+03     0.117277E+03     0.119375E+03     0.115425E+03     0.113632E+03     0.112636E+03     0.112571E+03     0.112578E+03     0.111866E+03     0.111380E+03     0.110440E+03     0.111782E+03     0.114842E+03     0.120589E+03     0.120133E+03     0.111823E+03     0.105893E+03     0.101450E+03     0.101039E+03     0.101956E+03     0.116809E+03     0.121489E+03     0.120745E+03     0.120590E+03     0.108474E+03     0.108698E+03     0.107833E+03     0.107494E+03     0.109960E+03     0.104492E+03     0.105560E+03     0.105292E+03     0.898150E+02     0.826260E+02     0.817441E+02     0.815740E+02     0.873500E+02     0.871577E+02     0.811640E+02     0.800478E+02     0.775190E+02     0.775190E+02     0.790434E+02     0.797000E+02     0.783742E+02     0.778476E+02     0.783520E+02     0.797831E+02     0.821426E+02     0.793330E+02     0.775190E+02     0.775190E+02     0.775190E+02     0.775190E+02     0.775190E+02     0.775190E+02     0.775190E+02     0.775190E+02     0.775190E+02     0.775190E+02     0.775190E+02     0.775190E+02     0.775190E+02     0.775190E+02     0.775190E+02     0.775190E+02     0.775190E+02     0.775190E+02     0.775190E+02     0.100000E+21
 0.438000E+04     0.214808E+03     0.212285E+03     0.195192E+03     0.176580E+03     0.190446E+03     0.190446E+03     0.187113E+03     0.185866E+03     0.185185E+03     0.187852E+03     0.195003E+03     0.195003E+03     0.195003E+03     0.195003E+03     0.161843E+03     0.150376E+03     0.143446E+03     0.131057E+03     0.128759E+03     0.123201E+03     0.119048E+03     0.119048E+03     0.119048E+03     0.119048E+03     0.117878E+03     0.116323E+03     0.116323E+03     0.123915E+03     0.125831E+03     0.125831E+03     0.125831E+03     0.125831E+03     0.169529E+03     0.175284E+03     0.185185E+03     0.189066E+03     0.204316E+03     0.195900E+03     0.185185E+03     0.177320E+03     0.167432E+03     0.138011E+03     0.137510E+03     0.136616E+03     0.135338E+03     0.131813E+03     0.132632E+03     0.131731E+03     0.124122E+03     0.123090E+03     0.121126E+03     0.122003E+03     0.121587E+03     0.117257E+03     0.119245E+03     0.118221E+03     0.117556E+03     0.116846E+03     0.116397E+03     0.115425E+03     0.114365E+03     0.113573E+03     0.111853E+03     0.111728E+03     0.111866E+03     0.111341E+03     0.110440E+03     0.109463E+03     0.109011E+03     0.120589E+03     0.120104E+03     0.119172E+03     0.115732E+03     0.101461E+03     0.101039E+03     0.100594E+03     0.110830E+03     0.123574E+03     0.119347E+03     0.123506E+03     0.112709E+03     0.108837E+03     0.110359E+03     0.106337E+03     0.109960E+03     0.107606E+03     0.105917E+03     0.105925E+03     0.100586E+03     0.826260E+02     0.808103E+02     0.815740E+02     0.873500E+02     0.871438E+02     0.850863E+02     0.820636E+02     0.775190E+02     0.775190E+02     0.780178E+02     0.797000E+02     0.791792E+02     0.776489E+02     0.777682E+02     0.779736E+02     0.823297E+02     0.793330E+02     0.775190E+02     0.775190E+02     0.775190E+02     0.775190E+02     0.775190E+02     0.775190E+02     0.775190E+02     0.775190E+02     0.775190E+02     0.775190E+02     0.775190E+02     0.775190E+02     0.775190E+02     0.775190E+02     0.775190E+02     0.775190E+02     0.775190E+02     0.775190E+02     0.775190E+02     0.100000E+21
 0.440000E+04     0.211705E+03     0.211330E+03     0.195683E+03     0.176580E+03     0.190446E+03     0.190446E+03     0.187113E+03     0.185776E+03     0.185185E+03     0.186935E+03     0.195003E+03     0.195003E+03     0.195003E+03     0.195003E+03     0.194540E+03     0.150376E+03     0.126925E+03     0.119048E+03     0.119048E+03     0.119048E+03     0.119048E+03     0.119048E+03     0.118450E+03     0.117069E+03     0.116739E+03     0.117537E+03     0.123198E+03     0.125831E+03     0.125831E+03     0.125831E+03     0.134751E+03     0.168453E+03     0.183074E+03     0.175284E+03     0.179631E+03     0.183248E+03     0.204316E+03     0.201571E+03     0.185185E+03     0.185185E+03     0.185185E+03     0.138011E+03     0.137450E+03     0.136616E+03     0.136120E+03     0.133733E+03     0.131813E+03     0.133240E+03     0.124122E+03     0.123589E+03     0.120277E+03     0.116475E+03     0.117514E+03     0.115052E+03     0.115667E+03     0.118087E+03     0.117556E+03     0.116846E+03     0.116367E+03     0.115425E+03     0.114598E+03     0.114003E+03     0.112084E+03     0.111211E+03     0.110996E+03     0.111153E+03     0.110440E+03     0.109493E+03     0.109011E+03     0.112401E+03     0.118434E+03     0.119172E+03     0.118650E+03     0.101481E+03     0.101039E+03     0.100568E+03     0.106421E+03     0.123574E+03     0.119871E+03     0.117830E+03     0.115311E+03     0.108716E+03     0.110359E+03     0.105092E+03     0.107327E+03     0.109531E+03     0.106157E+03     0.105925E+03     0.104378E+03     0.826260E+02     0.802699E+02     0.815740E+02     0.834330E+02     0.864425E+02     0.867670E+02     0.825346E+02     0.792529E+02     0.775190E+02     0.775190E+02     0.797000E+02     0.794758E+02     0.775190E+02     0.775190E+02     0.778408E+02     0.826157E+02     0.793330E+02     0.775190E+02     0.775190E+02     0.775190E+02     0.775190E+02     0.775190E+02     0.775190E+02     0.775190E+02     0.775190E+02     0.775190E+02     0.775190E+02     0.775190E+02     0.775190E+02     0.775190E+02     0.775190E+02     0.775190E+02     0.775190E+02     0.775190E+02     0.775190E+02     0.775190E+02     0.100000E+21
