 0.126000E+03    -0.250000E+04    -0.248000E+04    -0.246000E+04    -0.244000E+04    -0.242000E+04    -0.240000E+04    -0.238000E+04    -0.236000E+04    -0.234000E+04    -0.232000E+04    -0.230000E+04    -0.228000E+04    -0.226000E+04    -0.224000E+04    -0.222000E+04    -0.220000E+04    -0.218000E+04    -0.216000E+04    -0.214000E+04    -0.212000E+04    -0.210000E+04    -0.208000E+04    -0.206000E+04    -0.204000E+04    -0.202000E+04    -0.200000E+04    -0.198000E+04    -0.196000E+04    -0.194000E+04    -0.192000E+04    -0.190000E+04    -0.188000E+04    -0.186000E+04    -0.184000E+04    -0.182000E+04    -0.180000E+04    -0.178000E+04    -0.176000E+04    -0.174000E+04    -0.172000E+04    -0.170000E+04    -0.168000E+04    -0.166000E+04    -0.164000E+04    -0.162000E+04    -0.160000E+04    -0.158000E+04    -0.156000E+04    -0.154000E+04    -0.152000E+04    -0.150000E+04    -0.148000E+04    -0.146000E+04    -0.144000E+04    -0.142000E+04    -0.140000E+04    -0.138000E+04    -0.136000E+04    -0.134000E+04    -0.132000E+04    -0.130000E+04    -0.128000E+04    -0.126000E+04    -0.124000E+04    -0.122000E+04    -0.120000E+04    -0.118000E+04    -0.116000E+04    -0.114000E+04    -0.112000E+04    -0.110000E+04    -0.108000E+04    -0.106000E+04    -0.104000E+04    -0.102000E+04    -0.100000E+04    -0.980000E+03    -0.960000E+03    -0.940000E+03    -0.920000E+03    -0.900000E+03    -0.880000E+03    -0.860000E+03    -0.840000E+03    -0.820000E+03    -0.800000E+03    -0.780000E+03    -0.760000E+03    -0.740000E+03    -0.720000E+03    -0.700000E+03    -0.680000E+03    -0.660000E+03    -0.640000E+03    -0.620000E+03    -0.600000E+03    -0.580000E+03    -0.560000E+03    -0.540000E+03    -0.520000E+03    -0.500000E+03    -0.480000E+03    -0.460000E+03    -0.440000E+03    -0.420000E+03    -0.400000E+03    -0.380000E+03    -0.360000E+03    -0.340000E+03    -0.320000E+03    -0.300000E+03    -0.280000E+03    -0.260000E+03    -0.240000E+03    -0.220000E+03    -0.200000E+03    -0.180000E+03    -0.160000E+03    -0.140000E+03    -0.120000E+03    -0.100000E+03    -0.800000E+02    -0.600000E+02    -0.400000E+02    -0.200000E+02     0.000000E+00
 0.000000E+00     0.242001E+03     0.242001E+03     0.242001E+03     0.242001E+03     0.242001E+03     0.242001E+03     0.242001E+03     0.242001E+03     0.242001E+03     0.242001E+03     0.242001E+03     0.242001E+03     0.242001E+03     0.206670E+03     0.206670E+03     0.205194E+03     0.232287E+03     0.227028E+03     0.226766E+03     0.226565E+03     0.218800E+03     0.217540E+03     0.217043E+03     0.215381E+03     0.218224E+03     0.218701E+03     0.216750E+03     0.216071E+03     0.215843E+03     0.213807E+03     0.223139E+03     0.241662E+03     0.240184E+03     0.241646E+03     0.239229E+03     0.238864E+03     0.210949E+03     0.210700E+03     0.210523E+03     0.210219E+03     0.210084E+03     0.209865E+03     0.210802E+03     0.208002E+03     0.207839E+03     0.208524E+03     0.210399E+03     0.210243E+03     0.207355E+03     0.208098E+03     0.202278E+03     0.191244E+03     0.190922E+03     0.191544E+03     0.194383E+03     0.193206E+03     0.190243E+03     0.190046E+03     0.188344E+03     0.187314E+03     0.191638E+03     0.191484E+03     0.188027E+03     0.188488E+03     0.192461E+03     0.192294E+03     0.189834E+03     0.189675E+03     0.186422E+03     0.185157E+03     0.186293E+03     0.184728E+03     0.186343E+03     0.187660E+03     0.189174E+03     0.189046E+03     0.188731E+03     0.188572E+03     0.182738E+03     0.182571E+03     0.182351E+03     0.182037E+03     0.181881E+03     0.186241E+03     0.186074E+03     0.185851E+03     0.185723E+03     0.185421E+03     0.183712E+03     0.183206E+03     0.181425E+03     0.181276E+03     0.181057E+03     0.180874E+03     0.185643E+03     0.185484E+03     0.185213E+03     0.181372E+03     0.181211E+03     0.180906E+03     0.184861E+03     0.185783E+03     0.185643E+03     0.183377E+03     0.181337E+03     0.180619E+03     0.179148E+03     0.179148E+03     0.179148E+03     0.179148E+03     0.179148E+03     0.179148E+03     0.179148E+03     0.179148E+03     0.179148E+03     0.179148E+03     0.179148E+03     0.179148E+03     0.179148E+03     0.179148E+03     0.179148E+03     0.179148E+03     0.179148E+03     0.179148E+03     0.179148E+03     0.100000E+21
 0.200000E+02     0.242001E+03     0.242001E+03     0.242001E+03     0.242001E+03     0.242001E+03     0.242001E+03     0.242001E+03     0.242001E+03     0.242001E+03     0.242001E+03     0.242001E+03     0.242001E+03     0.242001E+03     0.206670E+03     0.206670E+03     0.205194E+03     0.231992E+03     0.227028E+03     0.226766E+03     0.226583E+03     0.218800E+03     0.217650E+03     0.216981E+03     0.215381E+03     0.218050E+03     0.218450E+03     0.216750E+03     0.216056E+03     0.215843E+03     0.213807E+03     0.224616E+03     0.241662E+03     0.240329E+03     0.241646E+03     0.239229E+03     0.238882E+03     0.210949E+03     0.210678E+03     0.210523E+03     0.210213E+03     0.210084E+03     0.209865E+03     0.210702E+03     0.208002E+03     0.207851E+03     0.208524E+03     0.210399E+03     0.210254E+03     0.207355E+03     0.207797E+03     0.201665E+03     0.191244E+03     0.190936E+03     0.191816E+03     0.194383E+03     0.192953E+03     0.190243E+03     0.190046E+03     0.188449E+03     0.187314E+03     0.191619E+03     0.191484E+03     0.188041E+03     0.188488E+03     0.192461E+03     0.192314E+03     0.189834E+03     0.189474E+03     0.186422E+03     0.185157E+03     0.186196E+03     0.184728E+03     0.186188E+03     0.187726E+03     0.189174E+03     0.189053E+03     0.188712E+03     0.188572E+03     0.182726E+03     0.182571E+03     0.182351E+03     0.182026E+03     0.181881E+03     0.186224E+03     0.186074E+03     0.185851E+03     0.185728E+03     0.185421E+03     0.183928E+03     0.183206E+03     0.181417E+03     0.181276E+03     0.181057E+03     0.180892E+03     0.185643E+03     0.185496E+03     0.185213E+03     0.181372E+03     0.181222E+03     0.180906E+03     0.184353E+03     0.185774E+03     0.185643E+03     0.183462E+03     0.181274E+03     0.180619E+03     0.179148E+03     0.179148E+03     0.179148E+03     0.179148E+03     0.179148E+03     0.179148E+03     0.179148E+03     0.179148E+03     0.179148E+03     0.179148E+03     0.179148E+03     0.179148E+03     0.179148E+03     0.179148E+03     0.179148E+03     0.179148E+03     0.179148E+03     0.179148E+03     0.179148E+03     0.100000E+21
 0.400000E+02     0.242001E+03     0.242001E+03     0.242001E+03     0.242001E+03     0.242001E+03     0.242001E+03     0.242001E+03     0.242001E+03     0.242001E+03     0.242001E+03     0.242001E+03     0.242001E+03     0.242001E+03     0.206670E+03     0.206670E+03     0.205194E+03     0.231808E+03     0.227028E+03     0.226766E+03     0.226595E+03     0.218800E+03     0.217722E+03     0.216943E+03     0.215381E+03     0.217939E+03     0.218308E+03     0.216750E+03     0.216046E+03     0.215843E+03     0.213807E+03     0.225583E+03     0.241662E+03     0.240418E+03     0.241646E+03     0.239229E+03     0.238894E+03     0.210949E+03     0.210666E+03     0.210523E+03     0.210209E+03     0.210084E+03     0.209865E+03     0.210643E+03     0.208002E+03     0.207858E+03     0.208524E+03     0.210399E+03     0.210261E+03     0.207355E+03     0.207214E+03     0.201281E+03     0.191244E+03     0.190945E+03     0.191991E+03     0.194383E+03     0.192791E+03     0.190243E+03     0.190046E+03     0.188516E+03     0.187314E+03     0.191609E+03     0.191484E+03     0.188050E+03     0.188488E+03     0.192461E+03     0.192325E+03     0.189834E+03     0.189346E+03     0.186422E+03     0.185157E+03     0.186134E+03     0.184728E+03     0.186089E+03     0.187766E+03     0.189174E+03     0.189057E+03     0.188701E+03     0.188572E+03     0.182718E+03     0.182571E+03     0.182351E+03     0.182018E+03     0.181881E+03     0.186213E+03     0.186074E+03     0.185851E+03     0.185732E+03     0.185421E+03     0.184042E+03     0.183206E+03     0.181413E+03     0.181276E+03     0.181057E+03     0.180903E+03     0.185643E+03     0.185505E+03     0.185213E+03     0.183036E+03     0.181902E+03     0.180906E+03     0.184065E+03     0.185769E+03     0.185643E+03     0.183513E+03     0.181233E+03     0.180619E+03     0.179148E+03     0.179148E+03     0.179148E+03     0.179148E+03     0.179148E+03     0.179148E+03     0.179148E+03     0.179148E+03     0.179148E+03     0.179148E+03     0.179148E+03     0.179148E+03     0.179148E+03     0.179148E+03     0.179148E+03     0.179148E+03     0.179148E+03     0.179148E+03     0.179148E+03     0.100000E+21
 0.600000E+02     0.242001E+03     0.242001E+03     0.242001E+03     0.242001E+03     0.242001E+03     0.242001E+03     0.242001E+03     0.242001E+03     0.242001E+03     0.242001E+03     0.242001E+03     0.242001E+03     0.242001E+03     0.206670E+03     0.206670E+03     0.205194E+03     0.232282E+03     0.227028E+03     0.226766E+03     0.226566E+03     0.218800E+03     0.217545E+03     0.217042E+03     0.215381E+03     0.218221E+03     0.218680E+03     0.216750E+03     0.216071E+03     0.215843E+03     0.213807E+03     0.223192E+03     0.241662E+03     0.240192E+03     0.241646E+03     0.239229E+03     0.238864E+03     0.210949E+03     0.210698E+03     0.210523E+03     0.210219E+03     0.210084E+03     0.211249E+03     0.211073E+03     0.208002E+03     0.207839E+03     0.208524E+03     0.210399E+03     0.210243E+03     0.207355E+03     0.207183E+03     0.202268E+03     0.191244E+03     0.190922E+03     0.191558E+03     0.194383E+03     0.193196E+03     0.190243E+03     0.187733E+03     0.187592E+03     0.187314E+03     0.191637E+03     0.191484E+03     0.188027E+03     0.188488E+03     0.192461E+03     0.192296E+03     0.189834E+03     0.189671E+03     0.186422E+03     0.185157E+03     0.186289E+03     0.184728E+03     0.186335E+03     0.187661E+03     0.189174E+03     0.189046E+03     0.188729E+03     0.188572E+03     0.182738E+03     0.182571E+03     0.182351E+03     0.182037E+03     0.181881E+03     0.186240E+03     0.186074E+03     0.185851E+03     0.185723E+03     0.185421E+03     0.183731E+03     0.183206E+03     0.181425E+03     0.181276E+03     0.181057E+03     0.180875E+03     0.185643E+03     0.185484E+03     0.185213E+03     0.181372E+03     0.181211E+03     0.180906E+03     0.184819E+03     0.185783E+03     0.185643E+03     0.183378E+03     0.181334E+03     0.180619E+03     0.179148E+03     0.179148E+03     0.179148E+03     0.179148E+03     0.179148E+03     0.179148E+03     0.179148E+03     0.179148E+03     0.179148E+03     0.179148E+03     0.179148E+03     0.179148E+03     0.179148E+03     0.179148E+03     0.179148E+03     0.179148E+03     0.179148E+03     0.179148E+03     0.179148E+03     0.100000E+21
 0.800000E+02     0.242001E+03     0.242001E+03     0.242001E+03     0.242001E+03     0.242001E+03     0.242001E+03     0.242001E+03     0.242001E+03     0.242001E+03     0.242001E+03     0.242001E+03     0.242001E+03     0.242001E+03     0.206670E+03     0.206670E+03     0.205194E+03     0.232053E+03     0.227028E+03     0.226766E+03     0.226579E+03     0.218800E+03     0.217624E+03     0.216992E+03     0.215381E+03     0.218087E+03     0.218510E+03     0.216750E+03     0.216059E+03     0.215843E+03     0.213807E+03     0.224269E+03     0.241662E+03     0.240295E+03     0.241646E+03     0.239229E+03     0.238879E+03     0.210949E+03     0.210683E+03     0.210523E+03     0.210214E+03     0.210084E+03     0.211249E+03     0.211086E+03     0.208002E+03     0.207848E+03     0.208524E+03     0.210399E+03     0.210251E+03     0.207355E+03     0.207197E+03     0.201791E+03     0.191244E+03     0.190934E+03     0.191749E+03     0.194383E+03     0.193011E+03     0.190243E+03     0.187733E+03     0.187598E+03     0.187314E+03     0.191624E+03     0.191484E+03     0.188038E+03     0.188488E+03     0.192461E+03     0.192310E+03     0.189834E+03     0.189516E+03     0.186422E+03     0.185157E+03     0.187442E+03     0.184728E+03     0.186226E+03     0.187713E+03     0.189174E+03     0.189052E+03     0.188717E+03     0.188572E+03     0.182729E+03     0.182571E+03     0.182351E+03     0.182028E+03     0.181881E+03     0.186228E+03     0.186074E+03     0.185851E+03     0.185727E+03     0.185421E+03     0.183881E+03     0.183206E+03     0.181419E+03     0.181276E+03     0.181057E+03     0.180888E+03     0.185643E+03     0.185493E+03     0.185213E+03     0.181372E+03     0.181219E+03     0.180906E+03     0.184475E+03     0.185776E+03     0.185643E+03     0.183446E+03     0.181289E+03     0.180619E+03     0.179148E+03     0.179148E+03     0.179148E+03     0.179148E+03     0.179148E+03     0.179148E+03     0.179148E+03     0.179148E+03     0.179148E+03     0.179148E+03     0.179148E+03     0.179148E+03     0.179148E+03     0.179148E+03     0.179148E+03     0.179148E+03     0.179148E+03     0.179148E+03     0.179148E+03     0.100000E+21
 0.100000E+03     0.242001E+03     0.242001E+03     0.242001E+03     0.242001E+03     0.242001E+03     0.242001E+03     0.242001E+03     0.242001E+03     0.242001E+03     0.242001E+03     0.242001E+03     0.242001E+03     0.242001E+03     0.206670E+03     0.206670E+03     0.205194E+03     0.232295E+03     0.227028E+03     0.226766E+03     0.226560E+03     0.218800E+03     0.217514E+03     0.217041E+03     0.215381E+03     0.218233E+03     0.218858E+03     0.216750E+03     0.216073E+03     0.215843E+03     0.213807E+03     0.222879E+03     0.241662E+03     0.240138E+03     0.241646E+03     0.239229E+03     0.238864E+03     0.210949E+03     0.210724E+03     0.210523E+03     0.210219E+03     0.210084E+03     0.211249E+03     0.211064E+03     0.208002E+03     0.207837E+03     0.208524E+03     0.210399E+03     0.210241E+03     0.207355E+03     0.207172E+03     0.202293E+03     0.191244E+03     0.190922E+03     0.191461E+03     0.194383E+03     0.193257E+03     0.190243E+03     0.187733E+03     0.187591E+03     0.187314E+03     0.191650E+03     0.191484E+03     0.188027E+03     0.188488E+03     0.192461E+03     0.192282E+03     0.189834E+03     0.189685E+03     0.186422E+03     0.185157E+03     0.188102E+03     0.186464E+03     0.186812E+03     0.187661E+03     0.189174E+03     0.189046E+03     0.188740E+03     0.188572E+03     0.182740E+03     0.182571E+03     0.182351E+03     0.182039E+03     0.181881E+03     0.186249E+03     0.186074E+03     0.185851E+03     0.185723E+03     0.185421E+03     0.183486E+03     0.183206E+03     0.181425E+03     0.181276E+03     0.181057E+03     0.180868E+03     0.185643E+03     0.185481E+03     0.185213E+03     0.181372E+03     0.181210E+03     0.180906E+03     0.185180E+03     0.185783E+03     0.185643E+03     0.183380E+03     0.181352E+03     0.180619E+03     0.179148E+03     0.179148E+03     0.179148E+03     0.179148E+03     0.179148E+03     0.179148E+03     0.179148E+03     0.179148E+03     0.179148E+03     0.179148E+03     0.179148E+03     0.179148E+03     0.179148E+03     0.179148E+03     0.179148E+03     0.179148E+03     0.179148E+03     0.179148E+03     0.179148E+03     0.100000E+21
 0.120000E+03     0.242001E+03     0.242001E+03     0.242001E+03     0.242001E+03     0.242001E+03     0.242001E+03     0.242001E+03     0.242001E+03     0.242001E+03     0.242001E+03     0.242001E+03     0.242001E+03     0.242001E+03     0.206670E+03     0.206670E+03     0.205194E+03     0.232181E+03     0.227028E+03     0.226766E+03     0.226570E+03     0.218800E+03     0.217569E+03     0.217018E+03     0.215381E+03     0.218164E+03     0.218649E+03     0.216750E+03     0.216066E+03     0.215843E+03     0.213807E+03     0.223553E+03     0.241662E+03     0.240220E+03     0.241646E+03     0.239229E+03     0.238871E+03     0.210949E+03     0.210695E+03     0.210523E+03     0.210217E+03     0.210084E+03     0.211249E+03     0.211076E+03     0.208002E+03     0.207842E+03     0.208524E+03     0.210399E+03     0.210246E+03     0.207355E+03     0.207186E+03     0.202056E+03     0.191244E+03     0.190928E+03     0.191608E+03     0.194383E+03     0.193136E+03     0.190243E+03     0.187733E+03     0.187594E+03     0.187314E+03     0.191634E+03     0.191484E+03     0.188032E+03     0.188488E+03     0.192461E+03     0.192299E+03     0.189834E+03     0.189605E+03     0.186422E+03     0.185157E+03     0.187984E+03     0.186464E+03     0.185451E+03     0.187685E+03     0.189174E+03     0.189048E+03     0.188727E+03     0.188572E+03     0.182734E+03     0.182571E+03     0.182351E+03     0.182034E+03     0.181881E+03     0.186237E+03     0.186074E+03     0.185851E+03     0.185725E+03     0.185421E+03     0.183762E+03     0.183206E+03     0.181422E+03     0.181276E+03     0.181057E+03     0.180878E+03     0.185643E+03     0.185487E+03     0.185213E+03     0.181372E+03     0.181214E+03     0.180906E+03     0.184757E+03     0.185780E+03     0.185643E+03     0.183411E+03     0.181321E+03     0.180619E+03     0.179148E+03     0.179148E+03     0.179148E+03     0.179148E+03     0.179148E+03     0.179148E+03     0.179148E+03     0.179148E+03     0.179148E+03     0.179148E+03     0.179148E+03     0.179148E+03     0.179148E+03     0.179148E+03     0.179148E+03     0.179148E+03     0.179148E+03     0.179148E+03     0.179148E+03     0.100000E+21
 0.140000E+03     0.242001E+03     0.242001E+03     0.242001E+03     0.242001E+03     0.242001E+03     0.242001E+03     0.242001E+03     0.242001E+03     0.242001E+03     0.242001E+03     0.242001E+03     0.242001E+03     0.242001E+03     0.206670E+03     0.206670E+03     0.205194E+03     0.231894E+03     0.227028E+03     0.226766E+03     0.226590E+03     0.218800E+03     0.217690E+03     0.216961E+03     0.215381E+03     0.217990E+03     0.218369E+03     0.216750E+03     0.216051E+03     0.215843E+03     0.213807E+03     0.225147E+03     0.241662E+03     0.240692E+03     0.241646E+03     0.239229E+03     0.238888E+03     0.210949E+03     0.210671E+03     0.210523E+03     0.210211E+03     0.210084E+03     0.211249E+03     0.211097E+03     0.208002E+03     0.207855E+03     0.208524E+03     0.210399E+03     0.210258E+03     0.207355E+03     0.207209E+03     0.201460E+03     0.191244E+03     0.190941E+03     0.191914E+03     0.194383E+03     0.192864E+03     0.190243E+03     0.187733E+03     0.187603E+03     0.187314E+03     0.191614E+03     0.191484E+03     0.188045E+03     0.188488E+03     0.192461E+03     0.192321E+03     0.189834E+03     0.189405E+03     0.186422E+03     0.185157E+03     0.187717E+03     0.186464E+03     0.185202E+03     0.187747E+03     0.189174E+03     0.189055E+03     0.188706E+03     0.188572E+03     0.182722E+03     0.182571E+03     0.182351E+03     0.182022E+03     0.181881E+03     0.186218E+03     0.186074E+03     0.185851E+03     0.185730E+03     0.185421E+03     0.183993E+03     0.183206E+03     0.181415E+03     0.181276E+03     0.181057E+03     0.180898E+03     0.185643E+03     0.185501E+03     0.185213E+03     0.181372E+03     0.181225E+03     0.180906E+03     0.184187E+03     0.185771E+03     0.185643E+03     0.183489E+03     0.181252E+03     0.180619E+03     0.179148E+03     0.179148E+03     0.179148E+03     0.179148E+03     0.179148E+03     0.179148E+03     0.179148E+03     0.179148E+03     0.179148E+03     0.179148E+03     0.179148E+03     0.179148E+03     0.179148E+03     0.179148E+03     0.179148E+03     0.179148E+03     0.179148E+03     0.179148E+03     0.179148E+03     0.100000E+21
 0.160000E+03     0.242001E+03     0.242001E+03     0.242001E+03     0.242001E+03     0.242001E+03     0.242001E+03     0.242001E+03     0.242001E+03     0.242001E+03     0.242001E+03     0.242001E+03     0.242001E+03     0.242001E+03     0.206670E+03     0.205376E+03     0.205194E+03     0.232299E+03     0.227028E+03     0.226766E+03     0.226560E+03     0.218800E+03     0.217513E+03     0.217042E+03     0.215381E+03     0.218235E+03     0.218861E+03     0.216750E+03     0.216073E+03     0.215843E+03     0.213807E+03     0.218947E+03     0.219579E+03     0.241228E+03     0.241646E+03     0.239229E+03     0.238863E+03     0.210949E+03     0.210725E+03     0.210523E+03     0.210219E+03     0.210084E+03     0.210284E+03     0.210945E+03     0.208002E+03     0.207837E+03     0.208524E+03     0.210399E+03     0.210241E+03     0.207355E+03     0.207172E+03     0.202302E+03     0.191244E+03     0.190922E+03     0.191459E+03     0.194383E+03     0.193259E+03     0.190243E+03     0.189104E+03     0.188004E+03     0.187314E+03     0.191650E+03     0.191484E+03     0.188027E+03     0.188488E+03     0.192461E+03     0.192282E+03     0.189834E+03     0.189688E+03     0.186422E+03     0.185157E+03     0.188104E+03     0.186464E+03     0.184969E+03     0.187660E+03     0.189174E+03     0.189046E+03     0.188740E+03     0.188572E+03     0.182740E+03     0.182571E+03     0.182351E+03     0.182039E+03     0.181881E+03     0.186249E+03     0.186074E+03     0.185851E+03     0.185723E+03     0.185421E+03     0.183470E+03     0.183206E+03     0.181425E+03     0.181276E+03     0.181057E+03     0.180868E+03     0.185643E+03     0.185481E+03     0.185213E+03     0.181372E+03     0.181210E+03     0.180906E+03     0.185186E+03     0.185784E+03     0.185643E+03     0.183378E+03     0.181352E+03     0.180619E+03     0.179148E+03     0.179148E+03     0.179148E+03     0.179148E+03     0.179148E+03     0.179148E+03     0.179148E+03     0.179148E+03     0.179148E+03     0.179148E+03     0.179148E+03     0.179148E+03     0.179148E+03     0.179148E+03     0.179148E+03     0.179148E+03     0.179148E+03     0.179148E+03     0.179148E+03     0.100000E+21
 0.180000E+03     0.242001E+03     0.242001E+03     0.242001E+03     0.242001E+03     0.242001E+03     0.242001E+03     0.242001E+03     0.242001E+03     0.242001E+03     0.242001E+03     0.242001E+03     0.242001E+03     0.242001E+03     0.206670E+03     0.205621E+03     0.205194E+03     0.231894E+03     0.227028E+03     0.226766E+03     0.226590E+03     0.218800E+03     0.217690E+03     0.216961E+03     0.215381E+03     0.217990E+03     0.218369E+03     0.216750E+03     0.216051E+03     0.215843E+03     0.213807E+03     0.215736E+03     0.215520E+03     0.240879E+03     0.240121E+03     0.239229E+03     0.238888E+03     0.210949E+03     0.210671E+03     0.210523E+03     0.210211E+03     0.210084E+03     0.209865E+03     0.210669E+03     0.208002E+03     0.207855E+03     0.208524E+03     0.210399E+03     0.210258E+03     0.207355E+03     0.207209E+03     0.201460E+03     0.191244E+03     0.190941E+03     0.191914E+03     0.194383E+03     0.192864E+03     0.190243E+03     0.190046E+03     0.188485E+03     0.187314E+03     0.191614E+03     0.191484E+03     0.188045E+03     0.188488E+03     0.192461E+03     0.192321E+03     0.189834E+03     0.189405E+03     0.186422E+03     0.185817E+03     0.187909E+03     0.186464E+03     0.185202E+03     0.187747E+03     0.189174E+03     0.189055E+03     0.188706E+03     0.188572E+03     0.183882E+03     0.182571E+03     0.182351E+03     0.182022E+03     0.181881E+03     0.186218E+03     0.186074E+03     0.185851E+03     0.185730E+03     0.184311E+03     0.183726E+03     0.183206E+03     0.181415E+03     0.181276E+03     0.181057E+03     0.183153E+03     0.185643E+03     0.185501E+03     0.185213E+03     0.181372E+03     0.181225E+03     0.180906E+03     0.184187E+03     0.185771E+03     0.185643E+03     0.183489E+03     0.181252E+03     0.180619E+03     0.179148E+03     0.179148E+03     0.179148E+03     0.179148E+03     0.179148E+03     0.179148E+03     0.179148E+03     0.179148E+03     0.179148E+03     0.179148E+03     0.179148E+03     0.179148E+03     0.179148E+03     0.179148E+03     0.179148E+03     0.179148E+03     0.179148E+03     0.179148E+03     0.179148E+03     0.100000E+21
 0.200000E+03     0.242001E+03     0.242001E+03     0.242001E+03     0.242001E+03     0.242001E+03     0.242001E+03     0.242001E+03     0.242001E+03     0.242001E+03     0.242001E+03     0.242001E+03     0.242001E+03     0.242001E+03     0.206670E+03     0.205453E+03     0.210245E+03     0.232181E+03     0.227028E+03     0.226766E+03     0.226570E+03     0.218800E+03     0.217569E+03     0.217018E+03     0.215381E+03     0.218164E+03     0.218649E+03     0.216750E+03     0.216066E+03     0.215843E+03     0.213807E+03     0.215757E+03     0.215520E+03     0.240690E+03     0.239232E+03     0.239229E+03     0.238871E+03     0.238092E+03     0.210695E+03     0.210523E+03     0.210217E+03     0.210084E+03     0.209865E+03     0.210778E+03     0.208002E+03     0.207842E+03     0.208524E+03     0.210399E+03     0.210246E+03     0.207355E+03     0.207186E+03     0.207775E+03     0.207156E+03     0.197215E+03     0.191608E+03     0.194383E+03     0.193136E+03     0.190243E+03     0.190046E+03     0.188380E+03     0.187314E+03     0.191634E+03     0.191484E+03     0.188032E+03     0.188488E+03     0.192461E+03     0.192299E+03     0.189834E+03     0.189605E+03     0.186422E+03     0.186199E+03     0.188263E+03     0.186464E+03     0.185045E+03     0.186631E+03     0.186505E+03     0.188089E+03     0.188727E+03     0.188572E+03     0.184706E+03     0.182571E+03     0.182351E+03     0.182034E+03     0.181881E+03     0.186237E+03     0.186074E+03     0.185851E+03     0.185725E+03     0.183662E+03     0.183466E+03     0.183206E+03     0.181422E+03     0.181276E+03     0.181057E+03     0.184737E+03     0.185643E+03     0.185487E+03     0.185213E+03     0.181372E+03     0.181214E+03     0.180906E+03     0.184757E+03     0.185780E+03     0.185643E+03     0.183411E+03     0.181321E+03     0.180619E+03     0.179148E+03     0.179148E+03     0.179148E+03     0.179148E+03     0.179148E+03     0.179148E+03     0.179148E+03     0.179148E+03     0.179148E+03     0.179148E+03     0.179148E+03     0.179148E+03     0.179148E+03     0.179148E+03     0.179148E+03     0.179148E+03     0.179148E+03     0.179148E+03     0.179148E+03     0.100000E+21
 0.220000E+03     0.242001E+03     0.242001E+03     0.242001E+03     0.242001E+03     0.242001E+03     0.242001E+03     0.242001E+03     0.242001E+03     0.242001E+03     0.242001E+03     0.242001E+03     0.242001E+03     0.242001E+03     0.206670E+03     0.205290E+03     0.210245E+03     0.232295E+03     0.227028E+03     0.226766E+03     0.226560E+03     0.218800E+03     0.217514E+03     0.217041E+03     0.215381E+03     0.218233E+03     0.218858E+03     0.216750E+03     0.216073E+03     0.215843E+03     0.213807E+03     0.215766E+03     0.215520E+03     0.240774E+03     0.239232E+03     0.240347E+03     0.239247E+03     0.238092E+03     0.210724E+03     0.210523E+03     0.210219E+03     0.210084E+03     0.209865E+03     0.210842E+03     0.208002E+03     0.207837E+03     0.208524E+03     0.210399E+03     0.210241E+03     0.207355E+03     0.207172E+03     0.207788E+03     0.207156E+03     0.197051E+03     0.191461E+03     0.194383E+03     0.193257E+03     0.190243E+03     0.190046E+03     0.188339E+03     0.187314E+03     0.191650E+03     0.191484E+03     0.188027E+03     0.188488E+03     0.192461E+03     0.192282E+03     0.189834E+03     0.189685E+03     0.186422E+03     0.186199E+03     0.188349E+03     0.186464E+03     0.184970E+03     0.186633E+03     0.186505E+03     0.188124E+03     0.188740E+03     0.188572E+03     0.184774E+03     0.182571E+03     0.182351E+03     0.182039E+03     0.181881E+03     0.186249E+03     0.186074E+03     0.185851E+03     0.185723E+03     0.183662E+03     0.183433E+03     0.183206E+03     0.181425E+03     0.181276E+03     0.181057E+03     0.184949E+03     0.185643E+03     0.185481E+03     0.185213E+03     0.181372E+03     0.181210E+03     0.180906E+03     0.185180E+03     0.185783E+03     0.185643E+03     0.183380E+03     0.181352E+03     0.180619E+03     0.179148E+03     0.179148E+03     0.179148E+03     0.179148E+03     0.179148E+03     0.179148E+03     0.179148E+03     0.179148E+03     0.179148E+03     0.179148E+03     0.179148E+03     0.179148E+03     0.179148E+03     0.179148E+03     0.179148E+03     0.179148E+03     0.179148E+03     0.179148E+03     0.179148E+03     0.100000E+21
 0.240000E+03     0.242001E+03     0.242001E+03     0.242001E+03     0.242001E+03     0.242001E+03     0.242001E+03     0.242001E+03     0.242001E+03     0.242001E+03     0.242001E+03     0.242001E+03     0.242001E+03     0.242001E+03     0.206670E+03     0.205539E+03     0.210245E+03     0.232053E+03     0.227028E+03     0.226766E+03     0.226579E+03     0.218800E+03     0.217624E+03     0.216992E+03     0.215381E+03     0.218087E+03     0.218510E+03     0.216750E+03     0.216059E+03     0.215843E+03     0.213807E+03     0.215748E+03     0.215520E+03     0.240613E+03     0.239232E+03     0.241105E+03     0.239609E+03     0.238092E+03     0.210683E+03     0.210523E+03     0.210214E+03     0.210084E+03     0.209865E+03     0.210725E+03     0.208002E+03     0.207848E+03     0.208524E+03     0.210399E+03     0.210251E+03     0.207355E+03     0.207197E+03     0.207760E+03     0.207156E+03     0.197400E+03     0.191749E+03     0.194383E+03     0.193011E+03     0.190243E+03     0.190046E+03     0.188427E+03     0.187314E+03     0.191624E+03     0.191484E+03     0.188038E+03     0.188488E+03     0.192461E+03     0.192310E+03     0.190449E+03     0.189516E+03     0.186422E+03     0.186199E+03     0.188174E+03     0.186464E+03     0.185117E+03     0.186628E+03     0.186505E+03     0.188050E+03     0.188717E+03     0.188572E+03     0.184632E+03     0.182571E+03     0.182351E+03     0.182028E+03     0.181881E+03     0.186228E+03     0.186074E+03     0.185851E+03     0.185727E+03     0.183662E+03     0.183480E+03     0.183206E+03     0.181419E+03     0.181276E+03     0.181057E+03     0.184543E+03     0.185643E+03     0.185493E+03     0.185213E+03     0.181372E+03     0.181219E+03     0.180906E+03     0.184475E+03     0.185776E+03     0.185643E+03     0.183446E+03     0.181289E+03     0.180619E+03     0.179148E+03     0.179148E+03     0.179148E+03     0.179148E+03     0.179148E+03     0.179148E+03     0.179148E+03     0.179148E+03     0.179148E+03     0.179148E+03     0.179148E+03     0.179148E+03     0.179148E+03     0.179148E+03     0.179148E+03     0.179148E+03     0.179148E+03     0.179148E+03     0.179148E+03     0.100000E+21
 0.260000E+03     0.242001E+03     0.242001E+03     0.242001E+03     0.242001E+03     0.242001E+03     0.242001E+03     0.242001E+03     0.242001E+03     0.242001E+03     0.242001E+03     0.242001E+03     0.242001E+03     0.242001E+03     0.206670E+03     0.205430E+03     0.210245E+03     0.232282E+03     0.227028E+03     0.226766E+03     0.226566E+03     0.218800E+03     0.217545E+03     0.217042E+03     0.215381E+03     0.218221E+03     0.218680E+03     0.216750E+03     0.216071E+03     0.215843E+03     0.217814E+03     0.215762E+03     0.215520E+03     0.240718E+03     0.239232E+03     0.241105E+03     0.239547E+03     0.238092E+03     0.210698E+03     0.210523E+03     0.210219E+03     0.210084E+03     0.209865E+03     0.210796E+03     0.208002E+03     0.207839E+03     0.208524E+03     0.210399E+03     0.210243E+03     0.207355E+03     0.207183E+03     0.207787E+03     0.207156E+03     0.197049E+03     0.191558E+03     0.194383E+03     0.193196E+03     0.190243E+03     0.190046E+03     0.188346E+03     0.187314E+03     0.191637E+03     0.191484E+03     0.188027E+03     0.188488E+03     0.192461E+03     0.192296E+03     0.192064E+03     0.189671E+03     0.186422E+03     0.186199E+03     0.188306E+03     0.186464E+03     0.185020E+03     0.186633E+03     0.186505E+03     0.188120E+03     0.188362E+03     0.186626E+03     0.184751E+03     0.182571E+03     0.182351E+03     0.182037E+03     0.181881E+03     0.186240E+03     0.186074E+03     0.185851E+03     0.185723E+03     0.183662E+03     0.183462E+03     0.183206E+03     0.181425E+03     0.181276E+03     0.181057E+03     0.184809E+03     0.185643E+03     0.185484E+03     0.185213E+03     0.181372E+03     0.181211E+03     0.180906E+03     0.184819E+03     0.185783E+03     0.185643E+03     0.183378E+03     0.181334E+03     0.180619E+03     0.179148E+03     0.179148E+03     0.179148E+03     0.179148E+03     0.179148E+03     0.179148E+03     0.179148E+03     0.179148E+03     0.179148E+03     0.179148E+03     0.179148E+03     0.179148E+03     0.179148E+03     0.179148E+03     0.179148E+03     0.179148E+03     0.179148E+03     0.179148E+03     0.179148E+03     0.100000E+21
 0.280000E+03     0.242001E+03     0.242001E+03     0.242001E+03     0.242001E+03     0.242001E+03     0.242001E+03     0.242001E+03     0.242001E+03     0.242001E+03     0.242001E+03     0.242001E+03     0.242001E+03     0.242001E+03     0.206670E+03     0.205657E+03     0.210245E+03     0.231808E+03     0.227028E+03     0.226766E+03     0.226595E+03     0.218800E+03     0.217722E+03     0.216943E+03     0.215381E+03     0.217939E+03     0.218308E+03     0.216750E+03     0.216046E+03     0.215843E+03     0.220932E+03     0.215731E+03     0.215520E+03     0.240487E+03     0.239232E+03     0.241105E+03     0.239673E+03     0.238092E+03     0.210666E+03     0.210523E+03     0.210209E+03     0.210084E+03     0.209865E+03     0.210643E+03     0.208002E+03     0.207858E+03     0.208524E+03     0.210399E+03     0.210261E+03     0.207355E+03     0.207214E+03     0.207730E+03     0.207156E+03     0.197754E+03     0.191991E+03     0.194383E+03     0.192791E+03     0.190243E+03     0.190046E+03     0.188516E+03     0.187314E+03     0.191609E+03     0.191484E+03     0.188050E+03     0.188488E+03     0.192461E+03     0.192325E+03     0.192064E+03     0.189346E+03     0.186422E+03     0.186199E+03     0.188017E+03     0.186464E+03     0.185241E+03     0.186624E+03     0.186505E+03     0.187976E+03     0.187653E+03     0.185851E+03     0.184494E+03     0.182571E+03     0.182351E+03     0.182018E+03     0.181881E+03     0.186213E+03     0.186074E+03     0.185851E+03     0.185732E+03     0.183662E+03     0.183499E+03     0.183206E+03     0.181413E+03     0.181276E+03     0.181057E+03     0.184225E+03     0.185643E+03     0.185505E+03     0.185213E+03     0.181372E+03     0.181228E+03     0.180906E+03     0.184065E+03     0.185769E+03     0.185643E+03     0.183513E+03     0.181233E+03     0.180619E+03     0.179148E+03     0.179148E+03     0.179148E+03     0.179148E+03     0.179148E+03     0.179148E+03     0.179148E+03     0.179148E+03     0.179148E+03     0.179148E+03     0.179148E+03     0.179148E+03     0.179148E+03     0.179148E+03     0.179148E+03     0.179148E+03     0.179148E+03     0.179148E+03     0.179148E+03     0.100000E+21
 0.300000E+03     0.242001E+03     0.242001E+03     0.242001E+03     0.242001E+03     0.242001E+03     0.242001E+03     0.242001E+03     0.242001E+03     0.242001E+03     0.242001E+03     0.242001E+03     0.242001E+03     0.242001E+03     0.206670E+03     0.205573E+03     0.210245E+03     0.231992E+03     0.227028E+03     0.226766E+03     0.226583E+03     0.218800E+03     0.217650E+03     0.216981E+03     0.215381E+03     0.218050E+03     0.218450E+03     0.216750E+03     0.216056E+03     0.215843E+03     0.220932E+03     0.215743E+03     0.215520E+03     0.240578E+03     0.239232E+03     0.241105E+03     0.239625E+03     0.238092E+03     0.210678E+03     0.210523E+03     0.210213E+03     0.210084E+03     0.209865E+03     0.210702E+03     0.208002E+03     0.207851E+03     0.208524E+03     0.210399E+03     0.210254E+03     0.207355E+03     0.207202E+03     0.207752E+03     0.207156E+03     0.196862E+03     0.191816E+03     0.194383E+03     0.192953E+03     0.190243E+03     0.190046E+03     0.188449E+03     0.187314E+03     0.190392E+03     0.191484E+03     0.188041E+03     0.188488E+03     0.192461E+03     0.192314E+03     0.192064E+03     0.189474E+03     0.186422E+03     0.186199E+03     0.186138E+03     0.186464E+03     0.185151E+03     0.186627E+03     0.186505E+03     0.188032E+03     0.187807E+03     0.185851E+03     0.184596E+03     0.182571E+03     0.182351E+03     0.182026E+03     0.181881E+03     0.186224E+03     0.186074E+03     0.185851E+03     0.185728E+03     0.183662E+03     0.183485E+03     0.183206E+03     0.181417E+03     0.181276E+03     0.181057E+03     0.184455E+03     0.185643E+03     0.185496E+03     0.185213E+03     0.181372E+03     0.181222E+03     0.180906E+03     0.184353E+03     0.185774E+03     0.185643E+03     0.183462E+03     0.181274E+03     0.180619E+03     0.179148E+03     0.179148E+03     0.179148E+03     0.179148E+03     0.179148E+03     0.179148E+03     0.179148E+03     0.179148E+03     0.179148E+03     0.179148E+03     0.179148E+03     0.179148E+03     0.179148E+03     0.179148E+03     0.179148E+03     0.179148E+03     0.179148E+03     0.179148E+03     0.179148E+03     0.100000E+21
 0.320000E+03     0.242001E+03     0.242001E+03     0.242001E+03     0.242001E+03     0.242001E+03     0.242001E+03     0.242001E+03     0.242001E+03     0.242001E+03     0.242001E+03     0.242001E+03     0.242001E+03     0.242001E+03     0.206670E+03     0.205417E+03     0.210245E+03     0.232287E+03     0.227028E+03     0.226766E+03     0.226565E+03     0.218800E+03     0.217540E+03     0.217043E+03     0.215381E+03     0.218224E+03     0.218701E+03     0.216750E+03     0.216071E+03     0.215843E+03     0.220932E+03     0.215763E+03     0.215520E+03     0.240726E+03     0.239232E+03     0.241105E+03     0.239546E+03     0.238092E+03     0.210700E+03     0.210523E+03     0.210219E+03     0.210084E+03     0.209865E+03     0.210802E+03     0.208002E+03     0.207839E+03     0.208524E+03     0.210399E+03     0.210243E+03     0.207355E+03     0.207182E+03     0.207788E+03     0.207156E+03     0.196049E+03     0.191544E+03     0.194383E+03     0.193206E+03     0.190243E+03     0.190046E+03     0.188344E+03     0.187314E+03     0.189763E+03     0.191484E+03     0.188027E+03     0.188488E+03     0.192461E+03     0.192294E+03     0.192064E+03     0.189675E+03     0.186422E+03     0.186199E+03     0.185252E+03     0.186464E+03     0.185013E+03     0.186633E+03     0.186505E+03     0.188122E+03     0.188066E+03     0.185851E+03     0.185192E+03     0.184553E+03     0.182351E+03     0.182037E+03     0.181881E+03     0.186241E+03     0.186074E+03     0.185851E+03     0.185723E+03     0.183662E+03     0.183460E+03     0.183206E+03     0.181425E+03     0.181276E+03     0.181057E+03     0.184829E+03     0.185643E+03     0.185484E+03     0.185213E+03     0.181372E+03     0.181211E+03     0.180906E+03     0.184861E+03     0.185783E+03     0.185643E+03     0.183377E+03     0.181337E+03     0.180619E+03     0.179148E+03     0.179148E+03     0.179148E+03     0.179148E+03     0.179148E+03     0.179148E+03     0.179148E+03     0.179148E+03     0.179148E+03     0.179148E+03     0.179148E+03     0.179148E+03     0.179148E+03     0.179148E+03     0.179148E+03     0.179148E+03     0.179148E+03     0.179148E+03     0.179148E+03     0.100000E+21
 0.340000E+03     0.242001E+03     0.242001E+03     0.242001E+03     0.242001E+03     0.242001E+03     0.242001E+03     0.242001E+03     0.242001E+03     0.242001E+03     0.242001E+03     0.242001E+03     0.242001E+03     0.242001E+03     0.206670E+03     0.205394E+03     0.210245E+03     0.232217E+03     0.227028E+03     0.226766E+03     0.226565E+03     0.218800E+03     0.217540E+03     0.217023E+03     0.215381E+03     0.218188E+03     0.218751E+03     0.216750E+03     0.216069E+03     0.215843E+03     0.220932E+03     0.215761E+03     0.215520E+03     0.240730E+03     0.239232E+03     0.241105E+03     0.239567E+03     0.238092E+03     0.210704E+03     0.210523E+03     0.210217E+03     0.210084E+03     0.209865E+03     0.210808E+03     0.208002E+03     0.207840E+03     0.208524E+03     0.210399E+03     0.210244E+03     0.207355E+03     0.207179E+03     0.207779E+03     0.207156E+03     0.196192E+03     0.190473E+03     0.190327E+03     0.193193E+03     0.190243E+03     0.190046E+03     0.188366E+03     0.187314E+03     0.189737E+03     0.191484E+03     0.188031E+03     0.188488E+03     0.192461E+03     0.192292E+03     0.192064E+03     0.190107E+03     0.191045E+03     0.186199E+03     0.185256E+03     0.186464E+03     0.185004E+03     0.186631E+03     0.186505E+03     0.188100E+03     0.188734E+03     0.188572E+03     0.185577E+03     0.185421E+03     0.182351E+03     0.182036E+03     0.181881E+03     0.186243E+03     0.186074E+03     0.185851E+03     0.185724E+03     0.185421E+03     0.183678E+03     0.183206E+03     0.181423E+03     0.181276E+03     0.181057E+03     0.184839E+03     0.185643E+03     0.185484E+03     0.185213E+03     0.181372E+03     0.181213E+03     0.180906E+03     0.184963E+03     0.185781E+03     0.185643E+03     0.183404E+03     0.181337E+03     0.180619E+03     0.179148E+03     0.179148E+03     0.179148E+03     0.179148E+03     0.179148E+03     0.179148E+03     0.179148E+03     0.179148E+03     0.179148E+03     0.179148E+03     0.179148E+03     0.179148E+03     0.179148E+03     0.179148E+03     0.179148E+03     0.179148E+03     0.179148E+03     0.179148E+03     0.179148E+03     0.100000E+21
 0.360000E+03     0.242001E+03     0.242001E+03     0.242001E+03     0.242001E+03     0.242001E+03     0.242001E+03     0.242001E+03     0.242001E+03     0.242001E+03     0.242001E+03     0.242001E+03     0.242001E+03     0.242001E+03     0.206670E+03     0.205503E+03     0.210245E+03     0.232241E+03     0.227028E+03     0.226766E+03     0.226572E+03     0.218800E+03     0.217580E+03     0.217037E+03     0.215381E+03     0.218193E+03     0.218554E+03     0.216750E+03     0.216068E+03     0.215843E+03     0.220932E+03     0.214872E+03     0.215520E+03     0.240665E+03     0.239232E+03     0.241105E+03     0.239557E+03     0.238092E+03     0.210688E+03     0.210523E+03     0.210218E+03     0.210084E+03     0.209865E+03     0.210756E+03     0.208002E+03     0.207842E+03     0.208524E+03     0.210399E+03     0.210245E+03     0.207355E+03     0.207193E+03     0.207782E+03     0.207156E+03     0.196102E+03     0.190466E+03     0.190327E+03     0.193637E+03     0.192222E+03     0.190046E+03     0.188363E+03     0.187314E+03     0.189871E+03     0.191484E+03     0.188028E+03     0.188488E+03     0.192461E+03     0.192305E+03     0.192064E+03     0.190106E+03     0.191045E+03     0.186199E+03     0.185278E+03     0.187725E+03     0.186081E+03     0.186632E+03     0.186505E+03     0.188108E+03     0.188721E+03     0.188572E+03     0.185576E+03     0.185421E+03     0.182351E+03     0.182034E+03     0.181881E+03     0.186233E+03     0.186074E+03     0.185851E+03     0.185723E+03     0.185421E+03     0.183833E+03     0.183206E+03     0.181424E+03     0.181276E+03     0.181057E+03     0.184674E+03     0.185643E+03     0.185488E+03     0.185213E+03     0.181372E+03     0.181213E+03     0.180906E+03     0.184564E+03     0.185781E+03     0.185643E+03     0.183385E+03     0.181314E+03     0.180619E+03     0.179148E+03     0.179148E+03     0.179148E+03     0.179148E+03     0.179148E+03     0.179148E+03     0.179148E+03     0.179148E+03     0.179148E+03     0.179148E+03     0.179148E+03     0.179148E+03     0.179148E+03     0.179148E+03     0.179148E+03     0.179148E+03     0.179148E+03     0.179148E+03     0.179148E+03     0.100000E+21
 0.380000E+03     0.242001E+03     0.242001E+03     0.242001E+03     0.242001E+03     0.242001E+03     0.242001E+03     0.242001E+03     0.242001E+03     0.242001E+03     0.242001E+03     0.242001E+03     0.242001E+03     0.242001E+03     0.206670E+03     0.205654E+03     0.210245E+03     0.231815E+03     0.227028E+03     0.226766E+03     0.226595E+03     0.218800E+03     0.217719E+03     0.216945E+03     0.215381E+03     0.217943E+03     0.218387E+03     0.216932E+03     0.216047E+03     0.215843E+03     0.220932E+03     0.214237E+03     0.215520E+03     0.240490E+03     0.239232E+03     0.241105E+03     0.239671E+03     0.238092E+03     0.210666E+03     0.210523E+03     0.210210E+03     0.210084E+03     0.209865E+03     0.210645E+03     0.208002E+03     0.207858E+03     0.208524E+03     0.210399E+03     0.210261E+03     0.207355E+03     0.207214E+03     0.207731E+03     0.207156E+03     0.196817E+03     0.190449E+03     0.190327E+03     0.194127E+03     0.193998E+03     0.190046E+03     0.188514E+03     0.187314E+03     0.190079E+03     0.191484E+03     0.188049E+03     0.188488E+03     0.190595E+03     0.191682E+03     0.192064E+03     0.190190E+03     0.191045E+03     0.186199E+03     0.185382E+03     0.188824E+03     0.187218E+03     0.185992E+03     0.186505E+03     0.187978E+03     0.188701E+03     0.188572E+03     0.185560E+03     0.185421E+03     0.182351E+03     0.182019E+03     0.181881E+03     0.184870E+03     0.186074E+03     0.185851E+03     0.185732E+03     0.185421E+03     0.184038E+03     0.183206E+03     0.181413E+03     0.181276E+03     0.181057E+03     0.184233E+03     0.185643E+03     0.185504E+03     0.185213E+03     0.181372E+03     0.181228E+03     0.180906E+03     0.184075E+03     0.185769E+03     0.185643E+03     0.183510E+03     0.181235E+03     0.180619E+03     0.179148E+03     0.179148E+03     0.179148E+03     0.179148E+03     0.179148E+03     0.179148E+03     0.179148E+03     0.179148E+03     0.179148E+03     0.179148E+03     0.179148E+03     0.179148E+03     0.179148E+03     0.179148E+03     0.179148E+03     0.179148E+03     0.179148E+03     0.179148E+03     0.179148E+03     0.100000E+21
 0.400000E+03     0.242001E+03     0.242001E+03     0.242001E+03     0.242001E+03     0.242001E+03     0.242001E+03     0.242001E+03     0.242001E+03     0.242001E+03     0.242001E+03     0.242001E+03     0.242001E+03     0.242001E+03     0.206670E+03     0.205638E+03     0.210245E+03     0.231854E+03     0.227028E+03     0.226766E+03     0.226592E+03     0.218800E+03     0.217705E+03     0.216953E+03     0.215381E+03     0.217967E+03     0.218492E+03     0.217156E+03     0.216049E+03     0.215843E+03     0.220932E+03     0.214222E+03     0.215520E+03     0.240508E+03     0.239232E+03     0.241105E+03     0.239661E+03     0.238092E+03     0.210669E+03     0.210523E+03     0.210210E+03     0.210084E+03     0.209865E+03     0.210656E+03     0.208002E+03     0.207857E+03     0.208524E+03     0.210399E+03     0.210260E+03     0.207355E+03     0.207212E+03     0.207736E+03     0.207156E+03     0.197408E+03     0.190451E+03     0.190327E+03     0.194128E+03     0.193998E+03     0.190046E+03     0.188500E+03     0.187314E+03     0.190057E+03     0.191484E+03     0.189193E+03     0.188488E+03     0.188278E+03     0.191041E+03     0.192064E+03     0.190182E+03     0.191045E+03     0.186199E+03     0.185372E+03     0.188824E+03     0.187195E+03     0.185225E+03     0.186505E+03     0.187990E+03     0.188704E+03     0.188572E+03     0.186605E+03     0.185421E+03     0.182351E+03     0.182020E+03     0.181881E+03     0.183075E+03     0.186074E+03     0.185851E+03     0.185731E+03     0.185421E+03     0.184017E+03     0.183206E+03     0.181414E+03     0.181276E+03     0.181057E+03     0.184278E+03     0.185643E+03     0.185503E+03     0.185213E+03     0.181372E+03     0.181227E+03     0.180906E+03     0.184129E+03     0.185770E+03     0.185643E+03     0.183500E+03     0.181243E+03     0.180619E+03     0.179148E+03     0.179148E+03     0.179148E+03     0.179148E+03     0.179148E+03     0.179148E+03     0.179148E+03     0.179148E+03     0.179148E+03     0.179148E+03     0.179148E+03     0.179148E+03     0.179148E+03     0.179148E+03     0.179148E+03     0.179148E+03     0.179148E+03     0.179148E+03     0.179148E+03     0.100000E+21
 0.420000E+03     0.242001E+03     0.242001E+03     0.242001E+03     0.242001E+03     0.242001E+03     0.242001E+03     0.242001E+03     0.242001E+03     0.242001E+03     0.242001E+03     0.242001E+03     0.242001E+03     0.242001E+03     0.206670E+03     0.205500E+03     0.210245E+03     0.232243E+03     0.227028E+03     0.226766E+03     0.226571E+03     0.218800E+03     0.217579E+03     0.217037E+03     0.215381E+03     0.217462E+03     0.218677E+03     0.217156E+03     0.216068E+03     0.215843E+03     0.220932E+03     0.214080E+03     0.215520E+03     0.240667E+03     0.239232E+03     0.241105E+03     0.239556E+03     0.238092E+03     0.210688E+03     0.210523E+03     0.210218E+03     0.210084E+03     0.209865E+03     0.210758E+03     0.209542E+03     0.208275E+03     0.208524E+03     0.210399E+03     0.210245E+03     0.207355E+03     0.207192E+03     0.207782E+03     0.207156E+03     0.197289E+03     0.190466E+03     0.190327E+03     0.194143E+03     0.193998E+03     0.190046E+03     0.188363E+03     0.187314E+03     0.189868E+03     0.191484E+03     0.190102E+03     0.188488E+03     0.188278E+03     0.191408E+03     0.192064E+03     0.190106E+03     0.191045E+03     0.186199E+03     0.185277E+03     0.188824E+03     0.186997E+03     0.185145E+03     0.186505E+03     0.187184E+03     0.188721E+03     0.188572E+03     0.187476E+03     0.185421E+03     0.182351E+03     0.182034E+03     0.181881E+03     0.182691E+03     0.186074E+03     0.185851E+03     0.185723E+03     0.185421E+03     0.183829E+03     0.183206E+03     0.181424E+03     0.181276E+03     0.181057E+03     0.184679E+03     0.185643E+03     0.185487E+03     0.185213E+03     0.181372E+03     0.181213E+03     0.180906E+03     0.184573E+03     0.185781E+03     0.185643E+03     0.183385E+03     0.181315E+03     0.180619E+03     0.179148E+03     0.179148E+03     0.179148E+03     0.179148E+03     0.179148E+03     0.179148E+03     0.179148E+03     0.179148E+03     0.179148E+03     0.179148E+03     0.179148E+03     0.179148E+03     0.179148E+03     0.179148E+03     0.179148E+03     0.179148E+03     0.179148E+03     0.179148E+03     0.179148E+03     0.100000E+21
 0.440000E+03     0.242001E+03     0.242001E+03     0.242001E+03     0.242001E+03     0.242001E+03     0.242001E+03     0.242001E+03     0.242001E+03     0.242001E+03     0.242001E+03     0.242001E+03     0.242001E+03     0.242001E+03     0.206670E+03     0.205303E+03     0.210245E+03     0.232263E+03     0.227028E+03     0.226766E+03     0.226560E+03     0.218800E+03     0.217513E+03     0.217031E+03     0.215381E+03     0.216829E+03     0.218936E+03     0.217156E+03     0.216071E+03     0.215843E+03     0.220932E+03     0.214027E+03     0.215520E+03     0.240773E+03     0.239232E+03     0.241105E+03     0.239556E+03     0.238092E+03     0.210719E+03     0.210523E+03     0.210218E+03     0.210084E+03     0.209865E+03     0.210841E+03     0.210822E+03     0.208645E+03     0.208524E+03     0.210399E+03     0.210242E+03     0.207355E+03     0.207171E+03     0.207785E+03     0.207156E+03     0.197310E+03     0.190477E+03     0.190327E+03     0.194149E+03     0.193998E+03     0.190046E+03     0.188348E+03     0.187314E+03     0.189502E+03     0.189702E+03     0.190096E+03     0.188488E+03     0.188278E+03     0.191852E+03     0.192064E+03     0.190097E+03     0.191045E+03     0.186199E+03     0.185237E+03     0.188824E+03     0.186861E+03     0.185148E+03     0.186505E+03     0.186360E+03     0.188741E+03     0.188572E+03     0.187522E+03     0.185421E+03     0.182351E+03     0.182038E+03     0.181881E+03     0.182374E+03     0.186074E+03     0.185851E+03     0.185724E+03     0.185421E+03     0.183529E+03     0.183206E+03     0.181424E+03     0.181276E+03     0.181057E+03     0.184947E+03     0.185643E+03     0.185482E+03     0.185213E+03     0.181372E+03     0.181211E+03     0.180906E+03     0.185199E+03     0.185783E+03     0.185643E+03     0.183392E+03     0.181352E+03     0.180619E+03     0.179148E+03     0.179148E+03     0.179148E+03     0.179148E+03     0.179148E+03     0.179148E+03     0.179148E+03     0.179148E+03     0.179148E+03     0.179148E+03     0.179148E+03     0.179148E+03     0.179148E+03     0.179148E+03     0.179148E+03     0.179148E+03     0.179148E+03     0.179148E+03     0.179148E+03     0.100000E+21
 0.460000E+03     0.242001E+03     0.242001E+03     0.242001E+03     0.242001E+03     0.242001E+03     0.242001E+03     0.242001E+03     0.242001E+03     0.242001E+03     0.242001E+03     0.242001E+03     0.242001E+03     0.242001E+03     0.206670E+03     0.205472E+03     0.210245E+03     0.232262E+03     0.227028E+03     0.226766E+03     0.226569E+03     0.218800E+03     0.217564E+03     0.217040E+03     0.215381E+03     0.216824E+03     0.218718E+03     0.217156E+03     0.216070E+03     0.215843E+03     0.220932E+03     0.214067E+03     0.215520E+03     0.240689E+03     0.239232E+03     0.241105E+03     0.239552E+03     0.238092E+03     0.210692E+03     0.210523E+03     0.210219E+03     0.210084E+03     0.209865E+03     0.210774E+03     0.210822E+03     0.208680E+03     0.208524E+03     0.210399E+03     0.210244E+03     0.207355E+03     0.207189E+03     0.207785E+03     0.207156E+03     0.197269E+03     0.190468E+03     0.190327E+03     0.194145E+03     0.193998E+03     0.190046E+03     0.188355E+03     0.187314E+03     0.189388E+03     0.189231E+03     0.190104E+03     0.188488E+03     0.188278E+03     0.191478E+03     0.192064E+03     0.190101E+03     0.191045E+03     0.186199E+03     0.186045E+03     0.188824E+03     0.186969E+03     0.185142E+03     0.186505E+03     0.186360E+03     0.188725E+03     0.188572E+03     0.187491E+03     0.185421E+03     0.182351E+03     0.182036E+03     0.181881E+03     0.182630E+03     0.186074E+03     0.185851E+03     0.185723E+03     0.185421E+03     0.183791E+03     0.183206E+03     0.181424E+03     0.181276E+03     0.181057E+03     0.184735E+03     0.185643E+03     0.185486E+03     0.185213E+03     0.181372E+03     0.181212E+03     0.180906E+03     0.184674E+03     0.185782E+03     0.185643E+03     0.183381E+03     0.181323E+03     0.180619E+03     0.179148E+03     0.179148E+03     0.179148E+03     0.179148E+03     0.179148E+03     0.179148E+03     0.179148E+03     0.179148E+03     0.179148E+03     0.179148E+03     0.179148E+03     0.179148E+03     0.179148E+03     0.179148E+03     0.179148E+03     0.179148E+03     0.179148E+03     0.179148E+03     0.179148E+03     0.100000E+21
 0.480000E+03     0.242001E+03     0.242001E+03     0.242001E+03     0.242001E+03     0.242001E+03     0.242001E+03     0.242001E+03     0.242001E+03     0.242001E+03     0.242001E+03     0.242001E+03     0.242001E+03     0.242001E+03     0.206670E+03     0.205612E+03     0.210245E+03     0.231914E+03     0.227028E+03     0.226766E+03     0.225788E+03     0.218800E+03     0.217682E+03     0.216965E+03     0.215381E+03     0.216720E+03     0.218530E+03     0.217156E+03     0.216052E+03     0.215843E+03     0.220932E+03     0.214197E+03     0.215520E+03     0.240537E+03     0.239232E+03     0.241105E+03     0.239645E+03     0.238092E+03     0.210672E+03     0.210523E+03     0.210212E+03     0.210084E+03     0.209865E+03     0.210675E+03     0.210822E+03     0.208860E+03     0.208524E+03     0.210399E+03     0.210257E+03     0.207355E+03     0.207208E+03     0.207743E+03     0.207156E+03     0.197786E+03     0.190454E+03     0.190327E+03     0.194131E+03     0.193998E+03     0.190046E+03     0.188478E+03     0.187314E+03     0.189370E+03     0.189231E+03     0.190043E+03     0.188488E+03     0.188278E+03     0.191111E+03     0.192064E+03     0.190170E+03     0.191045E+03     0.186199E+03     0.186060E+03     0.188824E+03     0.187158E+03     0.185213E+03     0.186505E+03     0.186369E+03     0.188707E+03     0.188572E+03     0.187750E+03     0.186378E+03     0.183515E+03     0.182023E+03     0.181881E+03     0.183003E+03     0.186074E+03     0.185851E+03     0.185730E+03     0.185421E+03     0.183981E+03     0.183206E+03     0.181415E+03     0.181276E+03     0.181057E+03     0.184352E+03     0.185643E+03     0.185500E+03     0.185213E+03     0.181372E+03     0.181225E+03     0.180906E+03     0.184220E+03     0.185772E+03     0.185643E+03     0.183483E+03     0.181256E+03     0.180619E+03     0.179148E+03     0.179148E+03     0.179148E+03     0.179148E+03     0.179148E+03     0.179148E+03     0.179148E+03     0.179148E+03     0.179148E+03     0.179148E+03     0.179148E+03     0.179148E+03     0.179148E+03     0.179148E+03     0.179148E+03     0.179148E+03     0.179148E+03     0.179148E+03     0.179148E+03     0.100000E+21
 0.500000E+03     0.242001E+03     0.242001E+03     0.242001E+03     0.242001E+03     0.242001E+03     0.242001E+03     0.242001E+03     0.242001E+03     0.242001E+03     0.242001E+03     0.242001E+03     0.242001E+03     0.242001E+03     0.206670E+03     0.205660E+03     0.207683E+03     0.231799E+03     0.227028E+03     0.226766E+03     0.224269E+03     0.218800E+03     0.217725E+03     0.216942E+03     0.215381E+03     0.216685E+03     0.218461E+03     0.217156E+03     0.216046E+03     0.215843E+03     0.220932E+03     0.214243E+03     0.215520E+03     0.240483E+03     0.239232E+03     0.241105E+03     0.239675E+03     0.238092E+03     0.210666E+03     0.210523E+03     0.210209E+03     0.210084E+03     0.209865E+03     0.210640E+03     0.210822E+03     0.208923E+03     0.208524E+03     0.210399E+03     0.210262E+03     0.207355E+03     0.207215E+03     0.207729E+03     0.207156E+03     0.197951E+03     0.190449E+03     0.190327E+03     0.194126E+03     0.193998E+03     0.190046E+03     0.189228E+03     0.187314E+03     0.189364E+03     0.189231E+03     0.190024E+03     0.188488E+03     0.188278E+03     0.190982E+03     0.192064E+03     0.190193E+03     0.191045E+03     0.188557E+03     0.186899E+03     0.186746E+03     0.186440E+03     0.185236E+03     0.186505E+03     0.186373E+03     0.188701E+03     0.188572E+03     0.188283E+03     0.188152E+03     0.185213E+03     0.182018E+03     0.181881E+03     0.183136E+03     0.186074E+03     0.185851E+03     0.185732E+03     0.185421E+03     0.184047E+03     0.183206E+03     0.181848E+03     0.181276E+03     0.181057E+03     0.184216E+03     0.185643E+03     0.185505E+03     0.185213E+03     0.181372E+03     0.181229E+03     0.180906E+03     0.184054E+03     0.185769E+03     0.185643E+03     0.183515E+03     0.181232E+03     0.180619E+03     0.179148E+03     0.179148E+03     0.179148E+03     0.179148E+03     0.179148E+03     0.179148E+03     0.179148E+03     0.179148E+03     0.179148E+03     0.179148E+03     0.179148E+03     0.179148E+03     0.179148E+03     0.179148E+03     0.179148E+03     0.179148E+03     0.179148E+03     0.179148E+03     0.179148E+03     0.100000E+21
 0.520000E+03     0.242001E+03     0.242001E+03     0.242001E+03     0.242001E+03     0.242001E+03     0.242001E+03     0.242001E+03     0.242001E+03     0.242001E+03     0.242001E+03     0.242001E+03     0.242001E+03     0.242001E+03     0.206670E+03     0.205480E+03     0.205194E+03     0.232257E+03     0.227028E+03     0.226766E+03     0.223890E+03     0.218800E+03     0.217568E+03     0.217039E+03     0.215381E+03     0.216823E+03     0.218707E+03     0.217156E+03     0.216069E+03     0.215843E+03     0.220932E+03     0.214070E+03     0.215520E+03     0.240683E+03     0.239232E+03     0.241105E+03     0.239553E+03     0.238092E+03     0.210691E+03     0.210523E+03     0.210219E+03     0.210084E+03     0.209865E+03     0.210770E+03     0.210822E+03     0.208684E+03     0.208524E+03     0.210399E+03     0.210244E+03     0.207355E+03     0.207190E+03     0.207784E+03     0.207156E+03     0.197274E+03     0.190468E+03     0.190327E+03     0.194144E+03     0.193998E+03     0.190046E+03     0.189904E+03     0.187314E+03     0.189388E+03     0.189231E+03     0.189678E+03     0.187481E+03     0.188278E+03     0.191459E+03     0.192064E+03     0.190102E+03     0.191045E+03     0.190848E+03     0.187278E+03     0.184728E+03     0.185809E+03     0.185143E+03     0.186505E+03     0.186360E+03     0.188724E+03     0.188572E+03     0.188300E+03     0.188152E+03     0.187942E+03     0.182035E+03     0.181881E+03     0.182646E+03     0.186074E+03     0.185851E+03     0.185723E+03     0.185421E+03     0.183801E+03     0.183206E+03     0.182359E+03     0.181276E+03     0.181057E+03     0.184720E+03     0.185643E+03     0.185486E+03     0.183426E+03     0.181372E+03     0.181212E+03     0.180906E+03     0.184647E+03     0.185782E+03     0.185643E+03     0.183382E+03     0.181321E+03     0.180619E+03     0.179148E+03     0.179148E+03     0.179148E+03     0.179148E+03     0.179148E+03     0.179148E+03     0.179148E+03     0.179148E+03     0.179148E+03     0.179148E+03     0.179148E+03     0.179148E+03     0.179148E+03     0.179148E+03     0.179148E+03     0.179148E+03     0.179148E+03     0.179148E+03     0.179148E+03     0.100000E+21
 0.540000E+03     0.242001E+03     0.242001E+03     0.242001E+03     0.242001E+03     0.242001E+03     0.242001E+03     0.242001E+03     0.242001E+03     0.242001E+03     0.242001E+03     0.242001E+03     0.242001E+03     0.242001E+03     0.206670E+03     0.205475E+03     0.205194E+03     0.232142E+03     0.227028E+03     0.226766E+03     0.223925E+03     0.218800E+03     0.217581E+03     0.217009E+03     0.215381E+03     0.216791E+03     0.218728E+03     0.217156E+03     0.216064E+03     0.215843E+03     0.220932E+03     0.214093E+03     0.215520E+03     0.240671E+03     0.239232E+03     0.241105E+03     0.239586E+03     0.238092E+03     0.210692E+03     0.210523E+03     0.210216E+03     0.210084E+03     0.209865E+03     0.210765E+03     0.210822E+03     0.208725E+03     0.208524E+03     0.210399E+03     0.210248E+03     0.209420E+03     0.207629E+03     0.207930E+03     0.207731E+03     0.197650E+03     0.190467E+03     0.190327E+03     0.194142E+03     0.193998E+03     0.190046E+03     0.189907E+03     0.187314E+03     0.187827E+03     0.189231E+03     0.189643E+03     0.187481E+03     0.188278E+03     0.191465E+03     0.192064E+03     0.191201E+03     0.191045E+03     0.190848E+03     0.187332E+03     0.184728E+03     0.187153E+03     0.185170E+03     0.186505E+03     0.186363E+03     0.187105E+03     0.188572E+03     0.188297E+03     0.188152E+03     0.187942E+03     0.182032E+03     0.181881E+03     0.182663E+03     0.186074E+03     0.185851E+03     0.185726E+03     0.185421E+03     0.183793E+03     0.183206E+03     0.182335E+03     0.181276E+03     0.181057E+03     0.184689E+03     0.185643E+03     0.185489E+03     0.183426E+03     0.181372E+03     0.181216E+03     0.180906E+03     0.184697E+03     0.185779E+03     0.185643E+03     0.183423E+03     0.181314E+03     0.180619E+03     0.179148E+03     0.179148E+03     0.179148E+03     0.179148E+03     0.179148E+03     0.179148E+03     0.179148E+03     0.179148E+03     0.179148E+03     0.179148E+03     0.179148E+03     0.179148E+03     0.179148E+03     0.179148E+03     0.179148E+03     0.179148E+03     0.179148E+03     0.179148E+03     0.179148E+03     0.100000E+21
 0.560000E+03     0.242001E+03     0.242001E+03     0.242001E+03     0.242001E+03     0.242001E+03     0.242001E+03     0.242001E+03     0.242001E+03     0.242001E+03     0.242001E+03     0.242001E+03     0.242001E+03     0.242001E+03     0.206670E+03     0.205335E+03     0.210245E+03     0.232304E+03     0.227028E+03     0.226766E+03     0.223764E+03     0.218800E+03     0.217519E+03     0.217044E+03     0.215381E+03     0.216839E+03     0.218891E+03     0.217156E+03     0.216073E+03     0.215843E+03     0.220932E+03     0.214028E+03     0.215520E+03     0.240763E+03     0.239232E+03     0.241105E+03     0.239543E+03     0.238092E+03     0.210713E+03     0.210523E+03     0.210219E+03     0.210084E+03     0.209865E+03     0.210832E+03     0.210822E+03     0.208638E+03     0.208524E+03     0.210399E+03     0.210241E+03     0.209961E+03     0.207727E+03     0.208038E+03     0.207879E+03     0.197508E+03     0.189248E+03     0.190327E+03     0.194149E+03     0.193998E+03     0.190046E+03     0.189902E+03     0.187314E+03     0.187358E+03     0.189231E+03     0.189682E+03     0.187481E+03     0.188278E+03     0.191788E+03     0.192064E+03     0.191080E+03     0.189427E+03     0.190848E+03     0.187155E+03     0.184728E+03     0.187653E+03     0.185137E+03     0.186505E+03     0.186359E+03     0.186604E+03     0.188572E+03     0.188303E+03     0.188152E+03     0.187942E+03     0.182039E+03     0.181881E+03     0.182410E+03     0.186074E+03     0.185851E+03     0.185723E+03     0.185421E+03     0.183585E+03     0.183206E+03     0.182365E+03     0.181276E+03     0.181057E+03     0.184923E+03     0.185643E+03     0.185482E+03     0.183426E+03     0.181372E+03     0.181210E+03     0.180906E+03     0.185091E+03     0.185784E+03     0.185643E+03     0.183375E+03     0.181349E+03     0.180619E+03     0.179148E+03     0.179148E+03     0.179148E+03     0.179148E+03     0.179148E+03     0.179148E+03     0.179148E+03     0.179148E+03     0.179148E+03     0.179148E+03     0.179148E+03     0.179148E+03     0.179148E+03     0.179148E+03     0.179148E+03     0.179148E+03     0.179148E+03     0.179148E+03     0.179148E+03     0.100000E+21
 0.580000E+03     0.242001E+03     0.242001E+03     0.242001E+03     0.242001E+03     0.242001E+03     0.242001E+03     0.242001E+03     0.242001E+03     0.242001E+03     0.242001E+03     0.242001E+03     0.242001E+03     0.242001E+03     0.206670E+03     0.205520E+03     0.210245E+03     0.232089E+03     0.227028E+03     0.226766E+03     0.223994E+03     0.218800E+03     0.217610E+03     0.217000E+03     0.215381E+03     0.216774E+03     0.218660E+03     0.217156E+03     0.216061E+03     0.215843E+03     0.220932E+03     0.214121E+03     0.215520E+03     0.240631E+03     0.239232E+03     0.241105E+03     0.239600E+03     0.238092E+03     0.210685E+03     0.210523E+03     0.210215E+03     0.210084E+03     0.209865E+03     0.210738E+03     0.210822E+03     0.208760E+03     0.208524E+03     0.210399E+03     0.210250E+03     0.209961E+03     0.207978E+03     0.208032E+03     0.207879E+03     0.197831E+03     0.189337E+03     0.190327E+03     0.194139E+03     0.193998E+03     0.190046E+03     0.189909E+03     0.187314E+03     0.187591E+03     0.189231E+03     0.189634E+03     0.187481E+03     0.188278E+03     0.191350E+03     0.192064E+03     0.191004E+03     0.189427E+03     0.190848E+03     0.187408E+03     0.184728E+03     0.187414E+03     0.185179E+03     0.186505E+03     0.186365E+03     0.186825E+03     0.188572E+03     0.188294E+03     0.188152E+03     0.187942E+03     0.182030E+03     0.181881E+03     0.182767E+03     0.186074E+03     0.185851E+03     0.185727E+03     0.185421E+03     0.183855E+03     0.183206E+03     0.182326E+03     0.181276E+03     0.181057E+03     0.184589E+03     0.185643E+03     0.185492E+03     0.183426E+03     0.181372E+03     0.181218E+03     0.180906E+03     0.184534E+03     0.185777E+03     0.185643E+03     0.183436E+03     0.181297E+03     0.180619E+03     0.179148E+03     0.179148E+03     0.179148E+03     0.179148E+03     0.179148E+03     0.179148E+03     0.179148E+03     0.179148E+03     0.179148E+03     0.179148E+03     0.179148E+03     0.179148E+03     0.179148E+03     0.179148E+03     0.179148E+03     0.179148E+03     0.179148E+03     0.179148E+03     0.179148E+03     0.100000E+21
 0.600000E+03     0.242001E+03     0.242001E+03     0.242001E+03     0.242001E+03     0.242001E+03     0.242001E+03     0.242001E+03     0.242001E+03     0.242001E+03     0.242001E+03     0.242001E+03     0.242001E+03     0.242001E+03     0.206670E+03     0.205644E+03     0.210245E+03     0.231840E+03     0.227028E+03     0.226766E+03     0.224234E+03     0.218800E+03     0.217710E+03     0.216950E+03     0.215381E+03     0.216697E+03     0.218484E+03     0.217156E+03     0.216048E+03     0.215843E+03     0.220932E+03     0.214227E+03     0.215520E+03     0.240501E+03     0.239232E+03     0.241105E+03     0.239665E+03     0.238092E+03     0.210668E+03     0.210523E+03     0.210210E+03     0.210084E+03     0.209865E+03     0.210652E+03     0.210822E+03     0.208901E+03     0.208524E+03     0.209531E+03     0.209897E+03     0.209961E+03     0.208195E+03     0.208024E+03     0.207879E+03     0.198201E+03     0.189918E+03     0.190327E+03     0.194128E+03     0.193998E+03     0.193811E+03     0.191381E+03     0.187314E+03     0.187765E+03     0.189231E+03     0.189579E+03     0.187481E+03     0.188278E+03     0.191025E+03     0.192064E+03     0.190917E+03     0.189427E+03     0.190848E+03     0.187685E+03     0.184728E+03     0.187165E+03     0.184620E+03     0.184063E+03     0.185391E+03     0.187016E+03     0.188572E+03     0.188285E+03     0.188152E+03     0.185458E+03     0.182020E+03     0.181881E+03     0.181582E+03     0.181414E+03     0.185851E+03     0.185731E+03     0.185421E+03     0.184025E+03     0.183206E+03     0.182281E+03     0.181276E+03     0.181057E+03     0.184262E+03     0.185643E+03     0.185503E+03     0.183426E+03     0.181372E+03     0.181227E+03     0.180906E+03     0.184108E+03     0.185770E+03     0.185643E+03     0.183504E+03     0.181240E+03     0.180619E+03     0.179148E+03     0.179148E+03     0.179148E+03     0.179148E+03     0.179148E+03     0.179148E+03     0.179148E+03     0.179148E+03     0.179148E+03     0.179148E+03     0.179148E+03     0.179148E+03     0.179148E+03     0.179148E+03     0.179148E+03     0.179148E+03     0.179148E+03     0.179148E+03     0.179148E+03     0.100000E+21
 0.620000E+03     0.242001E+03     0.242001E+03     0.242001E+03     0.242001E+03     0.242001E+03     0.242001E+03     0.242001E+03     0.242001E+03     0.242001E+03     0.242001E+03     0.242001E+03     0.242001E+03     0.242001E+03     0.206670E+03     0.205352E+03     0.210245E+03     0.232302E+03     0.227028E+03     0.226766E+03     0.223772E+03     0.218800E+03     0.217522E+03     0.217044E+03     0.215381E+03     0.216839E+03     0.218874E+03     0.217156E+03     0.216073E+03     0.215843E+03     0.215512E+03     0.214030E+03     0.215520E+03     0.240757E+03     0.239232E+03     0.241105E+03     0.239543E+03     0.238092E+03     0.210710E+03     0.210523E+03     0.210219E+03     0.210084E+03     0.209865E+03     0.210827E+03     0.210822E+03     0.208641E+03     0.208524E+03     0.208293E+03     0.209644E+03     0.209961E+03     0.207743E+03     0.208038E+03     0.207879E+03     0.197509E+03     0.190718E+03     0.190327E+03     0.194149E+03     0.193998E+03     0.193811E+03     0.191118E+03     0.189637E+03     0.187376E+03     0.189231E+03     0.189682E+03     0.187481E+03     0.188278E+03     0.191754E+03     0.192064E+03     0.191079E+03     0.189427E+03     0.190848E+03     0.187163E+03     0.184728E+03     0.187642E+03     0.185277E+03     0.184063E+03     0.185518E+03     0.186618E+03     0.188572E+03     0.188302E+03     0.188152E+03     0.182351E+03     0.182038E+03     0.181881E+03     0.181620E+03     0.181414E+03     0.185851E+03     0.185723E+03     0.185421E+03     0.183614E+03     0.183206E+03     0.182365E+03     0.181276E+03     0.181057E+03     0.184907E+03     0.185643E+03     0.185482E+03     0.183426E+03     0.181372E+03     0.181210E+03     0.180906E+03     0.185049E+03     0.185784E+03     0.185643E+03     0.183375E+03     0.181347E+03     0.180619E+03     0.179148E+03     0.179148E+03     0.179148E+03     0.179148E+03     0.179148E+03     0.179148E+03     0.179148E+03     0.179148E+03     0.179148E+03     0.179148E+03     0.179148E+03     0.179148E+03     0.179148E+03     0.179148E+03     0.179148E+03     0.179148E+03     0.179148E+03     0.179148E+03     0.179148E+03     0.100000E+21
 0.640000E+03     0.242001E+03     0.242001E+03     0.242001E+03     0.242001E+03     0.242001E+03     0.242001E+03     0.242001E+03     0.242001E+03     0.242001E+03     0.242001E+03     0.242001E+03     0.242001E+03     0.242001E+03     0.206670E+03     0.205586E+03     0.210245E+03     0.231967E+03     0.227028E+03     0.226766E+03     0.224117E+03     0.218800E+03     0.217661E+03     0.216976E+03     0.215381E+03     0.216736E+03     0.218566E+03     0.217156E+03     0.216055E+03     0.215843E+03     0.215512E+03     0.214174E+03     0.215520E+03     0.240564E+03     0.239232E+03     0.241105E+03     0.239631E+03     0.238092E+03     0.210676E+03     0.210523E+03     0.210213E+03     0.210084E+03     0.209865E+03     0.210693E+03     0.210822E+03     0.208830E+03     0.208524E+03     0.208293E+03     0.209527E+03     0.208181E+03     0.207574E+03     0.208028E+03     0.207879E+03     0.198011E+03     0.190670E+03     0.190327E+03     0.194133E+03     0.193998E+03     0.193811E+03     0.191309E+03     0.189637E+03     0.187684E+03     0.189231E+03     0.189607E+03     0.187481E+03     0.188278E+03     0.191177E+03     0.192064E+03     0.190962E+03     0.189427E+03     0.190848E+03     0.187548E+03     0.184728E+03     0.186023E+03     0.185218E+03     0.184063E+03     0.185426E+03     0.186925E+03     0.188572E+03     0.188289E+03     0.188152E+03     0.182351E+03     0.182025E+03     0.181881E+03     0.181591E+03     0.181414E+03     0.185851E+03     0.185729E+03     0.185421E+03     0.183946E+03     0.183206E+03     0.182304E+03     0.181276E+03     0.181057E+03     0.184420E+03     0.185643E+03     0.184701E+03     0.183426E+03     0.181372E+03     0.181223E+03     0.180906E+03     0.184307E+03     0.185774E+03     0.185643E+03     0.183469E+03     0.181268E+03     0.180619E+03     0.179148E+03     0.179148E+03     0.179148E+03     0.179148E+03     0.179148E+03     0.179148E+03     0.179148E+03     0.179148E+03     0.179148E+03     0.179148E+03     0.179148E+03     0.179148E+03     0.179148E+03     0.179148E+03     0.179148E+03     0.179148E+03     0.179148E+03     0.179148E+03     0.179148E+03     0.100000E+21
 0.660000E+03     0.242001E+03     0.242001E+03     0.242001E+03     0.242001E+03     0.242001E+03     0.242001E+03     0.242001E+03     0.242001E+03     0.242001E+03     0.242001E+03     0.242001E+03     0.242001E+03     0.242001E+03     0.206670E+03     0.205370E+03     0.210245E+03     0.232253E+03     0.227028E+03     0.226766E+03     0.223799E+03     0.218800E+03     0.217533E+03     0.217032E+03     0.215381E+03     0.216825E+03     0.218857E+03     0.217156E+03     0.216070E+03     0.215843E+03     0.215512E+03     0.214043E+03     0.215520E+03     0.240744E+03     0.239232E+03     0.241105E+03     0.239557E+03     0.238092E+03     0.210708E+03     0.210523E+03     0.210218E+03     0.210084E+03     0.209865E+03     0.210818E+03     0.210822E+03     0.208661E+03     0.208524E+03     0.208293E+03     0.209631E+03     0.207355E+03     0.207177E+03     0.208037E+03     0.207879E+03     0.197592E+03     0.190715E+03     0.190327E+03     0.194148E+03     0.193998E+03     0.193811E+03     0.191143E+03     0.189637E+03     0.187397E+03     0.189231E+03     0.189669E+03     0.187481E+03     0.188278E+03     0.191714E+03     0.192064E+03     0.191063E+03     0.189427E+03     0.190848E+03     0.187197E+03     0.184728E+03     0.185595E+03     0.185267E+03     0.184063E+03     0.185504E+03     0.186634E+03     0.188572E+03     0.188301E+03     0.188152E+03     0.182351E+03     0.182037E+03     0.181881E+03     0.181618E+03     0.181414E+03     0.185851E+03     0.185724E+03     0.185421E+03     0.183642E+03     0.183206E+03     0.182356E+03     0.181276E+03     0.181057E+03     0.184873E+03     0.185643E+03     0.184219E+03     0.183426E+03     0.181372E+03     0.181211E+03     0.180906E+03     0.185008E+03     0.185782E+03     0.185643E+03     0.183392E+03     0.181341E+03     0.180619E+03     0.179148E+03     0.179148E+03     0.179148E+03     0.179148E+03     0.179148E+03     0.179148E+03     0.179148E+03     0.179148E+03     0.179148E+03     0.179148E+03     0.179148E+03     0.179148E+03     0.179148E+03     0.179148E+03     0.179148E+03     0.179148E+03     0.179148E+03     0.179148E+03     0.179148E+03     0.100000E+21
 0.680000E+03     0.242001E+03     0.242001E+03     0.242001E+03     0.242001E+03     0.242001E+03     0.242001E+03     0.242001E+03     0.242001E+03     0.242001E+03     0.242001E+03     0.242001E+03     0.242001E+03     0.242001E+03     0.206670E+03     0.205370E+03     0.207623E+03     0.232253E+03     0.227028E+03     0.226766E+03     0.223799E+03     0.218800E+03     0.217533E+03     0.217032E+03     0.215381E+03     0.216825E+03     0.218857E+03     0.217156E+03     0.216070E+03     0.215843E+03     0.215512E+03     0.214043E+03     0.215520E+03     0.240744E+03     0.239232E+03     0.241105E+03     0.239557E+03     0.238092E+03     0.210708E+03     0.210523E+03     0.210218E+03     0.210084E+03     0.209865E+03     0.210818E+03     0.210822E+03     0.208661E+03     0.208524E+03     0.208293E+03     0.209631E+03     0.207355E+03     0.207177E+03     0.208037E+03     0.207879E+03     0.197592E+03     0.190715E+03     0.190327E+03     0.194148E+03     0.193998E+03     0.193811E+03     0.191143E+03     0.189637E+03     0.187397E+03     0.189231E+03     0.189669E+03     0.187481E+03     0.188278E+03     0.191714E+03     0.192064E+03     0.191063E+03     0.189427E+03     0.190848E+03     0.187197E+03     0.184728E+03     0.185595E+03     0.185267E+03     0.184063E+03     0.185504E+03     0.186282E+03     0.186306E+03     0.188301E+03     0.188152E+03     0.182351E+03     0.182037E+03     0.181881E+03     0.182079E+03     0.184725E+03     0.185851E+03     0.185724E+03     0.185421E+03     0.183642E+03     0.183206E+03     0.182356E+03     0.181276E+03     0.181057E+03     0.184873E+03     0.185643E+03     0.184219E+03     0.183426E+03     0.181372E+03     0.181211E+03     0.180906E+03     0.185008E+03     0.185782E+03     0.185643E+03     0.183392E+03     0.181341E+03     0.180619E+03     0.179148E+03     0.179148E+03     0.179148E+03     0.179148E+03     0.179148E+03     0.179148E+03     0.179148E+03     0.179148E+03     0.179148E+03     0.179148E+03     0.179148E+03     0.179148E+03     0.179148E+03     0.179148E+03     0.179148E+03     0.179148E+03     0.179148E+03     0.179148E+03     0.179148E+03     0.100000E+21
 0.700000E+03     0.242001E+03     0.242001E+03     0.242001E+03     0.242001E+03     0.242001E+03     0.242001E+03     0.242001E+03     0.242001E+03     0.242001E+03     0.242001E+03     0.242001E+03     0.242001E+03     0.242001E+03     0.206670E+03     0.205586E+03     0.206670E+03     0.231967E+03     0.227028E+03     0.226766E+03     0.224117E+03     0.218800E+03     0.217661E+03     0.216976E+03     0.215381E+03     0.216736E+03     0.218566E+03     0.217156E+03     0.216055E+03     0.215843E+03     0.215512E+03     0.214174E+03     0.215520E+03     0.240564E+03     0.239232E+03     0.241105E+03     0.239631E+03     0.238092E+03     0.210676E+03     0.210523E+03     0.210213E+03     0.210084E+03     0.209865E+03     0.210693E+03     0.210822E+03     0.208830E+03     0.208524E+03     0.208293E+03     0.209527E+03     0.207355E+03     0.207204E+03     0.208028E+03     0.207879E+03     0.201309E+03     0.190670E+03     0.190327E+03     0.194133E+03     0.193998E+03     0.193811E+03     0.191309E+03     0.189637E+03     0.187684E+03     0.189231E+03     0.189607E+03     0.187481E+03     0.188278E+03     0.191177E+03     0.192064E+03     0.190962E+03     0.189427E+03     0.190848E+03     0.187548E+03     0.185055E+03     0.185645E+03     0.185218E+03     0.184063E+03     0.185426E+03     0.185998E+03     0.185851E+03     0.188289E+03     0.188152E+03     0.182351E+03     0.182025E+03     0.181881E+03     0.182936E+03     0.186074E+03     0.185851E+03     0.185729E+03     0.185421E+03     0.183946E+03     0.183206E+03     0.182304E+03     0.181276E+03     0.181057E+03     0.184420E+03     0.185643E+03     0.184345E+03     0.183426E+03     0.181372E+03     0.181223E+03     0.180906E+03     0.184307E+03     0.185774E+03     0.185643E+03     0.183469E+03     0.181268E+03     0.180619E+03     0.179148E+03     0.179148E+03     0.179148E+03     0.179148E+03     0.179148E+03     0.179148E+03     0.179148E+03     0.179148E+03     0.179148E+03     0.179148E+03     0.179148E+03     0.179148E+03     0.179148E+03     0.179148E+03     0.179148E+03     0.179148E+03     0.179148E+03     0.179148E+03     0.179148E+03     0.100000E+21
 0.720000E+03     0.242001E+03     0.242001E+03     0.242001E+03     0.242001E+03     0.242001E+03     0.242001E+03     0.242001E+03     0.242001E+03     0.242001E+03     0.242001E+03     0.242001E+03     0.242001E+03     0.242001E+03     0.206670E+03     0.205352E+03     0.206670E+03     0.232302E+03     0.227028E+03     0.226766E+03     0.223772E+03     0.218800E+03     0.217522E+03     0.217044E+03     0.215381E+03     0.216839E+03     0.218874E+03     0.217156E+03     0.216073E+03     0.215843E+03     0.215512E+03     0.214030E+03     0.215520E+03     0.240757E+03     0.239232E+03     0.241105E+03     0.239543E+03     0.238092E+03     0.210710E+03     0.210523E+03     0.210219E+03     0.210084E+03     0.209865E+03     0.210827E+03     0.210822E+03     0.208641E+03     0.208524E+03     0.208293E+03     0.209644E+03     0.207355E+03     0.207176E+03     0.208038E+03     0.207879E+03     0.207293E+03     0.190718E+03     0.190327E+03     0.194149E+03     0.193998E+03     0.193811E+03     0.191118E+03     0.189637E+03     0.187376E+03     0.189231E+03     0.189682E+03     0.187481E+03     0.188278E+03     0.191754E+03     0.192064E+03     0.191471E+03     0.190719E+03     0.190848E+03     0.187163E+03     0.185767E+03     0.185077E+03     0.186182E+03     0.184063E+03     0.185518E+03     0.186025E+03     0.185851E+03     0.188302E+03     0.188152E+03     0.182351E+03     0.182038E+03     0.181881E+03     0.182429E+03     0.186074E+03     0.185851E+03     0.185723E+03     0.185421E+03     0.183614E+03     0.183206E+03     0.182365E+03     0.181276E+03     0.181057E+03     0.184907E+03     0.185643E+03     0.184206E+03     0.183426E+03     0.181372E+03     0.181210E+03     0.180906E+03     0.185049E+03     0.185784E+03     0.185643E+03     0.183375E+03     0.181347E+03     0.180619E+03     0.179148E+03     0.179148E+03     0.179148E+03     0.179148E+03     0.179148E+03     0.179148E+03     0.179148E+03     0.179148E+03     0.179148E+03     0.179148E+03     0.179148E+03     0.179148E+03     0.179148E+03     0.179148E+03     0.179148E+03     0.179148E+03     0.179148E+03     0.179148E+03     0.179148E+03     0.100000E+21
 0.740000E+03     0.242001E+03     0.242001E+03     0.242001E+03     0.242001E+03     0.242001E+03     0.242001E+03     0.242001E+03     0.242001E+03     0.242001E+03     0.242001E+03     0.242001E+03     0.242001E+03     0.242001E+03     0.206670E+03     0.205644E+03     0.206670E+03     0.231840E+03     0.227028E+03     0.226766E+03     0.224234E+03     0.218800E+03     0.217710E+03     0.216950E+03     0.215381E+03     0.216697E+03     0.218484E+03     0.217156E+03     0.216048E+03     0.215843E+03     0.215512E+03     0.214227E+03     0.215520E+03     0.240501E+03     0.239232E+03     0.241105E+03     0.239665E+03     0.238092E+03     0.210668E+03     0.210523E+03     0.210210E+03     0.210084E+03     0.209865E+03     0.210652E+03     0.210822E+03     0.208901E+03     0.208524E+03     0.208293E+03     0.209484E+03     0.207355E+03     0.207212E+03     0.208024E+03     0.207879E+03     0.207332E+03     0.190654E+03     0.190327E+03     0.192541E+03     0.193998E+03     0.193811E+03     0.191381E+03     0.189637E+03     0.187765E+03     0.189231E+03     0.189579E+03     0.187481E+03     0.188278E+03     0.191025E+03     0.192064E+03     0.191789E+03     0.191668E+03     0.190848E+03     0.187685E+03     0.185767E+03     0.184967E+03     0.186559E+03     0.184063E+03     0.184539E+03     0.185990E+03     0.185851E+03     0.188285E+03     0.188152E+03     0.182351E+03     0.182020E+03     0.181881E+03     0.183091E+03     0.186074E+03     0.185851E+03     0.185731E+03     0.185421E+03     0.184025E+03     0.183206E+03     0.182281E+03     0.181276E+03     0.181057E+03     0.184262E+03     0.185643E+03     0.184396E+03     0.183426E+03     0.181372E+03     0.181227E+03     0.180906E+03     0.184108E+03     0.185770E+03     0.185643E+03     0.183504E+03     0.181240E+03     0.180619E+03     0.179148E+03     0.179148E+03     0.179148E+03     0.179148E+03     0.179148E+03     0.179148E+03     0.179148E+03     0.179148E+03     0.179148E+03     0.179148E+03     0.179148E+03     0.179148E+03     0.179148E+03     0.179148E+03     0.179148E+03     0.179148E+03     0.179148E+03     0.179148E+03     0.179148E+03     0.100000E+21
 0.760000E+03     0.242001E+03     0.242001E+03     0.242001E+03     0.242001E+03     0.242001E+03     0.242001E+03     0.242001E+03     0.242001E+03     0.242001E+03     0.242001E+03     0.242001E+03     0.242001E+03     0.242001E+03     0.206670E+03     0.205520E+03     0.206670E+03     0.232089E+03     0.227028E+03     0.226766E+03     0.223994E+03     0.218800E+03     0.217610E+03     0.217000E+03     0.215381E+03     0.216774E+03     0.218660E+03     0.217156E+03     0.216061E+03     0.215843E+03     0.215512E+03     0.214121E+03     0.215520E+03     0.240631E+03     0.239232E+03     0.241105E+03     0.239600E+03     0.238092E+03     0.210685E+03     0.210523E+03     0.210215E+03     0.210084E+03     0.209865E+03     0.210738E+03     0.210822E+03     0.208760E+03     0.207555E+03     0.208293E+03     0.209570E+03     0.207355E+03     0.207195E+03     0.208032E+03     0.207879E+03     0.207311E+03     0.190687E+03     0.190327E+03     0.191249E+03     0.193998E+03     0.193811E+03     0.191239E+03     0.189637E+03     0.187591E+03     0.189231E+03     0.189634E+03     0.187481E+03     0.188278E+03     0.188116E+03     0.192064E+03     0.191796E+03     0.191668E+03     0.190848E+03     0.187408E+03     0.185767E+03     0.184885E+03     0.186654E+03     0.184063E+03     0.183914E+03     0.186007E+03     0.185851E+03     0.188294E+03     0.188152E+03     0.182351E+03     0.182030E+03     0.181881E+03     0.182767E+03     0.186074E+03     0.185851E+03     0.185727E+03     0.185421E+03     0.185258E+03     0.183206E+03     0.182326E+03     0.181276E+03     0.181057E+03     0.184589E+03     0.183868E+03     0.183728E+03     0.183426E+03     0.181372E+03     0.181218E+03     0.180906E+03     0.184534E+03     0.185777E+03     0.185643E+03     0.183436E+03     0.181297E+03     0.180619E+03     0.179148E+03     0.179148E+03     0.179148E+03     0.179148E+03     0.179148E+03     0.179148E+03     0.179148E+03     0.179148E+03     0.179148E+03     0.179148E+03     0.179148E+03     0.179148E+03     0.179148E+03     0.179148E+03     0.179148E+03     0.179148E+03     0.179148E+03     0.179148E+03     0.179148E+03     0.100000E+21
 0.780000E+03     0.242001E+03     0.242001E+03     0.242001E+03     0.242001E+03     0.242001E+03     0.242001E+03     0.242001E+03     0.242001E+03     0.242001E+03     0.242001E+03     0.242001E+03     0.242001E+03     0.242001E+03     0.206670E+03     0.205335E+03     0.206670E+03     0.232304E+03     0.227028E+03     0.226766E+03     0.223764E+03     0.218800E+03     0.217519E+03     0.217044E+03     0.215381E+03     0.216839E+03     0.218891E+03     0.217156E+03     0.216073E+03     0.215843E+03     0.215512E+03     0.217732E+03     0.215520E+03     0.240763E+03     0.239232E+03     0.241105E+03     0.240319E+03     0.238092E+03     0.233037E+03     0.210523E+03     0.210219E+03     0.210084E+03     0.209865E+03     0.210832E+03     0.210822E+03     0.208638E+03     0.207555E+03     0.208293E+03     0.209645E+03     0.207355E+03     0.207175E+03     0.208038E+03     0.207879E+03     0.207293E+03     0.190719E+03     0.190327E+03     0.191047E+03     0.193998E+03     0.193811E+03     0.191116E+03     0.189637E+03     0.187358E+03     0.189231E+03     0.189682E+03     0.187481E+03     0.188278E+03     0.188093E+03     0.192064E+03     0.191802E+03     0.191668E+03     0.189693E+03     0.186947E+03     0.185767E+03     0.184807E+03     0.187109E+03     0.185553E+03     0.184238E+03     0.186027E+03     0.185851E+03     0.188303E+03     0.188152E+03     0.182351E+03     0.182039E+03     0.181881E+03     0.181991E+03     0.182920E+03     0.185851E+03     0.185723E+03     0.185421E+03     0.185230E+03     0.183206E+03     0.182365E+03     0.181276E+03     0.181057E+03     0.184923E+03     0.183868E+03     0.183718E+03     0.183426E+03     0.181372E+03     0.181210E+03     0.180906E+03     0.185091E+03     0.185784E+03     0.185643E+03     0.183375E+03     0.181349E+03     0.180619E+03     0.179148E+03     0.179148E+03     0.179148E+03     0.179148E+03     0.179148E+03     0.179148E+03     0.179148E+03     0.179148E+03     0.179148E+03     0.179148E+03     0.179148E+03     0.179148E+03     0.179148E+03     0.179148E+03     0.179148E+03     0.179148E+03     0.179148E+03     0.179148E+03     0.179148E+03     0.100000E+21
 0.800000E+03     0.242001E+03     0.242001E+03     0.242001E+03     0.242001E+03     0.242001E+03     0.242001E+03     0.242001E+03     0.242001E+03     0.242001E+03     0.242001E+03     0.242001E+03     0.242001E+03     0.242001E+03     0.206670E+03     0.205475E+03     0.206670E+03     0.232142E+03     0.227028E+03     0.226766E+03     0.223925E+03     0.218800E+03     0.217581E+03     0.217009E+03     0.215381E+03     0.216791E+03     0.218728E+03     0.217156E+03     0.216064E+03     0.215843E+03     0.215512E+03     0.219072E+03     0.215520E+03     0.240671E+03     0.239232E+03     0.241105E+03     0.240771E+03     0.238092E+03     0.232541E+03     0.210523E+03     0.210216E+03     0.210084E+03     0.209865E+03     0.210765E+03     0.210822E+03     0.208725E+03     0.207555E+03     0.208293E+03     0.209591E+03     0.207355E+03     0.207189E+03     0.208033E+03     0.207879E+03     0.207307E+03     0.190697E+03     0.190327E+03     0.191189E+03     0.193998E+03     0.193811E+03     0.191207E+03     0.189637E+03     0.187531E+03     0.189231E+03     0.189643E+03     0.187481E+03     0.188278E+03     0.188110E+03     0.192064E+03     0.191798E+03     0.191668E+03     0.189231E+03     0.186886E+03     0.185767E+03     0.184860E+03     0.187369E+03     0.185810E+03     0.184549E+03     0.186013E+03     0.185851E+03     0.188297E+03     0.188152E+03     0.187942E+03     0.182032E+03     0.181881E+03     0.181607E+03     0.181414E+03     0.185851E+03     0.185726E+03     0.185421E+03     0.185251E+03     0.183206E+03     0.182335E+03     0.181276E+03     0.181057E+03     0.184689E+03     0.183868E+03     0.183725E+03     0.183426E+03     0.181372E+03     0.181216E+03     0.180906E+03     0.184697E+03     0.185779E+03     0.185643E+03     0.183423E+03     0.181314E+03     0.180619E+03     0.179148E+03     0.179148E+03     0.179148E+03     0.179148E+03     0.179148E+03     0.179148E+03     0.179148E+03     0.179148E+03     0.179148E+03     0.179148E+03     0.179148E+03     0.179148E+03     0.179148E+03     0.179148E+03     0.179148E+03     0.179148E+03     0.179148E+03     0.179148E+03     0.179148E+03     0.100000E+21
 0.820000E+03     0.242001E+03     0.242001E+03     0.242001E+03     0.242001E+03     0.242001E+03     0.242001E+03     0.242001E+03     0.242001E+03     0.242001E+03     0.242001E+03     0.242001E+03     0.242001E+03     0.230389E+03     0.206670E+03     0.205480E+03     0.206670E+03     0.232257E+03     0.227028E+03     0.226766E+03     0.223890E+03     0.218800E+03     0.217568E+03     0.217039E+03     0.215381E+03     0.216823E+03     0.218707E+03     0.217156E+03     0.216069E+03     0.215843E+03     0.215512E+03     0.219128E+03     0.215520E+03     0.240683E+03     0.239232E+03     0.241105E+03     0.240764E+03     0.238092E+03     0.232438E+03     0.210523E+03     0.210219E+03     0.210084E+03     0.209865E+03     0.210770E+03     0.210822E+03     0.208684E+03     0.207555E+03     0.208293E+03     0.209618E+03     0.207355E+03     0.207190E+03     0.208037E+03     0.207879E+03     0.207295E+03     0.190700E+03     0.190327E+03     0.191145E+03     0.193998E+03     0.193811E+03     0.191148E+03     0.189637E+03     0.187533E+03     0.189231E+03     0.189678E+03     0.187481E+03     0.188278E+03     0.188110E+03     0.192064E+03     0.191801E+03     0.191668E+03     0.189231E+03     0.186849E+03     0.185767E+03     0.184855E+03     0.187401E+03     0.185810E+03     0.184521E+03     0.186012E+03     0.185851E+03     0.188300E+03     0.188152E+03     0.187942E+03     0.182035E+03     0.181881E+03     0.181608E+03     0.181414E+03     0.185851E+03     0.185723E+03     0.185421E+03     0.185252E+03     0.183206E+03     0.182359E+03     0.181276E+03     0.181057E+03     0.184720E+03     0.184959E+03     0.183993E+03     0.183426E+03     0.181372E+03     0.181212E+03     0.180906E+03     0.184647E+03     0.185782E+03     0.185643E+03     0.183382E+03     0.181321E+03     0.180619E+03     0.179148E+03     0.179148E+03     0.179148E+03     0.179148E+03     0.179148E+03     0.179148E+03     0.179148E+03     0.179148E+03     0.179148E+03     0.179148E+03     0.179148E+03     0.179148E+03     0.179148E+03     0.179148E+03     0.179148E+03     0.179148E+03     0.179148E+03     0.179148E+03     0.179148E+03     0.100000E+21
 0.840000E+03     0.242001E+03     0.242001E+03     0.242001E+03     0.242001E+03     0.242001E+03     0.242001E+03     0.242001E+03     0.242001E+03     0.242001E+03     0.242001E+03     0.242001E+03     0.242001E+03     0.222190E+03     0.206670E+03     0.205660E+03     0.206670E+03     0.231799E+03     0.227028E+03     0.226766E+03     0.224269E+03     0.218800E+03     0.217725E+03     0.216942E+03     0.215381E+03     0.216685E+03     0.218461E+03     0.217156E+03     0.216046E+03     0.215843E+03     0.215512E+03     0.218697E+03     0.215520E+03     0.240483E+03     0.239232E+03     0.241105E+03     0.240790E+03     0.238092E+03     0.229117E+03     0.210523E+03     0.210209E+03     0.210084E+03     0.209865E+03     0.210640E+03     0.210822E+03     0.208923E+03     0.207555E+03     0.208293E+03     0.209471E+03     0.207355E+03     0.207215E+03     0.208023E+03     0.207879E+03     0.207335E+03     0.190649E+03     0.190327E+03     0.191503E+03     0.193998E+03     0.193811E+03     0.191404E+03     0.189637E+03     0.187788E+03     0.189231E+03     0.189570E+03     0.187481E+03     0.188278E+03     0.188135E+03     0.192064E+03     0.191788E+03     0.191668E+03     0.189231E+03     0.187148E+03     0.185767E+03     0.184978E+03     0.187292E+03     0.185810E+03     0.184633E+03     0.185988E+03     0.185851E+03     0.188283E+03     0.188152E+03     0.187942E+03     0.182018E+03     0.181881E+03     0.181580E+03     0.181414E+03     0.185851E+03     0.185732E+03     0.185421E+03     0.185278E+03     0.183206E+03     0.182273E+03     0.181276E+03     0.181057E+03     0.184216E+03     0.185643E+03     0.184412E+03     0.183426E+03     0.181372E+03     0.181229E+03     0.180906E+03     0.184054E+03     0.185769E+03     0.185643E+03     0.183515E+03     0.181232E+03     0.180619E+03     0.179148E+03     0.179148E+03     0.179148E+03     0.179148E+03     0.179148E+03     0.179148E+03     0.179148E+03     0.179148E+03     0.179148E+03     0.179148E+03     0.179148E+03     0.179148E+03     0.179148E+03     0.179148E+03     0.179148E+03     0.179148E+03     0.179148E+03     0.179148E+03     0.179148E+03     0.100000E+21
 0.860000E+03     0.242001E+03     0.242001E+03     0.242001E+03     0.242001E+03     0.242001E+03     0.242001E+03     0.242001E+03     0.242001E+03     0.242001E+03     0.242001E+03     0.242001E+03     0.242001E+03     0.221887E+03     0.206670E+03     0.205612E+03     0.206670E+03     0.231914E+03     0.227028E+03     0.226766E+03     0.224167E+03     0.218800E+03     0.217682E+03     0.216965E+03     0.215381E+03     0.216720E+03     0.218530E+03     0.217156E+03     0.216052E+03     0.215843E+03     0.215512E+03     0.218813E+03     0.215520E+03     0.240537E+03     0.239232E+03     0.239664E+03     0.240227E+03     0.238092E+03     0.230009E+03     0.210523E+03     0.210212E+03     0.210084E+03     0.209865E+03     0.210675E+03     0.210822E+03     0.208860E+03     0.207555E+03     0.208293E+03     0.209509E+03     0.207355E+03     0.207208E+03     0.208027E+03     0.207879E+03     0.207325E+03     0.190663E+03     0.190327E+03     0.191407E+03     0.193998E+03     0.193811E+03     0.191339E+03     0.189637E+03     0.187719E+03     0.189231E+03     0.189596E+03     0.187481E+03     0.188278E+03     0.188129E+03     0.192064E+03     0.191791E+03     0.191668E+03     0.189231E+03     0.187068E+03     0.185767E+03     0.184944E+03     0.187319E+03     0.185810E+03     0.184605E+03     0.185994E+03     0.185851E+03     0.188287E+03     0.188152E+03     0.187942E+03     0.182023E+03     0.181881E+03     0.181587E+03     0.181414E+03     0.185851E+03     0.185730E+03     0.185421E+03     0.185271E+03     0.183206E+03     0.182294E+03     0.181276E+03     0.181057E+03     0.184352E+03     0.185643E+03     0.184367E+03     0.183426E+03     0.181372E+03     0.181225E+03     0.180906E+03     0.184220E+03     0.185772E+03     0.185643E+03     0.183483E+03     0.181256E+03     0.180619E+03     0.179148E+03     0.179148E+03     0.179148E+03     0.179148E+03     0.179148E+03     0.179148E+03     0.179148E+03     0.179148E+03     0.179148E+03     0.179148E+03     0.179148E+03     0.179148E+03     0.179148E+03     0.179148E+03     0.179148E+03     0.179148E+03     0.179148E+03     0.179148E+03     0.179148E+03     0.100000E+21
 0.880000E+03     0.242001E+03     0.242001E+03     0.242001E+03     0.242001E+03     0.242001E+03     0.242001E+03     0.242001E+03     0.242001E+03     0.242001E+03     0.242001E+03     0.242001E+03     0.242001E+03     0.220927E+03     0.206670E+03     0.205472E+03     0.206670E+03     0.232262E+03     0.227028E+03     0.226766E+03     0.223880E+03     0.218800E+03     0.217564E+03     0.217040E+03     0.215381E+03     0.216824E+03     0.218718E+03     0.217156E+03     0.216070E+03     0.215843E+03     0.215165E+03     0.219136E+03     0.215520E+03     0.240689E+03     0.239232E+03     0.238668E+03     0.239871E+03     0.238092E+03     0.232579E+03     0.210523E+03     0.210219E+03     0.210084E+03     0.209865E+03     0.210774E+03     0.210822E+03     0.208680E+03     0.207555E+03     0.208293E+03     0.209620E+03     0.207355E+03     0.207189E+03     0.208037E+03     0.207879E+03     0.207295E+03     0.190701E+03     0.190327E+03     0.191137E+03     0.193998E+03     0.193811E+03     0.191145E+03     0.189637E+03     0.187523E+03     0.189231E+03     0.189679E+03     0.187481E+03     0.187687E+03     0.188008E+03     0.192064E+03     0.191801E+03     0.191668E+03     0.189231E+03     0.188961E+03     0.185767E+03     0.184851E+03     0.186458E+03     0.185810E+03     0.184520E+03     0.186013E+03     0.185851E+03     0.188300E+03     0.188152E+03     0.187942E+03     0.182036E+03     0.181881E+03     0.181608E+03     0.181414E+03     0.183338E+03     0.184782E+03     0.185421E+03     0.185251E+03     0.183206E+03     0.182642E+03     0.182070E+03     0.181057E+03     0.184735E+03     0.185643E+03     0.184241E+03     0.183426E+03     0.181372E+03     0.181212E+03     0.180906E+03     0.184674E+03     0.185782E+03     0.185643E+03     0.183381E+03     0.181323E+03     0.180619E+03     0.179148E+03     0.179148E+03     0.179148E+03     0.179148E+03     0.179148E+03     0.179148E+03     0.179148E+03     0.179148E+03     0.179148E+03     0.179148E+03     0.179148E+03     0.179148E+03     0.179148E+03     0.179148E+03     0.179148E+03     0.179148E+03     0.179148E+03     0.179148E+03     0.179148E+03     0.100000E+21
 0.900000E+03     0.242001E+03     0.242001E+03     0.242001E+03     0.242001E+03     0.242001E+03     0.242001E+03     0.242001E+03     0.242001E+03     0.242001E+03     0.242001E+03     0.242001E+03     0.242001E+03     0.221031E+03     0.206670E+03     0.205303E+03     0.206670E+03     0.232263E+03     0.227028E+03     0.226766E+03     0.223754E+03     0.218800E+03     0.217513E+03     0.217031E+03     0.215381E+03     0.216829E+03     0.218936E+03     0.217156E+03     0.216071E+03     0.215843E+03     0.214872E+03     0.219236E+03     0.215520E+03     0.240773E+03     0.239232E+03     0.238668E+03     0.239868E+03     0.238092E+03     0.236122E+03     0.210523E+03     0.210218E+03     0.210084E+03     0.209865E+03     0.210841E+03     0.210822E+03     0.208645E+03     0.207555E+03     0.208293E+03     0.209640E+03     0.207355E+03     0.207171E+03     0.208037E+03     0.207879E+03     0.207297E+03     0.190797E+03     0.190637E+03     0.191045E+03     0.193998E+03     0.193811E+03     0.191135E+03     0.189637E+03     0.187324E+03     0.189231E+03     0.189667E+03     0.187481E+03     0.187272E+03     0.187986E+03     0.192064E+03     0.191801E+03     0.191668E+03     0.189231E+03     0.190301E+03     0.185767E+03     0.184798E+03     0.185724E+03     0.185810E+03     0.184520E+03     0.186030E+03     0.185851E+03     0.188302E+03     0.188152E+03     0.187942E+03     0.182038E+03     0.181881E+03     0.181623E+03     0.181414E+03     0.181195E+03     0.183920E+03     0.185421E+03     0.185224E+03     0.183206E+03     0.182899E+03     0.182750E+03     0.181057E+03     0.184947E+03     0.185643E+03     0.184203E+03     0.183426E+03     0.181372E+03     0.181211E+03     0.180906E+03     0.185199E+03     0.185783E+03     0.185643E+03     0.183392E+03     0.181352E+03     0.180619E+03     0.179148E+03     0.179148E+03     0.179148E+03     0.179148E+03     0.179148E+03     0.179148E+03     0.179148E+03     0.179148E+03     0.179148E+03     0.179148E+03     0.179148E+03     0.179148E+03     0.179148E+03     0.179148E+03     0.179148E+03     0.179148E+03     0.179148E+03     0.179148E+03     0.179148E+03     0.100000E+21
 0.920000E+03     0.242001E+03     0.242001E+03     0.242001E+03     0.242001E+03     0.242001E+03     0.242001E+03     0.242001E+03     0.242001E+03     0.242001E+03     0.242001E+03     0.242001E+03     0.242001E+03     0.220959E+03     0.206670E+03     0.205500E+03     0.206670E+03     0.232243E+03     0.227028E+03     0.226766E+03     0.223917E+03     0.218800E+03     0.217579E+03     0.217037E+03     0.215381E+03     0.216818E+03     0.218677E+03     0.217156E+03     0.216068E+03     0.215843E+03     0.214872E+03     0.219102E+03     0.215520E+03     0.240667E+03     0.239232E+03     0.238668E+03     0.239868E+03     0.238092E+03     0.232056E+03     0.210523E+03     0.210218E+03     0.210084E+03     0.209865E+03     0.210758E+03     0.210822E+03     0.208696E+03     0.207555E+03     0.208293E+03     0.209611E+03     0.207355E+03     0.207192E+03     0.207662E+03     0.207879E+03     0.207296E+03     0.190786E+03     0.190637E+03     0.191168E+03     0.193998E+03     0.193811E+03     0.191158E+03     0.189637E+03     0.187561E+03     0.189231E+03     0.190422E+03     0.189225E+03     0.187272E+03     0.187897E+03     0.190133E+03     0.191800E+03     0.191668E+03     0.190268E+03     0.190557E+03     0.185767E+03     0.184865E+03     0.185320E+03     0.185810E+03     0.184524E+03     0.186009E+03     0.185851E+03     0.188299E+03     0.188152E+03     0.187942E+03     0.182034E+03     0.181881E+03     0.181605E+03     0.181414E+03     0.181195E+03     0.183926E+03     0.185421E+03     0.185255E+03     0.183206E+03     0.182899E+03     0.182750E+03     0.181057E+03     0.182984E+03     0.185643E+03     0.184819E+03     0.183426E+03     0.181372E+03     0.181213E+03     0.180906E+03     0.184573E+03     0.185781E+03     0.185643E+03     0.183385E+03     0.181315E+03     0.180619E+03     0.179148E+03     0.179148E+03     0.179148E+03     0.179148E+03     0.179148E+03     0.179148E+03     0.179148E+03     0.179148E+03     0.179148E+03     0.179148E+03     0.179148E+03     0.179148E+03     0.179148E+03     0.179148E+03     0.179148E+03     0.179148E+03     0.179148E+03     0.179148E+03     0.179148E+03     0.100000E+21
 0.940000E+03     0.242001E+03     0.242001E+03     0.242001E+03     0.242001E+03     0.242001E+03     0.242001E+03     0.242001E+03     0.242001E+03     0.242001E+03     0.242001E+03     0.242001E+03     0.242001E+03     0.222045E+03     0.206079E+03     0.205428E+03     0.206670E+03     0.231854E+03     0.227028E+03     0.226766E+03     0.224222E+03     0.218800E+03     0.217705E+03     0.216953E+03     0.215381E+03     0.216702E+03     0.218803E+03     0.217892E+03     0.216049E+03     0.215843E+03     0.214872E+03     0.218751E+03     0.215520E+03     0.240508E+03     0.239232E+03     0.238668E+03     0.239787E+03     0.238092E+03     0.229522E+03     0.210523E+03     0.210210E+03     0.210084E+03     0.209865E+03     0.210302E+03     0.210822E+03     0.208894E+03     0.207555E+03     0.208293E+03     0.209489E+03     0.208396E+03     0.207651E+03     0.207289E+03     0.207879E+03     0.207506E+03     0.190770E+03     0.190637E+03     0.191459E+03     0.193998E+03     0.193811E+03     0.191373E+03     0.189637E+03     0.187757E+03     0.189231E+03     0.190668E+03     0.191088E+03     0.187272E+03     0.187824E+03     0.187857E+03     0.191789E+03     0.191668E+03     0.191484E+03     0.190930E+03     0.185767E+03     0.184963E+03     0.184931E+03     0.185810E+03     0.184619E+03     0.185991E+03     0.185851E+03     0.188285E+03     0.188152E+03     0.187942E+03     0.182020E+03     0.181881E+03     0.181583E+03     0.181414E+03     0.181195E+03     0.183763E+03     0.185421E+03     0.185275E+03     0.183206E+03     0.182889E+03     0.182750E+03     0.181057E+03     0.180900E+03     0.185643E+03     0.185503E+03     0.183426E+03     0.181372E+03     0.181227E+03     0.180906E+03     0.184129E+03     0.185770E+03     0.185643E+03     0.183500E+03     0.181243E+03     0.180619E+03     0.179148E+03     0.179148E+03     0.179148E+03     0.179148E+03     0.179148E+03     0.179148E+03     0.179148E+03     0.179148E+03     0.179148E+03     0.179148E+03     0.179148E+03     0.179148E+03     0.179148E+03     0.179148E+03     0.179148E+03     0.179148E+03     0.179148E+03     0.179148E+03     0.179148E+03     0.100000E+21
 0.960000E+03     0.242001E+03     0.242001E+03     0.242001E+03     0.242001E+03     0.242001E+03     0.242001E+03     0.242001E+03     0.242001E+03     0.242001E+03     0.242001E+03     0.242001E+03     0.242001E+03     0.222148E+03     0.205194E+03     0.205194E+03     0.206670E+03     0.231815E+03     0.227028E+03     0.226766E+03     0.224256E+03     0.220930E+03     0.218974E+03     0.216945E+03     0.215381E+03     0.216690E+03     0.219180E+03     0.218992E+03     0.216132E+03     0.215843E+03     0.214872E+03     0.218243E+03     0.214192E+03     0.240490E+03     0.239232E+03     0.238668E+03     0.239779E+03     0.238092E+03     0.229230E+03     0.210523E+03     0.210210E+03     0.210084E+03     0.209865E+03     0.209719E+03     0.210822E+03     0.208915E+03     0.207555E+03     0.208293E+03     0.209476E+03     0.209961E+03     0.208213E+03     0.207294E+03     0.207879E+03     0.207755E+03     0.190768E+03     0.190637E+03     0.191490E+03     0.193998E+03     0.193811E+03     0.191395E+03     0.189637E+03     0.187779E+03     0.189231E+03     0.189951E+03     0.191088E+03     0.187272E+03     0.187816E+03     0.187857E+03     0.191788E+03     0.191668E+03     0.191484E+03     0.190937E+03     0.188366E+03     0.185903E+03     0.185472E+03     0.187132E+03     0.185134E+03     0.185988E+03     0.185851E+03     0.188284E+03     0.188152E+03     0.187942E+03     0.183980E+03     0.181881E+03     0.181581E+03     0.181414E+03     0.181195E+03     0.183747E+03     0.185421E+03     0.185277E+03     0.183206E+03     0.182888E+03     0.182750E+03     0.181057E+03     0.180903E+03     0.185643E+03     0.185504E+03     0.183426E+03     0.181372E+03     0.181228E+03     0.180906E+03     0.184075E+03     0.185769E+03     0.185643E+03     0.183510E+03     0.181235E+03     0.180619E+03     0.179148E+03     0.179148E+03     0.179148E+03     0.179148E+03     0.179148E+03     0.179148E+03     0.179148E+03     0.179148E+03     0.179148E+03     0.179148E+03     0.179148E+03     0.179148E+03     0.179148E+03     0.179148E+03     0.179148E+03     0.179148E+03     0.179148E+03     0.179148E+03     0.179148E+03     0.100000E+21
 0.980000E+03     0.242001E+03     0.242001E+03     0.242001E+03     0.242001E+03     0.242001E+03     0.242001E+03     0.242001E+03     0.242001E+03     0.242001E+03     0.242001E+03     0.242001E+03     0.242001E+03     0.220962E+03     0.205194E+03     0.205194E+03     0.206670E+03     0.232241E+03     0.227028E+03     0.226766E+03     0.223921E+03     0.222640E+03     0.219721E+03     0.217037E+03     0.215381E+03     0.216817E+03     0.219209E+03     0.218992E+03     0.216239E+03     0.215843E+03     0.214872E+03     0.218381E+03     0.213126E+03     0.240665E+03     0.239232E+03     0.238668E+03     0.239867E+03     0.238092E+03     0.232011E+03     0.210523E+03     0.210218E+03     0.210084E+03     0.209865E+03     0.209698E+03     0.210822E+03     0.208697E+03     0.207555E+03     0.208293E+03     0.209610E+03     0.209961E+03     0.207953E+03     0.207242E+03     0.207879E+03     0.207746E+03     0.190786E+03     0.190637E+03     0.191171E+03     0.193998E+03     0.193811E+03     0.191159E+03     0.189637E+03     0.187564E+03     0.189231E+03     0.189895E+03     0.191088E+03     0.187272E+03     0.187896E+03     0.187857E+03     0.191800E+03     0.191668E+03     0.191484E+03     0.190315E+03     0.190454E+03     0.186245E+03     0.185800E+03     0.188194E+03     0.185363E+03     0.186009E+03     0.185851E+03     0.187398E+03     0.188152E+03     0.187942E+03     0.185958E+03     0.181881E+03     0.181605E+03     0.181414E+03     0.181195E+03     0.183925E+03     0.185421E+03     0.185255E+03     0.184054E+03     0.182899E+03     0.182750E+03     0.181057E+03     0.180881E+03     0.185643E+03     0.185488E+03     0.183426E+03     0.182230E+03     0.181501E+03     0.180906E+03     0.184564E+03     0.185781E+03     0.185643E+03     0.183385E+03     0.181314E+03     0.180619E+03     0.179148E+03     0.179148E+03     0.179148E+03     0.179148E+03     0.179148E+03     0.179148E+03     0.179148E+03     0.179148E+03     0.179148E+03     0.179148E+03     0.179148E+03     0.179148E+03     0.179148E+03     0.179148E+03     0.179148E+03     0.179148E+03     0.179148E+03     0.179148E+03     0.179148E+03     0.100000E+21
 0.100000E+04     0.242001E+03     0.242001E+03     0.242001E+03     0.242001E+03     0.242001E+03     0.242001E+03     0.242001E+03     0.242001E+03     0.242001E+03     0.242001E+03     0.242001E+03     0.242001E+03     0.221139E+03     0.205194E+03     0.205194E+03     0.206670E+03     0.232217E+03     0.227028E+03     0.226766E+03     0.223823E+03     0.222640E+03     0.218776E+03     0.217023E+03     0.215381E+03     0.216815E+03     0.219233E+03     0.218992E+03     0.216240E+03     0.215843E+03     0.214872E+03     0.218488E+03     0.213126E+03     0.240730E+03     0.239232E+03     0.238668E+03     0.239859E+03     0.238092E+03     0.234104E+03     0.210523E+03     0.210217E+03     0.210084E+03     0.209865E+03     0.209688E+03     0.210822E+03     0.208676E+03     0.207555E+03     0.208293E+03     0.209621E+03     0.209961E+03     0.207779E+03     0.207245E+03     0.207879E+03     0.207747E+03     0.189179E+03     0.182039E+03     0.191102E+03     0.193998E+03     0.193811E+03     0.191162E+03     0.189637E+03     0.187220E+03     0.187415E+03     0.189905E+03     0.191088E+03     0.187272E+03     0.187174E+03     0.187857E+03     0.191800E+03     0.191668E+03     0.191484E+03     0.189646E+03     0.190454E+03     0.186043E+03     0.185819E+03     0.188194E+03     0.185377E+03     0.186023E+03     0.185851E+03     0.186385E+03     0.188152E+03     0.187942E+03     0.185998E+03     0.181881E+03     0.181616E+03     0.181414E+03     0.181195E+03     0.183903E+03     0.185421E+03     0.185239E+03     0.184991E+03     0.182897E+03     0.182750E+03     0.181057E+03     0.180873E+03     0.185643E+03     0.185484E+03     0.183426E+03     0.183206E+03     0.181792E+03     0.180906E+03     0.181224E+03     0.185781E+03     0.185643E+03     0.184915E+03     0.181337E+03     0.180619E+03     0.179148E+03     0.179148E+03     0.179148E+03     0.179148E+03     0.179148E+03     0.179148E+03     0.179148E+03     0.179148E+03     0.179148E+03     0.179148E+03     0.179148E+03     0.179148E+03     0.179148E+03     0.179148E+03     0.179148E+03     0.179148E+03     0.179148E+03     0.179148E+03     0.179148E+03     0.100000E+21
 0.102000E+04     0.242001E+03     0.242001E+03     0.242001E+03     0.242001E+03     0.242001E+03     0.242001E+03     0.242001E+03     0.242001E+03     0.242001E+03     0.242001E+03     0.242001E+03     0.242001E+03     0.220887E+03     0.205194E+03     0.205194E+03     0.206670E+03     0.232287E+03     0.227028E+03     0.226766E+03     0.223820E+03     0.222640E+03     0.218591E+03     0.216195E+03     0.215381E+03     0.216833E+03     0.219227E+03     0.218992E+03     0.216244E+03     0.215843E+03     0.214872E+03     0.218513E+03     0.213126E+03     0.240726E+03     0.239232E+03     0.238668E+03     0.239875E+03     0.238092E+03     0.233639E+03     0.210523E+03     0.210219E+03     0.210084E+03     0.209865E+03     0.209690E+03     0.210822E+03     0.210666E+03     0.207555E+03     0.208293E+03     0.209634E+03     0.209961E+03     0.207819E+03     0.207236E+03     0.207879E+03     0.207745E+03     0.188157E+03     0.180670E+03     0.191089E+03     0.193998E+03     0.193811E+03     0.193687E+03     0.189637E+03     0.187068E+03     0.186881E+03     0.188937E+03     0.188824E+03     0.190891E+03     0.187675E+03     0.187857E+03     0.191802E+03     0.191668E+03     0.191484E+03     0.189638E+03     0.190454E+03     0.186067E+03     0.185788E+03     0.188194E+03     0.186490E+03     0.184154E+03     0.185851E+03     0.186368E+03     0.188152E+03     0.187942E+03     0.186035E+03     0.181881E+03     0.181614E+03     0.181414E+03     0.181195E+03     0.183939E+03     0.185421E+03     0.185243E+03     0.184991E+03     0.182899E+03     0.182750E+03     0.181057E+03     0.180874E+03     0.185643E+03     0.185484E+03     0.183426E+03     0.183206E+03     0.181775E+03     0.180906E+03     0.180727E+03     0.185783E+03     0.185643E+03     0.185511E+03     0.181337E+03     0.180619E+03     0.179148E+03     0.179148E+03     0.179148E+03     0.179148E+03     0.179148E+03     0.179148E+03     0.179148E+03     0.179148E+03     0.179148E+03     0.179148E+03     0.179148E+03     0.179148E+03     0.179148E+03     0.179148E+03     0.179148E+03     0.179148E+03     0.179148E+03     0.179148E+03     0.179148E+03     0.100000E+21
 0.104000E+04     0.242001E+03     0.242001E+03     0.242001E+03     0.242001E+03     0.242001E+03     0.242001E+03     0.242001E+03     0.242001E+03     0.242001E+03     0.242001E+03     0.242001E+03     0.242001E+03     0.221687E+03     0.205194E+03     0.205194E+03     0.206670E+03     0.231992E+03     0.227028E+03     0.226766E+03     0.224091E+03     0.222640E+03     0.218944E+03     0.216164E+03     0.215381E+03     0.216744E+03     0.219197E+03     0.218992E+03     0.216217E+03     0.215843E+03     0.214872E+03     0.218084E+03     0.213126E+03     0.240578E+03     0.239232E+03     0.238668E+03     0.239815E+03     0.238092E+03     0.230716E+03     0.210523E+03     0.210213E+03     0.210084E+03     0.209865E+03     0.209708E+03     0.210822E+03     0.210677E+03     0.207555E+03     0.208293E+03     0.209536E+03     0.209961E+03     0.208069E+03     0.207272E+03     0.207879E+03     0.207751E+03     0.187441E+03     0.180670E+03     0.191338E+03     0.193998E+03     0.193811E+03     0.193695E+03     0.189637E+03     0.187046E+03     0.186881E+03     0.188934E+03     0.188824E+03     0.190891E+03     0.188061E+03     0.187857E+03     0.191793E+03     0.191668E+03     0.191484E+03     0.189795E+03     0.190454E+03     0.186487E+03     0.185893E+03     0.188194E+03     0.186584E+03     0.184352E+03     0.185851E+03     0.186498E+03     0.188152E+03     0.187942E+03     0.185730E+03     0.181881E+03     0.181593E+03     0.181414E+03     0.181195E+03     0.183818E+03     0.185421E+03     0.185265E+03     0.184991E+03     0.182892E+03     0.182750E+03     0.181057E+03     0.180892E+03     0.185643E+03     0.185496E+03     0.184102E+03     0.183206E+03     0.181871E+03     0.180906E+03     0.180750E+03     0.185774E+03     0.185643E+03     0.185516E+03     0.181274E+03     0.180619E+03     0.179148E+03     0.179148E+03     0.179148E+03     0.179148E+03     0.179148E+03     0.179148E+03     0.179148E+03     0.179148E+03     0.179148E+03     0.179148E+03     0.179148E+03     0.179148E+03     0.179148E+03     0.179148E+03     0.179148E+03     0.179148E+03     0.179148E+03     0.179148E+03     0.179148E+03     0.100000E+21
 0.106000E+04     0.242001E+03     0.242001E+03     0.242001E+03     0.242001E+03     0.242001E+03     0.242001E+03     0.242001E+03     0.242001E+03     0.242001E+03     0.242001E+03     0.242001E+03     0.242001E+03     0.222168E+03     0.205194E+03     0.205194E+03     0.206670E+03     0.231808E+03     0.227028E+03     0.226766E+03     0.224262E+03     0.222640E+03     0.219174E+03     0.216146E+03     0.215381E+03     0.216688E+03     0.219180E+03     0.218992E+03     0.216200E+03     0.215843E+03     0.214872E+03     0.217802E+03     0.213126E+03     0.240487E+03     0.239232E+03     0.238668E+03     0.239777E+03     0.238092E+03     0.229177E+03     0.210523E+03     0.210209E+03     0.210084E+03     0.209865E+03     0.209719E+03     0.210822E+03     0.210685E+03     0.207555E+03     0.208293E+03     0.209473E+03     0.209961E+03     0.208218E+03     0.207294E+03     0.207879E+03     0.207755E+03     0.186979E+03     0.180670E+03     0.191496E+03     0.193998E+03     0.193811E+03     0.193699E+03     0.189637E+03     0.187034E+03     0.186881E+03     0.188932E+03     0.188824E+03     0.190891E+03     0.188274E+03     0.187857E+03     0.191788E+03     0.191668E+03     0.191484E+03     0.189896E+03     0.190454E+03     0.187054E+03     0.185957E+03     0.188194E+03     0.186644E+03     0.184470E+03     0.185851E+03     0.186582E+03     0.188152E+03     0.187942E+03     0.185035E+03     0.180625E+03     0.181580E+03     0.181414E+03     0.181195E+03     0.183744E+03     0.185421E+03     0.185277E+03     0.184991E+03     0.182887E+03     0.182750E+03     0.181057E+03     0.180903E+03     0.185643E+03     0.185505E+03     0.185213E+03     0.183206E+03     0.181933E+03     0.180906E+03     0.180763E+03     0.185769E+03     0.185643E+03     0.185519E+03     0.181233E+03     0.180619E+03     0.179148E+03     0.179148E+03     0.179148E+03     0.179148E+03     0.179148E+03     0.179148E+03     0.179148E+03     0.179148E+03     0.179148E+03     0.179148E+03     0.179148E+03     0.179148E+03     0.179148E+03     0.179148E+03     0.179148E+03     0.179148E+03     0.179148E+03     0.179148E+03     0.179148E+03     0.100000E+21
 0.108000E+04     0.242001E+03     0.242001E+03     0.242001E+03     0.242001E+03     0.242001E+03     0.242001E+03     0.242001E+03     0.242001E+03     0.242001E+03     0.242001E+03     0.242001E+03     0.242001E+03     0.220894E+03     0.205194E+03     0.205194E+03     0.206670E+03     0.232282E+03     0.227028E+03     0.226766E+03     0.223832E+03     0.218800E+03     0.217545E+03     0.216194E+03     0.215381E+03     0.216831E+03     0.219224E+03     0.218992E+03     0.216244E+03     0.215843E+03     0.214872E+03     0.218498E+03     0.213126E+03     0.240718E+03     0.239232E+03     0.238668E+03     0.239875E+03     0.238092E+03     0.233387E+03     0.210523E+03     0.210219E+03     0.210084E+03     0.209865E+03     0.209691E+03     0.210822E+03     0.210666E+03     0.207555E+03     0.208293E+03     0.209632E+03     0.209961E+03     0.207837E+03     0.207237E+03     0.207879E+03     0.207746E+03     0.188120E+03     0.180670E+03     0.191099E+03     0.193998E+03     0.193811E+03     0.193687E+03     0.189637E+03     0.187067E+03     0.186881E+03     0.188937E+03     0.188824E+03     0.190891E+03     0.187705E+03     0.187857E+03     0.188960E+03     0.191668E+03     0.191484E+03     0.189644E+03     0.190454E+03     0.186862E+03     0.184199E+03     0.184063E+03     0.185058E+03     0.184168E+03     0.185851E+03     0.186371E+03     0.188152E+03     0.187942E+03     0.185230E+03     0.179148E+03     0.181613E+03     0.181414E+03     0.181195E+03     0.183938E+03     0.185421E+03     0.185245E+03     0.184991E+03     0.182899E+03     0.182750E+03     0.181057E+03     0.180875E+03     0.185643E+03     0.185484E+03     0.185213E+03     0.183206E+03     0.181778E+03     0.180906E+03     0.180729E+03     0.185783E+03     0.185643E+03     0.185511E+03     0.181334E+03     0.180619E+03     0.179148E+03     0.179148E+03     0.179148E+03     0.179148E+03     0.179148E+03     0.179148E+03     0.179148E+03     0.179148E+03     0.179148E+03     0.179148E+03     0.179148E+03     0.179148E+03     0.179148E+03     0.179148E+03     0.179148E+03     0.179148E+03     0.179148E+03     0.179148E+03     0.179148E+03     0.100000E+21
 0.110000E+04     0.242001E+03     0.242001E+03     0.242001E+03     0.242001E+03     0.242001E+03     0.242001E+03     0.242001E+03     0.242001E+03     0.242001E+03     0.242001E+03     0.242001E+03     0.242001E+03     0.221535E+03     0.205194E+03     0.205194E+03     0.206670E+03     0.232053E+03     0.227028E+03     0.226766E+03     0.224028E+03     0.218800E+03     0.217624E+03     0.216170E+03     0.215381E+03     0.216763E+03     0.219204E+03     0.218992E+03     0.216223E+03     0.215843E+03     0.214872E+03     0.218185E+03     0.213126E+03     0.240613E+03     0.239232E+03     0.238668E+03     0.239827E+03     0.238092E+03     0.231357E+03     0.210523E+03     0.210214E+03     0.210084E+03     0.209865E+03     0.209704E+03     0.210822E+03     0.210675E+03     0.207555E+03     0.208293E+03     0.209558E+03     0.209961E+03     0.208008E+03     0.207265E+03     0.207879E+03     0.207750E+03     0.187617E+03     0.180670E+03     0.191280E+03     0.193998E+03     0.193811E+03     0.193693E+03     0.189637E+03     0.187051E+03     0.186881E+03     0.188934E+03     0.188824E+03     0.190891E+03     0.187974E+03     0.187857E+03     0.189088E+03     0.191668E+03     0.191484E+03     0.189759E+03     0.190454E+03     0.187104E+03     0.184194E+03     0.184063E+03     0.186057E+03     0.185247E+03     0.185851E+03     0.186469E+03     0.188152E+03     0.187942E+03     0.184896E+03     0.179148E+03     0.181598E+03     0.181414E+03     0.181195E+03     0.181945E+03     0.185421E+03     0.185260E+03     0.184991E+03     0.182893E+03     0.182750E+03     0.181057E+03     0.180888E+03     0.185643E+03     0.185493E+03     0.185213E+03     0.184516E+03     0.182210E+03     0.180906E+03     0.180744E+03     0.185776E+03     0.185643E+03     0.185515E+03     0.181289E+03     0.180619E+03     0.179148E+03     0.179148E+03     0.179148E+03     0.179148E+03     0.179148E+03     0.179148E+03     0.179148E+03     0.179148E+03     0.179148E+03     0.179148E+03     0.179148E+03     0.179148E+03     0.179148E+03     0.179148E+03     0.179148E+03     0.179148E+03     0.179148E+03     0.179148E+03     0.179148E+03     0.100000E+21
 0.112000E+04     0.242001E+03     0.242001E+03     0.242001E+03     0.242001E+03     0.242001E+03     0.242001E+03     0.242001E+03     0.242001E+03     0.242001E+03     0.242001E+03     0.242001E+03     0.242001E+03     0.220910E+03     0.205194E+03     0.205194E+03     0.206670E+03     0.232295E+03     0.227028E+03     0.226766E+03     0.223750E+03     0.218800E+03     0.217514E+03     0.216194E+03     0.215381E+03     0.216838E+03     0.219246E+03     0.218992E+03     0.216247E+03     0.215843E+03     0.214872E+03     0.218589E+03     0.213126E+03     0.240774E+03     0.239232E+03     0.238668E+03     0.239876E+03     0.238092E+03     0.236698E+03     0.210523E+03     0.210219E+03     0.210084E+03     0.209865E+03     0.209682E+03     0.210822E+03     0.210664E+03     0.207555E+03     0.208293E+03     0.209646E+03     0.209961E+03     0.207696E+03     0.207235E+03     0.207879E+03     0.207746E+03     0.202799E+03     0.190637E+03     0.190069E+03     0.189919E+03     0.193811E+03     0.193686E+03     0.189637E+03     0.189173E+03     0.186881E+03     0.188937E+03     0.188824E+03     0.190891E+03     0.187432E+03     0.187857E+03     0.188948E+03     0.191668E+03     0.191484E+03     0.189606E+03     0.190454E+03     0.186737E+03     0.184199E+03     0.184063E+03     0.186630E+03     0.185474E+03     0.185851E+03     0.185580E+03     0.185421E+03     0.187942E+03     0.185297E+03     0.179148E+03     0.181623E+03     0.181414E+03     0.181195E+03     0.181041E+03     0.185421E+03     0.185219E+03     0.184991E+03     0.182900E+03     0.182750E+03     0.181057E+03     0.180868E+03     0.185643E+03     0.185481E+03     0.185213E+03     0.184991E+03     0.182311E+03     0.180906E+03     0.180712E+03     0.185783E+03     0.185643E+03     0.185511E+03     0.181352E+03     0.180619E+03     0.179148E+03     0.179148E+03     0.179148E+03     0.179148E+03     0.179148E+03     0.179148E+03     0.179148E+03     0.179148E+03     0.179148E+03     0.179148E+03     0.179148E+03     0.179148E+03     0.179148E+03     0.179148E+03     0.179148E+03     0.179148E+03     0.179148E+03     0.179148E+03     0.179148E+03     0.100000E+21
 0.114000E+04     0.242001E+03     0.242001E+03     0.242001E+03     0.242001E+03     0.242001E+03     0.242001E+03     0.242001E+03     0.242001E+03     0.242001E+03     0.242001E+03     0.242001E+03     0.242001E+03     0.221205E+03     0.205194E+03     0.205194E+03     0.206670E+03     0.232181E+03     0.227028E+03     0.226766E+03     0.223890E+03     0.218800E+03     0.217569E+03     0.216182E+03     0.215381E+03     0.216802E+03     0.219221E+03     0.218992E+03     0.216236E+03     0.215843E+03     0.214872E+03     0.218393E+03     0.213126E+03     0.240690E+03     0.239232E+03     0.238668E+03     0.239853E+03     0.238092E+03     0.232959E+03     0.210523E+03     0.210217E+03     0.210084E+03     0.209865E+03     0.209694E+03     0.210822E+03     0.210669E+03     0.207555E+03     0.208293E+03     0.209604E+03     0.209961E+03     0.207872E+03     0.207249E+03     0.207879E+03     0.207748E+03     0.202184E+03     0.190637E+03     0.190063E+03     0.189919E+03     0.193811E+03     0.193690E+03     0.189637E+03     0.188953E+03     0.186881E+03     0.188936E+03     0.188824E+03     0.190891E+03     0.187764E+03     0.187857E+03     0.189014E+03     0.191668E+03     0.191484E+03     0.190928E+03     0.190454E+03     0.186925E+03     0.184197E+03     0.184063E+03     0.186575E+03     0.185124E+03     0.183945E+03     0.185575E+03     0.185421E+03     0.187942E+03     0.185106E+03     0.179148E+03     0.181609E+03     0.181414E+03     0.181195E+03     0.181044E+03     0.185421E+03     0.185248E+03     0.184991E+03     0.182897E+03     0.182750E+03     0.181057E+03     0.180878E+03     0.181769E+03     0.184627E+03     0.185213E+03     0.184991E+03     0.182384E+03     0.180906E+03     0.180732E+03     0.185780E+03     0.185643E+03     0.185513E+03     0.181321E+03     0.180619E+03     0.179148E+03     0.179148E+03     0.179148E+03     0.179148E+03     0.179148E+03     0.179148E+03     0.179148E+03     0.179148E+03     0.179148E+03     0.179148E+03     0.179148E+03     0.179148E+03     0.179148E+03     0.179148E+03     0.179148E+03     0.179148E+03     0.179148E+03     0.179148E+03     0.179148E+03     0.100000E+21
 0.116000E+04     0.242001E+03     0.242001E+03     0.242001E+03     0.242001E+03     0.242001E+03     0.242001E+03     0.242001E+03     0.242001E+03     0.242001E+03     0.242001E+03     0.242001E+03     0.242001E+03     0.221941E+03     0.205194E+03     0.205194E+03     0.206670E+03     0.231894E+03     0.227028E+03     0.226766E+03     0.224186E+03     0.218800E+03     0.217690E+03     0.216155E+03     0.215381E+03     0.216714E+03     0.219187E+03     0.218992E+03     0.216208E+03     0.215843E+03     0.214872E+03     0.217929E+03     0.213126E+03     0.240527E+03     0.239232E+03     0.238668E+03     0.239795E+03     0.238092E+03     0.229838E+03     0.210523E+03     0.210211E+03     0.210084E+03     0.209865E+03     0.209714E+03     0.210822E+03     0.210681E+03     0.207555E+03     0.208293E+03     0.209502E+03     0.209961E+03     0.208154E+03     0.207284E+03     0.207879E+03     0.207753E+03     0.200913E+03     0.190637E+03     0.190050E+03     0.189919E+03     0.193811E+03     0.193697E+03     0.189637E+03     0.188676E+03     0.186881E+03     0.188933E+03     0.188824E+03     0.190891E+03     0.188182E+03     0.187857E+03     0.189181E+03     0.191668E+03     0.191484E+03     0.191353E+03     0.190454E+03     0.187314E+03     0.184429E+03     0.184063E+03     0.186436E+03     0.184656E+03     0.183385E+03     0.185563E+03     0.185421E+03     0.187942E+03     0.184638E+03     0.179148E+03     0.181586E+03     0.181414E+03     0.181195E+03     0.181050E+03     0.185421E+03     0.185272E+03     0.184991E+03     0.182890E+03     0.182750E+03     0.181057E+03     0.180898E+03     0.180576E+03     0.183677E+03     0.185213E+03     0.184991E+03     0.182566E+03     0.180906E+03     0.180757E+03     0.185771E+03     0.185643E+03     0.185517E+03     0.181252E+03     0.180619E+03     0.179148E+03     0.179148E+03     0.179148E+03     0.179148E+03     0.179148E+03     0.179148E+03     0.179148E+03     0.179148E+03     0.179148E+03     0.179148E+03     0.179148E+03     0.179148E+03     0.179148E+03     0.179148E+03     0.179148E+03     0.179148E+03     0.179148E+03     0.179148E+03     0.179148E+03     0.100000E+21
 0.118000E+04     0.242001E+03     0.242001E+03     0.242001E+03     0.242001E+03     0.242001E+03     0.242001E+03     0.242001E+03     0.242001E+03     0.242001E+03     0.242001E+03     0.242001E+03     0.242001E+03     0.220897E+03     0.205194E+03     0.205194E+03     0.206670E+03     0.232299E+03     0.227028E+03     0.226766E+03     0.223748E+03     0.218800E+03     0.217513E+03     0.216194E+03     0.215381E+03     0.216839E+03     0.219246E+03     0.218992E+03     0.216247E+03     0.215843E+03     0.215512E+03     0.218593E+03     0.213126E+03     0.240775E+03     0.239232E+03     0.238668E+03     0.239877E+03     0.238092E+03     0.237498E+03     0.236932E+03     0.210219E+03     0.210084E+03     0.209865E+03     0.209682E+03     0.210822E+03     0.210664E+03     0.207555E+03     0.208293E+03     0.209647E+03     0.209961E+03     0.207694E+03     0.207235E+03     0.207879E+03     0.207745E+03     0.202808E+03     0.190637E+03     0.190069E+03     0.189919E+03     0.193811E+03     0.193686E+03     0.189637E+03     0.189176E+03     0.186881E+03     0.188937E+03     0.188824E+03     0.190891E+03     0.187426E+03     0.187857E+03     0.188945E+03     0.191668E+03     0.191484E+03     0.191333E+03     0.190454E+03     0.186735E+03     0.184847E+03     0.184063E+03     0.184834E+03     0.184980E+03     0.183385E+03     0.185580E+03     0.185421E+03     0.187942E+03     0.185302E+03     0.179148E+03     0.181623E+03     0.181414E+03     0.181195E+03     0.181041E+03     0.185421E+03     0.185218E+03     0.184991E+03     0.182900E+03     0.182750E+03     0.181057E+03     0.180868E+03     0.180576E+03     0.184105E+03     0.185213E+03     0.184991E+03     0.184836E+03     0.180906E+03     0.180712E+03     0.185784E+03     0.185643E+03     0.185511E+03     0.181352E+03     0.180619E+03     0.179148E+03     0.179148E+03     0.179148E+03     0.179148E+03     0.179148E+03     0.179148E+03     0.179148E+03     0.179148E+03     0.179148E+03     0.179148E+03     0.179148E+03     0.179148E+03     0.179148E+03     0.179148E+03     0.179148E+03     0.179148E+03     0.179148E+03     0.179148E+03     0.179148E+03     0.100000E+21
 0.120000E+04     0.242001E+03     0.242001E+03     0.242001E+03     0.242001E+03     0.242001E+03     0.242001E+03     0.242001E+03     0.242001E+03     0.242001E+03     0.242001E+03     0.242001E+03     0.242001E+03     0.221941E+03     0.205194E+03     0.205194E+03     0.206670E+03     0.231894E+03     0.227028E+03     0.226766E+03     0.224186E+03     0.218800E+03     0.218281E+03     0.216155E+03     0.215381E+03     0.216714E+03     0.219187E+03     0.218992E+03     0.216208E+03     0.215843E+03     0.215512E+03     0.217929E+03     0.213126E+03     0.240760E+03     0.240085E+03     0.238668E+03     0.239795E+03     0.238092E+03     0.237346E+03     0.236932E+03     0.210211E+03     0.210084E+03     0.209865E+03     0.209714E+03     0.210822E+03     0.210681E+03     0.207555E+03     0.208293E+03     0.209502E+03     0.209961E+03     0.208154E+03     0.207284E+03     0.207879E+03     0.207753E+03     0.200913E+03     0.190637E+03     0.185991E+03     0.189919E+03     0.193811E+03     0.193697E+03     0.189637E+03     0.188676E+03     0.186881E+03     0.188933E+03     0.188824E+03     0.190891E+03     0.188182E+03     0.187857E+03     0.189181E+03     0.191668E+03     0.191484E+03     0.191353E+03     0.190454E+03     0.189278E+03     0.184429E+03     0.184063E+03     0.184775E+03     0.184656E+03     0.183385E+03     0.185563E+03     0.185421E+03     0.187942E+03     0.184638E+03     0.179148E+03     0.181586E+03     0.181414E+03     0.181195E+03     0.181050E+03     0.185421E+03     0.185272E+03     0.184991E+03     0.182890E+03     0.182750E+03     0.181057E+03     0.180898E+03     0.180576E+03     0.183677E+03     0.185213E+03     0.184991E+03     0.184851E+03     0.180906E+03     0.180757E+03     0.185771E+03     0.185643E+03     0.185517E+03     0.181252E+03     0.180619E+03     0.179148E+03     0.179148E+03     0.179148E+03     0.179148E+03     0.179148E+03     0.179148E+03     0.179148E+03     0.179148E+03     0.179148E+03     0.179148E+03     0.179148E+03     0.179148E+03     0.179148E+03     0.179148E+03     0.179148E+03     0.179148E+03     0.179148E+03     0.179148E+03     0.179148E+03     0.100000E+21
 0.122000E+04     0.242001E+03     0.242001E+03     0.242001E+03     0.242001E+03     0.242001E+03     0.242001E+03     0.242001E+03     0.242001E+03     0.242001E+03     0.242001E+03     0.242001E+03     0.242001E+03     0.221205E+03     0.205194E+03     0.205194E+03     0.206670E+03     0.232181E+03     0.227028E+03     0.226766E+03     0.223890E+03     0.218800E+03     0.218580E+03     0.216182E+03     0.215381E+03     0.216802E+03     0.219221E+03     0.218992E+03     0.216236E+03     0.215843E+03     0.215512E+03     0.218393E+03     0.213126E+03     0.221095E+03     0.240582E+03     0.238668E+03     0.239853E+03     0.238092E+03     0.237413E+03     0.236932E+03     0.210217E+03     0.210084E+03     0.209865E+03     0.209694E+03     0.210822E+03     0.210669E+03     0.207555E+03     0.208293E+03     0.209604E+03     0.209961E+03     0.207872E+03     0.207249E+03     0.207879E+03     0.207748E+03     0.202184E+03     0.190637E+03     0.183151E+03     0.189919E+03     0.193811E+03     0.193690E+03     0.189637E+03     0.188953E+03     0.186881E+03     0.187596E+03     0.188824E+03     0.188614E+03     0.187340E+03     0.187857E+03     0.189014E+03     0.191668E+03     0.191484E+03     0.191339E+03     0.190454E+03     0.190302E+03     0.184197E+03     0.184063E+03     0.184817E+03     0.186620E+03     0.183385E+03     0.185575E+03     0.185421E+03     0.187942E+03     0.185106E+03     0.179148E+03     0.181609E+03     0.181414E+03     0.181195E+03     0.181044E+03     0.185421E+03     0.185248E+03     0.184991E+03     0.182897E+03     0.182750E+03     0.181057E+03     0.180878E+03     0.180576E+03     0.183976E+03     0.185213E+03     0.184991E+03     0.184841E+03     0.180906E+03     0.180732E+03     0.185780E+03     0.185643E+03     0.185513E+03     0.181321E+03     0.180619E+03     0.179148E+03     0.179148E+03     0.179148E+03     0.179148E+03     0.179148E+03     0.179148E+03     0.179148E+03     0.179148E+03     0.179148E+03     0.179148E+03     0.179148E+03     0.179148E+03     0.179148E+03     0.179148E+03     0.179148E+03     0.179148E+03     0.179148E+03     0.179148E+03     0.179148E+03     0.100000E+21
 0.124000E+04     0.242001E+03     0.242001E+03     0.242001E+03     0.242001E+03     0.242001E+03     0.242001E+03     0.242001E+03     0.242001E+03     0.242001E+03     0.242001E+03     0.242001E+03     0.242001E+03     0.220910E+03     0.205194E+03     0.205194E+03     0.206670E+03     0.232295E+03     0.227028E+03     0.226766E+03     0.223750E+03     0.218800E+03     0.218570E+03     0.216194E+03     0.215381E+03     0.216838E+03     0.219246E+03     0.218992E+03     0.216247E+03     0.215843E+03     0.215512E+03     0.218589E+03     0.213126E+03     0.219973E+03     0.240582E+03     0.238668E+03     0.239876E+03     0.238092E+03     0.237070E+03     0.218347E+03     0.210219E+03     0.210084E+03     0.209865E+03     0.209682E+03     0.210822E+03     0.210664E+03     0.207555E+03     0.208293E+03     0.209646E+03     0.209961E+03     0.207696E+03     0.207235E+03     0.207879E+03     0.207746E+03     0.202799E+03     0.190637E+03     0.182869E+03     0.189919E+03     0.193811E+03     0.193686E+03     0.192476E+03     0.189173E+03     0.186881E+03     0.187582E+03     0.188824E+03     0.188614E+03     0.187204E+03     0.187857E+03     0.188948E+03     0.191668E+03     0.191484E+03     0.191333E+03     0.190454E+03     0.190294E+03     0.184617E+03     0.184063E+03     0.184834E+03     0.187095E+03     0.184985E+03     0.185580E+03     0.185421E+03     0.187942E+03     0.185297E+03     0.179148E+03     0.181623E+03     0.181414E+03     0.181195E+03     0.181041E+03     0.185421E+03     0.185219E+03     0.184991E+03     0.182900E+03     0.182750E+03     0.181057E+03     0.180868E+03     0.180576E+03     0.184103E+03     0.185213E+03     0.184991E+03     0.184837E+03     0.180906E+03     0.180712E+03     0.185783E+03     0.185643E+03     0.185511E+03     0.181352E+03     0.180619E+03     0.179148E+03     0.179148E+03     0.179148E+03     0.179148E+03     0.179148E+03     0.179148E+03     0.179148E+03     0.179148E+03     0.179148E+03     0.179148E+03     0.179148E+03     0.179148E+03     0.179148E+03     0.179148E+03     0.179148E+03     0.179148E+03     0.179148E+03     0.179148E+03     0.179148E+03     0.100000E+21
 0.126000E+04     0.242001E+03     0.242001E+03     0.242001E+03     0.242001E+03     0.242001E+03     0.242001E+03     0.242001E+03     0.242001E+03     0.242001E+03     0.242001E+03     0.242001E+03     0.242001E+03     0.221535E+03     0.205194E+03     0.206015E+03     0.206670E+03     0.232053E+03     0.227028E+03     0.226766E+03     0.224028E+03     0.218800E+03     0.218590E+03     0.216170E+03     0.215381E+03     0.216763E+03     0.219204E+03     0.218992E+03     0.216223E+03     0.215843E+03     0.215512E+03     0.218185E+03     0.213126E+03     0.222123E+03     0.240582E+03     0.238668E+03     0.239827E+03     0.238092E+03     0.231357E+03     0.210523E+03     0.210214E+03     0.210084E+03     0.209865E+03     0.209704E+03     0.210822E+03     0.210675E+03     0.207555E+03     0.208293E+03     0.209558E+03     0.209961E+03     0.208008E+03     0.207265E+03     0.207879E+03     0.207750E+03     0.201599E+03     0.190637E+03     0.183443E+03     0.189919E+03     0.193811E+03     0.193693E+03     0.193427E+03     0.188814E+03     0.186881E+03     0.187612E+03     0.188824E+03     0.188614E+03     0.187425E+03     0.187857E+03     0.189088E+03     0.191668E+03     0.191484E+03     0.191345E+03     0.190454E+03     0.190310E+03     0.184820E+03     0.184063E+03     0.184530E+03     0.186961E+03     0.185157E+03     0.185570E+03     0.185421E+03     0.187942E+03     0.184896E+03     0.179148E+03     0.181598E+03     0.181414E+03     0.181195E+03     0.181047E+03     0.185421E+03     0.185260E+03     0.184991E+03     0.182893E+03     0.182750E+03     0.181057E+03     0.180888E+03     0.180576E+03     0.183842E+03     0.185213E+03     0.184991E+03     0.184167E+03     0.180906E+03     0.180744E+03     0.184754E+03     0.185643E+03     0.185515E+03     0.181289E+03     0.180619E+03     0.179148E+03     0.179148E+03     0.179148E+03     0.179148E+03     0.179148E+03     0.179148E+03     0.179148E+03     0.179148E+03     0.179148E+03     0.179148E+03     0.179148E+03     0.179148E+03     0.179148E+03     0.179148E+03     0.179148E+03     0.179148E+03     0.179148E+03     0.179148E+03     0.179148E+03     0.100000E+21
 0.128000E+04     0.242001E+03     0.242001E+03     0.242001E+03     0.242001E+03     0.242001E+03     0.242001E+03     0.242001E+03     0.242001E+03     0.242001E+03     0.242001E+03     0.242001E+03     0.242001E+03     0.220894E+03     0.205194E+03     0.209437E+03     0.206670E+03     0.232282E+03     0.227028E+03     0.226766E+03     0.223832E+03     0.218800E+03     0.218576E+03     0.216194E+03     0.215381E+03     0.216831E+03     0.219224E+03     0.218992E+03     0.216244E+03     0.215843E+03     0.215512E+03     0.218498E+03     0.213126E+03     0.220712E+03     0.240582E+03     0.238668E+03     0.239875E+03     0.238092E+03     0.233387E+03     0.210523E+03     0.210219E+03     0.210084E+03     0.209865E+03     0.209691E+03     0.210822E+03     0.210666E+03     0.207555E+03     0.208293E+03     0.209632E+03     0.209961E+03     0.207837E+03     0.207237E+03     0.207879E+03     0.207746E+03     0.202392E+03     0.190637E+03     0.183012E+03     0.189919E+03     0.193811E+03     0.193687E+03     0.193427E+03     0.188992E+03     0.186881E+03     0.187580E+03     0.188824E+03     0.188614E+03     0.187316E+03     0.187857E+03     0.188960E+03     0.191668E+03     0.191484E+03     0.191336E+03     0.189282E+03     0.190066E+03     0.184847E+03     0.184063E+03     0.183909E+03     0.187118E+03     0.185157E+03     0.185579E+03     0.185421E+03     0.187942E+03     0.185230E+03     0.179148E+03     0.181613E+03     0.181414E+03     0.181195E+03     0.181041E+03     0.185421E+03     0.185245E+03     0.184991E+03     0.182899E+03     0.182750E+03     0.181985E+03     0.181040E+03     0.180576E+03     0.184044E+03     0.185213E+03     0.184991E+03     0.182329E+03     0.180906E+03     0.180729E+03     0.182145E+03     0.185643E+03     0.185511E+03     0.181334E+03     0.180619E+03     0.179148E+03     0.179148E+03     0.179148E+03     0.179148E+03     0.179148E+03     0.179148E+03     0.179148E+03     0.179148E+03     0.179148E+03     0.179148E+03     0.179148E+03     0.179148E+03     0.179148E+03     0.179148E+03     0.179148E+03     0.179148E+03     0.179148E+03     0.179148E+03     0.179148E+03     0.100000E+21
 0.130000E+04     0.242001E+03     0.242001E+03     0.242001E+03     0.242001E+03     0.242001E+03     0.242001E+03     0.242001E+03     0.242001E+03     0.242001E+03     0.242001E+03     0.242001E+03     0.242001E+03     0.222168E+03     0.205194E+03     0.208661E+03     0.206670E+03     0.231808E+03     0.227028E+03     0.226766E+03     0.224262E+03     0.218800E+03     0.218607E+03     0.216146E+03     0.215381E+03     0.216688E+03     0.219180E+03     0.218992E+03     0.216200E+03     0.215843E+03     0.215512E+03     0.217802E+03     0.213126E+03     0.223804E+03     0.240582E+03     0.238668E+03     0.239777E+03     0.239132E+03     0.229177E+03     0.210523E+03     0.210209E+03     0.210084E+03     0.209865E+03     0.209719E+03     0.210822E+03     0.210685E+03     0.207555E+03     0.208293E+03     0.209473E+03     0.209961E+03     0.208218E+03     0.207294E+03     0.207879E+03     0.207755E+03     0.200592E+03     0.190637E+03     0.183958E+03     0.189919E+03     0.193811E+03     0.193699E+03     0.193427E+03     0.188615E+03     0.186881E+03     0.187642E+03     0.188824E+03     0.188614E+03     0.187548E+03     0.187857E+03     0.189230E+03     0.191668E+03     0.191484E+03     0.191356E+03     0.188824E+03     0.189704E+03     0.184792E+03     0.184063E+03     0.183923E+03     0.186766E+03     0.185157E+03     0.185560E+03     0.185421E+03     0.187942E+03     0.184506E+03     0.179148E+03     0.181580E+03     0.181414E+03     0.181195E+03     0.181052E+03     0.185421E+03     0.185277E+03     0.184991E+03     0.182887E+03     0.182750E+03     0.182515E+03     0.181397E+03     0.180576E+03     0.183595E+03     0.185213E+03     0.184991E+03     0.182619E+03     0.180906E+03     0.180763E+03     0.182491E+03     0.185643E+03     0.185519E+03     0.182455E+03     0.180619E+03     0.179148E+03     0.179148E+03     0.179148E+03     0.179148E+03     0.179148E+03     0.179148E+03     0.179148E+03     0.179148E+03     0.179148E+03     0.179148E+03     0.179148E+03     0.179148E+03     0.179148E+03     0.179148E+03     0.179148E+03     0.179148E+03     0.179148E+03     0.179148E+03     0.179148E+03     0.100000E+21
 0.132000E+04     0.242001E+03     0.242001E+03     0.242001E+03     0.242001E+03     0.242001E+03     0.242001E+03     0.242001E+03     0.242001E+03     0.242001E+03     0.242001E+03     0.242001E+03     0.242001E+03     0.221687E+03     0.205194E+03     0.206143E+03     0.206670E+03     0.231992E+03     0.227028E+03     0.226766E+03     0.224091E+03     0.218800E+03     0.218594E+03     0.216164E+03     0.215381E+03     0.216744E+03     0.219197E+03     0.218992E+03     0.216217E+03     0.215843E+03     0.215512E+03     0.218084E+03     0.213126E+03     0.222589E+03     0.240582E+03     0.238668E+03     0.239815E+03     0.240018E+03     0.234365E+03     0.228668E+03     0.210213E+03     0.210084E+03     0.209865E+03     0.209708E+03     0.210822E+03     0.210677E+03     0.207555E+03     0.208293E+03     0.209536E+03     0.209961E+03     0.208069E+03     0.207272E+03     0.207879E+03     0.207751E+03     0.201321E+03     0.190637E+03     0.183581E+03     0.189919E+03     0.193811E+03     0.193695E+03     0.193427E+03     0.188756E+03     0.186881E+03     0.187619E+03     0.188824E+03     0.188614E+03     0.187461E+03     0.187857E+03     0.189124E+03     0.191668E+03     0.191484E+03     0.191348E+03     0.188824E+03     0.189768E+03     0.184813E+03     0.184063E+03     0.183917E+03     0.186904E+03     0.185157E+03     0.184430E+03     0.185421E+03     0.186251E+03     0.186433E+03     0.184995E+03     0.181593E+03     0.181414E+03     0.181195E+03     0.181048E+03     0.185421E+03     0.185265E+03     0.184991E+03     0.182892E+03     0.182750E+03     0.182515E+03     0.181317E+03     0.180576E+03     0.183777E+03     0.185213E+03     0.184991E+03     0.182504E+03     0.180906E+03     0.180750E+03     0.182355E+03     0.185643E+03     0.185516E+03     0.183665E+03     0.180619E+03     0.179148E+03     0.179148E+03     0.179148E+03     0.179148E+03     0.179148E+03     0.179148E+03     0.179148E+03     0.179148E+03     0.179148E+03     0.179148E+03     0.179148E+03     0.179148E+03     0.179148E+03     0.179148E+03     0.179148E+03     0.179148E+03     0.179148E+03     0.179148E+03     0.179148E+03     0.100000E+21
 0.134000E+04     0.242001E+03     0.242001E+03     0.242001E+03     0.242001E+03     0.242001E+03     0.242001E+03     0.242001E+03     0.242001E+03     0.242001E+03     0.242001E+03     0.242001E+03     0.242001E+03     0.220887E+03     0.205194E+03     0.205194E+03     0.206670E+03     0.232287E+03     0.227028E+03     0.226766E+03     0.223820E+03     0.218800E+03     0.218575E+03     0.216195E+03     0.215381E+03     0.216833E+03     0.219227E+03     0.218992E+03     0.216244E+03     0.215843E+03     0.215512E+03     0.215902E+03     0.213126E+03     0.220607E+03     0.240582E+03     0.238668E+03     0.239875E+03     0.240018E+03     0.237428E+03     0.236932E+03     0.210219E+03     0.210084E+03     0.209865E+03     0.209690E+03     0.210822E+03     0.210666E+03     0.207555E+03     0.208293E+03     0.209634E+03     0.209961E+03     0.207819E+03     0.207236E+03     0.207879E+03     0.207745E+03     0.202451E+03     0.190637E+03     0.182989E+03     0.189919E+03     0.193811E+03     0.193687E+03     0.193427E+03     0.189011E+03     0.186881E+03     0.187580E+03     0.188824E+03     0.188614E+03     0.189662E+03     0.187857E+03     0.188956E+03     0.191668E+03     0.191484E+03     0.191336E+03     0.188824E+03     0.189868E+03     0.184847E+03     0.184063E+03     0.183909E+03     0.187135E+03     0.185157E+03     0.183817E+03     0.185421E+03     0.185213E+03     0.187672E+03     0.187523E+03     0.181614E+03     0.181414E+03     0.181195E+03     0.181041E+03     0.185421E+03     0.185243E+03     0.184991E+03     0.182899E+03     0.182750E+03     0.182515E+03     0.181185E+03     0.180576E+03     0.184054E+03     0.185213E+03     0.184991E+03     0.182325E+03     0.180906E+03     0.180727E+03     0.182140E+03     0.185643E+03     0.185511E+03     0.183956E+03     0.180619E+03     0.179148E+03     0.179148E+03     0.179148E+03     0.179148E+03     0.179148E+03     0.179148E+03     0.179148E+03     0.179148E+03     0.179148E+03     0.179148E+03     0.179148E+03     0.179148E+03     0.179148E+03     0.179148E+03     0.179148E+03     0.179148E+03     0.179148E+03     0.179148E+03     0.179148E+03     0.100000E+21
 0.136000E+04     0.242001E+03     0.242001E+03     0.242001E+03     0.242001E+03     0.242001E+03     0.242001E+03     0.242001E+03     0.242001E+03     0.242001E+03     0.242001E+03     0.242001E+03     0.242001E+03     0.221139E+03     0.205194E+03     0.205194E+03     0.206670E+03     0.232217E+03     0.227028E+03     0.226766E+03     0.223823E+03     0.218800E+03     0.218575E+03     0.216185E+03     0.215381E+03     0.216815E+03     0.219233E+03     0.218992E+03     0.216240E+03     0.215843E+03     0.215512E+03     0.214595E+03     0.213126E+03     0.220552E+03     0.240582E+03     0.238668E+03     0.239859E+03     0.240018E+03     0.237438E+03     0.236932E+03     0.210217E+03     0.210084E+03     0.209865E+03     0.209688E+03     0.213609E+03     0.211494E+03     0.207555E+03     0.208293E+03     0.209621E+03     0.209961E+03     0.207779E+03     0.207245E+03     0.207879E+03     0.207747E+03     0.202518E+03     0.190637E+03     0.190318E+03     0.189919E+03     0.193811E+03     0.193688E+03     0.193427E+03     0.189044E+03     0.186881E+03     0.187593E+03     0.188824E+03     0.188614E+03     0.190380E+03     0.187857E+03     0.188991E+03     0.191668E+03     0.191484E+03     0.191336E+03     0.188824E+03     0.189874E+03     0.184837E+03     0.184063E+03     0.183911E+03     0.185061E+03     0.185157E+03     0.183832E+03     0.185421E+03     0.185213E+03     0.187671E+03     0.187523E+03     0.181616E+03     0.181414E+03     0.181195E+03     0.181043E+03     0.185421E+03     0.185239E+03     0.184991E+03     0.182897E+03     0.182750E+03     0.182515E+03     0.181181E+03     0.180576E+03     0.184037E+03     0.185213E+03     0.184991E+03     0.182356E+03     0.180906E+03     0.180722E+03     0.185781E+03     0.185643E+03     0.185512E+03     0.183957E+03     0.180619E+03     0.179148E+03     0.179148E+03     0.179148E+03     0.179148E+03     0.179148E+03     0.179148E+03     0.179148E+03     0.179148E+03     0.179148E+03     0.179148E+03     0.179148E+03     0.179148E+03     0.179148E+03     0.179148E+03     0.179148E+03     0.179148E+03     0.179148E+03     0.179148E+03     0.179148E+03     0.100000E+21
 0.138000E+04     0.242001E+03     0.242001E+03     0.242001E+03     0.242001E+03     0.242001E+03     0.242001E+03     0.242001E+03     0.242001E+03     0.242001E+03     0.242001E+03     0.242001E+03     0.242001E+03     0.220962E+03     0.205194E+03     0.205194E+03     0.206670E+03     0.232241E+03     0.227028E+03     0.226766E+03     0.223921E+03     0.218800E+03     0.218582E+03     0.216192E+03     0.215381E+03     0.216817E+03     0.219209E+03     0.218992E+03     0.216239E+03     0.215843E+03     0.215512E+03     0.215657E+03     0.216963E+03     0.221428E+03     0.240582E+03     0.238668E+03     0.239867E+03     0.240018E+03     0.237393E+03     0.236932E+03     0.210218E+03     0.210084E+03     0.209865E+03     0.209698E+03     0.213609E+03     0.211514E+03     0.207555E+03     0.208293E+03     0.209610E+03     0.209961E+03     0.207953E+03     0.207242E+03     0.207879E+03     0.207746E+03     0.201974E+03     0.190637E+03     0.190309E+03     0.189919E+03     0.193811E+03     0.193688E+03     0.193427E+03     0.189133E+03     0.188110E+03     0.187583E+03     0.188824E+03     0.188614E+03     0.190244E+03     0.187320E+03     0.188987E+03     0.191668E+03     0.191484E+03     0.191340E+03     0.188824E+03     0.189826E+03     0.184844E+03     0.184063E+03     0.183910E+03     0.185068E+03     0.185157E+03     0.183845E+03     0.185421E+03     0.185213E+03     0.187669E+03     0.187523E+03     0.181605E+03     0.181414E+03     0.181195E+03     0.182531E+03     0.185421E+03     0.185255E+03     0.184991E+03     0.182899E+03     0.182750E+03     0.182515E+03     0.181239E+03     0.180576E+03     0.183969E+03     0.185213E+03     0.184991E+03     0.182363E+03     0.180906E+03     0.180740E+03     0.185781E+03     0.185643E+03     0.185511E+03     0.183850E+03     0.180619E+03     0.179148E+03     0.179148E+03     0.179148E+03     0.179148E+03     0.179148E+03     0.179148E+03     0.179148E+03     0.179148E+03     0.179148E+03     0.179148E+03     0.179148E+03     0.179148E+03     0.179148E+03     0.179148E+03     0.179148E+03     0.179148E+03     0.179148E+03     0.179148E+03     0.179148E+03     0.100000E+21
 0.140000E+04     0.242001E+03     0.242001E+03     0.242001E+03     0.242001E+03     0.242001E+03     0.242001E+03     0.242001E+03     0.242001E+03     0.242001E+03     0.242001E+03     0.242001E+03     0.242001E+03     0.222148E+03     0.205194E+03     0.205194E+03     0.206670E+03     0.231815E+03     0.227028E+03     0.226766E+03     0.224256E+03     0.218800E+03     0.218607E+03     0.216147E+03     0.215381E+03     0.216690E+03     0.219180E+03     0.218992E+03     0.216201E+03     0.215843E+03     0.215512E+03     0.217115E+03     0.220331E+03     0.223760E+03     0.240582E+03     0.238668E+03     0.239779E+03     0.240018E+03     0.237333E+03     0.236932E+03     0.210210E+03     0.210084E+03     0.209865E+03     0.209719E+03     0.213609E+03     0.211729E+03     0.207555E+03     0.208293E+03     0.209476E+03     0.209961E+03     0.208213E+03     0.207060E+03     0.207339E+03     0.207509E+03     0.200619E+03     0.190637E+03     0.190265E+03     0.189919E+03     0.193811E+03     0.193699E+03     0.193427E+03     0.189365E+03     0.189231E+03     0.187641E+03     0.188824E+03     0.188614E+03     0.190034E+03     0.186839E+03     0.188433E+03     0.189699E+03     0.191484E+03     0.191356E+03     0.189832E+03     0.190114E+03     0.184793E+03     0.184063E+03     0.183922E+03     0.185133E+03     0.186225E+03     0.184006E+03     0.185421E+03     0.185213E+03     0.187654E+03     0.187523E+03     0.181581E+03     0.181414E+03     0.181195E+03     0.183747E+03     0.185421E+03     0.185277E+03     0.184991E+03     0.182888E+03     0.182750E+03     0.182515E+03     0.181395E+03     0.180576E+03     0.183602E+03     0.185213E+03     0.184991E+03     0.182614E+03     0.180906E+03     0.180763E+03     0.185769E+03     0.185643E+03     0.185518E+03     0.183482E+03     0.180619E+03     0.179148E+03     0.179148E+03     0.179148E+03     0.179148E+03     0.179148E+03     0.179148E+03     0.179148E+03     0.179148E+03     0.179148E+03     0.179148E+03     0.179148E+03     0.179148E+03     0.179148E+03     0.179148E+03     0.179148E+03     0.179148E+03     0.179148E+03     0.179148E+03     0.179148E+03     0.100000E+21
 0.142000E+04     0.242001E+03     0.242001E+03     0.242001E+03     0.242001E+03     0.242001E+03     0.242001E+03     0.242001E+03     0.242001E+03     0.242001E+03     0.242001E+03     0.242001E+03     0.242001E+03     0.222045E+03     0.205194E+03     0.207413E+03     0.223729E+03     0.231854E+03     0.227028E+03     0.226766E+03     0.224222E+03     0.218800E+03     0.218604E+03     0.216151E+03     0.215381E+03     0.216702E+03     0.219183E+03     0.218992E+03     0.216361E+03     0.215843E+03     0.215512E+03     0.217076E+03     0.220331E+03     0.223522E+03     0.240582E+03     0.238668E+03     0.239787E+03     0.240018E+03     0.237340E+03     0.236932E+03     0.210210E+03     0.210084E+03     0.209865E+03     0.209717E+03     0.211090E+03     0.210880E+03     0.207555E+03     0.208293E+03     0.209489E+03     0.209961E+03     0.209210E+03     0.206804E+03     0.206667E+03     0.207240E+03     0.200761E+03     0.190637E+03     0.190269E+03     0.189919E+03     0.193811E+03     0.193698E+03     0.193427E+03     0.189367E+03     0.189231E+03     0.187636E+03     0.188824E+03     0.188614E+03     0.190056E+03     0.186839E+03     0.187567E+03     0.187439E+03     0.191484E+03     0.191354E+03     0.191088E+03     0.190555E+03     0.184798E+03     0.184063E+03     0.183921E+03     0.185078E+03     0.187550E+03     0.183991E+03     0.185421E+03     0.185213E+03     0.187656E+03     0.187523E+03     0.183975E+03     0.181414E+03     0.181195E+03     0.183763E+03     0.185421E+03     0.185275E+03     0.184991E+03     0.182889E+03     0.182750E+03     0.182515E+03     0.181379E+03     0.180576E+03     0.183638E+03     0.185213E+03     0.184991E+03     0.182590E+03     0.180906E+03     0.180760E+03     0.185770E+03     0.185643E+03     0.185518E+03     0.183520E+03     0.180619E+03     0.179148E+03     0.179148E+03     0.179148E+03     0.179148E+03     0.179148E+03     0.179148E+03     0.179148E+03     0.179148E+03     0.179148E+03     0.179148E+03     0.179148E+03     0.179148E+03     0.179148E+03     0.179148E+03     0.179148E+03     0.179148E+03     0.179148E+03     0.179148E+03     0.179148E+03     0.100000E+21
 0.144000E+04     0.242001E+03     0.242001E+03     0.242001E+03     0.242001E+03     0.242001E+03     0.242001E+03     0.242001E+03     0.242001E+03     0.242001E+03     0.242001E+03     0.242001E+03     0.242001E+03     0.220959E+03     0.205194E+03     0.209197E+03     0.235053E+03     0.232243E+03     0.227028E+03     0.226766E+03     0.223917E+03     0.218800E+03     0.218582E+03     0.216192E+03     0.215381E+03     0.216818E+03     0.219210E+03     0.218992E+03     0.216524E+03     0.215843E+03     0.215512E+03     0.216722E+03     0.220331E+03     0.221401E+03     0.240582E+03     0.238668E+03     0.239868E+03     0.240018E+03     0.237394E+03     0.236932E+03     0.210218E+03     0.210084E+03     0.209865E+03     0.209698E+03     0.209428E+03     0.210246E+03     0.207555E+03     0.208293E+03     0.209611E+03     0.209961E+03     0.209814E+03     0.206815E+03     0.206667E+03     0.207276E+03     0.202276E+03     0.190637E+03     0.190309E+03     0.189919E+03     0.193811E+03     0.193688E+03     0.193427E+03     0.189385E+03     0.189231E+03     0.187583E+03     0.188824E+03     0.188614E+03     0.189233E+03     0.186839E+03     0.187578E+03     0.187439E+03     0.191484E+03     0.191340E+03     0.191088E+03     0.190491E+03     0.185052E+03     0.184643E+03     0.184098E+03     0.184750E+03     0.187550E+03     0.183844E+03     0.185421E+03     0.185213E+03     0.187669E+03     0.187523E+03     0.185939E+03     0.181414E+03     0.181195E+03     0.183926E+03     0.185421E+03     0.185255E+03     0.184991E+03     0.182899E+03     0.182750E+03     0.182515E+03     0.181237E+03     0.180576E+03     0.183972E+03     0.185213E+03     0.184991E+03     0.182362E+03     0.180906E+03     0.180740E+03     0.185781E+03     0.185643E+03     0.185511E+03     0.183854E+03     0.180619E+03     0.179148E+03     0.179148E+03     0.179148E+03     0.179148E+03     0.179148E+03     0.179148E+03     0.179148E+03     0.179148E+03     0.179148E+03     0.179148E+03     0.179148E+03     0.179148E+03     0.179148E+03     0.179148E+03     0.179148E+03     0.179148E+03     0.179148E+03     0.179148E+03     0.179148E+03     0.100000E+21
 0.146000E+04     0.242001E+03     0.242001E+03     0.242001E+03     0.242001E+03     0.242001E+03     0.242001E+03     0.242001E+03     0.242001E+03     0.242001E+03     0.242001E+03     0.242001E+03     0.242001E+03     0.221031E+03     0.205194E+03     0.209872E+03     0.235053E+03     0.232263E+03     0.227028E+03     0.226766E+03     0.226164E+03     0.218800E+03     0.218570E+03     0.216189E+03     0.215381E+03     0.216829E+03     0.219247E+03     0.218992E+03     0.216533E+03     0.215843E+03     0.215512E+03     0.216588E+03     0.220331E+03     0.219980E+03     0.240582E+03     0.238668E+03     0.239868E+03     0.240018E+03     0.237481E+03     0.236932E+03     0.210218E+03     0.210084E+03     0.209865E+03     0.209682E+03     0.209428E+03     0.210266E+03     0.207555E+03     0.208293E+03     0.209640E+03     0.209961E+03     0.209795E+03     0.206816E+03     0.206667E+03     0.207275E+03     0.203397E+03     0.190637E+03     0.190326E+03     0.189919E+03     0.191007E+03     0.192850E+03     0.193427E+03     0.189407E+03     0.189231E+03     0.186930E+03     0.187186E+03     0.188614E+03     0.188426E+03     0.186839E+03     0.187580E+03     0.187439E+03     0.191484E+03     0.191333E+03     0.191088E+03     0.189381E+03     0.185252E+03     0.185116E+03     0.184277E+03     0.184380E+03     0.187550E+03     0.184833E+03     0.185421E+03     0.185213E+03     0.186086E+03     0.187523E+03     0.186363E+03     0.181414E+03     0.181195E+03     0.183920E+03     0.185421E+03     0.185224E+03     0.184991E+03     0.182899E+03     0.182750E+03     0.182515E+03     0.181143E+03     0.180576E+03     0.184098E+03     0.185213E+03     0.184991E+03     0.182324E+03     0.180906E+03     0.180712E+03     0.185783E+03     0.185643E+03     0.185512E+03     0.184029E+03     0.180619E+03     0.179148E+03     0.179148E+03     0.179148E+03     0.179148E+03     0.179148E+03     0.179148E+03     0.179148E+03     0.179148E+03     0.179148E+03     0.179148E+03     0.179148E+03     0.179148E+03     0.179148E+03     0.179148E+03     0.179148E+03     0.179148E+03     0.179148E+03     0.179148E+03     0.179148E+03     0.100000E+21
 0.148000E+04     0.242001E+03     0.242001E+03     0.242001E+03     0.242001E+03     0.242001E+03     0.242001E+03     0.242001E+03     0.242001E+03     0.242001E+03     0.242001E+03     0.242001E+03     0.242001E+03     0.220927E+03     0.205194E+03     0.209292E+03     0.235053E+03     0.232262E+03     0.227028E+03     0.226766E+03     0.226569E+03     0.218800E+03     0.218579E+03     0.216193E+03     0.215381E+03     0.216824E+03     0.219216E+03     0.218992E+03     0.216527E+03     0.215843E+03     0.215512E+03     0.216243E+03     0.220331E+03     0.221104E+03     0.240582E+03     0.238668E+03     0.238305E+03     0.240018E+03     0.237405E+03     0.236932E+03     0.210219E+03     0.210084E+03     0.209865E+03     0.209695E+03     0.213609E+03     0.211497E+03     0.207555E+03     0.208293E+03     0.209620E+03     0.209961E+03     0.209811E+03     0.206816E+03     0.206667E+03     0.207278E+03     0.202693E+03     0.190637E+03     0.190313E+03     0.189919E+03     0.189722E+03     0.192339E+03     0.193427E+03     0.192452E+03     0.189231E+03     0.186585E+03     0.186464E+03     0.188614E+03     0.188445E+03     0.186839E+03     0.187579E+03     0.187439E+03     0.191484E+03     0.191338E+03     0.191088E+03     0.189312E+03     0.185252E+03     0.185116E+03     0.184277E+03     0.183935E+03     0.184810E+03     0.184341E+03     0.182930E+03     0.185213E+03     0.185745E+03     0.187523E+03     0.186020E+03     0.181414E+03     0.181195E+03     0.183932E+03     0.185421E+03     0.185251E+03     0.184991E+03     0.182899E+03     0.182750E+03     0.182515E+03     0.181218E+03     0.180576E+03     0.184004E+03     0.185213E+03     0.184991E+03     0.182347E+03     0.180906E+03     0.180735E+03     0.185782E+03     0.185643E+03     0.185511E+03     0.183894E+03     0.180619E+03     0.179148E+03     0.179148E+03     0.179148E+03     0.179148E+03     0.179148E+03     0.179148E+03     0.179148E+03     0.179148E+03     0.179148E+03     0.179148E+03     0.179148E+03     0.179148E+03     0.179148E+03     0.179148E+03     0.179148E+03     0.179148E+03     0.179148E+03     0.179148E+03     0.179148E+03     0.100000E+21
 0.150000E+04     0.242001E+03     0.242001E+03     0.242001E+03     0.242001E+03     0.242001E+03     0.242001E+03     0.242001E+03     0.242001E+03     0.242001E+03     0.242001E+03     0.242001E+03     0.242001E+03     0.221887E+03     0.205194E+03     0.208816E+03     0.235053E+03     0.231914E+03     0.227028E+03     0.226766E+03     0.226588E+03     0.218800E+03     0.218600E+03     0.216157E+03     0.215381E+03     0.216720E+03     0.219189E+03     0.218992E+03     0.216474E+03     0.215843E+03     0.215512E+03     0.216609E+03     0.220331E+03     0.222591E+03     0.240582E+03     0.238668E+03     0.238327E+03     0.240018E+03     0.237350E+03     0.236932E+03     0.210212E+03     0.210084E+03     0.209865E+03     0.209713E+03     0.213609E+03     0.211675E+03     0.207555E+03     0.208293E+03     0.209037E+03     0.209961E+03     0.209828E+03     0.206806E+03     0.206667E+03     0.207246E+03     0.201468E+03     0.190637E+03     0.190276E+03     0.189919E+03     0.189722E+03     0.192149E+03     0.193427E+03     0.192083E+03     0.189231E+03     0.186580E+03     0.186464E+03     0.188614E+03     0.188465E+03     0.188122E+03     0.187569E+03     0.187439E+03     0.191484E+03     0.191352E+03     0.191088E+03     0.189492E+03     0.186281E+03     0.185116E+03     0.184333E+03     0.184035E+03     0.184810E+03     0.184223E+03     0.182930E+03     0.185213E+03     0.185894E+03     0.187523E+03     0.185521E+03     0.181414E+03     0.181195E+03     0.182752E+03     0.185421E+03     0.185271E+03     0.184991E+03     0.182890E+03     0.182750E+03     0.182515E+03     0.181353E+03     0.180576E+03     0.183697E+03     0.185213E+03     0.184991E+03     0.182553E+03     0.180906E+03     0.180756E+03     0.185772E+03     0.185643E+03     0.185517E+03     0.183581E+03     0.180619E+03     0.179148E+03     0.179148E+03     0.179148E+03     0.179148E+03     0.179148E+03     0.179148E+03     0.179148E+03     0.179148E+03     0.179148E+03     0.179148E+03     0.179148E+03     0.179148E+03     0.179148E+03     0.179148E+03     0.179148E+03     0.179148E+03     0.179148E+03     0.179148E+03     0.179148E+03     0.100000E+21
 0.152000E+04     0.242001E+03     0.242001E+03     0.242001E+03     0.242001E+03     0.242001E+03     0.242001E+03     0.242001E+03     0.242001E+03     0.242001E+03     0.242001E+03     0.242001E+03     0.242001E+03     0.222190E+03     0.205194E+03     0.208650E+03     0.220656E+03     0.231799E+03     0.227028E+03     0.226766E+03     0.226595E+03     0.218800E+03     0.218608E+03     0.216145E+03     0.215381E+03     0.216685E+03     0.219179E+03     0.218992E+03     0.216456E+03     0.215843E+03     0.215512E+03     0.216740E+03     0.220331E+03     0.222259E+03     0.240582E+03     0.238668E+03     0.238334E+03     0.240018E+03     0.237331E+03     0.236932E+03     0.210209E+03     0.210084E+03     0.209865E+03     0.209720E+03     0.213609E+03     0.211737E+03     0.207555E+03     0.207802E+03     0.207975E+03     0.209961E+03     0.209834E+03     0.206803E+03     0.206667E+03     0.207235E+03     0.201017E+03     0.190637E+03     0.190263E+03     0.189919E+03     0.189722E+03     0.192085E+03     0.193427E+03     0.191954E+03     0.189231E+03     0.186579E+03     0.186464E+03     0.188614E+03     0.188471E+03     0.190482E+03     0.187565E+03     0.187439E+03     0.191484E+03     0.191357E+03     0.191088E+03     0.189559E+03     0.187933E+03     0.185116E+03     0.184351E+03     0.184072E+03     0.184810E+03     0.184945E+03     0.182930E+03     0.185213E+03     0.185946E+03     0.187523E+03     0.185344E+03     0.181414E+03     0.181195E+03     0.181053E+03     0.185421E+03     0.185278E+03     0.184991E+03     0.182887E+03     0.182750E+03     0.182515E+03     0.181401E+03     0.180576E+03     0.183587E+03     0.185213E+03     0.184991E+03     0.182624E+03     0.180906E+03     0.180763E+03     0.185769E+03     0.185643E+03     0.185519E+03     0.183467E+03     0.180619E+03     0.179148E+03     0.179148E+03     0.179148E+03     0.179148E+03     0.179148E+03     0.179148E+03     0.179148E+03     0.179148E+03     0.179148E+03     0.179148E+03     0.179148E+03     0.179148E+03     0.179148E+03     0.179148E+03     0.179148E+03     0.179148E+03     0.179148E+03     0.179148E+03     0.179148E+03     0.100000E+21
 0.154000E+04     0.242001E+03     0.242001E+03     0.242001E+03     0.242001E+03     0.242001E+03     0.242001E+03     0.242001E+03     0.242001E+03     0.242001E+03     0.242001E+03     0.242001E+03     0.242001E+03     0.220935E+03     0.205194E+03     0.209267E+03     0.206670E+03     0.232257E+03     0.227028E+03     0.226766E+03     0.226569E+03     0.218800E+03     0.218580E+03     0.216193E+03     0.215381E+03     0.216823E+03     0.219214E+03     0.218992E+03     0.216526E+03     0.215843E+03     0.215512E+03     0.216253E+03     0.220331E+03     0.219332E+03     0.240582E+03     0.238668E+03     0.238306E+03     0.240018E+03     0.237402E+03     0.236932E+03     0.210219E+03     0.210084E+03     0.209865E+03     0.209696E+03     0.213609E+03     0.211501E+03     0.207555E+03     0.207325E+03     0.207853E+03     0.209961E+03     0.209812E+03     0.206816E+03     0.206667E+03     0.207277E+03     0.207158E+03     0.206469E+03     0.187861E+03     0.180670E+03     0.189722E+03     0.192336E+03     0.193427E+03     0.192434E+03     0.189231E+03     0.186585E+03     0.186464E+03     0.188614E+03     0.188446E+03     0.190482E+03     0.187579E+03     0.187439E+03     0.191484E+03     0.191338E+03     0.191088E+03     0.189319E+03     0.188140E+03     0.185116E+03     0.184278E+03     0.183544E+03     0.183385E+03     0.186029E+03     0.182930E+03     0.185213E+03     0.185748E+03     0.187523E+03     0.185999E+03     0.181414E+03     0.181195E+03     0.181042E+03     0.185421E+03     0.185252E+03     0.184991E+03     0.182899E+03     0.182750E+03     0.182515E+03     0.181223E+03     0.180576E+03     0.183996E+03     0.185213E+03     0.184991E+03     0.182350E+03     0.180906E+03     0.180737E+03     0.185782E+03     0.185643E+03     0.185511E+03     0.183884E+03     0.180619E+03     0.179148E+03     0.179148E+03     0.179148E+03     0.179148E+03     0.179148E+03     0.179148E+03     0.179148E+03     0.179148E+03     0.179148E+03     0.179148E+03     0.179148E+03     0.179148E+03     0.179148E+03     0.179148E+03     0.179148E+03     0.179148E+03     0.179148E+03     0.179148E+03     0.179148E+03     0.100000E+21
 0.156000E+04     0.242001E+03     0.242001E+03     0.242001E+03     0.242001E+03     0.242001E+03     0.242001E+03     0.242001E+03     0.242001E+03     0.242001E+03     0.242001E+03     0.242001E+03     0.242001E+03     0.221319E+03     0.205194E+03     0.209283E+03     0.206670E+03     0.232142E+03     0.227028E+03     0.226766E+03     0.226572E+03     0.218800E+03     0.218582E+03     0.216178E+03     0.215381E+03     0.216791E+03     0.219217E+03     0.218992E+03     0.216512E+03     0.215843E+03     0.215512E+03     0.216316E+03     0.220331E+03     0.219516E+03     0.240582E+03     0.238668E+03     0.238313E+03     0.240018E+03     0.237404E+03     0.236932E+03     0.210216E+03     0.210084E+03     0.209865E+03     0.209696E+03     0.210342E+03     0.210763E+03     0.207555E+03     0.207325E+03     0.207842E+03     0.209961E+03     0.209811E+03     0.206813E+03     0.206667E+03     0.207265E+03     0.207154E+03     0.206469E+03     0.187750E+03     0.180670E+03     0.189722E+03     0.192279E+03     0.193427E+03     0.192439E+03     0.189231E+03     0.186583E+03     0.186464E+03     0.188614E+03     0.188446E+03     0.190482E+03     0.187576E+03     0.187439E+03     0.191484E+03     0.191341E+03     0.191088E+03     0.189329E+03     0.188079E+03     0.185116E+03     0.184297E+03     0.183545E+03     0.183385E+03     0.186300E+03     0.184329E+03     0.185213E+03     0.185783E+03     0.187523E+03     0.185976E+03     0.181414E+03     0.181195E+03     0.181045E+03     0.185421E+03     0.185251E+03     0.184991E+03     0.182896E+03     0.182750E+03     0.182515E+03     0.181234E+03     0.180576E+03     0.183943E+03     0.185213E+03     0.184991E+03     0.182407E+03     0.180906E+03     0.180734E+03     0.185779E+03     0.185643E+03     0.185513E+03     0.183848E+03     0.180619E+03     0.179148E+03     0.179148E+03     0.179148E+03     0.179148E+03     0.179148E+03     0.179148E+03     0.179148E+03     0.179148E+03     0.179148E+03     0.179148E+03     0.179148E+03     0.179148E+03     0.179148E+03     0.179148E+03     0.179148E+03     0.179148E+03     0.179148E+03     0.179148E+03     0.179148E+03     0.100000E+21
 0.158000E+04     0.242001E+03     0.242001E+03     0.242001E+03     0.242001E+03     0.242001E+03     0.242001E+03     0.242001E+03     0.242001E+03     0.242001E+03     0.242001E+03     0.242001E+03     0.242001E+03     0.220871E+03     0.205194E+03     0.209762E+03     0.206670E+03     0.232304E+03     0.227028E+03     0.226766E+03     0.226561E+03     0.218800E+03     0.218571E+03     0.216195E+03     0.215381E+03     0.215157E+03     0.219241E+03     0.218992E+03     0.216537E+03     0.215843E+03     0.215512E+03     0.216133E+03     0.220331E+03     0.218159E+03     0.240582E+03     0.238668E+03     0.238303E+03     0.240018E+03     0.237465E+03     0.236932E+03     0.210219E+03     0.210084E+03     0.209865E+03     0.209684E+03     0.209428E+03     0.210269E+03     0.207555E+03     0.207325E+03     0.207864E+03     0.209961E+03     0.209798E+03     0.206817E+03     0.206667E+03     0.207280E+03     0.207194E+03     0.206469E+03     0.188108E+03     0.180670E+03     0.189722E+03     0.192368E+03     0.193427E+03     0.192765E+03     0.189231E+03     0.187943E+03     0.186464E+03     0.188614E+03     0.188429E+03     0.190482E+03     0.186891E+03     0.187439E+03     0.187230E+03     0.190314E+03     0.191088E+03     0.189226E+03     0.188153E+03     0.185116E+03     0.184271E+03     0.183558E+03     0.183385E+03     0.186602E+03     0.184728E+03     0.185213E+03     0.185710E+03     0.187523E+03     0.186315E+03     0.181414E+03     0.181195E+03     0.181041E+03     0.185421E+03     0.185230E+03     0.184991E+03     0.182900E+03     0.182750E+03     0.182515E+03     0.181151E+03     0.180576E+03     0.184096E+03     0.185213E+03     0.184991E+03     0.182309E+03     0.180906E+03     0.180717E+03     0.185784E+03     0.185643E+03     0.185511E+03     0.184013E+03     0.180619E+03     0.179148E+03     0.179148E+03     0.179148E+03     0.179148E+03     0.179148E+03     0.179148E+03     0.179148E+03     0.179148E+03     0.179148E+03     0.179148E+03     0.179148E+03     0.179148E+03     0.179148E+03     0.179148E+03     0.179148E+03     0.179148E+03     0.179148E+03     0.179148E+03     0.179148E+03     0.100000E+21
 0.160000E+04     0.242001E+03     0.242001E+03     0.242001E+03     0.242001E+03     0.242001E+03     0.242001E+03     0.242001E+03     0.242001E+03     0.242001E+03     0.242001E+03     0.242001E+03     0.242001E+03     0.221439E+03     0.205194E+03     0.209129E+03     0.206670E+03     0.232089E+03     0.227028E+03     0.226766E+03     0.226577E+03     0.218800E+03     0.218587E+03     0.216174E+03     0.215381E+03     0.215167E+03     0.219207E+03     0.218992E+03     0.216502E+03     0.215843E+03     0.215512E+03     0.216396E+03     0.220331E+03     0.220093E+03     0.240582E+03     0.238668E+03     0.238317E+03     0.240018E+03     0.237386E+03     0.236932E+03     0.210215E+03     0.210084E+03     0.209865E+03     0.209702E+03     0.209428E+03     0.210222E+03     0.207555E+03     0.207325E+03     0.207834E+03     0.209961E+03     0.209816E+03     0.206811E+03     0.206667E+03     0.207261E+03     0.207135E+03     0.206469E+03     0.187599E+03     0.180670E+03     0.189722E+03     0.192248E+03     0.193427E+03     0.192324E+03     0.189231E+03     0.187910E+03     0.186464E+03     0.188614E+03     0.188452E+03     0.190482E+03     0.186916E+03     0.187439E+03     0.187230E+03     0.190102E+03     0.191088E+03     0.189378E+03     0.188059E+03     0.185116E+03     0.184305E+03     0.183539E+03     0.183385E+03     0.186498E+03     0.184728E+03     0.185213E+03     0.185811E+03     0.187523E+03     0.185837E+03     0.181414E+03     0.181195E+03     0.181046E+03     0.185421E+03     0.185258E+03     0.184991E+03     0.182894E+03     0.182750E+03     0.182515E+03     0.181269E+03     0.180576E+03     0.183876E+03     0.185213E+03     0.184991E+03     0.182443E+03     0.180906E+03     0.180742E+03     0.185777E+03     0.185643E+03     0.185514E+03     0.183771E+03     0.180619E+03     0.179148E+03     0.179148E+03     0.179148E+03     0.179148E+03     0.179148E+03     0.179148E+03     0.179148E+03     0.179148E+03     0.179148E+03     0.179148E+03     0.179148E+03     0.179148E+03     0.179148E+03     0.179148E+03     0.179148E+03     0.179148E+03     0.179148E+03     0.179148E+03     0.179148E+03     0.100000E+21
 0.162000E+04     0.242001E+03     0.242001E+03     0.242001E+03     0.242001E+03     0.242001E+03     0.242001E+03     0.242001E+03     0.242001E+03     0.242001E+03     0.242001E+03     0.242001E+03     0.242001E+03     0.222083E+03     0.205194E+03     0.208705E+03     0.206670E+03     0.231840E+03     0.227028E+03     0.226766E+03     0.226593E+03     0.222640E+03     0.220032E+03     0.216644E+03     0.216402E+03     0.215628E+03     0.219182E+03     0.218992E+03     0.216462E+03     0.215843E+03     0.215512E+03     0.216696E+03     0.220331E+03     0.221993E+03     0.240582E+03     0.238668E+03     0.238332E+03     0.240018E+03     0.237337E+03     0.236932E+03     0.210210E+03     0.210084E+03     0.209865E+03     0.209718E+03     0.209428E+03     0.210167E+03     0.210383E+03     0.207325E+03     0.207799E+03     0.209961E+03     0.209832E+03     0.206804E+03     0.206667E+03     0.207239E+03     0.207073E+03     0.206469E+03     0.187041E+03     0.180670E+03     0.189722E+03     0.192108E+03     0.193427E+03     0.191997E+03     0.189231E+03     0.187873E+03     0.186464E+03     0.188614E+03     0.188469E+03     0.190482E+03     0.186945E+03     0.187439E+03     0.187230E+03     0.189871E+03     0.191088E+03     0.190964E+03     0.187950E+03     0.185116E+03     0.184613E+03     0.183522E+03     0.183385E+03     0.185666E+03     0.184728E+03     0.185213E+03     0.184909E+03     0.184769E+03     0.185404E+03     0.181414E+03     0.181195E+03     0.181052E+03     0.185421E+03     0.185275E+03     0.184991E+03     0.183332E+03     0.182750E+03     0.182515E+03     0.181775E+03     0.180576E+03     0.183625E+03     0.185213E+03     0.184991E+03     0.182599E+03     0.180906E+03     0.180761E+03     0.185770E+03     0.185643E+03     0.185518E+03     0.183506E+03     0.180619E+03     0.179148E+03     0.179148E+03     0.179148E+03     0.179148E+03     0.179148E+03     0.179148E+03     0.179148E+03     0.179148E+03     0.179148E+03     0.179148E+03     0.179148E+03     0.179148E+03     0.179148E+03     0.179148E+03     0.179148E+03     0.179148E+03     0.179148E+03     0.179148E+03     0.179148E+03     0.100000E+21
 0.164000E+04     0.242001E+03     0.242001E+03     0.242001E+03     0.242001E+03     0.242001E+03     0.242001E+03     0.242001E+03     0.242001E+03     0.242001E+03     0.242001E+03     0.242001E+03     0.242001E+03     0.220870E+03     0.205194E+03     0.209703E+03     0.206670E+03     0.232302E+03     0.227028E+03     0.226766E+03     0.226561E+03     0.222640E+03     0.219582E+03     0.217195E+03     0.217859E+03     0.215961E+03     0.219238E+03     0.218992E+03     0.216537E+03     0.215843E+03     0.215512E+03     0.216141E+03     0.220331E+03     0.218247E+03     0.240582E+03     0.238668E+03     0.238303E+03     0.240018E+03     0.237456E+03     0.236932E+03     0.210219E+03     0.210084E+03     0.209865E+03     0.209685E+03     0.209428E+03     0.212418E+03     0.210383E+03     0.207325E+03     0.207863E+03     0.209961E+03     0.209799E+03     0.206817E+03     0.206667E+03     0.207280E+03     0.207191E+03     0.206469E+03     0.190403E+03     0.190243E+03     0.189722E+03     0.192366E+03     0.193427E+03     0.193217E+03     0.193043E+03     0.187943E+03     0.186464E+03     0.186240E+03     0.188128E+03     0.188194E+03     0.186891E+03     0.187439E+03     0.187230E+03     0.190307E+03     0.191088E+03     0.190940E+03     0.188953E+03     0.189834E+03     0.186596E+03     0.183557E+03     0.183385E+03     0.184628E+03     0.184728E+03     0.182709E+03     0.184928E+03     0.184769E+03     0.186289E+03     0.181414E+03     0.181195E+03     0.181041E+03     0.185421E+03     0.185233E+03     0.184991E+03     0.184037E+03     0.182750E+03     0.182515E+03     0.182338E+03     0.180576E+03     0.184090E+03     0.185213E+03     0.184991E+03     0.182311E+03     0.180906E+03     0.180718E+03     0.185784E+03     0.185643E+03     0.185511E+03     0.184004E+03     0.180619E+03     0.179148E+03     0.179148E+03     0.179148E+03     0.179148E+03     0.179148E+03     0.179148E+03     0.179148E+03     0.179148E+03     0.179148E+03     0.179148E+03     0.179148E+03     0.179148E+03     0.179148E+03     0.179148E+03     0.179148E+03     0.179148E+03     0.179148E+03     0.179148E+03     0.179148E+03     0.100000E+21
 0.166000E+04     0.242001E+03     0.242001E+03     0.242001E+03     0.242001E+03     0.242001E+03     0.242001E+03     0.242001E+03     0.242001E+03     0.242001E+03     0.242001E+03     0.242001E+03     0.242001E+03     0.221752E+03     0.205194E+03     0.208902E+03     0.206670E+03     0.231967E+03     0.227028E+03     0.226766E+03     0.226585E+03     0.222640E+03     0.219913E+03     0.217222E+03     0.217859E+03     0.217139E+03     0.219194E+03     0.218992E+03     0.216483E+03     0.215843E+03     0.215512E+03     0.216546E+03     0.220331E+03     0.216812E+03     0.223219E+03     0.238668E+03     0.238324E+03     0.240018E+03     0.237360E+03     0.236932E+03     0.220103E+03     0.210084E+03     0.209865E+03     0.209710E+03     0.209428E+03     0.212158E+03     0.210383E+03     0.207325E+03     0.207817E+03     0.209961E+03     0.209825E+03     0.206808E+03     0.206667E+03     0.207250E+03     0.207250E+03     0.206981E+03     0.190386E+03     0.190243E+03     0.189722E+03     0.192179E+03     0.193427E+03     0.193188E+03     0.193043E+03     0.187892E+03     0.186464E+03     0.186240E+03     0.187815E+03     0.188194E+03     0.186930E+03     0.187439E+03     0.187230E+03     0.189985E+03     0.191088E+03     0.190958E+03     0.188996E+03     0.189834E+03     0.186799E+03     0.183530E+03     0.183385E+03     0.184473E+03     0.186379E+03     0.182709E+03     0.184914E+03     0.184769E+03     0.186520E+03     0.185250E+03     0.181195E+03     0.181049E+03     0.182256E+03     0.184600E+03     0.184991E+03     0.183964E+03     0.182750E+03     0.182515E+03     0.182361E+03     0.180576E+03     0.181450E+03     0.185213E+03     0.184991E+03     0.182520E+03     0.180906E+03     0.180752E+03     0.185774E+03     0.185643E+03     0.185516E+03     0.183637E+03     0.180619E+03     0.179148E+03     0.179148E+03     0.179148E+03     0.179148E+03     0.179148E+03     0.179148E+03     0.179148E+03     0.179148E+03     0.179148E+03     0.179148E+03     0.179148E+03     0.179148E+03     0.179148E+03     0.179148E+03     0.179148E+03     0.179148E+03     0.179148E+03     0.179148E+03     0.179148E+03     0.100000E+21
 0.168000E+04     0.242001E+03     0.242001E+03     0.242001E+03     0.242001E+03     0.242001E+03     0.242001E+03     0.242001E+03     0.242001E+03     0.242001E+03     0.242001E+03     0.242001E+03     0.242001E+03     0.221023E+03     0.205194E+03     0.209641E+03     0.206670E+03     0.232253E+03     0.227028E+03     0.226766E+03     0.226563E+03     0.222640E+03     0.219608E+03     0.216189E+03     0.215381E+03     0.216825E+03     0.219236E+03     0.218992E+03     0.216530E+03     0.215843E+03     0.215512E+03     0.216178E+03     0.220331E+03     0.213201E+03     0.214868E+03     0.240034E+03     0.238810E+03     0.240018E+03     0.237448E+03     0.236932E+03     0.226178E+03     0.210084E+03     0.209865E+03     0.209687E+03     0.209428E+03     0.212390E+03     0.210383E+03     0.207325E+03     0.207858E+03     0.209961E+03     0.209800E+03     0.206816E+03     0.206667E+03     0.207275E+03     0.207376E+03     0.207215E+03     0.190402E+03     0.190243E+03     0.189722E+03     0.189581E+03     0.193427E+03     0.193215E+03     0.193043E+03     0.187934E+03     0.186464E+03     0.186240E+03     0.188106E+03     0.188194E+03     0.189347E+03     0.187439E+03     0.187230E+03     0.190279E+03     0.191088E+03     0.190941E+03     0.188960E+03     0.189834E+03     0.186626E+03     0.183556E+03     0.183385E+03     0.184322E+03     0.187147E+03     0.182709E+03     0.184926E+03     0.184769E+03     0.187276E+03     0.187105E+03     0.181195E+03     0.181042E+03     0.180728E+03     0.184728E+03     0.184991E+03     0.184026E+03     0.182750E+03     0.182515E+03     0.182340E+03     0.180576E+03     0.180408E+03     0.185213E+03     0.184991E+03     0.182337E+03     0.180906E+03     0.180720E+03     0.185782E+03     0.185643E+03     0.185512E+03     0.183976E+03     0.180619E+03     0.179148E+03     0.179148E+03     0.179148E+03     0.179148E+03     0.179148E+03     0.179148E+03     0.179148E+03     0.179148E+03     0.179148E+03     0.179148E+03     0.179148E+03     0.179148E+03     0.179148E+03     0.179148E+03     0.179148E+03     0.179148E+03     0.179148E+03     0.179148E+03     0.179148E+03     0.100000E+21
 0.170000E+04     0.242001E+03     0.242001E+03     0.242001E+03     0.242001E+03     0.242001E+03     0.242001E+03     0.242001E+03     0.242001E+03     0.242001E+03     0.242001E+03     0.242001E+03     0.242001E+03     0.221023E+03     0.205194E+03     0.209641E+03     0.206670E+03     0.232253E+03     0.227028E+03     0.226766E+03     0.226563E+03     0.222640E+03     0.219608E+03     0.216189E+03     0.215381E+03     0.216825E+03     0.219236E+03     0.218992E+03     0.216530E+03     0.215843E+03     0.215512E+03     0.216178E+03     0.220331E+03     0.213201E+03     0.214868E+03     0.240034E+03     0.238810E+03     0.240018E+03     0.239000E+03     0.236932E+03     0.226178E+03     0.210084E+03     0.209865E+03     0.209687E+03     0.209428E+03     0.212390E+03     0.210383E+03     0.207325E+03     0.207858E+03     0.209961E+03     0.209800E+03     0.206816E+03     0.206667E+03     0.207275E+03     0.207376E+03     0.207215E+03     0.190402E+03     0.190243E+03     0.189722E+03     0.189581E+03     0.193427E+03     0.193215E+03     0.193043E+03     0.187934E+03     0.186464E+03     0.186240E+03     0.188106E+03     0.188194E+03     0.189158E+03     0.186821E+03     0.187230E+03     0.187831E+03     0.191088E+03     0.190941E+03     0.188960E+03     0.189834E+03     0.186626E+03     0.183556E+03     0.183385E+03     0.184322E+03     0.187147E+03     0.183799E+03     0.184926E+03     0.184769E+03     0.187276E+03     0.187105E+03     0.181195E+03     0.181042E+03     0.180728E+03     0.184728E+03     0.184991E+03     0.184026E+03     0.182750E+03     0.182515E+03     0.182340E+03     0.180576E+03     0.180408E+03     0.185213E+03     0.184991E+03     0.182337E+03     0.180906E+03     0.180720E+03     0.185782E+03     0.185643E+03     0.185512E+03     0.183976E+03     0.180619E+03     0.179148E+03     0.179148E+03     0.179148E+03     0.179148E+03     0.179148E+03     0.179148E+03     0.179148E+03     0.179148E+03     0.179148E+03     0.179148E+03     0.179148E+03     0.179148E+03     0.179148E+03     0.179148E+03     0.179148E+03     0.179148E+03     0.179148E+03     0.179148E+03     0.179148E+03     0.100000E+21
 0.172000E+04     0.242001E+03     0.242001E+03     0.242001E+03     0.242001E+03     0.242001E+03     0.242001E+03     0.242001E+03     0.242001E+03     0.242001E+03     0.242001E+03     0.242001E+03     0.242001E+03     0.221752E+03     0.205194E+03     0.208902E+03     0.206670E+03     0.231967E+03     0.227028E+03     0.226766E+03     0.226585E+03     0.222640E+03     0.219913E+03     0.216162E+03     0.215381E+03     0.216736E+03     0.219194E+03     0.218992E+03     0.216483E+03     0.215843E+03     0.215512E+03     0.215733E+03     0.218604E+03     0.213399E+03     0.214868E+03     0.240034E+03     0.238868E+03     0.240018E+03     0.238802E+03     0.236932E+03     0.225514E+03     0.210084E+03     0.209865E+03     0.209710E+03     0.209428E+03     0.211537E+03     0.210383E+03     0.207325E+03     0.207817E+03     0.209961E+03     0.209825E+03     0.206808E+03     0.206667E+03     0.207250E+03     0.207358E+03     0.207215E+03     0.190386E+03     0.190243E+03     0.186186E+03     0.188151E+03     0.193427E+03     0.193188E+03     0.193043E+03     0.188319E+03     0.187375E+03     0.186240E+03     0.187815E+03     0.188194E+03     0.188852E+03     0.186422E+03     0.187230E+03     0.187078E+03     0.191088E+03     0.190958E+03     0.189187E+03     0.189319E+03     0.186531E+03     0.183728E+03     0.183385E+03     0.184123E+03     0.186265E+03     0.184491E+03     0.184914E+03     0.184769E+03     0.186694E+03     0.187105E+03     0.181195E+03     0.181049E+03     0.180728E+03     0.184043E+03     0.184991E+03     0.183964E+03     0.182750E+03     0.182515E+03     0.182361E+03     0.180576E+03     0.180423E+03     0.185213E+03     0.184991E+03     0.182520E+03     0.180906E+03     0.180752E+03     0.185774E+03     0.185643E+03     0.185516E+03     0.183637E+03     0.180619E+03     0.179148E+03     0.179148E+03     0.179148E+03     0.179148E+03     0.179148E+03     0.179148E+03     0.179148E+03     0.179148E+03     0.179148E+03     0.179148E+03     0.179148E+03     0.179148E+03     0.179148E+03     0.179148E+03     0.179148E+03     0.179148E+03     0.179148E+03     0.179148E+03     0.179148E+03     0.100000E+21
 0.174000E+04     0.242001E+03     0.242001E+03     0.242001E+03     0.242001E+03     0.242001E+03     0.242001E+03     0.242001E+03     0.242001E+03     0.242001E+03     0.242001E+03     0.242001E+03     0.242001E+03     0.220870E+03     0.205194E+03     0.209703E+03     0.206670E+03     0.232302E+03     0.227028E+03     0.226766E+03     0.226561E+03     0.222640E+03     0.219582E+03     0.216195E+03     0.215381E+03     0.216839E+03     0.219238E+03     0.218992E+03     0.216537E+03     0.215843E+03     0.215512E+03     0.214636E+03     0.214852E+03     0.213186E+03     0.214868E+03     0.240034E+03     0.238799E+03     0.240018E+03     0.239224E+03     0.236932E+03     0.226310E+03     0.210084E+03     0.209865E+03     0.209685E+03     0.209428E+03     0.210268E+03     0.210383E+03     0.207325E+03     0.207863E+03     0.209961E+03     0.209799E+03     0.206817E+03     0.206667E+03     0.207280E+03     0.207378E+03     0.207215E+03     0.199055E+03     0.190243E+03     0.180670E+03     0.186658E+03     0.193427E+03     0.193217E+03     0.193043E+03     0.188937E+03     0.188824E+03     0.186240E+03     0.188128E+03     0.188194E+03     0.189037E+03     0.186422E+03     0.187230E+03     0.187060E+03     0.191088E+03     0.190940E+03     0.189733E+03     0.188194E+03     0.188027E+03     0.184391E+03     0.183385E+03     0.183506E+03     0.184366E+03     0.184491E+03     0.183692E+03     0.184769E+03     0.184979E+03     0.187105E+03     0.184482E+03     0.182239E+03     0.180728E+03     0.184790E+03     0.184991E+03     0.184037E+03     0.182750E+03     0.182515E+03     0.182338E+03     0.180576E+03     0.180406E+03     0.185213E+03     0.184991E+03     0.182311E+03     0.180906E+03     0.180718E+03     0.185784E+03     0.185643E+03     0.185511E+03     0.184004E+03     0.180619E+03     0.179148E+03     0.179148E+03     0.179148E+03     0.179148E+03     0.179148E+03     0.179148E+03     0.179148E+03     0.179148E+03     0.179148E+03     0.179148E+03     0.179148E+03     0.179148E+03     0.179148E+03     0.179148E+03     0.179148E+03     0.179148E+03     0.179148E+03     0.179148E+03     0.179148E+03     0.100000E+21
 0.176000E+04     0.242001E+03     0.242001E+03     0.242001E+03     0.242001E+03     0.242001E+03     0.242001E+03     0.242001E+03     0.242001E+03     0.242001E+03     0.242001E+03     0.242001E+03     0.242001E+03     0.222083E+03     0.205194E+03     0.206563E+03     0.206670E+03     0.231840E+03     0.227028E+03     0.226766E+03     0.226593E+03     0.222640E+03     0.220032E+03     0.216149E+03     0.215381E+03     0.216697E+03     0.219182E+03     0.218992E+03     0.216462E+03     0.215843E+03     0.215512E+03     0.214664E+03     0.214852E+03     0.213468E+03     0.214868E+03     0.240034E+03     0.238895E+03     0.238555E+03     0.238703E+03     0.236932E+03     0.225214E+03     0.210084E+03     0.209865E+03     0.209718E+03     0.209428E+03     0.210167E+03     0.210383E+03     0.207325E+03     0.207799E+03     0.209961E+03     0.209832E+03     0.206804E+03     0.206667E+03     0.207239E+03     0.207351E+03     0.207215E+03     0.200659E+03     0.190243E+03     0.180670E+03     0.186072E+03     0.193427E+03     0.193180E+03     0.193043E+03     0.190126E+03     0.188824E+03     0.186240E+03     0.187732E+03     0.188194E+03     0.189545E+03     0.188456E+03     0.187230E+03     0.187084E+03     0.191088E+03     0.190964E+03     0.189631E+03     0.188194E+03     0.189058E+03     0.184186E+03     0.183385E+03     0.183608E+03     0.184366E+03     0.184491E+03     0.183324E+03     0.184769E+03     0.185365E+03     0.187105E+03     0.186881E+03     0.183463E+03     0.180728E+03     0.181845E+03     0.184991E+03     0.183937E+03     0.182750E+03     0.182515E+03     0.182368E+03     0.180576E+03     0.180429E+03     0.185213E+03     0.184991E+03     0.182599E+03     0.180906E+03     0.180761E+03     0.185770E+03     0.185643E+03     0.185518E+03     0.183506E+03     0.180619E+03     0.179148E+03     0.179148E+03     0.179148E+03     0.179148E+03     0.179148E+03     0.179148E+03     0.179148E+03     0.179148E+03     0.179148E+03     0.179148E+03     0.179148E+03     0.179148E+03     0.179148E+03     0.179148E+03     0.179148E+03     0.179148E+03     0.179148E+03     0.179148E+03     0.179148E+03     0.100000E+21
 0.178000E+04     0.242001E+03     0.242001E+03     0.242001E+03     0.242001E+03     0.242001E+03     0.242001E+03     0.242001E+03     0.242001E+03     0.242001E+03     0.242001E+03     0.242001E+03     0.242001E+03     0.221439E+03     0.205194E+03     0.205194E+03     0.206670E+03     0.232089E+03     0.227028E+03     0.226766E+03     0.226577E+03     0.222640E+03     0.219792E+03     0.216174E+03     0.215381E+03     0.216774E+03     0.219207E+03     0.218992E+03     0.216502E+03     0.215843E+03     0.215512E+03     0.214649E+03     0.214852E+03     0.218672E+03     0.214868E+03     0.240034E+03     0.238843E+03     0.237524E+03     0.238918E+03     0.236932E+03     0.225799E+03     0.210084E+03     0.209865E+03     0.209702E+03     0.217804E+03     0.212936E+03     0.210383E+03     0.207325E+03     0.207834E+03     0.209961E+03     0.209816E+03     0.206811E+03     0.206667E+03     0.207261E+03     0.207365E+03     0.207215E+03     0.201571E+03     0.190243E+03     0.180670E+03     0.186389E+03     0.193427E+03     0.193196E+03     0.193043E+03     0.191098E+03     0.188824E+03     0.186240E+03     0.186080E+03     0.188194E+03     0.190215E+03     0.190088E+03     0.187230E+03     0.187071E+03     0.191088E+03     0.190952E+03     0.189686E+03     0.188194E+03     0.189102E+03     0.184284E+03     0.183385E+03     0.183553E+03     0.184366E+03     0.184491E+03     0.183218E+03     0.184769E+03     0.185176E+03     0.187105E+03     0.186881E+03     0.183331E+03     0.180728E+03     0.180533E+03     0.184991E+03     0.183991E+03     0.182750E+03     0.182515E+03     0.182353E+03     0.180576E+03     0.180417E+03     0.185213E+03     0.184991E+03     0.182443E+03     0.180906E+03     0.180742E+03     0.182284E+03     0.185643E+03     0.185514E+03     0.183771E+03     0.180619E+03     0.179148E+03     0.179148E+03     0.179148E+03     0.179148E+03     0.179148E+03     0.179148E+03     0.179148E+03     0.179148E+03     0.179148E+03     0.179148E+03     0.179148E+03     0.179148E+03     0.179148E+03     0.179148E+03     0.179148E+03     0.179148E+03     0.179148E+03     0.179148E+03     0.179148E+03     0.100000E+21
 0.180000E+04     0.242001E+03     0.242001E+03     0.242001E+03     0.242001E+03     0.242001E+03     0.242001E+03     0.242001E+03     0.242001E+03     0.242001E+03     0.242001E+03     0.242001E+03     0.242001E+03     0.220871E+03     0.205194E+03     0.205194E+03     0.206670E+03     0.232304E+03     0.227028E+03     0.226766E+03     0.226561E+03     0.222640E+03     0.219574E+03     0.216195E+03     0.215381E+03     0.216839E+03     0.219241E+03     0.218992E+03     0.216537E+03     0.215843E+03     0.215512E+03     0.214635E+03     0.214852E+03     0.219031E+03     0.214868E+03     0.240034E+03     0.238799E+03     0.237524E+03     0.239260E+03     0.236932E+03     0.226311E+03     0.210084E+03     0.209865E+03     0.209684E+03     0.217804E+03     0.212647E+03     0.210383E+03     0.207325E+03     0.207864E+03     0.209961E+03     0.209798E+03     0.206817E+03     0.206667E+03     0.207280E+03     0.207378E+03     0.207215E+03     0.202405E+03     0.190243E+03     0.180670E+03     0.186661E+03     0.193427E+03     0.193218E+03     0.193043E+03     0.191150E+03     0.188824E+03     0.186240E+03     0.186058E+03     0.188194E+03     0.189189E+03     0.190088E+03     0.187230E+03     0.187060E+03     0.191088E+03     0.190940E+03     0.189734E+03     0.188194E+03     0.189140E+03     0.184398E+03     0.183385E+03     0.183505E+03     0.184366E+03     0.185911E+03     0.183126E+03     0.184769E+03     0.184968E+03     0.187105E+03     0.185266E+03     0.182627E+03     0.180728E+03     0.180500E+03     0.184991E+03     0.184037E+03     0.182750E+03     0.182515E+03     0.182338E+03     0.180576E+03     0.180406E+03     0.185213E+03     0.184991E+03     0.182309E+03     0.180906E+03     0.180717E+03     0.182125E+03     0.185643E+03     0.185511E+03     0.184013E+03     0.180619E+03     0.179148E+03     0.179148E+03     0.179148E+03     0.179148E+03     0.179148E+03     0.179148E+03     0.179148E+03     0.179148E+03     0.179148E+03     0.179148E+03     0.179148E+03     0.179148E+03     0.179148E+03     0.179148E+03     0.179148E+03     0.179148E+03     0.179148E+03     0.179148E+03     0.179148E+03     0.100000E+21
 0.182000E+04     0.242001E+03     0.242001E+03     0.242001E+03     0.242001E+03     0.242001E+03     0.242001E+03     0.242001E+03     0.242001E+03     0.242001E+03     0.242001E+03     0.242001E+03     0.242001E+03     0.221319E+03     0.205194E+03     0.205194E+03     0.206670E+03     0.232142E+03     0.227028E+03     0.226766E+03     0.226572E+03     0.222640E+03     0.219723E+03     0.216178E+03     0.215381E+03     0.216791E+03     0.219217E+03     0.218992E+03     0.216512E+03     0.215843E+03     0.215512E+03     0.215081E+03     0.214852E+03     0.218779E+03     0.214868E+03     0.240034E+03     0.238833E+03     0.237524E+03     0.238996E+03     0.236932E+03     0.225912E+03     0.210084E+03     0.209865E+03     0.209696E+03     0.217804E+03     0.212853E+03     0.210383E+03     0.207325E+03     0.207842E+03     0.209961E+03     0.209811E+03     0.206813E+03     0.206667E+03     0.207265E+03     0.207369E+03     0.207215E+03     0.201819E+03     0.190243E+03     0.190046E+03     0.189696E+03     0.193427E+03     0.193202E+03     0.193043E+03     0.191109E+03     0.188824E+03     0.186240E+03     0.186074E+03     0.188194E+03     0.188710E+03     0.190088E+03     0.186199E+03     0.186783E+03     0.191088E+03     0.190948E+03     0.189696E+03     0.188194E+03     0.189111E+03     0.184320E+03     0.183385E+03     0.183092E+03     0.182930E+03     0.186923E+03     0.184436E+03     0.184769E+03     0.185115E+03     0.187105E+03     0.184104E+03     0.182201E+03     0.180728E+03     0.180526E+03     0.184991E+03     0.184001E+03     0.182750E+03     0.182515E+03     0.182348E+03     0.180576E+03     0.180413E+03     0.185213E+03     0.184991E+03     0.182407E+03     0.180906E+03     0.180734E+03     0.182243E+03     0.185643E+03     0.185513E+03     0.183848E+03     0.180619E+03     0.179148E+03     0.179148E+03     0.179148E+03     0.179148E+03     0.179148E+03     0.179148E+03     0.179148E+03     0.179148E+03     0.179148E+03     0.179148E+03     0.179148E+03     0.179148E+03     0.179148E+03     0.179148E+03     0.179148E+03     0.179148E+03     0.179148E+03     0.179148E+03     0.179148E+03     0.100000E+21
 0.184000E+04     0.242001E+03     0.242001E+03     0.242001E+03     0.242001E+03     0.242001E+03     0.242001E+03     0.242001E+03     0.242001E+03     0.242001E+03     0.242001E+03     0.242001E+03     0.242001E+03     0.220935E+03     0.205194E+03     0.205194E+03     0.206670E+03     0.232257E+03     0.227028E+03     0.226766E+03     0.226569E+03     0.222640E+03     0.219691E+03     0.216193E+03     0.215381E+03     0.216823E+03     0.219214E+03     0.218992E+03     0.216526E+03     0.215843E+03     0.215512E+03     0.215085E+03     0.214852E+03     0.218813E+03     0.214868E+03     0.240034E+03     0.238806E+03     0.237524E+03     0.238986E+03     0.236932E+03     0.226238E+03     0.210084E+03     0.209865E+03     0.209696E+03     0.217804E+03     0.212755E+03     0.210383E+03     0.207325E+03     0.207853E+03     0.209961E+03     0.209812E+03     0.206816E+03     0.206667E+03     0.206860E+03     0.207370E+03     0.207215E+03     0.202000E+03     0.190243E+03     0.190046E+03     0.189688E+03     0.193427E+03     0.193202E+03     0.193043E+03     0.191145E+03     0.188824E+03     0.186240E+03     0.186075E+03     0.188194E+03     0.188679E+03     0.190088E+03     0.186199E+03     0.186792E+03     0.188419E+03     0.190311E+03     0.189727E+03     0.188194E+03     0.189132E+03     0.184314E+03     0.183385E+03     0.183095E+03     0.182930E+03     0.186923E+03     0.184429E+03     0.184769E+03     0.185105E+03     0.187105E+03     0.184104E+03     0.183161E+03     0.180728E+03     0.180527E+03     0.184991E+03     0.184029E+03     0.182750E+03     0.182515E+03     0.182347E+03     0.180576E+03     0.180411E+03     0.185213E+03     0.184991E+03     0.182350E+03     0.180906E+03     0.180737E+03     0.182166E+03     0.185643E+03     0.185511E+03     0.183884E+03     0.180619E+03     0.179148E+03     0.179148E+03     0.179148E+03     0.179148E+03     0.179148E+03     0.179148E+03     0.179148E+03     0.179148E+03     0.179148E+03     0.179148E+03     0.179148E+03     0.179148E+03     0.179148E+03     0.179148E+03     0.179148E+03     0.179148E+03     0.179148E+03     0.179148E+03     0.179148E+03     0.100000E+21
 0.186000E+04     0.236685E+03     0.239765E+03     0.242001E+03     0.242001E+03     0.242001E+03     0.242001E+03     0.242001E+03     0.242001E+03     0.242001E+03     0.242001E+03     0.242001E+03     0.242001E+03     0.222190E+03     0.205194E+03     0.206890E+03     0.206670E+03     0.231799E+03     0.227028E+03     0.226766E+03     0.226595E+03     0.222640E+03     0.220067E+03     0.216145E+03     0.215381E+03     0.216685E+03     0.219179E+03     0.218992E+03     0.216456E+03     0.215843E+03     0.215512E+03     0.215057E+03     0.214852E+03     0.217857E+03     0.213670E+03     0.240034E+03     0.238903E+03     0.237524E+03     0.238675E+03     0.236932E+03     0.225117E+03     0.210084E+03     0.209865E+03     0.209720E+03     0.217804E+03     0.213320E+03     0.210383E+03     0.207325E+03     0.207794E+03     0.209961E+03     0.209834E+03     0.206803E+03     0.206667E+03     0.206536E+03     0.207349E+03     0.207215E+03     0.200525E+03     0.190243E+03     0.190046E+03     0.189723E+03     0.191401E+03     0.193178E+03     0.193043E+03     0.191031E+03     0.188824E+03     0.186240E+03     0.186099E+03     0.188194E+03     0.188815E+03     0.190088E+03     0.186199E+03     0.186718E+03     0.186798E+03     0.189328E+03     0.190109E+03     0.189321E+03     0.189513E+03     0.184173E+03     0.183385E+03     0.183077E+03     0.182930E+03     0.186923E+03     0.184467E+03     0.184769E+03     0.185391E+03     0.187105E+03     0.184104E+03     0.183969E+03     0.180728E+03     0.180557E+03     0.184991E+03     0.183928E+03     0.182750E+03     0.182515E+03     0.182370E+03     0.180576E+03     0.180431E+03     0.185213E+03     0.184991E+03     0.182624E+03     0.180906E+03     0.180763E+03     0.182498E+03     0.185643E+03     0.185519E+03     0.183467E+03     0.180619E+03     0.179148E+03     0.179148E+03     0.179148E+03     0.179148E+03     0.179148E+03     0.179148E+03     0.179148E+03     0.179148E+03     0.179148E+03     0.179148E+03     0.179148E+03     0.179148E+03     0.179148E+03     0.179148E+03     0.179148E+03     0.179148E+03     0.179148E+03     0.179148E+03     0.179148E+03     0.100000E+21
 0.188000E+04     0.227974E+03     0.236489E+03     0.242001E+03     0.242001E+03     0.242001E+03     0.242001E+03     0.242001E+03     0.242001E+03     0.242001E+03     0.242001E+03     0.242001E+03     0.242001E+03     0.221887E+03     0.205194E+03     0.208816E+03     0.206670E+03     0.231914E+03     0.227028E+03     0.226766E+03     0.226588E+03     0.222640E+03     0.219964E+03     0.216157E+03     0.215381E+03     0.216720E+03     0.219189E+03     0.218992E+03     0.216474E+03     0.215843E+03     0.215512E+03     0.215065E+03     0.214852E+03     0.217656E+03     0.212436E+03     0.240034E+03     0.238879E+03     0.237524E+03     0.238759E+03     0.236932E+03     0.225391E+03     0.210084E+03     0.209865E+03     0.209713E+03     0.217804E+03     0.213172E+03     0.210383E+03     0.207325E+03     0.207809E+03     0.209961E+03     0.209828E+03     0.206806E+03     0.206667E+03     0.206534E+03     0.207355E+03     0.207215E+03     0.201248E+03     0.190243E+03     0.190046E+03     0.189714E+03     0.189315E+03     0.193185E+03     0.193043E+03     0.191058E+03     0.188824E+03     0.186240E+03     0.186093E+03     0.188194E+03     0.188780E+03     0.190088E+03     0.186199E+03     0.186738E+03     0.186798E+03     0.189438E+03     0.190605E+03     0.190482E+03     0.189332E+03     0.184429E+03     0.184076E+03     0.183082E+03     0.182930E+03     0.186923E+03     0.184457E+03     0.184769E+03     0.185314E+03     0.187105E+03     0.184104E+03     0.183966E+03     0.180728E+03     0.180549E+03     0.184991E+03     0.184360E+03     0.183804E+03     0.182515E+03     0.182364E+03     0.180576E+03     0.180425E+03     0.185213E+03     0.184991E+03     0.182553E+03     0.180906E+03     0.180756E+03     0.182413E+03     0.185643E+03     0.185517E+03     0.183581E+03     0.180619E+03     0.179148E+03     0.179148E+03     0.179148E+03     0.179148E+03     0.179148E+03     0.179148E+03     0.179148E+03     0.179148E+03     0.179148E+03     0.179148E+03     0.179148E+03     0.179148E+03     0.179148E+03     0.179148E+03     0.179148E+03     0.179148E+03     0.179148E+03     0.179148E+03     0.179148E+03     0.100000E+21
 0.190000E+04     0.226233E+03     0.236203E+03     0.242001E+03     0.242001E+03     0.242001E+03     0.242001E+03     0.242001E+03     0.242001E+03     0.242001E+03     0.242001E+03     0.242001E+03     0.242001E+03     0.220927E+03     0.205194E+03     0.209292E+03     0.206670E+03     0.232262E+03     0.227028E+03     0.226766E+03     0.226569E+03     0.222640E+03     0.219682E+03     0.216193E+03     0.215381E+03     0.216824E+03     0.219216E+03     0.218992E+03     0.216527E+03     0.215843E+03     0.215512E+03     0.215086E+03     0.214852E+03     0.218263E+03     0.212436E+03     0.240034E+03     0.238806E+03     0.237524E+03     0.239000E+03     0.236932E+03     0.226246E+03     0.210084E+03     0.209865E+03     0.209695E+03     0.217804E+03     0.212746E+03     0.210383E+03     0.207325E+03     0.207854E+03     0.209961E+03     0.209811E+03     0.206816E+03     0.206667E+03     0.206526E+03     0.207371E+03     0.207215E+03     0.204725E+03     0.199790E+03     0.190046E+03     0.189688E+03     0.189315E+03     0.193203E+03     0.193043E+03     0.191146E+03     0.188824E+03     0.186240E+03     0.186074E+03     0.188194E+03     0.188280E+03     0.188842E+03     0.186199E+03     0.186794E+03     0.186798E+03     0.189736E+03     0.190611E+03     0.190482E+03     0.188857E+03     0.186865E+03     0.184450E+03     0.183095E+03     0.182930E+03     0.186923E+03     0.184040E+03     0.183200E+03     0.185096E+03     0.187105E+03     0.184104E+03     0.183959E+03     0.180728E+03     0.180525E+03     0.184991E+03     0.184682E+03     0.184532E+03     0.182515E+03     0.182346E+03     0.180576E+03     0.180410E+03     0.185213E+03     0.184991E+03     0.182347E+03     0.180906E+03     0.180735E+03     0.182162E+03     0.185643E+03     0.185511E+03     0.183894E+03     0.180619E+03     0.179148E+03     0.179148E+03     0.179148E+03     0.179148E+03     0.179148E+03     0.179148E+03     0.179148E+03     0.179148E+03     0.179148E+03     0.179148E+03     0.179148E+03     0.179148E+03     0.179148E+03     0.179148E+03     0.179148E+03     0.179148E+03     0.179148E+03     0.179148E+03     0.179148E+03     0.100000E+21
 0.192000E+04     0.220185E+03     0.233944E+03     0.242001E+03     0.242001E+03     0.242001E+03     0.242001E+03     0.242001E+03     0.242001E+03     0.242001E+03     0.242001E+03     0.242001E+03     0.206670E+03     0.206670E+03     0.205194E+03     0.209872E+03     0.206670E+03     0.232263E+03     0.227028E+03     0.226766E+03     0.226560E+03     0.222640E+03     0.219560E+03     0.217031E+03     0.215381E+03     0.216829E+03     0.219247E+03     0.218992E+03     0.216533E+03     0.215843E+03     0.215512E+03     0.215092E+03     0.214852E+03     0.218599E+03     0.212436E+03     0.240034E+03     0.238809E+03     0.237524E+03     0.239332E+03     0.236932E+03     0.226180E+03     0.210084E+03     0.209865E+03     0.209682E+03     0.217804E+03     0.217804E+03     0.210383E+03     0.207325E+03     0.207861E+03     0.209961E+03     0.209795E+03     0.206816E+03     0.206667E+03     0.206527E+03     0.207380E+03     0.207215E+03     0.206752E+03     0.206011E+03     0.180670E+03     0.186620E+03     0.189315E+03     0.193222E+03     0.193043E+03     0.191134E+03     0.188824E+03     0.186240E+03     0.186054E+03     0.188194E+03     0.187916E+03     0.187775E+03     0.186199E+03     0.186813E+03     0.186798E+03     0.189908E+03     0.190611E+03     0.190482E+03     0.188857E+03     0.184628E+03     0.184450E+03     0.183098E+03     0.182930E+03     0.186923E+03     0.183703E+03     0.182254E+03     0.184947E+03     0.187105E+03     0.184104E+03     0.183959E+03     0.180728E+03     0.180493E+03     0.184991E+03     0.184682E+03     0.184532E+03     0.182515E+03     0.182336E+03     0.180576E+03     0.180406E+03     0.185213E+03     0.184991E+03     0.182324E+03     0.180906E+03     0.180712E+03     0.182149E+03     0.185643E+03     0.185512E+03     0.184029E+03     0.180619E+03     0.179148E+03     0.179148E+03     0.179148E+03     0.179148E+03     0.179148E+03     0.179148E+03     0.179148E+03     0.179148E+03     0.179148E+03     0.179148E+03     0.179148E+03     0.179148E+03     0.179148E+03     0.179148E+03     0.179148E+03     0.179148E+03     0.179148E+03     0.179148E+03     0.179148E+03     0.100000E+21
 0.194000E+04     0.220185E+03     0.233942E+03     0.242001E+03     0.242001E+03     0.242001E+03     0.242001E+03     0.242001E+03     0.242001E+03     0.242001E+03     0.242001E+03     0.242001E+03     0.206670E+03     0.206670E+03     0.205194E+03     0.209197E+03     0.206670E+03     0.232243E+03     0.227028E+03     0.226766E+03     0.226571E+03     0.222640E+03     0.219718E+03     0.217037E+03     0.215381E+03     0.216818E+03     0.219210E+03     0.218992E+03     0.216524E+03     0.215843E+03     0.215512E+03     0.215083E+03     0.214852E+03     0.218174E+03     0.212436E+03     0.240034E+03     0.238809E+03     0.237524E+03     0.238951E+03     0.236932E+03     0.226213E+03     0.210084E+03     0.209865E+03     0.209698E+03     0.217804E+03     0.217804E+03     0.210383E+03     0.208623E+03     0.208273E+03     0.209961E+03     0.209814E+03     0.206815E+03     0.206667E+03     0.206527E+03     0.207368E+03     0.207215E+03     0.206721E+03     0.206011E+03     0.180670E+03     0.183807E+03     0.189315E+03     0.193199E+03     0.193043E+03     0.191143E+03     0.188824E+03     0.187347E+03     0.186329E+03     0.188194E+03     0.187914E+03     0.187775E+03     0.186199E+03     0.186787E+03     0.186798E+03     0.189691E+03     0.190611E+03     0.190482E+03     0.188862E+03     0.184607E+03     0.184450E+03     0.183094E+03     0.182930E+03     0.186923E+03     0.183669E+03     0.182254E+03     0.185132E+03     0.187105E+03     0.184104E+03     0.183959E+03     0.180728E+03     0.180530E+03     0.184991E+03     0.184682E+03     0.184532E+03     0.182515E+03     0.182349E+03     0.180576E+03     0.180412E+03     0.185213E+03     0.184991E+03     0.182362E+03     0.180906E+03     0.180740E+03     0.182178E+03     0.185643E+03     0.185511E+03     0.183854E+03     0.180619E+03     0.179148E+03     0.179148E+03     0.179148E+03     0.179148E+03     0.179148E+03     0.179148E+03     0.179148E+03     0.179148E+03     0.179148E+03     0.179148E+03     0.179148E+03     0.179148E+03     0.179148E+03     0.179148E+03     0.179148E+03     0.179148E+03     0.179148E+03     0.179148E+03     0.179148E+03     0.100000E+21
 0.196000E+04     0.220185E+03     0.233022E+03     0.242001E+03     0.242001E+03     0.242001E+03     0.242001E+03     0.242001E+03     0.242001E+03     0.242001E+03     0.242001E+03     0.242001E+03     0.206670E+03     0.206670E+03     0.205194E+03     0.208725E+03     0.206670E+03     0.231854E+03     0.227028E+03     0.226766E+03     0.226592E+03     0.222640E+03     0.220019E+03     0.216953E+03     0.215381E+03     0.216702E+03     0.219183E+03     0.218992E+03     0.216464E+03     0.215843E+03     0.215512E+03     0.215061E+03     0.214852E+03     0.217540E+03     0.212436E+03     0.240034E+03     0.238892E+03     0.237524E+03     0.238713E+03     0.236932E+03     0.225248E+03     0.210084E+03     0.209865E+03     0.209717E+03     0.217804E+03     0.217804E+03     0.210383E+03     0.210177E+03     0.208599E+03     0.209961E+03     0.209831E+03     0.206804E+03     0.206667E+03     0.206535E+03     0.207352E+03     0.207215E+03     0.206648E+03     0.206011E+03     0.180670E+03     0.180670E+03     0.189315E+03     0.193181E+03     0.193043E+03     0.191044E+03     0.188824E+03     0.188614E+03     0.186824E+03     0.188194E+03     0.187903E+03     0.187775E+03     0.186199E+03     0.186727E+03     0.186798E+03     0.189378E+03     0.190604E+03     0.190482E+03     0.188982E+03     0.184588E+03     0.184450E+03     0.183079E+03     0.182930E+03     0.186923E+03     0.183538E+03     0.182254E+03     0.185356E+03     0.187105E+03     0.184104E+03     0.183968E+03     0.180728E+03     0.180553E+03     0.184991E+03     0.184672E+03     0.184532E+03     0.182515E+03     0.182367E+03     0.180576E+03     0.180428E+03     0.185213E+03     0.184991E+03     0.182590E+03     0.180906E+03     0.180760E+03     0.183793E+03     0.185643E+03     0.185518E+03     0.183520E+03     0.180619E+03     0.179148E+03     0.179148E+03     0.179148E+03     0.179148E+03     0.179148E+03     0.179148E+03     0.179148E+03     0.179148E+03     0.179148E+03     0.179148E+03     0.179148E+03     0.179148E+03     0.179148E+03     0.179148E+03     0.179148E+03     0.179148E+03     0.179148E+03     0.179148E+03     0.179148E+03     0.100000E+21
 0.198000E+04     0.227591E+03     0.235845E+03     0.242001E+03     0.242001E+03     0.242001E+03     0.242001E+03     0.242001E+03     0.242001E+03     0.242001E+03     0.242001E+03     0.242001E+03     0.206670E+03     0.206670E+03     0.205194E+03     0.208671E+03     0.206670E+03     0.231815E+03     0.227028E+03     0.226766E+03     0.226595E+03     0.222640E+03     0.220054E+03     0.216511E+03     0.215381E+03     0.216690E+03     0.219180E+03     0.218992E+03     0.216458E+03     0.215843E+03     0.215512E+03     0.215058E+03     0.214852E+03     0.217468E+03     0.212436E+03     0.226404E+03     0.233799E+03     0.237524E+03     0.238686E+03     0.236932E+03     0.225155E+03     0.210084E+03     0.209865E+03     0.209719E+03     0.213156E+03     0.216170E+03     0.210383E+03     0.210177E+03     0.208244E+03     0.208790E+03     0.209407E+03     0.206803E+03     0.206667E+03     0.206536E+03     0.206922E+03     0.207215E+03     0.206640E+03     0.206011E+03     0.185681E+03     0.182593E+03     0.189315E+03     0.193179E+03     0.193043E+03     0.191035E+03     0.188824E+03     0.188614E+03     0.186851E+03     0.186872E+03     0.187902E+03     0.187775E+03     0.186199E+03     0.186720E+03     0.186798E+03     0.189342E+03     0.190603E+03     0.190482E+03     0.188994E+03     0.184586E+03     0.184450E+03     0.183077E+03     0.182930E+03     0.186923E+03     0.183524E+03     0.182254E+03     0.184907E+03     0.185565E+03     0.185589E+03     0.184591E+03     0.180728E+03     0.180556E+03     0.184991E+03     0.184671E+03     0.184532E+03     0.182515E+03     0.182369E+03     0.180576E+03     0.180430E+03     0.185213E+03     0.184991E+03     0.182614E+03     0.180906E+03     0.180763E+03     0.185769E+03     0.185643E+03     0.185518E+03     0.183482E+03     0.180619E+03     0.179148E+03     0.179148E+03     0.179148E+03     0.179148E+03     0.179148E+03     0.179148E+03     0.179148E+03     0.179148E+03     0.179148E+03     0.179148E+03     0.179148E+03     0.179148E+03     0.179148E+03     0.179148E+03     0.179148E+03     0.179148E+03     0.179148E+03     0.179148E+03     0.179148E+03     0.100000E+21
 0.200000E+04     0.232829E+03     0.238595E+03     0.242001E+03     0.242001E+03     0.242001E+03     0.242001E+03     0.242001E+03     0.242001E+03     0.242001E+03     0.242001E+03     0.242001E+03     0.206670E+03     0.206670E+03     0.205194E+03     0.209189E+03     0.206670E+03     0.232241E+03     0.227028E+03     0.226766E+03     0.226572E+03     0.222640E+03     0.219721E+03     0.216192E+03     0.215381E+03     0.216817E+03     0.219209E+03     0.218992E+03     0.216523E+03     0.215843E+03     0.215512E+03     0.214988E+03     0.214553E+03     0.218166E+03     0.212436E+03     0.214531E+03     0.230303E+03     0.237524E+03     0.238946E+03     0.236932E+03     0.226210E+03     0.210084E+03     0.209865E+03     0.209698E+03     0.209428E+03     0.215263E+03     0.210383E+03     0.210177E+03     0.208025E+03     0.207846E+03     0.209198E+03     0.206815E+03     0.206667E+03     0.206527E+03     0.206505E+03     0.207215E+03     0.206819E+03     0.206358E+03     0.197750E+03     0.186384E+03     0.189315E+03     0.193199E+03     0.193043E+03     0.191143E+03     0.188824E+03     0.188614E+03     0.187439E+03     0.185810E+03     0.187914E+03     0.187775E+03     0.186199E+03     0.186787E+03     0.186798E+03     0.189687E+03     0.190611E+03     0.190482E+03     0.188863E+03     0.184607E+03     0.184450E+03     0.183094E+03     0.182930E+03     0.186923E+03     0.183668E+03     0.182254E+03     0.184484E+03     0.184325E+03     0.186881E+03     0.185031E+03     0.180728E+03     0.180531E+03     0.184991E+03     0.184682E+03     0.184532E+03     0.182515E+03     0.182349E+03     0.180576E+03     0.180412E+03     0.185213E+03     0.184991E+03     0.182363E+03     0.180906E+03     0.180740E+03     0.185781E+03     0.185643E+03     0.185511E+03     0.183850E+03     0.180619E+03     0.179148E+03     0.179148E+03     0.179148E+03     0.179148E+03     0.179148E+03     0.179148E+03     0.179148E+03     0.179148E+03     0.179148E+03     0.179148E+03     0.179148E+03     0.179148E+03     0.179148E+03     0.179148E+03     0.179148E+03     0.179148E+03     0.179148E+03     0.179148E+03     0.179148E+03     0.100000E+21
 0.202000E+04     0.232006E+03     0.233640E+03     0.242001E+03     0.242001E+03     0.242001E+03     0.242001E+03     0.242001E+03     0.242001E+03     0.242001E+03     0.242001E+03     0.242001E+03     0.206670E+03     0.206044E+03     0.205194E+03     0.209560E+03     0.206670E+03     0.232217E+03     0.227028E+03     0.226766E+03     0.226565E+03     0.222640E+03     0.219625E+03     0.216185E+03     0.215381E+03     0.216815E+03     0.219233E+03     0.218992E+03     0.216525E+03     0.215843E+03     0.215512E+03     0.214544E+03     0.214213E+03     0.218428E+03     0.212436E+03     0.214531E+03     0.230194E+03     0.237524E+03     0.239143E+03     0.236932E+03     0.226079E+03     0.210084E+03     0.209865E+03     0.209688E+03     0.209428E+03     0.215320E+03     0.210383E+03     0.210177E+03     0.208006E+03     0.207846E+03     0.209314E+03     0.206815E+03     0.206667E+03     0.206528E+03     0.206471E+03     0.207215E+03     0.206924E+03     0.206744E+03     0.205769E+03     0.193719E+03     0.189315E+03     0.193212E+03     0.193043E+03     0.191124E+03     0.188824E+03     0.188614E+03     0.188436E+03     0.185810E+03     0.187914E+03     0.187775E+03     0.186199E+03     0.186801E+03     0.186798E+03     0.189826E+03     0.190610E+03     0.190482E+03     0.188871E+03     0.187794E+03     0.184450E+03     0.183096E+03     0.182930E+03     0.186923E+03     0.183682E+03     0.182254E+03     0.184493E+03     0.184325E+03     0.186881E+03     0.185046E+03     0.180728E+03     0.180511E+03     0.184991E+03     0.184681E+03     0.184532E+03     0.182515E+03     0.182341E+03     0.180576E+03     0.180409E+03     0.185213E+03     0.184991E+03     0.183337E+03     0.180906E+03     0.180722E+03     0.185781E+03     0.185643E+03     0.185512E+03     0.183957E+03     0.180619E+03     0.179148E+03     0.179148E+03     0.179148E+03     0.179148E+03     0.179148E+03     0.179148E+03     0.179148E+03     0.179148E+03     0.179148E+03     0.179148E+03     0.179148E+03     0.179148E+03     0.179148E+03     0.179148E+03     0.179148E+03     0.179148E+03     0.179148E+03     0.179148E+03     0.179148E+03     0.100000E+21
 0.204000E+04     0.227776E+03     0.230460E+03     0.242001E+03     0.242001E+03     0.242001E+03     0.242001E+03     0.242001E+03     0.242001E+03     0.242001E+03     0.242001E+03     0.242001E+03     0.206670E+03     0.205788E+03     0.205194E+03     0.209481E+03     0.206670E+03     0.232287E+03     0.227028E+03     0.226766E+03     0.226565E+03     0.222640E+03     0.219625E+03     0.216195E+03     0.215381E+03     0.216833E+03     0.219227E+03     0.218992E+03     0.216533E+03     0.215843E+03     0.215512E+03     0.214458E+03     0.214213E+03     0.218412E+03     0.212436E+03     0.214531E+03     0.230407E+03     0.237524E+03     0.239099E+03     0.236932E+03     0.226289E+03     0.210084E+03     0.209865E+03     0.209690E+03     0.209428E+03     0.215374E+03     0.210383E+03     0.210177E+03     0.207985E+03     0.207846E+03     0.209288E+03     0.208543E+03     0.206667E+03     0.206526E+03     0.206475E+03     0.207215E+03     0.206925E+03     0.206744E+03     0.205769E+03     0.195020E+03     0.189315E+03     0.189747E+03     0.193043E+03     0.191149E+03     0.188824E+03     0.188614E+03     0.188438E+03     0.185810E+03     0.187916E+03     0.187775E+03     0.186199E+03     0.186804E+03     0.186798E+03     0.189809E+03     0.190612E+03     0.190482E+03     0.188849E+03     0.188210E+03     0.184450E+03     0.183097E+03     0.182930E+03     0.186923E+03     0.182410E+03     0.182254E+03     0.184492E+03     0.184325E+03     0.186881E+03     0.185022E+03     0.180728E+03     0.180516E+03     0.184991E+03     0.184683E+03     0.184532E+03     0.182515E+03     0.182342E+03     0.180576E+03     0.180408E+03     0.185213E+03     0.183206E+03     0.183053E+03     0.180906E+03     0.180727E+03     0.185783E+03     0.185643E+03     0.185511E+03     0.183956E+03     0.180619E+03     0.179148E+03     0.179148E+03     0.179148E+03     0.179148E+03     0.179148E+03     0.179148E+03     0.179148E+03     0.179148E+03     0.179148E+03     0.179148E+03     0.179148E+03     0.179148E+03     0.179148E+03     0.179148E+03     0.179148E+03     0.179148E+03     0.179148E+03     0.179148E+03     0.179148E+03     0.100000E+21
 0.206000E+04     0.227776E+03     0.229469E+03     0.242001E+03     0.242001E+03     0.242001E+03     0.242001E+03     0.242001E+03     0.242001E+03     0.242001E+03     0.242001E+03     0.242001E+03     0.206670E+03     0.205821E+03     0.205194E+03     0.208947E+03     0.206670E+03     0.231992E+03     0.227028E+03     0.226766E+03     0.226583E+03     0.222640E+03     0.219888E+03     0.216164E+03     0.215381E+03     0.216744E+03     0.219197E+03     0.218992E+03     0.216487E+03     0.215843E+03     0.215512E+03     0.214438E+03     0.214213E+03     0.217819E+03     0.212436E+03     0.214531E+03     0.229610E+03     0.237524E+03     0.238825E+03     0.236932E+03     0.225573E+03     0.210084E+03     0.209865E+03     0.209708E+03     0.209428E+03     0.214938E+03     0.210383E+03     0.210177E+03     0.208145E+03     0.207846E+03     0.209119E+03     0.208438E+03     0.206667E+03     0.206532E+03     0.206546E+03     0.207215E+03     0.206909E+03     0.206744E+03     0.205769E+03     0.195685E+03     0.189315E+03     0.190142E+03     0.193043E+03     0.191076E+03     0.188824E+03     0.188614E+03     0.188459E+03     0.185810E+03     0.188267E+03     0.188661E+03     0.186199E+03     0.186752E+03     0.186798E+03     0.189521E+03     0.190606E+03     0.190482E+03     0.188940E+03     0.187772E+03     0.184450E+03     0.183085E+03     0.182930E+03     0.186923E+03     0.182399E+03     0.182254E+03     0.184474E+03     0.184325E+03     0.186881E+03     0.185104E+03     0.180728E+03     0.180542E+03     0.184991E+03     0.184675E+03     0.184532E+03     0.182515E+03     0.182359E+03     0.180576E+03     0.180421E+03     0.185213E+03     0.183206E+03     0.183063E+03     0.180906E+03     0.180750E+03     0.185774E+03     0.185643E+03     0.185516E+03     0.183665E+03     0.180619E+03     0.179148E+03     0.179148E+03     0.179148E+03     0.179148E+03     0.179148E+03     0.179148E+03     0.179148E+03     0.179148E+03     0.179148E+03     0.179148E+03     0.179148E+03     0.179148E+03     0.179148E+03     0.179148E+03     0.179148E+03     0.179148E+03     0.179148E+03     0.179148E+03     0.179148E+03     0.100000E+21
 0.208000E+04     0.226505E+03     0.226472E+03     0.242001E+03     0.242001E+03     0.242001E+03     0.242001E+03     0.242001E+03     0.242001E+03     0.242001E+03     0.242001E+03     0.242001E+03     0.206670E+03     0.205841E+03     0.205194E+03     0.207558E+03     0.206670E+03     0.231808E+03     0.227028E+03     0.226766E+03     0.226595E+03     0.222640E+03     0.220060E+03     0.216146E+03     0.215381E+03     0.216688E+03     0.219180E+03     0.218992E+03     0.216457E+03     0.215843E+03     0.215512E+03     0.214425E+03     0.214213E+03     0.217455E+03     0.212436E+03     0.214531E+03     0.229118E+03     0.237524E+03     0.238681E+03     0.236932E+03     0.225137E+03     0.210084E+03     0.209865E+03     0.209719E+03     0.209428E+03     0.212198E+03     0.210383E+03     0.210177E+03     0.208248E+03     0.207846E+03     0.209019E+03     0.208373E+03     0.206667E+03     0.206536E+03     0.206365E+03     0.206647E+03     0.206899E+03     0.206744E+03     0.205769E+03     0.196106E+03     0.189315E+03     0.190361E+03     0.193043E+03     0.191033E+03     0.188824E+03     0.188614E+03     0.188471E+03     0.185810E+03     0.188812E+03     0.190088E+03     0.186199E+03     0.186719E+03     0.186798E+03     0.189335E+03     0.190603E+03     0.190482E+03     0.188997E+03     0.187509E+03     0.184450E+03     0.183077E+03     0.182930E+03     0.186923E+03     0.182391E+03     0.182254E+03     0.184913E+03     0.185605E+03     0.186881E+03     0.185154E+03     0.180728E+03     0.180557E+03     0.184991E+03     0.184671E+03     0.184532E+03     0.182515E+03     0.182370E+03     0.180576E+03     0.180430E+03     0.185213E+03     0.183206E+03     0.183070E+03     0.180906E+03     0.180763E+03     0.185769E+03     0.185643E+03     0.185519E+03     0.183475E+03     0.180619E+03     0.179148E+03     0.179148E+03     0.179148E+03     0.179148E+03     0.179148E+03     0.179148E+03     0.179148E+03     0.179148E+03     0.179148E+03     0.179148E+03     0.179148E+03     0.179148E+03     0.179148E+03     0.179148E+03     0.179148E+03     0.179148E+03     0.179148E+03     0.179148E+03     0.179148E+03     0.100000E+21
 0.210000E+04     0.225013E+03     0.225013E+03     0.242001E+03     0.242001E+03     0.242001E+03     0.242001E+03     0.242001E+03     0.242001E+03     0.242001E+03     0.242001E+03     0.242001E+03     0.206670E+03     0.205788E+03     0.205194E+03     0.206434E+03     0.206670E+03     0.232282E+03     0.227028E+03     0.226766E+03     0.226566E+03     0.218800E+03     0.218576E+03     0.216194E+03     0.215381E+03     0.216831E+03     0.219224E+03     0.218992E+03     0.216532E+03     0.215843E+03     0.215512E+03     0.214457E+03     0.214213E+03     0.218380E+03     0.212436E+03     0.214531E+03     0.230397E+03     0.237524E+03     0.239075E+03     0.236932E+03     0.226282E+03     0.210084E+03     0.209865E+03     0.209691E+03     0.209428E+03     0.209273E+03     0.213609E+03     0.210177E+03     0.207990E+03     0.207846E+03     0.209275E+03     0.208541E+03     0.206667E+03     0.206526E+03     0.206148E+03     0.205980E+03     0.206924E+03     0.206744E+03     0.205769E+03     0.205615E+03     0.180670E+03     0.189777E+03     0.193043E+03     0.191148E+03     0.188824E+03     0.188614E+03     0.188440E+03     0.185810E+03     0.188671E+03     0.190088E+03     0.186199E+03     0.186802E+03     0.186798E+03     0.189794E+03     0.190612E+03     0.190482E+03     0.188850E+03     0.188179E+03     0.184450E+03     0.183097E+03     0.182930E+03     0.186923E+03     0.183143E+03     0.184769E+03     0.185048E+03     0.187105E+03     0.186881E+03     0.185023E+03     0.180728E+03     0.180518E+03     0.184991E+03     0.184683E+03     0.184532E+03     0.182515E+03     0.182343E+03     0.180576E+03     0.180409E+03     0.185213E+03     0.183206E+03     0.183053E+03     0.180906E+03     0.180729E+03     0.185783E+03     0.185643E+03     0.185511E+03     0.183943E+03     0.180619E+03     0.179148E+03     0.179148E+03     0.179148E+03     0.179148E+03     0.179148E+03     0.179148E+03     0.179148E+03     0.179148E+03     0.179148E+03     0.179148E+03     0.179148E+03     0.179148E+03     0.179148E+03     0.179148E+03     0.179148E+03     0.179148E+03     0.179148E+03     0.179148E+03     0.179148E+03     0.100000E+21
 0.212000E+04     0.225013E+03     0.225013E+03     0.242001E+03     0.242001E+03     0.242001E+03     0.242001E+03     0.242001E+03     0.242001E+03     0.242001E+03     0.242001E+03     0.242001E+03     0.206670E+03     0.205815E+03     0.205194E+03     0.206325E+03     0.206670E+03     0.232053E+03     0.227028E+03     0.226766E+03     0.226579E+03     0.218800E+03     0.218590E+03     0.216170E+03     0.215381E+03     0.216763E+03     0.219204E+03     0.218992E+03     0.216497E+03     0.215843E+03     0.215512E+03     0.214443E+03     0.214213E+03     0.217958E+03     0.212436E+03     0.214531E+03     0.229769E+03     0.237524E+03     0.239136E+03     0.238343E+03     0.225712E+03     0.210084E+03     0.209865E+03     0.209704E+03     0.209428E+03     0.209281E+03     0.210671E+03     0.210177E+03     0.208109E+03     0.207846E+03     0.209161E+03     0.208460E+03     0.206667E+03     0.206531E+03     0.206136E+03     0.205980E+03     0.206913E+03     0.206744E+03     0.206241E+03     0.205780E+03     0.180670E+03     0.190053E+03     0.193043E+03     0.191089E+03     0.188824E+03     0.188614E+03     0.188455E+03     0.185810E+03     0.188738E+03     0.190088E+03     0.186199E+03     0.186764E+03     0.186798E+03     0.189592E+03     0.190607E+03     0.190482E+03     0.188921E+03     0.187879E+03     0.184450E+03     0.183088E+03     0.182930E+03     0.186923E+03     0.183232E+03     0.184769E+03     0.185203E+03     0.187105E+03     0.186881E+03     0.185088E+03     0.180728E+03     0.180537E+03     0.184991E+03     0.184677E+03     0.184532E+03     0.182515E+03     0.182355E+03     0.180576E+03     0.180418E+03     0.185213E+03     0.183206E+03     0.183061E+03     0.180906E+03     0.180744E+03     0.185776E+03     0.185643E+03     0.185515E+03     0.183736E+03     0.180619E+03     0.179148E+03     0.179148E+03     0.179148E+03     0.179148E+03     0.179148E+03     0.179148E+03     0.179148E+03     0.179148E+03     0.179148E+03     0.179148E+03     0.179148E+03     0.179148E+03     0.179148E+03     0.179148E+03     0.179148E+03     0.179148E+03     0.179148E+03     0.179148E+03     0.179148E+03     0.100000E+21
 0.214000E+04     0.225361E+03     0.225140E+03     0.242001E+03     0.242001E+03     0.242001E+03     0.242001E+03     0.242001E+03     0.242001E+03     0.242001E+03     0.242001E+03     0.242001E+03     0.206670E+03     0.205789E+03     0.205194E+03     0.206574E+03     0.206670E+03     0.232295E+03     0.227028E+03     0.226766E+03     0.223750E+03     0.218800E+03     0.218570E+03     0.216194E+03     0.215381E+03     0.216838E+03     0.219246E+03     0.218992E+03     0.216537E+03     0.215843E+03     0.215512E+03     0.214461E+03     0.214213E+03     0.218601E+03     0.212436E+03     0.214531E+03     0.230411E+03     0.237524E+03     0.239445E+03     0.238907E+03     0.236124E+03     0.235756E+03     0.209865E+03     0.209682E+03     0.209428E+03     0.209271E+03     0.208991E+03     0.210177E+03     0.207967E+03     0.207846E+03     0.209371E+03     0.208545E+03     0.206667E+03     0.206526E+03     0.206153E+03     0.205980E+03     0.206928E+03     0.206744E+03     0.206514E+03     0.205856E+03     0.189637E+03     0.189497E+03     0.193043E+03     0.191146E+03     0.188824E+03     0.188614E+03     0.188425E+03     0.185810E+03     0.188664E+03     0.190088E+03     0.186199E+03     0.186814E+03     0.186798E+03     0.189898E+03     0.190612E+03     0.190482E+03     0.188847E+03     0.188427E+03     0.184450E+03     0.183099E+03     0.182930E+03     0.186923E+03     0.183125E+03     0.184769E+03     0.184499E+03     0.184325E+03     0.186881E+03     0.185023E+03     0.180728E+03     0.180487E+03     0.184991E+03     0.184035E+03     0.182750E+03     0.182515E+03     0.182336E+03     0.180576E+03     0.180406E+03     0.185213E+03     0.183206E+03     0.183052E+03     0.180906E+03     0.180712E+03     0.185783E+03     0.185643E+03     0.185511E+03     0.184025E+03     0.180619E+03     0.179148E+03     0.179148E+03     0.179148E+03     0.179148E+03     0.179148E+03     0.179148E+03     0.179148E+03     0.179148E+03     0.179148E+03     0.179148E+03     0.179148E+03     0.179148E+03     0.179148E+03     0.179148E+03     0.179148E+03     0.179148E+03     0.179148E+03     0.179148E+03     0.179148E+03     0.100000E+21
 0.216000E+04     0.225361E+03     0.225291E+03     0.242001E+03     0.242001E+03     0.242001E+03     0.242001E+03     0.242001E+03     0.242001E+03     0.242001E+03     0.242001E+03     0.242001E+03     0.206670E+03     0.205801E+03     0.205194E+03     0.206411E+03     0.206670E+03     0.232181E+03     0.227028E+03     0.226766E+03     0.223890E+03     0.218800E+03     0.218580E+03     0.216729E+03     0.215381E+03     0.216802E+03     0.219221E+03     0.218992E+03     0.216518E+03     0.215843E+03     0.215512E+03     0.214452E+03     0.214213E+03     0.219204E+03     0.217643E+03     0.213024E+03     0.229577E+03     0.237524E+03     0.239368E+03     0.238907E+03     0.236118E+03     0.235756E+03     0.209865E+03     0.209694E+03     0.209428E+03     0.209276E+03     0.208991E+03     0.210177E+03     0.209468E+03     0.207846E+03     0.209252E+03     0.209050E+03     0.208713E+03     0.207137E+03     0.206145E+03     0.205980E+03     0.206920E+03     0.206744E+03     0.206514E+03     0.205872E+03     0.189637E+03     0.189838E+03     0.193043E+03     0.191119E+03     0.188824E+03     0.188614E+03     0.188443E+03     0.185810E+03     0.188250E+03     0.188664E+03     0.188883E+03     0.187341E+03     0.186798E+03     0.187357E+03     0.190610E+03     0.190482E+03     0.188882E+03     0.188118E+03     0.184450E+03     0.183093E+03     0.182930E+03     0.186923E+03     0.183176E+03     0.184769E+03     0.184487E+03     0.184325E+03     0.186881E+03     0.185054E+03     0.180728E+03     0.180522E+03     0.184991E+03     0.184010E+03     0.182750E+03     0.182515E+03     0.182346E+03     0.180576E+03     0.180412E+03     0.185213E+03     0.183206E+03     0.183056E+03     0.180906E+03     0.180732E+03     0.185780E+03     0.185643E+03     0.185513E+03     0.183881E+03     0.180619E+03     0.179148E+03     0.179148E+03     0.179148E+03     0.179148E+03     0.179148E+03     0.179148E+03     0.179148E+03     0.179148E+03     0.179148E+03     0.179148E+03     0.179148E+03     0.179148E+03     0.179148E+03     0.179148E+03     0.179148E+03     0.179148E+03     0.179148E+03     0.179148E+03     0.179148E+03     0.100000E+21
 0.218000E+04     0.229946E+03     0.227619E+03     0.242001E+03     0.242001E+03     0.242001E+03     0.242001E+03     0.242001E+03     0.242001E+03     0.242001E+03     0.242001E+03     0.242001E+03     0.206670E+03     0.205832E+03     0.205194E+03     0.206243E+03     0.206670E+03     0.231894E+03     0.227028E+03     0.226766E+03     0.224186E+03     0.218800E+03     0.218281E+03     0.216961E+03     0.215381E+03     0.216714E+03     0.219187E+03     0.218992E+03     0.216471E+03     0.215843E+03     0.215512E+03     0.214431E+03     0.214213E+03     0.219932E+03     0.219720E+03     0.212084E+03     0.228354E+03     0.237524E+03     0.238710E+03     0.238907E+03     0.236103E+03     0.235756E+03     0.209865E+03     0.209714E+03     0.209428E+03     0.209288E+03     0.208991E+03     0.210177E+03     0.210028E+03     0.207846E+03     0.209062E+03     0.209445E+03     0.209305E+03     0.207643E+03     0.206127E+03     0.205980E+03     0.206904E+03     0.206744E+03     0.206514E+03     0.205912E+03     0.189637E+03     0.190266E+03     0.193043E+03     0.191053E+03     0.188824E+03     0.188614E+03     0.188466E+03     0.185810E+03     0.187904E+03     0.187775E+03     0.189876E+03     0.187737E+03     0.186798E+03     0.186655E+03     0.190604E+03     0.190482E+03     0.188970E+03     0.187622E+03     0.184450E+03     0.183331E+03     0.182930E+03     0.185769E+03     0.183301E+03     0.184769E+03     0.184468E+03     0.184325E+03     0.186881E+03     0.185131E+03     0.180728E+03     0.180551E+03     0.184991E+03     0.184268E+03     0.183493E+03     0.182515E+03     0.182365E+03     0.180576E+03     0.180426E+03     0.185213E+03     0.183206E+03     0.183067E+03     0.180906E+03     0.180757E+03     0.185771E+03     0.185643E+03     0.185517E+03     0.183560E+03     0.180619E+03     0.179148E+03     0.179148E+03     0.179148E+03     0.179148E+03     0.179148E+03     0.179148E+03     0.179148E+03     0.179148E+03     0.179148E+03     0.179148E+03     0.179148E+03     0.179148E+03     0.179148E+03     0.179148E+03     0.179148E+03     0.179148E+03     0.179148E+03     0.179148E+03     0.179148E+03     0.100000E+21
 0.220000E+04     0.237940E+03     0.237940E+03     0.229075E+03     0.242001E+03     0.242001E+03     0.242001E+03     0.242001E+03     0.242001E+03     0.242001E+03     0.242001E+03     0.242001E+03     0.206670E+03     0.205788E+03     0.205194E+03     0.206578E+03     0.206670E+03     0.232299E+03     0.227028E+03     0.226766E+03     0.223748E+03     0.218800E+03     0.217513E+03     0.217042E+03     0.215381E+03     0.216839E+03     0.219246E+03     0.218992E+03     0.216537E+03     0.215843E+03     0.215512E+03     0.214461E+03     0.214213E+03     0.219973E+03     0.219720E+03     0.212084E+03     0.229534E+03     0.237524E+03     0.236988E+03     0.238907E+03     0.236124E+03     0.235756E+03     0.209865E+03     0.209682E+03     0.209428E+03     0.209271E+03     0.208991E+03     0.210177E+03     0.210010E+03     0.206866E+03     0.207466E+03     0.209456E+03     0.209305E+03     0.207541E+03     0.206154E+03     0.205980E+03     0.206928E+03     0.206744E+03     0.206514E+03     0.205855E+03     0.189637E+03     0.189083E+03     0.188894E+03     0.192760E+03     0.192645E+03     0.188614E+03     0.188425E+03     0.185810E+03     0.187917E+03     0.187775E+03     0.189876E+03     0.186912E+03     0.186798E+03     0.186628E+03     0.190612E+03     0.190482E+03     0.188845E+03     0.188067E+03     0.189231E+03     0.183872E+03     0.182930E+03     0.184145E+03     0.184421E+03     0.184769E+03     0.184499E+03     0.184325E+03     0.186881E+03     0.186753E+03     0.180728E+03     0.180486E+03     0.184991E+03     0.184683E+03     0.184532E+03     0.182515E+03     0.182336E+03     0.180576E+03     0.180406E+03     0.185213E+03     0.184991E+03     0.183594E+03     0.180906E+03     0.180712E+03     0.185784E+03     0.185643E+03     0.185511E+03     0.184027E+03     0.180619E+03     0.179148E+03     0.179148E+03     0.179148E+03     0.179148E+03     0.179148E+03     0.179148E+03     0.179148E+03     0.179148E+03     0.179148E+03     0.179148E+03     0.179148E+03     0.179148E+03     0.179148E+03     0.179148E+03     0.179148E+03     0.179148E+03     0.179148E+03     0.179148E+03     0.179148E+03     0.100000E+21
 0.222000E+04     0.238824E+03     0.238257E+03     0.236658E+03     0.242001E+03     0.242001E+03     0.242001E+03     0.242001E+03     0.242001E+03     0.242001E+03     0.242001E+03     0.242001E+03     0.206670E+03     0.205832E+03     0.205194E+03     0.206243E+03     0.206670E+03     0.231894E+03     0.227028E+03     0.226766E+03     0.224186E+03     0.218800E+03     0.217690E+03     0.216961E+03     0.215381E+03     0.216714E+03     0.219187E+03     0.218992E+03     0.216471E+03     0.215843E+03     0.215512E+03     0.214431E+03     0.214213E+03     0.219932E+03     0.219720E+03     0.212084E+03     0.219096E+03     0.237524E+03     0.237502E+03     0.238907E+03     0.236103E+03     0.235756E+03     0.209865E+03     0.209714E+03     0.209428E+03     0.209288E+03     0.208991E+03     0.210177E+03     0.210028E+03     0.206866E+03     0.207344E+03     0.209445E+03     0.209305E+03     0.207643E+03     0.206127E+03     0.205980E+03     0.206368E+03     0.206744E+03     0.206514E+03     0.205912E+03     0.189637E+03     0.189042E+03     0.188894E+03     0.192755E+03     0.192645E+03     0.188614E+03     0.188466E+03     0.185810E+03     0.186974E+03     0.187775E+03     0.189876E+03     0.187300E+03     0.186798E+03     0.186655E+03     0.190604E+03     0.190482E+03     0.188970E+03     0.188303E+03     0.189231E+03     0.183772E+03     0.182930E+03     0.184145E+03     0.183960E+03     0.183171E+03     0.184468E+03     0.184325E+03     0.186881E+03     0.186760E+03     0.182580E+03     0.180996E+03     0.184991E+03     0.184673E+03     0.184532E+03     0.182515E+03     0.182365E+03     0.180576E+03     0.180426E+03     0.185213E+03     0.184991E+03     0.183728E+03     0.182071E+03     0.181139E+03     0.183676E+03     0.185643E+03     0.185517E+03     0.183560E+03     0.180619E+03     0.179148E+03     0.179148E+03     0.179148E+03     0.179148E+03     0.179148E+03     0.179148E+03     0.179148E+03     0.179148E+03     0.179148E+03     0.179148E+03     0.179148E+03     0.179148E+03     0.179148E+03     0.179148E+03     0.179148E+03     0.179148E+03     0.179148E+03     0.179148E+03     0.179148E+03     0.100000E+21
 0.224000E+04     0.239331E+03     0.239331E+03     0.239044E+03     0.242001E+03     0.242001E+03     0.242001E+03     0.242001E+03     0.242001E+03     0.242001E+03     0.242001E+03     0.242001E+03     0.206670E+03     0.205801E+03     0.210245E+03     0.207298E+03     0.235053E+03     0.232181E+03     0.227028E+03     0.226766E+03     0.223890E+03     0.218800E+03     0.217569E+03     0.217018E+03     0.215381E+03     0.216802E+03     0.219221E+03     0.218992E+03     0.216518E+03     0.215843E+03     0.215512E+03     0.214452E+03     0.214213E+03     0.219959E+03     0.219720E+03     0.212084E+03     0.213394E+03     0.237524E+03     0.237275E+03     0.238907E+03     0.236118E+03     0.235756E+03     0.209865E+03     0.209694E+03     0.209428E+03     0.209276E+03     0.208991E+03     0.210177E+03     0.210016E+03     0.206866E+03     0.207419E+03     0.209453E+03     0.209305E+03     0.207571E+03     0.206145E+03     0.205980E+03     0.206009E+03     0.206744E+03     0.206514E+03     0.205872E+03     0.189637E+03     0.189328E+03     0.188894E+03     0.192759E+03     0.192645E+03     0.188614E+03     0.188443E+03     0.188194E+03     0.186330E+03     0.187775E+03     0.187550E+03     0.186409E+03     0.185767E+03     0.186347E+03     0.187992E+03     0.190482E+03     0.190355E+03     0.188158E+03     0.189231E+03     0.183843E+03     0.182930E+03     0.182709E+03     0.185348E+03     0.182254E+03     0.184487E+03     0.184325E+03     0.184104E+03     0.185662E+03     0.183662E+03     0.181017E+03     0.180246E+03     0.184680E+03     0.184532E+03     0.182515E+03     0.182346E+03     0.180576E+03     0.180412E+03     0.180109E+03     0.184991E+03     0.183633E+03     0.182750E+03     0.181202E+03     0.182215E+03     0.185643E+03     0.185513E+03     0.183881E+03     0.180619E+03     0.179148E+03     0.179148E+03     0.179148E+03     0.179148E+03     0.179148E+03     0.179148E+03     0.179148E+03     0.179148E+03     0.179148E+03     0.179148E+03     0.179148E+03     0.179148E+03     0.179148E+03     0.179148E+03     0.179148E+03     0.179148E+03     0.179148E+03     0.179148E+03     0.179148E+03     0.100000E+21
 0.226000E+04     0.224109E+03     0.236092E+03     0.239720E+03     0.242001E+03     0.242001E+03     0.242001E+03     0.242001E+03     0.242001E+03     0.242001E+03     0.242001E+03     0.242001E+03     0.206670E+03     0.205789E+03     0.210245E+03     0.206903E+03     0.235053E+03     0.232295E+03     0.227028E+03     0.226766E+03     0.223750E+03     0.218800E+03     0.217514E+03     0.217041E+03     0.215381E+03     0.216838E+03     0.219246E+03     0.218992E+03     0.216537E+03     0.215843E+03     0.215512E+03     0.214461E+03     0.214213E+03     0.219972E+03     0.219720E+03     0.212084E+03     0.213419E+03     0.237524E+03     0.237003E+03     0.238907E+03     0.236124E+03     0.235756E+03     0.209865E+03     0.209682E+03     0.209428E+03     0.209271E+03     0.208991E+03     0.212895E+03     0.210544E+03     0.206866E+03     0.207465E+03     0.209456E+03     0.209305E+03     0.207542E+03     0.206153E+03     0.205980E+03     0.205978E+03     0.206744E+03     0.206514E+03     0.205856E+03     0.189637E+03     0.189374E+03     0.188894E+03     0.192760E+03     0.192645E+03     0.188614E+03     0.188425E+03     0.188194E+03     0.185864E+03     0.186348E+03     0.187550E+03     0.188479E+03     0.185767E+03     0.186378E+03     0.187951E+03     0.190482E+03     0.190352E+03     0.188068E+03     0.189231E+03     0.183872E+03     0.182930E+03     0.182709E+03     0.185731E+03     0.183712E+03     0.184499E+03     0.184325E+03     0.184104E+03     0.185688E+03     0.183662E+03     0.180576E+03     0.180246E+03     0.184683E+03     0.184532E+03     0.183799E+03     0.182521E+03     0.181844E+03     0.180632E+03     0.180109E+03     0.184991E+03     0.184463E+03     0.182750E+03     0.181031E+03     0.182130E+03     0.185643E+03     0.185511E+03     0.184025E+03     0.180619E+03     0.179148E+03     0.179148E+03     0.179148E+03     0.179148E+03     0.179148E+03     0.179148E+03     0.179148E+03     0.179148E+03     0.179148E+03     0.179148E+03     0.179148E+03     0.179148E+03     0.179148E+03     0.179148E+03     0.179148E+03     0.179148E+03     0.179148E+03     0.179148E+03     0.179148E+03     0.100000E+21
 0.228000E+04     0.223559E+03     0.230156E+03     0.237611E+03     0.242001E+03     0.242001E+03     0.242001E+03     0.242001E+03     0.242001E+03     0.242001E+03     0.242001E+03     0.242001E+03     0.206670E+03     0.205815E+03     0.210245E+03     0.207505E+03     0.235053E+03     0.230580E+03     0.227028E+03     0.226766E+03     0.224028E+03     0.218800E+03     0.217624E+03     0.216522E+03     0.215381E+03     0.216763E+03     0.219204E+03     0.218992E+03     0.216497E+03     0.215843E+03     0.215512E+03     0.214443E+03     0.214213E+03     0.219946E+03     0.219720E+03     0.212084E+03     0.213365E+03     0.237920E+03     0.237392E+03     0.238907E+03     0.236111E+03     0.235756E+03     0.209865E+03     0.209704E+03     0.209428E+03     0.209281E+03     0.208991E+03     0.213609E+03     0.211151E+03     0.206866E+03     0.207383E+03     0.209449E+03     0.209305E+03     0.207603E+03     0.206136E+03     0.205980E+03     0.206040E+03     0.206744E+03     0.206514E+03     0.206030E+03     0.189637E+03     0.189299E+03     0.188894E+03     0.192757E+03     0.192645E+03     0.189722E+03     0.188862E+03     0.188194E+03     0.185965E+03     0.185379E+03     0.187550E+03     0.188616E+03     0.185767E+03     0.186318E+03     0.188039E+03     0.190482E+03     0.190358E+03     0.188020E+03     0.188786E+03     0.184844E+03     0.183224E+03     0.182709E+03     0.185322E+03     0.184063E+03     0.184478E+03     0.184325E+03     0.184104E+03     0.185632E+03     0.184462E+03     0.181967E+03     0.180246E+03     0.184677E+03     0.184532E+03     0.184325E+03     0.182849E+03     0.182076E+03     0.180907E+03     0.180109E+03     0.184991E+03     0.184845E+03     0.183229E+03     0.181531E+03     0.181504E+03     0.184211E+03     0.184609E+03     0.183736E+03     0.180619E+03     0.179148E+03     0.179148E+03     0.179148E+03     0.179148E+03     0.179148E+03     0.179148E+03     0.179148E+03     0.179148E+03     0.179148E+03     0.179148E+03     0.179148E+03     0.179148E+03     0.179148E+03     0.179148E+03     0.179148E+03     0.179148E+03     0.179148E+03     0.179148E+03     0.179148E+03     0.100000E+21
 0.230000E+04     0.222220E+03     0.223195E+03     0.228344E+03     0.242001E+03     0.242001E+03     0.242001E+03     0.242001E+03     0.242001E+03     0.242001E+03     0.242001E+03     0.242001E+03     0.206670E+03     0.205788E+03     0.210245E+03     0.207242E+03     0.235053E+03     0.227207E+03     0.227028E+03     0.226766E+03     0.223832E+03     0.218800E+03     0.217545E+03     0.215578E+03     0.215381E+03     0.216831E+03     0.219224E+03     0.218992E+03     0.216532E+03     0.215843E+03     0.215512E+03     0.214457E+03     0.214213E+03     0.219963E+03     0.219720E+03     0.212084E+03     0.213418E+03     0.238923E+03     0.237244E+03     0.238907E+03     0.236124E+03     0.235756E+03     0.209865E+03     0.209691E+03     0.209428E+03     0.209273E+03     0.208991E+03     0.213609E+03     0.211008E+03     0.206866E+03     0.207428E+03     0.209456E+03     0.209305E+03     0.207542E+03     0.206148E+03     0.205980E+03     0.205993E+03     0.206744E+03     0.206514E+03     0.206360E+03     0.199983E+03     0.189336E+03     0.188894E+03     0.191376E+03     0.192645E+03     0.192461E+03     0.189097E+03     0.188194E+03     0.187134E+03     0.185379E+03     0.187550E+03     0.187394E+03     0.188429E+03     0.186369E+03     0.187951E+03     0.190482E+03     0.190353E+03     0.188972E+03     0.187550E+03     0.187569E+03     0.184022E+03     0.182709E+03     0.183955E+03     0.184063E+03     0.183040E+03     0.184325E+03     0.184104E+03     0.185688E+03     0.186464E+03     0.183890E+03     0.180246E+03     0.182869E+03     0.184532E+03     0.184325E+03     0.182736E+03     0.182076E+03     0.180835E+03     0.180109E+03     0.184991E+03     0.184838E+03     0.184532E+03     0.183657E+03     0.180362E+03     0.180206E+03     0.183313E+03     0.183943E+03     0.180619E+03     0.179148E+03     0.179148E+03     0.179148E+03     0.179148E+03     0.179148E+03     0.179148E+03     0.179148E+03     0.179148E+03     0.179148E+03     0.179148E+03     0.179148E+03     0.179148E+03     0.179148E+03     0.179148E+03     0.179148E+03     0.179148E+03     0.179148E+03     0.179148E+03     0.179148E+03     0.100000E+21
 0.232000E+04     0.221701E+03     0.222205E+03     0.230612E+03     0.242001E+03     0.242001E+03     0.242001E+03     0.242001E+03     0.242001E+03     0.242001E+03     0.242001E+03     0.242001E+03     0.206670E+03     0.205841E+03     0.210245E+03     0.207791E+03     0.235053E+03     0.227191E+03     0.227028E+03     0.226766E+03     0.224262E+03     0.218800E+03     0.217722E+03     0.215566E+03     0.215381E+03     0.216688E+03     0.219180E+03     0.218992E+03     0.216507E+03     0.215980E+03     0.215512E+03     0.214638E+03     0.214213E+03     0.219926E+03     0.219720E+03     0.212084E+03     0.213310E+03     0.238923E+03     0.237550E+03     0.238907E+03     0.236098E+03     0.235756E+03     0.209865E+03     0.209719E+03     0.209428E+03     0.209291E+03     0.208991E+03     0.210996E+03     0.210384E+03     0.208415E+03     0.207902E+03     0.209442E+03     0.209305E+03     0.208477E+03     0.206122E+03     0.205980E+03     0.206096E+03     0.206744E+03     0.206514E+03     0.206375E+03     0.205313E+03     0.189257E+03     0.188894E+03     0.190476E+03     0.192645E+03     0.192461E+03     0.189698E+03     0.188194E+03     0.186959E+03     0.185379E+03     0.186258E+03     0.186978E+03     0.189469E+03     0.187037E+03     0.187167E+03     0.188146E+03     0.189457E+03     0.189110E+03     0.187550E+03     0.186581E+03     0.184022E+03     0.182709E+03     0.183955E+03     0.185382E+03     0.182785E+03     0.184325E+03     0.184104E+03     0.184718E+03     0.186464E+03     0.184364E+03     0.180246E+03     0.181891E+03     0.184532E+03     0.184325E+03     0.183638E+03     0.182076E+03     0.181503E+03     0.180109E+03     0.182228E+03     0.183841E+03     0.184532E+03     0.184405E+03     0.180346E+03     0.180206E+03     0.181504E+03     0.183475E+03     0.180619E+03     0.179148E+03     0.179148E+03     0.179148E+03     0.179148E+03     0.179148E+03     0.179148E+03     0.179148E+03     0.179148E+03     0.179148E+03     0.179148E+03     0.179148E+03     0.179148E+03     0.179148E+03     0.179148E+03     0.179148E+03     0.179148E+03     0.179148E+03     0.179148E+03     0.179148E+03     0.100000E+21
 0.234000E+04     0.221701E+03     0.221701E+03     0.228803E+03     0.242001E+03     0.242001E+03     0.242001E+03     0.242001E+03     0.242001E+03     0.242001E+03     0.242001E+03     0.242001E+03     0.206670E+03     0.205821E+03     0.210245E+03     0.207589E+03     0.235053E+03     0.227197E+03     0.227028E+03     0.226766E+03     0.224091E+03     0.218800E+03     0.217650E+03     0.215570E+03     0.215381E+03     0.216744E+03     0.219197E+03     0.218992E+03     0.216576E+03     0.216096E+03     0.215512E+03     0.214853E+03     0.214213E+03     0.217094E+03     0.219720E+03     0.212084E+03     0.213352E+03     0.238923E+03     0.237438E+03     0.238907E+03     0.236108E+03     0.235756E+03     0.209865E+03     0.209708E+03     0.209428E+03     0.209284E+03     0.208991E+03     0.208773E+03     0.209546E+03     0.209739E+03     0.208322E+03     0.209448E+03     0.209305E+03     0.209184E+03     0.206132E+03     0.205980E+03     0.206055E+03     0.206744E+03     0.206514E+03     0.206369E+03     0.205313E+03     0.189044E+03     0.187753E+03     0.190434E+03     0.192645E+03     0.192461E+03     0.191587E+03     0.188194E+03     0.187535E+03     0.186857E+03     0.185157E+03     0.186654E+03     0.187840E+03     0.188194E+03     0.185883E+03     0.186157E+03     0.188705E+03     0.189244E+03     0.187550E+03     0.187143E+03     0.187370E+03     0.182709E+03     0.183306E+03     0.184549E+03     0.183621E+03     0.184325E+03     0.184104E+03     0.183965E+03     0.186464E+03     0.185767E+03     0.182285E+03     0.180701E+03     0.181591E+03     0.184325E+03     0.184168E+03     0.182076E+03     0.181921E+03     0.180109E+03     0.179877E+03     0.183035E+03     0.184532E+03     0.184394E+03     0.180353E+03     0.180206E+03     0.180072E+03     0.183665E+03     0.180619E+03     0.179148E+03     0.179148E+03     0.179148E+03     0.179148E+03     0.179148E+03     0.179148E+03     0.179148E+03     0.179148E+03     0.179148E+03     0.179148E+03     0.179148E+03     0.179148E+03     0.179148E+03     0.179148E+03     0.179148E+03     0.179148E+03     0.179148E+03     0.179148E+03     0.179148E+03     0.100000E+21
 0.236000E+04     0.219559E+03     0.221133E+03     0.226869E+03     0.242001E+03     0.242001E+03     0.242001E+03     0.242001E+03     0.242001E+03     0.242001E+03     0.238713E+03     0.219547E+03     0.206670E+03     0.205788E+03     0.210245E+03     0.207211E+03     0.235053E+03     0.227207E+03     0.227028E+03     0.226766E+03     0.223820E+03     0.218800E+03     0.217540E+03     0.215578E+03     0.215381E+03     0.216833E+03     0.219227E+03     0.218992E+03     0.216611E+03     0.216096E+03     0.215512E+03     0.214909E+03     0.214213E+03     0.215622E+03     0.219720E+03     0.212084E+03     0.212474E+03     0.238923E+03     0.237226E+03     0.238907E+03     0.236124E+03     0.235756E+03     0.226031E+03     0.212273E+03     0.209428E+03     0.209273E+03     0.208991E+03     0.208773E+03     0.209607E+03     0.209739E+03     0.208135E+03     0.208591E+03     0.209305E+03     0.209178E+03     0.206148E+03     0.205980E+03     0.205828E+03     0.205922E+03     0.206514E+03     0.206360E+03     0.205313E+03     0.189068E+03     0.187230E+03     0.190362E+03     0.192645E+03     0.192461E+03     0.192294E+03     0.188194E+03     0.187916E+03     0.187775E+03     0.185157E+03     0.185563E+03     0.187147E+03     0.188711E+03     0.185653E+03     0.186157E+03     0.188855E+03     0.189775E+03     0.189260E+03     0.187769E+03     0.188824E+03     0.183316E+03     0.182831E+03     0.183704E+03     0.183665E+03     0.182702E+03     0.184104E+03     0.183958E+03     0.186464E+03     0.186272E+03     0.183206E+03     0.179923E+03     0.179766E+03     0.184325E+03     0.184151E+03     0.182076E+03     0.181907E+03     0.180958E+03     0.179877E+03     0.183263E+03     0.184532E+03     0.184374E+03     0.181907E+03     0.180206E+03     0.180067E+03     0.181230E+03     0.180619E+03     0.179148E+03     0.179148E+03     0.179148E+03     0.179148E+03     0.179148E+03     0.179148E+03     0.179148E+03     0.179148E+03     0.179148E+03     0.179148E+03     0.179148E+03     0.179148E+03     0.179148E+03     0.179148E+03     0.179148E+03     0.179148E+03     0.179148E+03     0.179148E+03     0.179148E+03     0.100000E+21
 0.238000E+04     0.218812E+03     0.218812E+03     0.221701E+03     0.221701E+03     0.242001E+03     0.242001E+03     0.242001E+03     0.242001E+03     0.242001E+03     0.236026E+03     0.206670E+03     0.206670E+03     0.205798E+03     0.210245E+03     0.207155E+03     0.235053E+03     0.227205E+03     0.227028E+03     0.226766E+03     0.223823E+03     0.218800E+03     0.217540E+03     0.215575E+03     0.215381E+03     0.216815E+03     0.219233E+03     0.218992E+03     0.216605E+03     0.216096E+03     0.215512E+03     0.214905E+03     0.214213E+03     0.215610E+03     0.219720E+03     0.212084E+03     0.211864E+03     0.238923E+03     0.237192E+03     0.238907E+03     0.237326E+03     0.235756E+03     0.235160E+03     0.214486E+03     0.209428E+03     0.209274E+03     0.208991E+03     0.208773E+03     0.209598E+03     0.209739E+03     0.207351E+03     0.208067E+03     0.209305E+03     0.209180E+03     0.206149E+03     0.205980E+03     0.205681E+03     0.205510E+03     0.206514E+03     0.206361E+03     0.205313E+03     0.189096E+03     0.187230E+03     0.188608E+03     0.188488E+03     0.192461E+03     0.192292E+03     0.192064E+03     0.187914E+03     0.187775E+03     0.187550E+03     0.185599E+03     0.187147E+03     0.186981E+03     0.187921E+03     0.186157E+03     0.188819E+03     0.190039E+03     0.189876E+03     0.187284E+03     0.187147E+03     0.183786E+03     0.182409E+03     0.182254E+03     0.185429E+03     0.181786E+03     0.184104E+03     0.183960E+03     0.183662E+03     0.185915E+03     0.183206E+03     0.179921E+03     0.179766E+03     0.184325E+03     0.184151E+03     0.183868E+03     0.182420E+03     0.181607E+03     0.179877E+03     0.179707E+03     0.184532E+03     0.184369E+03     0.182796E+03     0.180206E+03     0.180069E+03     0.179970E+03     0.180619E+03     0.179148E+03     0.179148E+03     0.179148E+03     0.179148E+03     0.179148E+03     0.179148E+03     0.179148E+03     0.179148E+03     0.179148E+03     0.179148E+03     0.179148E+03     0.179148E+03     0.179148E+03     0.179148E+03     0.179148E+03     0.179148E+03     0.179148E+03     0.179148E+03     0.179148E+03     0.100000E+21
 0.240000E+04     0.223697E+03     0.220521E+03     0.220604E+03     0.221701E+03     0.242001E+03     0.242001E+03     0.242001E+03     0.242001E+03     0.242001E+03     0.234073E+03     0.206670E+03     0.206670E+03     0.205791E+03     0.210245E+03     0.207417E+03     0.235053E+03     0.227205E+03     0.227028E+03     0.226766E+03     0.223921E+03     0.218800E+03     0.217580E+03     0.215577E+03     0.215381E+03     0.216817E+03     0.218416E+03     0.218992E+03     0.216604E+03     0.216096E+03     0.215512E+03     0.214892E+03     0.214213E+03     0.215790E+03     0.219720E+03     0.212084E+03     0.211863E+03     0.225762E+03     0.237083E+03     0.237571E+03     0.237339E+03     0.235756E+03     0.235160E+03     0.215624E+03     0.209428E+03     0.209275E+03     0.208991E+03     0.208773E+03     0.209591E+03     0.209739E+03     0.207541E+03     0.208061E+03     0.209305E+03     0.209179E+03     0.206142E+03     0.205980E+03     0.205677E+03     0.205510E+03     0.206514E+03     0.206361E+03     0.205313E+03     0.188953E+03     0.187230E+03     0.188609E+03     0.188488E+03     0.192461E+03     0.192305E+03     0.192064E+03     0.187914E+03     0.187775E+03     0.187550E+03     0.185645E+03     0.185854E+03     0.186629E+03     0.187731E+03     0.185601E+03     0.187187E+03     0.190026E+03     0.189876E+03     0.187282E+03     0.187147E+03     0.186251E+03     0.182407E+03     0.182254E+03     0.185443E+03     0.182738E+03     0.184104E+03     0.183959E+03     0.183662E+03     0.185715E+03     0.183206E+03     0.180895E+03     0.179766E+03     0.181812E+03     0.183565E+03     0.183868E+03     0.182449E+03     0.181607E+03     0.179877E+03     0.179708E+03     0.184532E+03     0.184385E+03     0.183419E+03     0.182159E+03     0.180822E+03     0.179991E+03     0.180619E+03     0.179148E+03     0.179148E+03     0.179148E+03     0.179148E+03     0.179148E+03     0.179148E+03     0.179148E+03     0.179148E+03     0.179148E+03     0.179148E+03     0.179148E+03     0.179148E+03     0.179148E+03     0.179148E+03     0.179148E+03     0.179148E+03     0.179148E+03     0.179148E+03     0.179148E+03     0.100000E+21
 0.242000E+04     0.227951E+03     0.225025E+03     0.219390E+03     0.220413E+03     0.242001E+03     0.242001E+03     0.242001E+03     0.242001E+03     0.242001E+03     0.230581E+03     0.206670E+03     0.206670E+03     0.205841E+03     0.208650E+03     0.207243E+03     0.235053E+03     0.227191E+03     0.227028E+03     0.226766E+03     0.224256E+03     0.218800E+03     0.217719E+03     0.215566E+03     0.215381E+03     0.216690E+03     0.217912E+03     0.218992E+03     0.216555E+03     0.216096E+03     0.215512E+03     0.214818E+03     0.214213E+03     0.216084E+03     0.219720E+03     0.215494E+03     0.213324E+03     0.213845E+03     0.236764E+03     0.236356E+03     0.237235E+03     0.235756E+03     0.235160E+03     0.218066E+03     0.209428E+03     0.209291E+03     0.208991E+03     0.208773E+03     0.209118E+03     0.209739E+03     0.207826E+03     0.208162E+03     0.209305E+03     0.209187E+03     0.206845E+03     0.205980E+03     0.205658E+03     0.205510E+03     0.206514E+03     0.206375E+03     0.205644E+03     0.193653E+03     0.188123E+03     0.188177E+03     0.188488E+03     0.192461E+03     0.192325E+03     0.192064E+03     0.187902E+03     0.187775E+03     0.187550E+03     0.185861E+03     0.184728E+03     0.186092E+03     0.186765E+03     0.185116E+03     0.185612E+03     0.190007E+03     0.189876E+03     0.187269E+03     0.187147E+03     0.188614E+03     0.182392E+03     0.182254E+03     0.184580E+03     0.183605E+03     0.182916E+03     0.183452E+03     0.183662E+03     0.184608E+03     0.183206E+03     0.181650E+03     0.179766E+03     0.179533E+03     0.182562E+03     0.183868E+03     0.183104E+03     0.181607E+03     0.180542E+03     0.179998E+03     0.184532E+03     0.184405E+03     0.184011E+03     0.183868E+03     0.181683E+03     0.180062E+03     0.180619E+03     0.179148E+03     0.179148E+03     0.179148E+03     0.179148E+03     0.179148E+03     0.179148E+03     0.179148E+03     0.179148E+03     0.179148E+03     0.179148E+03     0.179148E+03     0.179148E+03     0.179148E+03     0.179148E+03     0.179148E+03     0.179148E+03     0.179148E+03     0.179148E+03     0.179148E+03     0.100000E+21
 0.244000E+04     0.227951E+03     0.227951E+03     0.222375E+03     0.218812E+03     0.242001E+03     0.242001E+03     0.242001E+03     0.242001E+03     0.242001E+03     0.230945E+03     0.206670E+03     0.206670E+03     0.205836E+03     0.206670E+03     0.206670E+03     0.235053E+03     0.227192E+03     0.227028E+03     0.226766E+03     0.224222E+03     0.218800E+03     0.217705E+03     0.215567E+03     0.215381E+03     0.216702E+03     0.217893E+03     0.218992E+03     0.216560E+03     0.216096E+03     0.215512E+03     0.214825E+03     0.214213E+03     0.215790E+03     0.219720E+03     0.219409E+03     0.214885E+03     0.213845E+03     0.237397E+03     0.236356E+03     0.237244E+03     0.235756E+03     0.235160E+03     0.217814E+03     0.209428E+03     0.209290E+03     0.208991E+03     0.208773E+03     0.208627E+03     0.209739E+03     0.208920E+03     0.208153E+03     0.209305E+03     0.209186E+03     0.207800E+03     0.205980E+03     0.205660E+03     0.205510E+03     0.205820E+03     0.206116E+03     0.206056E+03     0.200217E+03     0.189231E+03     0.187670E+03     0.188488E+03     0.192461E+03     0.192323E+03     0.192064E+03     0.189324E+03     0.187775E+03     0.187550E+03     0.186804E+03     0.184728E+03     0.186112E+03     0.186906E+03     0.187375E+03     0.186055E+03     0.190009E+03     0.189876E+03     0.188162E+03     0.187147E+03     0.187659E+03     0.182810E+03     0.182254E+03     0.183318E+03     0.185086E+03     0.181551E+03     0.182889E+03     0.183662E+03     0.183496E+03     0.184904E+03     0.182331E+03     0.181448E+03     0.179533E+03     0.180604E+03     0.183868E+03     0.183738E+03     0.181607E+03     0.181372E+03     0.180286E+03     0.181447E+03     0.183335E+03     0.184012E+03     0.183868E+03     0.182880E+03     0.180055E+03     0.180619E+03     0.179148E+03     0.179148E+03     0.179148E+03     0.179148E+03     0.179148E+03     0.179148E+03     0.179148E+03     0.179148E+03     0.179148E+03     0.179148E+03     0.179148E+03     0.179148E+03     0.179148E+03     0.179148E+03     0.179148E+03     0.179148E+03     0.179148E+03     0.179148E+03     0.179148E+03     0.100000E+21
 0.246000E+04     0.225029E+03     0.226954E+03     0.226646E+03     0.223849E+03     0.242001E+03     0.242001E+03     0.242001E+03     0.242001E+03     0.242001E+03     0.234123E+03     0.206670E+03     0.206670E+03     0.205791E+03     0.206670E+03     0.206670E+03     0.235053E+03     0.227205E+03     0.227028E+03     0.226766E+03     0.223917E+03     0.218800E+03     0.217579E+03     0.215577E+03     0.215381E+03     0.216818E+03     0.217742E+03     0.218992E+03     0.216604E+03     0.216096E+03     0.215512E+03     0.214892E+03     0.214213E+03     0.215302E+03     0.219720E+03     0.219409E+03     0.214557E+03     0.213845E+03     0.237955E+03     0.236356E+03     0.237339E+03     0.235756E+03     0.235160E+03     0.215593E+03     0.209428E+03     0.209275E+03     0.208991E+03     0.208773E+03     0.208612E+03     0.209739E+03     0.209584E+03     0.207676E+03     0.208122E+03     0.208754E+03     0.208021E+03     0.205980E+03     0.205677E+03     0.205510E+03     0.205282E+03     0.205951E+03     0.206056E+03     0.201676E+03     0.189231E+03     0.187633E+03     0.188488E+03     0.190228E+03     0.191852E+03     0.192064E+03     0.190504E+03     0.187775E+03     0.187550E+03     0.187398E+03     0.184728E+03     0.185334E+03     0.187547E+03     0.188866E+03     0.186291E+03     0.188299E+03     0.189876E+03     0.188907E+03     0.187147E+03     0.186923E+03     0.184984E+03     0.182254E+03     0.182632E+03     0.184563E+03     0.182496E+03     0.183334E+03     0.183662E+03     0.183474E+03     0.186033E+03     0.182899E+03     0.182750E+03     0.179533E+03     0.179358E+03     0.183868E+03     0.183724E+03     0.181607E+03     0.181372E+03     0.180182E+03     0.179382E+03     0.182889E+03     0.184025E+03     0.183868E+03     0.183746E+03     0.180713E+03     0.180619E+03     0.179148E+03     0.179148E+03     0.179148E+03     0.179148E+03     0.179148E+03     0.179148E+03     0.179148E+03     0.179148E+03     0.179148E+03     0.179148E+03     0.179148E+03     0.179148E+03     0.179148E+03     0.179148E+03     0.179148E+03     0.179148E+03     0.179148E+03     0.179148E+03     0.179148E+03     0.100000E+21
 0.248000E+04     0.222651E+03     0.223468E+03     0.227951E+03     0.227951E+03     0.242001E+03     0.242001E+03     0.242001E+03     0.242001E+03     0.242001E+03     0.237317E+03     0.206670E+03     0.206670E+03     0.205794E+03     0.206670E+03     0.206670E+03     0.235053E+03     0.227206E+03     0.227028E+03     0.226766E+03     0.223754E+03     0.218800E+03     0.217513E+03     0.215576E+03     0.215381E+03     0.216829E+03     0.217528E+03     0.218992E+03     0.216691E+03     0.216463E+03     0.215690E+03     0.215026E+03     0.214784E+03     0.214974E+03     0.219720E+03     0.219409E+03     0.214556E+03     0.213845E+03     0.238257E+03     0.236356E+03     0.237336E+03     0.235756E+03     0.235160E+03     0.213759E+03     0.209428E+03     0.209272E+03     0.208991E+03     0.208773E+03     0.208608E+03     0.209739E+03     0.209563E+03     0.206816E+03     0.207156E+03     0.208343E+03     0.208173E+03     0.205980E+03     0.205684E+03     0.205510E+03     0.205282E+03     0.205957E+03     0.206056E+03     0.204064E+03     0.189231E+03     0.188002E+03     0.187315E+03     0.188278E+03     0.191852E+03     0.192064E+03     0.190528E+03     0.187775E+03     0.187550E+03     0.187391E+03     0.184728E+03     0.184548E+03     0.186960E+03     0.186659E+03     0.185760E+03     0.186542E+03     0.189876E+03     0.188946E+03     0.187147E+03     0.186923E+03     0.186643E+03     0.182254E+03     0.182218E+03     0.183247E+03     0.185081E+03     0.183137E+03     0.183662E+03     0.183438E+03     0.183755E+03     0.182899E+03     0.182750E+03     0.179533E+03     0.179345E+03     0.183868E+03     0.183718E+03     0.182869E+03     0.181372E+03     0.180997E+03     0.179382E+03     0.179548E+03     0.184026E+03     0.183868E+03     0.183746E+03     0.182491E+03     0.180619E+03     0.179148E+03     0.179148E+03     0.179148E+03     0.179148E+03     0.179148E+03     0.179148E+03     0.179148E+03     0.179148E+03     0.179148E+03     0.179148E+03     0.179148E+03     0.179148E+03     0.179148E+03     0.179148E+03     0.179148E+03     0.179148E+03     0.179148E+03     0.179148E+03     0.179148E+03     0.100000E+21
 0.250000E+04     0.222651E+03     0.222651E+03     0.224122E+03     0.227951E+03     0.242001E+03     0.242001E+03     0.242001E+03     0.242001E+03     0.242001E+03     0.234681E+03     0.206670E+03     0.205194E+03     0.205194E+03     0.206670E+03     0.206670E+03     0.235053E+03     0.227206E+03     0.227028E+03     0.226766E+03     0.223880E+03     0.218800E+03     0.217564E+03     0.215577E+03     0.215381E+03     0.215160E+03     0.217707E+03     0.218992E+03     0.217996E+03     0.216512E+03     0.215769E+03     0.215086E+03     0.214852E+03     0.215233E+03     0.219720E+03     0.219409E+03     0.214544E+03     0.211383E+03     0.237994E+03     0.236356E+03     0.236539E+03     0.237772E+03     0.235160E+03     0.234681E+03     0.209428E+03     0.209274E+03     0.208991E+03     0.208773E+03     0.208610E+03     0.208312E+03     0.209189E+03     0.206669E+03     0.207156E+03     0.208348E+03     0.208802E+03     0.208637E+03     0.205679E+03     0.205510E+03     0.205282E+03     0.205120E+03     0.206056E+03     0.205621E+03     0.204831E+03     0.188081E+03     0.186798E+03     0.188278E+03     0.191478E+03     0.192064E+03     0.191801E+03     0.191668E+03     0.187550E+03     0.187396E+03     0.184728E+03     0.184558E+03     0.186633E+03     0.186505E+03     0.187905E+03     0.186096E+03     0.189876E+03     0.189608E+03     0.189469E+03     0.186923E+03     0.185710E+03     0.183344E+03     0.181969E+03     0.181786E+03     0.185851E+03     0.183071E+03     0.183662E+03     0.183469E+03     0.183206E+03     0.184690E+03     0.182750E+03     0.182515E+03     0.180049E+03     0.179148E+03     0.182342E+03     0.183426E+03     0.181372E+03     0.181212E+03     0.179382E+03     0.179213E+03     0.184026E+03     0.183868E+03     0.183745E+03     0.182620E+03     0.180619E+03     0.179148E+03     0.179148E+03     0.179148E+03     0.179148E+03     0.179148E+03     0.179148E+03     0.179148E+03     0.179148E+03     0.179148E+03     0.179148E+03     0.179148E+03     0.179148E+03     0.179148E+03     0.179148E+03     0.179148E+03     0.179148E+03     0.179148E+03     0.179148E+03     0.179148E+03     0.100000E+21
 0.252000E+04     0.225364E+03     0.226432E+03     0.223719E+03     0.226096E+03     0.242001E+03     0.242001E+03     0.242001E+03     0.242001E+03     0.242001E+03     0.231545E+03     0.206670E+03     0.205194E+03     0.205194E+03     0.206670E+03     0.206670E+03     0.235053E+03     0.227194E+03     0.227028E+03     0.226766E+03     0.224167E+03     0.218800E+03     0.217682E+03     0.215568E+03     0.215381E+03     0.215176E+03     0.217862E+03     0.218992E+03     0.217880E+03     0.216512E+03     0.215769E+03     0.215065E+03     0.214852E+03     0.214914E+03     0.217755E+03     0.219409E+03     0.216468E+03     0.211383E+03     0.232218E+03     0.236356E+03     0.236604E+03     0.237772E+03     0.235160E+03     0.234733E+03     0.209428E+03     0.209287E+03     0.208991E+03     0.208773E+03     0.208624E+03     0.208312E+03     0.209089E+03     0.206701E+03     0.207156E+03     0.208286E+03     0.208785E+03     0.208637E+03     0.205663E+03     0.205510E+03     0.205282E+03     0.205132E+03     0.206056E+03     0.205531E+03     0.204831E+03     0.188033E+03     0.186798E+03     0.188278E+03     0.190173E+03     0.192064E+03     0.191791E+03     0.191668E+03     0.187550E+03     0.187411E+03     0.184728E+03     0.184575E+03     0.186091E+03     0.186505E+03     0.187812E+03     0.185859E+03     0.188345E+03     0.189596E+03     0.189469E+03     0.186923E+03     0.186280E+03     0.185041E+03     0.181949E+03     0.181786E+03     0.184699E+03     0.183113E+03     0.183662E+03     0.183492E+03     0.183206E+03     0.183947E+03     0.182750E+03     0.182515E+03     0.180306E+03     0.179148E+03     0.182056E+03     0.183426E+03     0.182013E+03     0.181523E+03     0.179382E+03     0.179233E+03     0.184014E+03     0.183868E+03     0.183751E+03     0.182429E+03     0.180619E+03     0.179148E+03     0.179148E+03     0.179148E+03     0.179148E+03     0.179148E+03     0.179148E+03     0.179148E+03     0.179148E+03     0.179148E+03     0.179148E+03     0.179148E+03     0.179148E+03     0.179148E+03     0.179148E+03     0.179148E+03     0.179148E+03     0.179148E+03     0.179148E+03     0.179148E+03     0.100000E+21
 0.254000E+04     0.230413E+03     0.231314E+03     0.226062E+03     0.222651E+03     0.242001E+03     0.242001E+03     0.242001E+03     0.242001E+03     0.242001E+03     0.230439E+03     0.206670E+03     0.205194E+03     0.205194E+03     0.206670E+03     0.206670E+03     0.235053E+03     0.227190E+03     0.227028E+03     0.226766E+03     0.224269E+03     0.218800E+03     0.217725E+03     0.216262E+03     0.215381E+03     0.215181E+03     0.217919E+03     0.218992E+03     0.217841E+03     0.216512E+03     0.215769E+03     0.215057E+03     0.214852E+03     0.213978E+03     0.214182E+03     0.219409E+03     0.219228E+03     0.211383E+03     0.220839E+03     0.237082E+03     0.236625E+03     0.237772E+03     0.235160E+03     0.234751E+03     0.209428E+03     0.209292E+03     0.208991E+03     0.208773E+03     0.208629E+03     0.208312E+03     0.209052E+03     0.207578E+03     0.207156E+03     0.207638E+03     0.208779E+03     0.208637E+03     0.205657E+03     0.205510E+03     0.205282E+03     0.205136E+03     0.206056E+03     0.205621E+03     0.205214E+03     0.192799E+03     0.187821E+03     0.188278E+03     0.188135E+03     0.192064E+03     0.191788E+03     0.191668E+03     0.187550E+03     0.187416E+03     0.184728E+03     0.184582E+03     0.185236E+03     0.186505E+03     0.187068E+03     0.184999E+03     0.185519E+03     0.189592E+03     0.189469E+03     0.186923E+03     0.187272E+03     0.188194E+03     0.182316E+03     0.181786E+03     0.183027E+03     0.183106E+03     0.182354E+03     0.183097E+03     0.183206E+03     0.183482E+03     0.184182E+03     0.182515E+03     0.181401E+03     0.179148E+03     0.180529E+03     0.183426E+03     0.183206E+03     0.181936E+03     0.180155E+03     0.179541E+03     0.182492E+03     0.183868E+03     0.183753E+03     0.182359E+03     0.180619E+03     0.179148E+03     0.179148E+03     0.179148E+03     0.179148E+03     0.179148E+03     0.179148E+03     0.179148E+03     0.179148E+03     0.179148E+03     0.179148E+03     0.179148E+03     0.179148E+03     0.179148E+03     0.179148E+03     0.179148E+03     0.179148E+03     0.179148E+03     0.179148E+03     0.179148E+03     0.100000E+21
 0.256000E+04     0.228776E+03     0.229810E+03     0.231293E+03     0.233545E+03     0.228086E+03     0.242001E+03     0.242001E+03     0.242001E+03     0.242001E+03     0.234534E+03     0.206670E+03     0.205194E+03     0.205194E+03     0.206670E+03     0.206670E+03     0.235053E+03     0.227206E+03     0.227028E+03     0.226766E+03     0.223890E+03     0.218800E+03     0.217568E+03     0.217039E+03     0.215381E+03     0.215160E+03     0.217717E+03     0.218992E+03     0.217994E+03     0.216512E+03     0.215769E+03     0.215085E+03     0.214852E+03     0.213945E+03     0.214182E+03     0.219409E+03     0.219213E+03     0.211383E+03     0.218073E+03     0.237788E+03     0.236540E+03     0.237772E+03     0.235160E+03     0.234683E+03     0.209428E+03     0.209274E+03     0.208991E+03     0.208773E+03     0.208611E+03     0.208312E+03     0.209184E+03     0.208201E+03     0.206179E+03     0.206638E+03     0.208801E+03     0.208637E+03     0.207658E+03     0.205510E+03     0.205282E+03     0.205121E+03     0.204787E+03     0.205769E+03     0.205586E+03     0.197927E+03     0.188824E+03     0.186574E+03     0.187767E+03     0.192064E+03     0.191801E+03     0.191668E+03     0.191484E+03     0.188439E+03     0.184728E+03     0.184559E+03     0.185143E+03     0.186505E+03     0.186360E+03     0.184907E+03     0.185519E+03     0.189607E+03     0.189469E+03     0.189273E+03     0.186651E+03     0.186505E+03     0.186603E+03     0.181786E+03     0.181551E+03     0.184067E+03     0.181083E+03     0.182986E+03     0.183206E+03     0.182899E+03     0.182750E+03     0.182515E+03     0.182347E+03     0.179148E+03     0.179148E+03     0.183426E+03     0.183206E+03     0.183055E+03     0.180906E+03     0.179635E+03     0.180715E+03     0.183868E+03     0.183745E+03     0.182614E+03     0.180619E+03     0.179148E+03     0.179148E+03     0.179148E+03     0.179148E+03     0.179148E+03     0.179148E+03     0.179148E+03     0.179148E+03     0.179148E+03     0.179148E+03     0.179148E+03     0.179148E+03     0.179148E+03     0.179148E+03     0.179148E+03     0.179148E+03     0.179148E+03     0.179148E+03     0.179148E+03     0.100000E+21
 0.258000E+04     0.228776E+03     0.229064E+03     0.230752E+03     0.231053E+03     0.234288E+03     0.242001E+03     0.242001E+03     0.242001E+03     0.242001E+03     0.234496E+03     0.206670E+03     0.205194E+03     0.205194E+03     0.206670E+03     0.206670E+03     0.235053E+03     0.227202E+03     0.227028E+03     0.226766E+03     0.223925E+03     0.218800E+03     0.217581E+03     0.217009E+03     0.215381E+03     0.215165E+03     0.217700E+03     0.218992E+03     0.217962E+03     0.216512E+03     0.215769E+03     0.215215E+03     0.214852E+03     0.213947E+03     0.214182E+03     0.219409E+03     0.219217E+03     0.211383E+03     0.217980E+03     0.237788E+03     0.235928E+03     0.236068E+03     0.236673E+03     0.234950E+03     0.228583E+03     0.213844E+03     0.208991E+03     0.208773E+03     0.208614E+03     0.208312E+03     0.208337E+03     0.208156E+03     0.206179E+03     0.206629E+03     0.208801E+03     0.208637E+03     0.207625E+03     0.205510E+03     0.205282E+03     0.205124E+03     0.204787E+03     0.205769E+03     0.205586E+03     0.197784E+03     0.188824E+03     0.186574E+03     0.187769E+03     0.188839E+03     0.191798E+03     0.191668E+03     0.191484E+03     0.188486E+03     0.184728E+03     0.184559E+03     0.184569E+03     0.184563E+03     0.185823E+03     0.186980E+03     0.184672E+03     0.187306E+03     0.189469E+03     0.189273E+03     0.186648E+03     0.186505E+03     0.186723E+03     0.182611E+03     0.181551E+03     0.182809E+03     0.182468E+03     0.181401E+03     0.183206E+03     0.182896E+03     0.182750E+03     0.184669E+03     0.182751E+03     0.179148E+03     0.179148E+03     0.183426E+03     0.183206E+03     0.183058E+03     0.180906E+03     0.180548E+03     0.179799E+03     0.180133E+03     0.182526E+03     0.182592E+03     0.180619E+03     0.179148E+03     0.179148E+03     0.179148E+03     0.179148E+03     0.179148E+03     0.179148E+03     0.179148E+03     0.179148E+03     0.179148E+03     0.179148E+03     0.179148E+03     0.179148E+03     0.179148E+03     0.179148E+03     0.179148E+03     0.179148E+03     0.179148E+03     0.179148E+03     0.179148E+03     0.100000E+21
 0.260000E+04     0.227951E+03     0.228476E+03     0.229154E+03     0.230413E+03     0.233445E+03     0.242001E+03     0.242001E+03     0.242001E+03     0.242001E+03     0.236908E+03     0.206670E+03     0.205194E+03     0.205194E+03     0.206670E+03     0.206670E+03     0.206670E+03     0.232304E+03     0.227028E+03     0.226766E+03     0.223764E+03     0.218800E+03     0.217519E+03     0.217044E+03     0.215381E+03     0.215157E+03     0.217565E+03     0.218992E+03     0.218017E+03     0.216512E+03     0.215769E+03     0.215273E+03     0.214852E+03     0.213806E+03     0.213532E+03     0.219409E+03     0.219211E+03     0.211383E+03     0.211203E+03     0.213149E+03     0.235541E+03     0.235173E+03     0.237182E+03     0.234992E+03     0.233942E+03     0.216232E+03     0.208991E+03     0.208773E+03     0.208607E+03     0.208312E+03     0.208140E+03     0.208218E+03     0.206179E+03     0.206640E+03     0.208810E+03     0.208637E+03     0.207731E+03     0.205510E+03     0.205282E+03     0.205119E+03     0.204787E+03     0.205788E+03     0.205586E+03     0.204933E+03     0.204350E+03     0.188614E+03     0.188133E+03     0.187857E+03     0.191802E+03     0.191668E+03     0.191484E+03     0.188334E+03     0.187147E+03     0.185148E+03     0.184199E+03     0.184063E+03     0.185518E+03     0.185729E+03     0.184450E+03     0.186466E+03     0.189469E+03     0.189273E+03     0.186654E+03     0.186505E+03     0.187121E+03     0.182888E+03     0.181551E+03     0.182326E+03     0.185421E+03     0.181215E+03     0.183206E+03     0.182900E+03     0.182750E+03     0.185379E+03     0.185200E+03     0.182076E+03     0.179949E+03     0.179148E+03     0.183206E+03     0.183052E+03     0.180906E+03     0.180717E+03     0.179148E+03     0.179148E+03     0.181840E+03     0.182693E+03     0.180619E+03     0.179148E+03     0.179148E+03     0.179148E+03     0.179148E+03     0.179148E+03     0.179148E+03     0.179148E+03     0.179148E+03     0.179148E+03     0.179148E+03     0.179148E+03     0.179148E+03     0.179148E+03     0.179148E+03     0.179148E+03     0.179148E+03     0.179148E+03     0.179148E+03     0.179148E+03     0.100000E+21
 0.262000E+04     0.227951E+03     0.228457E+03     0.229274E+03     0.230413E+03     0.233971E+03     0.242001E+03     0.242001E+03     0.242001E+03     0.242001E+03     0.233567E+03     0.206670E+03     0.205194E+03     0.205194E+03     0.206670E+03     0.206670E+03     0.206670E+03     0.232089E+03     0.227028E+03     0.226766E+03     0.223994E+03     0.218800E+03     0.217610E+03     0.217000E+03     0.215381E+03     0.215167E+03     0.217755E+03     0.218992E+03     0.217942E+03     0.216512E+03     0.215769E+03     0.215246E+03     0.214852E+03     0.213783E+03     0.213532E+03     0.219409E+03     0.219219E+03     0.211383E+03     0.211489E+03     0.213149E+03     0.235529E+03     0.235173E+03     0.237182E+03     0.235206E+03     0.233942E+03     0.217223E+03     0.208991E+03     0.208773E+03     0.208617E+03     0.208312E+03     0.208160E+03     0.208136E+03     0.206179E+03     0.206625E+03     0.208796E+03     0.208637E+03     0.207579E+03     0.205510E+03     0.205282E+03     0.205126E+03     0.204787E+03     0.205763E+03     0.205586E+03     0.204920E+03     0.204350E+03     0.188614E+03     0.188193E+03     0.187857E+03     0.191796E+03     0.191668E+03     0.191484E+03     0.188550E+03     0.187147E+03     0.185311E+03     0.184195E+03     0.184063E+03     0.185459E+03     0.185586E+03     0.184450E+03     0.186632E+03     0.189469E+03     0.189273E+03     0.186646E+03     0.186505E+03     0.186708E+03     0.182888E+03     0.181551E+03     0.182302E+03     0.185421E+03     0.181834E+03     0.183206E+03     0.182894E+03     0.182750E+03     0.185379E+03     0.185215E+03     0.182076E+03     0.180082E+03     0.179148E+03     0.183206E+03     0.183060E+03     0.180906E+03     0.180742E+03     0.179148E+03     0.179148E+03     0.181769E+03     0.182545E+03     0.180619E+03     0.179148E+03     0.179148E+03     0.179148E+03     0.179148E+03     0.179148E+03     0.179148E+03     0.179148E+03     0.179148E+03     0.179148E+03     0.179148E+03     0.179148E+03     0.179148E+03     0.179148E+03     0.179148E+03     0.179148E+03     0.179148E+03     0.179148E+03     0.179148E+03     0.179148E+03     0.100000E+21
 0.264000E+04     0.225371E+03     0.226761E+03     0.228118E+03     0.228435E+03     0.234140E+03     0.242001E+03     0.242001E+03     0.242001E+03     0.242001E+03     0.230809E+03     0.206670E+03     0.205194E+03     0.205194E+03     0.206670E+03     0.206670E+03     0.206670E+03     0.231840E+03     0.227028E+03     0.226766E+03     0.226593E+03     0.220382E+03     0.219267E+03     0.216149E+03     0.215381E+03     0.215179E+03     0.217900E+03     0.218992E+03     0.217854E+03     0.216512E+03     0.216185E+03     0.215216E+03     0.214852E+03     0.213759E+03     0.213532E+03     0.213841E+03     0.216932E+03     0.214450E+03     0.211669E+03     0.213149E+03     0.236344E+03     0.235173E+03     0.236096E+03     0.235546E+03     0.233942E+03     0.224583E+03     0.208991E+03     0.208773E+03     0.208627E+03     0.208312E+03     0.208176E+03     0.209201E+03     0.209071E+03     0.207276E+03     0.207420E+03     0.208637E+03     0.208351E+03     0.208201E+03     0.205282E+03     0.205135E+03     0.204787E+03     0.205405E+03     0.205586E+03     0.205062E+03     0.204690E+03     0.195032E+03     0.190617E+03     0.187857E+03     0.190716E+03     0.191668E+03     0.191484E+03     0.189822E+03     0.187147E+03     0.187007E+03     0.184190E+03     0.184063E+03     0.184774E+03     0.185704E+03     0.185030E+03     0.186065E+03     0.187651E+03     0.189273E+03     0.188115E+03     0.186505E+03     0.186629E+03     0.184911E+03     0.182041E+03     0.181639E+03     0.184241E+03     0.183114E+03     0.182135E+03     0.182888E+03     0.182750E+03     0.182515E+03     0.184281E+03     0.183254E+03     0.180727E+03     0.179148E+03     0.181534E+03     0.182352E+03     0.182750E+03     0.181462E+03     0.179935E+03     0.179148E+03     0.179148E+03     0.182383E+03     0.180619E+03     0.179148E+03     0.179148E+03     0.179148E+03     0.179148E+03     0.179148E+03     0.179148E+03     0.179148E+03     0.179148E+03     0.179148E+03     0.179148E+03     0.179148E+03     0.179148E+03     0.179148E+03     0.179148E+03     0.179148E+03     0.179148E+03     0.179148E+03     0.179148E+03     0.179148E+03     0.100000E+21
 0.266000E+04     0.221701E+03     0.221701E+03     0.227951E+03     0.227951E+03     0.231643E+03     0.242001E+03     0.242001E+03     0.242001E+03     0.242001E+03     0.236694E+03     0.206670E+03     0.205194E+03     0.205194E+03     0.210245E+03     0.207054E+03     0.206670E+03     0.232302E+03     0.227028E+03     0.226766E+03     0.226561E+03     0.222640E+03     0.219582E+03     0.216195E+03     0.215381E+03     0.215157E+03     0.217579E+03     0.218992E+03     0.218016E+03     0.216512E+03     0.216185E+03     0.215338E+03     0.215093E+03     0.214318E+03     0.213532E+03     0.213192E+03     0.216957E+03     0.218800E+03     0.211233E+03     0.213149E+03     0.236429E+03     0.235173E+03     0.234558E+03     0.236248E+03     0.233942E+03     0.233497E+03     0.208991E+03     0.208773E+03     0.208608E+03     0.208312E+03     0.208141E+03     0.208288E+03     0.209071E+03     0.207148E+03     0.207182E+03     0.208637E+03     0.208376E+03     0.208201E+03     0.205282E+03     0.205119E+03     0.204787E+03     0.204691E+03     0.205586E+03     0.205256E+03     0.205117E+03     0.204109E+03     0.190405E+03     0.187857E+03     0.188946E+03     0.191668E+03     0.191484E+03     0.191334E+03     0.187147E+03     0.186979E+03     0.185695E+03     0.184063E+03     0.183908E+03     0.186025E+03     0.185851E+03     0.184475E+03     0.185059E+03     0.189273E+03     0.189006E+03     0.188866E+03     0.186541E+03     0.187775E+03     0.182653E+03     0.181837E+03     0.181083E+03     0.184824E+03     0.180616E+03     0.182900E+03     0.182750E+03     0.182515E+03     0.184637E+03     0.184935E+03     0.180738E+03     0.179148E+03     0.179148E+03     0.181818E+03     0.182750E+03     0.182562E+03     0.180019E+03     0.179148E+03     0.179148E+03     0.179535E+03     0.180619E+03     0.179148E+03     0.179148E+03     0.179148E+03     0.179148E+03     0.179148E+03     0.179148E+03     0.179148E+03     0.179148E+03     0.179148E+03     0.179148E+03     0.179148E+03     0.179148E+03     0.179148E+03     0.179148E+03     0.179148E+03     0.179148E+03     0.179148E+03     0.179148E+03     0.179148E+03     0.100000E+21
 0.268000E+04     0.226549E+03     0.223337E+03     0.223782E+03     0.223671E+03     0.232627E+03     0.242001E+03     0.242001E+03     0.242001E+03     0.242001E+03     0.232112E+03     0.206670E+03     0.205194E+03     0.205194E+03     0.210245E+03     0.207620E+03     0.206670E+03     0.233740E+03     0.231916E+03     0.226766E+03     0.226585E+03     0.222640E+03     0.219913E+03     0.216162E+03     0.215381E+03     0.215173E+03     0.217414E+03     0.217576E+03     0.220231E+03     0.224340E+03     0.216185E+03     0.215314E+03     0.215093E+03     0.214219E+03     0.213532E+03     0.213192E+03     0.216745E+03     0.218800E+03     0.211233E+03     0.211478E+03     0.227453E+03     0.236055E+03     0.234558E+03     0.236013E+03     0.235359E+03     0.233944E+03     0.208991E+03     0.208773E+03     0.208622E+03     0.208312E+03     0.208168E+03     0.208337E+03     0.209071E+03     0.208340E+03     0.206473E+03     0.207150E+03     0.208358E+03     0.208201E+03     0.206921E+03     0.205700E+03     0.204787E+03     0.204650E+03     0.204733E+03     0.205252E+03     0.205117E+03     0.204109E+03     0.192680E+03     0.186702E+03     0.188243E+03     0.189091E+03     0.191484E+03     0.191349E+03     0.187147E+03     0.187000E+03     0.186205E+03     0.185738E+03     0.184460E+03     0.185998E+03     0.185851E+03     0.184525E+03     0.185059E+03     0.189273E+03     0.188994E+03     0.188866E+03     0.186713E+03     0.187775E+03     0.182653E+03     0.182289E+03     0.181083E+03     0.182591E+03     0.181872E+03     0.182891E+03     0.182750E+03     0.182515E+03     0.182940E+03     0.184935E+03     0.183670E+03     0.179148E+03     0.179148E+03     0.181609E+03     0.182750E+03     0.182595E+03     0.180183E+03     0.179873E+03     0.179413E+03     0.179653E+03     0.180619E+03     0.179148E+03     0.179148E+03     0.179148E+03     0.179148E+03     0.179148E+03     0.179148E+03     0.179148E+03     0.179148E+03     0.179148E+03     0.179148E+03     0.179148E+03     0.179148E+03     0.179148E+03     0.179148E+03     0.179148E+03     0.179148E+03     0.179148E+03     0.179148E+03     0.179148E+03     0.100000E+21
 0.270000E+04     0.228776E+03     0.228776E+03     0.221701E+03     0.221701E+03     0.231741E+03     0.242001E+03     0.242001E+03     0.242001E+03     0.242001E+03     0.236392E+03     0.206670E+03     0.205194E+03     0.205194E+03     0.210245E+03     0.207097E+03     0.206670E+03     0.216572E+03     0.235053E+03     0.226766E+03     0.226563E+03     0.226221E+03     0.220572E+03     0.217200E+03     0.217859E+03     0.215979E+03     0.215173E+03     0.216910E+03     0.218575E+03     0.218357E+03     0.216185E+03     0.215336E+03     0.215093E+03     0.214311E+03     0.213532E+03     0.213192E+03     0.213387E+03     0.218800E+03     0.217644E+03     0.210672E+03     0.222034E+03     0.236618E+03     0.234558E+03     0.234064E+03     0.236015E+03     0.234106E+03     0.232690E+03     0.208773E+03     0.208609E+03     0.208312E+03     0.208143E+03     0.208295E+03     0.209071E+03     0.208938E+03     0.205903E+03     0.206469E+03     0.208375E+03     0.208201E+03     0.207971E+03     0.206006E+03     0.204787E+03     0.204527E+03     0.204319E+03     0.205256E+03     0.205117E+03     0.204876E+03     0.204019E+03     0.188194E+03     0.187579E+03     0.187439E+03     0.191484E+03     0.191335E+03     0.187147E+03     0.186980E+03     0.186632E+03     0.186505E+03     0.184766E+03     0.184109E+03     0.185851E+03     0.185172E+03     0.184022E+03     0.184853E+03     0.189005E+03     0.188866E+03     0.186244E+03     0.186074E+03     0.187550E+03     0.184406E+03     0.181083E+03     0.182214E+03     0.184991E+03     0.181264E+03     0.182750E+03     0.182515E+03     0.182340E+03     0.184935E+03     0.184786E+03     0.179148E+03     0.179148E+03     0.179148E+03     0.182750E+03     0.182563E+03     0.180361E+03     0.180206E+03     0.179579E+03     0.179544E+03     0.180619E+03     0.179148E+03     0.179148E+03     0.179148E+03     0.179148E+03     0.179148E+03     0.179148E+03     0.179148E+03     0.179148E+03     0.179148E+03     0.179148E+03     0.179148E+03     0.179148E+03     0.179148E+03     0.179148E+03     0.179148E+03     0.179148E+03     0.179148E+03     0.179148E+03     0.179148E+03     0.100000E+21
 0.272000E+04     0.239283E+03     0.231406E+03     0.226013E+03     0.221701E+03     0.228352E+03     0.242001E+03     0.242001E+03     0.242001E+03     0.242001E+03     0.236392E+03     0.206670E+03     0.206097E+03     0.205541E+03     0.210245E+03     0.207097E+03     0.206670E+03     0.216572E+03     0.235053E+03     0.226766E+03     0.226563E+03     0.226221E+03     0.222722E+03     0.217746E+03     0.217859E+03     0.215979E+03     0.215173E+03     0.216910E+03     0.218575E+03     0.218357E+03     0.216185E+03     0.215564E+03     0.215093E+03     0.218048E+03     0.213998E+03     0.213192E+03     0.213387E+03     0.218800E+03     0.217644E+03     0.210672E+03     0.222034E+03     0.236618E+03     0.234558E+03     0.234064E+03     0.236015E+03     0.234106E+03     0.232690E+03     0.208773E+03     0.208609E+03     0.208312E+03     0.208143E+03     0.208011E+03     0.207877E+03     0.208619E+03     0.205903E+03     0.206469E+03     0.207121E+03     0.208201E+03     0.207971E+03     0.206006E+03     0.204787E+03     0.204527E+03     0.204319E+03     0.205256E+03     0.205117E+03     0.204876E+03     0.204019E+03     0.188194E+03     0.186786E+03     0.187439E+03     0.191484E+03     0.191335E+03     0.190465E+03     0.187555E+03     0.186632E+03     0.186505E+03     0.185853E+03     0.184109E+03     0.185851E+03     0.185172E+03     0.184022E+03     0.184853E+03     0.189005E+03     0.188866E+03     0.187843E+03     0.186074E+03     0.187550E+03     0.184406E+03     0.181083E+03     0.181020E+03     0.184991E+03     0.182050E+03     0.182750E+03     0.182515E+03     0.182340E+03     0.184935E+03     0.184786E+03     0.180661E+03     0.179148E+03     0.179148E+03     0.182750E+03     0.182563E+03     0.180361E+03     0.180206E+03     0.179896E+03     0.179544E+03     0.180619E+03     0.179148E+03     0.179148E+03     0.179148E+03     0.179148E+03     0.179148E+03     0.179148E+03     0.179148E+03     0.179148E+03     0.179148E+03     0.179148E+03     0.179148E+03     0.179148E+03     0.179148E+03     0.179148E+03     0.179148E+03     0.179148E+03     0.179148E+03     0.179148E+03     0.179148E+03     0.100000E+21
 0.274000E+04     0.241218E+03     0.236341E+03     0.227378E+03     0.223931E+03     0.225504E+03     0.235521E+03     0.242001E+03     0.242001E+03     0.242001E+03     0.232112E+03     0.206670E+03     0.206670E+03     0.205824E+03     0.208596E+03     0.207724E+03     0.206670E+03     0.212942E+03     0.223957E+03     0.229444E+03     0.227718E+03     0.226221E+03     0.223677E+03     0.217782E+03     0.217408E+03     0.215867E+03     0.215469E+03     0.216910E+03     0.218560E+03     0.218357E+03     0.216185E+03     0.215594E+03     0.215093E+03     0.218443E+03     0.214182E+03     0.213192E+03     0.213240E+03     0.216972E+03     0.216451E+03     0.210672E+03     0.222116E+03     0.236618E+03     0.234558E+03     0.234129E+03     0.236015E+03     0.234689E+03     0.232690E+03     0.216162E+03     0.212116E+03     0.208312E+03     0.208168E+03     0.207787E+03     0.207646E+03     0.208354E+03     0.206392E+03     0.206158E+03     0.206869E+03     0.208201E+03     0.207971E+03     0.206693E+03     0.204787E+03     0.204494E+03     0.204319E+03     0.204992E+03     0.205117E+03     0.204876E+03     0.204303E+03     0.193144E+03     0.186654E+03     0.186770E+03     0.190117E+03     0.190750E+03     0.191088E+03     0.188346E+03     0.186627E+03     0.186505E+03     0.186368E+03     0.184021E+03     0.185069E+03     0.185083E+03     0.184022E+03     0.184853E+03     0.188078E+03     0.188866E+03     0.187911E+03     0.186074E+03     0.187550E+03     0.185558E+03     0.181446E+03     0.181043E+03     0.184054E+03     0.182014E+03     0.181734E+03     0.182515E+03     0.182361E+03     0.184034E+03     0.184375E+03     0.182721E+03     0.179148E+03     0.179148E+03     0.181598E+03     0.182088E+03     0.180739E+03     0.180206E+03     0.180073E+03     0.179653E+03     0.180619E+03     0.179148E+03     0.179148E+03     0.179148E+03     0.179148E+03     0.179148E+03     0.179148E+03     0.179148E+03     0.179148E+03     0.179148E+03     0.179148E+03     0.179148E+03     0.179148E+03     0.179148E+03     0.179148E+03     0.179148E+03     0.179148E+03     0.179148E+03     0.179148E+03     0.179148E+03     0.100000E+21
 0.276000E+04     0.242423E+03     0.241505E+03     0.236104E+03     0.228776E+03     0.225367E+03     0.221701E+03     0.242001E+03     0.242001E+03     0.242001E+03     0.237887E+03     0.216681E+03     0.206670E+03     0.206327E+03     0.205194E+03     0.209703E+03     0.209161E+03     0.206670E+03     0.206670E+03     0.235053E+03     0.228380E+03     0.226221E+03     0.225295E+03     0.217466E+03     0.216426E+03     0.215496E+03     0.215155E+03     0.216910E+03     0.218578E+03     0.218357E+03     0.212718E+03     0.215648E+03     0.215093E+03     0.215676E+03     0.214182E+03     0.213566E+03     0.213097E+03     0.213161E+03     0.218124E+03     0.215721E+03     0.215279E+03     0.222656E+03     0.235545E+03     0.234195E+03     0.233973E+03     0.235177E+03     0.232690E+03     0.232060E+03     0.215215E+03     0.208312E+03     0.208141E+03     0.207797E+03     0.207646E+03     0.207841E+03     0.207845E+03     0.205480E+03     0.206713E+03     0.208201E+03     0.207971E+03     0.207823E+03     0.204787E+03     0.204529E+03     0.204319E+03     0.204524E+03     0.205117E+03     0.204876E+03     0.204667E+03     0.203642E+03     0.187255E+03     0.185726E+03     0.187230E+03     0.190307E+03     0.191088E+03     0.190184E+03     0.186633E+03     0.186505E+03     0.186359E+03     0.185093E+03     0.183385E+03     0.185397E+03     0.185072E+03     0.184234E+03     0.185836E+03     0.188866E+03     0.188426E+03     0.187665E+03     0.186568E+03     0.187063E+03     0.182198E+03     0.180977E+03     0.181086E+03     0.182875E+03     0.181228E+03     0.182515E+03     0.182338E+03     0.182076E+03     0.184000E+03     0.184491E+03     0.180877E+03     0.179514E+03     0.179148E+03     0.181847E+03     0.181617E+03     0.180206E+03     0.180067E+03     0.179844E+03     0.180619E+03     0.179148E+03     0.179148E+03     0.179148E+03     0.179148E+03     0.179148E+03     0.179148E+03     0.179148E+03     0.179148E+03     0.179148E+03     0.179148E+03     0.179148E+03     0.179148E+03     0.179148E+03     0.179148E+03     0.179148E+03     0.179148E+03     0.179148E+03     0.179148E+03     0.179148E+03     0.100000E+21
 0.278000E+04     0.242654E+03     0.242297E+03     0.239072E+03     0.236079E+03     0.230642E+03     0.225857E+03     0.242001E+03     0.242001E+03     0.242001E+03     0.235570E+03     0.221701E+03     0.206670E+03     0.206670E+03     0.205194E+03     0.206563E+03     0.210245E+03     0.206670E+03     0.206670E+03     0.235053E+03     0.229410E+03     0.226221E+03     0.226057E+03     0.218650E+03     0.216426E+03     0.215587E+03     0.215554E+03     0.216910E+03     0.218554E+03     0.218357E+03     0.210245E+03     0.215659E+03     0.215344E+03     0.215581E+03     0.217563E+03     0.213841E+03     0.213477E+03     0.212773E+03     0.218394E+03     0.218169E+03     0.211225E+03     0.212467E+03     0.236030E+03     0.234627E+03     0.233333E+03     0.234647E+03     0.233871E+03     0.232060E+03     0.225734E+03     0.208312E+03     0.208176E+03     0.207784E+03     0.207646E+03     0.207514E+03     0.208045E+03     0.207198E+03     0.206130E+03     0.206915E+03     0.207971E+03     0.207838E+03     0.206394E+03     0.204485E+03     0.204319E+03     0.204552E+03     0.205117E+03     0.204876E+03     0.204711E+03     0.204092E+03     0.193025E+03     0.186863E+03     0.186226E+03     0.187891E+03     0.191088E+03     0.190964E+03     0.186625E+03     0.186505E+03     0.186372E+03     0.185060E+03     0.183385E+03     0.184637E+03     0.185421E+03     0.183786E+03     0.185319E+03     0.186246E+03     0.188588E+03     0.188446E+03     0.185851E+03     0.186709E+03     0.185099E+03     0.182512E+03     0.180616E+03     0.182657E+03     0.182020E+03     0.180992E+03     0.181914E+03     0.182076E+03     0.183745E+03     0.184491E+03     0.181372E+03     0.179991E+03     0.179148E+03     0.181234E+03     0.181480E+03     0.180206E+03     0.180075E+03     0.180058E+03     0.180619E+03     0.179148E+03     0.179148E+03     0.179148E+03     0.179148E+03     0.179148E+03     0.179148E+03     0.179148E+03     0.179148E+03     0.179148E+03     0.179148E+03     0.179148E+03     0.179148E+03     0.179148E+03     0.179148E+03     0.179148E+03     0.179148E+03     0.179148E+03     0.179148E+03     0.179148E+03     0.100000E+21
 0.280000E+04     0.227096E+03     0.236635E+03     0.242217E+03     0.241218E+03     0.239860E+03     0.236795E+03     0.242001E+03     0.242001E+03     0.242001E+03     0.237155E+03     0.221701E+03     0.221701E+03     0.212953E+03     0.206670E+03     0.205520E+03     0.205194E+03     0.208925E+03     0.206670E+03     0.206670E+03     0.227187E+03     0.226221E+03     0.226042E+03     0.220291E+03     0.217859E+03     0.217652E+03     0.215373E+03     0.216910E+03     0.218567E+03     0.218357E+03     0.210245E+03     0.215750E+03     0.215520E+03     0.216131E+03     0.219949E+03     0.213841E+03     0.213632E+03     0.212500E+03     0.213972E+03     0.218169E+03     0.210165E+03     0.209950E+03     0.212107E+03     0.229595E+03     0.233333E+03     0.232906E+03     0.234814E+03     0.232060E+03     0.231621E+03     0.208312E+03     0.208160E+03     0.207791E+03     0.207646E+03     0.207509E+03     0.207563E+03     0.208404E+03     0.205464E+03     0.206011E+03     0.207971E+03     0.207830E+03     0.207523E+03     0.204505E+03     0.204319E+03     0.203982E+03     0.203839E+03     0.204876E+03     0.204691E+03     0.204408E+03     0.197874E+03     0.187775E+03     0.185519E+03     0.186572E+03     0.191088E+03     0.190952E+03     0.186629E+03     0.186505E+03     0.186365E+03     0.185266E+03     0.183385E+03     0.183893E+03     0.185421E+03     0.185213E+03     0.183838E+03     0.184409E+03     0.188603E+03     0.188446E+03     0.185851E+03     0.185727E+03     0.187147E+03     0.183090E+03     0.180616E+03     0.181992E+03     0.184532E+03     0.181786E+03     0.182161E+03     0.182076E+03     0.181916E+03     0.184491E+03     0.181372E+03     0.181218E+03     0.179148E+03     0.179148E+03     0.182217E+03     0.182076E+03     0.180855E+03     0.180006E+03     0.180619E+03     0.179148E+03     0.179148E+03     0.179148E+03     0.179148E+03     0.179148E+03     0.179148E+03     0.179148E+03     0.179148E+03     0.179148E+03     0.179148E+03     0.179148E+03     0.179148E+03     0.179148E+03     0.179148E+03     0.179148E+03     0.179148E+03     0.179148E+03     0.179148E+03     0.179148E+03     0.100000E+21
 0.282000E+04     0.227096E+03     0.230700E+03     0.242505E+03     0.242459E+03     0.241437E+03     0.240048E+03     0.242001E+03     0.242001E+03     0.242001E+03     0.239075E+03     0.221701E+03     0.221701E+03     0.218249E+03     0.206670E+03     0.206520E+03     0.205194E+03     0.209020E+03     0.206670E+03     0.206670E+03     0.228890E+03     0.226221E+03     0.226028E+03     0.221693E+03     0.217859E+03     0.217003E+03     0.214870E+03     0.214860E+03     0.217592E+03     0.218357E+03     0.220644E+03     0.212863E+03     0.215520E+03     0.215201E+03     0.216167E+03     0.213841E+03     0.213624E+03     0.212956E+03     0.212688E+03     0.218169E+03     0.213090E+03     0.209950E+03     0.212107E+03     0.231485E+03     0.233333E+03     0.232881E+03     0.234814E+03     0.233697E+03     0.231924E+03     0.227264E+03     0.210785E+03     0.207797E+03     0.207646E+03     0.207504E+03     0.207488E+03     0.208404E+03     0.207060E+03     0.206011E+03     0.206694E+03     0.207436E+03     0.207523E+03     0.206606E+03     0.204319E+03     0.203985E+03     0.203839E+03     0.204876E+03     0.204665E+03     0.204408E+03     0.201398E+03     0.196685E+03     0.186970E+03     0.185953E+03     0.187393E+03     0.190357E+03     0.188165E+03     0.186505E+03     0.186359E+03     0.185794E+03     0.185467E+03     0.183422E+03     0.183524E+03     0.185213E+03     0.185707E+03     0.184409E+03     0.185636E+03     0.188446E+03     0.187238E+03     0.186227E+03     0.185973E+03     0.182318E+03     0.181394E+03     0.181324E+03     0.182868E+03     0.181786E+03     0.180551E+03     0.182076E+03     0.181905E+03     0.184491E+03     0.181372E+03     0.181210E+03     0.180578E+03     0.179335E+03     0.182224E+03     0.182076E+03     0.180822E+03     0.179959E+03     0.180619E+03     0.179148E+03     0.179148E+03     0.179148E+03     0.179148E+03     0.179148E+03     0.179148E+03     0.179148E+03     0.179148E+03     0.179148E+03     0.179148E+03     0.179148E+03     0.179148E+03     0.179148E+03     0.179148E+03     0.179148E+03     0.179148E+03     0.179148E+03     0.179148E+03     0.179148E+03     0.100000E+21
 0.284000E+04     0.227096E+03     0.227096E+03     0.231464E+03     0.242654E+03     0.242654E+03     0.242654E+03     0.242001E+03     0.242001E+03     0.242001E+03     0.237689E+03     0.221701E+03     0.221701E+03     0.221701E+03     0.221701E+03     0.209534E+03     0.205194E+03     0.207027E+03     0.210245E+03     0.206670E+03     0.206670E+03     0.235053E+03     0.228661E+03     0.224057E+03     0.221768E+03     0.219005E+03     0.214633E+03     0.214391E+03     0.217164E+03     0.218357E+03     0.227951E+03     0.211854E+03     0.215520E+03     0.215009E+03     0.214430E+03     0.219641E+03     0.215835E+03     0.213161E+03     0.212209E+03     0.212469E+03     0.214715E+03     0.209950E+03     0.209589E+03     0.211259E+03     0.234839E+03     0.233370E+03     0.232062E+03     0.234210E+03     0.232284E+03     0.230764E+03     0.214285E+03     0.207792E+03     0.207646E+03     0.207508E+03     0.207121E+03     0.206958E+03     0.207305E+03     0.204998E+03     0.205769E+03     0.207068E+03     0.207523E+03     0.206699E+03     0.204319E+03     0.203983E+03     0.203839E+03     0.203599E+03     0.204428E+03     0.204408E+03     0.203803E+03     0.203137E+03     0.187550E+03     0.185908E+03     0.186798E+03     0.189709E+03     0.189022E+03     0.186505E+03     0.186363E+03     0.186013E+03     0.185851E+03     0.183092E+03     0.182930E+03     0.185213E+03     0.186130E+03     0.183344E+03     0.185152E+03     0.188446E+03     0.188236E+03     0.186674E+03     0.185421E+03     0.186646E+03     0.181744E+03     0.180303E+03     0.180149E+03     0.184325E+03     0.182224E+03     0.182076E+03     0.181913E+03     0.181607E+03     0.184284E+03     0.182174E+03     0.180906E+03     0.179616E+03     0.182219E+03     0.182076E+03     0.181939E+03     0.179991E+03     0.180619E+03     0.179148E+03     0.179148E+03     0.179148E+03     0.179148E+03     0.179148E+03     0.179148E+03     0.179148E+03     0.179148E+03     0.179148E+03     0.179148E+03     0.179148E+03     0.179148E+03     0.179148E+03     0.179148E+03     0.179148E+03     0.179148E+03     0.179148E+03     0.179148E+03     0.179148E+03     0.100000E+21
 0.286000E+04     0.225799E+03     0.226696E+03     0.229188E+03     0.232966E+03     0.242654E+03     0.242654E+03     0.242001E+03     0.242001E+03     0.242001E+03     0.237711E+03     0.221701E+03     0.221701E+03     0.221701E+03     0.221701E+03     0.217531E+03     0.206064E+03     0.206039E+03     0.207547E+03     0.206670E+03     0.206670E+03     0.235053E+03     0.228591E+03     0.224099E+03     0.221768E+03     0.218943E+03     0.215799E+03     0.214391E+03     0.217138E+03     0.218357E+03     0.222621E+03     0.211796E+03     0.215520E+03     0.215014E+03     0.214430E+03     0.219641E+03     0.215752E+03     0.213161E+03     0.212505E+03     0.212080E+03     0.214378E+03     0.214010E+03     0.209589E+03     0.211268E+03     0.234839E+03     0.233341E+03     0.232062E+03     0.234210E+03     0.233142E+03     0.230764E+03     0.224483E+03     0.207796E+03     0.207646E+03     0.207505E+03     0.207122E+03     0.206958E+03     0.207745E+03     0.206752E+03     0.205235E+03     0.206077E+03     0.207523E+03     0.206978E+03     0.205905E+03     0.203985E+03     0.203839E+03     0.203599E+03     0.204427E+03     0.204408E+03     0.203954E+03     0.203560E+03     0.196652E+03     0.188893E+03     0.185716E+03     0.187567E+03     0.189877E+03     0.188976E+03     0.187083E+03     0.186012E+03     0.185851E+03     0.184118E+03     0.182930E+03     0.185213E+03     0.185785E+03     0.185675E+03     0.184102E+03     0.185857E+03     0.188236E+03     0.187456E+03     0.185421E+03     0.185726E+03     0.184650E+03     0.180702E+03     0.180149E+03     0.182628E+03     0.181853E+03     0.180463E+03     0.181510E+03     0.181607E+03     0.184284E+03     0.182128E+03     0.180906E+03     0.179633E+03     0.181018E+03     0.182076E+03     0.181936E+03     0.180794E+03     0.180619E+03     0.179148E+03     0.179148E+03     0.179148E+03     0.179148E+03     0.179148E+03     0.179148E+03     0.179148E+03     0.179148E+03     0.179148E+03     0.179148E+03     0.179148E+03     0.179148E+03     0.179148E+03     0.179148E+03     0.179148E+03     0.179148E+03     0.179148E+03     0.179148E+03     0.179148E+03     0.100000E+21
 0.288000E+04     0.225013E+03     0.225628E+03     0.227096E+03     0.227096E+03     0.237800E+03     0.242654E+03     0.242001E+03     0.242001E+03     0.242001E+03     0.235358E+03     0.221701E+03     0.221701E+03     0.221701E+03     0.221701E+03     0.221701E+03     0.206670E+03     0.205627E+03     0.205194E+03     0.208432E+03     0.207291E+03     0.221068E+03     0.224056E+03     0.224757E+03     0.223561E+03     0.219928E+03     0.216120E+03     0.214391E+03     0.217264E+03     0.218357E+03     0.218040E+03     0.216665E+03     0.212921E+03     0.214933E+03     0.214430E+03     0.216893E+03     0.216587E+03     0.213161E+03     0.212607E+03     0.212129E+03     0.214248E+03     0.217539E+03     0.209589E+03     0.210203E+03     0.223291E+03     0.229578E+03     0.232062E+03     0.232842E+03     0.233303E+03     0.231849E+03     0.230786E+03     0.214098E+03     0.207646E+03     0.207515E+03     0.207100E+03     0.206958E+03     0.207643E+03     0.207956E+03     0.204770E+03     0.205237E+03     0.207523E+03     0.207220E+03     0.207065E+03     0.203978E+03     0.203839E+03     0.203599E+03     0.203873E+03     0.204408E+03     0.204065E+03     0.203928E+03     0.202898E+03     0.192899E+03     0.186088E+03     0.186392E+03     0.190603E+03     0.190482E+03     0.189161E+03     0.185988E+03     0.185851E+03     0.184624E+03     0.182930E+03     0.183973E+03     0.185815E+03     0.187174E+03     0.183409E+03     0.183981E+03     0.188236E+03     0.188116E+03     0.185421E+03     0.185278E+03     0.185864E+03     0.180943E+03     0.180149E+03     0.180676E+03     0.182077E+03     0.180378E+03     0.181291E+03     0.181607E+03     0.182849E+03     0.182679E+03     0.180906E+03     0.180291E+03     0.180307E+03     0.182076E+03     0.181944E+03     0.181232E+03     0.180619E+03     0.179148E+03     0.179148E+03     0.179148E+03     0.179148E+03     0.179148E+03     0.179148E+03     0.179148E+03     0.179148E+03     0.179148E+03     0.179148E+03     0.179148E+03     0.179148E+03     0.179148E+03     0.179148E+03     0.179148E+03     0.179148E+03     0.179148E+03     0.179148E+03     0.179148E+03     0.100000E+21
 0.290000E+04     0.225013E+03     0.225013E+03     0.226190E+03     0.227096E+03     0.229490E+03     0.232562E+03     0.242001E+03     0.242001E+03     0.242001E+03     0.235994E+03     0.221701E+03     0.221701E+03     0.221701E+03     0.221701E+03     0.221701E+03     0.216391E+03     0.206093E+03     0.205194E+03     0.206981E+03     0.208552E+03     0.206670E+03     0.223003E+03     0.225566E+03     0.225406E+03     0.222083E+03     0.216211E+03     0.214391E+03     0.217232E+03     0.218357E+03     0.218040E+03     0.221651E+03     0.210245E+03     0.215030E+03     0.214713E+03     0.214093E+03     0.217210E+03     0.213161E+03     0.212723E+03     0.212469E+03     0.212624E+03     0.214129E+03     0.214514E+03     0.210602E+03     0.209747E+03     0.215851E+03     0.232982E+03     0.231434E+03     0.232822E+03     0.232966E+03     0.231128E+03     0.220894E+03     0.207646E+03     0.207512E+03     0.207106E+03     0.206958E+03     0.206870E+03     0.207013E+03     0.206518E+03     0.205473E+03     0.206091E+03     0.207228E+03     0.207065E+03     0.204911E+03     0.203839E+03     0.203599E+03     0.203420E+03     0.204408E+03     0.204069E+03     0.203928E+03     0.203401E+03     0.199443E+03     0.187147E+03     0.186034E+03     0.189041E+03     0.190482E+03     0.190362E+03     0.185994E+03     0.185851E+03     0.185170E+03     0.184549E+03     0.182709E+03     0.185293E+03     0.185610E+03     0.183203E+03     0.183277E+03     0.185577E+03     0.187049E+03     0.186966E+03     0.185629E+03     0.184991E+03     0.183086E+03     0.180815E+03     0.179917E+03     0.181446E+03     0.181332E+03     0.180535E+03     0.181607E+03     0.181372E+03     0.183075E+03     0.182794E+03     0.181357E+03     0.179637E+03     0.180170E+03     0.181220E+03     0.181256E+03     0.180619E+03     0.179148E+03     0.179148E+03     0.179148E+03     0.179148E+03     0.179148E+03     0.179148E+03     0.179148E+03     0.179148E+03     0.179148E+03     0.179148E+03     0.179148E+03     0.179148E+03     0.179148E+03     0.179148E+03     0.179148E+03     0.179148E+03     0.179148E+03     0.179148E+03     0.179148E+03     0.100000E+21
 0.292000E+04     0.225013E+03     0.225013E+03     0.225288E+03     0.225762E+03     0.227096E+03     0.227096E+03     0.242001E+03     0.242001E+03     0.242001E+03     0.237795E+03     0.221701E+03     0.221701E+03     0.221701E+03     0.221701E+03     0.221701E+03     0.221701E+03     0.212067E+03     0.205989E+03     0.205194E+03     0.206602E+03     0.206670E+03     0.226902E+03     0.225574E+03     0.225406E+03     0.222772E+03     0.216821E+03     0.215986E+03     0.215770E+03     0.217039E+03     0.218040E+03     0.222774E+03     0.210245E+03     0.215118E+03     0.214868E+03     0.214093E+03     0.217408E+03     0.216650E+03     0.212757E+03     0.212469E+03     0.211671E+03     0.211412E+03     0.213806E+03     0.214237E+03     0.208857E+03     0.210394E+03     0.233613E+03     0.231434E+03     0.231765E+03     0.232966E+03     0.231941E+03     0.225685E+03     0.221147E+03     0.211795E+03     0.207122E+03     0.206958E+03     0.206668E+03     0.206499E+03     0.207726E+03     0.206747E+03     0.205313E+03     0.206052E+03     0.207065E+03     0.205569E+03     0.203839E+03     0.203599E+03     0.203397E+03     0.203624E+03     0.204080E+03     0.203928E+03     0.203675E+03     0.202926E+03     0.196913E+03     0.188689E+03     0.187956E+03     0.190482E+03     0.190353E+03     0.187916E+03     0.185851E+03     0.185577E+03     0.185421E+03     0.182709E+03     0.183865E+03     0.184769E+03     0.185033E+03     0.182888E+03     0.183745E+03     0.184814E+03     0.187817E+03     0.187020E+03     0.184991E+03     0.184924E+03     0.183974E+03     0.179917E+03     0.180147E+03     0.182932E+03     0.181018E+03     0.181607E+03     0.181372E+03     0.182035E+03     0.183827E+03     0.182944E+03     0.179650E+03     0.179148E+03     0.179857E+03     0.181323E+03     0.180619E+03     0.179148E+03     0.179148E+03     0.179148E+03     0.179148E+03     0.179148E+03     0.179148E+03     0.179148E+03     0.179148E+03     0.179148E+03     0.179148E+03     0.179148E+03     0.179148E+03     0.179148E+03     0.179148E+03     0.179148E+03     0.179148E+03     0.179148E+03     0.179148E+03     0.179148E+03     0.100000E+21
 0.294000E+04     0.225013E+03     0.225013E+03     0.225013E+03     0.225013E+03     0.225561E+03     0.227096E+03     0.227096E+03     0.237443E+03     0.242001E+03     0.240676E+03     0.232006E+03     0.221701E+03     0.221701E+03     0.221701E+03     0.221701E+03     0.221701E+03     0.216476E+03     0.206670E+03     0.205194E+03     0.205194E+03     0.210245E+03     0.207591E+03     0.225573E+03     0.225406E+03     0.222762E+03     0.217176E+03     0.216910E+03     0.214730E+03     0.216259E+03     0.218040E+03     0.225412E+03     0.227951E+03     0.211116E+03     0.214868E+03     0.214531E+03     0.214041E+03     0.219016E+03     0.212803E+03     0.212469E+03     0.211724E+03     0.211099E+03     0.210737E+03     0.215915E+03     0.208857E+03     0.208592E+03     0.210687E+03     0.232981E+03     0.231406E+03     0.230120E+03     0.231892E+03     0.229210E+03     0.228779E+03     0.228361E+03     0.207132E+03     0.206958E+03     0.206673E+03     0.206499E+03     0.206270E+03     0.207104E+03     0.204290E+03     0.205277E+03     0.207065E+03     0.206738E+03     0.206606E+03     0.203599E+03     0.203373E+03     0.203120E+03     0.203206E+03     0.203928E+03     0.203675E+03     0.203492E+03     0.202407E+03     0.190643E+03     0.185224E+03     0.186157E+03     0.188842E+03     0.189255E+03     0.185851E+03     0.185580E+03     0.185421E+03     0.185213E+03     0.183131E+03     0.184769E+03     0.184267E+03     0.182888E+03     0.182653E+03     0.183178E+03     0.187817E+03     0.187617E+03     0.184991E+03     0.184682E+03     0.184532E+03     0.181057E+03     0.179931E+03     0.180946E+03     0.181046E+03     0.179148E+03     0.181372E+03     0.181211E+03     0.180906E+03     0.183148E+03     0.181992E+03     0.179148E+03     0.179148E+03     0.179527E+03     0.180619E+03     0.179148E+03     0.179148E+03     0.179148E+03     0.179148E+03     0.179148E+03     0.179148E+03     0.179148E+03     0.179148E+03     0.179148E+03     0.179148E+03     0.179148E+03     0.179148E+03     0.179148E+03     0.179148E+03     0.179148E+03     0.179148E+03     0.179148E+03     0.179148E+03     0.179148E+03     0.100000E+21
 0.296000E+04     0.223527E+03     0.224412E+03     0.225013E+03     0.225013E+03     0.225314E+03     0.226143E+03     0.227096E+03     0.237291E+03     0.242001E+03     0.239772E+03     0.232006E+03     0.221701E+03     0.221701E+03     0.221701E+03     0.221701E+03     0.221701E+03     0.219025E+03     0.213965E+03     0.205876E+03     0.205381E+03     0.207972E+03     0.206993E+03     0.228232E+03     0.225406E+03     0.222784E+03     0.218155E+03     0.216255E+03     0.214752E+03     0.216259E+03     0.218040E+03     0.225504E+03     0.227951E+03     0.211375E+03     0.214868E+03     0.214531E+03     0.214041E+03     0.219016E+03     0.214781E+03     0.212469E+03     0.211854E+03     0.211429E+03     0.210737E+03     0.213489E+03     0.212363E+03     0.209750E+03     0.209434E+03     0.222667E+03     0.228588E+03     0.230120E+03     0.230785E+03     0.229895E+03     0.228779E+03     0.228360E+03     0.207120E+03     0.206958E+03     0.206666E+03     0.206499E+03     0.206270E+03     0.206638E+03     0.205662E+03     0.204912E+03     0.206023E+03     0.206738E+03     0.206606E+03     0.203599E+03     0.203401E+03     0.203120E+03     0.203212E+03     0.203928E+03     0.203675E+03     0.203500E+03     0.202761E+03     0.196421E+03     0.185829E+03     0.186157E+03     0.187508E+03     0.189431E+03     0.187660E+03     0.185576E+03     0.185421E+03     0.185213E+03     0.183169E+03     0.184769E+03     0.184314E+03     0.183557E+03     0.182653E+03     0.182860E+03     0.185719E+03     0.187197E+03     0.186106E+03     0.184682E+03     0.184532E+03     0.183385E+03     0.181004E+03     0.180271E+03     0.181650E+03     0.179971E+03     0.181372E+03     0.181213E+03     0.180906E+03     0.182821E+03     0.182143E+03     0.179625E+03     0.179358E+03     0.179583E+03     0.180619E+03     0.179148E+03     0.179148E+03     0.179148E+03     0.179148E+03     0.179148E+03     0.179148E+03     0.179148E+03     0.179148E+03     0.179148E+03     0.179148E+03     0.179148E+03     0.179148E+03     0.179148E+03     0.179148E+03     0.179148E+03     0.179148E+03     0.179148E+03     0.179148E+03     0.179148E+03     0.100000E+21
 0.298000E+04     0.225488E+03     0.224628E+03     0.225013E+03     0.225013E+03     0.225013E+03     0.225013E+03     0.226188E+03     0.236038E+03     0.242001E+03     0.238873E+03     0.232006E+03     0.226185E+03     0.223720E+03     0.221701E+03     0.221701E+03     0.221701E+03     0.221701E+03     0.221701E+03     0.212670E+03     0.208428E+03     0.205194E+03     0.206999E+03     0.230845E+03     0.225406E+03     0.223898E+03     0.219263E+03     0.216040E+03     0.214441E+03     0.215246E+03     0.217123E+03     0.223490E+03     0.226563E+03     0.211052E+03     0.213020E+03     0.214531E+03     0.214177E+03     0.216776E+03     0.217694E+03     0.214838E+03     0.211976E+03     0.211780E+03     0.211014E+03     0.210889E+03     0.214249E+03     0.212407E+03     0.208101E+03     0.209289E+03     0.223856E+03     0.230120E+03     0.229703E+03     0.230939E+03     0.229681E+03     0.228820E+03     0.211984E+03     0.206958E+03     0.206649E+03     0.206499E+03     0.206270E+03     0.206130E+03     0.207278E+03     0.205065E+03     0.204831E+03     0.206732E+03     0.206606E+03     0.204711E+03     0.203826E+03     0.203120E+03     0.203040E+03     0.203361E+03     0.203675E+03     0.203518E+03     0.203196E+03     0.202540E+03     0.186142E+03     0.185462E+03     0.185713E+03     0.190009E+03     0.189876E+03     0.186569E+03     0.185421E+03     0.185213E+03     0.183519E+03     0.183769E+03     0.184466E+03     0.184325E+03     0.184351E+03     0.183262E+03     0.183303E+03     0.185147E+03     0.187397E+03     0.185255E+03     0.184532E+03     0.185375E+03     0.183562E+03     0.179452E+03     0.181009E+03     0.181968E+03     0.180488E+03     0.180841E+03     0.180906E+03     0.181904E+03     0.182678E+03     0.181382E+03     0.180386E+03     0.179690E+03     0.180619E+03     0.179148E+03     0.179148E+03     0.179148E+03     0.179148E+03     0.179148E+03     0.179148E+03     0.179148E+03     0.179148E+03     0.179148E+03     0.179148E+03     0.179148E+03     0.179148E+03     0.179148E+03     0.179148E+03     0.179148E+03     0.179148E+03     0.179148E+03     0.179148E+03     0.179148E+03     0.100000E+21
 0.300000E+04     0.231214E+03     0.228701E+03     0.223855E+03     0.225013E+03     0.225013E+03     0.225013E+03     0.225013E+03     0.235510E+03     0.242001E+03     0.238770E+03     0.232006E+03     0.232006E+03     0.229365E+03     0.221701E+03     0.221701E+03     0.221701E+03     0.221701E+03     0.221701E+03     0.221701E+03     0.211862E+03     0.205194E+03     0.206576E+03     0.224394E+03     0.230759E+03     0.227217E+03     0.219519E+03     0.216910E+03     0.214785E+03     0.213710E+03     0.215928E+03     0.220252E+03     0.224459E+03     0.216866E+03     0.210245E+03     0.212240E+03     0.213394E+03     0.213408E+03     0.216389E+03     0.218392E+03     0.211974E+03     0.211780E+03     0.211430E+03     0.210724E+03     0.210335E+03     0.214048E+03     0.212289E+03     0.207730E+03     0.215358E+03     0.231007E+03     0.230033E+03     0.230477E+03     0.231049E+03     0.230079E+03     0.223573E+03     0.217907E+03     0.206647E+03     0.206499E+03     0.206270E+03     0.206131E+03     0.206458E+03     0.206179E+03     0.204265E+03     0.206063E+03     0.206606E+03     0.206377E+03     0.205394E+03     0.203120E+03     0.202766E+03     0.202629E+03     0.203675E+03     0.203520E+03     0.203196E+03     0.202829E+03     0.190952E+03     0.185572E+03     0.185770E+03     0.188485E+03     0.189876E+03     0.188083E+03     0.185421E+03     0.185213E+03     0.183966E+03     0.182254E+03     0.184464E+03     0.184325E+03     0.185241E+03     0.183631E+03     0.183303E+03     0.183140E+03     0.187397E+03     0.186078E+03     0.184532E+03     0.184325E+03     0.184683E+03     0.180076E+03     0.179509E+03     0.181848E+03     0.179963E+03     0.179988E+03     0.180906E+03     0.180763E+03     0.182311E+03     0.183165E+03     0.181375E+03     0.179702E+03     0.180619E+03     0.179148E+03     0.179148E+03     0.179148E+03     0.179148E+03     0.179148E+03     0.179148E+03     0.179148E+03     0.179148E+03     0.179148E+03     0.179148E+03     0.179148E+03     0.179148E+03     0.179148E+03     0.179148E+03     0.179148E+03     0.179148E+03     0.179148E+03     0.179148E+03     0.179148E+03     0.100000E+21
 0.302000E+04     0.231214E+03     0.231214E+03     0.225311E+03     0.223471E+03     0.225013E+03     0.225013E+03     0.225013E+03     0.236626E+03     0.242001E+03     0.234309E+03     0.230072E+03     0.232006E+03     0.232006E+03     0.221701E+03     0.221701E+03     0.221701E+03     0.221701E+03     0.221701E+03     0.221701E+03     0.215751E+03     0.205882E+03     0.205410E+03     0.213543E+03     0.221805E+03     0.223749E+03     0.221688E+03     0.218757E+03     0.215667E+03     0.213710E+03     0.215928E+03     0.219741E+03     0.224459E+03     0.223603E+03     0.210245E+03     0.210245E+03     0.212733E+03     0.213616E+03     0.214156E+03     0.218392E+03     0.213756E+03     0.211780E+03     0.211430E+03     0.210867E+03     0.210027E+03     0.212419E+03     0.215928E+03     0.207730E+03     0.208423E+03     0.221411E+03     0.227458E+03     0.229068E+03     0.229679E+03     0.230091E+03     0.227961E+03     0.226701E+03     0.213248E+03     0.206499E+03     0.206270E+03     0.206117E+03     0.205800E+03     0.206139E+03     0.205246E+03     0.204687E+03     0.205503E+03     0.206377E+03     0.206197E+03     0.203120E+03     0.202780E+03     0.202629E+03     0.203061E+03     0.203325E+03     0.203196E+03     0.203027E+03     0.199072E+03     0.193567E+03     0.188884E+03     0.186936E+03     0.189876E+03     0.188990E+03     0.187322E+03     0.185213E+03     0.184538E+03     0.183434E+03     0.183597E+03     0.184325E+03     0.184104E+03     0.183069E+03     0.182777E+03     0.183004E+03     0.185235E+03     0.186646E+03     0.185731E+03     0.184325E+03     0.184158E+03     0.182945E+03     0.180737E+03     0.179829E+03     0.181828E+03     0.180428E+03     0.180906E+03     0.180740E+03     0.180861E+03     0.181784E+03     0.181529E+03     0.179775E+03     0.180619E+03     0.179148E+03     0.179148E+03     0.179148E+03     0.179148E+03     0.179148E+03     0.179148E+03     0.179148E+03     0.179148E+03     0.179148E+03     0.179148E+03     0.179148E+03     0.179148E+03     0.179148E+03     0.179148E+03     0.179148E+03     0.179148E+03     0.179148E+03     0.179148E+03     0.179148E+03     0.100000E+21
 0.304000E+04     0.226911E+03     0.230049E+03     0.230344E+03     0.229912E+03     0.223081E+03     0.225013E+03     0.225013E+03     0.236663E+03     0.242001E+03     0.227951E+03     0.227951E+03     0.229264E+03     0.230949E+03     0.229682E+03     0.222508E+03     0.221701E+03     0.221701E+03     0.221701E+03     0.221701E+03     0.221701E+03     0.219529E+03     0.209016E+03     0.206643E+03     0.206670E+03     0.223966E+03     0.223996E+03     0.220865E+03     0.216165E+03     0.215847E+03     0.214190E+03     0.217196E+03     0.218507E+03     0.224078E+03     0.224090E+03     0.210245E+03     0.210888E+03     0.213845E+03     0.213678E+03     0.213971E+03     0.215612E+03     0.211780E+03     0.211430E+03     0.211137E+03     0.210601E+03     0.209992E+03     0.211911E+03     0.214228E+03     0.208873E+03     0.207353E+03     0.211162E+03     0.229334E+03     0.228108E+03     0.228182E+03     0.229329E+03     0.228738E+03     0.221039E+03     0.206499E+03     0.206270E+03     0.206117E+03     0.205800E+03     0.205748E+03     0.206820E+03     0.205127E+03     0.204350E+03     0.204624E+03     0.205984E+03     0.205371E+03     0.202780E+03     0.202629E+03     0.202377E+03     0.202366E+03     0.203196E+03     0.203018E+03     0.202288E+03     0.201665E+03     0.191743E+03     0.186278E+03     0.186144E+03     0.189608E+03     0.189469E+03     0.187957E+03     0.184925E+03     0.184769E+03     0.183937E+03     0.182353E+03     0.184104E+03     0.183721E+03     0.182198E+03     0.182958E+03     0.182847E+03     0.187101E+03     0.186979E+03     0.186226E+03     0.184454E+03     0.184145E+03     0.184470E+03     0.179801E+03     0.179804E+03     0.181877E+03     0.179421E+03     0.180481E+03     0.180360E+03     0.180206E+03     0.180562E+03     0.181749E+03     0.180619E+03     0.179148E+03     0.179148E+03     0.179148E+03     0.179148E+03     0.179148E+03     0.179148E+03     0.179148E+03     0.179148E+03     0.179148E+03     0.179148E+03     0.179148E+03     0.179148E+03     0.179148E+03     0.179148E+03     0.179148E+03     0.179148E+03     0.179148E+03     0.179148E+03     0.179148E+03     0.100000E+21
 0.306000E+04     0.226233E+03     0.226233E+03     0.231214E+03     0.231214E+03     0.228648E+03     0.221701E+03     0.225013E+03     0.236797E+03     0.242001E+03     0.224342E+03     0.227951E+03     0.227951E+03     0.230374E+03     0.232006E+03     0.232006E+03     0.221701E+03     0.221701E+03     0.221701E+03     0.221701E+03     0.221701E+03     0.221701E+03     0.210782E+03     0.207235E+03     0.210245E+03     0.207839E+03     0.232593E+03     0.224571E+03     0.219247E+03     0.216259E+03     0.213370E+03     0.216117E+03     0.217406E+03     0.225204E+03     0.227951E+03     0.210245E+03     0.210245E+03     0.210245E+03     0.213395E+03     0.212713E+03     0.217953E+03     0.217758E+03     0.211430E+03     0.211139E+03     0.210718E+03     0.210462E+03     0.209293E+03     0.215610E+03     0.215366E+03     0.206978E+03     0.206689E+03     0.216095E+03     0.229761E+03     0.228318E+03     0.227334E+03     0.229062E+03     0.227609E+03     0.225281E+03     0.206270E+03     0.206116E+03     0.205800E+03     0.205521E+03     0.205330E+03     0.205215E+03     0.203329E+03     0.204109E+03     0.203919E+03     0.205919E+03     0.204685E+03     0.202629E+03     0.202377E+03     0.202189E+03     0.203196E+03     0.203019E+03     0.202604E+03     0.202465E+03     0.201769E+03     0.185505E+03     0.183745E+03     0.186490E+03     0.189469E+03     0.189273E+03     0.184927E+03     0.184769E+03     0.184492E+03     0.184325E+03     0.184104E+03     0.183958E+03     0.183662E+03     0.182220E+03     0.182847E+03     0.184201E+03     0.186979E+03     0.186756E+03     0.184669E+03     0.183868E+03     0.183720E+03     0.185213E+03     0.179148E+03     0.179148E+03     0.182750E+03     0.179993E+03     0.180362E+03     0.180206E+03     0.180067E+03     0.179970E+03     0.180619E+03     0.179148E+03     0.179148E+03     0.179148E+03     0.179148E+03     0.179148E+03     0.179148E+03     0.179148E+03     0.179148E+03     0.179148E+03     0.179148E+03     0.179148E+03     0.179148E+03     0.179148E+03     0.179148E+03     0.179148E+03     0.179148E+03     0.179148E+03     0.179148E+03     0.179148E+03     0.100000E+21
 0.308000E+04     0.224425E+03     0.225234E+03     0.230311E+03     0.231214E+03     0.229447E+03     0.224604E+03     0.223748E+03     0.235501E+03     0.242001E+03     0.224221E+03     0.226570E+03     0.227951E+03     0.229465E+03     0.232006E+03     0.232006E+03     0.221701E+03     0.221701E+03     0.221701E+03     0.221701E+03     0.221701E+03     0.221701E+03     0.214592E+03     0.206767E+03     0.208734E+03     0.207199E+03     0.231563E+03     0.224571E+03     0.219046E+03     0.216259E+03     0.214338E+03     0.215408E+03     0.216764E+03     0.223605E+03     0.226862E+03     0.217026E+03     0.213163E+03     0.210245E+03     0.213358E+03     0.212849E+03     0.216789E+03     0.217758E+03     0.213310E+03     0.211916E+03     0.210718E+03     0.210481E+03     0.209556E+03     0.213585E+03     0.214405E+03     0.209381E+03     0.207810E+03     0.212901E+03     0.223406E+03     0.225109E+03     0.227073E+03     0.228152E+03     0.227741E+03     0.226024E+03     0.213276E+03     0.208969E+03     0.205800E+03     0.205498E+03     0.205330E+03     0.205394E+03     0.204475E+03     0.203784E+03     0.203820E+03     0.205919E+03     0.204558E+03     0.202629E+03     0.202377E+03     0.202205E+03     0.202801E+03     0.202851E+03     0.202598E+03     0.202465E+03     0.201808E+03     0.188258E+03     0.184380E+03     0.185707E+03     0.188134E+03     0.189273E+03     0.185727E+03     0.184769E+03     0.184474E+03     0.184325E+03     0.183129E+03     0.183533E+03     0.183662E+03     0.182402E+03     0.182504E+03     0.183585E+03     0.185222E+03     0.186756E+03     0.185348E+03     0.183868E+03     0.183732E+03     0.185213E+03     0.179367E+03     0.179258E+03     0.181841E+03     0.180077E+03     0.180091E+03     0.180206E+03     0.180072E+03     0.180027E+03     0.180619E+03     0.179148E+03     0.179148E+03     0.179148E+03     0.179148E+03     0.179148E+03     0.179148E+03     0.179148E+03     0.179148E+03     0.179148E+03     0.179148E+03     0.179148E+03     0.179148E+03     0.179148E+03     0.179148E+03     0.179148E+03     0.179148E+03     0.179148E+03     0.179148E+03     0.179148E+03     0.100000E+21
 0.310000E+04     0.226332E+03     0.224755E+03     0.227221E+03     0.228921E+03     0.231214E+03     0.231214E+03     0.226215E+03     0.235987E+03     0.242001E+03     0.223559E+03     0.223559E+03     0.225869E+03     0.227026E+03     0.230139E+03     0.231384E+03     0.226442E+03     0.221701E+03     0.221701E+03     0.221701E+03     0.221701E+03     0.221701E+03     0.221701E+03     0.206021E+03     0.205194E+03     0.207087E+03     0.225114E+03     0.229406E+03     0.220717E+03     0.218106E+03     0.215928E+03     0.213873E+03     0.215267E+03     0.219589E+03     0.224459E+03     0.227951E+03     0.222410E+03     0.210245E+03     0.212384E+03     0.213149E+03     0.213609E+03     0.215035E+03     0.217429E+03     0.213179E+03     0.210718E+03     0.210493E+03     0.209984E+03     0.208921E+03     0.210966E+03     0.214949E+03     0.212038E+03     0.206611E+03     0.207255E+03     0.214121E+03     0.226925E+03     0.226013E+03     0.227233E+03     0.227695E+03     0.225726E+03     0.218773E+03     0.205800E+03     0.205485E+03     0.205330E+03     0.205662E+03     0.206361E+03     0.204483E+03     0.203781E+03     0.204872E+03     0.205014E+03     0.203968E+03     0.202377E+03     0.202215E+03     0.201873E+03     0.202544E+03     0.202594E+03     0.202465E+03     0.202052E+03     0.195255E+03     0.185851E+03     0.184089E+03     0.185059E+03     0.189273E+03     0.188195E+03     0.186652E+03     0.184463E+03     0.184325E+03     0.182762E+03     0.182726E+03     0.183662E+03     0.182948E+03     0.181744E+03     0.182221E+03     0.182392E+03     0.186756E+03     0.186618E+03     0.185004E+03     0.184190E+03     0.184366E+03     0.182228E+03     0.180515E+03     0.179481E+03     0.179637E+03     0.179711E+03     0.180206E+03     0.180075E+03     0.180064E+03     0.180619E+03     0.179148E+03     0.179148E+03     0.179148E+03     0.179148E+03     0.179148E+03     0.179148E+03     0.179148E+03     0.179148E+03     0.179148E+03     0.179148E+03     0.179148E+03     0.179148E+03     0.179148E+03     0.179148E+03     0.179148E+03     0.179148E+03     0.179148E+03     0.179148E+03     0.179148E+03     0.100000E+21
 0.312000E+04     0.232006E+03     0.232982E+03     0.221754E+03     0.226233E+03     0.227586E+03     0.231214E+03     0.231214E+03     0.238685E+03     0.242001E+03     0.223559E+03     0.223559E+03     0.223559E+03     0.226183E+03     0.227951E+03     0.231357E+03     0.232006E+03     0.228448E+03     0.221701E+03     0.221701E+03     0.221701E+03     0.221701E+03     0.221701E+03     0.215626E+03     0.206670E+03     0.205678E+03     0.213562E+03     0.235053E+03     0.223049E+03     0.220276E+03     0.215928E+03     0.213711E+03     0.212690E+03     0.215343E+03     0.216762E+03     0.224459E+03     0.226679E+03     0.210245E+03     0.210245E+03     0.210245E+03     0.212509E+03     0.212019E+03     0.211660E+03     0.216030E+03     0.210718E+03     0.210462E+03     0.209984E+03     0.209635E+03     0.208864E+03     0.208178E+03     0.212995E+03     0.211345E+03     0.205819E+03     0.205577E+03     0.213083E+03     0.227730E+03     0.225111E+03     0.224574E+03     0.227014E+03     0.226542E+03     0.223075E+03     0.205519E+03     0.205330E+03     0.204993E+03     0.204861E+03     0.206132E+03     0.205943E+03     0.202585E+03     0.204062E+03     0.205449E+03     0.205208E+03     0.202906E+03     0.201873E+03     0.201699E+03     0.202604E+03     0.202465E+03     0.202292E+03     0.201695E+03     0.200899E+03     0.184964E+03     0.183303E+03     0.184853E+03     0.189005E+03     0.188866E+03     0.187788E+03     0.184325E+03     0.184104E+03     0.183958E+03     0.181083E+03     0.183068E+03     0.183206E+03     0.181425E+03     0.181276E+03     0.182157E+03     0.185593E+03     0.186339E+03     0.186179E+03     0.183426E+03     0.183206E+03     0.184286E+03     0.179382E+03     0.179205E+03     0.181363E+03     0.179452E+03     0.179762E+03     0.179973E+03     0.180619E+03     0.179148E+03     0.179148E+03     0.179148E+03     0.179148E+03     0.179148E+03     0.179148E+03     0.179148E+03     0.179148E+03     0.179148E+03     0.179148E+03     0.179148E+03     0.179148E+03     0.179148E+03     0.179148E+03     0.179148E+03     0.179148E+03     0.179148E+03     0.179148E+03     0.179148E+03     0.100000E+21
 0.314000E+04     0.232006E+03     0.232300E+03     0.230456E+03     0.231626E+03     0.226895E+03     0.227595E+03     0.231214E+03     0.233229E+03     0.242001E+03     0.223559E+03     0.223559E+03     0.223559E+03     0.224399E+03     0.227951E+03     0.228610E+03     0.232006E+03     0.228154E+03     0.221701E+03     0.221701E+03     0.221701E+03     0.221701E+03     0.221701E+03     0.219196E+03     0.217742E+03     0.209569E+03     0.209325E+03     0.214299E+03     0.228704E+03     0.223015E+03     0.218507E+03     0.214392E+03     0.212690E+03     0.213996E+03     0.216762E+03     0.224459E+03     0.225126E+03     0.222941E+03     0.210245E+03     0.210245E+03     0.211564E+03     0.212303E+03     0.211660E+03     0.215699E+03     0.215167E+03     0.211646E+03     0.209984E+03     0.209635E+03     0.209254E+03     0.208178E+03     0.208992E+03     0.212908E+03     0.211812E+03     0.207567E+03     0.208848E+03     0.212686E+03     0.225982E+03     0.224574E+03     0.225001E+03     0.225895E+03     0.224898E+03     0.215484E+03     0.205330E+03     0.204989E+03     0.204861E+03     0.205065E+03     0.205756E+03     0.204814E+03     0.203169E+03     0.203985E+03     0.205208E+03     0.204531E+03     0.201873E+03     0.201711E+03     0.202068E+03     0.202465E+03     0.202299E+03     0.201783E+03     0.201495E+03     0.192574E+03     0.184850E+03     0.183717E+03     0.186844E+03     0.188866E+03     0.188134E+03     0.187266E+03     0.184104E+03     0.183964E+03     0.182926E+03     0.181648E+03     0.183206E+03     0.182038E+03     0.181276E+03     0.182157E+03     0.182784E+03     0.186339E+03     0.186189E+03     0.185002E+03     0.183206E+03     0.183395E+03     0.183148E+03     0.180188E+03     0.180406E+03     0.181385E+03     0.180104E+03     0.180013E+03     0.180619E+03     0.179148E+03     0.179148E+03     0.179148E+03     0.179148E+03     0.179148E+03     0.179148E+03     0.179148E+03     0.179148E+03     0.179148E+03     0.179148E+03     0.179148E+03     0.179148E+03     0.179148E+03     0.179148E+03     0.179148E+03     0.179148E+03     0.179148E+03     0.179148E+03     0.179148E+03     0.100000E+21
 0.316000E+04     0.232006E+03     0.232006E+03     0.232350E+03     0.233545E+03     0.231639E+03     0.226233E+03     0.226233E+03     0.229708E+03     0.242001E+03     0.223559E+03     0.223559E+03     0.223559E+03     0.223559E+03     0.223559E+03     0.227665E+03     0.227951E+03     0.232006E+03     0.232006E+03     0.221701E+03     0.221701E+03     0.221701E+03     0.221701E+03     0.221701E+03     0.221701E+03     0.211555E+03     0.205449E+03     0.206670E+03     0.211944E+03     0.224008E+03     0.223727E+03     0.218460E+03     0.215267E+03     0.212766E+03     0.214608E+03     0.216434E+03     0.221540E+03     0.227951E+03     0.227418E+03     0.210245E+03     0.211097E+03     0.212467E+03     0.212107E+03     0.211432E+03     0.216797E+03     0.212184E+03     0.209984E+03     0.209635E+03     0.209368E+03     0.208903E+03     0.208027E+03     0.209682E+03     0.213938E+03     0.213728E+03     0.204938E+03     0.204640E+03     0.211566E+03     0.226327E+03     0.223836E+03     0.223329E+03     0.225592E+03     0.224542E+03     0.221562E+03     0.204993E+03     0.204861E+03     0.204633E+03     0.204417E+03     0.205663E+03     0.204354E+03     0.202094E+03     0.202898E+03     0.204475E+03     0.204739E+03     0.202388E+03     0.201274E+03     0.201120E+03     0.201827E+03     0.201911E+03     0.201710E+03     0.196342E+03     0.185421E+03     0.185213E+03     0.184567E+03     0.184409E+03     0.188622E+03     0.188446E+03     0.188236E+03     0.185543E+03     0.183662E+03     0.183433E+03     0.180616E+03     0.182363E+03     0.181276E+03     0.181057E+03     0.181760E+03     0.186339E+03     0.186177E+03     0.185893E+03     0.185670E+03     0.183802E+03     0.182750E+03     0.184053E+03     0.179148E+03     0.179148E+03     0.180751E+03     0.179528E+03     0.180619E+03     0.179148E+03     0.179148E+03     0.179148E+03     0.179148E+03     0.179148E+03     0.179148E+03     0.179148E+03     0.179148E+03     0.179148E+03     0.179148E+03     0.179148E+03     0.179148E+03     0.179148E+03     0.179148E+03     0.179148E+03     0.179148E+03     0.179148E+03     0.179148E+03     0.179148E+03     0.100000E+21
 0.318000E+04     0.228717E+03     0.231082E+03     0.232181E+03     0.232349E+03     0.232627E+03     0.231642E+03     0.222501E+03     0.226104E+03     0.242001E+03     0.223559E+03     0.223559E+03     0.223559E+03     0.223559E+03     0.223559E+03     0.227180E+03     0.227951E+03     0.230218E+03     0.232006E+03     0.221701E+03     0.221701E+03     0.221701E+03     0.221701E+03     0.221701E+03     0.221701E+03     0.218708E+03     0.206239E+03     0.205541E+03     0.214301E+03     0.232408E+03     0.223727E+03     0.218345E+03     0.215267E+03     0.213186E+03     0.212735E+03     0.215107E+03     0.217457E+03     0.225446E+03     0.226588E+03     0.222847E+03     0.210610E+03     0.211095E+03     0.212107E+03     0.211475E+03     0.212381E+03     0.214388E+03     0.209984E+03     0.209635E+03     0.209376E+03     0.208903E+03     0.208513E+03     0.208349E+03     0.208599E+03     0.212145E+03     0.209464E+03     0.204640E+03     0.207700E+03     0.211905E+03     0.224933E+03     0.223687E+03     0.223206E+03     0.224519E+03     0.223386E+03     0.210783E+03     0.204861E+03     0.204633E+03     0.204438E+03     0.204555E+03     0.204901E+03     0.204002E+03     0.202128E+03     0.202984E+03     0.204739E+03     0.204089E+03     0.201272E+03     0.201120E+03     0.201227E+03     0.201895E+03     0.201710E+03     0.198993E+03     0.196658E+03     0.185213E+03     0.183666E+03     0.184409E+03     0.185820E+03     0.188446E+03     0.188236E+03     0.187264E+03     0.183662E+03     0.183466E+03     0.182474E+03     0.181572E+03     0.182184E+03     0.181057E+03     0.181062E+03     0.182783E+03     0.185393E+03     0.185893E+03     0.185670E+03     0.183853E+03     0.182750E+03     0.182831E+03     0.179148E+03     0.179148E+03     0.179694E+03     0.180890E+03     0.180619E+03     0.179148E+03     0.179148E+03     0.179148E+03     0.179148E+03     0.179148E+03     0.179148E+03     0.179148E+03     0.179148E+03     0.179148E+03     0.179148E+03     0.179148E+03     0.179148E+03     0.179148E+03     0.179148E+03     0.179148E+03     0.179148E+03     0.179148E+03     0.179148E+03     0.179148E+03     0.100000E+21
 0.320000E+04     0.227776E+03     0.229320E+03     0.232006E+03     0.232006E+03     0.233187E+03     0.233545E+03     0.225748E+03     0.226212E+03     0.242001E+03     0.223559E+03     0.223559E+03     0.223559E+03     0.223559E+03     0.223559E+03     0.225649E+03     0.227951E+03     0.229547E+03     0.232006E+03     0.225488E+03     0.223241E+03     0.221701E+03     0.221701E+03     0.221701E+03     0.221701E+03     0.221701E+03     0.206131E+03     0.205194E+03     0.212471E+03     0.224717E+03     0.223727E+03     0.219598E+03     0.216755E+03     0.213328E+03     0.211988E+03     0.213178E+03     0.214401E+03     0.221265E+03     0.227127E+03     0.227951E+03     0.214247E+03     0.210245E+03     0.211420E+03     0.211390E+03     0.210945E+03     0.214477E+03     0.212542E+03     0.209635E+03     0.209396E+03     0.208903E+03     0.208658E+03     0.207448E+03     0.207053E+03     0.209283E+03     0.211473E+03     0.207654E+03     0.204612E+03     0.205567E+03     0.217512E+03     0.221166E+03     0.222341E+03     0.223885E+03     0.224144E+03     0.217185E+03     0.211125E+03     0.204633E+03     0.204464E+03     0.204153E+03     0.204988E+03     0.205193E+03     0.202983E+03     0.202612E+03     0.203890E+03     0.204214E+03     0.201918E+03     0.201120E+03     0.200968E+03     0.201581E+03     0.201710E+03     0.201207E+03     0.200689E+03     0.191417E+03     0.183615E+03     0.183754E+03     0.184869E+03     0.186799E+03     0.188236E+03     0.188114E+03     0.185194E+03     0.184043E+03     0.183206E+03     0.181354E+03     0.182750E+03     0.181594E+03     0.181111E+03     0.181688E+03     0.183462E+03     0.185893E+03     0.185670E+03     0.184553E+03     0.182750E+03     0.182601E+03     0.180291E+03     0.179148E+03     0.179148E+03     0.180699E+03     0.180619E+03     0.179148E+03     0.179148E+03     0.179148E+03     0.179148E+03     0.179148E+03     0.179148E+03     0.179148E+03     0.179148E+03     0.179148E+03     0.179148E+03     0.179148E+03     0.179148E+03     0.179148E+03     0.179148E+03     0.179148E+03     0.179148E+03     0.179148E+03     0.179148E+03     0.179148E+03     0.100000E+21
 0.322000E+04     0.227776E+03     0.227776E+03     0.229363E+03     0.232006E+03     0.232188E+03     0.232374E+03     0.233545E+03     0.231998E+03     0.242001E+03     0.223559E+03     0.223559E+03     0.223559E+03     0.223559E+03     0.223559E+03     0.223559E+03     0.224761E+03     0.228568E+03     0.229604E+03     0.232006E+03     0.223897E+03     0.221701E+03     0.221701E+03     0.221701E+03     0.221701E+03     0.221701E+03     0.217324E+03     0.206456E+03     0.205955E+03     0.206670E+03     0.230531E+03     0.222905E+03     0.222565E+03     0.217326E+03     0.213838E+03     0.211638E+03     0.213103E+03     0.215780E+03     0.224537E+03     0.227951E+03     0.221169E+03     0.210245E+03     0.210245E+03     0.211508E+03     0.211313E+03     0.211965E+03     0.216142E+03     0.214518E+03     0.210324E+03     0.208903E+03     0.208596E+03     0.207909E+03     0.207725E+03     0.206975E+03     0.209058E+03     0.212917E+03     0.208926E+03     0.203831E+03     0.204549E+03     0.209552E+03     0.223705E+03     0.221650E+03     0.221824E+03     0.222607E+03     0.221592E+03     0.214702E+03     0.205183E+03     0.204153E+03     0.204043E+03     0.204284E+03     0.204952E+03     0.204188E+03     0.201387E+03     0.202466E+03     0.203680E+03     0.203813E+03     0.201512E+03     0.200686E+03     0.200494E+03     0.201384E+03     0.201195E+03     0.200631E+03     0.192278E+03     0.184347E+03     0.182902E+03     0.183981E+03     0.188236E+03     0.188106E+03     0.187817E+03     0.187518E+03     0.183206E+03     0.181802E+03     0.181208E+03     0.182515E+03     0.182100E+03     0.180749E+03     0.181363E+03     0.183095E+03     0.185670E+03     0.185525E+03     0.184880E+03     0.182799E+03     0.182513E+03     0.183267E+03     0.181244E+03     0.180904E+03     0.180619E+03     0.179148E+03     0.179148E+03     0.179148E+03     0.179148E+03     0.179148E+03     0.179148E+03     0.179148E+03     0.179148E+03     0.179148E+03     0.179148E+03     0.179148E+03     0.179148E+03     0.179148E+03     0.179148E+03     0.179148E+03     0.179148E+03     0.179148E+03     0.179148E+03     0.179148E+03     0.100000E+21
 0.324000E+04     0.226020E+03     0.227146E+03     0.228447E+03     0.229320E+03     0.232006E+03     0.232006E+03     0.232647E+03     0.233231E+03     0.242001E+03     0.223559E+03     0.223559E+03     0.223559E+03     0.223559E+03     0.223559E+03     0.223559E+03     0.223559E+03     0.227951E+03     0.227951E+03     0.232006E+03     0.229602E+03     0.221701E+03     0.221701E+03     0.221701E+03     0.221701E+03     0.221701E+03     0.216214E+03     0.206670E+03     0.206471E+03     0.208943E+03     0.218418E+03     0.228122E+03     0.223155E+03     0.217633E+03     0.214608E+03     0.212290E+03     0.212288E+03     0.214400E+03     0.220601E+03     0.225747E+03     0.224700E+03     0.220579E+03     0.210245E+03     0.210596E+03     0.211402E+03     0.211068E+03     0.212686E+03     0.215815E+03     0.211614E+03     0.208903E+03     0.208658E+03     0.208001E+03     0.207776E+03     0.207395E+03     0.207567E+03     0.208444E+03     0.208449E+03     0.209149E+03     0.208352E+03     0.205606E+03     0.212275E+03     0.222215E+03     0.220786E+03     0.221938E+03     0.222648E+03     0.220899E+03     0.215777E+03     0.204153E+03     0.203808E+03     0.203660E+03     0.203982E+03     0.204520E+03     0.203340E+03     0.202048E+03     0.203329E+03     0.204018E+03     0.203206E+03     0.200528E+03     0.200368E+03     0.200811E+03     0.201195E+03     0.200957E+03     0.197718E+03     0.194208E+03     0.183862E+03     0.183981E+03     0.185615E+03     0.187056E+03     0.187817E+03     0.187666E+03     0.185855E+03     0.182424E+03     0.181665E+03     0.180874E+03     0.181917E+03     0.181530E+03     0.180982E+03     0.181235E+03     0.182702E+03     0.184585E+03     0.185240E+03     0.183970E+03     0.182542E+03     0.181538E+03     0.180899E+03     0.181252E+03     0.180619E+03     0.179148E+03     0.179148E+03     0.179148E+03     0.179148E+03     0.179148E+03     0.179148E+03     0.179148E+03     0.179148E+03     0.179148E+03     0.179148E+03     0.179148E+03     0.179148E+03     0.179148E+03     0.179148E+03     0.179148E+03     0.179148E+03     0.179148E+03     0.179148E+03     0.179148E+03     0.100000E+21
 0.326000E+04     0.230413E+03     0.227051E+03     0.227776E+03     0.227776E+03     0.228988E+03     0.232006E+03     0.232006E+03     0.232006E+03     0.242001E+03     0.223559E+03     0.223559E+03     0.223559E+03     0.223559E+03     0.223559E+03     0.223559E+03     0.223559E+03     0.225131E+03     0.227951E+03     0.227951E+03     0.230992E+03     0.221701E+03     0.221701E+03     0.221701E+03     0.221701E+03     0.221701E+03     0.221701E+03     0.221701E+03     0.206193E+03     0.205194E+03     0.206670E+03     0.215134E+03     0.235053E+03     0.221904E+03     0.218733E+03     0.214279E+03     0.212411E+03     0.210926E+03     0.213572E+03     0.215117E+03     0.225834E+03     0.227951E+03     0.227951E+03     0.214060E+03     0.210245E+03     0.210800E+03     0.210230E+03     0.209849E+03     0.213769E+03     0.208903E+03     0.208620E+03     0.208014E+03     0.207776E+03     0.207552E+03     0.206912E+03     0.206628E+03     0.205600E+03     0.205866E+03     0.211876E+03     0.211645E+03     0.202607E+03     0.208296E+03     0.222683E+03     0.219666E+03     0.219205E+03     0.221892E+03     0.221269E+03     0.217574E+03     0.203818E+03     0.203660E+03     0.203420E+03     0.203245E+03     0.204484E+03     0.204311E+03     0.201158E+03     0.201665E+03     0.203019E+03     0.203472E+03     0.203286E+03     0.200025E+03     0.199842E+03     0.199592E+03     0.200629E+03     0.200456E+03     0.196119E+03     0.184325E+03     0.183745E+03     0.183602E+03     0.187817E+03     0.187642E+03     0.187397E+03     0.185511E+03     0.182750E+03     0.182515E+03     0.180330E+03     0.182076E+03     0.181911E+03     0.180109E+03     0.181002E+03     0.181095E+03     0.180906E+03     0.180732E+03     0.183310E+03     0.183165E+03     0.181291E+03     0.179985E+03     0.180619E+03     0.179148E+03     0.179148E+03     0.179148E+03     0.179148E+03     0.179148E+03     0.179148E+03     0.179148E+03     0.179148E+03     0.179148E+03     0.179148E+03     0.179148E+03     0.179148E+03     0.179148E+03     0.179148E+03     0.179148E+03     0.179148E+03     0.179148E+03     0.179148E+03     0.179148E+03     0.100000E+21
 0.328000E+04     0.238083E+03     0.230869E+03     0.226046E+03     0.227776E+03     0.228275E+03     0.228778E+03     0.232006E+03     0.232006E+03     0.242001E+03     0.227470E+03     0.223559E+03     0.223559E+03     0.223559E+03     0.223559E+03     0.223559E+03     0.223559E+03     0.225068E+03     0.227951E+03     0.227951E+03     0.231140E+03     0.230899E+03     0.223185E+03     0.221701E+03     0.221701E+03     0.221701E+03     0.221701E+03     0.221701E+03     0.206221E+03     0.205194E+03     0.208827E+03     0.214393E+03     0.235053E+03     0.222477E+03     0.221457E+03     0.216748E+03     0.214332E+03     0.210926E+03     0.213279E+03     0.213569E+03     0.225041E+03     0.225865E+03     0.227951E+03     0.225464E+03     0.210245E+03     0.210407E+03     0.210504E+03     0.209849E+03     0.210814E+03     0.214534E+03     0.209307E+03     0.208019E+03     0.207776E+03     0.207549E+03     0.206927E+03     0.206628E+03     0.205920E+03     0.205306E+03     0.208062E+03     0.210490E+03     0.209017E+03     0.203392E+03     0.208173E+03     0.220363E+03     0.219205E+03     0.219467E+03     0.221016E+03     0.219645E+03     0.209772E+03     0.203660E+03     0.203420E+03     0.203238E+03     0.203012E+03     0.203163E+03     0.202175E+03     0.200671E+03     0.201799E+03     0.203487E+03     0.203286E+03     0.201542E+03     0.199842E+03     0.199592E+03     0.199927E+03     0.200456E+03     0.198803E+03     0.194673E+03     0.192766E+03     0.187017E+03     0.184640E+03     0.187540E+03     0.187397E+03     0.186429E+03     0.185269E+03     0.182515E+03     0.181920E+03     0.182076E+03     0.180483E+03     0.179529E+03     0.180376E+03     0.180610E+03     0.180906E+03     0.180712E+03     0.181954E+03     0.183165E+03     0.182382E+03     0.179957E+03     0.180619E+03     0.179148E+03     0.179148E+03     0.179148E+03     0.179148E+03     0.179148E+03     0.179148E+03     0.179148E+03     0.179148E+03     0.179148E+03     0.179148E+03     0.179148E+03     0.179148E+03     0.179148E+03     0.179148E+03     0.179148E+03     0.179148E+03     0.179148E+03     0.179148E+03     0.179148E+03     0.100000E+21
 0.330000E+04     0.238360E+03     0.235036E+03     0.226407E+03     0.227051E+03     0.227776E+03     0.227776E+03     0.230460E+03     0.231402E+03     0.242001E+03     0.227471E+03     0.223559E+03     0.223559E+03     0.223559E+03     0.223559E+03     0.223559E+03     0.223559E+03     0.225201E+03     0.227951E+03     0.227951E+03     0.230846E+03     0.232006E+03     0.225014E+03     0.221701E+03     0.221701E+03     0.221701E+03     0.221701E+03     0.221701E+03     0.209184E+03     0.205587E+03     0.208421E+03     0.212088E+03     0.227536E+03     0.224885E+03     0.222573E+03     0.218423E+03     0.215685E+03     0.211249E+03     0.212746E+03     0.212917E+03     0.222607E+03     0.224459E+03     0.227951E+03     0.227951E+03     0.210245E+03     0.210245E+03     0.210526E+03     0.209975E+03     0.209675E+03     0.213547E+03     0.210824E+03     0.208008E+03     0.207776E+03     0.207556E+03     0.206898E+03     0.206628E+03     0.206002E+03     0.205319E+03     0.205195E+03     0.208029E+03     0.211164E+03     0.203517E+03     0.201790E+03     0.214195E+03     0.213642E+03     0.218965E+03     0.220095E+03     0.219349E+03     0.214391E+03     0.208146E+03     0.203420E+03     0.203253E+03     0.202928E+03     0.202756E+03     0.202834E+03     0.201421E+03     0.201986E+03     0.202620E+03     0.202654E+03     0.202402E+03     0.200642E+03     0.199592E+03     0.199509E+03     0.200083E+03     0.200001E+03     0.199335E+03     0.199146E+03     0.192881E+03     0.183406E+03     0.185629E+03     0.186110E+03     0.187098E+03     0.186979E+03     0.182515E+03     0.182968E+03     0.183021E+03     0.181724E+03     0.179148E+03     0.179954E+03     0.180116E+03     0.181402E+03     0.180736E+03     0.180980E+03     0.182386E+03     0.181971E+03     0.180529E+03     0.180619E+03     0.179148E+03     0.179148E+03     0.179148E+03     0.179148E+03     0.179148E+03     0.179148E+03     0.179148E+03     0.179148E+03     0.179148E+03     0.179148E+03     0.179148E+03     0.179148E+03     0.179148E+03     0.179148E+03     0.179148E+03     0.179148E+03     0.179148E+03     0.179148E+03     0.179148E+03     0.100000E+21
 0.332000E+04     0.238360E+03     0.238360E+03     0.233918E+03     0.228903E+03     0.226456E+03     0.227776E+03     0.227776E+03     0.228858E+03     0.242001E+03     0.228314E+03     0.226831E+03     0.223559E+03     0.223559E+03     0.223559E+03     0.223559E+03     0.223559E+03     0.224267E+03     0.225507E+03     0.227951E+03     0.228921E+03     0.232006E+03     0.229564E+03     0.221701E+03     0.221701E+03     0.221701E+03     0.221701E+03     0.221701E+03     0.217056E+03     0.206670E+03     0.205194E+03     0.208352E+03     0.206670E+03     0.232341E+03     0.222573E+03     0.220578E+03     0.217918E+03     0.213045E+03     0.212474E+03     0.211208E+03     0.215621E+03     0.218875E+03     0.225750E+03     0.227586E+03     0.222412E+03     0.212974E+03     0.210245E+03     0.210318E+03     0.209946E+03     0.209125E+03     0.210098E+03     0.210532E+03     0.207776E+03     0.207548E+03     0.206917E+03     0.206628E+03     0.206151E+03     0.205866E+03     0.205137E+03     0.204771E+03     0.206889E+03     0.210041E+03     0.207216E+03     0.201739E+03     0.202198E+03     0.209732E+03     0.217796E+03     0.216750E+03     0.217327E+03     0.217483E+03     0.212919E+03     0.210668E+03     0.202928E+03     0.202744E+03     0.202629E+03     0.202632E+03     0.203315E+03     0.201867E+03     0.200121E+03     0.201884E+03     0.202808E+03     0.201251E+03     0.200608E+03     0.199066E+03     0.199193E+03     0.199055E+03     0.199666E+03     0.199294E+03     0.192927E+03     0.184198E+03     0.183077E+03     0.185364E+03     0.186979E+03     0.185213E+03     0.184644E+03     0.184399E+03     0.185217E+03     0.182559E+03     0.179655E+03     0.179489E+03     0.180210E+03     0.181436E+03     0.180042E+03     0.180206E+03     0.180067E+03     0.180680E+03     0.180619E+03     0.179148E+03     0.179148E+03     0.179148E+03     0.179148E+03     0.179148E+03     0.179148E+03     0.179148E+03     0.179148E+03     0.179148E+03     0.179148E+03     0.179148E+03     0.179148E+03     0.179148E+03     0.179148E+03     0.179148E+03     0.179148E+03     0.179148E+03     0.179148E+03     0.179148E+03     0.100000E+21
 0.334000E+04     0.240749E+03     0.239315E+03     0.236896E+03     0.234702E+03     0.227366E+03     0.226283E+03     0.227776E+03     0.227776E+03     0.242001E+03     0.228776E+03     0.228776E+03     0.223559E+03     0.223559E+03     0.223559E+03     0.223559E+03     0.223559E+03     0.223559E+03     0.223559E+03     0.227951E+03     0.227951E+03     0.232006E+03     0.232006E+03     0.221701E+03     0.221701E+03     0.221701E+03     0.221701E+03     0.221701E+03     0.218905E+03     0.214791E+03     0.205971E+03     0.207883E+03     0.208602E+03     0.222725E+03     0.229310E+03     0.222293E+03     0.219851E+03     0.213597E+03     0.212318E+03     0.210215E+03     0.212049E+03     0.213283E+03     0.218871E+03     0.223753E+03     0.227951E+03     0.222888E+03     0.210245E+03     0.210279E+03     0.210081E+03     0.209377E+03     0.208985E+03     0.211148E+03     0.211213E+03     0.208977E+03     0.206873E+03     0.206628E+03     0.206112E+03     0.205866E+03     0.205472E+03     0.205019E+03     0.204272E+03     0.206895E+03     0.206911E+03     0.205789E+03     0.205577E+03     0.201849E+03     0.206657E+03     0.217842E+03     0.216263E+03     0.216799E+03     0.217922E+03     0.216526E+03     0.208517E+03     0.204808E+03     0.202337E+03     0.202185E+03     0.202477E+03     0.202582E+03     0.201548E+03     0.200619E+03     0.201506E+03     0.202556E+03     0.201667E+03     0.200686E+03     0.198717E+03     0.198542E+03     0.198931E+03     0.199205E+03     0.198766E+03     0.194042E+03     0.182417E+03     0.184427E+03     0.186979E+03     0.186756E+03     0.185887E+03     0.185203E+03     0.184721E+03     0.184273E+03     0.182640E+03     0.180601E+03     0.179148E+03     0.180075E+03     0.180583E+03     0.179799E+03     0.179657E+03     0.180064E+03     0.180619E+03     0.179148E+03     0.179148E+03     0.179148E+03     0.179148E+03     0.179148E+03     0.179148E+03     0.179148E+03     0.179148E+03     0.179148E+03     0.179148E+03     0.179148E+03     0.179148E+03     0.179148E+03     0.179148E+03     0.179148E+03     0.179148E+03     0.179148E+03     0.179148E+03     0.179148E+03     0.100000E+21
 0.336000E+04     0.242786E+03     0.241888E+03     0.238360E+03     0.238360E+03     0.229648E+03     0.228765E+03     0.226069E+03     0.227217E+03     0.242001E+03     0.229222E+03     0.228776E+03     0.226792E+03     0.224871E+03     0.223559E+03     0.223559E+03     0.223559E+03     0.223559E+03     0.223559E+03     0.227951E+03     0.227951E+03     0.232006E+03     0.232006E+03     0.221701E+03     0.221701E+03     0.221701E+03     0.221701E+03     0.221701E+03     0.221701E+03     0.221701E+03     0.206670E+03     0.205923E+03     0.206709E+03     0.210313E+03     0.215525E+03     0.230166E+03     0.224272E+03     0.216496E+03     0.212649E+03     0.210996E+03     0.210166E+03     0.210530E+03     0.212574E+03     0.215559E+03     0.227951E+03     0.227951E+03     0.221214E+03     0.210245E+03     0.210188E+03     0.209593E+03     0.209262E+03     0.209219E+03     0.209832E+03     0.211156E+03     0.209975E+03     0.206628E+03     0.206127E+03     0.205866E+03     0.205472E+03     0.205223E+03     0.204451E+03     0.203501E+03     0.203356E+03     0.207559E+03     0.209731E+03     0.206592E+03     0.201509E+03     0.205518E+03     0.209665E+03     0.215038E+03     0.215328E+03     0.214831E+03     0.215363E+03     0.211459E+03     0.202341E+03     0.202185E+03     0.202037E+03     0.202107E+03     0.201923E+03     0.201737E+03     0.201892E+03     0.200367E+03     0.201113E+03     0.202065E+03     0.200789E+03     0.200606E+03     0.198267E+03     0.198396E+03     0.198185E+03     0.190100E+03     0.182751E+03     0.182838E+03     0.184149E+03     0.183592E+03     0.185858E+03     0.186339E+03     0.185714E+03     0.183426E+03     0.183743E+03     0.183449E+03     0.179311E+03     0.179194E+03     0.180454E+03     0.181291E+03     0.180942E+03     0.179753E+03     0.180619E+03     0.179148E+03     0.179148E+03     0.179148E+03     0.179148E+03     0.179148E+03     0.179148E+03     0.179148E+03     0.179148E+03     0.179148E+03     0.179148E+03     0.179148E+03     0.179148E+03     0.179148E+03     0.179148E+03     0.179148E+03     0.179148E+03     0.179148E+03     0.179148E+03     0.179148E+03     0.100000E+21
 0.338000E+04     0.243823E+03     0.243061E+03     0.240736E+03     0.238360E+03     0.234280E+03     0.230413E+03     0.228048E+03     0.226584E+03     0.232238E+03     0.229456E+03     0.228776E+03     0.228776E+03     0.225658E+03     0.223559E+03     0.223559E+03     0.223559E+03     0.223559E+03     0.223559E+03     0.225077E+03     0.227416E+03     0.229040E+03     0.231413E+03     0.225319E+03     0.221701E+03     0.221701E+03     0.221701E+03     0.221701E+03     0.221701E+03     0.221701E+03     0.215190E+03     0.205901E+03     0.205194E+03     0.208691E+03     0.206670E+03     0.235053E+03     0.226744E+03     0.220333E+03     0.215975E+03     0.212356E+03     0.210711E+03     0.209481E+03     0.211876E+03     0.212068E+03     0.225499E+03     0.227413E+03     0.227951E+03     0.222561E+03     0.212956E+03     0.210072E+03     0.209401E+03     0.208439E+03     0.207998E+03     0.209295E+03     0.212569E+03     0.211421E+03     0.206151E+03     0.205866E+03     0.205472E+03     0.205207E+03     0.204686E+03     0.203953E+03     0.203112E+03     0.204320E+03     0.205953E+03     0.209371E+03     0.207372E+03     0.199658E+03     0.202799E+03     0.207568E+03     0.215581E+03     0.213789E+03     0.213397E+03     0.214419E+03     0.208524E+03     0.208333E+03     0.203576E+03     0.201634E+03     0.201444E+03     0.201969E+03     0.202541E+03     0.200864E+03     0.199620E+03     0.200349E+03     0.200305E+03     0.201549E+03     0.199978E+03     0.193523E+03     0.188712E+03     0.182679E+03     0.181526E+03     0.182182E+03     0.181766E+03     0.182157E+03     0.182997E+03     0.182999E+03     0.185480E+03     0.184824E+03     0.184960E+03     0.183903E+03     0.181817E+03     0.182635E+03     0.179595E+03     0.179949E+03     0.180348E+03     0.180772E+03     0.180619E+03     0.179148E+03     0.179148E+03     0.179148E+03     0.179148E+03     0.179148E+03     0.179148E+03     0.179148E+03     0.179148E+03     0.179148E+03     0.179148E+03     0.179148E+03     0.179148E+03     0.179148E+03     0.179148E+03     0.179148E+03     0.179148E+03     0.179148E+03     0.179148E+03     0.179148E+03     0.100000E+21
 0.340000E+04     0.244184E+03     0.244184E+03     0.242786E+03     0.242786E+03     0.238360E+03     0.238360E+03     0.230413E+03     0.230413E+03     0.225013E+03     0.229464E+03     0.228776E+03     0.228776E+03     0.228776E+03     0.223559E+03     0.223559E+03     0.223559E+03     0.223559E+03     0.223559E+03     0.223559E+03     0.226929E+03     0.227951E+03     0.230897E+03     0.227770E+03     0.221701E+03     0.221701E+03     0.221701E+03     0.221701E+03     0.221701E+03     0.221701E+03     0.221701E+03     0.206248E+03     0.205194E+03     0.205505E+03     0.206670E+03     0.206670E+03     0.224484E+03     0.221701E+03     0.220339E+03     0.212917E+03     0.212433E+03     0.212227E+03     0.209121E+03     0.211070E+03     0.213420E+03     0.221186E+03     0.227951E+03     0.227951E+03     0.227951E+03     0.210245E+03     0.210245E+03     0.208722E+03     0.208477E+03     0.207956E+03     0.208767E+03     0.213107E+03     0.211017E+03     0.205866E+03     0.205472E+03     0.205210E+03     0.204686E+03     0.204233E+03     0.203889E+03     0.202975E+03     0.202293E+03     0.201865E+03     0.207925E+03     0.208639E+03     0.205104E+03     0.198796E+03     0.198358E+03     0.200236E+03     0.212393E+03     0.211715E+03     0.211774E+03     0.213668E+03     0.211037E+03     0.201637E+03     0.201444E+03     0.201106E+03     0.200929E+03     0.200678E+03     0.201975E+03     0.201798E+03     0.196379E+03     0.188446E+03     0.188236E+03     0.185576E+03     0.183662E+03     0.183456E+03     0.180616E+03     0.181274E+03     0.182750E+03     0.182515E+03     0.181181E+03     0.181688E+03     0.181532E+03     0.185893E+03     0.185670E+03     0.185528E+03     0.185240E+03     0.183101E+03     0.182441E+03     0.179148E+03     0.179148E+03     0.179550E+03     0.180619E+03     0.179148E+03     0.179148E+03     0.179148E+03     0.179148E+03     0.179148E+03     0.179148E+03     0.179148E+03     0.179148E+03     0.179148E+03     0.179148E+03     0.179148E+03     0.179148E+03     0.179148E+03     0.179148E+03     0.179148E+03     0.179148E+03     0.179148E+03     0.179148E+03     0.179148E+03     0.100000E+21
 0.342000E+04     0.235772E+03     0.241240E+03     0.243317E+03     0.242786E+03     0.240029E+03     0.238360E+03     0.234468E+03     0.231683E+03     0.227871E+03     0.229512E+03     0.229209E+03     0.228776E+03     0.228776E+03     0.223559E+03     0.223559E+03     0.223559E+03     0.223559E+03     0.223559E+03     0.223559E+03     0.226818E+03     0.227951E+03     0.230803E+03     0.229943E+03     0.227196E+03     0.223443E+03     0.221701E+03     0.221701E+03     0.221701E+03     0.221701E+03     0.221701E+03     0.206451E+03     0.205980E+03     0.205999E+03     0.208544E+03     0.206670E+03     0.224607E+03     0.228708E+03     0.220115E+03     0.215141E+03     0.212125E+03     0.211418E+03     0.210563E+03     0.210142E+03     0.212222E+03     0.216597E+03     0.226168E+03     0.227951E+03     0.227951E+03     0.210245E+03     0.210245E+03     0.209191E+03     0.208477E+03     0.208103E+03     0.208035E+03     0.209763E+03     0.211794E+03     0.209322E+03     0.205472E+03     0.205210E+03     0.204686E+03     0.204207E+03     0.203889E+03     0.203147E+03     0.202690E+03     0.202284E+03     0.204335E+03     0.205049E+03     0.206642E+03     0.203430E+03     0.203183E+03     0.200305E+03     0.206014E+03     0.210804E+03     0.210959E+03     0.211495E+03     0.211372E+03     0.206423E+03     0.204758E+03     0.201104E+03     0.200929E+03     0.200678E+03     0.198716E+03     0.192564E+03     0.191989E+03     0.188446E+03     0.188236E+03     0.186873E+03     0.185838E+03     0.183900E+03     0.181975E+03     0.181626E+03     0.181423E+03     0.182515E+03     0.181834E+03     0.181096E+03     0.181367E+03     0.183513E+03     0.183187E+03     0.184779E+03     0.185240E+03     0.184276E+03     0.182313E+03     0.180709E+03     0.181131E+03     0.179584E+03     0.180619E+03     0.179148E+03     0.179148E+03     0.179148E+03     0.179148E+03     0.179148E+03     0.179148E+03     0.179148E+03     0.179148E+03     0.179148E+03     0.179148E+03     0.179148E+03     0.179148E+03     0.179148E+03     0.179148E+03     0.179148E+03     0.179148E+03     0.179148E+03     0.179148E+03     0.179148E+03     0.100000E+21
 0.344000E+04     0.228446E+03     0.233484E+03     0.243905E+03     0.243409E+03     0.241179E+03     0.238360E+03     0.238360E+03     0.235636E+03     0.230413E+03     0.229604E+03     0.229604E+03     0.228776E+03     0.228776E+03     0.225886E+03     0.224348E+03     0.223559E+03     0.223559E+03     0.223559E+03     0.223559E+03     0.225177E+03     0.227951E+03     0.229369E+03     0.232006E+03     0.232006E+03     0.225756E+03     0.221701E+03     0.221701E+03     0.221701E+03     0.221701E+03     0.221701E+03     0.210810E+03     0.206670E+03     0.206075E+03     0.207993E+03     0.206670E+03     0.215775E+03     0.235053E+03     0.220696E+03     0.218923E+03     0.213178E+03     0.211379E+03     0.211876E+03     0.211546E+03     0.209924E+03     0.211236E+03     0.219003E+03     0.227951E+03     0.227951E+03     0.218150E+03     0.213462E+03     0.209871E+03     0.209264E+03     0.208618E+03     0.207314E+03     0.207074E+03     0.209781E+03     0.209599E+03     0.208541E+03     0.208271E+03     0.204686E+03     0.204166E+03     0.203889E+03     0.203298E+03     0.203069E+03     0.202666E+03     0.202081E+03     0.201480E+03     0.204745E+03     0.204682E+03     0.207513E+03     0.203930E+03     0.199121E+03     0.203609E+03     0.204059E+03     0.210619E+03     0.210823E+03     0.209722E+03     0.209112E+03     0.204385E+03     0.203035E+03     0.200808E+03     0.194341E+03     0.184569E+03     0.186675E+03     0.186454E+03     0.188236E+03     0.188116E+03     0.187817E+03     0.186022E+03     0.183206E+03     0.182322E+03     0.181360E+03     0.182515E+03     0.181611E+03     0.181244E+03     0.181093E+03     0.180712E+03     0.181002E+03     0.182464E+03     0.185240E+03     0.185112E+03     0.183364E+03     0.183195E+03     0.183021E+03     0.180873E+03     0.180619E+03     0.179148E+03     0.179148E+03     0.179148E+03     0.179148E+03     0.179148E+03     0.179148E+03     0.179148E+03     0.179148E+03     0.179148E+03     0.179148E+03     0.179148E+03     0.179148E+03     0.179148E+03     0.179148E+03     0.179148E+03     0.179148E+03     0.179148E+03     0.179148E+03     0.179148E+03     0.100000E+21
 0.346000E+04     0.228446E+03     0.228446E+03     0.244184E+03     0.244184E+03     0.242056E+03     0.241024E+03     0.238360E+03     0.238360E+03     0.235198E+03     0.228527E+03     0.229604E+03     0.229244E+03     0.228974E+03     0.228776E+03     0.225129E+03     0.223559E+03     0.223559E+03     0.223559E+03     0.223559E+03     0.223559E+03     0.227951E+03     0.227951E+03     0.232006E+03     0.232006E+03     0.225700E+03     0.221701E+03     0.221701E+03     0.221701E+03     0.221701E+03     0.221701E+03     0.216171E+03     0.206670E+03     0.205809E+03     0.205194E+03     0.208685E+03     0.207470E+03     0.235053E+03     0.227362E+03     0.221110E+03     0.214885E+03     0.212227E+03     0.211876E+03     0.212483E+03     0.212052E+03     0.210051E+03     0.211441E+03     0.218571E+03     0.224885E+03     0.227951E+03     0.223767E+03     0.210245E+03     0.210245E+03     0.209731E+03     0.208566E+03     0.207353E+03     0.206534E+03     0.206083E+03     0.208475E+03     0.210510E+03     0.208694E+03     0.204170E+03     0.203889E+03     0.203299E+03     0.203069E+03     0.202666E+03     0.202387E+03     0.201517E+03     0.200893E+03     0.200544E+03     0.202842E+03     0.203030E+03     0.197090E+03     0.196989E+03     0.196720E+03     0.202387E+03     0.198237E+03     0.208933E+03     0.208370E+03     0.203737E+03     0.202971E+03     0.200957E+03     0.197747E+03     0.194220E+03     0.190691E+03     0.184187E+03     0.185905E+03     0.185634E+03     0.187817E+03     0.187668E+03     0.185723E+03     0.184343E+03     0.182750E+03     0.182515E+03     0.181696E+03     0.180495E+03     0.181036E+03     0.180957E+03     0.180324E+03     0.180627E+03     0.182412E+03     0.182287E+03     0.184724E+03     0.184589E+03     0.183866E+03     0.181687E+03     0.180619E+03     0.179148E+03     0.179148E+03     0.179148E+03     0.179148E+03     0.179148E+03     0.179148E+03     0.179148E+03     0.179148E+03     0.179148E+03     0.179148E+03     0.179148E+03     0.179148E+03     0.179148E+03     0.179148E+03     0.179148E+03     0.179148E+03     0.179148E+03     0.179148E+03     0.179148E+03     0.100000E+21
 0.348000E+04     0.228446E+03     0.228446E+03     0.238004E+03     0.244184E+03     0.243327E+03     0.242786E+03     0.240640E+03     0.240689E+03     0.238360E+03     0.227655E+03     0.229604E+03     0.229604E+03     0.229111E+03     0.228776E+03     0.224641E+03     0.223559E+03     0.223559E+03     0.223559E+03     0.223559E+03     0.223559E+03     0.227951E+03     0.227951E+03     0.232006E+03     0.232006E+03     0.228792E+03     0.221701E+03     0.221701E+03     0.221701E+03     0.221701E+03     0.221701E+03     0.217205E+03     0.206670E+03     0.206309E+03     0.205194E+03     0.210245E+03     0.207985E+03     0.235053E+03     0.232235E+03     0.221110E+03     0.217180E+03     0.214440E+03     0.211876E+03     0.210925E+03     0.212668E+03     0.209457E+03     0.208994E+03     0.211138E+03     0.216928E+03     0.227951E+03     0.227951E+03     0.216316E+03     0.210245E+03     0.210245E+03     0.209829E+03     0.208947E+03     0.206791E+03     0.206347E+03     0.205694E+03     0.207429E+03     0.211348E+03     0.207181E+03     0.203889E+03     0.203309E+03     0.203069E+03     0.202666E+03     0.202349E+03     0.201835E+03     0.201157E+03     0.200608E+03     0.200196E+03     0.199827E+03     0.197968E+03     0.198100E+03     0.196625E+03     0.196518E+03     0.192808E+03     0.204393E+03     0.203201E+03     0.200227E+03     0.200458E+03     0.200957E+03     0.200630E+03     0.200456E+03     0.198050E+03     0.192668E+03     0.191698E+03     0.186754E+03     0.185594E+03     0.185170E+03     0.187397E+03     0.186338E+03     0.184927E+03     0.184788E+03     0.182873E+03     0.180890E+03     0.181525E+03     0.180337E+03     0.180695E+03     0.180310E+03     0.179895E+03     0.180197E+03     0.182248E+03     0.181969E+03     0.183468E+03     0.182290E+03     0.180619E+03     0.179148E+03     0.179148E+03     0.179148E+03     0.179148E+03     0.179148E+03     0.179148E+03     0.179148E+03     0.179148E+03     0.179148E+03     0.179148E+03     0.179148E+03     0.179148E+03     0.179148E+03     0.179148E+03     0.179148E+03     0.179148E+03     0.179148E+03     0.179148E+03     0.179148E+03     0.100000E+21
 0.350000E+04     0.226669E+03     0.228005E+03     0.229693E+03     0.229305E+03     0.244041E+03     0.243961E+03     0.242786E+03     0.242786E+03     0.242114E+03     0.227231E+03     0.227618E+03     0.229604E+03     0.229473E+03     0.228776E+03     0.228551E+03     0.223559E+03     0.223559E+03     0.223559E+03     0.223559E+03     0.223559E+03     0.223910E+03     0.227239E+03     0.230248E+03     0.232006E+03     0.232006E+03     0.221701E+03     0.221701E+03     0.221701E+03     0.221701E+03     0.221701E+03     0.217598E+03     0.206670E+03     0.206392E+03     0.205194E+03     0.206780E+03     0.206802E+03     0.212183E+03     0.234754E+03     0.232236E+03     0.219150E+03     0.216524E+03     0.211876E+03     0.211442E+03     0.211164E+03     0.212458E+03     0.207623E+03     0.207641E+03     0.209645E+03     0.212897E+03     0.225885E+03     0.225674E+03     0.226795E+03     0.222722E+03     0.210245E+03     0.210245E+03     0.208970E+03     0.206572E+03     0.206029E+03     0.205787E+03     0.205995E+03     0.205221E+03     0.209224E+03     0.206129E+03     0.203069E+03     0.202666E+03     0.202305E+03     0.201835E+03     0.201294E+03     0.201007E+03     0.200580E+03     0.200156E+03     0.199668E+03     0.198768E+03     0.198580E+03     0.201350E+03     0.200007E+03     0.202674E+03     0.200368E+03     0.200030E+03     0.199842E+03     0.200015E+03     0.199837E+03     0.200456E+03     0.200150E+03     0.199929E+03     0.199410E+03     0.196962E+03     0.195351E+03     0.183867E+03     0.183731E+03     0.184920E+03     0.186979E+03     0.186756E+03     0.186161E+03     0.182076E+03     0.181905E+03     0.180854E+03     0.179408E+03     0.179475E+03     0.180750E+03     0.179437E+03     0.179987E+03     0.179820E+03     0.180439E+03     0.183236E+03     0.180619E+03     0.179148E+03     0.179148E+03     0.179148E+03     0.179148E+03     0.179148E+03     0.179148E+03     0.179148E+03     0.179148E+03     0.179148E+03     0.179148E+03     0.179148E+03     0.179148E+03     0.179148E+03     0.179148E+03     0.179148E+03     0.179148E+03     0.179148E+03     0.179148E+03     0.179148E+03     0.100000E+21
 0.352000E+04     0.226571E+03     0.226571E+03     0.228446E+03     0.228446E+03     0.232842E+03     0.244184E+03     0.244184E+03     0.243222E+03     0.242786E+03     0.227096E+03     0.227096E+03     0.229604E+03     0.229604E+03     0.228776E+03     0.228776E+03     0.223559E+03     0.223559E+03     0.223559E+03     0.223559E+03     0.223559E+03     0.223559E+03     0.226690E+03     0.229594E+03     0.232006E+03     0.232006E+03     0.221701E+03     0.221701E+03     0.221701E+03     0.221701E+03     0.221701E+03     0.221701E+03     0.221701E+03     0.206670E+03     0.206670E+03     0.205194E+03     0.208396E+03     0.206670E+03     0.235053E+03     0.235053E+03     0.220694E+03     0.220509E+03     0.216193E+03     0.212549E+03     0.209558E+03     0.210440E+03     0.213807E+03     0.207240E+03     0.206980E+03     0.209371E+03     0.210782E+03     0.225679E+03     0.227951E+03     0.227951E+03     0.222955E+03     0.210245E+03     0.210245E+03     0.210245E+03     0.210245E+03     0.207261E+03     0.205403E+03     0.204412E+03     0.204091E+03     0.210120E+03     0.209907E+03     0.209551E+03     0.203698E+03     0.201835E+03     0.201293E+03     0.201007E+03     0.200580E+03     0.200267E+03     0.199715E+03     0.200702E+03     0.200734E+03     0.200589E+03     0.201117E+03     0.201735E+03     0.203286E+03     0.202098E+03     0.199842E+03     0.199592E+03     0.199251E+03     0.199066E+03     0.199051E+03     0.199929E+03     0.199666E+03     0.199504E+03     0.199154E+03     0.198239E+03     0.197772E+03     0.182768E+03     0.182392E+03     0.182157E+03     0.185525E+03     0.186339E+03     0.186181E+03     0.181607E+03     0.181372E+03     0.179845E+03     0.179148E+03     0.180259E+03     0.179371E+03     0.179820E+03     0.179420E+03     0.179570E+03     0.180619E+03     0.179148E+03     0.179148E+03     0.179148E+03     0.179148E+03     0.179148E+03     0.179148E+03     0.179148E+03     0.179148E+03     0.179148E+03     0.179148E+03     0.179148E+03     0.179148E+03     0.179148E+03     0.179148E+03     0.179148E+03     0.179148E+03     0.179148E+03     0.179148E+03     0.179148E+03     0.100000E+21
 0.354000E+04     0.226571E+03     0.226571E+03     0.228446E+03     0.228446E+03     0.231432E+03     0.238654E+03     0.244184E+03     0.243611E+03     0.242786E+03     0.227096E+03     0.227096E+03     0.229604E+03     0.229604E+03     0.229071E+03     0.228884E+03     0.225402E+03     0.223559E+03     0.223559E+03     0.223559E+03     0.223559E+03     0.223559E+03     0.226391E+03     0.229702E+03     0.232006E+03     0.232006E+03     0.223796E+03     0.221701E+03     0.221701E+03     0.221701E+03     0.221701E+03     0.221701E+03     0.221701E+03     0.206670E+03     0.206670E+03     0.205194E+03     0.207084E+03     0.206670E+03     0.228675E+03     0.235053E+03     0.223821E+03     0.220509E+03     0.216193E+03     0.212944E+03     0.210120E+03     0.210257E+03     0.212442E+03     0.209421E+03     0.207986E+03     0.208354E+03     0.209699E+03     0.222223E+03     0.226733E+03     0.227320E+03     0.224408E+03     0.216426E+03     0.214218E+03     0.210245E+03     0.210245E+03     0.208474E+03     0.205403E+03     0.204490E+03     0.204091E+03     0.207437E+03     0.207222E+03     0.209551E+03     0.205916E+03     0.204288E+03     0.201272E+03     0.201007E+03     0.200580E+03     0.200296E+03     0.201380E+03     0.202013E+03     0.201426E+03     0.200589E+03     0.200843E+03     0.201546E+03     0.202447E+03     0.202378E+03     0.200881E+03     0.199592E+03     0.199235E+03     0.199066E+03     0.198954E+03     0.199436E+03     0.199666E+03     0.199513E+03     0.199154E+03     0.198538E+03     0.198076E+03     0.186029E+03     0.182538E+03     0.182284E+03     0.184190E+03     0.184715E+03     0.185464E+03     0.183344E+03     0.182874E+03     0.181110E+03     0.179770E+03     0.180085E+03     0.180783E+03     0.181232E+03     0.181172E+03     0.179670E+03     0.180619E+03     0.179148E+03     0.179148E+03     0.179148E+03     0.179148E+03     0.179148E+03     0.179148E+03     0.179148E+03     0.179148E+03     0.179148E+03     0.179148E+03     0.179148E+03     0.179148E+03     0.179148E+03     0.179148E+03     0.179148E+03     0.179148E+03     0.179148E+03     0.179148E+03     0.179148E+03     0.100000E+21
 0.356000E+04     0.225043E+03     0.225938E+03     0.227859E+03     0.228446E+03     0.228446E+03     0.228446E+03     0.244184E+03     0.244184E+03     0.243495E+03     0.227096E+03     0.227096E+03     0.228338E+03     0.229049E+03     0.229604E+03     0.229037E+03     0.228776E+03     0.223559E+03     0.223559E+03     0.223559E+03     0.223559E+03     0.223559E+03     0.224898E+03     0.228837E+03     0.229949E+03     0.231199E+03     0.227978E+03     0.221701E+03     0.221701E+03     0.221701E+03     0.221701E+03     0.221701E+03     0.221701E+03     0.206670E+03     0.206670E+03     0.205194E+03     0.205194E+03     0.208483E+03     0.215498E+03     0.235053E+03     0.228832E+03     0.220509E+03     0.218230E+03     0.215227E+03     0.211164E+03     0.210447E+03     0.209626E+03     0.211761E+03     0.210695E+03     0.209670E+03     0.208344E+03     0.212916E+03     0.217428E+03     0.218342E+03     0.226854E+03     0.227951E+03     0.224804E+03     0.219226E+03     0.219179E+03     0.213761E+03     0.207859E+03     0.206603E+03     0.204350E+03     0.203647E+03     0.203279E+03     0.206155E+03     0.205897E+03     0.208802E+03     0.204813E+03     0.204564E+03     0.202021E+03     0.201805E+03     0.204484E+03     0.204336E+03     0.203225E+03     0.202200E+03     0.201082E+03     0.200718E+03     0.200899E+03     0.201742E+03     0.201585E+03     0.201088E+03     0.200170E+03     0.199066E+03     0.198717E+03     0.198542E+03     0.198960E+03     0.198809E+03     0.199154E+03     0.198973E+03     0.198629E+03     0.194650E+03     0.190060E+03     0.189843E+03     0.184725E+03     0.180740E+03     0.182618E+03     0.185893E+03     0.185670E+03     0.182770E+03     0.183103E+03     0.182512E+03     0.183331E+03     0.182959E+03     0.183355E+03     0.181055E+03     0.180619E+03     0.179148E+03     0.179148E+03     0.179148E+03     0.179148E+03     0.179148E+03     0.179148E+03     0.179148E+03     0.179148E+03     0.179148E+03     0.179148E+03     0.179148E+03     0.179148E+03     0.179148E+03     0.179148E+03     0.179148E+03     0.179148E+03     0.179148E+03     0.179148E+03     0.179148E+03     0.100000E+21
 0.358000E+04     0.227611E+03     0.225051E+03     0.226571E+03     0.226571E+03     0.228446E+03     0.228446E+03     0.228446E+03     0.239258E+03     0.244184E+03     0.239470E+03     0.227096E+03     0.227096E+03     0.228591E+03     0.229604E+03     0.228936E+03     0.228776E+03     0.226958E+03     0.223559E+03     0.223559E+03     0.223559E+03     0.223559E+03     0.223559E+03     0.227951E+03     0.227951E+03     0.230660E+03     0.229160E+03     0.221701E+03     0.221701E+03     0.221701E+03     0.221701E+03     0.221701E+03     0.221701E+03     0.206670E+03     0.206670E+03     0.206670E+03     0.205735E+03     0.210245E+03     0.212005E+03     0.235053E+03     0.227918E+03     0.216524E+03     0.220209E+03     0.216831E+03     0.215544E+03     0.212228E+03     0.208814E+03     0.214554E+03     0.211165E+03     0.212774E+03     0.212530E+03     0.206598E+03     0.208267E+03     0.208031E+03     0.214029E+03     0.224459E+03     0.227951E+03     0.227951E+03     0.227951E+03     0.227951E+03     0.227951E+03     0.210245E+03     0.210245E+03     0.204027E+03     0.203789E+03     0.203390E+03     0.202645E+03     0.202034E+03     0.202297E+03     0.203660E+03     0.203420E+03     0.203244E+03     0.202928E+03     0.203869E+03     0.203911E+03     0.203764E+03     0.203608E+03     0.202309E+03     0.199811E+03     0.199802E+03     0.200398E+03     0.200148E+03     0.202232E+03     0.202065E+03     0.201084E+03     0.198542E+03     0.198267E+03     0.198106E+03     0.197743E+03     0.197520E+03     0.198629E+03     0.198258E+03     0.198092E+03     0.197831E+03     0.196958E+03     0.182076E+03     0.180320E+03     0.181607E+03     0.179877E+03     0.180488E+03     0.180520E+03     0.180362E+03     0.184737E+03     0.184589E+03     0.182955E+03     0.181321E+03     0.180619E+03     0.179148E+03     0.179148E+03     0.179148E+03     0.179148E+03     0.179148E+03     0.179148E+03     0.179148E+03     0.179148E+03     0.179148E+03     0.179148E+03     0.179148E+03     0.179148E+03     0.179148E+03     0.179148E+03     0.179148E+03     0.179148E+03     0.179148E+03     0.179148E+03     0.179148E+03     0.100000E+21
 0.360000E+04     0.227611E+03     0.226898E+03     0.224813E+03     0.226571E+03     0.227422E+03     0.228446E+03     0.228446E+03     0.231088E+03     0.244184E+03     0.240369E+03     0.227096E+03     0.227096E+03     0.228564E+03     0.229604E+03     0.229501E+03     0.228776E+03     0.226883E+03     0.223559E+03     0.223559E+03     0.223559E+03     0.223559E+03     0.223559E+03     0.227951E+03     0.227951E+03     0.230600E+03     0.230975E+03     0.229800E+03     0.221701E+03     0.221701E+03     0.221701E+03     0.221701E+03     0.221701E+03     0.215899E+03     0.206670E+03     0.206670E+03     0.205755E+03     0.206436E+03     0.208938E+03     0.213771E+03     0.232229E+03     0.228675E+03     0.220209E+03     0.219420E+03     0.215544E+03     0.212293E+03     0.209892E+03     0.209806E+03     0.212454E+03     0.210078E+03     0.209897E+03     0.208931E+03     0.205923E+03     0.206052E+03     0.210116E+03     0.212564E+03     0.216682E+03     0.225284E+03     0.227951E+03     0.227951E+03     0.227951E+03     0.222148E+03     0.210245E+03     0.206383E+03     0.203789E+03     0.203390E+03     0.202994E+03     0.202443E+03     0.212179E+03     0.211664E+03     0.203420E+03     0.203247E+03     0.202928E+03     0.202972E+03     0.203249E+03     0.203764E+03     0.203611E+03     0.202871E+03     0.202363E+03     0.199608E+03     0.199533E+03     0.200148E+03     0.200506E+03     0.200156E+03     0.201465E+03     0.200793E+03     0.200263E+03     0.198855E+03     0.197743E+03     0.197519E+03     0.197557E+03     0.197623E+03     0.198092E+03     0.197831E+03     0.188128E+03     0.182076E+03     0.181560E+03     0.179982E+03     0.181051E+03     0.180956E+03     0.179626E+03     0.180171E+03     0.182449E+03     0.184589E+03     0.184010E+03     0.182718E+03     0.180619E+03     0.179148E+03     0.179148E+03     0.179148E+03     0.179148E+03     0.179148E+03     0.179148E+03     0.179148E+03     0.179148E+03     0.179148E+03     0.179148E+03     0.179148E+03     0.179148E+03     0.179148E+03     0.179148E+03     0.179148E+03     0.179148E+03     0.179148E+03     0.179148E+03     0.179148E+03     0.100000E+21
 0.362000E+04     0.227611E+03     0.227611E+03     0.226675E+03     0.223559E+03     0.226571E+03     0.226571E+03     0.228446E+03     0.228446E+03     0.228446E+03     0.241721E+03     0.227096E+03     0.227096E+03     0.227096E+03     0.229604E+03     0.229604E+03     0.228776E+03     0.226989E+03     0.223559E+03     0.223559E+03     0.223559E+03     0.223559E+03     0.223559E+03     0.225332E+03     0.227951E+03     0.227951E+03     0.232006E+03     0.232006E+03     0.221701E+03     0.221701E+03     0.221701E+03     0.221701E+03     0.221701E+03     0.218790E+03     0.206670E+03     0.206670E+03     0.205729E+03     0.205194E+03     0.209960E+03     0.206670E+03     0.235053E+03     0.235053E+03     0.216193E+03     0.219280E+03     0.219598E+03     0.216458E+03     0.210453E+03     0.210104E+03     0.208646E+03     0.213872E+03     0.213604E+03     0.208511E+03     0.208267E+03     0.210187E+03     0.204421E+03     0.204116E+03     0.207232E+03     0.208768E+03     0.224459E+03     0.226825E+03     0.227951E+03     0.227951E+03     0.227951E+03     0.220488E+03     0.210245E+03     0.210245E+03     0.216703E+03     0.220339E+03     0.218374E+03     0.215893E+03     0.215027E+03     0.214361E+03     0.202928E+03     0.202738E+03     0.202348E+03     0.202185E+03     0.203063E+03     0.203220E+03     0.203032E+03     0.202712E+03     0.202541E+03     0.199023E+03     0.198687E+03     0.198499E+03     0.199314E+03     0.199096E+03     0.201311E+03     0.201156E+03     0.197743E+03     0.197490E+03     0.197208E+03     0.184195E+03     0.186979E+03     0.186756E+03     0.186587E+03     0.182076E+03     0.181905E+03     0.181607E+03     0.179148E+03     0.179148E+03     0.180906E+03     0.180717E+03     0.179366E+03     0.179820E+03     0.179682E+03     0.183224E+03     0.180619E+03     0.179148E+03     0.179148E+03     0.179148E+03     0.179148E+03     0.179148E+03     0.179148E+03     0.179148E+03     0.179148E+03     0.179148E+03     0.179148E+03     0.179148E+03     0.179148E+03     0.179148E+03     0.179148E+03     0.179148E+03     0.179148E+03     0.179148E+03     0.179148E+03     0.179148E+03     0.100000E+21
 0.364000E+04     0.227611E+03     0.227611E+03     0.226378E+03     0.223559E+03     0.226571E+03     0.226571E+03     0.228446E+03     0.228446E+03     0.228446E+03     0.240105E+03     0.227096E+03     0.227096E+03     0.227096E+03     0.229604E+03     0.229604E+03     0.228776E+03     0.226849E+03     0.223559E+03     0.223559E+03     0.223559E+03     0.223559E+03     0.223559E+03     0.225401E+03     0.227951E+03     0.227951E+03     0.232006E+03     0.232006E+03     0.221701E+03     0.221701E+03     0.221701E+03     0.221701E+03     0.221701E+03     0.217745E+03     0.206670E+03     0.206670E+03     0.205763E+03     0.205194E+03     0.209476E+03     0.206670E+03     0.235053E+03     0.235053E+03     0.216193E+03     0.218979E+03     0.219598E+03     0.216634E+03     0.210453E+03     0.210104E+03     0.208727E+03     0.213872E+03     0.213634E+03     0.208501E+03     0.208267E+03     0.210127E+03     0.204396E+03     0.204116E+03     0.207338E+03     0.208768E+03     0.224459E+03     0.226718E+03     0.227951E+03     0.227951E+03     0.227951E+03     0.220262E+03     0.210245E+03     0.210245E+03     0.215897E+03     0.220339E+03     0.218261E+03     0.215893E+03     0.215027E+03     0.214407E+03     0.202928E+03     0.202754E+03     0.202343E+03     0.202185E+03     0.203028E+03     0.203199E+03     0.203032E+03     0.202702E+03     0.202541E+03     0.199023E+03     0.198676E+03     0.198499E+03     0.199293E+03     0.199096E+03     0.201311E+03     0.201161E+03     0.197743E+03     0.197527E+03     0.197208E+03     0.184296E+03     0.186979E+03     0.186756E+03     0.186602E+03     0.182076E+03     0.181916E+03     0.181607E+03     0.179148E+03     0.179148E+03     0.180906E+03     0.180742E+03     0.179386E+03     0.179820E+03     0.179686E+03     0.183038E+03     0.180619E+03     0.179148E+03     0.179148E+03     0.179148E+03     0.179148E+03     0.179148E+03     0.179148E+03     0.179148E+03     0.179148E+03     0.179148E+03     0.179148E+03     0.179148E+03     0.179148E+03     0.179148E+03     0.179148E+03     0.179148E+03     0.179148E+03     0.179148E+03     0.179148E+03     0.179148E+03     0.100000E+21
 0.366000E+04     0.238360E+03     0.234725E+03     0.226791E+03     0.225233E+03     0.225786E+03     0.226571E+03     0.227612E+03     0.228116E+03     0.228446E+03     0.234549E+03     0.227096E+03     0.227096E+03     0.227096E+03     0.229604E+03     0.229604E+03     0.229118E+03     0.228776E+03     0.228776E+03     0.223559E+03     0.223559E+03     0.223559E+03     0.223559E+03     0.225480E+03     0.227951E+03     0.227951E+03     0.232006E+03     0.232006E+03     0.224345E+03     0.221701E+03     0.221701E+03     0.221701E+03     0.221701E+03     0.216718E+03     0.206670E+03     0.206670E+03     0.206170E+03     0.205194E+03     0.208308E+03     0.208150E+03     0.218706E+03     0.235053E+03     0.235053E+03     0.223732E+03     0.219598E+03     0.219410E+03     0.214872E+03     0.210104E+03     0.209868E+03     0.208392E+03     0.208387E+03     0.211056E+03     0.210955E+03     0.210232E+03     0.210569E+03     0.209211E+03     0.206960E+03     0.207838E+03     0.204612E+03     0.206054E+03     0.216509E+03     0.221857E+03     0.226505E+03     0.222440E+03     0.215989E+03     0.202207E+03     0.209654E+03     0.217585E+03     0.216856E+03     0.217097E+03     0.216222E+03     0.215705E+03     0.213277E+03     0.209062E+03     0.204552E+03     0.202185E+03     0.202042E+03     0.201925E+03     0.202375E+03     0.202278E+03     0.202541E+03     0.202288E+03     0.201957E+03     0.201798E+03     0.199541E+03     0.199350E+03     0.199211E+03     0.199874E+03     0.198659E+03     0.191995E+03     0.187938E+03     0.181082E+03     0.181559E+03     0.184853E+03     0.185896E+03     0.186339E+03     0.186199E+03     0.183507E+03     0.181372E+03     0.181227E+03     0.179878E+03     0.179453E+03     0.180020E+03     0.180206E+03     0.179811E+03     0.179767E+03     0.180619E+03     0.179148E+03     0.179148E+03     0.179148E+03     0.179148E+03     0.179148E+03     0.179148E+03     0.179148E+03     0.179148E+03     0.179148E+03     0.179148E+03     0.179148E+03     0.179148E+03     0.179148E+03     0.179148E+03     0.179148E+03     0.179148E+03     0.179148E+03     0.179148E+03     0.179148E+03     0.100000E+21
 0.368000E+04     0.238360E+03     0.238360E+03     0.235835E+03     0.227611E+03     0.226546E+03     0.223559E+03     0.226571E+03     0.226571E+03     0.228446E+03     0.228243E+03     0.227096E+03     0.227096E+03     0.227096E+03     0.227096E+03     0.229335E+03     0.229604E+03     0.228776E+03     0.228776E+03     0.223559E+03     0.223559E+03     0.223559E+03     0.223559E+03     0.223559E+03     0.223559E+03     0.226526E+03     0.228755E+03     0.232006E+03     0.228871E+03     0.221701E+03     0.221701E+03     0.221701E+03     0.221701E+03     0.221701E+03     0.221701E+03     0.206670E+03     0.206670E+03     0.205194E+03     0.205670E+03     0.210245E+03     0.217522E+03     0.235053E+03     0.235053E+03     0.235053E+03     0.215544E+03     0.218230E+03     0.218977E+03     0.214554E+03     0.211099E+03     0.209371E+03     0.209079E+03     0.207393E+03     0.208267E+03     0.208030E+03     0.208585E+03     0.211799E+03     0.210218E+03     0.206353E+03     0.209589E+03     0.209345E+03     0.202086E+03     0.201855E+03     0.203112E+03     0.206117E+03     0.209731E+03     0.209371E+03     0.201290E+03     0.199658E+03     0.206990E+03     0.217132E+03     0.216286E+03     0.214012E+03     0.216251E+03     0.215619E+03     0.211104E+03     0.210525E+03     0.209911E+03     0.201640E+03     0.201444E+03     0.201109E+03     0.200929E+03     0.200678E+03     0.201200E+03     0.199066E+03     0.198759E+03     0.198542E+03     0.198267E+03     0.198105E+03     0.199154E+03     0.198916E+03     0.197772E+03     0.192159E+03     0.182750E+03     0.180302E+03     0.181604E+03     0.181688E+03     0.184900E+03     0.185893E+03     0.185670E+03     0.185525E+03     0.180906E+03     0.180718E+03     0.180019E+03     0.179148E+03     0.179148E+03     0.179961E+03     0.180619E+03     0.179148E+03     0.179148E+03     0.179148E+03     0.179148E+03     0.179148E+03     0.179148E+03     0.179148E+03     0.179148E+03     0.179148E+03     0.179148E+03     0.179148E+03     0.179148E+03     0.179148E+03     0.179148E+03     0.179148E+03     0.179148E+03     0.179148E+03     0.179148E+03     0.179148E+03     0.100000E+21
 0.370000E+04     0.238360E+03     0.238360E+03     0.236821E+03     0.234972E+03     0.227021E+03     0.226318E+03     0.224733E+03     0.225959E+03     0.227168E+03     0.228068E+03     0.227096E+03     0.227096E+03     0.227096E+03     0.227096E+03     0.228937E+03     0.229604E+03     0.228776E+03     0.228776E+03     0.227090E+03     0.224459E+03     0.223559E+03     0.223559E+03     0.223559E+03     0.223559E+03     0.226317E+03     0.229337E+03     0.232006E+03     0.228311E+03     0.221701E+03     0.221701E+03     0.221701E+03     0.221701E+03     0.221701E+03     0.221701E+03     0.206670E+03     0.206670E+03     0.205194E+03     0.206511E+03     0.210245E+03     0.211567E+03     0.217731E+03     0.235053E+03     0.235053E+03     0.215544E+03     0.216172E+03     0.218977E+03     0.214994E+03     0.213527E+03     0.209371E+03     0.209125E+03     0.207762E+03     0.207100E+03     0.206988E+03     0.208058E+03     0.208598E+03     0.208439E+03     0.209574E+03     0.210289E+03     0.208076E+03     0.203853E+03     0.203566E+03     0.203635E+03     0.204026E+03     0.205165E+03     0.204858E+03     0.206326E+03     0.205761E+03     0.202595E+03     0.205959E+03     0.206121E+03     0.212575E+03     0.213606E+03     0.213110E+03     0.212998E+03     0.212680E+03     0.210647E+03     0.206120E+03     0.205683E+03     0.201093E+03     0.200929E+03     0.200354E+03     0.201717E+03     0.201116E+03     0.198728E+03     0.198542E+03     0.198267E+03     0.198113E+03     0.198202E+03     0.198759E+03     0.198351E+03     0.195298E+03     0.191578E+03     0.181796E+03     0.181992E+03     0.180409E+03     0.182118E+03     0.185893E+03     0.185670E+03     0.185537E+03     0.183854E+03     0.181623E+03     0.180183E+03     0.179873E+03     0.179715E+03     0.179767E+03     0.180619E+03     0.179148E+03     0.179148E+03     0.179148E+03     0.179148E+03     0.179148E+03     0.179148E+03     0.179148E+03     0.179148E+03     0.179148E+03     0.179148E+03     0.179148E+03     0.179148E+03     0.179148E+03     0.179148E+03     0.179148E+03     0.179148E+03     0.179148E+03     0.179148E+03     0.179148E+03     0.100000E+21
 0.372000E+04     0.235053E+03     0.237137E+03     0.238360E+03     0.238360E+03     0.227611E+03     0.227611E+03     0.227611E+03     0.224812E+03     0.226571E+03     0.228232E+03     0.227096E+03     0.227096E+03     0.227096E+03     0.227096E+03     0.229304E+03     0.229604E+03     0.228776E+03     0.228776E+03     0.228776E+03     0.224740E+03     0.223559E+03     0.223559E+03     0.223559E+03     0.223559E+03     0.226498E+03     0.228787E+03     0.232006E+03     0.228802E+03     0.221701E+03     0.221701E+03     0.221701E+03     0.221701E+03     0.221701E+03     0.221701E+03     0.206670E+03     0.206670E+03     0.205194E+03     0.205740E+03     0.210245E+03     0.208860E+03     0.206670E+03     0.235053E+03     0.235053E+03     0.235053E+03     0.220998E+03     0.214872E+03     0.215198E+03     0.215198E+03     0.213872E+03     0.213608E+03     0.208509E+03     0.208267E+03     0.206994E+03     0.206123E+03     0.207130E+03     0.206650E+03     0.206353E+03     0.205972E+03     0.204764E+03     0.204171E+03     0.204238E+03     0.203889E+03     0.203308E+03     0.203069E+03     0.201865E+03     0.201519E+03     0.201835E+03     0.208141E+03     0.207883E+03     0.198358E+03     0.198031E+03     0.200455E+03     0.210301E+03     0.211762E+03     0.213668E+03     0.213085E+03     0.208401E+03     0.207650E+03     0.199796E+03     0.200398E+03     0.200148E+03     0.200520E+03     0.202065E+03     0.201765E+03     0.201549E+03     0.198267E+03     0.198106E+03     0.197743E+03     0.197498E+03     0.198629E+03     0.198258E+03     0.198092E+03     0.197831E+03     0.196921E+03     0.182076E+03     0.181907E+03     0.181235E+03     0.181002E+03     0.184075E+03     0.185240E+03     0.185075E+03     0.183287E+03     0.180206E+03     0.180068E+03     0.179967E+03     0.180619E+03     0.179148E+03     0.179148E+03     0.179148E+03     0.179148E+03     0.179148E+03     0.179148E+03     0.179148E+03     0.179148E+03     0.179148E+03     0.179148E+03     0.179148E+03     0.179148E+03     0.179148E+03     0.179148E+03     0.179148E+03     0.179148E+03     0.179148E+03     0.179148E+03     0.179148E+03     0.100000E+21
 0.374000E+04     0.235053E+03     0.235742E+03     0.238360E+03     0.238360E+03     0.233440E+03     0.227611E+03     0.227611E+03     0.226802E+03     0.226571E+03     0.226900E+03     0.227096E+03     0.227096E+03     0.227096E+03     0.227096E+03     0.227357E+03     0.229604E+03     0.229144E+03     0.228776E+03     0.228776E+03     0.224740E+03     0.223559E+03     0.223559E+03     0.223559E+03     0.223559E+03     0.226498E+03     0.228787E+03     0.232006E+03     0.230599E+03     0.229943E+03     0.221701E+03     0.221701E+03     0.221701E+03     0.221701E+03     0.221701E+03     0.206670E+03     0.206670E+03     0.206259E+03     0.205446E+03     0.206643E+03     0.208860E+03     0.206670E+03     0.214889E+03     0.232245E+03     0.235053E+03     0.220998E+03     0.214872E+03     0.214697E+03     0.215094E+03     0.214976E+03     0.214846E+03     0.210525E+03     0.208267E+03     0.207677E+03     0.206881E+03     0.205670E+03     0.205651E+03     0.206353E+03     0.204878E+03     0.204430E+03     0.204171E+03     0.204147E+03     0.203889E+03     0.203308E+03     0.203069E+03     0.202430E+03     0.201579E+03     0.201238E+03     0.203287E+03     0.203706E+03     0.205150E+03     0.204553E+03     0.197933E+03     0.201910E+03     0.211754E+03     0.210260E+03     0.210447E+03     0.204383E+03     0.203805E+03     0.199615E+03     0.199532E+03     0.199460E+03     0.200122E+03     0.200142E+03     0.201765E+03     0.201549E+03     0.200121E+03     0.198785E+03     0.197743E+03     0.197498E+03     0.197604E+03     0.197656E+03     0.198092E+03     0.197831E+03     0.197475E+03     0.193685E+03     0.191832E+03     0.181464E+03     0.179519E+03     0.181456E+03     0.185240E+03     0.185075E+03     0.184105E+03     0.183804E+03     0.182789E+03     0.179967E+03     0.180619E+03     0.179148E+03     0.179148E+03     0.179148E+03     0.179148E+03     0.179148E+03     0.179148E+03     0.179148E+03     0.179148E+03     0.179148E+03     0.179148E+03     0.179148E+03     0.179148E+03     0.179148E+03     0.179148E+03     0.179148E+03     0.179148E+03     0.179148E+03     0.179148E+03     0.179148E+03     0.100000E+21
 0.376000E+04     0.235053E+03     0.235053E+03     0.238360E+03     0.238360E+03     0.236347E+03     0.231042E+03     0.227611E+03     0.227611E+03     0.225612E+03     0.226652E+03     0.226924E+03     0.227096E+03     0.227096E+03     0.227096E+03     0.227096E+03     0.229604E+03     0.229286E+03     0.228776E+03     0.228776E+03     0.225172E+03     0.223559E+03     0.223559E+03     0.223559E+03     0.223559E+03     0.225401E+03     0.228766E+03     0.230709E+03     0.232006E+03     0.232006E+03     0.221701E+03     0.221701E+03     0.221701E+03     0.221701E+03     0.221701E+03     0.212541E+03     0.209197E+03     0.206670E+03     0.205194E+03     0.205194E+03     0.208770E+03     0.206670E+03     0.206670E+03     0.228126E+03     0.235053E+03     0.226197E+03     0.214872E+03     0.214554E+03     0.214771E+03     0.215198E+03     0.215198E+03     0.212461E+03     0.209704E+03     0.208833E+03     0.207041E+03     0.205941E+03     0.204957E+03     0.205652E+03     0.204171E+03     0.204171E+03     0.204171E+03     0.204129E+03     0.203981E+03     0.203442E+03     0.203069E+03     0.202666E+03     0.201950E+03     0.201293E+03     0.200627E+03     0.200686E+03     0.205018E+03     0.204726E+03     0.200380E+03     0.199907E+03     0.207448E+03     0.207270E+03     0.206727E+03     0.203190E+03     0.203032E+03     0.200617E+03     0.200319E+03     0.199023E+03     0.199561E+03     0.199622E+03     0.201243E+03     0.201549E+03     0.201311E+03     0.200004E+03     0.197743E+03     0.197540E+03     0.197208E+03     0.197154E+03     0.197532E+03     0.197831E+03     0.197638E+03     0.196697E+03     0.196550E+03     0.187116E+03     0.179850E+03     0.180608E+03     0.183731E+03     0.183574E+03     0.184728E+03     0.184589E+03     0.184461E+03     0.180908E+03     0.180619E+03     0.179148E+03     0.179148E+03     0.179148E+03     0.179148E+03     0.179148E+03     0.179148E+03     0.179148E+03     0.179148E+03     0.179148E+03     0.179148E+03     0.179148E+03     0.179148E+03     0.179148E+03     0.179148E+03     0.179148E+03     0.179148E+03     0.179148E+03     0.179148E+03     0.179148E+03     0.100000E+21
 0.378000E+04     0.235053E+03     0.235053E+03     0.236412E+03     0.238360E+03     0.238360E+03     0.238360E+03     0.233823E+03     0.229369E+03     0.226541E+03     0.224473E+03     0.226571E+03     0.227096E+03     0.227096E+03     0.227096E+03     0.227096E+03     0.229604E+03     0.229320E+03     0.228776E+03     0.228776E+03     0.227734E+03     0.223559E+03     0.223559E+03     0.223559E+03     0.223559E+03     0.223559E+03     0.227951E+03     0.227951E+03     0.232006E+03     0.232006E+03     0.221701E+03     0.221701E+03     0.221701E+03     0.221701E+03     0.221701E+03     0.221701E+03     0.212121E+03     0.206670E+03     0.205194E+03     0.205194E+03     0.208878E+03     0.206670E+03     0.206670E+03     0.235328E+03     0.239847E+03     0.236020E+03     0.226583E+03     0.229935E+03     0.217442E+03     0.214107E+03     0.215038E+03     0.214829E+03     0.214795E+03     0.212049E+03     0.210437E+03     0.209733E+03     0.204171E+03     0.204171E+03     0.204171E+03     0.204171E+03     0.204171E+03     0.204171E+03     0.204171E+03     0.203966E+03     0.203713E+03     0.203667E+03     0.202415E+03     0.201835E+03     0.200983E+03     0.200659E+03     0.199746E+03     0.199599E+03     0.200872E+03     0.201654E+03     0.201678E+03     0.202185E+03     0.202399E+03     0.203219E+03     0.203032E+03     0.202711E+03     0.202541E+03     0.200918E+03     0.198834E+03     0.198767E+03     0.198778E+03     0.199904E+03     0.199887E+03     0.200637E+03     0.199799E+03     0.200111E+03     0.197208E+03     0.196834E+03     0.196659E+03     0.196850E+03     0.197459E+03     0.197281E+03     0.197092E+03     0.196388E+03     0.193112E+03     0.190298E+03     0.180828E+03     0.180632E+03     0.181800E+03     0.180747E+03     0.183388E+03     0.183217E+03     0.180619E+03     0.179148E+03     0.179148E+03     0.179148E+03     0.179148E+03     0.179148E+03     0.179148E+03     0.179148E+03     0.179148E+03     0.179148E+03     0.179148E+03     0.179148E+03     0.179148E+03     0.179148E+03     0.179148E+03     0.179148E+03     0.179148E+03     0.179148E+03     0.179148E+03     0.179148E+03     0.100000E+21
 0.380000E+04     0.233264E+03     0.234374E+03     0.235623E+03     0.236419E+03     0.238360E+03     0.238360E+03     0.238360E+03     0.231676E+03     0.227611E+03     0.225693E+03     0.224806E+03     0.227096E+03     0.227096E+03     0.227096E+03     0.227096E+03     0.229604E+03     0.229451E+03     0.229235E+03     0.228776E+03     0.228776E+03     0.223559E+03     0.223559E+03     0.223559E+03     0.223559E+03     0.223559E+03     0.227951E+03     0.227951E+03     0.232006E+03     0.232006E+03     0.227438E+03     0.221701E+03     0.221701E+03     0.221701E+03     0.221701E+03     0.221701E+03     0.212864E+03     0.206670E+03     0.205194E+03     0.205194E+03     0.209549E+03     0.208655E+03     0.206670E+03     0.230121E+03     0.241350E+03     0.239727E+03     0.235053E+03     0.235053E+03     0.229662E+03     0.213872E+03     0.214070E+03     0.215198E+03     0.215198E+03     0.214535E+03     0.217388E+03     0.210245E+03     0.206532E+03     0.204171E+03     0.204171E+03     0.204171E+03     0.204171E+03     0.204171E+03     0.204171E+03     0.204171E+03     0.204171E+03     0.204171E+03     0.203656E+03     0.203207E+03     0.201268E+03     0.201007E+03     0.200236E+03     0.205388E+03     0.207684E+03     0.204293E+03     0.202337E+03     0.202185E+03     0.202042E+03     0.202262E+03     0.202101E+03     0.202691E+03     0.202541E+03     0.202288E+03     0.199887E+03     0.198499E+03     0.198323E+03     0.198439E+03     0.198210E+03     0.199037E+03     0.200796E+03     0.200621E+03     0.199019E+03     0.196820E+03     0.196659E+03     0.196386E+03     0.196586E+03     0.196433E+03     0.196831E+03     0.196760E+03     0.196472E+03     0.196077E+03     0.189689E+03     0.189171E+03     0.180184E+03     0.180047E+03     0.180939E+03     0.181032E+03     0.180619E+03     0.179148E+03     0.179148E+03     0.179148E+03     0.179148E+03     0.179148E+03     0.179148E+03     0.179148E+03     0.179148E+03     0.179148E+03     0.179148E+03     0.179148E+03     0.179148E+03     0.179148E+03     0.179148E+03     0.179148E+03     0.179148E+03     0.179148E+03     0.179148E+03     0.179148E+03     0.100000E+21
 0.382000E+04     0.232006E+03     0.233874E+03     0.235053E+03     0.235053E+03     0.238360E+03     0.238360E+03     0.238360E+03     0.238360E+03     0.227611E+03     0.226644E+03     0.223559E+03     0.227096E+03     0.227096E+03     0.227096E+03     0.227096E+03     0.227096E+03     0.229604E+03     0.229604E+03     0.228776E+03     0.228776E+03     0.223559E+03     0.223559E+03     0.223559E+03     0.223559E+03     0.223559E+03     0.224868E+03     0.227951E+03     0.229324E+03     0.232006E+03     0.232006E+03     0.221701E+03     0.221701E+03     0.221701E+03     0.221701E+03     0.221701E+03     0.212465E+03     0.206670E+03     0.205194E+03     0.205194E+03     0.210245E+03     0.210245E+03     0.206670E+03     0.227949E+03     0.235053E+03     0.239310E+03     0.241350E+03     0.235053E+03     0.235053E+03     0.235053E+03     0.220002E+03     0.218663E+03     0.227951E+03     0.227951E+03     0.227951E+03     0.227951E+03     0.222784E+03     0.210245E+03     0.210245E+03     0.206316E+03     0.204171E+03     0.204171E+03     0.204171E+03     0.204171E+03     0.204171E+03     0.204171E+03     0.204171E+03     0.204171E+03     0.209320E+03     0.218749E+03     0.215027E+03     0.214407E+03     0.213277E+03     0.212658E+03     0.202343E+03     0.202185E+03     0.202035E+03     0.201620E+03     0.201444E+03     0.201099E+03     0.200929E+03     0.202288E+03     0.201968E+03     0.201798E+03     0.200643E+03     0.197975E+03     0.197700E+03     0.197544E+03     0.198310E+03     0.198093E+03     0.200296E+03     0.199931E+03     0.199769E+03     0.196386E+03     0.196184E+03     0.195838E+03     0.195652E+03     0.196760E+03     0.196472E+03     0.196291E+03     0.195925E+03     0.195733E+03     0.194958E+03     0.194191E+03     0.185936E+03     0.179610E+03     0.180619E+03     0.179148E+03     0.179148E+03     0.179148E+03     0.179148E+03     0.179148E+03     0.179148E+03     0.179148E+03     0.179148E+03     0.179148E+03     0.179148E+03     0.179148E+03     0.179148E+03     0.179148E+03     0.179148E+03     0.179148E+03     0.179148E+03     0.179148E+03     0.179148E+03     0.179148E+03     0.100000E+21
 0.384000E+04     0.232006E+03     0.232712E+03     0.235053E+03     0.235053E+03     0.236626E+03     0.238360E+03     0.238360E+03     0.238360E+03     0.235627E+03     0.227336E+03     0.226282E+03     0.227096E+03     0.227096E+03     0.227096E+03     0.227096E+03     0.227096E+03     0.229604E+03     0.229604E+03     0.228776E+03     0.228776E+03     0.227926E+03     0.224304E+03     0.223559E+03     0.223559E+03     0.223559E+03     0.224395E+03     0.227951E+03     0.229183E+03     0.232006E+03     0.232006E+03     0.221701E+03     0.221701E+03     0.221701E+03     0.221701E+03     0.221701E+03     0.212119E+03     0.206670E+03     0.205194E+03     0.205194E+03     0.210245E+03     0.210245E+03     0.206670E+03     0.227900E+03     0.235053E+03     0.236436E+03     0.241350E+03     0.239847E+03     0.239140E+03     0.235053E+03     0.231763E+03     0.222398E+03     0.224972E+03     0.225864E+03     0.227951E+03     0.227951E+03     0.225983E+03     0.222895E+03     0.220515E+03     0.211965E+03     0.208561E+03     0.204171E+03     0.204171E+03     0.204171E+03     0.204171E+03     0.204171E+03     0.204171E+03     0.204171E+03     0.214129E+03     0.218749E+03     0.217095E+03     0.214733E+03     0.213277E+03     0.212603E+03     0.207593E+03     0.209299E+03     0.203601E+03     0.201642E+03     0.201444E+03     0.201109E+03     0.200929E+03     0.201348E+03     0.201173E+03     0.201798E+03     0.201230E+03     0.200223E+03     0.197700E+03     0.197539E+03     0.197531E+03     0.197054E+03     0.198554E+03     0.199937E+03     0.199769E+03     0.198533E+03     0.198458E+03     0.195838E+03     0.195640E+03     0.195890E+03     0.195312E+03     0.196040E+03     0.195925E+03     0.195704E+03     0.195153E+03     0.194933E+03     0.191362E+03     0.187357E+03     0.180619E+03     0.179148E+03     0.179148E+03     0.179148E+03     0.179148E+03     0.179148E+03     0.179148E+03     0.179148E+03     0.179148E+03     0.179148E+03     0.179148E+03     0.179148E+03     0.179148E+03     0.179148E+03     0.179148E+03     0.179148E+03     0.179148E+03     0.179148E+03     0.179148E+03     0.179148E+03     0.100000E+21
 0.386000E+04     0.237940E+03     0.234271E+03     0.232861E+03     0.235053E+03     0.236025E+03     0.238360E+03     0.238360E+03     0.238360E+03     0.238360E+03     0.227611E+03     0.227611E+03     0.227096E+03     0.227096E+03     0.227096E+03     0.227096E+03     0.227096E+03     0.229604E+03     0.229604E+03     0.228776E+03     0.228776E+03     0.228776E+03     0.225109E+03     0.223559E+03     0.223559E+03     0.223559E+03     0.224729E+03     0.227951E+03     0.229286E+03     0.232006E+03     0.232006E+03     0.221701E+03     0.221701E+03     0.221701E+03     0.221701E+03     0.221701E+03     0.212385E+03     0.206670E+03     0.205194E+03     0.205194E+03     0.210245E+03     0.210245E+03     0.206670E+03     0.206670E+03     0.231536E+03     0.231536E+03     0.235053E+03     0.235053E+03     0.239388E+03     0.241350E+03     0.230988E+03     0.227096E+03     0.227096E+03     0.225511E+03     0.224459E+03     0.224459E+03     0.227951E+03     0.227951E+03     0.227951E+03     0.227951E+03     0.227951E+03     0.210245E+03     0.210245E+03     0.204171E+03     0.204171E+03     0.204171E+03     0.200923E+03     0.199658E+03     0.207327E+03     0.217132E+03     0.214175E+03     0.216290E+03     0.216251E+03     0.213500E+03     0.211090E+03     0.210525E+03     0.209930E+03     0.206659E+03     0.201444E+03     0.201102E+03     0.200929E+03     0.200678E+03     0.200350E+03     0.200178E+03     0.200227E+03     0.201296E+03     0.201045E+03     0.200886E+03     0.197164E+03     0.196940E+03     0.196630E+03     0.196682E+03     0.197237E+03     0.199519E+03     0.199320E+03     0.198994E+03     0.196611E+03     0.195279E+03     0.195006E+03     0.194814E+03     0.194434E+03     0.195327E+03     0.195279E+03     0.195092E+03     0.194933E+03     0.190400E+03     0.180619E+03     0.179148E+03     0.179148E+03     0.179148E+03     0.179148E+03     0.179148E+03     0.179148E+03     0.179148E+03     0.179148E+03     0.179148E+03     0.179148E+03     0.179148E+03     0.179148E+03     0.179148E+03     0.179148E+03     0.179148E+03     0.179148E+03     0.179148E+03     0.179148E+03     0.179148E+03     0.100000E+21
 0.388000E+04     0.237940E+03     0.234190E+03     0.232862E+03     0.235053E+03     0.235503E+03     0.236378E+03     0.238360E+03     0.238360E+03     0.238360E+03     0.233060E+03     0.227611E+03     0.227096E+03     0.227096E+03     0.227096E+03     0.227096E+03     0.227096E+03     0.229604E+03     0.229604E+03     0.229262E+03     0.228882E+03     0.228776E+03     0.225069E+03     0.223559E+03     0.223559E+03     0.223559E+03     0.224135E+03     0.225243E+03     0.228566E+03     0.229524E+03     0.232006E+03     0.226041E+03     0.221701E+03     0.221701E+03     0.221701E+03     0.221701E+03     0.212180E+03     0.206670E+03     0.205984E+03     0.205194E+03     0.208518E+03     0.210245E+03     0.208743E+03     0.207079E+03     0.231536E+03     0.231536E+03     0.233167E+03     0.232922E+03     0.236338E+03     0.221499E+03     0.218115E+03     0.220301E+03     0.227096E+03     0.226377E+03     0.225619E+03     0.224459E+03     0.225922E+03     0.225880E+03     0.227951E+03     0.227951E+03     0.227951E+03     0.221266E+03     0.220473E+03     0.207438E+03     0.207438E+03     0.203302E+03     0.205389E+03     0.199658E+03     0.203342E+03     0.208898E+03     0.215427E+03     0.214917E+03     0.213851E+03     0.214244E+03     0.212150E+03     0.210525E+03     0.209917E+03     0.207526E+03     0.205296E+03     0.203367E+03     0.200929E+03     0.200678E+03     0.200353E+03     0.200178E+03     0.200034E+03     0.200342E+03     0.200158E+03     0.200549E+03     0.199120E+03     0.199079E+03     0.196630E+03     0.196447E+03     0.196613E+03     0.198028E+03     0.199008E+03     0.198994E+03     0.197907E+03     0.196988E+03     0.195006E+03     0.194810E+03     0.194434E+03     0.194615E+03     0.194704E+03     0.195092E+03     0.194930E+03     0.190507E+03     0.180619E+03     0.179148E+03     0.179148E+03     0.179148E+03     0.179148E+03     0.179148E+03     0.179148E+03     0.179148E+03     0.179148E+03     0.179148E+03     0.179148E+03     0.179148E+03     0.179148E+03     0.179148E+03     0.179148E+03     0.179148E+03     0.179148E+03     0.179148E+03     0.179148E+03     0.179148E+03     0.100000E+21
 0.390000E+04     0.235016E+03     0.234959E+03     0.232596E+03     0.233551E+03     0.235053E+03     0.235053E+03     0.238360E+03     0.238360E+03     0.238360E+03     0.236594E+03     0.232908E+03     0.227096E+03     0.227096E+03     0.227096E+03     0.227096E+03     0.227096E+03     0.228868E+03     0.229604E+03     0.229604E+03     0.229065E+03     0.228776E+03     0.225541E+03     0.223559E+03     0.223559E+03     0.223559E+03     0.223559E+03     0.223559E+03     0.227951E+03     0.227951E+03     0.232006E+03     0.228106E+03     0.221701E+03     0.221701E+03     0.221701E+03     0.221701E+03     0.212929E+03     0.206670E+03     0.206211E+03     0.205194E+03     0.207354E+03     0.210245E+03     0.210245E+03     0.207864E+03     0.219284E+03     0.226870E+03     0.231536E+03     0.220976E+03     0.222987E+03     0.211048E+03     0.208923E+03     0.212337E+03     0.217818E+03     0.217667E+03     0.220639E+03     0.225758E+03     0.225761E+03     0.225758E+03     0.226221E+03     0.226224E+03     0.227951E+03     0.227951E+03     0.227951E+03     0.206804E+03     0.206691E+03     0.202271E+03     0.204591E+03     0.204083E+03     0.202337E+03     0.200271E+03     0.207452E+03     0.207248E+03     0.213469E+03     0.213476E+03     0.212362E+03     0.212074E+03     0.211536E+03     0.208243E+03     0.207650E+03     0.205391E+03     0.203260E+03     0.202627E+03     0.200334E+03     0.200178E+03     0.199826E+03     0.199651E+03     0.199388E+03     0.199721E+03     0.200531E+03     0.200359E+03     0.198299E+03     0.197211E+03     0.196069E+03     0.196394E+03     0.197446E+03     0.197730E+03     0.198348E+03     0.198456E+03     0.196583E+03     0.196420E+03     0.194434E+03     0.194260E+03     0.194054E+03     0.194353E+03     0.194190E+03     0.189247E+03     0.180619E+03     0.179148E+03     0.179148E+03     0.179148E+03     0.179148E+03     0.179148E+03     0.179148E+03     0.179148E+03     0.179148E+03     0.179148E+03     0.179148E+03     0.179148E+03     0.179148E+03     0.179148E+03     0.179148E+03     0.179148E+03     0.179148E+03     0.179148E+03     0.179148E+03     0.179148E+03     0.100000E+21
 0.392000E+04     0.232006E+03     0.235536E+03     0.234586E+03     0.232006E+03     0.235053E+03     0.235053E+03     0.236402E+03     0.237686E+03     0.238360E+03     0.238360E+03     0.238360E+03     0.227096E+03     0.227096E+03     0.227096E+03     0.227096E+03     0.227096E+03     0.228077E+03     0.229604E+03     0.229604E+03     0.229043E+03     0.228776E+03     0.225412E+03     0.223559E+03     0.223559E+03     0.223559E+03     0.223559E+03     0.223559E+03     0.227951E+03     0.227951E+03     0.232006E+03     0.228340E+03     0.221701E+03     0.221701E+03     0.221701E+03     0.221701E+03     0.212744E+03     0.206670E+03     0.206260E+03     0.205194E+03     0.207302E+03     0.210245E+03     0.210245E+03     0.207756E+03     0.206670E+03     0.224140E+03     0.221652E+03     0.212995E+03     0.213386E+03     0.210567E+03     0.210556E+03     0.209169E+03     0.206348E+03     0.206269E+03     0.210471E+03     0.214100E+03     0.218083E+03     0.227096E+03     0.226018E+03     0.225017E+03     0.225688E+03     0.212658E+03     0.212457E+03     0.203300E+03     0.203069E+03     0.202381E+03     0.201884E+03     0.204230E+03     0.203888E+03     0.204169E+03     0.204285E+03     0.200405E+03     0.203435E+03     0.204204E+03     0.211698E+03     0.211019E+03     0.210635E+03     0.210357E+03     0.209774E+03     0.206305E+03     0.205660E+03     0.204612E+03     0.202125E+03     0.201696E+03     0.199834E+03     0.199651E+03     0.199388E+03     0.199243E+03     0.199456E+03     0.199266E+03     0.200017E+03     0.199049E+03     0.198100E+03     0.198024E+03     0.196453E+03     0.195661E+03     0.196585E+03     0.198456E+03     0.198207E+03     0.198042E+03     0.196526E+03     0.196339E+03     0.193760E+03     0.193592E+03     0.193422E+03     0.188938E+03     0.180619E+03     0.179148E+03     0.179148E+03     0.179148E+03     0.179148E+03     0.179148E+03     0.179148E+03     0.179148E+03     0.179148E+03     0.179148E+03     0.179148E+03     0.179148E+03     0.179148E+03     0.179148E+03     0.179148E+03     0.179148E+03     0.179148E+03     0.179148E+03     0.179148E+03     0.179148E+03     0.100000E+21
 0.394000E+04     0.232006E+03     0.233625E+03     0.236293E+03     0.232006E+03     0.235839E+03     0.235053E+03     0.235053E+03     0.237328E+03     0.238360E+03     0.238360E+03     0.238360E+03     0.227096E+03     0.227096E+03     0.227096E+03     0.227096E+03     0.227096E+03     0.227968E+03     0.229604E+03     0.229604E+03     0.228981E+03     0.228776E+03     0.225057E+03     0.223559E+03     0.223559E+03     0.223559E+03     0.223559E+03     0.223559E+03     0.227951E+03     0.227951E+03     0.232006E+03     0.228993E+03     0.221701E+03     0.221701E+03     0.221701E+03     0.221701E+03     0.212174E+03     0.206670E+03     0.206400E+03     0.205194E+03     0.207137E+03     0.210245E+03     0.210245E+03     0.209273E+03     0.206670E+03     0.216397E+03     0.212482E+03     0.214554E+03     0.214314E+03     0.212244E+03     0.212765E+03     0.209603E+03     0.209417E+03     0.208607E+03     0.208553E+03     0.205201E+03     0.209280E+03     0.214537E+03     0.227096E+03     0.226359E+03     0.212115E+03     0.204148E+03     0.203889E+03     0.203309E+03     0.203069E+03     0.202666E+03     0.202131E+03     0.201349E+03     0.202057E+03     0.204178E+03     0.207513E+03     0.204643E+03     0.203404E+03     0.199307E+03     0.204879E+03     0.202926E+03     0.207937E+03     0.209008E+03     0.208209E+03     0.208293E+03     0.207765E+03     0.204612E+03     0.203263E+03     0.202513E+03     0.200631E+03     0.199651E+03     0.199388E+03     0.199235E+03     0.198863E+03     0.198649E+03     0.199017E+03     0.199058E+03     0.199504E+03     0.199241E+03     0.198083E+03     0.195250E+03     0.195376E+03     0.196413E+03     0.196566E+03     0.197602E+03     0.197671E+03     0.197471E+03     0.195611E+03     0.195666E+03     0.194112E+03     0.189451E+03     0.180619E+03     0.179148E+03     0.179148E+03     0.179148E+03     0.179148E+03     0.179148E+03     0.179148E+03     0.179148E+03     0.179148E+03     0.179148E+03     0.179148E+03     0.179148E+03     0.179148E+03     0.179148E+03     0.179148E+03     0.179148E+03     0.179148E+03     0.179148E+03     0.179148E+03     0.179148E+03     0.100000E+21
 0.396000E+04     0.240682E+03     0.235210E+03     0.233311E+03     0.237940E+03     0.236374E+03     0.235053E+03     0.235053E+03     0.235053E+03     0.238360E+03     0.238360E+03     0.238360E+03     0.238360E+03     0.231674E+03     0.227096E+03     0.227096E+03     0.227096E+03     0.227968E+03     0.229604E+03     0.229604E+03     0.228954E+03     0.228776E+03     0.224904E+03     0.223559E+03     0.223559E+03     0.223559E+03     0.223559E+03     0.223559E+03     0.227951E+03     0.227951E+03     0.232006E+03     0.229193E+03     0.221701E+03     0.221701E+03     0.221701E+03     0.221701E+03     0.212196E+03     0.206670E+03     0.206594E+03     0.205194E+03     0.207150E+03     0.210245E+03     0.210245E+03     0.210245E+03     0.209558E+03     0.209293E+03     0.210453E+03     0.210104E+03     0.209838E+03     0.209371E+03     0.212714E+03     0.213069E+03     0.212840E+03     0.212632E+03     0.208272E+03     0.210672E+03     0.203628E+03     0.203321E+03     0.204171E+03     0.204171E+03     0.204171E+03     0.204171E+03     0.204171E+03     0.203702E+03     0.203069E+03     0.202666E+03     0.202305E+03     0.201835E+03     0.201026E+03     0.200185E+03     0.200580E+03     0.200257E+03     0.206748E+03     0.206448E+03     0.202140E+03     0.196117E+03     0.197803E+03     0.200388E+03     0.209074E+03     0.206637E+03     0.209053E+03     0.208071E+03     0.203275E+03     0.202513E+03     0.201258E+03     0.200326E+03     0.199190E+03     0.199159E+03     0.198863E+03     0.198614E+03     0.198339E+03     0.197981E+03     0.197815E+03     0.199241E+03     0.199028E+03     0.198703E+03     0.198523E+03     0.194691E+03     0.194405E+03     0.195039E+03     0.197671E+03     0.197443E+03     0.197045E+03     0.196861E+03     0.196699E+03     0.192268E+03     0.180619E+03     0.179148E+03     0.179148E+03     0.179148E+03     0.179148E+03     0.179148E+03     0.179148E+03     0.179148E+03     0.179148E+03     0.179148E+03     0.179148E+03     0.179148E+03     0.179148E+03     0.179148E+03     0.179148E+03     0.179148E+03     0.179148E+03     0.179148E+03     0.179148E+03     0.179148E+03     0.100000E+21
 0.398000E+04     0.241856E+03     0.238277E+03     0.233733E+03     0.237940E+03     0.236586E+03     0.235874E+03     0.235053E+03     0.235053E+03     0.238360E+03     0.238360E+03     0.238360E+03     0.238360E+03     0.231652E+03     0.227096E+03     0.227096E+03     0.227096E+03     0.227974E+03     0.229604E+03     0.229604E+03     0.228989E+03     0.228776E+03     0.225102E+03     0.223559E+03     0.223559E+03     0.223559E+03     0.223559E+03     0.223559E+03     0.227951E+03     0.227951E+03     0.232006E+03     0.228924E+03     0.221701E+03     0.221701E+03     0.221701E+03     0.221701E+03     0.212200E+03     0.206670E+03     0.206372E+03     0.205194E+03     0.207144E+03     0.210245E+03     0.210245E+03     0.210680E+03     0.210287E+03     0.209538E+03     0.209659E+03     0.209353E+03     0.209062E+03     0.209371E+03     0.210902E+03     0.210887E+03     0.210785E+03     0.211763E+03     0.209404E+03     0.209082E+03     0.205911E+03     0.203712E+03     0.204171E+03     0.204171E+03     0.204171E+03     0.204171E+03     0.204171E+03     0.203933E+03     0.203602E+03     0.202666E+03     0.202349E+03     0.201835E+03     0.201153E+03     0.200584E+03     0.200580E+03     0.199994E+03     0.203590E+03     0.203209E+03     0.203953E+03     0.200374E+03     0.198502E+03     0.198833E+03     0.204015E+03     0.207193E+03     0.208176E+03     0.205901E+03     0.204921E+03     0.204137E+03     0.201178E+03     0.200326E+03     0.199190E+03     0.198839E+03     0.198863E+03     0.198654E+03     0.198339E+03     0.197981E+03     0.197815E+03     0.198452E+03     0.198838E+03     0.198703E+03     0.198529E+03     0.196378E+03     0.194405E+03     0.194649E+03     0.196482E+03     0.196282E+03     0.197043E+03     0.196861E+03     0.196698E+03     0.191671E+03     0.180619E+03     0.179148E+03     0.179148E+03     0.179148E+03     0.179148E+03     0.179148E+03     0.179148E+03     0.179148E+03     0.179148E+03     0.179148E+03     0.179148E+03     0.179148E+03     0.179148E+03     0.179148E+03     0.179148E+03     0.179148E+03     0.179148E+03     0.179148E+03     0.179148E+03     0.179148E+03     0.100000E+21
 0.400000E+04     0.243298E+03     0.241759E+03     0.233209E+03     0.235576E+03     0.236846E+03     0.236846E+03     0.235053E+03     0.235053E+03     0.238360E+03     0.238360E+03     0.238360E+03     0.238360E+03     0.231998E+03     0.227096E+03     0.227096E+03     0.227096E+03     0.228096E+03     0.229604E+03     0.229604E+03     0.229055E+03     0.228776E+03     0.225482E+03     0.223559E+03     0.223559E+03     0.223559E+03     0.223559E+03     0.223559E+03     0.227951E+03     0.227951E+03     0.232006E+03     0.225670E+03     0.221701E+03     0.221701E+03     0.221701E+03     0.221701E+03     0.212841E+03     0.206670E+03     0.206233E+03     0.205194E+03     0.207329E+03     0.210245E+03     0.212226E+03     0.212802E+03     0.211164E+03     0.210320E+03     0.209527E+03     0.209110E+03     0.208490E+03     0.208703E+03     0.208461E+03     0.208073E+03     0.208267E+03     0.209601E+03     0.209961E+03     0.208987E+03     0.206632E+03     0.204171E+03     0.204171E+03     0.204171E+03     0.204171E+03     0.204171E+03     0.204171E+03     0.204171E+03     0.204171E+03     0.203268E+03     0.202604E+03     0.201835E+03     0.201269E+03     0.201007E+03     0.200580E+03     0.199968E+03     0.199384E+03     0.199308E+03     0.202728E+03     0.202739E+03     0.200651E+03     0.197914E+03     0.196578E+03     0.202553E+03     0.203066E+03     0.204693E+03     0.204799E+03     0.204245E+03     0.202016E+03     0.200326E+03     0.199190E+03     0.198530E+03     0.198069E+03     0.198400E+03     0.198339E+03     0.197969E+03     0.197815E+03     0.197541E+03     0.198073E+03     0.198029E+03     0.198259E+03     0.198179E+03     0.195801E+03     0.195716E+03     0.194548E+03     0.194376E+03     0.196373E+03     0.196861E+03     0.196707E+03     0.190530E+03     0.180619E+03     0.179148E+03     0.179148E+03     0.179148E+03     0.179148E+03     0.179148E+03     0.179148E+03     0.179148E+03     0.179148E+03     0.179148E+03     0.179148E+03     0.179148E+03     0.179148E+03     0.179148E+03     0.179148E+03     0.179148E+03     0.179148E+03     0.179148E+03     0.179148E+03     0.179148E+03     0.100000E+21
 0.402000E+04     0.243298E+03     0.242607E+03     0.235039E+03     0.232006E+03     0.236846E+03     0.236846E+03     0.235053E+03     0.235053E+03     0.236525E+03     0.238360E+03     0.238360E+03     0.238360E+03     0.232031E+03     0.227096E+03     0.227096E+03     0.227096E+03     0.228108E+03     0.229604E+03     0.229604E+03     0.229062E+03     0.228776E+03     0.225525E+03     0.223559E+03     0.223559E+03     0.223559E+03     0.224455E+03     0.225987E+03     0.227951E+03     0.227951E+03     0.232006E+03     0.221701E+03     0.221701E+03     0.221701E+03     0.221701E+03     0.221701E+03     0.212904E+03     0.206670E+03     0.206217E+03     0.205194E+03     0.208754E+03     0.213602E+03     0.215749E+03     0.215368E+03     0.213402E+03     0.213259E+03     0.212818E+03     0.210104E+03     0.209408E+03     0.208625E+03     0.208391E+03     0.207113E+03     0.207323E+03     0.207133E+03     0.219487E+03     0.220756E+03     0.206371E+03     0.204171E+03     0.204171E+03     0.204171E+03     0.204171E+03     0.204171E+03     0.204171E+03     0.204171E+03     0.204171E+03     0.204171E+03     0.203608E+03     0.203130E+03     0.201266E+03     0.201007E+03     0.200580E+03     0.200305E+03     0.199344E+03     0.199302E+03     0.198399E+03     0.198416E+03     0.200086E+03     0.202882E+03     0.200075E+03     0.198033E+03     0.195171E+03     0.200947E+03     0.203537E+03     0.202901E+03     0.202349E+03     0.202380E+03     0.199190E+03     0.198534E+03     0.196878E+03     0.196924E+03     0.198339E+03     0.197968E+03     0.197815E+03     0.197541E+03     0.197368E+03     0.197006E+03     0.197309E+03     0.198179E+03     0.197918E+03     0.197756E+03     0.195789E+03     0.194381E+03     0.194456E+03     0.195380E+03     0.196089E+03     0.190400E+03     0.180619E+03     0.179148E+03     0.179148E+03     0.179148E+03     0.179148E+03     0.179148E+03     0.179148E+03     0.179148E+03     0.179148E+03     0.179148E+03     0.179148E+03     0.179148E+03     0.179148E+03     0.179148E+03     0.179148E+03     0.179148E+03     0.179148E+03     0.179148E+03     0.179148E+03     0.179148E+03     0.100000E+21
 0.404000E+04     0.243884E+03     0.243528E+03     0.238146E+03     0.232006E+03     0.236846E+03     0.236846E+03     0.235379E+03     0.235157E+03     0.235053E+03     0.238360E+03     0.238360E+03     0.238360E+03     0.231653E+03     0.227096E+03     0.227096E+03     0.227096E+03     0.227975E+03     0.229604E+03     0.229211E+03     0.228884E+03     0.228776E+03     0.225106E+03     0.223559E+03     0.223559E+03     0.223559E+03     0.224842E+03     0.227951E+03     0.228589E+03     0.229849E+03     0.232006E+03     0.221701E+03     0.221701E+03     0.221701E+03     0.221701E+03     0.221701E+03     0.212202E+03     0.206670E+03     0.206369E+03     0.205194E+03     0.213024E+03     0.216524E+03     0.216193E+03     0.215666E+03     0.215360E+03     0.215250E+03     0.215032E+03     0.212497E+03     0.212089E+03     0.211468E+03     0.209754E+03     0.207631E+03     0.207358E+03     0.213104E+03     0.227951E+03     0.227951E+03     0.215464E+03     0.207044E+03     0.204171E+03     0.204171E+03     0.204171E+03     0.204171E+03     0.204171E+03     0.204171E+03     0.204171E+03     0.204171E+03     0.204171E+03     0.204171E+03     0.202686E+03     0.202557E+03     0.200580E+03     0.200270E+03     0.199715E+03     0.199416E+03     0.198250E+03     0.198018E+03     0.197976E+03     0.201250E+03     0.200991E+03     0.202378E+03     0.198382E+03     0.194900E+03     0.199447E+03     0.200061E+03     0.201592E+03     0.201737E+03     0.201045E+03     0.200358E+03     0.196878E+03     0.195931E+03     0.196504E+03     0.197981E+03     0.197815E+03     0.197541E+03     0.197344E+03     0.197006E+03     0.196813E+03     0.197337E+03     0.197918E+03     0.197739E+03     0.197381E+03     0.195823E+03     0.193363E+03     0.193619E+03     0.194596E+03     0.191658E+03     0.180619E+03     0.179148E+03     0.179148E+03     0.179148E+03     0.179148E+03     0.179148E+03     0.179148E+03     0.179148E+03     0.179148E+03     0.179148E+03     0.179148E+03     0.179148E+03     0.179148E+03     0.179148E+03     0.179148E+03     0.179148E+03     0.179148E+03     0.179148E+03     0.179148E+03     0.179148E+03     0.100000E+21
 0.406000E+04     0.244557E+03     0.243769E+03     0.241569E+03     0.239494E+03     0.236846E+03     0.236846E+03     0.235719E+03     0.235262E+03     0.235053E+03     0.238360E+03     0.238360E+03     0.238360E+03     0.231709E+03     0.227096E+03     0.227096E+03     0.227096E+03     0.229202E+03     0.229604E+03     0.228776E+03     0.228776E+03     0.224313E+03     0.224105E+03     0.223559E+03     0.223559E+03     0.223559E+03     0.227543E+03     0.227951E+03     0.229232E+03     0.232006E+03     0.232006E+03     0.221701E+03     0.221701E+03     0.221701E+03     0.221701E+03     0.221701E+03     0.212267E+03     0.206670E+03     0.207479E+03     0.228438E+03     0.224794E+03     0.216524E+03     0.216193E+03     0.215925E+03     0.215544E+03     0.215309E+03     0.214978E+03     0.215198E+03     0.215053E+03     0.215008E+03     0.213340E+03     0.214278E+03     0.222198E+03     0.222692E+03     0.225791E+03     0.227951E+03     0.226143E+03     0.224401E+03     0.208252E+03     0.208511E+03     0.204171E+03     0.204171E+03     0.204171E+03     0.204171E+03     0.204171E+03     0.204171E+03     0.204171E+03     0.204171E+03     0.204171E+03     0.204171E+03     0.203451E+03     0.200809E+03     0.199715E+03     0.199401E+03     0.198550E+03     0.198297E+03     0.188897E+03     0.197417E+03     0.197083E+03     0.199771E+03     0.203591E+03     0.199978E+03     0.193031E+03     0.192863E+03     0.197015E+03     0.201335E+03     0.199672E+03     0.198896E+03     0.199931E+03     0.196124E+03     0.194477E+03     0.195734E+03     0.197815E+03     0.197541E+03     0.197335E+03     0.197006E+03     0.196810E+03     0.196457E+03     0.196463E+03     0.197404E+03     0.197381E+03     0.197166E+03     0.194979E+03     0.192966E+03     0.193003E+03     0.190415E+03     0.180619E+03     0.179148E+03     0.179148E+03     0.179148E+03     0.179148E+03     0.179148E+03     0.179148E+03     0.179148E+03     0.179148E+03     0.179148E+03     0.179148E+03     0.179148E+03     0.179148E+03     0.179148E+03     0.179148E+03     0.179148E+03     0.179148E+03     0.179148E+03     0.179148E+03     0.179148E+03     0.100000E+21
 0.408000E+04     0.244557E+03     0.244557E+03     0.243298E+03     0.243298E+03     0.236846E+03     0.236846E+03     0.235719E+03     0.235257E+03     0.235053E+03     0.238360E+03     0.238360E+03     0.238360E+03     0.231628E+03     0.227096E+03     0.227096E+03     0.227096E+03     0.229604E+03     0.229604E+03     0.228776E+03     0.228776E+03     0.223559E+03     0.223559E+03     0.223559E+03     0.223559E+03     0.223559E+03     0.227951E+03     0.227951E+03     0.232006E+03     0.232006E+03     0.221701E+03     0.221701E+03     0.221701E+03     0.221701E+03     0.221701E+03     0.206670E+03     0.206670E+03     0.206670E+03     0.241350E+03     0.241350E+03     0.235053E+03     0.235053E+03     0.235053E+03     0.219608E+03     0.215544E+03     0.215309E+03     0.214872E+03     0.214554E+03     0.214311E+03     0.215198E+03     0.224187E+03     0.227096E+03     0.227096E+03     0.225474E+03     0.224459E+03     0.224459E+03     0.227951E+03     0.227951E+03     0.227951E+03     0.227951E+03     0.210245E+03     0.204171E+03     0.204171E+03     0.204171E+03     0.204171E+03     0.204171E+03     0.204171E+03     0.204171E+03     0.204171E+03     0.204171E+03     0.204171E+03     0.204171E+03     0.204171E+03     0.200581E+03     0.198677E+03     0.198416E+03     0.198122E+03     0.179148E+03     0.179148E+03     0.196489E+03     0.196161E+03     0.203188E+03     0.202654E+03     0.202369E+03     0.192375E+03     0.194591E+03     0.200846E+03     0.198413E+03     0.195711E+03     0.199118E+03     0.194477E+03     0.192780E+03     0.191971E+03     0.197541E+03     0.197336E+03     0.197006E+03     0.196809E+03     0.196457E+03     0.196183E+03     0.195995E+03     0.197381E+03     0.197171E+03     0.196757E+03     0.196573E+03     0.194255E+03     0.189165E+03     0.180619E+03     0.179148E+03     0.179148E+03     0.179148E+03     0.179148E+03     0.179148E+03     0.179148E+03     0.179148E+03     0.179148E+03     0.179148E+03     0.179148E+03     0.179148E+03     0.179148E+03     0.179148E+03     0.179148E+03     0.179148E+03     0.179148E+03     0.179148E+03     0.179148E+03     0.179148E+03     0.100000E+21
 0.410000E+04     0.244557E+03     0.244557E+03     0.243298E+03     0.243298E+03     0.236846E+03     0.236846E+03     0.235719E+03     0.235288E+03     0.235053E+03     0.237733E+03     0.238360E+03     0.238360E+03     0.231884E+03     0.227096E+03     0.227096E+03     0.227096E+03     0.229471E+03     0.229287E+03     0.228776E+03     0.228776E+03     0.223559E+03     0.223559E+03     0.223559E+03     0.223559E+03     0.224448E+03     0.228499E+03     0.229186E+03     0.230448E+03     0.228908E+03     0.221701E+03     0.221701E+03     0.221701E+03     0.221701E+03     0.221701E+03     0.206670E+03     0.206670E+03     0.214408E+03     0.240165E+03     0.241350E+03     0.236328E+03     0.235053E+03     0.235053E+03     0.224923E+03     0.215544E+03     0.215326E+03     0.214872E+03     0.214554E+03     0.214329E+03     0.213442E+03     0.219137E+03     0.223353E+03     0.227096E+03     0.226078E+03     0.224949E+03     0.224459E+03     0.227263E+03     0.227951E+03     0.227951E+03     0.227951E+03     0.215674E+03     0.209371E+03     0.206081E+03     0.204171E+03     0.204171E+03     0.204171E+03     0.204171E+03     0.204171E+03     0.204171E+03     0.204171E+03     0.204171E+03     0.204171E+03     0.204171E+03     0.201831E+03     0.198665E+03     0.198416E+03     0.198139E+03     0.182403E+03     0.179148E+03     0.192965E+03     0.196161E+03     0.200344E+03     0.202633E+03     0.202369E+03     0.194142E+03     0.193573E+03     0.197027E+03     0.197402E+03     0.196612E+03     0.198036E+03     0.195747E+03     0.192739E+03     0.191971E+03     0.195399E+03     0.196475E+03     0.197006E+03     0.196824E+03     0.196457E+03     0.196183E+03     0.196007E+03     0.196850E+03     0.196962E+03     0.196745E+03     0.196573E+03     0.195067E+03     0.188421E+03     0.180619E+03     0.179148E+03     0.179148E+03     0.179148E+03     0.179148E+03     0.179148E+03     0.179148E+03     0.179148E+03     0.179148E+03     0.179148E+03     0.179148E+03     0.179148E+03     0.179148E+03     0.179148E+03     0.179148E+03     0.179148E+03     0.179148E+03     0.179148E+03     0.179148E+03     0.179148E+03     0.100000E+21
 0.412000E+04     0.244557E+03     0.244557E+03     0.243298E+03     0.243298E+03     0.236846E+03     0.236846E+03     0.235719E+03     0.235308E+03     0.235053E+03     0.236128E+03     0.238360E+03     0.238360E+03     0.232037E+03     0.227096E+03     0.227096E+03     0.228250E+03     0.229041E+03     0.228776E+03     0.228776E+03     0.227230E+03     0.223559E+03     0.223559E+03     0.223559E+03     0.223559E+03     0.226218E+03     0.229527E+03     0.232006E+03     0.225129E+03     0.221701E+03     0.221701E+03     0.221701E+03     0.221701E+03     0.219217E+03     0.214783E+03     0.206670E+03     0.206670E+03     0.231536E+03     0.234953E+03     0.238452E+03     0.239955E+03     0.238041E+03     0.235053E+03     0.235053E+03     0.224512E+03     0.218892E+03     0.214872E+03     0.214554E+03     0.214029E+03     0.208037E+03     0.207800E+03     0.212436E+03     0.218437E+03     0.223220E+03     0.226577E+03     0.225672E+03     0.225097E+03     0.226345E+03     0.226294E+03     0.227286E+03     0.227951E+03     0.225063E+03     0.218397E+03     0.211613E+03     0.207048E+03     0.204171E+03     0.204171E+03     0.204171E+03     0.204171E+03     0.204171E+03     0.204171E+03     0.204171E+03     0.204171E+03     0.204171E+03     0.200081E+03     0.198416E+03     0.198149E+03     0.193761E+03     0.187411E+03     0.182426E+03     0.188340E+03     0.195714E+03     0.200467E+03     0.202369E+03     0.200083E+03     0.196036E+03     0.190848E+03     0.193435E+03     0.196087E+03     0.195846E+03     0.196115E+03     0.193843E+03     0.191971E+03     0.190676E+03     0.192671E+03     0.197006E+03     0.196835E+03     0.196457E+03     0.196183E+03     0.196015E+03     0.195637E+03     0.196536E+03     0.196738E+03     0.196573E+03     0.196412E+03     0.187934E+03     0.180619E+03     0.179148E+03     0.179148E+03     0.179148E+03     0.179148E+03     0.179148E+03     0.179148E+03     0.179148E+03     0.179148E+03     0.179148E+03     0.179148E+03     0.179148E+03     0.179148E+03     0.179148E+03     0.179148E+03     0.179148E+03     0.179148E+03     0.179148E+03     0.179148E+03     0.179148E+03     0.100000E+21
 0.414000E+04     0.232006E+03     0.239965E+03     0.244230E+03     0.243298E+03     0.236846E+03     0.236846E+03     0.235719E+03     0.235258E+03     0.235053E+03     0.235664E+03     0.238360E+03     0.238360E+03     0.231631E+03     0.227096E+03     0.229203E+03     0.229604E+03     0.228776E+03     0.228776E+03     0.223559E+03     0.223559E+03     0.223559E+03     0.223559E+03     0.225334E+03     0.227951E+03     0.227951E+03     0.232006E+03     0.232006E+03     0.221701E+03     0.221701E+03     0.221701E+03     0.221701E+03     0.221701E+03     0.206670E+03     0.206670E+03     0.206670E+03     0.206670E+03     0.235053E+03     0.231536E+03     0.231536E+03     0.237467E+03     0.241350E+03     0.241350E+03     0.236315E+03     0.235053E+03     0.235053E+03     0.210453E+03     0.214554E+03     0.211131E+03     0.212774E+03     0.207770E+03     0.206590E+03     0.208267E+03     0.208031E+03     0.212763E+03     0.227096E+03     0.227096E+03     0.227096E+03     0.224459E+03     0.224459E+03     0.224459E+03     0.227951E+03     0.227951E+03     0.227951E+03     0.227951E+03     0.227951E+03     0.213271E+03     0.210245E+03     0.204171E+03     0.204171E+03     0.204171E+03     0.204171E+03     0.204171E+03     0.204171E+03     0.204171E+03     0.204171E+03     0.200119E+03     0.197408E+03     0.197083E+03     0.191550E+03     0.179148E+03     0.179148E+03     0.195108E+03     0.194783E+03     0.201870E+03     0.201539E+03     0.201112E+03     0.194479E+03     0.189834E+03     0.196272E+03     0.196256E+03     0.193534E+03     0.196223E+03     0.190676E+03     0.189646E+03     0.197006E+03     0.196809E+03     0.196457E+03     0.196183E+03     0.195995E+03     0.195637E+03     0.195420E+03     0.192591E+03     0.183868E+03     0.181056E+03     0.179555E+03     0.180619E+03     0.179148E+03     0.179148E+03     0.179148E+03     0.179148E+03     0.179148E+03     0.179148E+03     0.179148E+03     0.179148E+03     0.179148E+03     0.179148E+03     0.179148E+03     0.179148E+03     0.179148E+03     0.179148E+03     0.179148E+03     0.179148E+03     0.179148E+03     0.179148E+03     0.179148E+03     0.100000E+21
 0.416000E+04     0.232006E+03     0.239653E+03     0.244162E+03     0.243298E+03     0.236846E+03     0.236846E+03     0.235719E+03     0.235281E+03     0.235053E+03     0.235880E+03     0.238360E+03     0.238360E+03     0.231835E+03     0.228884E+03     0.229345E+03     0.229008E+03     0.228776E+03     0.228776E+03     0.223559E+03     0.223559E+03     0.223559E+03     0.223559E+03     0.227112E+03     0.227951E+03     0.229782E+03     0.230070E+03     0.224471E+03     0.221701E+03     0.221701E+03     0.221701E+03     0.218832E+03     0.210651E+03     0.206670E+03     0.206670E+03     0.208934E+03     0.207499E+03     0.214701E+03     0.233681E+03     0.231536E+03     0.234653E+03     0.237354E+03     0.241350E+03     0.240285E+03     0.235053E+03     0.223278E+03     0.210453E+03     0.211304E+03     0.212647E+03     0.210272E+03     0.209078E+03     0.208784E+03     0.206091E+03     0.207320E+03     0.209967E+03     0.212355E+03     0.227096E+03     0.227096E+03     0.226129E+03     0.226209E+03     0.224459E+03     0.225401E+03     0.225465E+03     0.227951E+03     0.227951E+03     0.227951E+03     0.225048E+03     0.223067E+03     0.206923E+03     0.204171E+03     0.204171E+03     0.204171E+03     0.204171E+03     0.204171E+03     0.204171E+03     0.204171E+03     0.200294E+03     0.197382E+03     0.197083E+03     0.190871E+03     0.179148E+03     0.179148E+03     0.187272E+03     0.194783E+03     0.197489E+03     0.201539E+03     0.201112E+03     0.198887E+03     0.189834E+03     0.190757E+03     0.196256E+03     0.194925E+03     0.196223E+03     0.190676E+03     0.189719E+03     0.190390E+03     0.186978E+03     0.186013E+03     0.185041E+03     0.185853E+03     0.188035E+03     0.186582E+03     0.185608E+03     0.183868E+03     0.181140E+03     0.179621E+03     0.180619E+03     0.179148E+03     0.179148E+03     0.179148E+03     0.179148E+03     0.179148E+03     0.179148E+03     0.179148E+03     0.179148E+03     0.179148E+03     0.179148E+03     0.179148E+03     0.179148E+03     0.179148E+03     0.179148E+03     0.179148E+03     0.179148E+03     0.179148E+03     0.179148E+03     0.179148E+03     0.100000E+21
 0.418000E+04     0.232006E+03     0.239971E+03     0.244275E+03     0.243298E+03     0.236846E+03     0.236846E+03     0.235719E+03     0.235254E+03     0.235053E+03     0.235489E+03     0.238360E+03     0.238360E+03     0.238360E+03     0.229604E+03     0.228830E+03     0.228776E+03     0.226983E+03     0.223559E+03     0.223559E+03     0.223559E+03     0.223559E+03     0.226815E+03     0.229592E+03     0.232006E+03     0.232006E+03     0.221701E+03     0.221701E+03     0.221701E+03     0.221701E+03     0.221701E+03     0.206670E+03     0.206670E+03     0.207343E+03     0.210245E+03     0.210245E+03     0.207970E+03     0.206670E+03     0.235053E+03     0.235053E+03     0.231536E+03     0.231536E+03     0.235053E+03     0.240336E+03     0.209558E+03     0.210458E+03     0.210453E+03     0.210104E+03     0.209836E+03     0.213872E+03     0.213600E+03     0.209708E+03     0.211734E+03     0.207541E+03     0.205154E+03     0.207130E+03     0.206654E+03     0.206353E+03     0.227096E+03     0.227096E+03     0.227096E+03     0.224459E+03     0.224459E+03     0.225934E+03     0.227951E+03     0.227951E+03     0.227951E+03     0.227951E+03     0.222227E+03     0.210245E+03     0.210245E+03     0.205615E+03     0.204171E+03     0.204171E+03     0.204171E+03     0.204171E+03     0.204171E+03     0.197430E+03     0.197083E+03     0.196492E+03     0.196161E+03     0.179148E+03     0.179148E+03     0.179148E+03     0.194235E+03     0.193840E+03     0.201112E+03     0.200857E+03     0.189834E+03     0.189344E+03     0.192172E+03     0.182900E+03     0.182750E+03     0.182515E+03     0.180205E+03     0.182076E+03     0.181905E+03     0.180109E+03     0.179877E+03     0.180497E+03     0.185240E+03     0.185068E+03     0.182806E+03     0.183868E+03     0.183745E+03     0.179528E+03     0.180619E+03     0.179148E+03     0.179148E+03     0.179148E+03     0.179148E+03     0.179148E+03     0.179148E+03     0.179148E+03     0.179148E+03     0.179148E+03     0.179148E+03     0.179148E+03     0.179148E+03     0.179148E+03     0.179148E+03     0.179148E+03     0.179148E+03     0.179148E+03     0.179148E+03     0.179148E+03     0.100000E+21
 0.420000E+04     0.232006E+03     0.239821E+03     0.244215E+03     0.243298E+03     0.236846E+03     0.236846E+03     0.235719E+03     0.235267E+03     0.235053E+03     0.235714E+03     0.238360E+03     0.238360E+03     0.238360E+03     0.229018E+03     0.228842E+03     0.228776E+03     0.224608E+03     0.223559E+03     0.223559E+03     0.223559E+03     0.226951E+03     0.227408E+03     0.231184E+03     0.232006E+03     0.227270E+03     0.221701E+03     0.221701E+03     0.221701E+03     0.221701E+03     0.212341E+03     0.206670E+03     0.206670E+03     0.206616E+03     0.210245E+03     0.210245E+03     0.208014E+03     0.206670E+03     0.235053E+03     0.235053E+03     0.231536E+03     0.231536E+03     0.235053E+03     0.220377E+03     0.209558E+03     0.209611E+03     0.210453E+03     0.210104E+03     0.209845E+03     0.210393E+03     0.212929E+03     0.211035E+03     0.209045E+03     0.209409E+03     0.208362E+03     0.204788E+03     0.206642E+03     0.206353E+03     0.214089E+03     0.222995E+03     0.227096E+03     0.226488E+03     0.226322E+03     0.225070E+03     0.225775E+03     0.225484E+03     0.227595E+03     0.227951E+03     0.225372E+03     0.221148E+03     0.223171E+03     0.211799E+03     0.204171E+03     0.204171E+03     0.204171E+03     0.204171E+03     0.204171E+03     0.201311E+03     0.197083E+03     0.196481E+03     0.196161E+03     0.189410E+03     0.179148E+03     0.179148E+03     0.194210E+03     0.193840E+03     0.189267E+03     0.189525E+03     0.188398E+03     0.188036E+03     0.188746E+03     0.182897E+03     0.182750E+03     0.182515E+03     0.180330E+03     0.182076E+03     0.181911E+03     0.181042E+03     0.179877E+03     0.180480E+03     0.181630E+03     0.184376E+03     0.183638E+03     0.182489E+03     0.183312E+03     0.179574E+03     0.180619E+03     0.179148E+03     0.179148E+03     0.179148E+03     0.179148E+03     0.179148E+03     0.179148E+03     0.179148E+03     0.179148E+03     0.179148E+03     0.179148E+03     0.179148E+03     0.179148E+03     0.179148E+03     0.179148E+03     0.179148E+03     0.179148E+03     0.179148E+03     0.179148E+03     0.179148E+03     0.100000E+21
 0.422000E+04     0.232006E+03     0.239444E+03     0.244102E+03     0.243298E+03     0.236846E+03     0.236846E+03     0.235719E+03     0.235453E+03     0.235053E+03     0.236051E+03     0.238360E+03     0.238360E+03     0.238360E+03     0.228776E+03     0.227551E+03     0.226861E+03     0.223559E+03     0.223559E+03     0.223559E+03     0.224584E+03     0.227951E+03     0.228863E+03     0.230064E+03     0.228257E+03     0.223885E+03     0.221701E+03     0.221701E+03     0.219205E+03     0.216227E+03     0.206670E+03     0.206670E+03     0.206670E+03     0.206800E+03     0.210245E+03     0.210245E+03     0.208122E+03     0.206670E+03     0.235053E+03     0.235053E+03     0.232331E+03     0.231536E+03     0.226502E+03     0.214780E+03     0.209558E+03     0.209320E+03     0.209772E+03     0.210104E+03     0.209865E+03     0.209371E+03     0.211046E+03     0.212048E+03     0.209931E+03     0.211167E+03     0.208806E+03     0.206503E+03     0.205445E+03     0.205242E+03     0.205972E+03     0.214080E+03     0.219077E+03     0.227096E+03     0.227096E+03     0.225043E+03     0.224459E+03     0.224459E+03     0.226103E+03     0.227951E+03     0.227951E+03     0.227951E+03     0.227951E+03     0.220343E+03     0.206383E+03     0.205138E+03     0.204171E+03     0.204171E+03     0.204171E+03     0.201601E+03     0.197083E+03     0.196457E+03     0.196161E+03     0.198556E+03     0.187271E+03     0.186915E+03     0.196287E+03     0.195779E+03     0.182831E+03     0.182833E+03     0.186153E+03     0.187068E+03     0.187397E+03     0.183844E+03     0.182750E+03     0.182515E+03     0.181187E+03     0.181121E+03     0.181503E+03     0.181607E+03     0.179877E+03     0.180174E+03     0.180520E+03     0.182380E+03     0.183765E+03     0.182076E+03     0.182975E+03     0.180639E+03     0.180619E+03     0.179148E+03     0.179148E+03     0.179148E+03     0.179148E+03     0.179148E+03     0.179148E+03     0.179148E+03     0.179148E+03     0.179148E+03     0.179148E+03     0.179148E+03     0.179148E+03     0.179148E+03     0.179148E+03     0.179148E+03     0.179148E+03     0.179148E+03     0.179148E+03     0.179148E+03     0.100000E+21
 0.424000E+04     0.244557E+03     0.242542E+03     0.244276E+03     0.243298E+03     0.236846E+03     0.236846E+03     0.235719E+03     0.235395E+03     0.235053E+03     0.235486E+03     0.238360E+03     0.238360E+03     0.238360E+03     0.225157E+03     0.223712E+03     0.223559E+03     0.223559E+03     0.223559E+03     0.226718E+03     0.227522E+03     0.231579E+03     0.231540E+03     0.223963E+03     0.221701E+03     0.221701E+03     0.221701E+03     0.221701E+03     0.209856E+03     0.206670E+03     0.206670E+03     0.206449E+03     0.205423E+03     0.209432E+03     0.210245E+03     0.210245E+03     0.207969E+03     0.206670E+03     0.235053E+03     0.235053E+03     0.230467E+03     0.222610E+03     0.211876E+03     0.211582E+03     0.210850E+03     0.209541E+03     0.208814E+03     0.208800E+03     0.209581E+03     0.209371E+03     0.209073E+03     0.211084E+03     0.212840E+03     0.212631E+03     0.210534E+03     0.207283E+03     0.208265E+03     0.208209E+03     0.204161E+03     0.205168E+03     0.205198E+03     0.209064E+03     0.227096E+03     0.226619E+03     0.226044E+03     0.224459E+03     0.224459E+03     0.225345E+03     0.227951E+03     0.227951E+03     0.227951E+03     0.227951E+03     0.227185E+03     0.211617E+03     0.204171E+03     0.204171E+03     0.206535E+03     0.201596E+03     0.201033E+03     0.200125E+03     0.198630E+03     0.201118E+03     0.200955E+03     0.199338E+03     0.200017E+03     0.199096E+03     0.184104E+03     0.182613E+03     0.183303E+03     0.183174E+03     0.187397E+03     0.186427E+03     0.185258E+03     0.182515E+03     0.182336E+03     0.181669E+03     0.181586E+03     0.181607E+03     0.181113E+03     0.179954E+03     0.180520E+03     0.180339E+03     0.183923E+03     0.182076E+03     0.182336E+03     0.182702E+03     0.180619E+03     0.179148E+03     0.179148E+03     0.179148E+03     0.179148E+03     0.179148E+03     0.179148E+03     0.179148E+03     0.179148E+03     0.179148E+03     0.179148E+03     0.179148E+03     0.179148E+03     0.179148E+03     0.179148E+03     0.179148E+03     0.179148E+03     0.179148E+03     0.179148E+03     0.179148E+03     0.100000E+21
 0.426000E+04     0.244557E+03     0.244557E+03     0.243573E+03     0.243298E+03     0.236846E+03     0.236846E+03     0.235719E+03     0.235299E+03     0.235053E+03     0.236051E+03     0.238360E+03     0.238360E+03     0.238360E+03     0.223559E+03     0.223559E+03     0.223559E+03     0.224521E+03     0.226118E+03     0.227951E+03     0.229733E+03     0.225450E+03     0.225667E+03     0.221701E+03     0.221701E+03     0.221701E+03     0.218593E+03     0.212205E+03     0.206670E+03     0.206670E+03     0.206670E+03     0.205531E+03     0.205194E+03     0.210245E+03     0.210245E+03     0.208161E+03     0.207310E+03     0.206670E+03     0.235053E+03     0.235053E+03     0.218767E+03     0.214601E+03     0.214600E+03     0.212356E+03     0.211164E+03     0.210564E+03     0.209772E+03     0.208454E+03     0.209273E+03     0.209371E+03     0.209133E+03     0.209292E+03     0.209931E+03     0.209928E+03     0.211280E+03     0.210099E+03     0.207996E+03     0.207672E+03     0.206806E+03     0.204782E+03     0.205198E+03     0.207778E+03     0.212784E+03     0.227096E+03     0.227096E+03     0.224459E+03     0.224459E+03     0.224459E+03     0.226596E+03     0.227951E+03     0.227951E+03     0.227951E+03     0.208563E+03     0.206221E+03     0.208506E+03     0.207624E+03     0.209840E+03     0.204525E+03     0.201444E+03     0.201514E+03     0.201354E+03     0.199490E+03     0.201731E+03     0.200972E+03     0.199358E+03     0.199622E+03     0.192709E+03     0.186947E+03     0.182146E+03     0.182856E+03     0.184521E+03     0.187095E+03     0.186979E+03     0.182515E+03     0.182365E+03     0.182076E+03     0.180834E+03     0.181607E+03     0.181372E+03     0.180275E+03     0.179801E+03     0.180146E+03     0.182462E+03     0.183675E+03     0.182558E+03     0.182416E+03     0.180619E+03     0.179148E+03     0.179148E+03     0.179148E+03     0.179148E+03     0.179148E+03     0.179148E+03     0.179148E+03     0.179148E+03     0.179148E+03     0.179148E+03     0.179148E+03     0.179148E+03     0.179148E+03     0.179148E+03     0.179148E+03     0.179148E+03     0.179148E+03     0.179148E+03     0.179148E+03     0.100000E+21
 0.428000E+04     0.244557E+03     0.244557E+03     0.243298E+03     0.243298E+03     0.236846E+03     0.236846E+03     0.235719E+03     0.235267E+03     0.235053E+03     0.235714E+03     0.238360E+03     0.238360E+03     0.238360E+03     0.223559E+03     0.223559E+03     0.227951E+03     0.227951E+03     0.227951E+03     0.232006E+03     0.224279E+03     0.221701E+03     0.221701E+03     0.221701E+03     0.221701E+03     0.211800E+03     0.206670E+03     0.206670E+03     0.206670E+03     0.206670E+03     0.205194E+03     0.206700E+03     0.210245E+03     0.210245E+03     0.210245E+03     0.206670E+03     0.206670E+03     0.206670E+03     0.232036E+03     0.217163E+03     0.215414E+03     0.213230E+03     0.213230E+03     0.215295E+03     0.211164E+03     0.210921E+03     0.210453E+03     0.210104E+03     0.208691E+03     0.209371E+03     0.209096E+03     0.208505E+03     0.208267E+03     0.208035E+03     0.208717E+03     0.211799E+03     0.210081E+03     0.206353E+03     0.205972E+03     0.208122E+03     0.202086E+03     0.204719E+03     0.204400E+03     0.213907E+03     0.227096E+03     0.227096E+03     0.224950E+03     0.224459E+03     0.215739E+03     0.198796E+03     0.198358E+03     0.198040E+03     0.197460E+03     0.197137E+03     0.204448E+03     0.211888E+03     0.209808E+03     0.210756E+03     0.207650E+03     0.201595E+03     0.202541E+03     0.202288E+03     0.200552E+03     0.202065E+03     0.199046E+03     0.199929E+03     0.199666E+03     0.199002E+03     0.183662E+03     0.181644E+03     0.182847E+03     0.187101E+03     0.186979E+03     0.186756E+03     0.183332E+03     0.182076E+03     0.180051E+03     0.181607E+03     0.181372E+03     0.181214E+03     0.179382E+03     0.180068E+03     0.181612E+03     0.184589E+03     0.182976E+03     0.182612E+03     0.180619E+03     0.179148E+03     0.179148E+03     0.179148E+03     0.179148E+03     0.179148E+03     0.179148E+03     0.179148E+03     0.179148E+03     0.179148E+03     0.179148E+03     0.179148E+03     0.179148E+03     0.179148E+03     0.179148E+03     0.179148E+03     0.179148E+03     0.179148E+03     0.179148E+03     0.179148E+03     0.100000E+21
 0.430000E+04     0.244557E+03     0.244557E+03     0.242968E+03     0.240801E+03     0.236846E+03     0.236846E+03     0.235719E+03     0.235254E+03     0.235053E+03     0.235489E+03     0.238360E+03     0.238360E+03     0.238360E+03     0.223559E+03     0.227392E+03     0.227951E+03     0.230514E+03     0.230364E+03     0.224560E+03     0.222708E+03     0.221701E+03     0.221701E+03     0.218236E+03     0.208598E+03     0.208842E+03     0.206670E+03     0.206670E+03     0.206670E+03     0.206670E+03     0.205194E+03     0.206568E+03     0.210245E+03     0.209881E+03     0.207709E+03     0.206670E+03     0.206670E+03     0.226945E+03     0.234514E+03     0.217163E+03     0.216165E+03     0.215198E+03     0.213230E+03     0.213600E+03     0.214695E+03     0.211598E+03     0.210453E+03     0.210104E+03     0.208646E+03     0.209371E+03     0.209073E+03     0.208511E+03     0.208267E+03     0.208031E+03     0.207919E+03     0.207381E+03     0.210852E+03     0.209866E+03     0.205972E+03     0.206490E+03     0.207158E+03     0.202233E+03     0.204400E+03     0.208059E+03     0.212902E+03     0.227096E+03     0.206799E+03     0.212608E+03     0.210290E+03     0.204208E+03     0.205135E+03     0.199213E+03     0.197460E+03     0.197120E+03     0.203125E+03     0.211888E+03     0.210779E+03     0.208594E+03     0.210607E+03     0.204129E+03     0.201264E+03     0.202288E+03     0.199544E+03     0.200096E+03     0.200967E+03     0.198957E+03     0.199666E+03     0.198991E+03     0.183662E+03     0.183369E+03     0.182847E+03     0.185194E+03     0.186979E+03     0.186756E+03     0.183135E+03     0.182076E+03     0.179975E+03     0.180123E+03     0.181372E+03     0.181210E+03     0.179382E+03     0.179318E+03     0.180677E+03     0.180432E+03     0.182808E+03     0.182700E+03     0.180619E+03     0.179148E+03     0.179148E+03     0.179148E+03     0.179148E+03     0.179148E+03     0.179148E+03     0.179148E+03     0.179148E+03     0.179148E+03     0.179148E+03     0.179148E+03     0.179148E+03     0.179148E+03     0.179148E+03     0.179148E+03     0.179148E+03     0.179148E+03     0.179148E+03     0.179148E+03     0.100000E+21
 0.432000E+04     0.244557E+03     0.244317E+03     0.242477E+03     0.240682E+03     0.236846E+03     0.236846E+03     0.235719E+03     0.235281E+03     0.235053E+03     0.235880E+03     0.238360E+03     0.238360E+03     0.238360E+03     0.224821E+03     0.227379E+03     0.229085E+03     0.230432E+03     0.228224E+03     0.221701E+03     0.221701E+03     0.221701E+03     0.221701E+03     0.212484E+03     0.206670E+03     0.206670E+03     0.206670E+03     0.206670E+03     0.206459E+03     0.206277E+03     0.205194E+03     0.207741E+03     0.210245E+03     0.209269E+03     0.206670E+03     0.206670E+03     0.213291E+03     0.235053E+03     0.232785E+03     0.222271E+03     0.216707E+03     0.216524E+03     0.214078E+03     0.213566E+03     0.214924E+03     0.212866E+03     0.210453E+03     0.210104E+03     0.209047E+03     0.208929E+03     0.208907E+03     0.208499E+03     0.208267E+03     0.208039E+03     0.207391E+03     0.207130E+03     0.209896E+03     0.209782E+03     0.207719E+03     0.207335E+03     0.207848E+03     0.203114E+03     0.203495E+03     0.203633E+03     0.203403E+03     0.220061E+03     0.205659E+03     0.206762E+03     0.208129E+03     0.207883E+03     0.207513E+03     0.202446E+03     0.197460E+03     0.197154E+03     0.200231E+03     0.207757E+03     0.208893E+03     0.208528E+03     0.209798E+03     0.205391E+03     0.200929E+03     0.201702E+03     0.199495E+03     0.199321E+03     0.200960E+03     0.198542E+03     0.199155E+03     0.198947E+03     0.187845E+03     0.184963E+03     0.182325E+03     0.184313E+03     0.186979E+03     0.186756E+03     0.184245E+03     0.182076E+03     0.180131E+03     0.179148E+03     0.181372E+03     0.181219E+03     0.179792E+03     0.179407E+03     0.179979E+03     0.179820E+03     0.182447E+03     0.182209E+03     0.180619E+03     0.179148E+03     0.179148E+03     0.179148E+03     0.179148E+03     0.179148E+03     0.179148E+03     0.179148E+03     0.179148E+03     0.179148E+03     0.179148E+03     0.179148E+03     0.179148E+03     0.179148E+03     0.179148E+03     0.179148E+03     0.179148E+03     0.179148E+03     0.179148E+03     0.179148E+03     0.100000E+21
 0.434000E+04     0.244557E+03     0.243759E+03     0.242619E+03     0.240682E+03     0.236846E+03     0.236846E+03     0.235719E+03     0.235258E+03     0.235053E+03     0.235664E+03     0.238360E+03     0.238360E+03     0.238360E+03     0.230498E+03     0.230895E+03     0.225323E+03     0.224339E+03     0.221701E+03     0.221701E+03     0.221701E+03     0.210996E+03     0.212176E+03     0.206670E+03     0.206670E+03     0.206670E+03     0.206476E+03     0.205629E+03     0.205572E+03     0.205194E+03     0.208035E+03     0.210245E+03     0.210245E+03     0.207497E+03     0.206670E+03     0.222476E+03     0.234250E+03     0.235053E+03     0.235053E+03     0.235053E+03     0.223359E+03     0.216524E+03     0.216193E+03     0.215343E+03     0.213230E+03     0.213731E+03     0.212927E+03     0.210104E+03     0.209839E+03     0.208895E+03     0.207994E+03     0.208510E+03     0.208267E+03     0.208031E+03     0.207410E+03     0.207130E+03     0.206648E+03     0.206353E+03     0.208084E+03     0.209668E+03     0.204860E+03     0.204308E+03     0.202419E+03     0.203310E+03     0.203069E+03     0.202666E+03     0.202332E+03     0.201835E+03     0.205291E+03     0.207883E+03     0.207513E+03     0.207227E+03     0.197460E+03     0.197131E+03     0.196392E+03     0.196117E+03     0.200945E+03     0.209181E+03     0.206670E+03     0.208092E+03     0.204152E+03     0.200678E+03     0.201015E+03     0.198499E+03     0.200055E+03     0.200438E+03     0.198267E+03     0.198967E+03     0.198310E+03     0.185701E+03     0.182411E+03     0.183309E+03     0.184425E+03     0.186756E+03     0.186592E+03     0.182076E+03     0.180010E+03     0.179148E+03     0.179826E+03     0.180847E+03     0.180906E+03     0.179576E+03     0.179605E+03     0.179820E+03     0.182529E+03     0.182569E+03     0.180619E+03     0.179148E+03     0.179148E+03     0.179148E+03     0.179148E+03     0.179148E+03     0.179148E+03     0.179148E+03     0.179148E+03     0.179148E+03     0.179148E+03     0.179148E+03     0.179148E+03     0.179148E+03     0.179148E+03     0.179148E+03     0.179148E+03     0.179148E+03     0.179148E+03     0.179148E+03     0.100000E+21
 0.436000E+04     0.244557E+03     0.243822E+03     0.240577E+03     0.235999E+03     0.236846E+03     0.236846E+03     0.235719E+03     0.235308E+03     0.235053E+03     0.236128E+03     0.238360E+03     0.238360E+03     0.238360E+03     0.235435E+03     0.229130E+03     0.221701E+03     0.221701E+03     0.221701E+03     0.221701E+03     0.216342E+03     0.206670E+03     0.206670E+03     0.206670E+03     0.206670E+03     0.206670E+03     0.205601E+03     0.205194E+03     0.206195E+03     0.207923E+03     0.210245E+03     0.210245E+03     0.210245E+03     0.210993E+03     0.220092E+03     0.235053E+03     0.238733E+03     0.238452E+03     0.235053E+03     0.235053E+03     0.227142E+03     0.216524E+03     0.216193E+03     0.215972E+03     0.214480E+03     0.213678E+03     0.214009E+03     0.212508E+03     0.210728E+03     0.209371E+03     0.208116E+03     0.208488E+03     0.208267E+03     0.208047E+03     0.207367E+03     0.207130E+03     0.206519E+03     0.206090E+03     0.205709E+03     0.206811E+03     0.204686E+03     0.203678E+03     0.203112E+03     0.203067E+03     0.203069E+03     0.202666E+03     0.202392E+03     0.201835E+03     0.202575E+03     0.204271E+03     0.207513E+03     0.207266E+03     0.202476E+03     0.199009E+03     0.196373E+03     0.196117E+03     0.196684E+03     0.205247E+03     0.207966E+03     0.207562E+03     0.207493E+03     0.200678E+03     0.200806E+03     0.200281E+03     0.200086E+03     0.201549E+03     0.198267E+03     0.198918E+03     0.198766E+03     0.188155E+03     0.183206E+03     0.182521E+03     0.182392E+03     0.186756E+03     0.186618E+03     0.182076E+03     0.181175E+03     0.179148E+03     0.179148E+03     0.180374E+03     0.180906E+03     0.179833E+03     0.179413E+03     0.179820E+03     0.180943E+03     0.182811E+03     0.180619E+03     0.179148E+03     0.179148E+03     0.179148E+03     0.179148E+03     0.179148E+03     0.179148E+03     0.179148E+03     0.179148E+03     0.179148E+03     0.179148E+03     0.179148E+03     0.179148E+03     0.179148E+03     0.179148E+03     0.179148E+03     0.179148E+03     0.179148E+03     0.179148E+03     0.179148E+03     0.100000E+21
 0.438000E+04     0.244557E+03     0.243798E+03     0.238265E+03     0.232006E+03     0.236846E+03     0.236846E+03     0.235719E+03     0.235288E+03     0.235053E+03     0.235951E+03     0.238360E+03     0.238360E+03     0.238360E+03     0.238360E+03     0.225982E+03     0.221701E+03     0.218376E+03     0.212432E+03     0.211329E+03     0.208663E+03     0.206670E+03     0.206670E+03     0.206670E+03     0.206670E+03     0.206036E+03     0.205194E+03     0.205194E+03     0.209227E+03     0.210245E+03     0.210245E+03     0.210245E+03     0.210245E+03     0.228547E+03     0.231536E+03     0.235053E+03     0.236330E+03     0.241350E+03     0.238580E+03     0.235053E+03     0.231917E+03     0.227975E+03     0.216193E+03     0.215955E+03     0.215544E+03     0.214931E+03     0.213230E+03     0.213631E+03     0.213174E+03     0.209371E+03     0.208826E+03     0.207790E+03     0.208267E+03     0.208041E+03     0.205684E+03     0.206778E+03     0.206226E+03     0.205866E+03     0.205472E+03     0.205223E+03     0.204686E+03     0.204096E+03     0.203645E+03     0.202656E+03     0.202586E+03     0.202666E+03     0.202369E+03     0.201835E+03     0.201277E+03     0.201007E+03     0.207513E+03     0.207251E+03     0.206748E+03     0.204751E+03     0.196380E+03     0.196117E+03     0.195833E+03     0.201858E+03     0.209074E+03     0.206823E+03     0.209053E+03     0.203115E+03     0.200897E+03     0.201798E+03     0.199381E+03     0.201549E+03     0.200148E+03     0.199130E+03     0.199154E+03     0.195568E+03     0.183206E+03     0.181785E+03     0.182392E+03     0.186756E+03     0.186608E+03     0.185060E+03     0.182752E+03     0.179148E+03     0.179148E+03     0.179549E+03     0.180906E+03     0.180486E+03     0.179253E+03     0.179349E+03     0.179518E+03     0.182957E+03     0.180619E+03     0.179148E+03     0.179148E+03     0.179148E+03     0.179148E+03     0.179148E+03     0.179148E+03     0.179148E+03     0.179148E+03     0.179148E+03     0.179148E+03     0.179148E+03     0.179148E+03     0.179148E+03     0.179148E+03     0.179148E+03     0.179148E+03     0.179148E+03     0.179148E+03     0.179148E+03     0.100000E+21
 0.440000E+04     0.243623E+03     0.243511E+03     0.238473E+03     0.232006E+03     0.236846E+03     0.236846E+03     0.235719E+03     0.235257E+03     0.235053E+03     0.235642E+03     0.238360E+03     0.238360E+03     0.238360E+03     0.238360E+03     0.237772E+03     0.221701E+03     0.210450E+03     0.206670E+03     0.206670E+03     0.206670E+03     0.206670E+03     0.206670E+03     0.206346E+03     0.205598E+03     0.205419E+03     0.205839E+03     0.208846E+03     0.210245E+03     0.210245E+03     0.210245E+03     0.213973E+03     0.228059E+03     0.234303E+03     0.231536E+03     0.233080E+03     0.234365E+03     0.241350E+03     0.240447E+03     0.235053E+03     0.235053E+03     0.235053E+03     0.216193E+03     0.215927E+03     0.215544E+03     0.215309E+03     0.214156E+03     0.213230E+03     0.213929E+03     0.209371E+03     0.209089E+03     0.207322E+03     0.205248E+03     0.205816E+03     0.204472E+03     0.204810E+03     0.206151E+03     0.205866E+03     0.205472E+03     0.205207E+03     0.204686E+03     0.204228E+03     0.203889E+03     0.202792E+03     0.202293E+03     0.202158E+03     0.202261E+03     0.201835E+03     0.201295E+03     0.201007E+03     0.202895E+03     0.206310E+03     0.206748E+03     0.206457E+03     0.196392E+03     0.196117E+03     0.195816E+03     0.199186E+03     0.209074E+03     0.207105E+03     0.205981E+03     0.204612E+03     0.200825E+03     0.201798E+03     0.198632E+03     0.199981E+03     0.201311E+03     0.199272E+03     0.199154E+03     0.198195E+03     0.183206E+03     0.181359E+03     0.182392E+03     0.183788E+03     0.186077E+03     0.186339E+03     0.183110E+03     0.180542E+03     0.179148E+03     0.179148E+03     0.180906E+03     0.180727E+03     0.179148E+03     0.179148E+03     0.179411E+03     0.183180E+03     0.180619E+03     0.179148E+03     0.179148E+03     0.179148E+03     0.179148E+03     0.179148E+03     0.179148E+03     0.179148E+03     0.179148E+03     0.179148E+03     0.179148E+03     0.179148E+03     0.179148E+03     0.179148E+03     0.179148E+03     0.179148E+03     0.179148E+03     0.179148E+03     0.179148E+03     0.179148E+03     0.100000E+21
