 0.126000E+03    -0.250000E+04    -0.248000E+04    -0.246000E+04    -0.244000E+04    -0.242000E+04    -0.240000E+04    -0.238000E+04    -0.236000E+04    -0.234000E+04    -0.232000E+04    -0.230000E+04    -0.228000E+04    -0.226000E+04    -0.224000E+04    -0.222000E+04    -0.220000E+04    -0.218000E+04    -0.216000E+04    -0.214000E+04    -0.212000E+04    -0.210000E+04    -0.208000E+04    -0.206000E+04    -0.204000E+04    -0.202000E+04    -0.200000E+04    -0.198000E+04    -0.196000E+04    -0.194000E+04    -0.192000E+04    -0.190000E+04    -0.188000E+04    -0.186000E+04    -0.184000E+04    -0.182000E+04    -0.180000E+04    -0.178000E+04    -0.176000E+04    -0.174000E+04    -0.172000E+04    -0.170000E+04    -0.168000E+04    -0.166000E+04    -0.164000E+04    -0.162000E+04    -0.160000E+04    -0.158000E+04    -0.156000E+04    -0.154000E+04    -0.152000E+04    -0.150000E+04    -0.148000E+04    -0.146000E+04    -0.144000E+04    -0.142000E+04    -0.140000E+04    -0.138000E+04    -0.136000E+04    -0.134000E+04    -0.132000E+04    -0.130000E+04    -0.128000E+04    -0.126000E+04    -0.124000E+04    -0.122000E+04    -0.120000E+04    -0.118000E+04    -0.116000E+04    -0.114000E+04    -0.112000E+04    -0.110000E+04    -0.108000E+04    -0.106000E+04    -0.104000E+04    -0.102000E+04    -0.100000E+04    -0.980000E+03    -0.960000E+03    -0.940000E+03    -0.920000E+03    -0.900000E+03    -0.880000E+03    -0.860000E+03    -0.840000E+03    -0.820000E+03    -0.800000E+03    -0.780000E+03    -0.760000E+03    -0.740000E+03    -0.720000E+03    -0.700000E+03    -0.680000E+03    -0.660000E+03    -0.640000E+03    -0.620000E+03    -0.600000E+03    -0.580000E+03    -0.560000E+03    -0.540000E+03    -0.520000E+03    -0.500000E+03    -0.480000E+03    -0.460000E+03    -0.440000E+03    -0.420000E+03    -0.400000E+03    -0.380000E+03    -0.360000E+03    -0.340000E+03    -0.320000E+03    -0.300000E+03    -0.280000E+03    -0.260000E+03    -0.240000E+03    -0.220000E+03    -0.200000E+03    -0.180000E+03    -0.160000E+03    -0.140000E+03    -0.120000E+03    -0.100000E+03    -0.800000E+02    -0.600000E+02    -0.400000E+02    -0.200000E+02     0.000000E+00
 0.000000E+00     0.144270E+11     0.144270E+11     0.144270E+11     0.144270E+11     0.144270E+11     0.144270E+11     0.144270E+11     0.144270E+11     0.144270E+11     0.144270E+11     0.144270E+11     0.144270E+11     0.144270E+11     0.462400E+10     0.462400E+10     0.437700E+10     0.120153E+11     0.936700E+10     0.927300E+10     0.920079E+10     0.728200E+10     0.695148E+10     0.682998E+10     0.641100E+10     0.714785E+10     0.726162E+10     0.674500E+10     0.657637E+10     0.652100E+10     0.604500E+10     0.931968E+10     0.173530E+11     0.163966E+11     0.173400E+11     0.157930E+11     0.155786E+11     0.543600E+10     0.538697E+10     0.535100E+10     0.529191E+10     0.526600E+10     0.522300E+10     0.540891E+10     0.487600E+10     0.484760E+10     0.496900E+10     0.532800E+10     0.529742E+10     0.476100E+10     0.489322E+10     0.411210E+10     0.263400E+10     0.260324E+10     0.266784E+10     0.295400E+10     0.283498E+10     0.253900E+10     0.252000E+10     0.237025E+10     0.228000E+10     0.255623E+10     0.254200E+10     0.234110E+10     0.238100E+10     0.275400E+10     0.273810E+10     0.250200E+10     0.249503E+10     0.220700E+10     0.210700E+10     0.219767E+10     0.207400E+10     0.220274E+10     0.231256E+10     0.244300E+10     0.243058E+10     0.240160E+10     0.238800E+10     0.192738E+10     0.191600E+10     0.190000E+10     0.187965E+10     0.186900E+10     0.219268E+10     0.217900E+10     0.216200E+10     0.215151E+10     0.212800E+10     0.199952E+10     0.196200E+10     0.183754E+10     0.182800E+10     0.181300E+10     0.180277E+10     0.214500E+10     0.213280E+10     0.211100E+10     0.183400E+10     0.182362E+10     0.180500E+10     0.209124E+10     0.215644E+10     0.214500E+10     0.197812E+10     0.183304E+10     0.178800E+10     0.170500E+10     0.170500E+10     0.170500E+10     0.170500E+10     0.170500E+10     0.170500E+10     0.170500E+10     0.170500E+10     0.170500E+10     0.170500E+10     0.170500E+10     0.170500E+10     0.170500E+10     0.170500E+10     0.170500E+10     0.170500E+10     0.170500E+10     0.170500E+10     0.170500E+10     0.100000E+21
 0.200000E+02     0.144270E+11     0.144270E+11     0.144270E+11     0.144270E+11     0.144270E+11     0.144270E+11     0.144270E+11     0.144270E+11     0.144270E+11     0.144270E+11     0.144270E+11     0.144270E+11     0.144270E+11     0.462400E+10     0.462400E+10     0.437700E+10     0.118668E+11     0.936700E+10     0.927300E+10     0.920744E+10     0.728200E+10     0.698028E+10     0.681432E+10     0.641100E+10     0.710265E+10     0.719527E+10     0.674500E+10     0.657265E+10     0.652100E+10     0.604500E+10     0.996024E+10     0.173530E+11     0.164902E+11     0.173400E+11     0.157930E+11     0.155894E+11     0.543600E+10     0.538242E+10     0.535100E+10     0.529076E+10     0.526600E+10     0.522300E+10     0.538911E+10     0.487600E+10     0.484969E+10     0.496900E+10     0.532800E+10     0.529965E+10     0.476100E+10     0.483970E+10     0.402996E+10     0.263400E+10     0.260458E+10     0.269522E+10     0.295400E+10     0.280969E+10     0.253900E+10     0.252000E+10     0.237951E+10     0.228000E+10     0.255452E+10     0.254200E+10     0.234235E+10     0.238100E+10     0.275400E+10     0.274001E+10     0.250200E+10     0.247722E+10     0.220700E+10     0.210700E+10     0.218992E+10     0.207400E+10     0.219042E+10     0.231826E+10     0.244300E+10     0.243127E+10     0.240001E+10     0.238800E+10     0.192655E+10     0.191600E+10     0.190000E+10     0.187887E+10     0.186900E+10     0.219122E+10     0.217900E+10     0.216200E+10     0.215198E+10     0.212800E+10     0.201577E+10     0.196200E+10     0.183706E+10     0.182800E+10     0.181300E+10     0.180379E+10     0.214500E+10     0.213377E+10     0.211100E+10     0.183400E+10     0.182432E+10     0.180500E+10     0.205448E+10     0.215574E+10     0.214500E+10     0.198436E+10     0.182911E+10     0.178800E+10     0.170500E+10     0.170500E+10     0.170500E+10     0.170500E+10     0.170500E+10     0.170500E+10     0.170500E+10     0.170500E+10     0.170500E+10     0.170500E+10     0.170500E+10     0.170500E+10     0.170500E+10     0.170500E+10     0.170500E+10     0.170500E+10     0.170500E+10     0.170500E+10     0.170500E+10     0.100000E+21
 0.400000E+02     0.144270E+11     0.144270E+11     0.144270E+11     0.144270E+11     0.144270E+11     0.144270E+11     0.144270E+11     0.144270E+11     0.144270E+11     0.144270E+11     0.144270E+11     0.144270E+11     0.144270E+11     0.462400E+10     0.462400E+10     0.437700E+10     0.117738E+11     0.936700E+10     0.927300E+10     0.921162E+10     0.728200E+10     0.699911E+10     0.680493E+10     0.641100E+10     0.707400E+10     0.715759E+10     0.674500E+10     0.657027E+10     0.652100E+10     0.604500E+10     0.103797E+11     0.173530E+11     0.165476E+11     0.173400E+11     0.157930E+11     0.155960E+11     0.543600E+10     0.538003E+10     0.535100E+10     0.529007E+10     0.526600E+10     0.522300E+10     0.537735E+10     0.487600E+10     0.485104E+10     0.496900E+10     0.532800E+10     0.530109E+10     0.476100E+10     0.473641E+10     0.397855E+10     0.263400E+10     0.260540E+10     0.271286E+10     0.295400E+10     0.279356E+10     0.253900E+10     0.252000E+10     0.238539E+10     0.228000E+10     0.255358E+10     0.254200E+10     0.234309E+10     0.238100E+10     0.275400E+10     0.274106E+10     0.250200E+10     0.246592E+10     0.220700E+10     0.210700E+10     0.218498E+10     0.207400E+10     0.218248E+10     0.232172E+10     0.244300E+10     0.243170E+10     0.239906E+10     0.238800E+10     0.192601E+10     0.191600E+10     0.190000E+10     0.187836E+10     0.186900E+10     0.219036E+10     0.217900E+10     0.216200E+10     0.215226E+10     0.212800E+10     0.202432E+10     0.196200E+10     0.183677E+10     0.182800E+10     0.181300E+10     0.180441E+10     0.214500E+10     0.213441E+10     0.211100E+10     0.195352E+10     0.187312E+10     0.180500E+10     0.203360E+10     0.215529E+10     0.214500E+10     0.198810E+10     0.182655E+10     0.178800E+10     0.170500E+10     0.170500E+10     0.170500E+10     0.170500E+10     0.170500E+10     0.170500E+10     0.170500E+10     0.170500E+10     0.170500E+10     0.170500E+10     0.170500E+10     0.170500E+10     0.170500E+10     0.170500E+10     0.170500E+10     0.170500E+10     0.170500E+10     0.170500E+10     0.170500E+10     0.100000E+21
 0.600000E+02     0.144270E+11     0.144270E+11     0.144270E+11     0.144270E+11     0.144270E+11     0.144270E+11     0.144270E+11     0.144270E+11     0.144270E+11     0.144270E+11     0.144270E+11     0.144270E+11     0.144270E+11     0.462400E+10     0.462400E+10     0.437700E+10     0.120129E+11     0.936700E+10     0.927300E+10     0.920109E+10     0.728200E+10     0.695275E+10     0.682985E+10     0.641100E+10     0.714697E+10     0.725610E+10     0.674500E+10     0.657628E+10     0.652100E+10     0.604500E+10     0.934270E+10     0.173530E+11     0.164016E+11     0.173400E+11     0.157930E+11     0.155788E+11     0.543600E+10     0.538658E+10     0.535100E+10     0.529190E+10     0.526600E+10     0.549700E+10     0.546262E+10     0.487600E+10     0.484766E+10     0.496900E+10     0.532800E+10     0.529748E+10     0.476100E+10     0.473103E+10     0.411080E+10     0.263400E+10     0.260325E+10     0.266928E+10     0.295400E+10     0.283399E+10     0.253900E+10     0.231600E+10     0.230387E+10     0.228000E+10     0.255609E+10     0.254200E+10     0.234111E+10     0.238100E+10     0.275400E+10     0.273825E+10     0.250200E+10     0.249468E+10     0.220700E+10     0.210700E+10     0.219736E+10     0.207400E+10     0.220209E+10     0.231262E+10     0.244300E+10     0.243059E+10     0.240148E+10     0.238800E+10     0.192736E+10     0.191600E+10     0.190000E+10     0.187963E+10     0.186900E+10     0.219259E+10     0.217900E+10     0.216200E+10     0.215152E+10     0.212800E+10     0.200092E+10     0.196200E+10     0.183754E+10     0.182800E+10     0.181300E+10     0.180283E+10     0.214500E+10     0.213283E+10     0.211100E+10     0.183400E+10     0.182364E+10     0.180500E+10     0.208818E+10     0.215643E+10     0.214500E+10     0.197818E+10     0.183287E+10     0.178800E+10     0.170500E+10     0.170500E+10     0.170500E+10     0.170500E+10     0.170500E+10     0.170500E+10     0.170500E+10     0.170500E+10     0.170500E+10     0.170500E+10     0.170500E+10     0.170500E+10     0.170500E+10     0.170500E+10     0.170500E+10     0.170500E+10     0.170500E+10     0.170500E+10     0.170500E+10     0.100000E+21
 0.800000E+02     0.144270E+11     0.144270E+11     0.144270E+11     0.144270E+11     0.144270E+11     0.144270E+11     0.144270E+11     0.144270E+11     0.144270E+11     0.144270E+11     0.144270E+11     0.144270E+11     0.144270E+11     0.462400E+10     0.462400E+10     0.437700E+10     0.118974E+11     0.936700E+10     0.927300E+10     0.920588E+10     0.728200E+10     0.697330E+10     0.681729E+10     0.641100E+10     0.711221E+10     0.721119E+10     0.674500E+10     0.657346E+10     0.652100E+10     0.604500E+10     0.980972E+10     0.173530E+11     0.164683E+11     0.173400E+11     0.157930E+11     0.155872E+11     0.543600E+10     0.538342E+10     0.535100E+10     0.529099E+10     0.526600E+10     0.549700E+10     0.546522E+10     0.487600E+10     0.484922E+10     0.496900E+10     0.532800E+10     0.529915E+10     0.476100E+10     0.473344E+10     0.404683E+10     0.263400E+10     0.260432E+10     0.268848E+10     0.295400E+10     0.281556E+10     0.253900E+10     0.231600E+10     0.230445E+10     0.228000E+10     0.255490E+10     0.254200E+10     0.234212E+10     0.238100E+10     0.275400E+10     0.273958E+10     0.250200E+10     0.248099E+10     0.220700E+10     0.210700E+10     0.229596E+10     0.207400E+10     0.219345E+10     0.231715E+10     0.244300E+10     0.243113E+10     0.240040E+10     0.238800E+10     0.192673E+10     0.191600E+10     0.190000E+10     0.187904E+10     0.186900E+10     0.219156E+10     0.217900E+10     0.216200E+10     0.215189E+10     0.212800E+10     0.201220E+10     0.196200E+10     0.183716E+10     0.182800E+10     0.181300E+10     0.180355E+10     0.214500E+10     0.213354E+10     0.211100E+10     0.183400E+10     0.182416E+10     0.180500E+10     0.206330E+10     0.215589E+10     0.214500E+10     0.198318E+10     0.183006E+10     0.178800E+10     0.170500E+10     0.170500E+10     0.170500E+10     0.170500E+10     0.170500E+10     0.170500E+10     0.170500E+10     0.170500E+10     0.170500E+10     0.170500E+10     0.170500E+10     0.170500E+10     0.170500E+10     0.170500E+10     0.170500E+10     0.170500E+10     0.170500E+10     0.170500E+10     0.170500E+10     0.100000E+21
 0.100000E+03     0.144270E+11     0.144270E+11     0.144270E+11     0.144270E+11     0.144270E+11     0.144270E+11     0.144270E+11     0.144270E+11     0.144270E+11     0.144270E+11     0.144270E+11     0.144270E+11     0.144270E+11     0.462400E+10     0.462400E+10     0.437700E+10     0.120192E+11     0.936700E+10     0.927300E+10     0.919909E+10     0.728200E+10     0.694466E+10     0.682950E+10     0.641100E+10     0.715013E+10     0.730328E+10     0.674500E+10     0.657667E+10     0.652100E+10     0.604500E+10     0.920714E+10     0.173530E+11     0.163667E+11     0.173400E+11     0.157930E+11     0.155786E+11     0.543600E+10     0.539173E+10     0.535100E+10     0.529189E+10     0.526600E+10     0.549700E+10     0.546092E+10     0.487600E+10     0.484735E+10     0.496900E+10     0.532800E+10     0.529716E+10     0.476100E+10     0.472904E+10     0.411413E+10     0.263400E+10     0.260326E+10     0.265941E+10     0.295400E+10     0.284008E+10     0.253900E+10     0.231600E+10     0.230382E+10     0.228000E+10     0.255730E+10     0.254200E+10     0.234115E+10     0.238100E+10     0.275400E+10     0.273690E+10     0.250200E+10     0.249597E+10     0.220700E+10     0.210700E+10     0.235168E+10     0.221000E+10     0.223954E+10     0.231265E+10     0.244300E+10     0.243056E+10     0.240238E+10     0.238800E+10     0.192748E+10     0.191600E+10     0.190000E+10     0.187974E+10     0.186900E+10     0.219326E+10     0.217900E+10     0.216200E+10     0.215152E+10     0.212800E+10     0.198252E+10     0.196200E+10     0.183754E+10     0.182800E+10     0.181300E+10     0.180245E+10     0.214500E+10     0.213263E+10     0.211100E+10     0.183400E+10     0.182356E+10     0.180500E+10     0.211433E+10     0.215648E+10     0.214500E+10     0.197831E+10     0.183397E+10     0.178800E+10     0.170500E+10     0.170500E+10     0.170500E+10     0.170500E+10     0.170500E+10     0.170500E+10     0.170500E+10     0.170500E+10     0.170500E+10     0.170500E+10     0.170500E+10     0.170500E+10     0.170500E+10     0.170500E+10     0.170500E+10     0.170500E+10     0.170500E+10     0.170500E+10     0.170500E+10     0.100000E+21
 0.120000E+03     0.144270E+11     0.144270E+11     0.144270E+11     0.144270E+11     0.144270E+11     0.144270E+11     0.144270E+11     0.144270E+11     0.144270E+11     0.144270E+11     0.144270E+11     0.144270E+11     0.144270E+11     0.462400E+10     0.462400E+10     0.437700E+10     0.119619E+11     0.936700E+10     0.927300E+10     0.920251E+10     0.728200E+10     0.695888E+10     0.682374E+10     0.641100E+10     0.713225E+10     0.724795E+10     0.674500E+10     0.657515E+10     0.652100E+10     0.604500E+10     0.949940E+10     0.173530E+11     0.164197E+11     0.173400E+11     0.157930E+11     0.155826E+11     0.543600E+10     0.538592E+10     0.535100E+10     0.529147E+10     0.526600E+10     0.549700E+10     0.546327E+10     0.487600E+10     0.484824E+10     0.496900E+10     0.532800E+10     0.529811E+10     0.476100E+10     0.473152E+10     0.408245E+10     0.263400E+10     0.260376E+10     0.267431E+10     0.295400E+10     0.282803E+10     0.253900E+10     0.231600E+10     0.230412E+10     0.228000E+10     0.255583E+10     0.254200E+10     0.234161E+10     0.238100E+10     0.275400E+10     0.273854E+10     0.250200E+10     0.248891E+10     0.220700E+10     0.210700E+10     0.234189E+10     0.221000E+10     0.213202E+10     0.231477E+10     0.244300E+10     0.243083E+10     0.240127E+10     0.238800E+10     0.192712E+10     0.191600E+10     0.190000E+10     0.187941E+10     0.186900E+10     0.219234E+10     0.217900E+10     0.216200E+10     0.215169E+10     0.212800E+10     0.200330E+10     0.196200E+10     0.183736E+10     0.182800E+10     0.181300E+10     0.180302E+10     0.214500E+10     0.213307E+10     0.211100E+10     0.183400E+10     0.182385E+10     0.180500E+10     0.208367E+10     0.215620E+10     0.214500E+10     0.198061E+10     0.183203E+10     0.178800E+10     0.170500E+10     0.170500E+10     0.170500E+10     0.170500E+10     0.170500E+10     0.170500E+10     0.170500E+10     0.170500E+10     0.170500E+10     0.170500E+10     0.170500E+10     0.170500E+10     0.170500E+10     0.170500E+10     0.170500E+10     0.170500E+10     0.170500E+10     0.170500E+10     0.170500E+10     0.100000E+21
 0.140000E+03     0.144270E+11     0.144270E+11     0.144270E+11     0.144270E+11     0.144270E+11     0.144270E+11     0.144270E+11     0.144270E+11     0.144270E+11     0.144270E+11     0.144270E+11     0.144270E+11     0.144270E+11     0.462400E+10     0.462400E+10     0.437700E+10     0.118171E+11     0.936700E+10     0.927300E+10     0.920976E+10     0.728200E+10     0.699072E+10     0.680937E+10     0.641100E+10     0.708727E+10     0.717360E+10     0.674500E+10     0.657137E+10     0.652100E+10     0.604500E+10     0.101905E+11     0.173530E+11     0.167221E+11     0.173400E+11     0.157930E+11     0.155929E+11     0.543600E+10     0.538106E+10     0.535100E+10     0.529040E+10     0.526600E+10     0.549700E+10     0.546731E+10     0.487600E+10     0.485042E+10     0.496900E+10     0.532800E+10     0.530043E+10     0.476100E+10     0.473551E+10     0.400252E+10     0.263400E+10     0.260501E+10     0.270509E+10     0.295400E+10     0.280080E+10     0.253900E+10     0.231600E+10     0.230486E+10     0.228000E+10     0.255398E+10     0.254200E+10     0.234274E+10     0.238100E+10     0.275400E+10     0.274061E+10     0.250200E+10     0.247115E+10     0.220700E+10     0.210700E+10     0.231975E+10     0.221000E+10     0.211210E+10     0.232009E+10     0.244300E+10     0.243150E+10     0.239947E+10     0.238800E+10     0.192626E+10     0.191600E+10     0.190000E+10     0.187859E+10     0.186900E+10     0.219074E+10     0.217900E+10     0.216200E+10     0.215213E+10     0.212800E+10     0.202065E+10     0.196200E+10     0.183691E+10     0.182800E+10     0.181300E+10     0.180413E+10     0.214500E+10     0.213412E+10     0.211100E+10     0.183400E+10     0.182456E+10     0.180500E+10     0.204248E+10     0.215550E+10     0.214500E+10     0.198633E+10     0.182769E+10     0.178800E+10     0.170500E+10     0.170500E+10     0.170500E+10     0.170500E+10     0.170500E+10     0.170500E+10     0.170500E+10     0.170500E+10     0.170500E+10     0.170500E+10     0.170500E+10     0.170500E+10     0.170500E+10     0.170500E+10     0.170500E+10     0.170500E+10     0.170500E+10     0.170500E+10     0.170500E+10     0.100000E+21
 0.160000E+03     0.144270E+11     0.144270E+11     0.144270E+11     0.144270E+11     0.144270E+11     0.144270E+11     0.144270E+11     0.144270E+11     0.144270E+11     0.144270E+11     0.144270E+11     0.144270E+11     0.144270E+11     0.462400E+10     0.440748E+10     0.437700E+10     0.120213E+11     0.936700E+10     0.927300E+10     0.919903E+10     0.728200E+10     0.694442E+10     0.682976E+10     0.641100E+10     0.715073E+10     0.730396E+10     0.674500E+10     0.657671E+10     0.652100E+10     0.604500E+10     0.751249E+10     0.783626E+10     0.170613E+11     0.173400E+11     0.157930E+11     0.155784E+11     0.543600E+10     0.539207E+10     0.535100E+10     0.529191E+10     0.526600E+10     0.530600E+10     0.543728E+10     0.487600E+10     0.484733E+10     0.496900E+10     0.532800E+10     0.529714E+10     0.476100E+10     0.472901E+10     0.411529E+10     0.263400E+10     0.260324E+10     0.265920E+10     0.295400E+10     0.284032E+10     0.253900E+10     0.243695E+10     0.234024E+10     0.228000E+10     0.255733E+10     0.254200E+10     0.234113E+10     0.238100E+10     0.275400E+10     0.273687E+10     0.250200E+10     0.249620E+10     0.220700E+10     0.210700E+10     0.235187E+10     0.221000E+10     0.209405E+10     0.231256E+10     0.244300E+10     0.243055E+10     0.240240E+10     0.238800E+10     0.192748E+10     0.191600E+10     0.190000E+10     0.187975E+10     0.186900E+10     0.219327E+10     0.217900E+10     0.216200E+10     0.215151E+10     0.212800E+10     0.198134E+10     0.196200E+10     0.183755E+10     0.182800E+10     0.181300E+10     0.180244E+10     0.214500E+10     0.213262E+10     0.211100E+10     0.183400E+10     0.182355E+10     0.180500E+10     0.211470E+10     0.215648E+10     0.214500E+10     0.197821E+10     0.183400E+10     0.178800E+10     0.170500E+10     0.170500E+10     0.170500E+10     0.170500E+10     0.170500E+10     0.170500E+10     0.170500E+10     0.170500E+10     0.170500E+10     0.170500E+10     0.170500E+10     0.170500E+10     0.170500E+10     0.170500E+10     0.170500E+10     0.170500E+10     0.170500E+10     0.170500E+10     0.170500E+10     0.100000E+21
 0.180000E+03     0.144270E+11     0.144270E+11     0.144270E+11     0.144270E+11     0.144270E+11     0.144270E+11     0.144270E+11     0.144270E+11     0.144270E+11     0.144270E+11     0.144270E+11     0.144270E+11     0.144270E+11     0.462400E+10     0.444844E+10     0.437700E+10     0.118171E+11     0.936700E+10     0.927300E+10     0.920976E+10     0.728200E+10     0.699072E+10     0.680937E+10     0.641100E+10     0.708727E+10     0.717360E+10     0.674500E+10     0.657137E+10     0.652100E+10     0.604500E+10     0.613500E+10     0.608700E+10     0.168406E+11     0.163666E+11     0.157930E+11     0.155929E+11     0.543600E+10     0.538106E+10     0.535100E+10     0.529040E+10     0.526600E+10     0.522300E+10     0.538249E+10     0.487600E+10     0.485042E+10     0.496900E+10     0.532800E+10     0.530043E+10     0.476100E+10     0.473551E+10     0.400252E+10     0.263400E+10     0.260501E+10     0.270509E+10     0.295400E+10     0.280080E+10     0.253900E+10     0.252000E+10     0.238267E+10     0.228000E+10     0.255398E+10     0.254200E+10     0.234274E+10     0.238100E+10     0.275400E+10     0.274061E+10     0.250200E+10     0.247115E+10     0.220700E+10     0.215957E+10     0.233502E+10     0.221000E+10     0.211210E+10     0.232009E+10     0.244300E+10     0.243150E+10     0.239947E+10     0.238800E+10     0.199658E+10     0.191600E+10     0.190000E+10     0.187859E+10     0.186900E+10     0.219074E+10     0.217900E+10     0.216200E+10     0.215213E+10     0.204341E+10     0.200030E+10     0.196200E+10     0.183691E+10     0.182800E+10     0.181300E+10     0.196651E+10     0.214500E+10     0.213412E+10     0.211100E+10     0.183400E+10     0.182456E+10     0.180500E+10     0.204248E+10     0.215550E+10     0.214500E+10     0.198633E+10     0.182769E+10     0.178800E+10     0.170500E+10     0.170500E+10     0.170500E+10     0.170500E+10     0.170500E+10     0.170500E+10     0.170500E+10     0.170500E+10     0.170500E+10     0.170500E+10     0.170500E+10     0.170500E+10     0.170500E+10     0.170500E+10     0.170500E+10     0.170500E+10     0.170500E+10     0.170500E+10     0.170500E+10     0.100000E+21
 0.200000E+03     0.144270E+11     0.144270E+11     0.144270E+11     0.144270E+11     0.144270E+11     0.144270E+11     0.144270E+11     0.144270E+11     0.144270E+11     0.144270E+11     0.144270E+11     0.144270E+11     0.144270E+11     0.462400E+10     0.442039E+10     0.527700E+10     0.119619E+11     0.936700E+10     0.927300E+10     0.920251E+10     0.728200E+10     0.695888E+10     0.682374E+10     0.641100E+10     0.713225E+10     0.724795E+10     0.674500E+10     0.657515E+10     0.652100E+10     0.604500E+10     0.613963E+10     0.608700E+10     0.167186E+11     0.157990E+11     0.157930E+11     0.155826E+11     0.151220E+11     0.538592E+10     0.535100E+10     0.529147E+10     0.526600E+10     0.522300E+10     0.540422E+10     0.487600E+10     0.484824E+10     0.496900E+10     0.532800E+10     0.529811E+10     0.476100E+10     0.473152E+10     0.483427E+10     0.472600E+10     0.343042E+10     0.267431E+10     0.295400E+10     0.282803E+10     0.253900E+10     0.252000E+10     0.237344E+10     0.228000E+10     0.255583E+10     0.254200E+10     0.234161E+10     0.238100E+10     0.275400E+10     0.273854E+10     0.250200E+10     0.248891E+10     0.220700E+10     0.219000E+10     0.236415E+10     0.221000E+10     0.209999E+10     0.222428E+10     0.221400E+10     0.234853E+10     0.240127E+10     0.238800E+10     0.204668E+10     0.191600E+10     0.190000E+10     0.187941E+10     0.186900E+10     0.219234E+10     0.217900E+10     0.216200E+10     0.215169E+10     0.199400E+10     0.198070E+10     0.196200E+10     0.183736E+10     0.182800E+10     0.181300E+10     0.208088E+10     0.214500E+10     0.213307E+10     0.211100E+10     0.183400E+10     0.182385E+10     0.180500E+10     0.208367E+10     0.215620E+10     0.214500E+10     0.198061E+10     0.183203E+10     0.178800E+10     0.170500E+10     0.170500E+10     0.170500E+10     0.170500E+10     0.170500E+10     0.170500E+10     0.170500E+10     0.170500E+10     0.170500E+10     0.170500E+10     0.170500E+10     0.170500E+10     0.170500E+10     0.170500E+10     0.170500E+10     0.170500E+10     0.170500E+10     0.170500E+10     0.170500E+10     0.100000E+21
 0.220000E+03     0.144270E+11     0.144270E+11     0.144270E+11     0.144270E+11     0.144270E+11     0.144270E+11     0.144270E+11     0.144270E+11     0.144270E+11     0.144270E+11     0.144270E+11     0.144270E+11     0.144270E+11     0.462400E+10     0.439311E+10     0.527700E+10     0.120192E+11     0.936700E+10     0.927300E+10     0.919909E+10     0.728200E+10     0.694466E+10     0.682950E+10     0.641100E+10     0.715013E+10     0.730328E+10     0.674500E+10     0.657667E+10     0.652100E+10     0.604500E+10     0.614159E+10     0.608700E+10     0.167715E+11     0.157990E+11     0.165025E+11     0.158219E+11     0.151220E+11     0.539173E+10     0.535100E+10     0.529189E+10     0.526600E+10     0.522300E+10     0.541680E+10     0.487600E+10     0.484735E+10     0.496900E+10     0.532800E+10     0.529716E+10     0.476100E+10     0.472904E+10     0.483663E+10     0.472600E+10     0.340897E+10     0.265941E+10     0.295400E+10     0.284008E+10     0.253900E+10     0.252000E+10     0.236976E+10     0.228000E+10     0.255730E+10     0.254200E+10     0.234115E+10     0.238100E+10     0.275400E+10     0.273690E+10     0.250200E+10     0.249597E+10     0.220700E+10     0.219000E+10     0.237141E+10     0.221000E+10     0.209413E+10     0.222445E+10     0.221400E+10     0.235147E+10     0.240238E+10     0.238800E+10     0.205083E+10     0.191600E+10     0.190000E+10     0.187974E+10     0.186900E+10     0.219326E+10     0.217900E+10     0.216200E+10     0.215152E+10     0.199400E+10     0.197848E+10     0.196200E+10     0.183754E+10     0.182800E+10     0.181300E+10     0.209631E+10     0.214500E+10     0.213263E+10     0.211100E+10     0.183400E+10     0.182356E+10     0.180500E+10     0.211433E+10     0.215648E+10     0.214500E+10     0.197831E+10     0.183397E+10     0.178800E+10     0.170500E+10     0.170500E+10     0.170500E+10     0.170500E+10     0.170500E+10     0.170500E+10     0.170500E+10     0.170500E+10     0.170500E+10     0.170500E+10     0.170500E+10     0.170500E+10     0.170500E+10     0.170500E+10     0.170500E+10     0.170500E+10     0.170500E+10     0.170500E+10     0.170500E+10     0.100000E+21
 0.240000E+03     0.144270E+11     0.144270E+11     0.144270E+11     0.144270E+11     0.144270E+11     0.144270E+11     0.144270E+11     0.144270E+11     0.144270E+11     0.144270E+11     0.144270E+11     0.144270E+11     0.144270E+11     0.462400E+10     0.443467E+10     0.527700E+10     0.118974E+11     0.936700E+10     0.927300E+10     0.920588E+10     0.728200E+10     0.697330E+10     0.681729E+10     0.641100E+10     0.711221E+10     0.721119E+10     0.674500E+10     0.657346E+10     0.652100E+10     0.604500E+10     0.613755E+10     0.608700E+10     0.166700E+11     0.157990E+11     0.169840E+11     0.160510E+11     0.151220E+11     0.538342E+10     0.535100E+10     0.529099E+10     0.526600E+10     0.522300E+10     0.539373E+10     0.487600E+10     0.484922E+10     0.496900E+10     0.532800E+10     0.529915E+10     0.476100E+10     0.473344E+10     0.483160E+10     0.472600E+10     0.345447E+10     0.268848E+10     0.295400E+10     0.281556E+10     0.253900E+10     0.252000E+10     0.237755E+10     0.228000E+10     0.255490E+10     0.254200E+10     0.234212E+10     0.238100E+10     0.275400E+10     0.273958E+10     0.256076E+10     0.248099E+10     0.220700E+10     0.219000E+10     0.235664E+10     0.221000E+10     0.210556E+10     0.222409E+10     0.221400E+10     0.234522E+10     0.240040E+10     0.238800E+10     0.204213E+10     0.191600E+10     0.190000E+10     0.187904E+10     0.186900E+10     0.219156E+10     0.217900E+10     0.216200E+10     0.215189E+10     0.199400E+10     0.198165E+10     0.196200E+10     0.183716E+10     0.182800E+10     0.181300E+10     0.206675E+10     0.214500E+10     0.213354E+10     0.211100E+10     0.183400E+10     0.182416E+10     0.180500E+10     0.206330E+10     0.215589E+10     0.214500E+10     0.198318E+10     0.183006E+10     0.178800E+10     0.170500E+10     0.170500E+10     0.170500E+10     0.170500E+10     0.170500E+10     0.170500E+10     0.170500E+10     0.170500E+10     0.170500E+10     0.170500E+10     0.170500E+10     0.170500E+10     0.170500E+10     0.170500E+10     0.170500E+10     0.170500E+10     0.170500E+10     0.170500E+10     0.170500E+10     0.100000E+21
 0.260000E+03     0.144270E+11     0.144270E+11     0.144270E+11     0.144270E+11     0.144270E+11     0.144270E+11     0.144270E+11     0.144270E+11     0.144270E+11     0.144270E+11     0.144270E+11     0.144270E+11     0.144270E+11     0.462400E+10     0.441652E+10     0.527700E+10     0.120129E+11     0.936700E+10     0.927300E+10     0.920109E+10     0.728200E+10     0.695275E+10     0.682985E+10     0.641100E+10     0.714697E+10     0.725610E+10     0.674500E+10     0.657628E+10     0.652100E+10     0.683293E+10     0.614068E+10     0.608700E+10     0.167366E+11     0.157990E+11     0.169840E+11     0.160126E+11     0.151220E+11     0.538658E+10     0.535100E+10     0.529190E+10     0.526600E+10     0.522300E+10     0.540771E+10     0.487600E+10     0.484766E+10     0.496900E+10     0.532800E+10     0.529748E+10     0.476100E+10     0.473103E+10     0.483638E+10     0.472600E+10     0.340869E+10     0.266928E+10     0.295400E+10     0.283399E+10     0.253900E+10     0.252000E+10     0.237044E+10     0.228000E+10     0.255609E+10     0.254200E+10     0.234111E+10     0.238100E+10     0.275400E+10     0.273825E+10     0.271500E+10     0.249468E+10     0.220700E+10     0.219000E+10     0.236774E+10     0.221000E+10     0.209801E+10     0.222445E+10     0.221400E+10     0.235116E+10     0.236514E+10     0.219558E+10     0.204943E+10     0.191600E+10     0.190000E+10     0.187963E+10     0.186900E+10     0.219259E+10     0.217900E+10     0.216200E+10     0.215152E+10     0.199400E+10     0.198045E+10     0.196200E+10     0.183754E+10     0.182800E+10     0.181300E+10     0.208615E+10     0.214500E+10     0.213283E+10     0.211100E+10     0.183400E+10     0.182364E+10     0.180500E+10     0.208818E+10     0.215643E+10     0.214500E+10     0.197818E+10     0.183287E+10     0.178800E+10     0.170500E+10     0.170500E+10     0.170500E+10     0.170500E+10     0.170500E+10     0.170500E+10     0.170500E+10     0.170500E+10     0.170500E+10     0.170500E+10     0.170500E+10     0.170500E+10     0.170500E+10     0.170500E+10     0.170500E+10     0.170500E+10     0.170500E+10     0.170500E+10     0.170500E+10     0.100000E+21
 0.280000E+03     0.144270E+11     0.144270E+11     0.144270E+11     0.144270E+11     0.144270E+11     0.144270E+11     0.144270E+11     0.144270E+11     0.144270E+11     0.144270E+11     0.144270E+11     0.144270E+11     0.144270E+11     0.462400E+10     0.445446E+10     0.527700E+10     0.117738E+11     0.936700E+10     0.927300E+10     0.921162E+10     0.728200E+10     0.699911E+10     0.680493E+10     0.641100E+10     0.707400E+10     0.715759E+10     0.674500E+10     0.657027E+10     0.652100E+10     0.744600E+10     0.613373E+10     0.608700E+10     0.165907E+11     0.157990E+11     0.169840E+11     0.160909E+11     0.151220E+11     0.538003E+10     0.535100E+10     0.529007E+10     0.526600E+10     0.522300E+10     0.537735E+10     0.487600E+10     0.485104E+10     0.496900E+10     0.532800E+10     0.530109E+10     0.476100E+10     0.473641E+10     0.482650E+10     0.472600E+10     0.350063E+10     0.271286E+10     0.295400E+10     0.279356E+10     0.253900E+10     0.252000E+10     0.238539E+10     0.228000E+10     0.255358E+10     0.254200E+10     0.234309E+10     0.238100E+10     0.275400E+10     0.274106E+10     0.271500E+10     0.246592E+10     0.220700E+10     0.219000E+10     0.234338E+10     0.221000E+10     0.211516E+10     0.222373E+10     0.221400E+10     0.233888E+10     0.229542E+10     0.211900E+10     0.203367E+10     0.191600E+10     0.190000E+10     0.187836E+10     0.186900E+10     0.219036E+10     0.217900E+10     0.216200E+10     0.215226E+10     0.199400E+10     0.198294E+10     0.196200E+10     0.183677E+10     0.182800E+10     0.181300E+10     0.204364E+10     0.214500E+10     0.213441E+10     0.211100E+10     0.183400E+10     0.182476E+10     0.180500E+10     0.203360E+10     0.215529E+10     0.214500E+10     0.198810E+10     0.182655E+10     0.178800E+10     0.170500E+10     0.170500E+10     0.170500E+10     0.170500E+10     0.170500E+10     0.170500E+10     0.170500E+10     0.170500E+10     0.170500E+10     0.170500E+10     0.170500E+10     0.170500E+10     0.170500E+10     0.170500E+10     0.170500E+10     0.170500E+10     0.170500E+10     0.170500E+10     0.170500E+10     0.100000E+21
 0.300000E+03     0.144270E+11     0.144270E+11     0.144270E+11     0.144270E+11     0.144270E+11     0.144270E+11     0.144270E+11     0.144270E+11     0.144270E+11     0.144270E+11     0.144270E+11     0.144270E+11     0.144270E+11     0.462400E+10     0.444047E+10     0.527700E+10     0.118668E+11     0.936700E+10     0.927300E+10     0.920744E+10     0.728200E+10     0.698028E+10     0.681432E+10     0.641100E+10     0.710265E+10     0.719527E+10     0.674500E+10     0.657265E+10     0.652100E+10     0.744600E+10     0.613654E+10     0.608700E+10     0.166480E+11     0.157990E+11     0.169840E+11     0.160608E+11     0.151220E+11     0.538242E+10     0.535100E+10     0.529076E+10     0.526600E+10     0.522300E+10     0.538911E+10     0.487600E+10     0.484969E+10     0.496900E+10     0.532800E+10     0.529965E+10     0.476100E+10     0.473430E+10     0.483034E+10     0.472600E+10     0.337687E+10     0.269522E+10     0.295400E+10     0.280969E+10     0.253900E+10     0.252000E+10     0.237951E+10     0.228000E+10     0.250302E+10     0.254200E+10     0.234235E+10     0.238100E+10     0.275400E+10     0.274001E+10     0.271500E+10     0.247722E+10     0.220700E+10     0.219000E+10     0.218854E+10     0.221000E+10     0.210822E+10     0.222400E+10     0.221400E+10     0.234366E+10     0.231055E+10     0.211900E+10     0.203995E+10     0.191600E+10     0.190000E+10     0.187887E+10     0.186900E+10     0.219122E+10     0.217900E+10     0.216200E+10     0.215198E+10     0.199400E+10     0.198203E+10     0.196200E+10     0.183706E+10     0.182800E+10     0.181300E+10     0.206034E+10     0.214500E+10     0.213377E+10     0.211100E+10     0.183400E+10     0.182432E+10     0.180500E+10     0.205448E+10     0.215574E+10     0.214500E+10     0.198436E+10     0.182911E+10     0.178800E+10     0.170500E+10     0.170500E+10     0.170500E+10     0.170500E+10     0.170500E+10     0.170500E+10     0.170500E+10     0.170500E+10     0.170500E+10     0.170500E+10     0.170500E+10     0.170500E+10     0.170500E+10     0.170500E+10     0.170500E+10     0.170500E+10     0.170500E+10     0.170500E+10     0.170500E+10     0.100000E+21
 0.320000E+03     0.144270E+11     0.144270E+11     0.144270E+11     0.144270E+11     0.144270E+11     0.144270E+11     0.144270E+11     0.144270E+11     0.144270E+11     0.144270E+11     0.144270E+11     0.144270E+11     0.144270E+11     0.462400E+10     0.441435E+10     0.527700E+10     0.120153E+11     0.936700E+10     0.927300E+10     0.920079E+10     0.728200E+10     0.695148E+10     0.682998E+10     0.641100E+10     0.714785E+10     0.726162E+10     0.674500E+10     0.657637E+10     0.652100E+10     0.744600E+10     0.614084E+10     0.608700E+10     0.167416E+11     0.157990E+11     0.169840E+11     0.160120E+11     0.151220E+11     0.538697E+10     0.535100E+10     0.529191E+10     0.526600E+10     0.522300E+10     0.540891E+10     0.487600E+10     0.484760E+10     0.496900E+10     0.532800E+10     0.529742E+10     0.476100E+10     0.473078E+10     0.483648E+10     0.472600E+10     0.326656E+10     0.266784E+10     0.295400E+10     0.283498E+10     0.253900E+10     0.252000E+10     0.237025E+10     0.228000E+10     0.247757E+10     0.254200E+10     0.234110E+10     0.238100E+10     0.275400E+10     0.273810E+10     0.271500E+10     0.249503E+10     0.220700E+10     0.219000E+10     0.211582E+10     0.221000E+10     0.209745E+10     0.222446E+10     0.221400E+10     0.235129E+10     0.233584E+10     0.211900E+10     0.207634E+10     0.203703E+10     0.190000E+10     0.187965E+10     0.186900E+10     0.219268E+10     0.217900E+10     0.216200E+10     0.215151E+10     0.199400E+10     0.198030E+10     0.196200E+10     0.183754E+10     0.182800E+10     0.181300E+10     0.208759E+10     0.214500E+10     0.213280E+10     0.211100E+10     0.183400E+10     0.182362E+10     0.180500E+10     0.209124E+10     0.215644E+10     0.214500E+10     0.197812E+10     0.183304E+10     0.178800E+10     0.170500E+10     0.170500E+10     0.170500E+10     0.170500E+10     0.170500E+10     0.170500E+10     0.170500E+10     0.170500E+10     0.170500E+10     0.170500E+10     0.170500E+10     0.170500E+10     0.170500E+10     0.170500E+10     0.170500E+10     0.170500E+10     0.170500E+10     0.170500E+10     0.170500E+10     0.100000E+21
 0.340000E+03     0.144270E+11     0.144270E+11     0.144270E+11     0.144270E+11     0.144270E+11     0.144270E+11     0.144270E+11     0.144270E+11     0.144270E+11     0.144270E+11     0.144270E+11     0.144270E+11     0.144270E+11     0.462400E+10     0.441048E+10     0.527700E+10     0.119801E+11     0.936700E+10     0.927300E+10     0.920087E+10     0.728200E+10     0.695144E+10     0.682502E+10     0.641100E+10     0.713849E+10     0.727495E+10     0.674500E+10     0.657573E+10     0.652100E+10     0.744600E+10     0.614058E+10     0.608700E+10     0.167442E+11     0.157990E+11     0.169840E+11     0.160250E+11     0.151220E+11     0.538770E+10     0.535100E+10     0.529157E+10     0.526600E+10     0.522300E+10     0.541019E+10     0.487600E+10     0.484786E+10     0.496900E+10     0.532800E+10     0.529771E+10     0.476100E+10     0.473022E+10     0.483501E+10     0.472600E+10     0.328537E+10     0.256032E+10     0.254700E+10     0.283366E+10     0.253900E+10     0.252000E+10     0.237214E+10     0.228000E+10     0.247659E+10     0.254200E+10     0.234151E+10     0.238100E+10     0.275400E+10     0.273786E+10     0.271500E+10     0.252709E+10     0.261500E+10     0.219000E+10     0.211615E+10     0.221000E+10     0.209681E+10     0.222432E+10     0.221400E+10     0.234945E+10     0.240185E+10     0.238800E+10     0.209986E+10     0.209000E+10     0.190000E+10     0.187955E+10     0.186900E+10     0.219278E+10     0.217900E+10     0.216200E+10     0.215165E+10     0.212800E+10     0.199694E+10     0.196200E+10     0.183741E+10     0.182800E+10     0.181300E+10     0.208835E+10     0.214500E+10     0.213285E+10     0.211100E+10     0.183400E+10     0.182374E+10     0.180500E+10     0.209863E+10     0.215629E+10     0.214500E+10     0.198010E+10     0.183304E+10     0.178800E+10     0.170500E+10     0.170500E+10     0.170500E+10     0.170500E+10     0.170500E+10     0.170500E+10     0.170500E+10     0.170500E+10     0.170500E+10     0.170500E+10     0.170500E+10     0.170500E+10     0.170500E+10     0.170500E+10     0.170500E+10     0.170500E+10     0.170500E+10     0.170500E+10     0.170500E+10     0.100000E+21
 0.360000E+03     0.144270E+11     0.144270E+11     0.144270E+11     0.144270E+11     0.144270E+11     0.144270E+11     0.144270E+11     0.144270E+11     0.144270E+11     0.144270E+11     0.144270E+11     0.144270E+11     0.144270E+11     0.462400E+10     0.442864E+10     0.527700E+10     0.119922E+11     0.936700E+10     0.927300E+10     0.920326E+10     0.728200E+10     0.696196E+10     0.682852E+10     0.641100E+10     0.713969E+10     0.722280E+10     0.674500E+10     0.657558E+10     0.652100E+10     0.744600E+10     0.606811E+10     0.608700E+10     0.167028E+11     0.157990E+11     0.169840E+11     0.160184E+11     0.151220E+11     0.538444E+10     0.535100E+10     0.529178E+10     0.526600E+10     0.522300E+10     0.539988E+10     0.487600E+10     0.484813E+10     0.496900E+10     0.532800E+10     0.529797E+10     0.476100E+10     0.473266E+10     0.483554E+10     0.472600E+10     0.327355E+10     0.255971E+10     0.254700E+10     0.287807E+10     0.273663E+10     0.252000E+10     0.237195E+10     0.228000E+10     0.248163E+10     0.254200E+10     0.234120E+10     0.238100E+10     0.275400E+10     0.273910E+10     0.271500E+10     0.252697E+10     0.261500E+10     0.219000E+10     0.211789E+10     0.231688E+10     0.218299E+10     0.222441E+10     0.221400E+10     0.235012E+10     0.240075E+10     0.238800E+10     0.209978E+10     0.209000E+10     0.190000E+10     0.187945E+10     0.186900E+10     0.219202E+10     0.217900E+10     0.216200E+10     0.215156E+10     0.212800E+10     0.200857E+10     0.196200E+10     0.183748E+10     0.182800E+10     0.181300E+10     0.207630E+10     0.214500E+10     0.213310E+10     0.211100E+10     0.183400E+10     0.182377E+10     0.180500E+10     0.206974E+10     0.215631E+10     0.214500E+10     0.197870E+10     0.183161E+10     0.178800E+10     0.170500E+10     0.170500E+10     0.170500E+10     0.170500E+10     0.170500E+10     0.170500E+10     0.170500E+10     0.170500E+10     0.170500E+10     0.170500E+10     0.170500E+10     0.170500E+10     0.170500E+10     0.170500E+10     0.170500E+10     0.170500E+10     0.170500E+10     0.170500E+10     0.170500E+10     0.100000E+21
 0.380000E+03     0.144270E+11     0.144270E+11     0.144270E+11     0.144270E+11     0.144270E+11     0.144270E+11     0.144270E+11     0.144270E+11     0.144270E+11     0.144270E+11     0.144270E+11     0.144270E+11     0.144270E+11     0.462400E+10     0.445398E+10     0.527700E+10     0.117775E+11     0.936700E+10     0.927300E+10     0.921147E+10     0.728200E+10     0.699842E+10     0.680531E+10     0.641100E+10     0.707512E+10     0.717787E+10     0.679151E+10     0.657036E+10     0.652100E+10     0.744600E+10     0.601331E+10     0.608700E+10     0.165928E+11     0.157990E+11     0.169840E+11     0.160897E+11     0.151220E+11     0.538011E+10     0.535100E+10     0.529010E+10     0.526600E+10     0.522300E+10     0.537777E+10     0.487600E+10     0.485099E+10     0.496900E+10     0.532800E+10     0.530103E+10     0.476100E+10     0.473634E+10     0.482665E+10     0.472600E+10     0.336749E+10     0.255819E+10     0.254700E+10     0.292692E+10     0.291400E+10     0.252000E+10     0.238516E+10     0.228000E+10     0.248942E+10     0.254200E+10     0.234306E+10     0.238100E+10     0.257911E+10     0.268076E+10     0.271500E+10     0.253482E+10     0.261500E+10     0.219000E+10     0.212605E+10     0.241000E+10     0.227513E+10     0.217405E+10     0.221400E+10     0.233907E+10     0.239910E+10     0.238800E+10     0.209878E+10     0.209000E+10     0.190000E+10     0.187838E+10     0.186900E+10     0.209061E+10     0.217900E+10     0.216200E+10     0.215225E+10     0.212800E+10     0.202403E+10     0.196200E+10     0.183678E+10     0.182800E+10     0.181300E+10     0.204424E+10     0.214500E+10     0.213438E+10     0.211100E+10     0.183400E+10     0.182474E+10     0.180500E+10     0.203431E+10     0.215531E+10     0.214500E+10     0.198795E+10     0.182664E+10     0.178800E+10     0.170500E+10     0.170500E+10     0.170500E+10     0.170500E+10     0.170500E+10     0.170500E+10     0.170500E+10     0.170500E+10     0.170500E+10     0.170500E+10     0.170500E+10     0.170500E+10     0.170500E+10     0.170500E+10     0.170500E+10     0.170500E+10     0.170500E+10     0.170500E+10     0.170500E+10     0.100000E+21
 0.400000E+03     0.144270E+11     0.144270E+11     0.144270E+11     0.144270E+11     0.144270E+11     0.144270E+11     0.144270E+11     0.144270E+11     0.144270E+11     0.144270E+11     0.144270E+11     0.144270E+11     0.144270E+11     0.462400E+10     0.445131E+10     0.527700E+10     0.117971E+11     0.936700E+10     0.927300E+10     0.921064E+10     0.728200E+10     0.699467E+10     0.680733E+10     0.641100E+10     0.708112E+10     0.720506E+10     0.684900E+10     0.657086E+10     0.652100E+10     0.744600E+10     0.601241E+10     0.608700E+10     0.166040E+11     0.157990E+11     0.169840E+11     0.160833E+11     0.151220E+11     0.538057E+10     0.535100E+10     0.529024E+10     0.526600E+10     0.522300E+10     0.538005E+10     0.487600E+10     0.485071E+10     0.496900E+10     0.532800E+10     0.530074E+10     0.476100E+10     0.473594E+10     0.482746E+10     0.472600E+10     0.344712E+10     0.255835E+10     0.254700E+10     0.292708E+10     0.291400E+10     0.252000E+10     0.238393E+10     0.228000E+10     0.248860E+10     0.254200E+10     0.241110E+10     0.238100E+10     0.236200E+10     0.262067E+10     0.271500E+10     0.253409E+10     0.261500E+10     0.219000E+10     0.212524E+10     0.241000E+10     0.227320E+10     0.211374E+10     0.221400E+10     0.234008E+10     0.239928E+10     0.238800E+10     0.220091E+10     0.209000E+10     0.190000E+10     0.187848E+10     0.186900E+10     0.195736E+10     0.217900E+10     0.216200E+10     0.215219E+10     0.212800E+10     0.202240E+10     0.196200E+10     0.183684E+10     0.182800E+10     0.181300E+10     0.204752E+10     0.214500E+10     0.213425E+10     0.211100E+10     0.183400E+10     0.182465E+10     0.180500E+10     0.203822E+10     0.215540E+10     0.214500E+10     0.198714E+10     0.182715E+10     0.178800E+10     0.170500E+10     0.170500E+10     0.170500E+10     0.170500E+10     0.170500E+10     0.170500E+10     0.170500E+10     0.170500E+10     0.170500E+10     0.170500E+10     0.170500E+10     0.170500E+10     0.170500E+10     0.170500E+10     0.170500E+10     0.170500E+10     0.170500E+10     0.170500E+10     0.170500E+10     0.100000E+21
 0.420000E+03     0.144270E+11     0.144270E+11     0.144270E+11     0.144270E+11     0.144270E+11     0.144270E+11     0.144270E+11     0.144270E+11     0.144270E+11     0.144270E+11     0.144270E+11     0.144270E+11     0.144270E+11     0.462400E+10     0.442824E+10     0.527700E+10     0.119932E+11     0.936700E+10     0.927300E+10     0.920317E+10     0.728200E+10     0.696159E+10     0.682858E+10     0.641100E+10     0.694253E+10     0.725417E+10     0.684900E+10     0.657561E+10     0.652100E+10     0.744600E+10     0.600430E+10     0.608700E+10     0.167041E+11     0.157990E+11     0.169840E+11     0.160181E+11     0.151220E+11     0.538451E+10     0.535100E+10     0.529179E+10     0.526600E+10     0.522300E+10     0.540017E+10     0.516753E+10     0.493015E+10     0.496900E+10     0.532800E+10     0.529795E+10     0.476100E+10     0.473261E+10     0.483558E+10     0.472600E+10     0.343311E+10     0.255972E+10     0.254700E+10     0.292858E+10     0.291400E+10     0.252000E+10     0.237188E+10     0.228000E+10     0.248151E+10     0.254200E+10     0.246465E+10     0.238100E+10     0.236200E+10     0.265503E+10     0.271500E+10     0.252693E+10     0.261500E+10     0.219000E+10     0.211782E+10     0.241000E+10     0.225660E+10     0.210743E+10     0.221400E+10     0.227199E+10     0.240078E+10     0.238800E+10     0.228568E+10     0.209000E+10     0.190000E+10     0.187946E+10     0.186900E+10     0.192897E+10     0.217900E+10     0.216200E+10     0.215156E+10     0.212800E+10     0.200832E+10     0.196200E+10     0.183748E+10     0.182800E+10     0.181300E+10     0.207667E+10     0.214500E+10     0.213309E+10     0.211100E+10     0.183400E+10     0.182376E+10     0.180500E+10     0.207038E+10     0.215632E+10     0.214500E+10     0.197868E+10     0.183166E+10     0.178800E+10     0.170500E+10     0.170500E+10     0.170500E+10     0.170500E+10     0.170500E+10     0.170500E+10     0.170500E+10     0.170500E+10     0.170500E+10     0.170500E+10     0.170500E+10     0.170500E+10     0.170500E+10     0.170500E+10     0.170500E+10     0.170500E+10     0.170500E+10     0.170500E+10     0.170500E+10     0.100000E+21
 0.440000E+03     0.144270E+11     0.144270E+11     0.144270E+11     0.144270E+11     0.144270E+11     0.144270E+11     0.144270E+11     0.144270E+11     0.144270E+11     0.144270E+11     0.144270E+11     0.144270E+11     0.144270E+11     0.462400E+10     0.439526E+10     0.527700E+10     0.120033E+11     0.936700E+10     0.927300E+10     0.919916E+10     0.728200E+10     0.694427E+10     0.682713E+10     0.641100E+10     0.677144E+10     0.732333E+10     0.684900E+10     0.657639E+10     0.652100E+10     0.744600E+10     0.600121E+10     0.608700E+10     0.167712E+11     0.157990E+11     0.169840E+11     0.160178E+11     0.151220E+11     0.539084E+10     0.535100E+10     0.529174E+10     0.526600E+10     0.522300E+10     0.541677E+10     0.541000E+10     0.500036E+10     0.496900E+10     0.532800E+10     0.529729E+10     0.476100E+10     0.472886E+10     0.483596E+10     0.472600E+10     0.343594E+10     0.256068E+10     0.254700E+10     0.292921E+10     0.291400E+10     0.252000E+10     0.237060E+10     0.228000E+10     0.246710E+10     0.246605E+10     0.246432E+10     0.238100E+10     0.236200E+10     0.269659E+10     0.271500E+10     0.252617E+10     0.261500E+10     0.219000E+10     0.211469E+10     0.241000E+10     0.224513E+10     0.210767E+10     0.221400E+10     0.220229E+10     0.240246E+10     0.238800E+10     0.229000E+10     0.209000E+10     0.190000E+10     0.187970E+10     0.186900E+10     0.190555E+10     0.217900E+10     0.216200E+10     0.215158E+10     0.212800E+10     0.198572E+10     0.196200E+10     0.183749E+10     0.182800E+10     0.181300E+10     0.209621E+10     0.214500E+10     0.213264E+10     0.211100E+10     0.183400E+10     0.182361E+10     0.180500E+10     0.211568E+10     0.215641E+10     0.214500E+10     0.197926E+10     0.183402E+10     0.178800E+10     0.170500E+10     0.170500E+10     0.170500E+10     0.170500E+10     0.170500E+10     0.170500E+10     0.170500E+10     0.170500E+10     0.170500E+10     0.170500E+10     0.170500E+10     0.170500E+10     0.170500E+10     0.170500E+10     0.170500E+10     0.170500E+10     0.170500E+10     0.170500E+10     0.170500E+10     0.100000E+21
 0.460000E+03     0.144270E+11     0.144270E+11     0.144270E+11     0.144270E+11     0.144270E+11     0.144270E+11     0.144270E+11     0.144270E+11     0.144270E+11     0.144270E+11     0.144270E+11     0.144270E+11     0.144270E+11     0.462400E+10     0.442359E+10     0.527700E+10     0.120025E+11     0.936700E+10     0.927300E+10     0.920226E+10     0.728200E+10     0.695767E+10     0.682921E+10     0.641100E+10     0.677011E+10     0.726527E+10     0.684900E+10     0.657592E+10     0.652100E+10     0.744600E+10     0.600350E+10     0.608700E+10     0.167181E+11     0.157990E+11     0.169840E+11     0.160155E+11     0.151220E+11     0.538532E+10     0.535100E+10     0.529184E+10     0.526600E+10     0.522300E+10     0.540335E+10     0.541000E+10     0.500688E+10     0.496900E+10     0.532800E+10     0.529774E+10     0.476100E+10     0.473195E+10     0.483596E+10     0.472600E+10     0.343051E+10     0.255992E+10     0.254700E+10     0.292874E+10     0.291400E+10     0.252000E+10     0.237121E+10     0.228000E+10     0.246126E+10     0.244600E+10     0.246474E+10     0.238100E+10     0.236200E+10     0.266158E+10     0.271500E+10     0.252653E+10     0.261500E+10     0.219000E+10     0.217673E+10     0.241000E+10     0.225423E+10     0.210722E+10     0.221400E+10     0.220229E+10     0.240107E+10     0.238800E+10     0.228707E+10     0.209000E+10     0.190000E+10     0.187953E+10     0.186900E+10     0.192448E+10     0.217900E+10     0.216200E+10     0.215154E+10     0.212800E+10     0.200541E+10     0.196200E+10     0.183751E+10     0.182800E+10     0.181300E+10     0.208075E+10     0.214500E+10     0.213297E+10     0.211100E+10     0.183400E+10     0.182370E+10     0.180500E+10     0.207765E+10     0.215637E+10     0.214500E+10     0.197843E+10     0.183219E+10     0.178800E+10     0.170500E+10     0.170500E+10     0.170500E+10     0.170500E+10     0.170500E+10     0.170500E+10     0.170500E+10     0.170500E+10     0.170500E+10     0.170500E+10     0.170500E+10     0.170500E+10     0.170500E+10     0.170500E+10     0.170500E+10     0.170500E+10     0.170500E+10     0.170500E+10     0.170500E+10     0.100000E+21
 0.480000E+03     0.144270E+11     0.144270E+11     0.144270E+11     0.144270E+11     0.144270E+11     0.144270E+11     0.144270E+11     0.144270E+11     0.144270E+11     0.144270E+11     0.144270E+11     0.144270E+11     0.144270E+11     0.462400E+10     0.444689E+10     0.527700E+10     0.118275E+11     0.936700E+10     0.927300E+10     0.905734E+10     0.728200E+10     0.698861E+10     0.681042E+10     0.641100E+10     0.674422E+10     0.721511E+10     0.684900E+10     0.657163E+10     0.652100E+10     0.744600E+10     0.601098E+10     0.608700E+10     0.166224E+11     0.157990E+11     0.169840E+11     0.160734E+11     0.151220E+11     0.538132E+10     0.535100E+10     0.529047E+10     0.526600E+10     0.522300E+10     0.538380E+10     0.541000E+10     0.504079E+10     0.496900E+10     0.532800E+10     0.530027E+10     0.476100E+10     0.473527E+10     0.482872E+10     0.472600E+10     0.349828E+10     0.255861E+10     0.254700E+10     0.292735E+10     0.291400E+10     0.252000E+10     0.238201E+10     0.228000E+10     0.245951E+10     0.244600E+10     0.246158E+10     0.238100E+10     0.236200E+10     0.262723E+10     0.271500E+10     0.253295E+10     0.261500E+10     0.219000E+10     0.217799E+10     0.241000E+10     0.227005E+10     0.211280E+10     0.221400E+10     0.220306E+10     0.239958E+10     0.238800E+10     0.231201E+10     0.218177E+10     0.197120E+10     0.187865E+10     0.186900E+10     0.195206E+10     0.217900E+10     0.216200E+10     0.215209E+10     0.212800E+10     0.201970E+10     0.196200E+10     0.183694E+10     0.182800E+10     0.181300E+10     0.205287E+10     0.214500E+10     0.213405E+10     0.211100E+10     0.183400E+10     0.182451E+10     0.180500E+10     0.204480E+10     0.215555E+10     0.214500E+10     0.198591E+10     0.182798E+10     0.178800E+10     0.170500E+10     0.170500E+10     0.170500E+10     0.170500E+10     0.170500E+10     0.170500E+10     0.170500E+10     0.170500E+10     0.170500E+10     0.170500E+10     0.170500E+10     0.170500E+10     0.170500E+10     0.170500E+10     0.170500E+10     0.170500E+10     0.170500E+10     0.170500E+10     0.170500E+10     0.100000E+21
 0.500000E+03     0.144270E+11     0.144270E+11     0.144270E+11     0.144270E+11     0.144270E+11     0.144270E+11     0.144270E+11     0.144270E+11     0.144270E+11     0.144270E+11     0.144270E+11     0.144270E+11     0.144270E+11     0.462400E+10     0.445501E+10     0.482049E+10     0.117696E+11     0.936700E+10     0.927300E+10     0.877035E+10     0.728200E+10     0.699989E+10     0.680450E+10     0.641100E+10     0.673552E+10     0.719680E+10     0.684900E+10     0.657017E+10     0.652100E+10     0.744600E+10     0.601366E+10     0.608700E+10     0.165884E+11     0.157990E+11     0.169840E+11     0.160923E+11     0.151220E+11     0.537994E+10     0.535100E+10     0.529004E+10     0.526600E+10     0.522300E+10     0.537688E+10     0.541000E+10     0.505261E+10     0.496900E+10     0.532800E+10     0.530115E+10     0.476100E+10     0.473649E+10     0.482633E+10     0.472600E+10     0.351995E+10     0.255812E+10     0.254700E+10     0.292685E+10     0.291400E+10     0.252000E+10     0.244824E+10     0.228000E+10     0.245890E+10     0.244600E+10     0.246060E+10     0.238100E+10     0.236200E+10     0.261518E+10     0.271500E+10     0.253511E+10     0.261500E+10     0.239594E+10     0.225132E+10     0.223957E+10     0.221131E+10     0.211459E+10     0.221400E+10     0.220331E+10     0.239903E+10     0.238800E+10     0.236324E+10     0.235200E+10     0.207500E+10     0.187834E+10     0.186900E+10     0.196184E+10     0.217900E+10     0.216200E+10     0.215227E+10     0.212800E+10     0.202466E+10     0.196200E+10     0.186690E+10     0.182800E+10     0.181300E+10     0.204296E+10     0.214500E+10     0.213443E+10     0.211100E+10     0.183400E+10     0.182478E+10     0.180500E+10     0.203281E+10     0.215527E+10     0.214500E+10     0.198827E+10     0.182644E+10     0.178800E+10     0.170500E+10     0.170500E+10     0.170500E+10     0.170500E+10     0.170500E+10     0.170500E+10     0.170500E+10     0.170500E+10     0.170500E+10     0.170500E+10     0.170500E+10     0.170500E+10     0.170500E+10     0.170500E+10     0.170500E+10     0.170500E+10     0.170500E+10     0.170500E+10     0.170500E+10     0.100000E+21
 0.520000E+03     0.144270E+11     0.144270E+11     0.144270E+11     0.144270E+11     0.144270E+11     0.144270E+11     0.144270E+11     0.144270E+11     0.144270E+11     0.144270E+11     0.144270E+11     0.144270E+11     0.144270E+11     0.462400E+10     0.442483E+10     0.437700E+10     0.120002E+11     0.936700E+10     0.927300E+10     0.869396E+10     0.728200E+10     0.695867E+10     0.682906E+10     0.641100E+10     0.676972E+10     0.726233E+10     0.684900E+10     0.657584E+10     0.652100E+10     0.744600E+10     0.600370E+10     0.608700E+10     0.167145E+11     0.157990E+11     0.169840E+11     0.160161E+11     0.151220E+11     0.538511E+10     0.535100E+10     0.529183E+10     0.526600E+10     0.522300E+10     0.540252E+10     0.541000E+10     0.500762E+10     0.496900E+10     0.532800E+10     0.529779E+10     0.476100E+10     0.473212E+10     0.483587E+10     0.472600E+10     0.343114E+10     0.255987E+10     0.254700E+10     0.292870E+10     0.291400E+10     0.252000E+10     0.250795E+10     0.228000E+10     0.246117E+10     0.244600E+10     0.242837E+10     0.229500E+10     0.236200E+10     0.265984E+10     0.271500E+10     0.252663E+10     0.261500E+10     0.259600E+10     0.228437E+10     0.207400E+10     0.215909E+10     0.210727E+10     0.221400E+10     0.220230E+10     0.240100E+10     0.238800E+10     0.236465E+10     0.235200E+10     0.233400E+10     0.187952E+10     0.186900E+10     0.192565E+10     0.217900E+10     0.216200E+10     0.215155E+10     0.212800E+10     0.200620E+10     0.196200E+10     0.190211E+10     0.182800E+10     0.181300E+10     0.207970E+10     0.214500E+10     0.213300E+10     0.195900E+10     0.183400E+10     0.182372E+10     0.180500E+10     0.207573E+10     0.215636E+10     0.214500E+10     0.197849E+10     0.183206E+10     0.178800E+10     0.170500E+10     0.170500E+10     0.170500E+10     0.170500E+10     0.170500E+10     0.170500E+10     0.170500E+10     0.170500E+10     0.170500E+10     0.170500E+10     0.170500E+10     0.170500E+10     0.170500E+10     0.170500E+10     0.170500E+10     0.170500E+10     0.170500E+10     0.170500E+10     0.170500E+10     0.100000E+21
 0.540000E+03     0.144270E+11     0.144270E+11     0.144270E+11     0.144270E+11     0.144270E+11     0.144270E+11     0.144270E+11     0.144270E+11     0.144270E+11     0.144270E+11     0.144270E+11     0.144270E+11     0.144270E+11     0.462400E+10     0.442407E+10     0.437700E+10     0.119419E+11     0.936700E+10     0.927300E+10     0.870104E+10     0.728200E+10     0.696216E+10     0.682151E+10     0.641100E+10     0.676178E+10     0.726784E+10     0.684900E+10     0.657467E+10     0.652100E+10     0.744600E+10     0.600499E+10     0.608700E+10     0.167065E+11     0.157990E+11     0.169840E+11     0.160369E+11     0.151220E+11     0.538527E+10     0.535100E+10     0.529131E+10     0.526600E+10     0.522300E+10     0.540163E+10     0.541000E+10     0.501544E+10     0.496900E+10     0.532800E+10     0.529840E+10     0.514288E+10     0.481341E+10     0.486196E+10     0.482858E+10     0.348885E+10     0.255980E+10     0.254700E+10     0.292847E+10     0.291400E+10     0.252000E+10     0.250822E+10     0.228000E+10     0.232540E+10     0.244600E+10     0.242628E+10     0.229500E+10     0.236200E+10     0.266034E+10     0.271500E+10     0.263157E+10     0.261500E+10     0.259600E+10     0.228917E+10     0.207400E+10     0.227119E+10     0.210941E+10     0.221400E+10     0.220256E+10     0.226532E+10     0.238800E+10     0.236439E+10     0.235200E+10     0.233400E+10     0.187931E+10     0.186900E+10     0.192691E+10     0.217900E+10     0.216200E+10     0.215176E+10     0.212800E+10     0.200562E+10     0.196200E+10     0.190052E+10     0.182800E+10     0.181300E+10     0.207738E+10     0.214500E+10     0.213319E+10     0.195900E+10     0.183400E+10     0.182394E+10     0.180500E+10     0.207933E+10     0.215610E+10     0.214500E+10     0.198150E+10     0.183158E+10     0.178800E+10     0.170500E+10     0.170500E+10     0.170500E+10     0.170500E+10     0.170500E+10     0.170500E+10     0.170500E+10     0.170500E+10     0.170500E+10     0.170500E+10     0.170500E+10     0.170500E+10     0.170500E+10     0.170500E+10     0.170500E+10     0.170500E+10     0.170500E+10     0.170500E+10     0.170500E+10     0.100000E+21
 0.560000E+03     0.144270E+11     0.144270E+11     0.144270E+11     0.144270E+11     0.144270E+11     0.144270E+11     0.144270E+11     0.144270E+11     0.144270E+11     0.144270E+11     0.144270E+11     0.144270E+11     0.144270E+11     0.462400E+10     0.440064E+10     0.527700E+10     0.120235E+11     0.936700E+10     0.927300E+10     0.866863E+10     0.728200E+10     0.694589E+10     0.683029E+10     0.641100E+10     0.677393E+10     0.731136E+10     0.684900E+10     0.657670E+10     0.652100E+10     0.744600E+10     0.600126E+10     0.608700E+10     0.167650E+11     0.157990E+11     0.169840E+11     0.160099E+11     0.151220E+11     0.538965E+10     0.535100E+10     0.529194E+10     0.526600E+10     0.522300E+10     0.541489E+10     0.541000E+10     0.499899E+10     0.496900E+10     0.532800E+10     0.529717E+10     0.524300E+10     0.483174E+10     0.488123E+10     0.485500E+10     0.347505E+10     0.238969E+10     0.254700E+10     0.292921E+10     0.291400E+10     0.252000E+10     0.250780E+10     0.228000E+10     0.228476E+10     0.244600E+10     0.242864E+10     0.229500E+10     0.236200E+10     0.269065E+10     0.271500E+10     0.262152E+10     0.246500E+10     0.259600E+10     0.227365E+10     0.207400E+10     0.231260E+10     0.210681E+10     0.221400E+10     0.220220E+10     0.222334E+10     0.238800E+10     0.236491E+10     0.235200E+10     0.233400E+10     0.187974E+10     0.186900E+10     0.190819E+10     0.217900E+10     0.216200E+10     0.215150E+10     0.212800E+10     0.198997E+10     0.196200E+10     0.190258E+10     0.182800E+10     0.181300E+10     0.209441E+10     0.214500E+10     0.213265E+10     0.195900E+10     0.183400E+10     0.182356E+10     0.180500E+10     0.210784E+10     0.215649E+10     0.214500E+10     0.197800E+10     0.183380E+10     0.178800E+10     0.170500E+10     0.170500E+10     0.170500E+10     0.170500E+10     0.170500E+10     0.170500E+10     0.170500E+10     0.170500E+10     0.170500E+10     0.170500E+10     0.170500E+10     0.170500E+10     0.170500E+10     0.170500E+10     0.170500E+10     0.170500E+10     0.170500E+10     0.170500E+10     0.170500E+10     0.100000E+21
 0.580000E+03     0.144270E+11     0.144270E+11     0.144270E+11     0.144270E+11     0.144270E+11     0.144270E+11     0.144270E+11     0.144270E+11     0.144270E+11     0.144270E+11     0.144270E+11     0.144270E+11     0.144270E+11     0.462400E+10     0.443156E+10     0.527700E+10     0.119155E+11     0.936700E+10     0.927300E+10     0.871496E+10     0.728200E+10     0.696979E+10     0.681917E+10     0.641100E+10     0.675759E+10     0.724980E+10     0.684900E+10     0.657392E+10     0.652100E+10     0.744600E+10     0.600663E+10     0.608700E+10     0.166817E+11     0.157990E+11     0.169840E+11     0.160451E+11     0.151220E+11     0.538396E+10     0.535100E+10     0.529113E+10     0.526600E+10     0.522300E+10     0.539618E+10     0.541000E+10     0.502199E+10     0.496900E+10     0.532800E+10     0.529888E+10     0.524300E+10     0.487794E+10     0.488017E+10     0.485500E+10     0.351803E+10     0.240256E+10     0.254700E+10     0.292816E+10     0.291400E+10     0.252000E+10     0.250836E+10     0.228000E+10     0.230487E+10     0.244600E+10     0.242568E+10     0.229500E+10     0.236200E+10     0.264965E+10     0.271500E+10     0.261441E+10     0.246500E+10     0.259600E+10     0.229574E+10     0.207400E+10     0.229308E+10     0.211015E+10     0.221400E+10     0.220267E+10     0.224184E+10     0.238800E+10     0.236419E+10     0.235200E+10     0.233400E+10     0.187914E+10     0.186900E+10     0.193460E+10     0.217900E+10     0.216200E+10     0.215183E+10     0.212800E+10     0.201028E+10     0.196200E+10     0.189989E+10     0.182800E+10     0.181300E+10     0.207014E+10     0.214500E+10     0.213342E+10     0.195900E+10     0.183400E+10     0.182408E+10     0.180500E+10     0.206752E+10     0.215597E+10     0.214500E+10     0.198243E+10     0.183054E+10     0.178800E+10     0.170500E+10     0.170500E+10     0.170500E+10     0.170500E+10     0.170500E+10     0.170500E+10     0.170500E+10     0.170500E+10     0.170500E+10     0.170500E+10     0.170500E+10     0.170500E+10     0.170500E+10     0.170500E+10     0.170500E+10     0.170500E+10     0.170500E+10     0.170500E+10     0.170500E+10     0.100000E+21
 0.600000E+03     0.144270E+11     0.144270E+11     0.144270E+11     0.144270E+11     0.144270E+11     0.144270E+11     0.144270E+11     0.144270E+11     0.144270E+11     0.144270E+11     0.144270E+11     0.144270E+11     0.144270E+11     0.462400E+10     0.445231E+10     0.527700E+10     0.117899E+11     0.936700E+10     0.927300E+10     0.876339E+10     0.728200E+10     0.699607E+10     0.680659E+10     0.641100E+10     0.673855E+10     0.720283E+10     0.684900E+10     0.657068E+10     0.652100E+10     0.744600E+10     0.601274E+10     0.608700E+10     0.165998E+11     0.157990E+11     0.169840E+11     0.160857E+11     0.151220E+11     0.538040E+10     0.535100E+10     0.529019E+10     0.526600E+10     0.522300E+10     0.537920E+10     0.541000E+10     0.504854E+10     0.496900E+10     0.516311E+10     0.523195E+10     0.524300E+10     0.491791E+10     0.487894E+10     0.485500E+10     0.356714E+10     0.248060E+10     0.254700E+10     0.292702E+10     0.291400E+10     0.289400E+10     0.265453E+10     0.228000E+10     0.231982E+10     0.244600E+10     0.242236E+10     0.229500E+10     0.236200E+10     0.261919E+10     0.271500E+10     0.260612E+10     0.246500E+10     0.259600E+10     0.231992E+10     0.207400E+10     0.227279E+10     0.206660E+10     0.202400E+10     0.212696E+10     0.225784E+10     0.238800E+10     0.236337E+10     0.235200E+10     0.214121E+10     0.187845E+10     0.186900E+10     0.184782E+10     0.183700E+10     0.216200E+10     0.215221E+10     0.212800E+10     0.202301E+10     0.196200E+10     0.189679E+10     0.182800E+10     0.181300E+10     0.204630E+10     0.214500E+10     0.213430E+10     0.195900E+10     0.183400E+10     0.182469E+10     0.180500E+10     0.203675E+10     0.215537E+10     0.214500E+10     0.198744E+10     0.182696E+10     0.178800E+10     0.170500E+10     0.170500E+10     0.170500E+10     0.170500E+10     0.170500E+10     0.170500E+10     0.170500E+10     0.170500E+10     0.170500E+10     0.170500E+10     0.170500E+10     0.170500E+10     0.170500E+10     0.170500E+10     0.170500E+10     0.170500E+10     0.170500E+10     0.170500E+10     0.170500E+10     0.100000E+21
 0.620000E+03     0.144270E+11     0.144270E+11     0.144270E+11     0.144270E+11     0.144270E+11     0.144270E+11     0.144270E+11     0.144270E+11     0.144270E+11     0.144270E+11     0.144270E+11     0.144270E+11     0.144270E+11     0.462400E+10     0.440352E+10     0.527700E+10     0.120227E+11     0.936700E+10     0.927300E+10     0.867039E+10     0.728200E+10     0.694675E+10     0.683030E+10     0.641100E+10     0.677375E+10     0.730676E+10     0.684900E+10     0.657666E+10     0.652100E+10     0.644200E+10     0.600141E+10     0.608700E+10     0.167612E+11     0.157990E+11     0.169840E+11     0.160101E+11     0.151220E+11     0.538904E+10     0.535100E+10     0.529194E+10     0.526600E+10     0.522300E+10     0.541389E+10     0.541000E+10     0.499948E+10     0.496900E+10     0.492800E+10     0.518371E+10     0.524300E+10     0.483463E+10     0.488122E+10     0.485500E+10     0.347511E+10     0.258375E+10     0.254700E+10     0.292917E+10     0.291400E+10     0.289400E+10     0.262854E+10     0.248300E+10     0.228631E+10     0.244600E+10     0.242865E+10     0.229500E+10     0.236200E+10     0.268748E+10     0.271500E+10     0.262143E+10     0.246500E+10     0.259600E+10     0.227435E+10     0.207400E+10     0.231174E+10     0.211764E+10     0.202400E+10     0.213675E+10     0.222449E+10     0.238800E+10     0.236489E+10     0.235200E+10     0.190000E+10     0.187973E+10     0.186900E+10     0.185022E+10     0.183700E+10     0.216200E+10     0.215150E+10     0.212800E+10     0.199214E+10     0.196200E+10     0.190257E+10     0.182800E+10     0.181300E+10     0.209331E+10     0.214500E+10     0.213267E+10     0.195900E+10     0.183400E+10     0.182356E+10     0.180500E+10     0.210483E+10     0.215648E+10     0.214500E+10     0.197800E+10     0.183368E+10     0.178800E+10     0.170500E+10     0.170500E+10     0.170500E+10     0.170500E+10     0.170500E+10     0.170500E+10     0.170500E+10     0.170500E+10     0.170500E+10     0.170500E+10     0.170500E+10     0.170500E+10     0.170500E+10     0.170500E+10     0.170500E+10     0.170500E+10     0.170500E+10     0.170500E+10     0.170500E+10     0.100000E+21
 0.640000E+03     0.144270E+11     0.144270E+11     0.144270E+11     0.144270E+11     0.144270E+11     0.144270E+11     0.144270E+11     0.144270E+11     0.144270E+11     0.144270E+11     0.144270E+11     0.144270E+11     0.144270E+11     0.462400E+10     0.444267E+10     0.527700E+10     0.118540E+11     0.936700E+10     0.927300E+10     0.873971E+10     0.728200E+10     0.698306E+10     0.681306E+10     0.641100E+10     0.674824E+10     0.722482E+10     0.684900E+10     0.657232E+10     0.652100E+10     0.644200E+10     0.600969E+10     0.608700E+10     0.166394E+11     0.157990E+11     0.169840E+11     0.160649E+11     0.151220E+11     0.538205E+10     0.535100E+10     0.529067E+10     0.526600E+10     0.522300E+10     0.538732E+10     0.541000E+10     0.503519E+10     0.496900E+10     0.492800E+10     0.516167E+10     0.491381E+10     0.480302E+10     0.487957E+10     0.485500E+10     0.354192E+10     0.257926E+10     0.254700E+10     0.292759E+10     0.291400E+10     0.289400E+10     0.264737E+10     0.248300E+10     0.231282E+10     0.244600E+10     0.242407E+10     0.229500E+10     0.236200E+10     0.263345E+10     0.271500E+10     0.261033E+10     0.246500E+10     0.259600E+10     0.230797E+10     0.207400E+10     0.217774E+10     0.211310E+10     0.202400E+10     0.212966E+10     0.225023E+10     0.238800E+10     0.236378E+10     0.235200E+10     0.190000E+10     0.187879E+10     0.186900E+10     0.184838E+10     0.183700E+10     0.216200E+10     0.215201E+10     0.212800E+10     0.201711E+10     0.196200E+10     0.189838E+10     0.182800E+10     0.181300E+10     0.205783E+10     0.214500E+10     0.206368E+10     0.195900E+10     0.183400E+10     0.182438E+10     0.180500E+10     0.205116E+10     0.215568E+10     0.214500E+10     0.198486E+10     0.182873E+10     0.178800E+10     0.170500E+10     0.170500E+10     0.170500E+10     0.170500E+10     0.170500E+10     0.170500E+10     0.170500E+10     0.170500E+10     0.170500E+10     0.170500E+10     0.170500E+10     0.170500E+10     0.170500E+10     0.170500E+10     0.170500E+10     0.170500E+10     0.170500E+10     0.170500E+10     0.170500E+10     0.100000E+21
 0.660000E+03     0.144270E+11     0.144270E+11     0.144270E+11     0.144270E+11     0.144270E+11     0.144270E+11     0.144270E+11     0.144270E+11     0.144270E+11     0.144270E+11     0.144270E+11     0.144270E+11     0.144270E+11     0.462400E+10     0.440653E+10     0.527700E+10     0.119982E+11     0.936700E+10     0.927300E+10     0.867583E+10     0.728200E+10     0.694956E+10     0.682730E+10     0.641100E+10     0.677031E+10     0.730222E+10     0.684900E+10     0.657612E+10     0.652100E+10     0.644200E+10     0.600217E+10     0.608700E+10     0.167526E+11     0.157990E+11     0.169840E+11     0.160186E+11     0.151220E+11     0.538846E+10     0.535100E+10     0.529173E+10     0.526600E+10     0.522300E+10     0.541212E+10     0.541000E+10     0.500336E+10     0.496900E+10     0.492800E+10     0.518126E+10     0.476100E+10     0.472997E+10     0.488098E+10     0.485500E+10     0.348618E+10     0.258345E+10     0.254700E+10     0.292903E+10     0.291400E+10     0.289400E+10     0.263106E+10     0.248300E+10     0.228816E+10     0.244600E+10     0.242783E+10     0.229500E+10     0.236200E+10     0.268372E+10     0.271500E+10     0.261995E+10     0.246500E+10     0.259600E+10     0.227731E+10     0.207400E+10     0.214170E+10     0.211688E+10     0.202400E+10     0.213571E+10     0.222588E+10     0.238800E+10     0.236477E+10     0.235200E+10     0.190000E+10     0.187963E+10     0.186900E+10     0.185010E+10     0.183700E+10     0.216200E+10     0.215158E+10     0.212800E+10     0.199423E+10     0.196200E+10     0.190192E+10     0.182800E+10     0.181300E+10     0.209079E+10     0.214500E+10     0.202136E+10     0.195900E+10     0.183400E+10     0.182366E+10     0.180500E+10     0.210185E+10     0.215637E+10     0.214500E+10     0.197919E+10     0.183330E+10     0.178800E+10     0.170500E+10     0.170500E+10     0.170500E+10     0.170500E+10     0.170500E+10     0.170500E+10     0.170500E+10     0.170500E+10     0.170500E+10     0.170500E+10     0.170500E+10     0.170500E+10     0.170500E+10     0.170500E+10     0.170500E+10     0.170500E+10     0.170500E+10     0.170500E+10     0.170500E+10     0.100000E+21
 0.680000E+03     0.144270E+11     0.144270E+11     0.144270E+11     0.144270E+11     0.144270E+11     0.144270E+11     0.144270E+11     0.144270E+11     0.144270E+11     0.144270E+11     0.144270E+11     0.144270E+11     0.144270E+11     0.462400E+10     0.440653E+10     0.479806E+10     0.119982E+11     0.936700E+10     0.927300E+10     0.867583E+10     0.728200E+10     0.694956E+10     0.682730E+10     0.641100E+10     0.677031E+10     0.730222E+10     0.684900E+10     0.657612E+10     0.652100E+10     0.644200E+10     0.600217E+10     0.608700E+10     0.167526E+11     0.157990E+11     0.169840E+11     0.160186E+11     0.151220E+11     0.538846E+10     0.535100E+10     0.529173E+10     0.526600E+10     0.522300E+10     0.541212E+10     0.541000E+10     0.500336E+10     0.496900E+10     0.492800E+10     0.518126E+10     0.476100E+10     0.472997E+10     0.488098E+10     0.485500E+10     0.348618E+10     0.258345E+10     0.254700E+10     0.292903E+10     0.291400E+10     0.289400E+10     0.263106E+10     0.248300E+10     0.228816E+10     0.244600E+10     0.242783E+10     0.229500E+10     0.236200E+10     0.268372E+10     0.271500E+10     0.261995E+10     0.246500E+10     0.259600E+10     0.227731E+10     0.207400E+10     0.214170E+10     0.211688E+10     0.202400E+10     0.213571E+10     0.219662E+10     0.219981E+10     0.236477E+10     0.235200E+10     0.190000E+10     0.187963E+10     0.186900E+10     0.188394E+10     0.207997E+10     0.216200E+10     0.215158E+10     0.212800E+10     0.199423E+10     0.196200E+10     0.190192E+10     0.182800E+10     0.181300E+10     0.209079E+10     0.214500E+10     0.202136E+10     0.195900E+10     0.183400E+10     0.182366E+10     0.180500E+10     0.210185E+10     0.215637E+10     0.214500E+10     0.197919E+10     0.183330E+10     0.178800E+10     0.170500E+10     0.170500E+10     0.170500E+10     0.170500E+10     0.170500E+10     0.170500E+10     0.170500E+10     0.170500E+10     0.170500E+10     0.170500E+10     0.170500E+10     0.170500E+10     0.170500E+10     0.170500E+10     0.170500E+10     0.170500E+10     0.170500E+10     0.170500E+10     0.170500E+10     0.100000E+21
 0.700000E+03     0.144270E+11     0.144270E+11     0.144270E+11     0.144270E+11     0.144270E+11     0.144270E+11     0.144270E+11     0.144270E+11     0.144270E+11     0.144270E+11     0.144270E+11     0.144270E+11     0.144270E+11     0.462400E+10     0.444267E+10     0.462400E+10     0.118540E+11     0.936700E+10     0.927300E+10     0.873971E+10     0.728200E+10     0.698306E+10     0.681306E+10     0.641100E+10     0.674824E+10     0.722482E+10     0.684900E+10     0.657232E+10     0.652100E+10     0.644200E+10     0.600969E+10     0.608700E+10     0.166394E+11     0.157990E+11     0.169840E+11     0.160649E+11     0.151220E+11     0.538205E+10     0.535100E+10     0.529067E+10     0.526600E+10     0.522300E+10     0.538732E+10     0.541000E+10     0.503519E+10     0.496900E+10     0.492800E+10     0.516167E+10     0.476100E+10     0.473463E+10     0.487957E+10     0.485500E+10     0.397196E+10     0.257926E+10     0.254700E+10     0.292759E+10     0.291400E+10     0.289400E+10     0.264737E+10     0.248300E+10     0.231282E+10     0.244600E+10     0.242407E+10     0.229500E+10     0.236200E+10     0.263345E+10     0.271500E+10     0.261033E+10     0.246500E+10     0.259600E+10     0.230797E+10     0.209946E+10     0.214564E+10     0.211310E+10     0.202400E+10     0.212966E+10     0.217321E+10     0.216200E+10     0.236378E+10     0.235200E+10     0.190000E+10     0.187879E+10     0.186900E+10     0.194711E+10     0.217900E+10     0.216200E+10     0.215201E+10     0.212800E+10     0.201711E+10     0.196200E+10     0.189838E+10     0.182800E+10     0.181300E+10     0.205783E+10     0.214500E+10     0.203231E+10     0.195900E+10     0.183400E+10     0.182438E+10     0.180500E+10     0.205116E+10     0.215568E+10     0.214500E+10     0.198486E+10     0.182873E+10     0.178800E+10     0.170500E+10     0.170500E+10     0.170500E+10     0.170500E+10     0.170500E+10     0.170500E+10     0.170500E+10     0.170500E+10     0.170500E+10     0.170500E+10     0.170500E+10     0.170500E+10     0.170500E+10     0.170500E+10     0.170500E+10     0.170500E+10     0.170500E+10     0.170500E+10     0.170500E+10     0.100000E+21
 0.720000E+03     0.144270E+11     0.144270E+11     0.144270E+11     0.144270E+11     0.144270E+11     0.144270E+11     0.144270E+11     0.144270E+11     0.144270E+11     0.144270E+11     0.144270E+11     0.144270E+11     0.144270E+11     0.462400E+10     0.440352E+10     0.462400E+10     0.120227E+11     0.936700E+10     0.927300E+10     0.867039E+10     0.728200E+10     0.694675E+10     0.683030E+10     0.641100E+10     0.677375E+10     0.730676E+10     0.684900E+10     0.657666E+10     0.652100E+10     0.644200E+10     0.600141E+10     0.608700E+10     0.167612E+11     0.157990E+11     0.169840E+11     0.160101E+11     0.151220E+11     0.538904E+10     0.535100E+10     0.529194E+10     0.526600E+10     0.522300E+10     0.541389E+10     0.541000E+10     0.499948E+10     0.496900E+10     0.492800E+10     0.518371E+10     0.476100E+10     0.472971E+10     0.488122E+10     0.485500E+10     0.475089E+10     0.258375E+10     0.254700E+10     0.292917E+10     0.291400E+10     0.289400E+10     0.262854E+10     0.248300E+10     0.228631E+10     0.244600E+10     0.242865E+10     0.229500E+10     0.236200E+10     0.268748E+10     0.271500E+10     0.265841E+10     0.258665E+10     0.259600E+10     0.227435E+10     0.215500E+10     0.210207E+10     0.219289E+10     0.202400E+10     0.213675E+10     0.217530E+10     0.216200E+10     0.236489E+10     0.235200E+10     0.190000E+10     0.187973E+10     0.186900E+10     0.190961E+10     0.217900E+10     0.216200E+10     0.215150E+10     0.212800E+10     0.199214E+10     0.196200E+10     0.190257E+10     0.182800E+10     0.181300E+10     0.209331E+10     0.214500E+10     0.202025E+10     0.195900E+10     0.183400E+10     0.182356E+10     0.180500E+10     0.210483E+10     0.215648E+10     0.214500E+10     0.197800E+10     0.183368E+10     0.178800E+10     0.170500E+10     0.170500E+10     0.170500E+10     0.170500E+10     0.170500E+10     0.170500E+10     0.170500E+10     0.170500E+10     0.170500E+10     0.170500E+10     0.170500E+10     0.170500E+10     0.170500E+10     0.170500E+10     0.170500E+10     0.170500E+10     0.170500E+10     0.170500E+10     0.170500E+10     0.100000E+21
 0.740000E+03     0.144270E+11     0.144270E+11     0.144270E+11     0.144270E+11     0.144270E+11     0.144270E+11     0.144270E+11     0.144270E+11     0.144270E+11     0.144270E+11     0.144270E+11     0.144270E+11     0.144270E+11     0.462400E+10     0.445231E+10     0.462400E+10     0.117899E+11     0.936700E+10     0.927300E+10     0.876339E+10     0.728200E+10     0.699607E+10     0.680659E+10     0.641100E+10     0.673855E+10     0.720283E+10     0.684900E+10     0.657068E+10     0.652100E+10     0.644200E+10     0.601274E+10     0.608700E+10     0.165998E+11     0.157990E+11     0.169840E+11     0.160857E+11     0.151220E+11     0.538040E+10     0.535100E+10     0.529019E+10     0.526600E+10     0.522300E+10     0.537920E+10     0.541000E+10     0.504854E+10     0.496900E+10     0.492800E+10     0.515344E+10     0.476100E+10     0.473609E+10     0.487894E+10     0.485500E+10     0.475784E+10     0.257773E+10     0.254700E+10     0.276920E+10     0.291400E+10     0.289400E+10     0.265453E+10     0.248300E+10     0.231982E+10     0.244600E+10     0.242236E+10     0.229500E+10     0.236200E+10     0.261919E+10     0.271500E+10     0.268822E+10     0.267600E+10     0.259600E+10     0.231992E+10     0.215500E+10     0.209354E+10     0.222465E+10     0.202400E+10     0.206137E+10     0.217259E+10     0.216200E+10     0.236337E+10     0.235200E+10     0.190000E+10     0.187845E+10     0.186900E+10     0.195856E+10     0.217900E+10     0.216200E+10     0.215221E+10     0.212800E+10     0.202301E+10     0.196200E+10     0.189679E+10     0.182800E+10     0.181300E+10     0.204630E+10     0.214500E+10     0.203676E+10     0.195900E+10     0.183400E+10     0.182469E+10     0.180500E+10     0.203675E+10     0.215537E+10     0.214500E+10     0.198744E+10     0.182696E+10     0.178800E+10     0.170500E+10     0.170500E+10     0.170500E+10     0.170500E+10     0.170500E+10     0.170500E+10     0.170500E+10     0.170500E+10     0.170500E+10     0.170500E+10     0.170500E+10     0.170500E+10     0.170500E+10     0.170500E+10     0.170500E+10     0.170500E+10     0.170500E+10     0.170500E+10     0.170500E+10     0.100000E+21
 0.760000E+03     0.144270E+11     0.144270E+11     0.144270E+11     0.144270E+11     0.144270E+11     0.144270E+11     0.144270E+11     0.144270E+11     0.144270E+11     0.144270E+11     0.144270E+11     0.144270E+11     0.144270E+11     0.462400E+10     0.443156E+10     0.462400E+10     0.119155E+11     0.936700E+10     0.927300E+10     0.871496E+10     0.728200E+10     0.696979E+10     0.681917E+10     0.641100E+10     0.675759E+10     0.724980E+10     0.684900E+10     0.657392E+10     0.652100E+10     0.644200E+10     0.600663E+10     0.608700E+10     0.166817E+11     0.157990E+11     0.169840E+11     0.160451E+11     0.151220E+11     0.538396E+10     0.535100E+10     0.529113E+10     0.526600E+10     0.522300E+10     0.539618E+10     0.541000E+10     0.502199E+10     0.479600E+10     0.492800E+10     0.516980E+10     0.476100E+10     0.473303E+10     0.488017E+10     0.485500E+10     0.475413E+10     0.258086E+10     0.254700E+10     0.264065E+10     0.291400E+10     0.289400E+10     0.264046E+10     0.248300E+10     0.230487E+10     0.244600E+10     0.242568E+10     0.229500E+10     0.236200E+10     0.234889E+10     0.271500E+10     0.268894E+10     0.267600E+10     0.259600E+10     0.229574E+10     0.215500E+10     0.208727E+10     0.223230E+10     0.202400E+10     0.201330E+10     0.217389E+10     0.216200E+10     0.236419E+10     0.235200E+10     0.190000E+10     0.187914E+10     0.186900E+10     0.193460E+10     0.217900E+10     0.216200E+10     0.215183E+10     0.212800E+10     0.211466E+10     0.196200E+10     0.189989E+10     0.182800E+10     0.181300E+10     0.207014E+10     0.198800E+10     0.197778E+10     0.195900E+10     0.183400E+10     0.182408E+10     0.180500E+10     0.206752E+10     0.215597E+10     0.214500E+10     0.198243E+10     0.183054E+10     0.178800E+10     0.170500E+10     0.170500E+10     0.170500E+10     0.170500E+10     0.170500E+10     0.170500E+10     0.170500E+10     0.170500E+10     0.170500E+10     0.170500E+10     0.170500E+10     0.170500E+10     0.170500E+10     0.170500E+10     0.170500E+10     0.170500E+10     0.170500E+10     0.170500E+10     0.170500E+10     0.100000E+21
 0.780000E+03     0.144270E+11     0.144270E+11     0.144270E+11     0.144270E+11     0.144270E+11     0.144270E+11     0.144270E+11     0.144270E+11     0.144270E+11     0.144270E+11     0.144270E+11     0.144270E+11     0.144270E+11     0.462400E+10     0.440064E+10     0.462400E+10     0.120235E+11     0.936700E+10     0.927300E+10     0.866863E+10     0.728200E+10     0.694589E+10     0.683029E+10     0.641100E+10     0.677393E+10     0.731136E+10     0.684900E+10     0.657670E+10     0.652100E+10     0.644200E+10     0.672203E+10     0.608700E+10     0.167650E+11     0.157990E+11     0.169840E+11     0.164872E+11     0.151220E+11     0.132252E+11     0.535100E+10     0.529194E+10     0.526600E+10     0.522300E+10     0.541489E+10     0.541000E+10     0.499899E+10     0.479600E+10     0.492800E+10     0.518400E+10     0.476100E+10     0.472949E+10     0.488123E+10     0.485500E+10     0.475089E+10     0.258388E+10     0.254700E+10     0.262054E+10     0.291400E+10     0.289400E+10     0.262840E+10     0.248300E+10     0.228476E+10     0.244600E+10     0.242864E+10     0.229500E+10     0.236200E+10     0.234702E+10     0.271500E+10     0.268955E+10     0.267600E+10     0.248883E+10     0.225436E+10     0.215500E+10     0.208124E+10     0.226771E+10     0.213916E+10     0.203832E+10     0.217539E+10     0.216200E+10     0.236491E+10     0.235200E+10     0.190000E+10     0.187974E+10     0.186900E+10     0.187742E+10     0.194752E+10     0.216200E+10     0.215150E+10     0.212800E+10     0.211236E+10     0.196200E+10     0.190258E+10     0.182800E+10     0.181300E+10     0.209441E+10     0.198800E+10     0.197710E+10     0.195900E+10     0.183400E+10     0.182356E+10     0.180500E+10     0.210784E+10     0.215649E+10     0.214500E+10     0.197800E+10     0.183380E+10     0.178800E+10     0.170500E+10     0.170500E+10     0.170500E+10     0.170500E+10     0.170500E+10     0.170500E+10     0.170500E+10     0.170500E+10     0.170500E+10     0.170500E+10     0.170500E+10     0.170500E+10     0.170500E+10     0.170500E+10     0.170500E+10     0.170500E+10     0.170500E+10     0.170500E+10     0.170500E+10     0.100000E+21
 0.800000E+03     0.144270E+11     0.144270E+11     0.144270E+11     0.144270E+11     0.144270E+11     0.144270E+11     0.144270E+11     0.144270E+11     0.144270E+11     0.144270E+11     0.144270E+11     0.144270E+11     0.144270E+11     0.462400E+10     0.442407E+10     0.462400E+10     0.119419E+11     0.936700E+10     0.927300E+10     0.870104E+10     0.728200E+10     0.696216E+10     0.682151E+10     0.641100E+10     0.676178E+10     0.726784E+10     0.684900E+10     0.657467E+10     0.652100E+10     0.644200E+10     0.697379E+10     0.608700E+10     0.167065E+11     0.157990E+11     0.169840E+11     0.167658E+11     0.151220E+11     0.130543E+11     0.535100E+10     0.529131E+10     0.526600E+10     0.522300E+10     0.540163E+10     0.541000E+10     0.501544E+10     0.479600E+10     0.492800E+10     0.517379E+10     0.476100E+10     0.473192E+10     0.488043E+10     0.485500E+10     0.475342E+10     0.258184E+10     0.254700E+10     0.263467E+10     0.291400E+10     0.289400E+10     0.263736E+10     0.248300E+10     0.229963E+10     0.244600E+10     0.242628E+10     0.229500E+10     0.236200E+10     0.234840E+10     0.271500E+10     0.268909E+10     0.267600E+10     0.244600E+10     0.224772E+10     0.215500E+10     0.208531E+10     0.228763E+10     0.215900E+10     0.206237E+10     0.217436E+10     0.216200E+10     0.236439E+10     0.235200E+10     0.233400E+10     0.187931E+10     0.186900E+10     0.184937E+10     0.183700E+10     0.216200E+10     0.215176E+10     0.212800E+10     0.211413E+10     0.196200E+10     0.190052E+10     0.182800E+10     0.181300E+10     0.207738E+10     0.198800E+10     0.197758E+10     0.195900E+10     0.183400E+10     0.182394E+10     0.180500E+10     0.207933E+10     0.215610E+10     0.214500E+10     0.198150E+10     0.183158E+10     0.178800E+10     0.170500E+10     0.170500E+10     0.170500E+10     0.170500E+10     0.170500E+10     0.170500E+10     0.170500E+10     0.170500E+10     0.170500E+10     0.170500E+10     0.170500E+10     0.170500E+10     0.170500E+10     0.170500E+10     0.170500E+10     0.170500E+10     0.170500E+10     0.170500E+10     0.170500E+10     0.100000E+21
 0.820000E+03     0.144270E+11     0.144270E+11     0.144270E+11     0.144270E+11     0.144270E+11     0.144270E+11     0.144270E+11     0.144270E+11     0.144270E+11     0.144270E+11     0.144270E+11     0.144270E+11     0.112051E+11     0.462400E+10     0.442483E+10     0.462400E+10     0.120002E+11     0.936700E+10     0.927300E+10     0.869396E+10     0.728200E+10     0.695867E+10     0.682906E+10     0.641100E+10     0.676972E+10     0.726233E+10     0.684900E+10     0.657584E+10     0.652100E+10     0.644200E+10     0.698773E+10     0.608700E+10     0.167145E+11     0.157990E+11     0.169840E+11     0.167610E+11     0.151220E+11     0.130182E+11     0.535100E+10     0.529183E+10     0.526600E+10     0.522300E+10     0.540252E+10     0.541000E+10     0.500762E+10     0.479600E+10     0.492800E+10     0.517882E+10     0.476100E+10     0.473212E+10     0.488100E+10     0.485500E+10     0.475134E+10     0.258204E+10     0.254700E+10     0.263030E+10     0.291400E+10     0.289400E+10     0.263156E+10     0.248300E+10     0.229988E+10     0.244600E+10     0.242837E+10     0.229500E+10     0.236200E+10     0.234843E+10     0.271500E+10     0.268939E+10     0.267600E+10     0.244600E+10     0.224462E+10     0.215500E+10     0.208493E+10     0.229026E+10     0.215900E+10     0.206018E+10     0.217427E+10     0.216200E+10     0.236465E+10     0.235200E+10     0.233400E+10     0.187952E+10     0.186900E+10     0.184943E+10     0.183700E+10     0.216200E+10     0.215155E+10     0.212800E+10     0.211420E+10     0.196200E+10     0.190211E+10     0.182800E+10     0.181300E+10     0.207970E+10     0.208448E+10     0.200133E+10     0.195900E+10     0.183400E+10     0.182372E+10     0.180500E+10     0.207573E+10     0.215636E+10     0.214500E+10     0.197849E+10     0.183206E+10     0.178800E+10     0.170500E+10     0.170500E+10     0.170500E+10     0.170500E+10     0.170500E+10     0.170500E+10     0.170500E+10     0.170500E+10     0.170500E+10     0.170500E+10     0.170500E+10     0.170500E+10     0.170500E+10     0.170500E+10     0.170500E+10     0.170500E+10     0.170500E+10     0.170500E+10     0.170500E+10     0.100000E+21
 0.840000E+03     0.144270E+11     0.144270E+11     0.144270E+11     0.144270E+11     0.144270E+11     0.144270E+11     0.144270E+11     0.144270E+11     0.144270E+11     0.144270E+11     0.144270E+11     0.144270E+11     0.893021E+10     0.462400E+10     0.445501E+10     0.462400E+10     0.117696E+11     0.936700E+10     0.927300E+10     0.877035E+10     0.728200E+10     0.699989E+10     0.680450E+10     0.641100E+10     0.673552E+10     0.719680E+10     0.684900E+10     0.657017E+10     0.652100E+10     0.644200E+10     0.688007E+10     0.608700E+10     0.165884E+11     0.157990E+11     0.169840E+11     0.167786E+11     0.151220E+11     0.118562E+11     0.535100E+10     0.529004E+10     0.526600E+10     0.522300E+10     0.537688E+10     0.541000E+10     0.505261E+10     0.479600E+10     0.492800E+10     0.515093E+10     0.476100E+10     0.473649E+10     0.487875E+10     0.485500E+10     0.475845E+10     0.257728E+10     0.254700E+10     0.266590E+10     0.291400E+10     0.289400E+10     0.265676E+10     0.248300E+10     0.232178E+10     0.244600E+10     0.242181E+10     0.229500E+10     0.236200E+10     0.235046E+10     0.271500E+10     0.268810E+10     0.267600E+10     0.244600E+10     0.226989E+10     0.215500E+10     0.209443E+10     0.228126E+10     0.215900E+10     0.206877E+10     0.217241E+10     0.216200E+10     0.236324E+10     0.235200E+10     0.233400E+10     0.187834E+10     0.186900E+10     0.184766E+10     0.183700E+10     0.216200E+10     0.215227E+10     0.212800E+10     0.211629E+10     0.196200E+10     0.189628E+10     0.182800E+10     0.181300E+10     0.204296E+10     0.214500E+10     0.203810E+10     0.195900E+10     0.183400E+10     0.182478E+10     0.180500E+10     0.203281E+10     0.215527E+10     0.214500E+10     0.198827E+10     0.182644E+10     0.178800E+10     0.170500E+10     0.170500E+10     0.170500E+10     0.170500E+10     0.170500E+10     0.170500E+10     0.170500E+10     0.170500E+10     0.170500E+10     0.170500E+10     0.170500E+10     0.170500E+10     0.170500E+10     0.170500E+10     0.170500E+10     0.170500E+10     0.170500E+10     0.170500E+10     0.170500E+10     0.100000E+21
 0.860000E+03     0.144270E+11     0.144270E+11     0.144270E+11     0.144270E+11     0.144270E+11     0.144270E+11     0.144270E+11     0.144270E+11     0.144270E+11     0.144270E+11     0.144270E+11     0.144270E+11     0.884618E+10     0.462400E+10     0.444689E+10     0.462400E+10     0.118275E+11     0.936700E+10     0.927300E+10     0.874983E+10     0.728200E+10     0.698861E+10     0.681042E+10     0.641100E+10     0.674422E+10     0.721511E+10     0.684900E+10     0.657163E+10     0.652100E+10     0.644200E+10     0.690901E+10     0.608700E+10     0.166224E+11     0.157990E+11     0.160840E+11     0.164267E+11     0.151220E+11     0.121682E+11     0.535100E+10     0.529047E+10     0.526600E+10     0.522300E+10     0.538380E+10     0.541000E+10     0.504079E+10     0.479600E+10     0.492800E+10     0.515822E+10     0.476100E+10     0.473527E+10     0.487931E+10     0.485500E+10     0.475671E+10     0.257860E+10     0.254700E+10     0.265641E+10     0.291400E+10     0.289400E+10     0.265034E+10     0.248300E+10     0.231588E+10     0.244600E+10     0.242337E+10     0.229500E+10     0.236200E+10     0.234991E+10     0.271500E+10     0.268843E+10     0.267600E+10     0.244600E+10     0.226315E+10     0.215500E+10     0.209180E+10     0.228346E+10     0.215900E+10     0.206661E+10     0.217293E+10     0.216200E+10     0.236361E+10     0.235200E+10     0.233400E+10     0.187865E+10     0.186900E+10     0.184814E+10     0.183700E+10     0.216200E+10     0.215209E+10     0.212800E+10     0.211573E+10     0.196200E+10     0.189772E+10     0.182800E+10     0.181300E+10     0.205287E+10     0.214500E+10     0.203420E+10     0.195900E+10     0.183400E+10     0.182451E+10     0.180500E+10     0.204480E+10     0.215555E+10     0.214500E+10     0.198591E+10     0.182798E+10     0.178800E+10     0.170500E+10     0.170500E+10     0.170500E+10     0.170500E+10     0.170500E+10     0.170500E+10     0.170500E+10     0.170500E+10     0.170500E+10     0.170500E+10     0.170500E+10     0.170500E+10     0.170500E+10     0.170500E+10     0.170500E+10     0.170500E+10     0.170500E+10     0.170500E+10     0.170500E+10     0.100000E+21
 0.880000E+03     0.144270E+11     0.144270E+11     0.144270E+11     0.144270E+11     0.144270E+11     0.144270E+11     0.144270E+11     0.144270E+11     0.144270E+11     0.144270E+11     0.144270E+11     0.144270E+11     0.857975E+10     0.462400E+10     0.442359E+10     0.462400E+10     0.120025E+11     0.936700E+10     0.927300E+10     0.869204E+10     0.728200E+10     0.695767E+10     0.682921E+10     0.641100E+10     0.677011E+10     0.726527E+10     0.684900E+10     0.657592E+10     0.652100E+10     0.617062E+10     0.698988E+10     0.608700E+10     0.167181E+11     0.157990E+11     0.154620E+11     0.162036E+11     0.151220E+11     0.130674E+11     0.535100E+10     0.529184E+10     0.526600E+10     0.522300E+10     0.540335E+10     0.541000E+10     0.500688E+10     0.479600E+10     0.492800E+10     0.517927E+10     0.476100E+10     0.473195E+10     0.488103E+10     0.485500E+10     0.475129E+10     0.258217E+10     0.254700E+10     0.262953E+10     0.291400E+10     0.289400E+10     0.263127E+10     0.248300E+10     0.229902E+10     0.244600E+10     0.242841E+10     0.229500E+10     0.231205E+10     0.233976E+10     0.271500E+10     0.268940E+10     0.267600E+10     0.244600E+10     0.242871E+10     0.215500E+10     0.208465E+10     0.221263E+10     0.215900E+10     0.206010E+10     0.217435E+10     0.216200E+10     0.236467E+10     0.235200E+10     0.233400E+10     0.187953E+10     0.186900E+10     0.184949E+10     0.183700E+10     0.197851E+10     0.208282E+10     0.212800E+10     0.211411E+10     0.196200E+10     0.192153E+10     0.188243E+10     0.181300E+10     0.208075E+10     0.214500E+10     0.202329E+10     0.195900E+10     0.183400E+10     0.182370E+10     0.180500E+10     0.207765E+10     0.215637E+10     0.214500E+10     0.197843E+10     0.183219E+10     0.178800E+10     0.170500E+10     0.170500E+10     0.170500E+10     0.170500E+10     0.170500E+10     0.170500E+10     0.170500E+10     0.170500E+10     0.170500E+10     0.170500E+10     0.170500E+10     0.170500E+10     0.170500E+10     0.170500E+10     0.170500E+10     0.170500E+10     0.170500E+10     0.170500E+10     0.170500E+10     0.100000E+21
 0.900000E+03     0.144270E+11     0.144270E+11     0.144270E+11     0.144270E+11     0.144270E+11     0.144270E+11     0.144270E+11     0.144270E+11     0.144270E+11     0.144270E+11     0.144270E+11     0.144270E+11     0.860862E+10     0.462400E+10     0.439526E+10     0.462400E+10     0.120033E+11     0.936700E+10     0.927300E+10     0.866660E+10     0.728200E+10     0.694427E+10     0.682713E+10     0.641100E+10     0.677144E+10     0.732333E+10     0.684900E+10     0.657639E+10     0.652100E+10     0.594200E+10     0.701467E+10     0.608700E+10     0.167712E+11     0.157990E+11     0.154620E+11     0.162018E+11     0.151220E+11     0.143069E+11     0.535100E+10     0.529174E+10     0.526600E+10     0.522300E+10     0.541677E+10     0.541000E+10     0.500036E+10     0.479600E+10     0.492800E+10     0.518300E+10     0.476100E+10     0.472886E+10     0.488103E+10     0.485500E+10     0.475172E+10     0.259144E+10     0.257700E+10     0.262037E+10     0.291400E+10     0.289400E+10     0.263020E+10     0.248300E+10     0.228185E+10     0.244600E+10     0.242774E+10     0.229500E+10     0.227700E+10     0.233800E+10     0.271500E+10     0.268946E+10     0.267600E+10     0.244600E+10     0.254565E+10     0.215500E+10     0.208054E+10     0.215228E+10     0.215900E+10     0.206010E+10     0.217566E+10     0.216200E+10     0.236486E+10     0.235200E+10     0.233400E+10     0.187970E+10     0.186900E+10     0.185042E+10     0.183700E+10     0.182200E+10     0.201992E+10     0.212800E+10     0.211188E+10     0.196200E+10     0.193912E+10     0.192900E+10     0.181300E+10     0.209621E+10     0.214500E+10     0.201995E+10     0.195900E+10     0.183400E+10     0.182361E+10     0.180500E+10     0.211568E+10     0.215641E+10     0.214500E+10     0.197926E+10     0.183402E+10     0.178800E+10     0.170500E+10     0.170500E+10     0.170500E+10     0.170500E+10     0.170500E+10     0.170500E+10     0.170500E+10     0.170500E+10     0.170500E+10     0.170500E+10     0.170500E+10     0.170500E+10     0.170500E+10     0.170500E+10     0.170500E+10     0.170500E+10     0.170500E+10     0.170500E+10     0.170500E+10     0.100000E+21
 0.920000E+03     0.144270E+11     0.144270E+11     0.144270E+11     0.144270E+11     0.144270E+11     0.144270E+11     0.144270E+11     0.144270E+11     0.144270E+11     0.144270E+11     0.144270E+11     0.144270E+11     0.858867E+10     0.462400E+10     0.442824E+10     0.462400E+10     0.119932E+11     0.936700E+10     0.927300E+10     0.869953E+10     0.728200E+10     0.696159E+10     0.682858E+10     0.641100E+10     0.676851E+10     0.725417E+10     0.684900E+10     0.657561E+10     0.652100E+10     0.594200E+10     0.698132E+10     0.608700E+10     0.167041E+11     0.157990E+11     0.154620E+11     0.162016E+11     0.151220E+11     0.128846E+11     0.535100E+10     0.529179E+10     0.526600E+10     0.522300E+10     0.540017E+10     0.541000E+10     0.500983E+10     0.479600E+10     0.492800E+10     0.517749E+10     0.476100E+10     0.473261E+10     0.481555E+10     0.485500E+10     0.475150E+10     0.259043E+10     0.257700E+10     0.263258E+10     0.291400E+10     0.289400E+10     0.263246E+10     0.248300E+10     0.230224E+10     0.244600E+10     0.247275E+10     0.239898E+10     0.227700E+10     0.233042E+10     0.253688E+10     0.268934E+10     0.267600E+10     0.254307E+10     0.256973E+10     0.215500E+10     0.208572E+10     0.212078E+10     0.215900E+10     0.206044E+10     0.217407E+10     0.216200E+10     0.236458E+10     0.235200E+10     0.233400E+10     0.187946E+10     0.186900E+10     0.184927E+10     0.183700E+10     0.182200E+10     0.202032E+10     0.212800E+10     0.211444E+10     0.196200E+10     0.193911E+10     0.192900E+10     0.181300E+10     0.195459E+10     0.214500E+10     0.207421E+10     0.195900E+10     0.183400E+10     0.182376E+10     0.180500E+10     0.207038E+10     0.215632E+10     0.214500E+10     0.197868E+10     0.183166E+10     0.178800E+10     0.170500E+10     0.170500E+10     0.170500E+10     0.170500E+10     0.170500E+10     0.170500E+10     0.170500E+10     0.170500E+10     0.170500E+10     0.170500E+10     0.170500E+10     0.170500E+10     0.170500E+10     0.170500E+10     0.170500E+10     0.170500E+10     0.170500E+10     0.170500E+10     0.170500E+10     0.100000E+21
 0.940000E+03     0.144270E+11     0.144270E+11     0.144270E+11     0.144270E+11     0.144270E+11     0.144270E+11     0.144270E+11     0.144270E+11     0.144270E+11     0.144270E+11     0.144270E+11     0.144270E+11     0.889001E+10     0.452516E+10     0.441617E+10     0.462400E+10     0.117971E+11     0.936700E+10     0.927300E+10     0.876086E+10     0.728200E+10     0.699467E+10     0.680733E+10     0.641100E+10     0.673963E+10     0.728706E+10     0.704345E+10     0.657086E+10     0.652100E+10     0.594200E+10     0.689354E+10     0.608700E+10     0.166040E+11     0.157990E+11     0.154620E+11     0.161517E+11     0.151220E+11     0.119980E+11     0.535100E+10     0.529024E+10     0.526600E+10     0.522300E+10     0.531001E+10     0.541000E+10     0.504707E+10     0.479600E+10     0.492800E+10     0.515435E+10     0.495355E+10     0.481721E+10     0.475054E+10     0.485500E+10     0.478826E+10     0.258898E+10     0.257700E+10     0.266149E+10     0.291400E+10     0.289400E+10     0.265373E+10     0.248300E+10     0.231909E+10     0.244600E+10     0.249595E+10     0.251000E+10     0.227700E+10     0.232416E+10     0.232700E+10     0.268826E+10     0.267600E+10     0.265700E+10     0.260467E+10     0.215500E+10     0.209322E+10     0.209043E+10     0.215900E+10     0.206774E+10     0.217265E+10     0.216200E+10     0.236341E+10     0.235200E+10     0.233400E+10     0.187848E+10     0.186900E+10     0.184788E+10     0.183700E+10     0.182200E+10     0.200845E+10     0.212800E+10     0.211603E+10     0.196200E+10     0.193843E+10     0.192900E+10     0.181300E+10     0.180426E+10     0.214500E+10     0.213425E+10     0.195900E+10     0.183400E+10     0.182465E+10     0.180500E+10     0.203822E+10     0.215540E+10     0.214500E+10     0.198714E+10     0.182715E+10     0.178800E+10     0.170500E+10     0.170500E+10     0.170500E+10     0.170500E+10     0.170500E+10     0.170500E+10     0.170500E+10     0.170500E+10     0.170500E+10     0.170500E+10     0.170500E+10     0.170500E+10     0.170500E+10     0.170500E+10     0.170500E+10     0.170500E+10     0.170500E+10     0.170500E+10     0.170500E+10     0.100000E+21
 0.960000E+03     0.144270E+11     0.144270E+11     0.144270E+11     0.144270E+11     0.144270E+11     0.144270E+11     0.144270E+11     0.144270E+11     0.144270E+11     0.144270E+11     0.144270E+11     0.144270E+11     0.891865E+10     0.437700E+10     0.437700E+10     0.462400E+10     0.117775E+11     0.936700E+10     0.927300E+10     0.876768E+10     0.790725E+10     0.735012E+10     0.680531E+10     0.641100E+10     0.673669E+10     0.738673E+10     0.733400E+10     0.659192E+10     0.652100E+10     0.594200E+10     0.684607E+10     0.597991E+10     0.165928E+11     0.157990E+11     0.154620E+11     0.161468E+11     0.151220E+11     0.118958E+11     0.535100E+10     0.529010E+10     0.526600E+10     0.522300E+10     0.519486E+10     0.541000E+10     0.505104E+10     0.479600E+10     0.492800E+10     0.515190E+10     0.524300E+10     0.492118E+10     0.475137E+10     0.485500E+10     0.483152E+10     0.258881E+10     0.257700E+10     0.266466E+10     0.291400E+10     0.289400E+10     0.265590E+10     0.248300E+10     0.232103E+10     0.244600E+10     0.246491E+10     0.251000E+10     0.227700E+10     0.232344E+10     0.232700E+10     0.268815E+10     0.267600E+10     0.265700E+10     0.260532E+10     0.237848E+10     0.217400E+10     0.213488E+10     0.226772E+10     0.210997E+10     0.217248E+10     0.216200E+10     0.236329E+10     0.235200E+10     0.233400E+10     0.202882E+10     0.186900E+10     0.184772E+10     0.183700E+10     0.182200E+10     0.200731E+10     0.212800E+10     0.211622E+10     0.196200E+10     0.193836E+10     0.192900E+10     0.181300E+10     0.180439E+10     0.214500E+10     0.213438E+10     0.195900E+10     0.183400E+10     0.182474E+10     0.180500E+10     0.203431E+10     0.215531E+10     0.214500E+10     0.198795E+10     0.182664E+10     0.178800E+10     0.170500E+10     0.170500E+10     0.170500E+10     0.170500E+10     0.170500E+10     0.170500E+10     0.170500E+10     0.170500E+10     0.170500E+10     0.170500E+10     0.170500E+10     0.170500E+10     0.170500E+10     0.170500E+10     0.170500E+10     0.170500E+10     0.170500E+10     0.170500E+10     0.170500E+10     0.100000E+21
 0.980000E+03     0.144270E+11     0.144270E+11     0.144270E+11     0.144270E+11     0.144270E+11     0.144270E+11     0.144270E+11     0.144270E+11     0.144270E+11     0.144270E+11     0.144270E+11     0.144270E+11     0.858957E+10     0.437700E+10     0.437700E+10     0.462400E+10     0.119922E+11     0.936700E+10     0.927300E+10     0.870022E+10     0.840900E+10     0.755721E+10     0.682852E+10     0.641100E+10     0.676836E+10     0.739488E+10     0.733400E+10     0.661856E+10     0.652100E+10     0.594200E+10     0.692266E+10     0.589400E+10     0.167028E+11     0.157990E+11     0.154620E+11     0.162014E+11     0.151220E+11     0.128688E+11     0.535100E+10     0.529178E+10     0.526600E+10     0.522300E+10     0.519084E+10     0.541000E+10     0.501011E+10     0.479600E+10     0.492800E+10     0.517732E+10     0.524300E+10     0.487321E+10     0.474222E+10     0.485500E+10     0.482989E+10     0.259041E+10     0.257700E+10     0.263286E+10     0.291400E+10     0.289400E+10     0.263258E+10     0.248300E+10     0.230252E+10     0.244600E+10     0.246270E+10     0.251000E+10     0.227700E+10     0.233032E+10     0.232700E+10     0.268934E+10     0.267600E+10     0.265700E+10     0.254782E+10     0.255800E+10     0.220433E+10     0.216212E+10     0.235500E+10     0.212943E+10     0.217404E+10     0.216200E+10     0.229005E+10     0.235200E+10     0.233400E+10     0.218041E+10     0.186900E+10     0.184925E+10     0.183700E+10     0.182200E+10     0.202028E+10     0.212800E+10     0.211446E+10     0.202473E+10     0.193911E+10     0.192900E+10     0.181300E+10     0.180319E+10     0.214500E+10     0.213310E+10     0.195900E+10     0.188596E+10     0.184122E+10     0.180500E+10     0.206974E+10     0.215631E+10     0.214500E+10     0.197870E+10     0.183161E+10     0.178800E+10     0.170500E+10     0.170500E+10     0.170500E+10     0.170500E+10     0.170500E+10     0.170500E+10     0.170500E+10     0.170500E+10     0.170500E+10     0.170500E+10     0.170500E+10     0.170500E+10     0.170500E+10     0.170500E+10     0.170500E+10     0.170500E+10     0.170500E+10     0.170500E+10     0.170500E+10     0.100000E+21
 0.100000E+04     0.144270E+11     0.144270E+11     0.144270E+11     0.144270E+11     0.144270E+11     0.144270E+11     0.144270E+11     0.144270E+11     0.144270E+11     0.144270E+11     0.144270E+11     0.144270E+11     0.863858E+10     0.437700E+10     0.437700E+10     0.462400E+10     0.119801E+11     0.936700E+10     0.927300E+10     0.868058E+10     0.840900E+10     0.730791E+10     0.682502E+10     0.641100E+10     0.676777E+10     0.740152E+10     0.733400E+10     0.661883E+10     0.652100E+10     0.594200E+10     0.694348E+10     0.589400E+10     0.167442E+11     0.157990E+11     0.154620E+11     0.161963E+11     0.151220E+11     0.136009E+11     0.535100E+10     0.529157E+10     0.526600E+10     0.522300E+10     0.518897E+10     0.541000E+10     0.500620E+10     0.479600E+10     0.492800E+10     0.517944E+10     0.524300E+10     0.484128E+10     0.474277E+10     0.485500E+10     0.483010E+10     0.246373E+10     0.189896E+10     0.262605E+10     0.291400E+10     0.289400E+10     0.263292E+10     0.248300E+10     0.227297E+10     0.229068E+10     0.246307E+10     0.251000E+10     0.227700E+10     0.226949E+10     0.232700E+10     0.268932E+10     0.267600E+10     0.265700E+10     0.248617E+10     0.255800E+10     0.218736E+10     0.216369E+10     0.235500E+10     0.213053E+10     0.217508E+10     0.216200E+10     0.220621E+10     0.235200E+10     0.233400E+10     0.218346E+10     0.186900E+10     0.184997E+10     0.183700E+10     0.182200E+10     0.201868E+10     0.212800E+10     0.211315E+10     0.209400E+10     0.193904E+10     0.192900E+10     0.181300E+10     0.180274E+10     0.214500E+10     0.213285E+10     0.195900E+10     0.194500E+10     0.185880E+10     0.180500E+10     0.183006E+10     0.215629E+10     0.214500E+10     0.209113E+10     0.183304E+10     0.178800E+10     0.170500E+10     0.170500E+10     0.170500E+10     0.170500E+10     0.170500E+10     0.170500E+10     0.170500E+10     0.170500E+10     0.170500E+10     0.170500E+10     0.170500E+10     0.170500E+10     0.170500E+10     0.170500E+10     0.170500E+10     0.170500E+10     0.170500E+10     0.170500E+10     0.170500E+10     0.100000E+21
 0.102000E+04     0.144270E+11     0.144270E+11     0.144270E+11     0.144270E+11     0.144270E+11     0.144270E+11     0.144270E+11     0.144270E+11     0.144270E+11     0.144270E+11     0.144270E+11     0.144270E+11     0.856856E+10     0.437700E+10     0.437700E+10     0.462400E+10     0.120153E+11     0.936700E+10     0.927300E+10     0.867995E+10     0.840900E+10     0.725982E+10     0.661066E+10     0.641100E+10     0.677236E+10     0.739982E+10     0.733400E+10     0.661997E+10     0.652100E+10     0.594200E+10     0.694850E+10     0.589400E+10     0.167416E+11     0.157990E+11     0.154620E+11     0.162063E+11     0.151220E+11     0.134384E+11     0.535100E+10     0.529191E+10     0.526600E+10     0.522300E+10     0.518920E+10     0.541000E+10     0.538018E+10     0.479600E+10     0.492800E+10     0.518190E+10     0.524300E+10     0.484860E+10     0.474125E+10     0.485500E+10     0.482977E+10     0.238319E+10     0.179100E+10     0.262477E+10     0.291400E+10     0.289400E+10     0.287983E+10     0.248300E+10     0.226006E+10     0.224500E+10     0.242041E+10     0.241000E+10     0.249400E+10     0.229736E+10     0.232700E+10     0.268949E+10     0.267600E+10     0.265700E+10     0.248541E+10     0.255800E+10     0.218944E+10     0.216119E+10     0.235500E+10     0.221510E+10     0.203280E+10     0.216200E+10     0.220478E+10     0.235200E+10     0.233400E+10     0.218633E+10     0.186900E+10     0.184988E+10     0.183700E+10     0.182200E+10     0.202126E+10     0.212800E+10     0.211344E+10     0.209400E+10     0.193918E+10     0.192900E+10     0.181300E+10     0.180277E+10     0.214500E+10     0.213280E+10     0.195900E+10     0.194500E+10     0.185780E+10     0.180500E+10     0.179429E+10     0.215644E+10     0.214500E+10     0.213487E+10     0.183304E+10     0.178800E+10     0.170500E+10     0.170500E+10     0.170500E+10     0.170500E+10     0.170500E+10     0.170500E+10     0.170500E+10     0.170500E+10     0.170500E+10     0.170500E+10     0.170500E+10     0.170500E+10     0.170500E+10     0.170500E+10     0.170500E+10     0.170500E+10     0.170500E+10     0.170500E+10     0.170500E+10     0.100000E+21
 0.104000E+04     0.144270E+11     0.144270E+11     0.144270E+11     0.144270E+11     0.144270E+11     0.144270E+11     0.144270E+11     0.144270E+11     0.144270E+11     0.144270E+11     0.144270E+11     0.144270E+11     0.879077E+10     0.437700E+10     0.437700E+10     0.462400E+10     0.118668E+11     0.936700E+10     0.927300E+10     0.873461E+10     0.840900E+10     0.735993E+10     0.660319E+10     0.641100E+10     0.675019E+10     0.739137E+10     0.733400E+10     0.661332E+10     0.652100E+10     0.594200E+10     0.686442E+10     0.589400E+10     0.166480E+11     0.157990E+11     0.154620E+11     0.161689E+11     0.151220E+11     0.124156E+11     0.535100E+10     0.529076E+10     0.526600E+10     0.522300E+10     0.519280E+10     0.541000E+10     0.538237E+10     0.479600E+10     0.492800E+10     0.516337E+10     0.524300E+10     0.489460E+10     0.474757E+10     0.485500E+10     0.483088E+10     0.232651E+10     0.179100E+10     0.264948E+10     0.291400E+10     0.289400E+10     0.288071E+10     0.248300E+10     0.225826E+10     0.224500E+10     0.242008E+10     0.241000E+10     0.249400E+10     0.232095E+10     0.232700E+10     0.268866E+10     0.267600E+10     0.265700E+10     0.250007E+10     0.255800E+10     0.222472E+10     0.216965E+10     0.235500E+10     0.222287E+10     0.204787E+10     0.216200E+10     0.221553E+10     0.235200E+10     0.233400E+10     0.216303E+10     0.186900E+10     0.184851E+10     0.183700E+10     0.182200E+10     0.201245E+10     0.212800E+10     0.211528E+10     0.209400E+10     0.193867E+10     0.192900E+10     0.181300E+10     0.180379E+10     0.214500E+10     0.213377E+10     0.201650E+10     0.194500E+10     0.186365E+10     0.180500E+10     0.179566E+10     0.215574E+10     0.214500E+10     0.213525E+10     0.182911E+10     0.178800E+10     0.170500E+10     0.170500E+10     0.170500E+10     0.170500E+10     0.170500E+10     0.170500E+10     0.170500E+10     0.170500E+10     0.170500E+10     0.170500E+10     0.170500E+10     0.170500E+10     0.170500E+10     0.170500E+10     0.170500E+10     0.170500E+10     0.170500E+10     0.170500E+10     0.170500E+10     0.100000E+21
 0.106000E+04     0.144270E+11     0.144270E+11     0.144270E+11     0.144270E+11     0.144270E+11     0.144270E+11     0.144270E+11     0.144270E+11     0.144270E+11     0.144270E+11     0.144270E+11     0.144270E+11     0.892405E+10     0.437700E+10     0.437700E+10     0.462400E+10     0.117738E+11     0.936700E+10     0.927300E+10     0.876893E+10     0.840900E+10     0.742542E+10     0.659872E+10     0.641100E+10     0.673614E+10     0.738657E+10     0.733400E+10     0.660907E+10     0.652100E+10     0.594200E+10     0.680935E+10     0.589400E+10     0.165907E+11     0.157990E+11     0.154620E+11     0.161458E+11     0.151220E+11     0.118772E+11     0.535100E+10     0.529007E+10     0.526600E+10     0.522300E+10     0.519494E+10     0.541000E+10     0.538379E+10     0.479600E+10     0.492800E+10     0.515144E+10     0.524300E+10     0.492213E+10     0.475153E+10     0.485500E+10     0.483155E+10     0.229001E+10     0.179100E+10     0.266524E+10     0.291400E+10     0.289400E+10     0.288127E+10     0.248300E+10     0.225726E+10     0.224500E+10     0.241989E+10     0.241000E+10     0.249400E+10     0.233397E+10     0.232700E+10     0.268813E+10     0.267600E+10     0.265700E+10     0.250942E+10     0.255800E+10     0.227022E+10     0.217480E+10     0.235500E+10     0.222774E+10     0.205689E+10     0.216200E+10     0.222244E+10     0.235200E+10     0.233400E+10     0.211809E+10     0.179361E+10     0.184769E+10     0.183700E+10     0.182200E+10     0.200709E+10     0.212800E+10     0.211625E+10     0.209400E+10     0.193835E+10     0.192900E+10     0.181300E+10     0.180441E+10     0.214500E+10     0.213441E+10     0.211100E+10     0.194500E+10     0.186740E+10     0.180500E+10     0.179644E+10     0.215529E+10     0.214500E+10     0.213547E+10     0.182655E+10     0.178800E+10     0.170500E+10     0.170500E+10     0.170500E+10     0.170500E+10     0.170500E+10     0.170500E+10     0.170500E+10     0.170500E+10     0.170500E+10     0.170500E+10     0.170500E+10     0.170500E+10     0.170500E+10     0.170500E+10     0.170500E+10     0.170500E+10     0.170500E+10     0.170500E+10     0.170500E+10     0.100000E+21
 0.108000E+04     0.144270E+11     0.144270E+11     0.144270E+11     0.144270E+11     0.144270E+11     0.144270E+11     0.144270E+11     0.144270E+11     0.144270E+11     0.144270E+11     0.144270E+11     0.144270E+11     0.857050E+10     0.437700E+10     0.437700E+10     0.462400E+10     0.120129E+11     0.936700E+10     0.927300E+10     0.868245E+10     0.728200E+10     0.695275E+10     0.661059E+10     0.641100E+10     0.677193E+10     0.739912E+10     0.733400E+10     0.661981E+10     0.652100E+10     0.594200E+10     0.694548E+10     0.589400E+10     0.167366E+11     0.157990E+11     0.154620E+11     0.162058E+11     0.151220E+11     0.133501E+11     0.535100E+10     0.529190E+10     0.526600E+10     0.522300E+10     0.518942E+10     0.541000E+10     0.538025E+10     0.479600E+10     0.492800E+10     0.518138E+10     0.524300E+10     0.485194E+10     0.474135E+10     0.485500E+10     0.482979E+10     0.238021E+10     0.179100E+10     0.262573E+10     0.291400E+10     0.289400E+10     0.287985E+10     0.248300E+10     0.225992E+10     0.224500E+10     0.242041E+10     0.241000E+10     0.249400E+10     0.229916E+10     0.232700E+10     0.242875E+10     0.267600E+10     0.265700E+10     0.248598E+10     0.255800E+10     0.225059E+10     0.203384E+10     0.202400E+10     0.210042E+10     0.203389E+10     0.216200E+10     0.220508E+10     0.235200E+10     0.233400E+10     0.213784E+10     0.170500E+10     0.184979E+10     0.183700E+10     0.182200E+10     0.202116E+10     0.212800E+10     0.211360E+10     0.209400E+10     0.193917E+10     0.192900E+10     0.181300E+10     0.180283E+10     0.214500E+10     0.213283E+10     0.211100E+10     0.194500E+10     0.185794E+10     0.180500E+10     0.179440E+10     0.215643E+10     0.214500E+10     0.213487E+10     0.183287E+10     0.178800E+10     0.170500E+10     0.170500E+10     0.170500E+10     0.170500E+10     0.170500E+10     0.170500E+10     0.170500E+10     0.170500E+10     0.170500E+10     0.170500E+10     0.170500E+10     0.170500E+10     0.170500E+10     0.170500E+10     0.170500E+10     0.170500E+10     0.170500E+10     0.170500E+10     0.170500E+10     0.100000E+21
 0.110000E+04     0.144270E+11     0.144270E+11     0.144270E+11     0.144270E+11     0.144270E+11     0.144270E+11     0.144270E+11     0.144270E+11     0.144270E+11     0.144270E+11     0.144270E+11     0.144270E+11     0.874858E+10     0.437700E+10     0.437700E+10     0.462400E+10     0.118974E+11     0.936700E+10     0.927300E+10     0.872179E+10     0.728200E+10     0.697330E+10     0.660461E+10     0.641100E+10     0.675488E+10     0.739340E+10     0.733400E+10     0.661477E+10     0.652100E+10     0.594200E+10     0.688418E+10     0.589400E+10     0.166700E+11     0.157990E+11     0.154620E+11     0.161764E+11     0.151220E+11     0.126399E+11     0.535100E+10     0.529099E+10     0.526600E+10     0.522300E+10     0.519196E+10     0.541000E+10     0.538188E+10     0.479600E+10     0.492800E+10     0.516751E+10     0.524300E+10     0.488334E+10     0.474627E+10     0.485500E+10     0.483066E+10     0.234048E+10     0.179100E+10     0.264374E+10     0.291400E+10     0.289400E+10     0.288052E+10     0.248300E+10     0.225866E+10     0.224500E+10     0.242014E+10     0.241000E+10     0.249400E+10     0.231562E+10     0.232700E+10     0.244051E+10     0.267600E+10     0.265700E+10     0.249666E+10     0.255800E+10     0.227131E+10     0.203350E+10     0.202400E+10     0.218232E+10     0.211491E+10     0.216200E+10     0.221313E+10     0.235200E+10     0.233400E+10     0.211408E+10     0.170500E+10     0.184883E+10     0.183700E+10     0.182200E+10     0.187814E+10     0.212800E+10     0.211488E+10     0.209400E+10     0.193877E+10     0.192900E+10     0.181300E+10     0.180355E+10     0.214500E+10     0.213354E+10     0.211100E+10     0.205435E+10     0.189234E+10     0.180500E+10     0.179533E+10     0.215589E+10     0.214500E+10     0.213518E+10     0.183006E+10     0.178800E+10     0.170500E+10     0.170500E+10     0.170500E+10     0.170500E+10     0.170500E+10     0.170500E+10     0.170500E+10     0.170500E+10     0.170500E+10     0.170500E+10     0.170500E+10     0.170500E+10     0.170500E+10     0.170500E+10     0.170500E+10     0.170500E+10     0.170500E+10     0.170500E+10     0.170500E+10     0.100000E+21
 0.112000E+04     0.144270E+11     0.144270E+11     0.144270E+11     0.144270E+11     0.144270E+11     0.144270E+11     0.144270E+11     0.144270E+11     0.144270E+11     0.144270E+11     0.144270E+11     0.144270E+11     0.857509E+10     0.437700E+10     0.437700E+10     0.462400E+10     0.120192E+11     0.936700E+10     0.927300E+10     0.866597E+10     0.728200E+10     0.694466E+10     0.661043E+10     0.641100E+10     0.677348E+10     0.740513E+10     0.733400E+10     0.662050E+10     0.652100E+10     0.594200E+10     0.696328E+10     0.589400E+10     0.167715E+11     0.157990E+11     0.154620E+11     0.162065E+11     0.151220E+11     0.145086E+11     0.535100E+10     0.529189E+10     0.526600E+10     0.522300E+10     0.518776E+10     0.541000E+10     0.537992E+10     0.479600E+10     0.492800E+10     0.518404E+10     0.524300E+10     0.482587E+10     0.474109E+10     0.485500E+10     0.482979E+10     0.414463E+10     0.257700E+10     0.252348E+10     0.250900E+10     0.289400E+10     0.287979E+10     0.248300E+10     0.244303E+10     0.224500E+10     0.242040E+10     0.241000E+10     0.249400E+10     0.228247E+10     0.232700E+10     0.242764E+10     0.267600E+10     0.265700E+10     0.248245E+10     0.255800E+10     0.223993E+10     0.203384E+10     0.202400E+10     0.222890E+10     0.213163E+10     0.216200E+10     0.214019E+10     0.212800E+10     0.233400E+10     0.214263E+10     0.170500E+10     0.185042E+10     0.183700E+10     0.182200E+10     0.181337E+10     0.212800E+10     0.211151E+10     0.209400E+10     0.193918E+10     0.192900E+10     0.181300E+10     0.180245E+10     0.214500E+10     0.213263E+10     0.211100E+10     0.209400E+10     0.190265E+10     0.180500E+10     0.179342E+10     0.215648E+10     0.214500E+10     0.213488E+10     0.183397E+10     0.178800E+10     0.170500E+10     0.170500E+10     0.170500E+10     0.170500E+10     0.170500E+10     0.170500E+10     0.170500E+10     0.170500E+10     0.170500E+10     0.170500E+10     0.170500E+10     0.170500E+10     0.170500E+10     0.170500E+10     0.170500E+10     0.170500E+10     0.170500E+10     0.170500E+10     0.170500E+10     0.100000E+21
 0.114000E+04     0.144270E+11     0.144270E+11     0.144270E+11     0.144270E+11     0.144270E+11     0.144270E+11     0.144270E+11     0.144270E+11     0.144270E+11     0.144270E+11     0.144270E+11     0.144270E+11     0.865699E+10     0.437700E+10     0.437700E+10     0.462400E+10     0.119619E+11     0.936700E+10     0.927300E+10     0.869411E+10     0.728200E+10     0.695888E+10     0.660768E+10     0.641100E+10     0.676471E+10     0.739808E+10     0.733400E+10     0.661779E+10     0.652100E+10     0.594200E+10     0.692491E+10     0.589400E+10     0.167186E+11     0.157990E+11     0.154620E+11     0.161923E+11     0.151220E+11     0.132005E+11     0.535100E+10     0.529147E+10     0.526600E+10     0.522300E+10     0.519005E+10     0.541000E+10     0.538085E+10     0.479600E+10     0.492800E+10     0.517615E+10     0.524300E+10     0.485829E+10     0.474353E+10     0.485500E+10     0.483020E+10     0.406531E+10     0.257700E+10     0.252290E+10     0.250900E+10     0.289400E+10     0.288014E+10     0.248300E+10     0.242401E+10     0.224500E+10     0.242028E+10     0.241000E+10     0.249400E+10     0.230278E+10     0.232700E+10     0.243371E+10     0.267600E+10     0.265700E+10     0.260498E+10     0.255800E+10     0.225602E+10     0.203368E+10     0.202400E+10     0.222451E+10     0.210522E+10     0.201745E+10     0.213982E+10     0.212800E+10     0.233400E+10     0.212900E+10     0.170500E+10     0.184955E+10     0.183700E+10     0.182200E+10     0.181351E+10     0.212800E+10     0.211387E+10     0.209400E+10     0.193899E+10     0.192900E+10     0.181300E+10     0.180302E+10     0.187055E+10     0.207209E+10     0.211100E+10     0.209400E+10     0.190787E+10     0.180500E+10     0.179457E+10     0.215620E+10     0.214500E+10     0.213502E+10     0.183203E+10     0.178800E+10     0.170500E+10     0.170500E+10     0.170500E+10     0.170500E+10     0.170500E+10     0.170500E+10     0.170500E+10     0.170500E+10     0.170500E+10     0.170500E+10     0.170500E+10     0.170500E+10     0.170500E+10     0.170500E+10     0.170500E+10     0.170500E+10     0.170500E+10     0.170500E+10     0.170500E+10     0.100000E+21
 0.116000E+04     0.144270E+11     0.144270E+11     0.144270E+11     0.144270E+11     0.144270E+11     0.144270E+11     0.144270E+11     0.144270E+11     0.144270E+11     0.144270E+11     0.144270E+11     0.144270E+11     0.886104E+10     0.437700E+10     0.437700E+10     0.462400E+10     0.118171E+11     0.936700E+10     0.927300E+10     0.875366E+10     0.728200E+10     0.699072E+10     0.660084E+10     0.641100E+10     0.674265E+10     0.738861E+10     0.733400E+10     0.661103E+10     0.652100E+10     0.594200E+10     0.683419E+10     0.589400E+10     0.166160E+11     0.157990E+11     0.154620E+11     0.161566E+11     0.151220E+11     0.121084E+11     0.535100E+10     0.529040E+10     0.526600E+10     0.522300E+10     0.519400E+10     0.541000E+10     0.538314E+10     0.479600E+10     0.492800E+10     0.515689E+10     0.524300E+10     0.491030E+10     0.474968E+10     0.485500E+10     0.483123E+10     0.390151E+10     0.257700E+10     0.252159E+10     0.250900E+10     0.289400E+10     0.288101E+10     0.248300E+10     0.240008E+10     0.224500E+10     0.241998E+10     0.241000E+10     0.249400E+10     0.232835E+10     0.232700E+10     0.244897E+10     0.267600E+10     0.265700E+10     0.264441E+10     0.255800E+10     0.228926E+10     0.205157E+10     0.202400E+10     0.221345E+10     0.206997E+10     0.197500E+10     0.213890E+10     0.212800E+10     0.233400E+10     0.209571E+10     0.170500E+10     0.184805E+10     0.183700E+10     0.182200E+10     0.181387E+10     0.212800E+10     0.211583E+10     0.209400E+10     0.193850E+10     0.192900E+10     0.181300E+10     0.180413E+10     0.178600E+10     0.200489E+10     0.211100E+10     0.209400E+10     0.192087E+10     0.180500E+10     0.179611E+10     0.215550E+10     0.214500E+10     0.213537E+10     0.182769E+10     0.178800E+10     0.170500E+10     0.170500E+10     0.170500E+10     0.170500E+10     0.170500E+10     0.170500E+10     0.170500E+10     0.170500E+10     0.170500E+10     0.170500E+10     0.170500E+10     0.170500E+10     0.170500E+10     0.170500E+10     0.170500E+10     0.170500E+10     0.170500E+10     0.170500E+10     0.170500E+10     0.100000E+21
 0.118000E+04     0.144270E+11     0.144270E+11     0.144270E+11     0.144270E+11     0.144270E+11     0.144270E+11     0.144270E+11     0.144270E+11     0.144270E+11     0.144270E+11     0.144270E+11     0.144270E+11     0.857146E+10     0.437700E+10     0.437700E+10     0.462400E+10     0.120213E+11     0.936700E+10     0.927300E+10     0.866550E+10     0.728200E+10     0.694442E+10     0.661055E+10     0.641100E+10     0.677377E+10     0.740522E+10     0.733400E+10     0.662058E+10     0.652100E+10     0.644200E+10     0.696408E+10     0.589400E+10     0.167723E+11     0.157990E+11     0.154620E+11     0.162070E+11     0.151220E+11     0.147857E+11     0.144670E+11     0.529191E+10     0.526600E+10     0.522300E+10     0.518773E+10     0.541000E+10     0.537989E+10     0.479600E+10     0.492800E+10     0.518424E+10     0.524300E+10     0.482551E+10     0.474100E+10     0.485500E+10     0.482977E+10     0.414571E+10     0.257700E+10     0.252349E+10     0.250900E+10     0.289400E+10     0.287978E+10     0.248300E+10     0.244333E+10     0.224500E+10     0.242040E+10     0.241000E+10     0.249400E+10     0.228214E+10     0.232700E+10     0.242744E+10     0.267600E+10     0.265700E+10     0.264251E+10     0.255800E+10     0.223971E+10     0.208368E+10     0.202400E+10     0.208296E+10     0.209417E+10     0.197500E+10     0.214020E+10     0.212800E+10     0.233400E+10     0.214298E+10     0.170500E+10     0.185044E+10     0.183700E+10     0.182200E+10     0.181336E+10     0.212800E+10     0.211138E+10     0.209400E+10     0.193919E+10     0.192900E+10     0.181300E+10     0.180244E+10     0.178600E+10     0.203513E+10     0.211100E+10     0.209400E+10     0.208216E+10     0.180500E+10     0.179341E+10     0.215648E+10     0.214500E+10     0.213487E+10     0.183400E+10     0.178800E+10     0.170500E+10     0.170500E+10     0.170500E+10     0.170500E+10     0.170500E+10     0.170500E+10     0.170500E+10     0.170500E+10     0.170500E+10     0.170500E+10     0.170500E+10     0.170500E+10     0.170500E+10     0.170500E+10     0.170500E+10     0.170500E+10     0.170500E+10     0.170500E+10     0.170500E+10     0.100000E+21
 0.120000E+04     0.144270E+11     0.144270E+11     0.144270E+11     0.144270E+11     0.144270E+11     0.144270E+11     0.144270E+11     0.144270E+11     0.144270E+11     0.144270E+11     0.144270E+11     0.144270E+11     0.886104E+10     0.437700E+10     0.437700E+10     0.462400E+10     0.118171E+11     0.936700E+10     0.927300E+10     0.875366E+10     0.728200E+10     0.714480E+10     0.660084E+10     0.641100E+10     0.674265E+10     0.738861E+10     0.733400E+10     0.661103E+10     0.652100E+10     0.644200E+10     0.683419E+10     0.589400E+10     0.167617E+11     0.163334E+11     0.154620E+11     0.161566E+11     0.151220E+11     0.147003E+11     0.144670E+11     0.529040E+10     0.526600E+10     0.522300E+10     0.519400E+10     0.541000E+10     0.538314E+10     0.479600E+10     0.492800E+10     0.515689E+10     0.524300E+10     0.491030E+10     0.474968E+10     0.485500E+10     0.483123E+10     0.390151E+10     0.257700E+10     0.220490E+10     0.250900E+10     0.289400E+10     0.288101E+10     0.248300E+10     0.240008E+10     0.224500E+10     0.241998E+10     0.241000E+10     0.249400E+10     0.232835E+10     0.232700E+10     0.244897E+10     0.267600E+10     0.265700E+10     0.264441E+10     0.255800E+10     0.245697E+10     0.205157E+10     0.202400E+10     0.207847E+10     0.206997E+10     0.197500E+10     0.213890E+10     0.212800E+10     0.233400E+10     0.209571E+10     0.170500E+10     0.184805E+10     0.183700E+10     0.182200E+10     0.181387E+10     0.212800E+10     0.211583E+10     0.209400E+10     0.193850E+10     0.192900E+10     0.181300E+10     0.180413E+10     0.178600E+10     0.200489E+10     0.211100E+10     0.209400E+10     0.208330E+10     0.180500E+10     0.179611E+10     0.215550E+10     0.214500E+10     0.213537E+10     0.182769E+10     0.178800E+10     0.170500E+10     0.170500E+10     0.170500E+10     0.170500E+10     0.170500E+10     0.170500E+10     0.170500E+10     0.170500E+10     0.170500E+10     0.170500E+10     0.170500E+10     0.170500E+10     0.170500E+10     0.170500E+10     0.170500E+10     0.170500E+10     0.170500E+10     0.170500E+10     0.170500E+10     0.100000E+21
 0.122000E+04     0.144270E+11     0.144270E+11     0.144270E+11     0.144270E+11     0.144270E+11     0.144270E+11     0.144270E+11     0.144270E+11     0.144270E+11     0.144270E+11     0.144270E+11     0.144270E+11     0.865699E+10     0.437700E+10     0.437700E+10     0.462400E+10     0.119619E+11     0.936700E+10     0.927300E+10     0.869411E+10     0.728200E+10     0.722235E+10     0.660768E+10     0.641100E+10     0.676471E+10     0.739808E+10     0.733400E+10     0.661779E+10     0.652100E+10     0.644200E+10     0.692491E+10     0.589400E+10     0.848340E+10     0.166450E+11     0.154620E+11     0.161923E+11     0.151220E+11     0.147380E+11     0.144670E+11     0.529147E+10     0.526600E+10     0.522300E+10     0.519005E+10     0.541000E+10     0.538085E+10     0.479600E+10     0.492800E+10     0.517615E+10     0.524300E+10     0.485829E+10     0.474353E+10     0.485500E+10     0.483020E+10     0.406531E+10     0.257700E+10     0.198362E+10     0.250900E+10     0.289400E+10     0.288014E+10     0.248300E+10     0.242401E+10     0.224500E+10     0.230609E+10     0.241000E+10     0.239100E+10     0.228359E+10     0.232700E+10     0.243371E+10     0.267600E+10     0.265700E+10     0.264310E+10     0.255800E+10     0.254434E+10     0.203368E+10     0.202400E+10     0.208166E+10     0.222853E+10     0.197500E+10     0.213982E+10     0.212800E+10     0.233400E+10     0.212900E+10     0.170500E+10     0.184955E+10     0.183700E+10     0.182200E+10     0.181351E+10     0.212800E+10     0.211387E+10     0.209400E+10     0.193899E+10     0.192900E+10     0.181300E+10     0.180302E+10     0.178600E+10     0.202601E+10     0.211100E+10     0.209400E+10     0.208249E+10     0.180500E+10     0.179457E+10     0.215620E+10     0.214500E+10     0.213502E+10     0.183203E+10     0.178800E+10     0.170500E+10     0.170500E+10     0.170500E+10     0.170500E+10     0.170500E+10     0.170500E+10     0.170500E+10     0.170500E+10     0.170500E+10     0.170500E+10     0.170500E+10     0.170500E+10     0.170500E+10     0.170500E+10     0.170500E+10     0.170500E+10     0.170500E+10     0.170500E+10     0.170500E+10     0.100000E+21
 0.124000E+04     0.144270E+11     0.144270E+11     0.144270E+11     0.144270E+11     0.144270E+11     0.144270E+11     0.144270E+11     0.144270E+11     0.144270E+11     0.144270E+11     0.144270E+11     0.144270E+11     0.857509E+10     0.437700E+10     0.437700E+10     0.462400E+10     0.120192E+11     0.936700E+10     0.927300E+10     0.866597E+10     0.728200E+10     0.721972E+10     0.661043E+10     0.641100E+10     0.677348E+10     0.740513E+10     0.733400E+10     0.662050E+10     0.652100E+10     0.644200E+10     0.696328E+10     0.589400E+10     0.801335E+10     0.166450E+11     0.154620E+11     0.162065E+11     0.151220E+11     0.146370E+11     0.805173E+10     0.529189E+10     0.526600E+10     0.522300E+10     0.518776E+10     0.541000E+10     0.537992E+10     0.479600E+10     0.492800E+10     0.518404E+10     0.524300E+10     0.482587E+10     0.474109E+10     0.485500E+10     0.482979E+10     0.414463E+10     0.257700E+10     0.196172E+10     0.250900E+10     0.289400E+10     0.287979E+10     0.276018E+10     0.244303E+10     0.224500E+10     0.230489E+10     0.241000E+10     0.239100E+10     0.227218E+10     0.232700E+10     0.242764E+10     0.267600E+10     0.265700E+10     0.264252E+10     0.255800E+10     0.254361E+10     0.206597E+10     0.202400E+10     0.208292E+10     0.226493E+10     0.209419E+10     0.214019E+10     0.212800E+10     0.233400E+10     0.214263E+10     0.170500E+10     0.185042E+10     0.183700E+10     0.182200E+10     0.181337E+10     0.212800E+10     0.211151E+10     0.209400E+10     0.193918E+10     0.192900E+10     0.181300E+10     0.180245E+10     0.178600E+10     0.203494E+10     0.211100E+10     0.209400E+10     0.208217E+10     0.180500E+10     0.179342E+10     0.215648E+10     0.214500E+10     0.213488E+10     0.183397E+10     0.178800E+10     0.170500E+10     0.170500E+10     0.170500E+10     0.170500E+10     0.170500E+10     0.170500E+10     0.170500E+10     0.170500E+10     0.170500E+10     0.170500E+10     0.170500E+10     0.170500E+10     0.170500E+10     0.170500E+10     0.170500E+10     0.170500E+10     0.170500E+10     0.170500E+10     0.170500E+10     0.100000E+21
 0.126000E+04     0.144270E+11     0.144270E+11     0.144270E+11     0.144270E+11     0.144270E+11     0.144270E+11     0.144270E+11     0.144270E+11     0.144270E+11     0.144270E+11     0.144270E+11     0.144270E+11     0.874858E+10     0.437700E+10     0.452324E+10     0.462400E+10     0.118974E+11     0.936700E+10     0.927300E+10     0.872179E+10     0.728200E+10     0.722501E+10     0.660461E+10     0.641100E+10     0.675488E+10     0.739340E+10     0.733400E+10     0.661477E+10     0.652100E+10     0.644200E+10     0.688418E+10     0.589400E+10     0.891413E+10     0.166450E+11     0.154620E+11     0.161764E+11     0.151220E+11     0.126399E+11     0.535100E+10     0.529099E+10     0.526600E+10     0.522300E+10     0.519196E+10     0.541000E+10     0.538188E+10     0.479600E+10     0.492800E+10     0.516751E+10     0.524300E+10     0.488334E+10     0.474627E+10     0.485500E+10     0.483066E+10     0.398995E+10     0.257700E+10     0.200628E+10     0.250900E+10     0.289400E+10     0.288052E+10     0.285300E+10     0.241200E+10     0.224500E+10     0.230743E+10     0.241000E+10     0.239100E+10     0.229080E+10     0.232700E+10     0.244051E+10     0.267600E+10     0.265700E+10     0.264370E+10     0.255800E+10     0.254503E+10     0.208158E+10     0.202400E+10     0.205989E+10     0.225307E+10     0.210700E+10     0.213941E+10     0.212800E+10     0.233400E+10     0.211408E+10     0.170500E+10     0.184883E+10     0.183700E+10     0.182200E+10     0.181367E+10     0.212800E+10     0.211488E+10     0.209400E+10     0.193877E+10     0.192900E+10     0.181300E+10     0.180355E+10     0.178600E+10     0.201652E+10     0.211100E+10     0.209400E+10     0.203461E+10     0.180500E+10     0.179533E+10     0.208339E+10     0.214500E+10     0.213518E+10     0.183006E+10     0.178800E+10     0.170500E+10     0.170500E+10     0.170500E+10     0.170500E+10     0.170500E+10     0.170500E+10     0.170500E+10     0.170500E+10     0.170500E+10     0.170500E+10     0.170500E+10     0.170500E+10     0.170500E+10     0.170500E+10     0.170500E+10     0.170500E+10     0.170500E+10     0.170500E+10     0.170500E+10     0.100000E+21
 0.128000E+04     0.144270E+11     0.144270E+11     0.144270E+11     0.144270E+11     0.144270E+11     0.144270E+11     0.144270E+11     0.144270E+11     0.144270E+11     0.144270E+11     0.144270E+11     0.144270E+11     0.857050E+10     0.437700E+10     0.513301E+10     0.462400E+10     0.120129E+11     0.936700E+10     0.927300E+10     0.868245E+10     0.728200E+10     0.722121E+10     0.661059E+10     0.641100E+10     0.677193E+10     0.739912E+10     0.733400E+10     0.661981E+10     0.652100E+10     0.644200E+10     0.694548E+10     0.589400E+10     0.832304E+10     0.166450E+11     0.154620E+11     0.162058E+11     0.151220E+11     0.133501E+11     0.535100E+10     0.529190E+10     0.526600E+10     0.522300E+10     0.518942E+10     0.541000E+10     0.538025E+10     0.479600E+10     0.492800E+10     0.518138E+10     0.524300E+10     0.485194E+10     0.474135E+10     0.485500E+10     0.482979E+10     0.409210E+10     0.257700E+10     0.197279E+10     0.250900E+10     0.289400E+10     0.287985E+10     0.285300E+10     0.242740E+10     0.224500E+10     0.230477E+10     0.241000E+10     0.239100E+10     0.228156E+10     0.232700E+10     0.242875E+10     0.267600E+10     0.265700E+10     0.264281E+10     0.245156E+10     0.252290E+10     0.208365E+10     0.202400E+10     0.201290E+10     0.226582E+10     0.210700E+10     0.214007E+10     0.212800E+10     0.233400E+10     0.213784E+10     0.170500E+10     0.184979E+10     0.183700E+10     0.182200E+10     0.181337E+10     0.212800E+10     0.211360E+10     0.209400E+10     0.193917E+10     0.192900E+10     0.187662E+10     0.181418E+10     0.178600E+10     0.203080E+10     0.211100E+10     0.209400E+10     0.190398E+10     0.180500E+10     0.179440E+10     0.189833E+10     0.214500E+10     0.213487E+10     0.183287E+10     0.178800E+10     0.170500E+10     0.170500E+10     0.170500E+10     0.170500E+10     0.170500E+10     0.170500E+10     0.170500E+10     0.170500E+10     0.170500E+10     0.170500E+10     0.170500E+10     0.170500E+10     0.170500E+10     0.170500E+10     0.170500E+10     0.170500E+10     0.170500E+10     0.170500E+10     0.170500E+10     0.100000E+21
 0.130000E+04     0.144270E+11     0.144270E+11     0.144270E+11     0.144270E+11     0.144270E+11     0.144270E+11     0.144270E+11     0.144270E+11     0.144270E+11     0.144270E+11     0.144270E+11     0.144270E+11     0.892405E+10     0.437700E+10     0.499475E+10     0.462400E+10     0.117738E+11     0.936700E+10     0.927300E+10     0.876893E+10     0.728200E+10     0.722977E+10     0.659872E+10     0.641100E+10     0.673614E+10     0.738657E+10     0.733400E+10     0.660907E+10     0.652100E+10     0.644200E+10     0.680935E+10     0.589400E+10     0.961810E+10     0.166450E+11     0.154620E+11     0.161458E+11     0.157498E+11     0.118772E+11     0.535100E+10     0.529007E+10     0.526600E+10     0.522300E+10     0.519494E+10     0.541000E+10     0.538379E+10     0.479600E+10     0.492800E+10     0.515144E+10     0.524300E+10     0.492213E+10     0.475153E+10     0.485500E+10     0.483155E+10     0.386018E+10     0.257700E+10     0.204628E+10     0.250900E+10     0.289400E+10     0.288127E+10     0.285300E+10     0.239481E+10     0.224500E+10     0.231000E+10     0.241000E+10     0.239100E+10     0.230111E+10     0.232700E+10     0.245346E+10     0.267600E+10     0.265700E+10     0.264476E+10     0.241000E+10     0.248997E+10     0.207949E+10     0.202400E+10     0.201389E+10     0.223731E+10     0.210700E+10     0.213864E+10     0.212800E+10     0.233400E+10     0.208632E+10     0.170500E+10     0.184769E+10     0.183700E+10     0.182200E+10     0.181398E+10     0.212800E+10     0.211625E+10     0.209400E+10     0.193835E+10     0.192900E+10     0.191300E+10     0.183832E+10     0.178600E+10     0.199910E+10     0.211100E+10     0.209400E+10     0.192463E+10     0.180500E+10     0.179644E+10     0.192279E+10     0.214500E+10     0.213547E+10     0.191495E+10     0.178800E+10     0.170500E+10     0.170500E+10     0.170500E+10     0.170500E+10     0.170500E+10     0.170500E+10     0.170500E+10     0.170500E+10     0.170500E+10     0.170500E+10     0.170500E+10     0.170500E+10     0.170500E+10     0.170500E+10     0.170500E+10     0.170500E+10     0.170500E+10     0.170500E+10     0.170500E+10     0.100000E+21
 0.132000E+04     0.144270E+11     0.144270E+11     0.144270E+11     0.144270E+11     0.144270E+11     0.144270E+11     0.144270E+11     0.144270E+11     0.144270E+11     0.144270E+11     0.144270E+11     0.144270E+11     0.879077E+10     0.437700E+10     0.454617E+10     0.462400E+10     0.118668E+11     0.936700E+10     0.927300E+10     0.873461E+10     0.728200E+10     0.722630E+10     0.660319E+10     0.641100E+10     0.675019E+10     0.739137E+10     0.733400E+10     0.661332E+10     0.652100E+10     0.644200E+10     0.686442E+10     0.589400E+10     0.910921E+10     0.166450E+11     0.154620E+11     0.161689E+11     0.162850E+11     0.136751E+11     0.116145E+11     0.529076E+10     0.526600E+10     0.522300E+10     0.519280E+10     0.541000E+10     0.538237E+10     0.479600E+10     0.492800E+10     0.516337E+10     0.524300E+10     0.489460E+10     0.474757E+10     0.485500E+10     0.483088E+10     0.395403E+10     0.257700E+10     0.201696E+10     0.250900E+10     0.289400E+10     0.288071E+10     0.285300E+10     0.240701E+10     0.224500E+10     0.230805E+10     0.241000E+10     0.239100E+10     0.229380E+10     0.232700E+10     0.244375E+10     0.267600E+10     0.265700E+10     0.264398E+10     0.241000E+10     0.249582E+10     0.208107E+10     0.202400E+10     0.201350E+10     0.224849E+10     0.210700E+10     0.205338E+10     0.212800E+10     0.219586E+10     0.222290E+10     0.211903E+10     0.184851E+10     0.183700E+10     0.182200E+10     0.181375E+10     0.212800E+10     0.211528E+10     0.209400E+10     0.193867E+10     0.192900E+10     0.191300E+10     0.183291E+10     0.178600E+10     0.201192E+10     0.211100E+10     0.209400E+10     0.191645E+10     0.180500E+10     0.179566E+10     0.191319E+10     0.214500E+10     0.213525E+10     0.200219E+10     0.178800E+10     0.170500E+10     0.170500E+10     0.170500E+10     0.170500E+10     0.170500E+10     0.170500E+10     0.170500E+10     0.170500E+10     0.170500E+10     0.170500E+10     0.170500E+10     0.170500E+10     0.170500E+10     0.170500E+10     0.170500E+10     0.170500E+10     0.170500E+10     0.170500E+10     0.170500E+10     0.100000E+21
 0.134000E+04     0.144270E+11     0.144270E+11     0.144270E+11     0.144270E+11     0.144270E+11     0.144270E+11     0.144270E+11     0.144270E+11     0.144270E+11     0.144270E+11     0.144270E+11     0.144270E+11     0.856856E+10     0.437700E+10     0.437700E+10     0.462400E+10     0.120153E+11     0.936700E+10     0.927300E+10     0.867995E+10     0.728200E+10     0.722098E+10     0.661066E+10     0.641100E+10     0.677236E+10     0.739982E+10     0.733400E+10     0.661997E+10     0.652100E+10     0.644200E+10     0.646970E+10     0.589400E+10     0.827900E+10     0.166450E+11     0.154620E+11     0.162063E+11     0.162850E+11     0.147462E+11     0.144670E+11     0.529191E+10     0.526600E+10     0.522300E+10     0.518920E+10     0.541000E+10     0.538018E+10     0.479600E+10     0.492800E+10     0.518190E+10     0.524300E+10     0.484860E+10     0.474125E+10     0.485500E+10     0.482977E+10     0.409978E+10     0.257700E+10     0.197099E+10     0.250900E+10     0.289400E+10     0.287983E+10     0.285300E+10     0.242909E+10     0.224500E+10     0.230475E+10     0.241000E+10     0.239100E+10     0.242224E+10     0.232700E+10     0.242845E+10     0.267600E+10     0.265700E+10     0.264276E+10     0.241000E+10     0.250490E+10     0.208368E+10     0.202400E+10     0.201289E+10     0.226718E+10     0.210700E+10     0.200710E+10     0.212800E+10     0.211100E+10     0.231078E+10     0.229800E+10     0.184988E+10     0.183700E+10     0.182200E+10     0.181336E+10     0.212800E+10     0.211344E+10     0.209400E+10     0.193918E+10     0.192900E+10     0.191300E+10     0.182409E+10     0.178600E+10     0.203150E+10     0.211100E+10     0.209400E+10     0.190368E+10     0.180500E+10     0.179429E+10     0.189804E+10     0.214500E+10     0.213487E+10     0.202263E+10     0.178800E+10     0.170500E+10     0.170500E+10     0.170500E+10     0.170500E+10     0.170500E+10     0.170500E+10     0.170500E+10     0.170500E+10     0.170500E+10     0.170500E+10     0.170500E+10     0.170500E+10     0.170500E+10     0.170500E+10     0.170500E+10     0.170500E+10     0.170500E+10     0.170500E+10     0.170500E+10     0.100000E+21
 0.136000E+04     0.144270E+11     0.144270E+11     0.144270E+11     0.144270E+11     0.144270E+11     0.144270E+11     0.144270E+11     0.144270E+11     0.144270E+11     0.144270E+11     0.144270E+11     0.144270E+11     0.863858E+10     0.437700E+10     0.437700E+10     0.462400E+10     0.119801E+11     0.936700E+10     0.927300E+10     0.868058E+10     0.728200E+10     0.722097E+10     0.660829E+10     0.641100E+10     0.676777E+10     0.740152E+10     0.733400E+10     0.661883E+10     0.652100E+10     0.644200E+10     0.622978E+10     0.589400E+10     0.825602E+10     0.166450E+11     0.154620E+11     0.161963E+11     0.162850E+11     0.147518E+11     0.144670E+11     0.529157E+10     0.526600E+10     0.522300E+10     0.518897E+10     0.600100E+10     0.555569E+10     0.479600E+10     0.492800E+10     0.517944E+10     0.524300E+10     0.484128E+10     0.474277E+10     0.485500E+10     0.483010E+10     0.410839E+10     0.257700E+10     0.254555E+10     0.250900E+10     0.289400E+10     0.288001E+10     0.285300E+10     0.243189E+10     0.224500E+10     0.230585E+10     0.241000E+10     0.239100E+10     0.246491E+10     0.232700E+10     0.243157E+10     0.267600E+10     0.265700E+10     0.264283E+10     0.241000E+10     0.250543E+10     0.208291E+10     0.202400E+10     0.201303E+10     0.209930E+10     0.210700E+10     0.200827E+10     0.212800E+10     0.211100E+10     0.231066E+10     0.229800E+10     0.184997E+10     0.183700E+10     0.182200E+10     0.181348E+10     0.212800E+10     0.211315E+10     0.209400E+10     0.193904E+10     0.192900E+10     0.191300E+10     0.182385E+10     0.178600E+10     0.203033E+10     0.211100E+10     0.209400E+10     0.190587E+10     0.180500E+10     0.179401E+10     0.215629E+10     0.214500E+10     0.213499E+10     0.202266E+10     0.178800E+10     0.170500E+10     0.170500E+10     0.170500E+10     0.170500E+10     0.170500E+10     0.170500E+10     0.170500E+10     0.170500E+10     0.170500E+10     0.170500E+10     0.170500E+10     0.170500E+10     0.170500E+10     0.170500E+10     0.170500E+10     0.170500E+10     0.170500E+10     0.170500E+10     0.170500E+10     0.100000E+21
 0.138000E+04     0.144270E+11     0.144270E+11     0.144270E+11     0.144270E+11     0.144270E+11     0.144270E+11     0.144270E+11     0.144270E+11     0.144270E+11     0.144270E+11     0.144270E+11     0.144270E+11     0.858957E+10     0.437700E+10     0.437700E+10     0.462400E+10     0.119922E+11     0.936700E+10     0.927300E+10     0.870022E+10     0.728200E+10     0.722292E+10     0.660996E+10     0.641100E+10     0.676836E+10     0.739488E+10     0.733400E+10     0.661856E+10     0.652100E+10     0.644200E+10     0.643317E+10     0.663259E+10     0.862303E+10     0.166450E+11     0.154620E+11     0.162014E+11     0.162850E+11     0.147266E+11     0.144670E+11     0.529178E+10     0.526600E+10     0.522300E+10     0.519084E+10     0.600100E+10     0.556000E+10     0.479600E+10     0.492800E+10     0.517732E+10     0.524300E+10     0.487321E+10     0.474222E+10     0.485500E+10     0.482989E+10     0.403826E+10     0.257700E+10     0.254469E+10     0.250900E+10     0.289400E+10     0.288000E+10     0.285300E+10     0.243934E+10     0.235009E+10     0.230502E+10     0.241000E+10     0.239100E+10     0.245921E+10     0.228215E+10     0.243125E+10     0.267600E+10     0.265700E+10     0.264316E+10     0.241000E+10     0.250106E+10     0.208340E+10     0.202400E+10     0.201298E+10     0.209992E+10     0.210700E+10     0.200928E+10     0.212800E+10     0.211100E+10     0.231054E+10     0.229800E+10     0.184925E+10     0.183700E+10     0.182200E+10     0.192024E+10     0.212800E+10     0.211446E+10     0.209400E+10     0.193911E+10     0.192900E+10     0.191300E+10     0.182775E+10     0.178600E+10     0.202548E+10     0.211100E+10     0.209400E+10     0.190639E+10     0.180500E+10     0.179509E+10     0.215631E+10     0.214500E+10     0.213490E+10     0.201519E+10     0.178800E+10     0.170500E+10     0.170500E+10     0.170500E+10     0.170500E+10     0.170500E+10     0.170500E+10     0.170500E+10     0.170500E+10     0.170500E+10     0.170500E+10     0.170500E+10     0.170500E+10     0.170500E+10     0.170500E+10     0.170500E+10     0.170500E+10     0.170500E+10     0.170500E+10     0.170500E+10     0.100000E+21
 0.140000E+04     0.144270E+11     0.144270E+11     0.144270E+11     0.144270E+11     0.144270E+11     0.144270E+11     0.144270E+11     0.144270E+11     0.144270E+11     0.144270E+11     0.144270E+11     0.144270E+11     0.891865E+10     0.437700E+10     0.437700E+10     0.462400E+10     0.117775E+11     0.936700E+10     0.927300E+10     0.876768E+10     0.728200E+10     0.722965E+10     0.659890E+10     0.641100E+10     0.673669E+10     0.738673E+10     0.733400E+10     0.660924E+10     0.652100E+10     0.644200E+10     0.670832E+10     0.728100E+10     0.959975E+10     0.166450E+11     0.154620E+11     0.161468E+11     0.162850E+11     0.146930E+11     0.144670E+11     0.529010E+10     0.526600E+10     0.522300E+10     0.519486E+10     0.600100E+10     0.560514E+10     0.479600E+10     0.492800E+10     0.515190E+10     0.524300E+10     0.492118E+10     0.471032E+10     0.476014E+10     0.478836E+10     0.386355E+10     0.257700E+10     0.254065E+10     0.250900E+10     0.289400E+10     0.288124E+10     0.285300E+10     0.245897E+10     0.244600E+10     0.230992E+10     0.241000E+10     0.239100E+10     0.245041E+10     0.224200E+10     0.238088E+10     0.249676E+10     0.265700E+10     0.264473E+10     0.250310E+10     0.252783E+10     0.207955E+10     0.202400E+10     0.201388E+10     0.210789E+10     0.219406E+10     0.202138E+10     0.212800E+10     0.211100E+10     0.230926E+10     0.229800E+10     0.184772E+10     0.183700E+10     0.182200E+10     0.200731E+10     0.212800E+10     0.211622E+10     0.209400E+10     0.193836E+10     0.192900E+10     0.191300E+10     0.183813E+10     0.178600E+10     0.199958E+10     0.211100E+10     0.209400E+10     0.192431E+10     0.180500E+10     0.179642E+10     0.215531E+10     0.214500E+10     0.213546E+10     0.198931E+10     0.178800E+10     0.170500E+10     0.170500E+10     0.170500E+10     0.170500E+10     0.170500E+10     0.170500E+10     0.170500E+10     0.170500E+10     0.170500E+10     0.170500E+10     0.170500E+10     0.170500E+10     0.170500E+10     0.170500E+10     0.170500E+10     0.170500E+10     0.170500E+10     0.170500E+10     0.170500E+10     0.100000E+21
 0.142000E+04     0.144270E+11     0.144270E+11     0.144270E+11     0.144270E+11     0.144270E+11     0.144270E+11     0.144270E+11     0.144270E+11     0.144270E+11     0.144270E+11     0.144270E+11     0.144270E+11     0.889001E+10     0.437700E+10     0.477230E+10     0.990349E+10     0.117971E+11     0.936700E+10     0.927300E+10     0.876086E+10     0.728200E+10     0.722896E+10     0.659986E+10     0.641100E+10     0.673963E+10     0.738763E+10     0.733400E+10     0.664869E+10     0.652100E+10     0.644200E+10     0.670138E+10     0.728100E+10     0.949984E+10     0.166450E+11     0.154620E+11     0.161517E+11     0.162850E+11     0.146965E+11     0.144670E+11     0.529024E+10     0.526600E+10     0.522300E+10     0.519444E+10     0.548169E+10     0.543006E+10     0.479600E+10     0.492800E+10     0.515435E+10     0.524300E+10     0.510327E+10     0.466541E+10     0.464200E+10     0.474111E+10     0.388194E+10     0.257700E+10     0.254105E+10     0.250900E+10     0.289400E+10     0.288113E+10     0.285300E+10     0.245918E+10     0.244600E+10     0.230950E+10     0.241000E+10     0.239100E+10     0.245133E+10     0.224200E+10     0.230203E+10     0.229100E+10     0.265700E+10     0.264457E+10     0.261900E+10     0.256857E+10     0.207989E+10     0.202400E+10     0.201379E+10     0.210715E+10     0.230200E+10     0.202022E+10     0.212800E+10     0.211100E+10     0.230938E+10     0.229800E+10     0.202864E+10     0.183700E+10     0.182200E+10     0.200845E+10     0.212800E+10     0.211603E+10     0.209400E+10     0.193843E+10     0.192900E+10     0.191300E+10     0.183707E+10     0.178600E+10     0.200217E+10     0.211100E+10     0.209400E+10     0.192262E+10     0.180500E+10     0.179627E+10     0.215540E+10     0.214500E+10     0.213542E+10     0.199197E+10     0.178800E+10     0.170500E+10     0.170500E+10     0.170500E+10     0.170500E+10     0.170500E+10     0.170500E+10     0.170500E+10     0.170500E+10     0.170500E+10     0.170500E+10     0.170500E+10     0.170500E+10     0.170500E+10     0.170500E+10     0.170500E+10     0.170500E+10     0.170500E+10     0.170500E+10     0.170500E+10     0.100000E+21
 0.144000E+04     0.144270E+11     0.144270E+11     0.144270E+11     0.144270E+11     0.144270E+11     0.144270E+11     0.144270E+11     0.144270E+11     0.144270E+11     0.144270E+11     0.144270E+11     0.144270E+11     0.858867E+10     0.437700E+10     0.509031E+10     0.134080E+11     0.119932E+11     0.936700E+10     0.927300E+10     0.869953E+10     0.728200E+10     0.722285E+10     0.660999E+10     0.641100E+10     0.676851E+10     0.739502E+10     0.733400E+10     0.668892E+10     0.652100E+10     0.644200E+10     0.663829E+10     0.728100E+10     0.861167E+10     0.166450E+11     0.154620E+11     0.162016E+11     0.162850E+11     0.147271E+11     0.144670E+11     0.529179E+10     0.526600E+10     0.522300E+10     0.519079E+10     0.513900E+10     0.529865E+10     0.479600E+10     0.492800E+10     0.517749E+10     0.524300E+10     0.521319E+10     0.466729E+10     0.464200E+10     0.474734E+10     0.408971E+10     0.257700E+10     0.254472E+10     0.250900E+10     0.289400E+10     0.287999E+10     0.285300E+10     0.246093E+10     0.244600E+10     0.230501E+10     0.241000E+10     0.239100E+10     0.241280E+10     0.224200E+10     0.230301E+10     0.229100E+10     0.265700E+10     0.264315E+10     0.261900E+10     0.256245E+10     0.209921E+10     0.206805E+10     0.202728E+10     0.208123E+10     0.230200E+10     0.200920E+10     0.212800E+10     0.211100E+10     0.231055E+10     0.229800E+10     0.217676E+10     0.183700E+10     0.182200E+10     0.202032E+10     0.212800E+10     0.211444E+10     0.209400E+10     0.193911E+10     0.192900E+10     0.191300E+10     0.182763E+10     0.178600E+10     0.202570E+10     0.211100E+10     0.209400E+10     0.190628E+10     0.180500E+10     0.179507E+10     0.215632E+10     0.214500E+10     0.213490E+10     0.201545E+10     0.178800E+10     0.170500E+10     0.170500E+10     0.170500E+10     0.170500E+10     0.170500E+10     0.170500E+10     0.170500E+10     0.170500E+10     0.170500E+10     0.170500E+10     0.170500E+10     0.170500E+10     0.170500E+10     0.170500E+10     0.170500E+10     0.170500E+10     0.170500E+10     0.170500E+10     0.170500E+10     0.100000E+21
 0.146000E+04     0.144270E+11     0.144270E+11     0.144270E+11     0.144270E+11     0.144270E+11     0.144270E+11     0.144270E+11     0.144270E+11     0.144270E+11     0.144270E+11     0.144270E+11     0.144270E+11     0.860862E+10     0.437700E+10     0.521045E+10     0.134080E+11     0.120033E+11     0.936700E+10     0.927300E+10     0.912392E+10     0.728200E+10     0.721965E+10     0.660930E+10     0.641100E+10     0.677144E+10     0.740544E+10     0.733400E+10     0.669133E+10     0.652100E+10     0.644200E+10     0.661433E+10     0.728100E+10     0.801630E+10     0.166450E+11     0.154620E+11     0.162018E+11     0.162850E+11     0.147762E+11     0.144670E+11     0.529174E+10     0.526600E+10     0.522300E+10     0.518777E+10     0.513900E+10     0.530243E+10     0.479600E+10     0.492800E+10     0.518300E+10     0.524300E+10     0.520925E+10     0.466738E+10     0.464200E+10     0.474711E+10     0.424623E+10     0.257700E+10     0.254627E+10     0.250900E+10     0.261761E+10     0.279735E+10     0.285300E+10     0.246304E+10     0.244600E+10     0.224967E+10     0.227118E+10     0.239100E+10     0.237485E+10     0.224200E+10     0.230311E+10     0.229100E+10     0.265700E+10     0.264255E+10     0.261900E+10     0.246149E+10     0.211439E+10     0.210400E+10     0.204088E+10     0.205212E+10     0.230200E+10     0.208351E+10     0.212800E+10     0.211100E+10     0.218234E+10     0.229800E+10     0.220860E+10     0.183700E+10     0.182200E+10     0.201992E+10     0.212800E+10     0.211188E+10     0.209400E+10     0.193912E+10     0.192900E+10     0.191300E+10     0.182130E+10     0.178600E+10     0.203464E+10     0.211100E+10     0.209400E+10     0.190360E+10     0.180500E+10     0.179337E+10     0.215641E+10     0.214500E+10     0.213494E+10     0.202775E+10     0.178800E+10     0.170500E+10     0.170500E+10     0.170500E+10     0.170500E+10     0.170500E+10     0.170500E+10     0.170500E+10     0.170500E+10     0.170500E+10     0.170500E+10     0.170500E+10     0.170500E+10     0.170500E+10     0.170500E+10     0.170500E+10     0.170500E+10     0.170500E+10     0.170500E+10     0.170500E+10     0.100000E+21
 0.148000E+04     0.144270E+11     0.144270E+11     0.144270E+11     0.144270E+11     0.144270E+11     0.144270E+11     0.144270E+11     0.144270E+11     0.144270E+11     0.144270E+11     0.144270E+11     0.144270E+11     0.857975E+10     0.437700E+10     0.510725E+10     0.134080E+11     0.120025E+11     0.936700E+10     0.927300E+10     0.920226E+10     0.728200E+10     0.722212E+10     0.661029E+10     0.641100E+10     0.677011E+10     0.739670E+10     0.733400E+10     0.668987E+10     0.652100E+10     0.644200E+10     0.628189E+10     0.728100E+10     0.848737E+10     0.166450E+11     0.154620E+11     0.152503E+11     0.162850E+11     0.147334E+11     0.144670E+11     0.529184E+10     0.526600E+10     0.522300E+10     0.519021E+10     0.600100E+10     0.555644E+10     0.479600E+10     0.492800E+10     0.517927E+10     0.524300E+10     0.521249E+10     0.466738E+10     0.464200E+10     0.474755E+10     0.415409E+10     0.257700E+10     0.254511E+10     0.250900E+10     0.249100E+10     0.274703E+10     0.285300E+10     0.275682E+10     0.244600E+10     0.222040E+10     0.221000E+10     0.239100E+10     0.237654E+10     0.224200E+10     0.230306E+10     0.229100E+10     0.265700E+10     0.264300E+10     0.261900E+10     0.245533E+10     0.211443E+10     0.210400E+10     0.204089E+10     0.201536E+10     0.208000E+10     0.204687E+10     0.194200E+10     0.211100E+10     0.215473E+10     0.229800E+10     0.218286E+10     0.183700E+10     0.182200E+10     0.202073E+10     0.212800E+10     0.211411E+10     0.209400E+10     0.193914E+10     0.192900E+10     0.191300E+10     0.182631E+10     0.178600E+10     0.202800E+10     0.211100E+10     0.209400E+10     0.190522E+10     0.180500E+10     0.179479E+10     0.215637E+10     0.214500E+10     0.213489E+10     0.201824E+10     0.178800E+10     0.170500E+10     0.170500E+10     0.170500E+10     0.170500E+10     0.170500E+10     0.170500E+10     0.170500E+10     0.170500E+10     0.170500E+10     0.170500E+10     0.170500E+10     0.170500E+10     0.170500E+10     0.170500E+10     0.170500E+10     0.170500E+10     0.170500E+10     0.170500E+10     0.170500E+10     0.100000E+21
 0.150000E+04     0.144270E+11     0.144270E+11     0.144270E+11     0.144270E+11     0.144270E+11     0.144270E+11     0.144270E+11     0.144270E+11     0.144270E+11     0.144270E+11     0.144270E+11     0.144270E+11     0.884618E+10     0.437700E+10     0.502235E+10     0.134080E+11     0.118275E+11     0.936700E+10     0.927300E+10     0.920930E+10     0.728200E+10     0.722784E+10     0.660133E+10     0.641100E+10     0.674422E+10     0.738914E+10     0.733400E+10     0.667669E+10     0.652100E+10     0.644200E+10     0.637138E+10     0.728100E+10     0.929374E+10     0.166450E+11     0.154620E+11     0.152630E+11     0.162850E+11     0.147024E+11     0.144670E+11     0.529047E+10     0.526600E+10     0.522300E+10     0.519376E+10     0.600100E+10     0.559384E+10     0.479600E+10     0.492800E+10     0.506887E+10     0.524300E+10     0.521598E+10     0.466570E+10     0.464200E+10     0.474203E+10     0.399389E+10     0.257700E+10     0.254170E+10     0.250900E+10     0.249100E+10     0.272844E+10     0.285300E+10     0.272118E+10     0.244600E+10     0.222000E+10     0.221000E+10     0.239100E+10     0.237820E+10     0.231945E+10     0.230219E+10     0.229100E+10     0.265700E+10     0.264432E+10     0.261900E+10     0.247196E+10     0.220170E+10     0.210400E+10     0.204504E+10     0.202275E+10     0.208000E+10     0.203809E+10     0.194200E+10     0.211100E+10     0.216678E+10     0.229800E+10     0.214538E+10     0.183700E+10     0.182200E+10     0.193600E+10     0.212800E+10     0.211573E+10     0.209400E+10     0.193853E+10     0.192900E+10     0.191300E+10     0.183534E+10     0.178600E+10     0.200632E+10     0.211100E+10     0.209400E+10     0.191995E+10     0.180500E+10     0.179602E+10     0.215555E+10     0.214500E+10     0.213534E+10     0.199627E+10     0.178800E+10     0.170500E+10     0.170500E+10     0.170500E+10     0.170500E+10     0.170500E+10     0.170500E+10     0.170500E+10     0.170500E+10     0.170500E+10     0.170500E+10     0.170500E+10     0.170500E+10     0.170500E+10     0.170500E+10     0.170500E+10     0.170500E+10     0.170500E+10     0.170500E+10     0.170500E+10     0.100000E+21
 0.152000E+04     0.144270E+11     0.144270E+11     0.144270E+11     0.144270E+11     0.144270E+11     0.144270E+11     0.144270E+11     0.144270E+11     0.144270E+11     0.144270E+11     0.144270E+11     0.144270E+11     0.893021E+10     0.437700E+10     0.499276E+10     0.895244E+10     0.117696E+11     0.936700E+10     0.927300E+10     0.921180E+10     0.728200E+10     0.722992E+10     0.659851E+10     0.641100E+10     0.673552E+10     0.738638E+10     0.733400E+10     0.667219E+10     0.652100E+10     0.644200E+10     0.640340E+10     0.728100E+10     0.951166E+10     0.166450E+11     0.154620E+11     0.152671E+11     0.162850E+11     0.146916E+11     0.144670E+11     0.529004E+10     0.526600E+10     0.522300E+10     0.519502E+10     0.600100E+10     0.560687E+10     0.479600E+10     0.484024E+10     0.486974E+10     0.524300E+10     0.521727E+10     0.466515E+10     0.464200E+10     0.474027E+10     0.393487E+10     0.257700E+10     0.254049E+10     0.250900E+10     0.249100E+10     0.272218E+10     0.285300E+10     0.270869E+10     0.244600E+10     0.221988E+10     0.221000E+10     0.239100E+10     0.237878E+10     0.246200E+10     0.230189E+10     0.229100E+10     0.265700E+10     0.264479E+10     0.261900E+10     0.247808E+10     0.234167E+10     0.210400E+10     0.204642E+10     0.202548E+10     0.208000E+10     0.209621E+10     0.194200E+10     0.211100E+10     0.217098E+10     0.229800E+10     0.213210E+10     0.183700E+10     0.182200E+10     0.181399E+10     0.212800E+10     0.211629E+10     0.209400E+10     0.193834E+10     0.192900E+10     0.191300E+10     0.183854E+10     0.178600E+10     0.199856E+10     0.211100E+10     0.209400E+10     0.192499E+10     0.180500E+10     0.179647E+10     0.215527E+10     0.214500E+10     0.213548E+10     0.198826E+10     0.178800E+10     0.170500E+10     0.170500E+10     0.170500E+10     0.170500E+10     0.170500E+10     0.170500E+10     0.170500E+10     0.170500E+10     0.170500E+10     0.170500E+10     0.170500E+10     0.170500E+10     0.170500E+10     0.170500E+10     0.170500E+10     0.170500E+10     0.170500E+10     0.170500E+10     0.170500E+10     0.100000E+21
 0.154000E+04     0.144270E+11     0.144270E+11     0.144270E+11     0.144270E+11     0.144270E+11     0.144270E+11     0.144270E+11     0.144270E+11     0.144270E+11     0.144270E+11     0.144270E+11     0.144270E+11     0.858189E+10     0.437700E+10     0.510271E+10     0.462400E+10     0.120002E+11     0.936700E+10     0.927300E+10     0.920249E+10     0.728200E+10     0.722231E+10     0.661022E+10     0.641100E+10     0.676972E+10     0.739625E+10     0.733400E+10     0.668964E+10     0.652100E+10     0.644200E+10     0.628427E+10     0.728100E+10     0.837196E+10     0.166450E+11     0.154620E+11     0.152504E+11     0.162850E+11     0.147317E+11     0.144670E+11     0.529183E+10     0.526600E+10     0.522300E+10     0.519036E+10     0.600100E+10     0.555726E+10     0.479600E+10     0.475500E+10     0.484774E+10     0.524300E+10     0.521268E+10     0.466735E+10     0.464200E+10     0.474750E+10     0.472670E+10     0.460800E+10     0.235472E+10     0.179100E+10     0.249100E+10     0.274674E+10     0.285300E+10     0.275502E+10     0.244600E+10     0.222039E+10     0.221000E+10     0.239100E+10     0.237663E+10     0.246200E+10     0.230305E+10     0.229100E+10     0.265700E+10     0.264304E+10     0.261900E+10     0.245597E+10     0.235917E+10     0.210400E+10     0.204094E+10     0.198655E+10     0.197500E+10     0.218228E+10     0.194200E+10     0.211100E+10     0.215499E+10     0.229800E+10     0.218127E+10     0.183700E+10     0.182200E+10     0.181339E+10     0.212800E+10     0.211420E+10     0.209400E+10     0.193913E+10     0.192900E+10     0.191300E+10     0.182665E+10     0.178600E+10     0.202742E+10     0.211100E+10     0.209400E+10     0.190548E+10     0.180500E+10     0.179487E+10     0.215636E+10     0.214500E+10     0.213489E+10     0.201753E+10     0.178800E+10     0.170500E+10     0.170500E+10     0.170500E+10     0.170500E+10     0.170500E+10     0.170500E+10     0.170500E+10     0.170500E+10     0.170500E+10     0.170500E+10     0.170500E+10     0.170500E+10     0.170500E+10     0.170500E+10     0.170500E+10     0.170500E+10     0.170500E+10     0.170500E+10     0.170500E+10     0.100000E+21
 0.156000E+04     0.144270E+11     0.144270E+11     0.144270E+11     0.144270E+11     0.144270E+11     0.144270E+11     0.144270E+11     0.144270E+11     0.144270E+11     0.144270E+11     0.144270E+11     0.144270E+11     0.868859E+10     0.437700E+10     0.510550E+10     0.462400E+10     0.119419E+11     0.936700E+10     0.927300E+10     0.920336E+10     0.728200E+10     0.722295E+10     0.660662E+10     0.641100E+10     0.676178E+10     0.739708E+10     0.733400E+10     0.668602E+10     0.652100E+10     0.644200E+10     0.629969E+10     0.728100E+10     0.844383E+10     0.166450E+11     0.154620E+11     0.152550E+11     0.162850E+11     0.147330E+11     0.144670E+11     0.529131E+10     0.526600E+10     0.522300E+10     0.519052E+10     0.532746E+10     0.540532E+10     0.479600E+10     0.475500E+10     0.484588E+10     0.524300E+10     0.521247E+10     0.466679E+10     0.464200E+10     0.474539E+10     0.472604E+10     0.460800E+10     0.234604E+10     0.179100E+10     0.249100E+10     0.274110E+10     0.285300E+10     0.275554E+10     0.244600E+10     0.222023E+10     0.221000E+10     0.239100E+10     0.237660E+10     0.246200E+10     0.230278E+10     0.229100E+10     0.265700E+10     0.264325E+10     0.261900E+10     0.245687E+10     0.235405E+10     0.210400E+10     0.204233E+10     0.198663E+10     0.197500E+10     0.220189E+10     0.204474E+10     0.211100E+10     0.215777E+10     0.229800E+10     0.217956E+10     0.183700E+10     0.182200E+10     0.181356E+10     0.212800E+10     0.211413E+10     0.209400E+10     0.193892E+10     0.192900E+10     0.191300E+10     0.182740E+10     0.178600E+10     0.202368E+10     0.211100E+10     0.209400E+10     0.190952E+10     0.180500E+10     0.179473E+10     0.215610E+10     0.214500E+10     0.213507E+10     0.201505E+10     0.178800E+10     0.170500E+10     0.170500E+10     0.170500E+10     0.170500E+10     0.170500E+10     0.170500E+10     0.170500E+10     0.170500E+10     0.170500E+10     0.170500E+10     0.170500E+10     0.170500E+10     0.170500E+10     0.170500E+10     0.170500E+10     0.170500E+10     0.170500E+10     0.170500E+10     0.170500E+10     0.100000E+21
 0.158000E+04     0.144270E+11     0.144270E+11     0.144270E+11     0.144270E+11     0.144270E+11     0.144270E+11     0.144270E+11     0.144270E+11     0.144270E+11     0.144270E+11     0.144270E+11     0.144270E+11     0.856410E+10     0.437700E+10     0.519086E+10     0.462400E+10     0.120235E+11     0.936700E+10     0.927300E+10     0.919941E+10     0.728200E+10     0.721995E+10     0.661080E+10     0.641100E+10     0.635761E+10     0.740364E+10     0.733400E+10     0.669228E+10     0.652100E+10     0.644200E+10     0.625504E+10     0.728100E+10     0.791563E+10     0.166450E+11     0.154620E+11     0.152491E+11     0.162850E+11     0.147670E+11     0.144670E+11     0.529194E+10     0.526600E+10     0.522300E+10     0.518811E+10     0.513900E+10     0.530297E+10     0.479600E+10     0.475500E+10     0.484965E+10     0.524300E+10     0.520991E+10     0.466757E+10     0.464200E+10     0.474796E+10     0.473294E+10     0.460800E+10     0.237411E+10     0.179100E+10     0.249100E+10     0.274983E+10     0.285300E+10     0.278698E+10     0.244600E+10     0.233612E+10     0.221000E+10     0.239100E+10     0.237514E+10     0.246200E+10     0.224560E+10     0.229100E+10     0.227300E+10     0.255049E+10     0.261900E+10     0.244739E+10     0.236028E+10     0.210400E+10     0.204040E+10     0.198761E+10     0.197500E+10     0.222459E+10     0.207400E+10     0.211100E+10     0.215193E+10     0.229800E+10     0.220500E+10     0.183700E+10     0.182200E+10     0.181335E+10     0.212800E+10     0.211236E+10     0.209400E+10     0.193920E+10     0.192900E+10     0.191300E+10     0.182188E+10     0.178600E+10     0.203450E+10     0.211100E+10     0.209400E+10     0.190252E+10     0.180500E+10     0.179366E+10     0.215649E+10     0.214500E+10     0.213486E+10     0.202660E+10     0.178800E+10     0.170500E+10     0.170500E+10     0.170500E+10     0.170500E+10     0.170500E+10     0.170500E+10     0.170500E+10     0.170500E+10     0.170500E+10     0.170500E+10     0.170500E+10     0.170500E+10     0.170500E+10     0.170500E+10     0.170500E+10     0.170500E+10     0.170500E+10     0.170500E+10     0.170500E+10     0.100000E+21
 0.160000E+04     0.144270E+11     0.144270E+11     0.144270E+11     0.144270E+11     0.144270E+11     0.144270E+11     0.144270E+11     0.144270E+11     0.144270E+11     0.144270E+11     0.144270E+11     0.144270E+11     0.872188E+10     0.437700E+10     0.507819E+10     0.462400E+10     0.119155E+11     0.936700E+10     0.927300E+10     0.920505E+10     0.728200E+10     0.722436E+10     0.660550E+10     0.641100E+10     0.636001E+10     0.739437E+10     0.733400E+10     0.668372E+10     0.652100E+10     0.644200E+10     0.631932E+10     0.728100E+10     0.866855E+10     0.166450E+11     0.154620E+11     0.152568E+11     0.162850E+11     0.147228E+11     0.144670E+11     0.529113E+10     0.526600E+10     0.522300E+10     0.519151E+10     0.513900E+10     0.529380E+10     0.479600E+10     0.475500E+10     0.484441E+10     0.524300E+10     0.521363E+10     0.466654E+10     0.464200E+10     0.474466E+10     0.472272E+10     0.460800E+10     0.233416E+10     0.179100E+10     0.249100E+10     0.273807E+10     0.285300E+10     0.274445E+10     0.244600E+10     0.233333E+10     0.221000E+10     0.239100E+10     0.237712E+10     0.246200E+10     0.224767E+10     0.229100E+10     0.227300E+10     0.253148E+10     0.261900E+10     0.246143E+10     0.235229E+10     0.210400E+10     0.204296E+10     0.198619E+10     0.197500E+10     0.221624E+10     0.207400E+10     0.211100E+10     0.216010E+10     0.229800E+10     0.216912E+10     0.183700E+10     0.182200E+10     0.181362E+10     0.212800E+10     0.211466E+10     0.209400E+10     0.193883E+10     0.192900E+10     0.191300E+10     0.182974E+10     0.178600E+10     0.201893E+10     0.211100E+10     0.209400E+10     0.191210E+10     0.180500E+10     0.179517E+10     0.215597E+10     0.214500E+10     0.213513E+10     0.200964E+10     0.178800E+10     0.170500E+10     0.170500E+10     0.170500E+10     0.170500E+10     0.170500E+10     0.170500E+10     0.170500E+10     0.170500E+10     0.170500E+10     0.170500E+10     0.170500E+10     0.170500E+10     0.170500E+10     0.170500E+10     0.170500E+10     0.170500E+10     0.170500E+10     0.170500E+10     0.170500E+10     0.100000E+21
 0.162000E+04     0.144270E+11     0.144270E+11     0.144270E+11     0.144270E+11     0.144270E+11     0.144270E+11     0.144270E+11     0.144270E+11     0.144270E+11     0.144270E+11     0.144270E+11     0.144270E+11     0.890051E+10     0.437700E+10     0.500259E+10     0.462400E+10     0.117899E+11     0.936700E+10     0.927300E+10     0.921095E+10     0.840900E+10     0.764798E+10     0.672342E+10     0.666645E+10     0.647510E+10     0.738729E+10     0.733400E+10     0.667375E+10     0.652100E+10     0.644200E+10     0.639245E+10     0.728100E+10     0.940801E+10     0.166450E+11     0.154620E+11     0.152656E+11     0.162850E+11     0.146952E+11     0.144670E+11     0.529019E+10     0.526600E+10     0.522300E+10     0.519460E+10     0.513900E+10     0.528321E+10     0.532500E+10     0.475500E+10     0.483836E+10     0.524300E+10     0.521684E+10     0.466535E+10     0.464200E+10     0.474089E+10     0.471210E+10     0.460800E+10     0.229041E+10     0.179100E+10     0.249100E+10     0.272436E+10     0.285300E+10     0.271285E+10     0.244600E+10     0.233019E+10     0.221000E+10     0.239100E+10     0.237859E+10     0.246200E+10     0.225007E+10     0.229100E+10     0.227300E+10     0.251066E+10     0.261900E+10     0.260709E+10     0.234317E+10     0.210400E+10     0.206606E+10     0.198496E+10     0.197500E+10     0.214970E+10     0.207400E+10     0.211100E+10     0.208771E+10     0.207700E+10     0.213656E+10     0.183700E+10     0.182200E+10     0.181394E+10     0.212800E+10     0.211610E+10     0.209400E+10     0.197127E+10     0.192900E+10     0.191300E+10     0.186321E+10     0.178600E+10     0.200121E+10     0.211100E+10     0.209400E+10     0.192324E+10     0.180500E+10     0.179632E+10     0.215537E+10     0.214500E+10     0.213543E+10     0.199098E+10     0.178800E+10     0.170500E+10     0.170500E+10     0.170500E+10     0.170500E+10     0.170500E+10     0.170500E+10     0.170500E+10     0.170500E+10     0.170500E+10     0.170500E+10     0.170500E+10     0.170500E+10     0.170500E+10     0.170500E+10     0.170500E+10     0.170500E+10     0.170500E+10     0.170500E+10     0.170500E+10     0.100000E+21
 0.164000E+04     0.144270E+11     0.144270E+11     0.144270E+11     0.144270E+11     0.144270E+11     0.144270E+11     0.144270E+11     0.144270E+11     0.144270E+11     0.144270E+11     0.144270E+11     0.144270E+11     0.856399E+10     0.437700E+10     0.518036E+10     0.462400E+10     0.120227E+11     0.936700E+10     0.927300E+10     0.919963E+10     0.840900E+10     0.751671E+10     0.686102E+10     0.703100E+10     0.655882E+10     0.740295E+10     0.733400E+10     0.669215E+10     0.652100E+10     0.644200E+10     0.625685E+10     0.728100E+10     0.794978E+10     0.166450E+11     0.154620E+11     0.152491E+11     0.162850E+11     0.147623E+11     0.144670E+11     0.529194E+10     0.526600E+10     0.522300E+10     0.518829E+10     0.513900E+10     0.575549E+10     0.532500E+10     0.475500E+10     0.484955E+10     0.524300E+10     0.521014E+10     0.466757E+10     0.464200E+10     0.474796E+10     0.473250E+10     0.460800E+10     0.255341E+10     0.253900E+10     0.249100E+10     0.274969E+10     0.285300E+10     0.283045E+10     0.281300E+10     0.233613E+10     0.221000E+10     0.219300E+10     0.235007E+10     0.235500E+10     0.224563E+10     0.229100E+10     0.227300E+10     0.254989E+10     0.261900E+10     0.260475E+10     0.242253E+10     0.250200E+10     0.222996E+10     0.198752E+10     0.197500E+10     0.206684E+10     0.207400E+10     0.192600E+10     0.208916E+10     0.207700E+10     0.220307E+10     0.183700E+10     0.182200E+10     0.181335E+10     0.212800E+10     0.211260E+10     0.209400E+10     0.202333E+10     0.192900E+10     0.191300E+10     0.190015E+10     0.178600E+10     0.203406E+10     0.211100E+10     0.209400E+10     0.190267E+10     0.180500E+10     0.179378E+10     0.215648E+10     0.214500E+10     0.213486E+10     0.202599E+10     0.178800E+10     0.170500E+10     0.170500E+10     0.170500E+10     0.170500E+10     0.170500E+10     0.170500E+10     0.170500E+10     0.170500E+10     0.170500E+10     0.170500E+10     0.170500E+10     0.170500E+10     0.170500E+10     0.170500E+10     0.170500E+10     0.170500E+10     0.170500E+10     0.170500E+10     0.170500E+10     0.100000E+21
 0.166000E+04     0.144270E+11     0.144270E+11     0.144270E+11     0.144270E+11     0.144270E+11     0.144270E+11     0.144270E+11     0.144270E+11     0.144270E+11     0.144270E+11     0.144270E+11     0.144270E+11     0.880867E+10     0.437700E+10     0.503773E+10     0.462400E+10     0.118540E+11     0.936700E+10     0.927300E+10     0.920807E+10     0.840900E+10     0.761336E+10     0.686800E+10     0.703100E+10     0.685033E+10     0.739060E+10     0.733400E+10     0.667880E+10     0.652100E+10     0.644200E+10     0.635591E+10     0.728100E+10     0.727549E+10     0.941545E+10     0.154620E+11     0.152611E+11     0.162850E+11     0.147080E+11     0.144670E+11     0.864616E+10     0.526600E+10     0.522300E+10     0.519312E+10     0.513900E+10     0.570187E+10     0.532500E+10     0.475500E+10     0.484140E+10     0.524300E+10     0.521532E+10     0.466596E+10     0.464200E+10     0.474283E+10     0.474210E+10     0.469439E+10     0.255191E+10     0.253900E+10     0.249100E+10     0.273134E+10     0.285300E+10     0.282756E+10     0.281300E+10     0.233181E+10     0.221000E+10     0.219300E+10     0.232400E+10     0.235500E+10     0.224885E+10     0.229100E+10     0.227300E+10     0.252095E+10     0.261900E+10     0.260649E+10     0.242638E+10     0.250200E+10     0.224707E+10     0.198555E+10     0.197500E+10     0.205759E+10     0.220508E+10     0.192600E+10     0.208810E+10     0.207700E+10     0.222014E+10     0.212412E+10     0.182200E+10     0.181378E+10     0.190274E+10     0.206793E+10     0.209400E+10     0.201802E+10     0.192900E+10     0.191300E+10     0.190178E+10     0.178600E+10     0.184887E+10     0.211100E+10     0.209400E+10     0.191760E+10     0.180500E+10     0.179579E+10     0.215568E+10     0.214500E+10     0.213528E+10     0.200021E+10     0.178800E+10     0.170500E+10     0.170500E+10     0.170500E+10     0.170500E+10     0.170500E+10     0.170500E+10     0.170500E+10     0.170500E+10     0.170500E+10     0.170500E+10     0.170500E+10     0.170500E+10     0.170500E+10     0.170500E+10     0.170500E+10     0.170500E+10     0.170500E+10     0.170500E+10     0.170500E+10     0.100000E+21
 0.168000E+04     0.144270E+11     0.144270E+11     0.144270E+11     0.144270E+11     0.144270E+11     0.144270E+11     0.144270E+11     0.144270E+11     0.144270E+11     0.144270E+11     0.144270E+11     0.144270E+11     0.860633E+10     0.437700E+10     0.516940E+10     0.462400E+10     0.119982E+11     0.936700E+10     0.927300E+10     0.920029E+10     0.840900E+10     0.752420E+10     0.660938E+10     0.641100E+10     0.677031E+10     0.740226E+10     0.733400E+10     0.669051E+10     0.652100E+10     0.644200E+10     0.626597E+10     0.728100E+10     0.584328E+10     0.593800E+10     0.162980E+11     0.155588E+11     0.162850E+11     0.147577E+11     0.144670E+11     0.107066E+11     0.526600E+10     0.522300E+10     0.518862E+10     0.513900E+10     0.574967E+10     0.532500E+10     0.475500E+10     0.484864E+10     0.524300E+10     0.521042E+10     0.466733E+10     0.464200E+10     0.474711E+10     0.476376E+10     0.473400E+10     0.255328E+10     0.253900E+10     0.249100E+10     0.247826E+10     0.285300E+10     0.283025E+10     0.281300E+10     0.233535E+10     0.221000E+10     0.219300E+10     0.234825E+10     0.235500E+10     0.239497E+10     0.229100E+10     0.227300E+10     0.254734E+10     0.261900E+10     0.260486E+10     0.242317E+10     0.250200E+10     0.223246E+10     0.198741E+10     0.197500E+10     0.204750E+10     0.226600E+10     0.192600E+10     0.208904E+10     0.207700E+10     0.227692E+10     0.226300E+10     0.182200E+10     0.181342E+10     0.179400E+10     0.207671E+10     0.209400E+10     0.202250E+10     0.192900E+10     0.191300E+10     0.190026E+10     0.178600E+10     0.177594E+10     0.211100E+10     0.209400E+10     0.190451E+10     0.180500E+10     0.179389E+10     0.215637E+10     0.214500E+10     0.213493E+10     0.202400E+10     0.178800E+10     0.170500E+10     0.170500E+10     0.170500E+10     0.170500E+10     0.170500E+10     0.170500E+10     0.170500E+10     0.170500E+10     0.170500E+10     0.170500E+10     0.170500E+10     0.170500E+10     0.170500E+10     0.170500E+10     0.170500E+10     0.170500E+10     0.170500E+10     0.170500E+10     0.170500E+10     0.100000E+21
 0.170000E+04     0.144270E+11     0.144270E+11     0.144270E+11     0.144270E+11     0.144270E+11     0.144270E+11     0.144270E+11     0.144270E+11     0.144270E+11     0.144270E+11     0.144270E+11     0.144270E+11     0.860633E+10     0.437700E+10     0.516940E+10     0.462400E+10     0.119982E+11     0.936700E+10     0.927300E+10     0.920029E+10     0.840900E+10     0.752420E+10     0.660938E+10     0.641100E+10     0.677031E+10     0.740226E+10     0.733400E+10     0.669051E+10     0.652100E+10     0.644200E+10     0.626597E+10     0.728100E+10     0.584328E+10     0.593800E+10     0.162980E+11     0.155588E+11     0.162850E+11     0.156718E+11     0.144670E+11     0.107066E+11     0.526600E+10     0.522300E+10     0.518862E+10     0.513900E+10     0.574967E+10     0.532500E+10     0.475500E+10     0.484864E+10     0.524300E+10     0.521042E+10     0.466733E+10     0.464200E+10     0.474711E+10     0.476376E+10     0.473400E+10     0.255328E+10     0.253900E+10     0.249100E+10     0.247826E+10     0.285300E+10     0.283025E+10     0.281300E+10     0.233535E+10     0.221000E+10     0.219300E+10     0.234825E+10     0.235500E+10     0.237937E+10     0.223997E+10     0.227300E+10     0.232886E+10     0.261900E+10     0.260486E+10     0.242317E+10     0.250200E+10     0.223246E+10     0.198741E+10     0.197500E+10     0.204750E+10     0.226600E+10     0.200611E+10     0.208904E+10     0.207700E+10     0.227692E+10     0.226300E+10     0.182200E+10     0.181342E+10     0.179400E+10     0.207671E+10     0.209400E+10     0.202250E+10     0.192900E+10     0.191300E+10     0.190026E+10     0.178600E+10     0.177594E+10     0.211100E+10     0.209400E+10     0.190451E+10     0.180500E+10     0.179389E+10     0.215637E+10     0.214500E+10     0.213493E+10     0.202400E+10     0.178800E+10     0.170500E+10     0.170500E+10     0.170500E+10     0.170500E+10     0.170500E+10     0.170500E+10     0.170500E+10     0.170500E+10     0.170500E+10     0.170500E+10     0.170500E+10     0.170500E+10     0.170500E+10     0.170500E+10     0.170500E+10     0.170500E+10     0.170500E+10     0.170500E+10     0.170500E+10     0.100000E+21
 0.172000E+04     0.144270E+11     0.144270E+11     0.144270E+11     0.144270E+11     0.144270E+11     0.144270E+11     0.144270E+11     0.144270E+11     0.144270E+11     0.144270E+11     0.144270E+11     0.144270E+11     0.880867E+10     0.437700E+10     0.503773E+10     0.462400E+10     0.118540E+11     0.936700E+10     0.927300E+10     0.920807E+10     0.840900E+10     0.761336E+10     0.660259E+10     0.641100E+10     0.674824E+10     0.739060E+10     0.733400E+10     0.667880E+10     0.652100E+10     0.644200E+10     0.620817E+10     0.696708E+10     0.585452E+10     0.593800E+10     0.162980E+11     0.155942E+11     0.162850E+11     0.155574E+11     0.144670E+11     0.104820E+11     0.526600E+10     0.522300E+10     0.519312E+10     0.513900E+10     0.557108E+10     0.532500E+10     0.475500E+10     0.484140E+10     0.524300E+10     0.521532E+10     0.466596E+10     0.464200E+10     0.474283E+10     0.476034E+10     0.473400E+10     0.255191E+10     0.253900E+10     0.221754E+10     0.236778E+10     0.285300E+10     0.282756E+10     0.281300E+10     0.236800E+10     0.228722E+10     0.219300E+10     0.232400E+10     0.235500E+10     0.235737E+10     0.220700E+10     0.227300E+10     0.226145E+10     0.261900E+10     0.260649E+10     0.244415E+10     0.245581E+10     0.222297E+10     0.200025E+10     0.197500E+10     0.203154E+10     0.219651E+10     0.205700E+10     0.208810E+10     0.207700E+10     0.223085E+10     0.226300E+10     0.182200E+10     0.181378E+10     0.179400E+10     0.202834E+10     0.209400E+10     0.201802E+10     0.192900E+10     0.191300E+10     0.190178E+10     0.178600E+10     0.177683E+10     0.211100E+10     0.209400E+10     0.191760E+10     0.180500E+10     0.179579E+10     0.215568E+10     0.214500E+10     0.213528E+10     0.200021E+10     0.178800E+10     0.170500E+10     0.170500E+10     0.170500E+10     0.170500E+10     0.170500E+10     0.170500E+10     0.170500E+10     0.170500E+10     0.170500E+10     0.170500E+10     0.170500E+10     0.170500E+10     0.170500E+10     0.170500E+10     0.170500E+10     0.170500E+10     0.170500E+10     0.170500E+10     0.170500E+10     0.100000E+21
 0.174000E+04     0.144270E+11     0.144270E+11     0.144270E+11     0.144270E+11     0.144270E+11     0.144270E+11     0.144270E+11     0.144270E+11     0.144270E+11     0.144270E+11     0.144270E+11     0.144270E+11     0.856399E+10     0.437700E+10     0.518036E+10     0.462400E+10     0.120227E+11     0.936700E+10     0.927300E+10     0.919963E+10     0.840900E+10     0.751671E+10     0.661081E+10     0.641100E+10     0.677375E+10     0.740295E+10     0.733400E+10     0.669215E+10     0.652100E+10     0.644200E+10     0.598327E+10     0.628500E+10     0.584242E+10     0.593800E+10     0.162980E+11     0.155523E+11     0.162850E+11     0.158030E+11     0.144670E+11     0.107510E+11     0.526600E+10     0.522300E+10     0.518829E+10     0.513900E+10     0.530278E+10     0.532500E+10     0.475500E+10     0.484955E+10     0.524300E+10     0.521014E+10     0.466757E+10     0.464200E+10     0.474796E+10     0.476400E+10     0.473400E+10     0.365510E+10     0.253900E+10     0.179100E+10     0.225217E+10     0.285300E+10     0.283045E+10     0.281300E+10     0.242041E+10     0.241000E+10     0.219300E+10     0.235007E+10     0.235500E+10     0.236885E+10     0.220700E+10     0.227300E+10     0.226010E+10     0.261900E+10     0.260475E+10     0.249422E+10     0.235500E+10     0.234599E+10     0.204932E+10     0.197500E+10     0.198325E+10     0.204700E+10     0.205700E+10     0.199880E+10     0.207700E+10     0.209525E+10     0.226300E+10     0.206654E+10     0.190249E+10     0.179400E+10     0.208112E+10     0.209400E+10     0.202333E+10     0.192900E+10     0.191300E+10     0.190015E+10     0.178600E+10     0.177585E+10     0.211100E+10     0.209400E+10     0.190267E+10     0.180500E+10     0.179378E+10     0.215648E+10     0.214500E+10     0.213486E+10     0.202599E+10     0.178800E+10     0.170500E+10     0.170500E+10     0.170500E+10     0.170500E+10     0.170500E+10     0.170500E+10     0.170500E+10     0.170500E+10     0.170500E+10     0.170500E+10     0.170500E+10     0.170500E+10     0.170500E+10     0.170500E+10     0.170500E+10     0.170500E+10     0.170500E+10     0.170500E+10     0.170500E+10     0.100000E+21
 0.176000E+04     0.144270E+11     0.144270E+11     0.144270E+11     0.144270E+11     0.144270E+11     0.144270E+11     0.144270E+11     0.144270E+11     0.144270E+11     0.144270E+11     0.144270E+11     0.144270E+11     0.890051E+10     0.437700E+10     0.462098E+10     0.462400E+10     0.117899E+11     0.936700E+10     0.927300E+10     0.921095E+10     0.840900E+10     0.764798E+10     0.659951E+10     0.641100E+10     0.673855E+10     0.738729E+10     0.733400E+10     0.667375E+10     0.652100E+10     0.644200E+10     0.602322E+10     0.628500E+10     0.585845E+10     0.593800E+10     0.162980E+11     0.156101E+11     0.154136E+11     0.154994E+11     0.144670E+11     0.103805E+11     0.526600E+10     0.522300E+10     0.519460E+10     0.513900E+10     0.528321E+10     0.532500E+10     0.475500E+10     0.483836E+10     0.524300E+10     0.521684E+10     0.466535E+10     0.464200E+10     0.474089E+10     0.475908E+10     0.473400E+10     0.386014E+10     0.253900E+10     0.179100E+10     0.220702E+10     0.285300E+10     0.282679E+10     0.281300E+10     0.253424E+10     0.241000E+10     0.219300E+10     0.231712E+10     0.235500E+10     0.239947E+10     0.233071E+10     0.227300E+10     0.226193E+10     0.261900E+10     0.260709E+10     0.248494E+10     0.235500E+10     0.243162E+10     0.203416E+10     0.197500E+10     0.199080E+10     0.204700E+10     0.205700E+10     0.197184E+10     0.207700E+10     0.212573E+10     0.226300E+10     0.224500E+10     0.199331E+10     0.179400E+10     0.187485E+10     0.209400E+10     0.201601E+10     0.192900E+10     0.191300E+10     0.190230E+10     0.178600E+10     0.177719E+10     0.211100E+10     0.209400E+10     0.192324E+10     0.180500E+10     0.179632E+10     0.215537E+10     0.214500E+10     0.213543E+10     0.199098E+10     0.178800E+10     0.170500E+10     0.170500E+10     0.170500E+10     0.170500E+10     0.170500E+10     0.170500E+10     0.170500E+10     0.170500E+10     0.170500E+10     0.170500E+10     0.170500E+10     0.170500E+10     0.170500E+10     0.170500E+10     0.170500E+10     0.170500E+10     0.170500E+10     0.170500E+10     0.170500E+10     0.100000E+21
 0.178000E+04     0.144270E+11     0.144270E+11     0.144270E+11     0.144270E+11     0.144270E+11     0.144270E+11     0.144270E+11     0.144270E+11     0.144270E+11     0.144270E+11     0.144270E+11     0.144270E+11     0.872188E+10     0.437700E+10     0.437700E+10     0.462400E+10     0.119155E+11     0.936700E+10     0.927300E+10     0.920505E+10     0.840900E+10     0.757804E+10     0.660550E+10     0.641100E+10     0.675759E+10     0.739437E+10     0.733400E+10     0.668372E+10     0.652100E+10     0.644200E+10     0.600167E+10     0.628500E+10     0.686709E+10     0.593800E+10     0.162980E+11     0.155791E+11     0.147990E+11     0.156246E+11     0.144670E+11     0.105783E+11     0.526600E+10     0.522300E+10     0.519151E+10     0.662600E+10     0.577563E+10     0.532500E+10     0.475500E+10     0.484441E+10     0.524300E+10     0.521363E+10     0.466654E+10     0.464200E+10     0.474466E+10     0.476164E+10     0.473400E+10     0.397585E+10     0.253900E+10     0.179100E+10     0.223146E+10     0.285300E+10     0.282842E+10     0.281300E+10     0.262724E+10     0.241000E+10     0.219300E+10     0.217989E+10     0.235500E+10     0.244035E+10     0.243000E+10     0.227300E+10     0.226096E+10     0.261900E+10     0.260587E+10     0.248989E+10     0.235500E+10     0.243555E+10     0.204144E+10     0.197500E+10     0.198672E+10     0.204700E+10     0.205700E+10     0.196411E+10     0.207700E+10     0.211081E+10     0.226300E+10     0.224500E+10     0.198357E+10     0.179400E+10     0.178380E+10     0.209400E+10     0.201994E+10     0.192900E+10     0.191300E+10     0.190121E+10     0.178600E+10     0.177646E+10     0.211100E+10     0.209400E+10     0.191210E+10     0.180500E+10     0.179517E+10     0.190813E+10     0.214500E+10     0.213513E+10     0.200964E+10     0.178800E+10     0.170500E+10     0.170500E+10     0.170500E+10     0.170500E+10     0.170500E+10     0.170500E+10     0.170500E+10     0.170500E+10     0.170500E+10     0.170500E+10     0.170500E+10     0.170500E+10     0.170500E+10     0.170500E+10     0.170500E+10     0.170500E+10     0.170500E+10     0.170500E+10     0.170500E+10     0.100000E+21
 0.180000E+04     0.144270E+11     0.144270E+11     0.144270E+11     0.144270E+11     0.144270E+11     0.144270E+11     0.144270E+11     0.144270E+11     0.144270E+11     0.144270E+11     0.144270E+11     0.144270E+11     0.856410E+10     0.437700E+10     0.437700E+10     0.462400E+10     0.120235E+11     0.936700E+10     0.927300E+10     0.919941E+10     0.840900E+10     0.751444E+10     0.661080E+10     0.641100E+10     0.677393E+10     0.740364E+10     0.733400E+10     0.669228E+10     0.652100E+10     0.644200E+10     0.598273E+10     0.628500E+10     0.695479E+10     0.593800E+10     0.162980E+11     0.155522E+11     0.147990E+11     0.158243E+11     0.144670E+11     0.107512E+11     0.526600E+10     0.522300E+10     0.518811E+10     0.662600E+10     0.572522E+10     0.532500E+10     0.475500E+10     0.484965E+10     0.524300E+10     0.520991E+10     0.466757E+10     0.464200E+10     0.474796E+10     0.476411E+10     0.473400E+10     0.408155E+10     0.253900E+10     0.179100E+10     0.225242E+10     0.285300E+10     0.283062E+10     0.281300E+10     0.263216E+10     0.241000E+10     0.219300E+10     0.217802E+10     0.235500E+10     0.239196E+10     0.243000E+10     0.227300E+10     0.226008E+10     0.261900E+10     0.260470E+10     0.249423E+10     0.235500E+10     0.243893E+10     0.204985E+10     0.197500E+10     0.198318E+10     0.204700E+10     0.216910E+10     0.195742E+10     0.207700E+10     0.209437E+10     0.226300E+10     0.210367E+10     0.192363E+10     0.179400E+10     0.178204E+10     0.209400E+10     0.202335E+10     0.192900E+10     0.191300E+10     0.190010E+10     0.178600E+10     0.177583E+10     0.211100E+10     0.209400E+10     0.190252E+10     0.180500E+10     0.179366E+10     0.189696E+10     0.214500E+10     0.213486E+10     0.202660E+10     0.178800E+10     0.170500E+10     0.170500E+10     0.170500E+10     0.170500E+10     0.170500E+10     0.170500E+10     0.170500E+10     0.170500E+10     0.170500E+10     0.170500E+10     0.170500E+10     0.170500E+10     0.170500E+10     0.170500E+10     0.170500E+10     0.170500E+10     0.170500E+10     0.170500E+10     0.170500E+10     0.100000E+21
 0.182000E+04     0.144270E+11     0.144270E+11     0.144270E+11     0.144270E+11     0.144270E+11     0.144270E+11     0.144270E+11     0.144270E+11     0.144270E+11     0.144270E+11     0.144270E+11     0.144270E+11     0.868859E+10     0.437700E+10     0.437700E+10     0.462400E+10     0.119419E+11     0.936700E+10     0.927300E+10     0.920336E+10     0.840900E+10     0.755774E+10     0.660662E+10     0.641100E+10     0.676178E+10     0.739708E+10     0.733400E+10     0.668602E+10     0.652100E+10     0.644200E+10     0.633990E+10     0.628500E+10     0.689326E+10     0.593800E+10     0.162980E+11     0.155728E+11     0.147990E+11     0.156704E+11     0.144670E+11     0.106165E+11     0.526600E+10     0.522300E+10     0.519052E+10     0.662600E+10     0.576127E+10     0.532500E+10     0.475500E+10     0.484588E+10     0.524300E+10     0.521247E+10     0.466679E+10     0.464200E+10     0.474539E+10     0.476244E+10     0.473400E+10     0.400730E+10     0.253900E+10     0.252000E+10     0.248857E+10     0.285300E+10     0.282900E+10     0.281300E+10     0.262823E+10     0.241000E+10     0.219300E+10     0.217940E+10     0.235500E+10     0.236911E+10     0.243000E+10     0.219000E+10     0.223776E+10     0.261900E+10     0.260549E+10     0.249085E+10     0.235500E+10     0.243637E+10     0.204406E+10     0.197500E+10     0.195302E+10     0.194200E+10     0.224900E+10     0.205157E+10     0.207700E+10     0.210603E+10     0.226300E+10     0.200200E+10     0.188511E+10     0.179400E+10     0.178339E+10     0.209400E+10     0.202073E+10     0.192900E+10     0.191300E+10     0.190088E+10     0.178600E+10     0.177627E+10     0.211100E+10     0.209400E+10     0.190952E+10     0.180500E+10     0.179473E+10     0.190526E+10     0.214500E+10     0.213507E+10     0.201505E+10     0.178800E+10     0.170500E+10     0.170500E+10     0.170500E+10     0.170500E+10     0.170500E+10     0.170500E+10     0.170500E+10     0.170500E+10     0.170500E+10     0.170500E+10     0.170500E+10     0.170500E+10     0.170500E+10     0.170500E+10     0.170500E+10     0.170500E+10     0.170500E+10     0.170500E+10     0.170500E+10     0.100000E+21
 0.184000E+04     0.144270E+11     0.144270E+11     0.144270E+11     0.144270E+11     0.144270E+11     0.144270E+11     0.144270E+11     0.144270E+11     0.144270E+11     0.144270E+11     0.144270E+11     0.144270E+11     0.858189E+10     0.437700E+10     0.437700E+10     0.462400E+10     0.120002E+11     0.936700E+10     0.927300E+10     0.920249E+10     0.840900E+10     0.754843E+10     0.661022E+10     0.641100E+10     0.676972E+10     0.739625E+10     0.733400E+10     0.668964E+10     0.652100E+10     0.644200E+10     0.634077E+10     0.628500E+10     0.690163E+10     0.593800E+10     0.162980E+11     0.155569E+11     0.147990E+11     0.156647E+11     0.144670E+11     0.107268E+11     0.526600E+10     0.522300E+10     0.519036E+10     0.662600E+10     0.574412E+10     0.532500E+10     0.475500E+10     0.484774E+10     0.524300E+10     0.521268E+10     0.466735E+10     0.464200E+10     0.467527E+10     0.476260E+10     0.473400E+10     0.403026E+10     0.253900E+10     0.252000E+10     0.248786E+10     0.285300E+10     0.282897E+10     0.281300E+10     0.263171E+10     0.241000E+10     0.219300E+10     0.217943E+10     0.235500E+10     0.236774E+10     0.243000E+10     0.219000E+10     0.223851E+10     0.238196E+10     0.254892E+10     0.249363E+10     0.235500E+10     0.243821E+10     0.204359E+10     0.197500E+10     0.195324E+10     0.194200E+10     0.224900E+10     0.205106E+10     0.207700E+10     0.210524E+10     0.226300E+10     0.200200E+10     0.194423E+10     0.179400E+10     0.178344E+10     0.209400E+10     0.202275E+10     0.192900E+10     0.191300E+10     0.190077E+10     0.178600E+10     0.177612E+10     0.211100E+10     0.209400E+10     0.190548E+10     0.180500E+10     0.179487E+10     0.189984E+10     0.214500E+10     0.213489E+10     0.201753E+10     0.178800E+10     0.170500E+10     0.170500E+10     0.170500E+10     0.170500E+10     0.170500E+10     0.170500E+10     0.170500E+10     0.170500E+10     0.170500E+10     0.170500E+10     0.170500E+10     0.170500E+10     0.170500E+10     0.170500E+10     0.170500E+10     0.170500E+10     0.170500E+10     0.170500E+10     0.170500E+10     0.100000E+21
 0.186000E+04     0.130275E+11     0.138382E+11     0.144270E+11     0.144270E+11     0.144270E+11     0.144270E+11     0.144270E+11     0.144270E+11     0.144270E+11     0.144270E+11     0.144270E+11     0.144270E+11     0.893021E+10     0.437700E+10     0.467926E+10     0.462400E+10     0.117696E+11     0.936700E+10     0.927300E+10     0.921180E+10     0.840900E+10     0.765816E+10     0.659851E+10     0.641100E+10     0.673552E+10     0.738638E+10     0.733400E+10     0.667219E+10     0.652100E+10     0.644200E+10     0.633410E+10     0.628500E+10     0.673612E+10     0.584289E+10     0.162980E+11     0.156152E+11     0.147990E+11     0.154832E+11     0.144670E+11     0.103479E+11     0.526600E+10     0.522300E+10     0.519502E+10     0.662600E+10     0.584273E+10     0.532500E+10     0.475500E+10     0.483743E+10     0.524300E+10     0.521727E+10     0.466515E+10     0.464200E+10     0.461915E+10     0.475872E+10     0.473400E+10     0.384311E+10     0.253900E+10     0.252000E+10     0.249095E+10     0.265640E+10     0.282658E+10     0.281300E+10     0.262080E+10     0.241000E+10     0.219300E+10     0.218146E+10     0.235500E+10     0.237372E+10     0.243000E+10     0.219000E+10     0.223242E+10     0.223800E+10     0.246174E+10     0.252818E+10     0.245700E+10     0.247278E+10     0.203320E+10     0.197500E+10     0.195199E+10     0.194200E+10     0.224900E+10     0.205396E+10     0.207700E+10     0.212777E+10     0.226300E+10     0.200200E+10     0.199399E+10     0.179400E+10     0.178504E+10     0.209400E+10     0.201537E+10     0.192900E+10     0.191300E+10     0.190246E+10     0.178600E+10     0.177730E+10     0.211100E+10     0.209400E+10     0.192499E+10     0.180500E+10     0.179647E+10     0.192322E+10     0.214500E+10     0.213548E+10     0.198826E+10     0.178800E+10     0.170500E+10     0.170500E+10     0.170500E+10     0.170500E+10     0.170500E+10     0.170500E+10     0.170500E+10     0.170500E+10     0.170500E+10     0.170500E+10     0.170500E+10     0.170500E+10     0.170500E+10     0.170500E+10     0.170500E+10     0.170500E+10     0.170500E+10     0.170500E+10     0.170500E+10     0.100000E+21
 0.188000E+04     0.102879E+11     0.128188E+11     0.144270E+11     0.144270E+11     0.144270E+11     0.144270E+11     0.144270E+11     0.144270E+11     0.144270E+11     0.144270E+11     0.144270E+11     0.144270E+11     0.884618E+10     0.437700E+10     0.502235E+10     0.462400E+10     0.118275E+11     0.936700E+10     0.927300E+10     0.920930E+10     0.840900E+10     0.762814E+10     0.660133E+10     0.641100E+10     0.674422E+10     0.738914E+10     0.733400E+10     0.667669E+10     0.652100E+10     0.644200E+10     0.633589E+10     0.628500E+10     0.674433E+10     0.574500E+10     0.162980E+11     0.156008E+11     0.147990E+11     0.155320E+11     0.144670E+11     0.104404E+11     0.526600E+10     0.522300E+10     0.519376E+10     0.662600E+10     0.581683E+10     0.532500E+10     0.475500E+10     0.484012E+10     0.524300E+10     0.521598E+10     0.466570E+10     0.464200E+10     0.461874E+10     0.475980E+10     0.473400E+10     0.394885E+10     0.253900E+10     0.252000E+10     0.249016E+10     0.245400E+10     0.282722E+10     0.281300E+10     0.262340E+10     0.241000E+10     0.219300E+10     0.218091E+10     0.235500E+10     0.237219E+10     0.243000E+10     0.219000E+10     0.223404E+10     0.223800E+10     0.247146E+10     0.257305E+10     0.256200E+10     0.245777E+10     0.205217E+10     0.202624E+10     0.195232E+10     0.194200E+10     0.224900E+10     0.205320E+10     0.207700E+10     0.212169E+10     0.226300E+10     0.200200E+10     0.199384E+10     0.179400E+10     0.178461E+10     0.209400E+10     0.204711E+10     0.200646E+10     0.191300E+10     0.190200E+10     0.178600E+10     0.177698E+10     0.211100E+10     0.209400E+10     0.191995E+10     0.180500E+10     0.179602E+10     0.191727E+10     0.214500E+10     0.213534E+10     0.199627E+10     0.178800E+10     0.170500E+10     0.170500E+10     0.170500E+10     0.170500E+10     0.170500E+10     0.170500E+10     0.170500E+10     0.170500E+10     0.170500E+10     0.170500E+10     0.170500E+10     0.170500E+10     0.170500E+10     0.170500E+10     0.170500E+10     0.170500E+10     0.170500E+10     0.170500E+10     0.170500E+10     0.100000E+21
 0.190000E+04     0.959000E+10     0.126484E+11     0.144270E+11     0.144270E+11     0.144270E+11     0.144270E+11     0.144270E+11     0.144270E+11     0.144270E+11     0.144270E+11     0.144270E+11     0.144270E+11     0.857975E+10     0.437700E+10     0.510725E+10     0.462400E+10     0.120025E+11     0.936700E+10     0.927300E+10     0.920226E+10     0.840900E+10     0.754578E+10     0.661029E+10     0.641100E+10     0.677011E+10     0.739670E+10     0.733400E+10     0.668987E+10     0.652100E+10     0.644200E+10     0.634090E+10     0.628500E+10     0.686051E+10     0.574500E+10     0.162980E+11     0.155564E+11     0.147990E+11     0.156724E+11     0.144670E+11     0.107295E+11     0.526600E+10     0.522300E+10     0.519021E+10     0.662600E+10     0.574251E+10     0.532500E+10     0.475500E+10     0.484791E+10     0.524300E+10     0.521249E+10     0.466738E+10     0.464200E+10     0.461745E+10     0.476271E+10     0.473400E+10     0.439775E+10     0.374388E+10     0.252000E+10     0.248783E+10     0.245400E+10     0.282906E+10     0.281300E+10     0.263177E+10     0.241000E+10     0.219300E+10     0.217935E+10     0.235500E+10     0.234859E+10     0.237019E+10     0.219000E+10     0.223864E+10     0.223800E+10     0.249786E+10     0.257366E+10     0.256200E+10     0.241560E+10     0.225284E+10     0.205400E+10     0.195326E+10     0.194200E+10     0.224900E+10     0.202272E+10     0.196286E+10     0.210451E+10     0.226300E+10     0.200200E+10     0.199339E+10     0.179400E+10     0.178338E+10     0.209400E+10     0.207078E+10     0.206000E+10     0.191300E+10     0.190072E+10     0.178600E+10     0.177609E+10     0.211100E+10     0.209400E+10     0.190522E+10     0.180500E+10     0.179479E+10     0.189957E+10     0.214500E+10     0.213489E+10     0.201824E+10     0.178800E+10     0.170500E+10     0.170500E+10     0.170500E+10     0.170500E+10     0.170500E+10     0.170500E+10     0.170500E+10     0.170500E+10     0.170500E+10     0.170500E+10     0.170500E+10     0.170500E+10     0.170500E+10     0.170500E+10     0.170500E+10     0.170500E+10     0.170500E+10     0.170500E+10     0.170500E+10     0.100000E+21
 0.192000E+04     0.721700E+10     0.117641E+11     0.144270E+11     0.144270E+11     0.144270E+11     0.144270E+11     0.144270E+11     0.144270E+11     0.144270E+11     0.144270E+11     0.144270E+11     0.462400E+10     0.462400E+10     0.437700E+10     0.521045E+10     0.462400E+10     0.120033E+11     0.936700E+10     0.927300E+10     0.919916E+10     0.840900E+10     0.751012E+10     0.682713E+10     0.641100E+10     0.677144E+10     0.740544E+10     0.733400E+10     0.669133E+10     0.652100E+10     0.644200E+10     0.634243E+10     0.628500E+10     0.692492E+10     0.574500E+10     0.162980E+11     0.155582E+11     0.147990E+11     0.158661E+11     0.144670E+11     0.107072E+11     0.526600E+10     0.522300E+10     0.518777E+10     0.662600E+10     0.662600E+10     0.532500E+10     0.475500E+10     0.484928E+10     0.524300E+10     0.520925E+10     0.466738E+10     0.464200E+10     0.461756E+10     0.476439E+10     0.473400E+10     0.465452E+10     0.452900E+10     0.179100E+10     0.224929E+10     0.245400E+10     0.283094E+10     0.281300E+10     0.263066E+10     0.241000E+10     0.219300E+10     0.217775E+10     0.235500E+10     0.233111E+10     0.231900E+10     0.219000E+10     0.224021E+10     0.223800E+10     0.251304E+10     0.257361E+10     0.256200E+10     0.241560E+10     0.206686E+10     0.205400E+10     0.195343E+10     0.194200E+10     0.224900E+10     0.199820E+10     0.189400E+10     0.209272E+10     0.226300E+10     0.200200E+10     0.199342E+10     0.179400E+10     0.178167E+10     0.209400E+10     0.207075E+10     0.206000E+10     0.191300E+10     0.190002E+10     0.178600E+10     0.177582E+10     0.211100E+10     0.209400E+10     0.190360E+10     0.180500E+10     0.179337E+10     0.189866E+10     0.214500E+10     0.213494E+10     0.202775E+10     0.178800E+10     0.170500E+10     0.170500E+10     0.170500E+10     0.170500E+10     0.170500E+10     0.170500E+10     0.170500E+10     0.170500E+10     0.170500E+10     0.170500E+10     0.170500E+10     0.170500E+10     0.170500E+10     0.170500E+10     0.170500E+10     0.170500E+10     0.170500E+10     0.170500E+10     0.170500E+10     0.100000E+21
 0.194000E+04     0.721700E+10     0.117637E+11     0.144270E+11     0.144270E+11     0.144270E+11     0.144270E+11     0.144270E+11     0.144270E+11     0.144270E+11     0.144270E+11     0.144270E+11     0.462400E+10     0.462400E+10     0.437700E+10     0.509031E+10     0.462400E+10     0.119932E+11     0.936700E+10     0.927300E+10     0.920317E+10     0.840900E+10     0.755623E+10     0.682858E+10     0.641100E+10     0.676851E+10     0.739502E+10     0.733400E+10     0.668892E+10     0.652100E+10     0.644200E+10     0.634037E+10     0.628500E+10     0.684351E+10     0.574500E+10     0.162980E+11     0.155584E+11     0.147990E+11     0.156439E+11     0.144670E+11     0.107183E+11     0.526600E+10     0.522300E+10     0.519079E+10     0.662600E+10     0.662600E+10     0.532500E+10     0.499483E+10     0.492547E+10     0.524300E+10     0.521319E+10     0.466729E+10     0.464200E+10     0.461750E+10     0.476228E+10     0.473400E+10     0.464930E+10     0.452900E+10     0.179100E+10     0.203264E+10     0.245400E+10     0.282871E+10     0.281300E+10     0.263153E+10     0.241000E+10     0.228532E+10     0.220066E+10     0.235500E+10     0.233101E+10     0.231900E+10     0.219000E+10     0.223812E+10     0.223800E+10     0.249391E+10     0.257364E+10     0.256200E+10     0.241611E+10     0.206536E+10     0.205400E+10     0.195318E+10     0.194200E+10     0.224900E+10     0.199579E+10     0.189400E+10     0.210731E+10     0.226300E+10     0.200200E+10     0.199340E+10     0.179400E+10     0.178363E+10     0.209400E+10     0.207075E+10     0.206000E+10     0.191300E+10     0.190091E+10     0.178600E+10     0.177619E+10     0.211100E+10     0.209400E+10     0.190628E+10     0.180500E+10     0.179507E+10     0.190067E+10     0.214500E+10     0.213490E+10     0.201545E+10     0.178800E+10     0.170500E+10     0.170500E+10     0.170500E+10     0.170500E+10     0.170500E+10     0.170500E+10     0.170500E+10     0.170500E+10     0.170500E+10     0.170500E+10     0.170500E+10     0.170500E+10     0.170500E+10     0.170500E+10     0.170500E+10     0.170500E+10     0.170500E+10     0.170500E+10     0.170500E+10     0.100000E+21
 0.196000E+04     0.721700E+10     0.114596E+11     0.144270E+11     0.144270E+11     0.144270E+11     0.144270E+11     0.144270E+11     0.144270E+11     0.144270E+11     0.144270E+11     0.144270E+11     0.462400E+10     0.462400E+10     0.437700E+10     0.500622E+10     0.462400E+10     0.117971E+11     0.936700E+10     0.927300E+10     0.921064E+10     0.840900E+10     0.764427E+10     0.680733E+10     0.641100E+10     0.673963E+10     0.738763E+10     0.733400E+10     0.667431E+10     0.652100E+10     0.644200E+10     0.633493E+10     0.628500E+10     0.672206E+10     0.574500E+10     0.162980E+11     0.156083E+11     0.147990E+11     0.155054E+11     0.144670E+11     0.103920E+11     0.526600E+10     0.522300E+10     0.519444E+10     0.662600E+10     0.662600E+10     0.532500E+10     0.528200E+10     0.498874E+10     0.524300E+10     0.521669E+10     0.466541E+10     0.464200E+10     0.461895E+10     0.475922E+10     0.473400E+10     0.463694E+10     0.452900E+10     0.179100E+10     0.179100E+10     0.245400E+10     0.282687E+10     0.281300E+10     0.262205E+10     0.241000E+10     0.239100E+10     0.224190E+10     0.235500E+10     0.233003E+10     0.231900E+10     0.219000E+10     0.223318E+10     0.223800E+10     0.246621E+10     0.257295E+10     0.256200E+10     0.242692E+10     0.206402E+10     0.205400E+10     0.195214E+10     0.194200E+10     0.224900E+10     0.198631E+10     0.189400E+10     0.212498E+10     0.226300E+10     0.200200E+10     0.199392E+10     0.179400E+10     0.178485E+10     0.209400E+10     0.207002E+10     0.206000E+10     0.191300E+10     0.190225E+10     0.178600E+10     0.177715E+10     0.211100E+10     0.209400E+10     0.192262E+10     0.180500E+10     0.179627E+10     0.201516E+10     0.214500E+10     0.213542E+10     0.199197E+10     0.178800E+10     0.170500E+10     0.170500E+10     0.170500E+10     0.170500E+10     0.170500E+10     0.170500E+10     0.170500E+10     0.170500E+10     0.170500E+10     0.170500E+10     0.170500E+10     0.170500E+10     0.170500E+10     0.170500E+10     0.170500E+10     0.170500E+10     0.170500E+10     0.170500E+10     0.170500E+10     0.100000E+21
 0.198000E+04     0.102343E+11     0.126167E+11     0.144270E+11     0.144270E+11     0.144270E+11     0.144270E+11     0.144270E+11     0.144270E+11     0.144270E+11     0.144270E+11     0.144270E+11     0.462400E+10     0.462400E+10     0.437700E+10     0.499652E+10     0.462400E+10     0.117775E+11     0.936700E+10     0.927300E+10     0.921147E+10     0.840900E+10     0.765425E+10     0.669309E+10     0.641100E+10     0.673669E+10     0.738673E+10     0.733400E+10     0.667279E+10     0.652100E+10     0.644200E+10     0.633434E+10     0.628500E+10     0.670840E+10     0.574500E+10     0.107215E+11     0.136085E+11     0.147990E+11     0.154894E+11     0.144670E+11     0.103605E+11     0.526600E+10     0.522300E+10     0.519486E+10     0.580092E+10     0.633584E+10     0.532500E+10     0.528200E+10     0.492702E+10     0.502379E+10     0.513718E+10     0.466523E+10     0.464200E+10     0.461909E+10     0.468506E+10     0.473400E+10     0.463558E+10     0.452900E+10     0.218060E+10     0.194049E+10     0.245400E+10     0.282666E+10     0.281300E+10     0.262116E+10     0.241000E+10     0.239100E+10     0.224418E+10     0.224630E+10     0.232993E+10     0.231900E+10     0.219000E+10     0.223263E+10     0.223800E+10     0.246299E+10     0.257288E+10     0.256200E+10     0.242800E+10     0.206386E+10     0.205400E+10     0.195203E+10     0.194200E+10     0.224900E+10     0.198530E+10     0.189400E+10     0.208966E+10     0.214168E+10     0.213193E+10     0.204842E+10     0.179400E+10     0.178499E+10     0.209400E+10     0.206995E+10     0.206000E+10     0.191300E+10     0.190240E+10     0.178600E+10     0.177726E+10     0.211100E+10     0.209400E+10     0.192431E+10     0.180500E+10     0.179642E+10     0.215531E+10     0.214500E+10     0.213546E+10     0.198931E+10     0.178800E+10     0.170500E+10     0.170500E+10     0.170500E+10     0.170500E+10     0.170500E+10     0.170500E+10     0.170500E+10     0.170500E+10     0.170500E+10     0.170500E+10     0.170500E+10     0.170500E+10     0.170500E+10     0.170500E+10     0.170500E+10     0.170500E+10     0.170500E+10     0.170500E+10     0.170500E+10     0.100000E+21
 0.200000E+04     0.123235E+11     0.136420E+11     0.144270E+11     0.144270E+11     0.144270E+11     0.144270E+11     0.144270E+11     0.144270E+11     0.144270E+11     0.144270E+11     0.144270E+11     0.462400E+10     0.462400E+10     0.437700E+10     0.508884E+10     0.462400E+10     0.119922E+11     0.936700E+10     0.927300E+10     0.920326E+10     0.840900E+10     0.755721E+10     0.660996E+10     0.641100E+10     0.676836E+10     0.739488E+10     0.733400E+10     0.668883E+10     0.652100E+10     0.644200E+10     0.626795E+10     0.605687E+10     0.684196E+10     0.574500E+10     0.586400E+10     0.122404E+11     0.147990E+11     0.156414E+11     0.144670E+11     0.107171E+11     0.526600E+10     0.522300E+10     0.519084E+10     0.513900E+10     0.617496E+10     0.532500E+10     0.528200E+10     0.488673E+10     0.484700E+10     0.509777E+10     0.466728E+10     0.464200E+10     0.461751E+10     0.461329E+10     0.473400E+10     0.466614E+10     0.458860E+10     0.348577E+10     0.235856E+10     0.245400E+10     0.282868E+10     0.281300E+10     0.263150E+10     0.241000E+10     0.239100E+10     0.229295E+10     0.215900E+10     0.233100E+10     0.231900E+10     0.219000E+10     0.223807E+10     0.223800E+10     0.249354E+10     0.257363E+10     0.256200E+10     0.241616E+10     0.206533E+10     0.205400E+10     0.195317E+10     0.194200E+10     0.224900E+10     0.199571E+10     0.189400E+10     0.205625E+10     0.204400E+10     0.224500E+10     0.208724E+10     0.179400E+10     0.178365E+10     0.209400E+10     0.207074E+10     0.206000E+10     0.191300E+10     0.190093E+10     0.178600E+10     0.177620E+10     0.211100E+10     0.209400E+10     0.190639E+10     0.180500E+10     0.179509E+10     0.215631E+10     0.214500E+10     0.213490E+10     0.201519E+10     0.178800E+10     0.170500E+10     0.170500E+10     0.170500E+10     0.170500E+10     0.170500E+10     0.170500E+10     0.170500E+10     0.170500E+10     0.170500E+10     0.170500E+10     0.170500E+10     0.170500E+10     0.170500E+10     0.170500E+10     0.170500E+10     0.170500E+10     0.170500E+10     0.170500E+10     0.170500E+10     0.100000E+21
 0.202000E+04     0.119370E+11     0.123440E+11     0.144270E+11     0.144270E+11     0.144270E+11     0.144270E+11     0.144270E+11     0.144270E+11     0.144270E+11     0.144270E+11     0.144270E+11     0.462400E+10     0.451933E+10     0.437700E+10     0.515502E+10     0.462400E+10     0.119801E+11     0.936700E+10     0.927300E+10     0.920087E+10     0.840900E+10     0.752920E+10     0.660829E+10     0.641100E+10     0.676777E+10     0.740152E+10     0.733400E+10     0.668929E+10     0.652100E+10     0.644200E+10     0.591703E+10     0.579700E+10     0.689214E+10     0.574500E+10     0.586400E+10     0.121966E+11     0.147990E+11     0.157558E+11     0.144670E+11     0.106731E+11     0.526600E+10     0.522300E+10     0.518897E+10     0.513900E+10     0.618509E+10     0.532500E+10     0.528200E+10     0.488336E+10     0.484700E+10     0.511943E+10     0.466716E+10     0.464200E+10     0.461771E+10     0.460749E+10     0.473400E+10     0.468409E+10     0.465500E+10     0.449100E+10     0.305478E+10     0.245400E+10     0.282999E+10     0.281300E+10     0.262975E+10     0.241000E+10     0.239100E+10     0.237571E+10     0.215900E+10     0.233099E+10     0.231900E+10     0.219000E+10     0.223923E+10     0.223800E+10     0.250581E+10     0.257354E+10     0.256200E+10     0.241687E+10     0.232990E+10     0.205400E+10     0.195327E+10     0.194200E+10     0.224900E+10     0.199671E+10     0.189400E+10     0.205697E+10     0.204400E+10     0.224500E+10     0.208851E+10     0.179400E+10     0.178264E+10     0.209400E+10     0.207067E+10     0.206000E+10     0.191300E+10     0.190038E+10     0.178600E+10     0.177600E+10     0.211100E+10     0.209400E+10     0.196537E+10     0.180500E+10     0.179401E+10     0.215629E+10     0.214500E+10     0.213499E+10     0.202266E+10     0.178800E+10     0.170500E+10     0.170500E+10     0.170500E+10     0.170500E+10     0.170500E+10     0.170500E+10     0.170500E+10     0.170500E+10     0.170500E+10     0.170500E+10     0.170500E+10     0.170500E+10     0.170500E+10     0.170500E+10     0.170500E+10     0.170500E+10     0.170500E+10     0.170500E+10     0.170500E+10     0.100000E+21
 0.204000E+04     0.101670E+11     0.112901E+11     0.144270E+11     0.144270E+11     0.144270E+11     0.144270E+11     0.144270E+11     0.144270E+11     0.144270E+11     0.144270E+11     0.144270E+11     0.462400E+10     0.447639E+10     0.437700E+10     0.514090E+10     0.462400E+10     0.120153E+11     0.936700E+10     0.927300E+10     0.920079E+10     0.840900E+10     0.752932E+10     0.661066E+10     0.641100E+10     0.677236E+10     0.739982E+10     0.733400E+10     0.669125E+10     0.652100E+10     0.644200E+10     0.584868E+10     0.579700E+10     0.688900E+10     0.574500E+10     0.586400E+10     0.122827E+11     0.147990E+11     0.157304E+11     0.144670E+11     0.107440E+11     0.526600E+10     0.522300E+10     0.518920E+10     0.513900E+10     0.619464E+10     0.532500E+10     0.528200E+10     0.487946E+10     0.484700E+10     0.511446E+10     0.497998E+10     0.464200E+10     0.461739E+10     0.460821E+10     0.473400E+10     0.468422E+10     0.465500E+10     0.449100E+10     0.314935E+10     0.245400E+10     0.249670E+10     0.281300E+10     0.263207E+10     0.241000E+10     0.239100E+10     0.237594E+10     0.215900E+10     0.233114E+10     0.231900E+10     0.219000E+10     0.223945E+10     0.223800E+10     0.250430E+10     0.257369E+10     0.256200E+10     0.241491E+10     0.236453E+10     0.205400E+10     0.195338E+10     0.194200E+10     0.224900E+10     0.190536E+10     0.189400E+10     0.205688E+10     0.204400E+10     0.224500E+10     0.208646E+10     0.179400E+10     0.178287E+10     0.209400E+10     0.207081E+10     0.206000E+10     0.191300E+10     0.190041E+10     0.178600E+10     0.177595E+10     0.211100E+10     0.194500E+10     0.193531E+10     0.180500E+10     0.179429E+10     0.215644E+10     0.214500E+10     0.213487E+10     0.202263E+10     0.178800E+10     0.170500E+10     0.170500E+10     0.170500E+10     0.170500E+10     0.170500E+10     0.170500E+10     0.170500E+10     0.170500E+10     0.170500E+10     0.170500E+10     0.170500E+10     0.170500E+10     0.170500E+10     0.170500E+10     0.170500E+10     0.170500E+10     0.170500E+10     0.170500E+10     0.170500E+10     0.100000E+21
 0.206000E+04     0.101670E+11     0.108753E+11     0.144270E+11     0.144270E+11     0.144270E+11     0.144270E+11     0.144270E+11     0.144270E+11     0.144270E+11     0.144270E+11     0.144270E+11     0.462400E+10     0.448199E+10     0.437700E+10     0.504573E+10     0.462400E+10     0.118668E+11     0.936700E+10     0.927300E+10     0.920744E+10     0.840900E+10     0.760595E+10     0.660319E+10     0.641100E+10     0.675019E+10     0.739137E+10     0.733400E+10     0.667982E+10     0.652100E+10     0.644200E+10     0.584456E+10     0.579700E+10     0.677548E+10     0.574500E+10     0.586400E+10     0.119604E+11     0.147990E+11     0.155706E+11     0.144670E+11     0.105019E+11     0.526600E+10     0.522300E+10     0.519280E+10     0.513900E+10     0.611713E+10     0.532500E+10     0.528200E+10     0.490884E+10     0.484700E+10     0.508327E+10     0.496120E+10     0.464200E+10     0.461846E+10     0.462025E+10     0.473400E+10     0.468173E+10     0.465500E+10     0.449100E+10     0.323230E+10     0.245400E+10     0.253464E+10     0.281300E+10     0.262511E+10     0.241000E+10     0.239100E+10     0.237774E+10     0.215900E+10     0.234765E+10     0.236152E+10     0.219000E+10     0.223523E+10     0.223800E+10     0.247881E+10     0.257318E+10     0.256200E+10     0.242308E+10     0.232831E+10     0.205400E+10     0.195255E+10     0.194200E+10     0.224900E+10     0.190452E+10     0.189400E+10     0.205551E+10     0.204400E+10     0.224500E+10     0.209346E+10     0.179400E+10     0.178427E+10     0.209400E+10     0.207027E+10     0.206000E+10     0.191300E+10     0.190166E+10     0.178600E+10     0.177675E+10     0.211100E+10     0.194500E+10     0.193596E+10     0.180500E+10     0.179566E+10     0.215574E+10     0.214500E+10     0.213525E+10     0.200219E+10     0.178800E+10     0.170500E+10     0.170500E+10     0.170500E+10     0.170500E+10     0.170500E+10     0.170500E+10     0.170500E+10     0.170500E+10     0.170500E+10     0.170500E+10     0.170500E+10     0.170500E+10     0.170500E+10     0.170500E+10     0.170500E+10     0.170500E+10     0.170500E+10     0.170500E+10     0.170500E+10     0.100000E+21
 0.208000E+04     0.970135E+10     0.968944E+10     0.144270E+11     0.144270E+11     0.144270E+11     0.144270E+11     0.144270E+11     0.144270E+11     0.144270E+11     0.144270E+11     0.144270E+11     0.462400E+10     0.448535E+10     0.437700E+10     0.479326E+10     0.462400E+10     0.117738E+11     0.936700E+10     0.927300E+10     0.921162E+10     0.840900E+10     0.765608E+10     0.659872E+10     0.641100E+10     0.673614E+10     0.738657E+10     0.733400E+10     0.667251E+10     0.652100E+10     0.644200E+10     0.584186E+10     0.579700E+10     0.670589E+10     0.574500E+10     0.586400E+10     0.117613E+11     0.147990E+11     0.154865E+11     0.144670E+11     0.103546E+11     0.526600E+10     0.522300E+10     0.519494E+10     0.513900E+10     0.563007E+10     0.532500E+10     0.528200E+10     0.492774E+10     0.484700E+10     0.506460E+10     0.494944E+10     0.464200E+10     0.461912E+10     0.458949E+10     0.463741E+10     0.468013E+10     0.465500E+10     0.449100E+10     0.328493E+10     0.245400E+10     0.255560E+10     0.281300E+10     0.262099E+10     0.241000E+10     0.239100E+10     0.237874E+10     0.215900E+10     0.237361E+10     0.243000E+10     0.219000E+10     0.223253E+10     0.223800E+10     0.246240E+10     0.257287E+10     0.256200E+10     0.242820E+10     0.230664E+10     0.205400E+10     0.195201E+10     0.194200E+10     0.224900E+10     0.190399E+10     0.189400E+10     0.209014E+10     0.214481E+10     0.224500E+10     0.209773E+10     0.179400E+10     0.178501E+10     0.209400E+10     0.206994E+10     0.206000E+10     0.191300E+10     0.190243E+10     0.178600E+10     0.177728E+10     0.211100E+10     0.194500E+10     0.193638E+10     0.180500E+10     0.179644E+10     0.215529E+10     0.214500E+10     0.213547E+10     0.198882E+10     0.178800E+10     0.170500E+10     0.170500E+10     0.170500E+10     0.170500E+10     0.170500E+10     0.170500E+10     0.170500E+10     0.170500E+10     0.170500E+10     0.170500E+10     0.170500E+10     0.170500E+10     0.170500E+10     0.170500E+10     0.170500E+10     0.170500E+10     0.170500E+10     0.170500E+10     0.170500E+10     0.100000E+21
 0.210000E+04     0.915500E+10     0.915500E+10     0.144270E+11     0.144270E+11     0.144270E+11     0.144270E+11     0.144270E+11     0.144270E+11     0.144270E+11     0.144270E+11     0.144270E+11     0.462400E+10     0.447644E+10     0.437700E+10     0.458448E+10     0.462400E+10     0.120129E+11     0.936700E+10     0.927300E+10     0.920109E+10     0.728200E+10     0.722121E+10     0.661059E+10     0.641100E+10     0.677193E+10     0.739912E+10     0.733400E+10     0.669098E+10     0.652100E+10     0.644200E+10     0.584854E+10     0.579700E+10     0.688298E+10     0.574500E+10     0.586400E+10     0.122784E+11     0.147990E+11     0.157166E+11     0.144670E+11     0.107414E+11     0.526600E+10     0.522300E+10     0.518942E+10     0.513900E+10     0.510996E+10     0.600100E+10     0.528200E+10     0.488028E+10     0.484700E+10     0.511220E+10     0.497968E+10     0.464200E+10     0.461740E+10     0.455255E+10     0.452400E+10     0.468413E+10     0.465500E+10     0.449100E+10     0.446473E+10     0.179100E+10     0.249960E+10     0.281300E+10     0.263202E+10     0.241000E+10     0.239100E+10     0.237608E+10     0.215900E+10     0.236734E+10     0.243000E+10     0.219000E+10     0.223929E+10     0.223800E+10     0.250296E+10     0.257368E+10     0.256200E+10     0.241504E+10     0.236190E+10     0.205400E+10     0.195336E+10     0.194200E+10     0.224900E+10     0.195870E+10     0.207700E+10     0.210068E+10     0.226300E+10     0.224500E+10     0.208653E+10     0.179400E+10     0.178299E+10     0.209400E+10     0.207081E+10     0.206000E+10     0.191300E+10     0.190048E+10     0.178600E+10     0.177598E+10     0.211100E+10     0.194500E+10     0.193533E+10     0.180500E+10     0.179440E+10     0.215643E+10     0.214500E+10     0.213487E+10     0.202173E+10     0.178800E+10     0.170500E+10     0.170500E+10     0.170500E+10     0.170500E+10     0.170500E+10     0.170500E+10     0.170500E+10     0.170500E+10     0.170500E+10     0.170500E+10     0.170500E+10     0.170500E+10     0.170500E+10     0.170500E+10     0.170500E+10     0.170500E+10     0.170500E+10     0.170500E+10     0.170500E+10     0.100000E+21
 0.212000E+04     0.915500E+10     0.915500E+10     0.144270E+11     0.144270E+11     0.144270E+11     0.144270E+11     0.144270E+11     0.144270E+11     0.144270E+11     0.144270E+11     0.144270E+11     0.462400E+10     0.448092E+10     0.437700E+10     0.456633E+10     0.462400E+10     0.118974E+11     0.936700E+10     0.927300E+10     0.920588E+10     0.728200E+10     0.722501E+10     0.660461E+10     0.641100E+10     0.675488E+10     0.739340E+10     0.733400E+10     0.668231E+10     0.652100E+10     0.644200E+10     0.584553E+10     0.579700E+10     0.680215E+10     0.574500E+10     0.586400E+10     0.120248E+11     0.147990E+11     0.157496E+11     0.152779E+11     0.105491E+11     0.526600E+10     0.522300E+10     0.519196E+10     0.513900E+10     0.511155E+10     0.539973E+10     0.528200E+10     0.490228E+10     0.484700E+10     0.509091E+10     0.496506E+10     0.464200E+10     0.461826E+10     0.455062E+10     0.452400E+10     0.468231E+10     0.465500E+10     0.456953E+10     0.449208E+10     0.179100E+10     0.252607E+10     0.281300E+10     0.262640E+10     0.241000E+10     0.239100E+10     0.237734E+10     0.215900E+10     0.237032E+10     0.243000E+10     0.219000E+10     0.223621E+10     0.223800E+10     0.248510E+10     0.257328E+10     0.256200E+10     0.242140E+10     0.233718E+10     0.205400E+10     0.195273E+10     0.194200E+10     0.224900E+10     0.196519E+10     0.207700E+10     0.211296E+10     0.226300E+10     0.224500E+10     0.209210E+10     0.179400E+10     0.178396E+10     0.209400E+10     0.207038E+10     0.206000E+10     0.191300E+10     0.190137E+10     0.178600E+10     0.177656E+10     0.211100E+10     0.194500E+10     0.193582E+10     0.180500E+10     0.179533E+10     0.215589E+10     0.214500E+10     0.213518E+10     0.200714E+10     0.178800E+10     0.170500E+10     0.170500E+10     0.170500E+10     0.170500E+10     0.170500E+10     0.170500E+10     0.170500E+10     0.170500E+10     0.170500E+10     0.170500E+10     0.170500E+10     0.170500E+10     0.170500E+10     0.170500E+10     0.170500E+10     0.170500E+10     0.170500E+10     0.170500E+10     0.170500E+10     0.100000E+21
 0.214000E+04     0.927900E+10     0.920031E+10     0.144270E+11     0.144270E+11     0.144270E+11     0.144270E+11     0.144270E+11     0.144270E+11     0.144270E+11     0.144270E+11     0.144270E+11     0.462400E+10     0.447655E+10     0.437700E+10     0.460789E+10     0.462400E+10     0.120192E+11     0.936700E+10     0.927300E+10     0.866597E+10     0.728200E+10     0.721972E+10     0.661043E+10     0.641100E+10     0.677348E+10     0.740513E+10     0.733400E+10     0.669217E+10     0.652100E+10     0.644200E+10     0.584941E+10     0.579700E+10     0.692533E+10     0.574500E+10     0.586400E+10     0.122841E+11     0.147990E+11     0.159318E+11     0.156020E+11     0.140244E+11     0.138290E+11     0.522300E+10     0.518776E+10     0.513900E+10     0.510963E+10     0.505600E+10     0.528200E+10     0.487607E+10     0.484700E+10     0.512988E+10     0.498045E+10     0.464200E+10     0.461741E+10     0.455354E+10     0.452400E+10     0.468473E+10     0.465500E+10     0.461500E+10     0.450469E+10     0.248300E+10     0.247275E+10     0.281300E+10     0.263178E+10     0.241000E+10     0.239100E+10     0.237480E+10     0.215900E+10     0.236706E+10     0.243000E+10     0.219000E+10     0.224031E+10     0.223800E+10     0.251215E+10     0.257368E+10     0.256200E+10     0.241471E+10     0.238243E+10     0.205400E+10     0.195348E+10     0.194200E+10     0.224900E+10     0.195738E+10     0.207700E+10     0.205742E+10     0.204400E+10     0.224500E+10     0.208656E+10     0.179400E+10     0.178139E+10     0.209400E+10     0.202317E+10     0.192900E+10     0.191300E+10     0.190001E+10     0.178600E+10     0.177581E+10     0.211100E+10     0.194500E+10     0.193526E+10     0.180500E+10     0.179342E+10     0.215648E+10     0.214500E+10     0.213488E+10     0.202748E+10     0.178800E+10     0.170500E+10     0.170500E+10     0.170500E+10     0.170500E+10     0.170500E+10     0.170500E+10     0.170500E+10     0.170500E+10     0.170500E+10     0.170500E+10     0.170500E+10     0.170500E+10     0.170500E+10     0.170500E+10     0.170500E+10     0.170500E+10     0.170500E+10     0.170500E+10     0.170500E+10     0.100000E+21
 0.216000E+04     0.927900E+10     0.925389E+10     0.144270E+11     0.144270E+11     0.144270E+11     0.144270E+11     0.144270E+11     0.144270E+11     0.144270E+11     0.144270E+11     0.144270E+11     0.462400E+10     0.447862E+10     0.437700E+10     0.458061E+10     0.462400E+10     0.119619E+11     0.936700E+10     0.927300E+10     0.869411E+10     0.728200E+10     0.722235E+10     0.674911E+10     0.641100E+10     0.676471E+10     0.739808E+10     0.733400E+10     0.668750E+10     0.652100E+10     0.644200E+10     0.584753E+10     0.579700E+10     0.703773E+10     0.672573E+10     0.574514E+10     0.121201E+11     0.147990E+11     0.158847E+11     0.156020E+11     0.140212E+11     0.138290E+11     0.522300E+10     0.519005E+10     0.513900E+10     0.511055E+10     0.505600E+10     0.528200E+10     0.515213E+10     0.484700E+10     0.510790E+10     0.507140E+10     0.501036E+10     0.472729E+10     0.455204E+10     0.452400E+10     0.468354E+10     0.465500E+10     0.461500E+10     0.450739E+10     0.248300E+10     0.250543E+10     0.281300E+10     0.262924E+10     0.241000E+10     0.239100E+10     0.237635E+10     0.215900E+10     0.234705E+10     0.236165E+10     0.235353E+10     0.227190E+10     0.223800E+10     0.228900E+10     0.257349E+10     0.256200E+10     0.241786E+10     0.235691E+10     0.205400E+10     0.195312E+10     0.194200E+10     0.224900E+10     0.196111E+10     0.207700E+10     0.205655E+10     0.204400E+10     0.224500E+10     0.208917E+10     0.179400E+10     0.178319E+10     0.209400E+10     0.202138E+10     0.192900E+10     0.191300E+10     0.190072E+10     0.178600E+10     0.177618E+10     0.211100E+10     0.194500E+10     0.193552E+10     0.180500E+10     0.179457E+10     0.215620E+10     0.214500E+10     0.213502E+10     0.201738E+10     0.178800E+10     0.170500E+10     0.170500E+10     0.170500E+10     0.170500E+10     0.170500E+10     0.170500E+10     0.170500E+10     0.170500E+10     0.170500E+10     0.170500E+10     0.170500E+10     0.170500E+10     0.170500E+10     0.170500E+10     0.170500E+10     0.170500E+10     0.170500E+10     0.170500E+10     0.170500E+10     0.100000E+21
 0.218000E+04     0.113557E+11     0.103016E+11     0.144270E+11     0.144270E+11     0.144270E+11     0.144270E+11     0.144270E+11     0.144270E+11     0.144270E+11     0.144270E+11     0.144270E+11     0.462400E+10     0.448376E+10     0.437700E+10     0.455256E+10     0.462400E+10     0.118171E+11     0.936700E+10     0.927300E+10     0.875366E+10     0.728200E+10     0.714480E+10     0.680937E+10     0.641100E+10     0.674265E+10     0.738861E+10     0.733400E+10     0.667588E+10     0.652100E+10     0.644200E+10     0.584308E+10     0.579700E+10     0.717292E+10     0.711700E+10     0.567100E+10     0.117762E+11     0.147990E+11     0.154988E+11     0.156020E+11     0.140131E+11     0.138290E+11     0.522300E+10     0.519400E+10     0.513900E+10     0.511278E+10     0.505600E+10     0.528200E+10     0.525507E+10     0.484700E+10     0.507262E+10     0.514242E+10     0.511700E+10     0.481842E+10     0.454895E+10     0.452400E+10     0.468085E+10     0.465500E+10     0.461500E+10     0.451416E+10     0.248300E+10     0.254655E+10     0.281300E+10     0.262294E+10     0.241000E+10     0.239100E+10     0.237831E+10     0.215900E+10     0.233014E+10     0.231900E+10     0.241400E+10     0.228970E+10     0.223800E+10     0.222712E+10     0.257302E+10     0.256200E+10     0.242581E+10     0.231595E+10     0.205400E+10     0.197061E+10     0.194200E+10     0.215803E+10     0.197021E+10     0.207700E+10     0.205505E+10     0.204400E+10     0.224500E+10     0.209572E+10     0.179400E+10     0.178470E+10     0.209400E+10     0.204033E+10     0.198363E+10     0.191300E+10     0.190209E+10     0.178600E+10     0.177704E+10     0.211100E+10     0.194500E+10     0.193619E+10     0.180500E+10     0.179611E+10     0.215550E+10     0.214500E+10     0.213537E+10     0.199478E+10     0.178800E+10     0.170500E+10     0.170500E+10     0.170500E+10     0.170500E+10     0.170500E+10     0.170500E+10     0.170500E+10     0.170500E+10     0.170500E+10     0.170500E+10     0.170500E+10     0.170500E+10     0.170500E+10     0.170500E+10     0.170500E+10     0.170500E+10     0.170500E+10     0.170500E+10     0.170500E+10     0.100000E+21
 0.220000E+04     0.149760E+11     0.149760E+11     0.104280E+11     0.144270E+11     0.144270E+11     0.144270E+11     0.144270E+11     0.144270E+11     0.144270E+11     0.144270E+11     0.144270E+11     0.462400E+10     0.447646E+10     0.437700E+10     0.460853E+10     0.462400E+10     0.120213E+11     0.936700E+10     0.927300E+10     0.866550E+10     0.728200E+10     0.694442E+10     0.682976E+10     0.641100E+10     0.677377E+10     0.740522E+10     0.733400E+10     0.669231E+10     0.652100E+10     0.644200E+10     0.584945E+10     0.579700E+10     0.718362E+10     0.711700E+10     0.567100E+10     0.122188E+11     0.147990E+11     0.144981E+11     0.156020E+11     0.140246E+11     0.138290E+11     0.522300E+10     0.518773E+10     0.513900E+10     0.510961E+10     0.505600E+10     0.528200E+10     0.525185E+10     0.467600E+10     0.477997E+10     0.514452E+10     0.511700E+10     0.480013E+10     0.455356E+10     0.452400E+10     0.468475E+10     0.465500E+10     0.461500E+10     0.450460E+10     0.248300E+10     0.243323E+10     0.241700E+10     0.278556E+10     0.277400E+10     0.239100E+10     0.237477E+10     0.215900E+10     0.233119E+10     0.231900E+10     0.241400E+10     0.222940E+10     0.223800E+10     0.222512E+10     0.257369E+10     0.256200E+10     0.241459E+10     0.234443E+10     0.244600E+10     0.201019E+10     0.194200E+10     0.203000E+10     0.205048E+10     0.207700E+10     0.205744E+10     0.204400E+10     0.224500E+10     0.223451E+10     0.179400E+10     0.178129E+10     0.209400E+10     0.207082E+10     0.206000E+10     0.191300E+10     0.190000E+10     0.178600E+10     0.177580E+10     0.211100E+10     0.209400E+10     0.198049E+10     0.180500E+10     0.179341E+10     0.215648E+10     0.214500E+10     0.213487E+10     0.202765E+10     0.178800E+10     0.170500E+10     0.170500E+10     0.170500E+10     0.170500E+10     0.170500E+10     0.170500E+10     0.170500E+10     0.170500E+10     0.170500E+10     0.170500E+10     0.170500E+10     0.170500E+10     0.170500E+10     0.170500E+10     0.170500E+10     0.170500E+10     0.170500E+10     0.170500E+10     0.170500E+10     0.100000E+21
 0.222000E+04     0.154971E+11     0.151628E+11     0.135332E+11     0.144270E+11     0.144270E+11     0.144270E+11     0.144270E+11     0.144270E+11     0.144270E+11     0.144270E+11     0.144270E+11     0.462400E+10     0.448376E+10     0.437700E+10     0.455256E+10     0.462400E+10     0.118171E+11     0.936700E+10     0.927300E+10     0.875366E+10     0.728200E+10     0.699072E+10     0.680937E+10     0.641100E+10     0.674265E+10     0.738861E+10     0.733400E+10     0.667588E+10     0.652100E+10     0.644200E+10     0.584308E+10     0.579700E+10     0.717292E+10     0.711700E+10     0.567100E+10     0.805800E+10     0.147990E+11     0.147940E+11     0.156020E+11     0.140131E+11     0.138290E+11     0.522300E+10     0.519400E+10     0.513900E+10     0.511278E+10     0.505600E+10     0.528200E+10     0.525507E+10     0.467600E+10     0.475886E+10     0.514242E+10     0.511700E+10     0.481842E+10     0.454895E+10     0.452400E+10     0.459104E+10     0.465500E+10     0.461500E+10     0.451416E+10     0.248300E+10     0.242969E+10     0.241700E+10     0.278509E+10     0.277400E+10     0.239100E+10     0.237831E+10     0.215900E+10     0.225409E+10     0.231900E+10     0.241400E+10     0.225361E+10     0.223800E+10     0.222712E+10     0.257302E+10     0.256200E+10     0.242581E+10     0.236506E+10     0.244600E+10     0.200291E+10     0.194200E+10     0.203000E+10     0.201702E+10     0.196070E+10     0.205505E+10     0.204400E+10     0.224500E+10     0.223513E+10     0.190700E+10     0.181188E+10     0.209400E+10     0.207009E+10     0.206000E+10     0.191300E+10     0.190209E+10     0.178600E+10     0.177704E+10     0.211100E+10     0.209400E+10     0.199138E+10     0.187512E+10     0.181906E+10     0.200688E+10     0.214500E+10     0.213537E+10     0.199478E+10     0.178800E+10     0.170500E+10     0.170500E+10     0.170500E+10     0.170500E+10     0.170500E+10     0.170500E+10     0.170500E+10     0.170500E+10     0.170500E+10     0.170500E+10     0.170500E+10     0.170500E+10     0.170500E+10     0.170500E+10     0.170500E+10     0.170500E+10     0.170500E+10     0.170500E+10     0.170500E+10     0.100000E+21
 0.224000E+04     0.157960E+11     0.157960E+11     0.148267E+11     0.144270E+11     0.144270E+11     0.144270E+11     0.144270E+11     0.144270E+11     0.144270E+11     0.144270E+11     0.144270E+11     0.462400E+10     0.447862E+10     0.527700E+10     0.473870E+10     0.134080E+11     0.119619E+11     0.936700E+10     0.927300E+10     0.869411E+10     0.728200E+10     0.695888E+10     0.682374E+10     0.641100E+10     0.676471E+10     0.739808E+10     0.733400E+10     0.668750E+10     0.652100E+10     0.644200E+10     0.584753E+10     0.579700E+10     0.717994E+10     0.711700E+10     0.567100E+10     0.574590E+10     0.147990E+11     0.146634E+11     0.156020E+11     0.140212E+11     0.138290E+11     0.522300E+10     0.519005E+10     0.513900E+10     0.511055E+10     0.505600E+10     0.528200E+10     0.525281E+10     0.467600E+10     0.477181E+10     0.514391E+10     0.511700E+10     0.480550E+10     0.455204E+10     0.452400E+10     0.453061E+10     0.465500E+10     0.461500E+10     0.450739E+10     0.248300E+10     0.245606E+10     0.241700E+10     0.278542E+10     0.277400E+10     0.239100E+10     0.237635E+10     0.235500E+10     0.220148E+10     0.231900E+10     0.230200E+10     0.220688E+10     0.215500E+10     0.220245E+10     0.234486E+10     0.256200E+10     0.254983E+10     0.235240E+10     0.244600E+10     0.200804E+10     0.194200E+10     0.192600E+10     0.212786E+10     0.189400E+10     0.205655E+10     0.204400E+10     0.202700E+10     0.214888E+10     0.197300E+10     0.181338E+10     0.176700E+10     0.207061E+10     0.206000E+10     0.191300E+10     0.190072E+10     0.178600E+10     0.177618E+10     0.175900E+10     0.209400E+10     0.198367E+10     0.191600E+10     0.182286E+10     0.190327E+10     0.214500E+10     0.213502E+10     0.201738E+10     0.178800E+10     0.170500E+10     0.170500E+10     0.170500E+10     0.170500E+10     0.170500E+10     0.170500E+10     0.170500E+10     0.170500E+10     0.170500E+10     0.170500E+10     0.170500E+10     0.170500E+10     0.170500E+10     0.170500E+10     0.170500E+10     0.170500E+10     0.170500E+10     0.170500E+10     0.170500E+10     0.100000E+21
 0.226000E+04     0.892025E+10     0.143331E+11     0.153667E+11     0.144270E+11     0.144270E+11     0.144270E+11     0.144270E+11     0.144270E+11     0.144270E+11     0.144270E+11     0.144270E+11     0.462400E+10     0.447655E+10     0.527700E+10     0.466659E+10     0.134080E+11     0.120192E+11     0.936700E+10     0.927300E+10     0.866597E+10     0.728200E+10     0.694466E+10     0.682950E+10     0.641100E+10     0.677348E+10     0.740513E+10     0.733400E+10     0.669217E+10     0.652100E+10     0.644200E+10     0.584941E+10     0.579700E+10     0.718357E+10     0.711700E+10     0.567100E+10     0.574735E+10     0.147990E+11     0.145070E+11     0.156020E+11     0.140244E+11     0.138290E+11     0.522300E+10     0.518776E+10     0.513900E+10     0.510963E+10     0.505600E+10     0.585152E+10     0.536369E+10     0.467600E+10     0.477988E+10     0.514449E+10     0.511700E+10     0.480035E+10     0.455354E+10     0.452400E+10     0.452542E+10     0.465500E+10     0.461500E+10     0.450469E+10     0.248300E+10     0.246021E+10     0.241700E+10     0.278555E+10     0.277400E+10     0.239100E+10     0.237480E+10     0.235500E+10     0.216354E+10     0.220286E+10     0.230200E+10     0.233315E+10     0.215500E+10     0.220498E+10     0.234127E+10     0.256200E+10     0.254956E+10     0.234451E+10     0.244600E+10     0.201013E+10     0.194200E+10     0.192600E+10     0.215570E+10     0.199879E+10     0.205742E+10     0.204400E+10     0.202700E+10     0.215092E+10     0.197300E+10     0.178678E+10     0.176700E+10     0.207082E+10     0.206000E+10     0.200593E+10     0.191335E+10     0.186629E+10     0.179012E+10     0.175900E+10     0.209400E+10     0.205160E+10     0.191600E+10     0.181261E+10     0.189727E+10     0.214500E+10     0.213488E+10     0.202748E+10     0.178800E+10     0.170500E+10     0.170500E+10     0.170500E+10     0.170500E+10     0.170500E+10     0.170500E+10     0.170500E+10     0.170500E+10     0.170500E+10     0.170500E+10     0.170500E+10     0.170500E+10     0.170500E+10     0.170500E+10     0.170500E+10     0.170500E+10     0.170500E+10     0.170500E+10     0.170500E+10     0.100000E+21
 0.228000E+04     0.867200E+10     0.116520E+11     0.142112E+11     0.144270E+11     0.144270E+11     0.144270E+11     0.144270E+11     0.144270E+11     0.144270E+11     0.144270E+11     0.144270E+11     0.462400E+10     0.448092E+10     0.527700E+10     0.477647E+10     0.134080E+11     0.111474E+11     0.936700E+10     0.927300E+10     0.872179E+10     0.728200E+10     0.697330E+10     0.669802E+10     0.641100E+10     0.675488E+10     0.739340E+10     0.733400E+10     0.668231E+10     0.652100E+10     0.644200E+10     0.584553E+10     0.579700E+10     0.717662E+10     0.711700E+10     0.567100E+10     0.574427E+10     0.150299E+11     0.147304E+11     0.156020E+11     0.140176E+11     0.138290E+11     0.522300E+10     0.519196E+10     0.513900E+10     0.511155E+10     0.505600E+10     0.600100E+10     0.549045E+10     0.467600E+10     0.476557E+10     0.514324E+10     0.511700E+10     0.481129E+10     0.455062E+10     0.452400E+10     0.453597E+10     0.465500E+10     0.461500E+10     0.453380E+10     0.248300E+10     0.245344E+10     0.241700E+10     0.278527E+10     0.277400E+10     0.249553E+10     0.241577E+10     0.235500E+10     0.217189E+10     0.212400E+10     0.230200E+10     0.234882E+10     0.215500E+10     0.220005E+10     0.234889E+10     0.256200E+10     0.255013E+10     0.234069E+10     0.240787E+10     0.208885E+10     0.196330E+10     0.192600E+10     0.212272E+10     0.202400E+10     0.205583E+10     0.204400E+10     0.202700E+10     0.214658E+10     0.204067E+10     0.187762E+10     0.176700E+10     0.207038E+10     0.206000E+10     0.204400E+10     0.193712E+10     0.188100E+10     0.180753E+10     0.175900E+10     0.209400E+10     0.208285E+10     0.195471E+10     0.184717E+10     0.185351E+10     0.204465E+10     0.207169E+10     0.200714E+10     0.178800E+10     0.170500E+10     0.170500E+10     0.170500E+10     0.170500E+10     0.170500E+10     0.170500E+10     0.170500E+10     0.170500E+10     0.170500E+10     0.170500E+10     0.170500E+10     0.170500E+10     0.170500E+10     0.170500E+10     0.170500E+10     0.170500E+10     0.170500E+10     0.170500E+10     0.170500E+10     0.100000E+21
 0.230000E+04     0.825259E+10     0.855800E+10     0.101652E+11     0.144270E+11     0.144270E+11     0.144270E+11     0.144270E+11     0.144270E+11     0.144270E+11     0.144270E+11     0.144270E+11     0.462400E+10     0.447644E+10     0.527700E+10     0.472847E+10     0.134080E+11     0.942920E+10     0.936700E+10     0.927300E+10     0.868245E+10     0.728200E+10     0.695275E+10     0.645807E+10     0.641100E+10     0.677193E+10     0.739912E+10     0.733400E+10     0.669098E+10     0.652100E+10     0.644200E+10     0.584854E+10     0.579700E+10     0.718118E+10     0.711700E+10     0.567100E+10     0.574729E+10     0.156150E+11     0.146455E+11     0.156020E+11     0.140245E+11     0.138290E+11     0.522300E+10     0.518942E+10     0.513900E+10     0.510996E+10     0.505600E+10     0.600100E+10     0.546088E+10     0.467600E+10     0.477339E+10     0.514443E+10     0.511700E+10     0.480028E+10     0.455255E+10     0.452400E+10     0.452804E+10     0.465500E+10     0.461500E+10     0.458873E+10     0.375742E+10     0.245680E+10     0.241700E+10     0.265371E+10     0.277400E+10     0.275400E+10     0.243812E+10     0.235500E+10     0.226750E+10     0.212400E+10     0.230200E+10     0.228856E+10     0.231826E+10     0.219397E+10     0.234122E+10     0.256200E+10     0.254959E+10     0.242583E+10     0.230200E+10     0.230987E+10     0.202100E+10     0.192600E+10     0.201692E+10     0.202400E+10     0.195173E+10     0.204400E+10     0.202700E+10     0.215094E+10     0.221000E+10     0.199736E+10     0.176700E+10     0.194727E+10     0.206000E+10     0.204400E+10     0.192895E+10     0.188100E+10     0.180298E+10     0.175900E+10     0.209400E+10     0.208225E+10     0.206000E+10     0.199812E+10     0.177341E+10     0.176400E+10     0.198087E+10     0.202173E+10     0.178800E+10     0.170500E+10     0.170500E+10     0.170500E+10     0.170500E+10     0.170500E+10     0.170500E+10     0.170500E+10     0.170500E+10     0.170500E+10     0.170500E+10     0.170500E+10     0.170500E+10     0.170500E+10     0.170500E+10     0.170500E+10     0.170500E+10     0.170500E+10     0.170500E+10     0.170500E+10     0.100000E+21
 0.232000E+04     0.809000E+10     0.824783E+10     0.108729E+11     0.144270E+11     0.144270E+11     0.144270E+11     0.144270E+11     0.144270E+11     0.144270E+11     0.144270E+11     0.144270E+11     0.462400E+10     0.448535E+10     0.527700E+10     0.482879E+10     0.134080E+11     0.942358E+10     0.936700E+10     0.927300E+10     0.876893E+10     0.728200E+10     0.699911E+10     0.645527E+10     0.641100E+10     0.673614E+10     0.738657E+10     0.733400E+10     0.668479E+10     0.655450E+10     0.644200E+10     0.600945E+10     0.579700E+10     0.717119E+10     0.711700E+10     0.567100E+10     0.574114E+10     0.156150E+11     0.148217E+11     0.156020E+11     0.140107E+11     0.138290E+11     0.522300E+10     0.519494E+10     0.513900E+10     0.511341E+10     0.505600E+10     0.546830E+10     0.533470E+10     0.495751E+10     0.486037E+10     0.514198E+10     0.511700E+10     0.496710E+10     0.454818E+10     0.452400E+10     0.454544E+10     0.465500E+10     0.461500E+10     0.459135E+10     0.441400E+10     0.244969E+10     0.241700E+10     0.256796E+10     0.277400E+10     0.275400E+10     0.249456E+10     0.235500E+10     0.225316E+10     0.212400E+10     0.219669E+10     0.225478E+10     0.238200E+10     0.223075E+10     0.227313E+10     0.235891E+10     0.247187E+10     0.243846E+10     0.230200E+10     0.222692E+10     0.202100E+10     0.192600E+10     0.201940E+10     0.212666E+10     0.193308E+10     0.204400E+10     0.202700E+10     0.207580E+10     0.221000E+10     0.203651E+10     0.176700E+10     0.188057E+10     0.206000E+10     0.204400E+10     0.199387E+10     0.188100E+10     0.184457E+10     0.175900E+10     0.190543E+10     0.201439E+10     0.206000E+10     0.205022E+10     0.177248E+10     0.176400E+10     0.185555E+10     0.198882E+10     0.178800E+10     0.170500E+10     0.170500E+10     0.170500E+10     0.170500E+10     0.170500E+10     0.170500E+10     0.170500E+10     0.170500E+10     0.170500E+10     0.170500E+10     0.170500E+10     0.170500E+10     0.170500E+10     0.170500E+10     0.170500E+10     0.170500E+10     0.170500E+10     0.170500E+10     0.170500E+10     0.100000E+21
 0.234000E+04     0.809000E+10     0.809000E+10     0.103074E+11     0.144270E+11     0.144270E+11     0.144270E+11     0.144270E+11     0.144270E+11     0.144270E+11     0.144270E+11     0.144270E+11     0.462400E+10     0.448199E+10     0.527700E+10     0.479180E+10     0.134080E+11     0.942577E+10     0.936700E+10     0.927300E+10     0.873461E+10     0.728200E+10     0.698028E+10     0.645632E+10     0.641100E+10     0.675019E+10     0.739137E+10     0.733400E+10     0.670180E+10     0.658300E+10     0.644200E+10     0.617156E+10     0.579700E+10     0.666415E+10     0.711700E+10     0.567100E+10     0.574350E+10     0.156150E+11     0.147573E+11     0.156020E+11     0.140159E+11     0.138290E+11     0.522300E+10     0.519280E+10     0.513900E+10     0.511203E+10     0.505600E+10     0.501500E+10     0.516334E+10     0.519800E+10     0.493637E+10     0.514293E+10     0.511700E+10     0.509288E+10     0.454994E+10     0.452400E+10     0.453850E+10     0.465500E+10     0.461500E+10     0.459032E+10     0.441400E+10     0.242292E+10     0.227854E+10     0.256393E+10     0.277400E+10     0.275400E+10     0.267176E+10     0.235500E+10     0.230007E+10     0.224431E+10     0.210700E+10     0.222830E+10     0.230064E+10     0.230691E+10     0.216435E+10     0.218600E+10     0.240641E+10     0.245017E+10     0.230200E+10     0.226998E+10     0.229224E+10     0.192600E+10     0.197159E+10     0.206249E+10     0.199272E+10     0.204400E+10     0.202700E+10     0.201757E+10     0.221000E+10     0.215326E+10     0.188961E+10     0.180058E+10     0.186255E+10     0.204400E+10     0.203195E+10     0.188100E+10     0.187043E+10     0.175900E+10     0.174500E+10     0.195935E+10     0.206000E+10     0.204933E+10     0.177284E+10     0.176400E+10     0.175654E+10     0.200219E+10     0.178800E+10     0.170500E+10     0.170500E+10     0.170500E+10     0.170500E+10     0.170500E+10     0.170500E+10     0.170500E+10     0.170500E+10     0.170500E+10     0.170500E+10     0.170500E+10     0.170500E+10     0.170500E+10     0.170500E+10     0.170500E+10     0.170500E+10     0.170500E+10     0.170500E+10     0.170500E+10     0.100000E+21
 0.236000E+04     0.747157E+10     0.792602E+10     0.970313E+10     0.144270E+11     0.144270E+11     0.144270E+11     0.144270E+11     0.144270E+11     0.144270E+11     0.135147E+11     0.819692E+10     0.462400E+10     0.447639E+10     0.527700E+10     0.472275E+10     0.134080E+11     0.942926E+10     0.936700E+10     0.927300E+10     0.867995E+10     0.728200E+10     0.695148E+10     0.645808E+10     0.641100E+10     0.677236E+10     0.739982E+10     0.733400E+10     0.671034E+10     0.658300E+10     0.644200E+10     0.620401E+10     0.579700E+10     0.640180E+10     0.711700E+10     0.567100E+10     0.567287E+10     0.156150E+11     0.146350E+11     0.156020E+11     0.140246E+11     0.138290E+11     0.105223E+11     0.603597E+10     0.513900E+10     0.510989E+10     0.505600E+10     0.501500E+10     0.517502E+10     0.519800E+10     0.490183E+10     0.498634E+10     0.511700E+10     0.509177E+10     0.455269E+10     0.452400E+10     0.450014E+10     0.451646E+10     0.461500E+10     0.458869E+10     0.441400E+10     0.242420E+10     0.221500E+10     0.255714E+10     0.277400E+10     0.275400E+10     0.273810E+10     0.235500E+10     0.233114E+10     0.231900E+10     0.210700E+10     0.214093E+10     0.226600E+10     0.234030E+10     0.214601E+10     0.218600E+10     0.241938E+10     0.249660E+10     0.245121E+10     0.232039E+10     0.241000E+10     0.196999E+10     0.193524E+10     0.199700E+10     0.199564E+10     0.192769E+10     0.202700E+10     0.201713E+10     0.221000E+10     0.219544E+10     0.194500E+10     0.174827E+10     0.174000E+10     0.204400E+10     0.203062E+10     0.188100E+10     0.186951E+10     0.181058E+10     0.174500E+10     0.197477E+10     0.206000E+10     0.204775E+10     0.187836E+10     0.176400E+10     0.175625E+10     0.183683E+10     0.178800E+10     0.170500E+10     0.170500E+10     0.170500E+10     0.170500E+10     0.170500E+10     0.170500E+10     0.170500E+10     0.170500E+10     0.170500E+10     0.170500E+10     0.170500E+10     0.170500E+10     0.170500E+10     0.170500E+10     0.170500E+10     0.170500E+10     0.170500E+10     0.170500E+10     0.170500E+10     0.100000E+21
 0.238000E+04     0.725600E+10     0.725600E+10     0.809000E+10     0.809000E+10     0.144270E+11     0.144270E+11     0.144270E+11     0.144270E+11     0.144270E+11     0.127693E+11     0.462400E+10     0.462400E+10     0.447815E+10     0.527700E+10     0.471250E+10     0.134080E+11     0.942843E+10     0.936700E+10     0.927300E+10     0.868058E+10     0.728200E+10     0.695144E+10     0.645753E+10     0.641100E+10     0.676777E+10     0.740152E+10     0.733400E+10     0.670888E+10     0.658300E+10     0.644200E+10     0.620208E+10     0.579700E+10     0.639984E+10     0.711700E+10     0.567100E+10     0.562518E+10     0.156150E+11     0.146155E+11     0.156020E+11     0.147046E+11     0.138290E+11     0.135150E+11     0.676159E+10     0.513900E+10     0.511016E+10     0.505600E+10     0.501500E+10     0.517347E+10     0.519800E+10     0.476550E+10     0.489060E+10     0.511700E+10     0.509210E+10     0.455285E+10     0.452400E+10     0.447535E+10     0.444700E+10     0.461500E+10     0.458903E+10     0.441400E+10     0.242738E+10     0.221500E+10     0.239130E+10     0.238100E+10     0.275400E+10     0.273786E+10     0.271500E+10     0.233099E+10     0.231900E+10     0.230200E+10     0.214460E+10     0.226600E+10     0.225342E+10     0.228621E+10     0.218600E+10     0.241627E+10     0.251962E+10     0.250500E+10     0.227868E+10     0.226600E+10     0.200400E+10     0.190526E+10     0.189400E+10     0.213266E+10     0.186200E+10     0.202700E+10     0.201726E+10     0.199400E+10     0.216788E+10     0.194500E+10     0.174816E+10     0.174000E+10     0.204400E+10     0.203059E+10     0.201100E+10     0.190669E+10     0.185000E+10     0.174500E+10     0.173611E+10     0.206000E+10     0.204744E+10     0.193873E+10     0.176400E+10     0.175634E+10     0.175095E+10     0.178800E+10     0.170500E+10     0.170500E+10     0.170500E+10     0.170500E+10     0.170500E+10     0.170500E+10     0.170500E+10     0.170500E+10     0.170500E+10     0.170500E+10     0.170500E+10     0.170500E+10     0.170500E+10     0.170500E+10     0.170500E+10     0.170500E+10     0.170500E+10     0.170500E+10     0.170500E+10     0.100000E+21
 0.240000E+04     0.884729E+10     0.781283E+10     0.777335E+10     0.809000E+10     0.144270E+11     0.144270E+11     0.144270E+11     0.144270E+11     0.144270E+11     0.122274E+11     0.462400E+10     0.462400E+10     0.447692E+10     0.527700E+10     0.476052E+10     0.134080E+11     0.942872E+10     0.936700E+10     0.927300E+10     0.870022E+10     0.728200E+10     0.696196E+10     0.645792E+10     0.641100E+10     0.676836E+10     0.718249E+10     0.733400E+10     0.670853E+10     0.658300E+10     0.644200E+10     0.619404E+10     0.579700E+10     0.643121E+10     0.711700E+10     0.567100E+10     0.562487E+10     0.104211E+11     0.145544E+11     0.148425E+11     0.147117E+11     0.138290E+11     0.135150E+11     0.713356E+10     0.513900E+10     0.511044E+10     0.505600E+10     0.501500E+10     0.517213E+10     0.519800E+10     0.479988E+10     0.488949E+10     0.511700E+10     0.509189E+10     0.455153E+10     0.452400E+10     0.447468E+10     0.444700E+10     0.461500E+10     0.458899E+10     0.441400E+10     0.241101E+10     0.221500E+10     0.239138E+10     0.238100E+10     0.275400E+10     0.273910E+10     0.271500E+10     0.233100E+10     0.231900E+10     0.230200E+10     0.214832E+10     0.216340E+10     0.222543E+10     0.227093E+10     0.214220E+10     0.227687E+10     0.251846E+10     0.250500E+10     0.227857E+10     0.226600E+10     0.220158E+10     0.190515E+10     0.189400E+10     0.213297E+10     0.192953E+10     0.202700E+10     0.201718E+10     0.199400E+10     0.215244E+10     0.194500E+10     0.180648E+10     0.174000E+10     0.187779E+10     0.199195E+10     0.201100E+10     0.190876E+10     0.185000E+10     0.174500E+10     0.173613E+10     0.206000E+10     0.204867E+10     0.198078E+10     0.189571E+10     0.180713E+10     0.175213E+10     0.178800E+10     0.170500E+10     0.170500E+10     0.170500E+10     0.170500E+10     0.170500E+10     0.170500E+10     0.170500E+10     0.170500E+10     0.170500E+10     0.170500E+10     0.170500E+10     0.170500E+10     0.170500E+10     0.170500E+10     0.170500E+10     0.170500E+10     0.170500E+10     0.170500E+10     0.170500E+10     0.100000E+21
 0.242000E+04     0.102330E+11     0.927993E+10     0.742272E+10     0.771816E+10     0.144270E+11     0.144270E+11     0.144270E+11     0.144270E+11     0.144270E+11     0.112584E+11     0.462400E+10     0.462400E+10     0.448521E+10     0.498570E+10     0.472872E+10     0.134080E+11     0.942367E+10     0.936700E+10     0.927300E+10     0.876768E+10     0.728200E+10     0.699842E+10     0.645531E+10     0.641100E+10     0.673669E+10     0.704705E+10     0.733400E+10     0.669654E+10     0.658300E+10     0.644200E+10     0.615110E+10     0.579700E+10     0.637500E+10     0.711700E+10     0.630694E+10     0.589767E+10     0.571800E+10     0.143745E+11     0.141520E+11     0.146540E+11     0.138290E+11     0.135150E+11     0.793128E+10     0.513900E+10     0.511336E+10     0.505600E+10     0.501500E+10     0.508215E+10     0.519800E+10     0.485152E+10     0.490796E+10     0.511700E+10     0.509352E+10     0.467623E+10     0.452400E+10     0.447155E+10     0.444700E+10     0.461500E+10     0.459131E+10     0.446879E+10     0.298465E+10     0.231806E+10     0.234076E+10     0.238100E+10     0.275400E+10     0.274103E+10     0.271500E+10     0.232993E+10     0.231900E+10     0.230200E+10     0.216570E+10     0.207400E+10     0.218277E+10     0.221425E+10     0.210400E+10     0.214271E+10     0.251671E+10     0.250500E+10     0.227729E+10     0.226600E+10     0.239100E+10     0.190401E+10     0.189400E+10     0.206581E+10     0.199100E+10     0.194325E+10     0.198142E+10     0.199400E+10     0.206771E+10     0.194500E+10     0.185178E+10     0.174000E+10     0.172700E+10     0.192578E+10     0.201100E+10     0.195535E+10     0.185000E+10     0.178461E+10     0.175329E+10     0.206000E+10     0.205019E+10     0.202070E+10     0.201100E+10     0.186517E+10     0.175621E+10     0.178800E+10     0.170500E+10     0.170500E+10     0.170500E+10     0.170500E+10     0.170500E+10     0.170500E+10     0.170500E+10     0.170500E+10     0.170500E+10     0.170500E+10     0.170500E+10     0.170500E+10     0.170500E+10     0.170500E+10     0.170500E+10     0.170500E+10     0.170500E+10     0.170500E+10     0.170500E+10     0.100000E+21
 0.244000E+04     0.102330E+11     0.102330E+11     0.841656E+10     0.725600E+10     0.144270E+11     0.144270E+11     0.144270E+11     0.144270E+11     0.144270E+11     0.113593E+11     0.462400E+10     0.462400E+10     0.448449E+10     0.462400E+10     0.462400E+10     0.134080E+11     0.942413E+10     0.936700E+10     0.927300E+10     0.876086E+10     0.728200E+10     0.699467E+10     0.645554E+10     0.641100E+10     0.673963E+10     0.704217E+10     0.733400E+10     0.669767E+10     0.658300E+10     0.644200E+10     0.615539E+10     0.579700E+10     0.618093E+10     0.711700E+10     0.703700E+10     0.618878E+10     0.571800E+10     0.147348E+11     0.141520E+11     0.146591E+11     0.138290E+11     0.135150E+11     0.784884E+10     0.513900E+10     0.511308E+10     0.505600E+10     0.501500E+10     0.498900E+10     0.519800E+10     0.504882E+10     0.490627E+10     0.511700E+10     0.509338E+10     0.484551E+10     0.452400E+10     0.447186E+10     0.444700E+10     0.449835E+10     0.454773E+10     0.453700E+10     0.378374E+10     0.244600E+10     0.228105E+10     0.238100E+10     0.275400E+10     0.274082E+10     0.271500E+10     0.246143E+10     0.231900E+10     0.230200E+10     0.224135E+10     0.207400E+10     0.218432E+10     0.223078E+10     0.224317E+10     0.216401E+10     0.251690E+10     0.250500E+10     0.235528E+10     0.226600E+10     0.231080E+10     0.193397E+10     0.189400E+10     0.197253E+10     0.210380E+10     0.184700E+10     0.194167E+10     0.199400E+10     0.198274E+10     0.208372E+10     0.189198E+10     0.183919E+10     0.172700E+10     0.179783E+10     0.201100E+10     0.200025E+10     0.185000E+10     0.183400E+10     0.177043E+10     0.185512E+10     0.197910E+10     0.202079E+10     0.201100E+10     0.194397E+10     0.175579E+10     0.178800E+10     0.170500E+10     0.170500E+10     0.170500E+10     0.170500E+10     0.170500E+10     0.170500E+10     0.170500E+10     0.170500E+10     0.170500E+10     0.170500E+10     0.170500E+10     0.170500E+10     0.170500E+10     0.170500E+10     0.170500E+10     0.170500E+10     0.170500E+10     0.170500E+10     0.170500E+10     0.100000E+21
 0.246000E+04     0.920937E+10     0.988380E+10     0.980777E+10     0.889693E+10     0.144270E+11     0.144270E+11     0.144270E+11     0.144270E+11     0.144270E+11     0.122412E+11     0.462400E+10     0.462400E+10     0.447690E+10     0.462400E+10     0.462400E+10     0.134080E+11     0.942874E+10     0.936700E+10     0.927300E+10     0.869953E+10     0.728200E+10     0.696159E+10     0.645793E+10     0.641100E+10     0.676851E+10     0.700192E+10     0.733400E+10     0.670860E+10     0.658300E+10     0.644200E+10     0.619440E+10     0.579700E+10     0.606458E+10     0.711700E+10     0.703700E+10     0.612738E+10     0.571800E+10     0.150512E+11     0.141520E+11     0.147119E+11     0.138290E+11     0.135150E+11     0.712321E+10     0.513900E+10     0.511042E+10     0.505600E+10     0.501500E+10     0.498635E+10     0.519800E+10     0.516819E+10     0.481950E+10     0.490169E+10     0.501466E+10     0.488453E+10     0.452400E+10     0.447470E+10     0.444700E+10     0.440800E+10     0.452009E+10     0.453700E+10     0.396141E+10     0.244600E+10     0.227658E+10     0.238100E+10     0.254478E+10     0.269663E+10     0.271500E+10     0.257053E+10     0.231900E+10     0.230200E+10     0.228888E+10     0.207400E+10     0.212308E+10     0.227130E+10     0.233500E+10     0.217420E+10     0.237116E+10     0.250500E+10     0.242044E+10     0.226600E+10     0.224900E+10     0.210402E+10     0.189400E+10     0.192294E+10     0.206458E+10     0.191294E+10     0.197287E+10     0.199400E+10     0.198123E+10     0.217600E+10     0.192548E+10     0.191600E+10     0.172700E+10     0.171642E+10     0.201100E+10     0.199909E+10     0.185000E+10     0.183400E+10     0.176437E+10     0.171800E+10     0.194932E+10     0.202165E+10     0.201100E+10     0.200090E+10     0.179398E+10     0.178800E+10     0.170500E+10     0.170500E+10     0.170500E+10     0.170500E+10     0.170500E+10     0.170500E+10     0.170500E+10     0.170500E+10     0.170500E+10     0.170500E+10     0.170500E+10     0.170500E+10     0.170500E+10     0.170500E+10     0.170500E+10     0.170500E+10     0.170500E+10     0.170500E+10     0.170500E+10     0.100000E+21
 0.248000E+04     0.837600E+10     0.866223E+10     0.102330E+11     0.102330E+11     0.144270E+11     0.144270E+11     0.144270E+11     0.144270E+11     0.144270E+11     0.131275E+11     0.462400E+10     0.462400E+10     0.447740E+10     0.462400E+10     0.462400E+10     0.134080E+11     0.942898E+10     0.936700E+10     0.927300E+10     0.866660E+10     0.728200E+10     0.694427E+10     0.645776E+10     0.641100E+10     0.677144E+10     0.694523E+10     0.733400E+10     0.673009E+10     0.667396E+10     0.648432E+10     0.629229E+10     0.623308E+10     0.598658E+10     0.711700E+10     0.703700E+10     0.612707E+10     0.571800E+10     0.152210E+11     0.141520E+11     0.147101E+11     0.138290E+11     0.135150E+11     0.652429E+10     0.513900E+10     0.510974E+10     0.505600E+10     0.501500E+10     0.498571E+10     0.519800E+10     0.516425E+10     0.466757E+10     0.472600E+10     0.493989E+10     0.491149E+10     0.452400E+10     0.447591E+10     0.444700E+10     0.440800E+10     0.452106E+10     0.453700E+10     0.427946E+10     0.244600E+10     0.231707E+10     0.224495E+10     0.236200E+10     0.269659E+10     0.271500E+10     0.257271E+10     0.231900E+10     0.230200E+10     0.228831E+10     0.207400E+10     0.206108E+10     0.224118E+10     0.222190E+10     0.214693E+10     0.222137E+10     0.250500E+10     0.242385E+10     0.226600E+10     0.224900E+10     0.223585E+10     0.189400E+10     0.189202E+10     0.196500E+10     0.210357E+10     0.196146E+10     0.199400E+10     0.197882E+10     0.200356E+10     0.192549E+10     0.191600E+10     0.172700E+10     0.171564E+10     0.201100E+10     0.199864E+10     0.193880E+10     0.183400E+10     0.181128E+10     0.171800E+10     0.173072E+10     0.202174E+10     0.201100E+10     0.200094E+10     0.191365E+10     0.178800E+10     0.170500E+10     0.170500E+10     0.170500E+10     0.170500E+10     0.170500E+10     0.170500E+10     0.170500E+10     0.170500E+10     0.170500E+10     0.170500E+10     0.170500E+10     0.170500E+10     0.170500E+10     0.170500E+10     0.170500E+10     0.170500E+10     0.170500E+10     0.170500E+10     0.170500E+10     0.100000E+21
 0.250000E+04     0.837600E+10     0.837600E+10     0.889142E+10     0.102330E+11     0.144270E+11     0.144270E+11     0.144270E+11     0.144270E+11     0.144270E+11     0.123961E+11     0.462400E+10     0.437700E+10     0.437700E+10     0.462400E+10     0.462400E+10     0.134080E+11     0.942896E+10     0.936700E+10     0.927300E+10     0.869204E+10     0.728200E+10     0.695767E+10     0.645800E+10     0.641100E+10     0.635817E+10     0.699282E+10     0.733400E+10     0.707249E+10     0.668600E+10     0.650300E+10     0.634090E+10     0.628500E+10     0.604829E+10     0.711700E+10     0.703700E+10     0.612490E+10     0.552500E+10     0.150730E+11     0.141520E+11     0.142580E+11     0.149360E+11     0.135150E+11     0.132738E+11     0.513900E+10     0.511021E+10     0.505600E+10     0.501500E+10     0.498614E+10     0.493300E+10     0.509497E+10     0.464207E+10     0.472600E+10     0.494079E+10     0.502243E+10     0.499300E+10     0.447500E+10     0.444700E+10     0.440800E+10     0.438253E+10     0.453700E+10     0.446631E+10     0.433700E+10     0.232534E+10     0.218500E+10     0.236200E+10     0.266158E+10     0.271500E+10     0.268940E+10     0.267600E+10     0.230200E+10     0.228873E+10     0.207400E+10     0.206180E+10     0.222443E+10     0.221400E+10     0.228297E+10     0.218905E+10     0.250500E+10     0.248137E+10     0.246800E+10     0.224900E+10     0.215360E+10     0.197100E+10     0.187449E+10     0.186200E+10     0.216200E+10     0.195835E+10     0.199400E+10     0.198092E+10     0.196200E+10     0.207002E+10     0.191600E+10     0.190200E+10     0.175700E+10     0.170500E+10     0.190949E+10     0.197800E+10     0.183400E+10     0.182370E+10     0.171800E+10     0.170852E+10     0.202170E+10     0.201100E+10     0.200089E+10     0.192343E+10     0.178800E+10     0.170500E+10     0.170500E+10     0.170500E+10     0.170500E+10     0.170500E+10     0.170500E+10     0.170500E+10     0.170500E+10     0.170500E+10     0.170500E+10     0.170500E+10     0.170500E+10     0.170500E+10     0.170500E+10     0.170500E+10     0.170500E+10     0.170500E+10     0.170500E+10     0.170500E+10     0.100000E+21
 0.252000E+04     0.937695E+10     0.982977E+10     0.875013E+10     0.958317E+10     0.144270E+11     0.144270E+11     0.144270E+11     0.144270E+11     0.144270E+11     0.115260E+11     0.462400E+10     0.437700E+10     0.437700E+10     0.462400E+10     0.462400E+10     0.134080E+11     0.942484E+10     0.936700E+10     0.927300E+10     0.874983E+10     0.728200E+10     0.698861E+10     0.645588E+10     0.641100E+10     0.636198E+10     0.703393E+10     0.733400E+10     0.704232E+10     0.668600E+10     0.650300E+10     0.633589E+10     0.628500E+10     0.601961E+10     0.676723E+10     0.703700E+10     0.648057E+10     0.552500E+10     0.128009E+11     0.141520E+11     0.142939E+11     0.149360E+11     0.135150E+11     0.132999E+11     0.513900E+10     0.511263E+10     0.505600E+10     0.501500E+10     0.498856E+10     0.493300E+10     0.507644E+10     0.464759E+10     0.472600E+10     0.492955E+10     0.501944E+10     0.499300E+10     0.447236E+10     0.444700E+10     0.440800E+10     0.438438E+10     0.453700E+10     0.445148E+10     0.433700E+10     0.232004E+10     0.218500E+10     0.236200E+10     0.254005E+10     0.271500E+10     0.268843E+10     0.267600E+10     0.230200E+10     0.228999E+10     0.207400E+10     0.206304E+10     0.218185E+10     0.221400E+10     0.227843E+10     0.216841E+10     0.237496E+10     0.248025E+10     0.246800E+10     0.224900E+10     0.219912E+10     0.210535E+10     0.187314E+10     0.186200E+10     0.207510E+10     0.195871E+10     0.199400E+10     0.198245E+10     0.196200E+10     0.201336E+10     0.191600E+10     0.190200E+10     0.177210E+10     0.170500E+10     0.189118E+10     0.197800E+10     0.187872E+10     0.184532E+10     0.171800E+10     0.170966E+10     0.202093E+10     0.201100E+10     0.200134E+10     0.191051E+10     0.178800E+10     0.170500E+10     0.170500E+10     0.170500E+10     0.170500E+10     0.170500E+10     0.170500E+10     0.170500E+10     0.170500E+10     0.170500E+10     0.170500E+10     0.170500E+10     0.170500E+10     0.170500E+10     0.170500E+10     0.170500E+10     0.170500E+10     0.170500E+10     0.170500E+10     0.170500E+10     0.100000E+21
 0.254000E+04     0.112400E+11     0.116484E+11     0.971724E+10     0.837600E+10     0.144270E+11     0.144270E+11     0.144270E+11     0.144270E+11     0.144270E+11     0.112191E+11     0.462400E+10     0.437700E+10     0.437700E+10     0.462400E+10     0.462400E+10     0.134080E+11     0.942348E+10     0.936700E+10     0.927300E+10     0.877035E+10     0.728200E+10     0.699989E+10     0.663189E+10     0.641100E+10     0.636326E+10     0.704893E+10     0.733400E+10     0.703202E+10     0.668600E+10     0.650300E+10     0.633410E+10     0.628500E+10     0.586282E+10     0.613100E+10     0.703700E+10     0.698973E+10     0.552500E+10     0.841594E+10     0.145557E+11     0.143053E+11     0.149360E+11     0.135150E+11     0.133092E+11     0.513900E+10     0.511347E+10     0.505600E+10     0.501500E+10     0.498940E+10     0.493300E+10     0.506962E+10     0.480493E+10     0.472600E+10     0.481319E+10     0.501834E+10     0.499300E+10     0.447142E+10     0.444700E+10     0.440800E+10     0.438500E+10     0.453700E+10     0.446612E+10     0.439938E+10     0.288879E+10     0.229857E+10     0.236200E+10     0.235046E+10     0.271500E+10     0.268810E+10     0.267600E+10     0.230200E+10     0.229043E+10     0.207400E+10     0.206349E+10     0.211459E+10     0.221400E+10     0.223963E+10     0.209518E+10     0.213500E+10     0.247986E+10     0.246800E+10     0.224900E+10     0.227779E+10     0.235500E+10     0.189875E+10     0.186200E+10     0.194900E+10     0.195415E+10     0.190372E+10     0.195519E+10     0.196200E+10     0.198008E+10     0.202953E+10     0.190200E+10     0.183611E+10     0.170500E+10     0.179340E+10     0.197800E+10     0.196200E+10     0.187411E+10     0.176211E+10     0.172721E+10     0.192202E+10     0.201100E+10     0.200148E+10     0.190580E+10     0.178800E+10     0.170500E+10     0.170500E+10     0.170500E+10     0.170500E+10     0.170500E+10     0.170500E+10     0.170500E+10     0.170500E+10     0.170500E+10     0.170500E+10     0.170500E+10     0.170500E+10     0.170500E+10     0.170500E+10     0.170500E+10     0.170500E+10     0.170500E+10     0.170500E+10     0.170500E+10     0.100000E+21
 0.256000E+04     0.105630E+11     0.109908E+11     0.116391E+11     0.126600E+11     0.100757E+11     0.144270E+11     0.144270E+11     0.144270E+11     0.144270E+11     0.123553E+11     0.462400E+10     0.437700E+10     0.437700E+10     0.462400E+10     0.462400E+10     0.134080E+11     0.942890E+10     0.936700E+10     0.927300E+10     0.869396E+10     0.728200E+10     0.695867E+10     0.682906E+10     0.641100E+10     0.635823E+10     0.699523E+10     0.733400E+10     0.707195E+10     0.668600E+10     0.650300E+10     0.634077E+10     0.628500E+10     0.581998E+10     0.613100E+10     0.703700E+10     0.698569E+10     0.552500E+10     0.739447E+10     0.149480E+11     0.142583E+11     0.149360E+11     0.135150E+11     0.132749E+11     0.513900E+10     0.511026E+10     0.505600E+10     0.501500E+10     0.498619E+10     0.493300E+10     0.509401E+10     0.491946E+10     0.455800E+10     0.463651E+10     0.502232E+10     0.499300E+10     0.481816E+10     0.444700E+10     0.440800E+10     0.438256E+10     0.433200E+10     0.449034E+10     0.446000E+10     0.350067E+10     0.241000E+10     0.217000E+10     0.230974E+10     0.271500E+10     0.268939E+10     0.267600E+10     0.265700E+10     0.238286E+10     0.207400E+10     0.206184E+10     0.210727E+10     0.221400E+10     0.220230E+10     0.208807E+10     0.213500E+10     0.248135E+10     0.246800E+10     0.245000E+10     0.222592E+10     0.221400E+10     0.223114E+10     0.186200E+10     0.184700E+10     0.203026E+10     0.181600E+10     0.194755E+10     0.196200E+10     0.193913E+10     0.192900E+10     0.190200E+10     0.189130E+10     0.170500E+10     0.170500E+10     0.197800E+10     0.196200E+10     0.195035E+10     0.180500E+10     0.173261E+10     0.180659E+10     0.201100E+10     0.200089E+10     0.192302E+10     0.178800E+10     0.170500E+10     0.170500E+10     0.170500E+10     0.170500E+10     0.170500E+10     0.170500E+10     0.170500E+10     0.170500E+10     0.170500E+10     0.170500E+10     0.170500E+10     0.170500E+10     0.170500E+10     0.170500E+10     0.170500E+10     0.170500E+10     0.170500E+10     0.170500E+10     0.170500E+10     0.100000E+21
 0.258000E+04     0.105630E+11     0.106821E+11     0.113939E+11     0.115301E+11     0.124944E+11     0.144270E+11     0.144270E+11     0.144270E+11     0.144270E+11     0.123446E+11     0.462400E+10     0.437700E+10     0.437700E+10     0.462400E+10     0.462400E+10     0.134080E+11     0.942753E+10     0.936700E+10     0.927300E+10     0.870104E+10     0.728200E+10     0.696216E+10     0.682151E+10     0.641100E+10     0.635939E+10     0.699071E+10     0.733400E+10     0.706367E+10     0.668600E+10     0.650300E+10     0.637167E+10     0.628500E+10     0.582268E+10     0.613100E+10     0.703700E+10     0.698680E+10     0.552500E+10     0.735895E+10     0.149480E+11     0.139253E+11     0.140081E+11     0.143338E+11     0.134192E+11     0.112040E+11     0.655664E+10     0.505600E+10     0.501500E+10     0.498677E+10     0.493300E+10     0.493721E+10     0.491147E+10     0.455800E+10     0.463494E+10     0.502216E+10     0.499300E+10     0.481245E+10     0.444700E+10     0.440800E+10     0.438312E+10     0.433200E+10     0.449039E+10     0.446000E+10     0.348354E+10     0.241000E+10     0.217000E+10     0.230997E+10     0.241758E+10     0.268909E+10     0.267600E+10     0.265700E+10     0.238708E+10     0.207400E+10     0.206191E+10     0.206265E+10     0.206291E+10     0.216054E+10     0.221401E+10     0.207082E+10     0.228767E+10     0.246800E+10     0.245000E+10     0.222569E+10     0.221400E+10     0.223938E+10     0.191963E+10     0.184700E+10     0.193593E+10     0.191048E+10     0.183927E+10     0.196200E+10     0.193892E+10     0.192900E+10     0.206898E+10     0.192261E+10     0.170500E+10     0.170500E+10     0.197800E+10     0.196200E+10     0.195060E+10     0.180500E+10     0.178419E+10     0.174718E+10     0.176884E+10     0.192185E+10     0.192156E+10     0.178800E+10     0.170500E+10     0.170500E+10     0.170500E+10     0.170500E+10     0.170500E+10     0.170500E+10     0.170500E+10     0.170500E+10     0.170500E+10     0.170500E+10     0.170500E+10     0.170500E+10     0.170500E+10     0.170500E+10     0.170500E+10     0.170500E+10     0.170500E+10     0.170500E+10     0.170500E+10     0.100000E+21
 0.260000E+04     0.951600E+10     0.101817E+11     0.107194E+11     0.112400E+11     0.120738E+11     0.144270E+11     0.144270E+11     0.144270E+11     0.144270E+11     0.130140E+11     0.462400E+10     0.437700E+10     0.437700E+10     0.462400E+10     0.462400E+10     0.462400E+10     0.120235E+11     0.936700E+10     0.927300E+10     0.866863E+10     0.728200E+10     0.694589E+10     0.683029E+10     0.641100E+10     0.635761E+10     0.695504E+10     0.733400E+10     0.707800E+10     0.668600E+10     0.650300E+10     0.638527E+10     0.628500E+10     0.571025E+10     0.565300E+10     0.703700E+10     0.698537E+10     0.552500E+10     0.546266E+10     0.557400E+10     0.137143E+11     0.135210E+11     0.146090E+11     0.134435E+11     0.129010E+11     0.731376E+10     0.505600E+10     0.501500E+10     0.498560E+10     0.493300E+10     0.490070E+10     0.492258E+10     0.455800E+10     0.463685E+10     0.502386E+10     0.499300E+10     0.483093E+10     0.444700E+10     0.440800E+10     0.438225E+10     0.433200E+10     0.449348E+10     0.446000E+10     0.435399E+10     0.426200E+10     0.239100E+10     0.235047E+10     0.232700E+10     0.268955E+10     0.267600E+10     0.265700E+10     0.237343E+10     0.226600E+10     0.210869E+10     0.203386E+10     0.202400E+10     0.213678E+10     0.215248E+10     0.205400E+10     0.221702E+10     0.246800E+10     0.245000E+10     0.222617E+10     0.221400E+10     0.226962E+10     0.193900E+10     0.184700E+10     0.189951E+10     0.212800E+10     0.182801E+10     0.196200E+10     0.193920E+10     0.192900E+10     0.212400E+10     0.211029E+10     0.187400E+10     0.175120E+10     0.170500E+10     0.196200E+10     0.195016E+10     0.180500E+10     0.179366E+10     0.170500E+10     0.170500E+10     0.187737E+10     0.192835E+10     0.178800E+10     0.170500E+10     0.170500E+10     0.170500E+10     0.170500E+10     0.170500E+10     0.170500E+10     0.170500E+10     0.170500E+10     0.170500E+10     0.170500E+10     0.170500E+10     0.170500E+10     0.170500E+10     0.170500E+10     0.170500E+10     0.170500E+10     0.170500E+10     0.170500E+10     0.170500E+10     0.100000E+21
 0.262000E+04     0.951600E+10     0.101579E+11     0.107691E+11     0.112400E+11     0.122186E+11     0.144270E+11     0.144270E+11     0.144270E+11     0.144270E+11     0.120868E+11     0.462400E+10     0.437700E+10     0.437700E+10     0.462400E+10     0.462400E+10     0.462400E+10     0.119155E+11     0.936700E+10     0.927300E+10     0.871496E+10     0.728200E+10     0.696979E+10     0.681917E+10     0.641100E+10     0.636001E+10     0.700550E+10     0.733400E+10     0.705840E+10     0.668600E+10     0.650300E+10     0.637899E+10     0.628500E+10     0.570531E+10     0.565300E+10     0.703700E+10     0.698723E+10     0.552500E+10     0.547904E+10     0.557400E+10     0.137082E+11     0.135210E+11     0.146090E+11     0.135572E+11     0.129010E+11     0.762643E+10     0.505600E+10     0.501500E+10     0.498723E+10     0.493300E+10     0.490433E+10     0.490789E+10     0.455800E+10     0.463440E+10     0.502134E+10     0.499300E+10     0.480462E+10     0.444700E+10     0.440800E+10     0.438342E+10     0.433200E+10     0.448930E+10     0.446000E+10     0.435195E+10     0.426200E+10     0.239100E+10     0.235553E+10     0.232700E+10     0.268894E+10     0.267600E+10     0.265700E+10     0.239286E+10     0.226600E+10     0.212156E+10     0.203355E+10     0.202400E+10     0.213224E+10     0.214142E+10     0.205400E+10     0.223094E+10     0.246800E+10     0.245000E+10     0.222549E+10     0.221400E+10     0.223738E+10     0.193900E+10     0.184700E+10     0.189785E+10     0.212800E+10     0.187216E+10     0.196200E+10     0.193883E+10     0.192900E+10     0.212400E+10     0.211147E+10     0.187400E+10     0.175890E+10     0.170500E+10     0.196200E+10     0.195076E+10     0.180500E+10     0.179517E+10     0.170500E+10     0.170500E+10     0.187280E+10     0.191837E+10     0.178800E+10     0.170500E+10     0.170500E+10     0.170500E+10     0.170500E+10     0.170500E+10     0.170500E+10     0.170500E+10     0.170500E+10     0.170500E+10     0.170500E+10     0.170500E+10     0.170500E+10     0.170500E+10     0.170500E+10     0.170500E+10     0.170500E+10     0.170500E+10     0.170500E+10     0.170500E+10     0.100000E+21
 0.264000E+04     0.892744E+10     0.924450E+10     0.972784E+10     0.101306E+11     0.122059E+11     0.144270E+11     0.144270E+11     0.144270E+11     0.144270E+11     0.113216E+11     0.462400E+10     0.437700E+10     0.437700E+10     0.462400E+10     0.462400E+10     0.462400E+10     0.117899E+11     0.936700E+10     0.927300E+10     0.921095E+10     0.774642E+10     0.742337E+10     0.659951E+10     0.641100E+10     0.636281E+10     0.704400E+10     0.733400E+10     0.703559E+10     0.668600E+10     0.660500E+10     0.637184E+10     0.628500E+10     0.570046E+10     0.565300E+10     0.605400E+10     0.658429E+10     0.608373E+10     0.548931E+10     0.557400E+10     0.141545E+11     0.135210E+11     0.140307E+11     0.137340E+11     0.129010E+11     0.992102E+10     0.505600E+10     0.501500E+10     0.498911E+10     0.493300E+10     0.490747E+10     0.509754E+10     0.507300E+10     0.475449E+10     0.477602E+10     0.499300E+10     0.493770E+10     0.491100E+10     0.440800E+10     0.438479E+10     0.433200E+10     0.443119E+10     0.446000E+10     0.437437E+10     0.431563E+10     0.315023E+10     0.263759E+10     0.232700E+10     0.258977E+10     0.267600E+10     0.265700E+10     0.250702E+10     0.226600E+10     0.225534E+10     0.203320E+10     0.202400E+10     0.207941E+10     0.215051E+10     0.209871E+10     0.218376E+10     0.231671E+10     0.245000E+10     0.235128E+10     0.221400E+10     0.222878E+10     0.209632E+10     0.188081E+10     0.185258E+10     0.204026E+10     0.195623E+10     0.189045E+10     0.193841E+10     0.192900E+10     0.191300E+10     0.204269E+10     0.196341E+10     0.180508E+10     0.170500E+10     0.185611E+10     0.190605E+10     0.192900E+10     0.184349E+10     0.174953E+10     0.170500E+10     0.170500E+10     0.190740E+10     0.178800E+10     0.170500E+10     0.170500E+10     0.170500E+10     0.170500E+10     0.170500E+10     0.170500E+10     0.170500E+10     0.170500E+10     0.170500E+10     0.170500E+10     0.170500E+10     0.170500E+10     0.170500E+10     0.170500E+10     0.170500E+10     0.170500E+10     0.170500E+10     0.170500E+10     0.170500E+10     0.100000E+21
 0.266000E+04     0.809000E+10     0.809000E+10     0.951600E+10     0.951600E+10     0.108066E+11     0.144270E+11     0.144270E+11     0.144270E+11     0.144270E+11     0.129544E+11     0.462400E+10     0.437700E+10     0.437700E+10     0.527700E+10     0.469412E+10     0.462400E+10     0.120227E+11     0.936700E+10     0.927300E+10     0.919963E+10     0.840900E+10     0.751671E+10     0.661081E+10     0.641100E+10     0.635763E+10     0.695881E+10     0.733400E+10     0.707770E+10     0.668600E+10     0.660500E+10     0.640130E+10     0.634400E+10     0.609876E+10     0.565300E+10     0.558200E+10     0.645774E+10     0.687600E+10     0.546441E+10     0.557400E+10     0.142004E+11     0.135210E+11     0.132120E+11     0.140987E+11     0.129010E+11     0.126850E+11     0.505600E+10     0.501500E+10     0.498563E+10     0.493300E+10     0.490092E+10     0.492813E+10     0.507300E+10     0.473172E+10     0.473351E+10     0.499300E+10     0.494210E+10     0.491100E+10     0.440800E+10     0.438227E+10     0.433200E+10     0.431515E+10     0.446000E+10     0.440499E+10     0.438300E+10     0.422400E+10     0.260882E+10     0.232700E+10     0.242747E+10     0.267600E+10     0.265700E+10     0.264259E+10     0.226600E+10     0.225325E+10     0.215152E+10     0.202400E+10     0.201286E+10     0.217530E+10     0.216200E+10     0.205516E+10     0.210100E+10     0.245000E+10     0.242659E+10     0.241300E+10     0.221736E+10     0.231900E+10     0.192300E+10     0.186617E+10     0.181600E+10     0.208319E+10     0.178900E+10     0.193920E+10     0.192900E+10     0.191300E+10     0.206882E+10     0.209100E+10     0.181103E+10     0.170500E+10     0.170500E+10     0.187198E+10     0.192900E+10     0.191617E+10     0.175431E+10     0.170500E+10     0.170500E+10     0.172684E+10     0.178800E+10     0.170500E+10     0.170500E+10     0.170500E+10     0.170500E+10     0.170500E+10     0.170500E+10     0.170500E+10     0.170500E+10     0.170500E+10     0.170500E+10     0.170500E+10     0.170500E+10     0.170500E+10     0.170500E+10     0.170500E+10     0.170500E+10     0.170500E+10     0.170500E+10     0.170500E+10     0.100000E+21
 0.268000E+04     0.978471E+10     0.866173E+10     0.856490E+10     0.853947E+10     0.111504E+11     0.144270E+11     0.144270E+11     0.144270E+11     0.144270E+11     0.116833E+11     0.462400E+10     0.437700E+10     0.437700E+10     0.527700E+10     0.479760E+10     0.462400E+10     0.127471E+11     0.118283E+11     0.927300E+10     0.920807E+10     0.840900E+10     0.761336E+10     0.660259E+10     0.641100E+10     0.636139E+10     0.691568E+10     0.696057E+10     0.777836E+10     0.914058E+10     0.660500E+10     0.639576E+10     0.634400E+10     0.604234E+10     0.565300E+10     0.558200E+10     0.640848E+10     0.687600E+10     0.545710E+10     0.544383E+10     0.108916E+11     0.139946E+11     0.132120E+11     0.139753E+11     0.136288E+11     0.129133E+11     0.505600E+10     0.501500E+10     0.498816E+10     0.493300E+10     0.490597E+10     0.493724E+10     0.507300E+10     0.494244E+10     0.461182E+10     0.472902E+10     0.493885E+10     0.491100E+10     0.469013E+10     0.448220E+10     0.433200E+10     0.430885E+10     0.432336E+10     0.440423E+10     0.438300E+10     0.422400E+10     0.287693E+10     0.219991E+10     0.236352E+10     0.244140E+10     0.265700E+10     0.264409E+10     0.226600E+10     0.225481E+10     0.219111E+10     0.215429E+10     0.205569E+10     0.217321E+10     0.216200E+10     0.205911E+10     0.210100E+10     0.245000E+10     0.242541E+10     0.241300E+10     0.223151E+10     0.231900E+10     0.192300E+10     0.189781E+10     0.181600E+10     0.192017E+10     0.187078E+10     0.193862E+10     0.192900E+10     0.191300E+10     0.194429E+10     0.209100E+10     0.200519E+10     0.170500E+10     0.170500E+10     0.185895E+10     0.192900E+10     0.191847E+10     0.176339E+10     0.174544E+10     0.171980E+10     0.173347E+10     0.178800E+10     0.170500E+10     0.170500E+10     0.170500E+10     0.170500E+10     0.170500E+10     0.170500E+10     0.170500E+10     0.170500E+10     0.170500E+10     0.170500E+10     0.170500E+10     0.170500E+10     0.170500E+10     0.170500E+10     0.170500E+10     0.170500E+10     0.170500E+10     0.170500E+10     0.170500E+10     0.100000E+21
 0.270000E+04     0.105630E+11     0.105630E+11     0.809000E+10     0.809000E+10     0.108407E+11     0.144270E+11     0.144270E+11     0.144270E+11     0.144270E+11     0.128706E+11     0.462400E+10     0.437700E+10     0.437700E+10     0.527700E+10     0.470207E+10     0.462400E+10     0.768849E+10     0.134080E+11     0.927300E+10     0.920029E+10     0.908600E+10     0.770656E+10     0.686223E+10     0.703100E+10     0.656330E+10     0.636353E+10     0.678500E+10     0.722257E+10     0.716400E+10     0.660500E+10     0.640079E+10     0.634400E+10     0.609476E+10     0.565300E+10     0.558200E+10     0.583219E+10     0.687600E+10     0.664381E+10     0.538100E+10     0.890911E+10     0.142970E+11     0.132120E+11     0.129615E+11     0.139660E+11     0.129976E+11     0.123020E+11     0.501500E+10     0.498591E+10     0.493300E+10     0.490120E+10     0.492946E+10     0.507300E+10     0.504795E+10     0.451277E+10     0.460800E+10     0.494182E+10     0.491100E+10     0.487100E+10     0.453495E+10     0.433200E+10     0.428891E+10     0.425700E+10     0.440485E+10     0.438300E+10     0.434500E+10     0.420872E+10     0.235500E+10     0.230307E+10     0.229100E+10     0.265700E+10     0.264272E+10     0.226600E+10     0.225335E+10     0.222439E+10     0.221400E+10     0.207956E+10     0.202936E+10     0.216200E+10     0.210897E+10     0.202100E+10     0.208400E+10     0.242646E+10     0.241300E+10     0.219292E+10     0.217900E+10     0.230200E+10     0.205999E+10     0.181600E+10     0.189091E+10     0.209400E+10     0.183171E+10     0.192900E+10     0.191300E+10     0.190026E+10     0.209100E+10     0.207878E+10     0.170500E+10     0.170500E+10     0.170500E+10     0.192900E+10     0.191630E+10     0.177337E+10     0.176400E+10     0.172906E+10     0.172736E+10     0.178800E+10     0.170500E+10     0.170500E+10     0.170500E+10     0.170500E+10     0.170500E+10     0.170500E+10     0.170500E+10     0.170500E+10     0.170500E+10     0.170500E+10     0.170500E+10     0.170500E+10     0.170500E+10     0.170500E+10     0.170500E+10     0.170500E+10     0.170500E+10     0.170500E+10     0.170500E+10     0.100000E+21
 0.272000E+04     0.159869E+11     0.119205E+11     0.959723E+10     0.809000E+10     0.100674E+11     0.144270E+11     0.144270E+11     0.144270E+11     0.144270E+11     0.128706E+11     0.462400E+10     0.452812E+10     0.443514E+10     0.527700E+10     0.470207E+10     0.462400E+10     0.768849E+10     0.134080E+11     0.927300E+10     0.920029E+10     0.908600E+10     0.833055E+10     0.700336E+10     0.703100E+10     0.656330E+10     0.636353E+10     0.678500E+10     0.722257E+10     0.716400E+10     0.660500E+10     0.645535E+10     0.634400E+10     0.709270E+10     0.599605E+10     0.558200E+10     0.583219E+10     0.687600E+10     0.664381E+10     0.538100E+10     0.890911E+10     0.142970E+11     0.132120E+11     0.129615E+11     0.139660E+11     0.129976E+11     0.123020E+11     0.501500E+10     0.498591E+10     0.493300E+10     0.490120E+10     0.487752E+10     0.485437E+10     0.498953E+10     0.451277E+10     0.460800E+10     0.472219E+10     0.491100E+10     0.487100E+10     0.453495E+10     0.433200E+10     0.428891E+10     0.425700E+10     0.440485E+10     0.438300E+10     0.434500E+10     0.420872E+10     0.235500E+10     0.221713E+10     0.229100E+10     0.265700E+10     0.264272E+10     0.256321E+10     0.230480E+10     0.222439E+10     0.221400E+10     0.216325E+10     0.202936E+10     0.216200E+10     0.210897E+10     0.202100E+10     0.208400E+10     0.242646E+10     0.241300E+10     0.232696E+10     0.217900E+10     0.230200E+10     0.205999E+10     0.181600E+10     0.181295E+10     0.209400E+10     0.188211E+10     0.192900E+10     0.191300E+10     0.190026E+10     0.209100E+10     0.207878E+10     0.179174E+10     0.170500E+10     0.170500E+10     0.192900E+10     0.191630E+10     0.177337E+10     0.176400E+10     0.174670E+10     0.172736E+10     0.178800E+10     0.170500E+10     0.170500E+10     0.170500E+10     0.170500E+10     0.170500E+10     0.170500E+10     0.170500E+10     0.170500E+10     0.170500E+10     0.170500E+10     0.170500E+10     0.170500E+10     0.170500E+10     0.170500E+10     0.170500E+10     0.170500E+10     0.170500E+10     0.170500E+10     0.170500E+10     0.100000E+21
 0.274000E+04     0.169860E+11     0.144685E+11     0.100742E+11     0.886949E+10     0.927702E+10     0.124041E+11     0.144270E+11     0.144270E+11     0.144270E+11     0.116833E+11     0.462400E+10     0.462400E+10     0.448244E+10     0.498315E+10     0.481923E+10     0.462400E+10     0.656520E+10     0.997411E+10     0.106092E+11     0.977353E+10     0.908600E+10     0.858142E+10     0.701361E+10     0.691585E+10     0.653370E+10     0.643551E+10     0.678500E+10     0.721852E+10     0.716400E+10     0.660500E+10     0.646258E+10     0.634400E+10     0.722395E+10     0.613100E+10     0.558200E+10     0.572286E+10     0.656061E+10     0.642776E+10     0.538100E+10     0.909140E+10     0.142970E+11     0.132120E+11     0.129943E+11     0.139660E+11     0.132907E+11     0.123020E+11     0.723425E+10     0.603770E+10     0.493300E+10     0.490597E+10     0.483657E+10     0.481200E+10     0.494096E+10     0.459860E+10     0.455582E+10     0.467799E+10     0.491100E+10     0.487100E+10     0.465178E+10     0.433200E+10     0.428393E+10     0.425700E+10     0.436280E+10     0.438300E+10     0.434500E+10     0.425393E+10     0.293012E+10     0.220203E+10     0.222029E+10     0.253365E+10     0.258994E+10     0.261900E+10     0.237539E+10     0.222397E+10     0.221400E+10     0.220294E+10     0.202275E+10     0.210272E+10     0.210216E+10     0.202100E+10     0.208400E+10     0.234999E+10     0.241300E+10     0.233265E+10     0.217900E+10     0.230200E+10     0.214829E+10     0.184042E+10     0.181454E+10     0.202593E+10     0.187987E+10     0.186377E+10     0.191300E+10     0.190178E+10     0.202481E+10     0.204871E+10     0.192751E+10     0.170500E+10     0.170500E+10     0.185736E+10     0.188690E+10     0.179763E+10     0.176400E+10     0.175657E+10     0.173347E+10     0.178800E+10     0.170500E+10     0.170500E+10     0.170500E+10     0.170500E+10     0.170500E+10     0.170500E+10     0.170500E+10     0.170500E+10     0.170500E+10     0.170500E+10     0.170500E+10     0.170500E+10     0.170500E+10     0.170500E+10     0.170500E+10     0.170500E+10     0.170500E+10     0.170500E+10     0.170500E+10     0.100000E+21
 0.276000E+04     0.177993E+11     0.171796E+11     0.143458E+11     0.105630E+11     0.937147E+10     0.809000E+10     0.144270E+11     0.144270E+11     0.144270E+11     0.131927E+11     0.662339E+10     0.462400E+10     0.456660E+10     0.437700E+10     0.518036E+10     0.507899E+10     0.462400E+10     0.462400E+10     0.134080E+11     0.101069E+11     0.908600E+10     0.888033E+10     0.693280E+10     0.666500E+10     0.644006E+10     0.635930E+10     0.678500E+10     0.722314E+10     0.716400E+10     0.582990E+10     0.647528E+10     0.634400E+10     0.650490E+10     0.613100E+10     0.585418E+10     0.563058E+10     0.590300E+10     0.672966E+10     0.628149E+10     0.687788E+10     0.917213E+10     0.137257E+11     0.130296E+11     0.129298E+11     0.135316E+11     0.123020E+11     0.120090E+11     0.697000E+10     0.493300E+10     0.490092E+10     0.483822E+10     0.481200E+10     0.484783E+10     0.485298E+10     0.444200E+10     0.465080E+10     0.491100E+10     0.487100E+10     0.484323E+10     0.433200E+10     0.428929E+10     0.425700E+10     0.428812E+10     0.438300E+10     0.434500E+10     0.431184E+10     0.415000E+10     0.226372E+10     0.211000E+10     0.227300E+10     0.254989E+10     0.261900E+10     0.253789E+10     0.222447E+10     0.221400E+10     0.220220E+10     0.210450E+10     0.197500E+10     0.212617E+10     0.210129E+10     0.203758E+10     0.216554E+10     0.241300E+10     0.237571E+10     0.231177E+10     0.222107E+10     0.226138E+10     0.189100E+10     0.181039E+10     0.181909E+10     0.194284E+10     0.182889E+10     0.191300E+10     0.190015E+10     0.188100E+10     0.202099E+10     0.205700E+10     0.180452E+10     0.172606E+10     0.170500E+10     0.187175E+10     0.185384E+10     0.176400E+10     0.175625E+10     0.174392E+10     0.178800E+10     0.170500E+10     0.170500E+10     0.170500E+10     0.170500E+10     0.170500E+10     0.170500E+10     0.170500E+10     0.170500E+10     0.170500E+10     0.170500E+10     0.170500E+10     0.170500E+10     0.170500E+10     0.170500E+10     0.170500E+10     0.170500E+10     0.170500E+10     0.170500E+10     0.170500E+10     0.100000E+21
 0.278000E+04     0.179550E+11     0.177140E+11     0.158784E+11     0.143331E+11     0.115850E+11     0.954276E+10     0.144270E+11     0.144270E+11     0.144270E+11     0.122726E+11     0.762600E+10     0.462400E+10     0.462400E+10     0.437700E+10     0.462098E+10     0.527700E+10     0.462400E+10     0.462400E+10     0.134080E+11     0.106164E+11     0.908600E+10     0.902756E+10     0.727432E+10     0.666500E+10     0.646188E+10     0.645596E+10     0.678500E+10     0.721678E+10     0.716400E+10     0.527700E+10     0.647792E+10     0.640339E+10     0.647844E+10     0.699343E+10     0.605400E+10     0.589306E+10     0.563207E+10     0.677330E+10     0.671800E+10     0.536173E+10     0.543200E+10     0.139780E+11     0.132531E+11     0.126050E+11     0.132637E+11     0.128789E+11     0.120090E+11     0.100809E+11     0.493300E+10     0.490747E+10     0.483594E+10     0.481200E+10     0.478843E+10     0.488738E+10     0.473990E+10     0.455291E+10     0.468674E+10     0.487100E+10     0.484595E+10     0.460095E+10     0.428251E+10     0.425700E+10     0.429258E+10     0.438300E+10     0.434500E+10     0.431880E+10     0.421988E+10     0.292539E+10     0.222594E+10     0.216909E+10     0.232945E+10     0.261900E+10     0.260709E+10     0.222377E+10     0.221400E+10     0.220323E+10     0.210205E+10     0.197500E+10     0.206902E+10     0.212800E+10     0.200400E+10     0.212345E+10     0.219960E+10     0.238917E+10     0.237700E+10     0.216200E+10     0.223227E+10     0.211079E+10     0.191868E+10     0.178900E+10     0.192449E+10     0.187800E+10     0.181626E+10     0.187345E+10     0.188100E+10     0.200245E+10     0.205700E+10     0.183300E+10     0.175352E+10     0.170500E+10     0.183389E+10     0.184512E+10     0.176400E+10     0.175668E+10     0.175595E+10     0.178800E+10     0.170500E+10     0.170500E+10     0.170500E+10     0.170500E+10     0.170500E+10     0.170500E+10     0.170500E+10     0.170500E+10     0.170500E+10     0.170500E+10     0.170500E+10     0.170500E+10     0.170500E+10     0.170500E+10     0.170500E+10     0.170500E+10     0.170500E+10     0.170500E+10     0.170500E+10     0.100000E+21
 0.280000E+04     0.991000E+10     0.148423E+11     0.176600E+11     0.169860E+11     0.161726E+11     0.143370E+11     0.144270E+11     0.144270E+11     0.144270E+11     0.128034E+11     0.762600E+10     0.762600E+10     0.587891E+10     0.462400E+10     0.443156E+10     0.437700E+10     0.503582E+10     0.462400E+10     0.462400E+10     0.109735E+11     0.908600E+10     0.902219E+10     0.772541E+10     0.703100E+10     0.697743E+10     0.641228E+10     0.678500E+10     0.722022E+10     0.716400E+10     0.527700E+10     0.649949E+10     0.644500E+10     0.661765E+10     0.760200E+10     0.605400E+10     0.600730E+10     0.544100E+10     0.601953E+10     0.671800E+10     0.528188E+10     0.524000E+10     0.536200E+10     0.115852E+11     0.126050E+11     0.124036E+11     0.133400E+11     0.120090E+11     0.118126E+11     0.493300E+10     0.490433E+10     0.483717E+10     0.481200E+10     0.478753E+10     0.479903E+10     0.494900E+10     0.443977E+10     0.452900E+10     0.487100E+10     0.484448E+10     0.479000E+10     0.428553E+10     0.425700E+10     0.420293E+10     0.418200E+10     0.434500E+10     0.431570E+10     0.426900E+10     0.347932E+10     0.231900E+10     0.209600E+10     0.220931E+10     0.261900E+10     0.260587E+10     0.222415E+10     0.221400E+10     0.220267E+10     0.211767E+10     0.197500E+10     0.201286E+10     0.212800E+10     0.211100E+10     0.200809E+10     0.205000E+10     0.239049E+10     0.237700E+10     0.216200E+10     0.215183E+10     0.226600E+10     0.195915E+10     0.178900E+10     0.188488E+10     0.206000E+10     0.186200E+10     0.188779E+10     0.188100E+10     0.187010E+10     0.205700E+10     0.183300E+10     0.182374E+10     0.170500E+10     0.170500E+10     0.189133E+10     0.188100E+10     0.180552E+10     0.175300E+10     0.178800E+10     0.170500E+10     0.170500E+10     0.170500E+10     0.170500E+10     0.170500E+10     0.170500E+10     0.170500E+10     0.170500E+10     0.170500E+10     0.170500E+10     0.170500E+10     0.170500E+10     0.170500E+10     0.170500E+10     0.170500E+10     0.170500E+10     0.170500E+10     0.170500E+10     0.170500E+10     0.100000E+21
 0.282000E+04     0.991000E+10     0.117738E+11     0.178547E+11     0.178234E+11     0.171741E+11     0.162856E+11     0.144270E+11     0.144270E+11     0.144270E+11     0.134467E+11     0.762600E+10     0.762600E+10     0.693663E+10     0.462400E+10     0.459897E+10     0.437700E+10     0.505328E+10     0.462400E+10     0.462400E+10     0.115007E+11     0.908600E+10     0.901730E+10     0.799166E+10     0.703100E+10     0.681280E+10     0.629038E+10     0.629031E+10     0.696687E+10     0.716400E+10     0.821120E+10     0.585784E+10     0.644500E+10     0.637869E+10     0.663226E+10     0.605400E+10     0.600555E+10     0.575978E+10     0.551808E+10     0.671800E+10     0.579734E+10     0.524000E+10     0.536200E+10     0.122577E+11     0.126050E+11     0.123916E+11     0.133400E+11     0.127886E+11     0.119576E+11     0.104206E+11     0.566654E+10     0.483823E+10     0.481200E+10     0.478674E+10     0.478567E+10     0.494900E+10     0.471409E+10     0.452900E+10     0.465060E+10     0.477644E+10     0.479000E+10     0.463559E+10     0.425700E+10     0.420341E+10     0.418200E+10     0.434500E+10     0.431152E+10     0.426900E+10     0.389668E+10     0.333807E+10     0.224317E+10     0.214699E+10     0.229085E+10     0.255296E+10     0.235921E+10     0.221400E+10     0.220220E+10     0.215775E+10     0.213285E+10     0.197765E+10     0.198639E+10     0.211100E+10     0.212425E+10     0.205000E+10     0.215096E+10     0.237700E+10     0.227657E+10     0.219319E+10     0.217217E+10     0.190041E+10     0.183730E+10     0.183701E+10     0.193992E+10     0.186200E+10     0.178873E+10     0.188100E+10     0.186937E+10     0.205700E+10     0.183300E+10     0.182325E+10     0.178636E+10     0.171563E+10     0.189181E+10     0.188100E+10     0.180346E+10     0.175033E+10     0.178800E+10     0.170500E+10     0.170500E+10     0.170500E+10     0.170500E+10     0.170500E+10     0.170500E+10     0.170500E+10     0.170500E+10     0.170500E+10     0.170500E+10     0.170500E+10     0.170500E+10     0.170500E+10     0.170500E+10     0.170500E+10     0.170500E+10     0.170500E+10     0.170500E+10     0.170500E+10     0.100000E+21
 0.284000E+04     0.991000E+10     0.991000E+10     0.121686E+11     0.179550E+11     0.179550E+11     0.179550E+11     0.144270E+11     0.144270E+11     0.144270E+11     0.129823E+11     0.762600E+10     0.762600E+10     0.762600E+10     0.762600E+10     0.519604E+10     0.437700E+10     0.470352E+10     0.527700E+10     0.462400E+10     0.462400E+10     0.134080E+11     0.103045E+11     0.858313E+10     0.813700E+10     0.736031E+10     0.623348E+10     0.617700E+10     0.685542E+10     0.716400E+10     0.102730E+11     0.563327E+10     0.644500E+10     0.632184E+10     0.618700E+10     0.751500E+10     0.656236E+10     0.590300E+10     0.544153E+10     0.575400E+10     0.608355E+10     0.524000E+10     0.517000E+10     0.526511E+10     0.133520E+11     0.126337E+11     0.120140E+11     0.130330E+11     0.121283E+11     0.114340E+11     0.667847E+10     0.483743E+10     0.481200E+10     0.478736E+10     0.472044E+10     0.469200E+10     0.475867E+10     0.436500E+10     0.449100E+10     0.471295E+10     0.479000E+10     0.465132E+10     0.425700E+10     0.420303E+10     0.418200E+10     0.414500E+10     0.427457E+10     0.426900E+10     0.417813E+10     0.407600E+10     0.230200E+10     0.214207E+10     0.223800E+10     0.249542E+10     0.243460E+10     0.221400E+10     0.220256E+10     0.217436E+10     0.216200E+10     0.195302E+10     0.194200E+10     0.211100E+10     0.214697E+10     0.197100E+10     0.211177E+10     0.237700E+10     0.235900E+10     0.223006E+10     0.212800E+10     0.222672E+10     0.185900E+10     0.177006E+10     0.176200E+10     0.204400E+10     0.189476E+10     0.188100E+10     0.186988E+10     0.185000E+10     0.204000E+10     0.189175E+10     0.180500E+10     0.173165E+10     0.189145E+10     0.188100E+10     0.187166E+10     0.175215E+10     0.178800E+10     0.170500E+10     0.170500E+10     0.170500E+10     0.170500E+10     0.170500E+10     0.170500E+10     0.170500E+10     0.170500E+10     0.170500E+10     0.170500E+10     0.170500E+10     0.170500E+10     0.170500E+10     0.170500E+10     0.170500E+10     0.170500E+10     0.170500E+10     0.170500E+10     0.170500E+10     0.100000E+21
 0.286000E+04     0.943982E+10     0.976517E+10     0.109916E+11     0.129455E+11     0.179550E+11     0.179550E+11     0.144270E+11     0.144270E+11     0.144270E+11     0.129897E+11     0.762600E+10     0.762600E+10     0.762600E+10     0.762600E+10     0.679326E+10     0.452265E+10     0.452758E+10     0.479633E+10     0.462400E+10     0.462400E+10     0.134080E+11     0.102706E+11     0.859133E+10     0.813700E+10     0.734275E+10     0.651781E+10     0.617700E+10     0.684866E+10     0.716400E+10     0.855586E+10     0.562051E+10     0.644500E+10     0.632302E+10     0.618700E+10     0.751500E+10     0.654143E+10     0.590300E+10     0.564415E+10     0.549136E+10     0.603868E+10     0.594733E+10     0.517000E+10     0.526559E+10     0.133520E+11     0.126194E+11     0.120140E+11     0.130330E+11     0.125271E+11     0.114340E+11     0.957912E+10     0.483800E+10     0.481200E+10     0.478685E+10     0.472060E+10     0.469200E+10     0.483347E+10     0.466329E+10     0.440338E+10     0.454477E+10     0.479000E+10     0.469735E+10     0.451867E+10     0.420336E+10     0.418200E+10     0.414500E+10     0.427436E+10     0.426900E+10     0.420067E+10     0.413905E+10     0.333207E+10     0.246687E+10     0.213099E+10     0.230459E+10     0.250941E+10     0.243019E+10     0.226560E+10     0.217427E+10     0.216200E+10     0.203043E+10     0.194200E+10     0.211100E+10     0.213288E+10     0.211766E+10     0.203039E+10     0.216824E+10     0.235900E+10     0.229440E+10     0.212800E+10     0.215241E+10     0.207654E+10     0.179440E+10     0.176200E+10     0.192330E+10     0.186839E+10     0.178267E+10     0.184533E+10     0.185000E+10     0.204000E+10     0.188850E+10     0.180500E+10     0.173261E+10     0.181824E+10     0.188100E+10     0.187149E+10     0.180040E+10     0.178800E+10     0.170500E+10     0.170500E+10     0.170500E+10     0.170500E+10     0.170500E+10     0.170500E+10     0.170500E+10     0.170500E+10     0.170500E+10     0.170500E+10     0.170500E+10     0.170500E+10     0.170500E+10     0.170500E+10     0.170500E+10     0.170500E+10     0.170500E+10     0.170500E+10     0.170500E+10     0.100000E+21
 0.288000E+04     0.915500E+10     0.937775E+10     0.991000E+10     0.991000E+10     0.154453E+11     0.179550E+11     0.144270E+11     0.144270E+11     0.144270E+11     0.122015E+11     0.762600E+10     0.762600E+10     0.762600E+10     0.762600E+10     0.762600E+10     0.462400E+10     0.444944E+10     0.437700E+10     0.494578E+10     0.473737E+10     0.907986E+10     0.901191E+10     0.871150E+10     0.846811E+10     0.755063E+10     0.659668E+10     0.617700E+10     0.688129E+10     0.716400E+10     0.708000E+10     0.702753E+10     0.586951E+10     0.630429E+10     0.618700E+10     0.681896E+10     0.674508E+10     0.590300E+10     0.573443E+10     0.552475E+10     0.593091E+10     0.656200E+10     0.517000E+10     0.518878E+10     0.934723E+10     0.114022E+11     0.120140E+11     0.123880E+11     0.125993E+11     0.119254E+11     0.114530E+11     0.659934E+10     0.481200E+10     0.478858E+10     0.471672E+10     0.469200E+10     0.481310E+10     0.486800E+10     0.432700E+10     0.440265E+10     0.479000E+10     0.473715E+10     0.471000E+10     0.420231E+10     0.418200E+10     0.414500E+10     0.418864E+10     0.426900E+10     0.421700E+10     0.419400E+10     0.403900E+10     0.291100E+10     0.216455E+10     0.219975E+10     0.257286E+10     0.256200E+10     0.244635E+10     0.217241E+10     0.216200E+10     0.206876E+10     0.194200E+10     0.201937E+10     0.213853E+10     0.221200E+10     0.197570E+10     0.201700E+10     0.235900E+10     0.234870E+10     0.212800E+10     0.211629E+10     0.216349E+10     0.180927E+10     0.176200E+10     0.179314E+10     0.188677E+10     0.177520E+10     0.183119E+10     0.185000E+10     0.193850E+10     0.192679E+10     0.180500E+10     0.176981E+10     0.177464E+10     0.188100E+10     0.187204E+10     0.182644E+10     0.178800E+10     0.170500E+10     0.170500E+10     0.170500E+10     0.170500E+10     0.170500E+10     0.170500E+10     0.170500E+10     0.170500E+10     0.170500E+10     0.170500E+10     0.170500E+10     0.170500E+10     0.170500E+10     0.170500E+10     0.170500E+10     0.170500E+10     0.170500E+10     0.170500E+10     0.170500E+10     0.100000E+21
 0.290000E+04     0.915500E+10     0.915500E+10     0.958170E+10     0.991000E+10     0.111478E+11     0.127366E+11     0.144270E+11     0.144270E+11     0.144270E+11     0.124144E+11     0.762600E+10     0.762600E+10     0.762600E+10     0.762600E+10     0.762600E+10     0.656555E+10     0.452740E+10     0.437700E+10     0.469535E+10     0.497169E+10     0.462400E+10     0.933211E+10     0.886127E+10     0.880900E+10     0.809035E+10     0.661877E+10     0.617700E+10     0.687287E+10     0.716400E+10     0.708000E+10     0.849546E+10     0.527700E+10     0.632641E+10     0.625153E+10     0.611000E+10     0.689542E+10     0.590300E+10     0.580743E+10     0.575400E+10     0.556116E+10     0.599661E+10     0.601686E+10     0.533854E+10     0.509852E+10     0.690532E+10     0.124452E+11     0.117240E+11     0.123727E+11     0.124310E+11     0.116083E+11     0.849655E+10     0.481200E+10     0.478816E+10     0.471780E+10     0.469200E+10     0.467720E+10     0.470290E+10     0.462322E+10     0.444591E+10     0.454637E+10     0.473844E+10     0.471000E+10     0.435601E+10     0.418200E+10     0.414500E+10     0.411869E+10     0.426900E+10     0.421762E+10     0.419400E+10     0.411540E+10     0.365083E+10     0.226600E+10     0.216355E+10     0.243640E+10     0.256200E+10     0.255045E+10     0.217293E+10     0.216200E+10     0.210954E+10     0.206285E+10     0.192600E+10     0.210934E+10     0.212423E+10     0.196094E+10     0.196673E+10     0.214705E+10     0.226363E+10     0.225373E+10     0.214487E+10     0.209400E+10     0.196417E+10     0.180103E+10     0.174800E+10     0.184474E+10     0.183100E+10     0.178631E+10     0.185000E+10     0.183400E+10     0.195425E+10     0.193557E+10     0.183757E+10     0.173441E+10     0.176641E+10     0.182846E+10     0.182798E+10     0.178800E+10     0.170500E+10     0.170500E+10     0.170500E+10     0.170500E+10     0.170500E+10     0.170500E+10     0.170500E+10     0.170500E+10     0.170500E+10     0.170500E+10     0.170500E+10     0.170500E+10     0.170500E+10     0.170500E+10     0.170500E+10     0.170500E+10     0.170500E+10     0.170500E+10     0.170500E+10     0.100000E+21
 0.292000E+04     0.915500E+10     0.915500E+10     0.925463E+10     0.942635E+10     0.991000E+10     0.991000E+10     0.144270E+11     0.144270E+11     0.144270E+11     0.130180E+11     0.762600E+10     0.762600E+10     0.762600E+10     0.762600E+10     0.762600E+10     0.762600E+10     0.570974E+10     0.451003E+10     0.437700E+10     0.462796E+10     0.462400E+10     0.108854E+11     0.886373E+10     0.880900E+10     0.829943E+10     0.676628E+10     0.656203E+10     0.651553E+10     0.682488E+10     0.708000E+10     0.881211E+10     0.527700E+10     0.634684E+10     0.628700E+10     0.611000E+10     0.694540E+10     0.676052E+10     0.581448E+10     0.575400E+10     0.544243E+10     0.536846E+10     0.592324E+10     0.596178E+10     0.503100E+10     0.511809E+10     0.127410E+11     0.117240E+11     0.118880E+11     0.124310E+11     0.119684E+11     0.981297E+10     0.851041E+10     0.596207E+10     0.472071E+10     0.469200E+10     0.464174E+10     0.461300E+10     0.482800E+10     0.466164E+10     0.441400E+10     0.454007E+10     0.471000E+10     0.446441E+10     0.418200E+10     0.414500E+10     0.411528E+10     0.414853E+10     0.421947E+10     0.419400E+10     0.415700E+10     0.404351E+10     0.335460E+10     0.245233E+10     0.234169E+10     0.256200E+10     0.254964E+10     0.233787E+10     0.216200E+10     0.213997E+10     0.212800E+10     0.192600E+10     0.201146E+10     0.207700E+10     0.207462E+10     0.193900E+10     0.200100E+10     0.208649E+10     0.232300E+10     0.225770E+10     0.209400E+10     0.209384E+10     0.202630E+10     0.174800E+10     0.176201E+10     0.194455E+10     0.181791E+10     0.185000E+10     0.183400E+10     0.188139E+10     0.200700E+10     0.194617E+10     0.173342E+10     0.170500E+10     0.174712E+10     0.183219E+10     0.178800E+10     0.170500E+10     0.170500E+10     0.170500E+10     0.170500E+10     0.170500E+10     0.170500E+10     0.170500E+10     0.170500E+10     0.170500E+10     0.170500E+10     0.170500E+10     0.170500E+10     0.170500E+10     0.170500E+10     0.170500E+10     0.170500E+10     0.170500E+10     0.170500E+10     0.170500E+10     0.100000E+21
 0.294000E+04     0.915500E+10     0.915500E+10     0.915500E+10     0.915500E+10     0.935356E+10     0.991000E+10     0.991000E+10     0.130457E+11     0.144270E+11     0.140039E+11     0.112350E+11     0.762600E+10     0.762600E+10     0.762600E+10     0.762600E+10     0.762600E+10     0.658245E+10     0.462400E+10     0.437700E+10     0.437700E+10     0.527700E+10     0.479230E+10     0.886346E+10     0.880900E+10     0.829753E+10     0.685229E+10     0.678500E+10     0.626119E+10     0.662400E+10     0.708000E+10     0.935406E+10     0.102730E+11     0.546738E+10     0.628700E+10     0.620800E+10     0.609734E+10     0.734200E+10     0.582419E+10     0.575400E+10     0.548056E+10     0.516500E+10     0.509800E+10     0.619685E+10     0.503100E+10     0.498247E+10     0.508700E+10     0.124420E+11     0.117256E+11     0.111570E+11     0.119436E+11     0.107786E+11     0.106010E+11     0.104360E+11     0.472239E+10     0.469200E+10     0.464267E+10     0.461300E+10     0.457400E+10     0.471802E+10     0.425200E+10     0.440950E+10     0.471000E+10     0.465398E+10     0.463100E+10     0.414500E+10     0.411181E+10     0.407100E+10     0.408700E+10     0.419400E+10     0.415700E+10     0.412885E+10     0.396700E+10     0.266170E+10     0.209494E+10     0.218600E+10     0.241829E+10     0.245286E+10     0.216200E+10     0.214014E+10     0.212800E+10     0.211100E+10     0.195782E+10     0.207700E+10     0.204050E+10     0.193900E+10     0.192300E+10     0.196038E+10     0.232300E+10     0.230593E+10     0.209400E+10     0.207075E+10     0.206000E+10     0.181300E+10     0.174970E+10     0.180800E+10     0.181382E+10     0.170500E+10     0.183400E+10     0.182361E+10     0.180500E+10     0.195951E+10     0.188623E+10     0.170500E+10     0.170500E+10     0.172639E+10     0.178800E+10     0.170500E+10     0.170500E+10     0.170500E+10     0.170500E+10     0.170500E+10     0.170500E+10     0.170500E+10     0.170500E+10     0.170500E+10     0.170500E+10     0.170500E+10     0.170500E+10     0.170500E+10     0.170500E+10     0.170500E+10     0.170500E+10     0.170500E+10     0.170500E+10     0.170500E+10     0.100000E+21
 0.296000E+04     0.867706E+10     0.896187E+10     0.915500E+10     0.915500E+10     0.926428E+10     0.956450E+10     0.991000E+10     0.129996E+11     0.144270E+11     0.137153E+11     0.112350E+11     0.762600E+10     0.762600E+10     0.762600E+10     0.762600E+10     0.762600E+10     0.709156E+10     0.608087E+10     0.449118E+10     0.440838E+10     0.487196E+10     0.468624E+10     0.101433E+11     0.880900E+10     0.830169E+10     0.713122E+10     0.662308E+10     0.626632E+10     0.662400E+10     0.708000E+10     0.938709E+10     0.102730E+11     0.552394E+10     0.628700E+10     0.620800E+10     0.609738E+10     0.734200E+10     0.630602E+10     0.575400E+10     0.556487E+10     0.537932E+10     0.509800E+10     0.578173E+10     0.562128E+10     0.517756E+10     0.499399E+10     0.906390E+10     0.108678E+11     0.111570E+11     0.114575E+11     0.110747E+11     0.106010E+11     0.104356E+11     0.472028E+10     0.469200E+10     0.464143E+10     0.461300E+10     0.457400E+10     0.463775E+10     0.447924E+10     0.435212E+10     0.453608E+10     0.465408E+10     0.463100E+10     0.414500E+10     0.411593E+10     0.407100E+10     0.408792E+10     0.419400E+10     0.415700E+10     0.413002E+10     0.401908E+10     0.330441E+10     0.215130E+10     0.218600E+10     0.230321E+10     0.246774E+10     0.231618E+10     0.213988E+10     0.212800E+10     0.211100E+10     0.196057E+10     0.207700E+10     0.204390E+10     0.198786E+10     0.192300E+10     0.193796E+10     0.215797E+10     0.227308E+10     0.218343E+10     0.207075E+10     0.206000E+10     0.198284E+10     0.182022E+10     0.176869E+10     0.185794E+10     0.175192E+10     0.183400E+10     0.182376E+10     0.180500E+10     0.193698E+10     0.189446E+10     0.173159E+10     0.171673E+10     0.172955E+10     0.178800E+10     0.170500E+10     0.170500E+10     0.170500E+10     0.170500E+10     0.170500E+10     0.170500E+10     0.170500E+10     0.170500E+10     0.170500E+10     0.170500E+10     0.170500E+10     0.170500E+10     0.170500E+10     0.170500E+10     0.170500E+10     0.170500E+10     0.170500E+10     0.170500E+10     0.170500E+10     0.100000E+21
 0.298000E+04     0.948210E+10     0.911310E+10     0.915500E+10     0.915500E+10     0.915500E+10     0.915500E+10     0.958082E+10     0.125985E+11     0.144270E+11     0.134281E+11     0.112350E+11     0.919645E+10     0.833323E+10     0.762600E+10     0.762600E+10     0.762600E+10     0.762600E+10     0.762600E+10     0.582234E+10     0.499466E+10     0.437700E+10     0.469249E+10     0.114018E+11     0.880900E+10     0.850825E+10     0.744201E+10     0.656994E+10     0.619335E+10     0.638556E+10     0.684730E+10     0.876347E+10     0.977076E+10     0.545320E+10     0.588335E+10     0.620800E+10     0.612859E+10     0.678874E+10     0.701105E+10     0.632104E+10     0.564914E+10     0.560700E+10     0.527241E+10     0.530017E+10     0.595691E+10     0.562876E+10     0.489500E+10     0.494264E+10     0.950587E+10     0.111570E+11     0.109828E+11     0.115223E+11     0.109811E+11     0.106287E+11     0.600567E+10     0.469200E+10     0.463851E+10     0.461300E+10     0.457400E+10     0.455010E+10     0.474700E+10     0.437950E+10     0.433700E+10     0.465309E+10     0.463100E+10     0.432393E+10     0.418399E+10     0.407100E+10     0.406174E+10     0.410845E+10     0.415700E+10     0.413280E+10     0.408300E+10     0.398718E+10     0.218049E+10     0.212080E+10     0.214587E+10     0.251690E+10     0.250500E+10     0.222443E+10     0.212800E+10     0.211100E+10     0.198627E+10     0.200425E+10     0.205488E+10     0.204400E+10     0.202937E+10     0.196045E+10     0.196800E+10     0.211302E+10     0.228700E+10     0.211679E+10     0.206000E+10     0.212505E+10     0.199609E+10     0.172100E+10     0.182294E+10     0.187841E+10     0.178274E+10     0.180227E+10     0.180500E+10     0.187425E+10     0.192765E+10     0.184108E+10     0.177971E+10     0.173559E+10     0.178800E+10     0.170500E+10     0.170500E+10     0.170500E+10     0.170500E+10     0.170500E+10     0.170500E+10     0.170500E+10     0.170500E+10     0.170500E+10     0.170500E+10     0.170500E+10     0.170500E+10     0.170500E+10     0.170500E+10     0.170500E+10     0.170500E+10     0.170500E+10     0.170500E+10     0.170500E+10     0.100000E+21
 0.300000E+04     0.115870E+11     0.106633E+11     0.878270E+10     0.915500E+10     0.915500E+10     0.915500E+10     0.915500E+10     0.124127E+11     0.144270E+11     0.133952E+11     0.112350E+11     0.112350E+11     0.103100E+11     0.762600E+10     0.762600E+10     0.762600E+10     0.762600E+10     0.762600E+10     0.762600E+10     0.566099E+10     0.437700E+10     0.462329E+10     0.977418E+10     0.113608E+11     0.969922E+10     0.750420E+10     0.678500E+10     0.627755E+10     0.602400E+10     0.654400E+10     0.775247E+10     0.900900E+10     0.714512E+10     0.527700E+10     0.571043E+10     0.596042E+10     0.595700E+10     0.668818E+10     0.717200E+10     0.564888E+10     0.560700E+10     0.553400E+10     0.519632E+10     0.515363E+10     0.584782E+10     0.558258E+10     0.482700E+10     0.690598E+10     0.115434E+11     0.111265E+11     0.113226E+11     0.115570E+11     0.111496E+11     0.904492E+10     0.752631E+10     0.463819E+10     0.461300E+10     0.457400E+10     0.455031E+10     0.460780E+10     0.456421E+10     0.424838E+10     0.454216E+10     0.463100E+10     0.459200E+10     0.443410E+10     0.407100E+10     0.402047E+10     0.399800E+10     0.415700E+10     0.413310E+10     0.408300E+10     0.402910E+10     0.270496E+10     0.212850E+10     0.215020E+10     0.238692E+10     0.250500E+10     0.235315E+10     0.212800E+10     0.211100E+10     0.201907E+10     0.189400E+10     0.205472E+10     0.204400E+10     0.209214E+10     0.198646E+10     0.196800E+10     0.195691E+10     0.228700E+10     0.218290E+10     0.206000E+10     0.204400E+10     0.207171E+10     0.175707E+10     0.172562E+10     0.187248E+10     0.175161E+10     0.175311E+10     0.180500E+10     0.179642E+10     0.190232E+10     0.195800E+10     0.184189E+10     0.173627E+10     0.178800E+10     0.170500E+10     0.170500E+10     0.170500E+10     0.170500E+10     0.170500E+10     0.170500E+10     0.170500E+10     0.170500E+10     0.170500E+10     0.170500E+10     0.170500E+10     0.170500E+10     0.170500E+10     0.170500E+10     0.170500E+10     0.170500E+10     0.170500E+10     0.170500E+10     0.170500E+10     0.100000E+21
 0.302000E+04     0.115870E+11     0.115870E+11     0.939462E+10     0.865925E+10     0.915500E+10     0.915500E+10     0.915500E+10     0.127590E+11     0.144270E+11     0.118294E+11     0.104732E+11     0.112350E+11     0.112350E+11     0.762600E+10     0.762600E+10     0.762600E+10     0.762600E+10     0.762600E+10     0.762600E+10     0.643767E+10     0.449218E+10     0.441323E+10     0.662056E+10     0.930802E+10     0.883362E+10     0.798847E+10     0.729121E+10     0.648791E+10     0.602400E+10     0.654400E+10     0.760011E+10     0.900900E+10     0.904619E+10     0.527700E+10     0.527700E+10     0.581668E+10     0.600309E+10     0.614410E+10     0.717200E+10     0.606980E+10     0.560700E+10     0.553400E+10     0.530059E+10     0.496400E+10     0.555427E+10     0.618000E+10     0.482700E+10     0.485070E+10     0.860728E+10     0.103860E+11     0.107283E+11     0.109882E+11     0.111501E+11     0.102940E+11     0.980300E+10     0.631315E+10     0.461300E+10     0.457400E+10     0.454799E+10     0.449600E+10     0.455614E+10     0.441128E+10     0.431798E+10     0.445059E+10     0.459200E+10     0.456142E+10     0.407100E+10     0.402268E+10     0.399800E+10     0.406477E+10     0.410379E+10     0.408300E+10     0.405759E+10     0.359208E+10     0.298032E+10     0.247928E+10     0.225493E+10     0.250500E+10     0.242950E+10     0.228769E+10     0.211100E+10     0.206082E+10     0.197982E+10     0.199200E+10     0.204400E+10     0.202700E+10     0.195334E+10     0.193133E+10     0.194746E+10     0.212020E+10     0.222761E+10     0.215408E+10     0.204400E+10     0.203117E+10     0.195383E+10     0.180576E+10     0.174384E+10     0.186998E+10     0.178166E+10     0.180500E+10     0.179509E+10     0.180612E+10     0.186745E+10     0.185125E+10     0.174017E+10     0.178800E+10     0.170500E+10     0.170500E+10     0.170500E+10     0.170500E+10     0.170500E+10     0.170500E+10     0.170500E+10     0.170500E+10     0.170500E+10     0.170500E+10     0.170500E+10     0.170500E+10     0.170500E+10     0.170500E+10     0.170500E+10     0.170500E+10     0.170500E+10     0.170500E+10     0.170500E+10     0.100000E+21
 0.304000E+04     0.986198E+10     0.111197E+11     0.112672E+11     0.111083E+11     0.853365E+10     0.915500E+10     0.915500E+10     0.127706E+11     0.144270E+11     0.963800E+10     0.963800E+10     0.101552E+11     0.108187E+11     0.104209E+11     0.790871E+10     0.762600E+10     0.762600E+10     0.762600E+10     0.762600E+10     0.762600E+10     0.719227E+10     0.509884E+10     0.462863E+10     0.462400E+10     0.972272E+10     0.846411E+10     0.786900E+10     0.660496E+10     0.652703E+10     0.613907E+10     0.689810E+10     0.724100E+10     0.899327E+10     0.918345E+10     0.527700E+10     0.541641E+10     0.605400E+10     0.602100E+10     0.610783E+10     0.650879E+10     0.560700E+10     0.553400E+10     0.547566E+10     0.531772E+10     0.505610E+10     0.555008E+10     0.588084E+10     0.500893E+10     0.472139E+10     0.549655E+10     0.108390E+11     0.103360E+11     0.103737E+11     0.108332E+11     0.105932E+11     0.829145E+10     0.461300E+10     0.457400E+10     0.454803E+10     0.449600E+10     0.448875E+10     0.466800E+10     0.439016E+10     0.426200E+10     0.430763E+10     0.452670E+10     0.442727E+10     0.402264E+10     0.399800E+10     0.396200E+10     0.396124E+10     0.408300E+10     0.405637E+10     0.395071E+10     0.385900E+10     0.278633E+10     0.219734E+10     0.218806E+10     0.248138E+10     0.246800E+10     0.234012E+10     0.208896E+10     0.207700E+10     0.201691E+10     0.190268E+10     0.202700E+10     0.200006E+10     0.189100E+10     0.194430E+10     0.193600E+10     0.226330E+10     0.225200E+10     0.219335E+10     0.205440E+10     0.203192E+10     0.206008E+10     0.174169E+10     0.174654E+10     0.187481E+10     0.172053E+10     0.178026E+10     0.177330E+10     0.176400E+10     0.178820E+10     0.186368E+10     0.178800E+10     0.170500E+10     0.170500E+10     0.170500E+10     0.170500E+10     0.170500E+10     0.170500E+10     0.170500E+10     0.170500E+10     0.170500E+10     0.170500E+10     0.170500E+10     0.170500E+10     0.170500E+10     0.170500E+10     0.170500E+10     0.170500E+10     0.170500E+10     0.170500E+10     0.170500E+10     0.100000E+21
 0.306000E+04     0.959000E+10     0.959000E+10     0.115870E+11     0.115870E+11     0.106438E+11     0.809000E+10     0.915500E+10     0.128121E+11     0.144270E+11     0.843660E+10     0.963800E+10     0.963800E+10     0.105924E+11     0.112350E+11     0.112350E+11     0.762600E+10     0.762600E+10     0.762600E+10     0.762600E+10     0.762600E+10     0.762600E+10     0.544531E+10     0.474061E+10     0.527700E+10     0.483758E+10     0.122650E+11     0.853700E+10     0.742473E+10     0.662400E+10     0.594800E+10     0.659097E+10     0.691400E+10     0.927849E+10     0.102730E+11     0.527700E+10     0.527700E+10     0.527700E+10     0.595232E+10     0.580500E+10     0.705620E+10     0.700500E+10     0.553400E+10     0.547605E+10     0.539000E+10     0.533960E+10     0.483200E+10     0.610500E+10     0.605237E+10     0.469400E+10     0.464413E+10     0.691848E+10     0.110050E+11     0.104297E+11     0.100481E+11     0.107190E+11     0.101577E+11     0.929000E+10     0.457400E+10     0.454769E+10     0.449600E+10     0.445080E+10     0.441900E+10     0.440719E+10     0.410300E+10     0.422400E+10     0.419304E+10     0.451400E+10     0.431975E+10     0.399800E+10     0.396200E+10     0.393502E+10     0.408300E+10     0.405652E+10     0.399615E+10     0.397400E+10     0.387594E+10     0.213011E+10     0.197900E+10     0.221908E+10     0.246800E+10     0.245000E+10     0.208907E+10     0.207700E+10     0.205688E+10     0.204400E+10     0.202700E+10     0.201713E+10     0.199400E+10     0.189207E+10     0.193600E+10     0.204080E+10     0.225200E+10     0.223500E+10     0.207135E+10     0.201100E+10     0.199880E+10     0.211100E+10     0.170500E+10     0.170500E+10     0.192900E+10     0.175756E+10     0.177342E+10     0.176400E+10     0.175625E+10     0.175095E+10     0.178800E+10     0.170500E+10     0.170500E+10     0.170500E+10     0.170500E+10     0.170500E+10     0.170500E+10     0.170500E+10     0.170500E+10     0.170500E+10     0.170500E+10     0.170500E+10     0.170500E+10     0.170500E+10     0.170500E+10     0.170500E+10     0.170500E+10     0.170500E+10     0.170500E+10     0.170500E+10     0.100000E+21
 0.308000E+04     0.900676E+10     0.926778E+10     0.112250E+11     0.115870E+11     0.109373E+11     0.915706E+10     0.874807E+10     0.124043E+11     0.144270E+11     0.839631E+10     0.917844E+10     0.963800E+10     0.102341E+11     0.112350E+11     0.112350E+11     0.762600E+10     0.762600E+10     0.762600E+10     0.762600E+10     0.762600E+10     0.762600E+10     0.620622E+10     0.465397E+10     0.500772E+10     0.472423E+10     0.117863E+11     0.853700E+10     0.737099E+10     0.662400E+10     0.617347E+10     0.642527E+10     0.675532E+10     0.879436E+10     0.987867E+10     0.719034E+10     0.610022E+10     0.527700E+10     0.594460E+10     0.583504E+10     0.677917E+10     0.700500E+10     0.596876E+10     0.565481E+10     0.539000E+10     0.534330E+10     0.499030E+10     0.569995E+10     0.586034E+10     0.507468E+10     0.482231E+10     0.609264E+10     0.911923E+10     0.951706E+10     0.994851E+10     0.103696E+11     0.102055E+11     0.956379E+10     0.628422E+10     0.524362E+10     0.449600E+10     0.444698E+10     0.441900E+10     0.443406E+10     0.428675E+10     0.417430E+10     0.417812E+10     0.451400E+10     0.429986E+10     0.399800E+10     0.396200E+10     0.393733E+10     0.402537E+10     0.403203E+10     0.399518E+10     0.397400E+10     0.388139E+10     0.242273E+10     0.203416E+10     0.215287E+10     0.235690E+10     0.245000E+10     0.215558E+10     0.207700E+10     0.205551E+10     0.204400E+10     0.195824E+10     0.198710E+10     0.199400E+10     0.190496E+10     0.191204E+10     0.199406E+10     0.211872E+10     0.223500E+10     0.212428E+10     0.201100E+10     0.199977E+10     0.211100E+10     0.171703E+10     0.171105E+10     0.187145E+10     0.176148E+10     0.175807E+10     0.176400E+10     0.175654E+10     0.175418E+10     0.178800E+10     0.170500E+10     0.170500E+10     0.170500E+10     0.170500E+10     0.170500E+10     0.170500E+10     0.170500E+10     0.170500E+10     0.170500E+10     0.170500E+10     0.170500E+10     0.170500E+10     0.170500E+10     0.170500E+10     0.170500E+10     0.170500E+10     0.170500E+10     0.170500E+10     0.170500E+10     0.100000E+21
 0.310000E+04     0.994930E+10     0.925610E+10     0.998596E+10     0.106678E+11     0.115870E+11     0.115870E+11     0.974925E+10     0.126475E+11     0.144270E+11     0.817600E+10     0.817600E+10     0.894479E+10     0.933005E+10     0.104998E+11     0.109900E+11     0.928625E+10     0.762600E+10     0.762600E+10     0.762600E+10     0.762600E+10     0.762600E+10     0.762600E+10     0.451541E+10     0.437700E+10     0.470903E+10     0.100031E+11     0.107838E+11     0.772455E+10     0.711587E+10     0.654400E+10     0.606597E+10     0.638500E+10     0.756965E+10     0.900900E+10     0.102730E+11     0.870967E+10     0.527700E+10     0.573614E+10     0.590100E+10     0.602322E+10     0.636496E+10     0.692100E+10     0.594613E+10     0.539000E+10     0.534569E+10     0.524800E+10     0.476700E+10     0.517688E+10     0.595700E+10     0.548870E+10     0.457670E+10     0.460116E+10     0.647636E+10     0.989209E+10     0.954900E+10     0.100141E+11     0.101800E+11     0.945527E+10     0.766586E+10     0.449600E+10     0.444488E+10     0.441900E+10     0.447417E+10     0.458900E+10     0.428883E+10     0.417577E+10     0.434660E+10     0.437080E+10     0.420637E+10     0.396200E+10     0.393880E+10     0.389000E+10     0.398732E+10     0.399459E+10     0.397400E+10     0.391620E+10     0.316210E+10     0.216200E+10     0.201588E+10     0.210100E+10     0.245000E+10     0.235977E+10     0.223146E+10     0.205469E+10     0.204400E+10     0.193240E+10     0.192987E+10     0.199400E+10     0.194374E+10     0.185900E+10     0.189244E+10     0.190400E+10     0.223500E+10     0.222310E+10     0.209788E+10     0.203488E+10     0.204799E+10     0.190543E+10     0.179293E+10     0.172386E+10     0.173258E+10     0.173666E+10     0.176400E+10     0.175672E+10     0.175629E+10     0.178800E+10     0.170500E+10     0.170500E+10     0.170500E+10     0.170500E+10     0.170500E+10     0.170500E+10     0.170500E+10     0.170500E+10     0.170500E+10     0.170500E+10     0.170500E+10     0.170500E+10     0.170500E+10     0.170500E+10     0.170500E+10     0.170500E+10     0.170500E+10     0.170500E+10     0.170500E+10     0.100000E+21
 0.312000E+04     0.119370E+11     0.123955E+11     0.814519E+10     0.959000E+10     0.101324E+11     0.115870E+11     0.115870E+11     0.135539E+11     0.144270E+11     0.817600E+10     0.817600E+10     0.817600E+10     0.904943E+10     0.963800E+10     0.109795E+11     0.112350E+11     0.998903E+10     0.762600E+10     0.762600E+10     0.762600E+10     0.762600E+10     0.762600E+10     0.641260E+10     0.462400E+10     0.445799E+10     0.675695E+10     0.134080E+11     0.821501E+10     0.769400E+10     0.654400E+10     0.602490E+10     0.579800E+10     0.640307E+10     0.674900E+10     0.900900E+10     0.981255E+10     0.527700E+10     0.527700E+10     0.527700E+10     0.576082E+10     0.565600E+10     0.558300E+10     0.658730E+10     0.539000E+10     0.533970E+10     0.524800E+10     0.517800E+10     0.484016E+10     0.463800E+10     0.557145E+10     0.535560E+10     0.449800E+10     0.445864E+10     0.606921E+10     0.101900E+11     0.923070E+10     0.904400E+10     0.991600E+10     0.974083E+10     0.855000E+10     0.445051E+10     0.441900E+10     0.436397E+10     0.434200E+10     0.455000E+10     0.451767E+10     0.399300E+10     0.421872E+10     0.443700E+10     0.439800E+10     0.404551E+10     0.389000E+10     0.386438E+10     0.399614E+10     0.397400E+10     0.395049E+10     0.386462E+10     0.375300E+10     0.208840E+10     0.195000E+10     0.208400E+10     0.242646E+10     0.241300E+10     0.232466E+10     0.204400E+10     0.202700E+10     0.201713E+10     0.181600E+10     0.195324E+10     0.196200E+10     0.183754E+10     0.182800E+10     0.188800E+10     0.214549E+10     0.220000E+10     0.218783E+10     0.197800E+10     0.196200E+10     0.204146E+10     0.171800E+10     0.170816E+10     0.183929E+10     0.172100E+10     0.173887E+10     0.175109E+10     0.178800E+10     0.170500E+10     0.170500E+10     0.170500E+10     0.170500E+10     0.170500E+10     0.170500E+10     0.170500E+10     0.170500E+10     0.170500E+10     0.170500E+10     0.170500E+10     0.170500E+10     0.170500E+10     0.170500E+10     0.170500E+10     0.170500E+10     0.170500E+10     0.170500E+10     0.170500E+10     0.100000E+21
 0.314000E+04     0.119370E+11     0.120751E+11     0.114584E+11     0.118544E+11     0.985533E+10     0.101362E+11     0.115870E+11     0.121175E+11     0.144270E+11     0.817600E+10     0.817600E+10     0.817600E+10     0.845548E+10     0.963800E+10     0.989750E+10     0.112350E+11     0.988588E+10     0.762600E+10     0.762600E+10     0.762600E+10     0.762600E+10     0.762600E+10     0.712578E+10     0.683528E+10     0.521203E+10     0.555839E+10     0.698515E+10     0.106470E+11     0.818132E+10     0.722313E+10     0.618468E+10     0.579800E+10     0.610424E+10     0.674900E+10     0.900900E+10     0.925033E+10     0.885937E+10     0.527700E+10     0.527700E+10     0.555863E+10     0.571628E+10     0.558300E+10     0.651132E+10     0.639055E+10     0.560540E+10     0.524800E+10     0.517800E+10     0.505606E+10     0.463800E+10     0.479986E+10     0.559398E+10     0.541397E+10     0.476285E+10     0.517639E+10     0.598623E+10     0.954845E+10     0.904400E+10     0.920732E+10     0.951358E+10     0.916553E+10     0.674085E+10     0.441900E+10     0.436341E+10     0.434200E+10     0.437484E+10     0.448717E+10     0.434059E+10     0.408243E+10     0.420837E+10     0.439800E+10     0.429373E+10     0.389000E+10     0.386611E+10     0.391853E+10     0.397400E+10     0.395150E+10     0.387683E+10     0.383608E+10     0.288012E+10     0.208001E+10     0.198983E+10     0.224841E+10     0.241300E+10     0.235256E+10     0.228164E+10     0.202700E+10     0.201748E+10     0.194317E+10     0.185628E+10     0.196200E+10     0.187996E+10     0.182800E+10     0.188800E+10     0.193583E+10     0.220000E+10     0.218854E+10     0.209747E+10     0.196200E+10     0.197553E+10     0.196807E+10     0.177327E+10     0.178083E+10     0.183886E+10     0.176142E+10     0.175340E+10     0.178800E+10     0.170500E+10     0.170500E+10     0.170500E+10     0.170500E+10     0.170500E+10     0.170500E+10     0.170500E+10     0.170500E+10     0.170500E+10     0.170500E+10     0.170500E+10     0.170500E+10     0.170500E+10     0.170500E+10     0.170500E+10     0.170500E+10     0.170500E+10     0.170500E+10     0.170500E+10     0.100000E+21
 0.316000E+04     0.119370E+11     0.119370E+11     0.120988E+11     0.126600E+11     0.118596E+11     0.959000E+10     0.959000E+10     0.109831E+11     0.144270E+11     0.817600E+10     0.817600E+10     0.817600E+10     0.817600E+10     0.817600E+10     0.954264E+10     0.963800E+10     0.112350E+11     0.112350E+11     0.762600E+10     0.762600E+10     0.762600E+10     0.762600E+10     0.762600E+10     0.762600E+10     0.559964E+10     0.441971E+10     0.462400E+10     0.575983E+10     0.835800E+10     0.827000E+10     0.721189E+10     0.638500E+10     0.581924E+10     0.623000E+10     0.666800E+10     0.815754E+10     0.102730E+11     0.101225E+11     0.527700E+10     0.545877E+10     0.575100E+10     0.567600E+10     0.553589E+10     0.675700E+10     0.572702E+10     0.524800E+10     0.517800E+10     0.512780E+10     0.503900E+10     0.466742E+10     0.493511E+10     0.573900E+10     0.569473E+10     0.435447E+10     0.430600E+10     0.567722E+10     0.966600E+10     0.879700E+10     0.863255E+10     0.940000E+10     0.904083E+10     0.807500E+10     0.436395E+10     0.434200E+10     0.430400E+10     0.427070E+10     0.447300E+10     0.426817E+10     0.392100E+10     0.403900E+10     0.428368E+10     0.432200E+10     0.396834E+10     0.380552E+10     0.378400E+10     0.388481E+10     0.389477E+10     0.386600E+10     0.326905E+10     0.212800E+10     0.211100E+10     0.206218E+10     0.205000E+10     0.239210E+10     0.237700E+10     0.235900E+10     0.214445E+10     0.199400E+10     0.197848E+10     0.178900E+10     0.190245E+10     0.182800E+10     0.181300E+10     0.186090E+10     0.220000E+10     0.218763E+10     0.216500E+10     0.214800E+10     0.200675E+10     0.192900E+10     0.202411E+10     0.170500E+10     0.170500E+10     0.180025E+10     0.172646E+10     0.178800E+10     0.170500E+10     0.170500E+10     0.170500E+10     0.170500E+10     0.170500E+10     0.170500E+10     0.170500E+10     0.170500E+10     0.170500E+10     0.170500E+10     0.170500E+10     0.170500E+10     0.170500E+10     0.170500E+10     0.170500E+10     0.170500E+10     0.170500E+10     0.170500E+10     0.170500E+10     0.100000E+21
 0.318000E+04     0.105606E+11     0.115502E+11     0.120194E+11     0.120981E+11     0.122746E+11     0.118612E+11     0.838599E+10     0.962462E+10     0.144270E+11     0.817600E+10     0.817600E+10     0.817600E+10     0.817600E+10     0.817600E+10     0.938120E+10     0.963800E+10     0.105307E+11     0.112350E+11     0.762600E+10     0.762600E+10     0.762600E+10     0.762600E+10     0.762600E+10     0.762600E+10     0.702830E+10     0.455192E+10     0.443508E+10     0.675786E+10     0.121988E+11     0.827000E+10     0.718222E+10     0.638500E+10     0.591029E+10     0.581541E+10     0.635023E+10     0.699556E+10     0.936621E+10     0.988849E+10     0.883292E+10     0.535482E+10     0.545841E+10     0.567600E+10     0.554499E+10     0.576087E+10     0.621283E+10     0.524800E+10     0.517800E+10     0.512934E+10     0.503900E+10     0.492949E+10     0.468543E+10     0.473785E+10     0.539788E+10     0.502898E+10     0.430600E+10     0.493858E+10     0.580046E+10     0.917446E+10     0.875557E+10     0.860364E+10     0.903223E+10     0.865795E+10     0.564142E+10     0.434200E+10     0.430400E+10     0.427389E+10     0.429391E+10     0.435189E+10     0.421348E+10     0.392657E+10     0.405435E+10     0.432200E+10     0.422311E+10     0.380517E+10     0.378400E+10     0.379961E+10     0.389253E+10     0.386600E+10     0.355828E+10     0.329544E+10     0.211100E+10     0.198887E+10     0.205000E+10     0.216574E+10     0.237700E+10     0.235900E+10     0.228109E+10     0.199400E+10     0.198070E+10     0.191311E+10     0.185131E+10     0.189020E+10     0.181300E+10     0.181510E+10     0.193702E+10     0.212964E+10     0.216500E+10     0.214800E+10     0.201060E+10     0.192900E+10     0.193561E+10     0.170500E+10     0.170500E+10     0.173745E+10     0.180662E+10     0.178800E+10     0.170500E+10     0.170500E+10     0.170500E+10     0.170500E+10     0.170500E+10     0.170500E+10     0.170500E+10     0.170500E+10     0.170500E+10     0.170500E+10     0.170500E+10     0.170500E+10     0.170500E+10     0.170500E+10     0.170500E+10     0.170500E+10     0.170500E+10     0.170500E+10     0.170500E+10     0.100000E+21
 0.320000E+04     0.101670E+11     0.108129E+11     0.119370E+11     0.119370E+11     0.124917E+11     0.126600E+11     0.972988E+10     0.970100E+10     0.144270E+11     0.817600E+10     0.817600E+10     0.817600E+10     0.817600E+10     0.817600E+10     0.887170E+10     0.963800E+10     0.102667E+11     0.112350E+11     0.895231E+10     0.816518E+10     0.762600E+10     0.762600E+10     0.762600E+10     0.762600E+10     0.762600E+10     0.453384E+10     0.437700E+10     0.641938E+10     0.102093E+11     0.827000E+10     0.743190E+10     0.676717E+10     0.594375E+10     0.565000E+10     0.591222E+10     0.619083E+10     0.808828E+10     0.997486E+10     0.102730E+11     0.640612E+10     0.527700E+10     0.552879E+10     0.552560E+10     0.543700E+10     0.622928E+10     0.580752E+10     0.517800E+10     0.513312E+10     0.503900E+10     0.499566E+10     0.457601E+10     0.444800E+10     0.486543E+10     0.532556E+10     0.474987E+10     0.425770E+10     0.430135E+10     0.728222E+10     0.815164E+10     0.831500E+10     0.882442E+10     0.890000E+10     0.709314E+10     0.569673E+10     0.430400E+10     0.427792E+10     0.422900E+10     0.436369E+10     0.439600E+10     0.405839E+10     0.400006E+10     0.419274E+10     0.424115E+10     0.390095E+10     0.378400E+10     0.376282E+10     0.384845E+10     0.386600E+10     0.379635E+10     0.372486E+10     0.274986E+10     0.198493E+10     0.199824E+10     0.208892E+10     0.224418E+10     0.235900E+10     0.234854E+10     0.211530E+10     0.202613E+10     0.196200E+10     0.183757E+10     0.192900E+10     0.184983E+10     0.181871E+10     0.185600E+10     0.198704E+10     0.216500E+10     0.214800E+10     0.206326E+10     0.192900E+10     0.191884E+10     0.177924E+10     0.170500E+10     0.170500E+10     0.179509E+10     0.178800E+10     0.170500E+10     0.170500E+10     0.170500E+10     0.170500E+10     0.170500E+10     0.170500E+10     0.170500E+10     0.170500E+10     0.170500E+10     0.170500E+10     0.170500E+10     0.170500E+10     0.170500E+10     0.170500E+10     0.170500E+10     0.170500E+10     0.170500E+10     0.170500E+10     0.170500E+10     0.100000E+21
 0.322000E+04     0.101670E+11     0.101670E+11     0.108313E+11     0.119370E+11     0.120224E+11     0.121100E+11     0.126600E+11     0.120105E+11     0.144270E+11     0.817600E+10     0.817600E+10     0.817600E+10     0.817600E+10     0.817600E+10     0.817600E+10     0.857625E+10     0.988110E+10     0.102889E+11     0.112350E+11     0.839501E+10     0.762600E+10     0.762600E+10     0.762600E+10     0.762600E+10     0.762600E+10     0.675545E+10     0.458827E+10     0.450435E+10     0.462400E+10     0.113565E+11     0.807791E+10     0.799168E+10     0.692195E+10     0.605952E+10     0.557700E+10     0.589474E+10     0.650700E+10     0.903713E+10     0.102730E+11     0.835923E+10     0.527700E+10     0.527700E+10     0.554990E+10     0.551101E+10     0.566819E+10     0.659500E+10     0.623364E+10     0.533444E+10     0.503900E+10     0.498461E+10     0.482038E+10     0.480762E+10     0.449376E+10     0.482866E+10     0.552500E+10     0.492450E+10     0.418100E+10     0.419654E+10     0.529278E+10     0.875833E+10     0.810451E+10     0.817307E+10     0.840884E+10     0.809566E+10     0.643711E+10     0.443306E+10     0.422900E+10     0.421480E+10     0.425312E+10     0.435800E+10     0.424039E+10     0.382062E+10     0.397838E+10     0.416102E+10     0.417893E+10     0.384265E+10     0.372327E+10     0.369661E+10     0.382112E+10     0.379600E+10     0.371527E+10     0.284641E+10     0.204396E+10     0.193365E+10     0.201700E+10     0.235900E+10     0.234790E+10     0.232300E+10     0.229816E+10     0.196200E+10     0.186783E+10     0.182998E+10     0.191300E+10     0.188439E+10     0.179687E+10     0.183385E+10     0.196076E+10     0.214800E+10     0.213616E+10     0.208724E+10     0.193385E+10     0.191776E+10     0.197201E+10     0.183539E+10     0.180761E+10     0.178800E+10     0.170500E+10     0.170500E+10     0.170500E+10     0.170500E+10     0.170500E+10     0.170500E+10     0.170500E+10     0.170500E+10     0.170500E+10     0.170500E+10     0.170500E+10     0.170500E+10     0.170500E+10     0.170500E+10     0.170500E+10     0.170500E+10     0.170500E+10     0.170500E+10     0.170500E+10     0.100000E+21
 0.324000E+04     0.952391E+10     0.993641E+10     0.104479E+11     0.108130E+11     0.119370E+11     0.119370E+11     0.122381E+11     0.125127E+11     0.144270E+11     0.817600E+10     0.817600E+10     0.817600E+10     0.817600E+10     0.817600E+10     0.817600E+10     0.817600E+10     0.963800E+10     0.963800E+10     0.112350E+11     0.103931E+11     0.762600E+10     0.762600E+10     0.762600E+10     0.762600E+10     0.762600E+10     0.653015E+10     0.462400E+10     0.460196E+10     0.503921E+10     0.825993E+10     0.103029E+11     0.809400E+10     0.699380E+10     0.623000E+10     0.571459E+10     0.571797E+10     0.618657E+10     0.793759E+10     0.947504E+10     0.935567E+10     0.819289E+10     0.527700E+10     0.535291E+10     0.552900E+10     0.546127E+10     0.583383E+10     0.651400E+10     0.561255E+10     0.503900E+10     0.499566E+10     0.487616E+10     0.483500E+10     0.470989E+10     0.466111E+10     0.472253E+10     0.486654E+10     0.494365E+10     0.481721E+10     0.437791E+10     0.591545E+10     0.828617E+10     0.784800E+10     0.820282E+10     0.841400E+10     0.788666E+10     0.668024E+10     0.422900E+10     0.417789E+10     0.415500E+10     0.420598E+10     0.428867E+10     0.411159E+10     0.391930E+10     0.410645E+10     0.420900E+10     0.408962E+10     0.370131E+10     0.367900E+10     0.374239E+10     0.379600E+10     0.376000E+10     0.340427E+10     0.303281E+10     0.200792E+10     0.201700E+10     0.215005E+10     0.226422E+10     0.232300E+10     0.231012E+10     0.216740E+10     0.190859E+10     0.185936E+10     0.180877E+10     0.187366E+10     0.184642E+10     0.181145E+10     0.182500E+10     0.193372E+10     0.206842E+10     0.211400E+10     0.201932E+10     0.191844E+10     0.185387E+10     0.181289E+10     0.182769E+10     0.178800E+10     0.170500E+10     0.170500E+10     0.170500E+10     0.170500E+10     0.170500E+10     0.170500E+10     0.170500E+10     0.170500E+10     0.170500E+10     0.170500E+10     0.170500E+10     0.170500E+10     0.170500E+10     0.170500E+10     0.170500E+10     0.170500E+10     0.170500E+10     0.170500E+10     0.170500E+10     0.100000E+21
 0.326000E+04     0.112400E+11     0.994171E+10     0.101670E+11     0.101670E+11     0.106742E+11     0.119370E+11     0.119370E+11     0.119370E+11     0.144270E+11     0.817600E+10     0.817600E+10     0.817600E+10     0.817600E+10     0.817600E+10     0.817600E+10     0.817600E+10     0.869920E+10     0.963800E+10     0.963800E+10     0.108355E+11     0.762600E+10     0.762600E+10     0.762600E+10     0.762600E+10     0.762600E+10     0.762600E+10     0.762600E+10     0.454418E+10     0.437700E+10     0.462400E+10     0.724358E+10     0.134080E+11     0.783454E+10     0.726500E+10     0.615200E+10     0.574815E+10     0.543300E+10     0.599551E+10     0.634800E+10     0.950658E+10     0.102730E+11     0.102730E+11     0.635359E+10     0.527700E+10     0.540122E+10     0.529300E+10     0.522200E+10     0.606517E+10     0.503900E+10     0.498888E+10     0.487856E+10     0.483500E+10     0.479448E+10     0.468345E+10     0.463600E+10     0.428355E+10     0.450600E+10     0.531600E+10     0.527045E+10     0.399800E+10     0.492578E+10     0.842300E+10     0.752389E+10     0.739600E+10     0.817700E+10     0.798741E+10     0.695400E+10     0.417943E+10     0.415500E+10     0.411800E+10     0.409093E+10     0.428200E+10     0.425468E+10     0.378944E+10     0.385900E+10     0.405951E+10     0.412527E+10     0.409800E+10     0.363433E+10     0.361000E+10     0.357600E+10     0.371529E+10     0.369100E+10     0.322312E+10     0.204400E+10     0.200100E+10     0.199069E+10     0.232300E+10     0.230804E+10     0.228700E+10     0.214185E+10     0.192900E+10     0.191300E+10     0.177637E+10     0.188100E+10     0.186977E+10     0.175900E+10     0.181100E+10     0.181641E+10     0.180500E+10     0.179457E+10     0.196920E+10     0.195800E+10     0.183647E+10     0.175178E+10     0.178800E+10     0.170500E+10     0.170500E+10     0.170500E+10     0.170500E+10     0.170500E+10     0.170500E+10     0.170500E+10     0.170500E+10     0.170500E+10     0.170500E+10     0.170500E+10     0.170500E+10     0.170500E+10     0.170500E+10     0.170500E+10     0.170500E+10     0.170500E+10     0.170500E+10     0.170500E+10     0.100000E+21
 0.328000E+04     0.142532E+11     0.114270E+11     0.953320E+10     0.101670E+11     0.103759E+11     0.105861E+11     0.119370E+11     0.119370E+11     0.144270E+11     0.950292E+10     0.817600E+10     0.817600E+10     0.817600E+10     0.817600E+10     0.817600E+10     0.817600E+10     0.867844E+10     0.963800E+10     0.963800E+10     0.108937E+11     0.108472E+11     0.814558E+10     0.762600E+10     0.762600E+10     0.762600E+10     0.762600E+10     0.762600E+10     0.454887E+10     0.437700E+10     0.501808E+10     0.701418E+10     0.134080E+11     0.793412E+10     0.773038E+10     0.676497E+10     0.618956E+10     0.543300E+10     0.592877E+10     0.599683E+10     0.921969E+10     0.951799E+10     0.102730E+11     0.957131E+10     0.527700E+10     0.531319E+10     0.534758E+10     0.522200E+10     0.543289E+10     0.622729E+10     0.513464E+10     0.487952E+10     0.483500E+10     0.479380E+10     0.468598E+10     0.463600E+10     0.443918E+10     0.423654E+10     0.479485E+10     0.511226E+10     0.488274E+10     0.416017E+10     0.526645E+10     0.773001E+10     0.739600E+10     0.748110E+10     0.791368E+10     0.752335E+10     0.536142E+10     0.415500E+10     0.411800E+10     0.408980E+10     0.405679E+10     0.408126E+10     0.393931E+10     0.372042E+10     0.388243E+10     0.412757E+10     0.409800E+10     0.384879E+10     0.361000E+10     0.357600E+10     0.362147E+10     0.369100E+10     0.350860E+10     0.307309E+10     0.288383E+10     0.232171E+10     0.207317E+10     0.229985E+10     0.228700E+10     0.221196E+10     0.212141E+10     0.191300E+10     0.187431E+10     0.188100E+10     0.178515E+10     0.172641E+10     0.177457E+10     0.178777E+10     0.180500E+10     0.179342E+10     0.187857E+10     0.195800E+10     0.190695E+10     0.175019E+10     0.178800E+10     0.170500E+10     0.170500E+10     0.170500E+10     0.170500E+10     0.170500E+10     0.170500E+10     0.170500E+10     0.170500E+10     0.170500E+10     0.170500E+10     0.170500E+10     0.170500E+10     0.170500E+10     0.170500E+10     0.170500E+10     0.170500E+10     0.170500E+10     0.170500E+10     0.170500E+10     0.100000E+21
 0.330000E+04     0.143620E+11     0.130561E+11     0.968297E+10     0.990144E+10     0.101670E+11     0.101670E+11     0.112899E+11     0.116843E+11     0.144270E+11     0.950326E+10     0.817600E+10     0.817600E+10     0.817600E+10     0.817600E+10     0.817600E+10     0.817600E+10     0.872253E+10     0.963800E+10     0.963800E+10     0.107783E+11     0.112350E+11     0.878645E+10     0.762600E+10     0.762600E+10     0.762600E+10     0.762600E+10     0.762600E+10     0.513563E+10     0.444272E+10     0.495199E+10     0.630081E+10     0.110816E+11     0.891437E+10     0.792100E+10     0.718100E+10     0.650630E+10     0.549865E+10     0.581566E+10     0.584900E+10     0.848486E+10     0.900900E+10     0.102730E+11     0.102730E+11     0.527700E+10     0.527700E+10     0.534508E+10     0.524626E+10     0.518746E+10     0.601792E+10     0.544934E+10     0.487749E+10     0.483500E+10     0.479523E+10     0.468105E+10     0.463600E+10     0.448816E+10     0.424300E+10     0.430936E+10     0.474099E+10     0.517900E+10     0.411586E+10     0.387800E+10     0.642148E+10     0.615101E+10     0.733281E+10     0.765509E+10     0.744670E+10     0.630680E+10     0.502662E+10     0.411800E+10     0.409209E+10     0.404400E+10     0.401943E+10     0.403451E+10     0.382974E+10     0.391020E+10     0.400301E+10     0.400665E+10     0.396986E+10     0.372188E+10     0.357600E+10     0.356596E+10     0.364194E+10     0.363105E+10     0.354421E+10     0.351847E+10     0.289763E+10     0.197542E+10     0.215284E+10     0.218768E+10     0.226299E+10     0.225200E+10     0.191300E+10     0.194704E+10     0.195092E+10     0.187494E+10     0.170500E+10     0.175050E+10     0.175926E+10     0.183833E+10     0.179726E+10     0.181398E+10     0.190690E+10     0.187992E+10     0.178607E+10     0.178800E+10     0.170500E+10     0.170500E+10     0.170500E+10     0.170500E+10     0.170500E+10     0.170500E+10     0.170500E+10     0.170500E+10     0.170500E+10     0.170500E+10     0.170500E+10     0.170500E+10     0.170500E+10     0.170500E+10     0.170500E+10     0.170500E+10     0.170500E+10     0.170500E+10     0.170500E+10     0.100000E+21
 0.332000E+04     0.143620E+11     0.143620E+11     0.126213E+11     0.106569E+11     0.968339E+10     0.101670E+11     0.101670E+11     0.106197E+11     0.144270E+11     0.978926E+10     0.928595E+10     0.817600E+10     0.817600E+10     0.817600E+10     0.817600E+10     0.817600E+10     0.841166E+10     0.882444E+10     0.963800E+10     0.100199E+11     0.112350E+11     0.103796E+11     0.762600E+10     0.762600E+10     0.762600E+10     0.762600E+10     0.762600E+10     0.669835E+10     0.462400E+10     0.437700E+10     0.493123E+10     0.462400E+10     0.122154E+11     0.792100E+10     0.754519E+10     0.699569E+10     0.587917E+10     0.575958E+10     0.549544E+10     0.655834E+10     0.743649E+10     0.947621E+10     0.101409E+11     0.871018E+10     0.604712E+10     0.527700E+10     0.531200E+10     0.523901E+10     0.508200E+10     0.529170E+10     0.539424E+10     0.483500E+10     0.479380E+10     0.468431E+10     0.463600E+10     0.455380E+10     0.450600E+10     0.428189E+10     0.419527E+10     0.460812E+10     0.500380E+10     0.460832E+10     0.383000E+10     0.384134E+10     0.532034E+10     0.708507E+10     0.674500E+10     0.690652E+10     0.694125E+10     0.603712E+10     0.550443E+10     0.404400E+10     0.401765E+10     0.399980E+10     0.400224E+10     0.410255E+10     0.389561E+10     0.364785E+10     0.389465E+10     0.402500E+10     0.380718E+10     0.371896E+10     0.350800E+10     0.352579E+10     0.350790E+10     0.358700E+10     0.353908E+10     0.289086E+10     0.206292E+10     0.195262E+10     0.213000E+10     0.225200E+10     0.211785E+10     0.207003E+10     0.205109E+10     0.211263E+10     0.193334E+10     0.173281E+10     0.172383E+10     0.177103E+10     0.184654E+10     0.175554E+10     0.176400E+10     0.175625E+10     0.179589E+10     0.178800E+10     0.170500E+10     0.170500E+10     0.170500E+10     0.170500E+10     0.170500E+10     0.170500E+10     0.170500E+10     0.170500E+10     0.170500E+10     0.170500E+10     0.170500E+10     0.170500E+10     0.170500E+10     0.170500E+10     0.170500E+10     0.170500E+10     0.170500E+10     0.170500E+10     0.170500E+10     0.100000E+21
 0.334000E+04     0.163482E+11     0.151558E+11     0.137870E+11     0.129250E+11     0.100538E+11     0.962034E+10     0.101670E+11     0.101670E+11     0.144270E+11     0.994600E+10     0.994600E+10     0.817600E+10     0.817600E+10     0.817600E+10     0.817600E+10     0.817600E+10     0.817600E+10     0.817600E+10     0.963800E+10     0.963800E+10     0.112350E+11     0.112350E+11     0.762600E+10     0.762600E+10     0.762600E+10     0.762600E+10     0.762600E+10     0.706764E+10     0.624599E+10     0.450698E+10     0.485320E+10     0.497681E+10     0.932420E+10     0.108828E+11     0.783500E+10     0.740425E+10     0.600000E+10     0.572821E+10     0.529000E+10     0.567380E+10     0.593296E+10     0.744662E+10     0.889847E+10     0.102730E+11     0.884434E+10     0.527700E+10     0.529309E+10     0.526082E+10     0.513000E+10     0.505678E+10     0.551478E+10     0.552960E+10     0.508227E+10     0.467691E+10     0.463600E+10     0.454724E+10     0.450600E+10     0.444100E+10     0.430315E+10     0.412496E+10     0.449890E+10     0.458263E+10     0.440020E+10     0.436574E+10     0.378717E+10     0.487210E+10     0.703125E+10     0.663327E+10     0.677475E+10     0.704800E+10     0.670204E+10     0.506034E+10     0.439196E+10     0.395659E+10     0.393600E+10     0.397876E+10     0.399785E+10     0.385030E+10     0.371793E+10     0.384077E+10     0.398900E+10     0.386433E+10     0.372898E+10     0.346372E+10     0.344100E+10     0.349293E+10     0.352786E+10     0.347029E+10     0.301186E+10     0.190640E+10     0.205796E+10     0.225200E+10     0.223500E+10     0.216626E+10     0.211312E+10     0.207530E+10     0.204101E+10     0.193357E+10     0.179848E+10     0.170500E+10     0.176230E+10     0.179050E+10     0.174077E+10     0.173317E+10     0.175629E+10     0.178800E+10     0.170500E+10     0.170500E+10     0.170500E+10     0.170500E+10     0.170500E+10     0.170500E+10     0.170500E+10     0.170500E+10     0.170500E+10     0.170500E+10     0.170500E+10     0.170500E+10     0.170500E+10     0.170500E+10     0.170500E+10     0.170500E+10     0.170500E+10     0.170500E+10     0.170500E+10     0.100000E+21
 0.336000E+04     0.180410E+11     0.172948E+11     0.143620E+11     0.143620E+11     0.109446E+11     0.106038E+11     0.954168E+10     0.996211E+10     0.144270E+11     0.101146E+11     0.994600E+10     0.927277E+10     0.862121E+10     0.817600E+10     0.817600E+10     0.817600E+10     0.817600E+10     0.817600E+10     0.963800E+10     0.963800E+10     0.112350E+11     0.112350E+11     0.762600E+10     0.762600E+10     0.762600E+10     0.762600E+10     0.762600E+10     0.762600E+10     0.762600E+10     0.462400E+10     0.450688E+10     0.464697E+10     0.575131E+10     0.736431E+10     0.112737E+11     0.893889E+10     0.669845E+10     0.579601E+10     0.544734E+10     0.528435E+10     0.536009E+10     0.577965E+10     0.655088E+10     0.102730E+11     0.102730E+11     0.837193E+10     0.527700E+10     0.526979E+10     0.517100E+10     0.510851E+10     0.511706E+10     0.524702E+10     0.551586E+10     0.528657E+10     0.463600E+10     0.454986E+10     0.450600E+10     0.444100E+10     0.440050E+10     0.420669E+10     0.393092E+10     0.395526E+10     0.464223E+10     0.491100E+10     0.448549E+10     0.382580E+10     0.471773E+10     0.524544E+10     0.633000E+10     0.641102E+10     0.629647E+10     0.641488E+10     0.561263E+10     0.395718E+10     0.393600E+10     0.391377E+10     0.392486E+10     0.389832E+10     0.387539E+10     0.389458E+10     0.368855E+10     0.378554E+10     0.391700E+10     0.374296E+10     0.371836E+10     0.340800E+10     0.342458E+10     0.339770E+10     0.262533E+10     0.192995E+10     0.194010E+10     0.203728E+10     0.199625E+10     0.216570E+10     0.220000E+10     0.215195E+10     0.197800E+10     0.200169E+10     0.198667E+10     0.171404E+10     0.170757E+10     0.178374E+10     0.183313E+10     0.181174E+10     0.173905E+10     0.178800E+10     0.170500E+10     0.170500E+10     0.170500E+10     0.170500E+10     0.170500E+10     0.170500E+10     0.170500E+10     0.170500E+10     0.170500E+10     0.170500E+10     0.170500E+10     0.170500E+10     0.170500E+10     0.170500E+10     0.170500E+10     0.170500E+10     0.170500E+10     0.170500E+10     0.170500E+10     0.100000E+21
 0.338000E+04     0.187855E+11     0.182384E+11     0.163366E+11     0.143620E+11     0.127593E+11     0.112400E+11     0.103268E+11     0.974773E+10     0.115032E+11     0.102032E+11     0.994600E+10     0.994600E+10     0.888822E+10     0.817600E+10     0.817600E+10     0.817600E+10     0.817600E+10     0.817600E+10     0.868121E+10     0.945986E+10     0.100668E+11     0.110014E+11     0.889326E+10     0.762600E+10     0.762600E+10     0.762600E+10     0.762600E+10     0.762600E+10     0.762600E+10     0.632559E+10     0.449538E+10     0.437700E+10     0.499310E+10     0.462400E+10     0.134080E+11     0.980871E+10     0.743639E+10     0.657593E+10     0.573066E+10     0.539745E+10     0.515000E+10     0.562700E+10     0.567030E+10     0.938528E+10     0.100784E+11     0.102730E+11     0.875217E+10     0.604187E+10     0.524891E+10     0.513214E+10     0.495486E+10     0.487500E+10     0.513988E+10     0.579333E+10     0.556524E+10     0.455396E+10     0.450600E+10     0.444100E+10     0.439783E+10     0.431400E+10     0.411976E+10     0.384800E+10     0.414960E+10     0.443180E+10     0.484500E+10     0.457505E+10     0.358700E+10     0.402356E+10     0.483134E+10     0.646303E+10     0.604609E+10     0.596602E+10     0.619450E+10     0.507555E+10     0.498052E+10     0.417534E+10     0.385544E+10     0.382900E+10     0.390547E+10     0.398600E+10     0.375554E+10     0.358367E+10     0.368102E+10     0.367573E+10     0.384500E+10     0.363399E+10     0.296791E+10     0.247742E+10     0.195360E+10     0.184975E+10     0.188968E+10     0.186137E+10     0.188800E+10     0.195185E+10     0.195298E+10     0.213610E+10     0.208400E+10     0.209437E+10     0.201374E+10     0.187057E+10     0.193160E+10     0.173184E+10     0.175316E+10     0.177667E+10     0.179974E+10     0.178800E+10     0.170500E+10     0.170500E+10     0.170500E+10     0.170500E+10     0.170500E+10     0.170500E+10     0.170500E+10     0.170500E+10     0.170500E+10     0.170500E+10     0.170500E+10     0.170500E+10     0.170500E+10     0.170500E+10     0.170500E+10     0.170500E+10     0.170500E+10     0.170500E+10     0.170500E+10     0.100000E+21
 0.340000E+04     0.190450E+11     0.190450E+11     0.180410E+11     0.180410E+11     0.143620E+11     0.143620E+11     0.112400E+11     0.112400E+11     0.915500E+10     0.102061E+11     0.994600E+10     0.994600E+10     0.994600E+10     0.817600E+10     0.817600E+10     0.817600E+10     0.817600E+10     0.817600E+10     0.817600E+10     0.929792E+10     0.963800E+10     0.107982E+11     0.975146E+10     0.762600E+10     0.762600E+10     0.762600E+10     0.762600E+10     0.762600E+10     0.762600E+10     0.762600E+10     0.455346E+10     0.437700E+10     0.442913E+10     0.462400E+10     0.462400E+10     0.101370E+11     0.766500E+10     0.736146E+10     0.584900E+10     0.574506E+10     0.570000E+10     0.508100E+10     0.546429E+10     0.596000E+10     0.810494E+10     0.102730E+11     0.102730E+11     0.102730E+11     0.527700E+10     0.527700E+10     0.500651E+10     0.496200E+10     0.486786E+10     0.503975E+10     0.589200E+10     0.548324E+10     0.450600E+10     0.444100E+10     0.439837E+10     0.431400E+10     0.424167E+10     0.418900E+10     0.395847E+10     0.373300E+10     0.367700E+10     0.461400E+10     0.471500E+10     0.425790E+10     0.347400E+10     0.341900E+10     0.351374E+10     0.573500E+10     0.559370E+10     0.561419E+10     0.601200E+10     0.546889E+10     0.385593E+10     0.382900E+10     0.378265E+10     0.375800E+10     0.372300E+10     0.390333E+10     0.387800E+10     0.320922E+10     0.237700E+10     0.235900E+10     0.214710E+10     0.199400E+10     0.198002E+10     0.178900E+10     0.183235E+10     0.192900E+10     0.191300E+10     0.182385E+10     0.185600E+10     0.184457E+10     0.216500E+10     0.214800E+10     0.213637E+10     0.211400E+10     0.195619E+10     0.191893E+10     0.170500E+10     0.170500E+10     0.172770E+10     0.178800E+10     0.170500E+10     0.170500E+10     0.170500E+10     0.170500E+10     0.170500E+10     0.170500E+10     0.170500E+10     0.170500E+10     0.170500E+10     0.170500E+10     0.170500E+10     0.170500E+10     0.170500E+10     0.170500E+10     0.170500E+10     0.170500E+10     0.170500E+10     0.170500E+10     0.170500E+10     0.100000E+21
 0.342000E+04     0.141289E+11     0.173247E+11     0.184222E+11     0.180410E+11     0.157490E+11     0.143620E+11     0.128329E+11     0.117389E+11     0.102587E+11     0.102241E+11     0.101097E+11     0.994600E+10     0.994600E+10     0.817600E+10     0.817600E+10     0.817600E+10     0.817600E+10     0.817600E+10     0.817600E+10     0.926071E+10     0.963800E+10     0.107613E+11     0.105124E+11     0.955048E+10     0.823621E+10     0.762600E+10     0.762600E+10     0.762600E+10     0.762600E+10     0.762600E+10     0.458737E+10     0.450853E+10     0.451845E+10     0.496639E+10     0.462400E+10     0.101750E+11     0.106789E+11     0.732985E+10     0.637330E+10     0.568206E+10     0.553468E+10     0.536681E+10     0.528394E+10     0.570618E+10     0.686594E+10     0.962766E+10     0.102730E+11     0.102730E+11     0.527700E+10     0.527700E+10     0.508956E+10     0.496200E+10     0.489459E+10     0.489742E+10     0.524059E+10     0.562932E+10     0.515685E+10     0.444100E+10     0.439832E+10     0.431400E+10     0.423761E+10     0.418900E+10     0.403178E+10     0.390319E+10     0.384849E+10     0.408364E+10     0.427704E+10     0.444631E+10     0.404164E+10     0.400081E+10     0.359200E+10     0.453585E+10     0.544567E+10     0.544617E+10     0.556384E+10     0.553447E+10     0.467142E+10     0.435450E+10     0.378244E+10     0.375800E+10     0.372300E+10     0.354030E+10     0.290731E+10     0.274699E+10     0.237700E+10     0.235900E+10     0.224998E+10     0.216632E+10     0.201499E+10     0.187979E+10     0.185622E+10     0.184383E+10     0.191300E+10     0.186699E+10     0.181872E+10     0.183419E+10     0.199124E+10     0.196874E+10     0.208231E+10     0.211400E+10     0.204226E+10     0.190393E+10     0.179885E+10     0.182961E+10     0.172962E+10     0.178800E+10     0.170500E+10     0.170500E+10     0.170500E+10     0.170500E+10     0.170500E+10     0.170500E+10     0.170500E+10     0.170500E+10     0.170500E+10     0.170500E+10     0.170500E+10     0.170500E+10     0.170500E+10     0.170500E+10     0.170500E+10     0.170500E+10     0.170500E+10     0.170500E+10     0.170500E+10     0.100000E+21
 0.344000E+04     0.984800E+10     0.127924E+11     0.188443E+11     0.184886E+11     0.167049E+11     0.143620E+11     0.143620E+11     0.132920E+11     0.112400E+11     0.102590E+11     0.102590E+11     0.994600E+10     0.994600E+10     0.896559E+10     0.844375E+10     0.817600E+10     0.817600E+10     0.817600E+10     0.817600E+10     0.871443E+10     0.963800E+10     0.101963E+11     0.112350E+11     0.112350E+11     0.904613E+10     0.762600E+10     0.762600E+10     0.762600E+10     0.762600E+10     0.762600E+10     0.545091E+10     0.462400E+10     0.453406E+10     0.487570E+10     0.462400E+10     0.744172E+10     0.134080E+11     0.745248E+10     0.713855E+10     0.592904E+10     0.552676E+10     0.562700E+10     0.558264E+10     0.524207E+10     0.550528E+10     0.752127E+10     0.102730E+11     0.102730E+11     0.750742E+10     0.618461E+10     0.521031E+10     0.510228E+10     0.498688E+10     0.475333E+10     0.471086E+10     0.524196E+10     0.520639E+10     0.501178E+10     0.496258E+10     0.431400E+10     0.423134E+10     0.418900E+10     0.409954E+10     0.406600E+10     0.400500E+10     0.383834E+10     0.374291E+10     0.416222E+10     0.420524E+10     0.452300E+10     0.408521E+10     0.340993E+10     0.427869E+10     0.452024E+10     0.537696E+10     0.542370E+10     0.520977E+10     0.509069E+10     0.431209E+10     0.407496E+10     0.374020E+10     0.305897E+10     0.206202E+10     0.223417E+10     0.221643E+10     0.235900E+10     0.234867E+10     0.232300E+10     0.218154E+10     0.196200E+10     0.190204E+10     0.183975E+10     0.191300E+10     0.185564E+10     0.182829E+10     0.181805E+10     0.179435E+10     0.181100E+10     0.191664E+10     0.211400E+10     0.210358E+10     0.197479E+10     0.196246E+10     0.194937E+10     0.181098E+10     0.178800E+10     0.170500E+10     0.170500E+10     0.170500E+10     0.170500E+10     0.170500E+10     0.170500E+10     0.170500E+10     0.170500E+10     0.170500E+10     0.170500E+10     0.170500E+10     0.170500E+10     0.170500E+10     0.170500E+10     0.170500E+10     0.170500E+10     0.170500E+10     0.170500E+10     0.170500E+10     0.100000E+21
 0.346000E+04     0.984800E+10     0.984800E+10     0.190450E+11     0.190450E+11     0.174342E+11     0.165763E+11     0.143620E+11     0.143620E+11     0.131196E+11     0.986218E+10     0.102590E+11     0.101228E+11     0.100209E+11     0.994600E+10     0.870854E+10     0.817600E+10     0.817600E+10     0.817600E+10     0.817600E+10     0.817600E+10     0.963800E+10     0.963800E+10     0.112350E+11     0.112350E+11     0.902637E+10     0.762600E+10     0.762600E+10     0.762600E+10     0.762600E+10     0.762600E+10     0.652153E+10     0.462400E+10     0.447987E+10     0.437700E+10     0.499201E+10     0.477017E+10     0.134080E+11     0.101357E+11     0.749700E+10     0.631709E+10     0.570000E+10     0.562700E+10     0.576261E+10     0.569968E+10     0.528262E+10     0.554356E+10     0.753912E+10     0.937954E+10     0.102730E+11     0.909253E+10     0.527700E+10     0.527700E+10     0.518531E+10     0.497622E+10     0.475800E+10     0.461785E+10     0.454100E+10     0.499583E+10     0.537213E+10     0.503949E+10     0.423200E+10     0.418900E+10     0.409968E+10     0.406600E+10     0.400500E+10     0.396339E+10     0.375790E+10     0.366022E+10     0.359174E+10     0.384889E+10     0.395042E+10     0.313735E+10     0.312782E+10     0.338767E+10     0.413510E+10     0.367450E+10     0.505664E+10     0.495940E+10     0.421594E+10     0.406404E+10     0.376000E+10     0.341157E+10     0.304936E+10     0.268030E+10     0.203320E+10     0.217173E+10     0.215125E+10     0.232300E+10     0.231033E+10     0.215717E+10     0.205124E+10     0.192900E+10     0.191300E+10     0.186085E+10     0.178457E+10     0.181612E+10     0.181049E+10     0.177123E+10     0.178886E+10     0.191571E+10     0.190727E+10     0.207379E+10     0.206400E+10     0.201139E+10     0.185842E+10     0.178800E+10     0.170500E+10     0.170500E+10     0.170500E+10     0.170500E+10     0.170500E+10     0.170500E+10     0.170500E+10     0.170500E+10     0.170500E+10     0.170500E+10     0.170500E+10     0.170500E+10     0.170500E+10     0.170500E+10     0.170500E+10     0.170500E+10     0.170500E+10     0.170500E+10     0.170500E+10     0.100000E+21
 0.348000E+04     0.984800E+10     0.984800E+10     0.154332E+11     0.190450E+11     0.184295E+11     0.180410E+11     0.162570E+11     0.162981E+11     0.143620E+11     0.954103E+10     0.102590E+11     0.102590E+11     0.100726E+11     0.994600E+10     0.854316E+10     0.817600E+10     0.817600E+10     0.817600E+10     0.817600E+10     0.817600E+10     0.963800E+10     0.963800E+10     0.112350E+11     0.112350E+11     0.101095E+11     0.762600E+10     0.762600E+10     0.762600E+10     0.762600E+10     0.762600E+10     0.672804E+10     0.462400E+10     0.456361E+10     0.437700E+10     0.527700E+10     0.486423E+10     0.134080E+11     0.122133E+11     0.749700E+10     0.675800E+10     0.620894E+10     0.562700E+10     0.543417E+10     0.580756E+10     0.516650E+10     0.506522E+10     0.548007E+10     0.710049E+10     0.102730E+11     0.102730E+11     0.699000E+10     0.527700E+10     0.527700E+10     0.520228E+10     0.504397E+10     0.466189E+10     0.458635E+10     0.447600E+10     0.480220E+10     0.552000E+10     0.476787E+10     0.418900E+10     0.410119E+10     0.406600E+10     0.400500E+10     0.395786E+10     0.388500E+10     0.375544E+10     0.361610E+10     0.356776E+10     0.350555E+10     0.317332E+10     0.326382E+10     0.309916E+10     0.307972E+10     0.278319E+10     0.432483E+10     0.411232E+10     0.366207E+10     0.369465E+10     0.376000E+10     0.371540E+10     0.369100E+10     0.342923E+10     0.288768E+10     0.277496E+10     0.229492E+10     0.214694E+10     0.211522E+10     0.228700E+10     0.220504E+10     0.209528E+10     0.208558E+10     0.194073E+10     0.180871E+10     0.184623E+10     0.177513E+10     0.179371E+10     0.177111E+10     0.174732E+10     0.176414E+10     0.190548E+10     0.188768E+10     0.198739E+10     0.190085E+10     0.178800E+10     0.170500E+10     0.170500E+10     0.170500E+10     0.170500E+10     0.170500E+10     0.170500E+10     0.170500E+10     0.170500E+10     0.170500E+10     0.170500E+10     0.170500E+10     0.170500E+10     0.170500E+10     0.170500E+10     0.170500E+10     0.170500E+10     0.170500E+10     0.170500E+10     0.170500E+10     0.100000E+21
 0.350000E+04     0.972382E+10     0.981716E+10     0.105769E+11     0.103500E+11     0.189426E+11     0.188849E+11     0.180410E+11     0.180410E+11     0.174826E+11     0.938486E+10     0.952726E+10     0.102590E+11     0.102095E+11     0.994600E+10     0.986976E+10     0.817600E+10     0.817600E+10     0.817600E+10     0.817600E+10     0.817600E+10     0.829280E+10     0.940110E+10     0.105425E+11     0.112350E+11     0.112350E+11     0.762600E+10     0.762600E+10     0.762600E+10     0.762600E+10     0.762600E+10     0.680649E+10     0.462400E+10     0.457744E+10     0.437700E+10     0.465967E+10     0.465335E+10     0.633002E+10     0.132812E+11     0.122138E+11     0.713224E+10     0.668800E+10     0.562700E+10     0.553769E+10     0.548200E+10     0.577079E+10     0.480800E+10     0.481560E+10     0.518805E+10     0.593869E+10     0.967825E+10     0.963038E+10     0.994674E+10     0.879744E+10     0.527700E+10     0.527700E+10     0.505037E+10     0.462500E+10     0.453292E+10     0.449310E+10     0.454554E+10     0.441451E+10     0.512724E+10     0.458953E+10     0.406600E+10     0.400500E+10     0.395118E+10     0.388500E+10     0.380671E+10     0.376700E+10     0.370900E+10     0.362849E+10     0.357693E+10     0.333226E+10     0.330876E+10     0.380447E+10     0.361881E+10     0.401055E+10     0.367900E+10     0.363500E+10     0.361000E+10     0.363304E+10     0.360947E+10     0.369100E+10     0.365052E+10     0.362200E+10     0.355326E+10     0.331004E+10     0.312552E+10     0.202062E+10     0.200417E+10     0.209593E+10     0.225200E+10     0.223500E+10     0.218837E+10     0.188100E+10     0.186937E+10     0.180559E+10     0.172008E+10     0.172385E+10     0.179612E+10     0.172131E+10     0.175173E+10     0.174300E+10     0.178505E+10     0.196763E+10     0.178800E+10     0.170500E+10     0.170500E+10     0.170500E+10     0.170500E+10     0.170500E+10     0.170500E+10     0.170500E+10     0.170500E+10     0.170500E+10     0.170500E+10     0.170500E+10     0.170500E+10     0.170500E+10     0.170500E+10     0.170500E+10     0.170500E+10     0.170500E+10     0.170500E+10     0.170500E+10     0.100000E+21
 0.352000E+04     0.971700E+10     0.971700E+10     0.984800E+10     0.984800E+10     0.124168E+11     0.190450E+11     0.190450E+11     0.183543E+11     0.180410E+11     0.933500E+10     0.933500E+10     0.102590E+11     0.102590E+11     0.994600E+10     0.994600E+10     0.817600E+10     0.817600E+10     0.817600E+10     0.817600E+10     0.817600E+10     0.817600E+10     0.921814E+10     0.102850E+11     0.112350E+11     0.112350E+11     0.762600E+10     0.762600E+10     0.762600E+10     0.762600E+10     0.762600E+10     0.762600E+10     0.762600E+10     0.462400E+10     0.462400E+10     0.437700E+10     0.494746E+10     0.462400E+10     0.134080E+11     0.134080E+11     0.738107E+10     0.733000E+10     0.660700E+10     0.578489E+10     0.516400E+10     0.533677E+10     0.604500E+10     0.474200E+10     0.469484E+10     0.512800E+10     0.540763E+10     0.945058E+10     0.102730E+11     0.102730E+11     0.886332E+10     0.527700E+10     0.527700E+10     0.527700E+10     0.527700E+10     0.475220E+10     0.442900E+10     0.427160E+10     0.422100E+10     0.527300E+10     0.523200E+10     0.516200E+10     0.418455E+10     0.388500E+10     0.380654E+10     0.376700E+10     0.370900E+10     0.366626E+10     0.359400E+10     0.372680E+10     0.373048E+10     0.370900E+10     0.378382E+10     0.387357E+10     0.409800E+10     0.392743E+10     0.361000E+10     0.357600E+10     0.353188E+10     0.350800E+10     0.350723E+10     0.362200E+10     0.358700E+10     0.356608E+10     0.352000E+10     0.340477E+10     0.334600E+10     0.192999E+10     0.190400E+10     0.188800E+10     0.214041E+10     0.220000E+10     0.218797E+10     0.185000E+10     0.183400E+10     0.174544E+10     0.170500E+10     0.176770E+10     0.171759E+10     0.174300E+10     0.172039E+10     0.172884E+10     0.178800E+10     0.170500E+10     0.170500E+10     0.170500E+10     0.170500E+10     0.170500E+10     0.170500E+10     0.170500E+10     0.170500E+10     0.170500E+10     0.170500E+10     0.170500E+10     0.170500E+10     0.170500E+10     0.170500E+10     0.170500E+10     0.170500E+10     0.170500E+10     0.170500E+10     0.170500E+10     0.100000E+21
 0.354000E+04     0.971700E+10     0.971700E+10     0.984800E+10     0.984800E+10     0.115932E+11     0.158136E+11     0.190450E+11     0.186337E+11     0.180410E+11     0.933500E+10     0.933500E+10     0.102590E+11     0.102590E+11     0.100574E+11     0.998682E+10     0.880125E+10     0.817600E+10     0.817600E+10     0.817600E+10     0.817600E+10     0.817600E+10     0.911871E+10     0.103276E+11     0.112350E+11     0.112350E+11     0.835963E+10     0.762600E+10     0.762600E+10     0.762600E+10     0.762600E+10     0.762600E+10     0.762600E+10     0.462400E+10     0.462400E+10     0.437700E+10     0.471378E+10     0.462400E+10     0.114340E+11     0.134080E+11     0.869862E+10     0.733000E+10     0.660700E+10     0.587398E+10     0.527525E+10     0.530222E+10     0.575774E+10     0.517176E+10     0.489289E+10     0.494595E+10     0.520246E+10     0.849263E+10     0.983198E+10     0.100448E+11     0.927317E+10     0.702100E+10     0.639808E+10     0.527700E+10     0.527700E+10     0.496548E+10     0.442900E+10     0.428390E+10     0.422100E+10     0.480932E+10     0.477181E+10     0.516200E+10     0.455301E+10     0.428528E+10     0.380367E+10     0.376700E+10     0.370900E+10     0.367029E+10     0.383417E+10     0.391896E+10     0.383125E+10     0.370900E+10     0.374570E+10     0.384629E+10     0.397675E+10     0.396648E+10     0.375535E+10     0.357600E+10     0.352987E+10     0.350800E+10     0.349460E+10     0.355765E+10     0.358700E+10     0.356719E+10     0.352000E+10     0.344224E+10     0.338356E+10     0.223636E+10     0.191422E+10     0.189687E+10     0.204046E+10     0.207990E+10     0.213496E+10     0.197765E+10     0.194371E+10     0.182898E+10     0.174036E+10     0.175798E+10     0.180715E+10     0.183651E+10     0.183404E+10     0.173448E+10     0.178800E+10     0.170500E+10     0.170500E+10     0.170500E+10     0.170500E+10     0.170500E+10     0.170500E+10     0.170500E+10     0.170500E+10     0.170500E+10     0.170500E+10     0.170500E+10     0.170500E+10     0.170500E+10     0.170500E+10     0.170500E+10     0.170500E+10     0.170500E+10     0.170500E+10     0.170500E+10     0.100000E+21
 0.356000E+04     0.918697E+10     0.949750E+10     0.980699E+10     0.984800E+10     0.984800E+10     0.984800E+10     0.190450E+11     0.190450E+11     0.185503E+11     0.933500E+10     0.933500E+10     0.979267E+10     0.100546E+11     0.102590E+11     0.100449E+11     0.994600E+10     0.817600E+10     0.817600E+10     0.817600E+10     0.817600E+10     0.817600E+10     0.862188E+10     0.998701E+10     0.104249E+11     0.109172E+11     0.982429E+10     0.762600E+10     0.762600E+10     0.762600E+10     0.762600E+10     0.762600E+10     0.762600E+10     0.462400E+10     0.462400E+10     0.437700E+10     0.437700E+10     0.495521E+10     0.735615E+10     0.134080E+11     0.108083E+11     0.733000E+10     0.693211E+10     0.634312E+10     0.548200E+10     0.534059E+10     0.518103E+10     0.561339E+10     0.541496E+10     0.522308E+10     0.496036E+10     0.601052E+10     0.716210E+10     0.750657E+10     0.987586E+10     0.102730E+11     0.938502E+10     0.781122E+10     0.779796E+10     0.626910E+10     0.485916E+10     0.464676E+10     0.426157E+10     0.415224E+10     0.409600E+10     0.459041E+10     0.454645E+10     0.502200E+10     0.437051E+10     0.433114E+10     0.391647E+10     0.388557E+10     0.428200E+10     0.425851E+10     0.409301E+10     0.394284E+10     0.378307E+10     0.372861E+10     0.375300E+10     0.387471E+10     0.385202E+10     0.378443E+10     0.365874E+10     0.350800E+10     0.346365E+10     0.344100E+10     0.349667E+10     0.347744E+10     0.352000E+10     0.349658E+10     0.345200E+10     0.305162E+10     0.261122E+10     0.259063E+10     0.212326E+10     0.179868E+10     0.192947E+10     0.216500E+10     0.214800E+10     0.193894E+10     0.196166E+10     0.192644E+10     0.197230E+10     0.194505E+10     0.197266E+10     0.182254E+10     0.178800E+10     0.170500E+10     0.170500E+10     0.170500E+10     0.170500E+10     0.170500E+10     0.170500E+10     0.170500E+10     0.170500E+10     0.170500E+10     0.170500E+10     0.170500E+10     0.170500E+10     0.170500E+10     0.170500E+10     0.170500E+10     0.170500E+10     0.170500E+10     0.170500E+10     0.170500E+10     0.100000E+21
 0.358000E+04     0.101020E+11     0.919842E+10     0.971700E+10     0.971700E+10     0.984800E+10     0.984800E+10     0.984800E+10     0.161661E+11     0.190450E+11     0.162011E+11     0.933500E+10     0.933500E+10     0.988594E+10     0.102590E+11     0.100066E+11     0.994600E+10     0.932936E+10     0.817600E+10     0.817600E+10     0.817600E+10     0.817600E+10     0.817600E+10     0.963800E+10     0.963800E+10     0.107048E+11     0.102384E+11     0.762600E+10     0.762600E+10     0.762600E+10     0.762600E+10     0.762600E+10     0.762600E+10     0.462400E+10     0.462400E+10     0.462400E+10     0.446754E+10     0.527700E+10     0.627510E+10     0.134080E+11     0.108205E+11     0.668800E+10     0.724800E+10     0.668846E+10     0.644800E+10     0.572034E+10     0.502600E+10     0.621400E+10     0.550018E+10     0.581900E+10     0.576557E+10     0.463466E+10     0.492200E+10     0.488029E+10     0.630400E+10     0.900900E+10     0.102730E+11     0.102730E+11     0.102730E+11     0.102730E+11     0.102730E+11     0.527700E+10     0.527700E+10     0.421137E+10     0.417500E+10     0.411300E+10     0.400201E+10     0.391300E+10     0.395281E+10     0.415500E+10     0.411800E+10     0.409081E+10     0.404400E+10     0.418701E+10     0.419270E+10     0.417000E+10     0.414595E+10     0.395978E+10     0.360600E+10     0.360531E+10     0.368400E+10     0.364900E+10     0.394154E+10     0.391700E+10     0.378294E+10     0.344100E+10     0.340800E+10     0.338771E+10     0.334200E+10     0.331520E+10     0.345200E+10     0.340690E+10     0.338600E+10     0.335300E+10     0.324831E+10     0.188100E+10     0.177370E+10     0.185000E+10     0.174500E+10     0.178065E+10     0.178300E+10     0.177359E+10     0.207469E+10     0.206400E+10     0.194566E+10     0.183206E+10     0.178800E+10     0.170500E+10     0.170500E+10     0.170500E+10     0.170500E+10     0.170500E+10     0.170500E+10     0.170500E+10     0.170500E+10     0.170500E+10     0.170500E+10     0.170500E+10     0.170500E+10     0.170500E+10     0.170500E+10     0.170500E+10     0.170500E+10     0.170500E+10     0.170500E+10     0.170500E+10     0.100000E+21
 0.360000E+04     0.101020E+11     0.985053E+10     0.910708E+10     0.971700E+10     0.977644E+10     0.984800E+10     0.984800E+10     0.113922E+11     0.190450E+11     0.168495E+11     0.933500E+10     0.933500E+10     0.987588E+10     0.102590E+11     0.102201E+11     0.994600E+10     0.930384E+10     0.817600E+10     0.817600E+10     0.817600E+10     0.817600E+10     0.817600E+10     0.963800E+10     0.963800E+10     0.106812E+11     0.108740E+11     0.104625E+11     0.762600E+10     0.762600E+10     0.762600E+10     0.762600E+10     0.762600E+10     0.646718E+10     0.462400E+10     0.462400E+10     0.447091E+10     0.459826E+10     0.532597E+10     0.682149E+10     0.123836E+11     0.110948E+11     0.724800E+10     0.709671E+10     0.644800E+10     0.573450E+10     0.523191E+10     0.523565E+10     0.577400E+10     0.527153E+10     0.523809E+10     0.507909E+10     0.451963E+10     0.454377E+10     0.539122E+10     0.594122E+10     0.711701E+10     0.930774E+10     0.102730E+11     0.102730E+11     0.102730E+11     0.863569E+10     0.527700E+10     0.461645E+10     0.417500E+10     0.411300E+10     0.405359E+10     0.397202E+10     0.584799E+10     0.571029E+10     0.411800E+10     0.409122E+10     0.404400E+10     0.405205E+10     0.409261E+10     0.417000E+10     0.414648E+10     0.403878E+10     0.396491E+10     0.357987E+10     0.357037E+10     0.364900E+10     0.370188E+10     0.365446E+10     0.383408E+10     0.374338E+10     0.367162E+10     0.348662E+10     0.334200E+10     0.331508E+10     0.332002E+10     0.332874E+10     0.338600E+10     0.335300E+10     0.243937E+10     0.188100E+10     0.184858E+10     0.175416E+10     0.181490E+10     0.180847E+10     0.173191E+10     0.176265E+10     0.191834E+10     0.206400E+10     0.202172E+10     0.193117E+10     0.178800E+10     0.170500E+10     0.170500E+10     0.170500E+10     0.170500E+10     0.170500E+10     0.170500E+10     0.170500E+10     0.170500E+10     0.170500E+10     0.170500E+10     0.170500E+10     0.170500E+10     0.170500E+10     0.170500E+10     0.170500E+10     0.170500E+10     0.170500E+10     0.170500E+10     0.170500E+10     0.100000E+21
 0.362000E+04     0.101020E+11     0.101020E+11     0.977155E+10     0.867200E+10     0.971700E+10     0.971700E+10     0.984800E+10     0.984800E+10     0.984800E+10     0.176454E+11     0.933500E+10     0.933500E+10     0.933500E+10     0.102590E+11     0.102590E+11     0.994600E+10     0.933960E+10     0.817600E+10     0.817600E+10     0.817600E+10     0.817600E+10     0.817600E+10     0.876603E+10     0.963800E+10     0.963800E+10     0.112350E+11     0.112350E+11     0.762600E+10     0.762600E+10     0.762600E+10     0.762600E+10     0.762600E+10     0.704461E+10     0.462400E+10     0.462400E+10     0.446655E+10     0.437700E+10     0.522489E+10     0.462400E+10     0.134080E+11     0.134080E+11     0.660700E+10     0.707137E+10     0.708500E+10     0.657303E+10     0.533900E+10     0.526800E+10     0.499623E+10     0.606000E+10     0.600012E+10     0.496659E+10     0.492200E+10     0.529348E+10     0.427342E+10     0.422600E+10     0.474079E+10     0.501600E+10     0.900900E+10     0.986543E+10     0.102730E+11     0.102730E+11     0.102730E+11     0.816733E+10     0.527700E+10     0.527700E+10     0.675812E+10     0.771400E+10     0.718042E+10     0.653200E+10     0.632700E+10     0.617343E+10     0.404400E+10     0.401690E+10     0.395818E+10     0.393600E+10     0.406518E+10     0.408815E+10     0.405900E+10     0.401181E+10     0.398600E+10     0.350400E+10     0.346063E+10     0.343700E+10     0.354124E+10     0.351300E+10     0.381000E+10     0.378838E+10     0.334200E+10     0.331163E+10     0.327700E+10     0.204036E+10     0.225200E+10     0.223500E+10     0.222049E+10     0.188100E+10     0.186937E+10     0.185000E+10     0.170500E+10     0.170500E+10     0.180500E+10     0.179366E+10     0.171732E+10     0.174300E+10     0.173465E+10     0.196676E+10     0.178800E+10     0.170500E+10     0.170500E+10     0.170500E+10     0.170500E+10     0.170500E+10     0.170500E+10     0.170500E+10     0.170500E+10     0.170500E+10     0.170500E+10     0.170500E+10     0.170500E+10     0.170500E+10     0.170500E+10     0.170500E+10     0.170500E+10     0.170500E+10     0.170500E+10     0.170500E+10     0.100000E+21
 0.364000E+04     0.101020E+11     0.101020E+11     0.966671E+10     0.867200E+10     0.971700E+10     0.971700E+10     0.984800E+10     0.984800E+10     0.984800E+10     0.167270E+11     0.933500E+10     0.933500E+10     0.933500E+10     0.102590E+11     0.102590E+11     0.994600E+10     0.929225E+10     0.817600E+10     0.817600E+10     0.817600E+10     0.817600E+10     0.817600E+10     0.878915E+10     0.963800E+10     0.963800E+10     0.112350E+11     0.112350E+11     0.762600E+10     0.762600E+10     0.762600E+10     0.762600E+10     0.762600E+10     0.683583E+10     0.462400E+10     0.462400E+10     0.447223E+10     0.437700E+10     0.513647E+10     0.462400E+10     0.134080E+11     0.134080E+11     0.660700E+10     0.702608E+10     0.708500E+10     0.660168E+10     0.533900E+10     0.526800E+10     0.501130E+10     0.606000E+10     0.600685E+10     0.496479E+10     0.492200E+10     0.528191E+10     0.426954E+10     0.422600E+10     0.475965E+10     0.501600E+10     0.900900E+10     0.982653E+10     0.102730E+11     0.102730E+11     0.102730E+11     0.810333E+10     0.527700E+10     0.527700E+10     0.657335E+10     0.771400E+10     0.715097E+10     0.653200E+10     0.632700E+10     0.618395E+10     0.404400E+10     0.401912E+10     0.395749E+10     0.393600E+10     0.405997E+10     0.408488E+10     0.405900E+10     0.401038E+10     0.398600E+10     0.350400E+10     0.345931E+10     0.343700E+10     0.353849E+10     0.351300E+10     0.381000E+10     0.378906E+10     0.334200E+10     0.331610E+10     0.327700E+10     0.204800E+10     0.225200E+10     0.223500E+10     0.222174E+10     0.188100E+10     0.187010E+10     0.185000E+10     0.170500E+10     0.170500E+10     0.180500E+10     0.179517E+10     0.171847E+10     0.174300E+10     0.173487E+10     0.195405E+10     0.178800E+10     0.170500E+10     0.170500E+10     0.170500E+10     0.170500E+10     0.170500E+10     0.170500E+10     0.170500E+10     0.170500E+10     0.170500E+10     0.170500E+10     0.170500E+10     0.170500E+10     0.170500E+10     0.170500E+10     0.170500E+10     0.170500E+10     0.170500E+10     0.170500E+10     0.170500E+10     0.100000E+21
 0.366000E+04     0.152200E+11     0.134891E+11     0.981267E+10     0.926264E+10     0.944462E+10     0.971700E+10     0.978972E+10     0.982491E+10     0.984800E+10     0.135017E+11     0.933500E+10     0.933500E+10     0.933500E+10     0.102590E+11     0.102590E+11     0.100753E+11     0.994600E+10     0.994600E+10     0.817600E+10     0.817600E+10     0.817600E+10     0.817600E+10     0.881531E+10     0.963800E+10     0.963800E+10     0.112350E+11     0.112350E+11     0.855191E+10     0.762600E+10     0.762600E+10     0.762600E+10     0.762600E+10     0.663079E+10     0.462400E+10     0.462400E+10     0.454028E+10     0.437700E+10     0.492932E+10     0.489427E+10     0.834882E+10     0.134080E+11     0.134080E+11     0.901689E+10     0.708500E+10     0.703399E+10     0.629200E+10     0.526800E+10     0.522380E+10     0.494867E+10     0.494780E+10     0.547834E+10     0.545803E+10     0.531514E+10     0.537069E+10     0.510839E+10     0.471977E+10     0.485783E+10     0.430894E+10     0.454638E+10     0.710446E+10     0.859506E+10     0.974945E+10     0.894315E+10     0.738643E+10     0.381037E+10     0.535976E+10     0.696377E+10     0.678337E+10     0.684979E+10     0.662473E+10     0.649978E+10     0.592600E+10     0.515535E+10     0.434206E+10     0.393600E+10     0.391445E+10     0.389780E+10     0.396379E+10     0.394949E+10     0.398600E+10     0.395000E+10     0.390067E+10     0.387800E+10     0.357719E+10     0.355092E+10     0.352704E+10     0.361593E+10     0.345670E+10     0.280566E+10     0.244582E+10     0.181810E+10     0.185013E+10     0.209144E+10     0.216860E+10     0.220000E+10     0.218930E+10     0.198964E+10     0.183400E+10     0.182469E+10     0.174652E+10     0.172235E+10     0.175398E+10     0.176400E+10     0.174194E+10     0.173997E+10     0.178800E+10     0.170500E+10     0.170500E+10     0.170500E+10     0.170500E+10     0.170500E+10     0.170500E+10     0.170500E+10     0.170500E+10     0.170500E+10     0.170500E+10     0.170500E+10     0.170500E+10     0.170500E+10     0.170500E+10     0.170500E+10     0.170500E+10     0.170500E+10     0.170500E+10     0.170500E+10     0.100000E+21
 0.368000E+04     0.152200E+11     0.152200E+11     0.140176E+11     0.101020E+11     0.972620E+10     0.867200E+10     0.971700E+10     0.971700E+10     0.984800E+10     0.977094E+10     0.933500E+10     0.933500E+10     0.933500E+10     0.933500E+10     0.101598E+11     0.102590E+11     0.994600E+10     0.994600E+10     0.817600E+10     0.817600E+10     0.817600E+10     0.817600E+10     0.817600E+10     0.817600E+10     0.916360E+10     0.995470E+10     0.112350E+11     0.101369E+11     0.762600E+10     0.762600E+10     0.762600E+10     0.762600E+10     0.762600E+10     0.762600E+10     0.462400E+10     0.462400E+10     0.437700E+10     0.446184E+10     0.527700E+10     0.798234E+10     0.134080E+11     0.134080E+11     0.134080E+11     0.644800E+10     0.684565E+10     0.692400E+10     0.621400E+10     0.548626E+10     0.512800E+10     0.507402E+10     0.476926E+10     0.492200E+10     0.488011E+10     0.499327E+10     0.561200E+10     0.531044E+10     0.458900E+10     0.517000E+10     0.512260E+10     0.392100E+10     0.385934E+10     0.384800E+10     0.445741E+10     0.491100E+10     0.484500E+10     0.379701E+10     0.358700E+10     0.472371E+10     0.684200E+10     0.663100E+10     0.609921E+10     0.662300E+10     0.646776E+10     0.546881E+10     0.535300E+10     0.523304E+10     0.385638E+10     0.382900E+10     0.378307E+10     0.375800E+10     0.372300E+10     0.379837E+10     0.350800E+10     0.346910E+10     0.344100E+10     0.340800E+10     0.338762E+10     0.352000E+10     0.348921E+10     0.334600E+10     0.281175E+10     0.192900E+10     0.177000E+10     0.185192E+10     0.185600E+10     0.209318E+10     0.216500E+10     0.214800E+10     0.213617E+10     0.180500E+10     0.179378E+10     0.175431E+10     0.170500E+10     0.170500E+10     0.175042E+10     0.178800E+10     0.170500E+10     0.170500E+10     0.170500E+10     0.170500E+10     0.170500E+10     0.170500E+10     0.170500E+10     0.170500E+10     0.170500E+10     0.170500E+10     0.170500E+10     0.170500E+10     0.170500E+10     0.170500E+10     0.170500E+10     0.170500E+10     0.170500E+10     0.170500E+10     0.170500E+10     0.100000E+21
 0.370000E+04     0.152200E+11     0.152200E+11     0.144873E+11     0.136068E+11     0.989395E+10     0.964551E+10     0.907933E+10     0.950473E+10     0.975871E+10     0.970442E+10     0.933500E+10     0.933500E+10     0.933500E+10     0.933500E+10     0.100134E+11     0.102590E+11     0.994600E+10     0.994600E+10     0.937403E+10     0.848124E+10     0.817600E+10     0.817600E+10     0.817600E+10     0.817600E+10     0.909415E+10     0.101839E+11     0.112350E+11     0.994100E+10     0.762600E+10     0.762600E+10     0.762600E+10     0.762600E+10     0.762600E+10     0.762600E+10     0.462400E+10     0.462400E+10     0.437700E+10     0.461168E+10     0.527700E+10     0.613962E+10     0.804707E+10     0.134080E+11     0.134080E+11     0.644800E+10     0.652806E+10     0.692400E+10     0.598939E+10     0.590445E+10     0.512800E+10     0.508252E+10     0.483463E+10     0.471696E+10     0.469768E+10     0.489319E+10     0.500039E+10     0.497273E+10     0.518496E+10     0.530771E+10     0.490432E+10     0.418808E+10     0.411454E+10     0.407753E+10     0.404718E+10     0.418785E+10     0.427960E+10     0.444574E+10     0.435359E+10     0.408296E+10     0.478972E+10     0.457502E+10     0.584436E+10     0.601413E+10     0.590683E+10     0.587596E+10     0.580491E+10     0.538673E+10     0.458009E+10     0.450105E+10     0.378091E+10     0.375800E+10     0.367774E+10     0.387052E+10     0.378751E+10     0.346519E+10     0.344100E+10     0.340800E+10     0.338862E+10     0.339995E+10     0.346955E+10     0.341764E+10     0.311485E+10     0.275290E+10     0.186656E+10     0.187774E+10     0.177861E+10     0.189272E+10     0.216500E+10     0.214800E+10     0.213710E+10     0.201518E+10     0.185787E+10     0.176339E+10     0.174544E+10     0.173661E+10     0.173981E+10     0.178800E+10     0.170500E+10     0.170500E+10     0.170500E+10     0.170500E+10     0.170500E+10     0.170500E+10     0.170500E+10     0.170500E+10     0.170500E+10     0.170500E+10     0.170500E+10     0.170500E+10     0.170500E+10     0.170500E+10     0.170500E+10     0.170500E+10     0.170500E+10     0.170500E+10     0.170500E+10     0.100000E+21
 0.372000E+04     0.134080E+11     0.145499E+11     0.152200E+11     0.152200E+11     0.101020E+11     0.101020E+11     0.101020E+11     0.911422E+10     0.971700E+10     0.976655E+10     0.933500E+10     0.933500E+10     0.933500E+10     0.933500E+10     0.101485E+11     0.102590E+11     0.994600E+10     0.994600E+10     0.994600E+10     0.857683E+10     0.817600E+10     0.817600E+10     0.817600E+10     0.817600E+10     0.915422E+10     0.996741E+10     0.112350E+11     0.101128E+11     0.762600E+10     0.762600E+10     0.762600E+10     0.762600E+10     0.762600E+10     0.762600E+10     0.462400E+10     0.462400E+10     0.437700E+10     0.447437E+10     0.527700E+10     0.502408E+10     0.462400E+10     0.134080E+11     0.134080E+11     0.134080E+11     0.842206E+10     0.629200E+10     0.588500E+10     0.588500E+10     0.606000E+10     0.600105E+10     0.496617E+10     0.492200E+10     0.469896E+10     0.455112E+10     0.472000E+10     0.463786E+10     0.458900E+10     0.452400E+10     0.432881E+10     0.423300E+10     0.424248E+10     0.418900E+10     0.410108E+10     0.406600E+10     0.367700E+10     0.362870E+10     0.388500E+10     0.462993E+10     0.458700E+10     0.341900E+10     0.337691E+10     0.349100E+10     0.537248E+10     0.561174E+10     0.601200E+10     0.588470E+10     0.494952E+10     0.481300E+10     0.360454E+10     0.368400E+10     0.364900E+10     0.370305E+10     0.391700E+10     0.387447E+10     0.384500E+10     0.340800E+10     0.338778E+10     0.334200E+10     0.331257E+10     0.345200E+10     0.340685E+10     0.338600E+10     0.335300E+10     0.324395E+10     0.188100E+10     0.186950E+10     0.182500E+10     0.181100E+10     0.203150E+10     0.211400E+10     0.210051E+10     0.197544E+10     0.176400E+10     0.175630E+10     0.175074E+10     0.178800E+10     0.170500E+10     0.170500E+10     0.170500E+10     0.170500E+10     0.170500E+10     0.170500E+10     0.170500E+10     0.170500E+10     0.170500E+10     0.170500E+10     0.170500E+10     0.170500E+10     0.170500E+10     0.170500E+10     0.170500E+10     0.170500E+10     0.170500E+10     0.170500E+10     0.170500E+10     0.100000E+21
 0.374000E+04     0.134080E+11     0.137855E+11     0.152200E+11     0.152200E+11     0.128774E+11     0.101020E+11     0.101020E+11     0.981658E+10     0.971700E+10     0.967350E+10     0.933500E+10     0.933500E+10     0.933500E+10     0.933500E+10     0.943107E+10     0.102590E+11     0.100852E+11     0.994600E+10     0.994600E+10     0.857683E+10     0.817600E+10     0.817600E+10     0.817600E+10     0.817600E+10     0.915422E+10     0.996741E+10     0.112350E+11     0.107424E+11     0.105126E+11     0.762600E+10     0.762600E+10     0.762600E+10     0.762600E+10     0.762600E+10     0.462400E+10     0.462400E+10     0.455524E+10     0.442194E+10     0.463525E+10     0.502408E+10     0.462400E+10     0.716756E+10     0.125388E+11     0.134080E+11     0.842206E+10     0.629200E+10     0.614108E+10     0.593835E+10     0.591428E+10     0.591507E+10     0.537311E+10     0.492200E+10     0.481839E+10     0.467965E+10     0.447415E+10     0.447257E+10     0.458900E+10     0.434723E+10     0.427477E+10     0.423300E+10     0.422905E+10     0.418900E+10     0.410108E+10     0.406600E+10     0.390839E+10     0.365313E+10     0.364624E+10     0.394516E+10     0.408888E+10     0.423799E+10     0.415643E+10     0.333776E+10     0.384221E+10     0.561136E+10     0.530921E+10     0.535331E+10     0.428072E+10     0.418515E+10     0.358087E+10     0.357036E+10     0.356033E+10     0.364826E+10     0.365251E+10     0.387447E+10     0.384500E+10     0.365288E+10     0.347733E+10     0.334200E+10     0.331257E+10     0.332572E+10     0.333272E+10     0.338600E+10     0.335300E+10     0.331028E+10     0.293494E+10     0.276445E+10     0.184038E+10     0.172622E+10     0.184966E+10     0.211400E+10     0.210051E+10     0.203145E+10     0.201029E+10     0.194076E+10     0.175074E+10     0.178800E+10     0.170500E+10     0.170500E+10     0.170500E+10     0.170500E+10     0.170500E+10     0.170500E+10     0.170500E+10     0.170500E+10     0.170500E+10     0.170500E+10     0.170500E+10     0.170500E+10     0.170500E+10     0.170500E+10     0.170500E+10     0.170500E+10     0.170500E+10     0.170500E+10     0.170500E+10     0.100000E+21
 0.376000E+04     0.134080E+11     0.134080E+11     0.152200E+11     0.152200E+11     0.142613E+11     0.117358E+11     0.101020E+11     0.101020E+11     0.938427E+10     0.965808E+10     0.945981E+10     0.933500E+10     0.933500E+10     0.933500E+10     0.933500E+10     0.102590E+11     0.101386E+11     0.994600E+10     0.994600E+10     0.872329E+10     0.817600E+10     0.817600E+10     0.817600E+10     0.817600E+10     0.878905E+10     0.995885E+10     0.107243E+11     0.112350E+11     0.112350E+11     0.762600E+10     0.762600E+10     0.762600E+10     0.762600E+10     0.762600E+10     0.579660E+10     0.512865E+10     0.462400E+10     0.437700E+10     0.437700E+10     0.500757E+10     0.462400E+10     0.462400E+10     0.116085E+11     0.134080E+11     0.102665E+11     0.629200E+10     0.621400E+10     0.605095E+10     0.588500E+10     0.588500E+10     0.567281E+10     0.520859E+10     0.503983E+10     0.470662E+10     0.451979E+10     0.435428E+10     0.447014E+10     0.423300E+10     0.423300E+10     0.423300E+10     0.422642E+10     0.420338E+10     0.412183E+10     0.406600E+10     0.400500E+10     0.379011E+10     0.366821E+10     0.355650E+10     0.364551E+10     0.416290E+10     0.415655E+10     0.365131E+10     0.351510E+10     0.483306E+10     0.478428E+10     0.468012E+10     0.408339E+10     0.405900E+10     0.372087E+10     0.368015E+10     0.350400E+10     0.357324E+10     0.358100E+10     0.380344E+10     0.384500E+10     0.381000E+10     0.363757E+10     0.334200E+10     0.331761E+10     0.327700E+10     0.327134E+10     0.331803E+10     0.335300E+10     0.332985E+10     0.321678E+10     0.319976E+10     0.234101E+10     0.174573E+10     0.178855E+10     0.200814E+10     0.199647E+10     0.207405E+10     0.206400E+10     0.205428E+10     0.181253E+10     0.178800E+10     0.170500E+10     0.170500E+10     0.170500E+10     0.170500E+10     0.170500E+10     0.170500E+10     0.170500E+10     0.170500E+10     0.170500E+10     0.170500E+10     0.170500E+10     0.170500E+10     0.170500E+10     0.170500E+10     0.170500E+10     0.170500E+10     0.170500E+10     0.170500E+10     0.170500E+10     0.100000E+21
 0.378000E+04     0.134080E+11     0.134080E+11     0.141528E+11     0.152200E+11     0.152200E+11     0.152200E+11     0.130599E+11     0.109390E+11     0.972438E+10     0.898895E+10     0.971700E+10     0.933500E+10     0.933500E+10     0.933500E+10     0.933500E+10     0.102590E+11     0.101517E+11     0.994600E+10     0.994600E+10     0.959246E+10     0.817600E+10     0.817600E+10     0.817600E+10     0.817600E+10     0.817600E+10     0.963800E+10     0.963800E+10     0.112350E+11     0.112350E+11     0.762600E+10     0.762600E+10     0.762600E+10     0.762600E+10     0.762600E+10     0.762600E+10     0.571263E+10     0.462400E+10     0.437700E+10     0.437700E+10     0.502734E+10     0.462400E+10     0.462400E+10     0.149079E+11     0.161952E+11     0.139705E+11     0.104214E+11     0.116120E+11     0.725814E+10     0.602894E+10     0.590606E+10     0.587702E+10     0.587629E+10     0.558717E+10     0.534938E+10     0.518539E+10     0.421722E+10     0.421759E+10     0.422493E+10     0.422433E+10     0.423300E+10     0.423300E+10     0.423300E+10     0.420189E+10     0.416353E+10     0.415662E+10     0.396796E+10     0.388500E+10     0.368770E+10     0.363531E+10     0.340200E+10     0.342537E+10     0.372624E+10     0.385217E+10     0.381986E+10     0.393600E+10     0.396707E+10     0.408795E+10     0.405900E+10     0.401179E+10     0.398600E+10     0.376281E+10     0.347949E+10     0.347137E+10     0.347448E+10     0.362237E+10     0.361865E+10     0.371863E+10     0.360939E+10     0.364896E+10     0.327700E+10     0.323240E+10     0.321200E+10     0.323558E+10     0.330840E+10     0.328800E+10     0.326406E+10     0.318053E+10     0.288906E+10     0.262375E+10     0.180054E+10     0.178885E+10     0.187490E+10     0.180541E+10     0.198200E+10     0.196631E+10     0.178800E+10     0.170500E+10     0.170500E+10     0.170500E+10     0.170500E+10     0.170500E+10     0.170500E+10     0.170500E+10     0.170500E+10     0.170500E+10     0.170500E+10     0.170500E+10     0.170500E+10     0.170500E+10     0.170500E+10     0.170500E+10     0.170500E+10     0.170500E+10     0.170500E+10     0.170500E+10     0.100000E+21
 0.380000E+04     0.121518E+11     0.129316E+11     0.137205E+11     0.141564E+11     0.152200E+11     0.152200E+11     0.152200E+11     0.120374E+11     0.101020E+11     0.942253E+10     0.910480E+10     0.933500E+10     0.933500E+10     0.933500E+10     0.933500E+10     0.102590E+11     0.102010E+11     0.101196E+11     0.994600E+10     0.994600E+10     0.817600E+10     0.817600E+10     0.817600E+10     0.817600E+10     0.817600E+10     0.963800E+10     0.963800E+10     0.112350E+11     0.112350E+11     0.963517E+10     0.762600E+10     0.762600E+10     0.762600E+10     0.762600E+10     0.762600E+10     0.586110E+10     0.462400E+10     0.437700E+10     0.437700E+10     0.514985E+10     0.498653E+10     0.462400E+10     0.130393E+11     0.170690E+11     0.161252E+11     0.134080E+11     0.134080E+11     0.115269E+11     0.606000E+10     0.598834E+10     0.588500E+10     0.588500E+10     0.585430E+10     0.726024E+10     0.527700E+10     0.462905E+10     0.421700E+10     0.421789E+10     0.421858E+10     0.422478E+10     0.423300E+10     0.423300E+10     0.423300E+10     0.423300E+10     0.423300E+10     0.415534E+10     0.408935E+10     0.380304E+10     0.376700E+10     0.358223E+10     0.450333E+10     0.496424E+10     0.432152E+10     0.395670E+10     0.393600E+10     0.391445E+10     0.394755E+10     0.392421E+10     0.400873E+10     0.398600E+10     0.395000E+10     0.362292E+10     0.343700E+10     0.341493E+10     0.342920E+10     0.340072E+10     0.350855E+10     0.373900E+10     0.371520E+10     0.350747E+10     0.323081E+10     0.321200E+10     0.318000E+10     0.320427E+10     0.318745E+10     0.323334E+10     0.322300E+10     0.319100E+10     0.314522E+10     0.257812E+10     0.252337E+10     0.176314E+10     0.175535E+10     0.181715E+10     0.182222E+10     0.178800E+10     0.170500E+10     0.170500E+10     0.170500E+10     0.170500E+10     0.170500E+10     0.170500E+10     0.170500E+10     0.170500E+10     0.170500E+10     0.170500E+10     0.170500E+10     0.170500E+10     0.170500E+10     0.170500E+10     0.170500E+10     0.170500E+10     0.170500E+10     0.170500E+10     0.170500E+10     0.100000E+21
 0.382000E+04     0.112690E+11     0.125804E+11     0.134080E+11     0.134080E+11     0.152200E+11     0.152200E+11     0.152200E+11     0.152200E+11     0.101020E+11     0.976062E+10     0.867200E+10     0.933500E+10     0.933500E+10     0.933500E+10     0.933500E+10     0.933500E+10     0.102590E+11     0.102590E+11     0.994600E+10     0.994600E+10     0.817600E+10     0.817600E+10     0.817600E+10     0.817600E+10     0.817600E+10     0.861178E+10     0.963800E+10     0.101787E+11     0.112350E+11     0.112350E+11     0.762600E+10     0.762600E+10     0.762600E+10     0.762600E+10     0.762600E+10     0.578140E+10     0.462400E+10     0.437700E+10     0.437700E+10     0.527700E+10     0.527700E+10     0.462400E+10     0.112094E+11     0.134080E+11     0.158827E+11     0.170690E+11     0.134080E+11     0.134080E+11     0.134080E+11     0.821604E+10     0.752677E+10     0.102730E+11     0.102730E+11     0.102730E+11     0.102730E+11     0.881496E+10     0.527700E+10     0.527700E+10     0.459141E+10     0.421700E+10     0.421900E+10     0.421900E+10     0.423300E+10     0.423300E+10     0.423300E+10     0.423300E+10     0.423300E+10     0.530467E+10     0.726700E+10     0.632700E+10     0.618395E+10     0.592600E+10     0.579193E+10     0.395749E+10     0.393600E+10     0.391335E+10     0.385348E+10     0.382900E+10     0.378171E+10     0.375800E+10     0.395000E+10     0.390233E+10     0.387800E+10     0.372461E+10     0.337000E+10     0.333800E+10     0.331826E+10     0.341200E+10     0.338610E+10     0.367000E+10     0.362189E+10     0.360100E+10     0.318000E+10     0.315642E+10     0.311700E+10     0.309521E+10     0.322300E+10     0.319100E+10     0.316983E+10     0.312700E+10     0.310524E+10     0.301826E+10     0.293500E+10     0.224756E+10     0.173105E+10     0.178800E+10     0.170500E+10     0.170500E+10     0.170500E+10     0.170500E+10     0.170500E+10     0.170500E+10     0.170500E+10     0.170500E+10     0.170500E+10     0.170500E+10     0.170500E+10     0.170500E+10     0.170500E+10     0.170500E+10     0.170500E+10     0.170500E+10     0.170500E+10     0.170500E+10     0.170500E+10     0.100000E+21
 0.384000E+04     0.112690E+11     0.117646E+11     0.134080E+11     0.134080E+11     0.142701E+11     0.152200E+11     0.152200E+11     0.152200E+11     0.139187E+11     0.100051E+11     0.963314E+10     0.933500E+10     0.933500E+10     0.933500E+10     0.933500E+10     0.933500E+10     0.102590E+11     0.102590E+11     0.994600E+10     0.994600E+10     0.965758E+10     0.842868E+10     0.817600E+10     0.817600E+10     0.817600E+10     0.845416E+10     0.963800E+10     0.101230E+11     0.112350E+11     0.112350E+11     0.762600E+10     0.762600E+10     0.762600E+10     0.762600E+10     0.762600E+10     0.571232E+10     0.462400E+10     0.437700E+10     0.437700E+10     0.527700E+10     0.527700E+10     0.462400E+10     0.107981E+11     0.134080E+11     0.142121E+11     0.170690E+11     0.161954E+11     0.157840E+11     0.134080E+11     0.122730E+11     0.848923E+10     0.919476E+10     0.951757E+10     0.102730E+11     0.102730E+11     0.971778E+10     0.884632E+10     0.817470E+10     0.591217E+10     0.498303E+10     0.421736E+10     0.421766E+10     0.422477E+10     0.422477E+10     0.423300E+10     0.423300E+10     0.423300E+10     0.624415E+10     0.726700E+10     0.684211E+10     0.626616E+10     0.592600E+10     0.577998E+10     0.486357E+10     0.514476E+10     0.417969E+10     0.385657E+10     0.382900E+10     0.378310E+10     0.375800E+10     0.381747E+10     0.379159E+10     0.387800E+10     0.380224E+10     0.366578E+10     0.333800E+10     0.331762E+10     0.331681E+10     0.325989E+10     0.344644E+10     0.362267E+10     0.360100E+10     0.344522E+10     0.343534E+10     0.311700E+10     0.309375E+10     0.312374E+10     0.305804E+10     0.314102E+10     0.312700E+10     0.310190E+10     0.303951E+10     0.301575E+10     0.270994E+10     0.235875E+10     0.178800E+10     0.170500E+10     0.170500E+10     0.170500E+10     0.170500E+10     0.170500E+10     0.170500E+10     0.170500E+10     0.170500E+10     0.170500E+10     0.170500E+10     0.170500E+10     0.170500E+10     0.170500E+10     0.170500E+10     0.170500E+10     0.170500E+10     0.170500E+10     0.170500E+10     0.170500E+10     0.100000E+21
 0.386000E+04     0.141300E+11     0.123609E+11     0.118695E+11     0.134080E+11     0.139405E+11     0.152200E+11     0.152200E+11     0.152200E+11     0.152200E+11     0.101020E+11     0.101020E+11     0.933500E+10     0.933500E+10     0.933500E+10     0.933500E+10     0.933500E+10     0.102590E+11     0.102590E+11     0.994600E+10     0.994600E+10     0.994600E+10     0.870180E+10     0.817600E+10     0.817600E+10     0.817600E+10     0.856560E+10     0.963800E+10     0.101637E+11     0.112350E+11     0.112350E+11     0.762600E+10     0.762600E+10     0.762600E+10     0.762600E+10     0.762600E+10     0.576534E+10     0.462400E+10     0.437700E+10     0.437700E+10     0.527700E+10     0.527700E+10     0.462400E+10     0.462400E+10     0.117260E+11     0.117260E+11     0.134080E+11     0.134080E+11     0.159285E+11     0.170690E+11     0.118926E+11     0.994800E+10     0.994800E+10     0.938358E+10     0.900900E+10     0.900900E+10     0.102730E+11     0.102730E+11     0.102730E+11     0.102730E+11     0.102730E+11     0.527700E+10     0.527700E+10     0.421700E+10     0.421700E+10     0.421900E+10     0.375909E+10     0.358700E+10     0.479408E+10     0.684200E+10     0.612800E+10     0.663890E+10     0.662300E+10     0.598940E+10     0.546600E+10     0.535300E+10     0.523666E+10     0.467223E+10     0.382900E+10     0.378210E+10     0.375800E+10     0.372300E+10     0.367737E+10     0.365400E+10     0.366163E+10     0.380700E+10     0.377200E+10     0.375091E+10     0.327200E+10     0.324589E+10     0.320800E+10     0.321592E+10     0.328100E+10     0.356700E+10     0.354124E+10     0.349900E+10     0.321128E+10     0.305400E+10     0.302300E+10     0.300220E+10     0.296100E+10     0.306002E+10     0.305325E+10     0.303300E+10     0.301490E+10     0.261957E+10     0.178800E+10     0.170500E+10     0.170500E+10     0.170500E+10     0.170500E+10     0.170500E+10     0.170500E+10     0.170500E+10     0.170500E+10     0.170500E+10     0.170500E+10     0.170500E+10     0.170500E+10     0.170500E+10     0.170500E+10     0.170500E+10     0.170500E+10     0.170500E+10     0.170500E+10     0.170500E+10     0.100000E+21
 0.388000E+04     0.141300E+11     0.123222E+11     0.118702E+11     0.134080E+11     0.136545E+11     0.141341E+11     0.152200E+11     0.152200E+11     0.152200E+11     0.126966E+11     0.101020E+11     0.933500E+10     0.933500E+10     0.933500E+10     0.933500E+10     0.933500E+10     0.102590E+11     0.102590E+11     0.101299E+11     0.998622E+10     0.994600E+10     0.868820E+10     0.817600E+10     0.817600E+10     0.817600E+10     0.836789E+10     0.873655E+10     0.988026E+10     0.102574E+11     0.112350E+11     0.914602E+10     0.762600E+10     0.762600E+10     0.762600E+10     0.762600E+10     0.572447E+10     0.462400E+10     0.450917E+10     0.437700E+10     0.496935E+10     0.527700E+10     0.500267E+10     0.469862E+10     0.117260E+11     0.117260E+11     0.125062E+11     0.123890E+11     0.142106E+11     0.965669E+10     0.795086E+10     0.812259E+10     0.994800E+10     0.969196E+10     0.942214E+10     0.900900E+10     0.953849E+10     0.952343E+10     0.102730E+11     0.102730E+11     0.102730E+11     0.838664E+10     0.816292E+10     0.478722E+10     0.478722E+10     0.409538E+10     0.432778E+10     0.358700E+10     0.413148E+10     0.514083E+10     0.642629E+10     0.631359E+10     0.607052E+10     0.615517E+10     0.569694E+10     0.535300E+10     0.523403E+10     0.480962E+10     0.443981E+10     0.413219E+10     0.375800E+10     0.372300E+10     0.367783E+10     0.365400E+10     0.363553E+10     0.367826E+10     0.365376E+10     0.370602E+10     0.352186E+10     0.351630E+10     0.320800E+10     0.318833E+10     0.320780E+10     0.338158E+10     0.350252E+10     0.349900E+10     0.336723E+10     0.325728E+10     0.302300E+10     0.300175E+10     0.296100E+10     0.298140E+10     0.299097E+10     0.303300E+10     0.301457E+10     0.262867E+10     0.178800E+10     0.170500E+10     0.170500E+10     0.170500E+10     0.170500E+10     0.170500E+10     0.170500E+10     0.170500E+10     0.170500E+10     0.170500E+10     0.170500E+10     0.170500E+10     0.170500E+10     0.170500E+10     0.170500E+10     0.170500E+10     0.170500E+10     0.170500E+10     0.170500E+10     0.170500E+10     0.100000E+21
 0.390000E+04     0.127201E+11     0.126928E+11     0.116829E+11     0.123539E+11     0.134080E+11     0.134080E+11     0.152200E+11     0.152200E+11     0.152200E+11     0.143791E+11     0.126243E+11     0.933500E+10     0.933500E+10     0.933500E+10     0.933500E+10     0.933500E+10     0.998800E+10     0.102590E+11     0.102590E+11     0.100552E+11     0.994600E+10     0.884857E+10     0.817600E+10     0.817600E+10     0.817600E+10     0.817600E+10     0.817600E+10     0.963800E+10     0.963800E+10     0.112350E+11     0.986909E+10     0.762600E+10     0.762600E+10     0.762600E+10     0.762600E+10     0.587412E+10     0.462400E+10     0.454717E+10     0.437700E+10     0.476195E+10     0.527700E+10     0.527700E+10     0.484201E+10     0.822676E+10     0.103934E+11     0.117260E+11     0.854404E+10     0.925965E+10     0.546859E+10     0.506363E+10     0.598993E+10     0.747145E+10     0.744075E+10     0.819928E+10     0.947171E+10     0.947278E+10     0.947169E+10     0.964681E+10     0.964784E+10     0.102730E+11     0.102730E+11     0.102730E+11     0.469382E+10     0.467727E+10     0.384335E+10     0.420032E+10     0.414281E+10     0.387890E+10     0.356685E+10     0.504829E+10     0.485579E+10     0.597399E+10     0.598296E+10     0.574279E+10     0.567772E+10     0.556660E+10     0.492082E+10     0.481300E+10     0.444173E+10     0.410881E+10     0.401078E+10     0.367517E+10     0.365400E+10     0.360765E+10     0.358500E+10     0.355100E+10     0.359526E+10     0.370200E+10     0.367858E+10     0.341743E+10     0.328452E+10     0.314400E+10     0.318149E+10     0.331022E+10     0.334380E+10     0.341923E+10     0.343200E+10     0.320826E+10     0.318925E+10     0.296100E+10     0.294212E+10     0.292057E+10     0.295269E+10     0.293521E+10     0.252148E+10     0.178800E+10     0.170500E+10     0.170500E+10     0.170500E+10     0.170500E+10     0.170500E+10     0.170500E+10     0.170500E+10     0.170500E+10     0.170500E+10     0.170500E+10     0.170500E+10     0.170500E+10     0.170500E+10     0.170500E+10     0.170500E+10     0.170500E+10     0.170500E+10     0.170500E+10     0.170500E+10     0.100000E+21
 0.392000E+04     0.112690E+11     0.129708E+11     0.125131E+11     0.112690E+11     0.134080E+11     0.134080E+11     0.141474E+11     0.148506E+11     0.152200E+11     0.152200E+11     0.152200E+11     0.933500E+10     0.933500E+10     0.933500E+10     0.933500E+10     0.933500E+10     0.969638E+10     0.102590E+11     0.102590E+11     0.100469E+11     0.994600E+10     0.880469E+10     0.817600E+10     0.817600E+10     0.817600E+10     0.817600E+10     0.817600E+10     0.963800E+10     0.963800E+10     0.112350E+11     0.995094E+10     0.762600E+10     0.762600E+10     0.762600E+10     0.762600E+10     0.583706E+10     0.462400E+10     0.455534E+10     0.437700E+10     0.475257E+10     0.527700E+10     0.527700E+10     0.482243E+10     0.462400E+10     0.989792E+10     0.850299E+10     0.588266E+10     0.596015E+10     0.537085E+10     0.538312E+10     0.511391E+10     0.459255E+10     0.458063E+10     0.557330E+10     0.654498E+10     0.760303E+10     0.994800E+10     0.956419E+10     0.920778E+10     0.945399E+10     0.638651E+10     0.635538E+10     0.409990E+10     0.406600E+10     0.388821E+10     0.376084E+10     0.417720E+10     0.411299E+10     0.413207E+10     0.413378E+10     0.362470E+10     0.432517E+10     0.429098E+10     0.559997E+10     0.546573E+10     0.539095E+10     0.533008E+10     0.521640E+10     0.457963E+10     0.447000E+10     0.430400E+10     0.393097E+10     0.386725E+10     0.360867E+10     0.358500E+10     0.355100E+10     0.353119E+10     0.356144E+10     0.353646E+10     0.363300E+10     0.351127E+10     0.339294E+10     0.338236E+10     0.319244E+10     0.309678E+10     0.320630E+10     0.343200E+10     0.339900E+10     0.337811E+10     0.320145E+10     0.318009E+10     0.288862E+10     0.287000E+10     0.285296E+10     0.248185E+10     0.178800E+10     0.170500E+10     0.170500E+10     0.170500E+10     0.170500E+10     0.170500E+10     0.170500E+10     0.170500E+10     0.170500E+10     0.170500E+10     0.170500E+10     0.170500E+10     0.170500E+10     0.170500E+10     0.170500E+10     0.170500E+10     0.170500E+10     0.170500E+10     0.170500E+10     0.170500E+10     0.100000E+21
 0.394000E+04     0.112690E+11     0.120496E+11     0.133359E+11     0.112690E+11     0.135093E+11     0.134080E+11     0.134080E+11     0.146546E+11     0.152200E+11     0.152200E+11     0.152200E+11     0.933500E+10     0.933500E+10     0.933500E+10     0.933500E+10     0.933500E+10     0.965638E+10     0.102590E+11     0.102590E+11     0.100235E+11     0.994600E+10     0.868432E+10     0.817600E+10     0.817600E+10     0.817600E+10     0.817600E+10     0.817600E+10     0.963800E+10     0.963800E+10     0.112350E+11     0.101797E+11     0.762600E+10     0.762600E+10     0.762600E+10     0.762600E+10     0.572321E+10     0.462400E+10     0.457886E+10     0.437700E+10     0.472327E+10     0.527700E+10     0.527700E+10     0.509942E+10     0.462400E+10     0.742523E+10     0.577653E+10     0.621400E+10     0.615981E+10     0.572285E+10     0.582364E+10     0.519358E+10     0.517114E+10     0.502173E+10     0.499656E+10     0.440385E+10     0.531783E+10     0.670329E+10     0.994800E+10     0.968540E+10     0.610317E+10     0.422910E+10     0.418900E+10     0.410123E+10     0.406600E+10     0.400500E+10     0.387116E+10     0.369091E+10     0.381301E+10     0.414517E+10     0.452300E+10     0.416868E+10     0.400594E+10     0.347899E+10     0.435409E+10     0.399429E+10     0.488669E+10     0.507524E+10     0.492950E+10     0.493806E+10     0.484045E+10     0.430400E+10     0.409367E+10     0.398200E+10     0.371737E+10     0.358500E+10     0.355100E+10     0.353008E+10     0.348400E+10     0.345621E+10     0.350428E+10     0.350901E+10     0.356500E+10     0.353100E+10     0.339022E+10     0.305000E+10     0.306512E+10     0.319101E+10     0.320432E+10     0.332581E+10     0.333300E+10     0.330967E+10     0.309651E+10     0.310219E+10     0.293032E+10     0.251650E+10     0.178800E+10     0.170500E+10     0.170500E+10     0.170500E+10     0.170500E+10     0.170500E+10     0.170500E+10     0.170500E+10     0.170500E+10     0.170500E+10     0.170500E+10     0.170500E+10     0.170500E+10     0.170500E+10     0.170500E+10     0.170500E+10     0.170500E+10     0.170500E+10     0.170500E+10     0.170500E+10     0.100000E+21
 0.396000E+04     0.157010E+11     0.129059E+11     0.118984E+11     0.141300E+11     0.135782E+11     0.134080E+11     0.134080E+11     0.134080E+11     0.152200E+11     0.152200E+11     0.152200E+11     0.152200E+11     0.117271E+11     0.933500E+10     0.933500E+10     0.933500E+10     0.965620E+10     0.102590E+11     0.102590E+11     0.100131E+11     0.994600E+10     0.863220E+10     0.817600E+10     0.817600E+10     0.817600E+10     0.817600E+10     0.817600E+10     0.963800E+10     0.963800E+10     0.112350E+11     0.102498E+11     0.762600E+10     0.762600E+10     0.762600E+10     0.762600E+10     0.572773E+10     0.462400E+10     0.461128E+10     0.437700E+10     0.472553E+10     0.527700E+10     0.527700E+10     0.527700E+10     0.516400E+10     0.511476E+10     0.533900E+10     0.526800E+10     0.521800E+10     0.512800E+10     0.581578E+10     0.588280E+10     0.583400E+10     0.578878E+10     0.492969E+10     0.538100E+10     0.414940E+10     0.410300E+10     0.423300E+10     0.423300E+10     0.423300E+10     0.423300E+10     0.423300E+10     0.416196E+10     0.406600E+10     0.400500E+10     0.395118E+10     0.388500E+10     0.370500E+10     0.345600E+10     0.370900E+10     0.366488E+10     0.439800E+10     0.435165E+10     0.383673E+10     0.314800E+10     0.322999E+10     0.358516E+10     0.507400E+10     0.464272E+10     0.506700E+10     0.488900E+10     0.409547E+10     0.398200E+10     0.380250E+10     0.367500E+10     0.352600E+10     0.352049E+10     0.348400E+10     0.345175E+10     0.341700E+10     0.337187E+10     0.335100E+10     0.353100E+10     0.350341E+10     0.346400E+10     0.343928E+10     0.298800E+10     0.295700E+10     0.302693E+10     0.333300E+10     0.330642E+10     0.325748E+10     0.323600E+10     0.321706E+10     0.281529E+10     0.178800E+10     0.170500E+10     0.170500E+10     0.170500E+10     0.170500E+10     0.170500E+10     0.170500E+10     0.170500E+10     0.170500E+10     0.170500E+10     0.170500E+10     0.170500E+10     0.170500E+10     0.170500E+10     0.170500E+10     0.170500E+10     0.170500E+10     0.170500E+10     0.170500E+10     0.170500E+10     0.100000E+21
 0.398000E+04     0.164446E+11     0.145306E+11     0.121018E+11     0.141300E+11     0.136056E+11     0.135137E+11     0.134080E+11     0.134080E+11     0.152200E+11     0.152200E+11     0.152200E+11     0.152200E+11     0.117151E+11     0.933500E+10     0.933500E+10     0.933500E+10     0.965851E+10     0.102590E+11     0.102590E+11     0.100265E+11     0.994600E+10     0.869959E+10     0.817600E+10     0.817600E+10     0.817600E+10     0.817600E+10     0.817600E+10     0.963800E+10     0.963800E+10     0.112350E+11     0.101555E+11     0.762600E+10     0.762600E+10     0.762600E+10     0.762600E+10     0.572838E+10     0.462400E+10     0.457408E+10     0.437700E+10     0.472441E+10     0.527700E+10     0.527700E+10     0.537099E+10     0.530839E+10     0.516334E+10     0.518738E+10     0.512647E+10     0.507315E+10     0.512800E+10     0.544536E+10     0.544425E+10     0.542421E+10     0.561537E+10     0.515198E+10     0.508422E+10     0.454273E+10     0.415637E+10     0.422621E+10     0.423071E+10     0.423300E+10     0.423300E+10     0.423300E+10     0.419689E+10     0.414676E+10     0.400500E+10     0.395786E+10     0.388500E+10     0.375379E+10     0.360690E+10     0.370900E+10     0.356664E+10     0.403701E+10     0.398456E+10     0.404080E+10     0.362699E+10     0.335922E+10     0.343189E+10     0.421770E+10     0.473710E+10     0.490954E+10     0.452812E+10     0.436132E+10     0.423673E+10     0.379158E+10     0.367500E+10     0.352600E+10     0.348075E+10     0.348400E+10     0.345687E+10     0.341700E+10     0.337186E+10     0.335100E+10     0.343216E+10     0.347957E+10     0.346400E+10     0.344017E+10     0.318582E+10     0.295700E+10     0.298401E+10     0.319498E+10     0.317190E+10     0.325730E+10     0.323600E+10     0.321699E+10     0.276260E+10     0.178800E+10     0.170500E+10     0.170500E+10     0.170500E+10     0.170500E+10     0.170500E+10     0.170500E+10     0.170500E+10     0.170500E+10     0.170500E+10     0.170500E+10     0.170500E+10     0.170500E+10     0.170500E+10     0.170500E+10     0.170500E+10     0.170500E+10     0.170500E+10     0.170500E+10     0.170500E+10     0.100000E+21
 0.400000E+04     0.173580E+11     0.163830E+11     0.118492E+11     0.129901E+11     0.136390E+11     0.136390E+11     0.134080E+11     0.134080E+11     0.152200E+11     0.152200E+11     0.152200E+11     0.152200E+11     0.118960E+11     0.933500E+10     0.933500E+10     0.933500E+10     0.970335E+10     0.102590E+11     0.102590E+11     0.100514E+11     0.994600E+10     0.882827E+10     0.817600E+10     0.817600E+10     0.817600E+10     0.817600E+10     0.817600E+10     0.963800E+10     0.963800E+10     0.112350E+11     0.901606E+10     0.762600E+10     0.762600E+10     0.762600E+10     0.762600E+10     0.585648E+10     0.462400E+10     0.455088E+10     0.437700E+10     0.475747E+10     0.527700E+10     0.552021E+10     0.564162E+10     0.548200E+10     0.531591E+10     0.516223E+10     0.508068E+10     0.496649E+10     0.500576E+10     0.496134E+10     0.488921E+10     0.492200E+10     0.518798E+10     0.526204E+10     0.507477E+10     0.465557E+10     0.421820E+10     0.421900E+10     0.422412E+10     0.423300E+10     0.423300E+10     0.423300E+10     0.423300E+10     0.423300E+10     0.409627E+10     0.399637E+10     0.388500E+10     0.380316E+10     0.376700E+10     0.370900E+10     0.354998E+10     0.347508E+10     0.350770E+10     0.390780E+10     0.390034E+10     0.365720E+10     0.330838E+10     0.309789E+10     0.406220E+10     0.406282E+10     0.432070E+10     0.434862E+10     0.425955E+10     0.391919E+10     0.367500E+10     0.352600E+10     0.344230E+10     0.338603E+10     0.342569E+10     0.341700E+10     0.337045E+10     0.335100E+10     0.331800E+10     0.338411E+10     0.338016E+10     0.340683E+10     0.339700E+10     0.311874E+10     0.310902E+10     0.297448E+10     0.295514E+10     0.318081E+10     0.323600E+10     0.321796E+10     0.266198E+10     0.178800E+10     0.170500E+10     0.170500E+10     0.170500E+10     0.170500E+10     0.170500E+10     0.170500E+10     0.170500E+10     0.170500E+10     0.170500E+10     0.170500E+10     0.170500E+10     0.170500E+10     0.170500E+10     0.170500E+10     0.170500E+10     0.170500E+10     0.170500E+10     0.170500E+10     0.170500E+10     0.100000E+21
 0.402000E+04     0.173580E+11     0.169203E+11     0.128183E+11     0.112690E+11     0.136390E+11     0.136390E+11     0.134080E+11     0.134080E+11     0.142148E+11     0.152200E+11     0.152200E+11     0.152200E+11     0.119132E+11     0.933500E+10     0.933500E+10     0.933500E+10     0.970783E+10     0.102590E+11     0.102590E+11     0.100541E+11     0.994600E+10     0.884285E+10     0.817600E+10     0.817600E+10     0.817600E+10     0.847439E+10     0.898418E+10     0.963800E+10     0.963800E+10     0.112350E+11     0.762600E+10     0.762600E+10     0.762600E+10     0.762600E+10     0.762600E+10     0.586906E+10     0.462400E+10     0.454821E+10     0.437700E+10     0.507685E+10     0.603147E+10     0.628496E+10     0.600807E+10     0.570561E+10     0.568102E+10     0.584894E+10     0.526800E+10     0.513818E+10     0.499139E+10     0.494852E+10     0.471993E+10     0.475615E+10     0.472305E+10     0.794242E+10     0.819676E+10     0.460097E+10     0.421700E+10     0.421793E+10     0.421859E+10     0.422524E+10     0.423300E+10     0.423300E+10     0.423300E+10     0.423300E+10     0.423300E+10     0.414805E+10     0.407799E+10     0.380284E+10     0.376700E+10     0.370900E+10     0.367153E+10     0.346081E+10     0.350470E+10     0.336643E+10     0.342500E+10     0.360232E+10     0.388171E+10     0.356892E+10     0.331451E+10     0.296835E+10     0.372865E+10     0.414089E+10     0.404529E+10     0.397120E+10     0.397248E+10     0.352600E+10     0.344281E+10     0.323900E+10     0.324721E+10     0.341700E+10     0.337031E+10     0.335100E+10     0.331800E+10     0.329613E+10     0.325300E+10     0.329059E+10     0.339700E+10     0.336400E+10     0.334364E+10     0.311822E+10     0.295965E+10     0.296655E+10     0.306899E+10     0.314840E+10     0.265058E+10     0.178800E+10     0.170500E+10     0.170500E+10     0.170500E+10     0.170500E+10     0.170500E+10     0.170500E+10     0.170500E+10     0.170500E+10     0.170500E+10     0.170500E+10     0.170500E+10     0.170500E+10     0.170500E+10     0.170500E+10     0.170500E+10     0.170500E+10     0.170500E+10     0.170500E+10     0.170500E+10     0.100000E+21
 0.404000E+04     0.182713E+11     0.177161E+11     0.144054E+11     0.112690E+11     0.136390E+11     0.136390E+11     0.131376E+11     0.133216E+11     0.134080E+11     0.152200E+11     0.152200E+11     0.152200E+11     0.117156E+11     0.933500E+10     0.933500E+10     0.933500E+10     0.965872E+10     0.102590E+11     0.101105E+11     0.998672E+10     0.994600E+10     0.870102E+10     0.817600E+10     0.817600E+10     0.817600E+10     0.860311E+10     0.963800E+10     0.988915E+10     0.103855E+11     0.112350E+11     0.762600E+10     0.762600E+10     0.762600E+10     0.762600E+10     0.762600E+10     0.572889E+10     0.462400E+10     0.457366E+10     0.437700E+10     0.597945E+10     0.668800E+10     0.660700E+10     0.628115E+10     0.614904E+10     0.596954E+10     0.609280E+10     0.555779E+10     0.562228E+10     0.556227E+10     0.521318E+10     0.481152E+10     0.476229E+10     0.633284E+10     0.102730E+11     0.102730E+11     0.683906E+10     0.471838E+10     0.421700E+10     0.421770E+10     0.421900E+10     0.422649E+10     0.422632E+10     0.423300E+10     0.423300E+10     0.423300E+10     0.423300E+10     0.423300E+10     0.401299E+10     0.399534E+10     0.370900E+10     0.366676E+10     0.359400E+10     0.355376E+10     0.331290E+10     0.329177E+10     0.333962E+10     0.371116E+10     0.367435E+10     0.380182E+10     0.337235E+10     0.292886E+10     0.361065E+10     0.360644E+10     0.385708E+10     0.388652E+10     0.378313E+10     0.368932E+10     0.323900E+10     0.312833E+10     0.320221E+10     0.337185E+10     0.335100E+10     0.331800E+10     0.329310E+10     0.325300E+10     0.323059E+10     0.329530E+10     0.336400E+10     0.334149E+10     0.329800E+10     0.312200E+10     0.284778E+10     0.287479E+10     0.298251E+10     0.276148E+10     0.178800E+10     0.170500E+10     0.170500E+10     0.170500E+10     0.170500E+10     0.170500E+10     0.170500E+10     0.170500E+10     0.170500E+10     0.170500E+10     0.170500E+10     0.170500E+10     0.170500E+10     0.170500E+10     0.170500E+10     0.170500E+10     0.170500E+10     0.170500E+10     0.170500E+10     0.170500E+10     0.100000E+21
 0.406000E+04     0.193200E+11     0.180917E+11     0.163603E+11     0.150943E+11     0.136390E+11     0.136390E+11     0.128560E+11     0.132346E+11     0.134080E+11     0.152200E+11     0.152200E+11     0.152200E+11     0.117451E+11     0.933500E+10     0.933500E+10     0.933500E+10     0.101108E+11     0.102590E+11     0.994600E+10     0.994600E+10     0.843173E+10     0.836117E+10     0.817600E+10     0.817600E+10     0.817600E+10     0.950217E+10     0.963800E+10     0.101425E+11     0.112350E+11     0.112350E+11     0.762600E+10     0.762600E+10     0.762600E+10     0.762600E+10     0.762600E+10     0.574190E+10     0.462400E+10     0.505236E+10     0.114074E+11     0.968232E+10     0.668800E+10     0.660700E+10     0.654298E+10     0.644800E+10     0.632203E+10     0.616008E+10     0.588500E+10     0.592220E+10     0.591010E+10     0.588136E+10     0.631105E+10     0.843842E+10     0.862629E+10     0.949097E+10     0.102730E+11     0.976293E+10     0.927135E+10     0.492921E+10     0.497447E+10     0.421739E+10     0.421748E+10     0.421900E+10     0.422348E+10     0.422348E+10     0.423300E+10     0.423300E+10     0.423300E+10     0.423300E+10     0.423300E+10     0.412794E+10     0.374534E+10     0.359400E+10     0.355183E+10     0.341760E+10     0.338507E+10     0.254459E+10     0.330256E+10     0.326100E+10     0.353045E+10     0.391700E+10     0.352840E+10     0.279539E+10     0.276952E+10     0.316184E+10     0.381708E+10     0.360107E+10     0.350096E+10     0.362902E+10     0.315393E+10     0.296500E+10     0.311585E+10     0.335100E+10     0.331800E+10     0.329196E+10     0.325300E+10     0.323014E+10     0.318900E+10     0.319046E+10     0.330149E+10     0.329800E+10     0.327288E+10     0.302780E+10     0.280600E+10     0.280968E+10     0.261575E+10     0.178800E+10     0.170500E+10     0.170500E+10     0.170500E+10     0.170500E+10     0.170500E+10     0.170500E+10     0.170500E+10     0.170500E+10     0.170500E+10     0.170500E+10     0.170500E+10     0.170500E+10     0.170500E+10     0.170500E+10     0.170500E+10     0.170500E+10     0.170500E+10     0.170500E+10     0.170500E+10     0.100000E+21
 0.408000E+04     0.193200E+11     0.193200E+11     0.173580E+11     0.173580E+11     0.136390E+11     0.136390E+11     0.128560E+11     0.132389E+11     0.134080E+11     0.152200E+11     0.152200E+11     0.152200E+11     0.117030E+11     0.933500E+10     0.933500E+10     0.933500E+10     0.102590E+11     0.102590E+11     0.994600E+10     0.994600E+10     0.817600E+10     0.817600E+10     0.817600E+10     0.817600E+10     0.817600E+10     0.963800E+10     0.963800E+10     0.112350E+11     0.112350E+11     0.762600E+10     0.762600E+10     0.762600E+10     0.762600E+10     0.762600E+10     0.462400E+10     0.462400E+10     0.462400E+10     0.170690E+11     0.170690E+11     0.134080E+11     0.134080E+11     0.134080E+11     0.787087E+10     0.644800E+10     0.639263E+10     0.629200E+10     0.621400E+10     0.615924E+10     0.588500E+10     0.895478E+10     0.994800E+10     0.994800E+10     0.937026E+10     0.900900E+10     0.900900E+10     0.102730E+11     0.102730E+11     0.102730E+11     0.102730E+11     0.527700E+10     0.421700E+10     0.421700E+10     0.421784E+10     0.421900E+10     0.421900E+10     0.421900E+10     0.423300E+10     0.423300E+10     0.423300E+10     0.423300E+10     0.423300E+10     0.423300E+10     0.372099E+10     0.345946E+10     0.342500E+10     0.338904E+10     0.170500E+10     0.170500E+10     0.319169E+10     0.315400E+10     0.385900E+10     0.378547E+10     0.374500E+10     0.271620E+10     0.281600E+10     0.374600E+10     0.343447E+10     0.310300E+10     0.352013E+10     0.296500E+10     0.278643E+10     0.270500E+10     0.331800E+10     0.329204E+10     0.325300E+10     0.323003E+10     0.318900E+10     0.315700E+10     0.313485E+10     0.329800E+10     0.327351E+10     0.322321E+10     0.320100E+10     0.294770E+10     0.248463E+10     0.178800E+10     0.170500E+10     0.170500E+10     0.170500E+10     0.170500E+10     0.170500E+10     0.170500E+10     0.170500E+10     0.170500E+10     0.170500E+10     0.170500E+10     0.170500E+10     0.170500E+10     0.170500E+10     0.170500E+10     0.170500E+10     0.170500E+10     0.170500E+10     0.170500E+10     0.170500E+10     0.100000E+21
 0.410000E+04     0.193200E+11     0.193200E+11     0.173580E+11     0.173580E+11     0.136390E+11     0.136390E+11     0.128560E+11     0.132130E+11     0.134080E+11     0.148763E+11     0.152200E+11     0.152200E+11     0.118364E+11     0.933500E+10     0.933500E+10     0.933500E+10     0.102089E+11     0.101390E+11     0.994600E+10     0.994600E+10     0.817600E+10     0.817600E+10     0.817600E+10     0.817600E+10     0.847186E+10     0.985390E+10     0.101243E+11     0.106895E+11     0.101499E+11     0.762600E+10     0.762600E+10     0.762600E+10     0.762600E+10     0.762600E+10     0.462400E+10     0.462400E+10     0.683407E+10     0.163803E+11     0.170690E+11     0.141493E+11     0.134080E+11     0.134080E+11     0.977653E+10     0.644800E+10     0.639669E+10     0.629200E+10     0.621400E+10     0.616323E+10     0.565683E+10     0.762717E+10     0.894247E+10     0.994800E+10     0.958557E+10     0.918333E+10     0.900900E+10     0.100240E+11     0.102730E+11     0.102730E+11     0.102730E+11     0.680876E+10     0.548379E+10     0.455041E+10     0.421752E+10     0.421824E+10     0.421837E+10     0.421876E+10     0.422871E+10     0.422799E+10     0.422764E+10     0.423300E+10     0.423300E+10     0.423300E+10     0.389921E+10     0.345795E+10     0.342500E+10     0.339104E+10     0.199027E+10     0.170500E+10     0.288808E+10     0.315400E+10     0.357057E+10     0.378249E+10     0.374500E+10     0.289581E+10     0.276177E+10     0.330672E+10     0.332550E+10     0.321127E+10     0.338969E+10     0.311375E+10     0.278234E+10     0.270500E+10     0.308777E+10     0.319990E+10     0.325300E+10     0.323186E+10     0.318900E+10     0.315700E+10     0.313634E+10     0.323588E+10     0.324907E+10     0.322184E+10     0.320100E+10     0.303640E+10     0.242394E+10     0.178800E+10     0.170500E+10     0.170500E+10     0.170500E+10     0.170500E+10     0.170500E+10     0.170500E+10     0.170500E+10     0.170500E+10     0.170500E+10     0.170500E+10     0.170500E+10     0.170500E+10     0.170500E+10     0.170500E+10     0.170500E+10     0.170500E+10     0.170500E+10     0.170500E+10     0.170500E+10     0.100000E+21
 0.412000E+04     0.193200E+11     0.193200E+11     0.173580E+11     0.173580E+11     0.136390E+11     0.136390E+11     0.128560E+11     0.131965E+11     0.134080E+11     0.139971E+11     0.152200E+11     0.152200E+11     0.119164E+11     0.933500E+10     0.933500E+10     0.976007E+10     0.100461E+11     0.994600E+10     0.994600E+10     0.942135E+10     0.817600E+10     0.817600E+10     0.817600E+10     0.817600E+10     0.906121E+10     0.102588E+11     0.112350E+11     0.882647E+10     0.762600E+10     0.762600E+10     0.762600E+10     0.762600E+10     0.712984E+10     0.624443E+10     0.462400E+10     0.462400E+10     0.117260E+11     0.134626E+11     0.153839E+11     0.162579E+11     0.151450E+11     0.134080E+11     0.134080E+11     0.964757E+10     0.766735E+10     0.629200E+10     0.621400E+10     0.609610E+10     0.488936E+10     0.484671E+10     0.601621E+10     0.763666E+10     0.891339E+10     0.976326E+10     0.944091E+10     0.923991E+10     0.969162E+10     0.967304E+10     0.100324E+11     0.102730E+11     0.945821E+10     0.757712E+10     0.600720E+10     0.471915E+10     0.421700E+10     0.421775E+10     0.421808E+10     0.421844E+10     0.421900E+10     0.422656E+10     0.422647E+10     0.423300E+10     0.423300E+10     0.365764E+10     0.342500E+10     0.339229E+10     0.298282E+10     0.242185E+10     0.198420E+10     0.248785E+10     0.310100E+10     0.356524E+10     0.374500E+10     0.350135E+10     0.309825E+10     0.259600E+10     0.288907E+10     0.309643E+10     0.310536E+10     0.316368E+10     0.290663E+10     0.270500E+10     0.258000E+10     0.279848E+10     0.325300E+10     0.323306E+10     0.318900E+10     0.315700E+10     0.313729E+10     0.309400E+10     0.319913E+10     0.322098E+10     0.320100E+10     0.318307E+10     0.238424E+10     0.178800E+10     0.170500E+10     0.170500E+10     0.170500E+10     0.170500E+10     0.170500E+10     0.170500E+10     0.170500E+10     0.170500E+10     0.170500E+10     0.170500E+10     0.170500E+10     0.170500E+10     0.170500E+10     0.170500E+10     0.170500E+10     0.170500E+10     0.170500E+10     0.170500E+10     0.170500E+10     0.100000E+21
 0.414000E+04     0.119370E+11     0.166187E+11     0.188110E+11     0.173580E+11     0.136390E+11     0.136390E+11     0.128560E+11     0.132383E+11     0.134080E+11     0.137427E+11     0.152200E+11     0.152200E+11     0.117042E+11     0.933500E+10     0.101112E+11     0.102590E+11     0.994600E+10     0.994600E+10     0.817600E+10     0.817600E+10     0.817600E+10     0.817600E+10     0.876694E+10     0.963800E+10     0.963800E+10     0.112350E+11     0.112350E+11     0.762600E+10     0.762600E+10     0.762600E+10     0.762600E+10     0.762600E+10     0.462400E+10     0.462400E+10     0.462400E+10     0.462400E+10     0.134080E+11     0.117260E+11     0.117260E+11     0.148116E+11     0.170690E+11     0.170690E+11     0.141417E+11     0.134080E+11     0.134080E+11     0.533900E+10     0.621400E+10     0.549290E+10     0.581900E+10     0.486382E+10     0.463330E+10     0.492200E+10     0.488018E+10     0.617049E+10     0.994800E+10     0.994800E+10     0.994800E+10     0.900900E+10     0.900900E+10     0.900900E+10     0.102730E+11     0.102730E+11     0.102730E+11     0.102730E+11     0.102730E+11     0.613087E+10     0.527700E+10     0.421700E+10     0.421700E+10     0.421700E+10     0.421849E+10     0.421900E+10     0.422925E+10     0.423300E+10     0.423300E+10     0.366932E+10     0.330145E+10     0.326100E+10     0.277104E+10     0.170500E+10     0.170500E+10     0.303413E+10     0.299800E+10     0.367678E+10     0.363200E+10     0.357700E+10     0.294251E+10     0.250200E+10     0.318229E+10     0.316500E+10     0.287202E+10     0.316000E+10     0.258000E+10     0.248452E+10     0.325300E+10     0.323010E+10     0.318900E+10     0.315700E+10     0.313489E+10     0.309400E+10     0.306977E+10     0.283301E+10     0.201100E+10     0.182868E+10     0.172794E+10     0.178800E+10     0.170500E+10     0.170500E+10     0.170500E+10     0.170500E+10     0.170500E+10     0.170500E+10     0.170500E+10     0.170500E+10     0.170500E+10     0.170500E+10     0.170500E+10     0.170500E+10     0.170500E+10     0.170500E+10     0.170500E+10     0.170500E+10     0.170500E+10     0.170500E+10     0.170500E+10     0.100000E+21
 0.416000E+04     0.119370E+11     0.164353E+11     0.187043E+11     0.173580E+11     0.136390E+11     0.136390E+11     0.128560E+11     0.132187E+11     0.134080E+11     0.138612E+11     0.152200E+11     0.152200E+11     0.118111E+11     0.999358E+10     0.101637E+11     0.100335E+11     0.994600E+10     0.994600E+10     0.817600E+10     0.817600E+10     0.817600E+10     0.817600E+10     0.935857E+10     0.963800E+10     0.103592E+11     0.105570E+11     0.859610E+10     0.762600E+10     0.762600E+10     0.762600E+10     0.705294E+10     0.541907E+10     0.462400E+10     0.462400E+10     0.503759E+10     0.477547E+10     0.710946E+10     0.127519E+11     0.117260E+11     0.133221E+11     0.147459E+11     0.170690E+11     0.164498E+11     0.134080E+11     0.952277E+10     0.533900E+10     0.552304E+10     0.580817E+10     0.531097E+10     0.508493E+10     0.505123E+10     0.454853E+10     0.475816E+10     0.544020E+10     0.608827E+10     0.994800E+10     0.994800E+10     0.960368E+10     0.963206E+10     0.900900E+10     0.935007E+10     0.937299E+10     0.102730E+11     0.102730E+11     0.102730E+11     0.945388E+10     0.889485E+10     0.469718E+10     0.421700E+10     0.421700E+10     0.421736E+10     0.421752E+10     0.422097E+10     0.423300E+10     0.423300E+10     0.369374E+10     0.329821E+10     0.326100E+10     0.271267E+10     0.170500E+10     0.170500E+10     0.237926E+10     0.299800E+10     0.325047E+10     0.363200E+10     0.357700E+10     0.335796E+10     0.250200E+10     0.260346E+10     0.316500E+10     0.301854E+10     0.316000E+10     0.258000E+10     0.249130E+10     0.258107E+10     0.233864E+10     0.227540E+10     0.216915E+10     0.224284E+10     0.237743E+10     0.226976E+10     0.219043E+10     0.201100E+10     0.183415E+10     0.173169E+10     0.178800E+10     0.170500E+10     0.170500E+10     0.170500E+10     0.170500E+10     0.170500E+10     0.170500E+10     0.170500E+10     0.170500E+10     0.170500E+10     0.170500E+10     0.170500E+10     0.170500E+10     0.170500E+10     0.170500E+10     0.170500E+10     0.170500E+10     0.170500E+10     0.170500E+10     0.170500E+10     0.100000E+21
 0.418000E+04     0.119370E+11     0.166223E+11     0.188810E+11     0.173580E+11     0.136390E+11     0.136390E+11     0.128560E+11     0.132411E+11     0.134080E+11     0.136467E+11     0.152200E+11     0.152200E+11     0.152200E+11     0.102590E+11     0.996642E+10     0.994600E+10     0.933771E+10     0.817600E+10     0.817600E+10     0.817600E+10     0.817600E+10     0.925995E+10     0.102843E+11     0.112350E+11     0.112350E+11     0.762600E+10     0.762600E+10     0.762600E+10     0.762600E+10     0.762600E+10     0.462400E+10     0.462400E+10     0.474691E+10     0.527700E+10     0.527700E+10     0.486151E+10     0.462400E+10     0.134080E+11     0.134080E+11     0.117260E+11     0.117260E+11     0.134080E+11     0.164795E+11     0.516400E+10     0.534020E+10     0.533900E+10     0.526800E+10     0.521780E+10     0.606000E+10     0.599927E+10     0.519998E+10     0.559800E+10     0.483189E+10     0.439360E+10     0.472000E+10     0.463855E+10     0.458900E+10     0.994800E+10     0.994800E+10     0.994800E+10     0.900900E+10     0.900900E+10     0.954298E+10     0.102730E+11     0.102730E+11     0.102730E+11     0.102730E+11     0.865797E+10     0.527700E+10     0.527700E+10     0.446903E+10     0.421700E+10     0.421700E+10     0.422439E+10     0.423300E+10     0.423300E+10     0.330415E+10     0.326100E+10     0.319201E+10     0.315400E+10     0.170500E+10     0.170500E+10     0.170500E+10     0.293795E+10     0.289600E+10     0.357700E+10     0.354309E+10     0.250200E+10     0.245642E+10     0.260000E+10     0.193918E+10     0.192900E+10     0.191300E+10     0.176850E+10     0.188100E+10     0.186935E+10     0.175900E+10     0.174500E+10     0.178118E+10     0.211400E+10     0.209994E+10     0.193405E+10     0.201100E+10     0.200088E+10     0.172646E+10     0.178800E+10     0.170500E+10     0.170500E+10     0.170500E+10     0.170500E+10     0.170500E+10     0.170500E+10     0.170500E+10     0.170500E+10     0.170500E+10     0.170500E+10     0.170500E+10     0.170500E+10     0.170500E+10     0.170500E+10     0.170500E+10     0.170500E+10     0.170500E+10     0.170500E+10     0.170500E+10     0.100000E+21
 0.420000E+04     0.119370E+11     0.165343E+11     0.187865E+11     0.173580E+11     0.136390E+11     0.136390E+11     0.128560E+11     0.132305E+11     0.134080E+11     0.137702E+11     0.152200E+11     0.152200E+11     0.152200E+11     0.100374E+11     0.997099E+10     0.994600E+10     0.853194E+10     0.817600E+10     0.817600E+10     0.817600E+10     0.930517E+10     0.945709E+10     0.109111E+11     0.112350E+11     0.957639E+10     0.762600E+10     0.762600E+10     0.762600E+10     0.762600E+10     0.575656E+10     0.462400E+10     0.462400E+10     0.462761E+10     0.527700E+10     0.527700E+10     0.486941E+10     0.462400E+10     0.134080E+11     0.134080E+11     0.117260E+11     0.117260E+11     0.134080E+11     0.889105E+10     0.516400E+10     0.517628E+10     0.533900E+10     0.526800E+10     0.521934E+10     0.533959E+10     0.586056E+10     0.547255E+10     0.507377E+10     0.515987E+10     0.497277E+10     0.433621E+10     0.463656E+10     0.458900E+10     0.660813E+10     0.889509E+10     0.994800E+10     0.973156E+10     0.967251E+10     0.923018E+10     0.948546E+10     0.937984E+10     0.101441E+11     0.102730E+11     0.954519E+10     0.835333E+10     0.892425E+10     0.583405E+10     0.421700E+10     0.421700E+10     0.422131E+10     0.422214E+10     0.423011E+10     0.384002E+10     0.326100E+10     0.319084E+10     0.315400E+10     0.256974E+10     0.170500E+10     0.170500E+10     0.293523E+10     0.289600E+10     0.252083E+10     0.253070E+10     0.237460E+10     0.234262E+10     0.237545E+10     0.193899E+10     0.192900E+10     0.191300E+10     0.177637E+10     0.188100E+10     0.186977E+10     0.181567E+10     0.174500E+10     0.178020E+10     0.186083E+10     0.205158E+10     0.199465E+10     0.191098E+10     0.196947E+10     0.172906E+10     0.178800E+10     0.170500E+10     0.170500E+10     0.170500E+10     0.170500E+10     0.170500E+10     0.170500E+10     0.170500E+10     0.170500E+10     0.170500E+10     0.170500E+10     0.170500E+10     0.170500E+10     0.170500E+10     0.170500E+10     0.170500E+10     0.170500E+10     0.170500E+10     0.170500E+10     0.170500E+10     0.100000E+21
 0.422000E+04     0.119370E+11     0.163125E+11     0.186116E+11     0.173580E+11     0.136390E+11     0.136390E+11     0.128560E+11     0.130762E+11     0.134080E+11     0.139550E+11     0.152200E+11     0.152200E+11     0.152200E+11     0.994600E+10     0.953022E+10     0.929619E+10     0.817600E+10     0.817600E+10     0.817600E+10     0.851704E+10     0.963800E+10     0.999710E+10     0.105550E+11     0.992192E+10     0.839079E+10     0.762600E+10     0.762600E+10     0.712758E+10     0.653282E+10     0.462400E+10     0.462400E+10     0.462400E+10     0.466323E+10     0.527700E+10     0.527700E+10     0.488930E+10     0.462400E+10     0.134080E+11     0.134080E+11     0.121061E+11     0.117260E+11     0.105373E+11     0.673111E+10     0.516400E+10     0.511988E+10     0.520899E+10     0.526800E+10     0.522312E+10     0.512800E+10     0.547433E+10     0.567899E+10     0.525391E+10     0.549246E+10     0.504746E+10     0.464656E+10     0.444337E+10     0.441085E+10     0.452400E+10     0.661335E+10     0.791462E+10     0.994800E+10     0.994800E+10     0.921687E+10     0.900900E+10     0.900900E+10     0.960392E+10     0.102730E+11     0.102730E+11     0.102730E+11     0.102730E+11     0.812619E+10     0.460297E+10     0.438582E+10     0.421855E+10     0.421900E+10     0.422426E+10     0.388051E+10     0.326100E+10     0.318798E+10     0.315400E+10     0.346986E+10     0.245191E+10     0.242888E+10     0.318420E+10     0.312363E+10     0.193303E+10     0.193427E+10     0.219211E+10     0.226309E+10     0.228700E+10     0.201255E+10     0.192900E+10     0.191300E+10     0.182942E+10     0.182276E+10     0.184500E+10     0.185000E+10     0.174500E+10     0.176269E+10     0.178300E+10     0.191289E+10     0.200390E+10     0.188100E+10     0.194503E+10     0.179625E+10     0.178800E+10     0.170500E+10     0.170500E+10     0.170500E+10     0.170500E+10     0.170500E+10     0.170500E+10     0.170500E+10     0.170500E+10     0.170500E+10     0.170500E+10     0.170500E+10     0.170500E+10     0.170500E+10     0.170500E+10     0.170500E+10     0.170500E+10     0.170500E+10     0.170500E+10     0.170500E+10     0.100000E+21
 0.424000E+04     0.193200E+11     0.181345E+11     0.188821E+11     0.173580E+11     0.136390E+11     0.136390E+11     0.128560E+11     0.131246E+11     0.134080E+11     0.136450E+11     0.152200E+11     0.152200E+11     0.152200E+11     0.871814E+10     0.822779E+10     0.817600E+10     0.817600E+10     0.817600E+10     0.922769E+10     0.949512E+10     0.110668E+11     0.110515E+11     0.841814E+10     0.762600E+10     0.762600E+10     0.762600E+10     0.762600E+10     0.526035E+10     0.462400E+10     0.462400E+10     0.458698E+10     0.441535E+10     0.513216E+10     0.527700E+10     0.527700E+10     0.486119E+10     0.462400E+10     0.134080E+11     0.134080E+11     0.116767E+11     0.873054E+10     0.562700E+10     0.556570E+10     0.541982E+10     0.516399E+10     0.502600E+10     0.502226E+10     0.516964E+10     0.512800E+10     0.507282E+10     0.548210E+10     0.583400E+10     0.578847E+10     0.537170E+10     0.474859E+10     0.495419E+10     0.494136E+10     0.423764E+10     0.439372E+10     0.439500E+10     0.540769E+10     0.994800E+10     0.977806E+10     0.957341E+10     0.900900E+10     0.900900E+10     0.932961E+10     0.102730E+11     0.102730E+11     0.102730E+11     0.102730E+11     0.100569E+11     0.577393E+10     0.421734E+10     0.421714E+10     0.463362E+10     0.385683E+10     0.377550E+10     0.366840E+10     0.345742E+10     0.378602E+10     0.376566E+10     0.354378E+10     0.363308E+10     0.351300E+10     0.202700E+10     0.191904E+10     0.196800E+10     0.196017E+10     0.228700E+10     0.221180E+10     0.212053E+10     0.191300E+10     0.190000E+10     0.185616E+10     0.184988E+10     0.185000E+10     0.181860E+10     0.175083E+10     0.178300E+10     0.177223E+10     0.201543E+10     0.188100E+10     0.189978E+10     0.192897E+10     0.178800E+10     0.170500E+10     0.170500E+10     0.170500E+10     0.170500E+10     0.170500E+10     0.170500E+10     0.170500E+10     0.170500E+10     0.170500E+10     0.170500E+10     0.170500E+10     0.170500E+10     0.170500E+10     0.170500E+10     0.170500E+10     0.170500E+10     0.170500E+10     0.170500E+10     0.170500E+10     0.100000E+21
 0.426000E+04     0.193200E+11     0.193200E+11     0.177866E+11     0.173580E+11     0.136390E+11     0.136390E+11     0.128560E+11     0.132041E+11     0.134080E+11     0.139550E+11     0.152200E+11     0.152200E+11     0.152200E+11     0.817600E+10     0.817600E+10     0.817600E+10     0.849628E+10     0.902799E+10     0.963800E+10     0.103398E+11     0.893903E+10     0.901512E+10     0.762600E+10     0.762600E+10     0.762600E+10     0.700523E+10     0.572955E+10     0.462400E+10     0.462400E+10     0.462400E+10     0.443335E+10     0.437700E+10     0.527700E+10     0.527700E+10     0.489631E+10     0.474097E+10     0.462400E+10     0.134080E+11     0.134080E+11     0.734834E+10     0.583938E+10     0.624544E+10     0.574042E+10     0.548200E+10     0.536308E+10     0.520899E+10     0.495700E+10     0.511152E+10     0.512800E+10     0.508402E+10     0.512275E+10     0.525391E+10     0.525498E+10     0.551729E+10     0.528720E+10     0.488478E+10     0.482764E+10     0.469915E+10     0.435266E+10     0.439500E+10     0.508950E+10     0.636677E+10     0.994800E+10     0.994800E+10     0.900900E+10     0.900900E+10     0.900900E+10     0.978261E+10     0.102730E+11     0.102730E+11     0.102730E+11     0.584477E+10     0.490737E+10     0.501126E+10     0.482507E+10     0.524678E+10     0.432600E+10     0.382900E+10     0.384303E+10     0.382258E+10     0.356423E+10     0.387309E+10     0.376792E+10     0.354726E+10     0.358179E+10     0.287445E+10     0.232377E+10     0.188593E+10     0.193681E+10     0.206517E+10     0.226269E+10     0.225200E+10     0.191300E+10     0.190209E+10     0.188100E+10     0.180609E+10     0.185000E+10     0.183400E+10     0.176978E+10     0.174194E+10     0.176130E+10     0.191728E+10     0.199742E+10     0.191675E+10     0.190964E+10     0.178800E+10     0.170500E+10     0.170500E+10     0.170500E+10     0.170500E+10     0.170500E+10     0.170500E+10     0.170500E+10     0.170500E+10     0.170500E+10     0.170500E+10     0.170500E+10     0.170500E+10     0.170500E+10     0.170500E+10     0.170500E+10     0.170500E+10     0.170500E+10     0.170500E+10     0.170500E+10     0.100000E+21
 0.428000E+04     0.193200E+11     0.193200E+11     0.173580E+11     0.173580E+11     0.136390E+11     0.136390E+11     0.128560E+11     0.132305E+11     0.134080E+11     0.137702E+11     0.152200E+11     0.152200E+11     0.152200E+11     0.817600E+10     0.817600E+10     0.963800E+10     0.963800E+10     0.963800E+10     0.112350E+11     0.852877E+10     0.762600E+10     0.762600E+10     0.762600E+10     0.762600E+10     0.564865E+10     0.462400E+10     0.462400E+10     0.462400E+10     0.462400E+10     0.437700E+10     0.464540E+10     0.527700E+10     0.527700E+10     0.527700E+10     0.462400E+10     0.462400E+10     0.462400E+10     0.123019E+11     0.685000E+10     0.616474E+10     0.523400E+10     0.523400E+10     0.624915E+10     0.548200E+10     0.543204E+10     0.533900E+10     0.526800E+10     0.500455E+10     0.512800E+10     0.507715E+10     0.496556E+10     0.492200E+10     0.488087E+10     0.501883E+10     0.561200E+10     0.528487E+10     0.458900E+10     0.452400E+10     0.490428E+10     0.392100E+10     0.432026E+10     0.426900E+10     0.666973E+10     0.994800E+10     0.994800E+10     0.918395E+10     0.900900E+10     0.712821E+10     0.347400E+10     0.341900E+10     0.337802E+10     0.330900E+10     0.327017E+10     0.427009E+10     0.563100E+10     0.522228E+10     0.541071E+10     0.481300E+10     0.385184E+10     0.398600E+10     0.395000E+10     0.370743E+10     0.391700E+10     0.350668E+10     0.362200E+10     0.358700E+10     0.350151E+10     0.199400E+10     0.185267E+10     0.193600E+10     0.226324E+10     0.225200E+10     0.223500E+10     0.197556E+10     0.188100E+10     0.175959E+10     0.185000E+10     0.183400E+10     0.182385E+10     0.171800E+10     0.175675E+10     0.186113E+10     0.206400E+10     0.194717E+10     0.192293E+10     0.178800E+10     0.170500E+10     0.170500E+10     0.170500E+10     0.170500E+10     0.170500E+10     0.170500E+10     0.170500E+10     0.170500E+10     0.170500E+10     0.170500E+10     0.170500E+10     0.170500E+10     0.170500E+10     0.170500E+10     0.170500E+10     0.170500E+10     0.170500E+10     0.170500E+10     0.170500E+10     0.100000E+21
 0.430000E+04     0.193200E+11     0.193200E+11     0.171491E+11     0.157761E+11     0.136390E+11     0.136390E+11     0.128560E+11     0.132411E+11     0.134080E+11     0.136467E+11     0.152200E+11     0.152200E+11     0.152200E+11     0.817600E+10     0.945182E+10     0.963800E+10     0.106474E+11     0.105884E+11     0.862738E+10     0.797854E+10     0.762600E+10     0.762600E+10     0.693396E+10     0.500897E+10     0.505770E+10     0.462400E+10     0.462400E+10     0.462400E+10     0.462400E+10     0.437700E+10     0.462190E+10     0.527700E+10     0.521053E+10     0.481375E+10     0.462400E+10     0.462400E+10     0.108988E+11     0.132105E+11     0.685000E+10     0.649558E+10     0.610250E+10     0.523400E+10     0.541574E+10     0.626068E+10     0.558145E+10     0.533900E+10     0.526800E+10     0.499619E+10     0.512800E+10     0.507286E+10     0.496652E+10     0.492200E+10     0.488019E+10     0.486599E+10     0.476794E+10     0.542767E+10     0.523896E+10     0.452400E+10     0.461672E+10     0.475255E+10     0.394536E+10     0.426900E+10     0.522534E+10     0.644318E+10     0.994800E+10     0.501347E+10     0.579218E+10     0.539971E+10     0.413691E+10     0.423626E+10     0.351938E+10     0.330900E+10     0.326811E+10     0.417615E+10     0.563100E+10     0.540971E+10     0.499277E+10     0.537464E+10     0.424721E+10     0.380540E+10     0.395000E+10     0.357362E+10     0.364615E+10     0.376656E+10     0.349520E+10     0.358700E+10     0.350007E+10     0.199400E+10     0.197396E+10     0.193600E+10     0.211695E+10     0.225200E+10     0.223500E+10     0.196062E+10     0.188100E+10     0.175507E+10     0.176249E+10     0.183400E+10     0.182356E+10     0.171800E+10     0.171444E+10     0.179815E+10     0.178416E+10     0.194031E+10     0.192887E+10     0.178800E+10     0.170500E+10     0.170500E+10     0.170500E+10     0.170500E+10     0.170500E+10     0.170500E+10     0.170500E+10     0.170500E+10     0.170500E+10     0.170500E+10     0.170500E+10     0.170500E+10     0.170500E+10     0.170500E+10     0.170500E+10     0.170500E+10     0.170500E+10     0.170500E+10     0.170500E+10     0.100000E+21
 0.432000E+04     0.193200E+11     0.189453E+11     0.168380E+11     0.157010E+11     0.136390E+11     0.136390E+11     0.128560E+11     0.132187E+11     0.134080E+11     0.138612E+11     0.152200E+11     0.152200E+11     0.152200E+11     0.859595E+10     0.944743E+10     0.100846E+11     0.106839E+11     0.991038E+10     0.762600E+10     0.762600E+10     0.762600E+10     0.762600E+10     0.578518E+10     0.462400E+10     0.462400E+10     0.462400E+10     0.462400E+10     0.458864E+10     0.455828E+10     0.437700E+10     0.483084E+10     0.527700E+10     0.509877E+10     0.462400E+10     0.462400E+10     0.700005E+10     0.134080E+11     0.125764E+11     0.872258E+10     0.673619E+10     0.668800E+10     0.562718E+10     0.538964E+10     0.612257E+10     0.576174E+10     0.533900E+10     0.526800E+10     0.507080E+10     0.504697E+10     0.504262E+10     0.496449E+10     0.492200E+10     0.488163E+10     0.476573E+10     0.472000E+10     0.524743E+10     0.522338E+10     0.484375E+10     0.477437E+10     0.485556E+10     0.409053E+10     0.413452E+10     0.415060E+10     0.411585E+10     0.823659E+10     0.476204E+10     0.448604E+10     0.462807E+10     0.458700E+10     0.452300E+10     0.390729E+10     0.330900E+10     0.327214E+10     0.378539E+10     0.498068E+10     0.513209E+10     0.497976E+10     0.522528E+10     0.446220E+10     0.375800E+10     0.386743E+10     0.356838E+10     0.354240E+10     0.376621E+10     0.344100E+10     0.352158E+10     0.349459E+10     0.239890E+10     0.212519E+10     0.190063E+10     0.204928E+10     0.225200E+10     0.223500E+10     0.204440E+10     0.188100E+10     0.176439E+10     0.170500E+10     0.183400E+10     0.182416E+10     0.174139E+10     0.171959E+10     0.175132E+10     0.174300E+10     0.191869E+10     0.189478E+10     0.178800E+10     0.170500E+10     0.170500E+10     0.170500E+10     0.170500E+10     0.170500E+10     0.170500E+10     0.170500E+10     0.170500E+10     0.170500E+10     0.170500E+10     0.170500E+10     0.170500E+10     0.170500E+10     0.170500E+10     0.170500E+10     0.170500E+10     0.170500E+10     0.170500E+10     0.170500E+10     0.100000E+21
 0.434000E+04     0.193200E+11     0.180759E+11     0.169281E+11     0.157010E+11     0.136390E+11     0.136390E+11     0.128560E+11     0.132383E+11     0.134080E+11     0.137427E+11     0.152200E+11     0.152200E+11     0.152200E+11     0.106411E+11     0.107976E+11     0.889434E+10     0.854994E+10     0.762600E+10     0.762600E+10     0.762600E+10     0.548802E+10     0.572365E+10     0.462400E+10     0.462400E+10     0.462400E+10     0.459154E+10     0.444981E+10     0.444020E+10     0.437700E+10     0.488317E+10     0.527700E+10     0.527700E+10     0.477504E+10     0.462400E+10     0.951556E+10     0.142480E+11     0.134080E+11     0.134080E+11     0.134080E+11     0.915916E+10     0.668800E+10     0.660700E+10     0.625612E+10     0.523400E+10     0.552099E+10     0.587244E+10     0.526800E+10     0.521832E+10     0.504089E+10     0.487615E+10     0.496641E+10     0.492200E+10     0.488018E+10     0.476904E+10     0.472000E+10     0.463754E+10     0.458900E+10     0.491046E+10     0.519635E+10     0.434154E+10     0.410788E+10     0.383081E+10     0.410127E+10     0.406600E+10     0.400500E+10     0.395525E+10     0.388500E+10     0.428590E+10     0.458700E+10     0.452300E+10     0.447670E+10     0.330900E+10     0.326948E+10     0.318059E+10     0.314800E+10     0.378487E+10     0.510223E+10     0.464300E+10     0.492535E+10     0.424309E+10     0.372300E+10     0.377491E+10     0.343700E+10     0.364225E+10     0.369567E+10     0.340800E+10     0.349741E+10     0.341200E+10     0.219714E+10     0.190754E+10     0.197310E+10     0.205821E+10     0.223500E+10     0.222091E+10     0.188100E+10     0.175717E+10     0.170500E+10     0.174430E+10     0.180252E+10     0.180500E+10     0.172928E+10     0.173054E+10     0.174300E+10     0.192412E+10     0.192046E+10     0.178800E+10     0.170500E+10     0.170500E+10     0.170500E+10     0.170500E+10     0.170500E+10     0.170500E+10     0.170500E+10     0.170500E+10     0.170500E+10     0.170500E+10     0.170500E+10     0.170500E+10     0.170500E+10     0.170500E+10     0.170500E+10     0.170500E+10     0.170500E+10     0.170500E+10     0.170500E+10     0.100000E+21
 0.436000E+04     0.193200E+11     0.181751E+11     0.158455E+11     0.133089E+11     0.136390E+11     0.136390E+11     0.128560E+11     0.131965E+11     0.134080E+11     0.139971E+11     0.152200E+11     0.152200E+11     0.152200E+11     0.133855E+11     0.105097E+11     0.762600E+10     0.762600E+10     0.762600E+10     0.762600E+10     0.655571E+10     0.462400E+10     0.462400E+10     0.462400E+10     0.462400E+10     0.462400E+10     0.444504E+10     0.437700E+10     0.455529E+10     0.486327E+10     0.527700E+10     0.527700E+10     0.527700E+10     0.585879E+10     0.845755E+10     0.134080E+11     0.155477E+11     0.153843E+11     0.134080E+11     0.134080E+11     0.105388E+11     0.668800E+10     0.660700E+10     0.655421E+10     0.588991E+10     0.546918E+10     0.573568E+10     0.577909E+10     0.540647E+10     0.512800E+10     0.489872E+10     0.496244E+10     0.492200E+10     0.488310E+10     0.476153E+10     0.472000E+10     0.461573E+10     0.454418E+10     0.448040E+10     0.468294E+10     0.431400E+10     0.401670E+10     0.384800E+10     0.400124E+10     0.406600E+10     0.400500E+10     0.396414E+10     0.388500E+10     0.395886E+10     0.415622E+10     0.452300E+10     0.448304E+10     0.389710E+10     0.348978E+10     0.317832E+10     0.314800E+10     0.316578E+10     0.442000E+10     0.487544E+10     0.480953E+10     0.479254E+10     0.372300E+10     0.374371E+10     0.367527E+10     0.364588E+10     0.384500E+10     0.340800E+10     0.349109E+10     0.347029E+10     0.243786E+10     0.196200E+10     0.191335E+10     0.190400E+10     0.223500E+10     0.222310E+10     0.188100E+10     0.182635E+10     0.170500E+10     0.170500E+10     0.177521E+10     0.180500E+10     0.174388E+10     0.171999E+10     0.174300E+10     0.181852E+10     0.193846E+10     0.178800E+10     0.170500E+10     0.170500E+10     0.170500E+10     0.170500E+10     0.170500E+10     0.170500E+10     0.170500E+10     0.170500E+10     0.170500E+10     0.170500E+10     0.170500E+10     0.170500E+10     0.170500E+10     0.170500E+10     0.170500E+10     0.170500E+10     0.170500E+10     0.170500E+10     0.170500E+10     0.100000E+21
 0.438000E+04     0.193200E+11     0.181370E+11     0.145244E+11     0.112690E+11     0.136390E+11     0.136390E+11     0.128560E+11     0.132130E+11     0.134080E+11     0.139002E+11     0.152200E+11     0.152200E+11     0.152200E+11     0.152200E+11     0.957736E+10     0.762600E+10     0.696196E+10     0.577473E+10     0.555453E+10     0.502197E+10     0.462400E+10     0.462400E+10     0.462400E+10     0.462400E+10     0.451797E+10     0.437700E+10     0.437700E+10     0.509563E+10     0.527700E+10     0.527700E+10     0.527700E+10     0.527700E+10     0.112217E+11     0.117260E+11     0.134080E+11     0.141506E+11     0.170690E+11     0.154585E+11     0.134080E+11     0.122708E+11     0.108411E+11     0.660700E+10     0.655019E+10     0.644800E+10     0.617019E+10     0.523400E+10     0.553067E+10     0.578472E+10     0.512800E+10     0.502808E+10     0.483919E+10     0.492200E+10     0.488199E+10     0.447581E+10     0.466108E+10     0.456641E+10     0.450600E+10     0.444100E+10     0.440050E+10     0.431400E+10     0.419445E+10     0.408174E+10     0.382408E+10     0.385891E+10     0.400500E+10     0.396082E+10     0.388500E+10     0.380434E+10     0.376700E+10     0.452300E+10     0.448051E+10     0.439800E+10     0.415654E+10     0.317919E+10     0.314800E+10     0.311528E+10     0.383726E+10     0.507400E+10     0.467538E+10     0.506700E+10     0.408292E+10     0.375302E+10     0.387800E+10     0.355523E+10     0.384500E+10     0.365644E+10     0.352152E+10     0.352000E+10     0.315096E+10     0.196200E+10     0.186430E+10     0.190400E+10     0.223500E+10     0.222224E+10     0.210431E+10     0.193267E+10     0.170500E+10     0.170500E+10     0.172797E+10     0.180500E+10     0.178074E+10     0.171092E+10     0.171637E+10     0.172538E+10     0.194848E+10     0.178800E+10     0.170500E+10     0.170500E+10     0.170500E+10     0.170500E+10     0.170500E+10     0.170500E+10     0.170500E+10     0.170500E+10     0.170500E+10     0.170500E+10     0.170500E+10     0.170500E+10     0.170500E+10     0.170500E+10     0.170500E+10     0.170500E+10     0.170500E+10     0.170500E+10     0.170500E+10     0.100000E+21
 0.440000E+04     0.178651E+11     0.176893E+11     0.145728E+11     0.112690E+11     0.136390E+11     0.136390E+11     0.128560E+11     0.132389E+11     0.134080E+11     0.137310E+11     0.152200E+11     0.152200E+11     0.152200E+11     0.152200E+11     0.133146E+11     0.762600E+10     0.537885E+10     0.462400E+10     0.462400E+10     0.462400E+10     0.462400E+10     0.462400E+10     0.456981E+10     0.444459E+10     0.441467E+10     0.449193E+10     0.502779E+10     0.527700E+10     0.527700E+10     0.527700E+10     0.649895E+10     0.111158E+11     0.130494E+11     0.117260E+11     0.124645E+11     0.130789E+11     0.170690E+11     0.165438E+11     0.134080E+11     0.134080E+11     0.134080E+11     0.660700E+10     0.654342E+10     0.644800E+10     0.639263E+10     0.583071E+10     0.523400E+10     0.587621E+10     0.512800E+10     0.507587E+10     0.475999E+10     0.440232E+10     0.449960E+10     0.427008E+10     0.432748E+10     0.455396E+10     0.450600E+10     0.444100E+10     0.439783E+10     0.431400E+10     0.424088E+10     0.418900E+10     0.387952E+10     0.373300E+10     0.379681E+10     0.392690E+10     0.388500E+10     0.380680E+10     0.376700E+10     0.398082E+10     0.436900E+10     0.439800E+10     0.435313E+10     0.318061E+10     0.314800E+10     0.311335E+10     0.357458E+10     0.507400E+10     0.472424E+10     0.453835E+10     0.430400E+10     0.374312E+10     0.387800E+10     0.345617E+10     0.363282E+10     0.381000E+10     0.354165E+10     0.352000E+10     0.339923E+10     0.196200E+10     0.183593E+10     0.190400E+10     0.201104E+10     0.218204E+10     0.220000E+10     0.195952E+10     0.178719E+10     0.170500E+10     0.170500E+10     0.180500E+10     0.179429E+10     0.170500E+10     0.170500E+10     0.171930E+10     0.196379E+10     0.178800E+10     0.170500E+10     0.170500E+10     0.170500E+10     0.170500E+10     0.170500E+10     0.170500E+10     0.170500E+10     0.170500E+10     0.170500E+10     0.170500E+10     0.170500E+10     0.170500E+10     0.170500E+10     0.170500E+10     0.170500E+10     0.170500E+10     0.170500E+10     0.170500E+10     0.170500E+10     0.100000E+21
