 0.126000E+03    -0.250000E+04    -0.248000E+04    -0.246000E+04    -0.244000E+04    -0.242000E+04    -0.240000E+04    -0.238000E+04    -0.236000E+04    -0.234000E+04    -0.232000E+04    -0.230000E+04    -0.228000E+04    -0.226000E+04    -0.224000E+04    -0.222000E+04    -0.220000E+04    -0.218000E+04    -0.216000E+04    -0.214000E+04    -0.212000E+04    -0.210000E+04    -0.208000E+04    -0.206000E+04    -0.204000E+04    -0.202000E+04    -0.200000E+04    -0.198000E+04    -0.196000E+04    -0.194000E+04    -0.192000E+04    -0.190000E+04    -0.188000E+04    -0.186000E+04    -0.184000E+04    -0.182000E+04    -0.180000E+04    -0.178000E+04    -0.176000E+04    -0.174000E+04    -0.172000E+04    -0.170000E+04    -0.168000E+04    -0.166000E+04    -0.164000E+04    -0.162000E+04    -0.160000E+04    -0.158000E+04    -0.156000E+04    -0.154000E+04    -0.152000E+04    -0.150000E+04    -0.148000E+04    -0.146000E+04    -0.144000E+04    -0.142000E+04    -0.140000E+04    -0.138000E+04    -0.136000E+04    -0.134000E+04    -0.132000E+04    -0.130000E+04    -0.128000E+04    -0.126000E+04    -0.124000E+04    -0.122000E+04    -0.120000E+04    -0.118000E+04    -0.116000E+04    -0.114000E+04    -0.112000E+04    -0.110000E+04    -0.108000E+04    -0.106000E+04    -0.104000E+04    -0.102000E+04    -0.100000E+04    -0.980000E+03    -0.960000E+03    -0.940000E+03    -0.920000E+03    -0.900000E+03    -0.880000E+03    -0.860000E+03    -0.840000E+03    -0.820000E+03    -0.800000E+03    -0.780000E+03    -0.760000E+03    -0.740000E+03    -0.720000E+03    -0.700000E+03    -0.680000E+03    -0.660000E+03    -0.640000E+03    -0.620000E+03    -0.600000E+03    -0.580000E+03    -0.560000E+03    -0.540000E+03    -0.520000E+03    -0.500000E+03    -0.480000E+03    -0.460000E+03    -0.440000E+03    -0.420000E+03    -0.400000E+03    -0.380000E+03    -0.360000E+03    -0.340000E+03    -0.320000E+03    -0.300000E+03    -0.280000E+03    -0.260000E+03    -0.240000E+03    -0.220000E+03    -0.200000E+03    -0.180000E+03    -0.160000E+03    -0.140000E+03    -0.120000E+03    -0.100000E+03    -0.800000E+02    -0.600000E+02    -0.400000E+02    -0.200000E+02     0.000000E+00
 0.000000E+00     0.174070E+11     0.174070E+11     0.174070E+11     0.174070E+11     0.174070E+11     0.174070E+11     0.174070E+11     0.174070E+11     0.174070E+11     0.174070E+11     0.174070E+11     0.174070E+11     0.174070E+11     0.517300E+10     0.517300E+10     0.488400E+10     0.141662E+11     0.108940E+11     0.107780E+11     0.106889E+11     0.832500E+10     0.792838E+10     0.778283E+10     0.728100E+10     0.816522E+10     0.830094E+10     0.768100E+10     0.747975E+10     0.741400E+10     0.684600E+10     0.109307E+11     0.209180E+11     0.196878E+11     0.209010E+11     0.189140E+11     0.186392E+11     0.612600E+10     0.606783E+10     0.602500E+10     0.595484E+10     0.592400E+10     0.587500E+10     0.609310E+10     0.546700E+10     0.543363E+10     0.557600E+10     0.599800E+10     0.596244E+10     0.533200E+10     0.548689E+10     0.458595E+10     0.288100E+10     0.284654E+10     0.292058E+10     0.324500E+10     0.310969E+10     0.277400E+10     0.275300E+10     0.258369E+10     0.248200E+10     0.279706E+10     0.278200E+10     0.255047E+10     0.259500E+10     0.301700E+10     0.299859E+10     0.273100E+10     0.272413E+10     0.239900E+10     0.228800E+10     0.238916E+10     0.225000E+10     0.239419E+10     0.251856E+10     0.266500E+10     0.265127E+10     0.261811E+10     0.260300E+10     0.208680E+10     0.207400E+10     0.205600E+10     0.203307E+10     0.202100E+10     0.238410E+10     0.236800E+10     0.234900E+10     0.233728E+10     0.231100E+10     0.216710E+10     0.212400E+10     0.198645E+10     0.197500E+10     0.195900E+10     0.194720E+10     0.233000E+10     0.231636E+10     0.229100E+10     0.198200E+10     0.197023E+10     0.195000E+10     0.226992E+10     0.234279E+10     0.233000E+10     0.214345E+10     0.198112E+10     0.193100E+10     0.183800E+10     0.183800E+10     0.183800E+10     0.183800E+10     0.183800E+10     0.183800E+10     0.183800E+10     0.183800E+10     0.183800E+10     0.183800E+10     0.183800E+10     0.183800E+10     0.183800E+10     0.183800E+10     0.183800E+10     0.183800E+10     0.183800E+10     0.183800E+10     0.183800E+10     0.100000E+21
 0.200000E+02     0.174070E+11     0.174070E+11     0.174070E+11     0.174070E+11     0.174070E+11     0.174070E+11     0.174070E+11     0.174070E+11     0.174070E+11     0.174070E+11     0.174070E+11     0.174070E+11     0.174070E+11     0.517300E+10     0.517300E+10     0.488400E+10     0.139827E+11     0.108940E+11     0.107780E+11     0.106971E+11     0.832500E+10     0.796293E+10     0.776406E+10     0.728100E+10     0.811098E+10     0.822132E+10     0.768100E+10     0.747533E+10     0.741400E+10     0.684600E+10     0.117271E+11     0.209180E+11     0.198082E+11     0.209010E+11     0.189140E+11     0.186530E+11     0.612600E+10     0.606241E+10     0.602500E+10     0.595348E+10     0.592400E+10     0.587500E+10     0.606988E+10     0.546700E+10     0.543608E+10     0.557600E+10     0.599800E+10     0.596504E+10     0.533200E+10     0.542417E+10     0.449120E+10     0.288100E+10     0.284805E+10     0.295163E+10     0.324500E+10     0.308101E+10     0.277400E+10     0.275300E+10     0.259416E+10     0.248200E+10     0.279526E+10     0.278200E+10     0.255187E+10     0.259500E+10     0.301700E+10     0.300080E+10     0.273100E+10     0.270402E+10     0.239900E+10     0.228800E+10     0.238051E+10     0.225000E+10     0.238039E+10     0.252496E+10     0.266500E+10     0.265203E+10     0.261635E+10     0.260300E+10     0.208587E+10     0.207400E+10     0.205600E+10     0.203218E+10     0.202100E+10     0.238238E+10     0.236800E+10     0.234900E+10     0.233780E+10     0.231100E+10     0.218530E+10     0.212400E+10     0.198588E+10     0.197500E+10     0.195900E+10     0.194837E+10     0.233000E+10     0.231745E+10     0.229100E+10     0.198200E+10     0.197102E+10     0.195000E+10     0.222883E+10     0.234200E+10     0.233000E+10     0.215043E+10     0.197676E+10     0.193100E+10     0.183800E+10     0.183800E+10     0.183800E+10     0.183800E+10     0.183800E+10     0.183800E+10     0.183800E+10     0.183800E+10     0.183800E+10     0.183800E+10     0.183800E+10     0.183800E+10     0.183800E+10     0.183800E+10     0.183800E+10     0.183800E+10     0.183800E+10     0.183800E+10     0.183800E+10     0.100000E+21
 0.400000E+02     0.174070E+11     0.174070E+11     0.174070E+11     0.174070E+11     0.174070E+11     0.174070E+11     0.174070E+11     0.174070E+11     0.174070E+11     0.174070E+11     0.174070E+11     0.174070E+11     0.174070E+11     0.517300E+10     0.517300E+10     0.488400E+10     0.138678E+11     0.108940E+11     0.107780E+11     0.107023E+11     0.832500E+10     0.798554E+10     0.775282E+10     0.728100E+10     0.807660E+10     0.817610E+10     0.768100E+10     0.747251E+10     0.741400E+10     0.684600E+10     0.122486E+11     0.209180E+11     0.198820E+11     0.209010E+11     0.189140E+11     0.186615E+11     0.612600E+10     0.605956E+10     0.602500E+10     0.595265E+10     0.592400E+10     0.587500E+10     0.605608E+10     0.546700E+10     0.543767E+10     0.557600E+10     0.599800E+10     0.596671E+10     0.533200E+10     0.530311E+10     0.443190E+10     0.288100E+10     0.284896E+10     0.297163E+10     0.324500E+10     0.306271E+10     0.277400E+10     0.275300E+10     0.260080E+10     0.248200E+10     0.279426E+10     0.278200E+10     0.255269E+10     0.259500E+10     0.301700E+10     0.300202E+10     0.273100E+10     0.269127E+10     0.239900E+10     0.228800E+10     0.237500E+10     0.225000E+10     0.237150E+10     0.252885E+10     0.266500E+10     0.265251E+10     0.261529E+10     0.260300E+10     0.208527E+10     0.207400E+10     0.205600E+10     0.203161E+10     0.202100E+10     0.238136E+10     0.236800E+10     0.234900E+10     0.233811E+10     0.231100E+10     0.219488E+10     0.212400E+10     0.198552E+10     0.197500E+10     0.195900E+10     0.194909E+10     0.233000E+10     0.231816E+10     0.229100E+10     0.211577E+10     0.202565E+10     0.195000E+10     0.220550E+10     0.234150E+10     0.233000E+10     0.215461E+10     0.197390E+10     0.193100E+10     0.183800E+10     0.183800E+10     0.183800E+10     0.183800E+10     0.183800E+10     0.183800E+10     0.183800E+10     0.183800E+10     0.183800E+10     0.183800E+10     0.183800E+10     0.183800E+10     0.183800E+10     0.183800E+10     0.183800E+10     0.183800E+10     0.183800E+10     0.183800E+10     0.183800E+10     0.100000E+21
 0.600000E+02     0.174070E+11     0.174070E+11     0.174070E+11     0.174070E+11     0.174070E+11     0.174070E+11     0.174070E+11     0.174070E+11     0.174070E+11     0.174070E+11     0.174070E+11     0.174070E+11     0.174070E+11     0.517300E+10     0.517300E+10     0.488400E+10     0.141632E+11     0.108940E+11     0.107780E+11     0.106893E+11     0.832500E+10     0.792990E+10     0.778267E+10     0.728100E+10     0.816417E+10     0.829431E+10     0.768100E+10     0.747964E+10     0.741400E+10     0.684600E+10     0.109593E+11     0.209180E+11     0.196941E+11     0.209010E+11     0.189140E+11     0.186394E+11     0.612600E+10     0.606736E+10     0.602500E+10     0.595483E+10     0.592400E+10     0.619700E+10     0.615622E+10     0.546700E+10     0.543370E+10     0.557600E+10     0.599800E+10     0.596251E+10     0.533200E+10     0.529679E+10     0.458444E+10     0.288100E+10     0.284656E+10     0.292222E+10     0.324500E+10     0.310857E+10     0.277400E+10     0.252200E+10     0.250853E+10     0.248200E+10     0.279692E+10     0.278200E+10     0.255048E+10     0.259500E+10     0.301700E+10     0.299876E+10     0.273100E+10     0.272373E+10     0.239900E+10     0.228800E+10     0.238882E+10     0.225000E+10     0.239346E+10     0.251863E+10     0.266500E+10     0.265128E+10     0.261798E+10     0.260300E+10     0.208678E+10     0.207400E+10     0.205600E+10     0.203304E+10     0.202100E+10     0.238399E+10     0.236800E+10     0.234900E+10     0.233728E+10     0.231100E+10     0.216867E+10     0.212400E+10     0.198644E+10     0.197500E+10     0.195900E+10     0.194726E+10     0.233000E+10     0.231640E+10     0.229100E+10     0.198200E+10     0.197025E+10     0.195000E+10     0.226650E+10     0.234277E+10     0.233000E+10     0.214351E+10     0.198093E+10     0.193100E+10     0.183800E+10     0.183800E+10     0.183800E+10     0.183800E+10     0.183800E+10     0.183800E+10     0.183800E+10     0.183800E+10     0.183800E+10     0.183800E+10     0.183800E+10     0.183800E+10     0.183800E+10     0.183800E+10     0.183800E+10     0.183800E+10     0.183800E+10     0.183800E+10     0.183800E+10     0.100000E+21
 0.800000E+02     0.174070E+11     0.174070E+11     0.174070E+11     0.174070E+11     0.174070E+11     0.174070E+11     0.174070E+11     0.174070E+11     0.174070E+11     0.174070E+11     0.174070E+11     0.174070E+11     0.174070E+11     0.517300E+10     0.517300E+10     0.488400E+10     0.140205E+11     0.108940E+11     0.107780E+11     0.106952E+11     0.832500E+10     0.795456E+10     0.776762E+10     0.728100E+10     0.812245E+10     0.824042E+10     0.768100E+10     0.747629E+10     0.741400E+10     0.684600E+10     0.115400E+11     0.209180E+11     0.197799E+11     0.209010E+11     0.189140E+11     0.186502E+11     0.612600E+10     0.606360E+10     0.602500E+10     0.595375E+10     0.592400E+10     0.619700E+10     0.615931E+10     0.546700E+10     0.543553E+10     0.557600E+10     0.599800E+10     0.596446E+10     0.533200E+10     0.529962E+10     0.451066E+10     0.288100E+10     0.284776E+10     0.294398E+10     0.324500E+10     0.308767E+10     0.277400E+10     0.252200E+10     0.250917E+10     0.248200E+10     0.279566E+10     0.278200E+10     0.255161E+10     0.259500E+10     0.301700E+10     0.300030E+10     0.273100E+10     0.270829E+10     0.239900E+10     0.228800E+10     0.249980E+10     0.225000E+10     0.238379E+10     0.252372E+10     0.266500E+10     0.265188E+10     0.261678E+10     0.260300E+10     0.208608E+10     0.207400E+10     0.205600E+10     0.203238E+10     0.202100E+10     0.238278E+10     0.236800E+10     0.234900E+10     0.233770E+10     0.231100E+10     0.218131E+10     0.212400E+10     0.198599E+10     0.197500E+10     0.195900E+10     0.194809E+10     0.233000E+10     0.231719E+10     0.229100E+10     0.198200E+10     0.197085E+10     0.195000E+10     0.223869E+10     0.234217E+10     0.233000E+10     0.214911E+10     0.197781E+10     0.193100E+10     0.183800E+10     0.183800E+10     0.183800E+10     0.183800E+10     0.183800E+10     0.183800E+10     0.183800E+10     0.183800E+10     0.183800E+10     0.183800E+10     0.183800E+10     0.183800E+10     0.183800E+10     0.183800E+10     0.183800E+10     0.183800E+10     0.183800E+10     0.183800E+10     0.183800E+10     0.100000E+21
 0.100000E+03     0.174070E+11     0.174070E+11     0.174070E+11     0.174070E+11     0.174070E+11     0.174070E+11     0.174070E+11     0.174070E+11     0.174070E+11     0.174070E+11     0.174070E+11     0.174070E+11     0.174070E+11     0.517300E+10     0.517300E+10     0.488400E+10     0.141711E+11     0.108940E+11     0.107780E+11     0.106868E+11     0.832500E+10     0.792019E+10     0.778225E+10     0.728100E+10     0.816795E+10     0.835094E+10     0.768100E+10     0.748010E+10     0.741400E+10     0.684600E+10     0.107908E+11     0.209180E+11     0.196492E+11     0.209010E+11     0.189140E+11     0.186391E+11     0.612600E+10     0.607349E+10     0.602500E+10     0.595483E+10     0.592400E+10     0.619700E+10     0.615421E+10     0.546700E+10     0.543334E+10     0.557600E+10     0.599800E+10     0.596214E+10     0.533200E+10     0.529444E+10     0.458829E+10     0.288100E+10     0.284657E+10     0.291103E+10     0.324500E+10     0.311548E+10     0.277400E+10     0.252200E+10     0.250847E+10     0.248200E+10     0.279820E+10     0.278200E+10     0.255053E+10     0.259500E+10     0.301700E+10     0.299720E+10     0.273100E+10     0.272519E+10     0.239900E+10     0.228800E+10     0.256240E+10     0.240300E+10     0.243556E+10     0.251866E+10     0.266500E+10     0.265125E+10     0.261898E+10     0.260300E+10     0.208691E+10     0.207400E+10     0.205600E+10     0.203318E+10     0.202100E+10     0.238478E+10     0.236800E+10     0.234900E+10     0.233729E+10     0.231100E+10     0.214806E+10     0.212400E+10     0.198645E+10     0.197500E+10     0.195900E+10     0.194682E+10     0.233000E+10     0.231617E+10     0.229100E+10     0.198200E+10     0.197017E+10     0.195000E+10     0.229572E+10     0.234283E+10     0.233000E+10     0.214367E+10     0.198216E+10     0.193100E+10     0.183800E+10     0.183800E+10     0.183800E+10     0.183800E+10     0.183800E+10     0.183800E+10     0.183800E+10     0.183800E+10     0.183800E+10     0.183800E+10     0.183800E+10     0.183800E+10     0.183800E+10     0.183800E+10     0.183800E+10     0.183800E+10     0.183800E+10     0.183800E+10     0.183800E+10     0.100000E+21
 0.120000E+03     0.174070E+11     0.174070E+11     0.174070E+11     0.174070E+11     0.174070E+11     0.174070E+11     0.174070E+11     0.174070E+11     0.174070E+11     0.174070E+11     0.174070E+11     0.174070E+11     0.174070E+11     0.517300E+10     0.517300E+10     0.488400E+10     0.141002E+11     0.108940E+11     0.107780E+11     0.106910E+11     0.832500E+10     0.793725E+10     0.777534E+10     0.728100E+10     0.814650E+10     0.828454E+10     0.768100E+10     0.747830E+10     0.741400E+10     0.684600E+10     0.111542E+11     0.209180E+11     0.197174E+11     0.209010E+11     0.189140E+11     0.186444E+11     0.612600E+10     0.606657E+10     0.602500E+10     0.595432E+10     0.592400E+10     0.619700E+10     0.615699E+10     0.546700E+10     0.543438E+10     0.557600E+10     0.599800E+10     0.596324E+10     0.533200E+10     0.529736E+10     0.455174E+10     0.288100E+10     0.284713E+10     0.292792E+10     0.324500E+10     0.310181E+10     0.277400E+10     0.252200E+10     0.250880E+10     0.248200E+10     0.279665E+10     0.278200E+10     0.255104E+10     0.259500E+10     0.301700E+10     0.299910E+10     0.273100E+10     0.271722E+10     0.239900E+10     0.228800E+10     0.255142E+10     0.240300E+10     0.231520E+10     0.252105E+10     0.266500E+10     0.265155E+10     0.261774E+10     0.260300E+10     0.208651E+10     0.207400E+10     0.205600E+10     0.203280E+10     0.202100E+10     0.238369E+10     0.236800E+10     0.234900E+10     0.233748E+10     0.231100E+10     0.217133E+10     0.212400E+10     0.198624E+10     0.197500E+10     0.195900E+10     0.194749E+10     0.233000E+10     0.231667E+10     0.229100E+10     0.198200E+10     0.197049E+10     0.195000E+10     0.226146E+10     0.234251E+10     0.233000E+10     0.214624E+10     0.198000E+10     0.193100E+10     0.183800E+10     0.183800E+10     0.183800E+10     0.183800E+10     0.183800E+10     0.183800E+10     0.183800E+10     0.183800E+10     0.183800E+10     0.183800E+10     0.183800E+10     0.183800E+10     0.183800E+10     0.183800E+10     0.183800E+10     0.183800E+10     0.183800E+10     0.183800E+10     0.183800E+10     0.100000E+21
 0.140000E+03     0.174070E+11     0.174070E+11     0.174070E+11     0.174070E+11     0.174070E+11     0.174070E+11     0.174070E+11     0.174070E+11     0.174070E+11     0.174070E+11     0.174070E+11     0.174070E+11     0.174070E+11     0.517300E+10     0.517300E+10     0.488400E+10     0.139214E+11     0.108940E+11     0.107780E+11     0.107000E+11     0.832500E+10     0.797546E+10     0.775814E+10     0.728100E+10     0.809253E+10     0.819532E+10     0.768100E+10     0.747381E+10     0.741400E+10     0.684600E+10     0.120134E+11     0.209180E+11     0.201062E+11     0.209010E+11     0.189140E+11     0.186575E+11     0.612600E+10     0.606078E+10     0.602500E+10     0.595304E+10     0.592400E+10     0.619700E+10     0.616179E+10     0.546700E+10     0.543695E+10     0.557600E+10     0.599800E+10     0.596594E+10     0.533200E+10     0.530204E+10     0.445955E+10     0.288100E+10     0.284853E+10     0.296282E+10     0.324500E+10     0.307093E+10     0.277400E+10     0.252200E+10     0.250963E+10     0.248200E+10     0.279469E+10     0.278200E+10     0.255230E+10     0.259500E+10     0.301700E+10     0.300149E+10     0.273100E+10     0.269718E+10     0.239900E+10     0.228800E+10     0.252660E+10     0.240300E+10     0.229294E+10     0.252702E+10     0.266500E+10     0.265229E+10     0.261575E+10     0.260300E+10     0.208554E+10     0.207400E+10     0.205600E+10     0.203187E+10     0.202100E+10     0.238181E+10     0.236800E+10     0.234900E+10     0.233796E+10     0.231100E+10     0.219077E+10     0.212400E+10     0.198569E+10     0.197500E+10     0.195900E+10     0.194877E+10     0.233000E+10     0.231784E+10     0.229100E+10     0.198200E+10     0.197130E+10     0.195000E+10     0.221541E+10     0.234173E+10     0.233000E+10     0.215263E+10     0.197517E+10     0.193100E+10     0.183800E+10     0.183800E+10     0.183800E+10     0.183800E+10     0.183800E+10     0.183800E+10     0.183800E+10     0.183800E+10     0.183800E+10     0.183800E+10     0.183800E+10     0.183800E+10     0.183800E+10     0.183800E+10     0.183800E+10     0.183800E+10     0.183800E+10     0.183800E+10     0.183800E+10     0.100000E+21
 0.160000E+03     0.174070E+11     0.174070E+11     0.174070E+11     0.174070E+11     0.174070E+11     0.174070E+11     0.174070E+11     0.174070E+11     0.174070E+11     0.174070E+11     0.174070E+11     0.174070E+11     0.174070E+11     0.517300E+10     0.491967E+10     0.488400E+10     0.141737E+11     0.108940E+11     0.107780E+11     0.106867E+11     0.832500E+10     0.791990E+10     0.778256E+10     0.728100E+10     0.816867E+10     0.835175E+10     0.768100E+10     0.748016E+10     0.741400E+10     0.684600E+10     0.868446E+10     0.908924E+10     0.205419E+11     0.209010E+11     0.189140E+11     0.186389E+11     0.612600E+10     0.607389E+10     0.602500E+10     0.595485E+10     0.592400E+10     0.597254E+10     0.612643E+10     0.546700E+10     0.543331E+10     0.557600E+10     0.599800E+10     0.596211E+10     0.533200E+10     0.529441E+10     0.458963E+10     0.288100E+10     0.284654E+10     0.291080E+10     0.324500E+10     0.311575E+10     0.277400E+10     0.265895E+10     0.254971E+10     0.248200E+10     0.279823E+10     0.278200E+10     0.255051E+10     0.259500E+10     0.301700E+10     0.299717E+10     0.273100E+10     0.272545E+10     0.239900E+10     0.228800E+10     0.256262E+10     0.240300E+10     0.227265E+10     0.251856E+10     0.266500E+10     0.265124E+10     0.261900E+10     0.260300E+10     0.208692E+10     0.207400E+10     0.205600E+10     0.203319E+10     0.202100E+10     0.238479E+10     0.236800E+10     0.234900E+10     0.233728E+10     0.231100E+10     0.214674E+10     0.212400E+10     0.198646E+10     0.197500E+10     0.195900E+10     0.194681E+10     0.233000E+10     0.231616E+10     0.229100E+10     0.198200E+10     0.197016E+10     0.195000E+10     0.229614E+10     0.234284E+10     0.233000E+10     0.214355E+10     0.198219E+10     0.193100E+10     0.183800E+10     0.183800E+10     0.183800E+10     0.183800E+10     0.183800E+10     0.183800E+10     0.183800E+10     0.183800E+10     0.183800E+10     0.183800E+10     0.183800E+10     0.183800E+10     0.183800E+10     0.183800E+10     0.183800E+10     0.183800E+10     0.183800E+10     0.183800E+10     0.183800E+10     0.100000E+21
 0.180000E+03     0.174070E+11     0.174070E+11     0.174070E+11     0.174070E+11     0.174070E+11     0.174070E+11     0.174070E+11     0.174070E+11     0.174070E+11     0.174070E+11     0.174070E+11     0.174070E+11     0.174070E+11     0.517300E+10     0.496759E+10     0.488400E+10     0.139214E+11     0.108940E+11     0.107780E+11     0.107000E+11     0.832500E+10     0.797546E+10     0.775814E+10     0.728100E+10     0.809253E+10     0.819532E+10     0.768100E+10     0.747381E+10     0.741400E+10     0.684600E+10     0.697260E+10     0.691500E+10     0.202586E+11     0.196509E+11     0.189140E+11     0.186575E+11     0.612600E+10     0.606078E+10     0.602500E+10     0.595304E+10     0.592400E+10     0.587500E+10     0.606211E+10     0.546700E+10     0.543695E+10     0.557600E+10     0.599800E+10     0.596594E+10     0.533200E+10     0.530204E+10     0.445955E+10     0.288100E+10     0.284853E+10     0.296282E+10     0.324500E+10     0.307093E+10     0.277400E+10     0.275300E+10     0.259773E+10     0.248200E+10     0.279469E+10     0.278200E+10     0.255230E+10     0.259500E+10     0.301700E+10     0.300149E+10     0.273100E+10     0.269718E+10     0.239900E+10     0.234628E+10     0.254352E+10     0.240300E+10     0.229294E+10     0.252702E+10     0.266500E+10     0.265229E+10     0.261575E+10     0.260300E+10     0.216486E+10     0.207400E+10     0.205600E+10     0.203187E+10     0.202100E+10     0.238181E+10     0.236800E+10     0.234900E+10     0.233796E+10     0.221631E+10     0.216799E+10     0.212400E+10     0.198569E+10     0.197500E+10     0.195900E+10     0.213044E+10     0.233000E+10     0.231784E+10     0.229100E+10     0.198200E+10     0.197130E+10     0.195000E+10     0.221541E+10     0.234173E+10     0.233000E+10     0.215263E+10     0.197517E+10     0.193100E+10     0.183800E+10     0.183800E+10     0.183800E+10     0.183800E+10     0.183800E+10     0.183800E+10     0.183800E+10     0.183800E+10     0.183800E+10     0.183800E+10     0.183800E+10     0.183800E+10     0.183800E+10     0.183800E+10     0.183800E+10     0.183800E+10     0.183800E+10     0.183800E+10     0.183800E+10     0.100000E+21
 0.200000E+03     0.174070E+11     0.174070E+11     0.174070E+11     0.174070E+11     0.174070E+11     0.174070E+11     0.174070E+11     0.174070E+11     0.174070E+11     0.174070E+11     0.174070E+11     0.174070E+11     0.174070E+11     0.517300E+10     0.493476E+10     0.593900E+10     0.141002E+11     0.108940E+11     0.107780E+11     0.106910E+11     0.832500E+10     0.793725E+10     0.777534E+10     0.728100E+10     0.814650E+10     0.828454E+10     0.768100E+10     0.747830E+10     0.741400E+10     0.684600E+10     0.697816E+10     0.691500E+10     0.201018E+11     0.189220E+11     0.189140E+11     0.186444E+11     0.180570E+11     0.606657E+10     0.602500E+10     0.595432E+10     0.592400E+10     0.587500E+10     0.608760E+10     0.546700E+10     0.543438E+10     0.557600E+10     0.599800E+10     0.596324E+10     0.533200E+10     0.529736E+10     0.541820E+10     0.529200E+10     0.379984E+10     0.292792E+10     0.324500E+10     0.310181E+10     0.277400E+10     0.275300E+10     0.258729E+10     0.248200E+10     0.279665E+10     0.278200E+10     0.255104E+10     0.259500E+10     0.301700E+10     0.299910E+10     0.273100E+10     0.271722E+10     0.239900E+10     0.238000E+10     0.257610E+10     0.240300E+10     0.227933E+10     0.241910E+10     0.240700E+10     0.255883E+10     0.261774E+10     0.260300E+10     0.222136E+10     0.207400E+10     0.205600E+10     0.203280E+10     0.202100E+10     0.238369E+10     0.236800E+10     0.234900E+10     0.233748E+10     0.216100E+10     0.214604E+10     0.212400E+10     0.198624E+10     0.197500E+10     0.195900E+10     0.225835E+10     0.233000E+10     0.231667E+10     0.229100E+10     0.198200E+10     0.197049E+10     0.195000E+10     0.226146E+10     0.234251E+10     0.233000E+10     0.214624E+10     0.198000E+10     0.193100E+10     0.183800E+10     0.183800E+10     0.183800E+10     0.183800E+10     0.183800E+10     0.183800E+10     0.183800E+10     0.183800E+10     0.183800E+10     0.183800E+10     0.183800E+10     0.183800E+10     0.183800E+10     0.183800E+10     0.183800E+10     0.183800E+10     0.183800E+10     0.183800E+10     0.183800E+10     0.100000E+21
 0.220000E+03     0.174070E+11     0.174070E+11     0.174070E+11     0.174070E+11     0.174070E+11     0.174070E+11     0.174070E+11     0.174070E+11     0.174070E+11     0.174070E+11     0.174070E+11     0.174070E+11     0.174070E+11     0.517300E+10     0.490285E+10     0.593900E+10     0.141711E+11     0.108940E+11     0.107780E+11     0.106868E+11     0.832500E+10     0.792019E+10     0.778225E+10     0.728100E+10     0.816795E+10     0.835094E+10     0.768100E+10     0.748010E+10     0.741400E+10     0.684600E+10     0.698051E+10     0.691500E+10     0.201697E+11     0.189220E+11     0.198242E+11     0.189513E+11     0.180570E+11     0.607349E+10     0.602500E+10     0.595483E+10     0.592400E+10     0.587500E+10     0.610236E+10     0.546700E+10     0.543334E+10     0.557600E+10     0.599800E+10     0.596214E+10     0.533200E+10     0.529444E+10     0.542096E+10     0.529200E+10     0.377514E+10     0.291103E+10     0.324500E+10     0.311548E+10     0.277400E+10     0.275300E+10     0.258314E+10     0.248200E+10     0.279820E+10     0.278200E+10     0.255053E+10     0.259500E+10     0.301700E+10     0.299720E+10     0.273100E+10     0.272519E+10     0.239900E+10     0.238000E+10     0.258428E+10     0.240300E+10     0.227274E+10     0.241930E+10     0.240700E+10     0.256215E+10     0.261898E+10     0.260300E+10     0.222604E+10     0.207400E+10     0.205600E+10     0.203318E+10     0.202100E+10     0.238478E+10     0.236800E+10     0.234900E+10     0.233729E+10     0.216100E+10     0.214354E+10     0.212400E+10     0.198645E+10     0.197500E+10     0.195900E+10     0.227559E+10     0.233000E+10     0.231617E+10     0.229100E+10     0.198200E+10     0.197017E+10     0.195000E+10     0.229572E+10     0.234283E+10     0.233000E+10     0.214367E+10     0.198216E+10     0.193100E+10     0.183800E+10     0.183800E+10     0.183800E+10     0.183800E+10     0.183800E+10     0.183800E+10     0.183800E+10     0.183800E+10     0.183800E+10     0.183800E+10     0.183800E+10     0.183800E+10     0.183800E+10     0.183800E+10     0.183800E+10     0.183800E+10     0.183800E+10     0.183800E+10     0.183800E+10     0.100000E+21
 0.240000E+03     0.174070E+11     0.174070E+11     0.174070E+11     0.174070E+11     0.174070E+11     0.174070E+11     0.174070E+11     0.174070E+11     0.174070E+11     0.174070E+11     0.174070E+11     0.174070E+11     0.174070E+11     0.517300E+10     0.495148E+10     0.593900E+10     0.140205E+11     0.108940E+11     0.107780E+11     0.106952E+11     0.832500E+10     0.795456E+10     0.776762E+10     0.728100E+10     0.812245E+10     0.824042E+10     0.768100E+10     0.747629E+10     0.741400E+10     0.684600E+10     0.697566E+10     0.691500E+10     0.200395E+11     0.189220E+11     0.204420E+11     0.192452E+11     0.180570E+11     0.606360E+10     0.602500E+10     0.595375E+10     0.592400E+10     0.587500E+10     0.607530E+10     0.546700E+10     0.543553E+10     0.557600E+10     0.599800E+10     0.596446E+10     0.533200E+10     0.529962E+10     0.541510E+10     0.529200E+10     0.382754E+10     0.294398E+10     0.324500E+10     0.308767E+10     0.277400E+10     0.275300E+10     0.259194E+10     0.248200E+10     0.279566E+10     0.278200E+10     0.255161E+10     0.259500E+10     0.301700E+10     0.300030E+10     0.279776E+10     0.270829E+10     0.239900E+10     0.238000E+10     0.256764E+10     0.240300E+10     0.228560E+10     0.241887E+10     0.240700E+10     0.255509E+10     0.261678E+10     0.260300E+10     0.221623E+10     0.207400E+10     0.205600E+10     0.203238E+10     0.202100E+10     0.238278E+10     0.236800E+10     0.234900E+10     0.233770E+10     0.216100E+10     0.214710E+10     0.212400E+10     0.198599E+10     0.197500E+10     0.195900E+10     0.224255E+10     0.233000E+10     0.231719E+10     0.229100E+10     0.198200E+10     0.197085E+10     0.195000E+10     0.223869E+10     0.234217E+10     0.233000E+10     0.214911E+10     0.197781E+10     0.193100E+10     0.183800E+10     0.183800E+10     0.183800E+10     0.183800E+10     0.183800E+10     0.183800E+10     0.183800E+10     0.183800E+10     0.183800E+10     0.183800E+10     0.183800E+10     0.183800E+10     0.183800E+10     0.183800E+10     0.183800E+10     0.183800E+10     0.183800E+10     0.183800E+10     0.183800E+10     0.100000E+21
 0.260000E+03     0.174070E+11     0.174070E+11     0.174070E+11     0.174070E+11     0.174070E+11     0.174070E+11     0.174070E+11     0.174070E+11     0.174070E+11     0.174070E+11     0.174070E+11     0.174070E+11     0.174070E+11     0.517300E+10     0.493024E+10     0.593900E+10     0.141632E+11     0.108940E+11     0.107780E+11     0.106893E+11     0.832500E+10     0.792990E+10     0.778267E+10     0.728100E+10     0.816417E+10     0.829431E+10     0.768100E+10     0.747964E+10     0.741400E+10     0.780378E+10     0.697942E+10     0.691500E+10     0.201249E+11     0.189220E+11     0.204420E+11     0.191960E+11     0.180570E+11     0.606736E+10     0.602500E+10     0.595483E+10     0.592400E+10     0.587500E+10     0.609169E+10     0.546700E+10     0.543370E+10     0.557600E+10     0.599800E+10     0.596251E+10     0.533200E+10     0.529679E+10     0.542067E+10     0.529200E+10     0.377481E+10     0.292222E+10     0.324500E+10     0.310857E+10     0.277400E+10     0.275300E+10     0.258390E+10     0.248200E+10     0.279692E+10     0.278200E+10     0.255048E+10     0.259500E+10     0.301700E+10     0.299876E+10     0.297300E+10     0.272373E+10     0.239900E+10     0.238000E+10     0.258014E+10     0.240300E+10     0.227711E+10     0.241930E+10     0.240700E+10     0.256180E+10     0.257732E+10     0.238769E+10     0.222447E+10     0.207400E+10     0.205600E+10     0.203304E+10     0.202100E+10     0.238399E+10     0.236800E+10     0.234900E+10     0.233728E+10     0.216100E+10     0.214575E+10     0.212400E+10     0.198644E+10     0.197500E+10     0.195900E+10     0.226424E+10     0.233000E+10     0.231640E+10     0.229100E+10     0.198200E+10     0.197025E+10     0.195000E+10     0.226650E+10     0.234277E+10     0.233000E+10     0.214351E+10     0.198093E+10     0.193100E+10     0.183800E+10     0.183800E+10     0.183800E+10     0.183800E+10     0.183800E+10     0.183800E+10     0.183800E+10     0.183800E+10     0.183800E+10     0.183800E+10     0.183800E+10     0.183800E+10     0.183800E+10     0.183800E+10     0.183800E+10     0.183800E+10     0.183800E+10     0.183800E+10     0.183800E+10     0.100000E+21
 0.280000E+03     0.174070E+11     0.174070E+11     0.174070E+11     0.174070E+11     0.174070E+11     0.174070E+11     0.174070E+11     0.174070E+11     0.174070E+11     0.174070E+11     0.174070E+11     0.174070E+11     0.174070E+11     0.517300E+10     0.497463E+10     0.593900E+10     0.138678E+11     0.108940E+11     0.107780E+11     0.107023E+11     0.832500E+10     0.798554E+10     0.775282E+10     0.728100E+10     0.807660E+10     0.817610E+10     0.768100E+10     0.747251E+10     0.741400E+10     0.854900E+10     0.697108E+10     0.691500E+10     0.199377E+11     0.189220E+11     0.204420E+11     0.192964E+11     0.180570E+11     0.605956E+10     0.602500E+10     0.595265E+10     0.592400E+10     0.587500E+10     0.605608E+10     0.546700E+10     0.543767E+10     0.557600E+10     0.599800E+10     0.596671E+10     0.533200E+10     0.530311E+10     0.540915E+10     0.529200E+10     0.388071E+10     0.297163E+10     0.324500E+10     0.306271E+10     0.277400E+10     0.275300E+10     0.260080E+10     0.248200E+10     0.279426E+10     0.278200E+10     0.255269E+10     0.259500E+10     0.301700E+10     0.300202E+10     0.297300E+10     0.269127E+10     0.239900E+10     0.238000E+10     0.255271E+10     0.240300E+10     0.229638E+10     0.241844E+10     0.240700E+10     0.254794E+10     0.249931E+10     0.230200E+10     0.220669E+10     0.207400E+10     0.205600E+10     0.203161E+10     0.202100E+10     0.238136E+10     0.236800E+10     0.234900E+10     0.233811E+10     0.216100E+10     0.214856E+10     0.212400E+10     0.198552E+10     0.197500E+10     0.195900E+10     0.221673E+10     0.233000E+10     0.231816E+10     0.229100E+10     0.198200E+10     0.197153E+10     0.195000E+10     0.220550E+10     0.234150E+10     0.233000E+10     0.215461E+10     0.197390E+10     0.193100E+10     0.183800E+10     0.183800E+10     0.183800E+10     0.183800E+10     0.183800E+10     0.183800E+10     0.183800E+10     0.183800E+10     0.183800E+10     0.183800E+10     0.183800E+10     0.183800E+10     0.183800E+10     0.183800E+10     0.183800E+10     0.183800E+10     0.183800E+10     0.183800E+10     0.183800E+10     0.100000E+21
 0.300000E+03     0.174070E+11     0.174070E+11     0.174070E+11     0.174070E+11     0.174070E+11     0.174070E+11     0.174070E+11     0.174070E+11     0.174070E+11     0.174070E+11     0.174070E+11     0.174070E+11     0.174070E+11     0.517300E+10     0.495826E+10     0.593900E+10     0.139827E+11     0.108940E+11     0.107780E+11     0.106971E+11     0.832500E+10     0.796293E+10     0.776406E+10     0.728100E+10     0.811098E+10     0.822132E+10     0.768100E+10     0.747533E+10     0.741400E+10     0.854900E+10     0.697445E+10     0.691500E+10     0.200113E+11     0.189220E+11     0.204420E+11     0.192578E+11     0.180570E+11     0.606241E+10     0.602500E+10     0.595348E+10     0.592400E+10     0.587500E+10     0.606988E+10     0.546700E+10     0.543608E+10     0.557600E+10     0.599800E+10     0.596504E+10     0.533200E+10     0.530063E+10     0.541363E+10     0.529200E+10     0.374122E+10     0.295163E+10     0.324500E+10     0.308101E+10     0.277400E+10     0.275300E+10     0.259416E+10     0.248200E+10     0.273499E+10     0.278200E+10     0.255187E+10     0.259500E+10     0.301700E+10     0.300080E+10     0.297300E+10     0.270402E+10     0.239900E+10     0.238000E+10     0.237860E+10     0.240300E+10     0.228858E+10     0.241877E+10     0.240700E+10     0.255333E+10     0.251624E+10     0.230200E+10     0.221377E+10     0.207400E+10     0.205600E+10     0.203218E+10     0.202100E+10     0.238238E+10     0.236800E+10     0.234900E+10     0.233780E+10     0.216100E+10     0.214753E+10     0.212400E+10     0.198588E+10     0.197500E+10     0.195900E+10     0.223540E+10     0.233000E+10     0.231745E+10     0.229100E+10     0.198200E+10     0.197102E+10     0.195000E+10     0.222883E+10     0.234200E+10     0.233000E+10     0.215043E+10     0.197676E+10     0.193100E+10     0.183800E+10     0.183800E+10     0.183800E+10     0.183800E+10     0.183800E+10     0.183800E+10     0.183800E+10     0.183800E+10     0.183800E+10     0.183800E+10     0.183800E+10     0.183800E+10     0.183800E+10     0.183800E+10     0.183800E+10     0.183800E+10     0.183800E+10     0.183800E+10     0.183800E+10     0.100000E+21
 0.320000E+03     0.174070E+11     0.174070E+11     0.174070E+11     0.174070E+11     0.174070E+11     0.174070E+11     0.174070E+11     0.174070E+11     0.174070E+11     0.174070E+11     0.174070E+11     0.174070E+11     0.174070E+11     0.517300E+10     0.492770E+10     0.593900E+10     0.141662E+11     0.108940E+11     0.107780E+11     0.106889E+11     0.832500E+10     0.792838E+10     0.778283E+10     0.728100E+10     0.816522E+10     0.830094E+10     0.768100E+10     0.747975E+10     0.741400E+10     0.854900E+10     0.697961E+10     0.691500E+10     0.201313E+11     0.189220E+11     0.204420E+11     0.191952E+11     0.180570E+11     0.606783E+10     0.602500E+10     0.595484E+10     0.592400E+10     0.587500E+10     0.609310E+10     0.546700E+10     0.543363E+10     0.557600E+10     0.599800E+10     0.596244E+10     0.533200E+10     0.529649E+10     0.542079E+10     0.529200E+10     0.361599E+10     0.292058E+10     0.324500E+10     0.310969E+10     0.277400E+10     0.275300E+10     0.258369E+10     0.248200E+10     0.270502E+10     0.278200E+10     0.255047E+10     0.259500E+10     0.301700E+10     0.299859E+10     0.297300E+10     0.272413E+10     0.239900E+10     0.238000E+10     0.229683E+10     0.240300E+10     0.227647E+10     0.241931E+10     0.240700E+10     0.256194E+10     0.254453E+10     0.230200E+10     0.225463E+10     0.220964E+10     0.205600E+10     0.203307E+10     0.202100E+10     0.238410E+10     0.236800E+10     0.234900E+10     0.233728E+10     0.216100E+10     0.214558E+10     0.212400E+10     0.198645E+10     0.197500E+10     0.195900E+10     0.226585E+10     0.233000E+10     0.231636E+10     0.229100E+10     0.198200E+10     0.197023E+10     0.195000E+10     0.226992E+10     0.234279E+10     0.233000E+10     0.214345E+10     0.198112E+10     0.193100E+10     0.183800E+10     0.183800E+10     0.183800E+10     0.183800E+10     0.183800E+10     0.183800E+10     0.183800E+10     0.183800E+10     0.183800E+10     0.183800E+10     0.183800E+10     0.183800E+10     0.183800E+10     0.183800E+10     0.183800E+10     0.183800E+10     0.183800E+10     0.183800E+10     0.183800E+10     0.100000E+21
 0.340000E+03     0.174070E+11     0.174070E+11     0.174070E+11     0.174070E+11     0.174070E+11     0.174070E+11     0.174070E+11     0.174070E+11     0.174070E+11     0.174070E+11     0.174070E+11     0.174070E+11     0.174070E+11     0.517300E+10     0.492317E+10     0.593900E+10     0.141226E+11     0.108940E+11     0.107780E+11     0.106890E+11     0.832500E+10     0.792833E+10     0.777688E+10     0.728100E+10     0.815399E+10     0.831694E+10     0.768100E+10     0.747899E+10     0.741400E+10     0.854900E+10     0.697930E+10     0.691500E+10     0.201346E+11     0.189220E+11     0.204420E+11     0.192119E+11     0.180570E+11     0.606869E+10     0.602500E+10     0.595445E+10     0.592400E+10     0.587500E+10     0.609460E+10     0.546700E+10     0.543394E+10     0.557600E+10     0.599800E+10     0.596278E+10     0.533200E+10     0.529583E+10     0.541907E+10     0.529200E+10     0.363758E+10     0.279828E+10     0.278200E+10     0.310820E+10     0.277400E+10     0.275300E+10     0.258583E+10     0.248200E+10     0.270385E+10     0.278200E+10     0.255094E+10     0.259500E+10     0.301700E+10     0.299831E+10     0.297300E+10     0.275976E+10     0.285900E+10     0.238000E+10     0.229720E+10     0.240300E+10     0.227575E+10     0.241915E+10     0.240700E+10     0.255987E+10     0.261839E+10     0.260300E+10     0.228097E+10     0.226900E+10     0.205600E+10     0.203296E+10     0.202100E+10     0.238421E+10     0.236800E+10     0.234900E+10     0.233743E+10     0.231100E+10     0.216421E+10     0.212400E+10     0.198630E+10     0.197500E+10     0.195900E+10     0.226669E+10     0.233000E+10     0.231643E+10     0.229100E+10     0.198200E+10     0.197037E+10     0.195000E+10     0.227817E+10     0.234262E+10     0.233000E+10     0.214566E+10     0.198113E+10     0.193100E+10     0.183800E+10     0.183800E+10     0.183800E+10     0.183800E+10     0.183800E+10     0.183800E+10     0.183800E+10     0.183800E+10     0.183800E+10     0.183800E+10     0.183800E+10     0.183800E+10     0.183800E+10     0.183800E+10     0.183800E+10     0.183800E+10     0.183800E+10     0.183800E+10     0.183800E+10     0.100000E+21
 0.360000E+03     0.174070E+11     0.174070E+11     0.174070E+11     0.174070E+11     0.174070E+11     0.174070E+11     0.174070E+11     0.174070E+11     0.174070E+11     0.174070E+11     0.174070E+11     0.174070E+11     0.174070E+11     0.517300E+10     0.494442E+10     0.593900E+10     0.141377E+11     0.108940E+11     0.107780E+11     0.106919E+11     0.832500E+10     0.794095E+10     0.778108E+10     0.728100E+10     0.815543E+10     0.825437E+10     0.768100E+10     0.747881E+10     0.741400E+10     0.854900E+10     0.688589E+10     0.691500E+10     0.200816E+11     0.189220E+11     0.204420E+11     0.192034E+11     0.180570E+11     0.606481E+10     0.602500E+10     0.595469E+10     0.592400E+10     0.587500E+10     0.608251E+10     0.546700E+10     0.543426E+10     0.557600E+10     0.599800E+10     0.596308E+10     0.533200E+10     0.529871E+10     0.541969E+10     0.529200E+10     0.362401E+10     0.279753E+10     0.278200E+10     0.315852E+10     0.299798E+10     0.275300E+10     0.258561E+10     0.248200E+10     0.270987E+10     0.278200E+10     0.255058E+10     0.259500E+10     0.301700E+10     0.299975E+10     0.297300E+10     0.275963E+10     0.285900E+10     0.238000E+10     0.229915E+10     0.252270E+10     0.237256E+10     0.241925E+10     0.240700E+10     0.256062E+10     0.261717E+10     0.260300E+10     0.228087E+10     0.226900E+10     0.205600E+10     0.203284E+10     0.202100E+10     0.238331E+10     0.236800E+10     0.234900E+10     0.233734E+10     0.231100E+10     0.217724E+10     0.212400E+10     0.198638E+10     0.197500E+10     0.195900E+10     0.225323E+10     0.233000E+10     0.231670E+10     0.229100E+10     0.198200E+10     0.197040E+10     0.195000E+10     0.224588E+10     0.234264E+10     0.233000E+10     0.214410E+10     0.197953E+10     0.193100E+10     0.183800E+10     0.183800E+10     0.183800E+10     0.183800E+10     0.183800E+10     0.183800E+10     0.183800E+10     0.183800E+10     0.183800E+10     0.183800E+10     0.183800E+10     0.183800E+10     0.183800E+10     0.183800E+10     0.183800E+10     0.183800E+10     0.183800E+10     0.183800E+10     0.183800E+10     0.100000E+21
 0.380000E+03     0.174070E+11     0.174070E+11     0.174070E+11     0.174070E+11     0.174070E+11     0.174070E+11     0.174070E+11     0.174070E+11     0.174070E+11     0.174070E+11     0.174070E+11     0.174070E+11     0.174070E+11     0.517300E+10     0.497407E+10     0.593900E+10     0.138723E+11     0.108940E+11     0.107780E+11     0.107021E+11     0.832500E+10     0.798471E+10     0.775328E+10     0.728100E+10     0.807794E+10     0.820048E+10     0.773690E+10     0.747262E+10     0.741400E+10     0.854900E+10     0.681570E+10     0.691500E+10     0.199404E+11     0.189220E+11     0.204420E+11     0.192949E+11     0.180570E+11     0.605966E+10     0.602500E+10     0.595269E+10     0.592400E+10     0.587500E+10     0.605657E+10     0.546700E+10     0.543761E+10     0.557600E+10     0.599800E+10     0.596664E+10     0.533200E+10     0.530302E+10     0.540933E+10     0.529200E+10     0.373190E+10     0.279567E+10     0.278200E+10     0.321386E+10     0.319900E+10     0.275300E+10     0.260054E+10     0.248200E+10     0.271917E+10     0.278200E+10     0.255266E+10     0.259500E+10     0.281936E+10     0.293387E+10     0.297300E+10     0.276850E+10     0.285900E+10     0.238000E+10     0.230830E+10     0.262700E+10     0.247597E+10     0.236278E+10     0.240700E+10     0.254815E+10     0.261533E+10     0.260300E+10     0.227966E+10     0.226900E+10     0.205600E+10     0.203163E+10     0.202100E+10     0.226941E+10     0.236800E+10     0.234900E+10     0.233810E+10     0.231100E+10     0.219455E+10     0.212400E+10     0.198553E+10     0.197500E+10     0.195900E+10     0.221741E+10     0.233000E+10     0.231813E+10     0.229100E+10     0.198200E+10     0.197151E+10     0.195000E+10     0.220629E+10     0.234152E+10     0.233000E+10     0.215444E+10     0.197400E+10     0.193100E+10     0.183800E+10     0.183800E+10     0.183800E+10     0.183800E+10     0.183800E+10     0.183800E+10     0.183800E+10     0.183800E+10     0.183800E+10     0.183800E+10     0.183800E+10     0.183800E+10     0.183800E+10     0.183800E+10     0.183800E+10     0.183800E+10     0.183800E+10     0.183800E+10     0.183800E+10     0.100000E+21
 0.400000E+03     0.174070E+11     0.174070E+11     0.174070E+11     0.174070E+11     0.174070E+11     0.174070E+11     0.174070E+11     0.174070E+11     0.174070E+11     0.174070E+11     0.174070E+11     0.174070E+11     0.174070E+11     0.517300E+10     0.497095E+10     0.593900E+10     0.138966E+11     0.108940E+11     0.107780E+11     0.107010E+11     0.832500E+10     0.798021E+10     0.775569E+10     0.728100E+10     0.808514E+10     0.823315E+10     0.780600E+10     0.747321E+10     0.741400E+10     0.854900E+10     0.681450E+10     0.691500E+10     0.199548E+11     0.189220E+11     0.204420E+11     0.192867E+11     0.180570E+11     0.606020E+10     0.602500E+10     0.595286E+10     0.592400E+10     0.587500E+10     0.605925E+10     0.546700E+10     0.543728E+10     0.557600E+10     0.599800E+10     0.596630E+10     0.533200E+10     0.530255E+10     0.541027E+10     0.529200E+10     0.382040E+10     0.279587E+10     0.278200E+10     0.321405E+10     0.319900E+10     0.275300E+10     0.259915E+10     0.248200E+10     0.271820E+10     0.278200E+10     0.263057E+10     0.259500E+10     0.257400E+10     0.286596E+10     0.297300E+10     0.276767E+10     0.285900E+10     0.238000E+10     0.230739E+10     0.262700E+10     0.247381E+10     0.229521E+10     0.240700E+10     0.254929E+10     0.261553E+10     0.260300E+10     0.239332E+10     0.226900E+10     0.205600E+10     0.203175E+10     0.202100E+10     0.211984E+10     0.236800E+10     0.234900E+10     0.233803E+10     0.231100E+10     0.219273E+10     0.212400E+10     0.198561E+10     0.197500E+10     0.195900E+10     0.222107E+10     0.233000E+10     0.231799E+10     0.229100E+10     0.198200E+10     0.197141E+10     0.195000E+10     0.221065E+10     0.234163E+10     0.233000E+10     0.215354E+10     0.197457E+10     0.193100E+10     0.183800E+10     0.183800E+10     0.183800E+10     0.183800E+10     0.183800E+10     0.183800E+10     0.183800E+10     0.183800E+10     0.183800E+10     0.183800E+10     0.183800E+10     0.183800E+10     0.183800E+10     0.183800E+10     0.183800E+10     0.183800E+10     0.183800E+10     0.183800E+10     0.183800E+10     0.100000E+21
 0.420000E+03     0.174070E+11     0.174070E+11     0.174070E+11     0.174070E+11     0.174070E+11     0.174070E+11     0.174070E+11     0.174070E+11     0.174070E+11     0.174070E+11     0.174070E+11     0.174070E+11     0.174070E+11     0.517300E+10     0.494395E+10     0.593900E+10     0.141388E+11     0.108940E+11     0.107780E+11     0.106918E+11     0.832500E+10     0.794051E+10     0.778115E+10     0.728100E+10     0.791834E+10     0.829206E+10     0.780600E+10     0.747885E+10     0.741400E+10     0.854900E+10     0.680356E+10     0.691500E+10     0.200832E+11     0.189220E+11     0.204420E+11     0.192030E+11     0.180570E+11     0.606489E+10     0.602500E+10     0.595470E+10     0.592400E+10     0.587500E+10     0.608284E+10     0.580985E+10     0.553071E+10     0.557600E+10     0.599800E+10     0.596306E+10     0.533200E+10     0.529864E+10     0.541973E+10     0.529200E+10     0.380190E+10     0.279755E+10     0.278200E+10     0.321577E+10     0.319900E+10     0.275300E+10     0.258553E+10     0.248200E+10     0.270973E+10     0.278200E+10     0.269192E+10     0.259500E+10     0.257400E+10     0.290474E+10     0.297300E+10     0.275959E+10     0.285900E+10     0.238000E+10     0.229907E+10     0.262700E+10     0.245522E+10     0.228818E+10     0.240700E+10     0.247289E+10     0.261720E+10     0.260300E+10     0.248774E+10     0.226900E+10     0.205600E+10     0.203285E+10     0.202100E+10     0.208806E+10     0.236800E+10     0.234900E+10     0.233733E+10     0.231100E+10     0.217696E+10     0.212400E+10     0.198638E+10     0.197500E+10     0.195900E+10     0.225365E+10     0.233000E+10     0.231668E+10     0.229100E+10     0.198200E+10     0.197040E+10     0.195000E+10     0.224660E+10     0.234265E+10     0.233000E+10     0.214408E+10     0.197959E+10     0.193100E+10     0.183800E+10     0.183800E+10     0.183800E+10     0.183800E+10     0.183800E+10     0.183800E+10     0.183800E+10     0.183800E+10     0.183800E+10     0.183800E+10     0.183800E+10     0.183800E+10     0.183800E+10     0.183800E+10     0.183800E+10     0.183800E+10     0.183800E+10     0.183800E+10     0.183800E+10     0.100000E+21
 0.440000E+03     0.174070E+11     0.174070E+11     0.174070E+11     0.174070E+11     0.174070E+11     0.174070E+11     0.174070E+11     0.174070E+11     0.174070E+11     0.174070E+11     0.174070E+11     0.174070E+11     0.174070E+11     0.517300E+10     0.490537E+10     0.593900E+10     0.141513E+11     0.108940E+11     0.107780E+11     0.106869E+11     0.832500E+10     0.791973E+10     0.777940E+10     0.728100E+10     0.771259E+10     0.837503E+10     0.780600E+10     0.747978E+10     0.741400E+10     0.854900E+10     0.679940E+10     0.691500E+10     0.201693E+11     0.189220E+11     0.204420E+11     0.192026E+11     0.180570E+11     0.607243E+10     0.602500E+10     0.595464E+10     0.592400E+10     0.587500E+10     0.610232E+10     0.609500E+10     0.561328E+10     0.557600E+10     0.599800E+10     0.596229E+10     0.533200E+10     0.529424E+10     0.542018E+10     0.529200E+10     0.380516E+10     0.279872E+10     0.278200E+10     0.321650E+10     0.319900E+10     0.275300E+10     0.258408E+10     0.248200E+10     0.269261E+10     0.269261E+10     0.269154E+10     0.259500E+10     0.257400E+10     0.295164E+10     0.297300E+10     0.275873E+10     0.285900E+10     0.238000E+10     0.229556E+10     0.262700E+10     0.244237E+10     0.228844E+10     0.240700E+10     0.239464E+10     0.261907E+10     0.260300E+10     0.249257E+10     0.226900E+10     0.205600E+10     0.203313E+10     0.202100E+10     0.206183E+10     0.236800E+10     0.234900E+10     0.233736E+10     0.231100E+10     0.215165E+10     0.212400E+10     0.198638E+10     0.197500E+10     0.195900E+10     0.227549E+10     0.233000E+10     0.231619E+10     0.229100E+10     0.198200E+10     0.197023E+10     0.195000E+10     0.229724E+10     0.234275E+10     0.233000E+10     0.214473E+10     0.198222E+10     0.193100E+10     0.183800E+10     0.183800E+10     0.183800E+10     0.183800E+10     0.183800E+10     0.183800E+10     0.183800E+10     0.183800E+10     0.183800E+10     0.183800E+10     0.183800E+10     0.183800E+10     0.183800E+10     0.183800E+10     0.183800E+10     0.183800E+10     0.183800E+10     0.183800E+10     0.183800E+10     0.100000E+21
 0.460000E+03     0.174070E+11     0.174070E+11     0.174070E+11     0.174070E+11     0.174070E+11     0.174070E+11     0.174070E+11     0.174070E+11     0.174070E+11     0.174070E+11     0.174070E+11     0.174070E+11     0.174070E+11     0.517300E+10     0.493851E+10     0.593900E+10     0.141504E+11     0.108940E+11     0.107780E+11     0.106907E+11     0.832500E+10     0.793580E+10     0.778190E+10     0.728100E+10     0.771100E+10     0.830537E+10     0.780600E+10     0.747922E+10     0.741400E+10     0.854900E+10     0.680249E+10     0.691500E+10     0.201012E+11     0.189220E+11     0.204420E+11     0.191997E+11     0.180570E+11     0.606586E+10     0.602500E+10     0.595476E+10     0.592400E+10     0.587500E+10     0.608658E+10     0.609500E+10     0.562095E+10     0.557600E+10     0.599800E+10     0.596281E+10     0.533200E+10     0.529786E+10     0.542018E+10     0.529200E+10     0.379890E+10     0.279779E+10     0.278200E+10     0.321595E+10     0.319900E+10     0.275300E+10     0.258477E+10     0.248200E+10     0.268587E+10     0.266900E+10     0.269203E+10     0.259500E+10     0.257400E+10     0.291213E+10     0.297300E+10     0.275913E+10     0.285900E+10     0.238000E+10     0.236526E+10     0.262700E+10     0.245257E+10     0.228795E+10     0.240700E+10     0.239464E+10     0.261753E+10     0.260300E+10     0.248930E+10     0.226900E+10     0.205600E+10     0.203294E+10     0.202100E+10     0.208303E+10     0.236800E+10     0.234900E+10     0.233731E+10     0.231100E+10     0.217370E+10     0.212400E+10     0.198641E+10     0.197500E+10     0.195900E+10     0.225821E+10     0.233000E+10     0.231656E+10     0.229100E+10     0.198200E+10     0.197033E+10     0.195000E+10     0.225473E+10     0.234271E+10     0.233000E+10     0.214380E+10     0.198018E+10     0.193100E+10     0.183800E+10     0.183800E+10     0.183800E+10     0.183800E+10     0.183800E+10     0.183800E+10     0.183800E+10     0.183800E+10     0.183800E+10     0.183800E+10     0.183800E+10     0.183800E+10     0.183800E+10     0.183800E+10     0.183800E+10     0.183800E+10     0.183800E+10     0.183800E+10     0.183800E+10     0.100000E+21
 0.480000E+03     0.174070E+11     0.174070E+11     0.174070E+11     0.174070E+11     0.174070E+11     0.174070E+11     0.174070E+11     0.174070E+11     0.174070E+11     0.174070E+11     0.174070E+11     0.174070E+11     0.174070E+11     0.517300E+10     0.496577E+10     0.593900E+10     0.139342E+11     0.108940E+11     0.107780E+11     0.105060E+11     0.832500E+10     0.797293E+10     0.775939E+10     0.728100E+10     0.768000E+10     0.824520E+10     0.780600E+10     0.747413E+10     0.741400E+10     0.854900E+10     0.681257E+10     0.691500E+10     0.199784E+11     0.189220E+11     0.204420E+11     0.192740E+11     0.180570E+11     0.606110E+10     0.602500E+10     0.595314E+10     0.592400E+10     0.587500E+10     0.606365E+10     0.609500E+10     0.566083E+10     0.557600E+10     0.599800E+10     0.596576E+10     0.533200E+10     0.530177E+10     0.541174E+10     0.529200E+10     0.387701E+10     0.279619E+10     0.278200E+10     0.321435E+10     0.319900E+10     0.275300E+10     0.259698E+10     0.248200E+10     0.268393E+10     0.266900E+10     0.268836E+10     0.259500E+10     0.257400E+10     0.287336E+10     0.297300E+10     0.276638E+10     0.285900E+10     0.238000E+10     0.236665E+10     0.262700E+10     0.247028E+10     0.229417E+10     0.240700E+10     0.239545E+10     0.261586E+10     0.260300E+10     0.251719E+10     0.237162E+10     0.213575E+10     0.203193E+10     0.202100E+10     0.211391E+10     0.236800E+10     0.234900E+10     0.233793E+10     0.231100E+10     0.218970E+10     0.212400E+10     0.198573E+10     0.197500E+10     0.195900E+10     0.222705E+10     0.233000E+10     0.231776E+10     0.229100E+10     0.198200E+10     0.197124E+10     0.195000E+10     0.221801E+10     0.234179E+10     0.233000E+10     0.215217E+10     0.197549E+10     0.193100E+10     0.183800E+10     0.183800E+10     0.183800E+10     0.183800E+10     0.183800E+10     0.183800E+10     0.183800E+10     0.183800E+10     0.183800E+10     0.183800E+10     0.183800E+10     0.183800E+10     0.183800E+10     0.183800E+10     0.183800E+10     0.183800E+10     0.183800E+10     0.183800E+10     0.183800E+10     0.100000E+21
 0.500000E+03     0.174070E+11     0.174070E+11     0.174070E+11     0.174070E+11     0.174070E+11     0.174070E+11     0.174070E+11     0.174070E+11     0.174070E+11     0.174070E+11     0.174070E+11     0.174070E+11     0.174070E+11     0.517300E+10     0.497527E+10     0.540387E+10     0.138626E+11     0.108940E+11     0.107780E+11     0.101406E+11     0.832500E+10     0.798647E+10     0.775230E+10     0.728100E+10     0.766957E+10     0.822324E+10     0.780600E+10     0.747239E+10     0.741400E+10     0.854900E+10     0.681618E+10     0.691500E+10     0.199347E+11     0.189220E+11     0.204420E+11     0.192982E+11     0.180570E+11     0.605945E+10     0.602500E+10     0.595261E+10     0.592400E+10     0.587500E+10     0.605552E+10     0.609500E+10     0.567472E+10     0.557600E+10     0.599800E+10     0.596678E+10     0.533200E+10     0.530321E+10     0.540895E+10     0.529200E+10     0.390198E+10     0.279560E+10     0.278200E+10     0.321378E+10     0.319900E+10     0.275300E+10     0.267136E+10     0.248200E+10     0.268325E+10     0.266900E+10     0.268722E+10     0.259500E+10     0.257400E+10     0.285977E+10     0.297300E+10     0.276883E+10     0.285900E+10     0.261232E+10     0.244937E+10     0.243577E+10     0.240436E+10     0.229616E+10     0.240700E+10     0.239572E+10     0.261525E+10     0.260300E+10     0.257449E+10     0.256200E+10     0.225200E+10     0.203158E+10     0.202100E+10     0.212486E+10     0.236800E+10     0.234900E+10     0.233813E+10     0.231100E+10     0.219525E+10     0.212400E+10     0.201890E+10     0.197500E+10     0.195900E+10     0.221597E+10     0.233000E+10     0.231819E+10     0.229100E+10     0.198200E+10     0.197155E+10     0.195000E+10     0.220461E+10     0.234148E+10     0.233000E+10     0.215480E+10     0.197378E+10     0.193100E+10     0.183800E+10     0.183800E+10     0.183800E+10     0.183800E+10     0.183800E+10     0.183800E+10     0.183800E+10     0.183800E+10     0.183800E+10     0.183800E+10     0.183800E+10     0.183800E+10     0.183800E+10     0.183800E+10     0.183800E+10     0.183800E+10     0.183800E+10     0.183800E+10     0.183800E+10     0.100000E+21
 0.520000E+03     0.174070E+11     0.174070E+11     0.174070E+11     0.174070E+11     0.174070E+11     0.174070E+11     0.174070E+11     0.174070E+11     0.174070E+11     0.174070E+11     0.174070E+11     0.174070E+11     0.174070E+11     0.517300E+10     0.493997E+10     0.488400E+10     0.141475E+11     0.108940E+11     0.107780E+11     0.100437E+11     0.832500E+10     0.793700E+10     0.778172E+10     0.728100E+10     0.771052E+10     0.830185E+10     0.780600E+10     0.747912E+10     0.741400E+10     0.854900E+10     0.680276E+10     0.691500E+10     0.200965E+11     0.189220E+11     0.204420E+11     0.192005E+11     0.180570E+11     0.606560E+10     0.602500E+10     0.595475E+10     0.592400E+10     0.587500E+10     0.608560E+10     0.609500E+10     0.562181E+10     0.557600E+10     0.599800E+10     0.596287E+10     0.533200E+10     0.529807E+10     0.542007E+10     0.529200E+10     0.379963E+10     0.279773E+10     0.278200E+10     0.321590E+10     0.319900E+10     0.275300E+10     0.273827E+10     0.248200E+10     0.268577E+10     0.266900E+10     0.265101E+10     0.249800E+10     0.257400E+10     0.291017E+10     0.297300E+10     0.275925E+10     0.285900E+10     0.283800E+10     0.248668E+10     0.225000E+10     0.234582E+10     0.228800E+10     0.240700E+10     0.239465E+10     0.261744E+10     0.260300E+10     0.257605E+10     0.256200E+10     0.254200E+10     0.203292E+10     0.202100E+10     0.208434E+10     0.236800E+10     0.234900E+10     0.233732E+10     0.231100E+10     0.217458E+10     0.212400E+10     0.205798E+10     0.197500E+10     0.195900E+10     0.225703E+10     0.233000E+10     0.231659E+10     0.212200E+10     0.198200E+10     0.197035E+10     0.195000E+10     0.225258E+10     0.234269E+10     0.233000E+10     0.214387E+10     0.198003E+10     0.193100E+10     0.183800E+10     0.183800E+10     0.183800E+10     0.183800E+10     0.183800E+10     0.183800E+10     0.183800E+10     0.183800E+10     0.183800E+10     0.183800E+10     0.183800E+10     0.183800E+10     0.183800E+10     0.183800E+10     0.183800E+10     0.183800E+10     0.183800E+10     0.183800E+10     0.183800E+10     0.100000E+21
 0.540000E+03     0.174070E+11     0.174070E+11     0.174070E+11     0.174070E+11     0.174070E+11     0.174070E+11     0.174070E+11     0.174070E+11     0.174070E+11     0.174070E+11     0.174070E+11     0.174070E+11     0.174070E+11     0.517300E+10     0.493907E+10     0.488400E+10     0.140755E+11     0.108940E+11     0.107780E+11     0.100527E+11     0.832500E+10     0.794120E+10     0.777267E+10     0.728100E+10     0.770103E+10     0.830846E+10     0.780600E+10     0.747773E+10     0.741400E+10     0.854900E+10     0.680450E+10     0.691500E+10     0.200863E+11     0.189220E+11     0.204420E+11     0.192272E+11     0.180570E+11     0.606579E+10     0.602500E+10     0.595413E+10     0.592400E+10     0.587500E+10     0.608456E+10     0.609500E+10     0.563102E+10     0.557600E+10     0.599800E+10     0.596358E+10     0.578043E+10     0.539353E+10     0.545041E+10     0.541128E+10     0.386647E+10     0.279764E+10     0.278200E+10     0.321564E+10     0.319900E+10     0.275300E+10     0.273860E+10     0.248200E+10     0.253252E+10     0.266900E+10     0.264860E+10     0.249800E+10     0.257400E+10     0.291073E+10     0.297300E+10     0.287798E+10     0.285900E+10     0.283800E+10     0.249209E+10     0.225000E+10     0.247207E+10     0.229039E+10     0.240700E+10     0.239492E+10     0.246503E+10     0.260300E+10     0.257577E+10     0.256200E+10     0.254200E+10     0.203269E+10     0.202100E+10     0.208576E+10     0.236800E+10     0.234900E+10     0.233755E+10     0.231100E+10     0.217394E+10     0.212400E+10     0.205619E+10     0.197500E+10     0.195900E+10     0.225444E+10     0.233000E+10     0.231680E+10     0.212200E+10     0.198200E+10     0.197060E+10     0.195000E+10     0.225661E+10     0.234241E+10     0.233000E+10     0.214723E+10     0.197950E+10     0.193100E+10     0.183800E+10     0.183800E+10     0.183800E+10     0.183800E+10     0.183800E+10     0.183800E+10     0.183800E+10     0.183800E+10     0.183800E+10     0.183800E+10     0.183800E+10     0.183800E+10     0.183800E+10     0.183800E+10     0.183800E+10     0.183800E+10     0.183800E+10     0.183800E+10     0.183800E+10     0.100000E+21
 0.560000E+03     0.174070E+11     0.174070E+11     0.174070E+11     0.174070E+11     0.174070E+11     0.174070E+11     0.174070E+11     0.174070E+11     0.174070E+11     0.174070E+11     0.174070E+11     0.174070E+11     0.174070E+11     0.517300E+10     0.491166E+10     0.593900E+10     0.141764E+11     0.108940E+11     0.107780E+11     0.100116E+11     0.832500E+10     0.792167E+10     0.778319E+10     0.728100E+10     0.771557E+10     0.836067E+10     0.780600E+10     0.748015E+10     0.741400E+10     0.854900E+10     0.679947E+10     0.691500E+10     0.201613E+11     0.189220E+11     0.204420E+11     0.191926E+11     0.180570E+11     0.607101E+10     0.602500E+10     0.595489E+10     0.592400E+10     0.587500E+10     0.610012E+10     0.609500E+10     0.561167E+10     0.557600E+10     0.599800E+10     0.596215E+10     0.589800E+10     0.541504E+10     0.547282E+10     0.544200E+10     0.385074E+10     0.260738E+10     0.278200E+10     0.321649E+10     0.319900E+10     0.275300E+10     0.273809E+10     0.248200E+10     0.248661E+10     0.266900E+10     0.265131E+10     0.249800E+10     0.257400E+10     0.294494E+10     0.297300E+10     0.286684E+10     0.269000E+10     0.283800E+10     0.247460E+10     0.225000E+10     0.251870E+10     0.228749E+10     0.240700E+10     0.239454E+10     0.241785E+10     0.260300E+10     0.257634E+10     0.256200E+10     0.254200E+10     0.203317E+10     0.202100E+10     0.206479E+10     0.236800E+10     0.234900E+10     0.233726E+10     0.231100E+10     0.215641E+10     0.212400E+10     0.205851E+10     0.197500E+10     0.195900E+10     0.227347E+10     0.233000E+10     0.231619E+10     0.212200E+10     0.198200E+10     0.197016E+10     0.195000E+10     0.228847E+10     0.234284E+10     0.233000E+10     0.214332E+10     0.198197E+10     0.193100E+10     0.183800E+10     0.183800E+10     0.183800E+10     0.183800E+10     0.183800E+10     0.183800E+10     0.183800E+10     0.183800E+10     0.183800E+10     0.183800E+10     0.183800E+10     0.183800E+10     0.183800E+10     0.183800E+10     0.183800E+10     0.183800E+10     0.183800E+10     0.183800E+10     0.183800E+10     0.100000E+21
 0.580000E+03     0.174070E+11     0.174070E+11     0.174070E+11     0.174070E+11     0.174070E+11     0.174070E+11     0.174070E+11     0.174070E+11     0.174070E+11     0.174070E+11     0.174070E+11     0.174070E+11     0.174070E+11     0.517300E+10     0.494784E+10     0.593900E+10     0.140428E+11     0.108940E+11     0.107780E+11     0.100703E+11     0.832500E+10     0.795035E+10     0.776987E+10     0.728100E+10     0.769601E+10     0.828682E+10     0.780600E+10     0.747684E+10     0.741400E+10     0.854900E+10     0.680671E+10     0.691500E+10     0.200544E+11     0.189220E+11     0.204420E+11     0.192377E+11     0.180570E+11     0.606424E+10     0.602500E+10     0.595391E+10     0.592400E+10     0.587500E+10     0.607817E+10     0.609500E+10     0.563872E+10     0.557600E+10     0.599800E+10     0.596413E+10     0.589800E+10     0.546930E+10     0.547158E+10     0.544200E+10     0.390031E+10     0.262167E+10     0.278200E+10     0.321529E+10     0.319900E+10     0.275300E+10     0.273877E+10     0.248200E+10     0.250937E+10     0.266900E+10     0.264792E+10     0.249800E+10     0.257400E+10     0.289867E+10     0.297300E+10     0.285881E+10     0.269000E+10     0.283800E+10     0.249950E+10     0.225000E+10     0.249672E+10     0.229121E+10     0.240700E+10     0.239504E+10     0.243865E+10     0.260300E+10     0.257555E+10     0.256200E+10     0.254200E+10     0.203249E+10     0.202100E+10     0.209436E+10     0.236800E+10     0.234900E+10     0.233763E+10     0.231100E+10     0.217915E+10     0.212400E+10     0.205549E+10     0.197500E+10     0.195900E+10     0.224635E+10     0.233000E+10     0.231706E+10     0.212200E+10     0.198200E+10     0.197076E+10     0.195000E+10     0.224341E+10     0.234226E+10     0.233000E+10     0.214827E+10     0.197835E+10     0.193100E+10     0.183800E+10     0.183800E+10     0.183800E+10     0.183800E+10     0.183800E+10     0.183800E+10     0.183800E+10     0.183800E+10     0.183800E+10     0.183800E+10     0.183800E+10     0.183800E+10     0.183800E+10     0.183800E+10     0.183800E+10     0.183800E+10     0.183800E+10     0.183800E+10     0.183800E+10     0.100000E+21
 0.600000E+03     0.174070E+11     0.174070E+11     0.174070E+11     0.174070E+11     0.174070E+11     0.174070E+11     0.174070E+11     0.174070E+11     0.174070E+11     0.174070E+11     0.174070E+11     0.174070E+11     0.174070E+11     0.517300E+10     0.497211E+10     0.593900E+10     0.138877E+11     0.108940E+11     0.107780E+11     0.101318E+11     0.832500E+10     0.798188E+10     0.775481E+10     0.728100E+10     0.767320E+10     0.823047E+10     0.780600E+10     0.747299E+10     0.741400E+10     0.854900E+10     0.681494E+10     0.691500E+10     0.199495E+11     0.189220E+11     0.204420E+11     0.192897E+11     0.180570E+11     0.606000E+10     0.602500E+10     0.595280E+10     0.592400E+10     0.587500E+10     0.605825E+10     0.609500E+10     0.566994E+10     0.557600E+10     0.580425E+10     0.588547E+10     0.589800E+10     0.551624E+10     0.547013E+10     0.544200E+10     0.395694E+10     0.270870E+10     0.278200E+10     0.321398E+10     0.319900E+10     0.317600E+10     0.290415E+10     0.248200E+10     0.252627E+10     0.266900E+10     0.264411E+10     0.249800E+10     0.257400E+10     0.286429E+10     0.297300E+10     0.284944E+10     0.269000E+10     0.283800E+10     0.252676E+10     0.225000E+10     0.247387E+10     0.224201E+10     0.219400E+10     0.231013E+10     0.245665E+10     0.260300E+10     0.257463E+10     0.256200E+10     0.232611E+10     0.203171E+10     0.202100E+10     0.199750E+10     0.198600E+10     0.234900E+10     0.233806E+10     0.231100E+10     0.219341E+10     0.212400E+10     0.205202E+10     0.197500E+10     0.195900E+10     0.221971E+10     0.233000E+10     0.231804E+10     0.212200E+10     0.198200E+10     0.197144E+10     0.195000E+10     0.220902E+10     0.234159E+10     0.233000E+10     0.215387E+10     0.197436E+10     0.193100E+10     0.183800E+10     0.183800E+10     0.183800E+10     0.183800E+10     0.183800E+10     0.183800E+10     0.183800E+10     0.183800E+10     0.183800E+10     0.183800E+10     0.183800E+10     0.183800E+10     0.183800E+10     0.183800E+10     0.183800E+10     0.183800E+10     0.183800E+10     0.183800E+10     0.183800E+10     0.100000E+21
 0.620000E+03     0.174070E+11     0.174070E+11     0.174070E+11     0.174070E+11     0.174070E+11     0.174070E+11     0.174070E+11     0.174070E+11     0.174070E+11     0.174070E+11     0.174070E+11     0.174070E+11     0.174070E+11     0.517300E+10     0.491503E+10     0.593900E+10     0.141754E+11     0.108940E+11     0.107780E+11     0.100138E+11     0.832500E+10     0.792270E+10     0.778320E+10     0.728100E+10     0.771535E+10     0.835516E+10     0.780600E+10     0.748010E+10     0.741400E+10     0.731900E+10     0.679967E+10     0.691500E+10     0.201565E+11     0.189220E+11     0.204420E+11     0.191928E+11     0.180570E+11     0.607029E+10     0.602500E+10     0.595488E+10     0.592400E+10     0.587500E+10     0.609894E+10     0.609500E+10     0.561225E+10     0.557600E+10     0.552800E+10     0.582884E+10     0.589800E+10     0.541844E+10     0.547281E+10     0.544200E+10     0.385081E+10     0.282400E+10     0.278200E+10     0.321645E+10     0.319900E+10     0.317600E+10     0.287465E+10     0.271000E+10     0.248837E+10     0.266900E+10     0.265132E+10     0.249800E+10     0.257400E+10     0.294136E+10     0.297300E+10     0.286675E+10     0.269000E+10     0.283800E+10     0.247538E+10     0.225000E+10     0.251774E+10     0.229872E+10     0.219400E+10     0.232117E+10     0.241915E+10     0.260300E+10     0.257633E+10     0.256200E+10     0.205600E+10     0.203316E+10     0.202100E+10     0.200005E+10     0.198600E+10     0.234900E+10     0.233726E+10     0.231100E+10     0.215884E+10     0.212400E+10     0.205849E+10     0.197500E+10     0.195900E+10     0.227224E+10     0.233000E+10     0.231622E+10     0.212200E+10     0.198200E+10     0.197017E+10     0.195000E+10     0.228511E+10     0.234283E+10     0.233000E+10     0.214331E+10     0.198184E+10     0.193100E+10     0.183800E+10     0.183800E+10     0.183800E+10     0.183800E+10     0.183800E+10     0.183800E+10     0.183800E+10     0.183800E+10     0.183800E+10     0.183800E+10     0.183800E+10     0.183800E+10     0.183800E+10     0.183800E+10     0.183800E+10     0.183800E+10     0.183800E+10     0.183800E+10     0.183800E+10     0.100000E+21
 0.640000E+03     0.174070E+11     0.174070E+11     0.174070E+11     0.174070E+11     0.174070E+11     0.174070E+11     0.174070E+11     0.174070E+11     0.174070E+11     0.174070E+11     0.174070E+11     0.174070E+11     0.174070E+11     0.517300E+10     0.496083E+10     0.593900E+10     0.139669E+11     0.108940E+11     0.107780E+11     0.101017E+11     0.832500E+10     0.796627E+10     0.776255E+10     0.728100E+10     0.768481E+10     0.825685E+10     0.780600E+10     0.747494E+10     0.741400E+10     0.731900E+10     0.681083E+10     0.691500E+10     0.200002E+11     0.189220E+11     0.204420E+11     0.192630E+11     0.180570E+11     0.606196E+10     0.602500E+10     0.595337E+10     0.592400E+10     0.587500E+10     0.606777E+10     0.609500E+10     0.565424E+10     0.557600E+10     0.552800E+10     0.580291E+10     0.551144E+10     0.538132E+10     0.547087E+10     0.544200E+10     0.392786E+10     0.281887E+10     0.278200E+10     0.321462E+10     0.319900E+10     0.317600E+10     0.289603E+10     0.271000E+10     0.251836E+10     0.266900E+10     0.264607E+10     0.249800E+10     0.257400E+10     0.288038E+10     0.297300E+10     0.285421E+10     0.269000E+10     0.283800E+10     0.251329E+10     0.225000E+10     0.236707E+10     0.229365E+10     0.219400E+10     0.231317E+10     0.244810E+10     0.260300E+10     0.257509E+10     0.256200E+10     0.205600E+10     0.203210E+10     0.202100E+10     0.199809E+10     0.198600E+10     0.234900E+10     0.233784E+10     0.231100E+10     0.218681E+10     0.212400E+10     0.205380E+10     0.197500E+10     0.195900E+10     0.223259E+10     0.233000E+10     0.223922E+10     0.212200E+10     0.198200E+10     0.197110E+10     0.195000E+10     0.222512E+10     0.234193E+10     0.233000E+10     0.215099E+10     0.197633E+10     0.193100E+10     0.183800E+10     0.183800E+10     0.183800E+10     0.183800E+10     0.183800E+10     0.183800E+10     0.183800E+10     0.183800E+10     0.183800E+10     0.183800E+10     0.183800E+10     0.183800E+10     0.183800E+10     0.183800E+10     0.183800E+10     0.183800E+10     0.183800E+10     0.183800E+10     0.183800E+10     0.100000E+21
 0.660000E+03     0.174070E+11     0.174070E+11     0.174070E+11     0.174070E+11     0.174070E+11     0.174070E+11     0.174070E+11     0.174070E+11     0.174070E+11     0.174070E+11     0.174070E+11     0.174070E+11     0.174070E+11     0.517300E+10     0.491855E+10     0.593900E+10     0.141451E+11     0.108940E+11     0.107780E+11     0.100207E+11     0.832500E+10     0.792607E+10     0.777962E+10     0.728100E+10     0.771123E+10     0.834970E+10     0.780600E+10     0.747946E+10     0.741400E+10     0.731900E+10     0.680070E+10     0.691500E+10     0.201454E+11     0.189220E+11     0.204420E+11     0.192037E+11     0.180570E+11     0.606959E+10     0.602500E+10     0.595463E+10     0.592400E+10     0.587500E+10     0.609686E+10     0.609500E+10     0.561681E+10     0.557600E+10     0.552800E+10     0.582596E+10     0.533200E+10     0.529554E+10     0.547253E+10     0.544200E+10     0.386358E+10     0.282366E+10     0.278200E+10     0.321629E+10     0.319900E+10     0.317600E+10     0.287751E+10     0.271000E+10     0.249046E+10     0.266900E+10     0.265038E+10     0.249800E+10     0.257400E+10     0.293712E+10     0.297300E+10     0.286507E+10     0.269000E+10     0.283800E+10     0.247872E+10     0.225000E+10     0.232663E+10     0.229788E+10     0.219400E+10     0.232000E+10     0.242071E+10     0.260300E+10     0.257619E+10     0.256200E+10     0.205600E+10     0.203304E+10     0.202100E+10     0.199992E+10     0.198600E+10     0.234900E+10     0.233736E+10     0.231100E+10     0.216117E+10     0.212400E+10     0.205776E+10     0.197500E+10     0.195900E+10     0.226942E+10     0.233000E+10     0.219198E+10     0.212200E+10     0.198200E+10     0.197029E+10     0.195000E+10     0.228178E+10     0.234271E+10     0.233000E+10     0.214465E+10     0.198141E+10     0.193100E+10     0.183800E+10     0.183800E+10     0.183800E+10     0.183800E+10     0.183800E+10     0.183800E+10     0.183800E+10     0.183800E+10     0.183800E+10     0.183800E+10     0.183800E+10     0.183800E+10     0.183800E+10     0.183800E+10     0.183800E+10     0.183800E+10     0.183800E+10     0.183800E+10     0.183800E+10     0.100000E+21
 0.680000E+03     0.174070E+11     0.174070E+11     0.174070E+11     0.174070E+11     0.174070E+11     0.174070E+11     0.174070E+11     0.174070E+11     0.174070E+11     0.174070E+11     0.174070E+11     0.174070E+11     0.174070E+11     0.517300E+10     0.491855E+10     0.537718E+10     0.141451E+11     0.108940E+11     0.107780E+11     0.100207E+11     0.832500E+10     0.792607E+10     0.777962E+10     0.728100E+10     0.771123E+10     0.834970E+10     0.780600E+10     0.747946E+10     0.741400E+10     0.731900E+10     0.680070E+10     0.691500E+10     0.201454E+11     0.189220E+11     0.204420E+11     0.192037E+11     0.180570E+11     0.606959E+10     0.602500E+10     0.595463E+10     0.592400E+10     0.587500E+10     0.609686E+10     0.609500E+10     0.561681E+10     0.557600E+10     0.552800E+10     0.582596E+10     0.533200E+10     0.529554E+10     0.547253E+10     0.544200E+10     0.386358E+10     0.282366E+10     0.278200E+10     0.321629E+10     0.319900E+10     0.317600E+10     0.287751E+10     0.271000E+10     0.249046E+10     0.266900E+10     0.265038E+10     0.249800E+10     0.257400E+10     0.293712E+10     0.297300E+10     0.286507E+10     0.269000E+10     0.283800E+10     0.247872E+10     0.225000E+10     0.232663E+10     0.229788E+10     0.219400E+10     0.232000E+10     0.238782E+10     0.239150E+10     0.257619E+10     0.256200E+10     0.205600E+10     0.203304E+10     0.202100E+10     0.203772E+10     0.225739E+10     0.234900E+10     0.233736E+10     0.231100E+10     0.216117E+10     0.212400E+10     0.205776E+10     0.197500E+10     0.195900E+10     0.226942E+10     0.233000E+10     0.219198E+10     0.212200E+10     0.198200E+10     0.197029E+10     0.195000E+10     0.228178E+10     0.234271E+10     0.233000E+10     0.214465E+10     0.198141E+10     0.193100E+10     0.183800E+10     0.183800E+10     0.183800E+10     0.183800E+10     0.183800E+10     0.183800E+10     0.183800E+10     0.183800E+10     0.183800E+10     0.183800E+10     0.183800E+10     0.183800E+10     0.183800E+10     0.183800E+10     0.183800E+10     0.183800E+10     0.183800E+10     0.183800E+10     0.183800E+10     0.100000E+21
 0.700000E+03     0.174070E+11     0.174070E+11     0.174070E+11     0.174070E+11     0.174070E+11     0.174070E+11     0.174070E+11     0.174070E+11     0.174070E+11     0.174070E+11     0.174070E+11     0.174070E+11     0.174070E+11     0.517300E+10     0.496083E+10     0.517300E+10     0.139669E+11     0.108940E+11     0.107780E+11     0.101017E+11     0.832500E+10     0.796627E+10     0.776255E+10     0.728100E+10     0.768481E+10     0.825685E+10     0.780600E+10     0.747494E+10     0.741400E+10     0.731900E+10     0.681083E+10     0.691500E+10     0.200002E+11     0.189220E+11     0.204420E+11     0.192630E+11     0.180570E+11     0.606196E+10     0.602500E+10     0.595337E+10     0.592400E+10     0.587500E+10     0.606777E+10     0.609500E+10     0.565424E+10     0.557600E+10     0.552800E+10     0.580291E+10     0.533200E+10     0.530102E+10     0.547087E+10     0.544200E+10     0.442330E+10     0.281887E+10     0.278200E+10     0.321462E+10     0.319900E+10     0.317600E+10     0.289603E+10     0.271000E+10     0.251836E+10     0.266900E+10     0.264607E+10     0.249800E+10     0.257400E+10     0.288038E+10     0.297300E+10     0.285421E+10     0.269000E+10     0.283800E+10     0.251329E+10     0.227860E+10     0.233098E+10     0.229365E+10     0.219400E+10     0.231317E+10     0.236152E+10     0.234900E+10     0.257509E+10     0.256200E+10     0.205600E+10     0.203210E+10     0.202100E+10     0.210837E+10     0.236800E+10     0.234900E+10     0.233784E+10     0.231100E+10     0.218681E+10     0.212400E+10     0.205380E+10     0.197500E+10     0.195900E+10     0.223259E+10     0.233000E+10     0.220421E+10     0.212200E+10     0.198200E+10     0.197110E+10     0.195000E+10     0.222512E+10     0.234193E+10     0.233000E+10     0.215099E+10     0.197633E+10     0.193100E+10     0.183800E+10     0.183800E+10     0.183800E+10     0.183800E+10     0.183800E+10     0.183800E+10     0.183800E+10     0.183800E+10     0.183800E+10     0.183800E+10     0.183800E+10     0.183800E+10     0.183800E+10     0.183800E+10     0.183800E+10     0.183800E+10     0.183800E+10     0.183800E+10     0.183800E+10     0.100000E+21
 0.720000E+03     0.174070E+11     0.174070E+11     0.174070E+11     0.174070E+11     0.174070E+11     0.174070E+11     0.174070E+11     0.174070E+11     0.174070E+11     0.174070E+11     0.174070E+11     0.174070E+11     0.174070E+11     0.517300E+10     0.491503E+10     0.517300E+10     0.141754E+11     0.108940E+11     0.107780E+11     0.100138E+11     0.832500E+10     0.792270E+10     0.778320E+10     0.728100E+10     0.771535E+10     0.835516E+10     0.780600E+10     0.748010E+10     0.741400E+10     0.731900E+10     0.679967E+10     0.691500E+10     0.201565E+11     0.189220E+11     0.204420E+11     0.191928E+11     0.180570E+11     0.607029E+10     0.602500E+10     0.595488E+10     0.592400E+10     0.587500E+10     0.609894E+10     0.609500E+10     0.561225E+10     0.557600E+10     0.552800E+10     0.582884E+10     0.533200E+10     0.529523E+10     0.547281E+10     0.544200E+10     0.532064E+10     0.282400E+10     0.278200E+10     0.321645E+10     0.319900E+10     0.317600E+10     0.287465E+10     0.271000E+10     0.248837E+10     0.266900E+10     0.265132E+10     0.249800E+10     0.257400E+10     0.294136E+10     0.297300E+10     0.290863E+10     0.282780E+10     0.283800E+10     0.247538E+10     0.234100E+10     0.228174E+10     0.238391E+10     0.219400E+10     0.232117E+10     0.236386E+10     0.234900E+10     0.257633E+10     0.256200E+10     0.205600E+10     0.203316E+10     0.202100E+10     0.206638E+10     0.236800E+10     0.234900E+10     0.233726E+10     0.231100E+10     0.215884E+10     0.212400E+10     0.205849E+10     0.197500E+10     0.195900E+10     0.227224E+10     0.233000E+10     0.219074E+10     0.212200E+10     0.198200E+10     0.197017E+10     0.195000E+10     0.228511E+10     0.234283E+10     0.233000E+10     0.214331E+10     0.198184E+10     0.193100E+10     0.183800E+10     0.183800E+10     0.183800E+10     0.183800E+10     0.183800E+10     0.183800E+10     0.183800E+10     0.183800E+10     0.183800E+10     0.183800E+10     0.183800E+10     0.183800E+10     0.183800E+10     0.183800E+10     0.183800E+10     0.183800E+10     0.183800E+10     0.183800E+10     0.183800E+10     0.100000E+21
 0.740000E+03     0.174070E+11     0.174070E+11     0.174070E+11     0.174070E+11     0.174070E+11     0.174070E+11     0.174070E+11     0.174070E+11     0.174070E+11     0.174070E+11     0.174070E+11     0.174070E+11     0.174070E+11     0.517300E+10     0.497211E+10     0.517300E+10     0.138877E+11     0.108940E+11     0.107780E+11     0.101318E+11     0.832500E+10     0.798188E+10     0.775481E+10     0.728100E+10     0.767320E+10     0.823047E+10     0.780600E+10     0.747299E+10     0.741400E+10     0.731900E+10     0.681494E+10     0.691500E+10     0.199495E+11     0.189220E+11     0.204420E+11     0.192897E+11     0.180570E+11     0.606000E+10     0.602500E+10     0.595280E+10     0.592400E+10     0.587500E+10     0.605825E+10     0.609500E+10     0.566994E+10     0.557600E+10     0.552800E+10     0.579323E+10     0.533200E+10     0.530273E+10     0.547013E+10     0.544200E+10     0.532874E+10     0.281712E+10     0.278200E+10     0.303478E+10     0.319900E+10     0.317600E+10     0.290415E+10     0.271000E+10     0.252627E+10     0.266900E+10     0.264411E+10     0.249800E+10     0.257400E+10     0.286429E+10     0.297300E+10     0.294244E+10     0.292900E+10     0.283800E+10     0.252676E+10     0.234100E+10     0.227202E+10     0.241995E+10     0.219400E+10     0.223656E+10     0.236083E+10     0.234900E+10     0.257463E+10     0.256200E+10     0.205600E+10     0.203171E+10     0.202100E+10     0.212119E+10     0.236800E+10     0.234900E+10     0.233806E+10     0.231100E+10     0.219341E+10     0.212400E+10     0.205202E+10     0.197500E+10     0.195900E+10     0.221971E+10     0.233000E+10     0.220918E+10     0.212200E+10     0.198200E+10     0.197144E+10     0.195000E+10     0.220902E+10     0.234159E+10     0.233000E+10     0.215387E+10     0.197436E+10     0.193100E+10     0.183800E+10     0.183800E+10     0.183800E+10     0.183800E+10     0.183800E+10     0.183800E+10     0.183800E+10     0.183800E+10     0.183800E+10     0.183800E+10     0.183800E+10     0.183800E+10     0.183800E+10     0.183800E+10     0.183800E+10     0.183800E+10     0.183800E+10     0.183800E+10     0.183800E+10     0.100000E+21
 0.760000E+03     0.174070E+11     0.174070E+11     0.174070E+11     0.174070E+11     0.174070E+11     0.174070E+11     0.174070E+11     0.174070E+11     0.174070E+11     0.174070E+11     0.174070E+11     0.174070E+11     0.174070E+11     0.517300E+10     0.494784E+10     0.517300E+10     0.140428E+11     0.108940E+11     0.107780E+11     0.100703E+11     0.832500E+10     0.795035E+10     0.776987E+10     0.728100E+10     0.769601E+10     0.828682E+10     0.780600E+10     0.747684E+10     0.741400E+10     0.731900E+10     0.680671E+10     0.691500E+10     0.200544E+11     0.189220E+11     0.204420E+11     0.192377E+11     0.180570E+11     0.606424E+10     0.602500E+10     0.595391E+10     0.592400E+10     0.587500E+10     0.607817E+10     0.609500E+10     0.563872E+10     0.537300E+10     0.552800E+10     0.581247E+10     0.533200E+10     0.529913E+10     0.547158E+10     0.544200E+10     0.532442E+10     0.282070E+10     0.278200E+10     0.288883E+10     0.319900E+10     0.317600E+10     0.288818E+10     0.271000E+10     0.250937E+10     0.266900E+10     0.264792E+10     0.249800E+10     0.257400E+10     0.255858E+10     0.297300E+10     0.294323E+10     0.292900E+10     0.283800E+10     0.249950E+10     0.234100E+10     0.226498E+10     0.242857E+10     0.219400E+10     0.218267E+10     0.236229E+10     0.234900E+10     0.257555E+10     0.256200E+10     0.205600E+10     0.203249E+10     0.202100E+10     0.209436E+10     0.236800E+10     0.234900E+10     0.233763E+10     0.231100E+10     0.229530E+10     0.212400E+10     0.205549E+10     0.197500E+10     0.195900E+10     0.224635E+10     0.215400E+10     0.214310E+10     0.212200E+10     0.198200E+10     0.197076E+10     0.195000E+10     0.224341E+10     0.234226E+10     0.233000E+10     0.214827E+10     0.197835E+10     0.193100E+10     0.183800E+10     0.183800E+10     0.183800E+10     0.183800E+10     0.183800E+10     0.183800E+10     0.183800E+10     0.183800E+10     0.183800E+10     0.183800E+10     0.183800E+10     0.183800E+10     0.183800E+10     0.183800E+10     0.183800E+10     0.183800E+10     0.183800E+10     0.183800E+10     0.183800E+10     0.100000E+21
 0.780000E+03     0.174070E+11     0.174070E+11     0.174070E+11     0.174070E+11     0.174070E+11     0.174070E+11     0.174070E+11     0.174070E+11     0.174070E+11     0.174070E+11     0.174070E+11     0.174070E+11     0.174070E+11     0.517300E+10     0.491166E+10     0.517300E+10     0.141764E+11     0.108940E+11     0.107780E+11     0.100116E+11     0.832500E+10     0.792167E+10     0.778319E+10     0.728100E+10     0.771557E+10     0.836067E+10     0.780600E+10     0.748015E+10     0.741400E+10     0.731900E+10     0.767484E+10     0.691500E+10     0.201613E+11     0.189220E+11     0.204420E+11     0.198045E+11     0.180570E+11     0.157087E+11     0.602500E+10     0.595489E+10     0.592400E+10     0.587500E+10     0.610012E+10     0.609500E+10     0.561167E+10     0.537300E+10     0.552800E+10     0.582917E+10     0.533200E+10     0.529497E+10     0.547282E+10     0.544200E+10     0.532064E+10     0.282415E+10     0.278200E+10     0.286601E+10     0.319900E+10     0.317600E+10     0.287449E+10     0.271000E+10     0.248661E+10     0.266900E+10     0.265131E+10     0.249800E+10     0.257400E+10     0.255638E+10     0.297300E+10     0.294391E+10     0.292900E+10     0.271726E+10     0.245286E+10     0.234100E+10     0.225821E+10     0.246822E+10     0.232281E+10     0.221068E+10     0.236397E+10     0.234900E+10     0.257634E+10     0.256200E+10     0.205600E+10     0.203317E+10     0.202100E+10     0.203043E+10     0.210945E+10     0.234900E+10     0.233726E+10     0.231100E+10     0.229260E+10     0.212400E+10     0.205851E+10     0.197500E+10     0.195900E+10     0.227347E+10     0.215400E+10     0.214237E+10     0.212200E+10     0.198200E+10     0.197016E+10     0.195000E+10     0.228847E+10     0.234284E+10     0.233000E+10     0.214332E+10     0.198197E+10     0.193100E+10     0.183800E+10     0.183800E+10     0.183800E+10     0.183800E+10     0.183800E+10     0.183800E+10     0.183800E+10     0.183800E+10     0.183800E+10     0.183800E+10     0.183800E+10     0.183800E+10     0.183800E+10     0.183800E+10     0.183800E+10     0.183800E+10     0.183800E+10     0.183800E+10     0.183800E+10     0.100000E+21
 0.800000E+03     0.174070E+11     0.174070E+11     0.174070E+11     0.174070E+11     0.174070E+11     0.174070E+11     0.174070E+11     0.174070E+11     0.174070E+11     0.174070E+11     0.174070E+11     0.174070E+11     0.174070E+11     0.517300E+10     0.493907E+10     0.517300E+10     0.140755E+11     0.108940E+11     0.107780E+11     0.100527E+11     0.832500E+10     0.794120E+10     0.777267E+10     0.728100E+10     0.770103E+10     0.830846E+10     0.780600E+10     0.747773E+10     0.741400E+10     0.731900E+10     0.798109E+10     0.691500E+10     0.200863E+11     0.189220E+11     0.204420E+11     0.201618E+11     0.180570E+11     0.154987E+11     0.602500E+10     0.595413E+10     0.592400E+10     0.587500E+10     0.608456E+10     0.609500E+10     0.563102E+10     0.537300E+10     0.552800E+10     0.581716E+10     0.533200E+10     0.529783E+10     0.547188E+10     0.544200E+10     0.532359E+10     0.282182E+10     0.278200E+10     0.288204E+10     0.319900E+10     0.317600E+10     0.288466E+10     0.271000E+10     0.250343E+10     0.266900E+10     0.264860E+10     0.249800E+10     0.257400E+10     0.255800E+10     0.297300E+10     0.294340E+10     0.292900E+10     0.266900E+10     0.244539E+10     0.234100E+10     0.226278E+10     0.249046E+10     0.234500E+10     0.223756E+10     0.236281E+10     0.234900E+10     0.257577E+10     0.256200E+10     0.254200E+10     0.203269E+10     0.202100E+10     0.199915E+10     0.198600E+10     0.234900E+10     0.233755E+10     0.231100E+10     0.229468E+10     0.212400E+10     0.205619E+10     0.197500E+10     0.195900E+10     0.225444E+10     0.215400E+10     0.214288E+10     0.212200E+10     0.198200E+10     0.197060E+10     0.195000E+10     0.225661E+10     0.234241E+10     0.233000E+10     0.214723E+10     0.197950E+10     0.193100E+10     0.183800E+10     0.183800E+10     0.183800E+10     0.183800E+10     0.183800E+10     0.183800E+10     0.183800E+10     0.183800E+10     0.183800E+10     0.183800E+10     0.183800E+10     0.183800E+10     0.183800E+10     0.183800E+10     0.183800E+10     0.183800E+10     0.183800E+10     0.183800E+10     0.183800E+10     0.100000E+21
 0.820000E+03     0.174070E+11     0.174070E+11     0.174070E+11     0.174070E+11     0.174070E+11     0.174070E+11     0.174070E+11     0.174070E+11     0.174070E+11     0.174070E+11     0.174070E+11     0.174070E+11     0.133861E+11     0.517300E+10     0.493997E+10     0.517300E+10     0.141475E+11     0.108940E+11     0.107780E+11     0.100437E+11     0.832500E+10     0.793700E+10     0.778172E+10     0.728100E+10     0.771052E+10     0.830185E+10     0.780600E+10     0.747912E+10     0.741400E+10     0.731900E+10     0.799785E+10     0.691500E+10     0.200965E+11     0.189220E+11     0.204420E+11     0.201557E+11     0.180570E+11     0.154543E+11     0.602500E+10     0.595475E+10     0.592400E+10     0.587500E+10     0.608560E+10     0.609500E+10     0.562181E+10     0.537300E+10     0.552800E+10     0.582308E+10     0.533200E+10     0.529807E+10     0.547255E+10     0.544200E+10     0.532116E+10     0.282204E+10     0.278200E+10     0.287708E+10     0.319900E+10     0.317600E+10     0.287808E+10     0.271000E+10     0.250371E+10     0.266900E+10     0.265101E+10     0.249800E+10     0.257400E+10     0.255803E+10     0.297300E+10     0.294373E+10     0.292900E+10     0.266900E+10     0.244189E+10     0.234100E+10     0.226235E+10     0.249344E+10     0.234500E+10     0.223513E+10     0.236272E+10     0.234900E+10     0.257605E+10     0.256200E+10     0.254200E+10     0.203292E+10     0.202100E+10     0.199921E+10     0.198600E+10     0.234900E+10     0.233732E+10     0.231100E+10     0.229476E+10     0.212400E+10     0.205798E+10     0.197500E+10     0.195900E+10     0.225703E+10     0.226216E+10     0.216952E+10     0.212200E+10     0.198200E+10     0.197035E+10     0.195000E+10     0.225258E+10     0.234269E+10     0.233000E+10     0.214387E+10     0.198003E+10     0.193100E+10     0.183800E+10     0.183800E+10     0.183800E+10     0.183800E+10     0.183800E+10     0.183800E+10     0.183800E+10     0.183800E+10     0.183800E+10     0.183800E+10     0.183800E+10     0.183800E+10     0.183800E+10     0.183800E+10     0.183800E+10     0.183800E+10     0.183800E+10     0.183800E+10     0.183800E+10     0.100000E+21
 0.840000E+03     0.174070E+11     0.174070E+11     0.174070E+11     0.174070E+11     0.174070E+11     0.174070E+11     0.174070E+11     0.174070E+11     0.174070E+11     0.174070E+11     0.174070E+11     0.174070E+11     0.105471E+11     0.517300E+10     0.497527E+10     0.517300E+10     0.138626E+11     0.108940E+11     0.107780E+11     0.101406E+11     0.832500E+10     0.798647E+10     0.775230E+10     0.728100E+10     0.766957E+10     0.822324E+10     0.780600E+10     0.747239E+10     0.741400E+10     0.731900E+10     0.786842E+10     0.691500E+10     0.199347E+11     0.189220E+11     0.204420E+11     0.201782E+11     0.180570E+11     0.140252E+11     0.602500E+10     0.595261E+10     0.592400E+10     0.587500E+10     0.605552E+10     0.609500E+10     0.567472E+10     0.537300E+10     0.552800E+10     0.579027E+10     0.533200E+10     0.530321E+10     0.546990E+10     0.544200E+10     0.532945E+10     0.281661E+10     0.278200E+10     0.291748E+10     0.319900E+10     0.317600E+10     0.290669E+10     0.271000E+10     0.252849E+10     0.266900E+10     0.264347E+10     0.249800E+10     0.257400E+10     0.256042E+10     0.297300E+10     0.294231E+10     0.292900E+10     0.266900E+10     0.247039E+10     0.234100E+10     0.227301E+10     0.248326E+10     0.234500E+10     0.224467E+10     0.236064E+10     0.234900E+10     0.257449E+10     0.256200E+10     0.254200E+10     0.203158E+10     0.202100E+10     0.199732E+10     0.198600E+10     0.234900E+10     0.233813E+10     0.231100E+10     0.229722E+10     0.212400E+10     0.205145E+10     0.197500E+10     0.195900E+10     0.221597E+10     0.233000E+10     0.221067E+10     0.212200E+10     0.198200E+10     0.197155E+10     0.195000E+10     0.220461E+10     0.234148E+10     0.233000E+10     0.215480E+10     0.197378E+10     0.193100E+10     0.183800E+10     0.183800E+10     0.183800E+10     0.183800E+10     0.183800E+10     0.183800E+10     0.183800E+10     0.183800E+10     0.183800E+10     0.183800E+10     0.183800E+10     0.183800E+10     0.183800E+10     0.183800E+10     0.183800E+10     0.183800E+10     0.183800E+10     0.183800E+10     0.183800E+10     0.100000E+21
 0.860000E+03     0.174070E+11     0.174070E+11     0.174070E+11     0.174070E+11     0.174070E+11     0.174070E+11     0.174070E+11     0.174070E+11     0.174070E+11     0.174070E+11     0.174070E+11     0.174070E+11     0.104422E+11     0.517300E+10     0.496577E+10     0.517300E+10     0.139342E+11     0.108940E+11     0.107780E+11     0.101146E+11     0.832500E+10     0.797293E+10     0.775939E+10     0.728100E+10     0.768000E+10     0.824520E+10     0.780600E+10     0.747413E+10     0.741400E+10     0.731900E+10     0.790321E+10     0.691500E+10     0.199784E+11     0.189220E+11     0.192878E+11     0.197269E+11     0.180570E+11     0.144090E+11     0.602500E+10     0.595314E+10     0.592400E+10     0.587500E+10     0.606365E+10     0.609500E+10     0.566083E+10     0.537300E+10     0.552800E+10     0.579885E+10     0.533200E+10     0.530177E+10     0.547057E+10     0.544200E+10     0.532743E+10     0.281812E+10     0.278200E+10     0.290670E+10     0.319900E+10     0.317600E+10     0.289940E+10     0.271000E+10     0.252181E+10     0.266900E+10     0.264527E+10     0.249800E+10     0.257400E+10     0.255978E+10     0.297300E+10     0.294267E+10     0.292900E+10     0.266900E+10     0.246279E+10     0.234100E+10     0.227006E+10     0.248574E+10     0.234500E+10     0.224228E+10     0.236122E+10     0.234900E+10     0.257490E+10     0.256200E+10     0.254200E+10     0.203193E+10     0.202100E+10     0.199783E+10     0.198600E+10     0.234900E+10     0.233793E+10     0.231100E+10     0.229656E+10     0.212400E+10     0.205307E+10     0.197500E+10     0.195900E+10     0.222705E+10     0.233000E+10     0.220631E+10     0.212200E+10     0.198200E+10     0.197124E+10     0.195000E+10     0.221801E+10     0.234179E+10     0.233000E+10     0.215217E+10     0.197549E+10     0.193100E+10     0.183800E+10     0.183800E+10     0.183800E+10     0.183800E+10     0.183800E+10     0.183800E+10     0.183800E+10     0.183800E+10     0.183800E+10     0.183800E+10     0.183800E+10     0.183800E+10     0.183800E+10     0.183800E+10     0.183800E+10     0.183800E+10     0.183800E+10     0.183800E+10     0.183800E+10     0.100000E+21
 0.880000E+03     0.174070E+11     0.174070E+11     0.174070E+11     0.174070E+11     0.174070E+11     0.174070E+11     0.174070E+11     0.174070E+11     0.174070E+11     0.174070E+11     0.174070E+11     0.174070E+11     0.101097E+11     0.517300E+10     0.493851E+10     0.517300E+10     0.141504E+11     0.108940E+11     0.107780E+11     0.100413E+11     0.832500E+10     0.793580E+10     0.778190E+10     0.728100E+10     0.771100E+10     0.830537E+10     0.780600E+10     0.747922E+10     0.741400E+10     0.700637E+10     0.800044E+10     0.691500E+10     0.201012E+11     0.189220E+11     0.184900E+11     0.194408E+11     0.180570E+11     0.155148E+11     0.602500E+10     0.595476E+10     0.592400E+10     0.587500E+10     0.608658E+10     0.609500E+10     0.562095E+10     0.537300E+10     0.552800E+10     0.582361E+10     0.533200E+10     0.529786E+10     0.547258E+10     0.544200E+10     0.532110E+10     0.282220E+10     0.278200E+10     0.287621E+10     0.319900E+10     0.317600E+10     0.287774E+10     0.271000E+10     0.250275E+10     0.266900E+10     0.265105E+10     0.249800E+10     0.251758E+10     0.254824E+10     0.297300E+10     0.294375E+10     0.292900E+10     0.266900E+10     0.264916E+10     0.234100E+10     0.226204E+10     0.240580E+10     0.234500E+10     0.223504E+10     0.236280E+10     0.234900E+10     0.257608E+10     0.256200E+10     0.254200E+10     0.203294E+10     0.202100E+10     0.199927E+10     0.198600E+10     0.214338E+10     0.226030E+10     0.231100E+10     0.229466E+10     0.212400E+10     0.207971E+10     0.203589E+10     0.195900E+10     0.225821E+10     0.233000E+10     0.219414E+10     0.212200E+10     0.198200E+10     0.197033E+10     0.195000E+10     0.225473E+10     0.234271E+10     0.233000E+10     0.214380E+10     0.198018E+10     0.193100E+10     0.183800E+10     0.183800E+10     0.183800E+10     0.183800E+10     0.183800E+10     0.183800E+10     0.183800E+10     0.183800E+10     0.183800E+10     0.183800E+10     0.183800E+10     0.183800E+10     0.183800E+10     0.183800E+10     0.183800E+10     0.183800E+10     0.183800E+10     0.183800E+10     0.183800E+10     0.100000E+21
 0.900000E+03     0.174070E+11     0.174070E+11     0.174070E+11     0.174070E+11     0.174070E+11     0.174070E+11     0.174070E+11     0.174070E+11     0.174070E+11     0.174070E+11     0.174070E+11     0.174070E+11     0.101457E+11     0.517300E+10     0.490537E+10     0.517300E+10     0.141513E+11     0.108940E+11     0.107780E+11     0.100090E+11     0.832500E+10     0.791973E+10     0.777940E+10     0.728100E+10     0.771259E+10     0.837503E+10     0.780600E+10     0.747978E+10     0.741400E+10     0.674300E+10     0.803024E+10     0.691500E+10     0.201693E+11     0.189220E+11     0.184900E+11     0.194385E+11     0.180570E+11     0.170392E+11     0.602500E+10     0.595464E+10     0.592400E+10     0.587500E+10     0.610232E+10     0.609500E+10     0.561328E+10     0.537300E+10     0.552800E+10     0.582800E+10     0.533200E+10     0.529424E+10     0.547258E+10     0.544200E+10     0.532161E+10     0.283272E+10     0.281600E+10     0.286581E+10     0.319900E+10     0.317600E+10     0.287653E+10     0.271000E+10     0.248332E+10     0.266900E+10     0.265027E+10     0.249800E+10     0.247800E+10     0.254617E+10     0.297300E+10     0.294381E+10     0.292900E+10     0.266900E+10     0.278082E+10     0.234100E+10     0.225742E+10     0.233767E+10     0.234500E+10     0.223504E+10     0.236427E+10     0.234900E+10     0.257629E+10     0.256200E+10     0.254200E+10     0.203313E+10     0.202100E+10     0.200026E+10     0.198600E+10     0.196800E+10     0.218981E+10     0.231100E+10     0.229203E+10     0.212400E+10     0.209938E+10     0.208800E+10     0.195900E+10     0.227549E+10     0.233000E+10     0.219041E+10     0.212200E+10     0.198200E+10     0.197023E+10     0.195000E+10     0.229724E+10     0.234275E+10     0.233000E+10     0.214473E+10     0.198222E+10     0.193100E+10     0.183800E+10     0.183800E+10     0.183800E+10     0.183800E+10     0.183800E+10     0.183800E+10     0.183800E+10     0.183800E+10     0.183800E+10     0.183800E+10     0.183800E+10     0.183800E+10     0.183800E+10     0.183800E+10     0.183800E+10     0.183800E+10     0.183800E+10     0.183800E+10     0.183800E+10     0.100000E+21
 0.920000E+03     0.174070E+11     0.174070E+11     0.174070E+11     0.174070E+11     0.174070E+11     0.174070E+11     0.174070E+11     0.174070E+11     0.174070E+11     0.174070E+11     0.174070E+11     0.174070E+11     0.101209E+11     0.517300E+10     0.494395E+10     0.517300E+10     0.141388E+11     0.108940E+11     0.107780E+11     0.100508E+11     0.832500E+10     0.794051E+10     0.778115E+10     0.728100E+10     0.770908E+10     0.829206E+10     0.780600E+10     0.747885E+10     0.741400E+10     0.674300E+10     0.799015E+10     0.691500E+10     0.200832E+11     0.189220E+11     0.184900E+11     0.194382E+11     0.180570E+11     0.152900E+11     0.602500E+10     0.595470E+10     0.592400E+10     0.587500E+10     0.608284E+10     0.609500E+10     0.562441E+10     0.537300E+10     0.552800E+10     0.582151E+10     0.533200E+10     0.529864E+10     0.539609E+10     0.544200E+10     0.532135E+10     0.283155E+10     0.281600E+10     0.287966E+10     0.319900E+10     0.317600E+10     0.287910E+10     0.271000E+10     0.250638E+10     0.266900E+10     0.270198E+10     0.261745E+10     0.247800E+10     0.253771E+10     0.277147E+10     0.294368E+10     0.292900E+10     0.277850E+10     0.280800E+10     0.234100E+10     0.226324E+10     0.230267E+10     0.234500E+10     0.223542E+10     0.236249E+10     0.234900E+10     0.257598E+10     0.256200E+10     0.254200E+10     0.203285E+10     0.202100E+10     0.199904E+10     0.198600E+10     0.196800E+10     0.219027E+10     0.231100E+10     0.229504E+10     0.212400E+10     0.209938E+10     0.208800E+10     0.195900E+10     0.211707E+10     0.233000E+10     0.225097E+10     0.212200E+10     0.198200E+10     0.197040E+10     0.195000E+10     0.224660E+10     0.234265E+10     0.233000E+10     0.214408E+10     0.197959E+10     0.193100E+10     0.183800E+10     0.183800E+10     0.183800E+10     0.183800E+10     0.183800E+10     0.183800E+10     0.183800E+10     0.183800E+10     0.183800E+10     0.183800E+10     0.183800E+10     0.183800E+10     0.183800E+10     0.183800E+10     0.183800E+10     0.183800E+10     0.183800E+10     0.183800E+10     0.183800E+10     0.100000E+21
 0.940000E+03     0.174070E+11     0.174070E+11     0.174070E+11     0.174070E+11     0.174070E+11     0.174070E+11     0.174070E+11     0.174070E+11     0.174070E+11     0.174070E+11     0.174070E+11     0.174070E+11     0.104969E+11     0.505735E+10     0.492983E+10     0.517300E+10     0.138966E+11     0.108940E+11     0.107780E+11     0.101285E+11     0.832500E+10     0.798021E+10     0.775569E+10     0.728100E+10     0.767450E+10     0.833154E+10     0.803934E+10     0.747321E+10     0.741400E+10     0.674300E+10     0.788462E+10     0.691500E+10     0.199548E+11     0.189220E+11     0.184900E+11     0.193742E+11     0.180570E+11     0.141997E+11     0.602500E+10     0.595286E+10     0.592400E+10     0.587500E+10     0.597689E+10     0.609500E+10     0.566821E+10     0.537300E+10     0.552800E+10     0.579429E+10     0.555811E+10     0.539799E+10     0.532013E+10     0.544200E+10     0.536439E+10     0.282987E+10     0.281600E+10     0.291247E+10     0.319900E+10     0.317600E+10     0.290324E+10     0.271000E+10     0.252545E+10     0.266900E+10     0.272809E+10     0.274500E+10     0.247800E+10     0.253071E+10     0.253400E+10     0.294248E+10     0.292900E+10     0.290700E+10     0.284747E+10     0.234100E+10     0.227166E+10     0.226894E+10     0.234500E+10     0.224354E+10     0.236090E+10     0.234900E+10     0.257468E+10     0.256200E+10     0.254200E+10     0.203175E+10     0.202100E+10     0.199756E+10     0.198600E+10     0.196800E+10     0.217697E+10     0.231100E+10     0.229692E+10     0.212400E+10     0.209861E+10     0.208800E+10     0.195900E+10     0.194892E+10     0.233000E+10     0.231799E+10     0.212200E+10     0.198200E+10     0.197141E+10     0.195000E+10     0.221065E+10     0.234163E+10     0.233000E+10     0.215354E+10     0.197457E+10     0.193100E+10     0.183800E+10     0.183800E+10     0.183800E+10     0.183800E+10     0.183800E+10     0.183800E+10     0.183800E+10     0.183800E+10     0.183800E+10     0.183800E+10     0.183800E+10     0.183800E+10     0.183800E+10     0.183800E+10     0.183800E+10     0.183800E+10     0.183800E+10     0.183800E+10     0.183800E+10     0.100000E+21
 0.960000E+03     0.174070E+11     0.174070E+11     0.174070E+11     0.174070E+11     0.174070E+11     0.174070E+11     0.174070E+11     0.174070E+11     0.174070E+11     0.174070E+11     0.174070E+11     0.174070E+11     0.105327E+11     0.488400E+10     0.488400E+10     0.517300E+10     0.138723E+11     0.108940E+11     0.107780E+11     0.101372E+11     0.908118E+10     0.840876E+10     0.775328E+10     0.728100E+10     0.767098E+10     0.845115E+10     0.838800E+10     0.749828E+10     0.741400E+10     0.674300E+10     0.782441E+10     0.677739E+10     0.199404E+11     0.189220E+11     0.184900E+11     0.193679E+11     0.180570E+11     0.140740E+11     0.602500E+10     0.595269E+10     0.592400E+10     0.587500E+10     0.584150E+10     0.609500E+10     0.567288E+10     0.537300E+10     0.552800E+10     0.579141E+10     0.589800E+10     0.552008E+10     0.532110E+10     0.544200E+10     0.541508E+10     0.282967E+10     0.281600E+10     0.291607E+10     0.319900E+10     0.317600E+10     0.290570E+10     0.271000E+10     0.252764E+10     0.266900E+10     0.269166E+10     0.274500E+10     0.247800E+10     0.252990E+10     0.253400E+10     0.294236E+10     0.292900E+10     0.290700E+10     0.284822E+10     0.259277E+10     0.236266E+10     0.231905E+10     0.246758E+10     0.229114E+10     0.236071E+10     0.234900E+10     0.257454E+10     0.256200E+10     0.254200E+10     0.220017E+10     0.202100E+10     0.199739E+10     0.198600E+10     0.196800E+10     0.217568E+10     0.231100E+10     0.229714E+10     0.212400E+10     0.209853E+10     0.208800E+10     0.195900E+10     0.194906E+10     0.233000E+10     0.231813E+10     0.212200E+10     0.198200E+10     0.197151E+10     0.195000E+10     0.220629E+10     0.234152E+10     0.233000E+10     0.215444E+10     0.197400E+10     0.193100E+10     0.183800E+10     0.183800E+10     0.183800E+10     0.183800E+10     0.183800E+10     0.183800E+10     0.183800E+10     0.183800E+10     0.183800E+10     0.183800E+10     0.183800E+10     0.183800E+10     0.183800E+10     0.183800E+10     0.183800E+10     0.183800E+10     0.183800E+10     0.183800E+10     0.183800E+10     0.100000E+21
 0.980000E+03     0.174070E+11     0.174070E+11     0.174070E+11     0.174070E+11     0.174070E+11     0.174070E+11     0.174070E+11     0.174070E+11     0.174070E+11     0.174070E+11     0.174070E+11     0.174070E+11     0.101220E+11     0.488400E+10     0.488400E+10     0.517300E+10     0.141377E+11     0.108940E+11     0.107780E+11     0.100516E+11     0.968800E+10     0.865825E+10     0.778108E+10     0.728100E+10     0.770890E+10     0.846091E+10     0.838800E+10     0.752998E+10     0.741400E+10     0.674300E+10     0.791484E+10     0.666700E+10     0.200816E+11     0.189220E+11     0.184900E+11     0.194379E+11     0.180570E+11     0.152705E+11     0.602500E+10     0.595469E+10     0.592400E+10     0.587500E+10     0.583671E+10     0.609500E+10     0.562474E+10     0.537300E+10     0.552800E+10     0.582131E+10     0.589800E+10     0.546375E+10     0.531042E+10     0.544200E+10     0.541322E+10     0.283153E+10     0.281600E+10     0.287999E+10     0.319900E+10     0.317600E+10     0.287923E+10     0.271000E+10     0.250670E+10     0.266900E+10     0.268905E+10     0.274500E+10     0.247800E+10     0.253759E+10     0.253400E+10     0.294367E+10     0.292900E+10     0.290700E+10     0.278331E+10     0.279500E+10     0.239686E+10     0.234985E+10     0.256600E+10     0.231321E+10     0.236246E+10     0.234900E+10     0.249250E+10     0.256200E+10     0.254200E+10     0.237004E+10     0.202100E+10     0.199902E+10     0.198600E+10     0.196800E+10     0.219022E+10     0.231100E+10     0.229508E+10     0.219481E+10     0.209938E+10     0.208800E+10     0.195900E+10     0.194768E+10     0.233000E+10     0.231670E+10     0.212200E+10     0.204004E+10     0.198990E+10     0.195000E+10     0.224588E+10     0.234264E+10     0.233000E+10     0.214410E+10     0.197953E+10     0.193100E+10     0.183800E+10     0.183800E+10     0.183800E+10     0.183800E+10     0.183800E+10     0.183800E+10     0.183800E+10     0.183800E+10     0.183800E+10     0.183800E+10     0.183800E+10     0.183800E+10     0.183800E+10     0.183800E+10     0.183800E+10     0.183800E+10     0.183800E+10     0.183800E+10     0.183800E+10     0.100000E+21
 0.100000E+04     0.174070E+11     0.174070E+11     0.174070E+11     0.174070E+11     0.174070E+11     0.174070E+11     0.174070E+11     0.174070E+11     0.174070E+11     0.174070E+11     0.174070E+11     0.174070E+11     0.101831E+11     0.488400E+10     0.488400E+10     0.517300E+10     0.141226E+11     0.108940E+11     0.107780E+11     0.100267E+11     0.968800E+10     0.835897E+10     0.777688E+10     0.728100E+10     0.770819E+10     0.846887E+10     0.838800E+10     0.753030E+10     0.741400E+10     0.674300E+10     0.794010E+10     0.666700E+10     0.201346E+11     0.189220E+11     0.184900E+11     0.194314E+11     0.180570E+11     0.161710E+11     0.602500E+10     0.595445E+10     0.592400E+10     0.587500E+10     0.583448E+10     0.609500E+10     0.562014E+10     0.537300E+10     0.552800E+10     0.582381E+10     0.589800E+10     0.542625E+10     0.531106E+10     0.544200E+10     0.541345E+10     0.268940E+10     0.205515E+10     0.287226E+10     0.319900E+10     0.317600E+10     0.287962E+10     0.271000E+10     0.247331E+10     0.249358E+10     0.268949E+10     0.274500E+10     0.247800E+10     0.246969E+10     0.253400E+10     0.294365E+10     0.292900E+10     0.290700E+10     0.271379E+10     0.279500E+10     0.237775E+10     0.235161E+10     0.256600E+10     0.231444E+10     0.236362E+10     0.234900E+10     0.239860E+10     0.256200E+10     0.254200E+10     0.237345E+10     0.202100E+10     0.199978E+10     0.198600E+10     0.196800E+10     0.218842E+10     0.231100E+10     0.229353E+10     0.227300E+10     0.209930E+10     0.208800E+10     0.195900E+10     0.194717E+10     0.233000E+10     0.231643E+10     0.212200E+10     0.210600E+10     0.200954E+10     0.195000E+10     0.197845E+10     0.234262E+10     0.233000E+10     0.226978E+10     0.198113E+10     0.193100E+10     0.183800E+10     0.183800E+10     0.183800E+10     0.183800E+10     0.183800E+10     0.183800E+10     0.183800E+10     0.183800E+10     0.183800E+10     0.183800E+10     0.183800E+10     0.183800E+10     0.183800E+10     0.183800E+10     0.183800E+10     0.183800E+10     0.183800E+10     0.183800E+10     0.183800E+10     0.100000E+21
 0.102000E+04     0.174070E+11     0.174070E+11     0.174070E+11     0.174070E+11     0.174070E+11     0.174070E+11     0.174070E+11     0.174070E+11     0.174070E+11     0.174070E+11     0.174070E+11     0.174070E+11     0.100957E+11     0.488400E+10     0.488400E+10     0.517300E+10     0.141662E+11     0.108940E+11     0.107780E+11     0.100259E+11     0.968800E+10     0.830128E+10     0.751999E+10     0.728100E+10     0.771369E+10     0.846683E+10     0.838800E+10     0.753165E+10     0.741400E+10     0.674300E+10     0.794619E+10     0.666700E+10     0.201313E+11     0.189220E+11     0.184900E+11     0.194442E+11     0.180570E+11     0.159710E+11     0.602500E+10     0.595484E+10     0.592400E+10     0.587500E+10     0.583476E+10     0.609500E+10     0.605950E+10     0.537300E+10     0.552800E+10     0.582670E+10     0.589800E+10     0.543485E+10     0.530929E+10     0.544200E+10     0.541308E+10     0.259902E+10     0.193400E+10     0.287080E+10     0.319900E+10     0.317600E+10     0.316049E+10     0.271000E+10     0.245874E+10     0.244200E+10     0.263914E+10     0.262700E+10     0.272600E+10     0.250174E+10     0.253400E+10     0.294384E+10     0.292900E+10     0.290700E+10     0.271293E+10     0.279500E+10     0.238010E+10     0.234881E+10     0.256600E+10     0.240910E+10     0.220394E+10     0.234900E+10     0.239700E+10     0.256200E+10     0.254200E+10     0.237667E+10     0.202100E+10     0.199968E+10     0.198600E+10     0.196800E+10     0.219132E+10     0.231100E+10     0.229387E+10     0.227300E+10     0.209945E+10     0.208800E+10     0.195900E+10     0.194720E+10     0.233000E+10     0.231636E+10     0.212200E+10     0.210600E+10     0.200842E+10     0.195000E+10     0.193852E+10     0.234279E+10     0.233000E+10     0.231868E+10     0.198112E+10     0.193100E+10     0.183800E+10     0.183800E+10     0.183800E+10     0.183800E+10     0.183800E+10     0.183800E+10     0.183800E+10     0.183800E+10     0.183800E+10     0.183800E+10     0.183800E+10     0.183800E+10     0.183800E+10     0.183800E+10     0.183800E+10     0.183800E+10     0.183800E+10     0.183800E+10     0.183800E+10     0.100000E+21
 0.104000E+04     0.174070E+11     0.174070E+11     0.174070E+11     0.174070E+11     0.174070E+11     0.174070E+11     0.174070E+11     0.174070E+11     0.174070E+11     0.174070E+11     0.174070E+11     0.174070E+11     0.103731E+11     0.488400E+10     0.488400E+10     0.517300E+10     0.139827E+11     0.108940E+11     0.107780E+11     0.100952E+11     0.968800E+10     0.842209E+10     0.751106E+10     0.728100E+10     0.768715E+10     0.845671E+10     0.838800E+10     0.752376E+10     0.741400E+10     0.674300E+10     0.784419E+10     0.666700E+10     0.200113E+11     0.189220E+11     0.184900E+11     0.193963E+11     0.180570E+11     0.147133E+11     0.602500E+10     0.595348E+10     0.592400E+10     0.587500E+10     0.583905E+10     0.609500E+10     0.606211E+10     0.537300E+10     0.552800E+10     0.580490E+10     0.589800E+10     0.548887E+10     0.531667E+10     0.544200E+10     0.541435E+10     0.253537E+10     0.193400E+10     0.289884E+10     0.319900E+10     0.317600E+10     0.316144E+10     0.271000E+10     0.245673E+10     0.244200E+10     0.263876E+10     0.262700E+10     0.272600E+10     0.252864E+10     0.253400E+10     0.294292E+10     0.292900E+10     0.290700E+10     0.272951E+10     0.279500E+10     0.241981E+10     0.235829E+10     0.256600E+10     0.241782E+10     0.222085E+10     0.234900E+10     0.240904E+10     0.256200E+10     0.254200E+10     0.235055E+10     0.202100E+10     0.199822E+10     0.198600E+10     0.196800E+10     0.218145E+10     0.231100E+10     0.229604E+10     0.227300E+10     0.209888E+10     0.208800E+10     0.195900E+10     0.194837E+10     0.233000E+10     0.231745E+10     0.218593E+10     0.210600E+10     0.201497E+10     0.195000E+10     0.193999E+10     0.234200E+10     0.233000E+10     0.231910E+10     0.197676E+10     0.193100E+10     0.183800E+10     0.183800E+10     0.183800E+10     0.183800E+10     0.183800E+10     0.183800E+10     0.183800E+10     0.183800E+10     0.183800E+10     0.183800E+10     0.183800E+10     0.183800E+10     0.183800E+10     0.183800E+10     0.183800E+10     0.183800E+10     0.183800E+10     0.183800E+10     0.183800E+10     0.100000E+21
 0.106000E+04     0.174070E+11     0.174070E+11     0.174070E+11     0.174070E+11     0.174070E+11     0.174070E+11     0.174070E+11     0.174070E+11     0.174070E+11     0.174070E+11     0.174070E+11     0.174070E+11     0.105394E+11     0.488400E+10     0.488400E+10     0.517300E+10     0.138678E+11     0.108940E+11     0.107780E+11     0.101388E+11     0.968800E+10     0.850112E+10     0.750570E+10     0.728100E+10     0.767032E+10     0.845096E+10     0.838800E+10     0.751870E+10     0.741400E+10     0.674300E+10     0.777739E+10     0.666700E+10     0.199377E+11     0.189220E+11     0.184900E+11     0.193667E+11     0.180570E+11     0.140510E+11     0.602500E+10     0.595265E+10     0.592400E+10     0.587500E+10     0.584159E+10     0.609500E+10     0.606380E+10     0.537300E+10     0.552800E+10     0.579088E+10     0.589800E+10     0.552120E+10     0.532128E+10     0.544200E+10     0.541511E+10     0.249438E+10     0.193400E+10     0.291673E+10     0.319900E+10     0.317600E+10     0.316205E+10     0.271000E+10     0.245562E+10     0.244200E+10     0.263854E+10     0.262700E+10     0.272600E+10     0.254350E+10     0.253400E+10     0.294234E+10     0.292900E+10     0.290700E+10     0.274009E+10     0.279500E+10     0.247098E+10     0.236406E+10     0.256600E+10     0.242328E+10     0.223098E+10     0.234900E+10     0.241679E+10     0.256200E+10     0.254200E+10     0.230033E+10     0.193687E+10     0.199736E+10     0.198600E+10     0.196800E+10     0.217544E+10     0.231100E+10     0.229718E+10     0.227300E+10     0.209852E+10     0.208800E+10     0.195900E+10     0.194909E+10     0.233000E+10     0.231816E+10     0.229100E+10     0.210600E+10     0.201916E+10     0.195000E+10     0.194083E+10     0.234150E+10     0.233000E+10     0.231935E+10     0.197390E+10     0.193100E+10     0.183800E+10     0.183800E+10     0.183800E+10     0.183800E+10     0.183800E+10     0.183800E+10     0.183800E+10     0.183800E+10     0.183800E+10     0.183800E+10     0.183800E+10     0.183800E+10     0.183800E+10     0.183800E+10     0.183800E+10     0.183800E+10     0.183800E+10     0.183800E+10     0.183800E+10     0.100000E+21
 0.108000E+04     0.174070E+11     0.174070E+11     0.174070E+11     0.174070E+11     0.174070E+11     0.174070E+11     0.174070E+11     0.174070E+11     0.174070E+11     0.174070E+11     0.174070E+11     0.174070E+11     0.100982E+11     0.488400E+10     0.488400E+10     0.517300E+10     0.141632E+11     0.108940E+11     0.107780E+11     0.100291E+11     0.832500E+10     0.792990E+10     0.751992E+10     0.728100E+10     0.771317E+10     0.846599E+10     0.838800E+10     0.753147E+10     0.741400E+10     0.674300E+10     0.794252E+10     0.666700E+10     0.201249E+11     0.189220E+11     0.184900E+11     0.194436E+11     0.180570E+11     0.158625E+11     0.602500E+10     0.595483E+10     0.592400E+10     0.587500E+10     0.583502E+10     0.609500E+10     0.605958E+10     0.537300E+10     0.552800E+10     0.582609E+10     0.589800E+10     0.543877E+10     0.530941E+10     0.544200E+10     0.541310E+10     0.259567E+10     0.193400E+10     0.287190E+10     0.319900E+10     0.317600E+10     0.316050E+10     0.271000E+10     0.245858E+10     0.244200E+10     0.263914E+10     0.262700E+10     0.272600E+10     0.250380E+10     0.253400E+10     0.264941E+10     0.292900E+10     0.290700E+10     0.271358E+10     0.279500E+10     0.244879E+10     0.220568E+10     0.219400E+10     0.228022E+10     0.220516E+10     0.234900E+10     0.239734E+10     0.256200E+10     0.254200E+10     0.232255E+10     0.183800E+10     0.199959E+10     0.198600E+10     0.196800E+10     0.219121E+10     0.231100E+10     0.229406E+10     0.227300E+10     0.209944E+10     0.208800E+10     0.195900E+10     0.194726E+10     0.233000E+10     0.231640E+10     0.229100E+10     0.210600E+10     0.200857E+10     0.195000E+10     0.193864E+10     0.234277E+10     0.233000E+10     0.231868E+10     0.198093E+10     0.193100E+10     0.183800E+10     0.183800E+10     0.183800E+10     0.183800E+10     0.183800E+10     0.183800E+10     0.183800E+10     0.183800E+10     0.183800E+10     0.183800E+10     0.183800E+10     0.183800E+10     0.183800E+10     0.183800E+10     0.183800E+10     0.183800E+10     0.183800E+10     0.183800E+10     0.183800E+10     0.100000E+21
 0.110000E+04     0.174070E+11     0.174070E+11     0.174070E+11     0.174070E+11     0.174070E+11     0.174070E+11     0.174070E+11     0.174070E+11     0.174070E+11     0.174070E+11     0.174070E+11     0.174070E+11     0.103204E+11     0.488400E+10     0.488400E+10     0.517300E+10     0.140205E+11     0.108940E+11     0.107780E+11     0.100790E+11     0.832500E+10     0.795456E+10     0.751275E+10     0.728100E+10     0.769276E+10     0.845914E+10     0.838800E+10     0.752547E+10     0.741400E+10     0.674300E+10     0.786815E+10     0.666700E+10     0.200395E+11     0.189220E+11     0.184900E+11     0.194059E+11     0.180570E+11     0.149891E+11     0.602500E+10     0.595375E+10     0.592400E+10     0.587500E+10     0.583804E+10     0.609500E+10     0.606152E+10     0.537300E+10     0.552800E+10     0.580977E+10     0.589800E+10     0.547564E+10     0.531515E+10     0.544200E+10     0.541410E+10     0.255106E+10     0.193400E+10     0.289233E+10     0.319900E+10     0.317600E+10     0.316124E+10     0.271000E+10     0.245718E+10     0.244200E+10     0.263883E+10     0.262700E+10     0.272600E+10     0.252257E+10     0.253400E+10     0.266271E+10     0.292900E+10     0.290700E+10     0.272566E+10     0.279500E+10     0.247214E+10     0.220528E+10     0.219400E+10     0.237212E+10     0.229648E+10     0.234900E+10     0.240635E+10     0.256200E+10     0.254200E+10     0.229596E+10     0.183800E+10     0.199856E+10     0.198600E+10     0.196800E+10     0.203119E+10     0.231100E+10     0.229556E+10     0.227300E+10     0.209899E+10     0.208800E+10     0.195900E+10     0.194809E+10     0.233000E+10     0.231719E+10     0.229100E+10     0.222856E+10     0.204712E+10     0.195000E+10     0.193964E+10     0.234217E+10     0.233000E+10     0.231902E+10     0.197781E+10     0.193100E+10     0.183800E+10     0.183800E+10     0.183800E+10     0.183800E+10     0.183800E+10     0.183800E+10     0.183800E+10     0.183800E+10     0.183800E+10     0.183800E+10     0.183800E+10     0.183800E+10     0.183800E+10     0.183800E+10     0.183800E+10     0.183800E+10     0.183800E+10     0.183800E+10     0.183800E+10     0.100000E+21
 0.112000E+04     0.174070E+11     0.174070E+11     0.174070E+11     0.174070E+11     0.174070E+11     0.174070E+11     0.174070E+11     0.174070E+11     0.174070E+11     0.174070E+11     0.174070E+11     0.174070E+11     0.101039E+11     0.488400E+10     0.488400E+10     0.517300E+10     0.141711E+11     0.108940E+11     0.107780E+11     0.100082E+11     0.832500E+10     0.792019E+10     0.751972E+10     0.728100E+10     0.771503E+10     0.847319E+10     0.838800E+10     0.753229E+10     0.741400E+10     0.674300E+10     0.796411E+10     0.666700E+10     0.201697E+11     0.189220E+11     0.184900E+11     0.194444E+11     0.180570E+11     0.172872E+11     0.602500E+10     0.595483E+10     0.592400E+10     0.587500E+10     0.583305E+10     0.609500E+10     0.605919E+10     0.537300E+10     0.552800E+10     0.582922E+10     0.589800E+10     0.540815E+10     0.530911E+10     0.544200E+10     0.541310E+10     0.462067E+10     0.281600E+10     0.275601E+10     0.274000E+10     0.317600E+10     0.316044E+10     0.271000E+10     0.266523E+10     0.244200E+10     0.263913E+10     0.262700E+10     0.272600E+10     0.248477E+10     0.253400E+10     0.264815E+10     0.292900E+10     0.290700E+10     0.270958E+10     0.279500E+10     0.243679E+10     0.220568E+10     0.219400E+10     0.242443E+10     0.231544E+10     0.234900E+10     0.232463E+10     0.231100E+10     0.254200E+10     0.232792E+10     0.183800E+10     0.200026E+10     0.198600E+10     0.196800E+10     0.195875E+10     0.231100E+10     0.229160E+10     0.227300E+10     0.209945E+10     0.208800E+10     0.195900E+10     0.194682E+10     0.233000E+10     0.231617E+10     0.229100E+10     0.227300E+10     0.205869E+10     0.195000E+10     0.193759E+10     0.234283E+10     0.233000E+10     0.231869E+10     0.198216E+10     0.193100E+10     0.183800E+10     0.183800E+10     0.183800E+10     0.183800E+10     0.183800E+10     0.183800E+10     0.183800E+10     0.183800E+10     0.183800E+10     0.183800E+10     0.183800E+10     0.183800E+10     0.183800E+10     0.183800E+10     0.183800E+10     0.183800E+10     0.183800E+10     0.183800E+10     0.183800E+10     0.100000E+21
 0.114000E+04     0.174070E+11     0.174070E+11     0.174070E+11     0.174070E+11     0.174070E+11     0.174070E+11     0.174070E+11     0.174070E+11     0.174070E+11     0.174070E+11     0.174070E+11     0.174070E+11     0.102061E+11     0.488400E+10     0.488400E+10     0.517300E+10     0.141002E+11     0.108940E+11     0.107780E+11     0.100439E+11     0.832500E+10     0.793725E+10     0.751643E+10     0.728100E+10     0.770453E+10     0.846475E+10     0.838800E+10     0.752906E+10     0.741400E+10     0.674300E+10     0.791757E+10     0.666700E+10     0.201018E+11     0.189220E+11     0.184900E+11     0.194263E+11     0.180570E+11     0.156785E+11     0.602500E+10     0.595432E+10     0.592400E+10     0.587500E+10     0.583577E+10     0.609500E+10     0.606030E+10     0.537300E+10     0.552800E+10     0.581995E+10     0.589800E+10     0.544622E+10     0.531195E+10     0.544200E+10     0.541357E+10     0.452936E+10     0.281600E+10     0.275537E+10     0.274000E+10     0.317600E+10     0.316082E+10     0.271000E+10     0.264379E+10     0.244200E+10     0.263899E+10     0.262700E+10     0.272600E+10     0.250793E+10     0.253400E+10     0.265502E+10     0.292900E+10     0.290700E+10     0.284789E+10     0.279500E+10     0.245492E+10     0.220549E+10     0.219400E+10     0.241950E+10     0.228573E+10     0.218668E+10     0.232421E+10     0.231100E+10     0.254200E+10     0.231266E+10     0.183800E+10     0.199934E+10     0.198600E+10     0.196800E+10     0.195890E+10     0.231100E+10     0.229437E+10     0.227300E+10     0.209924E+10     0.208800E+10     0.195900E+10     0.194749E+10     0.202268E+10     0.224838E+10     0.229100E+10     0.227300E+10     0.206453E+10     0.195000E+10     0.193882E+10     0.234251E+10     0.233000E+10     0.231884E+10     0.198000E+10     0.193100E+10     0.183800E+10     0.183800E+10     0.183800E+10     0.183800E+10     0.183800E+10     0.183800E+10     0.183800E+10     0.183800E+10     0.183800E+10     0.183800E+10     0.183800E+10     0.183800E+10     0.183800E+10     0.183800E+10     0.183800E+10     0.183800E+10     0.183800E+10     0.183800E+10     0.183800E+10     0.100000E+21
 0.116000E+04     0.174070E+11     0.174070E+11     0.174070E+11     0.174070E+11     0.174070E+11     0.174070E+11     0.174070E+11     0.174070E+11     0.174070E+11     0.174070E+11     0.174070E+11     0.174070E+11     0.104608E+11     0.488400E+10     0.488400E+10     0.517300E+10     0.139214E+11     0.108940E+11     0.107780E+11     0.101194E+11     0.832500E+10     0.797546E+10     0.750824E+10     0.728100E+10     0.767812E+10     0.845340E+10     0.838800E+10     0.752103E+10     0.741400E+10     0.674300E+10     0.780752E+10     0.666700E+10     0.199702E+11     0.189220E+11     0.184900E+11     0.193806E+11     0.180570E+11     0.143354E+11     0.602500E+10     0.595304E+10     0.592400E+10     0.587500E+10     0.584048E+10     0.609500E+10     0.606303E+10     0.537300E+10     0.552800E+10     0.579728E+10     0.589800E+10     0.550730E+10     0.531913E+10     0.544200E+10     0.541475E+10     0.434079E+10     0.281600E+10     0.275392E+10     0.274000E+10     0.317600E+10     0.316177E+10     0.271000E+10     0.261681E+10     0.244200E+10     0.263865E+10     0.262700E+10     0.272600E+10     0.253709E+10     0.253400E+10     0.267227E+10     0.292900E+10     0.290700E+10     0.289242E+10     0.279500E+10     0.249235E+10     0.222534E+10     0.219400E+10     0.240706E+10     0.224608E+10     0.213900E+10     0.232318E+10     0.231100E+10     0.254200E+10     0.227539E+10     0.183800E+10     0.199774E+10     0.198600E+10     0.196800E+10     0.195929E+10     0.231100E+10     0.229669E+10     0.227300E+10     0.209869E+10     0.208800E+10     0.195900E+10     0.194877E+10     0.192800E+10     0.217313E+10     0.229100E+10     0.227300E+10     0.207909E+10     0.195000E+10     0.194048E+10     0.234173E+10     0.233000E+10     0.231923E+10     0.197517E+10     0.193100E+10     0.183800E+10     0.183800E+10     0.183800E+10     0.183800E+10     0.183800E+10     0.183800E+10     0.183800E+10     0.183800E+10     0.183800E+10     0.183800E+10     0.183800E+10     0.183800E+10     0.183800E+10     0.183800E+10     0.183800E+10     0.183800E+10     0.183800E+10     0.183800E+10     0.183800E+10     0.100000E+21
 0.118000E+04     0.174070E+11     0.174070E+11     0.174070E+11     0.174070E+11     0.174070E+11     0.174070E+11     0.174070E+11     0.174070E+11     0.174070E+11     0.174070E+11     0.174070E+11     0.174070E+11     0.100994E+11     0.488400E+10     0.488400E+10     0.517300E+10     0.141737E+11     0.108940E+11     0.107780E+11     0.100076E+11     0.832500E+10     0.791990E+10     0.751987E+10     0.728100E+10     0.771538E+10     0.847329E+10     0.838800E+10     0.753238E+10     0.741400E+10     0.731900E+10     0.796508E+10     0.666700E+10     0.201707E+11     0.189220E+11     0.184900E+11     0.194451E+11     0.180570E+11     0.176278E+11     0.172240E+11     0.595485E+10     0.592400E+10     0.587500E+10     0.583302E+10     0.609500E+10     0.605916E+10     0.537300E+10     0.552800E+10     0.582946E+10     0.589800E+10     0.540773E+10     0.530900E+10     0.544200E+10     0.541308E+10     0.462191E+10     0.281600E+10     0.275602E+10     0.274000E+10     0.317600E+10     0.316042E+10     0.271000E+10     0.266558E+10     0.244200E+10     0.263913E+10     0.262700E+10     0.272600E+10     0.248439E+10     0.253400E+10     0.264793E+10     0.292900E+10     0.290700E+10     0.289022E+10     0.279500E+10     0.243655E+10     0.226107E+10     0.219400E+10     0.226017E+10     0.227336E+10     0.213900E+10     0.232464E+10     0.231100E+10     0.254200E+10     0.232831E+10     0.183800E+10     0.200027E+10     0.198600E+10     0.196800E+10     0.195875E+10     0.231100E+10     0.229145E+10     0.227300E+10     0.209946E+10     0.208800E+10     0.195900E+10     0.194681E+10     0.192800E+10     0.220699E+10     0.229100E+10     0.227300E+10     0.225977E+10     0.195000E+10     0.193758E+10     0.234284E+10     0.233000E+10     0.231868E+10     0.198219E+10     0.193100E+10     0.183800E+10     0.183800E+10     0.183800E+10     0.183800E+10     0.183800E+10     0.183800E+10     0.183800E+10     0.183800E+10     0.183800E+10     0.183800E+10     0.183800E+10     0.183800E+10     0.183800E+10     0.183800E+10     0.183800E+10     0.183800E+10     0.183800E+10     0.183800E+10     0.183800E+10     0.100000E+21
 0.120000E+04     0.174070E+11     0.174070E+11     0.174070E+11     0.174070E+11     0.174070E+11     0.174070E+11     0.174070E+11     0.174070E+11     0.174070E+11     0.174070E+11     0.174070E+11     0.174070E+11     0.104608E+11     0.488400E+10     0.488400E+10     0.517300E+10     0.139214E+11     0.108940E+11     0.107780E+11     0.101194E+11     0.832500E+10     0.816028E+10     0.750824E+10     0.728100E+10     0.767812E+10     0.845340E+10     0.838800E+10     0.752103E+10     0.741400E+10     0.731900E+10     0.780752E+10     0.666700E+10     0.201569E+11     0.196067E+11     0.184900E+11     0.193806E+11     0.180570E+11     0.175196E+11     0.172240E+11     0.595304E+10     0.592400E+10     0.587500E+10     0.584048E+10     0.609500E+10     0.606303E+10     0.537300E+10     0.552800E+10     0.579728E+10     0.589800E+10     0.550730E+10     0.531913E+10     0.544200E+10     0.541475E+10     0.434079E+10     0.281600E+10     0.239855E+10     0.274000E+10     0.317600E+10     0.316177E+10     0.271000E+10     0.261681E+10     0.244200E+10     0.263865E+10     0.262700E+10     0.272600E+10     0.253709E+10     0.253400E+10     0.267227E+10     0.292900E+10     0.290700E+10     0.289242E+10     0.279500E+10     0.268139E+10     0.222534E+10     0.219400E+10     0.225513E+10     0.224608E+10     0.213900E+10     0.232318E+10     0.231100E+10     0.254200E+10     0.227539E+10     0.183800E+10     0.199774E+10     0.198600E+10     0.196800E+10     0.195929E+10     0.231100E+10     0.229669E+10     0.227300E+10     0.209869E+10     0.208800E+10     0.195900E+10     0.194877E+10     0.192800E+10     0.217313E+10     0.229100E+10     0.227300E+10     0.226104E+10     0.195000E+10     0.194048E+10     0.234173E+10     0.233000E+10     0.231923E+10     0.197517E+10     0.193100E+10     0.183800E+10     0.183800E+10     0.183800E+10     0.183800E+10     0.183800E+10     0.183800E+10     0.183800E+10     0.183800E+10     0.183800E+10     0.183800E+10     0.183800E+10     0.183800E+10     0.183800E+10     0.183800E+10     0.183800E+10     0.183800E+10     0.183800E+10     0.183800E+10     0.183800E+10     0.100000E+21
 0.122000E+04     0.174070E+11     0.174070E+11     0.174070E+11     0.174070E+11     0.174070E+11     0.174070E+11     0.174070E+11     0.174070E+11     0.174070E+11     0.174070E+11     0.174070E+11     0.174070E+11     0.102061E+11     0.488400E+10     0.488400E+10     0.517300E+10     0.141002E+11     0.108940E+11     0.107780E+11     0.100439E+11     0.832500E+10     0.825327E+10     0.751643E+10     0.728100E+10     0.770453E+10     0.846475E+10     0.838800E+10     0.752906E+10     0.741400E+10     0.731900E+10     0.791757E+10     0.666700E+10     0.988940E+10     0.200060E+11     0.184900E+11     0.194263E+11     0.180570E+11     0.175673E+11     0.172240E+11     0.595432E+10     0.592400E+10     0.587500E+10     0.583577E+10     0.609500E+10     0.606030E+10     0.537300E+10     0.552800E+10     0.581995E+10     0.589800E+10     0.544622E+10     0.531195E+10     0.544200E+10     0.541357E+10     0.452936E+10     0.281600E+10     0.215023E+10     0.274000E+10     0.317600E+10     0.316082E+10     0.271000E+10     0.264379E+10     0.244200E+10     0.251053E+10     0.262700E+10     0.260700E+10     0.248576E+10     0.253400E+10     0.265502E+10     0.292900E+10     0.290700E+10     0.289090E+10     0.279500E+10     0.277990E+10     0.220549E+10     0.219400E+10     0.225870E+10     0.242422E+10     0.213900E+10     0.232421E+10     0.231100E+10     0.254200E+10     0.231266E+10     0.183800E+10     0.199934E+10     0.198600E+10     0.196800E+10     0.195890E+10     0.231100E+10     0.229437E+10     0.227300E+10     0.209924E+10     0.208800E+10     0.195900E+10     0.194749E+10     0.192800E+10     0.219678E+10     0.229100E+10     0.227300E+10     0.226014E+10     0.195000E+10     0.193882E+10     0.234251E+10     0.233000E+10     0.231884E+10     0.198000E+10     0.193100E+10     0.183800E+10     0.183800E+10     0.183800E+10     0.183800E+10     0.183800E+10     0.183800E+10     0.183800E+10     0.183800E+10     0.183800E+10     0.183800E+10     0.183800E+10     0.183800E+10     0.183800E+10     0.183800E+10     0.183800E+10     0.183800E+10     0.183800E+10     0.183800E+10     0.183800E+10     0.100000E+21
 0.124000E+04     0.174070E+11     0.174070E+11     0.174070E+11     0.174070E+11     0.174070E+11     0.174070E+11     0.174070E+11     0.174070E+11     0.174070E+11     0.174070E+11     0.174070E+11     0.174070E+11     0.101039E+11     0.488400E+10     0.488400E+10     0.517300E+10     0.141711E+11     0.108940E+11     0.107780E+11     0.100082E+11     0.832500E+10     0.825012E+10     0.751972E+10     0.728100E+10     0.771503E+10     0.847319E+10     0.838800E+10     0.753229E+10     0.741400E+10     0.731900E+10     0.796411E+10     0.666700E+10     0.930674E+10     0.200060E+11     0.184900E+11     0.194444E+11     0.180570E+11     0.174449E+11     0.934284E+10     0.595483E+10     0.592400E+10     0.587500E+10     0.583305E+10     0.609500E+10     0.605919E+10     0.537300E+10     0.552800E+10     0.582922E+10     0.589800E+10     0.540815E+10     0.530911E+10     0.544200E+10     0.541310E+10     0.462067E+10     0.281600E+10     0.212564E+10     0.274000E+10     0.317600E+10     0.316044E+10     0.302464E+10     0.266523E+10     0.244200E+10     0.250918E+10     0.262700E+10     0.260700E+10     0.247288E+10     0.253400E+10     0.264815E+10     0.292900E+10     0.290700E+10     0.289023E+10     0.279500E+10     0.277910E+10     0.224139E+10     0.219400E+10     0.226012E+10     0.246523E+10     0.227354E+10     0.232463E+10     0.231100E+10     0.254200E+10     0.232792E+10     0.183800E+10     0.200026E+10     0.198600E+10     0.196800E+10     0.195875E+10     0.231100E+10     0.229160E+10     0.227300E+10     0.209945E+10     0.208800E+10     0.195900E+10     0.194682E+10     0.192800E+10     0.220678E+10     0.229100E+10     0.227300E+10     0.225978E+10     0.195000E+10     0.193759E+10     0.234283E+10     0.233000E+10     0.231869E+10     0.198216E+10     0.193100E+10     0.183800E+10     0.183800E+10     0.183800E+10     0.183800E+10     0.183800E+10     0.183800E+10     0.183800E+10     0.183800E+10     0.183800E+10     0.183800E+10     0.183800E+10     0.183800E+10     0.183800E+10     0.183800E+10     0.183800E+10     0.183800E+10     0.183800E+10     0.183800E+10     0.183800E+10     0.100000E+21
 0.126000E+04     0.174070E+11     0.174070E+11     0.174070E+11     0.174070E+11     0.174070E+11     0.174070E+11     0.174070E+11     0.174070E+11     0.174070E+11     0.174070E+11     0.174070E+11     0.174070E+11     0.103204E+11     0.488400E+10     0.505543E+10     0.517300E+10     0.140205E+11     0.108940E+11     0.107780E+11     0.100790E+11     0.832500E+10     0.825648E+10     0.751275E+10     0.728100E+10     0.769276E+10     0.845914E+10     0.838800E+10     0.752547E+10     0.741400E+10     0.731900E+10     0.786815E+10     0.666700E+10     0.104233E+11     0.200060E+11     0.184900E+11     0.194059E+11     0.180570E+11     0.149891E+11     0.602500E+10     0.595375E+10     0.592400E+10     0.587500E+10     0.583804E+10     0.609500E+10     0.606152E+10     0.537300E+10     0.552800E+10     0.580977E+10     0.589800E+10     0.547564E+10     0.531515E+10     0.544200E+10     0.541410E+10     0.444260E+10     0.281600E+10     0.217567E+10     0.274000E+10     0.317600E+10     0.316124E+10     0.313000E+10     0.263025E+10     0.244200E+10     0.251204E+10     0.262700E+10     0.260700E+10     0.249390E+10     0.253400E+10     0.266271E+10     0.292900E+10     0.290700E+10     0.289160E+10     0.279500E+10     0.278067E+10     0.225870E+10     0.219400E+10     0.223448E+10     0.245198E+10     0.228800E+10     0.232375E+10     0.231100E+10     0.254200E+10     0.229596E+10     0.183800E+10     0.199856E+10     0.198600E+10     0.196800E+10     0.195908E+10     0.231100E+10     0.229556E+10     0.227300E+10     0.209899E+10     0.208800E+10     0.195900E+10     0.194809E+10     0.192800E+10     0.218616E+10     0.229100E+10     0.227300E+10     0.220651E+10     0.195000E+10     0.193964E+10     0.226098E+10     0.233000E+10     0.231902E+10     0.197781E+10     0.193100E+10     0.183800E+10     0.183800E+10     0.183800E+10     0.183800E+10     0.183800E+10     0.183800E+10     0.183800E+10     0.183800E+10     0.183800E+10     0.183800E+10     0.183800E+10     0.183800E+10     0.183800E+10     0.183800E+10     0.183800E+10     0.183800E+10     0.183800E+10     0.183800E+10     0.183800E+10     0.100000E+21
 0.128000E+04     0.174070E+11     0.174070E+11     0.174070E+11     0.174070E+11     0.174070E+11     0.174070E+11     0.174070E+11     0.174070E+11     0.174070E+11     0.174070E+11     0.174070E+11     0.174070E+11     0.100982E+11     0.488400E+10     0.577021E+10     0.517300E+10     0.141632E+11     0.108940E+11     0.107780E+11     0.100291E+11     0.832500E+10     0.825191E+10     0.751992E+10     0.728100E+10     0.771317E+10     0.846599E+10     0.838800E+10     0.753147E+10     0.741400E+10     0.731900E+10     0.794252E+10     0.666700E+10     0.969062E+10     0.200060E+11     0.184900E+11     0.194436E+11     0.180570E+11     0.158625E+11     0.602500E+10     0.595483E+10     0.592400E+10     0.587500E+10     0.583502E+10     0.609500E+10     0.605958E+10     0.537300E+10     0.552800E+10     0.582609E+10     0.589800E+10     0.543877E+10     0.530941E+10     0.544200E+10     0.541310E+10     0.456020E+10     0.281600E+10     0.213807E+10     0.274000E+10     0.317600E+10     0.316050E+10     0.313000E+10     0.264761E+10     0.244200E+10     0.250905E+10     0.262700E+10     0.260700E+10     0.248347E+10     0.253400E+10     0.264941E+10     0.292900E+10     0.290700E+10     0.289057E+10     0.267417E+10     0.275558E+10     0.226103E+10     0.219400E+10     0.218224E+10     0.246630E+10     0.228800E+10     0.232449E+10     0.231100E+10     0.254200E+10     0.232255E+10     0.183800E+10     0.199959E+10     0.198600E+10     0.196800E+10     0.195875E+10     0.231100E+10     0.229406E+10     0.227300E+10     0.209944E+10     0.208800E+10     0.202962E+10     0.195987E+10     0.192800E+10     0.220214E+10     0.229100E+10     0.227300E+10     0.206017E+10     0.195000E+10     0.193864E+10     0.205376E+10     0.233000E+10     0.231868E+10     0.198093E+10     0.193100E+10     0.183800E+10     0.183800E+10     0.183800E+10     0.183800E+10     0.183800E+10     0.183800E+10     0.183800E+10     0.183800E+10     0.183800E+10     0.183800E+10     0.183800E+10     0.183800E+10     0.183800E+10     0.183800E+10     0.183800E+10     0.183800E+10     0.183800E+10     0.183800E+10     0.183800E+10     0.100000E+21
 0.130000E+04     0.174070E+11     0.174070E+11     0.174070E+11     0.174070E+11     0.174070E+11     0.174070E+11     0.174070E+11     0.174070E+11     0.174070E+11     0.174070E+11     0.174070E+11     0.174070E+11     0.105394E+11     0.488400E+10     0.560814E+10     0.517300E+10     0.138678E+11     0.108940E+11     0.107780E+11     0.101388E+11     0.832500E+10     0.826221E+10     0.750570E+10     0.728100E+10     0.767032E+10     0.845096E+10     0.838800E+10     0.751870E+10     0.741400E+10     0.731900E+10     0.777739E+10     0.666700E+10     0.112959E+11     0.200060E+11     0.184900E+11     0.193667E+11     0.188597E+11     0.140510E+11     0.602500E+10     0.595265E+10     0.592400E+10     0.587500E+10     0.584159E+10     0.609500E+10     0.606380E+10     0.537300E+10     0.552800E+10     0.579088E+10     0.589800E+10     0.552120E+10     0.532128E+10     0.544200E+10     0.541511E+10     0.429321E+10     0.281600E+10     0.222057E+10     0.274000E+10     0.317600E+10     0.316205E+10     0.313000E+10     0.261088E+10     0.244200E+10     0.251491E+10     0.262700E+10     0.260700E+10     0.250554E+10     0.253400E+10     0.267736E+10     0.292900E+10     0.290700E+10     0.289282E+10     0.262700E+10     0.271812E+10     0.225636E+10     0.219400E+10     0.218330E+10     0.243430E+10     0.228800E+10     0.232289E+10     0.231100E+10     0.254200E+10     0.226487E+10     0.183800E+10     0.199736E+10     0.198600E+10     0.196800E+10     0.195940E+10     0.231100E+10     0.229718E+10     0.227300E+10     0.209852E+10     0.208800E+10     0.207000E+10     0.198673E+10     0.192800E+10     0.216665E+10     0.229100E+10     0.227300E+10     0.208330E+10     0.195000E+10     0.194083E+10     0.208115E+10     0.233000E+10     0.231935E+10     0.207246E+10     0.193100E+10     0.183800E+10     0.183800E+10     0.183800E+10     0.183800E+10     0.183800E+10     0.183800E+10     0.183800E+10     0.183800E+10     0.183800E+10     0.183800E+10     0.183800E+10     0.183800E+10     0.183800E+10     0.183800E+10     0.183800E+10     0.183800E+10     0.183800E+10     0.183800E+10     0.183800E+10     0.100000E+21
 0.132000E+04     0.174070E+11     0.174070E+11     0.174070E+11     0.174070E+11     0.174070E+11     0.174070E+11     0.174070E+11     0.174070E+11     0.174070E+11     0.174070E+11     0.174070E+11     0.174070E+11     0.103731E+11     0.488400E+10     0.508231E+10     0.517300E+10     0.139827E+11     0.108940E+11     0.107780E+11     0.100952E+11     0.832500E+10     0.825802E+10     0.751106E+10     0.728100E+10     0.768715E+10     0.845671E+10     0.838800E+10     0.752376E+10     0.741400E+10     0.731900E+10     0.784419E+10     0.666700E+10     0.106651E+11     0.200060E+11     0.184900E+11     0.193963E+11     0.195440E+11     0.162606E+11     0.137198E+11     0.595348E+10     0.592400E+10     0.587500E+10     0.583905E+10     0.609500E+10     0.606211E+10     0.537300E+10     0.552800E+10     0.580490E+10     0.589800E+10     0.548887E+10     0.531667E+10     0.544200E+10     0.541435E+10     0.440125E+10     0.281600E+10     0.218766E+10     0.274000E+10     0.317600E+10     0.316144E+10     0.313000E+10     0.262463E+10     0.244200E+10     0.251272E+10     0.262700E+10     0.260700E+10     0.249728E+10     0.253400E+10     0.266638E+10     0.292900E+10     0.290700E+10     0.289192E+10     0.262700E+10     0.272479E+10     0.225814E+10     0.219400E+10     0.218289E+10     0.244685E+10     0.228800E+10     0.222760E+10     0.231100E+10     0.238651E+10     0.241781E+10     0.230160E+10     0.199822E+10     0.198600E+10     0.196800E+10     0.195916E+10     0.231100E+10     0.229604E+10     0.227300E+10     0.209888E+10     0.208800E+10     0.207000E+10     0.198070E+10     0.192800E+10     0.218101E+10     0.229100E+10     0.227300E+10     0.207415E+10     0.195000E+10     0.193999E+10     0.207040E+10     0.233000E+10     0.231910E+10     0.216973E+10     0.193100E+10     0.183800E+10     0.183800E+10     0.183800E+10     0.183800E+10     0.183800E+10     0.183800E+10     0.183800E+10     0.183800E+10     0.183800E+10     0.183800E+10     0.183800E+10     0.183800E+10     0.183800E+10     0.183800E+10     0.183800E+10     0.183800E+10     0.183800E+10     0.183800E+10     0.183800E+10     0.100000E+21
 0.134000E+04     0.174070E+11     0.174070E+11     0.174070E+11     0.174070E+11     0.174070E+11     0.174070E+11     0.174070E+11     0.174070E+11     0.174070E+11     0.174070E+11     0.174070E+11     0.174070E+11     0.100957E+11     0.488400E+10     0.488400E+10     0.517300E+10     0.141662E+11     0.108940E+11     0.107780E+11     0.100259E+11     0.832500E+10     0.825163E+10     0.751999E+10     0.728100E+10     0.771369E+10     0.846683E+10     0.838800E+10     0.753165E+10     0.741400E+10     0.731900E+10     0.735954E+10     0.666700E+10     0.963604E+10     0.200060E+11     0.184900E+11     0.194442E+11     0.195440E+11     0.175777E+11     0.172240E+11     0.595484E+10     0.592400E+10     0.587500E+10     0.583476E+10     0.609500E+10     0.605950E+10     0.537300E+10     0.552800E+10     0.582670E+10     0.589800E+10     0.543485E+10     0.530929E+10     0.544200E+10     0.541308E+10     0.456903E+10     0.281600E+10     0.213605E+10     0.274000E+10     0.317600E+10     0.316049E+10     0.313000E+10     0.264952E+10     0.244200E+10     0.250903E+10     0.262700E+10     0.260700E+10     0.264408E+10     0.253400E+10     0.264907E+10     0.292900E+10     0.290700E+10     0.289052E+10     0.262700E+10     0.273514E+10     0.226107E+10     0.219400E+10     0.218223E+10     0.246782E+10     0.228800E+10     0.217587E+10     0.231100E+10     0.229100E+10     0.251620E+10     0.250200E+10     0.199968E+10     0.198600E+10     0.196800E+10     0.195875E+10     0.231100E+10     0.229387E+10     0.227300E+10     0.209945E+10     0.208800E+10     0.207000E+10     0.197086E+10     0.192800E+10     0.220293E+10     0.229100E+10     0.227300E+10     0.205984E+10     0.195000E+10     0.193852E+10     0.205343E+10     0.233000E+10     0.231868E+10     0.219251E+10     0.193100E+10     0.183800E+10     0.183800E+10     0.183800E+10     0.183800E+10     0.183800E+10     0.183800E+10     0.183800E+10     0.183800E+10     0.183800E+10     0.183800E+10     0.183800E+10     0.183800E+10     0.183800E+10     0.183800E+10     0.183800E+10     0.183800E+10     0.183800E+10     0.183800E+10     0.183800E+10     0.100000E+21
 0.136000E+04     0.174070E+11     0.174070E+11     0.174070E+11     0.174070E+11     0.174070E+11     0.174070E+11     0.174070E+11     0.174070E+11     0.174070E+11     0.174070E+11     0.174070E+11     0.174070E+11     0.101831E+11     0.488400E+10     0.488400E+10     0.517300E+10     0.141226E+11     0.108940E+11     0.107780E+11     0.100267E+11     0.832500E+10     0.825162E+10     0.751716E+10     0.728100E+10     0.770819E+10     0.846887E+10     0.838800E+10     0.753030E+10     0.741400E+10     0.731900E+10     0.706565E+10     0.666700E+10     0.960754E+10     0.200060E+11     0.184900E+11     0.194314E+11     0.195440E+11     0.175849E+11     0.172240E+11     0.595445E+10     0.592400E+10     0.587500E+10     0.583448E+10     0.679400E+10     0.626709E+10     0.537300E+10     0.552800E+10     0.582381E+10     0.589800E+10     0.542625E+10     0.531106E+10     0.544200E+10     0.541345E+10     0.457895E+10     0.281600E+10     0.278103E+10     0.274000E+10     0.317600E+10     0.316068E+10     0.313000E+10     0.265268E+10     0.244200E+10     0.251026E+10     0.262700E+10     0.260700E+10     0.269280E+10     0.253400E+10     0.265260E+10     0.292900E+10     0.290700E+10     0.289059E+10     0.262700E+10     0.273575E+10     0.226020E+10     0.219400E+10     0.218239E+10     0.227877E+10     0.228800E+10     0.217718E+10     0.231100E+10     0.229100E+10     0.251607E+10     0.250200E+10     0.199978E+10     0.198600E+10     0.196800E+10     0.195887E+10     0.231100E+10     0.229353E+10     0.227300E+10     0.209930E+10     0.208800E+10     0.207000E+10     0.197059E+10     0.192800E+10     0.220162E+10     0.229100E+10     0.227300E+10     0.206229E+10     0.195000E+10     0.193822E+10     0.234262E+10     0.233000E+10     0.231881E+10     0.219254E+10     0.193100E+10     0.183800E+10     0.183800E+10     0.183800E+10     0.183800E+10     0.183800E+10     0.183800E+10     0.183800E+10     0.183800E+10     0.183800E+10     0.183800E+10     0.183800E+10     0.183800E+10     0.183800E+10     0.183800E+10     0.183800E+10     0.183800E+10     0.183800E+10     0.183800E+10     0.183800E+10     0.100000E+21
 0.138000E+04     0.174070E+11     0.174070E+11     0.174070E+11     0.174070E+11     0.174070E+11     0.174070E+11     0.174070E+11     0.174070E+11     0.174070E+11     0.174070E+11     0.174070E+11     0.174070E+11     0.101220E+11     0.488400E+10     0.488400E+10     0.517300E+10     0.141377E+11     0.108940E+11     0.107780E+11     0.100516E+11     0.832500E+10     0.825396E+10     0.751916E+10     0.728100E+10     0.770890E+10     0.846091E+10     0.838800E+10     0.752998E+10     0.741400E+10     0.731900E+10     0.731247E+10     0.756268E+10     0.100625E+11     0.200060E+11     0.184900E+11     0.194379E+11     0.195440E+11     0.175528E+11     0.172240E+11     0.595469E+10     0.592400E+10     0.587500E+10     0.583671E+10     0.679400E+10     0.627219E+10     0.537300E+10     0.552800E+10     0.582131E+10     0.589800E+10     0.546375E+10     0.531042E+10     0.544200E+10     0.541322E+10     0.449821E+10     0.281600E+10     0.278006E+10     0.274000E+10     0.317600E+10     0.316066E+10     0.313000E+10     0.266112E+10     0.256069E+10     0.250933E+10     0.262700E+10     0.260700E+10     0.268619E+10     0.248334E+10     0.265224E+10     0.292900E+10     0.290700E+10     0.289098E+10     0.262700E+10     0.273077E+10     0.226074E+10     0.219400E+10     0.218233E+10     0.227950E+10     0.228800E+10     0.217831E+10     0.231100E+10     0.229100E+10     0.251593E+10     0.250200E+10     0.199902E+10     0.198600E+10     0.196800E+10     0.207830E+10     0.231100E+10     0.229508E+10     0.227300E+10     0.209938E+10     0.208800E+10     0.207000E+10     0.197494E+10     0.192800E+10     0.219619E+10     0.229100E+10     0.227300E+10     0.206287E+10     0.195000E+10     0.193938E+10     0.234264E+10     0.233000E+10     0.231872E+10     0.218422E+10     0.193100E+10     0.183800E+10     0.183800E+10     0.183800E+10     0.183800E+10     0.183800E+10     0.183800E+10     0.183800E+10     0.183800E+10     0.183800E+10     0.183800E+10     0.183800E+10     0.183800E+10     0.183800E+10     0.183800E+10     0.183800E+10     0.183800E+10     0.183800E+10     0.183800E+10     0.183800E+10     0.100000E+21
 0.140000E+04     0.174070E+11     0.174070E+11     0.174070E+11     0.174070E+11     0.174070E+11     0.174070E+11     0.174070E+11     0.174070E+11     0.174070E+11     0.174070E+11     0.174070E+11     0.174070E+11     0.105327E+11     0.488400E+10     0.488400E+10     0.517300E+10     0.138723E+11     0.108940E+11     0.107780E+11     0.101372E+11     0.832500E+10     0.826205E+10     0.750592E+10     0.728100E+10     0.767098E+10     0.845115E+10     0.838800E+10     0.751890E+10     0.741400E+10     0.731900E+10     0.764704E+10     0.834900E+10     0.112731E+11     0.200060E+11     0.184900E+11     0.193679E+11     0.195440E+11     0.175103E+11     0.172240E+11     0.595269E+10     0.592400E+10     0.587500E+10     0.584150E+10     0.679400E+10     0.632560E+10     0.537300E+10     0.552800E+10     0.579141E+10     0.589800E+10     0.552008E+10     0.527311E+10     0.533111E+10     0.536463E+10     0.429709E+10     0.281600E+10     0.277553E+10     0.274000E+10     0.317600E+10     0.316203E+10     0.313000E+10     0.268334E+10     0.266900E+10     0.251482E+10     0.262700E+10     0.260700E+10     0.267597E+10     0.243800E+10     0.259535E+10     0.272648E+10     0.290700E+10     0.289279E+10     0.273257E+10     0.276107E+10     0.225643E+10     0.219400E+10     0.218328E+10     0.228836E+10     0.238532E+10     0.219184E+10     0.231100E+10     0.229100E+10     0.251451E+10     0.250200E+10     0.199739E+10     0.198600E+10     0.196800E+10     0.217568E+10     0.231100E+10     0.229714E+10     0.227300E+10     0.209853E+10     0.208800E+10     0.207000E+10     0.198651E+10     0.192800E+10     0.216719E+10     0.229100E+10     0.227300E+10     0.208295E+10     0.195000E+10     0.194080E+10     0.234152E+10     0.233000E+10     0.231934E+10     0.215537E+10     0.193100E+10     0.183800E+10     0.183800E+10     0.183800E+10     0.183800E+10     0.183800E+10     0.183800E+10     0.183800E+10     0.183800E+10     0.183800E+10     0.183800E+10     0.183800E+10     0.183800E+10     0.183800E+10     0.183800E+10     0.183800E+10     0.183800E+10     0.183800E+10     0.183800E+10     0.183800E+10     0.100000E+21
 0.142000E+04     0.174070E+11     0.174070E+11     0.174070E+11     0.174070E+11     0.174070E+11     0.174070E+11     0.174070E+11     0.174070E+11     0.174070E+11     0.174070E+11     0.174070E+11     0.174070E+11     0.104969E+11     0.488400E+10     0.534738E+10     0.116125E+11     0.138966E+11     0.108940E+11     0.107780E+11     0.101285E+11     0.832500E+10     0.826122E+10     0.750707E+10     0.728100E+10     0.767450E+10     0.845223E+10     0.838800E+10     0.756638E+10     0.741400E+10     0.731900E+10     0.763853E+10     0.834900E+10     0.111493E+11     0.200060E+11     0.184900E+11     0.193742E+11     0.195440E+11     0.175147E+11     0.172240E+11     0.595286E+10     0.592400E+10     0.587500E+10     0.584101E+10     0.618070E+10     0.611882E+10     0.537300E+10     0.552800E+10     0.579429E+10     0.589800E+10     0.573365E+10     0.522062E+10     0.519300E+10     0.530940E+10     0.431825E+10     0.281600E+10     0.277598E+10     0.274000E+10     0.317600E+10     0.316190E+10     0.313000E+10     0.268356E+10     0.266900E+10     0.251435E+10     0.262700E+10     0.260700E+10     0.267704E+10     0.243800E+10     0.250626E+10     0.249400E+10     0.290700E+10     0.289261E+10     0.286400E+10     0.280726E+10     0.225681E+10     0.219400E+10     0.218319E+10     0.228734E+10     0.250600E+10     0.219053E+10     0.231100E+10     0.229100E+10     0.251465E+10     0.250200E+10     0.220033E+10     0.198600E+10     0.196800E+10     0.217697E+10     0.231100E+10     0.229692E+10     0.227300E+10     0.209861E+10     0.208800E+10     0.207000E+10     0.198533E+10     0.192800E+10     0.217009E+10     0.229100E+10     0.227300E+10     0.208105E+10     0.195000E+10     0.194065E+10     0.234163E+10     0.233000E+10     0.231929E+10     0.215834E+10     0.193100E+10     0.183800E+10     0.183800E+10     0.183800E+10     0.183800E+10     0.183800E+10     0.183800E+10     0.183800E+10     0.183800E+10     0.183800E+10     0.183800E+10     0.183800E+10     0.183800E+10     0.183800E+10     0.183800E+10     0.183800E+10     0.183800E+10     0.183800E+10     0.183800E+10     0.183800E+10     0.100000E+21
 0.144000E+04     0.174070E+11     0.174070E+11     0.174070E+11     0.174070E+11     0.174070E+11     0.174070E+11     0.174070E+11     0.174070E+11     0.174070E+11     0.174070E+11     0.174070E+11     0.174070E+11     0.101209E+11     0.488400E+10     0.572016E+10     0.158870E+11     0.141388E+11     0.108940E+11     0.107780E+11     0.100508E+11     0.832500E+10     0.825388E+10     0.751920E+10     0.728100E+10     0.770908E+10     0.846109E+10     0.838800E+10     0.761468E+10     0.741400E+10     0.731900E+10     0.756121E+10     0.834900E+10     0.100484E+11     0.200060E+11     0.184900E+11     0.194382E+11     0.195440E+11     0.175535E+11     0.172240E+11     0.595470E+10     0.592400E+10     0.587500E+10     0.583665E+10     0.577600E+10     0.596354E+10     0.537300E+10     0.552800E+10     0.582151E+10     0.589800E+10     0.586251E+10     0.522283E+10     0.519300E+10     0.531672E+10     0.455853E+10     0.281600E+10     0.278010E+10     0.274000E+10     0.317600E+10     0.316065E+10     0.313000E+10     0.268550E+10     0.266900E+10     0.250931E+10     0.262700E+10     0.260700E+10     0.263271E+10     0.243800E+10     0.250734E+10     0.249400E+10     0.290700E+10     0.289096E+10     0.286400E+10     0.280038E+10     0.227853E+10     0.224356E+10     0.219842E+10     0.225825E+10     0.250600E+10     0.217822E+10     0.231100E+10     0.229100E+10     0.251594E+10     0.250200E+10     0.236641E+10     0.198600E+10     0.196800E+10     0.219027E+10     0.231100E+10     0.229504E+10     0.227300E+10     0.209938E+10     0.208800E+10     0.207000E+10     0.197481E+10     0.192800E+10     0.219644E+10     0.229100E+10     0.227300E+10     0.206276E+10     0.195000E+10     0.193936E+10     0.234265E+10     0.233000E+10     0.231871E+10     0.218451E+10     0.193100E+10     0.183800E+10     0.183800E+10     0.183800E+10     0.183800E+10     0.183800E+10     0.183800E+10     0.183800E+10     0.183800E+10     0.183800E+10     0.183800E+10     0.183800E+10     0.183800E+10     0.183800E+10     0.183800E+10     0.183800E+10     0.183800E+10     0.183800E+10     0.183800E+10     0.183800E+10     0.100000E+21
 0.146000E+04     0.174070E+11     0.174070E+11     0.174070E+11     0.174070E+11     0.174070E+11     0.174070E+11     0.174070E+11     0.174070E+11     0.174070E+11     0.174070E+11     0.174070E+11     0.174070E+11     0.101457E+11     0.488400E+10     0.586099E+10     0.158870E+11     0.141513E+11     0.108940E+11     0.107780E+11     0.105911E+11     0.832500E+10     0.825003E+10     0.751836E+10     0.728100E+10     0.771259E+10     0.847356E+10     0.838800E+10     0.761756E+10     0.741400E+10     0.731900E+10     0.753184E+10     0.834900E+10     0.931040E+10     0.200060E+11     0.184900E+11     0.194385E+11     0.195440E+11     0.176157E+11     0.172240E+11     0.595464E+10     0.592400E+10     0.587500E+10     0.583306E+10     0.577600E+10     0.596798E+10     0.537300E+10     0.552800E+10     0.582800E+10     0.589800E+10     0.585783E+10     0.522293E+10     0.519300E+10     0.531645E+10     0.473975E+10     0.281600E+10     0.278184E+10     0.274000E+10     0.286258E+10     0.306695E+10     0.313000E+10     0.268784E+10     0.266900E+10     0.244734E+10     0.247152E+10     0.260700E+10     0.258906E+10     0.243800E+10     0.250746E+10     0.249400E+10     0.290700E+10     0.289026E+10     0.286400E+10     0.268648E+10     0.229561E+10     0.228400E+10     0.221373E+10     0.222559E+10     0.250600E+10     0.226090E+10     0.231100E+10     0.229100E+10     0.237213E+10     0.250200E+10     0.240205E+10     0.198600E+10     0.196800E+10     0.218981E+10     0.231100E+10     0.229203E+10     0.227300E+10     0.209938E+10     0.208800E+10     0.207000E+10     0.196775E+10     0.192800E+10     0.220645E+10     0.229100E+10     0.227300E+10     0.205975E+10     0.195000E+10     0.193754E+10     0.234275E+10     0.233000E+10     0.231875E+10     0.219821E+10     0.193100E+10     0.183800E+10     0.183800E+10     0.183800E+10     0.183800E+10     0.183800E+10     0.183800E+10     0.183800E+10     0.183800E+10     0.183800E+10     0.183800E+10     0.183800E+10     0.183800E+10     0.183800E+10     0.183800E+10     0.183800E+10     0.183800E+10     0.183800E+10     0.183800E+10     0.183800E+10     0.100000E+21
 0.148000E+04     0.174070E+11     0.174070E+11     0.174070E+11     0.174070E+11     0.174070E+11     0.174070E+11     0.174070E+11     0.174070E+11     0.174070E+11     0.174070E+11     0.174070E+11     0.174070E+11     0.101097E+11     0.488400E+10     0.574001E+10     0.158870E+11     0.141504E+11     0.108940E+11     0.107780E+11     0.106907E+11     0.832500E+10     0.825301E+10     0.751955E+10     0.728100E+10     0.771100E+10     0.846309E+10     0.838800E+10     0.761583E+10     0.741400E+10     0.731900E+10     0.715105E+10     0.834900E+10     0.989432E+10     0.200060E+11     0.184900E+11     0.182200E+11     0.195440E+11     0.175615E+11     0.172240E+11     0.595476E+10     0.592400E+10     0.587500E+10     0.583596E+10     0.679400E+10     0.626798E+10     0.537300E+10     0.552800E+10     0.582361E+10     0.589800E+10     0.586168E+10     0.522293E+10     0.519300E+10     0.531696E+10     0.463357E+10     0.281600E+10     0.278053E+10     0.274000E+10     0.271900E+10     0.300988E+10     0.313000E+10     0.302078E+10     0.266900E+10     0.241455E+10     0.240300E+10     0.260700E+10     0.259094E+10     0.243800E+10     0.250740E+10     0.249400E+10     0.290700E+10     0.289079E+10     0.286400E+10     0.267952E+10     0.229566E+10     0.228400E+10     0.221373E+10     0.218437E+10     0.225700E+10     0.221984E+10     0.210300E+10     0.229100E+10     0.234117E+10     0.250200E+10     0.237324E+10     0.198600E+10     0.196800E+10     0.219072E+10     0.231100E+10     0.229466E+10     0.227300E+10     0.209941E+10     0.208800E+10     0.207000E+10     0.197333E+10     0.192800E+10     0.219901E+10     0.229100E+10     0.227300E+10     0.206156E+10     0.195000E+10     0.193906E+10     0.234271E+10     0.233000E+10     0.231870E+10     0.218761E+10     0.193100E+10     0.183800E+10     0.183800E+10     0.183800E+10     0.183800E+10     0.183800E+10     0.183800E+10     0.183800E+10     0.183800E+10     0.183800E+10     0.183800E+10     0.183800E+10     0.183800E+10     0.183800E+10     0.183800E+10     0.183800E+10     0.183800E+10     0.183800E+10     0.183800E+10     0.183800E+10     0.100000E+21
 0.150000E+04     0.174070E+11     0.174070E+11     0.174070E+11     0.174070E+11     0.174070E+11     0.174070E+11     0.174070E+11     0.174070E+11     0.174070E+11     0.174070E+11     0.174070E+11     0.174070E+11     0.104422E+11     0.488400E+10     0.564049E+10     0.158870E+11     0.139342E+11     0.108940E+11     0.107780E+11     0.106994E+11     0.832500E+10     0.825987E+10     0.750883E+10     0.728100E+10     0.768000E+10     0.845404E+10     0.838800E+10     0.760007E+10     0.741400E+10     0.731900E+10     0.725836E+10     0.834900E+10     0.108919E+11     0.200060E+11     0.184900E+11     0.182361E+11     0.195440E+11     0.175222E+11     0.172240E+11     0.595314E+10     0.592400E+10     0.587500E+10     0.584019E+10     0.679400E+10     0.631223E+10     0.537300E+10     0.552800E+10     0.569378E+10     0.589800E+10     0.586584E+10     0.522096E+10     0.519300E+10     0.531048E+10     0.444894E+10     0.281600E+10     0.277670E+10     0.274000E+10     0.271900E+10     0.298877E+10     0.313000E+10     0.298044E+10     0.266900E+10     0.241411E+10     0.240300E+10     0.260700E+10     0.259278E+10     0.252672E+10     0.250643E+10     0.249400E+10     0.290700E+10     0.289232E+10     0.286400E+10     0.269826E+10     0.239409E+10     0.228400E+10     0.221836E+10     0.219268E+10     0.225700E+10     0.221005E+10     0.210300E+10     0.229100E+10     0.235470E+10     0.250200E+10     0.233128E+10     0.198600E+10     0.196800E+10     0.209591E+10     0.231100E+10     0.229656E+10     0.227300E+10     0.209873E+10     0.208800E+10     0.207000E+10     0.198340E+10     0.192800E+10     0.217473E+10     0.229100E+10     0.227300E+10     0.207807E+10     0.195000E+10     0.194038E+10     0.234179E+10     0.233000E+10     0.231920E+10     0.216313E+10     0.193100E+10     0.183800E+10     0.183800E+10     0.183800E+10     0.183800E+10     0.183800E+10     0.183800E+10     0.183800E+10     0.183800E+10     0.183800E+10     0.183800E+10     0.183800E+10     0.183800E+10     0.183800E+10     0.183800E+10     0.183800E+10     0.183800E+10     0.183800E+10     0.183800E+10     0.183800E+10     0.100000E+21
 0.152000E+04     0.174070E+11     0.174070E+11     0.174070E+11     0.174070E+11     0.174070E+11     0.174070E+11     0.174070E+11     0.174070E+11     0.174070E+11     0.174070E+11     0.174070E+11     0.174070E+11     0.105471E+11     0.488400E+10     0.560581E+10     0.104525E+11     0.138626E+11     0.108940E+11     0.107780E+11     0.107025E+11     0.832500E+10     0.826238E+10     0.750546E+10     0.728100E+10     0.766957E+10     0.845074E+10     0.838800E+10     0.759469E+10     0.741400E+10     0.731900E+10     0.729675E+10     0.834900E+10     0.111582E+11     0.200060E+11     0.184900E+11     0.182414E+11     0.195440E+11     0.175085E+11     0.172240E+11     0.595261E+10     0.592400E+10     0.587500E+10     0.584169E+10     0.679400E+10     0.632765E+10     0.537300E+10     0.542553E+10     0.545989E+10     0.589800E+10     0.586737E+10     0.522031E+10     0.519300E+10     0.530841E+10     0.438092E+10     0.281600E+10     0.277535E+10     0.274000E+10     0.271900E+10     0.298165E+10     0.313000E+10     0.296631E+10     0.266900E+10     0.241398E+10     0.240300E+10     0.260700E+10     0.259342E+10     0.269000E+10     0.250610E+10     0.249400E+10     0.290700E+10     0.289286E+10     0.286400E+10     0.270516E+10     0.255195E+10     0.228400E+10     0.221989E+10     0.219574E+10     0.225700E+10     0.227543E+10     0.210300E+10     0.229100E+10     0.235942E+10     0.250200E+10     0.231640E+10     0.198600E+10     0.196800E+10     0.195942E+10     0.231100E+10     0.229722E+10     0.227300E+10     0.209850E+10     0.208800E+10     0.207000E+10     0.198698E+10     0.192800E+10     0.216604E+10     0.229100E+10     0.227300E+10     0.208370E+10     0.195000E+10     0.194086E+10     0.234148E+10     0.233000E+10     0.231936E+10     0.215421E+10     0.193100E+10     0.183800E+10     0.183800E+10     0.183800E+10     0.183800E+10     0.183800E+10     0.183800E+10     0.183800E+10     0.183800E+10     0.183800E+10     0.183800E+10     0.183800E+10     0.183800E+10     0.183800E+10     0.183800E+10     0.183800E+10     0.183800E+10     0.183800E+10     0.183800E+10     0.183800E+10     0.100000E+21
 0.154000E+04     0.174070E+11     0.174070E+11     0.174070E+11     0.174070E+11     0.174070E+11     0.174070E+11     0.174070E+11     0.174070E+11     0.174070E+11     0.174070E+11     0.174070E+11     0.174070E+11     0.101124E+11     0.488400E+10     0.573470E+10     0.517300E+10     0.141475E+11     0.108940E+11     0.107780E+11     0.106910E+11     0.832500E+10     0.825323E+10     0.751946E+10     0.728100E+10     0.771052E+10     0.846256E+10     0.838800E+10     0.761554E+10     0.741400E+10     0.731900E+10     0.715391E+10     0.834900E+10     0.974455E+10     0.200060E+11     0.184900E+11     0.182202E+11     0.195440E+11     0.175594E+11     0.172240E+11     0.595475E+10     0.592400E+10     0.587500E+10     0.583614E+10     0.679400E+10     0.626894E+10     0.537300E+10     0.532600E+10     0.543420E+10     0.589800E+10     0.586190E+10     0.522290E+10     0.519300E+10     0.531690E+10     0.529243E+10     0.515300E+10     0.256681E+10     0.193400E+10     0.271900E+10     0.300956E+10     0.313000E+10     0.301874E+10     0.266900E+10     0.241455E+10     0.240300E+10     0.260700E+10     0.259103E+10     0.269000E+10     0.250739E+10     0.249400E+10     0.290700E+10     0.289083E+10     0.286400E+10     0.268023E+10     0.257168E+10     0.228400E+10     0.221379E+10     0.215200E+10     0.213900E+10     0.237209E+10     0.210300E+10     0.229100E+10     0.234147E+10     0.250200E+10     0.237146E+10     0.198600E+10     0.196800E+10     0.195878E+10     0.231100E+10     0.229476E+10     0.227300E+10     0.209940E+10     0.208800E+10     0.207000E+10     0.197371E+10     0.192800E+10     0.219836E+10     0.229100E+10     0.227300E+10     0.206186E+10     0.195000E+10     0.193914E+10     0.234269E+10     0.233000E+10     0.231870E+10     0.218682E+10     0.193100E+10     0.183800E+10     0.183800E+10     0.183800E+10     0.183800E+10     0.183800E+10     0.183800E+10     0.183800E+10     0.183800E+10     0.183800E+10     0.183800E+10     0.183800E+10     0.183800E+10     0.183800E+10     0.183800E+10     0.183800E+10     0.183800E+10     0.183800E+10     0.183800E+10     0.183800E+10     0.100000E+21
 0.156000E+04     0.174070E+11     0.174070E+11     0.174070E+11     0.174070E+11     0.174070E+11     0.174070E+11     0.174070E+11     0.174070E+11     0.174070E+11     0.174070E+11     0.174070E+11     0.174070E+11     0.102455E+11     0.488400E+10     0.573797E+10     0.517300E+10     0.140755E+11     0.108940E+11     0.107780E+11     0.106921E+11     0.832500E+10     0.825400E+10     0.751516E+10     0.728100E+10     0.770103E+10     0.846355E+10     0.838800E+10     0.761122E+10     0.741400E+10     0.731900E+10     0.717241E+10     0.834900E+10     0.983371E+10     0.200060E+11     0.184900E+11     0.182260E+11     0.195440E+11     0.175609E+11     0.172240E+11     0.595413E+10     0.592400E+10     0.587500E+10     0.583634E+10     0.599856E+10     0.608953E+10     0.537300E+10     0.532600E+10     0.543203E+10     0.589800E+10     0.586165E+10     0.522224E+10     0.519300E+10     0.531442E+10     0.529167E+10     0.515300E+10     0.255707E+10     0.193400E+10     0.271900E+10     0.300314E+10     0.313000E+10     0.301933E+10     0.266900E+10     0.241437E+10     0.240300E+10     0.260700E+10     0.259100E+10     0.269000E+10     0.250709E+10     0.249400E+10     0.290700E+10     0.289108E+10     0.286400E+10     0.268124E+10     0.256591E+10     0.228400E+10     0.221534E+10     0.215208E+10     0.213900E+10     0.239390E+10     0.221741E+10     0.229100E+10     0.234459E+10     0.250200E+10     0.236954E+10     0.198600E+10     0.196800E+10     0.195896E+10     0.231100E+10     0.229468E+10     0.227300E+10     0.209916E+10     0.208800E+10     0.207000E+10     0.197455E+10     0.192800E+10     0.219418E+10     0.229100E+10     0.227300E+10     0.206639E+10     0.195000E+10     0.193900E+10     0.234241E+10     0.233000E+10     0.231891E+10     0.218406E+10     0.193100E+10     0.183800E+10     0.183800E+10     0.183800E+10     0.183800E+10     0.183800E+10     0.183800E+10     0.183800E+10     0.183800E+10     0.183800E+10     0.183800E+10     0.183800E+10     0.183800E+10     0.183800E+10     0.183800E+10     0.183800E+10     0.183800E+10     0.183800E+10     0.183800E+10     0.183800E+10     0.100000E+21
 0.158000E+04     0.174070E+11     0.174070E+11     0.174070E+11     0.174070E+11     0.174070E+11     0.174070E+11     0.174070E+11     0.174070E+11     0.174070E+11     0.174070E+11     0.174070E+11     0.174070E+11     0.100902E+11     0.488400E+10     0.583802E+10     0.517300E+10     0.141764E+11     0.108940E+11     0.107780E+11     0.106872E+11     0.832500E+10     0.825039E+10     0.752017E+10     0.728100E+10     0.721815E+10     0.847140E+10     0.838800E+10     0.761871E+10     0.741400E+10     0.731900E+10     0.711886E+10     0.834900E+10     0.917855E+10     0.200060E+11     0.184900E+11     0.182184E+11     0.195440E+11     0.176040E+11     0.172240E+11     0.595489E+10     0.592400E+10     0.587500E+10     0.583346E+10     0.577600E+10     0.596861E+10     0.537300E+10     0.532600E+10     0.543643E+10     0.589800E+10     0.585861E+10     0.522316E+10     0.519300E+10     0.531744E+10     0.529977E+10     0.515300E+10     0.258858E+10     0.193400E+10     0.271900E+10     0.301306E+10     0.313000E+10     0.305492E+10     0.266900E+10     0.254474E+10     0.240300E+10     0.260700E+10     0.258938E+10     0.269000E+10     0.244318E+10     0.249400E+10     0.247400E+10     0.278646E+10     0.286400E+10     0.267056E+10     0.257293E+10     0.228400E+10     0.221318E+10     0.215318E+10     0.213900E+10     0.241923E+10     0.225000E+10     0.229100E+10     0.233803E+10     0.250200E+10     0.239803E+10     0.198600E+10     0.196800E+10     0.195873E+10     0.231100E+10     0.229260E+10     0.227300E+10     0.209947E+10     0.208800E+10     0.207000E+10     0.196840E+10     0.192800E+10     0.220629E+10     0.229100E+10     0.227300E+10     0.205855E+10     0.195000E+10     0.193785E+10     0.234284E+10     0.233000E+10     0.231867E+10     0.219693E+10     0.193100E+10     0.183800E+10     0.183800E+10     0.183800E+10     0.183800E+10     0.183800E+10     0.183800E+10     0.183800E+10     0.183800E+10     0.183800E+10     0.183800E+10     0.183800E+10     0.183800E+10     0.183800E+10     0.183800E+10     0.183800E+10     0.183800E+10     0.183800E+10     0.183800E+10     0.183800E+10     0.100000E+21
 0.160000E+04     0.174070E+11     0.174070E+11     0.174070E+11     0.174070E+11     0.174070E+11     0.174070E+11     0.174070E+11     0.174070E+11     0.174070E+11     0.174070E+11     0.174070E+11     0.174070E+11     0.102871E+11     0.488400E+10     0.570594E+10     0.517300E+10     0.140428E+11     0.108940E+11     0.107780E+11     0.106941E+11     0.832500E+10     0.825570E+10     0.751382E+10     0.728100E+10     0.722098E+10     0.846030E+10     0.838800E+10     0.760847E+10     0.741400E+10     0.731900E+10     0.719593E+10     0.834900E+10     0.101124E+11     0.200060E+11     0.184900E+11     0.182282E+11     0.195440E+11     0.175481E+11     0.172240E+11     0.595391E+10     0.592400E+10     0.587500E+10     0.583752E+10     0.577600E+10     0.595784E+10     0.537300E+10     0.532600E+10     0.543031E+10     0.589800E+10     0.586303E+10     0.522195E+10     0.519300E+10     0.531357E+10     0.528776E+10     0.515300E+10     0.254372E+10     0.193400E+10     0.271900E+10     0.299970E+10     0.313000E+10     0.300678E+10     0.266900E+10     0.254160E+10     0.240300E+10     0.260700E+10     0.259158E+10     0.269000E+10     0.244549E+10     0.249400E+10     0.247400E+10     0.276505E+10     0.286400E+10     0.268639E+10     0.256393E+10     0.228400E+10     0.221604E+10     0.215159E+10     0.213900E+10     0.240985E+10     0.225000E+10     0.229100E+10     0.234720E+10     0.250200E+10     0.235785E+10     0.198600E+10     0.196800E+10     0.195903E+10     0.231100E+10     0.229530E+10     0.227300E+10     0.209906E+10     0.208800E+10     0.207000E+10     0.197716E+10     0.192800E+10     0.218885E+10     0.229100E+10     0.227300E+10     0.206927E+10     0.195000E+10     0.193947E+10     0.234226E+10     0.233000E+10     0.231897E+10     0.217802E+10     0.193100E+10     0.183800E+10     0.183800E+10     0.183800E+10     0.183800E+10     0.183800E+10     0.183800E+10     0.183800E+10     0.183800E+10     0.183800E+10     0.183800E+10     0.183800E+10     0.183800E+10     0.183800E+10     0.183800E+10     0.183800E+10     0.183800E+10     0.183800E+10     0.183800E+10     0.183800E+10     0.100000E+21
 0.162000E+04     0.174070E+11     0.174070E+11     0.174070E+11     0.174070E+11     0.174070E+11     0.174070E+11     0.174070E+11     0.174070E+11     0.174070E+11     0.174070E+11     0.174070E+11     0.174070E+11     0.105100E+11     0.488400E+10     0.561734E+10     0.517300E+10     0.138877E+11     0.108940E+11     0.107780E+11     0.107014E+11     0.968800E+10     0.876799E+10     0.765514E+10     0.758713E+10     0.735884E+10     0.845182E+10     0.838800E+10     0.759656E+10     0.741400E+10     0.731900E+10     0.728363E+10     0.834900E+10     0.110296E+11     0.200060E+11     0.184900E+11     0.182396E+11     0.195440E+11     0.175131E+11     0.172240E+11     0.595280E+10     0.592400E+10     0.587500E+10     0.584119E+10     0.577600E+10     0.594540E+10     0.599400E+10     0.532600E+10     0.542325E+10     0.589800E+10     0.586686E+10     0.522054E+10     0.519300E+10     0.530914E+10     0.527528E+10     0.515300E+10     0.249462E+10     0.193400E+10     0.271900E+10     0.298413E+10     0.313000E+10     0.297101E+10     0.266900E+10     0.253808E+10     0.240300E+10     0.260700E+10     0.259321E+10     0.269000E+10     0.244818E+10     0.249400E+10     0.247400E+10     0.274161E+10     0.286400E+10     0.285020E+10     0.255365E+10     0.228400E+10     0.224174E+10     0.215021E+10     0.213900E+10     0.233513E+10     0.225000E+10     0.229100E+10     0.226596E+10     0.225400E+10     0.232139E+10     0.198600E+10     0.196800E+10     0.195936E+10     0.231100E+10     0.229700E+10     0.227300E+10     0.213543E+10     0.208800E+10     0.207000E+10     0.201471E+10     0.192800E+10     0.216901E+10     0.229100E+10     0.227300E+10     0.208175E+10     0.195000E+10     0.194071E+10     0.234159E+10     0.233000E+10     0.231931E+10     0.215723E+10     0.193100E+10     0.183800E+10     0.183800E+10     0.183800E+10     0.183800E+10     0.183800E+10     0.183800E+10     0.183800E+10     0.183800E+10     0.183800E+10     0.183800E+10     0.183800E+10     0.183800E+10     0.183800E+10     0.183800E+10     0.183800E+10     0.183800E+10     0.183800E+10     0.183800E+10     0.183800E+10     0.100000E+21
 0.164000E+04     0.174070E+11     0.174070E+11     0.174070E+11     0.174070E+11     0.174070E+11     0.174070E+11     0.174070E+11     0.174070E+11     0.174070E+11     0.174070E+11     0.174070E+11     0.174070E+11     0.100901E+11     0.488400E+10     0.582571E+10     0.517300E+10     0.141754E+11     0.108940E+11     0.107780E+11     0.106875E+11     0.968800E+10     0.860930E+10     0.782002E+10     0.802400E+10     0.745927E+10     0.847057E+10     0.838800E+10     0.761855E+10     0.741400E+10     0.731900E+10     0.712104E+10     0.834900E+10     0.922091E+10     0.200060E+11     0.184900E+11     0.182185E+11     0.195440E+11     0.175981E+11     0.172240E+11     0.595488E+10     0.592400E+10     0.587500E+10     0.583368E+10     0.577600E+10     0.650406E+10     0.599400E+10     0.532600E+10     0.543631E+10     0.589800E+10     0.585888E+10     0.522315E+10     0.519300E+10     0.531744E+10     0.529924E+10     0.515300E+10     0.278993E+10     0.277400E+10     0.271900E+10     0.301291E+10     0.313000E+10     0.310420E+10     0.308500E+10     0.254475E+10     0.240300E+10     0.238400E+10     0.256114E+10     0.256600E+10     0.244321E+10     0.249400E+10     0.247400E+10     0.278579E+10     0.286400E+10     0.284750E+10     0.264229E+10     0.273100E+10     0.242553E+10     0.215308E+10     0.213900E+10     0.224212E+10     0.225000E+10     0.208500E+10     0.226759E+10     0.225400E+10     0.239587E+10     0.198600E+10     0.196800E+10     0.195873E+10     0.231100E+10     0.229289E+10     0.227300E+10     0.219380E+10     0.208800E+10     0.207000E+10     0.205635E+10     0.192800E+10     0.220580E+10     0.229100E+10     0.227300E+10     0.205871E+10     0.195000E+10     0.193797E+10     0.234283E+10     0.233000E+10     0.231867E+10     0.219625E+10     0.193100E+10     0.183800E+10     0.183800E+10     0.183800E+10     0.183800E+10     0.183800E+10     0.183800E+10     0.183800E+10     0.183800E+10     0.183800E+10     0.183800E+10     0.183800E+10     0.183800E+10     0.183800E+10     0.183800E+10     0.183800E+10     0.183800E+10     0.183800E+10     0.183800E+10     0.183800E+10     0.100000E+21
 0.166000E+04     0.174070E+11     0.174070E+11     0.174070E+11     0.174070E+11     0.174070E+11     0.174070E+11     0.174070E+11     0.174070E+11     0.174070E+11     0.174070E+11     0.174070E+11     0.174070E+11     0.103954E+11     0.488400E+10     0.565853E+10     0.517300E+10     0.139669E+11     0.108940E+11     0.107780E+11     0.106979E+11     0.968800E+10     0.872614E+10     0.782840E+10     0.802400E+10     0.780761E+10     0.845579E+10     0.838800E+10     0.760259E+10     0.741400E+10     0.731900E+10     0.723982E+10     0.834900E+10     0.838660E+10     0.110472E+11     0.184900E+11     0.182338E+11     0.195440E+11     0.175293E+11     0.172240E+11     0.100697E+11     0.592400E+10     0.587500E+10     0.583943E+10     0.577600E+10     0.644073E+10     0.599400E+10     0.532600E+10     0.542680E+10     0.589800E+10     0.586504E+10     0.522126E+10     0.519300E+10     0.531141E+10     0.531053E+10     0.525448E+10     0.278827E+10     0.277400E+10     0.271900E+10     0.299205E+10     0.313000E+10     0.310101E+10     0.308500E+10     0.253989E+10     0.240300E+10     0.238400E+10     0.253173E+10     0.256600E+10     0.244681E+10     0.249400E+10     0.247400E+10     0.275320E+10     0.286400E+10     0.284952E+10     0.264659E+10     0.273100E+10     0.244474E+10     0.215086E+10     0.213900E+10     0.223226E+10     0.239746E+10     0.208500E+10     0.226641E+10     0.225400E+10     0.241483E+10     0.230682E+10     0.196800E+10     0.195919E+10     0.205943E+10     0.224317E+10     0.227300E+10     0.218785E+10     0.208800E+10     0.207000E+10     0.205807E+10     0.192800E+10     0.199871E+10     0.229100E+10     0.227300E+10     0.207543E+10     0.195000E+10     0.194013E+10     0.234193E+10     0.233000E+10     0.231913E+10     0.216752E+10     0.193100E+10     0.183800E+10     0.183800E+10     0.183800E+10     0.183800E+10     0.183800E+10     0.183800E+10     0.183800E+10     0.183800E+10     0.183800E+10     0.183800E+10     0.183800E+10     0.183800E+10     0.183800E+10     0.183800E+10     0.183800E+10     0.183800E+10     0.183800E+10     0.183800E+10     0.183800E+10     0.100000E+21
 0.168000E+04     0.174070E+11     0.174070E+11     0.174070E+11     0.174070E+11     0.174070E+11     0.174070E+11     0.174070E+11     0.174070E+11     0.174070E+11     0.174070E+11     0.174070E+11     0.174070E+11     0.101429E+11     0.488400E+10     0.581287E+10     0.517300E+10     0.141451E+11     0.108940E+11     0.107780E+11     0.106883E+11     0.968800E+10     0.861835E+10     0.751846E+10     0.728100E+10     0.771123E+10     0.846975E+10     0.838800E+10     0.761658E+10     0.741400E+10     0.731900E+10     0.713197E+10     0.834900E+10     0.661065E+10     0.673800E+10     0.195600E+11     0.186149E+11     0.195440E+11     0.175923E+11     0.172240E+11     0.125973E+11     0.592400E+10     0.587500E+10     0.583407E+10     0.577600E+10     0.649718E+10     0.599400E+10     0.532600E+10     0.543525E+10     0.589800E+10     0.585922E+10     0.522288E+10     0.519300E+10     0.531644E+10     0.533597E+10     0.530100E+10     0.278978E+10     0.277400E+10     0.271900E+10     0.270491E+10     0.313000E+10     0.310398E+10     0.308500E+10     0.254388E+10     0.240300E+10     0.238400E+10     0.255909E+10     0.256600E+10     0.261340E+10     0.249400E+10     0.247400E+10     0.278292E+10     0.286400E+10     0.284763E+10     0.264300E+10     0.273100E+10     0.242834E+10     0.215296E+10     0.213900E+10     0.222125E+10     0.246600E+10     0.208500E+10     0.226746E+10     0.225400E+10     0.247837E+10     0.246200E+10     0.196800E+10     0.195881E+10     0.193800E+10     0.225281E+10     0.227300E+10     0.219288E+10     0.208800E+10     0.207000E+10     0.205647E+10     0.192800E+10     0.191722E+10     0.229100E+10     0.227300E+10     0.206077E+10     0.195000E+10     0.193809E+10     0.234271E+10     0.233000E+10     0.231875E+10     0.219403E+10     0.193100E+10     0.183800E+10     0.183800E+10     0.183800E+10     0.183800E+10     0.183800E+10     0.183800E+10     0.183800E+10     0.183800E+10     0.183800E+10     0.183800E+10     0.183800E+10     0.183800E+10     0.183800E+10     0.183800E+10     0.183800E+10     0.183800E+10     0.183800E+10     0.183800E+10     0.183800E+10     0.100000E+21
 0.170000E+04     0.174070E+11     0.174070E+11     0.174070E+11     0.174070E+11     0.174070E+11     0.174070E+11     0.174070E+11     0.174070E+11     0.174070E+11     0.174070E+11     0.174070E+11     0.174070E+11     0.101429E+11     0.488400E+10     0.581287E+10     0.517300E+10     0.141451E+11     0.108940E+11     0.107780E+11     0.106883E+11     0.968800E+10     0.861835E+10     0.751846E+10     0.728100E+10     0.771123E+10     0.846975E+10     0.838800E+10     0.761658E+10     0.741400E+10     0.731900E+10     0.713197E+10     0.834900E+10     0.661065E+10     0.673800E+10     0.195600E+11     0.186149E+11     0.195440E+11     0.187585E+11     0.172240E+11     0.125973E+11     0.592400E+10     0.587500E+10     0.583407E+10     0.577600E+10     0.649718E+10     0.599400E+10     0.532600E+10     0.543525E+10     0.589800E+10     0.585922E+10     0.522288E+10     0.519300E+10     0.531644E+10     0.533597E+10     0.530100E+10     0.278978E+10     0.277400E+10     0.271900E+10     0.270491E+10     0.313000E+10     0.310398E+10     0.308500E+10     0.254388E+10     0.240300E+10     0.238400E+10     0.255909E+10     0.256600E+10     0.259576E+10     0.243629E+10     0.247400E+10     0.253641E+10     0.286400E+10     0.284763E+10     0.264300E+10     0.273100E+10     0.242834E+10     0.215296E+10     0.213900E+10     0.222125E+10     0.246600E+10     0.217428E+10     0.226746E+10     0.225400E+10     0.247837E+10     0.246200E+10     0.196800E+10     0.195881E+10     0.193800E+10     0.225281E+10     0.227300E+10     0.219288E+10     0.208800E+10     0.207000E+10     0.205647E+10     0.192800E+10     0.191722E+10     0.229100E+10     0.227300E+10     0.206077E+10     0.195000E+10     0.193809E+10     0.234271E+10     0.233000E+10     0.231875E+10     0.219403E+10     0.193100E+10     0.183800E+10     0.183800E+10     0.183800E+10     0.183800E+10     0.183800E+10     0.183800E+10     0.183800E+10     0.183800E+10     0.183800E+10     0.183800E+10     0.183800E+10     0.183800E+10     0.183800E+10     0.183800E+10     0.183800E+10     0.183800E+10     0.183800E+10     0.183800E+10     0.183800E+10     0.100000E+21
 0.172000E+04     0.174070E+11     0.174070E+11     0.174070E+11     0.174070E+11     0.174070E+11     0.174070E+11     0.174070E+11     0.174070E+11     0.174070E+11     0.174070E+11     0.174070E+11     0.174070E+11     0.103954E+11     0.488400E+10     0.565853E+10     0.517300E+10     0.139669E+11     0.108940E+11     0.107780E+11     0.106979E+11     0.968800E+10     0.872614E+10     0.751034E+10     0.728100E+10     0.768481E+10     0.845579E+10     0.838800E+10     0.760259E+10     0.741400E+10     0.731900E+10     0.705928E+10     0.796543E+10     0.662576E+10     0.673800E+10     0.195600E+11     0.186601E+11     0.195440E+11     0.186130E+11     0.172240E+11     0.123219E+11     0.592400E+10     0.587500E+10     0.583943E+10     0.577600E+10     0.628598E+10     0.599400E+10     0.532600E+10     0.542680E+10     0.589800E+10     0.586504E+10     0.522126E+10     0.519300E+10     0.531141E+10     0.533194E+10     0.530100E+10     0.278827E+10     0.277400E+10     0.241234E+10     0.258101E+10     0.313000E+10     0.310101E+10     0.308500E+10     0.258043E+10     0.248949E+10     0.238400E+10     0.253173E+10     0.256600E+10     0.257076E+10     0.239900E+10     0.247400E+10     0.246041E+10     0.286400E+10     0.284952E+10     0.266665E+10     0.267915E+10     0.241769E+10     0.216742E+10     0.213900E+10     0.220327E+10     0.238794E+10     0.223100E+10     0.226641E+10     0.225400E+10     0.242655E+10     0.246200E+10     0.196800E+10     0.195919E+10     0.193800E+10     0.219895E+10     0.227300E+10     0.218785E+10     0.208800E+10     0.207000E+10     0.205807E+10     0.192800E+10     0.191817E+10     0.229100E+10     0.227300E+10     0.207543E+10     0.195000E+10     0.194013E+10     0.234193E+10     0.233000E+10     0.231913E+10     0.216752E+10     0.193100E+10     0.183800E+10     0.183800E+10     0.183800E+10     0.183800E+10     0.183800E+10     0.183800E+10     0.183800E+10     0.183800E+10     0.183800E+10     0.183800E+10     0.183800E+10     0.183800E+10     0.183800E+10     0.183800E+10     0.183800E+10     0.183800E+10     0.183800E+10     0.183800E+10     0.183800E+10     0.100000E+21
 0.174000E+04     0.174070E+11     0.174070E+11     0.174070E+11     0.174070E+11     0.174070E+11     0.174070E+11     0.174070E+11     0.174070E+11     0.174070E+11     0.174070E+11     0.174070E+11     0.174070E+11     0.100901E+11     0.488400E+10     0.582571E+10     0.517300E+10     0.141754E+11     0.108940E+11     0.107780E+11     0.106875E+11     0.968800E+10     0.860930E+10     0.752017E+10     0.728100E+10     0.771535E+10     0.847057E+10     0.838800E+10     0.761855E+10     0.741400E+10     0.731900E+10     0.678675E+10     0.713200E+10     0.660949E+10     0.673800E+10     0.195600E+11     0.186065E+11     0.195440E+11     0.189259E+11     0.172240E+11     0.126517E+11     0.592400E+10     0.587500E+10     0.583368E+10     0.577600E+10     0.596839E+10     0.599400E+10     0.532600E+10     0.543631E+10     0.589800E+10     0.585888E+10     0.522315E+10     0.519300E+10     0.531744E+10     0.533625E+10     0.530100E+10     0.405715E+10     0.277400E+10     0.193400E+10     0.245138E+10     0.313000E+10     0.310420E+10     0.308500E+10     0.263915E+10     0.262700E+10     0.238400E+10     0.256114E+10     0.256600E+10     0.258388E+10     0.239900E+10     0.247400E+10     0.245883E+10     0.286400E+10     0.284750E+10     0.272309E+10     0.256600E+10     0.255598E+10     0.222271E+10     0.213900E+10     0.214909E+10     0.222000E+10     0.223100E+10     0.216643E+10     0.225400E+10     0.227442E+10     0.246200E+10     0.224202E+10     0.205862E+10     0.193800E+10     0.225772E+10     0.227300E+10     0.219380E+10     0.208800E+10     0.207000E+10     0.205635E+10     0.192800E+10     0.191712E+10     0.229100E+10     0.227300E+10     0.205871E+10     0.195000E+10     0.193797E+10     0.234283E+10     0.233000E+10     0.231867E+10     0.219625E+10     0.193100E+10     0.183800E+10     0.183800E+10     0.183800E+10     0.183800E+10     0.183800E+10     0.183800E+10     0.183800E+10     0.183800E+10     0.183800E+10     0.183800E+10     0.183800E+10     0.183800E+10     0.183800E+10     0.183800E+10     0.183800E+10     0.183800E+10     0.183800E+10     0.183800E+10     0.183800E+10     0.100000E+21
 0.176000E+04     0.174070E+11     0.174070E+11     0.174070E+11     0.174070E+11     0.174070E+11     0.174070E+11     0.174070E+11     0.174070E+11     0.174070E+11     0.174070E+11     0.174070E+11     0.174070E+11     0.105100E+11     0.488400E+10     0.516999E+10     0.517300E+10     0.138877E+11     0.108940E+11     0.107780E+11     0.107014E+11     0.968800E+10     0.876799E+10     0.750665E+10     0.728100E+10     0.767320E+10     0.845182E+10     0.838800E+10     0.759656E+10     0.741400E+10     0.731900E+10     0.683246E+10     0.713200E+10     0.663104E+10     0.673800E+10     0.195600E+11     0.186805E+11     0.184304E+11     0.185392E+11     0.172240E+11     0.121973E+11     0.592400E+10     0.587500E+10     0.584119E+10     0.577600E+10     0.594540E+10     0.599400E+10     0.532600E+10     0.542325E+10     0.589800E+10     0.586686E+10     0.522054E+10     0.519300E+10     0.530914E+10     0.533047E+10     0.530100E+10     0.429308E+10     0.277400E+10     0.193400E+10     0.240073E+10     0.313000E+10     0.310017E+10     0.308500E+10     0.276788E+10     0.262700E+10     0.238400E+10     0.252397E+10     0.256600E+10     0.261891E+10     0.254046E+10     0.247400E+10     0.246098E+10     0.286400E+10     0.285020E+10     0.271261E+10     0.256600E+10     0.265220E+10     0.220564E+10     0.213900E+10     0.215748E+10     0.222000E+10     0.223100E+10     0.213624E+10     0.225400E+10     0.230850E+10     0.246200E+10     0.244200E+10     0.216036E+10     0.193800E+10     0.202738E+10     0.227300E+10     0.218559E+10     0.208800E+10     0.207000E+10     0.205864E+10     0.192800E+10     0.191856E+10     0.229100E+10     0.227300E+10     0.208175E+10     0.195000E+10     0.194071E+10     0.234159E+10     0.233000E+10     0.231931E+10     0.215723E+10     0.193100E+10     0.183800E+10     0.183800E+10     0.183800E+10     0.183800E+10     0.183800E+10     0.183800E+10     0.183800E+10     0.183800E+10     0.183800E+10     0.183800E+10     0.183800E+10     0.183800E+10     0.183800E+10     0.183800E+10     0.183800E+10     0.183800E+10     0.183800E+10     0.183800E+10     0.183800E+10     0.100000E+21
 0.178000E+04     0.174070E+11     0.174070E+11     0.174070E+11     0.174070E+11     0.174070E+11     0.174070E+11     0.174070E+11     0.174070E+11     0.174070E+11     0.174070E+11     0.174070E+11     0.174070E+11     0.102871E+11     0.488400E+10     0.488400E+10     0.517300E+10     0.140428E+11     0.108940E+11     0.107780E+11     0.106941E+11     0.968800E+10     0.868344E+10     0.751382E+10     0.728100E+10     0.769601E+10     0.846030E+10     0.838800E+10     0.760847E+10     0.741400E+10     0.731900E+10     0.680781E+10     0.713200E+10     0.785202E+10     0.673800E+10     0.195600E+11     0.186408E+11     0.176450E+11     0.186986E+11     0.172240E+11     0.124399E+11     0.592400E+10     0.587500E+10     0.583752E+10     0.756000E+10     0.653591E+10     0.599400E+10     0.532600E+10     0.543031E+10     0.589800E+10     0.586303E+10     0.522195E+10     0.519300E+10     0.531357E+10     0.533348E+10     0.530100E+10     0.442613E+10     0.277400E+10     0.193400E+10     0.242814E+10     0.313000E+10     0.310197E+10     0.308500E+10     0.287309E+10     0.262700E+10     0.238400E+10     0.236858E+10     0.256600E+10     0.266564E+10     0.265400E+10     0.247400E+10     0.245984E+10     0.286400E+10     0.284880E+10     0.271820E+10     0.256600E+10     0.265662E+10     0.221383E+10     0.213900E+10     0.215295E+10     0.222000E+10     0.223100E+10     0.212759E+10     0.225400E+10     0.229182E+10     0.246200E+10     0.244200E+10     0.214947E+10     0.193800E+10     0.192544E+10     0.227300E+10     0.219000E+10     0.208800E+10     0.207000E+10     0.205747E+10     0.192800E+10     0.191778E+10     0.229100E+10     0.227300E+10     0.206927E+10     0.195000E+10     0.193947E+10     0.206473E+10     0.233000E+10     0.231897E+10     0.217802E+10     0.193100E+10     0.183800E+10     0.183800E+10     0.183800E+10     0.183800E+10     0.183800E+10     0.183800E+10     0.183800E+10     0.183800E+10     0.183800E+10     0.183800E+10     0.183800E+10     0.183800E+10     0.183800E+10     0.183800E+10     0.183800E+10     0.183800E+10     0.183800E+10     0.183800E+10     0.183800E+10     0.100000E+21
 0.180000E+04     0.174070E+11     0.174070E+11     0.174070E+11     0.174070E+11     0.174070E+11     0.174070E+11     0.174070E+11     0.174070E+11     0.174070E+11     0.174070E+11     0.174070E+11     0.174070E+11     0.100902E+11     0.488400E+10     0.488400E+10     0.517300E+10     0.141764E+11     0.108940E+11     0.107780E+11     0.106872E+11     0.968800E+10     0.860655E+10     0.752017E+10     0.728100E+10     0.771557E+10     0.847140E+10     0.838800E+10     0.761871E+10     0.741400E+10     0.731900E+10     0.678614E+10     0.713200E+10     0.795718E+10     0.673800E+10     0.195600E+11     0.186063E+11     0.176450E+11     0.189531E+11     0.172240E+11     0.126521E+11     0.592400E+10     0.587500E+10     0.583346E+10     0.756000E+10     0.647520E+10     0.599400E+10     0.532600E+10     0.543643E+10     0.589800E+10     0.585861E+10     0.522316E+10     0.519300E+10     0.531744E+10     0.533638E+10     0.530100E+10     0.454767E+10     0.277400E+10     0.193400E+10     0.245165E+10     0.313000E+10     0.310438E+10     0.308500E+10     0.287866E+10     0.262700E+10     0.238400E+10     0.236638E+10     0.256600E+10     0.260969E+10     0.265400E+10     0.247400E+10     0.245879E+10     0.286400E+10     0.284744E+10     0.272309E+10     0.256600E+10     0.266042E+10     0.222330E+10     0.213900E+10     0.214901E+10     0.222000E+10     0.235653E+10     0.212010E+10     0.225400E+10     0.227343E+10     0.246200E+10     0.228439E+10     0.208258E+10     0.193800E+10     0.192328E+10     0.227300E+10     0.219382E+10     0.208800E+10     0.207000E+10     0.205629E+10     0.192800E+10     0.191710E+10     0.229100E+10     0.227300E+10     0.205855E+10     0.195000E+10     0.193785E+10     0.205223E+10     0.233000E+10     0.231867E+10     0.219693E+10     0.193100E+10     0.183800E+10     0.183800E+10     0.183800E+10     0.183800E+10     0.183800E+10     0.183800E+10     0.183800E+10     0.183800E+10     0.183800E+10     0.183800E+10     0.183800E+10     0.183800E+10     0.183800E+10     0.183800E+10     0.183800E+10     0.183800E+10     0.183800E+10     0.183800E+10     0.183800E+10     0.100000E+21
 0.182000E+04     0.174070E+11     0.174070E+11     0.174070E+11     0.174070E+11     0.174070E+11     0.174070E+11     0.174070E+11     0.174070E+11     0.174070E+11     0.174070E+11     0.174070E+11     0.174070E+11     0.102455E+11     0.488400E+10     0.488400E+10     0.517300E+10     0.140755E+11     0.108940E+11     0.107780E+11     0.106921E+11     0.968800E+10     0.865890E+10     0.751516E+10     0.728100E+10     0.770103E+10     0.846355E+10     0.838800E+10     0.761122E+10     0.741400E+10     0.731900E+10     0.719663E+10     0.713200E+10     0.788341E+10     0.673800E+10     0.195600E+11     0.186328E+11     0.176450E+11     0.187570E+11     0.172240E+11     0.124868E+11     0.592400E+10     0.587500E+10     0.583634E+10     0.756000E+10     0.651861E+10     0.599400E+10     0.532600E+10     0.543203E+10     0.589800E+10     0.586165E+10     0.522224E+10     0.519300E+10     0.531442E+10     0.533442E+10     0.530100E+10     0.446229E+10     0.277400E+10     0.275300E+10     0.271699E+10     0.313000E+10     0.310260E+10     0.308500E+10     0.287422E+10     0.262700E+10     0.238400E+10     0.236800E+10     0.256600E+10     0.258329E+10     0.265400E+10     0.238000E+10     0.243355E+10     0.286400E+10     0.284836E+10     0.271928E+10     0.256600E+10     0.265755E+10     0.221678E+10     0.213900E+10     0.211539E+10     0.210300E+10     0.244600E+10     0.222582E+10     0.225400E+10     0.228647E+10     0.246200E+10     0.217100E+10     0.203965E+10     0.193800E+10     0.192495E+10     0.227300E+10     0.219089E+10     0.208800E+10     0.207000E+10     0.205712E+10     0.192800E+10     0.191758E+10     0.229100E+10     0.227300E+10     0.206639E+10     0.195000E+10     0.193900E+10     0.206152E+10     0.233000E+10     0.231891E+10     0.218406E+10     0.193100E+10     0.183800E+10     0.183800E+10     0.183800E+10     0.183800E+10     0.183800E+10     0.183800E+10     0.183800E+10     0.183800E+10     0.183800E+10     0.183800E+10     0.183800E+10     0.183800E+10     0.183800E+10     0.183800E+10     0.183800E+10     0.183800E+10     0.183800E+10     0.183800E+10     0.183800E+10     0.100000E+21
 0.184000E+04     0.174070E+11     0.174070E+11     0.174070E+11     0.174070E+11     0.174070E+11     0.174070E+11     0.174070E+11     0.174070E+11     0.174070E+11     0.174070E+11     0.174070E+11     0.174070E+11     0.101124E+11     0.488400E+10     0.488400E+10     0.517300E+10     0.141475E+11     0.108940E+11     0.107780E+11     0.106910E+11     0.968800E+10     0.864765E+10     0.751946E+10     0.728100E+10     0.771052E+10     0.846256E+10     0.838800E+10     0.761554E+10     0.741400E+10     0.731900E+10     0.719765E+10     0.713200E+10     0.789344E+10     0.673800E+10     0.195600E+11     0.186124E+11     0.176450E+11     0.187498E+11     0.172240E+11     0.126221E+11     0.592400E+10     0.587500E+10     0.583614E+10     0.756000E+10     0.649796E+10     0.599400E+10     0.532600E+10     0.543420E+10     0.589800E+10     0.586190E+10     0.522290E+10     0.519300E+10     0.523241E+10     0.533461E+10     0.530100E+10     0.448869E+10     0.277400E+10     0.275300E+10     0.271618E+10     0.313000E+10     0.310257E+10     0.308500E+10     0.287816E+10     0.262700E+10     0.238400E+10     0.236803E+10     0.256600E+10     0.258170E+10     0.265400E+10     0.238000E+10     0.243439E+10     0.259647E+10     0.278451E+10     0.272241E+10     0.256600E+10     0.265961E+10     0.221625E+10     0.213900E+10     0.211565E+10     0.210300E+10     0.244600E+10     0.222526E+10     0.225400E+10     0.228559E+10     0.246200E+10     0.217100E+10     0.210565E+10     0.193800E+10     0.192501E+10     0.227300E+10     0.219315E+10     0.208800E+10     0.207000E+10     0.205701E+10     0.192800E+10     0.191741E+10     0.229100E+10     0.227300E+10     0.206186E+10     0.195000E+10     0.193914E+10     0.205545E+10     0.233000E+10     0.231870E+10     0.218682E+10     0.193100E+10     0.183800E+10     0.183800E+10     0.183800E+10     0.183800E+10     0.183800E+10     0.183800E+10     0.183800E+10     0.183800E+10     0.183800E+10     0.183800E+10     0.183800E+10     0.183800E+10     0.183800E+10     0.183800E+10     0.183800E+10     0.183800E+10     0.183800E+10     0.183800E+10     0.183800E+10     0.100000E+21
 0.186000E+04     0.155329E+11     0.166186E+11     0.174070E+11     0.174070E+11     0.174070E+11     0.174070E+11     0.174070E+11     0.174070E+11     0.174070E+11     0.174070E+11     0.174070E+11     0.174070E+11     0.105471E+11     0.488400E+10     0.523832E+10     0.517300E+10     0.138626E+11     0.108940E+11     0.107780E+11     0.107025E+11     0.968800E+10     0.878030E+10     0.750546E+10     0.728100E+10     0.766957E+10     0.845074E+10     0.838800E+10     0.759469E+10     0.741400E+10     0.731900E+10     0.718980E+10     0.713200E+10     0.769217E+10     0.661579E+10     0.195600E+11     0.186870E+11     0.176450E+11     0.185186E+11     0.172240E+11     0.121573E+11     0.592400E+10     0.587500E+10     0.584169E+10     0.756000E+10     0.661671E+10     0.599400E+10     0.532600E+10     0.542217E+10     0.589800E+10     0.586737E+10     0.522031E+10     0.519300E+10     0.516672E+10     0.533005E+10     0.530100E+10     0.427351E+10     0.277400E+10     0.275300E+10     0.271971E+10     0.290679E+10     0.309993E+10     0.308500E+10     0.286579E+10     0.262700E+10     0.238400E+10     0.237042E+10     0.256600E+10     0.258864E+10     0.265400E+10     0.238000E+10     0.242756E+10     0.243400E+10     0.268617E+10     0.276128E+10     0.268081E+10     0.269853E+10     0.220455E+10     0.213900E+10     0.211424E+10     0.210300E+10     0.244600E+10     0.222847E+10     0.225400E+10     0.231079E+10     0.246200E+10     0.217100E+10     0.216127E+10     0.193800E+10     0.192698E+10     0.227300E+10     0.218487E+10     0.208800E+10     0.207000E+10     0.205880E+10     0.192800E+10     0.191868E+10     0.229100E+10     0.227300E+10     0.208370E+10     0.195000E+10     0.194086E+10     0.208163E+10     0.233000E+10     0.231936E+10     0.215421E+10     0.193100E+10     0.183800E+10     0.183800E+10     0.183800E+10     0.183800E+10     0.183800E+10     0.183800E+10     0.183800E+10     0.183800E+10     0.183800E+10     0.183800E+10     0.183800E+10     0.183800E+10     0.183800E+10     0.183800E+10     0.183800E+10     0.183800E+10     0.183800E+10     0.183800E+10     0.183800E+10     0.100000E+21
 0.188000E+04     0.119966E+11     0.153001E+11     0.174070E+11     0.174070E+11     0.174070E+11     0.174070E+11     0.174070E+11     0.174070E+11     0.174070E+11     0.174070E+11     0.174070E+11     0.174070E+11     0.104422E+11     0.488400E+10     0.564049E+10     0.517300E+10     0.139342E+11     0.108940E+11     0.107780E+11     0.106994E+11     0.968800E+10     0.874400E+10     0.750883E+10     0.728100E+10     0.768000E+10     0.845404E+10     0.838800E+10     0.760007E+10     0.741400E+10     0.731900E+10     0.719191E+10     0.713200E+10     0.769965E+10     0.649000E+10     0.195600E+11     0.186685E+11     0.176450E+11     0.185807E+11     0.172240E+11     0.122708E+11     0.592400E+10     0.587500E+10     0.584019E+10     0.756000E+10     0.658553E+10     0.599400E+10     0.532600E+10     0.542531E+10     0.589800E+10     0.586584E+10     0.522096E+10     0.519300E+10     0.516625E+10     0.533131E+10     0.530100E+10     0.439602E+10     0.277400E+10     0.275300E+10     0.271881E+10     0.267700E+10     0.310064E+10     0.308500E+10     0.286874E+10     0.262700E+10     0.238400E+10     0.236978E+10     0.256600E+10     0.258687E+10     0.265400E+10     0.238000E+10     0.242938E+10     0.243400E+10     0.269713E+10     0.281179E+10     0.279900E+10     0.268176E+10     0.222571E+10     0.219607E+10     0.211461E+10     0.210300E+10     0.244600E+10     0.222763E+10     0.225400E+10     0.230398E+10     0.246200E+10     0.217100E+10     0.216109E+10     0.193800E+10     0.192645E+10     0.227300E+10     0.222049E+10     0.217492E+10     0.207000E+10     0.205832E+10     0.192800E+10     0.191834E+10     0.229100E+10     0.227300E+10     0.207807E+10     0.195000E+10     0.194038E+10     0.207496E+10     0.233000E+10     0.231920E+10     0.216313E+10     0.193100E+10     0.183800E+10     0.183800E+10     0.183800E+10     0.183800E+10     0.183800E+10     0.183800E+10     0.183800E+10     0.183800E+10     0.183800E+10     0.183800E+10     0.183800E+10     0.183800E+10     0.183800E+10     0.183800E+10     0.183800E+10     0.183800E+10     0.183800E+10     0.183800E+10     0.183800E+10     0.100000E+21
 0.190000E+04     0.111330E+11     0.151000E+11     0.174070E+11     0.174070E+11     0.174070E+11     0.174070E+11     0.174070E+11     0.174070E+11     0.174070E+11     0.174070E+11     0.174070E+11     0.174070E+11     0.101097E+11     0.488400E+10     0.574001E+10     0.517300E+10     0.141504E+11     0.108940E+11     0.107780E+11     0.106907E+11     0.968800E+10     0.864444E+10     0.751955E+10     0.728100E+10     0.771100E+10     0.846309E+10     0.838800E+10     0.761583E+10     0.741400E+10     0.731900E+10     0.719781E+10     0.713200E+10     0.784027E+10     0.649000E+10     0.195600E+11     0.186118E+11     0.176450E+11     0.187596E+11     0.172240E+11     0.126254E+11     0.592400E+10     0.587500E+10     0.583596E+10     0.756000E+10     0.649602E+10     0.599400E+10     0.532600E+10     0.543439E+10     0.589800E+10     0.586168E+10     0.522293E+10     0.519300E+10     0.516477E+10     0.533474E+10     0.530100E+10     0.491278E+10     0.415931E+10     0.275300E+10     0.271614E+10     0.267700E+10     0.310267E+10     0.308500E+10     0.287823E+10     0.262700E+10     0.238400E+10     0.236794E+10     0.256600E+10     0.255962E+10     0.258503E+10     0.238000E+10     0.243454E+10     0.243400E+10     0.272688E+10     0.281250E+10     0.279900E+10     0.263439E+10     0.245125E+10     0.222700E+10     0.211567E+10     0.210300E+10     0.244600E+10     0.219351E+10     0.212614E+10     0.228477E+10     0.246200E+10     0.217100E+10     0.216054E+10     0.193800E+10     0.192492E+10     0.227300E+10     0.224704E+10     0.223500E+10     0.207000E+10     0.205696E+10     0.192800E+10     0.191739E+10     0.229100E+10     0.227300E+10     0.206156E+10     0.195000E+10     0.193906E+10     0.205515E+10     0.233000E+10     0.231870E+10     0.218761E+10     0.193100E+10     0.183800E+10     0.183800E+10     0.183800E+10     0.183800E+10     0.183800E+10     0.183800E+10     0.183800E+10     0.183800E+10     0.183800E+10     0.183800E+10     0.183800E+10     0.183800E+10     0.183800E+10     0.183800E+10     0.183800E+10     0.183800E+10     0.183800E+10     0.183800E+10     0.183800E+10     0.100000E+21
 0.192000E+04     0.827400E+10     0.140339E+11     0.174070E+11     0.174070E+11     0.174070E+11     0.174070E+11     0.174070E+11     0.174070E+11     0.174070E+11     0.174070E+11     0.174070E+11     0.517300E+10     0.517300E+10     0.488400E+10     0.586099E+10     0.517300E+10     0.141513E+11     0.108940E+11     0.107780E+11     0.106869E+11     0.968800E+10     0.860133E+10     0.777940E+10     0.728100E+10     0.771259E+10     0.847356E+10     0.838800E+10     0.761756E+10     0.741400E+10     0.731900E+10     0.719961E+10     0.713200E+10     0.791824E+10     0.649000E+10     0.195600E+11     0.186140E+11     0.176450E+11     0.190063E+11     0.172240E+11     0.125980E+11     0.592400E+10     0.587500E+10     0.583306E+10     0.756000E+10     0.756000E+10     0.599400E+10     0.532600E+10     0.543600E+10     0.589800E+10     0.585783E+10     0.522293E+10     0.519300E+10     0.516489E+10     0.533671E+10     0.530100E+10     0.520806E+10     0.506200E+10     0.193400E+10     0.244815E+10     0.267700E+10     0.310473E+10     0.308500E+10     0.287696E+10     0.262700E+10     0.238400E+10     0.236606E+10     0.256600E+10     0.253946E+10     0.252600E+10     0.238000E+10     0.243629E+10     0.243400E+10     0.274399E+10     0.281244E+10     0.279900E+10     0.263438E+10     0.224227E+10     0.222700E+10     0.211586E+10     0.210300E+10     0.244600E+10     0.216604E+10     0.204900E+10     0.227159E+10     0.246200E+10     0.217100E+10     0.216058E+10     0.193800E+10     0.192282E+10     0.227300E+10     0.224701E+10     0.223500E+10     0.207000E+10     0.205620E+10     0.192800E+10     0.191709E+10     0.229100E+10     0.227300E+10     0.205975E+10     0.195000E+10     0.193754E+10     0.205413E+10     0.233000E+10     0.231875E+10     0.219821E+10     0.193100E+10     0.183800E+10     0.183800E+10     0.183800E+10     0.183800E+10     0.183800E+10     0.183800E+10     0.183800E+10     0.183800E+10     0.183800E+10     0.183800E+10     0.183800E+10     0.183800E+10     0.183800E+10     0.183800E+10     0.183800E+10     0.183800E+10     0.183800E+10     0.183800E+10     0.183800E+10     0.100000E+21
 0.194000E+04     0.827400E+10     0.140333E+11     0.174070E+11     0.174070E+11     0.174070E+11     0.174070E+11     0.174070E+11     0.174070E+11     0.174070E+11     0.174070E+11     0.174070E+11     0.517300E+10     0.517300E+10     0.488400E+10     0.572016E+10     0.517300E+10     0.141388E+11     0.108940E+11     0.107780E+11     0.106918E+11     0.968800E+10     0.865707E+10     0.778115E+10     0.728100E+10     0.770908E+10     0.846109E+10     0.838800E+10     0.761468E+10     0.741400E+10     0.731900E+10     0.719718E+10     0.713200E+10     0.781970E+10     0.649000E+10     0.195600E+11     0.186143E+11     0.176450E+11     0.187232E+11     0.172240E+11     0.126116E+11     0.592400E+10     0.587500E+10     0.583665E+10     0.756000E+10     0.756000E+10     0.599400E+10     0.560724E+10     0.552535E+10     0.589800E+10     0.586251E+10     0.522283E+10     0.519300E+10     0.516483E+10     0.533423E+10     0.530100E+10     0.520198E+10     0.506200E+10     0.193400E+10     0.220509E+10     0.267700E+10     0.310228E+10     0.308500E+10     0.287795E+10     0.262700E+10     0.248798E+10     0.239196E+10     0.256600E+10     0.253934E+10     0.252600E+10     0.238000E+10     0.243395E+10     0.243400E+10     0.272243E+10     0.281247E+10     0.279900E+10     0.263495E+10     0.224049E+10     0.222700E+10     0.211558E+10     0.210300E+10     0.244600E+10     0.216334E+10     0.204900E+10     0.228790E+10     0.246200E+10     0.217100E+10     0.216056E+10     0.193800E+10     0.192523E+10     0.227300E+10     0.224701E+10     0.223500E+10     0.207000E+10     0.205716E+10     0.192800E+10     0.191749E+10     0.229100E+10     0.227300E+10     0.206276E+10     0.195000E+10     0.193936E+10     0.205637E+10     0.233000E+10     0.231871E+10     0.218451E+10     0.193100E+10     0.183800E+10     0.183800E+10     0.183800E+10     0.183800E+10     0.183800E+10     0.183800E+10     0.183800E+10     0.183800E+10     0.183800E+10     0.183800E+10     0.183800E+10     0.183800E+10     0.183800E+10     0.183800E+10     0.183800E+10     0.183800E+10     0.183800E+10     0.183800E+10     0.183800E+10     0.100000E+21
 0.196000E+04     0.827400E+10     0.136481E+11     0.174070E+11     0.174070E+11     0.174070E+11     0.174070E+11     0.174070E+11     0.174070E+11     0.174070E+11     0.174070E+11     0.174070E+11     0.517300E+10     0.517300E+10     0.488400E+10     0.562158E+10     0.517300E+10     0.138966E+11     0.108940E+11     0.107780E+11     0.107010E+11     0.968800E+10     0.876350E+10     0.775569E+10     0.728100E+10     0.767450E+10     0.845223E+10     0.838800E+10     0.759722E+10     0.741400E+10     0.731900E+10     0.719078E+10     0.713200E+10     0.767268E+10     0.649000E+10     0.195600E+11     0.186782E+11     0.176450E+11     0.185468E+11     0.172240E+11     0.122115E+11     0.592400E+10     0.587500E+10     0.584101E+10     0.756000E+10     0.756000E+10     0.599400E+10     0.594400E+10     0.559948E+10     0.589800E+10     0.586667E+10     0.522062E+10     0.519300E+10     0.516649E+10     0.533063E+10     0.530100E+10     0.518760E+10     0.506200E+10     0.193400E+10     0.193400E+10     0.267700E+10     0.310026E+10     0.308500E+10     0.286721E+10     0.262700E+10     0.260700E+10     0.243848E+10     0.256600E+10     0.253826E+10     0.252600E+10     0.238000E+10     0.242841E+10     0.243400E+10     0.269120E+10     0.281168E+10     0.279900E+10     0.264711E+10     0.223890E+10     0.222700E+10     0.211441E+10     0.210300E+10     0.244600E+10     0.215269E+10     0.204900E+10     0.230767E+10     0.246200E+10     0.217100E+10     0.216119E+10     0.193800E+10     0.192674E+10     0.227300E+10     0.224620E+10     0.223500E+10     0.207000E+10     0.205858E+10     0.192800E+10     0.191852E+10     0.229100E+10     0.227300E+10     0.208105E+10     0.195000E+10     0.194065E+10     0.218459E+10     0.233000E+10     0.231929E+10     0.215834E+10     0.193100E+10     0.183800E+10     0.183800E+10     0.183800E+10     0.183800E+10     0.183800E+10     0.183800E+10     0.183800E+10     0.183800E+10     0.183800E+10     0.183800E+10     0.183800E+10     0.183800E+10     0.183800E+10     0.183800E+10     0.183800E+10     0.183800E+10     0.183800E+10     0.183800E+10     0.183800E+10     0.100000E+21
 0.198000E+04     0.119725E+11     0.150654E+11     0.174070E+11     0.174070E+11     0.174070E+11     0.174070E+11     0.174070E+11     0.174070E+11     0.174070E+11     0.174070E+11     0.174070E+11     0.517300E+10     0.517300E+10     0.488400E+10     0.561022E+10     0.517300E+10     0.138723E+11     0.108940E+11     0.107780E+11     0.107021E+11     0.968800E+10     0.877556E+10     0.761880E+10     0.728100E+10     0.767098E+10     0.845115E+10     0.838800E+10     0.759541E+10     0.741400E+10     0.731900E+10     0.719008E+10     0.713200E+10     0.765615E+10     0.649000E+10     0.126602E+11     0.162146E+11     0.176450E+11     0.185264E+11     0.172240E+11     0.121728E+11     0.592400E+10     0.587500E+10     0.584150E+10     0.657012E+10     0.721189E+10     0.599400E+10     0.594400E+10     0.552693E+10     0.564004E+10     0.577312E+10     0.522040E+10     0.519300E+10     0.516665E+10     0.524381E+10     0.530100E+10     0.518603E+10     0.506200E+10     0.237170E+10     0.210195E+10     0.267700E+10     0.310002E+10     0.308500E+10     0.286620E+10     0.262700E+10     0.260700E+10     0.244106E+10     0.244344E+10     0.253815E+10     0.252600E+10     0.238000E+10     0.242780E+10     0.243400E+10     0.268758E+10     0.281160E+10     0.279900E+10     0.264832E+10     0.223871E+10     0.222700E+10     0.211429E+10     0.210300E+10     0.244600E+10     0.215156E+10     0.204900E+10     0.226798E+10     0.232572E+10     0.231591E+10     0.222197E+10     0.193800E+10     0.192691E+10     0.227300E+10     0.224612E+10     0.223500E+10     0.207000E+10     0.205874E+10     0.192800E+10     0.191863E+10     0.229100E+10     0.227300E+10     0.208295E+10     0.195000E+10     0.194080E+10     0.234152E+10     0.233000E+10     0.231934E+10     0.215537E+10     0.193100E+10     0.183800E+10     0.183800E+10     0.183800E+10     0.183800E+10     0.183800E+10     0.183800E+10     0.183800E+10     0.183800E+10     0.183800E+10     0.183800E+10     0.183800E+10     0.183800E+10     0.183800E+10     0.183800E+10     0.183800E+10     0.183800E+10     0.183800E+10     0.183800E+10     0.183800E+10     0.100000E+21
 0.200000E+04     0.145243E+11     0.163322E+11     0.174070E+11     0.174070E+11     0.174070E+11     0.174070E+11     0.174070E+11     0.174070E+11     0.174070E+11     0.174070E+11     0.174070E+11     0.517300E+10     0.517300E+10     0.488400E+10     0.571843E+10     0.517300E+10     0.141377E+11     0.108940E+11     0.107780E+11     0.106919E+11     0.968800E+10     0.865825E+10     0.751916E+10     0.728100E+10     0.770890E+10     0.846091E+10     0.838800E+10     0.761457E+10     0.741400E+10     0.731900E+10     0.711377E+10     0.686927E+10     0.781782E+10     0.649000E+10     0.665000E+10     0.145298E+11     0.176450E+11     0.187201E+11     0.172240E+11     0.126102E+11     0.592400E+10     0.587500E+10     0.583671E+10     0.577600E+10     0.701887E+10     0.599400E+10     0.594400E+10     0.547959E+10     0.543200E+10     0.572669E+10     0.522282E+10     0.519300E+10     0.516483E+10     0.515982E+10     0.530100E+10     0.522150E+10     0.513106E+10     0.386234E+10     0.257981E+10     0.267700E+10     0.310225E+10     0.308500E+10     0.287792E+10     0.262700E+10     0.260700E+10     0.249630E+10     0.234500E+10     0.253934E+10     0.252600E+10     0.238000E+10     0.243390E+10     0.243400E+10     0.272202E+10     0.281247E+10     0.279900E+10     0.263501E+10     0.224046E+10     0.222700E+10     0.211557E+10     0.210300E+10     0.244600E+10     0.216325E+10     0.204900E+10     0.223055E+10     0.221600E+10     0.244200E+10     0.226521E+10     0.193800E+10     0.192526E+10     0.227300E+10     0.224701E+10     0.223500E+10     0.207000E+10     0.205717E+10     0.192800E+10     0.191750E+10     0.229100E+10     0.227300E+10     0.206287E+10     0.195000E+10     0.193938E+10     0.234264E+10     0.233000E+10     0.231872E+10     0.218422E+10     0.193100E+10     0.183800E+10     0.183800E+10     0.183800E+10     0.183800E+10     0.183800E+10     0.183800E+10     0.183800E+10     0.183800E+10     0.183800E+10     0.183800E+10     0.183800E+10     0.183800E+10     0.183800E+10     0.183800E+10     0.183800E+10     0.183800E+10     0.183800E+10     0.183800E+10     0.183800E+10     0.100000E+21
 0.202000E+04     0.140400E+11     0.145903E+11     0.174070E+11     0.174070E+11     0.174070E+11     0.174070E+11     0.174070E+11     0.174070E+11     0.174070E+11     0.174070E+11     0.174070E+11     0.517300E+10     0.505053E+10     0.488400E+10     0.579601E+10     0.517300E+10     0.141226E+11     0.108940E+11     0.107780E+11     0.106890E+11     0.968800E+10     0.862439E+10     0.751716E+10     0.728100E+10     0.770819E+10     0.846887E+10     0.838800E+10     0.761513E+10     0.741400E+10     0.731900E+10     0.671028E+10     0.657000E+10     0.787856E+10     0.649000E+10     0.665000E+10     0.144757E+11     0.176450E+11     0.188658E+11     0.172240E+11     0.125562E+11     0.592400E+10     0.587500E+10     0.583448E+10     0.577600E+10     0.703103E+10     0.599400E+10     0.594400E+10     0.547564E+10     0.543200E+10     0.575214E+10     0.522267E+10     0.519300E+10     0.516506E+10     0.515304E+10     0.530100E+10     0.524232E+10     0.520800E+10     0.501700E+10     0.336948E+10     0.267700E+10     0.310369E+10     0.308500E+10     0.287593E+10     0.262700E+10     0.260700E+10     0.259001E+10     0.234500E+10     0.253932E+10     0.252600E+10     0.238000E+10     0.243520E+10     0.243400E+10     0.273584E+10     0.281236E+10     0.279900E+10     0.263581E+10     0.253790E+10     0.222700E+10     0.211568E+10     0.210300E+10     0.244600E+10     0.216437E+10     0.204900E+10     0.223140E+10     0.221600E+10     0.244200E+10     0.226663E+10     0.193800E+10     0.192402E+10     0.227300E+10     0.224692E+10     0.223500E+10     0.207000E+10     0.205659E+10     0.192800E+10     0.191728E+10     0.229100E+10     0.227300E+10     0.212870E+10     0.195000E+10     0.193822E+10     0.234262E+10     0.233000E+10     0.231881E+10     0.219254E+10     0.193100E+10     0.183800E+10     0.183800E+10     0.183800E+10     0.183800E+10     0.183800E+10     0.183800E+10     0.183800E+10     0.183800E+10     0.183800E+10     0.183800E+10     0.183800E+10     0.183800E+10     0.183800E+10     0.183800E+10     0.183800E+10     0.183800E+10     0.183800E+10     0.183800E+10     0.183800E+10     0.100000E+21
 0.204000E+04     0.118430E+11     0.132371E+11     0.174070E+11     0.174070E+11     0.174070E+11     0.174070E+11     0.174070E+11     0.174070E+11     0.174070E+11     0.174070E+11     0.174070E+11     0.517300E+10     0.500029E+10     0.488400E+10     0.577946E+10     0.517300E+10     0.141662E+11     0.108940E+11     0.107780E+11     0.106889E+11     0.968800E+10     0.862453E+10     0.751999E+10     0.728100E+10     0.771369E+10     0.846683E+10     0.838800E+10     0.761747E+10     0.741400E+10     0.731900E+10     0.663173E+10     0.657000E+10     0.787476E+10     0.649000E+10     0.665000E+10     0.145821E+11     0.176450E+11     0.188334E+11     0.172240E+11     0.126432E+11     0.592400E+10     0.587500E+10     0.583476E+10     0.577600E+10     0.704249E+10     0.599400E+10     0.594400E+10     0.547105E+10     0.543200E+10     0.574631E+10     0.558917E+10     0.519300E+10     0.516470E+10     0.515387E+10     0.530100E+10     0.524247E+10     0.520800E+10     0.501700E+10     0.347502E+10     0.267700E+10     0.272602E+10     0.308500E+10     0.287856E+10     0.262700E+10     0.260700E+10     0.259026E+10     0.234500E+10     0.253949E+10     0.252600E+10     0.238000E+10     0.243545E+10     0.243400E+10     0.273414E+10     0.281254E+10     0.279900E+10     0.263360E+10     0.257682E+10     0.222700E+10     0.211580E+10     0.210300E+10     0.244600E+10     0.206178E+10     0.204900E+10     0.223129E+10     0.221600E+10     0.244200E+10     0.226433E+10     0.193800E+10     0.192430E+10     0.227300E+10     0.224709E+10     0.223500E+10     0.207000E+10     0.205662E+10     0.192800E+10     0.191723E+10     0.229100E+10     0.210600E+10     0.209493E+10     0.195000E+10     0.193852E+10     0.234279E+10     0.233000E+10     0.231868E+10     0.219251E+10     0.193100E+10     0.183800E+10     0.183800E+10     0.183800E+10     0.183800E+10     0.183800E+10     0.183800E+10     0.183800E+10     0.183800E+10     0.183800E+10     0.183800E+10     0.183800E+10     0.183800E+10     0.183800E+10     0.183800E+10     0.183800E+10     0.183800E+10     0.183800E+10     0.183800E+10     0.183800E+10     0.100000E+21
 0.206000E+04     0.118430E+11     0.127221E+11     0.174070E+11     0.174070E+11     0.174070E+11     0.174070E+11     0.174070E+11     0.174070E+11     0.174070E+11     0.174070E+11     0.174070E+11     0.517300E+10     0.500684E+10     0.488400E+10     0.566791E+10     0.517300E+10     0.139827E+11     0.108940E+11     0.107780E+11     0.106971E+11     0.968800E+10     0.871718E+10     0.751106E+10     0.728100E+10     0.768715E+10     0.845671E+10     0.838800E+10     0.760381E+10     0.741400E+10     0.731900E+10     0.662681E+10     0.657000E+10     0.773734E+10     0.649000E+10     0.665000E+10     0.141838E+11     0.176450E+11     0.186299E+11     0.172240E+11     0.123463E+11     0.592400E+10     0.587500E+10     0.583905E+10     0.577600E+10     0.694949E+10     0.599400E+10     0.594400E+10     0.550557E+10     0.543200E+10     0.570965E+10     0.556715E+10     0.519300E+10     0.516593E+10     0.516795E+10     0.530100E+10     0.523952E+10     0.520800E+10     0.501700E+10     0.357035E+10     0.267700E+10     0.276908E+10     0.308500E+10     0.287068E+10     0.262700E+10     0.260700E+10     0.259227E+10     0.234500E+10     0.255856E+10     0.257503E+10     0.238000E+10     0.243071E+10     0.243400E+10     0.270542E+10     0.281194E+10     0.279900E+10     0.264280E+10     0.253602E+10     0.222700E+10     0.211487E+10     0.210300E+10     0.244600E+10     0.206084E+10     0.204900E+10     0.222966E+10     0.221600E+10     0.244200E+10     0.227219E+10     0.193800E+10     0.192603E+10     0.227300E+10     0.224648E+10     0.223500E+10     0.207000E+10     0.205795E+10     0.192800E+10     0.191809E+10     0.229100E+10     0.210600E+10     0.209567E+10     0.195000E+10     0.193999E+10     0.234200E+10     0.233000E+10     0.231910E+10     0.216973E+10     0.193100E+10     0.183800E+10     0.183800E+10     0.183800E+10     0.183800E+10     0.183800E+10     0.183800E+10     0.183800E+10     0.183800E+10     0.183800E+10     0.183800E+10     0.183800E+10     0.183800E+10     0.183800E+10     0.183800E+10     0.183800E+10     0.183800E+10     0.183800E+10     0.183800E+10     0.183800E+10     0.100000E+21
 0.208000E+04     0.112711E+11     0.112564E+11     0.174070E+11     0.174070E+11     0.174070E+11     0.174070E+11     0.174070E+11     0.174070E+11     0.174070E+11     0.174070E+11     0.174070E+11     0.517300E+10     0.501077E+10     0.488400E+10     0.537178E+10     0.517300E+10     0.138678E+11     0.108940E+11     0.107780E+11     0.107023E+11     0.968800E+10     0.877779E+10     0.750570E+10     0.728100E+10     0.767032E+10     0.845096E+10     0.838800E+10     0.759507E+10     0.741400E+10     0.731900E+10     0.662359E+10     0.657000E+10     0.765311E+10     0.649000E+10     0.665000E+10     0.139377E+11     0.176450E+11     0.185227E+11     0.172240E+11     0.121656E+11     0.592400E+10     0.587500E+10     0.584159E+10     0.577600E+10     0.636520E+10     0.599400E+10     0.594400E+10     0.552778E+10     0.543200E+10     0.568771E+10     0.555337E+10     0.519300E+10     0.516668E+10     0.513210E+10     0.518831E+10     0.523764E+10     0.520800E+10     0.501700E+10     0.363084E+10     0.267700E+10     0.279287E+10     0.308500E+10     0.286601E+10     0.262700E+10     0.260700E+10     0.259338E+10     0.234500E+10     0.258851E+10     0.265400E+10     0.238000E+10     0.242769E+10     0.243400E+10     0.268692E+10     0.281159E+10     0.279900E+10     0.264855E+10     0.251160E+10     0.222700E+10     0.211427E+10     0.210300E+10     0.244600E+10     0.206023E+10     0.204900E+10     0.226852E+10     0.232924E+10     0.244200E+10     0.227696E+10     0.193800E+10     0.192694E+10     0.227300E+10     0.224610E+10     0.223500E+10     0.207000E+10     0.205877E+10     0.192800E+10     0.191865E+10     0.229100E+10     0.210600E+10     0.209615E+10     0.195000E+10     0.194083E+10     0.234150E+10     0.233000E+10     0.231935E+10     0.215482E+10     0.193100E+10     0.183800E+10     0.183800E+10     0.183800E+10     0.183800E+10     0.183800E+10     0.183800E+10     0.183800E+10     0.183800E+10     0.183800E+10     0.183800E+10     0.183800E+10     0.183800E+10     0.183800E+10     0.183800E+10     0.183800E+10     0.183800E+10     0.183800E+10     0.183800E+10     0.183800E+10     0.100000E+21
 0.210000E+04     0.106000E+11     0.106000E+11     0.174070E+11     0.174070E+11     0.174070E+11     0.174070E+11     0.174070E+11     0.174070E+11     0.174070E+11     0.174070E+11     0.174070E+11     0.517300E+10     0.500035E+10     0.488400E+10     0.512676E+10     0.517300E+10     0.141632E+11     0.108940E+11     0.107780E+11     0.106893E+11     0.832500E+10     0.825191E+10     0.751992E+10     0.728100E+10     0.771317E+10     0.846599E+10     0.838800E+10     0.761715E+10     0.741400E+10     0.731900E+10     0.663156E+10     0.657000E+10     0.786747E+10     0.649000E+10     0.665000E+10     0.145768E+11     0.176450E+11     0.188159E+11     0.172240E+11     0.126401E+11     0.592400E+10     0.587500E+10     0.583502E+10     0.577600E+10     0.574129E+10     0.679400E+10     0.594400E+10     0.547202E+10     0.543200E+10     0.574365E+10     0.558882E+10     0.519300E+10     0.516471E+10     0.508894E+10     0.505600E+10     0.524235E+10     0.520800E+10     0.501700E+10     0.498668E+10     0.193400E+10     0.272932E+10     0.308500E+10     0.287851E+10     0.262700E+10     0.260700E+10     0.259042E+10     0.234500E+10     0.258124E+10     0.265400E+10     0.238000E+10     0.243526E+10     0.243400E+10     0.273263E+10     0.281253E+10     0.279900E+10     0.263375E+10     0.257386E+10     0.222700E+10     0.211578E+10     0.210300E+10     0.244600E+10     0.212153E+10     0.225400E+10     0.228049E+10     0.246200E+10     0.244200E+10     0.226442E+10     0.193800E+10     0.192445E+10     0.227300E+10     0.224708E+10     0.223500E+10     0.207000E+10     0.205669E+10     0.192800E+10     0.191726E+10     0.229100E+10     0.210600E+10     0.209494E+10     0.195000E+10     0.193864E+10     0.234277E+10     0.233000E+10     0.231868E+10     0.219151E+10     0.193100E+10     0.183800E+10     0.183800E+10     0.183800E+10     0.183800E+10     0.183800E+10     0.183800E+10     0.183800E+10     0.183800E+10     0.183800E+10     0.183800E+10     0.183800E+10     0.183800E+10     0.183800E+10     0.183800E+10     0.183800E+10     0.183800E+10     0.183800E+10     0.183800E+10     0.183800E+10     0.100000E+21
 0.212000E+04     0.106000E+11     0.106000E+11     0.174070E+11     0.174070E+11     0.174070E+11     0.174070E+11     0.174070E+11     0.174070E+11     0.174070E+11     0.174070E+11     0.174070E+11     0.517300E+10     0.500560E+10     0.488400E+10     0.510552E+10     0.517300E+10     0.140205E+11     0.108940E+11     0.107780E+11     0.106952E+11     0.832500E+10     0.825648E+10     0.751275E+10     0.728100E+10     0.769276E+10     0.845914E+10     0.838800E+10     0.760679E+10     0.741400E+10     0.731900E+10     0.662797E+10     0.657000E+10     0.776963E+10     0.649000E+10     0.665000E+10     0.142634E+11     0.176450E+11     0.188578E+11     0.182564E+11     0.124041E+11     0.592400E+10     0.587500E+10     0.583804E+10     0.577600E+10     0.574319E+10     0.608456E+10     0.594400E+10     0.549786E+10     0.543200E+10     0.571863E+10     0.557167E+10     0.519300E+10     0.516569E+10     0.508672E+10     0.505600E+10     0.524021E+10     0.520800E+10     0.510883E+10     0.501865E+10     0.193400E+10     0.275936E+10     0.308500E+10     0.287214E+10     0.262700E+10     0.260700E+10     0.259182E+10     0.234500E+10     0.258470E+10     0.265400E+10     0.238000E+10     0.243181E+10     0.243400E+10     0.271249E+10     0.281206E+10     0.279900E+10     0.264091E+10     0.254601E+10     0.222700E+10     0.211508E+10     0.210300E+10     0.244600E+10     0.212880E+10     0.225400E+10     0.229422E+10     0.246200E+10     0.244200E+10     0.227066E+10     0.193800E+10     0.192565E+10     0.227300E+10     0.224660E+10     0.223500E+10     0.207000E+10     0.205764E+10     0.192800E+10     0.191789E+10     0.229100E+10     0.210600E+10     0.209551E+10     0.195000E+10     0.193964E+10     0.234217E+10     0.233000E+10     0.231902E+10     0.217524E+10     0.193100E+10     0.183800E+10     0.183800E+10     0.183800E+10     0.183800E+10     0.183800E+10     0.183800E+10     0.183800E+10     0.183800E+10     0.183800E+10     0.183800E+10     0.183800E+10     0.183800E+10     0.183800E+10     0.183800E+10     0.183800E+10     0.183800E+10     0.183800E+10     0.183800E+10     0.183800E+10     0.100000E+21
 0.214000E+04     0.107520E+11     0.106555E+11     0.174070E+11     0.174070E+11     0.174070E+11     0.174070E+11     0.174070E+11     0.174070E+11     0.174070E+11     0.174070E+11     0.174070E+11     0.517300E+10     0.500048E+10     0.488400E+10     0.515415E+10     0.517300E+10     0.141711E+11     0.108940E+11     0.107780E+11     0.100082E+11     0.832500E+10     0.825012E+10     0.751972E+10     0.728100E+10     0.771503E+10     0.847319E+10     0.838800E+10     0.761857E+10     0.741400E+10     0.731900E+10     0.663260E+10     0.657000E+10     0.791873E+10     0.649000E+10     0.665000E+10     0.145838E+11     0.176450E+11     0.190899E+11     0.186690E+11     0.166618E+11     0.164140E+11     0.587500E+10     0.583305E+10     0.577600E+10     0.574090E+10     0.567900E+10     0.594400E+10     0.546707E+10     0.543200E+10     0.576442E+10     0.558971E+10     0.519300E+10     0.516472E+10     0.509008E+10     0.505600E+10     0.524306E+10     0.520800E+10     0.516200E+10     0.503342E+10     0.271000E+10     0.269885E+10     0.308500E+10     0.287823E+10     0.262700E+10     0.260700E+10     0.258900E+10     0.234500E+10     0.258091E+10     0.265400E+10     0.238000E+10     0.243641E+10     0.243400E+10     0.274298E+10     0.281253E+10     0.279900E+10     0.263338E+10     0.259698E+10     0.222700E+10     0.211591E+10     0.210300E+10     0.244600E+10     0.212006E+10     0.225400E+10     0.223194E+10     0.221600E+10     0.244200E+10     0.226444E+10     0.193800E+10     0.192248E+10     0.227300E+10     0.219362E+10     0.208800E+10     0.207000E+10     0.205620E+10     0.192800E+10     0.191708E+10     0.229100E+10     0.210600E+10     0.209487E+10     0.195000E+10     0.193759E+10     0.234283E+10     0.233000E+10     0.231869E+10     0.219791E+10     0.193100E+10     0.183800E+10     0.183800E+10     0.183800E+10     0.183800E+10     0.183800E+10     0.183800E+10     0.183800E+10     0.183800E+10     0.183800E+10     0.183800E+10     0.183800E+10     0.183800E+10     0.183800E+10     0.183800E+10     0.183800E+10     0.183800E+10     0.183800E+10     0.183800E+10     0.183800E+10     0.100000E+21
 0.216000E+04     0.107520E+11     0.107212E+11     0.174070E+11     0.174070E+11     0.174070E+11     0.174070E+11     0.174070E+11     0.174070E+11     0.174070E+11     0.174070E+11     0.174070E+11     0.517300E+10     0.500290E+10     0.488400E+10     0.512224E+10     0.517300E+10     0.141002E+11     0.108940E+11     0.107780E+11     0.100439E+11     0.832500E+10     0.825327E+10     0.768591E+10     0.728100E+10     0.770453E+10     0.846475E+10     0.838800E+10     0.761299E+10     0.741400E+10     0.731900E+10     0.663035E+10     0.657000E+10     0.805495E+10     0.767802E+10     0.649789E+10     0.143793E+11     0.176450E+11     0.190298E+11     0.186690E+11     0.166578E+11     0.164140E+11     0.587500E+10     0.583577E+10     0.577600E+10     0.574200E+10     0.567900E+10     0.594400E+10     0.579159E+10     0.543200E+10     0.573859E+10     0.569636E+10     0.562494E+10     0.529357E+10     0.508835E+10     0.505600E+10     0.524166E+10     0.520800E+10     0.516200E+10     0.503656E+10     0.271000E+10     0.273593E+10     0.308500E+10     0.287535E+10     0.262700E+10     0.260700E+10     0.259073E+10     0.234500E+10     0.255785E+10     0.257518E+10     0.256689E+10     0.247255E+10     0.243400E+10     0.249157E+10     0.281231E+10     0.279900E+10     0.263692E+10     0.256823E+10     0.222700E+10     0.211551E+10     0.210300E+10     0.244600E+10     0.212423E+10     0.225400E+10     0.223091E+10     0.221600E+10     0.244200E+10     0.226737E+10     0.193800E+10     0.192470E+10     0.227300E+10     0.219161E+10     0.208800E+10     0.207000E+10     0.205695E+10     0.192800E+10     0.191747E+10     0.229100E+10     0.210600E+10     0.209517E+10     0.195000E+10     0.193882E+10     0.234251E+10     0.233000E+10     0.231884E+10     0.218666E+10     0.193100E+10     0.183800E+10     0.183800E+10     0.183800E+10     0.183800E+10     0.183800E+10     0.183800E+10     0.183800E+10     0.183800E+10     0.183800E+10     0.183800E+10     0.183800E+10     0.183800E+10     0.183800E+10     0.183800E+10     0.183800E+10     0.183800E+10     0.183800E+10     0.183800E+10     0.183800E+10     0.100000E+21
 0.218000E+04     0.133486E+11     0.120306E+11     0.174070E+11     0.174070E+11     0.174070E+11     0.174070E+11     0.174070E+11     0.174070E+11     0.174070E+11     0.174070E+11     0.174070E+11     0.517300E+10     0.500891E+10     0.488400E+10     0.508941E+10     0.517300E+10     0.139214E+11     0.108940E+11     0.107780E+11     0.101194E+11     0.832500E+10     0.816028E+10     0.775814E+10     0.728100E+10     0.767812E+10     0.845340E+10     0.838800E+10     0.759910E+10     0.741400E+10     0.731900E+10     0.662504E+10     0.657000E+10     0.821883E+10     0.815200E+10     0.640300E+10     0.139527E+11     0.176450E+11     0.185380E+11     0.186690E+11     0.166475E+11     0.164140E+11     0.587500E+10     0.584048E+10     0.577600E+10     0.574467E+10     0.567900E+10     0.594400E+10     0.591258E+10     0.543200E+10     0.569714E+10     0.577966E+10     0.575000E+10     0.540040E+10     0.508479E+10     0.505600E+10     0.523849E+10     0.520800E+10     0.516200E+10     0.504446E+10     0.271000E+10     0.278260E+10     0.308500E+10     0.286822E+10     0.262700E+10     0.260700E+10     0.259290E+10     0.234500E+10     0.253837E+10     0.252600E+10     0.263600E+10     0.249346E+10     0.243400E+10     0.242184E+10     0.281175E+10     0.279900E+10     0.264587E+10     0.252209E+10     0.222700E+10     0.213498E+10     0.210300E+10     0.234423E+10     0.213442E+10     0.225400E+10     0.222912E+10     0.221600E+10     0.244200E+10     0.227471E+10     0.193800E+10     0.192655E+10     0.227300E+10     0.221289E+10     0.214930E+10     0.207000E+10     0.205841E+10     0.192800E+10     0.191840E+10     0.229100E+10     0.210600E+10     0.209593E+10     0.195000E+10     0.194048E+10     0.234173E+10     0.233000E+10     0.231923E+10     0.216147E+10     0.193100E+10     0.183800E+10     0.183800E+10     0.183800E+10     0.183800E+10     0.183800E+10     0.183800E+10     0.183800E+10     0.183800E+10     0.183800E+10     0.183800E+10     0.183800E+10     0.183800E+10     0.183800E+10     0.183800E+10     0.183800E+10     0.183800E+10     0.183800E+10     0.183800E+10     0.183800E+10     0.100000E+21
 0.220000E+04     0.178750E+11     0.178750E+11     0.122374E+11     0.174070E+11     0.174070E+11     0.174070E+11     0.174070E+11     0.174070E+11     0.174070E+11     0.174070E+11     0.174070E+11     0.517300E+10     0.500037E+10     0.488400E+10     0.515490E+10     0.517300E+10     0.141737E+11     0.108940E+11     0.107780E+11     0.100076E+11     0.832500E+10     0.791990E+10     0.778256E+10     0.728100E+10     0.771538E+10     0.847329E+10     0.838800E+10     0.761874E+10     0.741400E+10     0.731900E+10     0.663265E+10     0.657000E+10     0.823162E+10     0.815200E+10     0.640300E+10     0.145001E+11     0.176450E+11     0.172630E+11     0.186690E+11     0.166620E+11     0.164140E+11     0.587500E+10     0.583302E+10     0.577600E+10     0.574088E+10     0.567900E+10     0.594400E+10     0.590883E+10     0.523300E+10     0.535457E+10     0.578210E+10     0.575000E+10     0.537898E+10     0.509010E+10     0.505600E+10     0.524309E+10     0.520800E+10     0.516200E+10     0.503332E+10     0.271000E+10     0.265403E+10     0.263600E+10     0.305271E+10     0.304000E+10     0.260700E+10     0.258897E+10     0.234500E+10     0.253955E+10     0.252600E+10     0.263600E+10     0.242546E+10     0.243400E+10     0.241960E+10     0.281254E+10     0.279900E+10     0.263325E+10     0.255463E+10     0.266900E+10     0.217908E+10     0.210300E+10     0.220100E+10     0.222461E+10     0.225400E+10     0.223195E+10     0.221600E+10     0.244200E+10     0.243028E+10     0.193800E+10     0.192236E+10     0.227300E+10     0.224710E+10     0.223500E+10     0.207000E+10     0.205619E+10     0.192800E+10     0.191707E+10     0.229100E+10     0.227300E+10     0.214556E+10     0.195000E+10     0.193758E+10     0.234284E+10     0.233000E+10     0.231868E+10     0.219810E+10     0.193100E+10     0.183800E+10     0.183800E+10     0.183800E+10     0.183800E+10     0.183800E+10     0.183800E+10     0.183800E+10     0.183800E+10     0.183800E+10     0.183800E+10     0.183800E+10     0.183800E+10     0.183800E+10     0.183800E+10     0.183800E+10     0.183800E+10     0.183800E+10     0.183800E+10     0.183800E+10     0.100000E+21
 0.222000E+04     0.185403E+11     0.181136E+11     0.161500E+11     0.174070E+11     0.174070E+11     0.174070E+11     0.174070E+11     0.174070E+11     0.174070E+11     0.174070E+11     0.174070E+11     0.517300E+10     0.500891E+10     0.488400E+10     0.508941E+10     0.517300E+10     0.139214E+11     0.108940E+11     0.107780E+11     0.101194E+11     0.832500E+10     0.797546E+10     0.775814E+10     0.728100E+10     0.767812E+10     0.845340E+10     0.838800E+10     0.759910E+10     0.741400E+10     0.731900E+10     0.662504E+10     0.657000E+10     0.821883E+10     0.815200E+10     0.640300E+10     0.935902E+10     0.176450E+11     0.176399E+11     0.186690E+11     0.166475E+11     0.164140E+11     0.587500E+10     0.584048E+10     0.577600E+10     0.574467E+10     0.567900E+10     0.594400E+10     0.591258E+10     0.523300E+10     0.532988E+10     0.577966E+10     0.575000E+10     0.540040E+10     0.508479E+10     0.505600E+10     0.513407E+10     0.520800E+10     0.516200E+10     0.504446E+10     0.271000E+10     0.265010E+10     0.263600E+10     0.305220E+10     0.304000E+10     0.260700E+10     0.259290E+10     0.234500E+10     0.245302E+10     0.252600E+10     0.263600E+10     0.245307E+10     0.243400E+10     0.242184E+10     0.281175E+10     0.279900E+10     0.264587E+10     0.257786E+10     0.266900E+10     0.217096E+10     0.210300E+10     0.220100E+10     0.218710E+10     0.212372E+10     0.222912E+10     0.221600E+10     0.244200E+10     0.243096E+10     0.206426E+10     0.195692E+10     0.227300E+10     0.224628E+10     0.223500E+10     0.207000E+10     0.205841E+10     0.192800E+10     0.191840E+10     0.229100E+10     0.227300E+10     0.215779E+10     0.202833E+10     0.196612E+10     0.217531E+10     0.233000E+10     0.231923E+10     0.216147E+10     0.193100E+10     0.183800E+10     0.183800E+10     0.183800E+10     0.183800E+10     0.183800E+10     0.183800E+10     0.183800E+10     0.183800E+10     0.183800E+10     0.183800E+10     0.183800E+10     0.183800E+10     0.183800E+10     0.183800E+10     0.183800E+10     0.183800E+10     0.183800E+10     0.183800E+10     0.183800E+10     0.100000E+21
 0.224000E+04     0.189220E+11     0.189220E+11     0.177477E+11     0.174070E+11     0.174070E+11     0.174070E+11     0.174070E+11     0.174070E+11     0.174070E+11     0.174070E+11     0.174070E+11     0.517300E+10     0.500290E+10     0.593900E+10     0.530755E+10     0.158870E+11     0.141002E+11     0.108940E+11     0.107780E+11     0.100439E+11     0.832500E+10     0.793725E+10     0.777534E+10     0.728100E+10     0.770453E+10     0.846475E+10     0.838800E+10     0.761299E+10     0.741400E+10     0.731900E+10     0.663035E+10     0.657000E+10     0.822722E+10     0.815200E+10     0.640300E+10     0.650287E+10     0.176450E+11     0.174735E+11     0.186690E+11     0.166578E+11     0.164140E+11     0.587500E+10     0.583577E+10     0.577600E+10     0.574200E+10     0.567900E+10     0.594400E+10     0.590994E+10     0.523300E+10     0.534502E+10     0.578139E+10     0.575000E+10     0.538528E+10     0.508835E+10     0.505600E+10     0.506385E+10     0.520800E+10     0.516200E+10     0.503656E+10     0.271000E+10     0.267994E+10     0.263600E+10     0.305256E+10     0.304000E+10     0.260700E+10     0.259073E+10     0.256600E+10     0.239396E+10     0.252600E+10     0.250600E+10     0.239917E+10     0.234100E+10     0.239421E+10     0.255464E+10     0.279900E+10     0.278555E+10     0.256361E+10     0.266900E+10     0.217668E+10     0.210300E+10     0.208500E+10     0.231131E+10     0.204900E+10     0.223091E+10     0.221600E+10     0.219800E+10     0.233443E+10     0.213800E+10     0.195843E+10     0.190700E+10     0.224686E+10     0.223500E+10     0.207000E+10     0.205695E+10     0.192800E+10     0.191747E+10     0.189800E+10     0.227300E+10     0.214914E+10     0.207400E+10     0.197043E+10     0.205928E+10     0.233000E+10     0.231884E+10     0.218666E+10     0.193100E+10     0.183800E+10     0.183800E+10     0.183800E+10     0.183800E+10     0.183800E+10     0.183800E+10     0.183800E+10     0.183800E+10     0.183800E+10     0.183800E+10     0.183800E+10     0.183800E+10     0.183800E+10     0.183800E+10     0.183800E+10     0.183800E+10     0.183800E+10     0.183800E+10     0.183800E+10     0.100000E+21
 0.226000E+04     0.103215E+11     0.170921E+11     0.184260E+11     0.174070E+11     0.174070E+11     0.174070E+11     0.174070E+11     0.174070E+11     0.174070E+11     0.174070E+11     0.174070E+11     0.517300E+10     0.500048E+10     0.593900E+10     0.522296E+10     0.158870E+11     0.141711E+11     0.108940E+11     0.107780E+11     0.100082E+11     0.832500E+10     0.792019E+10     0.778225E+10     0.728100E+10     0.771503E+10     0.847319E+10     0.838800E+10     0.761857E+10     0.741400E+10     0.731900E+10     0.663260E+10     0.657000E+10     0.823155E+10     0.815200E+10     0.640300E+10     0.650481E+10     0.176450E+11     0.172743E+11     0.186690E+11     0.166618E+11     0.164140E+11     0.587500E+10     0.583305E+10     0.577600E+10     0.574090E+10     0.567900E+10     0.661729E+10     0.604104E+10     0.523300E+10     0.535446E+10     0.578208E+10     0.575000E+10     0.537924E+10     0.509008E+10     0.505600E+10     0.505784E+10     0.520800E+10     0.516200E+10     0.503342E+10     0.271000E+10     0.268461E+10     0.263600E+10     0.305271E+10     0.304000E+10     0.260700E+10     0.258900E+10     0.256600E+10     0.235135E+10     0.239556E+10     0.250600E+10     0.254340E+10     0.234100E+10     0.239704E+10     0.255060E+10     0.279900E+10     0.278525E+10     0.255473E+10     0.266900E+10     0.217902E+10     0.210300E+10     0.208500E+10     0.234241E+10     0.216588E+10     0.223194E+10     0.221600E+10     0.219800E+10     0.233672E+10     0.213800E+10     0.192851E+10     0.190700E+10     0.224709E+10     0.223500E+10     0.217358E+10     0.207106E+10     0.201843E+10     0.193320E+10     0.189800E+10     0.227300E+10     0.222544E+10     0.207400E+10     0.195904E+10     0.205257E+10     0.233000E+10     0.231869E+10     0.219791E+10     0.193100E+10     0.183800E+10     0.183800E+10     0.183800E+10     0.183800E+10     0.183800E+10     0.183800E+10     0.183800E+10     0.183800E+10     0.183800E+10     0.183800E+10     0.183800E+10     0.183800E+10     0.183800E+10     0.183800E+10     0.183800E+10     0.183800E+10     0.183800E+10     0.183800E+10     0.183800E+10     0.100000E+21
 0.228000E+04     0.100110E+11     0.137385E+11     0.170016E+11     0.174070E+11     0.174070E+11     0.174070E+11     0.174070E+11     0.174070E+11     0.174070E+11     0.174070E+11     0.174070E+11     0.517300E+10     0.500560E+10     0.593900E+10     0.535186E+10     0.158870E+11     0.130938E+11     0.108940E+11     0.107780E+11     0.100790E+11     0.832500E+10     0.795456E+10     0.762484E+10     0.728100E+10     0.769276E+10     0.845914E+10     0.838800E+10     0.760679E+10     0.741400E+10     0.731900E+10     0.662797E+10     0.657000E+10     0.822325E+10     0.815200E+10     0.640300E+10     0.650069E+10     0.179393E+11     0.175589E+11     0.186690E+11     0.166532E+11     0.164140E+11     0.587500E+10     0.583804E+10     0.577600E+10     0.574319E+10     0.567900E+10     0.679400E+10     0.619087E+10     0.523300E+10     0.533773E+10     0.578062E+10     0.575000E+10     0.539205E+10     0.508672E+10     0.505600E+10     0.507007E+10     0.520800E+10     0.516200E+10     0.506725E+10     0.271000E+10     0.267699E+10     0.263600E+10     0.305240E+10     0.304000E+10     0.272507E+10     0.263523E+10     0.256600E+10     0.236070E+10     0.230700E+10     0.250600E+10     0.256080E+10     0.234100E+10     0.239151E+10     0.255918E+10     0.279900E+10     0.278588E+10     0.255032E+10     0.262584E+10     0.226720E+10     0.212646E+10     0.208500E+10     0.230516E+10     0.219400E+10     0.223004E+10     0.221600E+10     0.219800E+10     0.233186E+10     0.221367E+10     0.203049E+10     0.190700E+10     0.224660E+10     0.223500E+10     0.221600E+10     0.209749E+10     0.203500E+10     0.195277E+10     0.189800E+10     0.227300E+10     0.226054E+10     0.211728E+10     0.199756E+10     0.200367E+10     0.221779E+10     0.224804E+10     0.217524E+10     0.193100E+10     0.183800E+10     0.183800E+10     0.183800E+10     0.183800E+10     0.183800E+10     0.183800E+10     0.183800E+10     0.183800E+10     0.183800E+10     0.183800E+10     0.183800E+10     0.183800E+10     0.183800E+10     0.183800E+10     0.183800E+10     0.183800E+10     0.183800E+10     0.183800E+10     0.183800E+10     0.100000E+21
 0.230000E+04     0.950080E+10     0.987232E+10     0.119299E+11     0.174070E+11     0.174070E+11     0.174070E+11     0.174070E+11     0.174070E+11     0.174070E+11     0.174070E+11     0.174070E+11     0.517300E+10     0.500035E+10     0.593900E+10     0.529555E+10     0.158870E+11     0.109706E+11     0.108940E+11     0.107780E+11     0.100291E+11     0.832500E+10     0.792990E+10     0.733760E+10     0.728100E+10     0.771317E+10     0.846599E+10     0.838800E+10     0.761715E+10     0.741400E+10     0.731900E+10     0.663156E+10     0.657000E+10     0.822870E+10     0.815200E+10     0.640300E+10     0.650472E+10     0.186850E+11     0.174508E+11     0.186690E+11     0.166619E+11     0.164140E+11     0.587500E+10     0.583502E+10     0.577600E+10     0.574129E+10     0.567900E+10     0.679400E+10     0.615594E+10     0.523300E+10     0.534687E+10     0.578200E+10     0.575000E+10     0.537916E+10     0.508894E+10     0.505600E+10     0.506088E+10     0.520800E+10     0.516200E+10     0.513101E+10     0.417318E+10     0.268077E+10     0.263600E+10     0.290351E+10     0.304000E+10     0.301700E+10     0.266049E+10     0.256600E+10     0.246802E+10     0.230700E+10     0.250600E+10     0.249106E+10     0.252727E+10     0.238536E+10     0.255054E+10     0.279900E+10     0.278528E+10     0.264617E+10     0.250600E+10     0.251507E+10     0.219000E+10     0.208500E+10     0.218621E+10     0.219400E+10     0.211343E+10     0.221600E+10     0.219800E+10     0.233674E+10     0.240300E+10     0.216494E+10     0.190700E+10     0.210906E+10     0.223500E+10     0.221600E+10     0.208843E+10     0.203500E+10     0.194767E+10     0.189800E+10     0.227300E+10     0.225987E+10     0.223500E+10     0.216535E+10     0.191408E+10     0.190400E+10     0.214649E+10     0.219151E+10     0.193100E+10     0.183800E+10     0.183800E+10     0.183800E+10     0.183800E+10     0.183800E+10     0.183800E+10     0.183800E+10     0.183800E+10     0.183800E+10     0.183800E+10     0.183800E+10     0.183800E+10     0.183800E+10     0.183800E+10     0.183800E+10     0.183800E+10     0.183800E+10     0.183800E+10     0.183800E+10     0.100000E+21
 0.232000E+04     0.930300E+10     0.949500E+10     0.128395E+11     0.174070E+11     0.174070E+11     0.174070E+11     0.174070E+11     0.174070E+11     0.174070E+11     0.174070E+11     0.174070E+11     0.517300E+10     0.501077E+10     0.593900E+10     0.541322E+10     0.158870E+11     0.109637E+11     0.108940E+11     0.107780E+11     0.101388E+11     0.832500E+10     0.798554E+10     0.733423E+10     0.728100E+10     0.767032E+10     0.845096E+10     0.838800E+10     0.760954E+10     0.745344E+10     0.731900E+10     0.681622E+10     0.657000E+10     0.821676E+10     0.815200E+10     0.640300E+10     0.649652E+10     0.186850E+11     0.176751E+11     0.186690E+11     0.166444E+11     0.164140E+11     0.587500E+10     0.584159E+10     0.577600E+10     0.574542E+10     0.567900E+10     0.616513E+10     0.600703E+10     0.556305E+10     0.544890E+10     0.577914E+10     0.575000E+10     0.557418E+10     0.508390E+10     0.505600E+10     0.508104E+10     0.520800E+10     0.516200E+10     0.513411E+10     0.492700E+10     0.267277E+10     0.263600E+10     0.280648E+10     0.304000E+10     0.301700E+10     0.272419E+10     0.256600E+10     0.245192E+10     0.230700E+10     0.238827E+10     0.245329E+10     0.260000E+10     0.242767E+10     0.247394E+10     0.257053E+10     0.269782E+10     0.266029E+10     0.250600E+10     0.242174E+10     0.219000E+10     0.208500E+10     0.218918E+10     0.230908E+10     0.209239E+10     0.221600E+10     0.219800E+10     0.225230E+10     0.240300E+10     0.220878E+10     0.190700E+10     0.203453E+10     0.223500E+10     0.221600E+10     0.216072E+10     0.203500E+10     0.199419E+10     0.189800E+10     0.206228E+10     0.218404E+10     0.223500E+10     0.222339E+10     0.191308E+10     0.190400E+10     0.200623E+10     0.215482E+10     0.193100E+10     0.183800E+10     0.183800E+10     0.183800E+10     0.183800E+10     0.183800E+10     0.183800E+10     0.183800E+10     0.183800E+10     0.183800E+10     0.183800E+10     0.183800E+10     0.183800E+10     0.183800E+10     0.183800E+10     0.183800E+10     0.183800E+10     0.183800E+10     0.183800E+10     0.183800E+10     0.100000E+21
 0.234000E+04     0.930300E+10     0.930300E+10     0.121321E+11     0.174070E+11     0.174070E+11     0.174070E+11     0.174070E+11     0.174070E+11     0.174070E+11     0.174070E+11     0.174070E+11     0.517300E+10     0.500684E+10     0.593900E+10     0.536983E+10     0.158870E+11     0.109664E+11     0.108940E+11     0.107780E+11     0.100952E+11     0.832500E+10     0.796293E+10     0.733550E+10     0.728100E+10     0.768715E+10     0.845671E+10     0.838800E+10     0.762968E+10     0.748700E+10     0.731900E+10     0.700269E+10     0.657000E+10     0.759758E+10     0.815200E+10     0.640300E+10     0.649967E+10     0.186850E+11     0.175931E+11     0.186690E+11     0.166510E+11     0.164140E+11     0.587500E+10     0.583905E+10     0.577600E+10     0.574377E+10     0.567900E+10     0.563000E+10     0.580471E+10     0.584500E+10     0.553799E+10     0.578025E+10     0.575000E+10     0.572117E+10     0.508594E+10     0.505600E+10     0.507300E+10     0.520800E+10     0.516200E+10     0.513289E+10     0.492700E+10     0.264299E+10     0.248177E+10     0.280192E+10     0.304000E+10     0.301700E+10     0.292388E+10     0.256600E+10     0.250460E+10     0.244212E+10     0.228800E+10     0.242369E+10     0.250601E+10     0.251366E+10     0.235167E+10     0.237600E+10     0.262420E+10     0.267352E+10     0.250600E+10     0.247007E+10     0.249471E+10     0.208500E+10     0.213601E+10     0.223804E+10     0.215950E+10     0.221600E+10     0.219800E+10     0.218680E+10     0.240300E+10     0.233950E+10     0.204407E+10     0.194505E+10     0.201410E+10     0.221600E+10     0.220324E+10     0.203500E+10     0.202311E+10     0.189800E+10     0.188300E+10     0.212253E+10     0.223500E+10     0.222233E+10     0.191347E+10     0.190400E+10     0.189539E+10     0.216973E+10     0.193100E+10     0.183800E+10     0.183800E+10     0.183800E+10     0.183800E+10     0.183800E+10     0.183800E+10     0.183800E+10     0.183800E+10     0.183800E+10     0.183800E+10     0.183800E+10     0.183800E+10     0.183800E+10     0.183800E+10     0.183800E+10     0.183800E+10     0.183800E+10     0.183800E+10     0.183800E+10     0.100000E+21
 0.236000E+04     0.855629E+10     0.910500E+10     0.113659E+11     0.174070E+11     0.174070E+11     0.174070E+11     0.174070E+11     0.174070E+11     0.174070E+11     0.162685E+11     0.963195E+10     0.517300E+10     0.500029E+10     0.593900E+10     0.528883E+10     0.158870E+11     0.109707E+11     0.108940E+11     0.107780E+11     0.100259E+11     0.832500E+10     0.792838E+10     0.733762E+10     0.728100E+10     0.771369E+10     0.846683E+10     0.838800E+10     0.763995E+10     0.748700E+10     0.731900E+10     0.704018E+10     0.657000E+10     0.727708E+10     0.815200E+10     0.640300E+10     0.640948E+10     0.186850E+11     0.174373E+11     0.186690E+11     0.166620E+11     0.164140E+11     0.123579E+11     0.687065E+10     0.577600E+10     0.574121E+10     0.567900E+10     0.563000E+10     0.581847E+10     0.584500E+10     0.549745E+10     0.559655E+10     0.575000E+10     0.571985E+10     0.508910E+10     0.505600E+10     0.502841E+10     0.504681E+10     0.516200E+10     0.513097E+10     0.492700E+10     0.264446E+10     0.241100E+10     0.279422E+10     0.304000E+10     0.301700E+10     0.299859E+10     0.256600E+10     0.253949E+10     0.252600E+10     0.228800E+10     0.232539E+10     0.246600E+10     0.255133E+10     0.233108E+10     0.237600E+10     0.263880E+10     0.272609E+10     0.267506E+10     0.252672E+10     0.262700E+10     0.213407E+10     0.209543E+10     0.216500E+10     0.216318E+10     0.208690E+10     0.219800E+10     0.218628E+10     0.240300E+10     0.238673E+10     0.210600E+10     0.188654E+10     0.187700E+10     0.221600E+10     0.220184E+10     0.203500E+10     0.202208E+10     0.195582E+10     0.188300E+10     0.213976E+10     0.223500E+10     0.222046E+10     0.203167E+10     0.190400E+10     0.189506E+10     0.198534E+10     0.193100E+10     0.183800E+10     0.183800E+10     0.183800E+10     0.183800E+10     0.183800E+10     0.183800E+10     0.183800E+10     0.183800E+10     0.183800E+10     0.183800E+10     0.183800E+10     0.183800E+10     0.183800E+10     0.183800E+10     0.183800E+10     0.183800E+10     0.183800E+10     0.183800E+10     0.183800E+10     0.100000E+21
 0.238000E+04     0.829600E+10     0.829600E+10     0.930300E+10     0.930300E+10     0.174070E+11     0.174070E+11     0.174070E+11     0.174070E+11     0.174070E+11     0.153382E+11     0.517300E+10     0.517300E+10     0.500235E+10     0.593900E+10     0.527682E+10     0.158870E+11     0.109697E+11     0.108940E+11     0.107780E+11     0.100267E+11     0.832500E+10     0.792833E+10     0.733695E+10     0.728100E+10     0.770819E+10     0.846887E+10     0.838800E+10     0.763819E+10     0.748700E+10     0.731900E+10     0.703795E+10     0.657000E+10     0.727468E+10     0.815200E+10     0.640300E+10     0.634840E+10     0.186850E+11     0.174126E+11     0.186690E+11     0.175265E+11     0.164140E+11     0.160190E+11     0.775835E+10     0.577600E+10     0.574153E+10     0.567900E+10     0.563000E+10     0.581664E+10     0.584500E+10     0.533862E+10     0.548425E+10     0.575000E+10     0.572024E+10     0.508929E+10     0.505600E+10     0.499957E+10     0.496600E+10     0.516200E+10     0.513136E+10     0.492700E+10     0.264801E+10     0.241100E+10     0.260645E+10     0.259500E+10     0.301700E+10     0.299831E+10     0.297300E+10     0.253932E+10     0.252600E+10     0.250600E+10     0.232920E+10     0.246600E+10     0.245120E+10     0.249018E+10     0.237600E+10     0.263530E+10     0.275216E+10     0.273600E+10     0.248009E+10     0.246600E+10     0.217200E+10     0.206166E+10     0.204900E+10     0.231707E+10     0.201400E+10     0.219800E+10     0.218643E+10     0.216100E+10     0.235585E+10     0.210600E+10     0.188641E+10     0.187700E+10     0.221600E+10     0.220180E+10     0.217900E+10     0.206326E+10     0.200000E+10     0.188300E+10     0.187274E+10     0.223500E+10     0.222008E+10     0.209933E+10     0.190400E+10     0.189517E+10     0.188959E+10     0.193100E+10     0.183800E+10     0.183800E+10     0.183800E+10     0.183800E+10     0.183800E+10     0.183800E+10     0.183800E+10     0.183800E+10     0.183800E+10     0.183800E+10     0.183800E+10     0.183800E+10     0.183800E+10     0.183800E+10     0.183800E+10     0.183800E+10     0.183800E+10     0.183800E+10     0.183800E+10     0.100000E+21
 0.240000E+04     0.102358E+11     0.897479E+10     0.892067E+10     0.930300E+10     0.174070E+11     0.174070E+11     0.174070E+11     0.174070E+11     0.174070E+11     0.146620E+11     0.517300E+10     0.517300E+10     0.500091E+10     0.593900E+10     0.533315E+10     0.158870E+11     0.109700E+11     0.108940E+11     0.107780E+11     0.100516E+11     0.832500E+10     0.794095E+10     0.733742E+10     0.728100E+10     0.770890E+10     0.820597E+10     0.838800E+10     0.763777E+10     0.748700E+10     0.731900E+10     0.702866E+10     0.657000E+10     0.731306E+10     0.815200E+10     0.640300E+10     0.634802E+10     0.122783E+11     0.173348E+11     0.177021E+11     0.175355E+11     0.164140E+11     0.160190E+11     0.821334E+10     0.577600E+10     0.574186E+10     0.567900E+10     0.563000E+10     0.581507E+10     0.584500E+10     0.537887E+10     0.548295E+10     0.575000E+10     0.572000E+10     0.508777E+10     0.505600E+10     0.499878E+10     0.496600E+10     0.516200E+10     0.513132E+10     0.492700E+10     0.262975E+10     0.241100E+10     0.260654E+10     0.259500E+10     0.301700E+10     0.299975E+10     0.297300E+10     0.253934E+10     0.252600E+10     0.250600E+10     0.233338E+10     0.235057E+10     0.241975E+10     0.247305E+10     0.232686E+10     0.247843E+10     0.275088E+10     0.273600E+10     0.247997E+10     0.246600E+10     0.239409E+10     0.206154E+10     0.204900E+10     0.231725E+10     0.208885E+10     0.219800E+10     0.218634E+10     0.216100E+10     0.233855E+10     0.210600E+10     0.195129E+10     0.187700E+10     0.203039E+10     0.215862E+10     0.217900E+10     0.206556E+10     0.200000E+10     0.188300E+10     0.187277E+10     0.223500E+10     0.222155E+10     0.214614E+10     0.205064E+10     0.195171E+10     0.189091E+10     0.193100E+10     0.183800E+10     0.183800E+10     0.183800E+10     0.183800E+10     0.183800E+10     0.183800E+10     0.183800E+10     0.183800E+10     0.183800E+10     0.183800E+10     0.183800E+10     0.183800E+10     0.183800E+10     0.183800E+10     0.183800E+10     0.183800E+10     0.183800E+10     0.183800E+10     0.183800E+10     0.100000E+21
 0.242000E+04     0.119250E+11     0.107632E+11     0.849730E+10     0.885402E+10     0.174070E+11     0.174070E+11     0.174070E+11     0.174070E+11     0.174070E+11     0.134526E+11     0.517300E+10     0.517300E+10     0.501061E+10     0.559729E+10     0.529585E+10     0.158870E+11     0.109638E+11     0.108940E+11     0.107780E+11     0.101372E+11     0.832500E+10     0.798471E+10     0.733429E+10     0.728100E+10     0.767098E+10     0.804342E+10     0.838800E+10     0.762337E+10     0.748700E+10     0.731900E+10     0.697906E+10     0.657000E+10     0.725471E+10     0.815200E+10     0.717162E+10     0.667768E+10     0.647700E+10     0.171058E+11     0.168230E+11     0.174622E+11     0.164140E+11     0.160190E+11     0.918910E+10     0.577600E+10     0.574536E+10     0.567900E+10     0.563000E+10     0.570917E+10     0.584500E+10     0.543934E+10     0.550463E+10     0.575000E+10     0.572194E+10     0.523397E+10     0.505600E+10     0.499507E+10     0.496600E+10     0.516200E+10     0.513406E+10     0.499114E+10     0.328779E+10     0.252611E+10     0.255032E+10     0.259500E+10     0.301700E+10     0.300198E+10     0.297300E+10     0.253815E+10     0.252600E+10     0.250600E+10     0.235291E+10     0.225000E+10     0.237182E+10     0.240872E+10     0.228400E+10     0.232748E+10     0.274895E+10     0.273600E+10     0.247854E+10     0.246600E+10     0.260700E+10     0.206026E+10     0.204900E+10     0.224137E+10     0.215700E+10     0.210401E+10     0.214625E+10     0.216100E+10     0.224358E+10     0.210600E+10     0.200166E+10     0.187700E+10     0.186200E+10     0.208463E+10     0.217900E+10     0.211749E+10     0.200000E+10     0.192707E+10     0.189189E+10     0.223500E+10     0.222335E+10     0.219052E+10     0.217900E+10     0.201634E+10     0.189547E+10     0.193100E+10     0.183800E+10     0.183800E+10     0.183800E+10     0.183800E+10     0.183800E+10     0.183800E+10     0.183800E+10     0.183800E+10     0.183800E+10     0.183800E+10     0.183800E+10     0.183800E+10     0.183800E+10     0.183800E+10     0.183800E+10     0.183800E+10     0.183800E+10     0.183800E+10     0.183800E+10     0.100000E+21
 0.244000E+04     0.119250E+11     0.119250E+11     0.971074E+10     0.829600E+10     0.174070E+11     0.174070E+11     0.174070E+11     0.174070E+11     0.174070E+11     0.135786E+11     0.517300E+10     0.517300E+10     0.500977E+10     0.517300E+10     0.517300E+10     0.158870E+11     0.109644E+11     0.108940E+11     0.107780E+11     0.101285E+11     0.832500E+10     0.798021E+10     0.733456E+10     0.728100E+10     0.767450E+10     0.803755E+10     0.838800E+10     0.762473E+10     0.748700E+10     0.731900E+10     0.698402E+10     0.657000E+10     0.703114E+10     0.815200E+10     0.805400E+10     0.702954E+10     0.647700E+10     0.175645E+11     0.168230E+11     0.174686E+11     0.164140E+11     0.160190E+11     0.908825E+10     0.577600E+10     0.574502E+10     0.567900E+10     0.563000E+10     0.559957E+10     0.584500E+10     0.567040E+10     0.550265E+10     0.575000E+10     0.572177E+10     0.543235E+10     0.505600E+10     0.499544E+10     0.496600E+10     0.502619E+10     0.508332E+10     0.507100E+10     0.420369E+10     0.266900E+10     0.248401E+10     0.259500E+10     0.301700E+10     0.300174E+10     0.297300E+10     0.268649E+10     0.252600E+10     0.250600E+10     0.243796E+10     0.225000E+10     0.237356E+10     0.242743E+10     0.244245E+10     0.235220E+10     0.274916E+10     0.273600E+10     0.256652E+10     0.246600E+10     0.251607E+10     0.209368E+10     0.204900E+10     0.213667E+10     0.228360E+10     0.199600E+10     0.210164E+10     0.216100E+10     0.214833E+10     0.226094E+10     0.204665E+10     0.198802E+10     0.186200E+10     0.194161E+10     0.217900E+10     0.216762E+10     0.200000E+10     0.198200E+10     0.191095E+10     0.200616E+10     0.214394E+10     0.219063E+10     0.217900E+10     0.210455E+10     0.189501E+10     0.193100E+10     0.183800E+10     0.183800E+10     0.183800E+10     0.183800E+10     0.183800E+10     0.183800E+10     0.183800E+10     0.183800E+10     0.183800E+10     0.183800E+10     0.183800E+10     0.183800E+10     0.183800E+10     0.183800E+10     0.183800E+10     0.183800E+10     0.183800E+10     0.183800E+10     0.183800E+10     0.100000E+21
 0.246000E+04     0.106710E+11     0.114972E+11     0.114066E+11     0.102963E+11     0.174070E+11     0.174070E+11     0.174070E+11     0.174070E+11     0.174070E+11     0.146791E+11     0.517300E+10     0.517300E+10     0.500088E+10     0.517300E+10     0.517300E+10     0.158870E+11     0.109700E+11     0.108940E+11     0.107780E+11     0.100508E+11     0.832500E+10     0.794051E+10     0.733743E+10     0.728100E+10     0.770908E+10     0.798922E+10     0.838800E+10     0.763785E+10     0.748700E+10     0.731900E+10     0.702908E+10     0.657000E+10     0.689181E+10     0.815200E+10     0.805400E+10     0.695538E+10     0.647700E+10     0.179672E+11     0.168230E+11     0.175358E+11     0.164140E+11     0.160190E+11     0.820068E+10     0.577600E+10     0.574184E+10     0.567900E+10     0.563000E+10     0.559646E+10     0.584500E+10     0.581022E+10     0.540097E+10     0.549779E+10     0.562953E+10     0.547804E+10     0.505600E+10     0.499881E+10     0.496600E+10     0.492100E+10     0.505110E+10     0.507100E+10     0.440752E+10     0.266900E+10     0.247904E+10     0.259500E+10     0.278056E+10     0.295176E+10     0.297300E+10     0.280956E+10     0.252600E+10     0.250600E+10     0.249142E+10     0.225000E+10     0.230498E+10     0.247351E+10     0.254700E+10     0.236415E+10     0.258457E+10     0.273600E+10     0.264001E+10     0.246600E+10     0.244600E+10     0.228470E+10     0.204900E+10     0.208127E+10     0.223968E+10     0.206966E+10     0.213649E+10     0.216100E+10     0.214664E+10     0.236400E+10     0.208411E+10     0.207400E+10     0.186200E+10     0.185067E+10     0.217900E+10     0.216638E+10     0.200000E+10     0.198200E+10     0.190418E+10     0.185300E+10     0.211057E+10     0.219165E+10     0.217900E+10     0.216831E+10     0.193775E+10     0.193100E+10     0.183800E+10     0.183800E+10     0.183800E+10     0.183800E+10     0.183800E+10     0.183800E+10     0.183800E+10     0.183800E+10     0.183800E+10     0.183800E+10     0.183800E+10     0.183800E+10     0.183800E+10     0.183800E+10     0.183800E+10     0.183800E+10     0.183800E+10     0.183800E+10     0.183800E+10     0.100000E+21
 0.248000E+04     0.965000E+10     0.100007E+11     0.119250E+11     0.119250E+11     0.174070E+11     0.174070E+11     0.174070E+11     0.174070E+11     0.174070E+11     0.157852E+11     0.517300E+10     0.517300E+10     0.500147E+10     0.517300E+10     0.517300E+10     0.158870E+11     0.109703E+11     0.108940E+11     0.107780E+11     0.100090E+11     0.832500E+10     0.791973E+10     0.733723E+10     0.728100E+10     0.771259E+10     0.792114E+10     0.838800E+10     0.766353E+10     0.759562E+10     0.736964E+10     0.714186E+10     0.707221E+10     0.679841E+10     0.815200E+10     0.805400E+10     0.695500E+10     0.647700E+10     0.181832E+11     0.168230E+11     0.175335E+11     0.164140E+11     0.160190E+11     0.746809E+10     0.577600E+10     0.574103E+10     0.567900E+10     0.563000E+10     0.559571E+10     0.584500E+10     0.580563E+10     0.522348E+10     0.529200E+10     0.554195E+10     0.550959E+10     0.505600E+10     0.500023E+10     0.496600E+10     0.492100E+10     0.505223E+10     0.507100E+10     0.477482E+10     0.266900E+10     0.252424E+10     0.244368E+10     0.257400E+10     0.295164E+10     0.297300E+10     0.281201E+10     0.252600E+10     0.250600E+10     0.249079E+10     0.225000E+10     0.223556E+10     0.243865E+10     0.241614E+10     0.233261E+10     0.241541E+10     0.273600E+10     0.264385E+10     0.246600E+10     0.244600E+10     0.243295E+10     0.204900E+10     0.204663E+10     0.212800E+10     0.228339E+10     0.212451E+10     0.216100E+10     0.214393E+10     0.217061E+10     0.208412E+10     0.207400E+10     0.186200E+10     0.184983E+10     0.217900E+10     0.216591E+10     0.209921E+10     0.198200E+10     0.195647E+10     0.185300E+10     0.186676E+10     0.219175E+10     0.217900E+10     0.216835E+10     0.207123E+10     0.193100E+10     0.183800E+10     0.183800E+10     0.183800E+10     0.183800E+10     0.183800E+10     0.183800E+10     0.183800E+10     0.183800E+10     0.183800E+10     0.183800E+10     0.183800E+10     0.183800E+10     0.183800E+10     0.183800E+10     0.183800E+10     0.183800E+10     0.183800E+10     0.183800E+10     0.183800E+10     0.100000E+21
 0.250000E+04     0.965000E+10     0.965000E+10     0.102814E+11     0.119250E+11     0.174070E+11     0.174070E+11     0.174070E+11     0.174070E+11     0.174070E+11     0.148725E+11     0.517300E+10     0.488400E+10     0.488400E+10     0.517300E+10     0.517300E+10     0.158870E+11     0.109703E+11     0.108940E+11     0.107780E+11     0.100413E+11     0.832500E+10     0.793580E+10     0.733751E+10     0.728100E+10     0.721881E+10     0.797830E+10     0.838800E+10     0.807337E+10     0.761000E+10     0.739200E+10     0.719781E+10     0.713200E+10     0.687231E+10     0.815200E+10     0.805400E+10     0.695238E+10     0.623100E+10     0.179949E+11     0.168230E+11     0.169595E+11     0.178190E+11     0.160190E+11     0.157145E+11     0.577600E+10     0.574159E+10     0.567900E+10     0.563000E+10     0.559622E+10     0.553400E+10     0.572429E+10     0.519375E+10     0.529200E+10     0.554300E+10     0.563917E+10     0.560400E+10     0.499916E+10     0.496600E+10     0.492100E+10     0.489084E+10     0.507100E+10     0.498899E+10     0.483800E+10     0.253351E+10     0.237700E+10     0.257400E+10     0.291213E+10     0.297300E+10     0.294375E+10     0.292900E+10     0.250600E+10     0.249126E+10     0.225000E+10     0.223636E+10     0.241927E+10     0.240700E+10     0.248638E+10     0.238011E+10     0.273600E+10     0.270878E+10     0.269400E+10     0.244600E+10     0.234007E+10     0.213500E+10     0.202727E+10     0.201400E+10     0.234900E+10     0.212135E+10     0.216100E+10     0.214629E+10     0.212400E+10     0.224577E+10     0.207400E+10     0.205900E+10     0.189635E+10     0.183800E+10     0.206655E+10     0.214300E+10     0.198200E+10     0.197033E+10     0.185300E+10     0.184206E+10     0.219171E+10     0.217900E+10     0.216829E+10     0.208212E+10     0.193100E+10     0.183800E+10     0.183800E+10     0.183800E+10     0.183800E+10     0.183800E+10     0.183800E+10     0.183800E+10     0.183800E+10     0.183800E+10     0.183800E+10     0.183800E+10     0.183800E+10     0.183800E+10     0.183800E+10     0.183800E+10     0.183800E+10     0.183800E+10     0.183800E+10     0.183800E+10     0.100000E+21
 0.252000E+04     0.108806E+11     0.114437E+11     0.101083E+11     0.111289E+11     0.174070E+11     0.174070E+11     0.174070E+11     0.174070E+11     0.174070E+11     0.137866E+11     0.517300E+10     0.488400E+10     0.488400E+10     0.517300E+10     0.517300E+10     0.158870E+11     0.109652E+11     0.108940E+11     0.107780E+11     0.101146E+11     0.832500E+10     0.797293E+10     0.733498E+10     0.728100E+10     0.722329E+10     0.802766E+10     0.838800E+10     0.803721E+10     0.761000E+10     0.739200E+10     0.719191E+10     0.713200E+10     0.683465E+10     0.772489E+10     0.805400E+10     0.738214E+10     0.623100E+10     0.151918E+11     0.168230E+11     0.170050E+11     0.178190E+11     0.160190E+11     0.157475E+11     0.577600E+10     0.574448E+10     0.567900E+10     0.563000E+10     0.559905E+10     0.553400E+10     0.570253E+10     0.520022E+10     0.529200E+10     0.552987E+10     0.563560E+10     0.560400E+10     0.499603E+10     0.496600E+10     0.492100E+10     0.489303E+10     0.507100E+10     0.497168E+10     0.483800E+10     0.252760E+10     0.237700E+10     0.257400E+10     0.277479E+10     0.297300E+10     0.294267E+10     0.292900E+10     0.250600E+10     0.249265E+10     0.225000E+10     0.223775E+10     0.237153E+10     0.240700E+10     0.248115E+10     0.235666E+10     0.258909E+10     0.270754E+10     0.269400E+10     0.244600E+10     0.239116E+10     0.228579E+10     0.202583E+10     0.201400E+10     0.225150E+10     0.212160E+10     0.216100E+10     0.214800E+10     0.212400E+10     0.218250E+10     0.207400E+10     0.205900E+10     0.191329E+10     0.183800E+10     0.204608E+10     0.214300E+10     0.203161E+10     0.199433E+10     0.185300E+10     0.184338E+10     0.219079E+10     0.217900E+10     0.216877E+10     0.206770E+10     0.193100E+10     0.183800E+10     0.183800E+10     0.183800E+10     0.183800E+10     0.183800E+10     0.183800E+10     0.183800E+10     0.183800E+10     0.183800E+10     0.183800E+10     0.183800E+10     0.183800E+10     0.183800E+10     0.183800E+10     0.183800E+10     0.183800E+10     0.183800E+10     0.183800E+10     0.183800E+10     0.100000E+21
 0.254000E+04     0.131710E+11     0.136815E+11     0.113081E+11     0.965000E+10     0.174070E+11     0.174070E+11     0.174070E+11     0.174070E+11     0.174070E+11     0.134036E+11     0.517300E+10     0.488400E+10     0.488400E+10     0.517300E+10     0.517300E+10     0.158870E+11     0.109636E+11     0.108940E+11     0.107780E+11     0.101406E+11     0.832500E+10     0.798647E+10     0.754568E+10     0.728100E+10     0.722480E+10     0.804568E+10     0.838800E+10     0.802485E+10     0.761000E+10     0.739200E+10     0.718980E+10     0.713200E+10     0.664227E+10     0.694800E+10     0.805400E+10     0.799739E+10     0.623100E+10     0.979371E+10     0.173363E+11     0.170195E+11     0.178190E+11     0.160190E+11     0.157592E+11     0.577600E+10     0.574549E+10     0.567900E+10     0.563000E+10     0.560003E+10     0.553400E+10     0.569451E+10     0.538464E+10     0.529200E+10     0.539382E+10     0.563428E+10     0.560400E+10     0.499492E+10     0.496600E+10     0.492100E+10     0.489377E+10     0.507100E+10     0.498867E+10     0.491053E+10     0.317817E+10     0.250319E+10     0.257400E+10     0.256042E+10     0.297300E+10     0.294231E+10     0.292900E+10     0.250600E+10     0.249315E+10     0.225000E+10     0.223826E+10     0.229616E+10     0.240700E+10     0.243701E+10     0.227389E+10     0.231800E+10     0.270711E+10     0.269400E+10     0.244600E+10     0.247945E+10     0.256600E+10     0.205447E+10     0.201400E+10     0.211000E+10     0.211630E+10     0.206007E+10     0.211753E+10     0.212400E+10     0.214549E+10     0.220116E+10     0.205900E+10     0.198499E+10     0.183800E+10     0.193680E+10     0.214300E+10     0.212400E+10     0.202628E+10     0.190218E+10     0.186296E+10     0.208019E+10     0.217900E+10     0.216892E+10     0.206244E+10     0.193100E+10     0.183800E+10     0.183800E+10     0.183800E+10     0.183800E+10     0.183800E+10     0.183800E+10     0.183800E+10     0.183800E+10     0.183800E+10     0.183800E+10     0.183800E+10     0.183800E+10     0.183800E+10     0.183800E+10     0.183800E+10     0.183800E+10     0.183800E+10     0.183800E+10     0.183800E+10     0.100000E+21
 0.256000E+04     0.123310E+11     0.128618E+11     0.136699E+11     0.149460E+11     0.118289E+11     0.174070E+11     0.174070E+11     0.174070E+11     0.174070E+11     0.148215E+11     0.517300E+10     0.488400E+10     0.488400E+10     0.517300E+10     0.517300E+10     0.158870E+11     0.109702E+11     0.108940E+11     0.107780E+11     0.100437E+11     0.832500E+10     0.793700E+10     0.778172E+10     0.728100E+10     0.721888E+10     0.798119E+10     0.838800E+10     0.807272E+10     0.761000E+10     0.739200E+10     0.719765E+10     0.713200E+10     0.659342E+10     0.694800E+10     0.805400E+10     0.799256E+10     0.623100E+10     0.854209E+10     0.178350E+11     0.169599E+11     0.178190E+11     0.160190E+11     0.157159E+11     0.577600E+10     0.574165E+10     0.567900E+10     0.563000E+10     0.559628E+10     0.553400E+10     0.572317E+10     0.551886E+10     0.509500E+10     0.518701E+10     0.563904E+10     0.560400E+10     0.539963E+10     0.496600E+10     0.492100E+10     0.489087E+10     0.483200E+10     0.501693E+10     0.498100E+10     0.387818E+10     0.262700E+10     0.236000E+10     0.251491E+10     0.297300E+10     0.294373E+10     0.292900E+10     0.290700E+10     0.259758E+10     0.225000E+10     0.223641E+10     0.228800E+10     0.240700E+10     0.239465E+10     0.226602E+10     0.231800E+10     0.270875E+10     0.269400E+10     0.267300E+10     0.242102E+10     0.240700E+10     0.242744E+10     0.201400E+10     0.199600E+10     0.220139E+10     0.196200E+10     0.210898E+10     0.212400E+10     0.209940E+10     0.208800E+10     0.205900E+10     0.204677E+10     0.183800E+10     0.183800E+10     0.214300E+10     0.212400E+10     0.211166E+10     0.195000E+10     0.186893E+10     0.195121E+10     0.217900E+10     0.216830E+10     0.208165E+10     0.193100E+10     0.183800E+10     0.183800E+10     0.183800E+10     0.183800E+10     0.183800E+10     0.183800E+10     0.183800E+10     0.183800E+10     0.183800E+10     0.183800E+10     0.183800E+10     0.183800E+10     0.183800E+10     0.183800E+10     0.183800E+10     0.183800E+10     0.183800E+10     0.183800E+10     0.183800E+10     0.100000E+21
 0.258000E+04     0.123310E+11     0.124787E+11     0.133634E+11     0.135336E+11     0.148225E+11     0.174070E+11     0.174070E+11     0.174070E+11     0.174070E+11     0.148081E+11     0.517300E+10     0.488400E+10     0.488400E+10     0.517300E+10     0.517300E+10     0.158870E+11     0.109686E+11     0.108940E+11     0.107780E+11     0.100527E+11     0.832500E+10     0.794120E+10     0.777267E+10     0.728100E+10     0.722025E+10     0.797576E+10     0.838800E+10     0.806281E+10     0.761000E+10     0.739200E+10     0.723486E+10     0.713200E+10     0.659650E+10     0.694800E+10     0.805400E+10     0.799388E+10     0.623100E+10     0.849840E+10     0.178350E+11     0.165379E+11     0.166432E+11     0.170549E+11     0.158985E+11     0.131740E+11     0.750592E+10     0.567900E+10     0.563000E+10     0.559695E+10     0.553400E+10     0.553905E+10     0.550950E+10     0.509500E+10     0.518516E+10     0.563884E+10     0.560400E+10     0.539296E+10     0.496600E+10     0.492100E+10     0.489154E+10     0.483200E+10     0.501699E+10     0.498100E+10     0.385853E+10     0.262700E+10     0.236000E+10     0.251517E+10     0.263648E+10     0.294340E+10     0.292900E+10     0.290700E+10     0.260234E+10     0.225000E+10     0.223649E+10     0.223797E+10     0.223762E+10     0.234782E+10     0.240877E+10     0.224590E+10     0.249042E+10     0.269400E+10     0.267300E+10     0.242075E+10     0.240700E+10     0.243650E+10     0.207762E+10     0.199600E+10     0.209598E+10     0.206773E+10     0.198847E+10     0.212400E+10     0.209916E+10     0.208800E+10     0.224554E+10     0.208175E+10     0.183800E+10     0.183800E+10     0.214300E+10     0.212400E+10     0.211193E+10     0.195000E+10     0.192710E+10     0.188500E+10     0.190914E+10     0.208020E+10     0.208002E+10     0.193100E+10     0.183800E+10     0.183800E+10     0.183800E+10     0.183800E+10     0.183800E+10     0.183800E+10     0.183800E+10     0.183800E+10     0.183800E+10     0.183800E+10     0.183800E+10     0.183800E+10     0.183800E+10     0.183800E+10     0.183800E+10     0.183800E+10     0.183800E+10     0.183800E+10     0.183800E+10     0.100000E+21
 0.260000E+04     0.110890E+11     0.118787E+11     0.125251E+11     0.131710E+11     0.142793E+11     0.174070E+11     0.174070E+11     0.174070E+11     0.174070E+11     0.156436E+11     0.517300E+10     0.488400E+10     0.488400E+10     0.517300E+10     0.517300E+10     0.517300E+10     0.141764E+11     0.108940E+11     0.107780E+11     0.100116E+11     0.832500E+10     0.792167E+10     0.778319E+10     0.728100E+10     0.721815E+10     0.793293E+10     0.838800E+10     0.807999E+10     0.761000E+10     0.739200E+10     0.725116E+10     0.713200E+10     0.646754E+10     0.639900E+10     0.805400E+10     0.799217E+10     0.623100E+10     0.615785E+10     0.630600E+10     0.162706E+11     0.160260E+11     0.174030E+11     0.159293E+11     0.152440E+11     0.842947E+10     0.567900E+10     0.563000E+10     0.559558E+10     0.553400E+10     0.549618E+10     0.552253E+10     0.509500E+10     0.518741E+10     0.564088E+10     0.560400E+10     0.541455E+10     0.496600E+10     0.492100E+10     0.489051E+10     0.483200E+10     0.502065E+10     0.498100E+10     0.485761E+10     0.475000E+10     0.260700E+10     0.256030E+10     0.253400E+10     0.294391E+10     0.292900E+10     0.290700E+10     0.258693E+10     0.246600E+10     0.228912E+10     0.220570E+10     0.219400E+10     0.232121E+10     0.233809E+10     0.222700E+10     0.241075E+10     0.269400E+10     0.267300E+10     0.242132E+10     0.240700E+10     0.247033E+10     0.209900E+10     0.199600E+10     0.205530E+10     0.231100E+10     0.197605E+10     0.212400E+10     0.209947E+10     0.208800E+10     0.230700E+10     0.229168E+10     0.202700E+10     0.188967E+10     0.183800E+10     0.212400E+10     0.211147E+10     0.195000E+10     0.193785E+10     0.183800E+10     0.183800E+10     0.203065E+10     0.208760E+10     0.193100E+10     0.183800E+10     0.183800E+10     0.183800E+10     0.183800E+10     0.183800E+10     0.183800E+10     0.183800E+10     0.183800E+10     0.183800E+10     0.183800E+10     0.183800E+10     0.183800E+10     0.183800E+10     0.183800E+10     0.183800E+10     0.183800E+10     0.183800E+10     0.183800E+10     0.183800E+10     0.100000E+21
 0.262000E+04     0.110890E+11     0.118505E+11     0.125867E+11     0.131710E+11     0.144718E+11     0.174070E+11     0.174070E+11     0.174070E+11     0.174070E+11     0.144864E+11     0.517300E+10     0.488400E+10     0.488400E+10     0.517300E+10     0.517300E+10     0.517300E+10     0.140428E+11     0.108940E+11     0.107780E+11     0.100703E+11     0.832500E+10     0.795035E+10     0.776987E+10     0.728100E+10     0.722098E+10     0.799352E+10     0.838800E+10     0.805648E+10     0.761000E+10     0.739200E+10     0.724370E+10     0.713200E+10     0.646163E+10     0.639900E+10     0.805400E+10     0.799440E+10     0.623100E+10     0.617965E+10     0.630600E+10     0.162629E+11     0.160260E+11     0.174030E+11     0.160730E+11     0.152440E+11     0.881082E+10     0.567900E+10     0.563000E+10     0.559749E+10     0.553400E+10     0.550043E+10     0.550530E+10     0.509500E+10     0.518453E+10     0.563786E+10     0.560400E+10     0.538381E+10     0.496600E+10     0.492100E+10     0.489189E+10     0.483200E+10     0.501570E+10     0.498100E+10     0.485522E+10     0.475000E+10     0.260700E+10     0.256613E+10     0.253400E+10     0.294323E+10     0.292900E+10     0.290700E+10     0.260887E+10     0.246600E+10     0.230359E+10     0.220534E+10     0.219400E+10     0.231608E+10     0.232561E+10     0.222700E+10     0.242646E+10     0.269400E+10     0.267300E+10     0.242052E+10     0.240700E+10     0.243412E+10     0.209900E+10     0.199600E+10     0.205343E+10     0.231100E+10     0.202533E+10     0.212400E+10     0.209906E+10     0.208800E+10     0.230700E+10     0.229300E+10     0.202700E+10     0.189828E+10     0.183800E+10     0.212400E+10     0.211209E+10     0.195000E+10     0.193947E+10     0.183800E+10     0.183800E+10     0.202554E+10     0.207647E+10     0.193100E+10     0.183800E+10     0.183800E+10     0.183800E+10     0.183800E+10     0.183800E+10     0.183800E+10     0.183800E+10     0.183800E+10     0.183800E+10     0.183800E+10     0.183800E+10     0.183800E+10     0.183800E+10     0.183800E+10     0.183800E+10     0.183800E+10     0.183800E+10     0.183800E+10     0.183800E+10     0.100000E+21
 0.264000E+04     0.103519E+11     0.107490E+11     0.113403E+11     0.118180E+11     0.144704E+11     0.174070E+11     0.174070E+11     0.174070E+11     0.174070E+11     0.135315E+11     0.517300E+10     0.488400E+10     0.488400E+10     0.517300E+10     0.517300E+10     0.517300E+10     0.138877E+11     0.108940E+11     0.107780E+11     0.107014E+11     0.888667E+10     0.849635E+10     0.750665E+10     0.728100E+10     0.722427E+10     0.803975E+10     0.838800E+10     0.802913E+10     0.761000E+10     0.751300E+10     0.723520E+10     0.713200E+10     0.645582E+10     0.639900E+10     0.685700E+10     0.750370E+10     0.690511E+10     0.619331E+10     0.630600E+10     0.168277E+11     0.160260E+11     0.166715E+11     0.162964E+11     0.152440E+11     0.116069E+11     0.567900E+10     0.563000E+10     0.559969E+10     0.553400E+10     0.550411E+10     0.572733E+10     0.569800E+10     0.532544E+10     0.535003E+10     0.560400E+10     0.553925E+10     0.550800E+10     0.492100E+10     0.489351E+10     0.483200E+10     0.494785E+10     0.498100E+10     0.488134E+10     0.481249E+10     0.347683E+10     0.288955E+10     0.253400E+10     0.283127E+10     0.292900E+10     0.290700E+10     0.273758E+10     0.246600E+10     0.245346E+10     0.220492E+10     0.219400E+10     0.225680E+10     0.233590E+10     0.227750E+10     0.237325E+10     0.252334E+10     0.267300E+10     0.256128E+10     0.240700E+10     0.242459E+10     0.227578E+10     0.203381E+10     0.200276E+10     0.221291E+10     0.211885E+10     0.204460E+10     0.209858E+10     0.208800E+10     0.207000E+10     0.221573E+10     0.212671E+10     0.194981E+10     0.183800E+10     0.200616E+10     0.206231E+10     0.208800E+10     0.199319E+10     0.188741E+10     0.183800E+10     0.183800E+10     0.206423E+10     0.193100E+10     0.183800E+10     0.183800E+10     0.183800E+10     0.183800E+10     0.183800E+10     0.183800E+10     0.183800E+10     0.183800E+10     0.183800E+10     0.183800E+10     0.183800E+10     0.183800E+10     0.183800E+10     0.183800E+10     0.183800E+10     0.183800E+10     0.183800E+10     0.183800E+10     0.183800E+10     0.100000E+21
 0.266000E+04     0.930300E+10     0.930300E+10     0.110890E+11     0.110890E+11     0.127494E+11     0.174070E+11     0.174070E+11     0.174070E+11     0.174070E+11     0.155693E+11     0.517300E+10     0.488400E+10     0.488400E+10     0.593900E+10     0.525525E+10     0.517300E+10     0.141754E+11     0.108940E+11     0.107780E+11     0.106875E+11     0.968800E+10     0.860930E+10     0.752017E+10     0.728100E+10     0.721818E+10     0.793745E+10     0.838800E+10     0.807962E+10     0.761000E+10     0.751300E+10     0.727018E+10     0.720200E+10     0.691384E+10     0.639900E+10     0.631500E+10     0.736155E+10     0.786100E+10     0.616018E+10     0.630600E+10     0.168858E+11     0.160260E+11     0.156360E+11     0.167574E+11     0.152440E+11     0.149737E+11     0.567900E+10     0.563000E+10     0.559562E+10     0.553400E+10     0.549645E+10     0.552822E+10     0.569800E+10     0.529882E+10     0.530026E+10     0.560400E+10     0.554441E+10     0.550800E+10     0.492100E+10     0.489053E+10     0.483200E+10     0.481259E+10     0.498100E+10     0.491704E+10     0.489100E+10     0.470700E+10     0.285709E+10     0.253400E+10     0.264796E+10     0.292900E+10     0.290700E+10     0.289031E+10     0.246600E+10     0.245100E+10     0.233753E+10     0.219400E+10     0.218220E+10     0.236386E+10     0.234900E+10     0.222914E+10     0.228000E+10     0.267300E+10     0.264630E+10     0.263200E+10     0.241196E+10     0.252600E+10     0.208100E+10     0.201800E+10     0.196200E+10     0.225999E+10     0.193200E+10     0.209947E+10     0.208800E+10     0.207000E+10     0.224509E+10     0.226900E+10     0.195639E+10     0.183800E+10     0.183800E+10     0.202446E+10     0.208800E+10     0.207357E+10     0.189272E+10     0.183800E+10     0.183800E+10     0.186248E+10     0.193100E+10     0.183800E+10     0.183800E+10     0.183800E+10     0.183800E+10     0.183800E+10     0.183800E+10     0.183800E+10     0.183800E+10     0.183800E+10     0.183800E+10     0.183800E+10     0.183800E+10     0.183800E+10     0.183800E+10     0.183800E+10     0.183800E+10     0.183800E+10     0.183800E+10     0.183800E+10     0.100000E+21
 0.268000E+04     0.113780E+11     0.100030E+11     0.989779E+10     0.986595E+10     0.131917E+11     0.174070E+11     0.174070E+11     0.174070E+11     0.174070E+11     0.139829E+11     0.517300E+10     0.488400E+10     0.488400E+10     0.593900E+10     0.537664E+10     0.517300E+10     0.150703E+11     0.139351E+11     0.107780E+11     0.106979E+11     0.968800E+10     0.872614E+10     0.751034E+10     0.728100E+10     0.722260E+10     0.788571E+10     0.793975E+10     0.893199E+10     0.105942E+11     0.751300E+10     0.726358E+10     0.720200E+10     0.684867E+10     0.639900E+10     0.631500E+10     0.730268E+10     0.786100E+10     0.615214E+10     0.614076E+10     0.128283E+11     0.166253E+11     0.156360E+11     0.166013E+11     0.161632E+11     0.152617E+11     0.567900E+10     0.563000E+10     0.559858E+10     0.553400E+10     0.550236E+10     0.553890E+10     0.569800E+10     0.554490E+10     0.515844E+10     0.529476E+10     0.554061E+10     0.550800E+10     0.525005E+10     0.500711E+10     0.483200E+10     0.480512E+10     0.482148E+10     0.491614E+10     0.489100E+10     0.470700E+10     0.316416E+10     0.239264E+10     0.257572E+10     0.266393E+10     0.290700E+10     0.289206E+10     0.246600E+10     0.245283E+10     0.238189E+10     0.234007E+10     0.223018E+10     0.236152E+10     0.234900E+10     0.223353E+10     0.228000E+10     0.267300E+10     0.264506E+10     0.263200E+10     0.242784E+10     0.252600E+10     0.208100E+10     0.205298E+10     0.196200E+10     0.207835E+10     0.202324E+10     0.209883E+10     0.208800E+10     0.207000E+10     0.210564E+10     0.226900E+10     0.217318E+10     0.183800E+10     0.183800E+10     0.200991E+10     0.208800E+10     0.207615E+10     0.190290E+10     0.188324E+10     0.185456E+10     0.186990E+10     0.193100E+10     0.183800E+10     0.183800E+10     0.183800E+10     0.183800E+10     0.183800E+10     0.183800E+10     0.183800E+10     0.183800E+10     0.183800E+10     0.183800E+10     0.183800E+10     0.183800E+10     0.183800E+10     0.183800E+10     0.183800E+10     0.183800E+10     0.183800E+10     0.183800E+10     0.183800E+10     0.100000E+21
 0.270000E+04     0.123310E+11     0.123310E+11     0.930300E+10     0.930300E+10     0.127932E+11     0.174070E+11     0.174070E+11     0.174070E+11     0.174070E+11     0.154647E+11     0.517300E+10     0.488400E+10     0.488400E+10     0.593900E+10     0.526458E+10     0.517300E+10     0.891081E+10     0.158870E+11     0.107780E+11     0.106883E+11     0.105480E+11     0.885000E+10     0.782147E+10     0.802400E+10     0.746463E+10     0.722578E+10     0.772900E+10     0.825359E+10     0.818400E+10     0.751300E+10     0.726957E+10     0.720200E+10     0.690921E+10     0.639900E+10     0.631500E+10     0.660057E+10     0.786100E+10     0.758155E+10     0.606100E+10     0.103990E+11     0.170080E+11     0.156360E+11     0.153208E+11     0.165890E+11     0.153684E+11     0.144930E+11     0.563000E+10     0.559595E+10     0.553400E+10     0.549677E+10     0.552978E+10     0.569800E+10     0.566806E+10     0.504289E+10     0.515300E+10     0.554408E+10     0.550800E+10     0.546100E+10     0.506860E+10     0.483200E+10     0.478195E+10     0.474400E+10     0.491688E+10     0.489100E+10     0.484700E+10     0.468830E+10     0.256600E+10     0.250742E+10     0.249400E+10     0.290700E+10     0.289046E+10     0.246600E+10     0.245112E+10     0.241922E+10     0.240700E+10     0.225697E+10     0.220007E+10     0.234900E+10     0.228932E+10     0.219000E+10     0.226100E+10     0.264617E+10     0.263200E+10     0.238437E+10     0.236800E+10     0.250600E+10     0.223458E+10     0.196200E+10     0.204583E+10     0.227300E+10     0.197933E+10     0.208800E+10     0.207000E+10     0.205647E+10     0.226900E+10     0.225534E+10     0.183800E+10     0.183800E+10     0.183800E+10     0.208800E+10     0.207371E+10     0.191404E+10     0.190400E+10     0.186492E+10     0.186305E+10     0.193100E+10     0.183800E+10     0.183800E+10     0.183800E+10     0.183800E+10     0.183800E+10     0.183800E+10     0.183800E+10     0.183800E+10     0.183800E+10     0.183800E+10     0.183800E+10     0.183800E+10     0.183800E+10     0.183800E+10     0.183800E+10     0.183800E+10     0.183800E+10     0.183800E+10     0.183800E+10     0.100000E+21
 0.272000E+04     0.191871E+11     0.140469E+11     0.111485E+11     0.930300E+10     0.118247E+11     0.174070E+11     0.174070E+11     0.174070E+11     0.174070E+11     0.154647E+11     0.517300E+10     0.506081E+10     0.495203E+10     0.593900E+10     0.526458E+10     0.517300E+10     0.891081E+10     0.158870E+11     0.107780E+11     0.106883E+11     0.105480E+11     0.960380E+10     0.799061E+10     0.802400E+10     0.746463E+10     0.722578E+10     0.772900E+10     0.825359E+10     0.818400E+10     0.751300E+10     0.733429E+10     0.720200E+10     0.810322E+10     0.679300E+10     0.631500E+10     0.660057E+10     0.786100E+10     0.758155E+10     0.606100E+10     0.103990E+11     0.170080E+11     0.156360E+11     0.153208E+11     0.165890E+11     0.153684E+11     0.144930E+11     0.563000E+10     0.559595E+10     0.553400E+10     0.549677E+10     0.546889E+10     0.544168E+10     0.559957E+10     0.504289E+10     0.515300E+10     0.528728E+10     0.550800E+10     0.546100E+10     0.506860E+10     0.483200E+10     0.478195E+10     0.474400E+10     0.491688E+10     0.489100E+10     0.484700E+10     0.468830E+10     0.256600E+10     0.241166E+10     0.249400E+10     0.290700E+10     0.289046E+10     0.280110E+10     0.250913E+10     0.241922E+10     0.240700E+10     0.235084E+10     0.220007E+10     0.234900E+10     0.228932E+10     0.219000E+10     0.226100E+10     0.264617E+10     0.263200E+10     0.253458E+10     0.236800E+10     0.250600E+10     0.223458E+10     0.196200E+10     0.195912E+10     0.227300E+10     0.203567E+10     0.208800E+10     0.207000E+10     0.205647E+10     0.226900E+10     0.225534E+10     0.193520E+10     0.183800E+10     0.183800E+10     0.208800E+10     0.207371E+10     0.191404E+10     0.190400E+10     0.188448E+10     0.186305E+10     0.193100E+10     0.183800E+10     0.183800E+10     0.183800E+10     0.183800E+10     0.183800E+10     0.183800E+10     0.183800E+10     0.183800E+10     0.183800E+10     0.183800E+10     0.183800E+10     0.183800E+10     0.183800E+10     0.183800E+10     0.183800E+10     0.183800E+10     0.183800E+10     0.183800E+10     0.183800E+10     0.100000E+21
 0.274000E+04     0.204500E+11     0.172678E+11     0.117325E+11     0.102574E+11     0.108210E+11     0.148200E+11     0.174070E+11     0.174070E+11     0.174070E+11     0.139829E+11     0.517300E+10     0.517300E+10     0.500737E+10     0.559454E+10     0.540211E+10     0.517300E+10     0.754071E+10     0.116986E+11     0.124289E+11     0.113965E+11     0.105480E+11     0.991004E+10     0.800283E+10     0.788588E+10     0.742904E+10     0.731172E+10     0.772900E+10     0.824879E+10     0.818400E+10     0.751300E+10     0.734286E+10     0.720200E+10     0.825842E+10     0.694800E+10     0.631500E+10     0.647516E+10     0.747754E+10     0.732140E+10     0.606100E+10     0.106211E+11     0.170080E+11     0.156360E+11     0.153621E+11     0.165890E+11     0.157375E+11     0.144930E+11     0.832585E+10     0.687351E+10     0.553400E+10     0.550236E+10     0.542087E+10     0.539200E+10     0.554265E+10     0.514320E+10     0.509233E+10     0.523559E+10     0.550800E+10     0.546100E+10     0.520521E+10     0.483200E+10     0.477602E+10     0.474400E+10     0.486794E+10     0.489100E+10     0.484700E+10     0.474099E+10     0.322410E+10     0.239495E+10     0.241509E+10     0.276791E+10     0.283099E+10     0.286400E+10     0.258879E+10     0.241872E+10     0.240700E+10     0.239533E+10     0.219265E+10     0.228242E+10     0.228164E+10     0.219000E+10     0.226100E+10     0.256035E+10     0.263200E+10     0.254085E+10     0.236800E+10     0.250600E+10     0.233365E+10     0.198902E+10     0.196075E+10     0.219683E+10     0.203311E+10     0.201496E+10     0.207000E+10     0.205807E+10     0.219525E+10     0.222184E+10     0.208678E+10     0.183800E+10     0.183800E+10     0.200805E+10     0.204092E+10     0.194138E+10     0.190400E+10     0.189542E+10     0.186990E+10     0.193100E+10     0.183800E+10     0.183800E+10     0.183800E+10     0.183800E+10     0.183800E+10     0.183800E+10     0.183800E+10     0.183800E+10     0.183800E+10     0.183800E+10     0.183800E+10     0.183800E+10     0.183800E+10     0.183800E+10     0.183800E+10     0.183800E+10     0.183800E+10     0.183800E+10     0.183800E+10     0.100000E+21
 0.276000E+04     0.215008E+11     0.207001E+11     0.171126E+11     0.123310E+11     0.108721E+11     0.930300E+10     0.174070E+11     0.174070E+11     0.174070E+11     0.158547E+11     0.756800E+10     0.517300E+10     0.510584E+10     0.488400E+10     0.582571E+10     0.570673E+10     0.517300E+10     0.517300E+10     0.158870E+11     0.118084E+11     0.105480E+11     0.102899E+11     0.790588E+10     0.758500E+10     0.731682E+10     0.722073E+10     0.772900E+10     0.825427E+10     0.818400E+10     0.659431E+10     0.735794E+10     0.720200E+10     0.739515E+10     0.694800E+10     0.662754E+10     0.636920E+10     0.667800E+10     0.768492E+10     0.714536E+10     0.790385E+10     0.107240E+11     0.162844E+11     0.154068E+11     0.152826E+11     0.160400E+11     0.144930E+11     0.141260E+11     0.800614E+10     0.553400E+10     0.549645E+10     0.542281E+10     0.539200E+10     0.543420E+10     0.544073E+10     0.496000E+10     0.520380E+10     0.550800E+10     0.546100E+10     0.542917E+10     0.483200E+10     0.478239E+10     0.474400E+10     0.478107E+10     0.489100E+10     0.484700E+10     0.480861E+10     0.462000E+10     0.246401E+10     0.229200E+10     0.247400E+10     0.278579E+10     0.286400E+10     0.277207E+10     0.241932E+10     0.240700E+10     0.239455E+10     0.228437E+10     0.213900E+10     0.230877E+10     0.228079E+10     0.220935E+10     0.235308E+10     0.263200E+10     0.258932E+10     0.251754E+10     0.241524E+10     0.246056E+10     0.204500E+10     0.195624E+10     0.196558E+10     0.210367E+10     0.197596E+10     0.207000E+10     0.205635E+10     0.203500E+10     0.219094E+10     0.223100E+10     0.194918E+10     0.186153E+10     0.183800E+10     0.202399E+10     0.200465E+10     0.190400E+10     0.189505E+10     0.188169E+10     0.193100E+10     0.183800E+10     0.183800E+10     0.183800E+10     0.183800E+10     0.183800E+10     0.183800E+10     0.183800E+10     0.183800E+10     0.183800E+10     0.183800E+10     0.183800E+10     0.183800E+10     0.183800E+10     0.183800E+10     0.183800E+10     0.183800E+10     0.183800E+10     0.183800E+10     0.183800E+10     0.100000E+21
 0.278000E+04     0.217020E+11     0.213906E+11     0.190500E+11     0.170966E+11     0.136247E+11     0.110818E+11     0.174070E+11     0.174070E+11     0.174070E+11     0.146707E+11     0.876900E+10     0.517300E+10     0.517300E+10     0.488400E+10     0.516999E+10     0.593900E+10     0.517300E+10     0.517300E+10     0.158870E+11     0.124379E+11     0.105480E+11     0.104764E+11     0.831842E+10     0.758500E+10     0.734285E+10     0.733614E+10     0.772900E+10     0.824671E+10     0.818400E+10     0.593900E+10     0.736108E+10     0.727256E+10     0.736304E+10     0.798104E+10     0.685700E+10     0.667065E+10     0.636719E+10     0.773749E+10     0.767100E+10     0.604527E+10     0.613800E+10     0.166030E+11     0.156888E+11     0.148730E+11     0.157023E+11     0.152183E+11     0.141260E+11     0.117810E+11     0.553400E+10     0.550411E+10     0.542013E+10     0.539200E+10     0.536498E+10     0.548095E+10     0.530844E+10     0.508982E+10     0.524617E+10     0.546100E+10     0.543229E+10     0.514558E+10     0.477434E+10     0.474400E+10     0.478624E+10     0.489100E+10     0.484700E+10     0.481666E+10     0.470162E+10     0.322000E+10     0.242181E+10     0.235776E+10     0.253747E+10     0.286400E+10     0.285020E+10     0.241850E+10     0.240700E+10     0.239563E+10     0.228161E+10     0.213900E+10     0.224509E+10     0.231100E+10     0.217200E+10     0.230586E+10     0.239215E+10     0.260452E+10     0.259100E+10     0.234900E+10     0.242791E+10     0.229175E+10     0.207701E+10     0.193200E+10     0.208313E+10     0.203100E+10     0.196212E+10     0.202646E+10     0.203500E+10     0.217030E+10     0.223100E+10     0.198100E+10     0.189221E+10     0.183800E+10     0.198176E+10     0.199488E+10     0.190400E+10     0.189556E+10     0.189518E+10     0.193100E+10     0.183800E+10     0.183800E+10     0.183800E+10     0.183800E+10     0.183800E+10     0.183800E+10     0.183800E+10     0.183800E+10     0.183800E+10     0.183800E+10     0.183800E+10     0.183800E+10     0.183800E+10     0.183800E+10     0.183800E+10     0.183800E+10     0.183800E+10     0.183800E+10     0.183800E+10     0.100000E+21
 0.280000E+04     0.115270E+11     0.177652E+11     0.213209E+11     0.204500E+11     0.194099E+11     0.170630E+11     0.174070E+11     0.174070E+11     0.174070E+11     0.153449E+11     0.876900E+10     0.876900E+10     0.667621E+10     0.517300E+10     0.494784E+10     0.488400E+10     0.565608E+10     0.517300E+10     0.517300E+10     0.129176E+11     0.105480E+11     0.104698E+11     0.886182E+10     0.802400E+10     0.795946E+10     0.728398E+10     0.772900E+10     0.825081E+10     0.818400E+10     0.593900E+10     0.738670E+10     0.732200E+10     0.752967E+10     0.871000E+10     0.685700E+10     0.680170E+10     0.614800E+10     0.682185E+10     0.767100E+10     0.594365E+10     0.589400E+10     0.605500E+10     0.136644E+11     0.148730E+11     0.146209E+11     0.157980E+11     0.141260E+11     0.138815E+11     0.553400E+10     0.550043E+10     0.542158E+10     0.539200E+10     0.536395E+10     0.537677E+10     0.555300E+10     0.495790E+10     0.506200E+10     0.546100E+10     0.543060E+10     0.536600E+10     0.477793E+10     0.474400E+10     0.468189E+10     0.465700E+10     0.484700E+10     0.481307E+10     0.475900E+10     0.385255E+10     0.252600E+10     0.227600E+10     0.240205E+10     0.286400E+10     0.284880E+10     0.241894E+10     0.240700E+10     0.239504E+10     0.229915E+10     0.213900E+10     0.218231E+10     0.231100E+10     0.229100E+10     0.217668E+10     0.222400E+10     0.260599E+10     0.259100E+10     0.234900E+10     0.233763E+10     0.246600E+10     0.212226E+10     0.193200E+10     0.203899E+10     0.223500E+10     0.201400E+10     0.204273E+10     0.203500E+10     0.202274E+10     0.223100E+10     0.198100E+10     0.197042E+10     0.183800E+10     0.183800E+10     0.204662E+10     0.203500E+10     0.195023E+10     0.189189E+10     0.193100E+10     0.183800E+10     0.183800E+10     0.183800E+10     0.183800E+10     0.183800E+10     0.183800E+10     0.183800E+10     0.183800E+10     0.183800E+10     0.183800E+10     0.183800E+10     0.183800E+10     0.183800E+10     0.183800E+10     0.183800E+10     0.183800E+10     0.183800E+10     0.183800E+10     0.183800E+10     0.100000E+21
 0.282000E+04     0.115270E+11     0.138843E+11     0.215724E+11     0.215320E+11     0.206973E+11     0.195544E+11     0.174070E+11     0.174070E+11     0.174070E+11     0.161619E+11     0.876900E+10     0.876900E+10     0.794323E+10     0.517300E+10     0.514372E+10     0.488400E+10     0.567657E+10     0.517300E+10     0.517300E+10     0.135606E+11     0.105480E+11     0.104638E+11     0.919802E+10     0.802400E+10     0.776261E+10     0.713843E+10     0.713830E+10     0.794722E+10     0.818400E+10     0.948166E+10     0.662682E+10     0.732200E+10     0.724340E+10     0.754906E+10     0.685700E+10     0.679963E+10     0.651370E+10     0.623855E+10     0.767100E+10     0.656374E+10     0.589400E+10     0.605500E+10     0.144867E+11     0.148730E+11     0.146059E+11     0.157980E+11     0.151044E+11     0.140636E+11     0.121814E+11     0.642389E+10     0.542282E+10     0.539200E+10     0.536305E+10     0.536107E+10     0.555300E+10     0.527775E+10     0.506200E+10     0.520348E+10     0.535113E+10     0.536600E+10     0.518642E+10     0.474400E+10     0.468246E+10     0.465700E+10     0.484700E+10     0.480823E+10     0.475900E+10     0.433062E+10     0.369123E+10     0.244032E+10     0.233266E+10     0.249364E+10     0.278905E+10     0.257100E+10     0.240700E+10     0.239454E+10     0.234416E+10     0.231626E+10     0.214295E+10     0.215263E+10     0.229100E+10     0.230840E+10     0.222400E+10     0.233658E+10     0.259100E+10     0.247753E+10     0.238404E+10     0.236062E+10     0.205644E+10     0.198582E+10     0.198534E+10     0.210042E+10     0.201400E+10     0.193143E+10     0.203500E+10     0.202192E+10     0.223100E+10     0.198100E+10     0.196986E+10     0.192913E+10     0.184991E+10     0.204717E+10     0.203500E+10     0.194792E+10     0.188889E+10     0.193100E+10     0.183800E+10     0.183800E+10     0.183800E+10     0.183800E+10     0.183800E+10     0.183800E+10     0.183800E+10     0.183800E+10     0.183800E+10     0.183800E+10     0.183800E+10     0.183800E+10     0.183800E+10     0.183800E+10     0.183800E+10     0.183800E+10     0.183800E+10     0.183800E+10     0.183800E+10     0.100000E+21
 0.284000E+04     0.115270E+11     0.115270E+11     0.143836E+11     0.217020E+11     0.217020E+11     0.217020E+11     0.174070E+11     0.174070E+11     0.174070E+11     0.155720E+11     0.876900E+10     0.876900E+10     0.876900E+10     0.876900E+10     0.585822E+10     0.488400E+10     0.526675E+10     0.593900E+10     0.517300E+10     0.517300E+10     0.158870E+11     0.120539E+11     0.991991E+10     0.935700E+10     0.842092E+10     0.707048E+10     0.700300E+10     0.781370E+10     0.818400E+10     0.119710E+11     0.636085E+10     0.732200E+10     0.717584E+10     0.701600E+10     0.860500E+10     0.746579E+10     0.667800E+10     0.614529E+10     0.650100E+10     0.690806E+10     0.589400E+10     0.581200E+10     0.593572E+10     0.158120E+11     0.149102E+11     0.141330E+11     0.154110E+11     0.142778E+11     0.134090E+11     0.764959E+10     0.542188E+10     0.539200E+10     0.536375E+10     0.528442E+10     0.525100E+10     0.532952E+10     0.487000E+10     0.501700E+10     0.527692E+10     0.536600E+10     0.520471E+10     0.474400E+10     0.468201E+10     0.465700E+10     0.461400E+10     0.476517E+10     0.475900E+10     0.465285E+10     0.453500E+10     0.250600E+10     0.232726E+10     0.243400E+10     0.272413E+10     0.265585E+10     0.240700E+10     0.239492E+10     0.236281E+10     0.234900E+10     0.211539E+10     0.210300E+10     0.229100E+10     0.233434E+10     0.213500E+10     0.229252E+10     0.259100E+10     0.257000E+10     0.242539E+10     0.231100E+10     0.242114E+10     0.201000E+10     0.191030E+10     0.190100E+10     0.221600E+10     0.204934E+10     0.203500E+10     0.202249E+10     0.200000E+10     0.221300E+10     0.204664E+10     0.195000E+10     0.186785E+10     0.204676E+10     0.203500E+10     0.202449E+10     0.189093E+10     0.193100E+10     0.183800E+10     0.183800E+10     0.183800E+10     0.183800E+10     0.183800E+10     0.183800E+10     0.183800E+10     0.183800E+10     0.183800E+10     0.183800E+10     0.183800E+10     0.183800E+10     0.183800E+10     0.183800E+10     0.183800E+10     0.183800E+10     0.183800E+10     0.183800E+10     0.183800E+10     0.100000E+21
 0.286000E+04     0.109497E+11     0.113492E+11     0.128949E+11     0.153662E+11     0.217020E+11     0.217020E+11     0.174070E+11     0.174070E+11     0.174070E+11     0.155815E+11     0.876900E+10     0.876900E+10     0.876900E+10     0.876900E+10     0.777149E+10     0.505442E+10     0.506051E+10     0.537555E+10     0.517300E+10     0.517300E+10     0.158870E+11     0.120120E+11     0.993027E+10     0.935700E+10     0.839976E+10     0.741010E+10     0.700300E+10     0.780559E+10     0.818400E+10     0.988010E+10     0.634574E+10     0.732200E+10     0.717724E+10     0.701600E+10     0.860500E+10     0.744077E+10     0.667800E+10     0.637763E+10     0.620001E+10     0.685068E+10     0.674419E+10     0.581200E+10     0.593634E+10     0.158120E+11     0.148923E+11     0.141330E+11     0.154110E+11     0.147767E+11     0.134090E+11     0.111587E+11     0.542255E+10     0.539200E+10     0.536317E+10     0.528461E+10     0.525100E+10     0.541695E+10     0.521869E+10     0.491495E+10     0.508041E+10     0.536600E+10     0.525846E+10     0.504958E+10     0.468240E+10     0.465700E+10     0.461400E+10     0.476491E+10     0.475900E+10     0.467899E+10     0.460820E+10     0.368373E+10     0.269641E+10     0.231517E+10     0.250955E+10     0.274013E+10     0.265052E+10     0.246595E+10     0.236272E+10     0.234900E+10     0.220191E+10     0.210300E+10     0.229100E+10     0.231767E+10     0.230052E+10     0.220151E+10     0.235672E+10     0.257000E+10     0.249762E+10     0.231100E+10     0.233768E+10     0.225386E+10     0.193787E+10     0.190100E+10     0.208189E+10     0.202003E+10     0.192500E+10     0.199502E+10     0.200000E+10     0.221300E+10     0.204299E+10     0.195000E+10     0.186893E+10     0.196477E+10     0.203500E+10     0.202430E+10     0.194473E+10     0.193100E+10     0.183800E+10     0.183800E+10     0.183800E+10     0.183800E+10     0.183800E+10     0.183800E+10     0.183800E+10     0.183800E+10     0.183800E+10     0.183800E+10     0.183800E+10     0.183800E+10     0.183800E+10     0.183800E+10     0.183800E+10     0.183800E+10     0.183800E+10     0.183800E+10     0.183800E+10     0.100000E+21
 0.288000E+04     0.106000E+11     0.108735E+11     0.115270E+11     0.115270E+11     0.185278E+11     0.217020E+11     0.174070E+11     0.174070E+11     0.174070E+11     0.145803E+11     0.876900E+10     0.876900E+10     0.876900E+10     0.876900E+10     0.876900E+10     0.517300E+10     0.496876E+10     0.488400E+10     0.555046E+10     0.530599E+10     0.106079E+11     0.104829E+11     0.100826E+11     0.977631E+10     0.865838E+10     0.750430E+10     0.700300E+10     0.784474E+10     0.818400E+10     0.808300E+10     0.804735E+10     0.664058E+10     0.715503E+10     0.701600E+10     0.777173E+10     0.768393E+10     0.667800E+10     0.648077E+10     0.623827E+10     0.672623E+10     0.748300E+10     0.581200E+10     0.583939E+10     0.109238E+11     0.134172E+11     0.141330E+11     0.146034E+11     0.148670E+11     0.140232E+11     0.134342E+11     0.755074E+10     0.539200E+10     0.536515E+10     0.528005E+10     0.525100E+10     0.539336E+10     0.545800E+10     0.482600E+10     0.491436E+10     0.536600E+10     0.530490E+10     0.527300E+10     0.468115E+10     0.465700E+10     0.461400E+10     0.466531E+10     0.475900E+10     0.469802E+10     0.467200E+10     0.449200E+10     0.320267E+10     0.235289E+10     0.239162E+10     0.281157E+10     0.279900E+10     0.266923E+10     0.236064E+10     0.234900E+10     0.224475E+10     0.210300E+10     0.218896E+10     0.232357E+10     0.240700E+10     0.214037E+10     0.218700E+10     0.257000E+10     0.255855E+10     0.231100E+10     0.229722E+10     0.235111E+10     0.195469E+10     0.190100E+10     0.193672E+10     0.204102E+10     0.191660E+10     0.197921E+10     0.200000E+10     0.209918E+10     0.208567E+10     0.195000E+10     0.191079E+10     0.191595E+10     0.203500E+10     0.202492E+10     0.197378E+10     0.193100E+10     0.183800E+10     0.183800E+10     0.183800E+10     0.183800E+10     0.183800E+10     0.183800E+10     0.183800E+10     0.183800E+10     0.183800E+10     0.183800E+10     0.183800E+10     0.183800E+10     0.183800E+10     0.183800E+10     0.183800E+10     0.183800E+10     0.183800E+10     0.183800E+10     0.183800E+10     0.100000E+21
 0.290000E+04     0.106000E+11     0.106000E+11     0.111239E+11     0.115270E+11     0.130925E+11     0.151020E+11     0.174070E+11     0.174070E+11     0.174070E+11     0.148507E+11     0.876900E+10     0.876900E+10     0.876900E+10     0.876900E+10     0.876900E+10     0.749872E+10     0.505997E+10     0.488400E+10     0.525718E+10     0.558099E+10     0.517300E+10     0.109009E+11     0.102722E+11     0.102080E+11     0.931656E+10     0.753069E+10     0.700300E+10     0.783464E+10     0.818400E+10     0.808300E+10     0.982486E+10     0.593900E+10     0.718117E+10     0.709214E+10     0.692300E+10     0.786336E+10     0.667800E+10     0.656454E+10     0.650100E+10     0.628766E+10     0.679861E+10     0.682964E+10     0.601600E+10     0.573367E+10     0.794082E+10     0.146733E+11     0.137720E+11     0.145833E+11     0.146550E+11     0.136284E+11     0.984300E+10     0.539200E+10     0.536467E+10     0.528131E+10     0.525100E+10     0.523445E+10     0.526441E+10     0.517130E+10     0.496479E+10     0.508155E+10     0.530642E+10     0.527300E+10     0.486003E+10     0.465700E+10     0.461400E+10     0.458414E+10     0.475900E+10     0.469873E+10     0.467200E+10     0.458070E+10     0.404833E+10     0.246600E+10     0.235148E+10     0.265780E+10     0.279900E+10     0.278624E+10     0.236122E+10     0.234900E+10     0.229035E+10     0.223815E+10     0.208500E+10     0.229048E+10     0.230753E+10     0.212372E+10     0.213029E+10     0.233200E+10     0.246303E+10     0.245221E+10     0.232929E+10     0.227300E+10     0.212764E+10     0.194476E+10     0.188600E+10     0.199384E+10     0.197900E+10     0.192883E+10     0.200000E+10     0.198200E+10     0.211617E+10     0.209608E+10     0.198686E+10     0.187092E+10     0.190673E+10     0.197613E+10     0.197549E+10     0.193100E+10     0.183800E+10     0.183800E+10     0.183800E+10     0.183800E+10     0.183800E+10     0.183800E+10     0.183800E+10     0.183800E+10     0.183800E+10     0.183800E+10     0.183800E+10     0.183800E+10     0.183800E+10     0.183800E+10     0.183800E+10     0.183800E+10     0.183800E+10     0.183800E+10     0.183800E+10     0.100000E+21
 0.292000E+04     0.106000E+11     0.106000E+11     0.107223E+11     0.109332E+11     0.115270E+11     0.115270E+11     0.174070E+11     0.174070E+11     0.174070E+11     0.156175E+11     0.876900E+10     0.876900E+10     0.876900E+10     0.876900E+10     0.876900E+10     0.876900E+10     0.647471E+10     0.503965E+10     0.488400E+10     0.517818E+10     0.517300E+10     0.128101E+11     0.102752E+11     0.102080E+11     0.956668E+10     0.770685E+10     0.746276E+10     0.740778E+10     0.777705E+10     0.808300E+10     0.102072E+11     0.593900E+10     0.720535E+10     0.713400E+10     0.692300E+10     0.792320E+10     0.770297E+10     0.657292E+10     0.650100E+10     0.614049E+10     0.605446E+10     0.671219E+10     0.676275E+10     0.564900E+10     0.576207E+10     0.150440E+11     0.137720E+11     0.139772E+11     0.146550E+11     0.140769E+11     0.114316E+11     0.985386E+10     0.678099E+10     0.528474E+10     0.525100E+10     0.519290E+10     0.515900E+10     0.541000E+10     0.521602E+10     0.492700E+10     0.507475E+10     0.527300E+10     0.498619E+10     0.465700E+10     0.461400E+10     0.458027E+10     0.461906E+10     0.470082E+10     0.467200E+10     0.462900E+10     0.449708E+10     0.370884E+10     0.267991E+10     0.255107E+10     0.279900E+10     0.278534E+10     0.254718E+10     0.234900E+10     0.232437E+10     0.231100E+10     0.208500E+10     0.218060E+10     0.225400E+10     0.225195E+10     0.209900E+10     0.216800E+10     0.226444E+10     0.253000E+10     0.245654E+10     0.227300E+10     0.227285E+10     0.219755E+10     0.188600E+10     0.190124E+10     0.210517E+10     0.196395E+10     0.200000E+10     0.198200E+10     0.203478E+10     0.217600E+10     0.210758E+10     0.186953E+10     0.183800E+10     0.188512E+10     0.198018E+10     0.193100E+10     0.183800E+10     0.183800E+10     0.183800E+10     0.183800E+10     0.183800E+10     0.183800E+10     0.183800E+10     0.183800E+10     0.183800E+10     0.183800E+10     0.183800E+10     0.183800E+10     0.183800E+10     0.183800E+10     0.183800E+10     0.183800E+10     0.183800E+10     0.183800E+10     0.183800E+10     0.100000E+21
 0.294000E+04     0.106000E+11     0.106000E+11     0.106000E+11     0.106000E+11     0.108438E+11     0.115270E+11     0.115270E+11     0.156089E+11     0.174070E+11     0.168513E+11     0.132150E+11     0.876900E+10     0.876900E+10     0.876900E+10     0.876900E+10     0.876900E+10     0.751897E+10     0.517300E+10     0.488400E+10     0.488400E+10     0.593900E+10     0.537043E+10     0.102749E+11     0.102080E+11     0.956430E+10     0.780958E+10     0.772900E+10     0.710395E+10     0.753600E+10     0.808300E+10     0.108427E+11     0.119710E+11     0.616425E+10     0.713400E+10     0.704100E+10     0.690884E+10     0.839800E+10     0.658447E+10     0.650100E+10     0.618413E+10     0.582200E+10     0.574200E+10     0.704804E+10     0.564900E+10     0.559119E+10     0.572900E+10     0.146690E+11     0.137740E+11     0.130650E+11     0.140452E+11     0.125966E+11     0.123760E+11     0.121719E+11     0.528671E+10     0.525100E+10     0.519399E+10     0.515900E+10     0.511300E+10     0.528124E+10     0.473800E+10     0.492227E+10     0.527300E+10     0.520743E+10     0.518100E+10     0.461400E+10     0.457633E+10     0.452900E+10     0.454750E+10     0.467200E+10     0.462900E+10     0.459629E+10     0.440800E+10     0.291732E+10     0.227456E+10     0.237600E+10     0.263757E+10     0.267682E+10     0.234900E+10     0.232457E+10     0.231100E+10     0.229100E+10     0.212054E+10     0.225400E+10     0.221308E+10     0.209900E+10     0.208100E+10     0.212328E+10     0.253000E+10     0.251103E+10     0.227300E+10     0.224701E+10     0.223500E+10     0.195900E+10     0.188759E+10     0.195300E+10     0.195954E+10     0.183800E+10     0.198200E+10     0.197023E+10     0.195000E+10     0.212196E+10     0.204004E+10     0.183800E+10     0.183800E+10     0.186197E+10     0.193100E+10     0.183800E+10     0.183800E+10     0.183800E+10     0.183800E+10     0.183800E+10     0.183800E+10     0.183800E+10     0.183800E+10     0.183800E+10     0.183800E+10     0.183800E+10     0.183800E+10     0.183800E+10     0.183800E+10     0.183800E+10     0.183800E+10     0.183800E+10     0.183800E+10     0.183800E+10     0.100000E+21
 0.296000E+04     0.100179E+11     0.103648E+11     0.106000E+11     0.106000E+11     0.107342E+11     0.111028E+11     0.115270E+11     0.155489E+11     0.174070E+11     0.164723E+11     0.132150E+11     0.876900E+10     0.876900E+10     0.876900E+10     0.876900E+10     0.876900E+10     0.812881E+10     0.691814E+10     0.501759E+10     0.492071E+10     0.546420E+10     0.524612E+10     0.118554E+11     0.102080E+11     0.956954E+10     0.814601E+10     0.753550E+10     0.711006E+10     0.753600E+10     0.808300E+10     0.108832E+11     0.119710E+11     0.623117E+10     0.713400E+10     0.704100E+10     0.690889E+10     0.839800E+10     0.715975E+10     0.650100E+10     0.628046E+10     0.606686E+10     0.574200E+10     0.654832E+10     0.635643E+10     0.582499E+10     0.561274E+10     0.105646E+11     0.127397E+11     0.130650E+11     0.134402E+11     0.129646E+11     0.123760E+11     0.121714E+11     0.528423E+10     0.525100E+10     0.519254E+10     0.515900E+10     0.511300E+10     0.518765E+10     0.500380E+10     0.485565E+10     0.507017E+10     0.520754E+10     0.518100E+10     0.461400E+10     0.458100E+10     0.452900E+10     0.454857E+10     0.467200E+10     0.462900E+10     0.459765E+10     0.446861E+10     0.365138E+10     0.233759E+10     0.237600E+10     0.250803E+10     0.269365E+10     0.252296E+10     0.232428E+10     0.231100E+10     0.229100E+10     0.212363E+10     0.225400E+10     0.221679E+10     0.215345E+10     0.208100E+10     0.209795E+10     0.234498E+10     0.247418E+10     0.237355E+10     0.224701E+10     0.223500E+10     0.214880E+10     0.196656E+10     0.190917E+10     0.200891E+10     0.189072E+10     0.198200E+10     0.197040E+10     0.195000E+10     0.209688E+10     0.204925E+10     0.186775E+10     0.185112E+10     0.186551E+10     0.193100E+10     0.183800E+10     0.183800E+10     0.183800E+10     0.183800E+10     0.183800E+10     0.183800E+10     0.183800E+10     0.183800E+10     0.183800E+10     0.183800E+10     0.183800E+10     0.183800E+10     0.183800E+10     0.183800E+10     0.183800E+10     0.183800E+10     0.183800E+10     0.183800E+10     0.183800E+10     0.100000E+21
 0.298000E+04     0.110152E+11     0.105569E+11     0.106000E+11     0.106000E+11     0.106000E+11     0.106000E+11     0.111228E+11     0.150365E+11     0.174070E+11     0.160952E+11     0.132150E+11     0.107037E+11     0.964026E+10     0.876900E+10     0.876900E+10     0.876900E+10     0.876900E+10     0.876900E+10     0.660846E+10     0.561981E+10     0.488400E+10     0.525361E+10     0.134097E+11     0.102080E+11     0.983037E+10     0.852053E+10     0.747200E+10     0.702308E+10     0.725186E+10     0.780384E+10     0.101258E+11     0.113543E+11     0.614748E+10     0.665641E+10     0.704100E+10     0.694592E+10     0.773608E+10     0.800135E+10     0.717760E+10     0.637664E+10     0.632700E+10     0.594161E+10     0.597198E+10     0.675539E+10     0.636445E+10     0.548900E+10     0.555455E+10     0.110931E+11     0.130650E+11     0.128495E+11     0.135208E+11     0.128479E+11     0.124111E+11     0.683074E+10     0.525100E+10     0.518909E+10     0.515900E+10     0.511300E+10     0.508542E+10     0.531700E+10     0.488759E+10     0.483800E+10     0.520640E+10     0.518100E+10     0.482255E+10     0.466022E+10     0.452900E+10     0.451812E+10     0.457249E+10     0.462900E+10     0.460087E+10     0.454300E+10     0.443142E+10     0.237030E+10     0.230325E+10     0.233120E+10     0.274916E+10     0.273600E+10     0.241946E+10     0.231100E+10     0.229100E+10     0.215238E+10     0.217250E+10     0.222892E+10     0.221600E+10     0.220089E+10     0.212323E+10     0.213200E+10     0.229465E+10     0.249000E+10     0.229854E+10     0.223500E+10     0.230725E+10     0.216323E+10     0.185600E+10     0.196977E+10     0.203209E+10     0.192477E+10     0.194642E+10     0.195000E+10     0.202720E+10     0.208643E+10     0.199022E+10     0.192146E+10     0.187227E+10     0.193100E+10     0.183800E+10     0.183800E+10     0.183800E+10     0.183800E+10     0.183800E+10     0.183800E+10     0.183800E+10     0.183800E+10     0.183800E+10     0.183800E+10     0.183800E+10     0.183800E+10     0.183800E+10     0.183800E+10     0.183800E+10     0.183800E+10     0.183800E+10     0.183800E+10     0.183800E+10     0.100000E+21
 0.300000E+04     0.136040E+11     0.124679E+11     0.101466E+11     0.106000E+11     0.106000E+11     0.106000E+11     0.106000E+11     0.148062E+11     0.174070E+11     0.160520E+11     0.132150E+11     0.132150E+11     0.120754E+11     0.876900E+10     0.876900E+10     0.876900E+10     0.876900E+10     0.876900E+10     0.876900E+10     0.641518E+10     0.488400E+10     0.517270E+10     0.114403E+11     0.133590E+11     0.113081E+11     0.859474E+10     0.772900E+10     0.712350E+10     0.682100E+10     0.744000E+10     0.889706E+10     0.104190E+11     0.819450E+10     0.593900E+10     0.645204E+10     0.674685E+10     0.674100E+10     0.761526E+10     0.819300E+10     0.637634E+10     0.632700E+10     0.624100E+10     0.585374E+10     0.580078E+10     0.663011E+10     0.631196E+10     0.541000E+10     0.793782E+10     0.135466E+11     0.130285E+11     0.132723E+11     0.135630E+11     0.130573E+11     0.104854E+11     0.865595E+10     0.518871E+10     0.515900E+10     0.511300E+10     0.508567E+10     0.515395E+10     0.510262E+10     0.473498E+10     0.507729E+10     0.518100E+10     0.513500E+10     0.495108E+10     0.452900E+10     0.447012E+10     0.444400E+10     0.462900E+10     0.460122E+10     0.454300E+10     0.448021E+10     0.296836E+10     0.231170E+10     0.233598E+10     0.260240E+10     0.273600E+10     0.256438E+10     0.231100E+10     0.229100E+10     0.218908E+10     0.204900E+10     0.222873E+10     0.221600E+10     0.227152E+10     0.215250E+10     0.213200E+10     0.211952E+10     0.249000E+10     0.237254E+10     0.223500E+10     0.221600E+10     0.224766E+10     0.189595E+10     0.186074E+10     0.202462E+10     0.189016E+10     0.189168E+10     0.195000E+10     0.194080E+10     0.205822E+10     0.212100E+10     0.199087E+10     0.187304E+10     0.193100E+10     0.183800E+10     0.183800E+10     0.183800E+10     0.183800E+10     0.183800E+10     0.183800E+10     0.183800E+10     0.183800E+10     0.183800E+10     0.183800E+10     0.183800E+10     0.183800E+10     0.183800E+10     0.183800E+10     0.183800E+10     0.183800E+10     0.183800E+10     0.183800E+10     0.183800E+10     0.100000E+21
 0.302000E+04     0.136040E+11     0.136040E+11     0.109057E+11     0.999626E+10     0.106000E+11     0.106000E+11     0.106000E+11     0.152533E+11     0.174070E+11     0.140481E+11     0.122681E+11     0.132150E+11     0.132150E+11     0.876900E+10     0.876900E+10     0.876900E+10     0.876900E+10     0.876900E+10     0.876900E+10     0.734553E+10     0.501877E+10     0.492638E+10     0.759946E+10     0.108862E+11     0.102613E+11     0.919058E+10     0.833841E+10     0.737429E+10     0.682100E+10     0.744000E+10     0.871250E+10     0.104190E+11     0.104898E+11     0.593900E+10     0.593900E+10     0.657664E+10     0.679612E+10     0.696525E+10     0.819300E+10     0.687823E+10     0.632700E+10     0.624100E+10     0.597246E+10     0.558400E+10     0.627880E+10     0.702700E+10     0.541000E+10     0.544295E+10     0.100009E+11     0.121400E+11     0.125341E+11     0.128572E+11     0.130576E+11     0.119975E+11     0.113910E+11     0.719812E+10     0.515900E+10     0.511300E+10     0.508299E+10     0.502300E+10     0.509336E+10     0.492493E+10     0.481604E+10     0.497028E+10     0.513500E+10     0.509893E+10     0.452900E+10     0.447268E+10     0.444400E+10     0.452210E+10     0.456725E+10     0.454300E+10     0.451335E+10     0.397992E+10     0.328139E+10     0.271063E+10     0.245335E+10     0.273600E+10     0.265034E+10     0.249088E+10     0.229100E+10     0.223584E+10     0.214514E+10     0.215853E+10     0.221600E+10     0.219800E+10     0.211513E+10     0.209057E+10     0.210886E+10     0.230229E+10     0.242259E+10     0.234035E+10     0.221600E+10     0.220242E+10     0.211593E+10     0.195048E+10     0.188093E+10     0.202187E+10     0.192342E+10     0.195000E+10     0.193938E+10     0.195067E+10     0.201971E+10     0.200142E+10     0.187746E+10     0.193100E+10     0.183800E+10     0.183800E+10     0.183800E+10     0.183800E+10     0.183800E+10     0.183800E+10     0.183800E+10     0.183800E+10     0.183800E+10     0.183800E+10     0.183800E+10     0.183800E+10     0.183800E+10     0.183800E+10     0.183800E+10     0.183800E+10     0.183800E+10     0.183800E+10     0.183800E+10     0.100000E+21
 0.304000E+04     0.114695E+11     0.130258E+11     0.132107E+11     0.130153E+11     0.984329E+10     0.106000E+11     0.106000E+11     0.152683E+11     0.174070E+11     0.112300E+11     0.112300E+11     0.118729E+11     0.126975E+11     0.122121E+11     0.911727E+10     0.876900E+10     0.876900E+10     0.876900E+10     0.876900E+10     0.876900E+10     0.824945E+10     0.574269E+10     0.517875E+10     0.517300E+10     0.113811E+11     0.978142E+10     0.903400E+10     0.751376E+10     0.742044E+10     0.695829E+10     0.786742E+10     0.827884E+10     0.104085E+11     0.106555E+11     0.593900E+10     0.610372E+10     0.685700E+10     0.681862E+10     0.692331E+10     0.740172E+10     0.632700E+10     0.624100E+10     0.617212E+10     0.598838E+10     0.568745E+10     0.626799E+10     0.666916E+10     0.562812E+10     0.528813E+10     0.623206E+10     0.126712E+11     0.120480E+11     0.120955E+11     0.126641E+11     0.123675E+11     0.957149E+10     0.515900E+10     0.511300E+10     0.508303E+10     0.502300E+10     0.501502E+10     0.522400E+10     0.489968E+10     0.475000E+10     0.480426E+10     0.505850E+10     0.494317E+10     0.447264E+10     0.444400E+10     0.440300E+10     0.440193E+10     0.454300E+10     0.451193E+10     0.438968E+10     0.428400E+10     0.306104E+10     0.238860E+10     0.237795E+10     0.270879E+10     0.269400E+10     0.254919E+10     0.226737E+10     0.225400E+10     0.218672E+10     0.205915E+10     0.219800E+10     0.216725E+10     0.204500E+10     0.210529E+10     0.209500E+10     0.246255E+10     0.245000E+10     0.238411E+10     0.222860E+10     0.220257E+10     0.223486E+10     0.187877E+10     0.188422E+10     0.202747E+10     0.185540E+10     0.192283E+10     0.191397E+10     0.190400E+10     0.193086E+10     0.201544E+10     0.193100E+10     0.183800E+10     0.183800E+10     0.183800E+10     0.183800E+10     0.183800E+10     0.183800E+10     0.183800E+10     0.183800E+10     0.183800E+10     0.183800E+10     0.183800E+10     0.183800E+10     0.183800E+10     0.183800E+10     0.183800E+10     0.183800E+10     0.183800E+10     0.183800E+10     0.183800E+10     0.100000E+21
 0.306000E+04     0.111330E+11     0.111330E+11     0.136040E+11     0.136040E+11     0.124440E+11     0.930300E+10     0.106000E+11     0.153219E+11     0.174070E+11     0.975660E+10     0.112300E+11     0.112300E+11     0.124163E+11     0.132150E+11     0.132150E+11     0.876900E+10     0.876900E+10     0.876900E+10     0.876900E+10     0.876900E+10     0.876900E+10     0.615683E+10     0.531023E+10     0.593900E+10     0.542354E+10     0.144763E+11     0.987500E+10     0.849868E+10     0.753600E+10     0.673100E+10     0.749680E+10     0.788300E+10     0.107499E+11     0.119710E+11     0.593900E+10     0.593900E+10     0.593900E+10     0.673673E+10     0.656200E+10     0.805369E+10     0.799200E+10     0.624100E+10     0.617259E+10     0.607100E+10     0.601137E+10     0.542900E+10     0.693700E+10     0.687441E+10     0.525400E+10     0.519582E+10     0.794781E+10     0.128770E+11     0.121651E+11     0.116947E+11     0.125230E+11     0.118298E+11     0.107620E+11     0.511300E+10     0.508265E+10     0.502300E+10     0.497066E+10     0.493300E+10     0.491992E+10     0.456600E+10     0.470700E+10     0.467018E+10     0.504400E+10     0.481837E+10     0.444400E+10     0.440300E+10     0.437153E+10     0.454300E+10     0.451210E+10     0.444184E+10     0.441600E+10     0.430290E+10     0.231349E+10     0.214500E+10     0.241308E+10     0.269400E+10     0.267300E+10     0.226749E+10     0.225400E+10     0.223129E+10     0.221600E+10     0.219800E+10     0.218628E+10     0.216100E+10     0.204708E+10     0.209500E+10     0.221335E+10     0.245000E+10     0.243100E+10     0.224768E+10     0.217900E+10     0.216608E+10     0.229100E+10     0.183800E+10     0.183800E+10     0.208800E+10     0.189666E+10     0.191409E+10     0.190400E+10     0.189506E+10     0.188959E+10     0.193100E+10     0.183800E+10     0.183800E+10     0.183800E+10     0.183800E+10     0.183800E+10     0.183800E+10     0.183800E+10     0.183800E+10     0.183800E+10     0.183800E+10     0.183800E+10     0.183800E+10     0.183800E+10     0.183800E+10     0.183800E+10     0.183800E+10     0.183800E+10     0.183800E+10     0.183800E+10     0.100000E+21
 0.308000E+04     0.104227E+11     0.107406E+11     0.131560E+11     0.136040E+11     0.128049E+11     0.106154E+11     0.101044E+11     0.148072E+11     0.174070E+11     0.970719E+10     0.106664E+11     0.112300E+11     0.119709E+11     0.132150E+11     0.132150E+11     0.876900E+10     0.876900E+10     0.876900E+10     0.876900E+10     0.876900E+10     0.876900E+10     0.706829E+10     0.520856E+10     0.562334E+10     0.529069E+10     0.138854E+11     0.987500E+10     0.843407E+10     0.753600E+10     0.699922E+10     0.729946E+10     0.769342E+10     0.101630E+11     0.114868E+11     0.824910E+10     0.693292E+10     0.593900E+10     0.672759E+10     0.659767E+10     0.772315E+10     0.799200E+10     0.675852E+10     0.638531E+10     0.607100E+10     0.601575E+10     0.560975E+10     0.645748E+10     0.664709E+10     0.570823E+10     0.540827E+10     0.695093E+10     0.106031E+11     0.110695E+11     0.115719E+11     0.120921E+11     0.118885E+11     0.110985E+11     0.715952E+10     0.591536E+10     0.502300E+10     0.496614E+10     0.493300E+10     0.495122E+10     0.478000E+10     0.464913E+10     0.465290E+10     0.504400E+10     0.479522E+10     0.444400E+10     0.440300E+10     0.437422E+10     0.447611E+10     0.448370E+10     0.444071E+10     0.441600E+10     0.430919E+10     0.264663E+10     0.220649E+10     0.233892E+10     0.256867E+10     0.267300E+10     0.234207E+10     0.225400E+10     0.222966E+10     0.221600E+10     0.212084E+10     0.215261E+10     0.216100E+10     0.206149E+10     0.206855E+10     0.216098E+10     0.230064E+10     0.243100E+10     0.230700E+10     0.217900E+10     0.216711E+10     0.229100E+10     0.185153E+10     0.184480E+10     0.202375E+10     0.190103E+10     0.189708E+10     0.190400E+10     0.189539E+10     0.189320E+10     0.193100E+10     0.183800E+10     0.183800E+10     0.183800E+10     0.183800E+10     0.183800E+10     0.183800E+10     0.183800E+10     0.183800E+10     0.183800E+10     0.183800E+10     0.183800E+10     0.183800E+10     0.183800E+10     0.183800E+10     0.183800E+10     0.183800E+10     0.183800E+10     0.183800E+10     0.183800E+10     0.100000E+21
 0.310000E+04     0.116047E+11     0.107413E+11     0.116229E+11     0.124667E+11     0.136040E+11     0.136040E+11     0.113437E+11     0.150995E+11     0.174070E+11     0.943700E+10     0.943700E+10     0.103798E+11     0.108523E+11     0.123012E+11     0.129104E+11     0.108143E+11     0.876900E+10     0.876900E+10     0.876900E+10     0.876900E+10     0.876900E+10     0.876900E+10     0.504594E+10     0.488400E+10     0.527304E+10     0.117197E+11     0.126481E+11     0.886957E+10     0.812717E+10     0.744000E+10     0.687152E+10     0.725100E+10     0.867764E+10     0.104190E+11     0.119710E+11     0.100835E+11     0.593900E+10     0.648138E+10     0.667600E+10     0.682184E+10     0.723002E+10     0.789200E+10     0.673204E+10     0.607100E+10     0.601858E+10     0.590400E+10     0.535300E+10     0.583838E+10     0.676100E+10     0.620285E+10     0.511968E+10     0.515247E+10     0.741290E+10     0.115021E+11     0.110800E+11     0.116529E+11     0.118560E+11     0.109663E+11     0.881673E+10     0.502300E+10     0.496364E+10     0.493300E+10     0.499793E+10     0.513200E+10     0.478220E+10     0.465036E+10     0.484900E+10     0.487761E+10     0.468607E+10     0.440300E+10     0.437593E+10     0.431900E+10     0.443182E+10     0.444003E+10     0.441600E+10     0.434948E+10     0.348802E+10     0.234900E+10     0.218549E+10     0.228000E+10     0.267300E+10     0.257125E+10     0.242777E+10     0.222870E+10     0.221600E+10     0.209184E+10     0.208893E+10     0.216100E+10     0.210479E+10     0.201000E+10     0.204744E+10     0.206000E+10     0.243100E+10     0.241778E+10     0.227646E+10     0.220645E+10     0.222088E+10     0.206228E+10     0.193632E+10     0.185901E+10     0.186862E+10     0.187326E+10     0.190400E+10     0.189559E+10     0.189556E+10     0.193100E+10     0.183800E+10     0.183800E+10     0.183800E+10     0.183800E+10     0.183800E+10     0.183800E+10     0.183800E+10     0.183800E+10     0.183800E+10     0.183800E+10     0.183800E+10     0.183800E+10     0.183800E+10     0.183800E+10     0.183800E+10     0.183800E+10     0.183800E+10     0.183800E+10     0.183800E+10     0.100000E+21
 0.312000E+04     0.140400E+11     0.146145E+11     0.937346E+10     0.111330E+11     0.118042E+11     0.136040E+11     0.136040E+11     0.162379E+11     0.174070E+11     0.943700E+10     0.943700E+10     0.943700E+10     0.105082E+11     0.112300E+11     0.128974E+11     0.132150E+11     0.116801E+11     0.876900E+10     0.876900E+10     0.876900E+10     0.876900E+10     0.876900E+10     0.731550E+10     0.517300E+10     0.497876E+10     0.777460E+10     0.158870E+11     0.947429E+10     0.882200E+10     0.744000E+10     0.682313E+10     0.655400E+10     0.727276E+10     0.768600E+10     0.104190E+11     0.114056E+11     0.593900E+10     0.593900E+10     0.593900E+10     0.650932E+10     0.638600E+10     0.629900E+10     0.749360E+10     0.607100E+10     0.601149E+10     0.590400E+10     0.582100E+10     0.543490E+10     0.520100E+10     0.630451E+10     0.604524E+10     0.502500E+10     0.497888E+10     0.692159E+10     0.118680E+11     0.106903E+11     0.104610E+11     0.115310E+11     0.113161E+11     0.985900E+10     0.497031E+10     0.493300E+10     0.486944E+10     0.484400E+10     0.508600E+10     0.504869E+10     0.443900E+10     0.470001E+10     0.495400E+10     0.490900E+10     0.449975E+10     0.431900E+10     0.428899E+10     0.444183E+10     0.441600E+10     0.438922E+10     0.428986E+10     0.416100E+10     0.226702E+10     0.211300E+10     0.226100E+10     0.264617E+10     0.263200E+10     0.253184E+10     0.221600E+10     0.219800E+10     0.218628E+10     0.196200E+10     0.211534E+10     0.212400E+10     0.198644E+10     0.197500E+10     0.204200E+10     0.233080E+10     0.239100E+10     0.237740E+10     0.214300E+10     0.212400E+10     0.221383E+10     0.185300E+10     0.184164E+10     0.198841E+10     0.185600E+10     0.187566E+10     0.188975E+10     0.193100E+10     0.183800E+10     0.183800E+10     0.183800E+10     0.183800E+10     0.183800E+10     0.183800E+10     0.183800E+10     0.183800E+10     0.183800E+10     0.183800E+10     0.183800E+10     0.183800E+10     0.183800E+10     0.183800E+10     0.183800E+10     0.183800E+10     0.183800E+10     0.183800E+10     0.183800E+10     0.100000E+21
 0.314000E+04     0.140400E+11     0.142130E+11     0.134612E+11     0.139454E+11     0.114613E+11     0.118089E+11     0.136040E+11     0.143144E+11     0.174070E+11     0.943700E+10     0.943700E+10     0.943700E+10     0.977976E+10     0.112300E+11     0.115525E+11     0.132150E+11     0.115530E+11     0.876900E+10     0.876900E+10     0.876900E+10     0.876900E+10     0.876900E+10     0.816980E+10     0.782183E+10     0.587868E+10     0.631929E+10     0.805294E+10     0.124782E+11     0.943482E+10     0.825585E+10     0.701317E+10     0.655400E+10     0.691825E+10     0.768600E+10     0.104190E+11     0.107153E+11     0.102642E+11     0.593900E+10     0.593900E+10     0.627081E+10     0.645643E+10     0.629900E+10     0.740322E+10     0.725966E+10     0.632712E+10     0.590400E+10     0.582100E+10     0.568115E+10     0.520100E+10     0.539323E+10     0.632874E+10     0.611442E+10     0.534067E+10     0.584737E+10     0.682407E+10     0.110799E+11     0.104610E+11     0.106627E+11     0.110377E+11     0.106114E+11     0.769876E+10     0.493300E+10     0.486880E+10     0.484400E+10     0.488236E+10     0.501322E+10     0.484235E+10     0.454234E+10     0.468864E+10     0.490900E+10     0.478801E+10     0.431900E+10     0.429101E+10     0.435202E+10     0.441600E+10     0.439038E+10     0.430405E+10     0.425731E+10     0.316721E+10     0.225762E+10     0.215665E+10     0.244622E+10     0.263200E+10     0.256327E+10     0.248361E+10     0.219800E+10     0.218670E+10     0.210418E+10     0.200742E+10     0.212400E+10     0.203341E+10     0.197500E+10     0.204200E+10     0.209561E+10     0.239100E+10     0.237819E+10     0.227716E+10     0.212400E+10     0.213987E+10     0.213232E+10     0.191440E+10     0.192291E+10     0.198785E+10     0.190107E+10     0.189233E+10     0.193100E+10     0.183800E+10     0.183800E+10     0.183800E+10     0.183800E+10     0.183800E+10     0.183800E+10     0.183800E+10     0.183800E+10     0.183800E+10     0.183800E+10     0.183800E+10     0.183800E+10     0.183800E+10     0.183800E+10     0.183800E+10     0.183800E+10     0.183800E+10     0.183800E+10     0.183800E+10     0.100000E+21
 0.316000E+04     0.140400E+11     0.140400E+11     0.142427E+11     0.149460E+11     0.139518E+11     0.111330E+11     0.111330E+11     0.128567E+11     0.174070E+11     0.943700E+10     0.943700E+10     0.943700E+10     0.943700E+10     0.943700E+10     0.111130E+11     0.112300E+11     0.132150E+11     0.132150E+11     0.876900E+10     0.876900E+10     0.876900E+10     0.876900E+10     0.876900E+10     0.876900E+10     0.634169E+10     0.493397E+10     0.517300E+10     0.653696E+10     0.965700E+10     0.954900E+10     0.824239E+10     0.725100E+10     0.657893E+10     0.706600E+10     0.758800E+10     0.938932E+10     0.119710E+11     0.117893E+11     0.593900E+10     0.615299E+10     0.649700E+10     0.640900E+10     0.624372E+10     0.769500E+10     0.647163E+10     0.590400E+10     0.582100E+10     0.576291E+10     0.565900E+10     0.523388E+10     0.555309E+10     0.650100E+10     0.644874E+10     0.485804E+10     0.480200E+10     0.645065E+10     0.112230E+11     0.101600E+11     0.995969E+10     0.108980E+11     0.104585E+11     0.928200E+10     0.486941E+10     0.484400E+10     0.480000E+10     0.476039E+10     0.499600E+10     0.475833E+10     0.435500E+10     0.449200E+10     0.477631E+10     0.482000E+10     0.440954E+10     0.422159E+10     0.419700E+10     0.431352E+10     0.432476E+10     0.429200E+10     0.360911E+10     0.231100E+10     0.229100E+10     0.223689E+10     0.222400E+10     0.260778E+10     0.259100E+10     0.257000E+10     0.232894E+10     0.216100E+10     0.214354E+10     0.193200E+10     0.205835E+10     0.197500E+10     0.195900E+10     0.201177E+10     0.239100E+10     0.237717E+10     0.235300E+10     0.233300E+10     0.217505E+10     0.208800E+10     0.219387E+10     0.183800E+10     0.183800E+10     0.194456E+10     0.186205E+10     0.193100E+10     0.183800E+10     0.183800E+10     0.183800E+10     0.183800E+10     0.183800E+10     0.183800E+10     0.183800E+10     0.183800E+10     0.183800E+10     0.183800E+10     0.183800E+10     0.183800E+10     0.183800E+10     0.183800E+10     0.183800E+10     0.183800E+10     0.183800E+10     0.183800E+10     0.183800E+10     0.100000E+21
 0.318000E+04     0.123316E+11     0.135599E+11     0.141433E+11     0.142419E+11     0.144674E+11     0.139539E+11     0.966671E+10     0.111828E+11     0.174070E+11     0.943700E+10     0.943700E+10     0.943700E+10     0.943700E+10     0.943700E+10     0.109151E+11     0.112300E+11     0.123395E+11     0.132150E+11     0.876900E+10     0.876900E+10     0.876900E+10     0.876900E+10     0.876900E+10     0.876900E+10     0.805304E+10     0.508866E+10     0.495195E+10     0.776588E+10     0.143952E+11     0.954900E+10     0.820682E+10     0.725100E+10     0.668675E+10     0.657492E+10     0.720988E+10     0.798712E+10     0.108576E+11     0.115068E+11     0.102323E+11     0.603061E+10     0.615256E+10     0.640900E+10     0.625445E+10     0.651097E+10     0.704805E+10     0.590400E+10     0.582100E+10     0.576470E+10     0.565900E+10     0.553183E+10     0.525874E+10     0.532071E+10     0.609877E+10     0.565862E+10     0.480200E+10     0.556330E+10     0.659896E+10     0.106212E+11     0.101100E+11     0.992549E+10     0.104478E+11     0.999073E+10     0.638704E+10     0.484400E+10     0.480000E+10     0.476420E+10     0.478755E+10     0.485544E+10     0.469428E+10     0.436205E+10     0.450988E+10     0.482000E+10     0.470529E+10     0.422119E+10     0.419700E+10     0.421481E+10     0.432222E+10     0.429200E+10     0.393943E+10     0.363900E+10     0.229100E+10     0.215552E+10     0.222400E+10     0.235321E+10     0.259100E+10     0.257000E+10     0.248255E+10     0.216100E+10     0.214604E+10     0.206974E+10     0.200122E+10     0.204459E+10     0.195900E+10     0.196090E+10     0.209744E+10     0.231244E+10     0.235300E+10     0.233300E+10     0.217936E+10     0.208800E+10     0.209525E+10     0.183800E+10     0.183800E+10     0.187430E+10     0.195161E+10     0.193100E+10     0.183800E+10     0.183800E+10     0.183800E+10     0.183800E+10     0.183800E+10     0.183800E+10     0.183800E+10     0.183800E+10     0.183800E+10     0.183800E+10     0.183800E+10     0.183800E+10     0.183800E+10     0.183800E+10     0.183800E+10     0.183800E+10     0.183800E+10     0.183800E+10     0.183800E+10     0.100000E+21
 0.320000E+04     0.118430E+11     0.126447E+11     0.140400E+11     0.140400E+11     0.147351E+11     0.149460E+11     0.113343E+11     0.112805E+11     0.174070E+11     0.943700E+10     0.943700E+10     0.943700E+10     0.943700E+10     0.943700E+10     0.102902E+11     0.112300E+11     0.120115E+11     0.132150E+11     0.104029E+11     0.943323E+10     0.876900E+10     0.876900E+10     0.876900E+10     0.876900E+10     0.876900E+10     0.506750E+10     0.488400E+10     0.736286E+10     0.119855E+11     0.954900E+10     0.851435E+10     0.770888E+10     0.672679E+10     0.637900E+10     0.668960E+10     0.702062E+10     0.930655E+10     0.116049E+11     0.119710E+11     0.730227E+10     0.593900E+10     0.623560E+10     0.623175E+10     0.612600E+10     0.706727E+10     0.656737E+10     0.582100E+10     0.576907E+10     0.565900E+10     0.560737E+10     0.512582E+10     0.497900E+10     0.547133E+10     0.601048E+10     0.532816E+10     0.474739E+10     0.480396E+10     0.836793E+10     0.939582E+10     0.957300E+10     0.101945E+11     0.102850E+11     0.811494E+10     0.645073E+10     0.480000E+10     0.476898E+10     0.471200E+10     0.486879E+10     0.490600E+10     0.451488E+10     0.444689E+10     0.466998E+10     0.472623E+10     0.433220E+10     0.419700E+10     0.417218E+10     0.427139E+10     0.429200E+10     0.421085E+10     0.412806E+10     0.301792E+10     0.215121E+10     0.216605E+10     0.226696E+10     0.244195E+10     0.257000E+10     0.255838E+10     0.229705E+10     0.219700E+10     0.212400E+10     0.198588E+10     0.208800E+10     0.199988E+10     0.196495E+10     0.200700E+10     0.215324E+10     0.235300E+10     0.233300E+10     0.223825E+10     0.208800E+10     0.207657E+10     0.192100E+10     0.183800E+10     0.183800E+10     0.193875E+10     0.193100E+10     0.183800E+10     0.183800E+10     0.183800E+10     0.183800E+10     0.183800E+10     0.183800E+10     0.183800E+10     0.183800E+10     0.183800E+10     0.183800E+10     0.183800E+10     0.183800E+10     0.183800E+10     0.183800E+10     0.183800E+10     0.183800E+10     0.183800E+10     0.183800E+10     0.183800E+10     0.100000E+21
 0.322000E+04     0.118430E+11     0.118430E+11     0.126675E+11     0.140400E+11     0.141471E+11     0.142568E+11     0.149460E+11     0.141393E+11     0.174070E+11     0.943700E+10     0.943700E+10     0.943700E+10     0.943700E+10     0.943700E+10     0.943700E+10     0.992787E+10     0.115322E+11     0.120391E+11     0.132150E+11     0.971636E+10     0.876900E+10     0.876900E+10     0.876900E+10     0.876900E+10     0.876900E+10     0.772670E+10     0.513120E+10     0.503301E+10     0.517300E+10     0.133563E+11     0.931243E+10     0.920675E+10     0.789509E+10     0.686407E+10     0.629200E+10     0.666833E+10     0.739600E+10     0.104535E+11     0.119710E+11     0.966038E+10     0.593900E+10     0.593900E+10     0.626060E+10     0.621369E+10     0.640090E+10     0.750100E+10     0.707259E+10     0.600791E+10     0.565900E+10     0.559422E+10     0.540349E+10     0.538787E+10     0.503009E+10     0.542841E+10     0.624700E+10     0.553600E+10     0.465700E+10     0.467905E+10     0.598982E+10     0.101126E+11     0.931895E+10     0.940191E+10     0.968830E+10     0.930824E+10     0.732698E+10     0.495274E+10     0.471200E+10     0.469548E+10     0.474000E+10     0.486200E+10     0.472510E+10     0.423961E+10     0.442131E+10     0.463346E+10     0.465419E+10     0.426459E+10     0.412680E+10     0.409634E+10     0.423943E+10     0.421000E+10     0.411801E+10     0.312879E+10     0.221705E+10     0.209333E+10     0.218700E+10     0.257000E+10     0.255766E+10     0.253000E+10     0.250232E+10     0.212400E+10     0.201964E+10     0.197712E+10     0.207000E+10     0.203865E+10     0.194027E+10     0.198205E+10     0.212413E+10     0.233300E+10     0.231977E+10     0.226506E+10     0.209335E+10     0.207583E+10     0.213555E+10     0.198357E+10     0.195271E+10     0.193100E+10     0.183800E+10     0.183800E+10     0.183800E+10     0.183800E+10     0.183800E+10     0.183800E+10     0.183800E+10     0.183800E+10     0.183800E+10     0.183800E+10     0.183800E+10     0.183800E+10     0.183800E+10     0.183800E+10     0.183800E+10     0.183800E+10     0.183800E+10     0.183800E+10     0.183800E+10     0.100000E+21
 0.324000E+04     0.110531E+11     0.115598E+11     0.121916E+11     0.126448E+11     0.140400E+11     0.140400E+11     0.144173E+11     0.147614E+11     0.174070E+11     0.943700E+10     0.943700E+10     0.943700E+10     0.943700E+10     0.943700E+10     0.943700E+10     0.943700E+10     0.112300E+11     0.112300E+11     0.132150E+11     0.121779E+11     0.876900E+10     0.876900E+10     0.876900E+10     0.876900E+10     0.876900E+10     0.745632E+10     0.517300E+10     0.514762E+10     0.566006E+10     0.960781E+10     0.120582E+11     0.933500E+10     0.798051E+10     0.706600E+10     0.645465E+10     0.645895E+10     0.701427E+10     0.912856E+10     0.109912E+11     0.108635E+11     0.945955E+10     0.593900E+10     0.602845E+10     0.623500E+10     0.615502E+10     0.659835E+10     0.740500E+10     0.633749E+10     0.565900E+10     0.560737E+10     0.546682E+10     0.541900E+10     0.527577E+10     0.522442E+10     0.530336E+10     0.546499E+10     0.555963E+10     0.540988E+10     0.489307E+10     0.673201E+10     0.953925E+10     0.900700E+10     0.943836E+10     0.969400E+10     0.905545E+10     0.761574E+10     0.471200E+10     0.465260E+10     0.462600E+10     0.468527E+10     0.478086E+10     0.457601E+10     0.435322E+10     0.457011E+10     0.468900E+10     0.455062E+10     0.410149E+10     0.407600E+10     0.414838E+10     0.421000E+10     0.417000E+10     0.376257E+10     0.333945E+10     0.217670E+10     0.218700E+10     0.233537E+10     0.246370E+10     0.253000E+10     0.251569E+10     0.235531E+10     0.206519E+10     0.201002E+10     0.195377E+10     0.202671E+10     0.199605E+10     0.195703E+10     0.197200E+10     0.209328E+10     0.224398E+10     0.229500E+10     0.218889E+10     0.207619E+10     0.200405E+10     0.195845E+10     0.197517E+10     0.193100E+10     0.183800E+10     0.183800E+10     0.183800E+10     0.183800E+10     0.183800E+10     0.183800E+10     0.183800E+10     0.183800E+10     0.183800E+10     0.183800E+10     0.183800E+10     0.183800E+10     0.183800E+10     0.183800E+10     0.183800E+10     0.183800E+10     0.183800E+10     0.183800E+10     0.183800E+10     0.100000E+21
 0.326000E+04     0.131710E+11     0.115701E+11     0.118430E+11     0.118430E+11     0.124726E+11     0.140400E+11     0.140400E+11     0.140400E+11     0.174070E+11     0.943700E+10     0.943700E+10     0.943700E+10     0.943700E+10     0.943700E+10     0.943700E+10     0.943700E+10     0.100786E+11     0.112300E+11     0.112300E+11     0.127185E+11     0.876900E+10     0.876900E+10     0.876900E+10     0.876900E+10     0.876900E+10     0.876900E+10     0.876900E+10     0.507961E+10     0.488400E+10     0.517300E+10     0.836815E+10     0.158870E+11     0.901500E+10     0.830500E+10     0.697400E+10     0.649525E+10     0.612200E+10     0.678800E+10     0.720700E+10     0.110300E+11     0.119710E+11     0.119710E+11     0.723884E+10     0.593900E+10     0.608473E+10     0.595700E+10     0.587300E+10     0.687188E+10     0.565900E+10     0.559930E+10     0.546961E+10     0.541900E+10     0.537182E+10     0.524136E+10     0.518600E+10     0.478375E+10     0.503400E+10     0.600000E+10     0.594586E+10     0.444400E+10     0.555358E+10     0.970500E+10     0.861615E+10     0.846200E+10     0.940600E+10     0.917654E+10     0.793200E+10     0.465439E+10     0.462600E+10     0.458300E+10     0.455154E+10     0.477300E+10     0.474208E+10     0.420356E+10     0.428400E+10     0.451591E+10     0.459169E+10     0.456000E+10     0.402380E+10     0.399600E+10     0.395700E+10     0.411676E+10     0.408900E+10     0.355516E+10     0.221600E+10     0.216800E+10     0.215709E+10     0.253000E+10     0.251337E+10     0.249000E+10     0.232644E+10     0.208800E+10     0.207000E+10     0.191725E+10     0.203500E+10     0.202237E+10     0.189800E+10     0.195600E+10     0.196209E+10     0.195000E+10     0.193882E+10     0.213286E+10     0.212100E+10     0.198479E+10     0.189052E+10     0.193100E+10     0.183800E+10     0.183800E+10     0.183800E+10     0.183800E+10     0.183800E+10     0.183800E+10     0.183800E+10     0.183800E+10     0.183800E+10     0.183800E+10     0.183800E+10     0.183800E+10     0.183800E+10     0.183800E+10     0.183800E+10     0.183800E+10     0.183800E+10     0.183800E+10     0.183800E+10     0.100000E+21
 0.328000E+04     0.170220E+11     0.134304E+11     0.110645E+11     0.118430E+11     0.121023E+11     0.123632E+11     0.140400E+11     0.140400E+11     0.174070E+11     0.110668E+11     0.943700E+10     0.943700E+10     0.943700E+10     0.943700E+10     0.943700E+10     0.943700E+10     0.100532E+11     0.112300E+11     0.112300E+11     0.127908E+11     0.127372E+11     0.940908E+10     0.876900E+10     0.876900E+10     0.876900E+10     0.876900E+10     0.876900E+10     0.508509E+10     0.488400E+10     0.563528E+10     0.808834E+10     0.158870E+11     0.913927E+10     0.888602E+10     0.770670E+10     0.702022E+10     0.612200E+10     0.670867E+10     0.678968E+10     0.106777E+11     0.110440E+11     0.119710E+11     0.111238E+11     0.593900E+10     0.598145E+10     0.602117E+10     0.587300E+10     0.612332E+10     0.706491E+10     0.577172E+10     0.547072E+10     0.541900E+10     0.537104E+10     0.524431E+10     0.518600E+10     0.496081E+10     0.472901E+10     0.537998E+10     0.575767E+10     0.548831E+10     0.463882E+10     0.595464E+10     0.886560E+10     0.846200E+10     0.856564E+10     0.908745E+10     0.861672E+10     0.604921E+10     0.462600E+10     0.458300E+10     0.455022E+10     0.451278E+10     0.454097E+10     0.437658E+10     0.412325E+10     0.431077E+10     0.459436E+10     0.456000E+10     0.427228E+10     0.399600E+10     0.395700E+10     0.400917E+10     0.408900E+10     0.388089E+10     0.338450E+10     0.317030E+10     0.253225E+10     0.224991E+10     0.250422E+10     0.249000E+10     0.240502E+10     0.230364E+10     0.207000E+10     0.202732E+10     0.203500E+10     0.192750E+10     0.186179E+10     0.191543E+10     0.193019E+10     0.195000E+10     0.193759E+10     0.203163E+10     0.212100E+10     0.206376E+10     0.188874E+10     0.193100E+10     0.183800E+10     0.183800E+10     0.183800E+10     0.183800E+10     0.183800E+10     0.183800E+10     0.183800E+10     0.183800E+10     0.183800E+10     0.183800E+10     0.183800E+10     0.183800E+10     0.183800E+10     0.183800E+10     0.183800E+10     0.183800E+10     0.183800E+10     0.183800E+10     0.183800E+10     0.100000E+21
 0.330000E+04     0.171610E+11     0.154920E+11     0.112501E+11     0.115168E+11     0.118430E+11     0.118430E+11     0.132368E+11     0.137264E+11     0.174070E+11     0.110672E+11     0.943700E+10     0.943700E+10     0.943700E+10     0.943700E+10     0.943700E+10     0.943700E+10     0.101073E+11     0.112300E+11     0.112300E+11     0.126473E+11     0.132150E+11     0.101986E+11     0.876900E+10     0.876900E+10     0.876900E+10     0.876900E+10     0.876900E+10     0.578725E+10     0.496090E+10     0.555802E+10     0.721823E+10     0.130494E+11     0.103484E+11     0.912400E+10     0.820400E+10     0.739741E+10     0.619953E+10     0.657478E+10     0.661400E+10     0.978658E+10     0.104190E+11     0.119710E+11     0.119710E+11     0.593900E+10     0.593900E+10     0.601853E+10     0.590185E+10     0.583276E+10     0.681669E+10     0.614370E+10     0.546836E+10     0.541900E+10     0.537270E+10     0.523856E+10     0.518600E+10     0.501630E+10     0.473632E+10     0.480976E+10     0.531931E+10     0.583800E+10     0.458429E+10     0.430500E+10     0.732046E+10     0.699435E+10     0.838606E+10     0.877552E+10     0.852463E+10     0.716680E+10     0.565273E+10     0.458300E+10     0.455289E+10     0.449800E+10     0.446933E+10     0.448642E+10     0.424960E+10     0.434260E+10     0.445036E+10     0.445435E+10     0.441232E+10     0.412514E+10     0.395700E+10     0.394550E+10     0.403271E+10     0.402024E+10     0.392008E+10     0.389132E+10     0.318575E+10     0.214028E+10     0.233939E+10     0.237823E+10     0.246221E+10     0.245000E+10     0.207000E+10     0.210865E+10     0.211313E+10     0.202789E+10     0.183800E+10     0.188864E+10     0.189854E+10     0.198709E+10     0.194159E+10     0.195948E+10     0.206384E+10     0.203354E+10     0.192880E+10     0.193100E+10     0.183800E+10     0.183800E+10     0.183800E+10     0.183800E+10     0.183800E+10     0.183800E+10     0.183800E+10     0.183800E+10     0.183800E+10     0.183800E+10     0.183800E+10     0.183800E+10     0.183800E+10     0.183800E+10     0.183800E+10     0.183800E+10     0.183800E+10     0.183800E+10     0.183800E+10     0.100000E+21
 0.332000E+04     0.171610E+11     0.171610E+11     0.149476E+11     0.124520E+11     0.112490E+11     0.118430E+11     0.118430E+11     0.124049E+11     0.174070E+11     0.114185E+11     0.108003E+11     0.943700E+10     0.943700E+10     0.943700E+10     0.943700E+10     0.943700E+10     0.972601E+10     0.102323E+11     0.112300E+11     0.117047E+11     0.132150E+11     0.121613E+11     0.876900E+10     0.876900E+10     0.876900E+10     0.876900E+10     0.876900E+10     0.765780E+10     0.517300E+10     0.488400E+10     0.553339E+10     0.517300E+10     0.144171E+11     0.912400E+10     0.865841E+10     0.798845E+10     0.664917E+10     0.650856E+10     0.619656E+10     0.746571E+10     0.852228E+10     0.109927E+11     0.118088E+11     0.100841E+11     0.686882E+10     0.593900E+10     0.598000E+10     0.589372E+10     0.570800E+10     0.595712E+10     0.607878E+10     0.541900E+10     0.537103E+10     0.524236E+10     0.518600E+10     0.509076E+10     0.503400E+10     0.477862E+10     0.467958E+10     0.516020E+10     0.563167E+10     0.516560E+10     0.425192E+10     0.426784E+10     0.601866E+10     0.809608E+10     0.768100E+10     0.787506E+10     0.791599E+10     0.684992E+10     0.621449E+10     0.449800E+10     0.446726E+10     0.444607E+10     0.444871E+10     0.456479E+10     0.432570E+10     0.403940E+10     0.432455E+10     0.447500E+10     0.422344E+10     0.412221E+10     0.387900E+10     0.389880E+10     0.387888E+10     0.397000E+10     0.391472E+10     0.317803E+10     0.223978E+10     0.211354E+10     0.231325E+10     0.245000E+10     0.229966E+10     0.224611E+10     0.222418E+10     0.229364E+10     0.209277E+10     0.186929E+10     0.185918E+10     0.191169E+10     0.199589E+10     0.189413E+10     0.190400E+10     0.189506E+10     0.193976E+10     0.193100E+10     0.183800E+10     0.183800E+10     0.183800E+10     0.183800E+10     0.183800E+10     0.183800E+10     0.183800E+10     0.183800E+10     0.183800E+10     0.183800E+10     0.183800E+10     0.183800E+10     0.183800E+10     0.183800E+10     0.183800E+10     0.183800E+10     0.183800E+10     0.183800E+10     0.183800E+10     0.100000E+21
 0.334000E+04     0.196725E+11     0.181648E+11     0.164262E+11     0.153245E+11     0.117075E+11     0.111716E+11     0.118430E+11     0.118430E+11     0.174070E+11     0.116110E+11     0.116110E+11     0.943700E+10     0.943700E+10     0.943700E+10     0.943700E+10     0.943700E+10     0.943700E+10     0.943700E+10     0.112300E+11     0.112300E+11     0.132150E+11     0.132150E+11     0.876900E+10     0.876900E+10     0.876900E+10     0.876900E+10     0.876900E+10     0.810015E+10     0.711594E+10     0.503608E+10     0.544211E+10     0.558687E+10     0.108943E+11     0.127746E+11     0.902000E+10     0.848404E+10     0.679200E+10     0.647170E+10     0.595400E+10     0.640735E+10     0.671413E+10     0.853496E+10     0.102941E+11     0.119710E+11     0.102461E+11     0.593900E+10     0.595785E+10     0.591952E+10     0.576463E+10     0.567922E+10     0.622124E+10     0.623891E+10     0.571150E+10     0.523373E+10     0.518600E+10     0.508298E+10     0.503400E+10     0.495900E+10     0.480194E+10     0.459712E+10     0.503899E+10     0.513184E+10     0.492132E+10     0.488104E+10     0.420513E+10     0.548535E+10     0.802397E+10     0.754775E+10     0.771761E+10     0.804400E+10     0.763012E+10     0.569039E+10     0.490638E+10     0.439603E+10     0.437200E+10     0.442139E+10     0.444377E+10     0.427359E+10     0.412022E+10     0.426213E+10     0.443300E+10     0.428978E+10     0.413348E+10     0.382739E+10     0.380200E+10     0.386174E+10     0.390201E+10     0.383539E+10     0.331540E+10     0.206246E+10     0.223258E+10     0.245000E+10     0.243100E+10     0.235406E+10     0.229354E+10     0.225170E+10     0.221312E+10     0.209372E+10     0.194252E+10     0.183800E+10     0.190191E+10     0.193358E+10     0.187807E+10     0.186942E+10     0.189556E+10     0.193100E+10     0.183800E+10     0.183800E+10     0.183800E+10     0.183800E+10     0.183800E+10     0.183800E+10     0.183800E+10     0.183800E+10     0.183800E+10     0.183800E+10     0.183800E+10     0.183800E+10     0.183800E+10     0.183800E+10     0.183800E+10     0.183800E+10     0.183800E+10     0.183800E+10     0.183800E+10     0.100000E+21
 0.336000E+04     0.218130E+11     0.208694E+11     0.171610E+11     0.171610E+11     0.128068E+11     0.123865E+11     0.110749E+11     0.115913E+11     0.174070E+11     0.118205E+11     0.116110E+11     0.107841E+11     0.998382E+10     0.943700E+10     0.943700E+10     0.943700E+10     0.943700E+10     0.943700E+10     0.112300E+11     0.112300E+11     0.132150E+11     0.132150E+11     0.876900E+10     0.876900E+10     0.876900E+10     0.876900E+10     0.876900E+10     0.876900E+10     0.876900E+10     0.517300E+10     0.503624E+10     0.520047E+10     0.654800E+10     0.851541E+10     0.132571E+11     0.103787E+11     0.762684E+10     0.655172E+10     0.613952E+10     0.594718E+10     0.603691E+10     0.653186E+10     0.745688E+10     0.119710E+11     0.119710E+11     0.967572E+10     0.593900E+10     0.593039E+10     0.581300E+10     0.573984E+10     0.575160E+10     0.590520E+10     0.622243E+10     0.595227E+10     0.518600E+10     0.508608E+10     0.503400E+10     0.495900E+10     0.491217E+10     0.468959E+10     0.437474E+10     0.440110E+10     0.520383E+10     0.552200E+10     0.502258E+10     0.424831E+10     0.530247E+10     0.591817E+10     0.718600E+10     0.728308E+10     0.714673E+10     0.728746E+10     0.633896E+10     0.439671E+10     0.437200E+10     0.434607E+10     0.435929E+10     0.432848E+10     0.430244E+10     0.432435E+10     0.408671E+10     0.419865E+10     0.435000E+10     0.414911E+10     0.412124E+10     0.376400E+10     0.378310E+10     0.375183E+10     0.287685E+10     0.208852E+10     0.210102E+10     0.220936E+10     0.216336E+10     0.235344E+10     0.239100E+10     0.233735E+10     0.214300E+10     0.216880E+10     0.215267E+10     0.184843E+10     0.184097E+10     0.192617E+10     0.198144E+10     0.195746E+10     0.187618E+10     0.193100E+10     0.183800E+10     0.183800E+10     0.183800E+10     0.183800E+10     0.183800E+10     0.183800E+10     0.183800E+10     0.183800E+10     0.183800E+10     0.183800E+10     0.183800E+10     0.183800E+10     0.183800E+10     0.183800E+10     0.183800E+10     0.183800E+10     0.183800E+10     0.183800E+10     0.183800E+10     0.100000E+21
 0.338000E+04     0.227799E+11     0.220694E+11     0.196578E+11     0.171610E+11     0.151127E+11     0.131710E+11     0.120450E+11     0.113297E+11     0.135883E+11     0.119307E+11     0.116110E+11     0.116110E+11     0.103118E+11     0.943700E+10     0.943700E+10     0.943700E+10     0.943700E+10     0.943700E+10     0.100566E+11     0.110115E+11     0.117630E+11     0.129247E+11     0.103302E+11     0.876900E+10     0.876900E+10     0.876900E+10     0.876900E+10     0.876900E+10     0.876900E+10     0.721128E+10     0.502251E+10     0.488400E+10     0.560597E+10     0.517300E+10     0.158870E+11     0.114525E+11     0.852891E+10     0.748070E+10     0.647414E+10     0.608073E+10     0.578900E+10     0.635100E+10     0.640243E+10     0.108810E+11     0.117320E+11     0.119710E+11     0.101348E+11     0.686247E+10     0.590562E+10     0.576772E+10     0.555974E+10     0.546600E+10     0.577891E+10     0.654917E+10     0.627949E+10     0.509095E+10     0.503400E+10     0.495900E+10     0.490908E+10     0.481100E+10     0.458905E+10     0.428000E+10     0.462739E+10     0.495547E+10     0.544500E+10     0.512762E+10     0.397000E+10     0.448515E+10     0.543270E+10     0.734397E+10     0.684805E+10     0.675372E+10     0.702440E+10     0.570856E+10     0.559270E+10     0.465176E+10     0.427898E+10     0.424800E+10     0.433705E+10     0.443000E+10     0.416446E+10     0.396581E+10     0.407750E+10     0.407149E+10     0.426700E+10     0.402372E+10     0.326576E+10     0.270861E+10     0.211763E+10     0.199942E+10     0.204434E+10     0.201232E+10     0.204200E+10     0.211358E+10     0.211525E+10     0.231965E+10     0.226203E+10     0.227274E+10     0.218282E+10     0.202293E+10     0.209075E+10     0.186804E+10     0.189191E+10     0.191820E+10     0.194392E+10     0.193100E+10     0.183800E+10     0.183800E+10     0.183800E+10     0.183800E+10     0.183800E+10     0.183800E+10     0.183800E+10     0.183800E+10     0.183800E+10     0.183800E+10     0.183800E+10     0.183800E+10     0.183800E+10     0.183800E+10     0.183800E+10     0.183800E+10     0.183800E+10     0.183800E+10     0.183800E+10     0.100000E+21
 0.340000E+04     0.231170E+11     0.231170E+11     0.218130E+11     0.218130E+11     0.171610E+11     0.171610E+11     0.131710E+11     0.131710E+11     0.106000E+11     0.119342E+11     0.116110E+11     0.116110E+11     0.116110E+11     0.943700E+10     0.943700E+10     0.943700E+10     0.943700E+10     0.943700E+10     0.943700E+10     0.108129E+11     0.112300E+11     0.126721E+11     0.113874E+11     0.876900E+10     0.876900E+10     0.876900E+10     0.876900E+10     0.876900E+10     0.876900E+10     0.876900E+10     0.509047E+10     0.488400E+10     0.494499E+10     0.517300E+10     0.517300E+10     0.118973E+11     0.881300E+10     0.844625E+10     0.661400E+10     0.649098E+10     0.643800E+10     0.570700E+10     0.615917E+10     0.674600E+10     0.932992E+10     0.119710E+11     0.119710E+11     0.119710E+11     0.593900E+10     0.593900E+10     0.562025E+10     0.556800E+10     0.545807E+10     0.566083E+10     0.666400E+10     0.618356E+10     0.503400E+10     0.495900E+10     0.490971E+10     0.481100E+10     0.472701E+10     0.466500E+10     0.440323E+10     0.414800E+10     0.408300E+10     0.517461E+10     0.529200E+10     0.475644E+10     0.384000E+10     0.377600E+10     0.389163E+10     0.647900E+10     0.631180E+10     0.633631E+10     0.680700E+10     0.616520E+10     0.427955E+10     0.424800E+10     0.419517E+10     0.416700E+10     0.412700E+10     0.433484E+10     0.430600E+10     0.353748E+10     0.259100E+10     0.257000E+10     0.233192E+10     0.216100E+10     0.214527E+10     0.193200E+10     0.198005E+10     0.208800E+10     0.207000E+10     0.197059E+10     0.200700E+10     0.199414E+10     0.235300E+10     0.233300E+10     0.232000E+10     0.229500E+10     0.211835E+10     0.207717E+10     0.183800E+10     0.183800E+10     0.186343E+10     0.193100E+10     0.183800E+10     0.183800E+10     0.183800E+10     0.183800E+10     0.183800E+10     0.183800E+10     0.183800E+10     0.183800E+10     0.183800E+10     0.183800E+10     0.183800E+10     0.183800E+10     0.183800E+10     0.183800E+10     0.183800E+10     0.183800E+10     0.183800E+10     0.183800E+10     0.183800E+10     0.100000E+21
 0.342000E+04     0.169015E+11     0.209420E+11     0.223081E+11     0.218130E+11     0.189148E+11     0.171610E+11     0.152067E+11     0.138086E+11     0.119609E+11     0.119567E+11     0.118144E+11     0.116110E+11     0.116110E+11     0.943700E+10     0.943700E+10     0.943700E+10     0.943700E+10     0.943700E+10     0.943700E+10     0.107673E+11     0.112300E+11     0.126262E+11     0.123249E+11     0.111398E+11     0.952073E+10     0.876900E+10     0.876900E+10     0.876900E+10     0.876900E+10     0.876900E+10     0.513014E+10     0.503790E+10     0.504975E+10     0.557464E+10     0.517300E+10     0.119437E+11     0.125254E+11     0.840595E+10     0.723887E+10     0.641631E+10     0.624207E+10     0.604411E+10     0.594656E+10     0.644492E+10     0.783927E+10     0.111786E+11     0.119710E+11     0.119710E+11     0.593900E+10     0.593900E+10     0.571815E+10     0.556800E+10     0.548910E+10     0.549342E+10     0.589770E+10     0.635530E+10     0.579921E+10     0.495900E+10     0.490965E+10     0.481100E+10     0.472224E+10     0.466500E+10     0.448579E+10     0.433966E+10     0.427593E+10     0.455541E+10     0.477541E+10     0.497684E+10     0.450403E+10     0.445689E+10     0.398162E+10     0.508320E+10     0.614299E+10     0.613784E+10     0.627765E+10     0.624265E+10     0.523228E+10     0.485948E+10     0.419493E+10     0.416700E+10     0.412700E+10     0.392005E+10     0.320043E+10     0.301159E+10     0.259100E+10     0.257000E+10     0.244759E+10     0.235428E+10     0.218450E+10     0.203276E+10     0.200666E+10     0.199263E+10     0.207000E+10     0.201904E+10     0.196493E+10     0.198243E+10     0.215829E+10     0.213247E+10     0.225953E+10     0.229500E+10     0.221470E+10     0.206057E+10     0.194305E+10     0.197734E+10     0.186559E+10     0.193100E+10     0.183800E+10     0.183800E+10     0.183800E+10     0.183800E+10     0.183800E+10     0.183800E+10     0.183800E+10     0.183800E+10     0.183800E+10     0.183800E+10     0.183800E+10     0.183800E+10     0.183800E+10     0.183800E+10     0.183800E+10     0.183800E+10     0.183800E+10     0.183800E+10     0.183800E+10     0.100000E+21
 0.344000E+04     0.114890E+11     0.152116E+11     0.228563E+11     0.223944E+11     0.201235E+11     0.171610E+11     0.171610E+11     0.157934E+11     0.131710E+11     0.120000E+11     0.120000E+11     0.116110E+11     0.116110E+11     0.104068E+11     0.976586E+10     0.943700E+10     0.943700E+10     0.943700E+10     0.943700E+10     0.100973E+11     0.112300E+11     0.119240E+11     0.132150E+11     0.132150E+11     0.105185E+11     0.876900E+10     0.876900E+10     0.876900E+10     0.876900E+10     0.876900E+10     0.616353E+10     0.517300E+10     0.506811E+10     0.546859E+10     0.517300E+10     0.860982E+10     0.158870E+11     0.855335E+10     0.816512E+10     0.671029E+10     0.623267E+10     0.635100E+10     0.630014E+10     0.589723E+10     0.620820E+10     0.862768E+10     0.119710E+11     0.119710E+11     0.863193E+10     0.703482E+10     0.586046E+10     0.573322E+10     0.559736E+10     0.532349E+10     0.527410E+10     0.589951E+10     0.585784E+10     0.562895E+10     0.557153E+10     0.481100E+10     0.471485E+10     0.466500E+10     0.456204E+10     0.452300E+10     0.445200E+10     0.426329E+10     0.415309E+10     0.464581E+10     0.469273E+10     0.506800E+10     0.455617E+10     0.377034E+10     0.478360E+10     0.506895E+10     0.605603E+10     0.611174E+10     0.585973E+10     0.571935E+10     0.481189E+10     0.453471E+10     0.414699E+10     0.337054E+10     0.223735E+10     0.243056E+10     0.241080E+10     0.257000E+10     0.255853E+10     0.253000E+10     0.237138E+10     0.212400E+10     0.205786E+10     0.198806E+10     0.207000E+10     0.200620E+10     0.197563E+10     0.196437E+10     0.193764E+10     0.195600E+10     0.207437E+10     0.229500E+10     0.228335E+10     0.213965E+10     0.212581E+10     0.211118E+10     0.195650E+10     0.193100E+10     0.183800E+10     0.183800E+10     0.183800E+10     0.183800E+10     0.183800E+10     0.183800E+10     0.183800E+10     0.183800E+10     0.183800E+10     0.183800E+10     0.183800E+10     0.183800E+10     0.183800E+10     0.183800E+10     0.183800E+10     0.183800E+10     0.183800E+10     0.183800E+10     0.183800E+10     0.100000E+21
 0.346000E+04     0.114890E+11     0.114890E+11     0.231170E+11     0.231170E+11     0.210457E+11     0.199609E+11     0.171610E+11     0.171610E+11     0.155732E+11     0.115096E+11     0.120000E+11     0.118307E+11     0.117041E+11     0.116110E+11     0.100911E+11     0.943700E+10     0.943700E+10     0.943700E+10     0.943700E+10     0.943700E+10     0.112300E+11     0.112300E+11     0.132150E+11     0.132150E+11     0.104941E+11     0.876900E+10     0.876900E+10     0.876900E+10     0.876900E+10     0.876900E+10     0.744599E+10     0.517300E+10     0.500436E+10     0.488400E+10     0.560469E+10     0.534447E+10     0.158870E+11     0.118582E+11     0.861000E+10     0.717169E+10     0.643800E+10     0.635100E+10     0.651215E+10     0.643944E+10     0.594645E+10     0.625255E+10     0.866252E+10     0.108898E+11     0.119710E+11     0.105457E+11     0.593900E+10     0.593900E+10     0.583103E+10     0.558526E+10     0.532900E+10     0.516541E+10     0.507600E+10     0.561017E+10     0.605179E+10     0.566102E+10     0.471562E+10     0.466500E+10     0.456221E+10     0.452300E+10     0.445200E+10     0.440415E+10     0.416996E+10     0.405815E+10     0.398033E+10     0.428445E+10     0.439738E+10     0.345908E+10     0.344801E+10     0.375293E+10     0.461451E+10     0.408879E+10     0.567936E+10     0.556552E+10     0.470016E+10     0.452139E+10     0.417000E+10     0.377124E+10     0.335950E+10     0.293913E+10     0.220440E+10     0.236017E+10     0.233732E+10     0.253000E+10     0.251592E+10     0.234379E+10     0.222496E+10     0.208800E+10     0.207000E+10     0.201207E+10     0.192712E+10     0.196236E+10     0.195572E+10     0.191201E+10     0.193181E+10     0.207335E+10     0.206373E+10     0.225002E+10     0.223900E+10     0.218029E+10     0.200950E+10     0.193100E+10     0.183800E+10     0.183800E+10     0.183800E+10     0.183800E+10     0.183800E+10     0.183800E+10     0.183800E+10     0.183800E+10     0.183800E+10     0.183800E+10     0.183800E+10     0.183800E+10     0.183800E+10     0.183800E+10     0.183800E+10     0.183800E+10     0.183800E+10     0.183800E+10     0.183800E+10     0.100000E+21
 0.348000E+04     0.114890E+11     0.114890E+11     0.185506E+11     0.231170E+11     0.223176E+11     0.218130E+11     0.195572E+11     0.196092E+11     0.171610E+11     0.111126E+11     0.120000E+11     0.120000E+11     0.117683E+11     0.116110E+11     0.988796E+10     0.943700E+10     0.943700E+10     0.943700E+10     0.943700E+10     0.943700E+10     0.112300E+11     0.112300E+11     0.132150E+11     0.132150E+11     0.118285E+11     0.876900E+10     0.876900E+10     0.876900E+10     0.876900E+10     0.876900E+10     0.769336E+10     0.517300E+10     0.510234E+10     0.488400E+10     0.593900E+10     0.545480E+10     0.158870E+11     0.144162E+11     0.861000E+10     0.770683E+10     0.704276E+10     0.635100E+10     0.612339E+10     0.656495E+10     0.580944E+10     0.568978E+10     0.617775E+10     0.813426E+10     0.119710E+11     0.119710E+11     0.800722E+10     0.593900E+10     0.593900E+10     0.585118E+10     0.566511E+10     0.521690E+10     0.512837E+10     0.500000E+10     0.538254E+10     0.622400E+10     0.534339E+10     0.466500E+10     0.456396E+10     0.452300E+10     0.445200E+10     0.439779E+10     0.431300E+10     0.416522E+10     0.400766E+10     0.395128E+10     0.388019E+10     0.350381E+10     0.360430E+10     0.341482E+10     0.339276E+10     0.305471E+10     0.482730E+10     0.457854E+10     0.405572E+10     0.409339E+10     0.417000E+10     0.411689E+10     0.408900E+10     0.379040E+10     0.317516E+10     0.304692E+10     0.250205E+10     0.233254E+10     0.229707E+10     0.249000E+10     0.239726E+10     0.227436E+10     0.226348E+10     0.210179E+10     0.195413E+10     0.199603E+10     0.191636E+10     0.193718E+10     0.191190E+10     0.188548E+10     0.190368E+10     0.206191E+10     0.204180E+10     0.215333E+10     0.205685E+10     0.193100E+10     0.183800E+10     0.183800E+10     0.183800E+10     0.183800E+10     0.183800E+10     0.183800E+10     0.183800E+10     0.183800E+10     0.183800E+10     0.183800E+10     0.183800E+10     0.183800E+10     0.183800E+10     0.183800E+10     0.183800E+10     0.183800E+10     0.183800E+10     0.183800E+10     0.183800E+10     0.100000E+21
 0.350000E+04     0.112994E+11     0.114419E+11     0.124106E+11     0.121237E+11     0.229840E+11     0.229091E+11     0.218130E+11     0.218130E+11     0.211070E+11     0.109196E+11     0.110956E+11     0.120000E+11     0.119385E+11     0.116110E+11     0.115174E+11     0.943700E+10     0.943700E+10     0.943700E+10     0.943700E+10     0.943700E+10     0.958024E+10     0.109395E+11     0.123542E+11     0.132150E+11     0.132150E+11     0.876900E+10     0.876900E+10     0.876900E+10     0.876900E+10     0.876900E+10     0.778734E+10     0.517300E+10     0.511852E+10     0.488400E+10     0.521535E+10     0.520761E+10     0.725387E+10     0.157309E+11     0.144168E+11     0.816163E+10     0.761200E+10     0.635100E+10     0.624570E+10     0.617900E+10     0.652181E+10     0.538800E+10     0.539634E+10     0.583313E+10     0.672951E+10     0.112518E+11     0.111951E+11     0.115771E+11     0.101895E+11     0.593900E+10     0.593900E+10     0.567280E+10     0.517300E+10     0.506584E+10     0.501906E+10     0.508256E+10     0.492887E+10     0.576304E+10     0.513494E+10     0.452300E+10     0.445200E+10     0.439011E+10     0.431300E+10     0.422276E+10     0.417700E+10     0.411000E+10     0.401818E+10     0.395888E+10     0.368273E+10     0.365677E+10     0.422190E+10     0.400869E+10     0.445914E+10     0.407600E+10     0.402457E+10     0.399600E+10     0.402303E+10     0.399541E+10     0.408900E+10     0.404271E+10     0.401000E+10     0.393126E+10     0.365492E+10     0.344414E+10     0.219134E+10     0.217172E+10     0.227510E+10     0.245000E+10     0.243100E+10     0.237894E+10     0.203500E+10     0.202191E+10     0.195039E+10     0.185483E+10     0.185902E+10     0.194009E+10     0.185624E+10     0.189007E+10     0.188000E+10     0.192731E+10     0.213141E+10     0.193100E+10     0.183800E+10     0.183800E+10     0.183800E+10     0.183800E+10     0.183800E+10     0.183800E+10     0.183800E+10     0.183800E+10     0.183800E+10     0.183800E+10     0.183800E+10     0.183800E+10     0.183800E+10     0.183800E+10     0.183800E+10     0.183800E+10     0.183800E+10     0.183800E+10     0.183800E+10     0.100000E+21
 0.352000E+04     0.112890E+11     0.112890E+11     0.114890E+11     0.114890E+11     0.147368E+11     0.231170E+11     0.231170E+11     0.222199E+11     0.218130E+11     0.108580E+11     0.108580E+11     0.120000E+11     0.120000E+11     0.116110E+11     0.116110E+11     0.943700E+10     0.943700E+10     0.943700E+10     0.943700E+10     0.943700E+10     0.943700E+10     0.107151E+11     0.120341E+11     0.132150E+11     0.132150E+11     0.876900E+10     0.876900E+10     0.876900E+10     0.876900E+10     0.876900E+10     0.876900E+10     0.876900E+10     0.517300E+10     0.517300E+10     0.488400E+10     0.555270E+10     0.517300E+10     0.158870E+11     0.158870E+11     0.847053E+10     0.840900E+10     0.751600E+10     0.653931E+10     0.580500E+10     0.600867E+10     0.684600E+10     0.531000E+10     0.525510E+10     0.576200E+10     0.609175E+10     0.109612E+11     0.119710E+11     0.119710E+11     0.102690E+11     0.593900E+10     0.593900E+10     0.593900E+10     0.593900E+10     0.532305E+10     0.494500E+10     0.476143E+10     0.470200E+10     0.593351E+10     0.588500E+10     0.580200E+10     0.466231E+10     0.431300E+10     0.422258E+10     0.417700E+10     0.411000E+10     0.406062E+10     0.397800E+10     0.413090E+10     0.413516E+10     0.411000E+10     0.419654E+10     0.429998E+10     0.456000E+10     0.436340E+10     0.399600E+10     0.395700E+10     0.390639E+10     0.387900E+10     0.387728E+10     0.401000E+10     0.397000E+10     0.394600E+10     0.389200E+10     0.376042E+10     0.369300E+10     0.208916E+10     0.206000E+10     0.204200E+10     0.232510E+10     0.239100E+10     0.237756E+10     0.200000E+10     0.198200E+10     0.188315E+10     0.183800E+10     0.190871E+10     0.185191E+10     0.188000E+10     0.185501E+10     0.186471E+10     0.193100E+10     0.183800E+10     0.183800E+10     0.183800E+10     0.183800E+10     0.183800E+10     0.183800E+10     0.183800E+10     0.183800E+10     0.183800E+10     0.183800E+10     0.183800E+10     0.183800E+10     0.183800E+10     0.183800E+10     0.183800E+10     0.183800E+10     0.183800E+10     0.183800E+10     0.183800E+10     0.100000E+21
 0.354000E+04     0.112890E+11     0.112890E+11     0.114890E+11     0.114890E+11     0.136955E+11     0.190315E+11     0.231170E+11     0.225828E+11     0.218130E+11     0.108580E+11     0.108580E+11     0.120000E+11     0.120000E+11     0.117494E+11     0.116617E+11     0.102050E+11     0.943700E+10     0.943700E+10     0.943700E+10     0.943700E+10     0.943700E+10     0.105931E+11     0.120872E+11     0.132150E+11     0.132150E+11     0.967277E+10     0.876900E+10     0.876900E+10     0.876900E+10     0.876900E+10     0.876900E+10     0.876900E+10     0.517300E+10     0.517300E+10     0.488400E+10     0.527878E+10     0.517300E+10     0.134793E+11     0.158870E+11     0.100921E+11     0.840900E+10     0.751600E+10     0.664515E+10     0.593585E+10     0.596766E+10     0.650625E+10     0.581647E+10     0.548844E+10     0.554867E+10     0.585047E+10     0.980574E+10     0.114295E+11     0.116908E+11     0.107638E+11     0.804464E+10     0.729255E+10     0.593900E+10     0.593900E+10     0.557337E+10     0.494500E+10     0.477563E+10     0.470200E+10     0.539153E+10     0.534744E+10     0.580200E+10     0.509185E+10     0.477982E+10     0.421927E+10     0.417700E+10     0.411000E+10     0.406529E+10     0.425552E+10     0.435336E+10     0.425159E+10     0.411000E+10     0.415229E+10     0.426848E+10     0.441977E+10     0.440839E+10     0.416377E+10     0.395700E+10     0.390409E+10     0.387900E+10     0.386284E+10     0.393605E+10     0.397000E+10     0.394727E+10     0.389200E+10     0.380317E+10     0.373623E+10     0.243600E+10     0.207144E+10     0.205193E+10     0.221297E+10     0.225693E+10     0.231839E+10     0.214305E+10     0.210464E+10     0.197642E+10     0.187761E+10     0.189763E+10     0.195199E+10     0.198432E+10     0.198192E+10     0.187103E+10     0.193100E+10     0.183800E+10     0.183800E+10     0.183800E+10     0.183800E+10     0.183800E+10     0.183800E+10     0.183800E+10     0.183800E+10     0.183800E+10     0.183800E+10     0.183800E+10     0.183800E+10     0.183800E+10     0.183800E+10     0.183800E+10     0.183800E+10     0.183800E+10     0.183800E+10     0.183800E+10     0.100000E+21
 0.356000E+04     0.106408E+11     0.110206E+11     0.114264E+11     0.114890E+11     0.114890E+11     0.114890E+11     0.231170E+11     0.231170E+11     0.224745E+11     0.108580E+11     0.108580E+11     0.114236E+11     0.117474E+11     0.120000E+11     0.117339E+11     0.116110E+11     0.943700E+10     0.943700E+10     0.943700E+10     0.943700E+10     0.943700E+10     0.998383E+10     0.116638E+11     0.122081E+11     0.128199E+11     0.114771E+11     0.876900E+10     0.876900E+10     0.876900E+10     0.876900E+10     0.876900E+10     0.876900E+10     0.517300E+10     0.517300E+10     0.488400E+10     0.488400E+10     0.556153E+10     0.850545E+10     0.158870E+11     0.126885E+11     0.840900E+10     0.791820E+10     0.720739E+10     0.617900E+10     0.601264E+10     0.582477E+10     0.633546E+10     0.610263E+10     0.587660E+10     0.556715E+10     0.681948E+10     0.820028E+10     0.862394E+10     0.114834E+11     0.119710E+11     0.108989E+11     0.899873E+10     0.898272E+10     0.713683E+10     0.544921E+10     0.520056E+10     0.474967E+10     0.462306E+10     0.455800E+10     0.513506E+10     0.508372E+10     0.563900E+10     0.487917E+10     0.483297E+10     0.434993E+10     0.431416E+10     0.477300E+10     0.474642E+10     0.455411E+10     0.438037E+10     0.419523E+10     0.413282E+10     0.416100E+10     0.430164E+10     0.427513E+10     0.419723E+10     0.405276E+10     0.387900E+10     0.382731E+10     0.380200E+10     0.386605E+10     0.384395E+10     0.389200E+10     0.386513E+10     0.381500E+10     0.335945E+10     0.286003E+10     0.283639E+10     0.230828E+10     0.194257E+10     0.208879E+10     0.235300E+10     0.233300E+10     0.209935E+10     0.212491E+10     0.208548E+10     0.213670E+10     0.210595E+10     0.213700E+10     0.196942E+10     0.193100E+10     0.183800E+10     0.183800E+10     0.183800E+10     0.183800E+10     0.183800E+10     0.183800E+10     0.183800E+10     0.183800E+10     0.183800E+10     0.183800E+10     0.183800E+10     0.183800E+10     0.183800E+10     0.183800E+10     0.183800E+10     0.183800E+10     0.183800E+10     0.183800E+10     0.183800E+10     0.100000E+21
 0.358000E+04     0.117630E+11     0.106560E+11     0.112890E+11     0.112890E+11     0.114890E+11     0.114890E+11     0.114890E+11     0.194771E+11     0.231170E+11     0.194978E+11     0.108580E+11     0.108580E+11     0.115389E+11     0.120000E+11     0.116863E+11     0.116110E+11     0.108536E+11     0.943700E+10     0.943700E+10     0.943700E+10     0.943700E+10     0.943700E+10     0.112300E+11     0.112300E+11     0.125560E+11     0.119873E+11     0.876900E+10     0.876900E+10     0.876900E+10     0.876900E+10     0.876900E+10     0.876900E+10     0.517300E+10     0.517300E+10     0.517300E+10     0.498994E+10     0.593900E+10     0.718688E+10     0.158870E+11     0.127007E+11     0.761200E+10     0.830900E+10     0.761890E+10     0.732700E+10     0.646335E+10     0.564200E+10     0.704700E+10     0.620180E+10     0.657800E+10     0.651446E+10     0.518490E+10     0.552100E+10     0.547193E+10     0.717128E+10     0.104190E+11     0.119710E+11     0.119710E+11     0.119710E+11     0.119710E+11     0.119710E+11     0.593900E+10     0.593900E+10     0.469115E+10     0.464900E+10     0.457700E+10     0.444844E+10     0.434600E+10     0.439235E+10     0.462600E+10     0.458300E+10     0.455140E+10     0.449800E+10     0.466389E+10     0.466938E+10     0.464300E+10     0.461505E+10     0.439966E+10     0.399100E+10     0.399037E+10     0.408100E+10     0.404100E+10     0.437874E+10     0.435000E+10     0.419523E+10     0.380200E+10     0.376400E+10     0.374063E+10     0.368800E+10     0.365795E+10     0.381500E+10     0.376270E+10     0.373800E+10     0.370100E+10     0.358102E+10     0.203500E+10     0.191500E+10     0.200000E+10     0.188300E+10     0.192276E+10     0.192500E+10     0.191414E+10     0.225102E+10     0.223900E+10     0.210698E+10     0.198003E+10     0.193100E+10     0.183800E+10     0.183800E+10     0.183800E+10     0.183800E+10     0.183800E+10     0.183800E+10     0.183800E+10     0.183800E+10     0.183800E+10     0.183800E+10     0.183800E+10     0.183800E+10     0.183800E+10     0.183800E+10     0.183800E+10     0.183800E+10     0.183800E+10     0.183800E+10     0.183800E+10     0.100000E+21
 0.360000E+04     0.117630E+11     0.114549E+11     0.105431E+11     0.112890E+11     0.113797E+11     0.114890E+11     0.114890E+11     0.134413E+11     0.231170E+11     0.203403E+11     0.108580E+11     0.108580E+11     0.115265E+11     0.120000E+11     0.119517E+11     0.116110E+11     0.108223E+11     0.943700E+10     0.943700E+10     0.943700E+10     0.943700E+10     0.943700E+10     0.112300E+11     0.112300E+11     0.125267E+11     0.127702E+11     0.122634E+11     0.876900E+10     0.876900E+10     0.876900E+10     0.876900E+10     0.876900E+10     0.738088E+10     0.517300E+10     0.517300E+10     0.499388E+10     0.514337E+10     0.602921E+10     0.785332E+10     0.146256E+11     0.130385E+11     0.830900E+10     0.812440E+10     0.732700E+10     0.648014E+10     0.588475E+10     0.589120E+10     0.652672E+10     0.593149E+10     0.589222E+10     0.570745E+10     0.505024E+10     0.507878E+10     0.608338E+10     0.673830E+10     0.815911E+10     0.107858E+11     0.119710E+11     0.119710E+11     0.119710E+11     0.999417E+10     0.593900E+10     0.516563E+10     0.464900E+10     0.457700E+10     0.450873E+10     0.441422E+10     0.662375E+10     0.645806E+10     0.458300E+10     0.455188E+10     0.449800E+10     0.450721E+10     0.455353E+10     0.464300E+10     0.461566E+10     0.449103E+10     0.440616E+10     0.396109E+10     0.395024E+10     0.404100E+10     0.410207E+10     0.404683E+10     0.425410E+10     0.415004E+10     0.406697E+10     0.385431E+10     0.368800E+10     0.365781E+10     0.366266E+10     0.367291E+10     0.373800E+10     0.370100E+10     0.266662E+10     0.203500E+10     0.199868E+10     0.189292E+10     0.196076E+10     0.195347E+10     0.186841E+10     0.190201E+10     0.207634E+10     0.223900E+10     0.219181E+10     0.209071E+10     0.193100E+10     0.183800E+10     0.183800E+10     0.183800E+10     0.183800E+10     0.183800E+10     0.183800E+10     0.183800E+10     0.183800E+10     0.183800E+10     0.183800E+10     0.183800E+10     0.183800E+10     0.183800E+10     0.183800E+10     0.183800E+10     0.183800E+10     0.183800E+10     0.183800E+10     0.183800E+10     0.100000E+21
 0.362000E+04     0.117630E+11     0.117630E+11     0.113581E+11     0.100110E+11     0.112890E+11     0.112890E+11     0.114890E+11     0.114890E+11     0.114890E+11     0.213500E+11     0.108580E+11     0.108580E+11     0.108580E+11     0.120000E+11     0.120000E+11     0.116110E+11     0.108662E+11     0.943700E+10     0.943700E+10     0.943700E+10     0.943700E+10     0.943700E+10     0.101606E+11     0.112300E+11     0.112300E+11     0.132150E+11     0.132150E+11     0.876900E+10     0.876900E+10     0.876900E+10     0.876900E+10     0.876900E+10     0.807258E+10     0.517300E+10     0.517300E+10     0.498877E+10     0.488400E+10     0.587788E+10     0.517300E+10     0.158870E+11     0.158870E+11     0.751600E+10     0.809334E+10     0.811300E+10     0.748289E+10     0.601100E+10     0.592700E+10     0.560790E+10     0.686500E+10     0.679331E+10     0.557346E+10     0.552100E+10     0.595840E+10     0.476394E+10     0.470900E+10     0.530941E+10     0.563100E+10     0.104190E+11     0.114706E+11     0.119710E+11     0.119710E+11     0.119710E+11     0.942869E+10     0.593900E+10     0.593900E+10     0.769854E+10     0.884600E+10     0.820384E+10     0.742600E+10     0.718100E+10     0.699854E+10     0.449800E+10     0.446639E+10     0.439787E+10     0.437200E+10     0.452150E+10     0.454809E+10     0.451500E+10     0.446012E+10     0.443000E+10     0.387400E+10     0.382421E+10     0.379700E+10     0.391640E+10     0.388400E+10     0.422600E+10     0.420129E+10     0.368800E+10     0.365395E+10     0.361300E+10     0.221286E+10     0.245000E+10     0.243100E+10     0.241487E+10     0.203500E+10     0.202192E+10     0.200000E+10     0.183800E+10     0.183800E+10     0.195000E+10     0.193785E+10     0.185161E+10     0.188000E+10     0.187105E+10     0.213045E+10     0.193100E+10     0.183800E+10     0.183800E+10     0.183800E+10     0.183800E+10     0.183800E+10     0.183800E+10     0.183800E+10     0.183800E+10     0.183800E+10     0.183800E+10     0.183800E+10     0.183800E+10     0.183800E+10     0.183800E+10     0.183800E+10     0.183800E+10     0.183800E+10     0.183800E+10     0.183800E+10     0.100000E+21
 0.364000E+04     0.117630E+11     0.117630E+11     0.112297E+11     0.100110E+11     0.112890E+11     0.112890E+11     0.114890E+11     0.114890E+11     0.114890E+11     0.201905E+11     0.108580E+11     0.108580E+11     0.108580E+11     0.120000E+11     0.120000E+11     0.116110E+11     0.108080E+11     0.943700E+10     0.943700E+10     0.943700E+10     0.943700E+10     0.943700E+10     0.101890E+11     0.112300E+11     0.112300E+11     0.132150E+11     0.132150E+11     0.876900E+10     0.876900E+10     0.876900E+10     0.876900E+10     0.876900E+10     0.782248E+10     0.517300E+10     0.517300E+10     0.499542E+10     0.488400E+10     0.577415E+10     0.517300E+10     0.158870E+11     0.158870E+11     0.751600E+10     0.803704E+10     0.811300E+10     0.751815E+10     0.601100E+10     0.592700E+10     0.562559E+10     0.686500E+10     0.680136E+10     0.557134E+10     0.552100E+10     0.594477E+10     0.475945E+10     0.470900E+10     0.533145E+10     0.563100E+10     0.104190E+11     0.114228E+11     0.119710E+11     0.119710E+11     0.119710E+11     0.935141E+10     0.593900E+10     0.593900E+10     0.747904E+10     0.884600E+10     0.816850E+10     0.742600E+10     0.718100E+10     0.701104E+10     0.449800E+10     0.446897E+10     0.439707E+10     0.437200E+10     0.451548E+10     0.454437E+10     0.451500E+10     0.445845E+10     0.443000E+10     0.387400E+10     0.382269E+10     0.379700E+10     0.391324E+10     0.388400E+10     0.422600E+10     0.420207E+10     0.368800E+10     0.365896E+10     0.361300E+10     0.222142E+10     0.245000E+10     0.243100E+10     0.241626E+10     0.203500E+10     0.202274E+10     0.200000E+10     0.183800E+10     0.183800E+10     0.195000E+10     0.193947E+10     0.185289E+10     0.188000E+10     0.187129E+10     0.211627E+10     0.193100E+10     0.183800E+10     0.183800E+10     0.183800E+10     0.183800E+10     0.183800E+10     0.183800E+10     0.183800E+10     0.183800E+10     0.183800E+10     0.183800E+10     0.183800E+10     0.183800E+10     0.183800E+10     0.183800E+10     0.183800E+10     0.183800E+10     0.183800E+10     0.183800E+10     0.183800E+10     0.100000E+21
 0.366000E+04     0.181860E+11     0.160137E+11     0.114085E+11     0.107346E+11     0.109559E+11     0.112890E+11     0.114000E+11     0.114538E+11     0.114890E+11     0.161141E+11     0.108580E+11     0.108580E+11     0.108580E+11     0.120000E+11     0.120000E+11     0.117717E+11     0.116110E+11     0.116110E+11     0.943700E+10     0.943700E+10     0.943700E+10     0.943700E+10     0.102210E+11     0.112300E+11     0.112300E+11     0.132150E+11     0.132150E+11     0.990965E+10     0.876900E+10     0.876900E+10     0.876900E+10     0.876900E+10     0.757686E+10     0.517300E+10     0.517300E+10     0.507504E+10     0.488400E+10     0.553136E+10     0.549004E+10     0.971623E+10     0.158870E+11     0.158870E+11     0.104856E+11     0.811300E+10     0.805129E+10     0.714000E+10     0.592700E+10     0.587459E+10     0.555220E+10     0.555092E+10     0.617694E+10     0.615284E+10     0.598427E+10     0.604893E+10     0.574096E+10     0.528611E+10     0.544608E+10     0.480521E+10     0.508248E+10     0.814296E+10     0.994607E+10     0.113282E+11     0.103780E+11     0.851314E+10     0.423322E+10     0.606265E+10     0.794311E+10     0.772753E+10     0.780731E+10     0.753737E+10     0.738827E+10     0.670600E+10     0.580110E+10     0.484684E+10     0.437200E+10     0.434686E+10     0.432810E+10     0.440447E+10     0.438797E+10     0.443000E+10     0.438900E+10     0.433182E+10     0.430600E+10     0.395890E+10     0.392924E+10     0.390116E+10     0.400327E+10     0.381991E+10     0.308139E+10     0.267436E+10     0.196439E+10     0.199989E+10     0.227007E+10     0.235669E+10     0.239100E+10     0.237904E+10     0.215648E+10     0.198200E+10     0.197144E+10     0.188450E+10     0.185743E+10     0.189256E+10     0.190400E+10     0.187922E+10     0.187706E+10     0.193100E+10     0.183800E+10     0.183800E+10     0.183800E+10     0.183800E+10     0.183800E+10     0.183800E+10     0.183800E+10     0.183800E+10     0.183800E+10     0.183800E+10     0.183800E+10     0.183800E+10     0.183800E+10     0.183800E+10     0.183800E+10     0.183800E+10     0.183800E+10     0.183800E+10     0.183800E+10     0.100000E+21
 0.368000E+04     0.181860E+11     0.181860E+11     0.166770E+11     0.117630E+11     0.113026E+11     0.100110E+11     0.112890E+11     0.112890E+11     0.114890E+11     0.113942E+11     0.108580E+11     0.108580E+11     0.108580E+11     0.108580E+11     0.118774E+11     0.120000E+11     0.116110E+11     0.116110E+11     0.943700E+10     0.943700E+10     0.943700E+10     0.943700E+10     0.943700E+10     0.943700E+10     0.106482E+11     0.116236E+11     0.132150E+11     0.118623E+11     0.876900E+10     0.876900E+10     0.876900E+10     0.876900E+10     0.876900E+10     0.876900E+10     0.517300E+10     0.517300E+10     0.488400E+10     0.498345E+10     0.593900E+10     0.926923E+10     0.158870E+11     0.158870E+11     0.158870E+11     0.732700E+10     0.781905E+10     0.791900E+10     0.704700E+10     0.618532E+10     0.576200E+10     0.569863E+10     0.534204E+10     0.552100E+10     0.547172E+10     0.560578E+10     0.633400E+10     0.597837E+10     0.513100E+10     0.581200E+10     0.575647E+10     0.435500E+10     0.428524E+10     0.428000E+10     0.498509E+10     0.552200E+10     0.544500E+10     0.421464E+10     0.397000E+10     0.531067E+10     0.779600E+10     0.754400E+10     0.691132E+10     0.753500E+10     0.734901E+10     0.616414E+10     0.602800E+10     0.588641E+10     0.428008E+10     0.424800E+10     0.419565E+10     0.416700E+10     0.412700E+10     0.421371E+10     0.387900E+10     0.383340E+10     0.380200E+10     0.376400E+10     0.374053E+10     0.389200E+10     0.385668E+10     0.369300E+10     0.308739E+10     0.208800E+10     0.191000E+10     0.200156E+10     0.200700E+10     0.227174E+10     0.235300E+10     0.233300E+10     0.231978E+10     0.195000E+10     0.193797E+10     0.189272E+10     0.183800E+10     0.183800E+10     0.188900E+10     0.193100E+10     0.183800E+10     0.183800E+10     0.183800E+10     0.183800E+10     0.183800E+10     0.183800E+10     0.183800E+10     0.183800E+10     0.183800E+10     0.183800E+10     0.183800E+10     0.183800E+10     0.183800E+10     0.183800E+10     0.183800E+10     0.183800E+10     0.183800E+10     0.183800E+10     0.183800E+10     0.100000E+21
 0.370000E+04     0.181860E+11     0.181860E+11     0.172665E+11     0.161615E+11     0.115081E+11     0.112037E+11     0.105092E+11     0.110294E+11     0.113527E+11     0.113124E+11     0.108580E+11     0.108580E+11     0.108580E+11     0.108580E+11     0.116964E+11     0.120000E+11     0.116110E+11     0.116110E+11     0.109085E+11     0.981191E+10     0.943700E+10     0.943700E+10     0.943700E+10     0.943700E+10     0.105630E+11     0.119085E+11     0.132150E+11     0.116209E+11     0.876900E+10     0.876900E+10     0.876900E+10     0.876900E+10     0.876900E+10     0.876900E+10     0.517300E+10     0.517300E+10     0.488400E+10     0.515910E+10     0.593900E+10     0.702163E+10     0.934818E+10     0.158870E+11     0.158870E+11     0.732700E+10     0.742719E+10     0.791900E+10     0.679782E+10     0.668535E+10     0.576200E+10     0.570861E+10     0.541884E+10     0.528099E+10     0.525881E+10     0.548815E+10     0.561474E+10     0.558197E+10     0.583081E+10     0.597409E+10     0.550141E+10     0.466490E+10     0.458079E+10     0.453914E+10     0.451150E+10     0.467853E+10     0.477662E+10     0.497488E+10     0.486843E+10     0.455538E+10     0.538543E+10     0.513506E+10     0.661768E+10     0.681094E+10     0.668351E+10     0.664653E+10     0.656220E+10     0.606807E+10     0.512308E+10     0.503000E+10     0.419318E+10     0.416700E+10     0.407440E+10     0.429688E+10     0.420089E+10     0.382903E+10     0.380200E+10     0.376400E+10     0.374168E+10     0.375441E+10     0.383416E+10     0.377545E+10     0.343122E+10     0.302037E+10     0.201803E+10     0.203097E+10     0.192003E+10     0.204775E+10     0.235300E+10     0.233300E+10     0.232081E+10     0.218467E+10     0.200944E+10     0.190290E+10     0.188324E+10     0.187319E+10     0.187703E+10     0.193100E+10     0.183800E+10     0.183800E+10     0.183800E+10     0.183800E+10     0.183800E+10     0.183800E+10     0.183800E+10     0.183800E+10     0.183800E+10     0.183800E+10     0.183800E+10     0.183800E+10     0.183800E+10     0.183800E+10     0.183800E+10     0.183800E+10     0.183800E+10     0.183800E+10     0.183800E+10     0.100000E+21
 0.372000E+04     0.158870E+11     0.173358E+11     0.181860E+11     0.181860E+11     0.117630E+11     0.117630E+11     0.117630E+11     0.105528E+11     0.112890E+11     0.113888E+11     0.108580E+11     0.108580E+11     0.108580E+11     0.108580E+11     0.118635E+11     0.120000E+11     0.116110E+11     0.116110E+11     0.116110E+11     0.992932E+10     0.943700E+10     0.943700E+10     0.943700E+10     0.943700E+10     0.106367E+11     0.116394E+11     0.132150E+11     0.118325E+11     0.876900E+10     0.876900E+10     0.876900E+10     0.876900E+10     0.876900E+10     0.876900E+10     0.517300E+10     0.517300E+10     0.488400E+10     0.499813E+10     0.593900E+10     0.564231E+10     0.517300E+10     0.158870E+11     0.158870E+11     0.158870E+11     0.975624E+10     0.714000E+10     0.668200E+10     0.668200E+10     0.686500E+10     0.679441E+10     0.557296E+10     0.552100E+10     0.526068E+10     0.508711E+10     0.528500E+10     0.518888E+10     0.513100E+10     0.505500E+10     0.482761E+10     0.471600E+10     0.472796E+10     0.466500E+10     0.456383E+10     0.452300E+10     0.408300E+10     0.402694E+10     0.431300E+10     0.519164E+10     0.514200E+10     0.377600E+10     0.372865E+10     0.386700E+10     0.606094E+10     0.633341E+10     0.680700E+10     0.665632E+10     0.555357E+10     0.539300E+10     0.398948E+10     0.408100E+10     0.404100E+10     0.410347E+10     0.435000E+10     0.430057E+10     0.426700E+10     0.376400E+10     0.374072E+10     0.368800E+10     0.365500E+10     0.381500E+10     0.376264E+10     0.373800E+10     0.370100E+10     0.357603E+10     0.203500E+10     0.202206E+10     0.197200E+10     0.195600E+10     0.220268E+10     0.229500E+10     0.227992E+10     0.214019E+10     0.190400E+10     0.189512E+10     0.188935E+10     0.193100E+10     0.183800E+10     0.183800E+10     0.183800E+10     0.183800E+10     0.183800E+10     0.183800E+10     0.183800E+10     0.183800E+10     0.183800E+10     0.183800E+10     0.183800E+10     0.183800E+10     0.183800E+10     0.183800E+10     0.183800E+10     0.183800E+10     0.183800E+10     0.183800E+10     0.183800E+10     0.100000E+21
 0.374000E+04     0.158870E+11     0.163659E+11     0.181860E+11     0.181860E+11     0.152461E+11     0.117630E+11     0.117630E+11     0.114133E+11     0.112890E+11     0.112468E+11     0.108580E+11     0.108580E+11     0.108580E+11     0.108580E+11     0.109767E+11     0.120000E+11     0.117840E+11     0.116110E+11     0.116110E+11     0.992932E+10     0.943700E+10     0.943700E+10     0.943700E+10     0.943700E+10     0.106367E+11     0.116394E+11     0.132150E+11     0.126082E+11     0.123251E+11     0.876900E+10     0.876900E+10     0.876900E+10     0.876900E+10     0.876900E+10     0.517300E+10     0.517300E+10     0.509255E+10     0.493669E+10     0.518673E+10     0.564231E+10     0.517300E+10     0.827543E+10     0.148269E+11     0.158870E+11     0.975624E+10     0.714000E+10     0.696610E+10     0.674119E+10     0.671262E+10     0.671187E+10     0.605297E+10     0.552100E+10     0.539982E+10     0.523759E+10     0.499789E+10     0.499556E+10     0.513100E+10     0.484907E+10     0.476466E+10     0.471600E+10     0.471155E+10     0.466500E+10     0.456383E+10     0.452300E+10     0.434331E+10     0.405443E+10     0.404430E+10     0.439353E+10     0.455579E+10     0.473446E+10     0.463863E+10     0.368430E+10     0.427650E+10     0.633319E+10     0.597689E+10     0.602914E+10     0.477277E+10     0.466190E+10     0.396224E+10     0.395024E+10     0.393887E+10     0.404020E+10     0.404458E+10     0.430057E+10     0.426700E+10     0.404543E+10     0.384363E+10     0.368800E+10     0.365500E+10     0.366923E+10     0.367750E+10     0.373800E+10     0.370100E+10     0.365193E+10     0.322645E+10     0.303268E+10     0.198923E+10     0.186162E+10     0.199967E+10     0.229500E+10     0.227992E+10     0.220274E+10     0.217903E+10     0.210127E+10     0.188935E+10     0.193100E+10     0.183800E+10     0.183800E+10     0.183800E+10     0.183800E+10     0.183800E+10     0.183800E+10     0.183800E+10     0.183800E+10     0.183800E+10     0.183800E+10     0.183800E+10     0.183800E+10     0.183800E+10     0.183800E+10     0.183800E+10     0.183800E+10     0.183800E+10     0.183800E+10     0.183800E+10     0.100000E+21
 0.376000E+04     0.158870E+11     0.158870E+11     0.181860E+11     0.181860E+11     0.169829E+11     0.138134E+11     0.117630E+11     0.117630E+11     0.108821E+11     0.112225E+11     0.109988E+11     0.108580E+11     0.108580E+11     0.108580E+11     0.108580E+11     0.120000E+11     0.118504E+11     0.116110E+11     0.116110E+11     0.101092E+11     0.943700E+10     0.943700E+10     0.943700E+10     0.943700E+10     0.101888E+11     0.116288E+11     0.125802E+11     0.132150E+11     0.132150E+11     0.876900E+10     0.876900E+10     0.876900E+10     0.876900E+10     0.876900E+10     0.657762E+10     0.577750E+10     0.517300E+10     0.488400E+10     0.488400E+10     0.562294E+10     0.517300E+10     0.517300E+10     0.137333E+11     0.158870E+11     0.120241E+11     0.714000E+10     0.704700E+10     0.686495E+10     0.668200E+10     0.668200E+10     0.641164E+10     0.585881E+10     0.565998E+10     0.526921E+10     0.505119E+10     0.485796E+10     0.499287E+10     0.471600E+10     0.471600E+10     0.471600E+10     0.470838E+10     0.468167E+10     0.458770E+10     0.452300E+10     0.445200E+10     0.420889E+10     0.406902E+10     0.394159E+10     0.404066E+10     0.464943E+10     0.463879E+10     0.404952E+10     0.389343E+10     0.542600E+10     0.536223E+10     0.523947E+10     0.454268E+10     0.451500E+10     0.412402E+10     0.407705E+10     0.387400E+10     0.395362E+10     0.396200E+10     0.421874E+10     0.426700E+10     0.422600E+10     0.402786E+10     0.368800E+10     0.366065E+10     0.361300E+10     0.360710E+10     0.366027E+10     0.370100E+10     0.367434E+10     0.354519E+10     0.352514E+10     0.255436E+10     0.188346E+10     0.193134E+10     0.217667E+10     0.216354E+10     0.225030E+10     0.223900E+10     0.222813E+10     0.195833E+10     0.193100E+10     0.183800E+10     0.183800E+10     0.183800E+10     0.183800E+10     0.183800E+10     0.183800E+10     0.183800E+10     0.183800E+10     0.183800E+10     0.183800E+10     0.183800E+10     0.183800E+10     0.183800E+10     0.183800E+10     0.183800E+10     0.183800E+10     0.183800E+10     0.183800E+10     0.183800E+10     0.100000E+21
 0.378000E+04     0.158870E+11     0.158870E+11     0.168320E+11     0.181860E+11     0.181860E+11     0.181860E+11     0.154751E+11     0.128134E+11     0.113003E+11     0.103986E+11     0.112890E+11     0.108580E+11     0.108580E+11     0.108580E+11     0.108580E+11     0.120000E+11     0.118666E+11     0.116110E+11     0.116110E+11     0.111768E+11     0.943700E+10     0.943700E+10     0.943700E+10     0.943700E+10     0.943700E+10     0.112300E+11     0.112300E+11     0.132150E+11     0.132150E+11     0.876900E+10     0.876900E+10     0.876900E+10     0.876900E+10     0.876900E+10     0.876900E+10     0.647703E+10     0.517300E+10     0.488400E+10     0.488400E+10     0.564614E+10     0.517300E+10     0.517300E+10     0.178855E+11     0.194424E+11     0.166045E+11     0.122158E+11     0.136801E+11     0.833263E+10     0.683252E+10     0.670402E+10     0.666854E+10     0.666731E+10     0.631028E+10     0.602429E+10     0.583143E+10     0.469922E+10     0.469959E+10     0.470735E+10     0.470671E+10     0.471600E+10     0.471600E+10     0.471600E+10     0.468005E+10     0.463571E+10     0.462756E+10     0.440952E+10     0.431300E+10     0.408911E+10     0.402922E+10     0.376500E+10     0.379009E+10     0.413310E+10     0.427801E+10     0.424060E+10     0.437200E+10     0.440782E+10     0.454786E+10     0.451500E+10     0.446008E+10     0.443000E+10     0.417285E+10     0.384582E+10     0.383638E+10     0.384001E+10     0.401017E+10     0.400632E+10     0.412122E+10     0.399580E+10     0.404077E+10     0.361300E+10     0.356258E+10     0.353900E+10     0.356661E+10     0.364977E+10     0.362600E+10     0.359916E+10     0.350329E+10     0.317390E+10     0.287335E+10     0.194493E+10     0.193221E+10     0.202774E+10     0.194979E+10     0.214730E+10     0.212994E+10     0.193100E+10     0.183800E+10     0.183800E+10     0.183800E+10     0.183800E+10     0.183800E+10     0.183800E+10     0.183800E+10     0.183800E+10     0.183800E+10     0.183800E+10     0.183800E+10     0.183800E+10     0.183800E+10     0.183800E+10     0.183800E+10     0.183800E+10     0.183800E+10     0.183800E+10     0.183800E+10     0.100000E+21
 0.380000E+04     0.143407E+11     0.153006E+11     0.162834E+11     0.168366E+11     0.181860E+11     0.181860E+11     0.181860E+11     0.141919E+11     0.117630E+11     0.109302E+11     0.105403E+11     0.108580E+11     0.108580E+11     0.108580E+11     0.108580E+11     0.120000E+11     0.119279E+11     0.118267E+11     0.116110E+11     0.116110E+11     0.943700E+10     0.943700E+10     0.943700E+10     0.943700E+10     0.943700E+10     0.112300E+11     0.112300E+11     0.132150E+11     0.132150E+11     0.112441E+11     0.876900E+10     0.876900E+10     0.876900E+10     0.876900E+10     0.876900E+10     0.665488E+10     0.517300E+10     0.488400E+10     0.488400E+10     0.578985E+10     0.559827E+10     0.517300E+10     0.155756E+11     0.205570E+11     0.193531E+11     0.158870E+11     0.158870E+11     0.135765E+11     0.686500E+10     0.678572E+10     0.668200E+10     0.668200E+10     0.663926E+10     0.833028E+10     0.593900E+10     0.518102E+10     0.469900E+10     0.469989E+10     0.470058E+10     0.470719E+10     0.471600E+10     0.471600E+10     0.471600E+10     0.471600E+10     0.471600E+10     0.462620E+10     0.454965E+10     0.421854E+10     0.417700E+10     0.396753E+10     0.504735E+10     0.558093E+10     0.482511E+10     0.439615E+10     0.437200E+10     0.434686E+10     0.438553E+10     0.435853E+10     0.445652E+10     0.443000E+10     0.438900E+10     0.401135E+10     0.379700E+10     0.377170E+10     0.378848E+10     0.375551E+10     0.387934E+10     0.414500E+10     0.411700E+10     0.387807E+10     0.356075E+10     0.353900E+10     0.350300E+10     0.353057E+10     0.351075E+10     0.356386E+10     0.355200E+10     0.351500E+10     0.346252E+10     0.282254E+10     0.276013E+10     0.190270E+10     0.189411E+10     0.196326E+10     0.196893E+10     0.193100E+10     0.183800E+10     0.183800E+10     0.183800E+10     0.183800E+10     0.183800E+10     0.183800E+10     0.183800E+10     0.183800E+10     0.183800E+10     0.183800E+10     0.183800E+10     0.183800E+10     0.183800E+10     0.183800E+10     0.183800E+10     0.183800E+10     0.183800E+10     0.183800E+10     0.183800E+10     0.100000E+21
 0.382000E+04     0.132540E+11     0.148683E+11     0.158870E+11     0.158870E+11     0.181860E+11     0.181860E+11     0.181860E+11     0.181860E+11     0.117630E+11     0.113448E+11     0.100110E+11     0.108580E+11     0.108580E+11     0.108580E+11     0.108580E+11     0.108580E+11     0.120000E+11     0.120000E+11     0.116110E+11     0.116110E+11     0.943700E+10     0.943700E+10     0.943700E+10     0.943700E+10     0.943700E+10     0.997144E+10     0.112300E+11     0.119020E+11     0.132150E+11     0.132150E+11     0.876900E+10     0.876900E+10     0.876900E+10     0.876900E+10     0.876900E+10     0.655941E+10     0.517300E+10     0.488400E+10     0.488400E+10     0.593900E+10     0.593900E+10     0.517300E+10     0.132053E+11     0.158870E+11     0.190438E+11     0.205570E+11     0.158870E+11     0.158870E+11     0.158870E+11     0.951384E+10     0.864456E+10     0.119710E+11     0.119710E+11     0.119710E+11     0.119710E+11     0.102106E+11     0.593900E+10     0.593900E+10     0.513699E+10     0.469900E+10     0.470100E+10     0.470100E+10     0.471600E+10     0.471600E+10     0.471600E+10     0.471600E+10     0.471600E+10     0.598406E+10     0.830600E+10     0.718100E+10     0.701104E+10     0.670600E+10     0.654636E+10     0.439707E+10     0.437200E+10     0.434557E+10     0.427667E+10     0.424800E+10     0.419409E+10     0.416700E+10     0.438900E+10     0.433371E+10     0.430600E+10     0.412884E+10     0.372100E+10     0.368300E+10     0.366087E+10     0.376900E+10     0.373918E+10     0.406500E+10     0.400996E+10     0.398600E+10     0.350300E+10     0.347574E+10     0.343000E+10     0.340548E+10     0.355200E+10     0.351500E+10     0.349053E+10     0.344200E+10     0.341673E+10     0.331752E+10     0.322200E+10     0.244805E+10     0.186719E+10     0.193100E+10     0.183800E+10     0.183800E+10     0.183800E+10     0.183800E+10     0.183800E+10     0.183800E+10     0.183800E+10     0.183800E+10     0.183800E+10     0.183800E+10     0.183800E+10     0.183800E+10     0.183800E+10     0.183800E+10     0.183800E+10     0.183800E+10     0.183800E+10     0.183800E+10     0.183800E+10     0.100000E+21
 0.384000E+04     0.132540E+11     0.138640E+11     0.158870E+11     0.158870E+11     0.169808E+11     0.181860E+11     0.181860E+11     0.181860E+11     0.165529E+11     0.116443E+11     0.111886E+11     0.108580E+11     0.108580E+11     0.108580E+11     0.108580E+11     0.108580E+11     0.120000E+11     0.120000E+11     0.116110E+11     0.116110E+11     0.112567E+11     0.974735E+10     0.943700E+10     0.943700E+10     0.943700E+10     0.977813E+10     0.112300E+11     0.118329E+11     0.132150E+11     0.132150E+11     0.876900E+10     0.876900E+10     0.876900E+10     0.876900E+10     0.876900E+10     0.647667E+10     0.517300E+10     0.488400E+10     0.488400E+10     0.593900E+10     0.593900E+10     0.517300E+10     0.126640E+11     0.158870E+11     0.169127E+11     0.205570E+11     0.194426E+11     0.189178E+11     0.158870E+11     0.144937E+11     0.979752E+10     0.106471E+11     0.110434E+11     0.119710E+11     0.119710E+11     0.113006E+11     0.102485E+11     0.943759E+10     0.671500E+10     0.559511E+10     0.469936E+10     0.469966E+10     0.470719E+10     0.470719E+10     0.471600E+10     0.471600E+10     0.471600E+10     0.709120E+10     0.830600E+10     0.779756E+10     0.710953E+10     0.670600E+10     0.653213E+10     0.545650E+10     0.578464E+10     0.465684E+10     0.428030E+10     0.424800E+10     0.419568E+10     0.416700E+10     0.423603E+10     0.420580E+10     0.430600E+10     0.421816E+10     0.406145E+10     0.368300E+10     0.366014E+10     0.365954E+10     0.359390E+10     0.380832E+10     0.401086E+10     0.398600E+10     0.380728E+10     0.379590E+10     0.343000E+10     0.340384E+10     0.343865E+10     0.336304E+10     0.345759E+10     0.344200E+10     0.341285E+10     0.334200E+10     0.331511E+10     0.296980E+10     0.257330E+10     0.193100E+10     0.183800E+10     0.183800E+10     0.183800E+10     0.183800E+10     0.183800E+10     0.183800E+10     0.183800E+10     0.183800E+10     0.183800E+10     0.183800E+10     0.183800E+10     0.183800E+10     0.183800E+10     0.183800E+10     0.183800E+10     0.183800E+10     0.183800E+10     0.183800E+10     0.183800E+10     0.100000E+21
 0.386000E+04     0.168650E+11     0.146321E+11     0.139932E+11     0.158870E+11     0.165626E+11     0.181860E+11     0.181860E+11     0.181860E+11     0.181860E+11     0.117630E+11     0.117630E+11     0.108580E+11     0.108580E+11     0.108580E+11     0.108580E+11     0.108580E+11     0.120000E+11     0.120000E+11     0.116110E+11     0.116110E+11     0.116110E+11     0.100828E+11     0.943700E+10     0.943700E+10     0.943700E+10     0.991481E+10     0.112300E+11     0.118834E+11     0.132150E+11     0.132150E+11     0.876900E+10     0.876900E+10     0.876900E+10     0.876900E+10     0.876900E+10     0.654017E+10     0.517300E+10     0.488400E+10     0.488400E+10     0.593900E+10     0.593900E+10     0.517300E+10     0.517300E+10     0.137760E+11     0.137760E+11     0.158870E+11     0.158870E+11     0.191022E+11     0.205570E+11     0.140249E+11     0.115710E+11     0.115710E+11     0.108785E+11     0.104190E+11     0.104190E+11     0.119710E+11     0.119710E+11     0.119710E+11     0.119710E+11     0.119710E+11     0.593900E+10     0.593900E+10     0.469900E+10     0.469900E+10     0.470100E+10     0.416831E+10     0.397000E+10     0.539323E+10     0.779600E+10     0.694500E+10     0.755432E+10     0.753500E+10     0.678122E+10     0.616084E+10     0.602800E+10     0.589068E+10     0.523080E+10     0.424800E+10     0.419454E+10     0.416700E+10     0.412700E+10     0.407381E+10     0.404700E+10     0.405620E+10     0.422400E+10     0.418300E+10     0.415890E+10     0.360800E+10     0.357781E+10     0.353400E+10     0.354362E+10     0.361800E+10     0.394700E+10     0.391746E+10     0.386900E+10     0.353889E+10     0.335900E+10     0.332300E+10     0.329952E+10     0.325300E+10     0.336523E+10     0.335786E+10     0.333500E+10     0.331398E+10     0.286801E+10     0.193100E+10     0.183800E+10     0.183800E+10     0.183800E+10     0.183800E+10     0.183800E+10     0.183800E+10     0.183800E+10     0.183800E+10     0.183800E+10     0.183800E+10     0.183800E+10     0.183800E+10     0.183800E+10     0.183800E+10     0.183800E+10     0.183800E+10     0.183800E+10     0.183800E+10     0.183800E+10     0.100000E+21
 0.388000E+04     0.168650E+11     0.145833E+11     0.139940E+11     0.158870E+11     0.161997E+11     0.168083E+11     0.181860E+11     0.181860E+11     0.181860E+11     0.150192E+11     0.117630E+11     0.108580E+11     0.108580E+11     0.108580E+11     0.108580E+11     0.108580E+11     0.120000E+11     0.120000E+11     0.118395E+11     0.116610E+11     0.116110E+11     0.100661E+11     0.943700E+10     0.943700E+10     0.943700E+10     0.967234E+10     0.101245E+11     0.115311E+11     0.119999E+11     0.132150E+11     0.106415E+11     0.876900E+10     0.876900E+10     0.876900E+10     0.876900E+10     0.649122E+10     0.517300E+10     0.503864E+10     0.488400E+10     0.557836E+10     0.593900E+10     0.561720E+10     0.526053E+10     0.137760E+11     0.137760E+11     0.147552E+11     0.146081E+11     0.169161E+11     0.113731E+11     0.921860E+10     0.937299E+10     0.115710E+11     0.112569E+11     0.109259E+11     0.104190E+11     0.110691E+11     0.110506E+11     0.119710E+11     0.119710E+11     0.119710E+11     0.969347E+10     0.942336E+10     0.536605E+10     0.536605E+10     0.455717E+10     0.483582E+10     0.397000E+10     0.461341E+10     0.579991E+10     0.730022E+10     0.716672E+10     0.687800E+10     0.697773E+10     0.643477E+10     0.602800E+10     0.588758E+10     0.539066E+10     0.495875E+10     0.460084E+10     0.416700E+10     0.412700E+10     0.407434E+10     0.404700E+10     0.402611E+10     0.407555E+10     0.404656E+10     0.410711E+10     0.389504E+10     0.388863E+10     0.353400E+10     0.351220E+10     0.353465E+10     0.373359E+10     0.387288E+10     0.386900E+10     0.371733E+10     0.359186E+10     0.332300E+10     0.329901E+10     0.325300E+10     0.327618E+10     0.328684E+10     0.333500E+10     0.331359E+10     0.287826E+10     0.193100E+10     0.183800E+10     0.183800E+10     0.183800E+10     0.183800E+10     0.183800E+10     0.183800E+10     0.183800E+10     0.183800E+10     0.183800E+10     0.183800E+10     0.183800E+10     0.183800E+10     0.183800E+10     0.183800E+10     0.183800E+10     0.183800E+10     0.183800E+10     0.183800E+10     0.183800E+10     0.100000E+21
 0.390000E+04     0.150855E+11     0.150510E+11     0.137634E+11     0.145894E+11     0.158870E+11     0.158870E+11     0.181860E+11     0.181860E+11     0.181860E+11     0.171306E+11     0.149284E+11     0.108580E+11     0.108580E+11     0.108580E+11     0.108580E+11     0.108580E+11     0.116651E+11     0.120000E+11     0.120000E+11     0.117467E+11     0.116110E+11     0.102631E+11     0.943700E+10     0.943700E+10     0.943700E+10     0.943700E+10     0.943700E+10     0.112300E+11     0.112300E+11     0.132150E+11     0.115323E+11     0.876900E+10     0.876900E+10     0.876900E+10     0.876900E+10     0.667047E+10     0.517300E+10     0.508311E+10     0.488400E+10     0.533524E+10     0.593900E+10     0.593900E+10     0.542874E+10     0.953720E+10     0.121618E+11     0.137760E+11     0.990868E+10     0.107931E+11     0.616421E+10     0.568814E+10     0.680541E+10     0.858988E+10     0.855344E+10     0.946320E+10     0.109867E+11     0.109880E+11     0.109866E+11     0.112021E+11     0.112034E+11     0.119710E+11     0.119710E+11     0.119710E+11     0.525701E+10     0.523774E+10     0.427015E+10     0.468648E+10     0.462140E+10     0.431387E+10     0.395101E+10     0.568732E+10     0.545960E+10     0.676234E+10     0.677330E+10     0.648901E+10     0.641185E+10     0.628051E+10     0.551982E+10     0.539300E+10     0.496007E+10     0.457398E+10     0.445985E+10     0.407128E+10     0.404700E+10     0.399398E+10     0.396800E+10     0.392800E+10     0.397925E+10     0.410200E+10     0.407513E+10     0.377497E+10     0.362271E+10     0.346200E+10     0.350412E+10     0.365211E+10     0.369113E+10     0.377684E+10     0.379200E+10     0.353536E+10     0.351368E+10     0.325300E+10     0.323168E+10     0.320657E+10     0.324335E+10     0.322330E+10     0.275748E+10     0.193100E+10     0.183800E+10     0.183800E+10     0.183800E+10     0.183800E+10     0.183800E+10     0.183800E+10     0.183800E+10     0.183800E+10     0.183800E+10     0.183800E+10     0.183800E+10     0.183800E+10     0.183800E+10     0.183800E+10     0.183800E+10     0.183800E+10     0.183800E+10     0.183800E+10     0.183800E+10     0.100000E+21
 0.392000E+04     0.132540E+11     0.154019E+11     0.148242E+11     0.132540E+11     0.158870E+11     0.158870E+11     0.168251E+11     0.177174E+11     0.181860E+11     0.181860E+11     0.181860E+11     0.108580E+11     0.108580E+11     0.108580E+11     0.108580E+11     0.108580E+11     0.113046E+11     0.120000E+11     0.120000E+11     0.117364E+11     0.116110E+11     0.102092E+11     0.943700E+10     0.943700E+10     0.943700E+10     0.943700E+10     0.943700E+10     0.112300E+11     0.112300E+11     0.132150E+11     0.116331E+11     0.876900E+10     0.876900E+10     0.876900E+10     0.876900E+10     0.662608E+10     0.517300E+10     0.509266E+10     0.488400E+10     0.532425E+10     0.593900E+10     0.593900E+10     0.540577E+10     0.517300E+10     0.115924E+11     0.984006E+10     0.665472E+10     0.674627E+10     0.604878E+10     0.606438E+10     0.574782E+10     0.513555E+10     0.512183E+10     0.630934E+10     0.747931E+10     0.875252E+10     0.115710E+11     0.111001E+11     0.106629E+11     0.109654E+11     0.730319E+10     0.726651E+10     0.456246E+10     0.452300E+10     0.432061E+10     0.417601E+10     0.465766E+10     0.458461E+10     0.460982E+10     0.461250E+10     0.401928E+10     0.483826E+10     0.479842E+10     0.631975E+10     0.616177E+10     0.607356E+10     0.600111E+10     0.586709E+10     0.512004E+10     0.499300E+10     0.479900E+10     0.436709E+10     0.429340E+10     0.399515E+10     0.396800E+10     0.392800E+10     0.390527E+10     0.394016E+10     0.391151E+10     0.402300E+10     0.388253E+10     0.374701E+10     0.373472E+10     0.351690E+10     0.340777E+10     0.353258E+10     0.379200E+10     0.375400E+10     0.372995E+10     0.352771E+10     0.350320E+10     0.317010E+10     0.314900E+10     0.312968E+10     0.271215E+10     0.193100E+10     0.183800E+10     0.183800E+10     0.183800E+10     0.183800E+10     0.183800E+10     0.183800E+10     0.183800E+10     0.183800E+10     0.183800E+10     0.183800E+10     0.183800E+10     0.183800E+10     0.183800E+10     0.183800E+10     0.183800E+10     0.183800E+10     0.183800E+10     0.183800E+10     0.183800E+10     0.100000E+21
 0.394000E+04     0.132540E+11     0.142392E+11     0.158627E+11     0.132540E+11     0.160391E+11     0.158870E+11     0.158870E+11     0.174686E+11     0.181860E+11     0.181860E+11     0.181860E+11     0.108580E+11     0.108580E+11     0.108580E+11     0.108580E+11     0.108580E+11     0.112552E+11     0.120000E+11     0.120000E+11     0.117073E+11     0.116110E+11     0.100613E+11     0.943700E+10     0.943700E+10     0.943700E+10     0.943700E+10     0.943700E+10     0.112300E+11     0.112300E+11     0.132150E+11     0.119149E+11     0.876900E+10     0.876900E+10     0.876900E+10     0.876900E+10     0.648971E+10     0.517300E+10     0.512018E+10     0.488400E+10     0.528990E+10     0.593900E+10     0.593900E+10     0.573069E+10     0.517300E+10     0.857425E+10     0.652933E+10     0.704700E+10     0.698295E+10     0.646600E+10     0.658421E+10     0.584123E+10     0.581511E+10     0.564031E+10     0.560984E+10     0.491637E+10     0.600603E+10     0.767178E+10     0.115710E+11     0.112488E+11     0.694916E+10     0.471178E+10     0.466500E+10     0.456400E+10     0.452300E+10     0.445200E+10     0.430009E+10     0.409458E+10     0.423671E+10     0.462204E+10     0.506800E+10     0.465340E+10     0.446341E+10     0.385040E+10     0.487204E+10     0.445138E+10     0.548567E+10     0.570176E+10     0.553042E+10     0.554041E+10     0.542674E+10     0.479900E+10     0.455522E+10     0.442600E+10     0.412005E+10     0.396800E+10     0.392800E+10     0.390400E+10     0.385100E+10     0.381913E+10     0.387462E+10     0.387964E+10     0.394400E+10     0.390500E+10     0.374356E+10     0.335400E+10     0.337084E+10     0.351573E+10     0.353106E+10     0.367004E+10     0.367800E+10     0.365103E+10     0.340723E+10     0.341355E+10     0.321784E+10     0.275074E+10     0.193100E+10     0.183800E+10     0.183800E+10     0.183800E+10     0.183800E+10     0.183800E+10     0.183800E+10     0.183800E+10     0.183800E+10     0.183800E+10     0.183800E+10     0.183800E+10     0.183800E+10     0.183800E+10     0.183800E+10     0.183800E+10     0.183800E+10     0.183800E+10     0.183800E+10     0.183800E+10     0.100000E+21
 0.396000E+04     0.188760E+11     0.153304E+11     0.140484E+11     0.168650E+11     0.161427E+11     0.158870E+11     0.158870E+11     0.158870E+11     0.181860E+11     0.181860E+11     0.181860E+11     0.181860E+11     0.138366E+11     0.108580E+11     0.108580E+11     0.108580E+11     0.112550E+11     0.120000E+11     0.120000E+11     0.116944E+11     0.116110E+11     0.999733E+10     0.943700E+10     0.943700E+10     0.943700E+10     0.943700E+10     0.943700E+10     0.112300E+11     0.112300E+11     0.132150E+11     0.120013E+11     0.876900E+10     0.876900E+10     0.876900E+10     0.876900E+10     0.649512E+10     0.517300E+10     0.515812E+10     0.488400E+10     0.529255E+10     0.593900E+10     0.593900E+10     0.593900E+10     0.580500E+10     0.574648E+10     0.601100E+10     0.592700E+10     0.586772E+10     0.576200E+10     0.657512E+10     0.665391E+10     0.659600E+10     0.654222E+10     0.553068E+10     0.606100E+10     0.461977E+10     0.456500E+10     0.471600E+10     0.471600E+10     0.471600E+10     0.471600E+10     0.471600E+10     0.463390E+10     0.452300E+10     0.445200E+10     0.439011E+10     0.431300E+10     0.410863E+10     0.382800E+10     0.411000E+10     0.405903E+10     0.492100E+10     0.486630E+10     0.426717E+10     0.346600E+10     0.356555E+10     0.397875E+10     0.569900E+10     0.519486E+10     0.569200E+10     0.548200E+10     0.455731E+10     0.442600E+10     0.421763E+10     0.407000E+10     0.389900E+10     0.389287E+10     0.385100E+10     0.381401E+10     0.377400E+10     0.372203E+10     0.369800E+10     0.390500E+10     0.387335E+10     0.382800E+10     0.379965E+10     0.328300E+10     0.324800E+10     0.332762E+10     0.367800E+10     0.364726E+10     0.359083E+10     0.356600E+10     0.354469E+10     0.309041E+10     0.193100E+10     0.183800E+10     0.183800E+10     0.183800E+10     0.183800E+10     0.183800E+10     0.183800E+10     0.183800E+10     0.183800E+10     0.183800E+10     0.183800E+10     0.183800E+10     0.183800E+10     0.183800E+10     0.183800E+10     0.183800E+10     0.183800E+10     0.183800E+10     0.183800E+10     0.183800E+10     0.100000E+21
 0.398000E+04     0.198373E+11     0.173986E+11     0.143052E+11     0.168650E+11     0.161838E+11     0.160458E+11     0.158870E+11     0.158870E+11     0.181860E+11     0.181860E+11     0.181860E+11     0.181860E+11     0.138217E+11     0.108580E+11     0.108580E+11     0.108580E+11     0.112578E+11     0.120000E+11     0.120000E+11     0.117110E+11     0.116110E+11     0.100801E+11     0.943700E+10     0.943700E+10     0.943700E+10     0.943700E+10     0.943700E+10     0.112300E+11     0.112300E+11     0.132150E+11     0.118851E+11     0.876900E+10     0.876900E+10     0.876900E+10     0.876900E+10     0.649590E+10     0.517300E+10     0.511459E+10     0.488400E+10     0.529124E+10     0.593900E+10     0.593900E+10     0.604961E+10     0.597482E+10     0.580363E+10     0.583225E+10     0.576089E+10     0.569794E+10     0.576200E+10     0.613738E+10     0.613675E+10     0.611297E+10     0.633782E+10     0.579218E+10     0.571258E+10     0.507971E+10     0.462757E+10     0.470872E+10     0.471354E+10     0.471600E+10     0.471600E+10     0.471600E+10     0.467427E+10     0.461634E+10     0.445200E+10     0.439779E+10     0.431300E+10     0.416337E+10     0.399734E+10     0.411000E+10     0.394882E+10     0.449760E+10     0.443618E+10     0.450456E+10     0.402317E+10     0.371441E+10     0.379969E+10     0.470965E+10     0.530469E+10     0.550678E+10     0.506154E+10     0.486658E+10     0.472205E+10     0.420498E+10     0.407000E+10     0.389900E+10     0.384700E+10     0.385100E+10     0.381988E+10     0.377400E+10     0.372202E+10     0.369800E+10     0.379177E+10     0.384605E+10     0.382800E+10     0.380067E+10     0.350936E+10     0.324800E+10     0.327885E+10     0.352013E+10     0.349341E+10     0.359063E+10     0.356600E+10     0.354462E+10     0.303094E+10     0.193100E+10     0.183800E+10     0.183800E+10     0.183800E+10     0.183800E+10     0.183800E+10     0.183800E+10     0.183800E+10     0.183800E+10     0.183800E+10     0.183800E+10     0.183800E+10     0.183800E+10     0.183800E+10     0.183800E+10     0.183800E+10     0.183800E+10     0.183800E+10     0.183800E+10     0.183800E+10     0.100000E+21
 0.400000E+04     0.210180E+11     0.197576E+11     0.139863E+11     0.154263E+11     0.162340E+11     0.162340E+11     0.158870E+11     0.158870E+11     0.181860E+11     0.181860E+11     0.181860E+11     0.181860E+11     0.140470E+11     0.108580E+11     0.108580E+11     0.108580E+11     0.113133E+11     0.120000E+11     0.120000E+11     0.117419E+11     0.116110E+11     0.102381E+11     0.943700E+10     0.943700E+10     0.943700E+10     0.943700E+10     0.943700E+10     0.112300E+11     0.112300E+11     0.132150E+11     0.104814E+11     0.876900E+10     0.876900E+10     0.876900E+10     0.876900E+10     0.664935E+10     0.517300E+10     0.508745E+10     0.488400E+10     0.533000E+10     0.593900E+10     0.623621E+10     0.637928E+10     0.617900E+10     0.598350E+10     0.580260E+10     0.570716E+10     0.557301E+10     0.561898E+10     0.556677E+10     0.548270E+10     0.552100E+10     0.583429E+10     0.592185E+10     0.570222E+10     0.521174E+10     0.470020E+10     0.470100E+10     0.470649E+10     0.471600E+10     0.471600E+10     0.471600E+10     0.471600E+10     0.471600E+10     0.455768E+10     0.444233E+10     0.431300E+10     0.421868E+10     0.417700E+10     0.411000E+10     0.393026E+10     0.384476E+10     0.387996E+10     0.434774E+10     0.433946E+10     0.405809E+10     0.365546E+10     0.341371E+10     0.452639E+10     0.452700E+10     0.481899E+10     0.485195E+10     0.474843E+10     0.435309E+10     0.407000E+10     0.389900E+10     0.380260E+10     0.373863E+10     0.378412E+10     0.377400E+10     0.372040E+10     0.369800E+10     0.366100E+10     0.373666E+10     0.373184E+10     0.376242E+10     0.375100E+10     0.343279E+10     0.342201E+10     0.326826E+10     0.324578E+10     0.350326E+10     0.356600E+10     0.354570E+10     0.291738E+10     0.193100E+10     0.183800E+10     0.183800E+10     0.183800E+10     0.183800E+10     0.183800E+10     0.183800E+10     0.183800E+10     0.183800E+10     0.183800E+10     0.183800E+10     0.183800E+10     0.183800E+10     0.183800E+10     0.183800E+10     0.183800E+10     0.183800E+10     0.183800E+10     0.183800E+10     0.183800E+10     0.100000E+21
 0.402000E+04     0.210180E+11     0.204522E+11     0.152193E+11     0.132540E+11     0.162340E+11     0.162340E+11     0.158870E+11     0.158870E+11     0.169106E+11     0.181860E+11     0.181860E+11     0.181860E+11     0.140684E+11     0.108580E+11     0.108580E+11     0.108580E+11     0.113188E+11     0.120000E+11     0.120000E+11     0.117454E+11     0.116110E+11     0.102561E+11     0.943700E+10     0.943700E+10     0.943700E+10     0.980295E+10     0.104282E+11     0.112300E+11     0.112300E+11     0.132150E+11     0.876900E+10     0.876900E+10     0.876900E+10     0.876900E+10     0.876900E+10     0.666442E+10     0.517300E+10     0.508432E+10     0.488400E+10     0.570863E+10     0.683356E+10     0.714401E+10     0.682416E+10     0.645810E+10     0.642903E+10     0.661511E+10     0.592700E+10     0.577429E+10     0.560217E+10     0.555176E+10     0.528431E+10     0.532687E+10     0.528840E+10     0.915967E+10     0.946001E+10     0.514817E+10     0.469900E+10     0.469993E+10     0.470059E+10     0.470768E+10     0.471600E+10     0.471600E+10     0.471600E+10     0.471600E+10     0.471600E+10     0.461777E+10     0.453649E+10     0.421830E+10     0.417700E+10     0.411000E+10     0.406672E+10     0.382877E+10     0.387662E+10     0.371875E+10     0.378400E+10     0.399132E+10     0.431972E+10     0.395681E+10     0.366351E+10     0.326360E+10     0.414111E+10     0.460991E+10     0.449869E+10     0.441403E+10     0.441457E+10     0.389900E+10     0.380319E+10     0.357000E+10     0.357958E+10     0.377400E+10     0.372024E+10     0.369800E+10     0.366100E+10     0.363582E+10     0.358600E+10     0.362900E+10     0.375100E+10     0.371300E+10     0.369017E+10     0.343273E+10     0.325122E+10     0.325863E+10     0.337513E+10     0.346620E+10     0.290451E+10     0.193100E+10     0.183800E+10     0.183800E+10     0.183800E+10     0.183800E+10     0.183800E+10     0.183800E+10     0.183800E+10     0.183800E+10     0.183800E+10     0.183800E+10     0.183800E+10     0.183800E+10     0.183800E+10     0.183800E+10     0.183800E+10     0.183800E+10     0.183800E+10     0.183800E+10     0.183800E+10     0.100000E+21
 0.404000E+04     0.221621E+11     0.214666E+11     0.172325E+11     0.132540E+11     0.162340E+11     0.162340E+11     0.155789E+11     0.157885E+11     0.158870E+11     0.181860E+11     0.181860E+11     0.181860E+11     0.138224E+11     0.108580E+11     0.108580E+11     0.108580E+11     0.112581E+11     0.120000E+11     0.118154E+11     0.116616E+11     0.116110E+11     0.100818E+11     0.943700E+10     0.943700E+10     0.943700E+10     0.996081E+10     0.112300E+11     0.115422E+11     0.121591E+11     0.132150E+11     0.876900E+10     0.876900E+10     0.876900E+10     0.876900E+10     0.876900E+10     0.649651E+10     0.517300E+10     0.511410E+10     0.488400E+10     0.677601E+10     0.761200E+10     0.751600E+10     0.713828E+10     0.698450E+10     0.677886E+10     0.691583E+10     0.628160E+10     0.635011E+10     0.627595E+10     0.586328E+10     0.539171E+10     0.533405E+10     0.722806E+10     0.119710E+11     0.119710E+11     0.783044E+10     0.528552E+10     0.469900E+10     0.469970E+10     0.470100E+10     0.470902E+10     0.470884E+10     0.471600E+10     0.471600E+10     0.471600E+10     0.471600E+10     0.471600E+10     0.446144E+10     0.444111E+10     0.411000E+10     0.406120E+10     0.397800E+10     0.393141E+10     0.365872E+10     0.363446E+10     0.368670E+10     0.411972E+10     0.407671E+10     0.422728E+10     0.372991E+10     0.321968E+10     0.400281E+10     0.399880E+10     0.428191E+10     0.431553E+10     0.419629E+10     0.408790E+10     0.357000E+10     0.344340E+10     0.352832E+10     0.372201E+10     0.369800E+10     0.366100E+10     0.363233E+10     0.358600E+10     0.356009E+10     0.363414E+10     0.371300E+10     0.368776E+10     0.363800E+10     0.343661E+10     0.312331E+10     0.315385E+10     0.327716E+10     0.302968E+10     0.193100E+10     0.183800E+10     0.183800E+10     0.183800E+10     0.183800E+10     0.183800E+10     0.183800E+10     0.183800E+10     0.183800E+10     0.183800E+10     0.183800E+10     0.183800E+10     0.183800E+10     0.183800E+10     0.183800E+10     0.183800E+10     0.183800E+10     0.183800E+10     0.183800E+10     0.183800E+10     0.100000E+21
 0.406000E+04     0.234760E+11     0.219372E+11     0.197381E+11     0.181065E+11     0.162340E+11     0.162340E+11     0.152580E+11     0.156894E+11     0.158870E+11     0.181860E+11     0.181860E+11     0.181860E+11     0.138590E+11     0.108580E+11     0.108580E+11     0.108580E+11     0.118168E+11     0.120000E+11     0.116110E+11     0.116110E+11     0.975110E+10     0.966443E+10     0.943700E+10     0.943700E+10     0.943700E+10     0.110634E+11     0.112300E+11     0.118570E+11     0.132150E+11     0.132150E+11     0.876900E+10     0.876900E+10     0.876900E+10     0.876900E+10     0.876900E+10     0.651210E+10     0.517300E+10     0.570589E+10     0.134495E+11     0.112987E+11     0.761200E+10     0.751600E+10     0.743902E+10     0.732700E+10     0.718010E+10     0.699155E+10     0.668200E+10     0.672244E+10     0.670824E+10     0.665647E+10     0.717631E+10     0.973520E+10     0.996650E+10     0.110108E+11     0.119710E+11     0.113552E+11     0.107616E+11     0.553215E+10     0.558510E+10     0.469939E+10     0.469948E+10     0.470100E+10     0.470580E+10     0.470580E+10     0.471600E+10     0.471600E+10     0.471600E+10     0.471600E+10     0.471600E+10     0.459450E+10     0.415208E+10     0.397800E+10     0.392917E+10     0.377639E+10     0.373919E+10     0.278797E+10     0.364348E+10     0.359500E+10     0.391065E+10     0.436100E+10     0.391154E+10     0.306510E+10     0.303661E+10     0.348847E+10     0.423435E+10     0.398670E+10     0.387186E+10     0.401840E+10     0.347290E+10     0.325700E+10     0.342976E+10     0.369800E+10     0.366100E+10     0.363102E+10     0.358600E+10     0.355957E+10     0.351200E+10     0.351430E+10     0.364197E+10     0.363800E+10     0.360895E+10     0.332886E+10     0.307600E+10     0.308033E+10     0.286302E+10     0.193100E+10     0.183800E+10     0.183800E+10     0.183800E+10     0.183800E+10     0.183800E+10     0.183800E+10     0.183800E+10     0.183800E+10     0.183800E+10     0.183800E+10     0.183800E+10     0.183800E+10     0.183800E+10     0.183800E+10     0.183800E+10     0.183800E+10     0.183800E+10     0.183800E+10     0.183800E+10     0.100000E+21
 0.408000E+04     0.234760E+11     0.234760E+11     0.210180E+11     0.210180E+11     0.162340E+11     0.162340E+11     0.152580E+11     0.156943E+11     0.158870E+11     0.181860E+11     0.181860E+11     0.181860E+11     0.138067E+11     0.108580E+11     0.108580E+11     0.108580E+11     0.120000E+11     0.120000E+11     0.116110E+11     0.116110E+11     0.943700E+10     0.943700E+10     0.943700E+10     0.943700E+10     0.943700E+10     0.112300E+11     0.112300E+11     0.132150E+11     0.132150E+11     0.876900E+10     0.876900E+10     0.876900E+10     0.876900E+10     0.876900E+10     0.517300E+10     0.517300E+10     0.517300E+10     0.205570E+11     0.205570E+11     0.158870E+11     0.158870E+11     0.158870E+11     0.907343E+10     0.732700E+10     0.726027E+10     0.714000E+10     0.704700E+10     0.698228E+10     0.668200E+10     0.103759E+11     0.115710E+11     0.115710E+11     0.108622E+11     0.104190E+11     0.104190E+11     0.119710E+11     0.119710E+11     0.119710E+11     0.119710E+11     0.593900E+10     0.469900E+10     0.469900E+10     0.469984E+10     0.470100E+10     0.470100E+10     0.470100E+10     0.471600E+10     0.471600E+10     0.471600E+10     0.471600E+10     0.471600E+10     0.471600E+10     0.412454E+10     0.382338E+10     0.378400E+10     0.374216E+10     0.183800E+10     0.183800E+10     0.351638E+10     0.347300E+10     0.429400E+10     0.420785E+10     0.416100E+10     0.297569E+10     0.309400E+10     0.415300E+10     0.379520E+10     0.341400E+10     0.389280E+10     0.325700E+10     0.305424E+10     0.296200E+10     0.366100E+10     0.363110E+10     0.358600E+10     0.355944E+10     0.351200E+10     0.347600E+10     0.345109E+10     0.363800E+10     0.360968E+10     0.355190E+10     0.352700E+10     0.323794E+10     0.271407E+10     0.193100E+10     0.183800E+10     0.183800E+10     0.183800E+10     0.183800E+10     0.183800E+10     0.183800E+10     0.183800E+10     0.183800E+10     0.183800E+10     0.183800E+10     0.183800E+10     0.183800E+10     0.183800E+10     0.183800E+10     0.183800E+10     0.183800E+10     0.183800E+10     0.183800E+10     0.183800E+10     0.100000E+21
 0.410000E+04     0.234760E+11     0.234760E+11     0.210180E+11     0.210180E+11     0.162340E+11     0.162340E+11     0.152580E+11     0.156648E+11     0.158870E+11     0.177499E+11     0.181860E+11     0.181860E+11     0.139728E+11     0.108580E+11     0.108580E+11     0.108580E+11     0.119377E+11     0.118509E+11     0.116110E+11     0.116110E+11     0.943700E+10     0.943700E+10     0.943700E+10     0.943700E+10     0.979984E+10     0.114984E+11     0.118344E+11     0.125430E+11     0.118782E+11     0.876900E+10     0.876900E+10     0.876900E+10     0.876900E+10     0.876900E+10     0.517300E+10     0.517300E+10     0.785017E+10     0.196785E+11     0.205570E+11     0.168326E+11     0.158870E+11     0.158870E+11     0.114184E+11     0.732700E+10     0.726517E+10     0.714000E+10     0.704700E+10     0.698700E+10     0.640470E+10     0.877586E+10     0.103602E+11     0.115710E+11     0.111264E+11     0.106329E+11     0.104190E+11     0.116653E+11     0.119710E+11     0.119710E+11     0.119710E+11     0.778839E+10     0.621628E+10     0.508902E+10     0.469952E+10     0.470024E+10     0.470037E+10     0.470076E+10     0.471140E+10     0.471063E+10     0.471025E+10     0.471600E+10     0.471600E+10     0.471600E+10     0.433042E+10     0.382166E+10     0.378400E+10     0.374449E+10     0.216048E+10     0.183800E+10     0.317350E+10     0.347300E+10     0.395876E+10     0.420441E+10     0.416100E+10     0.318293E+10     0.303068E+10     0.365069E+10     0.367088E+10     0.353822E+10     0.374324E+10     0.342753E+10     0.304961E+10     0.296200E+10     0.339864E+10     0.352614E+10     0.358600E+10     0.356156E+10     0.351200E+10     0.347600E+10     0.345276E+10     0.356674E+10     0.358168E+10     0.355037E+10     0.352700E+10     0.333927E+10     0.264585E+10     0.193100E+10     0.183800E+10     0.183800E+10     0.183800E+10     0.183800E+10     0.183800E+10     0.183800E+10     0.183800E+10     0.183800E+10     0.183800E+10     0.183800E+10     0.183800E+10     0.183800E+10     0.183800E+10     0.183800E+10     0.183800E+10     0.183800E+10     0.183800E+10     0.183800E+10     0.183800E+10     0.100000E+21
 0.412000E+04     0.234760E+11     0.234760E+11     0.210180E+11     0.210180E+11     0.162340E+11     0.162340E+11     0.152580E+11     0.156459E+11     0.158870E+11     0.166344E+11     0.181860E+11     0.181860E+11     0.140724E+11     0.108580E+11     0.108580E+11     0.113834E+11     0.117354E+11     0.116110E+11     0.116110E+11     0.109666E+11     0.943700E+10     0.943700E+10     0.943700E+10     0.943700E+10     0.105226E+11     0.120017E+11     0.132150E+11     0.102479E+11     0.876900E+10     0.876900E+10     0.876900E+10     0.876900E+10     0.817466E+10     0.711406E+10     0.517300E+10     0.517300E+10     0.137760E+11     0.159674E+11     0.184075E+11     0.195224E+11     0.181027E+11     0.158870E+11     0.158870E+11     0.112621E+11     0.882786E+10     0.714000E+10     0.704700E+10     0.690714E+10     0.548235E+10     0.543270E+10     0.683705E+10     0.878875E+10     0.103256E+11     0.113443E+11     0.109489E+11     0.107025E+11     0.112572E+11     0.112343E+11     0.116756E+11     0.119710E+11     0.109873E+11     0.871608E+10     0.684157E+10     0.528643E+10     0.469900E+10     0.469975E+10     0.470008E+10     0.470044E+10     0.470100E+10     0.470910E+10     0.470901E+10     0.471600E+10     0.471600E+10     0.405217E+10     0.378400E+10     0.374594E+10     0.328213E+10     0.264746E+10     0.215304E+10     0.272134E+10     0.341300E+10     0.395226E+10     0.416100E+10     0.388087E+10     0.341630E+10     0.283800E+10     0.317291E+10     0.341148E+10     0.341877E+10     0.348519E+10     0.319148E+10     0.296200E+10     0.282000E+10     0.306913E+10     0.358600E+10     0.356294E+10     0.351200E+10     0.347600E+10     0.345383E+10     0.340400E+10     0.352441E+10     0.354940E+10     0.352700E+10     0.350683E+10     0.260123E+10     0.193100E+10     0.183800E+10     0.183800E+10     0.183800E+10     0.183800E+10     0.183800E+10     0.183800E+10     0.183800E+10     0.183800E+10     0.183800E+10     0.183800E+10     0.183800E+10     0.183800E+10     0.183800E+10     0.183800E+10     0.183800E+10     0.183800E+10     0.183800E+10     0.183800E+10     0.183800E+10     0.100000E+21
 0.414000E+04     0.140400E+11     0.200235E+11     0.228383E+11     0.210180E+11     0.162340E+11     0.162340E+11     0.152580E+11     0.156936E+11     0.158870E+11     0.163116E+11     0.181860E+11     0.181860E+11     0.138081E+11     0.108580E+11     0.118173E+11     0.120000E+11     0.116110E+11     0.116110E+11     0.943700E+10     0.943700E+10     0.943700E+10     0.943700E+10     0.101617E+11     0.112300E+11     0.112300E+11     0.132150E+11     0.132150E+11     0.876900E+10     0.876900E+10     0.876900E+10     0.876900E+10     0.876900E+10     0.517300E+10     0.517300E+10     0.517300E+10     0.517300E+10     0.158870E+11     0.137760E+11     0.137760E+11     0.176775E+11     0.205570E+11     0.205570E+11     0.168229E+11     0.158870E+11     0.158870E+11     0.601100E+10     0.704700E+10     0.619317E+10     0.657800E+10     0.545501E+10     0.518332E+10     0.552100E+10     0.547180E+10     0.702715E+10     0.115710E+11     0.115710E+11     0.115710E+11     0.104190E+11     0.104190E+11     0.104190E+11     0.119710E+11     0.119710E+11     0.119710E+11     0.119710E+11     0.119710E+11     0.696994E+10     0.593900E+10     0.469900E+10     0.469900E+10     0.469900E+10     0.470049E+10     0.470100E+10     0.471198E+10     0.471600E+10     0.471600E+10     0.406545E+10     0.364220E+10     0.359500E+10     0.304173E+10     0.183800E+10     0.183800E+10     0.333580E+10     0.329400E+10     0.408297E+10     0.403100E+10     0.396700E+10     0.323756E+10     0.273100E+10     0.350617E+10     0.348600E+10     0.315197E+10     0.348000E+10     0.282000E+10     0.271199E+10     0.358600E+10     0.355952E+10     0.351200E+10     0.347600E+10     0.345112E+10     0.340400E+10     0.337674E+10     0.310989E+10     0.217900E+10     0.197583E+10     0.186370E+10     0.193100E+10     0.183800E+10     0.183800E+10     0.183800E+10     0.183800E+10     0.183800E+10     0.183800E+10     0.183800E+10     0.183800E+10     0.183800E+10     0.183800E+10     0.183800E+10     0.183800E+10     0.183800E+10     0.183800E+10     0.183800E+10     0.183800E+10     0.183800E+10     0.183800E+10     0.183800E+10     0.100000E+21
 0.416000E+04     0.140400E+11     0.197891E+11     0.227047E+11     0.210180E+11     0.162340E+11     0.162340E+11     0.152580E+11     0.156713E+11     0.158870E+11     0.164621E+11     0.181860E+11     0.181860E+11     0.139412E+11     0.116720E+11     0.118822E+11     0.117198E+11     0.116110E+11     0.116110E+11     0.943700E+10     0.943700E+10     0.943700E+10     0.943700E+10     0.108873E+11     0.112300E+11     0.121264E+11     0.123798E+11     0.996409E+10     0.876900E+10     0.876900E+10     0.876900E+10     0.808255E+10     0.612538E+10     0.517300E+10     0.517300E+10     0.565817E+10     0.535069E+10     0.820456E+10     0.150635E+11     0.137760E+11     0.157913E+11     0.175937E+11     0.205570E+11     0.197672E+11     0.158870E+11     0.111303E+11     0.601100E+10     0.622895E+10     0.656658E+10     0.597807E+10     0.571244E+10     0.567469E+10     0.508405E+10     0.532905E+10     0.614920E+10     0.693017E+10     0.115710E+11     0.115710E+11     0.111486E+11     0.111834E+11     0.104190E+11     0.108378E+11     0.108659E+11     0.119710E+11     0.119710E+11     0.119710E+11     0.109820E+11     0.103071E+11     0.526072E+10     0.469900E+10     0.469900E+10     0.469936E+10     0.469952E+10     0.470313E+10     0.471600E+10     0.471600E+10     0.409363E+10     0.363841E+10     0.359500E+10     0.297583E+10     0.183800E+10     0.183800E+10     0.259755E+10     0.329400E+10     0.358886E+10     0.403100E+10     0.396700E+10     0.371487E+10     0.273100E+10     0.284756E+10     0.348600E+10     0.331853E+10     0.348000E+10     0.282000E+10     0.271967E+10     0.282291E+10     0.255190E+10     0.248085E+10     0.236045E+10     0.244407E+10     0.259310E+10     0.247261E+10     0.238360E+10     0.217900E+10     0.198193E+10     0.186790E+10     0.193100E+10     0.183800E+10     0.183800E+10     0.183800E+10     0.183800E+10     0.183800E+10     0.183800E+10     0.183800E+10     0.183800E+10     0.183800E+10     0.183800E+10     0.183800E+10     0.183800E+10     0.183800E+10     0.183800E+10     0.183800E+10     0.183800E+10     0.183800E+10     0.183800E+10     0.183800E+10     0.100000E+21
 0.418000E+04     0.140400E+11     0.200282E+11     0.229260E+11     0.210180E+11     0.162340E+11     0.162340E+11     0.152580E+11     0.156968E+11     0.158870E+11     0.161898E+11     0.181860E+11     0.181860E+11     0.181860E+11     0.120000E+11     0.116364E+11     0.116110E+11     0.108639E+11     0.943700E+10     0.943700E+10     0.943700E+10     0.943700E+10     0.107664E+11     0.120333E+11     0.132150E+11     0.132150E+11     0.876900E+10     0.876900E+10     0.876900E+10     0.876900E+10     0.876900E+10     0.517300E+10     0.517300E+10     0.531718E+10     0.593900E+10     0.593900E+10     0.545161E+10     0.517300E+10     0.158870E+11     0.158870E+11     0.137760E+11     0.137760E+11     0.158870E+11     0.198050E+11     0.580500E+10     0.601272E+10     0.601100E+10     0.592700E+10     0.586747E+10     0.686500E+10     0.679228E+10     0.584794E+10     0.631600E+10     0.541769E+10     0.490407E+10     0.528500E+10     0.518969E+10     0.513100E+10     0.115710E+11     0.115710E+11     0.115710E+11     0.104190E+11     0.104190E+11     0.110746E+11     0.119710E+11     0.119710E+11     0.119710E+11     0.119710E+11     0.100211E+11     0.593900E+10     0.593900E+10     0.499383E+10     0.469900E+10     0.469900E+10     0.470678E+10     0.471600E+10     0.471600E+10     0.364534E+10     0.359500E+10     0.351675E+10     0.347300E+10     0.183800E+10     0.183800E+10     0.183800E+10     0.322666E+10     0.317800E+10     0.396700E+10     0.392754E+10     0.273100E+10     0.268057E+10     0.284700E+10     0.209945E+10     0.208800E+10     0.207000E+10     0.190846E+10     0.203500E+10     0.202190E+10     0.189800E+10     0.188300E+10     0.192336E+10     0.229500E+10     0.227929E+10     0.209395E+10     0.217900E+10     0.216828E+10     0.186205E+10     0.193100E+10     0.183800E+10     0.183800E+10     0.183800E+10     0.183800E+10     0.183800E+10     0.183800E+10     0.183800E+10     0.183800E+10     0.183800E+10     0.183800E+10     0.183800E+10     0.183800E+10     0.183800E+10     0.183800E+10     0.183800E+10     0.183800E+10     0.183800E+10     0.183800E+10     0.183800E+10     0.100000E+21
 0.420000E+04     0.140400E+11     0.199156E+11     0.228076E+11     0.210180E+11     0.162340E+11     0.162340E+11     0.152580E+11     0.156847E+11     0.158870E+11     0.163465E+11     0.181860E+11     0.181860E+11     0.181860E+11     0.117245E+11     0.116421E+11     0.116110E+11     0.987418E+10     0.943700E+10     0.943700E+10     0.943700E+10     0.108218E+11     0.110081E+11     0.128125E+11     0.132150E+11     0.111717E+11     0.876900E+10     0.876900E+10     0.876900E+10     0.876900E+10     0.652966E+10     0.517300E+10     0.517300E+10     0.517768E+10     0.593900E+10     0.593900E+10     0.546087E+10     0.517300E+10     0.158870E+11     0.158870E+11     0.137760E+11     0.137760E+11     0.158870E+11     0.103916E+11     0.580500E+10     0.581915E+10     0.601100E+10     0.592700E+10     0.586931E+10     0.601241E+10     0.662819E+10     0.616990E+10     0.569949E+10     0.580196E+10     0.558259E+10     0.483751E+10     0.518734E+10     0.513100E+10     0.755872E+10     0.103061E+11     0.115710E+11     0.113055E+11     0.112330E+11     0.106906E+11     0.110040E+11     0.108743E+11     0.118127E+11     0.119710E+11     0.110923E+11     0.965325E+10     0.103426E+11     0.661879E+10     0.469900E+10     0.469900E+10     0.470347E+10     0.470437E+10     0.471290E+10     0.426289E+10     0.359500E+10     0.351540E+10     0.347300E+10     0.281363E+10     0.183800E+10     0.183800E+10     0.322350E+10     0.317800E+10     0.276391E+10     0.277391E+10     0.258794E+10     0.255228E+10     0.259089E+10     0.209924E+10     0.208800E+10     0.207000E+10     0.191725E+10     0.203500E+10     0.202237E+10     0.196152E+10     0.188300E+10     0.192226E+10     0.201200E+10     0.222522E+10     0.216167E+10     0.206821E+10     0.213348E+10     0.186496E+10     0.193100E+10     0.183800E+10     0.183800E+10     0.183800E+10     0.183800E+10     0.183800E+10     0.183800E+10     0.183800E+10     0.183800E+10     0.183800E+10     0.183800E+10     0.183800E+10     0.183800E+10     0.183800E+10     0.183800E+10     0.183800E+10     0.183800E+10     0.183800E+10     0.183800E+10     0.183800E+10     0.100000E+21
 0.422000E+04     0.140400E+11     0.196322E+11     0.225885E+11     0.210180E+11     0.162340E+11     0.162340E+11     0.152580E+11     0.155089E+11     0.158870E+11     0.165810E+11     0.181860E+11     0.181860E+11     0.181860E+11     0.116110E+11     0.111003E+11     0.108129E+11     0.943700E+10     0.943700E+10     0.943700E+10     0.985525E+10     0.112300E+11     0.116763E+11     0.123773E+11     0.115974E+11     0.971116E+10     0.876900E+10     0.876900E+10     0.817196E+10     0.745952E+10     0.517300E+10     0.517300E+10     0.517300E+10     0.521953E+10     0.593900E+10     0.593900E+10     0.548421E+10     0.517300E+10     0.158870E+11     0.158870E+11     0.142531E+11     0.137760E+11     0.123688E+11     0.771301E+10     0.580500E+10     0.575256E+10     0.585772E+10     0.592700E+10     0.587379E+10     0.576200E+10     0.617157E+10     0.641365E+10     0.591223E+10     0.619297E+10     0.566985E+10     0.520130E+10     0.496218E+10     0.492352E+10     0.505500E+10     0.756570E+10     0.913006E+10     0.115710E+11     0.115710E+11     0.106740E+11     0.104190E+11     0.104190E+11     0.111495E+11     0.119710E+11     0.119710E+11     0.119710E+11     0.119710E+11     0.937901E+10     0.515052E+10     0.489649E+10     0.470055E+10     0.470100E+10     0.470664E+10     0.430947E+10     0.359500E+10     0.351211E+10     0.347300E+10     0.383669E+10     0.268408E+10     0.265846E+10     0.350845E+10     0.343847E+10     0.209294E+10     0.209427E+10     0.238326E+10     0.246297E+10     0.249000E+10     0.218163E+10     0.208800E+10     0.207000E+10     0.197677E+10     0.196985E+10     0.199466E+10     0.200000E+10     0.188300E+10     0.190261E+10     0.192500E+10     0.207010E+10     0.217211E+10     0.203500E+10     0.210640E+10     0.194004E+10     0.193100E+10     0.183800E+10     0.183800E+10     0.183800E+10     0.183800E+10     0.183800E+10     0.183800E+10     0.183800E+10     0.183800E+10     0.183800E+10     0.183800E+10     0.183800E+10     0.183800E+10     0.183800E+10     0.183800E+10     0.183800E+10     0.183800E+10     0.183800E+10     0.183800E+10     0.183800E+10     0.100000E+21
 0.424000E+04     0.234760E+11     0.219608E+11     0.229274E+11     0.210180E+11     0.162340E+11     0.162340E+11     0.152580E+11     0.155641E+11     0.158870E+11     0.161877E+11     0.181860E+11     0.181860E+11     0.181860E+11     0.101029E+11     0.950062E+10     0.943700E+10     0.943700E+10     0.943700E+10     0.107268E+11     0.110548E+11     0.130059E+11     0.129870E+11     0.974485E+10     0.876900E+10     0.876900E+10     0.876900E+10     0.876900E+10     0.593526E+10     0.517300E+10     0.517300E+10     0.512968E+10     0.492887E+10     0.576922E+10     0.593900E+10     0.593900E+10     0.545124E+10     0.517300E+10     0.158870E+11     0.158870E+11     0.137485E+11     0.101110E+11     0.635100E+10     0.627879E+10     0.610588E+10     0.580439E+10     0.564200E+10     0.563860E+10     0.581096E+10     0.576200E+10     0.569722E+10     0.618127E+10     0.659600E+10     0.654186E+10     0.605052E+10     0.531856E+10     0.556074E+10     0.554493E+10     0.472240E+10     0.490402E+10     0.490500E+10     0.612198E+10     0.115710E+11     0.113625E+11     0.111114E+11     0.104190E+11     0.104190E+11     0.108127E+11     0.119710E+11     0.119710E+11     0.119710E+11     0.119710E+11     0.117101E+11     0.654567E+10     0.469934E+10     0.469914E+10     0.518544E+10     0.428097E+10     0.418650E+10     0.406474E+10     0.382067E+10     0.419898E+10     0.417595E+10     0.392006E+10     0.402255E+10     0.388400E+10     0.219800E+10     0.207708E+10     0.213200E+10     0.212317E+10     0.249000E+10     0.240484E+10     0.230265E+10     0.207000E+10     0.205619E+10     0.200721E+10     0.200011E+10     0.200000E+10     0.196487E+10     0.188911E+10     0.192500E+10     0.191258E+10     0.218497E+10     0.203500E+10     0.205588E+10     0.208829E+10     0.193100E+10     0.183800E+10     0.183800E+10     0.183800E+10     0.183800E+10     0.183800E+10     0.183800E+10     0.183800E+10     0.183800E+10     0.183800E+10     0.183800E+10     0.183800E+10     0.183800E+10     0.183800E+10     0.183800E+10     0.183800E+10     0.183800E+10     0.183800E+10     0.183800E+10     0.183800E+10     0.100000E+21
 0.426000E+04     0.234760E+11     0.234760E+11     0.215550E+11     0.210180E+11     0.162340E+11     0.162340E+11     0.152580E+11     0.156546E+11     0.158870E+11     0.165810E+11     0.181860E+11     0.181860E+11     0.181860E+11     0.943700E+10     0.943700E+10     0.943700E+10     0.982979E+10     0.104819E+11     0.112300E+11     0.121023E+11     0.103866E+11     0.104803E+11     0.876900E+10     0.876900E+10     0.876900E+10     0.802540E+10     0.649730E+10     0.517300E+10     0.517300E+10     0.517300E+10     0.494993E+10     0.488400E+10     0.593900E+10     0.593900E+10     0.549243E+10     0.531021E+10     0.517300E+10     0.158870E+11     0.158870E+11     0.848445E+10     0.662564E+10     0.708619E+10     0.648637E+10     0.617900E+10     0.603922E+10     0.585772E+10     0.556200E+10     0.574280E+10     0.576200E+10     0.571037E+10     0.575754E+10     0.591223E+10     0.591337E+10     0.622196E+10     0.595203E+10     0.547824E+10     0.541070E+10     0.526233E+10     0.485739E+10     0.490500E+10     0.574052E+10     0.727466E+10     0.115710E+11     0.115710E+11     0.104190E+11     0.104190E+11     0.104190E+11     0.113689E+11     0.119710E+11     0.119710E+11     0.119710E+11     0.667988E+10     0.554692E+10     0.562969E+10     0.540948E+10     0.590499E+10     0.482731E+10     0.424800E+10     0.426500E+10     0.424141E+10     0.394337E+10     0.429988E+10     0.417833E+10     0.392350E+10     0.396351E+10     0.315985E+10     0.253512E+10     0.204046E+10     0.209710E+10     0.224036E+10     0.246187E+10     0.245000E+10     0.207000E+10     0.205841E+10     0.203500E+10     0.195098E+10     0.200000E+10     0.198200E+10     0.191023E+10     0.187952E+10     0.190059E+10     0.207523E+10     0.216478E+10     0.207476E+10     0.206672E+10     0.193100E+10     0.183800E+10     0.183800E+10     0.183800E+10     0.183800E+10     0.183800E+10     0.183800E+10     0.183800E+10     0.183800E+10     0.183800E+10     0.183800E+10     0.183800E+10     0.183800E+10     0.183800E+10     0.183800E+10     0.183800E+10     0.183800E+10     0.183800E+10     0.183800E+10     0.183800E+10     0.100000E+21
 0.428000E+04     0.234760E+11     0.234760E+11     0.210180E+11     0.210180E+11     0.162340E+11     0.162340E+11     0.152580E+11     0.156847E+11     0.158870E+11     0.163465E+11     0.181860E+11     0.181860E+11     0.181860E+11     0.943700E+10     0.943700E+10     0.112300E+11     0.112300E+11     0.112300E+11     0.132150E+11     0.988114E+10     0.876900E+10     0.876900E+10     0.876900E+10     0.876900E+10     0.640040E+10     0.517300E+10     0.517300E+10     0.517300E+10     0.517300E+10     0.488400E+10     0.519862E+10     0.593900E+10     0.593900E+10     0.593900E+10     0.517300E+10     0.517300E+10     0.517300E+10     0.145242E+11     0.780700E+10     0.700554E+10     0.592200E+10     0.592200E+10     0.709798E+10     0.617900E+10     0.612071E+10     0.601100E+10     0.592700E+10     0.561768E+10     0.576200E+10     0.570230E+10     0.557225E+10     0.552100E+10     0.547261E+10     0.563586E+10     0.633400E+10     0.594834E+10     0.513100E+10     0.505500E+10     0.550064E+10     0.435500E+10     0.481740E+10     0.475800E+10     0.764016E+10     0.115710E+11     0.115710E+11     0.106336E+11     0.104190E+11     0.818346E+10     0.384000E+10     0.377600E+10     0.372990E+10     0.365000E+10     0.360542E+10     0.477454E+10     0.635500E+10     0.587389E+10     0.609610E+10     0.539300E+10     0.427499E+10     0.443000E+10     0.438900E+10     0.410851E+10     0.435000E+10     0.387663E+10     0.401000E+10     0.397000E+10     0.387117E+10     0.216100E+10     0.200305E+10     0.209500E+10     0.246248E+10     0.245000E+10     0.243100E+10     0.214086E+10     0.203500E+10     0.189886E+10     0.200000E+10     0.198200E+10     0.197049E+10     0.185300E+10     0.189547E+10     0.201242E+10     0.223900E+10     0.210866E+10     0.208155E+10     0.193100E+10     0.183800E+10     0.183800E+10     0.183800E+10     0.183800E+10     0.183800E+10     0.183800E+10     0.183800E+10     0.183800E+10     0.183800E+10     0.183800E+10     0.183800E+10     0.183800E+10     0.183800E+10     0.183800E+10     0.183800E+10     0.183800E+10     0.183800E+10     0.183800E+10     0.183800E+10     0.100000E+21
 0.430000E+04     0.234760E+11     0.234760E+11     0.207479E+11     0.189731E+11     0.162340E+11     0.162340E+11     0.152580E+11     0.156968E+11     0.158870E+11     0.161898E+11     0.181860E+11     0.181860E+11     0.181860E+11     0.943700E+10     0.110017E+11     0.112300E+11     0.124847E+11     0.124113E+11     0.100026E+11     0.920330E+10     0.876900E+10     0.876900E+10     0.794002E+10     0.563415E+10     0.569251E+10     0.517300E+10     0.517300E+10     0.517300E+10     0.517300E+10     0.488400E+10     0.517107E+10     0.593900E+10     0.586102E+10     0.539558E+10     0.517300E+10     0.517300E+10     0.128264E+11     0.156436E+11     0.780700E+10     0.739011E+10     0.693146E+10     0.592200E+10     0.613253E+10     0.710439E+10     0.629830E+10     0.601100E+10     0.592700E+10     0.560785E+10     0.576200E+10     0.569727E+10     0.557337E+10     0.552100E+10     0.547181E+10     0.545609E+10     0.534138E+10     0.611602E+10     0.589422E+10     0.505500E+10     0.516420E+10     0.532439E+10     0.438361E+10     0.475800E+10     0.590882E+10     0.736993E+10     0.115710E+11     0.565983E+10     0.657814E+10     0.611451E+10     0.461547E+10     0.473244E+10     0.389541E+10     0.365000E+10     0.360305E+10     0.466307E+10     0.635500E+10     0.609480E+10     0.560471E+10     0.605306E+10     0.473412E+10     0.422168E+10     0.438900E+10     0.395423E+10     0.403724E+10     0.417623E+10     0.386429E+10     0.397000E+10     0.386951E+10     0.216100E+10     0.213849E+10     0.209500E+10     0.229864E+10     0.245000E+10     0.243100E+10     0.212415E+10     0.203500E+10     0.189379E+10     0.190223E+10     0.198200E+10     0.197017E+10     0.185300E+10     0.184857E+10     0.194199E+10     0.192604E+10     0.210079E+10     0.208818E+10     0.193100E+10     0.183800E+10     0.183800E+10     0.183800E+10     0.183800E+10     0.183800E+10     0.183800E+10     0.183800E+10     0.183800E+10     0.183800E+10     0.183800E+10     0.183800E+10     0.183800E+10     0.183800E+10     0.183800E+10     0.183800E+10     0.183800E+10     0.183800E+10     0.183800E+10     0.183800E+10     0.100000E+21
 0.432000E+04     0.234760E+11     0.230066E+11     0.203458E+11     0.188760E+11     0.162340E+11     0.162340E+11     0.152580E+11     0.156713E+11     0.158870E+11     0.164621E+11     0.181860E+11     0.181860E+11     0.181860E+11     0.995203E+10     0.109963E+11     0.117851E+11     0.125361E+11     0.115832E+11     0.876900E+10     0.876900E+10     0.876900E+10     0.876900E+10     0.656394E+10     0.517300E+10     0.517300E+10     0.517300E+10     0.517300E+10     0.513162E+10     0.509610E+10     0.488400E+10     0.541600E+10     0.593900E+10     0.572993E+10     0.517300E+10     0.517300E+10     0.811018E+10     0.158870E+11     0.148624E+11     0.101142E+11     0.766971E+10     0.761200E+10     0.637847E+10     0.610269E+10     0.695037E+10     0.651718E+10     0.601100E+10     0.592700E+10     0.569531E+10     0.566720E+10     0.566193E+10     0.557099E+10     0.552100E+10     0.547351E+10     0.533824E+10     0.528500E+10     0.590444E+10     0.587593E+10     0.543012E+10     0.534938E+10     0.544377E+10     0.455273E+10     0.460250E+10     0.462155E+10     0.458116E+10     0.952094E+10     0.536102E+10     0.502194E+10     0.518948E+10     0.514200E+10     0.506800E+10     0.434850E+10     0.365000E+10     0.360768E+10     0.420721E+10     0.559835E+10     0.577331E+10     0.558923E+10     0.587774E+10     0.498537E+10     0.416700E+10     0.429370E+10     0.394826E+10     0.391777E+10     0.417599E+10     0.380200E+10     0.389472E+10     0.386338E+10     0.262015E+10     0.230988E+10     0.205567E+10     0.222286E+10     0.245000E+10     0.243100E+10     0.221787E+10     0.203500E+10     0.190423E+10     0.183800E+10     0.198200E+10     0.197085E+10     0.187907E+10     0.185443E+10     0.188961E+10     0.188000E+10     0.207650E+10     0.205012E+10     0.193100E+10     0.183800E+10     0.183800E+10     0.183800E+10     0.183800E+10     0.183800E+10     0.183800E+10     0.183800E+10     0.183800E+10     0.183800E+10     0.183800E+10     0.183800E+10     0.183800E+10     0.183800E+10     0.183800E+10     0.183800E+10     0.183800E+10     0.183800E+10     0.183800E+10     0.183800E+10     0.100000E+21
 0.434000E+04     0.234760E+11     0.219173E+11     0.204622E+11     0.188760E+11     0.162340E+11     0.162340E+11     0.152580E+11     0.156936E+11     0.158870E+11     0.163116E+11     0.181860E+11     0.181860E+11     0.181860E+11     0.124769E+11     0.126714E+11     0.103315E+11     0.990722E+10     0.876900E+10     0.876900E+10     0.876900E+10     0.620798E+10     0.649023E+10     0.517300E+10     0.517300E+10     0.517300E+10     0.513502E+10     0.496919E+10     0.495794E+10     0.488400E+10     0.547734E+10     0.593900E+10     0.593900E+10     0.535017E+10     0.517300E+10     0.111393E+11     0.170417E+11     0.158870E+11     0.158870E+11     0.158870E+11     0.106543E+11     0.761200E+10     0.751600E+10     0.710674E+10     0.592200E+10     0.625320E+10     0.664296E+10     0.592700E+10     0.586809E+10     0.566008E+10     0.546696E+10     0.557325E+10     0.552100E+10     0.547180E+10     0.534209E+10     0.528500E+10     0.518850E+10     0.513100E+10     0.550838E+10     0.584409E+10     0.484296E+10     0.457947E+10     0.425683E+10     0.456405E+10     0.452300E+10     0.445200E+10     0.439479E+10     0.431300E+10     0.478673E+10     0.514200E+10     0.506800E+10     0.501274E+10     0.365000E+10     0.360462E+10     0.350351E+10     0.346600E+10     0.420905E+10     0.573265E+10     0.519400E+10     0.552713E+10     0.472976E+10     0.412700E+10     0.418663E+10     0.379700E+10     0.403295E+10     0.409512E+10     0.376400E+10     0.386697E+10     0.376900E+10     0.239148E+10     0.206341E+10     0.213748E+10     0.223282E+10     0.243100E+10     0.241535E+10     0.203500E+10     0.189614E+10     0.183800E+10     0.188188E+10     0.194669E+10     0.195000E+10     0.186520E+10     0.186639E+10     0.188000E+10     0.208257E+10     0.207874E+10     0.193100E+10     0.183800E+10     0.183800E+10     0.183800E+10     0.183800E+10     0.183800E+10     0.183800E+10     0.183800E+10     0.183800E+10     0.183800E+10     0.183800E+10     0.183800E+10     0.183800E+10     0.183800E+10     0.183800E+10     0.183800E+10     0.183800E+10     0.183800E+10     0.183800E+10     0.183800E+10     0.100000E+21
 0.436000E+04     0.234760E+11     0.220417E+11     0.190841E+11     0.158416E+11     0.162340E+11     0.162340E+11     0.152580E+11     0.156459E+11     0.158870E+11     0.166344E+11     0.181860E+11     0.181860E+11     0.181860E+11     0.158976E+11     0.123314E+11     0.876900E+10     0.876900E+10     0.876900E+10     0.876900E+10     0.748693E+10     0.517300E+10     0.517300E+10     0.517300E+10     0.517300E+10     0.517300E+10     0.496361E+10     0.488400E+10     0.509300E+10     0.545402E+10     0.593900E+10     0.593900E+10     0.593900E+10     0.666876E+10     0.981676E+10     0.158870E+11     0.186165E+11     0.184080E+11     0.158870E+11     0.158870E+11     0.123539E+11     0.761200E+10     0.751600E+10     0.745252E+10     0.668111E+10     0.619419E+10     0.649955E+10     0.653210E+10     0.609086E+10     0.576200E+10     0.549338E+10     0.556857E+10     0.552100E+10     0.547523E+10     0.533335E+10     0.528500E+10     0.516290E+10     0.507862E+10     0.500457E+10     0.524268E+10     0.481100E+10     0.447206E+10     0.428000E+10     0.445119E+10     0.452300E+10     0.445200E+10     0.440501E+10     0.431300E+10     0.440192E+10     0.463504E+10     0.506800E+10     0.502031E+10     0.433638E+10     0.386163E+10     0.350090E+10     0.346600E+10     0.348898E+10     0.494309E+10     0.546634E+10     0.539033E+10     0.537065E+10     0.412700E+10     0.415060E+10     0.407201E+10     0.403715E+10     0.426700E+10     0.376400E+10     0.385970E+10     0.383539E+10     0.266452E+10     0.212400E+10     0.207052E+10     0.206000E+10     0.243100E+10     0.241778E+10     0.203500E+10     0.197370E+10     0.183800E+10     0.183800E+10     0.191622E+10     0.195000E+10     0.188154E+10     0.185457E+10     0.188000E+10     0.196466E+10     0.209887E+10     0.193100E+10     0.183800E+10     0.183800E+10     0.183800E+10     0.183800E+10     0.183800E+10     0.183800E+10     0.183800E+10     0.183800E+10     0.183800E+10     0.183800E+10     0.183800E+10     0.183800E+10     0.183800E+10     0.183800E+10     0.183800E+10     0.183800E+10     0.183800E+10     0.183800E+10     0.183800E+10     0.100000E+21
 0.438000E+04     0.234760E+11     0.219939E+11     0.173907E+11     0.132540E+11     0.162340E+11     0.162340E+11     0.152580E+11     0.156648E+11     0.158870E+11     0.165115E+11     0.181860E+11     0.181860E+11     0.181860E+11     0.181860E+11     0.111888E+11     0.876900E+10     0.797357E+10     0.655143E+10     0.628766E+10     0.564971E+10     0.517300E+10     0.517300E+10     0.517300E+10     0.517300E+10     0.504894E+10     0.488400E+10     0.488400E+10     0.572640E+10     0.593900E+10     0.593900E+10     0.593900E+10     0.593900E+10     0.132031E+11     0.137760E+11     0.158870E+11     0.168343E+11     0.205570E+11     0.185027E+11     0.158870E+11     0.144866E+11     0.127261E+11     0.751600E+10     0.744769E+10     0.732700E+10     0.700377E+10     0.592200E+10     0.626257E+10     0.654566E+10     0.576200E+10     0.564486E+10     0.542404E+10     0.552100E+10     0.547393E+10     0.500013E+10     0.521556E+10     0.510539E+10     0.503400E+10     0.495900E+10     0.491217E+10     0.481100E+10     0.467336E+10     0.454390E+10     0.425158E+10     0.428979E+10     0.445200E+10     0.440119E+10     0.431300E+10     0.422003E+10     0.417700E+10     0.506800E+10     0.501729E+10     0.492100E+10     0.463899E+10     0.350189E+10     0.346600E+10     0.342896E+10     0.427005E+10     0.569900E+10     0.523313E+10     0.569200E+10     0.454329E+10     0.416129E+10     0.430600E+10     0.393307E+10     0.426700E+10     0.404952E+10     0.389451E+10     0.389200E+10     0.347282E+10     0.212400E+10     0.201589E+10     0.206000E+10     0.243100E+10     0.241683E+10     0.228421E+10     0.209256E+10     0.183800E+10     0.183800E+10     0.186359E+10     0.195000E+10     0.192317E+10     0.184455E+10     0.185057E+10     0.186079E+10     0.211004E+10     0.193100E+10     0.183800E+10     0.183800E+10     0.183800E+10     0.183800E+10     0.183800E+10     0.183800E+10     0.183800E+10     0.183800E+10     0.183800E+10     0.183800E+10     0.183800E+10     0.183800E+10     0.183800E+10     0.183800E+10     0.183800E+10     0.183800E+10     0.183800E+10     0.183800E+10     0.183800E+10     0.100000E+21
 0.440000E+04     0.216533E+11     0.214330E+11     0.174449E+11     0.132540E+11     0.162340E+11     0.162340E+11     0.152580E+11     0.156943E+11     0.158870E+11     0.162968E+11     0.181860E+11     0.181860E+11     0.181860E+11     0.181860E+11     0.159596E+11     0.876900E+10     0.607722E+10     0.517300E+10     0.517300E+10     0.517300E+10     0.517300E+10     0.517300E+10     0.510959E+10     0.496308E+10     0.492807E+10     0.501873E+10     0.564687E+10     0.593900E+10     0.593900E+10     0.593900E+10     0.743401E+10     0.130826E+11     0.154369E+11     0.137760E+11     0.147028E+11     0.154739E+11     0.205570E+11     0.198870E+11     0.158870E+11     0.158870E+11     0.158870E+11     0.751600E+10     0.743954E+10     0.732700E+10     0.726027E+10     0.660895E+10     0.592200E+10     0.665738E+10     0.576200E+10     0.570080E+10     0.533206E+10     0.491507E+10     0.502832E+10     0.476041E+10     0.482718E+10     0.509095E+10     0.503400E+10     0.495900E+10     0.490908E+10     0.481100E+10     0.472609E+10     0.466500E+10     0.431422E+10     0.414800E+10     0.421779E+10     0.436288E+10     0.431300E+10     0.422287E+10     0.417700E+10     0.442991E+10     0.488598E+10     0.492100E+10     0.486803E+10     0.350353E+10     0.346600E+10     0.342678E+10     0.396299E+10     0.569900E+10     0.528985E+10     0.507362E+10     0.479900E+10     0.414982E+10     0.430600E+10     0.381904E+10     0.402223E+10     0.422600E+10     0.391755E+10     0.389200E+10     0.375410E+10     0.212400E+10     0.198430E+10     0.206000E+10     0.217994E+10     0.237177E+10     0.239100E+10     0.212253E+10     0.192982E+10     0.183800E+10     0.183800E+10     0.195000E+10     0.193852E+10     0.183800E+10     0.183800E+10     0.185409E+10     0.212713E+10     0.193100E+10     0.183800E+10     0.183800E+10     0.183800E+10     0.183800E+10     0.183800E+10     0.183800E+10     0.183800E+10     0.183800E+10     0.183800E+10     0.183800E+10     0.183800E+10     0.183800E+10     0.183800E+10     0.183800E+10     0.183800E+10     0.183800E+10     0.183800E+10     0.183800E+10     0.183800E+10     0.100000E+21
