 0.126000E+03    -0.250000E+04    -0.248000E+04    -0.246000E+04    -0.244000E+04    -0.242000E+04    -0.240000E+04    -0.238000E+04    -0.236000E+04    -0.234000E+04    -0.232000E+04    -0.230000E+04    -0.228000E+04    -0.226000E+04    -0.224000E+04    -0.222000E+04    -0.220000E+04    -0.218000E+04    -0.216000E+04    -0.214000E+04    -0.212000E+04    -0.210000E+04    -0.208000E+04    -0.206000E+04    -0.204000E+04    -0.202000E+04    -0.200000E+04    -0.198000E+04    -0.196000E+04    -0.194000E+04    -0.192000E+04    -0.190000E+04    -0.188000E+04    -0.186000E+04    -0.184000E+04    -0.182000E+04    -0.180000E+04    -0.178000E+04    -0.176000E+04    -0.174000E+04    -0.172000E+04    -0.170000E+04    -0.168000E+04    -0.166000E+04    -0.164000E+04    -0.162000E+04    -0.160000E+04    -0.158000E+04    -0.156000E+04    -0.154000E+04    -0.152000E+04    -0.150000E+04    -0.148000E+04    -0.146000E+04    -0.144000E+04    -0.142000E+04    -0.140000E+04    -0.138000E+04    -0.136000E+04    -0.134000E+04    -0.132000E+04    -0.130000E+04    -0.128000E+04    -0.126000E+04    -0.124000E+04    -0.122000E+04    -0.120000E+04    -0.118000E+04    -0.116000E+04    -0.114000E+04    -0.112000E+04    -0.110000E+04    -0.108000E+04    -0.106000E+04    -0.104000E+04    -0.102000E+04    -0.100000E+04    -0.980000E+03    -0.960000E+03    -0.940000E+03    -0.920000E+03    -0.900000E+03    -0.880000E+03    -0.860000E+03    -0.840000E+03    -0.820000E+03    -0.800000E+03    -0.780000E+03    -0.760000E+03    -0.740000E+03    -0.720000E+03    -0.700000E+03    -0.680000E+03    -0.660000E+03    -0.640000E+03    -0.620000E+03    -0.600000E+03    -0.580000E+03    -0.560000E+03    -0.540000E+03    -0.520000E+03    -0.500000E+03    -0.480000E+03    -0.460000E+03    -0.440000E+03    -0.420000E+03    -0.400000E+03    -0.380000E+03    -0.360000E+03    -0.340000E+03    -0.320000E+03    -0.300000E+03    -0.280000E+03    -0.260000E+03    -0.240000E+03    -0.220000E+03    -0.200000E+03    -0.180000E+03    -0.160000E+03    -0.140000E+03    -0.120000E+03    -0.100000E+03    -0.800000E+02    -0.600000E+02    -0.400000E+02    -0.200000E+02     0.000000E+00
 0.000000E+00     0.214000E+04     0.214000E+04     0.214000E+04     0.214000E+04     0.214000E+04     0.214000E+04     0.214000E+04     0.214000E+04     0.214000E+04     0.214000E+04     0.214000E+04     0.214000E+04     0.214000E+04     0.222200E+04     0.222200E+04     0.220800E+04     0.244272E+04     0.230147E+04     0.229878E+04     0.229670E+04     0.235187E+04     0.233902E+04     0.233398E+04     0.231706E+04     0.234611E+04     0.235090E+04     0.233089E+04     0.232399E+04     0.232170E+04     0.230120E+04     0.230867E+04     0.260336E+04     0.258604E+04     0.260313E+04     0.257483E+04     0.257070E+04     0.227279E+04     0.227038E+04     0.226857E+04     0.226563E+04     0.226432E+04     0.226219E+04     0.227140E+04     0.224406E+04     0.224251E+04     0.224899E+04     0.226744E+04     0.226593E+04     0.223778E+04     0.224494E+04     0.219071E+04     0.208805E+04     0.208519E+04     0.209079E+04     0.211629E+04     0.210569E+04     0.207911E+04     0.207731E+04     0.206226E+04     0.205313E+04     0.200000E+04     0.200000E+04     0.205943E+04     0.206348E+04     0.209898E+04     0.209752E+04     0.207550E+04     0.207412E+04     0.204527E+04     0.203428E+04     0.204420E+04     0.203044E+04     0.204466E+04     0.205629E+04     0.206970E+04     0.206851E+04     0.206560E+04     0.206422E+04     0.201317E+04     0.201178E+04     0.200980E+04     0.200725E+04     0.200584E+04     0.204377E+04     0.204225E+04     0.204036E+04     0.203919E+04     0.203656E+04     0.202171E+04     0.201727E+04     0.200193E+04     0.200066E+04     0.200000E+04     0.200000E+04     0.203846E+04     0.203710E+04     0.203466E+04     0.200146E+04     0.200045E+04     0.200000E+04     0.203234E+04     0.203974E+04     0.203847E+04     0.201879E+04     0.200251E+04     0.200000E+04     0.200000E+04     0.200000E+04     0.200000E+04     0.200000E+04     0.200000E+04     0.200000E+04     0.200000E+04     0.200000E+04     0.200000E+04     0.200000E+04     0.200000E+04     0.200000E+04     0.200000E+04     0.200000E+04     0.200000E+04     0.200000E+04     0.200000E+04     0.200000E+04     0.200000E+04     0.100000E+21
 0.200000E+02     0.214000E+04     0.214000E+04     0.214000E+04     0.214000E+04     0.214000E+04     0.214000E+04     0.214000E+04     0.214000E+04     0.214000E+04     0.214000E+04     0.214000E+04     0.214000E+04     0.214000E+04     0.222200E+04     0.222200E+04     0.220800E+04     0.243480E+04     0.230147E+04     0.229878E+04     0.229690E+04     0.235187E+04     0.234014E+04     0.233335E+04     0.231706E+04     0.234433E+04     0.234833E+04     0.233089E+04     0.232383E+04     0.232170E+04     0.230120E+04     0.233217E+04     0.260336E+04     0.258774E+04     0.260313E+04     0.257483E+04     0.257091E+04     0.227279E+04     0.227015E+04     0.226857E+04     0.226557E+04     0.226432E+04     0.226219E+04     0.227042E+04     0.224406E+04     0.224262E+04     0.224899E+04     0.226744E+04     0.226604E+04     0.223778E+04     0.224204E+04     0.218500E+04     0.208805E+04     0.208532E+04     0.209323E+04     0.211629E+04     0.210342E+04     0.207911E+04     0.207731E+04     0.206319E+04     0.205313E+04     0.200000E+04     0.200000E+04     0.205956E+04     0.206348E+04     0.209898E+04     0.209769E+04     0.207550E+04     0.207234E+04     0.204527E+04     0.203428E+04     0.204335E+04     0.203044E+04     0.204330E+04     0.205687E+04     0.206970E+04     0.206858E+04     0.206544E+04     0.206422E+04     0.201307E+04     0.201178E+04     0.200980E+04     0.200715E+04     0.200584E+04     0.204361E+04     0.204225E+04     0.204036E+04     0.203924E+04     0.203656E+04     0.202359E+04     0.201727E+04     0.200187E+04     0.200066E+04     0.200000E+04     0.200000E+04     0.203846E+04     0.203721E+04     0.203466E+04     0.200146E+04     0.200052E+04     0.200000E+04     0.202819E+04     0.203966E+04     0.203846E+04     0.201952E+04     0.200229E+04     0.200000E+04     0.200000E+04     0.200000E+04     0.200000E+04     0.200000E+04     0.200000E+04     0.200000E+04     0.200000E+04     0.200000E+04     0.200000E+04     0.200000E+04     0.200000E+04     0.200000E+04     0.200000E+04     0.200000E+04     0.200000E+04     0.200000E+04     0.200000E+04     0.200000E+04     0.200000E+04     0.100000E+21
 0.400000E+02     0.214000E+04     0.214000E+04     0.214000E+04     0.214000E+04     0.214000E+04     0.214000E+04     0.214000E+04     0.214000E+04     0.214000E+04     0.214000E+04     0.214000E+04     0.214000E+04     0.214000E+04     0.222200E+04     0.222200E+04     0.220800E+04     0.242984E+04     0.230147E+04     0.229878E+04     0.229702E+04     0.235187E+04     0.234087E+04     0.233297E+04     0.231706E+04     0.234320E+04     0.234687E+04     0.233089E+04     0.232374E+04     0.232170E+04     0.230120E+04     0.234756E+04     0.260336E+04     0.258877E+04     0.260313E+04     0.257483E+04     0.257103E+04     0.227279E+04     0.227003E+04     0.226857E+04     0.226554E+04     0.226432E+04     0.226219E+04     0.226984E+04     0.224406E+04     0.224270E+04     0.224899E+04     0.226744E+04     0.226611E+04     0.223778E+04     0.223643E+04     0.218143E+04     0.208805E+04     0.208539E+04     0.209480E+04     0.211629E+04     0.210197E+04     0.207911E+04     0.207731E+04     0.206378E+04     0.205313E+04     0.200000E+04     0.200000E+04     0.205963E+04     0.206348E+04     0.209898E+04     0.209779E+04     0.207550E+04     0.207121E+04     0.204527E+04     0.203428E+04     0.204281E+04     0.203044E+04     0.204243E+04     0.205723E+04     0.206970E+04     0.206862E+04     0.206535E+04     0.206422E+04     0.201301E+04     0.201178E+04     0.200980E+04     0.200708E+04     0.200584E+04     0.204351E+04     0.204225E+04     0.204036E+04     0.203927E+04     0.203656E+04     0.202458E+04     0.201727E+04     0.200183E+04     0.200066E+04     0.200000E+04     0.200000E+04     0.203846E+04     0.203728E+04     0.203466E+04     0.201584E+04     0.200638E+04     0.200000E+04     0.202583E+04     0.203961E+04     0.203846E+04     0.201996E+04     0.200215E+04     0.200000E+04     0.200000E+04     0.200000E+04     0.200000E+04     0.200000E+04     0.200000E+04     0.200000E+04     0.200000E+04     0.200000E+04     0.200000E+04     0.200000E+04     0.200000E+04     0.200000E+04     0.200000E+04     0.200000E+04     0.200000E+04     0.200000E+04     0.200000E+04     0.200000E+04     0.200000E+04     0.100000E+21
 0.600000E+02     0.214000E+04     0.214000E+04     0.214000E+04     0.214000E+04     0.214000E+04     0.214000E+04     0.214000E+04     0.214000E+04     0.214000E+04     0.214000E+04     0.214000E+04     0.214000E+04     0.214000E+04     0.222200E+04     0.222200E+04     0.220800E+04     0.244259E+04     0.230147E+04     0.229878E+04     0.229671E+04     0.235187E+04     0.233907E+04     0.233398E+04     0.231706E+04     0.234607E+04     0.235069E+04     0.233089E+04     0.232398E+04     0.232170E+04     0.230120E+04     0.230952E+04     0.260336E+04     0.258613E+04     0.260313E+04     0.257483E+04     0.257070E+04     0.227279E+04     0.227036E+04     0.226857E+04     0.226563E+04     0.226432E+04     0.227573E+04     0.227405E+04     0.224406E+04     0.224251E+04     0.224899E+04     0.226744E+04     0.226593E+04     0.223778E+04     0.223613E+04     0.219061E+04     0.208805E+04     0.208520E+04     0.209092E+04     0.211629E+04     0.210560E+04     0.207911E+04     0.205685E+04     0.205560E+04     0.205313E+04     0.200000E+04     0.200000E+04     0.205943E+04     0.206348E+04     0.209898E+04     0.209753E+04     0.207550E+04     0.207409E+04     0.204527E+04     0.203428E+04     0.204417E+04     0.203044E+04     0.204459E+04     0.205629E+04     0.206970E+04     0.206851E+04     0.206559E+04     0.206422E+04     0.201317E+04     0.201178E+04     0.200980E+04     0.200725E+04     0.200584E+04     0.204376E+04     0.204225E+04     0.204036E+04     0.203919E+04     0.203656E+04     0.202187E+04     0.201727E+04     0.200193E+04     0.200066E+04     0.200000E+04     0.200000E+04     0.203846E+04     0.203710E+04     0.203466E+04     0.200146E+04     0.200045E+04     0.200000E+04     0.203199E+04     0.203974E+04     0.203847E+04     0.201879E+04     0.200250E+04     0.200000E+04     0.200000E+04     0.200000E+04     0.200000E+04     0.200000E+04     0.200000E+04     0.200000E+04     0.200000E+04     0.200000E+04     0.200000E+04     0.200000E+04     0.200000E+04     0.200000E+04     0.200000E+04     0.200000E+04     0.200000E+04     0.200000E+04     0.200000E+04     0.200000E+04     0.200000E+04     0.100000E+21
 0.800000E+02     0.214000E+04     0.214000E+04     0.214000E+04     0.214000E+04     0.214000E+04     0.214000E+04     0.214000E+04     0.214000E+04     0.214000E+04     0.214000E+04     0.214000E+04     0.214000E+04     0.214000E+04     0.222200E+04     0.222200E+04     0.220800E+04     0.243643E+04     0.230147E+04     0.229878E+04     0.229685E+04     0.235187E+04     0.233987E+04     0.233347E+04     0.231706E+04     0.234470E+04     0.234895E+04     0.233089E+04     0.232387E+04     0.232170E+04     0.230120E+04     0.232665E+04     0.260336E+04     0.258734E+04     0.260313E+04     0.257483E+04     0.257086E+04     0.227279E+04     0.227020E+04     0.226857E+04     0.226559E+04     0.226432E+04     0.227574E+04     0.227418E+04     0.224406E+04     0.224260E+04     0.224899E+04     0.226744E+04     0.226601E+04     0.223778E+04     0.223626E+04     0.218617E+04     0.208805E+04     0.208529E+04     0.209263E+04     0.211629E+04     0.210394E+04     0.207911E+04     0.205685E+04     0.205566E+04     0.205313E+04     0.200000E+04     0.200000E+04     0.205953E+04     0.206348E+04     0.209898E+04     0.209765E+04     0.207550E+04     0.207272E+04     0.204527E+04     0.203428E+04     0.205435E+04     0.203045E+04     0.204364E+04     0.205676E+04     0.206970E+04     0.206856E+04     0.206548E+04     0.206422E+04     0.201310E+04     0.201178E+04     0.200980E+04     0.200717E+04     0.200584E+04     0.204365E+04     0.204225E+04     0.204036E+04     0.203923E+04     0.203656E+04     0.202318E+04     0.201727E+04     0.200188E+04     0.200066E+04     0.200000E+04     0.200000E+04     0.203847E+04     0.203718E+04     0.203466E+04     0.200146E+04     0.200050E+04     0.200000E+04     0.202918E+04     0.203968E+04     0.203846E+04     0.201938E+04     0.200234E+04     0.200000E+04     0.200000E+04     0.200000E+04     0.200000E+04     0.200000E+04     0.200000E+04     0.200000E+04     0.200000E+04     0.200000E+04     0.200000E+04     0.200000E+04     0.200000E+04     0.200000E+04     0.200000E+04     0.200000E+04     0.200000E+04     0.200000E+04     0.200000E+04     0.200000E+04     0.200000E+04     0.100000E+21
 0.100000E+03     0.214000E+04     0.214000E+04     0.214000E+04     0.214000E+04     0.214000E+04     0.214000E+04     0.214000E+04     0.214000E+04     0.214000E+04     0.214000E+04     0.214000E+04     0.214000E+04     0.214000E+04     0.222200E+04     0.222200E+04     0.220800E+04     0.244293E+04     0.230147E+04     0.229878E+04     0.229666E+04     0.235187E+04     0.233876E+04     0.233396E+04     0.231706E+04     0.234620E+04     0.235252E+04     0.233089E+04     0.232400E+04     0.232170E+04     0.230120E+04     0.230455E+04     0.260336E+04     0.258550E+04     0.260313E+04     0.257483E+04     0.257070E+04     0.227279E+04     0.227062E+04     0.226857E+04     0.226563E+04     0.226432E+04     0.227574E+04     0.227397E+04     0.224406E+04     0.224250E+04     0.224899E+04     0.226744E+04     0.226591E+04     0.223778E+04     0.223602E+04     0.219085E+04     0.208805E+04     0.208520E+04     0.209004E+04     0.211629E+04     0.210615E+04     0.207911E+04     0.205685E+04     0.205559E+04     0.205313E+04     0.200000E+04     0.200000E+04     0.205944E+04     0.206348E+04     0.209898E+04     0.209740E+04     0.207550E+04     0.207422E+04     0.204527E+04     0.203428E+04     0.206017E+04     0.204565E+04     0.204877E+04     0.205630E+04     0.206970E+04     0.206851E+04     0.206568E+04     0.206422E+04     0.201319E+04     0.201178E+04     0.200980E+04     0.200726E+04     0.200584E+04     0.204384E+04     0.204225E+04     0.204036E+04     0.203919E+04     0.203656E+04     0.201974E+04     0.201727E+04     0.200193E+04     0.200066E+04     0.200000E+04     0.200000E+04     0.203846E+04     0.203708E+04     0.203466E+04     0.200146E+04     0.200044E+04     0.200000E+04     0.203495E+04     0.203974E+04     0.203846E+04     0.201881E+04     0.200256E+04     0.200000E+04     0.200000E+04     0.200000E+04     0.200000E+04     0.200000E+04     0.200000E+04     0.200000E+04     0.200000E+04     0.200000E+04     0.200000E+04     0.200000E+04     0.200000E+04     0.200000E+04     0.200000E+04     0.200000E+04     0.200000E+04     0.200000E+04     0.200000E+04     0.200000E+04     0.200000E+04     0.100000E+21
 0.120000E+03     0.214000E+04     0.214000E+04     0.214000E+04     0.214000E+04     0.214000E+04     0.214000E+04     0.214000E+04     0.214000E+04     0.214000E+04     0.214000E+04     0.214000E+04     0.214000E+04     0.214000E+04     0.222200E+04     0.222200E+04     0.220800E+04     0.243987E+04     0.230147E+04     0.229878E+04     0.229675E+04     0.235187E+04     0.233931E+04     0.233373E+04     0.231706E+04     0.234549E+04     0.235037E+04     0.233089E+04     0.232394E+04     0.232170E+04     0.230120E+04     0.231527E+04     0.260336E+04     0.258646E+04     0.260313E+04     0.257483E+04     0.257078E+04     0.227279E+04     0.227032E+04     0.226857E+04     0.226561E+04     0.226432E+04     0.227574E+04     0.227409E+04     0.224406E+04     0.224255E+04     0.224899E+04     0.226744E+04     0.226596E+04     0.223778E+04     0.223616E+04     0.218865E+04     0.208805E+04     0.208524E+04     0.209137E+04     0.211629E+04     0.210506E+04     0.207911E+04     0.205685E+04     0.205562E+04     0.205313E+04     0.200000E+04     0.200000E+04     0.205948E+04     0.206348E+04     0.209898E+04     0.209756E+04     0.207550E+04     0.207351E+04     0.204527E+04     0.203428E+04     0.205913E+04     0.204565E+04     0.203688E+04     0.205651E+04     0.206970E+04     0.206853E+04     0.206557E+04     0.206422E+04     0.201314E+04     0.201178E+04     0.200980E+04     0.200722E+04     0.200584E+04     0.204373E+04     0.204225E+04     0.204036E+04     0.203921E+04     0.203656E+04     0.202215E+04     0.201727E+04     0.200191E+04     0.200066E+04     0.200000E+04     0.200000E+04     0.203846E+04     0.203713E+04     0.203466E+04     0.200146E+04     0.200047E+04     0.200000E+04     0.203148E+04     0.203971E+04     0.203846E+04     0.201908E+04     0.200245E+04     0.200000E+04     0.200000E+04     0.200000E+04     0.200000E+04     0.200000E+04     0.200000E+04     0.200000E+04     0.200000E+04     0.200000E+04     0.200000E+04     0.200000E+04     0.200000E+04     0.200000E+04     0.200000E+04     0.200000E+04     0.200000E+04     0.200000E+04     0.200000E+04     0.200000E+04     0.200000E+04     0.100000E+21
 0.140000E+03     0.214000E+04     0.214000E+04     0.214000E+04     0.214000E+04     0.214000E+04     0.214000E+04     0.214000E+04     0.214000E+04     0.214000E+04     0.214000E+04     0.214000E+04     0.214000E+04     0.214000E+04     0.222200E+04     0.222200E+04     0.220800E+04     0.243215E+04     0.230147E+04     0.229878E+04     0.229696E+04     0.235187E+04     0.234055E+04     0.233315E+04     0.231706E+04     0.234372E+04     0.234749E+04     0.233089E+04     0.232378E+04     0.232170E+04     0.230120E+04     0.234062E+04     0.260336E+04     0.259197E+04     0.260313E+04     0.257483E+04     0.257097E+04     0.227279E+04     0.227008E+04     0.226857E+04     0.226556E+04     0.226432E+04     0.227573E+04     0.227428E+04     0.224406E+04     0.224266E+04     0.224899E+04     0.226744E+04     0.226607E+04     0.223778E+04     0.223638E+04     0.218309E+04     0.208805E+04     0.208536E+04     0.209411E+04     0.211629E+04     0.210262E+04     0.207911E+04     0.205685E+04     0.205570E+04     0.205313E+04     0.200000E+04     0.200000E+04     0.205960E+04     0.206348E+04     0.209898E+04     0.209775E+04     0.207550E+04     0.207173E+04     0.204527E+04     0.203428E+04     0.205679E+04     0.204565E+04     0.203469E+04     0.205706E+04     0.206970E+04     0.206860E+04     0.206539E+04     0.206422E+04     0.201304E+04     0.201178E+04     0.200980E+04     0.200711E+04     0.200584E+04     0.204356E+04     0.204225E+04     0.204036E+04     0.203926E+04     0.203656E+04     0.202415E+04     0.201727E+04     0.200185E+04     0.200066E+04     0.200000E+04     0.200000E+04     0.203846E+04     0.203725E+04     0.203466E+04     0.200146E+04     0.200054E+04     0.200000E+04     0.202683E+04     0.203964E+04     0.203846E+04     0.201975E+04     0.200221E+04     0.200000E+04     0.200000E+04     0.200000E+04     0.200000E+04     0.200000E+04     0.200000E+04     0.200000E+04     0.200000E+04     0.200000E+04     0.200000E+04     0.200000E+04     0.200000E+04     0.200000E+04     0.200000E+04     0.200000E+04     0.200000E+04     0.200000E+04     0.200000E+04     0.200000E+04     0.200000E+04     0.100000E+21
 0.160000E+03     0.214000E+04     0.214000E+04     0.214000E+04     0.214000E+04     0.214000E+04     0.214000E+04     0.214000E+04     0.214000E+04     0.214000E+04     0.214000E+04     0.214000E+04     0.214000E+04     0.214000E+04     0.222200E+04     0.220973E+04     0.220800E+04     0.244304E+04     0.230147E+04     0.229878E+04     0.229665E+04     0.235187E+04     0.233875E+04     0.233397E+04     0.231706E+04     0.234622E+04     0.235254E+04     0.233089E+04     0.232400E+04     0.232170E+04     0.230120E+04     0.224233E+04     0.225396E+04     0.259820E+04     0.260313E+04     0.257483E+04     0.257069E+04     0.227279E+04     0.227063E+04     0.226857E+04     0.226563E+04     0.226432E+04     0.226629E+04     0.227280E+04     0.224406E+04     0.224250E+04     0.224899E+04     0.226744E+04     0.226591E+04     0.223778E+04     0.223602E+04     0.219093E+04     0.208805E+04     0.208519E+04     0.209002E+04     0.211629E+04     0.210617E+04     0.207911E+04     0.206898E+04     0.205924E+04     0.205313E+04     0.200000E+04     0.200000E+04     0.205943E+04     0.206348E+04     0.209898E+04     0.209740E+04     0.207550E+04     0.207424E+04     0.204527E+04     0.203428E+04     0.206019E+04     0.204565E+04     0.203267E+04     0.205629E+04     0.206970E+04     0.206851E+04     0.206568E+04     0.206422E+04     0.201319E+04     0.201178E+04     0.200980E+04     0.200726E+04     0.200584E+04     0.204384E+04     0.204225E+04     0.204036E+04     0.203919E+04     0.203656E+04     0.201961E+04     0.201727E+04     0.200193E+04     0.200066E+04     0.200000E+04     0.200000E+04     0.203847E+04     0.203708E+04     0.203466E+04     0.200146E+04     0.200044E+04     0.200000E+04     0.203499E+04     0.203975E+04     0.203846E+04     0.201880E+04     0.200256E+04     0.200000E+04     0.200000E+04     0.200000E+04     0.200000E+04     0.200000E+04     0.200000E+04     0.200000E+04     0.200000E+04     0.200000E+04     0.200000E+04     0.200000E+04     0.200000E+04     0.200000E+04     0.200000E+04     0.200000E+04     0.200000E+04     0.200000E+04     0.200000E+04     0.200000E+04     0.200000E+04     0.100000E+21
 0.180000E+03     0.214000E+04     0.214000E+04     0.214000E+04     0.214000E+04     0.214000E+04     0.214000E+04     0.214000E+04     0.214000E+04     0.214000E+04     0.214000E+04     0.214000E+04     0.214000E+04     0.214000E+04     0.222200E+04     0.221205E+04     0.220800E+04     0.243215E+04     0.230147E+04     0.229878E+04     0.229696E+04     0.235187E+04     0.234055E+04     0.233315E+04     0.231706E+04     0.234372E+04     0.234749E+04     0.233089E+04     0.232378E+04     0.232170E+04     0.230120E+04     0.219172E+04     0.218973E+04     0.259414E+04     0.258533E+04     0.257483E+04     0.257097E+04     0.227279E+04     0.227008E+04     0.226857E+04     0.226556E+04     0.226432E+04     0.226219E+04     0.227009E+04     0.224406E+04     0.224266E+04     0.224899E+04     0.226744E+04     0.226607E+04     0.223778E+04     0.223638E+04     0.218309E+04     0.208805E+04     0.208536E+04     0.209411E+04     0.211629E+04     0.210262E+04     0.207911E+04     0.207731E+04     0.206350E+04     0.205313E+04     0.200000E+04     0.200000E+04     0.205960E+04     0.206348E+04     0.209898E+04     0.209775E+04     0.207550E+04     0.207173E+04     0.204527E+04     0.204005E+04     0.205846E+04     0.204565E+04     0.203469E+04     0.205706E+04     0.206970E+04     0.206860E+04     0.206539E+04     0.206422E+04     0.200742E+04     0.201178E+04     0.200980E+04     0.200711E+04     0.200584E+04     0.204356E+04     0.204225E+04     0.204036E+04     0.203926E+04     0.202685E+04     0.202182E+04     0.201727E+04     0.200185E+04     0.200066E+04     0.200000E+04     0.201810E+04     0.203846E+04     0.203725E+04     0.203466E+04     0.200146E+04     0.200054E+04     0.200000E+04     0.202683E+04     0.203964E+04     0.203847E+04     0.201975E+04     0.200221E+04     0.200000E+04     0.200000E+04     0.200000E+04     0.200000E+04     0.200000E+04     0.200000E+04     0.200000E+04     0.200000E+04     0.200000E+04     0.200000E+04     0.200000E+04     0.200000E+04     0.200000E+04     0.200000E+04     0.200000E+04     0.200000E+04     0.200000E+04     0.200000E+04     0.200000E+04     0.200000E+04     0.100000E+21
 0.200000E+03     0.214000E+04     0.214000E+04     0.214000E+04     0.214000E+04     0.214000E+04     0.214000E+04     0.214000E+04     0.214000E+04     0.214000E+04     0.214000E+04     0.214000E+04     0.214000E+04     0.214000E+04     0.222200E+04     0.221046E+04     0.225700E+04     0.243987E+04     0.230147E+04     0.229878E+04     0.229675E+04     0.235187E+04     0.233931E+04     0.233373E+04     0.231706E+04     0.234549E+04     0.235037E+04     0.233089E+04     0.232394E+04     0.232170E+04     0.230120E+04     0.219191E+04     0.218973E+04     0.259192E+04     0.257495E+04     0.257483E+04     0.257078E+04     0.256179E+04     0.227032E+04     0.226857E+04     0.226561E+04     0.226432E+04     0.226219E+04     0.227117E+04     0.224406E+04     0.224255E+04     0.224899E+04     0.226744E+04     0.226596E+04     0.223778E+04     0.223616E+04     0.224177E+04     0.223587E+04     0.214366E+04     0.209137E+04     0.211629E+04     0.210506E+04     0.207911E+04     0.207731E+04     0.206257E+04     0.205313E+04     0.200000E+04     0.200000E+04     0.205948E+04     0.206348E+04     0.209898E+04     0.209756E+04     0.207550E+04     0.207351E+04     0.204527E+04     0.204339E+04     0.206158E+04     0.204565E+04     0.203333E+04     0.204716E+04     0.204602E+04     0.206002E+04     0.206557E+04     0.206422E+04     0.200359E+04     0.201178E+04     0.200980E+04     0.200722E+04     0.200584E+04     0.204373E+04     0.204225E+04     0.204036E+04     0.203921E+04     0.202117E+04     0.201955E+04     0.201727E+04     0.200191E+04     0.200066E+04     0.200000E+04     0.203098E+04     0.203847E+04     0.203713E+04     0.203466E+04     0.200146E+04     0.200047E+04     0.200000E+04     0.203148E+04     0.203971E+04     0.203846E+04     0.201908E+04     0.200245E+04     0.200000E+04     0.200000E+04     0.200000E+04     0.200000E+04     0.200000E+04     0.200000E+04     0.200000E+04     0.200000E+04     0.200000E+04     0.200000E+04     0.200000E+04     0.200000E+04     0.200000E+04     0.200000E+04     0.200000E+04     0.200000E+04     0.200000E+04     0.200000E+04     0.200000E+04     0.200000E+04     0.100000E+21
 0.220000E+03     0.214000E+04     0.214000E+04     0.214000E+04     0.214000E+04     0.214000E+04     0.214000E+04     0.214000E+04     0.214000E+04     0.214000E+04     0.214000E+04     0.214000E+04     0.214000E+04     0.214000E+04     0.222200E+04     0.220891E+04     0.225700E+04     0.244293E+04     0.230147E+04     0.229878E+04     0.229666E+04     0.235187E+04     0.233876E+04     0.233396E+04     0.231706E+04     0.234620E+04     0.235252E+04     0.233089E+04     0.232400E+04     0.232170E+04     0.230120E+04     0.219199E+04     0.218973E+04     0.259290E+04     0.257495E+04     0.258794E+04     0.257519E+04     0.256179E+04     0.227062E+04     0.226857E+04     0.226563E+04     0.226432E+04     0.226219E+04     0.227179E+04     0.224406E+04     0.224250E+04     0.224899E+04     0.226744E+04     0.226591E+04     0.223778E+04     0.223602E+04     0.224190E+04     0.223587E+04     0.214213E+04     0.209004E+04     0.211629E+04     0.210615E+04     0.207911E+04     0.207731E+04     0.206221E+04     0.205313E+04     0.200000E+04     0.200000E+04     0.205944E+04     0.206348E+04     0.209898E+04     0.209740E+04     0.207550E+04     0.207422E+04     0.204527E+04     0.204339E+04     0.206233E+04     0.204565E+04     0.203268E+04     0.204718E+04     0.204602E+04     0.206033E+04     0.206568E+04     0.206422E+04     0.200333E+04     0.201178E+04     0.200980E+04     0.200726E+04     0.200584E+04     0.204384E+04     0.204225E+04     0.204036E+04     0.203919E+04     0.202117E+04     0.201928E+04     0.201727E+04     0.200193E+04     0.200066E+04     0.200000E+04     0.203276E+04     0.203846E+04     0.203708E+04     0.203466E+04     0.200146E+04     0.200044E+04     0.200000E+04     0.203495E+04     0.203974E+04     0.203846E+04     0.201881E+04     0.200256E+04     0.200000E+04     0.200000E+04     0.200000E+04     0.200000E+04     0.200000E+04     0.200000E+04     0.200000E+04     0.200000E+04     0.200000E+04     0.200000E+04     0.200000E+04     0.200000E+04     0.200000E+04     0.200000E+04     0.200000E+04     0.200000E+04     0.200000E+04     0.200000E+04     0.200000E+04     0.200000E+04     0.100000E+21
 0.240000E+03     0.214000E+04     0.214000E+04     0.214000E+04     0.214000E+04     0.214000E+04     0.214000E+04     0.214000E+04     0.214000E+04     0.214000E+04     0.214000E+04     0.214000E+04     0.214000E+04     0.214000E+04     0.222200E+04     0.221127E+04     0.225700E+04     0.243643E+04     0.230147E+04     0.229878E+04     0.229685E+04     0.235187E+04     0.233987E+04     0.233347E+04     0.231706E+04     0.234470E+04     0.234895E+04     0.233089E+04     0.232387E+04     0.232170E+04     0.230120E+04     0.219183E+04     0.218973E+04     0.259103E+04     0.257495E+04     0.259683E+04     0.257943E+04     0.256179E+04     0.227020E+04     0.226857E+04     0.226559E+04     0.226432E+04     0.226219E+04     0.227065E+04     0.224406E+04     0.224260E+04     0.224899E+04     0.226744E+04     0.226601E+04     0.223778E+04     0.223626E+04     0.224163E+04     0.223587E+04     0.214537E+04     0.209263E+04     0.211629E+04     0.210394E+04     0.207911E+04     0.207731E+04     0.206299E+04     0.205313E+04     0.200000E+04     0.200000E+04     0.205953E+04     0.206348E+04     0.209898E+04     0.209765E+04     0.208101E+04     0.207272E+04     0.204527E+04     0.204339E+04     0.206079E+04     0.204565E+04     0.203396E+04     0.204714E+04     0.204602E+04     0.205968E+04     0.206548E+04     0.206422E+04     0.200388E+04     0.201178E+04     0.200980E+04     0.200717E+04     0.200584E+04     0.204365E+04     0.204225E+04     0.204036E+04     0.203923E+04     0.202117E+04     0.201967E+04     0.201727E+04     0.200188E+04     0.200066E+04     0.200000E+04     0.202935E+04     0.203847E+04     0.203718E+04     0.203466E+04     0.200146E+04     0.200050E+04     0.200000E+04     0.202918E+04     0.203968E+04     0.203846E+04     0.201938E+04     0.200234E+04     0.200000E+04     0.200000E+04     0.200000E+04     0.200000E+04     0.200000E+04     0.200000E+04     0.200000E+04     0.200000E+04     0.200000E+04     0.200000E+04     0.200000E+04     0.200000E+04     0.200000E+04     0.200000E+04     0.200000E+04     0.200000E+04     0.200000E+04     0.200000E+04     0.200000E+04     0.200000E+04     0.100000E+21
 0.260000E+03     0.214000E+04     0.214000E+04     0.214000E+04     0.214000E+04     0.214000E+04     0.214000E+04     0.214000E+04     0.214000E+04     0.214000E+04     0.214000E+04     0.214000E+04     0.214000E+04     0.214000E+04     0.222200E+04     0.221024E+04     0.225700E+04     0.244259E+04     0.230147E+04     0.229878E+04     0.229671E+04     0.235187E+04     0.233907E+04     0.233398E+04     0.231706E+04     0.234607E+04     0.235069E+04     0.233089E+04     0.232398E+04     0.232170E+04     0.226751E+04     0.219196E+04     0.218973E+04     0.259225E+04     0.257495E+04     0.259683E+04     0.257871E+04     0.256179E+04     0.227036E+04     0.226857E+04     0.226563E+04     0.226432E+04     0.226219E+04     0.227134E+04     0.224406E+04     0.224251E+04     0.224899E+04     0.226744E+04     0.226593E+04     0.223778E+04     0.223613E+04     0.224189E+04     0.223587E+04     0.214211E+04     0.209092E+04     0.211629E+04     0.210560E+04     0.207911E+04     0.207731E+04     0.206227E+04     0.205313E+04     0.200000E+04     0.200000E+04     0.205943E+04     0.206348E+04     0.209898E+04     0.209753E+04     0.209547E+04     0.207409E+04     0.204527E+04     0.204339E+04     0.206195E+04     0.204565E+04     0.203311E+04     0.204718E+04     0.204602E+04     0.206030E+04     0.205691E+04     0.201828E+04     0.200342E+04     0.201178E+04     0.200980E+04     0.200725E+04     0.200584E+04     0.204376E+04     0.204225E+04     0.204036E+04     0.203919E+04     0.202117E+04     0.201952E+04     0.201727E+04     0.200193E+04     0.200066E+04     0.200000E+04     0.203159E+04     0.203847E+04     0.203710E+04     0.203466E+04     0.200146E+04     0.200045E+04     0.200000E+04     0.203199E+04     0.203974E+04     0.203846E+04     0.201879E+04     0.200250E+04     0.200000E+04     0.200000E+04     0.200000E+04     0.200000E+04     0.200000E+04     0.200000E+04     0.200000E+04     0.200000E+04     0.200000E+04     0.200000E+04     0.200000E+04     0.200000E+04     0.200000E+04     0.200000E+04     0.200000E+04     0.200000E+04     0.200000E+04     0.200000E+04     0.200000E+04     0.200000E+04     0.100000E+21
 0.280000E+03     0.214000E+04     0.214000E+04     0.214000E+04     0.214000E+04     0.214000E+04     0.214000E+04     0.214000E+04     0.214000E+04     0.214000E+04     0.214000E+04     0.214000E+04     0.214000E+04     0.214000E+04     0.222200E+04     0.221239E+04     0.225700E+04     0.242984E+04     0.230147E+04     0.229878E+04     0.229702E+04     0.235187E+04     0.234087E+04     0.233297E+04     0.231706E+04     0.234320E+04     0.234687E+04     0.233089E+04     0.232374E+04     0.232170E+04     0.224129E+04     0.219167E+04     0.218973E+04     0.258956E+04     0.257495E+04     0.259683E+04     0.258017E+04     0.256179E+04     0.227003E+04     0.226857E+04     0.226554E+04     0.226432E+04     0.226219E+04     0.226984E+04     0.224406E+04     0.224270E+04     0.224899E+04     0.226744E+04     0.226611E+04     0.223778E+04     0.223643E+04     0.224135E+04     0.223587E+04     0.214865E+04     0.209480E+04     0.211629E+04     0.210197E+04     0.207911E+04     0.207731E+04     0.206378E+04     0.205313E+04     0.200000E+04     0.200000E+04     0.205963E+04     0.206348E+04     0.209898E+04     0.209779E+04     0.209547E+04     0.207121E+04     0.204527E+04     0.204339E+04     0.205941E+04     0.204565E+04     0.203503E+04     0.204710E+04     0.204602E+04     0.205902E+04     0.204060E+04     0.200000E+04     0.200441E+04     0.201178E+04     0.200980E+04     0.200708E+04     0.200584E+04     0.204351E+04     0.204225E+04     0.204036E+04     0.203927E+04     0.202117E+04     0.201982E+04     0.201727E+04     0.200183E+04     0.200066E+04     0.200000E+04     0.202667E+04     0.203846E+04     0.203728E+04     0.203466E+04     0.200146E+04     0.200056E+04     0.200000E+04     0.202583E+04     0.203961E+04     0.203846E+04     0.201996E+04     0.200215E+04     0.200000E+04     0.200000E+04     0.200000E+04     0.200000E+04     0.200000E+04     0.200000E+04     0.200000E+04     0.200000E+04     0.200000E+04     0.200000E+04     0.200000E+04     0.200000E+04     0.200000E+04     0.200000E+04     0.200000E+04     0.200000E+04     0.200000E+04     0.200000E+04     0.200000E+04     0.200000E+04     0.100000E+21
 0.300000E+03     0.214000E+04     0.214000E+04     0.214000E+04     0.214000E+04     0.214000E+04     0.214000E+04     0.214000E+04     0.214000E+04     0.214000E+04     0.214000E+04     0.214000E+04     0.214000E+04     0.214000E+04     0.222200E+04     0.221160E+04     0.225700E+04     0.243480E+04     0.230147E+04     0.229878E+04     0.229690E+04     0.235187E+04     0.234014E+04     0.233335E+04     0.231706E+04     0.234433E+04     0.234833E+04     0.233089E+04     0.232383E+04     0.232170E+04     0.224129E+04     0.219179E+04     0.218973E+04     0.259062E+04     0.257495E+04     0.259683E+04     0.257961E+04     0.256179E+04     0.227015E+04     0.226857E+04     0.226557E+04     0.226432E+04     0.226219E+04     0.227042E+04     0.224406E+04     0.224262E+04     0.224899E+04     0.226744E+04     0.226604E+04     0.223778E+04     0.223631E+04     0.224156E+04     0.223587E+04     0.211397E+04     0.209323E+04     0.211629E+04     0.210342E+04     0.207911E+04     0.207731E+04     0.206319E+04     0.205313E+04     0.203938E+04     0.200000E+04     0.205956E+04     0.206348E+04     0.209898E+04     0.209769E+04     0.209547E+04     0.207234E+04     0.204527E+04     0.204339E+04     0.204290E+04     0.204565E+04     0.203425E+04     0.204713E+04     0.204602E+04     0.205952E+04     0.204408E+04     0.200000E+04     0.200401E+04     0.201178E+04     0.200980E+04     0.200715E+04     0.200584E+04     0.204361E+04     0.204225E+04     0.204036E+04     0.203924E+04     0.202117E+04     0.201971E+04     0.201727E+04     0.200187E+04     0.200066E+04     0.200000E+04     0.202860E+04     0.203846E+04     0.203721E+04     0.203466E+04     0.200146E+04     0.200052E+04     0.200000E+04     0.202819E+04     0.203966E+04     0.203847E+04     0.201952E+04     0.200229E+04     0.200000E+04     0.200000E+04     0.200000E+04     0.200000E+04     0.200000E+04     0.200000E+04     0.200000E+04     0.200000E+04     0.200000E+04     0.200000E+04     0.200000E+04     0.200000E+04     0.200000E+04     0.200000E+04     0.200000E+04     0.200000E+04     0.200000E+04     0.200000E+04     0.200000E+04     0.200000E+04     0.100000E+21
 0.320000E+03     0.214000E+04     0.214000E+04     0.214000E+04     0.214000E+04     0.214000E+04     0.214000E+04     0.214000E+04     0.214000E+04     0.214000E+04     0.214000E+04     0.214000E+04     0.214000E+04     0.214000E+04     0.222200E+04     0.221012E+04     0.225700E+04     0.244272E+04     0.230147E+04     0.229878E+04     0.229670E+04     0.235187E+04     0.233902E+04     0.233398E+04     0.231706E+04     0.234611E+04     0.235090E+04     0.233089E+04     0.232399E+04     0.232170E+04     0.224129E+04     0.219196E+04     0.218973E+04     0.259235E+04     0.257495E+04     0.259683E+04     0.257870E+04     0.256179E+04     0.227038E+04     0.226857E+04     0.226563E+04     0.226432E+04     0.226219E+04     0.227140E+04     0.224406E+04     0.224251E+04     0.224899E+04     0.226744E+04     0.226593E+04     0.223778E+04     0.223612E+04     0.224189E+04     0.223587E+04     0.209075E+04     0.209079E+04     0.211629E+04     0.210569E+04     0.207911E+04     0.207731E+04     0.206226E+04     0.205313E+04     0.206015E+04     0.200000E+04     0.205943E+04     0.206348E+04     0.209898E+04     0.209752E+04     0.209547E+04     0.207412E+04     0.204527E+04     0.204339E+04     0.203513E+04     0.204565E+04     0.203305E+04     0.204718E+04     0.204602E+04     0.206031E+04     0.204990E+04     0.200000E+04     0.200160E+04     0.200358E+04     0.200980E+04     0.200725E+04     0.200584E+04     0.204377E+04     0.204225E+04     0.204036E+04     0.203919E+04     0.202117E+04     0.201950E+04     0.201727E+04     0.200193E+04     0.200066E+04     0.200000E+04     0.203176E+04     0.203846E+04     0.203710E+04     0.203466E+04     0.200146E+04     0.200045E+04     0.200000E+04     0.203234E+04     0.203974E+04     0.203846E+04     0.201879E+04     0.200251E+04     0.200000E+04     0.200000E+04     0.200000E+04     0.200000E+04     0.200000E+04     0.200000E+04     0.200000E+04     0.200000E+04     0.200000E+04     0.200000E+04     0.200000E+04     0.200000E+04     0.200000E+04     0.200000E+04     0.200000E+04     0.200000E+04     0.200000E+04     0.200000E+04     0.200000E+04     0.200000E+04     0.100000E+21
 0.340000E+03     0.214000E+04     0.214000E+04     0.214000E+04     0.214000E+04     0.214000E+04     0.214000E+04     0.214000E+04     0.214000E+04     0.214000E+04     0.214000E+04     0.214000E+04     0.214000E+04     0.214000E+04     0.222200E+04     0.220990E+04     0.225700E+04     0.244084E+04     0.230147E+04     0.229878E+04     0.229671E+04     0.235187E+04     0.233902E+04     0.233378E+04     0.231706E+04     0.234574E+04     0.235142E+04     0.233089E+04     0.232396E+04     0.232170E+04     0.224129E+04     0.219195E+04     0.218973E+04     0.259239E+04     0.257495E+04     0.259683E+04     0.257894E+04     0.256179E+04     0.227041E+04     0.226857E+04     0.226562E+04     0.226432E+04     0.226219E+04     0.227146E+04     0.224406E+04     0.224252E+04     0.224899E+04     0.226744E+04     0.226594E+04     0.223778E+04     0.223609E+04     0.224181E+04     0.223587E+04     0.209262E+04     0.208116E+04     0.207983E+04     0.210557E+04     0.207911E+04     0.207731E+04     0.206245E+04     0.205313E+04     0.206106E+04     0.200000E+04     0.205947E+04     0.206348E+04     0.209898E+04     0.209749E+04     0.209547E+04     0.207789E+04     0.208627E+04     0.204339E+04     0.203516E+04     0.204565E+04     0.203298E+04     0.204716E+04     0.204602E+04     0.206012E+04     0.206563E+04     0.206422E+04     0.200000E+04     0.200000E+04     0.200980E+04     0.200724E+04     0.200584E+04     0.204378E+04     0.204225E+04     0.204036E+04     0.203921E+04     0.203656E+04     0.202141E+04     0.201727E+04     0.200191E+04     0.200066E+04     0.200000E+04     0.203184E+04     0.203846E+04     0.203711E+04     0.203466E+04     0.200146E+04     0.200046E+04     0.200000E+04     0.203317E+04     0.203972E+04     0.203846E+04     0.201902E+04     0.200251E+04     0.200000E+04     0.200000E+04     0.200000E+04     0.200000E+04     0.200000E+04     0.200000E+04     0.200000E+04     0.200000E+04     0.200000E+04     0.200000E+04     0.200000E+04     0.200000E+04     0.200000E+04     0.200000E+04     0.200000E+04     0.200000E+04     0.200000E+04     0.200000E+04     0.200000E+04     0.200000E+04     0.100000E+21
 0.360000E+03     0.214000E+04     0.214000E+04     0.214000E+04     0.214000E+04     0.214000E+04     0.214000E+04     0.214000E+04     0.214000E+04     0.214000E+04     0.214000E+04     0.214000E+04     0.214000E+04     0.214000E+04     0.222200E+04     0.221093E+04     0.225700E+04     0.244149E+04     0.230147E+04     0.229878E+04     0.229678E+04     0.235187E+04     0.233943E+04     0.233392E+04     0.231706E+04     0.234579E+04     0.234940E+04     0.233089E+04     0.232396E+04     0.232170E+04     0.224129E+04     0.223074E+04     0.218973E+04     0.259163E+04     0.257495E+04     0.259683E+04     0.257882E+04     0.256179E+04     0.227025E+04     0.226857E+04     0.226563E+04     0.226432E+04     0.226219E+04     0.227095E+04     0.224406E+04     0.224254E+04     0.224899E+04     0.226744E+04     0.226595E+04     0.223778E+04     0.223622E+04     0.224184E+04     0.223587E+04     0.209144E+04     0.208110E+04     0.207983E+04     0.210957E+04     0.209690E+04     0.207731E+04     0.206243E+04     0.205313E+04     0.205636E+04     0.200000E+04     0.205944E+04     0.206348E+04     0.209898E+04     0.209761E+04     0.209547E+04     0.207788E+04     0.208627E+04     0.204339E+04     0.203536E+04     0.205675E+04     0.204239E+04     0.204717E+04     0.204602E+04     0.206019E+04     0.206552E+04     0.206422E+04     0.200000E+04     0.200000E+04     0.200980E+04     0.200722E+04     0.200584E+04     0.204370E+04     0.204225E+04     0.204036E+04     0.203920E+04     0.203656E+04     0.202276E+04     0.201727E+04     0.200192E+04     0.200066E+04     0.200000E+04     0.203045E+04     0.203847E+04     0.203713E+04     0.203466E+04     0.200146E+04     0.200046E+04     0.200000E+04     0.202991E+04     0.203973E+04     0.203846E+04     0.201885E+04     0.200243E+04     0.200000E+04     0.200000E+04     0.200000E+04     0.200000E+04     0.200000E+04     0.200000E+04     0.200000E+04     0.200000E+04     0.200000E+04     0.200000E+04     0.200000E+04     0.200000E+04     0.200000E+04     0.200000E+04     0.200000E+04     0.200000E+04     0.200000E+04     0.200000E+04     0.200000E+04     0.200000E+04     0.100000E+21
 0.380000E+03     0.214000E+04     0.214000E+04     0.214000E+04     0.214000E+04     0.214000E+04     0.214000E+04     0.214000E+04     0.214000E+04     0.214000E+04     0.214000E+04     0.214000E+04     0.214000E+04     0.214000E+04     0.222200E+04     0.221236E+04     0.225700E+04     0.243003E+04     0.230147E+04     0.229878E+04     0.229701E+04     0.235187E+04     0.234085E+04     0.233299E+04     0.231706E+04     0.234324E+04     0.234769E+04     0.233276E+04     0.232374E+04     0.232170E+04     0.224129E+04     0.225722E+04     0.218973E+04     0.258960E+04     0.257495E+04     0.259683E+04     0.258015E+04     0.256179E+04     0.227003E+04     0.226857E+04     0.226554E+04     0.226432E+04     0.226219E+04     0.226986E+04     0.224406E+04     0.224270E+04     0.224899E+04     0.226744E+04     0.226610E+04     0.223778E+04     0.223642E+04     0.224136E+04     0.223587E+04     0.210078E+04     0.208094E+04     0.207983E+04     0.211397E+04     0.211286E+04     0.207731E+04     0.206375E+04     0.205313E+04     0.204909E+04     0.200000E+04     0.205963E+04     0.206348E+04     0.208232E+04     0.209205E+04     0.209547E+04     0.207863E+04     0.208627E+04     0.204339E+04     0.203627E+04     0.206642E+04     0.205234E+04     0.204155E+04     0.204602E+04     0.205904E+04     0.206535E+04     0.206422E+04     0.200000E+04     0.200000E+04     0.200980E+04     0.200708E+04     0.200584E+04     0.203180E+04     0.204225E+04     0.204036E+04     0.203927E+04     0.203656E+04     0.202454E+04     0.201727E+04     0.200183E+04     0.200066E+04     0.200000E+04     0.202674E+04     0.203846E+04     0.203728E+04     0.203466E+04     0.200146E+04     0.200056E+04     0.200000E+04     0.202591E+04     0.203961E+04     0.203846E+04     0.201994E+04     0.200215E+04     0.200000E+04     0.200000E+04     0.200000E+04     0.200000E+04     0.200000E+04     0.200000E+04     0.200000E+04     0.200000E+04     0.200000E+04     0.200000E+04     0.200000E+04     0.200000E+04     0.200000E+04     0.200000E+04     0.200000E+04     0.200000E+04     0.200000E+04     0.200000E+04     0.200000E+04     0.200000E+04     0.100000E+21
 0.400000E+03     0.214000E+04     0.214000E+04     0.214000E+04     0.214000E+04     0.214000E+04     0.214000E+04     0.214000E+04     0.214000E+04     0.214000E+04     0.214000E+04     0.214000E+04     0.214000E+04     0.214000E+04     0.222200E+04     0.221221E+04     0.225700E+04     0.243108E+04     0.230147E+04     0.229878E+04     0.229699E+04     0.235187E+04     0.234070E+04     0.233307E+04     0.231706E+04     0.234348E+04     0.234877E+04     0.233507E+04     0.232376E+04     0.232170E+04     0.224129E+04     0.225804E+04     0.218973E+04     0.258981E+04     0.257495E+04     0.259683E+04     0.258003E+04     0.256179E+04     0.227005E+04     0.226857E+04     0.226555E+04     0.226432E+04     0.226219E+04     0.226997E+04     0.224406E+04     0.224268E+04     0.224899E+04     0.226744E+04     0.226609E+04     0.223778E+04     0.223640E+04     0.224140E+04     0.223587E+04     0.212902E+04     0.208096E+04     0.207983E+04     0.211399E+04     0.211286E+04     0.207731E+04     0.206363E+04     0.205313E+04     0.204985E+04     0.200000E+04     0.204161E+04     0.206348E+04     0.206165E+04     0.208632E+04     0.209547E+04     0.207856E+04     0.208627E+04     0.204339E+04     0.203618E+04     0.206642E+04     0.205214E+04     0.203483E+04     0.204602E+04     0.205914E+04     0.206537E+04     0.206422E+04     0.202393E+04     0.200000E+04     0.200980E+04     0.200710E+04     0.200584E+04     0.201615E+04     0.204225E+04     0.204036E+04     0.203927E+04     0.203656E+04     0.202436E+04     0.201727E+04     0.200184E+04     0.200066E+04     0.200000E+04     0.202712E+04     0.203846E+04     0.203726E+04     0.203466E+04     0.200146E+04     0.200055E+04     0.200000E+04     0.202635E+04     0.203963E+04     0.203847E+04     0.201985E+04     0.200218E+04     0.200000E+04     0.200000E+04     0.200000E+04     0.200000E+04     0.200000E+04     0.200000E+04     0.200000E+04     0.200000E+04     0.200000E+04     0.200000E+04     0.200000E+04     0.200000E+04     0.200000E+04     0.200000E+04     0.200000E+04     0.200000E+04     0.200000E+04     0.200000E+04     0.200000E+04     0.200000E+04     0.100000E+21
 0.420000E+03     0.214000E+04     0.214000E+04     0.214000E+04     0.214000E+04     0.214000E+04     0.214000E+04     0.214000E+04     0.214000E+04     0.214000E+04     0.214000E+04     0.214000E+04     0.214000E+04     0.214000E+04     0.222200E+04     0.221090E+04     0.225700E+04     0.244154E+04     0.230147E+04     0.229878E+04     0.229677E+04     0.235187E+04     0.233942E+04     0.233393E+04     0.231706E+04     0.233829E+04     0.235066E+04     0.233507E+04     0.232396E+04     0.232170E+04     0.224129E+04     0.226547E+04     0.218973E+04     0.259165E+04     0.257495E+04     0.259683E+04     0.257882E+04     0.256179E+04     0.227025E+04     0.226857E+04     0.226563E+04     0.226432E+04     0.226219E+04     0.227097E+04     0.225906E+04     0.224676E+04     0.224899E+04     0.226744E+04     0.226595E+04     0.223778E+04     0.223622E+04     0.224184E+04     0.223587E+04     0.214425E+04     0.208110E+04     0.207983E+04     0.211411E+04     0.211286E+04     0.207731E+04     0.206242E+04     0.205313E+04     0.205647E+04     0.200000E+04     0.202686E+04     0.206348E+04     0.206165E+04     0.208960E+04     0.209547E+04     0.207788E+04     0.208627E+04     0.204339E+04     0.203535E+04     0.206642E+04     0.205040E+04     0.203412E+04     0.204602E+04     0.205205E+04     0.206552E+04     0.206422E+04     0.204360E+04     0.200000E+04     0.200980E+04     0.200723E+04     0.200584E+04     0.201280E+04     0.204225E+04     0.204036E+04     0.203920E+04     0.203656E+04     0.202273E+04     0.201727E+04     0.200192E+04     0.200066E+04     0.200000E+04     0.203049E+04     0.203846E+04     0.203713E+04     0.203466E+04     0.200146E+04     0.200046E+04     0.200000E+04     0.202998E+04     0.203973E+04     0.203846E+04     0.201885E+04     0.200243E+04     0.200000E+04     0.200000E+04     0.200000E+04     0.200000E+04     0.200000E+04     0.200000E+04     0.200000E+04     0.200000E+04     0.200000E+04     0.200000E+04     0.200000E+04     0.200000E+04     0.200000E+04     0.200000E+04     0.200000E+04     0.200000E+04     0.200000E+04     0.200000E+04     0.200000E+04     0.200000E+04     0.100000E+21
 0.440000E+03     0.214000E+04     0.214000E+04     0.214000E+04     0.214000E+04     0.214000E+04     0.214000E+04     0.214000E+04     0.214000E+04     0.214000E+04     0.214000E+04     0.214000E+04     0.214000E+04     0.214000E+04     0.222200E+04     0.220903E+04     0.225700E+04     0.244208E+04     0.230147E+04     0.229878E+04     0.229666E+04     0.235187E+04     0.233874E+04     0.233387E+04     0.231706E+04     0.233178E+04     0.235332E+04     0.233507E+04     0.232399E+04     0.232170E+04     0.224129E+04     0.226830E+04     0.218973E+04     0.259289E+04     0.257495E+04     0.259683E+04     0.257881E+04     0.256179E+04     0.227057E+04     0.226857E+04     0.226562E+04     0.226432E+04     0.226219E+04     0.227179E+04     0.227153E+04     0.225037E+04     0.224899E+04     0.226744E+04     0.226592E+04     0.223778E+04     0.223601E+04     0.224186E+04     0.223587E+04     0.214445E+04     0.208119E+04     0.207983E+04     0.211417E+04     0.211286E+04     0.207731E+04     0.206229E+04     0.205313E+04     0.206873E+04     0.205543E+04     0.202700E+04     0.206348E+04     0.206165E+04     0.209356E+04     0.209547E+04     0.207781E+04     0.208627E+04     0.204339E+04     0.203500E+04     0.206642E+04     0.204921E+04     0.203415E+04     0.204602E+04     0.204480E+04     0.206569E+04     0.206422E+04     0.204456E+04     0.200000E+04     0.200980E+04     0.200726E+04     0.200584E+04     0.201004E+04     0.204225E+04     0.204036E+04     0.203920E+04     0.203656E+04     0.202011E+04     0.201727E+04     0.200192E+04     0.200066E+04     0.200000E+04     0.203275E+04     0.203847E+04     0.203708E+04     0.203466E+04     0.200146E+04     0.200045E+04     0.200000E+04     0.203510E+04     0.203974E+04     0.203846E+04     0.201892E+04     0.200256E+04     0.200000E+04     0.200000E+04     0.200000E+04     0.200000E+04     0.200000E+04     0.200000E+04     0.200000E+04     0.200000E+04     0.200000E+04     0.200000E+04     0.200000E+04     0.200000E+04     0.200000E+04     0.200000E+04     0.200000E+04     0.200000E+04     0.200000E+04     0.200000E+04     0.200000E+04     0.200000E+04     0.100000E+21
 0.460000E+03     0.214000E+04     0.214000E+04     0.214000E+04     0.214000E+04     0.214000E+04     0.214000E+04     0.214000E+04     0.214000E+04     0.214000E+04     0.214000E+04     0.214000E+04     0.214000E+04     0.214000E+04     0.222200E+04     0.221064E+04     0.225700E+04     0.244203E+04     0.230147E+04     0.229878E+04     0.229675E+04     0.235187E+04     0.233926E+04     0.233395E+04     0.231706E+04     0.233173E+04     0.235109E+04     0.233507E+04     0.232397E+04     0.232170E+04     0.224129E+04     0.226620E+04     0.218973E+04     0.259191E+04     0.257495E+04     0.259683E+04     0.257877E+04     0.256179E+04     0.227029E+04     0.226857E+04     0.226563E+04     0.226432E+04     0.226219E+04     0.227112E+04     0.227153E+04     0.225070E+04     0.224899E+04     0.226744E+04     0.226594E+04     0.223778E+04     0.223618E+04     0.224186E+04     0.223587E+04     0.214406E+04     0.208112E+04     0.207983E+04     0.211413E+04     0.211286E+04     0.207731E+04     0.206235E+04     0.205313E+04     0.207152E+04     0.207007E+04     0.202682E+04     0.206348E+04     0.206165E+04     0.209022E+04     0.209547E+04     0.207784E+04     0.208627E+04     0.204339E+04     0.204199E+04     0.206642E+04     0.205016E+04     0.203410E+04     0.204602E+04     0.204480E+04     0.206555E+04     0.206422E+04     0.204391E+04     0.200000E+04     0.200980E+04     0.200724E+04     0.200584E+04     0.201227E+04     0.204225E+04     0.204036E+04     0.203919E+04     0.203656E+04     0.202239E+04     0.201727E+04     0.200193E+04     0.200066E+04     0.200000E+04     0.203096E+04     0.203846E+04     0.203712E+04     0.203466E+04     0.200146E+04     0.200046E+04     0.200000E+04     0.203080E+04     0.203973E+04     0.203846E+04     0.201882E+04     0.200246E+04     0.200000E+04     0.200000E+04     0.200000E+04     0.200000E+04     0.200000E+04     0.200000E+04     0.200000E+04     0.200000E+04     0.200000E+04     0.200000E+04     0.200000E+04     0.200000E+04     0.200000E+04     0.200000E+04     0.200000E+04     0.200000E+04     0.200000E+04     0.200000E+04     0.200000E+04     0.200000E+04     0.100000E+21
 0.480000E+03     0.214000E+04     0.214000E+04     0.214000E+04     0.214000E+04     0.214000E+04     0.214000E+04     0.214000E+04     0.214000E+04     0.214000E+04     0.214000E+04     0.214000E+04     0.214000E+04     0.214000E+04     0.222200E+04     0.221196E+04     0.225700E+04     0.243270E+04     0.230147E+04     0.229878E+04     0.231908E+04     0.235187E+04     0.234047E+04     0.233319E+04     0.231706E+04     0.233067E+04     0.234916E+04     0.233507E+04     0.232379E+04     0.232170E+04     0.224129E+04     0.225935E+04     0.218973E+04     0.259015E+04     0.257495E+04     0.259683E+04     0.257985E+04     0.256179E+04     0.227009E+04     0.226857E+04     0.226556E+04     0.226432E+04     0.226219E+04     0.227016E+04     0.227153E+04     0.225245E+04     0.224899E+04     0.226744E+04     0.226607E+04     0.223778E+04     0.223636E+04     0.224147E+04     0.223587E+04     0.214886E+04     0.208099E+04     0.207983E+04     0.211401E+04     0.211286E+04     0.207731E+04     0.206344E+04     0.205313E+04     0.207136E+04     0.207007E+04     0.202820E+04     0.206348E+04     0.206165E+04     0.208695E+04     0.209547E+04     0.207845E+04     0.208627E+04     0.204339E+04     0.204213E+04     0.206642E+04     0.205181E+04     0.203472E+04     0.204602E+04     0.204488E+04     0.206540E+04     0.206422E+04     0.204981E+04     0.202121E+04     0.200581E+04     0.200712E+04     0.200584E+04     0.201552E+04     0.204225E+04     0.204036E+04     0.203926E+04     0.203656E+04     0.202404E+04     0.201727E+04     0.200185E+04     0.200066E+04     0.200000E+04     0.202774E+04     0.203846E+04     0.203724E+04     0.203466E+04     0.200146E+04     0.200054E+04     0.200000E+04     0.202709E+04     0.203964E+04     0.203846E+04     0.201970E+04     0.200223E+04     0.200000E+04     0.200000E+04     0.200000E+04     0.200000E+04     0.200000E+04     0.200000E+04     0.200000E+04     0.200000E+04     0.200000E+04     0.200000E+04     0.200000E+04     0.200000E+04     0.200000E+04     0.200000E+04     0.200000E+04     0.200000E+04     0.200000E+04     0.200000E+04     0.200000E+04     0.200000E+04     0.100000E+21
 0.500000E+03     0.214000E+04     0.214000E+04     0.214000E+04     0.214000E+04     0.214000E+04     0.214000E+04     0.214000E+04     0.214000E+04     0.214000E+04     0.214000E+04     0.214000E+04     0.214000E+04     0.214000E+04     0.222200E+04     0.221242E+04     0.223214E+04     0.242961E+04     0.230147E+04     0.229878E+04     0.236132E+04     0.235187E+04     0.234090E+04     0.233295E+04     0.231706E+04     0.233032E+04     0.234845E+04     0.233507E+04     0.232373E+04     0.232170E+04     0.224129E+04     0.225690E+04     0.218973E+04     0.258952E+04     0.257495E+04     0.259683E+04     0.258020E+04     0.256179E+04     0.227002E+04     0.226857E+04     0.226554E+04     0.226432E+04     0.226219E+04     0.226981E+04     0.227153E+04     0.225307E+04     0.224899E+04     0.226744E+04     0.226611E+04     0.223778E+04     0.223643E+04     0.224134E+04     0.223587E+04     0.215040E+04     0.208094E+04     0.207983E+04     0.211397E+04     0.211286E+04     0.207731E+04     0.207010E+04     0.205313E+04     0.207130E+04     0.207007E+04     0.202863E+04     0.206348E+04     0.206165E+04     0.208580E+04     0.209547E+04     0.207866E+04     0.208627E+04     0.206423E+04     0.204955E+04     0.204817E+04     0.204550E+04     0.203492E+04     0.204602E+04     0.204491E+04     0.206534E+04     0.206422E+04     0.206169E+04     0.206054E+04     0.200000E+04     0.200708E+04     0.200584E+04     0.201667E+04     0.204225E+04     0.204036E+04     0.203928E+04     0.203656E+04     0.202462E+04     0.201727E+04     0.200557E+04     0.200066E+04     0.200000E+04     0.202659E+04     0.203847E+04     0.203728E+04     0.203466E+04     0.200146E+04     0.200056E+04     0.200000E+04     0.202574E+04     0.203961E+04     0.203846E+04     0.201998E+04     0.200214E+04     0.200000E+04     0.200000E+04     0.200000E+04     0.200000E+04     0.200000E+04     0.200000E+04     0.200000E+04     0.200000E+04     0.200000E+04     0.200000E+04     0.200000E+04     0.200000E+04     0.200000E+04     0.200000E+04     0.200000E+04     0.200000E+04     0.200000E+04     0.200000E+04     0.200000E+04     0.200000E+04     0.100000E+21
 0.520000E+03     0.214000E+04     0.214000E+04     0.214000E+04     0.214000E+04     0.214000E+04     0.214000E+04     0.214000E+04     0.214000E+04     0.214000E+04     0.214000E+04     0.214000E+04     0.214000E+04     0.214000E+04     0.222200E+04     0.221071E+04     0.220800E+04     0.244191E+04     0.230147E+04     0.229878E+04     0.237083E+04     0.235187E+04     0.233930E+04     0.233395E+04     0.231706E+04     0.233171E+04     0.235097E+04     0.233507E+04     0.232397E+04     0.232170E+04     0.224129E+04     0.226601E+04     0.218973E+04     0.259185E+04     0.257495E+04     0.259683E+04     0.257878E+04     0.256179E+04     0.227028E+04     0.226857E+04     0.226563E+04     0.226432E+04     0.226219E+04     0.227108E+04     0.227153E+04     0.225074E+04     0.224899E+04     0.226744E+04     0.226594E+04     0.223778E+04     0.223619E+04     0.224186E+04     0.223587E+04     0.214411E+04     0.208111E+04     0.207983E+04     0.211412E+04     0.211286E+04     0.207731E+04     0.207610E+04     0.205313E+04     0.207152E+04     0.207007E+04     0.202308E+04     0.205462E+04     0.206165E+04     0.209006E+04     0.209547E+04     0.207785E+04     0.208627E+04     0.208448E+04     0.205289E+04     0.203045E+04     0.203997E+04     0.203411E+04     0.204602E+04     0.204480E+04     0.206554E+04     0.206422E+04     0.206184E+04     0.206054E+04     0.205870E+04     0.200723E+04     0.200584E+04     0.201241E+04     0.204225E+04     0.204036E+04     0.203920E+04     0.203656E+04     0.202248E+04     0.201727E+04     0.200994E+04     0.200066E+04     0.200000E+04     0.203084E+04     0.203846E+04     0.203712E+04     0.200000E+04     0.200146E+04     0.200046E+04     0.200000E+04     0.203059E+04     0.203973E+04     0.203846E+04     0.201883E+04     0.200245E+04     0.200000E+04     0.200000E+04     0.200000E+04     0.200000E+04     0.200000E+04     0.200000E+04     0.200000E+04     0.200000E+04     0.200000E+04     0.200000E+04     0.200000E+04     0.200000E+04     0.200000E+04     0.200000E+04     0.200000E+04     0.200000E+04     0.200000E+04     0.200000E+04     0.200000E+04     0.200000E+04     0.100000E+21
 0.540000E+03     0.214000E+04     0.214000E+04     0.214000E+04     0.214000E+04     0.214000E+04     0.214000E+04     0.214000E+04     0.214000E+04     0.214000E+04     0.214000E+04     0.214000E+04     0.214000E+04     0.214000E+04     0.222200E+04     0.221067E+04     0.220800E+04     0.243880E+04     0.230147E+04     0.229878E+04     0.236994E+04     0.235187E+04     0.233944E+04     0.233364E+04     0.231706E+04     0.233139E+04     0.235118E+04     0.233507E+04     0.232392E+04     0.232170E+04     0.224129E+04     0.226483E+04     0.218973E+04     0.259170E+04     0.257495E+04     0.259683E+04     0.257917E+04     0.256179E+04     0.227029E+04     0.226857E+04     0.226560E+04     0.226432E+04     0.226219E+04     0.227104E+04     0.227153E+04     0.225115E+04     0.224899E+04     0.226744E+04     0.226597E+04     0.225791E+04     0.224048E+04     0.224328E+04     0.224146E+04     0.214768E+04     0.208110E+04     0.207983E+04     0.211410E+04     0.211286E+04     0.207731E+04     0.207613E+04     0.205313E+04     0.205766E+04     0.207007E+04     0.202358E+04     0.205462E+04     0.206165E+04     0.209011E+04     0.209547E+04     0.208771E+04     0.208627E+04     0.208448E+04     0.205338E+04     0.203044E+04     0.205175E+04     0.203434E+04     0.204602E+04     0.204483E+04     0.205132E+04     0.206422E+04     0.206181E+04     0.206054E+04     0.205870E+04     0.200721E+04     0.200584E+04     0.201256E+04     0.204225E+04     0.204036E+04     0.203922E+04     0.203656E+04     0.202242E+04     0.201727E+04     0.200974E+04     0.200066E+04     0.200000E+04     0.203058E+04     0.203846E+04     0.203714E+04     0.200000E+04     0.200146E+04     0.200048E+04     0.200000E+04     0.203099E+04     0.203970E+04     0.203846E+04     0.201918E+04     0.200243E+04     0.200000E+04     0.200000E+04     0.200000E+04     0.200000E+04     0.200000E+04     0.200000E+04     0.200000E+04     0.200000E+04     0.200000E+04     0.200000E+04     0.200000E+04     0.200000E+04     0.200000E+04     0.200000E+04     0.200000E+04     0.200000E+04     0.200000E+04     0.200000E+04     0.200000E+04     0.200000E+04     0.100000E+21
 0.560000E+03     0.214000E+04     0.214000E+04     0.214000E+04     0.214000E+04     0.214000E+04     0.214000E+04     0.214000E+04     0.214000E+04     0.214000E+04     0.214000E+04     0.214000E+04     0.214000E+04     0.214000E+04     0.222200E+04     0.220934E+04     0.225700E+04     0.244316E+04     0.230147E+04     0.229878E+04     0.237398E+04     0.235187E+04     0.233881E+04     0.233400E+04     0.231706E+04     0.233189E+04     0.235286E+04     0.233507E+04     0.232400E+04     0.232170E+04     0.224129E+04     0.226825E+04     0.218973E+04     0.259278E+04     0.257495E+04     0.259683E+04     0.257866E+04     0.256179E+04     0.227051E+04     0.226857E+04     0.226563E+04     0.226432E+04     0.226219E+04     0.227170E+04     0.227153E+04     0.225030E+04     0.224899E+04     0.226744E+04     0.226591E+04     0.226318E+04     0.224144E+04     0.224433E+04     0.224290E+04     0.214641E+04     0.201974E+04     0.207983E+04     0.211417E+04     0.211286E+04     0.207731E+04     0.207609E+04     0.205313E+04     0.205350E+04     0.207007E+04     0.202302E+04     0.205462E+04     0.206165E+04     0.209300E+04     0.209547E+04     0.208667E+04     0.207188E+04     0.208448E+04     0.205180E+04     0.203044E+04     0.205614E+04     0.203405E+04     0.204602E+04     0.204479E+04     0.204691E+04     0.206422E+04     0.206186E+04     0.206054E+04     0.205870E+04     0.200726E+04     0.200584E+04     0.201035E+04     0.204225E+04     0.204036E+04     0.203919E+04     0.203656E+04     0.202061E+04     0.201727E+04     0.201000E+04     0.200066E+04     0.200000E+04     0.203254E+04     0.203846E+04     0.203708E+04     0.200000E+04     0.200146E+04     0.200044E+04     0.200000E+04     0.203421E+04     0.203975E+04     0.203847E+04     0.201877E+04     0.200255E+04     0.200000E+04     0.200000E+04     0.200000E+04     0.200000E+04     0.200000E+04     0.200000E+04     0.200000E+04     0.200000E+04     0.200000E+04     0.200000E+04     0.200000E+04     0.200000E+04     0.200000E+04     0.200000E+04     0.200000E+04     0.200000E+04     0.200000E+04     0.200000E+04     0.200000E+04     0.200000E+04     0.100000E+21
 0.580000E+03     0.214000E+04     0.214000E+04     0.214000E+04     0.214000E+04     0.214000E+04     0.214000E+04     0.214000E+04     0.214000E+04     0.214000E+04     0.214000E+04     0.214000E+04     0.214000E+04     0.214000E+04     0.222200E+04     0.221109E+04     0.225700E+04     0.243739E+04     0.230147E+04     0.229878E+04     0.236821E+04     0.235187E+04     0.233973E+04     0.233355E+04     0.231706E+04     0.233122E+04     0.235049E+04     0.233507E+04     0.232389E+04     0.232170E+04     0.224129E+04     0.226333E+04     0.218973E+04     0.259124E+04     0.257495E+04     0.259683E+04     0.257932E+04     0.256179E+04     0.227023E+04     0.226857E+04     0.226559E+04     0.226432E+04     0.226219E+04     0.227077E+04     0.227153E+04     0.225148E+04     0.224899E+04     0.226744E+04     0.226600E+04     0.226318E+04     0.224388E+04     0.224427E+04     0.224290E+04     0.214941E+04     0.202466E+04     0.207983E+04     0.211408E+04     0.211286E+04     0.207731E+04     0.207614E+04     0.205313E+04     0.205557E+04     0.207006E+04     0.202372E+04     0.205462E+04     0.206165E+04     0.208909E+04     0.209547E+04     0.208600E+04     0.207188E+04     0.208448E+04     0.205404E+04     0.203044E+04     0.205404E+04     0.203443E+04     0.204602E+04     0.204484E+04     0.204886E+04     0.206422E+04     0.206179E+04     0.206054E+04     0.205870E+04     0.200718E+04     0.200584E+04     0.201347E+04     0.204225E+04     0.204036E+04     0.203923E+04     0.203656E+04     0.202295E+04     0.201727E+04     0.200966E+04     0.200066E+04     0.200000E+04     0.202974E+04     0.203846E+04     0.203717E+04     0.200000E+04     0.200146E+04     0.200049E+04     0.200000E+04     0.202966E+04     0.203969E+04     0.203846E+04     0.201929E+04     0.200237E+04     0.200000E+04     0.200000E+04     0.200000E+04     0.200000E+04     0.200000E+04     0.200000E+04     0.200000E+04     0.200000E+04     0.200000E+04     0.200000E+04     0.200000E+04     0.200000E+04     0.200000E+04     0.200000E+04     0.200000E+04     0.200000E+04     0.200000E+04     0.200000E+04     0.200000E+04     0.200000E+04     0.100000E+21
 0.600000E+03     0.214000E+04     0.214000E+04     0.214000E+04     0.214000E+04     0.214000E+04     0.214000E+04     0.214000E+04     0.214000E+04     0.214000E+04     0.214000E+04     0.214000E+04     0.214000E+04     0.214000E+04     0.222200E+04     0.221227E+04     0.225700E+04     0.243069E+04     0.230147E+04     0.229878E+04     0.236219E+04     0.235187E+04     0.234076E+04     0.233304E+04     0.231706E+04     0.233044E+04     0.234868E+04     0.233507E+04     0.232375E+04     0.232170E+04     0.224129E+04     0.225774E+04     0.218973E+04     0.258973E+04     0.257495E+04     0.259683E+04     0.258008E+04     0.256179E+04     0.227005E+04     0.226857E+04     0.226555E+04     0.226432E+04     0.226219E+04     0.226993E+04     0.227153E+04     0.225285E+04     0.224899E+04     0.225894E+04     0.226254E+04     0.226318E+04     0.224599E+04     0.224420E+04     0.224290E+04     0.215285E+04     0.205094E+04     0.207983E+04     0.211398E+04     0.211286E+04     0.211114E+04     0.208937E+04     0.205313E+04     0.205710E+04     0.207006E+04     0.202451E+04     0.205462E+04     0.206165E+04     0.208618E+04     0.209547E+04     0.208522E+04     0.207188E+04     0.208448E+04     0.205649E+04     0.203044E+04     0.205185E+04     0.202953E+04     0.202466E+04     0.203632E+04     0.205054E+04     0.206422E+04     0.206170E+04     0.206054E+04     0.203698E+04     0.200709E+04     0.200584E+04     0.200321E+04     0.200186E+04     0.204036E+04     0.203927E+04     0.203656E+04     0.202443E+04     0.201727E+04     0.200928E+04     0.200066E+04     0.200000E+04     0.202698E+04     0.203846E+04     0.203727E+04     0.200000E+04     0.200146E+04     0.200055E+04     0.200000E+04     0.202618E+04     0.203962E+04     0.203846E+04     0.201988E+04     0.200217E+04     0.200000E+04     0.200000E+04     0.200000E+04     0.200000E+04     0.200000E+04     0.200000E+04     0.200000E+04     0.200000E+04     0.200000E+04     0.200000E+04     0.200000E+04     0.200000E+04     0.200000E+04     0.200000E+04     0.200000E+04     0.200000E+04     0.200000E+04     0.200000E+04     0.200000E+04     0.200000E+04     0.100000E+21
 0.620000E+03     0.214000E+04     0.214000E+04     0.214000E+04     0.214000E+04     0.214000E+04     0.214000E+04     0.214000E+04     0.214000E+04     0.214000E+04     0.214000E+04     0.214000E+04     0.214000E+04     0.214000E+04     0.222200E+04     0.220950E+04     0.225700E+04     0.244311E+04     0.230147E+04     0.229878E+04     0.237376E+04     0.235187E+04     0.233884E+04     0.233400E+04     0.231706E+04     0.233188E+04     0.235268E+04     0.233507E+04     0.232400E+04     0.232170E+04     0.231839E+04     0.226811E+04     0.218973E+04     0.259271E+04     0.257495E+04     0.259683E+04     0.257867E+04     0.256179E+04     0.227048E+04     0.226857E+04     0.226563E+04     0.226432E+04     0.226219E+04     0.227165E+04     0.227153E+04     0.225032E+04     0.224899E+04     0.224682E+04     0.226007E+04     0.226319E+04     0.224159E+04     0.224433E+04     0.224290E+04     0.214641E+04     0.208332E+04     0.207983E+04     0.211416E+04     0.211286E+04     0.211114E+04     0.208701E+04     0.207369E+04     0.205366E+04     0.207007E+04     0.202302E+04     0.205462E+04     0.206165E+04     0.209270E+04     0.209547E+04     0.208666E+04     0.207188E+04     0.208448E+04     0.205187E+04     0.203044E+04     0.205605E+04     0.203527E+04     0.202466E+04     0.203743E+04     0.204703E+04     0.206422E+04     0.206186E+04     0.206054E+04     0.200980E+04     0.200726E+04     0.200584E+04     0.200351E+04     0.200186E+04     0.204036E+04     0.203919E+04     0.203656E+04     0.202086E+04     0.201727E+04     0.201000E+04     0.200066E+04     0.200000E+04     0.203242E+04     0.203846E+04     0.203709E+04     0.200000E+04     0.200146E+04     0.200044E+04     0.200000E+04     0.203387E+04     0.203975E+04     0.203846E+04     0.201877E+04     0.200254E+04     0.200000E+04     0.200000E+04     0.200000E+04     0.200000E+04     0.200000E+04     0.200000E+04     0.200000E+04     0.200000E+04     0.200000E+04     0.200000E+04     0.200000E+04     0.200000E+04     0.200000E+04     0.200000E+04     0.200000E+04     0.200000E+04     0.200000E+04     0.200000E+04     0.200000E+04     0.200000E+04     0.100000E+21
 0.640000E+03     0.214000E+04     0.214000E+04     0.214000E+04     0.214000E+04     0.214000E+04     0.214000E+04     0.214000E+04     0.214000E+04     0.214000E+04     0.214000E+04     0.214000E+04     0.214000E+04     0.214000E+04     0.222200E+04     0.221172E+04     0.225700E+04     0.243412E+04     0.230147E+04     0.229878E+04     0.236513E+04     0.235187E+04     0.234025E+04     0.233330E+04     0.231706E+04     0.233084E+04     0.234953E+04     0.233507E+04     0.232382E+04     0.232170E+04     0.231839E+04     0.226053E+04     0.218973E+04     0.259046E+04     0.257495E+04     0.259683E+04     0.257969E+04     0.256179E+04     0.227013E+04     0.226857E+04     0.226557E+04     0.226432E+04     0.226219E+04     0.227033E+04     0.227152E+04     0.225217E+04     0.224899E+04     0.224682E+04     0.225892E+04     0.224584E+04     0.223993E+04     0.224424E+04     0.224290E+04     0.215108E+04     0.208289E+04     0.207983E+04     0.211403E+04     0.211286E+04     0.211114E+04     0.208872E+04     0.207370E+04     0.205639E+04     0.207007E+04     0.202410E+04     0.205462E+04     0.206165E+04     0.208754E+04     0.209547E+04     0.208562E+04     0.207188E+04     0.208448E+04     0.205528E+04     0.203044E+04     0.204185E+04     0.203475E+04     0.202466E+04     0.203663E+04     0.204974E+04     0.206422E+04     0.206175E+04     0.206054E+04     0.200980E+04     0.200714E+04     0.200584E+04     0.200328E+04     0.200186E+04     0.204036E+04     0.203925E+04     0.203656E+04     0.202374E+04     0.201727E+04     0.200947E+04     0.200066E+04     0.200000E+04     0.202831E+04     0.203847E+04     0.202066E+04     0.200000E+04     0.200146E+04     0.200052E+04     0.200000E+04     0.202781E+04     0.203966E+04     0.203847E+04     0.201958E+04     0.200227E+04     0.200000E+04     0.200000E+04     0.200000E+04     0.200000E+04     0.200000E+04     0.200000E+04     0.200000E+04     0.200000E+04     0.200000E+04     0.200000E+04     0.200000E+04     0.200000E+04     0.200000E+04     0.200000E+04     0.200000E+04     0.200000E+04     0.200000E+04     0.200000E+04     0.200000E+04     0.200000E+04     0.100000E+21
 0.660000E+03     0.214000E+04     0.214000E+04     0.214000E+04     0.214000E+04     0.214000E+04     0.214000E+04     0.214000E+04     0.214000E+04     0.214000E+04     0.214000E+04     0.214000E+04     0.214000E+04     0.214000E+04     0.222200E+04     0.220967E+04     0.225700E+04     0.244181E+04     0.230147E+04     0.229878E+04     0.237308E+04     0.235187E+04     0.233895E+04     0.233387E+04     0.231706E+04     0.233174E+04     0.235251E+04     0.233507E+04     0.232398E+04     0.232170E+04     0.231839E+04     0.226742E+04     0.218973E+04     0.259255E+04     0.257495E+04     0.259683E+04     0.257882E+04     0.256179E+04     0.227045E+04     0.226857E+04     0.226562E+04     0.226432E+04     0.226219E+04     0.227156E+04     0.227153E+04     0.225052E+04     0.224899E+04     0.224682E+04     0.225994E+04     0.223778E+04     0.223607E+04     0.224432E+04     0.224290E+04     0.214718E+04     0.208329E+04     0.207983E+04     0.211415E+04     0.211286E+04     0.211114E+04     0.208724E+04     0.207369E+04     0.205385E+04     0.207007E+04     0.202321E+04     0.205462E+04     0.206165E+04     0.209234E+04     0.209547E+04     0.208652E+04     0.207188E+04     0.208448E+04     0.205217E+04     0.203044E+04     0.203810E+04     0.203518E+04     0.202466E+04     0.203731E+04     0.204718E+04     0.206422E+04     0.206185E+04     0.206054E+04     0.200980E+04     0.200725E+04     0.200584E+04     0.200349E+04     0.200186E+04     0.204036E+04     0.203920E+04     0.203656E+04     0.202110E+04     0.201727E+04     0.200992E+04     0.200066E+04     0.200000E+04     0.203213E+04     0.203846E+04     0.201081E+04     0.200000E+04     0.200146E+04     0.200045E+04     0.200000E+04     0.203354E+04     0.203973E+04     0.203847E+04     0.201891E+04     0.200252E+04     0.200000E+04     0.200000E+04     0.200000E+04     0.200000E+04     0.200000E+04     0.200000E+04     0.200000E+04     0.200000E+04     0.200000E+04     0.200000E+04     0.200000E+04     0.200000E+04     0.200000E+04     0.200000E+04     0.200000E+04     0.200000E+04     0.200000E+04     0.200000E+04     0.200000E+04     0.200000E+04     0.100000E+21
 0.680000E+03     0.214000E+04     0.214000E+04     0.214000E+04     0.214000E+04     0.214000E+04     0.214000E+04     0.214000E+04     0.214000E+04     0.214000E+04     0.214000E+04     0.214000E+04     0.214000E+04     0.214000E+04     0.222200E+04     0.220967E+04     0.223133E+04     0.244181E+04     0.230147E+04     0.229878E+04     0.237308E+04     0.235187E+04     0.233895E+04     0.233387E+04     0.231706E+04     0.233174E+04     0.235251E+04     0.233507E+04     0.232398E+04     0.232170E+04     0.231839E+04     0.226742E+04     0.218973E+04     0.259255E+04     0.257495E+04     0.259683E+04     0.257882E+04     0.256179E+04     0.227045E+04     0.226857E+04     0.226562E+04     0.226432E+04     0.226219E+04     0.227156E+04     0.227153E+04     0.225052E+04     0.224899E+04     0.224682E+04     0.225994E+04     0.223778E+04     0.223607E+04     0.224432E+04     0.224290E+04     0.214718E+04     0.208329E+04     0.207983E+04     0.211415E+04     0.211286E+04     0.211114E+04     0.208724E+04     0.207369E+04     0.205385E+04     0.207007E+04     0.202321E+04     0.205462E+04     0.206165E+04     0.209234E+04     0.209547E+04     0.208652E+04     0.207188E+04     0.208448E+04     0.205217E+04     0.203044E+04     0.203810E+04     0.203518E+04     0.202466E+04     0.203731E+04     0.204409E+04     0.204435E+04     0.206185E+04     0.206054E+04     0.200980E+04     0.200725E+04     0.200584E+04     0.200749E+04     0.203056E+04     0.204036E+04     0.203920E+04     0.203656E+04     0.202110E+04     0.201727E+04     0.200992E+04     0.200066E+04     0.200000E+04     0.203213E+04     0.203846E+04     0.201081E+04     0.200000E+04     0.200146E+04     0.200045E+04     0.200000E+04     0.203354E+04     0.203973E+04     0.203847E+04     0.201891E+04     0.200252E+04     0.200000E+04     0.200000E+04     0.200000E+04     0.200000E+04     0.200000E+04     0.200000E+04     0.200000E+04     0.200000E+04     0.200000E+04     0.200000E+04     0.200000E+04     0.200000E+04     0.200000E+04     0.200000E+04     0.200000E+04     0.200000E+04     0.200000E+04     0.200000E+04     0.200000E+04     0.200000E+04     0.100000E+21
 0.700000E+03     0.214000E+04     0.214000E+04     0.214000E+04     0.214000E+04     0.214000E+04     0.214000E+04     0.214000E+04     0.214000E+04     0.214000E+04     0.214000E+04     0.214000E+04     0.214000E+04     0.214000E+04     0.222200E+04     0.221172E+04     0.222200E+04     0.243412E+04     0.230147E+04     0.229878E+04     0.236513E+04     0.235187E+04     0.234025E+04     0.233330E+04     0.231706E+04     0.233084E+04     0.234953E+04     0.233507E+04     0.232382E+04     0.232170E+04     0.231839E+04     0.226053E+04     0.218973E+04     0.259046E+04     0.257495E+04     0.259683E+04     0.257969E+04     0.256179E+04     0.227013E+04     0.226857E+04     0.226557E+04     0.226432E+04     0.226219E+04     0.227033E+04     0.227152E+04     0.225217E+04     0.224899E+04     0.224682E+04     0.225892E+04     0.223778E+04     0.223633E+04     0.224424E+04     0.224290E+04     0.218169E+04     0.208289E+04     0.207983E+04     0.211403E+04     0.211286E+04     0.211114E+04     0.208872E+04     0.207370E+04     0.205639E+04     0.207007E+04     0.202410E+04     0.205462E+04     0.206165E+04     0.208754E+04     0.209547E+04     0.208562E+04     0.207188E+04     0.208448E+04     0.205528E+04     0.203332E+04     0.203855E+04     0.203475E+04     0.202466E+04     0.203663E+04     0.204161E+04     0.204036E+04     0.206175E+04     0.206054E+04     0.200980E+04     0.200714E+04     0.200584E+04     0.201494E+04     0.204225E+04     0.204036E+04     0.203925E+04     0.203656E+04     0.202374E+04     0.201727E+04     0.200947E+04     0.200066E+04     0.200000E+04     0.202831E+04     0.203847E+04     0.201326E+04     0.200000E+04     0.200146E+04     0.200052E+04     0.200000E+04     0.202781E+04     0.203966E+04     0.203847E+04     0.201958E+04     0.200227E+04     0.200000E+04     0.200000E+04     0.200000E+04     0.200000E+04     0.200000E+04     0.200000E+04     0.200000E+04     0.200000E+04     0.200000E+04     0.200000E+04     0.200000E+04     0.200000E+04     0.200000E+04     0.200000E+04     0.200000E+04     0.200000E+04     0.200000E+04     0.200000E+04     0.200000E+04     0.200000E+04     0.100000E+21
 0.720000E+03     0.214000E+04     0.214000E+04     0.214000E+04     0.214000E+04     0.214000E+04     0.214000E+04     0.214000E+04     0.214000E+04     0.214000E+04     0.214000E+04     0.214000E+04     0.214000E+04     0.214000E+04     0.222200E+04     0.220950E+04     0.222200E+04     0.244311E+04     0.230147E+04     0.229878E+04     0.237376E+04     0.235187E+04     0.233884E+04     0.233400E+04     0.231706E+04     0.233188E+04     0.235268E+04     0.233507E+04     0.232400E+04     0.232170E+04     0.231839E+04     0.226811E+04     0.218973E+04     0.259271E+04     0.257495E+04     0.259683E+04     0.257867E+04     0.256179E+04     0.227048E+04     0.226857E+04     0.226563E+04     0.226432E+04     0.226219E+04     0.227165E+04     0.227153E+04     0.225032E+04     0.224899E+04     0.224682E+04     0.226007E+04     0.223778E+04     0.223606E+04     0.224433E+04     0.224290E+04     0.223721E+04     0.208332E+04     0.207983E+04     0.211416E+04     0.211286E+04     0.211114E+04     0.208701E+04     0.207369E+04     0.205366E+04     0.207007E+04     0.202302E+04     0.205462E+04     0.206165E+04     0.209270E+04     0.209547E+04     0.209018E+04     0.208345E+04     0.208448E+04     0.205187E+04     0.203960E+04     0.203362E+04     0.204324E+04     0.202466E+04     0.203743E+04     0.204184E+04     0.204036E+04     0.206186E+04     0.206054E+04     0.200980E+04     0.200726E+04     0.200584E+04     0.201052E+04     0.204225E+04     0.204036E+04     0.203919E+04     0.203656E+04     0.202086E+04     0.201727E+04     0.201000E+04     0.200066E+04     0.200000E+04     0.203242E+04     0.203846E+04     0.201057E+04     0.200000E+04     0.200146E+04     0.200044E+04     0.200000E+04     0.203387E+04     0.203975E+04     0.203846E+04     0.201877E+04     0.200254E+04     0.200000E+04     0.200000E+04     0.200000E+04     0.200000E+04     0.200000E+04     0.200000E+04     0.200000E+04     0.200000E+04     0.200000E+04     0.200000E+04     0.200000E+04     0.200000E+04     0.200000E+04     0.200000E+04     0.200000E+04     0.200000E+04     0.200000E+04     0.200000E+04     0.200000E+04     0.200000E+04     0.100000E+21
 0.740000E+03     0.214000E+04     0.214000E+04     0.214000E+04     0.214000E+04     0.214000E+04     0.214000E+04     0.214000E+04     0.214000E+04     0.214000E+04     0.214000E+04     0.214000E+04     0.214000E+04     0.214000E+04     0.222200E+04     0.221227E+04     0.222200E+04     0.243069E+04     0.230147E+04     0.229878E+04     0.236219E+04     0.235187E+04     0.234076E+04     0.233304E+04     0.231706E+04     0.233044E+04     0.234868E+04     0.233507E+04     0.232375E+04     0.232170E+04     0.231839E+04     0.225774E+04     0.218973E+04     0.258973E+04     0.257495E+04     0.259683E+04     0.258008E+04     0.256179E+04     0.227005E+04     0.226857E+04     0.226555E+04     0.226432E+04     0.226219E+04     0.226993E+04     0.227153E+04     0.225285E+04     0.224899E+04     0.224682E+04     0.225850E+04     0.223778E+04     0.223641E+04     0.224420E+04     0.224290E+04     0.223759E+04     0.208275E+04     0.207983E+04     0.209977E+04     0.211286E+04     0.211114E+04     0.208937E+04     0.207370E+04     0.205710E+04     0.207006E+04     0.202451E+04     0.205462E+04     0.206165E+04     0.208618E+04     0.209547E+04     0.209302E+04     0.209195E+04     0.208448E+04     0.205649E+04     0.203960E+04     0.203265E+04     0.204656E+04     0.202466E+04     0.202889E+04     0.204154E+04     0.204036E+04     0.206170E+04     0.206054E+04     0.200980E+04     0.200709E+04     0.200584E+04     0.201629E+04     0.204225E+04     0.204036E+04     0.203927E+04     0.203656E+04     0.202443E+04     0.201727E+04     0.200928E+04     0.200066E+04     0.200000E+04     0.202698E+04     0.203846E+04     0.201426E+04     0.200000E+04     0.200146E+04     0.200055E+04     0.200000E+04     0.202618E+04     0.203962E+04     0.203846E+04     0.201988E+04     0.200217E+04     0.200000E+04     0.200000E+04     0.200000E+04     0.200000E+04     0.200000E+04     0.200000E+04     0.200000E+04     0.200000E+04     0.200000E+04     0.200000E+04     0.200000E+04     0.200000E+04     0.200000E+04     0.200000E+04     0.200000E+04     0.200000E+04     0.200000E+04     0.200000E+04     0.200000E+04     0.200000E+04     0.100000E+21
 0.760000E+03     0.214000E+04     0.214000E+04     0.214000E+04     0.214000E+04     0.214000E+04     0.214000E+04     0.214000E+04     0.214000E+04     0.214000E+04     0.214000E+04     0.214000E+04     0.214000E+04     0.214000E+04     0.222200E+04     0.221109E+04     0.222200E+04     0.243739E+04     0.230147E+04     0.229878E+04     0.236821E+04     0.235187E+04     0.233973E+04     0.233355E+04     0.231706E+04     0.233122E+04     0.235049E+04     0.233507E+04     0.232389E+04     0.232170E+04     0.231839E+04     0.226333E+04     0.218973E+04     0.259124E+04     0.257495E+04     0.259683E+04     0.257932E+04     0.256179E+04     0.227023E+04     0.226857E+04     0.226559E+04     0.226432E+04     0.226219E+04     0.227077E+04     0.227153E+04     0.225148E+04     0.223969E+04     0.224682E+04     0.225935E+04     0.223778E+04     0.223624E+04     0.224427E+04     0.224290E+04     0.223739E+04     0.208305E+04     0.207983E+04     0.208820E+04     0.211286E+04     0.211114E+04     0.208809E+04     0.207369E+04     0.205557E+04     0.207006E+04     0.202372E+04     0.205462E+04     0.206165E+04     0.206023E+04     0.209547E+04     0.209309E+04     0.209194E+04     0.208448E+04     0.205404E+04     0.203960E+04     0.203194E+04     0.204740E+04     0.202466E+04     0.202344E+04     0.204168E+04     0.204036E+04     0.206179E+04     0.206054E+04     0.200980E+04     0.200718E+04     0.200584E+04     0.201347E+04     0.204225E+04     0.204036E+04     0.203923E+04     0.203656E+04     0.203507E+04     0.201727E+04     0.200966E+04     0.200066E+04     0.200000E+04     0.202974E+04     0.200000E+04     0.200000E+04     0.200000E+04     0.200146E+04     0.200049E+04     0.200000E+04     0.202966E+04     0.203969E+04     0.203846E+04     0.201929E+04     0.200237E+04     0.200000E+04     0.200000E+04     0.200000E+04     0.200000E+04     0.200000E+04     0.200000E+04     0.200000E+04     0.200000E+04     0.200000E+04     0.200000E+04     0.200000E+04     0.200000E+04     0.200000E+04     0.200000E+04     0.200000E+04     0.200000E+04     0.200000E+04     0.200000E+04     0.200000E+04     0.200000E+04     0.100000E+21
 0.780000E+03     0.214000E+04     0.214000E+04     0.214000E+04     0.214000E+04     0.214000E+04     0.214000E+04     0.214000E+04     0.214000E+04     0.214000E+04     0.214000E+04     0.214000E+04     0.214000E+04     0.214000E+04     0.222200E+04     0.220934E+04     0.222200E+04     0.244316E+04     0.230147E+04     0.229878E+04     0.237398E+04     0.235187E+04     0.233881E+04     0.233400E+04     0.231706E+04     0.233189E+04     0.235286E+04     0.233507E+04     0.232400E+04     0.232170E+04     0.231839E+04     0.223754E+04     0.218973E+04     0.259278E+04     0.257495E+04     0.259683E+04     0.258765E+04     0.256179E+04     0.250767E+04     0.226857E+04     0.226563E+04     0.226432E+04     0.226219E+04     0.227170E+04     0.227153E+04     0.225030E+04     0.223969E+04     0.224682E+04     0.226008E+04     0.223778E+04     0.223605E+04     0.224433E+04     0.224290E+04     0.223721E+04     0.208333E+04     0.207983E+04     0.208638E+04     0.211286E+04     0.211114E+04     0.208699E+04     0.207370E+04     0.205350E+04     0.207007E+04     0.202302E+04     0.205462E+04     0.206165E+04     0.206002E+04     0.209547E+04     0.209314E+04     0.209195E+04     0.207418E+04     0.204995E+04     0.203960E+04     0.203126E+04     0.205138E+04     0.203773E+04     0.202628E+04     0.204185E+04     0.204036E+04     0.206186E+04     0.206054E+04     0.200980E+04     0.200726E+04     0.200584E+04     0.200672E+04     0.201491E+04     0.204036E+04     0.203919E+04     0.203656E+04     0.203481E+04     0.201727E+04     0.201000E+04     0.200066E+04     0.200000E+04     0.203254E+04     0.200000E+04     0.200000E+04     0.200000E+04     0.200146E+04     0.200044E+04     0.200000E+04     0.203421E+04     0.203975E+04     0.203847E+04     0.201877E+04     0.200255E+04     0.200000E+04     0.200000E+04     0.200000E+04     0.200000E+04     0.200000E+04     0.200000E+04     0.200000E+04     0.200000E+04     0.200000E+04     0.200000E+04     0.200000E+04     0.200000E+04     0.200000E+04     0.200000E+04     0.200000E+04     0.200000E+04     0.200000E+04     0.200000E+04     0.200000E+04     0.200000E+04     0.100000E+21
 0.800000E+03     0.214000E+04     0.214000E+04     0.214000E+04     0.214000E+04     0.214000E+04     0.214000E+04     0.214000E+04     0.214000E+04     0.214000E+04     0.214000E+04     0.214000E+04     0.214000E+04     0.214000E+04     0.222200E+04     0.221067E+04     0.222200E+04     0.243880E+04     0.230147E+04     0.229878E+04     0.236994E+04     0.235187E+04     0.233944E+04     0.233364E+04     0.231706E+04     0.233139E+04     0.235118E+04     0.233507E+04     0.232392E+04     0.232170E+04     0.231839E+04     0.222355E+04     0.218973E+04     0.259170E+04     0.257495E+04     0.259683E+04     0.259289E+04     0.256179E+04     0.250241E+04     0.226857E+04     0.226560E+04     0.226432E+04     0.226219E+04     0.227104E+04     0.227153E+04     0.225115E+04     0.223969E+04     0.224682E+04     0.225955E+04     0.223778E+04     0.223618E+04     0.224429E+04     0.224290E+04     0.223735E+04     0.208314E+04     0.207983E+04     0.208766E+04     0.211286E+04     0.211114E+04     0.208781E+04     0.207369E+04     0.205503E+04     0.207007E+04     0.202358E+04     0.205462E+04     0.206165E+04     0.206017E+04     0.209547E+04     0.209310E+04     0.209195E+04     0.207007E+04     0.204939E+04     0.203960E+04     0.203172E+04     0.205367E+04     0.203998E+04     0.202901E+04     0.204174E+04     0.204036E+04     0.206181E+04     0.206054E+04     0.205870E+04     0.200721E+04     0.200584E+04     0.200340E+04     0.200186E+04     0.204036E+04     0.203922E+04     0.203656E+04     0.203501E+04     0.201727E+04     0.200974E+04     0.200066E+04     0.200000E+04     0.203058E+04     0.200000E+04     0.200000E+04     0.200000E+04     0.200146E+04     0.200048E+04     0.200000E+04     0.203099E+04     0.203970E+04     0.203846E+04     0.201918E+04     0.200243E+04     0.200000E+04     0.200000E+04     0.200000E+04     0.200000E+04     0.200000E+04     0.200000E+04     0.200000E+04     0.200000E+04     0.200000E+04     0.200000E+04     0.200000E+04     0.200000E+04     0.200000E+04     0.200000E+04     0.200000E+04     0.200000E+04     0.200000E+04     0.200000E+04     0.200000E+04     0.200000E+04     0.100000E+21
 0.820000E+03     0.214000E+04     0.214000E+04     0.214000E+04     0.214000E+04     0.214000E+04     0.214000E+04     0.214000E+04     0.214000E+04     0.214000E+04     0.214000E+04     0.214000E+04     0.214000E+04     0.216695E+04     0.222200E+04     0.221071E+04     0.222200E+04     0.244191E+04     0.230147E+04     0.229878E+04     0.237083E+04     0.235187E+04     0.233930E+04     0.233395E+04     0.231706E+04     0.233171E+04     0.235097E+04     0.233507E+04     0.232397E+04     0.232170E+04     0.231839E+04     0.222408E+04     0.218973E+04     0.259185E+04     0.257495E+04     0.259683E+04     0.259281E+04     0.256179E+04     0.250132E+04     0.226857E+04     0.226563E+04     0.226432E+04     0.226219E+04     0.227108E+04     0.227153E+04     0.225074E+04     0.223969E+04     0.224682E+04     0.225981E+04     0.223778E+04     0.223619E+04     0.224432E+04     0.224290E+04     0.223724E+04     0.208316E+04     0.207983E+04     0.208726E+04     0.211286E+04     0.211114E+04     0.208728E+04     0.207370E+04     0.205506E+04     0.207007E+04     0.202308E+04     0.205462E+04     0.206165E+04     0.206018E+04     0.209547E+04     0.209313E+04     0.209195E+04     0.207007E+04     0.204907E+04     0.203960E+04     0.203168E+04     0.205395E+04     0.203998E+04     0.202876E+04     0.204173E+04     0.204036E+04     0.206184E+04     0.206054E+04     0.205870E+04     0.200723E+04     0.200584E+04     0.200341E+04     0.200186E+04     0.204036E+04     0.203920E+04     0.203656E+04     0.203502E+04     0.201727E+04     0.200994E+04     0.200066E+04     0.200000E+04     0.203084E+04     0.202364E+04     0.200586E+04     0.200000E+04     0.200146E+04     0.200046E+04     0.200000E+04     0.203059E+04     0.203973E+04     0.203846E+04     0.201883E+04     0.200245E+04     0.200000E+04     0.200000E+04     0.200000E+04     0.200000E+04     0.200000E+04     0.200000E+04     0.200000E+04     0.200000E+04     0.200000E+04     0.200000E+04     0.200000E+04     0.200000E+04     0.200000E+04     0.200000E+04     0.200000E+04     0.200000E+04     0.200000E+04     0.200000E+04     0.200000E+04     0.200000E+04     0.100000E+21
 0.840000E+03     0.214000E+04     0.214000E+04     0.214000E+04     0.214000E+04     0.214000E+04     0.214000E+04     0.214000E+04     0.214000E+04     0.214000E+04     0.214000E+04     0.214000E+04     0.214000E+04     0.218598E+04     0.222200E+04     0.221242E+04     0.222200E+04     0.242961E+04     0.230147E+04     0.229878E+04     0.236132E+04     0.235187E+04     0.234090E+04     0.233295E+04     0.231706E+04     0.233032E+04     0.234845E+04     0.233507E+04     0.232373E+04     0.232170E+04     0.231839E+04     0.221998E+04     0.218973E+04     0.258952E+04     0.257495E+04     0.259683E+04     0.259312E+04     0.256179E+04     0.246604E+04     0.226857E+04     0.226554E+04     0.226432E+04     0.226219E+04     0.226981E+04     0.227153E+04     0.225307E+04     0.223969E+04     0.224682E+04     0.225837E+04     0.223778E+04     0.223643E+04     0.224419E+04     0.224290E+04     0.223762E+04     0.208271E+04     0.207983E+04     0.209047E+04     0.211286E+04     0.211114E+04     0.208957E+04     0.207370E+04     0.205731E+04     0.207007E+04     0.202464E+04     0.205462E+04     0.206165E+04     0.206040E+04     0.209547E+04     0.209301E+04     0.209195E+04     0.207007E+04     0.205170E+04     0.203960E+04     0.203275E+04     0.205299E+04     0.203998E+04     0.202974E+04     0.204152E+04     0.204036E+04     0.206169E+04     0.206054E+04     0.205870E+04     0.200708E+04     0.200584E+04     0.200319E+04     0.200186E+04     0.204036E+04     0.203928E+04     0.203656E+04     0.203525E+04     0.201727E+04     0.200921E+04     0.200066E+04     0.200000E+04     0.202659E+04     0.203847E+04     0.201456E+04     0.200000E+04     0.200146E+04     0.200056E+04     0.200000E+04     0.202574E+04     0.203961E+04     0.203846E+04     0.201998E+04     0.200214E+04     0.200000E+04     0.200000E+04     0.200000E+04     0.200000E+04     0.200000E+04     0.200000E+04     0.200000E+04     0.200000E+04     0.200000E+04     0.200000E+04     0.200000E+04     0.200000E+04     0.200000E+04     0.200000E+04     0.200000E+04     0.200000E+04     0.200000E+04     0.200000E+04     0.200000E+04     0.200000E+04     0.100000E+21
 0.860000E+03     0.214000E+04     0.214000E+04     0.214000E+04     0.214000E+04     0.214000E+04     0.214000E+04     0.214000E+04     0.214000E+04     0.214000E+04     0.214000E+04     0.214000E+04     0.214000E+04     0.218668E+04     0.222200E+04     0.221196E+04     0.222200E+04     0.243270E+04     0.230147E+04     0.229878E+04     0.236387E+04     0.235187E+04     0.234047E+04     0.233319E+04     0.231706E+04     0.233067E+04     0.234916E+04     0.233507E+04     0.232379E+04     0.232170E+04     0.231839E+04     0.222108E+04     0.218973E+04     0.259015E+04     0.257495E+04     0.258005E+04     0.258657E+04     0.256179E+04     0.247551E+04     0.226857E+04     0.226556E+04     0.226432E+04     0.226219E+04     0.227016E+04     0.227153E+04     0.225245E+04     0.223969E+04     0.224682E+04     0.225875E+04     0.223778E+04     0.223636E+04     0.224422E+04     0.224290E+04     0.223753E+04     0.208283E+04     0.207983E+04     0.208962E+04     0.211286E+04     0.211114E+04     0.208899E+04     0.207370E+04     0.205670E+04     0.207007E+04     0.202427E+04     0.205462E+04     0.206165E+04     0.206034E+04     0.209547E+04     0.209304E+04     0.209195E+04     0.207007E+04     0.205100E+04     0.203960E+04     0.203246E+04     0.205322E+04     0.203998E+04     0.202949E+04     0.204158E+04     0.204036E+04     0.206173E+04     0.206054E+04     0.205870E+04     0.200712E+04     0.200584E+04     0.200325E+04     0.200186E+04     0.204036E+04     0.203926E+04     0.203656E+04     0.203519E+04     0.201727E+04     0.200939E+04     0.200066E+04     0.200000E+04     0.202774E+04     0.203846E+04     0.201369E+04     0.200000E+04     0.200146E+04     0.200054E+04     0.200000E+04     0.202709E+04     0.203964E+04     0.203846E+04     0.201970E+04     0.200223E+04     0.200000E+04     0.200000E+04     0.200000E+04     0.200000E+04     0.200000E+04     0.200000E+04     0.200000E+04     0.200000E+04     0.200000E+04     0.200000E+04     0.200000E+04     0.200000E+04     0.200000E+04     0.200000E+04     0.200000E+04     0.200000E+04     0.200000E+04     0.200000E+04     0.200000E+04     0.200000E+04     0.100000E+21
 0.880000E+03     0.214000E+04     0.214000E+04     0.214000E+04     0.214000E+04     0.214000E+04     0.214000E+04     0.214000E+04     0.214000E+04     0.214000E+04     0.214000E+04     0.214000E+04     0.214000E+04     0.218891E+04     0.222200E+04     0.221064E+04     0.222200E+04     0.244203E+04     0.230147E+04     0.229878E+04     0.237106E+04     0.235187E+04     0.233926E+04     0.233395E+04     0.231706E+04     0.233173E+04     0.235109E+04     0.233507E+04     0.232397E+04     0.232170E+04     0.224527E+04     0.222416E+04     0.218973E+04     0.259191E+04     0.257495E+04     0.256845E+04     0.258241E+04     0.256179E+04     0.250281E+04     0.226857E+04     0.226563E+04     0.226432E+04     0.226219E+04     0.227112E+04     0.227153E+04     0.225070E+04     0.223969E+04     0.224682E+04     0.225984E+04     0.223778E+04     0.223618E+04     0.224432E+04     0.224290E+04     0.223723E+04     0.208317E+04     0.207983E+04     0.208719E+04     0.211286E+04     0.211114E+04     0.208726E+04     0.207370E+04     0.205497E+04     0.207007E+04     0.202308E+04     0.205462E+04     0.205642E+04     0.205927E+04     0.209547E+04     0.209313E+04     0.209194E+04     0.207007E+04     0.206779E+04     0.203960E+04     0.203165E+04     0.204570E+04     0.203998E+04     0.202875E+04     0.204174E+04     0.204036E+04     0.206184E+04     0.206054E+04     0.205870E+04     0.200724E+04     0.200584E+04     0.200342E+04     0.200186E+04     0.201858E+04     0.203104E+04     0.203656E+04     0.203501E+04     0.201727E+04     0.201238E+04     0.200750E+04     0.200000E+04     0.203096E+04     0.203846E+04     0.201125E+04     0.200000E+04     0.200146E+04     0.200046E+04     0.200000E+04     0.203080E+04     0.203973E+04     0.203846E+04     0.201882E+04     0.200246E+04     0.200000E+04     0.200000E+04     0.200000E+04     0.200000E+04     0.200000E+04     0.200000E+04     0.200000E+04     0.200000E+04     0.200000E+04     0.200000E+04     0.200000E+04     0.200000E+04     0.200000E+04     0.200000E+04     0.200000E+04     0.200000E+04     0.200000E+04     0.200000E+04     0.200000E+04     0.200000E+04     0.100000E+21
 0.900000E+03     0.214000E+04     0.214000E+04     0.214000E+04     0.214000E+04     0.214000E+04     0.214000E+04     0.214000E+04     0.214000E+04     0.214000E+04     0.214000E+04     0.214000E+04     0.214000E+04     0.218867E+04     0.222200E+04     0.220903E+04     0.222200E+04     0.244208E+04     0.230147E+04     0.229878E+04     0.237423E+04     0.235187E+04     0.233874E+04     0.233387E+04     0.231706E+04     0.233178E+04     0.235332E+04     0.233507E+04     0.232399E+04     0.232170E+04     0.218368E+04     0.222511E+04     0.218973E+04     0.259289E+04     0.257495E+04     0.256845E+04     0.258238E+04     0.256179E+04     0.254044E+04     0.226857E+04     0.226562E+04     0.226432E+04     0.226219E+04     0.227179E+04     0.227153E+04     0.225037E+04     0.223969E+04     0.224682E+04     0.226003E+04     0.223778E+04     0.223601E+04     0.224432E+04     0.224290E+04     0.223726E+04     0.208405E+04     0.208270E+04     0.208637E+04     0.211286E+04     0.211114E+04     0.208716E+04     0.207370E+04     0.205320E+04     0.207007E+04     0.202323E+04     0.205462E+04     0.205276E+04     0.205908E+04     0.209547E+04     0.209313E+04     0.209195E+04     0.207007E+04     0.207967E+04     0.203960E+04     0.203118E+04     0.203929E+04     0.203998E+04     0.202875E+04     0.204188E+04     0.204036E+04     0.206186E+04     0.206054E+04     0.205870E+04     0.200726E+04     0.200584E+04     0.200353E+04     0.200186E+04     0.200000E+04     0.202357E+04     0.203656E+04     0.203476E+04     0.201727E+04     0.201459E+04     0.201335E+04     0.200000E+04     0.203275E+04     0.203847E+04     0.201050E+04     0.200000E+04     0.200146E+04     0.200045E+04     0.200000E+04     0.203510E+04     0.203974E+04     0.203846E+04     0.201892E+04     0.200256E+04     0.200000E+04     0.200000E+04     0.200000E+04     0.200000E+04     0.200000E+04     0.200000E+04     0.200000E+04     0.200000E+04     0.200000E+04     0.200000E+04     0.200000E+04     0.200000E+04     0.200000E+04     0.200000E+04     0.200000E+04     0.200000E+04     0.200000E+04     0.200000E+04     0.200000E+04     0.200000E+04     0.100000E+21
 0.920000E+03     0.214000E+04     0.214000E+04     0.214000E+04     0.214000E+04     0.214000E+04     0.214000E+04     0.214000E+04     0.214000E+04     0.214000E+04     0.214000E+04     0.214000E+04     0.214000E+04     0.218884E+04     0.222200E+04     0.221090E+04     0.222200E+04     0.244154E+04     0.230147E+04     0.229878E+04     0.237013E+04     0.235187E+04     0.233942E+04     0.233393E+04     0.231706E+04     0.233166E+04     0.235066E+04     0.233507E+04     0.232396E+04     0.232170E+04     0.218368E+04     0.222384E+04     0.218973E+04     0.259165E+04     0.257495E+04     0.256845E+04     0.258238E+04     0.256179E+04     0.249726E+04     0.226857E+04     0.226563E+04     0.226432E+04     0.226219E+04     0.227097E+04     0.227153E+04     0.225086E+04     0.223969E+04     0.224682E+04     0.225974E+04     0.223778E+04     0.223622E+04     0.224074E+04     0.224290E+04     0.223724E+04     0.208396E+04     0.208270E+04     0.208747E+04     0.211286E+04     0.211114E+04     0.208736E+04     0.207370E+04     0.205530E+04     0.207007E+04     0.201181E+04     0.202821E+04     0.205276E+04     0.205829E+04     0.207825E+04     0.209312E+04     0.209195E+04     0.207932E+04     0.208196E+04     0.203960E+04     0.203177E+04     0.203572E+04     0.203998E+04     0.202879E+04     0.204170E+04     0.204036E+04     0.206183E+04     0.206054E+04     0.205870E+04     0.200723E+04     0.200584E+04     0.200339E+04     0.200186E+04     0.200000E+04     0.202362E+04     0.203656E+04     0.203504E+04     0.201727E+04     0.201459E+04     0.201335E+04     0.200000E+04     0.201688E+04     0.203846E+04     0.202324E+04     0.200000E+04     0.200146E+04     0.200046E+04     0.200000E+04     0.202998E+04     0.203973E+04     0.203846E+04     0.201885E+04     0.200243E+04     0.200000E+04     0.200000E+04     0.200000E+04     0.200000E+04     0.200000E+04     0.200000E+04     0.200000E+04     0.200000E+04     0.200000E+04     0.200000E+04     0.200000E+04     0.200000E+04     0.200000E+04     0.200000E+04     0.200000E+04     0.200000E+04     0.200000E+04     0.200000E+04     0.200000E+04     0.200000E+04     0.100000E+21
 0.940000E+03     0.214000E+04     0.214000E+04     0.214000E+04     0.214000E+04     0.214000E+04     0.214000E+04     0.214000E+04     0.214000E+04     0.214000E+04     0.214000E+04     0.214000E+04     0.214000E+04     0.218631E+04     0.221640E+04     0.221022E+04     0.222200E+04     0.243108E+04     0.230147E+04     0.229878E+04     0.236250E+04     0.235187E+04     0.234070E+04     0.233307E+04     0.231706E+04     0.233048E+04     0.235194E+04     0.234259E+04     0.232376E+04     0.232170E+04     0.218367E+04     0.222049E+04     0.218973E+04     0.258981E+04     0.257495E+04     0.256845E+04     0.258144E+04     0.256179E+04     0.247035E+04     0.226857E+04     0.226555E+04     0.226432E+04     0.226219E+04     0.226649E+04     0.227153E+04     0.225278E+04     0.223969E+04     0.224682E+04     0.225854E+04     0.224793E+04     0.224069E+04     0.223718E+04     0.224290E+04     0.223926E+04     0.208382E+04     0.208270E+04     0.209008E+04     0.211286E+04     0.211114E+04     0.208930E+04     0.207370E+04     0.205703E+04     0.207007E+04     0.201593E+04     0.200000E+04     0.205276E+04     0.205764E+04     0.205796E+04     0.209303E+04     0.209195E+04     0.209018E+04     0.208528E+04     0.203960E+04     0.203262E+04     0.203227E+04     0.203998E+04     0.202962E+04     0.204155E+04     0.204036E+04     0.206171E+04     0.206054E+04     0.205870E+04     0.200710E+04     0.200584E+04     0.200322E+04     0.200186E+04     0.200000E+04     0.202220E+04     0.203656E+04     0.203522E+04     0.201727E+04     0.201451E+04     0.201335E+04     0.200000E+04     0.200000E+04     0.203846E+04     0.203726E+04     0.200000E+04     0.200146E+04     0.200055E+04     0.200000E+04     0.202635E+04     0.203963E+04     0.203847E+04     0.201985E+04     0.200218E+04     0.200000E+04     0.200000E+04     0.200000E+04     0.200000E+04     0.200000E+04     0.200000E+04     0.200000E+04     0.200000E+04     0.200000E+04     0.200000E+04     0.200000E+04     0.200000E+04     0.200000E+04     0.200000E+04     0.200000E+04     0.200000E+04     0.200000E+04     0.200000E+04     0.200000E+04     0.200000E+04     0.100000E+21
 0.960000E+03     0.214000E+04     0.214000E+04     0.214000E+04     0.214000E+04     0.214000E+04     0.214000E+04     0.214000E+04     0.214000E+04     0.214000E+04     0.214000E+04     0.214000E+04     0.214000E+04     0.218608E+04     0.220800E+04     0.220800E+04     0.222200E+04     0.243003E+04     0.230147E+04     0.229878E+04     0.236165E+04     0.237402E+04     0.235377E+04     0.233299E+04     0.231706E+04     0.233036E+04     0.235580E+04     0.235383E+04     0.232462E+04     0.232170E+04     0.218368E+04     0.224063E+04     0.224780E+04     0.258960E+04     0.257495E+04     0.256845E+04     0.258134E+04     0.256179E+04     0.246724E+04     0.226857E+04     0.226554E+04     0.226432E+04     0.226219E+04     0.226076E+04     0.227153E+04     0.225298E+04     0.223969E+04     0.224682E+04     0.225842E+04     0.226318E+04     0.224617E+04     0.223722E+04     0.224290E+04     0.224164E+04     0.208381E+04     0.208270E+04     0.209036E+04     0.211286E+04     0.211114E+04     0.208949E+04     0.207370E+04     0.205723E+04     0.207007E+04     0.203753E+04     0.200000E+04     0.205276E+04     0.205757E+04     0.205796E+04     0.209302E+04     0.209194E+04     0.209018E+04     0.208534E+04     0.206251E+04     0.204091E+04     0.203702E+04     0.205159E+04     0.203413E+04     0.204153E+04     0.204036E+04     0.206170E+04     0.206054E+04     0.205870E+04     0.202415E+04     0.200584E+04     0.200320E+04     0.200186E+04     0.200000E+04     0.202207E+04     0.203656E+04     0.203524E+04     0.201727E+04     0.201450E+04     0.201335E+04     0.200000E+04     0.200000E+04     0.203846E+04     0.203728E+04     0.200000E+04     0.200146E+04     0.200056E+04     0.200000E+04     0.202591E+04     0.203961E+04     0.203846E+04     0.201994E+04     0.200215E+04     0.200000E+04     0.200000E+04     0.200000E+04     0.200000E+04     0.200000E+04     0.200000E+04     0.200000E+04     0.200000E+04     0.200000E+04     0.200000E+04     0.200000E+04     0.200000E+04     0.200000E+04     0.200000E+04     0.200000E+04     0.200000E+04     0.200000E+04     0.200000E+04     0.200000E+04     0.200000E+04     0.100000E+21
 0.980000E+03     0.214000E+04     0.214000E+04     0.214000E+04     0.214000E+04     0.214000E+04     0.214000E+04     0.214000E+04     0.214000E+04     0.214000E+04     0.214000E+04     0.214000E+04     0.214000E+04     0.218883E+04     0.220800E+04     0.220800E+04     0.222200E+04     0.244149E+04     0.230147E+04     0.229878E+04     0.237005E+04     0.239179E+04     0.236146E+04     0.233392E+04     0.231706E+04     0.233166E+04     0.235610E+04     0.235383E+04     0.232572E+04     0.232170E+04     0.218368E+04     0.225518E+04     0.229438E+04     0.259163E+04     0.257495E+04     0.256845E+04     0.258237E+04     0.256179E+04     0.249678E+04     0.226857E+04     0.226563E+04     0.226432E+04     0.226219E+04     0.226055E+04     0.227153E+04     0.225087E+04     0.223969E+04     0.224682E+04     0.225973E+04     0.226318E+04     0.224363E+04     0.223672E+04     0.224290E+04     0.224156E+04     0.208396E+04     0.208270E+04     0.208749E+04     0.211286E+04     0.211114E+04     0.208737E+04     0.207370E+04     0.205533E+04     0.207006E+04     0.203937E+04     0.200000E+04     0.205276E+04     0.205828E+04     0.205796E+04     0.209312E+04     0.209195E+04     0.209017E+04     0.207979E+04     0.208091E+04     0.204393E+04     0.203990E+04     0.206091E+04     0.203616E+04     0.204170E+04     0.204036E+04     0.205391E+04     0.206054E+04     0.205870E+04     0.204138E+04     0.200584E+04     0.200339E+04     0.200186E+04     0.200000E+04     0.202361E+04     0.203656E+04     0.203505E+04     0.202462E+04     0.201459E+04     0.201335E+04     0.200000E+04     0.200000E+04     0.203847E+04     0.203713E+04     0.200000E+04     0.200078E+04     0.200023E+04     0.200000E+04     0.202991E+04     0.203973E+04     0.203846E+04     0.201885E+04     0.200243E+04     0.200000E+04     0.200000E+04     0.200000E+04     0.200000E+04     0.200000E+04     0.200000E+04     0.200000E+04     0.200000E+04     0.200000E+04     0.200000E+04     0.200000E+04     0.200000E+04     0.200000E+04     0.200000E+04     0.200000E+04     0.200000E+04     0.200000E+04     0.200000E+04     0.200000E+04     0.200000E+04     0.100000E+21
 0.100000E+04     0.214000E+04     0.214000E+04     0.214000E+04     0.214000E+04     0.214000E+04     0.214000E+04     0.214000E+04     0.214000E+04     0.214000E+04     0.214000E+04     0.214000E+04     0.214000E+04     0.218842E+04     0.220800E+04     0.220800E+04     0.222200E+04     0.244084E+04     0.230147E+04     0.229878E+04     0.237249E+04     0.239179E+04     0.235182E+04     0.233378E+04     0.231706E+04     0.233163E+04     0.235635E+04     0.235383E+04     0.232573E+04     0.232170E+04     0.218368E+04     0.225438E+04     0.229439E+04     0.259239E+04     0.257495E+04     0.256845E+04     0.258228E+04     0.256179E+04     0.251901E+04     0.226857E+04     0.226562E+04     0.226432E+04     0.226219E+04     0.226046E+04     0.227153E+04     0.225067E+04     0.223969E+04     0.224682E+04     0.225984E+04     0.226318E+04     0.224194E+04     0.223675E+04     0.224290E+04     0.224157E+04     0.207062E+04     0.201136E+04     0.208688E+04     0.211286E+04     0.211114E+04     0.208741E+04     0.207370E+04     0.205229E+04     0.205409E+04     0.203905E+04     0.200000E+04     0.205276E+04     0.205198E+04     0.205796E+04     0.209312E+04     0.209195E+04     0.209018E+04     0.207381E+04     0.208091E+04     0.204215E+04     0.204007E+04     0.206091E+04     0.203628E+04     0.204182E+04     0.204036E+04     0.204499E+04     0.206054E+04     0.205870E+04     0.204172E+04     0.200584E+04     0.200348E+04     0.200186E+04     0.200000E+04     0.202342E+04     0.203656E+04     0.203490E+04     0.203274E+04     0.201458E+04     0.201335E+04     0.200000E+04     0.200000E+04     0.203846E+04     0.203711E+04     0.200000E+04     0.200000E+04     0.200000E+04     0.200000E+04     0.200393E+04     0.203972E+04     0.203846E+04     0.203216E+04     0.200251E+04     0.200000E+04     0.200000E+04     0.200000E+04     0.200000E+04     0.200000E+04     0.200000E+04     0.200000E+04     0.200000E+04     0.200000E+04     0.200000E+04     0.200000E+04     0.200000E+04     0.200000E+04     0.200000E+04     0.200000E+04     0.200000E+04     0.200000E+04     0.200000E+04     0.200000E+04     0.200000E+04     0.100000E+21
 0.102000E+04     0.214000E+04     0.214000E+04     0.214000E+04     0.214000E+04     0.214000E+04     0.214000E+04     0.214000E+04     0.214000E+04     0.214000E+04     0.214000E+04     0.214000E+04     0.214000E+04     0.218900E+04     0.220800E+04     0.220800E+04     0.222200E+04     0.244272E+04     0.230147E+04     0.229878E+04     0.237257E+04     0.239179E+04     0.234995E+04     0.232532E+04     0.231706E+04     0.233182E+04     0.235629E+04     0.235383E+04     0.232577E+04     0.232170E+04     0.218368E+04     0.225419E+04     0.229439E+04     0.259235E+04     0.257495E+04     0.256845E+04     0.258246E+04     0.256179E+04     0.251407E+04     0.226857E+04     0.226563E+04     0.226432E+04     0.226219E+04     0.226047E+04     0.227153E+04     0.227003E+04     0.223969E+04     0.224682E+04     0.225997E+04     0.226318E+04     0.224233E+04     0.223667E+04     0.224290E+04     0.224155E+04     0.206215E+04     0.200000E+04     0.208676E+04     0.211286E+04     0.211114E+04     0.210998E+04     0.207370E+04     0.205096E+04     0.204940E+04     0.206747E+04     0.206642E+04     0.200000E+04     0.204259E+04     0.205796E+04     0.209314E+04     0.209195E+04     0.209018E+04     0.207374E+04     0.208091E+04     0.204237E+04     0.203980E+04     0.206091E+04     0.204599E+04     0.202557E+04     0.204036E+04     0.204484E+04     0.206054E+04     0.205870E+04     0.204205E+04     0.200584E+04     0.200346E+04     0.200186E+04     0.200000E+04     0.202373E+04     0.203656E+04     0.203493E+04     0.203274E+04     0.201460E+04     0.201335E+04     0.200000E+04     0.200000E+04     0.203846E+04     0.203710E+04     0.200000E+04     0.200000E+04     0.200000E+04     0.200000E+04     0.200000E+04     0.203974E+04     0.203846E+04     0.203733E+04     0.200251E+04     0.200000E+04     0.200000E+04     0.200000E+04     0.200000E+04     0.200000E+04     0.200000E+04     0.200000E+04     0.200000E+04     0.200000E+04     0.200000E+04     0.200000E+04     0.200000E+04     0.200000E+04     0.200000E+04     0.200000E+04     0.200000E+04     0.200000E+04     0.200000E+04     0.200000E+04     0.200000E+04     0.100000E+21
 0.104000E+04     0.214000E+04     0.214000E+04     0.214000E+04     0.214000E+04     0.214000E+04     0.214000E+04     0.214000E+04     0.214000E+04     0.214000E+04     0.214000E+04     0.214000E+04     0.214000E+04     0.218714E+04     0.220800E+04     0.220800E+04     0.222200E+04     0.243480E+04     0.230147E+04     0.229878E+04     0.236577E+04     0.239179E+04     0.235359E+04     0.232501E+04     0.231706E+04     0.233092E+04     0.235597E+04     0.235383E+04     0.232550E+04     0.232170E+04     0.218368E+04     0.225740E+04     0.229439E+04     0.259062E+04     0.257495E+04     0.256845E+04     0.258176E+04     0.256179E+04     0.248302E+04     0.226857E+04     0.226557E+04     0.226432E+04     0.226219E+04     0.226065E+04     0.227153E+04     0.227014E+04     0.223969E+04     0.224682E+04     0.225901E+04     0.226319E+04     0.224476E+04     0.223702E+04     0.224290E+04     0.224161E+04     0.205620E+04     0.200000E+04     0.208899E+04     0.211286E+04     0.211114E+04     0.211005E+04     0.207370E+04     0.205078E+04     0.204940E+04     0.206744E+04     0.206642E+04     0.200000E+04     0.203748E+04     0.205796E+04     0.209306E+04     0.209195E+04     0.209018E+04     0.207515E+04     0.208091E+04     0.204606E+04     0.204072E+04     0.206091E+04     0.204682E+04     0.202729E+04     0.204036E+04     0.204599E+04     0.206054E+04     0.205870E+04     0.203939E+04     0.200584E+04     0.200329E+04     0.200186E+04     0.200000E+04     0.202268E+04     0.203656E+04     0.203514E+04     0.203275E+04     0.201454E+04     0.201335E+04     0.200000E+04     0.200000E+04     0.203846E+04     0.203721E+04     0.201311E+04     0.200000E+04     0.200000E+04     0.200000E+04     0.200000E+04     0.203966E+04     0.203847E+04     0.203737E+04     0.200229E+04     0.200000E+04     0.200000E+04     0.200000E+04     0.200000E+04     0.200000E+04     0.200000E+04     0.200000E+04     0.200000E+04     0.200000E+04     0.200000E+04     0.200000E+04     0.200000E+04     0.200000E+04     0.200000E+04     0.200000E+04     0.200000E+04     0.200000E+04     0.200000E+04     0.200000E+04     0.200000E+04     0.100000E+21
 0.106000E+04     0.214000E+04     0.214000E+04     0.214000E+04     0.214000E+04     0.214000E+04     0.214000E+04     0.214000E+04     0.214000E+04     0.214000E+04     0.214000E+04     0.214000E+04     0.214000E+04     0.218603E+04     0.220800E+04     0.220800E+04     0.222200E+04     0.242984E+04     0.230147E+04     0.229878E+04     0.236150E+04     0.239179E+04     0.235598E+04     0.232482E+04     0.231706E+04     0.233034E+04     0.235579E+04     0.235383E+04     0.232533E+04     0.232170E+04     0.218368E+04     0.225950E+04     0.229439E+04     0.258956E+04     0.257495E+04     0.256845E+04     0.258133E+04     0.256179E+04     0.246668E+04     0.226857E+04     0.226554E+04     0.226432E+04     0.226219E+04     0.226076E+04     0.227153E+04     0.227021E+04     0.223969E+04     0.224682E+04     0.225839E+04     0.226318E+04     0.224622E+04     0.223723E+04     0.224290E+04     0.224165E+04     0.205237E+04     0.200000E+04     0.209041E+04     0.211286E+04     0.211114E+04     0.211010E+04     0.207370E+04     0.205067E+04     0.204940E+04     0.206742E+04     0.206642E+04     0.200000E+04     0.203466E+04     0.205796E+04     0.209302E+04     0.209194E+04     0.209018E+04     0.207604E+04     0.208090E+04     0.205102E+04     0.204128E+04     0.206091E+04     0.204734E+04     0.202833E+04     0.204036E+04     0.204672E+04     0.206054E+04     0.205870E+04     0.203661E+04     0.200316E+04     0.200319E+04     0.200186E+04     0.200000E+04     0.202204E+04     0.203656E+04     0.203525E+04     0.203275E+04     0.201450E+04     0.201335E+04     0.200000E+04     0.200000E+04     0.203846E+04     0.203728E+04     0.203466E+04     0.200000E+04     0.200000E+04     0.200000E+04     0.200000E+04     0.203961E+04     0.203846E+04     0.203740E+04     0.200215E+04     0.200000E+04     0.200000E+04     0.200000E+04     0.200000E+04     0.200000E+04     0.200000E+04     0.200000E+04     0.200000E+04     0.200000E+04     0.200000E+04     0.200000E+04     0.200000E+04     0.200000E+04     0.200000E+04     0.200000E+04     0.200000E+04     0.200000E+04     0.200000E+04     0.200000E+04     0.200000E+04     0.100000E+21
 0.108000E+04     0.214000E+04     0.214000E+04     0.214000E+04     0.214000E+04     0.214000E+04     0.214000E+04     0.214000E+04     0.214000E+04     0.214000E+04     0.214000E+04     0.214000E+04     0.214000E+04     0.218899E+04     0.220800E+04     0.220800E+04     0.222200E+04     0.244259E+04     0.230147E+04     0.229878E+04     0.237226E+04     0.235187E+04     0.233907E+04     0.232531E+04     0.231706E+04     0.233180E+04     0.235626E+04     0.235383E+04     0.232577E+04     0.232170E+04     0.218368E+04     0.225431E+04     0.229438E+04     0.259225E+04     0.257495E+04     0.256845E+04     0.258246E+04     0.256179E+04     0.251139E+04     0.226857E+04     0.226563E+04     0.226432E+04     0.226219E+04     0.226048E+04     0.227153E+04     0.227003E+04     0.223969E+04     0.224682E+04     0.225994E+04     0.226318E+04     0.224250E+04     0.223668E+04     0.224290E+04     0.224155E+04     0.206184E+04     0.200000E+04     0.208685E+04     0.211286E+04     0.211114E+04     0.210998E+04     0.207370E+04     0.205095E+04     0.204940E+04     0.206747E+04     0.206642E+04     0.200000E+04     0.204220E+04     0.205796E+04     0.206780E+04     0.209195E+04     0.209018E+04     0.207380E+04     0.208091E+04     0.204928E+04     0.202585E+04     0.202466E+04     0.203343E+04     0.202569E+04     0.204036E+04     0.204487E+04     0.206054E+04     0.205870E+04     0.204027E+04     0.200000E+04     0.200345E+04     0.200186E+04     0.200000E+04     0.202372E+04     0.203656E+04     0.203495E+04     0.203275E+04     0.201460E+04     0.201335E+04     0.200000E+04     0.200000E+04     0.203847E+04     0.203710E+04     0.203466E+04     0.200000E+04     0.200000E+04     0.200000E+04     0.200000E+04     0.203974E+04     0.203846E+04     0.203733E+04     0.200250E+04     0.200000E+04     0.200000E+04     0.200000E+04     0.200000E+04     0.200000E+04     0.200000E+04     0.200000E+04     0.200000E+04     0.200000E+04     0.200000E+04     0.200000E+04     0.200000E+04     0.200000E+04     0.200000E+04     0.200000E+04     0.200000E+04     0.200000E+04     0.200000E+04     0.200000E+04     0.200000E+04     0.100000E+21
 0.110000E+04     0.214000E+04     0.214000E+04     0.214000E+04     0.214000E+04     0.214000E+04     0.214000E+04     0.214000E+04     0.214000E+04     0.214000E+04     0.214000E+04     0.214000E+04     0.214000E+04     0.218750E+04     0.220800E+04     0.220800E+04     0.222200E+04     0.243643E+04     0.230147E+04     0.229878E+04     0.236736E+04     0.235187E+04     0.233987E+04     0.232507E+04     0.231706E+04     0.233111E+04     0.235605E+04     0.235383E+04     0.232556E+04     0.232170E+04     0.218368E+04     0.225664E+04     0.229439E+04     0.259103E+04     0.257495E+04     0.256845E+04     0.258190E+04     0.256179E+04     0.248983E+04     0.226857E+04     0.226559E+04     0.226432E+04     0.226219E+04     0.226061E+04     0.227153E+04     0.227011E+04     0.223969E+04     0.224682E+04     0.225923E+04     0.226318E+04     0.224416E+04     0.223695E+04     0.224290E+04     0.224160E+04     0.205767E+04     0.200000E+04     0.208847E+04     0.211286E+04     0.211114E+04     0.211003E+04     0.207369E+04     0.205082E+04     0.204940E+04     0.206745E+04     0.206642E+04     0.200000E+04     0.203863E+04     0.205796E+04     0.206895E+04     0.209195E+04     0.209018E+04     0.207482E+04     0.208091E+04     0.205142E+04     0.202581E+04     0.202466E+04     0.204217E+04     0.203506E+04     0.204036E+04     0.204573E+04     0.206054E+04     0.205870E+04     0.203806E+04     0.200000E+04     0.200333E+04     0.200186E+04     0.200000E+04     0.200736E+04     0.203656E+04     0.203509E+04     0.203274E+04     0.201455E+04     0.201335E+04     0.200000E+04     0.200000E+04     0.203847E+04     0.203718E+04     0.203466E+04     0.202403E+04     0.200658E+04     0.200000E+04     0.200000E+04     0.203968E+04     0.203846E+04     0.203737E+04     0.200234E+04     0.200000E+04     0.200000E+04     0.200000E+04     0.200000E+04     0.200000E+04     0.200000E+04     0.200000E+04     0.200000E+04     0.200000E+04     0.200000E+04     0.200000E+04     0.200000E+04     0.200000E+04     0.200000E+04     0.200000E+04     0.200000E+04     0.200000E+04     0.200000E+04     0.200000E+04     0.200000E+04     0.100000E+21
 0.112000E+04     0.214000E+04     0.214000E+04     0.214000E+04     0.214000E+04     0.214000E+04     0.214000E+04     0.214000E+04     0.214000E+04     0.214000E+04     0.214000E+04     0.214000E+04     0.214000E+04     0.218895E+04     0.220800E+04     0.220800E+04     0.222200E+04     0.244293E+04     0.230147E+04     0.229878E+04     0.237431E+04     0.235187E+04     0.233876E+04     0.232531E+04     0.231706E+04     0.233187E+04     0.235648E+04     0.235383E+04     0.232580E+04     0.232170E+04     0.218368E+04     0.225363E+04     0.229439E+04     0.259290E+04     0.257495E+04     0.256845E+04     0.258247E+04     0.256179E+04     0.254656E+04     0.226857E+04     0.226563E+04     0.226432E+04     0.226219E+04     0.226040E+04     0.227153E+04     0.227001E+04     0.223969E+04     0.224682E+04     0.226008E+04     0.226318E+04     0.224113E+04     0.223666E+04     0.224290E+04     0.224155E+04     0.219535E+04     0.208270E+04     0.207760E+04     0.207623E+04     0.211114E+04     0.210997E+04     0.207369E+04     0.206964E+04     0.204940E+04     0.206747E+04     0.206642E+04     0.200000E+04     0.204581E+04     0.205796E+04     0.206769E+04     0.209195E+04     0.209018E+04     0.207346E+04     0.208091E+04     0.204819E+04     0.202585E+04     0.202466E+04     0.204718E+04     0.203702E+04     0.204036E+04     0.203793E+04     0.203656E+04     0.205870E+04     0.204072E+04     0.200000E+04     0.200353E+04     0.200186E+04     0.200000E+04     0.200000E+04     0.203656E+04     0.203471E+04     0.203274E+04     0.201460E+04     0.201335E+04     0.200000E+04     0.200000E+04     0.203846E+04     0.203708E+04     0.203466E+04     0.203275E+04     0.200996E+04     0.200000E+04     0.200000E+04     0.203974E+04     0.203846E+04     0.203733E+04     0.200256E+04     0.200000E+04     0.200000E+04     0.200000E+04     0.200000E+04     0.200000E+04     0.200000E+04     0.200000E+04     0.200000E+04     0.200000E+04     0.200000E+04     0.200000E+04     0.200000E+04     0.200000E+04     0.200000E+04     0.200000E+04     0.200000E+04     0.200000E+04     0.200000E+04     0.200000E+04     0.200000E+04     0.100000E+21
 0.114000E+04     0.214000E+04     0.214000E+04     0.214000E+04     0.214000E+04     0.214000E+04     0.214000E+04     0.214000E+04     0.214000E+04     0.214000E+04     0.214000E+04     0.214000E+04     0.214000E+04     0.218826E+04     0.220800E+04     0.220800E+04     0.222200E+04     0.243987E+04     0.230147E+04     0.229878E+04     0.237081E+04     0.235187E+04     0.233931E+04     0.232519E+04     0.231706E+04     0.233151E+04     0.235622E+04     0.235383E+04     0.232568E+04     0.232170E+04     0.218368E+04     0.225509E+04     0.229439E+04     0.259192E+04     0.257495E+04     0.256845E+04     0.258220E+04     0.256179E+04     0.250685E+04     0.226857E+04     0.226561E+04     0.226432E+04     0.226219E+04     0.226051E+04     0.227153E+04     0.227006E+04     0.223969E+04     0.224682E+04     0.225967E+04     0.226318E+04     0.224284E+04     0.223680E+04     0.224290E+04     0.224157E+04     0.218965E+04     0.208270E+04     0.207755E+04     0.207623E+04     0.211114E+04     0.211000E+04     0.207370E+04     0.206769E+04     0.204940E+04     0.206746E+04     0.206642E+04     0.200000E+04     0.204141E+04     0.205796E+04     0.206828E+04     0.209195E+04     0.209018E+04     0.208522E+04     0.208090E+04     0.204984E+04     0.202583E+04     0.202466E+04     0.204670E+04     0.203397E+04     0.202372E+04     0.203789E+04     0.203656E+04     0.205870E+04     0.203945E+04     0.200000E+04     0.200342E+04     0.200186E+04     0.200000E+04     0.200000E+04     0.203656E+04     0.203498E+04     0.203274E+04     0.201458E+04     0.201335E+04     0.200000E+04     0.200000E+04     0.200906E+04     0.203060E+04     0.203466E+04     0.203274E+04     0.201058E+04     0.200000E+04     0.200000E+04     0.203971E+04     0.203846E+04     0.203735E+04     0.200245E+04     0.200000E+04     0.200000E+04     0.200000E+04     0.200000E+04     0.200000E+04     0.200000E+04     0.200000E+04     0.200000E+04     0.200000E+04     0.200000E+04     0.200000E+04     0.200000E+04     0.200000E+04     0.200000E+04     0.200000E+04     0.200000E+04     0.200000E+04     0.200000E+04     0.200000E+04     0.200000E+04     0.100000E+21
 0.116000E+04     0.214000E+04     0.214000E+04     0.214000E+04     0.214000E+04     0.214000E+04     0.214000E+04     0.214000E+04     0.214000E+04     0.214000E+04     0.214000E+04     0.214000E+04     0.214000E+04     0.218656E+04     0.220800E+04     0.220800E+04     0.222200E+04     0.243215E+04     0.230147E+04     0.229878E+04     0.236340E+04     0.235187E+04     0.234055E+04     0.232491E+04     0.231706E+04     0.233061E+04     0.235587E+04     0.235383E+04     0.232541E+04     0.232170E+04     0.218368E+04     0.225855E+04     0.229439E+04     0.259003E+04     0.257495E+04     0.256845E+04     0.258153E+04     0.256179E+04     0.247370E+04     0.226857E+04     0.226556E+04     0.226432E+04     0.226219E+04     0.226071E+04     0.227153E+04     0.227017E+04     0.223969E+04     0.224682E+04     0.225868E+04     0.226318E+04     0.224559E+04     0.223713E+04     0.224290E+04     0.224163E+04     0.217788E+04     0.208270E+04     0.207742E+04     0.207623E+04     0.211114E+04     0.211007E+04     0.207370E+04     0.206525E+04     0.204940E+04     0.206743E+04     0.206642E+04     0.200000E+04     0.203587E+04     0.205796E+04     0.206977E+04     0.209195E+04     0.209018E+04     0.208900E+04     0.208091E+04     0.205326E+04     0.202786E+04     0.202466E+04     0.204549E+04     0.202989E+04     0.201883E+04     0.203778E+04     0.203656E+04     0.205870E+04     0.203635E+04     0.200000E+04     0.200324E+04     0.200186E+04     0.200000E+04     0.200000E+04     0.203656E+04     0.203520E+04     0.203274E+04     0.201452E+04     0.201335E+04     0.200000E+04     0.200000E+04     0.200000E+04     0.202340E+04     0.203466E+04     0.203275E+04     0.201213E+04     0.200000E+04     0.200000E+04     0.203964E+04     0.203847E+04     0.203739E+04     0.200221E+04     0.200000E+04     0.200000E+04     0.200000E+04     0.200000E+04     0.200000E+04     0.200000E+04     0.200000E+04     0.200000E+04     0.200000E+04     0.200000E+04     0.200000E+04     0.200000E+04     0.200000E+04     0.200000E+04     0.200000E+04     0.200000E+04     0.200000E+04     0.200000E+04     0.200000E+04     0.200000E+04     0.100000E+21
 0.118000E+04     0.214000E+04     0.214000E+04     0.214000E+04     0.214000E+04     0.214000E+04     0.214000E+04     0.214000E+04     0.214000E+04     0.214000E+04     0.214000E+04     0.214000E+04     0.214000E+04     0.218898E+04     0.220800E+04     0.220800E+04     0.222200E+04     0.244304E+04     0.230147E+04     0.229878E+04     0.237437E+04     0.235187E+04     0.233875E+04     0.232531E+04     0.231706E+04     0.233188E+04     0.235649E+04     0.235383E+04     0.232580E+04     0.232170E+04     0.231839E+04     0.225360E+04     0.229439E+04     0.259291E+04     0.257495E+04     0.256845E+04     0.258248E+04     0.256179E+04     0.255505E+04     0.254855E+04     0.226563E+04     0.226432E+04     0.226219E+04     0.226039E+04     0.227153E+04     0.227001E+04     0.223969E+04     0.224682E+04     0.226009E+04     0.226319E+04     0.224111E+04     0.223666E+04     0.224290E+04     0.224155E+04     0.219543E+04     0.208270E+04     0.207760E+04     0.207623E+04     0.211114E+04     0.210997E+04     0.207369E+04     0.206967E+04     0.204940E+04     0.206747E+04     0.206642E+04     0.200000E+04     0.204588E+04     0.205796E+04     0.206767E+04     0.209195E+04     0.209018E+04     0.208882E+04     0.208090E+04     0.204817E+04     0.203152E+04     0.202466E+04     0.203146E+04     0.203271E+04     0.201883E+04     0.203793E+04     0.203656E+04     0.205870E+04     0.204075E+04     0.200000E+04     0.200353E+04     0.200186E+04     0.200000E+04     0.200000E+04     0.203656E+04     0.203470E+04     0.203274E+04     0.201460E+04     0.201335E+04     0.200000E+04     0.200000E+04     0.200000E+04     0.202663E+04     0.203466E+04     0.203274E+04     0.203141E+04     0.200000E+04     0.200000E+04     0.203975E+04     0.203846E+04     0.203733E+04     0.200256E+04     0.200000E+04     0.200000E+04     0.200000E+04     0.200000E+04     0.200000E+04     0.200000E+04     0.200000E+04     0.200000E+04     0.200000E+04     0.200000E+04     0.200000E+04     0.200000E+04     0.200000E+04     0.200000E+04     0.200000E+04     0.200000E+04     0.200000E+04     0.200000E+04     0.200000E+04     0.200000E+04     0.100000E+21
 0.120000E+04     0.214000E+04     0.214000E+04     0.214000E+04     0.214000E+04     0.214000E+04     0.214000E+04     0.214000E+04     0.214000E+04     0.214000E+04     0.214000E+04     0.214000E+04     0.214000E+04     0.218656E+04     0.220800E+04     0.220800E+04     0.222200E+04     0.243215E+04     0.230147E+04     0.229878E+04     0.236340E+04     0.235187E+04     0.234656E+04     0.232491E+04     0.231706E+04     0.233061E+04     0.235587E+04     0.235383E+04     0.232541E+04     0.232170E+04     0.231839E+04     0.225855E+04     0.229439E+04     0.259274E+04     0.258491E+04     0.256845E+04     0.258153E+04     0.256179E+04     0.255330E+04     0.254855E+04     0.226556E+04     0.226432E+04     0.226219E+04     0.226071E+04     0.227153E+04     0.227017E+04     0.223969E+04     0.224682E+04     0.225868E+04     0.226318E+04     0.224559E+04     0.223713E+04     0.224290E+04     0.224163E+04     0.217788E+04     0.208270E+04     0.204389E+04     0.207623E+04     0.211114E+04     0.211007E+04     0.207370E+04     0.206525E+04     0.204940E+04     0.206743E+04     0.206642E+04     0.200000E+04     0.203587E+04     0.205796E+04     0.206977E+04     0.209194E+04     0.209018E+04     0.208900E+04     0.208091E+04     0.207058E+04     0.202786E+04     0.202466E+04     0.203094E+04     0.202989E+04     0.201883E+04     0.203778E+04     0.203656E+04     0.205870E+04     0.203635E+04     0.200000E+04     0.200324E+04     0.200186E+04     0.200000E+04     0.200000E+04     0.203656E+04     0.203520E+04     0.203274E+04     0.201452E+04     0.201335E+04     0.200000E+04     0.200000E+04     0.200000E+04     0.202340E+04     0.203466E+04     0.203274E+04     0.203154E+04     0.200000E+04     0.200000E+04     0.203964E+04     0.203846E+04     0.203739E+04     0.200221E+04     0.200000E+04     0.200000E+04     0.200000E+04     0.200000E+04     0.200000E+04     0.200000E+04     0.200000E+04     0.200000E+04     0.200000E+04     0.200000E+04     0.200000E+04     0.200000E+04     0.200000E+04     0.200000E+04     0.200000E+04     0.200000E+04     0.200000E+04     0.200000E+04     0.200000E+04     0.200000E+04     0.100000E+21
 0.122000E+04     0.214000E+04     0.214000E+04     0.214000E+04     0.214000E+04     0.214000E+04     0.214000E+04     0.214000E+04     0.214000E+04     0.214000E+04     0.214000E+04     0.214000E+04     0.214000E+04     0.218826E+04     0.220800E+04     0.220800E+04     0.222200E+04     0.243987E+04     0.230147E+04     0.229878E+04     0.237081E+04     0.235187E+04     0.234960E+04     0.232519E+04     0.231706E+04     0.233151E+04     0.235622E+04     0.235383E+04     0.232568E+04     0.232170E+04     0.231839E+04     0.225509E+04     0.229439E+04     0.228053E+04     0.259071E+04     0.256845E+04     0.258220E+04     0.256179E+04     0.255407E+04     0.254855E+04     0.226561E+04     0.226432E+04     0.226219E+04     0.226051E+04     0.227153E+04     0.227006E+04     0.223969E+04     0.224682E+04     0.225967E+04     0.226318E+04     0.224284E+04     0.223680E+04     0.224290E+04     0.224157E+04     0.218965E+04     0.208270E+04     0.202045E+04     0.207623E+04     0.211114E+04     0.211000E+04     0.207370E+04     0.206769E+04     0.204940E+04     0.205563E+04     0.206642E+04     0.206459E+04     0.205345E+04     0.205796E+04     0.206828E+04     0.209195E+04     0.209018E+04     0.208888E+04     0.208091E+04     0.207961E+04     0.202583E+04     0.202466E+04     0.203131E+04     0.204712E+04     0.201883E+04     0.203789E+04     0.203656E+04     0.205870E+04     0.203945E+04     0.200000E+04     0.200342E+04     0.200186E+04     0.200000E+04     0.200000E+04     0.203656E+04     0.203498E+04     0.203275E+04     0.201458E+04     0.201335E+04     0.200000E+04     0.200000E+04     0.200000E+04     0.202566E+04     0.203466E+04     0.203275E+04     0.203145E+04     0.200000E+04     0.200000E+04     0.203971E+04     0.203846E+04     0.203735E+04     0.200245E+04     0.200000E+04     0.200000E+04     0.200000E+04     0.200000E+04     0.200000E+04     0.200000E+04     0.200000E+04     0.200000E+04     0.200000E+04     0.200000E+04     0.200000E+04     0.200000E+04     0.200000E+04     0.200000E+04     0.200000E+04     0.200000E+04     0.200000E+04     0.200000E+04     0.200000E+04     0.200000E+04     0.100000E+21
 0.124000E+04     0.214000E+04     0.214000E+04     0.214000E+04     0.214000E+04     0.214000E+04     0.214000E+04     0.214000E+04     0.214000E+04     0.214000E+04     0.214000E+04     0.214000E+04     0.214000E+04     0.218895E+04     0.220800E+04     0.220800E+04     0.222200E+04     0.244293E+04     0.230147E+04     0.229878E+04     0.237431E+04     0.235187E+04     0.234950E+04     0.232531E+04     0.231706E+04     0.233187E+04     0.235648E+04     0.235383E+04     0.232580E+04     0.232170E+04     0.231839E+04     0.225363E+04     0.229439E+04     0.226267E+04     0.259071E+04     0.256845E+04     0.258247E+04     0.256179E+04     0.255050E+04     0.235152E+04     0.226563E+04     0.226432E+04     0.226219E+04     0.226040E+04     0.227153E+04     0.227001E+04     0.223969E+04     0.224682E+04     0.226008E+04     0.226318E+04     0.224113E+04     0.223666E+04     0.224290E+04     0.224155E+04     0.219535E+04     0.208270E+04     0.201812E+04     0.207623E+04     0.211114E+04     0.210997E+04     0.209916E+04     0.206964E+04     0.204940E+04     0.205551E+04     0.206642E+04     0.206459E+04     0.205226E+04     0.205796E+04     0.206769E+04     0.209195E+04     0.209018E+04     0.208882E+04     0.208091E+04     0.207954E+04     0.202950E+04     0.202466E+04     0.203146E+04     0.205126E+04     0.203278E+04     0.203793E+04     0.203656E+04     0.205870E+04     0.204072E+04     0.200000E+04     0.200353E+04     0.200186E+04     0.200000E+04     0.200000E+04     0.203656E+04     0.203471E+04     0.203275E+04     0.201460E+04     0.201335E+04     0.200000E+04     0.200000E+04     0.200000E+04     0.202661E+04     0.203466E+04     0.203274E+04     0.203141E+04     0.200000E+04     0.200000E+04     0.203974E+04     0.203846E+04     0.203733E+04     0.200256E+04     0.200000E+04     0.200000E+04     0.200000E+04     0.200000E+04     0.200000E+04     0.200000E+04     0.200000E+04     0.200000E+04     0.200000E+04     0.200000E+04     0.200000E+04     0.200000E+04     0.200000E+04     0.200000E+04     0.200000E+04     0.200000E+04     0.200000E+04     0.200000E+04     0.200000E+04     0.200000E+04     0.100000E+21
 0.126000E+04     0.214000E+04     0.214000E+04     0.214000E+04     0.214000E+04     0.214000E+04     0.214000E+04     0.214000E+04     0.214000E+04     0.214000E+04     0.214000E+04     0.214000E+04     0.214000E+04     0.218750E+04     0.220800E+04     0.221596E+04     0.222200E+04     0.243643E+04     0.230147E+04     0.229878E+04     0.236736E+04     0.235187E+04     0.234970E+04     0.232507E+04     0.231706E+04     0.233111E+04     0.235605E+04     0.235383E+04     0.232556E+04     0.232170E+04     0.231839E+04     0.225664E+04     0.229439E+04     0.229690E+04     0.259071E+04     0.256845E+04     0.258190E+04     0.256179E+04     0.248983E+04     0.226857E+04     0.226559E+04     0.226432E+04     0.226219E+04     0.226061E+04     0.227153E+04     0.227011E+04     0.223969E+04     0.224682E+04     0.225923E+04     0.226318E+04     0.224416E+04     0.223695E+04     0.224290E+04     0.224160E+04     0.218424E+04     0.208270E+04     0.202286E+04     0.207623E+04     0.211114E+04     0.211003E+04     0.210769E+04     0.206647E+04     0.204940E+04     0.205577E+04     0.206642E+04     0.206459E+04     0.205419E+04     0.205796E+04     0.206895E+04     0.209194E+04     0.209018E+04     0.208893E+04     0.208091E+04     0.207968E+04     0.203127E+04     0.202466E+04     0.202880E+04     0.205008E+04     0.203428E+04     0.203784E+04     0.203656E+04     0.205870E+04     0.203806E+04     0.200000E+04     0.200333E+04     0.200186E+04     0.200000E+04     0.200000E+04     0.203656E+04     0.203509E+04     0.203274E+04     0.201455E+04     0.201335E+04     0.200000E+04     0.200000E+04     0.200000E+04     0.202465E+04     0.203466E+04     0.203274E+04     0.202572E+04     0.200000E+04     0.200000E+04     0.203206E+04     0.203846E+04     0.203737E+04     0.200234E+04     0.200000E+04     0.200000E+04     0.200000E+04     0.200000E+04     0.200000E+04     0.200000E+04     0.200000E+04     0.200000E+04     0.200000E+04     0.200000E+04     0.200000E+04     0.200000E+04     0.200000E+04     0.200000E+04     0.200000E+04     0.200000E+04     0.200000E+04     0.200000E+04     0.200000E+04     0.200000E+04     0.100000E+21
 0.128000E+04     0.214000E+04     0.214000E+04     0.214000E+04     0.214000E+04     0.214000E+04     0.214000E+04     0.214000E+04     0.214000E+04     0.214000E+04     0.214000E+04     0.214000E+04     0.214000E+04     0.218899E+04     0.220800E+04     0.224916E+04     0.222200E+04     0.244259E+04     0.230147E+04     0.229878E+04     0.237226E+04     0.235187E+04     0.234955E+04     0.232531E+04     0.231706E+04     0.233180E+04     0.235626E+04     0.235383E+04     0.232577E+04     0.232170E+04     0.231839E+04     0.225431E+04     0.229439E+04     0.227444E+04     0.259071E+04     0.256845E+04     0.258246E+04     0.256179E+04     0.251139E+04     0.226857E+04     0.226563E+04     0.226432E+04     0.226219E+04     0.226048E+04     0.227152E+04     0.227003E+04     0.223969E+04     0.224682E+04     0.225994E+04     0.226318E+04     0.224250E+04     0.223668E+04     0.224290E+04     0.224155E+04     0.219158E+04     0.208270E+04     0.201930E+04     0.207623E+04     0.211114E+04     0.210998E+04     0.210769E+04     0.206804E+04     0.204940E+04     0.205549E+04     0.206642E+04     0.206459E+04     0.205323E+04     0.205796E+04     0.206780E+04     0.209195E+04     0.209017E+04     0.208885E+04     0.207049E+04     0.207752E+04     0.203151E+04     0.202466E+04     0.202340E+04     0.205146E+04     0.203428E+04     0.203791E+04     0.203656E+04     0.205870E+04     0.204027E+04     0.200000E+04     0.200345E+04     0.200186E+04     0.200000E+04     0.200000E+04     0.203656E+04     0.203495E+04     0.203275E+04     0.201460E+04     0.201335E+04     0.200724E+04     0.200129E+04     0.200000E+04     0.202617E+04     0.203466E+04     0.203274E+04     0.201012E+04     0.200000E+04     0.200000E+04     0.201261E+04     0.203847E+04     0.203733E+04     0.200250E+04     0.200000E+04     0.200000E+04     0.200000E+04     0.200000E+04     0.200000E+04     0.200000E+04     0.200000E+04     0.200000E+04     0.200000E+04     0.200000E+04     0.200000E+04     0.200000E+04     0.200000E+04     0.200000E+04     0.200000E+04     0.200000E+04     0.200000E+04     0.200000E+04     0.200000E+04     0.200000E+04     0.100000E+21
 0.130000E+04     0.214000E+04     0.214000E+04     0.214000E+04     0.214000E+04     0.214000E+04     0.214000E+04     0.214000E+04     0.214000E+04     0.214000E+04     0.214000E+04     0.214000E+04     0.214000E+04     0.218603E+04     0.220800E+04     0.224163E+04     0.222200E+04     0.242984E+04     0.230147E+04     0.229878E+04     0.236150E+04     0.235187E+04     0.234988E+04     0.232482E+04     0.231706E+04     0.233034E+04     0.235579E+04     0.235383E+04     0.232533E+04     0.232170E+04     0.231839E+04     0.225950E+04     0.229439E+04     0.232366E+04     0.259071E+04     0.256845E+04     0.258133E+04     0.257382E+04     0.246668E+04     0.226857E+04     0.226554E+04     0.226432E+04     0.226219E+04     0.226076E+04     0.227153E+04     0.227021E+04     0.223969E+04     0.224682E+04     0.225839E+04     0.226318E+04     0.224622E+04     0.223723E+04     0.224290E+04     0.224165E+04     0.217491E+04     0.208270E+04     0.202710E+04     0.207623E+04     0.211114E+04     0.211010E+04     0.210769E+04     0.206471E+04     0.204940E+04     0.205604E+04     0.206642E+04     0.206459E+04     0.205526E+04     0.205796E+04     0.207021E+04     0.209195E+04     0.209018E+04     0.208903E+04     0.206642E+04     0.207428E+04     0.203103E+04     0.202466E+04     0.202351E+04     0.204838E+04     0.203428E+04     0.203775E+04     0.203656E+04     0.205870E+04     0.203548E+04     0.200000E+04     0.200319E+04     0.200186E+04     0.200000E+04     0.200000E+04     0.203656E+04     0.203525E+04     0.203274E+04     0.201450E+04     0.201335E+04     0.201138E+04     0.200386E+04     0.200000E+04     0.202278E+04     0.203466E+04     0.203274E+04     0.201258E+04     0.200000E+04     0.200000E+04     0.201518E+04     0.203846E+04     0.203740E+04     0.201272E+04     0.200000E+04     0.200000E+04     0.200000E+04     0.200000E+04     0.200000E+04     0.200000E+04     0.200000E+04     0.200000E+04     0.200000E+04     0.200000E+04     0.200000E+04     0.200000E+04     0.200000E+04     0.200000E+04     0.200000E+04     0.200000E+04     0.200000E+04     0.200000E+04     0.200000E+04     0.200000E+04     0.100000E+21
 0.132000E+04     0.214000E+04     0.214000E+04     0.214000E+04     0.214000E+04     0.214000E+04     0.214000E+04     0.214000E+04     0.214000E+04     0.214000E+04     0.214000E+04     0.214000E+04     0.214000E+04     0.218714E+04     0.220800E+04     0.221721E+04     0.222200E+04     0.243480E+04     0.230147E+04     0.229878E+04     0.236577E+04     0.235187E+04     0.234975E+04     0.232501E+04     0.231706E+04     0.233092E+04     0.235597E+04     0.235383E+04     0.232550E+04     0.232170E+04     0.231839E+04     0.225740E+04     0.229439E+04     0.230432E+04     0.259071E+04     0.256845E+04     0.258176E+04     0.258409E+04     0.252171E+04     0.246094E+04     0.226557E+04     0.226432E+04     0.226219E+04     0.226065E+04     0.227153E+04     0.227014E+04     0.223969E+04     0.224682E+04     0.225901E+04     0.226319E+04     0.224476E+04     0.223702E+04     0.224290E+04     0.224161E+04     0.218165E+04     0.208270E+04     0.202399E+04     0.207623E+04     0.211114E+04     0.211005E+04     0.210769E+04     0.206596E+04     0.204940E+04     0.205583E+04     0.206642E+04     0.206459E+04     0.205450E+04     0.205796E+04     0.206926E+04     0.209195E+04     0.209018E+04     0.208896E+04     0.206642E+04     0.207486E+04     0.203122E+04     0.202466E+04     0.202347E+04     0.204959E+04     0.203428E+04     0.202791E+04     0.203656E+04     0.204380E+04     0.204815E+04     0.203839E+04     0.200329E+04     0.200186E+04     0.200000E+04     0.200000E+04     0.203656E+04     0.203514E+04     0.203274E+04     0.201454E+04     0.201335E+04     0.201138E+04     0.200332E+04     0.200000E+04     0.202415E+04     0.203466E+04     0.203274E+04     0.201160E+04     0.200000E+04     0.200000E+04     0.201417E+04     0.203846E+04     0.203737E+04     0.202298E+04     0.200000E+04     0.200000E+04     0.200000E+04     0.200000E+04     0.200000E+04     0.200000E+04     0.200000E+04     0.200000E+04     0.200000E+04     0.200000E+04     0.200000E+04     0.200000E+04     0.200000E+04     0.200000E+04     0.200000E+04     0.200000E+04     0.200000E+04     0.200000E+04     0.200000E+04     0.200000E+04     0.100000E+21
 0.134000E+04     0.214000E+04     0.214000E+04     0.214000E+04     0.214000E+04     0.214000E+04     0.214000E+04     0.214000E+04     0.214000E+04     0.214000E+04     0.214000E+04     0.214000E+04     0.214000E+04     0.218900E+04     0.220800E+04     0.220800E+04     0.222200E+04     0.244272E+04     0.230147E+04     0.229878E+04     0.237257E+04     0.235187E+04     0.234954E+04     0.232532E+04     0.231706E+04     0.233182E+04     0.235629E+04     0.235383E+04     0.232577E+04     0.232170E+04     0.231839E+04     0.229094E+04     0.229439E+04     0.227277E+04     0.259071E+04     0.256845E+04     0.258246E+04     0.258409E+04     0.255424E+04     0.254855E+04     0.226563E+04     0.226432E+04     0.226219E+04     0.226047E+04     0.227153E+04     0.227003E+04     0.223969E+04     0.224682E+04     0.225997E+04     0.226318E+04     0.224233E+04     0.223667E+04     0.224290E+04     0.224155E+04     0.219213E+04     0.208270E+04     0.201911E+04     0.207623E+04     0.211114E+04     0.210998E+04     0.210769E+04     0.206821E+04     0.204940E+04     0.205549E+04     0.206642E+04     0.206459E+04     0.202020E+04     0.205796E+04     0.206777E+04     0.209195E+04     0.209018E+04     0.208885E+04     0.206642E+04     0.207575E+04     0.203152E+04     0.202466E+04     0.202340E+04     0.205161E+04     0.203428E+04     0.202256E+04     0.203656E+04     0.203466E+04     0.205631E+04     0.205499E+04     0.200346E+04     0.200186E+04     0.200000E+04     0.200000E+04     0.203656E+04     0.203493E+04     0.203274E+04     0.201460E+04     0.201335E+04     0.201138E+04     0.200243E+04     0.200000E+04     0.202625E+04     0.203466E+04     0.203274E+04     0.201008E+04     0.200000E+04     0.200000E+04     0.201258E+04     0.203846E+04     0.203733E+04     0.202518E+04     0.200000E+04     0.200000E+04     0.200000E+04     0.200000E+04     0.200000E+04     0.200000E+04     0.200000E+04     0.200000E+04     0.200000E+04     0.200000E+04     0.200000E+04     0.200000E+04     0.200000E+04     0.200000E+04     0.200000E+04     0.200000E+04     0.200000E+04     0.200000E+04     0.200000E+04     0.200000E+04     0.100000E+21
 0.136000E+04     0.214000E+04     0.214000E+04     0.214000E+04     0.214000E+04     0.214000E+04     0.214000E+04     0.214000E+04     0.214000E+04     0.214000E+04     0.214000E+04     0.214000E+04     0.214000E+04     0.218842E+04     0.220800E+04     0.220800E+04     0.222200E+04     0.244084E+04     0.230147E+04     0.229878E+04     0.237249E+04     0.235187E+04     0.234954E+04     0.232522E+04     0.231706E+04     0.233163E+04     0.235635E+04     0.235383E+04     0.232573E+04     0.232170E+04     0.231839E+04     0.230915E+04     0.229439E+04     0.227189E+04     0.259071E+04     0.256845E+04     0.258228E+04     0.258409E+04     0.255435E+04     0.254855E+04     0.226562E+04     0.226432E+04     0.226219E+04     0.226046E+04     0.229924E+04     0.227826E+04     0.223969E+04     0.224682E+04     0.225984E+04     0.226318E+04     0.224194E+04     0.223675E+04     0.224290E+04     0.224157E+04     0.219275E+04     0.208270E+04     0.207972E+04     0.207623E+04     0.211114E+04     0.210999E+04     0.210769E+04     0.206850E+04     0.204940E+04     0.205561E+04     0.206642E+04     0.206459E+04     0.200972E+04     0.205796E+04     0.206807E+04     0.209195E+04     0.209017E+04     0.208885E+04     0.206642E+04     0.207581E+04     0.203143E+04     0.202466E+04     0.202341E+04     0.203339E+04     0.203428E+04     0.202270E+04     0.203656E+04     0.203466E+04     0.205630E+04     0.205499E+04     0.200348E+04     0.200186E+04     0.200000E+04     0.200000E+04     0.203656E+04     0.203490E+04     0.203274E+04     0.201458E+04     0.201335E+04     0.201138E+04     0.200240E+04     0.200000E+04     0.202612E+04     0.203466E+04     0.203274E+04     0.201034E+04     0.200000E+04     0.200000E+04     0.203972E+04     0.203846E+04     0.203735E+04     0.202518E+04     0.200000E+04     0.200000E+04     0.200000E+04     0.200000E+04     0.200000E+04     0.200000E+04     0.200000E+04     0.200000E+04     0.200000E+04     0.200000E+04     0.200000E+04     0.200000E+04     0.200000E+04     0.200000E+04     0.200000E+04     0.200000E+04     0.200000E+04     0.200000E+04     0.200000E+04     0.200000E+04     0.100000E+21
 0.138000E+04     0.214000E+04     0.214000E+04     0.214000E+04     0.214000E+04     0.214000E+04     0.214000E+04     0.214000E+04     0.214000E+04     0.214000E+04     0.214000E+04     0.214000E+04     0.214000E+04     0.218883E+04     0.220800E+04     0.220800E+04     0.222200E+04     0.244149E+04     0.230147E+04     0.229878E+04     0.237005E+04     0.235187E+04     0.234962E+04     0.232529E+04     0.231706E+04     0.233166E+04     0.235610E+04     0.235383E+04     0.232572E+04     0.232170E+04     0.231839E+04     0.229994E+04     0.226302E+04     0.228584E+04     0.259071E+04     0.256845E+04     0.258237E+04     0.258409E+04     0.255384E+04     0.254855E+04     0.226563E+04     0.226432E+04     0.226219E+04     0.226055E+04     0.229924E+04     0.227846E+04     0.223969E+04     0.224682E+04     0.225973E+04     0.226318E+04     0.224363E+04     0.223672E+04     0.224290E+04     0.224156E+04     0.218771E+04     0.208270E+04     0.207963E+04     0.207623E+04     0.211114E+04     0.210999E+04     0.210769E+04     0.206927E+04     0.206020E+04     0.205552E+04     0.206642E+04     0.206459E+04     0.201395E+04     0.205324E+04     0.206804E+04     0.209195E+04     0.209018E+04     0.208888E+04     0.206642E+04     0.207538E+04     0.203148E+04     0.202466E+04     0.202341E+04     0.203346E+04     0.203428E+04     0.202282E+04     0.203656E+04     0.203466E+04     0.205628E+04     0.205499E+04     0.200339E+04     0.200186E+04     0.200000E+04     0.201219E+04     0.203656E+04     0.203505E+04     0.203275E+04     0.201459E+04     0.201335E+04     0.201138E+04     0.200279E+04     0.200000E+04     0.202560E+04     0.203466E+04     0.203274E+04     0.201041E+04     0.200000E+04     0.200000E+04     0.203973E+04     0.203846E+04     0.203734E+04     0.202438E+04     0.200000E+04     0.200000E+04     0.200000E+04     0.200000E+04     0.200000E+04     0.200000E+04     0.200000E+04     0.200000E+04     0.200000E+04     0.200000E+04     0.200000E+04     0.200000E+04     0.200000E+04     0.200000E+04     0.200000E+04     0.200000E+04     0.200000E+04     0.200000E+04     0.200000E+04     0.200000E+04     0.100000E+21
 0.140000E+04     0.214000E+04     0.214000E+04     0.214000E+04     0.214000E+04     0.214000E+04     0.214000E+04     0.214000E+04     0.214000E+04     0.214000E+04     0.214000E+04     0.214000E+04     0.214000E+04     0.218608E+04     0.220800E+04     0.220800E+04     0.222200E+04     0.243003E+04     0.230147E+04     0.229878E+04     0.236165E+04     0.235187E+04     0.234987E+04     0.232483E+04     0.231706E+04     0.233036E+04     0.235580E+04     0.235383E+04     0.232533E+04     0.232170E+04     0.231839E+04     0.228518E+04     0.223548E+04     0.232296E+04     0.259071E+04     0.256845E+04     0.258134E+04     0.258409E+04     0.255316E+04     0.254855E+04     0.226554E+04     0.226432E+04     0.226219E+04     0.226076E+04     0.229924E+04     0.228059E+04     0.223969E+04     0.224682E+04     0.225842E+04     0.226319E+04     0.224617E+04     0.223496E+04     0.223767E+04     0.223927E+04     0.217515E+04     0.208270E+04     0.207925E+04     0.207623E+04     0.211114E+04     0.211009E+04     0.210769E+04     0.207131E+04     0.207007E+04     0.205603E+04     0.206642E+04     0.206459E+04     0.202048E+04     0.204903E+04     0.206311E+04     0.207439E+04     0.209018E+04     0.208903E+04     0.207542E+04     0.207795E+04     0.203104E+04     0.202466E+04     0.202351E+04     0.203410E+04     0.204369E+04     0.202422E+04     0.203656E+04     0.203466E+04     0.205615E+04     0.205499E+04     0.200320E+04     0.200186E+04     0.200000E+04     0.202207E+04     0.203656E+04     0.203524E+04     0.203275E+04     0.201450E+04     0.201335E+04     0.201138E+04     0.200384E+04     0.200000E+04     0.202283E+04     0.203466E+04     0.203274E+04     0.201254E+04     0.200000E+04     0.200000E+04     0.203961E+04     0.203846E+04     0.203740E+04     0.202160E+04     0.200000E+04     0.200000E+04     0.200000E+04     0.200000E+04     0.200000E+04     0.200000E+04     0.200000E+04     0.200000E+04     0.200000E+04     0.200000E+04     0.200000E+04     0.200000E+04     0.200000E+04     0.200000E+04     0.200000E+04     0.200000E+04     0.200000E+04     0.200000E+04     0.200000E+04     0.200000E+04     0.100000E+21
 0.142000E+04     0.214000E+04     0.214000E+04     0.214000E+04     0.214000E+04     0.214000E+04     0.214000E+04     0.214000E+04     0.214000E+04     0.214000E+04     0.214000E+04     0.214000E+04     0.214000E+04     0.218631E+04     0.220800E+04     0.222952E+04     0.239930E+04     0.243108E+04     0.230147E+04     0.229878E+04     0.236250E+04     0.235187E+04     0.234985E+04     0.232487E+04     0.231706E+04     0.233048E+04     0.235583E+04     0.235383E+04     0.232694E+04     0.232170E+04     0.231839E+04     0.228578E+04     0.223549E+04     0.231916E+04     0.259071E+04     0.256845E+04     0.258144E+04     0.258409E+04     0.255323E+04     0.254855E+04     0.226555E+04     0.226432E+04     0.226219E+04     0.226074E+04     0.227434E+04     0.227220E+04     0.223969E+04     0.224682E+04     0.225854E+04     0.226318E+04     0.225583E+04     0.223249E+04     0.223116E+04     0.223666E+04     0.217647E+04     0.208270E+04     0.207929E+04     0.207623E+04     0.211114E+04     0.211008E+04     0.210769E+04     0.207133E+04     0.207007E+04     0.205598E+04     0.206642E+04     0.206459E+04     0.201980E+04     0.204903E+04     0.205539E+04     0.205425E+04     0.209018E+04     0.208901E+04     0.208662E+04     0.208189E+04     0.203108E+04     0.202466E+04     0.202350E+04     0.203370E+04     0.205536E+04     0.202408E+04     0.203656E+04     0.203466E+04     0.205616E+04     0.205499E+04     0.202408E+04     0.200186E+04     0.200000E+04     0.202220E+04     0.203656E+04     0.203522E+04     0.203275E+04     0.201451E+04     0.201335E+04     0.201138E+04     0.200373E+04     0.200000E+04     0.202311E+04     0.203466E+04     0.203274E+04     0.201234E+04     0.200000E+04     0.200000E+04     0.203963E+04     0.203847E+04     0.203739E+04     0.202189E+04     0.200000E+04     0.200000E+04     0.200000E+04     0.200000E+04     0.200000E+04     0.200000E+04     0.200000E+04     0.200000E+04     0.200000E+04     0.200000E+04     0.200000E+04     0.200000E+04     0.200000E+04     0.200000E+04     0.200000E+04     0.200000E+04     0.200000E+04     0.200000E+04     0.200000E+04     0.200000E+04     0.100000E+21
 0.144000E+04     0.214000E+04     0.214000E+04     0.214000E+04     0.214000E+04     0.214000E+04     0.214000E+04     0.214000E+04     0.214000E+04     0.214000E+04     0.214000E+04     0.214000E+04     0.214000E+04     0.218884E+04     0.220800E+04     0.224684E+04     0.251700E+04     0.244154E+04     0.230147E+04     0.229878E+04     0.237013E+04     0.235187E+04     0.234962E+04     0.232529E+04     0.231706E+04     0.233166E+04     0.235611E+04     0.235383E+04     0.232858E+04     0.232170E+04     0.231839E+04     0.229126E+04     0.223548E+04     0.228541E+04     0.259071E+04     0.256845E+04     0.258238E+04     0.258409E+04     0.255385E+04     0.254855E+04     0.226563E+04     0.226432E+04     0.226219E+04     0.226055E+04     0.225791E+04     0.226593E+04     0.223969E+04     0.224682E+04     0.225974E+04     0.226318E+04     0.226167E+04     0.223259E+04     0.223116E+04     0.223701E+04     0.219060E+04     0.208270E+04     0.207964E+04     0.207623E+04     0.211114E+04     0.210999E+04     0.210769E+04     0.207149E+04     0.207006E+04     0.205552E+04     0.206642E+04     0.206459E+04     0.204166E+04     0.204903E+04     0.205549E+04     0.205425E+04     0.209018E+04     0.208888E+04     0.208662E+04     0.208131E+04     0.203331E+04     0.202975E+04     0.202506E+04     0.203081E+04     0.205536E+04     0.202281E+04     0.203656E+04     0.203466E+04     0.205628E+04     0.205499E+04     0.204118E+04     0.200186E+04     0.200000E+04     0.202362E+04     0.203656E+04     0.203504E+04     0.203274E+04     0.201459E+04     0.201335E+04     0.201138E+04     0.200278E+04     0.200000E+04     0.202563E+04     0.203466E+04     0.203274E+04     0.201039E+04     0.200000E+04     0.200000E+04     0.203973E+04     0.203846E+04     0.203734E+04     0.202441E+04     0.200000E+04     0.200000E+04     0.200000E+04     0.200000E+04     0.200000E+04     0.200000E+04     0.200000E+04     0.200000E+04     0.200000E+04     0.200000E+04     0.200000E+04     0.200000E+04     0.200000E+04     0.200000E+04     0.200000E+04     0.200000E+04     0.200000E+04     0.200000E+04     0.200000E+04     0.200000E+04     0.100000E+21
 0.146000E+04     0.214000E+04     0.214000E+04     0.214000E+04     0.214000E+04     0.214000E+04     0.214000E+04     0.214000E+04     0.214000E+04     0.214000E+04     0.214000E+04     0.214000E+04     0.214000E+04     0.218867E+04     0.220800E+04     0.225338E+04     0.251700E+04     0.244208E+04     0.230147E+04     0.229878E+04     0.230762E+04     0.235187E+04     0.234949E+04     0.232526E+04     0.231706E+04     0.233178E+04     0.235650E+04     0.235383E+04     0.232868E+04     0.232170E+04     0.231839E+04     0.229333E+04     0.223549E+04     0.226278E+04     0.259071E+04     0.256845E+04     0.258238E+04     0.258409E+04     0.255485E+04     0.254855E+04     0.226562E+04     0.226432E+04     0.226219E+04     0.226040E+04     0.225791E+04     0.226612E+04     0.223969E+04     0.224682E+04     0.226003E+04     0.226318E+04     0.226147E+04     0.223260E+04     0.223116E+04     0.223699E+04     0.220108E+04     0.208270E+04     0.207979E+04     0.207623E+04     0.208596E+04     0.210246E+04     0.210769E+04     0.207169E+04     0.207007E+04     0.204977E+04     0.205200E+04     0.206459E+04     0.206294E+04     0.204903E+04     0.205550E+04     0.205425E+04     0.209018E+04     0.208883E+04     0.208662E+04     0.207142E+04     0.203506E+04     0.203389E+04     0.202663E+04     0.202758E+04     0.205536E+04     0.203146E+04     0.203656E+04     0.203466E+04     0.204236E+04     0.205499E+04     0.204487E+04     0.200186E+04     0.200000E+04     0.202357E+04     0.203656E+04     0.203476E+04     0.203274E+04     0.201459E+04     0.201335E+04     0.201138E+04     0.200215E+04     0.200000E+04     0.202658E+04     0.203466E+04     0.203274E+04     0.201007E+04     0.200000E+04     0.200000E+04     0.203974E+04     0.203846E+04     0.203734E+04     0.202572E+04     0.200000E+04     0.200000E+04     0.200000E+04     0.200000E+04     0.200000E+04     0.200000E+04     0.200000E+04     0.200000E+04     0.200000E+04     0.200000E+04     0.200000E+04     0.200000E+04     0.200000E+04     0.200000E+04     0.200000E+04     0.200000E+04     0.200000E+04     0.200000E+04     0.200000E+04     0.200000E+04     0.100000E+21
 0.148000E+04     0.214000E+04     0.214000E+04     0.214000E+04     0.214000E+04     0.214000E+04     0.214000E+04     0.214000E+04     0.214000E+04     0.214000E+04     0.214000E+04     0.214000E+04     0.214000E+04     0.218891E+04     0.220800E+04     0.224776E+04     0.251700E+04     0.244203E+04     0.230147E+04     0.229878E+04     0.229675E+04     0.235187E+04     0.234959E+04     0.232530E+04     0.231706E+04     0.233173E+04     0.235617E+04     0.235383E+04     0.232862E+04     0.232170E+04     0.231839E+04     0.219662E+04     0.223549E+04     0.228068E+04     0.259071E+04     0.256845E+04     0.256430E+04     0.258409E+04     0.255398E+04     0.254855E+04     0.226563E+04     0.226432E+04     0.226219E+04     0.226052E+04     0.229924E+04     0.227829E+04     0.223969E+04     0.224682E+04     0.225984E+04     0.226318E+04     0.226163E+04     0.223260E+04     0.223116E+04     0.223702E+04     0.219455E+04     0.208270E+04     0.207967E+04     0.207623E+04     0.207442E+04     0.209788E+04     0.210769E+04     0.209889E+04     0.207007E+04     0.204673E+04     0.204565E+04     0.206459E+04     0.206311E+04     0.204903E+04     0.205549E+04     0.205425E+04     0.209018E+04     0.208887E+04     0.208662E+04     0.207080E+04     0.203506E+04     0.203389E+04     0.202663E+04     0.202364E+04     0.203121E+04     0.202720E+04     0.201492E+04     0.203466E+04     0.203937E+04     0.205499E+04     0.204189E+04     0.200186E+04     0.200000E+04     0.202367E+04     0.203656E+04     0.203501E+04     0.203274E+04     0.201459E+04     0.201335E+04     0.201138E+04     0.200265E+04     0.200000E+04     0.202587E+04     0.203466E+04     0.203274E+04     0.201027E+04     0.200000E+04     0.200000E+04     0.203973E+04     0.203846E+04     0.203733E+04     0.202470E+04     0.200000E+04     0.200000E+04     0.200000E+04     0.200000E+04     0.200000E+04     0.200000E+04     0.200000E+04     0.200000E+04     0.200000E+04     0.200000E+04     0.200000E+04     0.200000E+04     0.200000E+04     0.200000E+04     0.200000E+04     0.200000E+04     0.200000E+04     0.200000E+04     0.200000E+04     0.200000E+04     0.100000E+21
 0.150000E+04     0.214000E+04     0.214000E+04     0.214000E+04     0.214000E+04     0.214000E+04     0.214000E+04     0.214000E+04     0.214000E+04     0.214000E+04     0.214000E+04     0.214000E+04     0.214000E+04     0.218668E+04     0.220800E+04     0.224314E+04     0.251700E+04     0.243270E+04     0.230147E+04     0.229878E+04     0.229695E+04     0.235187E+04     0.234981E+04     0.232493E+04     0.231706E+04     0.233067E+04     0.235589E+04     0.235383E+04     0.232808E+04     0.232170E+04     0.231839E+04     0.220010E+04     0.223548E+04     0.233633E+04     0.259071E+04     0.256845E+04     0.256455E+04     0.258409E+04     0.255335E+04     0.254855E+04     0.226556E+04     0.226432E+04     0.226219E+04     0.226070E+04     0.229924E+04     0.228006E+04     0.223969E+04     0.224682E+04     0.225411E+04     0.226318E+04     0.226181E+04     0.223250E+04     0.223116E+04     0.223671E+04     0.218319E+04     0.208270E+04     0.207935E+04     0.207623E+04     0.207442E+04     0.209617E+04     0.210769E+04     0.209558E+04     0.207007E+04     0.204669E+04     0.204565E+04     0.206459E+04     0.206328E+04     0.203177E+04     0.205540E+04     0.205425E+04     0.209018E+04     0.208899E+04     0.208662E+04     0.207241E+04     0.204414E+04     0.203389E+04     0.202710E+04     0.202450E+04     0.203121E+04     0.202617E+04     0.201492E+04     0.203466E+04     0.204068E+04     0.205499E+04     0.203755E+04     0.200186E+04     0.200000E+04     0.201394E+04     0.203656E+04     0.203519E+04     0.203274E+04     0.201452E+04     0.201335E+04     0.201138E+04     0.200356E+04     0.200000E+04     0.202355E+04     0.203466E+04     0.203274E+04     0.201202E+04     0.200000E+04     0.200000E+04     0.203964E+04     0.203847E+04     0.203738E+04     0.202235E+04     0.200000E+04     0.200000E+04     0.200000E+04     0.200000E+04     0.200000E+04     0.200000E+04     0.200000E+04     0.200000E+04     0.200000E+04     0.200000E+04     0.200000E+04     0.200000E+04     0.200000E+04     0.200000E+04     0.200000E+04     0.200000E+04     0.200000E+04     0.200000E+04     0.200000E+04     0.200000E+04     0.100000E+21
 0.152000E+04     0.214000E+04     0.214000E+04     0.214000E+04     0.214000E+04     0.214000E+04     0.214000E+04     0.214000E+04     0.214000E+04     0.214000E+04     0.214000E+04     0.214000E+04     0.214000E+04     0.218598E+04     0.220800E+04     0.224152E+04     0.236736E+04     0.242961E+04     0.230147E+04     0.229878E+04     0.229702E+04     0.235187E+04     0.234988E+04     0.232481E+04     0.231706E+04     0.233032E+04     0.235578E+04     0.235383E+04     0.232790E+04     0.232170E+04     0.231839E+04     0.220134E+04     0.223549E+04     0.239320E+04     0.259071E+04     0.256845E+04     0.256463E+04     0.258409E+04     0.255313E+04     0.254855E+04     0.226554E+04     0.226432E+04     0.226219E+04     0.226077E+04     0.229924E+04     0.228067E+04     0.223969E+04     0.224209E+04     0.224370E+04     0.226318E+04     0.226188E+04     0.223247E+04     0.223116E+04     0.223661E+04     0.217900E+04     0.208270E+04     0.207923E+04     0.207623E+04     0.207442E+04     0.209560E+04     0.210769E+04     0.209443E+04     0.207007E+04     0.204668E+04     0.204565E+04     0.206459E+04     0.206334E+04     0.200000E+04     0.205537E+04     0.205425E+04     0.209018E+04     0.208903E+04     0.208662E+04     0.207300E+04     0.205870E+04     0.203389E+04     0.202726E+04     0.202482E+04     0.203121E+04     0.203251E+04     0.201492E+04     0.203466E+04     0.204114E+04     0.205499E+04     0.203601E+04     0.200186E+04     0.200000E+04     0.200000E+04     0.203656E+04     0.203525E+04     0.203274E+04     0.201450E+04     0.201335E+04     0.201138E+04     0.200388E+04     0.200000E+04     0.202273E+04     0.203466E+04     0.203274E+04     0.201262E+04     0.200000E+04     0.200000E+04     0.203961E+04     0.203846E+04     0.203740E+04     0.202149E+04     0.200000E+04     0.200000E+04     0.200000E+04     0.200000E+04     0.200000E+04     0.200000E+04     0.200000E+04     0.200000E+04     0.200000E+04     0.200000E+04     0.200000E+04     0.200000E+04     0.200000E+04     0.200000E+04     0.200000E+04     0.200000E+04     0.200000E+04     0.200000E+04     0.200000E+04     0.200000E+04     0.100000E+21
 0.154000E+04     0.214000E+04     0.214000E+04     0.214000E+04     0.214000E+04     0.214000E+04     0.214000E+04     0.214000E+04     0.214000E+04     0.214000E+04     0.214000E+04     0.214000E+04     0.214000E+04     0.218889E+04     0.220800E+04     0.224751E+04     0.222200E+04     0.244191E+04     0.230147E+04     0.229878E+04     0.229675E+04     0.235187E+04     0.234959E+04     0.232530E+04     0.231706E+04     0.233171E+04     0.235615E+04     0.235383E+04     0.232861E+04     0.232170E+04     0.231839E+04     0.219671E+04     0.223549E+04     0.236164E+04     0.259071E+04     0.256845E+04     0.256431E+04     0.258409E+04     0.255394E+04     0.254855E+04     0.226563E+04     0.226432E+04     0.226219E+04     0.226053E+04     0.229924E+04     0.227833E+04     0.223969E+04     0.223749E+04     0.224252E+04     0.226318E+04     0.226164E+04     0.223260E+04     0.223116E+04     0.223702E+04     0.223587E+04     0.222923E+04     0.205946E+04     0.200000E+04     0.207442E+04     0.209785E+04     0.210769E+04     0.209872E+04     0.207007E+04     0.204673E+04     0.204565E+04     0.206459E+04     0.206312E+04     0.200000E+04     0.205549E+04     0.205425E+04     0.209018E+04     0.208887E+04     0.208662E+04     0.207087E+04     0.206052E+04     0.203389E+04     0.202663E+04     0.202024E+04     0.201883E+04     0.204203E+04     0.201492E+04     0.203466E+04     0.203940E+04     0.205499E+04     0.204171E+04     0.200186E+04     0.200000E+04     0.200000E+04     0.203656E+04     0.203502E+04     0.203275E+04     0.201459E+04     0.201335E+04     0.201138E+04     0.200268E+04     0.200000E+04     0.202581E+04     0.203466E+04     0.203274E+04     0.201030E+04     0.200000E+04     0.200000E+04     0.203973E+04     0.203846E+04     0.203733E+04     0.202463E+04     0.200000E+04     0.200000E+04     0.200000E+04     0.200000E+04     0.200000E+04     0.200000E+04     0.200000E+04     0.200000E+04     0.200000E+04     0.200000E+04     0.200000E+04     0.200000E+04     0.200000E+04     0.200000E+04     0.200000E+04     0.200000E+04     0.200000E+04     0.200000E+04     0.200000E+04     0.200000E+04     0.100000E+21
 0.156000E+04     0.214000E+04     0.214000E+04     0.214000E+04     0.214000E+04     0.214000E+04     0.214000E+04     0.214000E+04     0.214000E+04     0.214000E+04     0.214000E+04     0.214000E+04     0.214000E+04     0.218800E+04     0.220800E+04     0.224766E+04     0.222200E+04     0.243880E+04     0.230147E+04     0.229878E+04     0.229678E+04     0.235187E+04     0.234962E+04     0.232515E+04     0.231706E+04     0.233139E+04     0.235618E+04     0.235383E+04     0.232846E+04     0.232170E+04     0.231839E+04     0.219731E+04     0.223549E+04     0.236363E+04     0.259071E+04     0.256845E+04     0.256440E+04     0.258409E+04     0.255397E+04     0.254855E+04     0.226560E+04     0.226432E+04     0.226219E+04     0.226054E+04     0.226695E+04     0.227104E+04     0.223969E+04     0.223749E+04     0.224241E+04     0.226319E+04     0.226163E+04     0.223257E+04     0.223116E+04     0.223690E+04     0.223583E+04     0.222923E+04     0.205855E+04     0.200000E+04     0.207442E+04     0.209733E+04     0.210769E+04     0.209877E+04     0.207007E+04     0.204671E+04     0.204565E+04     0.206459E+04     0.206312E+04     0.200000E+04     0.205546E+04     0.205425E+04     0.209018E+04     0.208889E+04     0.208662E+04     0.207095E+04     0.205999E+04     0.203389E+04     0.202679E+04     0.202025E+04     0.201883E+04     0.204436E+04     0.202700E+04     0.203466E+04     0.203970E+04     0.205499E+04     0.204151E+04     0.200186E+04     0.200000E+04     0.200000E+04     0.203656E+04     0.203501E+04     0.203275E+04     0.201457E+04     0.201335E+04     0.201138E+04     0.200276E+04     0.200000E+04     0.202541E+04     0.203466E+04     0.203274E+04     0.201078E+04     0.200000E+04     0.200000E+04     0.203970E+04     0.203847E+04     0.203735E+04     0.202436E+04     0.200000E+04     0.200000E+04     0.200000E+04     0.200000E+04     0.200000E+04     0.200000E+04     0.200000E+04     0.200000E+04     0.200000E+04     0.200000E+04     0.200000E+04     0.200000E+04     0.200000E+04     0.200000E+04     0.200000E+04     0.200000E+04     0.200000E+04     0.200000E+04     0.200000E+04     0.200000E+04     0.100000E+21
 0.158000E+04     0.214000E+04     0.214000E+04     0.214000E+04     0.214000E+04     0.214000E+04     0.214000E+04     0.214000E+04     0.214000E+04     0.214000E+04     0.214000E+04     0.214000E+04     0.214000E+04     0.218904E+04     0.220800E+04     0.225231E+04     0.222200E+04     0.244316E+04     0.230147E+04     0.229878E+04     0.229666E+04     0.235187E+04     0.234950E+04     0.232532E+04     0.231706E+04     0.231480E+04     0.235643E+04     0.235383E+04     0.232872E+04     0.232170E+04     0.231839E+04     0.219557E+04     0.223549E+04     0.234901E+04     0.259071E+04     0.256845E+04     0.256428E+04     0.258409E+04     0.255466E+04     0.254855E+04     0.226563E+04     0.226432E+04     0.226219E+04     0.226041E+04     0.225791E+04     0.226615E+04     0.223969E+04     0.223749E+04     0.224262E+04     0.226318E+04     0.226150E+04     0.223261E+04     0.223116E+04     0.223704E+04     0.223622E+04     0.222923E+04     0.206151E+04     0.200000E+04     0.207442E+04     0.209813E+04     0.210769E+04     0.210169E+04     0.207007E+04     0.205872E+04     0.204565E+04     0.206459E+04     0.206297E+04     0.200000E+04     0.204944E+04     0.205425E+04     0.205239E+04     0.207977E+04     0.208662E+04     0.207004E+04     0.206064E+04     0.203389E+04     0.202657E+04     0.202037E+04     0.201883E+04     0.204698E+04     0.203044E+04     0.203466E+04     0.203906E+04     0.205499E+04     0.204445E+04     0.200186E+04     0.200000E+04     0.200000E+04     0.203656E+04     0.203481E+04     0.203274E+04     0.201460E+04     0.201335E+04     0.201138E+04     0.200220E+04     0.200000E+04     0.202657E+04     0.203466E+04     0.203274E+04     0.200995E+04     0.200000E+04     0.200000E+04     0.203975E+04     0.203846E+04     0.203733E+04     0.202560E+04     0.200000E+04     0.200000E+04     0.200000E+04     0.200000E+04     0.200000E+04     0.200000E+04     0.200000E+04     0.200000E+04     0.200000E+04     0.200000E+04     0.200000E+04     0.200000E+04     0.200000E+04     0.200000E+04     0.200000E+04     0.200000E+04     0.200000E+04     0.200000E+04     0.200000E+04     0.200000E+04     0.100000E+21
 0.160000E+04     0.214000E+04     0.214000E+04     0.214000E+04     0.214000E+04     0.214000E+04     0.214000E+04     0.214000E+04     0.214000E+04     0.214000E+04     0.214000E+04     0.214000E+04     0.214000E+04     0.218772E+04     0.220800E+04     0.224618E+04     0.222200E+04     0.243739E+04     0.230147E+04     0.229878E+04     0.229683E+04     0.235187E+04     0.234967E+04     0.232510E+04     0.231706E+04     0.231490E+04     0.235608E+04     0.235383E+04     0.232837E+04     0.232170E+04     0.231839E+04     0.219807E+04     0.223549E+04     0.236986E+04     0.259071E+04     0.256845E+04     0.256443E+04     0.258409E+04     0.255376E+04     0.254855E+04     0.226559E+04     0.226432E+04     0.226219E+04     0.226059E+04     0.225791E+04     0.226569E+04     0.223969E+04     0.223749E+04     0.224233E+04     0.226318E+04     0.226169E+04     0.223255E+04     0.223116E+04     0.223686E+04     0.223565E+04     0.222923E+04     0.205729E+04     0.200000E+04     0.207442E+04     0.209705E+04     0.210769E+04     0.209774E+04     0.207007E+04     0.205843E+04     0.204565E+04     0.206459E+04     0.206317E+04     0.200000E+04     0.204966E+04     0.205425E+04     0.205239E+04     0.207789E+04     0.208662E+04     0.207139E+04     0.205981E+04     0.203389E+04     0.202687E+04     0.202020E+04     0.201883E+04     0.204606E+04     0.203044E+04     0.203466E+04     0.203995E+04     0.205499E+04     0.204030E+04     0.200186E+04     0.200000E+04     0.200000E+04     0.203656E+04     0.203507E+04     0.203274E+04     0.201456E+04     0.201335E+04     0.201138E+04     0.200300E+04     0.200000E+04     0.202490E+04     0.203466E+04     0.203274E+04     0.201109E+04     0.200000E+04     0.200000E+04     0.203969E+04     0.203846E+04     0.203736E+04     0.202378E+04     0.200000E+04     0.200000E+04     0.200000E+04     0.200000E+04     0.200000E+04     0.200000E+04     0.200000E+04     0.200000E+04     0.200000E+04     0.200000E+04     0.200000E+04     0.200000E+04     0.200000E+04     0.200000E+04     0.200000E+04     0.200000E+04     0.200000E+04     0.200000E+04     0.200000E+04     0.200000E+04     0.100000E+21
 0.162000E+04     0.214000E+04     0.214000E+04     0.214000E+04     0.214000E+04     0.214000E+04     0.214000E+04     0.214000E+04     0.214000E+04     0.214000E+04     0.214000E+04     0.214000E+04     0.214000E+04     0.218623E+04     0.220800E+04     0.224206E+04     0.222200E+04     0.243069E+04     0.230147E+04     0.229878E+04     0.229700E+04     0.239179E+04     0.236469E+04     0.232989E+04     0.232743E+04     0.231958E+04     0.235582E+04     0.235383E+04     0.232796E+04     0.232170E+04     0.231839E+04     0.220092E+04     0.223549E+04     0.239033E+04     0.259071E+04     0.256845E+04     0.256460E+04     0.258409E+04     0.255320E+04     0.254855E+04     0.226555E+04     0.226432E+04     0.226219E+04     0.226074E+04     0.225791E+04     0.226515E+04     0.226730E+04     0.223749E+04     0.224201E+04     0.226318E+04     0.226185E+04     0.223248E+04     0.223116E+04     0.223665E+04     0.223505E+04     0.222923E+04     0.205268E+04     0.200000E+04     0.207442E+04     0.209580E+04     0.210769E+04     0.209481E+04     0.207007E+04     0.205811E+04     0.204565E+04     0.206459E+04     0.206332E+04     0.200000E+04     0.204991E+04     0.205425E+04     0.205239E+04     0.207584E+04     0.208662E+04     0.208551E+04     0.205886E+04     0.203389E+04     0.202954E+04     0.202005E+04     0.201883E+04     0.203874E+04     0.203045E+04     0.203466E+04     0.203204E+04     0.203083E+04     0.203653E+04     0.200186E+04     0.200000E+04     0.200000E+04     0.203656E+04     0.203523E+04     0.203274E+04     0.201837E+04     0.201335E+04     0.201138E+04     0.200627E+04     0.200000E+04     0.202301E+04     0.203466E+04     0.203274E+04     0.201241E+04     0.200000E+04     0.200000E+04     0.203962E+04     0.203846E+04     0.203740E+04     0.202178E+04     0.200000E+04     0.200000E+04     0.200000E+04     0.200000E+04     0.200000E+04     0.200000E+04     0.200000E+04     0.200000E+04     0.200000E+04     0.200000E+04     0.200000E+04     0.200000E+04     0.200000E+04     0.200000E+04     0.200000E+04     0.200000E+04     0.200000E+04     0.200000E+04     0.200000E+04     0.200000E+04     0.100000E+21
 0.164000E+04     0.214000E+04     0.214000E+04     0.214000E+04     0.214000E+04     0.214000E+04     0.214000E+04     0.214000E+04     0.214000E+04     0.214000E+04     0.214000E+04     0.214000E+04     0.214000E+04     0.218904E+04     0.220800E+04     0.225174E+04     0.222200E+04     0.244311E+04     0.230147E+04     0.229878E+04     0.229667E+04     0.239179E+04     0.236002E+04     0.233548E+04     0.234223E+04     0.232297E+04     0.235640E+04     0.235383E+04     0.232871E+04     0.232170E+04     0.231839E+04     0.219564E+04     0.223548E+04     0.234996E+04     0.259071E+04     0.256845E+04     0.256428E+04     0.258409E+04     0.255457E+04     0.254855E+04     0.226563E+04     0.226432E+04     0.226219E+04     0.226042E+04     0.225791E+04     0.228747E+04     0.226730E+04     0.223749E+04     0.224261E+04     0.226319E+04     0.226151E+04     0.223261E+04     0.223116E+04     0.223704E+04     0.223619E+04     0.222923E+04     0.208047E+04     0.207911E+04     0.207442E+04     0.209812E+04     0.210769E+04     0.210573E+04     0.210422E+04     0.205872E+04     0.204565E+04     0.204376E+04     0.206033E+04     0.206091E+04     0.204944E+04     0.205425E+04     0.205239E+04     0.207971E+04     0.208662E+04     0.208529E+04     0.206765E+04     0.207550E+04     0.204697E+04     0.202036E+04     0.201883E+04     0.202962E+04     0.203044E+04     0.201296E+04     0.203220E+04     0.203083E+04     0.204423E+04     0.200186E+04     0.200000E+04     0.200000E+04     0.203656E+04     0.203484E+04     0.203274E+04     0.202449E+04     0.201335E+04     0.201138E+04     0.200980E+04     0.200000E+04     0.202652E+04     0.203466E+04     0.203274E+04     0.200996E+04     0.200000E+04     0.200000E+04     0.203975E+04     0.203847E+04     0.203733E+04     0.202554E+04     0.200000E+04     0.200000E+04     0.200000E+04     0.200000E+04     0.200000E+04     0.200000E+04     0.200000E+04     0.200000E+04     0.200000E+04     0.200000E+04     0.200000E+04     0.200000E+04     0.200000E+04     0.200000E+04     0.200000E+04     0.200000E+04     0.200000E+04     0.200000E+04     0.200000E+04     0.200000E+04     0.100000E+21
 0.166000E+04     0.214000E+04     0.214000E+04     0.214000E+04     0.214000E+04     0.214000E+04     0.214000E+04     0.214000E+04     0.214000E+04     0.214000E+04     0.214000E+04     0.214000E+04     0.214000E+04     0.218700E+04     0.220800E+04     0.224397E+04     0.222200E+04     0.243412E+04     0.230147E+04     0.229878E+04     0.229691E+04     0.239179E+04     0.236346E+04     0.233576E+04     0.234223E+04     0.233493E+04     0.235594E+04     0.235383E+04     0.232817E+04     0.232170E+04     0.231839E+04     0.219950E+04     0.223549E+04     0.231292E+04     0.231574E+04     0.256845E+04     0.256452E+04     0.258409E+04     0.255346E+04     0.254855E+04     0.237014E+04     0.226432E+04     0.226219E+04     0.226067E+04     0.225791E+04     0.228490E+04     0.226730E+04     0.223749E+04     0.224217E+04     0.226318E+04     0.226178E+04     0.223252E+04     0.223116E+04     0.223676E+04     0.223674E+04     0.223409E+04     0.208033E+04     0.207911E+04     0.207442E+04     0.209644E+04     0.210769E+04     0.210548E+04     0.210422E+04     0.205827E+04     0.204565E+04     0.204376E+04     0.205758E+04     0.206091E+04     0.204978E+04     0.205425E+04     0.205239E+04     0.207685E+04     0.208662E+04     0.208545E+04     0.206803E+04     0.207550E+04     0.204877E+04     0.202012E+04     0.201883E+04     0.202828E+04     0.204492E+04     0.201296E+04     0.203208E+04     0.203083E+04     0.204622E+04     0.203516E+04     0.200000E+04     0.200000E+04     0.201190E+04     0.202995E+04     0.203274E+04     0.202386E+04     0.201335E+04     0.201138E+04     0.201000E+04     0.200000E+04     0.200740E+04     0.203466E+04     0.203274E+04     0.201174E+04     0.200000E+04     0.200000E+04     0.203966E+04     0.203847E+04     0.203738E+04     0.202277E+04     0.200000E+04     0.200000E+04     0.200000E+04     0.200000E+04     0.200000E+04     0.200000E+04     0.200000E+04     0.200000E+04     0.200000E+04     0.200000E+04     0.200000E+04     0.200000E+04     0.200000E+04     0.200000E+04     0.200000E+04     0.200000E+04     0.200000E+04     0.200000E+04     0.200000E+04     0.200000E+04     0.100000E+21
 0.168000E+04     0.214000E+04     0.214000E+04     0.214000E+04     0.214000E+04     0.214000E+04     0.214000E+04     0.214000E+04     0.214000E+04     0.214000E+04     0.214000E+04     0.214000E+04     0.214000E+04     0.218869E+04     0.220800E+04     0.225114E+04     0.222200E+04     0.244181E+04     0.230147E+04     0.229878E+04     0.229669E+04     0.239179E+04     0.236028E+04     0.232526E+04     0.231706E+04     0.233174E+04     0.235638E+04     0.235383E+04     0.232865E+04     0.232170E+04     0.231839E+04     0.219600E+04     0.223549E+04     0.226903E+04     0.218347E+04     0.258432E+04     0.257016E+04     0.258409E+04     0.255447E+04     0.254855E+04     0.243436E+04     0.226432E+04     0.226219E+04     0.226044E+04     0.225791E+04     0.228719E+04     0.226730E+04     0.223749E+04     0.224256E+04     0.226318E+04     0.226153E+04     0.223260E+04     0.223116E+04     0.223699E+04     0.223795E+04     0.223632E+04     0.208046E+04     0.207911E+04     0.207442E+04     0.207321E+04     0.210769E+04     0.210571E+04     0.210422E+04     0.205864E+04     0.204565E+04     0.204376E+04     0.206014E+04     0.206091E+04     0.201786E+04     0.205425E+04     0.205239E+04     0.207946E+04     0.208662E+04     0.208530E+04     0.206771E+04     0.207550E+04     0.204724E+04     0.202034E+04     0.201883E+04     0.202698E+04     0.205164E+04     0.201296E+04     0.203219E+04     0.203083E+04     0.205279E+04     0.205127E+04     0.200000E+04     0.200000E+04     0.200000E+04     0.203091E+04     0.203274E+04     0.202439E+04     0.201335E+04     0.201138E+04     0.200981E+04     0.200000E+04     0.200000E+04     0.203466E+04     0.203274E+04     0.201018E+04     0.200000E+04     0.200000E+04     0.203973E+04     0.203847E+04     0.203734E+04     0.202532E+04     0.200000E+04     0.200000E+04     0.200000E+04     0.200000E+04     0.200000E+04     0.200000E+04     0.200000E+04     0.200000E+04     0.200000E+04     0.200000E+04     0.200000E+04     0.200000E+04     0.200000E+04     0.200000E+04     0.200000E+04     0.200000E+04     0.200000E+04     0.200000E+04     0.200000E+04     0.200000E+04     0.100000E+21
 0.170000E+04     0.214000E+04     0.214000E+04     0.214000E+04     0.214000E+04     0.214000E+04     0.214000E+04     0.214000E+04     0.214000E+04     0.214000E+04     0.214000E+04     0.214000E+04     0.214000E+04     0.218869E+04     0.220800E+04     0.225114E+04     0.222200E+04     0.244181E+04     0.230147E+04     0.229878E+04     0.229669E+04     0.239179E+04     0.236028E+04     0.232526E+04     0.231706E+04     0.233174E+04     0.235638E+04     0.235383E+04     0.232865E+04     0.232170E+04     0.231839E+04     0.219600E+04     0.223549E+04     0.226903E+04     0.218347E+04     0.258432E+04     0.257016E+04     0.258409E+04     0.257234E+04     0.254855E+04     0.243436E+04     0.226432E+04     0.226219E+04     0.226044E+04     0.225791E+04     0.228719E+04     0.226730E+04     0.223749E+04     0.224256E+04     0.226318E+04     0.226153E+04     0.223260E+04     0.223116E+04     0.223699E+04     0.223795E+04     0.223632E+04     0.208046E+04     0.207911E+04     0.207442E+04     0.207321E+04     0.210769E+04     0.210571E+04     0.210422E+04     0.205864E+04     0.204565E+04     0.204376E+04     0.206014E+04     0.206091E+04     0.201619E+04     0.204879E+04     0.205239E+04     0.205779E+04     0.208662E+04     0.208530E+04     0.206771E+04     0.207550E+04     0.204724E+04     0.202034E+04     0.201883E+04     0.202698E+04     0.205164E+04     0.202248E+04     0.203219E+04     0.203083E+04     0.205279E+04     0.205127E+04     0.200000E+04     0.200000E+04     0.200000E+04     0.203091E+04     0.203274E+04     0.202439E+04     0.201335E+04     0.201138E+04     0.200981E+04     0.200000E+04     0.200000E+04     0.203466E+04     0.203274E+04     0.201018E+04     0.200000E+04     0.200000E+04     0.203973E+04     0.203847E+04     0.203734E+04     0.202532E+04     0.200000E+04     0.200000E+04     0.200000E+04     0.200000E+04     0.200000E+04     0.200000E+04     0.200000E+04     0.200000E+04     0.200000E+04     0.200000E+04     0.200000E+04     0.200000E+04     0.200000E+04     0.200000E+04     0.200000E+04     0.200000E+04     0.200000E+04     0.200000E+04     0.200000E+04     0.200000E+04     0.100000E+21
 0.172000E+04     0.214000E+04     0.214000E+04     0.214000E+04     0.214000E+04     0.214000E+04     0.214000E+04     0.214000E+04     0.214000E+04     0.214000E+04     0.214000E+04     0.214000E+04     0.214000E+04     0.218700E+04     0.220800E+04     0.224397E+04     0.222200E+04     0.243412E+04     0.230147E+04     0.229878E+04     0.229691E+04     0.239179E+04     0.236346E+04     0.232498E+04     0.231706E+04     0.233084E+04     0.235594E+04     0.235383E+04     0.232817E+04     0.232170E+04     0.231839E+04     0.221080E+04     0.225951E+04     0.225887E+04     0.218347E+04     0.258432E+04     0.257084E+04     0.258409E+04     0.257006E+04     0.254855E+04     0.242735E+04     0.226432E+04     0.226219E+04     0.226067E+04     0.225791E+04     0.227874E+04     0.226730E+04     0.223749E+04     0.224217E+04     0.226318E+04     0.226178E+04     0.223252E+04     0.223116E+04     0.223676E+04     0.223776E+04     0.223632E+04     0.208033E+04     0.207911E+04     0.204535E+04     0.206145E+04     0.210769E+04     0.210548E+04     0.210422E+04     0.206203E+04     0.205367E+04     0.204376E+04     0.205758E+04     0.206091E+04     0.201679E+04     0.204527E+04     0.205239E+04     0.205112E+04     0.208662E+04     0.208545E+04     0.206972E+04     0.207092E+04     0.204638E+04     0.202184E+04     0.201883E+04     0.202525E+04     0.204394E+04     0.202852E+04     0.203208E+04     0.203083E+04     0.204772E+04     0.205127E+04     0.200000E+04     0.200000E+04     0.200000E+04     0.202562E+04     0.203274E+04     0.202386E+04     0.201335E+04     0.201138E+04     0.201000E+04     0.200000E+04     0.200000E+04     0.203466E+04     0.203274E+04     0.201174E+04     0.200000E+04     0.200000E+04     0.203966E+04     0.203847E+04     0.203738E+04     0.202277E+04     0.200000E+04     0.200000E+04     0.200000E+04     0.200000E+04     0.200000E+04     0.200000E+04     0.200000E+04     0.200000E+04     0.200000E+04     0.200000E+04     0.200000E+04     0.200000E+04     0.200000E+04     0.200000E+04     0.200000E+04     0.200000E+04     0.200000E+04     0.200000E+04     0.200000E+04     0.200000E+04     0.100000E+21
 0.174000E+04     0.214000E+04     0.214000E+04     0.214000E+04     0.214000E+04     0.214000E+04     0.214000E+04     0.214000E+04     0.214000E+04     0.214000E+04     0.214000E+04     0.214000E+04     0.214000E+04     0.218904E+04     0.220800E+04     0.225174E+04     0.222200E+04     0.244311E+04     0.230147E+04     0.229878E+04     0.229667E+04     0.239179E+04     0.236002E+04     0.232532E+04     0.231706E+04     0.233188E+04     0.235640E+04     0.235383E+04     0.232871E+04     0.232170E+04     0.231839E+04     0.221658E+04     0.231171E+04     0.226980E+04     0.218347E+04     0.258432E+04     0.257004E+04     0.258409E+04     0.257491E+04     0.254855E+04     0.243575E+04     0.226432E+04     0.226219E+04     0.226042E+04     0.225791E+04     0.226614E+04     0.226730E+04     0.223749E+04     0.224261E+04     0.226319E+04     0.226151E+04     0.223261E+04     0.223116E+04     0.223704E+04     0.223796E+04     0.223632E+04     0.216055E+04     0.207911E+04     0.200000E+04     0.204917E+04     0.210769E+04     0.210573E+04     0.210422E+04     0.206747E+04     0.206642E+04     0.204376E+04     0.206033E+04     0.206091E+04     0.201461E+04     0.204527E+04     0.205239E+04     0.205097E+04     0.208662E+04     0.208529E+04     0.207455E+04     0.206091E+04     0.205950E+04     0.202762E+04     0.201883E+04     0.201986E+04     0.202737E+04     0.202852E+04     0.202151E+04     0.203083E+04     0.203279E+04     0.205127E+04     0.202856E+04     0.201041E+04     0.200000E+04     0.203139E+04     0.203274E+04     0.202449E+04     0.201335E+04     0.201138E+04     0.200980E+04     0.200000E+04     0.200000E+04     0.203466E+04     0.203274E+04     0.200996E+04     0.200000E+04     0.200000E+04     0.203975E+04     0.203847E+04     0.203733E+04     0.202554E+04     0.200000E+04     0.200000E+04     0.200000E+04     0.200000E+04     0.200000E+04     0.200000E+04     0.200000E+04     0.200000E+04     0.200000E+04     0.200000E+04     0.200000E+04     0.200000E+04     0.200000E+04     0.200000E+04     0.200000E+04     0.200000E+04     0.200000E+04     0.200000E+04     0.200000E+04     0.200000E+04     0.100000E+21
 0.176000E+04     0.214000E+04     0.214000E+04     0.214000E+04     0.214000E+04     0.214000E+04     0.214000E+04     0.214000E+04     0.214000E+04     0.214000E+04     0.214000E+04     0.214000E+04     0.214000E+04     0.218623E+04     0.220800E+04     0.222128E+04     0.222200E+04     0.243069E+04     0.230147E+04     0.229878E+04     0.229700E+04     0.239179E+04     0.236469E+04     0.232486E+04     0.231706E+04     0.233044E+04     0.235582E+04     0.235383E+04     0.232796E+04     0.232170E+04     0.231839E+04     0.222918E+04     0.231171E+04     0.225532E+04     0.218347E+04     0.258432E+04     0.257114E+04     0.256721E+04     0.256892E+04     0.254855E+04     0.242417E+04     0.226432E+04     0.226219E+04     0.226074E+04     0.225791E+04     0.226515E+04     0.226730E+04     0.223749E+04     0.224201E+04     0.226318E+04     0.226185E+04     0.223248E+04     0.223116E+04     0.223665E+04     0.223769E+04     0.223632E+04     0.217541E+04     0.207911E+04     0.200000E+04     0.204436E+04     0.210769E+04     0.210541E+04     0.210422E+04     0.207812E+04     0.206642E+04     0.204376E+04     0.205686E+04     0.206091E+04     0.200818E+04     0.202016E+04     0.205239E+04     0.205117E+04     0.208662E+04     0.208551E+04     0.207364E+04     0.206091E+04     0.206856E+04     0.202583E+04     0.201883E+04     0.202074E+04     0.202737E+04     0.202852E+04     0.201833E+04     0.203083E+04     0.203615E+04     0.205127E+04     0.204940E+04     0.202095E+04     0.200000E+04     0.200945E+04     0.203274E+04     0.202363E+04     0.201335E+04     0.201138E+04     0.201006E+04     0.200000E+04     0.200000E+04     0.203466E+04     0.203274E+04     0.201241E+04     0.200000E+04     0.200000E+04     0.203962E+04     0.203846E+04     0.203740E+04     0.202178E+04     0.200000E+04     0.200000E+04     0.200000E+04     0.200000E+04     0.200000E+04     0.200000E+04     0.200000E+04     0.200000E+04     0.200000E+04     0.200000E+04     0.200000E+04     0.200000E+04     0.200000E+04     0.200000E+04     0.200000E+04     0.200000E+04     0.200000E+04     0.200000E+04     0.200000E+04     0.200000E+04     0.100000E+21
 0.178000E+04     0.214000E+04     0.214000E+04     0.214000E+04     0.214000E+04     0.214000E+04     0.214000E+04     0.214000E+04     0.214000E+04     0.214000E+04     0.214000E+04     0.214000E+04     0.214000E+04     0.218772E+04     0.220800E+04     0.220800E+04     0.222200E+04     0.243739E+04     0.230147E+04     0.229878E+04     0.229683E+04     0.239179E+04     0.236220E+04     0.232510E+04     0.231706E+04     0.233122E+04     0.235608E+04     0.235383E+04     0.232837E+04     0.232170E+04     0.231839E+04     0.222238E+04     0.231171E+04     0.221964E+04     0.218347E+04     0.258432E+04     0.257055E+04     0.255532E+04     0.257139E+04     0.254855E+04     0.243035E+04     0.226432E+04     0.226219E+04     0.226059E+04     0.221128E+04     0.225058E+04     0.226730E+04     0.223749E+04     0.224233E+04     0.226318E+04     0.226169E+04     0.223255E+04     0.223116E+04     0.223686E+04     0.223784E+04     0.223632E+04     0.218384E+04     0.207911E+04     0.200000E+04     0.204696E+04     0.210769E+04     0.210556E+04     0.210422E+04     0.208682E+04     0.206642E+04     0.204376E+04     0.204231E+04     0.206091E+04     0.200000E+04     0.200000E+04     0.205239E+04     0.205107E+04     0.208662E+04     0.208539E+04     0.207413E+04     0.206091E+04     0.206896E+04     0.202668E+04     0.201883E+04     0.202026E+04     0.202737E+04     0.202852E+04     0.201742E+04     0.203083E+04     0.203450E+04     0.205127E+04     0.204940E+04     0.201985E+04     0.200000E+04     0.200000E+04     0.203274E+04     0.202409E+04     0.201335E+04     0.201138E+04     0.200993E+04     0.200000E+04     0.200000E+04     0.203466E+04     0.203274E+04     0.201109E+04     0.200000E+04     0.200000E+04     0.201364E+04     0.203846E+04     0.203736E+04     0.202378E+04     0.200000E+04     0.200000E+04     0.200000E+04     0.200000E+04     0.200000E+04     0.200000E+04     0.200000E+04     0.200000E+04     0.200000E+04     0.200000E+04     0.200000E+04     0.200000E+04     0.200000E+04     0.200000E+04     0.200000E+04     0.200000E+04     0.200000E+04     0.200000E+04     0.200000E+04     0.200000E+04     0.100000E+21
 0.180000E+04     0.214000E+04     0.214000E+04     0.214000E+04     0.214000E+04     0.214000E+04     0.214000E+04     0.214000E+04     0.214000E+04     0.214000E+04     0.214000E+04     0.214000E+04     0.214000E+04     0.218904E+04     0.220800E+04     0.220800E+04     0.222200E+04     0.244316E+04     0.230147E+04     0.229878E+04     0.229666E+04     0.239179E+04     0.235994E+04     0.232532E+04     0.231706E+04     0.233189E+04     0.235643E+04     0.235383E+04     0.232872E+04     0.232170E+04     0.231839E+04     0.221641E+04     0.231171E+04     0.222306E+04     0.218347E+04     0.258432E+04     0.257003E+04     0.255532E+04     0.257533E+04     0.254855E+04     0.243576E+04     0.226432E+04     0.226219E+04     0.226041E+04     0.221128E+04     0.225291E+04     0.226730E+04     0.223749E+04     0.224262E+04     0.226318E+04     0.226150E+04     0.223261E+04     0.223116E+04     0.223704E+04     0.223797E+04     0.223632E+04     0.219155E+04     0.207911E+04     0.200000E+04     0.204920E+04     0.210769E+04     0.210575E+04     0.210422E+04     0.208728E+04     0.206642E+04     0.204376E+04     0.204210E+04     0.206091E+04     0.202649E+04     0.200000E+04     0.205239E+04     0.205097E+04     0.208662E+04     0.208528E+04     0.207455E+04     0.206091E+04     0.206929E+04     0.202768E+04     0.201883E+04     0.201985E+04     0.202737E+04     0.204093E+04     0.201662E+04     0.203083E+04     0.203269E+04     0.205127E+04     0.202067E+04     0.200843E+04     0.200000E+04     0.200000E+04     0.203274E+04     0.202449E+04     0.201335E+04     0.201138E+04     0.200979E+04     0.200000E+04     0.200000E+04     0.203466E+04     0.203274E+04     0.200995E+04     0.200000E+04     0.200000E+04     0.201247E+04     0.203846E+04     0.203733E+04     0.202560E+04     0.200000E+04     0.200000E+04     0.200000E+04     0.200000E+04     0.200000E+04     0.200000E+04     0.200000E+04     0.200000E+04     0.200000E+04     0.200000E+04     0.200000E+04     0.200000E+04     0.200000E+04     0.200000E+04     0.200000E+04     0.200000E+04     0.200000E+04     0.200000E+04     0.200000E+04     0.200000E+04     0.100000E+21
 0.182000E+04     0.214000E+04     0.214000E+04     0.214000E+04     0.214000E+04     0.214000E+04     0.214000E+04     0.214000E+04     0.214000E+04     0.214000E+04     0.214000E+04     0.214000E+04     0.214000E+04     0.218800E+04     0.220800E+04     0.220800E+04     0.222200E+04     0.243880E+04     0.230147E+04     0.229878E+04     0.229678E+04     0.239179E+04     0.236148E+04     0.232515E+04     0.231706E+04     0.233139E+04     0.235618E+04     0.235383E+04     0.232846E+04     0.232170E+04     0.231839E+04     0.231404E+04     0.231171E+04     0.222066E+04     0.218347E+04     0.258432E+04     0.257043E+04     0.255532E+04     0.257229E+04     0.254855E+04     0.243155E+04     0.226432E+04     0.226219E+04     0.226054E+04     0.221128E+04     0.225124E+04     0.226730E+04     0.223749E+04     0.224241E+04     0.226319E+04     0.226163E+04     0.223257E+04     0.223116E+04     0.223690E+04     0.223788E+04     0.223632E+04     0.218614E+04     0.207911E+04     0.207731E+04     0.207423E+04     0.210769E+04     0.210561E+04     0.210422E+04     0.208691E+04     0.206642E+04     0.204376E+04     0.204225E+04     0.206091E+04     0.203867E+04     0.200000E+04     0.204339E+04     0.204855E+04     0.208662E+04     0.208536E+04     0.207422E+04     0.206091E+04     0.206904E+04     0.202699E+04     0.201883E+04     0.201627E+04     0.201492E+04     0.204977E+04     0.202792E+04     0.203083E+04     0.203398E+04     0.205127E+04     0.200000E+04     0.200000E+04     0.200000E+04     0.200000E+04     0.203275E+04     0.202418E+04     0.201335E+04     0.201138E+04     0.200989E+04     0.200000E+04     0.200000E+04     0.203466E+04     0.203274E+04     0.201078E+04     0.200000E+04     0.200000E+04     0.201334E+04     0.203847E+04     0.203735E+04     0.202436E+04     0.200000E+04     0.200000E+04     0.200000E+04     0.200000E+04     0.200000E+04     0.200000E+04     0.200000E+04     0.200000E+04     0.200000E+04     0.200000E+04     0.200000E+04     0.200000E+04     0.200000E+04     0.200000E+04     0.200000E+04     0.200000E+04     0.200000E+04     0.200000E+04     0.200000E+04     0.200000E+04     0.100000E+21
 0.184000E+04     0.214000E+04     0.214000E+04     0.214000E+04     0.214000E+04     0.214000E+04     0.214000E+04     0.214000E+04     0.214000E+04     0.214000E+04     0.214000E+04     0.214000E+04     0.214000E+04     0.218889E+04     0.220800E+04     0.220800E+04     0.222200E+04     0.244191E+04     0.230147E+04     0.229878E+04     0.229675E+04     0.239179E+04     0.236115E+04     0.232530E+04     0.231706E+04     0.233171E+04     0.235615E+04     0.235383E+04     0.232861E+04     0.232170E+04     0.231839E+04     0.231407E+04     0.231171E+04     0.222099E+04     0.218347E+04     0.258432E+04     0.257012E+04     0.255532E+04     0.257218E+04     0.254855E+04     0.243499E+04     0.226432E+04     0.226219E+04     0.226053E+04     0.221128E+04     0.225203E+04     0.226730E+04     0.223749E+04     0.224252E+04     0.226318E+04     0.226164E+04     0.223260E+04     0.223116E+04     0.223300E+04     0.223789E+04     0.223631E+04     0.218781E+04     0.207911E+04     0.207731E+04     0.207416E+04     0.210769E+04     0.210560E+04     0.210422E+04     0.208724E+04     0.206642E+04     0.204376E+04     0.204226E+04     0.206091E+04     0.203954E+04     0.200000E+04     0.204339E+04     0.204863E+04     0.206300E+04     0.207972E+04     0.207449E+04     0.206091E+04     0.206922E+04     0.202694E+04     0.201883E+04     0.201630E+04     0.201492E+04     0.204977E+04     0.202786E+04     0.203083E+04     0.203389E+04     0.205127E+04     0.200000E+04     0.200000E+04     0.200000E+04     0.200000E+04     0.203275E+04     0.202442E+04     0.201335E+04     0.201138E+04     0.200987E+04     0.200000E+04     0.200000E+04     0.203466E+04     0.203274E+04     0.201030E+04     0.200000E+04     0.200000E+04     0.201277E+04     0.203846E+04     0.203733E+04     0.202463E+04     0.200000E+04     0.200000E+04     0.200000E+04     0.200000E+04     0.200000E+04     0.200000E+04     0.200000E+04     0.200000E+04     0.200000E+04     0.200000E+04     0.200000E+04     0.200000E+04     0.200000E+04     0.200000E+04     0.200000E+04     0.200000E+04     0.200000E+04     0.200000E+04     0.200000E+04     0.200000E+04     0.100000E+21
 0.186000E+04     0.230509E+04     0.220945E+04     0.214000E+04     0.214000E+04     0.214000E+04     0.214000E+04     0.214000E+04     0.214000E+04     0.214000E+04     0.214000E+04     0.214000E+04     0.214000E+04     0.218598E+04     0.220800E+04     0.222446E+04     0.222200E+04     0.242961E+04     0.230147E+04     0.229878E+04     0.229702E+04     0.239179E+04     0.236505E+04     0.232481E+04     0.231706E+04     0.233032E+04     0.235578E+04     0.235383E+04     0.232790E+04     0.232170E+04     0.231839E+04     0.231379E+04     0.231171E+04     0.223348E+04     0.223475E+04     0.258432E+04     0.257124E+04     0.255532E+04     0.256860E+04     0.254855E+04     0.242315E+04     0.226432E+04     0.226219E+04     0.226077E+04     0.221128E+04     0.224748E+04     0.226729E+04     0.223749E+04     0.224196E+04     0.226318E+04     0.226188E+04     0.223247E+04     0.223116E+04     0.222989E+04     0.223767E+04     0.223632E+04     0.217417E+04     0.207911E+04     0.207731E+04     0.207446E+04     0.208951E+04     0.210540E+04     0.210422E+04     0.208621E+04     0.206642E+04     0.204376E+04     0.204248E+04     0.206091E+04     0.203575E+04     0.200000E+04     0.204339E+04     0.204797E+04     0.204865E+04     0.207102E+04     0.207789E+04     0.207094E+04     0.207261E+04     0.202571E+04     0.201883E+04     0.201614E+04     0.201492E+04     0.204977E+04     0.202819E+04     0.203083E+04     0.203637E+04     0.205127E+04     0.200000E+04     0.200000E+04     0.200000E+04     0.200000E+04     0.203274E+04     0.202355E+04     0.201335E+04     0.201138E+04     0.201008E+04     0.200000E+04     0.200000E+04     0.203466E+04     0.203274E+04     0.201262E+04     0.200000E+04     0.200000E+04     0.201522E+04     0.203846E+04     0.203740E+04     0.202149E+04     0.200000E+04     0.200000E+04     0.200000E+04     0.200000E+04     0.200000E+04     0.200000E+04     0.200000E+04     0.200000E+04     0.200000E+04     0.200000E+04     0.200000E+04     0.200000E+04     0.200000E+04     0.200000E+04     0.200000E+04     0.200000E+04     0.200000E+04     0.200000E+04     0.200000E+04     0.200000E+04     0.100000E+21
 0.188000E+04     0.243922E+04     0.226314E+04     0.214000E+04     0.214000E+04     0.214000E+04     0.214000E+04     0.214000E+04     0.214000E+04     0.214000E+04     0.214000E+04     0.214000E+04     0.214000E+04     0.218668E+04     0.220800E+04     0.224314E+04     0.222200E+04     0.243270E+04     0.230147E+04     0.229878E+04     0.229695E+04     0.239179E+04     0.236399E+04     0.232493E+04     0.231706E+04     0.233067E+04     0.235589E+04     0.235383E+04     0.232808E+04     0.232170E+04     0.231839E+04     0.231387E+04     0.231171E+04     0.224975E+04     0.228752E+04     0.258432E+04     0.257096E+04     0.255532E+04     0.256956E+04     0.254855E+04     0.242605E+04     0.226432E+04     0.226219E+04     0.226070E+04     0.221129E+04     0.224867E+04     0.226729E+04     0.223749E+04     0.224210E+04     0.226318E+04     0.226181E+04     0.223250E+04     0.223116E+04     0.222987E+04     0.223773E+04     0.223632E+04     0.218095E+04     0.207911E+04     0.207731E+04     0.207439E+04     0.207079E+04     0.210545E+04     0.210422E+04     0.208646E+04     0.206642E+04     0.204376E+04     0.204242E+04     0.206091E+04     0.203671E+04     0.200000E+04     0.204339E+04     0.204815E+04     0.204865E+04     0.207199E+04     0.208231E+04     0.208126E+04     0.207103E+04     0.202795E+04     0.202487E+04     0.201618E+04     0.201492E+04     0.204977E+04     0.202811E+04     0.203083E+04     0.203570E+04     0.205127E+04     0.200000E+04     0.200000E+04     0.200000E+04     0.200000E+04     0.203274E+04     0.202732E+04     0.202255E+04     0.201138E+04     0.201003E+04     0.200000E+04     0.200000E+04     0.203466E+04     0.203274E+04     0.201202E+04     0.200000E+04     0.200000E+04     0.201460E+04     0.203847E+04     0.203738E+04     0.202235E+04     0.200000E+04     0.200000E+04     0.200000E+04     0.200000E+04     0.200000E+04     0.200000E+04     0.200000E+04     0.200000E+04     0.200000E+04     0.200000E+04     0.200000E+04     0.200000E+04     0.200000E+04     0.200000E+04     0.200000E+04     0.200000E+04     0.200000E+04     0.200000E+04     0.200000E+04     0.200000E+04     0.100000E+21
 0.190000E+04     0.242000E+04     0.224296E+04     0.214000E+04     0.214000E+04     0.214000E+04     0.214000E+04     0.214000E+04     0.214000E+04     0.214000E+04     0.214000E+04     0.214000E+04     0.214000E+04     0.218891E+04     0.220800E+04     0.224776E+04     0.222200E+04     0.244203E+04     0.230147E+04     0.229878E+04     0.229675E+04     0.239179E+04     0.236105E+04     0.232530E+04     0.231706E+04     0.233173E+04     0.235617E+04     0.235383E+04     0.232862E+04     0.232170E+04     0.231839E+04     0.231408E+04     0.231171E+04     0.224536E+04     0.228752E+04     0.258432E+04     0.257011E+04     0.255531E+04     0.257233E+04     0.254855E+04     0.243508E+04     0.226432E+04     0.226219E+04     0.226052E+04     0.221128E+04     0.225211E+04     0.226730E+04     0.223749E+04     0.224252E+04     0.226318E+04     0.226163E+04     0.223260E+04     0.223116E+04     0.222979E+04     0.223789E+04     0.223632E+04     0.221315E+04     0.216731E+04     0.207731E+04     0.207416E+04     0.207079E+04     0.210561E+04     0.210422E+04     0.208724E+04     0.206642E+04     0.204376E+04     0.204225E+04     0.206091E+04     0.204942E+04     0.203083E+04     0.204339E+04     0.204864E+04     0.204865E+04     0.207463E+04     0.208236E+04     0.208126E+04     0.206682E+04     0.204936E+04     0.202814E+04     0.201630E+04     0.201492E+04     0.204977E+04     0.202448E+04     0.201722E+04     0.203381E+04     0.205127E+04     0.200000E+04     0.200000E+04     0.200000E+04     0.200000E+04     0.203274E+04     0.203012E+04     0.202891E+04     0.201138E+04     0.200987E+04     0.200000E+04     0.200000E+04     0.203466E+04     0.203274E+04     0.201027E+04     0.200000E+04     0.200000E+04     0.201274E+04     0.203846E+04     0.203733E+04     0.202470E+04     0.200000E+04     0.200000E+04     0.200000E+04     0.200000E+04     0.200000E+04     0.200000E+04     0.200000E+04     0.200000E+04     0.200000E+04     0.200000E+04     0.200000E+04     0.200000E+04     0.200000E+04     0.200000E+04     0.200000E+04     0.200000E+04     0.200000E+04     0.200000E+04     0.200000E+04     0.200000E+04     0.100000E+21
 0.192000E+04     0.222700E+04     0.217213E+04     0.214000E+04     0.214000E+04     0.214000E+04     0.214000E+04     0.214000E+04     0.214000E+04     0.214000E+04     0.214000E+04     0.214000E+04     0.222200E+04     0.222200E+04     0.220800E+04     0.225338E+04     0.222200E+04     0.244208E+04     0.230147E+04     0.229878E+04     0.229666E+04     0.239179E+04     0.235978E+04     0.233387E+04     0.231706E+04     0.233178E+04     0.235650E+04     0.235383E+04     0.232868E+04     0.232170E+04     0.231839E+04     0.231414E+04     0.231171E+04     0.224292E+04     0.228752E+04     0.258432E+04     0.257015E+04     0.255532E+04     0.257615E+04     0.254855E+04     0.243438E+04     0.226432E+04     0.226219E+04     0.226040E+04     0.221128E+04     0.221128E+04     0.226730E+04     0.223749E+04     0.224260E+04     0.226318E+04     0.226147E+04     0.223260E+04     0.223116E+04     0.222980E+04     0.223799E+04     0.223632E+04     0.223188E+04     0.222478E+04     0.200000E+04     0.204886E+04     0.207079E+04     0.210577E+04     0.210422E+04     0.208714E+04     0.206642E+04     0.204376E+04     0.204207E+04     0.206091E+04     0.205846E+04     0.205722E+04     0.204339E+04     0.204881E+04     0.204865E+04     0.207615E+04     0.208236E+04     0.208126E+04     0.206682E+04     0.202968E+04     0.202814E+04     0.201632E+04     0.201492E+04     0.204977E+04     0.202156E+04     0.200901E+04     0.203251E+04     0.205127E+04     0.200000E+04     0.200000E+04     0.200000E+04     0.200000E+04     0.203274E+04     0.203012E+04     0.202891E+04     0.201138E+04     0.200978E+04     0.200000E+04     0.200000E+04     0.203466E+04     0.203274E+04     0.201007E+04     0.200000E+04     0.200000E+04     0.201265E+04     0.203846E+04     0.203734E+04     0.202572E+04     0.200000E+04     0.200000E+04     0.200000E+04     0.200000E+04     0.200000E+04     0.200000E+04     0.200000E+04     0.200000E+04     0.200000E+04     0.200000E+04     0.200000E+04     0.200000E+04     0.200000E+04     0.200000E+04     0.200000E+04     0.200000E+04     0.200000E+04     0.200000E+04     0.200000E+04     0.200000E+04     0.100000E+21
 0.194000E+04     0.222700E+04     0.217214E+04     0.214000E+04     0.214000E+04     0.214000E+04     0.214000E+04     0.214000E+04     0.214000E+04     0.214000E+04     0.214000E+04     0.214000E+04     0.222200E+04     0.222200E+04     0.220800E+04     0.224684E+04     0.222200E+04     0.244154E+04     0.230147E+04     0.229878E+04     0.229677E+04     0.239179E+04     0.236143E+04     0.233393E+04     0.231706E+04     0.233166E+04     0.235611E+04     0.235383E+04     0.232858E+04     0.232170E+04     0.231839E+04     0.231406E+04     0.231171E+04     0.224600E+04     0.228752E+04     0.258432E+04     0.257015E+04     0.255531E+04     0.257177E+04     0.254855E+04     0.243473E+04     0.226432E+04     0.226219E+04     0.226055E+04     0.221128E+04     0.221128E+04     0.226730E+04     0.225009E+04     0.224660E+04     0.226318E+04     0.226167E+04     0.223259E+04     0.223116E+04     0.222980E+04     0.223787E+04     0.223631E+04     0.223158E+04     0.222478E+04     0.200000E+04     0.202576E+04     0.207079E+04     0.210558E+04     0.210422E+04     0.208722E+04     0.206642E+04     0.205347E+04     0.204449E+04     0.206091E+04     0.205845E+04     0.205722E+04     0.204339E+04     0.204859E+04     0.204865E+04     0.207423E+04     0.208236E+04     0.208126E+04     0.206687E+04     0.202950E+04     0.202814E+04     0.201629E+04     0.201492E+04     0.204977E+04     0.202127E+04     0.200901E+04     0.203412E+04     0.205127E+04     0.200000E+04     0.200000E+04     0.200000E+04     0.200000E+04     0.203274E+04     0.203012E+04     0.202891E+04     0.201138E+04     0.200989E+04     0.200000E+04     0.200000E+04     0.203466E+04     0.203274E+04     0.201039E+04     0.200000E+04     0.200000E+04     0.201286E+04     0.203846E+04     0.203734E+04     0.202441E+04     0.200000E+04     0.200000E+04     0.200000E+04     0.200000E+04     0.200000E+04     0.200000E+04     0.200000E+04     0.200000E+04     0.200000E+04     0.200000E+04     0.200000E+04     0.200000E+04     0.200000E+04     0.200000E+04     0.200000E+04     0.200000E+04     0.200000E+04     0.200000E+04     0.200000E+04     0.200000E+04     0.100000E+21
 0.196000E+04     0.222700E+04     0.217581E+04     0.214000E+04     0.214000E+04     0.214000E+04     0.214000E+04     0.214000E+04     0.214000E+04     0.214000E+04     0.214000E+04     0.214000E+04     0.222200E+04     0.222200E+04     0.220800E+04     0.224226E+04     0.222200E+04     0.243108E+04     0.230147E+04     0.229878E+04     0.229699E+04     0.239179E+04     0.236456E+04     0.233307E+04     0.231706E+04     0.233048E+04     0.235583E+04     0.235383E+04     0.232798E+04     0.232170E+04     0.231839E+04     0.231383E+04     0.231171E+04     0.225059E+04     0.228752E+04     0.258432E+04     0.257111E+04     0.255532E+04     0.256904E+04     0.254855E+04     0.242453E+04     0.226432E+04     0.226219E+04     0.226074E+04     0.221128E+04     0.221128E+04     0.226730E+04     0.226517E+04     0.224981E+04     0.226318E+04     0.226185E+04     0.223249E+04     0.223116E+04     0.222988E+04     0.223770E+04     0.223632E+04     0.223088E+04     0.222478E+04     0.200000E+04     0.200000E+04     0.207079E+04     0.210542E+04     0.210422E+04     0.208633E+04     0.206642E+04     0.206459E+04     0.204884E+04     0.206091E+04     0.205835E+04     0.205722E+04     0.204339E+04     0.204805E+04     0.204865E+04     0.207146E+04     0.208230E+04     0.208126E+04     0.206794E+04     0.202934E+04     0.202814E+04     0.201616E+04     0.201492E+04     0.204977E+04     0.202013E+04     0.200901E+04     0.203607E+04     0.205127E+04     0.200000E+04     0.200000E+04     0.200000E+04     0.200000E+04     0.203275E+04     0.203004E+04     0.202891E+04     0.201138E+04     0.201006E+04     0.200000E+04     0.200000E+04     0.203466E+04     0.203274E+04     0.201234E+04     0.200000E+04     0.200000E+04     0.202489E+04     0.203847E+04     0.203739E+04     0.202189E+04     0.200000E+04     0.200000E+04     0.200000E+04     0.200000E+04     0.200000E+04     0.200000E+04     0.200000E+04     0.200000E+04     0.200000E+04     0.200000E+04     0.200000E+04     0.200000E+04     0.200000E+04     0.200000E+04     0.200000E+04     0.200000E+04     0.200000E+04     0.200000E+04     0.200000E+04     0.200000E+04     0.100000E+21
 0.198000E+04     0.237833E+04     0.223570E+04     0.214000E+04     0.214000E+04     0.214000E+04     0.214000E+04     0.214000E+04     0.214000E+04     0.214000E+04     0.214000E+04     0.214000E+04     0.222200E+04     0.222200E+04     0.220800E+04     0.224173E+04     0.222200E+04     0.243003E+04     0.230147E+04     0.229878E+04     0.229701E+04     0.239179E+04     0.236492E+04     0.232855E+04     0.231706E+04     0.233036E+04     0.235580E+04     0.235383E+04     0.232792E+04     0.232170E+04     0.231839E+04     0.231380E+04     0.231171E+04     0.225111E+04     0.228752E+04     0.236841E+04     0.248845E+04     0.255532E+04     0.256872E+04     0.254855E+04     0.242355E+04     0.226432E+04     0.226219E+04     0.226076E+04     0.223716E+04     0.222038E+04     0.226729E+04     0.226517E+04     0.224643E+04     0.225171E+04     0.225769E+04     0.223248E+04     0.223116E+04     0.222988E+04     0.223355E+04     0.223632E+04     0.223080E+04     0.222478E+04     0.204132E+04     0.201585E+04     0.207079E+04     0.210540E+04     0.210422E+04     0.208624E+04     0.206642E+04     0.206459E+04     0.204908E+04     0.204930E+04     0.205834E+04     0.205722E+04     0.204339E+04     0.204799E+04     0.204865E+04     0.207114E+04     0.208229E+04     0.208126E+04     0.206804E+04     0.202932E+04     0.202814E+04     0.201615E+04     0.201492E+04     0.204977E+04     0.202001E+04     0.200901E+04     0.203215E+04     0.203781E+04     0.202641E+04     0.201107E+04     0.200000E+04     0.200000E+04     0.203275E+04     0.203003E+04     0.202891E+04     0.201138E+04     0.201007E+04     0.200000E+04     0.200000E+04     0.203466E+04     0.203274E+04     0.201254E+04     0.200000E+04     0.200000E+04     0.203961E+04     0.203846E+04     0.203740E+04     0.202160E+04     0.200000E+04     0.200000E+04     0.200000E+04     0.200000E+04     0.200000E+04     0.200000E+04     0.200000E+04     0.200000E+04     0.200000E+04     0.200000E+04     0.200000E+04     0.200000E+04     0.200000E+04     0.200000E+04     0.200000E+04     0.200000E+04     0.200000E+04     0.200000E+04     0.200000E+04     0.200000E+04     0.100000E+21
 0.200000E+04     0.249209E+04     0.226994E+04     0.214000E+04     0.214000E+04     0.214000E+04     0.214000E+04     0.214000E+04     0.214000E+04     0.214000E+04     0.214000E+04     0.214000E+04     0.222200E+04     0.222200E+04     0.220800E+04     0.224676E+04     0.222200E+04     0.244149E+04     0.230147E+04     0.229878E+04     0.229678E+04     0.239179E+04     0.236146E+04     0.232529E+04     0.231706E+04     0.233166E+04     0.235610E+04     0.235383E+04     0.232858E+04     0.232170E+04     0.231839E+04     0.229414E+04     0.224893E+04     0.224606E+04     0.228752E+04     0.218033E+04     0.243157E+04     0.255532E+04     0.257172E+04     0.254855E+04     0.243469E+04     0.226432E+04     0.226219E+04     0.226055E+04     0.225791E+04     0.222543E+04     0.226730E+04     0.226517E+04     0.224430E+04     0.224246E+04     0.225563E+04     0.223259E+04     0.223116E+04     0.222980E+04     0.222953E+04     0.223631E+04     0.223253E+04     0.222814E+04     0.214847E+04     0.204968E+04     0.207079E+04     0.210558E+04     0.210422E+04     0.208722E+04     0.206642E+04     0.206459E+04     0.205425E+04     0.203998E+04     0.205845E+04     0.205722E+04     0.204339E+04     0.204858E+04     0.204865E+04     0.207420E+04     0.208236E+04     0.208126E+04     0.206688E+04     0.202950E+04     0.202814E+04     0.201629E+04     0.201492E+04     0.204977E+04     0.202126E+04     0.200901E+04     0.202846E+04     0.202698E+04     0.204940E+04     0.201907E+04     0.200000E+04     0.200000E+04     0.203275E+04     0.203012E+04     0.202891E+04     0.201138E+04     0.200989E+04     0.200000E+04     0.200000E+04     0.203466E+04     0.203274E+04     0.201041E+04     0.200000E+04     0.200000E+04     0.203973E+04     0.203846E+04     0.203734E+04     0.202438E+04     0.200000E+04     0.200000E+04     0.200000E+04     0.200000E+04     0.200000E+04     0.200000E+04     0.200000E+04     0.200000E+04     0.200000E+04     0.200000E+04     0.200000E+04     0.200000E+04     0.200000E+04     0.200000E+04     0.200000E+04     0.200000E+04     0.200000E+04     0.200000E+04     0.200000E+04     0.200000E+04     0.100000E+21
 0.202000E+04     0.248300E+04     0.242694E+04     0.214000E+04     0.214000E+04     0.214000E+04     0.214000E+04     0.214000E+04     0.214000E+04     0.214000E+04     0.214000E+04     0.214000E+04     0.222200E+04     0.221607E+04     0.220800E+04     0.225036E+04     0.222200E+04     0.244084E+04     0.230147E+04     0.229878E+04     0.229671E+04     0.239179E+04     0.236046E+04     0.232522E+04     0.231706E+04     0.233163E+04     0.235635E+04     0.235383E+04     0.232860E+04     0.232170E+04     0.231839E+04     0.219830E+04     0.217742E+04     0.224416E+04     0.228752E+04     0.218033E+04     0.242984E+04     0.255531E+04     0.257398E+04     0.254855E+04     0.243332E+04     0.226432E+04     0.226219E+04     0.226046E+04     0.225791E+04     0.222511E+04     0.226730E+04     0.226517E+04     0.224412E+04     0.224246E+04     0.225677E+04     0.223259E+04     0.223116E+04     0.222981E+04     0.222921E+04     0.223632E+04     0.223355E+04     0.223189E+04     0.222254E+04     0.211277E+04     0.207079E+04     0.210569E+04     0.210422E+04     0.208705E+04     0.206642E+04     0.206459E+04     0.206303E+04     0.203998E+04     0.205845E+04     0.205722E+04     0.204339E+04     0.204871E+04     0.204865E+04     0.207542E+04     0.208235E+04     0.208126E+04     0.206695E+04     0.205752E+04     0.202814E+04     0.201630E+04     0.201492E+04     0.204977E+04     0.202138E+04     0.200901E+04     0.202854E+04     0.202698E+04     0.204940E+04     0.201932E+04     0.200000E+04     0.200000E+04     0.203274E+04     0.203011E+04     0.202891E+04     0.201138E+04     0.200983E+04     0.200000E+04     0.200000E+04     0.203466E+04     0.203274E+04     0.201034E+04     0.200000E+04     0.200000E+04     0.203972E+04     0.203846E+04     0.203735E+04     0.202518E+04     0.200000E+04     0.200000E+04     0.200000E+04     0.200000E+04     0.200000E+04     0.200000E+04     0.200000E+04     0.200000E+04     0.200000E+04     0.200000E+04     0.200000E+04     0.200000E+04     0.200000E+04     0.200000E+04     0.200000E+04     0.200000E+04     0.200000E+04     0.200000E+04     0.200000E+04     0.200000E+04     0.100000E+21
 0.204000E+04     0.243700E+04     0.246619E+04     0.214000E+04     0.214000E+04     0.214000E+04     0.214000E+04     0.214000E+04     0.214000E+04     0.214000E+04     0.214000E+04     0.214000E+04     0.222200E+04     0.221363E+04     0.220800E+04     0.224959E+04     0.222200E+04     0.244272E+04     0.230147E+04     0.229878E+04     0.229670E+04     0.239179E+04     0.236047E+04     0.232532E+04     0.231706E+04     0.233182E+04     0.235629E+04     0.235383E+04     0.232868E+04     0.232170E+04     0.231839E+04     0.217967E+04     0.217742E+04     0.224428E+04     0.228752E+04     0.218033E+04     0.243323E+04     0.255532E+04     0.257348E+04     0.254855E+04     0.243553E+04     0.226432E+04     0.226219E+04     0.226047E+04     0.225791E+04     0.222481E+04     0.226730E+04     0.226517E+04     0.224392E+04     0.224246E+04     0.225650E+04     0.224930E+04     0.223116E+04     0.222979E+04     0.222925E+04     0.223631E+04     0.223355E+04     0.223189E+04     0.222254E+04     0.212336E+04     0.207079E+04     0.207473E+04     0.210422E+04     0.208727E+04     0.206642E+04     0.206459E+04     0.206305E+04     0.203998E+04     0.205846E+04     0.205722E+04     0.204339E+04     0.204873E+04     0.204865E+04     0.207527E+04     0.208237E+04     0.208126E+04     0.206675E+04     0.206119E+04     0.202814E+04     0.201631E+04     0.201492E+04     0.204977E+04     0.201041E+04     0.200901E+04     0.202853E+04     0.202698E+04     0.204940E+04     0.201892E+04     0.200000E+04     0.200000E+04     0.203274E+04     0.203013E+04     0.202891E+04     0.201138E+04     0.200983E+04     0.200000E+04     0.200000E+04     0.203466E+04     0.200000E+04     0.200000E+04     0.200000E+04     0.200000E+04     0.203974E+04     0.203846E+04     0.203733E+04     0.202518E+04     0.200000E+04     0.200000E+04     0.200000E+04     0.200000E+04     0.200000E+04     0.200000E+04     0.200000E+04     0.200000E+04     0.200000E+04     0.200000E+04     0.200000E+04     0.200000E+04     0.200000E+04     0.200000E+04     0.200000E+04     0.200000E+04     0.200000E+04     0.200000E+04     0.200000E+04     0.200000E+04     0.100000E+21
 0.206000E+04     0.243700E+04     0.245541E+04     0.214000E+04     0.214000E+04     0.214000E+04     0.214000E+04     0.214000E+04     0.214000E+04     0.214000E+04     0.214000E+04     0.214000E+04     0.222200E+04     0.221395E+04     0.220800E+04     0.224441E+04     0.222200E+04     0.243480E+04     0.230147E+04     0.229878E+04     0.229690E+04     0.239179E+04     0.236320E+04     0.232501E+04     0.231706E+04     0.233092E+04     0.235597E+04     0.235383E+04     0.232821E+04     0.232170E+04     0.231839E+04     0.217949E+04     0.217742E+04     0.224857E+04     0.228752E+04     0.218033E+04     0.242053E+04     0.255532E+04     0.257032E+04     0.254855E+04     0.242797E+04     0.226432E+04     0.226219E+04     0.226065E+04     0.225791E+04     0.222724E+04     0.226730E+04     0.226517E+04     0.224547E+04     0.224246E+04     0.225487E+04     0.224829E+04     0.223116E+04     0.222985E+04     0.222992E+04     0.223631E+04     0.223341E+04     0.223190E+04     0.222254E+04     0.212949E+04     0.207079E+04     0.207826E+04     0.210422E+04     0.208662E+04     0.206642E+04     0.206459E+04     0.206323E+04     0.203998E+04     0.204949E+04     0.203530E+04     0.204339E+04     0.204828E+04     0.204865E+04     0.207273E+04     0.208232E+04     0.208126E+04     0.206756E+04     0.205733E+04     0.202814E+04     0.201621E+04     0.201492E+04     0.204977E+04     0.201031E+04     0.200901E+04     0.202837E+04     0.202698E+04     0.204940E+04     0.202027E+04     0.200000E+04     0.200000E+04     0.203274E+04     0.203007E+04     0.202891E+04     0.201138E+04     0.200998E+04     0.200000E+04     0.200000E+04     0.203466E+04     0.200000E+04     0.200000E+04     0.200000E+04     0.200000E+04     0.203966E+04     0.203846E+04     0.203737E+04     0.202298E+04     0.200000E+04     0.200000E+04     0.200000E+04     0.200000E+04     0.200000E+04     0.200000E+04     0.200000E+04     0.200000E+04     0.200000E+04     0.200000E+04     0.200000E+04     0.200000E+04     0.200000E+04     0.200000E+04     0.200000E+04     0.200000E+04     0.200000E+04     0.200000E+04     0.200000E+04     0.200000E+04     0.100000E+21
 0.208000E+04     0.242320E+04     0.242284E+04     0.214000E+04     0.214000E+04     0.214000E+04     0.214000E+04     0.214000E+04     0.214000E+04     0.214000E+04     0.214000E+04     0.214000E+04     0.222200E+04     0.221414E+04     0.220800E+04     0.223083E+04     0.222200E+04     0.242984E+04     0.230147E+04     0.229878E+04     0.229702E+04     0.239179E+04     0.236498E+04     0.232482E+04     0.231706E+04     0.233034E+04     0.235579E+04     0.235383E+04     0.232791E+04     0.232170E+04     0.231839E+04     0.217937E+04     0.217742E+04     0.225120E+04     0.228752E+04     0.218033E+04     0.241269E+04     0.255532E+04     0.256866E+04     0.254855E+04     0.242336E+04     0.226432E+04     0.226219E+04     0.226076E+04     0.225791E+04     0.224153E+04     0.226730E+04     0.226517E+04     0.224647E+04     0.224246E+04     0.225389E+04     0.224766E+04     0.223116E+04     0.222989E+04     0.222819E+04     0.223087E+04     0.223332E+04     0.223189E+04     0.222254E+04     0.213338E+04     0.207079E+04     0.208022E+04     0.210422E+04     0.208623E+04     0.206642E+04     0.206459E+04     0.206334E+04     0.203998E+04     0.203582E+04     0.200000E+04     0.204339E+04     0.204798E+04     0.204865E+04     0.207108E+04     0.208229E+04     0.208126E+04     0.206806E+04     0.205503E+04     0.202814E+04     0.201615E+04     0.201492E+04     0.204977E+04     0.201024E+04     0.200901E+04     0.203220E+04     0.203816E+04     0.204940E+04     0.202109E+04     0.200000E+04     0.200000E+04     0.203274E+04     0.203003E+04     0.202891E+04     0.201138E+04     0.201008E+04     0.200000E+04     0.200000E+04     0.203466E+04     0.200000E+04     0.200000E+04     0.200000E+04     0.200000E+04     0.203961E+04     0.203846E+04     0.203740E+04     0.202155E+04     0.200000E+04     0.200000E+04     0.200000E+04     0.200000E+04     0.200000E+04     0.200000E+04     0.200000E+04     0.200000E+04     0.200000E+04     0.200000E+04     0.200000E+04     0.200000E+04     0.200000E+04     0.200000E+04     0.200000E+04     0.200000E+04     0.200000E+04     0.200000E+04     0.200000E+04     0.200000E+04     0.100000E+21
 0.210000E+04     0.240700E+04     0.240700E+04     0.214000E+04     0.214000E+04     0.214000E+04     0.214000E+04     0.214000E+04     0.214000E+04     0.214000E+04     0.214000E+04     0.214000E+04     0.222200E+04     0.221364E+04     0.220800E+04     0.221976E+04     0.222200E+04     0.244259E+04     0.230147E+04     0.229878E+04     0.229671E+04     0.235187E+04     0.234955E+04     0.232531E+04     0.231706E+04     0.233180E+04     0.235626E+04     0.235383E+04     0.232867E+04     0.232170E+04     0.231839E+04     0.217966E+04     0.217742E+04     0.224451E+04     0.228752E+04     0.218033E+04     0.243307E+04     0.255532E+04     0.257320E+04     0.254855E+04     0.243545E+04     0.226432E+04     0.226219E+04     0.226048E+04     0.225791E+04     0.225639E+04     0.229924E+04     0.226517E+04     0.224396E+04     0.224246E+04     0.225639E+04     0.224928E+04     0.223116E+04     0.222979E+04     0.222611E+04     0.222448E+04     0.223355E+04     0.223189E+04     0.222254E+04     0.222103E+04     0.200000E+04     0.207500E+04     0.210422E+04     0.208726E+04     0.206642E+04     0.206459E+04     0.206306E+04     0.203998E+04     0.203979E+04     0.200000E+04     0.204339E+04     0.204871E+04     0.204865E+04     0.207514E+04     0.208237E+04     0.208126E+04     0.206677E+04     0.206091E+04     0.202814E+04     0.201631E+04     0.201492E+04     0.204977E+04     0.201677E+04     0.203083E+04     0.203339E+04     0.205127E+04     0.204940E+04     0.201894E+04     0.200000E+04     0.200000E+04     0.203275E+04     0.203013E+04     0.202891E+04     0.201138E+04     0.200984E+04     0.200000E+04     0.200000E+04     0.203466E+04     0.200000E+04     0.200000E+04     0.200000E+04     0.200000E+04     0.203974E+04     0.203847E+04     0.203733E+04     0.202508E+04     0.200000E+04     0.200000E+04     0.200000E+04     0.200000E+04     0.200000E+04     0.200000E+04     0.200000E+04     0.200000E+04     0.200000E+04     0.200000E+04     0.200000E+04     0.200000E+04     0.200000E+04     0.200000E+04     0.200000E+04     0.200000E+04     0.200000E+04     0.200000E+04     0.200000E+04     0.200000E+04     0.100000E+21
 0.212000E+04     0.240700E+04     0.240700E+04     0.214000E+04     0.214000E+04     0.214000E+04     0.214000E+04     0.214000E+04     0.214000E+04     0.214000E+04     0.214000E+04     0.214000E+04     0.222200E+04     0.221389E+04     0.220800E+04     0.221873E+04     0.222200E+04     0.243643E+04     0.230147E+04     0.229878E+04     0.229685E+04     0.235187E+04     0.234970E+04     0.232507E+04     0.231706E+04     0.233111E+04     0.235605E+04     0.235383E+04     0.232831E+04     0.232170E+04     0.231839E+04     0.217953E+04     0.217742E+04     0.224756E+04     0.228752E+04     0.218033E+04     0.242307E+04     0.255532E+04     0.257388E+04     0.256471E+04     0.242944E+04     0.226432E+04     0.226219E+04     0.226061E+04     0.225791E+04     0.225647E+04     0.227021E+04     0.226517E+04     0.224512E+04     0.224246E+04     0.225527E+04     0.224850E+04     0.223116E+04     0.222984E+04     0.222600E+04     0.222448E+04     0.223345E+04     0.223189E+04     0.222706E+04     0.222260E+04     0.200000E+04     0.207746E+04     0.210422E+04     0.208674E+04     0.206642E+04     0.206459E+04     0.206319E+04     0.203998E+04     0.203790E+04     0.200000E+04     0.204339E+04     0.204838E+04     0.204865E+04     0.207335E+04     0.208233E+04     0.208126E+04     0.206739E+04     0.205828E+04     0.202814E+04     0.201623E+04     0.201492E+04     0.204977E+04     0.201754E+04     0.203083E+04     0.203474E+04     0.205127E+04     0.204940E+04     0.202001E+04     0.200000E+04     0.200000E+04     0.203274E+04     0.203008E+04     0.202891E+04     0.201138E+04     0.200995E+04     0.200000E+04     0.200000E+04     0.203466E+04     0.200000E+04     0.200000E+04     0.200000E+04     0.200000E+04     0.203968E+04     0.203846E+04     0.203737E+04     0.202351E+04     0.200000E+04     0.200000E+04     0.200000E+04     0.200000E+04     0.200000E+04     0.200000E+04     0.200000E+04     0.200000E+04     0.200000E+04     0.200000E+04     0.200000E+04     0.200000E+04     0.200000E+04     0.200000E+04     0.200000E+04     0.200000E+04     0.200000E+04     0.200000E+04     0.200000E+04     0.200000E+04     0.100000E+21
 0.214000E+04     0.241100E+04     0.240846E+04     0.214000E+04     0.214000E+04     0.214000E+04     0.214000E+04     0.214000E+04     0.214000E+04     0.214000E+04     0.214000E+04     0.214000E+04     0.222200E+04     0.221364E+04     0.220800E+04     0.222109E+04     0.222200E+04     0.244293E+04     0.230147E+04     0.229878E+04     0.237431E+04     0.235187E+04     0.234950E+04     0.232531E+04     0.231706E+04     0.233187E+04     0.235648E+04     0.235383E+04     0.232872E+04     0.232170E+04     0.231839E+04     0.217970E+04     0.217742E+04     0.224291E+04     0.228752E+04     0.218033E+04     0.243329E+04     0.255532E+04     0.257746E+04     0.257117E+04     0.253928E+04     0.253512E+04     0.226219E+04     0.226040E+04     0.225791E+04     0.225637E+04     0.225361E+04     0.226517E+04     0.224374E+04     0.224246E+04     0.225731E+04     0.224933E+04     0.223116E+04     0.222979E+04     0.222617E+04     0.222448E+04     0.223358E+04     0.223189E+04     0.222968E+04     0.222333E+04     0.207370E+04     0.207249E+04     0.210422E+04     0.208724E+04     0.206642E+04     0.206459E+04     0.206293E+04     0.203998E+04     0.203997E+04     0.200000E+04     0.204339E+04     0.204882E+04     0.204865E+04     0.207606E+04     0.208237E+04     0.208126E+04     0.206673E+04     0.206309E+04     0.202814E+04     0.201633E+04     0.201492E+04     0.204977E+04     0.201662E+04     0.203083E+04     0.202860E+04     0.202698E+04     0.204940E+04     0.201894E+04     0.200000E+04     0.200000E+04     0.203275E+04     0.202447E+04     0.201335E+04     0.201138E+04     0.200978E+04     0.200000E+04     0.200000E+04     0.203466E+04     0.200000E+04     0.200000E+04     0.200000E+04     0.200000E+04     0.203974E+04     0.203846E+04     0.203733E+04     0.202570E+04     0.200000E+04     0.200000E+04     0.200000E+04     0.200000E+04     0.200000E+04     0.200000E+04     0.200000E+04     0.200000E+04     0.200000E+04     0.200000E+04     0.200000E+04     0.200000E+04     0.200000E+04     0.200000E+04     0.200000E+04     0.200000E+04     0.200000E+04     0.200000E+04     0.200000E+04     0.200000E+04     0.100000E+21
 0.216000E+04     0.241100E+04     0.241019E+04     0.214000E+04     0.214000E+04     0.214000E+04     0.214000E+04     0.214000E+04     0.214000E+04     0.214000E+04     0.214000E+04     0.214000E+04     0.222200E+04     0.221376E+04     0.220800E+04     0.221954E+04     0.222200E+04     0.243987E+04     0.230147E+04     0.229878E+04     0.237081E+04     0.235187E+04     0.234960E+04     0.233078E+04     0.231706E+04     0.233151E+04     0.235622E+04     0.235383E+04     0.232852E+04     0.232170E+04     0.231839E+04     0.217962E+04     0.217742E+04     0.223788E+04     0.224614E+04     0.224421E+04     0.245104E+04     0.255532E+04     0.257656E+04     0.257117E+04     0.253921E+04     0.253512E+04     0.226219E+04     0.226051E+04     0.225791E+04     0.225642E+04     0.225361E+04     0.226517E+04     0.225836E+04     0.224246E+04     0.225616E+04     0.225423E+04     0.225101E+04     0.223572E+04     0.222608E+04     0.222448E+04     0.223352E+04     0.223190E+04     0.222968E+04     0.222348E+04     0.207370E+04     0.207554E+04     0.210422E+04     0.208700E+04     0.206642E+04     0.206459E+04     0.206309E+04     0.203998E+04     0.205010E+04     0.203523E+04     0.201171E+04     0.204210E+04     0.204865E+04     0.205365E+04     0.208235E+04     0.208126E+04     0.206704E+04     0.206038E+04     0.202814E+04     0.201628E+04     0.201492E+04     0.204977E+04     0.201706E+04     0.203083E+04     0.202849E+04     0.202698E+04     0.204940E+04     0.201945E+04     0.200000E+04     0.200000E+04     0.203275E+04     0.202426E+04     0.201335E+04     0.201138E+04     0.200987E+04     0.200000E+04     0.200000E+04     0.203466E+04     0.200000E+04     0.200000E+04     0.200000E+04     0.200000E+04     0.203971E+04     0.203846E+04     0.203735E+04     0.202461E+04     0.200000E+04     0.200000E+04     0.200000E+04     0.200000E+04     0.200000E+04     0.200000E+04     0.200000E+04     0.200000E+04     0.200000E+04     0.200000E+04     0.200000E+04     0.200000E+04     0.200000E+04     0.200000E+04     0.200000E+04     0.200000E+04     0.200000E+04     0.200000E+04     0.200000E+04     0.200000E+04     0.100000E+21
 0.218000E+04     0.246167E+04     0.243595E+04     0.214000E+04     0.214000E+04     0.214000E+04     0.214000E+04     0.214000E+04     0.214000E+04     0.214000E+04     0.214000E+04     0.214000E+04     0.222200E+04     0.221405E+04     0.220800E+04     0.221795E+04     0.222200E+04     0.243215E+04     0.230147E+04     0.229878E+04     0.236340E+04     0.235187E+04     0.234656E+04     0.233315E+04     0.231706E+04     0.233061E+04     0.235587E+04     0.235383E+04     0.232805E+04     0.232170E+04     0.231839E+04     0.217943E+04     0.217742E+04     0.223163E+04     0.222963E+04     0.228406E+04     0.245851E+04     0.255531E+04     0.256897E+04     0.257117E+04     0.253904E+04     0.253512E+04     0.226219E+04     0.226071E+04     0.225791E+04     0.225654E+04     0.225361E+04     0.226517E+04     0.226381E+04     0.224246E+04     0.225431E+04     0.225806E+04     0.225676E+04     0.224063E+04     0.222591E+04     0.222448E+04     0.223336E+04     0.223189E+04     0.222968E+04     0.222387E+04     0.207370E+04     0.207937E+04     0.210422E+04     0.208641E+04     0.206642E+04     0.206459E+04     0.206329E+04     0.203998E+04     0.205836E+04     0.205722E+04     0.200000E+04     0.203138E+04     0.204865E+04     0.204745E+04     0.208230E+04     0.208126E+04     0.206783E+04     0.205602E+04     0.202814E+04     0.201834E+04     0.201492E+04     0.203966E+04     0.201814E+04     0.203083E+04     0.202831E+04     0.202698E+04     0.204940E+04     0.202070E+04     0.200000E+04     0.200000E+04     0.203274E+04     0.202651E+04     0.201984E+04     0.201138E+04     0.201004E+04     0.200000E+04     0.200000E+04     0.203466E+04     0.200000E+04     0.200000E+04     0.200000E+04     0.200000E+04     0.203964E+04     0.203847E+04     0.203739E+04     0.202219E+04     0.200000E+04     0.200000E+04     0.200000E+04     0.200000E+04     0.200000E+04     0.200000E+04     0.200000E+04     0.200000E+04     0.200000E+04     0.200000E+04     0.200000E+04     0.200000E+04     0.200000E+04     0.200000E+04     0.200000E+04     0.200000E+04     0.200000E+04     0.200000E+04     0.200000E+04     0.200000E+04     0.100000E+21
 0.220000E+04     0.255000E+04     0.255000E+04     0.235051E+04     0.214000E+04     0.214000E+04     0.214000E+04     0.214000E+04     0.214000E+04     0.214000E+04     0.214000E+04     0.214000E+04     0.222200E+04     0.221364E+04     0.220800E+04     0.222112E+04     0.222200E+04     0.244304E+04     0.230147E+04     0.229878E+04     0.237437E+04     0.235187E+04     0.233875E+04     0.233397E+04     0.231706E+04     0.233188E+04     0.235649E+04     0.235383E+04     0.232872E+04     0.232170E+04     0.231839E+04     0.217970E+04     0.217742E+04     0.223201E+04     0.222963E+04     0.228406E+04     0.247116E+04     0.255532E+04     0.254918E+04     0.257117E+04     0.253928E+04     0.253512E+04     0.226219E+04     0.226039E+04     0.225791E+04     0.225637E+04     0.225361E+04     0.226517E+04     0.226364E+04     0.223308E+04     0.223883E+04     0.225817E+04     0.225676E+04     0.223964E+04     0.222617E+04     0.222448E+04     0.223358E+04     0.223189E+04     0.222968E+04     0.222332E+04     0.207370E+04     0.206879E+04     0.206715E+04     0.210174E+04     0.210073E+04     0.206459E+04     0.206293E+04     0.203998E+04     0.205847E+04     0.205722E+04     0.200000E+04     0.203166E+04     0.204865E+04     0.204723E+04     0.208237E+04     0.208126E+04     0.206672E+04     0.205979E+04     0.207006E+04     0.202302E+04     0.201492E+04     0.202543E+04     0.202779E+04     0.203083E+04     0.202860E+04     0.202698E+04     0.204940E+04     0.204824E+04     0.200000E+04     0.200000E+04     0.203274E+04     0.203013E+04     0.202891E+04     0.201138E+04     0.200978E+04     0.200000E+04     0.200000E+04     0.203466E+04     0.203274E+04     0.200994E+04     0.200000E+04     0.200000E+04     0.203975E+04     0.203846E+04     0.203733E+04     0.202571E+04     0.200000E+04     0.200000E+04     0.200000E+04     0.200000E+04     0.200000E+04     0.200000E+04     0.200000E+04     0.200000E+04     0.200000E+04     0.200000E+04     0.200000E+04     0.200000E+04     0.200000E+04     0.200000E+04     0.200000E+04     0.200000E+04     0.200000E+04     0.200000E+04     0.200000E+04     0.200000E+04     0.100000E+21
 0.222000E+04     0.256017E+04     0.255364E+04     0.237160E+04     0.214000E+04     0.214000E+04     0.214000E+04     0.214000E+04     0.214000E+04     0.214000E+04     0.214000E+04     0.214000E+04     0.222200E+04     0.221405E+04     0.220800E+04     0.221795E+04     0.222200E+04     0.243215E+04     0.230147E+04     0.229878E+04     0.236340E+04     0.235187E+04     0.234055E+04     0.233315E+04     0.231706E+04     0.233061E+04     0.235587E+04     0.235383E+04     0.232805E+04     0.232170E+04     0.231839E+04     0.217943E+04     0.217742E+04     0.223163E+04     0.222963E+04     0.228406E+04     0.231191E+04     0.255531E+04     0.255507E+04     0.257117E+04     0.253904E+04     0.253512E+04     0.226219E+04     0.226071E+04     0.225791E+04     0.225654E+04     0.225361E+04     0.226517E+04     0.226381E+04     0.223308E+04     0.223766E+04     0.225806E+04     0.225676E+04     0.224063E+04     0.222591E+04     0.222448E+04     0.222826E+04     0.223189E+04     0.222968E+04     0.222387E+04     0.207370E+04     0.206843E+04     0.206715E+04     0.210170E+04     0.210073E+04     0.206459E+04     0.206329E+04     0.203998E+04     0.205022E+04     0.205722E+04     0.200000E+04     0.202750E+04     0.204865E+04     0.204745E+04     0.208230E+04     0.208126E+04     0.206783E+04     0.206188E+04     0.207007E+04     0.202216E+04     0.201492E+04     0.202543E+04     0.202379E+04     0.201696E+04     0.202831E+04     0.202698E+04     0.204940E+04     0.204831E+04     0.200000E+04     0.200000E+04     0.203274E+04     0.203005E+04     0.202891E+04     0.201138E+04     0.201004E+04     0.200000E+04     0.200000E+04     0.203466E+04     0.203275E+04     0.201213E+04     0.200000E+04     0.200000E+04     0.202401E+04     0.203846E+04     0.203739E+04     0.202219E+04     0.200000E+04     0.200000E+04     0.200000E+04     0.200000E+04     0.200000E+04     0.200000E+04     0.200000E+04     0.200000E+04     0.200000E+04     0.200000E+04     0.200000E+04     0.200000E+04     0.200000E+04     0.200000E+04     0.200000E+04     0.200000E+04     0.200000E+04     0.200000E+04     0.200000E+04     0.200000E+04     0.100000E+21
 0.224000E+04     0.256600E+04     0.256600E+04     0.243851E+04     0.214000E+04     0.214000E+04     0.214000E+04     0.214000E+04     0.214000E+04     0.214000E+04     0.214000E+04     0.214000E+04     0.222200E+04     0.221376E+04     0.225700E+04     0.222815E+04     0.251700E+04     0.243987E+04     0.230147E+04     0.229878E+04     0.237081E+04     0.235187E+04     0.233931E+04     0.233373E+04     0.231706E+04     0.233151E+04     0.235622E+04     0.235383E+04     0.232852E+04     0.232170E+04     0.231839E+04     0.217962E+04     0.217742E+04     0.223188E+04     0.222963E+04     0.228406E+04     0.221734E+04     0.255532E+04     0.255247E+04     0.257117E+04     0.253921E+04     0.253512E+04     0.226219E+04     0.226051E+04     0.225791E+04     0.225642E+04     0.225361E+04     0.226517E+04     0.226369E+04     0.223308E+04     0.223838E+04     0.225814E+04     0.225676E+04     0.223993E+04     0.222608E+04     0.222448E+04     0.222483E+04     0.223190E+04     0.222968E+04     0.222348E+04     0.207370E+04     0.207100E+04     0.206715E+04     0.210173E+04     0.210073E+04     0.206459E+04     0.206309E+04     0.206091E+04     0.204459E+04     0.205722E+04     0.205536E+04     0.204522E+04     0.203960E+04     0.204476E+04     0.205927E+04     0.208126E+04     0.208011E+04     0.206060E+04     0.207007E+04     0.202277E+04     0.201492E+04     0.201296E+04     0.203600E+04     0.200901E+04     0.202849E+04     0.202698E+04     0.202505E+04     0.203868E+04     0.200000E+04     0.200000E+04     0.200000E+04     0.203011E+04     0.202891E+04     0.201138E+04     0.200987E+04     0.200000E+04     0.200000E+04     0.200000E+04     0.203274E+04     0.201058E+04     0.200000E+04     0.200000E+04     0.201313E+04     0.203846E+04     0.203735E+04     0.202461E+04     0.200000E+04     0.200000E+04     0.200000E+04     0.200000E+04     0.200000E+04     0.200000E+04     0.200000E+04     0.200000E+04     0.200000E+04     0.200000E+04     0.200000E+04     0.200000E+04     0.200000E+04     0.200000E+04     0.200000E+04     0.200000E+04     0.200000E+04     0.200000E+04     0.200000E+04     0.200000E+04     0.100000E+21
 0.226000E+04     0.239806E+04     0.253027E+04     0.246828E+04     0.214000E+04     0.214000E+04     0.214000E+04     0.214000E+04     0.214000E+04     0.214000E+04     0.214000E+04     0.214000E+04     0.222200E+04     0.221364E+04     0.225700E+04     0.222428E+04     0.251700E+04     0.244293E+04     0.230147E+04     0.229878E+04     0.237431E+04     0.235187E+04     0.233876E+04     0.233396E+04     0.231706E+04     0.233187E+04     0.235648E+04     0.235383E+04     0.232872E+04     0.232170E+04     0.231839E+04     0.217970E+04     0.217742E+04     0.223201E+04     0.222963E+04     0.228406E+04     0.221605E+04     0.255532E+04     0.254935E+04     0.257117E+04     0.253928E+04     0.253512E+04     0.226219E+04     0.226040E+04     0.225791E+04     0.225637E+04     0.225361E+04     0.229216E+04     0.226894E+04     0.223308E+04     0.223883E+04     0.225817E+04     0.225676E+04     0.223965E+04     0.222617E+04     0.222448E+04     0.222453E+04     0.223189E+04     0.222968E+04     0.222333E+04     0.207370E+04     0.207141E+04     0.206715E+04     0.210174E+04     0.210073E+04     0.206459E+04     0.206293E+04     0.206091E+04     0.204049E+04     0.204469E+04     0.205536E+04     0.202088E+04     0.203960E+04     0.204503E+04     0.205890E+04     0.208126E+04     0.208009E+04     0.205980E+04     0.207007E+04     0.202302E+04     0.201492E+04     0.201296E+04     0.203931E+04     0.202163E+04     0.202860E+04     0.202698E+04     0.202505E+04     0.203890E+04     0.200000E+04     0.200000E+04     0.200000E+04     0.203013E+04     0.202891E+04     0.202245E+04     0.201137E+04     0.200628E+04     0.200112E+04     0.200000E+04     0.203274E+04     0.202496E+04     0.200000E+04     0.200000E+04     0.201250E+04     0.203846E+04     0.203733E+04     0.202570E+04     0.200000E+04     0.200000E+04     0.200000E+04     0.200000E+04     0.200000E+04     0.200000E+04     0.200000E+04     0.200000E+04     0.200000E+04     0.200000E+04     0.200000E+04     0.200000E+04     0.200000E+04     0.200000E+04     0.200000E+04     0.200000E+04     0.200000E+04     0.200000E+04     0.200000E+04     0.200000E+04     0.100000E+21
 0.228000E+04     0.239200E+04     0.246478E+04     0.240410E+04     0.214000E+04     0.214000E+04     0.214000E+04     0.214000E+04     0.214000E+04     0.214000E+04     0.214000E+04     0.214000E+04     0.222200E+04     0.221389E+04     0.225700E+04     0.223017E+04     0.251700E+04     0.239598E+04     0.230147E+04     0.229878E+04     0.236736E+04     0.235187E+04     0.233987E+04     0.232868E+04     0.231706E+04     0.233111E+04     0.235605E+04     0.235383E+04     0.232831E+04     0.232170E+04     0.231839E+04     0.217953E+04     0.217742E+04     0.223176E+04     0.222963E+04     0.228406E+04     0.221879E+04     0.255987E+04     0.255380E+04     0.257117E+04     0.253913E+04     0.253512E+04     0.226219E+04     0.226061E+04     0.225791E+04     0.225647E+04     0.225361E+04     0.229924E+04     0.227496E+04     0.223308E+04     0.223803E+04     0.225810E+04     0.225676E+04     0.224024E+04     0.222600E+04     0.222448E+04     0.222513E+04     0.223189E+04     0.222968E+04     0.222501E+04     0.207370E+04     0.207074E+04     0.206715E+04     0.210171E+04     0.210073E+04     0.207449E+04     0.206683E+04     0.206091E+04     0.204136E+04     0.203618E+04     0.205536E+04     0.202617E+04     0.203960E+04     0.204450E+04     0.205967E+04     0.208126E+04     0.208014E+04     0.205939E+04     0.206617E+04     0.203155E+04     0.201744E+04     0.201296E+04     0.203574E+04     0.202466E+04     0.202840E+04     0.202698E+04     0.202505E+04     0.203842E+04     0.201303E+04     0.200462E+04     0.200000E+04     0.203008E+04     0.202891E+04     0.202698E+04     0.201420E+04     0.200743E+04     0.200242E+04     0.200000E+04     0.203274E+04     0.203149E+04     0.200777E+04     0.200351E+04     0.200813E+04     0.202833E+04     0.203096E+04     0.202351E+04     0.200000E+04     0.200000E+04     0.200000E+04     0.200000E+04     0.200000E+04     0.200000E+04     0.200000E+04     0.200000E+04     0.200000E+04     0.200000E+04     0.200000E+04     0.200000E+04     0.200000E+04     0.200000E+04     0.200000E+04     0.200000E+04     0.200000E+04     0.200000E+04     0.200000E+04     0.200000E+04     0.100000E+21
 0.230000E+04     0.237831E+04     0.238828E+04     0.232662E+04     0.214000E+04     0.214000E+04     0.214000E+04     0.214000E+04     0.214000E+04     0.214000E+04     0.214000E+04     0.214000E+04     0.222200E+04     0.221364E+04     0.225700E+04     0.222760E+04     0.251700E+04     0.230322E+04     0.230147E+04     0.229878E+04     0.237226E+04     0.235187E+04     0.233907E+04     0.231903E+04     0.231706E+04     0.233180E+04     0.235626E+04     0.235383E+04     0.232867E+04     0.232170E+04     0.231839E+04     0.217966E+04     0.217742E+04     0.223193E+04     0.222963E+04     0.228406E+04     0.221611E+04     0.257141E+04     0.255211E+04     0.257117E+04     0.253928E+04     0.253512E+04     0.226219E+04     0.226048E+04     0.225791E+04     0.225639E+04     0.225361E+04     0.229924E+04     0.227355E+04     0.223308E+04     0.223847E+04     0.225817E+04     0.225676E+04     0.223965E+04     0.222611E+04     0.222448E+04     0.222468E+04     0.223189E+04     0.222968E+04     0.222818E+04     0.216896E+04     0.207107E+04     0.206715E+04     0.208934E+04     0.210073E+04     0.209898E+04     0.206894E+04     0.206091E+04     0.205160E+04     0.203618E+04     0.205536E+04     0.205397E+04     0.201112E+04     0.203461E+04     0.205890E+04     0.208126E+04     0.208009E+04     0.206784E+04     0.205536E+04     0.205548E+04     0.202427E+04     0.201296E+04     0.202384E+04     0.202466E+04     0.201589E+04     0.202698E+04     0.202505E+04     0.203891E+04     0.204565E+04     0.200698E+04     0.200000E+04     0.201837E+04     0.202891E+04     0.202698E+04     0.201323E+04     0.200743E+04     0.200211E+04     0.200000E+04     0.203274E+04     0.203142E+04     0.202891E+04     0.202214E+04     0.200000E+04     0.200000E+04     0.202178E+04     0.202508E+04     0.200000E+04     0.200000E+04     0.200000E+04     0.200000E+04     0.200000E+04     0.200000E+04     0.200000E+04     0.200000E+04     0.200000E+04     0.200000E+04     0.200000E+04     0.200000E+04     0.200000E+04     0.200000E+04     0.200000E+04     0.200000E+04     0.200000E+04     0.200000E+04     0.200000E+04     0.200000E+04     0.100000E+21
 0.232000E+04     0.237300E+04     0.237815E+04     0.229562E+04     0.214000E+04     0.214000E+04     0.214000E+04     0.214000E+04     0.214000E+04     0.214000E+04     0.214000E+04     0.214000E+04     0.222200E+04     0.221414E+04     0.225700E+04     0.223298E+04     0.251700E+04     0.230306E+04     0.230147E+04     0.229878E+04     0.236150E+04     0.235187E+04     0.234087E+04     0.231892E+04     0.231706E+04     0.233034E+04     0.235579E+04     0.235383E+04     0.232842E+04     0.232309E+04     0.231839E+04     0.222491E+04     0.217742E+04     0.223157E+04     0.222963E+04     0.228406E+04     0.222159E+04     0.257141E+04     0.255562E+04     0.257117E+04     0.253899E+04     0.253512E+04     0.226219E+04     0.226076E+04     0.225791E+04     0.225657E+04     0.225361E+04     0.227342E+04     0.226738E+04     0.224809E+04     0.224307E+04     0.225804E+04     0.225676E+04     0.224868E+04     0.222586E+04     0.222448E+04     0.222567E+04     0.223189E+04     0.222968E+04     0.222833E+04     0.221804E+04     0.207037E+04     0.206715E+04     0.208127E+04     0.210073E+04     0.209898E+04     0.207431E+04     0.206091E+04     0.205006E+04     0.203618E+04     0.204397E+04     0.205031E+04     0.200000E+04     0.202337E+04     0.205196E+04     0.206060E+04     0.207218E+04     0.206907E+04     0.205536E+04     0.204680E+04     0.202428E+04     0.201296E+04     0.202384E+04     0.203620E+04     0.201365E+04     0.202698E+04     0.202505E+04     0.203046E+04     0.204565E+04     0.201410E+04     0.200000E+04     0.201201E+04     0.202891E+04     0.202698E+04     0.202102E+04     0.200743E+04     0.200464E+04     0.200000E+04     0.201505E+04     0.202508E+04     0.202891E+04     0.202773E+04     0.200000E+04     0.200000E+04     0.200959E+04     0.202155E+04     0.200000E+04     0.200000E+04     0.200000E+04     0.200000E+04     0.200000E+04     0.200000E+04     0.200000E+04     0.200000E+04     0.200000E+04     0.200000E+04     0.200000E+04     0.200000E+04     0.200000E+04     0.200000E+04     0.200000E+04     0.200000E+04     0.200000E+04     0.200000E+04     0.200000E+04     0.200000E+04     0.100000E+21
 0.234000E+04     0.237300E+04     0.237300E+04     0.229879E+04     0.214000E+04     0.214000E+04     0.214000E+04     0.214000E+04     0.214000E+04     0.214000E+04     0.214000E+04     0.214000E+04     0.222200E+04     0.221395E+04     0.225700E+04     0.223099E+04     0.251700E+04     0.230312E+04     0.230147E+04     0.229878E+04     0.236577E+04     0.235187E+04     0.234014E+04     0.231896E+04     0.231706E+04     0.233092E+04     0.235597E+04     0.235383E+04     0.232912E+04     0.232426E+04     0.231839E+04     0.226834E+04     0.217742E+04     0.227079E+04     0.222963E+04     0.228406E+04     0.221948E+04     0.257141E+04     0.255434E+04     0.257117E+04     0.253910E+04     0.253512E+04     0.226219E+04     0.226065E+04     0.225791E+04     0.225650E+04     0.225361E+04     0.225145E+04     0.225909E+04     0.226091E+04     0.224713E+04     0.225809E+04     0.225676E+04     0.225550E+04     0.222596E+04     0.222448E+04     0.222528E+04     0.223190E+04     0.222968E+04     0.222827E+04     0.221804E+04     0.206085E+04     0.202112E+04     0.208089E+04     0.210073E+04     0.209898E+04     0.209119E+04     0.206091E+04     0.205512E+04     0.204916E+04     0.203428E+04     0.204745E+04     0.203622E+04     0.201706E+04     0.204061E+04     0.204301E+04     0.206552E+04     0.207025E+04     0.205536E+04     0.205173E+04     0.205366E+04     0.201296E+04     0.201819E+04     0.202894E+04     0.202092E+04     0.202698E+04     0.202505E+04     0.202391E+04     0.204565E+04     0.203601E+04     0.200000E+04     0.200476E+04     0.201107E+04     0.202698E+04     0.202561E+04     0.200743E+04     0.200612E+04     0.200000E+04     0.200000E+04     0.201990E+04     0.202891E+04     0.202762E+04     0.200000E+04     0.200000E+04     0.200000E+04     0.202298E+04     0.200000E+04     0.200000E+04     0.200000E+04     0.200000E+04     0.200000E+04     0.200000E+04     0.200000E+04     0.200000E+04     0.200000E+04     0.200000E+04     0.200000E+04     0.200000E+04     0.200000E+04     0.200000E+04     0.200000E+04     0.200000E+04     0.200000E+04     0.200000E+04     0.200000E+04     0.200000E+04     0.100000E+21
 0.236000E+04     0.235075E+04     0.236710E+04     0.231369E+04     0.214000E+04     0.214000E+04     0.214000E+04     0.214000E+04     0.214000E+04     0.214000E+04     0.214763E+04     0.219211E+04     0.222200E+04     0.221363E+04     0.225700E+04     0.222729E+04     0.251700E+04     0.230322E+04     0.230147E+04     0.229878E+04     0.237257E+04     0.235187E+04     0.233902E+04     0.231903E+04     0.231706E+04     0.233182E+04     0.235629E+04     0.235383E+04     0.232947E+04     0.232426E+04     0.231839E+04     0.227622E+04     0.217742E+04     0.229157E+04     0.222963E+04     0.228406E+04     0.225596E+04     0.257141E+04     0.255190E+04     0.257117E+04     0.253928E+04     0.253512E+04     0.243228E+04     0.228765E+04     0.225791E+04     0.225639E+04     0.225361E+04     0.225145E+04     0.225969E+04     0.226091E+04     0.224532E+04     0.224978E+04     0.225676E+04     0.225544E+04     0.222612E+04     0.222448E+04     0.222309E+04     0.222397E+04     0.222968E+04     0.222818E+04     0.221804E+04     0.206015E+04     0.200000E+04     0.208025E+04     0.210073E+04     0.209898E+04     0.209752E+04     0.206091E+04     0.205846E+04     0.205722E+04     0.203428E+04     0.203787E+04     0.205164E+04     0.201365E+04     0.203858E+04     0.204301E+04     0.206684E+04     0.207493E+04     0.207043E+04     0.205723E+04     0.206642E+04     0.201825E+04     0.201405E+04     0.202156E+04     0.202132E+04     0.201296E+04     0.202505E+04     0.202385E+04     0.204565E+04     0.204403E+04     0.200000E+04     0.200000E+04     0.200000E+04     0.202698E+04     0.202546E+04     0.200743E+04     0.200601E+04     0.200196E+04     0.200000E+04     0.202134E+04     0.202891E+04     0.202743E+04     0.201056E+04     0.200000E+04     0.200000E+04     0.200796E+04     0.200000E+04     0.200000E+04     0.200000E+04     0.200000E+04     0.200000E+04     0.200000E+04     0.200000E+04     0.200000E+04     0.200000E+04     0.200000E+04     0.200000E+04     0.200000E+04     0.200000E+04     0.200000E+04     0.200000E+04     0.200000E+04     0.200000E+04     0.200000E+04     0.200000E+04     0.200000E+04     0.100000E+21
 0.238000E+04     0.234300E+04     0.234300E+04     0.237300E+04     0.237300E+04     0.214000E+04     0.214000E+04     0.214000E+04     0.214000E+04     0.214000E+04     0.215387E+04     0.222200E+04     0.222200E+04     0.221373E+04     0.225700E+04     0.222674E+04     0.251700E+04     0.230320E+04     0.230147E+04     0.229878E+04     0.237249E+04     0.235187E+04     0.233902E+04     0.231901E+04     0.231706E+04     0.233163E+04     0.235635E+04     0.235383E+04     0.232941E+04     0.232426E+04     0.231839E+04     0.227575E+04     0.217742E+04     0.229174E+04     0.222963E+04     0.228406E+04     0.228188E+04     0.257141E+04     0.255152E+04     0.257117E+04     0.255310E+04     0.253512E+04     0.252834E+04     0.231093E+04     0.225791E+04     0.225640E+04     0.225361E+04     0.225145E+04     0.225961E+04     0.226091E+04     0.223779E+04     0.224471E+04     0.225676E+04     0.225546E+04     0.222613E+04     0.222448E+04     0.222167E+04     0.221999E+04     0.222968E+04     0.222820E+04     0.221804E+04     0.206106E+04     0.200000E+04     0.206453E+04     0.206348E+04     0.209898E+04     0.209749E+04     0.209547E+04     0.205845E+04     0.205722E+04     0.205536E+04     0.203821E+04     0.205164E+04     0.205026E+04     0.201689E+04     0.204301E+04     0.206653E+04     0.207725E+04     0.207587E+04     0.205295E+04     0.205164E+04     0.202234E+04     0.201040E+04     0.200901E+04     0.203673E+04     0.200505E+04     0.202505E+04     0.202387E+04     0.202117E+04     0.204091E+04     0.200000E+04     0.200000E+04     0.200000E+04     0.202698E+04     0.202546E+04     0.202311E+04     0.201049E+04     0.200345E+04     0.200000E+04     0.200000E+04     0.202891E+04     0.202739E+04     0.201664E+04     0.200000E+04     0.200000E+04     0.200000E+04     0.200000E+04     0.200000E+04     0.200000E+04     0.200000E+04     0.200000E+04     0.200000E+04     0.200000E+04     0.200000E+04     0.200000E+04     0.200000E+04     0.200000E+04     0.200000E+04     0.200000E+04     0.200000E+04     0.200000E+04     0.200000E+04     0.200000E+04     0.200000E+04     0.200000E+04     0.200000E+04     0.100000E+21
 0.240000E+04     0.239431E+04     0.236096E+04     0.236161E+04     0.237300E+04     0.214000E+04     0.214000E+04     0.214000E+04     0.214000E+04     0.214000E+04     0.215840E+04     0.222200E+04     0.222200E+04     0.221366E+04     0.225700E+04     0.222932E+04     0.251700E+04     0.230321E+04     0.230147E+04     0.229878E+04     0.237005E+04     0.235187E+04     0.233943E+04     0.231903E+04     0.231706E+04     0.233166E+04     0.234794E+04     0.235383E+04     0.232939E+04     0.232426E+04     0.231839E+04     0.227380E+04     0.217742E+04     0.228902E+04     0.222963E+04     0.228406E+04     0.228187E+04     0.236285E+04     0.255027E+04     0.255588E+04     0.255325E+04     0.253512E+04     0.252834E+04     0.232291E+04     0.225791E+04     0.225641E+04     0.225361E+04     0.225145E+04     0.225954E+04     0.226091E+04     0.223962E+04     0.224465E+04     0.225676E+04     0.225545E+04     0.222605E+04     0.222448E+04     0.222163E+04     0.221999E+04     0.222968E+04     0.222819E+04     0.221804E+04     0.205636E+04     0.200000E+04     0.206454E+04     0.206348E+04     0.209898E+04     0.209761E+04     0.209547E+04     0.205845E+04     0.205722E+04     0.205536E+04     0.203861E+04     0.204031E+04     0.204717E+04     0.201488E+04     0.203814E+04     0.205211E+04     0.207714E+04     0.207587E+04     0.205294E+04     0.205164E+04     0.204391E+04     0.201039E+04     0.200901E+04     0.203684E+04     0.201328E+04     0.202505E+04     0.202386E+04     0.202117E+04     0.203916E+04     0.200000E+04     0.200000E+04     0.200000E+04     0.201283E+04     0.202218E+04     0.202311E+04     0.201074E+04     0.200345E+04     0.200000E+04     0.200000E+04     0.202891E+04     0.202754E+04     0.202058E+04     0.201232E+04     0.200476E+04     0.200000E+04     0.200000E+04     0.200000E+04     0.200000E+04     0.200000E+04     0.200000E+04     0.200000E+04     0.200000E+04     0.200000E+04     0.200000E+04     0.200000E+04     0.200000E+04     0.200000E+04     0.200000E+04     0.200000E+04     0.200000E+04     0.200000E+04     0.200000E+04     0.200000E+04     0.200000E+04     0.200000E+04     0.100000E+21
 0.242000E+04     0.243900E+04     0.240827E+04     0.234900E+04     0.235962E+04     0.214000E+04     0.214000E+04     0.214000E+04     0.214000E+04     0.214000E+04     0.216650E+04     0.222200E+04     0.222200E+04     0.221413E+04     0.224139E+04     0.222761E+04     0.251700E+04     0.230306E+04     0.230147E+04     0.229878E+04     0.236165E+04     0.235187E+04     0.234085E+04     0.231892E+04     0.231706E+04     0.233036E+04     0.234274E+04     0.235383E+04     0.232890E+04     0.232426E+04     0.231839E+04     0.226338E+04     0.217742E+04     0.224309E+04     0.222963E+04     0.225735E+04     0.227072E+04     0.217400E+04     0.254662E+04     0.254199E+04     0.255206E+04     0.253512E+04     0.252834E+04     0.234859E+04     0.225791E+04     0.225657E+04     0.225361E+04     0.225145E+04     0.225489E+04     0.226091E+04     0.224238E+04     0.224563E+04     0.225676E+04     0.225553E+04     0.223286E+04     0.222448E+04     0.222144E+04     0.221999E+04     0.222968E+04     0.222833E+04     0.222124E+04     0.210231E+04     0.203126E+04     0.204804E+04     0.206348E+04     0.209898E+04     0.209778E+04     0.209547E+04     0.205834E+04     0.205722E+04     0.205536E+04     0.204051E+04     0.203044E+04     0.204246E+04     0.202694E+04     0.203389E+04     0.203820E+04     0.207698E+04     0.207587E+04     0.205281E+04     0.205164E+04     0.206459E+04     0.201025E+04     0.200901E+04     0.202930E+04     0.202078E+04     0.201482E+04     0.201949E+04     0.202117E+04     0.202950E+04     0.200000E+04     0.200000E+04     0.200000E+04     0.200000E+04     0.201660E+04     0.202311E+04     0.201641E+04     0.200345E+04     0.200065E+04     0.200027E+04     0.202891E+04     0.202773E+04     0.202429E+04     0.202311E+04     0.201015E+04     0.200000E+04     0.200000E+04     0.200000E+04     0.200000E+04     0.200000E+04     0.200000E+04     0.200000E+04     0.200000E+04     0.200000E+04     0.200000E+04     0.200000E+04     0.200000E+04     0.200000E+04     0.200000E+04     0.200000E+04     0.200000E+04     0.200000E+04     0.200000E+04     0.200000E+04     0.200000E+04     0.200000E+04     0.100000E+21
 0.244000E+04     0.243900E+04     0.243900E+04     0.238042E+04     0.234300E+04     0.214000E+04     0.214000E+04     0.214000E+04     0.214000E+04     0.214000E+04     0.216566E+04     0.222200E+04     0.222200E+04     0.221409E+04     0.222200E+04     0.222200E+04     0.251700E+04     0.230308E+04     0.230147E+04     0.229878E+04     0.236250E+04     0.235187E+04     0.234070E+04     0.231893E+04     0.231706E+04     0.233048E+04     0.234256E+04     0.235383E+04     0.232895E+04     0.232426E+04     0.231839E+04     0.226442E+04     0.217742E+04     0.219243E+04     0.222963E+04     0.222669E+04     0.225846E+04     0.217400E+04     0.255387E+04     0.254199E+04     0.255216E+04     0.253512E+04     0.252834E+04     0.234593E+04     0.225791E+04     0.225655E+04     0.225361E+04     0.225145E+04     0.225008E+04     0.226091E+04     0.225297E+04     0.224554E+04     0.225676E+04     0.225553E+04     0.224212E+04     0.222448E+04     0.222146E+04     0.221999E+04     0.222295E+04     0.222581E+04     0.222522E+04     0.217112E+04     0.207007E+04     0.202843E+04     0.206348E+04     0.209898E+04     0.209777E+04     0.209547E+04     0.207103E+04     0.205722E+04     0.205536E+04     0.204879E+04     0.203044E+04     0.204263E+04     0.203410E+04     0.201347E+04     0.202762E+04     0.207700E+04     0.207587E+04     0.206071E+04     0.205164E+04     0.205622E+04     0.201386E+04     0.200901E+04     0.201831E+04     0.203366E+04     0.200306E+04     0.201463E+04     0.202117E+04     0.201980E+04     0.202515E+04     0.200000E+04     0.200000E+04     0.200000E+04     0.200640E+04     0.202311E+04     0.202189E+04     0.200345E+04     0.200146E+04     0.200055E+04     0.201159E+04     0.202171E+04     0.202430E+04     0.202311E+04     0.201701E+04     0.200000E+04     0.200000E+04     0.200000E+04     0.200000E+04     0.200000E+04     0.200000E+04     0.200000E+04     0.200000E+04     0.200000E+04     0.200000E+04     0.200000E+04     0.200000E+04     0.200000E+04     0.200000E+04     0.200000E+04     0.200000E+04     0.200000E+04     0.200000E+04     0.200000E+04     0.200000E+04     0.200000E+04     0.100000E+21
 0.246000E+04     0.240758E+04     0.242828E+04     0.242529E+04     0.239591E+04     0.214000E+04     0.214000E+04     0.214000E+04     0.214000E+04     0.214000E+04     0.215828E+04     0.222200E+04     0.222200E+04     0.221366E+04     0.222200E+04     0.222200E+04     0.251700E+04     0.230321E+04     0.230147E+04     0.229878E+04     0.237013E+04     0.235187E+04     0.233942E+04     0.231903E+04     0.231706E+04     0.233166E+04     0.234100E+04     0.235383E+04     0.232940E+04     0.232427E+04     0.231839E+04     0.227389E+04     0.217742E+04     0.218781E+04     0.222963E+04     0.222669E+04     0.226076E+04     0.217400E+04     0.256026E+04     0.254199E+04     0.255325E+04     0.253512E+04     0.252834E+04     0.232257E+04     0.225791E+04     0.225641E+04     0.225361E+04     0.225145E+04     0.224994E+04     0.226091E+04     0.225939E+04     0.224091E+04     0.224526E+04     0.225132E+04     0.224426E+04     0.222448E+04     0.222163E+04     0.221999E+04     0.221774E+04     0.222422E+04     0.222522E+04     0.218454E+04     0.207006E+04     0.202686E+04     0.206348E+04     0.207905E+04     0.209356E+04     0.209547E+04     0.208156E+04     0.205722E+04     0.205536E+04     0.205401E+04     0.203044E+04     0.203585E+04     0.202934E+04     0.200000E+04     0.202074E+04     0.206192E+04     0.207587E+04     0.206731E+04     0.205164E+04     0.204977E+04     0.203284E+04     0.200901E+04     0.201234E+04     0.202911E+04     0.201118E+04     0.201847E+04     0.202117E+04     0.201962E+04     0.204188E+04     0.200000E+04     0.200000E+04     0.200000E+04     0.200000E+04     0.202311E+04     0.202175E+04     0.200345E+04     0.200146E+04     0.200046E+04     0.200000E+04     0.201914E+04     0.202440E+04     0.202311E+04     0.202196E+04     0.200000E+04     0.200000E+04     0.200000E+04     0.200000E+04     0.200000E+04     0.200000E+04     0.200000E+04     0.200000E+04     0.200000E+04     0.200000E+04     0.200000E+04     0.200000E+04     0.200000E+04     0.200000E+04     0.200000E+04     0.200000E+04     0.200000E+04     0.200000E+04     0.200000E+04     0.200000E+04     0.200000E+04     0.100000E+21
 0.248000E+04     0.238200E+04     0.239079E+04     0.243900E+04     0.243900E+04     0.214000E+04     0.214000E+04     0.214000E+04     0.214000E+04     0.214000E+04     0.215087E+04     0.222200E+04     0.222200E+04     0.221369E+04     0.222200E+04     0.222200E+04     0.251700E+04     0.230321E+04     0.230147E+04     0.229878E+04     0.237423E+04     0.235187E+04     0.233874E+04     0.231902E+04     0.231706E+04     0.233178E+04     0.233881E+04     0.235383E+04     0.233027E+04     0.232799E+04     0.232015E+04     0.230034E+04     0.229743E+04     0.218471E+04     0.222963E+04     0.222669E+04     0.226077E+04     0.217400E+04     0.256371E+04     0.254199E+04     0.255321E+04     0.253512E+04     0.252834E+04     0.230329E+04     0.225791E+04     0.225638E+04     0.225361E+04     0.225145E+04     0.224990E+04     0.226091E+04     0.225919E+04     0.223259E+04     0.223587E+04     0.224733E+04     0.224574E+04     0.222448E+04     0.222170E+04     0.221999E+04     0.221774E+04     0.222428E+04     0.222522E+04     0.220681E+04     0.207007E+04     0.203766E+04     0.201942E+04     0.206165E+04     0.209356E+04     0.209547E+04     0.208178E+04     0.205722E+04     0.205536E+04     0.205395E+04     0.203045E+04     0.202898E+04     0.204078E+04     0.204302E+04     0.203097E+04     0.204643E+04     0.207587E+04     0.206765E+04     0.205164E+04     0.204977E+04     0.204736E+04     0.200901E+04     0.200875E+04     0.201766E+04     0.203363E+04     0.201675E+04     0.202117E+04     0.201932E+04     0.202205E+04     0.200000E+04     0.200000E+04     0.200000E+04     0.200000E+04     0.202311E+04     0.202170E+04     0.201439E+04     0.200146E+04     0.200045E+04     0.200000E+04     0.200187E+04     0.202441E+04     0.202311E+04     0.202196E+04     0.201203E+04     0.200000E+04     0.200000E+04     0.200000E+04     0.200000E+04     0.200000E+04     0.200000E+04     0.200000E+04     0.200000E+04     0.200000E+04     0.200000E+04     0.200000E+04     0.200000E+04     0.200000E+04     0.200000E+04     0.200000E+04     0.200000E+04     0.200000E+04     0.200000E+04     0.200000E+04     0.200000E+04     0.100000E+21
 0.250000E+04     0.238200E+04     0.238200E+04     0.239782E+04     0.243900E+04     0.214000E+04     0.214000E+04     0.214000E+04     0.214000E+04     0.214000E+04     0.215699E+04     0.222200E+04     0.220800E+04     0.220800E+04     0.222200E+04     0.222200E+04     0.251700E+04     0.230321E+04     0.230147E+04     0.229878E+04     0.237106E+04     0.235187E+04     0.233926E+04     0.231903E+04     0.231706E+04     0.231483E+04     0.234065E+04     0.235383E+04     0.234367E+04     0.232848E+04     0.232093E+04     0.231408E+04     0.231171E+04     0.218716E+04     0.222963E+04     0.222669E+04     0.226085E+04     0.227710E+04     0.256070E+04     0.254199E+04     0.254403E+04     0.255807E+04     0.252834E+04     0.252300E+04     0.225791E+04     0.225640E+04     0.225361E+04     0.225145E+04     0.224992E+04     0.224711E+04     0.225558E+04     0.223117E+04     0.223587E+04     0.224737E+04     0.225185E+04     0.225029E+04     0.222165E+04     0.221999E+04     0.221774E+04     0.221623E+04     0.222522E+04     0.222112E+04     0.221352E+04     0.203941E+04     0.200000E+04     0.206165E+04     0.209022E+04     0.209547E+04     0.209313E+04     0.209195E+04     0.205536E+04     0.205399E+04     0.203044E+04     0.202906E+04     0.204717E+04     0.204602E+04     0.201608E+04     0.204260E+04     0.207587E+04     0.207352E+04     0.207225E+04     0.204977E+04     0.203913E+04     0.201844E+04     0.200660E+04     0.200505E+04     0.204036E+04     0.201618E+04     0.202117E+04     0.201958E+04     0.201727E+04     0.202534E+04     0.200000E+04     0.200000E+04     0.200000E+04     0.200000E+04     0.201498E+04     0.201922E+04     0.200146E+04     0.200046E+04     0.200000E+04     0.200000E+04     0.202441E+04     0.202311E+04     0.202196E+04     0.201370E+04     0.200000E+04     0.200000E+04     0.200000E+04     0.200000E+04     0.200000E+04     0.200000E+04     0.200000E+04     0.200000E+04     0.200000E+04     0.200000E+04     0.200000E+04     0.200000E+04     0.200000E+04     0.200000E+04     0.200000E+04     0.200000E+04     0.200000E+04     0.200000E+04     0.200000E+04     0.200000E+04     0.100000E+21
 0.252000E+04     0.241136E+04     0.242294E+04     0.239348E+04     0.241905E+04     0.214000E+04     0.214000E+04     0.214000E+04     0.214000E+04     0.214000E+04     0.216427E+04     0.222200E+04     0.220800E+04     0.220800E+04     0.222200E+04     0.222200E+04     0.251700E+04     0.230310E+04     0.230147E+04     0.229878E+04     0.236387E+04     0.235187E+04     0.234047E+04     0.231894E+04     0.231706E+04     0.231499E+04     0.234224E+04     0.235383E+04     0.234249E+04     0.232848E+04     0.232093E+04     0.231387E+04     0.231171E+04     0.220228E+04     0.225636E+04     0.222669E+04     0.224621E+04     0.227710E+04     0.246996E+04     0.254199E+04     0.254477E+04     0.255807E+04     0.252834E+04     0.252358E+04     0.225791E+04     0.225653E+04     0.225361E+04     0.225145E+04     0.225005E+04     0.224711E+04     0.225461E+04     0.223148E+04     0.223587E+04     0.224677E+04     0.225169E+04     0.225029E+04     0.222149E+04     0.221999E+04     0.221774E+04     0.221634E+04     0.222522E+04     0.222025E+04     0.221352E+04     0.203793E+04     0.200000E+04     0.206165E+04     0.207858E+04     0.209547E+04     0.209304E+04     0.209195E+04     0.205536E+04     0.205412E+04     0.203045E+04     0.202920E+04     0.204242E+04     0.204602E+04     0.201805E+04     0.204049E+04     0.206232E+04     0.207341E+04     0.207225E+04     0.204977E+04     0.204412E+04     0.203330E+04     0.200643E+04     0.200505E+04     0.203030E+04     0.201650E+04     0.202117E+04     0.201976E+04     0.201727E+04     0.201836E+04     0.200000E+04     0.200000E+04     0.200000E+04     0.200000E+04     0.201364E+04     0.201922E+04     0.200698E+04     0.200311E+04     0.200000E+04     0.200000E+04     0.202431E+04     0.202311E+04     0.202201E+04     0.201239E+04     0.200000E+04     0.200000E+04     0.200000E+04     0.200000E+04     0.200000E+04     0.200000E+04     0.200000E+04     0.200000E+04     0.200000E+04     0.200000E+04     0.200000E+04     0.200000E+04     0.200000E+04     0.200000E+04     0.200000E+04     0.200000E+04     0.200000E+04     0.200000E+04     0.200000E+04     0.200000E+04     0.100000E+21
 0.254000E+04     0.246600E+04     0.247578E+04     0.241894E+04     0.238200E+04     0.214000E+04     0.214000E+04     0.214000E+04     0.214000E+04     0.214000E+04     0.216683E+04     0.222200E+04     0.220800E+04     0.220800E+04     0.222200E+04     0.222200E+04     0.251700E+04     0.230306E+04     0.230147E+04     0.229878E+04     0.236132E+04     0.235187E+04     0.234090E+04     0.232602E+04     0.231706E+04     0.231504E+04     0.234282E+04     0.235383E+04     0.234208E+04     0.232848E+04     0.232093E+04     0.231379E+04     0.231171E+04     0.221886E+04     0.230499E+04     0.222669E+04     0.222497E+04     0.227710E+04     0.228881E+04     0.255027E+04     0.254501E+04     0.255807E+04     0.252834E+04     0.252378E+04     0.225791E+04     0.225657E+04     0.225361E+04     0.225145E+04     0.225010E+04     0.224711E+04     0.225425E+04     0.224000E+04     0.223587E+04     0.224052E+04     0.225163E+04     0.225029E+04     0.222144E+04     0.221999E+04     0.221774E+04     0.221637E+04     0.222522E+04     0.222111E+04     0.221718E+04     0.209224E+04     0.203352E+04     0.206165E+04     0.206040E+04     0.209547E+04     0.209301E+04     0.209194E+04     0.205536E+04     0.205417E+04     0.203044E+04     0.202926E+04     0.203492E+04     0.204602E+04     0.203198E+04     0.203287E+04     0.203733E+04     0.207338E+04     0.207225E+04     0.204977E+04     0.205281E+04     0.206091E+04     0.200957E+04     0.200505E+04     0.201571E+04     0.201638E+04     0.201043E+04     0.201652E+04     0.201727E+04     0.201692E+04     0.201922E+04     0.200000E+04     0.200000E+04     0.200000E+04     0.200648E+04     0.201922E+04     0.201727E+04     0.200666E+04     0.200000E+04     0.200000E+04     0.201661E+04     0.202311E+04     0.202203E+04     0.201192E+04     0.200000E+04     0.200000E+04     0.200000E+04     0.200000E+04     0.200000E+04     0.200000E+04     0.200000E+04     0.200000E+04     0.200000E+04     0.200000E+04     0.200000E+04     0.200000E+04     0.200000E+04     0.200000E+04     0.200000E+04     0.200000E+04     0.200000E+04     0.200000E+04     0.200000E+04     0.200000E+04     0.100000E+21
 0.256000E+04     0.244800E+04     0.245937E+04     0.247556E+04     0.250000E+04     0.231402E+04     0.214000E+04     0.214000E+04     0.214000E+04     0.214000E+04     0.215733E+04     0.222200E+04     0.220800E+04     0.220800E+04     0.222200E+04     0.222200E+04     0.251700E+04     0.230321E+04     0.230147E+04     0.229878E+04     0.237083E+04     0.235187E+04     0.233930E+04     0.233395E+04     0.231706E+04     0.231483E+04     0.234074E+04     0.235383E+04     0.234365E+04     0.232848E+04     0.232093E+04     0.231407E+04     0.231171E+04     0.220510E+04     0.230499E+04     0.222669E+04     0.222482E+04     0.227710E+04     0.224365E+04     0.255831E+04     0.254404E+04     0.255807E+04     0.252834E+04     0.252302E+04     0.225791E+04     0.225640E+04     0.225361E+04     0.225145E+04     0.224993E+04     0.224711E+04     0.225553E+04     0.224605E+04     0.222641E+04     0.223086E+04     0.225184E+04     0.225029E+04     0.224067E+04     0.221999E+04     0.221774E+04     0.221623E+04     0.221322E+04     0.222253E+04     0.222074E+04     0.215004E+04     0.206642E+04     0.200000E+04     0.204775E+04     0.209547E+04     0.209313E+04     0.209195E+04     0.209018E+04     0.206322E+04     0.203044E+04     0.202907E+04     0.203411E+04     0.204602E+04     0.204480E+04     0.203208E+04     0.203733E+04     0.207352E+04     0.207225E+04     0.207043E+04     0.204734E+04     0.204602E+04     0.204703E+04     0.200505E+04     0.200306E+04     0.202483E+04     0.200000E+04     0.201561E+04     0.201727E+04     0.201459E+04     0.201335E+04     0.200000E+04     0.200000E+04     0.200000E+04     0.200000E+04     0.201922E+04     0.201727E+04     0.201593E+04     0.200000E+04     0.200000E+04     0.200767E+04     0.202311E+04     0.202196E+04     0.201366E+04     0.200000E+04     0.200000E+04     0.200000E+04     0.200000E+04     0.200000E+04     0.200000E+04     0.200000E+04     0.200000E+04     0.200000E+04     0.200000E+04     0.200000E+04     0.200000E+04     0.200000E+04     0.200000E+04     0.200000E+04     0.200000E+04     0.200000E+04     0.200000E+04     0.200000E+04     0.200000E+04     0.100000E+21
 0.258000E+04     0.244800E+04     0.245117E+04     0.246969E+04     0.247295E+04     0.237534E+04     0.214000E+04     0.214000E+04     0.214000E+04     0.214000E+04     0.215742E+04     0.222200E+04     0.220800E+04     0.220800E+04     0.222200E+04     0.222200E+04     0.251700E+04     0.230317E+04     0.230147E+04     0.229878E+04     0.236994E+04     0.235187E+04     0.233944E+04     0.233364E+04     0.231706E+04     0.231488E+04     0.234057E+04     0.235383E+04     0.234333E+04     0.232848E+04     0.232093E+04     0.231540E+04     0.231171E+04     0.220597E+04     0.230499E+04     0.222669E+04     0.222486E+04     0.227710E+04     0.224217E+04     0.255831E+04     0.253706E+04     0.253865E+04     0.254564E+04     0.252607E+04     0.245848E+04     0.230425E+04     0.225361E+04     0.225145E+04     0.224996E+04     0.224711E+04     0.224731E+04     0.224562E+04     0.222641E+04     0.223077E+04     0.225183E+04     0.225029E+04     0.224035E+04     0.221999E+04     0.221774E+04     0.221626E+04     0.221322E+04     0.222254E+04     0.222074E+04     0.214873E+04     0.206642E+04     0.200000E+04     0.204783E+04     0.206671E+04     0.209310E+04     0.209194E+04     0.209018E+04     0.206364E+04     0.203044E+04     0.202908E+04     0.202909E+04     0.202904E+04     0.204010E+04     0.201251E+04     0.203005E+04     0.205324E+04     0.207225E+04     0.207043E+04     0.204731E+04     0.204602E+04     0.204806E+04     0.201214E+04     0.200306E+04     0.201387E+04     0.201119E+04     0.200391E+04     0.201727E+04     0.201457E+04     0.201335E+04     0.202722E+04     0.200509E+04     0.200000E+04     0.200000E+04     0.201922E+04     0.201727E+04     0.201596E+04     0.200000E+04     0.200000E+04     0.200319E+04     0.200482E+04     0.201599E+04     0.201351E+04     0.200000E+04     0.200000E+04     0.200000E+04     0.200000E+04     0.200000E+04     0.200000E+04     0.200000E+04     0.200000E+04     0.200000E+04     0.200000E+04     0.200000E+04     0.200000E+04     0.200000E+04     0.200000E+04     0.200000E+04     0.200000E+04     0.200000E+04     0.200000E+04     0.200000E+04     0.200000E+04     0.100000E+21
 0.260000E+04     0.226800E+04     0.238244E+04     0.245216E+04     0.246600E+04     0.238071E+04     0.214000E+04     0.214000E+04     0.214000E+04     0.214000E+04     0.215182E+04     0.222200E+04     0.220800E+04     0.220800E+04     0.222200E+04     0.222200E+04     0.222200E+04     0.244316E+04     0.230147E+04     0.229878E+04     0.237398E+04     0.235187E+04     0.233881E+04     0.233400E+04     0.231706E+04     0.231480E+04     0.233919E+04     0.235383E+04     0.234389E+04     0.232848E+04     0.232093E+04     0.231598E+04     0.231171E+04     0.217366E+04     0.217111E+04     0.222669E+04     0.222481E+04     0.227710E+04     0.226515E+04     0.216761E+04     0.253265E+04     0.252846E+04     0.255145E+04     0.252657E+04     0.251461E+04     0.232926E+04     0.225361E+04     0.225145E+04     0.224990E+04     0.224711E+04     0.224540E+04     0.224622E+04     0.222641E+04     0.223088E+04     0.225192E+04     0.225029E+04     0.224138E+04     0.221999E+04     0.221774E+04     0.221621E+04     0.221322E+04     0.222272E+04     0.222074E+04     0.221448E+04     0.220897E+04     0.206459E+04     0.206037E+04     0.205796E+04     0.209314E+04     0.209195E+04     0.209018E+04     0.206230E+04     0.205164E+04     0.203424E+04     0.202585E+04     0.202466E+04     0.203743E+04     0.203926E+04     0.202814E+04     0.204584E+04     0.207225E+04     0.207043E+04     0.204737E+04     0.204602E+04     0.205153E+04     0.201453E+04     0.200306E+04     0.200966E+04     0.203656E+04     0.200292E+04     0.201727E+04     0.201460E+04     0.201335E+04     0.203618E+04     0.203465E+04     0.200000E+04     0.200000E+04     0.200000E+04     0.201727E+04     0.201591E+04     0.200000E+04     0.200000E+04     0.200000E+04     0.200000E+04     0.201263E+04     0.201420E+04     0.200000E+04     0.200000E+04     0.200000E+04     0.200000E+04     0.200000E+04     0.200000E+04     0.200000E+04     0.200000E+04     0.200000E+04     0.200000E+04     0.200000E+04     0.200000E+04     0.200000E+04     0.200000E+04     0.200000E+04     0.200000E+04     0.200000E+04     0.200000E+04     0.200000E+04     0.200000E+04     0.100000E+21
 0.262000E+04     0.226800E+04     0.237836E+04     0.245348E+04     0.246600E+04     0.236589E+04     0.214000E+04     0.214000E+04     0.214000E+04     0.214000E+04     0.215957E+04     0.222200E+04     0.220800E+04     0.220800E+04     0.222200E+04     0.222200E+04     0.222200E+04     0.243739E+04     0.230147E+04     0.229878E+04     0.236821E+04     0.235187E+04     0.233973E+04     0.233355E+04     0.231706E+04     0.231490E+04     0.234114E+04     0.235383E+04     0.234312E+04     0.232848E+04     0.232093E+04     0.231571E+04     0.231171E+04     0.217344E+04     0.217111E+04     0.222669E+04     0.222488E+04     0.227710E+04     0.225079E+04     0.216761E+04     0.253252E+04     0.252846E+04     0.255145E+04     0.252899E+04     0.251461E+04     0.233964E+04     0.225361E+04     0.225145E+04     0.224998E+04     0.224711E+04     0.224559E+04     0.224542E+04     0.222641E+04     0.223074E+04     0.225179E+04     0.225029E+04     0.223992E+04     0.221999E+04     0.221774E+04     0.221628E+04     0.221322E+04     0.222247E+04     0.222074E+04     0.221436E+04     0.220898E+04     0.206459E+04     0.206090E+04     0.205796E+04     0.209309E+04     0.209195E+04     0.209018E+04     0.206421E+04     0.205164E+04     0.203566E+04     0.202582E+04     0.202466E+04     0.203692E+04     0.203801E+04     0.202814E+04     0.204730E+04     0.207225E+04     0.207043E+04     0.204729E+04     0.204602E+04     0.204792E+04     0.201453E+04     0.200306E+04     0.200945E+04     0.203656E+04     0.200787E+04     0.201727E+04     0.201456E+04     0.201335E+04     0.203618E+04     0.203478E+04     0.200000E+04     0.200000E+04     0.200000E+04     0.201727E+04     0.201598E+04     0.200000E+04     0.200000E+04     0.200000E+04     0.200000E+04     0.201229E+04     0.201319E+04     0.200000E+04     0.200000E+04     0.200000E+04     0.200000E+04     0.200000E+04     0.200000E+04     0.200000E+04     0.200000E+04     0.200000E+04     0.200000E+04     0.200000E+04     0.200000E+04     0.200000E+04     0.200000E+04     0.200000E+04     0.200000E+04     0.200000E+04     0.200000E+04     0.200000E+04     0.200000E+04     0.100000E+21
 0.264000E+04     0.231134E+04     0.228799E+04     0.230442E+04     0.237365E+04     0.234446E+04     0.214000E+04     0.214000E+04     0.214000E+04     0.214000E+04     0.216597E+04     0.222200E+04     0.220800E+04     0.220800E+04     0.222200E+04     0.222200E+04     0.222200E+04     0.243069E+04     0.230147E+04     0.229878E+04     0.229700E+04     0.236832E+04     0.235674E+04     0.232486E+04     0.231706E+04     0.231502E+04     0.234263E+04     0.235383E+04     0.234222E+04     0.232848E+04     0.232516E+04     0.231541E+04     0.231171E+04     0.217323E+04     0.217111E+04     0.230160E+04     0.225583E+04     0.225381E+04     0.224180E+04     0.216761E+04     0.254184E+04     0.252846E+04     0.253910E+04     0.253284E+04     0.251460E+04     0.241654E+04     0.225361E+04     0.225145E+04     0.225008E+04     0.224711E+04     0.224576E+04     0.225576E+04     0.225447E+04     0.223705E+04     0.223848E+04     0.225029E+04     0.224737E+04     0.224595E+04     0.221774E+04     0.221636E+04     0.221322E+04     0.221904E+04     0.222074E+04     0.221571E+04     0.221219E+04     0.212345E+04     0.208307E+04     0.205796E+04     0.208346E+04     0.209195E+04     0.209018E+04     0.207545E+04     0.205164E+04     0.205047E+04     0.202577E+04     0.202466E+04     0.203093E+04     0.203904E+04     0.203320E+04     0.204232E+04     0.205628E+04     0.207043E+04     0.206024E+04     0.204602E+04     0.204721E+04     0.203220E+04     0.200729E+04     0.200376E+04     0.202630E+04     0.201649E+04     0.201013E+04     0.201450E+04     0.201335E+04     0.201138E+04     0.202669E+04     0.201333E+04     0.200558E+04     0.200000E+04     0.201015E+04     0.201301E+04     0.201335E+04     0.200508E+04     0.200000E+04     0.200000E+04     0.200000E+04     0.201208E+04     0.200000E+04     0.200000E+04     0.200000E+04     0.200000E+04     0.200000E+04     0.200000E+04     0.200000E+04     0.200000E+04     0.200000E+04     0.200000E+04     0.200000E+04     0.200000E+04     0.200000E+04     0.200000E+04     0.200000E+04     0.200000E+04     0.200000E+04     0.200000E+04     0.200000E+04     0.200000E+04     0.100000E+21
 0.266000E+04     0.237300E+04     0.237300E+04     0.226800E+04     0.226800E+04     0.223436E+04     0.214000E+04     0.214000E+04     0.214000E+04     0.214000E+04     0.215232E+04     0.222200E+04     0.220800E+04     0.220800E+04     0.225700E+04     0.222576E+04     0.222200E+04     0.244311E+04     0.230147E+04     0.229878E+04     0.229667E+04     0.239179E+04     0.236002E+04     0.232532E+04     0.231706E+04     0.231480E+04     0.233934E+04     0.235383E+04     0.234388E+04     0.232848E+04     0.232516E+04     0.231667E+04     0.231423E+04     0.228134E+04     0.217111E+04     0.216794E+04     0.220350E+04     0.222077E+04     0.226361E+04     0.216761E+04     0.254281E+04     0.252846E+04     0.252162E+04     0.254076E+04     0.251461E+04     0.250964E+04     0.225361E+04     0.225145E+04     0.224990E+04     0.224711E+04     0.224541E+04     0.224679E+04     0.225447E+04     0.223581E+04     0.223616E+04     0.225029E+04     0.224760E+04     0.224595E+04     0.221774E+04     0.221621E+04     0.221322E+04     0.221220E+04     0.222074E+04     0.221754E+04     0.221624E+04     0.220669E+04     0.208109E+04     0.205796E+04     0.206767E+04     0.209194E+04     0.209018E+04     0.208883E+04     0.205164E+04     0.205024E+04     0.203898E+04     0.202466E+04     0.202339E+04     0.204184E+04     0.204036E+04     0.202828E+04     0.203351E+04     0.207043E+04     0.206809E+04     0.206678E+04     0.204641E+04     0.205722E+04     0.201256E+04     0.200546E+04     0.200000E+04     0.203139E+04     0.200000E+04     0.201460E+04     0.201335E+04     0.201138E+04     0.202977E+04     0.203236E+04     0.200889E+04     0.200000E+04     0.200000E+04     0.201065E+04     0.201335E+04     0.201177E+04     0.200000E+04     0.200000E+04     0.200000E+04     0.200000E+04     0.200000E+04     0.200000E+04     0.200000E+04     0.200000E+04     0.200000E+04     0.200000E+04     0.200000E+04     0.200000E+04     0.200000E+04     0.200000E+04     0.200000E+04     0.200000E+04     0.200000E+04     0.200000E+04     0.200000E+04     0.200000E+04     0.200000E+04     0.200000E+04     0.200000E+04     0.200000E+04     0.100000E+21
 0.268000E+04     0.242440E+04     0.239034E+04     0.233803E+04     0.233990E+04     0.222540E+04     0.214000E+04     0.214000E+04     0.214000E+04     0.214000E+04     0.216295E+04     0.222200E+04     0.220800E+04     0.220800E+04     0.225700E+04     0.223130E+04     0.222200E+04     0.248175E+04     0.243274E+04     0.229878E+04     0.229691E+04     0.239179E+04     0.236346E+04     0.232498E+04     0.231706E+04     0.231496E+04     0.233764E+04     0.233931E+04     0.236714E+04     0.241060E+04     0.232516E+04     0.231643E+04     0.231423E+04     0.226739E+04     0.217111E+04     0.216794E+04     0.220150E+04     0.222077E+04     0.226054E+04     0.223673E+04     0.239904E+04     0.253857E+04     0.252162E+04     0.253810E+04     0.253064E+04     0.251469E+04     0.225361E+04     0.225145E+04     0.225003E+04     0.224711E+04     0.224568E+04     0.224727E+04     0.225447E+04     0.224736E+04     0.222932E+04     0.223585E+04     0.224743E+04     0.224595E+04     0.223360E+04     0.222184E+04     0.221322E+04     0.221181E+04     0.221262E+04     0.221750E+04     0.221624E+04     0.220669E+04     0.210194E+04     0.201857E+04     0.206141E+04     0.206897E+04     0.209018E+04     0.208897E+04     0.205164E+04     0.205041E+04     0.204343E+04     0.203931E+04     0.202821E+04     0.204161E+04     0.204036E+04     0.202873E+04     0.203351E+04     0.207043E+04     0.206797E+04     0.206678E+04     0.204792E+04     0.205722E+04     0.201256E+04     0.200943E+04     0.200000E+04     0.201220E+04     0.200743E+04     0.201453E+04     0.201335E+04     0.201138E+04     0.201503E+04     0.203236E+04     0.202495E+04     0.200000E+04     0.200000E+04     0.200982E+04     0.201335E+04     0.201205E+04     0.200000E+04     0.200000E+04     0.200000E+04     0.200000E+04     0.200000E+04     0.200000E+04     0.200000E+04     0.200000E+04     0.200000E+04     0.200000E+04     0.200000E+04     0.200000E+04     0.200000E+04     0.200000E+04     0.200000E+04     0.200000E+04     0.200000E+04     0.200000E+04     0.200000E+04     0.200000E+04     0.200000E+04     0.200000E+04     0.200000E+04     0.200000E+04     0.100000E+21
 0.270000E+04     0.244800E+04     0.244800E+04     0.237300E+04     0.237300E+04     0.223347E+04     0.214000E+04     0.214000E+04     0.214000E+04     0.214000E+04     0.215302E+04     0.222200E+04     0.220800E+04     0.220800E+04     0.225700E+04     0.222618E+04     0.222200E+04     0.232492E+04     0.251700E+04     0.229878E+04     0.229669E+04     0.229337E+04     0.233377E+04     0.233553E+04     0.234223E+04     0.232316E+04     0.231493E+04     0.233249E+04     0.234961E+04     0.234739E+04     0.232516E+04     0.231664E+04     0.231423E+04     0.228035E+04     0.217111E+04     0.216794E+04     0.225024E+04     0.222077E+04     0.222346E+04     0.227009E+04     0.231182E+04     0.254503E+04     0.252162E+04     0.251598E+04     0.253807E+04     0.251653E+04     0.250066E+04     0.225145E+04     0.224991E+04     0.224711E+04     0.224542E+04     0.224686E+04     0.225447E+04     0.225315E+04     0.222381E+04     0.222923E+04     0.224759E+04     0.224595E+04     0.224377E+04     0.222480E+04     0.221322E+04     0.221063E+04     0.220867E+04     0.221753E+04     0.221624E+04     0.221397E+04     0.220572E+04     0.206091E+04     0.205549E+04     0.205425E+04     0.209018E+04     0.208884E+04     0.205164E+04     0.205025E+04     0.204717E+04     0.204602E+04     0.203089E+04     0.202517E+04     0.204036E+04     0.203434E+04     0.202428E+04     0.203160E+04     0.206807E+04     0.206678E+04     0.204380E+04     0.204225E+04     0.205536E+04     0.202793E+04     0.200000E+04     0.200874E+04     0.203274E+04     0.200492E+04     0.201335E+04     0.201138E+04     0.200981E+04     0.203236E+04     0.203098E+04     0.200000E+04     0.200000E+04     0.200000E+04     0.201335E+04     0.201179E+04     0.200000E+04     0.200000E+04     0.200000E+04     0.200000E+04     0.200000E+04     0.200000E+04     0.200000E+04     0.200000E+04     0.200000E+04     0.200000E+04     0.200000E+04     0.200000E+04     0.200000E+04     0.200000E+04     0.200000E+04     0.200000E+04     0.200000E+04     0.200000E+04     0.200000E+04     0.200000E+04     0.200000E+04     0.200000E+04     0.200000E+04     0.200000E+04     0.100000E+21
 0.272000E+04     0.256622E+04     0.247759E+04     0.241871E+04     0.237300E+04     0.229041E+04     0.214000E+04     0.214000E+04     0.214000E+04     0.214000E+04     0.215302E+04     0.222200E+04     0.221656E+04     0.221129E+04     0.225700E+04     0.222618E+04     0.222200E+04     0.232492E+04     0.251700E+04     0.229878E+04     0.229669E+04     0.229337E+04     0.235610E+04     0.234111E+04     0.234223E+04     0.232316E+04     0.231493E+04     0.233249E+04     0.234961E+04     0.234739E+04     0.232516E+04     0.231892E+04     0.231423E+04     0.233264E+04     0.226719E+04     0.216794E+04     0.225024E+04     0.222077E+04     0.222346E+04     0.227009E+04     0.231182E+04     0.254503E+04     0.252162E+04     0.251598E+04     0.253807E+04     0.251653E+04     0.250066E+04     0.225145E+04     0.224991E+04     0.224711E+04     0.224542E+04     0.224409E+04     0.224282E+04     0.225004E+04     0.222381E+04     0.222923E+04     0.223551E+04     0.224595E+04     0.224377E+04     0.222480E+04     0.221322E+04     0.221063E+04     0.220867E+04     0.221753E+04     0.221624E+04     0.221397E+04     0.220572E+04     0.206091E+04     0.202929E+04     0.205425E+04     0.209018E+04     0.208884E+04     0.208109E+04     0.205535E+04     0.204717E+04     0.204602E+04     0.204037E+04     0.202517E+04     0.204036E+04     0.203434E+04     0.202428E+04     0.203160E+04     0.206807E+04     0.206678E+04     0.205782E+04     0.204225E+04     0.205536E+04     0.202793E+04     0.200000E+04     0.200094E+04     0.203274E+04     0.200873E+04     0.201335E+04     0.201138E+04     0.200981E+04     0.203236E+04     0.203098E+04     0.200000E+04     0.200000E+04     0.200000E+04     0.201335E+04     0.201179E+04     0.200000E+04     0.200000E+04     0.200000E+04     0.200000E+04     0.200000E+04     0.200000E+04     0.200000E+04     0.200000E+04     0.200000E+04     0.200000E+04     0.200000E+04     0.200000E+04     0.200000E+04     0.200000E+04     0.200000E+04     0.200000E+04     0.200000E+04     0.200000E+04     0.200000E+04     0.200000E+04     0.200000E+04     0.200000E+04     0.200000E+04     0.200000E+04     0.100000E+21
 0.274000E+04     0.258800E+04     0.253313E+04     0.243318E+04     0.239664E+04     0.232935E+04     0.221438E+04     0.214000E+04     0.214000E+04     0.214000E+04     0.216295E+04     0.222200E+04     0.222200E+04     0.221398E+04     0.224100E+04     0.223237E+04     0.222200E+04     0.228719E+04     0.240168E+04     0.236929E+04     0.232676E+04     0.229337E+04     0.235603E+04     0.234149E+04     0.233764E+04     0.232200E+04     0.231793E+04     0.233249E+04     0.234946E+04     0.234739E+04     0.232516E+04     0.231921E+04     0.231423E+04     0.234841E+04     0.230499E+04     0.216794E+04     0.221848E+04     0.224477E+04     0.223143E+04     0.227009E+04     0.234267E+04     0.254503E+04     0.252162E+04     0.251672E+04     0.253807E+04     0.252310E+04     0.250066E+04     0.232829E+04     0.228637E+04     0.224711E+04     0.224568E+04     0.224191E+04     0.224056E+04     0.224745E+04     0.222852E+04     0.222623E+04     0.223308E+04     0.224595E+04     0.224377E+04     0.223142E+04     0.221322E+04     0.221033E+04     0.220867E+04     0.221501E+04     0.221624E+04     0.221397E+04     0.220846E+04     0.210615E+04     0.202382E+04     0.203306E+04     0.207804E+04     0.208364E+04     0.208662E+04     0.206236E+04     0.204712E+04     0.204602E+04     0.204487E+04     0.202440E+04     0.203354E+04     0.203356E+04     0.202428E+04     0.203160E+04     0.205993E+04     0.206678E+04     0.205840E+04     0.204225E+04     0.205536E+04     0.203798E+04     0.200281E+04     0.200102E+04     0.202467E+04     0.200850E+04     0.200814E+04     0.201138E+04     0.201000E+04     0.202450E+04     0.202741E+04     0.201102E+04     0.200000E+04     0.200000E+04     0.200908E+04     0.201017E+04     0.200196E+04     0.200000E+04     0.200000E+04     0.200000E+04     0.200000E+04     0.200000E+04     0.200000E+04     0.200000E+04     0.200000E+04     0.200000E+04     0.200000E+04     0.200000E+04     0.200000E+04     0.200000E+04     0.200000E+04     0.200000E+04     0.200000E+04     0.200000E+04     0.200000E+04     0.200000E+04     0.200000E+04     0.200000E+04     0.200000E+04     0.200000E+04     0.100000E+21
 0.276000E+04     0.260227E+04     0.259140E+04     0.253045E+04     0.244800E+04     0.241186E+04     0.237300E+04     0.214000E+04     0.214000E+04     0.214000E+04     0.215351E+04     0.223199E+04     0.222200E+04     0.221875E+04     0.220800E+04     0.225174E+04     0.224639E+04     0.222200E+04     0.222200E+04     0.251700E+04     0.234455E+04     0.229337E+04     0.231130E+04     0.233827E+04     0.232764E+04     0.231824E+04     0.231476E+04     0.233249E+04     0.234963E+04     0.234739E+04     0.228538E+04     0.231975E+04     0.231423E+04     0.232015E+04     0.230499E+04     0.224502E+04     0.219248E+04     0.229480E+04     0.221999E+04     0.223286E+04     0.229214E+04     0.232312E+04     0.253282E+04     0.251746E+04     0.251502E+04     0.252857E+04     0.250066E+04     0.249361E+04     0.231860E+04     0.224711E+04     0.224541E+04     0.224200E+04     0.224056E+04     0.224247E+04     0.224253E+04     0.221969E+04     0.223158E+04     0.224595E+04     0.224377E+04     0.224229E+04     0.221322E+04     0.221066E+04     0.220867E+04     0.221054E+04     0.221624E+04     0.221397E+04     0.221199E+04     0.220211E+04     0.204000E+04     0.200000E+04     0.205239E+04     0.207971E+04     0.208662E+04     0.207861E+04     0.204718E+04     0.204602E+04     0.204479E+04     0.203372E+04     0.201883E+04     0.203632E+04     0.203350E+04     0.202622E+04     0.204024E+04     0.206678E+04     0.206293E+04     0.205624E+04     0.204669E+04     0.205105E+04     0.200862E+04     0.200081E+04     0.200248E+04     0.201592E+04     0.200405E+04     0.201138E+04     0.200980E+04     0.200743E+04     0.202412E+04     0.202852E+04     0.200000E+04     0.200000E+04     0.200000E+04     0.200912E+04     0.200636E+04     0.200000E+04     0.200000E+04     0.200000E+04     0.200000E+04     0.200000E+04     0.200000E+04     0.200000E+04     0.200000E+04     0.200000E+04     0.200000E+04     0.200000E+04     0.200000E+04     0.200000E+04     0.200000E+04     0.200000E+04     0.200000E+04     0.200000E+04     0.200000E+04     0.200000E+04     0.200000E+04     0.200000E+04     0.200000E+04     0.200000E+04     0.100000E+21
 0.278000E+04     0.260500E+04     0.260077E+04     0.256386E+04     0.253017E+04     0.246930E+04     0.241706E+04     0.214000E+04     0.214000E+04     0.214000E+04     0.217073E+04     0.223700E+04     0.222200E+04     0.222200E+04     0.220800E+04     0.222128E+04     0.225700E+04     0.222200E+04     0.222200E+04     0.251700E+04     0.237117E+04     0.229337E+04     0.229167E+04     0.235055E+04     0.232764E+04     0.231915E+04     0.231878E+04     0.233249E+04     0.234939E+04     0.234739E+04     0.225700E+04     0.231986E+04     0.231674E+04     0.231918E+04     0.233942E+04     0.230160E+04     0.226638E+04     0.221666E+04     0.221690E+04     0.221481E+04     0.222187E+04     0.216117E+04     0.253831E+04     0.252237E+04     0.250779E+04     0.252259E+04     0.251390E+04     0.249361E+04     0.242775E+04     0.224711E+04     0.224576E+04     0.224187E+04     0.224056E+04     0.223930E+04     0.224447E+04     0.223631E+04     0.222598E+04     0.223352E+04     0.224377E+04     0.224244E+04     0.222859E+04     0.221024E+04     0.220867E+04     0.221081E+04     0.221624E+04     0.221397E+04     0.221241E+04     0.220641E+04     0.209818E+04     0.203174E+04     0.202163E+04     0.205143E+04     0.208662E+04     0.208551E+04     0.204710E+04     0.204602E+04     0.204490E+04     0.203342E+04     0.201883E+04     0.202972E+04     0.203656E+04     0.202234E+04     0.203571E+04     0.204384E+04     0.206436E+04     0.206312E+04     0.204036E+04     0.204793E+04     0.203383E+04     0.201217E+04     0.200000E+04     0.201255E+04     0.200703E+04     0.200471E+04     0.200807E+04     0.200743E+04     0.202191E+04     0.202852E+04     0.200000E+04     0.200000E+04     0.200000E+04     0.200705E+04     0.200574E+04     0.200000E+04     0.200000E+04     0.200000E+04     0.200000E+04     0.200000E+04     0.200000E+04     0.200000E+04     0.200000E+04     0.200000E+04     0.200000E+04     0.200000E+04     0.200000E+04     0.200000E+04     0.200000E+04     0.200000E+04     0.200000E+04     0.200000E+04     0.200000E+04     0.200000E+04     0.200000E+04     0.200000E+04     0.200000E+04     0.200000E+04     0.100000E+21
 0.280000E+04     0.243000E+04     0.253729E+04     0.259982E+04     0.258800E+04     0.257234E+04     0.253700E+04     0.214000E+04     0.214000E+04     0.214000E+04     0.216316E+04     0.223700E+04     0.223700E+04     0.222827E+04     0.222200E+04     0.221109E+04     0.220800E+04     0.224407E+04     0.222200E+04     0.222200E+04     0.243524E+04     0.229337E+04     0.229151E+04     0.236746E+04     0.234223E+04     0.234015E+04     0.231696E+04     0.233249E+04     0.234952E+04     0.234739E+04     0.225700E+04     0.232077E+04     0.231849E+04     0.232477E+04     0.236371E+04     0.230160E+04     0.229952E+04     0.216155E+04     0.227489E+04     0.221481E+04     0.226514E+04     0.226301E+04     0.215793E+04     0.243803E+04     0.250779E+04     0.250306E+04     0.252448E+04     0.249361E+04     0.248880E+04     0.224711E+04     0.224559E+04     0.224194E+04     0.224056E+04     0.223925E+04     0.223982E+04     0.224798E+04     0.221958E+04     0.222477E+04     0.224377E+04     0.224236E+04     0.223939E+04     0.221043E+04     0.220867E+04     0.220539E+04     0.220410E+04     0.221397E+04     0.221222E+04     0.220943E+04     0.214944E+04     0.205722E+04     0.200000E+04     0.203578E+04     0.208662E+04     0.208539E+04     0.204714E+04     0.204602E+04     0.204484E+04     0.203521E+04     0.201883E+04     0.202323E+04     0.203656E+04     0.203466E+04     0.202278E+04     0.202775E+04     0.206449E+04     0.206312E+04     0.204036E+04     0.203923E+04     0.205164E+04     0.201632E+04     0.200000E+04     0.201115E+04     0.202891E+04     0.200505E+04     0.200826E+04     0.200743E+04     0.200608E+04     0.202852E+04     0.200000E+04     0.200000E+04     0.200000E+04     0.200000E+04     0.200871E+04     0.200743E+04     0.200312E+04     0.200000E+04     0.200000E+04     0.200000E+04     0.200000E+04     0.200000E+04     0.200000E+04     0.200000E+04     0.200000E+04     0.200000E+04     0.200000E+04     0.200000E+04     0.200000E+04     0.200000E+04     0.200000E+04     0.200000E+04     0.200000E+04     0.200000E+04     0.200000E+04     0.200000E+04     0.200000E+04     0.200000E+04     0.100000E+21
 0.282000E+04     0.243000E+04     0.247054E+04     0.260324E+04     0.260269E+04     0.259075E+04     0.257451E+04     0.214000E+04     0.214000E+04     0.214000E+04     0.215398E+04     0.223700E+04     0.223700E+04     0.223356E+04     0.222200E+04     0.222058E+04     0.220800E+04     0.224501E+04     0.222200E+04     0.222200E+04     0.245294E+04     0.229337E+04     0.229137E+04     0.233227E+04     0.234223E+04     0.233350E+04     0.231187E+04     0.231176E+04     0.233957E+04     0.234739E+04     0.236946E+04     0.228740E+04     0.231849E+04     0.231529E+04     0.232517E+04     0.230160E+04     0.229944E+04     0.225349E+04     0.217437E+04     0.221481E+04     0.224404E+04     0.226301E+04     0.215793E+04     0.246830E+04     0.250779E+04     0.250278E+04     0.252448E+04     0.251188E+04     0.249218E+04     0.244314E+04     0.227275E+04     0.224200E+04     0.224056E+04     0.223921E+04     0.223909E+04     0.224798E+04     0.223494E+04     0.222478E+04     0.223146E+04     0.223856E+04     0.223939E+04     0.223059E+04     0.220867E+04     0.220542E+04     0.220410E+04     0.221397E+04     0.221197E+04     0.220943E+04     0.218177E+04     0.213858E+04     0.203955E+04     0.201748E+04     0.205392E+04     0.208012E+04     0.206071E+04     0.204602E+04     0.204479E+04     0.203982E+04     0.203700E+04     0.201914E+04     0.202008E+04     0.203466E+04     0.201236E+04     0.202775E+04     0.203852E+04     0.206312E+04     0.205253E+04     0.204362E+04     0.204139E+04     0.200960E+04     0.200321E+04     0.200548E+04     0.201437E+04     0.200505E+04     0.200267E+04     0.200743E+04     0.200599E+04     0.202852E+04     0.200000E+04     0.200000E+04     0.200000E+04     0.200000E+04     0.200877E+04     0.200743E+04     0.200300E+04     0.200000E+04     0.200000E+04     0.200000E+04     0.200000E+04     0.200000E+04     0.200000E+04     0.200000E+04     0.200000E+04     0.200000E+04     0.200000E+04     0.200000E+04     0.200000E+04     0.200000E+04     0.200000E+04     0.200000E+04     0.200000E+04     0.200000E+04     0.200000E+04     0.200000E+04     0.200000E+04     0.200000E+04     0.100000E+21
 0.284000E+04     0.243000E+04     0.243000E+04     0.247913E+04     0.260500E+04     0.260500E+04     0.260500E+04     0.214000E+04     0.214000E+04     0.214000E+04     0.216060E+04     0.223700E+04     0.223700E+04     0.223700E+04     0.223700E+04     0.222486E+04     0.220800E+04     0.222578E+04     0.225700E+04     0.222200E+04     0.222200E+04     0.251700E+04     0.235790E+04     0.232732E+04     0.238260E+04     0.235412E+04     0.230948E+04     0.230701E+04     0.233520E+04     0.234739E+04     0.244849E+04     0.227576E+04     0.231849E+04     0.231328E+04     0.230747E+04     0.236053E+04     0.232190E+04     0.229480E+04     0.218221E+04     0.228793E+04     0.223216E+04     0.226301E+04     0.225945E+04     0.217843E+04     0.252473E+04     0.250828E+04     0.249374E+04     0.251761E+04     0.249619E+04     0.247934E+04     0.230894E+04     0.224195E+04     0.224056E+04     0.223924E+04     0.223553E+04     0.223396E+04     0.223734E+04     0.221518E+04     0.222254E+04     0.223501E+04     0.223939E+04     0.223149E+04     0.220867E+04     0.220540E+04     0.220410E+04     0.220180E+04     0.220972E+04     0.220943E+04     0.220382E+04     0.219749E+04     0.205536E+04     0.201530E+04     0.204865E+04     0.207439E+04     0.206828E+04     0.204602E+04     0.204483E+04     0.204174E+04     0.204036E+04     0.201627E+04     0.201492E+04     0.203466E+04     0.200577E+04     0.201844E+04     0.203428E+04     0.206312E+04     0.206128E+04     0.204753E+04     0.203656E+04     0.204734E+04     0.200465E+04     0.200000E+04     0.200000E+04     0.202698E+04     0.200886E+04     0.200743E+04     0.200605E+04     0.200345E+04     0.202660E+04     0.200875E+04     0.200000E+04     0.200000E+04     0.200872E+04     0.200743E+04     0.200627E+04     0.200000E+04     0.200000E+04     0.200000E+04     0.200000E+04     0.200000E+04     0.200000E+04     0.200000E+04     0.200000E+04     0.200000E+04     0.200000E+04     0.200000E+04     0.200000E+04     0.200000E+04     0.200000E+04     0.200000E+04     0.200000E+04     0.200000E+04     0.200000E+04     0.200000E+04     0.200000E+04     0.200000E+04     0.100000E+21
 0.286000E+04     0.241568E+04     0.242559E+04     0.245353E+04     0.249603E+04     0.260500E+04     0.260500E+04     0.214000E+04     0.214000E+04     0.214000E+04     0.216050E+04     0.223700E+04     0.223700E+04     0.223700E+04     0.223700E+04     0.223284E+04     0.221625E+04     0.221620E+04     0.223083E+04     0.222200E+04     0.222200E+04     0.251700E+04     0.235616E+04     0.232630E+04     0.238260E+04     0.235347E+04     0.232126E+04     0.230701E+04     0.233493E+04     0.234739E+04     0.239237E+04     0.227508E+04     0.231849E+04     0.231333E+04     0.230747E+04     0.236053E+04     0.232105E+04     0.229480E+04     0.224114E+04     0.221076E+04     0.224546E+04     0.223401E+04     0.225945E+04     0.217803E+04     0.252473E+04     0.250795E+04     0.249374E+04     0.251761E+04     0.250574E+04     0.247934E+04     0.241420E+04     0.224199E+04     0.224056E+04     0.223922E+04     0.223554E+04     0.223396E+04     0.224157E+04     0.223205E+04     0.221740E+04     0.222547E+04     0.223939E+04     0.223416E+04     0.222388E+04     0.220542E+04     0.220410E+04     0.220180E+04     0.220971E+04     0.220943E+04     0.220522E+04     0.220143E+04     0.213828E+04     0.205754E+04     0.201838E+04     0.205057E+04     0.207586E+04     0.206792E+04     0.205121E+04     0.204173E+04     0.204036E+04     0.202521E+04     0.201492E+04     0.203466E+04     0.201616E+04     0.200722E+04     0.202505E+04     0.204037E+04     0.206128E+04     0.205442E+04     0.203656E+04     0.203920E+04     0.202994E+04     0.200094E+04     0.200000E+04     0.201233E+04     0.200566E+04     0.200286E+04     0.200490E+04     0.200345E+04     0.202659E+04     0.200836E+04     0.200000E+04     0.200000E+04     0.200515E+04     0.200743E+04     0.200625E+04     0.200149E+04     0.200000E+04     0.200000E+04     0.200000E+04     0.200000E+04     0.200000E+04     0.200000E+04     0.200000E+04     0.200000E+04     0.200000E+04     0.200000E+04     0.200000E+04     0.200000E+04     0.200000E+04     0.200000E+04     0.200000E+04     0.200000E+04     0.200000E+04     0.200000E+04     0.200000E+04     0.200000E+04     0.100000E+21
 0.288000E+04     0.240700E+04     0.241379E+04     0.243000E+04     0.243000E+04     0.255041E+04     0.260500E+04     0.214000E+04     0.214000E+04     0.214000E+04     0.217174E+04     0.223700E+04     0.223700E+04     0.223700E+04     0.223700E+04     0.223700E+04     0.222200E+04     0.221211E+04     0.220800E+04     0.223925E+04     0.222808E+04     0.237164E+04     0.232096E+04     0.230832E+04     0.233461E+04     0.233710E+04     0.232452E+04     0.230701E+04     0.233622E+04     0.234739E+04     0.234414E+04     0.232728E+04     0.228819E+04     0.231252E+04     0.230747E+04     0.233256E+04     0.232952E+04     0.229480E+04     0.226957E+04     0.222057E+04     0.221463E+04     0.220880E+04     0.225945E+04     0.222277E+04     0.234079E+04     0.244501E+04     0.249374E+04     0.250235E+04     0.250751E+04     0.249135E+04     0.247960E+04     0.230690E+04     0.224056E+04     0.223931E+04     0.223533E+04     0.223396E+04     0.224058E+04     0.224363E+04     0.221292E+04     0.221738E+04     0.223939E+04     0.223649E+04     0.223499E+04     0.220535E+04     0.220410E+04     0.220180E+04     0.220445E+04     0.220943E+04     0.220625E+04     0.220486E+04     0.219518E+04     0.210412E+04     0.202545E+04     0.203871E+04     0.208229E+04     0.208126E+04     0.206957E+04     0.204152E+04     0.204036E+04     0.202962E+04     0.201492E+04     0.202391E+04     0.202039E+04     0.200000E+04     0.201896E+04     0.202389E+04     0.206128E+04     0.206022E+04     0.203656E+04     0.203525E+04     0.204043E+04     0.200155E+04     0.200000E+04     0.200094E+04     0.200945E+04     0.200052E+04     0.200358E+04     0.200345E+04     0.201421E+04     0.201290E+04     0.200000E+04     0.200000E+04     0.200294E+04     0.200743E+04     0.200632E+04     0.200214E+04     0.200000E+04     0.200000E+04     0.200000E+04     0.200000E+04     0.200000E+04     0.200000E+04     0.200000E+04     0.200000E+04     0.200000E+04     0.200000E+04     0.200000E+04     0.200000E+04     0.200000E+04     0.200000E+04     0.200000E+04     0.200000E+04     0.200000E+04     0.200000E+04     0.200000E+04     0.200000E+04     0.100000E+21
 0.290000E+04     0.240700E+04     0.240700E+04     0.242000E+04     0.243000E+04     0.245692E+04     0.249149E+04     0.214000E+04     0.214000E+04     0.214000E+04     0.216870E+04     0.223700E+04     0.223700E+04     0.223700E+04     0.223700E+04     0.223700E+04     0.223170E+04     0.221652E+04     0.220800E+04     0.222533E+04     0.224050E+04     0.222200E+04     0.236321E+04     0.228675E+04     0.228520E+04     0.233466E+04     0.232544E+04     0.230701E+04     0.233588E+04     0.234738E+04     0.234414E+04     0.238036E+04     0.225700E+04     0.231347E+04     0.231024E+04     0.230407E+04     0.233582E+04     0.229480E+04     0.229041E+04     0.228793E+04     0.219275E+04     0.225155E+04     0.222486E+04     0.224809E+04     0.221699E+04     0.225197E+04     0.250395E+04     0.248663E+04     0.250215E+04     0.250372E+04     0.248339E+04     0.237688E+04     0.224056E+04     0.223929E+04     0.223538E+04     0.223396E+04     0.223312E+04     0.223450E+04     0.222978E+04     0.221970E+04     0.222556E+04     0.223656E+04     0.223499E+04     0.221433E+04     0.220410E+04     0.220180E+04     0.220016E+04     0.220943E+04     0.220628E+04     0.220486E+04     0.219996E+04     0.216371E+04     0.205164E+04     0.202830E+04     0.206851E+04     0.208126E+04     0.208017E+04     0.204158E+04     0.204036E+04     0.203437E+04     0.202898E+04     0.201296E+04     0.202717E+04     0.202004E+04     0.201719E+04     0.201786E+04     0.203799E+04     0.205088E+04     0.205012E+04     0.203833E+04     0.203274E+04     0.201796E+04     0.200039E+04     0.200000E+04     0.200561E+04     0.200106E+04     0.200158E+04     0.200345E+04     0.200146E+04     0.201614E+04     0.201469E+04     0.200467E+04     0.200124E+04     0.200259E+04     0.200447E+04     0.200223E+04     0.200000E+04     0.200000E+04     0.200000E+04     0.200000E+04     0.200000E+04     0.200000E+04     0.200000E+04     0.200000E+04     0.200000E+04     0.200000E+04     0.200000E+04     0.200000E+04     0.200000E+04     0.200000E+04     0.200000E+04     0.200000E+04     0.200000E+04     0.200000E+04     0.200000E+04     0.200000E+04     0.100000E+21
 0.292000E+04     0.240700E+04     0.240700E+04     0.241003E+04     0.241527E+04     0.243000E+04     0.243000E+04     0.214000E+04     0.214000E+04     0.214000E+04     0.216009E+04     0.223700E+04     0.223700E+04     0.223700E+04     0.223700E+04     0.223700E+04     0.223700E+04     0.222530E+04     0.221554E+04     0.220800E+04     0.222166E+04     0.222200E+04     0.243228E+04     0.228682E+04     0.228520E+04     0.234827E+04     0.233161E+04     0.232314E+04     0.232105E+04     0.233391E+04     0.234414E+04     0.239249E+04     0.225700E+04     0.231435E+04     0.231177E+04     0.230407E+04     0.233784E+04     0.233016E+04     0.229074E+04     0.228793E+04     0.222074E+04     0.220956E+04     0.224813E+04     0.222596E+04     0.225228E+04     0.217914E+04     0.251095E+04     0.248663E+04     0.249041E+04     0.250372E+04     0.249241E+04     0.242608E+04     0.237915E+04     0.228325E+04     0.223555E+04     0.223396E+04     0.223117E+04     0.222953E+04     0.224144E+04     0.223197E+04     0.221804E+04     0.222523E+04     0.223499E+04     0.222066E+04     0.220410E+04     0.220180E+04     0.219995E+04     0.220198E+04     0.220639E+04     0.220486E+04     0.220257E+04     0.219541E+04     0.214052E+04     0.205759E+04     0.205894E+04     0.208126E+04     0.208010E+04     0.205852E+04     0.204036E+04     0.203790E+04     0.203656E+04     0.201296E+04     0.202301E+04     0.203083E+04     0.200767E+04     0.201453E+04     0.202195E+04     0.203135E+04     0.205759E+04     0.205058E+04     0.203274E+04     0.203227E+04     0.202409E+04     0.200000E+04     0.200000E+04     0.201497E+04     0.200367E+04     0.200345E+04     0.200146E+04     0.200740E+04     0.202272E+04     0.201620E+04     0.200000E+04     0.200000E+04     0.200143E+04     0.200246E+04     0.200000E+04     0.200000E+04     0.200000E+04     0.200000E+04     0.200000E+04     0.200000E+04     0.200000E+04     0.200000E+04     0.200000E+04     0.200000E+04     0.200000E+04     0.200000E+04     0.200000E+04     0.200000E+04     0.200000E+04     0.200000E+04     0.200000E+04     0.200000E+04     0.200000E+04     0.200000E+04     0.100000E+21
 0.294000E+04     0.240700E+04     0.240700E+04     0.240700E+04     0.240700E+04     0.241305E+04     0.243000E+04     0.243000E+04     0.222868E+04     0.214000E+04     0.216611E+04     0.233700E+04     0.223700E+04     0.223700E+04     0.223700E+04     0.223700E+04     0.223700E+04     0.223179E+04     0.222200E+04     0.220800E+04     0.220800E+04     0.225700E+04     0.223102E+04     0.228682E+04     0.228520E+04     0.234850E+04     0.233520E+04     0.233249E+04     0.231049E+04     0.232593E+04     0.234414E+04     0.242134E+04     0.244849E+04     0.226732E+04     0.231177E+04     0.230838E+04     0.230350E+04     0.235414E+04     0.229119E+04     0.228793E+04     0.223187E+04     0.214862E+04     0.214535E+04     0.219350E+04     0.225228E+04     0.224971E+04     0.214483E+04     0.250398E+04     0.248647E+04     0.247225E+04     0.249189E+04     0.246227E+04     0.245749E+04     0.245297E+04     0.223564E+04     0.223396E+04     0.223122E+04     0.222953E+04     0.222730E+04     0.223534E+04     0.220837E+04     0.221776E+04     0.223499E+04     0.223184E+04     0.223057E+04     0.220180E+04     0.219973E+04     0.219718E+04     0.219814E+04     0.220486E+04     0.220257E+04     0.220081E+04     0.219052E+04     0.208358E+04     0.201673E+04     0.204301E+04     0.206673E+04     0.207034E+04     0.204036E+04     0.203792E+04     0.203656E+04     0.203466E+04     0.201667E+04     0.203083E+04     0.202659E+04     0.201453E+04     0.201256E+04     0.201712E+04     0.205759E+04     0.205583E+04     0.203274E+04     0.203012E+04     0.202891E+04     0.200000E+04     0.200000E+04     0.200000E+04     0.200000E+04     0.200000E+04     0.200146E+04     0.200045E+04     0.200000E+04     0.201726E+04     0.201264E+04     0.200000E+04     0.200000E+04     0.200000E+04     0.200000E+04     0.200000E+04     0.200000E+04     0.200000E+04     0.200000E+04     0.200000E+04     0.200000E+04     0.200000E+04     0.200000E+04     0.200000E+04     0.200000E+04     0.200000E+04     0.200000E+04     0.200000E+04     0.200000E+04     0.200000E+04     0.200000E+04     0.200000E+04     0.200000E+04     0.200000E+04     0.100000E+21
 0.296000E+04     0.239174E+04     0.240083E+04     0.240700E+04     0.240700E+04     0.241033E+04     0.241947E+04     0.243000E+04     0.223164E+04     0.214000E+04     0.218393E+04     0.233700E+04     0.223700E+04     0.223700E+04     0.223700E+04     0.223700E+04     0.223700E+04     0.223433E+04     0.222928E+04     0.221447E+04     0.220978E+04     0.223495E+04     0.222522E+04     0.235186E+04     0.228520E+04     0.234799E+04     0.234536E+04     0.232583E+04     0.231071E+04     0.232593E+04     0.234414E+04     0.242232E+04     0.244849E+04     0.227039E+04     0.231177E+04     0.230838E+04     0.230350E+04     0.235414E+04     0.231122E+04     0.228793E+04     0.225709E+04     0.221281E+04     0.214535E+04     0.221356E+04     0.222841E+04     0.224192E+04     0.219338E+04     0.233903E+04     0.243869E+04     0.247225E+04     0.247964E+04     0.246982E+04     0.245749E+04     0.245296E+04     0.223552E+04     0.223396E+04     0.223115E+04     0.222953E+04     0.222730E+04     0.223084E+04     0.222153E+04     0.221430E+04     0.222498E+04     0.223184E+04     0.223057E+04     0.220180E+04     0.219999E+04     0.219718E+04     0.219819E+04     0.220486E+04     0.220256E+04     0.220089E+04     0.219386E+04     0.213614E+04     0.203063E+04     0.204301E+04     0.205493E+04     0.207189E+04     0.205632E+04     0.203789E+04     0.203656E+04     0.203466E+04     0.201700E+04     0.203083E+04     0.202699E+04     0.202032E+04     0.201256E+04     0.201438E+04     0.203921E+04     0.205215E+04     0.204254E+04     0.203012E+04     0.202891E+04     0.201961E+04     0.200511E+04     0.200000E+04     0.200680E+04     0.200000E+04     0.200146E+04     0.200046E+04     0.200000E+04     0.201475E+04     0.201254E+04     0.200000E+04     0.200000E+04     0.200000E+04     0.200000E+04     0.200000E+04     0.200000E+04     0.200000E+04     0.200000E+04     0.200000E+04     0.200000E+04     0.200000E+04     0.200000E+04     0.200000E+04     0.200000E+04     0.200000E+04     0.200000E+04     0.200000E+04     0.200000E+04     0.200000E+04     0.200000E+04     0.200000E+04     0.200000E+04     0.200000E+04     0.100000E+21
 0.298000E+04     0.241360E+04     0.240386E+04     0.240700E+04     0.240700E+04     0.240700E+04     0.240700E+04     0.241997E+04     0.224502E+04     0.214000E+04     0.220165E+04     0.233700E+04     0.228051E+04     0.225660E+04     0.223700E+04     0.223700E+04     0.223700E+04     0.223700E+04     0.223700E+04     0.222799E+04     0.221863E+04     0.220800E+04     0.222539E+04     0.241588E+04     0.228520E+04     0.231897E+04     0.235682E+04     0.232364E+04     0.230758E+04     0.231572E+04     0.233480E+04     0.240122E+04     0.243365E+04     0.226655E+04     0.228988E+04     0.230838E+04     0.230488E+04     0.233140E+04     0.234066E+04     0.231183E+04     0.228301E+04     0.228101E+04     0.219822E+04     0.221884E+04     0.222785E+04     0.222970E+04     0.224505E+04     0.218125E+04     0.238377E+04     0.247225E+04     0.246769E+04     0.248133E+04     0.246742E+04     0.245801E+04     0.228523E+04     0.223396E+04     0.223098E+04     0.222953E+04     0.222730E+04     0.222594E+04     0.223705E+04     0.221580E+04     0.221352E+04     0.223179E+04     0.223057E+04     0.221242E+04     0.220404E+04     0.219718E+04     0.219655E+04     0.219949E+04     0.220257E+04     0.220106E+04     0.219796E+04     0.219180E+04     0.203758E+04     0.202591E+04     0.203403E+04     0.207700E+04     0.207587E+04     0.204668E+04     0.203656E+04     0.203466E+04     0.202001E+04     0.202216E+04     0.202829E+04     0.202698E+04     0.200709E+04     0.200902E+04     0.201805E+04     0.203422E+04     0.205388E+04     0.203517E+04     0.202891E+04     0.203615E+04     0.202183E+04     0.200000E+04     0.200815E+04     0.200835E+04     0.200088E+04     0.200030E+04     0.200000E+04     0.200810E+04     0.201453E+04     0.200671E+04     0.200331E+04     0.200000E+04     0.200000E+04     0.200000E+04     0.200000E+04     0.200000E+04     0.200000E+04     0.200000E+04     0.200000E+04     0.200000E+04     0.200000E+04     0.200000E+04     0.200000E+04     0.200000E+04     0.200000E+04     0.200000E+04     0.200000E+04     0.200000E+04     0.200000E+04     0.200000E+04     0.200000E+04     0.200000E+04     0.100000E+21
 0.300000E+04     0.247500E+04     0.244806E+04     0.239511E+04     0.240700E+04     0.240700E+04     0.240700E+04     0.240700E+04     0.224201E+04     0.214000E+04     0.220368E+04     0.233700E+04     0.233700E+04     0.231137E+04     0.223700E+04     0.223700E+04     0.223700E+04     0.223700E+04     0.223700E+04     0.223700E+04     0.222718E+04     0.220800E+04     0.222141E+04     0.237890E+04     0.241381E+04     0.233118E+04     0.235942E+04     0.233249E+04     0.231109E+04     0.230025E+04     0.232263E+04     0.236727E+04     0.241115E+04     0.232860E+04     0.225700E+04     0.228092E+04     0.229522E+04     0.229723E+04     0.232739E+04     0.234769E+04     0.228300E+04     0.228101E+04     0.227752E+04     0.218677E+04     0.219742E+04     0.219861E+04     0.221751E+04     0.224141E+04     0.227643E+04     0.248200E+04     0.247131E+04     0.247624E+04     0.248247E+04     0.247179E+04     0.240353E+04     0.234550E+04     0.223096E+04     0.222953E+04     0.222730E+04     0.222595E+04     0.222917E+04     0.222649E+04     0.220813E+04     0.222537E+04     0.223057E+04     0.222834E+04     0.221897E+04     0.219718E+04     0.219396E+04     0.219254E+04     0.220257E+04     0.220108E+04     0.219796E+04     0.219449E+04     0.208089E+04     0.202553E+04     0.203423E+04     0.206356E+04     0.207587E+04     0.206008E+04     0.203656E+04     0.203466E+04     0.202385E+04     0.200901E+04     0.202827E+04     0.202698E+04     0.201339E+04     0.201169E+04     0.201805E+04     0.201670E+04     0.205388E+04     0.204243E+04     0.202891E+04     0.202698E+04     0.203012E+04     0.200000E+04     0.200000E+04     0.200893E+04     0.200000E+04     0.200000E+04     0.200000E+04     0.200000E+04     0.201176E+04     0.201688E+04     0.200741E+04     0.200000E+04     0.200000E+04     0.200000E+04     0.200000E+04     0.200000E+04     0.200000E+04     0.200000E+04     0.200000E+04     0.200000E+04     0.200000E+04     0.200000E+04     0.200000E+04     0.200000E+04     0.200000E+04     0.200000E+04     0.200000E+04     0.200000E+04     0.200000E+04     0.200000E+04     0.200000E+04     0.200000E+04     0.100000E+21
 0.302000E+04     0.247500E+04     0.247500E+04     0.241149E+04     0.239117E+04     0.240700E+04     0.240700E+04     0.240700E+04     0.222448E+04     0.214000E+04     0.223559E+04     0.231792E+04     0.233700E+04     0.233700E+04     0.223700E+04     0.223700E+04     0.223700E+04     0.223700E+04     0.223700E+04     0.223700E+04     0.223106E+04     0.221453E+04     0.221005E+04     0.229282E+04     0.237931E+04     0.231211E+04     0.233808E+04     0.235155E+04     0.232001E+04     0.230025E+04     0.232263E+04     0.236195E+04     0.241115E+04     0.240147E+04     0.225700E+04     0.225700E+04     0.228733E+04     0.229929E+04     0.230477E+04     0.234769E+04     0.230094E+04     0.228101E+04     0.227752E+04     0.222039E+04     0.213878E+04     0.220232E+04     0.219358E+04     0.224141E+04     0.220230E+04     0.232445E+04     0.242696E+04     0.246076E+04     0.246745E+04     0.247189E+04     0.244876E+04     0.243509E+04     0.229804E+04     0.222953E+04     0.222730E+04     0.222582E+04     0.222284E+04     0.222613E+04     0.221755E+04     0.221219E+04     0.222001E+04     0.222834E+04     0.222660E+04     0.219719E+04     0.219409E+04     0.219254E+04     0.219672E+04     0.219923E+04     0.219796E+04     0.219632E+04     0.216015E+04     0.211006E+04     0.206769E+04     0.204991E+04     0.207587E+04     0.206808E+04     0.205332E+04     0.203466E+04     0.202882E+04     0.201924E+04     0.202073E+04     0.202698E+04     0.202505E+04     0.201617E+04     0.201356E+04     0.201554E+04     0.203499E+04     0.204737E+04     0.203931E+04     0.202698E+04     0.202552E+04     0.201798E+04     0.200570E+04     0.200000E+04     0.200808E+04     0.200272E+04     0.200000E+04     0.200000E+04     0.200285E+04     0.200900E+04     0.200777E+04     0.200000E+04     0.200000E+04     0.200000E+04     0.200000E+04     0.200000E+04     0.200000E+04     0.200000E+04     0.200000E+04     0.200000E+04     0.200000E+04     0.200000E+04     0.200000E+04     0.200000E+04     0.200000E+04     0.200000E+04     0.200000E+04     0.200000E+04     0.200000E+04     0.200000E+04     0.200000E+04     0.200000E+04     0.100000E+21
 0.304000E+04     0.242749E+04     0.246213E+04     0.246567E+04     0.246104E+04     0.238716E+04     0.240700E+04     0.240700E+04     0.222389E+04     0.214000E+04     0.229700E+04     0.229700E+04     0.230995E+04     0.232657E+04     0.231444E+04     0.224483E+04     0.223700E+04     0.223700E+04     0.223700E+04     0.223700E+04     0.223700E+04     0.223483E+04     0.222271E+04     0.222193E+04     0.222200E+04     0.238113E+04     0.229982E+04     0.237331E+04     0.232502E+04     0.232178E+04     0.230511E+04     0.233567E+04     0.234910E+04     0.240689E+04     0.240673E+04     0.225700E+04     0.226483E+04     0.230158E+04     0.229989E+04     0.230303E+04     0.231964E+04     0.228101E+04     0.227752E+04     0.227469E+04     0.224816E+04     0.217948E+04     0.224080E+04     0.219943E+04     0.222971E+04     0.221985E+04     0.218268E+04     0.246367E+04     0.245022E+04     0.245107E+04     0.246359E+04     0.245718E+04     0.237721E+04     0.222953E+04     0.222730E+04     0.222582E+04     0.222284E+04     0.222240E+04     0.223264E+04     0.221640E+04     0.220897E+04     0.221161E+04     0.222456E+04     0.221865E+04     0.219409E+04     0.219254E+04     0.219021E+04     0.219013E+04     0.219796E+04     0.219624E+04     0.218946E+04     0.218349E+04     0.209361E+04     0.204406E+04     0.204285E+04     0.207352E+04     0.207225E+04     0.205883E+04     0.203218E+04     0.203083E+04     0.202372E+04     0.200995E+04     0.202505E+04     0.202180E+04     0.200862E+04     0.201515E+04     0.201414E+04     0.205132E+04     0.205015E+04     0.204363E+04     0.202811E+04     0.202551E+04     0.202935E+04     0.200000E+04     0.200279E+04     0.201026E+04     0.200000E+04     0.200000E+04     0.200000E+04     0.200000E+04     0.200249E+04     0.200773E+04     0.200000E+04     0.200000E+04     0.200000E+04     0.200000E+04     0.200000E+04     0.200000E+04     0.200000E+04     0.200000E+04     0.200000E+04     0.200000E+04     0.200000E+04     0.200000E+04     0.200000E+04     0.200000E+04     0.200000E+04     0.200000E+04     0.200000E+04     0.200000E+04     0.200000E+04     0.200000E+04     0.100000E+21
 0.306000E+04     0.242000E+04     0.242000E+04     0.247500E+04     0.247500E+04     0.244749E+04     0.237300E+04     0.240700E+04     0.222179E+04     0.214000E+04     0.226249E+04     0.229700E+04     0.229700E+04     0.232090E+04     0.233700E+04     0.233700E+04     0.223700E+04     0.223700E+04     0.223700E+04     0.223700E+04     0.223700E+04     0.223700E+04     0.222610E+04     0.222780E+04     0.225700E+04     0.223345E+04     0.246067E+04     0.227694E+04     0.235656E+04     0.232593E+04     0.229684E+04     0.232448E+04     0.233762E+04     0.241911E+04     0.244849E+04     0.225700E+04     0.225700E+04     0.225700E+04     0.229703E+04     0.229033E+04     0.234321E+04     0.234120E+04     0.227752E+04     0.227471E+04     0.227051E+04     0.226801E+04     0.213214E+04     0.219050E+04     0.218830E+04     0.223408E+04     0.223129E+04     0.224591E+04     0.246828E+04     0.245258E+04     0.244196E+04     0.246069E+04     0.244492E+04     0.241983E+04     0.222730E+04     0.222580E+04     0.222284E+04     0.222022E+04     0.221834E+04     0.221725E+04     0.219919E+04     0.220669E+04     0.220478E+04     0.222388E+04     0.221217E+04     0.219254E+04     0.219021E+04     0.218846E+04     0.219796E+04     0.219625E+04     0.219242E+04     0.219099E+04     0.218455E+04     0.203192E+04     0.200000E+04     0.204606E+04     0.207225E+04     0.207043E+04     0.203219E+04     0.203083E+04     0.202853E+04     0.202698E+04     0.202505E+04     0.202385E+04     0.202117E+04     0.200872E+04     0.201413E+04     0.202599E+04     0.205015E+04     0.204828E+04     0.203000E+04     0.202311E+04     0.202172E+04     0.203466E+04     0.200000E+04     0.200000E+04     0.201335E+04     0.200313E+04     0.200000E+04     0.200000E+04     0.200000E+04     0.200000E+04     0.200000E+04     0.200000E+04     0.200000E+04     0.200000E+04     0.200000E+04     0.200000E+04     0.200000E+04     0.200000E+04     0.200000E+04     0.200000E+04     0.200000E+04     0.200000E+04     0.200000E+04     0.200000E+04     0.200000E+04     0.200000E+04     0.200000E+04     0.200000E+04     0.200000E+04     0.200000E+04     0.100000E+21
 0.308000E+04     0.240117E+04     0.240960E+04     0.246503E+04     0.247500E+04     0.245605E+04     0.240412E+04     0.239401E+04     0.222918E+04     0.214000E+04     0.226133E+04     0.228380E+04     0.229700E+04     0.231193E+04     0.233700E+04     0.233700E+04     0.223700E+04     0.223700E+04     0.223700E+04     0.223700E+04     0.223700E+04     0.223700E+04     0.222991E+04     0.222319E+04     0.224234E+04     0.222725E+04     0.243707E+04     0.227694E+04     0.235450E+04     0.232593E+04     0.230660E+04     0.231736E+04     0.233113E+04     0.240240E+04     0.243684E+04     0.233033E+04     0.228855E+04     0.225700E+04     0.229668E+04     0.229170E+04     0.233146E+04     0.234120E+04     0.229646E+04     0.228253E+04     0.227051E+04     0.226819E+04     0.218210E+04     0.217182E+04     0.217943E+04     0.221907E+04     0.222482E+04     0.222309E+04     0.236571E+04     0.239869E+04     0.243913E+04     0.245082E+04     0.244635E+04     0.242785E+04     0.229809E+04     0.225463E+04     0.222284E+04     0.222000E+04     0.221834E+04     0.221896E+04     0.221015E+04     0.220360E+04     0.220385E+04     0.222388E+04     0.221096E+04     0.219254E+04     0.219021E+04     0.218861E+04     0.219425E+04     0.219468E+04     0.219236E+04     0.219099E+04     0.218490E+04     0.205790E+04     0.201217E+04     0.203520E+04     0.206052E+04     0.207043E+04     0.203924E+04     0.203083E+04     0.202837E+04     0.202698E+04     0.201665E+04     0.202018E+04     0.202117E+04     0.201030E+04     0.201118E+04     0.202062E+04     0.203485E+04     0.204828E+04     0.203594E+04     0.202311E+04     0.202183E+04     0.203466E+04     0.200000E+04     0.200000E+04     0.200928E+04     0.200264E+04     0.200000E+04     0.200000E+04     0.200000E+04     0.200000E+04     0.200000E+04     0.200000E+04     0.200000E+04     0.200000E+04     0.200000E+04     0.200000E+04     0.200000E+04     0.200000E+04     0.200000E+04     0.200000E+04     0.200000E+04     0.200000E+04     0.200000E+04     0.200000E+04     0.200000E+04     0.200000E+04     0.200000E+04     0.200000E+04     0.200000E+04     0.200000E+04     0.100000E+21
 0.310000E+04     0.242280E+04     0.240538E+04     0.243090E+04     0.244968E+04     0.247500E+04     0.247500E+04     0.242140E+04     0.224823E+04     0.214000E+04     0.225500E+04     0.225500E+04     0.227709E+04     0.228815E+04     0.231859E+04     0.233086E+04     0.228300E+04     0.223700E+04     0.223700E+04     0.223700E+04     0.223700E+04     0.223700E+04     0.223700E+04     0.221584E+04     0.220800E+04     0.222626E+04     0.238718E+04     0.238767E+04     0.233364E+04     0.234484E+04     0.232263E+04     0.230193E+04     0.231599E+04     0.236039E+04     0.241115E+04     0.244849E+04     0.238857E+04     0.225700E+04     0.228431E+04     0.229471E+04     0.229935E+04     0.231376E+04     0.233793E+04     0.229523E+04     0.227051E+04     0.226831E+04     0.226344E+04     0.212880E+04     0.214771E+04     0.218430E+04     0.219897E+04     0.220458E+04     0.216991E+04     0.224670E+04     0.243751E+04     0.242764E+04     0.244089E+04     0.244588E+04     0.242458E+04     0.235384E+04     0.222284E+04     0.221987E+04     0.221834E+04     0.222154E+04     0.222819E+04     0.221027E+04     0.220352E+04     0.221387E+04     0.221530E+04     0.220529E+04     0.219021E+04     0.218871E+04     0.218553E+04     0.219180E+04     0.219232E+04     0.219099E+04     0.218720E+04     0.212544E+04     0.204036E+04     0.201254E+04     0.203351E+04     0.207043E+04     0.206096E+04     0.204736E+04     0.202827E+04     0.202698E+04     0.201349E+04     0.201318E+04     0.202117E+04     0.201503E+04     0.200465E+04     0.200877E+04     0.201020E+04     0.204828E+04     0.204704E+04     0.203295E+04     0.202581E+04     0.202734E+04     0.201505E+04     0.200609E+04     0.200000E+04     0.200000E+04     0.200000E+04     0.200000E+04     0.200000E+04     0.200000E+04     0.200000E+04     0.200000E+04     0.200000E+04     0.200000E+04     0.200000E+04     0.200000E+04     0.200000E+04     0.200000E+04     0.200000E+04     0.200000E+04     0.200000E+04     0.200000E+04     0.200000E+04     0.200000E+04     0.200000E+04     0.200000E+04     0.200000E+04     0.200000E+04     0.200000E+04     0.200000E+04     0.100000E+21
 0.312000E+04     0.248300E+04     0.249378E+04     0.237334E+04     0.242000E+04     0.243494E+04     0.247500E+04     0.247500E+04     0.224299E+04     0.214000E+04     0.225500E+04     0.225500E+04     0.225500E+04     0.228009E+04     0.229700E+04     0.233060E+04     0.233700E+04     0.230248E+04     0.223700E+04     0.223700E+04     0.223700E+04     0.223700E+04     0.223700E+04     0.223094E+04     0.222200E+04     0.221259E+04     0.229363E+04     0.251700E+04     0.230287E+04     0.236706E+04     0.232263E+04     0.230024E+04     0.228999E+04     0.231665E+04     0.233105E+04     0.241115E+04     0.243489E+04     0.225700E+04     0.225700E+04     0.225700E+04     0.228823E+04     0.228337E+04     0.227986E+04     0.232368E+04     0.227051E+04     0.226801E+04     0.226344E+04     0.225988E+04     0.216447E+04     0.212208E+04     0.216635E+04     0.219362E+04     0.222296E+04     0.222065E+04     0.220592E+04     0.244616E+04     0.241802E+04     0.241225E+04     0.243838E+04     0.243328E+04     0.239644E+04     0.222021E+04     0.221834E+04     0.221513E+04     0.221382E+04     0.222597E+04     0.222411E+04     0.219223E+04     0.220619E+04     0.221939E+04     0.221714E+04     0.219528E+04     0.218553E+04     0.218381E+04     0.219242E+04     0.219099E+04     0.218946E+04     0.218383E+04     0.217640E+04     0.202730E+04     0.200000E+04     0.203160E+04     0.206807E+04     0.206678E+04     0.205734E+04     0.202698E+04     0.202505E+04     0.202385E+04     0.200000E+04     0.201628E+04     0.201727E+04     0.200193E+04     0.200066E+04     0.200822E+04     0.203810E+04     0.204452E+04     0.204317E+04     0.201922E+04     0.201727E+04     0.202664E+04     0.200000E+04     0.200000E+04     0.200632E+04     0.200000E+04     0.200000E+04     0.200000E+04     0.200000E+04     0.200000E+04     0.200000E+04     0.200000E+04     0.200000E+04     0.200000E+04     0.200000E+04     0.200000E+04     0.200000E+04     0.200000E+04     0.200000E+04     0.200000E+04     0.200000E+04     0.200000E+04     0.200000E+04     0.200000E+04     0.200000E+04     0.200000E+04     0.200000E+04     0.200000E+04     0.100000E+21
 0.314000E+04     0.248300E+04     0.248625E+04     0.246672E+04     0.247901E+04     0.242731E+04     0.243504E+04     0.247500E+04     0.241242E+04     0.214000E+04     0.225500E+04     0.225500E+04     0.225500E+04     0.226303E+04     0.229700E+04     0.230350E+04     0.233700E+04     0.229962E+04     0.223700E+04     0.223700E+04     0.223700E+04     0.223700E+04     0.223700E+04     0.223450E+04     0.223305E+04     0.222253E+04     0.225031E+04     0.230130E+04     0.240074E+04     0.229684E+04     0.234901E+04     0.230708E+04     0.228999E+04     0.230319E+04     0.233105E+04     0.241115E+04     0.241828E+04     0.239431E+04     0.225700E+04     0.225700E+04     0.227531E+04     0.228617E+04     0.227986E+04     0.232036E+04     0.231505E+04     0.227985E+04     0.226344E+04     0.225988E+04     0.223332E+04     0.212208E+04     0.212957E+04     0.218423E+04     0.218749E+04     0.220901E+04     0.220987E+04     0.220130E+04     0.242740E+04     0.241225E+04     0.241689E+04     0.242638E+04     0.241580E+04     0.231997E+04     0.221834E+04     0.221510E+04     0.221382E+04     0.221570E+04     0.222232E+04     0.221342E+04     0.219773E+04     0.220552E+04     0.221714E+04     0.221073E+04     0.218553E+04     0.218393E+04     0.218734E+04     0.219099E+04     0.218953E+04     0.218465E+04     0.218196E+04     0.209870E+04     0.202671E+04     0.201149E+04     0.204909E+04     0.206678E+04     0.206038E+04     0.205277E+04     0.202505E+04     0.202390E+04     0.201513E+04     0.200580E+04     0.201727E+04     0.200719E+04     0.200066E+04     0.200822E+04     0.201370E+04     0.204452E+04     0.204325E+04     0.203297E+04     0.201727E+04     0.201889E+04     0.202114E+04     0.200543E+04     0.200335E+04     0.200547E+04     0.200190E+04     0.200000E+04     0.200000E+04     0.200000E+04     0.200000E+04     0.200000E+04     0.200000E+04     0.200000E+04     0.200000E+04     0.200000E+04     0.200000E+04     0.200000E+04     0.200000E+04     0.200000E+04     0.200000E+04     0.200000E+04     0.200000E+04     0.200000E+04     0.200000E+04     0.200000E+04     0.200000E+04     0.200000E+04     0.100000E+21
 0.316000E+04     0.248300E+04     0.248300E+04     0.248680E+04     0.250000E+04     0.247914E+04     0.242000E+04     0.242000E+04     0.245837E+04     0.214000E+04     0.225500E+04     0.225500E+04     0.225500E+04     0.225500E+04     0.225500E+04     0.229426E+04     0.229700E+04     0.233700E+04     0.233700E+04     0.223700E+04     0.223700E+04     0.223700E+04     0.223700E+04     0.223700E+04     0.223700E+04     0.222687E+04     0.221042E+04     0.222200E+04     0.223702E+04     0.227139E+04     0.226859E+04     0.234858E+04     0.231599E+04     0.229083E+04     0.230930E+04     0.232774E+04     0.238082E+04     0.244849E+04     0.244272E+04     0.225700E+04     0.226881E+04     0.228779E+04     0.228431E+04     0.227763E+04     0.233136E+04     0.228525E+04     0.226344E+04     0.225988E+04     0.225732E+04     0.225272E+04     0.214562E+04     0.213588E+04     0.217490E+04     0.217296E+04     0.221454E+04     0.221168E+04     0.218715E+04     0.243109E+04     0.240445E+04     0.239913E+04     0.242318E+04     0.241198E+04     0.238048E+04     0.221513E+04     0.221382E+04     0.221155E+04     0.220951E+04     0.222149E+04     0.220900E+04     0.218756E+04     0.219518E+04     0.221020E+04     0.221261E+04     0.219032E+04     0.217991E+04     0.217845E+04     0.218513E+04     0.218584E+04     0.218396E+04     0.213515E+04     0.203656E+04     0.203466E+04     0.202913E+04     0.202775E+04     0.206466E+04     0.206312E+04     0.206128E+04     0.203775E+04     0.202117E+04     0.201928E+04     0.200000E+04     0.200998E+04     0.200066E+04     0.200000E+04     0.200507E+04     0.204452E+04     0.204315E+04     0.204074E+04     0.203885E+04     0.202247E+04     0.201335E+04     0.202462E+04     0.200000E+04     0.200000E+04     0.200324E+04     0.200000E+04     0.200000E+04     0.200000E+04     0.200000E+04     0.200000E+04     0.200000E+04     0.200000E+04     0.200000E+04     0.200000E+04     0.200000E+04     0.200000E+04     0.200000E+04     0.200000E+04     0.200000E+04     0.200000E+04     0.200000E+04     0.200000E+04     0.200000E+04     0.200000E+04     0.200000E+04     0.200000E+04     0.100000E+21
 0.318000E+04     0.244723E+04     0.247295E+04     0.248494E+04     0.248679E+04     0.248996E+04     0.247918E+04     0.238112E+04     0.241926E+04     0.214000E+04     0.225500E+04     0.225500E+04     0.225500E+04     0.225500E+04     0.225500E+04     0.228962E+04     0.229700E+04     0.231936E+04     0.233700E+04     0.223700E+04     0.223700E+04     0.223700E+04     0.223700E+04     0.223700E+04     0.223700E+04     0.223401E+04     0.221791E+04     0.221129E+04     0.228305E+04     0.245819E+04     0.226860E+04     0.234741E+04     0.231599E+04     0.229505E+04     0.229056E+04     0.231431E+04     0.233849E+04     0.242170E+04     0.243375E+04     0.239329E+04     0.226206E+04     0.226878E+04     0.228431E+04     0.227807E+04     0.228718E+04     0.230726E+04     0.226344E+04     0.225988E+04     0.225740E+04     0.225272E+04     0.223055E+04     0.212368E+04     0.212602E+04     0.215847E+04     0.218851E+04     0.221168E+04     0.220166E+04     0.219492E+04     0.241616E+04     0.240295E+04     0.239783E+04     0.241174E+04     0.239972E+04     0.227278E+04     0.221382E+04     0.221155E+04     0.220970E+04     0.221085E+04     0.221419E+04     0.220568E+04     0.218791E+04     0.219598E+04     0.221261E+04     0.220645E+04     0.217988E+04     0.217845E+04     0.217946E+04     0.218569E+04     0.218396E+04     0.215919E+04     0.213790E+04     0.203466E+04     0.201416E+04     0.202775E+04     0.204013E+04     0.206312E+04     0.206128E+04     0.205279E+04     0.202117E+04     0.201955E+04     0.201239E+04     0.200611E+04     0.200847E+04     0.200000E+04     0.200105E+04     0.201373E+04     0.203635E+04     0.204074E+04     0.203885E+04     0.202292E+04     0.201335E+04     0.201409E+04     0.200000E+04     0.200000E+04     0.200110E+04     0.200185E+04     0.200000E+04     0.200000E+04     0.200000E+04     0.200000E+04     0.200000E+04     0.200000E+04     0.200000E+04     0.200000E+04     0.200000E+04     0.200000E+04     0.200000E+04     0.200000E+04     0.200000E+04     0.200000E+04     0.200000E+04     0.200000E+04     0.200000E+04     0.200000E+04     0.200000E+04     0.200000E+04     0.100000E+21
 0.320000E+04     0.243700E+04     0.245379E+04     0.248300E+04     0.248300E+04     0.249604E+04     0.250000E+04     0.241655E+04     0.242041E+04     0.214000E+04     0.225500E+04     0.225500E+04     0.225500E+04     0.225500E+04     0.225500E+04     0.227499E+04     0.229700E+04     0.231275E+04     0.233700E+04     0.227375E+04     0.225194E+04     0.223700E+04     0.223700E+04     0.223700E+04     0.223700E+04     0.223700E+04     0.221689E+04     0.220800E+04     0.228229E+04     0.240957E+04     0.226860E+04     0.232968E+04     0.233113E+04     0.229646E+04     0.228309E+04     0.229496E+04     0.230721E+04     0.237801E+04     0.243968E+04     0.244849E+04     0.230028E+04     0.225700E+04     0.227423E+04     0.227597E+04     0.227282E+04     0.230814E+04     0.228890E+04     0.225988E+04     0.225759E+04     0.225272E+04     0.225042E+04     0.214379E+04     0.211187E+04     0.213229E+04     0.217673E+04     0.219482E+04     0.218885E+04     0.214295E+04     0.229028E+04     0.235693E+04     0.238864E+04     0.240502E+04     0.240771E+04     0.233677E+04     0.227605E+04     0.221155E+04     0.220995E+04     0.220700E+04     0.221503E+04     0.221699E+04     0.219603E+04     0.219247E+04     0.220457E+04     0.220764E+04     0.218598E+04     0.217845E+04     0.217702E+04     0.218274E+04     0.218396E+04     0.217926E+04     0.217441E+04     0.209056E+04     0.201308E+04     0.201764E+04     0.203178E+04     0.204864E+04     0.206128E+04     0.206021E+04     0.203460E+04     0.202460E+04     0.201727E+04     0.200542E+04     0.201335E+04     0.200419E+04     0.200166E+04     0.200425E+04     0.201961E+04     0.204074E+04     0.203885E+04     0.202904E+04     0.201335E+04     0.201210E+04     0.200578E+04     0.200000E+04     0.200000E+04     0.200143E+04     0.200000E+04     0.200000E+04     0.200000E+04     0.200000E+04     0.200000E+04     0.200000E+04     0.200000E+04     0.200000E+04     0.200000E+04     0.200000E+04     0.200000E+04     0.200000E+04     0.200000E+04     0.200000E+04     0.200000E+04     0.200000E+04     0.200000E+04     0.200000E+04     0.200000E+04     0.200000E+04     0.100000E+21
 0.322000E+04     0.243700E+04     0.243700E+04     0.245426E+04     0.248300E+04     0.248501E+04     0.248707E+04     0.250000E+04     0.248308E+04     0.214000E+04     0.225500E+04     0.225500E+04     0.225500E+04     0.225500E+04     0.225500E+04     0.225500E+04     0.226650E+04     0.230309E+04     0.231330E+04     0.233700E+04     0.225831E+04     0.223700E+04     0.223700E+04     0.223700E+04     0.223700E+04     0.223700E+04     0.223170E+04     0.221997E+04     0.221522E+04     0.222200E+04     0.241781E+04     0.227654E+04     0.227767E+04     0.233697E+04     0.230160E+04     0.227961E+04     0.229422E+04     0.232109E+04     0.241198E+04     0.244849E+04     0.237514E+04     0.225700E+04     0.225700E+04     0.227699E+04     0.227642E+04     0.228301E+04     0.232474E+04     0.230850E+04     0.226683E+04     0.225272E+04     0.224983E+04     0.222436E+04     0.223265E+04     0.213794E+04     0.213031E+04     0.216539E+04     0.218074E+04     0.220407E+04     0.216110E+04     0.218692E+04     0.240309E+04     0.238144E+04     0.238341E+04     0.239151E+04     0.238090E+04     0.231135E+04     0.221710E+04     0.220700E+04     0.220607E+04     0.220835E+04     0.221473E+04     0.220742E+04     0.218094E+04     0.219112E+04     0.220259E+04     0.220384E+04     0.218214E+04     0.217432E+04     0.217250E+04     0.218094E+04     0.217924E+04     0.217380E+04     0.209693E+04     0.202480E+04     0.200751E+04     0.202389E+04     0.206128E+04     0.206014E+04     0.205759E+04     0.205497E+04     0.201727E+04     0.200852E+04     0.200543E+04     0.201138E+04     0.200826E+04     0.200066E+04     0.200216E+04     0.201642E+04     0.203884E+04     0.203752E+04     0.203190E+04     0.201384E+04     0.201389E+04     0.202017E+04     0.200735E+04     0.200193E+04     0.200000E+04     0.200000E+04     0.200000E+04     0.200000E+04     0.200000E+04     0.200000E+04     0.200000E+04     0.200000E+04     0.200000E+04     0.200000E+04     0.200000E+04     0.200000E+04     0.200000E+04     0.200000E+04     0.200000E+04     0.200000E+04     0.200000E+04     0.200000E+04     0.200000E+04     0.200000E+04     0.100000E+21
 0.324000E+04     0.241794E+04     0.243016E+04     0.244430E+04     0.245379E+04     0.248300E+04     0.248300E+04     0.249008E+04     0.249654E+04     0.214000E+04     0.225500E+04     0.225500E+04     0.225500E+04     0.225500E+04     0.225500E+04     0.225500E+04     0.225500E+04     0.229700E+04     0.229700E+04     0.233700E+04     0.231367E+04     0.223700E+04     0.223700E+04     0.223700E+04     0.223700E+04     0.223700E+04     0.223152E+04     0.222200E+04     0.222034E+04     0.224425E+04     0.234411E+04     0.236825E+04     0.226298E+04     0.234007E+04     0.230930E+04     0.228607E+04     0.228608E+04     0.230723E+04     0.237128E+04     0.242492E+04     0.241333E+04     0.236876E+04     0.225700E+04     0.226256E+04     0.227730E+04     0.227400E+04     0.229023E+04     0.232141E+04     0.227967E+04     0.225272E+04     0.225042E+04     0.224405E+04     0.224185E+04     0.221043E+04     0.216809E+04     0.212478E+04     0.219592E+04     0.217551E+04     0.217431E+04     0.216637E+04     0.221094E+04     0.238743E+04     0.237254E+04     0.238452E+04     0.239196E+04     0.237363E+04     0.232213E+04     0.220700E+04     0.220383E+04     0.220241E+04     0.220547E+04     0.221054E+04     0.219938E+04     0.218718E+04     0.219924E+04     0.220578E+04     0.219811E+04     0.217283E+04     0.217131E+04     0.217557E+04     0.217924E+04     0.217687E+04     0.214744E+04     0.211573E+04     0.202060E+04     0.202389E+04     0.203832E+04     0.205094E+04     0.205759E+04     0.205626E+04     0.204041E+04     0.201212E+04     0.200778E+04     0.200419E+04     0.200808E+04     0.200473E+04     0.200199E+04     0.200026E+04     0.201415E+04     0.202971E+04     0.203504E+04     0.202399E+04     0.201340E+04     0.200841E+04     0.200557E+04     0.200221E+04     0.200000E+04     0.200000E+04     0.200000E+04     0.200000E+04     0.200000E+04     0.200000E+04     0.200000E+04     0.200000E+04     0.200000E+04     0.200000E+04     0.200000E+04     0.200000E+04     0.200000E+04     0.200000E+04     0.200000E+04     0.200000E+04     0.200000E+04     0.200000E+04     0.200000E+04     0.200000E+04     0.100000E+21
 0.326000E+04     0.246600E+04     0.242926E+04     0.243700E+04     0.243700E+04     0.245018E+04     0.248300E+04     0.248300E+04     0.248300E+04     0.214000E+04     0.225500E+04     0.225500E+04     0.225500E+04     0.225500E+04     0.225500E+04     0.225500E+04     0.225500E+04     0.227003E+04     0.229700E+04     0.229700E+04     0.232699E+04     0.223700E+04     0.223700E+04     0.223700E+04     0.223700E+04     0.223700E+04     0.223700E+04     0.223700E+04     0.221747E+04     0.220800E+04     0.222200E+04     0.230997E+04     0.251700E+04     0.228133E+04     0.235123E+04     0.230593E+04     0.228733E+04     0.227262E+04     0.229890E+04     0.231439E+04     0.242585E+04     0.244849E+04     0.244849E+04     0.229826E+04     0.225700E+04     0.226864E+04     0.226571E+04     0.226213E+04     0.230101E+04     0.225272E+04     0.225006E+04     0.224418E+04     0.224185E+04     0.223964E+04     0.223348E+04     0.223083E+04     0.213168E+04     0.222340E+04     0.215576E+04     0.215363E+04     0.219251E+04     0.214922E+04     0.239226E+04     0.236083E+04     0.235612E+04     0.238398E+04     0.237742E+04     0.233923E+04     0.220393E+04     0.220241E+04     0.220011E+04     0.219842E+04     0.221019E+04     0.220855E+04     0.217882E+04     0.218349E+04     0.219630E+04     0.220058E+04     0.219888E+04     0.216819E+04     0.216651E+04     0.216411E+04     0.217377E+04     0.217211E+04     0.213291E+04     0.202698E+04     0.202195E+04     0.202077E+04     0.205759E+04     0.205605E+04     0.205388E+04     0.203748E+04     0.201335E+04     0.201138E+04     0.200265E+04     0.200743E+04     0.200604E+04     0.200000E+04     0.200000E+04     0.200000E+04     0.200000E+04     0.200000E+04     0.201817E+04     0.201688E+04     0.200697E+04     0.200000E+04     0.200000E+04     0.200000E+04     0.200000E+04     0.200000E+04     0.200000E+04     0.200000E+04     0.200000E+04     0.200000E+04     0.200000E+04     0.200000E+04     0.200000E+04     0.200000E+04     0.200000E+04     0.200000E+04     0.200000E+04     0.200000E+04     0.200000E+04     0.200000E+04     0.200000E+04     0.200000E+04     0.100000E+21
 0.328000E+04     0.241292E+04     0.244186E+04     0.241821E+04     0.243700E+04     0.244243E+04     0.244789E+04     0.248300E+04     0.248300E+04     0.214000E+04     0.229248E+04     0.225500E+04     0.225500E+04     0.225500E+04     0.225500E+04     0.225500E+04     0.225500E+04     0.226943E+04     0.229700E+04     0.229700E+04     0.232845E+04     0.232625E+04     0.225140E+04     0.223700E+04     0.223700E+04     0.223700E+04     0.223700E+04     0.223700E+04     0.221774E+04     0.220800E+04     0.224312E+04     0.230227E+04     0.251700E+04     0.226774E+04     0.228462E+04     0.233101E+04     0.230663E+04     0.227262E+04     0.229596E+04     0.229887E+04     0.241738E+04     0.242619E+04     0.244849E+04     0.242159E+04     0.225700E+04     0.226039E+04     0.226842E+04     0.226213E+04     0.227167E+04     0.230869E+04     0.225690E+04     0.224423E+04     0.224185E+04     0.223960E+04     0.223363E+04     0.223083E+04     0.218554E+04     0.212802E+04     0.219382E+04     0.216504E+04     0.216012E+04     0.218906E+04     0.224812E+04     0.236808E+04     0.235612E+04     0.235885E+04     0.237479E+04     0.236062E+04     0.226238E+04     0.220241E+04     0.220011E+04     0.219835E+04     0.219628E+04     0.219774E+04     0.218839E+04     0.217415E+04     0.218483E+04     0.220072E+04     0.219888E+04     0.218244E+04     0.216651E+04     0.216411E+04     0.216724E+04     0.217211E+04     0.215716E+04     0.211988E+04     0.210271E+04     0.205130E+04     0.202977E+04     0.205516E+04     0.205388E+04     0.204547E+04     0.203527E+04     0.201138E+04     0.200829E+04     0.200743E+04     0.200306E+04     0.200000E+04     0.200000E+04     0.200000E+04     0.200000E+04     0.200000E+04     0.200951E+04     0.201688E+04     0.201247E+04     0.200000E+04     0.200000E+04     0.200000E+04     0.200000E+04     0.200000E+04     0.200000E+04     0.200000E+04     0.200000E+04     0.200000E+04     0.200000E+04     0.200000E+04     0.200000E+04     0.200000E+04     0.200000E+04     0.200000E+04     0.200000E+04     0.200000E+04     0.200000E+04     0.200000E+04     0.200000E+04     0.200000E+04     0.100000E+21
 0.330000E+04     0.241100E+04     0.243401E+04     0.242220E+04     0.242913E+04     0.243700E+04     0.243700E+04     0.246618E+04     0.247643E+04     0.214000E+04     0.229249E+04     0.225500E+04     0.225500E+04     0.225500E+04     0.225500E+04     0.225500E+04     0.225500E+04     0.227070E+04     0.229700E+04     0.229700E+04     0.232556E+04     0.233700E+04     0.226915E+04     0.223700E+04     0.223700E+04     0.223700E+04     0.223700E+04     0.223700E+04     0.222199E+04     0.221172E+04     0.223930E+04     0.227831E+04     0.243887E+04     0.230365E+04     0.225733E+04     0.234803E+04     0.232026E+04     0.227578E+04     0.229065E+04     0.229233E+04     0.239200E+04     0.241115E+04     0.244849E+04     0.244849E+04     0.225700E+04     0.225700E+04     0.226542E+04     0.226336E+04     0.226035E+04     0.229888E+04     0.227190E+04     0.224412E+04     0.224185E+04     0.223968E+04     0.223335E+04     0.223083E+04     0.220383E+04     0.213031E+04     0.217250E+04     0.216953E+04     0.214928E+04     0.218069E+04     0.218472E+04     0.228668E+04     0.225752E+04     0.235364E+04     0.236530E+04     0.235761E+04     0.230789E+04     0.224632E+04     0.220011E+04     0.219849E+04     0.219549E+04     0.219390E+04     0.219455E+04     0.218123E+04     0.218660E+04     0.219256E+04     0.219293E+04     0.219051E+04     0.217399E+04     0.216411E+04     0.216336E+04     0.216867E+04     0.216795E+04     0.216180E+04     0.215999E+04     0.210384E+04     0.201894E+04     0.203843E+04     0.204263E+04     0.205129E+04     0.205015E+04     0.201138E+04     0.201528E+04     0.201565E+04     0.201313E+04     0.200000E+04     0.200000E+04     0.200000E+04     0.200359E+04     0.200162E+04     0.200357E+04     0.201243E+04     0.201008E+04     0.200224E+04     0.200000E+04     0.200000E+04     0.200000E+04     0.200000E+04     0.200000E+04     0.200000E+04     0.200000E+04     0.200000E+04     0.200000E+04     0.200000E+04     0.200000E+04     0.200000E+04     0.200000E+04     0.200000E+04     0.200000E+04     0.200000E+04     0.200000E+04     0.200000E+04     0.200000E+04     0.200000E+04     0.100000E+21
 0.332000E+04     0.241100E+04     0.241100E+04     0.243015E+04     0.244950E+04     0.242266E+04     0.243700E+04     0.243700E+04     0.244876E+04     0.214000E+04     0.230057E+04     0.228635E+04     0.225500E+04     0.225500E+04     0.225500E+04     0.225500E+04     0.225500E+04     0.226177E+04     0.227363E+04     0.229700E+04     0.230657E+04     0.233700E+04     0.231330E+04     0.223700E+04     0.223700E+04     0.223700E+04     0.223700E+04     0.223700E+04     0.223236E+04     0.222200E+04     0.220800E+04     0.223847E+04     0.222200E+04     0.246056E+04     0.225733E+04     0.229594E+04     0.231700E+04     0.229361E+04     0.228797E+04     0.227540E+04     0.232001E+04     0.235338E+04     0.242495E+04     0.244459E+04     0.238859E+04     0.228652E+04     0.225700E+04     0.226667E+04     0.226298E+04     0.225493E+04     0.226465E+04     0.226904E+04     0.224185E+04     0.223960E+04     0.223353E+04     0.223083E+04     0.222618E+04     0.222340E+04     0.216266E+04     0.214389E+04     0.219076E+04     0.214890E+04     0.215842E+04     0.216099E+04     0.213575E+04     0.218720E+04     0.233146E+04     0.233089E+04     0.233686E+04     0.233837E+04     0.229364E+04     0.227096E+04     0.219549E+04     0.219379E+04     0.219258E+04     0.219270E+04     0.219909E+04     0.218550E+04     0.216910E+04     0.218562E+04     0.219425E+04     0.217968E+04     0.217370E+04     0.215926E+04     0.216045E+04     0.215917E+04     0.216491E+04     0.216146E+04     0.210409E+04     0.202618E+04     0.201614E+04     0.203614E+04     0.205015E+04     0.203485E+04     0.202981E+04     0.202771E+04     0.203479E+04     0.201949E+04     0.200000E+04     0.200000E+04     0.200394E+04     0.200787E+04     0.200000E+04     0.200000E+04     0.200000E+04     0.200307E+04     0.200000E+04     0.200000E+04     0.200000E+04     0.200000E+04     0.200000E+04     0.200000E+04     0.200000E+04     0.200000E+04     0.200000E+04     0.200000E+04     0.200000E+04     0.200000E+04     0.200000E+04     0.200000E+04     0.200000E+04     0.200000E+04     0.200000E+04     0.200000E+04     0.200000E+04     0.200000E+04     0.100000E+21
 0.334000E+04     0.251627E+04     0.245308E+04     0.242113E+04     0.243631E+04     0.243268E+04     0.242079E+04     0.243700E+04     0.243700E+04     0.214000E+04     0.230500E+04     0.230500E+04     0.225500E+04     0.225500E+04     0.225500E+04     0.225500E+04     0.225500E+04     0.225500E+04     0.225500E+04     0.229700E+04     0.229700E+04     0.233700E+04     0.233700E+04     0.223700E+04     0.223700E+04     0.223700E+04     0.223700E+04     0.223700E+04     0.223421E+04     0.223010E+04     0.221537E+04     0.223403E+04     0.224091E+04     0.236739E+04     0.239750E+04     0.225449E+04     0.230728E+04     0.229916E+04     0.228643E+04     0.226557E+04     0.228376E+04     0.229597E+04     0.235345E+04     0.240425E+04     0.244849E+04     0.239373E+04     0.225700E+04     0.226145E+04     0.226257E+04     0.225740E+04     0.225362E+04     0.227506E+04     0.227572E+04     0.225368E+04     0.223312E+04     0.223083E+04     0.222580E+04     0.222340E+04     0.221966E+04     0.218146E+04     0.214291E+04     0.213047E+04     0.217608E+04     0.215740E+04     0.215541E+04     0.212978E+04     0.221409E+04     0.234207E+04     0.232606E+04     0.233151E+04     0.234291E+04     0.232873E+04     0.224969E+04     0.221379E+04     0.218983E+04     0.218850E+04     0.219120E+04     0.219224E+04     0.218249E+04     0.217376E+04     0.218203E+04     0.219192E+04     0.218361E+04     0.217439E+04     0.215602E+04     0.215439E+04     0.215810E+04     0.216065E+04     0.215648E+04     0.211423E+04     0.201046E+04     0.202795E+04     0.205015E+04     0.204828E+04     0.204065E+04     0.203468E+04     0.203045E+04     0.202653E+04     0.201769E+04     0.200649E+04     0.200000E+04     0.200314E+04     0.200307E+04     0.200000E+04     0.200000E+04     0.200000E+04     0.200000E+04     0.200000E+04     0.200000E+04     0.200000E+04     0.200000E+04     0.200000E+04     0.200000E+04     0.200000E+04     0.200000E+04     0.200000E+04     0.200000E+04     0.200000E+04     0.200000E+04     0.200000E+04     0.200000E+04     0.200000E+04     0.200000E+04     0.200000E+04     0.200000E+04     0.200000E+04     0.100000E+21
 0.336000E+04     0.260600E+04     0.256645E+04     0.241100E+04     0.241100E+04     0.245764E+04     0.244800E+04     0.241846E+04     0.243093E+04     0.214000E+04     0.230931E+04     0.230500E+04     0.228598E+04     0.226758E+04     0.225500E+04     0.225500E+04     0.225500E+04     0.225500E+04     0.225500E+04     0.229700E+04     0.229700E+04     0.233700E+04     0.233700E+04     0.223700E+04     0.223700E+04     0.223700E+04     0.223700E+04     0.223700E+04     0.223700E+04     0.223700E+04     0.222200E+04     0.221507E+04     0.222270E+04     0.225986E+04     0.231403E+04     0.241647E+04     0.233231E+04     0.232838E+04     0.228971E+04     0.227330E+04     0.226512E+04     0.226876E+04     0.228895E+04     0.231940E+04     0.244849E+04     0.244849E+04     0.237562E+04     0.225700E+04     0.225822E+04     0.225951E+04     0.225629E+04     0.225599E+04     0.226208E+04     0.227515E+04     0.226359E+04     0.223083E+04     0.222595E+04     0.222340E+04     0.221966E+04     0.221728E+04     0.217283E+04     0.209451E+04     0.211699E+04     0.216002E+04     0.213613E+04     0.214541E+04     0.216410E+04     0.222212E+04     0.220981E+04     0.231364E+04     0.231658E+04     0.231159E+04     0.231693E+04     0.227835E+04     0.218987E+04     0.218850E+04     0.218705E+04     0.218771E+04     0.218596E+04     0.218428E+04     0.218567E+04     0.217149E+04     0.217836E+04     0.218725E+04     0.217537E+04     0.217372E+04     0.215195E+04     0.215313E+04     0.215111E+04     0.207892E+04     0.201334E+04     0.201415E+04     0.202550E+04     0.202072E+04     0.204042E+04     0.204452E+04     0.203909E+04     0.201922E+04     0.202192E+04     0.202215E+04     0.200000E+04     0.200000E+04     0.200348E+04     0.200521E+04     0.200390E+04     0.200000E+04     0.200000E+04     0.200000E+04     0.200000E+04     0.200000E+04     0.200000E+04     0.200000E+04     0.200000E+04     0.200000E+04     0.200000E+04     0.200000E+04     0.200000E+04     0.200000E+04     0.200000E+04     0.200000E+04     0.200000E+04     0.200000E+04     0.200000E+04     0.200000E+04     0.200000E+04     0.200000E+04     0.100000E+21
 0.338000E+04     0.261861E+04     0.260934E+04     0.251566E+04     0.241100E+04     0.243923E+04     0.246600E+04     0.244016E+04     0.242411E+04     0.234384E+04     0.231157E+04     0.230500E+04     0.230500E+04     0.227512E+04     0.225500E+04     0.225500E+04     0.225500E+04     0.225500E+04     0.225500E+04     0.226951E+04     0.229188E+04     0.230774E+04     0.233115E+04     0.227211E+04     0.223700E+04     0.223700E+04     0.223700E+04     0.223700E+04     0.223700E+04     0.223700E+04     0.223050E+04     0.221471E+04     0.220800E+04     0.224178E+04     0.222200E+04     0.251700E+04     0.234819E+04     0.228137E+04     0.232316E+04     0.228677E+04     0.227056E+04     0.225845E+04     0.228198E+04     0.228389E+04     0.242227E+04     0.244274E+04     0.244849E+04     0.239020E+04     0.228632E+04     0.225767E+04     0.225645E+04     0.224825E+04     0.224400E+04     0.225682E+04     0.228903E+04     0.227777E+04     0.222619E+04     0.222340E+04     0.221966E+04     0.221713E+04     0.221213E+04     0.216259E+04     0.207682E+04     0.214448E+04     0.217056E+04     0.213281E+04     0.213749E+04     0.216488E+04     0.214410E+04     0.217402E+04     0.231909E+04     0.230106E+04     0.229718E+04     0.230737E+04     0.224985E+04     0.224762E+04     0.220185E+04     0.218323E+04     0.218145E+04     0.218647E+04     0.219177E+04     0.217614E+04     0.216446E+04     0.217122E+04     0.217086E+04     0.218255E+04     0.216782E+04     0.210968E+04     0.206631E+04     0.201511E+04     0.200606E+04     0.200842E+04     0.200485E+04     0.200822E+04     0.201556E+04     0.201560E+04     0.203711E+04     0.203142E+04     0.203262E+04     0.202333E+04     0.200965E+04     0.201735E+04     0.200113E+04     0.200203E+04     0.200270E+04     0.200172E+04     0.200000E+04     0.200000E+04     0.200000E+04     0.200000E+04     0.200000E+04     0.200000E+04     0.200000E+04     0.200000E+04     0.200000E+04     0.200000E+04     0.200000E+04     0.200000E+04     0.200000E+04     0.200000E+04     0.200000E+04     0.200000E+04     0.200000E+04     0.200000E+04     0.200000E+04     0.200000E+04     0.100000E+21
 0.340000E+04     0.262300E+04     0.262300E+04     0.260600E+04     0.260600E+04     0.241100E+04     0.241100E+04     0.246600E+04     0.246600E+04     0.240700E+04     0.231165E+04     0.230500E+04     0.230500E+04     0.230500E+04     0.225500E+04     0.225500E+04     0.225500E+04     0.225500E+04     0.225500E+04     0.225500E+04     0.228723E+04     0.229700E+04     0.232606E+04     0.229589E+04     0.223700E+04     0.223700E+04     0.223700E+04     0.223700E+04     0.223700E+04     0.223700E+04     0.223700E+04     0.221800E+04     0.220800E+04     0.221095E+04     0.222200E+04     0.222200E+04     0.240714E+04     0.224878E+04     0.225177E+04     0.229233E+04     0.228755E+04     0.228544E+04     0.225487E+04     0.227402E+04     0.229739E+04     0.237742E+04     0.244849E+04     0.244849E+04     0.244849E+04     0.225700E+04     0.225700E+04     0.225099E+04     0.224865E+04     0.224360E+04     0.225163E+04     0.229428E+04     0.227370E+04     0.222340E+04     0.221966E+04     0.221716E+04     0.221213E+04     0.220776E+04     0.220453E+04     0.214462E+04     0.206960E+04     0.206597E+04     0.211991E+04     0.212612E+04     0.213412E+04     0.215680E+04     0.215273E+04     0.208155E+04     0.228707E+04     0.228038E+04     0.228099E+04     0.229973E+04     0.227375E+04     0.218326E+04     0.218145E+04     0.217838E+04     0.217671E+04     0.217434E+04     0.218640E+04     0.218475E+04     0.213483E+04     0.206312E+04     0.206128E+04     0.203804E+04     0.202117E+04     0.201947E+04     0.200000E+04     0.200497E+04     0.201335E+04     0.201138E+04     0.200240E+04     0.200425E+04     0.200283E+04     0.204074E+04     0.203885E+04     0.203754E+04     0.203504E+04     0.201647E+04     0.201664E+04     0.200000E+04     0.200000E+04     0.200000E+04     0.200000E+04     0.200000E+04     0.200000E+04     0.200000E+04     0.200000E+04     0.200000E+04     0.200000E+04     0.200000E+04     0.200000E+04     0.200000E+04     0.200000E+04     0.200000E+04     0.200000E+04     0.200000E+04     0.200000E+04     0.200000E+04     0.200000E+04     0.200000E+04     0.200000E+04     0.200000E+04     0.100000E+21
 0.342000E+04     0.245462E+04     0.256408E+04     0.261245E+04     0.260600E+04     0.248452E+04     0.241100E+04     0.243794E+04     0.245721E+04     0.243823E+04     0.231211E+04     0.230918E+04     0.230500E+04     0.230500E+04     0.225500E+04     0.225500E+04     0.225500E+04     0.225500E+04     0.225500E+04     0.225500E+04     0.228616E+04     0.229700E+04     0.232514E+04     0.231698E+04     0.229032E+04     0.225391E+04     0.223700E+04     0.223700E+04     0.223700E+04     0.223700E+04     0.223700E+04     0.221992E+04     0.221545E+04     0.221577E+04     0.224035E+04     0.222200E+04     0.240842E+04     0.238954E+04     0.225975E+04     0.231473E+04     0.228450E+04     0.227747E+04     0.226906E+04     0.226493E+04     0.228550E+04     0.233027E+04     0.242943E+04     0.244849E+04     0.244849E+04     0.225700E+04     0.225700E+04     0.225259E+04     0.224865E+04     0.224503E+04     0.224446E+04     0.226149E+04     0.228127E+04     0.225710E+04     0.221966E+04     0.221716E+04     0.221213E+04     0.220751E+04     0.220452E+04     0.217254E+04     0.213464E+04     0.213237E+04     0.210095E+04     0.215729E+04     0.212779E+04     0.213771E+04     0.213336E+04     0.211351E+04     0.216230E+04     0.225425E+04     0.227296E+04     0.227831E+04     0.227705E+04     0.222930E+04     0.221305E+04     0.217837E+04     0.217671E+04     0.217434E+04     0.215679E+04     0.210138E+04     0.209512E+04     0.206312E+04     0.206128E+04     0.204936E+04     0.204025E+04     0.202335E+04     0.200906E+04     0.200744E+04     0.200654E+04     0.201138E+04     0.200660E+04     0.200199E+04     0.200221E+04     0.202005E+04     0.201818E+04     0.203131E+04     0.203504E+04     0.202663E+04     0.201250E+04     0.200396E+04     0.200800E+04     0.200000E+04     0.200000E+04     0.200000E+04     0.200000E+04     0.200000E+04     0.200000E+04     0.200000E+04     0.200000E+04     0.200000E+04     0.200000E+04     0.200000E+04     0.200000E+04     0.200000E+04     0.200000E+04     0.200000E+04     0.200000E+04     0.200000E+04     0.200000E+04     0.200000E+04     0.200000E+04     0.200000E+04     0.100000E+21
 0.344000E+04     0.230800E+04     0.240885E+04     0.261960E+04     0.261358E+04     0.253518E+04     0.241100E+04     0.241100E+04     0.242985E+04     0.246600E+04     0.231300E+04     0.231300E+04     0.230500E+04     0.230500E+04     0.227730E+04     0.226256E+04     0.225500E+04     0.225500E+04     0.225500E+04     0.225500E+04     0.227047E+04     0.229700E+04     0.231098E+04     0.233700E+04     0.233700E+04     0.227635E+04     0.223700E+04     0.223700E+04     0.223700E+04     0.223700E+04     0.223700E+04     0.222613E+04     0.222200E+04     0.221655E+04     0.223515E+04     0.222200E+04     0.231663E+04     0.251700E+04     0.225955E+04     0.229404E+04     0.229511E+04     0.227708E+04     0.228198E+04     0.227887E+04     0.226283E+04     0.227572E+04     0.235505E+04     0.244849E+04     0.244849E+04     0.234249E+04     0.229179E+04     0.225523E+04     0.225237E+04     0.224825E+04     0.223736E+04     0.223503E+04     0.226156E+04     0.225978E+04     0.224955E+04     0.224694E+04     0.221213E+04     0.220713E+04     0.220453E+04     0.219896E+04     0.219685E+04     0.219298E+04     0.214115E+04     0.212882E+04     0.211386E+04     0.214635E+04     0.211597E+04     0.212684E+04     0.209410E+04     0.217977E+04     0.219954E+04     0.226965E+04     0.227168E+04     0.226087E+04     0.225495E+04     0.220965E+04     0.219658E+04     0.217551E+04     0.211706E+04     0.202912E+04     0.204760E+04     0.204562E+04     0.206128E+04     0.206022E+04     0.205759E+04     0.204190E+04     0.201727E+04     0.201160E+04     0.200622E+04     0.201138E+04     0.200736E+04     0.200331E+04     0.200212E+04     0.200014E+04     0.200000E+04     0.201264E+04     0.203504E+04     0.203387E+04     0.201866E+04     0.201716E+04     0.201565E+04     0.200526E+04     0.200000E+04     0.200000E+04     0.200000E+04     0.200000E+04     0.200000E+04     0.200000E+04     0.200000E+04     0.200000E+04     0.200000E+04     0.200000E+04     0.200000E+04     0.200000E+04     0.200000E+04     0.200000E+04     0.200000E+04     0.200000E+04     0.200000E+04     0.200000E+04     0.200000E+04     0.200000E+04     0.100000E+21
 0.346000E+04     0.230800E+04     0.230800E+04     0.262300E+04     0.262300E+04     0.257384E+04     0.252836E+04     0.241100E+04     0.241100E+04     0.243289E+04     0.230269E+04     0.231300E+04     0.230952E+04     0.230691E+04     0.230500E+04     0.227004E+04     0.225500E+04     0.225500E+04     0.225500E+04     0.225500E+04     0.225500E+04     0.229700E+04     0.229700E+04     0.233700E+04     0.233700E+04     0.227580E+04     0.223700E+04     0.223700E+04     0.223700E+04     0.223700E+04     0.223700E+04     0.223148E+04     0.222200E+04     0.221383E+04     0.220800E+04     0.224172E+04     0.222983E+04     0.251700E+04     0.236508E+04     0.224303E+04     0.231222E+04     0.228544E+04     0.228198E+04     0.228803E+04     0.228399E+04     0.226416E+04     0.227777E+04     0.235123E+04     0.241670E+04     0.244849E+04     0.240324E+04     0.225700E+04     0.225700E+04     0.225413E+04     0.224606E+04     0.223764E+04     0.222980E+04     0.222546E+04     0.224883E+04     0.226870E+04     0.225107E+04     0.220717E+04     0.220453E+04     0.219897E+04     0.219685E+04     0.219298E+04     0.219028E+04     0.213477E+04     0.212213E+04     0.210627E+04     0.207480E+04     0.212385E+04     0.205748E+04     0.205826E+04     0.213062E+04     0.219172E+04     0.214137E+04     0.225321E+04     0.224779E+04     0.220350E+04     0.219599E+04     0.217687E+04     0.214773E+04     0.211594E+04     0.208417E+04     0.202574E+04     0.204084E+04     0.203852E+04     0.205759E+04     0.205628E+04     0.203925E+04     0.202725E+04     0.201335E+04     0.201138E+04     0.200765E+04     0.200295E+04     0.200335E+04     0.200195E+04     0.200000E+04     0.200000E+04     0.201405E+04     0.201367E+04     0.203047E+04     0.202929E+04     0.202302E+04     0.200603E+04     0.200000E+04     0.200000E+04     0.200000E+04     0.200000E+04     0.200000E+04     0.200000E+04     0.200000E+04     0.200000E+04     0.200000E+04     0.200000E+04     0.200000E+04     0.200000E+04     0.200000E+04     0.200000E+04     0.200000E+04     0.200000E+04     0.200000E+04     0.200000E+04     0.200000E+04     0.200000E+04     0.100000E+21
 0.348000E+04     0.230800E+04     0.230800E+04     0.249930E+04     0.262300E+04     0.261258E+04     0.260600E+04     0.251144E+04     0.251362E+04     0.241100E+04     0.229435E+04     0.231300E+04     0.231300E+04     0.230823E+04     0.230500E+04     0.226537E+04     0.225500E+04     0.225500E+04     0.225500E+04     0.225500E+04     0.225500E+04     0.229700E+04     0.229700E+04     0.233700E+04     0.233700E+04     0.230581E+04     0.223700E+04     0.223700E+04     0.223700E+04     0.223700E+04     0.223700E+04     0.223251E+04     0.222200E+04     0.221858E+04     0.220800E+04     0.225700E+04     0.223488E+04     0.251700E+04     0.246162E+04     0.224303E+04     0.229289E+04     0.230765E+04     0.228198E+04     0.227257E+04     0.228997E+04     0.225833E+04     0.225375E+04     0.227471E+04     0.233439E+04     0.244849E+04     0.244849E+04     0.232266E+04     0.225700E+04     0.225700E+04     0.225421E+04     0.224831E+04     0.223229E+04     0.222803E+04     0.222170E+04     0.223868E+04     0.227685E+04     0.223633E+04     0.220453E+04     0.219907E+04     0.219685E+04     0.219298E+04     0.218993E+04     0.218518E+04     0.215930E+04     0.211614E+04     0.211546E+04     0.210366E+04     0.202204E+04     0.206868E+04     0.206480E+04     0.205933E+04     0.206665E+04     0.220981E+04     0.219824E+04     0.217008E+04     0.217231E+04     0.217687E+04     0.217377E+04     0.217211E+04     0.215037E+04     0.210201E+04     0.209310E+04     0.204894E+04     0.203810E+04     0.203444E+04     0.205388E+04     0.204468E+04     0.203229E+04     0.203115E+04     0.201445E+04     0.200407E+04     0.200494E+04     0.200167E+04     0.200080E+04     0.200024E+04     0.200000E+04     0.200000E+04     0.201455E+04     0.201320E+04     0.202208E+04     0.201088E+04     0.200000E+04     0.200000E+04     0.200000E+04     0.200000E+04     0.200000E+04     0.200000E+04     0.200000E+04     0.200000E+04     0.200000E+04     0.200000E+04     0.200000E+04     0.200000E+04     0.200000E+04     0.200000E+04     0.200000E+04     0.200000E+04     0.200000E+04     0.200000E+04     0.200000E+04     0.200000E+04     0.100000E+21
 0.350000E+04     0.241796E+04     0.233530E+04     0.233297E+04     0.232519E+04     0.262127E+04     0.262029E+04     0.260600E+04     0.260600E+04     0.257640E+04     0.229030E+04     0.229399E+04     0.231300E+04     0.231173E+04     0.230500E+04     0.230285E+04     0.225500E+04     0.225500E+04     0.225500E+04     0.225500E+04     0.225500E+04     0.225836E+04     0.229019E+04     0.231965E+04     0.233700E+04     0.233700E+04     0.223700E+04     0.223700E+04     0.223700E+04     0.223700E+04     0.223700E+04     0.223290E+04     0.222200E+04     0.221936E+04     0.220800E+04     0.222339E+04     0.222339E+04     0.227929E+04     0.251112E+04     0.246165E+04     0.227438E+04     0.232856E+04     0.228198E+04     0.227768E+04     0.227501E+04     0.228795E+04     0.224039E+04     0.224060E+04     0.226009E+04     0.229271E+04     0.242711E+04     0.242386E+04     0.243598E+04     0.239193E+04     0.225700E+04     0.225700E+04     0.224781E+04     0.223021E+04     0.222497E+04     0.222266E+04     0.222474E+04     0.221738E+04     0.225615E+04     0.222627E+04     0.219685E+04     0.219298E+04     0.218949E+04     0.218519E+04     0.217997E+04     0.217732E+04     0.217335E+04     0.215519E+04     0.215820E+04     0.206951E+04     0.206062E+04     0.217151E+04     0.215031E+04     0.219304E+04     0.217131E+04     0.216823E+04     0.216651E+04     0.216806E+04     0.216640E+04     0.217211E+04     0.216933E+04     0.216732E+04     0.216249E+04     0.214056E+04     0.212579E+04     0.202316E+04     0.202185E+04     0.203226E+04     0.205015E+04     0.204828E+04     0.204305E+04     0.200743E+04     0.200599E+04     0.200240E+04     0.200017E+04     0.200017E+04     0.200000E+04     0.200000E+04     0.200000E+04     0.200000E+04     0.200433E+04     0.201888E+04     0.200000E+04     0.200000E+04     0.200000E+04     0.200000E+04     0.200000E+04     0.200000E+04     0.200000E+04     0.200000E+04     0.200000E+04     0.200000E+04     0.200000E+04     0.200000E+04     0.200000E+04     0.200000E+04     0.200000E+04     0.200000E+04     0.200000E+04     0.200000E+04     0.200000E+04     0.200000E+04     0.100000E+21
 0.352000E+04     0.242400E+04     0.242400E+04     0.230800E+04     0.230800E+04     0.239598E+04     0.262300E+04     0.262300E+04     0.261130E+04     0.260600E+04     0.228900E+04     0.228900E+04     0.231300E+04     0.231300E+04     0.230500E+04     0.230500E+04     0.225500E+04     0.225500E+04     0.225500E+04     0.225500E+04     0.225500E+04     0.225500E+04     0.228494E+04     0.231320E+04     0.233700E+04     0.233700E+04     0.223700E+04     0.223700E+04     0.223700E+04     0.223700E+04     0.223700E+04     0.223700E+04     0.223700E+04     0.222200E+04     0.222200E+04     0.220800E+04     0.223906E+04     0.222200E+04     0.251700E+04     0.251700E+04     0.223902E+04     0.223723E+04     0.232527E+04     0.228876E+04     0.225917E+04     0.226783E+04     0.230120E+04     0.223673E+04     0.223414E+04     0.225731E+04     0.227126E+04     0.242420E+04     0.244849E+04     0.244849E+04     0.239446E+04     0.225700E+04     0.225700E+04     0.225700E+04     0.225700E+04     0.223402E+04     0.221894E+04     0.220956E+04     0.220648E+04     0.226471E+04     0.226264E+04     0.225905E+04     0.220286E+04     0.218518E+04     0.217996E+04     0.217732E+04     0.217335E+04     0.217041E+04     0.216536E+04     0.217453E+04     0.217484E+04     0.217338E+04     0.217843E+04     0.218427E+04     0.219888E+04     0.218767E+04     0.216651E+04     0.216411E+04     0.216097E+04     0.215926E+04     0.215913E+04     0.216732E+04     0.216491E+04     0.216342E+04     0.216007E+04     0.215169E+04     0.214736E+04     0.201344E+04     0.201020E+04     0.200822E+04     0.203751E+04     0.204452E+04     0.204318E+04     0.200345E+04     0.200146E+04     0.200046E+04     0.200000E+04     0.200000E+04     0.200000E+04     0.200000E+04     0.200000E+04     0.200000E+04     0.200000E+04     0.200000E+04     0.200000E+04     0.200000E+04     0.200000E+04     0.200000E+04     0.200000E+04     0.200000E+04     0.200000E+04     0.200000E+04     0.200000E+04     0.200000E+04     0.200000E+04     0.200000E+04     0.200000E+04     0.200000E+04     0.200000E+04     0.200000E+04     0.200000E+04     0.200000E+04     0.100000E+21
 0.354000E+04     0.242400E+04     0.242400E+04     0.230800E+04     0.230800E+04     0.236777E+04     0.251232E+04     0.262300E+04     0.261604E+04     0.260600E+04     0.228900E+04     0.228900E+04     0.231300E+04     0.231300E+04     0.230785E+04     0.230604E+04     0.227266E+04     0.225500E+04     0.225500E+04     0.225500E+04     0.225500E+04     0.225500E+04     0.228208E+04     0.231427E+04     0.233700E+04     0.233700E+04     0.225733E+04     0.223700E+04     0.223700E+04     0.223700E+04     0.223700E+04     0.223700E+04     0.223700E+04     0.222200E+04     0.222200E+04     0.220800E+04     0.222633E+04     0.222200E+04     0.245071E+04     0.251700E+04     0.229989E+04     0.223723E+04     0.232527E+04     0.229271E+04     0.226471E+04     0.226605E+04     0.228768E+04     0.225812E+04     0.224401E+04     0.224748E+04     0.226067E+04     0.238860E+04     0.243546E+04     0.244175E+04     0.241017E+04     0.232384E+04     0.229997E+04     0.225700E+04     0.225700E+04     0.224336E+04     0.221894E+04     0.221029E+04     0.220648E+04     0.223881E+04     0.223676E+04     0.225905E+04     0.222414E+04     0.220864E+04     0.217977E+04     0.217732E+04     0.217335E+04     0.217069E+04     0.218101E+04     0.218689E+04     0.218134E+04     0.217338E+04     0.217584E+04     0.218249E+04     0.219098E+04     0.219028E+04     0.217623E+04     0.216411E+04     0.216082E+04     0.215926E+04     0.215823E+04     0.216272E+04     0.216491E+04     0.216350E+04     0.216007E+04     0.215443E+04     0.215014E+04     0.204253E+04     0.201149E+04     0.200934E+04     0.202592E+04     0.203046E+04     0.203697E+04     0.201856E+04     0.201452E+04     0.200662E+04     0.200000E+04     0.200000E+04     0.200597E+04     0.200806E+04     0.200889E+04     0.200000E+04     0.200000E+04     0.200000E+04     0.200000E+04     0.200000E+04     0.200000E+04     0.200000E+04     0.200000E+04     0.200000E+04     0.200000E+04     0.200000E+04     0.200000E+04     0.200000E+04     0.200000E+04     0.200000E+04     0.200000E+04     0.200000E+04     0.200000E+04     0.200000E+04     0.200000E+04     0.200000E+04     0.100000E+21
 0.356000E+04     0.240777E+04     0.241728E+04     0.234432E+04     0.230800E+04     0.230800E+04     0.230800E+04     0.262300E+04     0.262300E+04     0.261462E+04     0.228900E+04     0.228900E+04     0.230089E+04     0.230769E+04     0.231300E+04     0.230753E+04     0.230500E+04     0.225500E+04     0.225500E+04     0.225500E+04     0.225500E+04     0.225500E+04     0.226781E+04     0.230574E+04     0.231671E+04     0.232904E+04     0.229791E+04     0.223700E+04     0.223700E+04     0.223700E+04     0.223700E+04     0.223700E+04     0.223700E+04     0.222200E+04     0.222200E+04     0.220800E+04     0.220800E+04     0.223975E+04     0.231375E+04     0.251700E+04     0.239734E+04     0.223723E+04     0.227914E+04     0.229360E+04     0.227501E+04     0.226794E+04     0.225991E+04     0.228087E+04     0.227051E+04     0.226059E+04     0.224754E+04     0.229328E+04     0.233927E+04     0.234910E+04     0.243676E+04     0.244849E+04     0.241445E+04     0.235413E+04     0.235362E+04     0.229503E+04     0.223825E+04     0.222761E+04     0.220894E+04     0.220224E+04     0.219876E+04     0.222650E+04     0.222397E+04     0.225182E+04     0.221358E+04     0.221123E+04     0.218692E+04     0.218488E+04     0.221019E+04     0.220878E+04     0.219827E+04     0.218857E+04     0.217809E+04     0.217468E+04     0.217640E+04     0.218428E+04     0.218278E+04     0.217814E+04     0.216959E+04     0.215926E+04     0.215602E+04     0.215439E+04     0.215837E+04     0.215697E+04     0.216007E+04     0.215840E+04     0.215521E+04     0.211949E+04     0.207847E+04     0.207658E+04     0.203108E+04     0.200209E+04     0.201455E+04     0.204074E+04     0.203885E+04     0.201497E+04     0.201776E+04     0.201717E+04     0.201839E+04     0.201516E+04     0.201855E+04     0.200606E+04     0.200000E+04     0.200000E+04     0.200000E+04     0.200000E+04     0.200000E+04     0.200000E+04     0.200000E+04     0.200000E+04     0.200000E+04     0.200000E+04     0.200000E+04     0.200000E+04     0.200000E+04     0.200000E+04     0.200000E+04     0.200000E+04     0.200000E+04     0.200000E+04     0.200000E+04     0.200000E+04     0.100000E+21
 0.358000E+04     0.243500E+04     0.240783E+04     0.242400E+04     0.242400E+04     0.230800E+04     0.230800E+04     0.230800E+04     0.252440E+04     0.262300E+04     0.253901E+04     0.228900E+04     0.228900E+04     0.230331E+04     0.231300E+04     0.230655E+04     0.230500E+04     0.228758E+04     0.225500E+04     0.225500E+04     0.225500E+04     0.225500E+04     0.225500E+04     0.229700E+04     0.229700E+04     0.232372E+04     0.230939E+04     0.223700E+04     0.223700E+04     0.223700E+04     0.223700E+04     0.223700E+04     0.223700E+04     0.222200E+04     0.222200E+04     0.222200E+04     0.221313E+04     0.225700E+04     0.227745E+04     0.251700E+04     0.244444E+04     0.232856E+04     0.223432E+04     0.230243E+04     0.231865E+04     0.228560E+04     0.225200E+04     0.230863E+04     0.227508E+04     0.229096E+04     0.228847E+04     0.223052E+04     0.224650E+04     0.224427E+04     0.230472E+04     0.241115E+04     0.244849E+04     0.244849E+04     0.244849E+04     0.244849E+04     0.244849E+04     0.225700E+04     0.225700E+04     0.220589E+04     0.220367E+04     0.219980E+04     0.219274E+04     0.218703E+04     0.218947E+04     0.220241E+04     0.220011E+04     0.219841E+04     0.219549E+04     0.220437E+04     0.220474E+04     0.220333E+04     0.220184E+04     0.218968E+04     0.216620E+04     0.216612E+04     0.217163E+04     0.216924E+04     0.218889E+04     0.218725E+04     0.217810E+04     0.215439E+04     0.215195E+04     0.215044E+04     0.214703E+04     0.214502E+04     0.215521E+04     0.215186E+04     0.215031E+04     0.214785E+04     0.213989E+04     0.200743E+04     0.200219E+04     0.200345E+04     0.200000E+04     0.200000E+04     0.200000E+04     0.200000E+04     0.203058E+04     0.202929E+04     0.201511E+04     0.200245E+04     0.200000E+04     0.200000E+04     0.200000E+04     0.200000E+04     0.200000E+04     0.200000E+04     0.200000E+04     0.200000E+04     0.200000E+04     0.200000E+04     0.200000E+04     0.200000E+04     0.200000E+04     0.200000E+04     0.200000E+04     0.200000E+04     0.200000E+04     0.200000E+04     0.200000E+04     0.200000E+04     0.100000E+21
 0.360000E+04     0.243500E+04     0.242744E+04     0.240532E+04     0.242400E+04     0.237137E+04     0.230800E+04     0.230800E+04     0.236089E+04     0.262300E+04     0.254980E+04     0.228900E+04     0.228900E+04     0.230305E+04     0.231300E+04     0.231201E+04     0.230500E+04     0.228686E+04     0.225500E+04     0.225500E+04     0.225500E+04     0.225500E+04     0.225500E+04     0.229700E+04     0.229700E+04     0.232313E+04     0.232700E+04     0.231560E+04     0.223700E+04     0.223700E+04     0.223700E+04     0.223700E+04     0.223700E+04     0.223121E+04     0.222200E+04     0.222200E+04     0.221332E+04     0.222005E+04     0.224557E+04     0.229580E+04     0.248827E+04     0.245213E+04     0.223432E+04     0.224453E+04     0.231865E+04     0.228624E+04     0.226251E+04     0.226174E+04     0.228786E+04     0.226430E+04     0.226256E+04     0.225330E+04     0.222397E+04     0.222527E+04     0.226536E+04     0.228981E+04     0.233243E+04     0.241998E+04     0.244849E+04     0.244849E+04     0.244849E+04     0.238573E+04     0.225700E+04     0.222517E+04     0.220367E+04     0.219980E+04     0.219606E+04     0.219085E+04     0.228605E+04     0.228076E+04     0.220011E+04     0.219844E+04     0.219549E+04     0.219594E+04     0.219844E+04     0.220333E+04     0.220187E+04     0.219495E+04     0.219014E+04     0.216433E+04     0.216364E+04     0.216924E+04     0.217268E+04     0.216942E+04     0.218167E+04     0.217547E+04     0.217047E+04     0.215739E+04     0.214703E+04     0.214501E+04     0.214531E+04     0.214598E+04     0.215031E+04     0.214785E+04     0.206135E+04     0.200743E+04     0.200520E+04     0.200117E+04     0.200115E+04     0.200029E+04     0.200000E+04     0.200000E+04     0.201551E+04     0.202929E+04     0.202427E+04     0.201459E+04     0.200000E+04     0.200000E+04     0.200000E+04     0.200000E+04     0.200000E+04     0.200000E+04     0.200000E+04     0.200000E+04     0.200000E+04     0.200000E+04     0.200000E+04     0.200000E+04     0.200000E+04     0.200000E+04     0.200000E+04     0.200000E+04     0.200000E+04     0.200000E+04     0.200000E+04     0.200000E+04     0.100000E+21
 0.362000E+04     0.243500E+04     0.243500E+04     0.242506E+04     0.239200E+04     0.242400E+04     0.242400E+04     0.230800E+04     0.230800E+04     0.230800E+04     0.257486E+04     0.228900E+04     0.228900E+04     0.228900E+04     0.231300E+04     0.231300E+04     0.230500E+04     0.228787E+04     0.225500E+04     0.225500E+04     0.225500E+04     0.225500E+04     0.225500E+04     0.227195E+04     0.229700E+04     0.229700E+04     0.233700E+04     0.233700E+04     0.223700E+04     0.223700E+04     0.223700E+04     0.223700E+04     0.223700E+04     0.223409E+04     0.222200E+04     0.222200E+04     0.221307E+04     0.220800E+04     0.225421E+04     0.222200E+04     0.251700E+04     0.251700E+04     0.232527E+04     0.224729E+04     0.222846E+04     0.229066E+04     0.226797E+04     0.226443E+04     0.225033E+04     0.230188E+04     0.229920E+04     0.224888E+04     0.224650E+04     0.226535E+04     0.220967E+04     0.220681E+04     0.223657E+04     0.225148E+04     0.241115E+04     0.243645E+04     0.244849E+04     0.244849E+04     0.244849E+04     0.236778E+04     0.225700E+04     0.225700E+04     0.232959E+04     0.236778E+04     0.234751E+04     0.232215E+04     0.231348E+04     0.230682E+04     0.219549E+04     0.219374E+04     0.218994E+04     0.218850E+04     0.219672E+04     0.219824E+04     0.219641E+04     0.219344E+04     0.219177E+04     0.215894E+04     0.215581E+04     0.215407E+04     0.216160E+04     0.215959E+04     0.218019E+04     0.217873E+04     0.214703E+04     0.214475E+04     0.214208E+04     0.202594E+04     0.205015E+04     0.204828E+04     0.204676E+04     0.200743E+04     0.200599E+04     0.200345E+04     0.200000E+04     0.200000E+04     0.200000E+04     0.200000E+04     0.200000E+04     0.200000E+04     0.200000E+04     0.201879E+04     0.200000E+04     0.200000E+04     0.200000E+04     0.200000E+04     0.200000E+04     0.200000E+04     0.200000E+04     0.200000E+04     0.200000E+04     0.200000E+04     0.200000E+04     0.200000E+04     0.200000E+04     0.200000E+04     0.200000E+04     0.200000E+04     0.200000E+04     0.200000E+04     0.200000E+04     0.200000E+04     0.100000E+21
 0.364000E+04     0.243500E+04     0.243500E+04     0.242191E+04     0.239200E+04     0.242400E+04     0.242400E+04     0.230800E+04     0.230800E+04     0.230800E+04     0.254326E+04     0.228900E+04     0.228900E+04     0.228900E+04     0.231300E+04     0.231300E+04     0.230500E+04     0.228653E+04     0.225500E+04     0.225500E+04     0.225500E+04     0.225500E+04     0.225500E+04     0.227261E+04     0.229700E+04     0.229700E+04     0.233700E+04     0.233700E+04     0.223700E+04     0.223700E+04     0.223700E+04     0.223700E+04     0.223700E+04     0.223305E+04     0.222200E+04     0.222200E+04     0.221340E+04     0.220800E+04     0.224947E+04     0.222200E+04     0.251700E+04     0.251700E+04     0.232527E+04     0.225489E+04     0.222846E+04     0.228718E+04     0.226797E+04     0.226443E+04     0.225111E+04     0.230188E+04     0.229950E+04     0.224878E+04     0.224650E+04     0.226477E+04     0.220944E+04     0.220681E+04     0.223759E+04     0.225148E+04     0.241115E+04     0.243530E+04     0.244849E+04     0.244849E+04     0.244849E+04     0.236533E+04     0.225700E+04     0.225700E+04     0.232053E+04     0.236778E+04     0.234635E+04     0.232215E+04     0.231348E+04     0.230727E+04     0.219549E+04     0.219388E+04     0.218989E+04     0.218850E+04     0.219639E+04     0.219803E+04     0.219641E+04     0.219334E+04     0.219177E+04     0.215894E+04     0.215572E+04     0.215407E+04     0.216141E+04     0.215959E+04     0.218019E+04     0.217877E+04     0.214703E+04     0.214509E+04     0.214208E+04     0.202681E+04     0.205015E+04     0.204827E+04     0.204689E+04     0.200743E+04     0.200608E+04     0.200345E+04     0.200000E+04     0.200000E+04     0.200000E+04     0.200000E+04     0.200000E+04     0.200000E+04     0.200000E+04     0.201745E+04     0.200000E+04     0.200000E+04     0.200000E+04     0.200000E+04     0.200000E+04     0.200000E+04     0.200000E+04     0.200000E+04     0.200000E+04     0.200000E+04     0.200000E+04     0.200000E+04     0.200000E+04     0.200000E+04     0.200000E+04     0.200000E+04     0.200000E+04     0.200000E+04     0.200000E+04     0.200000E+04     0.100000E+21
 0.366000E+04     0.255500E+04     0.251441E+04     0.242630E+04     0.240976E+04     0.241566E+04     0.242400E+04     0.235960E+04     0.232844E+04     0.230800E+04     0.243269E+04     0.228900E+04     0.228900E+04     0.228900E+04     0.231300E+04     0.231300E+04     0.230830E+04     0.230500E+04     0.230500E+04     0.225500E+04     0.225500E+04     0.225500E+04     0.225500E+04     0.227337E+04     0.229700E+04     0.229700E+04     0.233700E+04     0.233700E+04     0.226266E+04     0.223700E+04     0.223700E+04     0.223700E+04     0.223700E+04     0.223203E+04     0.222200E+04     0.222200E+04     0.221725E+04     0.220800E+04     0.223816E+04     0.223649E+04     0.234709E+04     0.251700E+04     0.251700E+04     0.234805E+04     0.222846E+04     0.222660E+04     0.231198E+04     0.226443E+04     0.226219E+04     0.224782E+04     0.224777E+04     0.227400E+04     0.227304E+04     0.226593E+04     0.226914E+04     0.225585E+04     0.223417E+04     0.224256E+04     0.221147E+04     0.222526E+04     0.233099E+04     0.238589E+04     0.243302E+04     0.239302E+04     0.232809E+04     0.211805E+04     0.220995E+04     0.233943E+04     0.233210E+04     0.233452E+04     0.232563E+04     0.232040E+04     0.229586E+04     0.225496E+04     0.221122E+04     0.218850E+04     0.218710E+04     0.218597E+04     0.219022E+04     0.218935E+04     0.219177E+04     0.218943E+04     0.218622E+04     0.218475E+04     0.216377E+04     0.216194E+04     0.216061E+04     0.216680E+04     0.215550E+04     0.209586E+04     0.206094E+04     0.200227E+04     0.200566E+04     0.203170E+04     0.204075E+04     0.204452E+04     0.204333E+04     0.201998E+04     0.200146E+04     0.200055E+04     0.200000E+04     0.200000E+04     0.200000E+04     0.200000E+04     0.200000E+04     0.200000E+04     0.200000E+04     0.200000E+04     0.200000E+04     0.200000E+04     0.200000E+04     0.200000E+04     0.200000E+04     0.200000E+04     0.200000E+04     0.200000E+04     0.200000E+04     0.200000E+04     0.200000E+04     0.200000E+04     0.200000E+04     0.200000E+04     0.200000E+04     0.200000E+04     0.200000E+04     0.200000E+04     0.100000E+21
 0.368000E+04     0.255500E+04     0.255500E+04     0.252681E+04     0.243500E+04     0.242370E+04     0.239200E+04     0.242400E+04     0.242400E+04     0.230800E+04     0.230515E+04     0.228900E+04     0.228900E+04     0.228900E+04     0.228900E+04     0.231042E+04     0.231300E+04     0.230500E+04     0.230500E+04     0.225500E+04     0.225500E+04     0.225500E+04     0.225500E+04     0.225500E+04     0.225500E+04     0.228337E+04     0.230493E+04     0.233700E+04     0.230657E+04     0.223700E+04     0.223700E+04     0.223700E+04     0.223700E+04     0.223700E+04     0.223700E+04     0.222200E+04     0.222200E+04     0.220800E+04     0.221262E+04     0.225700E+04     0.233478E+04     0.251700E+04     0.251700E+04     0.251700E+04     0.231865E+04     0.225204E+04     0.222255E+04     0.230862E+04     0.227443E+04     0.225731E+04     0.225450E+04     0.223817E+04     0.224650E+04     0.224426E+04     0.224974E+04     0.228128E+04     0.226582E+04     0.222817E+04     0.225945E+04     0.225703E+04     0.218753E+04     0.217001E+04     0.207682E+04     0.217348E+04     0.213613E+04     0.213281E+04     0.216429E+04     0.216488E+04     0.215437E+04     0.233476E+04     0.232622E+04     0.230331E+04     0.232590E+04     0.231943E+04     0.227434E+04     0.226871E+04     0.226264E+04     0.218329E+04     0.218145E+04     0.217841E+04     0.217671E+04     0.217434E+04     0.217917E+04     0.215926E+04     0.215641E+04     0.215439E+04     0.215195E+04     0.215043E+04     0.216007E+04     0.215787E+04     0.214736E+04     0.209719E+04     0.201335E+04     0.200000E+04     0.200501E+04     0.200425E+04     0.203209E+04     0.204074E+04     0.203884E+04     0.203752E+04     0.200000E+04     0.200000E+04     0.200000E+04     0.200000E+04     0.200000E+04     0.200000E+04     0.200000E+04     0.200000E+04     0.200000E+04     0.200000E+04     0.200000E+04     0.200000E+04     0.200000E+04     0.200000E+04     0.200000E+04     0.200000E+04     0.200000E+04     0.200000E+04     0.200000E+04     0.200000E+04     0.200000E+04     0.200000E+04     0.200000E+04     0.200000E+04     0.200000E+04     0.200000E+04     0.100000E+21
 0.370000E+04     0.255500E+04     0.255500E+04     0.253782E+04     0.251718E+04     0.242874E+04     0.242127E+04     0.240447E+04     0.241750E+04     0.238707E+04     0.230268E+04     0.228900E+04     0.228900E+04     0.228900E+04     0.228900E+04     0.230662E+04     0.231300E+04     0.230500E+04     0.230500E+04     0.228884E+04     0.226362E+04     0.225500E+04     0.225500E+04     0.225500E+04     0.225500E+04     0.228138E+04     0.231067E+04     0.233700E+04     0.230115E+04     0.223700E+04     0.223700E+04     0.223700E+04     0.223700E+04     0.223700E+04     0.223700E+04     0.222200E+04     0.222200E+04     0.220800E+04     0.222078E+04     0.225700E+04     0.227290E+04     0.233696E+04     0.251700E+04     0.251700E+04     0.231865E+04     0.229792E+04     0.222255E+04     0.219351E+04     0.226426E+04     0.225731E+04     0.225494E+04     0.224168E+04     0.223525E+04     0.223418E+04     0.224458E+04     0.224993E+04     0.224840E+04     0.225948E+04     0.226636E+04     0.224482E+04     0.220425E+04     0.218669E+04     0.216278E+04     0.210981E+04     0.209529E+04     0.217331E+04     0.214723E+04     0.213854E+04     0.216834E+04     0.222632E+04     0.214621E+04     0.226829E+04     0.229928E+04     0.229435E+04     0.229316E+04     0.228998E+04     0.226990E+04     0.222614E+04     0.222186E+04     0.217827E+04     0.217671E+04     0.217122E+04     0.218406E+04     0.217839E+04     0.215613E+04     0.215439E+04     0.215195E+04     0.215050E+04     0.215127E+04     0.215642E+04     0.215266E+04     0.212530E+04     0.209200E+04     0.200769E+04     0.200785E+04     0.200134E+04     0.201028E+04     0.204074E+04     0.203885E+04     0.203763E+04     0.202383E+04     0.200704E+04     0.200000E+04     0.200000E+04     0.200000E+04     0.200000E+04     0.200000E+04     0.200000E+04     0.200000E+04     0.200000E+04     0.200000E+04     0.200000E+04     0.200000E+04     0.200000E+04     0.200000E+04     0.200000E+04     0.200000E+04     0.200000E+04     0.200000E+04     0.200000E+04     0.200000E+04     0.200000E+04     0.200000E+04     0.200000E+04     0.200000E+04     0.200000E+04     0.100000E+21
 0.372000E+04     0.251700E+04     0.254095E+04     0.255500E+04     0.255500E+04     0.243500E+04     0.243500E+04     0.243500E+04     0.240530E+04     0.242400E+04     0.230498E+04     0.228900E+04     0.228900E+04     0.228900E+04     0.228900E+04     0.231013E+04     0.231300E+04     0.230500E+04     0.230500E+04     0.230500E+04     0.226632E+04     0.225500E+04     0.225500E+04     0.225500E+04     0.225500E+04     0.228310E+04     0.230525E+04     0.233700E+04     0.230591E+04     0.223700E+04     0.223700E+04     0.223700E+04     0.223700E+04     0.223700E+04     0.223700E+04     0.222200E+04     0.222200E+04     0.220800E+04     0.221330E+04     0.225700E+04     0.224344E+04     0.222200E+04     0.251700E+04     0.251700E+04     0.251700E+04     0.237413E+04     0.231198E+04     0.214000E+04     0.214000E+04     0.230188E+04     0.229924E+04     0.224885E+04     0.224650E+04     0.223421E+04     0.222596E+04     0.223555E+04     0.223095E+04     0.222817E+04     0.222445E+04     0.221289E+04     0.220721E+04     0.220781E+04     0.220453E+04     0.219906E+04     0.219685E+04     0.206597E+04     0.206282E+04     0.218519E+04     0.212164E+04     0.211937E+04     0.215273E+04     0.214965E+04     0.205359E+04     0.223695E+04     0.228088E+04     0.229973E+04     0.229394E+04     0.224797E+04     0.224062E+04     0.216607E+04     0.217163E+04     0.216924E+04     0.217279E+04     0.218725E+04     0.218448E+04     0.218255E+04     0.215195E+04     0.215044E+04     0.214703E+04     0.214482E+04     0.215521E+04     0.215186E+04     0.215031E+04     0.214785E+04     0.213956E+04     0.200743E+04     0.200600E+04     0.200026E+04     0.200000E+04     0.202546E+04     0.203504E+04     0.203352E+04     0.202088E+04     0.200000E+04     0.200000E+04     0.200000E+04     0.200000E+04     0.200000E+04     0.200000E+04     0.200000E+04     0.200000E+04     0.200000E+04     0.200000E+04     0.200000E+04     0.200000E+04     0.200000E+04     0.200000E+04     0.200000E+04     0.200000E+04     0.200000E+04     0.200000E+04     0.200000E+04     0.200000E+04     0.200000E+04     0.200000E+04     0.200000E+04     0.100000E+21
 0.374000E+04     0.251700E+04     0.252491E+04     0.255500E+04     0.255500E+04     0.250007E+04     0.243500E+04     0.243500E+04     0.242642E+04     0.242400E+04     0.238738E+04     0.228900E+04     0.228900E+04     0.228900E+04     0.228900E+04     0.229150E+04     0.231300E+04     0.230856E+04     0.230500E+04     0.230500E+04     0.226632E+04     0.225500E+04     0.225500E+04     0.225500E+04     0.225500E+04     0.228310E+04     0.230525E+04     0.233700E+04     0.232335E+04     0.231698E+04     0.223700E+04     0.223700E+04     0.223700E+04     0.223700E+04     0.223700E+04     0.222200E+04     0.222200E+04     0.221810E+04     0.221045E+04     0.222206E+04     0.224344E+04     0.222200E+04     0.230742E+04     0.248781E+04     0.251700E+04     0.237413E+04     0.231198E+04     0.227125E+04     0.216734E+04     0.216708E+04     0.217692E+04     0.226876E+04     0.224650E+04     0.224084E+04     0.223317E+04     0.222154E+04     0.222139E+04     0.222817E+04     0.221398E+04     0.220968E+04     0.220721E+04     0.220697E+04     0.220453E+04     0.219906E+04     0.219685E+04     0.215557E+04     0.207228E+04     0.209047E+04     0.210073E+04     0.215457E+04     0.212546E+04     0.212397E+04     0.213015E+04     0.210459E+04     0.228086E+04     0.226614E+04     0.226800E+04     0.220939E+04     0.220381E+04     0.216440E+04     0.216364E+04     0.216294E+04     0.216907E+04     0.216929E+04     0.218448E+04     0.218255E+04     0.216915E+04     0.215673E+04     0.214703E+04     0.214482E+04     0.214573E+04     0.214628E+04     0.215031E+04     0.214785E+04     0.214463E+04     0.211056E+04     0.209408E+04     0.200222E+04     0.200000E+04     0.200739E+04     0.203504E+04     0.203352E+04     0.202635E+04     0.202405E+04     0.201742E+04     0.200000E+04     0.200000E+04     0.200000E+04     0.200000E+04     0.200000E+04     0.200000E+04     0.200000E+04     0.200000E+04     0.200000E+04     0.200000E+04     0.200000E+04     0.200000E+04     0.200000E+04     0.200000E+04     0.200000E+04     0.200000E+04     0.200000E+04     0.200000E+04     0.200000E+04     0.200000E+04     0.200000E+04     0.100000E+21
 0.376000E+04     0.251700E+04     0.251700E+04     0.255500E+04     0.255500E+04     0.253252E+04     0.247331E+04     0.243500E+04     0.243500E+04     0.241381E+04     0.240318E+04     0.233311E+04     0.228900E+04     0.228900E+04     0.228900E+04     0.228900E+04     0.231300E+04     0.230992E+04     0.230500E+04     0.230500E+04     0.227046E+04     0.225500E+04     0.225500E+04     0.225500E+04     0.225500E+04     0.227261E+04     0.230504E+04     0.232421E+04     0.233700E+04     0.233700E+04     0.223700E+04     0.223700E+04     0.223700E+04     0.223700E+04     0.223700E+04     0.222786E+04     0.222452E+04     0.222200E+04     0.220800E+04     0.220800E+04     0.224256E+04     0.222200E+04     0.222200E+04     0.244632E+04     0.251700E+04     0.242698E+04     0.231198E+04     0.230862E+04     0.223255E+04     0.214000E+04     0.214000E+04     0.225137E+04     0.226069E+04     0.225218E+04     0.223469E+04     0.222414E+04     0.221204E+04     0.221912E+04     0.220721E+04     0.220721E+04     0.220721E+04     0.220681E+04     0.220540E+04     0.220033E+04     0.219685E+04     0.219298E+04     0.212315E+04     0.209918E+04     0.208029E+04     0.212806E+04     0.209398E+04     0.211566E+04     0.213340E+04     0.209462E+04     0.221492E+04     0.223727E+04     0.223194E+04     0.219794E+04     0.219641E+04     0.217380E+04     0.217101E+04     0.215894E+04     0.216387E+04     0.216443E+04     0.217962E+04     0.218255E+04     0.218019E+04     0.216804E+04     0.214703E+04     0.214520E+04     0.214208E+04     0.214164E+04     0.214515E+04     0.214785E+04     0.214612E+04     0.213744E+04     0.213609E+04     0.205230E+04     0.200046E+04     0.200023E+04     0.202383E+04     0.202280E+04     0.203050E+04     0.202929E+04     0.202819E+04     0.200504E+04     0.200000E+04     0.200000E+04     0.200000E+04     0.200000E+04     0.200000E+04     0.200000E+04     0.200000E+04     0.200000E+04     0.200000E+04     0.200000E+04     0.200000E+04     0.200000E+04     0.200000E+04     0.200000E+04     0.200000E+04     0.200000E+04     0.200000E+04     0.200000E+04     0.200000E+04     0.200000E+04     0.100000E+21
 0.378000E+04     0.251700E+04     0.251700E+04     0.253262E+04     0.255500E+04     0.255500E+04     0.255500E+04     0.250435E+04     0.245462E+04     0.242364E+04     0.240171E+04     0.242400E+04     0.228900E+04     0.228900E+04     0.228900E+04     0.228900E+04     0.231300E+04     0.231026E+04     0.230500E+04     0.230500E+04     0.229501E+04     0.225500E+04     0.225500E+04     0.225500E+04     0.225500E+04     0.225500E+04     0.229700E+04     0.229700E+04     0.233700E+04     0.233700E+04     0.223700E+04     0.223700E+04     0.223700E+04     0.223700E+04     0.223700E+04     0.223700E+04     0.222744E+04     0.222200E+04     0.220800E+04     0.220800E+04     0.224362E+04     0.222200E+04     0.222200E+04     0.252527E+04     0.257182E+04     0.252806E+04     0.243095E+04     0.246498E+04     0.233805E+04     0.227315E+04     0.215948E+04     0.216373E+04     0.216591E+04     0.224681E+04     0.226671E+04     0.225347E+04     0.219911E+04     0.219929E+04     0.220305E+04     0.220274E+04     0.220721E+04     0.220721E+04     0.220721E+04     0.220528E+04     0.220290E+04     0.220244E+04     0.219054E+04     0.218518E+04     0.213197E+04     0.212393E+04     0.204751E+04     0.207111E+04     0.215611E+04     0.216979E+04     0.215606E+04     0.218850E+04     0.219045E+04     0.219822E+04     0.219641E+04     0.219343E+04     0.219177E+04     0.217664E+04     0.215717E+04     0.215654E+04     0.215665E+04     0.216715E+04     0.216688E+04     0.217387E+04     0.216617E+04     0.216903E+04     0.214208E+04     0.213869E+04     0.213710E+04     0.213885E+04     0.214448E+04     0.214290E+04     0.214110E+04     0.213459E+04     0.210562E+04     0.208062E+04     0.200000E+04     0.200000E+04     0.201162E+04     0.200569E+04     0.202159E+04     0.201874E+04     0.200000E+04     0.200000E+04     0.200000E+04     0.200000E+04     0.200000E+04     0.200000E+04     0.200000E+04     0.200000E+04     0.200000E+04     0.200000E+04     0.200000E+04     0.200000E+04     0.200000E+04     0.200000E+04     0.200000E+04     0.200000E+04     0.200000E+04     0.200000E+04     0.200000E+04     0.200000E+04     0.100000E+21
 0.380000E+04     0.241540E+04     0.247847E+04     0.252355E+04     0.253269E+04     0.255500E+04     0.255500E+04     0.255500E+04     0.248038E+04     0.243500E+04     0.241465E+04     0.240525E+04     0.228900E+04     0.228900E+04     0.228900E+04     0.228900E+04     0.231300E+04     0.231152E+04     0.230944E+04     0.230500E+04     0.230500E+04     0.225500E+04     0.225500E+04     0.225500E+04     0.225500E+04     0.225500E+04     0.229700E+04     0.229700E+04     0.233700E+04     0.233700E+04     0.229267E+04     0.223700E+04     0.223700E+04     0.223700E+04     0.223700E+04     0.223700E+04     0.222818E+04     0.222200E+04     0.220800E+04     0.220800E+04     0.225018E+04     0.224143E+04     0.222200E+04     0.247016E+04     0.258900E+04     0.257044E+04     0.251700E+04     0.251700E+04     0.246222E+04     0.230188E+04     0.226082E+04     0.214000E+04     0.214000E+04     0.217640E+04     0.233604E+04     0.225700E+04     0.222155E+04     0.219900E+04     0.219944E+04     0.219979E+04     0.220298E+04     0.220721E+04     0.220721E+04     0.220721E+04     0.220721E+04     0.220721E+04     0.220232E+04     0.219812E+04     0.217973E+04     0.217732E+04     0.212139E+04     0.216977E+04     0.224204E+04     0.220898E+04     0.218984E+04     0.218850E+04     0.218710E+04     0.218917E+04     0.218764E+04     0.219324E+04     0.219177E+04     0.218943E+04     0.216698E+04     0.215407E+04     0.215242E+04     0.215348E+04     0.215135E+04     0.215903E+04     0.217545E+04     0.217378E+04     0.215885E+04     0.213856E+04     0.213710E+04     0.213459E+04     0.213645E+04     0.213506E+04     0.213870E+04     0.213793E+04     0.213543E+04     0.213180E+04     0.207626E+04     0.207205E+04     0.200000E+04     0.200000E+04     0.200663E+04     0.200644E+04     0.200000E+04     0.200000E+04     0.200000E+04     0.200000E+04     0.200000E+04     0.200000E+04     0.200000E+04     0.200000E+04     0.200000E+04     0.200000E+04     0.200000E+04     0.200000E+04     0.200000E+04     0.200000E+04     0.200000E+04     0.200000E+04     0.200000E+04     0.200000E+04     0.200000E+04     0.200000E+04     0.100000E+21
 0.382000E+04     0.234400E+04     0.245006E+04     0.251700E+04     0.251700E+04     0.255500E+04     0.255500E+04     0.255500E+04     0.255500E+04     0.243500E+04     0.242473E+04     0.239200E+04     0.228900E+04     0.228900E+04     0.228900E+04     0.228900E+04     0.228900E+04     0.231300E+04     0.231300E+04     0.230500E+04     0.230500E+04     0.225500E+04     0.225500E+04     0.225500E+04     0.225500E+04     0.225500E+04     0.226752E+04     0.229700E+04     0.231054E+04     0.233700E+04     0.233700E+04     0.223700E+04     0.223700E+04     0.223700E+04     0.223700E+04     0.223700E+04     0.222778E+04     0.222200E+04     0.220800E+04     0.220800E+04     0.225700E+04     0.225700E+04     0.222200E+04     0.244316E+04     0.251700E+04     0.256567E+04     0.258900E+04     0.251700E+04     0.251700E+04     0.251700E+04     0.236418E+04     0.235194E+04     0.244849E+04     0.244849E+04     0.244849E+04     0.244849E+04     0.239260E+04     0.225700E+04     0.225700E+04     0.221949E+04     0.219900E+04     0.220000E+04     0.220000E+04     0.220721E+04     0.220721E+04     0.220721E+04     0.220721E+04     0.220721E+04     0.225810E+04     0.235128E+04     0.231348E+04     0.230727E+04     0.229586E+04     0.228967E+04     0.218989E+04     0.218850E+04     0.218702E+04     0.218310E+04     0.218145E+04     0.217832E+04     0.217671E+04     0.218943E+04     0.218633E+04     0.218475E+04     0.217408E+04     0.214916E+04     0.214670E+04     0.214522E+04     0.215227E+04     0.215035E+04     0.217067E+04     0.216735E+04     0.216587E+04     0.213459E+04     0.213274E+04     0.212956E+04     0.212784E+04     0.213793E+04     0.213543E+04     0.213377E+04     0.213040E+04     0.212863E+04     0.212154E+04     0.211461E+04     0.204807E+04     0.200000E+04     0.200000E+04     0.200000E+04     0.200000E+04     0.200000E+04     0.200000E+04     0.200000E+04     0.200000E+04     0.200000E+04     0.200000E+04     0.200000E+04     0.200000E+04     0.200000E+04     0.200000E+04     0.200000E+04     0.200000E+04     0.200000E+04     0.200000E+04     0.200000E+04     0.200000E+04     0.200000E+04     0.100000E+21
 0.384000E+04     0.234400E+04     0.238408E+04     0.251700E+04     0.251700E+04     0.253508E+04     0.255500E+04     0.255500E+04     0.255500E+04     0.252449E+04     0.243209E+04     0.242090E+04     0.228900E+04     0.228900E+04     0.228900E+04     0.228900E+04     0.228900E+04     0.231300E+04     0.231300E+04     0.230500E+04     0.230500E+04     0.229685E+04     0.226214E+04     0.225500E+04     0.225500E+04     0.225500E+04     0.226299E+04     0.229700E+04     0.230915E+04     0.233700E+04     0.233700E+04     0.223700E+04     0.223700E+04     0.223700E+04     0.223700E+04     0.223700E+04     0.222744E+04     0.222200E+04     0.220800E+04     0.220800E+04     0.225700E+04     0.225700E+04     0.222200E+04     0.244102E+04     0.251700E+04     0.253281E+04     0.258900E+04     0.257182E+04     0.256373E+04     0.251700E+04     0.248359E+04     0.239013E+04     0.241664E+04     0.242617E+04     0.244849E+04     0.244849E+04     0.242721E+04     0.239381E+04     0.236806E+04     0.227737E+04     0.224091E+04     0.219918E+04     0.219933E+04     0.220297E+04     0.220297E+04     0.220721E+04     0.220721E+04     0.220721E+04     0.230528E+04     0.235128E+04     0.233450E+04     0.231060E+04     0.229586E+04     0.228912E+04     0.224050E+04     0.225692E+04     0.220209E+04     0.218331E+04     0.218145E+04     0.217841E+04     0.217671E+04     0.218062E+04     0.217891E+04     0.218475E+04     0.217954E+04     0.217006E+04     0.214670E+04     0.214517E+04     0.214512E+04     0.214077E+04     0.215459E+04     0.216741E+04     0.216587E+04     0.215438E+04     0.215369E+04     0.212956E+04     0.212773E+04     0.213004E+04     0.212477E+04     0.213146E+04     0.213040E+04     0.212836E+04     0.212331E+04     0.212136E+04     0.209223E+04     0.205918E+04     0.200000E+04     0.200000E+04     0.200000E+04     0.200000E+04     0.200000E+04     0.200000E+04     0.200000E+04     0.200000E+04     0.200000E+04     0.200000E+04     0.200000E+04     0.200000E+04     0.200000E+04     0.200000E+04     0.200000E+04     0.200000E+04     0.200000E+04     0.200000E+04     0.200000E+04     0.200000E+04     0.100000E+21
 0.386000E+04     0.240600E+04     0.236766E+04     0.239257E+04     0.251700E+04     0.252817E+04     0.255500E+04     0.255500E+04     0.255500E+04     0.255500E+04     0.243500E+04     0.243500E+04     0.228900E+04     0.228900E+04     0.228900E+04     0.228900E+04     0.228900E+04     0.231300E+04     0.231300E+04     0.230500E+04     0.230500E+04     0.230500E+04     0.226985E+04     0.225500E+04     0.225500E+04     0.225500E+04     0.226619E+04     0.229700E+04     0.231017E+04     0.233700E+04     0.233700E+04     0.223700E+04     0.223700E+04     0.223700E+04     0.223700E+04     0.223700E+04     0.222770E+04     0.222200E+04     0.220800E+04     0.220800E+04     0.225700E+04     0.225700E+04     0.222200E+04     0.222200E+04     0.247800E+04     0.247800E+04     0.251700E+04     0.251700E+04     0.256657E+04     0.258900E+04     0.248018E+04     0.243930E+04     0.243930E+04     0.242238E+04     0.241115E+04     0.241115E+04     0.244849E+04     0.244849E+04     0.244849E+04     0.244849E+04     0.244849E+04     0.225700E+04     0.225700E+04     0.219900E+04     0.219900E+04     0.220000E+04     0.217511E+04     0.216488E+04     0.216036E+04     0.233476E+04     0.230488E+04     0.232628E+04     0.232590E+04     0.229817E+04     0.227421E+04     0.226871E+04     0.226282E+04     0.223135E+04     0.218145E+04     0.217835E+04     0.217671E+04     0.217433E+04     0.217120E+04     0.216956E+04     0.217008E+04     0.218003E+04     0.217766E+04     0.217623E+04     0.214175E+04     0.213972E+04     0.213676E+04     0.213736E+04     0.214241E+04     0.216346E+04     0.216163E+04     0.215862E+04     0.213667E+04     0.212450E+04     0.212196E+04     0.212024E+04     0.211684E+04     0.212494E+04     0.212446E+04     0.212280E+04     0.212132E+04     0.208273E+04     0.200000E+04     0.200000E+04     0.200000E+04     0.200000E+04     0.200000E+04     0.200000E+04     0.200000E+04     0.200000E+04     0.200000E+04     0.200000E+04     0.200000E+04     0.200000E+04     0.200000E+04     0.200000E+04     0.200000E+04     0.200000E+04     0.200000E+04     0.200000E+04     0.200000E+04     0.200000E+04     0.100000E+21
 0.388000E+04     0.240600E+04     0.236682E+04     0.239262E+04     0.251700E+04     0.252217E+04     0.253223E+04     0.255500E+04     0.255500E+04     0.255500E+04     0.249583E+04     0.243500E+04     0.228900E+04     0.228900E+04     0.228900E+04     0.228900E+04     0.228900E+04     0.231300E+04     0.231300E+04     0.230970E+04     0.230603E+04     0.230500E+04     0.226947E+04     0.225500E+04     0.225500E+04     0.225500E+04     0.226051E+04     0.227110E+04     0.230307E+04     0.231251E+04     0.233700E+04     0.227912E+04     0.223700E+04     0.223700E+04     0.223700E+04     0.223700E+04     0.222750E+04     0.222200E+04     0.221549E+04     0.220800E+04     0.224025E+04     0.225700E+04     0.224230E+04     0.222600E+04     0.247800E+04     0.247800E+04     0.249609E+04     0.249337E+04     0.253187E+04     0.238310E+04     0.234764E+04     0.236965E+04     0.243930E+04     0.243163E+04     0.242354E+04     0.241115E+04     0.242679E+04     0.242635E+04     0.244849E+04     0.244849E+04     0.244849E+04     0.237619E+04     0.236761E+04     0.223020E+04     0.223020E+04     0.219594E+04     0.215396E+04     0.216488E+04     0.214562E+04     0.219048E+04     0.231753E+04     0.231244E+04     0.230175E+04     0.230562E+04     0.228478E+04     0.226871E+04     0.226269E+04     0.223961E+04     0.221818E+04     0.219982E+04     0.217671E+04     0.217434E+04     0.217123E+04     0.216956E+04     0.216828E+04     0.217117E+04     0.216946E+04     0.217312E+04     0.215985E+04     0.215944E+04     0.213676E+04     0.213521E+04     0.213671E+04     0.214974E+04     0.215876E+04     0.215862E+04     0.214860E+04     0.214023E+04     0.212196E+04     0.212021E+04     0.211684E+04     0.211849E+04     0.211928E+04     0.212280E+04     0.212129E+04     0.208364E+04     0.200000E+04     0.200000E+04     0.200000E+04     0.200000E+04     0.200000E+04     0.200000E+04     0.200000E+04     0.200000E+04     0.200000E+04     0.200000E+04     0.200000E+04     0.200000E+04     0.200000E+04     0.200000E+04     0.200000E+04     0.200000E+04     0.200000E+04     0.200000E+04     0.200000E+04     0.200000E+04     0.100000E+21
 0.390000E+04     0.237545E+04     0.237485E+04     0.237747E+04     0.243174E+04     0.251700E+04     0.251700E+04     0.255500E+04     0.255500E+04     0.255500E+04     0.253528E+04     0.249414E+04     0.228900E+04     0.228900E+04     0.228900E+04     0.228900E+04     0.228900E+04     0.230596E+04     0.231300E+04     0.231300E+04     0.230779E+04     0.230500E+04     0.227400E+04     0.225500E+04     0.225500E+04     0.225500E+04     0.225500E+04     0.225500E+04     0.229700E+04     0.229700E+04     0.233700E+04     0.229915E+04     0.223700E+04     0.223700E+04     0.223700E+04     0.223700E+04     0.222825E+04     0.222200E+04     0.221764E+04     0.220800E+04     0.222896E+04     0.225700E+04     0.225700E+04     0.223368E+04     0.235187E+04     0.242997E+04     0.247800E+04     0.237277E+04     0.239401E+04     0.227389E+04     0.225313E+04     0.228807E+04     0.234430E+04     0.234283E+04     0.237309E+04     0.242502E+04     0.242506E+04     0.242502E+04     0.242999E+04     0.243002E+04     0.244849E+04     0.244849E+04     0.244849E+04     0.222825E+04     0.222721E+04     0.213038E+04     0.214942E+04     0.214578E+04     0.212960E+04     0.211033E+04     0.224073E+04     0.220050E+04     0.229781E+04     0.229795E+04     0.228688E+04     0.228399E+04     0.227866E+04     0.224642E+04     0.224062E+04     0.221897E+04     0.219870E+04     0.219276E+04     0.217105E+04     0.216956E+04     0.216635E+04     0.216475E+04     0.216233E+04     0.216540E+04     0.217291E+04     0.217126E+04     0.215221E+04     0.214227E+04     0.213175E+04     0.213465E+04     0.214438E+04     0.214695E+04     0.215265E+04     0.215374E+04     0.213641E+04     0.213492E+04     0.211684E+04     0.211528E+04     0.211340E+04     0.211605E+04     0.211458E+04     0.207297E+04     0.200000E+04     0.200000E+04     0.200000E+04     0.200000E+04     0.200000E+04     0.200000E+04     0.200000E+04     0.200000E+04     0.200000E+04     0.200000E+04     0.200000E+04     0.200000E+04     0.200000E+04     0.200000E+04     0.200000E+04     0.200000E+04     0.200000E+04     0.200000E+04     0.200000E+04     0.200000E+04     0.100000E+21
 0.392000E+04     0.234400E+04     0.238088E+04     0.237096E+04     0.234400E+04     0.251700E+04     0.251700E+04     0.253250E+04     0.254725E+04     0.255500E+04     0.255500E+04     0.255500E+04     0.228900E+04     0.228900E+04     0.228900E+04     0.228900E+04     0.228900E+04     0.229839E+04     0.231300E+04     0.231300E+04     0.230758E+04     0.230500E+04     0.227276E+04     0.225500E+04     0.225500E+04     0.225500E+04     0.225500E+04     0.225500E+04     0.229700E+04     0.229700E+04     0.233700E+04     0.230142E+04     0.223700E+04     0.223700E+04     0.223700E+04     0.223700E+04     0.222806E+04     0.222200E+04     0.221811E+04     0.220800E+04     0.222845E+04     0.225700E+04     0.225700E+04     0.223263E+04     0.222200E+04     0.240303E+04     0.237953E+04     0.229315E+04     0.229702E+04     0.226913E+04     0.226914E+04     0.225552E+04     0.222805E+04     0.222736E+04     0.226949E+04     0.230668E+04     0.234742E+04     0.243930E+04     0.242780E+04     0.241711E+04     0.242430E+04     0.229329E+04     0.229140E+04     0.219898E+04     0.219685E+04     0.214775E+04     0.211155E+04     0.216439E+04     0.215099E+04     0.213467E+04     0.212893E+04     0.212278E+04     0.220189E+04     0.215753E+04     0.228030E+04     0.227362E+04     0.226985E+04     0.226709E+04     0.226143E+04     0.222759E+04     0.222134E+04     0.221152E+04     0.218789E+04     0.218384E+04     0.216643E+04     0.216475E+04     0.216233E+04     0.216092E+04     0.216296E+04     0.216118E+04     0.216812E+04     0.215919E+04     0.215040E+04     0.214965E+04     0.213530E+04     0.212792E+04     0.213640E+04     0.215374E+04     0.215129E+04     0.214974E+04     0.213593E+04     0.213424E+04     0.211071E+04     0.210911E+04     0.210763E+04     0.206998E+04     0.200000E+04     0.200000E+04     0.200000E+04     0.200000E+04     0.200000E+04     0.200000E+04     0.200000E+04     0.200000E+04     0.200000E+04     0.200000E+04     0.200000E+04     0.200000E+04     0.200000E+04     0.200000E+04     0.200000E+04     0.200000E+04     0.200000E+04     0.200000E+04     0.200000E+04     0.200000E+04     0.100000E+21
 0.394000E+04     0.234400E+04     0.236092E+04     0.238879E+04     0.234400E+04     0.247009E+04     0.251700E+04     0.251700E+04     0.254314E+04     0.255500E+04     0.255500E+04     0.255500E+04     0.228900E+04     0.228900E+04     0.228900E+04     0.228900E+04     0.228900E+04     0.229735E+04     0.231300E+04     0.231300E+04     0.230698E+04     0.230500E+04     0.226936E+04     0.225500E+04     0.225500E+04     0.225500E+04     0.225500E+04     0.225500E+04     0.229700E+04     0.229700E+04     0.233700E+04     0.230776E+04     0.223700E+04     0.223700E+04     0.223700E+04     0.223700E+04     0.222749E+04     0.222200E+04     0.221944E+04     0.220800E+04     0.222685E+04     0.225700E+04     0.225700E+04     0.224748E+04     0.222200E+04     0.232580E+04     0.228818E+04     0.230862E+04     0.230626E+04     0.228575E+04     0.229086E+04     0.225974E+04     0.225805E+04     0.225018E+04     0.224950E+04     0.221716E+04     0.225772E+04     0.231147E+04     0.243930E+04     0.243143E+04     0.228707E+04     0.220698E+04     0.220453E+04     0.219907E+04     0.219685E+04     0.219298E+04     0.215634E+04     0.210819E+04     0.212147E+04     0.215059E+04     0.211597E+04     0.212360E+04     0.212187E+04     0.211231E+04     0.215022E+04     0.212078E+04     0.222238E+04     0.225390E+04     0.224623E+04     0.224689E+04     0.224172E+04     0.221152E+04     0.219859E+04     0.219152E+04     0.217384E+04     0.216475E+04     0.216233E+04     0.216084E+04     0.215748E+04     0.215549E+04     0.215887E+04     0.215922E+04     0.216330E+04     0.216088E+04     0.215026E+04     0.212416E+04     0.212535E+04     0.213492E+04     0.213627E+04     0.214571E+04     0.214637E+04     0.214457E+04     0.212755E+04     0.212802E+04     0.211393E+04     0.207406E+04     0.200000E+04     0.200000E+04     0.200000E+04     0.200000E+04     0.200000E+04     0.200000E+04     0.200000E+04     0.200000E+04     0.200000E+04     0.200000E+04     0.200000E+04     0.200000E+04     0.200000E+04     0.200000E+04     0.200000E+04     0.200000E+04     0.200000E+04     0.200000E+04     0.200000E+04     0.200000E+04     0.100000E+21
 0.396000E+04     0.243600E+04     0.237798E+04     0.235764E+04     0.240600E+04     0.243814E+04     0.251700E+04     0.251700E+04     0.251700E+04     0.255500E+04     0.255500E+04     0.255500E+04     0.255500E+04     0.239712E+04     0.228900E+04     0.228900E+04     0.228900E+04     0.229734E+04     0.231300E+04     0.231300E+04     0.230672E+04     0.230500E+04     0.226789E+04     0.225500E+04     0.225500E+04     0.225500E+04     0.225500E+04     0.225500E+04     0.229700E+04     0.229700E+04     0.233700E+04     0.230970E+04     0.223700E+04     0.223700E+04     0.223700E+04     0.223700E+04     0.222751E+04     0.222200E+04     0.222128E+04     0.220800E+04     0.222697E+04     0.225700E+04     0.225700E+04     0.225700E+04     0.225917E+04     0.225661E+04     0.226797E+04     0.226443E+04     0.226190E+04     0.225731E+04     0.229039E+04     0.229387E+04     0.229164E+04     0.228954E+04     0.224663E+04     0.227009E+04     0.220208E+04     0.219916E+04     0.220721E+04     0.220721E+04     0.220721E+04     0.220721E+04     0.220721E+04     0.220280E+04     0.219685E+04     0.219298E+04     0.218949E+04     0.218519E+04     0.213874E+04     0.205124E+04     0.217335E+04     0.217032E+04     0.210913E+04     0.210651E+04     0.211382E+04     0.213205E+04     0.207117E+04     0.207787E+04     0.225453E+04     0.223085E+04     0.225418E+04     0.224476E+04     0.219870E+04     0.219152E+04     0.217966E+04     0.217099E+04     0.216053E+04     0.216015E+04     0.215748E+04     0.215517E+04     0.215260E+04     0.214924E+04     0.214769E+04     0.216088E+04     0.215891E+04     0.215602E+04     0.215425E+04     0.211906E+04     0.211650E+04     0.212227E+04     0.214637E+04     0.214432E+04     0.214060E+04     0.213893E+04     0.213745E+04     0.209941E+04     0.200000E+04     0.200000E+04     0.200000E+04     0.200000E+04     0.200000E+04     0.200000E+04     0.200000E+04     0.200000E+04     0.200000E+04     0.200000E+04     0.200000E+04     0.200000E+04     0.200000E+04     0.200000E+04     0.200000E+04     0.200000E+04     0.200000E+04     0.200000E+04     0.200000E+04     0.200000E+04     0.100000E+21
 0.398000E+04     0.244857E+04     0.241054E+04     0.236205E+04     0.240600E+04     0.242549E+04     0.246803E+04     0.251700E+04     0.251700E+04     0.255500E+04     0.255500E+04     0.255500E+04     0.255500E+04     0.239658E+04     0.228900E+04     0.228900E+04     0.228900E+04     0.229740E+04     0.231300E+04     0.231300E+04     0.230706E+04     0.230500E+04     0.226979E+04     0.225500E+04     0.225500E+04     0.225500E+04     0.225500E+04     0.225500E+04     0.229700E+04     0.229700E+04     0.233700E+04     0.230709E+04     0.223700E+04     0.223700E+04     0.223700E+04     0.223700E+04     0.222752E+04     0.222200E+04     0.221917E+04     0.220800E+04     0.222691E+04     0.225700E+04     0.225700E+04     0.226430E+04     0.226636E+04     0.225904E+04     0.226023E+04     0.225713E+04     0.225436E+04     0.225731E+04     0.227249E+04     0.227233E+04     0.227136E+04     0.228096E+04     0.225778E+04     0.225458E+04     0.222313E+04     0.219954E+04     0.220371E+04     0.220603E+04     0.220721E+04     0.220721E+04     0.220721E+04     0.220497E+04     0.220186E+04     0.219298E+04     0.218993E+04     0.218518E+04     0.215863E+04     0.211241E+04     0.217335E+04     0.212883E+04     0.213438E+04     0.213250E+04     0.210745E+04     0.211709E+04     0.209293E+04     0.209456E+04     0.215397E+04     0.223621E+04     0.224572E+04     0.222394E+04     0.221445E+04     0.220698E+04     0.217892E+04     0.217099E+04     0.216053E+04     0.215723E+04     0.215748E+04     0.215554E+04     0.215260E+04     0.214924E+04     0.214769E+04     0.215361E+04     0.215716E+04     0.215602E+04     0.215431E+04     0.213457E+04     0.211650E+04     0.211873E+04     0.213551E+04     0.213368E+04     0.214058E+04     0.213893E+04     0.213744E+04     0.209431E+04     0.200000E+04     0.200000E+04     0.200000E+04     0.200000E+04     0.200000E+04     0.200000E+04     0.200000E+04     0.200000E+04     0.200000E+04     0.200000E+04     0.200000E+04     0.200000E+04     0.200000E+04     0.200000E+04     0.200000E+04     0.200000E+04     0.200000E+04     0.200000E+04     0.200000E+04     0.200000E+04     0.100000E+21
 0.400000E+04     0.246400E+04     0.244752E+04     0.235657E+04     0.238130E+04     0.241000E+04     0.241000E+04     0.251700E+04     0.251700E+04     0.255500E+04     0.255500E+04     0.255500E+04     0.255500E+04     0.240476E+04     0.228900E+04     0.228900E+04     0.228900E+04     0.229857E+04     0.231300E+04     0.231300E+04     0.230769E+04     0.230500E+04     0.227343E+04     0.225500E+04     0.225500E+04     0.225500E+04     0.225500E+04     0.225500E+04     0.229700E+04     0.229700E+04     0.233700E+04     0.227552E+04     0.223700E+04     0.223700E+04     0.223700E+04     0.223700E+04     0.222816E+04     0.222200E+04     0.221785E+04     0.220800E+04     0.222871E+04     0.225700E+04     0.221020E+04     0.221850E+04     0.227501E+04     0.226670E+04     0.225895E+04     0.225477E+04     0.224880E+04     0.225084E+04     0.224849E+04     0.224468E+04     0.224650E+04     0.225968E+04     0.226327E+04     0.225374E+04     0.222627E+04     0.219960E+04     0.220000E+04     0.220264E+04     0.220721E+04     0.220721E+04     0.220721E+04     0.220721E+04     0.220721E+04     0.219867E+04     0.219234E+04     0.218518E+04     0.217973E+04     0.217732E+04     0.217335E+04     0.212039E+04     0.211550E+04     0.214170E+04     0.212438E+04     0.212040E+04     0.211819E+04     0.209636E+04     0.206619E+04     0.217312E+04     0.215106E+04     0.221229E+04     0.221334E+04     0.220806E+04     0.218687E+04     0.217099E+04     0.216053E+04     0.215440E+04     0.215016E+04     0.215320E+04     0.215260E+04     0.214914E+04     0.214769E+04     0.214522E+04     0.215010E+04     0.214976E+04     0.215181E+04     0.215113E+04     0.212928E+04     0.212851E+04     0.211791E+04     0.211629E+04     0.213447E+04     0.213893E+04     0.213752E+04     0.208457E+04     0.200000E+04     0.200000E+04     0.200000E+04     0.200000E+04     0.200000E+04     0.200000E+04     0.200000E+04     0.200000E+04     0.200000E+04     0.200000E+04     0.200000E+04     0.200000E+04     0.200000E+04     0.200000E+04     0.200000E+04     0.200000E+04     0.200000E+04     0.200000E+04     0.200000E+04     0.200000E+04     0.100000E+21
 0.402000E+04     0.246400E+04     0.245660E+04     0.237616E+04     0.234400E+04     0.241000E+04     0.241000E+04     0.251700E+04     0.251700E+04     0.253392E+04     0.255500E+04     0.255500E+04     0.255500E+04     0.240553E+04     0.228900E+04     0.228900E+04     0.228900E+04     0.229868E+04     0.231300E+04     0.231300E+04     0.230776E+04     0.230500E+04     0.227384E+04     0.225500E+04     0.225500E+04     0.225500E+04     0.226357E+04     0.227822E+04     0.229700E+04     0.229700E+04     0.233700E+04     0.223700E+04     0.223700E+04     0.223700E+04     0.223700E+04     0.223700E+04     0.222822E+04     0.222200E+04     0.221770E+04     0.220800E+04     0.224492E+04     0.229526E+04     0.224263E+04     0.217158E+04     0.220010E+04     0.220068E+04     0.229152E+04     0.226443E+04     0.225772E+04     0.225008E+04     0.224780E+04     0.223545E+04     0.223740E+04     0.223558E+04     0.236149E+04     0.237401E+04     0.222001E+04     0.219900E+04     0.219947E+04     0.219979E+04     0.220321E+04     0.220721E+04     0.220721E+04     0.220721E+04     0.220721E+04     0.220721E+04     0.220187E+04     0.219740E+04     0.217971E+04     0.217732E+04     0.217335E+04     0.217078E+04     0.210952E+04     0.214027E+04     0.211651E+04     0.215322E+04     0.213635E+04     0.209605E+04     0.210212E+04     0.208719E+04     0.207174E+04     0.211529E+04     0.220124E+04     0.219526E+04     0.219006E+04     0.219035E+04     0.216053E+04     0.215444E+04     0.213916E+04     0.213960E+04     0.215260E+04     0.214913E+04     0.214769E+04     0.214522E+04     0.214358E+04     0.214026E+04     0.214306E+04     0.215113E+04     0.214867E+04     0.214715E+04     0.212925E+04     0.211637E+04     0.211705E+04     0.212544E+04     0.213190E+04     0.208347E+04     0.200000E+04     0.200000E+04     0.200000E+04     0.200000E+04     0.200000E+04     0.200000E+04     0.200000E+04     0.200000E+04     0.200000E+04     0.200000E+04     0.200000E+04     0.200000E+04     0.200000E+04     0.200000E+04     0.200000E+04     0.200000E+04     0.200000E+04     0.200000E+04     0.200000E+04     0.200000E+04     0.100000E+21
 0.404000E+04     0.253987E+04     0.249375E+04     0.240911E+04     0.234400E+04     0.241000E+04     0.241000E+04     0.244010E+04     0.249242E+04     0.251700E+04     0.255500E+04     0.255500E+04     0.255500E+04     0.239660E+04     0.228900E+04     0.228900E+04     0.228900E+04     0.229741E+04     0.231300E+04     0.230920E+04     0.230604E+04     0.230500E+04     0.226983E+04     0.225500E+04     0.225500E+04     0.225500E+04     0.226727E+04     0.229700E+04     0.230329E+04     0.231572E+04     0.233700E+04     0.223700E+04     0.223700E+04     0.223700E+04     0.223700E+04     0.223700E+04     0.222752E+04     0.222200E+04     0.221915E+04     0.220800E+04     0.229131E+04     0.232856E+04     0.232527E+04     0.224765E+04     0.222378E+04     0.216683E+04     0.222781E+04     0.220599E+04     0.225806E+04     0.227807E+04     0.226118E+04     0.224043E+04     0.223774E+04     0.229675E+04     0.244849E+04     0.244849E+04     0.231449E+04     0.222643E+04     0.219900E+04     0.219935E+04     0.220000E+04     0.220386E+04     0.220377E+04     0.220721E+04     0.220721E+04     0.220721E+04     0.220721E+04     0.220721E+04     0.219315E+04     0.219196E+04     0.217335E+04     0.217045E+04     0.216536E+04     0.216252E+04     0.209239E+04     0.209516E+04     0.212890E+04     0.211568E+04     0.211276E+04     0.208812E+04     0.209685E+04     0.206189E+04     0.214623E+04     0.211483E+04     0.218293E+04     0.218439E+04     0.217786E+04     0.217140E+04     0.213916E+04     0.213047E+04     0.213577E+04     0.214924E+04     0.214769E+04     0.214522E+04     0.214335E+04     0.214026E+04     0.213851E+04     0.214337E+04     0.214867E+04     0.214699E+04     0.214373E+04     0.212952E+04     0.210716E+04     0.210945E+04     0.211833E+04     0.209420E+04     0.200000E+04     0.200000E+04     0.200000E+04     0.200000E+04     0.200000E+04     0.200000E+04     0.200000E+04     0.200000E+04     0.200000E+04     0.200000E+04     0.200000E+04     0.200000E+04     0.200000E+04     0.200000E+04     0.200000E+04     0.200000E+04     0.200000E+04     0.200000E+04     0.200000E+04     0.200000E+04     0.100000E+21
 0.406000E+04     0.262700E+04     0.252496E+04     0.244558E+04     0.242341E+04     0.241000E+04     0.241000E+04     0.236000E+04     0.246767E+04     0.251700E+04     0.255500E+04     0.255500E+04     0.255500E+04     0.239793E+04     0.228900E+04     0.228900E+04     0.228900E+04     0.230915E+04     0.231300E+04     0.230500E+04     0.230500E+04     0.226222E+04     0.226023E+04     0.225500E+04     0.225500E+04     0.225500E+04     0.229310E+04     0.229700E+04     0.230964E+04     0.233700E+04     0.233700E+04     0.223700E+04     0.223700E+04     0.223700E+04     0.223700E+04     0.223700E+04     0.222759E+04     0.222200E+04     0.223155E+04     0.244855E+04     0.241269E+04     0.232856E+04     0.232527E+04     0.232259E+04     0.231865E+04     0.229061E+04     0.225624E+04     0.214000E+04     0.216439E+04     0.216321E+04     0.227105E+04     0.230687E+04     0.238817E+04     0.239349E+04     0.242539E+04     0.244849E+04     0.242894E+04     0.241010E+04     0.223797E+04     0.224045E+04     0.219919E+04     0.219924E+04     0.220000E+04     0.220231E+04     0.220231E+04     0.220721E+04     0.220721E+04     0.220721E+04     0.220721E+04     0.220721E+04     0.220042E+04     0.217552E+04     0.216536E+04     0.216238E+04     0.213764E+04     0.213582E+04     0.206156E+04     0.214407E+04     0.214089E+04     0.211260E+04     0.208111E+04     0.208691E+04     0.209078E+04     0.208308E+04     0.205977E+04     0.218047E+04     0.216507E+04     0.215785E+04     0.216746E+04     0.213227E+04     0.211718E+04     0.212871E+04     0.214769E+04     0.214522E+04     0.214326E+04     0.214026E+04     0.213847E+04     0.213526E+04     0.213532E+04     0.214391E+04     0.214373E+04     0.214178E+04     0.212182E+04     0.210356E+04     0.210387E+04     0.208270E+04     0.200000E+04     0.200000E+04     0.200000E+04     0.200000E+04     0.200000E+04     0.200000E+04     0.200000E+04     0.200000E+04     0.200000E+04     0.200000E+04     0.200000E+04     0.200000E+04     0.200000E+04     0.200000E+04     0.200000E+04     0.200000E+04     0.200000E+04     0.200000E+04     0.200000E+04     0.200000E+04     0.100000E+21
 0.408000E+04     0.262700E+04     0.262700E+04     0.246400E+04     0.246400E+04     0.241000E+04     0.241000E+04     0.236000E+04     0.246891E+04     0.251700E+04     0.255500E+04     0.255500E+04     0.255500E+04     0.239603E+04     0.228900E+04     0.228900E+04     0.228900E+04     0.231300E+04     0.231300E+04     0.230500E+04     0.230500E+04     0.225500E+04     0.225500E+04     0.225500E+04     0.225500E+04     0.225500E+04     0.229700E+04     0.229700E+04     0.233700E+04     0.233700E+04     0.223700E+04     0.223700E+04     0.223700E+04     0.223700E+04     0.223700E+04     0.222200E+04     0.222200E+04     0.222200E+04     0.258900E+04     0.258900E+04     0.251700E+04     0.251700E+04     0.251700E+04     0.236003E+04     0.231865E+04     0.231629E+04     0.231198E+04     0.230863E+04     0.230623E+04     0.214000E+04     0.236614E+04     0.243930E+04     0.243930E+04     0.242198E+04     0.241115E+04     0.241115E+04     0.244849E+04     0.244849E+04     0.244849E+04     0.244849E+04     0.225700E+04     0.219900E+04     0.219900E+04     0.219942E+04     0.220000E+04     0.220000E+04     0.220000E+04     0.220721E+04     0.220721E+04     0.220721E+04     0.220721E+04     0.220721E+04     0.220721E+04     0.217346E+04     0.215572E+04     0.215322E+04     0.215055E+04     0.200000E+04     0.200000E+04     0.213552E+04     0.213255E+04     0.207753E+04     0.207289E+04     0.207032E+04     0.207578E+04     0.200330E+04     0.217589E+04     0.215335E+04     0.212845E+04     0.215985E+04     0.211718E+04     0.210181E+04     0.209456E+04     0.214522E+04     0.214327E+04     0.214026E+04     0.213847E+04     0.213526E+04     0.213275E+04     0.213101E+04     0.214373E+04     0.214183E+04     0.213794E+04     0.213626E+04     0.211521E+04     0.207142E+04     0.200000E+04     0.200000E+04     0.200000E+04     0.200000E+04     0.200000E+04     0.200000E+04     0.200000E+04     0.200000E+04     0.200000E+04     0.200000E+04     0.200000E+04     0.200000E+04     0.200000E+04     0.200000E+04     0.200000E+04     0.200000E+04     0.200000E+04     0.200000E+04     0.200000E+04     0.200000E+04     0.100000E+21
 0.410000E+04     0.262700E+04     0.262700E+04     0.246400E+04     0.246400E+04     0.241000E+04     0.241000E+04     0.236000E+04     0.246155E+04     0.251700E+04     0.254779E+04     0.255500E+04     0.255500E+04     0.240206E+04     0.228900E+04     0.228900E+04     0.228900E+04     0.231172E+04     0.230993E+04     0.230500E+04     0.230500E+04     0.225500E+04     0.225500E+04     0.225500E+04     0.225500E+04     0.226350E+04     0.230241E+04     0.230918E+04     0.232188E+04     0.230693E+04     0.223700E+04     0.223700E+04     0.223700E+04     0.223700E+04     0.223700E+04     0.222200E+04     0.222200E+04     0.230166E+04     0.257546E+04     0.258900E+04     0.253158E+04     0.251700E+04     0.251700E+04     0.241405E+04     0.231865E+04     0.231646E+04     0.231198E+04     0.230862E+04     0.230641E+04     0.217536E+04     0.232289E+04     0.240093E+04     0.243930E+04     0.242844E+04     0.241638E+04     0.241115E+04     0.244113E+04     0.244849E+04     0.244849E+04     0.244849E+04     0.231571E+04     0.225288E+04     0.221724E+04     0.219926E+04     0.219962E+04     0.219969E+04     0.219988E+04     0.220500E+04     0.220463E+04     0.220445E+04     0.220721E+04     0.220721E+04     0.220721E+04     0.218521E+04     0.215561E+04     0.215322E+04     0.215069E+04     0.202570E+04     0.200000E+04     0.210792E+04     0.213255E+04     0.209687E+04     0.207270E+04     0.207032E+04     0.207362E+04     0.203014E+04     0.214097E+04     0.214417E+04     0.213674E+04     0.214991E+04     0.212881E+04     0.210144E+04     0.209456E+04     0.212580E+04     0.213547E+04     0.214026E+04     0.213861E+04     0.213526E+04     0.213275E+04     0.213113E+04     0.213885E+04     0.213991E+04     0.213784E+04     0.213626E+04     0.212261E+04     0.206520E+04     0.200000E+04     0.200000E+04     0.200000E+04     0.200000E+04     0.200000E+04     0.200000E+04     0.200000E+04     0.200000E+04     0.200000E+04     0.200000E+04     0.200000E+04     0.200000E+04     0.200000E+04     0.200000E+04     0.200000E+04     0.200000E+04     0.200000E+04     0.200000E+04     0.200000E+04     0.200000E+04     0.100000E+21
 0.412000E+04     0.262700E+04     0.262700E+04     0.246400E+04     0.246400E+04     0.241000E+04     0.241000E+04     0.236000E+04     0.245683E+04     0.251700E+04     0.252935E+04     0.255500E+04     0.255500E+04     0.240568E+04     0.228900E+04     0.228900E+04     0.230004E+04     0.230756E+04     0.230500E+04     0.230500E+04     0.229018E+04     0.225500E+04     0.225500E+04     0.225500E+04     0.225500E+04     0.228043E+04     0.231255E+04     0.233700E+04     0.227026E+04     0.223700E+04     0.223700E+04     0.223700E+04     0.223700E+04     0.223452E+04     0.223010E+04     0.222200E+04     0.222200E+04     0.247800E+04     0.251623E+04     0.255586E+04     0.257305E+04     0.255116E+04     0.251700E+04     0.251700E+04     0.240983E+04     0.235271E+04     0.231198E+04     0.230862E+04     0.230340E+04     0.224443E+04     0.224213E+04     0.228908E+04     0.235064E+04     0.239961E+04     0.243376E+04     0.242410E+04     0.241797E+04     0.243132E+04     0.243077E+04     0.244138E+04     0.244849E+04     0.241726E+04     0.234516E+04     0.227584E+04     0.222648E+04     0.219900E+04     0.219937E+04     0.219954E+04     0.219972E+04     0.220000E+04     0.220389E+04     0.220385E+04     0.220721E+04     0.220721E+04     0.216886E+04     0.215322E+04     0.215079E+04     0.211523E+04     0.206491E+04     0.202554E+04     0.207161E+04     0.212835E+04     0.208693E+04     0.207032E+04     0.206988E+04     0.207702E+04     0.208448E+04     0.210807E+04     0.208363E+04     0.211390E+04     0.213229E+04     0.211151E+04     0.209456E+04     0.208298E+04     0.210108E+04     0.214026E+04     0.213870E+04     0.213526E+04     0.213275E+04     0.213120E+04     0.212771E+04     0.213599E+04     0.213778E+04     0.213626E+04     0.213486E+04     0.206113E+04     0.200000E+04     0.200000E+04     0.200000E+04     0.200000E+04     0.200000E+04     0.200000E+04     0.200000E+04     0.200000E+04     0.200000E+04     0.200000E+04     0.200000E+04     0.200000E+04     0.200000E+04     0.200000E+04     0.200000E+04     0.200000E+04     0.200000E+04     0.200000E+04     0.200000E+04     0.200000E+04     0.100000E+21
 0.414000E+04     0.248300E+04     0.257431E+04     0.258471E+04     0.246400E+04     0.241000E+04     0.241000E+04     0.236000E+04     0.246873E+04     0.251700E+04     0.252402E+04     0.255500E+04     0.255500E+04     0.239609E+04     0.228900E+04     0.230916E+04     0.231300E+04     0.230500E+04     0.230500E+04     0.225500E+04     0.225500E+04     0.225500E+04     0.225500E+04     0.227198E+04     0.229700E+04     0.229700E+04     0.233700E+04     0.233700E+04     0.223700E+04     0.223700E+04     0.223700E+04     0.223700E+04     0.223700E+04     0.222200E+04     0.222200E+04     0.222200E+04     0.222200E+04     0.251700E+04     0.247800E+04     0.247800E+04     0.254460E+04     0.258900E+04     0.258900E+04     0.253143E+04     0.251700E+04     0.251700E+04     0.226797E+04     0.230862E+04     0.227474E+04     0.229096E+04     0.224202E+04     0.223044E+04     0.224650E+04     0.224427E+04     0.229285E+04     0.243930E+04     0.243930E+04     0.243930E+04     0.241115E+04     0.241115E+04     0.241115E+04     0.244849E+04     0.244849E+04     0.244849E+04     0.244849E+04     0.244849E+04     0.228973E+04     0.225700E+04     0.219900E+04     0.219900E+04     0.219900E+04     0.219975E+04     0.220000E+04     0.220528E+04     0.220721E+04     0.220721E+04     0.216927E+04     0.214398E+04     0.214089E+04     0.209704E+04     0.200000E+04     0.200000E+04     0.212289E+04     0.211988E+04     0.206596E+04     0.206305E+04     0.205938E+04     0.207210E+04     0.207550E+04     0.213375E+04     0.213342E+04     0.210870E+04     0.213302E+04     0.208298E+04     0.207378E+04     0.214026E+04     0.213847E+04     0.213526E+04     0.213275E+04     0.213101E+04     0.212771E+04     0.212579E+04     0.210084E+04     0.202311E+04     0.200934E+04     0.200000E+04     0.200000E+04     0.200000E+04     0.200000E+04     0.200000E+04     0.200000E+04     0.200000E+04     0.200000E+04     0.200000E+04     0.200000E+04     0.200000E+04     0.200000E+04     0.200000E+04     0.200000E+04     0.200000E+04     0.200000E+04     0.200000E+04     0.200000E+04     0.200000E+04     0.200000E+04     0.200000E+04     0.100000E+21
 0.416000E+04     0.248300E+04     0.257074E+04     0.257585E+04     0.246400E+04     0.241000E+04     0.241000E+04     0.236000E+04     0.246315E+04     0.251700E+04     0.252650E+04     0.255500E+04     0.255500E+04     0.240092E+04     0.230611E+04     0.231052E+04     0.230724E+04     0.230500E+04     0.230500E+04     0.225500E+04     0.225500E+04     0.225500E+04     0.225500E+04     0.228897E+04     0.229700E+04     0.231506E+04     0.231821E+04     0.226388E+04     0.223700E+04     0.223700E+04     0.223700E+04     0.223414E+04     0.222597E+04     0.222200E+04     0.222200E+04     0.224417E+04     0.223012E+04     0.230547E+04     0.250179E+04     0.247800E+04     0.251292E+04     0.254331E+04     0.258900E+04     0.257682E+04     0.251700E+04     0.239774E+04     0.226797E+04     0.227635E+04     0.228973E+04     0.226622E+04     0.225458E+04     0.225186E+04     0.222558E+04     0.223743E+04     0.226434E+04     0.228888E+04     0.243930E+04     0.243930E+04     0.242898E+04     0.242983E+04     0.241115E+04     0.242123E+04     0.242190E+04     0.244849E+04     0.244849E+04     0.244849E+04     0.241709E+04     0.239567E+04     0.222527E+04     0.219900E+04     0.219900E+04     0.219918E+04     0.219926E+04     0.220102E+04     0.220721E+04     0.220721E+04     0.217092E+04     0.214373E+04     0.214089E+04     0.209173E+04     0.200000E+04     0.200000E+04     0.206243E+04     0.211988E+04     0.209362E+04     0.206305E+04     0.205938E+04     0.206184E+04     0.207550E+04     0.208388E+04     0.213342E+04     0.212127E+04     0.213302E+04     0.208298E+04     0.207444E+04     0.208073E+04     0.205483E+04     0.204885E+04     0.203532E+04     0.204336E+04     0.205995E+04     0.204734E+04     0.203876E+04     0.202311E+04     0.200975E+04     0.200000E+04     0.200000E+04     0.200000E+04     0.200000E+04     0.200000E+04     0.200000E+04     0.200000E+04     0.200000E+04     0.200000E+04     0.200000E+04     0.200000E+04     0.200000E+04     0.200000E+04     0.200000E+04     0.200000E+04     0.200000E+04     0.200000E+04     0.200000E+04     0.200000E+04     0.200000E+04     0.200000E+04     0.100000E+21
 0.418000E+04     0.248300E+04     0.257438E+04     0.259053E+04     0.246400E+04     0.241000E+04     0.241000E+04     0.236000E+04     0.246952E+04     0.251700E+04     0.252200E+04     0.255500E+04     0.255500E+04     0.255500E+04     0.231300E+04     0.230552E+04     0.230500E+04     0.228782E+04     0.225500E+04     0.225500E+04     0.225500E+04     0.225500E+04     0.228614E+04     0.231319E+04     0.233700E+04     0.233700E+04     0.223700E+04     0.223700E+04     0.223700E+04     0.223700E+04     0.223700E+04     0.222200E+04     0.222200E+04     0.222859E+04     0.225700E+04     0.225700E+04     0.223473E+04     0.222200E+04     0.251700E+04     0.251700E+04     0.247800E+04     0.247800E+04     0.251700E+04     0.257741E+04     0.225917E+04     0.226800E+04     0.226797E+04     0.226443E+04     0.226189E+04     0.230188E+04     0.229916E+04     0.226064E+04     0.228059E+04     0.223989E+04     0.221667E+04     0.223555E+04     0.223099E+04     0.222817E+04     0.243930E+04     0.243930E+04     0.243930E+04     0.241115E+04     0.241115E+04     0.242692E+04     0.244849E+04     0.244849E+04     0.244849E+04     0.244849E+04     0.238659E+04     0.225700E+04     0.225700E+04     0.221279E+04     0.219900E+04     0.219900E+04     0.220278E+04     0.220721E+04     0.220721E+04     0.214419E+04     0.214089E+04     0.213555E+04     0.213255E+04     0.200000E+04     0.200000E+04     0.200000E+04     0.211492E+04     0.211131E+04     0.205938E+04     0.205710E+04     0.207550E+04     0.207111E+04     0.200000E+04     0.201460E+04     0.201335E+04     0.201138E+04     0.200214E+04     0.200743E+04     0.200599E+04     0.200000E+04     0.200000E+04     0.200000E+04     0.203504E+04     0.203346E+04     0.201386E+04     0.202311E+04     0.202196E+04     0.200000E+04     0.200000E+04     0.200000E+04     0.200000E+04     0.200000E+04     0.200000E+04     0.200000E+04     0.200000E+04     0.200000E+04     0.200000E+04     0.200000E+04     0.200000E+04     0.200000E+04     0.200000E+04     0.200000E+04     0.200000E+04     0.200000E+04     0.200000E+04     0.200000E+04     0.200000E+04     0.200000E+04     0.100000E+21
 0.420000E+04     0.248300E+04     0.257267E+04     0.258268E+04     0.246400E+04     0.241000E+04     0.241000E+04     0.236000E+04     0.246650E+04     0.251700E+04     0.252459E+04     0.255500E+04     0.255500E+04     0.255500E+04     0.230733E+04     0.230564E+04     0.230500E+04     0.226505E+04     0.225500E+04     0.225500E+04     0.225500E+04     0.228744E+04     0.229180E+04     0.232889E+04     0.233700E+04     0.229104E+04     0.223700E+04     0.223700E+04     0.223700E+04     0.223700E+04     0.222766E+04     0.222200E+04     0.222200E+04     0.222174E+04     0.225700E+04     0.225700E+04     0.223515E+04     0.222200E+04     0.251700E+04     0.251700E+04     0.247800E+04     0.247800E+04     0.251700E+04     0.236978E+04     0.225917E+04     0.225972E+04     0.226797E+04     0.226443E+04     0.226196E+04     0.226743E+04     0.229251E+04     0.227377E+04     0.225416E+04     0.225789E+04     0.224774E+04     0.221323E+04     0.223087E+04     0.222817E+04     0.230700E+04     0.239759E+04     0.243930E+04     0.243281E+04     0.243104E+04     0.241769E+04     0.242523E+04     0.242211E+04     0.244468E+04     0.244849E+04     0.242059E+04     0.237491E+04     0.239679E+04     0.227520E+04     0.219900E+04     0.219900E+04     0.220119E+04     0.220162E+04     0.220572E+04     0.218046E+04     0.214089E+04     0.213546E+04     0.213255E+04     0.207951E+04     0.200000E+04     0.200000E+04     0.211468E+04     0.211131E+04     0.202272E+04     0.202912E+04     0.206275E+04     0.205954E+04     0.203865E+04     0.201458E+04     0.201335E+04     0.201138E+04     0.200265E+04     0.200743E+04     0.200604E+04     0.200215E+04     0.200000E+04     0.200000E+04     0.200824E+04     0.202835E+04     0.202105E+04     0.201105E+04     0.201817E+04     0.200000E+04     0.200000E+04     0.200000E+04     0.200000E+04     0.200000E+04     0.200000E+04     0.200000E+04     0.200000E+04     0.200000E+04     0.200000E+04     0.200000E+04     0.200000E+04     0.200000E+04     0.200000E+04     0.200000E+04     0.200000E+04     0.200000E+04     0.200000E+04     0.200000E+04     0.200000E+04     0.200000E+04     0.100000E+21
 0.422000E+04     0.248300E+04     0.256834E+04     0.256815E+04     0.246400E+04     0.241000E+04     0.241000E+04     0.236000E+04     0.242264E+04     0.251700E+04     0.252847E+04     0.255500E+04     0.255500E+04     0.255500E+04     0.230500E+04     0.229325E+04     0.228664E+04     0.225500E+04     0.225500E+04     0.225500E+04     0.226480E+04     0.229700E+04     0.230599E+04     0.231816E+04     0.230062E+04     0.225819E+04     0.223700E+04     0.223700E+04     0.223451E+04     0.223154E+04     0.222200E+04     0.222200E+04     0.222200E+04     0.222358E+04     0.225700E+04     0.225700E+04     0.223622E+04     0.222200E+04     0.251700E+04     0.251700E+04     0.248681E+04     0.247800E+04     0.243029E+04     0.231166E+04     0.225917E+04     0.225688E+04     0.226134E+04     0.226443E+04     0.226216E+04     0.225731E+04     0.227391E+04     0.228380E+04     0.226293E+04     0.227506E+04     0.225201E+04     0.222985E+04     0.221944E+04     0.221753E+04     0.222445E+04     0.230694E+04     0.235788E+04     0.243930E+04     0.243930E+04     0.241738E+04     0.241115E+04     0.241115E+04     0.242872E+04     0.244849E+04     0.244849E+04     0.244849E+04     0.244849E+04     0.236620E+04     0.222012E+04     0.220824E+04     0.219977E+04     0.220000E+04     0.220271E+04     0.218316E+04     0.214088E+04     0.213523E+04     0.213255E+04     0.215476E+04     0.206530E+04     0.206273E+04     0.213379E+04     0.212912E+04     0.201043E+04     0.201170E+04     0.204301E+04     0.205102E+04     0.205388E+04     0.202288E+04     0.201335E+04     0.201138E+04     0.200582E+04     0.200473E+04     0.200496E+04     0.200345E+04     0.200000E+04     0.200000E+04     0.200000E+04     0.201400E+04     0.202212E+04     0.200743E+04     0.201522E+04     0.200432E+04     0.200000E+04     0.200000E+04     0.200000E+04     0.200000E+04     0.200000E+04     0.200000E+04     0.200000E+04     0.200000E+04     0.200000E+04     0.200000E+04     0.200000E+04     0.200000E+04     0.200000E+04     0.200000E+04     0.200000E+04     0.200000E+04     0.200000E+04     0.200000E+04     0.200000E+04     0.200000E+04     0.100000E+21
 0.424000E+04     0.262700E+04     0.260388E+04     0.259062E+04     0.246400E+04     0.241000E+04     0.241000E+04     0.236000E+04     0.243640E+04     0.251700E+04     0.252197E+04     0.255500E+04     0.255500E+04     0.255500E+04     0.227031E+04     0.225646E+04     0.225500E+04     0.225500E+04     0.225500E+04     0.228521E+04     0.229290E+04     0.233279E+04     0.233240E+04     0.225895E+04     0.223700E+04     0.223700E+04     0.223700E+04     0.223700E+04     0.222518E+04     0.222200E+04     0.222200E+04     0.221990E+04     0.221017E+04     0.224911E+04     0.225700E+04     0.225700E+04     0.223471E+04     0.222200E+04     0.251700E+04     0.251700E+04     0.246982E+04     0.238915E+04     0.228198E+04     0.227906E+04     0.227191E+04     0.225907E+04     0.225200E+04     0.225175E+04     0.225940E+04     0.225731E+04     0.225444E+04     0.227427E+04     0.229164E+04     0.228953E+04     0.226888E+04     0.223704E+04     0.224682E+04     0.224624E+04     0.220717E+04     0.221671E+04     0.221696E+04     0.225650E+04     0.243930E+04     0.243421E+04     0.242807E+04     0.241115E+04     0.241115E+04     0.242062E+04     0.244849E+04     0.244849E+04     0.244849E+04     0.244849E+04     0.244021E+04     0.227313E+04     0.219917E+04     0.219907E+04     0.222575E+04     0.218293E+04     0.217763E+04     0.216936E+04     0.215532E+04     0.217838E+04     0.217693E+04     0.216178E+04     0.216809E+04     0.215959E+04     0.202505E+04     0.200959E+04     0.201805E+04     0.201702E+04     0.205388E+04     0.204545E+04     0.203517E+04     0.201138E+04     0.200978E+04     0.200628E+04     0.200508E+04     0.200345E+04     0.200121E+04     0.200024E+04     0.200000E+04     0.200000E+04     0.202350E+04     0.200743E+04     0.200970E+04     0.201426E+04     0.200000E+04     0.200000E+04     0.200000E+04     0.200000E+04     0.200000E+04     0.200000E+04     0.200000E+04     0.200000E+04     0.200000E+04     0.200000E+04     0.200000E+04     0.200000E+04     0.200000E+04     0.200000E+04     0.200000E+04     0.200000E+04     0.200000E+04     0.200000E+04     0.200000E+04     0.200000E+04     0.100000E+21
 0.426000E+04     0.262700E+04     0.262700E+04     0.249961E+04     0.246400E+04     0.241000E+04     0.241000E+04     0.236000E+04     0.245900E+04     0.251700E+04     0.252847E+04     0.255500E+04     0.255500E+04     0.255500E+04     0.225500E+04     0.225500E+04     0.225500E+04     0.226420E+04     0.227948E+04     0.229700E+04     0.231458E+04     0.227338E+04     0.227549E+04     0.223700E+04     0.223700E+04     0.223700E+04     0.223390E+04     0.222752E+04     0.222200E+04     0.222200E+04     0.222200E+04     0.221119E+04     0.220800E+04     0.225700E+04     0.225700E+04     0.223659E+04     0.222827E+04     0.222200E+04     0.251700E+04     0.251700E+04     0.219488E+04     0.215431E+04     0.230930E+04     0.228681E+04     0.227501E+04     0.226908E+04     0.226134E+04     0.224839E+04     0.225640E+04     0.225731E+04     0.225502E+04     0.225659E+04     0.226293E+04     0.226294E+04     0.227622E+04     0.226463E+04     0.224405E+04     0.224094E+04     0.223270E+04     0.221321E+04     0.221696E+04     0.224349E+04     0.229432E+04     0.243930E+04     0.243930E+04     0.241115E+04     0.241115E+04     0.241115E+04     0.243400E+04     0.244849E+04     0.244849E+04     0.244849E+04     0.225520E+04     0.217826E+04     0.224594E+04     0.223756E+04     0.226071E+04     0.221092E+04     0.218145E+04     0.218221E+04     0.218068E+04     0.216322E+04     0.218421E+04     0.217705E+04     0.216199E+04     0.216447E+04     0.210215E+04     0.204982E+04     0.200666E+04     0.201391E+04     0.202876E+04     0.205125E+04     0.205015E+04     0.201138E+04     0.201004E+04     0.200743E+04     0.200392E+04     0.200345E+04     0.200146E+04     0.200054E+04     0.200000E+04     0.200000E+04     0.201467E+04     0.202134E+04     0.201166E+04     0.201231E+04     0.200000E+04     0.200000E+04     0.200000E+04     0.200000E+04     0.200000E+04     0.200000E+04     0.200000E+04     0.200000E+04     0.200000E+04     0.200000E+04     0.200000E+04     0.200000E+04     0.200000E+04     0.200000E+04     0.200000E+04     0.200000E+04     0.200000E+04     0.200000E+04     0.200000E+04     0.200000E+04     0.100000E+21
 0.428000E+04     0.262700E+04     0.262700E+04     0.246400E+04     0.246400E+04     0.241000E+04     0.241000E+04     0.236000E+04     0.246650E+04     0.251700E+04     0.252459E+04     0.255500E+04     0.255500E+04     0.255500E+04     0.225500E+04     0.225500E+04     0.229700E+04     0.229700E+04     0.229700E+04     0.233700E+04     0.226201E+04     0.223700E+04     0.223700E+04     0.223700E+04     0.223700E+04     0.222712E+04     0.222200E+04     0.222200E+04     0.222200E+04     0.222200E+04     0.220800E+04     0.222261E+04     0.225700E+04     0.225700E+04     0.225700E+04     0.222200E+04     0.222200E+04     0.222200E+04     0.248632E+04     0.233510E+04     0.221302E+04     0.203000E+04     0.203000E+04     0.225905E+04     0.227501E+04     0.227257E+04     0.226797E+04     0.226443E+04     0.225076E+04     0.225731E+04     0.225467E+04     0.224882E+04     0.224650E+04     0.224430E+04     0.225104E+04     0.228128E+04     0.226449E+04     0.222817E+04     0.222445E+04     0.224520E+04     0.218753E+04     0.221248E+04     0.220940E+04     0.230587E+04     0.243930E+04     0.243930E+04     0.241640E+04     0.241115E+04     0.232472E+04     0.215680E+04     0.215273E+04     0.214974E+04     0.214452E+04     0.214155E+04     0.213936E+04     0.228215E+04     0.226172E+04     0.227098E+04     0.224062E+04     0.218295E+04     0.219177E+04     0.218943E+04     0.217308E+04     0.218725E+04     0.215909E+04     0.216732E+04     0.216491E+04     0.215873E+04     0.202117E+04     0.200357E+04     0.201414E+04     0.205131E+04     0.205015E+04     0.204827E+04     0.201844E+04     0.200743E+04     0.200222E+04     0.200345E+04     0.200146E+04     0.200047E+04     0.200000E+04     0.200000E+04     0.201000E+04     0.202929E+04     0.201529E+04     0.201365E+04     0.200000E+04     0.200000E+04     0.200000E+04     0.200000E+04     0.200000E+04     0.200000E+04     0.200000E+04     0.200000E+04     0.200000E+04     0.200000E+04     0.200000E+04     0.200000E+04     0.200000E+04     0.200000E+04     0.200000E+04     0.200000E+04     0.200000E+04     0.200000E+04     0.200000E+04     0.200000E+04     0.100000E+21
 0.430000E+04     0.262700E+04     0.262700E+04     0.246047E+04     0.243727E+04     0.241000E+04     0.241000E+04     0.236000E+04     0.246952E+04     0.251700E+04     0.252200E+04     0.255500E+04     0.255500E+04     0.255500E+04     0.225500E+04     0.229165E+04     0.229700E+04     0.232228E+04     0.232080E+04     0.226475E+04     0.224677E+04     0.223700E+04     0.223700E+04     0.223354E+04     0.222392E+04     0.222417E+04     0.222200E+04     0.222200E+04     0.222200E+04     0.222200E+04     0.220800E+04     0.222133E+04     0.225700E+04     0.225344E+04     0.223217E+04     0.222200E+04     0.222200E+04     0.243273E+04     0.251152E+04     0.233510E+04     0.228081E+04     0.220833E+04     0.203000E+04     0.207101E+04     0.231019E+04     0.227932E+04     0.226797E+04     0.226443E+04     0.225032E+04     0.225731E+04     0.225444E+04     0.224887E+04     0.224650E+04     0.224427E+04     0.224321E+04     0.223801E+04     0.227198E+04     0.226232E+04     0.222445E+04     0.222942E+04     0.223604E+04     0.218893E+04     0.220940E+04     0.224677E+04     0.229586E+04     0.243930E+04     0.223464E+04     0.219762E+04     0.218855E+04     0.213451E+04     0.212552E+04     0.214485E+04     0.214452E+04     0.214139E+04     0.217277E+04     0.228215E+04     0.227126E+04     0.224982E+04     0.226959E+04     0.220702E+04     0.217984E+04     0.218943E+04     0.216375E+04     0.216885E+04     0.217701E+04     0.215826E+04     0.216491E+04     0.215863E+04     0.202117E+04     0.201872E+04     0.201414E+04     0.203466E+04     0.205015E+04     0.204828E+04     0.201672E+04     0.200743E+04     0.200202E+04     0.200137E+04     0.200146E+04     0.200044E+04     0.200000E+04     0.200000E+04     0.200423E+04     0.200376E+04     0.201663E+04     0.201425E+04     0.200000E+04     0.200000E+04     0.200000E+04     0.200000E+04     0.200000E+04     0.200000E+04     0.200000E+04     0.200000E+04     0.200000E+04     0.200000E+04     0.200000E+04     0.200000E+04     0.200000E+04     0.200000E+04     0.200000E+04     0.200000E+04     0.200000E+04     0.200000E+04     0.200000E+04     0.200000E+04     0.100000E+21
 0.432000E+04     0.262700E+04     0.259587E+04     0.245521E+04     0.243600E+04     0.241000E+04     0.241000E+04     0.236000E+04     0.246315E+04     0.251700E+04     0.252650E+04     0.255500E+04     0.255500E+04     0.255500E+04     0.226706E+04     0.229153E+04     0.230819E+04     0.232173E+04     0.230030E+04     0.223700E+04     0.223700E+04     0.223700E+04     0.223700E+04     0.222780E+04     0.222200E+04     0.222200E+04     0.222200E+04     0.222200E+04     0.221999E+04     0.221827E+04     0.220800E+04     0.223271E+04     0.225700E+04     0.224745E+04     0.222200E+04     0.222200E+04     0.229207E+04     0.251700E+04     0.249393E+04     0.238704E+04     0.233051E+04     0.232856E+04     0.211455E+04     0.206347E+04     0.224127E+04     0.225526E+04     0.226797E+04     0.226443E+04     0.225421E+04     0.225302E+04     0.225284E+04     0.224876E+04     0.224650E+04     0.224435E+04     0.223805E+04     0.223555E+04     0.226264E+04     0.226150E+04     0.224144E+04     0.223768E+04     0.224254E+04     0.219735E+04     0.220084E+04     0.220215E+04     0.219999E+04     0.236837E+04     0.222329E+04     0.214241E+04     0.212154E+04     0.211937E+04     0.211597E+04     0.213239E+04     0.214452E+04     0.214170E+04     0.217116E+04     0.224283E+04     0.225348E+04     0.224921E+04     0.226172E+04     0.221915E+04     0.217671E+04     0.218394E+04     0.216331E+04     0.216165E+04     0.217694E+04     0.215439E+04     0.216017E+04     0.215823E+04     0.205861E+04     0.203294E+04     0.201014E+04     0.202696E+04     0.205015E+04     0.204828E+04     0.202639E+04     0.200743E+04     0.200242E+04     0.200000E+04     0.200146E+04     0.200050E+04     0.200000E+04     0.200000E+04     0.200000E+04     0.200000E+04     0.201582E+04     0.201032E+04     0.200000E+04     0.200000E+04     0.200000E+04     0.200000E+04     0.200000E+04     0.200000E+04     0.200000E+04     0.200000E+04     0.200000E+04     0.200000E+04     0.200000E+04     0.200000E+04     0.200000E+04     0.200000E+04     0.200000E+04     0.200000E+04     0.200000E+04     0.200000E+04     0.200000E+04     0.200000E+04     0.100000E+21
 0.434000E+04     0.262700E+04     0.252364E+04     0.245674E+04     0.243600E+04     0.241000E+04     0.241000E+04     0.236000E+04     0.246873E+04     0.251700E+04     0.252402E+04     0.255500E+04     0.255500E+04     0.255500E+04     0.232213E+04     0.232605E+04     0.227214E+04     0.226260E+04     0.223700E+04     0.223700E+04     0.223700E+04     0.222632E+04     0.222749E+04     0.222200E+04     0.222200E+04     0.222200E+04     0.222016E+04     0.221213E+04     0.221158E+04     0.220800E+04     0.223556E+04     0.225700E+04     0.225700E+04     0.223009E+04     0.222200E+04     0.238628E+04     0.251282E+04     0.251700E+04     0.251700E+04     0.251700E+04     0.239811E+04     0.232856E+04     0.232527E+04     0.225771E+04     0.203000E+04     0.210208E+04     0.229261E+04     0.226443E+04     0.226191E+04     0.225270E+04     0.224393E+04     0.224887E+04     0.224650E+04     0.224427E+04     0.223824E+04     0.223555E+04     0.223093E+04     0.222817E+04     0.224499E+04     0.226038E+04     0.221377E+04     0.212255E+04     0.211525E+04     0.219907E+04     0.219685E+04     0.219298E+04     0.218976E+04     0.218518E+04     0.214606E+04     0.211937E+04     0.211597E+04     0.211342E+04     0.214452E+04     0.214150E+04     0.213462E+04     0.213205E+04     0.213097E+04     0.225566E+04     0.223122E+04     0.224515E+04     0.220712E+04     0.217434E+04     0.217746E+04     0.215407E+04     0.216852E+04     0.217214E+04     0.215195E+04     0.215845E+04     0.215227E+04     0.203955E+04     0.201104E+04     0.201822E+04     0.202790E+04     0.204827E+04     0.204681E+04     0.200743E+04     0.200211E+04     0.200000E+04     0.200044E+04     0.200021E+04     0.200000E+04     0.200000E+04     0.200000E+04     0.200000E+04     0.201631E+04     0.201320E+04     0.200000E+04     0.200000E+04     0.200000E+04     0.200000E+04     0.200000E+04     0.200000E+04     0.200000E+04     0.200000E+04     0.200000E+04     0.200000E+04     0.200000E+04     0.200000E+04     0.200000E+04     0.200000E+04     0.200000E+04     0.200000E+04     0.200000E+04     0.200000E+04     0.200000E+04     0.200000E+04     0.100000E+21
 0.436000E+04     0.262700E+04     0.253189E+04     0.243505E+04     0.238635E+04     0.241000E+04     0.241000E+04     0.236000E+04     0.245683E+04     0.251700E+04     0.252935E+04     0.255500E+04     0.255500E+04     0.255500E+04     0.245464E+04     0.233413E+04     0.223700E+04     0.223700E+04     0.223700E+04     0.223700E+04     0.223165E+04     0.222200E+04     0.222200E+04     0.222200E+04     0.222200E+04     0.222200E+04     0.221186E+04     0.220800E+04     0.221771E+04     0.223447E+04     0.225700E+04     0.225700E+04     0.225700E+04     0.226651E+04     0.236018E+04     0.251700E+04     0.255908E+04     0.255587E+04     0.251700E+04     0.251700E+04     0.243654E+04     0.232856E+04     0.232527E+04     0.232306E+04     0.218596E+04     0.208592E+04     0.216371E+04     0.228831E+04     0.227072E+04     0.225731E+04     0.224511E+04     0.224865E+04     0.224650E+04     0.224442E+04     0.223782E+04     0.223555E+04     0.222968E+04     0.222559E+04     0.222193E+04     0.223266E+04     0.221213E+04     0.212717E+04     0.207682E+04     0.216178E+04     0.219685E+04     0.219298E+04     0.219033E+04     0.218518E+04     0.216868E+04     0.214981E+04     0.211597E+04     0.211377E+04     0.212541E+04     0.213500E+04     0.213444E+04     0.213205E+04     0.210494E+04     0.217867E+04     0.224379E+04     0.223982E+04     0.223908E+04     0.217434E+04     0.217550E+04     0.217064E+04     0.216883E+04     0.218255E+04     0.215195E+04     0.215799E+04     0.215648E+04     0.206154E+04     0.201727E+04     0.201135E+04     0.201020E+04     0.204828E+04     0.204704E+04     0.200743E+04     0.200464E+04     0.200000E+04     0.200000E+04     0.200000E+04     0.200000E+04     0.200000E+04     0.200000E+04     0.200000E+04     0.200717E+04     0.201581E+04     0.200000E+04     0.200000E+04     0.200000E+04     0.200000E+04     0.200000E+04     0.200000E+04     0.200000E+04     0.200000E+04     0.200000E+04     0.200000E+04     0.200000E+04     0.200000E+04     0.200000E+04     0.200000E+04     0.200000E+04     0.200000E+04     0.200000E+04     0.200000E+04     0.200000E+04     0.200000E+04     0.100000E+21
 0.438000E+04     0.262700E+04     0.252871E+04     0.241042E+04     0.234400E+04     0.241000E+04     0.241000E+04     0.236000E+04     0.246155E+04     0.251700E+04     0.252732E+04     0.255500E+04     0.255500E+04     0.255500E+04     0.255500E+04     0.231871E+04     0.223700E+04     0.223368E+04     0.222775E+04     0.222665E+04     0.222399E+04     0.222200E+04     0.222200E+04     0.222200E+04     0.222200E+04     0.221599E+04     0.220800E+04     0.220800E+04     0.224713E+04     0.225700E+04     0.225700E+04     0.225700E+04     0.225700E+04     0.244867E+04     0.247800E+04     0.251700E+04     0.253160E+04     0.258900E+04     0.255733E+04     0.251700E+04     0.248511E+04     0.244502E+04     0.232527E+04     0.232289E+04     0.231865E+04     0.225957E+04     0.203000E+04     0.211435E+04     0.224337E+04     0.225731E+04     0.225203E+04     0.224196E+04     0.224650E+04     0.224436E+04     0.221826E+04     0.223224E+04     0.222689E+04     0.222340E+04     0.221966E+04     0.221728E+04     0.221213E+04     0.219227E+04     0.216436E+04     0.209423E+04     0.211771E+04     0.219298E+04     0.219012E+04     0.218518E+04     0.217981E+04     0.217732E+04     0.211597E+04     0.211363E+04     0.210913E+04     0.211328E+04     0.213451E+04     0.213205E+04     0.212945E+04     0.210778E+04     0.225453E+04     0.223265E+04     0.225418E+04     0.219737E+04     0.217633E+04     0.218475E+04     0.216230E+04     0.218255E+04     0.216940E+04     0.215994E+04     0.216007E+04     0.212783E+04     0.201727E+04     0.200651E+04     0.201020E+04     0.204828E+04     0.204695E+04     0.203339E+04     0.201335E+04     0.200000E+04     0.200000E+04     0.200000E+04     0.200000E+04     0.200000E+04     0.200000E+04     0.200000E+04     0.200000E+04     0.201687E+04     0.200000E+04     0.200000E+04     0.200000E+04     0.200000E+04     0.200000E+04     0.200000E+04     0.200000E+04     0.200000E+04     0.200000E+04     0.200000E+04     0.200000E+04     0.200000E+04     0.200000E+04     0.200000E+04     0.200000E+04     0.200000E+04     0.200000E+04     0.200000E+04     0.200000E+04     0.200000E+04     0.100000E+21
 0.440000E+04     0.250613E+04     0.249152E+04     0.241258E+04     0.234400E+04     0.241000E+04     0.241000E+04     0.236000E+04     0.246891E+04     0.251700E+04     0.252377E+04     0.255500E+04     0.255500E+04     0.255500E+04     0.255500E+04     0.222033E+04     0.223700E+04     0.222577E+04     0.222200E+04     0.222200E+04     0.222200E+04     0.222200E+04     0.222200E+04     0.221893E+04     0.221183E+04     0.221013E+04     0.221426E+04     0.224343E+04     0.225700E+04     0.225700E+04     0.225700E+04     0.229607E+04     0.244370E+04     0.250868E+04     0.247800E+04     0.249512E+04     0.250937E+04     0.258900E+04     0.257867E+04     0.251700E+04     0.251700E+04     0.251700E+04     0.232527E+04     0.232261E+04     0.231865E+04     0.231629E+04     0.218904E+04     0.203000E+04     0.222576E+04     0.225731E+04     0.225460E+04     0.223595E+04     0.221149E+04     0.221828E+04     0.220378E+04     0.220802E+04     0.222619E+04     0.222340E+04     0.221966E+04     0.221713E+04     0.221213E+04     0.220771E+04     0.220453E+04     0.211465E+04     0.206960E+04     0.211236E+04     0.217892E+04     0.218518E+04     0.217998E+04     0.217732E+04     0.215419E+04     0.212099E+04     0.210913E+04     0.210659E+04     0.213462E+04     0.213205E+04     0.212930E+04     0.213808E+04     0.225453E+04     0.223538E+04     0.222464E+04     0.221152E+04     0.217566E+04     0.218475E+04     0.215531E+04     0.216788E+04     0.218019E+04     0.216125E+04     0.216007E+04     0.215129E+04     0.201727E+04     0.200371E+04     0.201020E+04     0.202242E+04     0.204232E+04     0.204452E+04     0.201647E+04     0.200196E+04     0.200000E+04     0.200000E+04     0.200000E+04     0.200000E+04     0.200000E+04     0.200000E+04     0.200000E+04     0.201848E+04     0.200000E+04     0.200000E+04     0.200000E+04     0.200000E+04     0.200000E+04     0.200000E+04     0.200000E+04     0.200000E+04     0.200000E+04     0.200000E+04     0.200000E+04     0.200000E+04     0.200000E+04     0.200000E+04     0.200000E+04     0.200000E+04     0.200000E+04     0.200000E+04     0.200000E+04     0.200000E+04     0.100000E+21
