 0.126000E+03    -0.250000E+04    -0.248000E+04    -0.246000E+04    -0.244000E+04    -0.242000E+04    -0.240000E+04    -0.238000E+04    -0.236000E+04    -0.234000E+04    -0.232000E+04    -0.230000E+04    -0.228000E+04    -0.226000E+04    -0.224000E+04    -0.222000E+04    -0.220000E+04    -0.218000E+04    -0.216000E+04    -0.214000E+04    -0.212000E+04    -0.210000E+04    -0.208000E+04    -0.206000E+04    -0.204000E+04    -0.202000E+04    -0.200000E+04    -0.198000E+04    -0.196000E+04    -0.194000E+04    -0.192000E+04    -0.190000E+04    -0.188000E+04    -0.186000E+04    -0.184000E+04    -0.182000E+04    -0.180000E+04    -0.178000E+04    -0.176000E+04    -0.174000E+04    -0.172000E+04    -0.170000E+04    -0.168000E+04    -0.166000E+04    -0.164000E+04    -0.162000E+04    -0.160000E+04    -0.158000E+04    -0.156000E+04    -0.154000E+04    -0.152000E+04    -0.150000E+04    -0.148000E+04    -0.146000E+04    -0.144000E+04    -0.142000E+04    -0.140000E+04    -0.138000E+04    -0.136000E+04    -0.134000E+04    -0.132000E+04    -0.130000E+04    -0.128000E+04    -0.126000E+04    -0.124000E+04    -0.122000E+04    -0.120000E+04    -0.118000E+04    -0.116000E+04    -0.114000E+04    -0.112000E+04    -0.110000E+04    -0.108000E+04    -0.106000E+04    -0.104000E+04    -0.102000E+04    -0.100000E+04    -0.980000E+03    -0.960000E+03    -0.940000E+03    -0.920000E+03    -0.900000E+03    -0.880000E+03    -0.860000E+03    -0.840000E+03    -0.820000E+03    -0.800000E+03    -0.780000E+03    -0.760000E+03    -0.740000E+03    -0.720000E+03    -0.700000E+03    -0.680000E+03    -0.660000E+03    -0.640000E+03    -0.620000E+03    -0.600000E+03    -0.580000E+03    -0.560000E+03    -0.540000E+03    -0.520000E+03    -0.500000E+03    -0.480000E+03    -0.460000E+03    -0.440000E+03    -0.420000E+03    -0.400000E+03    -0.380000E+03    -0.360000E+03    -0.340000E+03    -0.320000E+03    -0.300000E+03    -0.280000E+03    -0.260000E+03    -0.240000E+03    -0.220000E+03    -0.200000E+03    -0.180000E+03    -0.160000E+03    -0.140000E+03    -0.120000E+03    -0.100000E+03    -0.800000E+02    -0.600000E+02    -0.400000E+02    -0.200000E+02     0.000000E+00
 0.000000E+00     0.170240E+11     0.170240E+11     0.170240E+11     0.170240E+11     0.170240E+11     0.170240E+11     0.170240E+11     0.170240E+11     0.170240E+11     0.170240E+11     0.170240E+11     0.170240E+11     0.170240E+11     0.508600E+10     0.508600E+10     0.480400E+10     0.138728E+11     0.106780E+11     0.105640E+11     0.104780E+11     0.817000E+10     0.778282E+10     0.764050E+10     0.715000E+10     0.801403E+10     0.814716E+10     0.754100E+10     0.734336E+10     0.727900E+10     0.672400E+10     0.107101E+11     0.204590E+11     0.192594E+11     0.204420E+11     0.185050E+11     0.182372E+11     0.601900E+10     0.596283E+10     0.592000E+10     0.585223E+10     0.582200E+10     0.577400E+10     0.598728E+10     0.537500E+10     0.534163E+10     0.548100E+10     0.589400E+10     0.585915E+10     0.524200E+10     0.539386E+10     0.451061E+10     0.283900E+10     0.280516E+10     0.287747E+10     0.319600E+10     0.306370E+10     0.273400E+10     0.271300E+10     0.254706E+10     0.244700E+10     0.275606E+10     0.274100E+10     0.251405E+10     0.255800E+10     0.297300E+10     0.295459E+10     0.269200E+10     0.268505E+10     0.236600E+10     0.225600E+10     0.235566E+10     0.221900E+10     0.236098E+10     0.248303E+10     0.262700E+10     0.261327E+10     0.258111E+10     0.256600E+10     0.205880E+10     0.204600E+10     0.202800E+10     0.200607E+10     0.199400E+10     0.235029E+10     0.233500E+10     0.231600E+10     0.230428E+10     0.227900E+10     0.213767E+10     0.209600E+10     0.195981E+10     0.194900E+10     0.193300E+10     0.192120E+10     0.229700E+10     0.228408E+10     0.226000E+10     0.195600E+10     0.194423E+10     0.192400E+10     0.223856E+10     0.230979E+10     0.229700E+10     0.211403E+10     0.195440E+10     0.190500E+10     0.181400E+10     0.181400E+10     0.181400E+10     0.181400E+10     0.181400E+10     0.181400E+10     0.181400E+10     0.181400E+10     0.181400E+10     0.181400E+10     0.181400E+10     0.181400E+10     0.181400E+10     0.181400E+10     0.181400E+10     0.181400E+10     0.181400E+10     0.181400E+10     0.181400E+10     0.100000E+21
 0.200000E+02     0.170240E+11     0.170240E+11     0.170240E+11     0.170240E+11     0.170240E+11     0.170240E+11     0.170240E+11     0.170240E+11     0.170240E+11     0.170240E+11     0.170240E+11     0.170240E+11     0.170240E+11     0.508600E+10     0.508600E+10     0.480400E+10     0.136937E+11     0.106780E+11     0.105640E+11     0.104859E+11     0.817000E+10     0.781655E+10     0.762216E+10     0.715000E+10     0.796103E+10     0.806932E+10     0.754100E+10     0.733904E+10     0.727900E+10     0.672400E+10     0.114874E+11     0.204590E+11     0.193768E+11     0.204420E+11     0.185050E+11     0.182506E+11     0.601900E+10     0.595741E+10     0.592000E+10     0.585089E+10     0.582200E+10     0.577400E+10     0.596456E+10     0.537500E+10     0.534408E+10     0.548100E+10     0.589400E+10     0.586169E+10     0.524200E+10     0.533239E+10     0.441771E+10     0.283900E+10     0.280664E+10     0.290795E+10     0.319600E+10     0.303553E+10     0.273400E+10     0.271300E+10     0.255732E+10     0.244700E+10     0.275426E+10     0.274100E+10     0.251543E+10     0.255800E+10     0.297300E+10     0.295680E+10     0.269200E+10     0.266533E+10     0.236600E+10     0.225600E+10     0.234714E+10     0.221900E+10     0.234739E+10     0.248931E+10     0.262700E+10     0.261403E+10     0.257935E+10     0.256600E+10     0.205787E+10     0.204600E+10     0.202800E+10     0.200518E+10     0.199400E+10     0.234866E+10     0.233500E+10     0.231600E+10     0.230480E+10     0.227900E+10     0.215554E+10     0.209600E+10     0.195927E+10     0.194900E+10     0.193300E+10     0.192237E+10     0.229700E+10     0.228511E+10     0.226000E+10     0.195600E+10     0.194502E+10     0.192400E+10     0.219816E+10     0.230900E+10     0.229700E+10     0.212087E+10     0.195009E+10     0.190500E+10     0.181400E+10     0.181400E+10     0.181400E+10     0.181400E+10     0.181400E+10     0.181400E+10     0.181400E+10     0.181400E+10     0.181400E+10     0.181400E+10     0.181400E+10     0.181400E+10     0.181400E+10     0.181400E+10     0.181400E+10     0.181400E+10     0.181400E+10     0.181400E+10     0.181400E+10     0.100000E+21
 0.400000E+02     0.170240E+11     0.170240E+11     0.170240E+11     0.170240E+11     0.170240E+11     0.170240E+11     0.170240E+11     0.170240E+11     0.170240E+11     0.170240E+11     0.170240E+11     0.170240E+11     0.170240E+11     0.508600E+10     0.508600E+10     0.480400E+10     0.135815E+11     0.106780E+11     0.105640E+11     0.104909E+11     0.817000E+10     0.783862E+10     0.761118E+10     0.715000E+10     0.792743E+10     0.802510E+10     0.754100E+10     0.733628E+10     0.727900E+10     0.672400E+10     0.119965E+11     0.204590E+11     0.194487E+11     0.204420E+11     0.185050E+11     0.182589E+11     0.601900E+10     0.595456E+10     0.592000E+10     0.585008E+10     0.582200E+10     0.577400E+10     0.595107E+10     0.537500E+10     0.534567E+10     0.548100E+10     0.589400E+10     0.586333E+10     0.524200E+10     0.521372E+10     0.435957E+10     0.283900E+10     0.280754E+10     0.292759E+10     0.319600E+10     0.301756E+10     0.273400E+10     0.271300E+10     0.256383E+10     0.244700E+10     0.275326E+10     0.274100E+10     0.251624E+10     0.255800E+10     0.297300E+10     0.295802E+10     0.269200E+10     0.265281E+10     0.236600E+10     0.225600E+10     0.234171E+10     0.221900E+10     0.233864E+10     0.249314E+10     0.262700E+10     0.261451E+10     0.257829E+10     0.256600E+10     0.205727E+10     0.204600E+10     0.202800E+10     0.200461E+10     0.199400E+10     0.234770E+10     0.233500E+10     0.231600E+10     0.230511E+10     0.227900E+10     0.216495E+10     0.209600E+10     0.195894E+10     0.194900E+10     0.193300E+10     0.192309E+10     0.229700E+10     0.228578E+10     0.226000E+10     0.208701E+10     0.199854E+10     0.192400E+10     0.217522E+10     0.230850E+10     0.229700E+10     0.212497E+10     0.194728E+10     0.190500E+10     0.181400E+10     0.181400E+10     0.181400E+10     0.181400E+10     0.181400E+10     0.181400E+10     0.181400E+10     0.181400E+10     0.181400E+10     0.181400E+10     0.181400E+10     0.181400E+10     0.181400E+10     0.181400E+10     0.181400E+10     0.181400E+10     0.181400E+10     0.181400E+10     0.181400E+10     0.100000E+21
 0.600000E+02     0.170240E+11     0.170240E+11     0.170240E+11     0.170240E+11     0.170240E+11     0.170240E+11     0.170240E+11     0.170240E+11     0.170240E+11     0.170240E+11     0.170240E+11     0.170240E+11     0.170240E+11     0.508600E+10     0.508600E+10     0.480400E+10     0.138700E+11     0.106780E+11     0.105640E+11     0.104783E+11     0.817000E+10     0.778430E+10     0.764035E+10     0.715000E+10     0.801301E+10     0.814068E+10     0.754100E+10     0.734326E+10     0.727900E+10     0.672400E+10     0.107380E+11     0.204590E+11     0.192657E+11     0.204420E+11     0.185050E+11     0.182374E+11     0.601900E+10     0.596236E+10     0.592000E+10     0.585221E+10     0.582200E+10     0.608900E+10     0.604902E+10     0.537500E+10     0.534170E+10     0.548100E+10     0.589400E+10     0.585922E+10     0.524200E+10     0.520754E+10     0.450913E+10     0.283900E+10     0.280518E+10     0.287907E+10     0.319600E+10     0.306259E+10     0.273400E+10     0.248600E+10     0.247320E+10     0.244700E+10     0.275592E+10     0.274100E+10     0.251406E+10     0.255800E+10     0.297300E+10     0.295476E+10     0.269200E+10     0.268467E+10     0.236600E+10     0.225600E+10     0.235533E+10     0.221900E+10     0.236026E+10     0.248309E+10     0.262700E+10     0.261328E+10     0.258098E+10     0.256600E+10     0.205878E+10     0.204600E+10     0.202800E+10     0.200604E+10     0.199400E+10     0.235019E+10     0.233500E+10     0.231600E+10     0.230428E+10     0.227900E+10     0.213921E+10     0.209600E+10     0.195981E+10     0.194900E+10     0.193300E+10     0.192126E+10     0.229700E+10     0.228412E+10     0.226000E+10     0.195600E+10     0.194425E+10     0.192400E+10     0.223520E+10     0.230977E+10     0.229700E+10     0.211409E+10     0.195421E+10     0.190500E+10     0.181400E+10     0.181400E+10     0.181400E+10     0.181400E+10     0.181400E+10     0.181400E+10     0.181400E+10     0.181400E+10     0.181400E+10     0.181400E+10     0.181400E+10     0.181400E+10     0.181400E+10     0.181400E+10     0.181400E+10     0.181400E+10     0.181400E+10     0.181400E+10     0.181400E+10     0.100000E+21
 0.800000E+02     0.170240E+11     0.170240E+11     0.170240E+11     0.170240E+11     0.170240E+11     0.170240E+11     0.170240E+11     0.170240E+11     0.170240E+11     0.170240E+11     0.170240E+11     0.170240E+11     0.170240E+11     0.508600E+10     0.508600E+10     0.480400E+10     0.137306E+11     0.106780E+11     0.105640E+11     0.104840E+11     0.817000E+10     0.780838E+10     0.762564E+10     0.715000E+10     0.797224E+10     0.808799E+10     0.754100E+10     0.733998E+10     0.727900E+10     0.672400E+10     0.113047E+11     0.204590E+11     0.193492E+11     0.204420E+11     0.185050E+11     0.182479E+11     0.601900E+10     0.595860E+10     0.592000E+10     0.585115E+10     0.582200E+10     0.608900E+10     0.605204E+10     0.537500E+10     0.534353E+10     0.548100E+10     0.589400E+10     0.586113E+10     0.524200E+10     0.521031E+10     0.443679E+10     0.283900E+10     0.280635E+10     0.290044E+10     0.319600E+10     0.304207E+10     0.273400E+10     0.248600E+10     0.247381E+10     0.244700E+10     0.275466E+10     0.274100E+10     0.251517E+10     0.255800E+10     0.297300E+10     0.295630E+10     0.269200E+10     0.266951E+10     0.236600E+10     0.225600E+10     0.246431E+10     0.221900E+10     0.235074E+10     0.248809E+10     0.262700E+10     0.261388E+10     0.257978E+10     0.256600E+10     0.205808E+10     0.204600E+10     0.202800E+10     0.200538E+10     0.199400E+10     0.234904E+10     0.233500E+10     0.231600E+10     0.230470E+10     0.227900E+10     0.215163E+10     0.209600E+10     0.195938E+10     0.194900E+10     0.193300E+10     0.192209E+10     0.229700E+10     0.228487E+10     0.226000E+10     0.195600E+10     0.194485E+10     0.192400E+10     0.220786E+10     0.230917E+10     0.229700E+10     0.211957E+10     0.195114E+10     0.190500E+10     0.181400E+10     0.181400E+10     0.181400E+10     0.181400E+10     0.181400E+10     0.181400E+10     0.181400E+10     0.181400E+10     0.181400E+10     0.181400E+10     0.181400E+10     0.181400E+10     0.181400E+10     0.181400E+10     0.181400E+10     0.181400E+10     0.181400E+10     0.181400E+10     0.181400E+10     0.100000E+21
 0.100000E+03     0.170240E+11     0.170240E+11     0.170240E+11     0.170240E+11     0.170240E+11     0.170240E+11     0.170240E+11     0.170240E+11     0.170240E+11     0.170240E+11     0.170240E+11     0.170240E+11     0.170240E+11     0.508600E+10     0.508600E+10     0.480400E+10     0.138776E+11     0.106780E+11     0.105640E+11     0.104759E+11     0.817000E+10     0.777483E+10     0.763994E+10     0.715000E+10     0.801670E+10     0.819605E+10     0.754100E+10     0.734371E+10     0.727900E+10     0.672400E+10     0.105735E+11     0.204590E+11     0.192219E+11     0.204420E+11     0.185050E+11     0.182371E+11     0.601900E+10     0.596849E+10     0.592000E+10     0.585221E+10     0.582200E+10     0.608900E+10     0.604705E+10     0.537500E+10     0.534134E+10     0.548100E+10     0.589400E+10     0.585886E+10     0.524200E+10     0.520524E+10     0.451290E+10     0.283900E+10     0.280518E+10     0.286809E+10     0.319600E+10     0.306938E+10     0.273400E+10     0.248600E+10     0.247314E+10     0.244700E+10     0.275720E+10     0.274100E+10     0.251411E+10     0.255800E+10     0.297300E+10     0.295320E+10     0.269200E+10     0.268610E+10     0.236600E+10     0.225600E+10     0.252583E+10     0.237000E+10     0.240181E+10     0.248312E+10     0.262700E+10     0.261325E+10     0.258198E+10     0.256600E+10     0.205891E+10     0.204600E+10     0.202800E+10     0.200618E+10     0.199400E+10     0.235094E+10     0.233500E+10     0.231600E+10     0.230429E+10     0.227900E+10     0.211897E+10     0.209600E+10     0.195982E+10     0.194900E+10     0.193300E+10     0.192082E+10     0.229700E+10     0.228390E+10     0.226000E+10     0.195600E+10     0.194417E+10     0.192400E+10     0.226393E+10     0.230983E+10     0.229700E+10     0.211424E+10     0.195542E+10     0.190500E+10     0.181400E+10     0.181400E+10     0.181400E+10     0.181400E+10     0.181400E+10     0.181400E+10     0.181400E+10     0.181400E+10     0.181400E+10     0.181400E+10     0.181400E+10     0.181400E+10     0.181400E+10     0.181400E+10     0.181400E+10     0.181400E+10     0.181400E+10     0.181400E+10     0.181400E+10     0.100000E+21
 0.120000E+03     0.170240E+11     0.170240E+11     0.170240E+11     0.170240E+11     0.170240E+11     0.170240E+11     0.170240E+11     0.170240E+11     0.170240E+11     0.170240E+11     0.170240E+11     0.170240E+11     0.170240E+11     0.508600E+10     0.508600E+10     0.480400E+10     0.138084E+11     0.106780E+11     0.105640E+11     0.104800E+11     0.817000E+10     0.779149E+10     0.763319E+10     0.715000E+10     0.799574E+10     0.813113E+10     0.754100E+10     0.734195E+10     0.727900E+10     0.672400E+10     0.109282E+11     0.204590E+11     0.192883E+11     0.204420E+11     0.185050E+11     0.182422E+11     0.601900E+10     0.596157E+10     0.592000E+10     0.585171E+10     0.582200E+10     0.608900E+10     0.604977E+10     0.537500E+10     0.534238E+10     0.548100E+10     0.589400E+10     0.585994E+10     0.524200E+10     0.520810E+10     0.447707E+10     0.283900E+10     0.280573E+10     0.288468E+10     0.319600E+10     0.305596E+10     0.273400E+10     0.248600E+10     0.247346E+10     0.244700E+10     0.275565E+10     0.274100E+10     0.251461E+10     0.255800E+10     0.297300E+10     0.295510E+10     0.269200E+10     0.267828E+10     0.236600E+10     0.225600E+10     0.251503E+10     0.237000E+10     0.228369E+10     0.248547E+10     0.262700E+10     0.261355E+10     0.258074E+10     0.256600E+10     0.205851E+10     0.204600E+10     0.202800E+10     0.200580E+10     0.199400E+10     0.234991E+10     0.233500E+10     0.231600E+10     0.230448E+10     0.227900E+10     0.214183E+10     0.209600E+10     0.195961E+10     0.194900E+10     0.193300E+10     0.192149E+10     0.229700E+10     0.228437E+10     0.226000E+10     0.195600E+10     0.194449E+10     0.192400E+10     0.223024E+10     0.230951E+10     0.229700E+10     0.211676E+10     0.195329E+10     0.190500E+10     0.181400E+10     0.181400E+10     0.181400E+10     0.181400E+10     0.181400E+10     0.181400E+10     0.181400E+10     0.181400E+10     0.181400E+10     0.181400E+10     0.181400E+10     0.181400E+10     0.181400E+10     0.181400E+10     0.181400E+10     0.181400E+10     0.181400E+10     0.181400E+10     0.181400E+10     0.100000E+21
 0.140000E+03     0.170240E+11     0.170240E+11     0.170240E+11     0.170240E+11     0.170240E+11     0.170240E+11     0.170240E+11     0.170240E+11     0.170240E+11     0.170240E+11     0.170240E+11     0.170240E+11     0.170240E+11     0.508600E+10     0.508600E+10     0.480400E+10     0.136338E+11     0.106780E+11     0.105640E+11     0.104887E+11     0.817000E+10     0.782878E+10     0.761637E+10     0.715000E+10     0.794300E+10     0.804389E+10     0.754100E+10     0.733755E+10     0.727900E+10     0.672400E+10     0.117669E+11     0.204590E+11     0.196675E+11     0.204420E+11     0.185050E+11     0.182550E+11     0.601900E+10     0.595578E+10     0.592000E+10     0.585046E+10     0.582200E+10     0.608900E+10     0.605448E+10     0.537500E+10     0.534495E+10     0.548100E+10     0.589400E+10     0.586258E+10     0.524200E+10     0.521268E+10     0.438668E+10     0.283900E+10     0.280711E+10     0.291894E+10     0.319600E+10     0.302562E+10     0.273400E+10     0.248600E+10     0.247425E+10     0.244700E+10     0.275369E+10     0.274100E+10     0.251586E+10     0.255800E+10     0.297300E+10     0.295749E+10     0.269200E+10     0.265861E+10     0.236600E+10     0.225600E+10     0.249063E+10     0.237000E+10     0.226186E+10     0.249134E+10     0.262700E+10     0.261429E+10     0.257875E+10     0.256600E+10     0.205754E+10     0.204600E+10     0.202800E+10     0.200487E+10     0.199400E+10     0.234812E+10     0.233500E+10     0.231600E+10     0.230496E+10     0.227900E+10     0.216091E+10     0.209600E+10     0.195909E+10     0.194900E+10     0.193300E+10     0.192277E+10     0.229700E+10     0.228548E+10     0.226000E+10     0.195600E+10     0.194530E+10     0.192400E+10     0.218497E+10     0.230873E+10     0.229700E+10     0.212303E+10     0.194853E+10     0.190500E+10     0.181400E+10     0.181400E+10     0.181400E+10     0.181400E+10     0.181400E+10     0.181400E+10     0.181400E+10     0.181400E+10     0.181400E+10     0.181400E+10     0.181400E+10     0.181400E+10     0.181400E+10     0.181400E+10     0.181400E+10     0.181400E+10     0.181400E+10     0.181400E+10     0.181400E+10     0.100000E+21
 0.160000E+03     0.170240E+11     0.170240E+11     0.170240E+11     0.170240E+11     0.170240E+11     0.170240E+11     0.170240E+11     0.170240E+11     0.170240E+11     0.170240E+11     0.170240E+11     0.170240E+11     0.170240E+11     0.508600E+10     0.483880E+10     0.480400E+10     0.138801E+11     0.106780E+11     0.105640E+11     0.104759E+11     0.817000E+10     0.777455E+10     0.764024E+10     0.715000E+10     0.801740E+10     0.819684E+10     0.754100E+10     0.734376E+10     0.727900E+10     0.672400E+10     0.851736E+10     0.891238E+10     0.200927E+11     0.204420E+11     0.185050E+11     0.182369E+11     0.601900E+10     0.596889E+10     0.592000E+10     0.585223E+10     0.582200E+10     0.586942E+10     0.601987E+10     0.537500E+10     0.534131E+10     0.548100E+10     0.589400E+10     0.585883E+10     0.524200E+10     0.520521E+10     0.451421E+10     0.283900E+10     0.280516E+10     0.286786E+10     0.319600E+10     0.306964E+10     0.273400E+10     0.262058E+10     0.251367E+10     0.244700E+10     0.275723E+10     0.274100E+10     0.251408E+10     0.255800E+10     0.297300E+10     0.295317E+10     0.269200E+10     0.268635E+10     0.236600E+10     0.225600E+10     0.252604E+10     0.237000E+10     0.224193E+10     0.248302E+10     0.262700E+10     0.261324E+10     0.258200E+10     0.256600E+10     0.205892E+10     0.204600E+10     0.202800E+10     0.200619E+10     0.199400E+10     0.235095E+10     0.233500E+10     0.231600E+10     0.230428E+10     0.227900E+10     0.211767E+10     0.209600E+10     0.195982E+10     0.194900E+10     0.193300E+10     0.192081E+10     0.229700E+10     0.228389E+10     0.226000E+10     0.195600E+10     0.194416E+10     0.192400E+10     0.226434E+10     0.230984E+10     0.229700E+10     0.211413E+10     0.195545E+10     0.190500E+10     0.181400E+10     0.181400E+10     0.181400E+10     0.181400E+10     0.181400E+10     0.181400E+10     0.181400E+10     0.181400E+10     0.181400E+10     0.181400E+10     0.181400E+10     0.181400E+10     0.181400E+10     0.181400E+10     0.181400E+10     0.181400E+10     0.181400E+10     0.181400E+10     0.181400E+10     0.100000E+21
 0.180000E+03     0.170240E+11     0.170240E+11     0.170240E+11     0.170240E+11     0.170240E+11     0.170240E+11     0.170240E+11     0.170240E+11     0.170240E+11     0.170240E+11     0.170240E+11     0.170240E+11     0.170240E+11     0.508600E+10     0.488557E+10     0.480400E+10     0.136338E+11     0.106780E+11     0.105640E+11     0.104887E+11     0.817000E+10     0.782878E+10     0.761637E+10     0.715000E+10     0.794300E+10     0.804389E+10     0.754100E+10     0.733755E+10     0.727900E+10     0.672400E+10     0.684632E+10     0.679000E+10     0.198164E+11     0.192235E+11     0.185050E+11     0.182550E+11     0.601900E+10     0.595578E+10     0.592000E+10     0.585046E+10     0.582200E+10     0.577400E+10     0.595697E+10     0.537500E+10     0.534495E+10     0.548100E+10     0.589400E+10     0.586258E+10     0.524200E+10     0.521268E+10     0.438668E+10     0.283900E+10     0.280711E+10     0.291894E+10     0.319600E+10     0.302562E+10     0.273400E+10     0.271300E+10     0.256082E+10     0.244700E+10     0.275369E+10     0.274100E+10     0.251586E+10     0.255800E+10     0.297300E+10     0.295749E+10     0.269200E+10     0.265861E+10     0.236600E+10     0.231364E+10     0.250736E+10     0.237000E+10     0.226186E+10     0.249134E+10     0.262700E+10     0.261429E+10     0.257875E+10     0.256600E+10     0.213523E+10     0.204600E+10     0.202800E+10     0.200487E+10     0.199400E+10     0.234812E+10     0.233500E+10     0.231600E+10     0.230496E+10     0.218620E+10     0.213859E+10     0.209600E+10     0.195909E+10     0.194900E+10     0.193300E+10     0.210130E+10     0.229700E+10     0.228548E+10     0.226000E+10     0.195600E+10     0.194530E+10     0.192400E+10     0.218497E+10     0.230873E+10     0.229700E+10     0.212303E+10     0.194853E+10     0.190500E+10     0.181400E+10     0.181400E+10     0.181400E+10     0.181400E+10     0.181400E+10     0.181400E+10     0.181400E+10     0.181400E+10     0.181400E+10     0.181400E+10     0.181400E+10     0.181400E+10     0.181400E+10     0.181400E+10     0.181400E+10     0.181400E+10     0.181400E+10     0.181400E+10     0.181400E+10     0.100000E+21
 0.200000E+03     0.170240E+11     0.170240E+11     0.170240E+11     0.170240E+11     0.170240E+11     0.170240E+11     0.170240E+11     0.170240E+11     0.170240E+11     0.170240E+11     0.170240E+11     0.170240E+11     0.170240E+11     0.508600E+10     0.485353E+10     0.583600E+10     0.138084E+11     0.106780E+11     0.105640E+11     0.104800E+11     0.817000E+10     0.779149E+10     0.763319E+10     0.715000E+10     0.799574E+10     0.813113E+10     0.754100E+10     0.734195E+10     0.727900E+10     0.672400E+10     0.685176E+10     0.679000E+10     0.196636E+11     0.185130E+11     0.185050E+11     0.182422E+11     0.176690E+11     0.596157E+10     0.592000E+10     0.585171E+10     0.582200E+10     0.577400E+10     0.598189E+10     0.537500E+10     0.534238E+10     0.548100E+10     0.589400E+10     0.585994E+10     0.524200E+10     0.520810E+10     0.532664E+10     0.520300E+10     0.373988E+10     0.288468E+10     0.319600E+10     0.305596E+10     0.273400E+10     0.271300E+10     0.255059E+10     0.244700E+10     0.275565E+10     0.274100E+10     0.251461E+10     0.255800E+10     0.297300E+10     0.295510E+10     0.269200E+10     0.267828E+10     0.236600E+10     0.234700E+10     0.253944E+10     0.237000E+10     0.224849E+10     0.238510E+10     0.237300E+10     0.252226E+10     0.258074E+10     0.256600E+10     0.219058E+10     0.204600E+10     0.202800E+10     0.200580E+10     0.199400E+10     0.234991E+10     0.233500E+10     0.231600E+10     0.230448E+10     0.213200E+10     0.211704E+10     0.209600E+10     0.195961E+10     0.194900E+10     0.193300E+10     0.222698E+10     0.229700E+10     0.228437E+10     0.226000E+10     0.195600E+10     0.194449E+10     0.192400E+10     0.223024E+10     0.230951E+10     0.229700E+10     0.211676E+10     0.195329E+10     0.190500E+10     0.181400E+10     0.181400E+10     0.181400E+10     0.181400E+10     0.181400E+10     0.181400E+10     0.181400E+10     0.181400E+10     0.181400E+10     0.181400E+10     0.181400E+10     0.181400E+10     0.181400E+10     0.181400E+10     0.181400E+10     0.181400E+10     0.181400E+10     0.181400E+10     0.181400E+10     0.100000E+21
 0.220000E+03     0.170240E+11     0.170240E+11     0.170240E+11     0.170240E+11     0.170240E+11     0.170240E+11     0.170240E+11     0.170240E+11     0.170240E+11     0.170240E+11     0.170240E+11     0.170240E+11     0.170240E+11     0.508600E+10     0.482239E+10     0.583600E+10     0.138776E+11     0.106780E+11     0.105640E+11     0.104759E+11     0.817000E+10     0.777483E+10     0.763994E+10     0.715000E+10     0.801670E+10     0.819605E+10     0.754100E+10     0.734371E+10     0.727900E+10     0.672400E+10     0.685405E+10     0.679000E+10     0.197299E+11     0.185130E+11     0.193926E+11     0.185415E+11     0.176690E+11     0.596849E+10     0.592000E+10     0.585221E+10     0.582200E+10     0.577400E+10     0.599633E+10     0.537500E+10     0.534134E+10     0.548100E+10     0.589400E+10     0.585886E+10     0.524200E+10     0.520524E+10     0.532934E+10     0.520300E+10     0.371566E+10     0.286809E+10     0.319600E+10     0.306938E+10     0.273400E+10     0.271300E+10     0.254652E+10     0.244700E+10     0.275720E+10     0.274100E+10     0.251411E+10     0.255800E+10     0.297300E+10     0.295320E+10     0.269200E+10     0.268610E+10     0.236600E+10     0.234700E+10     0.254747E+10     0.237000E+10     0.224201E+10     0.238530E+10     0.237300E+10     0.252553E+10     0.258198E+10     0.256600E+10     0.219518E+10     0.204600E+10     0.202800E+10     0.200618E+10     0.199400E+10     0.235094E+10     0.233500E+10     0.231600E+10     0.230429E+10     0.213200E+10     0.211454E+10     0.209600E+10     0.195982E+10     0.194900E+10     0.193300E+10     0.224391E+10     0.229700E+10     0.228390E+10     0.226000E+10     0.195600E+10     0.194417E+10     0.192400E+10     0.226393E+10     0.230983E+10     0.229700E+10     0.211424E+10     0.195542E+10     0.190500E+10     0.181400E+10     0.181400E+10     0.181400E+10     0.181400E+10     0.181400E+10     0.181400E+10     0.181400E+10     0.181400E+10     0.181400E+10     0.181400E+10     0.181400E+10     0.181400E+10     0.181400E+10     0.181400E+10     0.181400E+10     0.181400E+10     0.181400E+10     0.181400E+10     0.181400E+10     0.100000E+21
 0.240000E+03     0.170240E+11     0.170240E+11     0.170240E+11     0.170240E+11     0.170240E+11     0.170240E+11     0.170240E+11     0.170240E+11     0.170240E+11     0.170240E+11     0.170240E+11     0.170240E+11     0.170240E+11     0.508600E+10     0.486985E+10     0.583600E+10     0.137306E+11     0.106780E+11     0.105640E+11     0.104840E+11     0.817000E+10     0.780838E+10     0.762564E+10     0.715000E+10     0.797224E+10     0.808799E+10     0.754100E+10     0.733998E+10     0.727900E+10     0.672400E+10     0.684932E+10     0.679000E+10     0.196029E+11     0.185130E+11     0.199950E+11     0.188282E+11     0.176690E+11     0.595860E+10     0.592000E+10     0.585115E+10     0.582200E+10     0.577400E+10     0.596986E+10     0.537500E+10     0.534353E+10     0.548100E+10     0.589400E+10     0.586113E+10     0.524200E+10     0.521031E+10     0.532360E+10     0.520300E+10     0.376703E+10     0.290044E+10     0.319600E+10     0.304207E+10     0.273400E+10     0.271300E+10     0.255515E+10     0.244700E+10     0.275466E+10     0.274100E+10     0.251517E+10     0.255800E+10     0.297300E+10     0.295630E+10     0.275738E+10     0.266951E+10     0.236600E+10     0.234700E+10     0.253114E+10     0.237000E+10     0.225464E+10     0.238487E+10     0.237300E+10     0.251859E+10     0.257978E+10     0.256600E+10     0.218554E+10     0.204600E+10     0.202800E+10     0.200538E+10     0.199400E+10     0.234904E+10     0.233500E+10     0.231600E+10     0.230470E+10     0.213200E+10     0.211810E+10     0.209600E+10     0.195938E+10     0.194900E+10     0.193300E+10     0.221147E+10     0.229700E+10     0.228487E+10     0.226000E+10     0.195600E+10     0.194485E+10     0.192400E+10     0.220786E+10     0.230917E+10     0.229700E+10     0.211957E+10     0.195114E+10     0.190500E+10     0.181400E+10     0.181400E+10     0.181400E+10     0.181400E+10     0.181400E+10     0.181400E+10     0.181400E+10     0.181400E+10     0.181400E+10     0.181400E+10     0.181400E+10     0.181400E+10     0.181400E+10     0.181400E+10     0.181400E+10     0.181400E+10     0.181400E+10     0.181400E+10     0.181400E+10     0.100000E+21
 0.260000E+03     0.170240E+11     0.170240E+11     0.170240E+11     0.170240E+11     0.170240E+11     0.170240E+11     0.170240E+11     0.170240E+11     0.170240E+11     0.170240E+11     0.170240E+11     0.170240E+11     0.170240E+11     0.508600E+10     0.484912E+10     0.583600E+10     0.138700E+11     0.106780E+11     0.105640E+11     0.104783E+11     0.817000E+10     0.778430E+10     0.764035E+10     0.715000E+10     0.801301E+10     0.814068E+10     0.754100E+10     0.734326E+10     0.727900E+10     0.765928E+10     0.685299E+10     0.679000E+10     0.196862E+11     0.185130E+11     0.199950E+11     0.187801E+11     0.176690E+11     0.596236E+10     0.592000E+10     0.585221E+10     0.582200E+10     0.577400E+10     0.598589E+10     0.537500E+10     0.534170E+10     0.548100E+10     0.589400E+10     0.585922E+10     0.524200E+10     0.520754E+10     0.532906E+10     0.520300E+10     0.371533E+10     0.287907E+10     0.319600E+10     0.306259E+10     0.273400E+10     0.271300E+10     0.254727E+10     0.244700E+10     0.275592E+10     0.274100E+10     0.251406E+10     0.255800E+10     0.297300E+10     0.295476E+10     0.292900E+10     0.268467E+10     0.236600E+10     0.234700E+10     0.254341E+10     0.237000E+10     0.224630E+10     0.238530E+10     0.237300E+10     0.252519E+10     0.254099E+10     0.235427E+10     0.219363E+10     0.204600E+10     0.202800E+10     0.200604E+10     0.199400E+10     0.235019E+10     0.233500E+10     0.231600E+10     0.230428E+10     0.213200E+10     0.211675E+10     0.209600E+10     0.195981E+10     0.194900E+10     0.193300E+10     0.223276E+10     0.229700E+10     0.228412E+10     0.226000E+10     0.195600E+10     0.194425E+10     0.192400E+10     0.223520E+10     0.230977E+10     0.229700E+10     0.211409E+10     0.195421E+10     0.190500E+10     0.181400E+10     0.181400E+10     0.181400E+10     0.181400E+10     0.181400E+10     0.181400E+10     0.181400E+10     0.181400E+10     0.181400E+10     0.181400E+10     0.181400E+10     0.181400E+10     0.181400E+10     0.181400E+10     0.181400E+10     0.181400E+10     0.181400E+10     0.181400E+10     0.181400E+10     0.100000E+21
 0.280000E+03     0.170240E+11     0.170240E+11     0.170240E+11     0.170240E+11     0.170240E+11     0.170240E+11     0.170240E+11     0.170240E+11     0.170240E+11     0.170240E+11     0.170240E+11     0.170240E+11     0.170240E+11     0.508600E+10     0.489244E+10     0.583600E+10     0.135815E+11     0.106780E+11     0.105640E+11     0.104909E+11     0.817000E+10     0.783862E+10     0.761118E+10     0.715000E+10     0.792743E+10     0.802510E+10     0.754100E+10     0.733628E+10     0.727900E+10     0.838700E+10     0.684483E+10     0.679000E+10     0.195036E+11     0.185130E+11     0.199950E+11     0.188781E+11     0.176690E+11     0.595456E+10     0.592000E+10     0.585008E+10     0.582200E+10     0.577400E+10     0.595107E+10     0.537500E+10     0.534567E+10     0.548100E+10     0.589400E+10     0.586333E+10     0.524200E+10     0.521372E+10     0.531777E+10     0.520300E+10     0.381917E+10     0.292759E+10     0.319600E+10     0.301756E+10     0.273400E+10     0.271300E+10     0.256383E+10     0.244700E+10     0.275326E+10     0.274100E+10     0.251624E+10     0.255800E+10     0.297300E+10     0.295802E+10     0.292900E+10     0.265281E+10     0.236600E+10     0.234700E+10     0.251649E+10     0.237000E+10     0.226524E+10     0.238444E+10     0.237300E+10     0.251156E+10     0.246424E+10     0.227000E+10     0.217619E+10     0.204600E+10     0.202800E+10     0.200461E+10     0.199400E+10     0.234770E+10     0.233500E+10     0.231600E+10     0.230511E+10     0.213200E+10     0.211956E+10     0.209600E+10     0.195894E+10     0.194900E+10     0.193300E+10     0.218611E+10     0.229700E+10     0.228578E+10     0.226000E+10     0.195600E+10     0.194553E+10     0.192400E+10     0.217522E+10     0.230850E+10     0.229700E+10     0.212497E+10     0.194728E+10     0.190500E+10     0.181400E+10     0.181400E+10     0.181400E+10     0.181400E+10     0.181400E+10     0.181400E+10     0.181400E+10     0.181400E+10     0.181400E+10     0.181400E+10     0.181400E+10     0.181400E+10     0.181400E+10     0.181400E+10     0.181400E+10     0.181400E+10     0.181400E+10     0.181400E+10     0.181400E+10     0.100000E+21
 0.300000E+03     0.170240E+11     0.170240E+11     0.170240E+11     0.170240E+11     0.170240E+11     0.170240E+11     0.170240E+11     0.170240E+11     0.170240E+11     0.170240E+11     0.170240E+11     0.170240E+11     0.170240E+11     0.508600E+10     0.487646E+10     0.583600E+10     0.136937E+11     0.106780E+11     0.105640E+11     0.104859E+11     0.817000E+10     0.781655E+10     0.762216E+10     0.715000E+10     0.796103E+10     0.806932E+10     0.754100E+10     0.733904E+10     0.727900E+10     0.838700E+10     0.684813E+10     0.679000E+10     0.195754E+11     0.185130E+11     0.199950E+11     0.188404E+11     0.176690E+11     0.595741E+10     0.592000E+10     0.585089E+10     0.582200E+10     0.577400E+10     0.596456E+10     0.537500E+10     0.534408E+10     0.548100E+10     0.589400E+10     0.586169E+10     0.524200E+10     0.521130E+10     0.532216E+10     0.520300E+10     0.368201E+10     0.290795E+10     0.319600E+10     0.303553E+10     0.273400E+10     0.271300E+10     0.255732E+10     0.244700E+10     0.269509E+10     0.274100E+10     0.251543E+10     0.255800E+10     0.297300E+10     0.295680E+10     0.292900E+10     0.266533E+10     0.236600E+10     0.234700E+10     0.234559E+10     0.237000E+10     0.225758E+10     0.238477E+10     0.237300E+10     0.251686E+10     0.248091E+10     0.227000E+10     0.218313E+10     0.204600E+10     0.202800E+10     0.200518E+10     0.199400E+10     0.234866E+10     0.233500E+10     0.231600E+10     0.230480E+10     0.213200E+10     0.211853E+10     0.209600E+10     0.195927E+10     0.194900E+10     0.193300E+10     0.220444E+10     0.229700E+10     0.228511E+10     0.226000E+10     0.195600E+10     0.194502E+10     0.192400E+10     0.219816E+10     0.230900E+10     0.229700E+10     0.212087E+10     0.195009E+10     0.190500E+10     0.181400E+10     0.181400E+10     0.181400E+10     0.181400E+10     0.181400E+10     0.181400E+10     0.181400E+10     0.181400E+10     0.181400E+10     0.181400E+10     0.181400E+10     0.181400E+10     0.181400E+10     0.181400E+10     0.181400E+10     0.181400E+10     0.181400E+10     0.181400E+10     0.181400E+10     0.100000E+21
 0.320000E+03     0.170240E+11     0.170240E+11     0.170240E+11     0.170240E+11     0.170240E+11     0.170240E+11     0.170240E+11     0.170240E+11     0.170240E+11     0.170240E+11     0.170240E+11     0.170240E+11     0.170240E+11     0.508600E+10     0.484664E+10     0.583600E+10     0.138728E+11     0.106780E+11     0.105640E+11     0.104780E+11     0.817000E+10     0.778282E+10     0.764050E+10     0.715000E+10     0.801403E+10     0.814716E+10     0.754100E+10     0.734336E+10     0.727900E+10     0.838700E+10     0.685317E+10     0.679000E+10     0.196924E+11     0.185130E+11     0.199950E+11     0.187793E+11     0.176690E+11     0.596283E+10     0.592000E+10     0.585223E+10     0.582200E+10     0.577400E+10     0.598728E+10     0.537500E+10     0.534163E+10     0.548100E+10     0.589400E+10     0.585915E+10     0.524200E+10     0.520724E+10     0.532917E+10     0.520300E+10     0.355898E+10     0.287747E+10     0.319600E+10     0.306370E+10     0.273400E+10     0.271300E+10     0.254706E+10     0.244700E+10     0.266569E+10     0.274100E+10     0.251405E+10     0.255800E+10     0.297300E+10     0.295459E+10     0.292900E+10     0.268505E+10     0.236600E+10     0.234700E+10     0.226532E+10     0.237000E+10     0.224568E+10     0.238531E+10     0.237300E+10     0.252532E+10     0.250875E+10     0.227000E+10     0.222332E+10     0.217955E+10     0.202800E+10     0.200607E+10     0.199400E+10     0.235029E+10     0.233500E+10     0.231600E+10     0.230428E+10     0.213200E+10     0.211658E+10     0.209600E+10     0.195981E+10     0.194900E+10     0.193300E+10     0.223434E+10     0.229700E+10     0.228408E+10     0.226000E+10     0.195600E+10     0.194423E+10     0.192400E+10     0.223856E+10     0.230979E+10     0.229700E+10     0.211403E+10     0.195440E+10     0.190500E+10     0.181400E+10     0.181400E+10     0.181400E+10     0.181400E+10     0.181400E+10     0.181400E+10     0.181400E+10     0.181400E+10     0.181400E+10     0.181400E+10     0.181400E+10     0.181400E+10     0.181400E+10     0.181400E+10     0.181400E+10     0.181400E+10     0.181400E+10     0.181400E+10     0.181400E+10     0.100000E+21
 0.340000E+03     0.170240E+11     0.170240E+11     0.170240E+11     0.170240E+11     0.170240E+11     0.170240E+11     0.170240E+11     0.170240E+11     0.170240E+11     0.170240E+11     0.170240E+11     0.170240E+11     0.170240E+11     0.508600E+10     0.484222E+10     0.583600E+10     0.138303E+11     0.106780E+11     0.105640E+11     0.104781E+11     0.817000E+10     0.778277E+10     0.763469E+10     0.715000E+10     0.800305E+10     0.816280E+10     0.754100E+10     0.734262E+10     0.727900E+10     0.838700E+10     0.685287E+10     0.679000E+10     0.196956E+11     0.185130E+11     0.199950E+11     0.187956E+11     0.176690E+11     0.596369E+10     0.592000E+10     0.585184E+10     0.582200E+10     0.577400E+10     0.598874E+10     0.537500E+10     0.534194E+10     0.548100E+10     0.589400E+10     0.585949E+10     0.524200E+10     0.520660E+10     0.532749E+10     0.520300E+10     0.358017E+10     0.275754E+10     0.274200E+10     0.306223E+10     0.273400E+10     0.271300E+10     0.254916E+10     0.244700E+10     0.266454E+10     0.274100E+10     0.251451E+10     0.255800E+10     0.297300E+10     0.295431E+10     0.292900E+10     0.272076E+10     0.281800E+10     0.234700E+10     0.226569E+10     0.237000E+10     0.224497E+10     0.238515E+10     0.237300E+10     0.252329E+10     0.258139E+10     0.256600E+10     0.224927E+10     0.223800E+10     0.202800E+10     0.200596E+10     0.199400E+10     0.235040E+10     0.233500E+10     0.231600E+10     0.230443E+10     0.227900E+10     0.213483E+10     0.209600E+10     0.195967E+10     0.194900E+10     0.193300E+10     0.223517E+10     0.229700E+10     0.228414E+10     0.226000E+10     0.195600E+10     0.194437E+10     0.192400E+10     0.224668E+10     0.230962E+10     0.229700E+10     0.211620E+10     0.195440E+10     0.190500E+10     0.181400E+10     0.181400E+10     0.181400E+10     0.181400E+10     0.181400E+10     0.181400E+10     0.181400E+10     0.181400E+10     0.181400E+10     0.181400E+10     0.181400E+10     0.181400E+10     0.181400E+10     0.181400E+10     0.181400E+10     0.181400E+10     0.181400E+10     0.181400E+10     0.181400E+10     0.100000E+21
 0.360000E+03     0.170240E+11     0.170240E+11     0.170240E+11     0.170240E+11     0.170240E+11     0.170240E+11     0.170240E+11     0.170240E+11     0.170240E+11     0.170240E+11     0.170240E+11     0.170240E+11     0.170240E+11     0.508600E+10     0.486296E+10     0.583600E+10     0.138451E+11     0.106780E+11     0.105640E+11     0.104809E+11     0.817000E+10     0.779510E+10     0.763879E+10     0.715000E+10     0.800446E+10     0.810162E+10     0.754100E+10     0.734245E+10     0.727900E+10     0.838700E+10     0.676208E+10     0.679000E+10     0.196439E+11     0.185130E+11     0.199950E+11     0.187873E+11     0.176690E+11     0.595981E+10     0.592000E+10     0.585208E+10     0.582200E+10     0.577400E+10     0.597691E+10     0.537500E+10     0.534226E+10     0.548100E+10     0.589400E+10     0.585978E+10     0.524200E+10     0.520941E+10     0.532810E+10     0.520300E+10     0.356685E+10     0.275682E+10     0.274200E+10     0.311160E+10     0.295376E+10     0.271300E+10     0.254894E+10     0.244700E+10     0.267043E+10     0.274100E+10     0.251416E+10     0.255800E+10     0.297300E+10     0.295575E+10     0.292900E+10     0.272063E+10     0.281800E+10     0.234700E+10     0.226761E+10     0.248756E+10     0.233957E+10     0.238525E+10     0.237300E+10     0.252403E+10     0.258017E+10     0.256600E+10     0.224917E+10     0.223800E+10     0.202800E+10     0.200584E+10     0.199400E+10     0.234955E+10     0.233500E+10     0.231600E+10     0.230434E+10     0.227900E+10     0.214763E+10     0.209600E+10     0.195974E+10     0.194900E+10     0.193300E+10     0.222195E+10     0.229700E+10     0.228440E+10     0.226000E+10     0.195600E+10     0.194440E+10     0.192400E+10     0.221493E+10     0.230964E+10     0.229700E+10     0.211467E+10     0.195283E+10     0.190500E+10     0.181400E+10     0.181400E+10     0.181400E+10     0.181400E+10     0.181400E+10     0.181400E+10     0.181400E+10     0.181400E+10     0.181400E+10     0.181400E+10     0.181400E+10     0.181400E+10     0.181400E+10     0.181400E+10     0.181400E+10     0.181400E+10     0.181400E+10     0.181400E+10     0.181400E+10     0.100000E+21
 0.380000E+03     0.170240E+11     0.170240E+11     0.170240E+11     0.170240E+11     0.170240E+11     0.170240E+11     0.170240E+11     0.170240E+11     0.170240E+11     0.170240E+11     0.170240E+11     0.170240E+11     0.170240E+11     0.508600E+10     0.489188E+10     0.583600E+10     0.135860E+11     0.106780E+11     0.105640E+11     0.104907E+11     0.817000E+10     0.783781E+10     0.761162E+10     0.715000E+10     0.792875E+10     0.804890E+10     0.759556E+10     0.733639E+10     0.727900E+10     0.838700E+10     0.669382E+10     0.679000E+10     0.195062E+11     0.185130E+11     0.199950E+11     0.188766E+11     0.176690E+11     0.595466E+10     0.592000E+10     0.585011E+10     0.582200E+10     0.577400E+10     0.595155E+10     0.537500E+10     0.534561E+10     0.548100E+10     0.589400E+10     0.586327E+10     0.524200E+10     0.521364E+10     0.531794E+10     0.520300E+10     0.367268E+10     0.275505E+10     0.274200E+10     0.316586E+10     0.315100E+10     0.271300E+10     0.256358E+10     0.244700E+10     0.267954E+10     0.274100E+10     0.251621E+10     0.255800E+10     0.277893E+10     0.289110E+10     0.292900E+10     0.272932E+10     0.281800E+10     0.234700E+10     0.227659E+10     0.259000E+10     0.244083E+10     0.232956E+10     0.237300E+10     0.251177E+10     0.257833E+10     0.256600E+10     0.224803E+10     0.223800E+10     0.202800E+10     0.200463E+10     0.199400E+10     0.223777E+10     0.233500E+10     0.231600E+10     0.230510E+10     0.227900E+10     0.216463E+10     0.209600E+10     0.195895E+10     0.194900E+10     0.193300E+10     0.218677E+10     0.229700E+10     0.228576E+10     0.226000E+10     0.195600E+10     0.194551E+10     0.192400E+10     0.217600E+10     0.230852E+10     0.229700E+10     0.212480E+10     0.194738E+10     0.190500E+10     0.181400E+10     0.181400E+10     0.181400E+10     0.181400E+10     0.181400E+10     0.181400E+10     0.181400E+10     0.181400E+10     0.181400E+10     0.181400E+10     0.181400E+10     0.181400E+10     0.181400E+10     0.181400E+10     0.181400E+10     0.181400E+10     0.181400E+10     0.181400E+10     0.181400E+10     0.100000E+21
 0.400000E+03     0.170240E+11     0.170240E+11     0.170240E+11     0.170240E+11     0.170240E+11     0.170240E+11     0.170240E+11     0.170240E+11     0.170240E+11     0.170240E+11     0.170240E+11     0.170240E+11     0.170240E+11     0.508600E+10     0.488884E+10     0.583600E+10     0.136096E+11     0.106780E+11     0.105640E+11     0.104897E+11     0.817000E+10     0.783342E+10     0.761398E+10     0.715000E+10     0.793578E+10     0.808080E+10     0.766300E+10     0.733696E+10     0.727900E+10     0.838700E+10     0.669266E+10     0.679000E+10     0.195203E+11     0.185130E+11     0.199950E+11     0.188686E+11     0.176690E+11     0.595520E+10     0.592000E+10     0.585029E+10     0.582200E+10     0.577400E+10     0.595417E+10     0.537500E+10     0.534528E+10     0.548100E+10     0.589400E+10     0.586293E+10     0.524200E+10     0.521318E+10     0.531887E+10     0.520300E+10     0.376001E+10     0.275524E+10     0.274200E+10     0.316605E+10     0.315100E+10     0.271300E+10     0.256222E+10     0.244700E+10     0.267859E+10     0.274100E+10     0.259284E+10     0.255800E+10     0.253800E+10     0.282441E+10     0.292900E+10     0.272851E+10     0.281800E+10     0.234700E+10     0.227570E+10     0.259000E+10     0.243870E+10     0.226294E+10     0.237300E+10     0.251289E+10     0.257853E+10     0.256600E+10     0.236016E+10     0.223800E+10     0.202800E+10     0.200475E+10     0.199400E+10     0.209092E+10     0.233500E+10     0.231600E+10     0.230503E+10     0.227900E+10     0.216284E+10     0.209600E+10     0.195902E+10     0.194900E+10     0.193300E+10     0.219037E+10     0.229700E+10     0.228562E+10     0.226000E+10     0.195600E+10     0.194541E+10     0.192400E+10     0.218029E+10     0.230863E+10     0.229700E+10     0.212392E+10     0.194794E+10     0.190500E+10     0.181400E+10     0.181400E+10     0.181400E+10     0.181400E+10     0.181400E+10     0.181400E+10     0.181400E+10     0.181400E+10     0.181400E+10     0.181400E+10     0.181400E+10     0.181400E+10     0.181400E+10     0.181400E+10     0.181400E+10     0.181400E+10     0.181400E+10     0.181400E+10     0.181400E+10     0.100000E+21
 0.420000E+03     0.170240E+11     0.170240E+11     0.170240E+11     0.170240E+11     0.170240E+11     0.170240E+11     0.170240E+11     0.170240E+11     0.170240E+11     0.170240E+11     0.170240E+11     0.170240E+11     0.170240E+11     0.508600E+10     0.486250E+10     0.583600E+10     0.138462E+11     0.106780E+11     0.105640E+11     0.104808E+11     0.817000E+10     0.779467E+10     0.763886E+10     0.715000E+10     0.777303E+10     0.813841E+10     0.766300E+10     0.734248E+10     0.727900E+10     0.838700E+10     0.668206E+10     0.679000E+10     0.196455E+11     0.185130E+11     0.199950E+11     0.187870E+11     0.176690E+11     0.595989E+10     0.592000E+10     0.585209E+10     0.582200E+10     0.577400E+10     0.597724E+10     0.571021E+10     0.543656E+10     0.548100E+10     0.589400E+10     0.585976E+10     0.524200E+10     0.520935E+10     0.532814E+10     0.520300E+10     0.374230E+10     0.275685E+10     0.274200E+10     0.316777E+10     0.315100E+10     0.271300E+10     0.254887E+10     0.244700E+10     0.267030E+10     0.274100E+10     0.265319E+10     0.255800E+10     0.253800E+10     0.286245E+10     0.292900E+10     0.272059E+10     0.281800E+10     0.234700E+10     0.226753E+10     0.259000E+10     0.242034E+10     0.225602E+10     0.237300E+10     0.243767E+10     0.258020E+10     0.256600E+10     0.245324E+10     0.223800E+10     0.202800E+10     0.200585E+10     0.199400E+10     0.205966E+10     0.233500E+10     0.231600E+10     0.230433E+10     0.227900E+10     0.214735E+10     0.209600E+10     0.195975E+10     0.194900E+10     0.193300E+10     0.222236E+10     0.229700E+10     0.228438E+10     0.226000E+10     0.195600E+10     0.194440E+10     0.192400E+10     0.221563E+10     0.230965E+10     0.229700E+10     0.211464E+10     0.195288E+10     0.190500E+10     0.181400E+10     0.181400E+10     0.181400E+10     0.181400E+10     0.181400E+10     0.181400E+10     0.181400E+10     0.181400E+10     0.181400E+10     0.181400E+10     0.181400E+10     0.181400E+10     0.181400E+10     0.181400E+10     0.181400E+10     0.181400E+10     0.181400E+10     0.181400E+10     0.181400E+10     0.100000E+21
 0.440000E+03     0.170240E+11     0.170240E+11     0.170240E+11     0.170240E+11     0.170240E+11     0.170240E+11     0.170240E+11     0.170240E+11     0.170240E+11     0.170240E+11     0.170240E+11     0.170240E+11     0.170240E+11     0.508600E+10     0.482485E+10     0.583600E+10     0.138584E+11     0.106780E+11     0.105640E+11     0.104760E+11     0.817000E+10     0.777438E+10     0.763716E+10     0.715000E+10     0.757219E+10     0.821957E+10     0.766300E+10     0.734339E+10     0.727900E+10     0.838700E+10     0.667804E+10     0.679000E+10     0.197294E+11     0.185130E+11     0.199950E+11     0.187866E+11     0.176690E+11     0.596743E+10     0.592000E+10     0.585202E+10     0.582200E+10     0.577400E+10     0.599629E+10     0.598900E+10     0.551727E+10     0.548100E+10     0.589400E+10     0.585900E+10     0.524200E+10     0.520504E+10     0.532858E+10     0.520300E+10     0.374549E+10     0.275796E+10     0.274200E+10     0.316850E+10     0.315100E+10     0.271300E+10     0.254745E+10     0.244700E+10     0.265359E+10     0.265398E+10     0.265281E+10     0.255800E+10     0.253800E+10     0.290847E+10     0.292900E+10     0.271975E+10     0.281800E+10     0.234700E+10     0.226408E+10     0.259000E+10     0.240765E+10     0.225628E+10     0.237300E+10     0.236064E+10     0.258207E+10     0.256600E+10     0.245800E+10     0.223800E+10     0.202800E+10     0.200613E+10     0.199400E+10     0.203386E+10     0.233500E+10     0.231600E+10     0.230436E+10     0.227900E+10     0.212249E+10     0.209600E+10     0.195975E+10     0.194900E+10     0.193300E+10     0.224381E+10     0.229700E+10     0.228391E+10     0.226000E+10     0.195600E+10     0.194423E+10     0.192400E+10     0.226542E+10     0.230975E+10     0.229700E+10     0.211528E+10     0.195547E+10     0.190500E+10     0.181400E+10     0.181400E+10     0.181400E+10     0.181400E+10     0.181400E+10     0.181400E+10     0.181400E+10     0.181400E+10     0.181400E+10     0.181400E+10     0.181400E+10     0.181400E+10     0.181400E+10     0.181400E+10     0.181400E+10     0.181400E+10     0.181400E+10     0.181400E+10     0.181400E+10     0.100000E+21
 0.460000E+03     0.170240E+11     0.170240E+11     0.170240E+11     0.170240E+11     0.170240E+11     0.170240E+11     0.170240E+11     0.170240E+11     0.170240E+11     0.170240E+11     0.170240E+11     0.170240E+11     0.170240E+11     0.508600E+10     0.485719E+10     0.583600E+10     0.138574E+11     0.106780E+11     0.105640E+11     0.104797E+11     0.817000E+10     0.779007E+10     0.763959E+10     0.715000E+10     0.757063E+10     0.815144E+10     0.766300E+10     0.734284E+10     0.727900E+10     0.838700E+10     0.668103E+10     0.679000E+10     0.196630E+11     0.185130E+11     0.199950E+11     0.187837E+11     0.176690E+11     0.596086E+10     0.592000E+10     0.585215E+10     0.582200E+10     0.577400E+10     0.598089E+10     0.598900E+10     0.552478E+10     0.548100E+10     0.589400E+10     0.585951E+10     0.524200E+10     0.520859E+10     0.532858E+10     0.520300E+10     0.373936E+10     0.275707E+10     0.274200E+10     0.316795E+10     0.315100E+10     0.271300E+10     0.254812E+10     0.244700E+10     0.264706E+10     0.263100E+10     0.265329E+10     0.255800E+10     0.253800E+10     0.286971E+10     0.292900E+10     0.272014E+10     0.281800E+10     0.234700E+10     0.233300E+10     0.259000E+10     0.241772E+10     0.225579E+10     0.237300E+10     0.236064E+10     0.258053E+10     0.256600E+10     0.245478E+10     0.223800E+10     0.202800E+10     0.200594E+10     0.199400E+10     0.205472E+10     0.233500E+10     0.231600E+10     0.230431E+10     0.227900E+10     0.214416E+10     0.209600E+10     0.195978E+10     0.194900E+10     0.193300E+10     0.222684E+10     0.229700E+10     0.228426E+10     0.226000E+10     0.195600E+10     0.194433E+10     0.192400E+10     0.222362E+10     0.230971E+10     0.229700E+10     0.211437E+10     0.195347E+10     0.190500E+10     0.181400E+10     0.181400E+10     0.181400E+10     0.181400E+10     0.181400E+10     0.181400E+10     0.181400E+10     0.181400E+10     0.181400E+10     0.181400E+10     0.181400E+10     0.181400E+10     0.181400E+10     0.181400E+10     0.181400E+10     0.181400E+10     0.181400E+10     0.181400E+10     0.181400E+10     0.100000E+21
 0.480000E+03     0.170240E+11     0.170240E+11     0.170240E+11     0.170240E+11     0.170240E+11     0.170240E+11     0.170240E+11     0.170240E+11     0.170240E+11     0.170240E+11     0.170240E+11     0.170240E+11     0.170240E+11     0.508600E+10     0.488379E+10     0.583600E+10     0.136463E+11     0.106780E+11     0.105640E+11     0.102996E+11     0.817000E+10     0.782632E+10     0.761760E+10     0.715000E+10     0.754031E+10     0.809259E+10     0.766300E+10     0.733786E+10     0.727900E+10     0.838700E+10     0.669079E+10     0.679000E+10     0.195433E+11     0.185130E+11     0.199950E+11     0.188562E+11     0.176690E+11     0.595610E+10     0.592000E+10     0.585055E+10     0.582200E+10     0.577400E+10     0.595847E+10     0.598900E+10     0.556383E+10     0.548100E+10     0.589400E+10     0.586240E+10     0.524200E+10     0.521241E+10     0.532031E+10     0.520300E+10     0.381592E+10     0.275554E+10     0.274200E+10     0.316635E+10     0.315100E+10     0.271300E+10     0.256009E+10     0.244700E+10     0.264522E+10     0.263100E+10     0.264970E+10     0.255800E+10     0.253800E+10     0.283167E+10     0.292900E+10     0.272725E+10     0.281800E+10     0.234700E+10     0.233432E+10     0.259000E+10     0.243522E+10     0.226192E+10     0.237300E+10     0.236145E+10     0.257886E+10     0.256600E+10     0.248218E+10     0.233887E+10     0.210653E+10     0.200493E+10     0.199400E+10     0.208509E+10     0.233500E+10     0.231600E+10     0.230493E+10     0.227900E+10     0.215987E+10     0.209600E+10     0.195913E+10     0.194900E+10     0.193300E+10     0.219624E+10     0.229700E+10     0.228540E+10     0.226000E+10     0.195600E+10     0.194524E+10     0.192400E+10     0.218752E+10     0.230879E+10     0.229700E+10     0.212257E+10     0.194885E+10     0.190500E+10     0.181400E+10     0.181400E+10     0.181400E+10     0.181400E+10     0.181400E+10     0.181400E+10     0.181400E+10     0.181400E+10     0.181400E+10     0.181400E+10     0.181400E+10     0.181400E+10     0.181400E+10     0.181400E+10     0.181400E+10     0.181400E+10     0.181400E+10     0.181400E+10     0.181400E+10     0.100000E+21
 0.500000E+03     0.170240E+11     0.170240E+11     0.170240E+11     0.170240E+11     0.170240E+11     0.170240E+11     0.170240E+11     0.170240E+11     0.170240E+11     0.170240E+11     0.170240E+11     0.170240E+11     0.170240E+11     0.508600E+10     0.489306E+10     0.531253E+10     0.135765E+11     0.106780E+11     0.105640E+11     0.994350E+10     0.817000E+10     0.783953E+10     0.761067E+10     0.715000E+10     0.753011E+10     0.807111E+10     0.766300E+10     0.733616E+10     0.727900E+10     0.838700E+10     0.669428E+10     0.679000E+10     0.195007E+11     0.185130E+11     0.199950E+11     0.188798E+11     0.176690E+11     0.595445E+10     0.592000E+10     0.585004E+10     0.582200E+10     0.577400E+10     0.595053E+10     0.598900E+10     0.557744E+10     0.548100E+10     0.589400E+10     0.586340E+10     0.524200E+10     0.521382E+10     0.531757E+10     0.520300E+10     0.384041E+10     0.275498E+10     0.274200E+10     0.316578E+10     0.315100E+10     0.271300E+10     0.263316E+10     0.244700E+10     0.264458E+10     0.263100E+10     0.264858E+10     0.255800E+10     0.253800E+10     0.281834E+10     0.292900E+10     0.272964E+10     0.281800E+10     0.257526E+10     0.241557E+10     0.240182E+10     0.237036E+10     0.226388E+10     0.237300E+10     0.236172E+10     0.257825E+10     0.256600E+10     0.253849E+10     0.252600E+10     0.222100E+10     0.200458E+10     0.199400E+10     0.209586E+10     0.233500E+10     0.231600E+10     0.230513E+10     0.227900E+10     0.216532E+10     0.209600E+10     0.199202E+10     0.194900E+10     0.193300E+10     0.218536E+10     0.229700E+10     0.228581E+10     0.226000E+10     0.195600E+10     0.194555E+10     0.192400E+10     0.217435E+10     0.230848E+10     0.229700E+10     0.212516E+10     0.194716E+10     0.190500E+10     0.181400E+10     0.181400E+10     0.181400E+10     0.181400E+10     0.181400E+10     0.181400E+10     0.181400E+10     0.181400E+10     0.181400E+10     0.181400E+10     0.181400E+10     0.181400E+10     0.181400E+10     0.181400E+10     0.181400E+10     0.181400E+10     0.181400E+10     0.181400E+10     0.181400E+10     0.100000E+21
 0.520000E+03     0.170240E+11     0.170240E+11     0.170240E+11     0.170240E+11     0.170240E+11     0.170240E+11     0.170240E+11     0.170240E+11     0.170240E+11     0.170240E+11     0.170240E+11     0.170240E+11     0.170240E+11     0.508600E+10     0.485861E+10     0.480400E+10     0.138546E+11     0.106780E+11     0.105640E+11     0.984920E+10     0.817000E+10     0.779124E+10     0.763942E+10     0.715000E+10     0.757017E+10     0.814799E+10     0.766300E+10     0.734275E+10     0.727900E+10     0.838700E+10     0.668129E+10     0.679000E+10     0.196585E+11     0.185130E+11     0.199950E+11     0.187845E+11     0.176690E+11     0.596060E+10     0.592000E+10     0.585213E+10     0.582200E+10     0.577400E+10     0.597994E+10     0.598900E+10     0.552563E+10     0.548100E+10     0.589400E+10     0.585957E+10     0.524200E+10     0.520879E+10     0.532847E+10     0.520300E+10     0.374007E+10     0.275702E+10     0.274200E+10     0.316790E+10     0.315100E+10     0.271300E+10     0.269894E+10     0.244700E+10     0.264697E+10     0.263100E+10     0.261312E+10     0.246300E+10     0.253800E+10     0.286778E+10     0.292900E+10     0.272025E+10     0.281800E+10     0.279700E+10     0.245230E+10     0.221900E+10     0.231267E+10     0.225584E+10     0.237300E+10     0.236065E+10     0.258044E+10     0.256600E+10     0.254005E+10     0.252600E+10     0.250600E+10     0.200592E+10     0.199400E+10     0.205601E+10     0.233500E+10     0.231600E+10     0.230432E+10     0.227900E+10     0.214501E+10     0.209600E+10     0.203071E+10     0.194900E+10     0.193300E+10     0.222568E+10     0.229700E+10     0.228429E+10     0.209300E+10     0.195600E+10     0.194435E+10     0.192400E+10     0.222151E+10     0.230969E+10     0.229700E+10     0.211443E+10     0.195332E+10     0.190500E+10     0.181400E+10     0.181400E+10     0.181400E+10     0.181400E+10     0.181400E+10     0.181400E+10     0.181400E+10     0.181400E+10     0.181400E+10     0.181400E+10     0.181400E+10     0.181400E+10     0.181400E+10     0.181400E+10     0.181400E+10     0.181400E+10     0.181400E+10     0.181400E+10     0.181400E+10     0.100000E+21
 0.540000E+03     0.170240E+11     0.170240E+11     0.170240E+11     0.170240E+11     0.170240E+11     0.170240E+11     0.170240E+11     0.170240E+11     0.170240E+11     0.170240E+11     0.170240E+11     0.170240E+11     0.170240E+11     0.508600E+10     0.485774E+10     0.480400E+10     0.137843E+11     0.106780E+11     0.105640E+11     0.985794E+10     0.817000E+10     0.779534E+10     0.763058E+10     0.715000E+10     0.756088E+10     0.815446E+10     0.766300E+10     0.734139E+10     0.727900E+10     0.838700E+10     0.668297E+10     0.679000E+10     0.196486E+11     0.185130E+11     0.199950E+11     0.188105E+11     0.176690E+11     0.596079E+10     0.592000E+10     0.585152E+10     0.582200E+10     0.577400E+10     0.597892E+10     0.598900E+10     0.553464E+10     0.548100E+10     0.589400E+10     0.586026E+10     0.568093E+10     0.530222E+10     0.535820E+10     0.531989E+10     0.380559E+10     0.275693E+10     0.274200E+10     0.316764E+10     0.315100E+10     0.271300E+10     0.269925E+10     0.244700E+10     0.249641E+10     0.263100E+10     0.261076E+10     0.246300E+10     0.253800E+10     0.286833E+10     0.292900E+10     0.283653E+10     0.281800E+10     0.279700E+10     0.245760E+10     0.221900E+10     0.243723E+10     0.225819E+10     0.237300E+10     0.236092E+10     0.243042E+10     0.256600E+10     0.253977E+10     0.252600E+10     0.250600E+10     0.200569E+10     0.199400E+10     0.205740E+10     0.233500E+10     0.231600E+10     0.230455E+10     0.227900E+10     0.214438E+10     0.209600E+10     0.202896E+10     0.194900E+10     0.193300E+10     0.222314E+10     0.229700E+10     0.228449E+10     0.209300E+10     0.195600E+10     0.194460E+10     0.192400E+10     0.222547E+10     0.230941E+10     0.229700E+10     0.211773E+10     0.195280E+10     0.190500E+10     0.181400E+10     0.181400E+10     0.181400E+10     0.181400E+10     0.181400E+10     0.181400E+10     0.181400E+10     0.181400E+10     0.181400E+10     0.181400E+10     0.181400E+10     0.181400E+10     0.181400E+10     0.181400E+10     0.181400E+10     0.181400E+10     0.181400E+10     0.181400E+10     0.181400E+10     0.100000E+21
 0.560000E+03     0.170240E+11     0.170240E+11     0.170240E+11     0.170240E+11     0.170240E+11     0.170240E+11     0.170240E+11     0.170240E+11     0.170240E+11     0.170240E+11     0.170240E+11     0.170240E+11     0.170240E+11     0.508600E+10     0.483099E+10     0.583600E+10     0.138828E+11     0.106780E+11     0.105640E+11     0.981793E+10     0.817000E+10     0.777627E+10     0.764086E+10     0.715000E+10     0.757511E+10     0.820553E+10     0.766300E+10     0.734375E+10     0.727900E+10     0.838700E+10     0.667810E+10     0.679000E+10     0.197217E+11     0.185130E+11     0.199950E+11     0.187768E+11     0.176690E+11     0.596601E+10     0.592000E+10     0.585227E+10     0.582200E+10     0.577400E+10     0.599414E+10     0.598900E+10     0.551570E+10     0.548100E+10     0.589400E+10     0.585886E+10     0.579600E+10     0.532329E+10     0.538016E+10     0.535000E+10     0.379016E+10     0.257039E+10     0.274200E+10     0.316849E+10     0.315100E+10     0.271300E+10     0.269877E+10     0.244700E+10     0.245126E+10     0.263100E+10     0.261342E+10     0.246300E+10     0.253800E+10     0.290189E+10     0.292900E+10     0.282513E+10     0.265100E+10     0.279700E+10     0.244044E+10     0.221900E+10     0.248319E+10     0.225533E+10     0.237300E+10     0.236054E+10     0.238401E+10     0.256600E+10     0.254034E+10     0.252600E+10     0.250600E+10     0.200617E+10     0.199400E+10     0.203678E+10     0.233500E+10     0.231600E+10     0.230426E+10     0.227900E+10     0.212717E+10     0.209600E+10     0.203123E+10     0.194900E+10     0.193300E+10     0.224183E+10     0.229700E+10     0.228392E+10     0.209300E+10     0.195600E+10     0.194416E+10     0.192400E+10     0.225680E+10     0.230984E+10     0.229700E+10     0.211390E+10     0.195523E+10     0.190500E+10     0.181400E+10     0.181400E+10     0.181400E+10     0.181400E+10     0.181400E+10     0.181400E+10     0.181400E+10     0.181400E+10     0.181400E+10     0.181400E+10     0.181400E+10     0.181400E+10     0.181400E+10     0.181400E+10     0.181400E+10     0.181400E+10     0.181400E+10     0.181400E+10     0.181400E+10     0.100000E+21
 0.580000E+03     0.170240E+11     0.170240E+11     0.170240E+11     0.170240E+11     0.170240E+11     0.170240E+11     0.170240E+11     0.170240E+11     0.170240E+11     0.170240E+11     0.170240E+11     0.170240E+11     0.170240E+11     0.508600E+10     0.486630E+10     0.583600E+10     0.137524E+11     0.106780E+11     0.105640E+11     0.987512E+10     0.817000E+10     0.780427E+10     0.762784E+10     0.715000E+10     0.755597E+10     0.813329E+10     0.766300E+10     0.734052E+10     0.727900E+10     0.838700E+10     0.668511E+10     0.679000E+10     0.196174E+11     0.185130E+11     0.199950E+11     0.188208E+11     0.176690E+11     0.595924E+10     0.592000E+10     0.585131E+10     0.582200E+10     0.577400E+10     0.597267E+10     0.598900E+10     0.554219E+10     0.548100E+10     0.589400E+10     0.586081E+10     0.579600E+10     0.537639E+10     0.537895E+10     0.535000E+10     0.383875E+10     0.258443E+10     0.274200E+10     0.316729E+10     0.315100E+10     0.271300E+10     0.269942E+10     0.244700E+10     0.247368E+10     0.263100E+10     0.261009E+10     0.246300E+10     0.253800E+10     0.285650E+10     0.292900E+10     0.281722E+10     0.265100E+10     0.279700E+10     0.246487E+10     0.221900E+10     0.246158E+10     0.225900E+10     0.237300E+10     0.236104E+10     0.240445E+10     0.256600E+10     0.253955E+10     0.252600E+10     0.250600E+10     0.200549E+10     0.199400E+10     0.206586E+10     0.233500E+10     0.231600E+10     0.230463E+10     0.227900E+10     0.214951E+10     0.209600E+10     0.202827E+10     0.194900E+10     0.193300E+10     0.221519E+10     0.229700E+10     0.228474E+10     0.209300E+10     0.195600E+10     0.194476E+10     0.192400E+10     0.221249E+10     0.230926E+10     0.229700E+10     0.211875E+10     0.195166E+10     0.190500E+10     0.181400E+10     0.181400E+10     0.181400E+10     0.181400E+10     0.181400E+10     0.181400E+10     0.181400E+10     0.181400E+10     0.181400E+10     0.181400E+10     0.181400E+10     0.181400E+10     0.181400E+10     0.181400E+10     0.181400E+10     0.181400E+10     0.181400E+10     0.181400E+10     0.181400E+10     0.100000E+21
 0.600000E+03     0.170240E+11     0.170240E+11     0.170240E+11     0.170240E+11     0.170240E+11     0.170240E+11     0.170240E+11     0.170240E+11     0.170240E+11     0.170240E+11     0.170240E+11     0.170240E+11     0.170240E+11     0.508600E+10     0.488998E+10     0.583600E+10     0.136009E+11     0.106780E+11     0.105640E+11     0.993491E+10     0.817000E+10     0.783505E+10     0.761312E+10     0.715000E+10     0.753366E+10     0.807817E+10     0.766300E+10     0.733675E+10     0.727900E+10     0.838700E+10     0.669309E+10     0.679000E+10     0.195151E+11     0.185130E+11     0.199950E+11     0.188715E+11     0.176690E+11     0.595500E+10     0.592000E+10     0.585022E+10     0.582200E+10     0.577400E+10     0.595319E+10     0.598900E+10     0.557275E+10     0.548100E+10     0.570437E+10     0.578382E+10     0.579600E+10     0.542234E+10     0.537754E+10     0.535000E+10     0.389426E+10     0.266996E+10     0.274200E+10     0.316598E+10     0.315100E+10     0.312800E+10     0.286165E+10     0.244700E+10     0.249034E+10     0.263100E+10     0.260635E+10     0.246300E+10     0.253800E+10     0.282278E+10     0.292900E+10     0.280800E+10     0.265100E+10     0.279700E+10     0.249162E+10     0.221900E+10     0.243911E+10     0.221094E+10     0.216400E+10     0.227773E+10     0.242214E+10     0.256600E+10     0.253863E+10     0.252600E+10     0.229367E+10     0.200471E+10     0.199400E+10     0.197050E+10     0.195900E+10     0.231600E+10     0.230506E+10     0.227900E+10     0.216351E+10     0.209600E+10     0.202484E+10     0.194900E+10     0.193300E+10     0.218903E+10     0.229700E+10     0.228567E+10     0.209300E+10     0.195600E+10     0.194544E+10     0.192400E+10     0.217868E+10     0.230859E+10     0.229700E+10     0.212425E+10     0.194773E+10     0.190500E+10     0.181400E+10     0.181400E+10     0.181400E+10     0.181400E+10     0.181400E+10     0.181400E+10     0.181400E+10     0.181400E+10     0.181400E+10     0.181400E+10     0.181400E+10     0.181400E+10     0.181400E+10     0.181400E+10     0.181400E+10     0.181400E+10     0.181400E+10     0.181400E+10     0.181400E+10     0.100000E+21
 0.620000E+03     0.170240E+11     0.170240E+11     0.170240E+11     0.170240E+11     0.170240E+11     0.170240E+11     0.170240E+11     0.170240E+11     0.170240E+11     0.170240E+11     0.170240E+11     0.170240E+11     0.170240E+11     0.508600E+10     0.483428E+10     0.583600E+10     0.138818E+11     0.106780E+11     0.105640E+11     0.982010E+10     0.817000E+10     0.777728E+10     0.764087E+10     0.715000E+10     0.757490E+10     0.820013E+10     0.766300E+10     0.734370E+10     0.727900E+10     0.718700E+10     0.667830E+10     0.679000E+10     0.197170E+11     0.185130E+11     0.199950E+11     0.187770E+11     0.176690E+11     0.596529E+10     0.592000E+10     0.585227E+10     0.582200E+10     0.577400E+10     0.599298E+10     0.598900E+10     0.551626E+10     0.548100E+10     0.543400E+10     0.572839E+10     0.579600E+10     0.532661E+10     0.538015E+10     0.535000E+10     0.379023E+10     0.278325E+10     0.274200E+10     0.316845E+10     0.315100E+10     0.312800E+10     0.283274E+10     0.267200E+10     0.245299E+10     0.263100E+10     0.261343E+10     0.246300E+10     0.253800E+10     0.289838E+10     0.292900E+10     0.282504E+10     0.265100E+10     0.279700E+10     0.244121E+10     0.221900E+10     0.248224E+10     0.226688E+10     0.216400E+10     0.228855E+10     0.238528E+10     0.256600E+10     0.254033E+10     0.252600E+10     0.202800E+10     0.200616E+10     0.199400E+10     0.197305E+10     0.195900E+10     0.231600E+10     0.230426E+10     0.227900E+10     0.212955E+10     0.209600E+10     0.203122E+10     0.194900E+10     0.193300E+10     0.224062E+10     0.229700E+10     0.228394E+10     0.209300E+10     0.195600E+10     0.194417E+10     0.192400E+10     0.225349E+10     0.230983E+10     0.229700E+10     0.211389E+10     0.195510E+10     0.190500E+10     0.181400E+10     0.181400E+10     0.181400E+10     0.181400E+10     0.181400E+10     0.181400E+10     0.181400E+10     0.181400E+10     0.181400E+10     0.181400E+10     0.181400E+10     0.181400E+10     0.181400E+10     0.181400E+10     0.181400E+10     0.181400E+10     0.181400E+10     0.181400E+10     0.181400E+10     0.100000E+21
 0.640000E+03     0.170240E+11     0.170240E+11     0.170240E+11     0.170240E+11     0.170240E+11     0.170240E+11     0.170240E+11     0.170240E+11     0.170240E+11     0.170240E+11     0.170240E+11     0.170240E+11     0.170240E+11     0.508600E+10     0.487897E+10     0.583600E+10     0.136783E+11     0.106780E+11     0.105640E+11     0.990567E+10     0.817000E+10     0.781981E+10     0.762069E+10     0.715000E+10     0.754502E+10     0.810397E+10     0.766300E+10     0.733866E+10     0.727900E+10     0.718700E+10     0.668911E+10     0.679000E+10     0.195646E+11     0.185130E+11     0.199950E+11     0.188455E+11     0.176690E+11     0.595696E+10     0.592000E+10     0.585078E+10     0.582200E+10     0.577400E+10     0.596250E+10     0.598900E+10     0.555738E+10     0.548100E+10     0.543400E+10     0.570302E+10     0.541763E+10     0.529028E+10     0.537826E+10     0.535000E+10     0.386575E+10     0.277821E+10     0.274200E+10     0.316662E+10     0.315100E+10     0.312800E+10     0.285369E+10     0.267200E+10     0.248254E+10     0.263100E+10     0.260827E+10     0.246300E+10     0.253800E+10     0.283856E+10     0.292900E+10     0.281269E+10     0.265100E+10     0.279700E+10     0.247840E+10     0.221900E+10     0.233398E+10     0.226189E+10     0.216400E+10     0.228071E+10     0.241373E+10     0.256600E+10     0.253909E+10     0.252600E+10     0.202800E+10     0.200510E+10     0.199400E+10     0.197109E+10     0.195900E+10     0.231600E+10     0.230484E+10     0.227900E+10     0.215703E+10     0.209600E+10     0.202659E+10     0.194900E+10     0.193300E+10     0.220168E+10     0.229700E+10     0.220823E+10     0.209300E+10     0.195600E+10     0.194510E+10     0.192400E+10     0.219451E+10     0.230893E+10     0.229700E+10     0.212142E+10     0.194968E+10     0.190500E+10     0.181400E+10     0.181400E+10     0.181400E+10     0.181400E+10     0.181400E+10     0.181400E+10     0.181400E+10     0.181400E+10     0.181400E+10     0.181400E+10     0.181400E+10     0.181400E+10     0.181400E+10     0.181400E+10     0.181400E+10     0.181400E+10     0.181400E+10     0.181400E+10     0.181400E+10     0.100000E+21
 0.660000E+03     0.170240E+11     0.170240E+11     0.170240E+11     0.170240E+11     0.170240E+11     0.170240E+11     0.170240E+11     0.170240E+11     0.170240E+11     0.170240E+11     0.170240E+11     0.170240E+11     0.170240E+11     0.508600E+10     0.483772E+10     0.583600E+10     0.138522E+11     0.106780E+11     0.105640E+11     0.982681E+10     0.817000E+10     0.778057E+10     0.763736E+10     0.715000E+10     0.757086E+10     0.819480E+10     0.766300E+10     0.734308E+10     0.727900E+10     0.718700E+10     0.667930E+10     0.679000E+10     0.197061E+11     0.185130E+11     0.199950E+11     0.187877E+11     0.176690E+11     0.596459E+10     0.592000E+10     0.585202E+10     0.582200E+10     0.577400E+10     0.599095E+10     0.598900E+10     0.552073E+10     0.548100E+10     0.543400E+10     0.572557E+10     0.524200E+10     0.520632E+10     0.537988E+10     0.535000E+10     0.380275E+10     0.278292E+10     0.274200E+10     0.316829E+10     0.315100E+10     0.312800E+10     0.283555E+10     0.267200E+10     0.245505E+10     0.263100E+10     0.261250E+10     0.246300E+10     0.253800E+10     0.289422E+10     0.292900E+10     0.282339E+10     0.265100E+10     0.279700E+10     0.244449E+10     0.221900E+10     0.229414E+10     0.226605E+10     0.216400E+10     0.228740E+10     0.238681E+10     0.256600E+10     0.254019E+10     0.252600E+10     0.202800E+10     0.200604E+10     0.199400E+10     0.197292E+10     0.195900E+10     0.231600E+10     0.230436E+10     0.227900E+10     0.213185E+10     0.209600E+10     0.203050E+10     0.194900E+10     0.193300E+10     0.223785E+10     0.229700E+10     0.216185E+10     0.209300E+10     0.195600E+10     0.194429E+10     0.192400E+10     0.225022E+10     0.230971E+10     0.229700E+10     0.211520E+10     0.195468E+10     0.190500E+10     0.181400E+10     0.181400E+10     0.181400E+10     0.181400E+10     0.181400E+10     0.181400E+10     0.181400E+10     0.181400E+10     0.181400E+10     0.181400E+10     0.181400E+10     0.181400E+10     0.181400E+10     0.181400E+10     0.181400E+10     0.181400E+10     0.181400E+10     0.181400E+10     0.181400E+10     0.100000E+21
 0.680000E+03     0.170240E+11     0.170240E+11     0.170240E+11     0.170240E+11     0.170240E+11     0.170240E+11     0.170240E+11     0.170240E+11     0.170240E+11     0.170240E+11     0.170240E+11     0.170240E+11     0.170240E+11     0.508600E+10     0.483772E+10     0.528592E+10     0.138522E+11     0.106780E+11     0.105640E+11     0.982681E+10     0.817000E+10     0.778057E+10     0.763736E+10     0.715000E+10     0.757086E+10     0.819480E+10     0.766300E+10     0.734308E+10     0.727900E+10     0.718700E+10     0.667930E+10     0.679000E+10     0.197061E+11     0.185130E+11     0.199950E+11     0.187877E+11     0.176690E+11     0.596459E+10     0.592000E+10     0.585202E+10     0.582200E+10     0.577400E+10     0.599095E+10     0.598900E+10     0.552073E+10     0.548100E+10     0.543400E+10     0.572557E+10     0.524200E+10     0.520632E+10     0.537988E+10     0.535000E+10     0.380275E+10     0.278292E+10     0.274200E+10     0.316829E+10     0.315100E+10     0.312800E+10     0.283555E+10     0.267200E+10     0.245505E+10     0.263100E+10     0.261250E+10     0.246300E+10     0.253800E+10     0.289422E+10     0.292900E+10     0.282339E+10     0.265100E+10     0.279700E+10     0.244449E+10     0.221900E+10     0.229414E+10     0.226605E+10     0.216400E+10     0.228740E+10     0.235445E+10     0.235783E+10     0.254019E+10     0.252600E+10     0.202800E+10     0.200604E+10     0.199400E+10     0.201012E+10     0.222612E+10     0.231600E+10     0.230436E+10     0.227900E+10     0.213185E+10     0.209600E+10     0.203050E+10     0.194900E+10     0.193300E+10     0.223785E+10     0.229700E+10     0.216185E+10     0.209300E+10     0.195600E+10     0.194429E+10     0.192400E+10     0.225022E+10     0.230971E+10     0.229700E+10     0.211520E+10     0.195468E+10     0.190500E+10     0.181400E+10     0.181400E+10     0.181400E+10     0.181400E+10     0.181400E+10     0.181400E+10     0.181400E+10     0.181400E+10     0.181400E+10     0.181400E+10     0.181400E+10     0.181400E+10     0.181400E+10     0.181400E+10     0.181400E+10     0.181400E+10     0.181400E+10     0.181400E+10     0.181400E+10     0.100000E+21
 0.700000E+03     0.170240E+11     0.170240E+11     0.170240E+11     0.170240E+11     0.170240E+11     0.170240E+11     0.170240E+11     0.170240E+11     0.170240E+11     0.170240E+11     0.170240E+11     0.170240E+11     0.170240E+11     0.508600E+10     0.487897E+10     0.508600E+10     0.136783E+11     0.106780E+11     0.105640E+11     0.990567E+10     0.817000E+10     0.781981E+10     0.762069E+10     0.715000E+10     0.754502E+10     0.810397E+10     0.766300E+10     0.733866E+10     0.727900E+10     0.718700E+10     0.668911E+10     0.679000E+10     0.195646E+11     0.185130E+11     0.199950E+11     0.188455E+11     0.176690E+11     0.595696E+10     0.592000E+10     0.585078E+10     0.582200E+10     0.577400E+10     0.596250E+10     0.598900E+10     0.555738E+10     0.548100E+10     0.543400E+10     0.570302E+10     0.524200E+10     0.521168E+10     0.537826E+10     0.535000E+10     0.435144E+10     0.277821E+10     0.274200E+10     0.316662E+10     0.315100E+10     0.312800E+10     0.285369E+10     0.267200E+10     0.248254E+10     0.263100E+10     0.260827E+10     0.246300E+10     0.253800E+10     0.283856E+10     0.292900E+10     0.281269E+10     0.265100E+10     0.279700E+10     0.247840E+10     0.224729E+10     0.229852E+10     0.226189E+10     0.216400E+10     0.228071E+10     0.232852E+10     0.231600E+10     0.253909E+10     0.252600E+10     0.202800E+10     0.200510E+10     0.199400E+10     0.207963E+10     0.233500E+10     0.231600E+10     0.230484E+10     0.227900E+10     0.215703E+10     0.209600E+10     0.202659E+10     0.194900E+10     0.193300E+10     0.220168E+10     0.229700E+10     0.217383E+10     0.209300E+10     0.195600E+10     0.194510E+10     0.192400E+10     0.219451E+10     0.230893E+10     0.229700E+10     0.212142E+10     0.194968E+10     0.190500E+10     0.181400E+10     0.181400E+10     0.181400E+10     0.181400E+10     0.181400E+10     0.181400E+10     0.181400E+10     0.181400E+10     0.181400E+10     0.181400E+10     0.181400E+10     0.181400E+10     0.181400E+10     0.181400E+10     0.181400E+10     0.181400E+10     0.181400E+10     0.181400E+10     0.181400E+10     0.100000E+21
 0.720000E+03     0.170240E+11     0.170240E+11     0.170240E+11     0.170240E+11     0.170240E+11     0.170240E+11     0.170240E+11     0.170240E+11     0.170240E+11     0.170240E+11     0.170240E+11     0.170240E+11     0.170240E+11     0.508600E+10     0.483428E+10     0.508600E+10     0.138818E+11     0.106780E+11     0.105640E+11     0.982010E+10     0.817000E+10     0.777728E+10     0.764087E+10     0.715000E+10     0.757490E+10     0.820013E+10     0.766300E+10     0.734370E+10     0.727900E+10     0.718700E+10     0.667830E+10     0.679000E+10     0.197170E+11     0.185130E+11     0.199950E+11     0.187770E+11     0.176690E+11     0.596529E+10     0.592000E+10     0.585227E+10     0.582200E+10     0.577400E+10     0.599298E+10     0.598900E+10     0.551626E+10     0.548100E+10     0.543400E+10     0.572839E+10     0.524200E+10     0.520601E+10     0.538015E+10     0.535000E+10     0.523111E+10     0.278325E+10     0.274200E+10     0.316845E+10     0.315100E+10     0.312800E+10     0.283274E+10     0.267200E+10     0.245299E+10     0.263100E+10     0.261343E+10     0.246300E+10     0.253800E+10     0.289838E+10     0.292900E+10     0.286622E+10     0.278649E+10     0.279700E+10     0.244121E+10     0.230900E+10     0.225067E+10     0.235053E+10     0.216400E+10     0.228855E+10     0.233086E+10     0.231600E+10     0.254033E+10     0.252600E+10     0.202800E+10     0.200616E+10     0.199400E+10     0.203834E+10     0.233500E+10     0.231600E+10     0.230426E+10     0.227900E+10     0.212955E+10     0.209600E+10     0.203122E+10     0.194900E+10     0.193300E+10     0.224062E+10     0.229700E+10     0.216064E+10     0.209300E+10     0.195600E+10     0.194417E+10     0.192400E+10     0.225349E+10     0.230983E+10     0.229700E+10     0.211389E+10     0.195510E+10     0.190500E+10     0.181400E+10     0.181400E+10     0.181400E+10     0.181400E+10     0.181400E+10     0.181400E+10     0.181400E+10     0.181400E+10     0.181400E+10     0.181400E+10     0.181400E+10     0.181400E+10     0.181400E+10     0.181400E+10     0.181400E+10     0.181400E+10     0.181400E+10     0.181400E+10     0.181400E+10     0.100000E+21
 0.740000E+03     0.170240E+11     0.170240E+11     0.170240E+11     0.170240E+11     0.170240E+11     0.170240E+11     0.170240E+11     0.170240E+11     0.170240E+11     0.170240E+11     0.170240E+11     0.170240E+11     0.170240E+11     0.508600E+10     0.488998E+10     0.508600E+10     0.136009E+11     0.106780E+11     0.105640E+11     0.993491E+10     0.817000E+10     0.783505E+10     0.761312E+10     0.715000E+10     0.753366E+10     0.807817E+10     0.766300E+10     0.733675E+10     0.727900E+10     0.718700E+10     0.669309E+10     0.679000E+10     0.195151E+11     0.185130E+11     0.199950E+11     0.188715E+11     0.176690E+11     0.595500E+10     0.592000E+10     0.585022E+10     0.582200E+10     0.577400E+10     0.595319E+10     0.598900E+10     0.557275E+10     0.548100E+10     0.543400E+10     0.569354E+10     0.524200E+10     0.521335E+10     0.537754E+10     0.535000E+10     0.523904E+10     0.277649E+10     0.274200E+10     0.298988E+10     0.315100E+10     0.312800E+10     0.286165E+10     0.267200E+10     0.249034E+10     0.263100E+10     0.260635E+10     0.246300E+10     0.253800E+10     0.282278E+10     0.292900E+10     0.289944E+10     0.288600E+10     0.279700E+10     0.249162E+10     0.230900E+10     0.224127E+10     0.238593E+10     0.216400E+10     0.220555E+10     0.232783E+10     0.231600E+10     0.253863E+10     0.252600E+10     0.202800E+10     0.200471E+10     0.199400E+10     0.209224E+10     0.233500E+10     0.231600E+10     0.230506E+10     0.227900E+10     0.216351E+10     0.209600E+10     0.202484E+10     0.194900E+10     0.193300E+10     0.218903E+10     0.229700E+10     0.217870E+10     0.209300E+10     0.195600E+10     0.194544E+10     0.192400E+10     0.217868E+10     0.230859E+10     0.229700E+10     0.212425E+10     0.194773E+10     0.190500E+10     0.181400E+10     0.181400E+10     0.181400E+10     0.181400E+10     0.181400E+10     0.181400E+10     0.181400E+10     0.181400E+10     0.181400E+10     0.181400E+10     0.181400E+10     0.181400E+10     0.181400E+10     0.181400E+10     0.181400E+10     0.181400E+10     0.181400E+10     0.181400E+10     0.181400E+10     0.100000E+21
 0.760000E+03     0.170240E+11     0.170240E+11     0.170240E+11     0.170240E+11     0.170240E+11     0.170240E+11     0.170240E+11     0.170240E+11     0.170240E+11     0.170240E+11     0.170240E+11     0.170240E+11     0.170240E+11     0.508600E+10     0.486630E+10     0.508600E+10     0.137524E+11     0.106780E+11     0.105640E+11     0.987512E+10     0.817000E+10     0.780427E+10     0.762784E+10     0.715000E+10     0.755597E+10     0.813329E+10     0.766300E+10     0.734052E+10     0.727900E+10     0.718700E+10     0.668511E+10     0.679000E+10     0.196174E+11     0.185130E+11     0.199950E+11     0.188208E+11     0.176690E+11     0.595924E+10     0.592000E+10     0.585131E+10     0.582200E+10     0.577400E+10     0.597267E+10     0.598900E+10     0.554219E+10     0.528200E+10     0.543400E+10     0.571238E+10     0.524200E+10     0.520983E+10     0.537895E+10     0.535000E+10     0.523481E+10     0.278001E+10     0.274200E+10     0.284649E+10     0.315100E+10     0.312800E+10     0.284600E+10     0.267200E+10     0.247368E+10     0.263100E+10     0.261009E+10     0.246300E+10     0.253800E+10     0.252258E+10     0.292900E+10     0.290023E+10     0.288600E+10     0.279700E+10     0.246487E+10     0.230900E+10     0.223436E+10     0.239439E+10     0.216400E+10     0.215267E+10     0.232929E+10     0.231600E+10     0.253955E+10     0.252600E+10     0.202800E+10     0.200549E+10     0.199400E+10     0.206586E+10     0.233500E+10     0.231600E+10     0.230463E+10     0.227900E+10     0.226409E+10     0.209600E+10     0.202827E+10     0.194900E+10     0.193300E+10     0.221519E+10     0.212500E+10     0.211410E+10     0.209300E+10     0.195600E+10     0.194476E+10     0.192400E+10     0.221249E+10     0.230926E+10     0.229700E+10     0.211875E+10     0.195166E+10     0.190500E+10     0.181400E+10     0.181400E+10     0.181400E+10     0.181400E+10     0.181400E+10     0.181400E+10     0.181400E+10     0.181400E+10     0.181400E+10     0.181400E+10     0.181400E+10     0.181400E+10     0.181400E+10     0.181400E+10     0.181400E+10     0.181400E+10     0.181400E+10     0.181400E+10     0.181400E+10     0.100000E+21
 0.780000E+03     0.170240E+11     0.170240E+11     0.170240E+11     0.170240E+11     0.170240E+11     0.170240E+11     0.170240E+11     0.170240E+11     0.170240E+11     0.170240E+11     0.170240E+11     0.170240E+11     0.170240E+11     0.508600E+10     0.483099E+10     0.508600E+10     0.138828E+11     0.106780E+11     0.105640E+11     0.981793E+10     0.817000E+10     0.777627E+10     0.764086E+10     0.715000E+10     0.757511E+10     0.820553E+10     0.766300E+10     0.734375E+10     0.727900E+10     0.718700E+10     0.753279E+10     0.679000E+10     0.197217E+11     0.185130E+11     0.199950E+11     0.193733E+11     0.176690E+11     0.153770E+11     0.592000E+10     0.585227E+10     0.582200E+10     0.577400E+10     0.599414E+10     0.598900E+10     0.551570E+10     0.528200E+10     0.543400E+10     0.572872E+10     0.524200E+10     0.520576E+10     0.538016E+10     0.535000E+10     0.523110E+10     0.278340E+10     0.274200E+10     0.282409E+10     0.315100E+10     0.312800E+10     0.283259E+10     0.267200E+10     0.245126E+10     0.263100E+10     0.261342E+10     0.246300E+10     0.253800E+10     0.252038E+10     0.292900E+10     0.290091E+10     0.288600E+10     0.267840E+10     0.241909E+10     0.230900E+10     0.222771E+10     0.243327E+10     0.229025E+10     0.218011E+10     0.233097E+10     0.231600E+10     0.254034E+10     0.252600E+10     0.202800E+10     0.200617E+10     0.199400E+10     0.200295E+10     0.208051E+10     0.231600E+10     0.230426E+10     0.227900E+10     0.226152E+10     0.209600E+10     0.203123E+10     0.194900E+10     0.193300E+10     0.224183E+10     0.212500E+10     0.211337E+10     0.209300E+10     0.195600E+10     0.194416E+10     0.192400E+10     0.225680E+10     0.230984E+10     0.229700E+10     0.211390E+10     0.195523E+10     0.190500E+10     0.181400E+10     0.181400E+10     0.181400E+10     0.181400E+10     0.181400E+10     0.181400E+10     0.181400E+10     0.181400E+10     0.181400E+10     0.181400E+10     0.181400E+10     0.181400E+10     0.181400E+10     0.181400E+10     0.181400E+10     0.181400E+10     0.181400E+10     0.181400E+10     0.181400E+10     0.100000E+21
 0.800000E+03     0.170240E+11     0.170240E+11     0.170240E+11     0.170240E+11     0.170240E+11     0.170240E+11     0.170240E+11     0.170240E+11     0.170240E+11     0.170240E+11     0.170240E+11     0.170240E+11     0.170240E+11     0.508600E+10     0.485774E+10     0.508600E+10     0.137843E+11     0.106780E+11     0.105640E+11     0.985794E+10     0.817000E+10     0.779534E+10     0.763058E+10     0.715000E+10     0.756088E+10     0.815446E+10     0.766300E+10     0.734139E+10     0.727900E+10     0.718700E+10     0.783177E+10     0.679000E+10     0.196486E+11     0.185130E+11     0.199950E+11     0.197217E+11     0.176690E+11     0.151718E+11     0.592000E+10     0.585152E+10     0.582200E+10     0.577400E+10     0.597892E+10     0.598900E+10     0.553464E+10     0.528200E+10     0.543400E+10     0.571697E+10     0.524200E+10     0.520856E+10     0.537924E+10     0.535000E+10     0.523399E+10     0.278111E+10     0.274200E+10     0.283983E+10     0.315100E+10     0.312800E+10     0.284255E+10     0.267200E+10     0.246783E+10     0.263100E+10     0.261076E+10     0.246300E+10     0.253800E+10     0.252200E+10     0.292900E+10     0.290040E+10     0.288600E+10     0.263100E+10     0.241173E+10     0.230900E+10     0.223220E+10     0.245506E+10     0.231200E+10     0.220647E+10     0.232981E+10     0.231600E+10     0.253977E+10     0.252600E+10     0.250600E+10     0.200569E+10     0.199400E+10     0.197215E+10     0.195900E+10     0.231600E+10     0.230455E+10     0.227900E+10     0.226350E+10     0.209600E+10     0.202896E+10     0.194900E+10     0.193300E+10     0.222314E+10     0.212500E+10     0.211388E+10     0.209300E+10     0.195600E+10     0.194460E+10     0.192400E+10     0.222547E+10     0.230941E+10     0.229700E+10     0.211773E+10     0.195280E+10     0.190500E+10     0.181400E+10     0.181400E+10     0.181400E+10     0.181400E+10     0.181400E+10     0.181400E+10     0.181400E+10     0.181400E+10     0.181400E+10     0.181400E+10     0.181400E+10     0.181400E+10     0.181400E+10     0.181400E+10     0.181400E+10     0.181400E+10     0.181400E+10     0.181400E+10     0.181400E+10     0.100000E+21
 0.820000E+03     0.170240E+11     0.170240E+11     0.170240E+11     0.170240E+11     0.170240E+11     0.170240E+11     0.170240E+11     0.170240E+11     0.170240E+11     0.170240E+11     0.170240E+11     0.170240E+11     0.131004E+11     0.508600E+10     0.485861E+10     0.508600E+10     0.138546E+11     0.106780E+11     0.105640E+11     0.984920E+10     0.817000E+10     0.779124E+10     0.763942E+10     0.715000E+10     0.757017E+10     0.814799E+10     0.766300E+10     0.734275E+10     0.727900E+10     0.718700E+10     0.784814E+10     0.679000E+10     0.196585E+11     0.185130E+11     0.199950E+11     0.197157E+11     0.176690E+11     0.151285E+11     0.592000E+10     0.585213E+10     0.582200E+10     0.577400E+10     0.597994E+10     0.598900E+10     0.552563E+10     0.528200E+10     0.543400E+10     0.572276E+10     0.524200E+10     0.520879E+10     0.537990E+10     0.535000E+10     0.523162E+10     0.278133E+10     0.274200E+10     0.283496E+10     0.315100E+10     0.312800E+10     0.283610E+10     0.267200E+10     0.246811E+10     0.263100E+10     0.261312E+10     0.246300E+10     0.253800E+10     0.252203E+10     0.292900E+10     0.290073E+10     0.288600E+10     0.263100E+10     0.240830E+10     0.230900E+10     0.223178E+10     0.245799E+10     0.231200E+10     0.220408E+10     0.232972E+10     0.231600E+10     0.254005E+10     0.252600E+10     0.250600E+10     0.200592E+10     0.199400E+10     0.197221E+10     0.195900E+10     0.231600E+10     0.230432E+10     0.227900E+10     0.226357E+10     0.209600E+10     0.203071E+10     0.194900E+10     0.193300E+10     0.222568E+10     0.223070E+10     0.213991E+10     0.209300E+10     0.195600E+10     0.194435E+10     0.192400E+10     0.222151E+10     0.230969E+10     0.229700E+10     0.211443E+10     0.195332E+10     0.190500E+10     0.181400E+10     0.181400E+10     0.181400E+10     0.181400E+10     0.181400E+10     0.181400E+10     0.181400E+10     0.181400E+10     0.181400E+10     0.181400E+10     0.181400E+10     0.181400E+10     0.181400E+10     0.181400E+10     0.181400E+10     0.181400E+10     0.181400E+10     0.181400E+10     0.181400E+10     0.100000E+21
 0.840000E+03     0.170240E+11     0.170240E+11     0.170240E+11     0.170240E+11     0.170240E+11     0.170240E+11     0.170240E+11     0.170240E+11     0.170240E+11     0.170240E+11     0.170240E+11     0.170240E+11     0.103301E+11     0.508600E+10     0.489306E+10     0.508600E+10     0.135765E+11     0.106780E+11     0.105640E+11     0.994350E+10     0.817000E+10     0.783953E+10     0.761067E+10     0.715000E+10     0.753011E+10     0.807111E+10     0.766300E+10     0.733616E+10     0.727900E+10     0.718700E+10     0.772167E+10     0.679000E+10     0.195007E+11     0.185130E+11     0.199950E+11     0.197376E+11     0.176690E+11     0.137328E+11     0.592000E+10     0.585004E+10     0.582200E+10     0.577400E+10     0.595053E+10     0.598900E+10     0.557744E+10     0.528200E+10     0.543400E+10     0.569065E+10     0.524200E+10     0.521382E+10     0.537731E+10     0.535000E+10     0.523974E+10     0.277599E+10     0.274200E+10     0.287462E+10     0.315100E+10     0.312800E+10     0.286414E+10     0.267200E+10     0.249253E+10     0.263100E+10     0.260573E+10     0.246300E+10     0.253800E+10     0.252442E+10     0.292900E+10     0.289931E+10     0.288600E+10     0.263100E+10     0.243625E+10     0.230900E+10     0.224225E+10     0.244797E+10     0.231200E+10     0.221345E+10     0.232764E+10     0.231600E+10     0.253849E+10     0.252600E+10     0.250600E+10     0.200458E+10     0.199400E+10     0.197032E+10     0.195900E+10     0.231600E+10     0.230513E+10     0.227900E+10     0.226591E+10     0.209600E+10     0.202428E+10     0.194900E+10     0.193300E+10     0.218536E+10     0.229700E+10     0.218015E+10     0.209300E+10     0.195600E+10     0.194555E+10     0.192400E+10     0.217435E+10     0.230848E+10     0.229700E+10     0.212516E+10     0.194716E+10     0.190500E+10     0.181400E+10     0.181400E+10     0.181400E+10     0.181400E+10     0.181400E+10     0.181400E+10     0.181400E+10     0.181400E+10     0.181400E+10     0.181400E+10     0.181400E+10     0.181400E+10     0.181400E+10     0.181400E+10     0.181400E+10     0.181400E+10     0.181400E+10     0.181400E+10     0.181400E+10     0.100000E+21
 0.860000E+03     0.170240E+11     0.170240E+11     0.170240E+11     0.170240E+11     0.170240E+11     0.170240E+11     0.170240E+11     0.170240E+11     0.170240E+11     0.170240E+11     0.170240E+11     0.170240E+11     0.102277E+11     0.508600E+10     0.488379E+10     0.508600E+10     0.136463E+11     0.106780E+11     0.105640E+11     0.991817E+10     0.817000E+10     0.782632E+10     0.761760E+10     0.715000E+10     0.754031E+10     0.809259E+10     0.766300E+10     0.733786E+10     0.727900E+10     0.718700E+10     0.775567E+10     0.679000E+10     0.195433E+11     0.185130E+11     0.188698E+11     0.192977E+11     0.176690E+11     0.141076E+11     0.592000E+10     0.585055E+10     0.582200E+10     0.577400E+10     0.595847E+10     0.598900E+10     0.556383E+10     0.528200E+10     0.543400E+10     0.569904E+10     0.524200E+10     0.521241E+10     0.537796E+10     0.535000E+10     0.523775E+10     0.277747E+10     0.274200E+10     0.286404E+10     0.315100E+10     0.312800E+10     0.285699E+10     0.267200E+10     0.248594E+10     0.263100E+10     0.260749E+10     0.246300E+10     0.253800E+10     0.252378E+10     0.292900E+10     0.289967E+10     0.288600E+10     0.263100E+10     0.242880E+10     0.230900E+10     0.223935E+10     0.245042E+10     0.231200E+10     0.221110E+10     0.232822E+10     0.231600E+10     0.253890E+10     0.252600E+10     0.250600E+10     0.200493E+10     0.199400E+10     0.197083E+10     0.195900E+10     0.231600E+10     0.230493E+10     0.227900E+10     0.226528E+10     0.209600E+10     0.202587E+10     0.194900E+10     0.193300E+10     0.219624E+10     0.229700E+10     0.217589E+10     0.209300E+10     0.195600E+10     0.194524E+10     0.192400E+10     0.218752E+10     0.230879E+10     0.229700E+10     0.212257E+10     0.194885E+10     0.190500E+10     0.181400E+10     0.181400E+10     0.181400E+10     0.181400E+10     0.181400E+10     0.181400E+10     0.181400E+10     0.181400E+10     0.181400E+10     0.181400E+10     0.181400E+10     0.181400E+10     0.181400E+10     0.181400E+10     0.181400E+10     0.181400E+10     0.181400E+10     0.181400E+10     0.181400E+10     0.100000E+21
 0.880000E+03     0.170240E+11     0.170240E+11     0.170240E+11     0.170240E+11     0.170240E+11     0.170240E+11     0.170240E+11     0.170240E+11     0.170240E+11     0.170240E+11     0.170240E+11     0.170240E+11     0.990327E+10     0.508600E+10     0.485719E+10     0.508600E+10     0.138574E+11     0.106780E+11     0.105640E+11     0.984683E+10     0.817000E+10     0.779007E+10     0.763959E+10     0.715000E+10     0.757063E+10     0.815144E+10     0.766300E+10     0.734284E+10     0.727900E+10     0.688034E+10     0.785067E+10     0.679000E+10     0.196630E+11     0.185130E+11     0.180920E+11     0.190187E+11     0.176690E+11     0.151875E+11     0.592000E+10     0.585215E+10     0.582200E+10     0.577400E+10     0.598089E+10     0.598900E+10     0.552478E+10     0.528200E+10     0.543400E+10     0.572327E+10     0.524200E+10     0.520859E+10     0.537993E+10     0.535000E+10     0.523156E+10     0.278148E+10     0.274200E+10     0.283410E+10     0.315100E+10     0.312800E+10     0.283578E+10     0.267200E+10     0.246716E+10     0.263100E+10     0.261316E+10     0.246300E+10     0.248217E+10     0.251234E+10     0.292900E+10     0.290075E+10     0.288600E+10     0.263100E+10     0.261148E+10     0.230900E+10     0.223147E+10     0.237207E+10     0.231200E+10     0.220399E+10     0.232980E+10     0.231600E+10     0.254008E+10     0.252600E+10     0.250600E+10     0.200594E+10     0.199400E+10     0.197227E+10     0.195900E+10     0.211416E+10     0.222871E+10     0.227900E+10     0.226347E+10     0.209600E+10     0.205206E+10     0.200881E+10     0.193300E+10     0.222684E+10     0.229700E+10     0.216397E+10     0.209300E+10     0.195600E+10     0.194433E+10     0.192400E+10     0.222362E+10     0.230971E+10     0.229700E+10     0.211437E+10     0.195347E+10     0.190500E+10     0.181400E+10     0.181400E+10     0.181400E+10     0.181400E+10     0.181400E+10     0.181400E+10     0.181400E+10     0.181400E+10     0.181400E+10     0.181400E+10     0.181400E+10     0.181400E+10     0.181400E+10     0.181400E+10     0.181400E+10     0.181400E+10     0.181400E+10     0.181400E+10     0.181400E+10     0.100000E+21
 0.900000E+03     0.170240E+11     0.170240E+11     0.170240E+11     0.170240E+11     0.170240E+11     0.170240E+11     0.170240E+11     0.170240E+11     0.170240E+11     0.170240E+11     0.170240E+11     0.170240E+11     0.993843E+10     0.508600E+10     0.482485E+10     0.508600E+10     0.138584E+11     0.106780E+11     0.105640E+11     0.981542E+10     0.817000E+10     0.777438E+10     0.763716E+10     0.715000E+10     0.757219E+10     0.821957E+10     0.766300E+10     0.734339E+10     0.727900E+10     0.662200E+10     0.787979E+10     0.679000E+10     0.197294E+11     0.185130E+11     0.180920E+11     0.190165E+11     0.176690E+11     0.166762E+11     0.592000E+10     0.585202E+10     0.582200E+10     0.577400E+10     0.599629E+10     0.598900E+10     0.551727E+10     0.528200E+10     0.543400E+10     0.572757E+10     0.524200E+10     0.520504E+10     0.537993E+10     0.535000E+10     0.523205E+10     0.279172E+10     0.277500E+10     0.282390E+10     0.315100E+10     0.312800E+10     0.283458E+10     0.267200E+10     0.244801E+10     0.263100E+10     0.261240E+10     0.246300E+10     0.244300E+10     0.251028E+10     0.292900E+10     0.290081E+10     0.288600E+10     0.263100E+10     0.274054E+10     0.230900E+10     0.222694E+10     0.230528E+10     0.231200E+10     0.220399E+10     0.233127E+10     0.231600E+10     0.254029E+10     0.252600E+10     0.250600E+10     0.200613E+10     0.199400E+10     0.197326E+10     0.195900E+10     0.194200E+10     0.215952E+10     0.227900E+10     0.226098E+10     0.209600E+10     0.207138E+10     0.206000E+10     0.193300E+10     0.224381E+10     0.229700E+10     0.216032E+10     0.209300E+10     0.195600E+10     0.194423E+10     0.192400E+10     0.226542E+10     0.230975E+10     0.229700E+10     0.211528E+10     0.195547E+10     0.190500E+10     0.181400E+10     0.181400E+10     0.181400E+10     0.181400E+10     0.181400E+10     0.181400E+10     0.181400E+10     0.181400E+10     0.181400E+10     0.181400E+10     0.181400E+10     0.181400E+10     0.181400E+10     0.181400E+10     0.181400E+10     0.181400E+10     0.181400E+10     0.181400E+10     0.181400E+10     0.100000E+21
 0.920000E+03     0.170240E+11     0.170240E+11     0.170240E+11     0.170240E+11     0.170240E+11     0.170240E+11     0.170240E+11     0.170240E+11     0.170240E+11     0.170240E+11     0.170240E+11     0.170240E+11     0.991414E+10     0.508600E+10     0.486250E+10     0.508600E+10     0.138462E+11     0.106780E+11     0.105640E+11     0.985608E+10     0.817000E+10     0.779467E+10     0.763886E+10     0.715000E+10     0.756876E+10     0.813841E+10     0.766300E+10     0.734248E+10     0.727900E+10     0.662200E+10     0.784062E+10     0.679000E+10     0.196455E+11     0.185130E+11     0.180920E+11     0.190162E+11     0.176690E+11     0.149679E+11     0.592000E+10     0.585209E+10     0.582200E+10     0.577400E+10     0.597724E+10     0.598900E+10     0.552817E+10     0.528200E+10     0.543400E+10     0.572122E+10     0.524200E+10     0.520935E+10     0.530497E+10     0.535000E+10     0.523180E+10     0.279055E+10     0.277500E+10     0.283750E+10     0.315100E+10     0.312800E+10     0.283710E+10     0.267200E+10     0.247074E+10     0.263100E+10     0.266306E+10     0.258003E+10     0.244300E+10     0.250192E+10     0.273114E+10     0.290068E+10     0.288600E+10     0.273866E+10     0.276728E+10     0.230900E+10     0.223265E+10     0.227057E+10     0.231200E+10     0.220437E+10     0.232949E+10     0.231600E+10     0.253998E+10     0.252600E+10     0.250600E+10     0.200585E+10     0.199400E+10     0.197204E+10     0.195900E+10     0.194200E+10     0.215997E+10     0.227900E+10     0.226384E+10     0.209600E+10     0.207138E+10     0.206000E+10     0.193300E+10     0.208814E+10     0.229700E+10     0.221981E+10     0.209300E+10     0.195600E+10     0.194440E+10     0.192400E+10     0.221563E+10     0.230965E+10     0.229700E+10     0.211464E+10     0.195288E+10     0.190500E+10     0.181400E+10     0.181400E+10     0.181400E+10     0.181400E+10     0.181400E+10     0.181400E+10     0.181400E+10     0.181400E+10     0.181400E+10     0.181400E+10     0.181400E+10     0.181400E+10     0.181400E+10     0.181400E+10     0.181400E+10     0.181400E+10     0.181400E+10     0.181400E+10     0.181400E+10     0.100000E+21
 0.940000E+03     0.170240E+11     0.170240E+11     0.170240E+11     0.170240E+11     0.170240E+11     0.170240E+11     0.170240E+11     0.170240E+11     0.170240E+11     0.170240E+11     0.170240E+11     0.170240E+11     0.102811E+11     0.497315E+10     0.484872E+10     0.508600E+10     0.136096E+11     0.106780E+11     0.105640E+11     0.993179E+10     0.817000E+10     0.783342E+10     0.761398E+10     0.715000E+10     0.753493E+10     0.817699E+10     0.789113E+10     0.733696E+10     0.727900E+10     0.662200E+10     0.773750E+10     0.679000E+10     0.195203E+11     0.185130E+11     0.180920E+11     0.189538E+11     0.176690E+11     0.139032E+11     0.592000E+10     0.585029E+10     0.582200E+10     0.577400E+10     0.587361E+10     0.598900E+10     0.557107E+10     0.528200E+10     0.543400E+10     0.569459E+10     0.546332E+10     0.530659E+10     0.523053E+10     0.535000E+10     0.527374E+10     0.278887E+10     0.277500E+10     0.286971E+10     0.315100E+10     0.312800E+10     0.286076E+10     0.267200E+10     0.248953E+10     0.263100E+10     0.268856E+10     0.270500E+10     0.244300E+10     0.249501E+10     0.249800E+10     0.289948E+10     0.288600E+10     0.286500E+10     0.280612E+10     0.230900E+10     0.224092E+10     0.223709E+10     0.231200E+10     0.221234E+10     0.232790E+10     0.231600E+10     0.253868E+10     0.252600E+10     0.250600E+10     0.200475E+10     0.199400E+10     0.197056E+10     0.195900E+10     0.194200E+10     0.214693E+10     0.227900E+10     0.226562E+10     0.209600E+10     0.207061E+10     0.206000E+10     0.193300E+10     0.192292E+10     0.229700E+10     0.228562E+10     0.209300E+10     0.195600E+10     0.194541E+10     0.192400E+10     0.218029E+10     0.230863E+10     0.229700E+10     0.212392E+10     0.194794E+10     0.190500E+10     0.181400E+10     0.181400E+10     0.181400E+10     0.181400E+10     0.181400E+10     0.181400E+10     0.181400E+10     0.181400E+10     0.181400E+10     0.181400E+10     0.181400E+10     0.181400E+10     0.181400E+10     0.181400E+10     0.181400E+10     0.181400E+10     0.181400E+10     0.181400E+10     0.181400E+10     0.100000E+21
 0.960000E+03     0.170240E+11     0.170240E+11     0.170240E+11     0.170240E+11     0.170240E+11     0.170240E+11     0.170240E+11     0.170240E+11     0.170240E+11     0.170240E+11     0.170240E+11     0.170240E+11     0.103160E+11     0.480400E+10     0.480400E+10     0.508600E+10     0.135860E+11     0.106780E+11     0.105640E+11     0.994020E+10     0.890899E+10     0.825191E+10     0.761162E+10     0.715000E+10     0.753149E+10     0.829393E+10     0.823200E+10     0.736170E+10     0.727900E+10     0.662200E+10     0.767893E+10     0.665627E+10     0.195062E+11     0.185130E+11     0.180920E+11     0.189476E+11     0.176690E+11     0.137804E+11     0.592000E+10     0.585011E+10     0.582200E+10     0.577400E+10     0.574117E+10     0.598900E+10     0.557563E+10     0.528200E+10     0.543400E+10     0.569177E+10     0.579600E+10     0.542610E+10     0.523148E+10     0.535000E+10     0.532308E+10     0.278867E+10     0.277500E+10     0.287323E+10     0.315100E+10     0.312800E+10     0.286317E+10     0.267200E+10     0.249169E+10     0.263100E+10     0.265276E+10     0.270500E+10     0.244300E+10     0.249422E+10     0.249800E+10     0.289936E+10     0.288600E+10     0.286500E+10     0.280686E+10     0.255633E+10     0.233031E+10     0.228652E+10     0.243292E+10     0.225929E+10     0.232771E+10     0.231600E+10     0.253854E+10     0.252600E+10     0.250600E+10     0.217004E+10     0.199400E+10     0.197039E+10     0.195900E+10     0.194200E+10     0.214567E+10     0.227900E+10     0.226583E+10     0.209600E+10     0.207053E+10     0.206000E+10     0.193300E+10     0.192306E+10     0.229700E+10     0.228576E+10     0.209300E+10     0.195600E+10     0.194551E+10     0.192400E+10     0.217600E+10     0.230852E+10     0.229700E+10     0.212480E+10     0.194738E+10     0.190500E+10     0.181400E+10     0.181400E+10     0.181400E+10     0.181400E+10     0.181400E+10     0.181400E+10     0.181400E+10     0.181400E+10     0.181400E+10     0.181400E+10     0.181400E+10     0.181400E+10     0.181400E+10     0.181400E+10     0.181400E+10     0.181400E+10     0.181400E+10     0.181400E+10     0.181400E+10     0.100000E+21
 0.980000E+03     0.170240E+11     0.170240E+11     0.170240E+11     0.170240E+11     0.170240E+11     0.170240E+11     0.170240E+11     0.170240E+11     0.170240E+11     0.170240E+11     0.170240E+11     0.170240E+11     0.991523E+10     0.480400E+10     0.480400E+10     0.508600E+10     0.138451E+11     0.106780E+11     0.105640E+11     0.985693E+10     0.950200E+10     0.849546E+10     0.763879E+10     0.715000E+10     0.756858E+10     0.830349E+10     0.823200E+10     0.739293E+10     0.727900E+10     0.662200E+10     0.776743E+10     0.654900E+10     0.196439E+11     0.185130E+11     0.180920E+11     0.190159E+11     0.176690E+11     0.149490E+11     0.592000E+10     0.585208E+10     0.582200E+10     0.577400E+10     0.573648E+10     0.598900E+10     0.552850E+10     0.528200E+10     0.543400E+10     0.572103E+10     0.579600E+10     0.537096E+10     0.522101E+10     0.535000E+10     0.532122E+10     0.279053E+10     0.277500E+10     0.283782E+10     0.315100E+10     0.312800E+10     0.283723E+10     0.267200E+10     0.247105E+10     0.263100E+10     0.265020E+10     0.270500E+10     0.244300E+10     0.250180E+10     0.249800E+10     0.290067E+10     0.288600E+10     0.286500E+10     0.274306E+10     0.275500E+10     0.236392E+10     0.231691E+10     0.253000E+10     0.228110E+10     0.232946E+10     0.231600E+10     0.245750E+10     0.252600E+10     0.250600E+10     0.233676E+10     0.199400E+10     0.197202E+10     0.195900E+10     0.194200E+10     0.215992E+10     0.227900E+10     0.226387E+10     0.216490E+10     0.207138E+10     0.206000E+10     0.193300E+10     0.192168E+10     0.229700E+10     0.228440E+10     0.209300E+10     0.201311E+10     0.196359E+10     0.192400E+10     0.221493E+10     0.230964E+10     0.229700E+10     0.211467E+10     0.195283E+10     0.190500E+10     0.181400E+10     0.181400E+10     0.181400E+10     0.181400E+10     0.181400E+10     0.181400E+10     0.181400E+10     0.181400E+10     0.181400E+10     0.181400E+10     0.181400E+10     0.181400E+10     0.181400E+10     0.181400E+10     0.181400E+10     0.181400E+10     0.181400E+10     0.181400E+10     0.181400E+10     0.100000E+21
 0.100000E+04     0.170240E+11     0.170240E+11     0.170240E+11     0.170240E+11     0.170240E+11     0.170240E+11     0.170240E+11     0.170240E+11     0.170240E+11     0.170240E+11     0.170240E+11     0.170240E+11     0.997492E+10     0.480400E+10     0.480400E+10     0.508600E+10     0.138303E+11     0.106780E+11     0.105640E+11     0.983268E+10     0.950200E+10     0.820350E+10     0.763469E+10     0.715000E+10     0.756789E+10     0.831130E+10     0.823200E+10     0.739325E+10     0.727900E+10     0.662200E+10     0.779209E+10     0.654900E+10     0.196956E+11     0.185130E+11     0.180920E+11     0.190096E+11     0.176690E+11     0.158283E+11     0.592000E+10     0.585184E+10     0.582200E+10     0.577400E+10     0.573429E+10     0.598900E+10     0.552399E+10     0.528200E+10     0.543400E+10     0.572347E+10     0.579600E+10     0.533426E+10     0.522164E+10     0.535000E+10     0.532145E+10     0.265083E+10     0.202709E+10     0.283023E+10     0.315100E+10     0.312800E+10     0.283762E+10     0.267200E+10     0.243821E+10     0.245868E+10     0.265064E+10     0.270500E+10     0.244300E+10     0.243536E+10     0.249800E+10     0.290065E+10     0.288600E+10     0.286500E+10     0.267477E+10     0.275500E+10     0.234515E+10     0.231864E+10     0.253000E+10     0.228231E+10     0.233062E+10     0.231600E+10     0.236471E+10     0.252600E+10     0.250600E+10     0.234012E+10     0.199400E+10     0.197278E+10     0.195900E+10     0.194200E+10     0.215816E+10     0.227900E+10     0.226240E+10     0.224100E+10     0.207130E+10     0.206000E+10     0.193300E+10     0.192117E+10     0.229700E+10     0.228414E+10     0.209300E+10     0.207800E+10     0.198291E+10     0.192400E+10     0.195180E+10     0.230962E+10     0.229700E+10     0.223820E+10     0.195440E+10     0.190500E+10     0.181400E+10     0.181400E+10     0.181400E+10     0.181400E+10     0.181400E+10     0.181400E+10     0.181400E+10     0.181400E+10     0.181400E+10     0.181400E+10     0.181400E+10     0.181400E+10     0.181400E+10     0.181400E+10     0.181400E+10     0.181400E+10     0.181400E+10     0.181400E+10     0.181400E+10     0.100000E+21
 0.102000E+04     0.170240E+11     0.170240E+11     0.170240E+11     0.170240E+11     0.170240E+11     0.170240E+11     0.170240E+11     0.170240E+11     0.170240E+11     0.170240E+11     0.170240E+11     0.170240E+11     0.988964E+10     0.480400E+10     0.480400E+10     0.508600E+10     0.138728E+11     0.106780E+11     0.105640E+11     0.983191E+10     0.950200E+10     0.814724E+10     0.738363E+10     0.715000E+10     0.757327E+10     0.830930E+10     0.823200E+10     0.739458E+10     0.727900E+10     0.662200E+10     0.779804E+10     0.654900E+10     0.196924E+11     0.185130E+11     0.180920E+11     0.190220E+11     0.176690E+11     0.156330E+11     0.592000E+10     0.585223E+10     0.582200E+10     0.577400E+10     0.573456E+10     0.598900E+10     0.595421E+10     0.528200E+10     0.543400E+10     0.572630E+10     0.579600E+10     0.534267E+10     0.521991E+10     0.535000E+10     0.532108E+10     0.256198E+10     0.190800E+10     0.282880E+10     0.315100E+10     0.312800E+10     0.311316E+10     0.267200E+10     0.242390E+10     0.240800E+10     0.260157E+10     0.259000E+10     0.268700E+10     0.246693E+10     0.249800E+10     0.290084E+10     0.288600E+10     0.286500E+10     0.267393E+10     0.275500E+10     0.234745E+10     0.231588E+10     0.253000E+10     0.237572E+10     0.217396E+10     0.231600E+10     0.236314E+10     0.252600E+10     0.250600E+10     0.234328E+10     0.199400E+10     0.197268E+10     0.195900E+10     0.194200E+10     0.216100E+10     0.227900E+10     0.226273E+10     0.224100E+10     0.207145E+10     0.206000E+10     0.193300E+10     0.192120E+10     0.229700E+10     0.228408E+10     0.209300E+10     0.207800E+10     0.198180E+10     0.192400E+10     0.191252E+10     0.230979E+10     0.229700E+10     0.228627E+10     0.195440E+10     0.190500E+10     0.181400E+10     0.181400E+10     0.181400E+10     0.181400E+10     0.181400E+10     0.181400E+10     0.181400E+10     0.181400E+10     0.181400E+10     0.181400E+10     0.181400E+10     0.181400E+10     0.181400E+10     0.181400E+10     0.181400E+10     0.181400E+10     0.181400E+10     0.181400E+10     0.181400E+10     0.100000E+21
 0.104000E+04     0.170240E+11     0.170240E+11     0.170240E+11     0.170240E+11     0.170240E+11     0.170240E+11     0.170240E+11     0.170240E+11     0.170240E+11     0.170240E+11     0.170240E+11     0.170240E+11     0.101603E+11     0.480400E+10     0.480400E+10     0.508600E+10     0.136937E+11     0.106780E+11     0.105640E+11     0.989938E+10     0.950200E+10     0.826526E+10     0.737489E+10     0.715000E+10     0.754730E+10     0.829937E+10     0.823200E+10     0.738682E+10     0.727900E+10     0.662200E+10     0.769844E+10     0.654900E+10     0.195754E+11     0.185130E+11     0.180920E+11     0.189753E+11     0.176690E+11     0.144047E+11     0.592000E+10     0.585089E+10     0.582200E+10     0.577400E+10     0.573876E+10     0.598900E+10     0.595677E+10     0.528200E+10     0.543400E+10     0.570497E+10     0.579600E+10     0.539555E+10     0.522714E+10     0.535000E+10     0.532235E+10     0.249939E+10     0.190800E+10     0.285632E+10     0.315100E+10     0.312800E+10     0.311408E+10     0.267200E+10     0.242199E+10     0.240800E+10     0.260120E+10     0.259000E+10     0.268700E+10     0.249333E+10     0.249800E+10     0.289992E+10     0.288600E+10     0.286500E+10     0.269025E+10     0.275500E+10     0.238646E+10     0.232524E+10     0.253000E+10     0.238429E+10     0.219052E+10     0.231600E+10     0.237502E+10     0.252600E+10     0.250600E+10     0.231763E+10     0.199400E+10     0.197122E+10     0.195900E+10     0.194200E+10     0.215132E+10     0.227900E+10     0.226478E+10     0.224100E+10     0.207088E+10     0.206000E+10     0.193300E+10     0.192237E+10     0.229700E+10     0.228511E+10     0.215618E+10     0.207800E+10     0.198826E+10     0.192400E+10     0.191399E+10     0.230900E+10     0.229700E+10     0.228667E+10     0.195009E+10     0.190500E+10     0.181400E+10     0.181400E+10     0.181400E+10     0.181400E+10     0.181400E+10     0.181400E+10     0.181400E+10     0.181400E+10     0.181400E+10     0.181400E+10     0.181400E+10     0.181400E+10     0.181400E+10     0.181400E+10     0.181400E+10     0.181400E+10     0.181400E+10     0.181400E+10     0.181400E+10     0.100000E+21
 0.106000E+04     0.170240E+11     0.170240E+11     0.170240E+11     0.170240E+11     0.170240E+11     0.170240E+11     0.170240E+11     0.170240E+11     0.170240E+11     0.170240E+11     0.170240E+11     0.170240E+11     0.103226E+11     0.480400E+10     0.480400E+10     0.508600E+10     0.135815E+11     0.106780E+11     0.105640E+11     0.994175E+10     0.950200E+10     0.834247E+10     0.736966E+10     0.715000E+10     0.753085E+10     0.829374E+10     0.823200E+10     0.738186E+10     0.727900E+10     0.662200E+10     0.763322E+10     0.654900E+10     0.195036E+11     0.185130E+11     0.180920E+11     0.189465E+11     0.176690E+11     0.137580E+11     0.592000E+10     0.585008E+10     0.582200E+10     0.577400E+10     0.574126E+10     0.598900E+10     0.595842E+10     0.528200E+10     0.543400E+10     0.569124E+10     0.579600E+10     0.542719E+10     0.523166E+10     0.535000E+10     0.532311E+10     0.245909E+10     0.190800E+10     0.287389E+10     0.315100E+10     0.312800E+10     0.311466E+10     0.267200E+10     0.242094E+10     0.240800E+10     0.260099E+10     0.259000E+10     0.268700E+10     0.250791E+10     0.249800E+10     0.289934E+10     0.288600E+10     0.286500E+10     0.270066E+10     0.275500E+10     0.243662E+10     0.233092E+10     0.253000E+10     0.238966E+10     0.220044E+10     0.231600E+10     0.238267E+10     0.252600E+10     0.250600E+10     0.226826E+10     0.191125E+10     0.197036E+10     0.195900E+10     0.194200E+10     0.214543E+10     0.227900E+10     0.226587E+10     0.224100E+10     0.207052E+10     0.206000E+10     0.193300E+10     0.192309E+10     0.229700E+10     0.228578E+10     0.226000E+10     0.207800E+10     0.199239E+10     0.192400E+10     0.191483E+10     0.230850E+10     0.229700E+10     0.228691E+10     0.194728E+10     0.190500E+10     0.181400E+10     0.181400E+10     0.181400E+10     0.181400E+10     0.181400E+10     0.181400E+10     0.181400E+10     0.181400E+10     0.181400E+10     0.181400E+10     0.181400E+10     0.181400E+10     0.181400E+10     0.181400E+10     0.181400E+10     0.181400E+10     0.181400E+10     0.181400E+10     0.181400E+10     0.100000E+21
 0.108000E+04     0.170240E+11     0.170240E+11     0.170240E+11     0.170240E+11     0.170240E+11     0.170240E+11     0.170240E+11     0.170240E+11     0.170240E+11     0.170240E+11     0.170240E+11     0.170240E+11     0.989201E+10     0.480400E+10     0.480400E+10     0.508600E+10     0.138700E+11     0.106780E+11     0.105640E+11     0.983500E+10     0.817000E+10     0.778430E+10     0.738355E+10     0.715000E+10     0.757277E+10     0.830847E+10     0.823200E+10     0.739440E+10     0.727900E+10     0.662200E+10     0.779446E+10     0.654900E+10     0.196862E+11     0.185130E+11     0.180920E+11     0.190214E+11     0.176690E+11     0.155270E+11     0.592000E+10     0.585221E+10     0.582200E+10     0.577400E+10     0.573482E+10     0.598900E+10     0.595429E+10     0.528200E+10     0.543400E+10     0.572571E+10     0.579600E+10     0.534650E+10     0.522002E+10     0.535000E+10     0.532110E+10     0.255869E+10     0.190800E+10     0.282987E+10     0.315100E+10     0.312800E+10     0.311318E+10     0.267200E+10     0.242375E+10     0.240800E+10     0.260156E+10     0.259000E+10     0.268700E+10     0.246895E+10     0.249800E+10     0.261112E+10     0.288600E+10     0.286500E+10     0.267456E+10     0.275500E+10     0.241465E+10     0.217507E+10     0.216400E+10     0.224891E+10     0.217516E+10     0.231600E+10     0.236347E+10     0.252600E+10     0.250600E+10     0.229005E+10     0.181400E+10     0.197259E+10     0.195900E+10     0.194200E+10     0.216089E+10     0.227900E+10     0.226290E+10     0.224100E+10     0.207144E+10     0.206000E+10     0.193300E+10     0.192126E+10     0.229700E+10     0.228412E+10     0.226000E+10     0.207800E+10     0.198195E+10     0.192400E+10     0.191264E+10     0.230977E+10     0.229700E+10     0.228628E+10     0.195421E+10     0.190500E+10     0.181400E+10     0.181400E+10     0.181400E+10     0.181400E+10     0.181400E+10     0.181400E+10     0.181400E+10     0.181400E+10     0.181400E+10     0.181400E+10     0.181400E+10     0.181400E+10     0.181400E+10     0.181400E+10     0.181400E+10     0.181400E+10     0.181400E+10     0.181400E+10     0.181400E+10     0.100000E+21
 0.110000E+04     0.170240E+11     0.170240E+11     0.170240E+11     0.170240E+11     0.170240E+11     0.170240E+11     0.170240E+11     0.170240E+11     0.170240E+11     0.170240E+11     0.170240E+11     0.170240E+11     0.101089E+11     0.480400E+10     0.480400E+10     0.508600E+10     0.137306E+11     0.106780E+11     0.105640E+11     0.988355E+10     0.817000E+10     0.780838E+10     0.737655E+10     0.715000E+10     0.755279E+10     0.830176E+10     0.823200E+10     0.738851E+10     0.727900E+10     0.662200E+10     0.772184E+10     0.654900E+10     0.196029E+11     0.185130E+11     0.180920E+11     0.189847E+11     0.176690E+11     0.146741E+11     0.592000E+10     0.585115E+10     0.582200E+10     0.577400E+10     0.573778E+10     0.598900E+10     0.595619E+10     0.528200E+10     0.543400E+10     0.570973E+10     0.579600E+10     0.538260E+10     0.522565E+10     0.535000E+10     0.532210E+10     0.251482E+10     0.190800E+10     0.284993E+10     0.315100E+10     0.312800E+10     0.311388E+10     0.267200E+10     0.242242E+10     0.240800E+10     0.260127E+10     0.259000E+10     0.268700E+10     0.248736E+10     0.249800E+10     0.262420E+10     0.288600E+10     0.286500E+10     0.268646E+10     0.275500E+10     0.243760E+10     0.217469E+10     0.216400E+10     0.233913E+10     0.226464E+10     0.231600E+10     0.237237E+10     0.252600E+10     0.250600E+10     0.226392E+10     0.181400E+10     0.197156E+10     0.195900E+10     0.194200E+10     0.200385E+10     0.227900E+10     0.226433E+10     0.224100E+10     0.207099E+10     0.206000E+10     0.193300E+10     0.192209E+10     0.229700E+10     0.228487E+10     0.226000E+10     0.219763E+10     0.201963E+10     0.192400E+10     0.191364E+10     0.230917E+10     0.229700E+10     0.228660E+10     0.195114E+10     0.190500E+10     0.181400E+10     0.181400E+10     0.181400E+10     0.181400E+10     0.181400E+10     0.181400E+10     0.181400E+10     0.181400E+10     0.181400E+10     0.181400E+10     0.181400E+10     0.181400E+10     0.181400E+10     0.181400E+10     0.181400E+10     0.181400E+10     0.181400E+10     0.181400E+10     0.181400E+10     0.100000E+21
 0.112000E+04     0.170240E+11     0.170240E+11     0.170240E+11     0.170240E+11     0.170240E+11     0.170240E+11     0.170240E+11     0.170240E+11     0.170240E+11     0.170240E+11     0.170240E+11     0.170240E+11     0.989760E+10     0.480400E+10     0.480400E+10     0.508600E+10     0.138776E+11     0.106780E+11     0.105640E+11     0.981464E+10     0.817000E+10     0.777483E+10     0.738336E+10     0.715000E+10     0.757458E+10     0.831554E+10     0.823200E+10     0.739520E+10     0.727900E+10     0.662200E+10     0.781554E+10     0.654900E+10     0.197299E+11     0.185130E+11     0.180920E+11     0.190222E+11     0.176690E+11     0.169184E+11     0.592000E+10     0.585221E+10     0.582200E+10     0.577400E+10     0.573289E+10     0.598900E+10     0.595390E+10     0.528200E+10     0.543400E+10     0.572876E+10     0.579600E+10     0.531654E+10     0.521973E+10     0.535000E+10     0.532110E+10     0.454483E+10     0.277500E+10     0.271601E+10     0.270000E+10     0.312800E+10     0.311311E+10     0.267200E+10     0.262673E+10     0.240800E+10     0.260155E+10     0.259000E+10     0.268700E+10     0.245027E+10     0.249800E+10     0.260989E+10     0.288600E+10     0.286500E+10     0.267063E+10     0.275500E+10     0.240285E+10     0.217507E+10     0.216400E+10     0.239050E+10     0.228324E+10     0.231600E+10     0.229191E+10     0.227900E+10     0.250600E+10     0.229533E+10     0.181400E+10     0.197326E+10     0.195900E+10     0.194200E+10     0.193275E+10     0.227900E+10     0.226057E+10     0.224100E+10     0.207145E+10     0.206000E+10     0.193300E+10     0.192082E+10     0.229700E+10     0.228390E+10     0.226000E+10     0.224100E+10     0.203086E+10     0.192400E+10     0.191159E+10     0.230983E+10     0.229700E+10     0.228628E+10     0.195542E+10     0.190500E+10     0.181400E+10     0.181400E+10     0.181400E+10     0.181400E+10     0.181400E+10     0.181400E+10     0.181400E+10     0.181400E+10     0.181400E+10     0.181400E+10     0.181400E+10     0.181400E+10     0.181400E+10     0.181400E+10     0.181400E+10     0.181400E+10     0.181400E+10     0.181400E+10     0.181400E+10     0.100000E+21
 0.114000E+04     0.170240E+11     0.170240E+11     0.170240E+11     0.170240E+11     0.170240E+11     0.170240E+11     0.170240E+11     0.170240E+11     0.170240E+11     0.170240E+11     0.170240E+11     0.170240E+11     0.999734E+10     0.480400E+10     0.480400E+10     0.508600E+10     0.138084E+11     0.106780E+11     0.105640E+11     0.984939E+10     0.817000E+10     0.779149E+10     0.738015E+10     0.715000E+10     0.756431E+10     0.830726E+10     0.823200E+10     0.739203E+10     0.727900E+10     0.662200E+10     0.777009E+10     0.654900E+10     0.196636E+11     0.185130E+11     0.180920E+11     0.190046E+11     0.176690E+11     0.153474E+11     0.592000E+10     0.585171E+10     0.582200E+10     0.577400E+10     0.573556E+10     0.598900E+10     0.595500E+10     0.528200E+10     0.543400E+10     0.571969E+10     0.579600E+10     0.535380E+10     0.522252E+10     0.535000E+10     0.532157E+10     0.445528E+10     0.277500E+10     0.271537E+10     0.270000E+10     0.312800E+10     0.311348E+10     0.267200E+10     0.260573E+10     0.240800E+10     0.260142E+10     0.259000E+10     0.268700E+10     0.247300E+10     0.249800E+10     0.261664E+10     0.288600E+10     0.286500E+10     0.280662E+10     0.275500E+10     0.242067E+10     0.217489E+10     0.216400E+10     0.238566E+10     0.225408E+10     0.215677E+10     0.229151E+10     0.227900E+10     0.250600E+10     0.228033E+10     0.181400E+10     0.197234E+10     0.195900E+10     0.194200E+10     0.193290E+10     0.227900E+10     0.226320E+10     0.224100E+10     0.207124E+10     0.206000E+10     0.193300E+10     0.192149E+10     0.199579E+10     0.221745E+10     0.226000E+10     0.224100E+10     0.203659E+10     0.192400E+10     0.191282E+10     0.230951E+10     0.229700E+10     0.228643E+10     0.195329E+10     0.190500E+10     0.181400E+10     0.181400E+10     0.181400E+10     0.181400E+10     0.181400E+10     0.181400E+10     0.181400E+10     0.181400E+10     0.181400E+10     0.181400E+10     0.181400E+10     0.181400E+10     0.181400E+10     0.181400E+10     0.181400E+10     0.181400E+10     0.181400E+10     0.181400E+10     0.181400E+10     0.100000E+21
 0.116000E+04     0.170240E+11     0.170240E+11     0.170240E+11     0.170240E+11     0.170240E+11     0.170240E+11     0.170240E+11     0.170240E+11     0.170240E+11     0.170240E+11     0.170240E+11     0.170240E+11     0.102458E+11     0.480400E+10     0.480400E+10     0.508600E+10     0.136338E+11     0.106780E+11     0.105640E+11     0.992290E+10     0.817000E+10     0.782878E+10     0.737214E+10     0.715000E+10     0.753847E+10     0.829613E+10     0.823200E+10     0.738414E+10     0.727900E+10     0.662200E+10     0.766263E+10     0.654900E+10     0.195353E+11     0.185130E+11     0.180920E+11     0.189600E+11     0.176690E+11     0.140358E+11     0.592000E+10     0.585046E+10     0.582200E+10     0.577400E+10     0.574017E+10     0.598900E+10     0.595767E+10     0.528200E+10     0.543400E+10     0.569751E+10     0.579600E+10     0.541359E+10     0.522955E+10     0.535000E+10     0.532275E+10     0.427036E+10     0.277500E+10     0.271392E+10     0.270000E+10     0.312800E+10     0.311439E+10     0.267200E+10     0.257929E+10     0.240800E+10     0.260109E+10     0.259000E+10     0.268700E+10     0.250161E+10     0.249800E+10     0.263360E+10     0.288600E+10     0.286500E+10     0.285042E+10     0.275500E+10     0.245746E+10     0.219454E+10     0.216400E+10     0.237342E+10     0.221516E+10     0.211000E+10     0.229054E+10     0.227900E+10     0.250600E+10     0.224371E+10     0.181400E+10     0.197074E+10     0.195900E+10     0.194200E+10     0.193329E+10     0.227900E+10     0.226540E+10     0.224100E+10     0.207069E+10     0.206000E+10     0.193300E+10     0.192277E+10     0.190300E+10     0.214365E+10     0.226000E+10     0.224100E+10     0.205087E+10     0.192400E+10     0.191448E+10     0.230873E+10     0.229700E+10     0.228680E+10     0.194853E+10     0.190500E+10     0.181400E+10     0.181400E+10     0.181400E+10     0.181400E+10     0.181400E+10     0.181400E+10     0.181400E+10     0.181400E+10     0.181400E+10     0.181400E+10     0.181400E+10     0.181400E+10     0.181400E+10     0.181400E+10     0.181400E+10     0.181400E+10     0.181400E+10     0.181400E+10     0.181400E+10     0.100000E+21
 0.118000E+04     0.170240E+11     0.170240E+11     0.170240E+11     0.170240E+11     0.170240E+11     0.170240E+11     0.170240E+11     0.170240E+11     0.170240E+11     0.170240E+11     0.170240E+11     0.170240E+11     0.989317E+10     0.480400E+10     0.480400E+10     0.508600E+10     0.138801E+11     0.106780E+11     0.105640E+11     0.981407E+10     0.817000E+10     0.777455E+10     0.738351E+10     0.715000E+10     0.757492E+10     0.831564E+10     0.823200E+10     0.739530E+10     0.727900E+10     0.718700E+10     0.781648E+10     0.654900E+10     0.197308E+11     0.185130E+11     0.180920E+11     0.190229E+11     0.176690E+11     0.172510E+11     0.168570E+11     0.585223E+10     0.582200E+10     0.577400E+10     0.573285E+10     0.598900E+10     0.595388E+10     0.528200E+10     0.543400E+10     0.572900E+10     0.579600E+10     0.531613E+10     0.521963E+10     0.535000E+10     0.532108E+10     0.454605E+10     0.277500E+10     0.271602E+10     0.270000E+10     0.312800E+10     0.311310E+10     0.267200E+10     0.262707E+10     0.240800E+10     0.260156E+10     0.259000E+10     0.268700E+10     0.244990E+10     0.249800E+10     0.260967E+10     0.288600E+10     0.286500E+10     0.284822E+10     0.275500E+10     0.240261E+10     0.222984E+10     0.216400E+10     0.222951E+10     0.224196E+10     0.211000E+10     0.229192E+10     0.227900E+10     0.250600E+10     0.229571E+10     0.181400E+10     0.197327E+10     0.195900E+10     0.194200E+10     0.193275E+10     0.227900E+10     0.226042E+10     0.224100E+10     0.207146E+10     0.206000E+10     0.193300E+10     0.192081E+10     0.190300E+10     0.217689E+10     0.226000E+10     0.224100E+10     0.222847E+10     0.192400E+10     0.191158E+10     0.230984E+10     0.229700E+10     0.228628E+10     0.195545E+10     0.190500E+10     0.181400E+10     0.181400E+10     0.181400E+10     0.181400E+10     0.181400E+10     0.181400E+10     0.181400E+10     0.181400E+10     0.181400E+10     0.181400E+10     0.181400E+10     0.181400E+10     0.181400E+10     0.181400E+10     0.181400E+10     0.181400E+10     0.181400E+10     0.181400E+10     0.181400E+10     0.100000E+21
 0.120000E+04     0.170240E+11     0.170240E+11     0.170240E+11     0.170240E+11     0.170240E+11     0.170240E+11     0.170240E+11     0.170240E+11     0.170240E+11     0.170240E+11     0.170240E+11     0.170240E+11     0.102458E+11     0.480400E+10     0.480400E+10     0.508600E+10     0.136338E+11     0.106780E+11     0.105640E+11     0.992290E+10     0.817000E+10     0.800903E+10     0.737214E+10     0.715000E+10     0.753847E+10     0.829613E+10     0.823200E+10     0.738414E+10     0.727900E+10     0.718700E+10     0.766263E+10     0.654900E+10     0.197174E+11     0.191807E+11     0.180920E+11     0.189600E+11     0.176690E+11     0.171454E+11     0.168570E+11     0.585046E+10     0.582200E+10     0.577400E+10     0.574017E+10     0.598900E+10     0.595767E+10     0.528200E+10     0.543400E+10     0.569751E+10     0.579600E+10     0.541359E+10     0.522955E+10     0.535000E+10     0.532275E+10     0.427036E+10     0.277500E+10     0.236457E+10     0.270000E+10     0.312800E+10     0.311439E+10     0.267200E+10     0.257929E+10     0.240800E+10     0.260109E+10     0.259000E+10     0.268700E+10     0.250161E+10     0.249800E+10     0.263360E+10     0.288600E+10     0.286500E+10     0.285042E+10     0.275500E+10     0.264316E+10     0.219454E+10     0.216400E+10     0.222453E+10     0.221516E+10     0.211000E+10     0.229054E+10     0.227900E+10     0.250600E+10     0.224371E+10     0.181400E+10     0.197074E+10     0.195900E+10     0.194200E+10     0.193329E+10     0.227900E+10     0.226540E+10     0.224100E+10     0.207069E+10     0.206000E+10     0.193300E+10     0.192277E+10     0.190300E+10     0.214365E+10     0.226000E+10     0.224100E+10     0.222967E+10     0.192400E+10     0.191448E+10     0.230873E+10     0.229700E+10     0.228680E+10     0.194853E+10     0.190500E+10     0.181400E+10     0.181400E+10     0.181400E+10     0.181400E+10     0.181400E+10     0.181400E+10     0.181400E+10     0.181400E+10     0.181400E+10     0.181400E+10     0.181400E+10     0.181400E+10     0.181400E+10     0.181400E+10     0.181400E+10     0.181400E+10     0.181400E+10     0.181400E+10     0.181400E+10     0.100000E+21
 0.122000E+04     0.170240E+11     0.170240E+11     0.170240E+11     0.170240E+11     0.170240E+11     0.170240E+11     0.170240E+11     0.170240E+11     0.170240E+11     0.170240E+11     0.170240E+11     0.170240E+11     0.999734E+10     0.480400E+10     0.480400E+10     0.508600E+10     0.138084E+11     0.106780E+11     0.105640E+11     0.984939E+10     0.817000E+10     0.809969E+10     0.738015E+10     0.715000E+10     0.756431E+10     0.830726E+10     0.823200E+10     0.739203E+10     0.727900E+10     0.718700E+10     0.777009E+10     0.654900E+10     0.969365E+10     0.195700E+11     0.180920E+11     0.190046E+11     0.176690E+11     0.171920E+11     0.168570E+11     0.585171E+10     0.582200E+10     0.577400E+10     0.573556E+10     0.598900E+10     0.595500E+10     0.528200E+10     0.543400E+10     0.571969E+10     0.579600E+10     0.535380E+10     0.522252E+10     0.535000E+10     0.532157E+10     0.445528E+10     0.277500E+10     0.212047E+10     0.270000E+10     0.312800E+10     0.311348E+10     0.267200E+10     0.260573E+10     0.240800E+10     0.247524E+10     0.259000E+10     0.257000E+10     0.245120E+10     0.249800E+10     0.261664E+10     0.288600E+10     0.286500E+10     0.284890E+10     0.275500E+10     0.273990E+10     0.217489E+10     0.216400E+10     0.222806E+10     0.239006E+10     0.211000E+10     0.229151E+10     0.227900E+10     0.250600E+10     0.228033E+10     0.181400E+10     0.197234E+10     0.195900E+10     0.194200E+10     0.193290E+10     0.227900E+10     0.226320E+10     0.224100E+10     0.207124E+10     0.206000E+10     0.193300E+10     0.192149E+10     0.190300E+10     0.216687E+10     0.226000E+10     0.224100E+10     0.222882E+10     0.192400E+10     0.191282E+10     0.230951E+10     0.229700E+10     0.228643E+10     0.195329E+10     0.190500E+10     0.181400E+10     0.181400E+10     0.181400E+10     0.181400E+10     0.181400E+10     0.181400E+10     0.181400E+10     0.181400E+10     0.181400E+10     0.181400E+10     0.181400E+10     0.181400E+10     0.181400E+10     0.181400E+10     0.181400E+10     0.181400E+10     0.181400E+10     0.181400E+10     0.181400E+10     0.100000E+21
 0.124000E+04     0.170240E+11     0.170240E+11     0.170240E+11     0.170240E+11     0.170240E+11     0.170240E+11     0.170240E+11     0.170240E+11     0.170240E+11     0.170240E+11     0.170240E+11     0.170240E+11     0.989760E+10     0.480400E+10     0.480400E+10     0.508600E+10     0.138776E+11     0.106780E+11     0.105640E+11     0.981464E+10     0.817000E+10     0.809660E+10     0.738336E+10     0.715000E+10     0.757458E+10     0.831554E+10     0.823200E+10     0.739520E+10     0.727900E+10     0.718700E+10     0.781554E+10     0.654900E+10     0.912483E+10     0.195700E+11     0.180920E+11     0.190222E+11     0.176690E+11     0.170724E+11     0.916022E+10     0.585221E+10     0.582200E+10     0.577400E+10     0.573289E+10     0.598900E+10     0.595390E+10     0.528200E+10     0.543400E+10     0.572876E+10     0.579600E+10     0.531654E+10     0.521973E+10     0.535000E+10     0.532110E+10     0.454483E+10     0.277500E+10     0.209631E+10     0.270000E+10     0.312800E+10     0.311311E+10     0.297990E+10     0.262673E+10     0.240800E+10     0.247391E+10     0.259000E+10     0.257000E+10     0.243858E+10     0.249800E+10     0.260989E+10     0.288600E+10     0.286500E+10     0.284823E+10     0.275500E+10     0.273910E+10     0.221038E+10     0.216400E+10     0.222946E+10     0.243030E+10     0.224183E+10     0.229191E+10     0.227900E+10     0.250600E+10     0.229533E+10     0.181400E+10     0.197326E+10     0.195900E+10     0.194200E+10     0.193275E+10     0.227900E+10     0.226057E+10     0.224100E+10     0.207145E+10     0.206000E+10     0.193300E+10     0.192082E+10     0.190300E+10     0.217669E+10     0.226000E+10     0.224100E+10     0.222848E+10     0.192400E+10     0.191159E+10     0.230983E+10     0.229700E+10     0.228628E+10     0.195542E+10     0.190500E+10     0.181400E+10     0.181400E+10     0.181400E+10     0.181400E+10     0.181400E+10     0.181400E+10     0.181400E+10     0.181400E+10     0.181400E+10     0.181400E+10     0.181400E+10     0.181400E+10     0.181400E+10     0.181400E+10     0.181400E+10     0.181400E+10     0.181400E+10     0.181400E+10     0.181400E+10     0.100000E+21
 0.126000E+04     0.170240E+11     0.170240E+11     0.170240E+11     0.170240E+11     0.170240E+11     0.170240E+11     0.170240E+11     0.170240E+11     0.170240E+11     0.170240E+11     0.170240E+11     0.170240E+11     0.101089E+11     0.480400E+10     0.497169E+10     0.508600E+10     0.137306E+11     0.106780E+11     0.105640E+11     0.988355E+10     0.817000E+10     0.810283E+10     0.737655E+10     0.715000E+10     0.755279E+10     0.830176E+10     0.823200E+10     0.738851E+10     0.727900E+10     0.718700E+10     0.772184E+10     0.654900E+10     0.102149E+11     0.195700E+11     0.180920E+11     0.189847E+11     0.176690E+11     0.146741E+11     0.592000E+10     0.585115E+10     0.582200E+10     0.577400E+10     0.573778E+10     0.598900E+10     0.595619E+10     0.528200E+10     0.543400E+10     0.570973E+10     0.579600E+10     0.538260E+10     0.522565E+10     0.535000E+10     0.532210E+10     0.437020E+10     0.277500E+10     0.214547E+10     0.270000E+10     0.312800E+10     0.311388E+10     0.308300E+10     0.259246E+10     0.240800E+10     0.247673E+10     0.259000E+10     0.257000E+10     0.245917E+10     0.249800E+10     0.262420E+10     0.288600E+10     0.286500E+10     0.284960E+10     0.275500E+10     0.274067E+10     0.222752E+10     0.216400E+10     0.220405E+10     0.241723E+10     0.225600E+10     0.229108E+10     0.227900E+10     0.250600E+10     0.226392E+10     0.181400E+10     0.197156E+10     0.195900E+10     0.194200E+10     0.193308E+10     0.227900E+10     0.226433E+10     0.224100E+10     0.207099E+10     0.206000E+10     0.193300E+10     0.192209E+10     0.190300E+10     0.215644E+10     0.226000E+10     0.224100E+10     0.217610E+10     0.192400E+10     0.191364E+10     0.222949E+10     0.229700E+10     0.228660E+10     0.195114E+10     0.190500E+10     0.181400E+10     0.181400E+10     0.181400E+10     0.181400E+10     0.181400E+10     0.181400E+10     0.181400E+10     0.181400E+10     0.181400E+10     0.181400E+10     0.181400E+10     0.181400E+10     0.181400E+10     0.181400E+10     0.181400E+10     0.181400E+10     0.181400E+10     0.181400E+10     0.181400E+10     0.100000E+21
 0.128000E+04     0.170240E+11     0.170240E+11     0.170240E+11     0.170240E+11     0.170240E+11     0.170240E+11     0.170240E+11     0.170240E+11     0.170240E+11     0.170240E+11     0.170240E+11     0.170240E+11     0.989201E+10     0.480400E+10     0.567089E+10     0.508600E+10     0.138700E+11     0.106780E+11     0.105640E+11     0.983500E+10     0.817000E+10     0.809836E+10     0.738355E+10     0.715000E+10     0.757277E+10     0.830847E+10     0.823200E+10     0.739440E+10     0.727900E+10     0.718700E+10     0.779446E+10     0.654900E+10     0.949959E+10     0.195700E+11     0.180920E+11     0.190214E+11     0.176690E+11     0.155270E+11     0.592000E+10     0.585221E+10     0.582200E+10     0.577400E+10     0.573482E+10     0.598900E+10     0.595429E+10     0.528200E+10     0.543400E+10     0.572571E+10     0.579600E+10     0.534650E+10     0.522002E+10     0.535000E+10     0.532110E+10     0.448553E+10     0.277500E+10     0.210853E+10     0.270000E+10     0.312800E+10     0.311318E+10     0.308300E+10     0.260947E+10     0.240800E+10     0.247379E+10     0.259000E+10     0.257000E+10     0.244895E+10     0.249800E+10     0.261112E+10     0.288600E+10     0.286500E+10     0.284857E+10     0.263633E+10     0.271600E+10     0.222980E+10     0.216400E+10     0.215224E+10     0.243130E+10     0.225600E+10     0.229178E+10     0.227900E+10     0.250600E+10     0.229005E+10     0.181400E+10     0.197259E+10     0.195900E+10     0.194200E+10     0.193275E+10     0.227900E+10     0.226290E+10     0.224100E+10     0.207144E+10     0.206000E+10     0.200234E+10     0.193364E+10     0.190300E+10     0.217213E+10     0.226000E+10     0.224100E+10     0.203232E+10     0.192400E+10     0.191264E+10     0.202613E+10     0.229700E+10     0.228628E+10     0.195421E+10     0.190500E+10     0.181400E+10     0.181400E+10     0.181400E+10     0.181400E+10     0.181400E+10     0.181400E+10     0.181400E+10     0.181400E+10     0.181400E+10     0.181400E+10     0.181400E+10     0.181400E+10     0.181400E+10     0.181400E+10     0.181400E+10     0.181400E+10     0.181400E+10     0.181400E+10     0.181400E+10     0.100000E+21
 0.130000E+04     0.170240E+11     0.170240E+11     0.170240E+11     0.170240E+11     0.170240E+11     0.170240E+11     0.170240E+11     0.170240E+11     0.170240E+11     0.170240E+11     0.170240E+11     0.170240E+11     0.103226E+11     0.480400E+10     0.551236E+10     0.508600E+10     0.135815E+11     0.106780E+11     0.105640E+11     0.994175E+10     0.817000E+10     0.810845E+10     0.736966E+10     0.715000E+10     0.753085E+10     0.829374E+10     0.823200E+10     0.738186E+10     0.727900E+10     0.718700E+10     0.763322E+10     0.654900E+10     0.110667E+11     0.195700E+11     0.180920E+11     0.189465E+11     0.184518E+11     0.137580E+11     0.592000E+10     0.585008E+10     0.582200E+10     0.577400E+10     0.574126E+10     0.598900E+10     0.595842E+10     0.528200E+10     0.543400E+10     0.569124E+10     0.579600E+10     0.542719E+10     0.523166E+10     0.535000E+10     0.532311E+10     0.422369E+10     0.277500E+10     0.218959E+10     0.270000E+10     0.312800E+10     0.311466E+10     0.308300E+10     0.257347E+10     0.240800E+10     0.247956E+10     0.259000E+10     0.257000E+10     0.247058E+10     0.249800E+10     0.263860E+10     0.288600E+10     0.286500E+10     0.285082E+10     0.259000E+10     0.267926E+10     0.222521E+10     0.216400E+10     0.215330E+10     0.239984E+10     0.225600E+10     0.229027E+10     0.227900E+10     0.250600E+10     0.223339E+10     0.181400E+10     0.197036E+10     0.195900E+10     0.194200E+10     0.193340E+10     0.227900E+10     0.226587E+10     0.224100E+10     0.207052E+10     0.206000E+10     0.204200E+10     0.196005E+10     0.190300E+10     0.213729E+10     0.226000E+10     0.224100E+10     0.205500E+10     0.192400E+10     0.191483E+10     0.205299E+10     0.229700E+10     0.228691E+10     0.204449E+10     0.190500E+10     0.181400E+10     0.181400E+10     0.181400E+10     0.181400E+10     0.181400E+10     0.181400E+10     0.181400E+10     0.181400E+10     0.181400E+10     0.181400E+10     0.181400E+10     0.181400E+10     0.181400E+10     0.181400E+10     0.181400E+10     0.181400E+10     0.181400E+10     0.181400E+10     0.181400E+10     0.100000E+21
 0.132000E+04     0.170240E+11     0.170240E+11     0.170240E+11     0.170240E+11     0.170240E+11     0.170240E+11     0.170240E+11     0.170240E+11     0.170240E+11     0.170240E+11     0.170240E+11     0.170240E+11     0.101603E+11     0.480400E+10     0.499799E+10     0.508600E+10     0.136937E+11     0.106780E+11     0.105640E+11     0.989938E+10     0.817000E+10     0.810435E+10     0.737489E+10     0.715000E+10     0.754730E+10     0.829937E+10     0.823200E+10     0.738682E+10     0.727900E+10     0.718700E+10     0.769844E+10     0.654900E+10     0.104509E+11     0.195700E+11     0.180920E+11     0.189753E+11     0.191190E+11     0.159158E+11     0.134347E+11     0.585089E+10     0.582200E+10     0.577400E+10     0.573876E+10     0.598900E+10     0.595677E+10     0.528200E+10     0.543400E+10     0.570497E+10     0.579600E+10     0.539555E+10     0.522714E+10     0.535000E+10     0.532235E+10     0.432965E+10     0.277500E+10     0.215725E+10     0.270000E+10     0.312800E+10     0.311408E+10     0.308300E+10     0.258695E+10     0.240800E+10     0.247740E+10     0.259000E+10     0.257000E+10     0.246249E+10     0.249800E+10     0.262781E+10     0.288600E+10     0.286500E+10     0.284992E+10     0.259000E+10     0.268579E+10     0.222696E+10     0.216400E+10     0.215289E+10     0.241218E+10     0.225600E+10     0.219678E+10     0.227900E+10     0.235361E+10     0.238377E+10     0.226992E+10     0.197122E+10     0.195900E+10     0.194200E+10     0.193316E+10     0.227900E+10     0.226478E+10     0.224100E+10     0.207088E+10     0.206000E+10     0.204200E+10     0.195412E+10     0.190300E+10     0.215139E+10     0.226000E+10     0.224100E+10     0.204602E+10     0.192400E+10     0.191399E+10     0.204245E+10     0.229700E+10     0.228667E+10     0.214041E+10     0.190500E+10     0.181400E+10     0.181400E+10     0.181400E+10     0.181400E+10     0.181400E+10     0.181400E+10     0.181400E+10     0.181400E+10     0.181400E+10     0.181400E+10     0.181400E+10     0.181400E+10     0.181400E+10     0.181400E+10     0.181400E+10     0.181400E+10     0.181400E+10     0.181400E+10     0.181400E+10     0.100000E+21
 0.134000E+04     0.170240E+11     0.170240E+11     0.170240E+11     0.170240E+11     0.170240E+11     0.170240E+11     0.170240E+11     0.170240E+11     0.170240E+11     0.170240E+11     0.170240E+11     0.170240E+11     0.988964E+10     0.480400E+10     0.480400E+10     0.508600E+10     0.138728E+11     0.106780E+11     0.105640E+11     0.983191E+10     0.817000E+10     0.809809E+10     0.738363E+10     0.715000E+10     0.757327E+10     0.830930E+10     0.823200E+10     0.739458E+10     0.727900E+10     0.718700E+10     0.722577E+10     0.654900E+10     0.944630E+10     0.195700E+11     0.180920E+11     0.190220E+11     0.191190E+11     0.172022E+11     0.168570E+11     0.585223E+10     0.582200E+10     0.577400E+10     0.573456E+10     0.598900E+10     0.595421E+10     0.528200E+10     0.543400E+10     0.572630E+10     0.579600E+10     0.534267E+10     0.521991E+10     0.535000E+10     0.532108E+10     0.449419E+10     0.277500E+10     0.210654E+10     0.270000E+10     0.312800E+10     0.311316E+10     0.308300E+10     0.261134E+10     0.240800E+10     0.247376E+10     0.259000E+10     0.257000E+10     0.260635E+10     0.249800E+10     0.261079E+10     0.288600E+10     0.286500E+10     0.284852E+10     0.259000E+10     0.269593E+10     0.222983E+10     0.216400E+10     0.215223E+10     0.243280E+10     0.225600E+10     0.214601E+10     0.227900E+10     0.226000E+10     0.248049E+10     0.246700E+10     0.197268E+10     0.195900E+10     0.194200E+10     0.193275E+10     0.227900E+10     0.226273E+10     0.224100E+10     0.207145E+10     0.206000E+10     0.204200E+10     0.194444E+10     0.190300E+10     0.217291E+10     0.226000E+10     0.224100E+10     0.203199E+10     0.192400E+10     0.191252E+10     0.202581E+10     0.229700E+10     0.228627E+10     0.216288E+10     0.190500E+10     0.181400E+10     0.181400E+10     0.181400E+10     0.181400E+10     0.181400E+10     0.181400E+10     0.181400E+10     0.181400E+10     0.181400E+10     0.181400E+10     0.181400E+10     0.181400E+10     0.181400E+10     0.181400E+10     0.181400E+10     0.181400E+10     0.181400E+10     0.181400E+10     0.181400E+10     0.100000E+21
 0.136000E+04     0.170240E+11     0.170240E+11     0.170240E+11     0.170240E+11     0.170240E+11     0.170240E+11     0.170240E+11     0.170240E+11     0.170240E+11     0.170240E+11     0.170240E+11     0.170240E+11     0.997492E+10     0.480400E+10     0.480400E+10     0.508600E+10     0.138303E+11     0.106780E+11     0.105640E+11     0.983268E+10     0.817000E+10     0.809808E+10     0.738086E+10     0.715000E+10     0.756789E+10     0.831130E+10     0.823200E+10     0.739325E+10     0.727900E+10     0.718700E+10     0.693907E+10     0.654900E+10     0.941849E+10     0.195700E+11     0.180920E+11     0.190096E+11     0.191190E+11     0.172091E+11     0.168570E+11     0.585184E+10     0.582200E+10     0.577400E+10     0.573429E+10     0.667400E+10     0.615764E+10     0.528200E+10     0.543400E+10     0.572347E+10     0.579600E+10     0.533426E+10     0.522164E+10     0.535000E+10     0.532145E+10     0.450392E+10     0.277500E+10     0.274103E+10     0.270000E+10     0.312800E+10     0.311335E+10     0.308300E+10     0.261443E+10     0.240800E+10     0.247498E+10     0.259000E+10     0.257000E+10     0.265410E+10     0.249800E+10     0.261426E+10     0.288600E+10     0.286500E+10     0.284859E+10     0.259000E+10     0.269653E+10     0.222899E+10     0.216400E+10     0.215239E+10     0.224753E+10     0.225600E+10     0.214729E+10     0.227900E+10     0.226000E+10     0.248037E+10     0.246700E+10     0.197278E+10     0.195900E+10     0.194200E+10     0.193287E+10     0.227900E+10     0.226240E+10     0.224100E+10     0.207130E+10     0.206000E+10     0.204200E+10     0.194417E+10     0.190300E+10     0.217162E+10     0.226000E+10     0.224100E+10     0.203439E+10     0.192400E+10     0.191222E+10     0.230962E+10     0.229700E+10     0.228640E+10     0.216291E+10     0.190500E+10     0.181400E+10     0.181400E+10     0.181400E+10     0.181400E+10     0.181400E+10     0.181400E+10     0.181400E+10     0.181400E+10     0.181400E+10     0.181400E+10     0.181400E+10     0.181400E+10     0.181400E+10     0.181400E+10     0.181400E+10     0.181400E+10     0.181400E+10     0.181400E+10     0.181400E+10     0.100000E+21
 0.138000E+04     0.170240E+11     0.170240E+11     0.170240E+11     0.170240E+11     0.170240E+11     0.170240E+11     0.170240E+11     0.170240E+11     0.170240E+11     0.170240E+11     0.170240E+11     0.170240E+11     0.991523E+10     0.480400E+10     0.480400E+10     0.508600E+10     0.138451E+11     0.106780E+11     0.105640E+11     0.985693E+10     0.817000E+10     0.810037E+10     0.738281E+10     0.715000E+10     0.756858E+10     0.830349E+10     0.823200E+10     0.739293E+10     0.727900E+10     0.718700E+10     0.718016E+10     0.742392E+10     0.986261E+10     0.195700E+11     0.180920E+11     0.190159E+11     0.191190E+11     0.171779E+11     0.168570E+11     0.585208E+10     0.582200E+10     0.577400E+10     0.573648E+10     0.667400E+10     0.616264E+10     0.528200E+10     0.543400E+10     0.572103E+10     0.579600E+10     0.537096E+10     0.522101E+10     0.535000E+10     0.532122E+10     0.442474E+10     0.277500E+10     0.274006E+10     0.270000E+10     0.312800E+10     0.311333E+10     0.308300E+10     0.262276E+10     0.252459E+10     0.247406E+10     0.259000E+10     0.257000E+10     0.264762E+10     0.244840E+10     0.261390E+10     0.288600E+10     0.286500E+10     0.284898E+10     0.259000E+10     0.269165E+10     0.222952E+10     0.216400E+10     0.215233E+10     0.224821E+10     0.225600E+10     0.214841E+10     0.227900E+10     0.226000E+10     0.248024E+10     0.246700E+10     0.197202E+10     0.195900E+10     0.194200E+10     0.205008E+10     0.227900E+10     0.226387E+10     0.224100E+10     0.207138E+10     0.206000E+10     0.204200E+10     0.194845E+10     0.190300E+10     0.216629E+10     0.226000E+10     0.224100E+10     0.203497E+10     0.192400E+10     0.191338E+10     0.230964E+10     0.229700E+10     0.228631E+10     0.215470E+10     0.190500E+10     0.181400E+10     0.181400E+10     0.181400E+10     0.181400E+10     0.181400E+10     0.181400E+10     0.181400E+10     0.181400E+10     0.181400E+10     0.181400E+10     0.181400E+10     0.181400E+10     0.181400E+10     0.181400E+10     0.181400E+10     0.181400E+10     0.181400E+10     0.181400E+10     0.181400E+10     0.100000E+21
 0.140000E+04     0.170240E+11     0.170240E+11     0.170240E+11     0.170240E+11     0.170240E+11     0.170240E+11     0.170240E+11     0.170240E+11     0.170240E+11     0.170240E+11     0.170240E+11     0.170240E+11     0.103160E+11     0.480400E+10     0.480400E+10     0.508600E+10     0.135860E+11     0.106780E+11     0.105640E+11     0.994020E+10     0.817000E+10     0.810830E+10     0.736987E+10     0.715000E+10     0.753149E+10     0.829393E+10     0.823200E+10     0.738205E+10     0.727900E+10     0.718700E+10     0.750691E+10     0.819200E+10     0.110445E+11     0.195700E+11     0.180920E+11     0.189476E+11     0.191190E+11     0.171363E+11     0.168570E+11     0.585011E+10     0.582200E+10     0.577400E+10     0.574117E+10     0.667400E+10     0.621498E+10     0.528200E+10     0.543400E+10     0.569177E+10     0.579600E+10     0.542610E+10     0.518446E+10     0.524134E+10     0.527364E+10     0.422750E+10     0.277500E+10     0.273553E+10     0.270000E+10     0.312800E+10     0.311464E+10     0.308300E+10     0.264466E+10     0.263100E+10     0.247947E+10     0.259000E+10     0.257000E+10     0.263761E+10     0.240400E+10     0.255810E+10     0.268720E+10     0.286500E+10     0.285079E+10     0.269334E+10     0.272130E+10     0.222528E+10     0.216400E+10     0.215328E+10     0.225679E+10     0.235154E+10     0.216172E+10     0.227900E+10     0.226000E+10     0.247888E+10     0.246700E+10     0.197039E+10     0.195900E+10     0.194200E+10     0.214567E+10     0.227900E+10     0.226583E+10     0.224100E+10     0.207053E+10     0.206000E+10     0.204200E+10     0.195984E+10     0.190300E+10     0.213782E+10     0.226000E+10     0.224100E+10     0.205465E+10     0.192400E+10     0.191480E+10     0.230852E+10     0.229700E+10     0.228690E+10     0.212625E+10     0.190500E+10     0.181400E+10     0.181400E+10     0.181400E+10     0.181400E+10     0.181400E+10     0.181400E+10     0.181400E+10     0.181400E+10     0.181400E+10     0.181400E+10     0.181400E+10     0.181400E+10     0.181400E+10     0.181400E+10     0.181400E+10     0.181400E+10     0.181400E+10     0.181400E+10     0.181400E+10     0.100000E+21
 0.142000E+04     0.170240E+11     0.170240E+11     0.170240E+11     0.170240E+11     0.170240E+11     0.170240E+11     0.170240E+11     0.170240E+11     0.170240E+11     0.170240E+11     0.170240E+11     0.170240E+11     0.102811E+11     0.480400E+10     0.525728E+10     0.113770E+11     0.136096E+11     0.106780E+11     0.105640E+11     0.993179E+10     0.817000E+10     0.810748E+10     0.737100E+10     0.715000E+10     0.753493E+10     0.829498E+10     0.823200E+10     0.742839E+10     0.727900E+10     0.718700E+10     0.749860E+10     0.819200E+10     0.109236E+11     0.195700E+11     0.180920E+11     0.189538E+11     0.191190E+11     0.171407E+11     0.168570E+11     0.585029E+10     0.582200E+10     0.577400E+10     0.574069E+10     0.607336E+10     0.601246E+10     0.528200E+10     0.543400E+10     0.569459E+10     0.579600E+10     0.563550E+10     0.513302E+10     0.510600E+10     0.521952E+10     0.424825E+10     0.277500E+10     0.273598E+10     0.270000E+10     0.312800E+10     0.311452E+10     0.308300E+10     0.264487E+10     0.263100E+10     0.247901E+10     0.259000E+10     0.257000E+10     0.263866E+10     0.240400E+10     0.247065E+10     0.245900E+10     0.286500E+10     0.285061E+10     0.282200E+10     0.276652E+10     0.222566E+10     0.216400E+10     0.215319E+10     0.225573E+10     0.247000E+10     0.216044E+10     0.227900E+10     0.226000E+10     0.247901E+10     0.246700E+10     0.216994E+10     0.195900E+10     0.194200E+10     0.214693E+10     0.227900E+10     0.226562E+10     0.224100E+10     0.207061E+10     0.206000E+10     0.204200E+10     0.195867E+10     0.190300E+10     0.214067E+10     0.226000E+10     0.224100E+10     0.205279E+10     0.192400E+10     0.191465E+10     0.230863E+10     0.229700E+10     0.228685E+10     0.212918E+10     0.190500E+10     0.181400E+10     0.181400E+10     0.181400E+10     0.181400E+10     0.181400E+10     0.181400E+10     0.181400E+10     0.181400E+10     0.181400E+10     0.181400E+10     0.181400E+10     0.181400E+10     0.181400E+10     0.181400E+10     0.181400E+10     0.181400E+10     0.181400E+10     0.181400E+10     0.181400E+10     0.100000E+21
 0.144000E+04     0.170240E+11     0.170240E+11     0.170240E+11     0.170240E+11     0.170240E+11     0.170240E+11     0.170240E+11     0.170240E+11     0.170240E+11     0.170240E+11     0.170240E+11     0.170240E+11     0.991414E+10     0.480400E+10     0.562193E+10     0.155530E+11     0.138462E+11     0.106780E+11     0.105640E+11     0.985608E+10     0.817000E+10     0.810029E+10     0.738285E+10     0.715000E+10     0.756876E+10     0.830367E+10     0.823200E+10     0.747559E+10     0.727900E+10     0.718700E+10     0.742314E+10     0.819200E+10     0.984886E+10     0.195700E+11     0.180920E+11     0.190162E+11     0.191190E+11     0.171785E+11     0.168570E+11     0.585209E+10     0.582200E+10     0.577400E+10     0.573642E+10     0.567700E+10     0.586035E+10     0.528200E+10     0.543400E+10     0.572122E+10     0.579600E+10     0.576193E+10     0.513518E+10     0.510600E+10     0.522665E+10     0.448346E+10     0.277500E+10     0.274010E+10     0.270000E+10     0.312800E+10     0.311332E+10     0.308300E+10     0.264671E+10     0.263100E+10     0.247404E+10     0.259000E+10     0.257000E+10     0.259502E+10     0.240400E+10     0.247168E+10     0.245900E+10     0.286500E+10     0.284896E+10     0.282200E+10     0.275979E+10     0.224691E+10     0.221246E+10     0.216806E+10     0.222722E+10     0.247000E+10     0.214832E+10     0.227900E+10     0.226000E+10     0.248025E+10     0.246700E+10     0.233327E+10     0.195900E+10     0.194200E+10     0.215997E+10     0.227900E+10     0.226384E+10     0.224100E+10     0.207138E+10     0.206000E+10     0.204200E+10     0.194832E+10     0.190300E+10     0.216653E+10     0.226000E+10     0.224100E+10     0.203485E+10     0.192400E+10     0.191336E+10     0.230965E+10     0.229700E+10     0.228631E+10     0.215499E+10     0.190500E+10     0.181400E+10     0.181400E+10     0.181400E+10     0.181400E+10     0.181400E+10     0.181400E+10     0.181400E+10     0.181400E+10     0.181400E+10     0.181400E+10     0.181400E+10     0.181400E+10     0.181400E+10     0.181400E+10     0.181400E+10     0.181400E+10     0.181400E+10     0.181400E+10     0.181400E+10     0.100000E+21
 0.146000E+04     0.170240E+11     0.170240E+11     0.170240E+11     0.170240E+11     0.170240E+11     0.170240E+11     0.170240E+11     0.170240E+11     0.170240E+11     0.170240E+11     0.170240E+11     0.170240E+11     0.993843E+10     0.480400E+10     0.575969E+10     0.155530E+11     0.138584E+11     0.106780E+11     0.105640E+11     0.103827E+11     0.817000E+10     0.809652E+10     0.738204E+10     0.715000E+10     0.757219E+10     0.831590E+10     0.823200E+10     0.747841E+10     0.727900E+10     0.718700E+10     0.739447E+10     0.819200E+10     0.912840E+10     0.195700E+11     0.180920E+11     0.190165E+11     0.191190E+11     0.172393E+11     0.168570E+11     0.585202E+10     0.582200E+10     0.577400E+10     0.573290E+10     0.567700E+10     0.586469E+10     0.528200E+10     0.543400E+10     0.572757E+10     0.579600E+10     0.575743E+10     0.513528E+10     0.510600E+10     0.522639E+10     0.466076E+10     0.277500E+10     0.274184E+10     0.270000E+10     0.282075E+10     0.302147E+10     0.308300E+10     0.264894E+10     0.263100E+10     0.241318E+10     0.243730E+10     0.257000E+10     0.255206E+10     0.240400E+10     0.247179E+10     0.245900E+10     0.286500E+10     0.284826E+10     0.282200E+10     0.264796E+10     0.226361E+10     0.225200E+10     0.218303E+10     0.219521E+10     0.247000E+10     0.222989E+10     0.227900E+10     0.226000E+10     0.233874E+10     0.246700E+10     0.236834E+10     0.195900E+10     0.194200E+10     0.215952E+10     0.227900E+10     0.226098E+10     0.224100E+10     0.207138E+10     0.206000E+10     0.204200E+10     0.194137E+10     0.190300E+10     0.217636E+10     0.226000E+10     0.224100E+10     0.203190E+10     0.192400E+10     0.191154E+10     0.230975E+10     0.229700E+10     0.228635E+10     0.216850E+10     0.190500E+10     0.181400E+10     0.181400E+10     0.181400E+10     0.181400E+10     0.181400E+10     0.181400E+10     0.181400E+10     0.181400E+10     0.181400E+10     0.181400E+10     0.181400E+10     0.181400E+10     0.181400E+10     0.181400E+10     0.181400E+10     0.181400E+10     0.181400E+10     0.181400E+10     0.181400E+10     0.100000E+21
 0.148000E+04     0.170240E+11     0.170240E+11     0.170240E+11     0.170240E+11     0.170240E+11     0.170240E+11     0.170240E+11     0.170240E+11     0.170240E+11     0.170240E+11     0.170240E+11     0.170240E+11     0.990327E+10     0.480400E+10     0.564135E+10     0.155530E+11     0.138574E+11     0.106780E+11     0.105640E+11     0.104797E+11     0.817000E+10     0.809943E+10     0.738320E+10     0.715000E+10     0.757063E+10     0.830563E+10     0.823200E+10     0.747671E+10     0.727900E+10     0.718700E+10     0.702094E+10     0.819200E+10     0.969845E+10     0.195700E+11     0.180920E+11     0.178290E+11     0.191190E+11     0.171863E+11     0.168570E+11     0.585215E+10     0.582200E+10     0.577400E+10     0.573574E+10     0.667400E+10     0.615851E+10     0.528200E+10     0.543400E+10     0.572327E+10     0.579600E+10     0.576114E+10     0.513528E+10     0.510600E+10     0.522690E+10     0.455667E+10     0.277500E+10     0.274053E+10     0.270000E+10     0.268000E+10     0.296552E+10     0.308300E+10     0.297636E+10     0.263100E+10     0.238097E+10     0.237000E+10     0.257000E+10     0.255394E+10     0.240400E+10     0.247173E+10     0.245900E+10     0.286500E+10     0.284879E+10     0.282200E+10     0.264110E+10     0.226366E+10     0.225200E+10     0.218303E+10     0.215482E+10     0.222600E+10     0.218943E+10     0.207400E+10     0.226000E+10     0.230828E+10     0.246700E+10     0.234000E+10     0.195900E+10     0.194200E+10     0.216042E+10     0.227900E+10     0.226347E+10     0.224100E+10     0.207141E+10     0.206000E+10     0.204200E+10     0.194687E+10     0.190300E+10     0.216905E+10     0.226000E+10     0.224100E+10     0.203368E+10     0.192400E+10     0.191306E+10     0.230971E+10     0.229700E+10     0.228629E+10     0.215805E+10     0.190500E+10     0.181400E+10     0.181400E+10     0.181400E+10     0.181400E+10     0.181400E+10     0.181400E+10     0.181400E+10     0.181400E+10     0.181400E+10     0.181400E+10     0.181400E+10     0.181400E+10     0.181400E+10     0.181400E+10     0.181400E+10     0.181400E+10     0.181400E+10     0.181400E+10     0.181400E+10     0.100000E+21
 0.150000E+04     0.170240E+11     0.170240E+11     0.170240E+11     0.170240E+11     0.170240E+11     0.170240E+11     0.170240E+11     0.170240E+11     0.170240E+11     0.170240E+11     0.170240E+11     0.170240E+11     0.102277E+11     0.480400E+10     0.554400E+10     0.155530E+11     0.136463E+11     0.106780E+11     0.105640E+11     0.104881E+11     0.817000E+10     0.810616E+10     0.737272E+10     0.715000E+10     0.754031E+10     0.829676E+10     0.823200E+10     0.746127E+10     0.727900E+10     0.718700E+10     0.712584E+10     0.819200E+10     0.106726E+11     0.195700E+11     0.180920E+11     0.178447E+11     0.191190E+11     0.171480E+11     0.168570E+11     0.585055E+10     0.582200E+10     0.577400E+10     0.573989E+10     0.667400E+10     0.620188E+10     0.528200E+10     0.543400E+10     0.559622E+10     0.579600E+10     0.576513E+10     0.513335E+10     0.510600E+10     0.522057E+10     0.437569E+10     0.277500E+10     0.273670E+10     0.270000E+10     0.268000E+10     0.294479E+10     0.308300E+10     0.293676E+10     0.263100E+10     0.238056E+10     0.237000E+10     0.257000E+10     0.255578E+10     0.249096E+10     0.247081E+10     0.245900E+10     0.286500E+10     0.285032E+10     0.282200E+10     0.265948E+10     0.236033E+10     0.225200E+10     0.218757E+10     0.216296E+10     0.222600E+10     0.217976E+10     0.207400E+10     0.226000E+10     0.232163E+10     0.246700E+10     0.229871E+10     0.195900E+10     0.194200E+10     0.206738E+10     0.227900E+10     0.226528E+10     0.224100E+10     0.207073E+10     0.206000E+10     0.204200E+10     0.195677E+10     0.190300E+10     0.214522E+10     0.226000E+10     0.224100E+10     0.204986E+10     0.192400E+10     0.191438E+10     0.230879E+10     0.229700E+10     0.228677E+10     0.213391E+10     0.190500E+10     0.181400E+10     0.181400E+10     0.181400E+10     0.181400E+10     0.181400E+10     0.181400E+10     0.181400E+10     0.181400E+10     0.181400E+10     0.181400E+10     0.181400E+10     0.181400E+10     0.181400E+10     0.181400E+10     0.181400E+10     0.181400E+10     0.181400E+10     0.181400E+10     0.181400E+10     0.100000E+21
 0.152000E+04     0.170240E+11     0.170240E+11     0.170240E+11     0.170240E+11     0.170240E+11     0.170240E+11     0.170240E+11     0.170240E+11     0.170240E+11     0.170240E+11     0.170240E+11     0.170240E+11     0.103301E+11     0.480400E+10     0.551007E+10     0.102438E+11     0.135765E+11     0.106780E+11     0.105640E+11     0.104911E+11     0.817000E+10     0.810862E+10     0.736942E+10     0.715000E+10     0.753011E+10     0.829352E+10     0.823200E+10     0.745600E+10     0.727900E+10     0.718700E+10     0.716337E+10     0.819200E+10     0.109330E+11     0.195700E+11     0.180920E+11     0.178498E+11     0.191190E+11     0.171347E+11     0.168570E+11     0.585004E+10     0.582200E+10     0.577400E+10     0.574136E+10     0.667400E+10     0.621699E+10     0.528200E+10     0.533356E+10     0.536727E+10     0.579600E+10     0.576659E+10     0.513271E+10     0.510600E+10     0.521855E+10     0.430901E+10     0.277500E+10     0.273535E+10     0.270000E+10     0.268000E+10     0.293781E+10     0.308300E+10     0.292287E+10     0.263100E+10     0.238043E+10     0.237000E+10     0.257000E+10     0.255642E+10     0.265100E+10     0.247050E+10     0.245900E+10     0.286500E+10     0.285086E+10     0.282200E+10     0.266625E+10     0.251538E+10     0.225200E+10     0.218907E+10     0.216596E+10     0.222600E+10     0.224392E+10     0.207400E+10     0.226000E+10     0.232629E+10     0.246700E+10     0.228407E+10     0.195900E+10     0.194200E+10     0.193342E+10     0.227900E+10     0.226591E+10     0.224100E+10     0.207050E+10     0.206000E+10     0.204200E+10     0.196030E+10     0.190300E+10     0.213669E+10     0.226000E+10     0.224100E+10     0.205539E+10     0.192400E+10     0.191486E+10     0.230848E+10     0.229700E+10     0.228692E+10     0.212511E+10     0.190500E+10     0.181400E+10     0.181400E+10     0.181400E+10     0.181400E+10     0.181400E+10     0.181400E+10     0.181400E+10     0.181400E+10     0.181400E+10     0.181400E+10     0.181400E+10     0.181400E+10     0.181400E+10     0.181400E+10     0.181400E+10     0.181400E+10     0.181400E+10     0.181400E+10     0.181400E+10     0.100000E+21
 0.154000E+04     0.170240E+11     0.170240E+11     0.170240E+11     0.170240E+11     0.170240E+11     0.170240E+11     0.170240E+11     0.170240E+11     0.170240E+11     0.170240E+11     0.170240E+11     0.170240E+11     0.990588E+10     0.480400E+10     0.563615E+10     0.508600E+10     0.138546E+11     0.106780E+11     0.105640E+11     0.104800E+11     0.817000E+10     0.809965E+10     0.738311E+10     0.715000E+10     0.757017E+10     0.830511E+10     0.823200E+10     0.747643E+10     0.727900E+10     0.718700E+10     0.702374E+10     0.819200E+10     0.955309E+10     0.195700E+11     0.180920E+11     0.178291E+11     0.191190E+11     0.171842E+11     0.168570E+11     0.585213E+10     0.582200E+10     0.577400E+10     0.573592E+10     0.667400E+10     0.615945E+10     0.528200E+10     0.523600E+10     0.534209E+10     0.579600E+10     0.576134E+10     0.513525E+10     0.510600E+10     0.522684E+10     0.520286E+10     0.506700E+10     0.253052E+10     0.190800E+10     0.268000E+10     0.296520E+10     0.308300E+10     0.297435E+10     0.263100E+10     0.238097E+10     0.237000E+10     0.257000E+10     0.255403E+10     0.265100E+10     0.247172E+10     0.245900E+10     0.286500E+10     0.284883E+10     0.282200E+10     0.264181E+10     0.253477E+10     0.225200E+10     0.218309E+10     0.212300E+10     0.211000E+10     0.233887E+10     0.207400E+10     0.226000E+10     0.230857E+10     0.246700E+10     0.233824E+10     0.195900E+10     0.194200E+10     0.193278E+10     0.227900E+10     0.226357E+10     0.224100E+10     0.207140E+10     0.206000E+10     0.204200E+10     0.194724E+10     0.190300E+10     0.216842E+10     0.226000E+10     0.224100E+10     0.203397E+10     0.192400E+10     0.191314E+10     0.230969E+10     0.229700E+10     0.228630E+10     0.215727E+10     0.190500E+10     0.181400E+10     0.181400E+10     0.181400E+10     0.181400E+10     0.181400E+10     0.181400E+10     0.181400E+10     0.181400E+10     0.181400E+10     0.181400E+10     0.181400E+10     0.181400E+10     0.181400E+10     0.181400E+10     0.181400E+10     0.181400E+10     0.181400E+10     0.181400E+10     0.181400E+10     0.100000E+21
 0.156000E+04     0.170240E+11     0.170240E+11     0.170240E+11     0.170240E+11     0.170240E+11     0.170240E+11     0.170240E+11     0.170240E+11     0.170240E+11     0.170240E+11     0.170240E+11     0.170240E+11     0.100358E+11     0.480400E+10     0.563935E+10     0.508600E+10     0.137843E+11     0.106780E+11     0.105640E+11     0.104810E+11     0.817000E+10     0.810041E+10     0.737890E+10     0.715000E+10     0.756088E+10     0.830609E+10     0.823200E+10     0.747220E+10     0.727900E+10     0.718700E+10     0.704181E+10     0.819200E+10     0.964012E+10     0.195700E+11     0.180920E+11     0.178348E+11     0.191190E+11     0.171858E+11     0.168570E+11     0.585152E+10     0.582200E+10     0.577400E+10     0.573611E+10     0.589497E+10     0.598375E+10     0.528200E+10     0.523600E+10     0.533996E+10     0.579600E+10     0.576111E+10     0.513461E+10     0.510600E+10     0.522441E+10     0.520211E+10     0.506700E+10     0.252094E+10     0.190800E+10     0.268000E+10     0.295890E+10     0.308300E+10     0.297493E+10     0.263100E+10     0.238080E+10     0.237000E+10     0.257000E+10     0.255400E+10     0.265100E+10     0.247144E+10     0.245900E+10     0.286500E+10     0.284908E+10     0.282200E+10     0.264280E+10     0.252910E+10     0.225200E+10     0.218461E+10     0.212308E+10     0.211000E+10     0.236040E+10     0.218686E+10     0.226000E+10     0.231165E+10     0.246700E+10     0.233636E+10     0.195900E+10     0.194200E+10     0.193296E+10     0.227900E+10     0.226350E+10     0.224100E+10     0.207116E+10     0.206000E+10     0.204200E+10     0.194806E+10     0.190300E+10     0.216431E+10     0.226000E+10     0.224100E+10     0.203841E+10     0.192400E+10     0.191300E+10     0.230941E+10     0.229700E+10     0.228649E+10     0.215454E+10     0.190500E+10     0.181400E+10     0.181400E+10     0.181400E+10     0.181400E+10     0.181400E+10     0.181400E+10     0.181400E+10     0.181400E+10     0.181400E+10     0.181400E+10     0.181400E+10     0.181400E+10     0.181400E+10     0.181400E+10     0.181400E+10     0.181400E+10     0.181400E+10     0.181400E+10     0.181400E+10     0.100000E+21
 0.158000E+04     0.170240E+11     0.170240E+11     0.170240E+11     0.170240E+11     0.170240E+11     0.170240E+11     0.170240E+11     0.170240E+11     0.170240E+11     0.170240E+11     0.170240E+11     0.170240E+11     0.988422E+10     0.480400E+10     0.573722E+10     0.508600E+10     0.138828E+11     0.106780E+11     0.105640E+11     0.104763E+11     0.817000E+10     0.809687E+10     0.738380E+10     0.715000E+10     0.708782E+10     0.831378E+10     0.823200E+10     0.747953E+10     0.727900E+10     0.718700E+10     0.698948E+10     0.819200E+10     0.900058E+10     0.195700E+11     0.180920E+11     0.178275E+11     0.191190E+11     0.172278E+11     0.168570E+11     0.585227E+10     0.582200E+10     0.577400E+10     0.573330E+10     0.567700E+10     0.586532E+10     0.528200E+10     0.523600E+10     0.534428E+10     0.579600E+10     0.575818E+10     0.513551E+10     0.510600E+10     0.522736E+10     0.521001E+10     0.506700E+10     0.255193E+10     0.190800E+10     0.268000E+10     0.296864E+10     0.308300E+10     0.300987E+10     0.263100E+10     0.250885E+10     0.237000E+10     0.257000E+10     0.255238E+10     0.265100E+10     0.240886E+10     0.245900E+10     0.243900E+10     0.274614E+10     0.282200E+10     0.263233E+10     0.253600E+10     0.225200E+10     0.218249E+10     0.212418E+10     0.211000E+10     0.238536E+10     0.221900E+10     0.226000E+10     0.230518E+10     0.246700E+10     0.236439E+10     0.195900E+10     0.194200E+10     0.193273E+10     0.227900E+10     0.226152E+10     0.224100E+10     0.207147E+10     0.206000E+10     0.204200E+10     0.194201E+10     0.190300E+10     0.217620E+10     0.226000E+10     0.224100E+10     0.203072E+10     0.192400E+10     0.191185E+10     0.230984E+10     0.229700E+10     0.228626E+10     0.216724E+10     0.190500E+10     0.181400E+10     0.181400E+10     0.181400E+10     0.181400E+10     0.181400E+10     0.181400E+10     0.181400E+10     0.181400E+10     0.181400E+10     0.181400E+10     0.181400E+10     0.181400E+10     0.181400E+10     0.181400E+10     0.181400E+10     0.181400E+10     0.181400E+10     0.181400E+10     0.181400E+10     0.100000E+21
 0.160000E+04     0.170240E+11     0.170240E+11     0.170240E+11     0.170240E+11     0.170240E+11     0.170240E+11     0.170240E+11     0.170240E+11     0.170240E+11     0.170240E+11     0.170240E+11     0.170240E+11     0.100764E+11     0.480400E+10     0.560803E+10     0.508600E+10     0.137524E+11     0.106780E+11     0.105640E+11     0.104830E+11     0.817000E+10     0.810207E+10     0.737760E+10     0.715000E+10     0.709062E+10     0.830289E+10     0.823200E+10     0.746950E+10     0.727900E+10     0.718700E+10     0.706482E+10     0.819200E+10     0.991220E+10     0.195700E+11     0.180920E+11     0.178370E+11     0.191190E+11     0.171733E+11     0.168570E+11     0.585131E+10     0.582200E+10     0.577400E+10     0.573726E+10     0.567700E+10     0.585478E+10     0.528200E+10     0.523600E+10     0.533828E+10     0.579600E+10     0.576243E+10     0.513432E+10     0.510600E+10     0.522358E+10     0.519831E+10     0.506700E+10     0.250781E+10     0.190800E+10     0.268000E+10     0.295553E+10     0.308300E+10     0.296261E+10     0.263100E+10     0.250577E+10     0.237000E+10     0.257000E+10     0.255458E+10     0.265100E+10     0.241114E+10     0.245900E+10     0.243900E+10     0.272510E+10     0.282200E+10     0.264784E+10     0.252715E+10     0.225200E+10     0.218530E+10     0.212259E+10     0.211000E+10     0.237614E+10     0.221900E+10     0.226000E+10     0.231423E+10     0.246700E+10     0.232485E+10     0.195900E+10     0.194200E+10     0.193303E+10     0.227900E+10     0.226409E+10     0.224100E+10     0.207106E+10     0.206000E+10     0.204200E+10     0.195064E+10     0.190300E+10     0.215909E+10     0.226000E+10     0.224100E+10     0.204124E+10     0.192400E+10     0.191347E+10     0.230926E+10     0.229700E+10     0.228655E+10     0.214859E+10     0.190500E+10     0.181400E+10     0.181400E+10     0.181400E+10     0.181400E+10     0.181400E+10     0.181400E+10     0.181400E+10     0.181400E+10     0.181400E+10     0.181400E+10     0.181400E+10     0.181400E+10     0.181400E+10     0.181400E+10     0.181400E+10     0.181400E+10     0.181400E+10     0.181400E+10     0.181400E+10     0.100000E+21
 0.162000E+04     0.170240E+11     0.170240E+11     0.170240E+11     0.170240E+11     0.170240E+11     0.170240E+11     0.170240E+11     0.170240E+11     0.170240E+11     0.170240E+11     0.170240E+11     0.170240E+11     0.102939E+11     0.480400E+10     0.552135E+10     0.508600E+10     0.136009E+11     0.106780E+11     0.105640E+11     0.104901E+11     0.950200E+10     0.860272E+10     0.751568E+10     0.744913E+10     0.722537E+10     0.829459E+10     0.823200E+10     0.745783E+10     0.727900E+10     0.718700E+10     0.715054E+10     0.819200E+10     0.108075E+11     0.195700E+11     0.180920E+11     0.178480E+11     0.191190E+11     0.171391E+11     0.168570E+11     0.585022E+10     0.582200E+10     0.577400E+10     0.574087E+10     0.567700E+10     0.584262E+10     0.589100E+10     0.523600E+10     0.533136E+10     0.579600E+10     0.576611E+10     0.513294E+10     0.510600E+10     0.521926E+10     0.518615E+10     0.506700E+10     0.245950E+10     0.190800E+10     0.268000E+10     0.294024E+10     0.308300E+10     0.292750E+10     0.263100E+10     0.250232E+10     0.237000E+10     0.257000E+10     0.255621E+10     0.265100E+10     0.241379E+10     0.245900E+10     0.243900E+10     0.270206E+10     0.282200E+10     0.280883E+10     0.251705E+10     0.225200E+10     0.221069E+10     0.212121E+10     0.211000E+10     0.230264E+10     0.221900E+10     0.226000E+10     0.223433E+10     0.222300E+10     0.228898E+10     0.195900E+10     0.194200E+10     0.193336E+10     0.227900E+10     0.226570E+10     0.224100E+10     0.210668E+10     0.206000E+10     0.204200E+10     0.198752E+10     0.190300E+10     0.213961E+10     0.226000E+10     0.224100E+10     0.205348E+10     0.192400E+10     0.191471E+10     0.230859E+10     0.229700E+10     0.228687E+10     0.212809E+10     0.190500E+10     0.181400E+10     0.181400E+10     0.181400E+10     0.181400E+10     0.181400E+10     0.181400E+10     0.181400E+10     0.181400E+10     0.181400E+10     0.181400E+10     0.181400E+10     0.181400E+10     0.181400E+10     0.181400E+10     0.181400E+10     0.181400E+10     0.181400E+10     0.181400E+10     0.181400E+10     0.100000E+21
 0.164000E+04     0.170240E+11     0.170240E+11     0.170240E+11     0.170240E+11     0.170240E+11     0.170240E+11     0.170240E+11     0.170240E+11     0.170240E+11     0.170240E+11     0.170240E+11     0.170240E+11     0.988408E+10     0.480400E+10     0.572518E+10     0.508600E+10     0.138818E+11     0.106780E+11     0.105640E+11     0.104766E+11     0.950200E+10     0.844761E+10     0.767679E+10     0.787600E+10     0.732343E+10     0.831297E+10     0.823200E+10     0.747937E+10     0.727900E+10     0.718700E+10     0.699160E+10     0.819200E+10     0.904193E+10     0.195700E+11     0.180920E+11     0.178275E+11     0.191190E+11     0.172220E+11     0.168570E+11     0.585227E+10     0.582200E+10     0.577400E+10     0.573351E+10     0.567700E+10     0.639004E+10     0.589100E+10     0.523600E+10     0.534416E+10     0.579600E+10     0.575845E+10     0.513550E+10     0.510600E+10     0.522736E+10     0.520949E+10     0.506700E+10     0.274993E+10     0.273400E+10     0.268000E+10     0.296849E+10     0.308300E+10     0.305820E+10     0.303900E+10     0.250885E+10     0.237000E+10     0.235000E+10     0.252452E+10     0.253000E+10     0.240889E+10     0.245900E+10     0.243900E+10     0.274548E+10     0.282200E+10     0.280625E+10     0.260452E+10     0.269200E+10     0.239177E+10     0.212408E+10     0.211000E+10     0.221112E+10     0.221900E+10     0.205700E+10     0.223587E+10     0.222300E+10     0.236226E+10     0.195900E+10     0.194200E+10     0.193273E+10     0.227900E+10     0.226179E+10     0.224100E+10     0.216389E+10     0.206000E+10     0.204200E+10     0.202835E+10     0.190300E+10     0.217572E+10     0.226000E+10     0.224100E+10     0.203089E+10     0.192400E+10     0.191197E+10     0.230983E+10     0.229700E+10     0.228626E+10     0.216657E+10     0.190500E+10     0.181400E+10     0.181400E+10     0.181400E+10     0.181400E+10     0.181400E+10     0.181400E+10     0.181400E+10     0.181400E+10     0.181400E+10     0.181400E+10     0.181400E+10     0.181400E+10     0.181400E+10     0.181400E+10     0.181400E+10     0.181400E+10     0.181400E+10     0.181400E+10     0.181400E+10     0.100000E+21
 0.166000E+04     0.170240E+11     0.170240E+11     0.170240E+11     0.170240E+11     0.170240E+11     0.170240E+11     0.170240E+11     0.170240E+11     0.170240E+11     0.170240E+11     0.170240E+11     0.170240E+11     0.101820E+11     0.480400E+10     0.556164E+10     0.508600E+10     0.136783E+11     0.106780E+11     0.105640E+11     0.104866E+11     0.950200E+10     0.856182E+10     0.768498E+10     0.787600E+10     0.766462E+10     0.829848E+10     0.823200E+10     0.746374E+10     0.727900E+10     0.718700E+10     0.710771E+10     0.819200E+10     0.822731E+10     0.108239E+11     0.180920E+11     0.178424E+11     0.191190E+11     0.171549E+11     0.168570E+11     0.987069E+10     0.582200E+10     0.577400E+10     0.573915E+10     0.567700E+10     0.632802E+10     0.589100E+10     0.523600E+10     0.533484E+10     0.579600E+10     0.576436E+10     0.513364E+10     0.510600E+10     0.522148E+10     0.522065E+10     0.516642E+10     0.274827E+10     0.273400E+10     0.268000E+10     0.294802E+10     0.308300E+10     0.305501E+10     0.303900E+10     0.250410E+10     0.237000E+10     0.235000E+10     0.249555E+10     0.253000E+10     0.241244E+10     0.245900E+10     0.243900E+10     0.271344E+10     0.282200E+10     0.280817E+10     0.260876E+10     0.269200E+10     0.241066E+10     0.212186E+10     0.211000E+10     0.220137E+10     0.236373E+10     0.205700E+10     0.223475E+10     0.222300E+10     0.238086E+10     0.227443E+10     0.194200E+10     0.193319E+10     0.203148E+10     0.221276E+10     0.224100E+10     0.215805E+10     0.206000E+10     0.204200E+10     0.203007E+10     0.190300E+10     0.197229E+10     0.226000E+10     0.224100E+10     0.204728E+10     0.192400E+10     0.191413E+10     0.230893E+10     0.229700E+10     0.228671E+10     0.213824E+10     0.190500E+10     0.181400E+10     0.181400E+10     0.181400E+10     0.181400E+10     0.181400E+10     0.181400E+10     0.181400E+10     0.181400E+10     0.181400E+10     0.181400E+10     0.181400E+10     0.181400E+10     0.181400E+10     0.181400E+10     0.181400E+10     0.181400E+10     0.181400E+10     0.181400E+10     0.181400E+10     0.100000E+21
 0.168000E+04     0.170240E+11     0.170240E+11     0.170240E+11     0.170240E+11     0.170240E+11     0.170240E+11     0.170240E+11     0.170240E+11     0.170240E+11     0.170240E+11     0.170240E+11     0.170240E+11     0.993564E+10     0.480400E+10     0.571262E+10     0.508600E+10     0.138522E+11     0.106780E+11     0.105640E+11     0.104774E+11     0.950200E+10     0.845646E+10     0.738213E+10     0.715000E+10     0.757086E+10     0.831217E+10     0.823200E+10     0.747745E+10     0.727900E+10     0.718700E+10     0.700229E+10     0.819200E+10     0.649363E+10     0.661700E+10     0.191350E+11     0.182139E+11     0.191190E+11     0.172164E+11     0.168570E+11     0.123391E+11     0.582200E+10     0.577400E+10     0.573388E+10     0.567700E+10     0.638331E+10     0.589100E+10     0.523600E+10     0.534312E+10     0.579600E+10     0.575877E+10     0.513523E+10     0.510600E+10     0.522638E+10     0.524548E+10     0.521200E+10     0.274978E+10     0.273400E+10     0.268000E+10     0.266591E+10     0.308300E+10     0.305798E+10     0.303900E+10     0.250800E+10     0.237000E+10     0.235000E+10     0.252250E+10     0.253000E+10     0.257571E+10     0.245900E+10     0.243900E+10     0.274266E+10     0.282200E+10     0.280638E+10     0.260523E+10     0.269200E+10     0.239453E+10     0.212396E+10     0.211000E+10     0.219051E+10     0.243100E+10     0.205700E+10     0.223575E+10     0.222300E+10     0.244337E+10     0.242700E+10     0.194200E+10     0.193281E+10     0.191200E+10     0.222235E+10     0.224100E+10     0.216298E+10     0.206000E+10     0.204200E+10     0.202847E+10     0.190300E+10     0.189222E+10     0.226000E+10     0.224100E+10     0.203291E+10     0.192400E+10     0.191209E+10     0.230971E+10     0.229700E+10     0.228634E+10     0.216438E+10     0.190500E+10     0.181400E+10     0.181400E+10     0.181400E+10     0.181400E+10     0.181400E+10     0.181400E+10     0.181400E+10     0.181400E+10     0.181400E+10     0.181400E+10     0.181400E+10     0.181400E+10     0.181400E+10     0.181400E+10     0.181400E+10     0.181400E+10     0.181400E+10     0.181400E+10     0.181400E+10     0.100000E+21
 0.170000E+04     0.170240E+11     0.170240E+11     0.170240E+11     0.170240E+11     0.170240E+11     0.170240E+11     0.170240E+11     0.170240E+11     0.170240E+11     0.170240E+11     0.170240E+11     0.170240E+11     0.993564E+10     0.480400E+10     0.571262E+10     0.508600E+10     0.138522E+11     0.106780E+11     0.105640E+11     0.104774E+11     0.950200E+10     0.845646E+10     0.738213E+10     0.715000E+10     0.757086E+10     0.831217E+10     0.823200E+10     0.747745E+10     0.727900E+10     0.718700E+10     0.700229E+10     0.819200E+10     0.649363E+10     0.661700E+10     0.191350E+11     0.182139E+11     0.191190E+11     0.183540E+11     0.168570E+11     0.123391E+11     0.582200E+10     0.577400E+10     0.573388E+10     0.567700E+10     0.638331E+10     0.589100E+10     0.523600E+10     0.534312E+10     0.579600E+10     0.575877E+10     0.513523E+10     0.510600E+10     0.522638E+10     0.524548E+10     0.521200E+10     0.274978E+10     0.273400E+10     0.268000E+10     0.266591E+10     0.308300E+10     0.305798E+10     0.303900E+10     0.250800E+10     0.237000E+10     0.235000E+10     0.252250E+10     0.253000E+10     0.255844E+10     0.240251E+10     0.243900E+10     0.250073E+10     0.282200E+10     0.280638E+10     0.260523E+10     0.269200E+10     0.239453E+10     0.212396E+10     0.211000E+10     0.219051E+10     0.243100E+10     0.214506E+10     0.223575E+10     0.222300E+10     0.244337E+10     0.242700E+10     0.194200E+10     0.193281E+10     0.191200E+10     0.222235E+10     0.224100E+10     0.216298E+10     0.206000E+10     0.204200E+10     0.202847E+10     0.190300E+10     0.189222E+10     0.226000E+10     0.224100E+10     0.203291E+10     0.192400E+10     0.191209E+10     0.230971E+10     0.229700E+10     0.228634E+10     0.216438E+10     0.190500E+10     0.181400E+10     0.181400E+10     0.181400E+10     0.181400E+10     0.181400E+10     0.181400E+10     0.181400E+10     0.181400E+10     0.181400E+10     0.181400E+10     0.181400E+10     0.181400E+10     0.181400E+10     0.181400E+10     0.181400E+10     0.181400E+10     0.181400E+10     0.181400E+10     0.181400E+10     0.100000E+21
 0.172000E+04     0.170240E+11     0.170240E+11     0.170240E+11     0.170240E+11     0.170240E+11     0.170240E+11     0.170240E+11     0.170240E+11     0.170240E+11     0.170240E+11     0.170240E+11     0.170240E+11     0.101820E+11     0.480400E+10     0.556164E+10     0.508600E+10     0.136783E+11     0.106780E+11     0.105640E+11     0.104866E+11     0.950200E+10     0.856182E+10     0.737419E+10     0.715000E+10     0.754502E+10     0.829848E+10     0.823200E+10     0.746374E+10     0.727900E+10     0.718700E+10     0.693148E+10     0.781757E+10     0.650827E+10     0.661700E+10     0.191350E+11     0.182580E+11     0.191190E+11     0.182120E+11     0.168570E+11     0.120701E+11     0.582200E+10     0.577400E+10     0.573915E+10     0.567700E+10     0.617637E+10     0.589100E+10     0.523600E+10     0.533484E+10     0.579600E+10     0.576436E+10     0.513364E+10     0.510600E+10     0.522148E+10     0.524163E+10     0.521200E+10     0.274827E+10     0.273400E+10     0.237841E+10     0.254408E+10     0.308300E+10     0.305501E+10     0.303900E+10     0.254392E+10     0.245495E+10     0.235000E+10     0.249555E+10     0.253000E+10     0.253398E+10     0.236600E+10     0.243900E+10     0.242609E+10     0.282200E+10     0.280817E+10     0.262851E+10     0.264109E+10     0.238410E+10     0.213805E+10     0.211000E+10     0.217295E+10     0.235453E+10     0.220100E+10     0.223475E+10     0.222300E+10     0.239236E+10     0.242700E+10     0.194200E+10     0.193319E+10     0.191200E+10     0.216926E+10     0.224100E+10     0.215805E+10     0.206000E+10     0.204200E+10     0.203007E+10     0.190300E+10     0.189317E+10     0.226000E+10     0.224100E+10     0.204728E+10     0.192400E+10     0.191413E+10     0.230893E+10     0.229700E+10     0.228671E+10     0.213824E+10     0.190500E+10     0.181400E+10     0.181400E+10     0.181400E+10     0.181400E+10     0.181400E+10     0.181400E+10     0.181400E+10     0.181400E+10     0.181400E+10     0.181400E+10     0.181400E+10     0.181400E+10     0.181400E+10     0.181400E+10     0.181400E+10     0.181400E+10     0.181400E+10     0.181400E+10     0.181400E+10     0.100000E+21
 0.174000E+04     0.170240E+11     0.170240E+11     0.170240E+11     0.170240E+11     0.170240E+11     0.170240E+11     0.170240E+11     0.170240E+11     0.170240E+11     0.170240E+11     0.170240E+11     0.170240E+11     0.988408E+10     0.480400E+10     0.572518E+10     0.508600E+10     0.138818E+11     0.106780E+11     0.105640E+11     0.104766E+11     0.950200E+10     0.844761E+10     0.738380E+10     0.715000E+10     0.757490E+10     0.831297E+10     0.823200E+10     0.747937E+10     0.727900E+10     0.718700E+10     0.666528E+10     0.700400E+10     0.649251E+10     0.661700E+10     0.191350E+11     0.182057E+11     0.191190E+11     0.185172E+11     0.168570E+11     0.123922E+11     0.582200E+10     0.577400E+10     0.573351E+10     0.567700E+10     0.586509E+10     0.589100E+10     0.523600E+10     0.534416E+10     0.579600E+10     0.575845E+10     0.513550E+10     0.510600E+10     0.522736E+10     0.524575E+10     0.521200E+10     0.399248E+10     0.273400E+10     0.190800E+10     0.241658E+10     0.308300E+10     0.305820E+10     0.303900E+10     0.260157E+10     0.259000E+10     0.235000E+10     0.252452E+10     0.253000E+10     0.254681E+10     0.236600E+10     0.243900E+10     0.242459E+10     0.282200E+10     0.280625E+10     0.268401E+10     0.253000E+10     0.252031E+10     0.219214E+10     0.211000E+10     0.211980E+10     0.219000E+10     0.220100E+10     0.213668E+10     0.222300E+10     0.224272E+10     0.242700E+10     0.221140E+10     0.203093E+10     0.191200E+10     0.222720E+10     0.224100E+10     0.216389E+10     0.206000E+10     0.204200E+10     0.202835E+10     0.190300E+10     0.189212E+10     0.226000E+10     0.224100E+10     0.203089E+10     0.192400E+10     0.191197E+10     0.230983E+10     0.229700E+10     0.228626E+10     0.216657E+10     0.190500E+10     0.181400E+10     0.181400E+10     0.181400E+10     0.181400E+10     0.181400E+10     0.181400E+10     0.181400E+10     0.181400E+10     0.181400E+10     0.181400E+10     0.181400E+10     0.181400E+10     0.181400E+10     0.181400E+10     0.181400E+10     0.181400E+10     0.181400E+10     0.181400E+10     0.181400E+10     0.100000E+21
 0.176000E+04     0.170240E+11     0.170240E+11     0.170240E+11     0.170240E+11     0.170240E+11     0.170240E+11     0.170240E+11     0.170240E+11     0.170240E+11     0.170240E+11     0.170240E+11     0.170240E+11     0.102939E+11     0.480400E+10     0.508376E+10     0.508600E+10     0.136009E+11     0.106780E+11     0.105640E+11     0.104901E+11     0.950200E+10     0.860272E+10     0.737059E+10     0.715000E+10     0.753366E+10     0.829459E+10     0.823200E+10     0.745783E+10     0.727900E+10     0.718700E+10     0.671013E+10     0.700400E+10     0.651339E+10     0.661700E+10     0.191350E+11     0.182778E+11     0.180335E+11     0.181400E+11     0.168570E+11     0.119484E+11     0.582200E+10     0.577400E+10     0.574087E+10     0.567700E+10     0.584262E+10     0.589100E+10     0.523600E+10     0.533136E+10     0.579600E+10     0.576611E+10     0.513294E+10     0.510600E+10     0.521926E+10     0.524022E+10     0.521200E+10     0.422378E+10     0.273400E+10     0.190800E+10     0.236679E+10     0.308300E+10     0.305417E+10     0.303900E+10     0.272815E+10     0.259000E+10     0.235000E+10     0.248791E+10     0.253000E+10     0.258099E+10     0.250413E+10     0.243900E+10     0.242663E+10     0.282200E+10     0.280883E+10     0.267373E+10     0.253000E+10     0.261500E+10     0.217539E+10     0.211000E+10     0.212811E+10     0.219000E+10     0.220100E+10     0.210713E+10     0.222300E+10     0.227621E+10     0.242700E+10     0.240800E+10     0.213097E+10     0.191200E+10     0.200045E+10     0.224100E+10     0.215583E+10     0.206000E+10     0.204200E+10     0.203064E+10     0.190300E+10     0.189356E+10     0.226000E+10     0.224100E+10     0.205348E+10     0.192400E+10     0.191471E+10     0.230859E+10     0.229700E+10     0.228687E+10     0.212809E+10     0.190500E+10     0.181400E+10     0.181400E+10     0.181400E+10     0.181400E+10     0.181400E+10     0.181400E+10     0.181400E+10     0.181400E+10     0.181400E+10     0.181400E+10     0.181400E+10     0.181400E+10     0.181400E+10     0.181400E+10     0.181400E+10     0.181400E+10     0.181400E+10     0.181400E+10     0.181400E+10     0.100000E+21
 0.178000E+04     0.170240E+11     0.170240E+11     0.170240E+11     0.170240E+11     0.170240E+11     0.170240E+11     0.170240E+11     0.170240E+11     0.170240E+11     0.170240E+11     0.170240E+11     0.170240E+11     0.100764E+11     0.480400E+10     0.480400E+10     0.508600E+10     0.137524E+11     0.106780E+11     0.105640E+11     0.104830E+11     0.950200E+10     0.852008E+10     0.737760E+10     0.715000E+10     0.755597E+10     0.830289E+10     0.823200E+10     0.746950E+10     0.727900E+10     0.718700E+10     0.668594E+10     0.700400E+10     0.770597E+10     0.661700E+10     0.191350E+11     0.182391E+11     0.172680E+11     0.182955E+11     0.168570E+11     0.121853E+11     0.582200E+10     0.577400E+10     0.573726E+10     0.742100E+10     0.641989E+10     0.589100E+10     0.523600E+10     0.533828E+10     0.579600E+10     0.576243E+10     0.513432E+10     0.510600E+10     0.522358E+10     0.524310E+10     0.521200E+10     0.435427E+10     0.273400E+10     0.190800E+10     0.239373E+10     0.308300E+10     0.305597E+10     0.303900E+10     0.283156E+10     0.259000E+10     0.235000E+10     0.233535E+10     0.253000E+10     0.262664E+10     0.261500E+10     0.243900E+10     0.242554E+10     0.282200E+10     0.280749E+10     0.267922E+10     0.253000E+10     0.261936E+10     0.218343E+10     0.211000E+10     0.212362E+10     0.219000E+10     0.220100E+10     0.209862E+10     0.222300E+10     0.225982E+10     0.242700E+10     0.240800E+10     0.212025E+10     0.191200E+10     0.190023E+10     0.224100E+10     0.216016E+10     0.206000E+10     0.204200E+10     0.202947E+10     0.190300E+10     0.189278E+10     0.226000E+10     0.224100E+10     0.204124E+10     0.192400E+10     0.191347E+10     0.203689E+10     0.229700E+10     0.228655E+10     0.214859E+10     0.190500E+10     0.181400E+10     0.181400E+10     0.181400E+10     0.181400E+10     0.181400E+10     0.181400E+10     0.181400E+10     0.181400E+10     0.181400E+10     0.181400E+10     0.181400E+10     0.181400E+10     0.181400E+10     0.181400E+10     0.181400E+10     0.181400E+10     0.181400E+10     0.181400E+10     0.181400E+10     0.100000E+21
 0.180000E+04     0.170240E+11     0.170240E+11     0.170240E+11     0.170240E+11     0.170240E+11     0.170240E+11     0.170240E+11     0.170240E+11     0.170240E+11     0.170240E+11     0.170240E+11     0.170240E+11     0.988422E+10     0.480400E+10     0.480400E+10     0.508600E+10     0.138828E+11     0.106780E+11     0.105640E+11     0.104763E+11     0.950200E+10     0.844493E+10     0.738380E+10     0.715000E+10     0.757511E+10     0.831378E+10     0.823200E+10     0.747953E+10     0.727900E+10     0.718700E+10     0.666468E+10     0.700400E+10     0.780876E+10     0.661700E+10     0.191350E+11     0.182056E+11     0.172680E+11     0.185437E+11     0.168570E+11     0.123925E+11     0.582200E+10     0.577400E+10     0.573330E+10     0.742100E+10     0.636055E+10     0.589100E+10     0.523600E+10     0.534428E+10     0.579600E+10     0.575818E+10     0.513551E+10     0.510600E+10     0.522736E+10     0.524587E+10     0.521200E+10     0.447346E+10     0.273400E+10     0.190800E+10     0.241685E+10     0.308300E+10     0.305838E+10     0.303900E+10     0.283703E+10     0.259000E+10     0.235000E+10     0.233326E+10     0.253000E+10     0.257203E+10     0.261500E+10     0.243900E+10     0.242456E+10     0.282200E+10     0.280619E+10     0.268401E+10     0.253000E+10     0.262311E+10     0.219272E+10     0.211000E+10     0.211973E+10     0.219000E+10     0.232419E+10     0.209125E+10     0.222300E+10     0.224175E+10     0.242700E+10     0.225272E+10     0.205437E+10     0.191200E+10     0.189820E+10     0.224100E+10     0.216391E+10     0.206000E+10     0.204200E+10     0.202829E+10     0.190300E+10     0.189210E+10     0.226000E+10     0.224100E+10     0.203072E+10     0.192400E+10     0.191185E+10     0.202463E+10     0.229700E+10     0.228626E+10     0.216724E+10     0.190500E+10     0.181400E+10     0.181400E+10     0.181400E+10     0.181400E+10     0.181400E+10     0.181400E+10     0.181400E+10     0.181400E+10     0.181400E+10     0.181400E+10     0.181400E+10     0.181400E+10     0.181400E+10     0.181400E+10     0.181400E+10     0.181400E+10     0.181400E+10     0.181400E+10     0.181400E+10     0.100000E+21
 0.182000E+04     0.170240E+11     0.170240E+11     0.170240E+11     0.170240E+11     0.170240E+11     0.170240E+11     0.170240E+11     0.170240E+11     0.170240E+11     0.170240E+11     0.170240E+11     0.170240E+11     0.100358E+11     0.480400E+10     0.480400E+10     0.508600E+10     0.137843E+11     0.106780E+11     0.105640E+11     0.104810E+11     0.950200E+10     0.849610E+10     0.737890E+10     0.715000E+10     0.756088E+10     0.830609E+10     0.823200E+10     0.747220E+10     0.727900E+10     0.718700E+10     0.706724E+10     0.700400E+10     0.773665E+10     0.661700E+10     0.191350E+11     0.182313E+11     0.172680E+11     0.183525E+11     0.168570E+11     0.122312E+11     0.582200E+10     0.577400E+10     0.573611E+10     0.742100E+10     0.640299E+10     0.589100E+10     0.523600E+10     0.533996E+10     0.579600E+10     0.576111E+10     0.513461E+10     0.510600E+10     0.522441E+10     0.524400E+10     0.521200E+10     0.438973E+10     0.273400E+10     0.271300E+10     0.267765E+10     0.308300E+10     0.305660E+10     0.303900E+10     0.283267E+10     0.259000E+10     0.235000E+10     0.233480E+10     0.253000E+10     0.254626E+10     0.261500E+10     0.234700E+10     0.239983E+10     0.282200E+10     0.280707E+10     0.268027E+10     0.253000E+10     0.262027E+10     0.218633E+10     0.211000E+10     0.208639E+10     0.207400E+10     0.241200E+10     0.219482E+10     0.222300E+10     0.225456E+10     0.242700E+10     0.214100E+10     0.201206E+10     0.191200E+10     0.189976E+10     0.224100E+10     0.216103E+10     0.206000E+10     0.204200E+10     0.202912E+10     0.190300E+10     0.189258E+10     0.226000E+10     0.224100E+10     0.203841E+10     0.192400E+10     0.191300E+10     0.203375E+10     0.229700E+10     0.228649E+10     0.215454E+10     0.190500E+10     0.181400E+10     0.181400E+10     0.181400E+10     0.181400E+10     0.181400E+10     0.181400E+10     0.181400E+10     0.181400E+10     0.181400E+10     0.181400E+10     0.181400E+10     0.181400E+10     0.181400E+10     0.181400E+10     0.181400E+10     0.181400E+10     0.181400E+10     0.181400E+10     0.181400E+10     0.100000E+21
 0.184000E+04     0.170240E+11     0.170240E+11     0.170240E+11     0.170240E+11     0.170240E+11     0.170240E+11     0.170240E+11     0.170240E+11     0.170240E+11     0.170240E+11     0.170240E+11     0.170240E+11     0.990588E+10     0.480400E+10     0.480400E+10     0.508600E+10     0.138546E+11     0.106780E+11     0.105640E+11     0.104800E+11     0.950200E+10     0.848510E+10     0.738311E+10     0.715000E+10     0.757017E+10     0.830511E+10     0.823200E+10     0.747643E+10     0.727900E+10     0.718700E+10     0.706824E+10     0.700400E+10     0.774646E+10     0.661700E+10     0.191350E+11     0.182115E+11     0.172680E+11     0.183455E+11     0.168570E+11     0.123632E+11     0.582200E+10     0.577400E+10     0.573592E+10     0.742100E+10     0.638279E+10     0.589100E+10     0.523600E+10     0.534209E+10     0.579600E+10     0.576134E+10     0.513525E+10     0.510600E+10     0.514438E+10     0.524418E+10     0.521200E+10     0.441562E+10     0.273400E+10     0.271300E+10     0.267685E+10     0.308300E+10     0.305657E+10     0.303900E+10     0.283654E+10     0.259000E+10     0.235000E+10     0.233483E+10     0.253000E+10     0.254470E+10     0.261500E+10     0.234700E+10     0.240065E+10     0.255945E+10     0.274441E+10     0.268335E+10     0.253000E+10     0.262231E+10     0.218581E+10     0.211000E+10     0.208665E+10     0.207400E+10     0.241200E+10     0.219426E+10     0.222300E+10     0.225370E+10     0.242700E+10     0.214100E+10     0.207708E+10     0.191200E+10     0.189982E+10     0.224100E+10     0.216325E+10     0.206000E+10     0.204200E+10     0.202901E+10     0.190300E+10     0.189241E+10     0.226000E+10     0.224100E+10     0.203397E+10     0.192400E+10     0.191314E+10     0.202780E+10     0.229700E+10     0.228630E+10     0.215727E+10     0.190500E+10     0.181400E+10     0.181400E+10     0.181400E+10     0.181400E+10     0.181400E+10     0.181400E+10     0.181400E+10     0.181400E+10     0.181400E+10     0.181400E+10     0.181400E+10     0.181400E+10     0.181400E+10     0.181400E+10     0.181400E+10     0.181400E+10     0.181400E+10     0.181400E+10     0.181400E+10     0.100000E+21
 0.186000E+04     0.152016E+11     0.162574E+11     0.170240E+11     0.170240E+11     0.170240E+11     0.170240E+11     0.170240E+11     0.170240E+11     0.170240E+11     0.170240E+11     0.170240E+11     0.170240E+11     0.103301E+11     0.480400E+10     0.515059E+10     0.508600E+10     0.135765E+11     0.106780E+11     0.105640E+11     0.104911E+11     0.950200E+10     0.861476E+10     0.736942E+10     0.715000E+10     0.753011E+10     0.829352E+10     0.823200E+10     0.745600E+10     0.727900E+10     0.718700E+10     0.706056E+10     0.700400E+10     0.754995E+10     0.649824E+10     0.191350E+11     0.182842E+11     0.172680E+11     0.181199E+11     0.168570E+11     0.119093E+11     0.582200E+10     0.577400E+10     0.574136E+10     0.742100E+10     0.649888E+10     0.589100E+10     0.523600E+10     0.533029E+10     0.579600E+10     0.576659E+10     0.513271E+10     0.510600E+10     0.508029E+10     0.523981E+10     0.521200E+10     0.420458E+10     0.273400E+10     0.271300E+10     0.268032E+10     0.286422E+10     0.305393E+10     0.303900E+10     0.282440E+10     0.259000E+10     0.235000E+10     0.233710E+10     0.253000E+10     0.255145E+10     0.261500E+10     0.234700E+10     0.239392E+10     0.240000E+10     0.264784E+10     0.272158E+10     0.264284E+10     0.266053E+10     0.217433E+10     0.211000E+10     0.208524E+10     0.207400E+10     0.241200E+10     0.219747E+10     0.222300E+10     0.227845E+10     0.242700E+10     0.214100E+10     0.213184E+10     0.191200E+10     0.190167E+10     0.224100E+10     0.215512E+10     0.206000E+10     0.204200E+10     0.203080E+10     0.190300E+10     0.189368E+10     0.226000E+10     0.224100E+10     0.205539E+10     0.192400E+10     0.191486E+10     0.205346E+10     0.229700E+10     0.228692E+10     0.212511E+10     0.190500E+10     0.181400E+10     0.181400E+10     0.181400E+10     0.181400E+10     0.181400E+10     0.181400E+10     0.181400E+10     0.181400E+10     0.181400E+10     0.181400E+10     0.181400E+10     0.181400E+10     0.181400E+10     0.181400E+10     0.181400E+10     0.181400E+10     0.181400E+10     0.181400E+10     0.181400E+10     0.100000E+21
 0.188000E+04     0.117563E+11     0.149729E+11     0.170240E+11     0.170240E+11     0.170240E+11     0.170240E+11     0.170240E+11     0.170240E+11     0.170240E+11     0.170240E+11     0.170240E+11     0.170240E+11     0.102277E+11     0.480400E+10     0.554400E+10     0.508600E+10     0.136463E+11     0.106780E+11     0.105640E+11     0.104881E+11     0.950200E+10     0.857928E+10     0.737272E+10     0.715000E+10     0.754031E+10     0.829676E+10     0.823200E+10     0.746127E+10     0.727900E+10     0.718700E+10     0.706262E+10     0.700400E+10     0.755747E+10     0.637600E+10     0.191350E+11     0.182662E+11     0.172680E+11     0.181804E+11     0.168570E+11     0.120202E+11     0.582200E+10     0.577400E+10     0.573989E+10     0.742100E+10     0.646840E+10     0.589100E+10     0.523600E+10     0.533338E+10     0.579600E+10     0.576513E+10     0.513335E+10     0.510600E+10     0.507983E+10     0.524102E+10     0.521200E+10     0.432467E+10     0.273400E+10     0.271300E+10     0.267943E+10     0.263900E+10     0.305464E+10     0.303900E+10     0.282730E+10     0.259000E+10     0.235000E+10     0.233649E+10     0.253000E+10     0.254973E+10     0.261500E+10     0.234700E+10     0.239572E+10     0.240000E+10     0.265861E+10     0.277121E+10     0.275900E+10     0.264375E+10     0.219522E+10     0.216642E+10     0.208561E+10     0.207400E+10     0.241200E+10     0.219663E+10     0.222300E+10     0.227176E+10     0.242700E+10     0.214100E+10     0.213168E+10     0.191200E+10     0.190117E+10     0.224100E+10     0.219002E+10     0.214515E+10     0.204200E+10     0.203032E+10     0.190300E+10     0.189334E+10     0.226000E+10     0.224100E+10     0.204986E+10     0.192400E+10     0.191438E+10     0.204693E+10     0.229700E+10     0.228677E+10     0.213391E+10     0.190500E+10     0.181400E+10     0.181400E+10     0.181400E+10     0.181400E+10     0.181400E+10     0.181400E+10     0.181400E+10     0.181400E+10     0.181400E+10     0.181400E+10     0.181400E+10     0.181400E+10     0.181400E+10     0.181400E+10     0.181400E+10     0.181400E+10     0.181400E+10     0.181400E+10     0.181400E+10     0.100000E+21
 0.190000E+04     0.109130E+11     0.147769E+11     0.170240E+11     0.170240E+11     0.170240E+11     0.170240E+11     0.170240E+11     0.170240E+11     0.170240E+11     0.170240E+11     0.170240E+11     0.170240E+11     0.990327E+10     0.480400E+10     0.564135E+10     0.508600E+10     0.138574E+11     0.106780E+11     0.105640E+11     0.104797E+11     0.950200E+10     0.848196E+10     0.738320E+10     0.715000E+10     0.757063E+10     0.830563E+10     0.823200E+10     0.747671E+10     0.727900E+10     0.718700E+10     0.706839E+10     0.700400E+10     0.769482E+10     0.637600E+10     0.191350E+11     0.182109E+11     0.172680E+11     0.183550E+11     0.168570E+11     0.123665E+11     0.582200E+10     0.577400E+10     0.573574E+10     0.742100E+10     0.638089E+10     0.589100E+10     0.523600E+10     0.534228E+10     0.579600E+10     0.576114E+10     0.513528E+10     0.510600E+10     0.507838E+10     0.524430E+10     0.521200E+10     0.483129E+10     0.409207E+10     0.271300E+10     0.267681E+10     0.263900E+10     0.305667E+10     0.303900E+10     0.283661E+10     0.259000E+10     0.235000E+10     0.233474E+10     0.253000E+10     0.252315E+10     0.254765E+10     0.234700E+10     0.240080E+10     0.240000E+10     0.268785E+10     0.277189E+10     0.275900E+10     0.259699E+10     0.241673E+10     0.219700E+10     0.208667E+10     0.207400E+10     0.241200E+10     0.216297E+10     0.209701E+10     0.225290E+10     0.242700E+10     0.214100E+10     0.213116E+10     0.191200E+10     0.189974E+10     0.224100E+10     0.221604E+10     0.220400E+10     0.204200E+10     0.202896E+10     0.190300E+10     0.189239E+10     0.226000E+10     0.224100E+10     0.203368E+10     0.192400E+10     0.191306E+10     0.202750E+10     0.229700E+10     0.228629E+10     0.215805E+10     0.190500E+10     0.181400E+10     0.181400E+10     0.181400E+10     0.181400E+10     0.181400E+10     0.181400E+10     0.181400E+10     0.181400E+10     0.181400E+10     0.181400E+10     0.181400E+10     0.181400E+10     0.181400E+10     0.181400E+10     0.181400E+10     0.181400E+10     0.181400E+10     0.181400E+10     0.181400E+10     0.100000E+21
 0.192000E+04     0.811800E+10     0.137348E+11     0.170240E+11     0.170240E+11     0.170240E+11     0.170240E+11     0.170240E+11     0.170240E+11     0.170240E+11     0.170240E+11     0.170240E+11     0.508600E+10     0.508600E+10     0.480400E+10     0.575969E+10     0.508600E+10     0.138584E+11     0.106780E+11     0.105640E+11     0.104760E+11     0.950200E+10     0.843983E+10     0.763716E+10     0.715000E+10     0.757219E+10     0.831590E+10     0.823200E+10     0.747841E+10     0.727900E+10     0.718700E+10     0.707016E+10     0.700400E+10     0.777097E+10     0.637600E+10     0.191350E+11     0.182131E+11     0.172680E+11     0.185956E+11     0.168570E+11     0.123398E+11     0.582200E+10     0.577400E+10     0.573290E+10     0.742100E+10     0.742100E+10     0.589100E+10     0.523600E+10     0.534386E+10     0.579600E+10     0.575743E+10     0.513528E+10     0.510600E+10     0.507850E+10     0.524619E+10     0.521200E+10     0.512077E+10     0.497700E+10     0.190800E+10     0.241340E+10     0.263900E+10     0.305873E+10     0.303900E+10     0.283536E+10     0.259000E+10     0.235000E+10     0.233296E+10     0.253000E+10     0.250346E+10     0.249000E+10     0.234700E+10     0.240253E+10     0.240000E+10     0.270467E+10     0.277183E+10     0.275900E+10     0.259698E+10     0.221146E+10     0.219700E+10     0.208686E+10     0.207400E+10     0.241200E+10     0.213590E+10     0.202100E+10     0.223994E+10     0.242700E+10     0.214100E+10     0.213120E+10     0.191200E+10     0.189777E+10     0.224100E+10     0.221601E+10     0.220400E+10     0.204200E+10     0.202820E+10     0.190300E+10     0.189209E+10     0.226000E+10     0.224100E+10     0.203190E+10     0.192400E+10     0.191154E+10     0.202650E+10     0.229700E+10     0.228635E+10     0.216850E+10     0.190500E+10     0.181400E+10     0.181400E+10     0.181400E+10     0.181400E+10     0.181400E+10     0.181400E+10     0.181400E+10     0.181400E+10     0.181400E+10     0.181400E+10     0.181400E+10     0.181400E+10     0.181400E+10     0.181400E+10     0.181400E+10     0.181400E+10     0.181400E+10     0.181400E+10     0.181400E+10     0.100000E+21
 0.194000E+04     0.811800E+10     0.137342E+11     0.170240E+11     0.170240E+11     0.170240E+11     0.170240E+11     0.170240E+11     0.170240E+11     0.170240E+11     0.170240E+11     0.170240E+11     0.508600E+10     0.508600E+10     0.480400E+10     0.562193E+10     0.508600E+10     0.138462E+11     0.106780E+11     0.105640E+11     0.104808E+11     0.950200E+10     0.849431E+10     0.763886E+10     0.715000E+10     0.756876E+10     0.830367E+10     0.823200E+10     0.747559E+10     0.727900E+10     0.718700E+10     0.706778E+10     0.700400E+10     0.767472E+10     0.637600E+10     0.191350E+11     0.182134E+11     0.172680E+11     0.183195E+11     0.168570E+11     0.123530E+11     0.582200E+10     0.577400E+10     0.573642E+10     0.742100E+10     0.742100E+10     0.589100E+10     0.551178E+10     0.543147E+10     0.579600E+10     0.576193E+10     0.513518E+10     0.510600E+10     0.507844E+10     0.524381E+10     0.521200E+10     0.511480E+10     0.497700E+10     0.190800E+10     0.217448E+10     0.263900E+10     0.305628E+10     0.303900E+10     0.283633E+10     0.259000E+10     0.245258E+10     0.235842E+10     0.253000E+10     0.250334E+10     0.249000E+10     0.234700E+10     0.240022E+10     0.240000E+10     0.268348E+10     0.277186E+10     0.275900E+10     0.259755E+10     0.220978E+10     0.219700E+10     0.208658E+10     0.207400E+10     0.241200E+10     0.213324E+10     0.202100E+10     0.225597E+10     0.242700E+10     0.214100E+10     0.213118E+10     0.191200E+10     0.190003E+10     0.224100E+10     0.221601E+10     0.220400E+10     0.204200E+10     0.202916E+10     0.190300E+10     0.189249E+10     0.226000E+10     0.224100E+10     0.203485E+10     0.192400E+10     0.191336E+10     0.202870E+10     0.229700E+10     0.228631E+10     0.215499E+10     0.190500E+10     0.181400E+10     0.181400E+10     0.181400E+10     0.181400E+10     0.181400E+10     0.181400E+10     0.181400E+10     0.181400E+10     0.181400E+10     0.181400E+10     0.181400E+10     0.181400E+10     0.181400E+10     0.181400E+10     0.181400E+10     0.181400E+10     0.181400E+10     0.181400E+10     0.181400E+10     0.100000E+21
 0.196000E+04     0.811800E+10     0.133586E+11     0.170240E+11     0.170240E+11     0.170240E+11     0.170240E+11     0.170240E+11     0.170240E+11     0.170240E+11     0.170240E+11     0.170240E+11     0.508600E+10     0.508600E+10     0.480400E+10     0.552550E+10     0.508600E+10     0.136096E+11     0.106780E+11     0.105640E+11     0.104897E+11     0.950200E+10     0.859834E+10     0.761398E+10     0.715000E+10     0.753493E+10     0.829498E+10     0.823200E+10     0.745849E+10     0.727900E+10     0.718700E+10     0.706152E+10     0.700400E+10     0.753113E+10     0.637600E+10     0.191350E+11     0.182756E+11     0.172680E+11     0.181474E+11     0.168570E+11     0.119623E+11     0.582200E+10     0.577400E+10     0.574069E+10     0.742100E+10     0.742100E+10     0.589100E+10     0.584200E+10     0.550418E+10     0.579600E+10     0.576593E+10     0.513302E+10     0.510600E+10     0.508007E+10     0.524037E+10     0.521200E+10     0.510064E+10     0.497700E+10     0.190800E+10     0.190800E+10     0.263900E+10     0.305426E+10     0.303900E+10     0.282579E+10     0.259000E+10     0.257000E+10     0.240426E+10     0.253000E+10     0.250226E+10     0.249000E+10     0.234700E+10     0.239475E+10     0.240000E+10     0.265279E+10     0.277110E+10     0.275900E+10     0.260951E+10     0.220828E+10     0.219700E+10     0.208541E+10     0.207400E+10     0.241200E+10     0.212280E+10     0.202100E+10     0.227539E+10     0.242700E+10     0.214100E+10     0.213176E+10     0.191200E+10     0.190144E+10     0.224100E+10     0.221520E+10     0.220400E+10     0.204200E+10     0.203058E+10     0.190300E+10     0.189352E+10     0.226000E+10     0.224100E+10     0.205279E+10     0.192400E+10     0.191465E+10     0.215451E+10     0.229700E+10     0.228685E+10     0.212918E+10     0.190500E+10     0.181400E+10     0.181400E+10     0.181400E+10     0.181400E+10     0.181400E+10     0.181400E+10     0.181400E+10     0.181400E+10     0.181400E+10     0.181400E+10     0.181400E+10     0.181400E+10     0.181400E+10     0.181400E+10     0.181400E+10     0.181400E+10     0.181400E+10     0.181400E+10     0.181400E+10     0.100000E+21
 0.198000E+04     0.117306E+11     0.147429E+11     0.170240E+11     0.170240E+11     0.170240E+11     0.170240E+11     0.170240E+11     0.170240E+11     0.170240E+11     0.170240E+11     0.170240E+11     0.508600E+10     0.508600E+10     0.480400E+10     0.551438E+10     0.508600E+10     0.135860E+11     0.106780E+11     0.105640E+11     0.104907E+11     0.950200E+10     0.861013E+10     0.748019E+10     0.715000E+10     0.753149E+10     0.829393E+10     0.823200E+10     0.745671E+10     0.727900E+10     0.718700E+10     0.706083E+10     0.700400E+10     0.751498E+10     0.637600E+10     0.123988E+11     0.158700E+11     0.172680E+11     0.181276E+11     0.168570E+11     0.119246E+11     0.582200E+10     0.577400E+10     0.574117E+10     0.645331E+10     0.708069E+10     0.589100E+10     0.584200E+10     0.543308E+10     0.554358E+10     0.567438E+10     0.513280E+10     0.510600E+10     0.508023E+10     0.515567E+10     0.521200E+10     0.509909E+10     0.497700E+10     0.233822E+10     0.207308E+10     0.263900E+10     0.305402E+10     0.303900E+10     0.282480E+10     0.259000E+10     0.257000E+10     0.240679E+10     0.240910E+10     0.250215E+10     0.249000E+10     0.234700E+10     0.239416E+10     0.240000E+10     0.264923E+10     0.277103E+10     0.275900E+10     0.261070E+10     0.220810E+10     0.219700E+10     0.208529E+10     0.207400E+10     0.241200E+10     0.212168E+10     0.202100E+10     0.223651E+10     0.229349E+10     0.228377E+10     0.219165E+10     0.191200E+10     0.190160E+10     0.224100E+10     0.221512E+10     0.220400E+10     0.204200E+10     0.203074E+10     0.190300E+10     0.189363E+10     0.226000E+10     0.224100E+10     0.205465E+10     0.192400E+10     0.191480E+10     0.230852E+10     0.229700E+10     0.228690E+10     0.212625E+10     0.190500E+10     0.181400E+10     0.181400E+10     0.181400E+10     0.181400E+10     0.181400E+10     0.181400E+10     0.181400E+10     0.181400E+10     0.181400E+10     0.181400E+10     0.181400E+10     0.181400E+10     0.181400E+10     0.181400E+10     0.181400E+10     0.181400E+10     0.181400E+10     0.181400E+10     0.181400E+10     0.100000E+21
 0.200000E+04     0.142235E+11     0.159798E+11     0.170240E+11     0.170240E+11     0.170240E+11     0.170240E+11     0.170240E+11     0.170240E+11     0.170240E+11     0.170240E+11     0.170240E+11     0.508600E+10     0.508600E+10     0.480400E+10     0.562024E+10     0.508600E+10     0.138451E+11     0.106780E+11     0.105640E+11     0.104809E+11     0.950200E+10     0.849546E+10     0.738281E+10     0.715000E+10     0.756858E+10     0.830349E+10     0.823200E+10     0.747548E+10     0.727900E+10     0.718700E+10     0.698586E+10     0.674595E+10     0.767288E+10     0.637600E+10     0.653100E+10     0.142250E+11     0.172680E+11     0.183164E+11     0.168570E+11     0.123517E+11     0.582200E+10     0.577400E+10     0.573648E+10     0.567700E+10     0.689200E+10     0.589100E+10     0.584200E+10     0.538667E+10     0.534000E+10     0.562903E+10     0.513517E+10     0.510600E+10     0.507845E+10     0.507364E+10     0.521200E+10     0.513405E+10     0.504511E+10     0.380078E+10     0.254190E+10     0.263900E+10     0.305625E+10     0.303900E+10     0.283631E+10     0.259000E+10     0.257000E+10     0.246101E+10     0.231200E+10     0.250334E+10     0.249000E+10     0.234700E+10     0.240017E+10     0.240000E+10     0.268307E+10     0.277186E+10     0.275900E+10     0.259760E+10     0.220975E+10     0.219700E+10     0.208657E+10     0.207400E+10     0.241200E+10     0.213316E+10     0.202100E+10     0.219978E+10     0.218600E+10     0.240800E+10     0.223428E+10     0.191200E+10     0.190006E+10     0.224100E+10     0.221601E+10     0.220400E+10     0.204200E+10     0.202917E+10     0.190300E+10     0.189250E+10     0.226000E+10     0.224100E+10     0.203497E+10     0.192400E+10     0.191338E+10     0.230964E+10     0.229700E+10     0.228631E+10     0.215470E+10     0.190500E+10     0.181400E+10     0.181400E+10     0.181400E+10     0.181400E+10     0.181400E+10     0.181400E+10     0.181400E+10     0.181400E+10     0.181400E+10     0.181400E+10     0.181400E+10     0.181400E+10     0.181400E+10     0.181400E+10     0.181400E+10     0.181400E+10     0.181400E+10     0.181400E+10     0.181400E+10     0.100000E+21
 0.202000E+04     0.137510E+11     0.142860E+11     0.170240E+11     0.170240E+11     0.170240E+11     0.170240E+11     0.170240E+11     0.170240E+11     0.170240E+11     0.170240E+11     0.170240E+11     0.508600E+10     0.496649E+10     0.480400E+10     0.569613E+10     0.508600E+10     0.138303E+11     0.106780E+11     0.105640E+11     0.104781E+11     0.950200E+10     0.846236E+10     0.738086E+10     0.715000E+10     0.756789E+10     0.831130E+10     0.823200E+10     0.747603E+10     0.727900E+10     0.718700E+10     0.659005E+10     0.645200E+10     0.773222E+10     0.637600E+10     0.653100E+10     0.141722E+11     0.172680E+11     0.184586E+11     0.168570E+11     0.122990E+11     0.582200E+10     0.577400E+10     0.573429E+10     0.567700E+10     0.690389E+10     0.589100E+10     0.584200E+10     0.538279E+10     0.534000E+10     0.565398E+10     0.513503E+10     0.510600E+10     0.507867E+10     0.506700E+10     0.521200E+10     0.515457E+10     0.512100E+10     0.493300E+10     0.331749E+10     0.263900E+10     0.305769E+10     0.303900E+10     0.283436E+10     0.259000E+10     0.257000E+10     0.255301E+10     0.231200E+10     0.250332E+10     0.249000E+10     0.234700E+10     0.240146E+10     0.240000E+10     0.269666E+10     0.277175E+10     0.275900E+10     0.259839E+10     0.250180E+10     0.219700E+10     0.208668E+10     0.207400E+10     0.241200E+10     0.213426E+10     0.202100E+10     0.220059E+10     0.218600E+10     0.240800E+10     0.223568E+10     0.191200E+10     0.189889E+10     0.224100E+10     0.221592E+10     0.220400E+10     0.204200E+10     0.202859E+10     0.190300E+10     0.189228E+10     0.226000E+10     0.224100E+10     0.209975E+10     0.192400E+10     0.191222E+10     0.230962E+10     0.229700E+10     0.228640E+10     0.216291E+10     0.190500E+10     0.181400E+10     0.181400E+10     0.181400E+10     0.181400E+10     0.181400E+10     0.181400E+10     0.181400E+10     0.181400E+10     0.181400E+10     0.181400E+10     0.181400E+10     0.181400E+10     0.181400E+10     0.181400E+10     0.181400E+10     0.181400E+10     0.181400E+10     0.181400E+10     0.181400E+10     0.100000E+21
 0.204000E+04     0.116070E+11     0.129674E+11     0.170240E+11     0.170240E+11     0.170240E+11     0.170240E+11     0.170240E+11     0.170240E+11     0.170240E+11     0.170240E+11     0.170240E+11     0.508600E+10     0.491747E+10     0.480400E+10     0.567994E+10     0.508600E+10     0.138728E+11     0.106780E+11     0.105640E+11     0.104780E+11     0.950200E+10     0.846251E+10     0.738363E+10     0.715000E+10     0.757327E+10     0.830930E+10     0.823200E+10     0.747832E+10     0.727900E+10     0.718700E+10     0.651302E+10     0.645200E+10     0.772850E+10     0.637600E+10     0.653100E+10     0.142760E+11     0.172680E+11     0.184270E+11     0.168570E+11     0.123839E+11     0.582200E+10     0.577400E+10     0.573456E+10     0.567700E+10     0.691509E+10     0.589100E+10     0.584200E+10     0.537830E+10     0.534000E+10     0.564826E+10     0.549367E+10     0.510600E+10     0.507831E+10     0.506781E+10     0.521200E+10     0.515472E+10     0.512100E+10     0.493300E+10     0.342137E+10     0.263900E+10     0.268671E+10     0.303900E+10     0.283694E+10     0.259000E+10     0.257000E+10     0.255326E+10     0.231200E+10     0.250349E+10     0.249000E+10     0.234700E+10     0.240170E+10     0.240000E+10     0.269499E+10     0.277192E+10     0.275900E+10     0.259622E+10     0.254002E+10     0.219700E+10     0.208680E+10     0.207400E+10     0.241200E+10     0.203378E+10     0.202100E+10     0.220049E+10     0.218600E+10     0.240800E+10     0.223342E+10     0.191200E+10     0.189915E+10     0.224100E+10     0.221609E+10     0.220400E+10     0.204200E+10     0.202862E+10     0.190300E+10     0.189223E+10     0.226000E+10     0.207800E+10     0.206693E+10     0.192400E+10     0.191252E+10     0.230979E+10     0.229700E+10     0.228627E+10     0.216288E+10     0.190500E+10     0.181400E+10     0.181400E+10     0.181400E+10     0.181400E+10     0.181400E+10     0.181400E+10     0.181400E+10     0.181400E+10     0.181400E+10     0.181400E+10     0.181400E+10     0.181400E+10     0.181400E+10     0.181400E+10     0.181400E+10     0.181400E+10     0.181400E+10     0.181400E+10     0.181400E+10     0.100000E+21
 0.206000E+04     0.116070E+11     0.124649E+11     0.170240E+11     0.170240E+11     0.170240E+11     0.170240E+11     0.170240E+11     0.170240E+11     0.170240E+11     0.170240E+11     0.170240E+11     0.508600E+10     0.492386E+10     0.480400E+10     0.557082E+10     0.508600E+10     0.136937E+11     0.106780E+11     0.105640E+11     0.104859E+11     0.950200E+10     0.855306E+10     0.737489E+10     0.715000E+10     0.754730E+10     0.829937E+10     0.823200E+10     0.746494E+10     0.727900E+10     0.718700E+10     0.650815E+10     0.645200E+10     0.759429E+10     0.637600E+10     0.653100E+10     0.138871E+11     0.172680E+11     0.182285E+11     0.168570E+11     0.120939E+11     0.582200E+10     0.577400E+10     0.573876E+10     0.567700E+10     0.682418E+10     0.589100E+10     0.584200E+10     0.541214E+10     0.534000E+10     0.561231E+10     0.547212E+10     0.510600E+10     0.507952E+10     0.508161E+10     0.521200E+10     0.515184E+10     0.512100E+10     0.493300E+10     0.351483E+10     0.263900E+10     0.272898E+10     0.303900E+10     0.282920E+10     0.259000E+10     0.257000E+10     0.255527E+10     0.231200E+10     0.252209E+10     0.253788E+10     0.234700E+10     0.239703E+10     0.240000E+10     0.266676E+10     0.277136E+10     0.275900E+10     0.260527E+10     0.250001E+10     0.219700E+10     0.208587E+10     0.207400E+10     0.241200E+10     0.203284E+10     0.202100E+10     0.219894E+10     0.218600E+10     0.240800E+10     0.224113E+10     0.191200E+10     0.190078E+10     0.224100E+10     0.221548E+10     0.220400E+10     0.204200E+10     0.202995E+10     0.190300E+10     0.189309E+10     0.226000E+10     0.207800E+10     0.206767E+10     0.192400E+10     0.191399E+10     0.230900E+10     0.229700E+10     0.228667E+10     0.214041E+10     0.190500E+10     0.181400E+10     0.181400E+10     0.181400E+10     0.181400E+10     0.181400E+10     0.181400E+10     0.181400E+10     0.181400E+10     0.181400E+10     0.181400E+10     0.181400E+10     0.181400E+10     0.181400E+10     0.181400E+10     0.181400E+10     0.181400E+10     0.181400E+10     0.181400E+10     0.181400E+10     0.100000E+21
 0.208000E+04     0.110484E+11     0.110341E+11     0.170240E+11     0.170240E+11     0.170240E+11     0.170240E+11     0.170240E+11     0.170240E+11     0.170240E+11     0.170240E+11     0.170240E+11     0.508600E+10     0.492770E+10     0.480400E+10     0.528093E+10     0.508600E+10     0.135815E+11     0.106780E+11     0.105640E+11     0.104909E+11     0.950200E+10     0.861230E+10     0.736966E+10     0.715000E+10     0.753085E+10     0.829374E+10     0.823200E+10     0.745638E+10     0.727900E+10     0.718700E+10     0.650496E+10     0.645200E+10     0.751201E+10     0.637600E+10     0.653100E+10     0.136469E+11     0.172680E+11     0.181239E+11     0.168570E+11     0.119174E+11     0.582200E+10     0.577400E+10     0.574126E+10     0.567700E+10     0.625296E+10     0.589100E+10     0.584200E+10     0.543392E+10     0.534000E+10     0.559079E+10     0.545864E+10     0.510600E+10     0.508026E+10     0.504649E+10     0.510161E+10     0.515000E+10     0.512100E+10     0.493300E+10     0.357413E+10     0.263900E+10     0.275232E+10     0.303900E+10     0.282461E+10     0.259000E+10     0.257000E+10     0.255638E+10     0.231200E+10     0.255133E+10     0.261500E+10     0.234700E+10     0.239404E+10     0.240000E+10     0.264858E+10     0.277101E+10     0.275900E+10     0.261093E+10     0.247607E+10     0.219700E+10     0.208527E+10     0.207400E+10     0.241200E+10     0.203223E+10     0.202100E+10     0.223704E+10     0.229694E+10     0.240800E+10     0.224583E+10     0.191200E+10     0.190163E+10     0.224100E+10     0.221510E+10     0.220400E+10     0.204200E+10     0.203077E+10     0.190300E+10     0.189365E+10     0.226000E+10     0.207800E+10     0.206815E+10     0.192400E+10     0.191483E+10     0.230850E+10     0.229700E+10     0.228691E+10     0.212571E+10     0.190500E+10     0.181400E+10     0.181400E+10     0.181400E+10     0.181400E+10     0.181400E+10     0.181400E+10     0.181400E+10     0.181400E+10     0.181400E+10     0.181400E+10     0.181400E+10     0.181400E+10     0.181400E+10     0.181400E+10     0.181400E+10     0.181400E+10     0.181400E+10     0.181400E+10     0.181400E+10     0.100000E+21
 0.210000E+04     0.103930E+11     0.103930E+11     0.170240E+11     0.170240E+11     0.170240E+11     0.170240E+11     0.170240E+11     0.170240E+11     0.170240E+11     0.170240E+11     0.170240E+11     0.508600E+10     0.491753E+10     0.480400E+10     0.504088E+10     0.508600E+10     0.138700E+11     0.106780E+11     0.105640E+11     0.104783E+11     0.817000E+10     0.809836E+10     0.738355E+10     0.715000E+10     0.757277E+10     0.830847E+10     0.823200E+10     0.747801E+10     0.727900E+10     0.718700E+10     0.651284E+10     0.645200E+10     0.772138E+10     0.637600E+10     0.653100E+10     0.142709E+11     0.172680E+11     0.184099E+11     0.168570E+11     0.123808E+11     0.582200E+10     0.577400E+10     0.573482E+10     0.567700E+10     0.564300E+10     0.667400E+10     0.584200E+10     0.537924E+10     0.534000E+10     0.564566E+10     0.549332E+10     0.510600E+10     0.507833E+10     0.500421E+10     0.497200E+10     0.515461E+10     0.512100E+10     0.493300E+10     0.490336E+10     0.190800E+10     0.268995E+10     0.303900E+10     0.283688E+10     0.259000E+10     0.257000E+10     0.255342E+10     0.231200E+10     0.254426E+10     0.261500E+10     0.234700E+10     0.240152E+10     0.240000E+10     0.269351E+10     0.277191E+10     0.275900E+10     0.259636E+10     0.253712E+10     0.219700E+10     0.208678E+10     0.207400E+10     0.241200E+10     0.209265E+10     0.222300E+10     0.224869E+10     0.242700E+10     0.240800E+10     0.223350E+10     0.191200E+10     0.189929E+10     0.224100E+10     0.221608E+10     0.220400E+10     0.204200E+10     0.202869E+10     0.190300E+10     0.189226E+10     0.226000E+10     0.207800E+10     0.206694E+10     0.192400E+10     0.191264E+10     0.230977E+10     0.229700E+10     0.228628E+10     0.216189E+10     0.190500E+10     0.181400E+10     0.181400E+10     0.181400E+10     0.181400E+10     0.181400E+10     0.181400E+10     0.181400E+10     0.181400E+10     0.181400E+10     0.181400E+10     0.181400E+10     0.181400E+10     0.181400E+10     0.181400E+10     0.181400E+10     0.181400E+10     0.181400E+10     0.181400E+10     0.181400E+10     0.100000E+21
 0.212000E+04     0.103930E+11     0.103930E+11     0.170240E+11     0.170240E+11     0.170240E+11     0.170240E+11     0.170240E+11     0.170240E+11     0.170240E+11     0.170240E+11     0.170240E+11     0.508600E+10     0.492265E+10     0.480400E+10     0.502015E+10     0.508600E+10     0.137306E+11     0.106780E+11     0.105640E+11     0.104840E+11     0.817000E+10     0.810283E+10     0.737655E+10     0.715000E+10     0.755279E+10     0.830176E+10     0.823200E+10     0.746785E+10     0.727900E+10     0.718700E+10     0.650929E+10     0.645200E+10     0.762582E+10     0.637600E+10     0.653100E+10     0.139649E+11     0.172680E+11     0.184508E+11     0.178644E+11     0.121504E+11     0.582200E+10     0.577400E+10     0.573778E+10     0.567700E+10     0.564486E+10     0.597856E+10     0.584200E+10     0.540458E+10     0.534000E+10     0.562111E+10     0.547655E+10     0.510600E+10     0.507929E+10     0.500203E+10     0.497200E+10     0.515251E+10     0.512100E+10     0.502356E+10     0.493487E+10     0.190800E+10     0.271943E+10     0.303900E+10     0.283063E+10     0.259000E+10     0.257000E+10     0.255482E+10     0.231200E+10     0.254762E+10     0.261500E+10     0.234700E+10     0.239811E+10     0.240000E+10     0.267372E+10     0.277147E+10     0.275900E+10     0.260341E+10     0.250981E+10     0.219700E+10     0.208608E+10     0.207400E+10     0.241200E+10     0.209981E+10     0.222300E+10     0.226218E+10     0.242700E+10     0.240800E+10     0.223963E+10     0.191200E+10     0.190042E+10     0.224100E+10     0.221560E+10     0.220400E+10     0.204200E+10     0.202964E+10     0.190300E+10     0.189289E+10     0.226000E+10     0.207800E+10     0.206751E+10     0.192400E+10     0.191364E+10     0.230917E+10     0.229700E+10     0.228660E+10     0.214585E+10     0.190500E+10     0.181400E+10     0.181400E+10     0.181400E+10     0.181400E+10     0.181400E+10     0.181400E+10     0.181400E+10     0.181400E+10     0.181400E+10     0.181400E+10     0.181400E+10     0.181400E+10     0.181400E+10     0.181400E+10     0.181400E+10     0.181400E+10     0.181400E+10     0.181400E+10     0.181400E+10     0.100000E+21
 0.214000E+04     0.105410E+11     0.104471E+11     0.170240E+11     0.170240E+11     0.170240E+11     0.170240E+11     0.170240E+11     0.170240E+11     0.170240E+11     0.170240E+11     0.170240E+11     0.508600E+10     0.491766E+10     0.480400E+10     0.506761E+10     0.508600E+10     0.138776E+11     0.106780E+11     0.105640E+11     0.981464E+10     0.817000E+10     0.809660E+10     0.738336E+10     0.715000E+10     0.757458E+10     0.831554E+10     0.823200E+10     0.747939E+10     0.727900E+10     0.718700E+10     0.651387E+10     0.645200E+10     0.777145E+10     0.637600E+10     0.653100E+10     0.142778E+11     0.172680E+11     0.186773E+11     0.182670E+11     0.163091E+11     0.160680E+11     0.577400E+10     0.573289E+10     0.567700E+10     0.564262E+10     0.558100E+10     0.584200E+10     0.537439E+10     0.534000E+10     0.566603E+10     0.549420E+10     0.510600E+10     0.507833E+10     0.500532E+10     0.497200E+10     0.515530E+10     0.512100E+10     0.507600E+10     0.494945E+10     0.267200E+10     0.266005E+10     0.303900E+10     0.283661E+10     0.259000E+10     0.257000E+10     0.255200E+10     0.231200E+10     0.254394E+10     0.261500E+10     0.234700E+10     0.240264E+10     0.240000E+10     0.270368E+10     0.277191E+10     0.275900E+10     0.259600E+10     0.255979E+10     0.219700E+10     0.208691E+10     0.207400E+10     0.241200E+10     0.209121E+10     0.222300E+10     0.220110E+10     0.218600E+10     0.240800E+10     0.223353E+10     0.191200E+10     0.189745E+10     0.224100E+10     0.216371E+10     0.206000E+10     0.204200E+10     0.202820E+10     0.190300E+10     0.189208E+10     0.226000E+10     0.207800E+10     0.206687E+10     0.192400E+10     0.191159E+10     0.230983E+10     0.229700E+10     0.228628E+10     0.216820E+10     0.190500E+10     0.181400E+10     0.181400E+10     0.181400E+10     0.181400E+10     0.181400E+10     0.181400E+10     0.181400E+10     0.181400E+10     0.181400E+10     0.181400E+10     0.181400E+10     0.181400E+10     0.181400E+10     0.181400E+10     0.181400E+10     0.181400E+10     0.181400E+10     0.181400E+10     0.181400E+10     0.100000E+21
 0.216000E+04     0.105410E+11     0.105110E+11     0.170240E+11     0.170240E+11     0.170240E+11     0.170240E+11     0.170240E+11     0.170240E+11     0.170240E+11     0.170240E+11     0.170240E+11     0.508600E+10     0.492002E+10     0.480400E+10     0.503647E+10     0.508600E+10     0.138084E+11     0.106780E+11     0.105640E+11     0.984939E+10     0.817000E+10     0.809969E+10     0.754578E+10     0.715000E+10     0.756431E+10     0.830726E+10     0.823200E+10     0.747393E+10     0.727900E+10     0.718700E+10     0.651165E+10     0.645200E+10     0.790446E+10     0.753614E+10     0.638320E+10     0.140783E+11     0.172680E+11     0.186187E+11     0.182670E+11     0.163051E+11     0.160680E+11     0.577400E+10     0.573556E+10     0.567700E+10     0.564369E+10     0.558100E+10     0.584200E+10     0.569209E+10     0.534000E+10     0.564070E+10     0.559855E+10     0.552864E+10     0.520440E+10     0.500364E+10     0.497200E+10     0.515393E+10     0.512100E+10     0.507600E+10     0.495254E+10     0.267200E+10     0.269644E+10     0.303900E+10     0.283379E+10     0.259000E+10     0.257000E+10     0.255373E+10     0.231200E+10     0.252141E+10     0.253803E+10     0.253024E+10     0.243807E+10     0.240000E+10     0.245640E+10     0.277170E+10     0.275900E+10     0.259949E+10     0.253160E+10     0.219700E+10     0.208651E+10     0.207400E+10     0.241200E+10     0.209531E+10     0.222300E+10     0.220012E+10     0.218600E+10     0.240800E+10     0.223640E+10     0.191200E+10     0.189953E+10     0.224100E+10     0.216174E+10     0.206000E+10     0.204200E+10     0.202895E+10     0.190300E+10     0.189247E+10     0.226000E+10     0.207800E+10     0.206717E+10     0.192400E+10     0.191282E+10     0.230951E+10     0.229700E+10     0.228643E+10     0.215711E+10     0.190500E+10     0.181400E+10     0.181400E+10     0.181400E+10     0.181400E+10     0.181400E+10     0.181400E+10     0.181400E+10     0.181400E+10     0.181400E+10     0.181400E+10     0.181400E+10     0.181400E+10     0.181400E+10     0.181400E+10     0.181400E+10     0.181400E+10     0.181400E+10     0.181400E+10     0.181400E+10     0.100000E+21
 0.218000E+04     0.130749E+11     0.117887E+11     0.170240E+11     0.170240E+11     0.170240E+11     0.170240E+11     0.170240E+11     0.170240E+11     0.170240E+11     0.170240E+11     0.170240E+11     0.508600E+10     0.492589E+10     0.480400E+10     0.500443E+10     0.508600E+10     0.136338E+11     0.106780E+11     0.105640E+11     0.992290E+10     0.817000E+10     0.800903E+10     0.761637E+10     0.715000E+10     0.753847E+10     0.829613E+10     0.823200E+10     0.746032E+10     0.727900E+10     0.718700E+10     0.650640E+10     0.645200E+10     0.806447E+10     0.799900E+10     0.629100E+10     0.136620E+11     0.172680E+11     0.181390E+11     0.182670E+11     0.162951E+11     0.160680E+11     0.577400E+10     0.574017E+10     0.567700E+10     0.564631E+10     0.558100E+10     0.584200E+10     0.581058E+10     0.534000E+10     0.560004E+10     0.568005E+10     0.565100E+10     0.530894E+10     0.500015E+10     0.497200E+10     0.515083E+10     0.512100E+10     0.507600E+10     0.496032E+10     0.267200E+10     0.274224E+10     0.303900E+10     0.282679E+10     0.259000E+10     0.257000E+10     0.255590E+10     0.231200E+10     0.250237E+10     0.249000E+10     0.259800E+10     0.245858E+10     0.240000E+10     0.238784E+10     0.277117E+10     0.275900E+10     0.260829E+10     0.248636E+10     0.219700E+10     0.210575E+10     0.207400E+10     0.231189E+10     0.210534E+10     0.222300E+10     0.219843E+10     0.218600E+10     0.240800E+10     0.224362E+10     0.191200E+10     0.190126E+10     0.224100E+10     0.218257E+10     0.212005E+10     0.204200E+10     0.203041E+10     0.190300E+10     0.189340E+10     0.226000E+10     0.207800E+10     0.206793E+10     0.192400E+10     0.191448E+10     0.230873E+10     0.229700E+10     0.228680E+10     0.213227E+10     0.190500E+10     0.181400E+10     0.181400E+10     0.181400E+10     0.181400E+10     0.181400E+10     0.181400E+10     0.181400E+10     0.181400E+10     0.181400E+10     0.181400E+10     0.181400E+10     0.181400E+10     0.181400E+10     0.181400E+10     0.181400E+10     0.181400E+10     0.181400E+10     0.181400E+10     0.181400E+10     0.100000E+21
 0.220000E+04     0.174920E+11     0.174920E+11     0.119880E+11     0.170240E+11     0.170240E+11     0.170240E+11     0.170240E+11     0.170240E+11     0.170240E+11     0.170240E+11     0.170240E+11     0.508600E+10     0.491756E+10     0.480400E+10     0.506834E+10     0.508600E+10     0.138801E+11     0.106780E+11     0.105640E+11     0.981407E+10     0.817000E+10     0.777455E+10     0.764024E+10     0.715000E+10     0.757492E+10     0.831564E+10     0.823200E+10     0.747956E+10     0.727900E+10     0.718700E+10     0.651392E+10     0.645200E+10     0.807699E+10     0.799900E+10     0.629100E+10     0.141964E+11     0.172680E+11     0.168952E+11     0.182670E+11     0.163092E+11     0.160680E+11     0.577400E+10     0.573285E+10     0.567700E+10     0.564259E+10     0.558100E+10     0.584200E+10     0.580683E+10     0.514500E+10     0.526417E+10     0.568245E+10     0.565100E+10     0.528798E+10     0.500534E+10     0.497200E+10     0.515533E+10     0.512100E+10     0.507600E+10     0.494935E+10     0.267200E+10     0.261603E+10     0.259800E+10     0.300771E+10     0.299500E+10     0.257000E+10     0.255197E+10     0.231200E+10     0.250355E+10     0.249000E+10     0.259800E+10     0.239204E+10     0.240000E+10     0.238560E+10     0.277192E+10     0.275900E+10     0.259587E+10     0.251823E+10     0.263100E+10     0.214937E+10     0.207400E+10     0.217100E+10     0.219361E+10     0.222300E+10     0.220111E+10     0.218600E+10     0.240800E+10     0.239628E+10     0.191200E+10     0.189733E+10     0.224100E+10     0.221610E+10     0.220400E+10     0.204200E+10     0.202819E+10     0.190300E+10     0.189207E+10     0.226000E+10     0.224100E+10     0.211635E+10     0.192400E+10     0.191158E+10     0.230984E+10     0.229700E+10     0.228628E+10     0.216839E+10     0.190500E+10     0.181400E+10     0.181400E+10     0.181400E+10     0.181400E+10     0.181400E+10     0.181400E+10     0.181400E+10     0.181400E+10     0.181400E+10     0.181400E+10     0.181400E+10     0.181400E+10     0.181400E+10     0.181400E+10     0.181400E+10     0.181400E+10     0.181400E+10     0.181400E+10     0.181400E+10     0.100000E+21
 0.222000E+04     0.181408E+11     0.177246E+11     0.158046E+11     0.170240E+11     0.170240E+11     0.170240E+11     0.170240E+11     0.170240E+11     0.170240E+11     0.170240E+11     0.170240E+11     0.508600E+10     0.492589E+10     0.480400E+10     0.500443E+10     0.508600E+10     0.136338E+11     0.106780E+11     0.105640E+11     0.992290E+10     0.817000E+10     0.782878E+10     0.761637E+10     0.715000E+10     0.753847E+10     0.829613E+10     0.823200E+10     0.746032E+10     0.727900E+10     0.718700E+10     0.650640E+10     0.645200E+10     0.806447E+10     0.799900E+10     0.629100E+10     0.917660E+10     0.172680E+11     0.172629E+11     0.182670E+11     0.162951E+11     0.160680E+11     0.577400E+10     0.574017E+10     0.567700E+10     0.564631E+10     0.558100E+10     0.584200E+10     0.581058E+10     0.514500E+10     0.523997E+10     0.568005E+10     0.565100E+10     0.530894E+10     0.500015E+10     0.497200E+10     0.504813E+10     0.512100E+10     0.507600E+10     0.496032E+10     0.267200E+10     0.261210E+10     0.259800E+10     0.300720E+10     0.299500E+10     0.257000E+10     0.255590E+10     0.231200E+10     0.241857E+10     0.249000E+10     0.259800E+10     0.241905E+10     0.240000E+10     0.238784E+10     0.277117E+10     0.275900E+10     0.260829E+10     0.254113E+10     0.263100E+10     0.214132E+10     0.207400E+10     0.217100E+10     0.215669E+10     0.209463E+10     0.219843E+10     0.218600E+10     0.240800E+10     0.239696E+10     0.203637E+10     0.193118E+10     0.224100E+10     0.221528E+10     0.220400E+10     0.204200E+10     0.203041E+10     0.190300E+10     0.189340E+10     0.226000E+10     0.224100E+10     0.212831E+10     0.200107E+10     0.193970E+10     0.214540E+10     0.229700E+10     0.228680E+10     0.213227E+10     0.190500E+10     0.181400E+10     0.181400E+10     0.181400E+10     0.181400E+10     0.181400E+10     0.181400E+10     0.181400E+10     0.181400E+10     0.181400E+10     0.181400E+10     0.181400E+10     0.181400E+10     0.181400E+10     0.181400E+10     0.181400E+10     0.181400E+10     0.181400E+10     0.181400E+10     0.181400E+10     0.100000E+21
 0.224000E+04     0.185130E+11     0.185130E+11     0.173647E+11     0.170240E+11     0.170240E+11     0.170240E+11     0.170240E+11     0.170240E+11     0.170240E+11     0.170240E+11     0.170240E+11     0.508600E+10     0.492002E+10     0.583600E+10     0.521774E+10     0.155530E+11     0.138084E+11     0.106780E+11     0.105640E+11     0.984939E+10     0.817000E+10     0.779149E+10     0.763319E+10     0.715000E+10     0.756431E+10     0.830726E+10     0.823200E+10     0.747393E+10     0.727900E+10     0.718700E+10     0.651165E+10     0.645200E+10     0.807269E+10     0.799900E+10     0.629100E+10     0.638775E+10     0.172680E+11     0.171006E+11     0.182670E+11     0.163051E+11     0.160680E+11     0.577400E+10     0.573556E+10     0.567700E+10     0.564369E+10     0.558100E+10     0.584200E+10     0.580794E+10     0.514500E+10     0.525481E+10     0.568175E+10     0.565100E+10     0.529414E+10     0.500364E+10     0.497200E+10     0.497904E+10     0.512100E+10     0.507600E+10     0.495254E+10     0.267200E+10     0.264113E+10     0.259800E+10     0.300756E+10     0.299500E+10     0.257000E+10     0.255373E+10     0.253000E+10     0.236060E+10     0.249000E+10     0.247000E+10     0.236609E+10     0.230900E+10     0.236077E+10     0.251888E+10     0.275900E+10     0.274555E+10     0.252708E+10     0.263100E+10     0.214699E+10     0.207400E+10     0.205700E+10     0.227915E+10     0.202100E+10     0.220012E+10     0.218600E+10     0.216800E+10     0.230200E+10     0.210900E+10     0.193276E+10     0.188200E+10     0.221586E+10     0.220400E+10     0.204200E+10     0.202895E+10     0.190300E+10     0.189247E+10     0.187300E+10     0.224100E+10     0.211984E+10     0.204600E+10     0.194392E+10     0.203155E+10     0.229700E+10     0.228643E+10     0.215711E+10     0.190500E+10     0.181400E+10     0.181400E+10     0.181400E+10     0.181400E+10     0.181400E+10     0.181400E+10     0.181400E+10     0.181400E+10     0.181400E+10     0.181400E+10     0.181400E+10     0.181400E+10     0.181400E+10     0.181400E+10     0.181400E+10     0.181400E+10     0.181400E+10     0.181400E+10     0.181400E+10     0.100000E+21
 0.226000E+04     0.101200E+11     0.167273E+11     0.180267E+11     0.170240E+11     0.170240E+11     0.170240E+11     0.170240E+11     0.170240E+11     0.170240E+11     0.170240E+11     0.170240E+11     0.508600E+10     0.491766E+10     0.583600E+10     0.513492E+10     0.155530E+11     0.138776E+11     0.106780E+11     0.105640E+11     0.981464E+10     0.817000E+10     0.777483E+10     0.763994E+10     0.715000E+10     0.757458E+10     0.831554E+10     0.823200E+10     0.747939E+10     0.727900E+10     0.718700E+10     0.651387E+10     0.645200E+10     0.807693E+10     0.799900E+10     0.629100E+10     0.638962E+10     0.172680E+11     0.169063E+11     0.182670E+11     0.163091E+11     0.160680E+11     0.577400E+10     0.573289E+10     0.567700E+10     0.564262E+10     0.558100E+10     0.650103E+10     0.593624E+10     0.514500E+10     0.526407E+10     0.568242E+10     0.565100E+10     0.528823E+10     0.500532E+10     0.497200E+10     0.497313E+10     0.512100E+10     0.507600E+10     0.494945E+10     0.267200E+10     0.264571E+10     0.259800E+10     0.300771E+10     0.299500E+10     0.257000E+10     0.255200E+10     0.253000E+10     0.231877E+10     0.236195E+10     0.247000E+10     0.250699E+10     0.230900E+10     0.236353E+10     0.251490E+10     0.275900E+10     0.274525E+10     0.251833E+10     0.263100E+10     0.214930E+10     0.207400E+10     0.205700E+10     0.230980E+10     0.213627E+10     0.220110E+10     0.218600E+10     0.216800E+10     0.230425E+10     0.210900E+10     0.190339E+10     0.188200E+10     0.221609E+10     0.220400E+10     0.214416E+10     0.204286E+10     0.199089E+10     0.190775E+10     0.187300E+10     0.224100E+10     0.219477E+10     0.204600E+10     0.193269E+10     0.202497E+10     0.229700E+10     0.228628E+10     0.216820E+10     0.190500E+10     0.181400E+10     0.181400E+10     0.181400E+10     0.181400E+10     0.181400E+10     0.181400E+10     0.181400E+10     0.181400E+10     0.181400E+10     0.181400E+10     0.181400E+10     0.181400E+10     0.181400E+10     0.181400E+10     0.181400E+10     0.181400E+10     0.181400E+10     0.181400E+10     0.181400E+10     0.100000E+21
 0.228000E+04     0.981700E+10     0.134545E+11     0.166356E+11     0.170240E+11     0.170240E+11     0.170240E+11     0.170240E+11     0.170240E+11     0.170240E+11     0.170240E+11     0.170240E+11     0.508600E+10     0.492265E+10     0.583600E+10     0.526112E+10     0.155530E+11     0.128258E+11     0.106780E+11     0.105640E+11     0.988355E+10     0.817000E+10     0.780838E+10     0.748592E+10     0.715000E+10     0.755279E+10     0.830176E+10     0.823200E+10     0.746785E+10     0.727900E+10     0.718700E+10     0.650929E+10     0.645200E+10     0.806880E+10     0.799900E+10     0.629100E+10     0.638564E+10     0.175549E+11     0.171839E+11     0.182670E+11     0.163006E+11     0.160680E+11     0.577400E+10     0.573778E+10     0.567700E+10     0.564486E+10     0.558100E+10     0.667400E+10     0.608295E+10     0.514500E+10     0.524766E+10     0.568099E+10     0.565100E+10     0.530076E+10     0.500203E+10     0.497200E+10     0.498517E+10     0.512100E+10     0.507600E+10     0.498280E+10     0.267200E+10     0.263823E+10     0.259800E+10     0.300740E+10     0.299500E+10     0.268605E+10     0.259749E+10     0.253000E+10     0.232794E+10     0.227500E+10     0.247000E+10     0.252393E+10     0.230900E+10     0.235815E+10     0.252333E+10     0.275900E+10     0.274588E+10     0.251394E+10     0.258837E+10     0.223591E+10     0.209719E+10     0.205700E+10     0.227322E+10     0.216400E+10     0.219930E+10     0.218600E+10     0.216800E+10     0.229948E+10     0.218353E+10     0.200353E+10     0.188200E+10     0.221560E+10     0.220400E+10     0.218600E+10     0.206894E+10     0.200700E+10     0.192679E+10     0.187300E+10     0.224100E+10     0.222920E+10     0.208847E+10     0.197058E+10     0.197698E+10     0.218690E+10     0.221695E+10     0.214585E+10     0.190500E+10     0.181400E+10     0.181400E+10     0.181400E+10     0.181400E+10     0.181400E+10     0.181400E+10     0.181400E+10     0.181400E+10     0.181400E+10     0.181400E+10     0.181400E+10     0.181400E+10     0.181400E+10     0.181400E+10     0.181400E+10     0.181400E+10     0.181400E+10     0.181400E+10     0.181400E+10     0.100000E+21
 0.230000E+04     0.931905E+10     0.968165E+10     0.116869E+11     0.170240E+11     0.170240E+11     0.170240E+11     0.170240E+11     0.170240E+11     0.170240E+11     0.170240E+11     0.170240E+11     0.508600E+10     0.491753E+10     0.583600E+10     0.520599E+10     0.155530E+11     0.107526E+11     0.106780E+11     0.105640E+11     0.983500E+10     0.817000E+10     0.778430E+10     0.720481E+10     0.715000E+10     0.757277E+10     0.830847E+10     0.823200E+10     0.747801E+10     0.727900E+10     0.718700E+10     0.651284E+10     0.645200E+10     0.807413E+10     0.799900E+10     0.629100E+10     0.638954E+10     0.182820E+11     0.170784E+11     0.182670E+11     0.163091E+11     0.160680E+11     0.577400E+10     0.573482E+10     0.567700E+10     0.564300E+10     0.558100E+10     0.667400E+10     0.604871E+10     0.514500E+10     0.525662E+10     0.568235E+10     0.565100E+10     0.528815E+10     0.500421E+10     0.497200E+10     0.497612E+10     0.512100E+10     0.507600E+10     0.504568E+10     0.410614E+10     0.264194E+10     0.259800E+10     0.286118E+10     0.299500E+10     0.297300E+10     0.262230E+10     0.253000E+10     0.243332E+10     0.227500E+10     0.247000E+10     0.245581E+10     0.249168E+10     0.235219E+10     0.251485E+10     0.275900E+10     0.274528E+10     0.260800E+10     0.247000E+10     0.247939E+10     0.216000E+10     0.205700E+10     0.215621E+10     0.216400E+10     0.208494E+10     0.218600E+10     0.216800E+10     0.230427E+10     0.237000E+10     0.213533E+10     0.188200E+10     0.208034E+10     0.220400E+10     0.218600E+10     0.205999E+10     0.200700E+10     0.192182E+10     0.187300E+10     0.224100E+10     0.222856E+10     0.220400E+10     0.213589E+10     0.188908E+10     0.187900E+10     0.211732E+10     0.216189E+10     0.190500E+10     0.181400E+10     0.181400E+10     0.181400E+10     0.181400E+10     0.181400E+10     0.181400E+10     0.181400E+10     0.181400E+10     0.181400E+10     0.181400E+10     0.181400E+10     0.181400E+10     0.181400E+10     0.181400E+10     0.181400E+10     0.181400E+10     0.181400E+10     0.181400E+10     0.181400E+10     0.100000E+21
 0.232000E+04     0.912600E+10     0.931339E+10     0.125733E+11     0.170240E+11     0.170240E+11     0.170240E+11     0.170240E+11     0.170240E+11     0.170240E+11     0.170240E+11     0.170240E+11     0.508600E+10     0.492770E+10     0.583600E+10     0.532121E+10     0.155530E+11     0.107459E+11     0.106780E+11     0.105640E+11     0.994175E+10     0.817000E+10     0.783862E+10     0.720155E+10     0.715000E+10     0.753085E+10     0.829374E+10     0.823200E+10     0.747064E+10     0.731790E+10     0.718700E+10     0.669388E+10     0.645200E+10     0.806244E+10     0.799900E+10     0.629100E+10     0.638159E+10     0.182820E+11     0.172973E+11     0.182670E+11     0.162921E+11     0.160680E+11     0.577400E+10     0.574126E+10     0.567700E+10     0.564704E+10     0.558100E+10     0.605809E+10     0.590292E+10     0.546804E+10     0.535645E+10     0.567954E+10     0.565100E+10     0.547926E+10     0.499928E+10     0.497200E+10     0.499598E+10     0.512100E+10     0.507600E+10     0.504871E+10     0.484500E+10     0.263409E+10     0.259800E+10     0.276588E+10     0.299500E+10     0.297300E+10     0.268495E+10     0.253000E+10     0.241750E+10     0.227500E+10     0.235443E+10     0.241866E+10     0.256300E+10     0.239377E+10     0.243950E+10     0.253431E+10     0.265929E+10     0.262183E+10     0.247000E+10     0.238775E+10     0.216000E+10     0.205700E+10     0.215908E+10     0.227692E+10     0.206439E+10     0.218600E+10     0.216800E+10     0.222153E+10     0.237000E+10     0.217854E+10     0.188200E+10     0.200703E+10     0.220400E+10     0.218600E+10     0.213132E+10     0.200700E+10     0.196738E+10     0.187300E+10     0.203406E+10     0.215404E+10     0.220400E+10     0.219300E+10     0.188808E+10     0.187900E+10     0.197939E+10     0.212571E+10     0.190500E+10     0.181400E+10     0.181400E+10     0.181400E+10     0.181400E+10     0.181400E+10     0.181400E+10     0.181400E+10     0.181400E+10     0.181400E+10     0.181400E+10     0.181400E+10     0.181400E+10     0.181400E+10     0.181400E+10     0.181400E+10     0.181400E+10     0.181400E+10     0.181400E+10     0.181400E+10     0.100000E+21
 0.234000E+04     0.912600E+10     0.912600E+10     0.118834E+11     0.170240E+11     0.170240E+11     0.170240E+11     0.170240E+11     0.170240E+11     0.170240E+11     0.170240E+11     0.170240E+11     0.508600E+10     0.492386E+10     0.583600E+10     0.527872E+10     0.155530E+11     0.107485E+11     0.106780E+11     0.105640E+11     0.989938E+10     0.817000E+10     0.781655E+10     0.720278E+10     0.715000E+10     0.754730E+10     0.829937E+10     0.823200E+10     0.749046E+10     0.735100E+10     0.718700E+10     0.687677E+10     0.645200E+10     0.745811E+10     0.799900E+10     0.629100E+10     0.638465E+10     0.182820E+11     0.172173E+11     0.182670E+11     0.162985E+11     0.160680E+11     0.577400E+10     0.573876E+10     0.567700E+10     0.564543E+10     0.558100E+10     0.553400E+10     0.570476E+10     0.574400E+10     0.544366E+10     0.568064E+10     0.565100E+10     0.562335E+10     0.500127E+10     0.497200E+10     0.498805E+10     0.512100E+10     0.507600E+10     0.504752E+10     0.484500E+10     0.260483E+10     0.244651E+10     0.276141E+10     0.299500E+10     0.297300E+10     0.288120E+10     0.253000E+10     0.246922E+10     0.240765E+10     0.225600E+10     0.238963E+10     0.247041E+10     0.247797E+10     0.231906E+10     0.234300E+10     0.258688E+10     0.263485E+10     0.247000E+10     0.243541E+10     0.245983E+10     0.205700E+10     0.210674E+10     0.220683E+10     0.213008E+10     0.218600E+10     0.216800E+10     0.215739E+10     0.237000E+10     0.230669E+10     0.201701E+10     0.191906E+10     0.198681E+10     0.218600E+10     0.217324E+10     0.200700E+10     0.199577E+10     0.187300E+10     0.185800E+10     0.209365E+10     0.220400E+10     0.219199E+10     0.188847E+10     0.187900E+10     0.187039E+10     0.214041E+10     0.190500E+10     0.181400E+10     0.181400E+10     0.181400E+10     0.181400E+10     0.181400E+10     0.181400E+10     0.181400E+10     0.181400E+10     0.181400E+10     0.181400E+10     0.181400E+10     0.181400E+10     0.181400E+10     0.181400E+10     0.181400E+10     0.181400E+10     0.181400E+10     0.181400E+10     0.181400E+10     0.100000E+21
 0.236000E+04     0.839634E+10     0.893252E+10     0.111365E+11     0.170240E+11     0.170240E+11     0.170240E+11     0.170240E+11     0.170240E+11     0.170240E+11     0.159130E+11     0.943707E+10     0.508600E+10     0.491747E+10     0.583600E+10     0.519941E+10     0.155530E+11     0.107527E+11     0.106780E+11     0.105640E+11     0.983191E+10     0.817000E+10     0.778282E+10     0.720483E+10     0.715000E+10     0.757327E+10     0.830930E+10     0.823200E+10     0.750049E+10     0.735100E+10     0.718700E+10     0.691357E+10     0.645200E+10     0.714533E+10     0.799900E+10     0.629100E+10     0.629700E+10     0.182820E+11     0.170653E+11     0.182670E+11     0.163092E+11     0.160680E+11     0.121061E+11     0.674636E+10     0.567700E+10     0.564292E+10     0.558100E+10     0.553400E+10     0.571820E+10     0.574400E+10     0.540400E+10     0.550092E+10     0.565100E+10     0.562208E+10     0.500437E+10     0.497200E+10     0.494419E+10     0.496248E+10     0.507600E+10     0.504565E+10     0.484500E+10     0.260628E+10     0.237700E+10     0.275385E+10     0.299500E+10     0.297300E+10     0.295459E+10     0.253000E+10     0.250349E+10     0.249000E+10     0.225600E+10     0.229319E+10     0.243100E+10     0.251486E+10     0.229870E+10     0.234300E+10     0.260123E+10     0.268654E+10     0.263612E+10     0.249114E+10     0.259000E+10     0.210494E+10     0.206685E+10     0.213500E+10     0.213349E+10     0.205882E+10     0.216800E+10     0.215690E+10     0.237000E+10     0.235287E+10     0.207800E+10     0.186154E+10     0.185200E+10     0.218600E+10     0.217184E+10     0.200700E+10     0.199480E+10     0.192968E+10     0.185800E+10     0.211061E+10     0.220400E+10     0.219022E+10     0.200457E+10     0.187900E+10     0.187006E+10     0.195869E+10     0.190500E+10     0.181400E+10     0.181400E+10     0.181400E+10     0.181400E+10     0.181400E+10     0.181400E+10     0.181400E+10     0.181400E+10     0.181400E+10     0.181400E+10     0.181400E+10     0.181400E+10     0.181400E+10     0.181400E+10     0.181400E+10     0.181400E+10     0.181400E+10     0.181400E+10     0.181400E+10     0.100000E+21
 0.238000E+04     0.814200E+10     0.814200E+10     0.912600E+10     0.912600E+10     0.170240E+11     0.170240E+11     0.170240E+11     0.170240E+11     0.170240E+11     0.150052E+11     0.508600E+10     0.508600E+10     0.491949E+10     0.583600E+10     0.518765E+10     0.155530E+11     0.107517E+11     0.106780E+11     0.105640E+11     0.983268E+10     0.817000E+10     0.778277E+10     0.720418E+10     0.715000E+10     0.756789E+10     0.831130E+10     0.823200E+10     0.749877E+10     0.735100E+10     0.718700E+10     0.691137E+10     0.645200E+10     0.714298E+10     0.799900E+10     0.629100E+10     0.623765E+10     0.182820E+11     0.170411E+11     0.182670E+11     0.171525E+11     0.160680E+11     0.156820E+11     0.761340E+10     0.567700E+10     0.564323E+10     0.558100E+10     0.553400E+10     0.571642E+10     0.574400E+10     0.524840E+10     0.539106E+10     0.565100E+10     0.562245E+10     0.500455E+10     0.497200E+10     0.491582E+10     0.488300E+10     0.507600E+10     0.504603E+10     0.484500E+10     0.260976E+10     0.237700E+10     0.256945E+10     0.255800E+10     0.297300E+10     0.295431E+10     0.292900E+10     0.250332E+10     0.249000E+10     0.247000E+10     0.229693E+10     0.243100E+10     0.241694E+10     0.245536E+10     0.234300E+10     0.259778E+10     0.271216E+10     0.269600E+10     0.244509E+10     0.243100E+10     0.214200E+10     0.203366E+10     0.202100E+10     0.228440E+10     0.198700E+10     0.216800E+10     0.215704E+10     0.213200E+10     0.232248E+10     0.207800E+10     0.186141E+10     0.185200E+10     0.218600E+10     0.217180E+10     0.215000E+10     0.203569E+10     0.197300E+10     0.185800E+10     0.184842E+10     0.220400E+10     0.218987E+10     0.207100E+10     0.187900E+10     0.187017E+10     0.186432E+10     0.190500E+10     0.181400E+10     0.181400E+10     0.181400E+10     0.181400E+10     0.181400E+10     0.181400E+10     0.181400E+10     0.181400E+10     0.181400E+10     0.181400E+10     0.181400E+10     0.181400E+10     0.181400E+10     0.181400E+10     0.181400E+10     0.181400E+10     0.181400E+10     0.181400E+10     0.181400E+10     0.100000E+21
 0.240000E+04     0.100369E+11     0.880508E+10     0.875240E+10     0.912600E+10     0.170240E+11     0.170240E+11     0.170240E+11     0.170240E+11     0.170240E+11     0.143454E+11     0.508600E+10     0.508600E+10     0.491808E+10     0.583600E+10     0.524280E+10     0.155530E+11     0.107521E+11     0.106780E+11     0.105640E+11     0.985693E+10     0.817000E+10     0.779510E+10     0.720464E+10     0.715000E+10     0.756858E+10     0.805431E+10     0.823200E+10     0.749836E+10     0.735100E+10     0.718700E+10     0.690226E+10     0.645200E+10     0.718043E+10     0.799900E+10     0.629100E+10     0.623728E+10     0.120259E+11     0.169654E+11     0.173242E+11     0.171613E+11     0.160680E+11     0.156820E+11     0.805781E+10     0.567700E+10     0.564356E+10     0.558100E+10     0.553400E+10     0.571488E+10     0.574400E+10     0.528779E+10     0.538978E+10     0.565100E+10     0.562222E+10     0.500306E+10     0.497200E+10     0.491505E+10     0.488300E+10     0.507600E+10     0.504599E+10     0.484500E+10     0.259183E+10     0.237700E+10     0.256954E+10     0.255800E+10     0.297300E+10     0.295575E+10     0.292900E+10     0.250334E+10     0.249000E+10     0.247000E+10     0.230103E+10     0.231771E+10     0.238605E+10     0.243841E+10     0.229439E+10     0.244343E+10     0.271088E+10     0.269600E+10     0.244497E+10     0.243100E+10     0.236052E+10     0.203354E+10     0.202100E+10     0.228466E+10     0.206081E+10     0.216800E+10     0.215695E+10     0.213200E+10     0.230557E+10     0.207800E+10     0.192531E+10     0.185200E+10     0.200353E+10     0.212936E+10     0.215000E+10     0.203796E+10     0.197300E+10     0.185800E+10     0.184845E+10     0.220400E+10     0.219126E+10     0.211714E+10     0.202351E+10     0.192588E+10     0.186561E+10     0.190500E+10     0.181400E+10     0.181400E+10     0.181400E+10     0.181400E+10     0.181400E+10     0.181400E+10     0.181400E+10     0.181400E+10     0.181400E+10     0.181400E+10     0.181400E+10     0.181400E+10     0.181400E+10     0.181400E+10     0.181400E+10     0.181400E+10     0.181400E+10     0.181400E+10     0.181400E+10     0.100000E+21
 0.242000E+04     0.116870E+11     0.105521E+11     0.833870E+10     0.868728E+10     0.170240E+11     0.170240E+11     0.170240E+11     0.170240E+11     0.170240E+11     0.131652E+11     0.508600E+10     0.508600E+10     0.492754E+10     0.550143E+10     0.520628E+10     0.155530E+11     0.107460E+11     0.106780E+11     0.105640E+11     0.994020E+10     0.817000E+10     0.783781E+10     0.720160E+10     0.715000E+10     0.753149E+10     0.789539E+10     0.823200E+10     0.748428E+10     0.735100E+10     0.718700E+10     0.685356E+10     0.645200E+10     0.712249E+10     0.799900E+10     0.704193E+10     0.655936E+10     0.636100E+10     0.167422E+11     0.164670E+11     0.170898E+11     0.160680E+11     0.156820E+11     0.901089E+10     0.567700E+10     0.564698E+10     0.558100E+10     0.553400E+10     0.561135E+10     0.574400E+10     0.534697E+10     0.541099E+10     0.565100E+10     0.562408E+10     0.514608E+10     0.497200E+10     0.491142E+10     0.488300E+10     0.507600E+10     0.504867E+10     0.490780E+10     0.323766E+10     0.249032E+10     0.251407E+10     0.255800E+10     0.297300E+10     0.295798E+10     0.292900E+10     0.250215E+10     0.249000E+10     0.247000E+10     0.232014E+10     0.221900E+10     0.233895E+10     0.237495E+10     0.225200E+10     0.229488E+10     0.270895E+10     0.269600E+10     0.244354E+10     0.243100E+10     0.257000E+10     0.203226E+10     0.202100E+10     0.221048E+10     0.212800E+10     0.207541E+10     0.211743E+10     0.213200E+10     0.221261E+10     0.207800E+10     0.197490E+10     0.185200E+10     0.183800E+10     0.205665E+10     0.215000E+10     0.208919E+10     0.197300E+10     0.190162E+10     0.186732E+10     0.220400E+10     0.219296E+10     0.216092E+10     0.215000E+10     0.198958E+10     0.187010E+10     0.190500E+10     0.181400E+10     0.181400E+10     0.181400E+10     0.181400E+10     0.181400E+10     0.181400E+10     0.181400E+10     0.181400E+10     0.181400E+10     0.181400E+10     0.181400E+10     0.181400E+10     0.181400E+10     0.181400E+10     0.181400E+10     0.181400E+10     0.181400E+10     0.181400E+10     0.181400E+10     0.100000E+21
 0.244000E+04     0.116870E+11     0.116870E+11     0.952400E+10     0.814200E+10     0.170240E+11     0.170240E+11     0.170240E+11     0.170240E+11     0.170240E+11     0.132882E+11     0.508600E+10     0.508600E+10     0.492672E+10     0.508600E+10     0.508600E+10     0.155530E+11     0.107466E+11     0.106780E+11     0.105640E+11     0.993179E+10     0.817000E+10     0.783342E+10     0.720187E+10     0.715000E+10     0.753493E+10     0.788966E+10     0.823200E+10     0.748561E+10     0.735100E+10     0.718700E+10     0.685843E+10     0.645200E+10     0.690300E+10     0.799900E+10     0.790400E+10     0.690312E+10     0.636100E+10     0.171892E+11     0.164670E+11     0.170961E+11     0.160680E+11     0.156820E+11     0.891238E+10     0.567700E+10     0.564665E+10     0.558100E+10     0.553400E+10     0.550420E+10     0.574400E+10     0.557310E+10     0.540905E+10     0.565100E+10     0.562392E+10     0.534016E+10     0.497200E+10     0.491178E+10     0.488300E+10     0.494244E+10     0.499877E+10     0.498600E+10     0.413657E+10     0.263100E+10     0.244866E+10     0.255800E+10     0.297300E+10     0.295774E+10     0.292900E+10     0.264793E+10     0.249000E+10     0.247000E+10     0.240363E+10     0.221900E+10     0.234067E+10     0.239312E+10     0.240743E+10     0.231923E+10     0.270916E+10     0.269600E+10     0.252999E+10     0.243100E+10     0.248077E+10     0.206492E+10     0.202100E+10     0.210784E+10     0.225220E+10     0.196900E+10     0.207348E+10     0.213200E+10     0.211933E+10     0.222993E+10     0.201921E+10     0.196133E+10     0.183800E+10     0.191608E+10     0.215000E+10     0.213862E+10     0.197300E+10     0.195600E+10     0.188620E+10     0.197935E+10     0.211501E+10     0.216102E+10     0.215000E+10     0.207649E+10     0.186964E+10     0.190500E+10     0.181400E+10     0.181400E+10     0.181400E+10     0.181400E+10     0.181400E+10     0.181400E+10     0.181400E+10     0.181400E+10     0.181400E+10     0.181400E+10     0.181400E+10     0.181400E+10     0.181400E+10     0.181400E+10     0.181400E+10     0.181400E+10     0.181400E+10     0.181400E+10     0.181400E+10     0.100000E+21
 0.246000E+04     0.104622E+11     0.112692E+11     0.111806E+11     0.100960E+11     0.170240E+11     0.170240E+11     0.170240E+11     0.170240E+11     0.170240E+11     0.143621E+11     0.508600E+10     0.508600E+10     0.491805E+10     0.508600E+10     0.508600E+10     0.155530E+11     0.107521E+11     0.106780E+11     0.105640E+11     0.985608E+10     0.817000E+10     0.779467E+10     0.720465E+10     0.715000E+10     0.756876E+10     0.784245E+10     0.823200E+10     0.749844E+10     0.735100E+10     0.718700E+10     0.690267E+10     0.645200E+10     0.676676E+10     0.799900E+10     0.790400E+10     0.683066E+10     0.636100E+10     0.175816E+11     0.164670E+11     0.171615E+11     0.160680E+11     0.156820E+11     0.804545E+10     0.567700E+10     0.564354E+10     0.558100E+10     0.553400E+10     0.550115E+10     0.574400E+10     0.570993E+10     0.530959E+10     0.540430E+10     0.553373E+10     0.538485E+10     0.497200E+10     0.491508E+10     0.488300E+10     0.483900E+10     0.496710E+10     0.498600E+10     0.433653E+10     0.263100E+10     0.244377E+10     0.255800E+10     0.274083E+10     0.290862E+10     0.292900E+10     0.276889E+10     0.249000E+10     0.247000E+10     0.245615E+10     0.221900E+10     0.227342E+10     0.243834E+10     0.251000E+10     0.233104E+10     0.254774E+10     0.269600E+10     0.260222E+10     0.243100E+10     0.241200E+10     0.225268E+10     0.202100E+10     0.205334E+10     0.220882E+10     0.204163E+10     0.210787E+10     0.213200E+10     0.211764E+10     0.233100E+10     0.205611E+10     0.204600E+10     0.183800E+10     0.182667E+10     0.215000E+10     0.213738E+10     0.197300E+10     0.195600E+10     0.187955E+10     0.182900E+10     0.208232E+10     0.216198E+10     0.215000E+10     0.213931E+10     0.191169E+10     0.190500E+10     0.181400E+10     0.181400E+10     0.181400E+10     0.181400E+10     0.181400E+10     0.181400E+10     0.181400E+10     0.181400E+10     0.181400E+10     0.181400E+10     0.181400E+10     0.181400E+10     0.181400E+10     0.181400E+10     0.181400E+10     0.181400E+10     0.181400E+10     0.181400E+10     0.181400E+10     0.100000E+21
 0.248000E+04     0.946500E+10     0.980749E+10     0.116870E+11     0.116870E+11     0.170240E+11     0.170240E+11     0.170240E+11     0.170240E+11     0.170240E+11     0.154415E+11     0.508600E+10     0.508600E+10     0.491862E+10     0.508600E+10     0.508600E+10     0.155530E+11     0.107524E+11     0.106780E+11     0.105640E+11     0.981542E+10     0.817000E+10     0.777438E+10     0.720446E+10     0.715000E+10     0.757219E+10     0.777594E+10     0.823200E+10     0.752350E+10     0.745697E+10     0.723626E+10     0.701344E+10     0.694527E+10     0.667544E+10     0.799900E+10     0.790400E+10     0.683029E+10     0.636100E+10     0.177921E+11     0.164670E+11     0.171593E+11     0.160680E+11     0.156820E+11     0.732989E+10     0.567700E+10     0.564274E+10     0.558100E+10     0.553400E+10     0.550043E+10     0.574400E+10     0.570543E+10     0.513582E+10     0.520300E+10     0.544806E+10     0.541571E+10     0.497200E+10     0.491647E+10     0.488300E+10     0.483900E+10     0.496821E+10     0.498600E+10     0.469579E+10     0.263100E+10     0.248814E+10     0.240877E+10     0.253800E+10     0.290847E+10     0.292900E+10     0.277130E+10     0.249000E+10     0.247000E+10     0.245555E+10     0.221900E+10     0.220532E+10     0.240423E+10     0.238195E+10     0.230018E+10     0.238184E+10     0.269600E+10     0.260600E+10     0.243100E+10     0.241200E+10     0.239853E+10     0.202100E+10     0.201931E+10     0.209900E+10     0.225164E+10     0.209542E+10     0.213200E+10     0.211493E+10     0.214164E+10     0.205612E+10     0.204600E+10     0.183800E+10     0.182583E+10     0.215000E+10     0.213691E+10     0.207082E+10     0.195600E+10     0.193076E+10     0.182900E+10     0.184235E+10     0.216208E+10     0.215000E+10     0.213935E+10     0.204324E+10     0.190500E+10     0.181400E+10     0.181400E+10     0.181400E+10     0.181400E+10     0.181400E+10     0.181400E+10     0.181400E+10     0.181400E+10     0.181400E+10     0.181400E+10     0.181400E+10     0.181400E+10     0.181400E+10     0.181400E+10     0.181400E+10     0.181400E+10     0.181400E+10     0.181400E+10     0.181400E+10     0.100000E+21
 0.250000E+04     0.946500E+10     0.946500E+10     0.100817E+11     0.116870E+11     0.170240E+11     0.170240E+11     0.170240E+11     0.170240E+11     0.170240E+11     0.145508E+11     0.508600E+10     0.480400E+10     0.480400E+10     0.508600E+10     0.508600E+10     0.155530E+11     0.107523E+11     0.106780E+11     0.105640E+11     0.984683E+10     0.817000E+10     0.779007E+10     0.720473E+10     0.715000E+10     0.708848E+10     0.783177E+10     0.823200E+10     0.792476E+10     0.747100E+10     0.725800E+10     0.706839E+10     0.700400E+10     0.674770E+10     0.799900E+10     0.790400E+10     0.682774E+10     0.612200E+10     0.176087E+11     0.164670E+11     0.165994E+11     0.174380E+11     0.156820E+11     0.153845E+11     0.567700E+10     0.564329E+10     0.558100E+10     0.553400E+10     0.550092E+10     0.544000E+10     0.562594E+10     0.510670E+10     0.520300E+10     0.544909E+10     0.554274E+10     0.550900E+10     0.491543E+10     0.488300E+10     0.483900E+10     0.481018E+10     0.498600E+10     0.490578E+10     0.475800E+10     0.249720E+10     0.234300E+10     0.253800E+10     0.286971E+10     0.292900E+10     0.290075E+10     0.288600E+10     0.247000E+10     0.245600E+10     0.221900E+10     0.220608E+10     0.238527E+10     0.237300E+10     0.245108E+10     0.234664E+10     0.269600E+10     0.266978E+10     0.265500E+10     0.241200E+10     0.230756E+10     0.210600E+10     0.200027E+10     0.198700E+10     0.231600E+10     0.209205E+10     0.213200E+10     0.211729E+10     0.209600E+10     0.221460E+10     0.204600E+10     0.203100E+10     0.187142E+10     0.181400E+10     0.203901E+10     0.211400E+10     0.195600E+10     0.194433E+10     0.182900E+10     0.181806E+10     0.216204E+10     0.215000E+10     0.213929E+10     0.205398E+10     0.190500E+10     0.181400E+10     0.181400E+10     0.181400E+10     0.181400E+10     0.181400E+10     0.181400E+10     0.181400E+10     0.181400E+10     0.181400E+10     0.181400E+10     0.181400E+10     0.181400E+10     0.181400E+10     0.181400E+10     0.181400E+10     0.181400E+10     0.181400E+10     0.181400E+10     0.181400E+10     0.100000E+21
 0.252000E+04     0.106666E+11     0.112162E+11     0.991266E+10     0.109094E+11     0.170240E+11     0.170240E+11     0.170240E+11     0.170240E+11     0.170240E+11     0.134912E+11     0.508600E+10     0.480400E+10     0.480400E+10     0.508600E+10     0.508600E+10     0.155530E+11     0.107474E+11     0.106780E+11     0.105640E+11     0.991817E+10     0.817000E+10     0.782632E+10     0.720227E+10     0.715000E+10     0.709291E+10     0.788000E+10     0.823200E+10     0.788935E+10     0.747100E+10     0.725800E+10     0.706262E+10     0.700400E+10     0.671120E+10     0.758218E+10     0.790400E+10     0.724755E+10     0.612200E+10     0.148718E+11     0.164670E+11     0.166438E+11     0.174380E+11     0.156820E+11     0.154168E+11     0.567700E+10     0.564613E+10     0.558100E+10     0.553400E+10     0.550369E+10     0.544000E+10     0.560467E+10     0.511304E+10     0.520300E+10     0.543622E+10     0.553931E+10     0.550900E+10     0.491236E+10     0.488300E+10     0.483900E+10     0.481227E+10     0.498600E+10     0.488884E+10     0.475800E+10     0.249138E+10     0.234300E+10     0.253800E+10     0.273489E+10     0.292900E+10     0.289967E+10     0.288600E+10     0.247000E+10     0.245732E+10     0.221900E+10     0.220739E+10     0.233819E+10     0.237300E+10     0.244594E+10     0.232368E+10     0.255191E+10     0.266854E+10     0.265500E+10     0.241200E+10     0.235783E+10     0.225434E+10     0.199883E+10     0.198700E+10     0.222013E+10     0.209238E+10     0.213200E+10     0.211900E+10     0.209600E+10     0.215263E+10     0.204600E+10     0.203100E+10     0.188804E+10     0.181400E+10     0.201886E+10     0.211400E+10     0.200491E+10     0.196801E+10     0.182900E+10     0.181938E+10     0.216117E+10     0.215000E+10     0.213977E+10     0.203976E+10     0.190500E+10     0.181400E+10     0.181400E+10     0.181400E+10     0.181400E+10     0.181400E+10     0.181400E+10     0.181400E+10     0.181400E+10     0.181400E+10     0.181400E+10     0.181400E+10     0.181400E+10     0.181400E+10     0.181400E+10     0.181400E+10     0.181400E+10     0.181400E+10     0.181400E+10     0.181400E+10     0.100000E+21
 0.254000E+04     0.129030E+11     0.134011E+11     0.110836E+11     0.946500E+10     0.170240E+11     0.170240E+11     0.170240E+11     0.170240E+11     0.170240E+11     0.131174E+11     0.508600E+10     0.480400E+10     0.480400E+10     0.508600E+10     0.508600E+10     0.155530E+11     0.107458E+11     0.106780E+11     0.105640E+11     0.994350E+10     0.817000E+10     0.783953E+10     0.740847E+10     0.715000E+10     0.709440E+10     0.789760E+10     0.823200E+10     0.787725E+10     0.747100E+10     0.725800E+10     0.706056E+10     0.700400E+10     0.652354E+10     0.682400E+10     0.790400E+10     0.784856E+10     0.612200E+10     0.960038E+10     0.169671E+11     0.166580E+11     0.174380E+11     0.156820E+11     0.154282E+11     0.567700E+10     0.564711E+10     0.558100E+10     0.553400E+10     0.550465E+10     0.544000E+10     0.559684E+10     0.529351E+10     0.520300E+10     0.530285E+10     0.553805E+10     0.550900E+10     0.491128E+10     0.488300E+10     0.483900E+10     0.481298E+10     0.498600E+10     0.490547E+10     0.482900E+10     0.312991E+10     0.246768E+10     0.253800E+10     0.252442E+10     0.292900E+10     0.289931E+10     0.288600E+10     0.247000E+10     0.245779E+10     0.221900E+10     0.220788E+10     0.226388E+10     0.237300E+10     0.240243E+10     0.224250E+10     0.228600E+10     0.266811E+10     0.265500E+10     0.241200E+10     0.244470E+10     0.253000E+10     0.202713E+10     0.198700E+10     0.208100E+10     0.208730E+10     0.203259E+10     0.208900E+10     0.209600E+10     0.211665E+10     0.217114E+10     0.203100E+10     0.195828E+10     0.181400E+10     0.191127E+10     0.211400E+10     0.209600E+10     0.199951E+10     0.187716E+10     0.183857E+10     0.205242E+10     0.215000E+10     0.213992E+10     0.203458E+10     0.190500E+10     0.181400E+10     0.181400E+10     0.181400E+10     0.181400E+10     0.181400E+10     0.181400E+10     0.181400E+10     0.181400E+10     0.181400E+10     0.181400E+10     0.181400E+10     0.181400E+10     0.181400E+10     0.181400E+10     0.181400E+10     0.181400E+10     0.181400E+10     0.181400E+10     0.181400E+10     0.100000E+21
 0.256000E+04     0.120840E+11     0.126015E+11     0.133898E+11     0.146350E+11     0.115883E+11     0.170240E+11     0.170240E+11     0.170240E+11     0.170240E+11     0.145011E+11     0.508600E+10     0.480400E+10     0.480400E+10     0.508600E+10     0.508600E+10     0.155530E+11     0.107523E+11     0.106780E+11     0.105640E+11     0.984920E+10     0.817000E+10     0.779124E+10     0.763942E+10     0.715000E+10     0.708854E+10     0.783460E+10     0.823200E+10     0.792413E+10     0.747100E+10     0.725800E+10     0.706824E+10     0.700400E+10     0.647553E+10     0.682400E+10     0.790400E+10     0.784382E+10     0.612200E+10     0.837772E+10     0.174530E+11     0.165998E+11     0.174380E+11     0.156820E+11     0.153859E+11     0.567700E+10     0.564335E+10     0.558100E+10     0.553400E+10     0.550098E+10     0.544000E+10     0.562483E+10     0.542476E+10     0.501000E+10     0.510017E+10     0.554261E+10     0.550900E+10     0.530855E+10     0.488300E+10     0.483900E+10     0.481021E+10     0.475200E+10     0.493313E+10     0.489800E+10     0.381693E+10     0.259000E+10     0.232700E+10     0.247951E+10     0.292900E+10     0.290073E+10     0.288600E+10     0.286500E+10     0.256072E+10     0.221900E+10     0.220613E+10     0.225584E+10     0.237300E+10     0.236065E+10     0.223474E+10     0.228600E+10     0.266975E+10     0.265500E+10     0.263500E+10     0.238702E+10     0.237300E+10     0.239344E+10     0.198700E+10     0.196900E+10     0.217070E+10     0.193600E+10     0.208054E+10     0.209600E+10     0.207140E+10     0.206000E+10     0.203100E+10     0.201877E+10     0.181400E+10     0.181400E+10     0.211400E+10     0.209600E+10     0.208366E+10     0.192400E+10     0.184437E+10     0.192555E+10     0.215000E+10     0.213930E+10     0.205352E+10     0.190500E+10     0.181400E+10     0.181400E+10     0.181400E+10     0.181400E+10     0.181400E+10     0.181400E+10     0.181400E+10     0.181400E+10     0.181400E+10     0.181400E+10     0.181400E+10     0.181400E+10     0.181400E+10     0.181400E+10     0.181400E+10     0.181400E+10     0.181400E+10     0.181400E+10     0.181400E+10     0.100000E+21
 0.258000E+04     0.120840E+11     0.122280E+11     0.130907E+11     0.132568E+11     0.145105E+11     0.170240E+11     0.170240E+11     0.170240E+11     0.170240E+11     0.144880E+11     0.508600E+10     0.480400E+10     0.480400E+10     0.508600E+10     0.508600E+10     0.155530E+11     0.107506E+11     0.106780E+11     0.105640E+11     0.985794E+10     0.817000E+10     0.779534E+10     0.763058E+10     0.715000E+10     0.708990E+10     0.782930E+10     0.823200E+10     0.791442E+10     0.747100E+10     0.725800E+10     0.710493E+10     0.700400E+10     0.647856E+10     0.682400E+10     0.790400E+10     0.784512E+10     0.612200E+10     0.833505E+10     0.174530E+11     0.161882E+11     0.162910E+11     0.166924E+11     0.155640E+11     0.129039E+11     0.736682E+10     0.558100E+10     0.553400E+10     0.550164E+10     0.544000E+10     0.544487E+10     0.541560E+10     0.501000E+10     0.509836E+10     0.554242E+10     0.550900E+10     0.530200E+10     0.488300E+10     0.483900E+10     0.481085E+10     0.475200E+10     0.493319E+10     0.489800E+10     0.379766E+10     0.259000E+10     0.232700E+10     0.247977E+10     0.259861E+10     0.290040E+10     0.288600E+10     0.286500E+10     0.256541E+10     0.221900E+10     0.220620E+10     0.220676E+10     0.220680E+10     0.231470E+10     0.237544E+10     0.221549E+10     0.245509E+10     0.265500E+10     0.263500E+10     0.238675E+10     0.237300E+10     0.240241E+10     0.204987E+10     0.196900E+10     0.206749E+10     0.203948E+10     0.196179E+10     0.209600E+10     0.207116E+10     0.206000E+10     0.221453E+10     0.205319E+10     0.181400E+10     0.181400E+10     0.211400E+10     0.209600E+10     0.208393E+10     0.192400E+10     0.190135E+10     0.186031E+10     0.188410E+10     0.205249E+10     0.205191E+10     0.190500E+10     0.181400E+10     0.181400E+10     0.181400E+10     0.181400E+10     0.181400E+10     0.181400E+10     0.181400E+10     0.181400E+10     0.181400E+10     0.181400E+10     0.181400E+10     0.181400E+10     0.181400E+10     0.181400E+10     0.181400E+10     0.181400E+10     0.181400E+10     0.181400E+10     0.181400E+10     0.100000E+21
 0.260000E+04     0.108670E+11     0.116408E+11     0.122733E+11     0.129030E+11     0.139812E+11     0.170240E+11     0.170240E+11     0.170240E+11     0.170240E+11     0.153032E+11     0.508600E+10     0.480400E+10     0.480400E+10     0.508600E+10     0.508600E+10     0.508600E+10     0.138828E+11     0.106780E+11     0.105640E+11     0.981793E+10     0.817000E+10     0.777627E+10     0.764086E+10     0.715000E+10     0.708782E+10     0.778745E+10     0.823200E+10     0.793124E+10     0.747100E+10     0.725800E+10     0.712098E+10     0.700400E+10     0.635193E+10     0.628500E+10     0.790400E+10     0.784344E+10     0.612200E+10     0.605045E+10     0.619400E+10     0.159274E+11     0.156890E+11     0.170320E+11     0.155940E+11     0.149260E+11     0.826900E+10     0.558100E+10     0.553400E+10     0.550030E+10     0.544000E+10     0.540297E+10     0.542835E+10     0.501000E+10     0.510056E+10     0.554438E+10     0.550900E+10     0.532319E+10     0.488300E+10     0.483900E+10     0.480987E+10     0.475200E+10     0.493677E+10     0.489800E+10     0.477729E+10     0.467200E+10     0.257000E+10     0.252418E+10     0.249800E+10     0.290091E+10     0.288600E+10     0.286500E+10     0.255026E+10     0.243100E+10     0.225789E+10     0.217509E+10     0.216400E+10     0.228859E+10     0.230572E+10     0.219700E+10     0.237677E+10     0.265500E+10     0.263500E+10     0.238732E+10     0.237300E+10     0.243568E+10     0.207100E+10     0.196900E+10     0.202768E+10     0.227900E+10     0.194957E+10     0.209600E+10     0.207147E+10     0.206000E+10     0.227500E+10     0.225968E+10     0.200000E+10     0.186485E+10     0.181400E+10     0.209600E+10     0.208347E+10     0.192400E+10     0.191185E+10     0.181400E+10     0.181400E+10     0.200366E+10     0.205939E+10     0.190500E+10     0.181400E+10     0.181400E+10     0.181400E+10     0.181400E+10     0.181400E+10     0.181400E+10     0.181400E+10     0.181400E+10     0.181400E+10     0.181400E+10     0.181400E+10     0.181400E+10     0.181400E+10     0.181400E+10     0.181400E+10     0.181400E+10     0.181400E+10     0.181400E+10     0.181400E+10     0.100000E+21
 0.262000E+04     0.108670E+11     0.116131E+11     0.123333E+11     0.129030E+11     0.141685E+11     0.170240E+11     0.170240E+11     0.170240E+11     0.170240E+11     0.141741E+11     0.508600E+10     0.480400E+10     0.480400E+10     0.508600E+10     0.508600E+10     0.508600E+10     0.137524E+11     0.106780E+11     0.105640E+11     0.987512E+10     0.817000E+10     0.780427E+10     0.762784E+10     0.715000E+10     0.709062E+10     0.784664E+10     0.823200E+10     0.790822E+10     0.747100E+10     0.725800E+10     0.711365E+10     0.700400E+10     0.634615E+10     0.628500E+10     0.790400E+10     0.784563E+10     0.612200E+10     0.607157E+10     0.619400E+10     0.159199E+11     0.156890E+11     0.170320E+11     0.157343E+11     0.149260E+11     0.864153E+10     0.558100E+10     0.553400E+10     0.550217E+10     0.544000E+10     0.540713E+10     0.541149E+10     0.501000E+10     0.509774E+10     0.554148E+10     0.550900E+10     0.529302E+10     0.488300E+10     0.483900E+10     0.481119E+10     0.475200E+10     0.493193E+10     0.489800E+10     0.477496E+10     0.467200E+10     0.257000E+10     0.252990E+10     0.249800E+10     0.290023E+10     0.288600E+10     0.286500E+10     0.257182E+10     0.243100E+10     0.227205E+10     0.217474E+10     0.216400E+10     0.228357E+10     0.229351E+10     0.219700E+10     0.239220E+10     0.265500E+10     0.263500E+10     0.238652E+10     0.237300E+10     0.240012E+10     0.207100E+10     0.196900E+10     0.202583E+10     0.227900E+10     0.199804E+10     0.209600E+10     0.207106E+10     0.206000E+10     0.227500E+10     0.226100E+10     0.200000E+10     0.187332E+10     0.181400E+10     0.209600E+10     0.208409E+10     0.192400E+10     0.191347E+10     0.181400E+10     0.181400E+10     0.199863E+10     0.204841E+10     0.190500E+10     0.181400E+10     0.181400E+10     0.181400E+10     0.181400E+10     0.181400E+10     0.181400E+10     0.181400E+10     0.181400E+10     0.181400E+10     0.181400E+10     0.181400E+10     0.181400E+10     0.181400E+10     0.181400E+10     0.181400E+10     0.181400E+10     0.181400E+10     0.181400E+10     0.181400E+10     0.100000E+21
 0.264000E+04     0.101484E+11     0.105355E+11     0.111132E+11     0.115813E+11     0.141666E+11     0.170240E+11     0.170240E+11     0.170240E+11     0.170240E+11     0.132423E+11     0.508600E+10     0.480400E+10     0.480400E+10     0.508600E+10     0.508600E+10     0.508600E+10     0.136009E+11     0.106780E+11     0.105640E+11     0.104901E+11     0.871890E+10     0.833727E+10     0.737059E+10     0.715000E+10     0.709388E+10     0.789181E+10     0.823200E+10     0.788144E+10     0.747100E+10     0.737700E+10     0.710531E+10     0.700400E+10     0.634048E+10     0.628500E+10     0.673500E+10     0.736641E+10     0.678081E+10     0.608481E+10     0.619400E+10     0.164711E+11     0.156890E+11     0.163183E+11     0.159523E+11     0.149260E+11     0.113731E+11     0.558100E+10     0.553400E+10     0.550432E+10     0.544000E+10     0.541073E+10     0.562873E+10     0.560000E+10     0.523549E+10     0.526004E+10     0.550900E+10     0.544560E+10     0.541500E+10     0.483900E+10     0.481273E+10     0.475200E+10     0.486551E+10     0.489800E+10     0.480052E+10     0.473316E+10     0.342284E+10     0.284692E+10     0.249800E+10     0.279005E+10     0.288600E+10     0.286500E+10     0.269830E+10     0.243100E+10     0.241909E+10     0.217435E+10     0.216400E+10     0.222541E+10     0.230351E+10     0.224626E+10     0.234005E+10     0.248763E+10     0.263500E+10     0.252476E+10     0.237300E+10     0.239048E+10     0.224446E+10     0.200636E+10     0.197556E+10     0.218256E+10     0.209022E+10     0.201742E+10     0.207058E+10     0.206000E+10     0.204200E+10     0.218506E+10     0.209806E+10     0.192401E+10     0.181400E+10     0.197981E+10     0.203502E+10     0.206000E+10     0.196643E+10     0.186280E+10     0.181400E+10     0.181400E+10     0.203634E+10     0.190500E+10     0.181400E+10     0.181400E+10     0.181400E+10     0.181400E+10     0.181400E+10     0.181400E+10     0.181400E+10     0.181400E+10     0.181400E+10     0.181400E+10     0.181400E+10     0.181400E+10     0.181400E+10     0.181400E+10     0.181400E+10     0.181400E+10     0.181400E+10     0.181400E+10     0.181400E+10     0.100000E+21
 0.266000E+04     0.912600E+10     0.912600E+10     0.108670E+11     0.108670E+11     0.124850E+11     0.170240E+11     0.170240E+11     0.170240E+11     0.170240E+11     0.152307E+11     0.508600E+10     0.480400E+10     0.480400E+10     0.583600E+10     0.516654E+10     0.508600E+10     0.138818E+11     0.106780E+11     0.105640E+11     0.104766E+11     0.950200E+10     0.844761E+10     0.738380E+10     0.715000E+10     0.708785E+10     0.779187E+10     0.823200E+10     0.793088E+10     0.747100E+10     0.737700E+10     0.713945E+10     0.707200E+10     0.679020E+10     0.628500E+10     0.620300E+10     0.722661E+10     0.771500E+10     0.605271E+10     0.619400E+10     0.165278E+11     0.156890E+11     0.153080E+11     0.164021E+11     0.149260E+11     0.146621E+11     0.558100E+10     0.553400E+10     0.550034E+10     0.544000E+10     0.540323E+10     0.543415E+10     0.560000E+10     0.520944E+10     0.521126E+10     0.550900E+10     0.545065E+10     0.541500E+10     0.483900E+10     0.480988E+10     0.475200E+10     0.473308E+10     0.489800E+10     0.483546E+10     0.481000E+10     0.462900E+10     0.281487E+10     0.249800E+10     0.260970E+10     0.288600E+10     0.286500E+10     0.284831E+10     0.243100E+10     0.241675E+10     0.230507E+10     0.216400E+10     0.215220E+10     0.233086E+10     0.231600E+10     0.219886E+10     0.224900E+10     0.263500E+10     0.260830E+10     0.259400E+10     0.237762E+10     0.249000E+10     0.205300E+10     0.199061E+10     0.193600E+10     0.222946E+10     0.190600E+10     0.207147E+10     0.206000E+10     0.204200E+10     0.221388E+10     0.223800E+10     0.193047E+10     0.181400E+10     0.181400E+10     0.199768E+10     0.206000E+10     0.204557E+10     0.186804E+10     0.181400E+10     0.181400E+10     0.183795E+10     0.190500E+10     0.181400E+10     0.181400E+10     0.181400E+10     0.181400E+10     0.181400E+10     0.181400E+10     0.181400E+10     0.181400E+10     0.181400E+10     0.181400E+10     0.181400E+10     0.181400E+10     0.181400E+10     0.181400E+10     0.181400E+10     0.181400E+10     0.181400E+10     0.181400E+10     0.181400E+10     0.100000E+21
 0.268000E+04     0.111531E+11     0.980986E+10     0.970580E+10     0.967476E+10     0.129161E+11     0.170240E+11     0.170240E+11     0.170240E+11     0.170240E+11     0.136827E+11     0.508600E+10     0.480400E+10     0.480400E+10     0.583600E+10     0.528539E+10     0.508600E+10     0.147556E+11     0.136472E+11     0.105640E+11     0.104866E+11     0.950200E+10     0.856182E+10     0.737419E+10     0.715000E+10     0.709222E+10     0.774108E+10     0.779328E+10     0.876362E+10     0.103868E+11     0.737700E+10     0.713293E+10     0.707200E+10     0.672625E+10     0.628500E+10     0.620300E+10     0.716903E+10     0.771500E+10     0.604483E+10     0.603348E+10     0.125644E+11     0.162731E+11     0.153080E+11     0.162498E+11     0.158226E+11     0.149431E+11     0.558100E+10     0.553400E+10     0.550324E+10     0.544000E+10     0.540902E+10     0.544459E+10     0.560000E+10     0.545056E+10     0.507187E+10     0.520594E+10     0.544693E+10     0.541500E+10     0.516134E+10     0.492404E+10     0.475200E+10     0.472577E+10     0.474184E+10     0.483458E+10     0.481000E+10     0.462900E+10     0.311600E+10     0.235868E+10     0.253882E+10     0.262581E+10     0.286500E+10     0.285006E+10     0.243100E+10     0.241849E+10     0.234859E+10     0.230732E+10     0.219929E+10     0.232852E+10     0.231600E+10     0.220318E+10     0.224900E+10     0.263500E+10     0.260706E+10     0.259400E+10     0.239326E+10     0.249000E+10     0.205300E+10     0.202519E+10     0.193600E+10     0.205027E+10     0.199589E+10     0.207083E+10     0.206000E+10     0.204200E+10     0.207684E+10     0.223800E+10     0.214360E+10     0.181400E+10     0.181400E+10     0.198334E+10     0.206000E+10     0.204815E+10     0.187806E+10     0.185855E+10     0.183031E+10     0.184521E+10     0.190500E+10     0.181400E+10     0.181400E+10     0.181400E+10     0.181400E+10     0.181400E+10     0.181400E+10     0.181400E+10     0.181400E+10     0.181400E+10     0.181400E+10     0.181400E+10     0.181400E+10     0.181400E+10     0.181400E+10     0.181400E+10     0.181400E+10     0.181400E+10     0.181400E+10     0.181400E+10     0.100000E+21
 0.270000E+04     0.120840E+11     0.120840E+11     0.912600E+10     0.912600E+10     0.125278E+11     0.170240E+11     0.170240E+11     0.170240E+11     0.170240E+11     0.151287E+11     0.508600E+10     0.480400E+10     0.480400E+10     0.583600E+10     0.517567E+10     0.508600E+10     0.873764E+10     0.155530E+11     0.105640E+11     0.104774E+11     0.103400E+11     0.868218E+10     0.767821E+10     0.787600E+10     0.732868E+10     0.709568E+10     0.758700E+10     0.810091E+10     0.803200E+10     0.737700E+10     0.713885E+10     0.707200E+10     0.678566E+10     0.628500E+10     0.620300E+10     0.648351E+10     0.771500E+10     0.744177E+10     0.595600E+10     0.101914E+11     0.166460E+11     0.153080E+11     0.150010E+11     0.162380E+11     0.150471E+11     0.141930E+11     0.553400E+10     0.550066E+10     0.544000E+10     0.540354E+10     0.543568E+10     0.560000E+10     0.557128E+10     0.495838E+10     0.506700E+10     0.545033E+10     0.541500E+10     0.536800E+10     0.498432E+10     0.475200E+10     0.470309E+10     0.466600E+10     0.483530E+10     0.481000E+10     0.476700E+10     0.461175E+10     0.253000E+10     0.247174E+10     0.245900E+10     0.286500E+10     0.284846E+10     0.243100E+10     0.241686E+10     0.238522E+10     0.237300E+10     0.222557E+10     0.217017E+10     0.231600E+10     0.225719E+10     0.216000E+10     0.223000E+10     0.260817E+10     0.259400E+10     0.235056E+10     0.233500E+10     0.247000E+10     0.220348E+10     0.193600E+10     0.201805E+10     0.224100E+10     0.195323E+10     0.206000E+10     0.204200E+10     0.202847E+10     0.223800E+10     0.222434E+10     0.181400E+10     0.181400E+10     0.181400E+10     0.206000E+10     0.204571E+10     0.188904E+10     0.187900E+10     0.184051E+10     0.183851E+10     0.190500E+10     0.181400E+10     0.181400E+10     0.181400E+10     0.181400E+10     0.181400E+10     0.181400E+10     0.181400E+10     0.181400E+10     0.181400E+10     0.181400E+10     0.181400E+10     0.181400E+10     0.181400E+10     0.181400E+10     0.181400E+10     0.181400E+10     0.181400E+10     0.181400E+10     0.181400E+10     0.100000E+21
 0.272000E+04     0.187703E+11     0.137575E+11     0.109288E+11     0.912600E+10     0.115837E+11     0.170240E+11     0.170240E+11     0.170240E+11     0.170240E+11     0.151287E+11     0.508600E+10     0.497653E+10     0.487038E+10     0.583600E+10     0.517567E+10     0.508600E+10     0.873764E+10     0.155530E+11     0.105640E+11     0.104774E+11     0.103400E+11     0.941927E+10     0.784351E+10     0.787600E+10     0.732868E+10     0.709568E+10     0.758700E+10     0.810091E+10     0.803200E+10     0.737700E+10     0.720197E+10     0.707200E+10     0.795305E+10     0.667182E+10     0.620300E+10     0.648351E+10     0.771500E+10     0.744177E+10     0.595600E+10     0.101914E+11     0.166460E+11     0.153080E+11     0.150010E+11     0.162380E+11     0.150471E+11     0.141930E+11     0.553400E+10     0.550066E+10     0.544000E+10     0.540354E+10     0.537598E+10     0.534871E+10     0.550413E+10     0.495838E+10     0.506700E+10     0.519867E+10     0.541500E+10     0.536800E+10     0.498432E+10     0.475200E+10     0.470309E+10     0.466600E+10     0.483530E+10     0.481000E+10     0.476700E+10     0.461175E+10     0.253000E+10     0.237786E+10     0.245900E+10     0.286500E+10     0.284846E+10     0.276021E+10     0.247385E+10     0.238522E+10     0.237300E+10     0.231767E+10     0.217017E+10     0.231600E+10     0.225719E+10     0.216000E+10     0.223000E+10     0.260817E+10     0.259400E+10     0.249874E+10     0.233500E+10     0.247000E+10     0.220348E+10     0.193600E+10     0.193293E+10     0.224100E+10     0.200829E+10     0.206000E+10     0.204200E+10     0.202847E+10     0.223800E+10     0.222434E+10     0.190935E+10     0.181400E+10     0.181400E+10     0.206000E+10     0.204571E+10     0.188904E+10     0.187900E+10     0.185968E+10     0.183851E+10     0.190500E+10     0.181400E+10     0.181400E+10     0.181400E+10     0.181400E+10     0.181400E+10     0.181400E+10     0.181400E+10     0.181400E+10     0.181400E+10     0.181400E+10     0.181400E+10     0.181400E+10     0.181400E+10     0.181400E+10     0.181400E+10     0.181400E+10     0.181400E+10     0.181400E+10     0.181400E+10     0.100000E+21
 0.274000E+04     0.200020E+11     0.168986E+11     0.114993E+11     0.100584E+11     0.106054E+11     0.145028E+11     0.170240E+11     0.170240E+11     0.170240E+11     0.136827E+11     0.508600E+10     0.508600E+10     0.492438E+10     0.549905E+10     0.531044E+10     0.508600E+10     0.739913E+10     0.114612E+11     0.121762E+11     0.111689E+11     0.103400E+11     0.971847E+10     0.785546E+10     0.774103E+10     0.729393E+10     0.717959E+10     0.758700E+10     0.809615E+10     0.803200E+10     0.737700E+10     0.721024E+10     0.707200E+10     0.810496E+10     0.682400E+10     0.620300E+10     0.636044E+10     0.734029E+10     0.718757E+10     0.595600E+10     0.104086E+11     0.166460E+11     0.153080E+11     0.150413E+11     0.162380E+11     0.154073E+11     0.141930E+11     0.816797E+10     0.674891E+10     0.544000E+10     0.540902E+10     0.532887E+10     0.530000E+10     0.544831E+10     0.505682E+10     0.500728E+10     0.514803E+10     0.541500E+10     0.536800E+10     0.511788E+10     0.475200E+10     0.469729E+10     0.466600E+10     0.478740E+10     0.481000E+10     0.476700E+10     0.466331E+10     0.317561E+10     0.236164E+10     0.238165E+10     0.272815E+10     0.278998E+10     0.282200E+10     0.255206E+10     0.238472E+10     0.237300E+10     0.236133E+10     0.216285E+10     0.225069E+10     0.224967E+10     0.216000E+10     0.223000E+10     0.252400E+10     0.259400E+10     0.250501E+10     0.233500E+10     0.247000E+10     0.230090E+10     0.196270E+10     0.193463E+10     0.216645E+10     0.200561E+10     0.198813E+10     0.204200E+10     0.203007E+10     0.216519E+10     0.219129E+10     0.205863E+10     0.181400E+10     0.181400E+10     0.198133E+10     0.201349E+10     0.191576E+10     0.187900E+10     0.187042E+10     0.184521E+10     0.190500E+10     0.181400E+10     0.181400E+10     0.181400E+10     0.181400E+10     0.181400E+10     0.181400E+10     0.181400E+10     0.181400E+10     0.181400E+10     0.181400E+10     0.181400E+10     0.181400E+10     0.181400E+10     0.181400E+10     0.181400E+10     0.181400E+10     0.181400E+10     0.181400E+10     0.181400E+10     0.100000E+21
 0.276000E+04     0.210268E+11     0.202459E+11     0.167473E+11     0.120840E+11     0.106588E+11     0.912600E+10     0.170240E+11     0.170240E+11     0.170240E+11     0.155099E+11     0.742839E+10     0.508600E+10     0.502047E+10     0.480400E+10     0.572518E+10     0.560858E+10     0.508600E+10     0.508600E+10     0.155530E+11     0.115712E+11     0.103400E+11     0.100880E+11     0.776073E+10     0.744700E+10     0.718423E+10     0.709076E+10     0.758700E+10     0.810157E+10     0.803200E+10     0.647758E+10     0.722504E+10     0.707200E+10     0.726147E+10     0.682400E+10     0.650977E+10     0.625649E+10     0.655900E+10     0.754277E+10     0.701544E+10     0.775535E+10     0.105089E+11     0.159410E+11     0.150850E+11     0.149635E+11     0.157026E+11     0.141930E+11     0.138350E+11     0.785553E+10     0.544000E+10     0.540323E+10     0.533081E+10     0.530000E+10     0.534164E+10     0.534873E+10     0.487700E+10     0.511687E+10     0.541500E+10     0.536800E+10     0.533685E+10     0.475200E+10     0.470352E+10     0.466600E+10     0.470239E+10     0.481000E+10     0.476700E+10     0.472948E+10     0.454500E+10     0.242962E+10     0.226100E+10     0.243900E+10     0.274548E+10     0.282200E+10     0.273216E+10     0.238532E+10     0.237300E+10     0.236055E+10     0.225288E+10     0.211000E+10     0.227631E+10     0.224929E+10     0.217893E+10     0.232080E+10     0.259400E+10     0.255265E+10     0.248185E+10     0.238097E+10     0.242581E+10     0.201800E+10     0.193014E+10     0.193926E+10     0.207516E+10     0.194981E+10     0.204200E+10     0.202835E+10     0.200700E+10     0.216077E+10     0.220100E+10     0.192285E+10     0.183703E+10     0.181400E+10     0.199678E+10     0.197762E+10     0.187900E+10     0.187005E+10     0.185663E+10     0.190500E+10     0.181400E+10     0.181400E+10     0.181400E+10     0.181400E+10     0.181400E+10     0.181400E+10     0.181400E+10     0.181400E+10     0.181400E+10     0.181400E+10     0.181400E+10     0.181400E+10     0.181400E+10     0.181400E+10     0.181400E+10     0.181400E+10     0.181400E+10     0.181400E+10     0.181400E+10     0.100000E+21
 0.278000E+04     0.212230E+11     0.209193E+11     0.186366E+11     0.167316E+11     0.133453E+11     0.108637E+11     0.170240E+11     0.170240E+11     0.170240E+11     0.143564E+11     0.860300E+10     0.508600E+10     0.508600E+10     0.480400E+10     0.508376E+10     0.583600E+10     0.508600E+10     0.508600E+10     0.155530E+11     0.121858E+11     0.103400E+11     0.102696E+11     0.816374E+10     0.744700E+10     0.720973E+10     0.720343E+10     0.758700E+10     0.809409E+10     0.803200E+10     0.583600E+10     0.722817E+10     0.714138E+10     0.723021E+10     0.783418E+10     0.673500E+10     0.655231E+10     0.625405E+10     0.759409E+10     0.752900E+10     0.594015E+10     0.603000E+10     0.162520E+11     0.153601E+11     0.145640E+11     0.153732E+11     0.149005E+11     0.138350E+11     0.115441E+11     0.544000E+10     0.541073E+10     0.532813E+10     0.530000E+10     0.527355E+10     0.538822E+10     0.521897E+10     0.500506E+10     0.515787E+10     0.536800E+10     0.533990E+10     0.505971E+10     0.469565E+10     0.466600E+10     0.470745E+10     0.481000E+10     0.476700E+10     0.473735E+10     0.462486E+10     0.317136E+10     0.238804E+10     0.232452E+10     0.250158E+10     0.282200E+10     0.280883E+10     0.238450E+10     0.237300E+10     0.236163E+10     0.225012E+10     0.211000E+10     0.221395E+10     0.227900E+10     0.214200E+10     0.227428E+10     0.235826E+10     0.256752E+10     0.255400E+10     0.231600E+10     0.239375E+10     0.226006E+10     0.204903E+10     0.190600E+10     0.205513E+10     0.200400E+10     0.193588E+10     0.199899E+10     0.200700E+10     0.214041E+10     0.220100E+10     0.195400E+10     0.186707E+10     0.181400E+10     0.195528E+10     0.196805E+10     0.187900E+10     0.187056E+10     0.186981E+10     0.190500E+10     0.181400E+10     0.181400E+10     0.181400E+10     0.181400E+10     0.181400E+10     0.181400E+10     0.181400E+10     0.181400E+10     0.181400E+10     0.181400E+10     0.181400E+10     0.181400E+10     0.181400E+10     0.181400E+10     0.181400E+10     0.181400E+10     0.181400E+10     0.181400E+10     0.181400E+10     0.100000E+21
 0.280000E+04     0.112980E+11     0.173830E+11     0.208513E+11     0.200020E+11     0.189880E+11     0.167000E+11     0.170240E+11     0.170240E+11     0.170240E+11     0.150137E+11     0.860300E+10     0.860300E+10     0.655619E+10     0.508600E+10     0.486630E+10     0.480400E+10     0.555899E+10     0.508600E+10     0.508600E+10     0.126521E+11     0.103400E+11     0.102631E+11     0.869466E+10     0.787600E+10     0.781339E+10     0.715251E+10     0.758700E+10     0.809815E+10     0.803200E+10     0.583600E+10     0.725334E+10     0.719000E+10     0.739319E+10     0.854700E+10     0.673500E+10     0.668093E+10     0.603900E+10     0.669947E+10     0.752900E+10     0.584105E+10     0.579200E+10     0.594800E+10     0.133813E+11     0.145640E+11     0.143179E+11     0.154660E+11     0.138350E+11     0.135966E+11     0.544000E+10     0.540713E+10     0.532958E+10     0.530000E+10     0.527254E+10     0.528623E+10     0.545900E+10     0.487573E+10     0.497700E+10     0.536800E+10     0.533825E+10     0.527600E+10     0.469916E+10     0.466600E+10     0.460533E+10     0.458100E+10     0.476700E+10     0.473384E+10     0.468100E+10     0.379197E+10     0.249000E+10     0.224400E+10     0.236864E+10     0.282200E+10     0.280749E+10     0.238494E+10     0.237300E+10     0.236104E+10     0.226735E+10     0.211000E+10     0.215234E+10     0.227900E+10     0.226000E+10     0.214636E+10     0.219300E+10     0.256899E+10     0.255400E+10     0.231600E+10     0.230463E+10     0.243100E+10     0.209354E+10     0.190600E+10     0.201167E+10     0.220400E+10     0.198700E+10     0.201500E+10     0.200700E+10     0.199542E+10     0.220100E+10     0.195400E+10     0.194408E+10     0.181400E+10     0.181400E+10     0.201862E+10     0.200700E+10     0.192397E+10     0.186657E+10     0.190500E+10     0.181400E+10     0.181400E+10     0.181400E+10     0.181400E+10     0.181400E+10     0.181400E+10     0.181400E+10     0.181400E+10     0.181400E+10     0.181400E+10     0.181400E+10     0.181400E+10     0.181400E+10     0.181400E+10     0.181400E+10     0.181400E+10     0.181400E+10     0.181400E+10     0.181400E+10     0.100000E+21
 0.282000E+04     0.112980E+11     0.135974E+11     0.210966E+11     0.210572E+11     0.202433E+11     0.191289E+11     0.170240E+11     0.170240E+11     0.170240E+11     0.158102E+11     0.860300E+10     0.860300E+10     0.779537E+10     0.508600E+10     0.505743E+10     0.480400E+10     0.557905E+10     0.508600E+10     0.508600E+10     0.132803E+11     0.103400E+11     0.102573E+11     0.902227E+10     0.787600E+10     0.762021E+10     0.701039E+10     0.701013E+10     0.780064E+10     0.803200E+10     0.929878E+10     0.650940E+10     0.719000E+10     0.711325E+10     0.741142E+10     0.673500E+10     0.667890E+10     0.639780E+10     0.612872E+10     0.752900E+10     0.644682E+10     0.579200E+10     0.594800E+10     0.141845E+11     0.145640E+11     0.143034E+11     0.154660E+11     0.147898E+11     0.137743E+11     0.119363E+11     0.630959E+10     0.533082E+10     0.530000E+10     0.527166E+10     0.527083E+10     0.545900E+10     0.518913E+10     0.497700E+10     0.511570E+10     0.526039E+10     0.527600E+10     0.509919E+10     0.466600E+10     0.460588E+10     0.458100E+10     0.476700E+10     0.472911E+10     0.468100E+10     0.426085E+10     0.363319E+10     0.240546E+10     0.230029E+10     0.245853E+10     0.274889E+10     0.253431E+10     0.237300E+10     0.236054E+10     0.231154E+10     0.228389E+10     0.211356E+10     0.212292E+10     0.226000E+10     0.227564E+10     0.219300E+10     0.230426E+10     0.255400E+10     0.244279E+10     0.235040E+10     0.232766E+10     0.202893E+10     0.195913E+10     0.195897E+10     0.207174E+10     0.198700E+10     0.190613E+10     0.200700E+10     0.199465E+10     0.220100E+10     0.195400E+10     0.194356E+10     0.190350E+10     0.182570E+10     0.201917E+10     0.200700E+10     0.192171E+10     0.186363E+10     0.190500E+10     0.181400E+10     0.181400E+10     0.181400E+10     0.181400E+10     0.181400E+10     0.181400E+10     0.181400E+10     0.181400E+10     0.181400E+10     0.181400E+10     0.181400E+10     0.181400E+10     0.181400E+10     0.181400E+10     0.181400E+10     0.181400E+10     0.181400E+10     0.181400E+10     0.181400E+10     0.100000E+21
 0.284000E+04     0.112980E+11     0.112980E+11     0.140845E+11     0.212230E+11     0.212230E+11     0.212230E+11     0.170240E+11     0.170240E+11     0.170240E+11     0.152351E+11     0.860300E+10     0.860300E+10     0.860300E+10     0.860300E+10     0.575617E+10     0.480400E+10     0.517841E+10     0.583600E+10     0.508600E+10     0.508600E+10     0.155530E+11     0.118099E+11     0.972731E+10     0.917900E+10     0.826448E+10     0.694402E+10     0.687800E+10     0.766975E+10     0.803200E+10     0.117320E+11     0.624900E+10     0.719000E+10     0.704681E+10     0.689000E+10     0.844400E+10     0.733021E+10     0.655900E+10     0.603763E+10     0.638600E+10     0.678317E+10     0.579200E+10     0.571200E+10     0.583263E+10     0.154800E+11     0.146001E+11     0.138420E+11     0.150890E+11     0.139833E+11     0.131360E+11     0.750744E+10     0.532988E+10     0.530000E+10     0.527235E+10     0.519571E+10     0.516300E+10     0.524011E+10     0.479000E+10     0.493300E+10     0.518768E+10     0.527600E+10     0.511711E+10     0.466600E+10     0.460544E+10     0.458100E+10     0.453900E+10     0.468697E+10     0.468100E+10     0.457688E+10     0.446100E+10     0.247000E+10     0.229488E+10     0.240000E+10     0.268516E+10     0.261764E+10     0.237300E+10     0.236092E+10     0.232981E+10     0.231600E+10     0.208639E+10     0.207400E+10     0.226000E+10     0.230122E+10     0.210600E+10     0.226093E+10     0.255400E+10     0.253400E+10     0.239120E+10     0.227900E+10     0.238751E+10     0.198300E+10     0.188530E+10     0.187600E+10     0.218600E+10     0.202161E+10     0.200700E+10     0.199519E+10     0.197300E+10     0.218200E+10     0.201899E+10     0.192400E+10     0.184331E+10     0.201876E+10     0.200700E+10     0.199707E+10     0.186564E+10     0.190500E+10     0.181400E+10     0.181400E+10     0.181400E+10     0.181400E+10     0.181400E+10     0.181400E+10     0.181400E+10     0.181400E+10     0.181400E+10     0.181400E+10     0.181400E+10     0.181400E+10     0.181400E+10     0.181400E+10     0.181400E+10     0.181400E+10     0.181400E+10     0.181400E+10     0.181400E+10     0.100000E+21
 0.286000E+04     0.107344E+11     0.111244E+11     0.126323E+11     0.150429E+11     0.212230E+11     0.212230E+11     0.170240E+11     0.170240E+11     0.170240E+11     0.152444E+11     0.860300E+10     0.860300E+10     0.860300E+10     0.860300E+10     0.762741E+10     0.497029E+10     0.497666E+10     0.528484E+10     0.508600E+10     0.508600E+10     0.155530E+11     0.117689E+11     0.973740E+10     0.917900E+10     0.824380E+10     0.727620E+10     0.687800E+10     0.766182E+10     0.803200E+10     0.968896E+10     0.623421E+10     0.719000E+10     0.704819E+10     0.689000E+10     0.844400E+10     0.730574E+10     0.655900E+10     0.626511E+10     0.609140E+10     0.672784E+10     0.662346E+10     0.571200E+10     0.583323E+10     0.154800E+11     0.145827E+11     0.138420E+11     0.150890E+11     0.144700E+11     0.131360E+11     0.109368E+11     0.533055E+10     0.530000E+10     0.527178E+10     0.519589E+10     0.516300E+10     0.532562E+10     0.513098E+10     0.483362E+10     0.499537E+10     0.527600E+10     0.516975E+10     0.496522E+10     0.460583E+10     0.458100E+10     0.453900E+10     0.468672E+10     0.468100E+10     0.460247E+10     0.453259E+10     0.362579E+10     0.265726E+10     0.228303E+10     0.247407E+10     0.270062E+10     0.261280E+10     0.243086E+10     0.232972E+10     0.231600E+10     0.217126E+10     0.207400E+10     0.226000E+10     0.228508E+10     0.226909E+10     0.217173E+10     0.232378E+10     0.253400E+10     0.246243E+10     0.227900E+10     0.230567E+10     0.222276E+10     0.191216E+10     0.187600E+10     0.205364E+10     0.199269E+10     0.189946E+10     0.196834E+10     0.197300E+10     0.218200E+10     0.201542E+10     0.192400E+10     0.184437E+10     0.193830E+10     0.200700E+10     0.199689E+10     0.191858E+10     0.190500E+10     0.181400E+10     0.181400E+10     0.181400E+10     0.181400E+10     0.181400E+10     0.181400E+10     0.181400E+10     0.181400E+10     0.181400E+10     0.181400E+10     0.181400E+10     0.181400E+10     0.181400E+10     0.181400E+10     0.181400E+10     0.181400E+10     0.181400E+10     0.181400E+10     0.181400E+10     0.100000E+21
 0.288000E+04     0.103930E+11     0.106600E+11     0.112980E+11     0.112980E+11     0.181268E+11     0.212230E+11     0.170240E+11     0.170240E+11     0.170240E+11     0.142683E+11     0.860300E+10     0.860300E+10     0.860300E+10     0.860300E+10     0.860300E+10     0.508600E+10     0.488671E+10     0.480400E+10     0.545558E+10     0.521621E+10     0.103956E+11     0.102749E+11     0.988577E+10     0.958747E+10     0.849599E+10     0.736834E+10     0.687800E+10     0.770012E+10     0.803200E+10     0.793300E+10     0.789723E+10     0.652287E+10     0.702639E+10     0.689000E+10     0.762956E+10     0.754349E+10     0.655900E+10     0.636611E+10     0.612885E+10     0.660608E+10     0.734600E+10     0.571200E+10     0.573869E+10     0.107046E+11     0.131413E+11     0.138420E+11     0.143007E+11     0.145579E+11     0.137349E+11     0.131601E+11     0.741042E+10     0.530000E+10     0.527372E+10     0.519143E+10     0.516300E+10     0.530225E+10     0.536500E+10     0.474700E+10     0.483294E+10     0.527600E+10     0.521522E+10     0.518400E+10     0.460460E+10     0.458100E+10     0.453900E+10     0.458893E+10     0.468100E+10     0.462102E+10     0.459500E+10     0.441900E+10     0.315409E+10     0.231992E+10     0.235801E+10     0.277100E+10     0.275900E+10     0.263103E+10     0.232764E+10     0.231600E+10     0.221325E+10     0.207400E+10     0.215945E+10     0.229119E+10     0.237400E+10     0.211170E+10     0.215700E+10     0.253400E+10     0.252255E+10     0.227900E+10     0.226591E+10     0.231810E+10     0.192852E+10     0.187600E+10     0.191071E+10     0.201339E+10     0.189113E+10     0.195278E+10     0.197300E+10     0.207065E+10     0.205749E+10     0.192400E+10     0.188541E+10     0.189037E+10     0.200700E+10     0.199748E+10     0.194716E+10     0.190500E+10     0.181400E+10     0.181400E+10     0.181400E+10     0.181400E+10     0.181400E+10     0.181400E+10     0.181400E+10     0.181400E+10     0.181400E+10     0.181400E+10     0.181400E+10     0.181400E+10     0.181400E+10     0.181400E+10     0.181400E+10     0.181400E+10     0.181400E+10     0.181400E+10     0.181400E+10     0.100000E+21
 0.290000E+04     0.103930E+11     0.103930E+11     0.109045E+11     0.112980E+11     0.128251E+11     0.147852E+11     0.170240E+11     0.170240E+11     0.170240E+11     0.145320E+11     0.860300E+10     0.860300E+10     0.860300E+10     0.860300E+10     0.860300E+10     0.736062E+10     0.497571E+10     0.480400E+10     0.516904E+10     0.548564E+10     0.508600E+10     0.106823E+11     0.100705E+11     0.100080E+11     0.913839E+10     0.739414E+10     0.687800E+10     0.769023E+10     0.803200E+10     0.793300E+10     0.963424E+10     0.583600E+10     0.705191E+10     0.696420E+10     0.680000E+10     0.771890E+10     0.655900E+10     0.644809E+10     0.638600E+10     0.617663E+10     0.667700E+10     0.670644E+10     0.591144E+10     0.563457E+10     0.779046E+10     0.143693E+11     0.134890E+11     0.142809E+11     0.143510E+11     0.133495E+11     0.965071E+10     0.530000E+10     0.527325E+10     0.519267E+10     0.516300E+10     0.514674E+10     0.517595E+10     0.508520E+10     0.488275E+10     0.499673E+10     0.521671E+10     0.518400E+10     0.477974E+10     0.458100E+10     0.453900E+10     0.450914E+10     0.468100E+10     0.462173E+10     0.459500E+10     0.450576E+10     0.398375E+10     0.243100E+10     0.231842E+10     0.262011E+10     0.275900E+10     0.274624E+10     0.232822E+10     0.231600E+10     0.225818E+10     0.220720E+10     0.205700E+10     0.225852E+10     0.227583E+10     0.209544E+10     0.210157E+10     0.230015E+10     0.242869E+10     0.241763E+10     0.229741E+10     0.224100E+10     0.209860E+10     0.191916E+10     0.186100E+10     0.196725E+10     0.195200E+10     0.190310E+10     0.197300E+10     0.195600E+10     0.208764E+10     0.206749E+10     0.196004E+10     0.184625E+10     0.188134E+10     0.194969E+10     0.194885E+10     0.190500E+10     0.181400E+10     0.181400E+10     0.181400E+10     0.181400E+10     0.181400E+10     0.181400E+10     0.181400E+10     0.181400E+10     0.181400E+10     0.181400E+10     0.181400E+10     0.181400E+10     0.181400E+10     0.181400E+10     0.181400E+10     0.181400E+10     0.181400E+10     0.181400E+10     0.181400E+10     0.100000E+21
 0.292000E+04     0.103930E+11     0.103930E+11     0.105124E+11     0.107183E+11     0.112980E+11     0.112980E+11     0.170240E+11     0.170240E+11     0.170240E+11     0.152794E+11     0.860300E+10     0.860300E+10     0.860300E+10     0.860300E+10     0.860300E+10     0.860300E+10     0.635922E+10     0.495588E+10     0.480400E+10     0.509177E+10     0.508600E+10     0.125470E+11     0.100734E+11     0.100080E+11     0.938273E+10     0.756629E+10     0.732699E+10     0.727278E+10     0.763384E+10     0.793300E+10     0.100079E+11     0.583600E+10     0.707558E+10     0.700500E+10     0.680000E+10     0.777738E+10     0.756133E+10     0.645628E+10     0.638600E+10     0.603311E+10     0.594832E+10     0.659213E+10     0.664115E+10     0.555200E+10     0.566156E+10     0.147310E+11     0.134890E+11     0.136895E+11     0.143510E+11     0.137875E+11     0.112036E+11     0.966156E+10     0.665773E+10     0.519602E+10     0.516300E+10     0.510616E+10     0.507300E+10     0.531900E+10     0.512904E+10     0.484500E+10     0.499034E+10     0.518400E+10     0.490326E+10     0.458100E+10     0.453900E+10     0.450527E+10     0.454350E+10     0.462382E+10     0.459500E+10     0.455300E+10     0.442403E+10     0.365080E+10     0.264111E+10     0.251537E+10     0.275900E+10     0.274534E+10     0.251086E+10     0.231600E+10     0.229167E+10     0.227900E+10     0.205700E+10     0.215058E+10     0.222300E+10     0.222141E+10     0.207100E+10     0.213900E+10     0.223355E+10     0.249400E+10     0.242184E+10     0.224100E+10     0.224133E+10     0.216724E+10     0.186100E+10     0.187645E+10     0.207691E+10     0.193790E+10     0.197300E+10     0.195600E+10     0.200765E+10     0.214600E+10     0.207905E+10     0.184514E+10     0.181400E+10     0.186033E+10     0.195347E+10     0.190500E+10     0.181400E+10     0.181400E+10     0.181400E+10     0.181400E+10     0.181400E+10     0.181400E+10     0.181400E+10     0.181400E+10     0.181400E+10     0.181400E+10     0.181400E+10     0.181400E+10     0.181400E+10     0.181400E+10     0.181400E+10     0.181400E+10     0.181400E+10     0.181400E+10     0.181400E+10     0.100000E+21
 0.294000E+04     0.103930E+11     0.103930E+11     0.103930E+11     0.103930E+11     0.106310E+11     0.112980E+11     0.112980E+11     0.152730E+11     0.170240E+11     0.164830E+11     0.129430E+11     0.860300E+10     0.860300E+10     0.860300E+10     0.860300E+10     0.860300E+10     0.738043E+10     0.508600E+10     0.480400E+10     0.480400E+10     0.583600E+10     0.527931E+10     0.100731E+11     0.100080E+11     0.938041E+10     0.766675E+10     0.758700E+10     0.697565E+10     0.739800E+10     0.793300E+10     0.106298E+11     0.117320E+11     0.605635E+10     0.700500E+10     0.691400E+10     0.678500E+10     0.824100E+10     0.646757E+10     0.638600E+10     0.607600E+10     0.572000E+10     0.564200E+10     0.691952E+10     0.555200E+10     0.549633E+10     0.563000E+10     0.143650E+11     0.134914E+11     0.128000E+11     0.137569E+11     0.123424E+11     0.121270E+11     0.119278E+11     0.519795E+10     0.516300E+10     0.510723E+10     0.507300E+10     0.502800E+10     0.519288E+10     0.466100E+10     0.484134E+10     0.518400E+10     0.511986E+10     0.509400E+10     0.453900E+10     0.450133E+10     0.445500E+10     0.447319E+10     0.459500E+10     0.455300E+10     0.452105E+10     0.433700E+10     0.287443E+10     0.224278E+10     0.234300E+10     0.260002E+10     0.263819E+10     0.231600E+10     0.229186E+10     0.227900E+10     0.226000E+10     0.209169E+10     0.222300E+10     0.218256E+10     0.207100E+10     0.205300E+10     0.209467E+10     0.249400E+10     0.247503E+10     0.224100E+10     0.221601E+10     0.220400E+10     0.193300E+10     0.186321E+10     0.192700E+10     0.193354E+10     0.181400E+10     0.195600E+10     0.194423E+10     0.192400E+10     0.209346E+10     0.201268E+10     0.181400E+10     0.181400E+10     0.183745E+10     0.190500E+10     0.181400E+10     0.181400E+10     0.181400E+10     0.181400E+10     0.181400E+10     0.181400E+10     0.181400E+10     0.181400E+10     0.181400E+10     0.181400E+10     0.181400E+10     0.181400E+10     0.181400E+10     0.181400E+10     0.181400E+10     0.181400E+10     0.181400E+10     0.181400E+10     0.181400E+10     0.100000E+21
 0.296000E+04     0.982441E+10     0.101632E+11     0.103930E+11     0.103930E+11     0.105240E+11     0.108839E+11     0.112980E+11     0.152145E+11     0.170240E+11     0.161140E+11     0.129430E+11     0.860300E+10     0.860300E+10     0.860300E+10     0.860300E+10     0.860300E+10     0.797687E+10     0.679280E+10     0.493436E+10     0.483982E+10     0.537155E+10     0.515773E+10     0.116164E+11     0.100080E+11     0.938552E+10     0.799539E+10     0.739801E+10     0.698161E+10     0.739800E+10     0.793300E+10     0.106695E+11     0.117320E+11     0.612181E+10     0.700500E+10     0.691400E+10     0.678505E+10     0.824100E+10     0.703039E+10     0.638600E+10     0.617062E+10     0.596050E+10     0.564200E+10     0.643107E+10     0.624399E+10     0.572501E+10     0.551665E+10     0.103543E+11     0.124805E+11     0.128000E+11     0.131662E+11     0.127015E+11     0.121270E+11     0.119273E+11     0.519552E+10     0.516300E+10     0.510581E+10     0.507300E+10     0.502800E+10     0.510088E+10     0.492083E+10     0.477570E+10     0.498537E+10     0.511996E+10     0.509400E+10     0.453900E+10     0.450600E+10     0.445500E+10     0.447424E+10     0.459500E+10     0.455300E+10     0.452238E+10     0.439627E+10     0.359465E+10     0.230494E+10     0.234300E+10     0.247263E+10     0.265469E+10     0.248681E+10     0.229158E+10     0.227900E+10     0.226000E+10     0.209472E+10     0.222300E+10     0.218626E+10     0.212452E+10     0.205300E+10     0.206963E+10     0.231223E+10     0.243888E+10     0.234016E+10     0.221601E+10     0.220400E+10     0.211955E+10     0.194055E+10     0.188408E+10     0.198224E+10     0.186575E+10     0.195600E+10     0.194440E+10     0.192400E+10     0.206875E+10     0.202175E+10     0.184330E+10     0.182692E+10     0.184092E+10     0.190500E+10     0.181400E+10     0.181400E+10     0.181400E+10     0.181400E+10     0.181400E+10     0.181400E+10     0.181400E+10     0.181400E+10     0.181400E+10     0.181400E+10     0.181400E+10     0.181400E+10     0.181400E+10     0.181400E+10     0.181400E+10     0.181400E+10     0.181400E+10     0.181400E+10     0.181400E+10     0.100000E+21
 0.298000E+04     0.107980E+11     0.103506E+11     0.103930E+11     0.103930E+11     0.103930E+11     0.103930E+11     0.109034E+11     0.147152E+11     0.170240E+11     0.157469E+11     0.129430E+11     0.104915E+11     0.945348E+10     0.860300E+10     0.860300E+10     0.860300E+10     0.860300E+10     0.860300E+10     0.648992E+10     0.552326E+10     0.480400E+10     0.516529E+10     0.131341E+11     0.100080E+11     0.963963E+10     0.836127E+10     0.733599E+10     0.689675E+10     0.712061E+10     0.766036E+10     0.992945E+10     0.111296E+11     0.603994E+10     0.653780E+10     0.691400E+10     0.682138E+10     0.759426E+10     0.785371E+10     0.704781E+10     0.626507E+10     0.621600E+10     0.583801E+10     0.586775E+10     0.663472E+10     0.625227E+10     0.539600E+10     0.545894E+10     0.108712E+11     0.128000E+11     0.125895E+11     0.132445E+11     0.125878E+11     0.121614E+11     0.670732E+10     0.516300E+10     0.510244E+10     0.507300E+10     0.502800E+10     0.500042E+10     0.522700E+10     0.480656E+10     0.475800E+10     0.511885E+10     0.509400E+10     0.474315E+10     0.458363E+10     0.445500E+10     0.444464E+10     0.449811E+10     0.455300E+10     0.452552E+10     0.446900E+10     0.435994E+10     0.233730E+10     0.227144E+10     0.229874E+10     0.270916E+10     0.269600E+10     0.238533E+10     0.227900E+10     0.226000E+10     0.212279E+10     0.214270E+10     0.219824E+10     0.218600E+10     0.217071E+10     0.209427E+10     0.210300E+10     0.226255E+10     0.245500E+10     0.226657E+10     0.220400E+10     0.227545E+10     0.213360E+10     0.183200E+10     0.194385E+10     0.200479E+10     0.189957E+10     0.192077E+10     0.192400E+10     0.200003E+10     0.205827E+10     0.196363E+10     0.189600E+10     0.184753E+10     0.190500E+10     0.181400E+10     0.181400E+10     0.181400E+10     0.181400E+10     0.181400E+10     0.181400E+10     0.181400E+10     0.181400E+10     0.181400E+10     0.181400E+10     0.181400E+10     0.181400E+10     0.181400E+10     0.181400E+10     0.181400E+10     0.181400E+10     0.181400E+10     0.181400E+10     0.181400E+10     0.100000E+21
 0.300000E+04     0.133260E+11     0.122166E+11     0.995009E+10     0.103930E+11     0.103930E+11     0.103930E+11     0.103930E+11     0.144904E+11     0.170240E+11     0.157049E+11     0.129430E+11     0.129430E+11     0.118306E+11     0.860300E+10     0.860300E+10     0.860300E+10     0.860300E+10     0.860300E+10     0.860300E+10     0.630089E+10     0.480400E+10     0.508641E+10     0.112095E+11     0.130846E+11     0.110818E+11     0.843373E+10     0.758700E+10     0.699517E+10     0.670000E+10     0.730500E+10     0.872903E+10     0.102160E+11     0.804065E+10     0.583600E+10     0.633786E+10     0.662683E+10     0.662200E+10     0.747607E+10     0.804100E+10     0.626477E+10     0.621600E+10     0.613200E+10     0.575211E+10     0.570077E+10     0.651123E+10     0.620023E+10     0.531800E+10     0.778763E+10     0.132700E+11     0.127642E+11     0.130020E+11     0.132860E+11     0.127922E+11     0.102801E+11     0.849197E+10     0.510207E+10     0.507300E+10     0.502800E+10     0.500067E+10     0.506728E+10     0.501713E+10     0.465720E+10     0.499242E+10     0.509400E+10     0.504900E+10     0.486871E+10     0.445500E+10     0.439790E+10     0.437300E+10     0.455300E+10     0.452587E+10     0.446900E+10     0.440765E+10     0.292392E+10     0.227948E+10     0.230335E+10     0.256520E+10     0.269600E+10     0.252799E+10     0.227900E+10     0.226000E+10     0.215858E+10     0.202100E+10     0.219806E+10     0.218600E+10     0.224012E+10     0.212304E+10     0.210300E+10     0.209052E+10     0.245500E+10     0.233919E+10     0.220400E+10     0.218600E+10     0.221680E+10     0.187140E+10     0.183654E+10     0.199776E+10     0.186505E+10     0.186673E+10     0.192400E+10     0.191480E+10     0.203056E+10     0.209200E+10     0.196411E+10     0.184828E+10     0.190500E+10     0.181400E+10     0.181400E+10     0.181400E+10     0.181400E+10     0.181400E+10     0.181400E+10     0.181400E+10     0.181400E+10     0.181400E+10     0.181400E+10     0.181400E+10     0.181400E+10     0.181400E+10     0.181400E+10     0.181400E+10     0.181400E+10     0.181400E+10     0.181400E+10     0.181400E+10     0.100000E+21
 0.302000E+04     0.133260E+11     0.133260E+11     0.106911E+11     0.980322E+10     0.103930E+11     0.103930E+11     0.103930E+11     0.149260E+11     0.170240E+11     0.137519E+11     0.120190E+11     0.129430E+11     0.129430E+11     0.860300E+10     0.860300E+10     0.860300E+10     0.860300E+10     0.860300E+10     0.860300E+10     0.721080E+10     0.493550E+10     0.484536E+10     0.745700E+10     0.106675E+11     0.100587E+11     0.901532E+10     0.818287E+10     0.724032E+10     0.670000E+10     0.730500E+10     0.854872E+10     0.102160E+11     0.102842E+11     0.583600E+10     0.583600E+10     0.646037E+10     0.667522E+10     0.684032E+10     0.804100E+10     0.675563E+10     0.621600E+10     0.613200E+10     0.586835E+10     0.548800E+10     0.616770E+10     0.689900E+10     0.531800E+10     0.535010E+10     0.980439E+10     0.118953E+11     0.122815E+11     0.125970E+11     0.127924E+11     0.117580E+11     0.111660E+11     0.706663E+10     0.507300E+10     0.502800E+10     0.499799E+10     0.493900E+10     0.500803E+10     0.484321E+10     0.473637E+10     0.488768E+10     0.504900E+10     0.501372E+10     0.445500E+10     0.440034E+10     0.437300E+10     0.444799E+10     0.449252E+10     0.446900E+10     0.444006E+10     0.391658E+10     0.323109E+10     0.267088E+10     0.241902E+10     0.269600E+10     0.261241E+10     0.245560E+10     0.226000E+10     0.220460E+10     0.211574E+10     0.212918E+10     0.218600E+10     0.216800E+10     0.208636E+10     0.206252E+10     0.208006E+10     0.227062E+10     0.238852E+10     0.230788E+10     0.218600E+10     0.217242E+10     0.208719E+10     0.192466E+10     0.185642E+10     0.199494E+10     0.189815E+10     0.192400E+10     0.191338E+10     0.192500E+10     0.199258E+10     0.197444E+10     0.185254E+10     0.190500E+10     0.181400E+10     0.181400E+10     0.181400E+10     0.181400E+10     0.181400E+10     0.181400E+10     0.181400E+10     0.181400E+10     0.181400E+10     0.181400E+10     0.181400E+10     0.181400E+10     0.181400E+10     0.181400E+10     0.181400E+10     0.181400E+10     0.181400E+10     0.181400E+10     0.181400E+10     0.100000E+21
 0.304000E+04     0.112416E+11     0.127614E+11     0.129420E+11     0.127511E+11     0.965379E+10     0.103930E+11     0.103930E+11     0.149406E+11     0.170240E+11     0.110060E+11     0.110060E+11     0.116333E+11     0.124381E+11     0.119640E+11     0.894297E+10     0.860300E+10     0.860300E+10     0.860300E+10     0.860300E+10     0.860300E+10     0.809487E+10     0.564326E+10     0.509203E+10     0.508600E+10     0.111513E+11     0.959158E+10     0.886300E+10     0.737648E+10     0.728519E+10     0.683416E+10     0.772264E+10     0.812479E+10     0.102054E+11     0.104462E+11     0.583600E+10     0.599729E+10     0.673400E+10     0.669656E+10     0.679933E+10     0.726759E+10     0.621600E+10     0.613200E+10     0.606393E+10     0.588490E+10     0.558977E+10     0.615756E+10     0.654995E+10     0.553231E+10     0.519927E+10     0.612145E+10     0.124154E+11     0.118070E+11     0.118534E+11     0.124087E+11     0.121184E+11     0.938703E+10     0.507300E+10     0.502800E+10     0.499803E+10     0.493900E+10     0.493127E+10     0.513600E+10     0.481837E+10     0.467200E+10     0.472444E+10     0.497405E+10     0.486113E+10     0.440031E+10     0.437300E+10     0.433100E+10     0.433075E+10     0.446900E+10     0.443867E+10     0.431886E+10     0.421500E+10     0.301462E+10     0.235526E+10     0.234480E+10     0.266979E+10     0.265500E+10     0.251345E+10     0.223566E+10     0.222300E+10     0.215668E+10     0.203147E+10     0.216800E+10     0.213803E+10     0.201800E+10     0.207654E+10     0.206700E+10     0.242792E+10     0.241600E+10     0.235098E+10     0.219810E+10     0.217294E+10     0.220424E+10     0.185409E+10     0.185958E+10     0.200071E+10     0.183109E+10     0.189710E+10     0.188897E+10     0.187900E+10     0.190519E+10     0.198838E+10     0.190500E+10     0.181400E+10     0.181400E+10     0.181400E+10     0.181400E+10     0.181400E+10     0.181400E+10     0.181400E+10     0.181400E+10     0.181400E+10     0.181400E+10     0.181400E+10     0.181400E+10     0.181400E+10     0.181400E+10     0.181400E+10     0.181400E+10     0.181400E+10     0.181400E+10     0.181400E+10     0.100000E+21
 0.306000E+04     0.109130E+11     0.109130E+11     0.133260E+11     0.133260E+11     0.121932E+11     0.912600E+10     0.103930E+11     0.149928E+11     0.170240E+11     0.956712E+10     0.110060E+11     0.110060E+11     0.121636E+11     0.129430E+11     0.129430E+11     0.860300E+10     0.860300E+10     0.860300E+10     0.860300E+10     0.860300E+10     0.860300E+10     0.604821E+10     0.522093E+10     0.583600E+10     0.533131E+10     0.141756E+11     0.968300E+10     0.833991E+10     0.739800E+10     0.661200E+10     0.736042E+10     0.773800E+10     0.105392E+11     0.117320E+11     0.583600E+10     0.583600E+10     0.583600E+10     0.661645E+10     0.644600E+10     0.790507E+10     0.784400E+10     0.613200E+10     0.606440E+10     0.596600E+10     0.590708E+10     0.533600E+10     0.681200E+10     0.675013E+10     0.516600E+10     0.510858E+10     0.779795E+10     0.126160E+11     0.119214E+11     0.114623E+11     0.122700E+11     0.115935E+11     0.105520E+11     0.502800E+10     0.499765E+10     0.493900E+10     0.488782E+10     0.485100E+10     0.483840E+10     0.449200E+10     0.462900E+10     0.459386E+10     0.496000E+10     0.473860E+10     0.437300E+10     0.433100E+10     0.430103E+10     0.446900E+10     0.443884E+10     0.437023E+10     0.434500E+10     0.423386E+10     0.228146E+10     0.211600E+10     0.237905E+10     0.265500E+10     0.263500E+10     0.223578E+10     0.222300E+10     0.220049E+10     0.218600E+10     0.216800E+10     0.215690E+10     0.213200E+10     0.201979E+10     0.206700E+10     0.218317E+10     0.241600E+10     0.239700E+10     0.221682E+10     0.215000E+10     0.213708E+10     0.226000E+10     0.181400E+10     0.181400E+10     0.206000E+10     0.187172E+10     0.188909E+10     0.187900E+10     0.187006E+10     0.186432E+10     0.190500E+10     0.181400E+10     0.181400E+10     0.181400E+10     0.181400E+10     0.181400E+10     0.181400E+10     0.181400E+10     0.181400E+10     0.181400E+10     0.181400E+10     0.181400E+10     0.181400E+10     0.181400E+10     0.181400E+10     0.181400E+10     0.181400E+10     0.181400E+10     0.181400E+10     0.181400E+10     0.100000E+21
 0.308000E+04     0.102192E+11     0.105297E+11     0.128885E+11     0.133260E+11     0.125457E+11     0.104076E+11     0.990889E+10     0.144909E+11     0.170240E+11     0.951886E+10     0.104556E+11     0.110060E+11     0.117290E+11     0.129430E+11     0.129430E+11     0.860300E+10     0.860300E+10     0.860300E+10     0.860300E+10     0.860300E+10     0.860300E+10     0.693966E+10     0.512135E+10     0.552723E+10     0.520138E+10     0.135987E+11     0.968300E+10     0.827670E+10     0.739800E+10     0.687417E+10     0.716747E+10     0.755292E+10     0.996575E+10     0.112591E+11     0.809402E+10     0.680751E+10     0.583600E+10     0.660751E+10     0.648073E+10     0.758165E+10     0.784400E+10     0.663823E+10     0.627255E+10     0.596600E+10     0.591140E+10     0.551332E+10     0.634247E+10     0.652758E+10     0.560998E+10     0.531630E+10     0.682336E+10     0.103931E+11     0.108500E+11     0.113425E+11     0.118496E+11     0.116509E+11     0.108805E+11     0.702894E+10     0.581185E+10     0.493900E+10     0.488340E+10     0.485100E+10     0.486901E+10     0.470146E+10     0.457270E+10     0.457696E+10     0.496000E+10     0.471599E+10     0.437300E+10     0.433100E+10     0.430359E+10     0.440361E+10     0.441107E+10     0.436912E+10     0.434500E+10     0.424004E+10     0.260839E+10     0.217628E+10     0.230631E+10     0.253209E+10     0.263500E+10     0.230921E+10     0.222300E+10     0.219894E+10     0.218600E+10     0.209199E+10     0.212371E+10     0.213200E+10     0.203398E+10     0.204086E+10     0.213159E+10     0.226894E+10     0.239700E+10     0.227506E+10     0.215000E+10     0.213811E+10     0.226000E+10     0.182723E+10     0.182065E+10     0.199666E+10     0.187593E+10     0.187229E+10     0.187900E+10     0.187039E+10     0.186786E+10     0.190500E+10     0.181400E+10     0.181400E+10     0.181400E+10     0.181400E+10     0.181400E+10     0.181400E+10     0.181400E+10     0.181400E+10     0.181400E+10     0.181400E+10     0.181400E+10     0.181400E+10     0.181400E+10     0.181400E+10     0.181400E+10     0.181400E+10     0.181400E+10     0.181400E+10     0.181400E+10     0.100000E+21
 0.310000E+04     0.113726E+11     0.105298E+11     0.113914E+11     0.122154E+11     0.133260E+11     0.133260E+11     0.111188E+11     0.147767E+11     0.170240E+11     0.925500E+10     0.925500E+10     0.101758E+11     0.106372E+11     0.120513E+11     0.126458E+11     0.105995E+11     0.860300E+10     0.860300E+10     0.860300E+10     0.860300E+10     0.860300E+10     0.860300E+10     0.496202E+10     0.480400E+10     0.518433E+10     0.114824E+11     0.123906E+11     0.870165E+10     0.797630E+10     0.730500E+10     0.674900E+10     0.712100E+10     0.851429E+10     0.102160E+11     0.117320E+11     0.988704E+10     0.583600E+10     0.636659E+10     0.655700E+10     0.670019E+10     0.709910E+10     0.774700E+10     0.661176E+10     0.596600E+10     0.591420E+10     0.580200E+10     0.526100E+10     0.573610E+10     0.663900E+10     0.609320E+10     0.503323E+10     0.506523E+10     0.727490E+10     0.112742E+11     0.108620E+11     0.114211E+11     0.116200E+11     0.107509E+11     0.864899E+10     0.493900E+10     0.488096E+10     0.485100E+10     0.491468E+10     0.504600E+10     0.470368E+10     0.457437E+10     0.476914E+10     0.479645E+10     0.460938E+10     0.433100E+10     0.430522E+10     0.425000E+10     0.436034E+10     0.436845E+10     0.434500E+10     0.427944E+10     0.343412E+10     0.231600E+10     0.215574E+10     0.224900E+10     0.263500E+10     0.253461E+10     0.239355E+10     0.219803E+10     0.218600E+10     0.206342E+10     0.206070E+10     0.213200E+10     0.207655E+10     0.198300E+10     0.201971E+10     0.203200E+10     0.239700E+10     0.238378E+10     0.224562E+10     0.217672E+10     0.219083E+10     0.203406E+10     0.191064E+10     0.183447E+10     0.184408E+10     0.184887E+10     0.187900E+10     0.187059E+10     0.187018E+10     0.190500E+10     0.181400E+10     0.181400E+10     0.181400E+10     0.181400E+10     0.181400E+10     0.181400E+10     0.181400E+10     0.181400E+10     0.181400E+10     0.181400E+10     0.181400E+10     0.181400E+10     0.181400E+10     0.181400E+10     0.181400E+10     0.181400E+10     0.181400E+10     0.181400E+10     0.181400E+10     0.100000E+21
 0.312000E+04     0.137510E+11     0.143116E+11     0.919419E+10     0.109130E+11     0.115684E+11     0.133260E+11     0.133260E+11     0.158871E+11     0.170240E+11     0.925500E+10     0.925500E+10     0.925500E+10     0.103011E+11     0.110060E+11     0.126331E+11     0.129430E+11     0.114447E+11     0.860300E+10     0.860300E+10     0.860300E+10     0.860300E+10     0.860300E+10     0.718144E+10     0.508600E+10     0.489646E+10     0.762762E+10     0.155530E+11     0.929171E+10     0.865600E+10     0.730500E+10     0.670141E+10     0.643800E+10     0.714115E+10     0.754500E+10     0.102160E+11     0.111798E+11     0.583600E+10     0.583600E+10     0.583600E+10     0.639485E+10     0.627400E+10     0.618800E+10     0.735701E+10     0.596600E+10     0.590720E+10     0.580200E+10     0.572100E+10     0.534199E+10     0.511300E+10     0.619254E+10     0.593903E+10     0.494100E+10     0.489611E+10     0.679538E+10     0.116320E+11     0.104813E+11     0.102580E+11     0.113030E+11     0.110928E+11     0.966900E+10     0.488748E+10     0.485100E+10     0.478886E+10     0.476400E+10     0.500100E+10     0.496452E+10     0.436700E+10     0.462307E+10     0.487100E+10     0.482800E+10     0.442697E+10     0.425000E+10     0.422072E+10     0.437021E+10     0.434500E+10     0.431822E+10     0.422161E+10     0.409500E+10     0.223518E+10     0.208400E+10     0.223000E+10     0.260817E+10     0.259400E+10     0.249624E+10     0.218600E+10     0.216800E+10     0.215690E+10     0.193600E+10     0.208680E+10     0.209600E+10     0.195981E+10     0.194900E+10     0.201400E+10     0.229810E+10     0.235800E+10     0.234440E+10     0.211400E+10     0.209600E+10     0.218376E+10     0.182900E+10     0.181764E+10     0.196172E+10     0.183200E+10     0.185107E+10     0.186448E+10     0.190500E+10     0.181400E+10     0.181400E+10     0.181400E+10     0.181400E+10     0.181400E+10     0.181400E+10     0.181400E+10     0.181400E+10     0.181400E+10     0.181400E+10     0.181400E+10     0.181400E+10     0.181400E+10     0.181400E+10     0.181400E+10     0.181400E+10     0.181400E+10     0.181400E+10     0.181400E+10     0.100000E+21
 0.314000E+04     0.137510E+11     0.139198E+11     0.131854E+11     0.136583E+11     0.112336E+11     0.115730E+11     0.133260E+11     0.140168E+11     0.170240E+11     0.925500E+10     0.925500E+10     0.925500E+10     0.958973E+10     0.110060E+11     0.113207E+11     0.129430E+11     0.113206E+11     0.860300E+10     0.860300E+10     0.860300E+10     0.860300E+10     0.860300E+10     0.801697E+10     0.767664E+10     0.577630E+10     0.620605E+10     0.789954E+10     0.122247E+11     0.925340E+10     0.810232E+10     0.688732E+10     0.643800E+10     0.679429E+10     0.754500E+10     0.102160E+11     0.105054E+11     0.100637E+11     0.583600E+10     0.583600E+10     0.616119E+10     0.634316E+10     0.618800E+10     0.726857E+10     0.712831E+10     0.621587E+10     0.580200E+10     0.572100E+10     0.558348E+10     0.511300E+10     0.530073E+10     0.621639E+10     0.600680E+10     0.525004E+10     0.574478E+10     0.669955E+10     0.108619E+11     0.102580E+11     0.104544E+11     0.108207E+11     0.104040E+11     0.755649E+10     0.485100E+10     0.478823E+10     0.476400E+10     0.480163E+10     0.492979E+10     0.476239E+10     0.446836E+10     0.461134E+10     0.482800E+10     0.470897E+10     0.425000E+10     0.422270E+10     0.428244E+10     0.434500E+10     0.431938E+10     0.423542E+10     0.418911E+10     0.311939E+10     0.222643E+10     0.212692E+10     0.241211E+10     0.259400E+10     0.252707E+10     0.244862E+10     0.216800E+10     0.215729E+10     0.207603E+10     0.198055E+10     0.209600E+10     0.200638E+10     0.194900E+10     0.201400E+10     0.206713E+10     0.235800E+10     0.234519E+10     0.224561E+10     0.209600E+10     0.211131E+10     0.210320E+10     0.188909E+10     0.189731E+10     0.196091E+10     0.187586E+10     0.186701E+10     0.190500E+10     0.181400E+10     0.181400E+10     0.181400E+10     0.181400E+10     0.181400E+10     0.181400E+10     0.181400E+10     0.181400E+10     0.181400E+10     0.181400E+10     0.181400E+10     0.181400E+10     0.181400E+10     0.181400E+10     0.181400E+10     0.181400E+10     0.181400E+10     0.181400E+10     0.181400E+10     0.100000E+21
 0.316000E+04     0.137510E+11     0.137510E+11     0.139488E+11     0.146350E+11     0.136646E+11     0.109130E+11     0.109130E+11     0.125963E+11     0.170240E+11     0.925500E+10     0.925500E+10     0.925500E+10     0.925500E+10     0.925500E+10     0.108918E+11     0.110060E+11     0.129430E+11     0.129430E+11     0.860300E+10     0.860300E+10     0.860300E+10     0.860300E+10     0.860300E+10     0.860300E+10     0.622901E+10     0.485276E+10     0.508600E+10     0.641955E+10     0.947000E+10     0.936500E+10     0.808910E+10     0.712100E+10     0.646249E+10     0.693900E+10     0.745000E+10     0.920996E+10     0.117320E+11     0.115544E+11     0.583600E+10     0.604577E+10     0.638300E+10     0.629700E+10     0.613508E+10     0.755400E+10     0.635713E+10     0.580200E+10     0.572100E+10     0.566362E+10     0.556200E+10     0.514487E+10     0.545738E+10     0.638500E+10     0.633397E+10     0.477753E+10     0.472300E+10     0.633484E+10     0.110020E+11     0.996300E+10     0.976742E+10     0.106840E+11     0.102546E+11     0.910600E+10     0.478883E+10     0.476400E+10     0.472100E+10     0.468229E+10     0.491300E+10     0.468021E+10     0.428500E+10     0.441900E+10     0.469722E+10     0.474100E+10     0.433887E+10     0.415459E+10     0.413000E+10     0.424391E+10     0.425576E+10     0.422300E+10     0.355344E+10     0.227900E+10     0.226000E+10     0.220661E+10     0.219300E+10     0.257078E+10     0.255400E+10     0.253400E+10     0.229726E+10     0.213200E+10     0.211454E+10     0.190600E+10     0.203108E+10     0.194900E+10     0.193300E+10     0.198495E+10     0.235800E+10     0.234417E+10     0.232000E+10     0.230100E+10     0.214583E+10     0.206000E+10     0.216421E+10     0.181400E+10     0.181400E+10     0.191878E+10     0.183753E+10     0.190500E+10     0.181400E+10     0.181400E+10     0.181400E+10     0.181400E+10     0.181400E+10     0.181400E+10     0.181400E+10     0.181400E+10     0.181400E+10     0.181400E+10     0.181400E+10     0.181400E+10     0.181400E+10     0.181400E+10     0.181400E+10     0.181400E+10     0.181400E+10     0.181400E+10     0.181400E+10     0.100000E+21
 0.318000E+04     0.120838E+11     0.132825E+11     0.138518E+11     0.139480E+11     0.141678E+11     0.136666E+11     0.948065E+10     0.109615E+11     0.170240E+11     0.925500E+10     0.925500E+10     0.925500E+10     0.925500E+10     0.925500E+10     0.106984E+11     0.110060E+11     0.120887E+11     0.129430E+11     0.860300E+10     0.860300E+10     0.860300E+10     0.860300E+10     0.860300E+10     0.860300E+10     0.790277E+10     0.500371E+10     0.487031E+10     0.761958E+10     0.140964E+11     0.936500E+10     0.805436E+10     0.712100E+10     0.656806E+10     0.645864E+10     0.707988E+10     0.783963E+10     0.106444E+11     0.112782E+11     0.100325E+11     0.592580E+10     0.604535E+10     0.629700E+10     0.614559E+10     0.639638E+10     0.692119E+10     0.580200E+10     0.572100E+10     0.566539E+10     0.556200E+10     0.543750E+10     0.516943E+10     0.523030E+10     0.599158E+10     0.556106E+10     0.472300E+10     0.546743E+10     0.647943E+10     0.104137E+11     0.991430E+10     0.973424E+10     0.102442E+11     0.979848E+10     0.627363E+10     0.476400E+10     0.472100E+10     0.468601E+10     0.470896E+10     0.477538E+10     0.461751E+10     0.429197E+10     0.443658E+10     0.474100E+10     0.462868E+10     0.415419E+10     0.413000E+10     0.414744E+10     0.425322E+10     0.422300E+10     0.387729E+10     0.358224E+10     0.226000E+10     0.212622E+10     0.219300E+10     0.232058E+10     0.255400E+10     0.253400E+10     0.244797E+10     0.213200E+10     0.211704E+10     0.204231E+10     0.197480E+10     0.201736E+10     0.193300E+10     0.193474E+10     0.206903E+10     0.228046E+10     0.232000E+10     0.230100E+10     0.215006E+10     0.206000E+10     0.206696E+10     0.181400E+10     0.181400E+10     0.184969E+10     0.192542E+10     0.190500E+10     0.181400E+10     0.181400E+10     0.181400E+10     0.181400E+10     0.181400E+10     0.181400E+10     0.181400E+10     0.181400E+10     0.181400E+10     0.181400E+10     0.181400E+10     0.181400E+10     0.181400E+10     0.181400E+10     0.181400E+10     0.181400E+10     0.181400E+10     0.181400E+10     0.181400E+10     0.100000E+21
 0.320000E+04     0.116070E+11     0.123894E+11     0.137510E+11     0.137510E+11     0.144292E+11     0.146350E+11     0.111085E+11     0.110566E+11     0.170240E+11     0.925500E+10     0.925500E+10     0.925500E+10     0.925500E+10     0.925500E+10     0.100882E+11     0.110060E+11     0.117686E+11     0.129430E+11     0.101979E+11     0.925139E+10     0.860300E+10     0.860300E+10     0.860300E+10     0.860300E+10     0.860300E+10     0.498306E+10     0.480400E+10     0.722538E+10     0.117414E+11     0.936500E+10     0.835464E+10     0.756832E+10     0.660723E+10     0.626700E+10     0.657085E+10     0.689473E+10     0.912894E+10     0.113744E+11     0.117320E+11     0.716853E+10     0.583600E+10     0.612692E+10     0.612310E+10     0.602000E+10     0.694017E+10     0.645124E+10     0.572100E+10     0.566971E+10     0.556200E+10     0.551165E+10     0.503978E+10     0.489600E+10     0.537736E+10     0.590543E+10     0.523787E+10     0.466962E+10     0.472415E+10     0.820981E+10     0.921554E+10     0.939000E+10     0.999694E+10     0.100860E+11     0.796378E+10     0.633597E+10     0.472100E+10     0.469069E+10     0.463500E+10     0.478856E+10     0.482500E+10     0.444148E+10     0.437476E+10     0.459389E+10     0.464914E+10     0.426272E+10     0.413000E+10     0.410579E+10     0.420304E+10     0.422300E+10     0.414360E+10     0.406233E+10     0.297321E+10     0.212169E+10     0.213614E+10     0.223579E+10     0.240753E+10     0.253400E+10     0.252238E+10     0.226547E+10     0.216707E+10     0.209600E+10     0.195966E+10     0.206000E+10     0.197315E+10     0.193866E+10     0.198000E+10     0.212399E+10     0.232000E+10     0.230100E+10     0.220784E+10     0.206000E+10     0.204857E+10     0.189562E+10     0.181400E+10     0.181400E+10     0.191278E+10     0.190500E+10     0.181400E+10     0.181400E+10     0.181400E+10     0.181400E+10     0.181400E+10     0.181400E+10     0.181400E+10     0.181400E+10     0.181400E+10     0.181400E+10     0.181400E+10     0.181400E+10     0.181400E+10     0.181400E+10     0.181400E+10     0.181400E+10     0.181400E+10     0.181400E+10     0.181400E+10     0.100000E+21
 0.322000E+04     0.116070E+11     0.116070E+11     0.124116E+11     0.137510E+11     0.138555E+11     0.139626E+11     0.146350E+11     0.138476E+11     0.170240E+11     0.925500E+10     0.925500E+10     0.925500E+10     0.925500E+10     0.925500E+10     0.925500E+10     0.973437E+10     0.113009E+11     0.117955E+11     0.129430E+11     0.952777E+10     0.860300E+10     0.860300E+10     0.860300E+10     0.860300E+10     0.860300E+10     0.758365E+10     0.504521E+10     0.494940E+10     0.508600E+10     0.130822E+11     0.913368E+10     0.903085E+10     0.774952E+10     0.674148E+10     0.618200E+10     0.655005E+10     0.726200E+10     0.102497E+11     0.117320E+11     0.947348E+10     0.583600E+10     0.583600E+10     0.615089E+10     0.610527E+10     0.628870E+10     0.736500E+10     0.694573E+10     0.590337E+10     0.556200E+10     0.549882E+10     0.531240E+10     0.529744E+10     0.494536E+10     0.533518E+10     0.613700E+10     0.544086E+10     0.458100E+10     0.460260E+10     0.588394E+10     0.991693E+10     0.914131E+10     0.922294E+10     0.950224E+10     0.913102E+10     0.719339E+10     0.487048E+10     0.463500E+10     0.461876E+10     0.466196E+10     0.478100E+10     0.464751E+10     0.417148E+10     0.435013E+10     0.455752E+10     0.457790E+10     0.419632E+10     0.406065E+10     0.403097E+10     0.417171E+10     0.414300E+10     0.405222E+10     0.308158E+10     0.218663E+10     0.206542E+10     0.215700E+10     0.253400E+10     0.252166E+10     0.249400E+10     0.246647E+10     0.209600E+10     0.199291E+10     0.195090E+10     0.204200E+10     0.201097E+10     0.191496E+10     0.195608E+10     0.209473E+10     0.230100E+10     0.228777E+10     0.223449E+10     0.206505E+10     0.204780E+10     0.210719E+10     0.195729E+10     0.192651E+10     0.190500E+10     0.181400E+10     0.181400E+10     0.181400E+10     0.181400E+10     0.181400E+10     0.181400E+10     0.181400E+10     0.181400E+10     0.181400E+10     0.181400E+10     0.181400E+10     0.181400E+10     0.181400E+10     0.181400E+10     0.181400E+10     0.181400E+10     0.181400E+10     0.181400E+10     0.181400E+10     0.100000E+21
 0.324000E+04     0.108355E+11     0.113304E+11     0.119472E+11     0.123894E+11     0.137510E+11     0.137510E+11     0.141191E+11     0.144549E+11     0.170240E+11     0.925500E+10     0.925500E+10     0.925500E+10     0.925500E+10     0.925500E+10     0.925500E+10     0.925500E+10     0.110060E+11     0.110060E+11     0.129430E+11     0.119306E+11     0.860300E+10     0.860300E+10     0.860300E+10     0.860300E+10     0.860300E+10     0.731916E+10     0.508600E+10     0.506175E+10     0.556289E+10     0.941857E+10     0.118147E+11     0.915600E+10     0.783306E+10     0.693900E+10     0.634116E+10     0.634499E+10     0.688848E+10     0.895486E+10     0.107750E+11     0.106494E+11     0.927717E+10     0.583600E+10     0.592358E+10     0.612600E+10     0.604799E+10     0.648164E+10     0.727100E+10     0.622594E+10     0.556200E+10     0.551165E+10     0.537461E+10     0.532800E+10     0.518693E+10     0.513628E+10     0.521307E+10     0.537130E+10     0.546400E+10     0.531722E+10     0.481154E+10     0.660997E+10     0.935678E+10     0.883700E+10     0.925814E+10     0.950800E+10     0.888421E+10     0.747597E+10     0.463500E+10     0.457660E+10     0.455000E+10     0.460807E+10     0.470229E+10     0.450165E+10     0.428319E+10     0.449536E+10     0.461200E+10     0.447652E+10     0.403586E+10     0.401100E+10     0.408237E+10     0.414300E+10     0.410300E+10     0.370414E+10     0.328875E+10     0.214694E+10     0.215700E+10     0.230346E+10     0.242935E+10     0.249400E+10     0.247969E+10     0.232289E+10     0.203773E+10     0.198327E+10     0.192766E+10     0.199922E+10     0.196915E+10     0.193120E+10     0.194500E+10     0.206510E+10     0.221321E+10     0.226400E+10     0.215937E+10     0.204827E+10     0.197760E+10     0.193259E+10     0.194853E+10     0.190500E+10     0.181400E+10     0.181400E+10     0.181400E+10     0.181400E+10     0.181400E+10     0.181400E+10     0.181400E+10     0.181400E+10     0.181400E+10     0.181400E+10     0.181400E+10     0.181400E+10     0.181400E+10     0.181400E+10     0.181400E+10     0.181400E+10     0.181400E+10     0.181400E+10     0.181400E+10     0.100000E+21
 0.326000E+04     0.129030E+11     0.113401E+11     0.116070E+11     0.116070E+11     0.122214E+11     0.137510E+11     0.137510E+11     0.137510E+11     0.170240E+11     0.925500E+10     0.925500E+10     0.925500E+10     0.925500E+10     0.925500E+10     0.925500E+10     0.925500E+10     0.988162E+10     0.110060E+11     0.110060E+11     0.124585E+11     0.860300E+10     0.860300E+10     0.860300E+10     0.860300E+10     0.860300E+10     0.860300E+10     0.860300E+10     0.499487E+10     0.480400E+10     0.508600E+10     0.820749E+10     0.155530E+11     0.884258E+10     0.815100E+10     0.684900E+10     0.638024E+10     0.601500E+10     0.666715E+10     0.707700E+10     0.108128E+11     0.117320E+11     0.117320E+11     0.710654E+10     0.583600E+10     0.597895E+10     0.585400E+10     0.577200E+10     0.674933E+10     0.556200E+10     0.550378E+10     0.537733E+10     0.532800E+10     0.528143E+10     0.515364E+10     0.509900E+10     0.470414E+10     0.495000E+10     0.589400E+10     0.584184E+10     0.437200E+10     0.545709E+10     0.951900E+10     0.845473E+10     0.830400E+10     0.922700E+10     0.900242E+10     0.778600E+10     0.457839E+10     0.455000E+10     0.450800E+10     0.447727E+10     0.469500E+10     0.466408E+10     0.413637E+10     0.421500E+10     0.444242E+10     0.451695E+10     0.448600E+10     0.396011E+10     0.393300E+10     0.389500E+10     0.405176E+10     0.402400E+10     0.350084E+10     0.218600E+10     0.213900E+10     0.212809E+10     0.249400E+10     0.247737E+10     0.245500E+10     0.229407E+10     0.206000E+10     0.204200E+10     0.189232E+10     0.200700E+10     0.199507E+10     0.187300E+10     0.193000E+10     0.193609E+10     0.192400E+10     0.191282E+10     0.210386E+10     0.209200E+10     0.195814E+10     0.186523E+10     0.190500E+10     0.181400E+10     0.181400E+10     0.181400E+10     0.181400E+10     0.181400E+10     0.181400E+10     0.181400E+10     0.181400E+10     0.181400E+10     0.181400E+10     0.181400E+10     0.181400E+10     0.181400E+10     0.181400E+10     0.181400E+10     0.181400E+10     0.181400E+10     0.181400E+10     0.181400E+10     0.100000E+21
 0.328000E+04     0.166574E+11     0.131552E+11     0.108467E+11     0.116070E+11     0.118600E+11     0.121147E+11     0.137510E+11     0.137510E+11     0.170240E+11     0.108465E+11     0.925500E+10     0.925500E+10     0.925500E+10     0.925500E+10     0.925500E+10     0.925500E+10     0.985676E+10     0.110060E+11     0.110060E+11     0.125291E+11     0.124766E+11     0.922782E+10     0.860300E+10     0.860300E+10     0.860300E+10     0.860300E+10     0.860300E+10     0.500022E+10     0.480400E+10     0.553862E+10     0.793413E+10     0.155530E+11     0.896375E+10     0.871783E+10     0.756562E+10     0.689402E+10     0.601500E+10     0.658955E+10     0.666883E+10     0.104687E+11     0.108265E+11     0.117320E+11     0.109039E+11     0.583600E+10     0.587764E+10     0.591697E+10     0.577200E+10     0.601652E+10     0.693720E+10     0.567245E+10     0.537841E+10     0.532800E+10     0.528066E+10     0.515656E+10     0.509900E+10     0.487781E+10     0.465093E+10     0.528827E+10     0.565800E+10     0.539383E+10     0.456294E+10     0.584990E+10     0.869835E+10     0.830400E+10     0.840609E+10     0.891535E+10     0.845573E+10     0.594308E+10     0.455000E+10     0.450800E+10     0.447599E+10     0.443951E+10     0.446720E+10     0.430633E+10     0.405794E+10     0.424146E+10     0.451956E+10     0.448600E+10     0.420343E+10     0.393300E+10     0.389500E+10     0.394572E+10     0.402400E+10     0.382010E+10     0.333278E+10     0.312218E+10     0.249632E+10     0.221884E+10     0.246833E+10     0.245500E+10     0.237134E+10     0.227207E+10     0.204200E+10     0.199996E+10     0.200700E+10     0.190184E+10     0.183739E+10     0.189026E+10     0.190484E+10     0.192400E+10     0.191159E+10     0.200448E+10     0.209200E+10     0.203563E+10     0.186348E+10     0.190500E+10     0.181400E+10     0.181400E+10     0.181400E+10     0.181400E+10     0.181400E+10     0.181400E+10     0.181400E+10     0.181400E+10     0.181400E+10     0.181400E+10     0.181400E+10     0.181400E+10     0.181400E+10     0.181400E+10     0.181400E+10     0.181400E+10     0.181400E+10     0.181400E+10     0.181400E+10     0.100000E+21
 0.330000E+04     0.167930E+11     0.151658E+11     0.110278E+11     0.112884E+11     0.116070E+11     0.116070E+11     0.129672E+11     0.134450E+11     0.170240E+11     0.108470E+11     0.925500E+10     0.925500E+10     0.925500E+10     0.925500E+10     0.925500E+10     0.925500E+10     0.990956E+10     0.110060E+11     0.110060E+11     0.123890E+11     0.129430E+11     0.999850E+10     0.860300E+10     0.860300E+10     0.860300E+10     0.860300E+10     0.860300E+10     0.568689E+10     0.487904E+10     0.546332E+10     0.708408E+10     0.127809E+11     0.101446E+11     0.895000E+10     0.805200E+10     0.726312E+10     0.609111E+10     0.645866E+10     0.649700E+10     0.959793E+10     0.102160E+11     0.117320E+11     0.117320E+11     0.583600E+10     0.583600E+10     0.591426E+10     0.580004E+10     0.573201E+10     0.669469E+10     0.603652E+10     0.537611E+10     0.532800E+10     0.528229E+10     0.515088E+10     0.509900E+10     0.493228E+10     0.465810E+10     0.473032E+10     0.522902E+10     0.573600E+10     0.450961E+10     0.423600E+10     0.718605E+10     0.686739E+10     0.823045E+10     0.861055E+10     0.836581E+10     0.703675E+10     0.555546E+10     0.450800E+10     0.447859E+10     0.442500E+10     0.439701E+10     0.441387E+10     0.418172E+10     0.427271E+10     0.437839E+10     0.438247E+10     0.434070E+10     0.405971E+10     0.389500E+10     0.388306E+10     0.396878E+10     0.395668E+10     0.385822E+10     0.382995E+10     0.313789E+10     0.211128E+10     0.230661E+10     0.234521E+10     0.242760E+10     0.241600E+10     0.204200E+10     0.207979E+10     0.208381E+10     0.200048E+10     0.181400E+10     0.186391E+10     0.187368E+10     0.196056E+10     0.191565E+10     0.193364E+10     0.203590E+10     0.200597E+10     0.190296E+10     0.190500E+10     0.181400E+10     0.181400E+10     0.181400E+10     0.181400E+10     0.181400E+10     0.181400E+10     0.181400E+10     0.181400E+10     0.181400E+10     0.181400E+10     0.181400E+10     0.181400E+10     0.181400E+10     0.181400E+10     0.181400E+10     0.181400E+10     0.181400E+10     0.181400E+10     0.181400E+10     0.100000E+21
 0.332000E+04     0.167930E+11     0.167930E+11     0.146346E+11     0.122010E+11     0.110269E+11     0.116070E+11     0.116070E+11     0.121553E+11     0.170240E+11     0.111900E+11     0.105863E+11     0.925500E+10     0.925500E+10     0.925500E+10     0.925500E+10     0.925500E+10     0.953724E+10     0.100316E+11     0.110060E+11     0.114692E+11     0.129430E+11     0.119144E+11     0.860300E+10     0.860300E+10     0.860300E+10     0.860300E+10     0.860300E+10     0.751621E+10     0.508600E+10     0.480400E+10     0.543887E+10     0.508600E+10     0.141179E+11     0.895000E+10     0.849527E+10     0.784108E+10     0.653142E+10     0.639387E+10     0.608842E+10     0.732956E+10     0.836225E+10     0.107764E+11     0.115736E+11     0.988765E+10     0.674486E+10     0.583600E+10     0.587600E+10     0.579165E+10     0.561100E+10     0.585424E+10     0.597336E+10     0.532800E+10     0.528065E+10     0.515463E+10     0.509900E+10     0.500526E+10     0.495000E+10     0.469972E+10     0.460225E+10     0.507338E+10     0.553431E+10     0.507781E+10     0.418361E+10     0.419921E+10     0.591241E+10     0.794573E+10     0.754100E+10     0.773025E+10     0.777086E+10     0.672710E+10     0.610547E+10     0.442500E+10     0.439499E+10     0.437377E+10     0.437701E+10     0.449055E+10     0.425618E+10     0.397554E+10     0.425523E+10     0.440300E+10     0.415640E+10     0.405686E+10     0.381800E+10     0.383763E+10     0.381803E+10     0.390800E+10     0.385347E+10     0.313006E+10     0.220899E+10     0.208554E+10     0.228129E+10     0.241600E+10     0.226784E+10     0.221517E+10     0.219398E+10     0.226196E+10     0.206483E+10     0.184459E+10     0.183476E+10     0.188651E+10     0.196920E+10     0.186955E+10     0.187900E+10     0.187006E+10     0.191377E+10     0.190500E+10     0.181400E+10     0.181400E+10     0.181400E+10     0.181400E+10     0.181400E+10     0.181400E+10     0.181400E+10     0.181400E+10     0.181400E+10     0.181400E+10     0.181400E+10     0.181400E+10     0.181400E+10     0.181400E+10     0.181400E+10     0.181400E+10     0.181400E+10     0.181400E+10     0.181400E+10     0.100000E+21
 0.334000E+04     0.192429E+11     0.177722E+11     0.160766E+11     0.150025E+11     0.114743E+11     0.109512E+11     0.116070E+11     0.116070E+11     0.170240E+11     0.113780E+11     0.113780E+11     0.925500E+10     0.925500E+10     0.925500E+10     0.925500E+10     0.925500E+10     0.925500E+10     0.925500E+10     0.110060E+11     0.110060E+11     0.129430E+11     0.129430E+11     0.860300E+10     0.860300E+10     0.860300E+10     0.860300E+10     0.860300E+10     0.794885E+10     0.698625E+10     0.495240E+10     0.534982E+10     0.549122E+10     0.106761E+11     0.125142E+11     0.884800E+10     0.832548E+10     0.667100E+10     0.635764E+10     0.585100E+10     0.629482E+10     0.659497E+10     0.837460E+10     0.100937E+11     0.117320E+11     0.100460E+11     0.583600E+10     0.585439E+10     0.581697E+10     0.566601E+10     0.558224E+10     0.611272E+10     0.613008E+10     0.561374E+10     0.514611E+10     0.509900E+10     0.499769E+10     0.495000E+10     0.487700E+10     0.472250E+10     0.452190E+10     0.495430E+10     0.504525E+10     0.483896E+10     0.479978E+10     0.413783E+10     0.539090E+10     0.787640E+10     0.741015E+10     0.757622E+10     0.789600E+10     0.749092E+10     0.559201E+10     0.482475E+10     0.432488E+10     0.430200E+10     0.435033E+10     0.437181E+10     0.420466E+10     0.405497E+10     0.419392E+10     0.436200E+10     0.422142E+10     0.406761E+10     0.376772E+10     0.374300E+10     0.380132E+10     0.384068E+10     0.377531E+10     0.326502E+10     0.203500E+10     0.220208E+10     0.241600E+10     0.239700E+10     0.232125E+10     0.226238E+10     0.222107E+10     0.218317E+10     0.206494E+10     0.191675E+10     0.181400E+10     0.187681E+10     0.190808E+10     0.185361E+10     0.184494E+10     0.187018E+10     0.190500E+10     0.181400E+10     0.181400E+10     0.181400E+10     0.181400E+10     0.181400E+10     0.181400E+10     0.181400E+10     0.181400E+10     0.181400E+10     0.181400E+10     0.181400E+10     0.181400E+10     0.181400E+10     0.181400E+10     0.181400E+10     0.181400E+10     0.181400E+10     0.181400E+10     0.181400E+10     0.100000E+21
 0.336000E+04     0.213310E+11     0.204105E+11     0.167930E+11     0.167930E+11     0.125474E+11     0.121371E+11     0.108569E+11     0.113612E+11     0.170240E+11     0.115822E+11     0.113780E+11     0.105705E+11     0.978900E+10     0.925500E+10     0.925500E+10     0.925500E+10     0.925500E+10     0.925500E+10     0.110060E+11     0.110060E+11     0.129430E+11     0.129430E+11     0.860300E+10     0.860300E+10     0.860300E+10     0.860300E+10     0.860300E+10     0.860300E+10     0.860300E+10     0.508600E+10     0.495293E+10     0.511357E+10     0.642930E+10     0.835135E+10     0.129852E+11     0.101747E+11     0.748724E+10     0.643592E+10     0.603239E+10     0.584439E+10     0.593194E+10     0.641679E+10     0.732138E+10     0.117320E+11     0.117320E+11     0.948847E+10     0.583600E+10     0.582759E+10     0.571300E+10     0.564104E+10     0.565301E+10     0.580294E+10     0.611359E+10     0.584926E+10     0.509900E+10     0.500071E+10     0.495000E+10     0.487700E+10     0.483080E+10     0.461273E+10     0.430418E+10     0.432989E+10     0.511563E+10     0.542700E+10     0.493770E+10     0.418056E+10     0.521157E+10     0.581472E+10     0.705600E+10     0.715170E+10     0.701814E+10     0.715554E+10     0.622743E+10     0.432554E+10     0.430200E+10     0.427669E+10     0.428892E+10     0.425867E+10     0.423366E+10     0.425516E+10     0.402190E+10     0.413186E+10     0.428000E+10     0.408323E+10     0.405606E+10     0.370500E+10     0.372388E+10     0.369358E+10     0.283452E+10     0.206084E+10     0.207244E+10     0.217906E+10     0.213348E+10     0.232042E+10     0.235800E+10     0.230513E+10     0.211400E+10     0.213960E+10     0.212354E+10     0.182443E+10     0.181697E+10     0.190051E+10     0.195464E+10     0.193134E+10     0.185131E+10     0.190500E+10     0.181400E+10     0.181400E+10     0.181400E+10     0.181400E+10     0.181400E+10     0.181400E+10     0.181400E+10     0.181400E+10     0.181400E+10     0.181400E+10     0.181400E+10     0.181400E+10     0.181400E+10     0.181400E+10     0.181400E+10     0.181400E+10     0.181400E+10     0.181400E+10     0.181400E+10     0.100000E+21
 0.338000E+04     0.222742E+11     0.215811E+11     0.192286E+11     0.167930E+11     0.147961E+11     0.129030E+11     0.118037E+11     0.111055E+11     0.133061E+11     0.116894E+11     0.113780E+11     0.113780E+11     0.101093E+11     0.925500E+10     0.925500E+10     0.925500E+10     0.925500E+10     0.925500E+10     0.986008E+10     0.107926E+11     0.115261E+11     0.126597E+11     0.101269E+11     0.860300E+10     0.860300E+10     0.860300E+10     0.860300E+10     0.860300E+10     0.860300E+10     0.707950E+10     0.493916E+10     0.480400E+10     0.550993E+10     0.508600E+10     0.155530E+11     0.112228E+11     0.836858E+10     0.734418E+10     0.636001E+10     0.597495E+10     0.568900E+10     0.624000E+10     0.628991E+10     0.106673E+11     0.114986E+11     0.117320E+11     0.993720E+10     0.673865E+10     0.580341E+10     0.566808E+10     0.546488E+10     0.537300E+10     0.567946E+10     0.643350E+10     0.616956E+10     0.500545E+10     0.495000E+10     0.487700E+10     0.482776E+10     0.473200E+10     0.451404E+10     0.421100E+10     0.455115E+10     0.487238E+10     0.535100E+10     0.504080E+10     0.390700E+10     0.441172E+10     0.533915E+10     0.721132E+10     0.672608E+10     0.663374E+10     0.689881E+10     0.561022E+10     0.549690E+10     0.457592E+10     0.421022E+10     0.418000E+10     0.426766E+10     0.435900E+10     0.409782E+10     0.390340E+10     0.401312E+10     0.400743E+10     0.419900E+10     0.396022E+10     0.321642E+10     0.266957E+10     0.208874E+10     0.197272E+10     0.201699E+10     0.198544E+10     0.201400E+10     0.208482E+10     0.208656E+10     0.228755E+10     0.223076E+10     0.224189E+10     0.215341E+10     0.199604E+10     0.206276E+10     0.184343E+10     0.186681E+10     0.189272E+10     0.191789E+10     0.190500E+10     0.181400E+10     0.181400E+10     0.181400E+10     0.181400E+10     0.181400E+10     0.181400E+10     0.181400E+10     0.181400E+10     0.181400E+10     0.181400E+10     0.181400E+10     0.181400E+10     0.181400E+10     0.181400E+10     0.181400E+10     0.181400E+10     0.181400E+10     0.181400E+10     0.181400E+10     0.100000E+21
 0.340000E+04     0.226030E+11     0.226030E+11     0.213310E+11     0.213310E+11     0.167930E+11     0.167930E+11     0.129030E+11     0.129030E+11     0.103930E+11     0.116929E+11     0.113780E+11     0.113780E+11     0.113780E+11     0.925500E+10     0.925500E+10     0.925500E+10     0.925500E+10     0.925500E+10     0.925500E+10     0.105987E+11     0.110060E+11     0.124133E+11     0.111590E+11     0.860300E+10     0.860300E+10     0.860300E+10     0.860300E+10     0.860300E+10     0.860300E+10     0.860300E+10     0.500547E+10     0.480400E+10     0.486351E+10     0.508600E+10     0.508600E+10     0.116552E+11     0.864600E+10     0.828731E+10     0.649700E+10     0.637676E+10     0.632500E+10     0.560900E+10     0.605145E+10     0.662600E+10     0.915153E+10     0.117320E+11     0.117320E+11     0.117320E+11     0.583600E+10     0.583600E+10     0.552396E+10     0.547300E+10     0.536550E+10     0.556354E+10     0.654600E+10     0.607569E+10     0.495000E+10     0.487700E+10     0.482838E+10     0.473200E+10     0.464931E+10     0.458900E+10     0.433165E+10     0.408100E+10     0.401700E+10     0.508652E+10     0.520200E+10     0.467779E+10     0.378000E+10     0.371700E+10     0.382964E+10     0.636500E+10     0.620150E+10     0.622502E+10     0.668600E+10     0.605775E+10     0.421078E+10     0.418000E+10     0.412817E+10     0.410000E+10     0.406100E+10     0.426514E+10     0.423700E+10     0.348265E+10     0.255400E+10     0.253400E+10     0.230018E+10     0.213200E+10     0.211627E+10     0.190600E+10     0.195393E+10     0.206000E+10     0.204200E+10     0.194417E+10     0.198000E+10     0.196785E+10     0.232000E+10     0.230100E+10     0.228800E+10     0.226400E+10     0.208971E+10     0.204919E+10     0.181400E+10     0.181400E+10     0.183889E+10     0.190500E+10     0.181400E+10     0.181400E+10     0.181400E+10     0.181400E+10     0.181400E+10     0.181400E+10     0.181400E+10     0.181400E+10     0.181400E+10     0.181400E+10     0.181400E+10     0.181400E+10     0.181400E+10     0.181400E+10     0.181400E+10     0.181400E+10     0.181400E+10     0.181400E+10     0.181400E+10     0.100000E+21
 0.342000E+04     0.165388E+11     0.204810E+11     0.218139E+11     0.213310E+11     0.185039E+11     0.167930E+11     0.148877E+11     0.135246E+11     0.117217E+11     0.117148E+11     0.115762E+11     0.113780E+11     0.113780E+11     0.925500E+10     0.925500E+10     0.925500E+10     0.925500E+10     0.925500E+10     0.925500E+10     0.105541E+11     0.110060E+11     0.123684E+11     0.120741E+11     0.109173E+11     0.933681E+10     0.860300E+10     0.860300E+10     0.860300E+10     0.860300E+10     0.860300E+10     0.504418E+10     0.495417E+10     0.496605E+10     0.547925E+10     0.508600E+10     0.117006E+11     0.122708E+11     0.824796E+10     0.710773E+10     0.630364E+10     0.613315E+10     0.593930E+10     0.584361E+10     0.633182E+10     0.769458E+10     0.109580E+11     0.117320E+11     0.117320E+11     0.583600E+10     0.583600E+10     0.561984E+10     0.547300E+10     0.539560E+10     0.539965E+10     0.579573E+10     0.624388E+10     0.569940E+10     0.487700E+10     0.482832E+10     0.473200E+10     0.464467E+10     0.458900E+10     0.441267E+10     0.426908E+10     0.420679E+10     0.448031E+10     0.469649E+10     0.489362E+10     0.443026E+10     0.438366E+10     0.391794E+10     0.499752E+10     0.603588E+10     0.603076E+10     0.616787E+10     0.613361E+10     0.514413E+10     0.477920E+10     0.412793E+10     0.410000E+10     0.406100E+10     0.385837E+10     0.315161E+10     0.296682E+10     0.255400E+10     0.253400E+10     0.241366E+10     0.232161E+10     0.215478E+10     0.200571E+10     0.198013E+10     0.196616E+10     0.204200E+10     0.199174E+10     0.193900E+10     0.195643E+10     0.212836E+10     0.210366E+10     0.222849E+10     0.226400E+10     0.218468E+10     0.203259E+10     0.191692E+10     0.195098E+10     0.184099E+10     0.190500E+10     0.181400E+10     0.181400E+10     0.181400E+10     0.181400E+10     0.181400E+10     0.181400E+10     0.181400E+10     0.181400E+10     0.181400E+10     0.181400E+10     0.181400E+10     0.181400E+10     0.181400E+10     0.181400E+10     0.181400E+10     0.181400E+10     0.181400E+10     0.181400E+10     0.181400E+10     0.100000E+21
 0.344000E+04     0.112580E+11     0.148900E+11     0.223487E+11     0.218981E+11     0.196829E+11     0.167930E+11     0.167930E+11     0.154597E+11     0.129030E+11     0.117570E+11     0.117570E+11     0.113780E+11     0.113780E+11     0.102021E+11     0.957615E+10     0.925500E+10     0.925500E+10     0.925500E+10     0.925500E+10     0.989987E+10     0.110060E+11     0.116832E+11     0.129430E+11     0.129430E+11     0.103108E+11     0.860300E+10     0.860300E+10     0.860300E+10     0.860300E+10     0.860300E+10     0.605477E+10     0.508600E+10     0.498410E+10     0.537584E+10     0.508600E+10     0.844359E+10     0.155530E+11     0.839196E+10     0.801265E+10     0.659116E+10     0.612395E+10     0.624000E+10     0.618988E+10     0.579602E+10     0.609998E+10     0.846513E+10     0.117320E+11     0.117320E+11     0.846822E+10     0.690711E+10     0.575915E+10     0.563465E+10     0.550131E+10     0.523334E+10     0.518521E+10     0.579767E+10     0.575676E+10     0.553298E+10     0.547636E+10     0.473200E+10     0.463749E+10     0.458900E+10     0.448749E+10     0.444900E+10     0.438000E+10     0.419469E+10     0.408677E+10     0.456921E+10     0.461551E+10     0.498200E+10     0.448088E+10     0.371156E+10     0.470415E+10     0.498310E+10     0.595113E+10     0.600545E+10     0.575858E+10     0.562121E+10     0.473230E+10     0.446059E+10     0.408053E+10     0.331918E+10     0.220635E+10     0.239643E+10     0.237692E+10     0.253400E+10     0.252253E+10     0.249400E+10     0.233814E+10     0.209600E+10     0.203051E+10     0.196166E+10     0.204200E+10     0.197935E+10     0.194929E+10     0.193848E+10     0.191157E+10     0.193000E+10     0.204631E+10     0.226400E+10     0.225235E+10     0.211027E+10     0.209648E+10     0.208251E+10     0.193038E+10     0.190500E+10     0.181400E+10     0.181400E+10     0.181400E+10     0.181400E+10     0.181400E+10     0.181400E+10     0.181400E+10     0.181400E+10     0.181400E+10     0.181400E+10     0.181400E+10     0.181400E+10     0.181400E+10     0.181400E+10     0.181400E+10     0.181400E+10     0.181400E+10     0.181400E+10     0.181400E+10     0.100000E+21
 0.346000E+04     0.112580E+11     0.112580E+11     0.226030E+11     0.226030E+11     0.205825E+11     0.195243E+11     0.167930E+11     0.167930E+11     0.152450E+11     0.112782E+11     0.117570E+11     0.115921E+11     0.114687E+11     0.113780E+11     0.989374E+10     0.925500E+10     0.925500E+10     0.925500E+10     0.925500E+10     0.925500E+10     0.110060E+11     0.110060E+11     0.129430E+11     0.129430E+11     0.102870E+11     0.860300E+10     0.860300E+10     0.860300E+10     0.860300E+10     0.860300E+10     0.730905E+10     0.508600E+10     0.492144E+10     0.480400E+10     0.550867E+10     0.525388E+10     0.155530E+11     0.116189E+11     0.844700E+10     0.704253E+10     0.632500E+10     0.624000E+10     0.639721E+10     0.632616E+10     0.584350E+10     0.614276E+10     0.849881E+10     0.106754E+11     0.117320E+11     0.103389E+11     0.583600E+10     0.583600E+10     0.573019E+10     0.548972E+10     0.523900E+10     0.507895E+10     0.499100E+10     0.551452E+10     0.594648E+10     0.556457E+10     0.463824E+10     0.458900E+10     0.448765E+10     0.444900E+10     0.438000E+10     0.433284E+10     0.410335E+10     0.399345E+10     0.391714E+10     0.421468E+10     0.432570E+10     0.340609E+10     0.339520E+10     0.369374E+10     0.453845E+10     0.402252E+10     0.558195E+10     0.547053E+10     0.462284E+10     0.444803E+10     0.410300E+10     0.371250E+10     0.330802E+10     0.289575E+10     0.217440E+10     0.232756E+10     0.230507E+10     0.249400E+10     0.247992E+10     0.231159E+10     0.219453E+10     0.206000E+10     0.204200E+10     0.198509E+10     0.190153E+10     0.193628E+10     0.192959E+10     0.188661E+10     0.190601E+10     0.204594E+10     0.203631E+10     0.221902E+10     0.220800E+10     0.215057E+10     0.198238E+10     0.190500E+10     0.181400E+10     0.181400E+10     0.181400E+10     0.181400E+10     0.181400E+10     0.181400E+10     0.181400E+10     0.181400E+10     0.181400E+10     0.181400E+10     0.181400E+10     0.181400E+10     0.181400E+10     0.181400E+10     0.181400E+10     0.181400E+10     0.181400E+10     0.181400E+10     0.181400E+10     0.100000E+21
 0.348000E+04     0.112580E+11     0.112580E+11     0.181477E+11     0.226030E+11     0.218232E+11     0.213310E+11     0.191305E+11     0.191812E+11     0.167930E+11     0.108906E+11     0.117570E+11     0.117570E+11     0.115313E+11     0.113780E+11     0.969538E+10     0.925500E+10     0.925500E+10     0.925500E+10     0.925500E+10     0.925500E+10     0.110060E+11     0.110060E+11     0.129430E+11     0.129430E+11     0.115895E+11     0.860300E+10     0.860300E+10     0.860300E+10     0.860300E+10     0.860300E+10     0.755099E+10     0.508600E+10     0.501705E+10     0.480400E+10     0.583600E+10     0.536191E+10     0.155530E+11     0.141167E+11     0.844700E+10     0.756528E+10     0.691688E+10     0.624000E+10     0.601701E+10     0.644933E+10     0.570937E+10     0.559200E+10     0.607029E+10     0.798248E+10     0.117320E+11     0.117320E+11     0.785758E+10     0.583600E+10     0.583600E+10     0.575005E+10     0.556795E+10     0.512957E+10     0.504283E+10     0.491700E+10     0.529151E+10     0.611600E+10     0.525296E+10     0.458900E+10     0.448938E+10     0.444900E+10     0.438000E+10     0.432658E+10     0.424400E+10     0.409871E+10     0.394409E+10     0.388904E+10     0.381911E+10     0.344951E+10     0.354851E+10     0.336257E+10     0.334086E+10     0.300913E+10     0.474716E+10     0.450365E+10     0.399143E+10     0.402857E+10     0.410300E+10     0.405189E+10     0.402400E+10     0.373133E+10     0.312699E+10     0.300096E+10     0.246656E+10     0.230028E+10     0.226495E+10     0.245500E+10     0.236371E+10     0.224327E+10     0.223226E+10     0.207305E+10     0.192793E+10     0.196932E+10     0.189091E+10     0.191164E+10     0.188678E+10     0.186102E+10     0.187883E+10     0.203405E+10     0.201410E+10     0.212417E+10     0.202899E+10     0.190500E+10     0.181400E+10     0.181400E+10     0.181400E+10     0.181400E+10     0.181400E+10     0.181400E+10     0.181400E+10     0.181400E+10     0.181400E+10     0.181400E+10     0.181400E+10     0.181400E+10     0.181400E+10     0.181400E+10     0.181400E+10     0.181400E+10     0.181400E+10     0.181400E+10     0.181400E+10     0.100000E+21
 0.350000E+04     0.110760E+11     0.112128E+11     0.121572E+11     0.118772E+11     0.224733E+11     0.224002E+11     0.213310E+11     0.213310E+11     0.206423E+11     0.107022E+11     0.108740E+11     0.117570E+11     0.116971E+11     0.113780E+11     0.112866E+11     0.925500E+10     0.925500E+10     0.925500E+10     0.925500E+10     0.925500E+10     0.939489E+10     0.107223E+11     0.121030E+11     0.129430E+11     0.129430E+11     0.860300E+10     0.860300E+10     0.860300E+10     0.860300E+10     0.860300E+10     0.764290E+10     0.508600E+10     0.503284E+10     0.480400E+10     0.512813E+10     0.512011E+10     0.711889E+10     0.154006E+11     0.141174E+11     0.800954E+10     0.747400E+10     0.624000E+10     0.613633E+10     0.607200E+10     0.640686E+10     0.529700E+10     0.530466E+10     0.573305E+10     0.660888E+10     0.110290E+11     0.109736E+11     0.113470E+11     0.999062E+10     0.583600E+10     0.583600E+10     0.557568E+10     0.508700E+10     0.498147E+10     0.493594E+10     0.499782E+10     0.484677E+10     0.566410E+10     0.504873E+10     0.444900E+10     0.438000E+10     0.431900E+10     0.424400E+10     0.415542E+10     0.411100E+10     0.404500E+10     0.395467E+10     0.389622E+10     0.362570E+10     0.359990E+10     0.415407E+10     0.394507E+10     0.438685E+10     0.401100E+10     0.396086E+10     0.393300E+10     0.395948E+10     0.393214E+10     0.402400E+10     0.397871E+10     0.394600E+10     0.386957E+10     0.359822E+10     0.339120E+10     0.216144E+10     0.214236E+10     0.224381E+10     0.241600E+10     0.239700E+10     0.234554E+10     0.200700E+10     0.199464E+10     0.192431E+10     0.183060E+10     0.183479E+10     0.191430E+10     0.183195E+10     0.186507E+10     0.185500E+10     0.190196E+10     0.210244E+10     0.190500E+10     0.181400E+10     0.181400E+10     0.181400E+10     0.181400E+10     0.181400E+10     0.181400E+10     0.181400E+10     0.181400E+10     0.181400E+10     0.181400E+10     0.181400E+10     0.181400E+10     0.181400E+10     0.181400E+10     0.181400E+10     0.181400E+10     0.181400E+10     0.181400E+10     0.181400E+10     0.100000E+21
 0.352000E+04     0.110660E+11     0.110660E+11     0.112580E+11     0.112580E+11     0.144268E+11     0.226030E+11     0.226030E+11     0.217279E+11     0.213310E+11     0.106420E+11     0.106420E+11     0.117570E+11     0.117570E+11     0.113780E+11     0.113780E+11     0.925500E+10     0.925500E+10     0.925500E+10     0.925500E+10     0.925500E+10     0.925500E+10     0.105031E+11     0.117907E+11     0.129430E+11     0.129430E+11     0.860300E+10     0.860300E+10     0.860300E+10     0.860300E+10     0.860300E+10     0.860300E+10     0.860300E+10     0.508600E+10     0.508600E+10     0.480400E+10     0.545812E+10     0.508600E+10     0.155530E+11     0.155530E+11     0.831030E+10     0.825000E+10     0.738000E+10     0.642361E+10     0.570500E+10     0.590445E+10     0.672400E+10     0.522000E+10     0.516651E+10     0.566400E+10     0.598648E+10     0.107456E+11     0.117320E+11     0.117320E+11     0.100684E+11     0.583600E+10     0.583600E+10     0.583600E+10     0.583600E+10     0.523345E+10     0.486300E+10     0.468283E+10     0.462500E+10     0.583136E+10     0.578400E+10     0.570300E+10     0.458580E+10     0.424400E+10     0.415524E+10     0.411100E+10     0.404500E+10     0.399636E+10     0.391500E+10     0.406503E+10     0.406955E+10     0.404500E+10     0.412958E+10     0.423106E+10     0.448600E+10     0.429266E+10     0.393300E+10     0.389500E+10     0.384469E+10     0.381800E+10     0.381640E+10     0.394600E+10     0.390800E+10     0.388400E+10     0.383100E+10     0.370188E+10     0.363600E+10     0.206116E+10     0.203200E+10     0.201400E+10     0.229249E+10     0.235800E+10     0.234456E+10     0.197300E+10     0.195600E+10     0.185852E+10     0.181400E+10     0.188326E+10     0.182758E+10     0.185500E+10     0.183061E+10     0.184013E+10     0.190500E+10     0.181400E+10     0.181400E+10     0.181400E+10     0.181400E+10     0.181400E+10     0.181400E+10     0.181400E+10     0.181400E+10     0.181400E+10     0.181400E+10     0.181400E+10     0.181400E+10     0.181400E+10     0.181400E+10     0.181400E+10     0.181400E+10     0.181400E+10     0.181400E+10     0.181400E+10     0.100000E+21
 0.354000E+04     0.110660E+11     0.110660E+11     0.112580E+11     0.112580E+11     0.134108E+11     0.186169E+11     0.226030E+11     0.220819E+11     0.213310E+11     0.106420E+11     0.106420E+11     0.117570E+11     0.117570E+11     0.115129E+11     0.114274E+11     0.100049E+11     0.925500E+10     0.925500E+10     0.925500E+10     0.925500E+10     0.925500E+10     0.103841E+11     0.118425E+11     0.129430E+11     0.129430E+11     0.948522E+10     0.860300E+10     0.860300E+10     0.860300E+10     0.860300E+10     0.860300E+10     0.860300E+10     0.508600E+10     0.508600E+10     0.480400E+10     0.519017E+10     0.508600E+10     0.132008E+11     0.155530E+11     0.989383E+10     0.825000E+10     0.738000E+10     0.652725E+10     0.583340E+10     0.586448E+10     0.639117E+10     0.571596E+10     0.539498E+10     0.545489E+10     0.575015E+10     0.961641E+10     0.112031E+11     0.114583E+11     0.105521E+11     0.789417E+10     0.715903E+10     0.583600E+10     0.583600E+10     0.547833E+10     0.486300E+10     0.469676E+10     0.462500E+10     0.530035E+10     0.525738E+10     0.570300E+10     0.500672E+10     0.470096E+10     0.415202E+10     0.411100E+10     0.404500E+10     0.400096E+10     0.418728E+10     0.428312E+10     0.418381E+10     0.404500E+10     0.408636E+10     0.420021E+10     0.434858E+10     0.433688E+10     0.409762E+10     0.389500E+10     0.384244E+10     0.381800E+10     0.380232E+10     0.387383E+10     0.390800E+10     0.388527E+10     0.383100E+10     0.374389E+10     0.367817E+10     0.240157E+10     0.204344E+10     0.202393E+10     0.218242E+10     0.222603E+10     0.228633E+10     0.211362E+10     0.207654E+10     0.195026E+10     0.185290E+10     0.187245E+10     0.192605E+10     0.195793E+10     0.195566E+10     0.184632E+10     0.190500E+10     0.181400E+10     0.181400E+10     0.181400E+10     0.181400E+10     0.181400E+10     0.181400E+10     0.181400E+10     0.181400E+10     0.181400E+10     0.181400E+10     0.181400E+10     0.181400E+10     0.181400E+10     0.181400E+10     0.181400E+10     0.181400E+10     0.181400E+10     0.181400E+10     0.181400E+10     0.100000E+21
 0.356000E+04     0.104325E+11     0.108036E+11     0.111979E+11     0.112580E+11     0.112580E+11     0.112580E+11     0.226030E+11     0.226030E+11     0.219763E+11     0.106420E+11     0.106420E+11     0.111943E+11     0.115103E+11     0.117570E+11     0.114977E+11     0.113780E+11     0.925500E+10     0.925500E+10     0.925500E+10     0.925500E+10     0.925500E+10     0.978902E+10     0.114293E+11     0.119604E+11     0.125575E+11     0.112466E+11     0.860300E+10     0.860300E+10     0.860300E+10     0.860300E+10     0.860300E+10     0.860300E+10     0.508600E+10     0.508600E+10     0.480400E+10     0.480400E+10     0.546641E+10     0.834162E+10     0.155530E+11     0.124294E+11     0.825000E+10     0.777206E+10     0.707688E+10     0.607200E+10     0.590872E+10     0.572432E+10     0.622459E+10     0.599650E+10     0.577539E+10     0.547261E+10     0.669731E+10     0.804750E+10     0.846106E+10     0.112557E+11     0.117320E+11     0.106841E+11     0.882674E+10     0.881109E+10     0.700682E+10     0.535656E+10     0.511292E+10     0.467166E+10     0.454768E+10     0.448400E+10     0.504925E+10     0.499892E+10     0.554200E+10     0.479832E+10     0.475335E+10     0.427986E+10     0.424474E+10     0.469500E+10     0.466842E+10     0.448045E+10     0.430979E+10     0.412857E+10     0.406714E+10     0.409500E+10     0.423257E+10     0.420668E+10     0.413069E+10     0.398861E+10     0.381800E+10     0.376765E+10     0.374300E+10     0.380556E+10     0.378375E+10     0.383100E+10     0.380482E+10     0.375500E+10     0.330807E+10     0.281791E+10     0.279469E+10     0.227598E+10     0.191659E+10     0.206066E+10     0.232000E+10     0.230100E+10     0.207103E+10     0.209638E+10     0.205754E+10     0.210758E+10     0.207746E+10     0.210822E+10     0.194309E+10     0.190500E+10     0.181400E+10     0.181400E+10     0.181400E+10     0.181400E+10     0.181400E+10     0.181400E+10     0.181400E+10     0.181400E+10     0.181400E+10     0.181400E+10     0.181400E+10     0.181400E+10     0.181400E+10     0.181400E+10     0.181400E+10     0.181400E+10     0.181400E+10     0.181400E+10     0.181400E+10     0.100000E+21
 0.358000E+04     0.115280E+11     0.104469E+11     0.110660E+11     0.110660E+11     0.112580E+11     0.112580E+11     0.112580E+11     0.190517E+11     0.226030E+11     0.190721E+11     0.106420E+11     0.106420E+11     0.113068E+11     0.117570E+11     0.114514E+11     0.113780E+11     0.106384E+11     0.925500E+10     0.925500E+10     0.925500E+10     0.925500E+10     0.925500E+10     0.110060E+11     0.110060E+11     0.122999E+11     0.117446E+11     0.860300E+10     0.860300E+10     0.860300E+10     0.860300E+10     0.860300E+10     0.860300E+10     0.508600E+10     0.508600E+10     0.508600E+10     0.490738E+10     0.583600E+10     0.705345E+10     0.155530E+11     0.124422E+11     0.747400E+10     0.815300E+10     0.747922E+10     0.719400E+10     0.634927E+10     0.554600E+10     0.692100E+10     0.609406E+10     0.646200E+10     0.639991E+10     0.509805E+10     0.542700E+10     0.537916E+10     0.704121E+10     0.102160E+11     0.117320E+11     0.117320E+11     0.117320E+11     0.117320E+11     0.117320E+11     0.583600E+10     0.583600E+10     0.461457E+10     0.457300E+10     0.450300E+10     0.437684E+10     0.427600E+10     0.432103E+10     0.455000E+10     0.450800E+10     0.447713E+10     0.442500E+10     0.458731E+10     0.459338E+10     0.456700E+10     0.453970E+10     0.432871E+10     0.392800E+10     0.392747E+10     0.401600E+10     0.397700E+10     0.430874E+10     0.428000E+10     0.412846E+10     0.374300E+10     0.370500E+10     0.368225E+10     0.363100E+10     0.360095E+10     0.375500E+10     0.370407E+10     0.368000E+10     0.364300E+10     0.352608E+10     0.200700E+10     0.188982E+10     0.197300E+10     0.185800E+10     0.189707E+10     0.190000E+10     0.188914E+10     0.222002E+10     0.220800E+10     0.207836E+10     0.195332E+10     0.190500E+10     0.181400E+10     0.181400E+10     0.181400E+10     0.181400E+10     0.181400E+10     0.181400E+10     0.181400E+10     0.181400E+10     0.181400E+10     0.181400E+10     0.181400E+10     0.181400E+10     0.181400E+10     0.181400E+10     0.181400E+10     0.181400E+10     0.181400E+10     0.181400E+10     0.181400E+10     0.100000E+21
 0.360000E+04     0.115280E+11     0.112271E+11     0.103370E+11     0.110660E+11     0.111531E+11     0.112580E+11     0.112580E+11     0.131628E+11     0.226030E+11     0.198939E+11     0.106420E+11     0.106420E+11     0.112947E+11     0.117570E+11     0.117099E+11     0.113780E+11     0.106078E+11     0.925500E+10     0.925500E+10     0.925500E+10     0.925500E+10     0.925500E+10     0.110060E+11     0.110060E+11     0.122713E+11     0.125088E+11     0.120141E+11     0.860300E+10     0.860300E+10     0.860300E+10     0.860300E+10     0.860300E+10     0.724538E+10     0.508600E+10     0.508600E+10     0.491121E+10     0.505771E+10     0.592247E+10     0.770453E+10     0.143215E+11     0.127720E+11     0.815300E+10     0.797256E+10     0.719400E+10     0.636570E+10     0.578283E+10     0.578933E+10     0.641126E+10     0.582975E+10     0.579088E+10     0.560992E+10     0.496658E+10     0.499427E+10     0.597672E+10     0.661729E+10     0.800615E+10     0.105743E+11     0.117320E+11     0.117320E+11     0.117320E+11     0.979974E+10     0.583600E+10     0.507891E+10     0.457300E+10     0.450300E+10     0.443579E+10     0.434269E+10     0.650546E+10     0.634411E+10     0.450800E+10     0.447761E+10     0.442500E+10     0.443406E+10     0.447922E+10     0.456700E+10     0.454030E+10     0.441817E+10     0.433444E+10     0.389871E+10     0.388758E+10     0.397700E+10     0.403723E+10     0.398308E+10     0.418619E+10     0.408430E+10     0.400272E+10     0.379395E+10     0.363100E+10     0.360081E+10     0.360643E+10     0.361607E+10     0.368000E+10     0.364300E+10     0.262761E+10     0.200700E+10     0.197185E+10     0.186790E+10     0.193497E+10     0.192760E+10     0.184420E+10     0.187718E+10     0.204823E+10     0.220800E+10     0.216193E+10     0.206235E+10     0.190500E+10     0.181400E+10     0.181400E+10     0.181400E+10     0.181400E+10     0.181400E+10     0.181400E+10     0.181400E+10     0.181400E+10     0.181400E+10     0.181400E+10     0.181400E+10     0.181400E+10     0.181400E+10     0.181400E+10     0.181400E+10     0.181400E+10     0.181400E+10     0.181400E+10     0.181400E+10     0.100000E+21
 0.362000E+04     0.115280E+11     0.115280E+11     0.111326E+11     0.981700E+10     0.110660E+11     0.110660E+11     0.112580E+11     0.112580E+11     0.112580E+11     0.208789E+11     0.106420E+11     0.106420E+11     0.106420E+11     0.117570E+11     0.117570E+11     0.113780E+11     0.106507E+11     0.925500E+10     0.925500E+10     0.925500E+10     0.925500E+10     0.925500E+10     0.996166E+10     0.110060E+11     0.110060E+11     0.129430E+11     0.129430E+11     0.860300E+10     0.860300E+10     0.860300E+10     0.860300E+10     0.860300E+10     0.792188E+10     0.508600E+10     0.508600E+10     0.490623E+10     0.480400E+10     0.577615E+10     0.508600E+10     0.155530E+11     0.155530E+11     0.738000E+10     0.794239E+10     0.796100E+10     0.734592E+10     0.590600E+10     0.582500E+10     0.551235E+10     0.674200E+10     0.667267E+10     0.547815E+10     0.542700E+10     0.585515E+10     0.468544E+10     0.463200E+10     0.521950E+10     0.553500E+10     0.102160E+11     0.112432E+11     0.117320E+11     0.117320E+11     0.117320E+11     0.924701E+10     0.583600E+10     0.583600E+10     0.755766E+10     0.868000E+10     0.805154E+10     0.729200E+10     0.705200E+10     0.687334E+10     0.442500E+10     0.439414E+10     0.432664E+10     0.430200E+10     0.444822E+10     0.447409E+10     0.444100E+10     0.438840E+10     0.435900E+10     0.381300E+10     0.376449E+10     0.373800E+10     0.385540E+10     0.382300E+10     0.415900E+10     0.413429E+10     0.363100E+10     0.359695E+10     0.355800E+10     0.218269E+10     0.241600E+10     0.239700E+10     0.238087E+10     0.200700E+10     0.199465E+10     0.197300E+10     0.181400E+10     0.181400E+10     0.192400E+10     0.191185E+10     0.182729E+10     0.185500E+10     0.184665E+10     0.210149E+10     0.190500E+10     0.181400E+10     0.181400E+10     0.181400E+10     0.181400E+10     0.181400E+10     0.181400E+10     0.181400E+10     0.181400E+10     0.181400E+10     0.181400E+10     0.181400E+10     0.181400E+10     0.181400E+10     0.181400E+10     0.181400E+10     0.181400E+10     0.181400E+10     0.181400E+10     0.181400E+10     0.100000E+21
 0.364000E+04     0.115280E+11     0.115280E+11     0.110072E+11     0.981700E+10     0.110660E+11     0.110660E+11     0.112580E+11     0.112580E+11     0.112580E+11     0.197476E+11     0.106420E+11     0.106420E+11     0.106420E+11     0.117570E+11     0.117570E+11     0.113780E+11     0.105939E+11     0.925500E+10     0.925500E+10     0.925500E+10     0.925500E+10     0.925500E+10     0.998935E+10     0.110060E+11     0.110060E+11     0.129430E+11     0.129430E+11     0.860300E+10     0.860300E+10     0.860300E+10     0.860300E+10     0.860300E+10     0.767728E+10     0.508600E+10     0.508600E+10     0.491272E+10     0.480400E+10     0.567460E+10     0.508600E+10     0.155530E+11     0.155530E+11     0.738000E+10     0.788755E+10     0.796100E+10     0.738034E+10     0.590600E+10     0.582500E+10     0.552969E+10     0.674200E+10     0.668046E+10     0.547608E+10     0.542700E+10     0.584182E+10     0.468107E+10     0.463200E+10     0.524111E+10     0.553500E+10     0.102160E+11     0.111965E+11     0.117320E+11     0.117320E+11     0.117320E+11     0.917147E+10     0.583600E+10     0.583600E+10     0.734288E+10     0.868000E+10     0.801704E+10     0.729200E+10     0.705200E+10     0.688558E+10     0.442500E+10     0.439666E+10     0.432587E+10     0.430200E+10     0.444233E+10     0.447037E+10     0.444100E+10     0.438677E+10     0.435900E+10     0.381300E+10     0.376301E+10     0.373800E+10     0.385224E+10     0.382300E+10     0.415900E+10     0.413507E+10     0.363100E+10     0.360196E+10     0.355800E+10     0.219111E+10     0.241600E+10     0.239700E+10     0.238226E+10     0.200700E+10     0.199542E+10     0.197300E+10     0.181400E+10     0.181400E+10     0.192400E+10     0.191347E+10     0.182854E+10     0.185500E+10     0.184687E+10     0.208752E+10     0.190500E+10     0.181400E+10     0.181400E+10     0.181400E+10     0.181400E+10     0.181400E+10     0.181400E+10     0.181400E+10     0.181400E+10     0.181400E+10     0.181400E+10     0.181400E+10     0.181400E+10     0.181400E+10     0.181400E+10     0.181400E+10     0.181400E+10     0.181400E+10     0.181400E+10     0.181400E+10     0.100000E+21
 0.366000E+04     0.177960E+11     0.156761E+11     0.111818E+11     0.105237E+11     0.107405E+11     0.110660E+11     0.111726E+11     0.112242E+11     0.112580E+11     0.157704E+11     0.106420E+11     0.106420E+11     0.106420E+11     0.117570E+11     0.117570E+11     0.115346E+11     0.113780E+11     0.113780E+11     0.925500E+10     0.925500E+10     0.925500E+10     0.925500E+10     0.100207E+11     0.110060E+11     0.110060E+11     0.129430E+11     0.129430E+11     0.971645E+10     0.860300E+10     0.860300E+10     0.860300E+10     0.860300E+10     0.743705E+10     0.508600E+10     0.508600E+10     0.499042E+10     0.480400E+10     0.543714E+10     0.539642E+10     0.952449E+10     0.155530E+11     0.155530E+11     0.102784E+11     0.796100E+10     0.790118E+10     0.701100E+10     0.582500E+10     0.577385E+10     0.545771E+10     0.545649E+10     0.606880E+10     0.604532E+10     0.588048E+10     0.594418E+10     0.564256E+10     0.519692E+10     0.535347E+10     0.472655E+10     0.499770E+10     0.799032E+10     0.975257E+10     0.111041E+11     0.101743E+11     0.835081E+10     0.416529E+10     0.595545E+10     0.779733E+10     0.758592E+10     0.766400E+10     0.740052E+10     0.725443E+10     0.658600E+10     0.570067E+10     0.476660E+10     0.430200E+10     0.427746E+10     0.425825E+10     0.433296E+10     0.431763E+10     0.435900E+10     0.431800E+10     0.426219E+10     0.423700E+10     0.389603E+10     0.386710E+10     0.383971E+10     0.393985E+10     0.376008E+10     0.303520E+10     0.263554E+10     0.193814E+10     0.197323E+10     0.223855E+10     0.232363E+10     0.235800E+10     0.234604E+10     0.212682E+10     0.195600E+10     0.194544E+10     0.185967E+10     0.183309E+10     0.186782E+10     0.187900E+10     0.185454E+10     0.185232E+10     0.190500E+10     0.181400E+10     0.181400E+10     0.181400E+10     0.181400E+10     0.181400E+10     0.181400E+10     0.181400E+10     0.181400E+10     0.181400E+10     0.181400E+10     0.181400E+10     0.181400E+10     0.181400E+10     0.181400E+10     0.181400E+10     0.181400E+10     0.181400E+10     0.181400E+10     0.181400E+10     0.100000E+21
 0.368000E+04     0.177960E+11     0.177960E+11     0.163234E+11     0.115280E+11     0.110784E+11     0.981700E+10     0.110660E+11     0.110660E+11     0.112580E+11     0.111655E+11     0.106420E+11     0.106420E+11     0.106420E+11     0.106420E+11     0.116373E+11     0.117570E+11     0.113780E+11     0.113780E+11     0.925500E+10     0.925500E+10     0.925500E+10     0.925500E+10     0.925500E+10     0.925500E+10     0.104378E+11     0.113901E+11     0.129430E+11     0.116225E+11     0.860300E+10     0.860300E+10     0.860300E+10     0.860300E+10     0.860300E+10     0.860300E+10     0.508600E+10     0.508600E+10     0.480400E+10     0.490128E+10     0.583600E+10     0.908780E+10     0.155530E+11     0.155530E+11     0.155530E+11     0.719400E+10     0.767461E+10     0.777100E+10     0.692100E+10     0.607794E+10     0.566400E+10     0.560141E+10     0.525132E+10     0.542700E+10     0.537895E+10     0.550978E+10     0.622300E+10     0.587492E+10     0.504500E+10     0.571200E+10     0.565782E+10     0.428500E+10     0.421624E+10     0.421100E+10     0.490167E+10     0.542700E+10     0.535100E+10     0.414769E+10     0.390700E+10     0.521981E+10     0.765300E+10     0.740700E+10     0.678797E+10     0.739800E+10     0.721651E+10     0.605668E+10     0.592300E+10     0.578469E+10     0.421129E+10     0.418000E+10     0.412865E+10     0.410000E+10     0.406100E+10     0.414627E+10     0.381800E+10     0.377357E+10     0.374300E+10     0.370500E+10     0.368215E+10     0.383100E+10     0.379658E+10     0.363600E+10     0.304091E+10     0.206000E+10     0.188500E+10     0.197496E+10     0.198000E+10     0.224039E+10     0.232000E+10     0.230100E+10     0.228778E+10     0.192400E+10     0.191197E+10     0.186804E+10     0.181400E+10     0.181400E+10     0.186374E+10     0.190500E+10     0.181400E+10     0.181400E+10     0.181400E+10     0.181400E+10     0.181400E+10     0.181400E+10     0.181400E+10     0.181400E+10     0.181400E+10     0.181400E+10     0.181400E+10     0.181400E+10     0.181400E+10     0.181400E+10     0.181400E+10     0.181400E+10     0.181400E+10     0.181400E+10     0.181400E+10     0.100000E+21
 0.370000E+04     0.177960E+11     0.177960E+11     0.168987E+11     0.158203E+11     0.112791E+11     0.109818E+11     0.103039E+11     0.108123E+11     0.111271E+11     0.110856E+11     0.106420E+11     0.106420E+11     0.106420E+11     0.106420E+11     0.114606E+11     0.117570E+11     0.113780E+11     0.113780E+11     0.106920E+11     0.962112E+10     0.925500E+10     0.925500E+10     0.925500E+10     0.925500E+10     0.103546E+11     0.116681E+11     0.129430E+11     0.113869E+11     0.860300E+10     0.860300E+10     0.860300E+10     0.860300E+10     0.860300E+10     0.860300E+10     0.508600E+10     0.508600E+10     0.480400E+10     0.507310E+10     0.583600E+10     0.689201E+10     0.916493E+10     0.155530E+11     0.155530E+11     0.719400E+10     0.729178E+10     0.777100E+10     0.667523E+10     0.656617E+10     0.566400E+10     0.561127E+10     0.532663E+10     0.519179E+10     0.516994E+10     0.539465E+10     0.551882E+10     0.548653E+10     0.573055E+10     0.587043E+10     0.540770E+10     0.458878E+10     0.450598E+10     0.446543E+10     0.443744E+10     0.460071E+10     0.469743E+10     0.489141E+10     0.478708E+10     0.448052E+10     0.529301E+10     0.504829E+10     0.650051E+10     0.668971E+10     0.656521E+10     0.652890E+10     0.644623E+10     0.596260E+10     0.503707E+10     0.494630E+10     0.412618E+10     0.410000E+10     0.400962E+10     0.422823E+10     0.413374E+10     0.376932E+10     0.374300E+10     0.370500E+10     0.368327E+10     0.369611E+10     0.377447E+10     0.371643E+10     0.337854E+10     0.297531E+10     0.199101E+10     0.200357E+10     0.189440E+10     0.202038E+10     0.232000E+10     0.230100E+10     0.228881E+10     0.215527E+10     0.198244E+10     0.187806E+10     0.185855E+10     0.184858E+10     0.185215E+10     0.190500E+10     0.181400E+10     0.181400E+10     0.181400E+10     0.181400E+10     0.181400E+10     0.181400E+10     0.181400E+10     0.181400E+10     0.181400E+10     0.181400E+10     0.181400E+10     0.181400E+10     0.181400E+10     0.181400E+10     0.181400E+10     0.181400E+10     0.181400E+10     0.181400E+10     0.181400E+10     0.100000E+21
 0.372000E+04     0.155530E+11     0.169665E+11     0.177960E+11     0.177960E+11     0.115280E+11     0.115280E+11     0.115280E+11     0.103461E+11     0.110660E+11     0.111602E+11     0.106420E+11     0.106420E+11     0.106420E+11     0.106420E+11     0.116237E+11     0.117570E+11     0.113780E+11     0.113780E+11     0.113780E+11     0.973577E+10     0.925500E+10     0.925500E+10     0.925500E+10     0.925500E+10     0.104266E+11     0.114055E+11     0.129430E+11     0.115935E+11     0.860300E+10     0.860300E+10     0.860300E+10     0.860300E+10     0.860300E+10     0.860300E+10     0.508600E+10     0.508600E+10     0.480400E+10     0.491565E+10     0.583600E+10     0.554551E+10     0.508600E+10     0.155530E+11     0.155530E+11     0.155530E+11     0.956605E+10     0.701100E+10     0.656100E+10     0.656100E+10     0.674200E+10     0.667374E+10     0.547766E+10     0.542700E+10     0.517157E+10     0.500183E+10     0.519600E+10     0.510137E+10     0.504500E+10     0.497100E+10     0.474831E+10     0.463900E+10     0.465024E+10     0.458900E+10     0.448925E+10     0.444900E+10     0.401700E+10     0.396266E+10     0.424400E+10     0.510397E+10     0.505500E+10     0.371700E+10     0.367040E+10     0.380600E+10     0.595530E+10     0.622219E+10     0.668600E+10     0.653857E+10     0.545869E+10     0.530200E+10     0.392661E+10     0.401600E+10     0.397700E+10     0.403842E+10     0.428000E+10     0.423175E+10     0.419900E+10     0.370500E+10     0.368233E+10     0.363100E+10     0.359800E+10     0.375500E+10     0.370401E+10     0.368000E+10     0.364300E+10     0.352122E+10     0.200700E+10     0.199478E+10     0.194500E+10     0.193000E+10     0.217255E+10     0.226400E+10     0.224892E+10     0.211118E+10     0.187900E+10     0.187012E+10     0.186408E+10     0.190500E+10     0.181400E+10     0.181400E+10     0.181400E+10     0.181400E+10     0.181400E+10     0.181400E+10     0.181400E+10     0.181400E+10     0.181400E+10     0.181400E+10     0.181400E+10     0.181400E+10     0.181400E+10     0.181400E+10     0.181400E+10     0.181400E+10     0.181400E+10     0.181400E+10     0.181400E+10     0.100000E+21
 0.374000E+04     0.155530E+11     0.160202E+11     0.177960E+11     0.177960E+11     0.149271E+11     0.115280E+11     0.115280E+11     0.111865E+11     0.110660E+11     0.110238E+11     0.106420E+11     0.106420E+11     0.106420E+11     0.106420E+11     0.107579E+11     0.117570E+11     0.115465E+11     0.113780E+11     0.113780E+11     0.973577E+10     0.925500E+10     0.925500E+10     0.925500E+10     0.925500E+10     0.104266E+11     0.114055E+11     0.129430E+11     0.123506E+11     0.120743E+11     0.860300E+10     0.860300E+10     0.860300E+10     0.860300E+10     0.860300E+10     0.508600E+10     0.508600E+10     0.500750E+10     0.485554E+10     0.510013E+10     0.554551E+10     0.508600E+10     0.811691E+10     0.145173E+11     0.155530E+11     0.956605E+10     0.701100E+10     0.684121E+10     0.661938E+10     0.659128E+10     0.659082E+10     0.594748E+10     0.542700E+10     0.530830E+10     0.514926E+10     0.491479E+10     0.491206E+10     0.504500E+10     0.476932E+10     0.468666E+10     0.463900E+10     0.463457E+10     0.458900E+10     0.448925E+10     0.444900E+10     0.427308E+10     0.398970E+10     0.397979E+10     0.432190E+10     0.448155E+10     0.465543E+10     0.456181E+10     0.362751E+10     0.420709E+10     0.622224E+10     0.587348E+10     0.592442E+10     0.469416E+10     0.458506E+10     0.389986E+10     0.388757E+10     0.387671E+10     0.397646E+10     0.398088E+10     0.423175E+10     0.419900E+10     0.398155E+10     0.378346E+10     0.363100E+10     0.359800E+10     0.361284E+10     0.362056E+10     0.368000E+10     0.364300E+10     0.359520E+10     0.317742E+10     0.298738E+10     0.196223E+10     0.183722E+10     0.197282E+10     0.226400E+10     0.224892E+10     0.217261E+10     0.214910E+10     0.207294E+10     0.186408E+10     0.190500E+10     0.181400E+10     0.181400E+10     0.181400E+10     0.181400E+10     0.181400E+10     0.181400E+10     0.181400E+10     0.181400E+10     0.181400E+10     0.181400E+10     0.181400E+10     0.181400E+10     0.181400E+10     0.181400E+10     0.181400E+10     0.181400E+10     0.181400E+10     0.181400E+10     0.181400E+10     0.100000E+21
 0.376000E+04     0.155530E+11     0.155530E+11     0.177960E+11     0.177960E+11     0.166219E+11     0.135289E+11     0.115280E+11     0.115280E+11     0.106683E+11     0.110006E+11     0.107805E+11     0.106420E+11     0.106420E+11     0.106420E+11     0.106420E+11     0.117570E+11     0.116113E+11     0.113780E+11     0.113780E+11     0.991144E+10     0.925500E+10     0.925500E+10     0.925500E+10     0.925500E+10     0.998924E+10     0.113952E+11     0.123235E+11     0.129430E+11     0.129430E+11     0.860300E+10     0.860300E+10     0.860300E+10     0.860300E+10     0.860300E+10     0.645976E+10     0.567722E+10     0.508600E+10     0.480400E+10     0.480400E+10     0.552654E+10     0.508600E+10     0.508600E+10     0.134473E+11     0.155530E+11     0.117807E+11     0.701100E+10     0.692100E+10     0.674140E+10     0.656100E+10     0.656100E+10     0.629810E+10     0.575758E+10     0.556318E+10     0.518028E+10     0.496699E+10     0.477745E+10     0.490976E+10     0.463900E+10     0.463900E+10     0.463900E+10     0.463153E+10     0.460535E+10     0.451273E+10     0.444900E+10     0.438000E+10     0.414132E+10     0.400410E+10     0.387890E+10     0.397661E+10     0.457210E+10     0.456206E+10     0.398534E+10     0.383201E+10     0.533365E+10     0.527166E+10     0.515123E+10     0.446868E+10     0.444100E+10     0.405860E+10     0.401219E+10     0.381300E+10     0.389158E+10     0.390000E+10     0.415164E+10     0.419900E+10     0.415900E+10     0.396427E+10     0.363100E+10     0.360365E+10     0.355800E+10     0.355158E+10     0.360383E+10     0.364300E+10     0.361704E+10     0.349056E+10     0.347089E+10     0.251770E+10     0.185883E+10     0.190575E+10     0.214759E+10     0.213448E+10     0.221930E+10     0.220800E+10     0.219771E+10     0.193199E+10     0.190500E+10     0.181400E+10     0.181400E+10     0.181400E+10     0.181400E+10     0.181400E+10     0.181400E+10     0.181400E+10     0.181400E+10     0.181400E+10     0.181400E+10     0.181400E+10     0.181400E+10     0.181400E+10     0.181400E+10     0.181400E+10     0.181400E+10     0.181400E+10     0.181400E+10     0.181400E+10     0.100000E+21
 0.378000E+04     0.155530E+11     0.155530E+11     0.164750E+11     0.177960E+11     0.177960E+11     0.177960E+11     0.151505E+11     0.125531E+11     0.110762E+11     0.101958E+11     0.110660E+11     0.106420E+11     0.106420E+11     0.106420E+11     0.106420E+11     0.117570E+11     0.116271E+11     0.113780E+11     0.113780E+11     0.109539E+11     0.925500E+10     0.925500E+10     0.925500E+10     0.925500E+10     0.925500E+10     0.110060E+11     0.110060E+11     0.129430E+11     0.129430E+11     0.860300E+10     0.860300E+10     0.860300E+10     0.860300E+10     0.860300E+10     0.860300E+10     0.636139E+10     0.508600E+10     0.480400E+10     0.480400E+10     0.554926E+10     0.508600E+10     0.508600E+10     0.174985E+11     0.190201E+11     0.162527E+11     0.119679E+11     0.133980E+11     0.817556E+10     0.670988E+10     0.658278E+10     0.654817E+10     0.654699E+10     0.619904E+10     0.592013E+10     0.573074E+10     0.462222E+10     0.462259E+10     0.463035E+10     0.462971E+10     0.463900E+10     0.463900E+10     0.463900E+10     0.460361E+10     0.455996E+10     0.455223E+10     0.433806E+10     0.424400E+10     0.402389E+10     0.396534E+10     0.370600E+10     0.373058E+10     0.406698E+10     0.420935E+10     0.417241E+10     0.430200E+10     0.433707E+10     0.447386E+10     0.444100E+10     0.438837E+10     0.435900E+10     0.410605E+10     0.378571E+10     0.377667E+10     0.377975E+10     0.394687E+10     0.394279E+10     0.405548E+10     0.393274E+10     0.397691E+10     0.355800E+10     0.350795E+10     0.348500E+10     0.351133E+10     0.359299E+10     0.357000E+10     0.354316E+10     0.344954E+10     0.312613E+10     0.283110E+10     0.191913E+10     0.190644E+10     0.200045E+10     0.192363E+10     0.211824E+10     0.210099E+10     0.190500E+10     0.181400E+10     0.181400E+10     0.181400E+10     0.181400E+10     0.181400E+10     0.181400E+10     0.181400E+10     0.181400E+10     0.181400E+10     0.181400E+10     0.181400E+10     0.181400E+10     0.181400E+10     0.181400E+10     0.181400E+10     0.181400E+10     0.181400E+10     0.181400E+10     0.181400E+10     0.100000E+21
 0.380000E+04     0.140431E+11     0.149804E+11     0.159398E+11     0.164794E+11     0.177960E+11     0.177960E+11     0.177960E+11     0.138983E+11     0.115280E+11     0.107148E+11     0.103343E+11     0.106420E+11     0.106420E+11     0.106420E+11     0.106420E+11     0.117570E+11     0.116868E+11     0.115882E+11     0.113780E+11     0.113780E+11     0.925500E+10     0.925500E+10     0.925500E+10     0.925500E+10     0.925500E+10     0.110060E+11     0.110060E+11     0.129430E+11     0.129430E+11     0.110191E+11     0.860300E+10     0.860300E+10     0.860300E+10     0.860300E+10     0.860300E+10     0.653533E+10     0.508600E+10     0.480400E+10     0.480400E+10     0.568997E+10     0.550238E+10     0.508600E+10     0.152432E+11     0.201070E+11     0.189330E+11     0.155530E+11     0.155530E+11     0.132966E+11     0.674200E+10     0.666435E+10     0.656100E+10     0.656100E+10     0.651974E+10     0.817383E+10     0.583600E+10     0.509391E+10     0.462200E+10     0.462289E+10     0.462358E+10     0.463019E+10     0.463900E+10     0.463900E+10     0.463900E+10     0.463900E+10     0.463900E+10     0.455082E+10     0.447595E+10     0.415132E+10     0.411100E+10     0.390501E+10     0.496223E+10     0.548444E+10     0.474503E+10     0.432500E+10     0.430200E+10     0.427746E+10     0.431464E+10     0.428804E+10     0.438489E+10     0.435900E+10     0.431800E+10     0.394801E+10     0.373800E+10     0.371256E+10     0.372924E+10     0.369673E+10     0.381845E+10     0.407900E+10     0.405170E+10     0.381779E+10     0.350616E+10     0.348500E+10     0.344900E+10     0.347618E+10     0.345710E+10     0.350866E+10     0.349700E+10     0.346100E+10     0.340966E+10     0.278133E+10     0.272009E+10     0.187770E+10     0.186911E+10     0.193737E+10     0.194267E+10     0.190500E+10     0.181400E+10     0.181400E+10     0.181400E+10     0.181400E+10     0.181400E+10     0.181400E+10     0.181400E+10     0.181400E+10     0.181400E+10     0.181400E+10     0.181400E+10     0.181400E+10     0.181400E+10     0.181400E+10     0.181400E+10     0.181400E+10     0.181400E+10     0.181400E+10     0.181400E+10     0.100000E+21
 0.382000E+04     0.129820E+11     0.145583E+11     0.155530E+11     0.155530E+11     0.177960E+11     0.177960E+11     0.177960E+11     0.177960E+11     0.115280E+11     0.111195E+11     0.981700E+10     0.106420E+11     0.106420E+11     0.106420E+11     0.106420E+11     0.106420E+11     0.117570E+11     0.117570E+11     0.113780E+11     0.113780E+11     0.925500E+10     0.925500E+10     0.925500E+10     0.925500E+10     0.925500E+10     0.977693E+10     0.110060E+11     0.116618E+11     0.129430E+11     0.129430E+11     0.860300E+10     0.860300E+10     0.860300E+10     0.860300E+10     0.860300E+10     0.644195E+10     0.508600E+10     0.480400E+10     0.480400E+10     0.583600E+10     0.583600E+10     0.508600E+10     0.129331E+11     0.155530E+11     0.186314E+11     0.201070E+11     0.155530E+11     0.155530E+11     0.155530E+11     0.932950E+10     0.848108E+10     0.117320E+11     0.117320E+11     0.117320E+11     0.117320E+11     0.100113E+11     0.583600E+10     0.583600E+10     0.505081E+10     0.462200E+10     0.462400E+10     0.462400E+10     0.463900E+10     0.463900E+10     0.463900E+10     0.463900E+10     0.463900E+10     0.587986E+10     0.815200E+10     0.705200E+10     0.688558E+10     0.658600E+10     0.643050E+10     0.432587E+10     0.430200E+10     0.427620E+10     0.420797E+10     0.418000E+10     0.412709E+10     0.410000E+10     0.431800E+10     0.426404E+10     0.423700E+10     0.406259E+10     0.366300E+10     0.362600E+10     0.360387E+10     0.371000E+10     0.368096E+10     0.400100E+10     0.394696E+10     0.392300E+10     0.344900E+10     0.342248E+10     0.337800E+10     0.335416E+10     0.349700E+10     0.346100E+10     0.343719E+10     0.339000E+10     0.336473E+10     0.326759E+10     0.317400E+10     0.241340E+10     0.184256E+10     0.190500E+10     0.181400E+10     0.181400E+10     0.181400E+10     0.181400E+10     0.181400E+10     0.181400E+10     0.181400E+10     0.181400E+10     0.181400E+10     0.181400E+10     0.181400E+10     0.181400E+10     0.181400E+10     0.181400E+10     0.181400E+10     0.181400E+10     0.181400E+10     0.181400E+10     0.181400E+10     0.100000E+21
 0.384000E+04     0.129820E+11     0.135776E+11     0.155530E+11     0.155530E+11     0.166201E+11     0.177960E+11     0.177960E+11     0.177960E+11     0.162023E+11     0.114121E+11     0.109670E+11     0.106420E+11     0.106420E+11     0.106420E+11     0.106420E+11     0.106420E+11     0.117570E+11     0.117570E+11     0.113780E+11     0.113780E+11     0.110321E+11     0.955807E+10     0.925500E+10     0.925500E+10     0.925500E+10     0.958814E+10     0.110060E+11     0.115943E+11     0.129430E+11     0.129430E+11     0.860300E+10     0.860300E+10     0.860300E+10     0.860300E+10     0.860300E+10     0.636103E+10     0.508600E+10     0.480400E+10     0.480400E+10     0.583600E+10     0.583600E+10     0.508600E+10     0.124065E+11     0.155530E+11     0.165532E+11     0.201070E+11     0.190203E+11     0.185086E+11     0.155530E+11     0.141924E+11     0.960833E+10     0.104388E+11     0.108260E+11     0.117320E+11     0.117320E+11     0.110768E+11     0.100483E+11     0.925571E+10     0.659406E+10     0.549932E+10     0.462236E+10     0.462266E+10     0.463019E+10     0.463019E+10     0.463900E+10     0.463900E+10     0.463900E+10     0.696336E+10     0.815200E+10     0.765498E+10     0.698189E+10     0.658600E+10     0.641665E+10     0.536358E+10     0.568478E+10     0.458089E+10     0.421151E+10     0.418000E+10     0.412868E+10     0.410000E+10     0.416795E+10     0.413906E+10     0.423700E+10     0.415012E+10     0.399668E+10     0.362600E+10     0.360314E+10     0.360326E+10     0.353849E+10     0.374915E+10     0.394786E+10     0.392300E+10     0.374780E+10     0.373624E+10     0.337800E+10     0.335257E+10     0.338600E+10     0.331221E+10     0.340494E+10     0.339000E+10     0.336085E+10     0.329144E+10     0.326464E+10     0.292603E+10     0.253635E+10     0.190500E+10     0.181400E+10     0.181400E+10     0.181400E+10     0.181400E+10     0.181400E+10     0.181400E+10     0.181400E+10     0.181400E+10     0.181400E+10     0.181400E+10     0.181400E+10     0.181400E+10     0.181400E+10     0.181400E+10     0.181400E+10     0.181400E+10     0.181400E+10     0.181400E+10     0.181400E+10     0.100000E+21
 0.386000E+04     0.165040E+11     0.143262E+11     0.137038E+11     0.155530E+11     0.162121E+11     0.177960E+11     0.177960E+11     0.177960E+11     0.177960E+11     0.115280E+11     0.115280E+11     0.106420E+11     0.106420E+11     0.106420E+11     0.106420E+11     0.106420E+11     0.117570E+11     0.117570E+11     0.113780E+11     0.113780E+11     0.113780E+11     0.988567E+10     0.925500E+10     0.925500E+10     0.925500E+10     0.972162E+10     0.110060E+11     0.116436E+11     0.129430E+11     0.129430E+11     0.860300E+10     0.860300E+10     0.860300E+10     0.860300E+10     0.860300E+10     0.642314E+10     0.508600E+10     0.480400E+10     0.480400E+10     0.583600E+10     0.583600E+10     0.508600E+10     0.508600E+10     0.134940E+11     0.134940E+11     0.155530E+11     0.155530E+11     0.186884E+11     0.201070E+11     0.137348E+11     0.113410E+11     0.113410E+11     0.106648E+11     0.102160E+11     0.102160E+11     0.117320E+11     0.117320E+11     0.117320E+11     0.117320E+11     0.117320E+11     0.583600E+10     0.583600E+10     0.462200E+10     0.462200E+10     0.462400E+10     0.410250E+10     0.390700E+10     0.530064E+10     0.765300E+10     0.682100E+10     0.741657E+10     0.739800E+10     0.666058E+10     0.605344E+10     0.592300E+10     0.578886E+10     0.514245E+10     0.418000E+10     0.412754E+10     0.410000E+10     0.406100E+10     0.400981E+10     0.398300E+10     0.399207E+10     0.415600E+10     0.411600E+10     0.409250E+10     0.355300E+10     0.352281E+10     0.348000E+10     0.348886E+10     0.356200E+10     0.388500E+10     0.385546E+10     0.380800E+10     0.348484E+10     0.330800E+10     0.327300E+10     0.324952E+10     0.320400E+10     0.331403E+10     0.330686E+10     0.328400E+10     0.326415E+10     0.282585E+10     0.190500E+10     0.181400E+10     0.181400E+10     0.181400E+10     0.181400E+10     0.181400E+10     0.181400E+10     0.181400E+10     0.181400E+10     0.181400E+10     0.181400E+10     0.181400E+10     0.181400E+10     0.181400E+10     0.181400E+10     0.181400E+10     0.181400E+10     0.181400E+10     0.181400E+10     0.181400E+10     0.100000E+21
 0.388000E+04     0.165040E+11     0.142785E+11     0.137046E+11     0.155530E+11     0.158581E+11     0.164518E+11     0.177960E+11     0.177960E+11     0.177960E+11     0.147056E+11     0.115280E+11     0.106420E+11     0.106420E+11     0.106420E+11     0.106420E+11     0.106420E+11     0.117570E+11     0.117570E+11     0.116007E+11     0.114267E+11     0.113780E+11     0.986935E+10     0.925500E+10     0.925500E+10     0.925500E+10     0.948482E+10     0.992636E+10     0.112998E+11     0.117573E+11     0.129430E+11     0.104309E+11     0.860300E+10     0.860300E+10     0.860300E+10     0.860300E+10     0.637526E+10     0.508600E+10     0.495490E+10     0.480400E+10     0.548323E+10     0.583600E+10     0.552092E+10     0.517171E+10     0.134940E+11     0.134940E+11     0.144491E+11     0.143056E+11     0.165565E+11     0.111416E+11     0.903957E+10     0.919233E+10     0.113410E+11     0.110342E+11     0.107110E+11     0.102160E+11     0.108511E+11     0.108330E+11     0.117320E+11     0.117320E+11     0.117320E+11     0.950582E+10     0.924180E+10     0.527507E+10     0.527507E+10     0.448305E+10     0.475545E+10     0.390700E+10     0.453725E+10     0.569858E+10     0.716851E+10     0.703765E+10     0.675531E+10     0.685311E+10     0.632152E+10     0.592300E+10     0.578583E+10     0.529910E+10     0.487648E+10     0.452559E+10     0.410000E+10     0.406100E+10     0.401034E+10     0.398300E+10     0.396256E+10     0.401045E+10     0.398277E+10     0.404193E+10     0.383423E+10     0.382732E+10     0.348000E+10     0.345804E+10     0.348025E+10     0.367567E+10     0.381173E+10     0.380800E+10     0.365960E+10     0.353656E+10     0.327300E+10     0.324901E+10     0.320400E+10     0.322687E+10     0.323737E+10     0.328400E+10     0.326378E+10     0.283592E+10     0.190500E+10     0.181400E+10     0.181400E+10     0.181400E+10     0.181400E+10     0.181400E+10     0.181400E+10     0.181400E+10     0.181400E+10     0.181400E+10     0.181400E+10     0.181400E+10     0.181400E+10     0.181400E+10     0.181400E+10     0.181400E+10     0.181400E+10     0.181400E+10     0.181400E+10     0.181400E+10     0.100000E+21
 0.390000E+04     0.147684E+11     0.147347E+11     0.134794E+11     0.142860E+11     0.155530E+11     0.155530E+11     0.177960E+11     0.177960E+11     0.177960E+11     0.167661E+11     0.146170E+11     0.106420E+11     0.106420E+11     0.106420E+11     0.106420E+11     0.106420E+11     0.114300E+11     0.117570E+11     0.117570E+11     0.115102E+11     0.113780E+11     0.100617E+11     0.925500E+10     0.925500E+10     0.925500E+10     0.925500E+10     0.925500E+10     0.110060E+11     0.110060E+11     0.129430E+11     0.113004E+11     0.860300E+10     0.860300E+10     0.860300E+10     0.860300E+10     0.655058E+10     0.508600E+10     0.499829E+10     0.480400E+10     0.524541E+10     0.583600E+10     0.583600E+10     0.533640E+10     0.935127E+10     0.119164E+11     0.134940E+11     0.971536E+10     0.105787E+11     0.605733E+10     0.559120E+10     0.668242E+10     0.842689E+10     0.839133E+10     0.928063E+10     0.107704E+11     0.107716E+11     0.107703E+11     0.109810E+11     0.109822E+11     0.117320E+11     0.117320E+11     0.117320E+11     0.516810E+10     0.514910E+10     0.420110E+10     0.460886E+10     0.454510E+10     0.424422E+10     0.388849E+10     0.558875E+10     0.536574E+10     0.664193E+10     0.665301E+10     0.637454E+10     0.629897E+10     0.617056E+10     0.542575E+10     0.530200E+10     0.487759E+10     0.449910E+10     0.438742E+10     0.400728E+10     0.398300E+10     0.393098E+10     0.390500E+10     0.386700E+10     0.391680E+10     0.403700E+10     0.401013E+10     0.371604E+10     0.356653E+10     0.340900E+10     0.345060E+10     0.359560E+10     0.363358E+10     0.371778E+10     0.373300E+10     0.348092E+10     0.345954E+10     0.320400E+10     0.318329E+10     0.315877E+10     0.319432E+10     0.317485E+10     0.271722E+10     0.190500E+10     0.181400E+10     0.181400E+10     0.181400E+10     0.181400E+10     0.181400E+10     0.181400E+10     0.181400E+10     0.181400E+10     0.181400E+10     0.181400E+10     0.181400E+10     0.181400E+10     0.181400E+10     0.181400E+10     0.181400E+10     0.181400E+10     0.181400E+10     0.181400E+10     0.181400E+10     0.100000E+21
 0.392000E+04     0.129820E+11     0.150769E+11     0.145135E+11     0.129820E+11     0.155530E+11     0.155530E+11     0.164682E+11     0.173388E+11     0.177960E+11     0.177960E+11     0.177960E+11     0.106420E+11     0.106420E+11     0.106420E+11     0.106420E+11     0.106420E+11     0.110781E+11     0.117570E+11     0.117570E+11     0.115002E+11     0.113780E+11     0.100091E+11     0.925500E+10     0.925500E+10     0.925500E+10     0.925500E+10     0.925500E+10     0.110060E+11     0.110060E+11     0.129430E+11     0.113989E+11     0.860300E+10     0.860300E+10     0.860300E+10     0.860300E+10     0.650716E+10     0.508600E+10     0.500761E+10     0.480400E+10     0.523465E+10     0.583600E+10     0.583600E+10     0.531391E+10     0.508600E+10     0.113582E+11     0.964881E+10     0.653712E+10     0.662628E+10     0.594446E+10     0.595951E+10     0.564932E+10     0.505002E+10     0.503642E+10     0.619720E+10     0.734109E+10     0.858542E+10     0.113410E+11     0.108812E+11     0.104542E+11     0.107497E+11     0.716815E+10     0.713247E+10     0.448790E+10     0.444900E+10     0.425074E+10     0.410893E+10     0.458127E+10     0.450944E+10     0.453386E+10     0.453602E+10     0.395488E+10     0.475748E+10     0.471841E+10     0.620908E+10     0.605444E+10     0.596793E+10     0.589709E+10     0.576571E+10     0.503446E+10     0.491000E+10     0.472000E+10     0.429689E+10     0.422420E+10     0.393215E+10     0.390500E+10     0.386700E+10     0.384427E+10     0.387839E+10     0.385024E+10     0.395900E+10     0.382152E+10     0.368868E+10     0.367692E+10     0.346338E+10     0.335572E+10     0.347828E+10     0.373300E+10     0.369500E+10     0.367158E+10     0.347354E+10     0.344925E+10     0.312310E+10     0.310200E+10     0.308268E+10     0.267260E+10     0.190500E+10     0.181400E+10     0.181400E+10     0.181400E+10     0.181400E+10     0.181400E+10     0.181400E+10     0.181400E+10     0.181400E+10     0.181400E+10     0.181400E+10     0.181400E+10     0.181400E+10     0.181400E+10     0.181400E+10     0.181400E+10     0.181400E+10     0.181400E+10     0.181400E+10     0.181400E+10     0.100000E+21
 0.394000E+04     0.129820E+11     0.139430E+11     0.155264E+11     0.129820E+11     0.157003E+11     0.155530E+11     0.155530E+11     0.170961E+11     0.177960E+11     0.177960E+11     0.177960E+11     0.106420E+11     0.106420E+11     0.106420E+11     0.106420E+11     0.106420E+11     0.110298E+11     0.117570E+11     0.117570E+11     0.114718E+11     0.113780E+11     0.986469E+10     0.925500E+10     0.925500E+10     0.925500E+10     0.925500E+10     0.925500E+10     0.110060E+11     0.110060E+11     0.129430E+11     0.116739E+11     0.860300E+10     0.860300E+10     0.860300E+10     0.860300E+10     0.637378E+10     0.508600E+10     0.503446E+10     0.480400E+10     0.520105E+10     0.583600E+10     0.583600E+10     0.563204E+10     0.508600E+10     0.840979E+10     0.641331E+10     0.692100E+10     0.685766E+10     0.635204E+10     0.646815E+10     0.574075E+10     0.571558E+10     0.554402E+10     0.551394E+10     0.483505E+10     0.590025E+10     0.752896E+10     0.113410E+11     0.110264E+11     0.682283E+10     0.463471E+10     0.458900E+10     0.448943E+10     0.444900E+10     0.438000E+10     0.423075E+10     0.402923E+10     0.416839E+10     0.454635E+10     0.498200E+10     0.457618E+10     0.439077E+10     0.378995E+10     0.479043E+10     0.437821E+10     0.539183E+10     0.560374E+10     0.543619E+10     0.544597E+10     0.533444E+10     0.472000E+10     0.448112E+10     0.435400E+10     0.405450E+10     0.390500E+10     0.386700E+10     0.384300E+10     0.379100E+10     0.375994E+10     0.381360E+10     0.381881E+10     0.388200E+10     0.384400E+10     0.368581E+10     0.330300E+10     0.331972E+10     0.346216E+10     0.347645E+10     0.361287E+10     0.362100E+10     0.359403E+10     0.335591E+10     0.336211E+10     0.316934E+10     0.271048E+10     0.190500E+10     0.181400E+10     0.181400E+10     0.181400E+10     0.181400E+10     0.181400E+10     0.181400E+10     0.181400E+10     0.181400E+10     0.181400E+10     0.181400E+10     0.181400E+10     0.181400E+10     0.181400E+10     0.181400E+10     0.181400E+10     0.181400E+10     0.181400E+10     0.181400E+10     0.181400E+10     0.100000E+21
 0.396000E+04     0.184650E+11     0.150070E+11     0.137568E+11     0.165040E+11     0.158006E+11     0.155530E+11     0.155530E+11     0.155530E+11     0.177960E+11     0.177960E+11     0.177960E+11     0.177960E+11     0.135499E+11     0.106420E+11     0.106420E+11     0.106420E+11     0.110296E+11     0.117570E+11     0.117570E+11     0.114593E+11     0.113780E+11     0.980218E+10     0.925500E+10     0.925500E+10     0.925500E+10     0.925500E+10     0.925500E+10     0.110060E+11     0.110060E+11     0.129430E+11     0.117582E+11     0.860300E+10     0.860300E+10     0.860300E+10     0.860300E+10     0.637907E+10     0.508600E+10     0.507148E+10     0.480400E+10     0.520365E+10     0.583600E+10     0.583600E+10     0.583600E+10     0.570500E+10     0.564791E+10     0.590600E+10     0.582500E+10     0.576714E+10     0.566400E+10     0.645944E+10     0.653561E+10     0.647900E+10     0.642644E+10     0.543631E+10     0.595600E+10     0.454425E+10     0.449100E+10     0.463900E+10     0.463900E+10     0.463900E+10     0.463900E+10     0.463900E+10     0.455818E+10     0.444900E+10     0.438000E+10     0.431900E+10     0.424400E+10     0.404292E+10     0.376700E+10     0.404500E+10     0.399479E+10     0.483900E+10     0.478506E+10     0.419828E+10     0.341300E+10     0.350995E+10     0.391470E+10     0.560200E+10     0.510758E+10     0.559400E+10     0.538900E+10     0.448317E+10     0.435400E+10     0.415028E+10     0.400600E+10     0.383800E+10     0.383187E+10     0.379100E+10     0.375496E+10     0.371500E+10     0.366440E+10     0.364100E+10     0.384400E+10     0.381316E+10     0.376800E+10     0.374037E+10     0.323400E+10     0.319900E+10     0.327724E+10     0.362100E+10     0.359026E+10     0.353616E+10     0.351200E+10     0.349069E+10     0.304437E+10     0.190500E+10     0.181400E+10     0.181400E+10     0.181400E+10     0.181400E+10     0.181400E+10     0.181400E+10     0.181400E+10     0.181400E+10     0.181400E+10     0.181400E+10     0.181400E+10     0.181400E+10     0.181400E+10     0.181400E+10     0.181400E+10     0.181400E+10     0.181400E+10     0.181400E+10     0.181400E+10     0.100000E+21
 0.398000E+04     0.194016E+11     0.170237E+11     0.140072E+11     0.165040E+11     0.158404E+11     0.157068E+11     0.155530E+11     0.155530E+11     0.177960E+11     0.177960E+11     0.177960E+11     0.177960E+11     0.135353E+11     0.106420E+11     0.106420E+11     0.106420E+11     0.110324E+11     0.117570E+11     0.117570E+11     0.114755E+11     0.113780E+11     0.988301E+10     0.925500E+10     0.925500E+10     0.925500E+10     0.925500E+10     0.925500E+10     0.110060E+11     0.110060E+11     0.129430E+11     0.116448E+11     0.860300E+10     0.860300E+10     0.860300E+10     0.860300E+10     0.637984E+10     0.508600E+10     0.502900E+10     0.480400E+10     0.520236E+10     0.583600E+10     0.583600E+10     0.594424E+10     0.587164E+10     0.570398E+10     0.573161E+10     0.566208E+10     0.560064E+10     0.566400E+10     0.603098E+10     0.602946E+10     0.600630E+10     0.622642E+10     0.569269E+10     0.561476E+10     0.499490E+10     0.455219E+10     0.463172E+10     0.463654E+10     0.463900E+10     0.463900E+10     0.463900E+10     0.459792E+10     0.454089E+10     0.438000E+10     0.432658E+10     0.424400E+10     0.409688E+10     0.393391E+10     0.404500E+10     0.388654E+10     0.442413E+10     0.436399E+10     0.443089E+10     0.395894E+10     0.365602E+10     0.373979E+10     0.463197E+10     0.521528E+10     0.541288E+10     0.497726E+10     0.478604E+10     0.464415E+10     0.413792E+10     0.400600E+10     0.383800E+10     0.378687E+10     0.379100E+10     0.376068E+10     0.371500E+10     0.366439E+10     0.364100E+10     0.373263E+10     0.378629E+10     0.376800E+10     0.374137E+10     0.345601E+10     0.319900E+10     0.322944E+10     0.346584E+10     0.343975E+10     0.353597E+10     0.351200E+10     0.349062E+10     0.298593E+10     0.190500E+10     0.181400E+10     0.181400E+10     0.181400E+10     0.181400E+10     0.181400E+10     0.181400E+10     0.181400E+10     0.181400E+10     0.181400E+10     0.181400E+10     0.181400E+10     0.181400E+10     0.181400E+10     0.181400E+10     0.181400E+10     0.181400E+10     0.181400E+10     0.181400E+10     0.181400E+10     0.100000E+21
 0.400000E+04     0.205520E+11     0.193239E+11     0.136963E+11     0.151008E+11     0.158890E+11     0.158890E+11     0.155530E+11     0.155530E+11     0.177960E+11     0.177960E+11     0.177960E+11     0.177960E+11     0.137552E+11     0.106420E+11     0.106420E+11     0.106420E+11     0.110865E+11     0.117570E+11     0.117570E+11     0.115056E+11     0.113780E+11     0.100374E+11     0.925500E+10     0.925500E+10     0.925500E+10     0.925500E+10     0.925500E+10     0.110060E+11     0.110060E+11     0.129430E+11     0.102746E+11     0.860300E+10     0.860300E+10     0.860300E+10     0.860300E+10     0.652991E+10     0.508600E+10     0.500252E+10     0.480400E+10     0.524027E+10     0.583600E+10     0.612601E+10     0.626600E+10     0.607200E+10     0.588020E+10     0.570268E+10     0.560937E+10     0.547810E+10     0.552338E+10     0.547206E+10     0.538921E+10     0.542700E+10     0.573370E+10     0.581972E+10     0.560447E+10     0.512432E+10     0.462320E+10     0.462400E+10     0.462949E+10     0.463900E+10     0.463900E+10     0.463900E+10     0.463900E+10     0.463900E+10     0.448368E+10     0.437030E+10     0.424400E+10     0.415145E+10     0.411100E+10     0.404500E+10     0.386832E+10     0.378415E+10     0.381923E+10     0.427712E+10     0.426902E+10     0.399305E+10     0.359890E+10     0.336171E+10     0.445238E+10     0.445271E+10     0.474007E+10     0.477179E+10     0.467019E+10     0.428303E+10     0.400600E+10     0.383800E+10     0.374333E+10     0.368063E+10     0.372552E+10     0.371500E+10     0.366281E+10     0.364100E+10     0.360400E+10     0.367867E+10     0.367383E+10     0.370390E+10     0.369300E+10     0.338061E+10     0.337001E+10     0.321846E+10     0.319700E+10     0.345013E+10     0.351200E+10     0.349170E+10     0.287433E+10     0.190500E+10     0.181400E+10     0.181400E+10     0.181400E+10     0.181400E+10     0.181400E+10     0.181400E+10     0.181400E+10     0.181400E+10     0.181400E+10     0.181400E+10     0.181400E+10     0.181400E+10     0.181400E+10     0.181400E+10     0.181400E+10     0.181400E+10     0.181400E+10     0.181400E+10     0.181400E+10     0.100000E+21
 0.402000E+04     0.205520E+11     0.200007E+11     0.148987E+11     0.129820E+11     0.158890E+11     0.158890E+11     0.155530E+11     0.155530E+11     0.165517E+11     0.177960E+11     0.177960E+11     0.177960E+11     0.137761E+11     0.106420E+11     0.106420E+11     0.106420E+11     0.110919E+11     0.117570E+11     0.117570E+11     0.115089E+11     0.113780E+11     0.100548E+11     0.925500E+10     0.925500E+10     0.925500E+10     0.961238E+10     0.102229E+11     0.110060E+11     0.110060E+11     0.129430E+11     0.860300E+10     0.860300E+10     0.860300E+10     0.860300E+10     0.860300E+10     0.654465E+10     0.508600E+10     0.499947E+10     0.480400E+10     0.561099E+10     0.671185E+10     0.701470E+10     0.670060E+10     0.634333E+10     0.631470E+10     0.649727E+10     0.582500E+10     0.567549E+10     0.550685E+10     0.545734E+10     0.519477E+10     0.523675E+10     0.519900E+10     0.898395E+10     0.927802E+10     0.506176E+10     0.462200E+10     0.462293E+10     0.462359E+10     0.463068E+10     0.463900E+10     0.463900E+10     0.463900E+10     0.463900E+10     0.463900E+10     0.454254E+10     0.446306E+10     0.415109E+10     0.411100E+10     0.404500E+10     0.400237E+10     0.376845E+10     0.381594E+10     0.366080E+10     0.372500E+10     0.392816E+10     0.424965E+10     0.389397E+10     0.360626E+10     0.321437E+10     0.407477E+10     0.453479E+10     0.442570E+10     0.434249E+10     0.434336E+10     0.383800E+10     0.374391E+10     0.351500E+10     0.352496E+10     0.371500E+10     0.366265E+10     0.364100E+10     0.360400E+10     0.357948E+10     0.353100E+10     0.357325E+10     0.369300E+10     0.365600E+10     0.363317E+10     0.338031E+10     0.320220E+10     0.320991E+10     0.332446E+10     0.341359E+10     0.286169E+10     0.190500E+10     0.181400E+10     0.181400E+10     0.181400E+10     0.181400E+10     0.181400E+10     0.181400E+10     0.181400E+10     0.181400E+10     0.181400E+10     0.181400E+10     0.181400E+10     0.181400E+10     0.181400E+10     0.181400E+10     0.181400E+10     0.181400E+10     0.181400E+10     0.181400E+10     0.181400E+10     0.100000E+21
 0.404000E+04     0.216691E+11     0.209900E+11     0.168622E+11     0.129820E+11     0.158890E+11     0.158890E+11     0.152508E+11     0.154564E+11     0.155530E+11     0.177960E+11     0.177960E+11     0.177960E+11     0.135360E+11     0.106420E+11     0.106420E+11     0.106420E+11     0.110326E+11     0.117570E+11     0.115772E+11     0.114273E+11     0.113780E+11     0.988472E+10     0.925500E+10     0.925500E+10     0.925500E+10     0.976654E+10     0.110060E+11     0.113106E+11     0.119127E+11     0.129430E+11     0.860300E+10     0.860300E+10     0.860300E+10     0.860300E+10     0.860300E+10     0.638043E+10     0.508600E+10     0.502853E+10     0.480400E+10     0.665551E+10     0.747400E+10     0.738000E+10     0.700883E+10     0.685787E+10     0.665605E+10     0.679075E+10     0.617068E+10     0.623839E+10     0.616630E+10     0.576239E+10     0.530002E+10     0.524378E+10     0.709502E+10     0.117320E+11     0.117320E+11     0.768452E+10     0.519622E+10     0.462200E+10     0.462270E+10     0.462400E+10     0.463202E+10     0.463184E+10     0.463900E+10     0.463900E+10     0.463900E+10     0.463900E+10     0.463900E+10     0.438942E+10     0.436972E+10     0.404500E+10     0.399693E+10     0.391500E+10     0.386982E+10     0.360186E+10     0.357826E+10     0.363004E+10     0.405362E+10     0.401156E+10     0.415854E+10     0.367164E+10     0.317113E+10     0.393894E+10     0.393540E+10     0.421278E+10     0.424616E+10     0.412941E+10     0.402289E+10     0.351500E+10     0.339159E+10     0.347407E+10     0.366438E+10     0.364100E+10     0.360400E+10     0.357609E+10     0.353100E+10     0.350579E+10     0.357858E+10     0.365600E+10     0.363076E+10     0.358200E+10     0.338406E+10     0.307714E+10     0.310725E+10     0.322793E+10     0.298469E+10     0.190500E+10     0.181400E+10     0.181400E+10     0.181400E+10     0.181400E+10     0.181400E+10     0.181400E+10     0.181400E+10     0.181400E+10     0.181400E+10     0.181400E+10     0.181400E+10     0.181400E+10     0.181400E+10     0.181400E+10     0.181400E+10     0.181400E+10     0.181400E+10     0.181400E+10     0.181400E+10     0.100000E+21
 0.406000E+04     0.229520E+11     0.214495E+11     0.193045E+11     0.177145E+11     0.158890E+11     0.158890E+11     0.149360E+11     0.153591E+11     0.155530E+11     0.177960E+11     0.177960E+11     0.177960E+11     0.135717E+11     0.106420E+11     0.106420E+11     0.106420E+11     0.115781E+11     0.117570E+11     0.113780E+11     0.113780E+11     0.956173E+10     0.947710E+10     0.925500E+10     0.925500E+10     0.925500E+10     0.108433E+11     0.110060E+11     0.116179E+11     0.129430E+11     0.129430E+11     0.860300E+10     0.860300E+10     0.860300E+10     0.860300E+10     0.860300E+10     0.639568E+10     0.508600E+10     0.560689E+10     0.131718E+11     0.110733E+11     0.747400E+10     0.738000E+10     0.730383E+10     0.719400E+10     0.704997E+10     0.686514E+10     0.656100E+10     0.660085E+10     0.658696E+10     0.653842E+10     0.704587E+10     0.954742E+10     0.977333E+10     0.107941E+11     0.117320E+11     0.111300E+11     0.105499E+11     0.543769E+10     0.548952E+10     0.462239E+10     0.462248E+10     0.462400E+10     0.462880E+10     0.462880E+10     0.463900E+10     0.463900E+10     0.463900E+10     0.463900E+10     0.463900E+10     0.451991E+10     0.408601E+10     0.391500E+10     0.386765E+10     0.371704E+10     0.368102E+10     0.274705E+10     0.358694E+10     0.354000E+10     0.384881E+10     0.429000E+10     0.384931E+10     0.301923E+10     0.299193E+10     0.343429E+10     0.416713E+10     0.392380E+10     0.381104E+10     0.395484E+10     0.342060E+10     0.320800E+10     0.337771E+10     0.364100E+10     0.360400E+10     0.357481E+10     0.353100E+10     0.350528E+10     0.345900E+10     0.346066E+10     0.358574E+10     0.358200E+10     0.355295E+10     0.327863E+10     0.303100E+10     0.303483E+10     0.282098E+10     0.190500E+10     0.181400E+10     0.181400E+10     0.181400E+10     0.181400E+10     0.181400E+10     0.181400E+10     0.181400E+10     0.181400E+10     0.181400E+10     0.181400E+10     0.181400E+10     0.181400E+10     0.181400E+10     0.181400E+10     0.181400E+10     0.181400E+10     0.181400E+10     0.181400E+10     0.181400E+10     0.100000E+21
 0.408000E+04     0.229520E+11     0.229520E+11     0.205520E+11     0.205520E+11     0.158890E+11     0.158890E+11     0.149360E+11     0.153640E+11     0.155530E+11     0.177960E+11     0.177960E+11     0.177960E+11     0.135206E+11     0.106420E+11     0.106420E+11     0.106420E+11     0.117570E+11     0.117570E+11     0.113780E+11     0.113780E+11     0.925500E+10     0.925500E+10     0.925500E+10     0.925500E+10     0.925500E+10     0.110060E+11     0.110060E+11     0.129430E+11     0.129430E+11     0.860300E+10     0.860300E+10     0.860300E+10     0.860300E+10     0.860300E+10     0.508600E+10     0.508600E+10     0.508600E+10     0.201070E+11     0.201070E+11     0.155530E+11     0.155530E+11     0.155530E+11     0.889959E+10     0.719400E+10     0.712869E+10     0.701100E+10     0.692100E+10     0.685699E+10     0.656100E+10     0.101725E+11     0.113410E+11     0.113410E+11     0.106488E+11     0.102160E+11     0.102160E+11     0.117320E+11     0.117320E+11     0.117320E+11     0.117320E+11     0.583600E+10     0.462200E+10     0.462200E+10     0.462284E+10     0.462400E+10     0.462400E+10     0.462400E+10     0.463900E+10     0.463900E+10     0.463900E+10     0.463900E+10     0.463900E+10     0.463900E+10     0.405931E+10     0.376315E+10     0.372500E+10     0.368447E+10     0.181400E+10     0.181400E+10     0.346267E+10     0.342000E+10     0.422400E+10     0.414014E+10     0.409400E+10     0.293111E+10     0.304700E+10     0.408700E+10     0.373599E+10     0.336200E+10     0.383223E+10     0.320800E+10     0.300897E+10     0.291800E+10     0.360400E+10     0.357489E+10     0.353100E+10     0.350516E+10     0.345900E+10     0.342300E+10     0.339809E+10     0.358200E+10     0.355368E+10     0.349723E+10     0.347300E+10     0.318931E+10     0.267500E+10     0.190500E+10     0.181400E+10     0.181400E+10     0.181400E+10     0.181400E+10     0.181400E+10     0.181400E+10     0.181400E+10     0.181400E+10     0.181400E+10     0.181400E+10     0.181400E+10     0.181400E+10     0.181400E+10     0.181400E+10     0.181400E+10     0.181400E+10     0.181400E+10     0.181400E+10     0.181400E+10     0.100000E+21
 0.410000E+04     0.229520E+11     0.229520E+11     0.205520E+11     0.205520E+11     0.158890E+11     0.158890E+11     0.149360E+11     0.153351E+11     0.155530E+11     0.173705E+11     0.177960E+11     0.177960E+11     0.136828E+11     0.106420E+11     0.106420E+11     0.106420E+11     0.116963E+11     0.116117E+11     0.113780E+11     0.113780E+11     0.925500E+10     0.925500E+10     0.925500E+10     0.925500E+10     0.960934E+10     0.112679E+11     0.115958E+11     0.122870E+11     0.116381E+11     0.860300E+10     0.860300E+10     0.860300E+10     0.860300E+10     0.860300E+10     0.508600E+10     0.508600E+10     0.770249E+10     0.192504E+11     0.201070E+11     0.164751E+11     0.155530E+11     0.155530E+11     0.111894E+11     0.719400E+10     0.713348E+10     0.701100E+10     0.692100E+10     0.686166E+10     0.629063E+10     0.860881E+10     0.101574E+11     0.113410E+11     0.109068E+11     0.104249E+11     0.102160E+11     0.114333E+11     0.117320E+11     0.117320E+11     0.117320E+11     0.764369E+10     0.610567E+10     0.500385E+10     0.462252E+10     0.462324E+10     0.462337E+10     0.462376E+10     0.463440E+10     0.463363E+10     0.463325E+10     0.463900E+10     0.463900E+10     0.463900E+10     0.426109E+10     0.376148E+10     0.372500E+10     0.368672E+10     0.213063E+10     0.181400E+10     0.312585E+10     0.342000E+10     0.389561E+10     0.413676E+10     0.409400E+10     0.313450E+10     0.298525E+10     0.359424E+10     0.361398E+10     0.348372E+10     0.368529E+10     0.337511E+10     0.300440E+10     0.291800E+10     0.334663E+10     0.347190E+10     0.353100E+10     0.350722E+10     0.345900E+10     0.342300E+10     0.339976E+10     0.351196E+10     0.352622E+10     0.349574E+10     0.347300E+10     0.328862E+10     0.260792E+10     0.190500E+10     0.181400E+10     0.181400E+10     0.181400E+10     0.181400E+10     0.181400E+10     0.181400E+10     0.181400E+10     0.181400E+10     0.181400E+10     0.181400E+10     0.181400E+10     0.181400E+10     0.181400E+10     0.181400E+10     0.181400E+10     0.181400E+10     0.181400E+10     0.181400E+10     0.181400E+10     0.100000E+21
 0.412000E+04     0.229520E+11     0.229520E+11     0.205520E+11     0.205520E+11     0.158890E+11     0.158890E+11     0.149360E+11     0.153165E+11     0.155530E+11     0.162822E+11     0.177960E+11     0.177960E+11     0.137801E+11     0.106420E+11     0.106420E+11     0.111549E+11     0.114992E+11     0.113780E+11     0.113780E+11     0.107487E+11     0.925500E+10     0.925500E+10     0.925500E+10     0.925500E+10     0.103152E+11     0.117590E+11     0.129430E+11     0.100466E+11     0.860300E+10     0.860300E+10     0.860300E+10     0.860300E+10     0.802172E+10     0.698442E+10     0.508600E+10     0.508600E+10     0.134940E+11     0.156313E+11     0.180109E+11     0.190981E+11     0.177137E+11     0.155530E+11     0.155530E+11     0.110367E+11     0.865949E+10     0.701100E+10     0.692100E+10     0.678377E+10     0.538988E+10     0.534114E+10     0.671334E+10     0.862129E+10     0.101236E+11     0.111197E+11     0.107335E+11     0.104929E+11     0.110347E+11     0.110124E+11     0.114434E+11     0.117320E+11     0.107704E+11     0.855047E+10     0.671719E+10     0.519711E+10     0.462200E+10     0.462275E+10     0.462308E+10     0.462344E+10     0.462400E+10     0.463210E+10     0.463201E+10     0.463900E+10     0.463900E+10     0.398775E+10     0.372500E+10     0.368813E+10     0.323211E+10     0.260917E+10     0.212346E+10     0.268167E+10     0.336100E+10     0.388978E+10     0.409400E+10     0.381911E+10     0.336371E+10     0.279700E+10     0.312544E+10     0.335884E+10     0.336662E+10     0.343163E+10     0.314360E+10     0.291800E+10     0.277900E+10     0.302361E+10     0.353100E+10     0.350857E+10     0.345900E+10     0.342300E+10     0.340083E+10     0.335200E+10     0.346997E+10     0.349480E+10     0.347300E+10     0.345283E+10     0.256403E+10     0.190500E+10     0.181400E+10     0.181400E+10     0.181400E+10     0.181400E+10     0.181400E+10     0.181400E+10     0.181400E+10     0.181400E+10     0.181400E+10     0.181400E+10     0.181400E+10     0.181400E+10     0.181400E+10     0.181400E+10     0.181400E+10     0.181400E+10     0.181400E+10     0.181400E+10     0.181400E+10     0.100000E+21
 0.414000E+04     0.137510E+11     0.195855E+11     0.223293E+11     0.205520E+11     0.158890E+11     0.158890E+11     0.149360E+11     0.153633E+11     0.155530E+11     0.159673E+11     0.177960E+11     0.177960E+11     0.135221E+11     0.106420E+11     0.115786E+11     0.117570E+11     0.113780E+11     0.113780E+11     0.925500E+10     0.925500E+10     0.925500E+10     0.925500E+10     0.996275E+10     0.110060E+11     0.110060E+11     0.129430E+11     0.129430E+11     0.860300E+10     0.860300E+10     0.860300E+10     0.860300E+10     0.860300E+10     0.508600E+10     0.508600E+10     0.508600E+10     0.508600E+10     0.155530E+11     0.134940E+11     0.134940E+11     0.172990E+11     0.201070E+11     0.201070E+11     0.164656E+11     0.155530E+11     0.155530E+11     0.590600E+10     0.692100E+10     0.608563E+10     0.646200E+10     0.536298E+10     0.509650E+10     0.542700E+10     0.537903E+10     0.689889E+10     0.113410E+11     0.113410E+11     0.113410E+11     0.102160E+11     0.102160E+11     0.102160E+11     0.117320E+11     0.117320E+11     0.117320E+11     0.117320E+11     0.117320E+11     0.684370E+10     0.583600E+10     0.462200E+10     0.462200E+10     0.462200E+10     0.462349E+10     0.462400E+10     0.463498E+10     0.463900E+10     0.463900E+10     0.400151E+10     0.358570E+10     0.354000E+10     0.299644E+10     0.181400E+10     0.181400E+10     0.328609E+10     0.324500E+10     0.401717E+10     0.396600E+10     0.390300E+10     0.318836E+10     0.269200E+10     0.345277E+10     0.343300E+10     0.310533E+10     0.342700E+10     0.277900E+10     0.267334E+10     0.353100E+10     0.350523E+10     0.345900E+10     0.342300E+10     0.339812E+10     0.335200E+10     0.332550E+10     0.306341E+10     0.215000E+10     0.194981E+10     0.183915E+10     0.190500E+10     0.181400E+10     0.181400E+10     0.181400E+10     0.181400E+10     0.181400E+10     0.181400E+10     0.181400E+10     0.181400E+10     0.181400E+10     0.181400E+10     0.181400E+10     0.181400E+10     0.181400E+10     0.181400E+10     0.181400E+10     0.181400E+10     0.181400E+10     0.181400E+10     0.181400E+10     0.100000E+21
 0.416000E+04     0.137510E+11     0.193569E+11     0.221989E+11     0.205520E+11     0.158890E+11     0.158890E+11     0.149360E+11     0.153414E+11     0.155530E+11     0.161141E+11     0.177960E+11     0.177960E+11     0.136520E+11     0.114367E+11     0.116420E+11     0.114840E+11     0.113780E+11     0.113780E+11     0.925500E+10     0.925500E+10     0.925500E+10     0.925500E+10     0.106713E+11     0.110060E+11     0.118807E+11     0.121277E+11     0.976960E+10     0.860300E+10     0.860300E+10     0.860300E+10     0.793163E+10     0.601746E+10     0.508600E+10     0.508600E+10     0.556103E+10     0.525997E+10     0.804767E+10     0.147498E+11     0.134940E+11     0.154595E+11     0.172173E+11     0.201070E+11     0.193368E+11     0.155530E+11     0.109070E+11     0.590600E+10     0.612048E+10     0.645045E+10     0.587531E+10     0.561495E+10     0.557784E+10     0.499965E+10     0.523940E+10     0.604065E+10     0.680427E+10     0.113410E+11     0.113410E+11     0.109285E+11     0.109625E+11     0.102160E+11     0.106251E+11     0.106526E+11     0.117320E+11     0.117320E+11     0.117320E+11     0.107653E+11     0.101056E+11     0.517194E+10     0.462200E+10     0.462200E+10     0.462236E+10     0.462252E+10     0.462613E+10     0.463900E+10     0.463900E+10     0.402913E+10     0.358203E+10     0.354000E+10     0.293170E+10     0.181400E+10     0.181400E+10     0.256051E+10     0.324500E+10     0.353281E+10     0.396600E+10     0.390300E+10     0.365626E+10     0.269200E+10     0.280642E+10     0.343300E+10     0.326828E+10     0.342700E+10     0.277900E+10     0.268085E+10     0.278188E+10     0.251557E+10     0.244574E+10     0.232727E+10     0.240915E+10     0.255646E+10     0.243762E+10     0.235014E+10     0.215000E+10     0.195581E+10     0.184326E+10     0.190500E+10     0.181400E+10     0.181400E+10     0.181400E+10     0.181400E+10     0.181400E+10     0.181400E+10     0.181400E+10     0.181400E+10     0.181400E+10     0.181400E+10     0.181400E+10     0.181400E+10     0.181400E+10     0.181400E+10     0.181400E+10     0.181400E+10     0.181400E+10     0.181400E+10     0.181400E+10     0.100000E+21
 0.418000E+04     0.137510E+11     0.195901E+11     0.224150E+11     0.205520E+11     0.158890E+11     0.158890E+11     0.149360E+11     0.153664E+11     0.155530E+11     0.158485E+11     0.177960E+11     0.177960E+11     0.177960E+11     0.117570E+11     0.114027E+11     0.113780E+11     0.106484E+11     0.925500E+10     0.925500E+10     0.925500E+10     0.925500E+10     0.105532E+11     0.117899E+11     0.129430E+11     0.129430E+11     0.860300E+10     0.860300E+10     0.860300E+10     0.860300E+10     0.860300E+10     0.508600E+10     0.508600E+10     0.522717E+10     0.583600E+10     0.583600E+10     0.535879E+10     0.508600E+10     0.155530E+11     0.155530E+11     0.134940E+11     0.134940E+11     0.155530E+11     0.193736E+11     0.570500E+10     0.590842E+10     0.590600E+10     0.582500E+10     0.576691E+10     0.674200E+10     0.667168E+10     0.574710E+10     0.620600E+10     0.532614E+10     0.482265E+10     0.519600E+10     0.510217E+10     0.504500E+10     0.113410E+11     0.113410E+11     0.113410E+11     0.102160E+11     0.102160E+11     0.108564E+11     0.117320E+11     0.117320E+11     0.117320E+11     0.117320E+11     0.982604E+10     0.583600E+10     0.583600E+10     0.491065E+10     0.462200E+10     0.462200E+10     0.462978E+10     0.463900E+10     0.463900E+10     0.358874E+10     0.354000E+10     0.346303E+10     0.342000E+10     0.181400E+10     0.181400E+10     0.181400E+10     0.317798E+10     0.313100E+10     0.390300E+10     0.386478E+10     0.269200E+10     0.264254E+10     0.280500E+10     0.207145E+10     0.206000E+10     0.204200E+10     0.188370E+10     0.200700E+10     0.199463E+10     0.187300E+10     0.185800E+10     0.189766E+10     0.226400E+10     0.224829E+10     0.206562E+10     0.215000E+10     0.213928E+10     0.183753E+10     0.190500E+10     0.181400E+10     0.181400E+10     0.181400E+10     0.181400E+10     0.181400E+10     0.181400E+10     0.181400E+10     0.181400E+10     0.181400E+10     0.181400E+10     0.181400E+10     0.181400E+10     0.181400E+10     0.181400E+10     0.181400E+10     0.181400E+10     0.181400E+10     0.181400E+10     0.181400E+10     0.100000E+21
 0.420000E+04     0.137510E+11     0.194803E+11     0.222994E+11     0.205520E+11     0.158890E+11     0.158890E+11     0.149360E+11     0.153546E+11     0.155530E+11     0.160013E+11     0.177960E+11     0.177960E+11     0.177960E+11     0.114886E+11     0.114083E+11     0.113780E+11     0.968192E+10     0.925500E+10     0.925500E+10     0.925500E+10     0.106074E+11     0.107893E+11     0.125502E+11     0.129430E+11     0.109484E+11     0.860300E+10     0.860300E+10     0.860300E+10     0.860300E+10     0.641285E+10     0.508600E+10     0.508600E+10     0.509116E+10     0.583600E+10     0.583600E+10     0.536786E+10     0.508600E+10     0.155530E+11     0.155530E+11     0.134940E+11     0.134940E+11     0.155530E+11     0.101845E+11     0.570500E+10     0.571901E+10     0.590600E+10     0.582500E+10     0.576870E+10     0.590873E+10     0.651125E+10     0.606207E+10     0.560190E+10     0.570214E+10     0.548727E+10     0.475783E+10     0.509988E+10     0.504500E+10     0.741862E+10     0.101044E+11     0.113410E+11     0.110817E+11     0.110109E+11     0.104813E+11     0.107875E+11     0.106608E+11     0.115774E+11     0.117320E+11     0.108731E+11     0.946651E+10     0.101403E+11     0.650011E+10     0.462200E+10     0.462200E+10     0.462647E+10     0.462737E+10     0.463590E+10     0.419466E+10     0.354000E+10     0.346171E+10     0.342000E+10     0.277228E+10     0.181400E+10     0.181400E+10     0.317493E+10     0.313100E+10     0.272275E+10     0.273293E+10     0.255107E+10     0.251578E+10     0.255391E+10     0.207124E+10     0.206000E+10     0.204200E+10     0.189232E+10     0.200700E+10     0.199507E+10     0.193527E+10     0.185800E+10     0.189658E+10     0.198559E+10     0.219513E+10     0.213214E+10     0.203998E+10     0.210473E+10     0.184038E+10     0.190500E+10     0.181400E+10     0.181400E+10     0.181400E+10     0.181400E+10     0.181400E+10     0.181400E+10     0.181400E+10     0.181400E+10     0.181400E+10     0.181400E+10     0.181400E+10     0.181400E+10     0.181400E+10     0.181400E+10     0.181400E+10     0.181400E+10     0.181400E+10     0.181400E+10     0.181400E+10     0.100000E+21
 0.422000E+04     0.137510E+11     0.192039E+11     0.220855E+11     0.205520E+11     0.158890E+11     0.158890E+11     0.149360E+11     0.151822E+11     0.155530E+11     0.162301E+11     0.177960E+11     0.177960E+11     0.177960E+11     0.113780E+11     0.108793E+11     0.105986E+11     0.925500E+10     0.925500E+10     0.925500E+10     0.966345E+10     0.110060E+11     0.114415E+11     0.121253E+11     0.113640E+11     0.952269E+10     0.860300E+10     0.860300E+10     0.801908E+10     0.732229E+10     0.508600E+10     0.508600E+10     0.508600E+10     0.513221E+10     0.583600E+10     0.583600E+10     0.539071E+10     0.508600E+10     0.155530E+11     0.155530E+11     0.139593E+11     0.134940E+11     0.121171E+11     0.756953E+10     0.570500E+10     0.565384E+10     0.575646E+10     0.582500E+10     0.577307E+10     0.566400E+10     0.606450E+10     0.630049E+10     0.580986E+10     0.608469E+10     0.557275E+10     0.511410E+10     0.487949E+10     0.484192E+10     0.497100E+10     0.742529E+10     0.895462E+10     0.113410E+11     0.113410E+11     0.104650E+11     0.102160E+11     0.102160E+11     0.109295E+11     0.117320E+11     0.117320E+11     0.117320E+11     0.117320E+11     0.919845E+10     0.506405E+10     0.481534E+10     0.462355E+10     0.462400E+10     0.462964E+10     0.424045E+10     0.354000E+10     0.345847E+10     0.342000E+10     0.377680E+10     0.264464E+10     0.261952E+10     0.345457E+10     0.338630E+10     0.206469E+10     0.206624E+10     0.234984E+10     0.242789E+10     0.245500E+10     0.215203E+10     0.206000E+10     0.204200E+10     0.195056E+10     0.194330E+10     0.196794E+10     0.197300E+10     0.185800E+10     0.187745E+10     0.190000E+10     0.204256E+10     0.214225E+10     0.200700E+10     0.207783E+10     0.191420E+10     0.190500E+10     0.181400E+10     0.181400E+10     0.181400E+10     0.181400E+10     0.181400E+10     0.181400E+10     0.181400E+10     0.181400E+10     0.181400E+10     0.181400E+10     0.181400E+10     0.181400E+10     0.181400E+10     0.181400E+10     0.181400E+10     0.181400E+10     0.181400E+10     0.181400E+10     0.181400E+10     0.100000E+21
 0.424000E+04     0.229520E+11     0.214745E+11     0.224163E+11     0.205520E+11     0.158890E+11     0.158890E+11     0.149360E+11     0.152362E+11     0.155530E+11     0.158464E+11     0.177960E+11     0.177960E+11     0.177960E+11     0.990526E+10     0.931712E+10     0.925500E+10     0.925500E+10     0.925500E+10     0.105146E+11     0.108349E+11     0.127390E+11     0.127205E+11     0.955558E+10     0.860300E+10     0.860300E+10     0.860300E+10     0.860300E+10     0.583151E+10     0.508600E+10     0.508600E+10     0.504373E+10     0.484779E+10     0.566992E+10     0.583600E+10     0.583600E+10     0.535843E+10     0.508600E+10     0.155530E+11     0.155530E+11     0.134655E+11     0.991466E+10     0.624000E+10     0.616863E+10     0.600024E+10     0.570473E+10     0.554600E+10     0.554213E+10     0.571148E+10     0.566400E+10     0.560002E+10     0.607299E+10     0.647900E+10     0.642609E+10     0.594591E+10     0.522887E+10     0.546610E+10     0.545029E+10     0.464551E+10     0.482284E+10     0.482400E+10     0.601406E+10     0.113410E+11     0.111374E+11     0.108922E+11     0.102160E+11     0.102160E+11     0.106005E+11     0.117320E+11     0.117320E+11     0.117320E+11     0.117320E+11     0.114770E+11     0.642867E+10     0.462234E+10     0.462214E+10     0.509840E+10     0.421224E+10     0.411972E+10     0.400042E+10     0.376055E+10     0.413216E+10     0.410963E+10     0.385828E+10     0.395903E+10     0.382300E+10     0.216800E+10     0.204955E+10     0.210300E+10     0.209401E+10     0.245500E+10     0.237116E+10     0.227109E+10     0.204200E+10     0.202819E+10     0.197983E+10     0.197332E+10     0.197300E+10     0.193904E+10     0.186464E+10     0.190000E+10     0.188758E+10     0.215495E+10     0.200700E+10     0.202804E+10     0.206006E+10     0.190500E+10     0.181400E+10     0.181400E+10     0.181400E+10     0.181400E+10     0.181400E+10     0.181400E+10     0.181400E+10     0.181400E+10     0.181400E+10     0.181400E+10     0.181400E+10     0.181400E+10     0.181400E+10     0.181400E+10     0.181400E+10     0.181400E+10     0.181400E+10     0.181400E+10     0.181400E+10     0.100000E+21
 0.426000E+04     0.229520E+11     0.229520E+11     0.210763E+11     0.205520E+11     0.158890E+11     0.158890E+11     0.149360E+11     0.153251E+11     0.155530E+11     0.162301E+11     0.177960E+11     0.177960E+11     0.177960E+11     0.925500E+10     0.925500E+10     0.925500E+10     0.963859E+10     0.102754E+11     0.110060E+11     0.118572E+11     0.101820E+11     0.102735E+11     0.860300E+10     0.860300E+10     0.860300E+10     0.787574E+10     0.638121E+10     0.508600E+10     0.508600E+10     0.508600E+10     0.486833E+10     0.480400E+10     0.583600E+10     0.583600E+10     0.539876E+10     0.522034E+10     0.508600E+10     0.155530E+11     0.155530E+11     0.832164E+10     0.650690E+10     0.695941E+10     0.637188E+10     0.607200E+10     0.593471E+10     0.575646E+10     0.546700E+10     0.564460E+10     0.566400E+10     0.561301E+10     0.565830E+10     0.580986E+10     0.581111E+10     0.611383E+10     0.584904E+10     0.538496E+10     0.531883E+10     0.517401E+10     0.477733E+10     0.482400E+10     0.564104E+10     0.714051E+10     0.113410E+11     0.113410E+11     0.102160E+11     0.102160E+11     0.102160E+11     0.111438E+11     0.117320E+11     0.117320E+11     0.117320E+11     0.655725E+10     0.544969E+10     0.553345E+10     0.531785E+10     0.580300E+10     0.474728E+10     0.418000E+10     0.419686E+10     0.417369E+10     0.388112E+10     0.423134E+10     0.411161E+10     0.386175E+10     0.390062E+10     0.311175E+10     0.249908E+10     0.201272E+10     0.206840E+10     0.220978E+10     0.242728E+10     0.241600E+10     0.204200E+10     0.203041E+10     0.200700E+10     0.192486E+10     0.197300E+10     0.195600E+10     0.188549E+10     0.185515E+10     0.187579E+10     0.204706E+10     0.213487E+10     0.204659E+10     0.203880E+10     0.190500E+10     0.181400E+10     0.181400E+10     0.181400E+10     0.181400E+10     0.181400E+10     0.181400E+10     0.181400E+10     0.181400E+10     0.181400E+10     0.181400E+10     0.181400E+10     0.181400E+10     0.181400E+10     0.181400E+10     0.181400E+10     0.181400E+10     0.181400E+10     0.181400E+10     0.181400E+10     0.100000E+21
 0.428000E+04     0.229520E+11     0.229520E+11     0.205520E+11     0.205520E+11     0.158890E+11     0.158890E+11     0.149360E+11     0.153546E+11     0.155530E+11     0.160013E+11     0.177960E+11     0.177960E+11     0.177960E+11     0.925500E+10     0.925500E+10     0.110060E+11     0.110060E+11     0.110060E+11     0.129430E+11     0.968863E+10     0.860300E+10     0.860300E+10     0.860300E+10     0.860300E+10     0.628643E+10     0.508600E+10     0.508600E+10     0.508600E+10     0.508600E+10     0.480400E+10     0.511177E+10     0.583600E+10     0.583600E+10     0.583600E+10     0.508600E+10     0.508600E+10     0.508600E+10     0.142223E+11     0.766300E+10     0.687871E+10     0.581700E+10     0.581700E+10     0.696944E+10     0.607200E+10     0.601440E+10     0.590600E+10     0.582500E+10     0.552193E+10     0.566400E+10     0.560504E+10     0.547697E+10     0.542700E+10     0.537982E+10     0.553924E+10     0.622300E+10     0.584551E+10     0.504500E+10     0.497100E+10     0.540739E+10     0.428500E+10     0.473859E+10     0.468000E+10     0.749751E+10     0.113410E+11     0.113410E+11     0.104256E+11     0.102160E+11     0.802906E+10     0.378000E+10     0.371700E+10     0.367163E+10     0.359400E+10     0.355014E+10     0.469499E+10     0.624400E+10     0.577250E+10     0.599036E+10     0.530200E+10     0.420677E+10     0.435900E+10     0.431800E+10     0.404336E+10     0.428000E+10     0.381577E+10     0.394600E+10     0.390800E+10     0.381098E+10     0.213200E+10     0.197654E+10     0.206700E+10     0.242786E+10     0.241600E+10     0.239700E+10     0.211146E+10     0.200700E+10     0.187366E+10     0.197300E+10     0.195600E+10     0.194449E+10     0.182900E+10     0.187073E+10     0.198537E+10     0.220800E+10     0.208001E+10     0.205342E+10     0.190500E+10     0.181400E+10     0.181400E+10     0.181400E+10     0.181400E+10     0.181400E+10     0.181400E+10     0.181400E+10     0.181400E+10     0.181400E+10     0.181400E+10     0.181400E+10     0.181400E+10     0.181400E+10     0.181400E+10     0.181400E+10     0.181400E+10     0.181400E+10     0.181400E+10     0.181400E+10     0.100000E+21
 0.430000E+04     0.229520E+11     0.229520E+11     0.202889E+11     0.185596E+11     0.158890E+11     0.158890E+11     0.149360E+11     0.153664E+11     0.155530E+11     0.158485E+11     0.177960E+11     0.177960E+11     0.177960E+11     0.925500E+10     0.107830E+11     0.110060E+11     0.122303E+11     0.121588E+11     0.980721E+10     0.902695E+10     0.860300E+10     0.860300E+10     0.779223E+10     0.553702E+10     0.559410E+10     0.508600E+10     0.508600E+10     0.508600E+10     0.508600E+10     0.480400E+10     0.508481E+10     0.583600E+10     0.575965E+10     0.530393E+10     0.508600E+10     0.508600E+10     0.125630E+11     0.153154E+11     0.766300E+10     0.725576E+10     0.680675E+10     0.581700E+10     0.602332E+10     0.697643E+10     0.618796E+10     0.590600E+10     0.582500E+10     0.551231E+10     0.566400E+10     0.560007E+10     0.547806E+10     0.542700E+10     0.537904E+10     0.536323E+10     0.525120E+10     0.600977E+10     0.579268E+10     0.497100E+10     0.507767E+10     0.523417E+10     0.431278E+10     0.468000E+10     0.580475E+10     0.723353E+10     0.113410E+11     0.556073E+10     0.645979E+10     0.600619E+10     0.453939E+10     0.465345E+10     0.383367E+10     0.359400E+10     0.354780E+10     0.458603E+10     0.624400E+10     0.598880E+10     0.550858E+10     0.594761E+10     0.465633E+10     0.415385E+10     0.431800E+10     0.389204E+10     0.397369E+10     0.410973E+10     0.380379E+10     0.390800E+10     0.380936E+10     0.213200E+10     0.210957E+10     0.206700E+10     0.226694E+10     0.241600E+10     0.239700E+10     0.209502E+10     0.200700E+10     0.186870E+10     0.187704E+10     0.195600E+10     0.194417E+10     0.182900E+10     0.182445E+10     0.191612E+10     0.190027E+10     0.207242E+10     0.205996E+10     0.190500E+10     0.181400E+10     0.181400E+10     0.181400E+10     0.181400E+10     0.181400E+10     0.181400E+10     0.181400E+10     0.181400E+10     0.181400E+10     0.181400E+10     0.181400E+10     0.181400E+10     0.181400E+10     0.181400E+10     0.181400E+10     0.181400E+10     0.181400E+10     0.181400E+10     0.181400E+10     0.100000E+21
 0.432000E+04     0.229520E+11     0.224937E+11     0.198971E+11     0.184650E+11     0.158890E+11     0.158890E+11     0.149360E+11     0.153414E+11     0.155530E+11     0.161141E+11     0.177960E+11     0.177960E+11     0.177960E+11     0.975797E+10     0.107778E+11     0.115477E+11     0.122802E+11     0.113501E+11     0.860300E+10     0.860300E+10     0.860300E+10     0.860300E+10     0.644638E+10     0.508600E+10     0.508600E+10     0.508600E+10     0.508600E+10     0.504562E+10     0.501096E+10     0.480400E+10     0.532440E+10     0.583600E+10     0.563130E+10     0.508600E+10     0.508600E+10     0.795388E+10     0.155530E+11     0.145525E+11     0.991592E+10     0.752992E+10     0.747400E+10     0.626459E+10     0.599418E+10     0.682487E+10     0.640153E+10     0.590600E+10     0.582500E+10     0.559806E+10     0.557079E+10     0.556536E+10     0.547574E+10     0.542700E+10     0.538070E+10     0.524788E+10     0.519600E+10     0.580248E+10     0.577475E+10     0.533805E+10     0.525881E+10     0.535118E+10     0.447853E+10     0.452738E+10     0.454597E+10     0.450652E+10     0.933644E+10     0.526845E+10     0.493773E+10     0.510184E+10     0.505500E+10     0.498200E+10     0.427745E+10     0.359400E+10     0.355236E+10     0.413946E+10     0.550254E+10     0.567369E+10     0.549346E+10     0.577604E+10     0.490218E+10     0.410000E+10     0.422452E+10     0.388617E+10     0.385657E+10     0.410960E+10     0.374300E+10     0.383381E+10     0.380307E+10     0.258258E+10     0.227785E+10     0.202824E+10     0.219252E+10     0.241600E+10     0.239700E+10     0.218720E+10     0.200700E+10     0.187893E+10     0.181400E+10     0.195600E+10     0.194485E+10     0.185454E+10     0.183018E+10     0.186461E+10     0.185500E+10     0.204861E+10     0.202243E+10     0.190500E+10     0.181400E+10     0.181400E+10     0.181400E+10     0.181400E+10     0.181400E+10     0.181400E+10     0.181400E+10     0.181400E+10     0.181400E+10     0.181400E+10     0.181400E+10     0.181400E+10     0.181400E+10     0.181400E+10     0.181400E+10     0.181400E+10     0.181400E+10     0.181400E+10     0.181400E+10     0.100000E+21
 0.434000E+04     0.229520E+11     0.214301E+11     0.200105E+11     0.184650E+11     0.158890E+11     0.158890E+11     0.149360E+11     0.153633E+11     0.155530E+11     0.159673E+11     0.177960E+11     0.177960E+11     0.177960E+11     0.122227E+11     0.124125E+11     0.101282E+11     0.971408E+10     0.860300E+10     0.860300E+10     0.860300E+10     0.609824E+10     0.637429E+10     0.508600E+10     0.508600E+10     0.508600E+10     0.504894E+10     0.488712E+10     0.487615E+10     0.480400E+10     0.538440E+10     0.583600E+10     0.583600E+10     0.525947E+10     0.508600E+10     0.109148E+11     0.166757E+11     0.155530E+11     0.155530E+11     0.155530E+11     0.104441E+11     0.747400E+10     0.738000E+10     0.697821E+10     0.581700E+10     0.614163E+10     0.652452E+10     0.582500E+10     0.576751E+10     0.556379E+10     0.537420E+10     0.547795E+10     0.542700E+10     0.537903E+10     0.525163E+10     0.519600E+10     0.510101E+10     0.504500E+10     0.541463E+10     0.574325E+10     0.476328E+10     0.450483E+10     0.418821E+10     0.448947E+10     0.444900E+10     0.438000E+10     0.432362E+10     0.424400E+10     0.470740E+10     0.505500E+10     0.498200E+10     0.492823E+10     0.359400E+10     0.354935E+10     0.344990E+10     0.341300E+10     0.414065E+10     0.563441E+10     0.510700E+10     0.543284E+10     0.465185E+10     0.406100E+10     0.411983E+10     0.373800E+10     0.396964E+10     0.403045E+10     0.370500E+10     0.380612E+10     0.371000E+10     0.235790E+10     0.203613E+10     0.210846E+10     0.220216E+10     0.239700E+10     0.238135E+10     0.200700E+10     0.187100E+10     0.181400E+10     0.185727E+10     0.192101E+10     0.192400E+10     0.184071E+10     0.184181E+10     0.185500E+10     0.205459E+10     0.205056E+10     0.190500E+10     0.181400E+10     0.181400E+10     0.181400E+10     0.181400E+10     0.181400E+10     0.181400E+10     0.181400E+10     0.181400E+10     0.181400E+10     0.181400E+10     0.181400E+10     0.181400E+10     0.181400E+10     0.181400E+10     0.181400E+10     0.181400E+10     0.181400E+10     0.181400E+10     0.181400E+10     0.100000E+21
 0.436000E+04     0.229520E+11     0.215516E+11     0.186667E+11     0.155057E+11     0.158890E+11     0.158890E+11     0.149360E+11     0.153165E+11     0.155530E+11     0.162822E+11     0.177960E+11     0.177960E+11     0.177960E+11     0.155619E+11     0.120805E+11     0.860300E+10     0.860300E+10     0.860300E+10     0.860300E+10     0.734910E+10     0.508600E+10     0.508600E+10     0.508600E+10     0.508600E+10     0.508600E+10     0.488168E+10     0.480400E+10     0.500844E+10     0.536159E+10     0.583600E+10     0.583600E+10     0.583600E+10     0.654786E+10     0.962451E+10     0.155530E+11     0.182147E+11     0.180114E+11     0.155530E+11     0.155530E+11     0.121036E+11     0.747400E+10     0.738000E+10     0.731719E+10     0.656098E+10     0.608376E+10     0.638317E+10     0.641713E+10     0.598549E+10     0.566400E+10     0.540030E+10     0.547338E+10     0.542700E+10     0.538238E+10     0.524311E+10     0.519600E+10     0.507598E+10     0.499370E+10     0.492162E+10     0.515447E+10     0.473200E+10     0.439938E+10     0.421100E+10     0.437868E+10     0.444900E+10     0.438000E+10     0.433369E+10     0.424400E+10     0.433071E+10     0.455907E+10     0.498200E+10     0.493560E+10     0.426634E+10     0.380113E+10     0.344732E+10     0.341300E+10     0.343520E+10     0.486038E+10     0.537395E+10     0.529899E+10     0.527954E+10     0.406100E+10     0.408483E+10     0.400761E+10     0.397382E+10     0.419900E+10     0.370500E+10     0.379898E+10     0.377531E+10     0.262594E+10     0.209600E+10     0.204252E+10     0.203200E+10     0.239700E+10     0.238378E+10     0.200700E+10     0.194718E+10     0.181400E+10     0.181400E+10     0.189099E+10     0.192400E+10     0.185676E+10     0.183018E+10     0.185500E+10     0.193865E+10     0.207038E+10     0.190500E+10     0.181400E+10     0.181400E+10     0.181400E+10     0.181400E+10     0.181400E+10     0.181400E+10     0.181400E+10     0.181400E+10     0.181400E+10     0.181400E+10     0.181400E+10     0.181400E+10     0.181400E+10     0.181400E+10     0.181400E+10     0.181400E+10     0.181400E+10     0.181400E+10     0.181400E+10     0.100000E+21
 0.438000E+04     0.229520E+11     0.215049E+11     0.170161E+11     0.129820E+11     0.158890E+11     0.158890E+11     0.149360E+11     0.153351E+11     0.155530E+11     0.161622E+11     0.177960E+11     0.177960E+11     0.177960E+11     0.177960E+11     0.109652E+11     0.860300E+10     0.782504E+10     0.643414E+10     0.617617E+10     0.555224E+10     0.508600E+10     0.508600E+10     0.508600E+10     0.508600E+10     0.496494E+10     0.480400E+10     0.480400E+10     0.562803E+10     0.583600E+10     0.583600E+10     0.583600E+10     0.583600E+10     0.129319E+11     0.134940E+11     0.155530E+11     0.164768E+11     0.201070E+11     0.181037E+11     0.155530E+11     0.141858E+11     0.124669E+11     0.738000E+10     0.731240E+10     0.719400E+10     0.687727E+10     0.581700E+10     0.615121E+10     0.642941E+10     0.566400E+10     0.554877E+10     0.533171E+10     0.542700E+10     0.538110E+10     0.491690E+10     0.512796E+10     0.501962E+10     0.495000E+10     0.487700E+10     0.483080E+10     0.473200E+10     0.459671E+10     0.447011E+10     0.418277E+10     0.422014E+10     0.438000E+10     0.432992E+10     0.424400E+10     0.415277E+10     0.411100E+10     0.498200E+10     0.493266E+10     0.483900E+10     0.456248E+10     0.344830E+10     0.341300E+10     0.337657E+10     0.420041E+10     0.560200E+10     0.514502E+10     0.559400E+10     0.446924E+10     0.409558E+10     0.423700E+10     0.387116E+10     0.419900E+10     0.398558E+10     0.383336E+10     0.383100E+10     0.341952E+10     0.209600E+10     0.198869E+10     0.203200E+10     0.239700E+10     0.238283E+10     0.225271E+10     0.206425E+10     0.181400E+10     0.181400E+10     0.183919E+10     0.192400E+10     0.189752E+10     0.182039E+10     0.182627E+10     0.183662E+10     0.208139E+10     0.190500E+10     0.181400E+10     0.181400E+10     0.181400E+10     0.181400E+10     0.181400E+10     0.181400E+10     0.181400E+10     0.181400E+10     0.181400E+10     0.181400E+10     0.181400E+10     0.181400E+10     0.181400E+10     0.181400E+10     0.181400E+10     0.181400E+10     0.181400E+10     0.181400E+10     0.181400E+10     0.100000E+21
 0.440000E+04     0.211723E+11     0.209572E+11     0.170693E+11     0.129820E+11     0.158890E+11     0.158890E+11     0.149360E+11     0.153640E+11     0.155530E+11     0.159528E+11     0.177960E+11     0.177960E+11     0.177960E+11     0.177960E+11     0.156148E+11     0.860300E+10     0.597035E+10     0.508600E+10     0.508600E+10     0.508600E+10     0.508600E+10     0.508600E+10     0.502413E+10     0.488116E+10     0.484701E+10     0.493579E+10     0.555024E+10     0.583600E+10     0.583600E+10     0.583600E+10     0.729629E+10     0.128137E+11     0.151140E+11     0.134940E+11     0.143980E+11     0.151501E+11     0.201070E+11     0.194536E+11     0.155530E+11     0.155530E+11     0.155530E+11     0.738000E+10     0.730435E+10     0.719400E+10     0.712869E+10     0.649042E+10     0.581700E+10     0.653816E+10     0.566400E+10     0.560356E+10     0.524167E+10     0.483361E+10     0.494460E+10     0.468218E+10     0.474757E+10     0.500545E+10     0.495000E+10     0.487700E+10     0.482776E+10     0.473200E+10     0.464841E+10     0.458900E+10     0.424428E+10     0.408100E+10     0.414960E+10     0.429223E+10     0.424400E+10     0.415552E+10     0.411100E+10     0.435789E+10     0.480425E+10     0.483900E+10     0.478677E+10     0.344992E+10     0.341300E+10     0.337443E+10     0.390032E+10     0.560200E+10     0.520079E+10     0.498884E+10     0.472000E+10     0.408437E+10     0.423700E+10     0.375900E+10     0.395870E+10     0.415900E+10     0.385610E+10     0.383100E+10     0.369567E+10     0.209600E+10     0.195757E+10     0.203200E+10     0.214981E+10     0.233844E+10     0.235800E+10     0.209384E+10     0.190412E+10     0.181400E+10     0.181400E+10     0.192400E+10     0.191252E+10     0.181400E+10     0.181400E+10     0.183009E+10     0.209823E+10     0.190500E+10     0.181400E+10     0.181400E+10     0.181400E+10     0.181400E+10     0.181400E+10     0.181400E+10     0.181400E+10     0.181400E+10     0.181400E+10     0.181400E+10     0.181400E+10     0.181400E+10     0.181400E+10     0.181400E+10     0.181400E+10     0.181400E+10     0.181400E+10     0.181400E+10     0.181400E+10     0.100000E+21
