 0.126000E+03    -0.250000E+04    -0.248000E+04    -0.246000E+04    -0.244000E+04    -0.242000E+04    -0.240000E+04    -0.238000E+04    -0.236000E+04    -0.234000E+04    -0.232000E+04    -0.230000E+04    -0.228000E+04    -0.226000E+04    -0.224000E+04    -0.222000E+04    -0.220000E+04    -0.218000E+04    -0.216000E+04    -0.214000E+04    -0.212000E+04    -0.210000E+04    -0.208000E+04    -0.206000E+04    -0.204000E+04    -0.202000E+04    -0.200000E+04    -0.198000E+04    -0.196000E+04    -0.194000E+04    -0.192000E+04    -0.190000E+04    -0.188000E+04    -0.186000E+04    -0.184000E+04    -0.182000E+04    -0.180000E+04    -0.178000E+04    -0.176000E+04    -0.174000E+04    -0.172000E+04    -0.170000E+04    -0.168000E+04    -0.166000E+04    -0.164000E+04    -0.162000E+04    -0.160000E+04    -0.158000E+04    -0.156000E+04    -0.154000E+04    -0.152000E+04    -0.150000E+04    -0.148000E+04    -0.146000E+04    -0.144000E+04    -0.142000E+04    -0.140000E+04    -0.138000E+04    -0.136000E+04    -0.134000E+04    -0.132000E+04    -0.130000E+04    -0.128000E+04    -0.126000E+04    -0.124000E+04    -0.122000E+04    -0.120000E+04    -0.118000E+04    -0.116000E+04    -0.114000E+04    -0.112000E+04    -0.110000E+04    -0.108000E+04    -0.106000E+04    -0.104000E+04    -0.102000E+04    -0.100000E+04    -0.980000E+03    -0.960000E+03    -0.940000E+03    -0.920000E+03    -0.900000E+03    -0.880000E+03    -0.860000E+03    -0.840000E+03    -0.820000E+03    -0.800000E+03    -0.780000E+03    -0.760000E+03    -0.740000E+03    -0.720000E+03    -0.700000E+03    -0.680000E+03    -0.660000E+03    -0.640000E+03    -0.620000E+03    -0.600000E+03    -0.580000E+03    -0.560000E+03    -0.540000E+03    -0.520000E+03    -0.500000E+03    -0.480000E+03    -0.460000E+03    -0.440000E+03    -0.420000E+03    -0.400000E+03    -0.380000E+03    -0.360000E+03    -0.340000E+03    -0.320000E+03    -0.300000E+03    -0.280000E+03    -0.260000E+03    -0.240000E+03    -0.220000E+03    -0.200000E+03    -0.180000E+03    -0.160000E+03    -0.140000E+03    -0.120000E+03    -0.100000E+03    -0.800000E+02    -0.600000E+02    -0.400000E+02    -0.200000E+02     0.000000E+00
 0.000000E+00     0.229228E+03     0.229069E+03     0.228778E+03     0.228643E+03     0.228311E+03     0.228130E+03     0.227860E+03     0.227626E+03     0.227157E+03     0.226722E+03     0.226385E+03     0.225957E+03     0.225720E+03     0.225058E+03     0.224757E+03     0.224219E+03     0.223587E+03     0.223315E+03     0.222929E+03     0.222653E+03     0.222275E+03     0.221941E+03     0.221327E+03     0.221316E+03     0.221007E+03     0.220658E+03     0.220490E+03     0.220050E+03     0.219954E+03     0.219656E+03     0.219305E+03     0.219127E+03     0.218720E+03     0.218439E+03     0.218054E+03     0.217803E+03     0.217192E+03     0.216689E+03     0.216211E+03     0.215409E+03     0.215051E+03     0.214426E+03     0.213937E+03     0.213079E+03     0.212414E+03     0.211399E+03     0.210407E+03     0.209664E+03     0.208668E+03     0.207587E+03     0.205799E+03     0.205630E+03     0.204272E+03     0.203203E+03     0.202979E+03     0.201460E+03     0.201172E+03     0.200294E+03     0.199754E+03     0.199006E+03     0.198054E+03     0.197045E+03     0.195537E+03     0.195067E+03     0.193737E+03     0.193488E+03     0.192390E+03     0.191169E+03     0.190571E+03     0.190983E+03     0.190476E+03     0.190172E+03     0.190164E+03     0.189321E+03     0.189138E+03     0.188972E+03     0.187968E+03     0.187346E+03     0.186750E+03     0.186332E+03     0.185577E+03     0.185236E+03     0.185155E+03     0.184783E+03     0.184787E+03     0.184821E+03     0.184661E+03     0.184598E+03     0.184321E+03     0.183948E+03     0.183411E+03     0.183268E+03     0.182715E+03     0.182610E+03     0.182361E+03     0.181906E+03     0.181531E+03     0.181733E+03     0.181390E+03     0.181432E+03     0.181298E+03     0.180827E+03     0.180945E+03     0.180480E+03     0.180473E+03     0.180652E+03     0.180365E+03     0.180442E+03     0.180405E+03     0.180342E+03     0.180476E+03     0.180338E+03     0.180249E+03     0.180105E+03     0.180048E+03     0.179967E+03     0.179891E+03     0.179789E+03     0.179682E+03     0.179636E+03     0.179576E+03     0.179536E+03     0.179472E+03     0.179438E+03     0.179375E+03     0.100000E+21
 0.200000E+02     0.229142E+03     0.228975E+03     0.228684E+03     0.228654E+03     0.228304E+03     0.228199E+03     0.227948E+03     0.227736E+03     0.227247E+03     0.226781E+03     0.226404E+03     0.225920E+03     0.225692E+03     0.224830E+03     0.224532E+03     0.223898E+03     0.223180E+03     0.222940E+03     0.222354E+03     0.222099E+03     0.221624E+03     0.221376E+03     0.220799E+03     0.220744E+03     0.220550E+03     0.220129E+03     0.220103E+03     0.219713E+03     0.219698E+03     0.219507E+03     0.219152E+03     0.219045E+03     0.218616E+03     0.218357E+03     0.217976E+03     0.217736E+03     0.217012E+03     0.216427E+03     0.215995E+03     0.215157E+03     0.214821E+03     0.214077E+03     0.213612E+03     0.212589E+03     0.211858E+03     0.210858E+03     0.208982E+03     0.208444E+03     0.206781E+03     0.205142E+03     0.203622E+03     0.202565E+03     0.201755E+03     0.200379E+03     0.200229E+03     0.199009E+03     0.199377E+03     0.199172E+03     0.198597E+03     0.198261E+03     0.197156E+03     0.196025E+03     0.194325E+03     0.193869E+03     0.191207E+03     0.190647E+03     0.189716E+03     0.188769E+03     0.188342E+03     0.189611E+03     0.189189E+03     0.189235E+03     0.190402E+03     0.189482E+03     0.189850E+03     0.189557E+03     0.188225E+03     0.186814E+03     0.186285E+03     0.185320E+03     0.184512E+03     0.184036E+03     0.183773E+03     0.183389E+03     0.184163E+03     0.184751E+03     0.184597E+03     0.185012E+03     0.184834E+03     0.184056E+03     0.183136E+03     0.183009E+03     0.181709E+03     0.181570E+03     0.181059E+03     0.180483E+03     0.180241E+03     0.180224E+03     0.180114E+03     0.179926E+03     0.179896E+03     0.179627E+03     0.179377E+03     0.179204E+03     0.179149E+03     0.179455E+03     0.179276E+03     0.179745E+03     0.180043E+03     0.179966E+03     0.180531E+03     0.180389E+03     0.180292E+03     0.180131E+03     0.180076E+03     0.180020E+03     0.179958E+03     0.179824E+03     0.179679E+03     0.179636E+03     0.179576E+03     0.179539E+03     0.179472E+03     0.179442E+03     0.179374E+03     0.100000E+21
 0.400000E+02     0.229152E+03     0.228978E+03     0.228682E+03     0.228654E+03     0.228293E+03     0.228193E+03     0.227948E+03     0.227746E+03     0.227247E+03     0.226760E+03     0.226406E+03     0.225920E+03     0.225697E+03     0.224830E+03     0.224555E+03     0.223888E+03     0.223171E+03     0.222940E+03     0.222354E+03     0.222115E+03     0.221622E+03     0.221390E+03     0.220795E+03     0.220744E+03     0.220558E+03     0.220127E+03     0.220103E+03     0.219705E+03     0.219683E+03     0.219507E+03     0.219146E+03     0.219045E+03     0.218599E+03     0.218358E+03     0.217976E+03     0.217744E+03     0.217012E+03     0.216399E+03     0.215993E+03     0.215147E+03     0.214821E+03     0.214077E+03     0.213645E+03     0.212569E+03     0.211883E+03     0.210858E+03     0.208982E+03     0.208472E+03     0.206686E+03     0.205188E+03     0.203601E+03     0.202611E+03     0.201769E+03     0.200369E+03     0.200229E+03     0.198972E+03     0.199316E+03     0.199172E+03     0.198622E+03     0.198261E+03     0.197108E+03     0.196024E+03     0.194316E+03     0.193869E+03     0.191207E+03     0.190689E+03     0.189716E+03     0.188751E+03     0.188342E+03     0.189611E+03     0.189214E+03     0.189376E+03     0.190427E+03     0.189473E+03     0.189850E+03     0.189568E+03     0.188113E+03     0.186814E+03     0.186272E+03     0.185376E+03     0.184512E+03     0.184023E+03     0.183773E+03     0.183374E+03     0.184137E+03     0.184751E+03     0.184601E+03     0.185012E+03     0.184848E+03     0.184028E+03     0.183131E+03     0.183009E+03     0.181709E+03     0.181580E+03     0.181019E+03     0.180490E+03     0.180241E+03     0.180224E+03     0.180119E+03     0.179933E+03     0.179905E+03     0.179623E+03     0.179390E+03     0.179206E+03     0.179168E+03     0.179455E+03     0.179270E+03     0.179716E+03     0.180043E+03     0.179969E+03     0.180531E+03     0.180383E+03     0.180292E+03     0.180130E+03     0.180076E+03     0.180020E+03     0.179963E+03     0.179821E+03     0.179677E+03     0.179636E+03     0.179576E+03     0.179541E+03     0.179472E+03     0.179444E+03     0.179373E+03     0.100000E+21
 0.600000E+02     0.229019E+03     0.228833E+03     0.228539E+03     0.228475E+03     0.228140E+03     0.228000E+03     0.227726E+03     0.227499E+03     0.227017E+03     0.226583E+03     0.226192E+03     0.225728E+03     0.225491E+03     0.224708E+03     0.224371E+03     0.223820E+03     0.223149E+03     0.222896E+03     0.222346E+03     0.222067E+03     0.221613E+03     0.221322E+03     0.220773E+03     0.220658E+03     0.220453E+03     0.220040E+03     0.219988E+03     0.219611E+03     0.219614E+03     0.219402E+03     0.219067E+03     0.218978E+03     0.218575E+03     0.218319E+03     0.217961E+03     0.217708E+03     0.217075E+03     0.216538E+03     0.216103E+03     0.215333E+03     0.214981E+03     0.214287E+03     0.213770E+03     0.212809E+03     0.211950E+03     0.210986E+03     0.208989E+03     0.208410E+03     0.206982E+03     0.205191E+03     0.203773E+03     0.202821E+03     0.202140E+03     0.200793E+03     0.200598E+03     0.199435E+03     0.199459E+03     0.198944E+03     0.198332E+03     0.197547E+03     0.196521E+03     0.195459E+03     0.193920E+03     0.193449E+03     0.191766E+03     0.191135E+03     0.190442E+03     0.189835E+03     0.189380E+03     0.190001E+03     0.189542E+03     0.189063E+03     0.189482E+03     0.188612E+03     0.188210E+03     0.187900E+03     0.186944E+03     0.185918E+03     0.185407E+03     0.184990E+03     0.184565E+03     0.184231E+03     0.184241E+03     0.183880E+03     0.184351E+03     0.184646E+03     0.184485E+03     0.184604E+03     0.184402E+03     0.183828E+03     0.183080E+03     0.182947E+03     0.181992E+03     0.181838E+03     0.181542E+03     0.181240E+03     0.181008E+03     0.180885E+03     0.180768E+03     0.180469E+03     0.180092E+03     0.179843E+03     0.179419E+03     0.179215E+03     0.179130E+03     0.179451E+03     0.179281E+03     0.179727E+03     0.179948E+03     0.179867E+03     0.180563E+03     0.180431E+03     0.180344E+03     0.180208E+03     0.180151E+03     0.180031E+03     0.179961E+03     0.179837E+03     0.179682E+03     0.179636E+03     0.179576E+03     0.179536E+03     0.179472E+03     0.179439E+03     0.179375E+03     0.100000E+21
 0.800000E+02     0.229044E+03     0.228837E+03     0.228535E+03     0.228475E+03     0.228128E+03     0.227996E+03     0.227726E+03     0.227511E+03     0.227017E+03     0.226559E+03     0.226193E+03     0.225728E+03     0.225498E+03     0.224708E+03     0.224401E+03     0.223812E+03     0.223138E+03     0.222896E+03     0.222346E+03     0.222086E+03     0.221608E+03     0.221337E+03     0.220767E+03     0.220658E+03     0.220462E+03     0.220035E+03     0.219988E+03     0.219600E+03     0.219595E+03     0.219402E+03     0.219061E+03     0.218978E+03     0.218555E+03     0.218319E+03     0.217961E+03     0.217718E+03     0.217075E+03     0.216501E+03     0.216103E+03     0.215320E+03     0.214981E+03     0.214287E+03     0.213809E+03     0.212779E+03     0.211978E+03     0.210986E+03     0.208989E+03     0.208441E+03     0.206866E+03     0.205243E+03     0.203748E+03     0.202860E+03     0.202159E+03     0.200780E+03     0.200598E+03     0.199392E+03     0.199415E+03     0.198944E+03     0.198361E+03     0.197547E+03     0.196461E+03     0.195458E+03     0.193908E+03     0.193449E+03     0.191766E+03     0.191188E+03     0.190463E+03     0.189813E+03     0.189380E+03     0.190001E+03     0.189570E+03     0.189151E+03     0.189509E+03     0.188601E+03     0.188210E+03     0.187914E+03     0.186862E+03     0.185918E+03     0.185393E+03     0.185002E+03     0.184565E+03     0.184231E+03     0.184241E+03     0.183862E+03     0.184333E+03     0.184646E+03     0.184491E+03     0.184604E+03     0.184420E+03     0.183809E+03     0.183075E+03     0.182947E+03     0.181992E+03     0.181849E+03     0.181525E+03     0.181248E+03     0.181008E+03     0.180885E+03     0.180774E+03     0.180445E+03     0.180102E+03     0.179838E+03     0.179451E+03     0.179218E+03     0.179150E+03     0.179451E+03     0.179275E+03     0.179700E+03     0.179948E+03     0.179870E+03     0.180563E+03     0.180423E+03     0.180345E+03     0.180206E+03     0.180151E+03     0.180031E+03     0.179967E+03     0.179833E+03     0.179679E+03     0.179636E+03     0.179576E+03     0.179538E+03     0.179472E+03     0.179441E+03     0.179374E+03     0.100000E+21
 0.100000E+03     0.228955E+03     0.228789E+03     0.228509E+03     0.228467E+03     0.228091E+03     0.227960E+03     0.227642E+03     0.227425E+03     0.226970E+03     0.226566E+03     0.226136E+03     0.225665E+03     0.225429E+03     0.224689E+03     0.224327E+03     0.223823E+03     0.223166E+03     0.222914E+03     0.222378E+03     0.222090E+03     0.221634E+03     0.221350E+03     0.220818E+03     0.220669E+03     0.220482E+03     0.220058E+03     0.219995E+03     0.219630E+03     0.219646E+03     0.219410E+03     0.219072E+03     0.218978E+03     0.218584E+03     0.218316E+03     0.217952E+03     0.217699E+03     0.217069E+03     0.216598E+03     0.216100E+03     0.215332E+03     0.214980E+03     0.214290E+03     0.213747E+03     0.212848E+03     0.211941E+03     0.210982E+03     0.208988E+03     0.208402E+03     0.207194E+03     0.205186E+03     0.203839E+03     0.202760E+03     0.202260E+03     0.200859E+03     0.200602E+03     0.199472E+03     0.199443E+03     0.198757E+03     0.198164E+03     0.197367E+03     0.196482E+03     0.195306E+03     0.193805E+03     0.193335E+03     0.191935E+03     0.191158E+03     0.190585E+03     0.190110E+03     0.189689E+03     0.190032E+03     0.189567E+03     0.188844E+03     0.189224E+03     0.188267E+03     0.188105E+03     0.187389E+03     0.186760E+03     0.185840E+03     0.185143E+03     0.184865E+03     0.184443E+03     0.184151E+03     0.184213E+03     0.183861E+03     0.184260E+03     0.184427E+03     0.184275E+03     0.184408E+03     0.184344E+03     0.183708E+03     0.182981E+03     0.182840E+03     0.182023E+03     0.181859E+03     0.181600E+03     0.181354E+03     0.181155E+03     0.180933E+03     0.180862E+03     0.180524E+03     0.180076E+03     0.179835E+03     0.179353E+03     0.179164E+03     0.179106E+03     0.179458E+03     0.179302E+03     0.179806E+03     0.180076E+03     0.179983E+03     0.180659E+03     0.180475E+03     0.180420E+03     0.180263E+03     0.180207E+03     0.180032E+03     0.179958E+03     0.179843E+03     0.179682E+03     0.179636E+03     0.179576E+03     0.179535E+03     0.179472E+03     0.179437E+03     0.179375E+03     0.100000E+21
 0.120000E+03     0.228936E+03     0.228719E+03     0.228409E+03     0.228309E+03     0.227970E+03     0.227805E+03     0.227516E+03     0.227294E+03     0.226806E+03     0.226367E+03     0.226009E+03     0.225570E+03     0.225336E+03     0.224644E+03     0.224313E+03     0.223796E+03     0.223188E+03     0.222940E+03     0.222459E+03     0.222185E+03     0.221725E+03     0.221442E+03     0.220886E+03     0.220744E+03     0.220542E+03     0.220116E+03     0.220039E+03     0.219658E+03     0.219641E+03     0.219423E+03     0.219078E+03     0.218975E+03     0.218566E+03     0.218305E+03     0.217939E+03     0.217691E+03     0.217053E+03     0.216509E+03     0.216090E+03     0.215324E+03     0.214978E+03     0.214298E+03     0.213791E+03     0.212810E+03     0.211951E+03     0.210976E+03     0.208985E+03     0.208417E+03     0.207003E+03     0.205374E+03     0.203935E+03     0.203102E+03     0.202460E+03     0.201034E+03     0.200675E+03     0.199497E+03     0.199187E+03     0.198480E+03     0.197881E+03     0.196829E+03     0.195790E+03     0.194953E+03     0.193625E+03     0.193160E+03     0.192321E+03     0.191702E+03     0.191074E+03     0.190589E+03     0.190144E+03     0.190119E+03     0.189669E+03     0.188938E+03     0.188595E+03     0.187713E+03     0.186825E+03     0.186522E+03     0.185695E+03     0.185110E+03     0.184594E+03     0.184527E+03     0.184259E+03     0.183975E+03     0.184100E+03     0.183735E+03     0.183985E+03     0.184101E+03     0.183943E+03     0.183942E+03     0.183744E+03     0.183327E+03     0.182815E+03     0.182684E+03     0.182100E+03     0.181950E+03     0.181722E+03     0.181612E+03     0.181378E+03     0.181161E+03     0.181046E+03     0.180666E+03     0.180068E+03     0.179816E+03     0.179320E+03     0.179085E+03     0.179061E+03     0.179516E+03     0.179344E+03     0.179941E+03     0.180265E+03     0.180185E+03     0.180918E+03     0.180785E+03     0.180600E+03     0.180348E+03     0.180292E+03     0.180036E+03     0.179968E+03     0.179841E+03     0.179681E+03     0.179636E+03     0.179576E+03     0.179537E+03     0.179472E+03     0.179439E+03     0.179375E+03     0.100000E+21
 0.140000E+03     0.228992E+03     0.228725E+03     0.228397E+03     0.228309E+03     0.227953E+03     0.227800E+03     0.227516E+03     0.227310E+03     0.226806E+03     0.226328E+03     0.226010E+03     0.225570E+03     0.225344E+03     0.224644E+03     0.224359E+03     0.223789E+03     0.223174E+03     0.222940E+03     0.222459E+03     0.222213E+03     0.221718E+03     0.221466E+03     0.220879E+03     0.220744E+03     0.220555E+03     0.220104E+03     0.220039E+03     0.219644E+03     0.219613E+03     0.219423E+03     0.219069E+03     0.218975E+03     0.218536E+03     0.218305E+03     0.217939E+03     0.217703E+03     0.217053E+03     0.216452E+03     0.216089E+03     0.215309E+03     0.214978E+03     0.214298E+03     0.213852E+03     0.212756E+03     0.211990E+03     0.210976E+03     0.208985E+03     0.208461E+03     0.206836E+03     0.205461E+03     0.203903E+03     0.203146E+03     0.202483E+03     0.200995E+03     0.200675E+03     0.199434E+03     0.199146E+03     0.198480E+03     0.197919E+03     0.196829E+03     0.195697E+03     0.194952E+03     0.193612E+03     0.193160E+03     0.192321E+03     0.191784E+03     0.191127E+03     0.190561E+03     0.190144E+03     0.190119E+03     0.189712E+03     0.188948E+03     0.188639E+03     0.187700E+03     0.186825E+03     0.186539E+03     0.185616E+03     0.185110E+03     0.184573E+03     0.184499E+03     0.184259E+03     0.183985E+03     0.184100E+03     0.183708E+03     0.183963E+03     0.184101E+03     0.183950E+03     0.183942E+03     0.183772E+03     0.183310E+03     0.182808E+03     0.182684E+03     0.182100E+03     0.181966E+03     0.181725E+03     0.181624E+03     0.181378E+03     0.181161E+03     0.181054E+03     0.180590E+03     0.180086E+03     0.179810E+03     0.179387E+03     0.179088E+03     0.179106E+03     0.179516E+03     0.179334E+03     0.179878E+03     0.180265E+03     0.180190E+03     0.180918E+03     0.180773E+03     0.180597E+03     0.180346E+03     0.180292E+03     0.180036E+03     0.179977E+03     0.179832E+03     0.179678E+03     0.179636E+03     0.179576E+03     0.179540E+03     0.179472E+03     0.179443E+03     0.179374E+03     0.100000E+21
 0.160000E+03     0.228788E+03     0.228691E+03     0.228378E+03     0.228223E+03     0.227917E+03     0.227721E+03     0.227444E+03     0.227208E+03     0.226723E+03     0.226305E+03     0.225959E+03     0.225546E+03     0.225309E+03     0.224691E+03     0.224329E+03     0.223876E+03     0.223312E+03     0.223051E+03     0.222656E+03     0.222371E+03     0.221982E+03     0.221646E+03     0.221074E+03     0.221004E+03     0.220728E+03     0.220363E+03     0.220256E+03     0.219829E+03     0.219816E+03     0.219524E+03     0.219183E+03     0.219031E+03     0.218632E+03     0.218311E+03     0.217923E+03     0.217669E+03     0.216972E+03     0.216470E+03     0.215985E+03     0.215204E+03     0.214856E+03     0.214112E+03     0.213546E+03     0.212643E+03     0.211771E+03     0.210830E+03     0.208917E+03     0.208342E+03     0.207140E+03     0.205433E+03     0.204039E+03     0.203178E+03     0.202542E+03     0.201123E+03     0.200536E+03     0.199424E+03     0.198831E+03     0.198090E+03     0.197444E+03     0.196329E+03     0.195288E+03     0.194676E+03     0.193557E+03     0.193087E+03     0.192702E+03     0.192110E+03     0.191454E+03     0.190958E+03     0.190474E+03     0.190087E+03     0.189619E+03     0.188861E+03     0.188016E+03     0.187247E+03     0.185872E+03     0.185870E+03     0.184981E+03     0.184463E+03     0.184127E+03     0.184134E+03     0.183972E+03     0.183633E+03     0.183626E+03     0.183289E+03     0.183472E+03     0.183585E+03     0.183409E+03     0.183422E+03     0.182991E+03     0.182923E+03     0.182643E+03     0.182517E+03     0.182151E+03     0.181995E+03     0.181787E+03     0.181706E+03     0.181464E+03     0.181125E+03     0.181014E+03     0.180682E+03     0.179838E+03     0.179648E+03     0.179049E+03     0.178949E+03     0.178941E+03     0.179668E+03     0.179473E+03     0.180227E+03     0.180522E+03     0.180457E+03     0.180986E+03     0.180883E+03     0.180610E+03     0.180294E+03     0.180237E+03     0.179983E+03     0.179899E+03     0.179800E+03     0.179682E+03     0.179636E+03     0.179576E+03     0.179535E+03     0.179472E+03     0.179437E+03     0.179375E+03     0.100000E+21
 0.180000E+03     0.228966E+03     0.228682E+03     0.228338E+03     0.228220E+03     0.227864E+03     0.227693E+03     0.227395E+03     0.227188E+03     0.226699E+03     0.226221E+03     0.225937E+03     0.225530E+03     0.225305E+03     0.224711E+03     0.224426E+03     0.223909E+03     0.223362E+03     0.223127E+03     0.222734E+03     0.222488E+03     0.222005E+03     0.221772E+03     0.221185E+03     0.221043E+03     0.220854E+03     0.220387E+03     0.220293E+03     0.219898E+03     0.219816E+03     0.219591E+03     0.219201E+03     0.219041E+03     0.218603E+03     0.218321E+03     0.217912E+03     0.217676E+03     0.216939E+03     0.216337E+03     0.215932E+03     0.215104E+03     0.214773E+03     0.214031E+03     0.213585E+03     0.212498E+03     0.211746E+03     0.210732E+03     0.208899E+03     0.208375E+03     0.206836E+03     0.205606E+03     0.204048E+03     0.203295E+03     0.202633E+03     0.201039E+03     0.200529E+03     0.199289E+03     0.198713E+03     0.197823E+03     0.197261E+03     0.196159E+03     0.195026E+03     0.194554E+03     0.193489E+03     0.193038E+03     0.192872E+03     0.192336E+03     0.191681E+03     0.191119E+03     0.190701E+03     0.190076E+03     0.189668E+03     0.188625E+03     0.187869E+03     0.186930E+03     0.185800E+03     0.185513E+03     0.184703E+03     0.184396E+03     0.183860E+03     0.183921E+03     0.183778E+03     0.183465E+03     0.183511E+03     0.183118E+03     0.183228E+03     0.183234E+03     0.183082E+03     0.183199E+03     0.183029E+03     0.182778E+03     0.182527E+03     0.182402E+03     0.182172E+03     0.182039E+03     0.181826E+03     0.181768E+03     0.181522E+03     0.181117E+03     0.181010E+03     0.180464E+03     0.179819E+03     0.179543E+03     0.179147E+03     0.178866E+03     0.179025E+03     0.179686E+03     0.179504E+03     0.180193E+03     0.180700E+03     0.180624E+03     0.181012E+03     0.180867E+03     0.180601E+03     0.180255E+03     0.180201E+03     0.179959E+03     0.179900E+03     0.179787E+03     0.179678E+03     0.179636E+03     0.179576E+03     0.179540E+03     0.179472E+03     0.179443E+03     0.179374E+03     0.100000E+21
 0.200000E+03     0.228915E+03     0.228707E+03     0.228374E+03     0.228233E+03     0.227899E+03     0.227708E+03     0.227413E+03     0.227188E+03     0.226719E+03     0.226279E+03     0.225971E+03     0.225588E+03     0.225353E+03     0.224782E+03     0.224434E+03     0.223988E+03     0.223493E+03     0.223255E+03     0.222844E+03     0.222573E+03     0.222102E+03     0.221876E+03     0.221351E+03     0.221144E+03     0.220993E+03     0.220507E+03     0.220386E+03     0.220045E+03     0.219913E+03     0.219692E+03     0.219279E+03     0.219066E+03     0.218661E+03     0.218327E+03     0.217899E+03     0.217651E+03     0.216885E+03     0.216353E+03     0.215854E+03     0.214978E+03     0.214626E+03     0.213869E+03     0.213381E+03     0.212409E+03     0.211514E+03     0.210505E+03     0.208788E+03     0.208187E+03     0.206885E+03     0.205437E+03     0.203967E+03     0.203167E+03     0.202456E+03     0.200967E+03     0.200408E+03     0.199190E+03     0.198531E+03     0.197506E+03     0.196939E+03     0.195940E+03     0.194930E+03     0.194372E+03     0.193347E+03     0.192882E+03     0.192849E+03     0.192235E+03     0.191586E+03     0.191063E+03     0.190608E+03     0.189900E+03     0.189430E+03     0.188534E+03     0.187549E+03     0.186587E+03     0.185595E+03     0.185174E+03     0.184572E+03     0.184307E+03     0.183752E+03     0.183911E+03     0.183732E+03     0.183377E+03     0.183398E+03     0.183027E+03     0.183061E+03     0.182934E+03     0.182788E+03     0.183072E+03     0.182907E+03     0.182722E+03     0.182568E+03     0.182439E+03     0.182299E+03     0.182142E+03     0.181887E+03     0.181802E+03     0.181576E+03     0.181067E+03     0.180932E+03     0.180514E+03     0.179741E+03     0.179465E+03     0.179065E+03     0.178875E+03     0.179016E+03     0.179791E+03     0.179646E+03     0.180398E+03     0.180872E+03     0.180778E+03     0.181053E+03     0.180912E+03     0.180632E+03     0.180262E+03     0.180206E+03     0.179945E+03     0.179879E+03     0.179782E+03     0.179681E+03     0.179636E+03     0.179576E+03     0.179537E+03     0.179472E+03     0.179439E+03     0.179375E+03     0.100000E+21
 0.220000E+03     0.228884E+03     0.228757E+03     0.228440E+03     0.228276E+03     0.227944E+03     0.227745E+03     0.227442E+03     0.227213E+03     0.226779E+03     0.226365E+03     0.226055E+03     0.225681E+03     0.225444E+03     0.224954E+03     0.224579E+03     0.224183E+03     0.223713E+03     0.223459E+03     0.223129E+03     0.222842E+03     0.222412E+03     0.222166E+03     0.221622E+03     0.221484E+03     0.221277E+03     0.220849E+03     0.220690E+03     0.220315E+03     0.220144E+03     0.219859E+03     0.219446E+03     0.219145E+03     0.218752E+03     0.218336E+03     0.217876E+03     0.217623E+03     0.216749E+03     0.216273E+03     0.215665E+03     0.214741E+03     0.214389E+03     0.213472E+03     0.212930E+03     0.212025E+03     0.211094E+03     0.210136E+03     0.208454E+03     0.207869E+03     0.206704E+03     0.205148E+03     0.203775E+03     0.202781E+03     0.202183E+03     0.200684E+03     0.199987E+03     0.198838E+03     0.197987E+03     0.196998E+03     0.196383E+03     0.195336E+03     0.194371E+03     0.193932E+03     0.193095E+03     0.192625E+03     0.192794E+03     0.192109E+03     0.191465E+03     0.190915E+03     0.190458E+03     0.189424E+03     0.188955E+03     0.188169E+03     0.186836E+03     0.185980E+03     0.184889E+03     0.184579E+03     0.183974E+03     0.184002E+03     0.183494E+03     0.183825E+03     0.183657E+03     0.183242E+03     0.183050E+03     0.182701E+03     0.182608E+03     0.182450E+03     0.182289E+03     0.182759E+03     0.182528E+03     0.182538E+03     0.182632E+03     0.182499E+03     0.182615E+03     0.182456E+03     0.182195E+03     0.181896E+03     0.181666E+03     0.180910E+03     0.180792E+03     0.180449E+03     0.179543E+03     0.179307E+03     0.179013E+03     0.178893E+03     0.179063E+03     0.180146E+03     0.179979E+03     0.180767E+03     0.181148E+03     0.181066E+03     0.181162E+03     0.181040E+03     0.180698E+03     0.180271E+03     0.180213E+03     0.179911E+03     0.179837E+03     0.179755E+03     0.179682E+03     0.179636E+03     0.179576E+03     0.179535E+03     0.179472E+03     0.179437E+03     0.179375E+03     0.100000E+21
 0.240000E+03     0.228993E+03     0.228762E+03     0.228421E+03     0.228276E+03     0.227929E+03     0.227744E+03     0.227442E+03     0.227227E+03     0.226779E+03     0.226321E+03     0.226054E+03     0.225681E+03     0.225451E+03     0.224954E+03     0.224646E+03     0.224189E+03     0.223702E+03     0.223459E+03     0.223129E+03     0.222868E+03     0.222413E+03     0.222187E+03     0.221617E+03     0.221484E+03     0.221288E+03     0.220823E+03     0.220690E+03     0.220303E+03     0.220138E+03     0.219859E+03     0.219424E+03     0.219145E+03     0.218722E+03     0.218345E+03     0.217876E+03     0.217633E+03     0.216749E+03     0.216175E+03     0.215656E+03     0.214728E+03     0.214389E+03     0.213472E+03     0.212994E+03     0.211952E+03     0.211128E+03     0.210136E+03     0.208454E+03     0.207907E+03     0.206498E+03     0.205243E+03     0.203748E+03     0.202889E+03     0.202202E+03     0.200615E+03     0.199987E+03     0.198780E+03     0.198003E+03     0.196998E+03     0.196415E+03     0.195336E+03     0.194250E+03     0.193934E+03     0.193084E+03     0.192625E+03     0.192794E+03     0.192216E+03     0.191510E+03     0.190891E+03     0.190458E+03     0.189424E+03     0.188993E+03     0.187912E+03     0.186878E+03     0.185969E+03     0.184889E+03     0.184593E+03     0.183978E+03     0.184002E+03     0.183477E+03     0.183726E+03     0.183657E+03     0.183229E+03     0.183050E+03     0.182672E+03     0.182601E+03     0.182450E+03     0.182294E+03     0.182759E+03     0.182575E+03     0.182567E+03     0.182627E+03     0.182499E+03     0.182615E+03     0.182472E+03     0.182160E+03     0.181906E+03     0.181666E+03     0.180910E+03     0.180799E+03     0.180296E+03     0.179565E+03     0.179301E+03     0.179056E+03     0.178896E+03     0.179155E+03     0.180146E+03     0.179970E+03     0.180688E+03     0.181148E+03     0.181070E+03     0.181162E+03     0.181022E+03     0.180689E+03     0.180269E+03     0.180213E+03     0.179911E+03     0.179847E+03     0.179758E+03     0.179679E+03     0.179636E+03     0.179576E+03     0.179538E+03     0.179472E+03     0.179441E+03     0.179374E+03     0.100000E+21
 0.260000E+03     0.229083E+03     0.228876E+03     0.228568E+03     0.228424E+03     0.228069E+03     0.227893E+03     0.227570E+03     0.227352E+03     0.226967E+03     0.226540E+03     0.226248E+03     0.225869E+03     0.225634E+03     0.225191E+03     0.224891E+03     0.224433E+03     0.223939E+03     0.223675E+03     0.223369E+03     0.223091E+03     0.222677E+03     0.222402E+03     0.221828E+03     0.221749E+03     0.221499E+03     0.221090E+03     0.220928E+03     0.220515E+03     0.220305E+03     0.219975E+03     0.219547E+03     0.219186E+03     0.218781E+03     0.218339E+03     0.217853E+03     0.217600E+03     0.216638E+03     0.216086E+03     0.215492E+03     0.214511E+03     0.214165E+03     0.213063E+03     0.212514E+03     0.211513E+03     0.210611E+03     0.209687E+03     0.207881E+03     0.207363E+03     0.205971E+03     0.204626E+03     0.203287E+03     0.202220E+03     0.201672E+03     0.200087E+03     0.199376E+03     0.198285E+03     0.197468E+03     0.196562E+03     0.195923E+03     0.194871E+03     0.193807E+03     0.193523E+03     0.192757E+03     0.192286E+03     0.192350E+03     0.191657E+03     0.191007E+03     0.190458E+03     0.190029E+03     0.188991E+03     0.188546E+03     0.187536E+03     0.186525E+03     0.185694E+03     0.184775E+03     0.184487E+03     0.183938E+03     0.184260E+03     0.183711E+03     0.183980E+03     0.183818E+03     0.183360E+03     0.183000E+03     0.182639E+03     0.182458E+03     0.182252E+03     0.182087E+03     0.182787E+03     0.182590E+03     0.182692E+03     0.182925E+03     0.182782E+03     0.182975E+03     0.182838E+03     0.182510E+03     0.182003E+03     0.181761E+03     0.181047E+03     0.180910E+03     0.180552E+03     0.179970E+03     0.179661E+03     0.179526E+03     0.179295E+03     0.179533E+03     0.180623E+03     0.180411E+03     0.181115E+03     0.181458E+03     0.181391E+03     0.181405E+03     0.181303E+03     0.180863E+03     0.180350E+03     0.180291E+03     0.179908E+03     0.179838E+03     0.179754E+03     0.179682E+03     0.179636E+03     0.179576E+03     0.179536E+03     0.179472E+03     0.179439E+03     0.179375E+03     0.100000E+21
 0.280000E+03     0.229149E+03     0.228972E+03     0.228612E+03     0.228482E+03     0.228121E+03     0.227962E+03     0.227671E+03     0.227469E+03     0.227058E+03     0.226571E+03     0.226361E+03     0.226017E+03     0.225794E+03     0.225331E+03     0.225056E+03     0.224575E+03     0.224078E+03     0.223847E+03     0.223501E+03     0.223263E+03     0.222782E+03     0.222570E+03     0.221975E+03     0.221859E+03     0.221674E+03     0.221168E+03     0.221027E+03     0.220629E+03     0.220397E+03     0.220065E+03     0.219553E+03     0.219204E+03     0.218758E+03     0.218358E+03     0.217835E+03     0.217602E+03     0.216576E+03     0.215962E+03     0.215367E+03     0.214314E+03     0.213988E+03     0.212824E+03     0.212392E+03     0.211199E+03     0.210360E+03     0.209335E+03     0.207613E+03     0.207102E+03     0.205576E+03     0.204472E+03     0.202885E+03     0.202056E+03     0.201327E+03     0.199679E+03     0.199138E+03     0.197880E+03     0.197201E+03     0.196215E+03     0.195664E+03     0.194632E+03     0.193479E+03     0.193282E+03     0.192470E+03     0.192022E+03     0.192085E+03     0.191567E+03     0.190804E+03     0.190097E+03     0.189688E+03     0.188764E+03     0.188367E+03     0.187233E+03     0.186410E+03     0.185456E+03     0.184730E+03     0.184448E+03     0.184021E+03     0.184362E+03     0.183820E+03     0.183991E+03     0.183945E+03     0.183370E+03     0.182977E+03     0.182578E+03     0.182377E+03     0.182096E+03     0.181946E+03     0.182803E+03     0.182639E+03     0.182851E+03     0.183130E+03     0.183007E+03     0.183181E+03     0.183052E+03     0.182543E+03     0.182084E+03     0.181834E+03     0.181107E+03     0.181002E+03     0.180577E+03     0.180179E+03     0.179897E+03     0.179738E+03     0.179608E+03     0.179932E+03     0.180816E+03     0.180631E+03     0.181239E+03     0.181705E+03     0.181631E+03     0.181537E+03     0.181389E+03     0.180942E+03     0.180407E+03     0.180353E+03     0.179906E+03     0.179848E+03     0.179756E+03     0.179677E+03     0.179636E+03     0.179576E+03     0.179541E+03     0.179472E+03     0.179444E+03     0.179373E+03     0.100000E+21
 0.300000E+03     0.229138E+03     0.228969E+03     0.228622E+03     0.228482E+03     0.228132E+03     0.227964E+03     0.227671E+03     0.227459E+03     0.227058E+03     0.226591E+03     0.226362E+03     0.226017E+03     0.225788E+03     0.225331E+03     0.225033E+03     0.224572E+03     0.224087E+03     0.223847E+03     0.223501E+03     0.223246E+03     0.222783E+03     0.222556E+03     0.221979E+03     0.221859E+03     0.221666E+03     0.221180E+03     0.221027E+03     0.220637E+03     0.220392E+03     0.220065E+03     0.219574E+03     0.219204E+03     0.218775E+03     0.218351E+03     0.217835E+03     0.217595E+03     0.216576E+03     0.215991E+03     0.215376E+03     0.214324E+03     0.213988E+03     0.212824E+03     0.212360E+03     0.211234E+03     0.210335E+03     0.209335E+03     0.207613E+03     0.207075E+03     0.205633E+03     0.204427E+03     0.202906E+03     0.202026E+03     0.201312E+03     0.199719E+03     0.199138E+03     0.197917E+03     0.197196E+03     0.196215E+03     0.195640E+03     0.194632E+03     0.193526E+03     0.193281E+03     0.192478E+03     0.192022E+03     0.192085E+03     0.191525E+03     0.190786E+03     0.190115E+03     0.189688E+03     0.188764E+03     0.188342E+03     0.187281E+03     0.186385E+03     0.185465E+03     0.184730E+03     0.184437E+03     0.183992E+03     0.184362E+03     0.183832E+03     0.184025E+03     0.183945E+03     0.183391E+03     0.182977E+03     0.182593E+03     0.182377E+03     0.182096E+03     0.181942E+03     0.182803E+03     0.182625E+03     0.182823E+03     0.183134E+03     0.183007E+03     0.183181E+03     0.183042E+03     0.182575E+03     0.182077E+03     0.181834E+03     0.181107E+03     0.180997E+03     0.180605E+03     0.180170E+03     0.179901E+03     0.179732E+03     0.179606E+03     0.179874E+03     0.180816E+03     0.180637E+03     0.181277E+03     0.181705E+03     0.181628E+03     0.181537E+03     0.181395E+03     0.180950E+03     0.180408E+03     0.180353E+03     0.179906E+03     0.179844E+03     0.179755E+03     0.179679E+03     0.179636E+03     0.179576E+03     0.179539E+03     0.179472E+03     0.179442E+03     0.179374E+03     0.100000E+21
 0.320000E+03     0.229326E+03     0.229233E+03     0.228918E+03     0.228786E+03     0.228452E+03     0.228309E+03     0.228033E+03     0.227805E+03     0.227480E+03     0.227049E+03     0.226799E+03     0.226466E+03     0.226229E+03     0.225748E+03     0.225407E+03     0.224951E+03     0.224430E+03     0.224176E+03     0.223729E+03     0.223449E+03     0.222998E+03     0.222709E+03     0.222161E+03     0.222026E+03     0.221820E+03     0.221360E+03     0.221154E+03     0.220778E+03     0.220440E+03     0.220096E+03     0.219620E+03     0.219171E+03     0.218769E+03     0.218310E+03     0.217807E+03     0.217553E+03     0.216500E+03     0.215968E+03     0.215227E+03     0.214063E+03     0.213712E+03     0.212266E+03     0.211746E+03     0.210668E+03     0.209495E+03     0.208532E+03     0.206638E+03     0.206058E+03     0.204738E+03     0.203240E+03     0.201828E+03     0.200876E+03     0.200202E+03     0.198733E+03     0.198193E+03     0.197032E+03     0.196367E+03     0.195463E+03     0.194851E+03     0.194253E+03     0.193233E+03     0.192952E+03     0.192220E+03     0.191749E+03     0.191599E+03     0.190962E+03     0.190202E+03     0.189464E+03     0.189009E+03     0.188595E+03     0.188134E+03     0.187333E+03     0.186717E+03     0.185849E+03     0.185552E+03     0.185242E+03     0.184705E+03     0.184938E+03     0.184427E+03     0.184411E+03     0.184160E+03     0.183542E+03     0.182857E+03     0.182498E+03     0.182190E+03     0.181855E+03     0.181694E+03     0.182725E+03     0.182521E+03     0.182749E+03     0.183177E+03     0.183044E+03     0.182881E+03     0.182726E+03     0.182270E+03     0.181511E+03     0.181279E+03     0.181081E+03     0.180963E+03     0.180799E+03     0.180863E+03     0.180616E+03     0.180430E+03     0.180313E+03     0.180401E+03     0.181186E+03     0.181017E+03     0.181553E+03     0.181826E+03     0.181745E+03     0.181552E+03     0.181422E+03     0.180973E+03     0.180421E+03     0.180363E+03     0.179920E+03     0.179851E+03     0.179763E+03     0.179682E+03     0.179636E+03     0.179576E+03     0.179536E+03     0.179472E+03     0.179438E+03     0.179375E+03     0.100000E+21
 0.340000E+03     0.229330E+03     0.229235E+03     0.228919E+03     0.228786E+03     0.228450E+03     0.228311E+03     0.228033E+03     0.227808E+03     0.227480E+03     0.227052E+03     0.226800E+03     0.226466E+03     0.226231E+03     0.225748E+03     0.225401E+03     0.224951E+03     0.224426E+03     0.224176E+03     0.223729E+03     0.223449E+03     0.222999E+03     0.222709E+03     0.222158E+03     0.222026E+03     0.221822E+03     0.221366E+03     0.221154E+03     0.220775E+03     0.220435E+03     0.220096E+03     0.219618E+03     0.219171E+03     0.218770E+03     0.218307E+03     0.217807E+03     0.217557E+03     0.216500E+03     0.215976E+03     0.215232E+03     0.214059E+03     0.213712E+03     0.212266E+03     0.211743E+03     0.210693E+03     0.209500E+03     0.208532E+03     0.206638E+03     0.206063E+03     0.204772E+03     0.203227E+03     0.201820E+03     0.200859E+03     0.200209E+03     0.198736E+03     0.198193E+03     0.197029E+03     0.196367E+03     0.195463E+03     0.194858E+03     0.194253E+03     0.193244E+03     0.192951E+03     0.192215E+03     0.191749E+03     0.191599E+03     0.190953E+03     0.190197E+03     0.189458E+03     0.189009E+03     0.188595E+03     0.188136E+03     0.187342E+03     0.186714E+03     0.185845E+03     0.185552E+03     0.185246E+03     0.184701E+03     0.184938E+03     0.184425E+03     0.184419E+03     0.184160E+03     0.183535E+03     0.182857E+03     0.182499E+03     0.182189E+03     0.181855E+03     0.181696E+03     0.182725E+03     0.182517E+03     0.182737E+03     0.183176E+03     0.183044E+03     0.182881E+03     0.182726E+03     0.182297E+03     0.181511E+03     0.181279E+03     0.181081E+03     0.180965E+03     0.180793E+03     0.180859E+03     0.180614E+03     0.180426E+03     0.180314E+03     0.180401E+03     0.181186E+03     0.181017E+03     0.181566E+03     0.181826E+03     0.181746E+03     0.181552E+03     0.181423E+03     0.180976E+03     0.180420E+03     0.180363E+03     0.179920E+03     0.179850E+03     0.179762E+03     0.179681E+03     0.179636E+03     0.179576E+03     0.179536E+03     0.179472E+03     0.179438E+03     0.179375E+03     0.100000E+21
 0.360000E+03     0.229409E+03     0.229357E+03     0.229046E+03     0.228947E+03     0.228604E+03     0.228492E+03     0.228229E+03     0.228008E+03     0.227720E+03     0.227272E+03     0.227035E+03     0.226697E+03     0.226461E+03     0.225938E+03     0.225625E+03     0.225111E+03     0.224537E+03     0.224284E+03     0.223766E+03     0.223495E+03     0.223018E+03     0.222713E+03     0.222156E+03     0.222003E+03     0.221800E+03     0.221315E+03     0.221104E+03     0.220726E+03     0.220388E+03     0.220026E+03     0.219545E+03     0.219123E+03     0.218710E+03     0.218307E+03     0.217826E+03     0.217574E+03     0.216562E+03     0.216002E+03     0.215261E+03     0.214084E+03     0.213734E+03     0.212188E+03     0.211692E+03     0.210485E+03     0.209291E+03     0.208322E+03     0.206263E+03     0.205701E+03     0.204238E+03     0.202766E+03     0.201323E+03     0.200378E+03     0.199683E+03     0.198190E+03     0.197698E+03     0.196528E+03     0.196001E+03     0.195186E+03     0.194577E+03     0.194197E+03     0.193131E+03     0.192937E+03     0.192243E+03     0.191774E+03     0.191534E+03     0.190935E+03     0.190102E+03     0.189276E+03     0.188828E+03     0.188526E+03     0.188079E+03     0.187344E+03     0.187006E+03     0.186113E+03     0.185958E+03     0.185636E+03     0.185063E+03     0.185130E+03     0.184610E+03     0.184380E+03     0.184050E+03     0.183418E+03     0.182749E+03     0.182378E+03     0.182125E+03     0.181822E+03     0.181662E+03     0.182729E+03     0.182539E+03     0.182759E+03     0.183129E+03     0.182997E+03     0.182610E+03     0.182460E+03     0.181920E+03     0.181200E+03     0.180971E+03     0.181018E+03     0.180904E+03     0.180845E+03     0.181137E+03     0.180872E+03     0.180836E+03     0.180752E+03     0.180800E+03     0.181375E+03     0.181200E+03     0.181475E+03     0.181622E+03     0.181539E+03     0.181240E+03     0.181098E+03     0.180779E+03     0.180371E+03     0.180314E+03     0.179939E+03     0.179874E+03     0.179776E+03     0.179681E+03     0.179636E+03     0.179576E+03     0.179537E+03     0.179472E+03     0.179440E+03     0.179375E+03     0.100000E+21
 0.380000E+03     0.229452E+03     0.229481E+03     0.229158E+03     0.229087E+03     0.228726E+03     0.228646E+03     0.228418E+03     0.228215E+03     0.227933E+03     0.227446E+03     0.227250E+03     0.226918E+03     0.226695E+03     0.226111E+03     0.225835E+03     0.225246E+03     0.224619E+03     0.224388E+03     0.223799E+03     0.223560E+03     0.223026E+03     0.222737E+03     0.222142E+03     0.221983E+03     0.221798E+03     0.221257E+03     0.221061E+03     0.220662E+03     0.220350E+03     0.219960E+03     0.219442E+03     0.219080E+03     0.218635E+03     0.218304E+03     0.217844E+03     0.217611E+03     0.216618E+03     0.216005E+03     0.215279E+03     0.214083E+03     0.213756E+03     0.212117E+03     0.211684E+03     0.210276E+03     0.209145E+03     0.208121E+03     0.205932E+03     0.205420E+03     0.203738E+03     0.202388E+03     0.200804E+03     0.199960E+03     0.199223E+03     0.197666E+03     0.197268E+03     0.196011E+03     0.195647E+03     0.194919E+03     0.194367E+03     0.194146E+03     0.192995E+03     0.192926E+03     0.192245E+03     0.191798E+03     0.191474E+03     0.190954E+03     0.190003E+03     0.189064E+03     0.188654E+03     0.188465E+03     0.188068E+03     0.187419E+03     0.187299E+03     0.186347E+03     0.186313E+03     0.186031E+03     0.185355E+03     0.185298E+03     0.184756E+03     0.184395E+03     0.183943E+03     0.183248E+03     0.182653E+03     0.182255E+03     0.182063E+03     0.181791E+03     0.181641E+03     0.182731E+03     0.182566E+03     0.182785E+03     0.183074E+03     0.182952E+03     0.182365E+03     0.182235E+03     0.181584E+03     0.180926E+03     0.180677E+03     0.180963E+03     0.180858E+03     0.180962E+03     0.181386E+03     0.181104E+03     0.181156E+03     0.181176E+03     0.181181E+03     0.181540E+03     0.181356E+03     0.181423E+03     0.181426E+03     0.181352E+03     0.180959E+03     0.180811E+03     0.180605E+03     0.180321E+03     0.180267E+03     0.179957E+03     0.179899E+03     0.179785E+03     0.179677E+03     0.179636E+03     0.179576E+03     0.179541E+03     0.179472E+03     0.179444E+03     0.179373E+03     0.100000E+21
 0.400000E+03     0.229456E+03     0.229480E+03     0.229159E+03     0.229087E+03     0.228729E+03     0.228648E+03     0.228418E+03     0.228213E+03     0.227933E+03     0.227450E+03     0.227250E+03     0.226918E+03     0.226694E+03     0.226111E+03     0.225831E+03     0.225247E+03     0.224621E+03     0.224388E+03     0.223799E+03     0.223557E+03     0.223027E+03     0.222734E+03     0.222143E+03     0.221983E+03     0.221796E+03     0.221261E+03     0.221061E+03     0.220664E+03     0.220348E+03     0.219960E+03     0.219446E+03     0.219080E+03     0.218638E+03     0.218303E+03     0.217844E+03     0.217610E+03     0.216618E+03     0.216011E+03     0.215282E+03     0.214085E+03     0.213756E+03     0.212117E+03     0.211678E+03     0.210287E+03     0.209140E+03     0.208121E+03     0.205932E+03     0.205414E+03     0.203753E+03     0.202380E+03     0.200808E+03     0.199954E+03     0.199220E+03     0.197672E+03     0.197268E+03     0.196019E+03     0.195649E+03     0.194919E+03     0.194362E+03     0.194146E+03     0.193004E+03     0.192926E+03     0.192247E+03     0.191798E+03     0.191474E+03     0.190946E+03     0.190003E+03     0.189068E+03     0.188654E+03     0.188465E+03     0.188063E+03     0.187415E+03     0.187294E+03     0.186348E+03     0.186313E+03     0.186029E+03     0.185356E+03     0.185298E+03     0.184758E+03     0.184393E+03     0.183943E+03     0.183255E+03     0.182653E+03     0.182258E+03     0.182063E+03     0.181791E+03     0.181641E+03     0.182731E+03     0.182564E+03     0.182780E+03     0.183075E+03     0.182952E+03     0.182365E+03     0.182233E+03     0.181593E+03     0.180925E+03     0.180677E+03     0.180963E+03     0.180857E+03     0.180953E+03     0.181384E+03     0.181105E+03     0.181159E+03     0.181176E+03     0.181176E+03     0.181540E+03     0.181357E+03     0.181425E+03     0.181426E+03     0.181351E+03     0.180959E+03     0.180813E+03     0.180605E+03     0.180321E+03     0.180267E+03     0.179957E+03     0.179898E+03     0.179785E+03     0.179677E+03     0.179636E+03     0.179576E+03     0.179541E+03     0.179472E+03     0.179444E+03     0.179374E+03     0.100000E+21
 0.420000E+03     0.229586E+03     0.229618E+03     0.229334E+03     0.229305E+03     0.228966E+03     0.228933E+03     0.228727E+03     0.228502E+03     0.228303E+03     0.227855E+03     0.227611E+03     0.227268E+03     0.227032E+03     0.226343E+03     0.226025E+03     0.225418E+03     0.224706E+03     0.224455E+03     0.223738E+03     0.223467E+03     0.222959E+03     0.222590E+03     0.222033E+03     0.221827E+03     0.221623E+03     0.221123E+03     0.220874E+03     0.220495E+03     0.220161E+03     0.219798E+03     0.219357E+03     0.219025E+03     0.218612E+03     0.218326E+03     0.217937E+03     0.217685E+03     0.216841E+03     0.216280E+03     0.215560E+03     0.214408E+03     0.214058E+03     0.212422E+03     0.211927E+03     0.210636E+03     0.209279E+03     0.208307E+03     0.205828E+03     0.205258E+03     0.203669E+03     0.201867E+03     0.200411E+03     0.199372E+03     0.198604E+03     0.197203E+03     0.196906E+03     0.195726E+03     0.195425E+03     0.194746E+03     0.194140E+03     0.194011E+03     0.192948E+03     0.192759E+03     0.192074E+03     0.191604E+03     0.191285E+03     0.190687E+03     0.189899E+03     0.189145E+03     0.188694E+03     0.188691E+03     0.188243E+03     0.187640E+03     0.187579E+03     0.186694E+03     0.186528E+03     0.186220E+03     0.185440E+03     0.185036E+03     0.184521E+03     0.184050E+03     0.183578E+03     0.183049E+03     0.182611E+03     0.182240E+03     0.182244E+03     0.182159E+03     0.181999E+03     0.182797E+03     0.182608E+03     0.182590E+03     0.182642E+03     0.182509E+03     0.181693E+03     0.181545E+03     0.181096E+03     0.180546E+03     0.180311E+03     0.180760E+03     0.180644E+03     0.180722E+03     0.181330E+03     0.181073E+03     0.181360E+03     0.181458E+03     0.181260E+03     0.181283E+03     0.181110E+03     0.180988E+03     0.180842E+03     0.180761E+03     0.180547E+03     0.180410E+03     0.180371E+03     0.180281E+03     0.180224E+03     0.179950E+03     0.179884E+03     0.179782E+03     0.179681E+03     0.179636E+03     0.179576E+03     0.179537E+03     0.179472E+03     0.179440E+03     0.179375E+03     0.100000E+21
 0.440000E+03     0.229695E+03     0.229618E+03     0.229337E+03     0.229305E+03     0.228973E+03     0.228960E+03     0.228727E+03     0.228499E+03     0.228303E+03     0.227889E+03     0.227612E+03     0.227268E+03     0.227033E+03     0.226343E+03     0.225971E+03     0.225438E+03     0.224707E+03     0.224455E+03     0.223738E+03     0.223452E+03     0.222997E+03     0.222577E+03     0.222033E+03     0.221827E+03     0.221621E+03     0.221165E+03     0.220874E+03     0.220497E+03     0.220129E+03     0.219798E+03     0.219369E+03     0.219025E+03     0.218632E+03     0.218324E+03     0.217937E+03     0.217685E+03     0.216841E+03     0.216355E+03     0.215582E+03     0.214407E+03     0.214058E+03     0.212422E+03     0.211881E+03     0.210813E+03     0.209267E+03     0.208307E+03     0.205828E+03     0.205245E+03     0.203992E+03     0.201786E+03     0.200413E+03     0.199229E+03     0.198605E+03     0.197225E+03     0.196906E+03     0.195756E+03     0.195471E+03     0.194746E+03     0.194135E+03     0.194011E+03     0.193044E+03     0.192757E+03     0.192072E+03     0.191604E+03     0.191285E+03     0.190602E+03     0.189875E+03     0.189148E+03     0.188694E+03     0.188691E+03     0.188224E+03     0.187531E+03     0.187550E+03     0.186693E+03     0.186528E+03     0.186219E+03     0.185494E+03     0.185036E+03     0.184527E+03     0.184011E+03     0.183578E+03     0.183059E+03     0.182611E+03     0.182261E+03     0.182254E+03     0.182159E+03     0.181999E+03     0.182797E+03     0.182572E+03     0.182562E+03     0.182642E+03     0.182509E+03     0.181693E+03     0.181534E+03     0.181201E+03     0.180542E+03     0.180311E+03     0.180760E+03     0.180643E+03     0.180565E+03     0.181311E+03     0.181074E+03     0.181466E+03     0.181458E+03     0.181259E+03     0.181283E+03     0.181116E+03     0.180986E+03     0.180842E+03     0.180761E+03     0.180547E+03     0.180425E+03     0.180369E+03     0.180281E+03     0.180224E+03     0.179950E+03     0.179876E+03     0.179784E+03     0.179682E+03     0.179636E+03     0.179576E+03     0.179535E+03     0.179472E+03     0.179437E+03     0.179375E+03     0.100000E+21
 0.460000E+03     0.229610E+03     0.229641E+03     0.229364E+03     0.229347E+03     0.229017E+03     0.229001E+03     0.228816E+03     0.228584E+03     0.228393E+03     0.227947E+03     0.227700E+03     0.227359E+03     0.227121E+03     0.226374E+03     0.226044E+03     0.225428E+03     0.224681E+03     0.224427E+03     0.223686E+03     0.223412E+03     0.222916E+03     0.222530E+03     0.221970E+03     0.221777E+03     0.221562E+03     0.221082E+03     0.220834E+03     0.220449E+03     0.220133E+03     0.219783E+03     0.219356E+03     0.219037E+03     0.218629E+03     0.218344E+03     0.217962E+03     0.217709E+03     0.216893E+03     0.216334E+03     0.215655E+03     0.214559E+03     0.214211E+03     0.212672E+03     0.212148E+03     0.210917E+03     0.209605E+03     0.208663E+03     0.206113E+03     0.205573E+03     0.203964E+03     0.202085E+03     0.200683E+03     0.199562E+03     0.198852E+03     0.197432E+03     0.197114E+03     0.195969E+03     0.195633E+03     0.194956E+03     0.194337E+03     0.194049E+03     0.192998E+03     0.192756E+03     0.192022E+03     0.191552E+03     0.191289E+03     0.190677E+03     0.189959E+03     0.189309E+03     0.188866E+03     0.188965E+03     0.188521E+03     0.187872E+03     0.187837E+03     0.186993E+03     0.186599E+03     0.186307E+03     0.185459E+03     0.184923E+03     0.184390E+03     0.183956E+03     0.183496E+03     0.183063E+03     0.182772E+03     0.182406E+03     0.182462E+03     0.182443E+03     0.182277E+03     0.182786E+03     0.182593E+03     0.182456E+03     0.182339E+03     0.182197E+03     0.181400E+03     0.181263E+03     0.180944E+03     0.180535E+03     0.180300E+03     0.180923E+03     0.180832E+03     0.180843E+03     0.181442E+03     0.181208E+03     0.181396E+03     0.181419E+03     0.181134E+03     0.181012E+03     0.180814E+03     0.180677E+03     0.180474E+03     0.180408E+03     0.180438E+03     0.180316E+03     0.180311E+03     0.180280E+03     0.180223E+03     0.179951E+03     0.179884E+03     0.179783E+03     0.179681E+03     0.179636E+03     0.179576E+03     0.179536E+03     0.179472E+03     0.179439E+03     0.179375E+03     0.100000E+21
 0.480000E+03     0.229586E+03     0.229677E+03     0.229408E+03     0.229423E+03     0.229068E+03     0.229082E+03     0.228920E+03     0.228712E+03     0.228537E+03     0.228062E+03     0.227825E+03     0.227465E+03     0.227239E+03     0.226419E+03     0.226131E+03     0.225423E+03     0.224631E+03     0.224395E+03     0.223609E+03     0.223361E+03     0.222813E+03     0.222471E+03     0.221886E+03     0.221690E+03     0.221500E+03     0.220972E+03     0.220766E+03     0.220373E+03     0.220111E+03     0.219766E+03     0.219321E+03     0.219058E+03     0.218621E+03     0.218372E+03     0.217992E+03     0.217755E+03     0.216968E+03     0.216370E+03     0.215769E+03     0.214723E+03     0.214391E+03     0.213030E+03     0.212581E+03     0.211239E+03     0.210095E+03     0.209083E+03     0.206579E+03     0.206053E+03     0.204250E+03     0.202533E+03     0.200983E+03     0.199990E+03     0.199184E+03     0.197738E+03     0.197483E+03     0.196246E+03     0.195907E+03     0.195201E+03     0.194637E+03     0.194109E+03     0.192982E+03     0.192753E+03     0.191942E+03     0.191489E+03     0.191295E+03     0.190754E+03     0.190077E+03     0.189486E+03     0.189066E+03     0.189384E+03     0.188973E+03     0.188353E+03     0.188274E+03     0.187339E+03     0.186726E+03     0.186438E+03     0.185419E+03     0.184723E+03     0.184188E+03     0.183834E+03     0.183400E+03     0.183053E+03     0.183039E+03     0.182648E+03     0.182764E+03     0.182776E+03     0.182624E+03     0.182770E+03     0.182598E+03     0.182284E+03     0.181956E+03     0.181831E+03     0.180973E+03     0.180838E+03     0.180612E+03     0.180532E+03     0.180286E+03     0.181197E+03     0.181089E+03     0.181183E+03     0.181648E+03     0.181374E+03     0.181390E+03     0.181376E+03     0.180941E+03     0.180536E+03     0.180355E+03     0.180215E+03     0.180046E+03     0.179970E+03     0.180273E+03     0.180128E+03     0.180228E+03     0.180275E+03     0.180221E+03     0.179952E+03     0.179893E+03     0.179783E+03     0.179678E+03     0.179636E+03     0.179576E+03     0.179540E+03     0.179472E+03     0.179443E+03     0.179374E+03     0.100000E+21
 0.500000E+03     0.229568E+03     0.229679E+03     0.229408E+03     0.229423E+03     0.229062E+03     0.229074E+03     0.228920E+03     0.228718E+03     0.228537E+03     0.228050E+03     0.227825E+03     0.227465E+03     0.227242E+03     0.226419E+03     0.226145E+03     0.225415E+03     0.224625E+03     0.224395E+03     0.223609E+03     0.223371E+03     0.222807E+03     0.222479E+03     0.221883E+03     0.221690E+03     0.221505E+03     0.220962E+03     0.220766E+03     0.220367E+03     0.220115E+03     0.219766E+03     0.219311E+03     0.219058E+03     0.218611E+03     0.218372E+03     0.217992E+03     0.217760E+03     0.216968E+03     0.216353E+03     0.215764E+03     0.214717E+03     0.214391E+03     0.213030E+03     0.212600E+03     0.211207E+03     0.210109E+03     0.209083E+03     0.206579E+03     0.206070E+03     0.204188E+03     0.202560E+03     0.200970E+03     0.200014E+03     0.199194E+03     0.197727E+03     0.197483E+03     0.196223E+03     0.195897E+03     0.195201E+03     0.194652E+03     0.194109E+03     0.192954E+03     0.192754E+03     0.191936E+03     0.191489E+03     0.191295E+03     0.190779E+03     0.190091E+03     0.189475E+03     0.189066E+03     0.189384E+03     0.188988E+03     0.188368E+03     0.188289E+03     0.187334E+03     0.186726E+03     0.186445E+03     0.185385E+03     0.184723E+03     0.184180E+03     0.183839E+03     0.183400E+03     0.183053E+03     0.183039E+03     0.182639E+03     0.182759E+03     0.182776E+03     0.182626E+03     0.182770E+03     0.182606E+03     0.182284E+03     0.181954E+03     0.181831E+03     0.180973E+03     0.180844E+03     0.180614E+03     0.180536E+03     0.180286E+03     0.181197E+03     0.181092E+03     0.181212E+03     0.181654E+03     0.181371E+03     0.181384E+03     0.181377E+03     0.180925E+03     0.180536E+03     0.180352E+03     0.180217E+03     0.180046E+03     0.179972E+03     0.180273E+03     0.180125E+03     0.180230E+03     0.180275E+03     0.180221E+03     0.179952E+03     0.179895E+03     0.179783E+03     0.179677E+03     0.179636E+03     0.179576E+03     0.179541E+03     0.179472E+03     0.179444E+03     0.179373E+03     0.100000E+21
 0.520000E+03     0.229648E+03     0.229693E+03     0.229440E+03     0.229488E+03     0.229151E+03     0.229193E+03     0.229025E+03     0.228799E+03     0.228647E+03     0.228203E+03     0.227908E+03     0.227522E+03     0.227285E+03     0.226381E+03     0.226058E+03     0.225378E+03     0.224539E+03     0.224287E+03     0.223502E+03     0.223228E+03     0.222736E+03     0.222382E+03     0.221828E+03     0.221667E+03     0.221463E+03     0.220995E+03     0.220810E+03     0.220432E+03     0.220182E+03     0.219865E+03     0.219428E+03     0.219100E+03     0.218690E+03     0.218329E+03     0.217887E+03     0.217635E+03     0.216825E+03     0.216271E+03     0.215733E+03     0.214812E+03     0.214462E+03     0.213474E+03     0.212972E+03     0.211898E+03     0.210900E+03     0.209930E+03     0.207831E+03     0.207258E+03     0.205758E+03     0.204058E+03     0.202614E+03     0.201539E+03     0.200772E+03     0.199278E+03     0.198732E+03     0.197558E+03     0.196812E+03     0.195851E+03     0.195243E+03     0.194069E+03     0.193017E+03     0.192548E+03     0.191588E+03     0.191118E+03     0.190903E+03     0.190295E+03     0.189691E+03     0.189239E+03     0.188787E+03     0.189356E+03     0.188904E+03     0.188290E+03     0.188221E+03     0.187341E+03     0.186516E+03     0.186208E+03     0.185230E+03     0.184285E+03     0.183772E+03     0.183590E+03     0.183275E+03     0.183144E+03     0.183632E+03     0.183264E+03     0.183348E+03     0.183332E+03     0.183171E+03     0.182883E+03     0.182689E+03     0.182236E+03     0.181689E+03     0.181556E+03     0.180424E+03     0.180275E+03     0.180104E+03     0.180117E+03     0.179883E+03     0.181260E+03     0.181143E+03     0.181210E+03     0.181846E+03     0.181591E+03     0.181207E+03     0.180994E+03     0.180419E+03     0.179519E+03     0.179348E+03     0.179089E+03     0.178851E+03     0.178770E+03     0.179575E+03     0.179440E+03     0.179762E+03     0.180084E+03     0.180027E+03     0.179934E+03     0.179867E+03     0.179772E+03     0.179681E+03     0.179636E+03     0.179576E+03     0.179536E+03     0.179472E+03     0.179440E+03     0.179375E+03     0.100000E+21
 0.540000E+03     0.229660E+03     0.229695E+03     0.229440E+03     0.229488E+03     0.229147E+03     0.229198E+03     0.229025E+03     0.228804E+03     0.228647E+03     0.228202E+03     0.227908E+03     0.227522E+03     0.227289E+03     0.226381E+03     0.226057E+03     0.225382E+03     0.224534E+03     0.224287E+03     0.223502E+03     0.223232E+03     0.222739E+03     0.222384E+03     0.221824E+03     0.221667E+03     0.221467E+03     0.220997E+03     0.220810E+03     0.220427E+03     0.220180E+03     0.219865E+03     0.219423E+03     0.219100E+03     0.218688E+03     0.218328E+03     0.217887E+03     0.217640E+03     0.216825E+03     0.216273E+03     0.215734E+03     0.214805E+03     0.214462E+03     0.213474E+03     0.212974E+03     0.211911E+03     0.210909E+03     0.209930E+03     0.207831E+03     0.207269E+03     0.205785E+03     0.204054E+03     0.202601E+03     0.201524E+03     0.200784E+03     0.199275E+03     0.198732E+03     0.197548E+03     0.196810E+03     0.195851E+03     0.195257E+03     0.194069E+03     0.193018E+03     0.192548E+03     0.191581E+03     0.191118E+03     0.190903E+03     0.190294E+03     0.189682E+03     0.189229E+03     0.188787E+03     0.189356E+03     0.188911E+03     0.188280E+03     0.188223E+03     0.187335E+03     0.186516E+03     0.186215E+03     0.185237E+03     0.184285E+03     0.183767E+03     0.183592E+03     0.183275E+03     0.183154E+03     0.183632E+03     0.183263E+03     0.183350E+03     0.183332E+03     0.183175E+03     0.182883E+03     0.182689E+03     0.182238E+03     0.181686E+03     0.181556E+03     0.180424E+03     0.180276E+03     0.180100E+03     0.180119E+03     0.179883E+03     0.181260E+03     0.181146E+03     0.181195E+03     0.181844E+03     0.181589E+03     0.181199E+03     0.180995E+03     0.180410E+03     0.179519E+03     0.179346E+03     0.179087E+03     0.178851E+03     0.178772E+03     0.179575E+03     0.179441E+03     0.179761E+03     0.180083E+03     0.180027E+03     0.179934E+03     0.179867E+03     0.179772E+03     0.179680E+03     0.179636E+03     0.179576E+03     0.179537E+03     0.179472E+03     0.179440E+03     0.179375E+03     0.100000E+21
 0.560000E+03     0.229741E+03     0.229718E+03     0.229456E+03     0.229498E+03     0.229181E+03     0.229235E+03     0.229048E+03     0.228816E+03     0.228648E+03     0.228229E+03     0.227897E+03     0.227494E+03     0.227257E+03     0.226344E+03     0.226002E+03     0.225367E+03     0.224504E+03     0.224246E+03     0.223493E+03     0.223207E+03     0.222757E+03     0.222382E+03     0.221841E+03     0.221682E+03     0.221491E+03     0.221039E+03     0.220836E+03     0.220486E+03     0.220201E+03     0.219918E+03     0.219459E+03     0.219091E+03     0.218693E+03     0.218267E+03     0.217756E+03     0.217511E+03     0.216687E+03     0.216269E+03     0.215614E+03     0.214680E+03     0.214323E+03     0.213446E+03     0.212917E+03     0.211986E+03     0.210999E+03     0.210061E+03     0.208069E+03     0.207596E+03     0.206166E+03     0.204450E+03     0.203321E+03     0.201727E+03     0.201624E+03     0.199875E+03     0.198951E+03     0.198080E+03     0.197091E+03     0.196071E+03     0.195433E+03     0.193965E+03     0.193021E+03     0.192357E+03     0.191265E+03     0.190794E+03     0.190611E+03     0.190074E+03     0.189436E+03     0.189012E+03     0.188527E+03     0.189236E+03     0.188755E+03     0.188168E+03     0.188129E+03     0.187245E+03     0.186488E+03     0.186131E+03     0.185263E+03     0.184246E+03     0.183688E+03     0.183605E+03     0.183369E+03     0.183233E+03     0.183718E+03     0.183372E+03     0.183465E+03     0.183454E+03     0.183288E+03     0.182913E+03     0.182675E+03     0.182280E+03     0.181735E+03     0.181605E+03     0.180442E+03     0.180281E+03     0.180069E+03     0.180045E+03     0.179799E+03     0.181244E+03     0.181114E+03     0.181099E+03     0.181869E+03     0.181656E+03     0.181146E+03     0.180914E+03     0.180347E+03     0.179424E+03     0.179180E+03     0.178853E+03     0.178477E+03     0.178426E+03     0.179390E+03     0.179359E+03     0.179608E+03     0.179978E+03     0.179919E+03     0.179918E+03     0.179851E+03     0.179765E+03     0.179682E+03     0.179636E+03     0.179576E+03     0.179535E+03     0.179472E+03     0.179437E+03     0.179375E+03     0.100000E+21
 0.580000E+03     0.229684E+03     0.229763E+03     0.229510E+03     0.229561E+03     0.229216E+03     0.229251E+03     0.229081E+03     0.228864E+03     0.228651E+03     0.228197E+03     0.227875E+03     0.227454E+03     0.227223E+03     0.226266E+03     0.225954E+03     0.225265E+03     0.224434E+03     0.224190E+03     0.223470E+03     0.223207E+03     0.222721E+03     0.222420E+03     0.221853E+03     0.221750E+03     0.221552E+03     0.221089E+03     0.220950E+03     0.220564E+03     0.220315E+03     0.219993E+03     0.219489E+03     0.219055E+03     0.218636E+03     0.218135E+03     0.217576E+03     0.217331E+03     0.216381E+03     0.215814E+03     0.215338E+03     0.214471E+03     0.214130E+03     0.213389E+03     0.212905E+03     0.211941E+03     0.211232E+03     0.210244E+03     0.208829E+03     0.208276E+03     0.206969E+03     0.205893E+03     0.204410E+03     0.203578E+03     0.202910E+03     0.201214E+03     0.200309E+03     0.199110E+03     0.197750E+03     0.196374E+03     0.195787E+03     0.193694E+03     0.192618E+03     0.191970E+03     0.190793E+03     0.190333E+03     0.190015E+03     0.189429E+03     0.188916E+03     0.188605E+03     0.188168E+03     0.188934E+03     0.188499E+03     0.187933E+03     0.187993E+03     0.187090E+03     0.186324E+03     0.186026E+03     0.184990E+03     0.184030E+03     0.183507E+03     0.183643E+03     0.183500E+03     0.183437E+03     0.184012E+03     0.183636E+03     0.183678E+03     0.183623E+03     0.183467E+03     0.182977E+03     0.182791E+03     0.182336E+03     0.181800E+03     0.181671E+03     0.180480E+03     0.180336E+03     0.180077E+03     0.179917E+03     0.179678E+03     0.181186E+03     0.181074E+03     0.181230E+03     0.182018E+03     0.181757E+03     0.181137E+03     0.180800E+03     0.180071E+03     0.178934E+03     0.178759E+03     0.178329E+03     0.177962E+03     0.177884E+03     0.178950E+03     0.178812E+03     0.179312E+03     0.179823E+03     0.179767E+03     0.179884E+03     0.179819E+03     0.179740E+03     0.179680E+03     0.179636E+03     0.179576E+03     0.179538E+03     0.179472E+03     0.179441E+03     0.179374E+03     0.100000E+21
 0.600000E+03     0.229628E+03     0.229767E+03     0.229516E+03     0.229561E+03     0.229202E+03     0.229228E+03     0.229081E+03     0.228877E+03     0.228651E+03     0.228167E+03     0.227875E+03     0.227454E+03     0.227230E+03     0.226266E+03     0.225988E+03     0.225241E+03     0.224422E+03     0.224190E+03     0.223470E+03     0.223230E+03     0.222712E+03     0.222440E+03     0.221848E+03     0.221750E+03     0.221563E+03     0.221072E+03     0.220950E+03     0.220552E+03     0.220322E+03     0.219993E+03     0.219456E+03     0.219055E+03     0.218612E+03     0.218149E+03     0.217576E+03     0.217342E+03     0.216381E+03     0.215772E+03     0.215333E+03     0.214458E+03     0.214130E+03     0.213389E+03     0.212952E+03     0.211915E+03     0.211265E+03     0.210244E+03     0.208829E+03     0.208313E+03     0.206909E+03     0.205959E+03     0.204383E+03     0.203612E+03     0.202930E+03     0.201130E+03     0.200309E+03     0.199057E+03     0.197812E+03     0.196374E+03     0.195820E+03     0.193694E+03     0.192548E+03     0.191970E+03     0.190782E+03     0.190333E+03     0.190015E+03     0.189491E+03     0.188975E+03     0.188581E+03     0.188168E+03     0.188934E+03     0.188534E+03     0.187991E+03     0.188028E+03     0.187080E+03     0.186324E+03     0.186040E+03     0.184885E+03     0.184030E+03     0.183490E+03     0.183599E+03     0.183500E+03     0.183476E+03     0.184012E+03     0.183615E+03     0.183668E+03     0.183623E+03     0.183472E+03     0.182977E+03     0.182811E+03     0.182321E+03     0.181795E+03     0.181671E+03     0.180480E+03     0.180349E+03     0.180073E+03     0.179926E+03     0.179678E+03     0.181186E+03     0.181080E+03     0.181342E+03     0.182032E+03     0.181752E+03     0.181203E+03     0.180803E+03     0.179975E+03     0.178934E+03     0.178751E+03     0.178353E+03     0.177962E+03     0.177888E+03     0.178950E+03     0.178803E+03     0.179329E+03     0.179821E+03     0.179767E+03     0.179884E+03     0.179826E+03     0.179744E+03     0.179677E+03     0.179636E+03     0.179576E+03     0.179541E+03     0.179472E+03     0.179444E+03     0.179374E+03     0.100000E+21
 0.620000E+03     0.229897E+03     0.229896E+03     0.229634E+03     0.229661E+03     0.229329E+03     0.229321E+03     0.229100E+03     0.228872E+03     0.228556E+03     0.228136E+03     0.227734E+03     0.227272E+03     0.227035E+03     0.226096E+03     0.225738E+03     0.225155E+03     0.224377E+03     0.224123E+03     0.223501E+03     0.223216E+03     0.222769E+03     0.222455E+03     0.221910E+03     0.221780E+03     0.221573E+03     0.221133E+03     0.220953E+03     0.220577E+03     0.220253E+03     0.219925E+03     0.219403E+03     0.218817E+03     0.218420E+03     0.217752E+03     0.217115E+03     0.216862E+03     0.215786E+03     0.215278E+03     0.214741E+03     0.213871E+03     0.213519E+03     0.212810E+03     0.212276E+03     0.211456E+03     0.210870E+03     0.209911E+03     0.209196E+03     0.208611E+03     0.207582E+03     0.207146E+03     0.205759E+03     0.205225E+03     0.204672E+03     0.202957E+03     0.201636E+03     0.200484E+03     0.198377E+03     0.196743E+03     0.196128E+03     0.193256E+03     0.192267E+03     0.191374E+03     0.190047E+03     0.189576E+03     0.188828E+03     0.188164E+03     0.187647E+03     0.187385E+03     0.186928E+03     0.188015E+03     0.187548E+03     0.186965E+03     0.187371E+03     0.186511E+03     0.185830E+03     0.185519E+03     0.184637E+03     0.183663E+03     0.183154E+03     0.183758E+03     0.183713E+03     0.183596E+03     0.184152E+03     0.183799E+03     0.183781E+03     0.183681E+03     0.183520E+03     0.183213E+03     0.182998E+03     0.182656E+03     0.182219E+03     0.182085E+03     0.181150E+03     0.180992E+03     0.180721E+03     0.180429E+03     0.180199E+03     0.181570E+03     0.181451E+03     0.181499E+03     0.182600E+03     0.182359E+03     0.181367E+03     0.181067E+03     0.180345E+03     0.178903E+03     0.178735E+03     0.178084E+03     0.177629E+03     0.177547E+03     0.178690E+03     0.178564E+03     0.179116E+03     0.179736E+03     0.179678E+03     0.179885E+03     0.179813E+03     0.179737E+03     0.179682E+03     0.179636E+03     0.179576E+03     0.179535E+03     0.179472E+03     0.179438E+03     0.179375E+03     0.100000E+21
 0.640000E+03     0.229742E+03     0.229902E+03     0.229638E+03     0.229661E+03     0.229309E+03     0.229291E+03     0.229100E+03     0.228890E+03     0.228556E+03     0.228087E+03     0.227736E+03     0.227272E+03     0.227045E+03     0.226096E+03     0.225801E+03     0.225127E+03     0.224361E+03     0.224123E+03     0.223501E+03     0.223249E+03     0.222754E+03     0.222482E+03     0.221902E+03     0.221780E+03     0.221588E+03     0.221101E+03     0.220953E+03     0.220562E+03     0.220278E+03     0.219925E+03     0.219346E+03     0.218817E+03     0.218385E+03     0.217783E+03     0.217115E+03     0.216876E+03     0.215786E+03     0.215196E+03     0.214733E+03     0.213854E+03     0.213519E+03     0.212810E+03     0.212350E+03     0.211443E+03     0.210915E+03     0.209911E+03     0.209196E+03     0.208662E+03     0.207636E+03     0.207253E+03     0.205722E+03     0.205211E+03     0.204700E+03     0.202796E+03     0.201636E+03     0.200410E+03     0.198556E+03     0.196743E+03     0.196171E+03     0.193256E+03     0.192143E+03     0.191373E+03     0.190031E+03     0.189576E+03     0.188828E+03     0.188274E+03     0.187738E+03     0.187353E+03     0.186928E+03     0.188015E+03     0.187597E+03     0.187164E+03     0.187422E+03     0.186496E+03     0.185830E+03     0.185538E+03     0.184483E+03     0.183663E+03     0.183131E+03     0.183603E+03     0.183713E+03     0.183644E+03     0.184152E+03     0.183765E+03     0.183769E+03     0.183681E+03     0.183528E+03     0.183213E+03     0.183037E+03     0.182643E+03     0.182212E+03     0.182085E+03     0.181150E+03     0.181012E+03     0.180688E+03     0.180442E+03     0.180199E+03     0.181570E+03     0.181461E+03     0.181748E+03     0.182623E+03     0.182352E+03     0.181565E+03     0.181071E+03     0.180188E+03     0.178903E+03     0.178723E+03     0.178140E+03     0.177629E+03     0.177552E+03     0.178690E+03     0.178547E+03     0.179143E+03     0.179733E+03     0.179678E+03     0.179885E+03     0.179824E+03     0.179743E+03     0.179678E+03     0.179636E+03     0.179576E+03     0.179539E+03     0.179472E+03     0.179442E+03     0.179374E+03     0.100000E+21
 0.660000E+03     0.229899E+03     0.229958E+03     0.229669E+03     0.229676E+03     0.229356E+03     0.229326E+03     0.229087E+03     0.228863E+03     0.228515E+03     0.228096E+03     0.227671E+03     0.227175E+03     0.226942E+03     0.226046E+03     0.225715E+03     0.225129E+03     0.224371E+03     0.224118E+03     0.223516E+03     0.223234E+03     0.222771E+03     0.222446E+03     0.221895E+03     0.221743E+03     0.221503E+03     0.221076E+03     0.220888E+03     0.220458E+03     0.220177E+03     0.219763E+03     0.219265E+03     0.218730E+03     0.218305E+03     0.217621E+03     0.216925E+03     0.216686E+03     0.215637E+03     0.215193E+03     0.214574E+03     0.213633E+03     0.213272E+03     0.212587E+03     0.212106E+03     0.211296E+03     0.210640E+03     0.209627E+03     0.209137E+03     0.208532E+03     0.207594E+03     0.207263E+03     0.205926E+03     0.205340E+03     0.205011E+03     0.203163E+03     0.201740E+03     0.200668E+03     0.198487E+03     0.196818E+03     0.196201E+03     0.193242E+03     0.192249E+03     0.191328E+03     0.189944E+03     0.189476E+03     0.188610E+03     0.188038E+03     0.187444E+03     0.187065E+03     0.186571E+03     0.187856E+03     0.187374E+03     0.186911E+03     0.187313E+03     0.186425E+03     0.185807E+03     0.185473E+03     0.184592E+03     0.183631E+03     0.183090E+03     0.183707E+03     0.183632E+03     0.183565E+03     0.184159E+03     0.183804E+03     0.183782E+03     0.183672E+03     0.183513E+03     0.183202E+03     0.182995E+03     0.182696E+03     0.182346E+03     0.182222E+03     0.181339E+03     0.181162E+03     0.180844E+03     0.180625E+03     0.180443E+03     0.181676E+03     0.181632E+03     0.181653E+03     0.182818E+03     0.182721E+03     0.181537E+03     0.181353E+03     0.180512E+03     0.178975E+03     0.178849E+03     0.178134E+03     0.177615E+03     0.177535E+03     0.178592E+03     0.178505E+03     0.179039E+03     0.179674E+03     0.179616E+03     0.179876E+03     0.179807E+03     0.179733E+03     0.179682E+03     0.179636E+03     0.179576E+03     0.179536E+03     0.179472E+03     0.179438E+03     0.179375E+03     0.100000E+21
 0.680000E+03     0.230023E+03     0.230064E+03     0.229784E+03     0.229755E+03     0.229421E+03     0.229325E+03     0.229067E+03     0.228840E+03     0.228378E+03     0.227954E+03     0.227518E+03     0.227023E+03     0.226787E+03     0.225924E+03     0.225571E+03     0.225041E+03     0.224363E+03     0.224111E+03     0.223558E+03     0.223276E+03     0.222807E+03     0.222421E+03     0.221873E+03     0.221572E+03     0.221368E+03     0.220895E+03     0.220604E+03     0.220226E+03     0.219851E+03     0.219505E+03     0.218969E+03     0.218366E+03     0.217967E+03     0.217282E+03     0.216630E+03     0.216379E+03     0.215253E+03     0.214739E+03     0.214166E+03     0.213238E+03     0.212888E+03     0.212041E+03     0.211513E+03     0.210697E+03     0.210144E+03     0.209180E+03     0.208932E+03     0.208353E+03     0.207451E+03     0.207632E+03     0.206234E+03     0.206043E+03     0.205570E+03     0.203779E+03     0.202292E+03     0.201133E+03     0.198732E+03     0.196936E+03     0.196326E+03     0.193202E+03     0.192205E+03     0.191219E+03     0.189784E+03     0.189316E+03     0.188088E+03     0.187432E+03     0.186855E+03     0.186472E+03     0.186019E+03     0.187401E+03     0.186939E+03     0.186435E+03     0.187151E+03     0.186286E+03     0.185693E+03     0.185386E+03     0.184480E+03     0.183472E+03     0.182961E+03     0.183547E+03     0.183504E+03     0.183463E+03     0.184185E+03     0.183830E+03     0.183783E+03     0.183659E+03     0.183499E+03     0.183172E+03     0.182960E+03     0.182768E+03     0.182567E+03     0.182434E+03     0.181822E+03     0.181666E+03     0.181383E+03     0.181064E+03     0.180832E+03     0.182102E+03     0.181984E+03     0.182142E+03     0.183643E+03     0.183401E+03     0.182190E+03     0.181819E+03     0.180995E+03     0.179326E+03     0.179157E+03     0.178221E+03     0.177593E+03     0.177513E+03     0.178325E+03     0.178198E+03     0.178845E+03     0.179574E+03     0.179517E+03     0.179854E+03     0.179783E+03     0.179715E+03     0.179682E+03     0.179636E+03     0.179576E+03     0.179536E+03     0.179472E+03     0.179438E+03     0.179375E+03     0.100000E+21
 0.700000E+03     0.229849E+03     0.230070E+03     0.229780E+03     0.229755E+03     0.229403E+03     0.229309E+03     0.229067E+03     0.228856E+03     0.228378E+03     0.227908E+03     0.227521E+03     0.227023E+03     0.226795E+03     0.225924E+03     0.225630E+03     0.225024E+03     0.224350E+03     0.224111E+03     0.223558E+03     0.223306E+03     0.222777E+03     0.222446E+03     0.221867E+03     0.221572E+03     0.221380E+03     0.220845E+03     0.220604E+03     0.220212E+03     0.219885E+03     0.219505E+03     0.218915E+03     0.218366E+03     0.217934E+03     0.217313E+03     0.216630E+03     0.216391E+03     0.215253E+03     0.214663E+03     0.214155E+03     0.213223E+03     0.212888E+03     0.212041E+03     0.211582E+03     0.210689E+03     0.210184E+03     0.209180E+03     0.208932E+03     0.208398E+03     0.207631E+03     0.207733E+03     0.206203E+03     0.205955E+03     0.205592E+03     0.203608E+03     0.202292E+03     0.201066E+03     0.198944E+03     0.196936E+03     0.196364E+03     0.193202E+03     0.192089E+03     0.191217E+03     0.189770E+03     0.189316E+03     0.188088E+03     0.187534E+03     0.186928E+03     0.186444E+03     0.186019E+03     0.187401E+03     0.186983E+03     0.186691E+03     0.187199E+03     0.186274E+03     0.185693E+03     0.185402E+03     0.184329E+03     0.183472E+03     0.182941E+03     0.183401E+03     0.183504E+03     0.183519E+03     0.184185E+03     0.183799E+03     0.183774E+03     0.183659E+03     0.183506E+03     0.183172E+03     0.182996E+03     0.182776E+03     0.182560E+03     0.182434E+03     0.181822E+03     0.181684E+03     0.181345E+03     0.181076E+03     0.180832E+03     0.182102E+03     0.181992E+03     0.182455E+03     0.183665E+03     0.183394E+03     0.182424E+03     0.181822E+03     0.180827E+03     0.179326E+03     0.179146E+03     0.178305E+03     0.177593E+03     0.177517E+03     0.178325E+03     0.178182E+03     0.178876E+03     0.179572E+03     0.179517E+03     0.179854E+03     0.179793E+03     0.179724E+03     0.179678E+03     0.179636E+03     0.179576E+03     0.179539E+03     0.179472E+03     0.179442E+03     0.179374E+03     0.100000E+21
 0.720000E+03     0.230131E+03     0.230136E+03     0.229859E+03     0.229779E+03     0.229442E+03     0.229270E+03     0.229002E+03     0.228768E+03     0.228199E+03     0.227769E+03     0.227350E+03     0.226871E+03     0.226632E+03     0.225842E+03     0.225464E+03     0.224990E+03     0.224388E+03     0.224132E+03     0.223573E+03     0.223288E+03     0.222804E+03     0.222283E+03     0.221756E+03     0.221176E+03     0.221061E+03     0.220498E+03     0.220061E+03     0.219799E+03     0.219325E+03     0.219112E+03     0.218557E+03     0.217972E+03     0.217610E+03     0.217024E+03     0.216454E+03     0.216192E+03     0.215086E+03     0.214537E+03     0.213953E+03     0.212989E+03     0.212644E+03     0.211545E+03     0.210954E+03     0.210101E+03     0.209518E+03     0.208621E+03     0.208306E+03     0.207811E+03     0.206785E+03     0.207297E+03     0.205970E+03     0.205866E+03     0.205450E+03     0.203657E+03     0.202138E+03     0.201015E+03     0.198521E+03     0.196743E+03     0.196114E+03     0.192875E+03     0.191845E+03     0.190999E+03     0.189670E+03     0.189199E+03     0.188098E+03     0.187436E+03     0.186833E+03     0.186388E+03     0.185937E+03     0.187418E+03     0.186951E+03     0.186431E+03     0.187152E+03     0.186292E+03     0.185580E+03     0.185300E+03     0.184336E+03     0.183007E+03     0.182600E+03     0.183290E+03     0.183333E+03     0.183312E+03     0.184190E+03     0.183836E+03     0.183800E+03     0.183681E+03     0.183521E+03     0.183166E+03     0.182948E+03     0.182834E+03     0.182740E+03     0.182599E+03     0.182121E+03     0.181982E+03     0.181730E+03     0.181338E+03     0.181076E+03     0.182494E+03     0.182301E+03     0.182572E+03     0.184406E+03     0.184016E+03     0.182889E+03     0.182330E+03     0.181554E+03     0.179782E+03     0.179548E+03     0.178481E+03     0.177761E+03     0.177689E+03     0.178193E+03     0.178042E+03     0.178750E+03     0.179526E+03     0.179470E+03     0.179848E+03     0.179774E+03     0.179709E+03     0.179682E+03     0.179636E+03     0.179576E+03     0.179535E+03     0.179472E+03     0.179438E+03     0.179375E+03     0.100000E+21
 0.740000E+03     0.229885E+03     0.230194E+03     0.229866E+03     0.229784E+03     0.229425E+03     0.229254E+03     0.228955E+03     0.228751E+03     0.228135E+03     0.227651E+03     0.227270E+03     0.226762E+03     0.226538E+03     0.225801E+03     0.225522E+03     0.224967E+03     0.224379E+03     0.224147E+03     0.223579E+03     0.223338E+03     0.222701E+03     0.222255E+03     0.221663E+03     0.221080E+03     0.220894E+03     0.220267E+03     0.219923E+03     0.219526E+03     0.219218E+03     0.218832E+03     0.218286E+03     0.217867E+03     0.217424E+03     0.216927E+03     0.216324E+03     0.216090E+03     0.215008E+03     0.214399E+03     0.213822E+03     0.212794E+03     0.212465E+03     0.211301E+03     0.210864E+03     0.209853E+03     0.209238E+03     0.208217E+03     0.208098E+03     0.207583E+03     0.206991E+03     0.207321E+03     0.205745E+03     0.205640E+03     0.205408E+03     0.203355E+03     0.202108E+03     0.200857E+03     0.198742E+03     0.196602E+03     0.196047E+03     0.192745E+03     0.191599E+03     0.190888E+03     0.189565E+03     0.189117E+03     0.188103E+03     0.187578E+03     0.186895E+03     0.186289E+03     0.185877E+03     0.187425E+03     0.187025E+03     0.186763E+03     0.187222E+03     0.186273E+03     0.185557E+03     0.185273E+03     0.183983E+03     0.182907E+03     0.182366E+03     0.182952E+03     0.183209E+03     0.183359E+03     0.184191E+03     0.183794E+03     0.183793E+03     0.183697E+03     0.183547E+03     0.183162E+03     0.182996E+03     0.182906E+03     0.182844E+03     0.182720E+03     0.182262E+03     0.182131E+03     0.181767E+03     0.181498E+03     0.181250E+03     0.182606E+03     0.182501E+03     0.183228E+03     0.184664E+03     0.184384E+03     0.183399E+03     0.182694E+03     0.181517E+03     0.179884E+03     0.179700E+03     0.178745E+03     0.177884E+03     0.177810E+03     0.178136E+03     0.177989E+03     0.178749E+03     0.179489E+03     0.179435E+03     0.179844E+03     0.179786E+03     0.179721E+03     0.179677E+03     0.179636E+03     0.179576E+03     0.179541E+03     0.179472E+03     0.179444E+03     0.179374E+03     0.100000E+21
 0.760000E+03     0.229982E+03     0.230194E+03     0.229867E+03     0.229762E+03     0.229413E+03     0.229213E+03     0.228876E+03     0.228667E+03     0.228053E+03     0.227599E+03     0.227186E+03     0.226668E+03     0.226439E+03     0.225774E+03     0.225464E+03     0.224958E+03     0.224394E+03     0.224150E+03     0.223546E+03     0.223280E+03     0.222669E+03     0.222106E+03     0.221516E+03     0.220892E+03     0.220637E+03     0.220102E+03     0.219699E+03     0.219257E+03     0.218996E+03     0.218575E+03     0.218145E+03     0.217774E+03     0.217346E+03     0.216861E+03     0.216322E+03     0.216077E+03     0.215038E+03     0.214468E+03     0.213840E+03     0.212783E+03     0.212441E+03     0.211184E+03     0.210704E+03     0.209730E+03     0.208979E+03     0.207961E+03     0.207866E+03     0.207266E+03     0.206623E+03     0.206978E+03     0.205429E+03     0.205430E+03     0.204986E+03     0.203158E+03     0.201838E+03     0.200589E+03     0.198319E+03     0.196252E+03     0.195695E+03     0.192535E+03     0.191469E+03     0.190721E+03     0.189437E+03     0.188977E+03     0.188128E+03     0.187539E+03     0.186889E+03     0.186361E+03     0.185929E+03     0.187455E+03     0.187022E+03     0.186634E+03     0.187129E+03     0.186215E+03     0.185463E+03     0.185133E+03     0.184055E+03     0.182900E+03     0.182375E+03     0.183057E+03     0.183219E+03     0.183301E+03     0.184186E+03     0.183811E+03     0.183785E+03     0.183666E+03     0.183511E+03     0.183210E+03     0.183018E+03     0.182937E+03     0.182908E+03     0.182783E+03     0.182298E+03     0.182154E+03     0.181814E+03     0.181507E+03     0.181271E+03     0.182700E+03     0.182611E+03     0.183175E+03     0.184911E+03     0.184715E+03     0.183529E+03     0.183064E+03     0.181938E+03     0.180065E+03     0.179916E+03     0.178926E+03     0.178274E+03     0.178169E+03     0.178348E+03     0.178194E+03     0.178878E+03     0.179594E+03     0.179540E+03     0.179872E+03     0.179806E+03     0.179729E+03     0.179680E+03     0.179636E+03     0.179576E+03     0.179538E+03     0.179472E+03     0.179441E+03     0.179374E+03     0.100000E+21
 0.780000E+03     0.230179E+03     0.230198E+03     0.229876E+03     0.229701E+03     0.229369E+03     0.229085E+03     0.228746E+03     0.228517E+03     0.227840E+03     0.227421E+03     0.226994E+03     0.226512E+03     0.226274E+03     0.225710E+03     0.225347E+03     0.224918E+03     0.224408E+03     0.224154E+03     0.223464E+03     0.223178E+03     0.222635E+03     0.221804E+03     0.221260E+03     0.220372E+03     0.220166E+03     0.219642E+03     0.219096E+03     0.218721E+03     0.218454E+03     0.218143E+03     0.217755E+03     0.217521E+03     0.217125E+03     0.216752E+03     0.216319E+03     0.216065E+03     0.215111E+03     0.214610E+03     0.213878E+03     0.212753E+03     0.212401E+03     0.210905E+03     0.210368E+03     0.209440E+03     0.208495E+03     0.207537E+03     0.207256E+03     0.206671E+03     0.205779E+03     0.206207E+03     0.204825E+03     0.204747E+03     0.204268E+03     0.202522E+03     0.201086E+03     0.199935E+03     0.197476E+03     0.195679E+03     0.195064E+03     0.192003E+03     0.191022E+03     0.190328E+03     0.189213E+03     0.188742E+03     0.188189E+03     0.187519E+03     0.186917E+03     0.186473E+03     0.186015E+03     0.187529E+03     0.187062E+03     0.186468E+03     0.186962E+03     0.186104E+03     0.185203E+03     0.184892E+03     0.183984E+03     0.182881E+03     0.182373E+03     0.183211E+03     0.183236E+03     0.183259E+03     0.184173E+03     0.183822E+03     0.183754E+03     0.183615E+03     0.183454E+03     0.183324E+03     0.183105E+03     0.183036E+03     0.183019E+03     0.182885E+03     0.182384E+03     0.182226E+03     0.181933E+03     0.181537E+03     0.181307E+03     0.182951E+03     0.182833E+03     0.183126E+03     0.185569E+03     0.185330E+03     0.184039E+03     0.183695E+03     0.182724E+03     0.180566E+03     0.180399E+03     0.179505E+03     0.178911E+03     0.178830E+03     0.178874E+03     0.178750E+03     0.179231E+03     0.179772E+03     0.179715E+03     0.179937E+03     0.179865E+03     0.179774E+03     0.179682E+03     0.179636E+03     0.179576E+03     0.179535E+03     0.179472E+03     0.179437E+03     0.179375E+03     0.100000E+21
 0.800000E+03     0.230033E+03     0.230202E+03     0.229864E+03     0.229701E+03     0.229360E+03     0.229091E+03     0.228746E+03     0.228525E+03     0.227840E+03     0.227395E+03     0.226995E+03     0.226512E+03     0.226279E+03     0.225710E+03     0.225385E+03     0.224919E+03     0.224400E+03     0.224154E+03     0.223464E+03     0.223193E+03     0.222552E+03     0.221817E+03     0.221257E+03     0.220372E+03     0.220172E+03     0.219591E+03     0.219096E+03     0.218714E+03     0.218461E+03     0.218143E+03     0.217745E+03     0.217521E+03     0.217108E+03     0.216755E+03     0.216319E+03     0.216072E+03     0.215111E+03     0.214559E+03     0.213868E+03     0.212744E+03     0.212401E+03     0.210905E+03     0.210405E+03     0.209397E+03     0.208516E+03     0.207537E+03     0.207256E+03     0.206694E+03     0.205932E+03     0.206260E+03     0.204807E+03     0.204669E+03     0.204282E+03     0.202442E+03     0.201086E+03     0.199901E+03     0.197578E+03     0.195679E+03     0.195085E+03     0.192003E+03     0.190952E+03     0.190328E+03     0.189204E+03     0.188742E+03     0.188189E+03     0.187581E+03     0.186948E+03     0.186457E+03     0.186015E+03     0.187529E+03     0.187084E+03     0.186611E+03     0.186986E+03     0.186097E+03     0.185203E+03     0.184901E+03     0.183898E+03     0.182881E+03     0.182362E+03     0.183110E+03     0.183236E+03     0.183296E+03     0.184173E+03     0.183805E+03     0.183750E+03     0.183615E+03     0.183458E+03     0.183324E+03     0.183129E+03     0.183046E+03     0.183015E+03     0.182885E+03     0.182384E+03     0.182236E+03     0.181901E+03     0.181543E+03     0.181307E+03     0.182951E+03     0.182837E+03     0.183422E+03     0.185581E+03     0.185326E+03     0.184197E+03     0.183697E+03     0.182620E+03     0.180566E+03     0.180394E+03     0.179540E+03     0.178911E+03     0.178832E+03     0.178874E+03     0.178740E+03     0.179241E+03     0.179771E+03     0.179715E+03     0.179937E+03     0.179870E+03     0.179774E+03     0.179680E+03     0.179636E+03     0.179576E+03     0.179537E+03     0.179472E+03     0.179440E+03     0.179375E+03     0.100000E+21
 0.820000E+03     0.229958E+03     0.230139E+03     0.229785E+03     0.229576E+03     0.229249E+03     0.228932E+03     0.228586E+03     0.228353E+03     0.227641E+03     0.227193E+03     0.226832E+03     0.226384E+03     0.226146E+03     0.225652E+03     0.225323E+03     0.224861E+03     0.224352E+03     0.224101E+03     0.223287E+03     0.223013E+03     0.222307E+03     0.221479E+03     0.220948E+03     0.219911E+03     0.219754E+03     0.219135E+03     0.218665E+03     0.218326E+03     0.218152E+03     0.217911E+03     0.217560E+03     0.217497E+03     0.217088E+03     0.216849E+03     0.216478E+03     0.216229E+03     0.215345E+03     0.214809E+03     0.214057E+03     0.212880E+03     0.212528E+03     0.210961E+03     0.210462E+03     0.209432E+03     0.208514E+03     0.207544E+03     0.207146E+03     0.206580E+03     0.205770E+03     0.205854E+03     0.204447E+03     0.204018E+03     0.203649E+03     0.201779E+03     0.200386E+03     0.199258E+03     0.197119E+03     0.195331E+03     0.194709E+03     0.191952E+03     0.190898E+03     0.190359E+03     0.189317E+03     0.188847E+03     0.188241E+03     0.187638E+03     0.186986E+03     0.186453E+03     0.186002E+03     0.187423E+03     0.186973E+03     0.186504E+03     0.186807E+03     0.185940E+03     0.185206E+03     0.184897E+03     0.183985E+03     0.183272E+03     0.182725E+03     0.183345E+03     0.183417E+03     0.183360E+03     0.183947E+03     0.183580E+03     0.183521E+03     0.183396E+03     0.183232E+03     0.183245E+03     0.183044E+03     0.182950E+03     0.182899E+03     0.182769E+03     0.182068E+03     0.181911E+03     0.181586E+03     0.181310E+03     0.181090E+03     0.182941E+03     0.182826E+03     0.183514E+03     0.185815E+03     0.185540E+03     0.184577E+03     0.184038E+03     0.182976E+03     0.180816E+03     0.180632E+03     0.179915E+03     0.179316E+03     0.179247E+03     0.179238E+03     0.179127E+03     0.179463E+03     0.179827E+03     0.179770E+03     0.179952E+03     0.179886E+03     0.179785E+03     0.179681E+03     0.179636E+03     0.179576E+03     0.179536E+03     0.179472E+03     0.179440E+03     0.179375E+03     0.100000E+21
 0.840000E+03     0.229816E+03     0.230097E+03     0.229696E+03     0.229500E+03     0.229139E+03     0.228846E+03     0.228448E+03     0.228246E+03     0.227510E+03     0.227022E+03     0.226714E+03     0.226273E+03     0.226050E+03     0.225609E+03     0.225335E+03     0.224821E+03     0.224286E+03     0.224056E+03     0.223164E+03     0.222926E+03     0.222042E+03     0.221268E+03     0.220672E+03     0.219626E+03     0.219441E+03     0.218779E+03     0.218397E+03     0.217998E+03     0.217925E+03     0.217711E+03     0.217438E+03     0.217482E+03     0.217036E+03     0.216902E+03     0.216617E+03     0.216384E+03     0.215511E+03     0.214896E+03     0.214166E+03     0.212964E+03     0.212638E+03     0.211002E+03     0.210572E+03     0.209393E+03     0.208577E+03     0.207551E+03     0.207074E+03     0.206565E+03     0.205733E+03     0.205680E+03     0.204090E+03     0.203632E+03     0.203164E+03     0.201127E+03     0.199961E+03     0.198701E+03     0.196925E+03     0.195027E+03     0.194478E+03     0.191918E+03     0.190763E+03     0.190383E+03     0.189384E+03     0.188937E+03     0.188279E+03     0.187763E+03     0.187047E+03     0.186398E+03     0.185990E+03     0.187350E+03     0.186955E+03     0.186532E+03     0.186737E+03     0.185782E+03     0.185208E+03     0.184926E+03     0.183986E+03     0.183512E+03     0.182969E+03     0.183409E+03     0.183574E+03     0.183449E+03     0.183801E+03     0.183402E+03     0.183350E+03     0.183206E+03     0.183056E+03     0.183188E+03     0.183024E+03     0.182897E+03     0.182790E+03     0.182667E+03     0.181843E+03     0.181713E+03     0.181377E+03     0.181154E+03     0.180904E+03     0.182935E+03     0.182831E+03     0.183974E+03     0.185982E+03     0.185699E+03     0.184918E+03     0.184334E+03     0.182924E+03     0.180969E+03     0.180784E+03     0.180214E+03     0.179669E+03     0.179595E+03     0.179491E+03     0.179343E+03     0.179633E+03     0.179871E+03     0.179817E+03     0.179963E+03     0.179905E+03     0.179788E+03     0.179677E+03     0.179636E+03     0.179576E+03     0.179541E+03     0.179472E+03     0.179444E+03     0.179373E+03     0.100000E+21
 0.860000E+03     0.229848E+03     0.230095E+03     0.229705E+03     0.229500E+03     0.229145E+03     0.228841E+03     0.228448E+03     0.228240E+03     0.227510E+03     0.227034E+03     0.226714E+03     0.226273E+03     0.226047E+03     0.225609E+03     0.225322E+03     0.224821E+03     0.224291E+03     0.224056E+03     0.223164E+03     0.222916E+03     0.222073E+03     0.221260E+03     0.220675E+03     0.219626E+03     0.219436E+03     0.218799E+03     0.218397E+03     0.218004E+03     0.217931E+03     0.217711E+03     0.217436E+03     0.217482E+03     0.217045E+03     0.216904E+03     0.216617E+03     0.216380E+03     0.215511E+03     0.214912E+03     0.214174E+03     0.212970E+03     0.212638E+03     0.211002E+03     0.210552E+03     0.209411E+03     0.208562E+03     0.207551E+03     0.207074E+03     0.206548E+03     0.205706E+03     0.205653E+03     0.204103E+03     0.203637E+03     0.203155E+03     0.201178E+03     0.199961E+03     0.198724E+03     0.196881E+03     0.195027E+03     0.194463E+03     0.191918E+03     0.190791E+03     0.190383E+03     0.189389E+03     0.188937E+03     0.188279E+03     0.187738E+03     0.187035E+03     0.186409E+03     0.185990E+03     0.187350E+03     0.186940E+03     0.186501E+03     0.186722E+03     0.185787E+03     0.185208E+03     0.184920E+03     0.184010E+03     0.183512E+03     0.182976E+03     0.183442E+03     0.183574E+03     0.183437E+03     0.183801E+03     0.183411E+03     0.183352E+03     0.183206E+03     0.183054E+03     0.183188E+03     0.183016E+03     0.182892E+03     0.182793E+03     0.182667E+03     0.181843E+03     0.181708E+03     0.181382E+03     0.181150E+03     0.180904E+03     0.182935E+03     0.182828E+03     0.183858E+03     0.185977E+03     0.185702E+03     0.184880E+03     0.184333E+03     0.183002E+03     0.180969E+03     0.180788E+03     0.180199E+03     0.179669E+03     0.179593E+03     0.179491E+03     0.179347E+03     0.179629E+03     0.179872E+03     0.179817E+03     0.179963E+03     0.179903E+03     0.179789E+03     0.179678E+03     0.179636E+03     0.179576E+03     0.179540E+03     0.179472E+03     0.179443E+03     0.179374E+03     0.100000E+21
 0.880000E+03     0.229789E+03     0.229883E+03     0.229502E+03     0.229217E+03     0.228880E+03     0.228503E+03     0.228100E+03     0.227874E+03     0.227173E+03     0.226731E+03     0.226429E+03     0.226037E+03     0.225800E+03     0.225454E+03     0.225129E+03     0.224636E+03     0.224080E+03     0.223827E+03     0.222741E+03     0.222467E+03     0.221694E+03     0.220666E+03     0.220112E+03     0.219081E+03     0.218876E+03     0.218366E+03     0.218063E+03     0.217685E+03     0.217826E+03     0.217690E+03     0.217500E+03     0.217766E+03     0.217357E+03     0.217307E+03     0.217099E+03     0.216847E+03     0.215988E+03     0.215437E+03     0.214620E+03     0.213351E+03     0.213000E+03     0.211446E+03     0.210941E+03     0.209971E+03     0.209168E+03     0.208199E+03     0.207667E+03     0.207093E+03     0.206064E+03     0.205587E+03     0.204147E+03     0.203159E+03     0.202435E+03     0.200596E+03     0.199164E+03     0.197992E+03     0.196196E+03     0.194596E+03     0.193987E+03     0.191917E+03     0.190869E+03     0.190398E+03     0.189442E+03     0.188972E+03     0.188271E+03     0.187659E+03     0.187035E+03     0.186551E+03     0.186099E+03     0.187332E+03     0.186879E+03     0.186463E+03     0.186900E+03     0.186022E+03     0.185360E+03     0.185052E+03     0.184228E+03     0.183672E+03     0.183159E+03     0.183398E+03     0.183296E+03     0.183110E+03     0.183473E+03     0.183106E+03     0.183202E+03     0.183194E+03     0.183033E+03     0.183087E+03     0.182893E+03     0.182649E+03     0.182391E+03     0.182258E+03     0.181283E+03     0.181133E+03     0.180884E+03     0.180724E+03     0.180490E+03     0.182601E+03     0.182484E+03     0.183186E+03     0.185562E+03     0.185308E+03     0.184711E+03     0.184410E+03     0.183259E+03     0.180920E+03     0.180749E+03     0.180172E+03     0.179721E+03     0.179640E+03     0.179710E+03     0.179575E+03     0.179714E+03     0.179831E+03     0.179773E+03     0.179967E+03     0.179900E+03     0.179794E+03     0.179681E+03     0.179636E+03     0.179576E+03     0.179536E+03     0.179472E+03     0.179439E+03     0.179375E+03     0.100000E+21
 0.900000E+03     0.229940E+03     0.229883E+03     0.229525E+03     0.229217E+03     0.228885E+03     0.228481E+03     0.228100E+03     0.227872E+03     0.227173E+03     0.226759E+03     0.226429E+03     0.226037E+03     0.225802E+03     0.225454E+03     0.225083E+03     0.224638E+03     0.224080E+03     0.223827E+03     0.222741E+03     0.222455E+03     0.221888E+03     0.220656E+03     0.220112E+03     0.219081E+03     0.218876E+03     0.218409E+03     0.218063E+03     0.217687E+03     0.217890E+03     0.217690E+03     0.217493E+03     0.217766E+03     0.217372E+03     0.217319E+03     0.217099E+03     0.216848E+03     0.215988E+03     0.215502E+03     0.214644E+03     0.213350E+03     0.213000E+03     0.211446E+03     0.210904E+03     0.210021E+03     0.209159E+03     0.208199E+03     0.207667E+03     0.207084E+03     0.206029E+03     0.205520E+03     0.204147E+03     0.203052E+03     0.202438E+03     0.200679E+03     0.199164E+03     0.198014E+03     0.196084E+03     0.194596E+03     0.193985E+03     0.191917E+03     0.190949E+03     0.190397E+03     0.189440E+03     0.188972E+03     0.188271E+03     0.187588E+03     0.186987E+03     0.186553E+03     0.186099E+03     0.187332E+03     0.186864E+03     0.186229E+03     0.186877E+03     0.186020E+03     0.185360E+03     0.185052E+03     0.184287E+03     0.183672E+03     0.183163E+03     0.183477E+03     0.183296E+03     0.183104E+03     0.183473E+03     0.183123E+03     0.183213E+03     0.183194E+03     0.183034E+03     0.183087E+03     0.182862E+03     0.182646E+03     0.182391E+03     0.182258E+03     0.181283E+03     0.181124E+03     0.180890E+03     0.180721E+03     0.180490E+03     0.182601E+03     0.182483E+03     0.182736E+03     0.185545E+03     0.185309E+03     0.184598E+03     0.184410E+03     0.183356E+03     0.180920E+03     0.180753E+03     0.180136E+03     0.179721E+03     0.179640E+03     0.179710E+03     0.179588E+03     0.179708E+03     0.179830E+03     0.179773E+03     0.179967E+03     0.179893E+03     0.179796E+03     0.179682E+03     0.179636E+03     0.179576E+03     0.179535E+03     0.179472E+03     0.179437E+03     0.179375E+03     0.100000E+21
 0.920000E+03     0.229693E+03     0.229760E+03     0.229370E+03     0.229074E+03     0.228729E+03     0.228351E+03     0.227928E+03     0.227707E+03     0.227023E+03     0.226576E+03     0.226291E+03     0.225909E+03     0.225673E+03     0.225333E+03     0.225020E+03     0.224497E+03     0.223909E+03     0.223655E+03     0.222533E+03     0.222262E+03     0.221469E+03     0.220476E+03     0.219913E+03     0.218990E+03     0.218781E+03     0.218310E+03     0.218109E+03     0.217731E+03     0.217936E+03     0.217867E+03     0.217695E+03     0.217996E+03     0.217586E+03     0.217539E+03     0.217343E+03     0.217088E+03     0.216136E+03     0.215569E+03     0.214727E+03     0.213421E+03     0.213071E+03     0.211577E+03     0.211078E+03     0.210144E+03     0.209456E+03     0.208491E+03     0.207999E+03     0.207441E+03     0.206350E+03     0.205787E+03     0.204340E+03     0.203181E+03     0.202348E+03     0.200465E+03     0.199006E+03     0.197820E+03     0.196004E+03     0.194331E+03     0.193730E+03     0.191579E+03     0.190524E+03     0.189997E+03     0.188962E+03     0.188493E+03     0.188272E+03     0.187675E+03     0.187187E+03     0.186914E+03     0.186470E+03     0.187719E+03     0.187275E+03     0.186799E+03     0.187075E+03     0.186196E+03     0.185451E+03     0.185150E+03     0.184270E+03     0.183641E+03     0.183124E+03     0.183270E+03     0.183123E+03     0.182986E+03     0.183437E+03     0.183067E+03     0.183199E+03     0.183227E+03     0.183067E+03     0.183126E+03     0.182935E+03     0.182630E+03     0.182292E+03     0.182158E+03     0.181156E+03     0.181010E+03     0.180706E+03     0.180441E+03     0.180197E+03     0.182301E+03     0.182171E+03     0.182933E+03     0.185168E+03     0.184891E+03     0.184427E+03     0.184140E+03     0.183005E+03     0.180772E+03     0.180595E+03     0.180053E+03     0.179606E+03     0.179528E+03     0.179758E+03     0.179620E+03     0.179745E+03     0.179838E+03     0.179781E+03     0.179967E+03     0.179901E+03     0.179793E+03     0.179681E+03     0.179636E+03     0.179576E+03     0.179537E+03     0.179472E+03     0.179440E+03     0.179375E+03     0.100000E+21
 0.940000E+03     0.229550E+03     0.229635E+03     0.229186E+03     0.228898E+03     0.228540E+03     0.228185E+03     0.227745E+03     0.227540E+03     0.226844E+03     0.226362E+03     0.226132E+03     0.225772E+03     0.225548E+03     0.225194E+03     0.224913E+03     0.224330E+03     0.223704E+03     0.223471E+03     0.222290E+03     0.222048E+03     0.221138E+03     0.220280E+03     0.219689E+03     0.218879E+03     0.218692E+03     0.218234E+03     0.218164E+03     0.217767E+03     0.218032E+03     0.218055E+03     0.217946E+03     0.218276E+03     0.217834E+03     0.217798E+03     0.217601E+03     0.217366E+03     0.216307E+03     0.215699E+03     0.214829E+03     0.213476E+03     0.213147E+03     0.211727E+03     0.211288E+03     0.210347E+03     0.209822E+03     0.208803E+03     0.208397E+03     0.207879E+03     0.206693E+03     0.206081E+03     0.204509E+03     0.203274E+03     0.202286E+03     0.200175E+03     0.198811E+03     0.197563E+03     0.195852E+03     0.194049E+03     0.193492E+03     0.191182E+03     0.190039E+03     0.189537E+03     0.188431E+03     0.187981E+03     0.188275E+03     0.187747E+03     0.187424E+03     0.187278E+03     0.186865E+03     0.188174E+03     0.187772E+03     0.187247E+03     0.187313E+03     0.186367E+03     0.185563E+03     0.185279E+03     0.184253E+03     0.183602E+03     0.183063E+03     0.183096E+03     0.182939E+03     0.182892E+03     0.183394E+03     0.182999E+03     0.183185E+03     0.183263E+03     0.183112E+03     0.183171E+03     0.183003E+03     0.182602E+03     0.182176E+03     0.182053E+03     0.181010E+03     0.180878E+03     0.180469E+03     0.180131E+03     0.179883E+03     0.181938E+03     0.181832E+03     0.182818E+03     0.184703E+03     0.184424E+03     0.184099E+03     0.183856E+03     0.182519E+03     0.180591E+03     0.180408E+03     0.179935E+03     0.179485E+03     0.179410E+03     0.179814E+03     0.179668E+03     0.179784E+03     0.179843E+03     0.179789E+03     0.179967E+03     0.179909E+03     0.179791E+03     0.179677E+03     0.179636E+03     0.179576E+03     0.179541E+03     0.179472E+03     0.179444E+03     0.179374E+03     0.100000E+21
 0.960000E+03     0.229544E+03     0.229635E+03     0.229182E+03     0.228898E+03     0.228538E+03     0.228187E+03     0.227745E+03     0.227542E+03     0.226844E+03     0.226358E+03     0.226132E+03     0.225772E+03     0.225549E+03     0.225194E+03     0.224917E+03     0.224329E+03     0.223702E+03     0.223471E+03     0.222290E+03     0.222052E+03     0.221127E+03     0.220283E+03     0.219688E+03     0.218879E+03     0.218693E+03     0.218233E+03     0.218164E+03     0.217766E+03     0.218025E+03     0.218055E+03     0.217950E+03     0.218276E+03     0.217830E+03     0.217797E+03     0.217601E+03     0.217368E+03     0.216307E+03     0.215694E+03     0.214825E+03     0.213474E+03     0.213147E+03     0.211727E+03     0.211294E+03     0.210346E+03     0.209827E+03     0.208803E+03     0.208397E+03     0.207885E+03     0.206692E+03     0.206090E+03     0.204505E+03     0.203286E+03     0.202289E+03     0.200156E+03     0.198811E+03     0.197555E+03     0.195865E+03     0.194049E+03     0.193497E+03     0.191182E+03     0.190030E+03     0.189537E+03     0.188429E+03     0.187981E+03     0.188275E+03     0.187755E+03     0.187434E+03     0.187275E+03     0.186865E+03     0.188174E+03     0.187777E+03     0.187254E+03     0.187318E+03     0.186365E+03     0.185563E+03     0.185281E+03     0.184243E+03     0.183602E+03     0.183060E+03     0.183092E+03     0.182939E+03     0.182897E+03     0.183394E+03     0.182996E+03     0.183183E+03     0.183263E+03     0.183113E+03     0.183171E+03     0.183006E+03     0.182601E+03     0.182175E+03     0.182053E+03     0.181010E+03     0.180880E+03     0.180465E+03     0.180132E+03     0.179883E+03     0.181938E+03     0.181833E+03     0.182853E+03     0.184705E+03     0.184423E+03     0.184102E+03     0.183856E+03     0.182493E+03     0.180591E+03     0.180406E+03     0.179939E+03     0.179485E+03     0.179411E+03     0.179814E+03     0.179667E+03     0.179785E+03     0.179843E+03     0.179789E+03     0.179967E+03     0.179909E+03     0.179791E+03     0.179677E+03     0.179636E+03     0.179576E+03     0.179541E+03     0.179472E+03     0.179444E+03     0.179373E+03     0.100000E+21
 0.980000E+03     0.229404E+03     0.229357E+03     0.228940E+03     0.228587E+03     0.228249E+03     0.227849E+03     0.227424E+03     0.227199E+03     0.226545E+03     0.226096E+03     0.225833E+03     0.225473E+03     0.225237E+03     0.224828E+03     0.224511E+03     0.223943E+03     0.223290E+03     0.223039E+03     0.221898E+03     0.221627E+03     0.220894E+03     0.220054E+03     0.219497E+03     0.218979E+03     0.218775E+03     0.218430E+03     0.218560E+03     0.218180E+03     0.218595E+03     0.218620E+03     0.218476E+03     0.218843E+03     0.218430E+03     0.218284E+03     0.218004E+03     0.217753E+03     0.216428E+03     0.215866E+03     0.214896E+03     0.213438E+03     0.213088E+03     0.211797E+03     0.211302E+03     0.210542E+03     0.210181E+03     0.209208E+03     0.209072E+03     0.208502E+03     0.207361E+03     0.206627E+03     0.205170E+03     0.203612E+03     0.202601E+03     0.200614E+03     0.198911E+03     0.197731E+03     0.195460E+03     0.193505E+03     0.192900E+03     0.190526E+03     0.189462E+03     0.188985E+03     0.188003E+03     0.187534E+03     0.188543E+03     0.187946E+03     0.187954E+03     0.188471E+03     0.188021E+03     0.189416E+03     0.188968E+03     0.188271E+03     0.188003E+03     0.187117E+03     0.186235E+03     0.185928E+03     0.185093E+03     0.184558E+03     0.184043E+03     0.183726E+03     0.183338E+03     0.183196E+03     0.183647E+03     0.183276E+03     0.183516E+03     0.183633E+03     0.183472E+03     0.183431E+03     0.183242E+03     0.182733E+03     0.182124E+03     0.181992E+03     0.180604E+03     0.180457E+03     0.180046E+03     0.179575E+03     0.179340E+03     0.181350E+03     0.181234E+03     0.181841E+03     0.183713E+03     0.183455E+03     0.183246E+03     0.183105E+03     0.182074E+03     0.180120E+03     0.179948E+03     0.179511E+03     0.179142E+03     0.179062E+03     0.179630E+03     0.179493E+03     0.179675E+03     0.179834E+03     0.179777E+03     0.179933E+03     0.179867E+03     0.179772E+03     0.179681E+03     0.179636E+03     0.179576E+03     0.179537E+03     0.179472E+03     0.179440E+03     0.179375E+03     0.100000E+21
 0.100000E+04     0.229429E+03     0.229357E+03     0.228963E+03     0.228587E+03     0.228252E+03     0.227828E+03     0.227424E+03     0.227199E+03     0.226545E+03     0.226117E+03     0.225834E+03     0.225473E+03     0.225239E+03     0.224828E+03     0.224482E+03     0.223953E+03     0.223289E+03     0.223039E+03     0.221898E+03     0.221618E+03     0.220995E+03     0.220046E+03     0.219495E+03     0.218979E+03     0.218776E+03     0.218416E+03     0.218560E+03     0.218181E+03     0.218685E+03     0.218620E+03     0.218469E+03     0.218843E+03     0.218442E+03     0.218290E+03     0.218004E+03     0.217754E+03     0.216428E+03     0.215904E+03     0.214924E+03     0.213435E+03     0.213088E+03     0.211797E+03     0.211273E+03     0.210523E+03     0.210176E+03     0.209208E+03     0.209072E+03     0.208497E+03     0.207379E+03     0.206574E+03     0.205167E+03     0.203444E+03     0.202606E+03     0.200696E+03     0.198911E+03     0.197747E+03     0.195322E+03     0.193505E+03     0.192901E+03     0.190526E+03     0.189518E+03     0.188984E+03     0.188000E+03     0.187534E+03     0.188543E+03     0.187896E+03     0.187817E+03     0.188471E+03     0.188021E+03     0.189416E+03     0.188957E+03     0.188250E+03     0.187984E+03     0.187114E+03     0.186235E+03     0.185930E+03     0.185139E+03     0.184558E+03     0.184045E+03     0.183719E+03     0.183338E+03     0.183191E+03     0.183647E+03     0.183289E+03     0.183531E+03     0.183633E+03     0.183474E+03     0.183431E+03     0.183223E+03     0.182751E+03     0.182123E+03     0.181992E+03     0.180604E+03     0.180450E+03     0.180099E+03     0.179573E+03     0.179340E+03     0.181350E+03     0.181234E+03     0.181577E+03     0.183700E+03     0.183455E+03     0.183229E+03     0.183106E+03     0.182138E+03     0.180120E+03     0.179951E+03     0.179488E+03     0.179142E+03     0.179062E+03     0.179630E+03     0.179501E+03     0.179669E+03     0.179834E+03     0.179777E+03     0.179933E+03     0.179863E+03     0.179771E+03     0.179681E+03     0.179636E+03     0.179576E+03     0.179536E+03     0.179472E+03     0.179438E+03     0.179375E+03     0.100000E+21
 0.102000E+04     0.229380E+03     0.229247E+03     0.228873E+03     0.228518E+03     0.228154E+03     0.227753E+03     0.227317E+03     0.227100E+03     0.226475E+03     0.226050E+03     0.225742E+03     0.225351E+03     0.225116E+03     0.224686E+03     0.224388E+03     0.223812E+03     0.223120E+03     0.222855E+03     0.221799E+03     0.221520E+03     0.220912E+03     0.220026E+03     0.219474E+03     0.219031E+03     0.218849E+03     0.218493E+03     0.218657E+03     0.218322E+03     0.218768E+03     0.218792E+03     0.218606E+03     0.218936E+03     0.218547E+03     0.218370E+03     0.218068E+03     0.217812E+03     0.216399E+03     0.215876E+03     0.214877E+03     0.213380E+03     0.213027E+03     0.211816E+03     0.211293E+03     0.210586E+03     0.210318E+03     0.209375E+03     0.209280E+03     0.208754E+03     0.207559E+03     0.206810E+03     0.205473E+03     0.203671E+03     0.202871E+03     0.200860E+03     0.198981E+03     0.197847E+03     0.195372E+03     0.193433E+03     0.192826E+03     0.190525E+03     0.189506E+03     0.189088E+03     0.188253E+03     0.187782E+03     0.188904E+03     0.188171E+03     0.188206E+03     0.188939E+03     0.188524E+03     0.189742E+03     0.189303E+03     0.188463E+03     0.188161E+03     0.187336E+03     0.186361E+03     0.186122E+03     0.185298E+03     0.184736E+03     0.184305E+03     0.183891E+03     0.183546E+03     0.183339E+03     0.183722E+03     0.183365E+03     0.183635E+03     0.183784E+03     0.183618E+03     0.183557E+03     0.183314E+03     0.182807E+03     0.182111E+03     0.181977E+03     0.180494E+03     0.180350E+03     0.179984E+03     0.179422E+03     0.179164E+03     0.181201E+03     0.181028E+03     0.181469E+03     0.183445E+03     0.183100E+03     0.182990E+03     0.182720E+03     0.181872E+03     0.179994E+03     0.179791E+03     0.179354E+03     0.178985E+03     0.178914E+03     0.179558E+03     0.179446E+03     0.179617E+03     0.179799E+03     0.179741E+03     0.179922E+03     0.179854E+03     0.179766E+03     0.179682E+03     0.179636E+03     0.179576E+03     0.179536E+03     0.179472E+03     0.179438E+03     0.179375E+03     0.100000E+21
 0.104000E+04     0.229225E+03     0.229101E+03     0.228656E+03     0.228320E+03     0.227970E+03     0.227604E+03     0.227179E+03     0.226967E+03     0.226321E+03     0.225855E+03     0.225581E+03     0.225194E+03     0.224966E+03     0.224437E+03     0.224139E+03     0.223536E+03     0.222860E+03     0.222621E+03     0.221611E+03     0.221356E+03     0.220659E+03     0.220013E+03     0.219436E+03     0.219168E+03     0.218974E+03     0.218681E+03     0.218913E+03     0.218523E+03     0.218946E+03     0.219018E+03     0.218872E+03     0.219172E+03     0.218743E+03     0.218509E+03     0.218149E+03     0.217909E+03     0.216347E+03     0.215762E+03     0.214774E+03     0.213284E+03     0.212948E+03     0.211850E+03     0.211386E+03     0.210728E+03     0.210592E+03     0.209591E+03     0.209756E+03     0.209218E+03     0.208052E+03     0.207387E+03     0.205867E+03     0.204334E+03     0.203264E+03     0.201033E+03     0.199182E+03     0.197962E+03     0.195536E+03     0.193341E+03     0.192766E+03     0.190522E+03     0.189417E+03     0.189268E+03     0.188564E+03     0.188108E+03     0.189532E+03     0.188972E+03     0.189065E+03     0.189594E+03     0.189167E+03     0.190393E+03     0.189972E+03     0.189093E+03     0.188538E+03     0.187617E+03     0.186712E+03     0.186419E+03     0.185603E+03     0.185229E+03     0.184700E+03     0.184280E+03     0.183815E+03     0.183622E+03     0.183901E+03     0.183517E+03     0.183811E+03     0.183978E+03     0.183824E+03     0.183781E+03     0.183603E+03     0.182905E+03     0.182085E+03     0.181958E+03     0.180293E+03     0.180154E+03     0.179683E+03     0.179176E+03     0.178933E+03     0.180833E+03     0.180723E+03     0.181315E+03     0.182836E+03     0.182567E+03     0.182359E+03     0.182211E+03     0.181209E+03     0.179651E+03     0.179472E+03     0.179115E+03     0.178785E+03     0.178708E+03     0.179418E+03     0.179277E+03     0.179530E+03     0.179751E+03     0.179695E+03     0.179901E+03     0.179839E+03     0.179752E+03     0.179679E+03     0.179636E+03     0.179576E+03     0.179539E+03     0.179472E+03     0.179442E+03     0.179374E+03     0.100000E+21
 0.106000E+04     0.229227E+03     0.229104E+03     0.228632E+03     0.228320E+03     0.227959E+03     0.227616E+03     0.227179E+03     0.226977E+03     0.226321E+03     0.225835E+03     0.225581E+03     0.225194E+03     0.224971E+03     0.224437E+03     0.224161E+03     0.223529E+03     0.222851E+03     0.222621E+03     0.221611E+03     0.221372E+03     0.220621E+03     0.220027E+03     0.219432E+03     0.219168E+03     0.218982E+03     0.218701E+03     0.218913E+03     0.218514E+03     0.218895E+03     0.219018E+03     0.218889E+03     0.219172E+03     0.218727E+03     0.218509E+03     0.218149E+03     0.217917E+03     0.216347E+03     0.215734E+03     0.214751E+03     0.213275E+03     0.212948E+03     0.211850E+03     0.211418E+03     0.210755E+03     0.210616E+03     0.209591E+03     0.209756E+03     0.209246E+03     0.208045E+03     0.207433E+03     0.205846E+03     0.204423E+03     0.203279E+03     0.200907E+03     0.199182E+03     0.197924E+03     0.195646E+03     0.193341E+03     0.192790E+03     0.190522E+03     0.189369E+03     0.189269E+03     0.188555E+03     0.188108E+03     0.189532E+03     0.189014E+03     0.189162E+03     0.189576E+03     0.189167E+03     0.190393E+03     0.189997E+03     0.189076E+03     0.188563E+03     0.187609E+03     0.186712E+03     0.186430E+03     0.185574E+03     0.185229E+03     0.184687E+03     0.184294E+03     0.183815E+03     0.183636E+03     0.183901E+03     0.183502E+03     0.183798E+03     0.183978E+03     0.183828E+03     0.183781E+03     0.183617E+03     0.182882E+03     0.182081E+03     0.181958E+03     0.180293E+03     0.180164E+03     0.179649E+03     0.179183E+03     0.178933E+03     0.180833E+03     0.180728E+03     0.181458E+03     0.182845E+03     0.182563E+03     0.182369E+03     0.182213E+03     0.181111E+03     0.179651E+03     0.179466E+03     0.179129E+03     0.178785E+03     0.178711E+03     0.179418E+03     0.179270E+03     0.179536E+03     0.179749E+03     0.179695E+03     0.179901E+03     0.179844E+03     0.179754E+03     0.179677E+03     0.179636E+03     0.179576E+03     0.179541E+03     0.179472E+03     0.179444E+03     0.179373E+03     0.100000E+21
 0.108000E+04     0.229050E+03     0.228873E+03     0.228480E+03     0.228129E+03     0.227795E+03     0.227429E+03     0.227042E+03     0.226814E+03     0.226202E+03     0.225768E+03     0.225417E+03     0.224990E+03     0.224753E+03     0.224123E+03     0.223786E+03     0.223244E+03     0.222588E+03     0.222335E+03     0.221496E+03     0.221217E+03     0.220659E+03     0.220067E+03     0.219517E+03     0.219333E+03     0.219128E+03     0.218810E+03     0.219056E+03     0.218679E+03     0.219122E+03     0.219084E+03     0.218888E+03     0.219151E+03     0.218748E+03     0.218431E+03     0.218029E+03     0.217776E+03     0.216187E+03     0.215650E+03     0.214709E+03     0.213282E+03     0.212931E+03     0.212110E+03     0.211594E+03     0.211026E+03     0.211095E+03     0.210131E+03     0.210461E+03     0.209882E+03     0.208768E+03     0.208006E+03     0.206589E+03     0.204716E+03     0.203733E+03     0.201658E+03     0.199475E+03     0.198311E+03     0.195806E+03     0.193860E+03     0.193248E+03     0.190953E+03     0.189928E+03     0.189871E+03     0.189363E+03     0.188892E+03     0.190482E+03     0.189851E+03     0.189871E+03     0.190587E+03     0.190132E+03     0.191096E+03     0.190637E+03     0.189752E+03     0.188895E+03     0.188025E+03     0.187020E+03     0.186711E+03     0.185936E+03     0.185452E+03     0.184942E+03     0.184588E+03     0.184192E+03     0.183902E+03     0.184021E+03     0.183660E+03     0.183881E+03     0.183974E+03     0.183813E+03     0.184063E+03     0.183862E+03     0.183164E+03     0.182236E+03     0.182102E+03     0.180336E+03     0.180183E+03     0.179814E+03     0.179322E+03     0.179090E+03     0.180757E+03     0.180639E+03     0.180884E+03     0.182260E+03     0.182012E+03     0.181701E+03     0.181539E+03     0.180777E+03     0.179327E+03     0.179157E+03     0.178830E+03     0.178557E+03     0.178476E+03     0.179256E+03     0.179125E+03     0.179388E+03     0.179655E+03     0.179598E+03     0.179845E+03     0.179776E+03     0.179712E+03     0.179682E+03     0.179636E+03     0.179576E+03     0.179536E+03     0.179472E+03     0.179439E+03     0.179375E+03     0.100000E+21
 0.110000E+04     0.229072E+03     0.228877E+03     0.228454E+03     0.228129E+03     0.227783E+03     0.227440E+03     0.227042E+03     0.226826E+03     0.226202E+03     0.225743E+03     0.225418E+03     0.224990E+03     0.224760E+03     0.224123E+03     0.223816E+03     0.223237E+03     0.222577E+03     0.222335E+03     0.221496E+03     0.221235E+03     0.220624E+03     0.220082E+03     0.219512E+03     0.219333E+03     0.219137E+03     0.218832E+03     0.219056E+03     0.218669E+03     0.219063E+03     0.219084E+03     0.218904E+03     0.219151E+03     0.218729E+03     0.218433E+03     0.218029E+03     0.217786E+03     0.216187E+03     0.215613E+03     0.214688E+03     0.213270E+03     0.212931E+03     0.212110E+03     0.211633E+03     0.211076E+03     0.211123E+03     0.210131E+03     0.210461E+03     0.209914E+03     0.208756E+03     0.208059E+03     0.206563E+03     0.204851E+03     0.203752E+03     0.201510E+03     0.199475E+03     0.198268E+03     0.195916E+03     0.193860E+03     0.193277E+03     0.190953E+03     0.189867E+03     0.189873E+03     0.189351E+03     0.188892E+03     0.190482E+03     0.189905E+03     0.189978E+03     0.190566E+03     0.190132E+03     0.191096E+03     0.190665E+03     0.189704E+03     0.188923E+03     0.188014E+03     0.187020E+03     0.186724E+03     0.185897E+03     0.185452E+03     0.184927E+03     0.184595E+03     0.184192E+03     0.183908E+03     0.184021E+03     0.183642E+03     0.183870E+03     0.183974E+03     0.183819E+03     0.184063E+03     0.183879E+03     0.183137E+03     0.182230E+03     0.182102E+03     0.180336E+03     0.180194E+03     0.179780E+03     0.179330E+03     0.179090E+03     0.180757E+03     0.180645E+03     0.181027E+03     0.182271E+03     0.182007E+03     0.181722E+03     0.181541E+03     0.180686E+03     0.179327E+03     0.179150E+03     0.178841E+03     0.178557E+03     0.178479E+03     0.179256E+03     0.179117E+03     0.179395E+03     0.179654E+03     0.179598E+03     0.179845E+03     0.179782E+03     0.179717E+03     0.179679E+03     0.179636E+03     0.179576E+03     0.179538E+03     0.179472E+03     0.179441E+03     0.179374E+03     0.100000E+21
 0.112000E+04     0.228993E+03     0.228817E+03     0.228465E+03     0.228125E+03     0.227768E+03     0.227403E+03     0.227029E+03     0.226802E+03     0.226198E+03     0.225785E+03     0.225402E+03     0.224958E+03     0.224721E+03     0.224085E+03     0.223736E+03     0.223228E+03     0.222576E+03     0.222320E+03     0.221534E+03     0.221246E+03     0.220744E+03     0.220128E+03     0.219607E+03     0.219349E+03     0.219172E+03     0.218794E+03     0.219042E+03     0.218648E+03     0.219174E+03     0.218987E+03     0.218805E+03     0.219110E+03     0.218692E+03     0.218364E+03     0.217953E+03     0.217705E+03     0.216194E+03     0.215712E+03     0.214778E+03     0.213415E+03     0.213070E+03     0.212300E+03     0.211704E+03     0.211099E+03     0.211353E+03     0.210450E+03     0.210637E+03     0.210155E+03     0.208866E+03     0.208127E+03     0.206867E+03     0.204477E+03     0.203928E+03     0.201871E+03     0.199502E+03     0.198476E+03     0.195928E+03     0.194333E+03     0.193663E+03     0.191190E+03     0.190120E+03     0.190135E+03     0.189678E+03     0.189207E+03     0.190642E+03     0.189870E+03     0.189879E+03     0.190718E+03     0.190278E+03     0.191176E+03     0.190718E+03     0.189877E+03     0.188945E+03     0.188115E+03     0.187029E+03     0.186752E+03     0.186003E+03     0.185474E+03     0.185020E+03     0.184639E+03     0.184325E+03     0.183979E+03     0.184037E+03     0.183689E+03     0.183892E+03     0.183948E+03     0.183788E+03     0.184128E+03     0.183842E+03     0.183244E+03     0.182308E+03     0.182179E+03     0.180515E+03     0.180328E+03     0.179959E+03     0.179504E+03     0.179323E+03     0.180832E+03     0.180790E+03     0.180708E+03     0.182184E+03     0.181888E+03     0.181626E+03     0.181425E+03     0.180747E+03     0.179314E+03     0.179127E+03     0.178805E+03     0.178555E+03     0.178474E+03     0.179241E+03     0.179130E+03     0.179359E+03     0.179615E+03     0.179556E+03     0.179831E+03     0.179763E+03     0.179701E+03     0.179682E+03     0.179636E+03     0.179576E+03     0.179535E+03     0.179472E+03     0.179437E+03     0.179375E+03     0.100000E+21
 0.114000E+04     0.228942E+03     0.228726E+03     0.228340E+03     0.228034E+03     0.227695E+03     0.227377E+03     0.227010E+03     0.226788E+03     0.226186E+03     0.225747E+03     0.225368E+03     0.224909E+03     0.224675E+03     0.223997E+03     0.223666E+03     0.223152E+03     0.222548E+03     0.222299E+03     0.221632E+03     0.221358E+03     0.220815E+03     0.220301E+03     0.219745E+03     0.219459E+03     0.219257E+03     0.218884E+03     0.218963E+03     0.218581E+03     0.218914E+03     0.218840E+03     0.218642E+03     0.218883E+03     0.218474E+03     0.218210E+03     0.217841E+03     0.217593E+03     0.216211E+03     0.215667E+03     0.214871E+03     0.213622E+03     0.213276E+03     0.212744E+03     0.212237E+03     0.211716E+03     0.211904E+03     0.210929E+03     0.211305E+03     0.210738E+03     0.209586E+03     0.208767E+03     0.207328E+03     0.205304E+03     0.204248E+03     0.202126E+03     0.199985E+03     0.198808E+03     0.196749E+03     0.195030E+03     0.194431E+03     0.191896E+03     0.190857E+03     0.190742E+03     0.190153E+03     0.189688E+03     0.191005E+03     0.190386E+03     0.190350E+03     0.190937E+03     0.190492E+03     0.191404E+03     0.190954E+03     0.190034E+03     0.189137E+03     0.188255E+03     0.187134E+03     0.186831E+03     0.186072E+03     0.185680E+03     0.185163E+03     0.184889E+03     0.184526E+03     0.184161E+03     0.184104E+03     0.183739E+03     0.183881E+03     0.183909E+03     0.183751E+03     0.184280E+03     0.184083E+03     0.183366E+03     0.182424E+03     0.182293E+03     0.180950E+03     0.180800E+03     0.180416E+03     0.179914E+03     0.179679E+03     0.181196E+03     0.181081E+03     0.181151E+03     0.181913E+03     0.181661E+03     0.181398E+03     0.181250E+03     0.180509E+03     0.179205E+03     0.179034E+03     0.178781E+03     0.178553E+03     0.178473E+03     0.179199E+03     0.179066E+03     0.179310E+03     0.179551E+03     0.179494E+03     0.179799E+03     0.179731E+03     0.179681E+03     0.179681E+03     0.179636E+03     0.179576E+03     0.179537E+03     0.179472E+03     0.179439E+03     0.179375E+03     0.100000E+21
 0.116000E+04     0.228997E+03     0.228732E+03     0.228302E+03     0.228034E+03     0.227678E+03     0.227392E+03     0.227010E+03     0.226803E+03     0.226186E+03     0.225708E+03     0.225370E+03     0.224909E+03     0.224684E+03     0.223997E+03     0.223712E+03     0.223144E+03     0.222534E+03     0.222299E+03     0.221632E+03     0.221386E+03     0.220768E+03     0.220325E+03     0.219738E+03     0.219459E+03     0.219270E+03     0.218896E+03     0.218963E+03     0.218568E+03     0.218830E+03     0.218840E+03     0.218663E+03     0.218883E+03     0.218445E+03     0.218210E+03     0.217841E+03     0.217605E+03     0.216211E+03     0.215610E+03     0.214843E+03     0.213607E+03     0.213276E+03     0.212744E+03     0.212297E+03     0.211820E+03     0.211943E+03     0.210929E+03     0.211305E+03     0.210782E+03     0.209556E+03     0.208854E+03     0.207296E+03     0.205556E+03     0.204271E+03     0.201890E+03     0.199985E+03     0.198744E+03     0.196902E+03     0.195030E+03     0.194469E+03     0.191896E+03     0.190764E+03     0.190745E+03     0.190140E+03     0.189688E+03     0.191005E+03     0.190469E+03     0.190530E+03     0.190909E+03     0.190492E+03     0.191404E+03     0.190996E+03     0.189947E+03     0.189182E+03     0.188242E+03     0.187134E+03     0.186847E+03     0.186019E+03     0.185680E+03     0.185143E+03     0.184891E+03     0.184526E+03     0.184157E+03     0.184104E+03     0.183712E+03     0.183864E+03     0.183909E+03     0.183757E+03     0.184280E+03     0.184110E+03     0.183315E+03     0.182417E+03     0.182293E+03     0.180950E+03     0.180817E+03     0.180355E+03     0.179925E+03     0.179679E+03     0.181196E+03     0.181089E+03     0.181292E+03     0.181931E+03     0.181655E+03     0.181425E+03     0.181253E+03     0.180380E+03     0.179205E+03     0.179023E+03     0.178795E+03     0.178553E+03     0.178478E+03     0.179199E+03     0.179053E+03     0.179323E+03     0.179549E+03     0.179494E+03     0.179799E+03     0.179739E+03     0.179694E+03     0.179678E+03     0.179636E+03     0.179576E+03     0.179540E+03     0.179472E+03     0.179443E+03     0.179374E+03     0.100000E+21
 0.118000E+04     0.228762E+03     0.228649E+03     0.228296E+03     0.228011E+03     0.227680E+03     0.227386E+03     0.227046E+03     0.226817E+03     0.226258E+03     0.225845E+03     0.225446E+03     0.224993E+03     0.224756E+03     0.224139E+03     0.223763E+03     0.223341E+03     0.222819E+03     0.222565E+03     0.221994E+03     0.221706E+03     0.221226E+03     0.220577E+03     0.220033E+03     0.219431E+03     0.219225E+03     0.218787E+03     0.218585E+03     0.218209E+03     0.218515E+03     0.218342E+03     0.218167E+03     0.218502E+03     0.218109E+03     0.217982E+03     0.217715E+03     0.217462E+03     0.216431E+03     0.215959E+03     0.215248E+03     0.214187E+03     0.213835E+03     0.213443E+03     0.212901E+03     0.212322E+03     0.212549E+03     0.211591E+03     0.211797E+03     0.211211E+03     0.210090E+03     0.208927E+03     0.207555E+03     0.205172E+03     0.204468E+03     0.202562E+03     0.200589E+03     0.199441E+03     0.197629E+03     0.196177E+03     0.195562E+03     0.193617E+03     0.192653E+03     0.191982E+03     0.190908E+03     0.190438E+03     0.191089E+03     0.190403E+03     0.190115E+03     0.190363E+03     0.189905E+03     0.190674E+03     0.190205E+03     0.189453E+03     0.188588E+03     0.187733E+03     0.186918E+03     0.186608E+03     0.185933E+03     0.185682E+03     0.185174E+03     0.185051E+03     0.184740E+03     0.184343E+03     0.184196E+03     0.183846E+03     0.183892E+03     0.183842E+03     0.183681E+03     0.184235E+03     0.184002E+03     0.183420E+03     0.182570E+03     0.182437E+03     0.181308E+03     0.181148E+03     0.180905E+03     0.180689E+03     0.180459E+03     0.181592E+03     0.181473E+03     0.181361E+03     0.181900E+03     0.181664E+03     0.181521E+03     0.181425E+03     0.180815E+03     0.179659E+03     0.179492E+03     0.179219E+03     0.178993E+03     0.178912E+03     0.179622E+03     0.179502E+03     0.179632E+03     0.179765E+03     0.179708E+03     0.179857E+03     0.179784E+03     0.179716E+03     0.179682E+03     0.179636E+03     0.179576E+03     0.179535E+03     0.179472E+03     0.179437E+03     0.179375E+03     0.100000E+21
 0.120000E+04     0.228950E+03     0.228656E+03     0.228246E+03     0.228011E+03     0.227655E+03     0.227403E+03     0.227046E+03     0.226839E+03     0.226258E+03     0.225780E+03     0.225448E+03     0.224993E+03     0.224768E+03     0.224139E+03     0.223854E+03     0.223342E+03     0.222800E+03     0.222565E+03     0.221994E+03     0.221748E+03     0.221101E+03     0.220611E+03     0.220024E+03     0.219431E+03     0.219242E+03     0.218740E+03     0.218585E+03     0.218190E+03     0.218381E+03     0.218342E+03     0.218208E+03     0.218502E+03     0.218064E+03     0.217966E+03     0.217715E+03     0.217479E+03     0.216431E+03     0.215829E+03     0.215222E+03     0.214166E+03     0.213835E+03     0.213443E+03     0.212997E+03     0.212504E+03     0.212605E+03     0.211591E+03     0.211797E+03     0.211274E+03     0.209944E+03     0.209068E+03     0.207510E+03     0.205780E+03     0.204500E+03     0.202255E+03     0.200589E+03     0.199348E+03     0.197812E+03     0.196177E+03     0.195615E+03     0.193617E+03     0.192484E+03     0.191983E+03     0.190889E+03     0.190438E+03     0.191089E+03     0.190553E+03     0.190325E+03     0.190323E+03     0.189905E+03     0.190674E+03     0.190266E+03     0.189295E+03     0.188654E+03     0.187715E+03     0.186918E+03     0.186632E+03     0.185882E+03     0.185682E+03     0.185145E+03     0.185017E+03     0.184740E+03     0.184327E+03     0.184196E+03     0.183803E+03     0.183873E+03     0.183842E+03     0.183691E+03     0.184235E+03     0.184064E+03     0.183356E+03     0.182561E+03     0.182437E+03     0.181308E+03     0.181174E+03     0.180882E+03     0.180706E+03     0.180459E+03     0.181592E+03     0.181485E+03     0.181542E+03     0.181931E+03     0.181655E+03     0.181532E+03     0.181430E+03     0.180657E+03     0.179659E+03     0.179477E+03     0.179242E+03     0.178993E+03     0.178918E+03     0.179622E+03     0.179477E+03     0.179645E+03     0.179762E+03     0.179708E+03     0.179857E+03     0.179798E+03     0.179728E+03     0.179678E+03     0.179636E+03     0.179576E+03     0.179540E+03     0.179472E+03     0.179443E+03     0.179374E+03     0.100000E+21
 0.122000E+04     0.228877E+03     0.228627E+03     0.228266E+03     0.228007E+03     0.227666E+03     0.227398E+03     0.227065E+03     0.226841E+03     0.226298E+03     0.225856E+03     0.225511E+03     0.225102E+03     0.224866E+03     0.224264E+03     0.223903E+03     0.223468E+03     0.222989E+03     0.222757E+03     0.222110E+03     0.221839E+03     0.221223E+03     0.220629E+03     0.220082E+03     0.219368E+03     0.219135E+03     0.218671E+03     0.218456E+03     0.218020E+03     0.218329E+03     0.218161E+03     0.218065E+03     0.218455E+03     0.218039E+03     0.217965E+03     0.217758E+03     0.217507E+03     0.216544E+03     0.215973E+03     0.215368E+03     0.214361E+03     0.214023E+03     0.213522E+03     0.213006E+03     0.212432E+03     0.212544E+03     0.211565E+03     0.211697E+03     0.211100E+03     0.209898E+03     0.208821E+03     0.207323E+03     0.205406E+03     0.204293E+03     0.202377E+03     0.200589E+03     0.199411E+03     0.197820E+03     0.196508E+03     0.195874E+03     0.193930E+03     0.192849E+03     0.192225E+03     0.191083E+03     0.190618E+03     0.191045E+03     0.190435E+03     0.190038E+03     0.189975E+03     0.189486E+03     0.190215E+03     0.189714E+03     0.189004E+03     0.188205E+03     0.187207E+03     0.186700E+03     0.186270E+03     0.185723E+03     0.185589E+03     0.185033E+03     0.185002E+03     0.184774E+03     0.184355E+03     0.184195E+03     0.183830E+03     0.183874E+03     0.183813E+03     0.183656E+03     0.184301E+03     0.184087E+03     0.183498E+03     0.182743E+03     0.182624E+03     0.181475E+03     0.181316E+03     0.181027E+03     0.180862E+03     0.180662E+03     0.181696E+03     0.181623E+03     0.181533E+03     0.181976E+03     0.181749E+03     0.181589E+03     0.181531E+03     0.180888E+03     0.179794E+03     0.179657E+03     0.179355E+03     0.179122E+03     0.179032E+03     0.179705E+03     0.179556E+03     0.179698E+03     0.179811E+03     0.179755E+03     0.179861E+03     0.179793E+03     0.179722E+03     0.179681E+03     0.179636E+03     0.179576E+03     0.179537E+03     0.179472E+03     0.179439E+03     0.179375E+03     0.100000E+21
 0.124000E+04     0.228717E+03     0.228584E+03     0.228241E+03     0.227991E+03     0.227659E+03     0.227417E+03     0.227097E+03     0.226868E+03     0.226413E+03     0.225999E+03     0.225669E+03     0.225279E+03     0.225042E+03     0.224567E+03     0.224192E+03     0.223793E+03     0.223317E+03     0.223063E+03     0.222411E+03     0.222124E+03     0.221610E+03     0.220715E+03     0.220172E+03     0.219158E+03     0.218951E+03     0.218466E+03     0.218037E+03     0.217662E+03     0.218021E+03     0.217861E+03     0.217762E+03     0.218301E+03     0.217907E+03     0.217968E+03     0.217828E+03     0.217575E+03     0.216833E+03     0.216357E+03     0.215688E+03     0.214679E+03     0.214327E+03     0.213714E+03     0.213172E+03     0.212519E+03     0.212481E+03     0.211523E+03     0.211397E+03     0.210812E+03     0.209667E+03     0.208309E+03     0.206936E+03     0.204675E+03     0.203968E+03     0.202181E+03     0.200587E+03     0.199438E+03     0.198210E+03     0.197039E+03     0.196424E+03     0.194793E+03     0.193828E+03     0.192814E+03     0.191385E+03     0.190915E+03     0.190939E+03     0.190254E+03     0.189675E+03     0.189271E+03     0.188814E+03     0.188974E+03     0.188505E+03     0.187763E+03     0.187173E+03     0.186316E+03     0.185945E+03     0.185634E+03     0.185073E+03     0.185273E+03     0.184765E+03     0.185022E+03     0.184830E+03     0.184407E+03     0.184194E+03     0.183844E+03     0.183848E+03     0.183766E+03     0.183605E+03     0.184466E+03     0.184235E+03     0.183750E+03     0.183057E+03     0.182923E+03     0.181895E+03     0.181735E+03     0.181484E+03     0.181227E+03     0.180997E+03     0.182028E+03     0.181909E+03     0.181773E+03     0.182155E+03     0.181919E+03     0.181796E+03     0.181704E+03     0.181174E+03     0.180251E+03     0.180085E+03     0.179648E+03     0.179329E+03     0.179247E+03     0.179922E+03     0.179801E+03     0.179851E+03     0.179889E+03     0.179832E+03     0.179871E+03     0.179797E+03     0.179725E+03     0.179682E+03     0.179636E+03     0.179576E+03     0.179535E+03     0.179472E+03     0.179437E+03     0.179375E+03     0.100000E+21
 0.126000E+04     0.228875E+03     0.228588E+03     0.228212E+03     0.227991E+03     0.227644E+03     0.227422E+03     0.227097E+03     0.226882E+03     0.226413E+03     0.225954E+03     0.225669E+03     0.225279E+03     0.225049E+03     0.224567E+03     0.224259E+03     0.223798E+03     0.223306E+03     0.223063E+03     0.222411E+03     0.222150E+03     0.221452E+03     0.220736E+03     0.220166E+03     0.219158E+03     0.218962E+03     0.218395E+03     0.218037E+03     0.217650E+03     0.217911E+03     0.217861E+03     0.217802E+03     0.218301E+03     0.217878E+03     0.217946E+03     0.217828E+03     0.217585E+03     0.216833E+03     0.216259E+03     0.215674E+03     0.214666E+03     0.214327E+03     0.213714E+03     0.213236E+03     0.212604E+03     0.212515E+03     0.211523E+03     0.211397E+03     0.210850E+03     0.209508E+03     0.208404E+03     0.206909E+03     0.205122E+03     0.203987E+03     0.202024E+03     0.200587E+03     0.199381E+03     0.198268E+03     0.197039E+03     0.196456E+03     0.194793E+03     0.193707E+03     0.192813E+03     0.191374E+03     0.190915E+03     0.190939E+03     0.190361E+03     0.189738E+03     0.189247E+03     0.188814E+03     0.188974E+03     0.188543E+03     0.187715E+03     0.187214E+03     0.186306E+03     0.185945E+03     0.185649E+03     0.185100E+03     0.185273E+03     0.184747E+03     0.184935E+03     0.184830E+03     0.184393E+03     0.184194E+03     0.183816E+03     0.183838E+03     0.183766E+03     0.183611E+03     0.184466E+03     0.184282E+03     0.183720E+03     0.183052E+03     0.182923E+03     0.181895E+03     0.181752E+03     0.181458E+03     0.181237E+03     0.180997E+03     0.182028E+03     0.181916E+03     0.181876E+03     0.182177E+03     0.181913E+03     0.181800E+03     0.181707E+03     0.181096E+03     0.180251E+03     0.180075E+03     0.179677E+03     0.179329E+03     0.179251E+03     0.179922E+03     0.179783E+03     0.179857E+03     0.179888E+03     0.179832E+03     0.179871E+03     0.179807E+03     0.179732E+03     0.179679E+03     0.179636E+03     0.179576E+03     0.179538E+03     0.179472E+03     0.179441E+03     0.179374E+03     0.100000E+21
 0.128000E+04     0.228752E+03     0.228509E+03     0.228151E+03     0.227938E+03     0.227611E+03     0.227430E+03     0.227126E+03     0.226901E+03     0.226587E+03     0.226160E+03     0.225910E+03     0.225555E+03     0.225321E+03     0.224957E+03     0.224682E+03     0.224173E+03     0.223612E+03     0.223345E+03     0.222521E+03     0.222242E+03     0.221568E+03     0.220558E+03     0.220026E+03     0.218741E+03     0.218605E+03     0.218024E+03     0.217630E+03     0.217314E+03     0.217752E+03     0.217742E+03     0.217701E+03     0.218436E+03     0.218026E+03     0.218174E+03     0.218069E+03     0.217824E+03     0.217111E+03     0.216615E+03     0.215878E+03     0.214755E+03     0.214402E+03     0.213447E+03     0.212909E+03     0.212185E+03     0.211904E+03     0.210987E+03     0.210490E+03     0.210007E+03     0.208588E+03     0.207317E+03     0.206044E+03     0.203973E+03     0.203185E+03     0.201345E+03     0.200129E+03     0.199020E+03     0.198144E+03     0.197089E+03     0.196480E+03     0.195002E+03     0.193993E+03     0.192939E+03     0.191431E+03     0.190961E+03     0.190768E+03     0.190113E+03     0.189436E+03     0.188845E+03     0.188414E+03     0.188199E+03     0.187765E+03     0.186898E+03     0.186509E+03     0.185719E+03     0.185481E+03     0.185259E+03     0.184681E+03     0.184987E+03     0.184518E+03     0.184814E+03     0.184730E+03     0.184302E+03     0.184100E+03     0.183740E+03     0.183812E+03     0.183774E+03     0.183613E+03     0.184635E+03     0.184460E+03     0.183968E+03     0.183354E+03     0.183211E+03     0.182191E+03     0.182051E+03     0.181771E+03     0.181425E+03     0.181174E+03     0.182034E+03     0.181916E+03     0.181843E+03     0.182198E+03     0.181945E+03     0.181809E+03     0.181708E+03     0.181197E+03     0.180451E+03     0.180264E+03     0.179786E+03     0.179409E+03     0.179332E+03     0.179883E+03     0.179747E+03     0.179810E+03     0.179844E+03     0.179788E+03     0.179858E+03     0.179787E+03     0.179719E+03     0.179682E+03     0.179636E+03     0.179576E+03     0.179536E+03     0.179472E+03     0.179439E+03     0.179375E+03     0.100000E+21
 0.130000E+04     0.228846E+03     0.228462E+03     0.228081E+03     0.227918E+03     0.227557E+03     0.227421E+03     0.227149E+03     0.226947E+03     0.226672E+03     0.226185E+03     0.226047E+03     0.225772E+03     0.225550E+03     0.225189E+03     0.224913E+03     0.224371E+03     0.223800E+03     0.223569E+03     0.222582E+03     0.222343E+03     0.221384E+03     0.220499E+03     0.219904E+03     0.218569E+03     0.218384E+03     0.217770E+03     0.217459E+03     0.217061E+03     0.217491E+03     0.217650E+03     0.217781E+03     0.218494E+03     0.218049E+03     0.218248E+03     0.218260E+03     0.218028E+03     0.217268E+03     0.216654E+03     0.215954E+03     0.214787E+03     0.214461E+03     0.213291E+03     0.212859E+03     0.211995E+03     0.211591E+03     0.210566E+03     0.210065E+03     0.209554E+03     0.208034E+03     0.206939E+03     0.205352E+03     0.203841E+03     0.202635E+03     0.200799E+03     0.199950E+03     0.198692E+03     0.198069E+03     0.197129E+03     0.196578E+03     0.195110E+03     0.193957E+03     0.193011E+03     0.191443E+03     0.190996E+03     0.190666E+03     0.190147E+03     0.189308E+03     0.188506E+03     0.188097E+03     0.187792E+03     0.187395E+03     0.186573E+03     0.186202E+03     0.185248E+03     0.185298E+03     0.185016E+03     0.184567E+03     0.184873E+03     0.184330E+03     0.184612E+03     0.184651E+03     0.184217E+03     0.184058E+03     0.183659E+03     0.183771E+03     0.183780E+03     0.183631E+03     0.184733E+03     0.184569E+03     0.184081E+03     0.183562E+03     0.183439E+03     0.182361E+03     0.182231E+03     0.181848E+03     0.181561E+03     0.181312E+03     0.182037E+03     0.181932E+03     0.181949E+03     0.182236E+03     0.181953E+03     0.181825E+03     0.181716E+03     0.181136E+03     0.180532E+03     0.180347E+03     0.179906E+03     0.179473E+03     0.179399E+03     0.179862E+03     0.179714E+03     0.179791E+03     0.179806E+03     0.179753E+03     0.179850E+03     0.179792E+03     0.179725E+03     0.179677E+03     0.179636E+03     0.179576E+03     0.179541E+03     0.179472E+03     0.179444E+03     0.179373E+03     0.100000E+21
 0.132000E+04     0.228804E+03     0.228459E+03     0.228094E+03     0.227918E+03     0.227567E+03     0.227425E+03     0.227149E+03     0.226937E+03     0.226672E+03     0.226205E+03     0.226049E+03     0.225772E+03     0.225544E+03     0.225189E+03     0.224891E+03     0.224372E+03     0.223809E+03     0.223569E+03     0.222582E+03     0.222327E+03     0.221451E+03     0.220485E+03     0.219908E+03     0.218569E+03     0.218376E+03     0.217798E+03     0.217459E+03     0.217069E+03     0.217547E+03     0.217650E+03     0.217738E+03     0.218494E+03     0.218065E+03     0.218266E+03     0.218260E+03     0.218020E+03     0.217268E+03     0.216682E+03     0.215967E+03     0.214797E+03     0.214461E+03     0.213291E+03     0.212826E+03     0.211991E+03     0.211567E+03     0.210566E+03     0.210065E+03     0.209527E+03     0.208090E+03     0.206894E+03     0.205373E+03     0.203743E+03     0.202620E+03     0.200862E+03     0.199950E+03     0.198730E+03     0.198068E+03     0.197129E+03     0.196554E+03     0.195110E+03     0.194004E+03     0.193012E+03     0.191452E+03     0.190996E+03     0.190666E+03     0.190105E+03     0.189296E+03     0.188524E+03     0.188097E+03     0.187792E+03     0.187370E+03     0.186576E+03     0.186177E+03     0.185256E+03     0.185298E+03     0.185005E+03     0.184541E+03     0.184873E+03     0.184343E+03     0.184656E+03     0.184651E+03     0.184225E+03     0.184058E+03     0.183673E+03     0.183779E+03     0.183780E+03     0.183626E+03     0.184733E+03     0.184555E+03     0.184091E+03     0.183566E+03     0.183439E+03     0.182361E+03     0.182222E+03     0.181865E+03     0.181554E+03     0.181312E+03     0.182037E+03     0.181927E+03     0.181912E+03     0.182227E+03     0.181957E+03     0.181822E+03     0.181714E+03     0.181176E+03     0.180532E+03     0.180353E+03     0.179887E+03     0.179473E+03     0.179396E+03     0.179862E+03     0.179720E+03     0.179788E+03     0.179808E+03     0.179753E+03     0.179850E+03     0.179788E+03     0.179721E+03     0.179679E+03     0.179636E+03     0.179576E+03     0.179539E+03     0.179472E+03     0.179442E+03     0.179374E+03     0.100000E+21
 0.134000E+04     0.228555E+03     0.228240E+03     0.227928E+03     0.227807E+03     0.227473E+03     0.227458E+03     0.227244E+03     0.227016E+03     0.227066E+03     0.226634E+03     0.226583E+03     0.226429E+03     0.226192E+03     0.225854E+03     0.225514E+03     0.224913E+03     0.224151E+03     0.223897E+03     0.222381E+03     0.222100E+03     0.221275E+03     0.219819E+03     0.219271E+03     0.217805E+03     0.217599E+03     0.217162E+03     0.217030E+03     0.216654E+03     0.217660E+03     0.217821E+03     0.217964E+03     0.219091E+03     0.218690E+03     0.218913E+03     0.218897E+03     0.218644E+03     0.217567E+03     0.217035E+03     0.216007E+03     0.214469E+03     0.214117E+03     0.212293E+03     0.211773E+03     0.210815E+03     0.209939E+03     0.208975E+03     0.208163E+03     0.207583E+03     0.206270E+03     0.204793E+03     0.203381E+03     0.201692E+03     0.200794E+03     0.199261E+03     0.198545E+03     0.197384E+03     0.197087E+03     0.196388E+03     0.195775E+03     0.194490E+03     0.193471E+03     0.192303E+03     0.190662E+03     0.190192E+03     0.189916E+03     0.189279E+03     0.188601E+03     0.188019E+03     0.187564E+03     0.187335E+03     0.186874E+03     0.186134E+03     0.185722E+03     0.184855E+03     0.184866E+03     0.184556E+03     0.184055E+03     0.184400E+03     0.183890E+03     0.184267E+03     0.184184E+03     0.183859E+03     0.183892E+03     0.183532E+03     0.183820E+03     0.183965E+03     0.183804E+03     0.184624E+03     0.184420E+03     0.184017E+03     0.183514E+03     0.183381E+03     0.182352E+03     0.182198E+03     0.181938E+03     0.181727E+03     0.181495E+03     0.181960E+03     0.181843E+03     0.181785E+03     0.182212E+03     0.181965E+03     0.181802E+03     0.181693E+03     0.181233E+03     0.180563E+03     0.180394E+03     0.179945E+03     0.179597E+03     0.179516E+03     0.179734E+03     0.179604E+03     0.179671E+03     0.179715E+03     0.179657E+03     0.179870E+03     0.179801E+03     0.179728E+03     0.179682E+03     0.179636E+03     0.179576E+03     0.179536E+03     0.179472E+03     0.179438E+03     0.179375E+03     0.100000E+21
 0.136000E+04     0.228522E+03     0.228241E+03     0.227929E+03     0.227807E+03     0.227471E+03     0.227464E+03     0.227244E+03     0.227019E+03     0.227066E+03     0.226638E+03     0.226584E+03     0.226429E+03     0.226195E+03     0.225854E+03     0.225508E+03     0.224918E+03     0.224147E+03     0.223897E+03     0.222381E+03     0.222101E+03     0.221330E+03     0.219819E+03     0.219268E+03     0.217805E+03     0.217602E+03     0.217166E+03     0.217030E+03     0.216651E+03     0.217707E+03     0.217821E+03     0.217969E+03     0.219091E+03     0.218690E+03     0.218920E+03     0.218897E+03     0.218647E+03     0.217567E+03     0.217044E+03     0.216016E+03     0.214464E+03     0.214117E+03     0.212293E+03     0.211769E+03     0.210828E+03     0.209943E+03     0.208975E+03     0.208163E+03     0.207588E+03     0.206303E+03     0.204781E+03     0.203374E+03     0.201641E+03     0.200801E+03     0.199265E+03     0.198545E+03     0.197381E+03     0.197097E+03     0.196388E+03     0.195783E+03     0.194490E+03     0.193482E+03     0.192304E+03     0.190658E+03     0.190192E+03     0.189916E+03     0.189269E+03     0.188592E+03     0.188013E+03     0.187564E+03     0.187335E+03     0.186876E+03     0.186134E+03     0.185720E+03     0.184851E+03     0.184866E+03     0.184560E+03     0.184049E+03     0.184400E+03     0.183887E+03     0.184289E+03     0.184184E+03     0.183859E+03     0.183892E+03     0.183534E+03     0.183825E+03     0.183965E+03     0.183806E+03     0.184624E+03     0.184416E+03     0.184021E+03     0.183512E+03     0.183381E+03     0.182352E+03     0.182197E+03     0.181941E+03     0.181727E+03     0.181495E+03     0.181960E+03     0.181844E+03     0.181766E+03     0.182209E+03     0.181964E+03     0.181799E+03     0.181694E+03     0.181233E+03     0.180563E+03     0.180394E+03     0.179938E+03     0.179597E+03     0.179517E+03     0.179734E+03     0.179606E+03     0.179670E+03     0.179714E+03     0.179657E+03     0.179870E+03     0.179800E+03     0.179727E+03     0.179681E+03     0.179636E+03     0.179576E+03     0.179536E+03     0.179472E+03     0.179438E+03     0.179375E+03     0.100000E+21
 0.138000E+04     0.228544E+03     0.228124E+03     0.227825E+03     0.227767E+03     0.227429E+03     0.227493E+03     0.227338E+03     0.227116E+03     0.227326E+03     0.226879E+03     0.226887E+03     0.226773E+03     0.226537E+03     0.226132E+03     0.225822E+03     0.225084E+03     0.224183E+03     0.223932E+03     0.222136E+03     0.221865E+03     0.220853E+03     0.219434E+03     0.218886E+03     0.217484E+03     0.217291E+03     0.216913E+03     0.216999E+03     0.216621E+03     0.217730E+03     0.218096E+03     0.218313E+03     0.219521E+03     0.219105E+03     0.219261E+03     0.219209E+03     0.218959E+03     0.217598E+03     0.217037E+03     0.215868E+03     0.214168E+03     0.213819E+03     0.211740E+03     0.211238E+03     0.210159E+03     0.209215E+03     0.208255E+03     0.207321E+03     0.206769E+03     0.205344E+03     0.204004E+03     0.202570E+03     0.201092E+03     0.200156E+03     0.198605E+03     0.197986E+03     0.196817E+03     0.196609E+03     0.196004E+03     0.195394E+03     0.194060E+03     0.192990E+03     0.191793E+03     0.190081E+03     0.189611E+03     0.189614E+03     0.189010E+03     0.188461E+03     0.188091E+03     0.187640E+03     0.187553E+03     0.187103E+03     0.186320E+03     0.185842E+03     0.184953E+03     0.184647E+03     0.184348E+03     0.183810E+03     0.184000E+03     0.183496E+03     0.183955E+03     0.184006E+03     0.183771E+03     0.184031E+03     0.183660E+03     0.183864E+03     0.183953E+03     0.183792E+03     0.184320E+03     0.184123E+03     0.183713E+03     0.183233E+03     0.183102E+03     0.182209E+03     0.182060E+03     0.181790E+03     0.181602E+03     0.181369E+03     0.181803E+03     0.181692E+03     0.181689E+03     0.182110E+03     0.181856E+03     0.181688E+03     0.181574E+03     0.181092E+03     0.180447E+03     0.180276E+03     0.179881E+03     0.179543E+03     0.179462E+03     0.179616E+03     0.179477E+03     0.179603E+03     0.179695E+03     0.179638E+03     0.179869E+03     0.179803E+03     0.179731E+03     0.179681E+03     0.179636E+03     0.179576E+03     0.179537E+03     0.179472E+03     0.179440E+03     0.179375E+03     0.100000E+21
 0.140000E+04     0.228581E+03     0.228022E+03     0.227739E+03     0.227733E+03     0.227372E+03     0.227496E+03     0.227429E+03     0.227227E+03     0.227558E+03     0.227071E+03     0.227159E+03     0.227103E+03     0.226879E+03     0.226385E+03     0.226109E+03     0.225202E+03     0.224196E+03     0.223965E+03     0.221916E+03     0.221677E+03     0.220419E+03     0.219104E+03     0.218509E+03     0.217203E+03     0.217017E+03     0.216744E+03     0.216972E+03     0.216574E+03     0.217695E+03     0.218360E+03     0.218750E+03     0.219899E+03     0.219454E+03     0.219570E+03     0.219509E+03     0.219276E+03     0.217627E+03     0.217014E+03     0.215700E+03     0.213860E+03     0.213533E+03     0.211237E+03     0.210805E+03     0.209535E+03     0.208589E+03     0.207565E+03     0.206575E+03     0.206064E+03     0.204507E+03     0.203348E+03     0.201763E+03     0.200565E+03     0.199582E+03     0.197977E+03     0.197500E+03     0.196243E+03     0.196145E+03     0.195635E+03     0.195084E+03     0.193675E+03     0.192523E+03     0.191324E+03     0.189503E+03     0.189056E+03     0.189338E+03     0.188818E+03     0.188401E+03     0.188123E+03     0.187713E+03     0.187748E+03     0.187351E+03     0.186458E+03     0.185981E+03     0.185028E+03     0.184457E+03     0.184174E+03     0.183579E+03     0.183651E+03     0.183109E+03     0.183621E+03     0.183834E+03     0.183742E+03     0.184154E+03     0.183755E+03     0.183901E+03     0.183941E+03     0.183791E+03     0.184044E+03     0.183879E+03     0.183431E+03     0.182958E+03     0.182835E+03     0.182080E+03     0.181950E+03     0.181660E+03     0.181498E+03     0.181249E+03     0.181665E+03     0.181560E+03     0.181640E+03     0.182027E+03     0.181746E+03     0.181592E+03     0.181466E+03     0.180911E+03     0.180346E+03     0.180162E+03     0.179830E+03     0.179491E+03     0.179417E+03     0.179510E+03     0.179362E+03     0.179546E+03     0.179674E+03     0.179620E+03     0.179867E+03     0.179810E+03     0.179735E+03     0.179677E+03     0.179636E+03     0.179576E+03     0.179541E+03     0.179472E+03     0.179444E+03     0.179373E+03     0.100000E+21
 0.142000E+04     0.228569E+03     0.228021E+03     0.227739E+03     0.227733E+03     0.227375E+03     0.227501E+03     0.227429E+03     0.227224E+03     0.227558E+03     0.227075E+03     0.227160E+03     0.227103E+03     0.226878E+03     0.226385E+03     0.226105E+03     0.225206E+03     0.224197E+03     0.223965E+03     0.221916E+03     0.221674E+03     0.220439E+03     0.219101E+03     0.218510E+03     0.217203E+03     0.217016E+03     0.216741E+03     0.216972E+03     0.216575E+03     0.217716E+03     0.218360E+03     0.218736E+03     0.219899E+03     0.219457E+03     0.219573E+03     0.219509E+03     0.219274E+03     0.217627E+03     0.217019E+03     0.215707E+03     0.213862E+03     0.213533E+03     0.211237E+03     0.210798E+03     0.209543E+03     0.208584E+03     0.207565E+03     0.206575E+03     0.206058E+03     0.204518E+03     0.203339E+03     0.201767E+03     0.200553E+03     0.199579E+03     0.197984E+03     0.197500E+03     0.196251E+03     0.196151E+03     0.195635E+03     0.195079E+03     0.193675E+03     0.192532E+03     0.191325E+03     0.189505E+03     0.189056E+03     0.189338E+03     0.188810E+03     0.188393E+03     0.188127E+03     0.187713E+03     0.187748E+03     0.187346E+03     0.186460E+03     0.185976E+03     0.185030E+03     0.184457E+03     0.184172E+03     0.183578E+03     0.183651E+03     0.183112E+03     0.183633E+03     0.183834E+03     0.183737E+03     0.184154E+03     0.183758E+03     0.183902E+03     0.183941E+03     0.183790E+03     0.184044E+03     0.183876E+03     0.183433E+03     0.182959E+03     0.182835E+03     0.182080E+03     0.181948E+03     0.181661E+03     0.181497E+03     0.181249E+03     0.181665E+03     0.181559E+03     0.181632E+03     0.182026E+03     0.181747E+03     0.181591E+03     0.181465E+03     0.180919E+03     0.180346E+03     0.180163E+03     0.179827E+03     0.179491E+03     0.179416E+03     0.179510E+03     0.179363E+03     0.179545E+03     0.179675E+03     0.179620E+03     0.179867E+03     0.179809E+03     0.179734E+03     0.179677E+03     0.179636E+03     0.179576E+03     0.179541E+03     0.179472E+03     0.179444E+03     0.179374E+03     0.100000E+21
 0.144000E+04     0.228384E+03     0.227889E+03     0.227663E+03     0.227775E+03     0.227436E+03     0.227717E+03     0.227696E+03     0.227472E+03     0.228012E+03     0.227564E+03     0.227627E+03     0.227569E+03     0.227333E+03     0.226607E+03     0.226289E+03     0.225295E+03     0.224014E+03     0.223762E+03     0.221381E+03     0.221110E+03     0.220056E+03     0.218528E+03     0.217971E+03     0.217017E+03     0.216813E+03     0.216681E+03     0.217329E+03     0.216950E+03     0.218492E+03     0.219092E+03     0.219330E+03     0.220591E+03     0.220178E+03     0.220021E+03     0.219732E+03     0.219480E+03     0.217186E+03     0.216625E+03     0.215119E+03     0.213000E+03     0.212650E+03     0.210291E+03     0.209795E+03     0.208673E+03     0.207630E+03     0.206658E+03     0.205903E+03     0.205333E+03     0.204054E+03     0.202989E+03     0.201533E+03     0.200350E+03     0.199516E+03     0.197938E+03     0.197213E+03     0.196033E+03     0.195891E+03     0.195316E+03     0.194710E+03     0.192832E+03     0.191769E+03     0.190468E+03     0.188647E+03     0.188178E+03     0.189102E+03     0.188505E+03     0.188269E+03     0.188400E+03     0.187950E+03     0.188609E+03     0.188160E+03     0.187360E+03     0.186861E+03     0.185976E+03     0.184827E+03     0.184520E+03     0.183818E+03     0.183602E+03     0.183088E+03     0.183909E+03     0.184148E+03     0.184023E+03     0.184517E+03     0.184146E+03     0.184052E+03     0.183886E+03     0.183725E+03     0.183475E+03     0.183285E+03     0.182937E+03     0.182543E+03     0.182410E+03     0.181970E+03     0.181822E+03     0.181564E+03     0.181394E+03     0.181159E+03     0.181491E+03     0.181375E+03     0.181340E+03     0.181675E+03     0.181418E+03     0.181262E+03     0.181148E+03     0.180676E+03     0.180048E+03     0.179875E+03     0.179584E+03     0.179319E+03     0.179238E+03     0.179195E+03     0.179058E+03     0.179290E+03     0.179504E+03     0.179447E+03     0.179837E+03     0.179771E+03     0.179711E+03     0.179681E+03     0.179636E+03     0.179576E+03     0.179537E+03     0.179472E+03     0.179440E+03     0.179375E+03     0.100000E+21
 0.146000E+04     0.228096E+03     0.227889E+03     0.227652E+03     0.227775E+03     0.227443E+03     0.227791E+03     0.227696E+03     0.227468E+03     0.228012E+03     0.227598E+03     0.227634E+03     0.227569E+03     0.227333E+03     0.226607E+03     0.226235E+03     0.225376E+03     0.224015E+03     0.223762E+03     0.221381E+03     0.221094E+03     0.220433E+03     0.218515E+03     0.217971E+03     0.217017E+03     0.216812E+03     0.216570E+03     0.217329E+03     0.216953E+03     0.218893E+03     0.219092E+03     0.219283E+03     0.220591E+03     0.220198E+03     0.220028E+03     0.219732E+03     0.219480E+03     0.217186E+03     0.216699E+03     0.215194E+03     0.212999E+03     0.212650E+03     0.210291E+03     0.209749E+03     0.208784E+03     0.207618E+03     0.206658E+03     0.205903E+03     0.205320E+03     0.204176E+03     0.202908E+03     0.201535E+03     0.200162E+03     0.199517E+03     0.197992E+03     0.197213E+03     0.196062E+03     0.195957E+03     0.195316E+03     0.194705E+03     0.192832E+03     0.191864E+03     0.190471E+03     0.188645E+03     0.188178E+03     0.189102E+03     0.188420E+03     0.188124E+03     0.188404E+03     0.187950E+03     0.188609E+03     0.188141E+03     0.187395E+03     0.186832E+03     0.185975E+03     0.184827E+03     0.184519E+03     0.183846E+03     0.183602E+03     0.183093E+03     0.184116E+03     0.184148E+03     0.184011E+03     0.184517E+03     0.184167E+03     0.184058E+03     0.183886E+03     0.183726E+03     0.183475E+03     0.183249E+03     0.182945E+03     0.182543E+03     0.182410E+03     0.181970E+03     0.181811E+03     0.181574E+03     0.181389E+03     0.181159E+03     0.181491E+03     0.181373E+03     0.181242E+03     0.181655E+03     0.181419E+03     0.181248E+03     0.181148E+03     0.180710E+03     0.180048E+03     0.179881E+03     0.179566E+03     0.179319E+03     0.179238E+03     0.179195E+03     0.179073E+03     0.179279E+03     0.179504E+03     0.179447E+03     0.179837E+03     0.179764E+03     0.179700E+03     0.179682E+03     0.179636E+03     0.179576E+03     0.179535E+03     0.179472E+03     0.179437E+03     0.179375E+03     0.100000E+21
 0.148000E+04     0.228369E+03     0.227924E+03     0.227707E+03     0.227843E+03     0.227517E+03     0.227822E+03     0.227822E+03     0.227589E+03     0.228106E+03     0.227660E+03     0.227693E+03     0.227603E+03     0.227366E+03     0.226531E+03     0.226216E+03     0.225201E+03     0.223844E+03     0.223584E+03     0.221215E+03     0.220942E+03     0.219987E+03     0.218456E+03     0.217895E+03     0.217120E+03     0.216936E+03     0.216818E+03     0.217576E+03     0.217241E+03     0.218813E+03     0.219424E+03     0.219567E+03     0.220718E+03     0.220316E+03     0.220007E+03     0.219568E+03     0.219321E+03     0.216787E+03     0.216289E+03     0.214706E+03     0.212499E+03     0.212138E+03     0.209913E+03     0.209438E+03     0.208383E+03     0.207349E+03     0.206357E+03     0.205861E+03     0.205281E+03     0.204109E+03     0.203171E+03     0.201762E+03     0.200600E+03     0.199919E+03     0.198263E+03     0.197418E+03     0.196273E+03     0.196026E+03     0.195372E+03     0.194761E+03     0.192793E+03     0.191748E+03     0.190421E+03     0.188589E+03     0.188119E+03     0.188986E+03     0.188390E+03     0.188206E+03     0.188472E+03     0.188024E+03     0.188974E+03     0.188534E+03     0.187747E+03     0.187374E+03     0.186563E+03     0.185338E+03     0.185146E+03     0.184335E+03     0.184038E+03     0.183601E+03     0.184272E+03     0.184446E+03     0.184255E+03     0.184654E+03     0.184289E+03     0.184146E+03     0.183934E+03     0.183772E+03     0.183483E+03     0.183288E+03     0.182959E+03     0.182585E+03     0.182453E+03     0.182075E+03     0.181920E+03     0.181678E+03     0.181553E+03     0.181334E+03     0.181547E+03     0.181440E+03     0.181350E+03     0.181635E+03     0.181375E+03     0.181182E+03     0.181018E+03     0.180570E+03     0.179951E+03     0.179771E+03     0.179492E+03     0.179233E+03     0.179156E+03     0.179072E+03     0.178952E+03     0.179155E+03     0.179350E+03     0.179291E+03     0.179825E+03     0.179759E+03     0.179702E+03     0.179681E+03     0.179636E+03     0.179576E+03     0.179536E+03     0.179472E+03     0.179439E+03     0.179375E+03     0.100000E+21
 0.150000E+04     0.228520E+03     0.227975E+03     0.227792E+03     0.227965E+03     0.227610E+03     0.227919E+03     0.227970E+03     0.227762E+03     0.228257E+03     0.227781E+03     0.227780E+03     0.227644E+03     0.227418E+03     0.226422E+03     0.226134E+03     0.224976E+03     0.223612E+03     0.223376E+03     0.220968E+03     0.220720E+03     0.219614E+03     0.218380E+03     0.217796E+03     0.217299E+03     0.217109E+03     0.217165E+03     0.218001E+03     0.217608E+03     0.219041E+03     0.219819E+03     0.220023E+03     0.220935E+03     0.220498E+03     0.219982E+03     0.219376E+03     0.219139E+03     0.216200E+03     0.215601E+03     0.214026E+03     0.211871E+03     0.211539E+03     0.209369E+03     0.208920E+03     0.207812E+03     0.207014E+03     0.206003E+03     0.205791E+03     0.205265E+03     0.204126E+03     0.203559E+03     0.202009E+03     0.201157E+03     0.200438E+03     0.198653E+03     0.197783E+03     0.196546E+03     0.196172E+03     0.195439E+03     0.194875E+03     0.192733E+03     0.191605E+03     0.190351E+03     0.188501E+03     0.188049E+03     0.188821E+03     0.188280E+03     0.188252E+03     0.188530E+03     0.188110E+03     0.189536E+03     0.189125E+03     0.188417E+03     0.188193E+03     0.187258E+03     0.186241E+03     0.185953E+03     0.185136E+03     0.184805E+03     0.184270E+03     0.184694E+03     0.184798E+03     0.184610E+03     0.184882E+03     0.184491E+03     0.184277E+03     0.183991E+03     0.183838E+03     0.183495E+03     0.183323E+03     0.182985E+03     0.182628E+03     0.182502E+03     0.182230E+03     0.182095E+03     0.181868E+03     0.181788E+03     0.181542E+03     0.181643E+03     0.181536E+03     0.181446E+03     0.181587E+03     0.181312E+03     0.181055E+03     0.180867E+03     0.180345E+03     0.179782E+03     0.179601E+03     0.179374E+03     0.179134E+03     0.179058E+03     0.178888E+03     0.178743E+03     0.178975E+03     0.179163E+03     0.179108E+03     0.179808E+03     0.179749E+03     0.179699E+03     0.179678E+03     0.179636E+03     0.179576E+03     0.179540E+03     0.179472E+03     0.179443E+03     0.179374E+03     0.100000E+21
 0.152000E+04     0.228560E+03     0.227977E+03     0.227800E+03     0.227965E+03     0.227604E+03     0.227899E+03     0.227970E+03     0.227768E+03     0.228257E+03     0.227769E+03     0.227778E+03     0.227644E+03     0.227421E+03     0.226422E+03     0.226148E+03     0.224950E+03     0.223607E+03     0.223376E+03     0.220968E+03     0.220730E+03     0.219561E+03     0.218389E+03     0.217793E+03     0.217299E+03     0.217114E+03     0.217207E+03     0.218001E+03     0.217602E+03     0.218962E+03     0.219819E+03     0.220055E+03     0.220935E+03     0.220489E+03     0.219989E+03     0.219376E+03     0.219144E+03     0.216200E+03     0.215585E+03     0.214000E+03     0.211865E+03     0.211539E+03     0.209369E+03     0.208939E+03     0.207797E+03     0.207029E+03     0.206003E+03     0.205791E+03     0.205282E+03     0.204126E+03     0.203586E+03     0.201996E+03     0.201173E+03     0.200447E+03     0.198617E+03     0.197783E+03     0.196524E+03     0.196164E+03     0.195439E+03     0.194889E+03     0.192733E+03     0.191578E+03     0.190350E+03     0.188496E+03     0.188049E+03     0.188821E+03     0.188305E+03     0.188299E+03     0.188519E+03     0.188110E+03     0.189536E+03     0.189140E+03     0.188424E+03     0.188208E+03     0.187253E+03     0.186241E+03     0.185959E+03     0.185120E+03     0.184805E+03     0.184262E+03     0.184664E+03     0.184798E+03     0.184619E+03     0.184882E+03     0.184482E+03     0.184277E+03     0.183991E+03     0.183841E+03     0.183495E+03     0.183331E+03     0.182983E+03     0.182625E+03     0.182502E+03     0.182230E+03     0.182101E+03     0.181870E+03     0.181792E+03     0.181542E+03     0.181643E+03     0.181539E+03     0.181458E+03     0.181592E+03     0.181310E+03     0.181063E+03     0.180868E+03     0.180323E+03     0.179782E+03     0.179597E+03     0.179378E+03     0.179134E+03     0.179060E+03     0.178888E+03     0.178740E+03     0.178978E+03     0.179162E+03     0.179108E+03     0.179808E+03     0.179751E+03     0.179702E+03     0.179677E+03     0.179636E+03     0.179576E+03     0.179541E+03     0.179472E+03     0.179444E+03     0.179373E+03     0.100000E+21
 0.154000E+04     0.228633E+03     0.228271E+03     0.228073E+03     0.228260E+03     0.227922E+03     0.228192E+03     0.228152E+03     0.227927E+03     0.228190E+03     0.227746E+03     0.227573E+03     0.227300E+03     0.227064E+03     0.225936E+03     0.225613E+03     0.224587E+03     0.223222E+03     0.222970E+03     0.220777E+03     0.220503E+03     0.219664E+03     0.218510E+03     0.217956E+03     0.217831E+03     0.217627E+03     0.217639E+03     0.218711E+03     0.218332E+03     0.219813E+03     0.220320E+03     0.220262E+03     0.220843E+03     0.220433E+03     0.219432E+03     0.218507E+03     0.218254E+03     0.214871E+03     0.214317E+03     0.212836E+03     0.210735E+03     0.210384E+03     0.208661E+03     0.208159E+03     0.207204E+03     0.206444E+03     0.205474E+03     0.205462E+03     0.204889E+03     0.204075E+03     0.204156E+03     0.202713E+03     0.202125E+03     0.201563E+03     0.199774E+03     0.198489E+03     0.197315E+03     0.196644E+03     0.195731E+03     0.195124E+03     0.193512E+03     0.192460E+03     0.190888E+03     0.188802E+03     0.188332E+03     0.188649E+03     0.188042E+03     0.188075E+03     0.188692E+03     0.188240E+03     0.190420E+03     0.189968E+03     0.189443E+03     0.189593E+03     0.188712E+03     0.187699E+03     0.187391E+03     0.186568E+03     0.186026E+03     0.185512E+03     0.185644E+03     0.185490E+03     0.185209E+03     0.185343E+03     0.184976E+03     0.184666E+03     0.184321E+03     0.184161E+03     0.183755E+03     0.183562E+03     0.183224E+03     0.182838E+03     0.182705E+03     0.182600E+03     0.182451E+03     0.182284E+03     0.182306E+03     0.182072E+03     0.182070E+03     0.181954E+03     0.181805E+03     0.181875E+03     0.181620E+03     0.181205E+03     0.180977E+03     0.180468E+03     0.179729E+03     0.179558E+03     0.179314E+03     0.179086E+03     0.179005E+03     0.178938E+03     0.178803E+03     0.178923E+03     0.179015E+03     0.178958E+03     0.179816E+03     0.179749E+03     0.179696E+03     0.179681E+03     0.179636E+03     0.179576E+03     0.179536E+03     0.179472E+03     0.179440E+03     0.179375E+03     0.100000E+21
 0.156000E+04     0.228614E+03     0.228273E+03     0.228073E+03     0.228260E+03     0.227919E+03     0.228202E+03     0.228152E+03     0.227932E+03     0.228190E+03     0.227746E+03     0.227574E+03     0.227300E+03     0.227068E+03     0.225936E+03     0.225612E+03     0.224600E+03     0.223217E+03     0.222970E+03     0.220777E+03     0.220506E+03     0.219692E+03     0.218512E+03     0.217952E+03     0.217831E+03     0.217632E+03     0.217624E+03     0.218711E+03     0.218328E+03     0.219859E+03     0.220320E+03     0.220271E+03     0.220843E+03     0.220431E+03     0.219425E+03     0.218507E+03     0.218260E+03     0.214871E+03     0.214319E+03     0.212846E+03     0.210728E+03     0.210384E+03     0.208661E+03     0.208161E+03     0.207211E+03     0.206454E+03     0.205474E+03     0.205462E+03     0.204900E+03     0.204057E+03     0.204152E+03     0.202700E+03     0.202125E+03     0.201574E+03     0.199767E+03     0.198489E+03     0.197304E+03     0.196645E+03     0.195731E+03     0.195137E+03     0.193512E+03     0.192461E+03     0.190889E+03     0.188794E+03     0.188332E+03     0.188649E+03     0.188041E+03     0.188046E+03     0.188682E+03     0.188240E+03     0.190420E+03     0.189975E+03     0.189427E+03     0.189595E+03     0.188706E+03     0.187699E+03     0.187398E+03     0.186572E+03     0.186026E+03     0.185507E+03     0.185653E+03     0.185490E+03     0.185211E+03     0.185343E+03     0.184975E+03     0.184666E+03     0.184321E+03     0.184164E+03     0.183755E+03     0.183561E+03     0.183225E+03     0.182835E+03     0.182705E+03     0.182600E+03     0.182452E+03     0.182280E+03     0.182308E+03     0.182072E+03     0.182070E+03     0.181956E+03     0.181801E+03     0.181873E+03     0.181618E+03     0.181195E+03     0.180979E+03     0.180460E+03     0.179729E+03     0.179556E+03     0.179312E+03     0.179086E+03     0.179007E+03     0.178938E+03     0.178804E+03     0.178922E+03     0.179014E+03     0.178958E+03     0.179816E+03     0.179749E+03     0.179694E+03     0.179680E+03     0.179636E+03     0.179576E+03     0.179537E+03     0.179472E+03     0.179440E+03     0.179375E+03     0.100000E+21
 0.158000E+04     0.228529E+03     0.228447E+03     0.228168E+03     0.228301E+03     0.228031E+03     0.228280E+03     0.228162E+03     0.227932E+03     0.228100E+03     0.227697E+03     0.227414E+03     0.227040E+03     0.226808E+03     0.225744E+03     0.225487E+03     0.224508E+03     0.223107E+03     0.222842E+03     0.220770E+03     0.220485E+03     0.219860E+03     0.218567E+03     0.218042E+03     0.217904E+03     0.217779E+03     0.217601E+03     0.218788E+03     0.218487E+03     0.220129E+03     0.220371E+03     0.220215E+03     0.220755E+03     0.220326E+03     0.219147E+03     0.218037E+03     0.217812E+03     0.214442E+03     0.214198E+03     0.212497E+03     0.210334E+03     0.209965E+03     0.208458E+03     0.207972E+03     0.207089E+03     0.206182E+03     0.205176E+03     0.205283E+03     0.204614E+03     0.203869E+03     0.204093E+03     0.202707E+03     0.202201E+03     0.201919E+03     0.200109E+03     0.198617E+03     0.197631E+03     0.196824E+03     0.195891E+03     0.195259E+03     0.193833E+03     0.192737E+03     0.191193E+03     0.189083E+03     0.188612E+03     0.188615E+03     0.187960E+03     0.187941E+03     0.188754E+03     0.188304E+03     0.190640E+03     0.190196E+03     0.189436E+03     0.189837E+03     0.189074E+03     0.187827E+03     0.187724E+03     0.186807E+03     0.186119E+03     0.185728E+03     0.185798E+03     0.185619E+03     0.185325E+03     0.185433E+03     0.185088E+03     0.184802E+03     0.184513E+03     0.184344E+03     0.183842E+03     0.183570E+03     0.183301E+03     0.182913E+03     0.182784E+03     0.182674E+03     0.182506E+03     0.182334E+03     0.182504E+03     0.182321E+03     0.182163E+03     0.182114E+03     0.181844E+03     0.181911E+03     0.181709E+03     0.181199E+03     0.181122E+03     0.180592E+03     0.179762E+03     0.179621E+03     0.179346E+03     0.179119E+03     0.179035E+03     0.179008E+03     0.178848E+03     0.179003E+03     0.179132E+03     0.179077E+03     0.179824E+03     0.179749E+03     0.179690E+03     0.179682E+03     0.179636E+03     0.179576E+03     0.179535E+03     0.179472E+03     0.179437E+03     0.179375E+03     0.100000E+21
 0.160000E+04     0.228961E+03     0.228722E+03     0.228484E+03     0.228568E+03     0.228223E+03     0.228313E+03     0.228176E+03     0.227959E+03     0.227836E+03     0.227382E+03     0.227078E+03     0.226674E+03     0.226443E+03     0.225346E+03     0.225033E+03     0.224100E+03     0.222911E+03     0.222667E+03     0.220755E+03     0.220491E+03     0.219694E+03     0.218728E+03     0.218162E+03     0.218241E+03     0.218043E+03     0.218082E+03     0.219127E+03     0.218741E+03     0.219996E+03     0.220444E+03     0.220223E+03     0.220392E+03     0.219972E+03     0.218613E+03     0.217389E+03     0.217144E+03     0.213487E+03     0.212919E+03     0.211610E+03     0.209723E+03     0.209382E+03     0.208034E+03     0.207550E+03     0.206540E+03     0.205745E+03     0.204757E+03     0.204714E+03     0.204161E+03     0.203562E+03     0.204149E+03     0.202666E+03     0.202729E+03     0.202470E+03     0.200633E+03     0.199414E+03     0.198216E+03     0.197240E+03     0.196112E+03     0.195525E+03     0.194669E+03     0.193593E+03     0.191808E+03     0.189472E+03     0.189012E+03     0.188544E+03     0.187957E+03     0.188097E+03     0.188828E+03     0.188391E+03     0.191189E+03     0.190754E+03     0.190266E+03     0.190502E+03     0.189600E+03     0.188567E+03     0.188269E+03     0.187338E+03     0.186624E+03     0.186101E+03     0.186046E+03     0.185799E+03     0.185551E+03     0.185741E+03     0.185365E+03     0.185097E+03     0.184780E+03     0.184624E+03     0.184028E+03     0.183841E+03     0.183460E+03     0.183023E+03     0.182894E+03     0.182834E+03     0.182690E+03     0.182645E+03     0.182914E+03     0.182675E+03     0.182516E+03     0.182403E+03     0.182192E+03     0.182111E+03     0.181850E+03     0.181528E+03     0.181334E+03     0.180749E+03     0.179929E+03     0.179754E+03     0.179444E+03     0.179164E+03     0.179086E+03     0.179173E+03     0.179035E+03     0.179183E+03     0.179299E+03     0.179243E+03     0.179842E+03     0.179777E+03     0.179714E+03     0.179680E+03     0.179636E+03     0.179576E+03     0.179538E+03     0.179472E+03     0.179441E+03     0.179374E+03     0.100000E+21
 0.162000E+04     0.229000E+03     0.228727E+03     0.228493E+03     0.228568E+03     0.228209E+03     0.228284E+03     0.228176E+03     0.227972E+03     0.227836E+03     0.227352E+03     0.227078E+03     0.226674E+03     0.226450E+03     0.225346E+03     0.225067E+03     0.224048E+03     0.222899E+03     0.222667E+03     0.220755E+03     0.220514E+03     0.219599E+03     0.218748E+03     0.218156E+03     0.218241E+03     0.218054E+03     0.218205E+03     0.219127E+03     0.218729E+03     0.219822E+03     0.220444E+03     0.220236E+03     0.220392E+03     0.219948E+03     0.218675E+03     0.217389E+03     0.217155E+03     0.213487E+03     0.212877E+03     0.211559E+03     0.209710E+03     0.209382E+03     0.208034E+03     0.207598E+03     0.206504E+03     0.205778E+03     0.204757E+03     0.204714E+03     0.204199E+03     0.203715E+03     0.204215E+03     0.202639E+03     0.202646E+03     0.202490E+03     0.200520E+03     0.199414E+03     0.198163E+03     0.197268E+03     0.196112E+03     0.195558E+03     0.194669E+03     0.193523E+03     0.191802E+03     0.189461E+03     0.189012E+03     0.188544E+03     0.188019E+03     0.188253E+03     0.188803E+03     0.188391E+03     0.191189E+03     0.190789E+03     0.190348E+03     0.190538E+03     0.189589E+03     0.188567E+03     0.188283E+03     0.187260E+03     0.186624E+03     0.186084E+03     0.186024E+03     0.185799E+03     0.185564E+03     0.185741E+03     0.185344E+03     0.185099E+03     0.184780E+03     0.184629E+03     0.184028E+03     0.183862E+03     0.183452E+03     0.183018E+03     0.182894E+03     0.182834E+03     0.182703E+03     0.182694E+03     0.182924E+03     0.182675E+03     0.182516E+03     0.182410E+03     0.182196E+03     0.182124E+03     0.181844E+03     0.181556E+03     0.181337E+03     0.180680E+03     0.179929E+03     0.179746E+03     0.179460E+03     0.179164E+03     0.179090E+03     0.179173E+03     0.179026E+03     0.179189E+03     0.179297E+03     0.179243E+03     0.179842E+03     0.179784E+03     0.179720E+03     0.179677E+03     0.179636E+03     0.179576E+03     0.179541E+03     0.179472E+03     0.179444E+03     0.179374E+03     0.100000E+21
 0.164000E+04     0.229295E+03     0.229188E+03     0.228891E+03     0.228801E+03     0.228469E+03     0.228316E+03     0.228033E+03     0.227804E+03     0.227296E+03     0.226875E+03     0.226443E+03     0.225954E+03     0.225717E+03     0.224813E+03     0.224455E+03     0.223745E+03     0.222740E+03     0.222485E+03     0.220765E+03     0.220480E+03     0.219859E+03     0.218745E+03     0.218201E+03     0.218265E+03     0.218059E+03     0.217947E+03     0.219093E+03     0.218718E+03     0.220078E+03     0.220244E+03     0.219932E+03     0.219902E+03     0.219505E+03     0.217898E+03     0.216616E+03     0.216363E+03     0.212718E+03     0.212210E+03     0.211094E+03     0.209446E+03     0.209094E+03     0.208173E+03     0.207639E+03     0.206662E+03     0.205601E+03     0.204642E+03     0.204258E+03     0.203674E+03     0.202865E+03     0.203597E+03     0.202210E+03     0.202969E+03     0.202669E+03     0.200950E+03     0.199619E+03     0.198467E+03     0.197193E+03     0.195983E+03     0.195368E+03     0.195327E+03     0.194339E+03     0.192541E+03     0.190283E+03     0.189812E+03     0.189044E+03     0.188380E+03     0.188371E+03     0.189178E+03     0.188721E+03     0.192166E+03     0.191700E+03     0.191047E+03     0.191076E+03     0.190216E+03     0.188931E+03     0.188620E+03     0.187775E+03     0.186933E+03     0.186425E+03     0.186433E+03     0.186175E+03     0.185967E+03     0.186297E+03     0.185944E+03     0.185568E+03     0.185186E+03     0.185025E+03     0.184395E+03     0.184179E+03     0.183819E+03     0.183354E+03     0.183220E+03     0.182991E+03     0.182833E+03     0.182767E+03     0.183237E+03     0.183007E+03     0.182857E+03     0.182739E+03     0.182483E+03     0.182182E+03     0.181941E+03     0.181599E+03     0.181453E+03     0.180935E+03     0.180066E+03     0.179899E+03     0.179429E+03     0.179083E+03     0.179001E+03     0.179111E+03     0.178985E+03     0.179170E+03     0.179360E+03     0.179302E+03     0.179836E+03     0.179764E+03     0.179702E+03     0.179682E+03     0.179636E+03     0.179576E+03     0.179535E+03     0.179472E+03     0.179438E+03     0.179375E+03     0.100000E+21
 0.166000E+04     0.229285E+03     0.229195E+03     0.228878E+03     0.228801E+03     0.228449E+03     0.228308E+03     0.228033E+03     0.227822E+03     0.227296E+03     0.226826E+03     0.226446E+03     0.225954E+03     0.225727E+03     0.224813E+03     0.224518E+03     0.223691E+03     0.222723E+03     0.222485E+03     0.220765E+03     0.220513E+03     0.219661E+03     0.218772E+03     0.218193E+03     0.218265E+03     0.218073E+03     0.218152E+03     0.219093E+03     0.218702E+03     0.219765E+03     0.220244E+03     0.219929E+03     0.219902E+03     0.219470E+03     0.218002E+03     0.216616E+03     0.216377E+03     0.212718E+03     0.212128E+03     0.211037E+03     0.209429E+03     0.209094E+03     0.208173E+03     0.207713E+03     0.206560E+03     0.205646E+03     0.204642E+03     0.204258E+03     0.203724E+03     0.203181E+03     0.203703E+03     0.202172E+03     0.202647E+03     0.202696E+03     0.200788E+03     0.199619E+03     0.198393E+03     0.197266E+03     0.195983E+03     0.195412E+03     0.195327E+03     0.194214E+03     0.192534E+03     0.190267E+03     0.189812E+03     0.189044E+03     0.188490E+03     0.188609E+03     0.189145E+03     0.188721E+03     0.192166E+03     0.191749E+03     0.191155E+03     0.191127E+03     0.190201E+03     0.188931E+03     0.188640E+03     0.187642E+03     0.186933E+03     0.186401E+03     0.186384E+03     0.186175E+03     0.185996E+03     0.186297E+03     0.185911E+03     0.185575E+03     0.185186E+03     0.185033E+03     0.184395E+03     0.184219E+03     0.183804E+03     0.183346E+03     0.183220E+03     0.182991E+03     0.182853E+03     0.182894E+03     0.183250E+03     0.183007E+03     0.182857E+03     0.182748E+03     0.182449E+03     0.182205E+03     0.181934E+03     0.181652E+03     0.181457E+03     0.180841E+03     0.180066E+03     0.179887E+03     0.179467E+03     0.179083E+03     0.179007E+03     0.179111E+03     0.178968E+03     0.179182E+03     0.179357E+03     0.179302E+03     0.179836E+03     0.179775E+03     0.179714E+03     0.179678E+03     0.179636E+03     0.179576E+03     0.179539E+03     0.179472E+03     0.179442E+03     0.179374E+03     0.100000E+21
 0.168000E+04     0.229328E+03     0.229329E+03     0.228958E+03     0.228817E+03     0.228499E+03     0.228290E+03     0.227922E+03     0.227711E+03     0.227152E+03     0.226747E+03     0.226256E+03     0.225698E+03     0.225468E+03     0.224705E+03     0.224401E+03     0.223684E+03     0.222717E+03     0.222462E+03     0.220757E+03     0.220475E+03     0.219825E+03     0.218677E+03     0.218108E+03     0.218184E+03     0.217903E+03     0.217857E+03     0.218994E+03     0.218535E+03     0.219965E+03     0.220073E+03     0.219821E+03     0.219855E+03     0.219442E+03     0.217868E+03     0.216616E+03     0.216365E+03     0.212802E+03     0.212248E+03     0.211254E+03     0.209757E+03     0.209423E+03     0.208490E+03     0.207893E+03     0.206878E+03     0.205914E+03     0.205014E+03     0.204375E+03     0.203849E+03     0.202924E+03     0.203553E+03     0.202128E+03     0.202890E+03     0.202516E+03     0.200849E+03     0.199586E+03     0.198400E+03     0.197095E+03     0.195769E+03     0.195185E+03     0.195251E+03     0.194276E+03     0.192635E+03     0.190643E+03     0.190175E+03     0.189314E+03     0.188552E+03     0.188584E+03     0.189417E+03     0.188996E+03     0.192339E+03     0.191898E+03     0.191157E+03     0.191242E+03     0.190438E+03     0.188978E+03     0.188728E+03     0.187837E+03     0.186985E+03     0.186522E+03     0.186539E+03     0.186421E+03     0.186187E+03     0.186452E+03     0.186107E+03     0.185722E+03     0.185320E+03     0.185154E+03     0.184473E+03     0.184222E+03     0.183920E+03     0.183524E+03     0.183404E+03     0.183073E+03     0.182907E+03     0.182827E+03     0.183318E+03     0.183106E+03     0.182938E+03     0.182875E+03     0.182546E+03     0.182240E+03     0.182035E+03     0.181637E+03     0.181504E+03     0.180970E+03     0.180094E+03     0.179943E+03     0.179434E+03     0.179035E+03     0.178959E+03     0.179049E+03     0.178947E+03     0.179113E+03     0.179299E+03     0.179241E+03     0.179812E+03     0.179748E+03     0.179692E+03     0.179682E+03     0.179636E+03     0.179576E+03     0.179536E+03     0.179472E+03     0.179438E+03     0.179375E+03     0.100000E+21
 0.170000E+04     0.229612E+03     0.229571E+03     0.229205E+03     0.228905E+03     0.228571E+03     0.228150E+03     0.227749E+03     0.227522E+03     0.226680E+03     0.226256E+03     0.225804E+03     0.225294E+03     0.225059E+03     0.224445E+03     0.224092E+03     0.223487E+03     0.222679E+03     0.222427E+03     0.220738E+03     0.220455E+03     0.219777E+03     0.218507E+03     0.217959E+03     0.217812E+03     0.217607E+03     0.217488E+03     0.218557E+03     0.218179E+03     0.219597E+03     0.219801E+03     0.219545E+03     0.219658E+03     0.219260E+03     0.217801E+03     0.216616E+03     0.216365E+03     0.213022E+03     0.212508E+03     0.211626E+03     0.210283E+03     0.209934E+03     0.209269E+03     0.208741E+03     0.207719E+03     0.206563E+03     0.205599E+03     0.204783E+03     0.204205E+03     0.203286E+03     0.203388E+03     0.201990E+03     0.202562E+03     0.202254E+03     0.200575E+03     0.199413E+03     0.198254E+03     0.196766E+03     0.195439E+03     0.194830E+03     0.195027E+03     0.194030E+03     0.192853E+03     0.191223E+03     0.190755E+03     0.189961E+03     0.189305E+03     0.189226E+03     0.189875E+03     0.189423E+03     0.192833E+03     0.192371E+03     0.191712E+03     0.191678E+03     0.190813E+03     0.189225E+03     0.188917E+03     0.188065E+03     0.187241E+03     0.186730E+03     0.186977E+03     0.186809E+03     0.186632E+03     0.187025E+03     0.186670E+03     0.186081E+03     0.185530E+03     0.185370E+03     0.184667E+03     0.184455E+03     0.184168E+03     0.183821E+03     0.183688E+03     0.183281E+03     0.183125E+03     0.183057E+03     0.183498E+03     0.183266E+03     0.183259E+03     0.183142E+03     0.182858E+03     0.182455E+03     0.182213E+03     0.181763E+03     0.181586E+03     0.181069E+03     0.180231E+03     0.180063E+03     0.179416E+03     0.178961E+03     0.178880E+03     0.178880E+03     0.178753E+03     0.178973E+03     0.179201E+03     0.179144E+03     0.179754E+03     0.179682E+03     0.179644E+03     0.179682E+03     0.179636E+03     0.179576E+03     0.179536E+03     0.179472E+03     0.179438E+03     0.179375E+03     0.100000E+21
 0.172000E+04     0.229532E+03     0.229576E+03     0.229165E+03     0.228905E+03     0.228553E+03     0.228182E+03     0.227749E+03     0.227538E+03     0.226680E+03     0.226210E+03     0.225807E+03     0.225294E+03     0.225067E+03     0.224445E+03     0.224150E+03     0.223456E+03     0.222666E+03     0.222427E+03     0.220738E+03     0.220485E+03     0.219555E+03     0.218532E+03     0.217952E+03     0.217812E+03     0.217620E+03     0.217671E+03     0.218557E+03     0.218166E+03     0.219286E+03     0.219801E+03     0.219555E+03     0.219658E+03     0.219227E+03     0.217891E+03     0.216616E+03     0.216377E+03     0.213022E+03     0.212432E+03     0.211590E+03     0.210269E+03     0.209934E+03     0.209269E+03     0.208810E+03     0.207603E+03     0.206603E+03     0.205599E+03     0.204783E+03     0.204249E+03     0.203449E+03     0.203489E+03     0.201958E+03     0.202303E+03     0.202277E+03     0.200441E+03     0.199413E+03     0.198187E+03     0.196864E+03     0.195439E+03     0.194867E+03     0.195027E+03     0.193914E+03     0.192850E+03     0.191210E+03     0.190755E+03     0.189961E+03     0.189407E+03     0.189437E+03     0.189847E+03     0.189423E+03     0.192833E+03     0.192416E+03     0.191798E+03     0.191726E+03     0.190800E+03     0.189225E+03     0.188934E+03     0.187941E+03     0.187241E+03     0.186709E+03     0.186889E+03     0.186809E+03     0.186662E+03     0.187025E+03     0.186639E+03     0.186099E+03     0.185530E+03     0.185376E+03     0.184667E+03     0.184491E+03     0.184164E+03     0.183815E+03     0.183688E+03     0.183281E+03     0.183143E+03     0.183172E+03     0.183509E+03     0.183266E+03     0.183259E+03     0.183150E+03     0.182806E+03     0.182477E+03     0.182206E+03     0.181836E+03     0.181589E+03     0.180985E+03     0.180231E+03     0.180052E+03     0.179470E+03     0.178961E+03     0.178884E+03     0.178880E+03     0.178738E+03     0.178986E+03     0.179199E+03     0.179144E+03     0.179754E+03     0.179693E+03     0.179665E+03     0.179678E+03     0.179636E+03     0.179576E+03     0.179539E+03     0.179472E+03     0.179442E+03     0.179374E+03     0.100000E+21
 0.174000E+04     0.229794E+03     0.229709E+03     0.229338E+03     0.228872E+03     0.228547E+03     0.227935E+03     0.227530E+03     0.227281E+03     0.226234E+03     0.225789E+03     0.225432E+03     0.224994E+03     0.224753E+03     0.224339E+03     0.223955E+03     0.223431E+03     0.222733E+03     0.222476E+03     0.220712E+03     0.220427E+03     0.219720E+03     0.218194E+03     0.217690E+03     0.217145E+03     0.217093E+03     0.216835E+03     0.217861E+03     0.217631E+03     0.219190E+03     0.219522E+03     0.219331E+03     0.219823E+03     0.219412E+03     0.218233E+03     0.217136E+03     0.216904E+03     0.213940E+03     0.213657E+03     0.212593E+03     0.211219E+03     0.210842E+03     0.210213E+03     0.209787E+03     0.208825E+03     0.207595E+03     0.206532E+03     0.205976E+03     0.205222E+03     0.204486E+03     0.203786E+03     0.202327E+03     0.202435E+03     0.202088E+03     0.200237E+03     0.198219E+03     0.197293E+03     0.196179E+03     0.195105E+03     0.194465E+03     0.193937E+03     0.192809E+03     0.192323E+03     0.191200E+03     0.190729E+03     0.190431E+03     0.189866E+03     0.189563E+03     0.189808E+03     0.189356E+03     0.192382E+03     0.191934E+03     0.191251E+03     0.191864E+03     0.190977E+03     0.189454E+03     0.189082E+03     0.188260E+03     0.187355E+03     0.186822E+03     0.187226E+03     0.187028E+03     0.186850E+03     0.187206E+03     0.186850E+03     0.186214E+03     0.185628E+03     0.185469E+03     0.184669E+03     0.184454E+03     0.184229E+03     0.183968E+03     0.183828E+03     0.183418E+03     0.183269E+03     0.183195E+03     0.183551E+03     0.183314E+03     0.183409E+03     0.183262E+03     0.183015E+03     0.182596E+03     0.182328E+03     0.181772E+03     0.181580E+03     0.181080E+03     0.180285E+03     0.180110E+03     0.179386E+03     0.178906E+03     0.178822E+03     0.178801E+03     0.178659E+03     0.178922E+03     0.179185E+03     0.179128E+03     0.179737E+03     0.179662E+03     0.179629E+03     0.179682E+03     0.179636E+03     0.179576E+03     0.179535E+03     0.179472E+03     0.179438E+03     0.179375E+03     0.100000E+21
 0.176000E+04     0.229653E+03     0.229810E+03     0.229282E+03     0.228866E+03     0.228507E+03     0.227960E+03     0.227369E+03     0.227165E+03     0.226074E+03     0.225590E+03     0.225247E+03     0.224777E+03     0.224553E+03     0.224286E+03     0.224008E+03     0.223398E+03     0.222743E+03     0.222511E+03     0.220701E+03     0.220460E+03     0.219296E+03     0.218083E+03     0.217491E+03     0.216984E+03     0.216797E+03     0.216877E+03     0.217684E+03     0.217287E+03     0.218567E+03     0.219324E+03     0.219336E+03     0.219866E+03     0.219423E+03     0.218498E+03     0.217517E+03     0.217283E+03     0.214366E+03     0.213756E+03     0.213028E+03     0.211832E+03     0.211504E+03     0.210677E+03     0.210240E+03     0.209065E+03     0.208227E+03     0.207206E+03     0.206373E+03     0.205858E+03     0.204671E+03     0.204064E+03     0.202488E+03     0.202302E+03     0.202015E+03     0.199689E+03     0.197983E+03     0.196732E+03     0.195935E+03     0.194859E+03     0.194304E+03     0.193501E+03     0.192356E+03     0.192061E+03     0.191160E+03     0.190711E+03     0.190668E+03     0.190143E+03     0.189842E+03     0.189719E+03     0.189307E+03     0.192194E+03     0.191793E+03     0.191542E+03     0.192015E+03     0.191066E+03     0.189501E+03     0.189218E+03     0.188127E+03     0.187379E+03     0.186839E+03     0.187141E+03     0.187186E+03     0.187001E+03     0.187263E+03     0.186866E+03     0.186308E+03     0.185699E+03     0.185549E+03     0.184670E+03     0.184503E+03     0.184276E+03     0.184055E+03     0.183931E+03     0.183483E+03     0.183352E+03     0.183352E+03     0.183596E+03     0.183348E+03     0.183452E+03     0.183346E+03     0.182982E+03     0.182668E+03     0.182388E+03     0.181923E+03     0.181580E+03     0.180970E+03     0.180298E+03     0.180114E+03     0.179467E+03     0.178866E+03     0.178792E+03     0.178766E+03     0.178619E+03     0.178918E+03     0.179170E+03     0.179116E+03     0.179728E+03     0.179670E+03     0.179656E+03     0.179677E+03     0.179636E+03     0.179576E+03     0.179541E+03     0.179472E+03     0.179444E+03     0.179374E+03     0.100000E+21
 0.178000E+04     0.229724E+03     0.229831E+03     0.229321E+03     0.228824E+03     0.228471E+03     0.227834E+03     0.227207E+03     0.227007E+03     0.225918E+03     0.225464E+03     0.225106E+03     0.224634E+03     0.224405E+03     0.224282E+03     0.223970E+03     0.223424E+03     0.222805E+03     0.222565E+03     0.220670E+03     0.220405E+03     0.219353E+03     0.217866E+03     0.217263E+03     0.216719E+03     0.216442E+03     0.216510E+03     0.217450E+03     0.217006E+03     0.218629E+03     0.219244E+03     0.219361E+03     0.220082E+03     0.219683E+03     0.218819E+03     0.218140E+03     0.217864E+03     0.214880E+03     0.214260E+03     0.213509E+03     0.212337E+03     0.212013E+03     0.210978E+03     0.210482E+03     0.209475E+03     0.208745E+03     0.207833E+03     0.206940E+03     0.206504E+03     0.205145E+03     0.204379E+03     0.202988E+03     0.202543E+03     0.202066E+03     0.199893E+03     0.197977E+03     0.196777E+03     0.195835E+03     0.194661E+03     0.194091E+03     0.193286E+03     0.192220E+03     0.191948E+03     0.191177E+03     0.190717E+03     0.190791E+03     0.190192E+03     0.189767E+03     0.189614E+03     0.189166E+03     0.191919E+03     0.191457E+03     0.191221E+03     0.191835E+03     0.190903E+03     0.189543E+03     0.189259E+03     0.188251E+03     0.187393E+03     0.186874E+03     0.187214E+03     0.187181E+03     0.186929E+03     0.187164E+03     0.186784E+03     0.186192E+03     0.185577E+03     0.185425E+03     0.184643E+03     0.184460E+03     0.184276E+03     0.184109E+03     0.183983E+03     0.183537E+03     0.183393E+03     0.183326E+03     0.183581E+03     0.183341E+03     0.183435E+03     0.183318E+03     0.183003E+03     0.182657E+03     0.182397E+03     0.181855E+03     0.181540E+03     0.180994E+03     0.180259E+03     0.180078E+03     0.179390E+03     0.178835E+03     0.178759E+03     0.178796E+03     0.178656E+03     0.178946E+03     0.179229E+03     0.179174E+03     0.179747E+03     0.179681E+03     0.179651E+03     0.179680E+03     0.179636E+03     0.179576E+03     0.179538E+03     0.179472E+03     0.179441E+03     0.179374E+03     0.100000E+21
 0.180000E+04     0.229895E+03     0.229874E+03     0.229397E+03     0.228709E+03     0.228377E+03     0.227520E+03     0.226941E+03     0.226712E+03     0.225514E+03     0.225096E+03     0.224778E+03     0.224395E+03     0.224158E+03     0.224271E+03     0.223909E+03     0.223458E+03     0.222907E+03     0.222653E+03     0.220595E+03     0.220309E+03     0.219521E+03     0.217414E+03     0.216870E+03     0.215991E+03     0.215784E+03     0.215662E+03     0.216823E+03     0.216447E+03     0.218721E+03     0.219110E+03     0.219318E+03     0.220668E+03     0.220273E+03     0.219718E+03     0.219161E+03     0.218907E+03     0.216124E+03     0.215623E+03     0.214651E+03     0.213203E+03     0.212851E+03     0.211693E+03     0.211156E+03     0.210360E+03     0.209833E+03     0.208874E+03     0.208434E+03     0.207849E+03     0.206656E+03     0.205256E+03     0.203875E+03     0.202814E+03     0.202172E+03     0.200171E+03     0.197959E+03     0.196808E+03     0.195538E+03     0.194336E+03     0.193721E+03     0.192741E+03     0.191760E+03     0.191681E+03     0.191197E+03     0.190726E+03     0.191080E+03     0.190409E+03     0.189817E+03     0.189392E+03     0.188935E+03     0.191232E+03     0.190765E+03     0.190278E+03     0.191468E+03     0.190610E+03     0.189661E+03     0.189350E+03     0.188461E+03     0.187431E+03     0.186923E+03     0.187306E+03     0.187173E+03     0.186853E+03     0.186901E+03     0.186549E+03     0.185940E+03     0.185376E+03     0.185215E+03     0.184581E+03     0.184362E+03     0.184264E+03     0.184200E+03     0.184066E+03     0.183667E+03     0.183509E+03     0.183364E+03     0.183560E+03     0.183330E+03     0.183389E+03     0.183271E+03     0.183007E+03     0.182647E+03     0.182408E+03     0.181692E+03     0.181472E+03     0.180974E+03     0.180151E+03     0.179984E+03     0.179270E+03     0.178783E+03     0.178702E+03     0.178869E+03     0.178745E+03     0.179024E+03     0.179327E+03     0.179269E+03     0.179791E+03     0.179718E+03     0.179669E+03     0.179682E+03     0.179636E+03     0.179576E+03     0.179535E+03     0.179472E+03     0.179437E+03     0.179375E+03     0.100000E+21
 0.182000E+04     0.229794E+03     0.229877E+03     0.229352E+03     0.228709E+03     0.228368E+03     0.227568E+03     0.226941E+03     0.226720E+03     0.225514E+03     0.225070E+03     0.224778E+03     0.224395E+03     0.224163E+03     0.224271E+03     0.223947E+03     0.223456E+03     0.222899E+03     0.222653E+03     0.220595E+03     0.220324E+03     0.219257E+03     0.217426E+03     0.216866E+03     0.215991E+03     0.215791E+03     0.215771E+03     0.216823E+03     0.216440E+03     0.218444E+03     0.219110E+03     0.219377E+03     0.220668E+03     0.220256E+03     0.219727E+03     0.219161E+03     0.218914E+03     0.216124E+03     0.215572E+03     0.214633E+03     0.213195E+03     0.212851E+03     0.211693E+03     0.211193E+03     0.210359E+03     0.209854E+03     0.208874E+03     0.208434E+03     0.207872E+03     0.206557E+03     0.205309E+03     0.203857E+03     0.202886E+03     0.202186E+03     0.200048E+03     0.197959E+03     0.196774E+03     0.195571E+03     0.194336E+03     0.193741E+03     0.192741E+03     0.191690E+03     0.191682E+03     0.191189E+03     0.190726E+03     0.191080E+03     0.190471E+03     0.189849E+03     0.189377E+03     0.188935E+03     0.191232E+03     0.190787E+03     0.190530E+03     0.191491E+03     0.190602E+03     0.189661E+03     0.189359E+03     0.188382E+03     0.187431E+03     0.186913E+03     0.187246E+03     0.187173E+03     0.186855E+03     0.186901E+03     0.186533E+03     0.185947E+03     0.185376E+03     0.185219E+03     0.184581E+03     0.184387E+03     0.184272E+03     0.184197E+03     0.184066E+03     0.183667E+03     0.183519E+03     0.183404E+03     0.183566E+03     0.183330E+03     0.183389E+03     0.183275E+03     0.182980E+03     0.182659E+03     0.182404E+03     0.181774E+03     0.181474E+03     0.180934E+03     0.180151E+03     0.179978E+03     0.179297E+03     0.178783E+03     0.178704E+03     0.178869E+03     0.178735E+03     0.179031E+03     0.179326E+03     0.179269E+03     0.179791E+03     0.179724E+03     0.179677E+03     0.179680E+03     0.179636E+03     0.179576E+03     0.179537E+03     0.179472E+03     0.179440E+03     0.179375E+03     0.100000E+21
 0.184000E+04     0.229763E+03     0.229857E+03     0.229307E+03     0.228579E+03     0.228252E+03     0.227377E+03     0.226725E+03     0.226489E+03     0.225236E+03     0.224786E+03     0.224572E+03     0.224255E+03     0.224017E+03     0.224293E+03     0.223971E+03     0.223491E+03     0.222959E+03     0.222706E+03     0.220475E+03     0.220201E+03     0.219008E+03     0.217034E+03     0.216507E+03     0.215463E+03     0.215312E+03     0.215311E+03     0.216501E+03     0.216151E+03     0.218390E+03     0.219230E+03     0.219648E+03     0.221467E+03     0.221035E+03     0.220715E+03     0.220210E+03     0.219982E+03     0.217033E+03     0.216551E+03     0.215294E+03     0.213530E+03     0.213174E+03     0.211883E+03     0.211389E+03     0.210689E+03     0.210444E+03     0.209442E+03     0.209294E+03     0.208665E+03     0.207365E+03     0.205931E+03     0.204433E+03     0.203081E+03     0.202200E+03     0.199982E+03     0.197546E+03     0.196399E+03     0.195126E+03     0.193897E+03     0.193272E+03     0.192506E+03     0.191443E+03     0.191407E+03     0.190893E+03     0.190423E+03     0.190801E+03     0.190172E+03     0.189585E+03     0.189158E+03     0.188715E+03     0.190669E+03     0.190228E+03     0.190028E+03     0.191115E+03     0.190263E+03     0.189486E+03     0.189198E+03     0.188240E+03     0.187405E+03     0.186894E+03     0.187083E+03     0.186993E+03     0.186636E+03     0.186585E+03     0.186218E+03     0.185738E+03     0.185247E+03     0.185084E+03     0.184586E+03     0.184394E+03     0.184338E+03     0.184341E+03     0.184204E+03     0.183859E+03     0.183714E+03     0.183584E+03     0.183655E+03     0.183415E+03     0.183339E+03     0.183227E+03     0.182955E+03     0.182733E+03     0.182472E+03     0.181856E+03     0.181528E+03     0.180980E+03     0.180124E+03     0.179954E+03     0.179248E+03     0.178714E+03     0.178631E+03     0.178836E+03     0.178698E+03     0.179005E+03     0.179308E+03     0.179251E+03     0.179787E+03     0.179720E+03     0.179677E+03     0.179681E+03     0.179636E+03     0.179576E+03     0.179536E+03     0.179472E+03     0.179440E+03     0.179375E+03     0.100000E+21
 0.186000E+04     0.229670E+03     0.229851E+03     0.229160E+03     0.228500E+03     0.228139E+03     0.227340E+03     0.226537E+03     0.226336E+03     0.225052E+03     0.224565E+03     0.224418E+03     0.224134E+03     0.223911E+03     0.224308E+03     0.224034E+03     0.223519E+03     0.222982E+03     0.222752E+03     0.220391E+03     0.220154E+03     0.218555E+03     0.216783E+03     0.216187E+03     0.215136E+03     0.214951E+03     0.215224E+03     0.216300E+03     0.215901E+03     0.217955E+03     0.219332E+03     0.220143E+03     0.221967E+03     0.221521E+03     0.221399E+03     0.221125E+03     0.220893E+03     0.217679E+03     0.217064E+03     0.215688E+03     0.213782E+03     0.213455E+03     0.212020E+03     0.211590E+03     0.211000E+03     0.210958E+03     0.209932E+03     0.209854E+03     0.209345E+03     0.207702E+03     0.206432E+03     0.204842E+03     0.203414E+03     0.202260E+03     0.199551E+03     0.197295E+03     0.196035E+03     0.194890E+03     0.193514E+03     0.192965E+03     0.192346E+03     0.191191E+03     0.191208E+03     0.190610E+03     0.190163E+03     0.190598E+03     0.190082E+03     0.189463E+03     0.188932E+03     0.188524E+03     0.190282E+03     0.189887E+03     0.189973E+03     0.190907E+03     0.189952E+03     0.189379E+03     0.189097E+03     0.188043E+03     0.187389E+03     0.186846E+03     0.186941E+03     0.186838E+03     0.186454E+03     0.186381E+03     0.185982E+03     0.185592E+03     0.185135E+03     0.184985E+03     0.184590E+03     0.184426E+03     0.184419E+03     0.184447E+03     0.184325E+03     0.183995E+03     0.183866E+03     0.183712E+03     0.183737E+03     0.183488E+03     0.183307E+03     0.183203E+03     0.182941E+03     0.182797E+03     0.182514E+03     0.181983E+03     0.181581E+03     0.180889E+03     0.180107E+03     0.179922E+03     0.179270E+03     0.178653E+03     0.178580E+03     0.178812E+03     0.178664E+03     0.179002E+03     0.179289E+03     0.179236E+03     0.179784E+03     0.179727E+03     0.179689E+03     0.179677E+03     0.179636E+03     0.179576E+03     0.179541E+03     0.179472E+03     0.179444E+03     0.179373E+03     0.100000E+21
 0.188000E+04     0.229694E+03     0.229849E+03     0.229191E+03     0.228500E+03     0.228145E+03     0.227313E+03     0.226537E+03     0.226329E+03     0.225052E+03     0.224576E+03     0.224419E+03     0.224134E+03     0.223908E+03     0.224308E+03     0.224021E+03     0.223519E+03     0.222987E+03     0.222752E+03     0.220391E+03     0.220144E+03     0.218641E+03     0.216775E+03     0.216190E+03     0.215136E+03     0.214946E+03     0.215168E+03     0.216300E+03     0.215906E+03     0.218070E+03     0.219332E+03     0.220076E+03     0.221967E+03     0.221531E+03     0.221402E+03     0.221125E+03     0.220888E+03     0.217679E+03     0.217081E+03     0.215709E+03     0.213788E+03     0.213455E+03     0.212020E+03     0.211570E+03     0.210980E+03     0.210944E+03     0.209932E+03     0.209854E+03     0.209328E+03     0.207744E+03     0.206406E+03     0.204855E+03     0.203363E+03     0.202251E+03     0.199649E+03     0.197295E+03     0.196058E+03     0.194869E+03     0.193514E+03     0.192950E+03     0.192346E+03     0.191218E+03     0.191207E+03     0.190615E+03     0.190163E+03     0.190598E+03     0.190057E+03     0.189445E+03     0.188943E+03     0.188524E+03     0.190282E+03     0.189871E+03     0.189901E+03     0.190892E+03     0.189957E+03     0.189379E+03     0.189091E+03     0.188076E+03     0.187389E+03     0.186854E+03     0.186956E+03     0.186838E+03     0.186457E+03     0.186381E+03     0.185990E+03     0.185589E+03     0.185135E+03     0.184983E+03     0.184590E+03     0.184419E+03     0.184410E+03     0.184450E+03     0.184325E+03     0.183995E+03     0.183861E+03     0.183705E+03     0.183733E+03     0.183488E+03     0.183307E+03     0.183200E+03     0.182943E+03     0.182792E+03     0.182517E+03     0.181959E+03     0.181580E+03     0.180920E+03     0.180107E+03     0.179926E+03     0.179253E+03     0.178653E+03     0.178578E+03     0.178812E+03     0.178667E+03     0.178997E+03     0.179290E+03     0.179236E+03     0.179784E+03     0.179725E+03     0.179685E+03     0.179678E+03     0.179636E+03     0.179576E+03     0.179540E+03     0.179472E+03     0.179443E+03     0.179374E+03     0.100000E+21
 0.190000E+04     0.229722E+03     0.229789E+03     0.229189E+03     0.228333E+03     0.227996E+03     0.227001E+03     0.226255E+03     0.226030E+03     0.224755E+03     0.224313E+03     0.224206E+03     0.223995E+03     0.223758E+03     0.224352E+03     0.224027E+03     0.223570E+03     0.223071E+03     0.222819E+03     0.220248E+03     0.219974E+03     0.218668E+03     0.216364E+03     0.215811E+03     0.214830E+03     0.214626E+03     0.214820E+03     0.216411E+03     0.216033E+03     0.218919E+03     0.220057E+03     0.220848E+03     0.223488E+03     0.223079E+03     0.223122E+03     0.222983E+03     0.222731E+03     0.218669E+03     0.218118E+03     0.216188E+03     0.213518E+03     0.213168E+03     0.211487E+03     0.210983E+03     0.210595E+03     0.210989E+03     0.210020E+03     0.210430E+03     0.209856E+03     0.208495E+03     0.207128E+03     0.205688E+03     0.203485E+03     0.202270E+03     0.199648E+03     0.196226E+03     0.195053E+03     0.194562E+03     0.193759E+03     0.193150E+03     0.191504E+03     0.190456E+03     0.190250E+03     0.189563E+03     0.189093E+03     0.189582E+03     0.188971E+03     0.188528E+03     0.188353E+03     0.187901E+03     0.189341E+03     0.188888E+03     0.188819E+03     0.190135E+03     0.189257E+03     0.188948E+03     0.188639E+03     0.187763E+03     0.187067E+03     0.186554E+03     0.186586E+03     0.186378E+03     0.185977E+03     0.185829E+03     0.185462E+03     0.185234E+03     0.184957E+03     0.184796E+03     0.184790E+03     0.184596E+03     0.184573E+03     0.184624E+03     0.184491E+03     0.184215E+03     0.184065E+03     0.183865E+03     0.183815E+03     0.183581E+03     0.183278E+03     0.183161E+03     0.182994E+03     0.183020E+03     0.182767E+03     0.182257E+03     0.181993E+03     0.181344E+03     0.180250E+03     0.180079E+03     0.179208E+03     0.178557E+03     0.178476E+03     0.178596E+03     0.178462E+03     0.178773E+03     0.179085E+03     0.179028E+03     0.179730E+03     0.179662E+03     0.179639E+03     0.179681E+03     0.179636E+03     0.179576E+03     0.179536E+03     0.179472E+03     0.179439E+03     0.179375E+03     0.100000E+21
 0.192000E+04     0.229854E+03     0.229789E+03     0.229258E+03     0.228333E+03     0.228001E+03     0.226901E+03     0.226255E+03     0.226028E+03     0.224755E+03     0.224341E+03     0.224209E+03     0.223995E+03     0.223759E+03     0.224352E+03     0.223981E+03     0.223568E+03     0.223071E+03     0.222819E+03     0.220248E+03     0.219961E+03     0.219175E+03     0.216354E+03     0.215810E+03     0.214830E+03     0.214625E+03     0.214598E+03     0.216411E+03     0.216035E+03     0.219507E+03     0.220057E+03     0.220775E+03     0.223488E+03     0.223094E+03     0.223139E+03     0.222983E+03     0.222731E+03     0.218669E+03     0.218183E+03     0.216274E+03     0.213517E+03     0.213168E+03     0.211487E+03     0.210946E+03     0.210443E+03     0.210981E+03     0.210020E+03     0.210430E+03     0.209847E+03     0.208665E+03     0.207061E+03     0.205688E+03     0.203053E+03     0.202273E+03     0.199848E+03     0.196226E+03     0.195075E+03     0.194581E+03     0.193759E+03     0.193148E+03     0.191504E+03     0.190537E+03     0.190248E+03     0.189561E+03     0.189093E+03     0.189582E+03     0.188900E+03     0.188446E+03     0.188355E+03     0.187901E+03     0.189341E+03     0.188873E+03     0.188341E+03     0.190112E+03     0.189255E+03     0.188948E+03     0.188639E+03     0.187837E+03     0.187067E+03     0.186558E+03     0.186632E+03     0.186378E+03     0.185979E+03     0.185829E+03     0.185479E+03     0.185233E+03     0.184957E+03     0.184797E+03     0.184790E+03     0.184565E+03     0.184551E+03     0.184624E+03     0.184491E+03     0.184215E+03     0.184056E+03     0.183849E+03     0.183812E+03     0.183581E+03     0.183278E+03     0.183160E+03     0.182968E+03     0.183004E+03     0.182767E+03     0.182164E+03     0.181993E+03     0.181389E+03     0.180250E+03     0.180083E+03     0.179148E+03     0.178557E+03     0.178476E+03     0.178596E+03     0.178474E+03     0.178762E+03     0.179085E+03     0.179028E+03     0.179730E+03     0.179656E+03     0.179620E+03     0.179682E+03     0.179636E+03     0.179576E+03     0.179535E+03     0.179472E+03     0.179437E+03     0.179375E+03     0.100000E+21
 0.194000E+04     0.229702E+03     0.229786E+03     0.229163E+03     0.228309E+03     0.227970E+03     0.226985E+03     0.226208E+03     0.225985E+03     0.224702E+03     0.224254E+03     0.224154E+03     0.223945E+03     0.223709E+03     0.224323E+03     0.224006E+03     0.223551E+03     0.223064E+03     0.222813E+03     0.220257E+03     0.219985E+03     0.218614E+03     0.216410E+03     0.215855E+03     0.214994E+03     0.214799E+03     0.215071E+03     0.216716E+03     0.216352E+03     0.219200E+03     0.220510E+03     0.221354E+03     0.224043E+03     0.223638E+03     0.223714E+03     0.223629E+03     0.223370E+03     0.218956E+03     0.218384E+03     0.216198E+03     0.213227E+03     0.212875E+03     0.211039E+03     0.210554E+03     0.210242E+03     0.210699E+03     0.209718E+03     0.210401E+03     0.209830E+03     0.208585E+03     0.207567E+03     0.206132E+03     0.203860E+03     0.202552E+03     0.199784E+03     0.196234E+03     0.195055E+03     0.194567E+03     0.193770E+03     0.193164E+03     0.191442E+03     0.190380E+03     0.190048E+03     0.189206E+03     0.188736E+03     0.188865E+03     0.188294E+03     0.187976E+03     0.187972E+03     0.187515E+03     0.188984E+03     0.188532E+03     0.188570E+03     0.189893E+03     0.188997E+03     0.188731E+03     0.188410E+03     0.187505E+03     0.186777E+03     0.186248E+03     0.186287E+03     0.186071E+03     0.185688E+03     0.185577E+03     0.185206E+03     0.185063E+03     0.184859E+03     0.184699E+03     0.184757E+03     0.184569E+03     0.184524E+03     0.184539E+03     0.184406E+03     0.184115E+03     0.183968E+03     0.183766E+03     0.183702E+03     0.183463E+03     0.183252E+03     0.183134E+03     0.183037E+03     0.183202E+03     0.182954E+03     0.182485E+03     0.182243E+03     0.181507E+03     0.180281E+03     0.180110E+03     0.179227E+03     0.178544E+03     0.178464E+03     0.178582E+03     0.178446E+03     0.178751E+03     0.179047E+03     0.178990E+03     0.179733E+03     0.179667E+03     0.179645E+03     0.179681E+03     0.179636E+03     0.179576E+03     0.179537E+03     0.179472E+03     0.179440E+03     0.179375E+03     0.100000E+21
 0.196000E+04     0.229643E+03     0.229789E+03     0.229054E+03     0.228280E+03     0.227922E+03     0.227018E+03     0.226158E+03     0.225954E+03     0.224638E+03     0.224156E+03     0.224093E+03     0.223892E+03     0.223668E+03     0.224289E+03     0.224009E+03     0.223533E+03     0.223039E+03     0.222806E+03     0.220266E+03     0.220024E+03     0.218399E+03     0.216485E+03     0.215894E+03     0.215193E+03     0.215006E+03     0.215530E+03     0.217086E+03     0.216689E+03     0.219305E+03     0.220994E+03     0.222174E+03     0.224717E+03     0.224275E+03     0.224384E+03     0.224314E+03     0.224079E+03     0.219288E+03     0.218680E+03     0.216123E+03     0.212894E+03     0.212565E+03     0.210523E+03     0.210084E+03     0.209898E+03     0.210416E+03     0.209397E+03     0.210366E+03     0.209848E+03     0.208699E+03     0.208146E+03     0.206574E+03     0.204460E+03     0.202888E+03     0.199606E+03     0.196244E+03     0.194995E+03     0.194562E+03     0.193781E+03     0.193224E+03     0.191368E+03     0.190225E+03     0.189817E+03     0.188804E+03     0.188355E+03     0.188043E+03     0.187515E+03     0.187400E+03     0.187519E+03     0.187105E+03     0.188565E+03     0.188163E+03     0.188407E+03     0.189646E+03     0.188700E+03     0.188466E+03     0.188181E+03     0.187125E+03     0.186422E+03     0.185882E+03     0.185907E+03     0.185744E+03     0.185357E+03     0.185274E+03     0.184879E+03     0.184863E+03     0.184754E+03     0.184603E+03     0.184719E+03     0.184551E+03     0.184480E+03     0.184439E+03     0.184315E+03     0.183998E+03     0.183867E+03     0.183649E+03     0.183585E+03     0.183337E+03     0.183220E+03     0.183114E+03     0.183130E+03     0.183431E+03     0.183152E+03     0.182786E+03     0.182516E+03     0.181572E+03     0.180320E+03     0.180136E+03     0.179292E+03     0.178530E+03     0.178456E+03     0.178564E+03     0.178418E+03     0.178733E+03     0.179003E+03     0.178949E+03     0.179737E+03     0.179679E+03     0.179660E+03     0.179677E+03     0.179636E+03     0.179576E+03     0.179541E+03     0.179472E+03     0.179444E+03     0.179374E+03     0.100000E+21
 0.198000E+04     0.229636E+03     0.229790E+03     0.229042E+03     0.228280E+03     0.227920E+03     0.227028E+03     0.226158E+03     0.225956E+03     0.224638E+03     0.224152E+03     0.224092E+03     0.223892E+03     0.223669E+03     0.224289E+03     0.224013E+03     0.223533E+03     0.223037E+03     0.222806E+03     0.220266E+03     0.220027E+03     0.218370E+03     0.216488E+03     0.215893E+03     0.215193E+03     0.215008E+03     0.215556E+03     0.217086E+03     0.216688E+03     0.219259E+03     0.220994E+03     0.222204E+03     0.224717E+03     0.224272E+03     0.224382E+03     0.224314E+03     0.224081E+03     0.219288E+03     0.218675E+03     0.216108E+03     0.212892E+03     0.212565E+03     0.210523E+03     0.210091E+03     0.209913E+03     0.210421E+03     0.209397E+03     0.210366E+03     0.209854E+03     0.208699E+03     0.208155E+03     0.206570E+03     0.204487E+03     0.202891E+03     0.199558E+03     0.196244E+03     0.194987E+03     0.194560E+03     0.193781E+03     0.193229E+03     0.191368E+03     0.190216E+03     0.189817E+03     0.188802E+03     0.188355E+03     0.188043E+03     0.187523E+03     0.187413E+03     0.187515E+03     0.187105E+03     0.188565E+03     0.188168E+03     0.188435E+03     0.189651E+03     0.188698E+03     0.188466E+03     0.188183E+03     0.187113E+03     0.186422E+03     0.185880E+03     0.185903E+03     0.185744E+03     0.185356E+03     0.185274E+03     0.184876E+03     0.184862E+03     0.184754E+03     0.184604E+03     0.184719E+03     0.184554E+03     0.184482E+03     0.184438E+03     0.184315E+03     0.183998E+03     0.183868E+03     0.183650E+03     0.183586E+03     0.183337E+03     0.183220E+03     0.183115E+03     0.183137E+03     0.183433E+03     0.183151E+03     0.182791E+03     0.182516E+03     0.181556E+03     0.180320E+03     0.180135E+03     0.179299E+03     0.178530E+03     0.178456E+03     0.178564E+03     0.178417E+03     0.178734E+03     0.179003E+03     0.178949E+03     0.179737E+03     0.179680E+03     0.179662E+03     0.179677E+03     0.179636E+03     0.179576E+03     0.179541E+03     0.179472E+03     0.179444E+03     0.179373E+03     0.100000E+21
 0.200000E+04     0.229737E+03     0.229838E+03     0.229212E+03     0.228354E+03     0.228015E+03     0.227018E+03     0.226234E+03     0.226010E+03     0.224646E+03     0.224197E+03     0.224023E+03     0.223744E+03     0.223508E+03     0.224022E+03     0.223705E+03     0.223302E+03     0.222890E+03     0.222638E+03     0.220432E+03     0.220161E+03     0.218926E+03     0.217030E+03     0.216473E+03     0.216095E+03     0.215891E+03     0.216238E+03     0.218045E+03     0.217666E+03     0.220494E+03     0.221767E+03     0.222659E+03     0.225443E+03     0.225030E+03     0.225184E+03     0.225135E+03     0.224883E+03     0.220172E+03     0.219610E+03     0.216723E+03     0.212912E+03     0.212562E+03     0.209877E+03     0.209382E+03     0.208986E+03     0.209300E+03     0.208327E+03     0.209631E+03     0.209061E+03     0.208477E+03     0.209056E+03     0.207598E+03     0.205676E+03     0.204497E+03     0.201708E+03     0.198082E+03     0.196902E+03     0.194462E+03     0.192398E+03     0.191793E+03     0.192388E+03     0.191324E+03     0.190356E+03     0.188875E+03     0.188405E+03     0.186024E+03     0.185427E+03     0.185580E+03     0.186327E+03     0.185877E+03     0.188030E+03     0.187582E+03     0.187610E+03     0.188940E+03     0.188054E+03     0.187794E+03     0.187487E+03     0.186511E+03     0.185631E+03     0.185116E+03     0.185181E+03     0.185006E+03     0.184709E+03     0.184804E+03     0.184434E+03     0.184517E+03     0.184501E+03     0.184341E+03     0.184370E+03     0.184181E+03     0.184058E+03     0.183968E+03     0.183835E+03     0.183572E+03     0.183425E+03     0.183286E+03     0.183353E+03     0.183118E+03     0.183449E+03     0.183333E+03     0.183394E+03     0.183955E+03     0.183698E+03     0.183316E+03     0.183091E+03     0.182123E+03     0.180319E+03     0.180147E+03     0.179194E+03     0.178461E+03     0.178380E+03     0.178625E+03     0.178489E+03     0.178795E+03     0.179093E+03     0.179036E+03     0.179776E+03     0.179710E+03     0.179672E+03     0.179681E+03     0.179636E+03     0.179576E+03     0.179537E+03     0.179472E+03     0.179440E+03     0.179375E+03     0.100000E+21
 0.202000E+04     0.229820E+03     0.229839E+03     0.229269E+03     0.228354E+03     0.228018E+03     0.226933E+03     0.226234E+03     0.226009E+03     0.224646E+03     0.224218E+03     0.224024E+03     0.223744E+03     0.223510E+03     0.224022E+03     0.223676E+03     0.223293E+03     0.222889E+03     0.222638E+03     0.220432E+03     0.220152E+03     0.219204E+03     0.217022E+03     0.216471E+03     0.216095E+03     0.215891E+03     0.216041E+03     0.218045E+03     0.217667E+03     0.220938E+03     0.221767E+03     0.222603E+03     0.225443E+03     0.225042E+03     0.225205E+03     0.225135E+03     0.224885E+03     0.220172E+03     0.219648E+03     0.216844E+03     0.212909E+03     0.212562E+03     0.209877E+03     0.209353E+03     0.208876E+03     0.209295E+03     0.208327E+03     0.209631E+03     0.209056E+03     0.208293E+03     0.209003E+03     0.207596E+03     0.205444E+03     0.204501E+03     0.201882E+03     0.198082E+03     0.196918E+03     0.194310E+03     0.192398E+03     0.191793E+03     0.192388E+03     0.191380E+03     0.190357E+03     0.188871E+03     0.188405E+03     0.186024E+03     0.185378E+03     0.185421E+03     0.186327E+03     0.185877E+03     0.188030E+03     0.187571E+03     0.187310E+03     0.188921E+03     0.188051E+03     0.187794E+03     0.187489E+03     0.186587E+03     0.185631E+03     0.185119E+03     0.185223E+03     0.185006E+03     0.184708E+03     0.184804E+03     0.184447E+03     0.184527E+03     0.184501E+03     0.184342E+03     0.184370E+03     0.184162E+03     0.184046E+03     0.183967E+03     0.183835E+03     0.183572E+03     0.183418E+03     0.183255E+03     0.183351E+03     0.183118E+03     0.183449E+03     0.183333E+03     0.183304E+03     0.183943E+03     0.183698E+03     0.183270E+03     0.183092E+03     0.182182E+03     0.180319E+03     0.180150E+03     0.179136E+03     0.178461E+03     0.178381E+03     0.178625E+03     0.178497E+03     0.178786E+03     0.179093E+03     0.179036E+03     0.179776E+03     0.179706E+03     0.179660E+03     0.179681E+03     0.179636E+03     0.179576E+03     0.179536E+03     0.179472E+03     0.179438E+03     0.179375E+03     0.100000E+21
 0.204000E+04     0.229808E+03     0.229870E+03     0.229291E+03     0.228391E+03     0.228073E+03     0.227010E+03     0.226311E+03     0.226076E+03     0.224668E+03     0.224235E+03     0.224002E+03     0.223662E+03     0.223426E+03     0.223877E+03     0.223581E+03     0.223181E+03     0.222785E+03     0.222524E+03     0.220530E+03     0.220249E+03     0.219260E+03     0.217336E+03     0.216851E+03     0.216406E+03     0.216348E+03     0.216399E+03     0.218295E+03     0.218024E+03     0.220963E+03     0.221899E+03     0.222668E+03     0.225458E+03     0.225058E+03     0.225358E+03     0.225484E+03     0.225215E+03     0.220745E+03     0.220041E+03     0.217362E+03     0.213529E+03     0.213197E+03     0.209983E+03     0.209447E+03     0.208851E+03     0.208950E+03     0.207940E+03     0.209297E+03     0.208630E+03     0.208260E+03     0.209312E+03     0.207999E+03     0.206002E+03     0.205528E+03     0.202637E+03     0.198596E+03     0.197625E+03     0.195007E+03     0.193246E+03     0.192565E+03     0.192385E+03     0.191366E+03     0.190357E+03     0.188879E+03     0.188409E+03     0.185456E+03     0.184970E+03     0.184964E+03     0.185724E+03     0.185214E+03     0.187779E+03     0.187301E+03     0.187214E+03     0.188698E+03     0.187775E+03     0.187635E+03     0.187234E+03     0.186376E+03     0.185459E+03     0.184872E+03     0.185003E+03     0.184698E+03     0.184475E+03     0.184679E+03     0.184316E+03     0.184401E+03     0.184385E+03     0.184227E+03     0.184236E+03     0.184075E+03     0.183911E+03     0.183792E+03     0.183650E+03     0.183454E+03     0.183310E+03     0.183201E+03     0.183327E+03     0.183091E+03     0.183592E+03     0.183527E+03     0.183493E+03     0.184168E+03     0.184007E+03     0.183464E+03     0.183343E+03     0.182352E+03     0.180393E+03     0.180244E+03     0.179163E+03     0.178383E+03     0.178307E+03     0.178525E+03     0.178420E+03     0.178707E+03     0.179028E+03     0.178970E+03     0.179763E+03     0.179696E+03     0.179658E+03     0.179682E+03     0.179636E+03     0.179576E+03     0.179536E+03     0.179472E+03     0.179438E+03     0.179375E+03     0.100000E+21
 0.206000E+04     0.229762E+03     0.229922E+03     0.229263E+03     0.228497E+03     0.228147E+03     0.227213E+03     0.226410E+03     0.226198E+03     0.224717E+03     0.224250E+03     0.223960E+03     0.223556E+03     0.223328E+03     0.223622E+03     0.223324E+03     0.222966E+03     0.222618E+03     0.222379E+03     0.220717E+03     0.220462E+03     0.219336E+03     0.217923E+03     0.217346E+03     0.217231E+03     0.217037E+03     0.217401E+03     0.218947E+03     0.218557E+03     0.220873E+03     0.222072E+03     0.223035E+03     0.225493E+03     0.225064E+03     0.225634E+03     0.225930E+03     0.225690E+03     0.221805E+03     0.221219E+03     0.218211E+03     0.214348E+03     0.214011E+03     0.210172E+03     0.209707E+03     0.208869E+03     0.208440E+03     0.207439E+03     0.208534E+03     0.207996E+03     0.208142E+03     0.210051E+03     0.208531E+03     0.207661E+03     0.206952E+03     0.203779E+03     0.200057E+03     0.198837E+03     0.196478E+03     0.194330E+03     0.193755E+03     0.192378E+03     0.191273E+03     0.190354E+03     0.188869E+03     0.188413E+03     0.184468E+03     0.183907E+03     0.184109E+03     0.184795E+03     0.184367E+03     0.187279E+03     0.186858E+03     0.186985E+03     0.188303E+03     0.187382E+03     0.187186E+03     0.186893E+03     0.185837E+03     0.184981E+03     0.184451E+03     0.184482E+03     0.184299E+03     0.184105E+03     0.184382E+03     0.183998E+03     0.184173E+03     0.184236E+03     0.184082E+03     0.183998E+03     0.183819E+03     0.183669E+03     0.183541E+03     0.183414E+03     0.183239E+03     0.183100E+03     0.183061E+03     0.183297E+03     0.183055E+03     0.183946E+03     0.183836E+03     0.184018E+03     0.184723E+03     0.184454E+03     0.183981E+03     0.183682E+03     0.182502E+03     0.180594E+03     0.180415E+03     0.179239E+03     0.178283E+03     0.178207E+03     0.178332E+03     0.178190E+03     0.178575E+03     0.178940E+03     0.178884E+03     0.179741E+03     0.179679E+03     0.179655E+03     0.179679E+03     0.179636E+03     0.179576E+03     0.179539E+03     0.179472E+03     0.179442E+03     0.179374E+03     0.100000E+21
 0.208000E+04     0.229716E+03     0.229925E+03     0.229206E+03     0.228497E+03     0.228136E+03     0.227266E+03     0.226410E+03     0.226208E+03     0.224717E+03     0.224230E+03     0.223960E+03     0.223556E+03     0.223334E+03     0.223622E+03     0.223347E+03     0.222976E+03     0.222610E+03     0.222379E+03     0.220717E+03     0.220479E+03     0.219230E+03     0.217937E+03     0.217342E+03     0.217231E+03     0.217046E+03     0.217530E+03     0.218947E+03     0.218548E+03     0.220663E+03     0.222072E+03     0.223174E+03     0.225493E+03     0.225048E+03     0.225602E+03     0.225930E+03     0.225697E+03     0.221805E+03     0.221191E+03     0.218112E+03     0.214338E+03     0.214011E+03     0.210172E+03     0.209740E+03     0.208873E+03     0.208464E+03     0.207439E+03     0.208534E+03     0.208023E+03     0.208367E+03     0.210097E+03     0.208510E+03     0.207690E+03     0.206967E+03     0.203526E+03     0.200057E+03     0.198799E+03     0.196584E+03     0.194330E+03     0.193779E+03     0.192378E+03     0.191225E+03     0.190353E+03     0.188860E+03     0.188413E+03     0.184468E+03     0.183950E+03     0.184216E+03     0.184777E+03     0.184367E+03     0.187279E+03     0.186883E+03     0.187139E+03     0.188328E+03     0.187374E+03     0.187186E+03     0.186904E+03     0.185770E+03     0.184981E+03     0.184439E+03     0.184460E+03     0.184299E+03     0.184119E+03     0.184382E+03     0.183983E+03     0.184163E+03     0.184236E+03     0.184086E+03     0.183998E+03     0.183833E+03     0.183677E+03     0.183537E+03     0.183414E+03     0.183239E+03     0.183109E+03     0.183092E+03     0.183304E+03     0.183055E+03     0.183946E+03     0.183841E+03     0.184089E+03     0.184732E+03     0.184450E+03     0.184014E+03     0.183684E+03     0.182383E+03     0.180594E+03     0.180409E+03     0.179294E+03     0.178283E+03     0.178210E+03     0.178332E+03     0.178184E+03     0.178584E+03     0.178938E+03     0.178884E+03     0.179741E+03     0.179684E+03     0.179664E+03     0.179677E+03     0.179636E+03     0.179576E+03     0.179541E+03     0.179472E+03     0.179444E+03     0.179373E+03     0.100000E+21
 0.210000E+04     0.229868E+03     0.229944E+03     0.229401E+03     0.228624E+03     0.228289E+03     0.227307E+03     0.226611E+03     0.226384E+03     0.224850E+03     0.224416E+03     0.223970E+03     0.223455E+03     0.223218E+03     0.223309E+03     0.222972E+03     0.222680E+03     0.222434E+03     0.222180E+03     0.221032E+03     0.220753E+03     0.219977E+03     0.218749E+03     0.218200E+03     0.218152E+03     0.217947E+03     0.218004E+03     0.219417E+03     0.219040E+03     0.221180E+03     0.221812E+03     0.222508E+03     0.225014E+03     0.224610E+03     0.225843E+03     0.226557E+03     0.226304E+03     0.224422E+03     0.223886E+03     0.221171E+03     0.217447E+03     0.217096E+03     0.211979E+03     0.211463E+03     0.210168E+03     0.208518E+03     0.207554E+03     0.207583E+03     0.207004E+03     0.207170E+03     0.210627E+03     0.209209E+03     0.209991E+03     0.209877E+03     0.207302E+03     0.203753E+03     0.202590E+03     0.198341E+03     0.195407E+03     0.194796E+03     0.192374E+03     0.191348E+03     0.190431E+03     0.189041E+03     0.188570E+03     0.184813E+03     0.184182E+03     0.184058E+03     0.184510E+03     0.184055E+03     0.187060E+03     0.186601E+03     0.186468E+03     0.187970E+03     0.187099E+03     0.187056E+03     0.186747E+03     0.185810E+03     0.184842E+03     0.184331E+03     0.184264E+03     0.183995E+03     0.183826E+03     0.184238E+03     0.183877E+03     0.184046E+03     0.184097E+03     0.183936E+03     0.183749E+03     0.183548E+03     0.183414E+03     0.183309E+03     0.183175E+03     0.183171E+03     0.183018E+03     0.182939E+03     0.183216E+03     0.182983E+03     0.184193E+03     0.184076E+03     0.184209E+03     0.185224E+03     0.184976E+03     0.184351E+03     0.184077E+03     0.183087E+03     0.181040E+03     0.180870E+03     0.179236E+03     0.178127E+03     0.178045E+03     0.177679E+03     0.177548E+03     0.177981E+03     0.178444E+03     0.178387E+03     0.179656E+03     0.179587E+03     0.179584E+03     0.179682E+03     0.179636E+03     0.179576E+03     0.179536E+03     0.179472E+03     0.179439E+03     0.179375E+03     0.100000E+21
 0.212000E+04     0.229802E+03     0.229948E+03     0.229344E+03     0.228624E+03     0.228277E+03     0.227363E+03     0.226611E+03     0.226395E+03     0.224850E+03     0.224392E+03     0.223972E+03     0.223455E+03     0.223225E+03     0.223309E+03     0.223002E+03     0.222695E+03     0.222423E+03     0.222180E+03     0.221032E+03     0.220771E+03     0.219876E+03     0.218764E+03     0.218194E+03     0.218152E+03     0.217956E+03     0.218128E+03     0.219417E+03     0.219030E+03     0.220964E+03     0.221812E+03     0.222654E+03     0.225014E+03     0.224591E+03     0.225787E+03     0.226557E+03     0.226314E+03     0.224422E+03     0.223849E+03     0.221081E+03     0.217435E+03     0.217096E+03     0.211979E+03     0.211502E+03     0.210069E+03     0.208546E+03     0.207554E+03     0.207583E+03     0.207035E+03     0.207589E+03     0.210679E+03     0.209184E+03     0.209847E+03     0.209897E+03     0.207062E+03     0.203753E+03     0.202547E+03     0.198557E+03     0.195407E+03     0.194825E+03     0.192374E+03     0.191288E+03     0.190430E+03     0.189029E+03     0.188570E+03     0.184813E+03     0.184235E+03     0.184149E+03     0.184488E+03     0.184055E+03     0.187060E+03     0.186629E+03     0.186671E+03     0.187997E+03     0.187089E+03     0.187056E+03     0.186760E+03     0.185732E+03     0.184842E+03     0.184317E+03     0.184248E+03     0.183995E+03     0.183849E+03     0.184238E+03     0.183860E+03     0.184036E+03     0.184097E+03     0.183942E+03     0.183749E+03     0.183566E+03     0.183422E+03     0.183304E+03     0.183175E+03     0.183171E+03     0.183028E+03     0.182978E+03     0.183223E+03     0.182983E+03     0.184193E+03     0.184082E+03     0.184317E+03     0.185235E+03     0.184971E+03     0.184404E+03     0.184080E+03     0.182960E+03     0.181040E+03     0.180863E+03     0.179311E+03     0.178127E+03     0.178049E+03     0.177679E+03     0.177540E+03     0.177992E+03     0.178442E+03     0.178387E+03     0.179656E+03     0.179592E+03     0.179598E+03     0.179679E+03     0.179636E+03     0.179576E+03     0.179538E+03     0.179472E+03     0.179441E+03     0.179374E+03     0.100000E+21
 0.214000E+04     0.230027E+03     0.229911E+03     0.229430E+03     0.228626E+03     0.228306E+03     0.227278E+03     0.226686E+03     0.226446E+03     0.224904E+03     0.224479E+03     0.224026E+03     0.223511E+03     0.223273E+03     0.223303E+03     0.222932E+03     0.222661E+03     0.222427E+03     0.222173E+03     0.221099E+03     0.220811E+03     0.220202E+03     0.218890E+03     0.218396E+03     0.218210E+03     0.218108E+03     0.217928E+03     0.219426E+03     0.219063E+03     0.221436E+03     0.221611E+03     0.222283E+03     0.224905E+03     0.224449E+03     0.225833E+03     0.226667E+03     0.226406E+03     0.225128E+03     0.224054E+03     0.222157E+03     0.218896E+03     0.218611E+03     0.212666E+03     0.211929E+03     0.210626E+03     0.208838E+03     0.207949E+03     0.207543E+03     0.206934E+03     0.206418E+03     0.210577E+03     0.209200E+03     0.210336E+03     0.210233E+03     0.207805E+03     0.203867E+03     0.203230E+03     0.198665E+03     0.196191E+03     0.195485E+03     0.192747E+03     0.191616E+03     0.190891E+03     0.189642E+03     0.189172E+03     0.185901E+03     0.184623E+03     0.184771E+03     0.185490E+03     0.185163E+03     0.187443E+03     0.187024E+03     0.186061E+03     0.188153E+03     0.187378E+03     0.187100E+03     0.186955E+03     0.186019E+03     0.184920E+03     0.184598E+03     0.184432E+03     0.184252E+03     0.184030E+03     0.184358E+03     0.184022E+03     0.184201E+03     0.184245E+03     0.184077E+03     0.183808E+03     0.183527E+03     0.183428E+03     0.183284E+03     0.183148E+03     0.183145E+03     0.182990E+03     0.182857E+03     0.183139E+03     0.182889E+03     0.184080E+03     0.183849E+03     0.183949E+03     0.185034E+03     0.184631E+03     0.184173E+03     0.183878E+03     0.183084E+03     0.181075E+03     0.180963E+03     0.179319E+03     0.178414E+03     0.178307E+03     0.177672E+03     0.177556E+03     0.177925E+03     0.178328E+03     0.178268E+03     0.179625E+03     0.179564E+03     0.179555E+03     0.179682E+03     0.179636E+03     0.179576E+03     0.179535E+03     0.179472E+03     0.179437E+03     0.179375E+03     0.100000E+21
 0.216000E+04     0.229792E+03     0.229859E+03     0.229337E+03     0.228667E+03     0.228329E+03     0.227452E+03     0.226797E+03     0.226574E+03     0.225090E+03     0.224650E+03     0.224158E+03     0.223595E+03     0.223361E+03     0.223290E+03     0.222959E+03     0.222663E+03     0.222410E+03     0.222162E+03     0.221273E+03     0.221000E+03     0.220274E+03     0.219255E+03     0.218698E+03     0.218606E+03     0.218404E+03     0.218380E+03     0.219479E+03     0.219098E+03     0.220810E+03     0.221305E+03     0.221992E+03     0.224314E+03     0.223906E+03     0.225698E+03     0.226829E+03     0.226581E+03     0.226891E+03     0.226346E+03     0.224195E+03     0.221205E+03     0.220860E+03     0.214272E+03     0.213765E+03     0.212049E+03     0.209516E+03     0.208541E+03     0.207392E+03     0.206824E+03     0.207086E+03     0.210610E+03     0.209170E+03     0.210650E+03     0.210811E+03     0.208502E+03     0.205882E+03     0.204704E+03     0.200377E+03     0.197346E+03     0.196747E+03     0.193862E+03     0.192823E+03     0.191934E+03     0.190554E+03     0.190089E+03     0.188376E+03     0.187757E+03     0.187340E+03     0.187239E+03     0.186794E+03     0.188533E+03     0.188083E+03     0.187780E+03     0.188701E+03     0.187818E+03     0.187624E+03     0.187321E+03     0.186423E+03     0.185640E+03     0.185124E+03     0.184953E+03     0.184637E+03     0.184469E+03     0.184857E+03     0.184492E+03     0.184526E+03     0.184465E+03     0.184307E+03     0.183948E+03     0.183750E+03     0.183504E+03     0.183239E+03     0.183108E+03     0.183082E+03     0.182931E+03     0.182813E+03     0.182980E+03     0.182745E+03     0.183538E+03     0.183423E+03     0.183495E+03     0.184262E+03     0.184009E+03     0.183726E+03     0.183570E+03     0.182784E+03     0.181372E+03     0.181200E+03     0.179807E+03     0.178837E+03     0.178758E+03     0.177653E+03     0.177520E+03     0.177830E+03     0.178147E+03     0.178090E+03     0.179554E+03     0.179486E+03     0.179517E+03     0.179681E+03     0.179636E+03     0.179576E+03     0.179537E+03     0.179472E+03     0.179439E+03     0.179375E+03     0.100000E+21
 0.218000E+04     0.229698E+03     0.229864E+03     0.229255E+03     0.228667E+03     0.228311E+03     0.227539E+03     0.226797E+03     0.226590E+03     0.225090E+03     0.224612E+03     0.224162E+03     0.223595E+03     0.223370E+03     0.223290E+03     0.223005E+03     0.222691E+03     0.222397E+03     0.222162E+03     0.221273E+03     0.221028E+03     0.220140E+03     0.219278E+03     0.218692E+03     0.218606E+03     0.218417E+03     0.218542E+03     0.219479E+03     0.219084E+03     0.220508E+03     0.221305E+03     0.222196E+03     0.224314E+03     0.223876E+03     0.225554E+03     0.226829E+03     0.226593E+03     0.226891E+03     0.226289E+03     0.224068E+03     0.221191E+03     0.220860E+03     0.214272E+03     0.213826E+03     0.211742E+03     0.209555E+03     0.208541E+03     0.207392E+03     0.206869E+03     0.207787E+03     0.210696E+03     0.209138E+03     0.210291E+03     0.210834E+03     0.208214E+03     0.205882E+03     0.204641E+03     0.200783E+03     0.197346E+03     0.196784E+03     0.193862E+03     0.192729E+03     0.191933E+03     0.190541E+03     0.190089E+03     0.188376E+03     0.187840E+03     0.187439E+03     0.187211E+03     0.186794E+03     0.188533E+03     0.188125E+03     0.188012E+03     0.188745E+03     0.187806E+03     0.187624E+03     0.187337E+03     0.186317E+03     0.185640E+03     0.185104E+03     0.184939E+03     0.184637E+03     0.184499E+03     0.184857E+03     0.184465E+03     0.184514E+03     0.184465E+03     0.184313E+03     0.183948E+03     0.183777E+03     0.183507E+03     0.183233E+03     0.183108E+03     0.183082E+03     0.182948E+03     0.182861E+03     0.182991E+03     0.182745E+03     0.183538E+03     0.183431E+03     0.183636E+03     0.184280E+03     0.184003E+03     0.183756E+03     0.183573E+03     0.182645E+03     0.181372E+03     0.181190E+03     0.179926E+03     0.178837E+03     0.178762E+03     0.177653E+03     0.177508E+03     0.177845E+03     0.178145E+03     0.178090E+03     0.179554E+03     0.179495E+03     0.179552E+03     0.179678E+03     0.179636E+03     0.179576E+03     0.179540E+03     0.179472E+03     0.179443E+03     0.179374E+03     0.100000E+21
 0.220000E+04     0.229761E+03     0.229648E+03     0.229207E+03     0.228612E+03     0.228281E+03     0.227490E+03     0.226952E+03     0.226723E+03     0.225437E+03     0.225023E+03     0.224540E+03     0.224012E+03     0.223774E+03     0.223636E+03     0.223260E+03     0.222963E+03     0.222675E+03     0.222421E+03     0.221510E+03     0.221223E+03     0.220670E+03     0.219427E+03     0.218884E+03     0.218619E+03     0.218412E+03     0.218235E+03     0.219285E+03     0.218909E+03     0.220867E+03     0.221081E+03     0.221686E+03     0.224113E+03     0.223720E+03     0.225915E+03     0.227204E+03     0.226951E+03     0.228649E+03     0.228177E+03     0.226340E+03     0.223740E+03     0.223388E+03     0.215635E+03     0.215093E+03     0.213413E+03     0.209716E+03     0.208758E+03     0.207373E+03     0.206788E+03     0.206212E+03     0.210509E+03     0.209137E+03     0.211566E+03     0.211240E+03     0.209094E+03     0.206371E+03     0.205223E+03     0.200583E+03     0.197770E+03     0.197155E+03     0.194489E+03     0.193525E+03     0.192533E+03     0.191127E+03     0.190657E+03     0.190005E+03     0.189319E+03     0.188714E+03     0.188248E+03     0.187791E+03     0.188871E+03     0.188402E+03     0.187738E+03     0.188786E+03     0.187930E+03     0.188079E+03     0.187769E+03     0.186949E+03     0.186118E+03     0.185610E+03     0.185327E+03     0.184965E+03     0.184724E+03     0.184973E+03     0.184624E+03     0.184699E+03     0.184671E+03     0.184510E+03     0.184081E+03     0.183849E+03     0.183586E+03     0.183243E+03     0.183110E+03     0.182992E+03     0.182833E+03     0.182665E+03     0.182824E+03     0.182594E+03     0.183245E+03     0.183126E+03     0.183023E+03     0.183621E+03     0.183385E+03     0.183195E+03     0.183093E+03     0.182467E+03     0.181266E+03     0.181099E+03     0.179934E+03     0.179197E+03     0.179116E+03     0.178219E+03     0.178099E+03     0.178357E+03     0.178642E+03     0.178584E+03     0.179660E+03     0.179586E+03     0.179571E+03     0.179682E+03     0.179636E+03     0.179576E+03     0.179535E+03     0.179472E+03     0.179437E+03     0.179375E+03     0.100000E+21
 0.222000E+04     0.229569E+03     0.229655E+03     0.229101E+03     0.228612E+03     0.228256E+03     0.227605E+03     0.226952E+03     0.226746E+03     0.225437E+03     0.224959E+03     0.224545E+03     0.224012E+03     0.223786E+03     0.223636E+03     0.223351E+03     0.222998E+03     0.222656E+03     0.222421E+03     0.221510E+03     0.221265E+03     0.220356E+03     0.219462E+03     0.218875E+03     0.218619E+03     0.218430E+03     0.218480E+03     0.219285E+03     0.218890E+03     0.220296E+03     0.221081E+03     0.221980E+03     0.224113E+03     0.223674E+03     0.225662E+03     0.227204E+03     0.226968E+03     0.228649E+03     0.228047E+03     0.226188E+03     0.223719E+03     0.223388E+03     0.215635E+03     0.215189E+03     0.212636E+03     0.209772E+03     0.208758E+03     0.207373E+03     0.206850E+03     0.207758E+03     0.210650E+03     0.209092E+03     0.210542E+03     0.211272E+03     0.208670E+03     0.206371E+03     0.205130E+03     0.201235E+03     0.197770E+03     0.197208E+03     0.194489E+03     0.193356E+03     0.192531E+03     0.191108E+03     0.190657E+03     0.190005E+03     0.189469E+03     0.188796E+03     0.188208E+03     0.187791E+03     0.188871E+03     0.188463E+03     0.188261E+03     0.188852E+03     0.187913E+03     0.188079E+03     0.187792E+03     0.186780E+03     0.186118E+03     0.185581E+03     0.185330E+03     0.184965E+03     0.184751E+03     0.184973E+03     0.184580E+03     0.184677E+03     0.184671E+03     0.184520E+03     0.184081E+03     0.183911E+03     0.183580E+03     0.183234E+03     0.183110E+03     0.182992E+03     0.182859E+03     0.182747E+03     0.182840E+03     0.182594E+03     0.183245E+03     0.183138E+03     0.183220E+03     0.183652E+03     0.183376E+03     0.183221E+03     0.183097E+03     0.182302E+03     0.181266E+03     0.181084E+03     0.180076E+03     0.179197E+03     0.179122E+03     0.178219E+03     0.178074E+03     0.178377E+03     0.178639E+03     0.178584E+03     0.179660E+03     0.179601E+03     0.179614E+03     0.179678E+03     0.179636E+03     0.179576E+03     0.179540E+03     0.179472E+03     0.179443E+03     0.179374E+03     0.100000E+21
 0.224000E+04     0.229603E+03     0.229557E+03     0.229118E+03     0.228592E+03     0.228245E+03     0.227546E+03     0.227011E+03     0.226781E+03     0.225545E+03     0.225100E+03     0.224692E+03     0.224241E+03     0.224002E+03     0.223818E+03     0.223444E+03     0.223140E+03     0.222870E+03     0.222640E+03     0.221631E+03     0.221361E+03     0.220567E+03     0.219486E+03     0.218941E+03     0.218580E+03     0.218360E+03     0.218304E+03     0.219257E+03     0.218863E+03     0.220617E+03     0.221181E+03     0.221902E+03     0.224258E+03     0.223871E+03     0.226065E+03     0.227595E+03     0.227323E+03     0.229011E+03     0.228381E+03     0.226690E+03     0.224284E+03     0.223962E+03     0.215903E+03     0.215365E+03     0.213153E+03     0.209636E+03     0.208644E+03     0.207353E+03     0.206780E+03     0.207104E+03     0.210707E+03     0.209320E+03     0.211137E+03     0.211599E+03     0.209080E+03     0.206309E+03     0.205110E+03     0.200561E+03     0.197157E+03     0.196621E+03     0.194109E+03     0.193120E+03     0.192261E+03     0.190964E+03     0.190500E+03     0.189706E+03     0.189151E+03     0.188433E+03     0.187773E+03     0.187274E+03     0.188430E+03     0.187931E+03     0.187788E+03     0.188609E+03     0.187670E+03     0.188110E+03     0.187824E+03     0.186923E+03     0.186157E+03     0.185658E+03     0.185292E+03     0.184807E+03     0.184565E+03     0.184811E+03     0.184438E+03     0.184555E+03     0.184560E+03     0.184406E+03     0.184053E+03     0.183862E+03     0.183560E+03     0.183215E+03     0.183082E+03     0.182941E+03     0.182793E+03     0.182658E+03     0.182755E+03     0.182505E+03     0.183303E+03     0.183211E+03     0.183175E+03     0.183693E+03     0.183464E+03     0.183235E+03     0.183099E+03     0.182328E+03     0.181099E+03     0.180885E+03     0.179745E+03     0.178823E+03     0.178774E+03     0.178223E+03     0.178089E+03     0.178404E+03     0.178741E+03     0.178687E+03     0.179689E+03     0.179616E+03     0.179602E+03     0.179681E+03     0.179636E+03     0.179576E+03     0.179537E+03     0.179472E+03     0.179439E+03     0.179375E+03     0.100000E+21
 0.226000E+04     0.229496E+03     0.229391E+03     0.228986E+03     0.228519E+03     0.228188E+03     0.227573E+03     0.227105E+03     0.226876E+03     0.225862E+03     0.225448E+03     0.225058E+03     0.224614E+03     0.224377E+03     0.224259E+03     0.223884E+03     0.223567E+03     0.223244E+03     0.222990E+03     0.221945E+03     0.221658E+03     0.221069E+03     0.219588E+03     0.219045E+03     0.218452E+03     0.218245E+03     0.218077E+03     0.219165E+03     0.218789E+03     0.221055E+03     0.221346E+03     0.222048E+03     0.224729E+03     0.224336E+03     0.226770E+03     0.228221E+03     0.227968E+03     0.229931E+03     0.229455E+03     0.227714E+03     0.225239E+03     0.224888E+03     0.216558E+03     0.216016E+03     0.214063E+03     0.209418E+03     0.208460E+03     0.207293E+03     0.206708E+03     0.206214E+03     0.211063E+03     0.209690E+03     0.212464E+03     0.212190E+03     0.209744E+03     0.206092E+03     0.204943E+03     0.199417E+03     0.196175E+03     0.195560E+03     0.193059E+03     0.192094E+03     0.191602E+03     0.190710E+03     0.190240E+03     0.188986E+03     0.188301E+03     0.187594E+03     0.186902E+03     0.186445E+03     0.187238E+03     0.186769E+03     0.186174E+03     0.188091E+03     0.187235E+03     0.188218E+03     0.187907E+03     0.187094E+03     0.186292E+03     0.185784E+03     0.185051E+03     0.184548E+03     0.184238E+03     0.184312E+03     0.183963E+03     0.184246E+03     0.184380E+03     0.184219E+03     0.183983E+03     0.183752E+03     0.183498E+03     0.183171E+03     0.183037E+03     0.182811E+03     0.182652E+03     0.182476E+03     0.182589E+03     0.182359E+03     0.183487E+03     0.183369E+03     0.183267E+03     0.183859E+03     0.183623E+03     0.183239E+03     0.183105E+03     0.182287E+03     0.180536E+03     0.180369E+03     0.179049E+03     0.178224E+03     0.178142E+03     0.178232E+03     0.178111E+03     0.178487E+03     0.178911E+03     0.178854E+03     0.179758E+03     0.179684E+03     0.179642E+03     0.179682E+03     0.179636E+03     0.179576E+03     0.179535E+03     0.179472E+03     0.179437E+03     0.179375E+03     0.100000E+21
 0.228000E+04     0.229425E+03     0.229396E+03     0.228932E+03     0.228519E+03     0.228173E+03     0.227629E+03     0.227105E+03     0.226890E+03     0.225862E+03     0.225403E+03     0.225059E+03     0.224614E+03     0.224384E+03     0.224259E+03     0.223952E+03     0.223587E+03     0.223232E+03     0.222990E+03     0.221945E+03     0.221685E+03     0.220767E+03     0.219610E+03     0.219039E+03     0.218452E+03     0.218256E+03     0.218257E+03     0.219165E+03     0.218778E+03     0.220572E+03     0.221346E+03     0.222246E+03     0.224729E+03     0.224306E+03     0.226592E+03     0.228221E+03     0.227978E+03     0.229931E+03     0.229357E+03     0.227624E+03     0.225227E+03     0.224888E+03     0.216558E+03     0.216080E+03     0.213332E+03     0.209452E+03     0.208460E+03     0.207293E+03     0.206746E+03     0.207539E+03     0.211159E+03     0.209663E+03     0.211563E+03     0.212210E+03     0.209384E+03     0.206092E+03     0.204885E+03     0.199954E+03     0.196175E+03     0.195592E+03     0.193059E+03     0.191973E+03     0.191604E+03     0.190699E+03     0.190240E+03     0.188986E+03     0.188409E+03     0.187622E+03     0.186878E+03     0.186445E+03     0.187238E+03     0.186807E+03     0.186835E+03     0.188133E+03     0.187224E+03     0.188218E+03     0.187921E+03     0.186983E+03     0.186292E+03     0.185766E+03     0.185127E+03     0.184548E+03     0.184243E+03     0.184312E+03     0.183934E+03     0.184223E+03     0.184380E+03     0.184225E+03     0.183983E+03     0.183799E+03     0.183495E+03     0.183166E+03     0.183037E+03     0.182811E+03     0.182669E+03     0.182528E+03     0.182599E+03     0.182359E+03     0.183487E+03     0.183376E+03     0.183411E+03     0.183881E+03     0.183618E+03     0.183304E+03     0.183108E+03     0.182138E+03     0.180536E+03     0.180359E+03     0.179156E+03     0.178224E+03     0.178146E+03     0.178232E+03     0.178093E+03     0.178504E+03     0.178910E+03     0.178854E+03     0.179758E+03     0.179694E+03     0.179662E+03     0.179679E+03     0.179636E+03     0.179576E+03     0.179538E+03     0.179472E+03     0.179441E+03     0.179374E+03     0.100000E+21
 0.230000E+04     0.229331E+03     0.229280E+03     0.228858E+03     0.228491E+03     0.228160E+03     0.227683E+03     0.227210E+03     0.226990E+03     0.226157E+03     0.225734E+03     0.225390E+03     0.224954E+03     0.224720E+03     0.224679E+03     0.224407E+03     0.224024E+03     0.223670E+03     0.223397E+03     0.222403E+03     0.222127E+03     0.221347E+03     0.219901E+03     0.219319E+03     0.218632E+03     0.218396E+03     0.218353E+03     0.219388E+03     0.218977E+03     0.221194E+03     0.221734E+03     0.222535E+03     0.225275E+03     0.224844E+03     0.227033E+03     0.228433E+03     0.228188E+03     0.229684E+03     0.229111E+03     0.227406E+03     0.224966E+03     0.224621E+03     0.216711E+03     0.216207E+03     0.213893E+03     0.209825E+03     0.208828E+03     0.208456E+03     0.207753E+03     0.208188E+03     0.211770E+03     0.210259E+03     0.211464E+03     0.211676E+03     0.208982E+03     0.205159E+03     0.204106E+03     0.199490E+03     0.196283E+03     0.195678E+03     0.193602E+03     0.192621E+03     0.192502E+03     0.191875E+03     0.191404E+03     0.189941E+03     0.189444E+03     0.188350E+03     0.187032E+03     0.186570E+03     0.187113E+03     0.186658E+03     0.186494E+03     0.187964E+03     0.187110E+03     0.188580E+03     0.188202E+03     0.187418E+03     0.186825E+03     0.186235E+03     0.185496E+03     0.184850E+03     0.184493E+03     0.184350E+03     0.183989E+03     0.184019E+03     0.184019E+03     0.183850E+03     0.183623E+03     0.183364E+03     0.183261E+03     0.183149E+03     0.183016E+03     0.182831E+03     0.182679E+03     0.182483E+03     0.182424E+03     0.182208E+03     0.183139E+03     0.183070E+03     0.182971E+03     0.183388E+03     0.183211E+03     0.182676E+03     0.182599E+03     0.181692E+03     0.179965E+03     0.179846E+03     0.178776E+03     0.178038E+03     0.177948E+03     0.178264E+03     0.178137E+03     0.178470E+03     0.178828E+03     0.178772E+03     0.179720E+03     0.179646E+03     0.179623E+03     0.179682E+03     0.179636E+03     0.179576E+03     0.179536E+03     0.179472E+03     0.179439E+03     0.179375E+03     0.100000E+21
 0.232000E+04     0.229288E+03     0.229206E+03     0.228756E+03     0.228479E+03     0.228119E+03     0.227750E+03     0.227293E+03     0.227091E+03     0.226301E+03     0.225814E+03     0.225585E+03     0.225221E+03     0.224998E+03     0.224927E+03     0.224652E+03     0.224299E+03     0.223952E+03     0.223722E+03     0.222655E+03     0.222417E+03     0.221267E+03     0.220114E+03     0.219518E+03     0.218706E+03     0.218521E+03     0.218639E+03     0.219481E+03     0.219082E+03     0.220870E+03     0.222036E+03     0.223158E+03     0.225509E+03     0.225063E+03     0.227022E+03     0.228602E+03     0.228369E+03     0.229544E+03     0.228930E+03     0.227120E+03     0.224736E+03     0.224409E+03     0.216801E+03     0.216370E+03     0.213370E+03     0.210142E+03     0.209117E+03     0.209000E+03     0.208489E+03     0.209485E+03     0.212203E+03     0.210616E+03     0.211123E+03     0.211329E+03     0.208030E+03     0.204795E+03     0.203537E+03     0.199843E+03     0.196370E+03     0.195819E+03     0.193882E+03     0.192729E+03     0.193048E+03     0.192756E+03     0.192309E+03     0.190511E+03     0.189992E+03     0.188583E+03     0.187079E+03     0.186669E+03     0.187048E+03     0.186651E+03     0.186847E+03     0.187949E+03     0.186995E+03     0.188723E+03     0.188441E+03     0.187507E+03     0.187037E+03     0.186495E+03     0.185798E+03     0.185087E+03     0.184605E+03     0.184367E+03     0.183968E+03     0.183895E+03     0.183733E+03     0.183584E+03     0.183414E+03     0.183249E+03     0.183172E+03     0.183121E+03     0.182999E+03     0.182843E+03     0.182713E+03     0.182456E+03     0.182339E+03     0.182090E+03     0.182987E+03     0.182882E+03     0.182904E+03     0.183197E+03     0.182915E+03     0.182518E+03     0.182216E+03     0.181145E+03     0.179735E+03     0.179550E+03     0.178686E+03     0.177890E+03     0.177816E+03     0.178281E+03     0.178133E+03     0.178472E+03     0.178762E+03     0.178708E+03     0.179697E+03     0.179640E+03     0.179640E+03     0.179677E+03     0.179636E+03     0.179576E+03     0.179541E+03     0.179472E+03     0.179444E+03     0.179373E+03     0.100000E+21
 0.234000E+04     0.229292E+03     0.229203E+03     0.228778E+03     0.228479E+03     0.228129E+03     0.227736E+03     0.227293E+03     0.227081E+03     0.226301E+03     0.225834E+03     0.225585E+03     0.225221E+03     0.224993E+03     0.224927E+03     0.224629E+03     0.224287E+03     0.223961E+03     0.223722E+03     0.222655E+03     0.222401E+03     0.221360E+03     0.220099E+03     0.219523E+03     0.218706E+03     0.218513E+03     0.218562E+03     0.219481E+03     0.219091E+03     0.221050E+03     0.222036E+03     0.223016E+03     0.225509E+03     0.225080E+03     0.227111E+03     0.228602E+03     0.228362E+03     0.229544E+03     0.228958E+03     0.227173E+03     0.224745E+03     0.224409E+03     0.216801E+03     0.216337E+03     0.213614E+03     0.210118E+03     0.209117E+03     0.209000E+03     0.208462E+03     0.209162E+03     0.212157E+03     0.210636E+03     0.211227E+03     0.211314E+03     0.208267E+03     0.204795E+03     0.203575E+03     0.199640E+03     0.196370E+03     0.195795E+03     0.193882E+03     0.192776E+03     0.193045E+03     0.192765E+03     0.192309E+03     0.190511E+03     0.189950E+03     0.188620E+03     0.187096E+03     0.186669E+03     0.187048E+03     0.186626E+03     0.186702E+03     0.187924E+03     0.187003E+03     0.188723E+03     0.188430E+03     0.187547E+03     0.187037E+03     0.186508E+03     0.185759E+03     0.185087E+03     0.184618E+03     0.184367E+03     0.183983E+03     0.183899E+03     0.183733E+03     0.183579E+03     0.183414E+03     0.183236E+03     0.183160E+03     0.183126E+03     0.182999E+03     0.182843E+03     0.182704E+03     0.182456E+03     0.182332E+03     0.182090E+03     0.182987E+03     0.182877E+03     0.182866E+03     0.183188E+03     0.182919E+03     0.182489E+03     0.182214E+03     0.181239E+03     0.179735E+03     0.179556E+03     0.178644E+03     0.177890E+03     0.177814E+03     0.178281E+03     0.178140E+03     0.178464E+03     0.178763E+03     0.178708E+03     0.179697E+03     0.179635E+03     0.179629E+03     0.179679E+03     0.179636E+03     0.179576E+03     0.179539E+03     0.179472E+03     0.179442E+03     0.179374E+03     0.100000E+21
 0.236000E+04     0.229253E+03     0.229138E+03     0.228786E+03     0.228547E+03     0.228213E+03     0.227894E+03     0.227532E+03     0.227305E+03     0.226704E+03     0.226273E+03     0.226028E+03     0.225699E+03     0.225462E+03     0.225431E+03     0.225090E+03     0.224824E+03     0.224620E+03     0.224367E+03     0.223481E+03     0.223201E+03     0.222382E+03     0.220948E+03     0.220399E+03     0.219564E+03     0.219358E+03     0.219296E+03     0.220384E+03     0.220007E+03     0.222389E+03     0.223067E+03     0.223771E+03     0.226325E+03     0.225923E+03     0.227541E+03     0.228520E+03     0.228267E+03     0.228403E+03     0.227871E+03     0.226074E+03     0.223530E+03     0.223179E+03     0.216798E+03     0.216278E+03     0.214396E+03     0.211238E+03     0.210275E+03     0.210919E+03     0.210339E+03     0.210179E+03     0.212764E+03     0.211353E+03     0.210906E+03     0.210386E+03     0.207913E+03     0.204580E+03     0.203419E+03     0.200263E+03     0.197978E+03     0.197365E+03     0.196264E+03     0.195244E+03     0.195246E+03     0.194804E+03     0.194333E+03     0.192006E+03     0.191369E+03     0.189821E+03     0.187584E+03     0.187128E+03     0.187990E+03     0.187529E+03     0.187196E+03     0.188164E+03     0.187296E+03     0.188856E+03     0.188546E+03     0.187837E+03     0.187537E+03     0.187027E+03     0.186310E+03     0.185760E+03     0.185285E+03     0.184951E+03     0.184592E+03     0.184208E+03     0.183813E+03     0.183652E+03     0.182797E+03     0.182593E+03     0.182628E+03     0.182772E+03     0.182638E+03     0.182817E+03     0.182663E+03     0.182433E+03     0.182306E+03     0.182074E+03     0.182554E+03     0.182436E+03     0.182318E+03     0.182540E+03     0.182293E+03     0.181598E+03     0.181312E+03     0.180584E+03     0.179203E+03     0.179034E+03     0.178562E+03     0.178200E+03     0.178118E+03     0.178678E+03     0.178547E+03     0.178759E+03     0.178970E+03     0.178912E+03     0.179758E+03     0.179688E+03     0.179651E+03     0.179682E+03     0.179636E+03     0.179576E+03     0.179536E+03     0.179472E+03     0.179438E+03     0.179375E+03     0.100000E+21
 0.238000E+04     0.229252E+03     0.229140E+03     0.228789E+03     0.228547E+03     0.228211E+03     0.227891E+03     0.227532E+03     0.227307E+03     0.226704E+03     0.226276E+03     0.226029E+03     0.225699E+03     0.225465E+03     0.225431E+03     0.225084E+03     0.224817E+03     0.224617E+03     0.224367E+03     0.223481E+03     0.223201E+03     0.222436E+03     0.220947E+03     0.220397E+03     0.219564E+03     0.219361E+03     0.219267E+03     0.220384E+03     0.220005E+03     0.222491E+03     0.223067E+03     0.223783E+03     0.226325E+03     0.225924E+03     0.227569E+03     0.228520E+03     0.228270E+03     0.228403E+03     0.227880E+03     0.226095E+03     0.223526E+03     0.223179E+03     0.216798E+03     0.216274E+03     0.214494E+03     0.211243E+03     0.210275E+03     0.210919E+03     0.210344E+03     0.210049E+03     0.212752E+03     0.211345E+03     0.210913E+03     0.210394E+03     0.207932E+03     0.204580E+03     0.203416E+03     0.200202E+03     0.197978E+03     0.197373E+03     0.196264E+03     0.195255E+03     0.195245E+03     0.194799E+03     0.194333E+03     0.192006E+03     0.191359E+03     0.189856E+03     0.187578E+03     0.187128E+03     0.187990E+03     0.187531E+03     0.187132E+03     0.188162E+03     0.187292E+03     0.188856E+03     0.188550E+03     0.187843E+03     0.187537E+03     0.187024E+03     0.186294E+03     0.185760E+03     0.185282E+03     0.184951E+03     0.184594E+03     0.184207E+03     0.183813E+03     0.183654E+03     0.182797E+03     0.182589E+03     0.182621E+03     0.182770E+03     0.182638E+03     0.182817E+03     0.182662E+03     0.182433E+03     0.182307E+03     0.182074E+03     0.182554E+03     0.182438E+03     0.182307E+03     0.182537E+03     0.182292E+03     0.181573E+03     0.181313E+03     0.180584E+03     0.179203E+03     0.179034E+03     0.178555E+03     0.178200E+03     0.178119E+03     0.178678E+03     0.178549E+03     0.178757E+03     0.178969E+03     0.178912E+03     0.179758E+03     0.179687E+03     0.179648E+03     0.179681E+03     0.179636E+03     0.179576E+03     0.179536E+03     0.179472E+03     0.179438E+03     0.179375E+03     0.100000E+21
 0.240000E+04     0.229279E+03     0.229175E+03     0.228824E+03     0.228633E+03     0.228292E+03     0.228026E+03     0.227673E+03     0.227451E+03     0.226896E+03     0.226448E+03     0.226212E+03     0.225876E+03     0.225640E+03     0.225576E+03     0.225262E+03     0.225004E+03     0.224806E+03     0.224553E+03     0.223836E+03     0.223565E+03     0.222684E+03     0.221521E+03     0.220951E+03     0.220316E+03     0.220088E+03     0.220145E+03     0.221198E+03     0.220795E+03     0.222900E+03     0.223761E+03     0.224470E+03     0.226797E+03     0.226380E+03     0.227654E+03     0.228479E+03     0.228227E+03     0.227861E+03     0.227286E+03     0.225517E+03     0.223070E+03     0.222722E+03     0.216792E+03     0.216297E+03     0.214350E+03     0.211789E+03     0.210807E+03     0.211707E+03     0.211121E+03     0.211073E+03     0.212823E+03     0.211365E+03     0.210583E+03     0.209959E+03     0.207573E+03     0.204978E+03     0.203790E+03     0.201365E+03     0.199252E+03     0.198662E+03     0.197237E+03     0.196186E+03     0.196031E+03     0.195387E+03     0.194918E+03     0.192417E+03     0.191830E+03     0.190070E+03     0.187765E+03     0.187313E+03     0.188223E+03     0.187774E+03     0.187510E+03     0.188174E+03     0.187288E+03     0.188862E+03     0.188555E+03     0.187849E+03     0.187634E+03     0.187116E+03     0.186447E+03     0.185860E+03     0.185380E+03     0.185055E+03     0.184684E+03     0.184358E+03     0.183990E+03     0.183831E+03     0.182973E+03     0.182788E+03     0.182684E+03     0.182623E+03     0.182491E+03     0.182688E+03     0.182539E+03     0.182342E+03     0.182303E+03     0.182068E+03     0.182486E+03     0.182371E+03     0.182249E+03     0.182372E+03     0.182120E+03     0.181431E+03     0.181071E+03     0.180341E+03     0.179120E+03     0.178949E+03     0.178589E+03     0.178271E+03     0.178191E+03     0.178814E+03     0.178680E+03     0.178906E+03     0.179115E+03     0.179057E+03     0.179792E+03     0.179727E+03     0.179683E+03     0.179681E+03     0.179636E+03     0.179576E+03     0.179537E+03     0.179472E+03     0.179440E+03     0.179375E+03     0.100000E+21
 0.242000E+04     0.229295E+03     0.229217E+03     0.228850E+03     0.228708E+03     0.228347E+03     0.228139E+03     0.227809E+03     0.227606E+03     0.227066E+03     0.226580E+03     0.226380E+03     0.226045E+03     0.225822E+03     0.225708E+03     0.225432E+03     0.225183E+03     0.224963E+03     0.224732E+03     0.224156E+03     0.223917E+03     0.222957E+03     0.222062E+03     0.221468E+03     0.220975E+03     0.220789E+03     0.220968E+03     0.221912E+03     0.221514E+03     0.223282E+03     0.224425E+03     0.225284E+03     0.227211E+03     0.226766E+03     0.227739E+03     0.228439E+03     0.228206E+03     0.227369E+03     0.226756E+03     0.224970E+03     0.222611E+03     0.222284E+03     0.216787E+03     0.216354E+03     0.214314E+03     0.212341E+03     0.211317E+03     0.212405E+03     0.211894E+03     0.211816E+03     0.212918E+03     0.211333E+03     0.210391E+03     0.209585E+03     0.207156E+03     0.205326E+03     0.204069E+03     0.202331E+03     0.200476E+03     0.199925E+03     0.198108E+03     0.196957E+03     0.196747E+03     0.195924E+03     0.195477E+03     0.192793E+03     0.192273E+03     0.190213E+03     0.187900E+03     0.187490E+03     0.188433E+03     0.188036E+03     0.187773E+03     0.188215E+03     0.187262E+03     0.188867E+03     0.188585E+03     0.187858E+03     0.187718E+03     0.187176E+03     0.186584E+03     0.185956E+03     0.185440E+03     0.185146E+03     0.184748E+03     0.184492E+03     0.184161E+03     0.184011E+03     0.183133E+03     0.182968E+03     0.182719E+03     0.182473E+03     0.182350E+03     0.182570E+03     0.182440E+03     0.182286E+03     0.182311E+03     0.182062E+03     0.182425E+03     0.182321E+03     0.182183E+03     0.182232E+03     0.181950E+03     0.181316E+03     0.180847E+03     0.180036E+03     0.179047E+03     0.178863E+03     0.178610E+03     0.178339E+03     0.178265E+03     0.178937E+03     0.178789E+03     0.179046E+03     0.179250E+03     0.179196E+03     0.179824E+03     0.179766E+03     0.179710E+03     0.179677E+03     0.179636E+03     0.179576E+03     0.179541E+03     0.179472E+03     0.179444E+03     0.179373E+03     0.100000E+21
 0.244000E+04     0.229296E+03     0.229216E+03     0.228852E+03     0.228708E+03     0.228350E+03     0.228138E+03     0.227809E+03     0.227604E+03     0.227066E+03     0.226583E+03     0.226380E+03     0.226045E+03     0.225821E+03     0.225708E+03     0.225427E+03     0.225180E+03     0.224964E+03     0.224732E+03     0.224156E+03     0.223914E+03     0.222969E+03     0.222059E+03     0.221469E+03     0.220975E+03     0.220788E+03     0.220952E+03     0.221912E+03     0.221516E+03     0.223314E+03     0.224425E+03     0.225260E+03     0.227211E+03     0.226769E+03     0.227748E+03     0.228439E+03     0.228204E+03     0.227369E+03     0.226762E+03     0.224980E+03     0.222613E+03     0.222284E+03     0.216787E+03     0.216348E+03     0.214338E+03     0.212336E+03     0.211317E+03     0.212405E+03     0.211888E+03     0.211787E+03     0.212909E+03     0.211338E+03     0.210383E+03     0.209582E+03     0.207182E+03     0.205326E+03     0.204077E+03     0.202318E+03     0.200476E+03     0.199920E+03     0.198108E+03     0.196966E+03     0.196747E+03     0.195926E+03     0.195477E+03     0.192793E+03     0.192265E+03     0.190230E+03     0.187904E+03     0.187490E+03     0.188433E+03     0.188031E+03     0.187759E+03     0.188210E+03     0.187264E+03     0.188867E+03     0.188583E+03     0.187860E+03     0.187718E+03     0.187179E+03     0.186579E+03     0.185956E+03     0.185444E+03     0.185146E+03     0.184751E+03     0.184492E+03     0.184161E+03     0.184010E+03     0.183133E+03     0.182966E+03     0.182719E+03     0.182474E+03     0.182350E+03     0.182570E+03     0.182438E+03     0.182284E+03     0.182310E+03     0.182062E+03     0.182425E+03     0.182319E+03     0.182181E+03     0.182230E+03     0.181951E+03     0.181307E+03     0.180846E+03     0.180049E+03     0.179047E+03     0.178864E+03     0.178608E+03     0.178339E+03     0.178264E+03     0.178937E+03     0.178790E+03     0.179044E+03     0.179250E+03     0.179196E+03     0.179824E+03     0.179765E+03     0.179709E+03     0.179677E+03     0.179636E+03     0.179576E+03     0.179541E+03     0.179472E+03     0.179444E+03     0.179374E+03     0.100000E+21
 0.246000E+04     0.229378E+03     0.229319E+03     0.229000E+03     0.228883E+03     0.228544E+03     0.228370E+03     0.228079E+03     0.227855E+03     0.227412E+03     0.226963E+03     0.226706E+03     0.226352E+03     0.226115E+03     0.225865E+03     0.225547E+03     0.225278E+03     0.225062E+03     0.224811E+03     0.224460E+03     0.224189E+03     0.223559E+03     0.222931E+03     0.222375E+03     0.222473E+03     0.222269E+03     0.222380E+03     0.223624E+03     0.223244E+03     0.225050E+03     0.225785E+03     0.226201E+03     0.227880E+03     0.227468E+03     0.228010E+03     0.228261E+03     0.228009E+03     0.226886E+03     0.226325E+03     0.224642E+03     0.222305E+03     0.221955E+03     0.217269E+03     0.216774E+03     0.215180E+03     0.213255E+03     0.212282E+03     0.213143E+03     0.212573E+03     0.211855E+03     0.212125E+03     0.210669E+03     0.209417E+03     0.208551E+03     0.207026E+03     0.206430E+03     0.205250E+03     0.204395E+03     0.203359E+03     0.202753E+03     0.200288E+03     0.199225E+03     0.198205E+03     0.196672E+03     0.196202E+03     0.193341E+03     0.192743E+03     0.190579E+03     0.187615E+03     0.187165E+03     0.188014E+03     0.187565E+03     0.187249E+03     0.187828E+03     0.186942E+03     0.188485E+03     0.188177E+03     0.187875E+03     0.188640E+03     0.188125E+03     0.187194E+03     0.186470E+03     0.185747E+03     0.184864E+03     0.184493E+03     0.184190E+03     0.183846E+03     0.183686E+03     0.183568E+03     0.183378E+03     0.183072E+03     0.182734E+03     0.182601E+03     0.182495E+03     0.182347E+03     0.182134E+03     0.182055E+03     0.181820E+03     0.182237E+03     0.182121E+03     0.181971E+03     0.182029E+03     0.181772E+03     0.181081E+03     0.180708E+03     0.180116E+03     0.179201E+03     0.179028E+03     0.178705E+03     0.178418E+03     0.178338E+03     0.178803E+03     0.178667E+03     0.178917E+03     0.179152E+03     0.179094E+03     0.179803E+03     0.179737E+03     0.179689E+03     0.179681E+03     0.179636E+03     0.179576E+03     0.179537E+03     0.179472E+03     0.179440E+03     0.179375E+03     0.100000E+21
 0.248000E+04     0.229418E+03     0.229319E+03     0.229011E+03     0.228883E+03     0.228551E+03     0.228374E+03     0.228079E+03     0.227852E+03     0.227412E+03     0.226997E+03     0.226707E+03     0.226352E+03     0.226116E+03     0.225865E+03     0.225494E+03     0.225244E+03     0.225063E+03     0.224811E+03     0.224460E+03     0.224173E+03     0.223673E+03     0.222918E+03     0.222374E+03     0.222473E+03     0.222267E+03     0.222168E+03     0.223624E+03     0.223247E+03     0.225512E+03     0.225785E+03     0.226139E+03     0.227880E+03     0.227487E+03     0.228066E+03     0.228261E+03     0.228009E+03     0.226886E+03     0.226400E+03     0.224729E+03     0.222305E+03     0.221955E+03     0.217269E+03     0.216727E+03     0.215474E+03     0.213243E+03     0.212282E+03     0.213143E+03     0.212560E+03     0.211615E+03     0.212044E+03     0.210671E+03     0.209206E+03     0.208552E+03     0.207070E+03     0.206430E+03     0.205280E+03     0.204373E+03     0.203359E+03     0.202748E+03     0.200288E+03     0.199321E+03     0.198207E+03     0.196670E+03     0.196202E+03     0.193341E+03     0.192658E+03     0.190855E+03     0.187619E+03     0.187165E+03     0.188014E+03     0.187546E+03     0.186931E+03     0.187798E+03     0.186942E+03     0.188485E+03     0.188176E+03     0.187774E+03     0.188640E+03     0.188131E+03     0.187067E+03     0.186470E+03     0.185768E+03     0.184864E+03     0.184514E+03     0.184186E+03     0.183846E+03     0.183687E+03     0.183568E+03     0.183342E+03     0.183075E+03     0.182734E+03     0.182601E+03     0.182495E+03     0.182336E+03     0.182122E+03     0.182050E+03     0.181820E+03     0.182237E+03     0.182119E+03     0.181933E+03     0.182010E+03     0.181773E+03     0.180920E+03     0.180709E+03     0.180165E+03     0.179201E+03     0.179034E+03     0.178684E+03     0.178418E+03     0.178337E+03     0.178803E+03     0.178681E+03     0.178905E+03     0.179151E+03     0.179094E+03     0.179803E+03     0.179730E+03     0.179675E+03     0.179682E+03     0.179636E+03     0.179576E+03     0.179535E+03     0.179472E+03     0.179437E+03     0.179375E+03     0.100000E+21
 0.250000E+04     0.229395E+03     0.229344E+03     0.229029E+03     0.228917E+03     0.228586E+03     0.228429E+03     0.228167E+03     0.227936E+03     0.227528E+03     0.227081E+03     0.226833E+03     0.226493E+03     0.226255E+03     0.225917E+03     0.225584E+03     0.225272E+03     0.224991E+03     0.224736E+03     0.224381E+03     0.224107E+03     0.223572E+03     0.223058E+03     0.222519E+03     0.222833E+03     0.222700E+03     0.222753E+03     0.224095E+03     0.223801E+03     0.225517E+03     0.226215E+03     0.226473E+03     0.227955E+03     0.227550E+03     0.227963E+03     0.228063E+03     0.227817E+03     0.226675E+03     0.226152E+03     0.224599E+03     0.222438E+03     0.222090E+03     0.217786E+03     0.217242E+03     0.215702E+03     0.213794E+03     0.212870E+03     0.213243E+03     0.212680E+03     0.211765E+03     0.211747E+03     0.210249E+03     0.209034E+03     0.208091E+03     0.206903E+03     0.206796E+03     0.205673E+03     0.205213E+03     0.204683E+03     0.204007E+03     0.201069E+03     0.199958E+03     0.198647E+03     0.196735E+03     0.196265E+03     0.193585E+03     0.192943E+03     0.190814E+03     0.187760E+03     0.187316E+03     0.187634E+03     0.187168E+03     0.186884E+03     0.187491E+03     0.186570E+03     0.188263E+03     0.187904E+03     0.187785E+03     0.188870E+03     0.188397E+03     0.187544E+03     0.187021E+03     0.186109E+03     0.184910E+03     0.184544E+03     0.184109E+03     0.183626E+03     0.183470E+03     0.183521E+03     0.183333E+03     0.183140E+03     0.182964E+03     0.182838E+03     0.182572E+03     0.182419E+03     0.182153E+03     0.181987E+03     0.181747E+03     0.182114E+03     0.181978E+03     0.181855E+03     0.181932E+03     0.181663E+03     0.181009E+03     0.180676E+03     0.180141E+03     0.179288E+03     0.179125E+03     0.178791E+03     0.178516E+03     0.178431E+03     0.178629E+03     0.178514E+03     0.178727E+03     0.178935E+03     0.178875E+03     0.179765E+03     0.179701E+03     0.179665E+03     0.179681E+03     0.179636E+03     0.179576E+03     0.179536E+03     0.179472E+03     0.179439E+03     0.179375E+03     0.100000E+21
 0.252000E+04     0.229401E+03     0.229382E+03     0.229059E+03     0.228978E+03     0.228624E+03     0.228518E+03     0.228269E+03     0.228061E+03     0.227716E+03     0.227240E+03     0.227012E+03     0.226659E+03     0.226433E+03     0.225991E+03     0.225704E+03     0.225296E+03     0.224884E+03     0.224648E+03     0.224263E+03     0.224016E+03     0.223523E+03     0.223268E+03     0.222683E+03     0.223458E+03     0.223269E+03     0.223593E+03     0.224910E+03     0.224516E+03     0.225948E+03     0.226725E+03     0.227014E+03     0.228082E+03     0.227645E+03     0.227837E+03     0.227833E+03     0.227596E+03     0.226363E+03     0.225765E+03     0.224444E+03     0.222579E+03     0.222247E+03     0.218531E+03     0.218081E+03     0.216325E+03     0.214572E+03     0.213561E+03     0.213405E+03     0.212879E+03     0.211761E+03     0.211232E+03     0.209681E+03     0.208491E+03     0.207565E+03     0.206681E+03     0.207448E+03     0.206211E+03     0.206476E+03     0.206230E+03     0.205666E+03     0.202281E+03     0.201154E+03     0.199274E+03     0.196791E+03     0.196339E+03     0.193932E+03     0.193391E+03     0.190912E+03     0.187912E+03     0.187492E+03     0.187052E+03     0.186642E+03     0.186435E+03     0.187037E+03     0.186101E+03     0.187871E+03     0.187583E+03     0.187779E+03     0.189275E+03     0.188740E+03     0.188220E+03     0.187671E+03     0.186495E+03     0.184987E+03     0.184596E+03     0.183999E+03     0.183368E+03     0.183216E+03     0.183453E+03     0.183281E+03     0.183240E+03     0.183240E+03     0.183115E+03     0.182685E+03     0.182551E+03     0.182190E+03     0.181905E+03     0.181659E+03     0.181907E+03     0.181800E+03     0.181687E+03     0.181789E+03     0.181514E+03     0.180995E+03     0.180641E+03     0.180078E+03     0.179440E+03     0.179258E+03     0.178942E+03     0.178631E+03     0.178555E+03     0.178365E+03     0.178220E+03     0.178467E+03     0.178672E+03     0.178617E+03     0.179709E+03     0.179649E+03     0.179641E+03     0.179678E+03     0.179636E+03     0.179576E+03     0.179540E+03     0.179472E+03     0.179443E+03     0.179374E+03     0.100000E+21
 0.254000E+04     0.229393E+03     0.229384E+03     0.229056E+03     0.228978E+03     0.228617E+03     0.228515E+03     0.228269E+03     0.228067E+03     0.227716E+03     0.227228E+03     0.227012E+03     0.226659E+03     0.226437E+03     0.225991E+03     0.225717E+03     0.225300E+03     0.224878E+03     0.224648E+03     0.224263E+03     0.224026E+03     0.223521E+03     0.223277E+03     0.222681E+03     0.223458E+03     0.223274E+03     0.223659E+03     0.224910E+03     0.224511E+03     0.225869E+03     0.226725E+03     0.227052E+03     0.228082E+03     0.227636E+03     0.227827E+03     0.227833E+03     0.227601E+03     0.226363E+03     0.225748E+03     0.224424E+03     0.222573E+03     0.222247E+03     0.218531E+03     0.218101E+03     0.216265E+03     0.214587E+03     0.213561E+03     0.213405E+03     0.212896E+03     0.211763E+03     0.211258E+03     0.209668E+03     0.208525E+03     0.207574E+03     0.206713E+03     0.207448E+03     0.206189E+03     0.206445E+03     0.206230E+03     0.205681E+03     0.202281E+03     0.201126E+03     0.199272E+03     0.196786E+03     0.196339E+03     0.193932E+03     0.193415E+03     0.190835E+03     0.187901E+03     0.187492E+03     0.187052E+03     0.186657E+03     0.186486E+03     0.187052E+03     0.186096E+03     0.187871E+03     0.187590E+03     0.187850E+03     0.189275E+03     0.188732E+03     0.188232E+03     0.187671E+03     0.186447E+03     0.184987E+03     0.184588E+03     0.184005E+03     0.183368E+03     0.183219E+03     0.183453E+03     0.183289E+03     0.183248E+03     0.183238E+03     0.183115E+03     0.182685E+03     0.182556E+03     0.182182E+03     0.181909E+03     0.181659E+03     0.181907E+03     0.181803E+03     0.181698E+03     0.181794E+03     0.181511E+03     0.181017E+03     0.180642E+03     0.180053E+03     0.179440E+03     0.179255E+03     0.178949E+03     0.178631E+03     0.178557E+03     0.178365E+03     0.178217E+03     0.178471E+03     0.178671E+03     0.178617E+03     0.179709E+03     0.179652E+03     0.179647E+03     0.179677E+03     0.179636E+03     0.179576E+03     0.179541E+03     0.179472E+03     0.179444E+03     0.179373E+03     0.100000E+21
 0.256000E+04     0.229399E+03     0.229344E+03     0.229038E+03     0.228950E+03     0.228613E+03     0.228533E+03     0.228296E+03     0.228071E+03     0.227845E+03     0.227401E+03     0.227161E+03     0.226826E+03     0.226589E+03     0.225987E+03     0.225663E+03     0.225125E+03     0.224503E+03     0.224251E+03     0.223587E+03     0.223314E+03     0.222922E+03     0.222803E+03     0.222249E+03     0.223515E+03     0.223310E+03     0.223561E+03     0.225260E+03     0.224881E+03     0.226343E+03     0.226841E+03     0.226835E+03     0.227541E+03     0.227131E+03     0.226955E+03     0.226652E+03     0.226400E+03     0.225257E+03     0.224703E+03     0.223779E+03     0.222375E+03     0.222024E+03     0.219646E+03     0.219144E+03     0.217683E+03     0.215907E+03     0.214937E+03     0.213401E+03     0.212828E+03     0.211402E+03     0.209894E+03     0.208450E+03     0.207035E+03     0.206127E+03     0.205699E+03     0.207828E+03     0.206654E+03     0.208080E+03     0.208466E+03     0.207858E+03     0.204639E+03     0.203587E+03     0.200787E+03     0.197446E+03     0.196976E+03     0.194039E+03     0.193431E+03     0.191579E+03     0.189031E+03     0.188579E+03     0.186574E+03     0.186122E+03     0.185713E+03     0.186144E+03     0.185264E+03     0.186817E+03     0.186509E+03     0.186614E+03     0.188480E+03     0.187967E+03     0.188307E+03     0.188262E+03     0.187239E+03     0.185633E+03     0.185266E+03     0.184323E+03     0.183451E+03     0.183290E+03     0.183249E+03     0.183056E+03     0.183157E+03     0.183379E+03     0.183246E+03     0.182870E+03     0.182721E+03     0.182271E+03     0.181681E+03     0.181447E+03     0.181287E+03     0.181170E+03     0.181068E+03     0.181262E+03     0.181007E+03     0.180500E+03     0.180232E+03     0.179928E+03     0.179692E+03     0.179520E+03     0.179378E+03     0.179219E+03     0.179138E+03     0.178605E+03     0.178470E+03     0.178623E+03     0.178754E+03     0.178697E+03     0.179708E+03     0.179641E+03     0.179626E+03     0.179681E+03     0.179636E+03     0.179576E+03     0.179536E+03     0.179472E+03     0.179440E+03     0.179375E+03     0.100000E+21
 0.258000E+04     0.229404E+03     0.229346E+03     0.229039E+03     0.228950E+03     0.228609E+03     0.228536E+03     0.228296E+03     0.228075E+03     0.227845E+03     0.227400E+03     0.227161E+03     0.226826E+03     0.226593E+03     0.225987E+03     0.225662E+03     0.225126E+03     0.224497E+03     0.224251E+03     0.223587E+03     0.223317E+03     0.222919E+03     0.222806E+03     0.222246E+03     0.223515E+03     0.223315E+03     0.223538E+03     0.225260E+03     0.224877E+03     0.226389E+03     0.226841E+03     0.226846E+03     0.227541E+03     0.227129E+03     0.226956E+03     0.226652E+03     0.226406E+03     0.225257E+03     0.224705E+03     0.223784E+03     0.222368E+03     0.222024E+03     0.219646E+03     0.219147E+03     0.217716E+03     0.215917E+03     0.214937E+03     0.213401E+03     0.212840E+03     0.211424E+03     0.209890E+03     0.208437E+03     0.207009E+03     0.206138E+03     0.205710E+03     0.207828E+03     0.206644E+03     0.208115E+03     0.208466E+03     0.207871E+03     0.204639E+03     0.203588E+03     0.200788E+03     0.197439E+03     0.196976E+03     0.194039E+03     0.193430E+03     0.191609E+03     0.189021E+03     0.188579E+03     0.186574E+03     0.186129E+03     0.185688E+03     0.186146E+03     0.185257E+03     0.186817E+03     0.186516E+03     0.186601E+03     0.188480E+03     0.187962E+03     0.188322E+03     0.188262E+03     0.187207E+03     0.185633E+03     0.185265E+03     0.184319E+03     0.183451E+03     0.183294E+03     0.183249E+03     0.183055E+03     0.183152E+03     0.183376E+03     0.183246E+03     0.182870E+03     0.182722E+03     0.182285E+03     0.181683E+03     0.181447E+03     0.181287E+03     0.181173E+03     0.181062E+03     0.181260E+03     0.181005E+03     0.180488E+03     0.180233E+03     0.179925E+03     0.179692E+03     0.179519E+03     0.179377E+03     0.179219E+03     0.179140E+03     0.178605E+03     0.178470E+03     0.178622E+03     0.178753E+03     0.178697E+03     0.179708E+03     0.179641E+03     0.179623E+03     0.179680E+03     0.179636E+03     0.179576E+03     0.179537E+03     0.179472E+03     0.179440E+03     0.179375E+03     0.100000E+21
 0.260000E+04     0.229426E+03     0.229318E+03     0.229023E+03     0.228936E+03     0.228584E+03     0.228515E+03     0.228242E+03     0.228020E+03     0.227811E+03     0.227398E+03     0.227117E+03     0.226767E+03     0.226531E+03     0.225899E+03     0.225585E+03     0.225012E+03     0.224288E+03     0.224014E+03     0.223311E+03     0.223032E+03     0.222741E+03     0.222470E+03     0.221833E+03     0.223364E+03     0.222986E+03     0.223186E+03     0.225130E+03     0.224629E+03     0.226444E+03     0.226503E+03     0.226465E+03     0.227263E+03     0.226761E+03     0.226404E+03     0.225785E+03     0.225584E+03     0.224589E+03     0.224489E+03     0.223265E+03     0.221915E+03     0.221544E+03     0.219820E+03     0.219240E+03     0.218052E+03     0.216336E+03     0.215460E+03     0.213465E+03     0.212910E+03     0.211538E+03     0.209614E+03     0.208106E+03     0.206674E+03     0.205530E+03     0.205260E+03     0.207762E+03     0.206527E+03     0.208419E+03     0.209087E+03     0.208406E+03     0.205433E+03     0.204168E+03     0.201682E+03     0.198493E+03     0.198022E+03     0.194205E+03     0.193458E+03     0.191906E+03     0.189359E+03     0.188939E+03     0.186695E+03     0.186240E+03     0.185558E+03     0.186092E+03     0.185222E+03     0.186731E+03     0.186279E+03     0.186227E+03     0.188271E+03     0.187501E+03     0.188197E+03     0.188111E+03     0.187263E+03     0.185755E+03     0.185412E+03     0.184464E+03     0.183644E+03     0.183475E+03     0.183213E+03     0.183016E+03     0.183062E+03     0.183242E+03     0.183099E+03     0.182788E+03     0.182641E+03     0.182301E+03     0.181598E+03     0.181349E+03     0.181192E+03     0.181003E+03     0.180926E+03     0.181118E+03     0.180784E+03     0.180308E+03     0.179946E+03     0.179787E+03     0.179676E+03     0.179496E+03     0.179452E+03     0.179450E+03     0.179350E+03     0.178836E+03     0.178595E+03     0.178827E+03     0.178955E+03     0.178901E+03     0.179735E+03     0.179653E+03     0.179621E+03     0.179682E+03     0.179636E+03     0.179576E+03     0.179535E+03     0.179472E+03     0.179437E+03     0.179375E+03     0.100000E+21
 0.262000E+04     0.229351E+03     0.229284E+03     0.228961E+03     0.228849E+03     0.228504E+03     0.228412E+03     0.228167E+03     0.227950E+03     0.227713E+03     0.227259E+03     0.227024E+03     0.226684E+03     0.226453E+03     0.225717E+03     0.225405E+03     0.224735E+03     0.223932E+03     0.223688E+03     0.222671E+03     0.222408E+03     0.221976E+03     0.221790E+03     0.221224E+03     0.222661E+03     0.222463E+03     0.222805E+03     0.224561E+03     0.224175E+03     0.225526E+03     0.226022E+03     0.225847E+03     0.226116E+03     0.225697E+03     0.225168E+03     0.224587E+03     0.224343E+03     0.223104E+03     0.222536E+03     0.222071E+03     0.221217E+03     0.220876E+03     0.220184E+03     0.219699E+03     0.218441E+03     0.217181E+03     0.216194E+03     0.213667E+03     0.213115E+03     0.211294E+03     0.209011E+03     0.207528E+03     0.205759E+03     0.204664E+03     0.204602E+03     0.207353E+03     0.206154E+03     0.208753E+03     0.209945E+03     0.209357E+03     0.207501E+03     0.206425E+03     0.203485E+03     0.199974E+03     0.199513E+03     0.194543E+03     0.193956E+03     0.192189E+03     0.189873E+03     0.189436E+03     0.186997E+03     0.186561E+03     0.185994E+03     0.186051E+03     0.185149E+03     0.186230E+03     0.185932E+03     0.185859E+03     0.187139E+03     0.186616E+03     0.187584E+03     0.187900E+03     0.187110E+03     0.186170E+03     0.185795E+03     0.184826E+03     0.183913E+03     0.183757E+03     0.183136E+03     0.182949E+03     0.182950E+03     0.183025E+03     0.182896E+03     0.182608E+03     0.182464E+03     0.182007E+03     0.181449E+03     0.181211E+03     0.180832E+03     0.180720E+03     0.180581E+03     0.180670E+03     0.180409E+03     0.179845E+03     0.179535E+03     0.179410E+03     0.179596E+03     0.179420E+03     0.179660E+03     0.179768E+03     0.179690E+03     0.179385E+03     0.179248E+03     0.179269E+03     0.179245E+03     0.179189E+03     0.179789E+03     0.179724E+03     0.179680E+03     0.179680E+03     0.179636E+03     0.179576E+03     0.179538E+03     0.179472E+03     0.179441E+03     0.179374E+03     0.100000E+21
 0.264000E+04     0.229339E+03     0.229289E+03     0.228949E+03     0.228849E+03     0.228490E+03     0.228402E+03     0.228167E+03     0.227963E+03     0.227713E+03     0.227229E+03     0.227023E+03     0.226684E+03     0.226460E+03     0.225717E+03     0.225438E+03     0.224714E+03     0.223920E+03     0.223688E+03     0.222671E+03     0.222430E+03     0.221982E+03     0.221810E+03     0.221218E+03     0.222661E+03     0.222474E+03     0.223010E+03     0.224561E+03     0.224164E+03     0.225339E+03     0.226022E+03     0.225868E+03     0.226116E+03     0.225673E+03     0.225184E+03     0.224587E+03     0.224353E+03     0.223104E+03     0.222494E+03     0.222067E+03     0.221204E+03     0.220876E+03     0.220184E+03     0.219747E+03     0.218352E+03     0.217215E+03     0.216194E+03     0.213667E+03     0.213152E+03     0.211078E+03     0.209077E+03     0.207501E+03     0.205916E+03     0.204685E+03     0.204856E+03     0.207353E+03     0.206101E+03     0.208467E+03     0.209945E+03     0.209390E+03     0.207501E+03     0.206355E+03     0.203474E+03     0.199962E+03     0.199513E+03     0.194543E+03     0.194018E+03     0.192061E+03     0.189849E+03     0.189436E+03     0.186997E+03     0.186597E+03     0.186052E+03     0.186087E+03     0.185138E+03     0.186230E+03     0.185946E+03     0.185999E+03     0.187139E+03     0.186598E+03     0.187447E+03     0.187900E+03     0.187046E+03     0.186170E+03     0.185774E+03     0.184854E+03     0.183913E+03     0.183763E+03     0.183136E+03     0.182970E+03     0.182974E+03     0.183019E+03     0.182896E+03     0.182608E+03     0.182477E+03     0.181953E+03     0.181459E+03     0.181211E+03     0.180832E+03     0.180727E+03     0.180606E+03     0.180683E+03     0.180403E+03     0.179904E+03     0.179538E+03     0.179426E+03     0.179596E+03     0.179412E+03     0.179635E+03     0.179768E+03     0.179694E+03     0.179385E+03     0.179239E+03     0.179272E+03     0.179243E+03     0.179189E+03     0.179789E+03     0.179731E+03     0.179690E+03     0.179677E+03     0.179636E+03     0.179576E+03     0.179541E+03     0.179472E+03     0.179444E+03     0.179374E+03     0.100000E+21
 0.266000E+04     0.229377E+03     0.229285E+03     0.228961E+03     0.228788E+03     0.228456E+03     0.228284E+03     0.227993E+03     0.227764E+03     0.227379E+03     0.226958E+03     0.226611E+03     0.226199E+03     0.225961E+03     0.225134E+03     0.224776E+03     0.224125E+03     0.223223E+03     0.222968E+03     0.221759E+03     0.221474E+03     0.221015E+03     0.220644E+03     0.220100E+03     0.221391E+03     0.221185E+03     0.221276E+03     0.223242E+03     0.222866E+03     0.224407E+03     0.224626E+03     0.224317E+03     0.224294E+03     0.223898E+03     0.222920E+03     0.222071E+03     0.221817E+03     0.220229E+03     0.219722E+03     0.219487E+03     0.219025E+03     0.218672E+03     0.219799E+03     0.219266E+03     0.218585E+03     0.218418E+03     0.217459E+03     0.214689E+03     0.214105E+03     0.212517E+03     0.209130E+03     0.207743E+03     0.204986E+03     0.203999E+03     0.203595E+03     0.206207E+03     0.205055E+03     0.209294E+03     0.210889E+03     0.210274E+03     0.210276E+03     0.209287E+03     0.206825E+03     0.203884E+03     0.203413E+03     0.196494E+03     0.195830E+03     0.193844E+03     0.190493E+03     0.190036E+03     0.187231E+03     0.186765E+03     0.186094E+03     0.186021E+03     0.185162E+03     0.186275E+03     0.185964E+03     0.185575E+03     0.186374E+03     0.185866E+03     0.187164E+03     0.187369E+03     0.186838E+03     0.186355E+03     0.186002E+03     0.184961E+03     0.184055E+03     0.183894E+03     0.182984E+03     0.182769E+03     0.182731E+03     0.182765E+03     0.182631E+03     0.182289E+03     0.182131E+03     0.181763E+03     0.181111E+03     0.180880E+03     0.180742E+03     0.180624E+03     0.180411E+03     0.180305E+03     0.180065E+03     0.179301E+03     0.179056E+03     0.178939E+03     0.179193E+03     0.179025E+03     0.179467E+03     0.179662E+03     0.179580E+03     0.179525E+03     0.179399E+03     0.179351E+03     0.179267E+03     0.179210E+03     0.179792E+03     0.179720E+03     0.179670E+03     0.179682E+03     0.179636E+03     0.179576E+03     0.179535E+03     0.179472E+03     0.179438E+03     0.179375E+03     0.100000E+21
 0.268000E+04     0.229347E+03     0.229291E+03     0.228937E+03     0.228788E+03     0.228437E+03     0.228279E+03     0.227993E+03     0.227782E+03     0.227379E+03     0.226909E+03     0.226612E+03     0.226199E+03     0.225971E+03     0.225134E+03     0.224840E+03     0.224082E+03     0.223206E+03     0.222968E+03     0.221759E+03     0.221507E+03     0.220987E+03     0.220672E+03     0.220092E+03     0.221391E+03     0.221199E+03     0.221628E+03     0.223242E+03     0.222851E+03     0.224057E+03     0.224626E+03     0.224315E+03     0.224294E+03     0.223863E+03     0.222975E+03     0.222071E+03     0.221831E+03     0.220229E+03     0.219639E+03     0.219505E+03     0.219007E+03     0.218672E+03     0.219799E+03     0.219340E+03     0.218650E+03     0.218463E+03     0.217459E+03     0.214689E+03     0.214155E+03     0.211910E+03     0.209236E+03     0.207706E+03     0.205501E+03     0.204026E+03     0.203914E+03     0.206207E+03     0.204982E+03     0.208664E+03     0.210889E+03     0.210318E+03     0.210276E+03     0.209163E+03     0.206813E+03     0.203868E+03     0.203413E+03     0.196494E+03     0.195940E+03     0.193510E+03     0.190461E+03     0.190036E+03     0.187231E+03     0.186814E+03     0.186177E+03     0.186072E+03     0.185147E+03     0.186275E+03     0.185984E+03     0.185701E+03     0.186374E+03     0.185842E+03     0.186887E+03     0.187369E+03     0.186796E+03     0.186355E+03     0.185969E+03     0.185003E+03     0.184055E+03     0.183902E+03     0.182984E+03     0.182808E+03     0.182760E+03     0.182757E+03     0.182631E+03     0.182289E+03     0.182151E+03     0.181654E+03     0.181124E+03     0.180880E+03     0.180742E+03     0.180633E+03     0.180415E+03     0.180328E+03     0.180057E+03     0.179448E+03     0.179059E+03     0.178966E+03     0.179193E+03     0.179013E+03     0.179411E+03     0.179662E+03     0.179585E+03     0.179525E+03     0.179382E+03     0.179353E+03     0.179265E+03     0.179210E+03     0.179792E+03     0.179731E+03     0.179687E+03     0.179678E+03     0.179636E+03     0.179576E+03     0.179539E+03     0.179472E+03     0.179442E+03     0.179374E+03     0.100000E+21
 0.270000E+04     0.229385E+03     0.229330E+03     0.228985E+03     0.228799E+03     0.228474E+03     0.228281E+03     0.227961E+03     0.227739E+03     0.227298E+03     0.226884E+03     0.226468E+03     0.225957E+03     0.225727E+03     0.224912E+03     0.224660E+03     0.223924E+03     0.222957E+03     0.222679E+03     0.221568E+03     0.221286E+03     0.220888E+03     0.220425E+03     0.219809E+03     0.221220E+03     0.220854E+03     0.221081E+03     0.223031E+03     0.222484E+03     0.224155E+03     0.224163E+03     0.223929E+03     0.224035E+03     0.223555E+03     0.222442E+03     0.221281E+03     0.221083E+03     0.219461E+03     0.219311E+03     0.218692E+03     0.217981E+03     0.217584E+03     0.219358E+03     0.218924E+03     0.218494E+03     0.218709E+03     0.217804E+03     0.214977E+03     0.214530E+03     0.212675E+03     0.209389E+03     0.208131E+03     0.205124E+03     0.204087E+03     0.203518E+03     0.206014E+03     0.204694E+03     0.209017E+03     0.210571E+03     0.209999E+03     0.210548E+03     0.209473E+03     0.207376E+03     0.204907E+03     0.204439E+03     0.197414E+03     0.196398E+03     0.194418E+03     0.190972E+03     0.190583E+03     0.187274E+03     0.186817E+03     0.186132E+03     0.186092E+03     0.185252E+03     0.186202E+03     0.185805E+03     0.185489E+03     0.186319E+03     0.185756E+03     0.187063E+03     0.187189E+03     0.186826E+03     0.186492E+03     0.186146E+03     0.185123E+03     0.184240E+03     0.184072E+03     0.183028E+03     0.182794E+03     0.182715E+03     0.182655E+03     0.182515E+03     0.182240E+03     0.182089E+03     0.181759E+03     0.181188E+03     0.180975E+03     0.180777E+03     0.180684E+03     0.180420E+03     0.180280E+03     0.180020E+03     0.179271E+03     0.178942E+03     0.178872E+03     0.179168E+03     0.178986E+03     0.179368E+03     0.179443E+03     0.179382E+03     0.179400E+03     0.179324E+03     0.179239E+03     0.179155E+03     0.179095E+03     0.179779E+03     0.179711E+03     0.179665E+03     0.179682E+03     0.179636E+03     0.179576E+03     0.179536E+03     0.179472E+03     0.179438E+03     0.179375E+03     0.100000E+21
 0.272000E+04     0.229476E+03     0.229407E+03     0.229068E+03     0.228854E+03     0.228520E+03     0.228247E+03     0.227911E+03     0.227684E+03     0.227031E+03     0.226607E+03     0.226119E+03     0.225577E+03     0.225341E+03     0.224374E+03     0.224021E+03     0.223371E+03     0.222483E+03     0.222231E+03     0.221057E+03     0.220775E+03     0.220300E+03     0.219885E+03     0.219337E+03     0.220436E+03     0.220231E+03     0.220304E+03     0.222112E+03     0.221734E+03     0.223204E+03     0.223423E+03     0.223071E+03     0.222937E+03     0.222538E+03     0.221177E+03     0.220059E+03     0.219808E+03     0.217469E+03     0.216954E+03     0.216716E+03     0.216236E+03     0.215887E+03     0.218274E+03     0.217745E+03     0.217678E+03     0.219312E+03     0.218348E+03     0.215989E+03     0.215410E+03     0.213737E+03     0.210235E+03     0.208837E+03     0.205405E+03     0.204225E+03     0.203469E+03     0.204987E+03     0.203828E+03     0.208325E+03     0.210078E+03     0.209469E+03     0.211357E+03     0.210360E+03     0.208689E+03     0.206550E+03     0.206081E+03     0.199618E+03     0.198961E+03     0.196394E+03     0.191882E+03     0.191429E+03     0.187396E+03     0.186934E+03     0.186280E+03     0.186274E+03     0.185408E+03     0.185823E+03     0.185515E+03     0.185157E+03     0.186043E+03     0.185532E+03     0.186724E+03     0.186905E+03     0.186691E+03     0.186996E+03     0.186641E+03     0.185509E+03     0.184528E+03     0.184368E+03     0.183137E+03     0.182924E+03     0.182708E+03     0.182468E+03     0.182336E+03     0.182115E+03     0.181959E+03     0.181676E+03     0.181358E+03     0.181126E+03     0.180916E+03     0.180799E+03     0.180529E+03     0.180182E+03     0.179940E+03     0.179047E+03     0.178756E+03     0.178684E+03     0.179051E+03     0.178883E+03     0.179065E+03     0.179106E+03     0.179025E+03     0.179057E+03     0.178930E+03     0.178962E+03     0.178971E+03     0.178914E+03     0.179748E+03     0.179677E+03     0.179640E+03     0.179682E+03     0.179636E+03     0.179576E+03     0.179536E+03     0.179472E+03     0.179438E+03     0.179375E+03     0.100000E+21
 0.274000E+04     0.229426E+03     0.229412E+03     0.229040E+03     0.228854E+03     0.228502E+03     0.228257E+03     0.227911E+03     0.227700E+03     0.227031E+03     0.226562E+03     0.226123E+03     0.225577E+03     0.225349E+03     0.224374E+03     0.224080E+03     0.223332E+03     0.222470E+03     0.222231E+03     0.221057E+03     0.220805E+03     0.220263E+03     0.219910E+03     0.219330E+03     0.220436E+03     0.220244E+03     0.220613E+03     0.222112E+03     0.221720E+03     0.222883E+03     0.223423E+03     0.223059E+03     0.222937E+03     0.222505E+03     0.221260E+03     0.220059E+03     0.219820E+03     0.217469E+03     0.216878E+03     0.216733E+03     0.216222E+03     0.215887E+03     0.218274E+03     0.217815E+03     0.218064E+03     0.219352E+03     0.218348E+03     0.215989E+03     0.215455E+03     0.213140E+03     0.210336E+03     0.208806E+03     0.206041E+03     0.204248E+03     0.203643E+03     0.204987E+03     0.203762E+03     0.207680E+03     0.210078E+03     0.209507E+03     0.211357E+03     0.210244E+03     0.208683E+03     0.206536E+03     0.206081E+03     0.199618E+03     0.199064E+03     0.195914E+03     0.191853E+03     0.191429E+03     0.187396E+03     0.186979E+03     0.186372E+03     0.186321E+03     0.185396E+03     0.185823E+03     0.185532E+03     0.185290E+03     0.186043E+03     0.185511E+03     0.186475E+03     0.186905E+03     0.186715E+03     0.186996E+03     0.186610E+03     0.185555E+03     0.184528E+03     0.184375E+03     0.183137E+03     0.182961E+03     0.182713E+03     0.182462E+03     0.182336E+03     0.182115E+03     0.181977E+03     0.181639E+03     0.181369E+03     0.181126E+03     0.180916E+03     0.180807E+03     0.180487E+03     0.180204E+03     0.179933E+03     0.179213E+03     0.178759E+03     0.178721E+03     0.179051E+03     0.178872E+03     0.179036E+03     0.179106E+03     0.179030E+03     0.179057E+03     0.178914E+03     0.178968E+03     0.178969E+03     0.178914E+03     0.179748E+03     0.179687E+03     0.179661E+03     0.179678E+03     0.179636E+03     0.179576E+03     0.179539E+03     0.179472E+03     0.179442E+03     0.179374E+03     0.100000E+21
 0.276000E+04     0.229603E+03     0.229504E+03     0.229187E+03     0.228992E+03     0.228630E+03     0.228320E+03     0.227957E+03     0.227732E+03     0.226924E+03     0.226498E+03     0.225921E+03     0.225328E+03     0.225087E+03     0.223961E+03     0.223500E+03     0.222960E+03     0.222160E+03     0.221924E+03     0.220842E+03     0.220555E+03     0.220063E+03     0.219768E+03     0.219239E+03     0.220281E+03     0.220110E+03     0.220128E+03     0.221888E+03     0.221559E+03     0.222952E+03     0.223214E+03     0.222842E+03     0.222690E+03     0.222315E+03     0.220787E+03     0.219639E+03     0.219368E+03     0.216292E+03     0.215497E+03     0.215344E+03     0.214752E+03     0.214440E+03     0.216708E+03     0.215995E+03     0.216094E+03     0.218736E+03     0.217833E+03     0.216897E+03     0.216183E+03     0.214787E+03     0.211183E+03     0.209625E+03     0.206351E+03     0.204931E+03     0.204060E+03     0.204583E+03     0.203507E+03     0.207438E+03     0.209149E+03     0.208465E+03     0.211068E+03     0.210042E+03     0.208722E+03     0.206858E+03     0.206387E+03     0.201197E+03     0.200867E+03     0.198085E+03     0.193289E+03     0.192735E+03     0.188829E+03     0.188303E+03     0.187862E+03     0.186873E+03     0.185924E+03     0.185879E+03     0.185553E+03     0.185087E+03     0.185328E+03     0.184975E+03     0.186378E+03     0.186689E+03     0.186541E+03     0.187171E+03     0.186815E+03     0.186101E+03     0.185315E+03     0.185176E+03     0.183463E+03     0.183334E+03     0.182806E+03     0.182190E+03     0.182067E+03     0.181916E+03     0.181746E+03     0.181530E+03     0.181603E+03     0.181344E+03     0.181500E+03     0.181271E+03     0.181056E+03     0.180183E+03     0.179943E+03     0.178580E+03     0.178371E+03     0.178272E+03     0.178714E+03     0.178596E+03     0.178733E+03     0.178809E+03     0.178710E+03     0.178785E+03     0.178606E+03     0.178841E+03     0.179016E+03     0.178958E+03     0.179815E+03     0.179754E+03     0.179696E+03     0.179682E+03     0.179636E+03     0.179576E+03     0.179535E+03     0.179472E+03     0.179438E+03     0.179375E+03     0.100000E+21
 0.278000E+04     0.229513E+03     0.229578E+03     0.229194E+03     0.229019E+03     0.228660E+03     0.228376E+03     0.227990E+03     0.227786E+03     0.226886E+03     0.226402E+03     0.225835E+03     0.225148E+03     0.224924E+03     0.223755E+03     0.223476E+03     0.222738E+03     0.221929E+03     0.221697E+03     0.220745E+03     0.220504E+03     0.220002E+03     0.219751E+03     0.219158E+03     0.220243E+03     0.220056E+03     0.220474E+03     0.221831E+03     0.221434E+03     0.222477E+03     0.223064E+03     0.222712E+03     0.222623E+03     0.222180E+03     0.220753E+03     0.219331E+03     0.219097E+03     0.215747E+03     0.215137E+03     0.214646E+03     0.213712E+03     0.213384E+03     0.215939E+03     0.215502E+03     0.216441E+03     0.218482E+03     0.217461E+03     0.217199E+03     0.216684E+03     0.214238E+03     0.211652E+03     0.210076E+03     0.207414E+03     0.205455E+03     0.204277E+03     0.204503E+03     0.203251E+03     0.206377E+03     0.208467E+03     0.207912E+03     0.210952E+03     0.209806E+03     0.208737E+03     0.207053E+03     0.206604E+03     0.201993E+03     0.201468E+03     0.198098E+03     0.194106E+03     0.193694E+03     0.189424E+03     0.189023E+03     0.187955E+03     0.187204E+03     0.186255E+03     0.185890E+03     0.185607E+03     0.185046E+03     0.185174E+03     0.184634E+03     0.185825E+03     0.186534E+03     0.186576E+03     0.187226E+03     0.186829E+03     0.186389E+03     0.185890E+03     0.185740E+03     0.183622E+03     0.183455E+03     0.182759E+03     0.181994E+03     0.181870E+03     0.181822E+03     0.181691E+03     0.181613E+03     0.181747E+03     0.181499E+03     0.181667E+03     0.181562E+03     0.180940E+03     0.180214E+03     0.179934E+03     0.178867E+03     0.178106E+03     0.178170E+03     0.178639E+03     0.178455E+03     0.178559E+03     0.178590E+03     0.178516E+03     0.178666E+03     0.178519E+03     0.178806E+03     0.179044E+03     0.178990E+03     0.179849E+03     0.179791E+03     0.179724E+03     0.179677E+03     0.179636E+03     0.179576E+03     0.179541E+03     0.179472E+03     0.179444E+03     0.179374E+03     0.100000E+21
 0.280000E+04     0.229563E+03     0.229598E+03     0.229243E+03     0.229057E+03     0.228720E+03     0.228412E+03     0.228062E+03     0.227837E+03     0.226926E+03     0.226472E+03     0.225848E+03     0.225141E+03     0.224910E+03     0.223699E+03     0.223392E+03     0.222698E+03     0.221853E+03     0.221603E+03     0.220752E+03     0.220489E+03     0.220046E+03     0.219822E+03     0.219272E+03     0.220363E+03     0.220202E+03     0.220416E+03     0.221946E+03     0.221589E+03     0.222773E+03     0.223257E+03     0.222890E+03     0.222771E+03     0.222366E+03     0.220855E+03     0.219566E+03     0.219310E+03     0.215713E+03     0.215149E+03     0.214433E+03     0.213210E+03     0.212851E+03     0.215260E+03     0.214801E+03     0.215527E+03     0.217792E+03     0.216714E+03     0.217180E+03     0.216623E+03     0.214659E+03     0.211900E+03     0.210494E+03     0.207489E+03     0.206097E+03     0.204651E+03     0.204670E+03     0.203502E+03     0.206600E+03     0.207908E+03     0.207369E+03     0.210658E+03     0.209596E+03     0.208560E+03     0.207004E+03     0.206544E+03     0.202314E+03     0.201697E+03     0.198935E+03     0.195074E+03     0.194726E+03     0.190150E+03     0.189787E+03     0.188467E+03     0.187375E+03     0.186515E+03     0.185964E+03     0.185691E+03     0.185127E+03     0.185286E+03     0.184790E+03     0.185926E+03     0.186194E+03     0.186295E+03     0.187107E+03     0.186726E+03     0.186479E+03     0.186297E+03     0.186127E+03     0.183952E+03     0.183729E+03     0.182933E+03     0.181933E+03     0.181800E+03     0.181565E+03     0.181420E+03     0.181419E+03     0.181654E+03     0.181402E+03     0.181731E+03     0.181634E+03     0.181136E+03     0.180369E+03     0.180150E+03     0.178824E+03     0.178167E+03     0.178148E+03     0.178619E+03     0.178441E+03     0.178586E+03     0.178646E+03     0.178564E+03     0.178725E+03     0.178582E+03     0.178860E+03     0.179132E+03     0.179078E+03     0.179862E+03     0.179796E+03     0.179725E+03     0.179680E+03     0.179636E+03     0.179576E+03     0.179538E+03     0.179472E+03     0.179441E+03     0.179374E+03     0.100000E+21
 0.282000E+04     0.229689E+03     0.229638E+03     0.229320E+03     0.229162E+03     0.228830E+03     0.228526E+03     0.228179E+03     0.227950E+03     0.227030E+03     0.226612E+03     0.225883E+03     0.225129E+03     0.224892E+03     0.223567E+03     0.223204E+03     0.222576E+03     0.221703E+03     0.221448E+03     0.220769E+03     0.220483E+03     0.220084E+03     0.220004E+03     0.219460E+03     0.220695E+03     0.220488E+03     0.220504E+03     0.222252E+03     0.221876E+03     0.223399E+03     0.223581E+03     0.223252E+03     0.223174E+03     0.222778E+03     0.221204E+03     0.219952E+03     0.219698E+03     0.215630E+03     0.215130E+03     0.213994E+03     0.212325E+03     0.211973E+03     0.213648E+03     0.213112E+03     0.213428E+03     0.216432E+03     0.215473E+03     0.217128E+03     0.216543E+03     0.215160E+03     0.212611E+03     0.211229E+03     0.208199E+03     0.207230E+03     0.205752E+03     0.205135E+03     0.203984E+03     0.206368E+03     0.206993E+03     0.206378E+03     0.209914E+03     0.208933E+03     0.208135E+03     0.206913E+03     0.206442E+03     0.203069E+03     0.202398E+03     0.200373E+03     0.196873E+03     0.196416E+03     0.191970E+03     0.191503E+03     0.190432E+03     0.187816E+03     0.186958E+03     0.186169E+03     0.185858E+03     0.185320E+03     0.185595E+03     0.185087E+03     0.185688E+03     0.185631E+03     0.185717E+03     0.186790E+03     0.186438E+03     0.186783E+03     0.186967E+03     0.186806E+03     0.184740E+03     0.184521E+03     0.183431E+03     0.181819E+03     0.181685E+03     0.180947E+03     0.180789E+03     0.180768E+03     0.181470E+03     0.181240E+03     0.181902E+03     0.181783E+03     0.181458E+03     0.180790E+03     0.180551E+03     0.178731E+03     0.178274E+03     0.178197E+03     0.178564E+03     0.178396E+03     0.178655E+03     0.178738E+03     0.178656E+03     0.178868E+03     0.178744E+03     0.179002E+03     0.179281E+03     0.179224E+03     0.179892E+03     0.179820E+03     0.179742E+03     0.179682E+03     0.179636E+03     0.179576E+03     0.179535E+03     0.179472E+03     0.179437E+03     0.179375E+03     0.100000E+21
 0.284000E+04     0.229620E+03     0.229641E+03     0.229310E+03     0.229162E+03     0.228821E+03     0.228533E+03     0.228179E+03     0.227959E+03     0.227030E+03     0.226586E+03     0.225887E+03     0.225129E+03     0.224897E+03     0.223567E+03     0.223242E+03     0.222558E+03     0.221695E+03     0.221448E+03     0.220769E+03     0.220498E+03     0.220108E+03     0.220017E+03     0.219457E+03     0.220695E+03     0.220495E+03     0.220668E+03     0.222252E+03     0.221869E+03     0.223206E+03     0.223581E+03     0.223249E+03     0.223174E+03     0.222761E+03     0.221246E+03     0.219952E+03     0.219705E+03     0.215630E+03     0.215078E+03     0.213970E+03     0.212317E+03     0.211973E+03     0.213648E+03     0.213149E+03     0.213779E+03     0.216453E+03     0.215473E+03     0.217128E+03     0.216566E+03     0.214903E+03     0.212664E+03     0.211211E+03     0.208570E+03     0.207243E+03     0.205718E+03     0.205135E+03     0.203950E+03     0.206188E+03     0.206993E+03     0.206399E+03     0.209914E+03     0.208863E+03     0.208135E+03     0.206905E+03     0.206442E+03     0.203069E+03     0.202460E+03     0.200207E+03     0.196858E+03     0.196416E+03     0.191970E+03     0.191525E+03     0.190088E+03     0.187839E+03     0.186951E+03     0.186169E+03     0.185867E+03     0.185342E+03     0.185595E+03     0.185076E+03     0.185608E+03     0.185631E+03     0.185760E+03     0.186790E+03     0.186421E+03     0.186770E+03     0.186967E+03     0.186810E+03     0.184740E+03     0.184546E+03     0.183381E+03     0.181815E+03     0.181685E+03     0.180947E+03     0.180798E+03     0.180870E+03     0.181476E+03     0.181240E+03     0.181902E+03     0.181788E+03     0.181396E+03     0.180803E+03     0.180548E+03     0.178960E+03     0.178276E+03     0.178214E+03     0.178564E+03     0.178391E+03     0.178639E+03     0.178738E+03     0.178659E+03     0.178868E+03     0.178734E+03     0.179009E+03     0.179280E+03     0.179224E+03     0.179892E+03     0.179826E+03     0.179744E+03     0.179680E+03     0.179636E+03     0.179576E+03     0.179537E+03     0.179472E+03     0.179440E+03     0.179375E+03     0.100000E+21
 0.286000E+04     0.229556E+03     0.229576E+03     0.229258E+03     0.229161E+03     0.228824E+03     0.228601E+03     0.228267E+03     0.228046E+03     0.227239E+03     0.226800E+03     0.226117E+03     0.225367E+03     0.225132E+03     0.223765E+03     0.223459E+03     0.222723E+03     0.221807E+03     0.221551E+03     0.220895E+03     0.220622E+03     0.220287E+03     0.220289E+03     0.219716E+03     0.221111E+03     0.220865E+03     0.221112E+03     0.222715E+03     0.222294E+03     0.223570E+03     0.223919E+03     0.223652E+03     0.223730E+03     0.223305E+03     0.221892E+03     0.220602E+03     0.220365E+03     0.216262E+03     0.215758E+03     0.214316E+03     0.212312E+03     0.211962E+03     0.212890E+03     0.212353E+03     0.212906E+03     0.215206E+03     0.214304E+03     0.216348E+03     0.215826E+03     0.214398E+03     0.213262E+03     0.211765E+03     0.209694E+03     0.208293E+03     0.206844E+03     0.206235E+03     0.204989E+03     0.206596E+03     0.207109E+03     0.206505E+03     0.209589E+03     0.208522E+03     0.208129E+03     0.207202E+03     0.206732E+03     0.204082E+03     0.203552E+03     0.201384E+03     0.198318E+03     0.197812E+03     0.192872E+03     0.192402E+03     0.190769E+03     0.187935E+03     0.187047E+03     0.186042E+03     0.185749E+03     0.185156E+03     0.185191E+03     0.184713E+03     0.185226E+03     0.185322E+03     0.185288E+03     0.185949E+03     0.185584E+03     0.186242E+03     0.186687E+03     0.186522E+03     0.185102E+03     0.184939E+03     0.183761E+03     0.182228E+03     0.182086E+03     0.180783E+03     0.180629E+03     0.180601E+03     0.180918E+03     0.180719E+03     0.181383E+03     0.181311E+03     0.180975E+03     0.180747E+03     0.180498E+03     0.179457E+03     0.178834E+03     0.178703E+03     0.178758E+03     0.178578E+03     0.178703E+03     0.178735E+03     0.178654E+03     0.178959E+03     0.178830E+03     0.179074E+03     0.179313E+03     0.179255E+03     0.179886E+03     0.179818E+03     0.179740E+03     0.179681E+03     0.179636E+03     0.179576E+03     0.179536E+03     0.179472E+03     0.179440E+03     0.179375E+03     0.100000E+21
 0.288000E+04     0.229481E+03     0.229533E+03     0.229217E+03     0.229160E+03     0.228799E+03     0.228637E+03     0.228344E+03     0.228142E+03     0.227377E+03     0.226889E+03     0.226292E+03     0.225572E+03     0.225349E+03     0.223909E+03     0.223635E+03     0.222794E+03     0.221871E+03     0.221641E+03     0.220983E+03     0.220746E+03     0.220459E+03     0.220519E+03     0.219923E+03     0.221369E+03     0.221184E+03     0.221641E+03     0.223003E+03     0.222604E+03     0.223614E+03     0.224210E+03     0.223974E+03     0.224079E+03     0.223632E+03     0.222419E+03     0.221169E+03     0.220937E+03     0.216711E+03     0.216096E+03     0.214464E+03     0.212278E+03     0.211952E+03     0.212341E+03     0.211911E+03     0.212635E+03     0.214318E+03     0.213292E+03     0.215841E+03     0.215331E+03     0.214219E+03     0.213746E+03     0.212156E+03     0.210523E+03     0.209226E+03     0.207526E+03     0.206904E+03     0.205644E+03     0.206733E+03     0.207209E+03     0.206660E+03     0.209369E+03     0.208214E+03     0.208130E+03     0.207429E+03     0.206982E+03     0.204822E+03     0.204306E+03     0.202015E+03     0.199437E+03     0.199028E+03     0.193491E+03     0.193096E+03     0.190692E+03     0.188057E+03     0.187101E+03     0.185965E+03     0.185684E+03     0.185005E+03     0.184945E+03     0.184402E+03     0.184869E+03     0.185054E+03     0.184977E+03     0.185409E+03     0.185009E+03     0.185801E+03     0.186443E+03     0.186294E+03     0.185362E+03     0.185198E+03     0.183945E+03     0.182558E+03     0.182435E+03     0.180666E+03     0.180537E+03     0.180431E+03     0.180521E+03     0.180271E+03     0.181055E+03     0.180951E+03     0.180761E+03     0.180729E+03     0.180446E+03     0.179800E+03     0.179315E+03     0.179017E+03     0.178878E+03     0.178694E+03     0.178744E+03     0.178732E+03     0.178658E+03     0.179022E+03     0.178874E+03     0.179132E+03     0.179336E+03     0.179283E+03     0.179881E+03     0.179824E+03     0.179743E+03     0.179677E+03     0.179636E+03     0.179576E+03     0.179541E+03     0.179472E+03     0.179444E+03     0.179373E+03     0.100000E+21
 0.290000E+04     0.229494E+03     0.229531E+03     0.229220E+03     0.229160E+03     0.228805E+03     0.228638E+03     0.228344E+03     0.228136E+03     0.227377E+03     0.226901E+03     0.226290E+03     0.225572E+03     0.225346E+03     0.223909E+03     0.223622E+03     0.222806E+03     0.221877E+03     0.221641E+03     0.220983E+03     0.220736E+03     0.220444E+03     0.220510E+03     0.219926E+03     0.221369E+03     0.221179E+03     0.221570E+03     0.223003E+03     0.222610E+03     0.223675E+03     0.224210E+03     0.223970E+03     0.224079E+03     0.223642E+03     0.222397E+03     0.221169E+03     0.220932E+03     0.216711E+03     0.216112E+03     0.214491E+03     0.212284E+03     0.211952E+03     0.212341E+03     0.211891E+03     0.212530E+03     0.214303E+03     0.213292E+03     0.215841E+03     0.215314E+03     0.214216E+03     0.213720E+03     0.212169E+03     0.210462E+03     0.209217E+03     0.207553E+03     0.206904E+03     0.205667E+03     0.206796E+03     0.207209E+03     0.206645E+03     0.209369E+03     0.208241E+03     0.208129E+03     0.207434E+03     0.206982E+03     0.204822E+03     0.204281E+03     0.202079E+03     0.199448E+03     0.199028E+03     0.193491E+03     0.193080E+03     0.190821E+03     0.188042E+03     0.187106E+03     0.185965E+03     0.185677E+03     0.185008E+03     0.184945E+03     0.184409E+03     0.184902E+03     0.185054E+03     0.184962E+03     0.185409E+03     0.185018E+03     0.185816E+03     0.186443E+03     0.186291E+03     0.185362E+03     0.185190E+03     0.183974E+03     0.182560E+03     0.182435E+03     0.180666E+03     0.180531E+03     0.180420E+03     0.180516E+03     0.180271E+03     0.181055E+03     0.180948E+03     0.180758E+03     0.180724E+03     0.180449E+03     0.179770E+03     0.179314E+03     0.179023E+03     0.178878E+03     0.178697E+03     0.178748E+03     0.178732E+03     0.178656E+03     0.179022E+03     0.178877E+03     0.179128E+03     0.179337E+03     0.179283E+03     0.179881E+03     0.179821E+03     0.179741E+03     0.179678E+03     0.179636E+03     0.179576E+03     0.179540E+03     0.179472E+03     0.179443E+03     0.179374E+03     0.100000E+21
 0.292000E+04     0.229319E+03     0.229230E+03     0.228958E+03     0.228953E+03     0.228616E+03     0.228558E+03     0.228331E+03     0.228106E+03     0.227688E+03     0.227246E+03     0.226771E+03     0.226221E+03     0.225984E+03     0.224671E+03     0.224345E+03     0.223524E+03     0.222460E+03     0.222207E+03     0.221350E+03     0.221076E+03     0.220772E+03     0.220865E+03     0.220312E+03     0.221841E+03     0.221636E+03     0.221836E+03     0.223442E+03     0.223064E+03     0.224262E+03     0.224617E+03     0.224373E+03     0.224509E+03     0.224100E+03     0.223046E+03     0.222086E+03     0.221834E+03     0.218074E+03     0.217522E+03     0.215756E+03     0.213292E+03     0.212941E+03     0.211964E+03     0.211460E+03     0.211500E+03     0.212774E+03     0.211805E+03     0.214449E+03     0.213875E+03     0.213380E+03     0.214339E+03     0.212899E+03     0.212301E+03     0.211734E+03     0.210088E+03     0.209148E+03     0.207976E+03     0.208677E+03     0.208603E+03     0.207994E+03     0.210092E+03     0.209043E+03     0.209145E+03     0.208772E+03     0.208302E+03     0.206366E+03     0.205755E+03     0.204029E+03     0.201665E+03     0.201212E+03     0.196059E+03     0.195606E+03     0.193435E+03     0.189441E+03     0.188563E+03     0.185942E+03     0.185634E+03     0.184950E+03     0.184766E+03     0.184253E+03     0.184374E+03     0.184212E+03     0.184007E+03     0.184323E+03     0.183957E+03     0.184394E+03     0.184669E+03     0.184509E+03     0.184604E+03     0.184409E+03     0.183942E+03     0.183373E+03     0.183240E+03     0.181698E+03     0.181547E+03     0.180964E+03     0.180059E+03     0.179825E+03     0.180051E+03     0.179934E+03     0.179750E+03     0.179729E+03     0.179476E+03     0.179565E+03     0.179558E+03     0.179304E+03     0.179189E+03     0.179018E+03     0.178916E+03     0.178786E+03     0.178705E+03     0.179156E+03     0.179022E+03     0.179258E+03     0.179484E+03     0.179427E+03     0.179869E+03     0.179802E+03     0.179730E+03     0.179681E+03     0.179636E+03     0.179576E+03     0.179536E+03     0.179472E+03     0.179439E+03     0.179375E+03     0.100000E+21
 0.294000E+04     0.229337E+03     0.229231E+03     0.228958E+03     0.228953E+03     0.228620E+03     0.228576E+03     0.228331E+03     0.228104E+03     0.227688E+03     0.227274E+03     0.226768E+03     0.226221E+03     0.225985E+03     0.224671E+03     0.224299E+03     0.223570E+03     0.222460E+03     0.222207E+03     0.221350E+03     0.221064E+03     0.220690E+03     0.220855E+03     0.220311E+03     0.221841E+03     0.221636E+03     0.221612E+03     0.223442E+03     0.223066E+03     0.224528E+03     0.224617E+03     0.224369E+03     0.224509E+03     0.224116E+03     0.223002E+03     0.222086E+03     0.221835E+03     0.218074E+03     0.217587E+03     0.215833E+03     0.213291E+03     0.212941E+03     0.211964E+03     0.211422E+03     0.211199E+03     0.212765E+03     0.211805E+03     0.214449E+03     0.213866E+03     0.213016E+03     0.214272E+03     0.212899E+03     0.212298E+03     0.211737E+03     0.210143E+03     0.209148E+03     0.207997E+03     0.208815E+03     0.208603E+03     0.207992E+03     0.210092E+03     0.209124E+03     0.209141E+03     0.208770E+03     0.208302E+03     0.206366E+03     0.205683E+03     0.204187E+03     0.201667E+03     0.201212E+03     0.196059E+03     0.195591E+03     0.194437E+03     0.189418E+03     0.188561E+03     0.185942E+03     0.185633E+03     0.184970E+03     0.184766E+03     0.184257E+03     0.184434E+03     0.184212E+03     0.184002E+03     0.184323E+03     0.183974E+03     0.184418E+03     0.184669E+03     0.184510E+03     0.184604E+03     0.184378E+03     0.183960E+03     0.183373E+03     0.183240E+03     0.181698E+03     0.181539E+03     0.181124E+03     0.180055E+03     0.179825E+03     0.180051E+03     0.179933E+03     0.179732E+03     0.179713E+03     0.179476E+03     0.179609E+03     0.179559E+03     0.179309E+03     0.179189E+03     0.179022E+03     0.178916E+03     0.178786E+03     0.178705E+03     0.179156E+03     0.179035E+03     0.179249E+03     0.179484E+03     0.179427E+03     0.179869E+03     0.179795E+03     0.179724E+03     0.179682E+03     0.179636E+03     0.179576E+03     0.179535E+03     0.179472E+03     0.179437E+03     0.179375E+03     0.100000E+21
 0.296000E+04     0.229203E+03     0.229049E+03     0.228785E+03     0.228788E+03     0.228442E+03     0.228420E+03     0.228212E+03     0.227991E+03     0.227718E+03     0.227269E+03     0.226910E+03     0.226470E+03     0.226233E+03     0.225067E+03     0.224733E+03     0.223898E+03     0.222847E+03     0.222601E+03     0.221577E+03     0.221306E+03     0.220957E+03     0.220950E+03     0.220397E+03     0.221851E+03     0.221648E+03     0.221870E+03     0.223392E+03     0.223010E+03     0.224131E+03     0.224505E+03     0.224251E+03     0.224360E+03     0.223945E+03     0.222990E+03     0.222091E+03     0.221839E+03     0.218437E+03     0.217861E+03     0.216162E+03     0.213802E+03     0.213456E+03     0.212125E+03     0.211626E+03     0.211524E+03     0.212411E+03     0.211429E+03     0.213920E+03     0.213331E+03     0.213110E+03     0.214449E+03     0.212998E+03     0.213147E+03     0.213055E+03     0.211383E+03     0.210512E+03     0.209382E+03     0.209690E+03     0.209444E+03     0.208822E+03     0.210402E+03     0.209331E+03     0.209350E+03     0.208868E+03     0.208399E+03     0.206568E+03     0.205962E+03     0.204275E+03     0.202078E+03     0.201635E+03     0.197247E+03     0.196811E+03     0.194575E+03     0.190986E+03     0.190165E+03     0.186671E+03     0.186411E+03     0.185551E+03     0.185068E+03     0.184567E+03     0.184404E+03     0.184086E+03     0.183910E+03     0.184276E+03     0.183906E+03     0.184132E+03     0.184215E+03     0.184058E+03     0.184109E+03     0.183940E+03     0.183671E+03     0.183400E+03     0.183267E+03     0.182098E+03     0.181945E+03     0.181237E+03     0.180200E+03     0.179970E+03     0.179837E+03     0.179711E+03     0.179539E+03     0.179515E+03     0.179247E+03     0.179344E+03     0.179331E+03     0.179168E+03     0.179238E+03     0.179066E+03     0.179033E+03     0.178960E+03     0.178877E+03     0.179321E+03     0.179180E+03     0.179386E+03     0.179568E+03     0.179511E+03     0.179858E+03     0.179792E+03     0.179724E+03     0.179681E+03     0.179636E+03     0.179576E+03     0.179537E+03     0.179472E+03     0.179440E+03     0.179375E+03     0.100000E+21
 0.298000E+04     0.229079E+03     0.228860E+03     0.228583E+03     0.228586E+03     0.228227E+03     0.228242E+03     0.228086E+03     0.227881E+03     0.227753E+03     0.227270E+03     0.227069E+03     0.226736E+03     0.226512E+03     0.225522E+03     0.225241E+03     0.224306E+03     0.223251E+03     0.223018E+03     0.221841E+03     0.221599E+03     0.221188E+03     0.221070E+03     0.220479E+03     0.221864E+03     0.221677E+03     0.222041E+03     0.223331E+03     0.222935E+03     0.223880E+03     0.224385E+03     0.224120E+03     0.224178E+03     0.223737E+03     0.222950E+03     0.222096E+03     0.221862E+03     0.218857E+03     0.218249E+03     0.216577E+03     0.214332E+03     0.214003E+03     0.212309E+03     0.211870E+03     0.211620E+03     0.212048E+03     0.211028E+03     0.213287E+03     0.212770E+03     0.212993E+03     0.214636E+03     0.213064E+03     0.214034E+03     0.214510E+03     0.212825E+03     0.212187E+03     0.210938E+03     0.210845E+03     0.210336E+03     0.209779E+03     0.210767E+03     0.209625E+03     0.209588E+03     0.208951E+03     0.208502E+03     0.206798E+03     0.206271E+03     0.204495E+03     0.202498E+03     0.202084E+03     0.198640E+03     0.198238E+03     0.195748E+03     0.192820E+03     0.191874E+03     0.187565E+03     0.187280E+03     0.186192E+03     0.185437E+03     0.184898E+03     0.184458E+03     0.183952E+03     0.183836E+03     0.184219E+03     0.183824E+03     0.183825E+03     0.183733E+03     0.183582E+03     0.183538E+03     0.183371E+03     0.183374E+03     0.183420E+03     0.183296E+03     0.182560E+03     0.182428E+03     0.181481E+03     0.180372E+03     0.180124E+03     0.179579E+03     0.179473E+03     0.179290E+03     0.179266E+03     0.178987E+03     0.179060E+03     0.179091E+03     0.179033E+03     0.179297E+03     0.179114E+03     0.179161E+03     0.179145E+03     0.179071E+03     0.179514E+03     0.179367E+03     0.179538E+03     0.179655E+03     0.179601E+03     0.179845E+03     0.179786E+03     0.179721E+03     0.179677E+03     0.179636E+03     0.179576E+03     0.179541E+03     0.179472E+03     0.179444E+03     0.179374E+03     0.100000E+21
 0.300000E+04     0.229082E+03     0.228860E+03     0.228583E+03     0.228586E+03     0.228225E+03     0.228240E+03     0.228086E+03     0.227883E+03     0.227753E+03     0.227266E+03     0.227069E+03     0.226736E+03     0.226513E+03     0.225522E+03     0.225246E+03     0.224300E+03     0.223249E+03     0.223018E+03     0.221841E+03     0.221602E+03     0.221190E+03     0.221072E+03     0.220478E+03     0.221864E+03     0.221678E+03     0.222062E+03     0.223331E+03     0.222933E+03     0.223862E+03     0.224385E+03     0.224120E+03     0.224178E+03     0.223733E+03     0.222954E+03     0.222096E+03     0.221863E+03     0.218857E+03     0.218244E+03     0.216568E+03     0.214330E+03     0.214003E+03     0.212309E+03     0.211877E+03     0.211633E+03     0.212052E+03     0.211028E+03     0.213287E+03     0.212775E+03     0.213032E+03     0.214644E+03     0.213060E+03     0.214007E+03     0.214513E+03     0.212816E+03     0.212187E+03     0.210931E+03     0.210839E+03     0.210336E+03     0.209784E+03     0.210767E+03     0.209616E+03     0.209589E+03     0.208949E+03     0.208502E+03     0.206798E+03     0.206279E+03     0.204482E+03     0.202494E+03     0.202084E+03     0.198640E+03     0.198243E+03     0.195702E+03     0.192825E+03     0.191872E+03     0.187565E+03     0.187282E+03     0.186180E+03     0.185437E+03     0.184895E+03     0.184461E+03     0.183952E+03     0.183840E+03     0.184219E+03     0.183821E+03     0.183824E+03     0.183733E+03     0.183583E+03     0.183538E+03     0.183373E+03     0.183377E+03     0.183419E+03     0.183296E+03     0.182560E+03     0.182430E+03     0.181464E+03     0.180374E+03     0.180124E+03     0.179579E+03     0.179474E+03     0.179291E+03     0.179268E+03     0.178986E+03     0.179058E+03     0.179092E+03     0.179036E+03     0.179297E+03     0.179113E+03     0.179160E+03     0.179145E+03     0.179071E+03     0.179514E+03     0.179366E+03     0.179539E+03     0.179655E+03     0.179601E+03     0.179845E+03     0.179787E+03     0.179722E+03     0.179677E+03     0.179636E+03     0.179576E+03     0.179541E+03     0.179472E+03     0.179444E+03     0.179373E+03     0.100000E+21
 0.302000E+04     0.228845E+03     0.228550E+03     0.228256E+03     0.228201E+03     0.227862E+03     0.227872E+03     0.227691E+03     0.227467E+03     0.227534E+03     0.227085E+03     0.227064E+03     0.226927E+03     0.226690E+03     0.226198E+03     0.225881E+03     0.225110E+03     0.224160E+03     0.223909E+03     0.222479E+03     0.222208E+03     0.221646E+03     0.221167E+03     0.220610E+03     0.221502E+03     0.221298E+03     0.221427E+03     0.222704E+03     0.222324E+03     0.223238E+03     0.223521E+03     0.223270E+03     0.223384E+03     0.222971E+03     0.222091E+03     0.221244E+03     0.220993E+03     0.218590E+03     0.218028E+03     0.216692E+03     0.214784E+03     0.214434E+03     0.212715E+03     0.212220E+03     0.211660E+03     0.211670E+03     0.210697E+03     0.212560E+03     0.211990E+03     0.212090E+03     0.214280E+03     0.212822E+03     0.215206E+03     0.216018E+03     0.215200E+03     0.216306E+03     0.215125E+03     0.213903E+03     0.212628E+03     0.212023E+03     0.211519E+03     0.210455E+03     0.209842E+03     0.208722E+03     0.208252E+03     0.206687E+03     0.206091E+03     0.204557E+03     0.202614E+03     0.202164E+03     0.200297E+03     0.199849E+03     0.198850E+03     0.197914E+03     0.197028E+03     0.192411E+03     0.192103E+03     0.190551E+03     0.188274E+03     0.187759E+03     0.186265E+03     0.185225E+03     0.184667E+03     0.184165E+03     0.183794E+03     0.183655E+03     0.183450E+03     0.183290E+03     0.183268E+03     0.183078E+03     0.183068E+03     0.183130E+03     0.182997E+03     0.182855E+03     0.182707E+03     0.182149E+03     0.181384E+03     0.181149E+03     0.179917E+03     0.179801E+03     0.179584E+03     0.179479E+03     0.179222E+03     0.179333E+03     0.179348E+03     0.179220E+03     0.179409E+03     0.179236E+03     0.179440E+03     0.179525E+03     0.179444E+03     0.179853E+03     0.179716E+03     0.179767E+03     0.179779E+03     0.179721E+03     0.179852E+03     0.179786E+03     0.179720E+03     0.179681E+03     0.179636E+03     0.179576E+03     0.179537E+03     0.179472E+03     0.179440E+03     0.179375E+03     0.100000E+21
 0.304000E+04     0.228774E+03     0.228551E+03     0.228260E+03     0.228201E+03     0.227865E+03     0.227894E+03     0.227691E+03     0.227466E+03     0.227534E+03     0.227106E+03     0.227067E+03     0.226927E+03     0.226692E+03     0.226198E+03     0.225851E+03     0.225142E+03     0.224159E+03     0.223909E+03     0.222479E+03     0.222199E+03     0.221687E+03     0.221159E+03     0.220608E+03     0.221502E+03     0.221299E+03     0.221288E+03     0.222704E+03     0.222325E+03     0.223401E+03     0.223521E+03     0.223267E+03     0.223384E+03     0.222983E+03     0.222061E+03     0.221244E+03     0.220994E+03     0.218590E+03     0.218067E+03     0.216738E+03     0.214782E+03     0.214434E+03     0.212715E+03     0.212191E+03     0.211591E+03     0.211665E+03     0.210697E+03     0.212560E+03     0.211985E+03     0.211658E+03     0.214227E+03     0.212819E+03     0.215720E+03     0.216023E+03     0.215147E+03     0.216306E+03     0.215142E+03     0.213856E+03     0.212628E+03     0.212023E+03     0.211519E+03     0.210511E+03     0.209841E+03     0.208718E+03     0.208252E+03     0.206687E+03     0.206041E+03     0.204653E+03     0.202613E+03     0.202164E+03     0.200297E+03     0.199838E+03     0.198944E+03     0.197895E+03     0.197025E+03     0.192411E+03     0.192105E+03     0.190748E+03     0.188274E+03     0.187761E+03     0.186108E+03     0.185225E+03     0.184672E+03     0.184165E+03     0.183807E+03     0.183658E+03     0.183450E+03     0.183291E+03     0.183268E+03     0.183060E+03     0.183048E+03     0.183129E+03     0.182997E+03     0.182855E+03     0.182700E+03     0.182247E+03     0.181381E+03     0.181149E+03     0.179917E+03     0.179801E+03     0.179583E+03     0.179466E+03     0.179222E+03     0.179368E+03     0.179349E+03     0.179214E+03     0.179409E+03     0.179240E+03     0.179461E+03     0.179525E+03     0.179445E+03     0.179853E+03     0.179724E+03     0.179764E+03     0.179778E+03     0.179721E+03     0.179852E+03     0.179782E+03     0.179714E+03     0.179681E+03     0.179636E+03     0.179576E+03     0.179536E+03     0.179472E+03     0.179438E+03     0.179375E+03     0.100000E+21
 0.306000E+04     0.228781E+03     0.228512E+03     0.228212E+03     0.228138E+03     0.227777E+03     0.227782E+03     0.227517E+03     0.227307E+03     0.227402E+03     0.226982E+03     0.226957E+03     0.226848E+03     0.226612E+03     0.226316E+03     0.225940E+03     0.225312E+03     0.224481E+03     0.224249E+03     0.222747E+03     0.222462E+03     0.221827E+03     0.221249E+03     0.220719E+03     0.221375E+03     0.221109E+03     0.221138E+03     0.222448E+03     0.221962E+03     0.223066E+03     0.223071E+03     0.222879E+03     0.223085E+03     0.222639E+03     0.221735E+03     0.220875E+03     0.220639E+03     0.218316E+03     0.217867E+03     0.216522E+03     0.214649E+03     0.214293E+03     0.212719E+03     0.212199E+03     0.211598E+03     0.211612E+03     0.210642E+03     0.212422E+03     0.211805E+03     0.211640E+03     0.214028E+03     0.212546E+03     0.215485E+03     0.215987E+03     0.215350E+03     0.216753E+03     0.215758E+03     0.214874E+03     0.214392E+03     0.213635E+03     0.211897E+03     0.210808E+03     0.210127E+03     0.208901E+03     0.208430E+03     0.206686E+03     0.206049E+03     0.204718E+03     0.202887E+03     0.202455E+03     0.200848E+03     0.200425E+03     0.199472E+03     0.198891E+03     0.198263E+03     0.193545E+03     0.193879E+03     0.191941E+03     0.189191E+03     0.189090E+03     0.187060E+03     0.186368E+03     0.185375E+03     0.184279E+03     0.183922E+03     0.183675E+03     0.183340E+03     0.183182E+03     0.183172E+03     0.182998E+03     0.183013E+03     0.183156E+03     0.183024E+03     0.183007E+03     0.182839E+03     0.182403E+03     0.181749E+03     0.181579E+03     0.180288E+03     0.180307E+03     0.179848E+03     0.179584E+03     0.179381E+03     0.179441E+03     0.179454E+03     0.179301E+03     0.179473E+03     0.179321E+03     0.179471E+03     0.179476E+03     0.179398E+03     0.179882E+03     0.179744E+03     0.179777E+03     0.179770E+03     0.179713E+03     0.179855E+03     0.179784E+03     0.179717E+03     0.179682E+03     0.179636E+03     0.179576E+03     0.179536E+03     0.179472E+03     0.179438E+03     0.179375E+03     0.100000E+21
 0.308000E+04     0.228809E+03     0.228466E+03     0.228112E+03     0.227958E+03     0.227608E+03     0.227527E+03     0.227293E+03     0.227081E+03     0.227112E+03     0.226646E+03     0.226764E+03     0.226746E+03     0.226518E+03     0.226523E+03     0.226225E+03     0.225612E+03     0.224923E+03     0.224683E+03     0.223254E+03     0.222999E+03     0.222221E+03     0.221432E+03     0.220855E+03     0.221038E+03     0.220845E+03     0.220883E+03     0.221778E+03     0.221388E+03     0.222187E+03     0.222482E+03     0.222230E+03     0.222321E+03     0.221892E+03     0.221166E+03     0.220403E+03     0.220163E+03     0.217811E+03     0.217225E+03     0.216099E+03     0.214447E+03     0.214110E+03     0.212727E+03     0.212263E+03     0.211644E+03     0.211571E+03     0.210570E+03     0.212106E+03     0.211568E+03     0.211718E+03     0.213633E+03     0.212112E+03     0.214763E+03     0.215972E+03     0.215795E+03     0.218025E+03     0.216805E+03     0.216984E+03     0.216645E+03     0.216070E+03     0.212669E+03     0.211564E+03     0.210625E+03     0.209119E+03     0.208663E+03     0.206682E+03     0.206122E+03     0.204786E+03     0.203255E+03     0.202828E+03     0.201948E+03     0.201527E+03     0.200910E+03     0.200842E+03     0.199921E+03     0.196726E+03     0.196434E+03     0.194450E+03     0.191733E+03     0.191203E+03     0.189267E+03     0.187848E+03     0.186495E+03     0.184547E+03     0.184163E+03     0.183698E+03     0.183198E+03     0.183044E+03     0.183000E+03     0.182821E+03     0.182955E+03     0.183185E+03     0.183058E+03     0.183284E+03     0.183145E+03     0.182754E+03     0.182386E+03     0.182143E+03     0.181204E+03     0.181094E+03     0.180572E+03     0.179878E+03     0.179609E+03     0.179622E+03     0.179599E+03     0.179475E+03     0.179646E+03     0.179468E+03     0.179470E+03     0.179413E+03     0.179336E+03     0.179938E+03     0.179796E+03     0.179804E+03     0.179757E+03     0.179702E+03     0.179859E+03     0.179797E+03     0.179727E+03     0.179679E+03     0.179636E+03     0.179576E+03     0.179539E+03     0.179472E+03     0.179442E+03     0.179374E+03     0.100000E+21
 0.310000E+04     0.228850E+03     0.228469E+03     0.228101E+03     0.227958E+03     0.227597E+03     0.227519E+03     0.227293E+03     0.227091E+03     0.227112E+03     0.226625E+03     0.226759E+03     0.226746E+03     0.226523E+03     0.226523E+03     0.226248E+03     0.225604E+03     0.224914E+03     0.224683E+03     0.223254E+03     0.223015E+03     0.222171E+03     0.221446E+03     0.220851E+03     0.221038E+03     0.220853E+03     0.220958E+03     0.221778E+03     0.221379E+03     0.222105E+03     0.222482E+03     0.222235E+03     0.222321E+03     0.221876E+03     0.221185E+03     0.220403E+03     0.220171E+03     0.217811E+03     0.217197E+03     0.216071E+03     0.214437E+03     0.214110E+03     0.212727E+03     0.212295E+03     0.211676E+03     0.211595E+03     0.210570E+03     0.212106E+03     0.211595E+03     0.211943E+03     0.213679E+03     0.212092E+03     0.214472E+03     0.215987E+03     0.215947E+03     0.218025E+03     0.216767E+03     0.216934E+03     0.216645E+03     0.216094E+03     0.212669E+03     0.211516E+03     0.210624E+03     0.209110E+03     0.208663E+03     0.206682E+03     0.206164E+03     0.204748E+03     0.203237E+03     0.202828E+03     0.201948E+03     0.201552E+03     0.200937E+03     0.200867E+03     0.199913E+03     0.196726E+03     0.196445E+03     0.194236E+03     0.191733E+03     0.191190E+03     0.189399E+03     0.187848E+03     0.186395E+03     0.184547E+03     0.184148E+03     0.183704E+03     0.183198E+03     0.183048E+03     0.183000E+03     0.182835E+03     0.182979E+03     0.183181E+03     0.183058E+03     0.183284E+03     0.183154E+03     0.182733E+03     0.182393E+03     0.182143E+03     0.181204E+03     0.181099E+03     0.180521E+03     0.179887E+03     0.179605E+03     0.179612E+03     0.179601E+03     0.179486E+03     0.179646E+03     0.179462E+03     0.179465E+03     0.179413E+03     0.179339E+03     0.179938E+03     0.179790E+03     0.179805E+03     0.179756E+03     0.179702E+03     0.179859E+03     0.179801E+03     0.179730E+03     0.179677E+03     0.179636E+03     0.179576E+03     0.179541E+03     0.179472E+03     0.179444E+03     0.179373E+03     0.100000E+21
 0.312000E+04     0.228861E+03     0.228625E+03     0.228253E+03     0.227966E+03     0.227631E+03     0.227388E+03     0.227062E+03     0.226835E+03     0.226682E+03     0.226249E+03     0.226356E+03     0.226346E+03     0.226108E+03     0.226504E+03     0.226167E+03     0.225820E+03     0.225485E+03     0.225232E+03     0.224074E+03     0.223795E+03     0.223048E+03     0.221901E+03     0.221351E+03     0.220776E+03     0.220571E+03     0.220340E+03     0.220858E+03     0.220481E+03     0.221370E+03     0.221507E+03     0.221310E+03     0.221568E+03     0.221164E+03     0.220538E+03     0.219912E+03     0.219659E+03     0.217419E+03     0.216882E+03     0.215761E+03     0.214101E+03     0.213750E+03     0.212471E+03     0.211954E+03     0.211370E+03     0.211403E+03     0.210439E+03     0.211838E+03     0.211258E+03     0.211008E+03     0.213092E+03     0.211674E+03     0.214241E+03     0.214711E+03     0.214474E+03     0.217309E+03     0.216146E+03     0.217682E+03     0.218023E+03     0.217411E+03     0.215874E+03     0.214848E+03     0.212441E+03     0.209525E+03     0.209054E+03     0.207082E+03     0.206451E+03     0.205648E+03     0.204837E+03     0.204383E+03     0.204124E+03     0.203665E+03     0.202696E+03     0.201574E+03     0.200703E+03     0.198609E+03     0.198299E+03     0.196499E+03     0.192949E+03     0.192439E+03     0.190444E+03     0.189321E+03     0.188225E+03     0.186387E+03     0.186026E+03     0.184941E+03     0.183974E+03     0.183813E+03     0.183073E+03     0.182871E+03     0.182950E+03     0.183155E+03     0.183022E+03     0.183904E+03     0.183751E+03     0.183551E+03     0.183506E+03     0.183274E+03     0.182577E+03     0.182459E+03     0.182017E+03     0.181175E+03     0.180927E+03     0.180151E+03     0.179822E+03     0.179606E+03     0.179581E+03     0.179412E+03     0.179336E+03     0.179223E+03     0.179142E+03     0.179774E+03     0.179643E+03     0.179655E+03     0.179632E+03     0.179575E+03     0.179824E+03     0.179754E+03     0.179697E+03     0.179682E+03     0.179636E+03     0.179576E+03     0.179536E+03     0.179472E+03     0.179439E+03     0.179375E+03     0.100000E+21
 0.314000E+04     0.228903E+03     0.228629E+03     0.228232E+03     0.227966E+03     0.227619E+03     0.227391E+03     0.227062E+03     0.226847E+03     0.226682E+03     0.226224E+03     0.226351E+03     0.226346E+03     0.226116E+03     0.226504E+03     0.226197E+03     0.225831E+03     0.225474E+03     0.225232E+03     0.224074E+03     0.223814E+03     0.222955E+03     0.221916E+03     0.221346E+03     0.220776E+03     0.220580E+03     0.220386E+03     0.220858E+03     0.220471E+03     0.221269E+03     0.221507E+03     0.221325E+03     0.221568E+03     0.221145E+03     0.220551E+03     0.219912E+03     0.219669E+03     0.217419E+03     0.216845E+03     0.215734E+03     0.214089E+03     0.213750E+03     0.212471E+03     0.211993E+03     0.211418E+03     0.211431E+03     0.210439E+03     0.211838E+03     0.211290E+03     0.211286E+03     0.213144E+03     0.211648E+03     0.213909E+03     0.214730E+03     0.214665E+03     0.217309E+03     0.216103E+03     0.217546E+03     0.218023E+03     0.217440E+03     0.215874E+03     0.214788E+03     0.212436E+03     0.209513E+03     0.209054E+03     0.207082E+03     0.206504E+03     0.205656E+03     0.204816E+03     0.204383E+03     0.204124E+03     0.203694E+03     0.202620E+03     0.201601E+03     0.200693E+03     0.198609E+03     0.198313E+03     0.196214E+03     0.192949E+03     0.192424E+03     0.190587E+03     0.189321E+03     0.188124E+03     0.186387E+03     0.186009E+03     0.184962E+03     0.183974E+03     0.183819E+03     0.183073E+03     0.182889E+03     0.182971E+03     0.183150E+03     0.183022E+03     0.183904E+03     0.183762E+03     0.183559E+03     0.183514E+03     0.183274E+03     0.182577E+03     0.182465E+03     0.181948E+03     0.181186E+03     0.180922E+03     0.180218E+03     0.179825E+03     0.179604E+03     0.179581E+03     0.179405E+03     0.179335E+03     0.179223E+03     0.179146E+03     0.179774E+03     0.179635E+03     0.179657E+03     0.179631E+03     0.179575E+03     0.179824E+03     0.179760E+03     0.179703E+03     0.179679E+03     0.179636E+03     0.179576E+03     0.179538E+03     0.179472E+03     0.179441E+03     0.179374E+03     0.100000E+21
 0.316000E+04     0.228764E+03     0.228759E+03     0.228346E+03     0.227977E+03     0.227716E+03     0.227420E+03     0.227082E+03     0.226850E+03     0.226631E+03     0.226228E+03     0.226268E+03     0.226197E+03     0.225964E+03     0.226446E+03     0.226111E+03     0.225822E+03     0.225598E+03     0.225355E+03     0.224284E+03     0.223993E+03     0.223298E+03     0.222106E+03     0.221633E+03     0.220790E+03     0.220607E+03     0.220258E+03     0.220767E+03     0.220265E+03     0.221379E+03     0.221170E+03     0.221090E+03     0.221500E+03     0.221067E+03     0.220471E+03     0.219923E+03     0.219669E+03     0.217493E+03     0.216954E+03     0.215840E+03     0.214148E+03     0.213799E+03     0.212463E+03     0.211923E+03     0.211301E+03     0.211370E+03     0.210405E+03     0.211820E+03     0.211224E+03     0.210493E+03     0.212952E+03     0.211513E+03     0.214892E+03     0.214397E+03     0.214023E+03     0.217200E+03     0.215562E+03     0.217370E+03     0.217459E+03     0.216911E+03     0.216109E+03     0.215039E+03     0.212936E+03     0.210427E+03     0.209957E+03     0.207195E+03     0.206448E+03     0.205745E+03     0.205005E+03     0.204570E+03     0.204519E+03     0.204102E+03     0.202972E+03     0.202203E+03     0.201614E+03     0.198728E+03     0.198875E+03     0.197244E+03     0.193288E+03     0.193596E+03     0.190796E+03     0.190007E+03     0.188971E+03     0.186964E+03     0.186676E+03     0.185787E+03     0.185097E+03     0.184887E+03     0.183478E+03     0.182901E+03     0.183186E+03     0.183288E+03     0.183164E+03     0.183940E+03     0.183776E+03     0.183604E+03     0.183759E+03     0.183597E+03     0.182678E+03     0.182662E+03     0.182218E+03     0.181345E+03     0.181277E+03     0.180146E+03     0.180118E+03     0.179738E+03     0.179578E+03     0.179407E+03     0.179350E+03     0.179268E+03     0.179182E+03     0.179767E+03     0.179651E+03     0.179663E+03     0.179667E+03     0.179611E+03     0.179833E+03     0.179756E+03     0.179695E+03     0.179682E+03     0.179636E+03     0.179576E+03     0.179535E+03     0.179472E+03     0.179437E+03     0.179375E+03     0.100000E+21
 0.318000E+04     0.229134E+03     0.228983E+03     0.228579E+03     0.228227E+03     0.227889E+03     0.227509E+03     0.227111E+03     0.226888E+03     0.226454E+03     0.226014E+03     0.226053E+03     0.225975E+03     0.225741E+03     0.226312E+03     0.225982E+03     0.225820E+03     0.225786E+03     0.225537E+03     0.224831E+03     0.224557E+03     0.223781E+03     0.222624E+03     0.222067E+03     0.220882E+03     0.220680E+03     0.220267E+03     0.220229E+03     0.219848E+03     0.220571E+03     0.220657E+03     0.220588E+03     0.221131E+03     0.220723E+03     0.220371E+03     0.219938E+03     0.219690E+03     0.217677E+03     0.217133E+03     0.215956E+03     0.214218E+03     0.213872E+03     0.212444E+03     0.211937E+03     0.211333E+03     0.211330E+03     0.210355E+03     0.211753E+03     0.211185E+03     0.210880E+03     0.212663E+03     0.211224E+03     0.213476E+03     0.213906E+03     0.213367E+03     0.215274E+03     0.214097E+03     0.216035E+03     0.216629E+03     0.216030E+03     0.216810E+03     0.215771E+03     0.214041E+03     0.211799E+03     0.211334E+03     0.207452E+03     0.206833E+03     0.206053E+03     0.205292E+03     0.204846E+03     0.205644E+03     0.205194E+03     0.204418E+03     0.203943E+03     0.203060E+03     0.200172E+03     0.199868E+03     0.198510E+03     0.196438E+03     0.195922E+03     0.192737E+03     0.191036E+03     0.190288E+03     0.189361E+03     0.188996E+03     0.187816E+03     0.186763E+03     0.186605E+03     0.184440E+03     0.184243E+03     0.183904E+03     0.183504E+03     0.183373E+03     0.184029E+03     0.183878E+03     0.183872E+03     0.184323E+03     0.184088E+03     0.183167E+03     0.183052E+03     0.182692E+03     0.182154E+03     0.181902E+03     0.180976E+03     0.180578E+03     0.180133E+03     0.179554E+03     0.179382E+03     0.179391E+03     0.179332E+03     0.179253E+03     0.179749E+03     0.179616E+03     0.179683E+03     0.179720E+03     0.179664E+03     0.179855E+03     0.179787E+03     0.179719E+03     0.179681E+03     0.179636E+03     0.179576E+03     0.179537E+03     0.179472E+03     0.179439E+03     0.179375E+03     0.100000E+21
 0.320000E+04     0.229155E+03     0.228988E+03     0.228536E+03     0.228227E+03     0.227871E+03     0.227532E+03     0.227111E+03     0.226904E+03     0.226454E+03     0.225976E+03     0.226045E+03     0.225975E+03     0.225750E+03     0.226312E+03     0.226027E+03     0.225870E+03     0.225772E+03     0.225537E+03     0.224831E+03     0.224585E+03     0.223624E+03     0.222648E+03     0.222061E+03     0.220882E+03     0.220693E+03     0.220261E+03     0.220229E+03     0.219834E+03     0.220425E+03     0.220657E+03     0.220636E+03     0.221131E+03     0.220693E+03     0.220377E+03     0.219938E+03     0.219702E+03     0.217677E+03     0.217075E+03     0.215900E+03     0.214203E+03     0.213872E+03     0.212444E+03     0.211998E+03     0.211408E+03     0.211369E+03     0.210355E+03     0.211753E+03     0.211229E+03     0.211288E+03     0.212750E+03     0.211192E+03     0.212983E+03     0.213929E+03     0.213577E+03     0.215274E+03     0.214033E+03     0.215744E+03     0.216629E+03     0.216067E+03     0.216810E+03     0.215677E+03     0.214034E+03     0.211785E+03     0.211334E+03     0.207452E+03     0.206916E+03     0.206073E+03     0.205264E+03     0.204846E+03     0.205644E+03     0.205236E+03     0.204405E+03     0.203987E+03     0.203047E+03     0.200172E+03     0.199885E+03     0.198230E+03     0.196438E+03     0.195902E+03     0.193161E+03     0.191036E+03     0.190215E+03     0.189361E+03     0.188968E+03     0.187861E+03     0.186763E+03     0.186612E+03     0.184440E+03     0.184270E+03     0.183895E+03     0.183497E+03     0.183373E+03     0.184029E+03     0.183895E+03     0.183967E+03     0.184334E+03     0.184088E+03     0.183167E+03     0.183060E+03     0.182626E+03     0.182172E+03     0.181896E+03     0.181114E+03     0.180581E+03     0.180076E+03     0.179554E+03     0.179372E+03     0.179381E+03     0.179332E+03     0.179257E+03     0.179749E+03     0.179603E+03     0.179689E+03     0.179718E+03     0.179664E+03     0.179855E+03     0.179796E+03     0.179727E+03     0.179678E+03     0.179636E+03     0.179576E+03     0.179540E+03     0.179472E+03     0.179443E+03     0.179374E+03     0.100000E+21
 0.322000E+04     0.229491E+03     0.229226E+03     0.228901E+03     0.228619E+03     0.228172E+03     0.227737E+03     0.227285E+03     0.227073E+03     0.226500E+03     0.226089E+03     0.226012E+03     0.225873E+03     0.225635E+03     0.226175E+03     0.225756E+03     0.225712E+03     0.225847E+03     0.225590E+03     0.225230E+03     0.224947E+03     0.224486E+03     0.223155E+03     0.222536E+03     0.221265E+03     0.220955E+03     0.220563E+03     0.220034E+03     0.219705E+03     0.220234E+03     0.220284E+03     0.220189E+03     0.220871E+03     0.220506E+03     0.220429E+03     0.220127E+03     0.219883E+03     0.218227E+03     0.217953E+03     0.216502E+03     0.214647E+03     0.214283E+03     0.212738E+03     0.212232E+03     0.211581E+03     0.211446E+03     0.210474E+03     0.211770E+03     0.211182E+03     0.210387E+03     0.212365E+03     0.211040E+03     0.213332E+03     0.213319E+03     0.212536E+03     0.214065E+03     0.213237E+03     0.214420E+03     0.214928E+03     0.214178E+03     0.215069E+03     0.213838E+03     0.213387E+03     0.212096E+03     0.211626E+03     0.208622E+03     0.208224E+03     0.206937E+03     0.205172E+03     0.204724E+03     0.205661E+03     0.205191E+03     0.204515E+03     0.205453E+03     0.204358E+03     0.203987E+03     0.202441E+03     0.201806E+03     0.199509E+03     0.198189E+03     0.196761E+03     0.194608E+03     0.193852E+03     0.191790E+03     0.191377E+03     0.189683E+03     0.188242E+03     0.188126E+03     0.186152E+03     0.186572E+03     0.185241E+03     0.184017E+03     0.183861E+03     0.184105E+03     0.183951E+03     0.183843E+03     0.184211E+03     0.183994E+03     0.183680E+03     0.183453E+03     0.183261E+03     0.182398E+03     0.182107E+03     0.181198E+03     0.180847E+03     0.180461E+03     0.179883E+03     0.179655E+03     0.179355E+03     0.179177E+03     0.179086E+03     0.179745E+03     0.179624E+03     0.179675E+03     0.179714E+03     0.179657E+03     0.179875E+03     0.179805E+03     0.179732E+03     0.179682E+03     0.179636E+03     0.179576E+03     0.179535E+03     0.179472E+03     0.179437E+03     0.179375E+03     0.100000E+21
 0.324000E+04     0.229401E+03     0.229385E+03     0.228935E+03     0.228631E+03     0.228275E+03     0.227872E+03     0.227404E+03     0.227197E+03     0.226513E+03     0.226035E+03     0.225987E+03     0.225804E+03     0.225579E+03     0.226114E+03     0.225829E+03     0.225799E+03     0.225860E+03     0.225626E+03     0.225386E+03     0.225140E+03     0.224263E+03     0.223418E+03     0.222831E+03     0.221320E+03     0.221131E+03     0.220457E+03     0.220001E+03     0.219606E+03     0.219963E+03     0.220035E+03     0.220127E+03     0.220823E+03     0.220385E+03     0.220406E+03     0.220257E+03     0.220021E+03     0.218451E+03     0.217849E+03     0.216634E+03     0.214894E+03     0.214563E+03     0.212866E+03     0.212420E+03     0.211738E+03     0.211568E+03     0.210554E+03     0.211775E+03     0.211252E+03     0.211186E+03     0.212437E+03     0.210879E+03     0.212283E+03     0.212985E+03     0.212517E+03     0.214011E+03     0.212770E+03     0.213577E+03     0.213760E+03     0.213198E+03     0.214477E+03     0.213345E+03     0.213103E+03     0.212271E+03     0.211820E+03     0.209146E+03     0.208609E+03     0.206947E+03     0.205058E+03     0.204640E+03     0.205668E+03     0.205260E+03     0.205231E+03     0.206100E+03     0.205161E+03     0.204278E+03     0.203991E+03     0.202077E+03     0.199828E+03     0.199292E+03     0.198070E+03     0.197020E+03     0.195130E+03     0.192380E+03     0.191988E+03     0.190601E+03     0.189251E+03     0.189099E+03     0.186885E+03     0.186714E+03     0.185599E+03     0.184321E+03     0.184196E+03     0.184137E+03     0.184003E+03     0.183969E+03     0.184177E+03     0.183931E+03     0.183788E+03     0.183681E+03     0.183134E+03     0.182488E+03     0.182212E+03     0.181509E+03     0.181027E+03     0.180494E+03     0.179922E+03     0.179740E+03     0.179402E+03     0.179070E+03     0.178995E+03     0.179744E+03     0.179599E+03     0.179681E+03     0.179707E+03     0.179652E+03     0.179884E+03     0.179825E+03     0.179743E+03     0.179678E+03     0.179636E+03     0.179576E+03     0.179540E+03     0.179472E+03     0.179443E+03     0.179374E+03     0.100000E+21
 0.326000E+04     0.229463E+03     0.229470E+03     0.229057E+03     0.228709E+03     0.228402E+03     0.227936E+03     0.227551E+03     0.227310E+03     0.226583E+03     0.226140E+03     0.226039E+03     0.225825E+03     0.225591E+03     0.226081E+03     0.225758E+03     0.225708E+03     0.225855E+03     0.225605E+03     0.225468E+03     0.225197E+03     0.224499E+03     0.223594E+03     0.223087E+03     0.221471E+03     0.221344E+03     0.220646E+03     0.220041E+03     0.219677E+03     0.220035E+03     0.219900E+03     0.219945E+03     0.220733E+03     0.220311E+03     0.220390E+03     0.220301E+03     0.220050E+03     0.218645E+03     0.218054E+03     0.216934E+03     0.215271E+03     0.214941E+03     0.213097E+03     0.212564E+03     0.211852E+03     0.211702E+03     0.210757E+03     0.211826E+03     0.211274E+03     0.210832E+03     0.212311E+03     0.210857E+03     0.212608E+03     0.212753E+03     0.212108E+03     0.213768E+03     0.212507E+03     0.213430E+03     0.213259E+03     0.212711E+03     0.213766E+03     0.212822E+03     0.212357E+03     0.211382E+03     0.210918E+03     0.209114E+03     0.208502E+03     0.207201E+03     0.205488E+03     0.205088E+03     0.205644E+03     0.205192E+03     0.205007E+03     0.206191E+03     0.205348E+03     0.204813E+03     0.204817E+03     0.203289E+03     0.200877E+03     0.200813E+03     0.198774E+03     0.197980E+03     0.196488E+03     0.193567E+03     0.193257E+03     0.191698E+03     0.190464E+03     0.190256E+03     0.187159E+03     0.186892E+03     0.185924E+03     0.184595E+03     0.184482E+03     0.184089E+03     0.183941E+03     0.183779E+03     0.183859E+03     0.183559E+03     0.183582E+03     0.183384E+03     0.183087E+03     0.182387E+03     0.182101E+03     0.181322E+03     0.180939E+03     0.180528E+03     0.179944E+03     0.179777E+03     0.179405E+03     0.179110E+03     0.179027E+03     0.179671E+03     0.179552E+03     0.179648E+03     0.179740E+03     0.179684E+03     0.179891E+03     0.179822E+03     0.179742E+03     0.179681E+03     0.179636E+03     0.179576E+03     0.179537E+03     0.179472E+03     0.179439E+03     0.179375E+03     0.100000E+21
 0.328000E+04     0.229723E+03     0.229627E+03     0.229273E+03     0.228983E+03     0.228651E+03     0.228194E+03     0.227789E+03     0.227560E+03     0.226786E+03     0.226372E+03     0.226152E+03     0.225860E+03     0.225623E+03     0.225999E+03     0.225624E+03     0.225601E+03     0.225826E+03     0.225572E+03     0.225682E+03     0.225395E+03     0.224889E+03     0.224052E+03     0.223509E+03     0.221973E+03     0.221766E+03     0.221163E+03     0.220170E+03     0.219795E+03     0.219896E+03     0.219675E+03     0.219666E+03     0.220442E+03     0.220049E+03     0.220350E+03     0.220371E+03     0.220118E+03     0.219138E+03     0.218663E+03     0.217537E+03     0.215903E+03     0.215552E+03     0.213662E+03     0.213120E+03     0.212383E+03     0.212046E+03     0.211088E+03     0.211980E+03     0.211394E+03     0.210558E+03     0.212144E+03     0.210771E+03     0.212728E+03     0.212384E+03     0.211548E+03     0.212921E+03     0.211773E+03     0.212624E+03     0.212455E+03     0.211841E+03     0.211802E+03     0.210837E+03     0.210563E+03     0.209896E+03     0.209426E+03     0.209038E+03     0.208353E+03     0.207433E+03     0.206263E+03     0.205806E+03     0.205581E+03     0.205112E+03     0.204521E+03     0.206508E+03     0.205652E+03     0.206661E+03     0.206350E+03     0.205480E+03     0.204450E+03     0.203942E+03     0.200804E+03     0.199543E+03     0.198640E+03     0.197216E+03     0.196866E+03     0.194412E+03     0.192420E+03     0.192259E+03     0.187836E+03     0.187605E+03     0.186598E+03     0.185073E+03     0.184940E+03     0.183970E+03     0.183810E+03     0.183537E+03     0.183175E+03     0.182945E+03     0.182928E+03     0.182809E+03     0.182544E+03     0.182120E+03     0.181883E+03     0.181007E+03     0.180794E+03     0.180439E+03     0.180016E+03     0.179849E+03     0.179464E+03     0.179173E+03     0.179092E+03     0.179477E+03     0.179356E+03     0.179566E+03     0.179793E+03     0.179735E+03     0.179907E+03     0.179834E+03     0.179752E+03     0.179682E+03     0.179636E+03     0.179576E+03     0.179535E+03     0.179472E+03     0.179437E+03     0.179375E+03     0.100000E+21
 0.330000E+04     0.229586E+03     0.229631E+03     0.229239E+03     0.228983E+03     0.228636E+03     0.228228E+03     0.227789E+03     0.227573E+03     0.226786E+03     0.226327E+03     0.226150E+03     0.225860E+03     0.225630E+03     0.225999E+03     0.225692E+03     0.225674E+03     0.225815E+03     0.225572E+03     0.225682E+03     0.225421E+03     0.224745E+03     0.224074E+03     0.223503E+03     0.221973E+03     0.221777E+03     0.220999E+03     0.220170E+03     0.219783E+03     0.219837E+03     0.219675E+03     0.219723E+03     0.220442E+03     0.220019E+03     0.220312E+03     0.220371E+03     0.220128E+03     0.219138E+03     0.218565E+03     0.217490E+03     0.215891E+03     0.215552E+03     0.213662E+03     0.213185E+03     0.212415E+03     0.212080E+03     0.211088E+03     0.211980E+03     0.211432E+03     0.211103E+03     0.212240E+03     0.210744E+03     0.212045E+03     0.212403E+03     0.211684E+03     0.212921E+03     0.211715E+03     0.212451E+03     0.212455E+03     0.211873E+03     0.211802E+03     0.210716E+03     0.210566E+03     0.209884E+03     0.209426E+03     0.209038E+03     0.208461E+03     0.207403E+03     0.206239E+03     0.205806E+03     0.205581E+03     0.205150E+03     0.205202E+03     0.206550E+03     0.205642E+03     0.206661E+03     0.206364E+03     0.205338E+03     0.204450E+03     0.203924E+03     0.201275E+03     0.199543E+03     0.198547E+03     0.197216E+03     0.196838E+03     0.194508E+03     0.192420E+03     0.192264E+03     0.187836E+03     0.187652E+03     0.186506E+03     0.185068E+03     0.184940E+03     0.183970E+03     0.183827E+03     0.183489E+03     0.183185E+03     0.182945E+03     0.182928E+03     0.182816E+03     0.182486E+03     0.182142E+03     0.181878E+03     0.181185E+03     0.180797E+03     0.180403E+03     0.180016E+03     0.179840E+03     0.179488E+03     0.179173E+03     0.179096E+03     0.179477E+03     0.179338E+03     0.179577E+03     0.179791E+03     0.179735E+03     0.179907E+03     0.179844E+03     0.179755E+03     0.179679E+03     0.179636E+03     0.179576E+03     0.179538E+03     0.179472E+03     0.179441E+03     0.179374E+03     0.100000E+21
 0.332000E+04     0.229610E+03     0.229612E+03     0.229263E+03     0.229069E+03     0.228723E+03     0.228364E+03     0.227941E+03     0.227725E+03     0.226996E+03     0.226570E+03     0.226299E+03     0.225955E+03     0.225719E+03     0.225954E+03     0.225610E+03     0.225564E+03     0.225720E+03     0.225471E+03     0.225704E+03     0.225425E+03     0.224884E+03     0.224363E+03     0.223781E+03     0.222503E+03     0.222209E+03     0.221569E+03     0.220545E+03     0.220112E+03     0.219941E+03     0.219669E+03     0.219607E+03     0.220131E+03     0.219744E+03     0.220104E+03     0.220201E+03     0.219942E+03     0.219262E+03     0.218744E+03     0.217776E+03     0.216311E+03     0.215950E+03     0.214216E+03     0.213744E+03     0.212965E+03     0.212447E+03     0.211450E+03     0.212195E+03     0.211593E+03     0.211083E+03     0.212137E+03     0.210727E+03     0.212025E+03     0.212157E+03     0.211301E+03     0.212454E+03     0.211346E+03     0.212075E+03     0.212044E+03     0.211407E+03     0.211201E+03     0.210126E+03     0.209631E+03     0.208722E+03     0.208252E+03     0.207311E+03     0.206439E+03     0.205973E+03     0.205724E+03     0.205300E+03     0.206157E+03     0.205679E+03     0.205467E+03     0.206310E+03     0.205465E+03     0.206280E+03     0.206042E+03     0.205178E+03     0.204718E+03     0.204168E+03     0.202473E+03     0.201033E+03     0.200121E+03     0.198478E+03     0.198107E+03     0.195946E+03     0.193965E+03     0.193840E+03     0.188441E+03     0.188336E+03     0.186871E+03     0.184917E+03     0.184789E+03     0.183738E+03     0.183574E+03     0.183208E+03     0.182769E+03     0.182576E+03     0.182126E+03     0.182120E+03     0.181782E+03     0.181786E+03     0.181588E+03     0.180640E+03     0.180386E+03     0.180026E+03     0.179767E+03     0.179619E+03     0.179409E+03     0.179193E+03     0.179112E+03     0.179545E+03     0.179422E+03     0.179637E+03     0.179854E+03     0.179796E+03     0.179924E+03     0.179856E+03     0.179767E+03     0.179682E+03     0.179636E+03     0.179576E+03     0.179536E+03     0.179472E+03     0.179439E+03     0.179375E+03     0.100000E+21
 0.334000E+04     0.229528E+03     0.229610E+03     0.229243E+03     0.229103E+03     0.228742E+03     0.228455E+03     0.228061E+03     0.227859E+03     0.227099E+03     0.226612E+03     0.226388E+03     0.226029E+03     0.225806E+03     0.225928E+03     0.225652E+03     0.225605E+03     0.225621E+03     0.225391E+03     0.225716E+03     0.225478E+03     0.224910E+03     0.224573E+03     0.223978E+03     0.222722E+03     0.222537E+03     0.221569E+03     0.220702E+03     0.220303E+03     0.220029E+03     0.219665E+03     0.219604E+03     0.219998E+03     0.219553E+03     0.219911E+03     0.220066E+03     0.219833E+03     0.219332E+03     0.218718E+03     0.217895E+03     0.216592E+03     0.216266E+03     0.214541E+03     0.214109E+03     0.213210E+03     0.212760E+03     0.211735E+03     0.212296E+03     0.211786E+03     0.211482E+03     0.212230E+03     0.210643E+03     0.211544E+03     0.212026E+03     0.211304E+03     0.212272E+03     0.211014E+03     0.211633E+03     0.211717E+03     0.211166E+03     0.210891E+03     0.209738E+03     0.209072E+03     0.207786E+03     0.207339E+03     0.206281E+03     0.205762E+03     0.205454E+03     0.205306E+03     0.204897E+03     0.206460E+03     0.206064E+03     0.205808E+03     0.206257E+03     0.205303E+03     0.206130E+03     0.205848E+03     0.205060E+03     0.204825E+03     0.204283E+03     0.203207E+03     0.202206E+03     0.200809E+03     0.199053E+03     0.198654E+03     0.196907E+03     0.195190E+03     0.195040E+03     0.188793E+03     0.188628E+03     0.186818E+03     0.184791E+03     0.184669E+03     0.183606E+03     0.183476E+03     0.182980E+03     0.182538E+03     0.182289E+03     0.181775E+03     0.181671E+03     0.181563E+03     0.181655E+03     0.181373E+03     0.180629E+03     0.180078E+03     0.179790E+03     0.179666E+03     0.179481E+03     0.179364E+03     0.179208E+03     0.179134E+03     0.179582E+03     0.179434E+03     0.179692E+03     0.179898E+03     0.179844E+03     0.179933E+03     0.179876E+03     0.179772E+03     0.179677E+03     0.179636E+03     0.179576E+03     0.179541E+03     0.179472E+03     0.179444E+03     0.179373E+03     0.100000E+21
 0.336000E+04     0.229556E+03     0.229606E+03     0.229255E+03     0.229103E+03     0.228753E+03     0.228446E+03     0.228061E+03     0.227849E+03     0.227099E+03     0.226632E+03     0.226388E+03     0.226029E+03     0.225801E+03     0.225928E+03     0.225630E+03     0.225571E+03     0.225630E+03     0.225391E+03     0.225716E+03     0.225462E+03     0.224922E+03     0.224559E+03     0.223983E+03     0.222722E+03     0.222529E+03     0.221648E+03     0.220702E+03     0.220312E+03     0.220020E+03     0.219665E+03     0.219580E+03     0.219998E+03     0.219569E+03     0.219935E+03     0.220066E+03     0.219825E+03     0.219332E+03     0.218746E+03     0.217912E+03     0.216602E+03     0.216266E+03     0.214541E+03     0.214076E+03     0.213210E+03     0.212736E+03     0.211735E+03     0.212296E+03     0.211758E+03     0.211355E+03     0.212184E+03     0.210663E+03     0.211688E+03     0.212011E+03     0.211233E+03     0.212272E+03     0.211052E+03     0.211713E+03     0.211717E+03     0.211142E+03     0.210891E+03     0.209785E+03     0.209072E+03     0.207795E+03     0.207339E+03     0.206281E+03     0.205720E+03     0.205396E+03     0.205324E+03     0.204897E+03     0.206460E+03     0.206039E+03     0.205728E+03     0.206232E+03     0.205311E+03     0.206130E+03     0.205837E+03     0.205080E+03     0.204825E+03     0.204295E+03     0.203136E+03     0.202206E+03     0.200904E+03     0.199053E+03     0.198669E+03     0.196865E+03     0.195190E+03     0.195036E+03     0.188793E+03     0.188614E+03     0.186898E+03     0.184796E+03     0.184669E+03     0.183606E+03     0.183467E+03     0.183011E+03     0.182531E+03     0.182289E+03     0.181775E+03     0.181666E+03     0.181544E+03     0.181646E+03     0.181377E+03     0.180567E+03     0.180076E+03     0.179798E+03     0.179666E+03     0.179487E+03     0.179362E+03     0.179208E+03     0.179131E+03     0.179582E+03     0.179440E+03     0.179686E+03     0.179899E+03     0.179844E+03     0.179933E+03     0.179871E+03     0.179772E+03     0.179679E+03     0.179636E+03     0.179576E+03     0.179539E+03     0.179472E+03     0.179442E+03     0.179374E+03     0.100000E+21
 0.338000E+04     0.229395E+03     0.229321E+03     0.229023E+03     0.228941E+03     0.228607E+03     0.228396E+03     0.228086E+03     0.227858E+03     0.227277E+03     0.226846E+03     0.226545E+03     0.226166E+03     0.225928E+03     0.225816E+03     0.225476E+03     0.225321E+03     0.225303E+03     0.225050E+03     0.225440E+03     0.225159E+03     0.224772E+03     0.224682E+03     0.224133E+03     0.223341E+03     0.223136E+03     0.222432E+03     0.221430E+03     0.221054E+03     0.220439E+03     0.219991E+03     0.219695E+03     0.219706E+03     0.219304E+03     0.219495E+03     0.219455E+03     0.219202E+03     0.219017E+03     0.218485E+03     0.217862E+03     0.216852E+03     0.216500E+03     0.215145E+03     0.214625E+03     0.213787E+03     0.213207E+03     0.212244E+03     0.212471E+03     0.211891E+03     0.211186E+03     0.211850E+03     0.210439E+03     0.211422E+03     0.211337E+03     0.210472E+03     0.211614E+03     0.210453E+03     0.211159E+03     0.211016E+03     0.210403E+03     0.210347E+03     0.209327E+03     0.208437E+03     0.207080E+03     0.206609E+03     0.205310E+03     0.204674E+03     0.203831E+03     0.202936E+03     0.202481E+03     0.204191E+03     0.203730E+03     0.203887E+03     0.206511E+03     0.205643E+03     0.205729E+03     0.205419E+03     0.204214E+03     0.202381E+03     0.201870E+03     0.201091E+03     0.200515E+03     0.199739E+03     0.198668E+03     0.198308E+03     0.195580E+03     0.193294E+03     0.193133E+03     0.188297E+03     0.188093E+03     0.186503E+03     0.184248E+03     0.184114E+03     0.182921E+03     0.182767E+03     0.182400E+03     0.181888E+03     0.181656E+03     0.180998E+03     0.180881E+03     0.180717E+03     0.180784E+03     0.180537E+03     0.179899E+03     0.179632E+03     0.179251E+03     0.178792E+03     0.178623E+03     0.178700E+03     0.178684E+03     0.178602E+03     0.179570E+03     0.179440E+03     0.179692E+03     0.179949E+03     0.179891E+03     0.179926E+03     0.179856E+03     0.179766E+03     0.179682E+03     0.179636E+03     0.179576E+03     0.179536E+03     0.179472E+03     0.179438E+03     0.179375E+03     0.100000E+21
 0.340000E+04     0.229401E+03     0.229323E+03     0.229024E+03     0.228941E+03     0.228605E+03     0.228395E+03     0.228086E+03     0.227861E+03     0.227277E+03     0.226850E+03     0.226546E+03     0.226166E+03     0.225931E+03     0.225816E+03     0.225470E+03     0.225310E+03     0.225300E+03     0.225050E+03     0.225440E+03     0.225159E+03     0.224765E+03     0.224682E+03     0.224131E+03     0.223341E+03     0.223138E+03     0.222458E+03     0.221430E+03     0.221051E+03     0.220423E+03     0.219991E+03     0.219695E+03     0.219706E+03     0.219305E+03     0.219501E+03     0.219455E+03     0.219205E+03     0.219017E+03     0.218494E+03     0.217865E+03     0.216847E+03     0.216500E+03     0.215145E+03     0.214621E+03     0.213790E+03     0.213211E+03     0.212244E+03     0.212471E+03     0.211897E+03     0.211133E+03     0.211838E+03     0.210431E+03     0.211495E+03     0.211345E+03     0.210466E+03     0.211614E+03     0.210450E+03     0.211193E+03     0.211016E+03     0.210411E+03     0.210347E+03     0.209338E+03     0.208437E+03     0.207075E+03     0.206609E+03     0.205310E+03     0.204664E+03     0.203830E+03     0.202930E+03     0.202481E+03     0.204191E+03     0.203732E+03     0.203745E+03     0.206509E+03     0.205639E+03     0.205729E+03     0.205423E+03     0.204248E+03     0.202381E+03     0.201868E+03     0.201073E+03     0.200515E+03     0.199729E+03     0.198668E+03     0.198310E+03     0.195556E+03     0.193294E+03     0.193135E+03     0.188297E+03     0.188089E+03     0.186536E+03     0.184246E+03     0.184114E+03     0.182921E+03     0.182767E+03     0.182416E+03     0.181889E+03     0.181656E+03     0.180998E+03     0.180882E+03     0.180711E+03     0.180780E+03     0.180536E+03     0.179876E+03     0.179633E+03     0.179251E+03     0.178792E+03     0.178623E+03     0.178704E+03     0.178684E+03     0.178603E+03     0.179570E+03     0.179441E+03     0.179689E+03     0.179948E+03     0.179891E+03     0.179926E+03     0.179855E+03     0.179766E+03     0.179681E+03     0.179636E+03     0.179576E+03     0.179536E+03     0.179472E+03     0.179438E+03     0.179375E+03     0.100000E+21
 0.342000E+04     0.229240E+03     0.229132E+03     0.228828E+03     0.228760E+03     0.228425E+03     0.228261E+03     0.227981E+03     0.227755E+03     0.227263E+03     0.226814E+03     0.226544E+03     0.226176E+03     0.225940E+03     0.225733E+03     0.225414E+03     0.225206E+03     0.225080E+03     0.224830E+03     0.225169E+03     0.224898E+03     0.224560E+03     0.224566E+03     0.224012E+03     0.223494E+03     0.223285E+03     0.222565E+03     0.221785E+03     0.221396E+03     0.220791E+03     0.220273E+03     0.219899E+03     0.219703E+03     0.219289E+03     0.219317E+03     0.219181E+03     0.218928E+03     0.218729E+03     0.218160E+03     0.217678E+03     0.216812E+03     0.216462E+03     0.215330E+03     0.214838E+03     0.213975E+03     0.213417E+03     0.212440E+03     0.212527E+03     0.211956E+03     0.211331E+03     0.211803E+03     0.210348E+03     0.211022E+03     0.211061E+03     0.210167E+03     0.211091E+03     0.209921E+03     0.210617E+03     0.210601E+03     0.209991E+03     0.210128E+03     0.209061E+03     0.208335E+03     0.207096E+03     0.206626E+03     0.205241E+03     0.204643E+03     0.203767E+03     0.202873E+03     0.202424E+03     0.203496E+03     0.203053E+03     0.203251E+03     0.204973E+03     0.204125E+03     0.205401E+03     0.205106E+03     0.203989E+03     0.202828E+03     0.202300E+03     0.200869E+03     0.199903E+03     0.198763E+03     0.196877E+03     0.196508E+03     0.194434E+03     0.192584E+03     0.192420E+03     0.188345E+03     0.188156E+03     0.186428E+03     0.184181E+03     0.184049E+03     0.182577E+03     0.182427E+03     0.182034E+03     0.181612E+03     0.181382E+03     0.181025E+03     0.180908E+03     0.180673E+03     0.180508E+03     0.180259E+03     0.179745E+03     0.179465E+03     0.179112E+03     0.178784E+03     0.178612E+03     0.178586E+03     0.178515E+03     0.178432E+03     0.179436E+03     0.179297E+03     0.179605E+03     0.179902E+03     0.179845E+03     0.179922E+03     0.179856E+03     0.179764E+03     0.179681E+03     0.179636E+03     0.179576E+03     0.179537E+03     0.179472E+03     0.179440E+03     0.179375E+03     0.100000E+21
 0.344000E+04     0.229141E+03     0.228960E+03     0.228651E+03     0.228602E+03     0.228241E+03     0.228131E+03     0.227879E+03     0.227677E+03     0.227250E+03     0.226764E+03     0.226543E+03     0.226187E+03     0.225964E+03     0.225657E+03     0.225381E+03     0.225105E+03     0.224851E+03     0.224620E+03     0.224925E+03     0.224686E+03     0.224408E+03     0.224480E+03     0.223886E+03     0.223628E+03     0.223442E+03     0.222666E+03     0.222096E+03     0.221698E+03     0.221126E+03     0.220543E+03     0.220039E+03     0.219700E+03     0.219254E+03     0.219164E+03     0.218918E+03     0.218685E+03     0.218468E+03     0.217855E+03     0.217520E+03     0.216753E+03     0.216426E+03     0.215499E+03     0.215066E+03     0.214141E+03     0.213653E+03     0.212629E+03     0.212576E+03     0.212065E+03     0.211479E+03     0.211804E+03     0.210219E+03     0.210670E+03     0.210831E+03     0.209940E+03     0.210635E+03     0.209378E+03     0.210067E+03     0.210203E+03     0.209651E+03     0.209933E+03     0.208782E+03     0.208244E+03     0.207089E+03     0.206642E+03     0.205178E+03     0.204658E+03     0.203713E+03     0.202779E+03     0.202369E+03     0.202873E+03     0.202475E+03     0.202604E+03     0.203616E+03     0.202663E+03     0.205115E+03     0.204833E+03     0.203819E+03     0.203218E+03     0.202676E+03     0.200870E+03     0.199317E+03     0.197599E+03     0.195296E+03     0.194897E+03     0.193392E+03     0.191902E+03     0.191753E+03     0.188388E+03     0.188223E+03     0.186287E+03     0.184110E+03     0.183987E+03     0.182265E+03     0.182135E+03     0.181713E+03     0.181369E+03     0.181120E+03     0.181048E+03     0.180943E+03     0.180578E+03     0.180272E+03     0.179991E+03     0.179604E+03     0.179310E+03     0.178977E+03     0.178777E+03     0.178593E+03     0.178493E+03     0.178352E+03     0.178278E+03     0.179316E+03     0.179168E+03     0.179534E+03     0.179854E+03     0.179800E+03     0.179918E+03     0.179861E+03     0.179763E+03     0.179677E+03     0.179636E+03     0.179576E+03     0.179541E+03     0.179472E+03     0.179444E+03     0.179373E+03     0.100000E+21
 0.346000E+04     0.229139E+03     0.228959E+03     0.228651E+03     0.228602E+03     0.228244E+03     0.228132E+03     0.227879E+03     0.227675E+03     0.227250E+03     0.226768E+03     0.226543E+03     0.226187E+03     0.225963E+03     0.225657E+03     0.225377E+03     0.225101E+03     0.224852E+03     0.224620E+03     0.224925E+03     0.224683E+03     0.224403E+03     0.224477E+03     0.223887E+03     0.223628E+03     0.223440E+03     0.222676E+03     0.222096E+03     0.221700E+03     0.221119E+03     0.220543E+03     0.220043E+03     0.219700E+03     0.219258E+03     0.219165E+03     0.218918E+03     0.218684E+03     0.218468E+03     0.217861E+03     0.217520E+03     0.216755E+03     0.216426E+03     0.215499E+03     0.215060E+03     0.214142E+03     0.213648E+03     0.212629E+03     0.212576E+03     0.212059E+03     0.211463E+03     0.211795E+03     0.210223E+03     0.210688E+03     0.210828E+03     0.209930E+03     0.210635E+03     0.209386E+03     0.210082E+03     0.210203E+03     0.209646E+03     0.209933E+03     0.208791E+03     0.208244E+03     0.207091E+03     0.206642E+03     0.205178E+03     0.204650E+03     0.203712E+03     0.202783E+03     0.202369E+03     0.202873E+03     0.202470E+03     0.202579E+03     0.203611E+03     0.202665E+03     0.205115E+03     0.204830E+03     0.203829E+03     0.203218E+03     0.202678E+03     0.200846E+03     0.199317E+03     0.197624E+03     0.195296E+03     0.194900E+03     0.193385E+03     0.191902E+03     0.191752E+03     0.188388E+03     0.188220E+03     0.186303E+03     0.184110E+03     0.183987E+03     0.182265E+03     0.182133E+03     0.181717E+03     0.181368E+03     0.181120E+03     0.181048E+03     0.180942E+03     0.180582E+03     0.180271E+03     0.179992E+03     0.179599E+03     0.179310E+03     0.178979E+03     0.178777E+03     0.178594E+03     0.178493E+03     0.178352E+03     0.178278E+03     0.179316E+03     0.179169E+03     0.179533E+03     0.179855E+03     0.179800E+03     0.179918E+03     0.179860E+03     0.179763E+03     0.179677E+03     0.179636E+03     0.179576E+03     0.179541E+03     0.179472E+03     0.179444E+03     0.179374E+03     0.100000E+21
 0.348000E+04     0.228958E+03     0.228715E+03     0.228402E+03     0.228299E+03     0.227961E+03     0.227850E+03     0.227597E+03     0.227373E+03     0.227085E+03     0.226637E+03     0.226422E+03     0.226106E+03     0.225869E+03     0.225497E+03     0.225179E+03     0.224827E+03     0.224492E+03     0.224240E+03     0.224364E+03     0.224093E+03     0.223825E+03     0.223965E+03     0.223408E+03     0.223539E+03     0.223335E+03     0.222810E+03     0.222498E+03     0.222118E+03     0.221596E+03     0.221137E+03     0.220591E+03     0.220015E+03     0.219602E+03     0.219227E+03     0.218770E+03     0.218519E+03     0.218147E+03     0.217585E+03     0.217325E+03     0.216739E+03     0.216389E+03     0.215859E+03     0.215364E+03     0.214538E+03     0.214053E+03     0.213081E+03     0.212759E+03     0.212188E+03     0.211423E+03     0.211578E+03     0.210121E+03     0.210512E+03     0.210397E+03     0.209323E+03     0.209815E+03     0.208636E+03     0.209164E+03     0.209022E+03     0.208416E+03     0.209248E+03     0.208185E+03     0.208011E+03     0.207341E+03     0.206871E+03     0.205892E+03     0.205294E+03     0.204416E+03     0.203517E+03     0.203067E+03     0.203357E+03     0.202909E+03     0.202556E+03     0.203054E+03     0.202169E+03     0.203542E+03     0.203235E+03     0.202399E+03     0.201858E+03     0.201343E+03     0.199837E+03     0.198795E+03     0.198292E+03     0.197913E+03     0.197543E+03     0.196393E+03     0.195334E+03     0.195174E+03     0.189965E+03     0.189775E+03     0.187946E+03     0.185558E+03     0.185425E+03     0.182895E+03     0.182747E+03     0.182247E+03     0.181591E+03     0.181356E+03     0.180685E+03     0.180569E+03     0.180421E+03     0.180483E+03     0.180226E+03     0.179484E+03     0.179087E+03     0.178831E+03     0.178718E+03     0.178546E+03     0.178671E+03     0.178698E+03     0.178618E+03     0.179159E+03     0.179022E+03     0.179345E+03     0.179662E+03     0.179605E+03     0.179908E+03     0.179842E+03     0.179756E+03     0.179681E+03     0.179636E+03     0.179576E+03     0.179537E+03     0.179472E+03     0.179440E+03     0.179375E+03     0.100000E+21
 0.350000E+04     0.228860E+03     0.228715E+03     0.228412E+03     0.228299E+03     0.227967E+03     0.227864E+03     0.227597E+03     0.227369E+03     0.227085E+03     0.226671E+03     0.226423E+03     0.226106E+03     0.225870E+03     0.225497E+03     0.225125E+03     0.224807E+03     0.224492E+03     0.224240E+03     0.224364E+03     0.224077E+03     0.223714E+03     0.223952E+03     0.223407E+03     0.223539E+03     0.223334E+03     0.222863E+03     0.222498E+03     0.222121E+03     0.221521E+03     0.221137E+03     0.220613E+03     0.220015E+03     0.219622E+03     0.219220E+03     0.218770E+03     0.218519E+03     0.218147E+03     0.217660E+03     0.217316E+03     0.216738E+03     0.216389E+03     0.215859E+03     0.215317E+03     0.214535E+03     0.214041E+03     0.213081E+03     0.212759E+03     0.212176E+03     0.211213E+03     0.211496E+03     0.210124E+03     0.210820E+03     0.210398E+03     0.209286E+03     0.209815E+03     0.208665E+03     0.209313E+03     0.209022E+03     0.208411E+03     0.209248E+03     0.208281E+03     0.208008E+03     0.207339E+03     0.206871E+03     0.205892E+03     0.205209E+03     0.204412E+03     0.203521E+03     0.203067E+03     0.203357E+03     0.202889E+03     0.202264E+03     0.203025E+03     0.202168E+03     0.203542E+03     0.203234E+03     0.202470E+03     0.201858E+03     0.201349E+03     0.199600E+03     0.198795E+03     0.198301E+03     0.197913E+03     0.197564E+03     0.196351E+03     0.195334E+03     0.195174E+03     0.189965E+03     0.189739E+03     0.188114E+03     0.185558E+03     0.185425E+03     0.182895E+03     0.182736E+03     0.182377E+03     0.181587E+03     0.181356E+03     0.180685E+03     0.180568E+03     0.180383E+03     0.180463E+03     0.180227E+03     0.179308E+03     0.179087E+03     0.178837E+03     0.178718E+03     0.178552E+03     0.178692E+03     0.178698E+03     0.178618E+03     0.179159E+03     0.179037E+03     0.179331E+03     0.179662E+03     0.179605E+03     0.179908E+03     0.179834E+03     0.179752E+03     0.179682E+03     0.179636E+03     0.179576E+03     0.179535E+03     0.179472E+03     0.179437E+03     0.179375E+03     0.100000E+21
 0.352000E+04     0.228962E+03     0.228745E+03     0.228413E+03     0.228277E+03     0.227937E+03     0.227808E+03     0.227527E+03     0.227306E+03     0.227030E+03     0.226590E+03     0.226374E+03     0.226065E+03     0.225828E+03     0.225459E+03     0.225139E+03     0.224765E+03     0.224396E+03     0.224140E+03     0.224193E+03     0.223920E+03     0.223640E+03     0.223741E+03     0.223162E+03     0.223403E+03     0.223172E+03     0.222732E+03     0.222513E+03     0.222137E+03     0.221680E+03     0.221316E+03     0.220765E+03     0.220173E+03     0.219772E+03     0.219353E+03     0.218870E+03     0.218615E+03     0.218186E+03     0.217629E+03     0.217399E+03     0.216869E+03     0.216521E+03     0.216140E+03     0.215614E+03     0.214835E+03     0.214452E+03     0.213516E+03     0.213067E+03     0.212529E+03     0.211630E+03     0.211693E+03     0.210275E+03     0.210563E+03     0.210334E+03     0.209231E+03     0.209687E+03     0.208498E+03     0.209034E+03     0.208826E+03     0.208228E+03     0.209008E+03     0.207979E+03     0.207870E+03     0.207313E+03     0.206843E+03     0.206277E+03     0.205617E+03     0.204777E+03     0.203918E+03     0.203487E+03     0.203721E+03     0.203280E+03     0.202869E+03     0.203461E+03     0.202635E+03     0.203519E+03     0.203205E+03     0.202482E+03     0.202099E+03     0.201628E+03     0.200437E+03     0.199876E+03     0.199301E+03     0.198817E+03     0.198456E+03     0.197469E+03     0.196651E+03     0.196465E+03     0.191824E+03     0.191364E+03     0.189537E+03     0.186907E+03     0.186815E+03     0.183653E+03     0.183470E+03     0.182745E+03     0.181752E+03     0.181534E+03     0.180713E+03     0.180601E+03     0.180383E+03     0.180330E+03     0.180051E+03     0.179414E+03     0.179103E+03     0.178816E+03     0.178647E+03     0.178469E+03     0.178679E+03     0.178780E+03     0.178696E+03     0.179314E+03     0.179163E+03     0.179419E+03     0.179646E+03     0.179589E+03     0.179906E+03     0.179839E+03     0.179754E+03     0.179681E+03     0.179636E+03     0.179576E+03     0.179536E+03     0.179472E+03     0.179439E+03     0.179375E+03     0.100000E+21
 0.354000E+04     0.229030E+03     0.228788E+03     0.228414E+03     0.228238E+03     0.227883E+03     0.227730E+03     0.227446E+03     0.227238E+03     0.226942E+03     0.226466E+03     0.226305E+03     0.226016E+03     0.225790E+03     0.225404E+03     0.225117E+03     0.224692E+03     0.224258E+03     0.224023E+03     0.223938E+03     0.223691E+03     0.223391E+03     0.223444E+03     0.222859E+03     0.223167E+03     0.222977E+03     0.222555E+03     0.222538E+03     0.222144E+03     0.221877E+03     0.221529E+03     0.220949E+03     0.220442E+03     0.220006E+03     0.219546E+03     0.218987E+03     0.218750E+03     0.218244E+03     0.217646E+03     0.217518E+03     0.217009E+03     0.216677E+03     0.216545E+03     0.216096E+03     0.215333E+03     0.215041E+03     0.214030E+03     0.213570E+03     0.213044E+03     0.212139E+03     0.211976E+03     0.210426E+03     0.210462E+03     0.210288E+03     0.209152E+03     0.209459E+03     0.208223E+03     0.208690E+03     0.208598E+03     0.208034E+03     0.208634E+03     0.207507E+03     0.207673E+03     0.207261E+03     0.206808E+03     0.206827E+03     0.206286E+03     0.205343E+03     0.204398E+03     0.203979E+03     0.204279E+03     0.203868E+03     0.203607E+03     0.204120E+03     0.203185E+03     0.203478E+03     0.203190E+03     0.202544E+03     0.202524E+03     0.201989E+03     0.201605E+03     0.201150E+03     0.200634E+03     0.200316E+03     0.199925E+03     0.199063E+03     0.198194E+03     0.198042E+03     0.194517E+03     0.194345E+03     0.191698E+03     0.188564E+03     0.188439E+03     0.184762E+03     0.184627E+03     0.183482E+03     0.181990E+03     0.181745E+03     0.180760E+03     0.180652E+03     0.180341E+03     0.180093E+03     0.179818E+03     0.179411E+03     0.179127E+03     0.178776E+03     0.178521E+03     0.178340E+03     0.178668E+03     0.178875E+03     0.178799E+03     0.179550E+03     0.179405E+03     0.179540E+03     0.179624E+03     0.179570E+03     0.179903E+03     0.179843E+03     0.179754E+03     0.179678E+03     0.179636E+03     0.179576E+03     0.179540E+03     0.179472E+03     0.179443E+03     0.179374E+03     0.100000E+21
 0.356000E+04     0.229042E+03     0.228791E+03     0.228406E+03     0.228238E+03     0.227877E+03     0.227729E+03     0.227446E+03     0.227244E+03     0.226942E+03     0.226454E+03     0.226304E+03     0.226016E+03     0.225794E+03     0.225404E+03     0.225130E+03     0.224695E+03     0.224253E+03     0.224023E+03     0.223938E+03     0.223701E+03     0.223405E+03     0.223452E+03     0.222857E+03     0.223167E+03     0.222982E+03     0.222555E+03     0.222538E+03     0.222139E+03     0.221881E+03     0.221529E+03     0.220931E+03     0.220442E+03     0.219996E+03     0.219551E+03     0.218987E+03     0.218755E+03     0.218244E+03     0.217629E+03     0.217523E+03     0.217003E+03     0.216677E+03     0.216545E+03     0.216115E+03     0.215341E+03     0.215056E+03     0.214030E+03     0.213570E+03     0.213061E+03     0.212160E+03     0.212003E+03     0.210413E+03     0.210430E+03     0.210298E+03     0.209164E+03     0.209459E+03     0.208200E+03     0.208651E+03     0.208598E+03     0.208049E+03     0.208634E+03     0.207480E+03     0.207675E+03     0.207255E+03     0.206808E+03     0.206827E+03     0.206310E+03     0.205344E+03     0.204387E+03     0.203979E+03     0.204279E+03     0.203883E+03     0.203654E+03     0.204135E+03     0.203180E+03     0.203478E+03     0.203196E+03     0.202543E+03     0.202524E+03     0.201981E+03     0.201611E+03     0.201150E+03     0.200624E+03     0.200316E+03     0.199916E+03     0.199073E+03     0.198194E+03     0.198045E+03     0.194517E+03     0.194353E+03     0.191625E+03     0.188561E+03     0.188439E+03     0.184762E+03     0.184633E+03     0.183413E+03     0.181994E+03     0.181745E+03     0.180760E+03     0.180655E+03     0.180334E+03     0.180098E+03     0.179816E+03     0.179427E+03     0.179129E+03     0.178766E+03     0.178521E+03     0.178337E+03     0.178655E+03     0.178875E+03     0.178801E+03     0.179550E+03     0.179401E+03     0.179542E+03     0.179624E+03     0.179570E+03     0.179903E+03     0.179846E+03     0.179755E+03     0.179677E+03     0.179636E+03     0.179576E+03     0.179541E+03     0.179472E+03     0.179444E+03     0.179373E+03     0.100000E+21
 0.358000E+04     0.229252E+03     0.229137E+03     0.228757E+03     0.228478E+03     0.228141E+03     0.227888E+03     0.227552E+03     0.227327E+03     0.226962E+03     0.226518E+03     0.226320E+03     0.226024E+03     0.225787E+03     0.225425E+03     0.225102E+03     0.224683E+03     0.224244E+03     0.223992E+03     0.223726E+03     0.223452E+03     0.223074E+03     0.222984E+03     0.222430E+03     0.222678E+03     0.222474E+03     0.222128E+03     0.222265E+03     0.221887E+03     0.221809E+03     0.221574E+03     0.221104E+03     0.220696E+03     0.220286E+03     0.219809E+03     0.219279E+03     0.219027E+03     0.218559E+03     0.218005E+03     0.217927E+03     0.217581E+03     0.217231E+03     0.217601E+03     0.217099E+03     0.216530E+03     0.216543E+03     0.215573E+03     0.215276E+03     0.214702E+03     0.213679E+03     0.213219E+03     0.211775E+03     0.211349E+03     0.210855E+03     0.209549E+03     0.209475E+03     0.208300E+03     0.208684E+03     0.208425E+03     0.207817E+03     0.208732E+03     0.207680E+03     0.207662E+03     0.207164E+03     0.206694E+03     0.207278E+03     0.206670E+03     0.206279E+03     0.206183E+03     0.205731E+03     0.205121E+03     0.204669E+03     0.204000E+03     0.203795E+03     0.202915E+03     0.203461E+03     0.203153E+03     0.202633E+03     0.202877E+03     0.202364E+03     0.202876E+03     0.202919E+03     0.202626E+03     0.202733E+03     0.202365E+03     0.200581E+03     0.199007E+03     0.198846E+03     0.194209E+03     0.194016E+03     0.192523E+03     0.190541E+03     0.190407E+03     0.186247E+03     0.186097E+03     0.184935E+03     0.182800E+03     0.182566E+03     0.180648E+03     0.180531E+03     0.180237E+03     0.179928E+03     0.179674E+03     0.179010E+03     0.178672E+03     0.178458E+03     0.178443E+03     0.178272E+03     0.178932E+03     0.179321E+03     0.179241E+03     0.179949E+03     0.179814E+03     0.179860E+03     0.179870E+03     0.179813E+03     0.179931E+03     0.179864E+03     0.179770E+03     0.179681E+03     0.179636E+03     0.179576E+03     0.179536E+03     0.179472E+03     0.179440E+03     0.179375E+03     0.100000E+21
 0.360000E+04     0.229252E+03     0.229140E+03     0.228757E+03     0.228478E+03     0.228137E+03     0.227887E+03     0.227552E+03     0.227332E+03     0.226962E+03     0.226517E+03     0.226321E+03     0.226024E+03     0.225792E+03     0.225425E+03     0.225101E+03     0.224682E+03     0.224238E+03     0.223992E+03     0.223726E+03     0.223455E+03     0.223069E+03     0.222987E+03     0.222427E+03     0.222678E+03     0.222478E+03     0.222127E+03     0.222265E+03     0.221882E+03     0.221812E+03     0.221574E+03     0.221098E+03     0.220696E+03     0.220284E+03     0.219807E+03     0.219279E+03     0.219033E+03     0.218559E+03     0.218007E+03     0.217924E+03     0.217574E+03     0.217231E+03     0.217601E+03     0.217102E+03     0.216516E+03     0.216553E+03     0.215573E+03     0.215276E+03     0.214714E+03     0.213675E+03     0.213215E+03     0.211762E+03     0.211354E+03     0.210866E+03     0.209548E+03     0.209475E+03     0.208290E+03     0.208702E+03     0.208425E+03     0.207830E+03     0.208732E+03     0.207681E+03     0.207662E+03     0.207157E+03     0.206694E+03     0.207278E+03     0.206669E+03     0.206264E+03     0.206173E+03     0.205731E+03     0.205121E+03     0.204676E+03     0.203994E+03     0.203798E+03     0.202909E+03     0.203461E+03     0.203159E+03     0.202631E+03     0.202877E+03     0.202359E+03     0.202895E+03     0.202919E+03     0.202628E+03     0.202733E+03     0.202364E+03     0.200572E+03     0.199007E+03     0.198850E+03     0.194209E+03     0.194015E+03     0.192541E+03     0.190538E+03     0.190407E+03     0.186247E+03     0.186098E+03     0.184993E+03     0.182802E+03     0.182566E+03     0.180648E+03     0.180534E+03     0.180241E+03     0.179926E+03     0.179671E+03     0.178993E+03     0.178674E+03     0.178458E+03     0.178443E+03     0.178271E+03     0.178942E+03     0.179321E+03     0.179242E+03     0.179949E+03     0.179814E+03     0.179859E+03     0.179869E+03     0.179813E+03     0.179931E+03     0.179864E+03     0.179770E+03     0.179680E+03     0.179636E+03     0.179576E+03     0.179537E+03     0.179472E+03     0.179440E+03     0.179375E+03     0.100000E+21
 0.362000E+04     0.229287E+03     0.229313E+03     0.228895E+03     0.228534E+03     0.228284E+03     0.227977E+03     0.227685E+03     0.227439E+03     0.227012E+03     0.226585E+03     0.226373E+03     0.226073E+03     0.225835E+03     0.225458E+03     0.225077E+03     0.224703E+03     0.224274E+03     0.224022E+03     0.223708E+03     0.223422E+03     0.223017E+03     0.222881E+03     0.222309E+03     0.222594E+03     0.222291E+03     0.222009E+03     0.222179E+03     0.221720E+03     0.221752E+03     0.221456E+03     0.221047E+03     0.220682E+03     0.220282E+03     0.219807E+03     0.219323E+03     0.219067E+03     0.218631E+03     0.218087E+03     0.218032E+03     0.217792E+03     0.217448E+03     0.217948E+03     0.217325E+03     0.216769E+03     0.217155E+03     0.216314E+03     0.215776E+03     0.215426E+03     0.213968E+03     0.213653E+03     0.212549E+03     0.211632E+03     0.211447E+03     0.209910E+03     0.209579E+03     0.208562E+03     0.208894E+03     0.208499E+03     0.207876E+03     0.208721E+03     0.207744E+03     0.207676E+03     0.207221E+03     0.206750E+03     0.207193E+03     0.206561E+03     0.206152E+03     0.206147E+03     0.205684E+03     0.205330E+03     0.204885E+03     0.204005E+03     0.203715E+03     0.202835E+03     0.203316E+03     0.202768E+03     0.202446E+03     0.202856E+03     0.202320E+03     0.203046E+03     0.203182E+03     0.202867E+03     0.202915E+03     0.202576E+03     0.201046E+03     0.199962E+03     0.199763E+03     0.194174E+03     0.193976E+03     0.192227E+03     0.189551E+03     0.189353E+03     0.186182E+03     0.186033E+03     0.185360E+03     0.183229E+03     0.183100E+03     0.180762E+03     0.180730E+03     0.180299E+03     0.179823E+03     0.179517E+03     0.178883E+03     0.178710E+03     0.178493E+03     0.178465E+03     0.178315E+03     0.178996E+03     0.179320E+03     0.179239E+03     0.179957E+03     0.179828E+03     0.179886E+03     0.179932E+03     0.179876E+03     0.179948E+03     0.179869E+03     0.179777E+03     0.179682E+03     0.179636E+03     0.179576E+03     0.179535E+03     0.179472E+03     0.179437E+03     0.179375E+03     0.100000E+21
 0.364000E+04     0.229562E+03     0.229587E+03     0.229184E+03     0.228890E+03     0.228545E+03     0.228241E+03     0.227869E+03     0.227652E+03     0.227158E+03     0.226704E+03     0.226476E+03     0.226143E+03     0.225912E+03     0.225525E+03     0.225213E+03     0.224774E+03     0.224309E+03     0.224065E+03     0.223666E+03     0.223402E+03     0.222942E+03     0.222696E+03     0.222129E+03     0.222200E+03     0.222003E+03     0.221659E+03     0.221801E+03     0.221415E+03     0.221460E+03     0.221288E+03     0.220873E+03     0.220626E+03     0.220207E+03     0.219840E+03     0.219384E+03     0.219139E+03     0.218793E+03     0.218225E+03     0.218294E+03     0.218092E+03     0.217751E+03     0.218674E+03     0.218189E+03     0.217860E+03     0.218341E+03     0.217354E+03     0.217373E+03     0.216820E+03     0.215749E+03     0.215227E+03     0.213744E+03     0.212983E+03     0.212348E+03     0.210801E+03     0.210229E+03     0.209030E+03     0.209069E+03     0.208601E+03     0.208013E+03     0.208692E+03     0.207617E+03     0.207710E+03     0.207289E+03     0.206829E+03     0.207019E+03     0.206432E+03     0.206092E+03     0.206056E+03     0.205619E+03     0.205852E+03     0.205416E+03     0.204447E+03     0.203608E+03     0.202706E+03     0.202474E+03     0.202175E+03     0.201908E+03     0.202737E+03     0.202214E+03     0.203216E+03     0.203550E+03     0.203317E+03     0.203538E+03     0.203163E+03     0.202199E+03     0.201291E+03     0.201135E+03     0.194102E+03     0.193915E+03     0.191367E+03     0.188026E+03     0.187897E+03     0.186040E+03     0.185895E+03     0.185179E+03     0.184099E+03     0.183860E+03     0.181198E+03     0.181085E+03     0.180494E+03     0.179512E+03     0.179250E+03     0.178950E+03     0.178766E+03     0.178562E+03     0.178574E+03     0.178399E+03     0.178973E+03     0.179318E+03     0.179240E+03     0.179976E+03     0.179838E+03     0.179947E+03     0.180020E+03     0.179964E+03     0.179985E+03     0.179920E+03     0.179805E+03     0.179680E+03     0.179636E+03     0.179576E+03     0.179538E+03     0.179472E+03     0.179441E+03     0.179374E+03     0.100000E+21
 0.366000E+04     0.229522E+03     0.229592E+03     0.229154E+03     0.228890E+03     0.228531E+03     0.228252E+03     0.227869E+03     0.227665E+03     0.227158E+03     0.226674E+03     0.226475E+03     0.226143E+03     0.225919E+03     0.225525E+03     0.225246E+03     0.224779E+03     0.224297E+03     0.224065E+03     0.223666E+03     0.223425E+03     0.222940E+03     0.222715E+03     0.222123E+03     0.222200E+03     0.222013E+03     0.221675E+03     0.221801E+03     0.221404E+03     0.221431E+03     0.221288E+03     0.220854E+03     0.220626E+03     0.220183E+03     0.219846E+03     0.219384E+03     0.219150E+03     0.218793E+03     0.218183E+03     0.218319E+03     0.218079E+03     0.217751E+03     0.218674E+03     0.218237E+03     0.217972E+03     0.218374E+03     0.217354E+03     0.217373E+03     0.216857E+03     0.215759E+03     0.215293E+03     0.213717E+03     0.213008E+03     0.212368E+03     0.210748E+03     0.210229E+03     0.208978E+03     0.209009E+03     0.208601E+03     0.208046E+03     0.208692E+03     0.207547E+03     0.207713E+03     0.207278E+03     0.206829E+03     0.207019E+03     0.206494E+03     0.206176E+03     0.206032E+03     0.205619E+03     0.205852E+03     0.205451E+03     0.204387E+03     0.203643E+03     0.202695E+03     0.202474E+03     0.202190E+03     0.201999E+03     0.202737E+03     0.202197E+03     0.203075E+03     0.203550E+03     0.203332E+03     0.203538E+03     0.203141E+03     0.202227E+03     0.201291E+03     0.201140E+03     0.194102E+03     0.193935E+03     0.191175E+03     0.188021E+03     0.187897E+03     0.186040E+03     0.185909E+03     0.185061E+03     0.184109E+03     0.183860E+03     0.181198E+03     0.181092E+03     0.180386E+03     0.179525E+03     0.179245E+03     0.178975E+03     0.178769E+03     0.178563E+03     0.178574E+03     0.178391E+03     0.178924E+03     0.179318E+03     0.179244E+03     0.179976E+03     0.179829E+03     0.179952E+03     0.180018E+03     0.179964E+03     0.179985E+03     0.179927E+03     0.179801E+03     0.179677E+03     0.179636E+03     0.179576E+03     0.179541E+03     0.179472E+03     0.179444E+03     0.179374E+03     0.100000E+21
 0.368000E+04     0.229884E+03     0.229881E+03     0.229525E+03     0.229246E+03     0.228914E+03     0.228581E+03     0.228220E+03     0.227991E+03     0.227416E+03     0.226996E+03     0.226677E+03     0.226290E+03     0.226052E+03     0.225603E+03     0.225245E+03     0.224833E+03     0.224361E+03     0.224106E+03     0.223635E+03     0.223350E+03     0.222885E+03     0.222489E+03     0.221945E+03     0.221820E+03     0.221613E+03     0.221235E+03     0.221305E+03     0.220929E+03     0.221017E+03     0.220809E+03     0.220446E+03     0.220281E+03     0.219885E+03     0.219591E+03     0.219210E+03     0.218956E+03     0.218755E+03     0.218247E+03     0.218312E+03     0.218253E+03     0.217901E+03     0.219332E+03     0.218798E+03     0.218555E+03     0.219712E+03     0.218753E+03     0.219372E+03     0.218787E+03     0.217726E+03     0.217126E+03     0.215739E+03     0.214648E+03     0.213987E+03     0.212429E+03     0.211581E+03     0.210428E+03     0.210185E+03     0.209500E+03     0.208885E+03     0.208927E+03     0.207939E+03     0.207674E+03     0.206993E+03     0.206522E+03     0.206332E+03     0.205668E+03     0.205102E+03     0.204735E+03     0.204278E+03     0.204864E+03     0.204397E+03     0.203779E+03     0.203994E+03     0.203134E+03     0.202830E+03     0.202520E+03     0.201869E+03     0.201725E+03     0.201217E+03     0.202223E+03     0.202322E+03     0.202190E+03     0.202708E+03     0.202355E+03     0.200576E+03     0.199089E+03     0.198928E+03     0.194889E+03     0.194673E+03     0.192812E+03     0.190027E+03     0.189893E+03     0.186175E+03     0.186017E+03     0.185423E+03     0.183925E+03     0.183695E+03     0.181971E+03     0.181853E+03     0.181438E+03     0.180400E+03     0.180160E+03     0.179227E+03     0.178941E+03     0.178696E+03     0.178588E+03     0.178421E+03     0.179218E+03     0.179623E+03     0.179541E+03     0.180345E+03     0.180220E+03     0.180235E+03     0.180226E+03     0.180168E+03     0.180076E+03     0.180004E+03     0.179873E+03     0.179682E+03     0.179636E+03     0.179576E+03     0.179535E+03     0.179472E+03     0.179438E+03     0.179375E+03     0.100000E+21
 0.370000E+04     0.229732E+03     0.229887E+03     0.229486E+03     0.229246E+03     0.228894E+03     0.228600E+03     0.228220E+03     0.228009E+03     0.227416E+03     0.226947E+03     0.226677E+03     0.226290E+03     0.226062E+03     0.225603E+03     0.225309E+03     0.224839E+03     0.224344E+03     0.224106E+03     0.223635E+03     0.223382E+03     0.222852E+03     0.222516E+03     0.221937E+03     0.221820E+03     0.221627E+03     0.221248E+03     0.221305E+03     0.220914E+03     0.220959E+03     0.220809E+03     0.220430E+03     0.220281E+03     0.219850E+03     0.219592E+03     0.219210E+03     0.218971E+03     0.218755E+03     0.218165E+03     0.218356E+03     0.218235E+03     0.217901E+03     0.219332E+03     0.218872E+03     0.218868E+03     0.219757E+03     0.218753E+03     0.219372E+03     0.218838E+03     0.217744E+03     0.217233E+03     0.215702E+03     0.214767E+03     0.214014E+03     0.212326E+03     0.211581E+03     0.210355E+03     0.210127E+03     0.209500E+03     0.208928E+03     0.208927E+03     0.207814E+03     0.207677E+03     0.206977E+03     0.206522E+03     0.206332E+03     0.205778E+03     0.205178E+03     0.204703E+03     0.204278E+03     0.204864E+03     0.204446E+03     0.203932E+03     0.204045E+03     0.203119E+03     0.202830E+03     0.202539E+03     0.201846E+03     0.201725E+03     0.201194E+03     0.201997E+03     0.202322E+03     0.202235E+03     0.202708E+03     0.202322E+03     0.200656E+03     0.199089E+03     0.198936E+03     0.194889E+03     0.194713E+03     0.192592E+03     0.190019E+03     0.189893E+03     0.186175E+03     0.186037E+03     0.185136E+03     0.183938E+03     0.183695E+03     0.181971E+03     0.181862E+03     0.181254E+03     0.180423E+03     0.180152E+03     0.179411E+03     0.178945E+03     0.178684E+03     0.178588E+03     0.178409E+03     0.179125E+03     0.179623E+03     0.179546E+03     0.180345E+03     0.180203E+03     0.180240E+03     0.180223E+03     0.180168E+03     0.180076E+03     0.180015E+03     0.179857E+03     0.179678E+03     0.179636E+03     0.179576E+03     0.179539E+03     0.179472E+03     0.179442E+03     0.179374E+03     0.100000E+21
 0.372000E+04     0.229871E+03     0.229880E+03     0.229533E+03     0.229263E+03     0.228946E+03     0.228617E+03     0.228291E+03     0.228054E+03     0.227454E+03     0.227025E+03     0.226710E+03     0.226315E+03     0.226079E+03     0.225594E+03     0.225245E+03     0.224817E+03     0.224325E+03     0.224070E+03     0.223602E+03     0.223319E+03     0.222858E+03     0.222442E+03     0.221879E+03     0.221769E+03     0.221517E+03     0.221165E+03     0.221226E+03     0.220785E+03     0.220920E+03     0.220616E+03     0.220297E+03     0.220195E+03     0.219769E+03     0.219479E+03     0.219076E+03     0.218833E+03     0.218674E+03     0.218198E+03     0.218231E+03     0.218144E+03     0.217790E+03     0.219305E+03     0.218782E+03     0.218600E+03     0.219858E+03     0.218923E+03     0.219607E+03     0.219135E+03     0.217940E+03     0.217490E+03     0.216289E+03     0.214892E+03     0.214501E+03     0.212756E+03     0.211743E+03     0.210721E+03     0.210401E+03     0.209766E+03     0.209126E+03     0.209001E+03     0.207983E+03     0.207697E+03     0.206936E+03     0.206468E+03     0.206148E+03     0.205564E+03     0.204871E+03     0.204286E+03     0.203776E+03     0.204454E+03     0.203939E+03     0.203587E+03     0.203751E+03     0.202793E+03     0.202871E+03     0.202611E+03     0.201944E+03     0.201801E+03     0.201360E+03     0.202184E+03     0.202085E+03     0.201968E+03     0.202528E+03     0.202161E+03     0.200566E+03     0.199371E+03     0.199199E+03     0.195317E+03     0.194895E+03     0.193523E+03     0.191403E+03     0.191369E+03     0.187621E+03     0.187302E+03     0.186162E+03     0.184687E+03     0.184648E+03     0.182262E+03     0.182343E+03     0.181716E+03     0.180757E+03     0.180752E+03     0.179482E+03     0.179354E+03     0.178972E+03     0.178719E+03     0.178628E+03     0.179360E+03     0.179751E+03     0.179659E+03     0.180470E+03     0.180293E+03     0.180345E+03     0.180332E+03     0.180277E+03     0.180095E+03     0.180018E+03     0.179881E+03     0.179682E+03     0.179636E+03     0.179576E+03     0.179536E+03     0.179472E+03     0.179438E+03     0.179375E+03     0.100000E+21
 0.374000E+04     0.229868E+03     0.229878E+03     0.229546E+03     0.229355E+03     0.229021E+03     0.228741E+03     0.228401E+03     0.228175E+03     0.227576E+03     0.227152E+03     0.226787E+03     0.226356E+03     0.226120E+03     0.225571E+03     0.225218E+03     0.224779E+03     0.224266E+03     0.224014E+03     0.223514E+03     0.223231E+03     0.222752E+03     0.222322E+03     0.221774E+03     0.221539E+03     0.221334E+03     0.220925E+03     0.220881E+03     0.220504E+03     0.220530E+03     0.220307E+03     0.219957E+03     0.219829E+03     0.219430E+03     0.219204E+03     0.218868E+03     0.218617E+03     0.218464E+03     0.217949E+03     0.218026E+03     0.217967E+03     0.217618E+03     0.219238E+03     0.218709E+03     0.218610E+03     0.220154E+03     0.219189E+03     0.220431E+03     0.219852E+03     0.218872E+03     0.218683E+03     0.217285E+03     0.216053E+03     0.215353E+03     0.213699E+03     0.212609E+03     0.211450E+03     0.210980E+03     0.210177E+03     0.209568E+03     0.209222E+03     0.208225E+03     0.207755E+03     0.206851E+03     0.206383E+03     0.205708E+03     0.205051E+03     0.204266E+03     0.203451E+03     0.202998E+03     0.203275E+03     0.202813E+03     0.202320E+03     0.203092E+03     0.202226E+03     0.203078E+03     0.202770E+03     0.202161E+03     0.202177E+03     0.201666E+03     0.201889E+03     0.201712E+03     0.201516E+03     0.201863E+03     0.201507E+03     0.200608E+03     0.199811E+03     0.199651E+03     0.196382E+03     0.196169E+03     0.195194E+03     0.193787E+03     0.193654E+03     0.191298E+03     0.191142E+03     0.189944E+03     0.186404E+03     0.186172E+03     0.183423E+03     0.183306E+03     0.182926E+03     0.182107E+03     0.181864E+03     0.180448E+03     0.180025E+03     0.179692E+03     0.179354E+03     0.179186E+03     0.179707E+03     0.179950E+03     0.179869E+03     0.180814E+03     0.180687E+03     0.180617E+03     0.180506E+03     0.180449E+03     0.180142E+03     0.180070E+03     0.179919E+03     0.179682E+03     0.179636E+03     0.179576E+03     0.179536E+03     0.179472E+03     0.179438E+03     0.179375E+03     0.100000E+21
 0.376000E+04     0.229729E+03     0.229883E+03     0.229521E+03     0.229355E+03     0.229003E+03     0.228752E+03     0.228401E+03     0.228191E+03     0.227576E+03     0.227106E+03     0.226788E+03     0.226356E+03     0.226128E+03     0.225571E+03     0.225277E+03     0.224781E+03     0.224252E+03     0.224014E+03     0.223514E+03     0.223262E+03     0.222713E+03     0.222347E+03     0.221767E+03     0.221539E+03     0.221347E+03     0.220918E+03     0.220881E+03     0.220490E+03     0.220487E+03     0.220307E+03     0.219945E+03     0.219829E+03     0.219397E+03     0.219200E+03     0.218868E+03     0.218629E+03     0.218464E+03     0.217874E+03     0.218069E+03     0.217953E+03     0.217618E+03     0.219238E+03     0.218778E+03     0.218980E+03     0.220194E+03     0.219189E+03     0.220431E+03     0.219897E+03     0.218974E+03     0.218784E+03     0.217253E+03     0.216197E+03     0.215376E+03     0.213573E+03     0.212609E+03     0.211384E+03     0.210952E+03     0.210177E+03     0.209606E+03     0.209222E+03     0.208109E+03     0.207757E+03     0.206838E+03     0.206383E+03     0.205708E+03     0.205154E+03     0.204281E+03     0.203423E+03     0.202998E+03     0.203275E+03     0.202857E+03     0.202588E+03     0.203139E+03     0.202214E+03     0.203078E+03     0.202787E+03     0.202163E+03     0.202177E+03     0.201646E+03     0.201805E+03     0.201712E+03     0.201543E+03     0.201863E+03     0.201476E+03     0.200642E+03     0.199811E+03     0.199658E+03     0.196382E+03     0.196206E+03     0.195098E+03     0.193780E+03     0.193654E+03     0.191298E+03     0.191161E+03     0.189260E+03     0.186415E+03     0.186172E+03     0.183423E+03     0.183314E+03     0.182794E+03     0.182129E+03     0.181858E+03     0.180725E+03     0.180028E+03     0.179658E+03     0.179354E+03     0.179175E+03     0.179644E+03     0.179950E+03     0.179874E+03     0.180814E+03     0.180671E+03     0.180618E+03     0.180504E+03     0.180449E+03     0.180142E+03     0.180080E+03     0.179896E+03     0.179678E+03     0.179636E+03     0.179576E+03     0.179539E+03     0.179472E+03     0.179442E+03     0.179374E+03     0.100000E+21
 0.378000E+04     0.229666E+03     0.229706E+03     0.229355E+03     0.229196E+03     0.228898E+03     0.228655E+03     0.228347E+03     0.228114E+03     0.227538E+03     0.227115E+03     0.226743E+03     0.226310E+03     0.226072E+03     0.225475E+03     0.225094E+03     0.224668E+03     0.224149E+03     0.223901E+03     0.223379E+03     0.223093E+03     0.222600E+03     0.222210E+03     0.221679E+03     0.221387E+03     0.221216E+03     0.220767E+03     0.220635E+03     0.220311E+03     0.220222E+03     0.220063E+03     0.219685E+03     0.219515E+03     0.219145E+03     0.218973E+03     0.218693E+03     0.218432E+03     0.218252E+03     0.217692E+03     0.217771E+03     0.217686E+03     0.217342E+03     0.218783E+03     0.218197E+03     0.218077E+03     0.219715E+03     0.218799E+03     0.220205E+03     0.219653E+03     0.218651E+03     0.218742E+03     0.217344E+03     0.216584E+03     0.215780E+03     0.214203E+03     0.213151E+03     0.211896E+03     0.211188E+03     0.210262E+03     0.209653E+03     0.209010E+03     0.207995E+03     0.207486E+03     0.206552E+03     0.206082E+03     0.205474E+03     0.204760E+03     0.204046E+03     0.203338E+03     0.202889E+03     0.203160E+03     0.202698E+03     0.202099E+03     0.202496E+03     0.201724E+03     0.202296E+03     0.202193E+03     0.201647E+03     0.202677E+03     0.202060E+03     0.202816E+03     0.202522E+03     0.202269E+03     0.202216E+03     0.201857E+03     0.201175E+03     0.200462E+03     0.200319E+03     0.198857E+03     0.199292E+03     0.197820E+03     0.196273E+03     0.196038E+03     0.193696E+03     0.193688E+03     0.192924E+03     0.189535E+03     0.188943E+03     0.187133E+03     0.186312E+03     0.186503E+03     0.183949E+03     0.183347E+03     0.182062E+03     0.181181E+03     0.180797E+03     0.179652E+03     0.179441E+03     0.179729E+03     0.179871E+03     0.179785E+03     0.180620E+03     0.180456E+03     0.180452E+03     0.180383E+03     0.180327E+03     0.180056E+03     0.179970E+03     0.179848E+03     0.179682E+03     0.179636E+03     0.179576E+03     0.179535E+03     0.179472E+03     0.179438E+03     0.179375E+03     0.100000E+21
 0.380000E+04     0.229527E+03     0.229601E+03     0.229263E+03     0.229165E+03     0.228806E+03     0.228620E+03     0.228308E+03     0.228104E+03     0.227525E+03     0.227041E+03     0.226723E+03     0.226277E+03     0.226054E+03     0.225428E+03     0.225149E+03     0.224614E+03     0.224050E+03     0.223818E+03     0.223319E+03     0.223078E+03     0.222522E+03     0.222194E+03     0.221602E+03     0.221350E+03     0.221164E+03     0.220681E+03     0.220572E+03     0.220175E+03     0.220104E+03     0.219889E+03     0.219530E+03     0.219431E+03     0.218988E+03     0.218851E+03     0.218564E+03     0.218330E+03     0.218154E+03     0.217544E+03     0.217694E+03     0.217469E+03     0.217140E+03     0.218560E+03     0.218123E+03     0.218399E+03     0.219537E+03     0.218516E+03     0.220130E+03     0.219615E+03     0.218848E+03     0.218903E+03     0.217327E+03     0.216699E+03     0.216114E+03     0.214225E+03     0.213257E+03     0.212006E+03     0.211314E+03     0.210324E+03     0.209769E+03     0.208925E+03     0.207780E+03     0.207352E+03     0.206316E+03     0.205867E+03     0.205356E+03     0.204831E+03     0.204006E+03     0.203221E+03     0.202809E+03     0.203112E+03     0.202712E+03     0.202209E+03     0.202307E+03     0.201358E+03     0.202134E+03     0.201851E+03     0.201806E+03     0.202785E+03     0.202245E+03     0.202842E+03     0.203108E+03     0.202605E+03     0.202327E+03     0.201930E+03     0.201462E+03     0.200936E+03     0.200786E+03     0.200056E+03     0.199890E+03     0.198954E+03     0.197912E+03     0.197788E+03     0.194831E+03     0.194699E+03     0.193133E+03     0.191168E+03     0.190920E+03     0.188195E+03     0.188090E+03     0.186618E+03     0.184531E+03     0.184251E+03     0.182933E+03     0.181997E+03     0.181017E+03     0.179718E+03     0.179535E+03     0.179716E+03     0.179813E+03     0.179739E+03     0.180535E+03     0.180388E+03     0.180373E+03     0.180293E+03     0.180239E+03     0.180013E+03     0.179955E+03     0.179817E+03     0.179677E+03     0.179636E+03     0.179576E+03     0.179541E+03     0.179472E+03     0.179444E+03     0.179374E+03     0.100000E+21
 0.382000E+04     0.229507E+03     0.229446E+03     0.229156E+03     0.229063E+03     0.228696E+03     0.228519E+03     0.228183E+03     0.227979E+03     0.227451E+03     0.226997E+03     0.226650E+03     0.226196E+03     0.225966E+03     0.225372E+03     0.225066E+03     0.224567E+03     0.224008E+03     0.223760E+03     0.223295E+03     0.223030E+03     0.222528E+03     0.222175E+03     0.221609E+03     0.221356E+03     0.221160E+03     0.220688E+03     0.220546E+03     0.220155E+03     0.220073E+03     0.219802E+03     0.219464E+03     0.219369E+03     0.218943E+03     0.218805E+03     0.218519E+03     0.218277E+03     0.218129E+03     0.217564E+03     0.217611E+03     0.217371E+03     0.217026E+03     0.218333E+03     0.217857E+03     0.217918E+03     0.219085E+03     0.218040E+03     0.219731E+03     0.219096E+03     0.218395E+03     0.218475E+03     0.216906E+03     0.216389E+03     0.215726E+03     0.214069E+03     0.213092E+03     0.211862E+03     0.211154E+03     0.210154E+03     0.209581E+03     0.208714E+03     0.207648E+03     0.207093E+03     0.205961E+03     0.205501E+03     0.205031E+03     0.204475E+03     0.203794E+03     0.203167E+03     0.202723E+03     0.203083E+03     0.202645E+03     0.202173E+03     0.202388E+03     0.201510E+03     0.202317E+03     0.202081E+03     0.201765E+03     0.202714E+03     0.202174E+03     0.202964E+03     0.203235E+03     0.202974E+03     0.202885E+03     0.202535E+03     0.202113E+03     0.201849E+03     0.201662E+03     0.200467E+03     0.200234E+03     0.199535E+03     0.198736E+03     0.198651E+03     0.196187E+03     0.196046E+03     0.194635E+03     0.192644E+03     0.192645E+03     0.189407E+03     0.189605E+03     0.188217E+03     0.185999E+03     0.186109E+03     0.183763E+03     0.182915E+03     0.181695E+03     0.179941E+03     0.179798E+03     0.179806E+03     0.179693E+03     0.179623E+03     0.180388E+03     0.180262E+03     0.180262E+03     0.180212E+03     0.180155E+03     0.179992E+03     0.179929E+03     0.179812E+03     0.179680E+03     0.179636E+03     0.179576E+03     0.179538E+03     0.179472E+03     0.179441E+03     0.179374E+03     0.100000E+21
 0.384000E+04     0.229286E+03     0.229176E+03     0.228877E+03     0.228779E+03     0.228447E+03     0.228271E+03     0.227978E+03     0.227749E+03     0.227258E+03     0.226840E+03     0.226481E+03     0.226060E+03     0.225822E+03     0.225241E+03     0.224878E+03     0.224442E+03     0.223920E+03     0.223665E+03     0.223234E+03     0.222949E+03     0.222500E+03     0.222160E+03     0.221616E+03     0.221370E+03     0.221164E+03     0.220713E+03     0.220478E+03     0.220102E+03     0.219938E+03     0.219657E+03     0.219314E+03     0.219200E+03     0.218804E+03     0.218698E+03     0.218445E+03     0.218192E+03     0.218068E+03     0.217568E+03     0.217464E+03     0.217191E+03     0.216838E+03     0.217794E+03     0.217257E+03     0.217005E+03     0.218208E+03     0.217249E+03     0.218677E+03     0.218092E+03     0.217182E+03     0.217492E+03     0.216111E+03     0.215618E+03     0.215070E+03     0.213508E+03     0.212633E+03     0.211482E+03     0.210789E+03     0.209875E+03     0.209259E+03     0.208181E+03     0.207199E+03     0.206489E+03     0.205356E+03     0.204885E+03     0.204269E+03     0.203598E+03     0.203152E+03     0.203040E+03     0.202583E+03     0.203012E+03     0.202544E+03     0.201974E+03     0.202623E+03     0.201765E+03     0.202827E+03     0.202516E+03     0.202035E+03     0.202519E+03     0.202011E+03     0.203276E+03     0.203447E+03     0.203466E+03     0.204369E+03     0.204017E+03     0.203692E+03     0.203352E+03     0.203191E+03     0.201445E+03     0.201226E+03     0.200790E+03     0.200199E+03     0.200065E+03     0.199447E+03     0.199289E+03     0.198433E+03     0.195772E+03     0.195542E+03     0.192677E+03     0.192559E+03     0.191946E+03     0.189834E+03     0.189595E+03     0.185438E+03     0.184482E+03     0.183303E+03     0.180556E+03     0.180389E+03     0.179869E+03     0.179496E+03     0.179415E+03     0.180026E+03     0.179902E+03     0.179993E+03     0.180074E+03     0.180017E+03     0.179941E+03     0.179869E+03     0.179777E+03     0.179682E+03     0.179636E+03     0.179576E+03     0.179535E+03     0.179472E+03     0.179437E+03     0.179375E+03     0.100000E+21
 0.386000E+04     0.229281E+03     0.229179E+03     0.228870E+03     0.228779E+03     0.228438E+03     0.228269E+03     0.227978E+03     0.227757E+03     0.227258E+03     0.226814E+03     0.226481E+03     0.226060E+03     0.225827E+03     0.225241E+03     0.224916E+03     0.224442E+03     0.223912E+03     0.223665E+03     0.223234E+03     0.222964E+03     0.222487E+03     0.222172E+03     0.221612E+03     0.221370E+03     0.221171E+03     0.220691E+03     0.220478E+03     0.220095E+03     0.219934E+03     0.219657E+03     0.219309E+03     0.219200E+03     0.218788E+03     0.218692E+03     0.218445E+03     0.218199E+03     0.218068E+03     0.217516E+03     0.217477E+03     0.217182E+03     0.216838E+03     0.217794E+03     0.217294E+03     0.217177E+03     0.218229E+03     0.217249E+03     0.218677E+03     0.218116E+03     0.217319E+03     0.217545E+03     0.216093E+03     0.215603E+03     0.215084E+03     0.213459E+03     0.212633E+03     0.211448E+03     0.210788E+03     0.209875E+03     0.209280E+03     0.208181E+03     0.207130E+03     0.206489E+03     0.205348E+03     0.204885E+03     0.204269E+03     0.203660E+03     0.203204E+03     0.203025E+03     0.202583E+03     0.203012E+03     0.202567E+03     0.202142E+03     0.202646E+03     0.201757E+03     0.202827E+03     0.202525E+03     0.202072E+03     0.202519E+03     0.202000E+03     0.203135E+03     0.203447E+03     0.203502E+03     0.204369E+03     0.204001E+03     0.203694E+03     0.203352E+03     0.203195E+03     0.201445E+03     0.201251E+03     0.200778E+03     0.200195E+03     0.200065E+03     0.199447E+03     0.199299E+03     0.198127E+03     0.195778E+03     0.195542E+03     0.192677E+03     0.192563E+03     0.191718E+03     0.189847E+03     0.189592E+03     0.185980E+03     0.184484E+03     0.183170E+03     0.180556E+03     0.180383E+03     0.179888E+03     0.179496E+03     0.179417E+03     0.180026E+03     0.179891E+03     0.179996E+03     0.180073E+03     0.180017E+03     0.179941E+03     0.179874E+03     0.179777E+03     0.179680E+03     0.179636E+03     0.179576E+03     0.179537E+03     0.179472E+03     0.179440E+03     0.179375E+03     0.100000E+21
 0.388000E+04     0.229111E+03     0.228981E+03     0.228649E+03     0.228526E+03     0.228209E+03     0.228017E+03     0.227751E+03     0.227515E+03     0.227022E+03     0.226573E+03     0.226278E+03     0.225892E+03     0.225654E+03     0.225127E+03     0.224794E+03     0.224360E+03     0.223893E+03     0.223642E+03     0.223314E+03     0.223041E+03     0.222594E+03     0.222339E+03     0.221773E+03     0.221575E+03     0.221350E+03     0.220872E+03     0.220604E+03     0.220214E+03     0.219981E+03     0.219671E+03     0.219319E+03     0.219187E+03     0.218778E+03     0.218719E+03     0.218498E+03     0.218247E+03     0.218189E+03     0.217644E+03     0.217567E+03     0.217230E+03     0.216879E+03     0.217556E+03     0.217043E+03     0.216836E+03     0.217575E+03     0.216641E+03     0.217613E+03     0.217109E+03     0.216234E+03     0.216426E+03     0.215081E+03     0.214515E+03     0.214145E+03     0.212483E+03     0.211672E+03     0.210561E+03     0.209829E+03     0.208989E+03     0.208346E+03     0.207246E+03     0.206151E+03     0.205641E+03     0.204623E+03     0.204153E+03     0.203676E+03     0.203022E+03     0.202486E+03     0.202140E+03     0.201722E+03     0.202020E+03     0.201588E+03     0.201194E+03     0.201910E+03     0.201087E+03     0.202610E+03     0.202327E+03     0.202035E+03     0.203028E+03     0.202470E+03     0.203598E+03     0.203886E+03     0.203932E+03     0.204799E+03     0.204430E+03     0.204157E+03     0.203818E+03     0.203664E+03     0.202386E+03     0.202274E+03     0.201558E+03     0.200699E+03     0.200555E+03     0.199771E+03     0.199630E+03     0.198944E+03     0.197911E+03     0.197543E+03     0.195253E+03     0.194918E+03     0.194056E+03     0.191480E+03     0.191076E+03     0.187382E+03     0.185507E+03     0.184061E+03     0.180744E+03     0.180564E+03     0.179814E+03     0.179279E+03     0.179191E+03     0.179679E+03     0.179522E+03     0.179759E+03     0.179965E+03     0.179908E+03     0.179912E+03     0.179843E+03     0.179756E+03     0.179681E+03     0.179636E+03     0.179576E+03     0.179536E+03     0.179472E+03     0.179440E+03     0.179375E+03     0.100000E+21
 0.390000E+04     0.229063E+03     0.228827E+03     0.228480E+03     0.228373E+03     0.228011E+03     0.227848E+03     0.227553E+03     0.227352E+03     0.226866E+03     0.226378E+03     0.226130E+03     0.225746E+03     0.225524E+03     0.225045E+03     0.224770E+03     0.224316E+03     0.223851E+03     0.223621E+03     0.223370E+03     0.223132E+03     0.222674E+03     0.222493E+03     0.221897E+03     0.221702E+03     0.221517E+03     0.220937E+03     0.220683E+03     0.220284E+03     0.220032E+03     0.219683E+03     0.219306E+03     0.219180E+03     0.218733E+03     0.218720E+03     0.218543E+03     0.218311E+03     0.218274E+03     0.217659E+03     0.217652E+03     0.217241E+03     0.216914E+03     0.217385E+03     0.216954E+03     0.216718E+03     0.217140E+03     0.216114E+03     0.216921E+03     0.216412E+03     0.215682E+03     0.215783E+03     0.214193E+03     0.213815E+03     0.213403E+03     0.211705E+03     0.211088E+03     0.209829E+03     0.209180E+03     0.208217E+03     0.207667E+03     0.206611E+03     0.205456E+03     0.205023E+03     0.203970E+03     0.203524E+03     0.203242E+03     0.202726E+03     0.202019E+03     0.201380E+03     0.200971E+03     0.201339E+03     0.200944E+03     0.200819E+03     0.201450E+03     0.200495E+03     0.202478E+03     0.202196E+03     0.202247E+03     0.203339E+03     0.202796E+03     0.203725E+03     0.204266E+03     0.204361E+03     0.205076E+03     0.204676E+03     0.204490E+03     0.204222E+03     0.204073E+03     0.203065E+03     0.202901E+03     0.202043E+03     0.201105E+03     0.200983E+03     0.200003E+03     0.199874E+03     0.199622E+03     0.199513E+03     0.199263E+03     0.196885E+03     0.196781E+03     0.195004E+03     0.192539E+03     0.192256E+03     0.188862E+03     0.186384E+03     0.184153E+03     0.180860E+03     0.180676E+03     0.179852E+03     0.179089E+03     0.179015E+03     0.179438E+03     0.179290E+03     0.179604E+03     0.179868E+03     0.179814E+03     0.179890E+03     0.179833E+03     0.179748E+03     0.179677E+03     0.179636E+03     0.179576E+03     0.179541E+03     0.179472E+03     0.179444E+03     0.179373E+03     0.100000E+21
 0.392000E+04     0.229052E+03     0.228824E+03     0.228485E+03     0.228373E+03     0.228018E+03     0.227849E+03     0.227553E+03     0.227346E+03     0.226866E+03     0.226390E+03     0.226130E+03     0.225746E+03     0.225520E+03     0.225045E+03     0.224757E+03     0.224314E+03     0.223857E+03     0.223621E+03     0.223370E+03     0.223123E+03     0.222672E+03     0.222484E+03     0.221900E+03     0.221702E+03     0.221512E+03     0.220950E+03     0.220683E+03     0.220290E+03     0.220028E+03     0.219683E+03     0.219311E+03     0.219180E+03     0.218743E+03     0.218725E+03     0.218543E+03     0.218306E+03     0.218274E+03     0.217675E+03     0.217645E+03     0.217246E+03     0.216914E+03     0.217385E+03     0.216935E+03     0.216675E+03     0.217125E+03     0.216114E+03     0.216921E+03     0.216395E+03     0.215646E+03     0.215756E+03     0.214206E+03     0.213823E+03     0.213393E+03     0.211732E+03     0.211088E+03     0.209851E+03     0.209178E+03     0.208217E+03     0.207652E+03     0.206611E+03     0.205484E+03     0.205023E+03     0.203976E+03     0.203524E+03     0.203242E+03     0.202701E+03     0.202006E+03     0.201391E+03     0.200971E+03     0.201339E+03     0.200929E+03     0.200764E+03     0.201436E+03     0.200500E+03     0.202478E+03     0.202190E+03     0.202192E+03     0.203339E+03     0.202804E+03     0.203780E+03     0.204266E+03     0.204337E+03     0.205076E+03     0.204685E+03     0.204490E+03     0.204222E+03     0.204070E+03     0.203065E+03     0.202893E+03     0.202060E+03     0.201108E+03     0.200983E+03     0.200003E+03     0.199869E+03     0.199621E+03     0.199509E+03     0.199263E+03     0.196885E+03     0.196778E+03     0.195133E+03     0.192534E+03     0.192259E+03     0.188683E+03     0.186383E+03     0.184285E+03     0.180860E+03     0.180679E+03     0.179830E+03     0.179089E+03     0.179013E+03     0.179438E+03     0.179293E+03     0.179600E+03     0.179869E+03     0.179814E+03     0.179890E+03     0.179830E+03     0.179746E+03     0.179678E+03     0.179636E+03     0.179576E+03     0.179540E+03     0.179472E+03     0.179443E+03     0.179374E+03     0.100000E+21
 0.394000E+04     0.228898E+03     0.228647E+03     0.228302E+03     0.228110E+03     0.227773E+03     0.227536E+03     0.227210E+03     0.226984E+03     0.226494E+03     0.226052E+03     0.225780E+03     0.225416E+03     0.225180E+03     0.224831E+03     0.224506E+03     0.224169E+03     0.223853E+03     0.223601E+03     0.223602E+03     0.223328E+03     0.222968E+03     0.222927E+03     0.222374E+03     0.222258E+03     0.222053E+03     0.221513E+03     0.221129E+03     0.220751E+03     0.220312E+03     0.219909E+03     0.219510E+03     0.219271E+03     0.218862E+03     0.218868E+03     0.218702E+03     0.218449E+03     0.218601E+03     0.218050E+03     0.217975E+03     0.217638E+03     0.217287E+03     0.217487E+03     0.216982E+03     0.216454E+03     0.216558E+03     0.215589E+03     0.215731E+03     0.215156E+03     0.214265E+03     0.214157E+03     0.212717E+03     0.212355E+03     0.211884E+03     0.210345E+03     0.209677E+03     0.208505E+03     0.207785E+03     0.206843E+03     0.206234E+03     0.205054E+03     0.204006E+03     0.203558E+03     0.202625E+03     0.202155E+03     0.202123E+03     0.201512E+03     0.200834E+03     0.200257E+03     0.199805E+03     0.199688E+03     0.199235E+03     0.198710E+03     0.198872E+03     0.197994E+03     0.199567E+03     0.199258E+03     0.199720E+03     0.202572E+03     0.202059E+03     0.204314E+03     0.205229E+03     0.204990E+03     0.205227E+03     0.204860E+03     0.204219E+03     0.203601E+03     0.203440E+03     0.201978E+03     0.201784E+03     0.201229E+03     0.200538E+03     0.200405E+03     0.200007E+03     0.199856E+03     0.199010E+03     0.197517E+03     0.197283E+03     0.196213E+03     0.196096E+03     0.195270E+03     0.193513E+03     0.193260E+03     0.188764E+03     0.186787E+03     0.185137E+03     0.181558E+03     0.181387E+03     0.180013E+03     0.179023E+03     0.178942E+03     0.178932E+03     0.178798E+03     0.179157E+03     0.179523E+03     0.179466E+03     0.179774E+03     0.179707E+03     0.179668E+03     0.179681E+03     0.179636E+03     0.179576E+03     0.179536E+03     0.179472E+03     0.179439E+03     0.179375E+03     0.100000E+21
 0.396000E+04     0.228797E+03     0.228647E+03     0.228317E+03     0.228110E+03     0.227778E+03     0.227532E+03     0.227210E+03     0.226982E+03     0.226494E+03     0.226080E+03     0.225780E+03     0.225416E+03     0.225181E+03     0.224831E+03     0.224460E+03     0.224150E+03     0.223853E+03     0.223601E+03     0.223602E+03     0.223316E+03     0.222919E+03     0.222917E+03     0.222373E+03     0.222258E+03     0.222053E+03     0.221567E+03     0.221129E+03     0.220752E+03     0.220266E+03     0.219909E+03     0.219516E+03     0.219271E+03     0.218877E+03     0.218883E+03     0.218702E+03     0.218450E+03     0.218601E+03     0.218115E+03     0.217956E+03     0.217636E+03     0.217287E+03     0.217487E+03     0.216945E+03     0.216350E+03     0.216549E+03     0.215589E+03     0.215731E+03     0.215148E+03     0.214145E+03     0.214090E+03     0.212717E+03     0.212415E+03     0.211886E+03     0.210384E+03     0.209677E+03     0.208527E+03     0.207781E+03     0.206843E+03     0.206232E+03     0.205054E+03     0.204087E+03     0.203557E+03     0.202623E+03     0.202155E+03     0.202123E+03     0.201441E+03     0.200795E+03     0.200259E+03     0.199805E+03     0.199688E+03     0.199220E+03     0.198553E+03     0.198849E+03     0.197992E+03     0.199567E+03     0.199258E+03     0.199417E+03     0.202572E+03     0.202063E+03     0.204707E+03     0.205229E+03     0.204986E+03     0.205227E+03     0.204877E+03     0.204204E+03     0.203601E+03     0.203441E+03     0.201978E+03     0.201753E+03     0.201255E+03     0.200538E+03     0.200405E+03     0.200007E+03     0.199848E+03     0.199291E+03     0.197514E+03     0.197283E+03     0.196213E+03     0.196095E+03     0.195566E+03     0.193497E+03     0.193261E+03     0.187756E+03     0.186787E+03     0.185285E+03     0.181558E+03     0.181392E+03     0.179915E+03     0.179023E+03     0.178942E+03     0.178932E+03     0.178810E+03     0.179144E+03     0.179523E+03     0.179466E+03     0.179774E+03     0.179700E+03     0.179653E+03     0.179682E+03     0.179636E+03     0.179576E+03     0.179535E+03     0.179472E+03     0.179437E+03     0.179375E+03     0.100000E+21
 0.398000E+04     0.228924E+03     0.228668E+03     0.228306E+03     0.228092E+03     0.227753E+03     0.227491E+03     0.227144E+03     0.226921E+03     0.226397E+03     0.225950E+03     0.225674E+03     0.225300E+03     0.225064E+03     0.224736E+03     0.224422E+03     0.224101E+03     0.223811E+03     0.223559E+03     0.223660E+03     0.223389E+03     0.223069E+03     0.223099E+03     0.222549E+03     0.222490E+03     0.222299E+03     0.221733E+03     0.221351E+03     0.220982E+03     0.220490E+03     0.220059E+03     0.219623E+03     0.219319E+03     0.218907E+03     0.218899E+03     0.218725E+03     0.218473E+03     0.218680E+03     0.218115E+03     0.218093E+03     0.217800E+03     0.217451E+03     0.217644E+03     0.217145E+03     0.216579E+03     0.216589E+03     0.215618E+03     0.215540E+03     0.214963E+03     0.214036E+03     0.213798E+03     0.212324E+03     0.211973E+03     0.211481E+03     0.209975E+03     0.209391E+03     0.208201E+03     0.207540E+03     0.206618E+03     0.206016E+03     0.204944E+03     0.203883E+03     0.203434E+03     0.202483E+03     0.202013E+03     0.201964E+03     0.201372E+03     0.200682E+03     0.200083E+03     0.199629E+03     0.199260E+03     0.198807E+03     0.198186E+03     0.198059E+03     0.197140E+03     0.198645E+03     0.198278E+03     0.198654E+03     0.201034E+03     0.200445E+03     0.203024E+03     0.204151E+03     0.204279E+03     0.205235E+03     0.204865E+03     0.203925E+03     0.203014E+03     0.202858E+03     0.201184E+03     0.201028E+03     0.200467E+03     0.199801E+03     0.199660E+03     0.199110E+03     0.198973E+03     0.198305E+03     0.197238E+03     0.196993E+03     0.195342E+03     0.195185E+03     0.194307E+03     0.192501E+03     0.192192E+03     0.188438E+03     0.186576E+03     0.184945E+03     0.181532E+03     0.181359E+03     0.180117E+03     0.179195E+03     0.179112E+03     0.179009E+03     0.178870E+03     0.179203E+03     0.179528E+03     0.179471E+03     0.179776E+03     0.179710E+03     0.179672E+03     0.179681E+03     0.179636E+03     0.179576E+03     0.179537E+03     0.179472E+03     0.179440E+03     0.179375E+03     0.100000E+21
 0.400000E+04     0.228980E+03     0.228698E+03     0.228289E+03     0.228070E+03     0.227712E+03     0.227445E+03     0.227073E+03     0.226868E+03     0.226282E+03     0.225800E+03     0.225553E+03     0.225176E+03     0.224952E+03     0.224626E+03     0.224346E+03     0.224037E+03     0.223748E+03     0.223515E+03     0.223727E+03     0.223484E+03     0.223220E+03     0.223318E+03     0.222728E+03     0.222773E+03     0.222585E+03     0.221963E+03     0.221620E+03     0.221224E+03     0.220733E+03     0.220220E+03     0.219721E+03     0.219379E+03     0.218937E+03     0.218925E+03     0.218749E+03     0.218515E+03     0.218770E+03     0.218163E+03     0.218246E+03     0.217954E+03     0.217625E+03     0.217825E+03     0.217386E+03     0.216759E+03     0.216667E+03     0.215648E+03     0.215311E+03     0.214794E+03     0.213774E+03     0.213427E+03     0.211855E+03     0.211489E+03     0.211078E+03     0.209498E+03     0.209040E+03     0.207791E+03     0.207248E+03     0.206379E+03     0.205822E+03     0.204814E+03     0.203671E+03     0.203293E+03     0.202311E+03     0.201862E+03     0.201782E+03     0.201254E+03     0.200523E+03     0.199857E+03     0.199443E+03     0.198757E+03     0.198355E+03     0.197534E+03     0.197149E+03     0.196203E+03     0.197515E+03     0.197230E+03     0.197548E+03     0.199151E+03     0.198612E+03     0.201247E+03     0.203004E+03     0.203614E+03     0.205246E+03     0.204850E+03     0.203616E+03     0.202391E+03     0.202241E+03     0.200269E+03     0.200101E+03     0.199570E+03     0.198994E+03     0.198871E+03     0.198073E+03     0.197942E+03     0.197424E+03     0.196932E+03     0.196684E+03     0.194290E+03     0.194184E+03     0.192979E+03     0.191290E+03     0.191011E+03     0.188258E+03     0.186354E+03     0.184431E+03     0.181499E+03     0.181316E+03     0.180290E+03     0.179378E+03     0.179303E+03     0.179098E+03     0.178952E+03     0.179263E+03     0.179530E+03     0.179476E+03     0.179779E+03     0.179720E+03     0.179684E+03     0.179677E+03     0.179636E+03     0.179576E+03     0.179541E+03     0.179472E+03     0.179444E+03     0.179374E+03     0.100000E+21
 0.402000E+04     0.228985E+03     0.228698E+03     0.228286E+03     0.228070E+03     0.227709E+03     0.227446E+03     0.227073E+03     0.226870E+03     0.226282E+03     0.225796E+03     0.225553E+03     0.225176E+03     0.224953E+03     0.224626E+03     0.224350E+03     0.224040E+03     0.223746E+03     0.223515E+03     0.223727E+03     0.223488E+03     0.223226E+03     0.223321E+03     0.222727E+03     0.222773E+03     0.222587E+03     0.221958E+03     0.221620E+03     0.221222E+03     0.220738E+03     0.220220E+03     0.219716E+03     0.219379E+03     0.218933E+03     0.218924E+03     0.218749E+03     0.218516E+03     0.218770E+03     0.218157E+03     0.218249E+03     0.217952E+03     0.217625E+03     0.217825E+03     0.217392E+03     0.216765E+03     0.216672E+03     0.215648E+03     0.215311E+03     0.214799E+03     0.213777E+03     0.213435E+03     0.211851E+03     0.211486E+03     0.211081E+03     0.209492E+03     0.209040E+03     0.207783E+03     0.207247E+03     0.206379E+03     0.205827E+03     0.204814E+03     0.203662E+03     0.203293E+03     0.202309E+03     0.201862E+03     0.201782E+03     0.201262E+03     0.200526E+03     0.199853E+03     0.199443E+03     0.198757E+03     0.198360E+03     0.197533E+03     0.197154E+03     0.196201E+03     0.197515E+03     0.197232E+03     0.197574E+03     0.199151E+03     0.198609E+03     0.201204E+03     0.203004E+03     0.203632E+03     0.205246E+03     0.204847E+03     0.203622E+03     0.202391E+03     0.202241E+03     0.200269E+03     0.200104E+03     0.199568E+03     0.198993E+03     0.198871E+03     0.198073E+03     0.197944E+03     0.197418E+03     0.196933E+03     0.196684E+03     0.194290E+03     0.194185E+03     0.192951E+03     0.191291E+03     0.191010E+03     0.188304E+03     0.186354E+03     0.184392E+03     0.181499E+03     0.181315E+03     0.180300E+03     0.179378E+03     0.179304E+03     0.179098E+03     0.178951E+03     0.179265E+03     0.179530E+03     0.179476E+03     0.179779E+03     0.179721E+03     0.179685E+03     0.179677E+03     0.179636E+03     0.179576E+03     0.179541E+03     0.179472E+03     0.179444E+03     0.179373E+03     0.100000E+21
 0.404000E+04     0.229074E+03     0.228881E+03     0.228497E+03     0.228224E+03     0.227886E+03     0.227554E+03     0.227169E+03     0.226944E+03     0.226297E+03     0.225848E+03     0.225520E+03     0.225100E+03     0.224863E+03     0.224472E+03     0.224155E+03     0.223853E+03     0.223590E+03     0.223338E+03     0.223620E+03     0.223349E+03     0.223118E+03     0.223333E+03     0.222776E+03     0.222969E+03     0.222765E+03     0.222233E+03     0.221909E+03     0.221529E+03     0.220952E+03     0.220463E+03     0.219947E+03     0.219444E+03     0.219031E+03     0.218897E+03     0.218626E+03     0.218374E+03     0.218604E+03     0.218042E+03     0.218102E+03     0.217908E+03     0.217558E+03     0.217824E+03     0.217330E+03     0.216705E+03     0.216593E+03     0.215621E+03     0.215070E+03     0.214500E+03     0.213434E+03     0.212875E+03     0.211418E+03     0.210990E+03     0.210501E+03     0.209110E+03     0.208837E+03     0.207656E+03     0.207381E+03     0.206720E+03     0.206114E+03     0.205456E+03     0.204392E+03     0.203971E+03     0.203047E+03     0.202577E+03     0.202324E+03     0.201727E+03     0.201039E+03     0.200443E+03     0.199993E+03     0.199119E+03     0.198671E+03     0.197685E+03     0.196781E+03     0.195895E+03     0.195615E+03     0.195308E+03     0.195593E+03     0.197781E+03     0.197266E+03     0.199535E+03     0.200581E+03     0.200875E+03     0.202328E+03     0.201958E+03     0.201633E+03     0.201271E+03     0.201111E+03     0.197508E+03     0.197319E+03     0.196881E+03     0.196369E+03     0.196236E+03     0.196342E+03     0.196194E+03     0.195681E+03     0.195006E+03     0.194771E+03     0.193396E+03     0.193280E+03     0.192184E+03     0.189970E+03     0.189713E+03     0.186510E+03     0.184912E+03     0.183696E+03     0.181307E+03     0.181134E+03     0.180318E+03     0.179681E+03     0.179601E+03     0.179446E+03     0.179309E+03     0.179502E+03     0.179672E+03     0.179615E+03     0.179807E+03     0.179741E+03     0.179692E+03     0.179681E+03     0.179636E+03     0.179576E+03     0.179537E+03     0.179472E+03     0.179440E+03     0.179375E+03     0.100000E+21
 0.406000E+04     0.229043E+03     0.228882E+03     0.228515E+03     0.228224E+03     0.227889E+03     0.227540E+03     0.227169E+03     0.226944E+03     0.226297E+03     0.225869E+03     0.225520E+03     0.225100E+03     0.224865E+03     0.224472E+03     0.224126E+03     0.223833E+03     0.223588E+03     0.223338E+03     0.223620E+03     0.223340E+03     0.223042E+03     0.223325E+03     0.222775E+03     0.222969E+03     0.222765E+03     0.222268E+03     0.221909E+03     0.221530E+03     0.220896E+03     0.220463E+03     0.219957E+03     0.219444E+03     0.219043E+03     0.218903E+03     0.218626E+03     0.218376E+03     0.218604E+03     0.218080E+03     0.218080E+03     0.217905E+03     0.217558E+03     0.217824E+03     0.217301E+03     0.216652E+03     0.216588E+03     0.215621E+03     0.215070E+03     0.214495E+03     0.213425E+03     0.212822E+03     0.211415E+03     0.211017E+03     0.210506E+03     0.209123E+03     0.208837E+03     0.207673E+03     0.207415E+03     0.206720E+03     0.206115E+03     0.205456E+03     0.204448E+03     0.203970E+03     0.203043E+03     0.202577E+03     0.202324E+03     0.201677E+03     0.201007E+03     0.200443E+03     0.199993E+03     0.199119E+03     0.198660E+03     0.197775E+03     0.196762E+03     0.195892E+03     0.195615E+03     0.195309E+03     0.195404E+03     0.197781E+03     0.197268E+03     0.199856E+03     0.200581E+03     0.200861E+03     0.202328E+03     0.201970E+03     0.201630E+03     0.201271E+03     0.201113E+03     0.197508E+03     0.197301E+03     0.196894E+03     0.196368E+03     0.196236E+03     0.196342E+03     0.196187E+03     0.195765E+03     0.195003E+03     0.194771E+03     0.193396E+03     0.193280E+03     0.192463E+03     0.189958E+03     0.189713E+03     0.186004E+03     0.184913E+03     0.183775E+03     0.181307E+03     0.181138E+03     0.180269E+03     0.179681E+03     0.179601E+03     0.179446E+03     0.179317E+03     0.179495E+03     0.179671E+03     0.179615E+03     0.179807E+03     0.179736E+03     0.179682E+03     0.179681E+03     0.179636E+03     0.179576E+03     0.179536E+03     0.179472E+03     0.179438E+03     0.179375E+03     0.100000E+21
 0.408000E+04     0.229089E+03     0.228978E+03     0.228590E+03     0.228290E+03     0.227985E+03     0.227627E+03     0.227284E+03     0.227045E+03     0.226369E+03     0.225931E+03     0.225584E+03     0.225153E+03     0.224915E+03     0.224454E+03     0.224119E+03     0.223795E+03     0.223498E+03     0.223238E+03     0.223504E+03     0.223225E+03     0.222974E+03     0.223203E+03     0.222630E+03     0.222900E+03     0.222662E+03     0.222203E+03     0.221884E+03     0.221498E+03     0.220908E+03     0.220477E+03     0.219965E+03     0.219438E+03     0.219036E+03     0.218853E+03     0.218522E+03     0.218274E+03     0.218443E+03     0.217959E+03     0.217905E+03     0.217671E+03     0.217312E+03     0.217631E+03     0.217141E+03     0.216510E+03     0.216384E+03     0.215393E+03     0.214894E+03     0.214268E+03     0.213260E+03     0.212611E+03     0.211125E+03     0.210808E+03     0.210164E+03     0.208880E+03     0.208692E+03     0.207478E+03     0.207374E+03     0.206838E+03     0.206216E+03     0.205882E+03     0.204785E+03     0.204475E+03     0.203683E+03     0.203212E+03     0.202670E+03     0.201941E+03     0.201290E+03     0.200724E+03     0.200293E+03     0.199440E+03     0.199001E+03     0.197997E+03     0.197088E+03     0.196298E+03     0.195721E+03     0.195471E+03     0.195294E+03     0.197231E+03     0.196475E+03     0.199316E+03     0.200137E+03     0.200394E+03     0.201887E+03     0.201518E+03     0.200727E+03     0.199769E+03     0.199654E+03     0.196771E+03     0.196800E+03     0.195972E+03     0.195000E+03     0.194799E+03     0.195289E+03     0.195229E+03     0.195029E+03     0.194315E+03     0.193966E+03     0.192829E+03     0.192503E+03     0.191893E+03     0.189533E+03     0.189123E+03     0.185861E+03     0.184558E+03     0.183585E+03     0.181306E+03     0.181136E+03     0.180392E+03     0.179932E+03     0.179835E+03     0.179578E+03     0.179414E+03     0.179587E+03     0.179713E+03     0.179656E+03     0.179808E+03     0.179738E+03     0.179685E+03     0.179682E+03     0.179636E+03     0.179576E+03     0.179536E+03     0.179472E+03     0.179438E+03     0.179375E+03     0.100000E+21
 0.410000E+04     0.229237E+03     0.229120E+03     0.228722E+03     0.228479E+03     0.228129E+03     0.227820E+03     0.227433E+03     0.227221E+03     0.226526E+03     0.226059E+03     0.225695E+03     0.225222E+03     0.224993E+03     0.224423E+03     0.224125E+03     0.223737E+03     0.223350E+03     0.223111E+03     0.223284E+03     0.223030E+03     0.222804E+03     0.223003E+03     0.222427E+03     0.222718E+03     0.222525E+03     0.222018E+03     0.221822E+03     0.221432E+03     0.220959E+03     0.220496E+03     0.219934E+03     0.219424E+03     0.218995E+03     0.218755E+03     0.218389E+03     0.218149E+03     0.218146E+03     0.217561E+03     0.217608E+03     0.217332E+03     0.216996E+03     0.217288E+03     0.216824E+03     0.216193E+03     0.216100E+03     0.215099E+03     0.214492E+03     0.213954E+03     0.212810E+03     0.212189E+03     0.210668E+03     0.210216E+03     0.209734E+03     0.208383E+03     0.208282E+03     0.207062E+03     0.207292E+03     0.206988E+03     0.206414E+03     0.206755E+03     0.205649E+03     0.205353E+03     0.204500E+03     0.204044E+03     0.203272E+03     0.202711E+03     0.201891E+03     0.201103E+03     0.200676E+03     0.200081E+03     0.199660E+03     0.198614E+03     0.197749E+03     0.196828E+03     0.196018E+03     0.195725E+03     0.195298E+03     0.195705E+03     0.195175E+03     0.197992E+03     0.199562E+03     0.199779E+03     0.200846E+03     0.200462E+03     0.199114E+03     0.197839E+03     0.197685E+03     0.195452E+03     0.195274E+03     0.194281E+03     0.193090E+03     0.192964E+03     0.193372E+03     0.193233E+03     0.193093E+03     0.193156E+03     0.192914E+03     0.191430E+03     0.191321E+03     0.190266E+03     0.188512E+03     0.188243E+03     0.185615E+03     0.184092E+03     0.183012E+03     0.181302E+03     0.181124E+03     0.180662E+03     0.180252E+03     0.180175E+03     0.179834E+03     0.179693E+03     0.179754E+03     0.179765E+03     0.179710E+03     0.179810E+03     0.179748E+03     0.179697E+03     0.179679E+03     0.179636E+03     0.179576E+03     0.179539E+03     0.179472E+03     0.179442E+03     0.179374E+03     0.100000E+21
 0.412000E+04     0.229239E+03     0.229123E+03     0.228704E+03     0.228479E+03     0.228118E+03     0.227828E+03     0.227433E+03     0.227230E+03     0.226526E+03     0.226039E+03     0.225696E+03     0.225222E+03     0.224999E+03     0.224423E+03     0.224147E+03     0.223745E+03     0.223341E+03     0.223111E+03     0.223284E+03     0.223046E+03     0.222842E+03     0.223017E+03     0.222422E+03     0.222718E+03     0.222533E+03     0.222002E+03     0.221822E+03     0.221423E+03     0.220983E+03     0.220496E+03     0.219905E+03     0.219424E+03     0.218978E+03     0.218754E+03     0.218389E+03     0.218157E+03     0.218146E+03     0.217532E+03     0.217623E+03     0.217323E+03     0.216996E+03     0.217288E+03     0.216857E+03     0.216224E+03     0.216124E+03     0.215099E+03     0.214492E+03     0.213981E+03     0.212806E+03     0.212235E+03     0.210648E+03     0.210206E+03     0.209749E+03     0.208376E+03     0.208282E+03     0.207024E+03     0.207239E+03     0.206988E+03     0.206438E+03     0.206755E+03     0.205602E+03     0.205354E+03     0.204491E+03     0.204044E+03     0.203272E+03     0.202754E+03     0.201902E+03     0.201085E+03     0.200676E+03     0.200081E+03     0.199685E+03     0.198569E+03     0.197774E+03     0.196820E+03     0.196018E+03     0.195736E+03     0.195330E+03     0.195705E+03     0.195162E+03     0.197752E+03     0.199562E+03     0.199833E+03     0.200846E+03     0.200447E+03     0.199144E+03     0.197839E+03     0.197689E+03     0.195452E+03     0.195288E+03     0.194242E+03     0.193086E+03     0.192964E+03     0.193372E+03     0.193242E+03     0.193109E+03     0.193163E+03     0.192914E+03     0.191430E+03     0.191326E+03     0.190122E+03     0.188521E+03     0.188239E+03     0.185838E+03     0.184094E+03     0.182906E+03     0.181302E+03     0.181118E+03     0.180681E+03     0.180252E+03     0.180178E+03     0.179834E+03     0.179687E+03     0.179756E+03     0.179764E+03     0.179710E+03     0.179810E+03     0.179752E+03     0.179703E+03     0.179677E+03     0.179636E+03     0.179576E+03     0.179541E+03     0.179472E+03     0.179444E+03     0.179373E+03     0.100000E+21
 0.414000E+04     0.229369E+03     0.229291E+03     0.228941E+03     0.228716E+03     0.228381E+03     0.228090E+03     0.227741E+03     0.227513E+03     0.226873E+03     0.226439E+03     0.226013E+03     0.225516E+03     0.225279E+03     0.224546E+03     0.224209E+03     0.223753E+03     0.223238E+03     0.222985E+03     0.222913E+03     0.222634E+03     0.222320E+03     0.222441E+03     0.221892E+03     0.222143E+03     0.221937E+03     0.221504E+03     0.221391E+03     0.221014E+03     0.220654E+03     0.220299E+03     0.219813E+03     0.219343E+03     0.218940E+03     0.218602E+03     0.218185E+03     0.217932E+03     0.217662E+03     0.217125E+03     0.216991E+03     0.216610E+03     0.216258E+03     0.216424E+03     0.215907E+03     0.215268E+03     0.215171E+03     0.214207E+03     0.213618E+03     0.213038E+03     0.211927E+03     0.211175E+03     0.209758E+03     0.209175E+03     0.208615E+03     0.207311E+03     0.207237E+03     0.206073E+03     0.206578E+03     0.206336E+03     0.205724E+03     0.206923E+03     0.205897E+03     0.206136E+03     0.205930E+03     0.205459E+03     0.205303E+03     0.204672E+03     0.203510E+03     0.202032E+03     0.201577E+03     0.200583E+03     0.200124E+03     0.199363E+03     0.198897E+03     0.198027E+03     0.197522E+03     0.197213E+03     0.196633E+03     0.196732E+03     0.196221E+03     0.196464E+03     0.196333E+03     0.196827E+03     0.198850E+03     0.198489E+03     0.198121E+03     0.197735E+03     0.197574E+03     0.193495E+03     0.193293E+03     0.192449E+03     0.191309E+03     0.191176E+03     0.190205E+03     0.190052E+03     0.189716E+03     0.189312E+03     0.189080E+03     0.188148E+03     0.188031E+03     0.187354E+03     0.185754E+03     0.185506E+03     0.183803E+03     0.183144E+03     0.182627E+03     0.181815E+03     0.181646E+03     0.181306E+03     0.181025E+03     0.180944E+03     0.180477E+03     0.180346E+03     0.180205E+03     0.180006E+03     0.179949E+03     0.179873E+03     0.179804E+03     0.179731E+03     0.179682E+03     0.179636E+03     0.179576E+03     0.179536E+03     0.179472E+03     0.179439E+03     0.179375E+03     0.100000E+21
 0.416000E+04     0.229357E+03     0.229295E+03     0.228925E+03     0.228716E+03     0.228369E+03     0.228096E+03     0.227741E+03     0.227525E+03     0.226873E+03     0.226414E+03     0.226014E+03     0.225516E+03     0.225286E+03     0.224546E+03     0.224239E+03     0.223754E+03     0.223227E+03     0.222985E+03     0.222913E+03     0.222652E+03     0.222358E+03     0.222457E+03     0.221886E+03     0.222143E+03     0.221947E+03     0.221494E+03     0.221391E+03     0.221003E+03     0.220669E+03     0.220299E+03     0.219785E+03     0.219343E+03     0.218920E+03     0.218605E+03     0.218185E+03     0.217942E+03     0.217662E+03     0.217088E+03     0.217002E+03     0.216597E+03     0.216258E+03     0.216424E+03     0.215946E+03     0.215304E+03     0.215199E+03     0.214207E+03     0.213618E+03     0.213070E+03     0.211916E+03     0.211227E+03     0.209732E+03     0.209175E+03     0.208634E+03     0.207306E+03     0.207237E+03     0.206030E+03     0.206505E+03     0.206336E+03     0.205753E+03     0.206923E+03     0.205837E+03     0.206139E+03     0.205918E+03     0.205459E+03     0.205303E+03     0.204725E+03     0.203474E+03     0.202010E+03     0.201577E+03     0.200583E+03     0.200152E+03     0.199357E+03     0.198924E+03     0.198016E+03     0.197522E+03     0.197226E+03     0.196641E+03     0.196732E+03     0.196206E+03     0.196422E+03     0.196333E+03     0.196938E+03     0.198850E+03     0.198471E+03     0.198124E+03     0.197735E+03     0.197580E+03     0.193495E+03     0.193311E+03     0.192414E+03     0.191304E+03     0.191176E+03     0.190205E+03     0.190062E+03     0.189690E+03     0.189320E+03     0.189080E+03     0.188148E+03     0.188037E+03     0.187213E+03     0.185765E+03     0.185501E+03     0.183963E+03     0.183147E+03     0.182576E+03     0.181815E+03     0.181639E+03     0.181318E+03     0.181025E+03     0.180947E+03     0.180477E+03     0.180338E+03     0.180204E+03     0.180004E+03     0.179949E+03     0.179873E+03     0.179810E+03     0.179734E+03     0.179679E+03     0.179636E+03     0.179576E+03     0.179538E+03     0.179472E+03     0.179441E+03     0.179374E+03     0.100000E+21
 0.418000E+04     0.229400E+03     0.229319E+03     0.228977E+03     0.228722E+03     0.228429E+03     0.228130E+03     0.227836E+03     0.227593E+03     0.226947E+03     0.226518E+03     0.226117E+03     0.225660E+03     0.225420E+03     0.224628E+03     0.224196E+03     0.223800E+03     0.223262E+03     0.223011E+03     0.222857E+03     0.222571E+03     0.222217E+03     0.222299E+03     0.221711E+03     0.222064E+03     0.221716E+03     0.221406E+03     0.221311E+03     0.220826E+03     0.220565E+03     0.220187E+03     0.219763E+03     0.219339E+03     0.218943E+03     0.218596E+03     0.218184E+03     0.217931E+03     0.217598E+03     0.217176E+03     0.216873E+03     0.216406E+03     0.216046E+03     0.216188E+03     0.215713E+03     0.215059E+03     0.214864E+03     0.213840E+03     0.213423E+03     0.212723E+03     0.211855E+03     0.210930E+03     0.209419E+03     0.209103E+03     0.208228E+03     0.207014E+03     0.207169E+03     0.205719E+03     0.206301E+03     0.205774E+03     0.205225E+03     0.206658E+03     0.205811E+03     0.205872E+03     0.205669E+03     0.205199E+03     0.205274E+03     0.204605E+03     0.203640E+03     0.202371E+03     0.201958E+03     0.200724E+03     0.200273E+03     0.199393E+03     0.198861E+03     0.197996E+03     0.197560E+03     0.197394E+03     0.196758E+03     0.196805E+03     0.196475E+03     0.196691E+03     0.196704E+03     0.196674E+03     0.198367E+03     0.197966E+03     0.197340E+03     0.196648E+03     0.196535E+03     0.193328E+03     0.193239E+03     0.192104E+03     0.190497E+03     0.190305E+03     0.189446E+03     0.189406E+03     0.189325E+03     0.188373E+03     0.187893E+03     0.187639E+03     0.187008E+03     0.187200E+03     0.185461E+03     0.184961E+03     0.183462E+03     0.183214E+03     0.182784E+03     0.181914E+03     0.181899E+03     0.181573E+03     0.181456E+03     0.181335E+03     0.180735E+03     0.180444E+03     0.180414E+03     0.180166E+03     0.180112E+03     0.179896E+03     0.179813E+03     0.179737E+03     0.179682E+03     0.179636E+03     0.179576E+03     0.179535E+03     0.179472E+03     0.179437E+03     0.179375E+03     0.100000E+21
 0.420000E+04     0.229423E+03     0.229367E+03     0.229030E+03     0.228857E+03     0.228518E+03     0.228296E+03     0.227977E+03     0.227755E+03     0.227203E+03     0.226763E+03     0.226358E+03     0.225875E+03     0.225642E+03     0.224815E+03     0.224485E+03     0.223944E+03     0.223298E+03     0.223049E+03     0.222710E+03     0.222436E+03     0.222054E+03     0.221984E+03     0.221427E+03     0.221528E+03     0.221327E+03     0.220905E+03     0.220844E+03     0.220462E+03     0.220297E+03     0.220017E+03     0.219598E+03     0.219316E+03     0.218908E+03     0.218591E+03     0.218184E+03     0.217935E+03     0.217441E+03     0.216896E+03     0.216637E+03     0.216076E+03     0.215730E+03     0.215637E+03     0.215130E+03     0.214447E+03     0.214265E+03     0.213291E+03     0.212682E+03     0.212114E+03     0.210992E+03     0.210264E+03     0.208824E+03     0.208193E+03     0.207621E+03     0.206237E+03     0.205982E+03     0.204805E+03     0.205229E+03     0.204947E+03     0.204348E+03     0.205867E+03     0.204828E+03     0.205278E+03     0.205268E+03     0.204803E+03     0.205208E+03     0.204588E+03     0.203779E+03     0.202965E+03     0.202520E+03     0.201124E+03     0.200674E+03     0.199747E+03     0.198826E+03     0.197943E+03     0.198015E+03     0.197711E+03     0.197197E+03     0.197491E+03     0.196974E+03     0.197332E+03     0.197260E+03     0.196749E+03     0.196361E+03     0.195996E+03     0.195516E+03     0.195035E+03     0.194877E+03     0.192931E+03     0.192733E+03     0.191229E+03     0.189153E+03     0.189021E+03     0.187593E+03     0.187442E+03     0.186992E+03     0.186321E+03     0.186086E+03     0.185191E+03     0.185076E+03     0.184729E+03     0.184233E+03     0.183981E+03     0.183539E+03     0.183324E+03     0.183005E+03     0.182736E+03     0.182564E+03     0.182316E+03     0.182090E+03     0.182011E+03     0.181431E+03     0.181299E+03     0.180905E+03     0.180414E+03     0.180358E+03     0.179948E+03     0.179880E+03     0.179782E+03     0.179681E+03     0.179636E+03     0.179576E+03     0.179537E+03     0.179472E+03     0.179439E+03     0.179375E+03     0.100000E+21
 0.422000E+04     0.229394E+03     0.229373E+03     0.229009E+03     0.228857E+03     0.228501E+03     0.228298E+03     0.227977E+03     0.227771E+03     0.227203E+03     0.226725E+03     0.226360E+03     0.225875E+03     0.225650E+03     0.224815E+03     0.224530E+03     0.223933E+03     0.223284E+03     0.223049E+03     0.222710E+03     0.222464E+03     0.222083E+03     0.222007E+03     0.221421E+03     0.221528E+03     0.221339E+03     0.220896E+03     0.220844E+03     0.220449E+03     0.220292E+03     0.220017E+03     0.219573E+03     0.219316E+03     0.218878E+03     0.218594E+03     0.218184E+03     0.217947E+03     0.217441E+03     0.216839E+03     0.216648E+03     0.216061E+03     0.215730E+03     0.215637E+03     0.215191E+03     0.214495E+03     0.214305E+03     0.213291E+03     0.212682E+03     0.212158E+03     0.210977E+03     0.210350E+03     0.208792E+03     0.208202E+03     0.207644E+03     0.206208E+03     0.205982E+03     0.204741E+03     0.205107E+03     0.204947E+03     0.204385E+03     0.205867E+03     0.204734E+03     0.205285E+03     0.205255E+03     0.204803E+03     0.205208E+03     0.204671E+03     0.203793E+03     0.202937E+03     0.202520E+03     0.201124E+03     0.200717E+03     0.199655E+03     0.198870E+03     0.197931E+03     0.198015E+03     0.197728E+03     0.197237E+03     0.197491E+03     0.196954E+03     0.197242E+03     0.197260E+03     0.196719E+03     0.196361E+03     0.195969E+03     0.195528E+03     0.195035E+03     0.194884E+03     0.192931E+03     0.192760E+03     0.191088E+03     0.189146E+03     0.189021E+03     0.187593E+03     0.187459E+03     0.186904E+03     0.186333E+03     0.186086E+03     0.185191E+03     0.185084E+03     0.184669E+03     0.184251E+03     0.183974E+03     0.183596E+03     0.183327E+03     0.182978E+03     0.182736E+03     0.182554E+03     0.182330E+03     0.182090E+03     0.182015E+03     0.181431E+03     0.181286E+03     0.180893E+03     0.180412E+03     0.180358E+03     0.179948E+03     0.179889E+03     0.179781E+03     0.179678E+03     0.179636E+03     0.179576E+03     0.179540E+03     0.179472E+03     0.179443E+03     0.179374E+03     0.100000E+21
 0.424000E+04     0.229458E+03     0.229352E+03     0.229032E+03     0.228885E+03     0.228545E+03     0.228364E+03     0.228044E+03     0.227821E+03     0.227374E+03     0.226971E+03     0.226547E+03     0.226065E+03     0.225831E+03     0.225050E+03     0.224747E+03     0.224176E+03     0.223460E+03     0.223197E+03     0.222754E+03     0.222468E+03     0.222057E+03     0.221843E+03     0.221318E+03     0.221182E+03     0.221068E+03     0.220587E+03     0.220483E+03     0.220193E+03     0.220105E+03     0.219893E+03     0.219511E+03     0.219388E+03     0.218987E+03     0.218708E+03     0.218313E+03     0.218065E+03     0.217522E+03     0.217079E+03     0.216647E+03     0.216010E+03     0.215661E+03     0.215400E+03     0.214828E+03     0.214115E+03     0.213926E+03     0.213002E+03     0.212283E+03     0.211760E+03     0.210557E+03     0.209858E+03     0.208554E+03     0.207749E+03     0.207327E+03     0.205883E+03     0.205320E+03     0.204347E+03     0.204517E+03     0.204232E+03     0.203560E+03     0.204496E+03     0.203322E+03     0.203994E+03     0.204148E+03     0.203678E+03     0.203913E+03     0.202908E+03     0.202354E+03     0.201719E+03     0.201355E+03     0.200030E+03     0.199612E+03     0.198488E+03     0.198151E+03     0.197397E+03     0.197652E+03     0.197459E+03     0.196907E+03     0.197451E+03     0.196954E+03     0.197513E+03     0.197370E+03     0.196821E+03     0.196178E+03     0.195834E+03     0.194694E+03     0.193938E+03     0.193745E+03     0.191017E+03     0.190055E+03     0.189755E+03     0.188445E+03     0.188342E+03     0.186523E+03     0.186293E+03     0.185763E+03     0.185033E+03     0.184959E+03     0.183863E+03     0.184026E+03     0.183500E+03     0.183830E+03     0.183677E+03     0.184129E+03     0.183852E+03     0.183667E+03     0.183739E+03     0.183384E+03     0.183095E+03     0.182729E+03     0.182687E+03     0.182104E+03     0.182154E+03     0.181405E+03     0.180686E+03     0.180624E+03     0.179995E+03     0.179930E+03     0.179824E+03     0.179682E+03     0.179636E+03     0.179576E+03     0.179535E+03     0.179472E+03     0.179437E+03     0.179375E+03     0.100000E+21
 0.426000E+04     0.229381E+03     0.229352E+03     0.229006E+03     0.228886E+03     0.228530E+03     0.228375E+03     0.228089E+03     0.227882E+03     0.227425E+03     0.226947E+03     0.226632E+03     0.226194E+03     0.225968E+03     0.225153E+03     0.224868E+03     0.224231E+03     0.223533E+03     0.223298E+03     0.222772E+03     0.222526E+03     0.222048E+03     0.221823E+03     0.221236E+03     0.221132E+03     0.220943E+03     0.220491E+03     0.220422E+03     0.220027E+03     0.219999E+03     0.219810E+03     0.219471E+03     0.219402E+03     0.218963E+03     0.218751E+03     0.218402E+03     0.218165E+03     0.217555E+03     0.216953E+03     0.216653E+03     0.215945E+03     0.215613E+03     0.215297E+03     0.214851E+03     0.214097E+03     0.213822E+03     0.212808E+03     0.212178E+03     0.211655E+03     0.210493E+03     0.209900E+03     0.208342E+03     0.207743E+03     0.207179E+03     0.205662E+03     0.205291E+03     0.204050E+03     0.204125E+03     0.203740E+03     0.203179E+03     0.204030E+03     0.202898E+03     0.203431E+03     0.203383E+03     0.202931E+03     0.203334E+03     0.202798E+03     0.201880E+03     0.200973E+03     0.200555E+03     0.199640E+03     0.199233E+03     0.198395E+03     0.197969E+03     0.197030E+03     0.197624E+03     0.197337E+03     0.196972E+03     0.197447E+03     0.196910E+03     0.197332E+03     0.197444E+03     0.196755E+03     0.196134E+03     0.195741E+03     0.194452E+03     0.193190E+03     0.193039E+03     0.190199E+03     0.190028E+03     0.189080E+03     0.188000E+03     0.187875E+03     0.186077E+03     0.185944E+03     0.185244E+03     0.184457E+03     0.184210E+03     0.183585E+03     0.183478E+03     0.183479E+03     0.183772E+03     0.183496E+03     0.183936E+03     0.184202E+03     0.183942E+03     0.183857E+03     0.183675E+03     0.183427E+03     0.183168E+03     0.183093E+03     0.182358E+03     0.182213E+03     0.181588E+03     0.180859E+03     0.180804E+03     0.180016E+03     0.179957E+03     0.179820E+03     0.179678E+03     0.179636E+03     0.179576E+03     0.179540E+03     0.179472E+03     0.179443E+03     0.179374E+03     0.100000E+21
 0.428000E+04     0.229398E+03     0.229320E+03     0.229006E+03     0.228875E+03     0.228532E+03     0.228373E+03     0.228090E+03     0.227867E+03     0.227449E+03     0.227009E+03     0.226676E+03     0.226276E+03     0.226040E+03     0.225243E+03     0.224891E+03     0.224335E+03     0.223661E+03     0.223423E+03     0.222840E+03     0.222568E+03     0.222089E+03     0.221823E+03     0.221272E+03     0.221107E+03     0.220894E+03     0.220468E+03     0.220378E+03     0.219978E+03     0.219997E+03     0.219783E+03     0.219485E+03     0.219439E+03     0.219036E+03     0.218824E+03     0.218530E+03     0.218274E+03     0.217656E+03     0.217088E+03     0.216742E+03     0.216061E+03     0.215720E+03     0.215348E+03     0.214836E+03     0.214099E+03     0.213817E+03     0.212849E+03     0.212208E+03     0.211650E+03     0.210539E+03     0.209871E+03     0.208453E+03     0.207790E+03     0.207261E+03     0.205764E+03     0.205307E+03     0.204135E+03     0.204145E+03     0.203537E+03     0.202959E+03     0.203668E+03     0.202677E+03     0.202903E+03     0.202570E+03     0.202105E+03     0.202601E+03     0.202139E+03     0.201186E+03     0.200077E+03     0.199525E+03     0.198878E+03     0.198344E+03     0.197820E+03     0.197234E+03     0.196153E+03     0.197169E+03     0.196603E+03     0.196427E+03     0.197099E+03     0.196433E+03     0.197071E+03     0.196884E+03     0.196393E+03     0.195886E+03     0.195509E+03     0.194110E+03     0.192816E+03     0.192673E+03     0.189634E+03     0.189578E+03     0.188556E+03     0.187200E+03     0.187016E+03     0.185609E+03     0.185482E+03     0.185003E+03     0.183978E+03     0.183645E+03     0.183315E+03     0.183091E+03     0.183235E+03     0.183711E+03     0.183442E+03     0.184199E+03     0.184703E+03     0.184371E+03     0.184194E+03     0.184108E+03     0.183779E+03     0.183622E+03     0.183505E+03     0.182664E+03     0.182471E+03     0.181856E+03     0.181079E+03     0.181027E+03     0.180035E+03     0.179963E+03     0.179836E+03     0.179681E+03     0.179636E+03     0.179576E+03     0.179537E+03     0.179472E+03     0.179439E+03     0.179375E+03     0.100000E+21
 0.430000E+04     0.229381E+03     0.229272E+03     0.228965E+03     0.228837E+03     0.228505E+03     0.228370E+03     0.228091E+03     0.227863E+03     0.227521E+03     0.227107E+03     0.226789E+03     0.226409E+03     0.226172E+03     0.225462E+03     0.225087E+03     0.224572E+03     0.223877E+03     0.223623E+03     0.223017E+03     0.222730E+03     0.222279E+03     0.221869E+03     0.221325E+03     0.221025E+03     0.220819E+03     0.220390E+03     0.220233E+03     0.219858E+03     0.219959E+03     0.219738E+03     0.219472E+03     0.219562E+03     0.219168E+03     0.219018E+03     0.218737E+03     0.218484E+03     0.217915E+03     0.217439E+03     0.216974E+03     0.216244E+03     0.215892E+03     0.215473E+03     0.214931E+03     0.214197E+03     0.213874E+03     0.212915E+03     0.212299E+03     0.211714E+03     0.210643E+03     0.209984E+03     0.208611E+03     0.207996E+03     0.207431E+03     0.205963E+03     0.205363E+03     0.204214E+03     0.203929E+03     0.203212E+03     0.202598E+03     0.202668E+03     0.201703E+03     0.201650E+03     0.201211E+03     0.200741E+03     0.200837E+03     0.200152E+03     0.199315E+03     0.198330E+03     0.197873E+03     0.196816E+03     0.196347E+03     0.195631E+03     0.195485E+03     0.194629E+03     0.195597E+03     0.195287E+03     0.194924E+03     0.195915E+03     0.195407E+03     0.196045E+03     0.195974E+03     0.195490E+03     0.195123E+03     0.194773E+03     0.193380E+03     0.192212E+03     0.192052E+03     0.188240E+03     0.188009E+03     0.187116E+03     0.185773E+03     0.185639E+03     0.184437E+03     0.184277E+03     0.183885E+03     0.182943E+03     0.182713E+03     0.182456E+03     0.182338E+03     0.182338E+03     0.183567E+03     0.183331E+03     0.185306E+03     0.185549E+03     0.185339E+03     0.185334E+03     0.185168E+03     0.184690E+03     0.184347E+03     0.184266E+03     0.183470E+03     0.183349E+03     0.182488E+03     0.181448E+03     0.181391E+03     0.180079E+03     0.180005E+03     0.179878E+03     0.179682E+03     0.179636E+03     0.179576E+03     0.179535E+03     0.179472E+03     0.179437E+03     0.179375E+03     0.100000E+21
 0.432000E+04     0.229344E+03     0.229277E+03     0.228950E+03     0.228837E+03     0.228490E+03     0.228360E+03     0.228091E+03     0.227876E+03     0.227521E+03     0.227062E+03     0.226789E+03     0.226409E+03     0.226179E+03     0.225462E+03     0.225154E+03     0.224555E+03     0.223865E+03     0.223623E+03     0.223017E+03     0.222756E+03     0.222240E+03     0.221890E+03     0.221320E+03     0.221025E+03     0.220829E+03     0.220364E+03     0.220233E+03     0.219846E+03     0.219900E+03     0.219738E+03     0.219478E+03     0.219562E+03     0.219139E+03     0.219010E+03     0.218737E+03     0.218494E+03     0.217915E+03     0.217341E+03     0.216975E+03     0.216231E+03     0.215892E+03     0.215473E+03     0.214996E+03     0.214232E+03     0.213907E+03     0.212915E+03     0.212299E+03     0.211752E+03     0.210651E+03     0.210079E+03     0.208584E+03     0.208003E+03     0.207451E+03     0.205904E+03     0.205363E+03     0.204157E+03     0.203882E+03     0.203212E+03     0.202629E+03     0.202668E+03     0.201582E+03     0.201654E+03     0.201199E+03     0.200741E+03     0.200837E+03     0.200259E+03     0.199307E+03     0.198307E+03     0.197873E+03     0.196816E+03     0.196386E+03     0.195709E+03     0.195527E+03     0.194619E+03     0.195597E+03     0.195301E+03     0.195061E+03     0.195915E+03     0.195389E+03     0.195896E+03     0.195974E+03     0.195466E+03     0.195123E+03     0.194744E+03     0.193430E+03     0.192212E+03     0.192057E+03     0.188240E+03     0.188056E+03     0.187037E+03     0.185767E+03     0.185639E+03     0.184437E+03     0.184294E+03     0.183716E+03     0.182953E+03     0.182713E+03     0.182456E+03     0.182345E+03     0.182608E+03     0.183589E+03     0.183325E+03     0.184827E+03     0.185552E+03     0.185339E+03     0.185334E+03     0.185158E+03     0.184723E+03     0.184347E+03     0.184270E+03     0.183470E+03     0.183331E+03     0.182461E+03     0.181446E+03     0.181391E+03     0.180079E+03     0.180015E+03     0.179863E+03     0.179679E+03     0.179636E+03     0.179576E+03     0.179538E+03     0.179472E+03     0.179441E+03     0.179374E+03     0.100000E+21
 0.434000E+04     0.229306E+03     0.229225E+03     0.228905E+03     0.228778E+03     0.228452E+03     0.228320E+03     0.228057E+03     0.227828E+03     0.227524E+03     0.227090E+03     0.226829E+03     0.226475E+03     0.226239E+03     0.225613E+03     0.225300E+03     0.224738E+03     0.224062E+03     0.223800E+03     0.223221E+03     0.222943E+03     0.222467E+03     0.222025E+03     0.221459E+03     0.221098E+03     0.220880E+03     0.220435E+03     0.220236E+03     0.219858E+03     0.219939E+03     0.219753E+03     0.219510E+03     0.219675E+03     0.219266E+03     0.219180E+03     0.218917E+03     0.218670E+03     0.218192E+03     0.217696E+03     0.217263E+03     0.216523E+03     0.216165E+03     0.215801E+03     0.215311E+03     0.214578E+03     0.214212E+03     0.213220E+03     0.212710E+03     0.212088E+03     0.211095E+03     0.210518E+03     0.209032E+03     0.208593E+03     0.207916E+03     0.206479E+03     0.205902E+03     0.204675E+03     0.204164E+03     0.203338E+03     0.202734E+03     0.202254E+03     0.201194E+03     0.201000E+03     0.200386E+03     0.199915E+03     0.199547E+03     0.198736E+03     0.197911E+03     0.196992E+03     0.196613E+03     0.195271E+03     0.194861E+03     0.193940E+03     0.193733E+03     0.193073E+03     0.193364E+03     0.193474E+03     0.192901E+03     0.193812E+03     0.193614E+03     0.194165E+03     0.194554E+03     0.193958E+03     0.193468E+03     0.193120E+03     0.191760E+03     0.190676E+03     0.190480E+03     0.186563E+03     0.186094E+03     0.185295E+03     0.184032E+03     0.183957E+03     0.182908E+03     0.182686E+03     0.182268E+03     0.182130E+03     0.181975E+03     0.181860E+03     0.181825E+03     0.181987E+03     0.183519E+03     0.183279E+03     0.185540E+03     0.186101E+03     0.186123E+03     0.186831E+03     0.186528E+03     0.186194E+03     0.185698E+03     0.185681E+03     0.185038E+03     0.185094E+03     0.183600E+03     0.182032E+03     0.181968E+03     0.180141E+03     0.180079E+03     0.179919E+03     0.179682E+03     0.179636E+03     0.179576E+03     0.179536E+03     0.179472E+03     0.179439E+03     0.179375E+03     0.100000E+21
 0.436000E+04     0.229284E+03     0.229199E+03     0.228857E+03     0.228756E+03     0.228395E+03     0.228284E+03     0.228030E+03     0.227828E+03     0.227525E+03     0.227038E+03     0.226851E+03     0.226527E+03     0.226304E+03     0.225703E+03     0.225428E+03     0.224820E+03     0.224172E+03     0.223941E+03     0.223333E+03     0.223095E+03     0.222508E+03     0.222146E+03     0.221551E+03     0.221128E+03     0.220943E+03     0.220414E+03     0.220236E+03     0.219838E+03     0.219888E+03     0.219765E+03     0.219562E+03     0.219724E+03     0.219278E+03     0.219251E+03     0.219060E+03     0.218828E+03     0.218348E+03     0.217734E+03     0.217436E+03     0.216708E+03     0.216381E+03     0.215994E+03     0.215562E+03     0.214781E+03     0.214485E+03     0.213460E+03     0.212903E+03     0.212392E+03     0.211306E+03     0.210869E+03     0.209282E+03     0.208804E+03     0.208321E+03     0.206666E+03     0.206112E+03     0.204854E+03     0.204312E+03     0.203438E+03     0.202888E+03     0.202041E+03     0.200888E+03     0.200612E+03     0.199721E+03     0.199274E+03     0.198778E+03     0.198259E+03     0.197152E+03     0.196020E+03     0.195610E+03     0.194457E+03     0.194061E+03     0.193224E+03     0.192832E+03     0.191878E+03     0.192482E+03     0.192200E+03     0.192105E+03     0.192975E+03     0.192433E+03     0.193101E+03     0.193437E+03     0.192954E+03     0.192715E+03     0.192316E+03     0.190883E+03     0.189458E+03     0.189309E+03     0.185588E+03     0.185423E+03     0.184153E+03     0.182741E+03     0.182619E+03     0.182034E+03     0.181904E+03     0.181697E+03     0.181650E+03     0.181401E+03     0.181598E+03     0.181494E+03     0.182186E+03     0.183516E+03     0.183234E+03     0.185160E+03     0.186529E+03     0.186740E+03     0.187436E+03     0.187251E+03     0.187024E+03     0.186774E+03     0.186700E+03     0.185887E+03     0.185739E+03     0.184181E+03     0.182476E+03     0.182422E+03     0.180178E+03     0.180121E+03     0.179909E+03     0.179677E+03     0.179636E+03     0.179576E+03     0.179541E+03     0.179472E+03     0.179444E+03     0.179373E+03     0.100000E+21
 0.438000E+04     0.229287E+03     0.229195E+03     0.228865E+03     0.228756E+03     0.228405E+03     0.228289E+03     0.228030E+03     0.227818E+03     0.227525E+03     0.227058E+03     0.226851E+03     0.226527E+03     0.226299E+03     0.225703E+03     0.225405E+03     0.224826E+03     0.224181E+03     0.223941E+03     0.223333E+03     0.223079E+03     0.222523E+03     0.222132E+03     0.221555E+03     0.221128E+03     0.220935E+03     0.220430E+03     0.220236E+03     0.219846E+03     0.219909E+03     0.219765E+03     0.219553E+03     0.219724E+03     0.219295E+03     0.219259E+03     0.219060E+03     0.218820E+03     0.218348E+03     0.217763E+03     0.217434E+03     0.216717E+03     0.216381E+03     0.215994E+03     0.215529E+03     0.214767E+03     0.214461E+03     0.213460E+03     0.212903E+03     0.212365E+03     0.211296E+03     0.210823E+03     0.209302E+03     0.208809E+03     0.208306E+03     0.206706E+03     0.206112E+03     0.204892E+03     0.204316E+03     0.203438E+03     0.202864E+03     0.202041E+03     0.200935E+03     0.200611E+03     0.199730E+03     0.199274E+03     0.198778E+03     0.198217E+03     0.197163E+03     0.196037E+03     0.195610E+03     0.194457E+03     0.194036E+03     0.193229E+03     0.192807E+03     0.191887E+03     0.192482E+03     0.192189E+03     0.192030E+03     0.192975E+03     0.192445E+03     0.193178E+03     0.193437E+03     0.192967E+03     0.192715E+03     0.192331E+03     0.190850E+03     0.189458E+03     0.189304E+03     0.185588E+03     0.185410E+03     0.184204E+03     0.182745E+03     0.182619E+03     0.182034E+03     0.181895E+03     0.181691E+03     0.181643E+03     0.181401E+03     0.181598E+03     0.181489E+03     0.182049E+03     0.183507E+03     0.183238E+03     0.185356E+03     0.186527E+03     0.186694E+03     0.187436E+03     0.187257E+03     0.187016E+03     0.186774E+03     0.186697E+03     0.185887E+03     0.185745E+03     0.184210E+03     0.182478E+03     0.182422E+03     0.180178E+03     0.180117E+03     0.179920E+03     0.179679E+03     0.179636E+03     0.179576E+03     0.179539E+03     0.179472E+03     0.179442E+03     0.179374E+03     0.100000E+21
 0.440000E+04     0.229255E+03     0.229141E+03     0.228812E+03     0.228639E+03     0.228305E+03     0.228099E+03     0.227792E+03     0.227564E+03     0.227116E+03     0.226685E+03     0.226374E+03     0.225985E+03     0.225748E+03     0.225188E+03     0.224848E+03     0.224388E+03     0.223862E+03     0.223608E+03     0.223232E+03     0.222952E+03     0.222514E+03     0.222267E+03     0.221719E+03     0.221531E+03     0.221325E+03     0.220861E+03     0.220638E+03     0.220261E+03     0.220062E+03     0.219770E+03     0.219382E+03     0.219159E+03     0.218757E+03     0.218484E+03     0.218114E+03     0.217861E+03     0.217289E+03     0.216757E+03     0.216333E+03     0.215583E+03     0.215231E+03     0.214623E+03     0.214103E+03     0.213293E+03     0.212781E+03     0.211818E+03     0.211030E+03     0.210450E+03     0.209370E+03     0.208715E+03     0.207303E+03     0.206713E+03     0.206149E+03     0.204629E+03     0.203946E+03     0.202785E+03     0.202092E+03     0.201173E+03     0.200561E+03     0.199370E+03     0.198351E+03     0.197632E+03     0.196452E+03     0.195981E+03     0.195192E+03     0.194555E+03     0.193697E+03     0.192772E+03     0.192317E+03     0.191671E+03     0.191210E+03     0.190470E+03     0.190060E+03     0.189192E+03     0.188884E+03     0.188574E+03     0.187858E+03     0.187538E+03     0.187028E+03     0.186759E+03     0.186401E+03     0.185969E+03     0.185741E+03     0.185382E+03     0.185149E+03     0.184875E+03     0.184714E+03     0.184366E+03     0.184162E+03     0.183900E+03     0.183605E+03     0.183471E+03     0.183268E+03     0.183114E+03     0.182882E+03     0.182750E+03     0.182518E+03     0.182344E+03     0.182226E+03     0.182007E+03     0.181883E+03     0.181636E+03     0.181532E+03     0.181443E+03     0.181196E+03     0.181092E+03     0.180923E+03     0.180820E+03     0.180690E+03     0.180609E+03     0.180447E+03     0.180317E+03     0.180225E+03     0.180084E+03     0.180027E+03     0.179937E+03     0.179867E+03     0.179774E+03     0.179682E+03     0.179636E+03     0.179576E+03     0.179536E+03     0.179472E+03     0.179438E+03     0.179375E+03     0.100000E+21
