 0.126000E+03    -0.250000E+04    -0.248000E+04    -0.246000E+04    -0.244000E+04    -0.242000E+04    -0.240000E+04    -0.238000E+04    -0.236000E+04    -0.234000E+04    -0.232000E+04    -0.230000E+04    -0.228000E+04    -0.226000E+04    -0.224000E+04    -0.222000E+04    -0.220000E+04    -0.218000E+04    -0.216000E+04    -0.214000E+04    -0.212000E+04    -0.210000E+04    -0.208000E+04    -0.206000E+04    -0.204000E+04    -0.202000E+04    -0.200000E+04    -0.198000E+04    -0.196000E+04    -0.194000E+04    -0.192000E+04    -0.190000E+04    -0.188000E+04    -0.186000E+04    -0.184000E+04    -0.182000E+04    -0.180000E+04    -0.178000E+04    -0.176000E+04    -0.174000E+04    -0.172000E+04    -0.170000E+04    -0.168000E+04    -0.166000E+04    -0.164000E+04    -0.162000E+04    -0.160000E+04    -0.158000E+04    -0.156000E+04    -0.154000E+04    -0.152000E+04    -0.150000E+04    -0.148000E+04    -0.146000E+04    -0.144000E+04    -0.142000E+04    -0.140000E+04    -0.138000E+04    -0.136000E+04    -0.134000E+04    -0.132000E+04    -0.130000E+04    -0.128000E+04    -0.126000E+04    -0.124000E+04    -0.122000E+04    -0.120000E+04    -0.118000E+04    -0.116000E+04    -0.114000E+04    -0.112000E+04    -0.110000E+04    -0.108000E+04    -0.106000E+04    -0.104000E+04    -0.102000E+04    -0.100000E+04    -0.980000E+03    -0.960000E+03    -0.940000E+03    -0.920000E+03    -0.900000E+03    -0.880000E+03    -0.860000E+03    -0.840000E+03    -0.820000E+03    -0.800000E+03    -0.780000E+03    -0.760000E+03    -0.740000E+03    -0.720000E+03    -0.700000E+03    -0.680000E+03    -0.660000E+03    -0.640000E+03    -0.620000E+03    -0.600000E+03    -0.580000E+03    -0.560000E+03    -0.540000E+03    -0.520000E+03    -0.500000E+03    -0.480000E+03    -0.460000E+03    -0.440000E+03    -0.420000E+03    -0.400000E+03    -0.380000E+03    -0.360000E+03    -0.340000E+03    -0.320000E+03    -0.300000E+03    -0.280000E+03    -0.260000E+03    -0.240000E+03    -0.220000E+03    -0.200000E+03    -0.180000E+03    -0.160000E+03    -0.140000E+03    -0.120000E+03    -0.100000E+03    -0.800000E+02    -0.600000E+02    -0.400000E+02    -0.200000E+02     0.000000E+00
 0.000000E+00     0.104381E+03     0.104293E+03     0.103807E+03     0.103560E+03     0.103176E+03     0.102901E+03     0.102562E+03     0.102286E+03     0.101710E+03     0.101213E+03     0.100829E+03     0.100338E+03     0.100063E+03     0.992840E+02     0.989176E+02     0.982422E+02     0.974101E+02     0.970470E+02     0.964638E+02     0.960600E+02     0.954583E+02     0.948846E+02     0.938393E+02     0.937044E+02     0.931043E+02     0.923690E+02     0.919201E+02     0.909278E+02     0.906517E+02     0.897030E+02     0.890016E+02     0.886964E+02     0.878161E+02     0.872433E+02     0.864015E+02     0.860126E+02     0.852560E+02     0.846625E+02     0.837450E+02     0.824892E+02     0.819898E+02     0.811313E+02     0.806821E+02     0.795835E+02     0.783782E+02     0.770746E+02     0.760484E+02     0.748779E+02     0.742369E+02     0.724324E+02     0.699027E+02     0.702913E+02     0.667716E+02     0.663487E+02     0.666816E+02     0.638774E+02     0.637761E+02     0.612381E+02     0.612761E+02     0.625210E+02     0.623907E+02     0.610286E+02     0.598788E+02     0.594266E+02     0.603177E+02     0.604201E+02     0.591978E+02     0.578500E+02     0.571406E+02     0.569466E+02     0.562944E+02     0.562442E+02     0.551333E+02     0.535443E+02     0.550946E+02     0.539194E+02     0.541757E+02     0.547171E+02     0.539811E+02     0.543755E+02     0.546677E+02     0.540854E+02     0.536809E+02     0.532744E+02     0.528733E+02     0.523878E+02     0.521860E+02     0.515043E+02     0.512264E+02     0.512291E+02     0.513434E+02     0.512348E+02     0.512360E+02     0.509685E+02     0.504963E+02     0.504190E+02     0.503243E+02     0.494552E+02     0.494501E+02     0.491121E+02     0.490001E+02     0.488837E+02     0.487381E+02     0.489317E+02     0.485354E+02     0.482327E+02     0.481494E+02     0.481884E+02     0.483165E+02     0.482111E+02     0.479829E+02     0.477548E+02     0.477100E+02     0.475055E+02     0.474636E+02     0.471512E+02     0.470792E+02     0.469814E+02     0.468682E+02     0.468280E+02     0.467720E+02     0.467348E+02     0.466720E+02     0.466385E+02     0.465704E+02     0.100000E+21
 0.200000E+02     0.104532E+03     0.104479E+03     0.103989E+03     0.103785E+03     0.103347E+03     0.103089E+03     0.102707E+03     0.102460E+03     0.101802E+03     0.101268E+03     0.100843E+03     0.100292E+03     0.100027E+03     0.990159E+02     0.986548E+02     0.978422E+02     0.968795E+02     0.965597E+02     0.956319E+02     0.952595E+02     0.944658E+02     0.939419E+02     0.929595E+02     0.925055E+02     0.921442E+02     0.911100E+02     0.906200E+02     0.898110E+02     0.892415E+02     0.885215E+02     0.876051E+02     0.870341E+02     0.861975E+02     0.857835E+02     0.851564E+02     0.847437E+02     0.838888E+02     0.829940E+02     0.822947E+02     0.810602E+02     0.806145E+02     0.790777E+02     0.785139E+02     0.769733E+02     0.755891E+02     0.744883E+02     0.710427E+02     0.704849E+02     0.679983E+02     0.647876E+02     0.633007E+02     0.598941E+02     0.578170E+02     0.555502E+02     0.534994E+02     0.523561E+02     0.522158E+02     0.516791E+02     0.511412E+02     0.532953E+02     0.522528E+02     0.534463E+02     0.541238E+02     0.536857E+02     0.555805E+02     0.550311E+02     0.543267E+02     0.536843E+02     0.532521E+02     0.518055E+02     0.513683E+02     0.504898E+02     0.499809E+02     0.489880E+02     0.509798E+02     0.506569E+02     0.512229E+02     0.537658E+02     0.531606E+02     0.549561E+02     0.558510E+02     0.554120E+02     0.553275E+02     0.548763E+02     0.538970E+02     0.529294E+02     0.527490E+02     0.517446E+02     0.515389E+02     0.519344E+02     0.525090E+02     0.523664E+02     0.532582E+02     0.531066E+02     0.525318E+02     0.518721E+02     0.516226E+02     0.501913E+02     0.500842E+02     0.498458E+02     0.497037E+02     0.494579E+02     0.496604E+02     0.497495E+02     0.493137E+02     0.488147E+02     0.486664E+02     0.489472E+02     0.491156E+02     0.490537E+02     0.489276E+02     0.488155E+02     0.484015E+02     0.479040E+02     0.478591E+02     0.472685E+02     0.472175E+02     0.470597E+02     0.468655E+02     0.468280E+02     0.467720E+02     0.467377E+02     0.466720E+02     0.466420E+02     0.465691E+02     0.100000E+21
 0.400000E+02     0.104514E+03     0.104485E+03     0.103974E+03     0.103785E+03     0.103334E+03     0.103090E+03     0.102707E+03     0.102472E+03     0.101802E+03     0.101245E+03     0.100845E+03     0.100292E+03     0.100033E+03     0.990159E+02     0.986823E+02     0.978279E+02     0.968676E+02     0.965597E+02     0.956319E+02     0.952832E+02     0.944515E+02     0.939646E+02     0.929520E+02     0.925055E+02     0.921591E+02     0.910690E+02     0.906200E+02     0.897930E+02     0.892565E+02     0.885215E+02     0.875727E+02     0.870341E+02     0.861660E+02     0.857815E+02     0.851564E+02     0.847572E+02     0.838888E+02     0.829526E+02     0.822889E+02     0.810477E+02     0.806145E+02     0.790777E+02     0.785538E+02     0.769047E+02     0.756165E+02     0.744883E+02     0.710427E+02     0.705132E+02     0.677605E+02     0.648330E+02     0.632808E+02     0.601547E+02     0.578313E+02     0.554104E+02     0.534994E+02     0.523208E+02     0.521880E+02     0.516791E+02     0.511637E+02     0.532953E+02     0.522076E+02     0.534522E+02     0.541154E+02     0.536857E+02     0.555805E+02     0.550725E+02     0.543472E+02     0.536662E+02     0.532521E+02     0.518055E+02     0.513944E+02     0.504792E+02     0.500077E+02     0.489791E+02     0.509798E+02     0.506688E+02     0.514238E+02     0.537658E+02     0.531461E+02     0.547936E+02     0.558510E+02     0.554077E+02     0.553275E+02     0.548590E+02     0.539164E+02     0.529294E+02     0.527541E+02     0.517446E+02     0.515546E+02     0.519751E+02     0.525044E+02     0.523664E+02     0.532582E+02     0.531168E+02     0.524860E+02     0.518794E+02     0.516226E+02     0.501913E+02     0.500891E+02     0.498423E+02     0.497122E+02     0.494542E+02     0.496348E+02     0.497512E+02     0.492825E+02     0.488147E+02     0.486615E+02     0.489289E+02     0.491156E+02     0.490560E+02     0.489276E+02     0.488106E+02     0.483945E+02     0.479029E+02     0.478591E+02     0.472685E+02     0.472213E+02     0.470515E+02     0.468638E+02     0.468280E+02     0.467720E+02     0.467396E+02     0.466720E+02     0.466442E+02     0.465683E+02     0.100000E+21
 0.600000E+02     0.104589E+03     0.104503E+03     0.104043E+03     0.103817E+03     0.103399E+03     0.103119E+03     0.102742E+03     0.102478E+03     0.101837E+03     0.101342E+03     0.100871E+03     0.100317E+03     0.100041E+03     0.989973E+02     0.985890E+02     0.978174E+02     0.968070E+02     0.964685E+02     0.954874E+02     0.950789E+02     0.943503E+02     0.937778E+02     0.928411E+02     0.924515E+02     0.920671E+02     0.911446E+02     0.906582E+02     0.898766E+02     0.892835E+02     0.886010E+02     0.877190E+02     0.870666E+02     0.862786E+02     0.857744E+02     0.851122E+02     0.846780E+02     0.838413E+02     0.830183E+02     0.822710E+02     0.810688E+02     0.806027E+02     0.789901E+02     0.783632E+02     0.769348E+02     0.752392E+02     0.741795E+02     0.705873E+02     0.699868E+02     0.680026E+02     0.644457E+02     0.630603E+02     0.595034E+02     0.579886E+02     0.560500E+02     0.540649E+02     0.529749E+02     0.528244E+02     0.522460E+02     0.516733E+02     0.539702E+02     0.530031E+02     0.540596E+02     0.547046E+02     0.542525E+02     0.564467E+02     0.558282E+02     0.555324E+02     0.556389E+02     0.551788E+02     0.546184E+02     0.541419E+02     0.532536E+02     0.524727E+02     0.515338E+02     0.521489E+02     0.518073E+02     0.515793E+02     0.529367E+02     0.523534E+02     0.533926E+02     0.535758E+02     0.531008E+02     0.529065E+02     0.524826E+02     0.520291E+02     0.515591E+02     0.513704E+02     0.511184E+02     0.508854E+02     0.511807E+02     0.517210E+02     0.515709E+02     0.521957E+02     0.520282E+02     0.516321E+02     0.511030E+02     0.508642E+02     0.498746E+02     0.497599E+02     0.493494E+02     0.485879E+02     0.483614E+02     0.484285E+02     0.484070E+02     0.480205E+02     0.474779E+02     0.473371E+02     0.477593E+02     0.479789E+02     0.479134E+02     0.482526E+02     0.481488E+02     0.478737E+02     0.475267E+02     0.474801E+02     0.471559E+02     0.470988E+02     0.469967E+02     0.468682E+02     0.468280E+02     0.467720E+02     0.467349E+02     0.466720E+02     0.466387E+02     0.465704E+02     0.100000E+21
 0.800000E+02     0.104562E+03     0.104509E+03     0.104026E+03     0.103817E+03     0.103384E+03     0.103121E+03     0.102742E+03     0.102491E+03     0.101837E+03     0.101313E+03     0.100873E+03     0.100317E+03     0.100050E+03     0.989973E+02     0.986248E+02     0.977999E+02     0.967923E+02     0.964685E+02     0.954874E+02     0.951061E+02     0.943323E+02     0.938026E+02     0.928310E+02     0.924515E+02     0.920852E+02     0.911018E+02     0.906582E+02     0.898553E+02     0.892997E+02     0.886010E+02     0.876810E+02     0.870666E+02     0.862420E+02     0.857740E+02     0.851122E+02     0.846952E+02     0.838413E+02     0.829637E+02     0.822658E+02     0.810524E+02     0.806027E+02     0.789901E+02     0.784107E+02     0.768374E+02     0.752708E+02     0.741795E+02     0.705873E+02     0.700197E+02     0.677058E+02     0.644975E+02     0.630356E+02     0.598180E+02     0.580072E+02     0.559162E+02     0.540649E+02     0.529345E+02     0.527943E+02     0.522460E+02     0.517006E+02     0.539702E+02     0.529461E+02     0.540651E+02     0.546932E+02     0.542525E+02     0.564467E+02     0.558804E+02     0.556001E+02     0.556170E+02     0.551788E+02     0.546184E+02     0.541717E+02     0.532167E+02     0.525019E+02     0.515221E+02     0.521489E+02     0.518220E+02     0.516883E+02     0.529367E+02     0.523365E+02     0.532811E+02     0.535758E+02     0.530902E+02     0.529065E+02     0.524621E+02     0.520336E+02     0.515591E+02     0.513771E+02     0.511184E+02     0.509061E+02     0.512178E+02     0.517150E+02     0.515709E+02     0.521957E+02     0.520401E+02     0.515946E+02     0.511111E+02     0.508642E+02     0.498746E+02     0.497657E+02     0.492877E+02     0.485980E+02     0.483570E+02     0.484124E+02     0.484094E+02     0.479866E+02     0.474779E+02     0.473315E+02     0.477343E+02     0.479789E+02     0.479163E+02     0.482526E+02     0.481425E+02     0.478697E+02     0.475253E+02     0.474801E+02     0.471559E+02     0.471034E+02     0.469930E+02     0.468661E+02     0.468280E+02     0.467720E+02     0.467370E+02     0.466720E+02     0.466411E+02     0.465694E+02     0.100000E+21
 0.100000E+03     0.104658E+03     0.104516E+03     0.104063E+03     0.103819E+03     0.103415E+03     0.103128E+03     0.102762E+03     0.102493E+03     0.101851E+03     0.101375E+03     0.100888E+03     0.100339E+03     0.100063E+03     0.990015E+02     0.985443E+02     0.978283E+02     0.967883E+02     0.964470E+02     0.954596E+02     0.950403E+02     0.943738E+02     0.937448E+02     0.928099E+02     0.924524E+02     0.920679E+02     0.911983E+02     0.906741E+02     0.899173E+02     0.892850E+02     0.886657E+02     0.877764E+02     0.870860E+02     0.863284E+02     0.857983E+02     0.851290E+02     0.846933E+02     0.838546E+02     0.831094E+02     0.823016E+02     0.811212E+02     0.806576E+02     0.790276E+02     0.783593E+02     0.770679E+02     0.752207E+02     0.741647E+02     0.705654E+02     0.699457E+02     0.685254E+02     0.644247E+02     0.630987E+02     0.588641E+02     0.581675E+02     0.562440E+02     0.540892E+02     0.531211E+02     0.529282E+02     0.523086E+02     0.517261E+02     0.539546E+02     0.530523E+02     0.540782E+02     0.547881E+02     0.543365E+02     0.567233E+02     0.559010E+02     0.557704E+02     0.562048E+02     0.558174E+02     0.550200E+02     0.545869E+02     0.534076E+02     0.527039E+02     0.518819E+02     0.521672E+02     0.518952E+02     0.514567E+02     0.528654E+02     0.521137E+02     0.532799E+02     0.529646E+02     0.526131E+02     0.526308E+02     0.521907E+02     0.517153E+02     0.512876E+02     0.511110E+02     0.510719E+02     0.508449E+02     0.510539E+02     0.515180E+02     0.513532E+02     0.519545E+02     0.518186E+02     0.515795E+02     0.509331E+02     0.506519E+02     0.498496E+02     0.497089E+02     0.493989E+02     0.485104E+02     0.482322E+02     0.483940E+02     0.481840E+02     0.478726E+02     0.474227E+02     0.471999E+02     0.476790E+02     0.478827E+02     0.478259E+02     0.481261E+02     0.481138E+02     0.477540E+02     0.473932E+02     0.473436E+02     0.471192E+02     0.470735E+02     0.469857E+02     0.468685E+02     0.468280E+02     0.467720E+02     0.467343E+02     0.466720E+02     0.466371E+02     0.465704E+02     0.100000E+21
 0.120000E+03     0.104612E+03     0.104541E+03     0.104076E+03     0.103858E+03     0.103434E+03     0.103167E+03     0.102793E+03     0.102534E+03     0.101898E+03     0.101395E+03     0.100929E+03     0.100371E+03     0.100100E+03     0.990114E+02     0.986107E+02     0.978035E+02     0.967473E+02     0.964153E+02     0.953873E+02     0.949869E+02     0.942534E+02     0.937064E+02     0.927574E+02     0.924585E+02     0.920817E+02     0.911699E+02     0.907676E+02     0.899775E+02     0.894331E+02     0.887642E+02     0.878579E+02     0.871914E+02     0.863934E+02     0.858509E+02     0.851536E+02     0.847273E+02     0.838879E+02     0.830535E+02     0.823563E+02     0.811975E+02     0.807391E+02     0.791154E+02     0.785003E+02     0.769978E+02     0.752142E+02     0.741427E+02     0.704820E+02     0.698939E+02     0.679009E+02     0.645569E+02     0.631501E+02     0.599191E+02     0.584613E+02     0.564754E+02     0.545167E+02     0.534136E+02     0.530843E+02     0.524009E+02     0.518398E+02     0.539081E+02     0.529284E+02     0.541337E+02     0.549110E+02     0.544645E+02     0.573520E+02     0.567450E+02     0.566858E+02     0.572088E+02     0.567579E+02     0.561647E+02     0.556978E+02     0.546316E+02     0.533839E+02     0.524317E+02     0.523894E+02     0.520543E+02     0.515855E+02     0.522023E+02     0.516127E+02     0.521005E+02     0.520487E+02     0.516019E+02     0.514846E+02     0.510555E+02     0.510192E+02     0.508849E+02     0.506993E+02     0.509616E+02     0.507330E+02     0.508723E+02     0.511797E+02     0.510324E+02     0.513656E+02     0.512014E+02     0.508805E+02     0.505704E+02     0.503288E+02     0.497294E+02     0.496170E+02     0.491401E+02     0.482279E+02     0.479977E+02     0.479132E+02     0.478383E+02     0.474566E+02     0.469637E+02     0.468212E+02     0.474095E+02     0.477414E+02     0.476772E+02     0.477854E+02     0.476803E+02     0.474646E+02     0.471846E+02     0.471387E+02     0.470355E+02     0.469795E+02     0.469155E+02     0.468673E+02     0.468280E+02     0.467720E+02     0.467356E+02     0.466720E+02     0.466392E+02     0.465699E+02     0.100000E+21
 0.140000E+03     0.104563E+03     0.104549E+03     0.104049E+03     0.103858E+03     0.103413E+03     0.103170E+03     0.102793E+03     0.102552E+03     0.101898E+03     0.101351E+03     0.100931E+03     0.100371E+03     0.100110E+03     0.990114E+02     0.986660E+02     0.977672E+02     0.967287E+02     0.964153E+02     0.953873E+02     0.950281E+02     0.942265E+02     0.937448E+02     0.927459E+02     0.924585E+02     0.921052E+02     0.911104E+02     0.907676E+02     0.899489E+02     0.894546E+02     0.887642E+02     0.877993E+02     0.871914E+02     0.863371E+02     0.858535E+02     0.851536E+02     0.847481E+02     0.838879E+02     0.829695E+02     0.823494E+02     0.811782E+02     0.807391E+02     0.791154E+02     0.785741E+02     0.768136E+02     0.752585E+02     0.741427E+02     0.704820E+02     0.699396E+02     0.674442E+02     0.646427E+02     0.631193E+02     0.603848E+02     0.584833E+02     0.562599E+02     0.545167E+02     0.533540E+02     0.530505E+02     0.524009E+02     0.518751E+02     0.539081E+02     0.528399E+02     0.541450E+02     0.548982E+02     0.544645E+02     0.573520E+02     0.568261E+02     0.568593E+02     0.571804E+02     0.567579E+02     0.561647E+02     0.557418E+02     0.544875E+02     0.534307E+02     0.524181E+02     0.523894E+02     0.520728E+02     0.516689E+02     0.522023E+02     0.515892E+02     0.519859E+02     0.520487E+02     0.515927E+02     0.514846E+02     0.510236E+02     0.510084E+02     0.508849E+02     0.507071E+02     0.509616E+02     0.507648E+02     0.509233E+02     0.511725E+02     0.510324E+02     0.513656E+02     0.512197E+02     0.508520E+02     0.505823E+02     0.503288E+02     0.497294E+02     0.496249E+02     0.490128E+02     0.482446E+02     0.479920E+02     0.479120E+02     0.478410E+02     0.474081E+02     0.469637E+02     0.468127E+02     0.473482E+02     0.477414E+02     0.476807E+02     0.477854E+02     0.476705E+02     0.474592E+02     0.471830E+02     0.471387E+02     0.470355E+02     0.469866E+02     0.469199E+02     0.468646E+02     0.468280E+02     0.467720E+02     0.467387E+02     0.466720E+02     0.466432E+02     0.465687E+02     0.100000E+21
 0.160000E+03     0.104737E+03     0.104558E+03     0.104117E+03     0.103901E+03     0.103474E+03     0.103210E+03     0.102830E+03     0.102567E+03     0.101960E+03     0.101492E+03     0.100984E+03     0.100420E+03     0.100146E+03     0.990481E+02     0.986040E+02     0.978525E+02     0.967606E+02     0.964207E+02     0.953783E+02     0.949580E+02     0.942778E+02     0.937043E+02     0.927754E+02     0.925498E+02     0.921390E+02     0.913088E+02     0.909349E+02     0.901167E+02     0.896114E+02     0.889122E+02     0.880467E+02     0.873706E+02     0.865826E+02     0.859675E+02     0.852368E+02     0.848057E+02     0.839898E+02     0.832984E+02     0.824950E+02     0.813702E+02     0.808990E+02     0.793461E+02     0.787163E+02     0.774040E+02     0.753627E+02     0.742921E+02     0.706793E+02     0.700411E+02     0.687008E+02     0.649764E+02     0.635446E+02     0.600852E+02     0.590093E+02     0.572322E+02     0.553235E+02     0.540335E+02     0.536022E+02     0.527630E+02     0.522162E+02     0.540549E+02     0.531693E+02     0.543352E+02     0.551604E+02     0.547085E+02     0.577889E+02     0.572239E+02     0.570313E+02     0.575607E+02     0.570730E+02     0.565195E+02     0.560164E+02     0.553158E+02     0.535157E+02     0.525681E+02     0.522941E+02     0.519823E+02     0.514057E+02     0.517309E+02     0.512758E+02     0.513079E+02     0.513030E+02     0.507879E+02     0.505620E+02     0.501757E+02     0.502625E+02     0.502579E+02     0.500503E+02     0.503229E+02     0.498104E+02     0.502243E+02     0.506840E+02     0.505554E+02     0.509743E+02     0.507746E+02     0.504887E+02     0.505120E+02     0.502821E+02     0.502496E+02     0.500237E+02     0.498225E+02     0.489874E+02     0.486063E+02     0.482673E+02     0.480484E+02     0.477252E+02     0.472843E+02     0.470854E+02     0.476781E+02     0.479265E+02     0.478723E+02     0.476452E+02     0.475143E+02     0.473564E+02     0.471139E+02     0.470684E+02     0.469957E+02     0.469276E+02     0.468774E+02     0.468685E+02     0.468280E+02     0.467720E+02     0.467343E+02     0.466720E+02     0.466370E+02     0.465704E+02     0.100000E+21
 0.180000E+03     0.104583E+03     0.104581E+03     0.104086E+03     0.103902E+03     0.103458E+03     0.103225E+03     0.102855E+03     0.102614E+03     0.101979E+03     0.101433E+03     0.101013E+03     0.100453E+03     0.100191E+03     0.990643E+02     0.987189E+02     0.978007E+02     0.967379E+02     0.964244E+02     0.953748E+02     0.950156E+02     0.942274E+02     0.937666E+02     0.927677E+02     0.925632E+02     0.922099E+02     0.912483E+02     0.909632E+02     0.901445E+02     0.896804E+02     0.890105E+02     0.880333E+02     0.874035E+02     0.865493E+02     0.860271E+02     0.852939E+02     0.848884E+02     0.840312E+02     0.831128E+02     0.825517E+02     0.814471E+02     0.810080E+02     0.794463E+02     0.789050E+02     0.771114E+02     0.755087E+02     0.743929E+02     0.707317E+02     0.701893E+02     0.678273E+02     0.652503E+02     0.637269E+02     0.611780E+02     0.593938E+02     0.571462E+02     0.553600E+02     0.541973E+02     0.537629E+02     0.530117E+02     0.524859E+02     0.541048E+02     0.530366E+02     0.544457E+02     0.553040E+02     0.548704E+02     0.579843E+02     0.574585E+02     0.574481E+02     0.577120E+02     0.572894E+02     0.566459E+02     0.562230E+02     0.548659E+02     0.536443E+02     0.526317E+02     0.522868E+02     0.519703E+02     0.514148E+02     0.516819E+02     0.510688E+02     0.510387E+02     0.507997E+02     0.503806E+02     0.503378E+02     0.498768E+02     0.499100E+02     0.498303E+02     0.496526E+02     0.500496E+02     0.498528E+02     0.500605E+02     0.503681E+02     0.502280E+02     0.508114E+02     0.506654E+02     0.504885E+02     0.505045E+02     0.502510E+02     0.503585E+02     0.502540E+02     0.497596E+02     0.491933E+02     0.489406E+02     0.484978E+02     0.481897E+02     0.477602E+02     0.473220E+02     0.471710E+02     0.476812E+02     0.480539E+02     0.479933E+02     0.475923E+02     0.474774E+02     0.473025E+02     0.470652E+02     0.470209E+02     0.469780E+02     0.469292E+02     0.468866E+02     0.468646E+02     0.468280E+02     0.467720E+02     0.467387E+02     0.466720E+02     0.466432E+02     0.465687E+02     0.100000E+21
 0.200000E+03     0.104639E+03     0.104581E+03     0.104120E+03     0.103911E+03     0.103491E+03     0.103237E+03     0.102879E+03     0.102617E+03     0.102001E+03     0.101498E+03     0.101037E+03     0.100488E+03     0.100216E+03     0.990876E+02     0.986813E+02     0.978609E+02     0.967827E+02     0.964531E+02     0.954012E+02     0.950015E+02     0.942767E+02     0.937715E+02     0.928333E+02     0.926108E+02     0.922577E+02     0.913534E+02     0.910228E+02     0.902581E+02     0.897285E+02     0.891155E+02     0.881789E+02     0.874657E+02     0.866772E+02     0.860886E+02     0.853739E+02     0.849427E+02     0.840882E+02     0.832402E+02     0.826277E+02     0.815799E+02     0.811263E+02     0.795637E+02     0.789352E+02     0.774048E+02     0.755994E+02     0.745516E+02     0.708540E+02     0.703027E+02     0.683872E+02     0.653904E+02     0.640667E+02     0.609892E+02     0.598155E+02     0.576957E+02     0.555990E+02     0.545781E+02     0.540166E+02     0.532813E+02     0.526923E+02     0.541954E+02     0.532037E+02     0.545081E+02     0.553791E+02     0.549327E+02     0.579352E+02     0.573387E+02     0.572019E+02     0.575832E+02     0.571142E+02     0.565879E+02     0.561146E+02     0.550329E+02     0.536404E+02     0.527006E+02     0.523163E+02     0.519982E+02     0.513864E+02     0.516688E+02     0.510735E+02     0.510349E+02     0.506886E+02     0.503101E+02     0.503038E+02     0.498732E+02     0.498363E+02     0.496566E+02     0.494781E+02     0.497416E+02     0.495905E+02     0.496980E+02     0.499780E+02     0.498049E+02     0.505813E+02     0.504282E+02     0.503428E+02     0.504509E+02     0.502005E+02     0.505441E+02     0.505063E+02     0.500751E+02     0.494753E+02     0.493656E+02     0.486746E+02     0.485495E+02     0.481217E+02     0.475855E+02     0.475104E+02     0.480465E+02     0.484574E+02     0.483602E+02     0.476540E+02     0.475368E+02     0.473223E+02     0.470213E+02     0.469745E+02     0.469675E+02     0.469133E+02     0.468720E+02     0.468673E+02     0.468280E+02     0.467720E+02     0.467356E+02     0.466720E+02     0.466392E+02     0.465699E+02     0.100000E+21
 0.220000E+03     0.104744E+03     0.104592E+03     0.104152E+03     0.103941E+03     0.103526E+03     0.103279E+03     0.102918E+03     0.102652E+03     0.102066E+03     0.101593E+03     0.101099E+03     0.100545E+03     0.100269E+03     0.991439E+02     0.986896E+02     0.979391E+02     0.968382E+02     0.964989E+02     0.954695E+02     0.950496E+02     0.943777E+02     0.938560E+02     0.929288E+02     0.927695E+02     0.923834E+02     0.915490E+02     0.912165E+02     0.904378E+02     0.899238E+02     0.892887E+02     0.883940E+02     0.876673E+02     0.868985E+02     0.862492E+02     0.855021E+02     0.850675E+02     0.842328E+02     0.834990E+02     0.828030E+02     0.817832E+02     0.813171E+02     0.798512E+02     0.791935E+02     0.778678E+02     0.758632E+02     0.748098E+02     0.712214E+02     0.706147E+02     0.692514E+02     0.659842E+02     0.646430E+02     0.613420E+02     0.605694E+02     0.586476E+02     0.564315E+02     0.553548E+02     0.546124E+02     0.537133E+02     0.531381E+02     0.544454E+02     0.535361E+02     0.546824E+02     0.554873E+02     0.550357E+02     0.578167E+02     0.571453E+02     0.569242E+02     0.572956E+02     0.568334E+02     0.564309E+02     0.559446E+02     0.551214E+02     0.537250E+02     0.528010E+02     0.524181E+02     0.520758E+02     0.514404E+02     0.516243E+02     0.510442E+02     0.508772E+02     0.505078E+02     0.501374E+02     0.501995E+02     0.497889E+02     0.496136E+02     0.493763E+02     0.491877E+02     0.489811E+02     0.487144E+02     0.488943E+02     0.492768E+02     0.491266E+02     0.500046E+02     0.498308E+02     0.497422E+02     0.503537E+02     0.501172E+02     0.511338E+02     0.510182E+02     0.507666E+02     0.503782E+02     0.501627E+02     0.493510E+02     0.491577E+02     0.488493E+02     0.484795E+02     0.483410E+02     0.488601E+02     0.491028E+02     0.490371E+02     0.478165E+02     0.477209E+02     0.473742E+02     0.469454E+02     0.468988E+02     0.469420E+02     0.468813E+02     0.468438E+02     0.468685E+02     0.468280E+02     0.467720E+02     0.467343E+02     0.466720E+02     0.466371E+02     0.465704E+02     0.100000E+21
 0.240000E+03     0.104623E+03     0.104599E+03     0.104127E+03     0.103941E+03     0.103508E+03     0.103278E+03     0.102918E+03     0.102667E+03     0.102066E+03     0.101542E+03     0.101101E+03     0.100545E+03     0.100278E+03     0.991439E+02     0.987714E+02     0.978987E+02     0.968226E+02     0.964989E+02     0.954695E+02     0.950882E+02     0.943495E+02     0.938906E+02     0.929190E+02     0.927695E+02     0.924032E+02     0.914942E+02     0.912165E+02     0.904136E+02     0.899422E+02     0.892887E+02     0.883403E+02     0.876673E+02     0.868427E+02     0.862568E+02     0.855021E+02     0.850851E+02     0.842328E+02     0.833553E+02     0.828035E+02     0.817668E+02     0.813171E+02     0.798512E+02     0.792718E+02     0.776159E+02     0.759011E+02     0.748098E+02     0.712214E+02     0.706538E+02     0.686348E+02     0.660790E+02     0.646171E+02     0.620732E+02     0.605880E+02     0.584290E+02     0.564315E+02     0.553012E+02     0.546216E+02     0.537133E+02     0.531679E+02     0.544454E+02     0.534213E+02     0.546929E+02     0.554763E+02     0.550357E+02     0.578167E+02     0.572505E+02     0.570818E+02     0.572716E+02     0.568334E+02     0.564309E+02     0.559842E+02     0.548535E+02     0.537692E+02     0.527895E+02     0.524181E+02     0.520913E+02     0.514657E+02     0.516243E+02     0.510241E+02     0.508533E+02     0.505078E+02     0.501415E+02     0.501995E+02     0.497550E+02     0.496088E+02     0.493763E+02     0.491943E+02     0.489811E+02     0.487688E+02     0.489479E+02     0.492707E+02     0.491266E+02     0.500046E+02     0.498490E+02     0.498999E+02     0.503641E+02     0.501172E+02     0.511338E+02     0.510249E+02     0.507145E+02     0.503989E+02     0.501579E+02     0.495164E+02     0.491599E+02     0.488179E+02     0.484795E+02     0.483331E+02     0.488069E+02     0.491028E+02     0.490402E+02     0.478165E+02     0.477065E+02     0.473648E+02     0.469440E+02     0.468988E+02     0.469420E+02     0.468896E+02     0.468592E+02     0.468661E+02     0.468280E+02     0.467720E+02     0.467370E+02     0.466720E+02     0.466411E+02     0.465694E+02     0.100000E+21
 0.260000E+03     0.104665E+03     0.104599E+03     0.104152E+03     0.103962E+03     0.103541E+03     0.103310E+03     0.102949E+03     0.102687E+03     0.102119E+03     0.101625E+03     0.101150E+03     0.100591E+03     0.100316E+03     0.991954E+02     0.987952E+02     0.979794E+02     0.969013E+02     0.965599E+02     0.955775E+02     0.951697E+02     0.944876E+02     0.940112E+02     0.930590E+02     0.929517E+02     0.925369E+02     0.916967E+02     0.913857E+02     0.905785E+02     0.900911E+02     0.894129E+02     0.885188E+02     0.878206E+02     0.870248E+02     0.863832E+02     0.856116E+02     0.851812E+02     0.843515E+02     0.835460E+02     0.829340E+02     0.819183E+02     0.814491E+02     0.800373E+02     0.794256E+02     0.779357E+02     0.760692E+02     0.749930E+02     0.715049E+02     0.708744E+02     0.691770E+02     0.664251E+02     0.649839E+02     0.624809E+02     0.611226E+02     0.592157E+02     0.572012E+02     0.560202E+02     0.551970E+02     0.541577E+02     0.536120E+02     0.545221E+02     0.535612E+02     0.545862E+02     0.552365E+02     0.547843E+02     0.572704E+02     0.565755E+02     0.563649E+02     0.566000E+02     0.561794E+02     0.558532E+02     0.553951E+02     0.543981E+02     0.536428E+02     0.527155E+02     0.524192E+02     0.520774E+02     0.513914E+02     0.512996E+02     0.507646E+02     0.505983E+02     0.503016E+02     0.499305E+02     0.500226E+02     0.496001E+02     0.494068E+02     0.491665E+02     0.489731E+02     0.485270E+02     0.482217E+02     0.484403E+02     0.488173E+02     0.486827E+02     0.493309E+02     0.491329E+02     0.491700E+02     0.500015E+02     0.497963E+02     0.511356E+02     0.510206E+02     0.508438E+02     0.509571E+02     0.506468E+02     0.504110E+02     0.500006E+02     0.498110E+02     0.496693E+02     0.494228E+02     0.495453E+02     0.495398E+02     0.494950E+02     0.479189E+02     0.478274E+02     0.473683E+02     0.468340E+02     0.467886E+02     0.469161E+02     0.468561E+02     0.468316E+02     0.468682E+02     0.468280E+02     0.467720E+02     0.467349E+02     0.466720E+02     0.466387E+02     0.465704E+02     0.100000E+21
 0.280000E+03     0.104593E+03     0.104618E+03     0.104127E+03     0.103970E+03     0.103520E+03     0.103321E+03     0.102974E+03     0.102738E+03     0.102144E+03     0.101588E+03     0.101183E+03     0.100627E+03     0.100368E+03     0.992259E+02     0.988923E+02     0.979642E+02     0.969165E+02     0.966086E+02     0.956370E+02     0.952884E+02     0.945320E+02     0.941512E+02     0.931386E+02     0.930269E+02     0.926806E+02     0.917128E+02     0.914564E+02     0.906294E+02     0.901800E+02     0.895096E+02     0.885095E+02     0.878861E+02     0.870179E+02     0.864697E+02     0.856987E+02     0.852995E+02     0.844184E+02     0.834822E+02     0.830140E+02     0.819870E+02     0.815538E+02     0.801465E+02     0.796226E+02     0.777926E+02     0.762653E+02     0.751371E+02     0.716375E+02     0.711080E+02     0.688731E+02     0.667307E+02     0.651785E+02     0.631398E+02     0.615769E+02     0.592536E+02     0.575017E+02     0.563232E+02     0.555491E+02     0.545115E+02     0.539961E+02     0.545616E+02     0.534739E+02     0.545378E+02     0.550186E+02     0.545890E+02     0.569444E+02     0.564364E+02     0.561784E+02     0.560731E+02     0.556589E+02     0.555489E+02     0.551377E+02     0.541838E+02     0.536562E+02     0.526275E+02     0.524197E+02     0.521087E+02     0.513089E+02     0.511704E+02     0.505507E+02     0.504346E+02     0.501394E+02     0.498188E+02     0.499421E+02     0.494736E+02     0.492861E+02     0.490003E+02     0.488250E+02     0.482631E+02     0.480730E+02     0.482340E+02     0.484673E+02     0.483294E+02     0.489456E+02     0.488042E+02     0.491189E+02     0.498032E+02     0.495465E+02     0.511364E+02     0.510342E+02     0.510132E+02     0.512323E+02     0.509744E+02     0.507947E+02     0.506519E+02     0.503477E+02     0.501502E+02     0.499970E+02     0.499612E+02     0.498881E+02     0.498285E+02     0.479744E+02     0.478574E+02     0.473419E+02     0.467458E+02     0.467020E+02     0.469007E+02     0.468534E+02     0.468452E+02     0.468638E+02     0.468280E+02     0.467720E+02     0.467396E+02     0.466720E+02     0.466442E+02     0.465683E+02     0.100000E+21
 0.300000E+03     0.104620E+03     0.104613E+03     0.104140E+03     0.103970E+03     0.103533E+03     0.103323E+03     0.102974E+03     0.102727E+03     0.102144E+03     0.101611E+03     0.101182E+03     0.100627E+03     0.100362E+03     0.992259E+02     0.988648E+02     0.979836E+02     0.969284E+02     0.966086E+02     0.956370E+02     0.952646E+02     0.945359E+02     0.941285E+02     0.931461E+02     0.930269E+02     0.926656E+02     0.917363E+02     0.914564E+02     0.906474E+02     0.901729E+02     0.895096E+02     0.885470E+02     0.878861E+02     0.870494E+02     0.864651E+02     0.856987E+02     0.852860E+02     0.844184E+02     0.835236E+02     0.830128E+02     0.819995E+02     0.815538E+02     0.801465E+02     0.795827E+02     0.778823E+02     0.762380E+02     0.751371E+02     0.716375E+02     0.710797E+02     0.690331E+02     0.666853E+02     0.651983E+02     0.629879E+02     0.615626E+02     0.593818E+02     0.575017E+02     0.563585E+02     0.555349E+02     0.545115E+02     0.539736E+02     0.545616E+02     0.535190E+02     0.545324E+02     0.550270E+02     0.545890E+02     0.569444E+02     0.563951E+02     0.561176E+02     0.560912E+02     0.556589E+02     0.555489E+02     0.551117E+02     0.542000E+02     0.536294E+02     0.526364E+02     0.524197E+02     0.520968E+02     0.513208E+02     0.511704E+02     0.505652E+02     0.504479E+02     0.501394E+02     0.498121E+02     0.499421E+02     0.494909E+02     0.492872E+02     0.490003E+02     0.488199E+02     0.482631E+02     0.480573E+02     0.482071E+02     0.484720E+02     0.483294E+02     0.489456E+02     0.487940E+02     0.490432E+02     0.497960E+02     0.495465E+02     0.511364E+02     0.510292E+02     0.509833E+02     0.512239E+02     0.509780E+02     0.507854E+02     0.506502E+02     0.503609E+02     0.501502E+02     0.500019E+02     0.499631E+02     0.498881E+02     0.498262E+02     0.479744E+02     0.478623E+02     0.473508E+02     0.467469E+02     0.467020E+02     0.469007E+02     0.468497E+02     0.468370E+02     0.468655E+02     0.468280E+02     0.467720E+02     0.467377E+02     0.466720E+02     0.466420E+02     0.465691E+02     0.100000E+21
 0.320000E+03     0.104680E+03     0.104613E+03     0.104172E+03     0.103994E+03     0.103576E+03     0.103362E+03     0.103017E+03     0.102752E+03     0.102201E+03     0.101708E+03     0.101236E+03     0.100682E+03     0.100406E+03     0.992868E+02     0.988743E+02     0.980919E+02     0.970511E+02     0.967123E+02     0.958101E+02     0.953998E+02     0.947284E+02     0.943150E+02     0.933800E+02     0.932252E+02     0.928403E+02     0.919545E+02     0.915638E+02     0.907828E+02     0.902162E+02     0.895473E+02     0.886456E+02     0.879367E+02     0.871514E+02     0.865271E+02     0.857811E+02     0.853466E+02     0.845061E+02     0.836900E+02     0.831113E+02     0.821370E+02     0.816706E+02     0.803731E+02     0.797421E+02     0.783302E+02     0.766150E+02     0.755565E+02     0.722428E+02     0.716412E+02     0.699623E+02     0.672657E+02     0.658863E+02     0.633099E+02     0.621614E+02     0.601793E+02     0.580342E+02     0.569464E+02     0.560508E+02     0.550547E+02     0.544813E+02     0.546785E+02     0.537176E+02     0.544502E+02     0.547708E+02     0.543186E+02     0.562997E+02     0.556755E+02     0.553423E+02     0.553925E+02     0.549318E+02     0.551968E+02     0.547187E+02     0.541252E+02     0.543064E+02     0.533699E+02     0.532883E+02     0.529464E+02     0.521102E+02     0.516342E+02     0.510515E+02     0.508988E+02     0.505507E+02     0.502374E+02     0.504375E+02     0.500153E+02     0.498977E+02     0.497008E+02     0.495120E+02     0.490936E+02     0.488580E+02     0.488418E+02     0.489289E+02     0.487787E+02     0.488354E+02     0.486670E+02     0.487005E+02     0.493486E+02     0.491101E+02     0.506286E+02     0.505137E+02     0.505818E+02     0.514171E+02     0.511919E+02     0.514167E+02     0.514445E+02     0.510789E+02     0.505845E+02     0.504440E+02     0.500188E+02     0.497002E+02     0.496346E+02     0.479171E+02     0.478141E+02     0.472937E+02     0.466631E+02     0.466165E+02     0.468543E+02     0.467968E+02     0.467908E+02     0.468682E+02     0.468280E+02     0.467720E+02     0.467348E+02     0.466720E+02     0.466385E+02     0.465704E+02     0.100000E+21
 0.340000E+03     0.104696E+03     0.104615E+03     0.104174E+03     0.103994E+03     0.103574E+03     0.103363E+03     0.103017E+03     0.102755E+03     0.102201E+03     0.101712E+03     0.101235E+03     0.100682E+03     0.100410E+03     0.992868E+02     0.988667E+02     0.980996E+02     0.970466E+02     0.967123E+02     0.958101E+02     0.954003E+02     0.947291E+02     0.943150E+02     0.933760E+02     0.932252E+02     0.928452E+02     0.919645E+02     0.915638E+02     0.907780E+02     0.902103E+02     0.895473E+02     0.886422E+02     0.879367E+02     0.871528E+02     0.865255E+02     0.857811E+02     0.853524E+02     0.845061E+02     0.837025E+02     0.831106E+02     0.821309E+02     0.816706E+02     0.803731E+02     0.797378E+02     0.783721E+02     0.766202E+02     0.755565E+02     0.722428E+02     0.716470E+02     0.700442E+02     0.672536E+02     0.658787E+02     0.632166E+02     0.621683E+02     0.601914E+02     0.580342E+02     0.569435E+02     0.560448E+02     0.550547E+02     0.544885E+02     0.546785E+02     0.537279E+02     0.544484E+02     0.547661E+02     0.543186E+02     0.562997E+02     0.556660E+02     0.553163E+02     0.553867E+02     0.549318E+02     0.551968E+02     0.547209E+02     0.540963E+02     0.543040E+02     0.533655E+02     0.532883E+02     0.529509E+02     0.521191E+02     0.516342E+02     0.510485E+02     0.509042E+02     0.505507E+02     0.502393E+02     0.504375E+02     0.500172E+02     0.498992E+02     0.497008E+02     0.495145E+02     0.490936E+02     0.488533E+02     0.488348E+02     0.489269E+02     0.487787E+02     0.488354E+02     0.486666E+02     0.486678E+02     0.493492E+02     0.491101E+02     0.506286E+02     0.505150E+02     0.505502E+02     0.514141E+02     0.511908E+02     0.514307E+02     0.514454E+02     0.510790E+02     0.505845E+02     0.504440E+02     0.500121E+02     0.497002E+02     0.496355E+02     0.479171E+02     0.478154E+02     0.472971E+02     0.466625E+02     0.466165E+02     0.468543E+02     0.467961E+02     0.467858E+02     0.468678E+02     0.468280E+02     0.467720E+02     0.467350E+02     0.466720E+02     0.466381E+02     0.465700E+02     0.100000E+21
 0.360000E+03     0.104649E+03     0.104623E+03     0.104173E+03     0.104007E+03     0.103583E+03     0.103374E+03     0.103032E+03     0.102771E+03     0.102213E+03     0.101700E+03     0.101243E+03     0.100683E+03     0.100408E+03     0.992793E+02     0.988947E+02     0.980696E+02     0.970481E+02     0.967122E+02     0.958300E+02     0.954338E+02     0.947507E+02     0.943590E+02     0.934094E+02     0.932338E+02     0.928528E+02     0.919172E+02     0.915134E+02     0.907279E+02     0.901486E+02     0.894545E+02     0.885353E+02     0.878459E+02     0.870401E+02     0.864553E+02     0.857181E+02     0.852860E+02     0.844378E+02     0.835763E+02     0.830395E+02     0.820566E+02     0.815929E+02     0.803434E+02     0.797427E+02     0.782481E+02     0.767319E+02     0.756607E+02     0.724663E+02     0.718709E+02     0.699704E+02     0.674790E+02     0.660492E+02     0.635871E+02     0.621751E+02     0.600545E+02     0.578679E+02     0.567653E+02     0.558953E+02     0.548871E+02     0.543183E+02     0.545559E+02     0.535504E+02     0.543291E+02     0.546439E+02     0.541928E+02     0.560537E+02     0.554632E+02     0.551590E+02     0.551554E+02     0.547026E+02     0.551640E+02     0.546996E+02     0.542336E+02     0.545381E+02     0.535770E+02     0.535544E+02     0.532057E+02     0.523455E+02     0.519040E+02     0.513084E+02     0.511954E+02     0.508696E+02     0.505624E+02     0.507578E+02     0.503222E+02     0.503074E+02     0.501825E+02     0.499969E+02     0.497995E+02     0.495984E+02     0.494452E+02     0.493407E+02     0.491887E+02     0.490356E+02     0.488757E+02     0.488736E+02     0.492256E+02     0.489863E+02     0.502405E+02     0.501376E+02     0.503390E+02     0.512604E+02     0.510304E+02     0.512608E+02     0.513451E+02     0.509316E+02     0.503748E+02     0.502345E+02     0.497845E+02     0.494293E+02     0.493617E+02     0.478211E+02     0.477112E+02     0.472248E+02     0.466411E+02     0.465947E+02     0.468249E+02     0.467700E+02     0.467833E+02     0.468676E+02     0.468280E+02     0.467720E+02     0.467356E+02     0.466720E+02     0.466402E+02     0.465702E+02     0.100000E+21
 0.380000E+03     0.104610E+03     0.104644E+03     0.104162E+03     0.104019E+03     0.103569E+03     0.103383E+03     0.103047E+03     0.102811E+03     0.102224E+03     0.101669E+03     0.101251E+03     0.100684E+03     0.100424E+03     0.992725E+02     0.989379E+02     0.980374E+02     0.970206E+02     0.967122E+02     0.958480E+02     0.954984E+02     0.947721E+02     0.944315E+02     0.934200E+02     0.932412E+02     0.928943E+02     0.918500E+02     0.914692E+02     0.906429E+02     0.901024E+02     0.893658E+02     0.883761E+02     0.877663E+02     0.868993E+02     0.863914E+02     0.856575E+02     0.852578E+02     0.843760E+02     0.834413E+02     0.829748E+02     0.819520E+02     0.815183E+02     0.803163E+02     0.797911E+02     0.781600E+02     0.768879E+02     0.757607E+02     0.726642E+02     0.721336E+02     0.698875E+02     0.677114E+02     0.661615E+02     0.639176E+02     0.622204E+02     0.597423E+02     0.577230E+02     0.565458E+02     0.557663E+02     0.547262E+02     0.542099E+02     0.544461E+02     0.533600E+02     0.542225E+02     0.545026E+02     0.540726E+02     0.558292E+02     0.553197E+02     0.550338E+02     0.548974E+02     0.544825E+02     0.551346E+02     0.547225E+02     0.543968E+02     0.547812E+02     0.537539E+02     0.537864E+02     0.534750E+02     0.525235E+02     0.521394E+02     0.515202E+02     0.514420E+02     0.511753E+02     0.508779E+02     0.510406E+02     0.505728E+02     0.506681E+02     0.506450E+02     0.504694E+02     0.504414E+02     0.502507E+02     0.499800E+02     0.497206E+02     0.495825E+02     0.492172E+02     0.490754E+02     0.489880E+02     0.491243E+02     0.488678E+02     0.498989E+02     0.497965E+02     0.502182E+02     0.511291E+02     0.508716E+02     0.511030E+02     0.512543E+02     0.507393E+02     0.501916E+02     0.500386E+02     0.495923E+02     0.491689E+02     0.491093E+02     0.477345E+02     0.476177E+02     0.471568E+02     0.466176E+02     0.465738E+02     0.467981E+02     0.467507E+02     0.467872E+02     0.468638E+02     0.468280E+02     0.467720E+02     0.467395E+02     0.466720E+02     0.466441E+02     0.465684E+02     0.100000E+21
 0.400000E+03     0.104615E+03     0.104643E+03     0.104165E+03     0.104019E+03     0.103571E+03     0.103384E+03     0.103047E+03     0.102808E+03     0.102224E+03     0.101673E+03     0.101251E+03     0.100684E+03     0.100423E+03     0.992725E+02     0.989327E+02     0.980406E+02     0.970231E+02     0.967122E+02     0.958480E+02     0.954937E+02     0.947720E+02     0.944269E+02     0.934216E+02     0.932412E+02     0.928912E+02     0.918564E+02     0.914692E+02     0.906466E+02     0.900996E+02     0.893658E+02     0.883835E+02     0.877663E+02     0.869054E+02     0.863909E+02     0.856575E+02     0.852550E+02     0.843760E+02     0.834491E+02     0.829746E+02     0.819547E+02     0.815183E+02     0.803163E+02     0.797833E+02     0.781721E+02     0.768823E+02     0.757607E+02     0.726642E+02     0.721278E+02     0.699172E+02     0.677028E+02     0.661657E+02     0.638867E+02     0.622174E+02     0.597712E+02     0.577230E+02     0.565529E+02     0.557637E+02     0.547262E+02     0.542052E+02     0.544461E+02     0.533686E+02     0.542217E+02     0.545044E+02     0.540726E+02     0.558292E+02     0.553118E+02     0.550232E+02     0.549011E+02     0.544825E+02     0.551346E+02     0.547172E+02     0.543832E+02     0.547760E+02     0.537558E+02     0.537864E+02     0.534724E+02     0.525297E+02     0.521394E+02     0.515232E+02     0.514450E+02     0.511753E+02     0.508761E+02     0.510406E+02     0.505761E+02     0.506697E+02     0.506450E+02     0.504683E+02     0.504414E+02     0.502478E+02     0.499792E+02     0.497216E+02     0.495825E+02     0.492172E+02     0.490734E+02     0.489836E+02     0.491228E+02     0.488678E+02     0.498989E+02     0.497955E+02     0.502005E+02     0.511275E+02     0.508724E+02     0.511084E+02     0.512540E+02     0.507465E+02     0.501916E+02     0.500396E+02     0.495887E+02     0.491689E+02     0.491088E+02     0.477345E+02     0.476187E+02     0.471582E+02     0.466179E+02     0.465738E+02     0.467981E+02     0.467500E+02     0.467849E+02     0.468642E+02     0.468280E+02     0.467720E+02     0.467391E+02     0.466720E+02     0.466437E+02     0.465685E+02     0.100000E+21
 0.420000E+03     0.104675E+03     0.104660E+03     0.104210E+03     0.104043E+03     0.103620E+03     0.103404E+03     0.103059E+03     0.102797E+03     0.102205E+03     0.101693E+03     0.101203E+03     0.100613E+03     0.100339E+03     0.991454E+02     0.987602E+02     0.979219E+02     0.968787E+02     0.965427E+02     0.956616E+02     0.952649E+02     0.945847E+02     0.941985E+02     0.932501E+02     0.930322E+02     0.926514E+02     0.916846E+02     0.912042E+02     0.904175E+02     0.897837E+02     0.890570E+02     0.881479E+02     0.874775E+02     0.866716E+02     0.861270E+02     0.854204E+02     0.849887E+02     0.841445E+02     0.832857E+02     0.827270E+02     0.817194E+02     0.812552E+02     0.801229E+02     0.795217E+02     0.781583E+02     0.768754E+02     0.758065E+02     0.728795E+02     0.722882E+02     0.703151E+02     0.676481E+02     0.662247E+02     0.633877E+02     0.618132E+02     0.595566E+02     0.570408E+02     0.559355E+02     0.552810E+02     0.544066E+02     0.538395E+02     0.546213E+02     0.536188E+02     0.544843E+02     0.548892E+02     0.544381E+02     0.560092E+02     0.554231E+02     0.549551E+02     0.546918E+02     0.542361E+02     0.544098E+02     0.539446E+02     0.535240E+02     0.539259E+02     0.529708E+02     0.532022E+02     0.528631E+02     0.521158E+02     0.519629E+02     0.513749E+02     0.511670E+02     0.508048E+02     0.504155E+02     0.504285E+02     0.499935E+02     0.501918E+02     0.502570E+02     0.500691E+02     0.505542E+02     0.503348E+02     0.501201E+02     0.499240E+02     0.497749E+02     0.492664E+02     0.491047E+02     0.488776E+02     0.487967E+02     0.485550E+02     0.492747E+02     0.491614E+02     0.494485E+02     0.505483E+02     0.503137E+02     0.505799E+02     0.506745E+02     0.502045E+02     0.495130E+02     0.493698E+02     0.486254E+02     0.480549E+02     0.479899E+02     0.472140E+02     0.471061E+02     0.469051E+02     0.466425E+02     0.465961E+02     0.467946E+02     0.467402E+02     0.467642E+02     0.468677E+02     0.468280E+02     0.467720E+02     0.467356E+02     0.466720E+02     0.466401E+02     0.465702E+02     0.100000E+21
 0.440000E+03     0.104789E+03     0.104660E+03     0.104227E+03     0.104043E+03     0.103628E+03     0.103409E+03     0.103059E+03     0.102794E+03     0.102205E+03     0.101732E+03     0.101200E+03     0.100613E+03     0.100340E+03     0.991454E+02     0.986953E+02     0.979597E+02     0.968800E+02     0.965427E+02     0.956616E+02     0.952421E+02     0.945846E+02     0.941776E+02     0.932489E+02     0.930322E+02     0.926482E+02     0.917666E+02     0.912042E+02     0.904234E+02     0.897326E+02     0.890570E+02     0.881729E+02     0.874775E+02     0.867085E+02     0.861237E+02     0.854204E+02     0.849886E+02     0.841445E+02     0.833951E+02     0.827256E+02     0.817185E+02     0.812552E+02     0.801229E+02     0.794653E+02     0.783064E+02     0.768620E+02     0.758065E+02     0.728795E+02     0.722752E+02     0.708745E+02     0.675675E+02     0.662267E+02     0.626706E+02     0.618144E+02     0.597446E+02     0.570408E+02     0.559628E+02     0.552780E+02     0.544066E+02     0.538346E+02     0.546213E+02     0.537095E+02     0.544759E+02     0.548874E+02     0.544381E+02     0.560092E+02     0.553400E+02     0.548640E+02     0.546957E+02     0.542361E+02     0.544098E+02     0.539244E+02     0.532555E+02     0.538946E+02     0.529700E+02     0.532022E+02     0.528619E+02     0.521359E+02     0.519629E+02     0.513816E+02     0.511853E+02     0.508048E+02     0.504152E+02     0.504285E+02     0.500179E+02     0.502124E+02     0.502570E+02     0.500695E+02     0.505542E+02     0.502934E+02     0.501090E+02     0.499241E+02     0.497749E+02     0.492664E+02     0.490928E+02     0.488641E+02     0.487917E+02     0.485550E+02     0.492747E+02     0.491598E+02     0.491854E+02     0.505299E+02     0.503144E+02     0.506784E+02     0.506748E+02     0.502419E+02     0.495130E+02     0.493744E+02     0.485622E+02     0.480549E+02     0.479896E+02     0.472140E+02     0.471176E+02     0.469096E+02     0.466424E+02     0.465961E+02     0.467946E+02     0.467338E+02     0.467331E+02     0.468683E+02     0.468280E+02     0.467720E+02     0.467344E+02     0.466720E+02     0.466369E+02     0.465702E+02     0.100000E+21
 0.460000E+03     0.104693E+03     0.104670E+03     0.104221E+03     0.104047E+03     0.103627E+03     0.103403E+03     0.103052E+03     0.102789E+03     0.102180E+03     0.101675E+03     0.101158E+03     0.100546E+03     0.100272E+03     0.990439E+02     0.986637E+02     0.978132E+02     0.967267E+02     0.963832E+02     0.954962E+02     0.950953E+02     0.944329E+02     0.940193E+02     0.930565E+02     0.928870E+02     0.924756E+02     0.915550E+02     0.910750E+02     0.902676E+02     0.896553E+02     0.889164E+02     0.880327E+02     0.873811E+02     0.865779E+02     0.860342E+02     0.853287E+02     0.848985E+02     0.840905E+02     0.832530E+02     0.826849E+02     0.816904E+02     0.812246E+02     0.801647E+02     0.795494E+02     0.782677E+02     0.770526E+02     0.760027E+02     0.731357E+02     0.725709E+02     0.706110E+02     0.678314E+02     0.664559E+02     0.633700E+02     0.618117E+02     0.595324E+02     0.568731E+02     0.557521E+02     0.550736E+02     0.541449E+02     0.535885E+02     0.544221E+02     0.534499E+02     0.542631E+02     0.546352E+02     0.541836E+02     0.557038E+02     0.551433E+02     0.546079E+02     0.542592E+02     0.537780E+02     0.538342E+02     0.533441E+02     0.529563E+02     0.533017E+02     0.522737E+02     0.528184E+02     0.523906E+02     0.517793E+02     0.517626E+02     0.511418E+02     0.509805E+02     0.505925E+02     0.502354E+02     0.502972E+02     0.498661E+02     0.501106E+02     0.502196E+02     0.500320E+02     0.505189E+02     0.502992E+02     0.500963E+02     0.499181E+02     0.497684E+02     0.492875E+02     0.491224E+02     0.488809E+02     0.487761E+02     0.485337E+02     0.491044E+02     0.489630E+02     0.491790E+02     0.501872E+02     0.498943E+02     0.501501E+02     0.500537E+02     0.496344E+02     0.489618E+02     0.487663E+02     0.479656E+02     0.472719E+02     0.472380E+02     0.468730E+02     0.468050E+02     0.466846E+02     0.465541E+02     0.465067E+02     0.468077E+02     0.467509E+02     0.467664E+02     0.468679E+02     0.468280E+02     0.467720E+02     0.467352E+02     0.466720E+02     0.466395E+02     0.465703E+02     0.100000E+21
 0.480000E+03     0.104656E+03     0.104692E+03     0.104214E+03     0.104054E+03     0.103611E+03     0.103397E+03     0.103043E+03     0.102801E+03     0.102139E+03     0.101595E+03     0.101098E+03     0.100467E+03     0.100204E+03     0.988986E+02     0.985501E+02     0.976101E+02     0.965118E+02     0.961970E+02     0.952492E+02     0.948873E+02     0.941668E+02     0.938042E+02     0.928087E+02     0.926350E+02     0.922800E+02     0.912571E+02     0.908518E+02     0.900351E+02     0.894781E+02     0.887494E+02     0.878026E+02     0.872164E+02     0.863657E+02     0.859016E+02     0.852215E+02     0.848145E+02     0.840109E+02     0.830971E+02     0.826257E+02     0.816293E+02     0.811888E+02     0.802248E+02     0.796790E+02     0.783298E+02     0.773466E+02     0.762339E+02     0.735547E+02     0.730091E+02     0.707281E+02     0.682224E+02     0.667063E+02     0.638053E+02     0.618391E+02     0.591698E+02     0.565749E+02     0.554161E+02     0.547590E+02     0.538391E+02     0.533107E+02     0.541126E+02     0.530494E+02     0.539574E+02     0.543159E+02     0.538813E+02     0.552685E+02     0.547381E+02     0.541539E+02     0.536674E+02     0.532429E+02     0.529508E+02     0.525251E+02     0.521133E+02     0.524178E+02     0.514091E+02     0.521392E+02     0.518214E+02     0.512201E+02     0.514092E+02     0.507977E+02     0.506591E+02     0.503423E+02     0.499945E+02     0.500795E+02     0.496205E+02     0.499701E+02     0.501757E+02     0.499974E+02     0.504677E+02     0.502692E+02     0.500733E+02     0.499014E+02     0.497607E+02     0.493184E+02     0.491713E+02     0.488958E+02     0.487612E+02     0.485085E+02     0.488168E+02     0.487117E+02     0.489282E+02     0.496005E+02     0.493492E+02     0.493394E+02     0.493131E+02     0.487274E+02     0.479964E+02     0.478460E+02     0.470461E+02     0.463581E+02     0.462972E+02     0.463581E+02     0.462438E+02     0.463651E+02     0.464458E+02     0.464014E+02     0.468266E+02     0.467773E+02     0.467975E+02     0.468648E+02     0.468280E+02     0.467720E+02     0.467385E+02     0.466720E+02     0.466430E+02     0.465688E+02     0.100000E+21
 0.500000E+03     0.104638E+03     0.104696E+03     0.104207E+03     0.104054E+03     0.103603E+03     0.103397E+03     0.103043E+03     0.102808E+03     0.102139E+03     0.101582E+03     0.101099E+03     0.100467E+03     0.100208E+03     0.988986E+02     0.985661E+02     0.975975E+02     0.965044E+02     0.961970E+02     0.952492E+02     0.949015E+02     0.941664E+02     0.938178E+02     0.928039E+02     0.926350E+02     0.922893E+02     0.912369E+02     0.908518E+02     0.900240E+02     0.894866E+02     0.887494E+02     0.877820E+02     0.872164E+02     0.863470E+02     0.859019E+02     0.852215E+02     0.848230E+02     0.840109E+02     0.830731E+02     0.826269E+02     0.816214E+02     0.811888E+02     0.802248E+02     0.797025E+02     0.783081E+02     0.773633E+02     0.762339E+02     0.735547E+02     0.730264E+02     0.706242E+02     0.682488E+02     0.666939E+02     0.639312E+02     0.618481E+02     0.590617E+02     0.565749E+02     0.553949E+02     0.547619E+02     0.538391E+02     0.533247E+02     0.541126E+02     0.530231E+02     0.539602E+02     0.543106E+02     0.538813E+02     0.552685E+02     0.547622E+02     0.541720E+02     0.536562E+02     0.532429E+02     0.529508E+02     0.525408E+02     0.521500E+02     0.524337E+02     0.514035E+02     0.521392E+02     0.518288E+02     0.512291E+02     0.514092E+02     0.507888E+02     0.506527E+02     0.503423E+02     0.499972E+02     0.500795E+02     0.496104E+02     0.499612E+02     0.501757E+02     0.500006E+02     0.504677E+02     0.502783E+02     0.500777E+02     0.498985E+02     0.497607E+02     0.493184E+02     0.491774E+02     0.488952E+02     0.487656E+02     0.485085E+02     0.488168E+02     0.487148E+02     0.489682E+02     0.496053E+02     0.493469E+02     0.493354E+02     0.493142E+02     0.486993E+02     0.479964E+02     0.478430E+02     0.470676E+02     0.463581E+02     0.462986E+02     0.463581E+02     0.462409E+02     0.463671E+02     0.464451E+02     0.464014E+02     0.468266E+02     0.467795E+02     0.468040E+02     0.468637E+02     0.468280E+02     0.467720E+02     0.467397E+02     0.466720E+02     0.466443E+02     0.465683E+02     0.100000E+21
 0.520000E+03     0.104701E+03     0.104682E+03     0.104227E+03     0.104037E+03     0.103615E+03     0.103358E+03     0.102990E+03     0.102728E+03     0.102021E+03     0.101514E+03     0.100923E+03     0.100245E+03     0.999699E+02     0.985392E+02     0.981473E+02     0.972257E+02     0.960334E+02     0.956965E+02     0.946517E+02     0.942511E+02     0.935650E+02     0.931524E+02     0.922079E+02     0.920932E+02     0.917111E+02     0.908064E+02     0.904506E+02     0.896656E+02     0.891486E+02     0.884866E+02     0.876195E+02     0.870337E+02     0.862336E+02     0.857544E+02     0.851022E+02     0.846696E+02     0.839866E+02     0.831382E+02     0.826507E+02     0.817462E+02     0.812813E+02     0.805027E+02     0.798935E+02     0.787601E+02     0.778689E+02     0.768031E+02     0.743841E+02     0.737897E+02     0.718330E+02     0.690015E+02     0.675900E+02     0.641633E+02     0.624311E+02     0.599760E+02     0.568589E+02     0.557587E+02     0.548284E+02     0.537870E+02     0.532179E+02     0.538006E+02     0.528085E+02     0.535612E+02     0.538642E+02     0.534127E+02     0.548261E+02     0.542304E+02     0.537709E+02     0.535381E+02     0.530808E+02     0.528217E+02     0.523528E+02     0.518199E+02     0.520118E+02     0.510620E+02     0.518316E+02     0.514916E+02     0.509872E+02     0.514537E+02     0.508673E+02     0.507143E+02     0.503782E+02     0.499866E+02     0.499945E+02     0.495629E+02     0.498576E+02     0.500009E+02     0.498128E+02     0.500530E+02     0.498297E+02     0.496507E+02     0.495024E+02     0.493529E+02     0.494804E+02     0.493168E+02     0.491247E+02     0.491192E+02     0.488784E+02     0.489871E+02     0.488733E+02     0.488588E+02     0.492648E+02     0.490327E+02     0.487520E+02     0.485901E+02     0.480476E+02     0.471560E+02     0.470135E+02     0.462426E+02     0.456687E+02     0.456036E+02     0.459897E+02     0.458831E+02     0.461556E+02     0.464287E+02     0.463822E+02     0.468476E+02     0.467924E+02     0.467949E+02     0.468678E+02     0.468280E+02     0.467720E+02     0.467353E+02     0.466720E+02     0.466396E+02     0.465703E+02     0.100000E+21
 0.540000E+03     0.104712E+03     0.104686E+03     0.104227E+03     0.104037E+03     0.103611E+03     0.103358E+03     0.102990E+03     0.102733E+03     0.102021E+03     0.101513E+03     0.100922E+03     0.100245E+03     0.999749E+02     0.985392E+02     0.981458E+02     0.972330E+02     0.960260E+02     0.956965E+02     0.946517E+02     0.942560E+02     0.935657E+02     0.931566E+02     0.922018E+02     0.920932E+02     0.917195E+02     0.908112E+02     0.904506E+02     0.896568E+02     0.891457E+02     0.884866E+02     0.876104E+02     0.870337E+02     0.862292E+02     0.857546E+02     0.851022E+02     0.846789E+02     0.839866E+02     0.831410E+02     0.826497E+02     0.817368E+02     0.812813E+02     0.805027E+02     0.798965E+02     0.787685E+02     0.778799E+02     0.768031E+02     0.743841E+02     0.738017E+02     0.718881E+02     0.689973E+02     0.675775E+02     0.640745E+02     0.624418E+02     0.599589E+02     0.568589E+02     0.557489E+02     0.548235E+02     0.537870E+02     0.532305E+02     0.538006E+02     0.528096E+02     0.535601E+02     0.538571E+02     0.534127E+02     0.548261E+02     0.542294E+02     0.537581E+02     0.535280E+02     0.530808E+02     0.528217E+02     0.523600E+02     0.518009E+02     0.520141E+02     0.510553E+02     0.518316E+02     0.514991E+02     0.509840E+02     0.514537E+02     0.508612E+02     0.507181E+02     0.503782E+02     0.499867E+02     0.499945E+02     0.495616E+02     0.498610E+02     0.500009E+02     0.498166E+02     0.500530E+02     0.498287E+02     0.496487E+02     0.494991E+02     0.493529E+02     0.494804E+02     0.493182E+02     0.491209E+02     0.491213E+02     0.488784E+02     0.489871E+02     0.488757E+02     0.488487E+02     0.492634E+02     0.490307E+02     0.487463E+02     0.485915E+02     0.480379E+02     0.471560E+02     0.470125E+02     0.462338E+02     0.456687E+02     0.456050E+02     0.459897E+02     0.458833E+02     0.461541E+02     0.464279E+02     0.463822E+02     0.468476E+02     0.467925E+02     0.467915E+02     0.468670E+02     0.468280E+02     0.467720E+02     0.467360E+02     0.466720E+02     0.466396E+02     0.465697E+02     0.100000E+21
 0.560000E+03     0.104781E+03     0.104669E+03     0.104230E+03     0.104030E+03     0.103605E+03     0.103338E+03     0.102952E+03     0.102690E+03     0.101979E+03     0.101508E+03     0.100846E+03     0.100126E+03     0.998531E+02     0.983915E+02     0.980334E+02     0.971028E+02     0.957949E+02     0.954335E+02     0.944283E+02     0.940157E+02     0.934478E+02     0.928972E+02     0.918997E+02     0.919765E+02     0.914568E+02     0.907207E+02     0.903637E+02     0.895020E+02     0.890604E+02     0.883808E+02     0.875663E+02     0.870077E+02     0.862253E+02     0.857258E+02     0.850772E+02     0.846434E+02     0.840000E+02     0.832221E+02     0.826795E+02     0.818166E+02     0.813524E+02     0.806133E+02     0.799344E+02     0.789084E+02     0.780693E+02     0.770560E+02     0.746077E+02     0.741063E+02     0.724110E+02     0.692369E+02     0.680519E+02     0.637202E+02     0.629102E+02     0.604607E+02     0.569827E+02     0.560627E+02     0.549668E+02     0.539130E+02     0.533238E+02     0.537275E+02     0.528287E+02     0.534392E+02     0.536798E+02     0.532274E+02     0.547026E+02     0.541018E+02     0.536414E+02     0.535131E+02     0.530467E+02     0.528672E+02     0.523871E+02     0.516994E+02     0.520070E+02     0.510871E+02     0.518343E+02     0.514958E+02     0.509283E+02     0.514220E+02     0.508023E+02     0.506456E+02     0.501715E+02     0.498216E+02     0.498975E+02     0.494773E+02     0.497531E+02     0.498673E+02     0.496835E+02     0.498683E+02     0.497281E+02     0.494607E+02     0.492708E+02     0.491055E+02     0.493995E+02     0.492384E+02     0.490769E+02     0.491297E+02     0.488963E+02     0.490387E+02     0.489619E+02     0.488139E+02     0.492681E+02     0.490620E+02     0.487144E+02     0.485603E+02     0.480122E+02     0.470787E+02     0.468772E+02     0.460373E+02     0.454168E+02     0.453717E+02     0.458380E+02     0.458163E+02     0.460342E+02     0.463563E+02     0.463082E+02     0.468291E+02     0.467758E+02     0.467696E+02     0.468685E+02     0.468280E+02     0.467720E+02     0.467343E+02     0.466720E+02     0.466374E+02     0.465704E+02     0.100000E+21
 0.580000E+03     0.104670E+03     0.104657E+03     0.104184E+03     0.103986E+03     0.103555E+03     0.103282E+03     0.102898E+03     0.102645E+03     0.101856E+03     0.101337E+03     0.100697E+03     0.999603E+02     0.996920E+02     0.980866E+02     0.977080E+02     0.966948E+02     0.953969E+02     0.950709E+02     0.939125E+02     0.935265E+02     0.928194E+02     0.924083E+02     0.914424E+02     0.914302E+02     0.910610E+02     0.901913E+02     0.899843E+02     0.891848E+02     0.888236E+02     0.882302E+02     0.873818E+02     0.869004E+02     0.860822E+02     0.856624E+02     0.850427E+02     0.846230E+02     0.840298E+02     0.831616E+02     0.827521E+02     0.819036E+02     0.814513E+02     0.808447E+02     0.802570E+02     0.791873E+02     0.784970E+02     0.774109E+02     0.753211E+02     0.747480E+02     0.727805E+02     0.702024E+02     0.687533E+02     0.654289E+02     0.636421E+02     0.609741E+02     0.577511E+02     0.566276E+02     0.553667E+02     0.540871E+02     0.535373E+02     0.535369E+02     0.525227E+02     0.532070E+02     0.534058E+02     0.529634E+02     0.544505E+02     0.538752E+02     0.535215E+02     0.534413E+02     0.529995E+02     0.529811E+02     0.525293E+02     0.519643E+02     0.520849E+02     0.511119E+02     0.518501E+02     0.515210E+02     0.509537E+02     0.512504E+02     0.506531E+02     0.503186E+02     0.498816E+02     0.495125E+02     0.495665E+02     0.491256E+02     0.494838E+02     0.496814E+02     0.494984E+02     0.494760E+02     0.492602E+02     0.490709E+02     0.489087E+02     0.487637E+02     0.492235E+02     0.490658E+02     0.489707E+02     0.491673E+02     0.489218E+02     0.492348E+02     0.491250E+02     0.490702E+02     0.493429E+02     0.491043E+02     0.487318E+02     0.485195E+02     0.478182E+02     0.466814E+02     0.465359E+02     0.457053E+02     0.450694E+02     0.450063E+02     0.454769E+02     0.453679E+02     0.458031E+02     0.462496E+02     0.462042E+02     0.467912E+02     0.467379E+02     0.467622E+02     0.468664E+02     0.468280E+02     0.467720E+02     0.467367E+02     0.466720E+02     0.466407E+02     0.465695E+02     0.100000E+21
 0.600000E+03     0.104625E+03     0.104664E+03     0.104164E+03     0.103986E+03     0.103538E+03     0.103286E+03     0.102898E+03     0.102661E+03     0.101856E+03     0.101303E+03     0.100702E+03     0.999603E+02     0.997004E+02     0.980866E+02     0.977488E+02     0.966474E+02     0.953809E+02     0.950709E+02     0.939125E+02     0.935600E+02     0.928149E+02     0.924400E+02     0.914324E+02     0.914302E+02     0.910813E+02     0.901670E+02     0.899843E+02     0.891603E+02     0.888189E+02     0.882302E+02     0.873452E+02     0.869004E+02     0.860373E+02     0.856588E+02     0.850427E+02     0.846412E+02     0.840298E+02     0.831000E+02     0.827610E+02     0.818867E+02     0.814513E+02     0.808447E+02     0.803146E+02     0.791709E+02     0.785346E+02     0.774109E+02     0.753211E+02     0.747868E+02     0.725262E+02     0.702684E+02     0.687266E+02     0.657923E+02     0.636612E+02     0.606756E+02     0.577511E+02     0.565783E+02     0.554235E+02     0.540871E+02     0.535678E+02     0.535369E+02     0.524562E+02     0.532133E+02     0.533945E+02     0.529634E+02     0.544505E+02     0.539362E+02     0.536024E+02     0.534168E+02     0.529995E+02     0.529811E+02     0.525657E+02     0.520340E+02     0.521228E+02     0.510999E+02     0.518501E+02     0.515371E+02     0.509862E+02     0.512504E+02     0.506331E+02     0.503230E+02     0.498816E+02     0.495162E+02     0.495665E+02     0.491007E+02     0.494608E+02     0.496814E+02     0.495052E+02     0.494760E+02     0.492835E+02     0.490821E+02     0.489025E+02     0.487637E+02     0.492235E+02     0.490804E+02     0.490113E+02     0.491773E+02     0.489218E+02     0.492348E+02     0.491317E+02     0.491172E+02     0.493554E+02     0.490994E+02     0.487678E+02     0.485218E+02     0.477225E+02     0.466814E+02     0.465290E+02     0.457600E+02     0.450694E+02     0.450094E+02     0.454769E+02     0.453606E+02     0.458177E+02     0.462482E+02     0.462042E+02     0.467912E+02     0.467434E+02     0.467819E+02     0.468641E+02     0.468280E+02     0.467720E+02     0.467393E+02     0.466720E+02     0.466439E+02     0.465685E+02     0.100000E+21
 0.620000E+03     0.104704E+03     0.104602E+03     0.104150E+03     0.103915E+03     0.103500E+03     0.103179E+03     0.102787E+03     0.102520E+03     0.101674E+03     0.101193E+03     0.100447E+03     0.996586E+02     0.993829E+02     0.975992E+02     0.971654E+02     0.961841E+02     0.947238E+02     0.943840E+02     0.931021E+02     0.926852E+02     0.920125E+02     0.915503E+02     0.906212E+02     0.906852E+02     0.902988E+02     0.895138E+02     0.894315E+02     0.886527E+02     0.884488E+02     0.878993E+02     0.871198E+02     0.867064E+02     0.859319E+02     0.855050E+02     0.849046E+02     0.844693E+02     0.839380E+02     0.831576E+02     0.826708E+02     0.818703E+02     0.814034E+02     0.808654E+02     0.802175E+02     0.792789E+02     0.786847E+02     0.776304E+02     0.759436E+02     0.753376E+02     0.738695E+02     0.712169E+02     0.698621E+02     0.660962E+02     0.649352E+02     0.625146E+02     0.588854E+02     0.578056E+02     0.560157E+02     0.545797E+02     0.540041E+02     0.536434E+02     0.527117E+02     0.531754E+02     0.532535E+02     0.528011E+02     0.542621E+02     0.536111E+02     0.532744E+02     0.533649E+02     0.529023E+02     0.530204E+02     0.525364E+02     0.518825E+02     0.520712E+02     0.511435E+02     0.516570E+02     0.513141E+02     0.506290E+02     0.506146E+02     0.500342E+02     0.495876E+02     0.491242E+02     0.487846E+02     0.489238E+02     0.485089E+02     0.489445E+02     0.491860E+02     0.489970E+02     0.488852E+02     0.486361E+02     0.484127E+02     0.481788E+02     0.480284E+02     0.484575E+02     0.482856E+02     0.482000E+02     0.486507E+02     0.484137E+02     0.492373E+02     0.491218E+02     0.490447E+02     0.495349E+02     0.493157E+02     0.487193E+02     0.485216E+02     0.477828E+02     0.462163E+02     0.460771E+02     0.452269E+02     0.446692E+02     0.446035E+02     0.448090E+02     0.447098E+02     0.452442E+02     0.458484E+02     0.458017E+02     0.466649E+02     0.466055E+02     0.466487E+02     0.468685E+02     0.468280E+02     0.467720E+02     0.467344E+02     0.466720E+02     0.466376E+02     0.465704E+02     0.100000E+21
 0.640000E+03     0.104614E+03     0.104611E+03     0.104118E+03     0.103915E+03     0.103476E+03     0.103189E+03     0.102787E+03     0.102541E+03     0.101674E+03     0.101137E+03     0.100456E+03     0.996586E+02     0.993944E+02     0.975992E+02     0.972424E+02     0.960963E+02     0.947022E+02     0.943840E+02     0.931021E+02     0.927332E+02     0.919993E+02     0.915942E+02     0.906074E+02     0.906852E+02     0.903260E+02     0.894991E+02     0.894315E+02     0.886199E+02     0.884054E+02     0.878993E+02     0.870798E+02     0.867064E+02     0.858650E+02     0.854971E+02     0.849046E+02     0.844938E+02     0.839380E+02     0.830367E+02     0.826853E+02     0.818474E+02     0.814034E+02     0.808654E+02     0.803077E+02     0.792764E+02     0.787352E+02     0.776304E+02     0.759436E+02     0.753898E+02     0.734258E+02     0.713229E+02     0.698261E+02     0.668572E+02     0.649612E+02     0.620715E+02     0.588854E+02     0.577370E+02     0.561603E+02     0.545797E+02     0.540449E+02     0.536434E+02     0.525938E+02     0.531833E+02     0.532380E+02     0.528011E+02     0.542621E+02     0.537192E+02     0.534143E+02     0.533321E+02     0.529023E+02     0.530204E+02     0.525870E+02     0.520354E+02     0.521254E+02     0.511272E+02     0.516570E+02     0.513357E+02     0.506267E+02     0.506146E+02     0.500073E+02     0.496115E+02     0.491242E+02     0.487967E+02     0.489238E+02     0.484699E+02     0.489072E+02     0.491860E+02     0.490063E+02     0.488852E+02     0.486819E+02     0.484215E+02     0.481704E+02     0.480284E+02     0.484575E+02     0.483074E+02     0.483243E+02     0.486643E+02     0.484137E+02     0.492373E+02     0.491309E+02     0.491684E+02     0.495567E+02     0.493091E+02     0.488312E+02     0.485248E+02     0.476131E+02     0.462163E+02     0.460672E+02     0.453057E+02     0.446692E+02     0.446077E+02     0.448090E+02     0.446961E+02     0.452701E+02     0.458464E+02     0.458017E+02     0.466649E+02     0.466145E+02     0.466973E+02     0.468653E+02     0.468280E+02     0.467720E+02     0.467380E+02     0.466720E+02     0.466423E+02     0.465690E+02     0.100000E+21
 0.660000E+03     0.104692E+03     0.104586E+03     0.104134E+03     0.103904E+03     0.103476E+03     0.103158E+03     0.102746E+03     0.102488E+03     0.101637E+03     0.101157E+03     0.100386E+03     0.995587E+02     0.992872E+02     0.974711E+02     0.971017E+02     0.960378E+02     0.944867E+02     0.941268E+02     0.928884E+02     0.924755E+02     0.918754E+02     0.913191E+02     0.903119E+02     0.905513E+02     0.900422E+02     0.893697E+02     0.893192E+02     0.884458E+02     0.883466E+02     0.877390E+02     0.870028E+02     0.866495E+02     0.858525E+02     0.854226E+02     0.847930E+02     0.843690E+02     0.838403E+02     0.830961E+02     0.825533E+02     0.816894E+02     0.812180E+02     0.806899E+02     0.800857E+02     0.791549E+02     0.785122E+02     0.774156E+02     0.759151E+02     0.753019E+02     0.738646E+02     0.713549E+02     0.700621E+02     0.663060E+02     0.653847E+02     0.628504E+02     0.591319E+02     0.582532E+02     0.563669E+02     0.550336E+02     0.544110E+02     0.538257E+02     0.528336E+02     0.533023E+02     0.533024E+02     0.528527E+02     0.541595E+02     0.535561E+02     0.531782E+02     0.532009E+02     0.527219E+02     0.529611E+02     0.524741E+02     0.518576E+02     0.520070E+02     0.510478E+02     0.515769E+02     0.511406E+02     0.504703E+02     0.504533E+02     0.497198E+02     0.493866E+02     0.487869E+02     0.485443E+02     0.488017E+02     0.483758E+02     0.488130E+02     0.490553E+02     0.488736E+02     0.489003E+02     0.486476E+02     0.483983E+02     0.481159E+02     0.479624E+02     0.483317E+02     0.481756E+02     0.481374E+02     0.485710E+02     0.483123E+02     0.493157E+02     0.492547E+02     0.491358E+02     0.496457E+02     0.494979E+02     0.487899E+02     0.486049E+02     0.478370E+02     0.462596E+02     0.461451E+02     0.453695E+02     0.449648E+02     0.448730E+02     0.448846E+02     0.447538E+02     0.453090E+02     0.459059E+02     0.458609E+02     0.466852E+02     0.466201E+02     0.466593E+02     0.468681E+02     0.468280E+02     0.467720E+02     0.467348E+02     0.466720E+02     0.466378E+02     0.465702E+02     0.100000E+21
 0.680000E+03     0.104656E+03     0.104555E+03     0.104095E+03     0.103846E+03     0.103428E+03     0.103085E+03     0.102682E+03     0.102418E+03     0.101514E+03     0.101030E+03     0.100236E+03     0.994013E+02     0.991276E+02     0.971610E+02     0.967331E+02     0.956656E+02     0.940661E+02     0.937295E+02     0.923160E+02     0.919029E+02     0.912214E+02     0.907461E+02     0.898112E+02     0.899374E+02     0.895547E+02     0.887951E+02     0.888285E+02     0.880457E+02     0.879862E+02     0.874826E+02     0.867328E+02     0.864084E+02     0.856292E+02     0.852148E+02     0.846202E+02     0.841887E+02     0.835868E+02     0.827963E+02     0.822673E+02     0.813922E+02     0.809290E+02     0.802595E+02     0.796176E+02     0.786864E+02     0.781373E+02     0.770775E+02     0.758151E+02     0.752149E+02     0.738294E+02     0.717956E+02     0.704299E+02     0.672360E+02     0.661297E+02     0.637704E+02     0.604453E+02     0.593594E+02     0.573134E+02     0.557360E+02     0.551659E+02     0.543681E+02     0.534282E+02     0.536091E+02     0.533850E+02     0.529354E+02     0.539138E+02     0.532703E+02     0.528942E+02     0.529007E+02     0.524426E+02     0.527909E+02     0.523114E+02     0.516624E+02     0.518260E+02     0.508921E+02     0.511637E+02     0.508240E+02     0.500300E+02     0.496508E+02     0.490674E+02     0.486945E+02     0.482559E+02     0.480036E+02     0.483503E+02     0.479328E+02     0.485035E+02     0.488514E+02     0.486639E+02     0.489380E+02     0.486927E+02     0.483786E+02     0.480093E+02     0.478602E+02     0.480120E+02     0.478417E+02     0.478019E+02     0.483884E+02     0.481501E+02     0.496288E+02     0.495144E+02     0.494692E+02     0.500621E+02     0.498408E+02     0.490070E+02     0.487399E+02     0.479969E+02     0.464694E+02     0.463295E+02     0.457945E+02     0.454215E+02     0.453564E+02     0.450928E+02     0.449925E+02     0.454682E+02     0.460005E+02     0.459541E+02     0.467341E+02     0.466752E+02     0.466995E+02     0.468681E+02     0.468280E+02     0.467720E+02     0.467348E+02     0.466720E+02     0.466378E+02     0.465702E+02     0.100000E+21
 0.700000E+03     0.104583E+03     0.104563E+03     0.104062E+03     0.103846E+03     0.103406E+03     0.103099E+03     0.102682E+03     0.102437E+03     0.101514E+03     0.100977E+03     0.100246E+03     0.994013E+02     0.991371E+02     0.971610E+02     0.968042E+02     0.955650E+02     0.940477E+02     0.937295E+02     0.923160E+02     0.919471E+02     0.912053E+02     0.907865E+02     0.897998E+02     0.899374E+02     0.895782E+02     0.888008E+02     0.888285E+02     0.880169E+02     0.879175E+02     0.874826E+02     0.867040E+02     0.864084E+02     0.855670E+02     0.852065E+02     0.846202E+02     0.842094E+02     0.835868E+02     0.826855E+02     0.822771E+02     0.813731E+02     0.809290E+02     0.802595E+02     0.797018E+02     0.786911E+02     0.781823E+02     0.770775E+02     0.758151E+02     0.752613E+02     0.735411E+02     0.718960E+02     0.703992E+02     0.678237E+02     0.661514E+02     0.633880E+02     0.604453E+02     0.592969E+02     0.574868E+02     0.557360E+02     0.552012E+02     0.543681E+02     0.533185E+02     0.536149E+02     0.533723E+02     0.529354E+02     0.539138E+02     0.533709E+02     0.530197E+02     0.528723E+02     0.524426E+02     0.527909E+02     0.523575E+02     0.517990E+02     0.518767E+02     0.508785E+02     0.511637E+02     0.508425E+02     0.499731E+02     0.496508E+02     0.490435E+02     0.487055E+02     0.482559E+02     0.480307E+02     0.483503E+02     0.478964E+02     0.484604E+02     0.488514E+02     0.486717E+02     0.489380E+02     0.487347E+02     0.483756E+02     0.480021E+02     0.478602E+02     0.480120E+02     0.478619E+02     0.479475E+02     0.484007E+02     0.481501E+02     0.496288E+02     0.495223E+02     0.496061E+02     0.500827E+02     0.498351E+02     0.491634E+02     0.487426E+02     0.478430E+02     0.464694E+02     0.463204E+02     0.458397E+02     0.454215E+02     0.453599E+02     0.450928E+02     0.449799E+02     0.454909E+02     0.459988E+02     0.459541E+02     0.467341E+02     0.466836E+02     0.467386E+02     0.468653E+02     0.468280E+02     0.467720E+02     0.467380E+02     0.466720E+02     0.466423E+02     0.465690E+02     0.100000E+21
 0.720000E+03     0.104637E+03     0.104533E+03     0.104069E+03     0.103801E+03     0.103396E+03     0.103032E+03     0.102636E+03     0.102366E+03     0.101431E+03     0.100946E+03     0.100137E+03     0.992979E+02     0.990207E+02     0.969374E+02     0.964481E+02     0.953883E+02     0.937357E+02     0.934143E+02     0.918508E+02     0.914292E+02     0.906720E+02     0.902817E+02     0.894130E+02     0.894335E+02     0.891641E+02     0.883257E+02     0.884176E+02     0.877249E+02     0.876881E+02     0.872714E+02     0.865146E+02     0.862166E+02     0.854587E+02     0.850501E+02     0.844801E+02     0.840389E+02     0.833148E+02     0.824677E+02     0.819291E+02     0.810066E+02     0.805502E+02     0.796333E+02     0.789137E+02     0.779731E+02     0.775201E+02     0.765270E+02     0.754570E+02     0.749019E+02     0.735301E+02     0.720164E+02     0.706208E+02     0.679312E+02     0.667042E+02     0.645102E+02     0.614690E+02     0.601951E+02     0.580401E+02     0.562885E+02     0.557541E+02     0.547009E+02     0.538118E+02     0.538497E+02     0.535362E+02     0.530838E+02     0.539700E+02     0.533309E+02     0.529934E+02     0.530935E+02     0.526179E+02     0.531411E+02     0.526425E+02     0.520431E+02     0.520025E+02     0.510483E+02     0.510285E+02     0.507216E+02     0.498792E+02     0.492912E+02     0.487890E+02     0.484493E+02     0.480836E+02     0.478688E+02     0.484210E+02     0.480049E+02     0.485509E+02     0.488813E+02     0.486931E+02     0.490556E+02     0.488374E+02     0.485659E+02     0.482819E+02     0.481204E+02     0.483873E+02     0.482389E+02     0.481765E+02     0.484694E+02     0.482229E+02     0.496450E+02     0.495264E+02     0.494804E+02     0.501062E+02     0.498781E+02     0.489929E+02     0.487311E+02     0.480314E+02     0.466351E+02     0.464719E+02     0.461224E+02     0.457751E+02     0.457299E+02     0.452022E+02     0.451243E+02     0.455421E+02     0.460335E+02     0.459864E+02     0.467481E+02     0.466909E+02     0.467100E+02     0.468685E+02     0.468280E+02     0.467720E+02     0.467344E+02     0.466720E+02     0.466376E+02     0.465704E+02     0.100000E+21
 0.740000E+03     0.104546E+03     0.104532E+03     0.104009E+03     0.103793E+03     0.103345E+03     0.103035E+03     0.102603E+03     0.102366E+03     0.101402E+03     0.100849E+03     0.100104E+03     0.992231E+02     0.989632E+02     0.968259E+02     0.964881E+02     0.951025E+02     0.934924E+02     0.931824E+02     0.916425E+02     0.912900E+02     0.905250E+02     0.901211E+02     0.891135E+02     0.893119E+02     0.889630E+02     0.882188E+02     0.883131E+02     0.874892E+02     0.874745E+02     0.871207E+02     0.863745E+02     0.861654E+02     0.853023E+02     0.849608E+02     0.843773E+02     0.839758E+02     0.831886E+02     0.822588E+02     0.817602E+02     0.807092E+02     0.802738E+02     0.793257E+02     0.787956E+02     0.777522E+02     0.772524E+02     0.761287E+02     0.753378E+02     0.748036E+02     0.732999E+02     0.722322E+02     0.706904E+02     0.686583E+02     0.671362E+02     0.643163E+02     0.616705E+02     0.604977E+02     0.586168E+02     0.566943E+02     0.561751E+02     0.548340E+02     0.537533E+02     0.539775E+02     0.536207E+02     0.531895E+02     0.539983E+02     0.534839E+02     0.532383E+02     0.531638E+02     0.527466E+02     0.532865E+02     0.528711E+02     0.522296E+02     0.521538E+02     0.511309E+02     0.510007E+02     0.506876E+02     0.496888E+02     0.492136E+02     0.485963E+02     0.483517E+02     0.479590E+02     0.478896E+02     0.484432E+02     0.479775E+02     0.485171E+02     0.489031E+02     0.487269E+02     0.491126E+02     0.489201E+02     0.486775E+02     0.484502E+02     0.483115E+02     0.485649E+02     0.484219E+02     0.483575E+02     0.485303E+02     0.482747E+02     0.496497E+02     0.495466E+02     0.496769E+02     0.501474E+02     0.498914E+02     0.492154E+02     0.487297E+02     0.478498E+02     0.466724E+02     0.465200E+02     0.462801E+02     0.460352E+02     0.459752E+02     0.452498E+02     0.451336E+02     0.456065E+02     0.460537E+02     0.460097E+02     0.467552E+02     0.467073E+02     0.467614E+02     0.468641E+02     0.468280E+02     0.467720E+02     0.467393E+02     0.466720E+02     0.466439E+02     0.465685E+02     0.100000E+21
 0.760000E+03     0.104575E+03     0.104518E+03     0.104026E+03     0.103785E+03     0.103352E+03     0.103014E+03     0.102586E+03     0.102334E+03     0.101385E+03     0.100866E+03     0.100073E+03     0.991871E+02     0.989195E+02     0.967621E+02     0.963904E+02     0.950942E+02     0.933724E+02     0.930364E+02     0.915044E+02     0.911117E+02     0.904106E+02     0.899493E+02     0.889576E+02     0.892143E+02     0.888155E+02     0.881179E+02     0.882436E+02     0.874267E+02     0.874769E+02     0.870815E+02     0.863779E+02     0.861767E+02     0.853596E+02     0.849819E+02     0.844006E+02     0.839798E+02     0.831550E+02     0.822902E+02     0.816785E+02     0.805646E+02     0.801066E+02     0.790853E+02     0.785065E+02     0.775094E+02     0.768946E+02     0.757646E+02     0.751506E+02     0.745392E+02     0.732660E+02     0.721401E+02     0.706847E+02     0.684642E+02     0.672287E+02     0.646988E+02     0.617918E+02     0.606912E+02     0.586154E+02     0.568536E+02     0.562902E+02     0.548409E+02     0.538264E+02     0.539296E+02     0.535123E+02     0.530699E+02     0.538881E+02     0.533232E+02     0.530758E+02     0.531495E+02     0.527041E+02     0.533339E+02     0.528868E+02     0.522184E+02     0.521399E+02     0.511719E+02     0.510153E+02     0.506911E+02     0.497666E+02     0.492362E+02     0.486443E+02     0.484093E+02     0.480688E+02     0.479194E+02     0.484717E+02     0.480321E+02     0.485150E+02     0.487849E+02     0.486059E+02     0.490874E+02     0.488744E+02     0.487460E+02     0.486843E+02     0.485516E+02     0.487993E+02     0.486423E+02     0.484799E+02     0.486448E+02     0.484193E+02     0.495348E+02     0.493955E+02     0.494475E+02     0.499367E+02     0.496484E+02     0.490117E+02     0.486486E+02     0.479257E+02     0.466844E+02     0.465406E+02     0.463042E+02     0.461131E+02     0.460447E+02     0.452176E+02     0.451111E+02     0.455453E+02     0.459814E+02     0.459348E+02     0.467386E+02     0.466865E+02     0.467311E+02     0.468664E+02     0.468280E+02     0.467720E+02     0.467367E+02     0.466720E+02     0.466407E+02     0.465695E+02     0.100000E+21
 0.780000E+03     0.104625E+03     0.104500E+03     0.104037E+03     0.103761E+03     0.103346E+03     0.102971E+03     0.102557E+03     0.102291E+03     0.101342E+03     0.100864E+03     0.100010E+03     0.991273E+02     0.988516E+02     0.966115E+02     0.961720E+02     0.949877E+02     0.931375E+02     0.927976E+02     0.911661E+02     0.907480E+02     0.900775E+02     0.896117E+02     0.886836E+02     0.889456E+02     0.885590E+02     0.878445E+02     0.880571E+02     0.872787E+02     0.874624E+02     0.870158E+02     0.863421E+02     0.862073E+02     0.854349E+02     0.850260E+02     0.844388E+02     0.840034E+02     0.830736E+02     0.823037E+02     0.815050E+02     0.802984E+02     0.798314E+02     0.785151E+02     0.778638E+02     0.769000E+02     0.762138E+02     0.751603E+02     0.746573E+02     0.740507E+02     0.729175E+02     0.719984E+02     0.706486E+02     0.682484E+02     0.674060E+02     0.651900E+02     0.621303E+02     0.610519E+02     0.587807E+02     0.571146E+02     0.565386E+02     0.548584E+02     0.539336E+02     0.538245E+02     0.533213E+02     0.528688E+02     0.536294E+02     0.529721E+02     0.527510E+02     0.530973E+02     0.526345E+02     0.534526E+02     0.529675E+02     0.522525E+02     0.521589E+02     0.512329E+02     0.510560E+02     0.507131E+02     0.498763E+02     0.492980E+02     0.487180E+02     0.485994E+02     0.482511E+02     0.480524E+02     0.485474E+02     0.481340E+02     0.484464E+02     0.485901E+02     0.484011E+02     0.490271E+02     0.487741E+02     0.488568E+02     0.490955E+02     0.489451E+02     0.493630E+02     0.491905E+02     0.489654E+02     0.488989E+02     0.486622E+02     0.492247E+02     0.491092E+02     0.490039E+02     0.494046E+02     0.491866E+02     0.486794E+02     0.485123E+02     0.479109E+02     0.467177E+02     0.465788E+02     0.463992E+02     0.462404E+02     0.461747E+02     0.451380E+02     0.450397E+02     0.454251E+02     0.458569E+02     0.458102E+02     0.466997E+02     0.466398E+02     0.466711E+02     0.468685E+02     0.468280E+02     0.467720E+02     0.467343E+02     0.466720E+02     0.466374E+02     0.465704E+02     0.100000E+21
 0.800000E+03     0.104578E+03     0.104504E+03     0.104019E+03     0.103761E+03     0.103335E+03     0.102980E+03     0.102557E+03     0.102301E+03     0.101342E+03     0.100834E+03     0.100014E+03     0.991273E+02     0.988575E+02     0.966115E+02     0.962181E+02     0.949292E+02     0.931270E+02     0.927976E+02     0.911661E+02     0.907704E+02     0.900689E+02     0.896313E+02     0.886765E+02     0.889456E+02     0.885719E+02     0.878645E+02     0.880571E+02     0.872633E+02     0.873947E+02     0.870158E+02     0.863362E+02     0.862073E+02     0.854028E+02     0.850220E+02     0.844388E+02     0.840155E+02     0.830736E+02     0.822279E+02     0.815004E+02     0.802869E+02     0.798314E+02     0.785151E+02     0.779088E+02     0.768896E+02     0.762371E+02     0.751603E+02     0.746573E+02     0.740749E+02     0.728844E+02     0.720509E+02     0.706311E+02     0.685266E+02     0.674191E+02     0.650211E+02     0.621303E+02     0.610203E+02     0.588747E+02     0.571146E+02     0.565581E+02     0.548584E+02     0.538675E+02     0.538262E+02     0.533133E+02     0.528688E+02     0.536294E+02     0.530327E+02     0.528328E+02     0.530817E+02     0.526345E+02     0.534526E+02     0.529909E+02     0.523077E+02     0.521835E+02     0.512247E+02     0.510560E+02     0.507235E+02     0.498316E+02     0.492980E+02     0.487055E+02     0.485817E+02     0.482511E+02     0.480722E+02     0.485474E+02     0.481145E+02     0.484338E+02     0.485901E+02     0.484058E+02     0.490271E+02     0.488028E+02     0.488783E+02     0.490913E+02     0.489451E+02     0.493630E+02     0.492009E+02     0.489743E+02     0.489051E+02     0.486622E+02     0.492247E+02     0.491134E+02     0.490641E+02     0.494162E+02     0.491834E+02     0.487347E+02     0.485139E+02     0.478532E+02     0.467177E+02     0.465742E+02     0.464034E+02     0.462404E+02     0.461767E+02     0.451380E+02     0.450316E+02     0.454330E+02     0.458559E+02     0.458102E+02     0.466997E+02     0.466446E+02     0.466935E+02     0.468670E+02     0.468280E+02     0.467720E+02     0.467360E+02     0.466720E+02     0.466396E+02     0.465697E+02     0.100000E+21
 0.820000E+03     0.104568E+03     0.104497E+03     0.104015E+03     0.103756E+03     0.103335E+03     0.102978E+03     0.102553E+03     0.102291E+03     0.101339E+03     0.100831E+03     0.100008E+03     0.991161E+02     0.988411E+02     0.965604E+02     0.961642E+02     0.948410E+02     0.930345E+02     0.927006E+02     0.910388E+02     0.906379E+02     0.899427E+02     0.895353E+02     0.885972E+02     0.889141E+02     0.885352E+02     0.878545E+02     0.881045E+02     0.873152E+02     0.875030E+02     0.871501E+02     0.865099E+02     0.864753E+02     0.856680E+02     0.852945E+02     0.847020E+02     0.842753E+02     0.832837E+02     0.824519E+02     0.816556E+02     0.803780E+02     0.799119E+02     0.784751E+02     0.778640E+02     0.768197E+02     0.761065E+02     0.750472E+02     0.745547E+02     0.739670E+02     0.728034E+02     0.720727E+02     0.706597E+02     0.686530E+02     0.674962E+02     0.651286E+02     0.622156E+02     0.611098E+02     0.589664E+02     0.571675E+02     0.566005E+02     0.548904E+02     0.538999E+02     0.537930E+02     0.532272E+02     0.527757E+02     0.536738E+02     0.530816E+02     0.529177E+02     0.531823E+02     0.527217E+02     0.537350E+02     0.532604E+02     0.526449E+02     0.525828E+02     0.516020E+02     0.513977E+02     0.510185E+02     0.501949E+02     0.497885E+02     0.491592E+02     0.491437E+02     0.487861E+02     0.485137E+02     0.487027E+02     0.482707E+02     0.483256E+02     0.483076E+02     0.481153E+02     0.487540E+02     0.485072E+02     0.487207E+02     0.490976E+02     0.489481E+02     0.495196E+02     0.493601E+02     0.491091E+02     0.489487E+02     0.487050E+02     0.488417E+02     0.487604E+02     0.486603E+02     0.489225E+02     0.487357E+02     0.486029E+02     0.485022E+02     0.479172E+02     0.469642E+02     0.468098E+02     0.465895E+02     0.463808E+02     0.463200E+02     0.452552E+02     0.451562E+02     0.454656E+02     0.457929E+02     0.457469E+02     0.466861E+02     0.466301E+02     0.466894E+02     0.468678E+02     0.468280E+02     0.467720E+02     0.467353E+02     0.466720E+02     0.466396E+02     0.465703E+02     0.100000E+21
 0.840000E+03     0.104527E+03     0.104507E+03     0.103975E+03     0.103753E+03     0.103302E+03     0.102989E+03     0.102550E+03     0.102315E+03     0.101336E+03     0.100779E+03     0.100013E+03     0.991063E+02     0.988478E+02     0.965232E+02     0.961907E+02     0.946693E+02     0.929234E+02     0.926160E+02     0.909495E+02     0.906018E+02     0.898669E+02     0.895187E+02     0.885048E+02     0.888947E+02     0.885490E+02     0.878962E+02     0.881340E+02     0.873062E+02     0.874749E+02     0.872657E+02     0.866429E+02     0.866434E+02     0.857739E+02     0.854781E+02     0.849313E+02     0.845327E+02     0.834329E+02     0.824950E+02     0.817483E+02     0.804144E+02     0.799818E+02     0.784462E+02     0.779239E+02     0.767432E+02     0.760788E+02     0.749493E+02     0.744880E+02     0.739597E+02     0.727552E+02     0.721784E+02     0.706236E+02     0.689334E+02     0.676070E+02     0.647952E+02     0.622675E+02     0.610874E+02     0.591869E+02     0.572136E+02     0.566992E+02     0.549122E+02     0.538227E+02     0.537713E+02     0.531249E+02     0.526956E+02     0.537064E+02     0.532000E+02     0.531119E+02     0.532110E+02     0.527976E+02     0.539289E+02     0.535188E+02     0.529266E+02     0.529214E+02     0.518912E+02     0.516060E+02     0.512955E+02     0.503907E+02     0.500882E+02     0.494678E+02     0.494602E+02     0.492491E+02     0.488347E+02     0.488026E+02     0.483334E+02     0.482509E+02     0.480622E+02     0.478870E+02     0.485571E+02     0.483676E+02     0.486822E+02     0.490884E+02     0.489507E+02     0.496316E+02     0.494906E+02     0.491745E+02     0.489989E+02     0.487419E+02     0.485990E+02     0.484970E+02     0.484489E+02     0.486243E+02     0.483659E+02     0.484500E+02     0.484981E+02     0.478587E+02     0.471158E+02     0.469624E+02     0.467384E+02     0.465033E+02     0.464439E+02     0.453368E+02     0.452197E+02     0.454981E+02     0.457359E+02     0.456921E+02     0.466762E+02     0.466292E+02     0.467199E+02     0.468637E+02     0.468280E+02     0.467720E+02     0.467397E+02     0.466720E+02     0.466443E+02     0.465683E+02     0.100000E+21
 0.860000E+03     0.104538E+03     0.104504E+03     0.103985E+03     0.103753E+03     0.103309E+03     0.102985E+03     0.102550E+03     0.102308E+03     0.101336E+03     0.100792E+03     0.100010E+03     0.991063E+02     0.988439E+02     0.965232E+02     0.961747E+02     0.947036E+02     0.929308E+02     0.926160E+02     0.909495E+02     0.905876E+02     0.898673E+02     0.895051E+02     0.885095E+02     0.888947E+02     0.885397E+02     0.878837E+02     0.881340E+02     0.873172E+02     0.875027E+02     0.872657E+02     0.866429E+02     0.866434E+02     0.857926E+02     0.854813E+02     0.849313E+02     0.845243E+02     0.834329E+02     0.825190E+02     0.817533E+02     0.804223E+02     0.799818E+02     0.784462E+02     0.779004E+02     0.767510E+02     0.760620E+02     0.749493E+02     0.744880E+02     0.739424E+02     0.727579E+02     0.721521E+02     0.706359E+02     0.688677E+02     0.675980E+02     0.649051E+02     0.622675E+02     0.611087E+02     0.591371E+02     0.572136E+02     0.566853E+02     0.549122E+02     0.538490E+02     0.537703E+02     0.531302E+02     0.526956E+02     0.537064E+02     0.531759E+02     0.530694E+02     0.532222E+02     0.527976E+02     0.539289E+02     0.535031E+02     0.529062E+02     0.529055E+02     0.518968E+02     0.516060E+02     0.512881E+02     0.504058E+02     0.500882E+02     0.494767E+02     0.494728E+02     0.492491E+02     0.488357E+02     0.488026E+02     0.483436E+02     0.482531E+02     0.480622E+02     0.478839E+02     0.485571E+02     0.483585E+02     0.486624E+02     0.490914E+02     0.489507E+02     0.496316E+02     0.494845E+02     0.491774E+02     0.489945E+02     0.487419E+02     0.485990E+02     0.484940E+02     0.484343E+02     0.486194E+02     0.483681E+02     0.484591E+02     0.484970E+02     0.478884E+02     0.471158E+02     0.469654E+02     0.467338E+02     0.465033E+02     0.464425E+02     0.453368E+02     0.452225E+02     0.454943E+02     0.457365E+02     0.456921E+02     0.466762E+02     0.466270E+02     0.467097E+02     0.468648E+02     0.468280E+02     0.467720E+02     0.467385E+02     0.466720E+02     0.466430E+02     0.465688E+02     0.100000E+21
 0.880000E+03     0.104571E+03     0.104497E+03     0.104018E+03     0.103764E+03     0.103343E+03     0.102995E+03     0.102577E+03     0.102314E+03     0.101376E+03     0.100871E+03     0.100041E+03     0.991449E+02     0.988700E+02     0.965438E+02     0.961495E+02     0.948095E+02     0.929614E+02     0.926242E+02     0.909700E+02     0.905681E+02     0.899067E+02     0.895482E+02     0.886051E+02     0.890851E+02     0.887026E+02     0.880814E+02     0.884779E+02     0.876935E+02     0.880698E+02     0.878233E+02     0.872646E+02     0.874201E+02     0.866219E+02     0.863052E+02     0.857759E+02     0.853430E+02     0.841842E+02     0.833396E+02     0.824818E+02     0.811171E+02     0.806520E+02     0.791234E+02     0.785114E+02     0.774266E+02     0.766203E+02     0.755556E+02     0.747990E+02     0.742036E+02     0.729512E+02     0.719290E+02     0.705217E+02     0.681658E+02     0.669065E+02     0.643958E+02     0.610933E+02     0.599948E+02     0.578071E+02     0.560014E+02     0.554317E+02     0.541922E+02     0.532039E+02     0.531886E+02     0.527116E+02     0.522600E+02     0.537479E+02     0.531487E+02     0.529924E+02     0.532828E+02     0.528250E+02     0.542623E+02     0.537921E+02     0.532822E+02     0.535493E+02     0.526013E+02     0.523901E+02     0.520499E+02     0.513792E+02     0.514140E+02     0.508282E+02     0.509295E+02     0.507202E+02     0.500801E+02     0.495019E+02     0.490716E+02     0.484925E+02     0.479095E+02     0.477213E+02     0.483975E+02     0.481727E+02     0.484877E+02     0.490282E+02     0.488786E+02     0.496096E+02     0.494454E+02     0.491284E+02     0.488465E+02     0.486061E+02     0.479813E+02     0.478674E+02     0.477920E+02     0.480482E+02     0.478169E+02     0.483933E+02     0.486026E+02     0.481518E+02     0.474783E+02     0.473361E+02     0.468694E+02     0.465060E+02     0.464408E+02     0.455508E+02     0.454446E+02     0.456957E+02     0.459461E+02     0.458996E+02     0.467485E+02     0.466930E+02     0.467291E+02     0.468679E+02     0.468280E+02     0.467720E+02     0.467352E+02     0.466720E+02     0.466395E+02     0.465703E+02     0.100000E+21
 0.900000E+03     0.104638E+03     0.104497E+03     0.104039E+03     0.103764E+03     0.103349E+03     0.102983E+03     0.102577E+03     0.102312E+03     0.101376E+03     0.100903E+03     0.100033E+03     0.991449E+02     0.988713E+02     0.965438E+02     0.960938E+02     0.949095E+02     0.929615E+02     0.926242E+02     0.909700E+02     0.905505E+02     0.898986E+02     0.895320E+02     0.886034E+02     0.890851E+02     0.887011E+02     0.880261E+02     0.884779E+02     0.876971E+02     0.882205E+02     0.878233E+02     0.872603E+02     0.874201E+02     0.866511E+02     0.863157E+02     0.857759E+02     0.853440E+02     0.841842E+02     0.834349E+02     0.824966E+02     0.811152E+02     0.806520E+02     0.791234E+02     0.784658E+02     0.774666E+02     0.766111E+02     0.755556E+02     0.747990E+02     0.741948E+02     0.730422E+02     0.718625E+02     0.705217E+02     0.676872E+02     0.669088E+02     0.645887E+02     0.610933E+02     0.600153E+02     0.576523E+02     0.560014E+02     0.554293E+02     0.541922E+02     0.532803E+02     0.531857E+02     0.527094E+02     0.522600E+02     0.537479E+02     0.530787E+02     0.528579E+02     0.532847E+02     0.528250E+02     0.542623E+02     0.537770E+02     0.530894E+02     0.535244E+02     0.525999E+02     0.523901E+02     0.520498E+02     0.513756E+02     0.514140E+02     0.508327E+02     0.509929E+02     0.507202E+02     0.500894E+02     0.495019E+02     0.490913E+02     0.484810E+02     0.479095E+02     0.477220E+02     0.483975E+02     0.481366E+02     0.484312E+02     0.490278E+02     0.488786E+02     0.496096E+02     0.494359E+02     0.491584E+02     0.488428E+02     0.486061E+02     0.479813E+02     0.478664E+02     0.477257E+02     0.480327E+02     0.478173E+02     0.485470E+02     0.486030E+02     0.481796E+02     0.474783E+02     0.473397E+02     0.468398E+02     0.465060E+02     0.464408E+02     0.455508E+02     0.454545E+02     0.456866E+02     0.459459E+02     0.458996E+02     0.467485E+02     0.466878E+02     0.466989E+02     0.468683E+02     0.468280E+02     0.467720E+02     0.467344E+02     0.466720E+02     0.466369E+02     0.465702E+02     0.100000E+21
 0.920000E+03     0.104564E+03     0.104500E+03     0.104019E+03     0.103775E+03     0.103352E+03     0.103015E+03     0.102600E+03     0.102338E+03     0.101406E+03     0.100893E+03     0.100073E+03     0.991769E+02     0.989022E+02     0.965798E+02     0.961931E+02     0.948301E+02     0.930133E+02     0.926781E+02     0.910345E+02     0.906377E+02     0.899770E+02     0.896368E+02     0.886916E+02     0.892160E+02     0.888426E+02     0.882513E+02     0.886966E+02     0.879210E+02     0.883383E+02     0.881831E+02     0.876480E+02     0.878591E+02     0.870593E+02     0.867665E+02     0.862713E+02     0.858342E+02     0.846093E+02     0.837338E+02     0.828981E+02     0.815424E+02     0.810813E+02     0.795947E+02     0.789825E+02     0.778755E+02     0.770913E+02     0.760356E+02     0.750295E+02     0.744465E+02     0.730418E+02     0.717834E+02     0.703522E+02     0.678406E+02     0.663608E+02     0.637740E+02     0.604377E+02     0.593088E+02     0.572862E+02     0.555034E+02     0.549456E+02     0.541638E+02     0.531620E+02     0.534093E+02     0.532018E+02     0.527507E+02     0.544095E+02     0.537982E+02     0.535947E+02     0.537571E+02     0.533105E+02     0.545341E+02     0.540719E+02     0.535543E+02     0.537721E+02     0.528260E+02     0.525690E+02     0.522415E+02     0.516089E+02     0.517426E+02     0.511706E+02     0.512064E+02     0.509995E+02     0.502848E+02     0.495731E+02     0.491381E+02     0.484905E+02     0.478349E+02     0.476475E+02     0.483999E+02     0.481804E+02     0.485391E+02     0.491168E+02     0.489686E+02     0.497411E+02     0.495777E+02     0.492456E+02     0.489633E+02     0.487254E+02     0.479935E+02     0.478808E+02     0.478572E+02     0.481962E+02     0.479689E+02     0.485813E+02     0.488680E+02     0.483765E+02     0.476551E+02     0.475163E+02     0.468414E+02     0.463019E+02     0.462399E+02     0.455464E+02     0.454387E+02     0.457082E+02     0.459739E+02     0.459276E+02     0.467524E+02     0.466979E+02     0.467373E+02     0.468677E+02     0.468280E+02     0.467720E+02     0.467356E+02     0.466720E+02     0.466401E+02     0.465702E+02     0.100000E+21
 0.940000E+03     0.104537E+03     0.104514E+03     0.103998E+03     0.103788E+03     0.103340E+03     0.103044E+03     0.102624E+03     0.102386E+03     0.101441E+03     0.100890E+03     0.100116E+03     0.992109E+02     0.989505E+02     0.966210E+02     0.962812E+02     0.947920E+02     0.930462E+02     0.927353E+02     0.911096E+02     0.907553E+02     0.900677E+02     0.897731E+02     0.887678E+02     0.893755E+02     0.890255E+02     0.885025E+02     0.889629E+02     0.881403E+02     0.885927E+02     0.885672E+02     0.881089E+02     0.883917E+02     0.875309E+02     0.872905E+02     0.867970E+02     0.863944E+02     0.851015E+02     0.841746E+02     0.833657E+02     0.819738E+02     0.815374E+02     0.801361E+02     0.796031E+02     0.783976E+02     0.776681E+02     0.765465E+02     0.753055E+02     0.747691E+02     0.730665E+02     0.716647E+02     0.701276E+02     0.676229E+02     0.658037E+02     0.627380E+02     0.596331E+02     0.584629E+02     0.567504E+02     0.549751E+02     0.544541E+02     0.541304E+02     0.530529E+02     0.536660E+02     0.537064E+02     0.532746E+02     0.551669E+02     0.546496E+02     0.543633E+02     0.542442E+02     0.538256E+02     0.548530E+02     0.544356E+02     0.539331E+02     0.540691E+02     0.530489E+02     0.527883E+02     0.524743E+02     0.519065E+02     0.521451E+02     0.515289E+02     0.515174E+02     0.512968E+02     0.504446E+02     0.496586E+02     0.491941E+02     0.485014E+02     0.477555E+02     0.475789E+02     0.484026E+02     0.482090E+02     0.486426E+02     0.492031E+02     0.490640E+02     0.498929E+02     0.497491E+02     0.493752E+02     0.491077E+02     0.488526E+02     0.480082E+02     0.479048E+02     0.479857E+02     0.483842E+02     0.481290E+02     0.487483E+02     0.491562E+02     0.485667E+02     0.478710E+02     0.477190E+02     0.468524E+02     0.460854E+02     0.460253E+02     0.455412E+02     0.454253E+02     0.457303E+02     0.460014E+02     0.459574E+02     0.467569E+02     0.467088E+02     0.467614E+02     0.468642E+02     0.468280E+02     0.467720E+02     0.467391E+02     0.466720E+02     0.466437E+02     0.465685E+02     0.100000E+21
 0.960000E+03     0.104533E+03     0.104515E+03     0.103995E+03     0.103788E+03     0.103338E+03     0.103045E+03     0.102624E+03     0.102388E+03     0.101441E+03     0.100885E+03     0.100117E+03     0.992109E+02     0.989519E+02     0.966210E+02     0.962864E+02     0.947811E+02     0.930437E+02     0.927353E+02     0.911096E+02     0.907600E+02     0.900686E+02     0.897776E+02     0.887661E+02     0.893755E+02     0.890286E+02     0.885102E+02     0.889629E+02     0.881366E+02     0.885793E+02     0.885672E+02     0.881122E+02     0.883917E+02     0.875247E+02     0.872890E+02     0.867970E+02     0.863973E+02     0.851015E+02     0.841667E+02     0.833637E+02     0.819711E+02     0.815374E+02     0.801361E+02     0.796109E+02     0.783943E+02     0.776737E+02     0.765465E+02     0.753055E+02     0.747749E+02     0.730512E+02     0.716733E+02     0.701234E+02     0.676577E+02     0.658068E+02     0.626942E+02     0.596331E+02     0.584558E+02     0.567639E+02     0.549751E+02     0.544588E+02     0.541304E+02     0.530443E+02     0.536668E+02     0.537046E+02     0.532746E+02     0.551669E+02     0.546575E+02     0.543739E+02     0.542404E+02     0.538256E+02     0.548530E+02     0.544409E+02     0.539421E+02     0.540744E+02     0.530470E+02     0.527883E+02     0.524768E+02     0.519103E+02     0.521451E+02     0.515259E+02     0.515134E+02     0.512968E+02     0.504361E+02     0.496586E+02     0.491907E+02     0.485037E+02     0.477555E+02     0.475800E+02     0.484026E+02     0.482120E+02     0.486502E+02     0.492022E+02     0.490640E+02     0.498929E+02     0.497512E+02     0.493728E+02     0.491091E+02     0.488526E+02     0.480082E+02     0.479058E+02     0.479943E+02     0.483858E+02     0.481283E+02     0.487363E+02     0.491566E+02     0.485576E+02     0.478710E+02     0.477181E+02     0.468601E+02     0.460854E+02     0.460257E+02     0.455412E+02     0.454244E+02     0.457316E+02     0.460012E+02     0.459574E+02     0.467569E+02     0.467095E+02     0.467640E+02     0.468638E+02     0.468280E+02     0.467720E+02     0.467395E+02     0.466720E+02     0.466441E+02     0.465684E+02     0.100000E+21
 0.980000E+03     0.104567E+03     0.104505E+03     0.104031E+03     0.103807E+03     0.103383E+03     0.103071E+03     0.102667E+03     0.102406E+03     0.101502E+03     0.100989E+03     0.100169E+03     0.992727E+02     0.989982E+02     0.966963E+02     0.963119E+02     0.949669E+02     0.931826E+02     0.928467E+02     0.912414E+02     0.908452E+02     0.902009E+02     0.898917E+02     0.889428E+02     0.896554E+02     0.892748E+02     0.887846E+02     0.894633E+02     0.886764E+02     0.893653E+02     0.893219E+02     0.888859E+02     0.893227E+02     0.885161E+02     0.882304E+02     0.877232E+02     0.872916E+02     0.858974E+02     0.850374E+02     0.841550E+02     0.827484E+02     0.822843E+02     0.810086E+02     0.804082E+02     0.792978E+02     0.784927E+02     0.774234E+02     0.757247E+02     0.751339E+02     0.733499E+02     0.711511E+02     0.697262E+02     0.663099E+02     0.644569E+02     0.617539E+02     0.581791E+02     0.570732E+02     0.555156E+02     0.540551E+02     0.534882E+02     0.542118E+02     0.532080E+02     0.541316E+02     0.545942E+02     0.541431E+02     0.562942E+02     0.557093E+02     0.551957E+02     0.548577E+02     0.544022E+02     0.545461E+02     0.540814E+02     0.534873E+02     0.534997E+02     0.525439E+02     0.524940E+02     0.521550E+02     0.517275E+02     0.523530E+02     0.517648E+02     0.517483E+02     0.514925E+02     0.507314E+02     0.498903E+02     0.494549E+02     0.487565E+02     0.480632E+02     0.478753E+02     0.488622E+02     0.486432E+02     0.490801E+02     0.497598E+02     0.496107E+02     0.504906E+02     0.503292E+02     0.499473E+02     0.495595E+02     0.493176E+02     0.485037E+02     0.483905E+02     0.484446E+02     0.489747E+02     0.487398E+02     0.491680E+02     0.493431E+02     0.487108E+02     0.476373E+02     0.474940E+02     0.464211E+02     0.456167E+02     0.455517E+02     0.452631E+02     0.451551E+02     0.455690E+02     0.459950E+02     0.459485E+02     0.467235E+02     0.466692E+02     0.467196E+02     0.468676E+02     0.468280E+02     0.467720E+02     0.467356E+02     0.466720E+02     0.466402E+02     0.465702E+02     0.100000E+21
 0.100000E+04     0.104608E+03     0.104507E+03     0.104046E+03     0.103807E+03     0.103387E+03     0.103063E+03     0.102667E+03     0.102405E+03     0.101502E+03     0.101013E+03     0.100162E+03     0.992727E+02     0.990005E+02     0.966963E+02     0.962762E+02     0.950494E+02     0.931810E+02     0.928467E+02     0.912414E+02     0.908316E+02     0.901880E+02     0.898790E+02     0.889400E+02     0.896554E+02     0.892754E+02     0.887105E+02     0.894633E+02     0.886776E+02     0.895267E+02     0.893219E+02     0.888770E+02     0.893227E+02     0.885388E+02     0.882409E+02     0.877232E+02     0.872946E+02     0.858974E+02     0.850937E+02     0.841697E+02     0.827446E+02     0.822843E+02     0.810086E+02     0.803732E+02     0.793301E+02     0.784872E+02     0.774234E+02     0.757247E+02     0.751289E+02     0.735950E+02     0.710984E+02     0.697234E+02     0.658164E+02     0.644613E+02     0.619255E+02     0.581791E+02     0.570884E+02     0.554354E+02     0.540551E+02     0.534890E+02     0.542118E+02     0.532613E+02     0.541254E+02     0.545906E+02     0.541431E+02     0.562942E+02     0.556605E+02     0.551394E+02     0.548571E+02     0.544022E+02     0.545461E+02     0.540702E+02     0.534123E+02     0.534796E+02     0.525412E+02     0.524940E+02     0.521567E+02     0.516735E+02     0.523530E+02     0.517674E+02     0.517848E+02     0.514925E+02     0.507396E+02     0.498903E+02     0.494700E+02     0.487424E+02     0.480632E+02     0.478768E+02     0.488622E+02     0.486219E+02     0.490222E+02     0.497588E+02     0.496107E+02     0.504906E+02     0.503218E+02     0.499862E+02     0.495567E+02     0.493176E+02     0.485037E+02     0.483902E+02     0.483599E+02     0.489630E+02     0.487397E+02     0.492530E+02     0.493437E+02     0.487461E+02     0.476373E+02     0.474968E+02     0.463541E+02     0.456167E+02     0.455520E+02     0.452631E+02     0.451614E+02     0.455572E+02     0.459946E+02     0.459485E+02     0.467235E+02     0.466653E+02     0.466934E+02     0.468678E+02     0.468280E+02     0.467720E+02     0.467350E+02     0.466720E+02     0.466381E+02     0.465700E+02     0.100000E+21
 0.102000E+04     0.104594E+03     0.104500E+03     0.104041E+03     0.103807E+03     0.103389E+03     0.103069E+03     0.102675E+03     0.102409E+03     0.101513E+03     0.101019E+03     0.100179E+03     0.992919E+02     0.990161E+02     0.967147E+02     0.962966E+02     0.950440E+02     0.932122E+02     0.928752E+02     0.912659E+02     0.908553E+02     0.902147E+02     0.899170E+02     0.889896E+02     0.897198E+02     0.893656E+02     0.888191E+02     0.895824E+02     0.888519E+02     0.896326E+02     0.895845E+02     0.891091E+02     0.895140E+02     0.887566E+02     0.884664E+02     0.879936E+02     0.875464E+02     0.860664E+02     0.851994E+02     0.843215E+02     0.829138E+02     0.824526E+02     0.811389E+02     0.804875E+02     0.794132E+02     0.785742E+02     0.775285E+02     0.756889E+02     0.750779E+02     0.734427E+02     0.709167E+02     0.694728E+02     0.657285E+02     0.639976E+02     0.615460E+02     0.579195E+02     0.567355E+02     0.552397E+02     0.538831E+02     0.533238E+02     0.544041E+02     0.534078E+02     0.543757E+02     0.549310E+02     0.544788E+02     0.565528E+02     0.558596E+02     0.553301E+02     0.549828E+02     0.545328E+02     0.544776E+02     0.539949E+02     0.533423E+02     0.532791E+02     0.522936E+02     0.523484E+02     0.519239E+02     0.515510E+02     0.522922E+02     0.516824E+02     0.516547E+02     0.512711E+02     0.506090E+02     0.498615E+02     0.494387E+02     0.488564E+02     0.483560E+02     0.481582E+02     0.492579E+02     0.488975E+02     0.494285E+02     0.502258E+02     0.500985E+02     0.508283E+02     0.506298E+02     0.502392E+02     0.498964E+02     0.497156E+02     0.487595E+02     0.487388E+02     0.486244E+02     0.492128E+02     0.490819E+02     0.493805E+02     0.495017E+02     0.488506E+02     0.476789E+02     0.475495E+02     0.464142E+02     0.456532E+02     0.455853E+02     0.450919E+02     0.450327E+02     0.454598E+02     0.459781E+02     0.459313E+02     0.467112E+02     0.466564E+02     0.466952E+02     0.468682E+02     0.468280E+02     0.467720E+02     0.467348E+02     0.466720E+02     0.466385E+02     0.465704E+02     0.100000E+21
 0.104000E+04     0.104547E+03     0.104502E+03     0.104011E+03     0.103806E+03     0.103369E+03     0.103084E+03     0.102685E+03     0.102438E+03     0.101539E+03     0.101006E+03     0.100214E+03     0.993168E+02     0.990518E+02     0.967468E+02     0.963857E+02     0.949864E+02     0.932314E+02     0.929116E+02     0.913124E+02     0.909400E+02     0.902886E+02     0.900201E+02     0.890377E+02     0.898908E+02     0.895295E+02     0.891238E+02     0.898932E+02     0.890842E+02     0.898517E+02     0.899281E+02     0.895415E+02     0.900015E+02     0.891648E+02     0.888693E+02     0.883389E+02     0.879263E+02     0.863787E+02     0.854839E+02     0.845843E+02     0.831145E+02     0.826688E+02     0.813698E+02     0.808060E+02     0.796019E+02     0.787652E+02     0.776644E+02     0.756071E+02     0.750493E+02     0.729706E+02     0.705598E+02     0.690728E+02     0.655456E+02     0.634027E+02     0.604985E+02     0.571811E+02     0.560379E+02     0.549062E+02     0.536633E+02     0.531254E+02     0.547974E+02     0.537549E+02     0.548148E+02     0.553566E+02     0.549185E+02     0.570021E+02     0.564527E+02     0.557589E+02     0.551319E+02     0.546997E+02     0.543408E+02     0.539036E+02     0.531698E+02     0.529306E+02     0.519376E+02     0.519403E+02     0.516174E+02     0.513178E+02     0.521235E+02     0.515183E+02     0.513346E+02     0.509845E+02     0.503171E+02     0.497936E+02     0.493423E+02     0.490749E+02     0.487321E+02     0.485517E+02     0.499655E+02     0.497598E+02     0.502148E+02     0.508643E+02     0.507217E+02     0.514430E+02     0.512914E+02     0.508746E+02     0.504859E+02     0.502364E+02     0.493910E+02     0.492838E+02     0.493539E+02     0.498250E+02     0.495792E+02     0.496829E+02     0.497158E+02     0.489469E+02     0.477920E+02     0.476437E+02     0.465662E+02     0.456997E+02     0.456378E+02     0.447610E+02     0.446489E+02     0.452943E+02     0.459538E+02     0.459089E+02     0.466900E+02     0.466390E+02     0.467093E+02     0.468655E+02     0.468280E+02     0.467720E+02     0.467377E+02     0.466720E+02     0.466420E+02     0.465691E+02     0.100000E+21
 0.106000E+04     0.104527E+03     0.104507E+03     0.103996E+03     0.103806E+03     0.103356E+03     0.103088E+03     0.102685E+03     0.102450E+03     0.101539E+03     0.100983E+03     0.100220E+03     0.993168E+02     0.990581E+02     0.967468E+02     0.964132E+02     0.949280E+02     0.932195E+02     0.929116E+02     0.913124E+02     0.909637E+02     0.902972E+02     0.900428E+02     0.890302E+02     0.898908E+02     0.895445E+02     0.891882E+02     0.898932E+02     0.890662E+02     0.897544E+02     0.899281E+02     0.895676E+02     0.900015E+02     0.891333E+02     0.888626E+02     0.883389E+02     0.879397E+02     0.863787E+02     0.854425E+02     0.845709E+02     0.831020E+02     0.826688E+02     0.813698E+02     0.808459E+02     0.795774E+02     0.787926E+02     0.776644E+02     0.756071E+02     0.750776E+02     0.728049E+02     0.706052E+02     0.690530E+02     0.658171E+02     0.634169E+02     0.602724E+02     0.571811E+02     0.560026E+02     0.549393E+02     0.536633E+02     0.531479E+02     0.547974E+02     0.537097E+02     0.548202E+02     0.553482E+02     0.549185E+02     0.570021E+02     0.564941E+02     0.557804E+02     0.551138E+02     0.546997E+02     0.543408E+02     0.539296E+02     0.531839E+02     0.529574E+02     0.519287E+02     0.519403E+02     0.516292E+02     0.513814E+02     0.521235E+02     0.515038E+02     0.513266E+02     0.509845E+02     0.502903E+02     0.497936E+02     0.493251E+02     0.490755E+02     0.487321E+02     0.485568E+02     0.499655E+02     0.497755E+02     0.502588E+02     0.508596E+02     0.507217E+02     0.514430E+02     0.513016E+02     0.508522E+02     0.504931E+02     0.502364E+02     0.493910E+02     0.492887E+02     0.494040E+02     0.498335E+02     0.495756E+02     0.496660E+02     0.497176E+02     0.488748E+02     0.477920E+02     0.476388E+02     0.466173E+02     0.456997E+02     0.456401E+02     0.447610E+02     0.446440E+02     0.453084E+02     0.459527E+02     0.459089E+02     0.466900E+02     0.466427E+02     0.467270E+02     0.468638E+02     0.468280E+02     0.467720E+02     0.467396E+02     0.466720E+02     0.466442E+02     0.465683E+02     0.100000E+21
 0.108000E+04     0.104559E+03     0.104462E+03     0.104003E+03     0.103777E+03     0.103359E+03     0.103056E+03     0.102667E+03     0.102403E+03     0.101544E+03     0.101048E+03     0.100222E+03     0.993422E+02     0.990668E+02     0.967800E+02     0.963718E+02     0.951058E+02     0.932821E+02     0.929436E+02     0.913520E+02     0.909435E+02     0.903296E+02     0.900918E+02     0.891551E+02     0.901135E+02     0.897291E+02     0.892738E+02     0.902444E+02     0.894628E+02     0.904229E+02     0.903541E+02     0.899272E+02     0.904211E+02     0.896330E+02     0.892684E+02     0.887066E+02     0.882724E+02     0.867044E+02     0.858815E+02     0.849039E+02     0.834035E+02     0.829373E+02     0.814941E+02     0.808672E+02     0.796816E+02     0.785608E+02     0.775011E+02     0.751428E+02     0.745423E+02     0.727708E+02     0.699143E+02     0.685288E+02     0.646238E+02     0.629950E+02     0.605326E+02     0.571169E+02     0.560269E+02     0.550341E+02     0.539788E+02     0.534061E+02     0.555770E+02     0.546099E+02     0.553789E+02     0.557293E+02     0.552772E+02     0.568666E+02     0.562481E+02     0.555354E+02     0.548673E+02     0.544071E+02     0.541979E+02     0.537215E+02     0.529661E+02     0.526024E+02     0.516635E+02     0.516399E+02     0.512983E+02     0.509239E+02     0.518437E+02     0.512605E+02     0.509122E+02     0.504796E+02     0.499952E+02     0.497779E+02     0.493540E+02     0.495267E+02     0.495646E+02     0.493759E+02     0.510085E+02     0.507756E+02     0.512232E+02     0.519856E+02     0.518356E+02     0.521473E+02     0.519799E+02     0.516027E+02     0.511238E+02     0.508849E+02     0.504791E+02     0.503644E+02     0.503393E+02     0.508224E+02     0.505959E+02     0.503243E+02     0.501823E+02     0.494740E+02     0.480891E+02     0.479483E+02     0.467015E+02     0.458544E+02     0.457889E+02     0.451543E+02     0.450506E+02     0.455584E+02     0.461129E+02     0.460663E+02     0.467717E+02     0.467146E+02     0.467364E+02     0.468682E+02     0.468280E+02     0.467720E+02     0.467349E+02     0.466720E+02     0.466387E+02     0.465704E+02     0.100000E+21
 0.110000E+04     0.104535E+03     0.104469E+03     0.103986E+03     0.103777E+03     0.103344E+03     0.103060E+03     0.102667E+03     0.102416E+03     0.101544E+03     0.101020E+03     0.100227E+03     0.993422E+02     0.990752E+02     0.967800E+02     0.964075E+02     0.950443E+02     0.932673E+02     0.929436E+02     0.913520E+02     0.909707E+02     0.903460E+02     0.901166E+02     0.891451E+02     0.901135E+02     0.897472E+02     0.893591E+02     0.902444E+02     0.894415E+02     0.902955E+02     0.903541E+02     0.899560E+02     0.904211E+02     0.895965E+02     0.892627E+02     0.887066E+02     0.882896E+02     0.867044E+02     0.858268E+02     0.848897E+02     0.833871E+02     0.829373E+02     0.814941E+02     0.809146E+02     0.796342E+02     0.785924E+02     0.775011E+02     0.751428E+02     0.745752E+02     0.725455E+02     0.699660E+02     0.685042E+02     0.649751E+02     0.630137E+02     0.603023E+02     0.571169E+02     0.559866E+02     0.550552E+02     0.539788E+02     0.534333E+02     0.555770E+02     0.545529E+02     0.553835E+02     0.557179E+02     0.552772E+02     0.568666E+02     0.563004E+02     0.555524E+02     0.548454E+02     0.544071E+02     0.541979E+02     0.537512E+02     0.529735E+02     0.526316E+02     0.516518E+02     0.516399E+02     0.513131E+02     0.509978E+02     0.518437E+02     0.512436E+02     0.509155E+02     0.504796E+02     0.499833E+02     0.497779E+02     0.493335E+02     0.495157E+02     0.495646E+02     0.493826E+02     0.510085E+02     0.507963E+02     0.512697E+02     0.519797E+02     0.518356E+02     0.521473E+02     0.519918E+02     0.515700E+02     0.511319E+02     0.508849E+02     0.504791E+02     0.503703E+02     0.503964E+02     0.508325E+02     0.505915E+02     0.503422E+02     0.501846E+02     0.493876E+02     0.480891E+02     0.479427E+02     0.467588E+02     0.458544E+02     0.457918E+02     0.451543E+02     0.450443E+02     0.455699E+02     0.461115E+02     0.460663E+02     0.467717E+02     0.467192E+02     0.467526E+02     0.468661E+02     0.468280E+02     0.467720E+02     0.467370E+02     0.466720E+02     0.466411E+02     0.465694E+02     0.100000E+21
 0.112000E+04     0.104618E+03     0.104443E+03     0.104001E+03     0.103775E+03     0.103346E+03     0.103041E+03     0.102649E+03     0.102385E+03     0.101539E+03     0.101067E+03     0.100215E+03     0.993462E+02     0.990709E+02     0.967902E+02     0.963288E+02     0.951711E+02     0.933001E+02     0.929625E+02     0.913780E+02     0.909575E+02     0.903133E+02     0.901343E+02     0.892244E+02     0.901461E+02     0.898183E+02     0.892332E+02     0.902853E+02     0.895634E+02     0.906455E+02     0.904550E+02     0.899922E+02     0.904525E+02     0.897020E+02     0.893319E+02     0.887888E+02     0.883487E+02     0.867851E+02     0.859828E+02     0.850033E+02     0.835246E+02     0.830641E+02     0.815424E+02     0.808710E+02     0.797464E+02     0.785064E+02     0.774427E+02     0.750703E+02     0.744207E+02     0.731396E+02     0.698164E+02     0.684377E+02     0.638806E+02     0.630401E+02     0.607365E+02     0.571502E+02     0.562226E+02     0.551432E+02     0.541367E+02     0.535430E+02     0.556987E+02     0.547351E+02     0.554024E+02     0.556055E+02     0.551538E+02     0.565369E+02     0.560451E+02     0.553022E+02     0.546534E+02     0.541626E+02     0.542197E+02     0.537363E+02     0.529599E+02     0.526867E+02     0.518039E+02     0.516681E+02     0.514338E+02     0.509110E+02     0.518434E+02     0.512625E+02     0.508968E+02     0.504410E+02     0.499957E+02     0.498046E+02     0.493969E+02     0.495788E+02     0.496262E+02     0.494348E+02     0.510675E+02     0.507505E+02     0.512067E+02     0.519628E+02     0.518110E+02     0.520817E+02     0.519183E+02     0.516230E+02     0.510799E+02     0.508323E+02     0.505367E+02     0.504792E+02     0.502928E+02     0.508169E+02     0.506062E+02     0.502816E+02     0.501067E+02     0.494384E+02     0.480564E+02     0.478679E+02     0.466111E+02     0.458498E+02     0.457846E+02     0.452532E+02     0.450925E+02     0.456316E+02     0.461799E+02     0.461349E+02     0.467876E+02     0.467203E+02     0.467253E+02     0.468685E+02     0.468280E+02     0.467720E+02     0.467343E+02     0.466720E+02     0.466371E+02     0.465704E+02     0.100000E+21
 0.114000E+04     0.104517E+03     0.104415E+03     0.103948E+03     0.103724E+03     0.103301E+03     0.103009E+03     0.102622E+03     0.102362E+03     0.101520E+03     0.101018E+03     0.100216E+03     0.993522E+02     0.990809E+02     0.968135E+02     0.964129E+02     0.951363E+02     0.933223E+02     0.929903E+02     0.914456E+02     0.910452E+02     0.904478E+02     0.902767E+02     0.893277E+02     0.903674E+02     0.899906E+02     0.895505E+02     0.905271E+02     0.897370E+02     0.906686E+02     0.906086E+02     0.901761E+02     0.906243E+02     0.898264E+02     0.894708E+02     0.889099E+02     0.884835E+02     0.869870E+02     0.861526E+02     0.851987E+02     0.837106E+02     0.832522E+02     0.816556E+02     0.810406E+02     0.797432E+02     0.784268E+02     0.773553E+02     0.747942E+02     0.742062E+02     0.724106E+02     0.696741E+02     0.682672E+02     0.646965E+02     0.631205E+02     0.607303E+02     0.577370E+02     0.566339E+02     0.555116E+02     0.543694E+02     0.538082E+02     0.560619E+02     0.550823E+02     0.554709E+02     0.554122E+02     0.549658E+02     0.557872E+02     0.551802E+02     0.546268E+02     0.542533E+02     0.538024E+02     0.542818E+02     0.538150E+02     0.531222E+02     0.529745E+02     0.520224E+02     0.520094E+02     0.516743E+02     0.512101E+02     0.518400E+02     0.512504E+02     0.508454E+02     0.503832E+02     0.499660E+02     0.499156E+02     0.494866E+02     0.496713E+02     0.497175E+02     0.495319E+02     0.512077E+02     0.509791E+02     0.513219E+02     0.519221E+02     0.517748E+02     0.519215E+02     0.517572E+02     0.513988E+02     0.509936E+02     0.507520E+02     0.508137E+02     0.507014E+02     0.506071E+02     0.508516E+02     0.506215E+02     0.501939E+02     0.499904E+02     0.492227E+02     0.477841E+02     0.476416E+02     0.465819E+02     0.458429E+02     0.457787E+02     0.455197E+02     0.454146E+02     0.458350E+02     0.462837E+02     0.462378E+02     0.468240E+02     0.467680E+02     0.467736E+02     0.468673E+02     0.468280E+02     0.467720E+02     0.467356E+02     0.466720E+02     0.466392E+02     0.465699E+02     0.100000E+21
 0.116000E+04     0.104485E+03     0.104422E+03     0.103920E+03     0.103724E+03     0.103280E+03     0.103015E+03     0.102622E+03     0.102381E+03     0.101520E+03     0.100974E+03     0.100226E+03     0.993522E+02     0.990905E+02     0.968135E+02     0.964681E+02     0.950244E+02     0.933038E+02     0.929903E+02     0.914456E+02     0.910863E+02     0.904853E+02     0.903151E+02     0.893162E+02     0.903674E+02     0.900141E+02     0.896949E+02     0.905271E+02     0.897084E+02     0.904562E+02     0.906086E+02     0.902155E+02     0.906243E+02     0.897700E+02     0.894603E+02     0.889099E+02     0.885044E+02     0.869870E+02     0.860686E+02     0.851731E+02     0.836913E+02     0.832522E+02     0.816556E+02     0.811143E+02     0.796295E+02     0.784711E+02     0.773553E+02     0.747942E+02     0.742518E+02     0.720564E+02     0.697598E+02     0.682364E+02     0.652213E+02     0.631424E+02     0.604008E+02     0.577370E+02     0.565743E+02     0.555660E+02     0.543694E+02     0.538436E+02     0.560619E+02     0.549937E+02     0.554773E+02     0.553994E+02     0.549658E+02     0.557872E+02     0.552613E+02     0.546938E+02     0.542249E+02     0.538024E+02     0.542818E+02     0.538590E+02     0.531709E+02     0.530214E+02     0.520087E+02     0.520094E+02     0.516928E+02     0.512953E+02     0.518400E+02     0.512269E+02     0.508603E+02     0.503832E+02     0.499621E+02     0.499156E+02     0.494547E+02     0.496500E+02     0.497175E+02     0.495397E+02     0.512077E+02     0.510109E+02     0.513961E+02     0.519149E+02     0.517748E+02     0.519215E+02     0.517756E+02     0.513548E+02     0.510055E+02     0.507520E+02     0.508137E+02     0.507092E+02     0.506641E+02     0.508684E+02     0.506157E+02     0.502505E+02     0.499931E+02     0.490810E+02     0.477841E+02     0.476331E+02     0.466713E+02     0.458429E+02     0.457823E+02     0.455197E+02     0.454049E+02     0.458534E+02     0.462821E+02     0.462378E+02     0.468240E+02     0.467751E+02     0.467973E+02     0.468646E+02     0.468280E+02     0.467720E+02     0.467387E+02     0.466720E+02     0.466432E+02     0.465687E+02     0.100000E+21
 0.118000E+04     0.104522E+03     0.104355E+03     0.103907E+03     0.103669E+03     0.103255E+03     0.102953E+03     0.102571E+03     0.102305E+03     0.101486E+03     0.101014E+03     0.100198E+03     0.993559E+02     0.990805E+02     0.968730E+02     0.964174E+02     0.952822E+02     0.934579E+02     0.931183E+02     0.916691E+02     0.912489E+02     0.906332E+02     0.905569E+02     0.896302E+02     0.906380E+02     0.902516E+02     0.896922E+02     0.906802E+02     0.899018E+02     0.909015E+02     0.906216E+02     0.901497E+02     0.905550E+02     0.897866E+02     0.894333E+02     0.888847E+02     0.884498E+02     0.871104E+02     0.863822E+02     0.853716E+02     0.839295E+02     0.834631E+02     0.817633E+02     0.811049E+02     0.798987E+02     0.783099E+02     0.772569E+02     0.746344E+02     0.740272E+02     0.727013E+02     0.696793E+02     0.683392E+02     0.642164E+02     0.634000E+02     0.613364E+02     0.586691E+02     0.575930E+02     0.561476E+02     0.549104E+02     0.543347E+02     0.559880E+02     0.550798E+02     0.552271E+02     0.550051E+02     0.545532E+02     0.546007E+02     0.539281E+02     0.535125E+02     0.534467E+02     0.529841E+02     0.542455E+02     0.537588E+02     0.530464E+02     0.537914E+02     0.528679E+02     0.527924E+02     0.524497E+02     0.518492E+02     0.521720E+02     0.515923E+02     0.510026E+02     0.505005E+02     0.500907E+02     0.500531E+02     0.496428E+02     0.496688E+02     0.495880E+02     0.493992E+02     0.509144E+02     0.506455E+02     0.508372E+02     0.512355E+02     0.510852E+02     0.513467E+02     0.511728E+02     0.509229E+02     0.507440E+02     0.505076E+02     0.506802E+02     0.505646E+02     0.504271E+02     0.507567E+02     0.505415E+02     0.500753E+02     0.499385E+02     0.492165E+02     0.476564E+02     0.475180E+02     0.464316E+02     0.457556E+02     0.456899E+02     0.453971E+02     0.453017E+02     0.457088E+02     0.461730E+02     0.461264E+02     0.468037E+02     0.467429E+02     0.467421E+02     0.468685E+02     0.468280E+02     0.467720E+02     0.467343E+02     0.466720E+02     0.466370E+02     0.465704E+02     0.100000E+21
 0.120000E+04     0.104450E+03     0.104366E+03     0.103865E+03     0.103669E+03     0.103225E+03     0.102962E+03     0.102571E+03     0.102331E+03     0.101486E+03     0.100940E+03     0.100212E+03     0.993559E+02     0.990942E+02     0.968730E+02     0.965276E+02     0.951143E+02     0.934318E+02     0.931183E+02     0.916691E+02     0.913099E+02     0.907379E+02     0.906127E+02     0.896138E+02     0.906380E+02     0.902848E+02     0.899226E+02     0.906802E+02     0.898615E+02     0.905258E+02     0.906216E+02     0.901989E+02     0.905550E+02     0.897007E+02     0.894148E+02     0.888847E+02     0.884792E+02     0.871104E+02     0.861920E+02     0.853376E+02     0.839022E+02     0.834631E+02     0.817633E+02     0.812219E+02     0.796527E+02     0.783727E+02     0.772569E+02     0.746344E+02     0.740920E+02     0.719782E+02     0.698191E+02     0.682957E+02     0.654210E+02     0.634310E+02     0.609212E+02     0.586691E+02     0.575064E+02     0.562778E+02     0.549104E+02     0.543845E+02     0.559880E+02     0.549198E+02     0.552350E+02     0.549868E+02     0.545532E+02     0.546007E+02     0.540748E+02     0.536663E+02     0.534066E+02     0.529841E+02     0.542455E+02     0.538227E+02     0.534713E+02     0.538612E+02     0.528486E+02     0.527924E+02     0.524758E+02     0.519148E+02     0.521720E+02     0.515589E+02     0.510665E+02     0.505005E+02     0.500866E+02     0.500531E+02     0.495922E+02     0.496476E+02     0.495880E+02     0.494103E+02     0.509144E+02     0.507176E+02     0.509218E+02     0.512254E+02     0.510852E+02     0.513467E+02     0.512007E+02     0.509122E+02     0.507611E+02     0.505076E+02     0.506802E+02     0.505757E+02     0.505494E+02     0.507861E+02     0.505335E+02     0.501873E+02     0.499423E+02     0.490025E+02     0.476564E+02     0.475054E+02     0.465658E+02     0.457556E+02     0.456949E+02     0.453971E+02     0.452822E+02     0.457362E+02     0.461707E+02     0.461264E+02     0.468037E+02     0.467549E+02     0.467856E+02     0.468646E+02     0.468280E+02     0.467720E+02     0.467387E+02     0.466720E+02     0.466432E+02     0.465687E+02     0.100000E+21
 0.122000E+04     0.104469E+03     0.104343E+03     0.103881E+03     0.103662E+03     0.103235E+03     0.102949E+03     0.102561E+03     0.102303E+03     0.101481E+03     0.100979E+03     0.100200E+03     0.993599E+02     0.990885E+02     0.969031E+02     0.964952E+02     0.952687E+02     0.935364E+02     0.932121E+02     0.917723E+02     0.913746E+02     0.907755E+02     0.906852E+02     0.897637E+02     0.906810E+02     0.903256E+02     0.898083E+02     0.906595E+02     0.898604E+02     0.906724E+02     0.905049E+02     0.900590E+02     0.904655E+02     0.896539E+02     0.893323E+02     0.887742E+02     0.883546E+02     0.870828E+02     0.862549E+02     0.853519E+02     0.839373E+02     0.834795E+02     0.817971E+02     0.811781E+02     0.798261E+02     0.783938E+02     0.773337E+02     0.747320E+02     0.741732E+02     0.724090E+02     0.698758E+02     0.685214E+02     0.650411E+02     0.635870E+02     0.613469E+02     0.587939E+02     0.577338E+02     0.562312E+02     0.548146E+02     0.542633E+02     0.558773E+02     0.549124E+02     0.551627E+02     0.549848E+02     0.545384E+02     0.546542E+02     0.540357E+02     0.536707E+02     0.536391E+02     0.532117E+02     0.544763E+02     0.540350E+02     0.535257E+02     0.541371E+02     0.532776E+02     0.529630E+02     0.527263E+02     0.520079E+02     0.522130E+02     0.516410E+02     0.510586E+02     0.505220E+02     0.501122E+02     0.500751E+02     0.496471E+02     0.497133E+02     0.496879E+02     0.494983E+02     0.507252E+02     0.505442E+02     0.506216E+02     0.508387E+02     0.506658E+02     0.509687E+02     0.508227E+02     0.506648E+02     0.505102E+02     0.502184E+02     0.505624E+02     0.504028E+02     0.504007E+02     0.507218E+02     0.504724E+02     0.501113E+02     0.499301E+02     0.491577E+02     0.476794E+02     0.475427E+02     0.464827E+02     0.457308E+02     0.456687E+02     0.454146E+02     0.453060E+02     0.457004E+02     0.461033E+02     0.460559E+02     0.468049E+02     0.467487E+02     0.467606E+02     0.468673E+02     0.468280E+02     0.467720E+02     0.467356E+02     0.466720E+02     0.466392E+02     0.465699E+02     0.100000E+21
 0.124000E+04     0.104474E+03     0.104313E+03     0.103866E+03     0.103636E+03     0.103221E+03     0.102923E+03     0.102543E+03     0.102277E+03     0.101464E+03     0.100991E+03     0.100192E+03     0.993664E+02     0.990913E+02     0.969762E+02     0.965219E+02     0.954340E+02     0.937015E+02     0.933622E+02     0.920396E+02     0.916198E+02     0.910051E+02     0.909281E+02     0.900009E+02     0.908244E+02     0.904383E+02     0.898322E+02     0.905921E+02     0.898134E+02     0.906323E+02     0.903123E+02     0.898214E+02     0.901749E+02     0.894061E+02     0.891085E+02     0.885971E+02     0.881625E+02     0.870126E+02     0.862787E+02     0.853332E+02     0.839721E+02     0.835061E+02     0.818798E+02     0.812221E+02     0.800329E+02     0.785121E+02     0.774587E+02     0.750251E+02     0.744183E+02     0.730970E+02     0.702305E+02     0.688894E+02     0.647306E+02     0.638842E+02     0.618368E+02     0.592286E+02     0.581519E+02     0.561616E+02     0.546611E+02     0.540859E+02     0.555717E+02     0.546624E+02     0.549966E+02     0.549656E+02     0.545139E+02     0.547832E+02     0.541118E+02     0.538218E+02     0.540386E+02     0.535764E+02     0.551005E+02     0.546142E+02     0.539307E+02     0.549213E+02     0.539974E+02     0.535524E+02     0.532100E+02     0.524931E+02     0.523526E+02     0.517726E+02     0.510891E+02     0.505571E+02     0.501566E+02     0.501428E+02     0.497322E+02     0.498548E+02     0.498490E+02     0.496604E+02     0.502582E+02     0.499914E+02     0.500131E+02     0.501436E+02     0.499935E+02     0.500212E+02     0.498475E+02     0.496922E+02     0.499775E+02     0.497410E+02     0.501884E+02     0.500729E+02     0.499775E+02     0.505636E+02     0.503481E+02     0.500279E+02     0.499131E+02     0.492226E+02     0.477572E+02     0.476187E+02     0.464277E+02     0.456913E+02     0.456257E+02     0.454607E+02     0.453650E+02     0.456584E+02     0.459876E+02     0.459410E+02     0.468078E+02     0.467470E+02     0.467453E+02     0.468685E+02     0.468280E+02     0.467720E+02     0.467343E+02     0.466720E+02     0.466371E+02     0.465704E+02     0.100000E+21
 0.126000E+04     0.104433E+03     0.104319E+03     0.103839E+03     0.103636E+03     0.103203E+03     0.102929E+03     0.102543E+03     0.102292E+03     0.101464E+03     0.100940E+03     0.100201E+03     0.993664E+02     0.990994E+02     0.969762E+02     0.966037E+02     0.953320E+02     0.936859E+02     0.933622E+02     0.920396E+02     0.916584E+02     0.910862E+02     0.909627E+02     0.899911E+02     0.908244E+02     0.904581E+02     0.899576E+02     0.905921E+02     0.897892E+02     0.903898E+02     0.903123E+02     0.898476E+02     0.901749E+02     0.893503E+02     0.890930E+02     0.885971E+02     0.881800E+02     0.870126E+02     0.861350E+02     0.853158E+02     0.839558E+02     0.835061E+02     0.818798E+02     0.813004E+02     0.798666E+02     0.785501E+02     0.774587E+02     0.750251E+02     0.744575E+02     0.725762E+02     0.703253E+02     0.688634E+02     0.656915E+02     0.639028E+02     0.615794E+02     0.592286E+02     0.580982E+02     0.563097E+02     0.546611E+02     0.541157E+02     0.555717E+02     0.545476E+02     0.550026E+02     0.549546E+02     0.545139E+02     0.547832E+02     0.542170E+02     0.539606E+02     0.540146E+02     0.535764E+02     0.551005E+02     0.546538E+02     0.543373E+02     0.549656E+02     0.539858E+02     0.535524E+02     0.532256E+02     0.524737E+02     0.523526E+02     0.517524E+02     0.511502E+02     0.505571E+02     0.501557E+02     0.501428E+02     0.496983E+02     0.498372E+02     0.498490E+02     0.496670E+02     0.502582E+02     0.500459E+02     0.500478E+02     0.501376E+02     0.499935E+02     0.500212E+02     0.498656E+02     0.497815E+02     0.499879E+02     0.497410E+02     0.501884E+02     0.500796E+02     0.501189E+02     0.505843E+02     0.503433E+02     0.500800E+02     0.499154E+02     0.490982E+02     0.477572E+02     0.476108E+02     0.465248E+02     0.456913E+02     0.456287E+02     0.454607E+02     0.453506E+02     0.456716E+02     0.459862E+02     0.459410E+02     0.468078E+02     0.467553E+02     0.467752E+02     0.468661E+02     0.468280E+02     0.467720E+02     0.467370E+02     0.466720E+02     0.466411E+02     0.465694E+02     0.100000E+21
 0.128000E+04     0.104440E+03     0.104308E+03     0.103852E+03     0.103641E+03     0.103222E+03     0.102934E+03     0.102550E+03     0.102286E+03     0.101467E+03     0.100971E+03     0.100205E+03     0.993799E+02     0.991046E+02     0.970622E+02     0.966674E+02     0.955160E+02     0.938885E+02     0.935415E+02     0.923164E+02     0.919099E+02     0.913460E+02     0.911320E+02     0.901745E+02     0.908026E+02     0.904218E+02     0.898275E+02     0.903144E+02     0.895747E+02     0.901041E+02     0.899716E+02     0.894512E+02     0.897514E+02     0.889851E+02     0.887813E+02     0.883531E+02     0.879104E+02     0.868606E+02     0.860154E+02     0.852258E+02     0.839462E+02     0.834806E+02     0.820308E+02     0.814162E+02     0.801804E+02     0.789382E+02     0.778439E+02     0.757927E+02     0.751109E+02     0.735802E+02     0.710893E+02     0.695896E+02     0.661453E+02     0.644721E+02     0.623121E+02     0.594443E+02     0.583288E+02     0.562772E+02     0.546371E+02     0.540630E+02     0.553383E+02     0.543520E+02     0.549046E+02     0.549989E+02     0.545468E+02     0.551051E+02     0.545316E+02     0.542320E+02     0.543475E+02     0.538696E+02     0.553268E+02     0.548432E+02     0.544519E+02     0.551059E+02     0.541468E+02     0.532562E+02     0.529702E+02     0.521774E+02     0.519133E+02     0.513952E+02     0.508580E+02     0.503839E+02     0.500250E+02     0.501855E+02     0.497612E+02     0.498365E+02     0.498062E+02     0.496165E+02     0.498251E+02     0.495231E+02     0.494892E+02     0.495064E+02     0.493778E+02     0.492072E+02     0.490029E+02     0.488486E+02     0.491831E+02     0.490197E+02     0.494299E+02     0.494205E+02     0.493288E+02     0.500322E+02     0.498857E+02     0.498188E+02     0.497852E+02     0.490737E+02     0.477387E+02     0.475995E+02     0.464476E+02     0.456658E+02     0.455991E+02     0.454605E+02     0.453567E+02     0.457237E+02     0.461063E+02     0.460584E+02     0.468588E+02     0.468076E+02     0.468006E+02     0.468682E+02     0.468280E+02     0.467720E+02     0.467349E+02     0.466720E+02     0.466387E+02     0.465704E+02     0.100000E+21
 0.130000E+04     0.104415E+03     0.104317E+03     0.103816E+03     0.103643E+03     0.103192E+03     0.102943E+03     0.102556E+03     0.102320E+03     0.101469E+03     0.100912E+03     0.100223E+03     0.993904E+02     0.991316E+02     0.971131E+02     0.967796E+02     0.954803E+02     0.939924E+02     0.936845E+02     0.924691E+02     0.921205E+02     0.914957E+02     0.913001E+02     0.902875E+02     0.907936E+02     0.904473E+02     0.898587E+02     0.901984E+02     0.893714E+02     0.897572E+02     0.897066E+02     0.892671E+02     0.895706E+02     0.887025E+02     0.885644E+02     0.881590E+02     0.877598E+02     0.867749E+02     0.858387E+02     0.851558E+02     0.838937E+02     0.834605E+02     0.821193E+02     0.815954E+02     0.802119E+02     0.792750E+02     0.781468E+02     0.761518E+02     0.756223E+02     0.735263E+02     0.715942E+02     0.700420E+02     0.671279E+02     0.649527E+02     0.621167E+02     0.595286E+02     0.583500E+02     0.565233E+02     0.546180E+02     0.541025E+02     0.552180E+02     0.541303E+02     0.548591E+02     0.550020E+02     0.545723E+02     0.552971E+02     0.547891E+02     0.545720E+02     0.545172E+02     0.541030E+02     0.554461E+02     0.550349E+02     0.547806E+02     0.552646E+02     0.542359E+02     0.531392E+02     0.528282E+02     0.519700E+02     0.517384E+02     0.511187E+02     0.507424E+02     0.502477E+02     0.499851E+02     0.502049E+02     0.497364E+02     0.498129E+02     0.497722E+02     0.495969E+02     0.495734E+02     0.493833E+02     0.491931E+02     0.490258E+02     0.488879E+02     0.487417E+02     0.486003E+02     0.485412E+02     0.487152E+02     0.484584E+02     0.490975E+02     0.489952E+02     0.492177E+02     0.498131E+02     0.495552E+02     0.496425E+02     0.496919E+02     0.488358E+02     0.477312E+02     0.475781E+02     0.465601E+02     0.456454E+02     0.455858E+02     0.454604E+02     0.453435E+02     0.457847E+02     0.461944E+02     0.461506E+02     0.468892E+02     0.468419E+02     0.468387E+02     0.468638E+02     0.468280E+02     0.467720E+02     0.467396E+02     0.466720E+02     0.466442E+02     0.465683E+02     0.100000E+21
 0.132000E+04     0.104423E+03     0.104312E+03     0.103830E+03     0.103643E+03     0.103205E+03     0.102941E+03     0.102556E+03     0.102309E+03     0.101469E+03     0.100935E+03     0.100218E+03     0.993904E+02     0.991253E+02     0.971131E+02     0.967520E+02     0.955257E+02     0.940043E+02     0.936845E+02     0.924691E+02     0.920967E+02     0.914814E+02     0.912774E+02     0.902950E+02     0.907936E+02     0.904323E+02     0.898277E+02     0.901984E+02     0.893893E+02     0.898267E+02     0.897066E+02     0.892489E+02     0.895706E+02     0.887340E+02     0.885766E+02     0.881590E+02     0.877463E+02     0.867749E+02     0.858801E+02     0.851624E+02     0.839062E+02     0.834605E+02     0.821193E+02     0.815555E+02     0.802497E+02     0.792477E+02     0.781468E+02     0.761518E+02     0.755941E+02     0.736654E+02     0.715488E+02     0.700619E+02     0.668885E+02     0.649384E+02     0.623060E+02     0.595286E+02     0.583854E+02     0.564401E+02     0.546180E+02     0.540801E+02     0.552180E+02     0.541754E+02     0.548549E+02     0.550104E+02     0.545723E+02     0.552971E+02     0.547477E+02     0.545077E+02     0.545353E+02     0.541030E+02     0.554461E+02     0.550089E+02     0.546950E+02     0.552378E+02     0.542449E+02     0.531392E+02     0.528163E+02     0.519899E+02     0.517384E+02     0.511332E+02     0.507336E+02     0.502477E+02     0.499732E+02     0.502049E+02     0.497537E+02     0.498211E+02     0.497722E+02     0.495918E+02     0.495734E+02     0.493677E+02     0.491848E+02     0.490305E+02     0.488879E+02     0.487417E+02     0.485901E+02     0.485135E+02     0.487079E+02     0.484584E+02     0.490975E+02     0.489903E+02     0.491517E+02     0.498046E+02     0.495588E+02     0.496591E+02     0.496901E+02     0.489094E+02     0.477312E+02     0.475830E+02     0.465091E+02     0.456454E+02     0.455835E+02     0.454604E+02     0.453483E+02     0.457749E+02     0.461954E+02     0.461506E+02     0.468892E+02     0.468382E+02     0.468300E+02     0.468655E+02     0.468280E+02     0.467720E+02     0.467377E+02     0.466720E+02     0.466420E+02     0.465691E+02     0.100000E+21
 0.134000E+04     0.104472E+03     0.104345E+03     0.103898E+03     0.103701E+03     0.103283E+03     0.102996E+03     0.102616E+03     0.102351E+03     0.101505E+03     0.101012E+03     0.100244E+03     0.994213E+02     0.991458E+02     0.972450E+02     0.968324E+02     0.957960E+02     0.943298E+02     0.939910E+02     0.928136E+02     0.924034E+02     0.917379E+02     0.913434E+02     0.904084E+02     0.904802E+02     0.900953E+02     0.893808E+02     0.895493E+02     0.887683E+02     0.892368E+02     0.889570E+02     0.885090E+02     0.889539E+02     0.881687E+02     0.881237E+02     0.877908E+02     0.873564E+02     0.866270E+02     0.858109E+02     0.851133E+02     0.839837E+02     0.835174E+02     0.825725E+02     0.819416E+02     0.809647E+02     0.803244E+02     0.792659E+02     0.779221E+02     0.773204E+02     0.757418E+02     0.733983E+02     0.720189E+02     0.681608E+02     0.666220E+02     0.640652E+02     0.603208E+02     0.592330E+02     0.566801E+02     0.547650E+02     0.541916E+02     0.547450E+02     0.537842E+02     0.544817E+02     0.547664E+02     0.543141E+02     0.553299E+02     0.547057E+02     0.544417E+02     0.546235E+02     0.541628E+02     0.555991E+02     0.551210E+02     0.545536E+02     0.548235E+02     0.538870E+02     0.520388E+02     0.516969E+02     0.509861E+02     0.508975E+02     0.503149E+02     0.505213E+02     0.503266E+02     0.501647E+02     0.507350E+02     0.503129E+02     0.502242E+02     0.500507E+02     0.498619E+02     0.498677E+02     0.496322E+02     0.493210E+02     0.489728E+02     0.488227E+02     0.484872E+02     0.483189E+02     0.481200E+02     0.481179E+02     0.478795E+02     0.486768E+02     0.485619E+02     0.486650E+02     0.496197E+02     0.493945E+02     0.497721E+02     0.498510E+02     0.491989E+02     0.479438E+02     0.478033E+02     0.464148E+02     0.454897E+02     0.454241E+02     0.450600E+02     0.449570E+02     0.454982E+02     0.460949E+02     0.460483E+02     0.468689E+02     0.468114E+02     0.468008E+02     0.468682E+02     0.468280E+02     0.467720E+02     0.467348E+02     0.466720E+02     0.466385E+02     0.465704E+02     0.100000E+21
 0.136000E+04     0.104478E+03     0.104347E+03     0.103900E+03     0.103701E+03     0.103282E+03     0.102995E+03     0.102616E+03     0.102354E+03     0.101505E+03     0.101016E+03     0.100242E+03     0.994213E+02     0.991491E+02     0.972450E+02     0.968248E+02     0.958128E+02     0.943253E+02     0.939910E+02     0.928136E+02     0.924038E+02     0.917378E+02     0.913434E+02     0.904044E+02     0.904802E+02     0.901001E+02     0.893765E+02     0.895493E+02     0.887635E+02     0.892720E+02     0.889570E+02     0.885111E+02     0.889539E+02     0.881701E+02     0.881306E+02     0.877908E+02     0.873622E+02     0.866270E+02     0.858234E+02     0.851144E+02     0.839777E+02     0.835174E+02     0.825725E+02     0.819372E+02     0.809670E+02     0.803296E+02     0.792659E+02     0.779221E+02     0.773262E+02     0.758095E+02     0.733863E+02     0.720113E+02     0.680079E+02     0.666290E+02     0.640864E+02     0.603208E+02     0.592301E+02     0.566334E+02     0.547650E+02     0.541989E+02     0.547450E+02     0.537945E+02     0.544800E+02     0.547616E+02     0.543141E+02     0.553299E+02     0.546962E+02     0.544122E+02     0.546177E+02     0.541628E+02     0.555991E+02     0.551231E+02     0.545207E+02     0.548211E+02     0.538826E+02     0.520388E+02     0.517015E+02     0.509878E+02     0.508975E+02     0.503119E+02     0.505392E+02     0.503266E+02     0.501698E+02     0.507350E+02     0.503147E+02     0.502260E+02     0.500507E+02     0.498644E+02     0.498677E+02     0.496275E+02     0.493213E+02     0.489708E+02     0.488227E+02     0.484872E+02     0.483184E+02     0.481143E+02     0.481186E+02     0.478795E+02     0.486768E+02     0.485632E+02     0.486294E+02     0.496167E+02     0.493934E+02     0.497928E+02     0.498519E+02     0.491991E+02     0.479438E+02     0.478032E+02     0.463893E+02     0.454897E+02     0.454250E+02     0.450600E+02     0.449583E+02     0.454935E+02     0.460943E+02     0.460483E+02     0.468689E+02     0.468107E+02     0.467961E+02     0.468678E+02     0.468280E+02     0.467720E+02     0.467350E+02     0.466720E+02     0.466381E+02     0.465700E+02     0.100000E+21
 0.138000E+04     0.104493E+03     0.104396E+03     0.103941E+03     0.103760E+03     0.103335E+03     0.103054E+03     0.102667E+03     0.102407E+03     0.101536E+03     0.101023E+03     0.100269E+03     0.994328E+02     0.991583E+02     0.972870E+02     0.969037E+02     0.958228E+02     0.944262E+02     0.940894E+02     0.928909E+02     0.924948E+02     0.917679E+02     0.912771E+02     0.903300E+02     0.902008E+02     0.898291E+02     0.890861E+02     0.891660E+02     0.883901E+02     0.888020E+02     0.886329E+02     0.882330E+02     0.887705E+02     0.879654E+02     0.880256E+02     0.877831E+02     0.873514E+02     0.867424E+02     0.858851E+02     0.852634E+02     0.841769E+02     0.837119E+02     0.829230E+02     0.823275E+02     0.814065E+02     0.809495E+02     0.798695E+02     0.788467E+02     0.782369E+02     0.765368E+02     0.744723E+02     0.730181E+02     0.694529E+02     0.674805E+02     0.647027E+02     0.608939E+02     0.597763E+02     0.571829E+02     0.550431E+02     0.544796E+02     0.545171E+02     0.535103E+02     0.543151E+02     0.546540E+02     0.542029E+02     0.553748E+02     0.547909E+02     0.545563E+02     0.546634E+02     0.542074E+02     0.556621E+02     0.551970E+02     0.545821E+02     0.545335E+02     0.535854E+02     0.516600E+02     0.513349E+02     0.506920E+02     0.508333E+02     0.502469E+02     0.506624E+02     0.506282E+02     0.504389E+02     0.508986E+02     0.504631E+02     0.503211E+02     0.501000E+02     0.499123E+02     0.498215E+02     0.496014E+02     0.493350E+02     0.490681E+02     0.489183E+02     0.486040E+02     0.484434E+02     0.482767E+02     0.483131E+02     0.480674E+02     0.487833E+02     0.486672E+02     0.488846E+02     0.498020E+02     0.495620E+02     0.498550E+02     0.499583E+02     0.492709E+02     0.480634E+02     0.479183E+02     0.464528E+02     0.453773E+02     0.453113E+02     0.446793E+02     0.445640E+02     0.451839E+02     0.458360E+02     0.457901E+02     0.468127E+02     0.467574E+02     0.467751E+02     0.468676E+02     0.468280E+02     0.467720E+02     0.467356E+02     0.466720E+02     0.466402E+02     0.465702E+02     0.100000E+21
 0.140000E+04     0.104497E+03     0.104455E+03     0.103966E+03     0.103811E+03     0.103361E+03     0.103107E+03     0.102717E+03     0.102481E+03     0.101564E+03     0.101008E+03     0.100296E+03     0.994438E+02     0.991848E+02     0.973253E+02     0.969908E+02     0.958251E+02     0.944923E+02     0.941839E+02     0.929608E+02     0.926112E+02     0.917628E+02     0.912492E+02     0.902377E+02     0.899562E+02     0.896093E+02     0.888149E+02     0.888302E+02     0.880039E+02     0.883823E+02     0.883227E+02     0.880413E+02     0.886095E+02     0.877425E+02     0.879096E+02     0.877757E+02     0.873759E+02     0.868469E+02     0.859121E+02     0.854026E+02     0.843324E+02     0.838986E+02     0.832420E+02     0.827167E+02     0.818415E+02     0.815754E+02     0.804482E+02     0.796657E+02     0.791351E+02     0.771880E+02     0.754688E+02     0.739190E+02     0.707017E+02     0.683292E+02     0.649281E+02     0.613931E+02     0.602159E+02     0.577413E+02     0.553103E+02     0.547940E+02     0.543131E+02     0.532270E+02     0.541677E+02     0.545265E+02     0.540965E+02     0.554158E+02     0.549064E+02     0.547013E+02     0.546651E+02     0.542502E+02     0.557187E+02     0.553066E+02     0.545498E+02     0.543058E+02     0.532785E+02     0.513297E+02     0.510182E+02     0.504866E+02     0.507774E+02     0.501582E+02     0.507064E+02     0.509172E+02     0.507174E+02     0.510431E+02     0.505752E+02     0.504110E+02     0.501472E+02     0.499717E+02     0.497795E+02     0.495889E+02     0.493599E+02     0.491484E+02     0.490103E+02     0.487098E+02     0.485680E+02     0.484330E+02     0.485038E+02     0.482473E+02     0.488770E+02     0.487746E+02     0.491424E+02     0.499694E+02     0.497119E+02     0.499259E+02     0.500649E+02     0.492355E+02     0.481679E+02     0.480149E+02     0.465565E+02     0.452693E+02     0.452097E+02     0.443363E+02     0.442195E+02     0.449117E+02     0.455866E+02     0.455427E+02     0.467615E+02     0.467141E+02     0.467666E+02     0.468638E+02     0.468280E+02     0.467720E+02     0.467395E+02     0.466720E+02     0.466441E+02     0.465684E+02     0.100000E+21
 0.142000E+04     0.104500E+03     0.104454E+03     0.103968E+03     0.103811E+03     0.103363E+03     0.103107E+03     0.102717E+03     0.102479E+03     0.101564E+03     0.101013E+03     0.100295E+03     0.994438E+02     0.991835E+02     0.973253E+02     0.969856E+02     0.958317E+02     0.944948E+02     0.941839E+02     0.929608E+02     0.926065E+02     0.917658E+02     0.912446E+02     0.902393E+02     0.899562E+02     0.896062E+02     0.888146E+02     0.888302E+02     0.880077E+02     0.883946E+02     0.883227E+02     0.880345E+02     0.886095E+02     0.877487E+02     0.879141E+02     0.877757E+02     0.873731E+02     0.868469E+02     0.859200E+02     0.854026E+02     0.843351E+02     0.838986E+02     0.832420E+02     0.827089E+02     0.818377E+02     0.815698E+02     0.804482E+02     0.796657E+02     0.791293E+02     0.772095E+02     0.754602E+02     0.739232E+02     0.706533E+02     0.683262E+02     0.649786E+02     0.613931E+02     0.602230E+02     0.577185E+02     0.553103E+02     0.547893E+02     0.543131E+02     0.532356E+02     0.541668E+02     0.545284E+02     0.540965E+02     0.554158E+02     0.548985E+02     0.546895E+02     0.546689E+02     0.542502E+02     0.557187E+02     0.553013E+02     0.545475E+02     0.543006E+02     0.532804E+02     0.513297E+02     0.510157E+02     0.504819E+02     0.507774E+02     0.501612E+02     0.507189E+02     0.509172E+02     0.507138E+02     0.510431E+02     0.505786E+02     0.504113E+02     0.501472E+02     0.499706E+02     0.497795E+02     0.495859E+02     0.493588E+02     0.491494E+02     0.490103E+02     0.487098E+02     0.485660E+02     0.484297E+02     0.485023E+02     0.482473E+02     0.488770E+02     0.487735E+02     0.491262E+02     0.499678E+02     0.497126E+02     0.499310E+02     0.500645E+02     0.492496E+02     0.481679E+02     0.480159E+02     0.465429E+02     0.452693E+02     0.452092E+02     0.443363E+02     0.442204E+02     0.449090E+02     0.455868E+02     0.455427E+02     0.467615E+02     0.467134E+02     0.467640E+02     0.468642E+02     0.468280E+02     0.467720E+02     0.467391E+02     0.466720E+02     0.466437E+02     0.465685E+02     0.100000E+21
 0.144000E+04     0.104620E+03     0.104581E+03     0.104128E+03     0.103953E+03     0.103530E+03     0.103233E+03     0.102839E+03     0.102578E+03     0.101627E+03     0.101114E+03     0.100315E+03     0.994370E+02     0.991624E+02     0.973123E+02     0.969271E+02     0.958813E+02     0.945322E+02     0.941962E+02     0.928744E+02     0.924778E+02     0.916239E+02     0.908689E+02     0.899205E+02     0.894085E+02     0.890276E+02     0.882703E+02     0.883018E+02     0.875151E+02     0.881538E+02     0.880799E+02     0.878544E+02     0.887859E+02     0.879800E+02     0.883277E+02     0.883086E+02     0.878769E+02     0.875677E+02     0.867089E+02     0.861386E+02     0.851167E+02     0.846525E+02     0.839969E+02     0.833956E+02     0.825755E+02     0.823102E+02     0.812413E+02     0.805757E+02     0.799845E+02     0.783168E+02     0.763762E+02     0.749528E+02     0.711786E+02     0.691753E+02     0.663302E+02     0.623951E+02     0.612897E+02     0.585350E+02     0.563052E+02     0.557380E+02     0.546453E+02     0.536428E+02     0.544657E+02     0.548273E+02     0.543762E+02     0.557423E+02     0.551562E+02     0.548310E+02     0.547968E+02     0.543411E+02     0.555236E+02     0.550584E+02     0.542768E+02     0.538745E+02     0.529194E+02     0.510231E+02     0.506840E+02     0.501482E+02     0.505132E+02     0.499252E+02     0.507674E+02     0.509829E+02     0.507494E+02     0.511212E+02     0.506862E+02     0.503895E+02     0.500366E+02     0.498487E+02     0.495545E+02     0.493351E+02     0.493374E+02     0.494338E+02     0.492846E+02     0.491297E+02     0.489680E+02     0.487975E+02     0.488300E+02     0.485883E+02     0.490684E+02     0.489551E+02     0.490852E+02     0.498050E+02     0.495704E+02     0.497832E+02     0.498520E+02     0.491690E+02     0.479706E+02     0.478273E+02     0.462956E+02     0.451707E+02     0.451057E+02     0.437596E+02     0.436517E+02     0.444003E+02     0.452019E+02     0.451555E+02     0.466836E+02     0.466292E+02     0.466938E+02     0.468677E+02     0.468280E+02     0.467720E+02     0.467356E+02     0.466720E+02     0.466401E+02     0.465702E+02     0.100000E+21
 0.146000E+04     0.104716E+03     0.104581E+03     0.104146E+03     0.103953E+03     0.103537E+03     0.103225E+03     0.102839E+03     0.102574E+03     0.101627E+03     0.101153E+03     0.100305E+03     0.994370E+02     0.991634E+02     0.973123E+02     0.968622E+02     0.959517E+02     0.945335E+02     0.941962E+02     0.928744E+02     0.924550E+02     0.917317E+02     0.908480E+02     0.899194E+02     0.894085E+02     0.890245E+02     0.882650E+02     0.883018E+02     0.875210E+02     0.883963E+02     0.880799E+02     0.878197E+02     0.887859E+02     0.880168E+02     0.883865E+02     0.883086E+02     0.878767E+02     0.875677E+02     0.868183E+02     0.861380E+02     0.851157E+02     0.846525E+02     0.839969E+02     0.833393E+02     0.825133E+02     0.822968E+02     0.812413E+02     0.805757E+02     0.799714E+02     0.786785E+02     0.762956E+02     0.749548E+02     0.701656E+02     0.691764E+02     0.666244E+02     0.623951E+02     0.613171E+02     0.582727E+02     0.563052E+02     0.557331E+02     0.546453E+02     0.537335E+02     0.544576E+02     0.548255E+02     0.543762E+02     0.557423E+02     0.550731E+02     0.547088E+02     0.548008E+02     0.543411E+02     0.555236E+02     0.550383E+02     0.542716E+02     0.538432E+02     0.529186E+02     0.510231E+02     0.506828E+02     0.501001E+02     0.505132E+02     0.499319E+02     0.509857E+02     0.509829E+02     0.507406E+02     0.511212E+02     0.507105E+02     0.503879E+02     0.500366E+02     0.498491E+02     0.495545E+02     0.492937E+02     0.493029E+02     0.494339E+02     0.492846E+02     0.491297E+02     0.489560E+02     0.487558E+02     0.488250E+02     0.485883E+02     0.490684E+02     0.489535E+02     0.489049E+02     0.497866E+02     0.495711E+02     0.498670E+02     0.498523E+02     0.492338E+02     0.479706E+02     0.478320E+02     0.461573E+02     0.451707E+02     0.451055E+02     0.437596E+02     0.436632E+02     0.443723E+02     0.452018E+02     0.451555E+02     0.466836E+02     0.466229E+02     0.466508E+02     0.468683E+02     0.468280E+02     0.467720E+02     0.467344E+02     0.466720E+02     0.466369E+02     0.465702E+02     0.100000E+21
 0.148000E+04     0.104666E+03     0.104648E+03     0.104189E+03     0.104004E+03     0.103591E+03     0.103279E+03     0.102890E+03     0.102624E+03     0.101641E+03     0.101135E+03     0.100307E+03     0.994081E+02     0.991334E+02     0.972535E+02     0.968674E+02     0.958262E+02     0.944428E+02     0.941018E+02     0.927532E+02     0.923520E+02     0.915140E+02     0.906993E+02     0.897375E+02     0.892687E+02     0.888585E+02     0.881559E+02     0.882455E+02     0.874512E+02     0.882280E+02     0.882019E+02     0.880202E+02     0.890517E+02     0.882675E+02     0.886915E+02     0.887673E+02     0.883209E+02     0.879778E+02     0.870782E+02     0.865133E+02     0.854815E+02     0.850235E+02     0.841730E+02     0.835474E+02     0.826529E+02     0.822746E+02     0.812073E+02     0.804021E+02     0.797859E+02     0.781835E+02     0.761447E+02     0.747025E+02     0.708723E+02     0.689587E+02     0.662601E+02     0.623838E+02     0.612838E+02     0.585294E+02     0.563975E+02     0.558231E+02     0.545167E+02     0.535387E+02     0.542529E+02     0.545082E+02     0.540566E+02     0.554875E+02     0.549205E+02     0.546352E+02     0.547073E+02     0.542446E+02     0.554676E+02     0.549955E+02     0.542407E+02     0.538587E+02     0.529096E+02     0.509375E+02     0.505777E+02     0.500656E+02     0.504731E+02     0.498803E+02     0.508567E+02     0.511270E+02     0.508113E+02     0.510589E+02     0.506282E+02     0.502728E+02     0.498571E+02     0.496724E+02     0.495139E+02     0.492950E+02     0.493005E+02     0.494132E+02     0.492630E+02     0.492354E+02     0.490666E+02     0.488725E+02     0.488924E+02     0.486581E+02     0.490462E+02     0.489286E+02     0.490064E+02     0.496889E+02     0.494382E+02     0.497170E+02     0.497807E+02     0.491508E+02     0.479960E+02     0.478562E+02     0.464047E+02     0.454207E+02     0.453455E+02     0.440630E+02     0.439228E+02     0.446144E+02     0.453322E+02     0.452869E+02     0.466990E+02     0.466419E+02     0.466952E+02     0.468679E+02     0.468280E+02     0.467720E+02     0.467352E+02     0.466720E+02     0.466395E+02     0.465703E+02     0.100000E+21
 0.150000E+04     0.104686E+03     0.104741E+03     0.104259E+03     0.104095E+03     0.103652E+03     0.103360E+03     0.102949E+03     0.102707E+03     0.101664E+03     0.101120E+03     0.100307E+03     0.993741E+02     0.991117E+02     0.971693E+02     0.968208E+02     0.956710E+02     0.943063E+02     0.939915E+02     0.925720E+02     0.922101E+02     0.912472E+02     0.904980E+02     0.895024E+02     0.890262E+02     0.886713E+02     0.879732E+02     0.881484E+02     0.873317E+02     0.881588E+02     0.883467E+02     0.883578E+02     0.895059E+02     0.886551E+02     0.891592E+02     0.893033E+02     0.888963E+02     0.885825E+02     0.876687E+02     0.870561E+02     0.858991E+02     0.854586E+02     0.844267E+02     0.838809E+02     0.828275E+02     0.822799E+02     0.811672E+02     0.801182E+02     0.795726E+02     0.776863E+02     0.758645E+02     0.743483E+02     0.709792E+02     0.687252E+02     0.656663E+02     0.623638E+02     0.612051E+02     0.587772E+02     0.565055E+02     0.559771E+02     0.543168E+02     0.532536E+02     0.539585E+02     0.541115E+02     0.536769E+02     0.551243E+02     0.545938E+02     0.544514E+02     0.545562E+02     0.541317E+02     0.553816E+02     0.549559E+02     0.541813E+02     0.538880E+02     0.528793E+02     0.507862E+02     0.504683E+02     0.499906E+02     0.504025E+02     0.497910E+02     0.508116E+02     0.512968E+02     0.509210E+02     0.509556E+02     0.504966E+02     0.501071E+02     0.496468E+02     0.494684E+02     0.494551E+02     0.492566E+02     0.492829E+02     0.493783E+02     0.492376E+02     0.493899E+02     0.492428E+02     0.490307E+02     0.489937E+02     0.487410E+02     0.490086E+02     0.489035E+02     0.490189E+02     0.495128E+02     0.492615E+02     0.495411E+02     0.496990E+02     0.489918E+02     0.480403E+02     0.478899E+02     0.467081E+02     0.457124E+02     0.456515E+02     0.445213E+02     0.444069E+02     0.449515E+02     0.454863E+02     0.454419E+02     0.467210E+02     0.466717E+02     0.467358E+02     0.468648E+02     0.468280E+02     0.467720E+02     0.467385E+02     0.466720E+02     0.466430E+02     0.465688E+02     0.100000E+21
 0.152000E+04     0.104667E+03     0.104744E+03     0.104252E+03     0.104095E+03     0.103644E+03     0.103362E+03     0.102949E+03     0.102714E+03     0.101664E+03     0.101106E+03     0.100310E+03     0.993741E+02     0.991157E+02     0.971693E+02     0.968367E+02     0.956499E+02     0.942989E+02     0.939915E+02     0.925720E+02     0.922243E+02     0.912265E+02     0.905116E+02     0.894977E+02     0.890262E+02     0.886806E+02     0.879820E+02     0.881484E+02     0.873206E+02     0.880996E+02     0.883467E+02     0.883982E+02     0.895059E+02     0.886364E+02     0.891374E+02     0.893033E+02     0.889047E+02     0.885825E+02     0.876447E+02     0.870542E+02     0.858912E+02     0.854586E+02     0.844267E+02     0.839044E+02     0.828263E+02     0.822966E+02     0.811672E+02     0.801182E+02     0.795899E+02     0.776188E+02     0.758908E+02     0.743359E+02     0.711299E+02     0.687342E+02     0.655287E+02     0.623638E+02     0.611838E+02     0.588434E+02     0.565055E+02     0.559911E+02     0.543168E+02     0.532273E+02     0.539609E+02     0.541062E+02     0.536769E+02     0.551243E+02     0.546179E+02     0.544921E+02     0.545451E+02     0.541317E+02     0.553816E+02     0.549716E+02     0.541860E+02     0.539039E+02     0.528737E+02     0.507862E+02     0.504757E+02     0.500102E+02     0.504025E+02     0.497821E+02     0.507525E+02     0.512968E+02     0.509221E+02     0.509556E+02     0.504865E+02     0.501094E+02     0.496468E+02     0.494716E+02     0.494551E+02     0.492656E+02     0.492942E+02     0.493754E+02     0.492376E+02     0.493899E+02     0.492489E+02     0.490351E+02     0.489981E+02     0.487410E+02     0.490086E+02     0.489066E+02     0.490496E+02     0.495177E+02     0.492593E+02     0.495223E+02     0.497001E+02     0.489553E+02     0.480403E+02     0.478869E+02     0.467409E+02     0.457124E+02     0.456530E+02     0.445213E+02     0.444041E+02     0.449583E+02     0.454856E+02     0.454419E+02     0.467210E+02     0.466739E+02     0.467449E+02     0.468637E+02     0.468280E+02     0.467720E+02     0.467397E+02     0.466720E+02     0.466443E+02     0.465683E+02     0.100000E+21
 0.154000E+04     0.104824E+03     0.104854E+03     0.104396E+03     0.104198E+03     0.103776E+03     0.103428E+03     0.103009E+03     0.102746E+03     0.101643E+03     0.101135E+03     0.100213E+03     0.992297E+02     0.989548E+02     0.968771E+02     0.964852E+02     0.953792E+02     0.939056E+02     0.935687E+02     0.921020E+02     0.917015E+02     0.908598E+02     0.900873E+02     0.891428E+02     0.888909E+02     0.885088E+02     0.879109E+02     0.883590E+02     0.875741E+02     0.888076E+02     0.889794E+02     0.889880E+02     0.905037E+02     0.897036E+02     0.902797E+02     0.904231E+02     0.899905E+02     0.895529E+02     0.887044E+02     0.878642E+02     0.865185E+02     0.860536E+02     0.844649E+02     0.838556E+02     0.826316E+02     0.815585E+02     0.804928E+02     0.789012E+02     0.783068E+02     0.766079E+02     0.744455E+02     0.730341E+02     0.693996E+02     0.675804E+02     0.650598E+02     0.617783E+02     0.606781E+02     0.581733E+02     0.561563E+02     0.555872E+02     0.535399E+02     0.525479E+02     0.529281E+02     0.528508E+02     0.523993E+02     0.541071E+02     0.535114E+02     0.536762E+02     0.544918E+02     0.540346E+02     0.551133E+02     0.546444E+02     0.539188E+02     0.536405E+02     0.526907E+02     0.505276E+02     0.501876E+02     0.497632E+02     0.504375E+02     0.498512E+02     0.511048E+02     0.514953E+02     0.509142E+02     0.504778E+02     0.500463E+02     0.497015E+02     0.493117E+02     0.491235E+02     0.493514E+02     0.491281E+02     0.491694E+02     0.493256E+02     0.491761E+02     0.492931E+02     0.491296E+02     0.489953E+02     0.491149E+02     0.488742E+02     0.488324E+02     0.487187E+02     0.487585E+02     0.493071E+02     0.490750E+02     0.496699E+02     0.498965E+02     0.493454E+02     0.484329E+02     0.482905E+02     0.470917E+02     0.462257E+02     0.461605E+02     0.455132E+02     0.454065E+02     0.456150E+02     0.458156E+02     0.457691E+02     0.467077E+02     0.466525E+02     0.467042E+02     0.468678E+02     0.468280E+02     0.467720E+02     0.467353E+02     0.466720E+02     0.466396E+02     0.465703E+02     0.100000E+21
 0.156000E+04     0.104838E+03     0.104858E+03     0.104396E+03     0.104198E+03     0.103772E+03     0.103426E+03     0.103009E+03     0.102752E+03     0.101643E+03     0.101135E+03     0.100212E+03     0.992297E+02     0.989598E+02     0.968771E+02     0.964837E+02     0.953905E+02     0.938982E+02     0.935687E+02     0.921020E+02     0.917064E+02     0.908715E+02     0.900915E+02     0.891367E+02     0.888909E+02     0.885172E+02     0.879049E+02     0.883590E+02     0.875652E+02     0.888536E+02     0.889794E+02     0.890114E+02     0.905037E+02     0.896992E+02     0.902897E+02     0.904231E+02     0.899998E+02     0.895529E+02     0.887072E+02     0.878665E+02     0.865091E+02     0.860536E+02     0.844649E+02     0.838586E+02     0.826447E+02     0.815696E+02     0.804928E+02     0.789012E+02     0.783187E+02     0.766463E+02     0.744413E+02     0.730216E+02     0.693044E+02     0.675912E+02     0.650418E+02     0.617783E+02     0.606683E+02     0.581421E+02     0.561563E+02     0.555998E+02     0.535399E+02     0.525490E+02     0.529274E+02     0.528437E+02     0.523993E+02     0.541071E+02     0.535104E+02     0.536442E+02     0.544817E+02     0.540346E+02     0.551133E+02     0.546516E+02     0.539143E+02     0.536429E+02     0.526840E+02     0.505276E+02     0.501951E+02     0.497586E+02     0.504375E+02     0.498450E+02     0.511431E+02     0.514953E+02     0.509057E+02     0.504778E+02     0.500450E+02     0.497010E+02     0.493117E+02     0.491273E+02     0.493514E+02     0.491271E+02     0.491641E+02     0.493224E+02     0.491761E+02     0.492931E+02     0.491310E+02     0.489879E+02     0.491170E+02     0.488742E+02     0.488324E+02     0.487211E+02     0.487456E+02     0.493056E+02     0.490729E+02     0.496907E+02     0.498979E+02     0.493356E+02     0.484329E+02     0.482894E+02     0.470773E+02     0.462257E+02     0.461620E+02     0.455132E+02     0.454068E+02     0.456137E+02     0.458148E+02     0.457691E+02     0.467077E+02     0.466526E+02     0.466988E+02     0.468670E+02     0.468280E+02     0.467720E+02     0.467360E+02     0.466720E+02     0.466396E+02     0.465697E+02     0.100000E+21
 0.158000E+04     0.104939E+03     0.104879E+03     0.104424E+03     0.104202E+03     0.103794E+03     0.103419E+03     0.103001E+03     0.102735E+03     0.101617E+03     0.101143E+03     0.100151E+03     0.991324E+02     0.988586E+02     0.967368E+02     0.963746E+02     0.952821E+02     0.936756E+02     0.933149E+02     0.919259E+02     0.915122E+02     0.908598E+02     0.899713E+02     0.890141E+02     0.889003E+02     0.885244E+02     0.878982E+02     0.884331E+02     0.877256E+02     0.891873E+02     0.892706E+02     0.892047E+02     0.906811E+02     0.899770E+02     0.906101E+02     0.907986E+02     0.903406E+02     0.897628E+02     0.888672E+02     0.880384E+02     0.866522E+02     0.861907E+02     0.843989E+02     0.837641E+02     0.825894E+02     0.812358E+02     0.801234E+02     0.785666E+02     0.778024E+02     0.766813E+02     0.740477E+02     0.725053E+02     0.685844E+02     0.672570E+02     0.650863E+02     0.617800E+02     0.607037E+02     0.580443E+02     0.562049E+02     0.556238E+02     0.535949E+02     0.526505E+02     0.529370E+02     0.528005E+02     0.523481E+02     0.540259E+02     0.534058E+02     0.534821E+02     0.544916E+02     0.540282E+02     0.550358E+02     0.545424E+02     0.538645E+02     0.536203E+02     0.526949E+02     0.505729E+02     0.503038E+02     0.497544E+02     0.504468E+02     0.498783E+02     0.512737E+02     0.513831E+02     0.508135E+02     0.503893E+02     0.499697E+02     0.495938E+02     0.492001E+02     0.490155E+02     0.492619E+02     0.490635E+02     0.490556E+02     0.492097E+02     0.490518E+02     0.492018E+02     0.490421E+02     0.488998E+02     0.490338E+02     0.487789E+02     0.487617E+02     0.485931E+02     0.485839E+02     0.491864E+02     0.488901E+02     0.497506E+02     0.498429E+02     0.493886E+02     0.484784E+02     0.483763E+02     0.470754E+02     0.462575E+02     0.461892E+02     0.455909E+02     0.454534E+02     0.456399E+02     0.457820E+02     0.457347E+02     0.466729E+02     0.466254E+02     0.466617E+02     0.468685E+02     0.468280E+02     0.467720E+02     0.467343E+02     0.466720E+02     0.466374E+02     0.465704E+02     0.100000E+21
 0.160000E+04     0.104855E+03     0.104923E+03     0.104444E+03     0.104230E+03     0.103800E+03     0.103431E+03     0.102990E+03     0.102737E+03     0.101543E+03     0.101024E+03     0.100046E+03     0.989957E+02     0.987274E+02     0.964473E+02     0.960686E+02     0.948662E+02     0.932911E+02     0.929651E+02     0.915194E+02     0.911334E+02     0.903521E+02     0.897830E+02     0.888172E+02     0.889442E+02     0.885751E+02     0.880804E+02     0.887566E+02     0.879571E+02     0.893706E+02     0.896849E+02     0.898116E+02     0.914126E+02     0.905945E+02     0.911675E+02     0.913172E+02     0.908975E+02     0.902300E+02     0.893618E+02     0.883811E+02     0.868335E+02     0.863812E+02     0.842608E+02     0.836731E+02     0.821785E+02     0.806913E+02     0.796052E+02     0.774990E+02     0.769260E+02     0.751689E+02     0.730853E+02     0.716362E+02     0.684984E+02     0.667967E+02     0.644020E+02     0.617903E+02     0.606669E+02     0.582811E+02     0.562720E+02     0.557223E+02     0.537382E+02     0.527239E+02     0.529678E+02     0.527176E+02     0.522752E+02     0.538602E+02     0.532849E+02     0.535511E+02     0.544612E+02     0.540194E+02     0.548419E+02     0.543901E+02     0.537372E+02     0.536615E+02     0.526885E+02     0.508357E+02     0.505066E+02     0.500177E+02     0.504969E+02     0.498995E+02     0.509182E+02     0.512258E+02     0.505898E+02     0.500870E+02     0.496462E+02     0.493785E+02     0.490450E+02     0.488620E+02     0.490716E+02     0.488558E+02     0.488890E+02     0.490250E+02     0.488800E+02     0.490029E+02     0.488453E+02     0.487310E+02     0.488890E+02     0.486434E+02     0.484931E+02     0.483833E+02     0.483925E+02     0.488167E+02     0.485781E+02     0.494044E+02     0.497675E+02     0.493118E+02     0.487120E+02     0.485665E+02     0.472684E+02     0.463013E+02     0.462383E+02     0.457759E+02     0.456669E+02     0.457163E+02     0.457318E+02     0.456864E+02     0.466016E+02     0.465483E+02     0.466419E+02     0.468664E+02     0.468280E+02     0.467720E+02     0.467367E+02     0.466720E+02     0.466407E+02     0.465695E+02     0.100000E+21
 0.162000E+04     0.104786E+03     0.104930E+03     0.104422E+03     0.104230E+03     0.103782E+03     0.103444E+03     0.102990E+03     0.102752E+03     0.101543E+03     0.100990E+03     0.100057E+03     0.989957E+02     0.987358E+02     0.964473E+02     0.961094E+02     0.947968E+02     0.932750E+02     0.929651E+02     0.915194E+02     0.911669E+02     0.903273E+02     0.898147E+02     0.888071E+02     0.889442E+02     0.885953E+02     0.881596E+02     0.887566E+02     0.879327E+02     0.891515E+02     0.896849E+02     0.899334E+02     0.914126E+02     0.905495E+02     0.911083E+02     0.913172E+02     0.909157E+02     0.902300E+02     0.893001E+02     0.883583E+02     0.868166E+02     0.863812E+02     0.842608E+02     0.837307E+02     0.820697E+02     0.807288E+02     0.796052E+02     0.774990E+02     0.769648E+02     0.749782E+02     0.731512E+02     0.716094E+02     0.688374E+02     0.668158E+02     0.641601E+02     0.617903E+02     0.606175E+02     0.584366E+02     0.562720E+02     0.557528E+02     0.537382E+02     0.526575E+02     0.529720E+02     0.527063E+02     0.522752E+02     0.538602E+02     0.533458E+02     0.537245E+02     0.544367E+02     0.540194E+02     0.548419E+02     0.544265E+02     0.537811E+02     0.536993E+02     0.526765E+02     0.508357E+02     0.505226E+02     0.500702E+02     0.504969E+02     0.498796E+02     0.507712E+02     0.512258E+02     0.505554E+02     0.500870E+02     0.496213E+02     0.493790E+02     0.490450E+02     0.488688E+02     0.490716E+02     0.488791E+02     0.489191E+02     0.490188E+02     0.488800E+02     0.490029E+02     0.488599E+02     0.487668E+02     0.488990E+02     0.486434E+02     0.484931E+02     0.483900E+02     0.484582E+02     0.488292E+02     0.485731E+02     0.492878E+02     0.497699E+02     0.492613E+02     0.487120E+02     0.485596E+02     0.473570E+02     0.463013E+02     0.462414E+02     0.457759E+02     0.456597E+02     0.457197E+02     0.457304E+02     0.456864E+02     0.466016E+02     0.465538E+02     0.466743E+02     0.468641E+02     0.468280E+02     0.467720E+02     0.467393E+02     0.466720E+02     0.466439E+02     0.465685E+02     0.100000E+21
 0.164000E+04     0.104964E+03     0.104907E+03     0.104446E+03     0.104182E+03     0.103766E+03     0.103330E+03     0.102888E+03     0.102622E+03     0.101369E+03     0.100888E+03     0.997948E+02     0.986942E+02     0.984185E+02     0.959184E+02     0.954845E+02     0.943318E+02     0.925642E+02     0.922244E+02     0.908351E+02     0.904182E+02     0.897711E+02     0.894265E+02     0.884974E+02     0.890335E+02     0.886471E+02     0.881292E+02     0.891262E+02     0.883474E+02     0.901742E+02     0.902201E+02     0.902548E+02     0.919915E+02     0.912170E+02     0.917310E+02     0.917761E+02     0.913407E+02     0.904769E+02     0.896964E+02     0.885671E+02     0.869030E+02     0.864361E+02     0.840085E+02     0.833606E+02     0.819801E+02     0.800489E+02     0.789946E+02     0.768197E+02     0.762137E+02     0.748742E+02     0.729019E+02     0.715471E+02     0.684659E+02     0.674384E+02     0.653015E+02     0.625232E+02     0.614434E+02     0.585741E+02     0.565887E+02     0.560131E+02     0.543642E+02     0.534325E+02     0.535072E+02     0.531854E+02     0.527330E+02     0.539765E+02     0.533255E+02     0.533588E+02     0.542273E+02     0.537648E+02     0.545987E+02     0.541147E+02     0.534715E+02     0.537177E+02     0.527900E+02     0.513752E+02     0.510323E+02     0.504105E+02     0.506236E+02     0.500432E+02     0.508389E+02     0.508210E+02     0.502394E+02     0.497709E+02     0.493560E+02     0.492767E+02     0.491128E+02     0.489238E+02     0.492917E+02     0.490426E+02     0.489790E+02     0.489924E+02     0.488420E+02     0.488391E+02     0.486672E+02     0.485043E+02     0.486668E+02     0.484298E+02     0.484158E+02     0.483003E+02     0.481813E+02     0.484785E+02     0.482592E+02     0.492416E+02     0.494177E+02     0.491656E+02     0.489617E+02     0.488225E+02     0.472357E+02     0.462406E+02     0.461749E+02     0.457355E+02     0.456362E+02     0.457622E+02     0.458867E+02     0.458401E+02     0.465918E+02     0.465323E+02     0.465964E+02     0.468685E+02     0.468280E+02     0.467720E+02     0.467344E+02     0.466720E+02     0.466376E+02     0.465704E+02     0.100000E+21
 0.166000E+04     0.104811E+03     0.104916E+03     0.104410E+03     0.104182E+03     0.103742E+03     0.103358E+03     0.102888E+03     0.102643E+03     0.101369E+03     0.100832E+03     0.998124E+02     0.986942E+02     0.984300E+02     0.959184E+02     0.955616E+02     0.942093E+02     0.925426E+02     0.922244E+02     0.908351E+02     0.904662E+02     0.897849E+02     0.894703E+02     0.884836E+02     0.890335E+02     0.886743E+02     0.883076E+02     0.891262E+02     0.883146E+02     0.897229E+02     0.902201E+02     0.904228E+02     0.919915E+02     0.911501E+02     0.916496E+02     0.917761E+02     0.913652E+02     0.904769E+02     0.895756E+02     0.885271E+02     0.868801E+02     0.864361E+02     0.840085E+02     0.834508E+02     0.817276E+02     0.800994E+02     0.789946E+02     0.768197E+02     0.762660E+02     0.745830E+02     0.730079E+02     0.715111E+02     0.690638E+02     0.674644E+02     0.649623E+02     0.625232E+02     0.613748E+02     0.588563E+02     0.565887E+02     0.560539E+02     0.543642E+02     0.533146E+02     0.535125E+02     0.531699E+02     0.527330E+02     0.539765E+02     0.534336E+02     0.536059E+02     0.541945E+02     0.537648E+02     0.545987E+02     0.541653E+02     0.536382E+02     0.537719E+02     0.527738E+02     0.513752E+02     0.510539E+02     0.504440E+02     0.506236E+02     0.500163E+02     0.506432E+02     0.508210E+02     0.501987E+02     0.497709E+02     0.493170E+02     0.492662E+02     0.491128E+02     0.489330E+02     0.492917E+02     0.490884E+02     0.490097E+02     0.489840E+02     0.488420E+02     0.488391E+02     0.486889E+02     0.485679E+02     0.486803E+02     0.484298E+02     0.484158E+02     0.483093E+02     0.482661E+02     0.485003E+02     0.482526E+02     0.490020E+02     0.494210E+02     0.491435E+02     0.489617E+02     0.488127E+02     0.473903E+02     0.462406E+02     0.461791E+02     0.457355E+02     0.456226E+02     0.457707E+02     0.458848E+02     0.458401E+02     0.465918E+02     0.465414E+02     0.466535E+02     0.468653E+02     0.468280E+02     0.467720E+02     0.467380E+02     0.466720E+02     0.466423E+02     0.465690E+02     0.100000E+21
 0.168000E+04     0.104944E+03     0.104882E+03     0.104422E+03     0.104164E+03     0.103730E+03     0.103298E+03     0.102827E+03     0.102572E+03     0.101320E+03     0.100842E+03     0.997179E+02     0.985708E+02     0.982998E+02     0.957521E+02     0.954000E+02     0.941445E+02     0.922654E+02     0.918994E+02     0.906209E+02     0.902080E+02     0.896643E+02     0.893062E+02     0.883332E+02     0.890327E+02     0.886491E+02     0.881598E+02     0.891723E+02     0.884267E+02     0.902082E+02     0.903426E+02     0.903572E+02     0.920357E+02     0.912701E+02     0.917669E+02     0.917938E+02     0.913611E+02     0.904425E+02     0.896683E+02     0.885239E+02     0.868346E+02     0.863684E+02     0.839457E+02     0.833173E+02     0.819260E+02     0.799965E+02     0.789248E+02     0.768495E+02     0.762630E+02     0.749250E+02     0.731018E+02     0.718430E+02     0.687130E+02     0.680153E+02     0.656053E+02     0.626350E+02     0.616431E+02     0.587521E+02     0.568296E+02     0.562316E+02     0.545291E+02     0.535420E+02     0.536631E+02     0.533370E+02     0.528874E+02     0.540605E+02     0.533843E+02     0.533841E+02     0.541600E+02     0.536936E+02     0.546089E+02     0.541307E+02     0.535165E+02     0.538318E+02     0.529391E+02     0.514851E+02     0.512780E+02     0.505025E+02     0.506201E+02     0.500335E+02     0.507762E+02     0.506533E+02     0.501458E+02     0.497616E+02     0.493435E+02     0.493359E+02     0.492853E+02     0.490901E+02     0.494144E+02     0.491090E+02     0.490724E+02     0.490747E+02     0.489316E+02     0.489054E+02     0.487276E+02     0.485602E+02     0.487668E+02     0.485535E+02     0.485318E+02     0.484964E+02     0.482780E+02     0.485562E+02     0.483861E+02     0.492310E+02     0.493283E+02     0.490969E+02     0.489238E+02     0.487617E+02     0.471684E+02     0.461229E+02     0.460685E+02     0.457529E+02     0.456456E+02     0.458347E+02     0.460520E+02     0.460095E+02     0.466328E+02     0.465613E+02     0.466163E+02     0.468681E+02     0.468280E+02     0.467720E+02     0.467348E+02     0.466720E+02     0.466378E+02     0.465702E+02     0.100000E+21
 0.170000E+04     0.104890E+03     0.104835E+03     0.104362E+03     0.104071E+03     0.103653E+03     0.103188E+03     0.102732E+03     0.102468E+03     0.101161E+03     0.100677E+03     0.995297E+02     0.983764E+02     0.981027E+02     0.953496E+02     0.949217E+02     0.936667E+02     0.917340E+02     0.913974E+02     0.900473E+02     0.896342E+02     0.890538E+02     0.890042E+02     0.880693E+02     0.890288E+02     0.886460E+02     0.881864E+02     0.893738E+02     0.885910E+02     0.904525E+02     0.905384E+02     0.905641E+02     0.922227E+02     0.914434E+02     0.918500E+02     0.918213E+02     0.913898E+02     0.903535E+02     0.895630E+02     0.884215E+02     0.867261E+02     0.862629E+02     0.837917E+02     0.831499E+02     0.817613E+02     0.798747E+02     0.788150E+02     0.769542E+02     0.763540E+02     0.751093E+02     0.737486E+02     0.723828E+02     0.699205E+02     0.689735E+02     0.665992E+02     0.632305E+02     0.621447E+02     0.592279E+02     0.572024E+02     0.566322E+02     0.550199E+02     0.540800E+02     0.540377E+02     0.535842E+02     0.531345E+02     0.542619E+02     0.536185E+02     0.535002E+02     0.540417E+02     0.535836E+02     0.546382E+02     0.541586E+02     0.535878E+02     0.541270E+02     0.531931E+02     0.520523E+02     0.517127E+02     0.509329E+02     0.506027E+02     0.500193E+02     0.505096E+02     0.503892E+02     0.499163E+02     0.497271E+02     0.493097E+02     0.495037E+02     0.495541E+02     0.493666E+02     0.497194E+02     0.494741E+02     0.493290E+02     0.492195E+02     0.490704E+02     0.490741E+02     0.489038E+02     0.487621E+02     0.489896E+02     0.487514E+02     0.489953E+02     0.488809E+02     0.487262E+02     0.488467E+02     0.486253E+02     0.491119E+02     0.491816E+02     0.489314E+02     0.487404E+02     0.486005E+02     0.469696E+02     0.459412E+02     0.458761E+02     0.458008E+02     0.457005E+02     0.459985E+02     0.463228E+02     0.462765E+02     0.467313E+02     0.466725E+02     0.466976E+02     0.468681E+02     0.468280E+02     0.467720E+02     0.467348E+02     0.466720E+02     0.466378E+02     0.465702E+02     0.100000E+21
 0.172000E+04     0.104763E+03     0.104843E+03     0.104324E+03     0.104071E+03     0.103631E+03     0.103220E+03     0.102732E+03     0.102486E+03     0.101161E+03     0.100624E+03     0.995483E+02     0.983764E+02     0.981122E+02     0.953496E+02     0.949928E+02     0.935293E+02     0.917155E+02     0.913974E+02     0.900473E+02     0.896784E+02     0.891302E+02     0.890446E+02     0.880579E+02     0.890288E+02     0.886695E+02     0.883892E+02     0.893738E+02     0.885622E+02     0.900142E+02     0.905384E+02     0.907110E+02     0.922227E+02     0.913813E+02     0.917791E+02     0.918213E+02     0.914105E+02     0.903535E+02     0.894522E+02     0.883808E+02     0.867070E+02     0.862629E+02     0.837917E+02     0.832340E+02     0.815253E+02     0.799198E+02     0.788150E+02     0.769542E+02     0.764004E+02     0.749630E+02     0.738489E+02     0.723521E+02     0.703446E+02     0.689953E+02     0.662118E+02     0.632305E+02     0.620821E+02     0.595095E+02     0.572024E+02     0.566676E+02     0.550199E+02     0.539703E+02     0.540420E+02     0.535715E+02     0.531345E+02     0.542619E+02     0.537190E+02     0.536974E+02     0.540133E+02     0.535836E+02     0.546382E+02     0.542048E+02     0.538093E+02     0.541777E+02     0.531795E+02     0.520523E+02     0.517311E+02     0.508833E+02     0.506027E+02     0.499955E+02     0.503733E+02     0.503892E+02     0.499015E+02     0.497271E+02     0.492733E+02     0.494797E+02     0.495541E+02     0.493744E+02     0.497194E+02     0.495161E+02     0.493485E+02     0.492124E+02     0.490704E+02     0.490741E+02     0.489240E+02     0.488356E+02     0.490019E+02     0.487514E+02     0.489953E+02     0.488888E+02     0.487725E+02     0.488673E+02     0.486196E+02     0.489895E+02     0.491843E+02     0.489121E+02     0.487404E+02     0.485914E+02     0.471250E+02     0.459412E+02     0.458796E+02     0.458008E+02     0.456879E+02     0.460140E+02     0.463212E+02     0.462765E+02     0.467313E+02     0.466809E+02     0.467370E+02     0.468653E+02     0.468280E+02     0.467720E+02     0.467380E+02     0.466720E+02     0.466423E+02     0.465690E+02     0.100000E+21
 0.174000E+04     0.104823E+03     0.104772E+03     0.104286E+03     0.103961E+03     0.103569E+03     0.103076E+03     0.102639E+03     0.102364E+03     0.101026E+03     0.100538E+03     0.993758E+02     0.982191E+02     0.979412E+02     0.949910E+02     0.944684E+02     0.932302E+02     0.912268E+02     0.909151E+02     0.894656E+02     0.890428E+02     0.883948E+02     0.886565E+02     0.877725E+02     0.889641E+02     0.885927E+02     0.881415E+02     0.895186E+02     0.887094E+02     0.906257E+02     0.906517E+02     0.906496E+02     0.922293E+02     0.914542E+02     0.917614E+02     0.916949E+02     0.912542E+02     0.901108E+02     0.892709E+02     0.881745E+02     0.864995E+02     0.860388E+02     0.835711E+02     0.828979E+02     0.815562E+02     0.798073E+02     0.787592E+02     0.771908E+02     0.765512E+02     0.754233E+02     0.743328E+02     0.728717E+02     0.706258E+02     0.695078E+02     0.671238E+02     0.631685E+02     0.621004E+02     0.588694E+02     0.568171E+02     0.562127E+02     0.549696E+02     0.540315E+02     0.539935E+02     0.535508E+02     0.530983E+02     0.540957E+02     0.534095E+02     0.532446E+02     0.536674E+02     0.532311E+02     0.546696E+02     0.541843E+02     0.536378E+02     0.544114E+02     0.534413E+02     0.525823E+02     0.520987E+02     0.513391E+02     0.506418E+02     0.500529E+02     0.503137E+02     0.501845E+02     0.497155E+02     0.495812E+02     0.491690E+02     0.495007E+02     0.496294E+02     0.494425E+02     0.498389E+02     0.496212E+02     0.494702E+02     0.493777E+02     0.492209E+02     0.494379E+02     0.492887E+02     0.491844E+02     0.493620E+02     0.490819E+02     0.495906E+02     0.493623E+02     0.493006E+02     0.491797E+02     0.488950E+02     0.487745E+02     0.488470E+02     0.485451E+02     0.482568E+02     0.481879E+02     0.465097E+02     0.455416E+02     0.454527E+02     0.455585E+02     0.454120E+02     0.458616E+02     0.463069E+02     0.462605E+02     0.467367E+02     0.466781E+02     0.467006E+02     0.468685E+02     0.468280E+02     0.467720E+02     0.467344E+02     0.466720E+02     0.466376E+02     0.465704E+02     0.100000E+21
 0.176000E+04     0.104673E+03     0.104744E+03     0.104197E+03     0.103940E+03     0.103491E+03     0.103081E+03     0.102572E+03     0.102334E+03     0.100977E+03     0.100424E+03     0.993264E+02     0.981055E+02     0.978456E+02     0.948124E+02     0.944746E+02     0.928134E+02     0.908702E+02     0.905602E+02     0.892051E+02     0.888526E+02     0.884410E+02     0.885516E+02     0.875440E+02     0.889485E+02     0.885996E+02     0.884661E+02     0.895554E+02     0.887314E+02     0.900949E+02     0.907325E+02     0.908960E+02     0.922311E+02     0.913680E+02     0.916429E+02     0.916021E+02     0.912005E+02     0.899982E+02     0.890684E+02     0.879963E+02     0.863107E+02     0.858753E+02     0.834627E+02     0.829325E+02     0.812342E+02     0.798426E+02     0.787189E+02     0.772696E+02     0.767353E+02     0.754301E+02     0.746747E+02     0.731329E+02     0.712999E+02     0.699123E+02     0.666112E+02     0.631562E+02     0.619835E+02     0.591917E+02     0.565341E+02     0.560149E+02     0.549495E+02     0.538688E+02     0.539773E+02     0.535037E+02     0.530725E+02     0.540119E+02     0.534975E+02     0.533458E+02     0.533895E+02     0.529723E+02     0.546827E+02     0.542673E+02     0.540500E+02     0.546098E+02     0.535869E+02     0.526915E+02     0.523785E+02     0.512838E+02     0.506502E+02     0.500329E+02     0.501554E+02     0.500365E+02     0.496022E+02     0.495355E+02     0.490697E+02     0.494474E+02     0.496843E+02     0.495081E+02     0.498968E+02     0.497043E+02     0.495710E+02     0.494701E+02     0.493313E+02     0.496100E+02     0.494670E+02     0.494018E+02     0.495733E+02     0.493177E+02     0.497610E+02     0.496579E+02     0.494228E+02     0.493076E+02     0.490515E+02     0.488046E+02     0.486176E+02     0.483276E+02     0.481480E+02     0.479956E+02     0.465272E+02     0.452477E+02     0.451877E+02     0.454531E+02     0.453369E+02     0.458272E+02     0.462929E+02     0.462489E+02     0.467393E+02     0.466915E+02     0.467524E+02     0.468641E+02     0.468280E+02     0.467720E+02     0.467393E+02     0.466720E+02     0.466439E+02     0.465685E+02     0.100000E+21
 0.178000E+04     0.104712E+03     0.104703E+03     0.104197E+03     0.103912E+03     0.103475E+03     0.103029E+03     0.102529E+03     0.102280E+03     0.100947E+03     0.100428E+03     0.992703E+02     0.980408E+02     0.977736E+02     0.946831E+02     0.943185E+02     0.927514E+02     0.906237E+02     0.902783E+02     0.889795E+02     0.885826E+02     0.882032E+02     0.883713E+02     0.873781E+02     0.889369E+02     0.885642E+02     0.883395E+02     0.896114E+02     0.888260E+02     0.903774E+02     0.907778E+02     0.907872E+02     0.921885E+02     0.913662E+02     0.916046E+02     0.914565E+02     0.910443E+02     0.898591E+02     0.890050E+02     0.878834E+02     0.861488E+02     0.856902E+02     0.833438E+02     0.827604E+02     0.812768E+02     0.797683E+02     0.786772E+02     0.773435E+02     0.767857E+02     0.755625E+02     0.747538E+02     0.733397E+02     0.712283E+02     0.700576E+02     0.670756E+02     0.632247E+02     0.621142E+02     0.590494E+02     0.566271E+02     0.560693E+02     0.549123E+02     0.538998E+02     0.540152E+02     0.536669E+02     0.532245E+02     0.541108E+02     0.535262E+02     0.532341E+02     0.532670E+02     0.528115E+02     0.547526E+02     0.543077E+02     0.539996E+02     0.547130E+02     0.537691E+02     0.527847E+02     0.524872E+02     0.513959E+02     0.506002E+02     0.499907E+02     0.501348E+02     0.499173E+02     0.495059E+02     0.494560E+02     0.490115E+02     0.493804E+02     0.495632E+02     0.493843E+02     0.498498E+02     0.496392E+02     0.495141E+02     0.494347E+02     0.492874E+02     0.497172E+02     0.495598E+02     0.494608E+02     0.496868E+02     0.494611E+02     0.499558E+02     0.498960E+02     0.495957E+02     0.494351E+02     0.492316E+02     0.488717E+02     0.486903E+02     0.483514E+02     0.480892E+02     0.479351E+02     0.462784E+02     0.449749E+02     0.449305E+02     0.451876E+02     0.450996E+02     0.456161E+02     0.461518E+02     0.461039E+02     0.467167E+02     0.466650E+02     0.467181E+02     0.468664E+02     0.468280E+02     0.467720E+02     0.467367E+02     0.466720E+02     0.466407E+02     0.465695E+02     0.100000E+21
 0.180000E+04     0.104744E+03     0.104637E+03     0.104159E+03     0.103834E+03     0.103419E+03     0.102923E+03     0.102459E+03     0.102192E+03     0.100868E+03     0.100390E+03     0.991567E+02     0.979334E+02     0.976577E+02     0.943780E+02     0.939385E+02     0.924892E+02     0.901573E+02     0.898174E+02     0.884270E+02     0.880089E+02     0.875222E+02     0.880149E+02     0.870868E+02     0.889051E+02     0.885185E+02     0.881361E+02     0.897619E+02     0.889834E+02     0.908399E+02     0.908539E+02     0.907343E+02     0.920724E+02     0.913000E+02     0.914349E+02     0.912180E+02     0.907826E+02     0.895220E+02     0.887521E+02     0.875731E+02     0.858524E+02     0.853854E+02     0.830616E+02     0.824104E+02     0.811833E+02     0.796615E+02     0.786079E+02     0.775385E+02     0.769319E+02     0.758216E+02     0.750411E+02     0.736912E+02     0.711865E+02     0.703267E+02     0.677063E+02     0.634158E+02     0.623374E+02     0.589859E+02     0.567793E+02     0.562033E+02     0.548183E+02     0.538935E+02     0.541055E+02     0.539325E+02     0.534801E+02     0.543433E+02     0.536860E+02     0.532105E+02     0.530109E+02     0.525481E+02     0.549277E+02     0.544427E+02     0.539094E+02     0.550015E+02     0.540754E+02     0.530440E+02     0.527011E+02     0.516897E+02     0.504628E+02     0.498827E+02     0.499899E+02     0.497194E+02     0.493017E+02     0.492443E+02     0.488309E+02     0.491863E+02     0.493638E+02     0.491747E+02     0.497376E+02     0.494846E+02     0.493954E+02     0.493659E+02     0.492155E+02     0.499749E+02     0.498024E+02     0.496624E+02     0.499386E+02     0.497019E+02     0.504816E+02     0.503660E+02     0.501151E+02     0.497831E+02     0.495651E+02     0.489965E+02     0.488163E+02     0.484513E+02     0.479262E+02     0.477873E+02     0.457676E+02     0.445288E+02     0.444631E+02     0.445317E+02     0.444334E+02     0.451214E+02     0.459096E+02     0.458629E+02     0.466634E+02     0.466035E+02     0.466450E+02     0.468685E+02     0.468280E+02     0.467720E+02     0.467343E+02     0.466720E+02     0.466374E+02     0.465704E+02     0.100000E+21
 0.182000E+04     0.104679E+03     0.104641E+03     0.104138E+03     0.103834E+03     0.103408E+03     0.102941E+03     0.102459E+03     0.102202E+03     0.100868E+03     0.100361E+03     0.991652E+02     0.979334E+02     0.976636E+02     0.943780E+02     0.939846E+02     0.924066E+02     0.901468E+02     0.898174E+02     0.884270E+02     0.880314E+02     0.876500E+02     0.880345E+02     0.870798E+02     0.889051E+02     0.885315E+02     0.882892E+02     0.897619E+02     0.889680E+02     0.905848E+02     0.908539E+02     0.907926E+02     0.920724E+02     0.912679E+02     0.914131E+02     0.912180E+02     0.907947E+02     0.895220E+02     0.886763E+02     0.875551E+02     0.858409E+02     0.853854E+02     0.830616E+02     0.824554E+02     0.810895E+02     0.796848E+02     0.786079E+02     0.775385E+02     0.769561E+02     0.758075E+02     0.750935E+02     0.736738E+02     0.714806E+02     0.703398E+02     0.674694E+02     0.634158E+02     0.623058E+02     0.591427E+02     0.567793E+02     0.562228E+02     0.548183E+02     0.538273E+02     0.541080E+02     0.539245E+02     0.534801E+02     0.543433E+02     0.537466E+02     0.532572E+02     0.529953E+02     0.525481E+02     0.549277E+02     0.544660E+02     0.541504E+02     0.550261E+02     0.540673E+02     0.530440E+02     0.527116E+02     0.515948E+02     0.504628E+02     0.498703E+02     0.499515E+02     0.497194E+02     0.492994E+02     0.492443E+02     0.488115E+02     0.491728E+02     0.493638E+02     0.491794E+02     0.497376E+02     0.495133E+02     0.494069E+02     0.493618E+02     0.492155E+02     0.499749E+02     0.498128E+02     0.497129E+02     0.499447E+02     0.497019E+02     0.504816E+02     0.503703E+02     0.500911E+02     0.497947E+02     0.495620E+02     0.490600E+02     0.488180E+02     0.484259E+02     0.479262E+02     0.477827E+02     0.458542E+02     0.445288E+02     0.444651E+02     0.445317E+02     0.444253E+02     0.451346E+02     0.459086E+02     0.458629E+02     0.466634E+02     0.466083E+02     0.466695E+02     0.468670E+02     0.468280E+02     0.467720E+02     0.467360E+02     0.466720E+02     0.466396E+02     0.465697E+02     0.100000E+21
 0.184000E+04     0.104638E+03     0.104602E+03     0.104100E+03     0.103798E+03     0.103379E+03     0.102917E+03     0.102436E+03     0.102173E+03     0.100863E+03     0.100356E+03     0.991527E+02     0.979116E+02     0.976365E+02     0.942219E+02     0.938167E+02     0.921672E+02     0.898598E+02     0.895317E+02     0.880953E+02     0.876937E+02     0.873680E+02     0.878627E+02     0.869300E+02     0.889706E+02     0.885818E+02     0.883958E+02     0.899231E+02     0.891234E+02     0.905819E+02     0.908618E+02     0.907259E+02     0.918595E+02     0.910650E+02     0.911537E+02     0.909525E+02     0.905138E+02     0.892574E+02     0.883880E+02     0.872928E+02     0.856167E+02     0.851553E+02     0.827873E+02     0.821653E+02     0.807819E+02     0.794111E+02     0.783596E+02     0.773371E+02     0.767558E+02     0.756645E+02     0.751662E+02     0.737486E+02     0.718008E+02     0.706250E+02     0.678754E+02     0.640186E+02     0.628786E+02     0.598836E+02     0.574711E+02     0.569291E+02     0.553448E+02     0.543766E+02     0.546681E+02     0.544991E+02     0.540476E+02     0.547995E+02     0.542392E+02     0.535089E+02     0.528180E+02     0.523678E+02     0.549464E+02     0.544771E+02     0.542755E+02     0.552957E+02     0.543249E+02     0.533419E+02     0.529677E+02     0.518280E+02     0.505530E+02     0.499588E+02     0.500872E+02     0.498695E+02     0.493970E+02     0.491701E+02     0.487387E+02     0.490657E+02     0.492443E+02     0.490544E+02     0.499086E+02     0.497000E+02     0.494666E+02     0.492562E+02     0.491091E+02     0.500280E+02     0.498659E+02     0.497637E+02     0.499427E+02     0.497019E+02     0.505295E+02     0.504116E+02     0.501641E+02     0.499634E+02     0.497160E+02     0.494086E+02     0.491642E+02     0.487280E+02     0.480067E+02     0.478603E+02     0.459046E+02     0.445253E+02     0.444600E+02     0.443690E+02     0.442518E+02     0.450512E+02     0.459072E+02     0.458607E+02     0.466783E+02     0.466240E+02     0.466861E+02     0.468678E+02     0.468280E+02     0.467720E+02     0.467353E+02     0.466720E+02     0.466396E+02     0.465703E+02     0.100000E+21
 0.186000E+04     0.104573E+03     0.104586E+03     0.104032E+03     0.103776E+03     0.103325E+03     0.102925E+03     0.102417E+03     0.102182E+03     0.100860E+03     0.100302E+03     0.991624E+02     0.978927E+02     0.976342E+02     0.941082E+02     0.937757E+02     0.918331E+02     0.895898E+02     0.892824E+02     0.878624E+02     0.875147E+02     0.873476E+02     0.877914E+02     0.867775E+02     0.890111E+02     0.886654E+02     0.887057E+02     0.900234E+02     0.891956E+02     0.903447E+02     0.908686E+02     0.908059E+02     0.917260E+02     0.908565E+02     0.909340E+02     0.907210E+02     0.903224E+02     0.890694E+02     0.881316E+02     0.870680E+02     0.853879E+02     0.849552E+02     0.825886E+02     0.820664E+02     0.804760E+02     0.792741E+02     0.781446E+02     0.772061E+02     0.766778E+02     0.756367E+02     0.753053E+02     0.737504E+02     0.721643E+02     0.709112E+02     0.676461E+02     0.643847E+02     0.632046E+02     0.606169E+02     0.580741E+02     0.575597E+02     0.557024E+02     0.546129E+02     0.550839E+02     0.549643E+02     0.545350E+02     0.551331E+02     0.546268E+02     0.536336E+02     0.526239E+02     0.522106E+02     0.549592E+02     0.545491E+02     0.546111E+02     0.555435E+02     0.545134E+02     0.535234E+02     0.532130E+02     0.517668E+02     0.506082E+02     0.499878E+02     0.501101E+02     0.499994E+02     0.494225E+02     0.491223E+02     0.486532E+02     0.489636E+02     0.491405E+02     0.489654E+02     0.500319E+02     0.498425E+02     0.494975E+02     0.491541E+02     0.490164E+02     0.500660E+02     0.499250E+02     0.498322E+02     0.499590E+02     0.497020E+02     0.505598E+02     0.504578E+02     0.502132E+02     0.500875E+02     0.498291E+02     0.496255E+02     0.494649E+02     0.488154E+02     0.480561E+02     0.479028E+02     0.461085E+02     0.445223E+02     0.444628E+02     0.442558E+02     0.441386E+02     0.450257E+02     0.459025E+02     0.458587E+02     0.466891E+02     0.466420E+02     0.467271E+02     0.468637E+02     0.468280E+02     0.467720E+02     0.467397E+02     0.466720E+02     0.466443E+02     0.465683E+02     0.100000E+21
 0.188000E+04     0.104587E+03     0.104582E+03     0.104044E+03     0.103776E+03     0.103333E+03     0.102917E+03     0.102417E+03     0.102174E+03     0.100860E+03     0.100316E+03     0.991564E+02     0.978927E+02     0.976302E+02     0.941082E+02     0.937597E+02     0.918839E+02     0.895972E+02     0.892824E+02     0.878624E+02     0.875006E+02     0.873044E+02     0.877778E+02     0.867823E+02     0.890111E+02     0.886561E+02     0.886363E+02     0.900234E+02     0.892067E+02     0.904230E+02     0.908686E+02     0.907723E+02     0.917260E+02     0.908752E+02     0.909459E+02     0.907210E+02     0.903140E+02     0.890694E+02     0.881556E+02     0.870795E+02     0.853958E+02     0.849552E+02     0.825886E+02     0.820429E+02     0.805104E+02     0.792574E+02     0.781446E+02     0.772061E+02     0.766605E+02     0.756256E+02     0.752789E+02     0.737628E+02     0.721044E+02     0.709022E+02     0.677878E+02     0.643847E+02     0.632259E+02     0.605416E+02     0.580741E+02     0.575458E+02     0.557024E+02     0.546392E+02     0.550820E+02     0.549696E+02     0.545350E+02     0.551331E+02     0.546027E+02     0.536349E+02     0.526351E+02     0.522106E+02     0.549592E+02     0.545334E+02     0.545377E+02     0.555276E+02     0.545190E+02     0.535234E+02     0.532056E+02     0.518247E+02     0.506082E+02     0.499967E+02     0.501288E+02     0.499994E+02     0.494324E+02     0.491223E+02     0.486633E+02     0.489719E+02     0.491405E+02     0.489622E+02     0.500319E+02     0.498334E+02     0.494974E+02     0.491571E+02     0.490164E+02     0.500660E+02     0.499189E+02     0.498192E+02     0.499546E+02     0.497020E+02     0.505598E+02     0.504547E+02     0.502150E+02     0.500826E+02     0.498313E+02     0.496190E+02     0.494638E+02     0.488458E+02     0.480561E+02     0.479057E+02     0.460559E+02     0.445223E+02     0.444614E+02     0.442558E+02     0.441415E+02     0.450152E+02     0.459031E+02     0.458587E+02     0.466891E+02     0.466398E+02     0.467172E+02     0.468648E+02     0.468280E+02     0.467720E+02     0.467385E+02     0.466720E+02     0.466430E+02     0.465688E+02     0.100000E+21
 0.190000E+04     0.104594E+03     0.104529E+03     0.104039E+03     0.103754E+03     0.103333E+03     0.102898E+03     0.102431E+03     0.102168E+03     0.100939E+03     0.100433E+03     0.992241E+02     0.979790E+02     0.977040E+02     0.940295E+02     0.936352E+02     0.918636E+02     0.893490E+02     0.890118E+02     0.875896E+02     0.871877E+02     0.869822E+02     0.877137E+02     0.867705E+02     0.892793E+02     0.888968E+02     0.887123E+02     0.902834E+02     0.894990E+02     0.906119E+02     0.907069E+02     0.904012E+02     0.911690E+02     0.903708E+02     0.904351E+02     0.901910E+02     0.897581E+02     0.888755E+02     0.880309E+02     0.869913E+02     0.853980E+02     0.849328E+02     0.823071E+02     0.816951E+02     0.801448E+02     0.783819E+02     0.773172E+02     0.760787E+02     0.754832E+02     0.746370E+02     0.747052E+02     0.732979E+02     0.721494E+02     0.713781E+02     0.687932E+02     0.653021E+02     0.642036E+02     0.615821E+02     0.595116E+02     0.589418E+02     0.569734E+02     0.559852E+02     0.559427E+02     0.554379E+02     0.549863E+02     0.548677E+02     0.542685E+02     0.530021E+02     0.513987E+02     0.509410E+02     0.545363E+02     0.540661E+02     0.540820E+02     0.556776E+02     0.547296E+02     0.536109E+02     0.532706E+02     0.520493E+02     0.506224E+02     0.500366E+02     0.505634E+02     0.505689E+02     0.500168E+02     0.496463E+02     0.492160E+02     0.491915E+02     0.490688E+02     0.488806E+02     0.500957E+02     0.498710E+02     0.494611E+02     0.489905E+02     0.488409E+02     0.498233E+02     0.496591E+02     0.495212E+02     0.496384E+02     0.493980E+02     0.502056E+02     0.500916E+02     0.499849E+02     0.501559E+02     0.499247E+02     0.502847E+02     0.504010E+02     0.497021E+02     0.484131E+02     0.482708E+02     0.464767E+02     0.452169E+02     0.451517E+02     0.448535E+02     0.447472E+02     0.454629E+02     0.462402E+02     0.461936E+02     0.467972E+02     0.467417E+02     0.467609E+02     0.468679E+02     0.468280E+02     0.467720E+02     0.467352E+02     0.466720E+02     0.466395E+02     0.465703E+02     0.100000E+21
 0.192000E+04     0.104668E+03     0.104530E+03     0.104062E+03     0.103754E+03     0.103338E+03     0.102874E+03     0.102431E+03     0.102166E+03     0.100939E+03     0.100466E+03     0.992098E+02     0.979790E+02     0.977053E+02     0.940295E+02     0.935794E+02     0.920210E+02     0.893491E+02     0.890118E+02     0.875896E+02     0.871701E+02     0.867057E+02     0.876975E+02     0.867688E+02     0.892793E+02     0.888954E+02     0.884931E+02     0.902834E+02     0.895026E+02     0.909029E+02     0.907069E+02     0.903801E+02     0.911690E+02     0.903999E+02     0.904671E+02     0.901910E+02     0.897591E+02     0.888755E+02     0.881262E+02     0.870163E+02     0.853961E+02     0.849328E+02     0.823071E+02     0.816495E+02     0.803470E+02     0.783727E+02     0.773172E+02     0.760787E+02     0.754744E+02     0.744781E+02     0.746387E+02     0.732979E+02     0.719939E+02     0.713804E+02     0.689972E+02     0.653021E+02     0.642241E+02     0.613841E+02     0.595116E+02     0.589395E+02     0.569734E+02     0.560616E+02     0.559399E+02     0.554357E+02     0.549863E+02     0.548677E+02     0.541985E+02     0.530763E+02     0.514006E+02     0.509410E+02     0.545363E+02     0.540509E+02     0.535190E+02     0.556528E+02     0.547282E+02     0.536109E+02     0.532706E+02     0.522008E+02     0.506224E+02     0.500411E+02     0.506931E+02     0.505689E+02     0.500228E+02     0.496463E+02     0.492356E+02     0.492002E+02     0.490688E+02     0.488813E+02     0.500957E+02     0.498349E+02     0.494699E+02     0.489901E+02     0.488409E+02     0.498233E+02     0.496497E+02     0.494688E+02     0.496347E+02     0.493980E+02     0.502056E+02     0.500907E+02     0.499339E+02     0.501404E+02     0.499250E+02     0.503887E+02     0.504013E+02     0.497554E+02     0.484131E+02     0.482745E+02     0.463450E+02     0.452169E+02     0.451517E+02     0.448535E+02     0.447571E+02     0.454408E+02     0.462399E+02     0.461936E+02     0.467972E+02     0.467365E+02     0.467351E+02     0.468683E+02     0.468280E+02     0.467720E+02     0.467344E+02     0.466720E+02     0.466369E+02     0.465702E+02     0.100000E+21
 0.194000E+04     0.104570E+03     0.104506E+03     0.104015E+03     0.103743E+03     0.103320E+03     0.102906E+03     0.102445E+03     0.102183E+03     0.100995E+03     0.100482E+03     0.992979E+02     0.980653E+02     0.977905E+02     0.940634E+02     0.936768E+02     0.918384E+02     0.893210E+02     0.889847E+02     0.875720E+02     0.871753E+02     0.870343E+02     0.877872E+02     0.868414E+02     0.894222E+02     0.890495E+02     0.888734E+02     0.903486E+02     0.895652E+02     0.904731E+02     0.905185E+02     0.901729E+02     0.908299E+02     0.900194E+02     0.901573E+02     0.899728E+02     0.895435E+02     0.890027E+02     0.881390E+02     0.872249E+02     0.857828E+02     0.853214E+02     0.825644E+02     0.819572E+02     0.801976E+02     0.781931E+02     0.771187E+02     0.755727E+02     0.749635E+02     0.741989E+02     0.743330E+02     0.728907E+02     0.721865E+02     0.716143E+02     0.691764E+02     0.661781E+02     0.651041E+02     0.624922E+02     0.604059E+02     0.598220E+02     0.573755E+02     0.563637E+02     0.560981E+02     0.553306E+02     0.548795E+02     0.546629E+02     0.540846E+02     0.527521E+02     0.511020E+02     0.506407E+02     0.545464E+02     0.540814E+02     0.541462E+02     0.556335E+02     0.546763E+02     0.532913E+02     0.529316E+02     0.516896E+02     0.502933E+02     0.496893E+02     0.504562E+02     0.506410E+02     0.501218E+02     0.498282E+02     0.493934E+02     0.492904E+02     0.490969E+02     0.489088E+02     0.500140E+02     0.497980E+02     0.493751E+02     0.488997E+02     0.487495E+02     0.494881E+02     0.493307E+02     0.491970E+02     0.492831E+02     0.490296E+02     0.499532E+02     0.498280E+02     0.498042E+02     0.501036E+02     0.498662E+02     0.504096E+02     0.506646E+02     0.498616E+02     0.484145E+02     0.482713E+02     0.465772E+02     0.453468E+02     0.452799E+02     0.449214E+02     0.448113E+02     0.455152E+02     0.462647E+02     0.462183E+02     0.468107E+02     0.467559E+02     0.467740E+02     0.468677E+02     0.468280E+02     0.467720E+02     0.467356E+02     0.466720E+02     0.466401E+02     0.465702E+02     0.100000E+21
 0.196000E+04     0.104523E+03     0.104491E+03     0.103962E+03     0.103730E+03     0.103283E+03     0.102926E+03     0.102459E+03     0.102221E+03     0.101062E+03     0.100511E+03     0.993936E+02     0.981573E+02     0.978969E+02     0.941022E+02     0.937624E+02     0.917053E+02     0.892667E+02     0.889558E+02     0.875516E+02     0.871973E+02     0.871917E+02     0.879061E+02     0.869008E+02     0.895964E+02     0.892464E+02     0.891917E+02     0.904280E+02     0.896055E+02     0.902246E+02     0.903173E+02     0.899608E+02     0.904186E+02     0.895577E+02     0.898067E+02     0.897414E+02     0.893388E+02     0.891500E+02     0.882231E+02     0.874844E+02     0.861707E+02     0.857343E+02     0.828600E+02     0.823270E+02     0.801291E+02     0.780291E+02     0.769075E+02     0.749669E+02     0.744305E+02     0.737347E+02     0.739439E+02     0.724069E+02     0.721955E+02     0.718991E+02     0.693969E+02     0.672531E+02     0.660830E+02     0.636810E+02     0.613548E+02     0.608338E+02     0.578493E+02     0.567718E+02     0.562765E+02     0.551972E+02     0.547654E+02     0.544284E+02     0.539110E+02     0.524089E+02     0.507407E+02     0.503221E+02     0.545584E+02     0.541410E+02     0.543697E+02     0.556200E+02     0.545998E+02     0.528996E+02     0.525856E+02     0.511341E+02     0.498902E+02     0.492740E+02     0.502280E+02     0.507178E+02     0.502213E+02     0.500468E+02     0.495823E+02     0.494023E+02     0.491267E+02     0.489500E+02     0.499198E+02     0.497262E+02     0.492691E+02     0.487916E+02     0.486525E+02     0.491009E+02     0.489571E+02     0.488200E+02     0.488914E+02     0.486364E+02     0.496480E+02     0.495446E+02     0.496354E+02     0.500501E+02     0.497949E+02     0.504907E+02     0.509510E+02     0.499010E+02     0.484163E+02     0.482643E+02     0.467733E+02     0.454846E+02     0.454245E+02     0.450007E+02     0.448848E+02     0.455916E+02     0.462887E+02     0.462446E+02     0.468261E+02     0.467780E+02     0.468009E+02     0.468642E+02     0.468280E+02     0.467720E+02     0.467391E+02     0.466720E+02     0.466437E+02     0.465685E+02     0.100000E+21
 0.198000E+04     0.104519E+03     0.104492E+03     0.103959E+03     0.103730E+03     0.103280E+03     0.102928E+03     0.102459E+03     0.102223E+03     0.101062E+03     0.100506E+03     0.993955E+02     0.981573E+02     0.978983E+02     0.941022E+02     0.937677E+02     0.916870E+02     0.892642E+02     0.889558E+02     0.875516E+02     0.872020E+02     0.872101E+02     0.879106E+02     0.868992E+02     0.895964E+02     0.892495E+02     0.892124E+02     0.904280E+02     0.896017E+02     0.902085E+02     0.903173E+02     0.899663E+02     0.904186E+02     0.895516E+02     0.898016E+02     0.897414E+02     0.893417E+02     0.891500E+02     0.882152E+02     0.874829E+02     0.861680E+02     0.857343E+02     0.828600E+02     0.823348E+02     0.801045E+02     0.780347E+02     0.769075E+02     0.749669E+02     0.744363E+02     0.737480E+02     0.739525E+02     0.724027E+02     0.721900E+02     0.719022E+02     0.693667E+02     0.672531E+02     0.660759E+02     0.637026E+02     0.613548E+02     0.608385E+02     0.578493E+02     0.567632E+02     0.562765E+02     0.551954E+02     0.547654E+02     0.544284E+02     0.539190E+02     0.524001E+02     0.507369E+02     0.503221E+02     0.545584E+02     0.541463E+02     0.543985E+02     0.556252E+02     0.545979E+02     0.528996E+02     0.525881E+02     0.511142E+02     0.498902E+02     0.492710E+02     0.502095E+02     0.507178E+02     0.502194E+02     0.500468E+02     0.495790E+02     0.494021E+02     0.491267E+02     0.489511E+02     0.499198E+02     0.497292E+02     0.492680E+02     0.487906E+02     0.486525E+02     0.491009E+02     0.489591E+02     0.488232E+02     0.488928E+02     0.486364E+02     0.496480E+02     0.495456E+02     0.496442E+02     0.500516E+02     0.497941E+02     0.504773E+02     0.509514E+02     0.498817E+02     0.484163E+02     0.482633E+02     0.467871E+02     0.454846E+02     0.454250E+02     0.450007E+02     0.448839E+02     0.455943E+02     0.462884E+02     0.462446E+02     0.468261E+02     0.467787E+02     0.468030E+02     0.468638E+02     0.468280E+02     0.467720E+02     0.467395E+02     0.466720E+02     0.466441E+02     0.465684E+02     0.100000E+21
 0.200000E+04     0.104491E+03     0.104395E+03     0.103912E+03     0.103665E+03     0.103241E+03     0.102882E+03     0.102451E+03     0.102190E+03     0.101173E+03     0.100660E+03     0.995380E+02     0.983605E+02     0.980860E+02     0.942431E+02     0.938587E+02     0.919442E+02     0.893243E+02     0.889885E+02     0.875893E+02     0.871931E+02     0.871213E+02     0.880148E+02     0.870660E+02     0.898088E+02     0.894282E+02     0.891699E+02     0.904107E+02     0.896237E+02     0.900189E+02     0.898235E+02     0.893495E+02     0.896975E+02     0.888909E+02     0.894216E+02     0.895451E+02     0.891135E+02     0.898445E+02     0.889845E+02     0.885042E+02     0.875913E+02     0.871272E+02     0.840739E+02     0.834736E+02     0.811702E+02     0.781484E+02     0.770791E+02     0.742888E+02     0.736980E+02     0.728904E+02     0.729906E+02     0.715658E+02     0.723464E+02     0.724333E+02     0.707910E+02     0.697624E+02     0.686564E+02     0.656908E+02     0.633170E+02     0.627502E+02     0.586562E+02     0.576525E+02     0.565285E+02     0.549033E+02     0.544523E+02     0.546592E+02     0.540743E+02     0.528275E+02     0.513193E+02     0.508638E+02     0.550860E+02     0.546213E+02     0.545557E+02     0.557330E+02     0.547772E+02     0.524896E+02     0.521506E+02     0.509742E+02     0.497803E+02     0.491921E+02     0.506128E+02     0.511536E+02     0.507048E+02     0.505814E+02     0.501460E+02     0.500586E+02     0.498824E+02     0.496946E+02     0.496192E+02     0.494002E+02     0.491656E+02     0.489430E+02     0.487938E+02     0.483009E+02     0.481394E+02     0.480537E+02     0.482536E+02     0.480117E+02     0.491172E+02     0.490039E+02     0.490623E+02     0.496028E+02     0.493678E+02     0.503302E+02     0.507652E+02     0.498983E+02     0.482686E+02     0.481252E+02     0.465080E+02     0.453188E+02     0.452539E+02     0.443113E+02     0.442034E+02     0.450503E+02     0.459609E+02     0.459144E+02     0.467176E+02     0.466633E+02     0.467159E+02     0.468676E+02     0.468280E+02     0.467720E+02     0.467356E+02     0.466720E+02     0.466402E+02     0.465702E+02     0.100000E+21
 0.202000E+04     0.104518E+03     0.104396E+03     0.103928E+03     0.103665E+03     0.103245E+03     0.102870E+03     0.102451E+03     0.102189E+03     0.101173E+03     0.100684E+03     0.995265E+02     0.983605E+02     0.980883E+02     0.942431E+02     0.938229E+02     0.920897E+02     0.893228E+02     0.889885E+02     0.875893E+02     0.871795E+02     0.869059E+02     0.880021E+02     0.870631E+02     0.898088E+02     0.894288E+02     0.890345E+02     0.904107E+02     0.896249E+02     0.901372E+02     0.898235E+02     0.893424E+02     0.896975E+02     0.889136E+02     0.894727E+02     0.895451E+02     0.891165E+02     0.898445E+02     0.890408E+02     0.884995E+02     0.875875E+02     0.871272E+02     0.840739E+02     0.834386E+02     0.815024E+02     0.781429E+02     0.770791E+02     0.742888E+02     0.736929E+02     0.727809E+02     0.729380E+02     0.715630E+02     0.725794E+02     0.724377E+02     0.708404E+02     0.697624E+02     0.686717E+02     0.654887E+02     0.633170E+02     0.627509E+02     0.586562E+02     0.577057E+02     0.565305E+02     0.548998E+02     0.544523E+02     0.546592E+02     0.540255E+02     0.528820E+02     0.513187E+02     0.508638E+02     0.550860E+02     0.546101E+02     0.542776E+02     0.557129E+02     0.547745E+02     0.524896E+02     0.521523E+02     0.510773E+02     0.497803E+02     0.491947E+02     0.508315E+02     0.511536E+02     0.507060E+02     0.505814E+02     0.501611E+02     0.500642E+02     0.498824E+02     0.496961E+02     0.496192E+02     0.493789E+02     0.491592E+02     0.489419E+02     0.487938E+02     0.483009E+02     0.481320E+02     0.480021E+02     0.482508E+02     0.480117E+02     0.491172E+02     0.490036E+02     0.489763E+02     0.495910E+02     0.493677E+02     0.505023E+02     0.507659E+02     0.499519E+02     0.482686E+02     0.481280E+02     0.464041E+02     0.453188E+02     0.452542E+02     0.443113E+02     0.442097E+02     0.450278E+02     0.459605E+02     0.459144E+02     0.467176E+02     0.466594E+02     0.466893E+02     0.468678E+02     0.468280E+02     0.467720E+02     0.467350E+02     0.466720E+02     0.466381E+02     0.465700E+02     0.100000E+21
 0.204000E+04     0.104490E+03     0.104342E+03     0.103884E+03     0.103632E+03     0.103201E+03     0.102842E+03     0.102417E+03     0.102156E+03     0.101187E+03     0.100693E+03     0.995658E+02     0.984253E+02     0.981488E+02     0.942792E+02     0.938558E+02     0.920595E+02     0.893135E+02     0.889737E+02     0.875609E+02     0.871511E+02     0.869528E+02     0.879872E+02     0.870491E+02     0.897954E+02     0.894041E+02     0.890375E+02     0.903523E+02     0.895465E+02     0.900004E+02     0.896288E+02     0.891790E+02     0.895809E+02     0.887786E+02     0.894213E+02     0.896193E+02     0.891814E+02     0.902266E+02     0.892955E+02     0.889965E+02     0.883199E+02     0.878766E+02     0.846089E+02     0.838940E+02     0.817588E+02     0.784378E+02     0.774211E+02     0.743622E+02     0.737796E+02     0.728525E+02     0.729504E+02     0.715711E+02     0.726680E+02     0.728516E+02     0.712894E+02     0.702668E+02     0.693657E+02     0.660637E+02     0.638561E+02     0.632387E+02     0.590317E+02     0.580017E+02     0.567193E+02     0.548556E+02     0.544033E+02     0.547323E+02     0.540885E+02     0.529830E+02     0.515512E+02     0.511107E+02     0.552015E+02     0.547312E+02     0.544469E+02     0.558191E+02     0.549076E+02     0.526569E+02     0.524100E+02     0.512789E+02     0.500161E+02     0.495390E+02     0.509263E+02     0.512686E+02     0.507937E+02     0.506285E+02     0.502073E+02     0.501831E+02     0.500989E+02     0.499034E+02     0.496675E+02     0.494167E+02     0.492765E+02     0.491772E+02     0.490385E+02     0.481823E+02     0.480245E+02     0.479551E+02     0.482299E+02     0.479880E+02     0.491445E+02     0.490397E+02     0.490107E+02     0.495777E+02     0.493463E+02     0.503473E+02     0.505112E+02     0.497862E+02     0.482056E+02     0.480482E+02     0.464184E+02     0.453641E+02     0.452957E+02     0.443995E+02     0.442739E+02     0.451162E+02     0.460416E+02     0.459963E+02     0.467368E+02     0.466751E+02     0.467067E+02     0.468682E+02     0.468280E+02     0.467720E+02     0.467348E+02     0.466720E+02     0.466385E+02     0.465704E+02     0.100000E+21
 0.206000E+04     0.104400E+03     0.104277E+03     0.103773E+03     0.103540E+03     0.103103E+03     0.102791E+03     0.102374E+03     0.102127E+03     0.101218E+03     0.100685E+03     0.996428E+02     0.985092E+02     0.982441E+02     0.943425E+02     0.939814E+02     0.919216E+02     0.892747E+02     0.889549E+02     0.875071E+02     0.871347E+02     0.871206E+02     0.879950E+02     0.870127E+02     0.897597E+02     0.893984E+02     0.891385E+02     0.901999E+02     0.893909E+02     0.896189E+02     0.893740E+02     0.889319E+02     0.892840E+02     0.884474E+02     0.893035E+02     0.897141E+02     0.893014E+02     0.909326E+02     0.900378E+02     0.898816E+02     0.892847E+02     0.888389E+02     0.855562E+02     0.849925E+02     0.822708E+02     0.789645E+02     0.778636E+02     0.745301E+02     0.739723E+02     0.730907E+02     0.730272E+02     0.715402E+02     0.729162E+02     0.734450E+02     0.720399E+02     0.717012E+02     0.705579E+02     0.673010E+02     0.645447E+02     0.640068E+02     0.597995E+02     0.587570E+02     0.570474E+02     0.547773E+02     0.543392E+02     0.548592E+02     0.543098E+02     0.531531E+02     0.518582E+02     0.514260E+02     0.554317E+02     0.549945E+02     0.549730E+02     0.560603E+02     0.550673E+02     0.531260E+02     0.528031E+02     0.516259E+02     0.506704E+02     0.500652E+02     0.510393E+02     0.514175E+02     0.509256E+02     0.507395E+02     0.502883E+02     0.503929E+02     0.503768E+02     0.501963E+02     0.497539E+02     0.495481E+02     0.494904E+02     0.494937E+02     0.493511E+02     0.479665E+02     0.478148E+02     0.478391E+02     0.482064E+02     0.479569E+02     0.492119E+02     0.491047E+02     0.491437E+02     0.495531E+02     0.493073E+02     0.498787E+02     0.501771E+02     0.493343E+02     0.480341E+02     0.478858E+02     0.465131E+02     0.454218E+02     0.453599E+02     0.445698E+02     0.444577E+02     0.452869E+02     0.461471E+02     0.461022E+02     0.467703E+02     0.467193E+02     0.467580E+02     0.468655E+02     0.468280E+02     0.467720E+02     0.467377E+02     0.466720E+02     0.466420E+02     0.465691E+02     0.100000E+21
 0.208000E+04     0.104394E+03     0.104282E+03     0.103755E+03     0.103540E+03     0.103090E+03     0.102797E+03     0.102374E+03     0.102139E+03     0.101218E+03     0.100662E+03     0.996516E+02     0.985092E+02     0.982504E+02     0.943425E+02     0.940089E+02     0.918137E+02     0.892628E+02     0.889549E+02     0.875071E+02     0.871584E+02     0.872315E+02     0.880178E+02     0.870051E+02     0.897597E+02     0.894134E+02     0.892273E+02     0.901999E+02     0.893729E+02     0.895670E+02     0.893740E+02     0.889519E+02     0.892840E+02     0.884159E+02     0.892515E+02     0.897141E+02     0.893149E+02     0.909326E+02     0.899964E+02     0.898961E+02     0.892721E+02     0.888389E+02     0.855562E+02     0.850324E+02     0.820469E+02     0.789919E+02     0.778636E+02     0.745301E+02     0.740005E+02     0.731368E+02     0.730726E+02     0.715204E+02     0.727422E+02     0.734593E+02     0.720168E+02     0.717012E+02     0.705226E+02     0.674649E+02     0.645447E+02     0.640293E+02     0.597995E+02     0.587118E+02     0.570437E+02     0.547689E+02     0.543392E+02     0.548592E+02     0.543512E+02     0.531309E+02     0.518401E+02     0.514260E+02     0.554317E+02     0.550206E+02     0.551084E+02     0.560871E+02     0.550584E+02     0.531260E+02     0.528150E+02     0.515504E+02     0.506704E+02     0.500507E+02     0.509409E+02     0.514175E+02     0.509161E+02     0.507395E+02     0.502710E+02     0.503838E+02     0.503768E+02     0.502014E+02     0.497539E+02     0.495638E+02     0.495057E+02     0.494890E+02     0.493511E+02     0.479665E+02     0.478251E+02     0.478816E+02     0.482136E+02     0.479569E+02     0.492119E+02     0.491097E+02     0.491884E+02     0.495616E+02     0.493037E+02     0.498205E+02     0.501789E+02     0.492531E+02     0.480341E+02     0.478809E+02     0.465793E+02     0.454218E+02     0.453622E+02     0.445698E+02     0.444529E+02     0.453046E+02     0.461460E+02     0.461022E+02     0.467703E+02     0.467231E+02     0.467721E+02     0.468638E+02     0.468280E+02     0.467720E+02     0.467396E+02     0.466720E+02     0.466442E+02     0.465683E+02     0.100000E+21
 0.210000E+04     0.104306E+03     0.104131E+03     0.103653E+03     0.103376E+03     0.102957E+03     0.102628E+03     0.102226E+03     0.101961E+03     0.101160E+03     0.100665E+03     0.996142E+02     0.985307E+02     0.982553E+02     0.943046E+02     0.938964E+02     0.919799E+02     0.890858E+02     0.887473E+02     0.871607E+02     0.867522E+02     0.865711E+02     0.875968E+02     0.866601E+02     0.893512E+02     0.889667E+02     0.885823E+02     0.897741E+02     0.889924E+02     0.893471E+02     0.890391E+02     0.886605E+02     0.892761E+02     0.884881E+02     0.897165E+02     0.903024E+02     0.898682E+02     0.921448E+02     0.913219E+02     0.912076E+02     0.908254E+02     0.903593E+02     0.866674E+02     0.860405E+02     0.837541E+02     0.800277E+02     0.789680E+02     0.757527E+02     0.751522E+02     0.741861E+02     0.739803E+02     0.725949E+02     0.744269E+02     0.746751E+02     0.733101E+02     0.728911E+02     0.718011E+02     0.677418E+02     0.649505E+02     0.643778E+02     0.606093E+02     0.596422E+02     0.573902E+02     0.546455E+02     0.541933E+02     0.547388E+02     0.541203E+02     0.532766E+02     0.523651E+02     0.519050E+02     0.552309E+02     0.547545E+02     0.544565E+02     0.555283E+02     0.545894E+02     0.539144E+02     0.535728E+02     0.526120E+02     0.517808E+02     0.511975E+02     0.516721E+02     0.516048E+02     0.511693E+02     0.510709E+02     0.506470E+02     0.507094E+02     0.506578E+02     0.504691E+02     0.499434E+02     0.497104E+02     0.497004E+02     0.497953E+02     0.496453E+02     0.483354E+02     0.481679E+02     0.481421E+02     0.485937E+02     0.483549E+02     0.495118E+02     0.493971E+02     0.493032E+02     0.495644E+02     0.493379E+02     0.493701E+02     0.493361E+02     0.488048E+02     0.478830E+02     0.477421E+02     0.466988E+02     0.459817E+02     0.459162E+02     0.455685E+02     0.454648E+02     0.460348E+02     0.466610E+02     0.466144E+02     0.469231E+02     0.468660E+02     0.468390E+02     0.468682E+02     0.468280E+02     0.467720E+02     0.467349E+02     0.466720E+02     0.466387E+02     0.465704E+02     0.100000E+21
 0.212000E+04     0.104309E+03     0.104137E+03     0.103633E+03     0.103376E+03     0.102942E+03     0.102634E+03     0.102226E+03     0.101975E+03     0.101160E+03     0.100636E+03     0.996223E+02     0.985307E+02     0.982636E+02     0.943046E+02     0.939321E+02     0.918604E+02     0.890710E+02     0.887473E+02     0.871607E+02     0.867794E+02     0.867174E+02     0.876216E+02     0.866501E+02     0.893512E+02     0.889849E+02     0.886871E+02     0.897741E+02     0.889711E+02     0.892757E+02     0.890391E+02     0.886964E+02     0.892761E+02     0.884515E+02     0.896513E+02     0.903024E+02     0.898854E+02     0.921448E+02     0.912673E+02     0.912272E+02     0.908090E+02     0.903593E+02     0.866674E+02     0.860879E+02     0.834802E+02     0.800593E+02     0.789680E+02     0.757527E+02     0.751851E+02     0.742309E+02     0.740321E+02     0.725702E+02     0.741740E+02     0.746938E+02     0.732819E+02     0.728911E+02     0.717607E+02     0.679494E+02     0.649505E+02     0.644050E+02     0.606093E+02     0.595852E+02     0.573851E+02     0.546340E+02     0.541933E+02     0.547388E+02     0.541725E+02     0.532777E+02     0.523432E+02     0.519050E+02     0.552309E+02     0.547842E+02     0.546165E+02     0.555575E+02     0.545777E+02     0.539144E+02     0.535876E+02     0.525453E+02     0.517808E+02     0.511806E+02     0.516073E+02     0.516048E+02     0.511639E+02     0.510709E+02     0.506265E+02     0.507011E+02     0.506578E+02     0.504757E+02     0.499434E+02     0.497311E+02     0.497186E+02     0.497894E+02     0.496453E+02     0.483354E+02     0.481798E+02     0.481987E+02     0.486018E+02     0.483549E+02     0.495118E+02     0.494029E+02     0.493391E+02     0.495745E+02     0.493335E+02     0.493575E+02     0.493385E+02     0.487472E+02     0.478830E+02     0.477365E+02     0.467460E+02     0.459817E+02     0.459191E+02     0.455685E+02     0.454584E+02     0.460476E+02     0.466596E+02     0.466144E+02     0.469231E+02     0.468706E+02     0.468473E+02     0.468661E+02     0.468280E+02     0.467720E+02     0.467370E+02     0.466720E+02     0.466411E+02     0.465694E+02     0.100000E+21
 0.214000E+04     0.104297E+03     0.104089E+03     0.103634E+03     0.103368E+03     0.102909E+03     0.102579E+03     0.102147E+03     0.101892E+03     0.101121E+03     0.100656E+03     0.995574E+02     0.984681E+02     0.981943E+02     0.942374E+02     0.938298E+02     0.920039E+02     0.889408E+02     0.885869E+02     0.869985E+02     0.865822E+02     0.862322E+02     0.873746E+02     0.863770E+02     0.892483E+02     0.886779E+02     0.883343E+02     0.896780E+02     0.887661E+02     0.893696E+02     0.889297E+02     0.886286E+02     0.893161E+02     0.885706E+02     0.899182E+02     0.906034E+02     0.901486E+02     0.924166E+02     0.914523E+02     0.914262E+02     0.910620E+02     0.906069E+02     0.866986E+02     0.860320E+02     0.841509E+02     0.801783E+02     0.791585E+02     0.759828E+02     0.755122E+02     0.742199E+02     0.742100E+02     0.730559E+02     0.750537E+02     0.751458E+02     0.735982E+02     0.729269E+02     0.720104E+02     0.676688E+02     0.650696E+02     0.644804E+02     0.607844E+02     0.597970E+02     0.576667E+02     0.550764E+02     0.546247E+02     0.550316E+02     0.542005E+02     0.535665E+02     0.528674E+02     0.524715E+02     0.552212E+02     0.547336E+02     0.540759E+02     0.553977E+02     0.544259E+02     0.539483E+02     0.537362E+02     0.528154E+02     0.518804E+02     0.515402E+02     0.518976E+02     0.517926E+02     0.513158E+02     0.511478E+02     0.507455E+02     0.507786E+02     0.506716E+02     0.504824E+02     0.499642E+02     0.496797E+02     0.496808E+02     0.497530E+02     0.495998E+02     0.484636E+02     0.482698E+02     0.481152E+02     0.486809E+02     0.484682E+02     0.495097E+02     0.493921E+02     0.492443E+02     0.495238E+02     0.492803E+02     0.493432E+02     0.491267E+02     0.487241E+02     0.478761E+02     0.477272E+02     0.466495E+02     0.459806E+02     0.459150E+02     0.455490E+02     0.454662E+02     0.460263E+02     0.466935E+02     0.466477E+02     0.469278E+02     0.468651E+02     0.468318E+02     0.468685E+02     0.468280E+02     0.467720E+02     0.467343E+02     0.466720E+02     0.466371E+02     0.465704E+02     0.100000E+21
 0.216000E+04     0.104223E+03     0.104024E+03     0.103523E+03     0.103210E+03     0.102786E+03     0.102442E+03     0.102029E+03     0.101770E+03     0.100983E+03     0.100481E+03     0.994490E+02     0.983741E+02     0.981028E+02     0.940825E+02     0.936818E+02     0.916755E+02     0.886830E+02     0.883511E+02     0.865762E+02     0.861758E+02     0.859706E+02     0.868819E+02     0.859329E+02     0.885490E+02     0.881723E+02     0.878345E+02     0.891103E+02     0.883201E+02     0.889483E+02     0.887631E+02     0.885560E+02     0.895347E+02     0.887367E+02     0.902473E+02     0.910469E+02     0.906206E+02     0.930961E+02     0.922616E+02     0.920142E+02     0.914327E+02     0.909743E+02     0.867717E+02     0.861567E+02     0.839358E+02     0.805156E+02     0.794441E+02     0.768597E+02     0.762717E+02     0.753345E+02     0.752375E+02     0.738307E+02     0.756180E+02     0.759051E+02     0.743679E+02     0.735573E+02     0.724543E+02     0.681995E+02     0.652450E+02     0.646838E+02     0.613072E+02     0.603275E+02     0.582806E+02     0.557288E+02     0.552823E+02     0.556974E+02     0.550904E+02     0.543925E+02     0.537568E+02     0.533059E+02     0.551933E+02     0.547265E+02     0.543444E+02     0.551119E+02     0.541598E+02     0.543597E+02     0.540247E+02     0.531966E+02     0.528070E+02     0.522173E+02     0.523084E+02     0.520742E+02     0.516144E+02     0.514675E+02     0.510384E+02     0.509055E+02     0.506922E+02     0.505067E+02     0.500136E+02     0.497850E+02     0.496981E+02     0.496800E+02     0.495327E+02     0.487767E+02     0.486124E+02     0.485470E+02     0.488823E+02     0.486408E+02     0.494996E+02     0.493873E+02     0.492598E+02     0.494041E+02     0.491739E+02     0.489350E+02     0.488023E+02     0.483892E+02     0.478192E+02     0.476767E+02     0.466781E+02     0.459789E+02     0.459146E+02     0.454963E+02     0.453911E+02     0.460367E+02     0.467435E+02     0.466976E+02     0.469384E+02     0.468824E+02     0.468504E+02     0.468673E+02     0.468280E+02     0.467720E+02     0.467356E+02     0.466720E+02     0.466392E+02     0.465699E+02     0.100000E+21
 0.218000E+04     0.104242E+03     0.104032E+03     0.103485E+03     0.103210E+03     0.102765E+03     0.102455E+03     0.102029E+03     0.101788E+03     0.100983E+03     0.100437E+03     0.994640E+02     0.983741E+02     0.981124E+02     0.940825E+02     0.937370E+02     0.914460E+02     0.886645E+02     0.883511E+02     0.865762E+02     0.862170E+02     0.861937E+02     0.869203E+02     0.859213E+02     0.885490E+02     0.881958E+02     0.880231E+02     0.891103E+02     0.882916E+02     0.887840E+02     0.887631E+02     0.886421E+02     0.895347E+02     0.886804E+02     0.901059E+02     0.910469E+02     0.906414E+02     0.930961E+02     0.921776E+02     0.920403E+02     0.914134E+02     0.909743E+02     0.867717E+02     0.862304E+02     0.835044E+02     0.805598E+02     0.794441E+02     0.768597E+02     0.763173E+02     0.754251E+02     0.753233E+02     0.737999E+02     0.752093E+02     0.759270E+02     0.742787E+02     0.735573E+02     0.723946E+02     0.686019E+02     0.652450E+02     0.647191E+02     0.613072E+02     0.602390E+02     0.582722E+02     0.557160E+02     0.552823E+02     0.556974E+02     0.551715E+02     0.544283E+02     0.537284E+02     0.533059E+02     0.551933E+02     0.547705E+02     0.545535E+02     0.551587E+02     0.541461E+02     0.543597E+02     0.540432E+02     0.531440E+02     0.528070E+02     0.521938E+02     0.522513E+02     0.520742E+02     0.516028E+02     0.514675E+02     0.510065E+02     0.508993E+02     0.506922E+02     0.505145E+02     0.500136E+02     0.498168E+02     0.497233E+02     0.496729E+02     0.495327E+02     0.487767E+02     0.486307E+02     0.486238E+02     0.488942E+02     0.486408E+02     0.494996E+02     0.493951E+02     0.493009E+02     0.494209E+02     0.491682E+02     0.489599E+02     0.488050E+02     0.483330E+02     0.478192E+02     0.476682E+02     0.467619E+02     0.459789E+02     0.459182E+02     0.454963E+02     0.453814E+02     0.460635E+02     0.467419E+02     0.466976E+02     0.469384E+02     0.468896E+02     0.468637E+02     0.468646E+02     0.468280E+02     0.467720E+02     0.467387E+02     0.466720E+02     0.466432E+02     0.465687E+02     0.100000E+21
 0.220000E+04     0.104125E+03     0.103958E+03     0.103465E+03     0.103072E+03     0.102657E+03     0.102240E+03     0.101813E+03     0.101546E+03     0.100706E+03     0.100233E+03     0.991406E+02     0.980514E+02     0.977761E+02     0.937171E+02     0.932615E+02     0.913975E+02     0.882080E+02     0.878684E+02     0.858627E+02     0.854424E+02     0.849522E+02     0.858883E+02     0.849615E+02     0.874007E+02     0.870143E+02     0.865725E+02     0.881275E+02     0.873491E+02     0.885457E+02     0.883119E+02     0.882562E+02     0.897777E+02     0.890093E+02     0.907893E+02     0.916697E+02     0.912348E+02     0.935746E+02     0.928464E+02     0.922260E+02     0.913177E+02     0.908513E+02     0.859345E+02     0.852762E+02     0.834508E+02     0.796560E+02     0.786031E+02     0.770159E+02     0.764086E+02     0.754567E+02     0.761774E+02     0.748373E+02     0.772053E+02     0.768982E+02     0.753245E+02     0.741904E+02     0.731143E+02     0.679009E+02     0.648497E+02     0.642740E+02     0.608280E+02     0.599198E+02     0.576596E+02     0.549591E+02     0.545073E+02     0.551297E+02     0.544572E+02     0.538892E+02     0.534815E+02     0.530189E+02     0.540906E+02     0.536039E+02     0.529107E+02     0.540743E+02     0.531509E+02     0.537753E+02     0.534327E+02     0.527067E+02     0.525285E+02     0.519488E+02     0.521760E+02     0.519303E+02     0.514632E+02     0.512805E+02     0.508702E+02     0.507121E+02     0.504885E+02     0.502997E+02     0.499704E+02     0.497016E+02     0.495264E+02     0.493407E+02     0.491904E+02     0.485559E+02     0.483820E+02     0.482656E+02     0.487476E+02     0.485112E+02     0.494873E+02     0.493717E+02     0.491876E+02     0.492217E+02     0.490065E+02     0.487896E+02     0.486917E+02     0.483068E+02     0.477159E+02     0.475775E+02     0.464940E+02     0.458196E+02     0.457539E+02     0.449857E+02     0.448903E+02     0.457057E+02     0.466536E+02     0.466070E+02     0.468399E+02     0.467790E+02     0.467687E+02     0.468685E+02     0.468280E+02     0.467720E+02     0.467343E+02     0.466720E+02     0.466370E+02     0.465704E+02     0.100000E+21
 0.222000E+04     0.104204E+03     0.103969E+03     0.103395E+03     0.103072E+03     0.102627E+03     0.102272E+03     0.101813E+03     0.101572E+03     0.100706E+03     0.100159E+03     0.991634E+02     0.980514E+02     0.977897E+02     0.937171E+02     0.933717E+02     0.910285E+02     0.881819E+02     0.878684E+02     0.858627E+02     0.855034E+02     0.853772E+02     0.859441E+02     0.849452E+02     0.874007E+02     0.870474E+02     0.869351E+02     0.881275E+02     0.873087E+02     0.881179E+02     0.883119E+02     0.884409E+02     0.897777E+02     0.889235E+02     0.905532E+02     0.916697E+02     0.912642E+02     0.935746E+02     0.926562E+02     0.922361E+02     0.912904E+02     0.908513E+02     0.859345E+02     0.853932E+02     0.826657E+02     0.797188E+02     0.786031E+02     0.770159E+02     0.764735E+02     0.758934E+02     0.763172E+02     0.747938E+02     0.762083E+02     0.769292E+02     0.751480E+02     0.741904E+02     0.730277E+02     0.686560E+02     0.648497E+02     0.643238E+02     0.608280E+02     0.597598E+02     0.576459E+02     0.549409E+02     0.545073E+02     0.551297E+02     0.546038E+02     0.539819E+02     0.534414E+02     0.530189E+02     0.540906E+02     0.536677E+02     0.534846E+02     0.541441E+02     0.531315E+02     0.537753E+02     0.534588E+02     0.526705E+02     0.525285E+02     0.519154E+02     0.520517E+02     0.519303E+02     0.514435E+02     0.512805E+02     0.508196E+02     0.507035E+02     0.504885E+02     0.503107E+02     0.499704E+02     0.497736E+02     0.495435E+02     0.493305E+02     0.491904E+02     0.485559E+02     0.484099E+02     0.484395E+02     0.487646E+02     0.485112E+02     0.494873E+02     0.493828E+02     0.492305E+02     0.492511E+02     0.489984E+02     0.488266E+02     0.486955E+02     0.482258E+02     0.477159E+02     0.475649E+02     0.466278E+02     0.458196E+02     0.457590E+02     0.449857E+02     0.448708E+02     0.457560E+02     0.466513E+02     0.466070E+02     0.468399E+02     0.467910E+02     0.468065E+02     0.468646E+02     0.468280E+02     0.467720E+02     0.467387E+02     0.466720E+02     0.466432E+02     0.465687E+02     0.100000E+21
 0.224000E+04     0.104172E+03     0.103948E+03     0.103422E+03     0.103047E+03     0.102614E+03     0.102210E+03     0.101733E+03     0.101484E+03     0.100621E+03     0.100123E+03     0.990381E+02     0.978920E+02     0.976239E+02     0.935983E+02     0.932265E+02     0.911508E+02     0.880497E+02     0.877043E+02     0.856847E+02     0.852795E+02     0.850079E+02     0.856151E+02     0.845942E+02     0.871116E+02     0.865911E+02     0.864271E+02     0.878489E+02     0.869397E+02     0.881183E+02     0.880382E+02     0.881659E+02     0.897541E+02     0.889526E+02     0.907377E+02     0.917777E+02     0.913448E+02     0.936197E+02     0.927746E+02     0.921709E+02     0.910945E+02     0.906270E+02     0.855755E+02     0.850016E+02     0.827120E+02     0.790374E+02     0.778540E+02     0.766506E+02     0.759528E+02     0.754813E+02     0.761617E+02     0.747293E+02     0.766205E+02     0.769930E+02     0.753281E+02     0.742331E+02     0.731448E+02     0.681423E+02     0.646801E+02     0.641365E+02     0.606283E+02     0.596753E+02     0.574186E+02     0.546285E+02     0.541821E+02     0.550186E+02     0.544354E+02     0.538236E+02     0.533387E+02     0.528726E+02     0.538840E+02     0.533944E+02     0.531070E+02     0.539184E+02     0.529150E+02     0.536683E+02     0.532715E+02     0.525949E+02     0.524734E+02     0.518601E+02     0.520318E+02     0.517543E+02     0.513268E+02     0.512025E+02     0.507698E+02     0.505979E+02     0.503171E+02     0.501385E+02     0.499551E+02     0.497303E+02     0.495069E+02     0.492911E+02     0.491408E+02     0.484737E+02     0.483134E+02     0.482687E+02     0.486175E+02     0.483475E+02     0.494445E+02     0.493149E+02     0.491607E+02     0.491766E+02     0.489231E+02     0.487739E+02     0.486607E+02     0.482621E+02     0.477079E+02     0.475634E+02     0.465704E+02     0.459095E+02     0.458379E+02     0.450709E+02     0.449490E+02     0.457920E+02     0.467158E+02     0.466712E+02     0.468488E+02     0.467913E+02     0.467885E+02     0.468673E+02     0.468280E+02     0.467720E+02     0.467356E+02     0.466720E+02     0.466392E+02     0.465699E+02     0.100000E+21
 0.226000E+04     0.104098E+03     0.103922E+03     0.103412E+03     0.102961E+03     0.102547E+03     0.102059E+03     0.101604E+03     0.101337E+03     0.100376E+03     0.999027E+02     0.987634E+02     0.976322E+02     0.973570E+02     0.933101E+02     0.928558E+02     0.909830E+02     0.877811E+02     0.874418E+02     0.852234E+02     0.848035E+02     0.842806E+02     0.849167E+02     0.839895E+02     0.861473E+02     0.857612E+02     0.853328E+02     0.869429E+02     0.861641E+02     0.877297E+02     0.875862E+02     0.877018E+02     0.896774E+02     0.889085E+02     0.909171E+02     0.919510E+02     0.915164E+02     0.937342E+02     0.930004E+02     0.920708E+02     0.907314E+02     0.902653E+02     0.846966E+02     0.840388E+02     0.820485E+02     0.776882E+02     0.766348E+02     0.755532E+02     0.749465E+02     0.741132E+02     0.759086E+02     0.745675E+02     0.773778E+02     0.771317E+02     0.755468E+02     0.743818E+02     0.733052E+02     0.676671E+02     0.644085E+02     0.638332E+02     0.600775E+02     0.591682E+02     0.568538E+02     0.540962E+02     0.536445E+02     0.547510E+02     0.540795E+02     0.535101E+02     0.531005E+02     0.526383E+02     0.533254E+02     0.528391E+02     0.521724E+02     0.534486E+02     0.525246E+02     0.532984E+02     0.529560E+02     0.522767E+02     0.522859E+02     0.517058E+02     0.517656E+02     0.514678E+02     0.510415E+02     0.509626E+02     0.505520E+02     0.503211E+02     0.500407E+02     0.498521E+02     0.499171E+02     0.496504E+02     0.494439E+02     0.492115E+02     0.490613E+02     0.482678E+02     0.480941E+02     0.479540E+02     0.483139E+02     0.480774E+02     0.493085E+02     0.491930E+02     0.490014E+02     0.489871E+02     0.487716E+02     0.486834E+02     0.486057E+02     0.482335E+02     0.476809E+02     0.475424E+02     0.466301E+02     0.460533E+02     0.459876E+02     0.452952E+02     0.451996E+02     0.459508E+02     0.468223E+02     0.467758E+02     0.468705E+02     0.468097E+02     0.467913E+02     0.468685E+02     0.468280E+02     0.467720E+02     0.467343E+02     0.466720E+02     0.466371E+02     0.465704E+02     0.100000E+21
 0.228000E+04     0.104166E+03     0.103929E+03     0.103360E+03     0.102961E+03     0.102528E+03     0.102091E+03     0.101604E+03     0.101353E+03     0.100376E+03     0.998516E+02     0.987787E+02     0.976322E+02     0.973652E+02     0.933101E+02     0.929376E+02     0.907379E+02     0.877655E+02     0.874418E+02     0.852234E+02     0.848421E+02     0.845369E+02     0.849512E+02     0.839797E+02     0.861473E+02     0.857810E+02     0.855984E+02     0.869429E+02     0.861399E+02     0.873412E+02     0.875862E+02     0.878479E+02     0.896774E+02     0.888528E+02     0.907504E+02     0.919510E+02     0.915339E+02     0.937342E+02     0.928567E+02     0.920545E+02     0.907151E+02     0.902653E+02     0.846966E+02     0.841171E+02     0.813796E+02     0.777261E+02     0.766348E+02     0.755532E+02     0.749856E+02     0.747069E+02     0.760034E+02     0.745415E+02     0.764723E+02     0.771503E+02     0.754318E+02     0.743818E+02     0.732515E+02     0.682211E+02     0.644085E+02     0.638630E+02     0.600775E+02     0.590534E+02     0.568449E+02     0.540852E+02     0.536445E+02     0.547510E+02     0.541847E+02     0.535728E+02     0.530765E+02     0.526383E+02     0.533254E+02     0.528787E+02     0.526597E+02     0.534928E+02     0.525130E+02     0.532984E+02     0.529715E+02     0.522779E+02     0.522859E+02     0.516857E+02     0.517045E+02     0.514678E+02     0.510363E+02     0.509626E+02     0.505181E+02     0.503188E+02     0.500407E+02     0.498587E+02     0.499171E+02     0.497048E+02     0.494514E+02     0.492054E+02     0.490613E+02     0.482678E+02     0.481122E+02     0.480590E+02     0.483243E+02     0.480774E+02     0.493085E+02     0.491996E+02     0.490235E+02     0.490078E+02     0.487668E+02     0.486821E+02     0.486080E+02     0.481866E+02     0.476809E+02     0.475344E+02     0.467027E+02     0.460533E+02     0.459906E+02     0.452952E+02     0.451852E+02     0.459803E+02     0.468209E+02     0.467758E+02     0.468705E+02     0.468180E+02     0.468144E+02     0.468661E+02     0.468280E+02     0.467720E+02     0.467370E+02     0.466720E+02     0.466411E+02     0.465694E+02     0.100000E+21
 0.230000E+04     0.104116E+03     0.103892E+03     0.103350E+03     0.102887E+03     0.102479E+03     0.101965E+03     0.101497E+03     0.101225E+03     0.100155E+03     0.996505E+02     0.985317E+02     0.973939E+02     0.971158E+02     0.930940E+02     0.926520E+02     0.906691E+02     0.876441E+02     0.873118E+02     0.849933E+02     0.845832E+02     0.841393E+02     0.844637E+02     0.835765E+02     0.853863E+02     0.851287E+02     0.847176E+02     0.861443E+02     0.854832E+02     0.868468E+02     0.870862E+02     0.872398E+02     0.893213E+02     0.885516E+02     0.906454E+02     0.918498E+02     0.914121E+02     0.936553E+02     0.928208E+02     0.918975E+02     0.904698E+02     0.900095E+02     0.841298E+02     0.834567E+02     0.809138E+02     0.766254E+02     0.756536E+02     0.740767E+02     0.736328E+02     0.730467E+02     0.750388E+02     0.737813E+02     0.764032E+02     0.769587E+02     0.753931E+02     0.745736E+02     0.734609E+02     0.679194E+02     0.643190E+02     0.637409E+02     0.592988E+02     0.582681E+02     0.564393E+02     0.540322E+02     0.535801E+02     0.543117E+02     0.536318E+02     0.530434E+02     0.525830E+02     0.521523E+02     0.525725E+02     0.521200E+02     0.517650E+02     0.531022E+02     0.522062E+02     0.526702E+02     0.524466E+02     0.517724E+02     0.521273E+02     0.515676E+02     0.513254E+02     0.510605E+02     0.506148E+02     0.505426E+02     0.501220E+02     0.499069E+02     0.496562E+02     0.494587E+02     0.497478E+02     0.494879E+02     0.493228E+02     0.491681E+02     0.490195E+02     0.479827E+02     0.478024E+02     0.476645E+02     0.478832E+02     0.476853E+02     0.490877E+02     0.490036E+02     0.487934E+02     0.487959E+02     0.485992E+02     0.485315E+02     0.484964E+02     0.480707E+02     0.474112E+02     0.472943E+02     0.464422E+02     0.458729E+02     0.457989E+02     0.454351E+02     0.453480E+02     0.460488E+02     0.468448E+02     0.467979E+02     0.469081E+02     0.468553E+02     0.468326E+02     0.468682E+02     0.468280E+02     0.467720E+02     0.467349E+02     0.466720E+02     0.466387E+02     0.465704E+02     0.100000E+21
 0.232000E+04     0.104157E+03     0.103884E+03     0.103248E+03     0.102858E+03     0.102407E+03     0.101959E+03     0.101413E+03     0.101177E+03     0.100047E+03     0.994908E+02     0.984137E+02     0.972066E+02     0.969478E+02     0.929660E+02     0.926324E+02     0.902678E+02     0.875160E+02     0.872081E+02     0.848663E+02     0.845176E+02     0.841234E+02     0.842522E+02     0.832396E+02     0.850723E+02     0.847260E+02     0.846558E+02     0.858105E+02     0.849835E+02     0.861607E+02     0.866971E+02     0.872407E+02     0.891694E+02     0.883012E+02     0.902840E+02     0.917693E+02     0.913702E+02     0.936108E+02     0.926746E+02     0.917581E+02     0.902401E+02     0.898069E+02     0.837975E+02     0.832736E+02     0.797615E+02     0.760101E+02     0.748819E+02     0.733861E+02     0.728566E+02     0.731021E+02     0.747192E+02     0.731670E+02     0.754247E+02     0.768660E+02     0.752489E+02     0.746485E+02     0.734700E+02     0.686339E+02     0.642478E+02     0.637324E+02     0.588977E+02     0.578100E+02     0.561880E+02     0.539597E+02     0.535300E+02     0.540496E+02     0.535416E+02     0.528362E+02     0.521796E+02     0.517655E+02     0.521759E+02     0.517647E+02     0.519099E+02     0.529716E+02     0.519429E+02     0.524221E+02     0.521111E+02     0.516548E+02     0.520642E+02     0.514444E+02     0.511625E+02     0.507401E+02     0.503475E+02     0.503514E+02     0.498829E+02     0.496653E+02     0.493516E+02     0.491762E+02     0.496495E+02     0.494594E+02     0.492796E+02     0.491242E+02     0.489862E+02     0.478197E+02     0.476783E+02     0.475532E+02     0.476370E+02     0.473803E+02     0.489909E+02     0.488887E+02     0.487269E+02     0.487283E+02     0.484703E+02     0.484473E+02     0.484174E+02     0.478811E+02     0.473023E+02     0.471491E+02     0.464072E+02     0.457291E+02     0.456695E+02     0.455108E+02     0.453938E+02     0.461345E+02     0.468591E+02     0.468153E+02     0.469305E+02     0.468833E+02     0.468619E+02     0.468638E+02     0.468280E+02     0.467720E+02     0.467396E+02     0.466720E+02     0.466442E+02     0.465683E+02     0.100000E+21
 0.234000E+04     0.104139E+03     0.103879E+03     0.103279E+03     0.102858E+03     0.102420E+03     0.101941E+03     0.101413E+03     0.101166E+03     0.100047E+03     0.995139E+02     0.984041E+02     0.972066E+02     0.969415E+02     0.929660E+02     0.926049E+02     0.903876E+02     0.875280E+02     0.872081E+02     0.848663E+02     0.844939E+02     0.840772E+02     0.842295E+02     0.832471E+02     0.850723E+02     0.847110E+02     0.845503E+02     0.858105E+02     0.850015E+02     0.863028E+02     0.866971E+02     0.871247E+02     0.891694E+02     0.883327E+02     0.903830E+02     0.917693E+02     0.913567E+02     0.936108E+02     0.927160E+02     0.917731E+02     0.902527E+02     0.898069E+02     0.837975E+02     0.832337E+02     0.800465E+02     0.759828E+02     0.748819E+02     0.733861E+02     0.728283E+02     0.728893E+02     0.746738E+02     0.731869E+02     0.757021E+02     0.768518E+02     0.752928E+02     0.746485E+02     0.735053E+02     0.683535E+02     0.642478E+02     0.637099E+02     0.588977E+02     0.578551E+02     0.561915E+02     0.539680E+02     0.535300E+02     0.540496E+02     0.535003E+02     0.528140E+02     0.521977E+02     0.517655E+02     0.521759E+02     0.517387E+02     0.517662E+02     0.529447E+02     0.519518E+02     0.524221E+02     0.520992E+02     0.516196E+02     0.520642E+02     0.514590E+02     0.511617E+02     0.507401E+02     0.503473E+02     0.503514E+02     0.499002E+02     0.496656E+02     0.493516E+02     0.491711E+02     0.496495E+02     0.494437E+02     0.492708E+02     0.491288E+02     0.489862E+02     0.478197E+02     0.476681E+02     0.475340E+02     0.476298E+02     0.473803E+02     0.489909E+02     0.488838E+02     0.487179E+02     0.487198E+02     0.484740E+02     0.484533E+02     0.484156E+02     0.479197E+02     0.473023E+02     0.471540E+02     0.463711E+02     0.457291E+02     0.456672E+02     0.455108E+02     0.453987E+02     0.461190E+02     0.468602E+02     0.468153E+02     0.469305E+02     0.468795E+02     0.468550E+02     0.468655E+02     0.468280E+02     0.467720E+02     0.467377E+02     0.466720E+02     0.466420E+02     0.465691E+02     0.100000E+21
 0.236000E+04     0.104017E+03     0.103759E+03     0.103214E+03     0.102730E+03     0.102312E+03     0.101748E+03     0.101232E+03     0.100967E+03     0.997488E+02     0.992558E+02     0.980566E+02     0.968419E+02     0.965664E+02     0.927712E+02     0.923587E+02     0.904781E+02     0.875991E+02     0.872603E+02     0.849005E+02     0.844903E+02     0.839464E+02     0.839310E+02     0.829960E+02     0.844617E+02     0.840768E+02     0.837159E+02     0.850372E+02     0.842562E+02     0.858286E+02     0.859637E+02     0.862457E+02     0.885480E+02     0.877627E+02     0.900197E+02     0.913287E+02     0.908942E+02     0.933743E+02     0.925581E+02     0.916467E+02     0.902380E+02     0.897716E+02     0.838303E+02     0.831993E+02     0.804449E+02     0.754128E+02     0.743542E+02     0.719203E+02     0.713186E+02     0.710020E+02     0.731068E+02     0.717274E+02     0.751509E+02     0.758290E+02     0.746060E+02     0.745733E+02     0.734855E+02     0.684225E+02     0.651158E+02     0.645425E+02     0.592846E+02     0.583237E+02     0.573870E+02     0.559962E+02     0.555440E+02     0.547818E+02     0.541575E+02     0.532135E+02     0.521012E+02     0.516405E+02     0.517329E+02     0.512548E+02     0.510449E+02     0.525237E+02     0.515872E+02     0.523852E+02     0.520433E+02     0.515916E+02     0.523037E+02     0.517210E+02     0.512304E+02     0.507380E+02     0.501942E+02     0.498298E+02     0.494077E+02     0.492420E+02     0.490064E+02     0.488176E+02     0.497564E+02     0.495209E+02     0.492996E+02     0.490841E+02     0.489339E+02     0.473026E+02     0.471342E+02     0.470306E+02     0.472952E+02     0.470567E+02     0.489286E+02     0.488137E+02     0.485952E+02     0.484502E+02     0.482251E+02     0.484442E+02     0.484701E+02     0.477550E+02     0.463325E+02     0.461920E+02     0.457158E+02     0.453652E+02     0.452996E+02     0.452204E+02     0.451174E+02     0.458828E+02     0.467386E+02     0.466920E+02     0.468867E+02     0.468292E+02     0.468130E+02     0.468682E+02     0.468280E+02     0.467720E+02     0.467348E+02     0.466720E+02     0.466385E+02     0.465704E+02     0.100000E+21
 0.238000E+04     0.104002E+03     0.103762E+03     0.103220E+03     0.102730E+03     0.102310E+03     0.101739E+03     0.101232E+03     0.100970E+03     0.997488E+02     0.992597E+02     0.980528E+02     0.968419E+02     0.965697E+02     0.927712E+02     0.923510E+02     0.905254E+02     0.875946E+02     0.872603E+02     0.849005E+02     0.844907E+02     0.839290E+02     0.839310E+02     0.829920E+02     0.844617E+02     0.840817E+02     0.836818E+02     0.850372E+02     0.842514E+02     0.859076E+02     0.859637E+02     0.862566E+02     0.885480E+02     0.877641E+02     0.900602E+02     0.913287E+02     0.909000E+02     0.933743E+02     0.925706E+02     0.916511E+02     0.902320E+02     0.897716E+02     0.838303E+02     0.831950E+02     0.806089E+02     0.754180E+02     0.743542E+02     0.719203E+02     0.713244E+02     0.708917E+02     0.730947E+02     0.717198E+02     0.753366E+02     0.758359E+02     0.746062E+02     0.745733E+02     0.734826E+02     0.683144E+02     0.651158E+02     0.645497E+02     0.592846E+02     0.583341E+02     0.573873E+02     0.559915E+02     0.555440E+02     0.547818E+02     0.541480E+02     0.532185E+02     0.520954E+02     0.516405E+02     0.517329E+02     0.512569E+02     0.509554E+02     0.525213E+02     0.515829E+02     0.523852E+02     0.520478E+02     0.515784E+02     0.523037E+02     0.517180E+02     0.512242E+02     0.507380E+02     0.501909E+02     0.498298E+02     0.494095E+02     0.492430E+02     0.490064E+02     0.488200E+02     0.497564E+02     0.495161E+02     0.492976E+02     0.490821E+02     0.489339E+02     0.473026E+02     0.471338E+02     0.470139E+02     0.472958E+02     0.470567E+02     0.489286E+02     0.488150E+02     0.485961E+02     0.484472E+02     0.482239E+02     0.484579E+02     0.484710E+02     0.477552E+02     0.463325E+02     0.461919E+02     0.457082E+02     0.453652E+02     0.453005E+02     0.452204E+02     0.451188E+02     0.458763E+02     0.467381E+02     0.466920E+02     0.468867E+02     0.468286E+02     0.468087E+02     0.468678E+02     0.468280E+02     0.467720E+02     0.467350E+02     0.466720E+02     0.466381E+02     0.465700E+02     0.100000E+21
 0.240000E+04     0.103982E+03     0.103668E+03     0.103095E+03     0.102638E+03     0.102217E+03     0.101671E+03     0.101133E+03     0.100870E+03     0.995990E+02     0.990851E+02     0.979120E+02     0.966879E+02     0.964131E+02     0.927428E+02     0.923576E+02     0.904134E+02     0.877495E+02     0.874122E+02     0.851162E+02     0.847202E+02     0.841766E+02     0.840657E+02     0.831140E+02     0.844336E+02     0.840538E+02     0.837570E+02     0.849011E+02     0.841181E+02     0.854810E+02     0.857958E+02     0.861252E+02     0.883533E+02     0.875483E+02     0.897441E+02     0.911573E+02     0.907245E+02     0.933655E+02     0.925054E+02     0.917244E+02     0.904397E+02     0.899747E+02     0.842671E+02     0.836728E+02     0.804694E+02     0.757634E+02     0.746882E+02     0.716144E+02     0.710299E+02     0.708684E+02     0.724984E+02     0.710920E+02     0.740006E+02     0.751144E+02     0.740564E+02     0.744979E+02     0.733934E+02     0.690756E+02     0.657910E+02     0.652323E+02     0.597089E+02     0.587109E+02     0.582575E+02     0.572967E+02     0.568456E+02     0.555267E+02     0.549588E+02     0.538058E+02     0.524457E+02     0.519861E+02     0.520000E+02     0.515336E+02     0.514144E+02     0.524461E+02     0.514927E+02     0.526207E+02     0.522731E+02     0.518264E+02     0.523831E+02     0.517927E+02     0.514446E+02     0.509909E+02     0.503982E+02     0.499315E+02     0.494960E+02     0.493673E+02     0.491531E+02     0.489659E+02     0.498357E+02     0.496187E+02     0.493889E+02     0.491734E+02     0.490236E+02     0.474613E+02     0.473010E+02     0.471889E+02     0.473279E+02     0.470854E+02     0.489272E+02     0.488140E+02     0.485734E+02     0.483939E+02     0.481609E+02     0.485494E+02     0.486909E+02     0.478355E+02     0.462067E+02     0.460651E+02     0.456155E+02     0.452546E+02     0.451886E+02     0.447805E+02     0.446641E+02     0.456147E+02     0.466330E+02     0.465868E+02     0.468278E+02     0.467724E+02     0.467846E+02     0.468676E+02     0.468280E+02     0.467720E+02     0.467356E+02     0.466720E+02     0.466402E+02     0.465702E+02     0.100000E+21
 0.242000E+04     0.103982E+03     0.103592E+03     0.102955E+03     0.102558E+03     0.102109E+03     0.101616E+03     0.101037E+03     0.100801E+03     0.994658E+02     0.989102E+02     0.977888E+02     0.965404E+02     0.962813E+02     0.927168E+02     0.923823E+02     0.902960E+02     0.878665E+02     0.875581E+02     0.853110E+02     0.849615E+02     0.843701E+02     0.842207E+02     0.832092E+02     0.844089E+02     0.840620E+02     0.838474E+02     0.847818E+02     0.839555E+02     0.851173E+02     0.856351E+02     0.862025E+02     0.881825E+02     0.873155E+02     0.894117E+02     0.909927E+02     0.905930E+02     0.933576E+02     0.924229E+02     0.917991E+02     0.906034E+02     0.901697E+02     0.846647E+02     0.841395E+02     0.803202E+02     0.761356E+02     0.750084E+02     0.713435E+02     0.708129E+02     0.707861E+02     0.720014E+02     0.704515E+02     0.729048E+02     0.744668E+02     0.736778E+02     0.744322E+02     0.732550E+02     0.697313E+02     0.664397E+02     0.659234E+02     0.600888E+02     0.590027E+02     0.590566E+02     0.585208E+02     0.580908E+02     0.562066E+02     0.556971E+02     0.542756E+02     0.527329E+02     0.523181E+02     0.522399E+02     0.518277E+02     0.517151E+02     0.524100E+02     0.513827E+02     0.528260E+02     0.525146E+02     0.520514E+02     0.524524E+02     0.518332E+02     0.516103E+02     0.512333E+02     0.505322E+02     0.500214E+02     0.495535E+02     0.494767E+02     0.492940E+02     0.491184E+02     0.499078E+02     0.497172E+02     0.494748E+02     0.492479E+02     0.491097E+02     0.476052E+02     0.474634E+02     0.473158E+02     0.473694E+02     0.471129E+02     0.489260E+02     0.488236E+02     0.485397E+02     0.483509E+02     0.480934E+02     0.485753E+02     0.489057E+02     0.477327E+02     0.460967E+02     0.459437E+02     0.455375E+02     0.451483E+02     0.450887E+02     0.443843E+02     0.442675E+02     0.453958E+02     0.465298E+02     0.464860E+02     0.467740E+02     0.467266E+02     0.467737E+02     0.468638E+02     0.468280E+02     0.467720E+02     0.467395E+02     0.466720E+02     0.466441E+02     0.465684E+02     0.100000E+21
 0.244000E+04     0.103976E+03     0.103590E+03     0.102961E+03     0.102558E+03     0.102111E+03     0.101612E+03     0.101037E+03     0.100798E+03     0.994658E+02     0.989146E+02     0.977870E+02     0.965404E+02     0.962800E+02     0.927168E+02     0.923771E+02     0.903143E+02     0.878690E+02     0.875581E+02     0.853110E+02     0.849568E+02     0.843667E+02     0.842162E+02     0.832108E+02     0.844089E+02     0.840589E+02     0.838315E+02     0.847818E+02     0.839592E+02     0.851425E+02     0.856351E+02     0.861785E+02     0.881825E+02     0.873217E+02     0.894307E+02     0.909927E+02     0.905901E+02     0.933576E+02     0.924307E+02     0.917999E+02     0.906061E+02     0.901697E+02     0.846647E+02     0.841317E+02     0.803781E+02     0.761300E+02     0.750084E+02     0.713435E+02     0.708071E+02     0.707545E+02     0.719927E+02     0.704557E+02     0.729581E+02     0.744638E+02     0.736670E+02     0.744322E+02     0.732621E+02     0.696961E+02     0.664397E+02     0.659187E+02     0.600888E+02     0.590113E+02     0.590562E+02     0.585226E+02     0.580908E+02     0.562066E+02     0.556892E+02     0.542829E+02     0.527367E+02     0.523181E+02     0.522399E+02     0.518225E+02     0.516959E+02     0.524048E+02     0.513846E+02     0.528260E+02     0.525120E+02     0.520449E+02     0.524524E+02     0.518362E+02     0.516110E+02     0.512333E+02     0.505379E+02     0.500214E+02     0.495568E+02     0.494774E+02     0.492940E+02     0.491173E+02     0.499078E+02     0.497142E+02     0.494737E+02     0.492488E+02     0.491097E+02     0.476052E+02     0.474614E+02     0.473129E+02     0.473679E+02     0.471129E+02     0.489260E+02     0.488226E+02     0.485414E+02     0.483493E+02     0.480942E+02     0.485852E+02     0.489053E+02     0.477544E+02     0.460967E+02     0.459447E+02     0.455342E+02     0.451483E+02     0.450882E+02     0.443843E+02     0.442684E+02     0.453915E+02     0.465300E+02     0.464860E+02     0.467740E+02     0.467259E+02     0.467712E+02     0.468642E+02     0.468280E+02     0.467720E+02     0.467391E+02     0.466720E+02     0.466437E+02     0.465685E+02     0.100000E+21
 0.246000E+04     0.103770E+03     0.103358E+03     0.102795E+03     0.102352E+03     0.101929E+03     0.101364E+03     0.100811E+03     0.100550E+03     0.991656E+02     0.986533E+02     0.974816E+02     0.962588E+02     0.959842E+02     0.927229E+02     0.923377E+02     0.906290E+02     0.883032E+02     0.879672E+02     0.859266E+02     0.855300E+02     0.849346E+02     0.847283E+02     0.837799E+02     0.847633E+02     0.843825E+02     0.839912E+02     0.849168E+02     0.841301E+02     0.853790E+02     0.856180E+02     0.859099E+02     0.880538E+02     0.872479E+02     0.894529E+02     0.908647E+02     0.904329E+02     0.934563E+02     0.925975E+02     0.922055E+02     0.914030E+02     0.909388E+02     0.861588E+02     0.855575E+02     0.824253E+02     0.778289E+02     0.767600E+02     0.722383E+02     0.716471E+02     0.710853E+02     0.717753E+02     0.703519E+02     0.727636E+02     0.735903E+02     0.731045E+02     0.748605E+02     0.737551E+02     0.710926E+02     0.689223E+02     0.683552E+02     0.618232E+02     0.608207E+02     0.607903E+02     0.602816E+02     0.598305E+02     0.574926E+02     0.569066E+02     0.552616E+02     0.531098E+02     0.526541E+02     0.525252E+02     0.520601E+02     0.516483E+02     0.520697E+02     0.511146E+02     0.528973E+02     0.525582E+02     0.520306E+02     0.524153E+02     0.518273E+02     0.519207E+02     0.517243E+02     0.510896E+02     0.505379E+02     0.501029E+02     0.498402E+02     0.495159E+02     0.493280E+02     0.496954E+02     0.494760E+02     0.492874E+02     0.491265E+02     0.489773E+02     0.478790E+02     0.477174E+02     0.475795E+02     0.476774E+02     0.474357E+02     0.490928E+02     0.489795E+02     0.487665E+02     0.486553E+02     0.484207E+02     0.491800E+02     0.495123E+02     0.485512E+02     0.466909E+02     0.465476E+02     0.456970E+02     0.450518E+02     0.449868E+02     0.438696E+02     0.437617E+02     0.450664E+02     0.464912E+02     0.464447E+02     0.467294E+02     0.466750E+02     0.467228E+02     0.468677E+02     0.468280E+02     0.467720E+02     0.467356E+02     0.466720E+02     0.466401E+02     0.465702E+02     0.100000E+21
 0.248000E+04     0.103584E+03     0.103358E+03     0.102839E+03     0.102352E+03     0.101937E+03     0.101314E+03     0.100811E+03     0.100546E+03     0.991656E+02     0.986924E+02     0.974646E+02     0.962588E+02     0.959852E+02     0.927229E+02     0.922728E+02     0.908037E+02     0.883045E+02     0.879672E+02     0.859266E+02     0.855072E+02     0.848818E+02     0.847074E+02     0.837787E+02     0.847633E+02     0.843794E+02     0.838332E+02     0.849168E+02     0.841360E+02     0.857622E+02     0.856180E+02     0.858300E+02     0.880538E+02     0.872848E+02     0.896408E+02     0.908647E+02     0.904328E+02     0.934563E+02     0.927069E+02     0.921928E+02     0.914021E+02     0.909388E+02     0.861588E+02     0.855012E+02     0.832583E+02     0.778155E+02     0.767600E+02     0.722383E+02     0.716340E+02     0.707313E+02     0.716947E+02     0.703539E+02     0.737034E+02     0.735914E+02     0.729732E+02     0.748605E+02     0.737825E+02     0.708417E+02     0.689223E+02     0.683503E+02     0.618232E+02     0.609114E+02     0.607869E+02     0.602798E+02     0.598305E+02     0.574926E+02     0.568235E+02     0.554276E+02     0.531138E+02     0.526541E+02     0.525252E+02     0.520399E+02     0.513734E+02     0.520384E+02     0.511138E+02     0.528973E+02     0.525570E+02     0.519799E+02     0.524153E+02     0.518340E+02     0.519964E+02     0.517243E+02     0.511027E+02     0.505379E+02     0.501273E+02     0.498401E+02     0.495159E+02     0.493284E+02     0.496954E+02     0.494346E+02     0.492735E+02     0.491265E+02     0.489773E+02     0.478790E+02     0.477054E+02     0.475215E+02     0.476724E+02     0.474357E+02     0.490928E+02     0.489779E+02     0.487672E+02     0.486369E+02     0.484215E+02     0.494138E+02     0.495125E+02     0.486518E+02     0.466909E+02     0.465523E+02     0.456237E+02     0.450518E+02     0.449865E+02     0.438696E+02     0.437732E+02     0.450193E+02     0.464910E+02     0.464447E+02     0.467294E+02     0.466686E+02     0.466847E+02     0.468683E+02     0.468280E+02     0.467720E+02     0.467344E+02     0.466720E+02     0.466369E+02     0.465702E+02     0.100000E+21
 0.250000E+04     0.103700E+03     0.103263E+03     0.102721E+03     0.102277E+03     0.101844E+03     0.101267E+03     0.100699E+03     0.100443E+03     0.990409E+02     0.985404E+02     0.973498E+02     0.961207E+02     0.958471E+02     0.927147E+02     0.923215E+02     0.907186E+02     0.884659E+02     0.881354E+02     0.861641E+02     0.857608E+02     0.851450E+02     0.849713E+02     0.840562E+02     0.849426E+02     0.845956E+02     0.841224E+02     0.850200E+02     0.842540E+02     0.854858E+02     0.856383E+02     0.858785E+02     0.879928E+02     0.871914E+02     0.894035E+02     0.907539E+02     0.903242E+02     0.934689E+02     0.926225E+02     0.923435E+02     0.917215E+02     0.912626E+02     0.868475E+02     0.861827E+02     0.832816E+02     0.788123E+02     0.778285E+02     0.729953E+02     0.724904E+02     0.716125E+02     0.720749E+02     0.707181E+02     0.729397E+02     0.734981E+02     0.730804E+02     0.750118E+02     0.739335E+02     0.718363E+02     0.703813E+02     0.697369E+02     0.634476E+02     0.623291E+02     0.620070E+02     0.610776E+02     0.606259E+02     0.580958E+02     0.574204E+02     0.556918E+02     0.532964E+02     0.528486E+02     0.524311E+02     0.519577E+02     0.515452E+02     0.520128E+02     0.510583E+02     0.528491E+02     0.524979E+02     0.520603E+02     0.526171E+02     0.520665E+02     0.522367E+02     0.521664E+02     0.515020E+02     0.508995E+02     0.504712E+02     0.501293E+02     0.497362E+02     0.495436E+02     0.496699E+02     0.494488E+02     0.492995E+02     0.491973E+02     0.490498E+02     0.479367E+02     0.477700E+02     0.476770E+02     0.478922E+02     0.476728E+02     0.491888E+02     0.490903E+02     0.488771E+02     0.487956E+02     0.485890E+02     0.492921E+02     0.495683E+02     0.486799E+02     0.468825E+02     0.467588E+02     0.458489E+02     0.451998E+02     0.451287E+02     0.442279E+02     0.440815E+02     0.452855E+02     0.465734E+02     0.465277E+02     0.467530E+02     0.466950E+02     0.467297E+02     0.468679E+02     0.468280E+02     0.467720E+02     0.467352E+02     0.466720E+02     0.466395E+02     0.465703E+02     0.100000E+21
 0.252000E+04     0.103694E+03     0.103156E+03     0.102545E+03     0.102144E+03     0.101701E+03     0.101159E+03     0.100567E+03     0.100325E+03     0.988408E+02     0.982970E+02     0.971806E+02     0.959580E+02     0.956955E+02     0.927031E+02     0.923546E+02     0.906790E+02     0.886466E+02     0.883318E+02     0.865189E+02     0.861570E+02     0.855495E+02     0.853673E+02     0.843717E+02     0.852537E+02     0.848988E+02     0.844958E+02     0.851983E+02     0.843816E+02     0.853687E+02     0.856625E+02     0.860531E+02     0.878884E+02     0.870377E+02     0.891291E+02     0.906244E+02     0.902174E+02     0.934876E+02     0.925738E+02     0.925596E+02     0.920828E+02     0.916423E+02     0.878396E+02     0.872939E+02     0.840191E+02     0.802001E+02     0.790874E+02     0.742331E+02     0.736876E+02     0.727800E+02     0.726540E+02     0.711379E+02     0.726612E+02     0.734155E+02     0.732776E+02     0.752807E+02     0.741220E+02     0.732045E+02     0.720858E+02     0.715574E+02     0.659714E+02     0.649082E+02     0.637442E+02     0.620055E+02     0.615709E+02     0.589555E+02     0.584250E+02     0.561927E+02     0.535004E+02     0.530758E+02     0.522867E+02     0.518609E+02     0.515348E+02     0.519803E+02     0.509716E+02     0.527638E+02     0.524460E+02     0.521799E+02     0.529732E+02     0.523617E+02     0.526848E+02     0.526873E+02     0.520092E+02     0.514988E+02     0.510398E+02     0.505474E+02     0.499944E+02     0.498161E+02     0.496329E+02     0.494344E+02     0.493332E+02     0.492752E+02     0.491345E+02     0.480210E+02     0.478739E+02     0.478914E+02     0.482069E+02     0.479542E+02     0.493508E+02     0.492457E+02     0.490694E+02     0.490490E+02     0.487977E+02     0.493241E+02     0.496391E+02     0.486611E+02     0.472180E+02     0.470676E+02     0.461530E+02     0.453726E+02     0.453117E+02     0.447691E+02     0.446547E+02     0.456507E+02     0.466699E+02     0.466254E+02     0.467868E+02     0.467375E+02     0.467743E+02     0.468648E+02     0.468280E+02     0.467720E+02     0.467385E+02     0.466720E+02     0.466430E+02     0.465688E+02     0.100000E+21
 0.254000E+04     0.103728E+03     0.103160E+03     0.102527E+03     0.102144E+03     0.101693E+03     0.101172E+03     0.100567E+03     0.100332E+03     0.988408E+02     0.982834E+02     0.971862E+02     0.959580E+02     0.956995E+02     0.927031E+02     0.923706E+02     0.906363E+02     0.886392E+02     0.883318E+02     0.865189E+02     0.861712E+02     0.855585E+02     0.853809E+02     0.843670E+02     0.852537E+02     0.849080E+02     0.845310E+02     0.851983E+02     0.843706E+02     0.853016E+02     0.856625E+02     0.861177E+02     0.878884E+02     0.870190E+02     0.890712E+02     0.906244E+02     0.902258E+02     0.934876E+02     0.925498E+02     0.925703E+02     0.920749E+02     0.916423E+02     0.878396E+02     0.873174E+02     0.838640E+02     0.802168E+02     0.790874E+02     0.742331E+02     0.737048E+02     0.728028E+02     0.726804E+02     0.711255E+02     0.725522E+02     0.734245E+02     0.733611E+02     0.752807E+02     0.741007E+02     0.732167E+02     0.720858E+02     0.715714E+02     0.659714E+02     0.648819E+02     0.637431E+02     0.620002E+02     0.615709E+02     0.589555E+02     0.584491E+02     0.561269E+02     0.534892E+02     0.530758E+02     0.522867E+02     0.518766E+02     0.515790E+02     0.519962E+02     0.509660E+02     0.527638E+02     0.524534E+02     0.522176E+02     0.529732E+02     0.523528E+02     0.526573E+02     0.526873E+02     0.519929E+02     0.514988E+02     0.510296E+02     0.505513E+02     0.499944E+02     0.498193E+02     0.496329E+02     0.494435E+02     0.493406E+02     0.492723E+02     0.491345E+02     0.480210E+02     0.478800E+02     0.479134E+02     0.482113E+02     0.479542E+02     0.493508E+02     0.492487E+02     0.490734E+02     0.490539E+02     0.487954E+02     0.492925E+02     0.496402E+02     0.486056E+02     0.472180E+02     0.470646E+02     0.461779E+02     0.453726E+02     0.453132E+02     0.447691E+02     0.446519E+02     0.456626E+02     0.466692E+02     0.466254E+02     0.467868E+02     0.467397E+02     0.467818E+02     0.468637E+02     0.468280E+02     0.467720E+02     0.467397E+02     0.466720E+02     0.466443E+02     0.465683E+02     0.100000E+21
 0.256000E+04     0.103497E+03     0.102997E+03     0.102436E+03     0.101977E+03     0.101555E+03     0.100923E+03     0.100343E+03     0.100081E+03     0.985206E+02     0.980133E+02     0.968458E+02     0.956359E+02     0.953610E+02     0.925970E+02     0.922051E+02     0.907979E+02     0.888646E+02     0.885278E+02     0.868839E+02     0.864834E+02     0.858996E+02     0.857240E+02     0.847796E+02     0.855971E+02     0.852150E+02     0.846978E+02     0.853577E+02     0.845728E+02     0.854996E+02     0.855253E+02     0.856457E+02     0.874300E+02     0.866298E+02     0.887122E+02     0.899911E+02     0.895585E+02     0.930624E+02     0.922139E+02     0.924361E+02     0.924194E+02     0.919545E+02     0.892046E+02     0.885953E+02     0.860511E+02     0.823322E+02     0.812664E+02     0.764190E+02     0.758246E+02     0.746022E+02     0.736773E+02     0.722658E+02     0.734674E+02     0.736709E+02     0.732566E+02     0.752606E+02     0.741603E+02     0.741802E+02     0.737274E+02     0.731584E+02     0.690459E+02     0.680539E+02     0.662120E+02     0.638650E+02     0.634135E+02     0.606881E+02     0.600924E+02     0.577880E+02     0.544580E+02     0.540007E+02     0.519184E+02     0.514495E+02     0.511535E+02     0.519236E+02     0.509738E+02     0.526119E+02     0.522719E+02     0.520454E+02     0.532334E+02     0.526470E+02     0.535042E+02     0.536898E+02     0.530476E+02     0.524682E+02     0.520366E+02     0.513229E+02     0.506255E+02     0.504373E+02     0.498526E+02     0.496293E+02     0.495543E+02     0.495500E+02     0.494005E+02     0.482539E+02     0.480904E+02     0.481447E+02     0.486728E+02     0.484320E+02     0.492276E+02     0.491138E+02     0.488636E+02     0.486514E+02     0.484193E+02     0.486375E+02     0.486970E+02     0.480894E+02     0.470380E+02     0.468955E+02     0.461784E+02     0.456412E+02     0.455760E+02     0.456641E+02     0.455574E+02     0.461622E+02     0.468110E+02     0.467645E+02     0.468181E+02     0.467629E+02     0.467757E+02     0.468678E+02     0.468280E+02     0.467720E+02     0.467353E+02     0.466720E+02     0.466396E+02     0.465703E+02     0.100000E+21
 0.258000E+04     0.103472E+03     0.103000E+03     0.102437E+03     0.101977E+03     0.101551E+03     0.100915E+03     0.100343E+03     0.100086E+03     0.985206E+02     0.980128E+02     0.968436E+02     0.956359E+02     0.953661E+02     0.925970E+02     0.922036E+02     0.908158E+02     0.888572E+02     0.885278E+02     0.868839E+02     0.864883E+02     0.858930E+02     0.857283E+02     0.847735E+02     0.855971E+02     0.852234E+02     0.846890E+02     0.853577E+02     0.845639E+02     0.855370E+02     0.855253E+02     0.856733E+02     0.874300E+02     0.866254E+02     0.887362E+02     0.899911E+02     0.895678E+02     0.930624E+02     0.922167E+02     0.924287E+02     0.924100E+02     0.919545E+02     0.892046E+02     0.885983E+02     0.861331E+02     0.823433E+02     0.812664E+02     0.764190E+02     0.758365E+02     0.746097E+02     0.736730E+02     0.722533E+02     0.735223E+02     0.736817E+02     0.732676E+02     0.752606E+02     0.741505E+02     0.741912E+02     0.737274E+02     0.731709E+02     0.690459E+02     0.680550E+02     0.662128E+02     0.638580E+02     0.634135E+02     0.606881E+02     0.600914E+02     0.578320E+02     0.544479E+02     0.540007E+02     0.519184E+02     0.514567E+02     0.511167E+02     0.519259E+02     0.509671E+02     0.526119E+02     0.522794E+02     0.520373E+02     0.532334E+02     0.526409E+02     0.535327E+02     0.536898E+02     0.530364E+02     0.524682E+02     0.520353E+02     0.513202E+02     0.506255E+02     0.504411E+02     0.498526E+02     0.496282E+02     0.495508E+02     0.495467E+02     0.494005E+02     0.482539E+02     0.480918E+02     0.481254E+02     0.486749E+02     0.484320E+02     0.492276E+02     0.491162E+02     0.488656E+02     0.486499E+02     0.484172E+02     0.486469E+02     0.486984E+02     0.480780E+02     0.470380E+02     0.468945E+02     0.461702E+02     0.456412E+02     0.455775E+02     0.456641E+02     0.455577E+02     0.461592E+02     0.468101E+02     0.467645E+02     0.468181E+02     0.467629E+02     0.467719E+02     0.468670E+02     0.468280E+02     0.467720E+02     0.467360E+02     0.466720E+02     0.466396E+02     0.465697E+02     0.100000E+21
 0.260000E+04     0.103305E+03     0.102971E+03     0.102447E+03     0.101964E+03     0.101530E+03     0.100849E+03     0.100275E+03     0.100017E+03     0.984535E+02     0.979865E+02     0.967418E+02     0.955087E+02     0.952355E+02     0.925325E+02     0.921285E+02     0.908474E+02     0.888581E+02     0.885174E+02     0.868988E+02     0.864804E+02     0.858622E+02     0.857141E+02     0.847876E+02     0.855969E+02     0.852101E+02     0.846082E+02     0.853328E+02     0.845305E+02     0.856454E+02     0.853407E+02     0.853910E+02     0.872601E+02     0.864222E+02     0.885021E+02     0.895033E+02     0.890973E+02     0.927521E+02     0.921679E+02     0.922051E+02     0.923464E+02     0.918764E+02     0.895198E+02     0.887898E+02     0.868063E+02     0.829997E+02     0.820749E+02     0.769169E+02     0.765447E+02     0.749266E+02     0.739030E+02     0.727125E+02     0.739682E+02     0.739005E+02     0.733009E+02     0.753143E+02     0.743047E+02     0.744284E+02     0.741187E+02     0.735016E+02     0.696562E+02     0.685137E+02     0.669250E+02     0.647357E+02     0.642833E+02     0.610826E+02     0.602448E+02     0.583097E+02     0.548445E+02     0.544265E+02     0.518773E+02     0.513879E+02     0.508461E+02     0.517431E+02     0.507605E+02     0.525549E+02     0.521188E+02     0.518921E+02     0.532574E+02     0.527073E+02     0.537061E+02     0.538047E+02     0.531733E+02     0.525597E+02     0.521527E+02     0.513597E+02     0.505922E+02     0.504045E+02     0.499178E+02     0.496249E+02     0.495891E+02     0.495991E+02     0.494518E+02     0.485238E+02     0.483132E+02     0.481740E+02     0.488552E+02     0.486621E+02     0.491730E+02     0.490165E+02     0.488030E+02     0.484990E+02     0.481796E+02     0.484891E+02     0.480599E+02     0.477444E+02     0.469315E+02     0.467064E+02     0.460825E+02     0.457270E+02     0.456542E+02     0.456978E+02     0.455825E+02     0.461769E+02     0.468368E+02     0.467907E+02     0.468171E+02     0.467575E+02     0.467560E+02     0.468685E+02     0.468280E+02     0.467720E+02     0.467343E+02     0.466720E+02     0.466374E+02     0.465704E+02     0.100000E+21
 0.262000E+04     0.103475E+03     0.102938E+03     0.102348E+03     0.101881E+03     0.101450E+03     0.100792E+03     0.100180E+03     0.999265E+02     0.982566E+02     0.977375E+02     0.965632E+02     0.953300E+02     0.950617E+02     0.923992E+02     0.920206E+02     0.906502E+02     0.888291E+02     0.885031E+02     0.869332E+02     0.865472E+02     0.859440E+02     0.857546E+02     0.847888E+02     0.855960E+02     0.852269E+02     0.846772E+02     0.852240E+02     0.844245E+02     0.851272E+02     0.850779E+02     0.851260E+02     0.865593E+02     0.857411E+02     0.876471E+02     0.888295E+02     0.884098E+02     0.920614E+02     0.911932E+02     0.918111E+02     0.922200E+02     0.917677E+02     0.901800E+02     0.895922E+02     0.872925E+02     0.842953E+02     0.832092E+02     0.785055E+02     0.779325E+02     0.763983E+02     0.748390E+02     0.733899E+02     0.741753E+02     0.742617E+02     0.738417E+02     0.756478E+02     0.745244E+02     0.748860E+02     0.746589E+02     0.741092E+02     0.712463E+02     0.702320E+02     0.683660E+02     0.659653E+02     0.655229E+02     0.618874E+02     0.613121E+02     0.588713E+02     0.554563E+02     0.550146E+02     0.517745E+02     0.513227E+02     0.509203E+02     0.514039E+02     0.504309E+02     0.522237E+02     0.518946E+02     0.518573E+02     0.533870E+02     0.527896E+02     0.537117E+02     0.539661E+02     0.533445E+02     0.528720E+02     0.524311E+02     0.514688E+02     0.505459E+02     0.503628E+02     0.500562E+02     0.498404E+02     0.497275E+02     0.496676E+02     0.495226E+02     0.491116E+02     0.489539E+02     0.489185E+02     0.492351E+02     0.489895E+02     0.489659E+02     0.488561E+02     0.484868E+02     0.480156E+02     0.477770E+02     0.473682E+02     0.471384E+02     0.467773E+02     0.463845E+02     0.462390E+02     0.460364E+02     0.458453E+02     0.457822E+02     0.457780E+02     0.456690E+02     0.462564E+02     0.468729E+02     0.468275E+02     0.468150E+02     0.467617E+02     0.467773E+02     0.468664E+02     0.468280E+02     0.467720E+02     0.467367E+02     0.466720E+02     0.466407E+02     0.465695E+02     0.100000E+21
 0.264000E+04     0.103588E+03     0.102945E+03     0.102300E+03     0.101881E+03     0.101432E+03     0.100835E+03     0.100180E+03     0.999421E+02     0.982566E+02     0.977038E+02     0.965779E+02     0.953300E+02     0.950701E+02     0.923992E+02     0.920614E+02     0.905614E+02     0.888131E+02     0.885031E+02     0.869332E+02     0.865807E+02     0.859682E+02     0.857863E+02     0.847787E+02     0.855960E+02     0.852472E+02     0.847413E+02     0.852240E+02     0.844001E+02     0.849939E+02     0.850779E+02     0.852350E+02     0.865593E+02     0.856962E+02     0.875131E+02     0.888295E+02     0.884279E+02     0.920614E+02     0.911316E+02     0.918772E+02     0.922032E+02     0.917677E+02     0.901800E+02     0.896498E+02     0.870086E+02     0.843329E+02     0.832092E+02     0.785055E+02     0.779713E+02     0.762751E+02     0.749050E+02     0.733631E+02     0.740006E+02     0.742809E+02     0.740090E+02     0.756478E+02     0.744751E+02     0.748006E+02     0.746589E+02     0.741397E+02     0.712463E+02     0.701655E+02     0.683601E+02     0.659541E+02     0.655229E+02     0.618874E+02     0.613730E+02     0.586407E+02     0.554318E+02     0.550146E+02     0.517745E+02     0.513591E+02     0.510378E+02     0.514418E+02     0.504190E+02     0.522237E+02     0.519106E+02     0.520248E+02     0.533870E+02     0.527697E+02     0.535754E+02     0.539661E+02     0.533122E+02     0.528720E+02     0.524062E+02     0.514955E+02     0.505459E+02     0.503697E+02     0.500562E+02     0.498637E+02     0.497451E+02     0.496614E+02     0.495226E+02     0.491116E+02     0.489685E+02     0.489740E+02     0.492451E+02     0.489895E+02     0.489659E+02     0.488628E+02     0.484417E+02     0.480281E+02     0.477721E+02     0.474088E+02     0.471407E+02     0.467443E+02     0.463845E+02     0.462321E+02     0.460454E+02     0.458453E+02     0.457853E+02     0.457780E+02     0.456618E+02     0.462754E+02     0.468714E+02     0.468275E+02     0.468150E+02     0.467672E+02     0.467954E+02     0.468641E+02     0.468280E+02     0.467720E+02     0.467393E+02     0.466720E+02     0.466439E+02     0.465685E+02     0.100000E+21
 0.266000E+04     0.103302E+03     0.102954E+03     0.102409E+03     0.101870E+03     0.101455E+03     0.100695E+03     0.100114E+03     0.998479E+02     0.981074E+02     0.976265E+02     0.963600E+02     0.951033E+02     0.948276E+02     0.921767E+02     0.917429E+02     0.905381E+02     0.886770E+02     0.883373E+02     0.867150E+02     0.862982E+02     0.856658E+02     0.853893E+02     0.844602E+02     0.852120E+02     0.848256E+02     0.842015E+02     0.847696E+02     0.839909E+02     0.846418E+02     0.843428E+02     0.841658E+02     0.853432E+02     0.845687E+02     0.863129E+02     0.872018E+02     0.867665E+02     0.905019E+02     0.897215E+02     0.905686E+02     0.915610E+02     0.910940E+02     0.908811E+02     0.902333E+02     0.886744E+02     0.862038E+02     0.851496E+02     0.804710E+02     0.798650E+02     0.784242E+02     0.759160E+02     0.745612E+02     0.747845E+02     0.744010E+02     0.737765E+02     0.755347E+02     0.744549E+02     0.752385E+02     0.751123E+02     0.745367E+02     0.724968E+02     0.715651E+02     0.699507E+02     0.678928E+02     0.674404E+02     0.627003E+02     0.620494E+02     0.599576E+02     0.563588E+02     0.558963E+02     0.522428E+02     0.517588E+02     0.511093E+02     0.513215E+02     0.503938E+02     0.518573E+02     0.515144E+02     0.513884E+02     0.533835E+02     0.528030E+02     0.539269E+02     0.540267E+02     0.534379E+02     0.529513E+02     0.525364E+02     0.511941E+02     0.500356E+02     0.498466E+02     0.493739E+02     0.491248E+02     0.491739E+02     0.493616E+02     0.492112E+02     0.493188E+02     0.491469E+02     0.490272E+02     0.493511E+02     0.491140E+02     0.484762E+02     0.483607E+02     0.480248E+02     0.473183E+02     0.470990E+02     0.466364E+02     0.464703E+02     0.462831E+02     0.462607E+02     0.461216E+02     0.459550E+02     0.458031E+02     0.457374E+02     0.458764E+02     0.457772E+02     0.462870E+02     0.468621E+02     0.468155E+02     0.468388E+02     0.467793E+02     0.467728E+02     0.468685E+02     0.468280E+02     0.467720E+02     0.467344E+02     0.466720E+02     0.466376E+02     0.465704E+02     0.100000E+21
 0.268000E+04     0.103551E+03     0.102963E+03     0.102334E+03     0.101870E+03     0.101430E+03     0.100772E+03     0.100114E+03     0.998688E+02     0.981074E+02     0.975705E+02     0.963818E+02     0.951033E+02     0.948391E+02     0.921767E+02     0.918199E+02     0.904050E+02     0.886555E+02     0.883373E+02     0.867150E+02     0.863461E+02     0.856953E+02     0.854332E+02     0.844464E+02     0.852120E+02     0.848528E+02     0.843032E+02     0.847696E+02     0.839581E+02     0.844266E+02     0.843428E+02     0.842797E+02     0.853432E+02     0.845018E+02     0.861355E+02     0.872018E+02     0.867910E+02     0.905019E+02     0.896006E+02     0.906961E+02     0.915381E+02     0.910940E+02     0.908811E+02     0.903234E+02     0.883212E+02     0.862543E+02     0.851496E+02     0.804710E+02     0.799172E+02     0.780129E+02     0.760220E+02     0.745252E+02     0.745951E+02     0.744271E+02     0.739912E+02     0.755347E+02     0.743863E+02     0.750549E+02     0.751123E+02     0.745775E+02     0.724968E+02     0.714472E+02     0.699446E+02     0.678773E+02     0.674404E+02     0.627003E+02     0.621574E+02     0.595894E+02     0.563260E+02     0.558963E+02     0.522428E+02     0.518094E+02     0.512678E+02     0.513757E+02     0.503775E+02     0.518573E+02     0.515360E+02     0.517025E+02     0.533835E+02     0.527762E+02     0.536732E+02     0.540267E+02     0.533956E+02     0.529513E+02     0.524974E+02     0.512494E+02     0.500356E+02     0.498559E+02     0.493739E+02     0.491706E+02     0.492201E+02     0.493532E+02     0.492112E+02     0.493188E+02     0.491686E+02     0.491248E+02     0.493646E+02     0.491140E+02     0.484762E+02     0.483697E+02     0.479066E+02     0.473401E+02     0.470924E+02     0.467185E+02     0.464736E+02     0.462806E+02     0.462607E+02     0.461117E+02     0.459633E+02     0.458031E+02     0.457416E+02     0.458764E+02     0.457635E+02     0.463118E+02     0.468602E+02     0.468155E+02     0.468388E+02     0.467884E+02     0.468013E+02     0.468653E+02     0.468280E+02     0.467720E+02     0.467380E+02     0.466720E+02     0.466423E+02     0.465690E+02     0.100000E+21
 0.270000E+04     0.103332E+03     0.102992E+03     0.102428E+03     0.101883E+03     0.101477E+03     0.100714E+03     0.100137E+03     0.998696E+02     0.981109E+02     0.976259E+02     0.963535E+02     0.950791E+02     0.948059E+02     0.921385E+02     0.917281E+02     0.904901E+02     0.886001E+02     0.882562E+02     0.866326E+02     0.862196E+02     0.856003E+02     0.852438E+02     0.842630E+02     0.850954E+02     0.846026E+02     0.840644E+02     0.846330E+02     0.837399E+02     0.844612E+02     0.839824E+02     0.838346E+02     0.850802E+02     0.842193E+02     0.858477E+02     0.864689E+02     0.860866E+02     0.899674E+02     0.894305E+02     0.901287E+02     0.911308E+02     0.906477E+02     0.910069E+02     0.903380E+02     0.888944E+02     0.868330E+02     0.859021E+02     0.809914E+02     0.806295E+02     0.787289E+02     0.762755E+02     0.751048E+02     0.749014E+02     0.745028E+02     0.737774E+02     0.754552E+02     0.743026E+02     0.751816E+02     0.751375E+02     0.745644E+02     0.726704E+02     0.716808E+02     0.700357E+02     0.678461E+02     0.673964E+02     0.626337E+02     0.620163E+02     0.599508E+02     0.564598E+02     0.560154E+02     0.524806E+02     0.520312E+02     0.512397E+02     0.514629E+02     0.505804E+02     0.518857E+02     0.515803E+02     0.513970E+02     0.533269E+02     0.526907E+02     0.538610E+02     0.539581E+02     0.534286E+02     0.530001E+02     0.525860E+02     0.512516E+02     0.500985E+02     0.499082E+02     0.492403E+02     0.490605E+02     0.490786E+02     0.492812E+02     0.491264E+02     0.492706E+02     0.491057E+02     0.489932E+02     0.492744E+02     0.490164E+02     0.483889E+02     0.482151E+02     0.479048E+02     0.471444E+02     0.468057E+02     0.465441E+02     0.463512E+02     0.462107E+02     0.462351E+02     0.460801E+02     0.458617E+02     0.455997E+02     0.455530E+02     0.459198E+02     0.458020E+02     0.463044E+02     0.468422E+02     0.467954E+02     0.468450E+02     0.467842E+02     0.467766E+02     0.468681E+02     0.468280E+02     0.467720E+02     0.467348E+02     0.466720E+02     0.466378E+02     0.465702E+02     0.100000E+21
 0.272000E+04     0.103405E+03     0.103054E+03     0.102499E+03     0.101951E+03     0.101533E+03     0.100762E+03     0.100172E+03     0.999077E+02     0.981225E+02     0.976380E+02     0.963351E+02     0.950411E+02     0.947673E+02     0.920461E+02     0.916182E+02     0.903765E+02     0.884675E+02     0.881309E+02     0.864120E+02     0.859990E+02     0.853247E+02     0.848800E+02     0.839451E+02     0.845607E+02     0.841780E+02     0.835389E+02     0.840358E+02     0.832530E+02     0.837415E+02     0.834061E+02     0.831160E+02     0.839672E+02     0.831880E+02     0.846415E+02     0.853344E+02     0.849028E+02     0.885818E+02     0.877913E+02     0.889843E+02     0.904154E+02     0.899522E+02     0.913154E+02     0.906735E+02     0.894756E+02     0.881465E+02     0.870868E+02     0.828190E+02     0.822189E+02     0.806006E+02     0.774540E+02     0.760882E+02     0.752576E+02     0.746659E+02     0.738558E+02     0.750319E+02     0.739460E+02     0.751046E+02     0.751765E+02     0.746063E+02     0.731871E+02     0.722472E+02     0.702440E+02     0.677757E+02     0.673260E+02     0.624741E+02     0.618307E+02     0.598923E+02     0.566579E+02     0.561998E+02     0.531642E+02     0.526846E+02     0.519724E+02     0.518312E+02     0.508973E+02     0.520322E+02     0.516925E+02     0.514651E+02     0.530451E+02     0.524617E+02     0.536962E+02     0.538501E+02     0.533750E+02     0.531805E+02     0.527630E+02     0.513864E+02     0.501965E+02     0.500090E+02     0.489082E+02     0.486630E+02     0.488078E+02     0.491443E+02     0.489952E+02     0.491482E+02     0.489779E+02     0.488439E+02     0.490985E+02     0.488602E+02     0.480403E+02     0.479259E+02     0.475054E+02     0.464795E+02     0.462581E+02     0.462201E+02     0.461560E+02     0.460125E+02     0.461110E+02     0.459711E+02     0.455753E+02     0.452855E+02     0.452203E+02     0.460391E+02     0.459388E+02     0.463515E+02     0.468102E+02     0.467639E+02     0.468598E+02     0.468009E+02     0.467888E+02     0.468681E+02     0.468280E+02     0.467720E+02     0.467348E+02     0.466720E+02     0.466378E+02     0.465702E+02     0.100000E+21
 0.274000E+04     0.103615E+03     0.103062E+03     0.102427E+03     0.101951E+03     0.101511E+03     0.100839E+03     0.100172E+03     0.999261E+02     0.981225E+02     0.975856E+02     0.963573E+02     0.950411E+02     0.947768E+02     0.920461E+02     0.916893E+02     0.902417E+02     0.884491E+02     0.881309E+02     0.864120E+02     0.860431E+02     0.853152E+02     0.849205E+02     0.839337E+02     0.845607E+02     0.842015E+02     0.836237E+02     0.840358E+02     0.832242E+02     0.835674E+02     0.834061E+02     0.831914E+02     0.839672E+02     0.831258E+02     0.844908E+02     0.853344E+02     0.849235E+02     0.885818E+02     0.876805E+02     0.891362E+02     0.903963E+02     0.899522E+02     0.913154E+02     0.907577E+02     0.893400E+02     0.881915E+02     0.870868E+02     0.828190E+02     0.822653E+02     0.800774E+02     0.775543E+02     0.760575E+02     0.753167E+02     0.746877E+02     0.739910E+02     0.750319E+02     0.738835E+02     0.748799E+02     0.751765E+02     0.746417E+02     0.731871E+02     0.721375E+02     0.702354E+02     0.677630E+02     0.673260E+02     0.624741E+02     0.619312E+02     0.595834E+02     0.566295E+02     0.561998E+02     0.531642E+02     0.527308E+02     0.520400E+02     0.518818E+02     0.508837E+02     0.520322E+02     0.517109E+02     0.517025E+02     0.530451E+02     0.524378E+02     0.534328E+02     0.538501E+02     0.533598E+02     0.531805E+02     0.527266E+02     0.514424E+02     0.501965E+02     0.500167E+02     0.489082E+02     0.487049E+02     0.488658E+02     0.491372E+02     0.489952E+02     0.491482E+02     0.489981E+02     0.489228E+02     0.491108E+02     0.488602E+02     0.480403E+02     0.479338E+02     0.473317E+02     0.465001E+02     0.462524E+02     0.462085E+02     0.461587E+02     0.460224E+02     0.461110E+02     0.459620E+02     0.456065E+02     0.452855E+02     0.452239E+02     0.460391E+02     0.459262E+02     0.463717E+02     0.468086E+02     0.467639E+02     0.468598E+02     0.468094E+02     0.468139E+02     0.468653E+02     0.468280E+02     0.467720E+02     0.467380E+02     0.466720E+02     0.466423E+02     0.465690E+02     0.100000E+21
 0.276000E+04     0.103510E+03     0.103152E+03     0.102622E+03     0.102093E+03     0.101647E+03     0.100893E+03     0.100281E+03     0.100025E+03     0.982747E+02     0.978021E+02     0.964575E+02     0.951372E+02     0.948628E+02     0.921038E+02     0.916843E+02     0.904085E+02     0.884345E+02     0.880967E+02     0.862757E+02     0.858574E+02     0.851336E+02     0.845424E+02     0.836571E+02     0.839539E+02     0.837083E+02     0.829409E+02     0.833382E+02     0.827056E+02     0.829696E+02     0.828038E+02     0.823829E+02     0.829161E+02     0.822323E+02     0.835384E+02     0.842893E+02     0.838094E+02     0.871824E+02     0.860593E+02     0.877539E+02     0.895369E+02     0.890939E+02     0.912659E+02     0.906124E+02     0.896957E+02     0.892779E+02     0.881101E+02     0.850260E+02     0.841060E+02     0.829962E+02     0.790894E+02     0.774390E+02     0.760412E+02     0.751310E+02     0.742260E+02     0.746496E+02     0.736422E+02     0.749307E+02     0.750767E+02     0.744937E+02     0.741194E+02     0.733070E+02     0.711661E+02     0.686372E+02     0.681848E+02     0.631408E+02     0.626309E+02     0.606496E+02     0.573828E+02     0.568703E+02     0.545054E+02     0.539657E+02     0.534784E+02     0.525706E+02     0.515335E+02     0.516072E+02     0.513773E+02     0.510022E+02     0.521533E+02     0.517669E+02     0.529537E+02     0.532793E+02     0.528868E+02     0.531455E+02     0.527312E+02     0.516244E+02     0.505723E+02     0.503938E+02     0.491790E+02     0.490011E+02     0.489456E+02     0.490557E+02     0.489090E+02     0.491411E+02     0.489688E+02     0.488111E+02     0.489850E+02     0.487609E+02     0.480130E+02     0.479027E+02     0.474941E+02     0.464898E+02     0.462683E+02     0.463655E+02     0.462765E+02     0.461156E+02     0.460775E+02     0.459433E+02     0.454361E+02     0.451241E+02     0.450490E+02     0.459461E+02     0.458287E+02     0.462543E+02     0.467167E+02     0.466713E+02     0.468578E+02     0.467980E+02     0.467862E+02     0.468685E+02     0.468280E+02     0.467720E+02     0.467344E+02     0.466720E+02     0.466376E+02     0.465704E+02     0.100000E+21
 0.278000E+04     0.103760E+03     0.103230E+03     0.102569E+03     0.102121E+03     0.101672E+03     0.101042E+03     0.100361E+03     0.100123E+03     0.983292E+02     0.977764E+02     0.965507E+02     0.952066E+02     0.949467E+02     0.921326E+02     0.917948E+02     0.902201E+02     0.883815E+02     0.880715E+02     0.862146E+02     0.858621E+02     0.849950E+02     0.844424E+02     0.834347E+02     0.838074E+02     0.834585E+02     0.828483E+02     0.831608E+02     0.823368E+02     0.825582E+02     0.823742E+02     0.820790E+02     0.826355E+02     0.817724E+02     0.828534E+02     0.835220E+02     0.831205E+02     0.865335E+02     0.856037E+02     0.874067E+02     0.889029E+02     0.884675E+02     0.912417E+02     0.907115E+02     0.900092E+02     0.899739E+02     0.888502E+02     0.857603E+02     0.852260E+02     0.826109E+02     0.797957E+02     0.782539E+02     0.766924E+02     0.754881E+02     0.743656E+02     0.745743E+02     0.734015E+02     0.745118E+02     0.750035E+02     0.744842E+02     0.744923E+02     0.734116E+02     0.716198E+02     0.692277E+02     0.687965E+02     0.634766E+02     0.629622E+02     0.605656E+02     0.577799E+02     0.573627E+02     0.550625E+02     0.546471E+02     0.536205E+02     0.529675E+02     0.519447E+02     0.515196E+02     0.512065E+02     0.510484E+02     0.519609E+02     0.513436E+02     0.523364E+02     0.528664E+02     0.527170E+02     0.531345E+02     0.526687E+02     0.517778E+02     0.508466E+02     0.506703E+02     0.493103E+02     0.491178E+02     0.490312E+02     0.489844E+02     0.488457E+02     0.491378E+02     0.489947E+02     0.488651E+02     0.489457E+02     0.486901E+02     0.480052E+02     0.479021E+02     0.472711E+02     0.465210E+02     0.462650E+02     0.463333E+02     0.463657E+02     0.461403E+02     0.460700E+02     0.459176E+02     0.454456E+02     0.450053E+02     0.449454E+02     0.459057E+02     0.457895E+02     0.462327E+02     0.466485E+02     0.466045E+02     0.468569E+02     0.468090E+02     0.468191E+02     0.468641E+02     0.468280E+02     0.467720E+02     0.467393E+02     0.466720E+02     0.466439E+02     0.465685E+02     0.100000E+21
 0.280000E+04     0.103705E+03     0.103301E+03     0.102687E+03     0.102187E+03     0.101771E+03     0.101075E+03     0.100478E+03     0.100213E+03     0.984364E+02     0.979169E+02     0.966528E+02     0.953607E+02     0.950898E+02     0.922387E+02     0.918485E+02     0.904075E+02     0.884930E+02     0.881740E+02     0.862179E+02     0.858321E+02     0.849976E+02     0.843333E+02     0.833532E+02     0.836359E+02     0.832148E+02     0.825985E+02     0.829195E+02     0.820592E+02     0.823929E+02     0.820246E+02     0.816956E+02     0.823115E+02     0.814621E+02     0.825271E+02     0.829089E+02     0.825207E+02     0.859437E+02     0.851357E+02     0.867085E+02     0.882343E+02     0.877577E+02     0.910124E+02     0.904332E+02     0.899578E+02     0.902628E+02     0.892215E+02     0.865307E+02     0.861157E+02     0.837296E+02     0.806123E+02     0.793761E+02     0.771425E+02     0.760684E+02     0.745975E+02     0.745082E+02     0.733724E+02     0.744705E+02     0.745781E+02     0.740648E+02     0.745725E+02     0.735546E+02     0.720374E+02     0.701638E+02     0.697214E+02     0.645231E+02     0.638490E+02     0.616440E+02     0.587565E+02     0.584039E+02     0.557771E+02     0.553957E+02     0.542827E+02     0.535821E+02     0.527437E+02     0.514689E+02     0.511226E+02     0.507315E+02     0.515842E+02     0.508956E+02     0.521032E+02     0.523236E+02     0.522728E+02     0.528661E+02     0.524131E+02     0.516004E+02     0.508248E+02     0.506425E+02     0.494055E+02     0.491791E+02     0.490630E+02     0.489988E+02     0.488542E+02     0.490803E+02     0.489225E+02     0.487731E+02     0.488445E+02     0.485842E+02     0.480957E+02     0.480091E+02     0.474879E+02     0.466793E+02     0.464835E+02     0.465027E+02     0.465475E+02     0.462559E+02     0.461090E+02     0.459692E+02     0.453988E+02     0.449150E+02     0.448581E+02     0.458238E+02     0.457213E+02     0.461388E+02     0.465573E+02     0.465103E+02     0.468589E+02     0.468055E+02     0.468049E+02     0.468664E+02     0.468280E+02     0.467720E+02     0.467367E+02     0.466720E+02     0.466407E+02     0.465695E+02     0.100000E+21
 0.282000E+04     0.103693E+03     0.103434E+03     0.102896E+03     0.102371E+03     0.101956E+03     0.101232E+03     0.100672E+03     0.100405E+03     0.987145E+02     0.982362E+02     0.969170E+02     0.956167E+02     0.953410E+02     0.924892E+02     0.920497E+02     0.907469E+02     0.886814E+02     0.883415E+02     0.862261E+02     0.858081E+02     0.850510E+02     0.841339E+02     0.832058E+02     0.831639E+02     0.827774E+02     0.820622E+02     0.822716E+02     0.814932E+02     0.818393E+02     0.814374E+02     0.809825E+02     0.814293E+02     0.806569E+02     0.815828E+02     0.819044E+02     0.814690E+02     0.845154E+02     0.837455E+02     0.852071E+02     0.870557E+02     0.865887E+02     0.904685E+02     0.898172E+02     0.895061E+02     0.908913E+02     0.898377E+02     0.885612E+02     0.879545E+02     0.863740E+02     0.827478E+02     0.813979E+02     0.780872E+02     0.770935E+02     0.754973E+02     0.743239E+02     0.732455E+02     0.740228E+02     0.738815E+02     0.733056E+02     0.747754E+02     0.738507E+02     0.729974E+02     0.717290E+02     0.712765E+02     0.669821E+02     0.663248E+02     0.642350E+02     0.605720E+02     0.601092E+02     0.575670E+02     0.570820E+02     0.562041E+02     0.550480E+02     0.541220E+02     0.513278E+02     0.509849E+02     0.503559E+02     0.505493E+02     0.499693E+02     0.512788E+02     0.514226E+02     0.513468E+02     0.521517E+02     0.517383E+02     0.512629E+02     0.507890E+02     0.505999E+02     0.496326E+02     0.493795E+02     0.491958E+02     0.490187E+02     0.488683E+02     0.489423E+02     0.487697E+02     0.485775E+02     0.486432E+02     0.484064E+02     0.483399E+02     0.482244E+02     0.478848E+02     0.471073E+02     0.468894E+02     0.469132E+02     0.468597E+02     0.465593E+02     0.462169E+02     0.460780E+02     0.452857E+02     0.447672E+02     0.447015E+02     0.456215E+02     0.455233E+02     0.459362E+02     0.464005E+02     0.463539E+02     0.468638E+02     0.468039E+02     0.467893E+02     0.468685E+02     0.468280E+02     0.467720E+02     0.467343E+02     0.466720E+02     0.466374E+02     0.465704E+02     0.100000E+21
 0.284000E+04     0.103794E+03     0.103438E+03     0.102862E+03     0.102371E+03     0.101945E+03     0.101267E+03     0.100672E+03     0.100415E+03     0.987145E+02     0.982067E+02     0.969263E+02     0.956167E+02     0.953468E+02     0.924892E+02     0.920958E+02     0.906776E+02     0.886709E+02     0.883415E+02     0.862261E+02     0.858305E+02     0.849783E+02     0.841535E+02     0.831988E+02     0.831639E+02     0.827903E+02     0.820819E+02     0.822716E+02     0.814778E+02     0.817534E+02     0.814374E+02     0.810020E+02     0.814293E+02     0.806248E+02     0.815351E+02     0.819044E+02     0.814811E+02     0.845154E+02     0.836697E+02     0.852821E+02     0.870443E+02     0.865887E+02     0.904685E+02     0.898623E+02     0.897025E+02     0.909146E+02     0.898377E+02     0.885612E+02     0.879787E+02     0.859679E+02     0.828002E+02     0.813805E+02     0.785040E+02     0.771066E+02     0.754325E+02     0.743239E+02     0.732139E+02     0.739392E+02     0.738815E+02     0.733250E+02     0.747754E+02     0.737845E+02     0.729971E+02     0.717210E+02     0.712765E+02     0.669821E+02     0.663854E+02     0.640588E+02     0.605564E+02     0.601092E+02     0.575670E+02     0.571053E+02     0.560927E+02     0.550726E+02     0.541138E+02     0.513278E+02     0.509953E+02     0.503708E+02     0.505493E+02     0.499568E+02     0.511303E+02     0.514226E+02     0.513790E+02     0.521517E+02     0.517188E+02     0.512670E+02     0.507890E+02     0.506046E+02     0.496326E+02     0.494082E+02     0.492017E+02     0.490145E+02     0.488683E+02     0.489423E+02     0.487802E+02     0.486024E+02     0.486493E+02     0.484064E+02     0.483399E+02     0.482286E+02     0.478095E+02     0.471189E+02     0.468862E+02     0.468975E+02     0.468614E+02     0.465427E+02     0.462169E+02     0.460734E+02     0.453173E+02     0.447672E+02     0.447035E+02     0.456215E+02     0.455151E+02     0.459447E+02     0.463995E+02     0.463539E+02     0.468638E+02     0.468086E+02     0.468021E+02     0.468670E+02     0.468280E+02     0.467720E+02     0.467360E+02     0.466720E+02     0.466396E+02     0.465697E+02     0.100000E+21
 0.286000E+04     0.103925E+03     0.103569E+03     0.103017E+03     0.102562E+03     0.102125E+03     0.101497E+03     0.100886E+03     0.100634E+03     0.990274E+02     0.985269E+02     0.972562E+02     0.959430E+02     0.956705E+02     0.928514E+02     0.924904E+02     0.910179E+02     0.889971E+02     0.886507E+02     0.864635E+02     0.860637E+02     0.851666E+02     0.842087E+02     0.832601E+02     0.829807E+02     0.826172E+02     0.818599E+02     0.819046E+02     0.811532E+02     0.812925E+02     0.810216E+02     0.805303E+02     0.808677E+02     0.800826E+02     0.808509E+02     0.812001E+02     0.807515E+02     0.834237E+02     0.824889E+02     0.841487E+02     0.858903E+02     0.854424E+02     0.895094E+02     0.888555E+02     0.890000E+02     0.907811E+02     0.897220E+02     0.896297E+02     0.889658E+02     0.872246E+02     0.847885E+02     0.832009E+02     0.803103E+02     0.785222E+02     0.766495E+02     0.745523E+02     0.734370E+02     0.733621E+02     0.729982E+02     0.723946E+02     0.737537E+02     0.727156E+02     0.726107E+02     0.719466E+02     0.714951E+02     0.685179E+02     0.680413E+02     0.656740E+02     0.622536E+02     0.617328E+02     0.586848E+02     0.581935E+02     0.572508E+02     0.561913E+02     0.551548E+02     0.523306E+02     0.518757E+02     0.511155E+02     0.505655E+02     0.499777E+02     0.508493E+02     0.511036E+02     0.510012E+02     0.516904E+02     0.512601E+02     0.510906E+02     0.508180E+02     0.506302E+02     0.499399E+02     0.497431E+02     0.494135E+02     0.490755E+02     0.489247E+02     0.487602E+02     0.485920E+02     0.483629E+02     0.482902E+02     0.480717E+02     0.480414E+02     0.479529E+02     0.475883E+02     0.472033E+02     0.469636E+02     0.469600E+02     0.469114E+02     0.465774E+02     0.461761E+02     0.460356E+02     0.453788E+02     0.448671E+02     0.448050E+02     0.457235E+02     0.456234E+02     0.459922E+02     0.463831E+02     0.463367E+02     0.468973E+02     0.468442E+02     0.468291E+02     0.468678E+02     0.468280E+02     0.467720E+02     0.467353E+02     0.466720E+02     0.466396E+02     0.465703E+02     0.100000E+21
 0.288000E+04     0.104044E+03     0.103693E+03     0.103060E+03     0.102677E+03     0.102226E+03     0.101690E+03     0.101073E+03     0.100837E+03     0.992342E+02     0.986769E+02     0.975155E+02     0.962251E+02     0.959666E+02     0.931152E+02     0.927827E+02     0.911295E+02     0.892279E+02     0.889205E+02     0.866301E+02     0.862825E+02     0.851726E+02     0.843014E+02     0.832874E+02     0.828672E+02     0.825215E+02     0.817006E+02     0.816764E+02     0.808486E+02     0.809350E+02     0.806641E+02     0.802206E+02     0.805155E+02     0.796460E+02     0.802913E+02     0.805862E+02     0.801876E+02     0.826486E+02     0.817108E+02     0.834721E+02     0.848788E+02     0.844462E+02     0.888146E+02     0.882924E+02     0.889728E+02     0.907512E+02     0.896218E+02     0.903250E+02     0.897967E+02     0.878607E+02     0.861854E+02     0.846305E+02     0.818538E+02     0.797608E+02     0.770521E+02     0.746910E+02     0.735110E+02     0.730274E+02     0.722283E+02     0.717139E+02     0.730598E+02     0.719703E+02     0.723369E+02     0.721121E+02     0.716828E+02     0.696408E+02     0.691344E+02     0.665367E+02     0.635614E+02     0.631480E+02     0.594520E+02     0.590419E+02     0.578697E+02     0.570334E+02     0.560032E+02     0.529420E+02     0.526315E+02     0.513979E+02     0.505754E+02     0.499551E+02     0.505631E+02     0.508276E+02     0.507953E+02     0.513937E+02     0.509245E+02     0.509403E+02     0.508432E+02     0.506680E+02     0.501615E+02     0.499721E+02     0.495465E+02     0.491116E+02     0.489739E+02     0.486300E+02     0.484890E+02     0.481915E+02     0.480410E+02     0.477840E+02     0.478522E+02     0.477502E+02     0.474636E+02     0.472737E+02     0.470152E+02     0.469906E+02     0.469598E+02     0.465383E+02     0.461510E+02     0.459976E+02     0.454595E+02     0.449542E+02     0.448947E+02     0.457944E+02     0.456772E+02     0.460396E+02     0.463656E+02     0.463218E+02     0.469218E+02     0.468747E+02     0.468573E+02     0.468637E+02     0.468280E+02     0.467720E+02     0.467397E+02     0.466720E+02     0.466443E+02     0.465683E+02     0.100000E+21
 0.290000E+04     0.104028E+03     0.103690E+03     0.103078E+03     0.102677E+03     0.102234E+03     0.101676E+03     0.101073E+03     0.100830E+03     0.992342E+02     0.986904E+02     0.975094E+02     0.962251E+02     0.959627E+02     0.931152E+02     0.927667E+02     0.911690E+02     0.892353E+02     0.889205E+02     0.866301E+02     0.862683E+02     0.852019E+02     0.842878E+02     0.832922E+02     0.828672E+02     0.825122E+02     0.817019E+02     0.816764E+02     0.808596E+02     0.809585E+02     0.806641E+02     0.802099E+02     0.805155E+02     0.796647E+02     0.803165E+02     0.805862E+02     0.801792E+02     0.826486E+02     0.817348E+02     0.834257E+02     0.848867E+02     0.844462E+02     0.888146E+02     0.882689E+02     0.888601E+02     0.907345E+02     0.896218E+02     0.903250E+02     0.897794E+02     0.879252E+02     0.861590E+02     0.846428E+02     0.817271E+02     0.797519E+02     0.771547E+02     0.746910E+02     0.735323E+02     0.730300E+02     0.722283E+02     0.717000E+02     0.730598E+02     0.719966E+02     0.723352E+02     0.721174E+02     0.716828E+02     0.696408E+02     0.691104E+02     0.666159E+02     0.635726E+02     0.631480E+02     0.594520E+02     0.590262E+02     0.578963E+02     0.570175E+02     0.560088E+02     0.529420E+02     0.526241E+02     0.514390E+02     0.505754E+02     0.499640E+02     0.506050E+02     0.508276E+02     0.507755E+02     0.513937E+02     0.509347E+02     0.509441E+02     0.508432E+02     0.506648E+02     0.501615E+02     0.499630E+02     0.495489E+02     0.491145E+02     0.489739E+02     0.486300E+02     0.484830E+02     0.481931E+02     0.480366E+02     0.477840E+02     0.478522E+02     0.477472E+02     0.474690E+02     0.472688E+02     0.470175E+02     0.469939E+02     0.469587E+02     0.465538E+02     0.461510E+02     0.460006E+02     0.454453E+02     0.449542E+02     0.448933E+02     0.457944E+02     0.456800E+02     0.460349E+02     0.463662E+02     0.463218E+02     0.469218E+02     0.468725E+02     0.468532E+02     0.468648E+02     0.468280E+02     0.467720E+02     0.467385E+02     0.466720E+02     0.466430E+02     0.465688E+02     0.100000E+21
 0.292000E+04     0.104154E+03     0.103919E+03     0.103388E+03     0.102997E+03     0.102576E+03     0.102035E+03     0.101509E+03     0.101246E+03     0.998200E+02     0.993145E+02     0.981537E+02     0.969532E+02     0.966783E+02     0.939254E+02     0.935311E+02     0.920923E+02     0.900916E+02     0.897545E+02     0.873965E+02     0.869946E+02     0.859746E+02     0.847588E+02     0.838157E+02     0.830708E+02     0.826883E+02     0.818288E+02     0.815840E+02     0.807996E+02     0.808560E+02     0.804613E+02     0.799273E+02     0.801427E+02     0.793446E+02     0.797742E+02     0.798034E+02     0.793705E+02     0.812118E+02     0.803671E+02     0.815791E+02     0.828186E+02     0.823535E+02     0.865097E+02     0.858976E+02     0.864966E+02     0.891503E+02     0.880856E+02     0.903528E+02     0.897574E+02     0.886718E+02     0.880973E+02     0.866900E+02     0.839683E+02     0.825611E+02     0.798659E+02     0.760942E+02     0.749957E+02     0.730498E+02     0.713918E+02     0.708221E+02     0.711261E+02     0.701379E+02     0.709265E+02     0.712711E+02     0.708195E+02     0.709921E+02     0.703930E+02     0.687745E+02     0.665705E+02     0.661128E+02     0.619317E+02     0.614615E+02     0.600644E+02     0.580902E+02     0.571422E+02     0.541295E+02     0.537892E+02     0.523969E+02     0.505167E+02     0.499309E+02     0.503241E+02     0.502622E+02     0.501824E+02     0.509260E+02     0.504957E+02     0.506249E+02     0.506296E+02     0.504414E+02     0.508016E+02     0.505768E+02     0.502301E+02     0.498476E+02     0.496980E+02     0.489853E+02     0.488211E+02     0.484241E+02     0.479636E+02     0.477232E+02     0.478039E+02     0.476899E+02     0.474656E+02     0.473188E+02     0.470876E+02     0.472101E+02     0.472241E+02     0.467760E+02     0.461093E+02     0.459671E+02     0.453395E+02     0.448675E+02     0.448023E+02     0.461161E+02     0.460099E+02     0.462909E+02     0.465753E+02     0.465287E+02     0.469741E+02     0.469186E+02     0.468763E+02     0.468679E+02     0.468280E+02     0.467720E+02     0.467352E+02     0.466720E+02     0.466395E+02     0.465703E+02     0.100000E+21
 0.294000E+04     0.104103E+03     0.103919E+03     0.103419E+03     0.102997E+03     0.102582E+03     0.101998E+03     0.101509E+03     0.101244E+03     0.998200E+02     0.993467E+02     0.981402E+02     0.969532E+02     0.966796E+02     0.939254E+02     0.934754E+02     0.922054E+02     0.900917E+02     0.897545E+02     0.873965E+02     0.869770E+02     0.861776E+02     0.847427E+02     0.838140E+02     0.830708E+02     0.826869E+02     0.818630E+02     0.815840E+02     0.808032E+02     0.809458E+02     0.804613E+02     0.799214E+02     0.801427E+02     0.793737E+02     0.798266E+02     0.798034E+02     0.793715E+02     0.812118E+02     0.804624E+02     0.814780E+02     0.828167E+02     0.823535E+02     0.865097E+02     0.858520E+02     0.859499E+02     0.891411E+02     0.880856E+02     0.903528E+02     0.897485E+02     0.886601E+02     0.880309E+02     0.866900E+02     0.833918E+02     0.825633E+02     0.800862E+02     0.760942E+02     0.750162E+02     0.729192E+02     0.713918E+02     0.708198E+02     0.711261E+02     0.702143E+02     0.709199E+02     0.712688E+02     0.708195E+02     0.709921E+02     0.703229E+02     0.689149E+02     0.665724E+02     0.661128E+02     0.619317E+02     0.614463E+02     0.604962E+02     0.580653E+02     0.571408E+02     0.541295E+02     0.537892E+02     0.525967E+02     0.505167E+02     0.499354E+02     0.504331E+02     0.502622E+02     0.501704E+02     0.509260E+02     0.505154E+02     0.506392E+02     0.506296E+02     0.504421E+02     0.508016E+02     0.505407E+02     0.502332E+02     0.498473E+02     0.496980E+02     0.489853E+02     0.488117E+02     0.484909E+02     0.479599E+02     0.477232E+02     0.478039E+02     0.476889E+02     0.474721E+02     0.473034E+02     0.470879E+02     0.472595E+02     0.472245E+02     0.468036E+02     0.461093E+02     0.459707E+02     0.452975E+02     0.448675E+02     0.448023E+02     0.461161E+02     0.460197E+02     0.462810E+02     0.465750E+02     0.465287E+02     0.469741E+02     0.469133E+02     0.468664E+02     0.468683E+02     0.468280E+02     0.467720E+02     0.467344E+02     0.466720E+02     0.466369E+02     0.465702E+02     0.100000E+21
 0.296000E+04     0.104217E+03     0.104009E+03     0.103479E+03     0.103119E+03     0.102701E+03     0.102200E+03     0.101700E+03     0.101435E+03     0.100074E+03     0.995585E+02     0.984592E+02     0.973098E+02     0.970340E+02     0.943330E+02     0.939308E+02     0.924893E+02     0.905525E+02     0.902234E+02     0.878604E+02     0.874631E+02     0.863848E+02     0.851951E+02     0.842629E+02     0.834023E+02     0.830403E+02     0.821205E+02     0.818042E+02     0.810287E+02     0.810253E+02     0.806365E+02     0.800824E+02     0.802554E+02     0.794511E+02     0.797812E+02     0.797419E+02     0.793108E+02     0.808501E+02     0.800055E+02     0.810609E+02     0.820374E+02     0.815676E+02     0.854264E+02     0.848502E+02     0.855055E+02     0.879644E+02     0.868619E+02     0.895643E+02     0.889450E+02     0.881282E+02     0.880588E+02     0.866328E+02     0.844971E+02     0.833205E+02     0.806306E+02     0.770952E+02     0.760257E+02     0.737760E+02     0.718912E+02     0.713147E+02     0.707192E+02     0.697261E+02     0.704217E+02     0.706473E+02     0.701961E+02     0.710616E+02     0.704729E+02     0.691178E+02     0.674265E+02     0.669872E+02     0.634060E+02     0.629569E+02     0.612357E+02     0.589305E+02     0.580103E+02     0.546138E+02     0.543060E+02     0.528327E+02     0.509594E+02     0.503928E+02     0.504469E+02     0.502195E+02     0.500560E+02     0.506113E+02     0.501759E+02     0.503584E+02     0.504090E+02     0.502227E+02     0.509334E+02     0.507084E+02     0.505214E+02     0.503645E+02     0.502210E+02     0.494732E+02     0.493052E+02     0.487992E+02     0.481987E+02     0.479647E+02     0.479022E+02     0.477935E+02     0.475284E+02     0.473121E+02     0.470770E+02     0.471820E+02     0.471960E+02     0.467352E+02     0.460658E+02     0.459214E+02     0.452846E+02     0.447853E+02     0.447215E+02     0.460264E+02     0.459215E+02     0.462335E+02     0.465487E+02     0.465021E+02     0.469691E+02     0.469148E+02     0.468752E+02     0.468677E+02     0.468280E+02     0.467720E+02     0.467356E+02     0.466720E+02     0.466401E+02     0.465702E+02     0.100000E+21
 0.298000E+04     0.104296E+03     0.104118E+03     0.103556E+03     0.103269E+03     0.102821E+03     0.102411E+03     0.101903E+03     0.101665E+03     0.100376E+03     0.998247E+02     0.988188E+02     0.976894E+02     0.974290E+02     0.948004E+02     0.944606E+02     0.928840E+02     0.910316E+02     0.907207E+02     0.884001E+02     0.880458E+02     0.868208E+02     0.857309E+02     0.847256E+02     0.838063E+02     0.834563E+02     0.824359E+02     0.820723E+02     0.812498E+02     0.812029E+02     0.808235E+02     0.802710E+02     0.803921E+02     0.795313E+02     0.797598E+02     0.796766E+02     0.792740E+02     0.804311E+02     0.795042E+02     0.805255E+02     0.811690E+02     0.807326E+02     0.841818E+02     0.836488E+02     0.845296E+02     0.866810E+02     0.855594E+02     0.886202E+02     0.880838E+02     0.875691E+02     0.880678E+02     0.865307E+02     0.852050E+02     0.841686E+02     0.812232E+02     0.783235E+02     0.771534E+02     0.747491E+02     0.724210E+02     0.719000E+02     0.702398E+02     0.691623E+02     0.698483E+02     0.699624E+02     0.695305E+02     0.711411E+02     0.706238E+02     0.695087E+02     0.683336E+02     0.679150E+02     0.651362E+02     0.647189E+02     0.624707E+02     0.599462E+02     0.589260E+02     0.552074E+02     0.548934E+02     0.531818E+02     0.515015E+02     0.508853E+02     0.505977E+02     0.501739E+02     0.499458E+02     0.502328E+02     0.497682E+02     0.500378E+02     0.501745E+02     0.499979E+02     0.510851E+02     0.508915E+02     0.508768E+02     0.509150E+02     0.507759E+02     0.500367E+02     0.498929E+02     0.492007E+02     0.484775E+02     0.482224E+02     0.480211E+02     0.479176E+02     0.475867E+02     0.473136E+02     0.470584E+02     0.471341E+02     0.471698E+02     0.466274E+02     0.460126E+02     0.458606E+02     0.452506E+02     0.446980E+02     0.446379E+02     0.459217E+02     0.458058E+02     0.461768E+02     0.465179E+02     0.464738E+02     0.469634E+02     0.469153E+02     0.468792E+02     0.468642E+02     0.468280E+02     0.467720E+02     0.467391E+02     0.466720E+02     0.466437E+02     0.465685E+02     0.100000E+21
 0.300000E+04     0.104296E+03     0.104119E+03     0.103551E+03     0.103269E+03     0.102819E+03     0.102413E+03     0.101903E+03     0.101667E+03     0.100376E+03     0.998203E+02     0.988204E+02     0.976894E+02     0.974303E+02     0.948004E+02     0.944659E+02     0.928720E+02     0.910291E+02     0.907207E+02     0.884001E+02     0.880505E+02     0.868079E+02     0.857354E+02     0.847240E+02     0.838063E+02     0.834594E+02     0.824298E+02     0.820723E+02     0.812460E+02     0.811976E+02     0.808235E+02     0.802725E+02     0.803921E+02     0.795251E+02     0.797548E+02     0.796766E+02     0.792769E+02     0.804311E+02     0.794964E+02     0.805358E+02     0.811664E+02     0.807326E+02     0.841818E+02     0.836566E+02     0.845710E+02     0.866866E+02     0.855594E+02     0.886202E+02     0.880896E+02     0.875875E+02     0.880764E+02     0.865265E+02     0.852191E+02     0.841717E+02     0.811824E+02     0.783235E+02     0.771463E+02     0.747707E+02     0.724210E+02     0.719047E+02     0.702398E+02     0.691537E+02     0.698491E+02     0.699605E+02     0.695305E+02     0.711411E+02     0.706317E+02     0.695061E+02     0.683298E+02     0.679150E+02     0.651362E+02     0.647241E+02     0.624325E+02     0.599515E+02     0.589241E+02     0.552074E+02     0.548959E+02     0.531549E+02     0.515015E+02     0.508824E+02     0.505979E+02     0.501739E+02     0.499490E+02     0.502328E+02     0.497649E+02     0.500354E+02     0.501745E+02     0.499990E+02     0.510851E+02     0.508944E+02     0.508800E+02     0.509140E+02     0.507759E+02     0.500367E+02     0.498949E+02     0.491907E+02     0.484789E+02     0.482224E+02     0.480211E+02     0.479187E+02     0.475836E+02     0.473152E+02     0.470577E+02     0.471314E+02     0.471702E+02     0.466194E+02     0.460126E+02     0.458596E+02     0.452559E+02     0.446980E+02     0.446384E+02     0.459217E+02     0.458049E+02     0.461784E+02     0.465177E+02     0.464738E+02     0.469634E+02     0.469160E+02     0.468802E+02     0.468638E+02     0.468280E+02     0.467720E+02     0.467395E+02     0.466720E+02     0.466441E+02     0.465684E+02     0.100000E+21
 0.302000E+04     0.104360E+03     0.104207E+03     0.103710E+03     0.103431E+03     0.103008E+03     0.102618E+03     0.102168E+03     0.101907E+03     0.100795E+03     0.100282E+03     0.993297E+02     0.983093E+02     0.980348E+02     0.956210E+02     0.952366E+02     0.938641E+02     0.920396E+02     0.917037E+02     0.895458E+02     0.891496E+02     0.880812E+02     0.868807E+02     0.859318E+02     0.849401E+02     0.845595E+02     0.835753E+02     0.830571E+02     0.822701E+02     0.820916E+02     0.815994E+02     0.810240E+02     0.811351E+02     0.803285E+02     0.803582E+02     0.800946E+02     0.796630E+02     0.803375E+02     0.794775E+02     0.800099E+02     0.803401E+02     0.798760E+02     0.823728E+02     0.817725E+02     0.820851E+02     0.839246E+02     0.828553E+02     0.856237E+02     0.850329E+02     0.846962E+02     0.859052E+02     0.844804E+02     0.843762E+02     0.840541E+02     0.821634E+02     0.805386E+02     0.794326E+02     0.772538E+02     0.753903E+02     0.748235E+02     0.714772E+02     0.704734E+02     0.699379E+02     0.689128E+02     0.684617E+02     0.695059E+02     0.689210E+02     0.683094E+02     0.678149E+02     0.673594E+02     0.666280E+02     0.661634E+02     0.645707E+02     0.623819E+02     0.614262E+02     0.572656E+02     0.569266E+02     0.551463E+02     0.524854E+02     0.518972E+02     0.509740E+02     0.502157E+02     0.496989E+02     0.494193E+02     0.489839E+02     0.492840E+02     0.494357E+02     0.492478E+02     0.508320E+02     0.506130E+02     0.507912E+02     0.511232E+02     0.509741E+02     0.509513E+02     0.507898E+02     0.501889E+02     0.493663E+02     0.491244E+02     0.483268E+02     0.482136E+02     0.477920E+02     0.471812E+02     0.469463E+02     0.468490E+02     0.467683E+02     0.464060E+02     0.459728E+02     0.458294E+02     0.453572E+02     0.449771E+02     0.449121E+02     0.455981E+02     0.454901E+02     0.458358E+02     0.461852E+02     0.461387E+02     0.468732E+02     0.468189E+02     0.468145E+02     0.468676E+02     0.468280E+02     0.467720E+02     0.467356E+02     0.466720E+02     0.466402E+02     0.465702E+02     0.100000E+21
 0.304000E+04     0.104365E+03     0.104208E+03     0.103729E+03     0.103431E+03     0.103012E+03     0.102602E+03     0.102168E+03     0.101906E+03     0.100795E+03     0.100306E+03     0.993207E+02     0.983093E+02     0.980371E+02     0.956210E+02     0.952008E+02     0.939497E+02     0.920380E+02     0.917037E+02     0.895458E+02     0.891360E+02     0.882183E+02     0.868680E+02     0.859290E+02     0.849401E+02     0.845601E+02     0.836318E+02     0.830571E+02     0.822713E+02     0.821258E+02     0.815994E+02     0.810217E+02     0.811351E+02     0.803512E+02     0.803843E+02     0.800946E+02     0.796660E+02     0.803375E+02     0.795338E+02     0.799561E+02     0.803363E+02     0.798760E+02     0.823728E+02     0.817375E+02     0.817598E+02     0.839191E+02     0.828553E+02     0.856237E+02     0.850279E+02     0.844157E+02     0.858526E+02     0.844776E+02     0.844560E+02     0.840584E+02     0.822414E+02     0.805386E+02     0.794478E+02     0.771198E+02     0.753903E+02     0.748242E+02     0.714772E+02     0.705267E+02     0.699375E+02     0.689092E+02     0.684617E+02     0.695059E+02     0.688722E+02     0.682679E+02     0.678143E+02     0.673594E+02     0.666280E+02     0.661521E+02     0.648794E+02     0.623619E+02     0.614234E+02     0.572656E+02     0.569282E+02     0.553760E+02     0.524854E+02     0.518998E+02     0.508954E+02     0.502157E+02     0.497017E+02     0.494193E+02     0.489990E+02     0.493020E+02     0.494357E+02     0.492494E+02     0.508320E+02     0.505917E+02     0.507532E+02     0.511222E+02     0.509741E+02     0.509513E+02     0.507824E+02     0.502948E+02     0.493635E+02     0.491244E+02     0.483268E+02     0.482133E+02     0.478588E+02     0.471695E+02     0.469462E+02     0.468483E+02     0.467690E+02     0.464203E+02     0.459728E+02     0.458322E+02     0.453307E+02     0.449771E+02     0.449124E+02     0.455981E+02     0.454965E+02     0.458256E+02     0.461848E+02     0.461387E+02     0.468732E+02     0.468150E+02     0.467991E+02     0.468678E+02     0.468280E+02     0.467720E+02     0.467350E+02     0.466720E+02     0.466381E+02     0.465700E+02     0.100000E+21
 0.306000E+04     0.104366E+03     0.104212E+03     0.103733E+03     0.103441E+03     0.103028E+03     0.102630E+03     0.102211E+03     0.101941E+03     0.100864E+03     0.100365E+03     0.994409E+02     0.984925E+02     0.982141E+02     0.958639E+02     0.953782E+02     0.941897E+02     0.924198E+02     0.921066E+02     0.899491E+02     0.895329E+02     0.885147E+02     0.873660E+02     0.865321E+02     0.853269E+02     0.851262E+02     0.840172E+02     0.834138E+02     0.827843E+02     0.824414E+02     0.820416E+02     0.813705E+02     0.813612E+02     0.806089E+02     0.806564E+02     0.804365E+02     0.799860E+02     0.804990E+02     0.796342E+02     0.800534E+02     0.803264E+02     0.798595E+02     0.820400E+02     0.814612E+02     0.814312E+02     0.830916E+02     0.819182E+02     0.845943E+02     0.837254E+02     0.835788E+02     0.847513E+02     0.830013E+02     0.837372E+02     0.831896E+02     0.819113E+02     0.808045E+02     0.798151E+02     0.780421E+02     0.771078E+02     0.763942E+02     0.729524E+02     0.717199E+02     0.710972E+02     0.697115E+02     0.692592E+02     0.693103E+02     0.687382E+02     0.679867E+02     0.672715E+02     0.667620E+02     0.665735E+02     0.660918E+02     0.650017E+02     0.631826E+02     0.624437E+02     0.581782E+02     0.583546E+02     0.563415E+02     0.532744E+02     0.530446E+02     0.515974E+02     0.509535E+02     0.501709E+02     0.495278E+02     0.491081E+02     0.492266E+02     0.491283E+02     0.489490E+02     0.507163E+02     0.505173E+02     0.507737E+02     0.513068E+02     0.511657E+02     0.514799E+02     0.512643E+02     0.506360E+02     0.497609E+02     0.495899E+02     0.484643E+02     0.484000E+02     0.479435E+02     0.472292E+02     0.470258E+02     0.467922E+02     0.465658E+02     0.462977E+02     0.459426E+02     0.457940E+02     0.453933E+02     0.451443E+02     0.450681E+02     0.456495E+02     0.455334E+02     0.458916E+02     0.462700E+02     0.462247E+02     0.468788E+02     0.468200E+02     0.468065E+02     0.468682E+02     0.468280E+02     0.467720E+02     0.467348E+02     0.466720E+02     0.466385E+02     0.465704E+02     0.100000E+21
 0.308000E+04     0.104368E+03     0.104229E+03     0.103717E+03     0.103470E+03     0.103032E+03     0.102697E+03     0.102265E+03     0.102018E+03     0.101015E+03     0.100482E+03     0.996575E+02     0.987296E+02     0.984646E+02     0.962897E+02     0.959285E+02     0.945999E+02     0.929402E+02     0.926204E+02     0.907128E+02     0.903404E+02     0.892872E+02     0.882979E+02     0.873156E+02     0.863535E+02     0.859922E+02     0.849171E+02     0.843455E+02     0.835364E+02     0.832008E+02     0.826201E+02     0.819768E+02     0.819373E+02     0.811006E+02     0.811346E+02     0.808734E+02     0.804607E+02     0.807974E+02     0.799026E+02     0.802683E+02     0.802841E+02     0.798384E+02     0.814507E+02     0.808869E+02     0.808096E+02     0.818068E+02     0.807059E+02     0.822421E+02     0.816843E+02     0.813434E+02     0.823400E+02     0.808530E+02     0.817682E+02     0.820459E+02     0.810621E+02     0.815608E+02     0.804176E+02     0.800209E+02     0.793016E+02     0.787637E+02     0.759694E+02     0.749269E+02     0.731155E+02     0.707420E+02     0.703039E+02     0.689703E+02     0.684209E+02     0.674533E+02     0.664313E+02     0.659990E+02     0.664648E+02     0.660276E+02     0.652041E+02     0.647976E+02     0.638047E+02     0.607374E+02     0.604145E+02     0.582999E+02     0.554632E+02     0.548580E+02     0.531911E+02     0.519079E+02     0.509212E+02     0.497839E+02     0.493327E+02     0.490712E+02     0.487336E+02     0.485531E+02     0.505095E+02     0.503037E+02     0.508228E+02     0.515530E+02     0.514104E+02     0.524420E+02     0.522903E+02     0.514917E+02     0.504484E+02     0.501989E+02     0.488035E+02     0.486963E+02     0.481454E+02     0.473815E+02     0.471357E+02     0.466191E+02     0.463000E+02     0.460309E+02     0.458602E+02     0.457119E+02     0.455367E+02     0.453576E+02     0.452957E+02     0.457488E+02     0.456367E+02     0.460140E+02     0.463808E+02     0.463359E+02     0.468885E+02     0.468375E+02     0.468296E+02     0.468655E+02     0.468280E+02     0.467720E+02     0.467377E+02     0.466720E+02     0.466420E+02     0.465691E+02     0.100000E+21
 0.310000E+04     0.104365E+03     0.104234E+03     0.103699E+03     0.103470E+03     0.103019E+03     0.102704E+03     0.102265E+03     0.102029E+03     0.101015E+03     0.100459E+03     0.996637E+02     0.987296E+02     0.984708E+02     0.962897E+02     0.959561E+02     0.945468E+02     0.929283E+02     0.926204E+02     0.907128E+02     0.903642E+02     0.892312E+02     0.883206E+02     0.873080E+02     0.863535E+02     0.860071E+02     0.848693E+02     0.843455E+02     0.835185E+02     0.831962E+02     0.826201E+02     0.819746E+02     0.819373E+02     0.810692E+02     0.811149E+02     0.808734E+02     0.804742E+02     0.807974E+02     0.798612E+02     0.803024E+02     0.802716E+02     0.798384E+02     0.814507E+02     0.809268E+02     0.809333E+02     0.818341E+02     0.807059E+02     0.822421E+02     0.817126E+02     0.814852E+02     0.823854E+02     0.808332E+02     0.816361E+02     0.820602E+02     0.810961E+02     0.815608E+02     0.803823E+02     0.800089E+02     0.793016E+02     0.787862E+02     0.759694E+02     0.748817E+02     0.731115E+02     0.707336E+02     0.703039E+02     0.689703E+02     0.684623E+02     0.674490E+02     0.664132E+02     0.659990E+02     0.664648E+02     0.660537E+02     0.652029E+02     0.648245E+02     0.637958E+02     0.607374E+02     0.604264E+02     0.580758E+02     0.554632E+02     0.548435E+02     0.532988E+02     0.519079E+02     0.508630E+02     0.497839E+02     0.493154E+02     0.490716E+02     0.487336E+02     0.485582E+02     0.505095E+02     0.503194E+02     0.508703E+02     0.515483E+02     0.514104E+02     0.524420E+02     0.523006E+02     0.514130E+02     0.504556E+02     0.501989E+02     0.488035E+02     0.487013E+02     0.480874E+02     0.473900E+02     0.471321E+02     0.466570E+02     0.463017E+02     0.460203E+02     0.458602E+02     0.457070E+02     0.455417E+02     0.453576E+02     0.452980E+02     0.457488E+02     0.456318E+02     0.460228E+02     0.463797E+02     0.463359E+02     0.468885E+02     0.468413E+02     0.468384E+02     0.468638E+02     0.468280E+02     0.467720E+02     0.467396E+02     0.466720E+02     0.466442E+02     0.465683E+02     0.100000E+21
 0.312000E+04     0.104349E+03     0.104188E+03     0.103708E+03     0.103422E+03     0.103003E+03     0.102647E+03     0.102231E+03     0.101966E+03     0.101065E+03     0.100569E+03     0.997942E+02     0.989616E+02     0.986862E+02     0.967830E+02     0.963748E+02     0.952853E+02     0.937519E+02     0.934134E+02     0.918206E+02     0.914122E+02     0.905752E+02     0.896861E+02     0.887494E+02     0.879157E+02     0.875312E+02     0.865206E+02     0.857594E+02     0.849777E+02     0.843893E+02     0.837087E+02     0.829671E+02     0.826685E+02     0.818805E+02     0.818600E+02     0.815463E+02     0.811121E+02     0.814947E+02     0.806718E+02     0.808477E+02     0.808414E+02     0.803753E+02     0.814503E+02     0.808234E+02     0.802652E+02     0.806296E+02     0.795698E+02     0.795563E+02     0.789559E+02     0.781225E+02     0.783537E+02     0.769682E+02     0.784031E+02     0.785214E+02     0.781999E+02     0.806298E+02     0.795398E+02     0.815353E+02     0.821718E+02     0.815991E+02     0.820278E+02     0.810607E+02     0.788593E+02     0.761664E+02     0.757143E+02     0.710527E+02     0.704342E+02     0.687243E+02     0.662032E+02     0.657431E+02     0.658179E+02     0.653414E+02     0.650757E+02     0.662488E+02     0.653099E+02     0.639195E+02     0.635779E+02     0.616248E+02     0.578298E+02     0.572466E+02     0.549001E+02     0.535807E+02     0.525407E+02     0.509736E+02     0.505497E+02     0.494616E+02     0.484771E+02     0.482884E+02     0.493430E+02     0.491101E+02     0.497802E+02     0.508672E+02     0.507172E+02     0.521177E+02     0.519502E+02     0.515281E+02     0.509299E+02     0.506910E+02     0.491454E+02     0.490307E+02     0.485758E+02     0.476708E+02     0.474443E+02     0.467029E+02     0.463937E+02     0.461839E+02     0.461043E+02     0.459634E+02     0.457605E+02     0.455806E+02     0.455151E+02     0.458212E+02     0.457174E+02     0.460661E+02     0.464373E+02     0.463907E+02     0.469014E+02     0.468443E+02     0.468243E+02     0.468682E+02     0.468280E+02     0.467720E+02     0.467349E+02     0.466720E+02     0.466387E+02     0.465704E+02     0.100000E+21
 0.314000E+04     0.104347E+03     0.104194E+03     0.103687E+03     0.103422E+03     0.102989E+03     0.102654E+03     0.102231E+03     0.101980E+03     0.101065E+03     0.100541E+03     0.997991E+02     0.989616E+02     0.986945E+02     0.967830E+02     0.964105E+02     0.952395E+02     0.937372E+02     0.934134E+02     0.918206E+02     0.914394E+02     0.905246E+02     0.897109E+02     0.887394E+02     0.879157E+02     0.875494E+02     0.864537E+02     0.857594E+02     0.849564E+02     0.844051E+02     0.837087E+02     0.829497E+02     0.826685E+02     0.818439E+02     0.818415E+02     0.815463E+02     0.811292E+02     0.814947E+02     0.806172E+02     0.808787E+02     0.808250E+02     0.803753E+02     0.814503E+02     0.808708E+02     0.803469E+02     0.806611E+02     0.795698E+02     0.795563E+02     0.789887E+02     0.782118E+02     0.784055E+02     0.769436E+02     0.781920E+02     0.785401E+02     0.783637E+02     0.806298E+02     0.794995E+02     0.813747E+02     0.821718E+02     0.816263E+02     0.820278E+02     0.810037E+02     0.788544E+02     0.761550E+02     0.757143E+02     0.710527E+02     0.704864E+02     0.686200E+02     0.661813E+02     0.657431E+02     0.658179E+02     0.653712E+02     0.652465E+02     0.662781E+02     0.652983E+02     0.639195E+02     0.635927E+02     0.613201E+02     0.578298E+02     0.572297E+02     0.550686E+02     0.535807E+02     0.524546E+02     0.509736E+02     0.505292E+02     0.494819E+02     0.484771E+02     0.482950E+02     0.493430E+02     0.491308E+02     0.498404E+02     0.508613E+02     0.507172E+02     0.521177E+02     0.519621E+02     0.514839E+02     0.509379E+02     0.506910E+02     0.491454E+02     0.490365E+02     0.485004E+02     0.476809E+02     0.474399E+02     0.467679E+02     0.463960E+02     0.461789E+02     0.461043E+02     0.459578E+02     0.457663E+02     0.455806E+02     0.455179E+02     0.458212E+02     0.457111E+02     0.460744E+02     0.464359E+02     0.463907E+02     0.469014E+02     0.468489E+02     0.468338E+02     0.468661E+02     0.468280E+02     0.467720E+02     0.467370E+02     0.466720E+02     0.466411E+02     0.465694E+02     0.100000E+21
 0.316000E+04     0.104353E+03     0.104179E+03     0.103712E+03     0.103419E+03     0.102989E+03     0.102624E+03     0.102203E+03     0.101940E+03     0.101063E+03     0.100590E+03     0.998109E+02     0.990188E+02     0.987423E+02     0.968988E+02     0.963641E+02     0.954658E+02     0.940001E+02     0.936857E+02     0.920952E+02     0.916693E+02     0.907894E+02     0.900613E+02     0.892617E+02     0.881109E+02     0.880746E+02     0.868644E+02     0.859643E+02     0.854700E+02     0.845786E+02     0.841378E+02     0.832575E+02     0.827680E+02     0.820571E+02     0.820223E+02     0.817018E+02     0.812568E+02     0.816586E+02     0.807858E+02     0.810041E+02     0.810908E+02     0.806363E+02     0.815967E+02     0.808975E+02     0.801997E+02     0.805622E+02     0.794957E+02     0.792637E+02     0.784840E+02     0.777731E+02     0.777009E+02     0.759415E+02     0.786024E+02     0.771551E+02     0.772531E+02     0.804915E+02     0.787960E+02     0.813794E+02     0.821735E+02     0.815981E+02     0.827483E+02     0.815177E+02     0.801127E+02     0.782732E+02     0.778215E+02     0.723061E+02     0.709515E+02     0.696152E+02     0.669198E+02     0.665524E+02     0.660399E+02     0.655830E+02     0.647287E+02     0.664875E+02     0.656686E+02     0.641200E+02     0.645481E+02     0.625388E+02     0.581803E+02     0.584446E+02     0.553857E+02     0.547987E+02     0.534422E+02     0.513831E+02     0.510164E+02     0.499462E+02     0.489832E+02     0.487721E+02     0.492845E+02     0.490677E+02     0.494616E+02     0.501984E+02     0.500000E+02     0.518076E+02     0.516824E+02     0.514808E+02     0.508358E+02     0.505748E+02     0.491171E+02     0.489731E+02     0.487028E+02     0.477849E+02     0.476862E+02     0.466377E+02     0.464323E+02     0.462117E+02     0.461120E+02     0.459852E+02     0.457765E+02     0.456128E+02     0.455442E+02     0.457568E+02     0.457036E+02     0.460014E+02     0.463804E+02     0.463325E+02     0.468860E+02     0.468315E+02     0.468077E+02     0.468685E+02     0.468280E+02     0.467720E+02     0.467343E+02     0.466720E+02     0.466371E+02     0.465704E+02     0.100000E+21
 0.318000E+04     0.104331E+03     0.104167E+03     0.103670E+03     0.103363E+03     0.102940E+03     0.102582E+03     0.102161E+03     0.101902E+03     0.101053E+03     0.100551E+03     0.998640E+02     0.991046E+02     0.988332E+02     0.971654E+02     0.967647E+02     0.957726E+02     0.944178E+02     0.940858E+02     0.928103E+02     0.924099E+02     0.916426E+02     0.910024E+02     0.900534E+02     0.894379E+02     0.890611E+02     0.880037E+02     0.871759E+02     0.863857E+02     0.855712E+02     0.847908E+02     0.839122E+02     0.833109E+02     0.825130E+02     0.823509E+02     0.819310E+02     0.815046E+02     0.820685E+02     0.812341E+02     0.814583E+02     0.814818E+02     0.810234E+02     0.819393E+02     0.813243E+02     0.805594E+02     0.804563E+02     0.793848E+02     0.781490E+02     0.775609E+02     0.763905E+02     0.755762E+02     0.741694E+02     0.750225E+02     0.749847E+02     0.749702E+02     0.780554E+02     0.769523E+02     0.805736E+02     0.821761E+02     0.816149E+02     0.848997E+02     0.839200E+02     0.829400E+02     0.814802E+02     0.810337E+02     0.751556E+02     0.745486E+02     0.720669E+02     0.681952E+02     0.677443E+02     0.666727E+02     0.662058E+02     0.659749E+02     0.671873E+02     0.662352E+02     0.665526E+02     0.662176E+02     0.644537E+02     0.614417E+02     0.608520E+02     0.581442E+02     0.566238E+02     0.552667E+02     0.530854E+02     0.526563E+02     0.511057E+02     0.497340E+02     0.495485E+02     0.491453E+02     0.489167E+02     0.489442E+02     0.490906E+02     0.489433E+02     0.510504E+02     0.508861E+02     0.506743E+02     0.506396E+02     0.503980E+02     0.489811E+02     0.488687E+02     0.486074E+02     0.483472E+02     0.481170E+02     0.469674E+02     0.464932E+02     0.462731E+02     0.461760E+02     0.460334E+02     0.458378E+02     0.456602E+02     0.455960E+02     0.455831E+02     0.454780E+02     0.458723E+02     0.462911E+02     0.462452E+02     0.468510E+02     0.467950E+02     0.467917E+02     0.468673E+02     0.468280E+02     0.467720E+02     0.467356E+02     0.466720E+02     0.466392E+02     0.465699E+02     0.100000E+21
 0.320000E+04     0.104331E+03     0.104175E+03     0.103632E+03     0.103363E+03     0.102919E+03     0.102597E+03     0.102161E+03     0.101920E+03     0.101053E+03     0.100507E+03     0.998714E+02     0.991046E+02     0.988428E+02     0.971654E+02     0.968199E+02     0.957065E+02     0.943993E+02     0.940858E+02     0.928103E+02     0.924511E+02     0.915997E+02     0.910408E+02     0.900419E+02     0.894379E+02     0.890846E+02     0.878813E+02     0.871759E+02     0.863572E+02     0.856355E+02     0.847908E+02     0.838593E+02     0.833109E+02     0.824566E+02     0.823268E+02     0.819310E+02     0.815254E+02     0.820685E+02     0.811501E+02     0.815187E+02     0.814625E+02     0.810234E+02     0.819393E+02     0.813980E+02     0.806289E+02     0.805005E+02     0.793848E+02     0.781490E+02     0.776066E+02     0.763602E+02     0.756620E+02     0.741386E+02     0.747765E+02     0.750066E+02     0.753097E+02     0.780554E+02     0.768927E+02     0.801009E+02     0.821761E+02     0.816503E+02     0.848997E+02     0.838315E+02     0.829380E+02     0.814674E+02     0.810337E+02     0.751556E+02     0.746298E+02     0.717183E+02     0.681668E+02     0.677443E+02     0.666727E+02     0.662498E+02     0.662619E+02     0.672342E+02     0.662215E+02     0.665526E+02     0.662360E+02     0.640465E+02     0.614417E+02     0.608286E+02     0.584932E+02     0.566238E+02     0.550954E+02     0.530854E+02     0.526244E+02     0.511662E+02     0.497340E+02     0.495563E+02     0.491453E+02     0.489485E+02     0.489824E+02     0.490835E+02     0.489433E+02     0.510504E+02     0.509045E+02     0.506907E+02     0.506515E+02     0.503980E+02     0.489811E+02     0.488766E+02     0.485840E+02     0.483639E+02     0.481113E+02     0.471457E+02     0.464959E+02     0.462635E+02     0.461760E+02     0.460250E+02     0.458481E+02     0.456602E+02     0.455996E+02     0.455831E+02     0.454683E+02     0.458897E+02     0.462894E+02     0.462452E+02     0.468510E+02     0.468021E+02     0.468130E+02     0.468646E+02     0.468280E+02     0.467720E+02     0.467387E+02     0.466720E+02     0.466432E+02     0.465687E+02     0.100000E+21
 0.322000E+04     0.104375E+03     0.104191E+03     0.103720E+03     0.103379E+03     0.102960E+03     0.102580E+03     0.102166E+03     0.101899E+03     0.101099E+03     0.100630E+03     0.999500E+02     0.992179E+02     0.989442E+02     0.974301E+02     0.970571E+02     0.961351E+02     0.948031E+02     0.944414E+02     0.934108E+02     0.929962E+02     0.924587E+02     0.917445E+02     0.907124E+02     0.905659E+02     0.898776E+02     0.891505E+02     0.883024E+02     0.872557E+02     0.864068E+02     0.854175E+02     0.845856E+02     0.838355E+02     0.830099E+02     0.826360E+02     0.820783E+02     0.816502E+02     0.821781E+02     0.814894E+02     0.816061E+02     0.817374E+02     0.812638E+02     0.823130E+02     0.817010E+02     0.809240E+02     0.807468E+02     0.796612E+02     0.781874E+02     0.775742E+02     0.764265E+02     0.748947E+02     0.736762E+02     0.736332E+02     0.737971E+02     0.732790E+02     0.753044E+02     0.749574E+02     0.789344E+02     0.806963E+02     0.800028E+02     0.842173E+02     0.832043E+02     0.829506E+02     0.820740E+02     0.816221E+02     0.773418E+02     0.772073E+02     0.746901E+02     0.703871E+02     0.697638E+02     0.685071E+02     0.679354E+02     0.678651E+02     0.681210E+02     0.670483E+02     0.679846E+02     0.671783E+02     0.661088E+02     0.644185E+02     0.630516E+02     0.603578E+02     0.584776E+02     0.573011E+02     0.550118E+02     0.545512E+02     0.527404E+02     0.511501E+02     0.510037E+02     0.503609E+02     0.505557E+02     0.498082E+02     0.493004E+02     0.491411E+02     0.500365E+02     0.497957E+02     0.494737E+02     0.498467E+02     0.497064E+02     0.481265E+02     0.481921E+02     0.477369E+02     0.474040E+02     0.473887E+02     0.462922E+02     0.461993E+02     0.460339E+02     0.463455E+02     0.461751E+02     0.458152E+02     0.455856E+02     0.455153E+02     0.453050E+02     0.451393E+02     0.456198E+02     0.461018E+02     0.460580E+02     0.467732E+02     0.466981E+02     0.467085E+02     0.468685E+02     0.468280E+02     0.467720E+02     0.467343E+02     0.466720E+02     0.466370E+02     0.465704E+02     0.100000E+21
 0.324000E+04     0.104359E+03     0.104219E+03     0.103666E+03     0.103379E+03     0.102935E+03     0.102608E+03     0.102169E+03     0.101928E+03     0.101113E+03     0.100566E+03     0.999974E+02     0.992943E+02     0.990326E+02     0.975470E+02     0.972016E+02     0.961852E+02     0.949995E+02     0.946861E+02     0.936451E+02     0.932859E+02     0.925307E+02     0.921210E+02     0.911221E+02     0.907307E+02     0.903774E+02     0.891829E+02     0.884929E+02     0.876742E+02     0.867894E+02     0.858340E+02     0.847506E+02     0.839320E+02     0.830777E+02     0.827476E+02     0.821795E+02     0.817740E+02     0.822226E+02     0.813041E+02     0.817904E+02     0.818668E+02     0.814277E+02     0.824753E+02     0.819340E+02     0.811350E+02     0.809636E+02     0.798478E+02     0.781976E+02     0.776552E+02     0.760908E+02     0.748569E+02     0.733335E+02     0.732845E+02     0.730804E+02     0.730416E+02     0.751800E+02     0.740173E+02     0.774392E+02     0.796801E+02     0.791542E+02     0.839855E+02     0.829172E+02     0.829650E+02     0.824463E+02     0.820126E+02     0.783194E+02     0.777935E+02     0.749868E+02     0.715732E+02     0.711507E+02     0.691605E+02     0.687377E+02     0.683009E+02     0.685540E+02     0.675413E+02     0.680937E+02     0.677771E+02     0.662205E+02     0.647280E+02     0.641149E+02     0.616735E+02     0.597291E+02     0.579445E+02     0.554800E+02     0.550191E+02     0.535540E+02     0.521157E+02     0.519380E+02     0.508811E+02     0.506843E+02     0.500776E+02     0.494169E+02     0.492768E+02     0.496144E+02     0.494684E+02     0.493686E+02     0.495001E+02     0.492466E+02     0.479477E+02     0.478432E+02     0.475101E+02     0.472206E+02     0.469680E+02     0.464014E+02     0.460125E+02     0.460222E+02     0.463654E+02     0.462144E+02     0.458639E+02     0.455343E+02     0.454737E+02     0.452002E+02     0.450853E+02     0.455404E+02     0.459761E+02     0.459318E+02     0.467386E+02     0.466897E+02     0.467479E+02     0.468646E+02     0.468280E+02     0.467720E+02     0.467387E+02     0.466720E+02     0.466432E+02     0.465687E+02     0.100000E+21
 0.326000E+04     0.104382E+03     0.104261E+03     0.103744E+03     0.103410E+03     0.102999E+03     0.102632E+03     0.102231E+03     0.101964E+03     0.101172E+03     0.100667E+03     0.100077E+03     0.994276E+02     0.991536E+02     0.976899E+02     0.972546E+02     0.963872E+02     0.952308E+02     0.949177E+02     0.938325E+02     0.934371E+02     0.927033E+02     0.923056E+02     0.914118E+02     0.909328E+02     0.906567E+02     0.895327E+02     0.887312E+02     0.880429E+02     0.869313E+02     0.862000E+02     0.850996E+02     0.841011E+02     0.833289E+02     0.829006E+02     0.822975E+02     0.818640E+02     0.822183E+02     0.813849E+02     0.817187E+02     0.818835E+02     0.814250E+02     0.825583E+02     0.819337E+02     0.811944E+02     0.811596E+02     0.801303E+02     0.784874E+02     0.779864E+02     0.764948E+02     0.750759E+02     0.737812E+02     0.735338E+02     0.731501E+02     0.726155E+02     0.747986E+02     0.735645E+02     0.771682E+02     0.781936E+02     0.777860E+02     0.828493E+02     0.820213E+02     0.819494E+02     0.814708E+02     0.810243E+02     0.782375E+02     0.776480E+02     0.755256E+02     0.722891E+02     0.719174E+02     0.698086E+02     0.694132E+02     0.685775E+02     0.688310E+02     0.679717E+02     0.682291E+02     0.679721E+02     0.666756E+02     0.650017E+02     0.645300E+02     0.618541E+02     0.608816E+02     0.591437E+02     0.562391E+02     0.558454E+02     0.542493E+02     0.529356E+02     0.527168E+02     0.511754E+02     0.508726E+02     0.503091E+02     0.495680E+02     0.494301E+02     0.494768E+02     0.493192E+02     0.491830E+02     0.492723E+02     0.489854E+02     0.478094E+02     0.476414E+02     0.473320E+02     0.468691E+02     0.465039E+02     0.461076E+02     0.458458E+02     0.459191E+02     0.463865E+02     0.462493E+02     0.458560E+02     0.455545E+02     0.454886E+02     0.451973E+02     0.450927E+02     0.455324E+02     0.460094E+02     0.459641E+02     0.467441E+02     0.466871E+02     0.467189E+02     0.468673E+02     0.468280E+02     0.467720E+02     0.467356E+02     0.466720E+02     0.466392E+02     0.465699E+02     0.100000E+21
 0.328000E+04     0.104506E+03     0.104345E+03     0.103865E+03     0.103518E+03     0.103103E+03     0.102738E+03     0.102331E+03     0.102064E+03     0.101344E+03     0.100871E+03     0.100283E+03     0.996448E+02     0.993696E+02     0.980365E+02     0.975822E+02     0.967958E+02     0.956276E+02     0.952883E+02     0.943181E+02     0.938982E+02     0.932385E+02     0.928111E+02     0.918839E+02     0.916074E+02     0.912213E+02     0.902922E+02     0.895064E+02     0.887277E+02     0.875872E+02     0.868040E+02     0.857644E+02     0.846501E+02     0.838812E+02     0.832331E+02     0.824867E+02     0.820521E+02     0.822075E+02     0.814736E+02     0.816767E+02     0.818866E+02     0.814205E+02     0.827615E+02     0.821037E+02     0.814096E+02     0.816435E+02     0.805901E+02     0.793581E+02     0.787514E+02     0.775563E+02     0.758956E+02     0.745545E+02     0.738482E+02     0.732991E+02     0.724231E+02     0.734704E+02     0.723938E+02     0.750651E+02     0.758115E+02     0.752363E+02     0.797145E+02     0.788052E+02     0.795011E+02     0.798423E+02     0.793907E+02     0.780402E+02     0.773687E+02     0.759416E+02     0.736083E+02     0.731461E+02     0.715610E+02     0.710746E+02     0.702936E+02     0.696178E+02     0.686939E+02     0.686968E+02     0.683544E+02     0.673234E+02     0.659336E+02     0.653536E+02     0.636205E+02     0.627576E+02     0.612876E+02     0.585739E+02     0.581633E+02     0.560222E+02     0.542581E+02     0.540694E+02     0.519020E+02     0.516352E+02     0.508998E+02     0.498259E+02     0.496758E+02     0.491321E+02     0.489584E+02     0.487526E+02     0.487906E+02     0.485541E+02     0.473700E+02     0.472545E+02     0.468947E+02     0.458310E+02     0.456155E+02     0.456303E+02     0.455691E+02     0.456659E+02     0.464578E+02     0.463193E+02     0.458881E+02     0.455867E+02     0.455210E+02     0.451895E+02     0.450939E+02     0.455460E+02     0.460633E+02     0.460167E+02     0.467573E+02     0.466965E+02     0.467082E+02     0.468685E+02     0.468280E+02     0.467720E+02     0.467343E+02     0.466720E+02     0.466371E+02     0.465704E+02     0.100000E+21
 0.330000E+04     0.104455E+03     0.104352E+03     0.103825E+03     0.103518E+03     0.103085E+03     0.102753E+03     0.102331E+03     0.102080E+03     0.101344E+03     0.100820E+03     0.100287E+03     0.996448E+02     0.993778E+02     0.980365E+02     0.976640E+02     0.967488E+02     0.956120E+02     0.952883E+02     0.943181E+02     0.939368E+02     0.932335E+02     0.928457E+02     0.918741E+02     0.916074E+02     0.912411E+02     0.901625E+02     0.895064E+02     0.887035E+02     0.877281E+02     0.868040E+02     0.856820E+02     0.846501E+02     0.838255E+02     0.832406E+02     0.824867E+02     0.820697E+02     0.822075E+02     0.813300E+02     0.817420E+02     0.818703E+02     0.814205E+02     0.827615E+02     0.821820E+02     0.815539E+02     0.816814E+02     0.805901E+02     0.793581E+02     0.787905E+02     0.773237E+02     0.759904E+02     0.745285E+02     0.738845E+02     0.733177E+02     0.725265E+02     0.734704E+02     0.723401E+02     0.746945E+02     0.758115E+02     0.752661E+02     0.797145E+02     0.786904E+02     0.795091E+02     0.798314E+02     0.793907E+02     0.780402E+02     0.774740E+02     0.757706E+02     0.735844E+02     0.731461E+02     0.715610E+02     0.711142E+02     0.702294E+02     0.696621E+02     0.686823E+02     0.686968E+02     0.683700E+02     0.671319E+02     0.659336E+02     0.653335E+02     0.638542E+02     0.627576E+02     0.611105E+02     0.585739E+02     0.581294E+02     0.561026E+02     0.542581E+02     0.540760E+02     0.519020E+02     0.516897E+02     0.508445E+02     0.498199E+02     0.496758E+02     0.491321E+02     0.489765E+02     0.487900E+02     0.488010E+02     0.485541E+02     0.473700E+02     0.472612E+02     0.467084E+02     0.458517E+02     0.456107E+02     0.456053E+02     0.455714E+02     0.457331E+02     0.464578E+02     0.463114E+02     0.459184E+02     0.455867E+02     0.455241E+02     0.451895E+02     0.450794E+02     0.455649E+02     0.460619E+02     0.460167E+02     0.467573E+02     0.467048E+02     0.467436E+02     0.468661E+02     0.468280E+02     0.467720E+02     0.467370E+02     0.466720E+02     0.466411E+02     0.465694E+02     0.100000E+21
 0.332000E+04     0.104590E+03     0.104463E+03     0.103990E+03     0.103694E+03     0.103251E+03     0.102939E+03     0.102503E+03     0.102251E+03     0.101616E+03     0.101130E+03     0.100578E+03     0.999387E+02     0.996666E+02     0.984350E+02     0.980889E+02     0.971920E+02     0.960146E+02     0.956586E+02     0.946909E+02     0.942850E+02     0.936275E+02     0.930999E+02     0.921333E+02     0.918926E+02     0.914606E+02     0.905242E+02     0.898963E+02     0.890558E+02     0.881638E+02     0.872308E+02     0.862165E+02     0.851783E+02     0.843633E+02     0.836171E+02     0.827638E+02     0.823392E+02     0.822262E+02     0.814060E+02     0.816357E+02     0.817121E+02     0.812498E+02     0.826973E+02     0.820652E+02     0.815379E+02     0.820136E+02     0.809239E+02     0.804724E+02     0.797539E+02     0.786784E+02     0.775808E+02     0.759653E+02     0.754073E+02     0.744813E+02     0.735117E+02     0.735125E+02     0.724175E+02     0.735825E+02     0.741623E+02     0.734896E+02     0.763180E+02     0.750732E+02     0.764280E+02     0.772154E+02     0.767633E+02     0.768215E+02     0.760325E+02     0.750622E+02     0.738808E+02     0.734049E+02     0.731893E+02     0.726611E+02     0.720946E+02     0.715216E+02     0.703581E+02     0.700642E+02     0.694657E+02     0.685717E+02     0.675296E+02     0.667094E+02     0.655917E+02     0.643655E+02     0.631364E+02     0.611118E+02     0.606679E+02     0.581601E+02     0.559683E+02     0.558186E+02     0.526200E+02     0.525014E+02     0.513447E+02     0.498704E+02     0.497189E+02     0.487360E+02     0.485506E+02     0.483574E+02     0.484818E+02     0.482724E+02     0.473772E+02     0.472615E+02     0.468821E+02     0.463170E+02     0.460204E+02     0.459802E+02     0.458360E+02     0.459606E+02     0.466813E+02     0.465206E+02     0.462578E+02     0.459675E+02     0.459200E+02     0.453704E+02     0.452882E+02     0.456708E+02     0.461050E+02     0.460579E+02     0.467655E+02     0.467094E+02     0.467331E+02     0.468682E+02     0.468280E+02     0.467720E+02     0.467349E+02     0.466720E+02     0.466387E+02     0.465704E+02     0.100000E+21
 0.334000E+04     0.104560E+03     0.104562E+03     0.104013E+03     0.103762E+03     0.103312E+03     0.103042E+03     0.102639E+03     0.102403E+03     0.101748E+03     0.101191E+03     0.100756E+03     0.100170E+03     0.999108E+02     0.986709E+02     0.983373E+02     0.973636E+02     0.962617E+02     0.959538E+02     0.948966E+02     0.945479E+02     0.937526E+02     0.933171E+02     0.923045E+02     0.920103E+02     0.916640E+02     0.905483E+02     0.900592E+02     0.892322E+02     0.884674E+02     0.875629E+02     0.863610E+02     0.854038E+02     0.845357E+02     0.838647E+02     0.829843E+02     0.825851E+02     0.822368E+02     0.813006E+02     0.816639E+02     0.815478E+02     0.811146E+02     0.826597E+02     0.821358E+02     0.818286E+02     0.823147E+02     0.811865E+02     0.809937E+02     0.804642E+02     0.791806E+02     0.784799E+02     0.769277E+02     0.761151E+02     0.754095E+02     0.739204E+02     0.735289E+02     0.723503E+02     0.728429E+02     0.728495E+02     0.723341E+02     0.745682E+02     0.734805E+02     0.746068E+02     0.751508E+02     0.747211E+02     0.760944E+02     0.755864E+02     0.747916E+02     0.740251E+02     0.736109E+02     0.740470E+02     0.736359E+02     0.728711E+02     0.726170E+02     0.715883E+02     0.706042E+02     0.702931E+02     0.690348E+02     0.681648E+02     0.675451E+02     0.665780E+02     0.656301E+02     0.641194E+02     0.622671E+02     0.617987E+02     0.595357E+02     0.573229E+02     0.571475E+02     0.530372E+02     0.528471E+02     0.514430E+02     0.498911E+02     0.497531E+02     0.485094E+02     0.483680E+02     0.482358E+02     0.483099E+02     0.480532E+02     0.473804E+02     0.472782E+02     0.468937E+02     0.465508E+02     0.462929E+02     0.461568E+02     0.460455E+02     0.462057E+02     0.467716E+02     0.466184E+02     0.464542E+02     0.462710E+02     0.462115E+02     0.454684E+02     0.453514E+02     0.457593E+02     0.461340E+02     0.460902E+02     0.467705E+02     0.467232E+02     0.467721E+02     0.468638E+02     0.468280E+02     0.467720E+02     0.467396E+02     0.466720E+02     0.466442E+02     0.465683E+02     0.100000E+21
 0.336000E+04     0.104583E+03     0.104557E+03     0.104033E+03     0.103762E+03     0.103325E+03     0.103039E+03     0.102639E+03     0.102392E+03     0.101748E+03     0.101214E+03     0.100754E+03     0.100170E+03     0.999046E+02     0.986709E+02     0.983098E+02     0.973862E+02     0.962736E+02     0.959538E+02     0.948966E+02     0.945242E+02     0.937619E+02     0.932944E+02     0.923120E+02     0.920103E+02     0.916490E+02     0.905930E+02     0.900592E+02     0.892502E+02     0.884314E+02     0.875629E+02     0.864186E+02     0.854038E+02     0.845672E+02     0.838551E+02     0.829843E+02     0.825716E+02     0.822368E+02     0.813420E+02     0.816327E+02     0.815604E+02     0.811146E+02     0.826597E+02     0.820959E+02     0.817414E+02     0.822874E+02     0.811865E+02     0.809937E+02     0.804359E+02     0.791976E+02     0.784345E+02     0.769475E+02     0.760857E+02     0.753953E+02     0.739491E+02     0.735289E+02     0.723857E+02     0.729117E+02     0.728495E+02     0.723116E+02     0.745682E+02     0.735256E+02     0.746013E+02     0.751592E+02     0.747211E+02     0.760944E+02     0.755450E+02     0.747771E+02     0.740431E+02     0.736109E+02     0.740470E+02     0.736098E+02     0.728597E+02     0.725902E+02     0.715973E+02     0.706042E+02     0.702812E+02     0.691095E+02     0.681648E+02     0.675596E+02     0.665192E+02     0.656301E+02     0.642194E+02     0.622671E+02     0.618159E+02     0.594806E+02     0.573229E+02     0.571424E+02     0.530372E+02     0.528315E+02     0.514990E+02     0.498957E+02     0.497531E+02     0.485094E+02     0.483578E+02     0.482175E+02     0.483027E+02     0.480532E+02     0.473804E+02     0.472732E+02     0.469177E+02     0.465423E+02     0.462965E+02     0.461518E+02     0.460437E+02     0.461680E+02     0.467716E+02     0.466233E+02     0.464492E+02     0.462710E+02     0.462092E+02     0.454684E+02     0.453563E+02     0.457502E+02     0.461351E+02     0.460902E+02     0.467705E+02     0.467195E+02     0.467581E+02     0.468655E+02     0.468280E+02     0.467720E+02     0.467377E+02     0.466720E+02     0.466420E+02     0.465691E+02     0.100000E+21
 0.338000E+04     0.104788E+03     0.104752E+03     0.104285E+03     0.104033E+03     0.103615E+03     0.103363E+03     0.102999E+03     0.102734E+03     0.102214E+03     0.101721E+03     0.101282E+03     0.100759E+03     0.100484E+03     0.993722E+02     0.989597E+02     0.981326E+02     0.970170E+02     0.966782E+02     0.954705E+02     0.950602E+02     0.942848E+02     0.935469E+02     0.926118E+02     0.920703E+02     0.916854E+02     0.907395E+02     0.901531E+02     0.893721E+02     0.886610E+02     0.879379E+02     0.869539E+02     0.860357E+02     0.852504E+02     0.844521E+02     0.835820E+02     0.831475E+02     0.824599E+02     0.816437E+02     0.815997E+02     0.813231E+02     0.808567E+02     0.822930E+02     0.816620E+02     0.813816E+02     0.824620E+02     0.814035E+02     0.823880E+02     0.817863E+02     0.809042E+02     0.810156E+02     0.796362E+02     0.790291E+02     0.784800E+02     0.768176E+02     0.755622E+02     0.744744E+02     0.734770E+02     0.724244E+02     0.718511E+02     0.714240E+02     0.704632E+02     0.709675E+02     0.710542E+02     0.706019E+02     0.728519E+02     0.722277E+02     0.722701E+02     0.730352E+02     0.725745E+02     0.743124E+02     0.738344E+02     0.734121E+02     0.741724E+02     0.732359E+02     0.739325E+02     0.735906E+02     0.725058E+02     0.712613E+02     0.706787E+02     0.690098E+02     0.680141E+02     0.663019E+02     0.630782E+02     0.626560E+02     0.598334E+02     0.574563E+02     0.572676E+02     0.529009E+02     0.526654E+02     0.514568E+02     0.497839E+02     0.496337E+02     0.482320E+02     0.480636E+02     0.478703E+02     0.478839E+02     0.476454E+02     0.476420E+02     0.475271E+02     0.472730E+02     0.470066E+02     0.467814E+02     0.467611E+02     0.467070E+02     0.465821E+02     0.467268E+02     0.465863E+02     0.466151E+02     0.465824E+02     0.465169E+02     0.455782E+02     0.454752E+02     0.456984E+02     0.459274E+02     0.458808E+02     0.466964E+02     0.466389E+02     0.466827E+02     0.468682E+02     0.468280E+02     0.467720E+02     0.467348E+02     0.466720E+02     0.466385E+02     0.465704E+02     0.100000E+21
 0.340000E+04     0.104809E+03     0.104754E+03     0.104288E+03     0.104033E+03     0.103613E+03     0.103363E+03     0.102999E+03     0.102737E+03     0.102214E+03     0.101725E+03     0.101282E+03     0.100759E+03     0.100487E+03     0.993722E+02     0.989521E+02     0.981419E+02     0.970125E+02     0.966782E+02     0.954705E+02     0.950607E+02     0.943002E+02     0.935468E+02     0.926078E+02     0.920703E+02     0.916902E+02     0.907546E+02     0.901531E+02     0.893673E+02     0.886494E+02     0.879379E+02     0.869496E+02     0.860357E+02     0.852518E+02     0.844480E+02     0.835820E+02     0.831533E+02     0.824599E+02     0.816562E+02     0.815908E+02     0.813171E+02     0.808567E+02     0.822930E+02     0.816577E+02     0.813206E+02     0.824672E+02     0.814035E+02     0.823880E+02     0.817921E+02     0.808737E+02     0.810036E+02     0.796286E+02     0.790273E+02     0.784870E+02     0.768247E+02     0.755622E+02     0.744715E+02     0.734685E+02     0.724244E+02     0.718583E+02     0.714240E+02     0.704735E+02     0.709661E+02     0.710494E+02     0.706019E+02     0.728519E+02     0.722182E+02     0.722251E+02     0.730294E+02     0.725745E+02     0.743124E+02     0.738365E+02     0.733561E+02     0.741699E+02     0.732315E+02     0.739325E+02     0.735951E+02     0.725289E+02     0.712613E+02     0.706757E+02     0.689626E+02     0.680141E+02     0.662727E+02     0.630782E+02     0.626579E+02     0.598088E+02     0.574563E+02     0.572700E+02     0.529009E+02     0.526606E+02     0.514791E+02     0.497819E+02     0.496337E+02     0.482320E+02     0.480631E+02     0.478640E+02     0.478845E+02     0.476454E+02     0.476420E+02     0.475284E+02     0.472780E+02     0.470036E+02     0.467802E+02     0.467644E+02     0.467079E+02     0.465821E+02     0.467268E+02     0.465862E+02     0.466173E+02     0.465824E+02     0.465178E+02     0.455782E+02     0.454766E+02     0.456961E+02     0.459268E+02     0.458808E+02     0.466964E+02     0.466382E+02     0.466743E+02     0.468678E+02     0.468280E+02     0.467720E+02     0.467350E+02     0.466720E+02     0.466381E+02     0.465700E+02     0.100000E+21
 0.342000E+04     0.104788E+03     0.104820E+03     0.104353E+03     0.104143E+03     0.103717E+03     0.103502E+03     0.103150E+03     0.102891E+03     0.102420E+03     0.101909E+03     0.101516E+03     0.101012E+03     0.100739E+03     0.996967E+02     0.993204E+02     0.984541E+02     0.973743E+02     0.970351E+02     0.957946E+02     0.953986E+02     0.945321E+02     0.937356E+02     0.927828E+02     0.920758E+02     0.916950E+02     0.906814E+02     0.900885E+02     0.893034E+02     0.886846E+02     0.879627E+02     0.870097E+02     0.862474E+02     0.854392E+02     0.847419E+02     0.839076E+02     0.834782E+02     0.827734E+02     0.819207E+02     0.818445E+02     0.814329E+02     0.809683E+02     0.822178E+02     0.816165E+02     0.814795E+02     0.824865E+02     0.814169E+02     0.827712E+02     0.821725E+02     0.815500E+02     0.820841E+02     0.806300E+02     0.804748E+02     0.800338E+02     0.783943E+02     0.773111E+02     0.761699E+02     0.748547E+02     0.735167E+02     0.729631E+02     0.714830E+02     0.704801E+02     0.704954E+02     0.700552E+02     0.696041E+02     0.714569E+02     0.708401E+02     0.709864E+02     0.717019E+02     0.712623E+02     0.730706E+02     0.726139E+02     0.724609E+02     0.735404E+02     0.726008E+02     0.736517E+02     0.733230E+02     0.723589E+02     0.717364E+02     0.711352E+02     0.695295E+02     0.683753E+02     0.665534E+02     0.632600E+02     0.628245E+02     0.600161E+02     0.575375E+02     0.573500E+02     0.529042E+02     0.526854E+02     0.514550E+02     0.498934E+02     0.497435E+02     0.484856E+02     0.483260E+02     0.481278E+02     0.480943E+02     0.478483E+02     0.478723E+02     0.477529E+02     0.474943E+02     0.472582E+02     0.470162E+02     0.470917E+02     0.470729E+02     0.468862E+02     0.468427E+02     0.466976E+02     0.466556E+02     0.465812E+02     0.465162E+02     0.454716E+02     0.453616E+02     0.455927E+02     0.458135E+02     0.457673E+02     0.466377E+02     0.465823E+02     0.466642E+02     0.468676E+02     0.468280E+02     0.467720E+02     0.467356E+02     0.466720E+02     0.466402E+02     0.465702E+02     0.100000E+21
 0.344000E+04     0.104760E+03     0.104896E+03     0.104402E+03     0.104239E+03     0.103789E+03     0.103619E+03     0.103295E+03     0.103059E+03     0.102603E+03     0.102048E+03     0.101728E+03     0.101255E+03     0.100996E+03     0.999925E+02     0.996580E+02     0.987328E+02     0.976865E+02     0.973781E+02     0.960872E+02     0.957377E+02     0.947090E+02     0.939399E+02     0.929284E+02     0.920806E+02     0.917337E+02     0.905823E+02     0.900318E+02     0.892055E+02     0.886985E+02     0.879865E+02     0.870142E+02     0.864333E+02     0.855663E+02     0.850033E+02     0.842204E+02     0.838207E+02     0.830573E+02     0.821225E+02     0.820736E+02     0.815090E+02     0.810753E+02     0.821494E+02     0.816241E+02     0.816388E+02     0.825570E+02     0.814298E+02     0.831106E+02     0.825801E+02     0.822792E+02     0.830757E+02     0.815259E+02     0.816194E+02     0.815440E+02     0.797428E+02     0.788349E+02     0.776577E+02     0.761795E+02     0.745662E+02     0.740499E+02     0.715359E+02     0.704497E+02     0.700615E+02     0.690796E+02     0.686496E+02     0.701838E+02     0.696743E+02     0.699086E+02     0.704164E+02     0.700016E+02     0.719559E+02     0.715438E+02     0.717884E+02     0.730040E+02     0.719766E+02     0.734069E+02     0.730954E+02     0.722940E+02     0.721510E+02     0.715318E+02     0.700546E+02     0.687216E+02     0.664887E+02     0.634207E+02     0.629528E+02     0.602405E+02     0.576154E+02     0.574399E+02     0.529073E+02     0.527167E+02     0.514202E+02     0.499871E+02     0.498489E+02     0.487156E+02     0.485738E+02     0.483500E+02     0.482988E+02     0.480423E+02     0.480751E+02     0.479727E+02     0.476836E+02     0.474867E+02     0.472292E+02     0.473522E+02     0.474263E+02     0.471299E+02     0.469439E+02     0.467909E+02     0.467001E+02     0.465800E+02     0.465204E+02     0.453756E+02     0.452588E+02     0.455011E+02     0.457023E+02     0.456585E+02     0.465842E+02     0.465368E+02     0.466669E+02     0.468638E+02     0.468280E+02     0.467720E+02     0.467395E+02     0.466720E+02     0.466441E+02     0.465684E+02     0.100000E+21
 0.346000E+04     0.104768E+03     0.104895E+03     0.104405E+03     0.104239E+03     0.103791E+03     0.103620E+03     0.103295E+03     0.103056E+03     0.102603E+03     0.102052E+03     0.101728E+03     0.101255E+03     0.100995E+03     0.999925E+02     0.996527E+02     0.987363E+02     0.976890E+02     0.973781E+02     0.960872E+02     0.957329E+02     0.947166E+02     0.939354E+02     0.929301E+02     0.920806E+02     0.917306E+02     0.905917E+02     0.900318E+02     0.892093E+02     0.886963E+02     0.879865E+02     0.870213E+02     0.864333E+02     0.855724E+02     0.850023E+02     0.842204E+02     0.838178E+02     0.830573E+02     0.821304E+02     0.820705E+02     0.815117E+02     0.810753E+02     0.821494E+02     0.816164E+02     0.816164E+02     0.825514E+02     0.814298E+02     0.831106E+02     0.825743E+02     0.822552E+02     0.830671E+02     0.815301E+02     0.816304E+02     0.815410E+02     0.797557E+02     0.788349E+02     0.776648E+02     0.761686E+02     0.745662E+02     0.740452E+02     0.715359E+02     0.704584E+02     0.700614E+02     0.690814E+02     0.686496E+02     0.701838E+02     0.696664E+02     0.698899E+02     0.704202E+02     0.700016E+02     0.719559E+02     0.715386E+02     0.717598E+02     0.729987E+02     0.719785E+02     0.734069E+02     0.730929E+02     0.722963E+02     0.721510E+02     0.715348E+02     0.700363E+02     0.687216E+02     0.665226E+02     0.634207E+02     0.629561E+02     0.602282E+02     0.576154E+02     0.574388E+02     0.529073E+02     0.527137E+02     0.514294E+02     0.499880E+02     0.498489E+02     0.487156E+02     0.485718E+02     0.483489E+02     0.482973E+02     0.480423E+02     0.480751E+02     0.479716E+02     0.476854E+02     0.474851E+02     0.472299E+02     0.473558E+02     0.474259E+02     0.471324E+02     0.469439E+02     0.467919E+02     0.466999E+02     0.465800E+02     0.465199E+02     0.453756E+02     0.452597E+02     0.455000E+02     0.457026E+02     0.456585E+02     0.465842E+02     0.465361E+02     0.466629E+02     0.468642E+02     0.468280E+02     0.467720E+02     0.467391E+02     0.466720E+02     0.466437E+02     0.465685E+02     0.100000E+21
 0.348000E+04     0.104849E+03     0.104910E+03     0.104470E+03     0.104325E+03     0.103902E+03     0.103754E+03     0.103449E+03     0.103188E+03     0.102821E+03     0.102309E+03     0.101985E+03     0.101548E+03     0.101274E+03     0.100409E+03     0.100024E+03     0.992415E+02     0.982811E+02     0.979451E+02     0.967211E+02     0.963244E+02     0.953717E+02     0.944071E+02     0.934587E+02     0.923242E+02     0.919434E+02     0.908438E+02     0.900390E+02     0.892523E+02     0.886590E+02     0.879532E+02     0.871133E+02     0.866049E+02     0.857990E+02     0.853748E+02     0.847610E+02     0.843293E+02     0.839020E+02     0.830432E+02     0.828780E+02     0.823545E+02     0.818903E+02     0.825742E+02     0.819729E+02     0.817400E+02     0.825748E+02     0.815059E+02     0.833816E+02     0.827904E+02     0.824395E+02     0.836311E+02     0.822077E+02     0.830645E+02     0.831799E+02     0.818533E+02     0.815812E+02     0.804758E+02     0.791645E+02     0.778663E+02     0.772992E+02     0.741503E+02     0.731478E+02     0.718182E+02     0.699845E+02     0.695334E+02     0.691713E+02     0.685852E+02     0.682674E+02     0.682451E+02     0.677894E+02     0.690033E+02     0.685382E+02     0.683999E+02     0.694304E+02     0.684753E+02     0.703239E+02     0.699848E+02     0.695479E+02     0.701548E+02     0.695668E+02     0.690808E+02     0.685658E+02     0.672046E+02     0.649804E+02     0.645454E+02     0.620347E+02     0.598108E+02     0.596230E+02     0.549865E+02     0.547671E+02     0.531626E+02     0.510930E+02     0.509439E+02     0.490508E+02     0.488891E+02     0.486972E+02     0.486868E+02     0.484451E+02     0.487679E+02     0.486546E+02     0.484569E+02     0.483830E+02     0.481483E+02     0.484599E+02     0.485763E+02     0.481192E+02     0.474586E+02     0.473153E+02     0.467278E+02     0.462677E+02     0.462027E+02     0.454430E+02     0.453352E+02     0.456989E+02     0.460693E+02     0.460228E+02     0.467392E+02     0.466848E+02     0.467291E+02     0.468677E+02     0.468280E+02     0.467720E+02     0.467356E+02     0.466720E+02     0.466401E+02     0.465702E+02     0.100000E+21
 0.350000E+04     0.105020E+03     0.104910E+03     0.104484E+03     0.104325E+03     0.103909E+03     0.103769E+03     0.103449E+03     0.103184E+03     0.102821E+03     0.102348E+03     0.101985E+03     0.101548E+03     0.101275E+03     0.100409E+03     0.999587E+02     0.992705E+02     0.982824E+02     0.979451E+02     0.967211E+02     0.963016E+02     0.955409E+02     0.943862E+02     0.934575E+02     0.923242E+02     0.919403E+02     0.909812E+02     0.900390E+02     0.892582E+02     0.886173E+02     0.879532E+02     0.871322E+02     0.866049E+02     0.858359E+02     0.853799E+02     0.847610E+02     0.843291E+02     0.839020E+02     0.831526E+02     0.828500E+02     0.823535E+02     0.818903E+02     0.825742E+02     0.819166E+02     0.814505E+02     0.825614E+02     0.815059E+02     0.833816E+02     0.827773E+02     0.819490E+02     0.835505E+02     0.822097E+02     0.835135E+02     0.831811E+02     0.818737E+02     0.815812E+02     0.805032E+02     0.790805E+02     0.778663E+02     0.772943E+02     0.741503E+02     0.732385E+02     0.718220E+02     0.699827E+02     0.695334E+02     0.691713E+02     0.685021E+02     0.681435E+02     0.682490E+02     0.677894E+02     0.690033E+02     0.685180E+02     0.679255E+02     0.693991E+02     0.684746E+02     0.703239E+02     0.699836E+02     0.694679E+02     0.701548E+02     0.695735E+02     0.690462E+02     0.685658E+02     0.672573E+02     0.649804E+02     0.645698E+02     0.619336E+02     0.598108E+02     0.596233E+02     0.549865E+02     0.547257E+02     0.533015E+02     0.510931E+02     0.509439E+02     0.490508E+02     0.488771E+02     0.486661E+02     0.486818E+02     0.484451E+02     0.487679E+02     0.486530E+02     0.484495E+02     0.483645E+02     0.481491E+02     0.485708E+02     0.485766E+02     0.481549E+02     0.474586E+02     0.473200E+02     0.466796E+02     0.462677E+02     0.462025E+02     0.454430E+02     0.453467E+02     0.456841E+02     0.460691E+02     0.460228E+02     0.467392E+02     0.466785E+02     0.466920E+02     0.468683E+02     0.468280E+02     0.467720E+02     0.467344E+02     0.466720E+02     0.466369E+02     0.465702E+02     0.100000E+21
 0.352000E+04     0.104856E+03     0.104885E+03     0.104455E+03     0.104315E+03     0.103893E+03     0.103754E+03     0.103452E+03     0.103189E+03     0.102833E+03     0.102327E+03     0.102006E+03     0.101581E+03     0.101305E+03     0.100480E+03     0.100076E+03     0.993484E+02     0.984429E+02     0.981125E+02     0.969505E+02     0.965473E+02     0.956150E+02     0.946776E+02     0.937656E+02     0.925418E+02     0.922025E+02     0.910615E+02     0.901805E+02     0.894213E+02     0.887468E+02     0.880299E+02     0.871784E+02     0.866415E+02     0.858453E+02     0.854651E+02     0.849090E+02     0.844718E+02     0.842027E+02     0.833178E+02     0.832303E+02     0.828186E+02     0.823626E+02     0.828989E+02     0.822619E+02     0.818985E+02     0.826344E+02     0.815749E+02     0.832012E+02     0.825842E+02     0.822046E+02     0.834352E+02     0.819988E+02     0.830206E+02     0.831102E+02     0.819335E+02     0.818922E+02     0.808353E+02     0.798223E+02     0.789396E+02     0.783149E+02     0.754377E+02     0.743463E+02     0.730479E+02     0.712052E+02     0.707536E+02     0.696614E+02     0.690003E+02     0.685822E+02     0.684229E+02     0.679746E+02     0.687729E+02     0.682947E+02     0.680091E+02     0.688087E+02     0.677811E+02     0.694943E+02     0.689651E+02     0.686127E+02     0.692020E+02     0.684500E+02     0.681865E+02     0.675792E+02     0.666226E+02     0.649960E+02     0.645658E+02     0.625496E+02     0.609272E+02     0.607172E+02     0.563043E+02     0.558911E+02     0.543389E+02     0.521605E+02     0.520433E+02     0.493780E+02     0.491997E+02     0.488472E+02     0.486001E+02     0.483514E+02     0.482670E+02     0.480724E+02     0.481013E+02     0.482867E+02     0.480394E+02     0.484699E+02     0.486355E+02     0.481819E+02     0.475096E+02     0.473723E+02     0.466673E+02     0.461102E+02     0.460513E+02     0.453822E+02     0.452828E+02     0.457097E+02     0.461754E+02     0.461299E+02     0.467752E+02     0.467159E+02     0.467429E+02     0.468679E+02     0.468280E+02     0.467720E+02     0.467352E+02     0.466720E+02     0.466395E+02     0.465703E+02     0.100000E+21
 0.354000E+04     0.104763E+03     0.104865E+03     0.104412E+03     0.104299E+03     0.103856E+03     0.103739E+03     0.103456E+03     0.103213E+03     0.102853E+03     0.102309E+03     0.102036E+03     0.101619E+03     0.101356E+03     0.100582E+03     0.100233E+03     0.994817E+02     0.986226E+02     0.983078E+02     0.972933E+02     0.969314E+02     0.959277E+02     0.951135E+02     0.941179E+02     0.929195E+02     0.925646E+02     0.912863E+02     0.904248E+02     0.896081E+02     0.889299E+02     0.881210E+02     0.872155E+02     0.867041E+02     0.858533E+02     0.855906E+02     0.850820E+02     0.846750E+02     0.846463E+02     0.837324E+02     0.837723E+02     0.833568E+02     0.829163E+02     0.833666E+02     0.828208E+02     0.823939E+02     0.827689E+02     0.816562E+02     0.829062E+02     0.823606E+02     0.821432E+02     0.832129E+02     0.816967E+02     0.826507E+02     0.830549E+02     0.820383E+02     0.824452E+02     0.812864E+02     0.809039E+02     0.801935E+02     0.796652E+02     0.774381E+02     0.763749E+02     0.747962E+02     0.726377E+02     0.722031E+02     0.703600E+02     0.698296E+02     0.691841E+02     0.686156E+02     0.681911E+02     0.684192E+02     0.679934E+02     0.675977E+02     0.679286E+02     0.669200E+02     0.680267E+02     0.677089E+02     0.671877E+02     0.675211E+02     0.669096E+02     0.667490E+02     0.664170E+02     0.656652E+02     0.650219E+02     0.645629E+02     0.633964E+02     0.622360E+02     0.620577E+02     0.582134E+02     0.580148E+02     0.559219E+02     0.534688E+02     0.533282E+02     0.498566E+02     0.497095E+02     0.491158E+02     0.484928E+02     0.482401E+02     0.474214E+02     0.473163E+02     0.475106E+02     0.481437E+02     0.478924E+02     0.484042E+02     0.487100E+02     0.481974E+02     0.475990E+02     0.474486E+02     0.466297E+02     0.459263E+02     0.458654E+02     0.452905E+02     0.451761E+02     0.457425E+02     0.463006E+02     0.462562E+02     0.468266E+02     0.467773E+02     0.467976E+02     0.468648E+02     0.468280E+02     0.467720E+02     0.467385E+02     0.466720E+02     0.466430E+02     0.465688E+02     0.100000E+21
 0.356000E+04     0.104740E+03     0.104868E+03     0.104407E+03     0.104299E+03     0.103848E+03     0.103735E+03     0.103456E+03     0.103221E+03     0.102853E+03     0.102296E+03     0.102036E+03     0.101619E+03     0.101360E+03     0.100582E+03     0.100249E+03     0.994769E+02     0.986152E+02     0.983078E+02     0.972933E+02     0.969456E+02     0.959036E+02     0.951271E+02     0.941132E+02     0.929195E+02     0.925738E+02     0.912433E+02     0.904248E+02     0.895970E+02     0.889444E+02     0.881210E+02     0.871975E+02     0.867041E+02     0.858346E+02     0.855863E+02     0.850820E+02     0.846834E+02     0.846463E+02     0.837085E+02     0.837841E+02     0.833490E+02     0.829163E+02     0.833666E+02     0.828443E+02     0.824361E+02     0.827856E+02     0.816562E+02     0.829062E+02     0.823779E+02     0.822296E+02     0.832392E+02     0.816843E+02     0.825719E+02     0.830639E+02     0.820552E+02     0.824452E+02     0.812651E+02     0.808969E+02     0.801935E+02     0.796791E+02     0.774381E+02     0.763486E+02     0.747943E+02     0.726324E+02     0.722031E+02     0.703600E+02     0.698536E+02     0.691992E+02     0.686045E+02     0.681911E+02     0.684192E+02     0.680091E+02     0.676358E+02     0.679445E+02     0.669144E+02     0.680267E+02     0.677163E+02     0.672035E+02     0.675211E+02     0.669007E+02     0.667436E+02     0.664170E+02     0.656446E+02     0.650219E+02     0.645527E+02     0.634106E+02     0.622360E+02     0.620609E+02     0.582134E+02     0.580239E+02     0.558676E+02     0.534659E+02     0.533282E+02     0.498566E+02     0.497156E+02     0.490908E+02     0.484972E+02     0.482401E+02     0.474214E+02     0.473194E+02     0.475485E+02     0.481485E+02     0.478901E+02     0.483734E+02     0.487111E+02     0.481744E+02     0.475990E+02     0.474457E+02     0.466518E+02     0.459263E+02     0.458669E+02     0.452905E+02     0.451733E+02     0.457495E+02     0.463000E+02     0.462562E+02     0.468266E+02     0.467795E+02     0.468040E+02     0.468637E+02     0.468280E+02     0.467720E+02     0.467397E+02     0.466720E+02     0.466443E+02     0.465683E+02     0.100000E+21
 0.358000E+04     0.104776E+03     0.104788E+03     0.104356E+03     0.104227E+03     0.103805E+03     0.103674E+03     0.103376E+03     0.103114E+03     0.102763E+03     0.102256E+03     0.101950E+03     0.101535E+03     0.101260E+03     0.100567E+03     0.100175E+03     0.995495E+02     0.988082E+02     0.984713E+02     0.977311E+02     0.973306E+02     0.965106E+02     0.957882E+02     0.948437E+02     0.937739E+02     0.933918E+02     0.922357E+02     0.912208E+02     0.904358E+02     0.895299E+02     0.886827E+02     0.877486E+02     0.870021E+02     0.862019E+02     0.858687E+02     0.853266E+02     0.848940E+02     0.851568E+02     0.843083E+02     0.844055E+02     0.842325E+02     0.837676E+02     0.841883E+02     0.835790E+02     0.828863E+02     0.828783E+02     0.818125E+02     0.819862E+02     0.813918E+02     0.807430E+02     0.813077E+02     0.798962E+02     0.810131E+02     0.811812E+02     0.803926E+02     0.814574E+02     0.803571E+02     0.806991E+02     0.804459E+02     0.798768E+02     0.797924E+02     0.788004E+02     0.779950E+02     0.767067E+02     0.762552E+02     0.738727E+02     0.732770E+02     0.722182E+02     0.709793E+02     0.705220E+02     0.702547E+02     0.697858E+02     0.690720E+02     0.688225E+02     0.678727E+02     0.669531E+02     0.666131E+02     0.656988E+02     0.651004E+02     0.645141E+02     0.647093E+02     0.645530E+02     0.643984E+02     0.649622E+02     0.645307E+02     0.646231E+02     0.645977E+02     0.644096E+02     0.620287E+02     0.618054E+02     0.596710E+02     0.568192E+02     0.566697E+02     0.516944E+02     0.515309E+02     0.503479E+02     0.481967E+02     0.479559E+02     0.477702E+02     0.476564E+02     0.476504E+02     0.480788E+02     0.478466E+02     0.483168E+02     0.484880E+02     0.479111E+02     0.469352E+02     0.467927E+02     0.457842E+02     0.450480E+02     0.449828E+02     0.448244E+02     0.447177E+02     0.454392E+02     0.462199E+02     0.461734E+02     0.467939E+02     0.467387E+02     0.467601E+02     0.468678E+02     0.468280E+02     0.467720E+02     0.467353E+02     0.466720E+02     0.466396E+02     0.465703E+02     0.100000E+21
 0.360000E+04     0.104790E+03     0.104792E+03     0.104357E+03     0.104227E+03     0.103801E+03     0.103676E+03     0.103376E+03     0.103120E+03     0.102763E+03     0.102255E+03     0.101950E+03     0.101535E+03     0.101265E+03     0.100567E+03     0.100174E+03     0.995503E+02     0.988008E+02     0.984713E+02     0.977311E+02     0.973355E+02     0.965208E+02     0.957924E+02     0.948377E+02     0.937739E+02     0.934002E+02     0.922492E+02     0.912208E+02     0.904270E+02     0.895162E+02     0.886827E+02     0.877371E+02     0.870021E+02     0.861976E+02     0.858703E+02     0.853266E+02     0.849033E+02     0.851568E+02     0.843111E+02     0.843992E+02     0.842231E+02     0.837676E+02     0.841883E+02     0.835820E+02     0.828717E+02     0.828893E+02     0.818125E+02     0.819862E+02     0.814037E+02     0.807134E+02     0.813035E+02     0.798837E+02     0.810653E+02     0.811920E+02     0.803985E+02     0.814574E+02     0.803473E+02     0.807154E+02     0.804459E+02     0.798894E+02     0.797924E+02     0.788015E+02     0.779951E+02     0.766996E+02     0.762552E+02     0.738727E+02     0.732760E+02     0.722238E+02     0.709692E+02     0.705220E+02     0.702547E+02     0.697930E+02     0.690666E+02     0.688248E+02     0.678660E+02     0.669531E+02     0.666206E+02     0.657028E+02     0.651004E+02     0.645079E+02     0.647216E+02     0.645530E+02     0.644094E+02     0.649622E+02     0.645293E+02     0.646252E+02     0.645977E+02     0.644134E+02     0.620287E+02     0.618043E+02     0.596981E+02     0.568160E+02     0.566697E+02     0.516944E+02     0.515323E+02     0.504064E+02     0.481988E+02     0.479559E+02     0.477702E+02     0.476588E+02     0.476398E+02     0.480773E+02     0.478446E+02     0.483338E+02     0.484894E+02     0.479006E+02     0.469352E+02     0.467917E+02     0.457723E+02     0.450480E+02     0.449843E+02     0.448244E+02     0.447180E+02     0.454356E+02     0.462190E+02     0.461734E+02     0.467939E+02     0.467388E+02     0.467559E+02     0.468670E+02     0.468280E+02     0.467720E+02     0.467360E+02     0.466720E+02     0.466396E+02     0.465697E+02     0.100000E+21
 0.362000E+04     0.104874E+03     0.104779E+03     0.104357E+03     0.104221E+03     0.103796E+03     0.103668E+03     0.103342E+03     0.103080E+03     0.102733E+03     0.102260E+03     0.101909E+03     0.101479E+03     0.101204E+03     0.100536E+03     0.100114E+03     0.995427E+02     0.988256E+02     0.984871E+02     0.978176E+02     0.973974E+02     0.966457E+02     0.959644E+02     0.950917E+02     0.939292E+02     0.937198E+02     0.925578E+02     0.914060E+02     0.908049E+02     0.896465E+02     0.890475E+02     0.880321E+02     0.871214E+02     0.863950E+02     0.860278E+02     0.854807E+02     0.850361E+02     0.852635E+02     0.844297E+02     0.845145E+02     0.844473E+02     0.839891E+02     0.843865E+02     0.836857E+02     0.829033E+02     0.829237E+02     0.818811E+02     0.817795E+02     0.810755E+02     0.803054E+02     0.807197E+02     0.790699E+02     0.809794E+02     0.799361E+02     0.794373E+02     0.810490E+02     0.794478E+02     0.801259E+02     0.797170E+02     0.792178E+02     0.796059E+02     0.787476E+02     0.780576E+02     0.771438E+02     0.766914E+02     0.748578E+02     0.737497E+02     0.731532E+02     0.723448E+02     0.720420E+02     0.712476E+02     0.708694E+02     0.694883E+02     0.696868E+02     0.690778E+02     0.671919E+02     0.672387E+02     0.659511E+02     0.650168E+02     0.643320E+02     0.645753E+02     0.641150E+02     0.641375E+02     0.649314E+02     0.645159E+02     0.646930E+02     0.648001E+02     0.646031E+02     0.625070E+02     0.619616E+02     0.603505E+02     0.576549E+02     0.575579E+02     0.521327E+02     0.518983E+02     0.509275E+02     0.485101E+02     0.483478E+02     0.478964E+02     0.478754E+02     0.476472E+02     0.480951E+02     0.478986E+02     0.483824E+02     0.482862E+02     0.477838E+02     0.468417E+02     0.466272E+02     0.455326E+02     0.447495E+02     0.447082E+02     0.446605E+02     0.446450E+02     0.453126E+02     0.461764E+02     0.461289E+02     0.467844E+02     0.467279E+02     0.467348E+02     0.468685E+02     0.468280E+02     0.467720E+02     0.467343E+02     0.466720E+02     0.466374E+02     0.465704E+02     0.100000E+21
 0.364000E+04     0.104751E+03     0.104773E+03     0.104324E+03     0.104180E+03     0.103750E+03     0.103602E+03     0.103293E+03     0.103040E+03     0.102644E+03     0.102125E+03     0.101822E+03     0.101400E+03     0.101132E+03     0.100471E+03     0.100092E+03     0.995066E+02     0.988348E+02     0.985087E+02     0.980171E+02     0.976311E+02     0.968901E+02     0.964069E+02     0.954411E+02     0.946565E+02     0.942873E+02     0.931207E+02     0.922146E+02     0.914151E+02     0.904626E+02     0.895668E+02     0.885196E+02     0.876137E+02     0.867955E+02     0.863405E+02     0.856936E+02     0.852740E+02     0.855009E+02     0.846326E+02     0.848413E+02     0.847493E+02     0.842971E+02     0.848017E+02     0.842139E+02     0.833563E+02     0.830635E+02     0.819773E+02     0.811200E+02     0.805470E+02     0.795275E+02     0.791781E+02     0.777290E+02     0.781750E+02     0.781068E+02     0.773841E+02     0.785133E+02     0.773898E+02     0.784709E+02     0.787105E+02     0.781607E+02     0.791199E+02     0.781056E+02     0.781792E+02     0.777554E+02     0.773131E+02     0.768675E+02     0.762922E+02     0.754476E+02     0.745828E+02     0.741411E+02     0.737318E+02     0.732800E+02     0.724034E+02     0.718282E+02     0.708552E+02     0.685781E+02     0.682490E+02     0.666551E+02     0.645639E+02     0.639665E+02     0.638290E+02     0.635005E+02     0.636631E+02     0.648264E+02     0.643855E+02     0.648195E+02     0.650814E+02     0.648984E+02     0.635231E+02     0.633072E+02     0.613975E+02     0.589299E+02     0.587849E+02     0.530871E+02     0.529294E+02     0.515453E+02     0.491511E+02     0.489055E+02     0.483754E+02     0.482656E+02     0.481317E+02     0.482171E+02     0.479785E+02     0.480129E+02     0.479959E+02     0.473585E+02     0.463615E+02     0.462160E+02     0.451445E+02     0.443379E+02     0.442749E+02     0.442704E+02     0.441614E+02     0.451015E+02     0.461119E+02     0.460665E+02     0.467649E+02     0.467116E+02     0.467455E+02     0.468664E+02     0.468280E+02     0.467720E+02     0.467367E+02     0.466720E+02     0.466407E+02     0.465695E+02     0.100000E+21
 0.366000E+04     0.104695E+03     0.104780E+03     0.104310E+03     0.104180E+03     0.103732E+03     0.103593E+03     0.103293E+03     0.103056E+03     0.102644E+03     0.102091E+03     0.101822E+03     0.101400E+03     0.101140E+03     0.100471E+03     0.100133E+03     0.995088E+02     0.988187E+02     0.985087E+02     0.980171E+02     0.976646E+02     0.968764E+02     0.964386E+02     0.954310E+02     0.946565E+02     0.943076E+02     0.930145E+02     0.922146E+02     0.913907E+02     0.905295E+02     0.895668E+02     0.884507E+02     0.876137E+02     0.867506E+02     0.863389E+02     0.856936E+02     0.852921E+02     0.855009E+02     0.845710E+02     0.848846E+02     0.847325E+02     0.842971E+02     0.848017E+02     0.842716E+02     0.833859E+02     0.831010E+02     0.819773E+02     0.811200E+02     0.805858E+02     0.795600E+02     0.792441E+02     0.777023E+02     0.780448E+02     0.781259E+02     0.774887E+02     0.785133E+02     0.773405E+02     0.783224E+02     0.787105E+02     0.781912E+02     0.791199E+02     0.780392E+02     0.781826E+02     0.777442E+02     0.773131E+02     0.768675E+02     0.763531E+02     0.754552E+02     0.745583E+02     0.741411E+02     0.737318E+02     0.733163E+02     0.723815E+02     0.718661E+02     0.708432E+02     0.685781E+02     0.682650E+02     0.664261E+02     0.645639E+02     0.639466E+02     0.638114E+02     0.635005E+02     0.637427E+02     0.648264E+02     0.643606E+02     0.647936E+02     0.650814E+02     0.649052E+02     0.635231E+02     0.633306E+02     0.612630E+02     0.589236E+02     0.587849E+02     0.530871E+02     0.529440E+02     0.512651E+02     0.491611E+02     0.489055E+02     0.483754E+02     0.482724E+02     0.481554E+02     0.482296E+02     0.479735E+02     0.479971E+02     0.479982E+02     0.472746E+02     0.463615E+02     0.462091E+02     0.452166E+02     0.443379E+02     0.442780E+02     0.442704E+02     0.441542E+02     0.451308E+02     0.461105E+02     0.460665E+02     0.467649E+02     0.467170E+02     0.467669E+02     0.468641E+02     0.468280E+02     0.467720E+02     0.467393E+02     0.466720E+02     0.466439E+02     0.465685E+02     0.100000E+21
 0.368000E+04     0.104874E+03     0.104802E+03     0.104367E+03     0.104187E+03     0.103771E+03     0.103588E+03     0.103255E+03     0.102988E+03     0.102555E+03     0.102074E+03     0.101718E+03     0.101281E+03     0.101005E+03     0.100367E+03     0.999330E+02     0.994296E+02     0.988266E+02     0.984869E+02     0.981680E+02     0.977512E+02     0.971096E+02     0.967908E+02     0.958617E+02     0.953556E+02     0.949692E+02     0.939894E+02     0.931195E+02     0.923407E+02     0.913084E+02     0.905160E+02     0.894898E+02     0.884254E+02     0.876509E+02     0.869922E+02     0.862328E+02     0.857975E+02     0.857741E+02     0.849937E+02     0.850431E+02     0.849633E+02     0.844963E+02     0.850200E+02     0.843721E+02     0.835156E+02     0.831695E+02     0.821152E+02     0.807215E+02     0.801155E+02     0.789291E+02     0.777670E+02     0.764122E+02     0.761064E+02     0.756198E+02     0.745831E+02     0.751047E+02     0.740249E+02     0.750184E+02     0.749991E+02     0.744235E+02     0.759927E+02     0.750610E+02     0.754176E+02     0.753857E+02     0.749333E+02     0.757684E+02     0.751174E+02     0.748665E+02     0.751374E+02     0.746749E+02     0.758867E+02     0.754027E+02     0.747566E+02     0.749872E+02     0.740595E+02     0.718288E+02     0.714859E+02     0.699057E+02     0.666747E+02     0.660943E+02     0.645403E+02     0.636797E+02     0.635546E+02     0.642323E+02     0.638175E+02     0.647716E+02     0.654216E+02     0.652325E+02     0.642271E+02     0.639780E+02     0.621039E+02     0.593170E+02     0.591666E+02     0.541399E+02     0.539680E+02     0.531461E+02     0.508539E+02     0.506169E+02     0.492707E+02     0.491553E+02     0.487939E+02     0.479698E+02     0.477506E+02     0.474941E+02     0.473768E+02     0.467224E+02     0.453920E+02     0.452529E+02     0.444959E+02     0.439935E+02     0.439277E+02     0.447725E+02     0.446733E+02     0.454985E+02     0.464440E+02     0.463973E+02     0.468885E+02     0.468290E+02     0.468084E+02     0.468685E+02     0.468280E+02     0.467720E+02     0.467344E+02     0.466720E+02     0.466376E+02     0.465704E+02     0.100000E+21
 0.370000E+04     0.104743E+03     0.104811E+03     0.104342E+03     0.104187E+03     0.103747E+03     0.103577E+03     0.103255E+03     0.103009E+03     0.102555E+03     0.102018E+03     0.101718E+03     0.101281E+03     0.101017E+03     0.100367E+03     0.100010E+03     0.994389E+02     0.988050E+02     0.984869E+02     0.981680E+02     0.977991E+02     0.971294E+02     0.968347E+02     0.958479E+02     0.953556E+02     0.949963E+02     0.938336E+02     0.931195E+02     0.923079E+02     0.914314E+02     0.905160E+02     0.893869E+02     0.884254E+02     0.875840E+02     0.870023E+02     0.862328E+02     0.858220E+02     0.857741E+02     0.848728E+02     0.851030E+02     0.849404E+02     0.844963E+02     0.850200E+02     0.844623E+02     0.835594E+02     0.832200E+02     0.821152E+02     0.807215E+02     0.801677E+02     0.788196E+02     0.778731E+02     0.763763E+02     0.760430E+02     0.756458E+02     0.746468E+02     0.751047E+02     0.739563E+02     0.748081E+02     0.749991E+02     0.744643E+02     0.759927E+02     0.749431E+02     0.754248E+02     0.753702E+02     0.749333E+02     0.757684E+02     0.752255E+02     0.750313E+02     0.751046E+02     0.746749E+02     0.758867E+02     0.754533E+02     0.749195E+02     0.750414E+02     0.740433E+02     0.718288E+02     0.715075E+02     0.693971E+02     0.666747E+02     0.660674E+02     0.647599E+02     0.636797E+02     0.636136E+02     0.642323E+02     0.637785E+02     0.647073E+02     0.654216E+02     0.652418E+02     0.642271E+02     0.640238E+02     0.618868E+02     0.593086E+02     0.591666E+02     0.541399E+02     0.539897E+02     0.526934E+02     0.508674E+02     0.506169E+02     0.492707E+02     0.491643E+02     0.486519E+02     0.479916E+02     0.477440E+02     0.475303E+02     0.473801E+02     0.465783E+02     0.453920E+02     0.452430E+02     0.445650E+02     0.439935E+02     0.439319E+02     0.447725E+02     0.446597E+02     0.455367E+02     0.464420E+02     0.463973E+02     0.468885E+02     0.468381E+02     0.468310E+02     0.468653E+02     0.468280E+02     0.467720E+02     0.467380E+02     0.466720E+02     0.466423E+02     0.465690E+02     0.100000E+21
 0.372000E+04     0.104869E+03     0.104827E+03     0.104380E+03     0.104194E+03     0.103784E+03     0.103594E+03     0.103260E+03     0.102995E+03     0.102547E+03     0.102063E+03     0.101701E+03     0.101250E+03     0.100977E+03     0.100341E+03     0.999249E+02     0.994109E+02     0.988048E+02     0.984663E+02     0.981784E+02     0.977653E+02     0.971297E+02     0.968525E+02     0.959356E+02     0.954314E+02     0.951204E+02     0.940883E+02     0.932399E+02     0.925544E+02     0.914621E+02     0.908267E+02     0.897333E+02     0.885876E+02     0.878587E+02     0.872084E+02     0.865029E+02     0.860533E+02     0.858660E+02     0.850319E+02     0.850922E+02     0.849560E+02     0.844927E+02     0.849960E+02     0.843593E+02     0.835107E+02     0.831848E+02     0.821271E+02     0.807608E+02     0.801787E+02     0.789414E+02     0.777833E+02     0.764234E+02     0.760564E+02     0.754278E+02     0.743184E+02     0.748413E+02     0.735341E+02     0.743958E+02     0.738160E+02     0.733825E+02     0.749859E+02     0.743341E+02     0.742199E+02     0.737945E+02     0.733449E+02     0.748072E+02     0.745391E+02     0.742481E+02     0.745893E+02     0.740601E+02     0.759030E+02     0.754255E+02     0.747944E+02     0.750653E+02     0.741592E+02     0.719731E+02     0.718076E+02     0.701064E+02     0.668636E+02     0.664561E+02     0.647760E+02     0.640426E+02     0.637654E+02     0.642715E+02     0.638567E+02     0.648214E+02     0.654885E+02     0.652980E+02     0.645538E+02     0.641483E+02     0.625568E+02     0.601235E+02     0.600325E+02     0.550280E+02     0.547574E+02     0.537132E+02     0.517908E+02     0.517897E+02     0.496834E+02     0.498501E+02     0.491424E+02     0.483295E+02     0.483485E+02     0.476611E+02     0.474886E+02     0.467870E+02     0.454286E+02     0.453101E+02     0.445311E+02     0.440099E+02     0.439433E+02     0.448122E+02     0.446959E+02     0.455416E+02     0.464966E+02     0.464515E+02     0.469048E+02     0.468409E+02     0.468162E+02     0.468681E+02     0.468280E+02     0.467720E+02     0.467348E+02     0.466720E+02     0.466378E+02     0.465702E+02     0.100000E+21
 0.374000E+04     0.104916E+03     0.104867E+03     0.104425E+03     0.104235E+03     0.103817E+03     0.103611E+03     0.103268E+03     0.103004E+03     0.102518E+03     0.102034E+03     0.101659E+03     0.101202E+03     0.100928E+03     0.100279E+03     0.998510E+02     0.993548E+02     0.987712E+02     0.984346E+02     0.982062E+02     0.977931E+02     0.971804E+02     0.969948E+02     0.960599E+02     0.957794E+02     0.953966E+02     0.944506E+02     0.937665E+02     0.929837E+02     0.920846E+02     0.913234E+02     0.902994E+02     0.892740E+02     0.884947E+02     0.877460E+02     0.869209E+02     0.864894E+02     0.861042E+02     0.853137E+02     0.852296E+02     0.849502E+02     0.844870E+02     0.849371E+02     0.842952E+02     0.834635E+02     0.832055E+02     0.821457E+02     0.808991E+02     0.802990E+02     0.790758E+02     0.778185E+02     0.764527E+02     0.756787E+02     0.750994E+02     0.737700E+02     0.734376E+02     0.723517E+02     0.724559E+02     0.719852E+02     0.714150E+02     0.719897E+02     0.710498E+02     0.713514E+02     0.712514E+02     0.708017E+02     0.725050E+02     0.718616E+02     0.721603E+02     0.735669E+02     0.731088E+02     0.759500E+02     0.754704E+02     0.748695E+02     0.752643E+02     0.743304E+02     0.727180E+02     0.723783E+02     0.708214E+02     0.678038E+02     0.672204E+02     0.655361E+02     0.646139E+02     0.642764E+02     0.644162E+02     0.639988E+02     0.649468E+02     0.655928E+02     0.654053E+02     0.653655E+02     0.651203E+02     0.636576E+02     0.615220E+02     0.613729E+02     0.572857E+02     0.571154E+02     0.562443E+02     0.539029E+02     0.536647E+02     0.513326E+02     0.512182E+02     0.507826E+02     0.496912E+02     0.494698E+02     0.480792E+02     0.476700E+02     0.469825E+02     0.456056E+02     0.454656E+02     0.446037E+02     0.440352E+02     0.439701E+02     0.449214E+02     0.448211E+02     0.456440E+02     0.465833E+02     0.465370E+02     0.469439E+02     0.468850E+02     0.468485E+02     0.468681E+02     0.468280E+02     0.467720E+02     0.467348E+02     0.466720E+02     0.466378E+02     0.465702E+02     0.100000E+21
 0.376000E+04     0.104784E+03     0.104875E+03     0.104400E+03     0.104235E+03     0.103796E+03     0.103605E+03     0.103268E+03     0.103023E+03     0.102518E+03     0.101981E+03     0.101659E+03     0.101202E+03     0.100938E+03     0.100279E+03     0.999221E+02     0.993664E+02     0.987528E+02     0.984346E+02     0.982062E+02     0.978373E+02     0.972272E+02     0.970352E+02     0.960485E+02     0.957794E+02     0.954201E+02     0.943338E+02     0.937665E+02     0.929549E+02     0.921775E+02     0.913234E+02     0.902085E+02     0.892740E+02     0.884326E+02     0.877632E+02     0.869209E+02     0.865101E+02     0.861042E+02     0.852029E+02     0.852760E+02     0.849311E+02     0.844870E+02     0.849371E+02     0.843794E+02     0.835206E+02     0.832505E+02     0.821457E+02     0.808991E+02     0.803454E+02     0.789514E+02     0.779188E+02     0.764220E+02     0.757251E+02     0.751211E+02     0.737318E+02     0.734376E+02     0.722892E+02     0.723622E+02     0.719852E+02     0.714504E+02     0.719897E+02     0.709401E+02     0.713580E+02     0.712387E+02     0.708017E+02     0.725050E+02     0.719621E+02     0.724735E+02     0.735385E+02     0.731088E+02     0.759500E+02     0.755166E+02     0.750584E+02     0.753150E+02     0.743168E+02     0.727180E+02     0.723967E+02     0.703681E+02     0.678038E+02     0.671965E+02     0.657709E+02     0.646139E+02     0.642873E+02     0.644162E+02     0.639624E+02     0.648845E+02     0.655928E+02     0.654130E+02     0.653655E+02     0.651623E+02     0.635019E+02     0.615149E+02     0.613729E+02     0.572857E+02     0.571356E+02     0.558022E+02     0.539152E+02     0.536647E+02     0.513326E+02     0.512261E+02     0.505963E+02     0.497118E+02     0.494641E+02     0.483532E+02     0.476726E+02     0.468437E+02     0.456056E+02     0.454565E+02     0.446818E+02     0.440352E+02     0.439736E+02     0.449214E+02     0.448085E+02     0.456812E+02     0.465817E+02     0.465370E+02     0.469439E+02     0.468935E+02     0.468642E+02     0.468653E+02     0.468280E+02     0.467720E+02     0.467380E+02     0.466720E+02     0.466423E+02     0.465690E+02     0.100000E+21
 0.378000E+04     0.104969E+03     0.104898E+03     0.104467E+03     0.104285E+03     0.103859E+03     0.103649E+03     0.103297E+03     0.103033E+03     0.102528E+03     0.102048E+03     0.101652E+03     0.101184E+03     0.100908E+03     0.100239E+03     0.997948E+02     0.993115E+02     0.987351E+02     0.983975E+02     0.981755E+02     0.977583E+02     0.971473E+02     0.970060E+02     0.960750E+02     0.959084E+02     0.954921E+02     0.946026E+02     0.940524E+02     0.932137E+02     0.925021E+02     0.916630E+02     0.907200E+02     0.898797E+02     0.890529E+02     0.882662E+02     0.873631E+02     0.869467E+02     0.864163E+02     0.857123E+02     0.854092E+02     0.849475E+02     0.844807E+02     0.847638E+02     0.840961E+02     0.832900E+02     0.831473E+02     0.820983E+02     0.812670E+02     0.806087E+02     0.795426E+02     0.786201E+02     0.771199E+02     0.767015E+02     0.758417E+02     0.745762E+02     0.740476E+02     0.728521E+02     0.723658E+02     0.717052E+02     0.711087E+02     0.706343E+02     0.695291E+02     0.697434E+02     0.695270E+02     0.690746E+02     0.703804E+02     0.692798E+02     0.700590E+02     0.721970E+02     0.718298E+02     0.750355E+02     0.745895E+02     0.738516E+02     0.749899E+02     0.741021E+02     0.729780E+02     0.725661E+02     0.711132E+02     0.682881E+02     0.676023E+02     0.660801E+02     0.650654E+02     0.647040E+02     0.646484E+02     0.642293E+02     0.648772E+02     0.653584E+02     0.651629E+02     0.650745E+02     0.647490E+02     0.637369E+02     0.621708E+02     0.619939E+02     0.593658E+02     0.593241E+02     0.587738E+02     0.563698E+02     0.558481E+02     0.543044E+02     0.536258E+02     0.536648E+02     0.512583E+02     0.507318E+02     0.489639E+02     0.482429E+02     0.475250E+02     0.456651E+02     0.455173E+02     0.447557E+02     0.442072E+02     0.441514E+02     0.445890E+02     0.444249E+02     0.454460E+02     0.465422E+02     0.464961E+02     0.469168E+02     0.468528E+02     0.468249E+02     0.468685E+02     0.468280E+02     0.467720E+02     0.467344E+02     0.466720E+02     0.466376E+02     0.465704E+02     0.100000E+21
 0.380000E+04     0.104788E+03     0.104933E+03     0.104449E+03     0.104295E+03     0.103847E+03     0.103657E+03     0.103317E+03     0.103080E+03     0.102532E+03     0.101979E+03     0.101650E+03     0.101170E+03     0.100910E+03     0.100218E+03     0.998807E+02     0.993078E+02     0.986802E+02     0.983702E+02     0.981617E+02     0.978092E+02     0.972202E+02     0.970725E+02     0.960649E+02     0.959395E+02     0.955906E+02     0.945362E+02     0.941251E+02     0.933011E+02     0.926888E+02     0.919051E+02     0.908222E+02     0.900414E+02     0.891783E+02     0.885360E+02     0.876878E+02     0.872862E+02     0.865611E+02     0.856312E+02     0.855266E+02     0.849116E+02     0.844761E+02     0.846786E+02     0.841485E+02     0.833517E+02     0.831877E+02     0.820640E+02     0.813894E+02     0.808551E+02     0.796443E+02     0.790373E+02     0.774955E+02     0.769243E+02     0.763886E+02     0.747787E+02     0.741676E+02     0.729949E+02     0.723912E+02     0.714995E+02     0.709803E+02     0.700922E+02     0.690115E+02     0.689354E+02     0.682755E+02     0.678443E+02     0.693101E+02     0.687957E+02     0.698030E+02     0.713078E+02     0.708905E+02     0.746557E+02     0.742403E+02     0.741678E+02     0.749445E+02     0.739216E+02     0.730316E+02     0.727185E+02     0.706439E+02     0.683926E+02     0.677753E+02     0.665304E+02     0.653920E+02     0.648949E+02     0.647212E+02     0.642554E+02     0.647984E+02     0.651874E+02     0.650112E+02     0.649335E+02     0.647410E+02     0.637185E+02     0.625886E+02     0.624499E+02     0.603504E+02     0.602074E+02     0.590416E+02     0.576612E+02     0.574056E+02     0.551549E+02     0.550518E+02     0.536852E+02     0.517561E+02     0.515000E+02     0.498279E+02     0.486491E+02     0.474298E+02     0.456784E+02     0.455261E+02     0.449021E+02     0.443337E+02     0.442737E+02     0.444444E+02     0.443281E+02     0.454146E+02     0.465106E+02     0.464666E+02     0.469032E+02     0.468554E+02     0.468454E+02     0.468641E+02     0.468280E+02     0.467720E+02     0.467393E+02     0.466720E+02     0.466439E+02     0.465685E+02     0.100000E+21
 0.382000E+04     0.104861E+03     0.104935E+03     0.104476E+03     0.104307E+03     0.103879E+03     0.103675E+03     0.103339E+03     0.103084E+03     0.102546E+03     0.102026E+03     0.101659E+03     0.101177E+03     0.100908E+03     0.100213E+03     0.998349E+02     0.992904E+02     0.986780E+02     0.983506E+02     0.981366E+02     0.977493E+02     0.971663E+02     0.970095E+02     0.960379E+02     0.959277E+02     0.955550E+02     0.945963E+02     0.941533E+02     0.933609E+02     0.927176E+02     0.920290E+02     0.910268E+02     0.901974E+02     0.893943E+02     0.887116E+02     0.879506E+02     0.875174E+02     0.867019E+02     0.858193E+02     0.855793E+02     0.849312E+02     0.844790E+02     0.845756E+02     0.839916E+02     0.832262E+02     0.830743E+02     0.819778E+02     0.814872E+02     0.809342E+02     0.798599E+02     0.793401E+02     0.779799E+02     0.773722E+02     0.771272E+02     0.754886E+02     0.747545E+02     0.737413E+02     0.729189E+02     0.720827E+02     0.714830E+02     0.701794E+02     0.691612E+02     0.688843E+02     0.680490E+02     0.676066E+02     0.689363E+02     0.683963E+02     0.691632E+02     0.708200E+02     0.703302E+02     0.745265E+02     0.740619E+02     0.740524E+02     0.752253E+02     0.743180E+02     0.734920E+02     0.733192E+02     0.714487E+02     0.689248E+02     0.684563E+02     0.668427E+02     0.658512E+02     0.651895E+02     0.648145E+02     0.643779E+02     0.648091E+02     0.650147E+02     0.648376E+02     0.647158E+02     0.645243E+02     0.636814E+02     0.626494E+02     0.625074E+02     0.608970E+02     0.607408E+02     0.599189E+02     0.587712E+02     0.587060E+02     0.563925E+02     0.566003E+02     0.551439E+02     0.529140E+02     0.529687E+02     0.504475E+02     0.495115E+02     0.480593E+02     0.457738E+02     0.456422E+02     0.449057E+02     0.443259E+02     0.442633E+02     0.442604E+02     0.441659E+02     0.452478E+02     0.464162E+02     0.463691E+02     0.468858E+02     0.468337E+02     0.468246E+02     0.468664E+02     0.468280E+02     0.467720E+02     0.467367E+02     0.466720E+02     0.466407E+02     0.465695E+02     0.100000E+21
 0.384000E+04     0.105014E+03     0.104945E+03     0.104513E+03     0.104340E+03     0.103925E+03     0.103719E+03     0.103376E+03     0.103109E+03     0.102581E+03     0.102103E+03     0.101681E+03     0.101187E+03     0.100912E+03     0.100200E+03     0.997604E+02     0.992619E+02     0.986585E+02     0.983186E+02     0.980749E+02     0.976569E+02     0.970493E+02     0.969115E+02     0.959835E+02     0.958952E+02     0.955086E+02     0.946462E+02     0.942290E+02     0.934505E+02     0.928888E+02     0.922369E+02     0.913428E+02     0.906222E+02     0.898498E+02     0.891598E+02     0.883812E+02     0.879459E+02     0.870430E+02     0.862731E+02     0.857648E+02     0.849508E+02     0.844838E+02     0.843310E+02     0.836797E+02     0.829217E+02     0.828883E+02     0.818348E+02     0.817449E+02     0.811383E+02     0.801614E+02     0.801878E+02     0.788379E+02     0.788662E+02     0.784276E+02     0.770129E+02     0.763916E+02     0.753133E+02     0.741498E+02     0.730377E+02     0.724618E+02     0.704002E+02     0.694754E+02     0.687729E+02     0.676594E+02     0.672070E+02     0.680580E+02     0.674007E+02     0.679265E+02     0.698754E+02     0.694126E+02     0.742028E+02     0.737178E+02     0.734033E+02     0.759225E+02     0.749965E+02     0.747737E+02     0.744308E+02     0.730363E+02     0.703868E+02     0.698067E+02     0.676606E+02     0.666134E+02     0.658903E+02     0.650629E+02     0.646495E+02     0.647515E+02     0.647303E+02     0.645413E+02     0.641968E+02     0.639437E+02     0.634355E+02     0.627520E+02     0.626015E+02     0.622113E+02     0.620387E+02     0.616901E+02     0.611267E+02     0.608900E+02     0.597329E+02     0.596173E+02     0.588534E+02     0.559424E+02     0.557244E+02     0.518675E+02     0.509843E+02     0.495594E+02     0.460378E+02     0.458990E+02     0.449332E+02     0.443131E+02     0.442473E+02     0.438057E+02     0.437074E+02     0.448869E+02     0.462537E+02     0.462071E+02     0.468448E+02     0.467849E+02     0.467756E+02     0.468685E+02     0.468280E+02     0.467720E+02     0.467343E+02     0.466720E+02     0.466374E+02     0.465704E+02     0.100000E+21
 0.386000E+04     0.104906E+03     0.104950E+03     0.104502E+03     0.104340E+03     0.103914E+03     0.103715E+03     0.103376E+03     0.103119E+03     0.102581E+03     0.102073E+03     0.101682E+03     0.101187E+03     0.100918E+03     0.100200E+03     0.998065E+02     0.992660E+02     0.986480E+02     0.983186E+02     0.980749E+02     0.976793E+02     0.970874E+02     0.969312E+02     0.959764E+02     0.958952E+02     0.955215E+02     0.946069E+02     0.942290E+02     0.934352E+02     0.929046E+02     0.922369E+02     0.913114E+02     0.906222E+02     0.898177E+02     0.891650E+02     0.883812E+02     0.879579E+02     0.870430E+02     0.861973E+02     0.857704E+02     0.849394E+02     0.844838E+02     0.843310E+02     0.837248E+02     0.829764E+02     0.829116E+02     0.818348E+02     0.817449E+02     0.811625E+02     0.802585E+02     0.802402E+02     0.788205E+02     0.787749E+02     0.784406E+02     0.769786E+02     0.763916E+02     0.752816E+02     0.741792E+02     0.730377E+02     0.724812E+02     0.704002E+02     0.694093E+02     0.687729E+02     0.676514E+02     0.672070E+02     0.680580E+02     0.674613E+02     0.681115E+02     0.698598E+02     0.694126E+02     0.742028E+02     0.737411E+02     0.738681E+02     0.759471E+02     0.749883E+02     0.747737E+02     0.744412E+02     0.728314E+02     0.703868E+02     0.697943E+02     0.678286E+02     0.666134E+02     0.658572E+02     0.650629E+02     0.646301E+02     0.647434E+02     0.647303E+02     0.645459E+02     0.641968E+02     0.639724E+02     0.634224E+02     0.627478E+02     0.626015E+02     0.622113E+02     0.620492E+02     0.616389E+02     0.611328E+02     0.608900E+02     0.597329E+02     0.596215E+02     0.585328E+02     0.559540E+02     0.557212E+02     0.523709E+02     0.509860E+02     0.493889E+02     0.460378E+02     0.458943E+02     0.449727E+02     0.443131E+02     0.442493E+02     0.438057E+02     0.436993E+02     0.449086E+02     0.462527E+02     0.462071E+02     0.468448E+02     0.467896E+02     0.467896E+02     0.468670E+02     0.468280E+02     0.467720E+02     0.467360E+02     0.466720E+02     0.466396E+02     0.465697E+02     0.100000E+21
 0.388000E+04     0.104891E+03     0.104948E+03     0.104507E+03     0.104355E+03     0.103932E+03     0.103739E+03     0.103402E+03     0.103141E+03     0.102621E+03     0.102114E+03     0.101719E+03     0.101221E+03     0.100947E+03     0.100223E+03     0.998332E+02     0.992809E+02     0.986528E+02     0.983160E+02     0.980300E+02     0.976294E+02     0.970354E+02     0.968414E+02     0.959029E+02     0.957962E+02     0.954241E+02     0.945162E+02     0.941822E+02     0.934016E+02     0.929410E+02     0.922936E+02     0.914189E+02     0.908329E+02     0.900271E+02     0.894232E+02     0.886532E+02     0.882267E+02     0.872860E+02     0.864567E+02     0.859189E+02     0.849694E+02     0.845042E+02     0.841264E+02     0.835076E+02     0.827640E+02     0.826684E+02     0.816152E+02     0.817401E+02     0.811460E+02     0.803695E+02     0.806555E+02     0.792076E+02     0.795671E+02     0.792494E+02     0.779628E+02     0.777204E+02     0.765324E+02     0.754647E+02     0.741943E+02     0.736705E+02     0.712706E+02     0.703178E+02     0.693265E+02     0.678961E+02     0.674446E+02     0.679126E+02     0.673057E+02     0.677908E+02     0.691360E+02     0.687064E+02     0.730059E+02     0.725610E+02     0.727644E+02     0.750512E+02     0.741706E+02     0.746624E+02     0.743352E+02     0.729256E+02     0.712099E+02     0.705515E+02     0.685504E+02     0.671697E+02     0.662974E+02     0.650498E+02     0.646183E+02     0.645748E+02     0.644637E+02     0.642716E+02     0.641295E+02     0.639004E+02     0.634976E+02     0.630297E+02     0.628741E+02     0.627144E+02     0.625639E+02     0.622348E+02     0.618824E+02     0.615948E+02     0.608489E+02     0.606404E+02     0.597372E+02     0.576053E+02     0.572221E+02     0.541230E+02     0.524292E+02     0.507137E+02     0.466008E+02     0.464311E+02     0.452678E+02     0.444306E+02     0.443690E+02     0.444958E+02     0.444339E+02     0.454016E+02     0.465014E+02     0.464531E+02     0.469069E+02     0.468556E+02     0.468371E+02     0.468678E+02     0.468280E+02     0.467720E+02     0.467353E+02     0.466720E+02     0.466396E+02     0.465703E+02     0.100000E+21
 0.390000E+04     0.104796E+03     0.104962E+03     0.104490E+03     0.104364E+03     0.103913E+03     0.103747E+03     0.103425E+03     0.103190E+03     0.102647E+03     0.102090E+03     0.101747E+03     0.101250E+03     0.100992E+03     0.100240E+03     0.999076E+02     0.992945E+02     0.986210E+02     0.983137E+02     0.979985E+02     0.976508E+02     0.970251E+02     0.968293E+02     0.958154E+02     0.957348E+02     0.953892E+02     0.944155E+02     0.941532E+02     0.933254E+02     0.929549E+02     0.923424E+02     0.914339E+02     0.909651E+02     0.900956E+02     0.896083E+02     0.888902E+02     0.884916E+02     0.874585E+02     0.865207E+02     0.860197E+02     0.849545E+02     0.845218E+02     0.839781E+02     0.834559E+02     0.826833E+02     0.825547E+02     0.814253E+02     0.817369E+02     0.812086E+02     0.806405E+02     0.810195E+02     0.794647E+02     0.798435E+02     0.799766E+02     0.786507E+02     0.785273E+02     0.773473E+02     0.763922E+02     0.752025E+02     0.746881E+02     0.718616E+02     0.707722E+02     0.697268E+02     0.680780E+02     0.676487E+02     0.678063E+02     0.672999E+02     0.677480E+02     0.685041E+02     0.680908E+02     0.721844E+02     0.717744E+02     0.725409E+02     0.744831E+02     0.734529E+02     0.745946E+02     0.742841E+02     0.728509E+02     0.717128E+02     0.710924E+02     0.692665E+02     0.676510E+02     0.664203E+02     0.650413E+02     0.645721E+02     0.644539E+02     0.642321E+02     0.640570E+02     0.640811E+02     0.638916E+02     0.635682E+02     0.632493E+02     0.631116E+02     0.630742E+02     0.629331E+02     0.626239E+02     0.624576E+02     0.622005E+02     0.615560E+02     0.614539E+02     0.602577E+02     0.586745E+02     0.584161E+02     0.556698E+02     0.536645E+02     0.509977E+02     0.469468E+02     0.467934E+02     0.456012E+02     0.445331E+02     0.444737E+02     0.449761E+02     0.448589E+02     0.457883E+02     0.467097E+02     0.466659E+02     0.469522E+02     0.469051E+02     0.468743E+02     0.468637E+02     0.468280E+02     0.467720E+02     0.467397E+02     0.466720E+02     0.466443E+02     0.465683E+02     0.100000E+21
 0.392000E+04     0.104822E+03     0.104959E+03     0.104495E+03     0.104364E+03     0.103920E+03     0.103749E+03     0.103425E+03     0.103183E+03     0.102647E+03     0.102103E+03     0.101747E+03     0.101250E+03     0.100988E+03     0.100240E+03     0.998916E+02     0.992930E+02     0.986285E+02     0.983137E+02     0.979985E+02     0.976366E+02     0.970172E+02     0.968157E+02     0.958201E+02     0.957348E+02     0.953799E+02     0.944293E+02     0.941532E+02     0.933364E+02     0.929549E+02     0.923424E+02     0.914510E+02     0.909651E+02     0.901143E+02     0.896070E+02     0.888902E+02     0.884832E+02     0.874585E+02     0.865447E+02     0.860197E+02     0.849623E+02     0.845218E+02     0.839781E+02     0.834324E+02     0.826647E+02     0.825380E+02     0.814253E+02     0.817369E+02     0.811914E+02     0.805895E+02     0.809932E+02     0.794770E+02     0.798938E+02     0.799677E+02     0.786561E+02     0.785273E+02     0.773686E+02     0.763774E+02     0.752025E+02     0.746741E+02     0.718616E+02     0.707984E+02     0.697277E+02     0.680833E+02     0.676487E+02     0.678063E+02     0.672758E+02     0.676796E+02     0.685153E+02     0.680908E+02     0.721844E+02     0.717587E+02     0.724104E+02     0.744672E+02     0.734585E+02     0.745946E+02     0.742767E+02     0.729077E+02     0.717128E+02     0.711013E+02     0.691925E+02     0.676510E+02     0.664659E+02     0.650413E+02     0.645823E+02     0.644556E+02     0.642321E+02     0.640538E+02     0.640811E+02     0.638825E+02     0.635675E+02     0.632522E+02     0.631116E+02     0.630742E+02     0.629271E+02     0.626264E+02     0.624532E+02     0.622005E+02     0.615560E+02     0.614509E+02     0.603394E+02     0.586696E+02     0.584183E+02     0.555252E+02     0.536634E+02     0.511597E+02     0.469468E+02     0.467963E+02     0.455670E+02     0.445331E+02     0.444722E+02     0.449761E+02     0.448617E+02     0.457774E+02     0.467103E+02     0.466659E+02     0.469522E+02     0.469029E+02     0.468710E+02     0.468648E+02     0.468280E+02     0.467720E+02     0.467385E+02     0.466720E+02     0.466430E+02     0.465688E+02     0.100000E+21
 0.394000E+04     0.104900E+03     0.104953E+03     0.104520E+03     0.104383E+03     0.103962E+03     0.103791E+03     0.103471E+03     0.103208E+03     0.102728E+03     0.102223E+03     0.101844E+03     0.101364E+03     0.101089E+03     0.100360E+03     0.999658E+02     0.993949E+02     0.987344E+02     0.983972E+02     0.980012E+02     0.975994E+02     0.969689E+02     0.966844E+02     0.957413E+02     0.955768E+02     0.951943E+02     0.943107E+02     0.940010E+02     0.932167E+02     0.928646E+02     0.922806E+02     0.914875E+02     0.910760E+02     0.902778E+02     0.898257E+02     0.891950E+02     0.887621E+02     0.878190E+02     0.869743E+02     0.863001E+02     0.851666E+02     0.847014E+02     0.838495E+02     0.832374E+02     0.824226E+02     0.821709E+02     0.811062E+02     0.814225E+02     0.808271E+02     0.802008E+02     0.808592E+02     0.794520E+02     0.803321E+02     0.803809E+02     0.793203E+02     0.797071E+02     0.786085E+02     0.779828E+02     0.771310E+02     0.765613E+02     0.742428E+02     0.732546E+02     0.719293E+02     0.701137E+02     0.696621E+02     0.689077E+02     0.683086E+02     0.681381E+02     0.684045E+02     0.679468E+02     0.702596E+02     0.697894E+02     0.698359E+02     0.715085E+02     0.705606E+02     0.720044E+02     0.716641E+02     0.708144E+02     0.703737E+02     0.697879E+02     0.683091E+02     0.673021E+02     0.662686E+02     0.647622E+02     0.643319E+02     0.638201E+02     0.632931E+02     0.631048E+02     0.633504E+02     0.631257E+02     0.631609E+02     0.633113E+02     0.631617E+02     0.629048E+02     0.627406E+02     0.622523E+02     0.615886E+02     0.613481E+02     0.606413E+02     0.605273E+02     0.599351E+02     0.587940E+02     0.585627E+02     0.559619E+02     0.548052E+02     0.526925E+02     0.478939E+02     0.477517E+02     0.461058E+02     0.449461E+02     0.448809E+02     0.452321E+02     0.451259E+02     0.459243E+02     0.467954E+02     0.467489E+02     0.469621E+02     0.469066E+02     0.468685E+02     0.468679E+02     0.468280E+02     0.467720E+02     0.467352E+02     0.466720E+02     0.466395E+02     0.465703E+02     0.100000E+21
 0.396000E+04     0.105060E+03     0.104953E+03     0.104531E+03     0.104383E+03     0.103968E+03     0.103801E+03     0.103471E+03     0.103206E+03     0.102728E+03     0.102255E+03     0.101843E+03     0.101364E+03     0.101090E+03     0.100360E+03     0.999101E+02     0.993925E+02     0.987345E+02     0.983972E+02     0.980012E+02     0.975818E+02     0.969426E+02     0.966682E+02     0.957396E+02     0.955768E+02     0.951929E+02     0.943539E+02     0.940010E+02     0.932202E+02     0.928765E+02     0.922806E+02     0.914988E+02     0.910760E+02     0.903070E+02     0.898286E+02     0.891950E+02     0.887632E+02     0.878190E+02     0.870696E+02     0.863047E+02     0.851647E+02     0.847014E+02     0.838495E+02     0.831919E+02     0.823685E+02     0.821617E+02     0.811062E+02     0.814225E+02     0.808182E+02     0.799065E+02     0.807928E+02     0.794520E+02     0.807195E+02     0.803832E+02     0.792977E+02     0.797071E+02     0.786291E+02     0.779840E+02     0.771310E+02     0.765590E+02     0.742428E+02     0.733310E+02     0.719324E+02     0.701115E+02     0.696621E+02     0.689077E+02     0.682386E+02     0.680063E+02     0.684064E+02     0.679468E+02     0.702596E+02     0.697743E+02     0.692513E+02     0.714837E+02     0.705591E+02     0.720044E+02     0.716641E+02     0.708612E+02     0.703737E+02     0.697924E+02     0.681264E+02     0.673021E+02     0.662929E+02     0.647622E+02     0.643516E+02     0.638112E+02     0.632931E+02     0.631056E+02     0.633504E+02     0.630896E+02     0.631296E+02     0.633109E+02     0.631617E+02     0.629048E+02     0.627311E+02     0.623611E+02     0.615848E+02     0.613481E+02     0.606413E+02     0.605263E+02     0.601214E+02     0.587785E+02     0.585631E+02     0.553861E+02     0.548056E+02     0.528907E+02     0.478939E+02     0.477553E+02     0.459855E+02     0.449461E+02     0.448809E+02     0.452321E+02     0.451357E+02     0.458998E+02     0.467952E+02     0.467489E+02     0.469621E+02     0.469014E+02     0.468575E+02     0.468683E+02     0.468280E+02     0.467720E+02     0.467344E+02     0.466720E+02     0.466369E+02     0.465702E+02     0.100000E+21
 0.398000E+04     0.104883E+03     0.104959E+03     0.104524E+03     0.104392E+03     0.103970E+03     0.103804E+03     0.103491E+03     0.103229E+03     0.102767E+03     0.102254E+03     0.101898E+03     0.101435E+03     0.101160E+03     0.100448E+03     0.100059E+03     0.994801E+02     0.988179E+02     0.984832E+02     0.980549E+02     0.976582E+02     0.970121E+02     0.967043E+02     0.957565E+02     0.955546E+02     0.951726E+02     0.942708E+02     0.939491E+02     0.931598E+02     0.928029E+02     0.922123E+02     0.914277E+02     0.910434E+02     0.902370E+02     0.898415E+02     0.892541E+02     0.888217E+02     0.879763E+02     0.871113E+02     0.864703E+02     0.853594E+02     0.848966E+02     0.839724E+02     0.833682E+02     0.825117E+02     0.821857E+02     0.811171E+02     0.813246E+02     0.807299E+02     0.801256E+02     0.807065E+02     0.792750E+02     0.801322E+02     0.802340E+02     0.792540E+02     0.797869E+02     0.786844E+02     0.783326E+02     0.776948E+02     0.771172E+02     0.752576E+02     0.742316E+02     0.730768E+02     0.714280E+02     0.709769E+02     0.698873E+02     0.692638E+02     0.688717E+02     0.687342E+02     0.682848E+02     0.698621E+02     0.693926E+02     0.693107E+02     0.704583E+02     0.694589E+02     0.706110E+02     0.701819E+02     0.694356E+02     0.691232E+02     0.684746E+02     0.673777E+02     0.664665E+02     0.655364E+02     0.642573E+02     0.638218E+02     0.633176E+02     0.627789E+02     0.625947E+02     0.628597E+02     0.626611E+02     0.626932E+02     0.628386E+02     0.626842E+02     0.623179E+02     0.621638E+02     0.615712E+02     0.607305E+02     0.604605E+02     0.597242E+02     0.595678E+02     0.590447E+02     0.580526E+02     0.577801E+02     0.556839E+02     0.546281E+02     0.527489E+02     0.486113E+02     0.484865E+02     0.469086E+02     0.457922E+02     0.457148E+02     0.453505E+02     0.452388E+02     0.459698E+02     0.467458E+02     0.466992E+02     0.469511E+02     0.468970E+02     0.468640E+02     0.468677E+02     0.468280E+02     0.467720E+02     0.467356E+02     0.466720E+02     0.466401E+02     0.465702E+02     0.100000E+21
 0.400000E+04     0.104817E+03     0.104976E+03     0.104517E+03     0.104403E+03     0.103956E+03     0.103814E+03     0.103512E+03     0.103273E+03     0.102813E+03     0.102262E+03     0.101961E+03     0.101510E+03     0.101250E+03     0.100549E+03     0.100209E+03     0.995808E+02     0.988853E+02     0.985744E+02     0.981174E+02     0.977631E+02     0.970678E+02     0.967617E+02     0.957563E+02     0.955276E+02     0.951775E+02     0.941919E+02     0.938859E+02     0.930633E+02     0.927252E+02     0.921394E+02     0.913278E+02     0.910037E+02     0.901429E+02     0.898533E+02     0.893168E+02     0.889142E+02     0.881584E+02     0.872315E+02     0.866638E+02     0.855403E+02     0.851039E+02     0.841136E+02     0.835805E+02     0.826291E+02     0.822503E+02     0.811287E+02     0.812074E+02     0.806710E+02     0.801271E+02     0.805792E+02     0.790422E+02     0.797754E+02     0.801063E+02     0.792394E+02     0.798849E+02     0.787147E+02     0.787065E+02     0.782930E+02     0.777720E+02     0.764533E+02     0.753758E+02     0.743887E+02     0.728126E+02     0.723807E+02     0.710085E+02     0.704912E+02     0.697547E+02     0.690621E+02     0.686435E+02     0.693956E+02     0.689782E+02     0.687381E+02     0.692739E+02     0.682537E+02     0.689033E+02     0.685893E+02     0.677719E+02     0.675918E+02     0.669756E+02     0.662921E+02     0.655771E+02     0.646188E+02     0.636503E+02     0.631858E+02     0.627463E+02     0.622326E+02     0.620560E+02     0.622948E+02     0.621012E+02     0.621752E+02     0.623167E+02     0.621776E+02     0.616400E+02     0.614962E+02     0.606754E+02     0.597680E+02     0.595130E+02     0.586154E+02     0.585119E+02     0.578997E+02     0.571678E+02     0.569126E+02     0.554560E+02     0.544422E+02     0.525006E+02     0.494880E+02     0.493360E+02     0.479175E+02     0.466895E+02     0.466293E+02     0.454887E+02     0.453728E+02     0.460377E+02     0.466903E+02     0.466462E+02     0.469385E+02     0.468904E+02     0.468650E+02     0.468642E+02     0.468280E+02     0.467720E+02     0.467391E+02     0.466720E+02     0.466437E+02     0.465685E+02     0.100000E+21
 0.402000E+04     0.104808E+03     0.104977E+03     0.104515E+03     0.104403E+03     0.103953E+03     0.103813E+03     0.103512E+03     0.103276E+03     0.102813E+03     0.102257E+03     0.101961E+03     0.101510E+03     0.101251E+03     0.100549E+03     0.100214E+03     0.995809E+02     0.988827E+02     0.985744E+02     0.981174E+02     0.977678E+02     0.970685E+02     0.967662E+02     0.957547E+02     0.955276E+02     0.951806E+02     0.941867E+02     0.938859E+02     0.930596E+02     0.927246E+02     0.921394E+02     0.913239E+02     0.910037E+02     0.901367E+02     0.898522E+02     0.893168E+02     0.889170E+02     0.881584E+02     0.872237E+02     0.866635E+02     0.855376E+02     0.851039E+02     0.841136E+02     0.835883E+02     0.826312E+02     0.822559E+02     0.811287E+02     0.812074E+02     0.806768E+02     0.801447E+02     0.805879E+02     0.790380E+02     0.797533E+02     0.801094E+02     0.792485E+02     0.798849E+02     0.787076E+02     0.786999E+02     0.782930E+02     0.777767E+02     0.764533E+02     0.753672E+02     0.743884E+02     0.728108E+02     0.723807E+02     0.710085E+02     0.704991E+02     0.697582E+02     0.690583E+02     0.686435E+02     0.693956E+02     0.689834E+02     0.687542E+02     0.692792E+02     0.682518E+02     0.689033E+02     0.685918E+02     0.677690E+02     0.675918E+02     0.669726E+02     0.662982E+02     0.655771E+02     0.646083E+02     0.636503E+02     0.631824E+02     0.627473E+02     0.622326E+02     0.620571E+02     0.622948E+02     0.621041E+02     0.621793E+02     0.623157E+02     0.621776E+02     0.616400E+02     0.614982E+02     0.606624E+02     0.597695E+02     0.595130E+02     0.586154E+02     0.585130E+02     0.578886E+02     0.571694E+02     0.569119E+02     0.554794E+02     0.544426E+02     0.524613E+02     0.494880E+02     0.493350E+02     0.479306E+02     0.466895E+02     0.466298E+02     0.454887E+02     0.453719E+02     0.460403E+02     0.466901E+02     0.466462E+02     0.469385E+02     0.468911E+02     0.468662E+02     0.468638E+02     0.468280E+02     0.467720E+02     0.467395E+02     0.466720E+02     0.466441E+02     0.465684E+02     0.100000E+21
 0.404000E+04     0.104879E+03     0.104955E+03     0.104522E+03     0.104395E+03     0.103971E+03     0.103819E+03     0.103512E+03     0.103251E+03     0.102852E+03     0.102339E+03     0.102035E+03     0.101618E+03     0.101343E+03     0.100715E+03     0.100331E+03     0.997509E+02     0.990896E+02     0.987537E+02     0.982755E+02     0.978793E+02     0.972113E+02     0.968522E+02     0.959033E+02     0.956173E+02     0.952367E+02     0.943009E+02     0.939002E+02     0.931132E+02     0.926778E+02     0.920527E+02     0.912649E+02     0.908800E+02     0.900734E+02     0.898216E+02     0.893405E+02     0.889089E+02     0.884979E+02     0.876379E+02     0.871230E+02     0.861675E+02     0.857034E+02     0.847379E+02     0.841376E+02     0.831442E+02     0.825568E+02     0.814875E+02     0.811379E+02     0.805471E+02     0.797780E+02     0.799690E+02     0.785441E+02     0.791940E+02     0.792204E+02     0.783461E+02     0.791612E+02     0.780552E+02     0.784504E+02     0.782564E+02     0.776895E+02     0.774188E+02     0.764150E+02     0.757601E+02     0.746132E+02     0.741621E+02     0.727811E+02     0.721962E+02     0.711047E+02     0.698444E+02     0.693889E+02     0.689433E+02     0.684786E+02     0.677973E+02     0.676177E+02     0.666619E+02     0.665250E+02     0.661860E+02     0.652938E+02     0.647905E+02     0.642023E+02     0.637110E+02     0.631921E+02     0.625558E+02     0.620015E+02     0.615660E+02     0.613443E+02     0.610544E+02     0.608665E+02     0.611863E+02     0.609673E+02     0.608296E+02     0.607370E+02     0.605879E+02     0.597459E+02     0.595844E+02     0.587840E+02     0.575656E+02     0.573237E+02     0.559926E+02     0.558794E+02     0.553685E+02     0.545434E+02     0.543085E+02     0.532874E+02     0.527570E+02     0.518748E+02     0.502087E+02     0.500653E+02     0.488329E+02     0.479158E+02     0.478508E+02     0.463202E+02     0.462122E+02     0.465348E+02     0.468585E+02     0.468120E+02     0.470341E+02     0.469798E+02     0.469164E+02     0.468676E+02     0.468280E+02     0.467720E+02     0.467356E+02     0.466720E+02     0.466402E+02     0.465702E+02     0.100000E+21
 0.406000E+04     0.104973E+03     0.104956E+03     0.104530E+03     0.104395E+03     0.103975E+03     0.103829E+03     0.103512E+03     0.103250E+03     0.102852E+03     0.102363E+03     0.102036E+03     0.101618E+03     0.101345E+03     0.100715E+03     0.100295E+03     0.997489E+02     0.990880E+02     0.987537E+02     0.982755E+02     0.978657E+02     0.972068E+02     0.968395E+02     0.959005E+02     0.956173E+02     0.952373E+02     0.943446E+02     0.939002E+02     0.931144E+02     0.926744E+02     0.920527E+02     0.912727E+02     0.908800E+02     0.900961E+02     0.898337E+02     0.893405E+02     0.889119E+02     0.884979E+02     0.876942E+02     0.871199E+02     0.861637E+02     0.857034E+02     0.847379E+02     0.841026E+02     0.831472E+02     0.825512E+02     0.814875E+02     0.811379E+02     0.805421E+02     0.796545E+02     0.799163E+02     0.785414E+02     0.794043E+02     0.792248E+02     0.783070E+02     0.791612E+02     0.780705E+02     0.785391E+02     0.782564E+02     0.776902E+02     0.774188E+02     0.764683E+02     0.757602E+02     0.746096E+02     0.741621E+02     0.727811E+02     0.721474E+02     0.711358E+02     0.698438E+02     0.693889E+02     0.689433E+02     0.684673E+02     0.677558E+02     0.675976E+02     0.666592E+02     0.665250E+02     0.661877E+02     0.653373E+02     0.647905E+02     0.642049E+02     0.636872E+02     0.631921E+02     0.625612E+02     0.620015E+02     0.615812E+02     0.613456E+02     0.610544E+02     0.608681E+02     0.611863E+02     0.609460E+02     0.608158E+02     0.607360E+02     0.605879E+02     0.597459E+02     0.595771E+02     0.589509E+02     0.575628E+02     0.573237E+02     0.559926E+02     0.558791E+02     0.554637E+02     0.545316E+02     0.543083E+02     0.531359E+02     0.527577E+02     0.519296E+02     0.502087E+02     0.500681E+02     0.487551E+02     0.479158E+02     0.478511E+02     0.463202E+02     0.462186E+02     0.465252E+02     0.468581E+02     0.468120E+02     0.470341E+02     0.469759E+02     0.469127E+02     0.468678E+02     0.468280E+02     0.467720E+02     0.467350E+02     0.466720E+02     0.466381E+02     0.465700E+02     0.100000E+21
 0.408000E+04     0.104936E+03     0.104931E+03     0.104509E+03     0.104378E+03     0.103952E+03     0.103804E+03     0.103480E+03     0.103218E+03     0.102832E+03     0.102341E+03     0.102020E+03     0.101608E+03     0.101333E+03     0.100723E+03     0.100308E+03     0.997593E+02     0.991082E+02     0.987705E+02     0.982936E+02     0.978832E+02     0.972266E+02     0.968729E+02     0.959446E+02     0.956561E+02     0.952897E+02     0.943755E+02     0.939409E+02     0.931771E+02     0.927059E+02     0.920862E+02     0.912918E+02     0.908774E+02     0.900918E+02     0.898372E+02     0.893605E+02     0.889251E+02     0.886091E+02     0.877595E+02     0.872902E+02     0.864442E+02     0.859866E+02     0.850198E+02     0.843446E+02     0.833528E+02     0.827642E+02     0.817361E+02     0.811650E+02     0.805704E+02     0.796495E+02     0.797561E+02     0.783193E+02     0.790946E+02     0.787163E+02     0.778708E+02     0.787754E+02     0.775447E+02     0.780599E+02     0.777050E+02     0.771767E+02     0.772716E+02     0.763378E+02     0.757577E+02     0.748047E+02     0.743525E+02     0.730892E+02     0.723829E+02     0.713587E+02     0.700634E+02     0.696217E+02     0.688530E+02     0.683689E+02     0.676219E+02     0.672495E+02     0.662282E+02     0.661495E+02     0.655944E+02     0.648427E+02     0.643105E+02     0.635132E+02     0.631546E+02     0.624313E+02     0.619810E+02     0.616619E+02     0.612321E+02     0.609788E+02     0.606599E+02     0.604833E+02     0.607352E+02     0.606419E+02     0.602899E+02     0.599821E+02     0.597948E+02     0.589927E+02     0.588915E+02     0.583118E+02     0.568067E+02     0.564403E+02     0.553796E+02     0.550390E+02     0.548735E+02     0.539832E+02     0.535475E+02     0.527400E+02     0.521418E+02     0.515672E+02     0.501383E+02     0.499790E+02     0.487182E+02     0.478703E+02     0.478077E+02     0.465393E+02     0.463803E+02     0.466890E+02     0.469573E+02     0.469122E+02     0.470482E+02     0.469876E+02     0.469209E+02     0.468682E+02     0.468280E+02     0.467720E+02     0.467348E+02     0.466720E+02     0.466385E+02     0.465704E+02     0.100000E+21
 0.410000E+04     0.104812E+03     0.104907E+03     0.104455E+03     0.104329E+03     0.103891E+03     0.103744E+03     0.103437E+03     0.103190E+03     0.102788E+03     0.102255E+03     0.101993E+03     0.101596E+03     0.101331E+03     0.100736E+03     0.100375E+03     0.997803E+02     0.991117E+02     0.987919E+02     0.983281E+02     0.979556E+02     0.972800E+02     0.969678E+02     0.959854E+02     0.957591E+02     0.953978E+02     0.944214E+02     0.940471E+02     0.932381E+02     0.927822E+02     0.921299E+02     0.912910E+02     0.908709E+02     0.900342E+02     0.898365E+02     0.893860E+02     0.889734E+02     0.888148E+02     0.879200E+02     0.875931E+02     0.867959E+02     0.863501E+02     0.855188E+02     0.849550E+02     0.838439E+02     0.831586E+02     0.820577E+02     0.812270E+02     0.806693E+02     0.796941E+02     0.794470E+02     0.779600E+02     0.781681E+02     0.780605E+02     0.771112E+02     0.776784E+02     0.765351E+02     0.770622E+02     0.770007E+02     0.764628E+02     0.769706E+02     0.759280E+02     0.757525E+02     0.750400E+02     0.746019E+02     0.736245E+02     0.730751E+02     0.718070E+02     0.703513E+02     0.699191E+02     0.686731E+02     0.682359E+02     0.672764E+02     0.666170E+02     0.656240E+02     0.650966E+02     0.647737E+02     0.637088E+02     0.629789E+02     0.623737E+02     0.619489E+02     0.614471E+02     0.609866E+02     0.608608E+02     0.604096E+02     0.603307E+02     0.601534E+02     0.599730E+02     0.599283E+02     0.597226E+02     0.593357E+02     0.589241E+02     0.587815E+02     0.576218E+02     0.574701E+02     0.566368E+02     0.555339E+02     0.552844E+02     0.538664E+02     0.537592E+02     0.532816E+02     0.526634E+02     0.524176E+02     0.517390E+02     0.513279E+02     0.507418E+02     0.499468E+02     0.497985E+02     0.486971E+02     0.478124E+02     0.477506E+02     0.469627E+02     0.468506E+02     0.469851E+02     0.470867E+02     0.470418E+02     0.470729E+02     0.470219E+02     0.469413E+02     0.468655E+02     0.468280E+02     0.467720E+02     0.467377E+02     0.466720E+02     0.466420E+02     0.465691E+02     0.100000E+21
 0.412000E+04     0.104768E+03     0.104912E+03     0.104446E+03     0.104329E+03     0.103878E+03     0.103738E+03     0.103437E+03     0.103202E+03     0.102788E+03     0.102232E+03     0.101993E+03     0.101596E+03     0.101338E+03     0.100736E+03     0.100403E+03     0.997823E+02     0.990998E+02     0.987919E+02     0.983281E+02     0.979794E+02     0.972846E+02     0.969905E+02     0.959779E+02     0.957591E+02     0.954128E+02     0.943900E+02     0.940471E+02     0.932201E+02     0.927877E+02     0.921299E+02     0.912672E+02     0.908709E+02     0.900027E+02     0.898260E+02     0.893860E+02     0.889868E+02     0.888148E+02     0.878786E+02     0.876012E+02     0.867834E+02     0.863501E+02     0.855188E+02     0.849949E+02     0.838317E+02     0.831860E+02     0.820577E+02     0.812270E+02     0.806975E+02     0.797236E+02     0.794924E+02     0.779402E+02     0.781003E+02     0.780748E+02     0.771499E+02     0.776784E+02     0.764998E+02     0.769933E+02     0.770007E+02     0.764853E+02     0.769706E+02     0.758829E+02     0.757539E+02     0.750316E+02     0.746019E+02     0.736245E+02     0.731165E+02     0.717743E+02     0.703333E+02     0.699191E+02     0.686731E+02     0.682619E+02     0.672521E+02     0.666438E+02     0.656151E+02     0.650966E+02     0.647856E+02     0.636512E+02     0.629789E+02     0.623591E+02     0.619596E+02     0.614471E+02     0.609802E+02     0.608608E+02     0.603923E+02     0.603263E+02     0.601534E+02     0.599781E+02     0.599283E+02     0.597382E+02     0.593325E+02     0.589195E+02     0.587815E+02     0.576218E+02     0.574804E+02     0.565529E+02     0.555411E+02     0.552844E+02     0.538664E+02     0.537642E+02     0.532364E+02     0.526719E+02     0.524140E+02     0.517912E+02     0.513296E+02     0.506921E+02     0.499468E+02     0.497936E+02     0.487495E+02     0.478124E+02     0.477529E+02     0.469627E+02     0.468457E+02     0.469890E+02     0.470856E+02     0.470418E+02     0.470729E+02     0.470257E+02     0.469418E+02     0.468638E+02     0.468280E+02     0.467720E+02     0.467396E+02     0.466720E+02     0.466442E+02     0.465683E+02     0.100000E+21
 0.414000E+04     0.104814E+03     0.104797E+03     0.104362E+03     0.104208E+03     0.103789E+03     0.103614E+03     0.103288E+03     0.103024E+03     0.102616E+03     0.102120E+03     0.101818E+03     0.101417E+03     0.101141E+03     0.100553E+03     0.100145E+03     0.995916E+02     0.989403E+02     0.986018E+02     0.981545E+02     0.977460E+02     0.971166E+02     0.968333E+02     0.958966E+02     0.957823E+02     0.953979E+02     0.945273E+02     0.942031E+02     0.934215E+02     0.929737E+02     0.923487E+02     0.915342E+02     0.910521E+02     0.902641E+02     0.900062E+02     0.895213E+02     0.890871E+02     0.890490E+02     0.882261E+02     0.879116E+02     0.872702E+02     0.868040E+02     0.861103E+02     0.854834E+02     0.844276E+02     0.836138E+02     0.825541E+02     0.813279E+02     0.807274E+02     0.795981E+02     0.788549E+02     0.774695E+02     0.772153E+02     0.767809E+02     0.756328E+02     0.758057E+02     0.747157E+02     0.751651E+02     0.749263E+02     0.743537E+02     0.752568E+02     0.742896E+02     0.744444E+02     0.741655E+02     0.737134E+02     0.736255E+02     0.730070E+02     0.719107E+02     0.705298E+02     0.700697E+02     0.681934E+02     0.677169E+02     0.667649E+02     0.657839E+02     0.648450E+02     0.643689E+02     0.640273E+02     0.630556E+02     0.621918E+02     0.616085E+02     0.609403E+02     0.603657E+02     0.600448E+02     0.602249E+02     0.598010E+02     0.595756E+02     0.592906E+02     0.591020E+02     0.587060E+02     0.584731E+02     0.578099E+02     0.569519E+02     0.568019E+02     0.553970E+02     0.552295E+02     0.546381E+02     0.535919E+02     0.533531E+02     0.523330E+02     0.522183E+02     0.519129E+02     0.514906E+02     0.512641E+02     0.506659E+02     0.504077E+02     0.500765E+02     0.496788E+02     0.495379E+02     0.486767E+02     0.480761E+02     0.480106E+02     0.475529E+02     0.474492E+02     0.473437E+02     0.471921E+02     0.471455E+02     0.470810E+02     0.470239E+02     0.469459E+02     0.468682E+02     0.468280E+02     0.467720E+02     0.467349E+02     0.466720E+02     0.466387E+02     0.465704E+02     0.100000E+21
 0.416000E+04     0.104763E+03     0.104803E+03     0.104351E+03     0.104208E+03     0.103775E+03     0.103608E+03     0.103288E+03     0.103037E+03     0.102616E+03     0.102092E+03     0.101818E+03     0.101417E+03     0.101150E+03     0.100553E+03     0.100181E+03     0.995935E+02     0.989256E+02     0.986018E+02     0.981545E+02     0.977732E+02     0.971283E+02     0.968581E+02     0.958866E+02     0.957823E+02     0.954160E+02     0.944988E+02     0.942031E+02     0.934002E+02     0.929765E+02     0.923487E+02     0.915061E+02     0.910521E+02     0.902275E+02     0.899965E+02     0.895213E+02     0.891043E+02     0.890490E+02     0.881715E+02     0.879234E+02     0.872538E+02     0.868040E+02     0.861103E+02     0.855309E+02     0.844068E+02     0.836454E+02     0.825541E+02     0.813279E+02     0.807603E+02     0.795881E+02     0.789067E+02     0.774448E+02     0.771821E+02     0.767996E+02     0.756444E+02     0.758057E+02     0.746753E+02     0.750985E+02     0.749263E+02     0.743809E+02     0.752568E+02     0.742327E+02     0.744470E+02     0.741541E+02     0.737134E+02     0.736255E+02     0.730593E+02     0.718811E+02     0.705079E+02     0.700697E+02     0.681934E+02     0.677467E+02     0.667066E+02     0.658131E+02     0.648333E+02     0.643689E+02     0.640421E+02     0.629863E+02     0.621918E+02     0.615916E+02     0.609700E+02     0.603657E+02     0.600547E+02     0.602249E+02     0.597805E+02     0.595745E+02     0.592906E+02     0.591086E+02     0.587060E+02     0.584938E+02     0.577876E+02     0.569460E+02     0.568019E+02     0.553970E+02     0.552414E+02     0.545510E+02     0.536000E+02     0.533531E+02     0.523330E+02     0.522242E+02     0.518836E+02     0.515007E+02     0.512597E+02     0.507166E+02     0.504100E+02     0.500516E+02     0.496788E+02     0.495323E+02     0.487150E+02     0.480761E+02     0.480135E+02     0.475529E+02     0.474429E+02     0.473431E+02     0.471906E+02     0.471455E+02     0.470810E+02     0.470285E+02     0.469461E+02     0.468661E+02     0.468280E+02     0.467720E+02     0.467370E+02     0.466720E+02     0.466411E+02     0.465694E+02     0.100000E+21
 0.418000E+04     0.104939E+03     0.104755E+03     0.104341E+03     0.104202E+03     0.103752E+03     0.103584E+03     0.103221E+03     0.102964E+03     0.102567E+03     0.102104E+03     0.101745E+03     0.101310E+03     0.101037E+03     0.100457E+03     0.100069E+03     0.994986E+02     0.988087E+02     0.984560E+02     0.980520E+02     0.976343E+02     0.970578E+02     0.967314E+02     0.957737E+02     0.957612E+02     0.953372E+02     0.945435E+02     0.942119E+02     0.934454E+02     0.930006E+02     0.924559E+02     0.916350E+02     0.911041E+02     0.903655E+02     0.900996E+02     0.896257E+02     0.891841E+02     0.891029E+02     0.883234E+02     0.879667E+02     0.873655E+02     0.869039E+02     0.862206E+02     0.855316E+02     0.845218E+02     0.837163E+02     0.826862E+02     0.813403E+02     0.807409E+02     0.796007E+02     0.787104E+02     0.772996E+02     0.772183E+02     0.763251E+02     0.752263E+02     0.757028E+02     0.741659E+02     0.746557E+02     0.739382E+02     0.734787E+02     0.745836E+02     0.739745E+02     0.736404E+02     0.731483E+02     0.726967E+02     0.729009E+02     0.726244E+02     0.713904E+02     0.698283E+02     0.692728E+02     0.678325E+02     0.672984E+02     0.668381E+02     0.655519E+02     0.645380E+02     0.643837E+02     0.640984E+02     0.632013E+02     0.622614E+02     0.618490E+02     0.610521E+02     0.606455E+02     0.601771E+02     0.602141E+02     0.598024E+02     0.593948E+02     0.588383E+02     0.586697E+02     0.581649E+02     0.583599E+02     0.572512E+02     0.561089E+02     0.558979E+02     0.547013E+02     0.546365E+02     0.544246E+02     0.529647E+02     0.525615E+02     0.519766E+02     0.515020E+02     0.516893E+02     0.512127E+02     0.507468E+02     0.504374E+02     0.500674E+02     0.498721E+02     0.496243E+02     0.494026E+02     0.486038E+02     0.481461E+02     0.480741E+02     0.476277E+02     0.474829E+02     0.473862E+02     0.471900E+02     0.471434E+02     0.470682E+02     0.470127E+02     0.469406E+02     0.468685E+02     0.468280E+02     0.467720E+02     0.467343E+02     0.466720E+02     0.466371E+02     0.465704E+02     0.100000E+21
 0.420000E+04     0.104724E+03     0.104690E+03     0.104245E+03     0.104077E+03     0.103653E+03     0.103458E+03     0.103121E+03     0.102862E+03     0.102400E+03     0.101898E+03     0.101575E+03     0.101149E+03     0.100878E+03     0.100235E+03     0.998346E+02     0.992578E+02     0.985737E+02     0.982418E+02     0.977849E+02     0.973845E+02     0.967636E+02     0.965275E+02     0.955785E+02     0.956175E+02     0.952407E+02     0.944148E+02     0.942638E+02     0.934736E+02     0.931833E+02     0.926192E+02     0.918147E+02     0.913876E+02     0.905896E+02     0.902956E+02     0.897794E+02     0.893531E+02     0.892375E+02     0.884031E+02     0.881278E+02     0.875104E+02     0.870520E+02     0.864786E+02     0.858635E+02     0.847815E+02     0.839557E+02     0.828842E+02     0.813876E+02     0.807996E+02     0.795277E+02     0.784012E+02     0.769944E+02     0.762129E+02     0.756068E+02     0.742473E+02     0.738912E+02     0.727882E+02     0.729070E+02     0.724829E+02     0.719218E+02     0.725734E+02     0.715938E+02     0.718191E+02     0.715933E+02     0.711468E+02     0.712536E+02     0.706466E+02     0.696776E+02     0.685501E+02     0.680992E+02     0.668038E+02     0.663370E+02     0.655171E+02     0.649953E+02     0.640432E+02     0.645638E+02     0.642287E+02     0.633739E+02     0.629090E+02     0.623194E+02     0.616490E+02     0.610648E+02     0.605166E+02     0.601693E+02     0.597402E+02     0.589322E+02     0.581672E+02     0.579817E+02     0.568794E+02     0.566507E+02     0.558124E+02     0.547133E+02     0.545660E+02     0.530030E+02     0.528388E+02     0.523451E+02     0.515982E+02     0.513566E+02     0.502617E+02     0.501494E+02     0.499921E+02     0.500464E+02     0.498162E+02     0.496466E+02     0.495398E+02     0.493049E+02     0.491716E+02     0.490291E+02     0.485869E+02     0.482491E+02     0.481849E+02     0.478290E+02     0.477239E+02     0.474887E+02     0.471863E+02     0.471403E+02     0.470391E+02     0.469831E+02     0.469179E+02     0.468673E+02     0.468280E+02     0.467720E+02     0.467356E+02     0.466720E+02     0.466392E+02     0.465699E+02     0.100000E+21
 0.422000E+04     0.104656E+03     0.104698E+03     0.104224E+03     0.104077E+03     0.103632E+03     0.103452E+03     0.103121E+03     0.102880E+03     0.102400E+03     0.101854E+03     0.101575E+03     0.101149E+03     0.100887E+03     0.100235E+03     0.998898E+02     0.992587E+02     0.985552E+02     0.982418E+02     0.977849E+02     0.974257E+02     0.967900E+02     0.965659E+02     0.955670E+02     0.956175E+02     0.952642E+02     0.943925E+02     0.942638E+02     0.934451E+02     0.931645E+02     0.926192E+02     0.917771E+02     0.913876E+02     0.905333E+02     0.902808E+02     0.897794E+02     0.893739E+02     0.892375E+02     0.883191E+02     0.881517E+02     0.874911E+02     0.870520E+02     0.864786E+02     0.859373E+02     0.847419E+02     0.840000E+02     0.828842E+02     0.813876E+02     0.808452E+02     0.794448E+02     0.784870E+02     0.769636E+02     0.762517E+02     0.756287E+02     0.742081E+02     0.738912E+02     0.727286E+02     0.728235E+02     0.724829E+02     0.719571E+02     0.725734E+02     0.715052E+02     0.718245E+02     0.715805E+02     0.711468E+02     0.712536E+02     0.707277E+02     0.696550E+02     0.685217E+02     0.680992E+02     0.668038E+02     0.663810E+02     0.655003E+02     0.650421E+02     0.640295E+02     0.645638E+02     0.642472E+02     0.633111E+02     0.629090E+02     0.622959E+02     0.617024E+02     0.610648E+02     0.604894E+02     0.601693E+02     0.597084E+02     0.589577E+02     0.581672E+02     0.579895E+02     0.568794E+02     0.566825E+02     0.557520E+02     0.547061E+02     0.545660E+02     0.530030E+02     0.528571E+02     0.522453E+02     0.516101E+02     0.513566E+02     0.502617E+02     0.501572E+02     0.500188E+02     0.500631E+02     0.498105E+02     0.496597E+02     0.495425E+02     0.492918E+02     0.491716E+02     0.490206E+02     0.486198E+02     0.482491E+02     0.481885E+02     0.478290E+02     0.477142E+02     0.474825E+02     0.471846E+02     0.471403E+02     0.470391E+02     0.469903E+02     0.469220E+02     0.468646E+02     0.468280E+02     0.467720E+02     0.467387E+02     0.466720E+02     0.466432E+02     0.465687E+02     0.100000E+21
 0.424000E+04     0.104759E+03     0.104628E+03     0.104182E+03     0.103966E+03     0.103584E+03     0.103355E+03     0.103032E+03     0.102756E+03     0.102239E+03     0.101757E+03     0.101402E+03     0.100977E+03     0.100699E+03     0.999767E+02     0.994406E+02     0.989700E+02     0.982996E+02     0.979765E+02     0.974258E+02     0.970022E+02     0.962843E+02     0.961588E+02     0.952808E+02     0.952728E+02     0.949786E+02     0.941339E+02     0.941342E+02     0.933867E+02     0.932818E+02     0.927026E+02     0.919499E+02     0.916404E+02     0.908444E+02     0.904842E+02     0.899166E+02     0.894880E+02     0.892830E+02     0.885712E+02     0.881471E+02     0.875275E+02     0.870608E+02     0.865432E+02     0.858929E+02     0.849013E+02     0.840632E+02     0.829970E+02     0.814912E+02     0.808677E+02     0.797319E+02     0.782229E+02     0.769069E+02     0.755375E+02     0.751745E+02     0.736746E+02     0.725881E+02     0.718574E+02     0.716125E+02     0.712974E+02     0.706273E+02     0.707377E+02     0.695473E+02     0.699852E+02     0.698865E+02     0.694346E+02     0.690853E+02     0.678791E+02     0.673401E+02     0.665220E+02     0.662098E+02     0.647597E+02     0.643678E+02     0.629210E+02     0.637809E+02     0.630434E+02     0.644492E+02     0.641437E+02     0.634789E+02     0.640899E+02     0.631979E+02     0.627307E+02     0.619289E+02     0.613861E+02     0.607746E+02     0.603484E+02     0.589668E+02     0.579160E+02     0.577197E+02     0.557164E+02     0.550040E+02     0.547504E+02     0.539037E+02     0.537889E+02     0.522152E+02     0.519893E+02     0.515287E+02     0.510163E+02     0.508503E+02     0.491838E+02     0.492967E+02     0.488429E+02     0.488772E+02     0.489104E+02     0.486962E+02     0.489109E+02     0.485881E+02     0.482823E+02     0.483114E+02     0.481059E+02     0.479672E+02     0.478840E+02     0.473711E+02     0.471599E+02     0.471316E+02     0.469572E+02     0.469139E+02     0.469556E+02     0.468794E+02     0.468417E+02     0.468685E+02     0.468280E+02     0.467720E+02     0.467343E+02     0.466720E+02     0.466370E+02     0.465704E+02     0.100000E+21
 0.426000E+04     0.104596E+03     0.104603E+03     0.104122E+03     0.103963E+03     0.103518E+03     0.103317E+03     0.102971E+03     0.102730E+03     0.102192E+03     0.101645E+03     0.101326E+03     0.100861E+03     0.100600E+03     0.998626E+02     0.995172E+02     0.988527E+02     0.981074E+02     0.977940E+02     0.972857E+02     0.969264E+02     0.962906E+02     0.960663E+02     0.950674E+02     0.952224E+02     0.948692E+02     0.940864E+02     0.941123E+02     0.932936E+02     0.931860E+02     0.927580E+02     0.919737E+02     0.916869E+02     0.908326E+02     0.905436E+02     0.900108E+02     0.896053E+02     0.893015E+02     0.883830E+02     0.881926E+02     0.875060E+02     0.870669E+02     0.865713E+02     0.860300E+02     0.848740E+02     0.841888E+02     0.830731E+02     0.815187E+02     0.809763E+02     0.794676E+02     0.783276E+02     0.768041E+02     0.757662E+02     0.749371E+02     0.732750E+02     0.725292E+02     0.713665E+02     0.711024E+02     0.704832E+02     0.699574E+02     0.701138E+02     0.690456E+02     0.691715E+02     0.687318E+02     0.682982E+02     0.681157E+02     0.675899E+02     0.664960E+02     0.653349E+02     0.649123E+02     0.640316E+02     0.636087E+02     0.631618E+02     0.633986E+02     0.623859E+02     0.644405E+02     0.641239E+02     0.637052E+02     0.642127E+02     0.635996E+02     0.630902E+02     0.625121E+02     0.616861E+02     0.609217E+02     0.604607E+02     0.590939E+02     0.577447E+02     0.575670E+02     0.552188E+02     0.550220E+02     0.542513E+02     0.533956E+02     0.532555E+02     0.518872E+02     0.517413E+02     0.512388E+02     0.507672E+02     0.505137E+02     0.489582E+02     0.488536E+02     0.486720E+02     0.486421E+02     0.483895E+02     0.484712E+02     0.485059E+02     0.482705E+02     0.481776E+02     0.480266E+02     0.479111E+02     0.477732E+02     0.477126E+02     0.471985E+02     0.470836E+02     0.469735E+02     0.468055E+02     0.467612E+02     0.469185E+02     0.468696E+02     0.468521E+02     0.468646E+02     0.468280E+02     0.467720E+02     0.467387E+02     0.466720E+02     0.466432E+02     0.465687E+02     0.100000E+21
 0.428000E+04     0.104644E+03     0.104570E+03     0.104123E+03     0.103944E+03     0.103513E+03     0.103295E+03     0.102929E+03     0.102675E+03     0.102150E+03     0.101649E+03     0.101265E+03     0.100768E+03     0.100499E+03     0.997644E+02     0.993876E+02     0.987525E+02     0.979765E+02     0.976312E+02     0.971459E+02     0.967417E+02     0.961444E+02     0.958612E+02     0.948710E+02     0.951020E+02     0.946653E+02     0.939731E+02     0.940340E+02     0.932103E+02     0.931949E+02     0.927399E+02     0.920119E+02     0.917224E+02     0.909298E+02     0.905944E+02     0.900579E+02     0.896287E+02     0.892862E+02     0.884554E+02     0.881403E+02     0.874676E+02     0.870067E+02     0.865480E+02     0.859356E+02     0.849028E+02     0.841737E+02     0.831073E+02     0.815702E+02     0.809977E+02     0.796289E+02     0.782810E+02     0.768886E+02     0.756591E+02     0.748725E+02     0.732812E+02     0.724041E+02     0.712581E+02     0.709169E+02     0.700724E+02     0.695537E+02     0.697002E+02     0.687758E+02     0.686400E+02     0.679755E+02     0.675290E+02     0.673570E+02     0.669126E+02     0.657820E+02     0.643272E+02     0.637570E+02     0.632312E+02     0.626760E+02     0.624382E+02     0.627040E+02     0.615662E+02     0.641765E+02     0.636893E+02     0.634818E+02     0.642790E+02     0.637179E+02     0.631921E+02     0.628151E+02     0.618928E+02     0.609022E+02     0.604723E+02     0.589422E+02     0.575267E+02     0.573500E+02     0.549520E+02     0.547906E+02     0.540724E+02     0.531716E+02     0.530093E+02     0.518576E+02     0.516947E+02     0.513019E+02     0.507810E+02     0.505448E+02     0.490070E+02     0.489143E+02     0.486192E+02     0.484603E+02     0.481635E+02     0.483758E+02     0.483274E+02     0.482071E+02     0.481944E+02     0.480562E+02     0.480335E+02     0.480812E+02     0.479918E+02     0.472912E+02     0.471679E+02     0.470356E+02     0.468340E+02     0.467886E+02     0.469255E+02     0.468683E+02     0.468403E+02     0.468673E+02     0.468280E+02     0.467720E+02     0.467356E+02     0.466720E+02     0.466392E+02     0.465699E+02     0.100000E+21
 0.430000E+04     0.104676E+03     0.104521E+03     0.104083E+03     0.103880E+03     0.103465E+03     0.103220E+03     0.102861E+03     0.102594E+03     0.102028E+03     0.101555E+03     0.101119E+03     0.100617E+03     0.100341E+03     0.995259E+02     0.990716E+02     0.984917E+02     0.977102E+02     0.973709E+02     0.967836E+02     0.963637E+02     0.957241E+02     0.954533E+02     0.945261E+02     0.947003E+02     0.943142E+02     0.935890E+02     0.937791E+02     0.930003E+02     0.931809E+02     0.927100E+02     0.920192E+02     0.918376E+02     0.910688E+02     0.906955E+02     0.901333E+02     0.896988E+02     0.892476E+02     0.885137E+02     0.880618E+02     0.873759E+02     0.869098E+02     0.864909E+02     0.858332E+02     0.848845E+02     0.842163E+02     0.831629E+02     0.817251E+02     0.811184E+02     0.799306E+02     0.783398E+02     0.769987E+02     0.754150E+02     0.747904E+02     0.731880E+02     0.719686E+02     0.708919E+02     0.702599E+02     0.694140E+02     0.688388E+02     0.685591E+02     0.676498E+02     0.673712E+02     0.667092E+02     0.662576E+02     0.655296E+02     0.648581E+02     0.638226E+02     0.623676E+02     0.619054E+02     0.610668E+02     0.605805E+02     0.599067E+02     0.610623E+02     0.601384E+02     0.632645E+02     0.629221E+02     0.626954E+02     0.645047E+02     0.639246E+02     0.636967E+02     0.633082E+02     0.623256E+02     0.608425E+02     0.604319E+02     0.586557E+02     0.571750E+02     0.569863E+02     0.542933E+02     0.540266E+02     0.535025E+02     0.527648E+02     0.526147E+02     0.517832E+02     0.516095E+02     0.513004E+02     0.508327E+02     0.505962E+02     0.491622E+02     0.490467E+02     0.487309E+02     0.479420E+02     0.477265E+02     0.480436E+02     0.480307E+02     0.479547E+02     0.482513E+02     0.481128E+02     0.484407E+02     0.485740E+02     0.485084E+02     0.475355E+02     0.474399E+02     0.471918E+02     0.468798E+02     0.468332E+02     0.469423E+02     0.468815E+02     0.468440E+02     0.468685E+02     0.468280E+02     0.467720E+02     0.467343E+02     0.466720E+02     0.466371E+02     0.465704E+02     0.100000E+21
 0.432000E+04     0.104575E+03     0.104528E+03     0.104059E+03     0.103880E+03     0.103447E+03     0.103219E+03     0.102861E+03     0.102610E+03     0.102028E+03     0.101504E+03     0.101120E+03     0.100617E+03     0.100350E+03     0.995259E+02     0.991534E+02     0.984824E+02     0.976946E+02     0.973709E+02     0.967836E+02     0.964024E+02     0.957576E+02     0.954878E+02     0.945163E+02     0.947003E+02     0.943340E+02     0.936203E+02     0.937791E+02     0.929761E+02     0.930634E+02     0.927100E+02     0.920057E+02     0.918376E+02     0.910130E+02     0.906850E+02     0.901333E+02     0.897163E+02     0.892476E+02     0.883700E+02     0.880800E+02     0.873595E+02     0.869098E+02     0.864909E+02     0.859115E+02     0.848692E+02     0.842542E+02     0.831629E+02     0.817251E+02     0.811575E+02     0.797148E+02     0.784346E+02     0.769727E+02     0.756863E+02     0.748090E+02     0.730677E+02     0.719686E+02     0.708383E+02     0.702569E+02     0.694140E+02     0.688686E+02     0.685591E+02     0.675350E+02     0.673737E+02     0.666983E+02     0.662576E+02     0.655296E+02     0.649634E+02     0.637583E+02     0.623437E+02     0.619054E+02     0.610668E+02     0.606201E+02     0.603599E+02     0.611066E+02     0.601268E+02     0.632645E+02     0.629377E+02     0.629446E+02     0.645047E+02     0.639045E+02     0.636829E+02     0.633082E+02     0.622288E+02     0.608425E+02     0.603980E+02     0.587203E+02     0.571750E+02     0.569929E+02     0.542933E+02     0.540810E+02     0.534723E+02     0.527588E+02     0.526147E+02     0.517832E+02     0.516276E+02     0.512318E+02     0.508431E+02     0.505962E+02     0.491622E+02     0.490533E+02     0.485992E+02     0.479627E+02     0.477217E+02     0.479490E+02     0.480330E+02     0.479799E+02     0.482513E+02     0.481048E+02     0.484043E+02     0.485740E+02     0.485114E+02     0.475355E+02     0.474254E+02     0.471859E+02     0.468784E+02     0.468332E+02     0.469423E+02     0.468898E+02     0.468593E+02     0.468661E+02     0.468280E+02     0.467720E+02     0.467370E+02     0.466720E+02     0.466411E+02     0.465694E+02     0.100000E+21
 0.434000E+04     0.104577E+03     0.104495E+03     0.104042E+03     0.103842E+03     0.103429E+03     0.103177E+03     0.102822E+03     0.102555E+03     0.101955E+03     0.101456E+03     0.101029E+03     0.100518E+03     0.100241E+03     0.993650E+02     0.989316E+02     0.983036E+02     0.975139E+02     0.971842E+02     0.965123E+02     0.961019E+02     0.954335E+02     0.951406E+02     0.942384E+02     0.943202E+02     0.939991E+02     0.932477E+02     0.934763E+02     0.927404E+02     0.929306E+02     0.925910E+02     0.919117E+02     0.918149E+02     0.910281E+02     0.906706E+02     0.901158E+02     0.896810E+02     0.891393E+02     0.883004E+02     0.879387E+02     0.872272E+02     0.867644E+02     0.863773E+02     0.857411E+02     0.847903E+02     0.842508E+02     0.831887E+02     0.819189E+02     0.812979E+02     0.800128E+02     0.786636E+02     0.772389E+02     0.758698E+02     0.750007E+02     0.733559E+02     0.720827E+02     0.709792E+02     0.702273E+02     0.693332E+02     0.687556E+02     0.682447E+02     0.672518E+02     0.669495E+02     0.662147E+02     0.657625E+02     0.646288E+02     0.638843E+02     0.627235E+02     0.611723E+02     0.607804E+02     0.595470E+02     0.591188E+02     0.585821E+02     0.597100E+02     0.589338E+02     0.621097E+02     0.619851E+02     0.618295E+02     0.639430E+02     0.634431E+02     0.633922E+02     0.631319E+02     0.620711E+02     0.604201E+02     0.599995E+02     0.581378E+02     0.565851E+02     0.563829E+02     0.536875E+02     0.533580E+02     0.529735E+02     0.524438E+02     0.523045E+02     0.518878E+02     0.517250E+02     0.513545E+02     0.508570E+02     0.506161E+02     0.491537E+02     0.490402E+02     0.485018E+02     0.471648E+02     0.470545E+02     0.469434E+02     0.471493E+02     0.470733E+02     0.476186E+02     0.475339E+02     0.481334E+02     0.484584E+02     0.483874E+02     0.476698E+02     0.475821E+02     0.473382E+02     0.470344E+02     0.469861E+02     0.469779E+02     0.469249E+02     0.468797E+02     0.468682E+02     0.468280E+02     0.467720E+02     0.467349E+02     0.466720E+02     0.466387E+02     0.465704E+02     0.100000E+21
 0.436000E+04     0.104516E+03     0.104489E+03     0.103993E+03     0.103828E+03     0.103377E+03     0.103157E+03     0.102792E+03     0.102557E+03     0.101919E+03     0.101363E+03     0.100978E+03     0.100441E+03     0.100182E+03     0.992697E+02     0.989361E+02     0.981832E+02     0.973434E+02     0.970354E+02     0.963626E+02     0.960139E+02     0.953130E+02     0.950102E+02     0.939975E+02     0.941634E+02     0.938171E+02     0.931436E+02     0.933498E+02     0.925228E+02     0.927022E+02     0.924983E+02     0.918489E+02     0.918053E+02     0.909371E+02     0.906448E+02     0.901019E+02     0.897027E+02     0.890782E+02     0.881420E+02     0.878817E+02     0.870825E+02     0.866493E+02     0.863106E+02     0.857868E+02     0.847783E+02     0.843372E+02     0.832090E+02     0.820096E+02     0.814801E+02     0.799650E+02     0.789134E+02     0.773611E+02     0.761683E+02     0.751968E+02     0.732558E+02     0.721272E+02     0.709487E+02     0.702468E+02     0.692688E+02     0.687534E+02     0.680827E+02     0.669950E+02     0.666986E+02     0.658074E+02     0.653778E+02     0.640913E+02     0.635833E+02     0.620167E+02     0.602991E+02     0.598849E+02     0.587464E+02     0.583353E+02     0.582716E+02     0.590314E+02     0.580027E+02     0.616538E+02     0.613428E+02     0.618203E+02     0.637194E+02     0.630997E+02     0.631562E+02     0.629933E+02     0.617072E+02     0.602279E+02     0.597594E+02     0.579290E+02     0.561178E+02     0.559425E+02     0.533355E+02     0.531454E+02     0.526786E+02     0.521957E+02     0.520578E+02     0.519475E+02     0.518061E+02     0.513104E+02     0.508882E+02     0.506315E+02     0.491500E+02     0.490478E+02     0.480803E+02     0.468362E+02     0.465783E+02     0.465277E+02     0.464780E+02     0.466983E+02     0.473629E+02     0.472097E+02     0.478554E+02     0.483662E+02     0.483066E+02     0.477426E+02     0.476257E+02     0.474202E+02     0.471501E+02     0.471063E+02     0.469991E+02     0.469518E+02     0.469004E+02     0.468638E+02     0.468280E+02     0.467720E+02     0.467396E+02     0.466720E+02     0.466442E+02     0.465683E+02     0.100000E+21
 0.438000E+04     0.104535E+03     0.104484E+03     0.104006E+03     0.103828E+03     0.103390E+03     0.103157E+03     0.102792E+03     0.102545E+03     0.101919E+03     0.101386E+03     0.100977E+03     0.100441E+03     0.100175E+03     0.992697E+02     0.989085E+02     0.981904E+02     0.973553E+02     0.970354E+02     0.963626E+02     0.959902E+02     0.953092E+02     0.949874E+02     0.940051E+02     0.941634E+02     0.938021E+02     0.931247E+02     0.933498E+02     0.925408E+02     0.927528E+02     0.924983E+02     0.918516E+02     0.918053E+02     0.909686E+02     0.906507E+02     0.901019E+02     0.896892E+02     0.890782E+02     0.881834E+02     0.878730E+02     0.870950E+02     0.866493E+02     0.863106E+02     0.857469E+02     0.847725E+02     0.843099E+02     0.832090E+02     0.820096E+02     0.814518E+02     0.800168E+02     0.788679E+02     0.773810E+02     0.761009E+02     0.751825E+02     0.733383E+02     0.721272E+02     0.709840E+02     0.702374E+02     0.692688E+02     0.687309E+02     0.680827E+02     0.670401E+02     0.666978E+02     0.658158E+02     0.653778E+02     0.640913E+02     0.635420E+02     0.620688E+02     0.603172E+02     0.598849E+02     0.587464E+02     0.583092E+02     0.581583E+02     0.590046E+02     0.580116E+02     0.616538E+02     0.613309E+02     0.616573E+02     0.637194E+02     0.631142E+02     0.631840E+02     0.629933E+02     0.617871E+02     0.602279E+02     0.597767E+02     0.578856E+02     0.561178E+02     0.559374E+02     0.533355E+02     0.531297E+02     0.526849E+02     0.522004E+02     0.520578E+02     0.519475E+02     0.517959E+02     0.513388E+02     0.508810E+02     0.506315E+02     0.491500E+02     0.490428E+02     0.481907E+02     0.468277E+02     0.465819E+02     0.465310E+02     0.464762E+02     0.466540E+02     0.473629E+02     0.472146E+02     0.478941E+02     0.483662E+02     0.483043E+02     0.477426E+02     0.476305E+02     0.474231E+02     0.471511E+02     0.471063E+02     0.469991E+02     0.469481E+02     0.468966E+02     0.468655E+02     0.468280E+02     0.467720E+02     0.467377E+02     0.466720E+02     0.466420E+02     0.465691E+02     0.100000E+21
 0.440000E+04     0.104332E+03     0.104165E+03     0.103708E+03     0.103481E+03     0.103063E+03     0.102812E+03     0.102449E+03     0.102184E+03     0.101668E+03     0.101175E+03     0.100820E+03     0.100373E+03     0.100097E+03     0.994370E+02     0.990245E+02     0.984540E+02     0.977678E+02     0.974290E+02     0.969030E+02     0.964928E+02     0.958260E+02     0.954272E+02     0.944921E+02     0.941560E+02     0.937711E+02     0.928673E+02     0.924180E+02     0.916370E+02     0.912190E+02     0.906060E+02     0.898041E+02     0.893490E+02     0.885637E+02     0.880460E+02     0.873760E+02     0.869415E+02     0.859960E+02     0.851798E+02     0.845580E+02     0.835274E+02     0.830610E+02     0.822910E+02     0.816600E+02     0.807090E+02     0.801325E+02     0.790740E+02     0.782390E+02     0.776373E+02     0.765390E+02     0.758885E+02     0.745091E+02     0.739390E+02     0.734012E+02     0.719592E+02     0.713170E+02     0.702292E+02     0.695810E+02     0.687220E+02     0.681486E+02     0.670320E+02     0.660711E+02     0.653900E+02     0.642612E+02     0.638090E+02     0.630440E+02     0.624198E+02     0.615730E+02     0.606457E+02     0.601850E+02     0.595240E+02     0.590459E+02     0.582700E+02     0.578345E+02     0.568979E+02     0.565620E+02     0.562201E+02     0.554212E+02     0.550600E+02     0.544774E+02     0.541680E+02     0.537530E+02     0.532492E+02     0.529830E+02     0.525608E+02     0.522880E+02     0.519660E+02     0.517772E+02     0.513700E+02     0.511345E+02     0.508330E+02     0.504991E+02     0.503490E+02     0.501250E+02     0.499566E+02     0.497090E+02     0.495705E+02     0.493320E+02     0.491570E+02     0.490421E+02     0.488320E+02     0.487157E+02     0.484905E+02     0.483970E+02     0.483183E+02     0.481062E+02     0.480190E+02     0.478785E+02     0.477940E+02     0.476900E+02     0.476245E+02     0.474940E+02     0.473910E+02     0.473180E+02     0.472046E+02     0.471580E+02     0.470840E+02     0.470265E+02     0.469480E+02     0.468682E+02     0.468280E+02     0.467720E+02     0.467348E+02     0.466720E+02     0.466385E+02     0.465704E+02     0.100000E+21
