==== Job started at: Mon May 25 18:39:40 +04 2026 ====
[Task 10] Waiting for Seis2D_GQG_FWI_4365098 to be built...
[Task 10] Found Seis2D_GQG_FWI_4365098, proceeding.
===== Starting MPI Execution =====
Start time: Mon May 25 18:39:41 +04 2026
Job ID: 4365098, Array task: 10
Nodes: cn-111-7,cn-112-[3,5,9],cn-113-[14,24]
CPUs per task: 52
Memory per node: Not specified
----------------------------------
 n_process           6
 Build mode   : RELEASE
                                                       
       ************************************************
       *                                              *
       * 2D/2.5D frequency-domain seismic wave model- *
       * ing  in  arbitrary  anisotropic viscoelastic *
       * media with GQG approach and multiparameter FWI *
       ************************************************
 MainInput file
 /home/USER/Models/Marmousi_VTI_2/Main_synth_Marmousi_TI_4000_20m_
 sig4_v800_10.inp
 InitInput file
 /home/USER/Models/Marmousi_VTI_2/Init_VTI_Marmousi_TI_4400_20m_si
 g4_v800_1d.inp
 ---- (1) working-job definition ----------------
lambda_min:         102.2222
Element spacing:  DX=   51.00  DZ=   51.00
NORD (points/elem)= 5
Required Nodal spacing:    =    0.00  Actual Nodal spacing=   12.75
PPW_x=   8.017  PPW_z=   8.017
Required PPW =  5.0 (on lambda_min)
 Sampling OK (PPW >= required).
 InitInputQ file
 /home/USER/Models/Marmousi_VTI_2/InitQ_VTI_Marmousi_TI_4400_20m_s
 ig4_v800_1d.inp
 ------------------------ TOPOGRAPHY DATA  --------------------------           
  
 
XMIN =      0.00 XMAX =   4400.00 ZMIN =      0.00 ZMAX =      0.00
   
       (4) anisotropic model
 beta for hess  1.000000000000000E-003
 beta for hess  1.000000000000000E-003
 beta for hess  1.000000000000000E-003
 beta for hess  1.000000000000000E-003
 MODEL PARAMETERS LOADED
       (5) data acquisition mode
 beta for hess  1.000000000000000E-003
 beta for hess  1.000000000000000E-003
 INITIAL INPUT LOADING COMPLETE
 param_scale_raw(IA=  1) =  2.62700E+03
 param_scale_raw(IA=  2) =  6.89400E+10
 param_scale_raw(IA=  3) =  2.34760E+10
 param_scale_raw(IA=  4) =  5.80300E+10
 param_scale_raw(IA=  5) =  1.93200E+10
 param_scale_raw(IA=  6) =  2.29520E+10
 param_scale_raw(IA=  7) =  2.14808E+02
 param_scale_raw(IA=  8) =  2.44557E+02
 param_scale_raw(IA=  9) =  2.35000E+02
 param_scale_raw(IA= 10) =  1.04332E+02
 param_scale_raw(IA= 11) =  1.23944E+02
 --- Building single global mesh for all bands (NORD=           5 , DX=
   51.0000000000000      , DZ=   51.0000000000000      )  FREQ_MESH=
   9.00000000000000     
 Max source burial for GQG mask (m) =   0.000000000000000E+000
 IZ for GQG mesh =            0
Original XMIN =      0.000
 Original XMAX =   4400.000
Original ZMIN =  -2500.000
 Original ZMAX =      0.000
  
 
actual absorb. zone=      1540.98m  cells=   30
Adjusted XMIN =  -1530.000  XMAX =   5930.000
Adjusted ZMIN =  -4030.000
Computed NX, NZ  (COARSE grid) =      147       80 NBLOCK (elements) =    11534
Computed NNX, NNZ (GQG) =      585      317 NPT (grid pts) =   185445
 
calling ShiftCoordinates for FREQ   9.00
       Shifted X_range:        -3730.0000          3730.0000
       Shifted Z_range:            0.0000          4030.0000
 
calling GQG_2D for FREQ   9.00
Data weighting computed for frequency 4607182418800017373
Data weighting computed for frequency 4607182418800017373
Data weighting computed for frequency 4607182418800017373
Data weighting computed for frequency 4607182418800017373
Data weighting computed for frequency 4607182418800017373
 GQG grid created
 --- SHIFT/MAP CHECK (53) ---
XM first,last =     -2200.0000     2200.0000
ZM first 10:
   1.530000E+03   1.550000E+03   1.570000E+03   1.590000E+03   1.610000E+03   1.630000E+03   1.650000E+03   1.670000E+03   1.690000E+03   1.710000E+03
XSR,ZSR first 10:
   1     -1960.0000      4030.0000
   2     -1760.0000      4030.0000
   3     -1560.0000      4030.0000
   4     -1360.0000      4030.0000
   5     -1160.0000      4030.0000
   6      -960.0000      4030.0000
   7      -760.0000      4030.0000
   8      -560.0000      4030.0000
   9      -360.0000      4030.0000
  10      -160.0000      4030.0000
MSR(1) =      8
MSR1(1,:) first 10:
    44062    44063    44379    44380    44696    44697    45013    45014
FSR(1,:) first 10:
   1.161652E-01   1.516380E-01   1.478479E-01   2.570689E-01   9.152785E-02   1.061466E-01   6.272416E-02   6.688134E-02
SIG(1) 920.0000000000000 FREQ2 9.000000000000000
       Min.wavel.:      102.22  Min.subd.=
IE0, IZ 30 0
 --------- Frequency   3.05000000000000       (band            1 )
[ComputeAcqWeight] empty acq_weight_file, using uniform weights = 1.0
Data weighting computed for frequency 4607182418800017373
XSRmin, XSRmax, ZSRmin, ZSRMax -1960.000000000000 .000000000000000 2050.000000000000 4030.000000000000
1 FKYC
1.2 FKYC
my_rank, FKYC,WLMAX, RMAX 0 .2499615024377965E-01 1679.599604866482 2786.036611389018
1.1 NK
NK in cky2= 55

  Number of wavenumber samples (NK) for FREQ =   55
  RMAX = 2786.04
--- Pre-solver preview (memory + RHS workload) ---
   GQG dims: NNX=       585  NNZ=       317  NPT=    185445
   DOF:     N=3*NPT =    556335
   Sources: NSR=       100  NSS=        20  NK=        55
   RHS total (per IK): nrhs_tot=3*NSS =        60
   Batch:    MAX_RHS_BATCH=        32  nbatches=         2
   GFMY  (GFX+GFY+GFZ):         13.679 GB
   RHS_MY(rhs+sol buffers):      0.531 GB
 
 running run_ik_loop_pardiso
before CA | VmRSS=  13.844 GB  VmHWM=  13.844 GB
after CA | VmRSS=  15.666 GB  VmHWM=  19.673 GB
after factor | VmRSS=  19.596 GB  VmHWM=  19.673 GB
f=     3.050 Hz | ky=  0.454475E-03 | IK=       1/      55 | t=   17.539200 s | CA=  2.5091 | fact= 12.9578 | GF=  2.0721 | solve=  1.7549 | scatter=  0.2159
f=     3.050 Hz | ky=  0.908951E-03 | IK=       2/      55 | t=    7.008600 s | CA=  2.6211 | fact=  2.5680 | GF=  1.8194 | solve=  1.6916 | scatter=  0.0542
f=     3.050 Hz | ky=  0.136343E-02 | IK=       3/      55 | t=    6.962800 s | CA=  2.5714 | fact=  2.5747 | GF=  1.8166 | solve=  1.6894 | scatter=  0.0535
f=     3.050 Hz | ky=  0.181790E-02 | IK=       4/      55 | t=    7.477900 s | CA=  2.6710 | fact=  2.5597 | GF=  2.2472 | solve=  1.6709 | scatter=  0.5043
f=     3.050 Hz | ky=  0.227238E-02 | IK=       5/      55 | t=    6.935100 s | CA=  2.5675 | fact=  2.5378 | GF=  1.8298 | solve=  1.7020 | scatter=  0.0543
f=     3.050 Hz | ky=  0.272685E-02 | IK=       6/      55 | t=    6.940600 s | CA=  2.5533 | fact=  2.5558 | GF=  1.8314 | solve=  1.7016 | scatter=  0.0564
f=     3.050 Hz | ky=  0.318133E-02 | IK=       7/      55 | t=    6.929900 s | CA=  2.5717 | fact=  2.5809 | GF=  1.7773 | solve=  1.6504 | scatter=  0.0534
f=     3.050 Hz | ky=  0.363580E-02 | IK=       8/      55 | t=    6.957400 s | CA=  2.5887 | fact=  2.5817 | GF=  1.7869 | solve=  1.6574 | scatter=  0.0559
f=     3.050 Hz | ky=  0.409028E-02 | IK=       9/      55 | t=    6.884300 s | CA=  2.6110 | fact=  2.5686 | GF=  1.7046 | solve=  1.5761 | scatter=  0.0548
f=     3.050 Hz | ky=  0.454475E-02 | IK=      10/      55 | t=    6.886900 s | CA=  2.6121 | fact=  2.5729 | GF=  1.7019 | solve=  1.5743 | scatter=  0.0539
PARDISO mem (f=  3.05 Hz): sym=  1.95 GB  perm=  1.42 GB  num=  3.22 GB  
peak=  4.64 GB
t_global   =    118.404 s
TIME for 1st forward modeling =  1.948479970296224  min
TIME for GT0 =  .5143333474795024E-02  min
Data scaler W for L2 norm: 56656229808913.63
Data scaler W for WQS norm: .1007948000807317E-312
Total number of active inversion parameters for current sequential stage (IM):          1
Total model blocks points (NM = IM * NBLOCK):      11534 on grid (NMM = IM * NPT):    185445
 Gradient balance ():   1.00000000000000        1.00000000000000     
   1.00000000000000        1.00000000000000        1.00000000000000     
   1.00000000000000        1.00000000000000        1.00000000000000     
   1.00000000000000        1.00000000000000        1.00000000000000     
 IE0, IZ          30           0
 IE0, IZ, GZ1, GZ2 =           30           0   100.000000000000     
   300.000000000000     
  
 Frequency:           1 Iteration:           1
--- Pre-solver preview (memory + RHS workload) ---
   GQG dims: NNX=       585  NNZ=       317  NPT=    185445
   DOF:     N=3*NPT =    556335
   Sources: NSR=       100  NSS=       100  NK=        55
   RHS total (per IK): nrhs_tot=3*NSS =       300
   Batch:    MAX_RHS_BATCH=        32  nbatches=        10
   GFMY  (GFX+GFY+GFZ):         68.393 GB
   RHS_MY(rhs+sol buffers):      0.531 GB
 
 running run_ik_loop_pardiso
before CA | VmRSS=  69.955 GB  VmHWM=  69.955 GB
after CA | VmRSS=  71.518 GB  VmHWM=  75.508 GB
after factor | VmRSS=  75.369 GB  VmHWM=  75.508 GB
f=     3.050 Hz | ky=  0.454475E-03 | IK=       1/      55 | t=   24.454800 s | CA=  2.5231 | fact= 12.8596 | GF=  9.0719 | solve=  8.3278 | scatter=  0.3332
f=     3.050 Hz | ky=  0.908951E-03 | IK=       2/      55 | t=   14.084000 s | CA=  2.6018 | fact=  2.5677 | GF=  8.9145 | solve=  8.2736 | scatter=  0.2565
f=     3.050 Hz | ky=  0.136343E-02 | IK=       3/      55 | t=   14.027700 s | CA=  2.5653 | fact=  2.5643 | GF=  8.8980 | solve=  8.2550 | scatter=  0.2597
f=     3.050 Hz | ky=  0.181790E-02 | IK=       4/      55 | t=   14.085200 s | CA=  2.5941 | fact=  2.5626 | GF=  8.9284 | solve=  8.2886 | scatter=  0.2565
f=     3.050 Hz | ky=  0.227238E-02 | IK=       5/      55 | t=   14.012500 s | CA=  2.5526 | fact=  2.5741 | GF=  8.8857 | solve=  8.2428 | scatter=  0.2588
f=     3.050 Hz | ky=  0.272685E-02 | IK=       6/      55 | t=   14.085700 s | CA=  2.6007 | fact=  2.5648 | GF=  8.9202 | solve=  8.2743 | scatter=  0.2637
f=     3.050 Hz | ky=  0.318133E-02 | IK=       7/      55 | t=   14.076100 s | CA=  2.6065 | fact=  2.5634 | GF=  8.9061 | solve=  8.2672 | scatter=  0.2566
f=     3.050 Hz | ky=  0.363580E-02 | IK=       8/      55 | t=   14.057600 s | CA=  2.5708 | fact=  2.5937 | GF=  8.8931 | solve=  8.2538 | scatter=  0.2563
f=     3.050 Hz | ky=  0.409028E-02 | IK=       9/      55 | t=   14.059900 s | CA=  2.6073 | fact=  2.5538 | GF=  8.8987 | solve=  8.2563 | scatter=  0.2596
f=     3.050 Hz | ky=  0.454475E-02 | IK=      10/      55 | t=   14.057800 s | CA=  2.5888 | fact=  2.5641 | GF=  8.9048 | solve=  8.2656 | scatter=  0.2565
PARDISO mem (f=  3.05 Hz): sym=  1.95 GB  perm=  1.42 GB  num=  3.22 GB  
peak=  4.64 GB
t_global   =    332.064 s
TIME for 2d forward modeling_i calc =  5.534074910481771 min
Rank    5 -> ID range:   4001 to   4800 | Tasks:    800
Rank    4 -> ID range:   3201 to   4000 | Tasks:    800
Rank    1 -> ID range:    801 to   1600 | Tasks:    800
Rank    2 -> ID range:   1601 to   2400 | Tasks:    800
Rank    3 -> ID range:   2401 to   3200 | Tasks:    800
  
 -------------- calculate Frechet derivatives -----------
 IFREQ =           1    ITERATION =           1
Frechet memory size Frec_my:      0.825 (Gb)
Rank    0 -> ID range:      1 to    800 | Tasks:    800
FREQ:      3.0 Hz, ITER=       1  Frechet Derivative ID=     100/    4800 Finished   0.223300 s
FREQ:      3.0 Hz, ITER=       1  Frechet Derivative ID=     200/    4800 Finished   0.224100 s
FREQ:      3.0 Hz, ITER=       1  Frechet Derivative ID=     300/    4800 Finished   0.222900 s
FREQ:      3.0 Hz, ITER=       1  Frechet Derivative ID=     400/    4800 Finished   0.209200 s
FREQ:      3.0 Hz, ITER=       1  Frechet Derivative ID=     500/    4800 Finished   0.224700 s
FREQ:      3.0 Hz, ITER=       1  Frechet Derivative ID=     600/    4800 Finished   0.224600 s
FREQ:      3.0 Hz, ITER=       1  Frechet Derivative ID=     700/    4800 Finished   0.224600 s
FREQ:      3.0 Hz, ITER=       1  Frechet Derivative ID=     800/    4800 Finished   0.230400 s
||Frechet||_F=  9.8951E-13max|Frechet|=  1.2870E-17
||Frechet||_F=  9.8951E-13max|Frechet|=  1.2870E-17
||Frechet||_F=  9.8951E-13max|Frechet|=  1.2870E-17
||Frechet||_F=  9.8951E-13max|Frechet|=  1.2870E-17
||Frechet||_F=  9.8951E-13max|Frechet|=  1.2870E-17
||Frechet||_F=  9.8951E-13max|Frechet|=  1.2870E-17
 
TIME for Frechet calc =  3.048116556803385 min
 
IA= 10  max|F|= 7.29173E-04  rms|F|= 5.64379E-06  F_SCALE(Inf)= 1.37142E+03  F_SCALE_L2= 1.77186E+05
m_fine: min=  4.6545E+01  max=  1.0433E+02  mean=  8.2706E+01  ||.||2=  3.6990E+04  size=  185445
m_coarse_prev: min=  4.6595E+01  max=  1.0433E+02  mean=  8.2729E+01  ||.||2=  9.2265E+03  size=   11534
 
  compute the residual and the cost function
 WD_amp= 5.66562E+13  RESID_RMS= 4.43351E-03  FCOST_DATA= 9.82798E-06  FCOST0= 9.82798E-06
IA= 10  H(single F0) min= 0.00000E+00  max= 1.61032E-02
IA= 10  H(F0^2)     min= 0.00000E+00  max= 1.61032E-02
HESSD: ia=  10  min= 0.00000E+00  max= 6.20963E+04
IA= 10  H(single F0) min= 0.00000E+00  max= 1.61032E-02
IA= 10  H(F0^2)     min= 0.00000E+00  max= 1.61032E-02
HESSD: ia=  10  min= 0.00000E+00  max= 6.20963E+04
IA= 10  H(single F0) min= 0.00000E+00  max= 1.61032E-02
IA= 10  H(F0^2)     min= 0.00000E+00  max= 1.61032E-02
HESSD: ia=  10  min= 0.00000E+00  max= 6.20963E+04
IA= 10  H(single F0) min= 0.00000E+00  max= 1.61032E-02
IA= 10  H(F0^2)     min= 0.00000E+00  max= 1.61032E-02
HESSD: ia=  10  min= 0.00000E+00  max= 6.20963E+04
IA= 10  H(single F0) min= 0.00000E+00  max= 1.61032E-02
IA= 10  H(F0^2)     min= 0.00000E+00  max= 1.61032E-02
HESSD: ia=  10  min= 0.00000E+00  max= 6.20963E+04
IA= 10  H(single F0) min= 0.00000E+00  max= 1.61032E-02
IA= 10  H(F0^2)     min= 0.00000E+00  max= 1.61032E-02
HESSD: ia=  10  min= 0.00000E+00  max= 6.20963E+04
Grad block  10 GRAD_SCALED MORM =   2.9224E-04
Raw grad block 10  PAR={Q44}  min= -1.2761E-08  max=  1.7002E-08  L2=  2.1390E-07
Gradient finished
Start LBFGS 
LBFGS steepest step , iter=      1
  g·p = -4.5344E-04  ||p|| =  2.6195E+00
  min(p)= -1.5079E-01  max(p)=  1.6974E-02
LBFGS p_k (unscaled) stats per active parameter:
  IA= 10  PAR={Q44}  min=-2.06800E+02  max= 2.32783E+01  L2= 3.59239E+03
min(p_k)= -1.5079E-01  max(p_k)=  1.6974E-02  ||p_k||=  2.6195E+00
min(p_kf)= -1.5079E-01  max(p_kf)=  1.6974E-02  ||p_kf||=  1.0478E+01
p_k/p_kf  =   2.5000E-01
Start linesearch
BT entry: phi(0)=  9.8280E-06  g·p(0)= -4.5344E-04
 UPDATEPARAMETER: f-scale only
UPDATEPARAMETER PAR_STEP min/max, V_STEP min/max = -1.4661491728E+02  1.0574933831E+02
 -1.4661491728E+02  1.0574933831E+02
REL STEP Q      : k= 10 row=  5 rmax_k=  3.5145E+00 row_scale=  1.0433E+02
BT cap probe: rmax1=  3.5145E+00  alpha_cap=  1.4227E-01  alpha00=  1.0000E+00
 UPDATEPARAMETER: f-scale only
UPDATEPARAMETER PAR_STEP min/max, V_STEP min/max =  2.8281000000E+01  1.0453364241E+02
  2.8281000000E+01  1.0453364241E+02
 running run_ik_loop_pardiso
before CA | VmRSS=  15.358 GB  VmHWM=  81.142 GB
after CA | VmRSS=  17.533 GB  VmHWM=  81.142 GB
after factor | VmRSS=  21.330 GB  VmHWM=  81.142 GB
f=     3.050 Hz | ky=  0.454475E-03 | IK=       1/      55 | t=   17.376300 s | CA=  2.5586 | fact= 12.8877 | GF=  1.9298 | solve=  1.7727 | scatter=  0.0536
f=     3.050 Hz | ky=  0.908951E-03 | IK=       2/      55 | t=    7.016500 s | CA=  2.6170 | fact=  2.5791 | GF=  1.8204 | solve=  1.6917 | scatter=  0.0548
f=     3.050 Hz | ky=  0.136343E-02 | IK=       3/      55 | t=    7.002100 s | CA=  2.5906 | fact=  2.5821 | GF=  1.8294 | solve=  1.7025 | scatter=  0.0532
f=     3.050 Hz | ky=  0.181790E-02 | IK=       4/      55 | t=    7.064900 s | CA=  2.6404 | fact=  2.5943 | GF=  1.8301 | solve=  1.6999 | scatter=  0.0568
f=     3.050 Hz | ky=  0.227238E-02 | IK=       5/      55 | t=    7.007700 s | CA=  2.5974 | fact=  2.5888 | GF=  1.8215 | solve=  1.6954 | scatter=  0.0525
f=     3.050 Hz | ky=  0.272685E-02 | IK=       6/      55 | t=    7.034700 s | CA=  2.6118 | fact=  2.5928 | GF=  1.8301 | solve=  1.7033 | scatter=  0.0532
f=     3.050 Hz | ky=  0.318133E-02 | IK=       7/      55 | t=    6.938700 s | CA=  2.5679 | fact=  2.5437 | GF=  1.8271 | solve=  1.6991 | scatter=  0.0545
f=     3.050 Hz | ky=  0.363580E-02 | IK=       8/      55 | t=    6.987800 s | CA=  2.5913 | fact=  2.5639 | GF=  1.8325 | solve=  1.7064 | scatter=  0.0522
f=     3.050 Hz | ky=  0.409028E-02 | IK=       9/      55 | t=    6.989000 s | CA=  2.5808 | fact=  2.5841 | GF=  1.8241 | solve=  1.6965 | scatter=  0.0535
f=     3.050 Hz | ky=  0.454475E-02 | IK=      10/      55 | t=    7.025100 s | CA=  2.6107 | fact=  2.5912 | GF=  1.8232 | solve=  1.6944 | scatter=  0.0550
PARDISO mem (f=  3.05 Hz): sym=  1.95 GB  perm=  1.42 GB  num=  3.22 GB  
peak=  4.64 GB
 WD_amp= 5.66562E+13  RESID_RMS= 2.03984E-02  FCOST_DATA= 2.08047E-04  FCOST0= 2.08047E-04
BT: alpha=  1.4227E-01  phi=  2.0805E-04  rhs=  9.8215E-06
 UPDATEPARAMETER: f-scale only
UPDATEPARAMETER PAR_STEP min/max, V_STEP min/max =  4.1047809076E+01  1.0443282120E+02
  4.1047809076E+01  1.0443282120E+02
 running run_ik_loop_pardiso
before CA | VmRSS=  16.991 GB  VmHWM=  81.142 GB
after CA | VmRSS=  16.906 GB  VmHWM=  81.142 GB
after factor | VmRSS=  20.676 GB  VmHWM=  81.142 GB
f=     3.050 Hz | ky=  0.454475E-03 | IK=       1/      55 | t=   17.334200 s | CA=  2.5618 | fact= 12.8417 | GF=  1.9305 | solve=  1.7724 | scatter=  0.0549
f=     3.050 Hz | ky=  0.908951E-03 | IK=       2/      55 | t=    7.009700 s | CA=  2.6075 | fact=  2.5748 | GF=  1.8274 | solve=  1.6982 | scatter=  0.0552
f=     3.050 Hz | ky=  0.136343E-02 | IK=       3/      55 | t=    6.973900 s | CA=  2.5897 | fact=  2.5575 | GF=  1.8267 | solve=  1.7000 | scatter=  0.0531
f=     3.050 Hz | ky=  0.181790E-02 | IK=       4/      55 | t=    6.932800 s | CA=  2.5749 | fact=  2.5349 | GF=  1.8230 | solve=  1.6965 | scatter=  0.0530
f=     3.050 Hz | ky=  0.227238E-02 | IK=       5/      55 | t=    6.918400 s | CA=  2.5531 | fact=  2.5371 | GF=  1.8282 | solve=  1.7013 | scatter=  0.0534
f=     3.050 Hz | ky=  0.272685E-02 | IK=       6/      55 | t=    7.089400 s | CA=  2.6865 | fact=  2.5766 | GF=  1.8263 | solve=  1.7006 | scatter=  0.0521
f=     3.050 Hz | ky=  0.318133E-02 | IK=       7/      55 | t=    6.945200 s | CA=  2.5758 | fact=  2.5456 | GF=  1.8237 | solve=  1.6969 | scatter=  0.0533
f=     3.050 Hz | ky=  0.363580E-02 | IK=       8/      55 | t=    7.003500 s | CA=  2.6180 | fact=  2.5645 | GF=  1.8209 | solve=  1.6940 | scatter=  0.0534
f=     3.050 Hz | ky=  0.409028E-02 | IK=       9/      55 | t=    6.974300 s | CA=  2.5811 | fact=  2.5688 | GF=  1.8244 | solve=  1.6986 | scatter=  0.0523
f=     3.050 Hz | ky=  0.454475E-02 | IK=      10/      55 | t=    6.967900 s | CA=  2.5853 | fact=  2.5615 | GF=  1.8210 | solve=  1.6932 | scatter=  0.0543
PARDISO mem (f=  3.05 Hz): sym=  1.95 GB  perm=  1.42 GB  num=  3.22 GB  
peak=  4.64 GB
 WD_amp= 5.66562E+13  RESID_RMS= 7.64326E-03  FCOST_DATA= 2.92097E-05  FCOST0= 2.92097E-05
BT: alpha=  7.1134E-02  phi=  2.9210E-05  rhs=  9.8248E-06
 UPDATEPARAMETER: f-scale only
UPDATEPARAMETER PAR_STEP min/max, V_STEP min/max =  4.4634261948E+01  1.0438241060E+02
  4.4634261948E+01  1.0438241060E+02
 running run_ik_loop_pardiso
before CA | VmRSS=  17.010 GB  VmHWM=  81.142 GB
after CA | VmRSS=  17.736 GB  VmHWM=  81.142 GB
after factor | VmRSS=  21.501 GB  VmHWM=  81.142 GB
f=     3.050 Hz | ky=  0.454475E-03 | IK=       1/      55 | t=   17.291500 s | CA=  2.5186 | fact= 12.8411 | GF=  1.9316 | solve=  1.7736 | scatter=  0.0545
f=     3.050 Hz | ky=  0.908951E-03 | IK=       2/      55 | t=    6.980200 s | CA=  2.6226 | fact=  2.5352 | GF=  1.8223 | solve=  1.6957 | scatter=  0.0531
f=     3.050 Hz | ky=  0.136343E-02 | IK=       3/      55 | t=    6.945800 s | CA=  2.5793 | fact=  2.5393 | GF=  1.8271 | solve=  1.6994 | scatter=  0.0541
f=     3.050 Hz | ky=  0.181790E-02 | IK=       4/      55 | t=    6.928800 s | CA=  2.5985 | fact=  2.5242 | GF=  1.8061 | solve=  1.6808 | scatter=  0.0517
f=     3.050 Hz | ky=  0.227238E-02 | IK=       5/      55 | t=    6.949500 s | CA=  2.5868 | fact=  2.5784 | GF=  1.7842 | solve=  1.6570 | scatter=  0.0535
f=     3.050 Hz | ky=  0.272685E-02 | IK=       6/      55 | t=    6.888200 s | CA=  2.5563 | fact=  2.5706 | GF=  1.7613 | solve=  1.6351 | scatter=  0.0524
f=     3.050 Hz | ky=  0.318133E-02 | IK=       7/      55 | t=    6.917500 s | CA=  2.5653 | fact=  2.5954 | GF=  1.7568 | solve=  1.6301 | scatter=  0.0531
f=     3.050 Hz | ky=  0.363580E-02 | IK=       8/      55 | t=    6.931200 s | CA=  2.5874 | fact=  2.5803 | GF=  1.7635 | solve=  1.6365 | scatter=  0.0530
f=     3.050 Hz | ky=  0.409028E-02 | IK=       9/      55 | t=    6.928200 s | CA=  2.6095 | fact=  2.5565 | GF=  1.7622 | solve=  1.6360 | scatter=  0.0526
f=     3.050 Hz | ky=  0.454475E-02 | IK=      10/      55 | t=    6.967200 s | CA=  2.6150 | fact=  2.5806 | GF=  1.7715 | solve=  1.6441 | scatter=  0.0539
PARDISO mem (f=  3.05 Hz): sym=  1.95 GB  perm=  1.42 GB  num=  3.22 GB  
peak=  4.64 GB
  
  
 WD_amp= 5.66562E+13  RESID_RMS= 3.04631E-03  FCOST_DATA= 4.64001E-06  FCOST0= 4.64001E-06
BT: alpha=  3.5567E-02  phi=  4.6400E-06  rhs=  9.8264E-06
  
  
  
Convergence reached, updating parameter grid
ALPHA from line search =  .3556709158606358E-01
 FCOST0 after linesearch  4.640011771356669E-006
Norm of s (s_norm) =  .9316721864487103E-01
  
Time for LBFGS =  5.784731547037761 min
  
 Frequency:           1 Iteration:           2
t_global   =    331.851 s
  
 -------------- calculate Frechet derivatives -----------
 IFREQ =           1    ITERATION =           2
||Frechet||_F=  1.0252E-12max|Frechet|=  1.2867E-17
||Frechet||_F=  1.0252E-12max|Frechet|=  1.2867E-17
||Frechet||_F=  1.0252E-12max|Frechet|=  1.2867E-17
||Frechet||_F=  1.0252E-12max|Frechet|=  1.2867E-17
||Frechet||_F=  1.0252E-12max|Frechet|=  1.2867E-17
||Frechet||_F=  1.0252E-12max|Frechet|=  1.2867E-17
 
TIME for Frechet calc =  2.988905080159505 min
 
 
  compute the residual and the cost function
 WD_amp= 5.66562E+13  RESID_RMS= 3.04631E-03  FCOST_DATA= 4.64001E-06  FCOST0= 4.64001E-06
Grad block  10 GRAD_SCALED MORM =   1.5143E-04
Raw grad block 10  PAR={Q44}  min= -9.3901E-09  max=  5.9368E-09  L2=  1.1082E-07
Gradient finished
Start LBFGS 
curvature (warm): s·y=  2.1131E-05  ||s||^2=  8.6801E-03  ||y||^2=  1.3357E-07  sTy_min=  3.4050E-06
LBFGS step: g·p = -4.8132E-05  ||p||=  1.1137E+00
LBFGS step: min(p)= -7.2972E-02  max(p)=  4.0399E-02
LBFGS p_k (unscaled) stats per active parameter:
  IA= 10  PAR={Q44}  min=-1.00075E+02  max= 5.54037E+01  L2= 1.52738E+03
min(p_k)= -7.2972E-02  max(p_k)=  4.0399E-02  ||p_k||=  1.1137E+00
min(p_kf)= -7.2972E-02  max(p_kf)=  4.0399E-02  ||p_kf||=  4.4549E+00
p_k/p_kf  =   2.5000E-01
Start linesearch
MT entry: phi(0)=  4.6400E-06  dg0= -4.8132E-05  alpha0=  1.0000E+00
 UPDATEPARAMETER: f-scale only
UPDATEPARAMETER PAR_STEP min/max, V_STEP min/max = -4.5505947630E+01  1.0825116774E+02
 -4.5505947630E+01  1.0825116774E+02
 WD_amp= 5.66562E+13  RESID_RMS= 2.29868E-01  FCOST_DATA= 2.64197E-02  FCOST0= 2.64197E-02
  
 -------------- calculate Frechet derivatives -----------
 IFREQ =           1    ITERATION =           2
||Frechet||_F=  3.3722E-10max|Frechet|=  2.6205E-13
||Frechet||_F=  3.3722E-10max|Frechet|=  2.6205E-13
||Frechet||_F=  3.3722E-10max|Frechet|=  2.6205E-13
||Frechet||_F=  3.3722E-10max|Frechet|=  2.6205E-13
||Frechet||_F=  3.3722E-10max|Frechet|=  2.6205E-13
||Frechet||_F=  3.3722E-10max|Frechet|=  2.6205E-13
Grad block  10 GRAD_SCALED MORM =   4.8149E+02
MT try: alpha=  1.0000E+00  phi=  2.6420E-02  dg= -7.5461E+00  dg0= -4.8132E-05
MT try: armijo_rhs=  4.6352E-06  armijo=F  curvature=F  task=FG
 UPDATEPARAMETER: f-scale only
UPDATEPARAMETER PAR_STEP min/max, V_STEP min/max =  4.4634543741E+01  1.0438241350E+02
  4.4634543741E+01  1.0438241350E+02
 WD_amp= 5.66562E+13  RESID_RMS= 3.04607E-03  FCOST_DATA= 4.63928E-06  FCOST0= 4.63928E-06
  
 -------------- calculate Frechet derivatives -----------
 IFREQ =           1    ITERATION =           2
||Frechet||_F=  1.0252E-12max|Frechet|=  1.2867E-17
||Frechet||_F=  1.0252E-12max|Frechet|=  1.2867E-17
||Frechet||_F=  1.0252E-12max|Frechet|=  1.2867E-17
||Frechet||_F=  1.0252E-12max|Frechet|=  1.2867E-17
||Frechet||_F=  1.0252E-12max|Frechet|=  1.2867E-17
||Frechet||_F=  1.0252E-12max|Frechet|=  1.2867E-17
Grad block  10 GRAD_SCALED MORM =   1.5141E-04
MT try: alpha=  1.0000E-05  phi=  4.6393E-06  dg= -4.8122E-05  dg0= -4.8132E-05
MT try: armijo_rhs=  4.6400E-06  armijo=T  curvature=F  task=FG
 UPDATEPARAMETER: f-scale only
UPDATEPARAMETER PAR_STEP min/max, V_STEP min/max =  4.5309567185E+00  1.0489974416E+02
  4.5309567185E+00  1.0489974416E+02
 WD_amp= 5.66562E+13  RESID_RMS= 2.24109E-02  FCOST_DATA= 2.51123E-04  FCOST0= 2.51123E-04
  
 -------------- calculate Frechet derivatives -----------
 IFREQ =           1    ITERATION =           2
||Frechet||_F=  1.2597E-12max|Frechet|=  1.8356E-17
||Frechet||_F=  1.2597E-12max|Frechet|=  1.8356E-17
||Frechet||_F=  1.2597E-12max|Frechet|=  1.8356E-17
||Frechet||_F=  1.2597E-12max|Frechet|=  1.8356E-17
||Frechet||_F=  1.2597E-12max|Frechet|=  1.8356E-17
||Frechet||_F=  1.2597E-12max|Frechet|=  1.8356E-17
Grad block  10 GRAD_SCALED MORM =   2.9865E-03
MT try: alpha=  5.0001E-01  phi=  2.5112E-04  dg=  1.6425E-03  dg0= -4.8132E-05
MT try: armijo_rhs=  4.6376E-06  armijo=F  curvature=F  task=FG
 UPDATEPARAMETER: f-scale only
UPDATEPARAMETER PAR_STEP min/max, V_STEP min/max =  4.3537506437E+01  1.0442752551E+02
  4.3537506437E+01  1.0442752551E+02
 WD_amp= 5.66562E+13  RESID_RMS= 2.28061E-03  FCOST_DATA= 2.60060E-06  FCOST0= 2.60060E-06
  
 -------------- calculate Frechet derivatives -----------
 IFREQ =           1    ITERATION =           2
||Frechet||_F=  1.0283E-12max|Frechet|=  1.2865E-17
||Frechet||_F=  1.0283E-12max|Frechet|=  1.2865E-17
||Frechet||_F=  1.0283E-12max|Frechet|=  1.2865E-17
||Frechet||_F=  1.0283E-12max|Frechet|=  1.2865E-17
||Frechet||_F=  1.0283E-12max|Frechet|=  1.2865E-17
||Frechet||_F=  1.0283E-12max|Frechet|=  1.2865E-17
Grad block  10 GRAD_SCALED MORM =   9.8138E-05
MT try: alpha=  6.1979E-02  phi=  2.6006E-06  dg=  1.5058E-05  dg0= -4.8132E-05
MT try: armijo_rhs=  4.6397E-06  armijo=T  curvature=T  task=FG
  
  
  
  
  
Convergence reached, updating parameter grid
ALPHA from line search =  .6197892654763740E-01
 FCOST0 after linesearch  2.600596337196439E-006
Norm of s (s_norm) =  .6902740000394775E-01
  
Time for LBFGS =  33.89259643554688 min
  
 Frequency:           1 Iteration:           3
t_global   =    331.975 s
  
 -------------- calculate Frechet derivatives -----------
 IFREQ =           1    ITERATION =           3
||Frechet||_F=  1.0283E-12max|Frechet|=  1.2865E-17
||Frechet||_F=  1.0283E-12max|Frechet|=  1.2865E-17
||Frechet||_F=  1.0283E-12max|Frechet|=  1.2865E-17
||Frechet||_F=  1.0283E-12max|Frechet|=  1.2865E-17
||Frechet||_F=  1.0283E-12max|Frechet|=  1.2865E-17
||Frechet||_F=  1.0283E-12max|Frechet|=  1.2865E-17
 
TIME for Frechet calc =  2.970480092366536 min
 
 
  compute the residual and the cost function
 WD_amp= 5.66562E+13  RESID_RMS= 2.28061E-03  FCOST_DATA= 2.60060E-06  FCOST0= 2.60060E-06
Grad block  10 GRAD_SCALED MORM =   9.8138E-05
Gradient finished
Start LBFGS 
curvature (warm): s·y=  3.9164E-06  ||s||^2=  4.7648E-03  ||y||^2=  8.9413E-09  sTy_min=  6.5271E-07
LBFGS step: g·p = -9.8518E-06  ||p||=  5.0806E-01
LBFGS step: min(p)= -3.0346E-02  max(p)=  3.0337E-02
LBFGS p_k (unscaled) stats per active parameter:
  IA= 10  PAR={Q44}  min=-4.16172E+01  max= 4.16050E+01  L2= 6.96759E+02
min(p_k)= -3.0346E-02  max(p_k)=  3.0337E-02  ||p_k||=  5.0806E-01
min(p_kf)= -3.0346E-02  max(p_kf)=  3.0337E-02  ||p_kf||=  2.0322E+00
p_k/p_kf  =   2.5000E-01
Start linesearch
MT entry: phi(0)=  2.6006E-06  dg0= -9.8518E-06  alpha0=  1.0000E+00
 UPDATEPARAMETER: f-scale only
UPDATEPARAMETER PAR_STEP min/max, V_STEP min/max =  1.4337371738E+01  1.0698707304E+02
  1.4337371738E+01  1.0698707304E+02
 WD_amp= 5.66562E+13  RESID_RMS= 1.24119E-02  FCOST_DATA= 7.70274E-05  FCOST0= 7.70274E-05
  
 -------------- calculate Frechet derivatives -----------
 IFREQ =           1    ITERATION =           3
||Frechet||_F=  1.0737E-12max|Frechet|=  1.2858E-17
||Frechet||_F=  1.0737E-12max|Frechet|=  1.2858E-17
||Frechet||_F=  1.0737E-12max|Frechet|=  1.2858E-17
||Frechet||_F=  1.0737E-12max|Frechet|=  1.2858E-17
||Frechet||_F=  1.0737E-12max|Frechet|=  1.2858E-17
||Frechet||_F=  1.0737E-12max|Frechet|=  1.2858E-17
Grad block  10 GRAD_SCALED MORM =   9.5404E-04
MT try: alpha=  1.0000E+00  phi=  7.7027E-05  dg=  1.4884E-04  dg0= -9.8518E-06
MT try: armijo_rhs=  2.5996E-06  armijo=F  curvature=F  task=FG
 UPDATEPARAMETER: f-scale only
UPDATEPARAMETER PAR_STEP min/max, V_STEP min/max =  4.4242648365E+01  1.0446938771E+02
  4.4242648365E+01  1.0446938771E+02
 WD_amp= 5.66562E+13  RESID_RMS= 2.05736E-03  FCOST_DATA= 2.11636E-06  FCOST0= 2.11636E-06
  
 -------------- calculate Frechet derivatives -----------
 IFREQ =           1    ITERATION =           3
||Frechet||_F=  1.0272E-12max|Frechet|=  1.2865E-17
||Frechet||_F=  1.0272E-12max|Frechet|=  1.2865E-17
||Frechet||_F=  1.0272E-12max|Frechet|=  1.2865E-17
||Frechet||_F=  1.0272E-12max|Frechet|=  1.2865E-17
||Frechet||_F=  1.0272E-12max|Frechet|=  1.2865E-17
||Frechet||_F=  1.0272E-12max|Frechet|=  1.2865E-17
Grad block  10 GRAD_SCALED MORM =   9.8701E-05
MT try: alpha=  5.2761E-02  phi=  2.1164E-06  dg= -3.0779E-06  dg0= -9.8518E-06
MT try: armijo_rhs=  2.6005E-06  armijo=T  curvature=T  task=FG
  
  
  
  
  
Convergence reached, updating parameter grid
ALPHA from line search =  .5276054886549073E-01
 FCOST0 after linesearch  2.116357712936509E-006
Norm of s (s_norm) =  .2680544639991816E-01
  
Convergence check at iteration    3
  Relative cost decrease  =  1.8620E-01
  Relative model update   =  0.0000E+00
  Relative grad. norm     =  3.3214E-01
Time for LBFGS =  17.04214782714844 min
  
 Frequency:           1 Iteration:           4
t_global   =    331.963 s
  
 -------------- calculate Frechet derivatives -----------
 IFREQ =           1    ITERATION =           4
||Frechet||_F=  1.0272E-12max|Frechet|=  1.2865E-17
||Frechet||_F=  1.0272E-12max|Frechet|=  1.2865E-17
||Frechet||_F=  1.0272E-12max|Frechet|=  1.2865E-17
||Frechet||_F=  1.0272E-12max|Frechet|=  1.2865E-17
||Frechet||_F=  1.0272E-12max|Frechet|=  1.2865E-17
||Frechet||_F=  1.0272E-12max|Frechet|=  1.2865E-17
 
TIME for Frechet calc =  3.012665049235026 min
 
 
  compute the residual and the cost function
 WD_amp= 5.66562E+13  RESID_RMS= 2.05736E-03  FCOST_DATA= 2.11636E-06  FCOST0= 2.11636E-06
Grad block  10 GRAD_SCALED MORM =   9.8701E-05
Gradient finished
Start LBFGS 
curvature (warm): s·y=  3.5740E-07  ||s||^2=  7.1853E-04  ||y||^2=  1.0973E-09  sTy_min=  8.8793E-08
LBFGS step: g·p = -7.2853E-06  ||p||=  5.3078E-01
LBFGS step: min(p)= -3.1251E-02  max(p)=  3.5693E-02
LBFGS p_k (unscaled) stats per active parameter:
  IA= 10  PAR={Q44}  min=-4.28583E+01  max= 4.89502E+01  L2= 7.27925E+02
min(p_k)= -3.1251E-02  max(p_k)=  3.5693E-02  ||p_k||=  5.3078E-01
min(p_kf)= -3.1251E-02  max(p_kf)=  3.5693E-02  ||p_kf||=  2.1231E+00
p_k/p_kf  =   2.5000E-01
Start linesearch
MT entry: phi(0)=  2.1164E-06  dg0= -7.2853E-06  alpha0=  1.0000E+00
 UPDATEPARAMETER: f-scale only
UPDATEPARAMETER PAR_STEP min/max, V_STEP min/max =  1.1652211227E+01  1.1969934214E+02
  1.1652211227E+01  1.1969934214E+02
 WD_amp= 5.66562E+13  RESID_RMS= 9.78165E-03  FCOST_DATA= 4.78403E-05  FCOST0= 4.78403E-05
  
 -------------- calculate Frechet derivatives -----------
 IFREQ =           1    ITERATION =           4
||Frechet||_F=  1.0618E-12max|Frechet|=  1.2854E-17
||Frechet||_F=  1.0618E-12max|Frechet|=  1.2854E-17
||Frechet||_F=  1.0618E-12max|Frechet|=  1.2854E-17
||Frechet||_F=  1.0618E-12max|Frechet|=  1.2854E-17
||Frechet||_F=  1.0618E-12max|Frechet|=  1.2854E-17
||Frechet||_F=  1.0618E-12max|Frechet|=  1.2854E-17
Grad block  10 GRAD_SCALED MORM =   6.6622E-04
MT try: alpha=  1.0000E+00  phi=  4.7840E-05  dg=  8.4471E-05  dg0= -7.2853E-06
MT try: armijo_rhs=  2.1156E-06  armijo=F  curvature=F  task=FG
 UPDATEPARAMETER: f-scale only
UPDATEPARAMETER PAR_STEP min/max, V_STEP min/max =  4.4926004150E+01  1.0452846206E+02
  4.4926004150E+01  1.0452846206E+02
 WD_amp= 5.66562E+13  RESID_RMS= 1.75768E-03  FCOST_DATA= 1.54472E-06  FCOST0= 1.54472E-06
  
 -------------- calculate Frechet derivatives -----------
 IFREQ =           1    ITERATION =           4
||Frechet||_F=  1.0261E-12max|Frechet|=  1.2865E-17
||Frechet||_F=  1.0261E-12max|Frechet|=  1.2865E-17
||Frechet||_F=  1.0261E-12max|Frechet|=  1.2865E-17
||Frechet||_F=  1.0261E-12max|Frechet|=  1.2865E-17
||Frechet||_F=  1.0261E-12max|Frechet|=  1.2865E-17
||Frechet||_F=  1.0261E-12max|Frechet|=  1.2865E-17
Grad block  10 GRAD_SCALED MORM =   9.4238E-05
MT try: alpha=  5.5114E-02  phi=  1.5447E-06  dg= -3.7780E-06  dg0= -7.2853E-06
MT try: armijo_rhs=  2.1163E-06  armijo=T  curvature=T  task=FG
  
  
  
  
  
Convergence reached, updating parameter grid
ALPHA from line search =  .5511385996817820E-01
 FCOST0 after linesearch  1.544717520517746E-006
Norm of s (s_norm) =  .2925353005347233E-01
  
Convergence check at iteration    4
  Relative cost decrease  =  2.7011E-01
  Relative model update   =  0.0000E+00
  Relative grad. norm     =  3.1718E-01
Time for LBFGS =  17.00426839192708 min
  
 Frequency:           1 Iteration:           5
t_global   =    331.428 s
  
 -------------- calculate Frechet derivatives -----------
 IFREQ =           1    ITERATION =           5
||Frechet||_F=  1.0261E-12max|Frechet|=  1.2865E-17
||Frechet||_F=  1.0261E-12max|Frechet|=  1.2865E-17
||Frechet||_F=  1.0261E-12max|Frechet|=  1.2865E-17
||Frechet||_F=  1.0261E-12max|Frechet|=  1.2865E-17
||Frechet||_F=  1.0261E-12max|Frechet|=  1.2865E-17
||Frechet||_F=  1.0261E-12max|Frechet|=  1.2865E-17
 
TIME for Frechet calc =  3.000413258870443 min
 
 
  compute the residual and the cost function
 WD_amp= 5.66562E+13  RESID_RMS= 1.75768E-03  FCOST_DATA= 1.54472E-06  FCOST0= 1.54472E-06
Grad block  10 GRAD_SCALED MORM =   9.4238E-05
Gradient finished
Start LBFGS 
curvature (warm): s·y=  1.9330E-07  ||s||^2=  8.5577E-04  ||y||^2=  4.3288E-10  sTy_min=  6.0864E-08
LBFGS step: g·p = -5.3642E-06  ||p||=  4.0592E-01
LBFGS step: min(p)= -1.8867E-02  max(p)=  3.0661E-02
LBFGS p_k (unscaled) stats per active parameter:
  IA= 10  PAR={Q44}  min=-2.58739E+01  max= 4.20487E+01  L2= 5.56690E+02
min(p_k)= -1.8867E-02  max(p_k)=  3.0661E-02  ||p_k||=  4.0592E-01
min(p_kf)= -1.8867E-02  max(p_kf)=  3.0661E-02  ||p_kf||=  1.6237E+00
p_k/p_kf  =   2.5000E-01
Start linesearch
MT entry: phi(0)=  1.5447E-06  dg0= -5.3642E-06  alpha0=  1.0000E+00
 UPDATEPARAMETER: f-scale only
UPDATEPARAMETER PAR_STEP min/max, V_STEP min/max =  2.8071438849E+01  1.1556714803E+02
  2.8071438849E+01  1.1556714803E+02
 WD_amp= 5.66562E+13  RESID_RMS= 6.08592E-03  FCOST_DATA= 1.85192E-05  FCOST0= 1.85192E-05
  
 -------------- calculate Frechet derivatives -----------
 IFREQ =           1    ITERATION =           5
||Frechet||_F=  1.0232E-12max|Frechet|=  1.2874E-17
||Frechet||_F=  1.0232E-12max|Frechet|=  1.2874E-17
||Frechet||_F=  1.0232E-12max|Frechet|=  1.2874E-17
||Frechet||_F=  1.0232E-12max|Frechet|=  1.2874E-17
||Frechet||_F=  1.0232E-12max|Frechet|=  1.2874E-17
||Frechet||_F=  1.0232E-12max|Frechet|=  1.2874E-17
Grad block  10 GRAD_SCALED MORM =   3.3926E-04
MT try: alpha=  1.0000E+00  phi=  1.8519E-05  dg=  2.5148E-05  dg0= -5.3642E-06
MT try: armijo_rhs=  1.5442E-06  armijo=F  curvature=F  task=FG
 UPDATEPARAMETER: f-scale only
UPDATEPARAMETER PAR_STEP min/max, V_STEP min/max =  4.5042885287E+01  1.0460572552E+02
  4.5042885287E+01  1.0460572552E+02
 WD_amp= 5.66562E+13  RESID_RMS= 1.51658E-03  FCOST_DATA= 1.15000E-06  FCOST0= 1.15000E-06
  
 -------------- calculate Frechet derivatives -----------
 IFREQ =           1    ITERATION =           5
||Frechet||_F=  1.0241E-12max|Frechet|=  1.2865E-17
||Frechet||_F=  1.0241E-12max|Frechet|=  1.2865E-17
||Frechet||_F=  1.0241E-12max|Frechet|=  1.2865E-17
||Frechet||_F=  1.0241E-12max|Frechet|=  1.2865E-17
||Frechet||_F=  1.0241E-12max|Frechet|=  1.2865E-17
||Frechet||_F=  1.0241E-12max|Frechet|=  1.2865E-17
Grad block  10 GRAD_SCALED MORM =   7.1544E-05
MT try: alpha=  7.6917E-02  phi=  1.1500E-06  dg= -2.6874E-06  dg0= -5.3642E-06
MT try: armijo_rhs=  1.5447E-06  armijo=T  curvature=T  task=FG
  
  
  
  
  
Convergence reached, updating parameter grid
ALPHA from line search =  .7691706005805644E-01
 FCOST0 after linesearch  1.150003783404485E-006
Norm of s (s_norm) =  .3122247469315496E-01
  
Convergence check at iteration    5
  Relative cost decrease  =  2.5552E-01
  Relative model update   =  0.0000E+00
  Relative grad. norm     =  2.3990E-01
Time for LBFGS =  17.24272257486979 min
  
 Frequency:           1 Iteration:           6
t_global   =    331.742 s
  
 -------------- calculate Frechet derivatives -----------
 IFREQ =           1    ITERATION =           6
||Frechet||_F=  1.0241E-12max|Frechet|=  1.2865E-17
||Frechet||_F=  1.0241E-12max|Frechet|=  1.2865E-17
||Frechet||_F=  1.0241E-12max|Frechet|=  1.2865E-17
||Frechet||_F=  1.0241E-12max|Frechet|=  1.2865E-17
||Frechet||_F=  1.0241E-12max|Frechet|=  1.2865E-17
||Frechet||_F=  1.0241E-12max|Frechet|=  1.2865E-17
 
TIME for Frechet calc =  2.999310048421224 min
 
 
  compute the residual and the cost function
 WD_amp= 5.66562E+13  RESID_RMS= 1.51658E-03  FCOST_DATA= 1.15000E-06  FCOST0= 1.15000E-06
Grad block  10 GRAD_SCALED MORM =   7.1544E-05
Gradient finished
Start LBFGS 
curvature (warm): s·y=  2.0589E-07  ||s||^2=  9.7484E-04  ||y||^2=  7.6042E-10  sTy_min=  8.6098E-08
LBFGS step: g·p = -3.7311E-06  ||p||=  2.8056E-01
LBFGS step: min(p)= -1.0141E-02  max(p)=  1.9363E-02
LBFGS p_k (unscaled) stats per active parameter:
  IA= 10  PAR={Q44}  min=-1.39070E+01  max= 2.65544E+01  L2= 3.84768E+02
min(p_k)= -1.0141E-02  max(p_k)=  1.9363E-02  ||p_k||=  2.8056E-01
min(p_kf)= -1.0141E-02  max(p_kf)=  1.9363E-02  ||p_kf||=  1.1223E+00
p_k/p_kf  =   2.5000E-01
Start linesearch
MT entry: phi(0)=  1.1500E-06  dg0= -3.7311E-06  alpha0=  1.0000E+00
 UPDATEPARAMETER: f-scale only
UPDATEPARAMETER PAR_STEP min/max, V_STEP min/max =  3.4762631847E+01  1.0543890508E+02
  3.4762631847E+01  1.0543890508E+02
 WD_amp= 5.66562E+13  RESID_RMS= 5.53339E-03  FCOST_DATA= 1.53092E-05  FCOST0= 1.53092E-05
  
 -------------- calculate Frechet derivatives -----------
 IFREQ =           1    ITERATION =           6
||Frechet||_F=  1.0227E-12max|Frechet|=  1.2868E-17
||Frechet||_F=  1.0227E-12max|Frechet|=  1.2868E-17
||Frechet||_F=  1.0227E-12max|Frechet|=  1.2868E-17
||Frechet||_F=  1.0227E-12max|Frechet|=  1.2868E-17
||Frechet||_F=  1.0227E-12max|Frechet|=  1.2868E-17
||Frechet||_F=  1.0227E-12max|Frechet|=  1.2868E-17
Grad block  10 GRAD_SCALED MORM =   3.2678E-04
MT try: alpha=  1.0000E+00  phi=  1.5309E-05  dg=  2.3041E-05  dg0= -3.7311E-06
MT try: armijo_rhs=  1.1496E-06  armijo=F  curvature=F  task=FG
 UPDATEPARAMETER: f-scale only
UPDATEPARAMETER PAR_STEP min/max, V_STEP min/max =  4.4529734322E+01  1.0466567767E+02
  4.4529734322E+01  1.0466567767E+02
 WD_amp= 5.66562E+13  RESID_RMS= 1.32525E-03  FCOST_DATA= 8.78143E-07  FCOST0= 8.78143E-07
  
 -------------- calculate Frechet derivatives -----------
 IFREQ =           1    ITERATION =           6
||Frechet||_F=  1.0231E-12max|Frechet|=  1.2866E-17
||Frechet||_F=  1.0231E-12max|Frechet|=  1.2866E-17
||Frechet||_F=  1.0231E-12max|Frechet|=  1.2866E-17
||Frechet||_F=  1.0231E-12max|Frechet|=  1.2866E-17
||Frechet||_F=  1.0231E-12max|Frechet|=  1.2866E-17
||Frechet||_F=  1.0231E-12max|Frechet|=  1.2866E-17
Grad block  10 GRAD_SCALED MORM =   5.5844E-05
MT try: alpha=  7.1956E-02  phi=  8.7814E-07  dg= -1.4147E-06  dg0= -3.7311E-06
MT try: armijo_rhs=  1.1500E-06  armijo=T  curvature=T  task=FG
  
  
  
  
  
Convergence reached, updating parameter grid
ALPHA from line search =  .7195586100676203E-01
 FCOST0 after linesearch  8.781430596392562E-007
Norm of s (s_norm) =  .2018814503050767E-01
  
Convergence check at iteration    6
  Relative cost decrease  =  2.3640E-01
  Relative model update   =  0.0000E+00
  Relative grad. norm     =  1.7820E-01
Time for LBFGS =  17.00758666992187 min
  
 Frequency:           1 Iteration:           7
t_global   =    331.432 s
  
 -------------- calculate Frechet derivatives -----------
 IFREQ =           1    ITERATION =           7
||Frechet||_F=  1.0231E-12max|Frechet|=  1.2866E-17
||Frechet||_F=  1.0231E-12max|Frechet|=  1.2866E-17
||Frechet||_F=  1.0231E-12max|Frechet|=  1.2866E-17
||Frechet||_F=  1.0231E-12max|Frechet|=  1.2866E-17
||Frechet||_F=  1.0231E-12max|Frechet|=  1.2866E-17
||Frechet||_F=  1.0231E-12max|Frechet|=  1.2866E-17
 
TIME for Frechet calc =  3.005039978027344 min
 
 
  compute the residual and the cost function
 WD_amp= 5.66562E+13  RESID_RMS= 1.32525E-03  FCOST_DATA= 8.78143E-07  FCOST0= 8.78143E-07
Grad block  10 GRAD_SCALED MORM =   5.5844E-05
Gradient finished
Start LBFGS 
curvature (full): s·y=  1.6668E-07  ||s||^2=  4.0756E-04  ||y||^2=  5.6670E-10  sTy_min=  4.8059E-08
 
LBFGS step(full): g·p = -4.8061E-06  ||p||=  5.7246E-01
LBFGS step(full): min(p)= -3.8298E-02  max(p)=  3.5974E-02
LBFGS p_k (unscaled) stats per active parameter:
  IA= 10  PAR={Q44}  min=-5.25230E+01  max= 4.93359E+01  L2= 7.85080E+02
min(p_k)= -3.8298E-02  max(p_k)=  3.5974E-02  ||p_k||=  5.7246E-01
min(p_kf)= -3.8298E-02  max(p_kf)=  3.5974E-02  ||p_kf||=  2.2898E+00
p_k/p_kf  =   2.5000E-01
Start linesearch
MT entry: phi(0)=  8.7814E-07  dg0= -4.8061E-06  alpha0=  1.0000E+00
 UPDATEPARAMETER: f-scale only
UPDATEPARAMETER PAR_STEP min/max, V_STEP min/max =  1.6794763330E+01  1.0563911681E+02
  1.6794763330E+01  1.0563911681E+02
 WD_amp= 5.66562E+13  RESID_RMS= 1.11700E-02  FCOST_DATA= 6.23841E-05  FCOST0= 6.23841E-05
  
 -------------- calculate Frechet derivatives -----------
 IFREQ =           1    ITERATION =           7
||Frechet||_F=  1.0104E-12max|Frechet|=  1.2864E-17
||Frechet||_F=  1.0104E-12max|Frechet|=  1.2864E-17
||Frechet||_F=  1.0104E-12max|Frechet|=  1.2864E-17
||Frechet||_F=  1.0104E-12max|Frechet|=  1.2864E-17
||Frechet||_F=  1.0104E-12max|Frechet|=  1.2864E-17
||Frechet||_F=  1.0104E-12max|Frechet|=  1.2864E-17
Grad block  10 GRAD_SCALED MORM =   5.5247E-04
MT try: alpha=  1.0000E+00  phi=  6.2384E-05  dg=  9.1641E-05  dg0= -4.8061E-06
MT try: armijo_rhs=  8.7766E-07  armijo=F  curvature=F  task=FG
 UPDATEPARAMETER: f-scale only
UPDATEPARAMETER PAR_STEP min/max, V_STEP min/max =  4.4948319449E+01  1.0464060820E+02
  4.4948319449E+01  1.0464060820E+02
 WD_amp= 5.66562E+13  RESID_RMS= 1.24829E-03  FCOST_DATA= 7.79120E-07  FCOST0= 7.79120E-07
  
 -------------- calculate Frechet derivatives -----------
 IFREQ =           1    ITERATION =           7
||Frechet||_F=  1.0214E-12max|Frechet|=  1.2866E-17
||Frechet||_F=  1.0214E-12max|Frechet|=  1.2866E-17
||Frechet||_F=  1.0214E-12max|Frechet|=  1.2866E-17
||Frechet||_F=  1.0214E-12max|Frechet|=  1.2866E-17
||Frechet||_F=  1.0214E-12max|Frechet|=  1.2866E-17
||Frechet||_F=  1.0214E-12max|Frechet|=  1.2866E-17
Grad block  10 GRAD_SCALED MORM =   4.3319E-05
MT try: alpha=  2.3745E-02  phi=  7.7912E-07  dg= -2.3836E-06  dg0= -4.8061E-06
MT try: armijo_rhs=  8.7813E-07  armijo=T  curvature=T  task=FG
  
  
  
  
  
Convergence reached, updating parameter grid
ALPHA from line search =  .2374523784287881E-01
 FCOST0 after linesearch  7.791199987965220E-007
Norm of s (s_norm) =  .1359318375522273E-01
  
Convergence check at iteration    7
  Relative cost decrease  =  1.1276E-01
  Relative model update   =  0.0000E+00
  Relative grad. norm     =  1.2632E-01
Time for LBFGS =  16.92900187174479 min
  
 Frequency:           1 Iteration:           8
t_global   =    332.093 s
  
 -------------- calculate Frechet derivatives -----------
 IFREQ =           1    ITERATION =           8
||Frechet||_F=  1.0214E-12max|Frechet|=  1.2866E-17
||Frechet||_F=  1.0214E-12max|Frechet|=  1.2866E-17
||Frechet||_F=  1.0214E-12max|Frechet|=  1.2866E-17
||Frechet||_F=  1.0214E-12max|Frechet|=  1.2866E-17
||Frechet||_F=  1.0214E-12max|Frechet|=  1.2866E-17
||Frechet||_F=  1.0214E-12max|Frechet|=  1.2866E-17
 
TIME for Frechet calc =  3.014794921875000 min
 
 
  compute the residual and the cost function
 WD_amp= 5.66562E+13  RESID_RMS= 1.24829E-03  FCOST_DATA= 7.79120E-07  FCOST0= 7.79120E-07
Grad block  10 GRAD_SCALED MORM =   4.3319E-05
Gradient finished
Start LBFGS 
curvature (full): s·y=  5.7522E-08  ||s||^2=  1.8477E-04  ||y||^2=  2.3140E-10  sTy_min=  2.0678E-08
 
LBFGS step(full): g·p = -1.4991E-06  ||p||=  2.1183E-01
LBFGS step(full): min(p)= -9.9028E-03  max(p)=  1.4515E-02
LBFGS p_k (unscaled) stats per active parameter:
  IA= 10  PAR={Q44}  min=-1.35809E+01  max= 1.99067E+01  L2= 2.90501E+02
min(p_k)= -9.9028E-03  max(p_k)=  1.4515E-02  ||p_k||=  2.1183E-01
min(p_kf)= -9.9028E-03  max(p_kf)=  1.4515E-02  ||p_kf||=  8.4730E-01
p_k/p_kf  =   2.5000E-01
Start linesearch
MT entry: phi(0)=  7.7912E-07  dg0= -1.4991E-06  alpha0=  1.0000E+00
 UPDATEPARAMETER: f-scale only
UPDATEPARAMETER PAR_STEP min/max, V_STEP min/max =  3.9514464821E+01  1.0521885511E+02
  3.9514464821E+01  1.0521885511E+02
 WD_amp= 5.66562E+13  RESID_RMS= 4.62678E-03  FCOST_DATA= 1.07035E-05  FCOST0= 1.07035E-05
  
 -------------- calculate Frechet derivatives -----------
 IFREQ =           1    ITERATION =           8
||Frechet||_F=  1.0201E-12max|Frechet|=  1.2868E-17
||Frechet||_F=  1.0201E-12max|Frechet|=  1.2868E-17
||Frechet||_F=  1.0201E-12max|Frechet|=  1.2868E-17
||Frechet||_F=  1.0201E-12max|Frechet|=  1.2868E-17
||Frechet||_F=  1.0201E-12max|Frechet|=  1.2868E-17
||Frechet||_F=  1.0201E-12max|Frechet|=  1.2868E-17
Grad block  10 GRAD_SCALED MORM =   2.6688E-04
MT try: alpha=  1.0000E+00  phi=  1.0704E-05  dg=  1.4425E-05  dg0= -1.4991E-06
MT try: armijo_rhs=  7.7897E-07  armijo=F  curvature=F  task=FG
 UPDATEPARAMETER: f-scale only
UPDATEPARAMETER PAR_STEP min/max, V_STEP min/max =  4.4982968994E+01  1.0466439907E+02
  4.4982968994E+01  1.0466439907E+02
 WD_amp= 5.66562E+13  RESID_RMS= 1.22055E-03  FCOST_DATA= 7.44869E-07  FCOST0= 7.44869E-07
  
 -------------- calculate Frechet derivatives -----------
 IFREQ =           1    ITERATION =           8
||Frechet||_F=  1.0210E-12max|Frechet|=  1.2866E-17
||Frechet||_F=  1.0210E-12max|Frechet|=  1.2866E-17
||Frechet||_F=  1.0210E-12max|Frechet|=  1.2866E-17
||Frechet||_F=  1.0210E-12max|Frechet|=  1.2866E-17
||Frechet||_F=  1.0210E-12max|Frechet|=  1.2866E-17
||Frechet||_F=  1.0210E-12max|Frechet|=  1.2866E-17
Grad block  10 GRAD_SCALED MORM =   4.5379E-05
MT try: alpha=  4.1847E-02  phi=  7.4487E-07  dg= -7.7240E-07  dg0= -1.4991E-06
MT try: armijo_rhs=  7.7911E-07  armijo=T  curvature=T  task=FG
  
  
  
  
  
Convergence reached, updating parameter grid
ALPHA from line search =  .4184677453499735E-01
 FCOST0 after linesearch  7.448688981988923E-007
Norm of s (s_norm) =  .8864212842835206E-02
  
Convergence check at iteration    8
  Relative cost decrease  =  4.3961E-02
  Relative model update   =  0.0000E+00
  Relative grad. norm     =  1.3618E-01
Time for LBFGS =  17.01653035481771 min
  
 Frequency:           1 Iteration:           9
t_global   =    331.393 s
  
 -------------- calculate Frechet derivatives -----------
 IFREQ =           1    ITERATION =           9
||Frechet||_F=  1.0210E-12max|Frechet|=  1.2866E-17
||Frechet||_F=  1.0210E-12max|Frechet|=  1.2866E-17
||Frechet||_F=  1.0210E-12max|Frechet|=  1.2866E-17
||Frechet||_F=  1.0210E-12max|Frechet|=  1.2866E-17
||Frechet||_F=  1.0210E-12max|Frechet|=  1.2866E-17
||Frechet||_F=  1.0210E-12max|Frechet|=  1.2866E-17
 
TIME for Frechet calc =  3.040491739908854 min
 
 
  compute the residual and the cost function
 WD_amp= 5.66562E+13  RESID_RMS= 1.22055E-03  FCOST_DATA= 7.44869E-07  FCOST0= 7.44869E-07
Grad block  10 GRAD_SCALED MORM =   4.5379E-05
Gradient finished
Start LBFGS 
curvature (full): s·y=  3.0410E-08  ||s||^2=  7.8574E-05  ||y||^2=  6.5973E-11  sTy_min=  7.1998E-09
 
LBFGS step(full): g·p = -1.3027E-06  ||p||=  3.2529E-01
LBFGS step(full): min(p)= -1.9264E-02  max(p)=  2.2386E-02
LBFGS p_k (unscaled) stats per active parameter:
  IA= 10  PAR={Q44}  min=-2.64194E+01  max= 3.07008E+01  L2= 4.46111E+02
min(p_k)= -1.9264E-02  max(p_k)=  2.2386E-02  ||p_k||=  3.2529E-01
min(p_kf)= -1.9264E-02  max(p_kf)=  2.2386E-02  ||p_kf||=  1.3012E+00
p_k/p_kf  =   2.5000E-01
Start linesearch
MT entry: phi(0)=  7.4487E-07  dg0= -1.3027E-06  alpha0=  1.0000E+00
 UPDATEPARAMETER: f-scale only
UPDATEPARAMETER PAR_STEP min/max, V_STEP min/max =  2.7891434361E+01  1.0857260490E+02
  2.7891434361E+01  1.0857260490E+02
 WD_amp= 5.66562E+13  RESID_RMS= 2.92681E-03  FCOST_DATA= 4.28311E-06  FCOST0= 4.28311E-06
  
 -------------- calculate Frechet derivatives -----------
 IFREQ =           1    ITERATION =           9
||Frechet||_F=  1.0259E-12max|Frechet|=  1.2866E-17
||Frechet||_F=  1.0259E-12max|Frechet|=  1.2866E-17
||Frechet||_F=  1.0259E-12max|Frechet|=  1.2866E-17
||Frechet||_F=  1.0259E-12max|Frechet|=  1.2866E-17
||Frechet||_F=  1.0259E-12max|Frechet|=  1.2866E-17
||Frechet||_F=  1.0259E-12max|Frechet|=  1.2866E-17
Grad block  10 GRAD_SCALED MORM =   8.1350E-05
MT try: alpha=  1.0000E+00  phi=  4.2831E-06  dg=  3.6659E-06  dg0= -1.3027E-06
MT try: armijo_rhs=  7.4474E-07  armijo=F  curvature=F  task=FG
 UPDATEPARAMETER: f-scale only
UPDATEPARAMETER PAR_STEP min/max, V_STEP min/max =  4.4829761225E+01  1.0475192497E+02
  4.4829761225E+01  1.0475192497E+02
 WD_amp= 5.66562E+13  RESID_RMS= 1.12825E-03  FCOST_DATA= 6.36477E-07  FCOST0= 6.36477E-07
  
 -------------- calculate Frechet derivatives -----------
 IFREQ =           1    ITERATION =           9
||Frechet||_F=  1.0206E-12max|Frechet|=  1.2866E-17
||Frechet||_F=  1.0206E-12max|Frechet|=  1.2866E-17
||Frechet||_F=  1.0206E-12max|Frechet|=  1.2866E-17
||Frechet||_F=  1.0206E-12max|Frechet|=  1.2866E-17
||Frechet||_F=  1.0206E-12max|Frechet|=  1.2866E-17
||Frechet||_F=  1.0206E-12max|Frechet|=  1.2866E-17
Grad block  10 GRAD_SCALED MORM =   4.0580E-05
MT try: alpha=  7.2013E-02  phi=  6.3648E-07  dg= -9.5181E-07  dg0= -1.3027E-06
MT try: armijo_rhs=  7.4486E-07  armijo=T  curvature=T  task=FG
  
  
  
  
  
Convergence reached, updating parameter grid
ALPHA from line search =  .7201322592695267E-01
 FCOST0 after linesearch  6.364770804271179E-007
Norm of s (s_norm) =  .2342535063118648E-01
  
Convergence check at iteration    9
  Relative cost decrease  =  1.4552E-01
  Relative model update   =  0.0000E+00
  Relative grad. norm     =  1.1633E-01
Time for LBFGS =  17.04825846354167 min
  
 Frequency:           1 Iteration:          10
t_global   =    331.761 s
  
 -------------- calculate Frechet derivatives -----------
 IFREQ =           1    ITERATION =          10
||Frechet||_F=  1.0206E-12max|Frechet|=  1.2866E-17
||Frechet||_F=  1.0206E-12max|Frechet|=  1.2866E-17
||Frechet||_F=  1.0206E-12max|Frechet|=  1.2866E-17
||Frechet||_F=  1.0206E-12max|Frechet|=  1.2866E-17
||Frechet||_F=  1.0206E-12max|Frechet|=  1.2866E-17
||Frechet||_F=  1.0206E-12max|Frechet|=  1.2866E-17
 
TIME for Frechet calc =  3.010778299967448 min
 
 
  compute the residual and the cost function
 WD_amp= 5.66562E+13  RESID_RMS= 1.12825E-03  FCOST_DATA= 6.36477E-07  FCOST0= 6.36477E-07
Grad block  10 GRAD_SCALED MORM =   4.0580E-05
Gradient finished
Start LBFGS 
curvature (full): s·y=  2.5272E-08  ||s||^2=  5.4875E-04  ||y||^2=  3.0571E-11  sTy_min=  1.2952E-08
 
LBFGS step(full): g·p = -1.0220E-06  ||p||=  2.8805E-01
LBFGS step(full): min(p)= -1.5805E-02  max(p)=  1.9472E-02
LBFGS p_k (unscaled) stats per active parameter:
  IA= 10  PAR={Q44}  min=-2.16747E+01  max= 2.67038E+01  L2= 3.95039E+02
min(p_k)= -1.5805E-02  max(p_k)=  1.9472E-02  ||p_k||=  2.8805E-01
min(p_kf)= -1.5805E-02  max(p_kf)=  1.9472E-02  ||p_kf||=  1.1522E+00
p_k/p_kf  =   2.5000E-01
Start linesearch
MT entry: phi(0)=  6.3648E-07  dg0= -1.0220E-06  alpha0=  1.0000E+00
 UPDATEPARAMETER: f-scale only
UPDATEPARAMETER PAR_STEP min/max, V_STEP min/max =  3.3430175236E+01  1.0598214411E+02
  3.3430175236E+01  1.0598214411E+02
 WD_amp= 5.66562E+13  RESID_RMS= 3.78674E-03  FCOST_DATA= 7.16970E-06  FCOST0= 7.16970E-06
  
 -------------- calculate Frechet derivatives -----------
 IFREQ =           1    ITERATION =          10
||Frechet||_F=  1.0281E-12max|Frechet|=  1.2863E-17
||Frechet||_F=  1.0281E-12max|Frechet|=  1.2863E-17
||Frechet||_F=  1.0281E-12max|Frechet|=  1.2863E-17
||Frechet||_F=  1.0281E-12max|Frechet|=  1.2863E-17
||Frechet||_F=  1.0281E-12max|Frechet|=  1.2863E-17
||Frechet||_F=  1.0281E-12max|Frechet|=  1.2863E-17
Grad block  10 GRAD_SCALED MORM =   1.8172E-04
MT try: alpha=  1.0000E+00  phi=  7.1697E-06  dg=  6.7346E-06  dg0= -1.0220E-06
MT try: armijo_rhs=  6.3637E-07  armijo=F  curvature=F  task=FG
 UPDATEPARAMETER: f-scale only
UPDATEPARAMETER PAR_STEP min/max, V_STEP min/max =  4.4591541773E+01  1.0479442452E+02
  4.4591541773E+01  1.0479442452E+02
 WD_amp= 5.66562E+13  RESID_RMS= 1.10700E-03  FCOST_DATA= 6.12728E-07  FCOST0= 6.12728E-07
  
 -------------- calculate Frechet derivatives -----------
 IFREQ =           1    ITERATION =          10
||Frechet||_F=  1.0206E-12max|Frechet|=  1.2866E-17
||Frechet||_F=  1.0206E-12max|Frechet|=  1.2866E-17
||Frechet||_F=  1.0206E-12max|Frechet|=  1.2866E-17
||Frechet||_F=  1.0206E-12max|Frechet|=  1.2866E-17
||Frechet||_F=  1.0206E-12max|Frechet|=  1.2866E-17
||Frechet||_F=  1.0206E-12max|Frechet|=  1.2866E-17
Grad block  10 GRAD_SCALED MORM =   3.8746E-05
MT try: alpha=  3.5191E-02  phi=  6.1273E-07  dg= -7.2808E-07  dg0= -1.0220E-06
MT try: armijo_rhs=  6.3647E-07  armijo=T  curvature=T  task=FG
  
  
  
  
  
Convergence reached, updating parameter grid
ALPHA from line search =  .3519075454063591E-01
 FCOST0 after linesearch  6.127281345918977E-007
Norm of s (s_norm) =  .1013677674292194E-01
  
Convergence check at iteration   10
  Relative cost decrease  =  3.7313E-02
  Relative model update   =  0.0000E+00
  Relative grad. norm     =  1.0651E-01
Time for LBFGS =  16.96421813964844 min
 --------- Frequency   3.30000000000000       (band            1 )
[ComputeAcqWeight] empty acq_weight_file, using uniform weights = 1.0
Data weighting computed for frequency 4607182418800017373
Data weighting computed for frequency 4607182418800017373
XSRmin, XSRmax, ZSRmin, ZSRMax -1960.000000000000 .000000000000000 2050.000000000000 4030.000000000000
1 FKYC
1.2 FKYC
Data weighting computed for frequency 4607182418800017373
my_rank, FKYC,WLMAX, RMAX 0 .2704501501785996E-01 1552.357210558415 2786.036611389018
1.1 NK
NK in cky2= 55

  Number of wavenumber samples (NK) for FREQ =   55
Data weighting computed for frequency 4607182418800017373
Data weighting computed for frequency 4607182418800017373
Data weighting computed for frequency 4607182418800017373
  RMAX = 2786.04
--- Pre-solver preview (memory + RHS workload) ---
   GQG dims: NNX=       585  NNZ=       317  NPT=    185445
   DOF:     N=3*NPT =    556335
   Sources: NSR=       100  NSS=        20  NK=        55
   RHS total (per IK): nrhs_tot=3*NSS =        60
   Batch:    MAX_RHS_BATCH=        32  nbatches=         2
   GFMY  (GFX+GFY+GFZ):         13.679 GB
   RHS_MY(rhs+sol buffers):      0.531 GB
 
 running run_ik_loop_pardiso
before CA | VmRSS=  15.459 GB  VmHWM=  81.337 GB
after CA | VmRSS=  16.231 GB  VmHWM=  81.337 GB
after factor | VmRSS=  19.995 GB  VmHWM=  81.337 GB
f=     3.300 Hz | ky=  0.491728E-03 | IK=       1/      55 | t=   17.329700 s | CA=  2.5594 | fact= 12.8415 | GF=  1.9286 | solve=  1.7717 | scatter=  0.0537
f=     3.300 Hz | ky=  0.983455E-03 | IK=       2/      55 | t=    6.984100 s | CA=  2.5676 | fact=  2.5890 | GF=  1.8275 | solve=  1.7006 | scatter=  0.0534
f=     3.300 Hz | ky=  0.147518E-02 | IK=       3/      55 | t=    6.947700 s | CA=  2.5638 | fact=  2.5584 | GF=  1.8254 | solve=  1.6965 | scatter=  0.0554
f=     3.300 Hz | ky=  0.196691E-02 | IK=       4/      55 | t=    6.951400 s | CA=  2.5633 | fact=  2.5626 | GF=  1.8254 | solve=  1.6988 | scatter=  0.0530
f=     3.300 Hz | ky=  0.245864E-02 | IK=       5/      55 | t=    6.938600 s | CA=  2.5703 | fact=  2.5376 | GF=  1.8306 | solve=  1.7040 | scatter=  0.0530
f=     3.300 Hz | ky=  0.295037E-02 | IK=       6/      55 | t=    7.001800 s | CA=  2.5788 | fact=  2.5756 | GF=  1.8473 | solve=  1.7193 | scatter=  0.0546
f=     3.300 Hz | ky=  0.344209E-02 | IK=       7/      55 | t=    6.939300 s | CA=  2.5460 | fact=  2.5699 | GF=  1.8233 | solve=  1.6953 | scatter=  0.0542
f=     3.300 Hz | ky=  0.393382E-02 | IK=       8/      55 | t=    6.960700 s | CA=  2.5825 | fact=  2.5504 | GF=  1.8278 | solve=  1.7013 | scatter=  0.0530
f=     3.300 Hz | ky=  0.442555E-02 | IK=       9/      55 | t=    7.005800 s | CA=  2.6010 | fact=  2.5803 | GF=  1.8244 | solve=  1.6971 | scatter=  0.0537
f=     3.300 Hz | ky=  0.491728E-02 | IK=      10/      55 | t=    7.048100 s | CA=  2.6706 | fact=  2.5469 | GF=  1.8305 | solve=  1.7010 | scatter=  0.0555
PARDISO mem (f=  3.30 Hz): sym=  1.95 GB  perm=  1.42 GB  num=  3.22 GB  
peak=  4.64 GB
t_global   =    116.360 s
TIME for 1st forward modeling =  1.939399973551432  min
TIME for GT0 =  .5203333497047424E-02  min
Data scaler W for L2 norm: 58592054187033.55
Data scaler W for WQS norm: .1007948000807317E-312
Total number of active inversion parameters for current sequential stage (IM):          1
Total model blocks points (NM = IM * NBLOCK):      11534 on grid (NMM = IM * NPT):    185445
 Gradient balance ():   1.00000000000000        1.00000000000000     
   1.00000000000000        1.00000000000000        1.00000000000000     
   1.00000000000000        1.00000000000000        1.00000000000000     
   1.00000000000000        1.00000000000000        1.00000000000000     
 IE0, IZ          30           0
 IE0, IZ, GZ1, GZ2 =           30           0   100.000000000000     
   300.000000000000     
  
 Frequency:           2 Iteration:           1
--- Pre-solver preview (memory + RHS workload) ---
   GQG dims: NNX=       585  NNZ=       317  NPT=    185445
   DOF:     N=3*NPT =    556335
   Sources: NSR=       100  NSS=       100  NK=        55
   RHS total (per IK): nrhs_tot=3*NSS =       300
   Batch:    MAX_RHS_BATCH=        32  nbatches=        10
   GFMY  (GFX+GFY+GFZ):         68.393 GB
   RHS_MY(rhs+sol buffers):      0.531 GB
 
 running run_ik_loop_pardiso
before CA | VmRSS=  71.001 GB  VmHWM=  81.337 GB
after CA | VmRSS=  72.246 GB  VmHWM=  81.337 GB
after factor | VmRSS=  76.006 GB  VmHWM=  81.337 GB
f=     3.300 Hz | ky=  0.491728E-03 | IK=       1/      55 | t=   24.403300 s | CA=  2.5564 | fact= 12.8495 | GF=  8.9972 | solve=  8.3272 | scatter=  0.2567
f=     3.300 Hz | ky=  0.983455E-03 | IK=       2/      55 | t=   13.821000 s | CA=  2.5699 | fact=  2.5798 | GF=  8.6712 | solve=  8.0302 | scatter=  0.2581
f=     3.300 Hz | ky=  0.147518E-02 | IK=       3/      55 | t=   13.639100 s | CA=  2.6347 | fact=  2.6143 | GF=  8.3900 | solve=  7.7488 | scatter=  0.2591
f=     3.300 Hz | ky=  0.196691E-02 | IK=       4/      55 | t=   13.580700 s | CA=  2.5860 | fact=  2.5893 | GF=  8.4053 | solve=  7.7578 | scatter=  0.2650
f=     3.300 Hz | ky=  0.245864E-02 | IK=       5/      55 | t=   13.574400 s | CA=  2.5902 | fact=  2.5904 | GF=  8.3938 | solve=  7.7525 | scatter=  0.2584
f=     3.300 Hz | ky=  0.295037E-02 | IK=       6/      55 | t=   13.527500 s | CA=  2.5787 | fact=  2.5629 | GF=  8.3858 | solve=  7.7469 | scatter=  0.2562
f=     3.300 Hz | ky=  0.344209E-02 | IK=       7/      55 | t=   13.548900 s | CA=  2.5753 | fact=  2.5657 | GF=  8.4078 | solve=  7.7597 | scatter=  0.2653
f=     3.300 Hz | ky=  0.393382E-02 | IK=       8/      55 | t=   13.561800 s | CA=  2.5743 | fact=  2.5874 | GF=  8.4001 | solve=  7.7534 | scatter=  0.2650
f=     3.300 Hz | ky=  0.442555E-02 | IK=       9/      55 | t=   13.696900 s | CA=  2.6991 | fact=  2.6015 | GF=  8.3962 | solve=  7.7558 | scatter=  0.2581
f=     3.300 Hz | ky=  0.491728E-02 | IK=      10/      55 | t=   13.578900 s | CA=  2.5719 | fact=  2.5992 | GF=  8.4078 | solve=  7.7622 | scatter=  0.2637
PARDISO mem (f=  3.30 Hz): sym=  1.95 GB  perm=  1.42 GB  num=  3.22 GB  
peak=  4.64 GB
t_global   =    327.932 s
TIME for 2d forward modeling_i calc =  5.463425191243489 min
Rank    4 -> ID range:   3201 to   4000 | Tasks:    800
Rank    5 -> ID range:   4001 to   4800 | Tasks:    800
Rank    2 -> ID range:   1601 to   2400 | Tasks:    800
Rank    1 -> ID range:    801 to   1600 | Tasks:    800
Rank    3 -> ID range:   2401 to   3200 | Tasks:    800
  
 -------------- calculate Frechet derivatives -----------
 IFREQ =           2    ITERATION =           1
Frechet memory size Frec_my:      0.825 (Gb)
Rank    0 -> ID range:      1 to    800 | Tasks:    800
FREQ:      3.3 Hz, ITER=       1  Frechet Derivative ID=     100/    4800 Finished   0.224300 s
FREQ:      3.3 Hz, ITER=       1  Frechet Derivative ID=     200/    4800 Finished   0.224400 s
FREQ:      3.3 Hz, ITER=       1  Frechet Derivative ID=     300/    4800 Finished   0.225000 s
FREQ:      3.3 Hz, ITER=       1  Frechet Derivative ID=     400/    4800 Finished   0.213400 s
FREQ:      3.3 Hz, ITER=       1  Frechet Derivative ID=     500/    4800 Finished   0.218700 s
FREQ:      3.3 Hz, ITER=       1  Frechet Derivative ID=     600/    4800 Finished   0.204300 s
FREQ:      3.3 Hz, ITER=       1  Frechet Derivative ID=     700/    4800 Finished   0.210300 s
FREQ:      3.3 Hz, ITER=       1  Frechet Derivative ID=     800/    4800 Finished   0.220900 s
||Frechet||_F=  1.0691E-12max|Frechet|=  1.4554E-17
||Frechet||_F=  1.0691E-12max|Frechet|=  1.4554E-17
||Frechet||_F=  1.0691E-12max|Frechet|=  1.4554E-17
||Frechet||_F=  1.0691E-12max|Frechet|=  1.4554E-17
||Frechet||_F=  1.0691E-12max|Frechet|=  1.4554E-17
||Frechet||_F=  1.0691E-12max|Frechet|=  1.4554E-17
 
TIME for Frechet calc =  3.039944966634115 min
 
m_fine: min=  4.4592E+01  max=  1.0479E+02  mean=  8.2343E+01  ||.||2=  3.6875E+04  size=  185445
m_coarse_prev: min=  4.4794E+01  max=  1.0446E+02  mean=  8.2364E+01  ||.||2=  9.1977E+03  size=   11534
 
  compute the residual and the cost function
 WD_amp= 5.85921E+13  RESID_RMS= 1.20846E-03  FCOST_DATA= 7.30184E-07  FCOST0= 7.30184E-07
IA= 10  H(single F0) min= 0.00000E+00  max= 2.14120E-02
IA= 10  H(F0^2)     min= 0.00000E+00  max= 2.14120E-02
HESSD: ia=  10  min= 0.00000E+00  max= 4.67010E+04
IA= 10  H(single F0) min= 0.00000E+00  max= 2.14120E-02
IA= 10  H(F0^2)     min= 0.00000E+00  max= 2.14120E-02
HESSD: ia=  10  min= 0.00000E+00  max= 4.67010E+04
IA= 10  H(single F0) min= 0.00000E+00  max= 2.14120E-02
IA= 10  H(F0^2)     min= 0.00000E+00  max= 2.14120E-02
HESSD: ia=  10  min= 0.00000E+00  max= 4.67010E+04
IA= 10  H(single F0) min= 0.00000E+00  max= 2.14120E-02
IA= 10  H(F0^2)     min= 0.00000E+00  max= 2.14120E-02
HESSD: ia=  10  min= 0.00000E+00  max= 4.67010E+04
IA= 10  H(single F0) min= 0.00000E+00  max= 2.14120E-02
IA= 10  H(F0^2)     min= 0.00000E+00  max= 2.14120E-02
HESSD: ia=  10  min= 0.00000E+00  max= 4.67010E+04
IA= 10  H(single F0) min= 0.00000E+00  max= 2.14120E-02
IA= 10  H(F0^2)     min= 0.00000E+00  max= 2.14120E-02
HESSD: ia=  10  min= 0.00000E+00  max= 4.67010E+04
Grad block  10 GRAD_SCALED MORM =   4.7806E-05
Raw grad block 10  PAR={Q44}  min= -5.8514E-09  max=  7.3935E-09  L2=  3.5804E-08
Gradient finished
Start LBFGS 
LBFGS steepest step , iter=      1
  g·p = -3.8076E-06  ||p|| =  1.8656E-01
  min(p)= -2.0803E-03  max(p)=  1.0959E-02
LBFGS p_k (unscaled) stats per active parameter:
  IA= 10  PAR={Q44}  min=-2.85291E+00  max= 1.50295E+01  L2= 2.55856E+02
min(p_k)= -2.0803E-03  max(p_k)=  1.0959E-02  ||p_k||=  1.8656E-01
min(p_kf)= -2.0803E-03  max(p_kf)=  1.0959E-02  ||p_kf||=  7.4625E-01
p_k/p_kf  =   2.5000E-01
Start linesearch
BT entry: phi(0)=  7.3018E-07  g·p(0)= -3.8076E-06
 UPDATEPARAMETER: f-scale only
UPDATEPARAMETER PAR_STEP min/max, V_STEP min/max =  4.4325821653E+01  1.0471290344E+02
  4.4325821653E+01  1.0471290344E+02
REL STEP Q      : k= 10 row=  5 rmax_k=  3.1099E-01 row_scale=  1.0479E+02
BT cap probe: rmax1=  3.1099E-01  alpha_cap=  1.0000E+00  alpha00=  1.0000E+00
 UPDATEPARAMETER: f-scale only
UPDATEPARAMETER PAR_STEP min/max, V_STEP min/max =  4.4325821653E+01  1.0471290344E+02
  4.4325821653E+01  1.0471290344E+02
 running run_ik_loop_pardiso
before CA | VmRSS=  16.427 GB  VmHWM=  81.337 GB
after CA | VmRSS=  17.662 GB  VmHWM=  81.337 GB
after factor | VmRSS=  21.429 GB  VmHWM=  81.337 GB
f=     3.300 Hz | ky=  0.491728E-03 | IK=       1/      55 | t=   17.342000 s | CA=  2.5731 | fact= 12.8345 | GF=  1.9342 | solve=  1.7764 | scatter=  0.0544
f=     3.300 Hz | ky=  0.983455E-03 | IK=       2/      55 | t=    7.029600 s | CA=  2.6076 | fact=  2.5944 | GF=  1.8275 | solve=  1.6992 | scatter=  0.0546
f=     3.300 Hz | ky=  0.147518E-02 | IK=       3/      55 | t=    6.981100 s | CA=  2.5901 | fact=  2.5587 | GF=  1.8323 | solve=  1.7028 | scatter=  0.0560
f=     3.300 Hz | ky=  0.196691E-02 | IK=       4/      55 | t=    6.966100 s | CA=  2.5537 | fact=  2.5867 | GF=  1.8257 | solve=  1.6999 | scatter=  0.0523
f=     3.300 Hz | ky=  0.245864E-02 | IK=       5/      55 | t=    7.047100 s | CA=  2.6376 | fact=  2.5817 | GF=  1.8277 | solve=  1.7015 | scatter=  0.0527
f=     3.300 Hz | ky=  0.295037E-02 | IK=       6/      55 | t=    6.978300 s | CA=  2.5767 | fact=  2.5748 | GF=  1.8268 | solve=  1.6981 | scatter=  0.0549
f=     3.300 Hz | ky=  0.344209E-02 | IK=       7/      55 | t=    7.082400 s | CA=  2.6610 | fact=  2.5879 | GF=  1.8335 | solve=  1.7057 | scatter=  0.0540
f=     3.300 Hz | ky=  0.393382E-02 | IK=       8/      55 | t=    6.951400 s | CA=  2.5784 | fact=  2.5529 | GF=  1.8200 | solve=  1.6953 | scatter=  0.0508
f=     3.300 Hz | ky=  0.442555E-02 | IK=       9/      55 | t=    7.026100 s | CA=  2.6231 | fact=  2.5828 | GF=  1.8202 | solve=  1.6921 | scatter=  0.0542
f=     3.300 Hz | ky=  0.491728E-02 | IK=      10/      55 | t=    7.010300 s | CA=  2.6055 | fact=  2.5775 | GF=  1.8272 | solve=  1.7021 | scatter=  0.0515
PARDISO mem (f=  3.30 Hz): sym=  1.95 GB  perm=  1.42 GB  num=  3.22 GB  
peak=  4.64 GB
 WD_amp= 5.85921E+13  RESID_RMS= 1.07854E-02  FCOST_DATA= 5.81625E-05  FCOST0= 5.81625E-05
BT: alpha=  1.0000E+00  phi=  5.8162E-05  rhs=  7.2980E-07
 UPDATEPARAMETER: f-scale only
UPDATEPARAMETER PAR_STEP min/max, V_STEP min/max =  4.5039744384E+01  1.0475157268E+02
  4.5039744384E+01  1.0475157268E+02
 running run_ik_loop_pardiso
before CA | VmRSS=  16.327 GB  VmHWM=  81.337 GB
after CA | VmRSS=  17.392 GB  VmHWM=  81.337 GB
after factor | VmRSS=  21.154 GB  VmHWM=  81.337 GB
f=     3.300 Hz | ky=  0.491728E-03 | IK=       1/      55 | t=   17.328800 s | CA=  2.5388 | fact= 12.8608 | GF=  1.9290 | solve=  1.7717 | scatter=  0.0542
f=     3.300 Hz | ky=  0.983455E-03 | IK=       2/      55 | t=    6.989100 s | CA=  2.5905 | fact=  2.5710 | GF=  1.8276 | solve=  1.7000 | scatter=  0.0542
f=     3.300 Hz | ky=  0.147518E-02 | IK=       3/      55 | t=    7.032500 s | CA=  2.6353 | fact=  2.5769 | GF=  1.8202 | solve=  1.6945 | scatter=  0.0520
f=     3.300 Hz | ky=  0.196691E-02 | IK=       4/      55 | t=    6.969700 s | CA=  2.5640 | fact=  2.5824 | GF=  1.8233 | solve=  1.6961 | scatter=  0.0537
f=     3.300 Hz | ky=  0.245864E-02 | IK=       5/      55 | t=    7.024000 s | CA=  2.6407 | fact=  2.5599 | GF=  1.8234 | solve=  1.6951 | scatter=  0.0544
f=     3.300 Hz | ky=  0.295037E-02 | IK=       6/      55 | t=    6.925300 s | CA=  2.5224 | fact=  2.5752 | GF=  1.8277 | solve=  1.6991 | scatter=  0.0549
f=     3.300 Hz | ky=  0.344209E-02 | IK=       7/      55 | t=    7.019200 s | CA=  2.6333 | fact=  2.5659 | GF=  1.8199 | solve=  1.6935 | scatter=  0.0528
f=     3.300 Hz | ky=  0.393382E-02 | IK=       8/      55 | t=    6.941500 s | CA=  2.5383 | fact=  2.5790 | GF=  1.8241 | solve=  1.6967 | scatter=  0.0534
f=     3.300 Hz | ky=  0.442555E-02 | IK=       9/      55 | t=    7.007800 s | CA=  2.6256 | fact=  2.5597 | GF=  1.8225 | solve=  1.6949 | scatter=  0.0538
f=     3.300 Hz | ky=  0.491728E-02 | IK=      10/      55 | t=    6.948300 s | CA=  2.5301 | fact=  2.5840 | GF=  1.8342 | solve=  1.7057 | scatter=  0.0546
PARDISO mem (f=  3.30 Hz): sym=  1.95 GB  perm=  1.42 GB  num=  3.22 GB  
peak=  4.64 GB
 WD_amp= 5.85921E+13  RESID_RMS= 5.47351E-03  FCOST_DATA= 1.49796E-05  FCOST0= 1.49796E-05
BT: alpha=  5.0000E-01  phi=  1.4980E-05  rhs=  7.2999E-07
 UPDATEPARAMETER: f-scale only
UPDATEPARAMETER PAR_STEP min/max, V_STEP min/max =  4.4926749644E+01  1.0477090731E+02
  4.4926749644E+01  1.0477090731E+02
 running run_ik_loop_pardiso
before CA | VmRSS=  16.892 GB  VmHWM=  81.337 GB
after CA | VmRSS=  17.829 GB  VmHWM=  81.337 GB
after factor | VmRSS=  21.591 GB  VmHWM=  81.337 GB
f=     3.300 Hz | ky=  0.491728E-03 | IK=       1/      55 | t=   17.345200 s | CA=  2.5617 | fact= 12.8597 | GF=  1.9236 | solve=  1.7674 | scatter=  0.0527
f=     3.300 Hz | ky=  0.983455E-03 | IK=       2/      55 | t=    6.978300 s | CA=  2.6110 | fact=  2.5401 | GF=  1.8272 | solve=  1.6982 | scatter=  0.0552
f=     3.300 Hz | ky=  0.147518E-02 | IK=       3/      55 | t=    7.015500 s | CA=  2.6085 | fact=  2.5790 | GF=  1.8280 | solve=  1.7002 | scatter=  0.0544
f=     3.300 Hz | ky=  0.196691E-02 | IK=       4/      55 | t=    6.931000 s | CA=  2.5753 | fact=  2.5318 | GF=  1.8239 | solve=  1.6961 | scatter=  0.0540
f=     3.300 Hz | ky=  0.245864E-02 | IK=       5/      55 | t=    6.998400 s | CA=  2.6077 | fact=  2.5655 | GF=  1.8252 | solve=  1.6996 | scatter=  0.0515
f=     3.300 Hz | ky=  0.295037E-02 | IK=       6/      55 | t=    6.972200 s | CA=  2.5819 | fact=  2.5664 | GF=  1.8239 | solve=  1.6975 | scatter=  0.0524
f=     3.300 Hz | ky=  0.344209E-02 | IK=       7/      55 | t=    7.001500 s | CA=  2.6055 | fact=  2.5746 | GF=  1.8214 | solve=  1.6935 | scatter=  0.0543
f=     3.300 Hz | ky=  0.393382E-02 | IK=       8/      55 | t=    6.945400 s | CA=  2.5495 | fact=  2.5702 | GF=  1.8257 | solve=  1.6984 | scatter=  0.0534
f=     3.300 Hz | ky=  0.442555E-02 | IK=       9/      55 | t=    6.961100 s | CA=  2.5608 | fact=  2.5749 | GF=  1.8254 | solve=  1.6967 | scatter=  0.0552
f=     3.300 Hz | ky=  0.491728E-02 | IK=      10/      55 | t=    6.978700 s | CA=  2.5825 | fact=  2.5688 | GF=  1.8274 | solve=  1.7016 | scatter=  0.0524
PARDISO mem (f=  3.30 Hz): sym=  1.95 GB  perm=  1.42 GB  num=  3.22 GB  
peak=  4.64 GB
 WD_amp= 5.85921E+13  RESID_RMS= 2.72523E-03  FCOST_DATA= 3.71344E-06  FCOST0= 3.71344E-06
BT: alpha=  2.5000E-01  phi=  3.7134E-06  rhs=  7.3009E-07
 UPDATEPARAMETER: f-scale only
UPDATEPARAMETER PAR_STEP min/max, V_STEP min/max =  4.4775306424E+01  1.0478174864E+02
  4.4775306424E+01  1.0478174864E+02
 running run_ik_loop_pardiso
before CA | VmRSS=  16.892 GB  VmHWM=  81.337 GB
after CA | VmRSS=  17.899 GB  VmHWM=  81.337 GB
after factor | VmRSS=  21.663 GB  VmHWM=  81.337 GB
f=     3.300 Hz | ky=  0.491728E-03 | IK=       1/      55 | t=   17.327700 s | CA=  2.5644 | fact= 12.8377 | GF=  1.9254 | solve=  1.7692 | scatter=  0.0530
f=     3.300 Hz | ky=  0.983455E-03 | IK=       2/      55 | t=    6.963600 s | CA=  2.5683 | fact=  2.5733 | GF=  1.8220 | solve=  1.6955 | scatter=  0.0525
f=     3.300 Hz | ky=  0.147518E-02 | IK=       3/      55 | t=    6.999800 s | CA=  2.6037 | fact=  2.5736 | GF=  1.8225 | solve=  1.6947 | scatter=  0.0540
f=     3.300 Hz | ky=  0.196691E-02 | IK=       4/      55 | t=    6.993100 s | CA=  2.5903 | fact=  2.5782 | GF=  1.8246 | solve=  1.6975 | scatter=  0.0531
f=     3.300 Hz | ky=  0.245864E-02 | IK=       5/      55 | t=    7.023400 s | CA=  2.6213 | fact=  2.5672 | GF=  1.8348 | solve=  1.7067 | scatter=  0.0541
f=     3.300 Hz | ky=  0.295037E-02 | IK=       6/      55 | t=    6.933100 s | CA=  2.5449 | fact=  2.5646 | GF=  1.8235 | solve=  1.6946 | scatter=  0.0551
f=     3.300 Hz | ky=  0.344209E-02 | IK=       7/      55 | t=    6.994000 s | CA=  2.6015 | fact=  2.5689 | GF=  1.8236 | solve=  1.6953 | scatter=  0.0545
f=     3.300 Hz | ky=  0.393382E-02 | IK=       8/      55 | t=    6.999700 s | CA=  2.5930 | fact=  2.5827 | GF=  1.8239 | solve=  1.6967 | scatter=  0.0534
f=     3.300 Hz | ky=  0.442555E-02 | IK=       9/      55 | t=    6.972200 s | CA=  2.5693 | fact=  2.5822 | GF=  1.8206 | solve=  1.6921 | scatter=  0.0550
f=     3.300 Hz | ky=  0.491728E-02 | IK=      10/      55 | t=    6.973800 s | CA=  2.5800 | fact=  2.5719 | GF=  1.8219 | solve=  1.6955 | scatter=  0.0531
PARDISO mem (f=  3.30 Hz): sym=  1.95 GB  perm=  1.42 GB  num=  3.22 GB  
peak=  4.64 GB
 WD_amp= 5.85921E+13  RESID_RMS= 1.48994E-03  FCOST_DATA= 1.10996E-06  FCOST0= 1.10996E-06
BT: alpha=  1.2500E-01  phi=  1.1100E-06  rhs=  7.3014E-07
 UPDATEPARAMETER: f-scale only
UPDATEPARAMETER PAR_STEP min/max, V_STEP min/max =  4.4693665051E+01  1.0478808658E+02
  4.4693665051E+01  1.0478808658E+02
 running run_ik_loop_pardiso
before CA | VmRSS=  16.898 GB  VmHWM=  81.337 GB
after CA | VmRSS=  17.538 GB  VmHWM=  81.337 GB
after factor | VmRSS=  21.306 GB  VmHWM=  81.337 GB
f=     3.300 Hz | ky=  0.491728E-03 | IK=       1/      55 | t=   17.340300 s | CA=  2.5541 | fact= 12.8513 | GF=  1.9347 | solve=  1.7782 | scatter=  0.0528
f=     3.300 Hz | ky=  0.983455E-03 | IK=       2/      55 | t=    6.969000 s | CA=  2.5610 | fact=  2.5738 | GF=  1.8341 | solve=  1.7076 | scatter=  0.0528
f=     3.300 Hz | ky=  0.147518E-02 | IK=       3/      55 | t=    6.949200 s | CA=  2.5633 | fact=  2.5671 | GF=  1.8188 | solve=  1.6921 | scatter=  0.0531
f=     3.300 Hz | ky=  0.196691E-02 | IK=       4/      55 | t=    6.964000 s | CA=  2.5604 | fact=  2.5776 | GF=  1.8260 | solve=  1.6972 | scatter=  0.0547
f=     3.300 Hz | ky=  0.245864E-02 | IK=       5/      55 | t=    6.943400 s | CA=  2.5670 | fact=  2.5528 | GF=  1.8235 | solve=  1.6974 | scatter=  0.0527
f=     3.300 Hz | ky=  0.295037E-02 | IK=       6/      55 | t=    6.971700 s | CA=  2.6079 | fact=  2.5391 | GF=  1.8246 | solve=  1.6963 | scatter=  0.0544
f=     3.300 Hz | ky=  0.344209E-02 | IK=       7/      55 | t=    7.009500 s | CA=  2.5992 | fact=  2.5853 | GF=  1.8250 | solve=  1.6986 | scatter=  0.0529
f=     3.300 Hz | ky=  0.393382E-02 | IK=       8/      55 | t=    6.964900 s | CA=  2.5815 | fact=  2.5585 | GF=  1.8248 | solve=  1.6989 | scatter=  0.0525
f=     3.300 Hz | ky=  0.442555E-02 | IK=       9/      55 | t=    6.934600 s | CA=  2.5602 | fact=  2.5484 | GF=  1.8260 | solve=  1.6982 | scatter=  0.0542
f=     3.300 Hz | ky=  0.491728E-02 | IK=      10/      55 | t=    6.960300 s | CA=  2.5527 | fact=  2.5828 | GF=  1.8247 | solve=  1.6963 | scatter=  0.0549
PARDISO mem (f=  3.30 Hz): sym=  1.95 GB  perm=  1.42 GB  num=  3.22 GB  
peak=  4.64 GB
  
 WD_amp= 5.85921E+13  RESID_RMS= 1.12405E-03  FCOST_DATA= 6.31740E-07  FCOST0= 6.31740E-07
BT: alpha=  6.2500E-02  phi=  6.3174E-07  rhs=  7.3016E-07
  
  
  
  
Convergence reached, updating parameter grid
ALPHA from line search =  .6250000000000000E-01
 FCOST0 after linesearch  6.317396737994488E-007
Norm of s (s_norm) =  .1166021128945892E-01
  
Time for LBFGS =  9.622891235351563 min
  
 Frequency:           2 Iteration:           2
t_global   =    332.346 s
  
 -------------- calculate Frechet derivatives -----------
 IFREQ =           2    ITERATION =           2
||Frechet||_F=  1.0639E-12max|Frechet|=  1.4554E-17
||Frechet||_F=  1.0639E-12max|Frechet|=  1.4554E-17
||Frechet||_F=  1.0639E-12max|Frechet|=  1.4554E-17
||Frechet||_F=  1.0639E-12max|Frechet|=  1.4554E-17
||Frechet||_F=  1.0639E-12max|Frechet|=  1.4554E-17
||Frechet||_F=  1.0639E-12max|Frechet|=  1.4554E-17
 
TIME for Frechet calc =  2.983403269449870 min
 
 
  compute the residual and the cost function
 WD_amp= 5.85921E+13  RESID_RMS= 1.12405E-03  FCOST_DATA= 6.31740E-07  FCOST0= 6.31740E-07
Grad block  10 GRAD_SCALED MORM =   4.5709E-05
Raw grad block 10  PAR={Q44}  min= -3.3156E-09  max=  5.3691E-09  L2=  3.3891E-08
Gradient finished
Start LBFGS 
curvature (warm): s·y=  4.1831E-07  ||s||^2=  1.3596E-04  ||y||^2=  3.3532E-09  sTy_min=  6.7520E-08
LBFGS step: g·p = -6.2992E-07  ||p||=  9.4803E-02
LBFGS step: min(p)= -6.1161E-03  max(p)=  8.5704E-03
LBFGS p_k (unscaled) stats per active parameter:
  IA= 10  PAR={Q44}  min=-8.38766E+00  max= 1.17536E+01  L2= 1.30014E+02
min(p_k)= -6.1161E-03  max(p_k)=  8.5704E-03  ||p_k||=  9.4803E-02
min(p_kf)= -6.1161E-03  max(p_kf)=  8.5704E-03  ||p_kf||=  3.7921E-01
p_k/p_kf  =   2.5000E-01
Start linesearch
MT entry: phi(0)=  6.3174E-07  dg0= -6.2992E-07  alpha0=  1.0000E+00
 UPDATEPARAMETER: f-scale only
UPDATEPARAMETER PAR_STEP min/max, V_STEP min/max =  4.1250098800E+01  1.0470830556E+02
  4.1250098800E+01  1.0470830556E+02
 WD_amp= 5.85921E+13  RESID_RMS= 2.56811E-03  FCOST_DATA= 3.29759E-06  FCOST0= 3.29759E-06
  
 -------------- calculate Frechet derivatives -----------
 IFREQ =           2    ITERATION =           2
||Frechet||_F=  1.0601E-12max|Frechet|=  1.4550E-17
||Frechet||_F=  1.0601E-12max|Frechet|=  1.4550E-17
||Frechet||_F=  1.0601E-12max|Frechet|=  1.4550E-17
||Frechet||_F=  1.0601E-12max|Frechet|=  1.4550E-17
||Frechet||_F=  1.0601E-12max|Frechet|=  1.4550E-17
||Frechet||_F=  1.0601E-12max|Frechet|=  1.4550E-17
Grad block  10 GRAD_SCALED MORM =   1.4115E-04
MT try: alpha=  1.0000E+00  phi=  3.2976E-06  dg=  4.1035E-06  dg0= -6.2992E-07
MT try: armijo_rhs=  6.3168E-07  armijo=F  curvature=F  task=FG
 UPDATEPARAMETER: f-scale only
UPDATEPARAMETER PAR_STEP min/max, V_STEP min/max =  4.4722954648E+01  1.0478195151E+02
  4.4722954648E+01  1.0478195151E+02
 WD_amp= 5.85921E+13  RESID_RMS= 1.07281E-03  FCOST_DATA= 5.75465E-07  FCOST0= 5.75465E-07
  
 -------------- calculate Frechet derivatives -----------
 IFREQ =           2    ITERATION =           2
||Frechet||_F=  1.0635E-12max|Frechet|=  1.4554E-17
||Frechet||_F=  1.0635E-12max|Frechet|=  1.4554E-17
||Frechet||_F=  1.0635E-12max|Frechet|=  1.4554E-17
||Frechet||_F=  1.0635E-12max|Frechet|=  1.4554E-17
||Frechet||_F=  1.0635E-12max|Frechet|=  1.4554E-17
||Frechet||_F=  1.0635E-12max|Frechet|=  1.4554E-17
Grad block  10 GRAD_SCALED MORM =   4.0985E-05
MT try: alpha=  6.3276E-02  phi=  5.7546E-07  dg= -3.4869E-07  dg0= -6.2992E-07
MT try: armijo_rhs=  6.3174E-07  armijo=T  curvature=T  task=FG
  
  
  
  
  
Convergence reached, updating parameter grid
ALPHA from line search =  .6327635286243595E-01
 FCOST0 after linesearch  5.754645299536989E-007
Norm of s (s_norm) =  .5998757309011057E-02
  
Time for LBFGS =  17.00163675944010 min
  
 Frequency:           2 Iteration:           3
t_global   =    332.120 s
  
 -------------- calculate Frechet derivatives -----------
 IFREQ =           2    ITERATION =           3
||Frechet||_F=  1.0635E-12max|Frechet|=  1.4554E-17
||Frechet||_F=  1.0635E-12max|Frechet|=  1.4554E-17
||Frechet||_F=  1.0635E-12max|Frechet|=  1.4554E-17
||Frechet||_F=  1.0635E-12max|Frechet|=  1.4554E-17
||Frechet||_F=  1.0635E-12max|Frechet|=  1.4554E-17
||Frechet||_F=  1.0635E-12max|Frechet|=  1.4554E-17
 
TIME for Frechet calc =  3.066275024414062 min
 
 
  compute the residual and the cost function
 WD_amp= 5.85921E+13  RESID_RMS= 1.07281E-03  FCOST_DATA= 5.75465E-07  FCOST0= 5.75465E-07
Grad block  10 GRAD_SCALED MORM =   4.0985E-05
Gradient finished
Start LBFGS 
curvature (warm): s·y=  1.7795E-08  ||s||^2=  3.5985E-05  ||y||^2=  5.2299E-11  sTy_min=  4.3382E-09
LBFGS step: g·p = -6.0016E-07  ||p||=  1.2780E-01
LBFGS step: min(p)= -7.8628E-03  max(p)=  8.8491E-03
LBFGS p_k (unscaled) stats per active parameter:
  IA= 10  PAR={Q44}  min=-1.07831E+01  max= 1.21358E+01  L2= 1.75270E+02
min(p_k)= -7.8628E-03  max(p_k)=  8.8491E-03  ||p_k||=  1.2780E-01
min(p_kf)= -7.8628E-03  max(p_kf)=  8.8491E-03  ||p_kf||=  5.1121E-01
p_k/p_kf  =   2.5000E-01
Start linesearch
MT entry: phi(0)=  5.7546E-07  dg0= -6.0016E-07  alpha0=  1.0000E+00
 UPDATEPARAMETER: f-scale only
UPDATEPARAMETER PAR_STEP min/max, V_STEP min/max =  3.7440502098E+01  1.0472858541E+02
  3.7440502098E+01  1.0472858541E+02
 WD_amp= 5.85921E+13  RESID_RMS= 3.02138E-03  FCOST_DATA= 4.56438E-06  FCOST0= 4.56438E-06
  
 -------------- calculate Frechet derivatives -----------
 IFREQ =           2    ITERATION =           3
||Frechet||_F=  1.0740E-12max|Frechet|=  1.4544E-17
||Frechet||_F=  1.0740E-12max|Frechet|=  1.4544E-17
||Frechet||_F=  1.0740E-12max|Frechet|=  1.4544E-17
||Frechet||_F=  1.0740E-12max|Frechet|=  1.4544E-17
||Frechet||_F=  1.0740E-12max|Frechet|=  1.4544E-17
||Frechet||_F=  1.0740E-12max|Frechet|=  1.4544E-17
Grad block  10 GRAD_SCALED MORM =   1.8111E-04
MT try: alpha=  1.0000E+00  phi=  4.5644E-06  dg=  5.9248E-06  dg0= -6.0016E-07
MT try: armijo_rhs=  5.7540E-07  armijo=F  curvature=F  task=FG
 UPDATEPARAMETER: f-scale only
UPDATEPARAMETER PAR_STEP min/max, V_STEP min/max =  4.4760839413E+01  1.0477589796E+02
  4.4760839413E+01  1.0477589796E+02
 WD_amp= 5.85921E+13  RESID_RMS= 1.03895E-03  FCOST_DATA= 5.39712E-07  FCOST0= 5.39712E-07
  
 -------------- calculate Frechet derivatives -----------
 IFREQ =           2    ITERATION =           3
||Frechet||_F=  1.0638E-12max|Frechet|=  1.4553E-17
||Frechet||_F=  1.0638E-12max|Frechet|=  1.4553E-17
||Frechet||_F=  1.0638E-12max|Frechet|=  1.4553E-17
||Frechet||_F=  1.0638E-12max|Frechet|=  1.4553E-17
||Frechet||_F=  1.0638E-12max|Frechet|=  1.4553E-17
||Frechet||_F=  1.0638E-12max|Frechet|=  1.4553E-17
Grad block  10 GRAD_SCALED MORM =   3.8266E-05
MT try: alpha=  4.2423E-02  phi=  5.3971E-07  dg= -3.6962E-07  dg0= -6.0016E-07
MT try: armijo_rhs=  5.7546E-07  armijo=T  curvature=T  task=FG
  
  
  
  
  
Convergence reached, updating parameter grid
ALPHA from line search =  .4242336065911320E-01
 FCOST0 after linesearch  5.397119158528898E-007
Norm of s (s_norm) =  .5421808134890778E-02
  
Convergence check at iteration    3
  Relative cost decrease  =  6.2128E-02
  Relative model update   =  0.0000E+00
  Relative grad. norm     =  8.2494E-01
Time for LBFGS =  17.02174784342448 min
  
 Frequency:           2 Iteration:           4
t_global   =    332.200 s
  
 -------------- calculate Frechet derivatives -----------
 IFREQ =           2    ITERATION =           4
||Frechet||_F=  1.0638E-12max|Frechet|=  1.4553E-17
||Frechet||_F=  1.0638E-12max|Frechet|=  1.4553E-17
||Frechet||_F=  1.0638E-12max|Frechet|=  1.4553E-17
||Frechet||_F=  1.0638E-12max|Frechet|=  1.4553E-17
||Frechet||_F=  1.0638E-12max|Frechet|=  1.4553E-17
||Frechet||_F=  1.0638E-12max|Frechet|=  1.4553E-17
 
TIME for Frechet calc =  3.050800069173177 min
 
 
  compute the residual and the cost function
 WD_amp= 5.85921E+13  RESID_RMS= 1.03895E-03  FCOST_DATA= 5.39712E-07  FCOST0= 5.39712E-07
Grad block  10 GRAD_SCALED MORM =   3.8266E-05
Gradient finished
Start LBFGS 
curvature (warm): s·y=  9.7800E-09  ||s||^2=  2.9396E-05  ||y||^2=  2.9412E-11  sTy_min=  2.9404E-09
LBFGS history: used= 2  skipped= 1  worst_col= 3  bad_s·y=  9.7800E-09  bad_cos_sy=  3.3261E-01
LBFGS step: g·p = -3.0108E-07  ||p||=  8.4277E-02
LBFGS step: min(p)= -5.2403E-03  max(p)=  5.9970E-03
LBFGS p_k (unscaled) stats per active parameter:
  IA= 10  PAR={Q44}  min=-7.18665E+00  max= 8.22431E+00  L2= 1.15578E+02
min(p_k)= -5.2403E-03  max(p_k)=  5.9970E-03  ||p_k||=  8.4277E-02
min(p_kf)= -5.2403E-03  max(p_kf)=  5.9970E-03  ||p_kf||=  3.3711E-01
p_k/p_kf  =   2.5000E-01
Start linesearch
MT entry: phi(0)=  5.3971E-07  dg0= -3.0108E-07  alpha0=  1.0000E+00
 UPDATEPARAMETER: f-scale only
UPDATEPARAMETER PAR_STEP min/max, V_STEP min/max =  3.8544482194E+01  1.0469737003E+02
  3.8544482194E+01  1.0469737003E+02
 WD_amp= 5.85921E+13  RESID_RMS= 1.54019E-03  FCOST_DATA= 1.18609E-06  FCOST0= 1.18609E-06
  
 -------------- calculate Frechet derivatives -----------
 IFREQ =           2    ITERATION =           4
||Frechet||_F=  1.0703E-12max|Frechet|=  1.4546E-17
||Frechet||_F=  1.0703E-12max|Frechet|=  1.4546E-17
||Frechet||_F=  1.0703E-12max|Frechet|=  1.4546E-17
||Frechet||_F=  1.0703E-12max|Frechet|=  1.4546E-17
||Frechet||_F=  1.0703E-12max|Frechet|=  1.4546E-17
||Frechet||_F=  1.0703E-12max|Frechet|=  1.4546E-17
Grad block  10 GRAD_SCALED MORM =   6.7605E-05
MT try: alpha=  1.0000E+00  phi=  1.1861E-06  dg=  7.7297E-07  dg0= -3.0108E-07
MT try: armijo_rhs=  5.3968E-07  armijo=F  curvature=F  task=FG
 UPDATEPARAMETER: f-scale only
UPDATEPARAMETER PAR_STEP min/max, V_STEP min/max =  4.4745363055E+01  1.0476876112E+02
  4.4745363055E+01  1.0476876112E+02
 WD_amp= 5.85921E+13  RESID_RMS= 1.00305E-03  FCOST_DATA= 5.03057E-07  FCOST0= 5.03057E-07
  
 -------------- calculate Frechet derivatives -----------
 IFREQ =           2    ITERATION =           4
||Frechet||_F=  1.0642E-12max|Frechet|=  1.4553E-17
||Frechet||_F=  1.0642E-12max|Frechet|=  1.4553E-17
||Frechet||_F=  1.0642E-12max|Frechet|=  1.4553E-17
||Frechet||_F=  1.0642E-12max|Frechet|=  1.4553E-17
||Frechet||_F=  1.0642E-12max|Frechet|=  1.4553E-17
||Frechet||_F=  1.0642E-12max|Frechet|=  1.4553E-17
Grad block  10 GRAD_SCALED MORM =   3.4066E-05
MT try: alpha=  9.0883E-02  phi=  5.0306E-07  dg= -2.1501E-07  dg0= -3.0108E-07
MT try: armijo_rhs=  5.3971E-07  armijo=T  curvature=T  task=FG
  
  
  
  
  
Convergence reached, updating parameter grid
ALPHA from line search =  .9088285247101226E-01
 FCOST0 after linesearch  5.030570948435484E-007
Norm of s (s_norm) =  .7659289735199607E-02
  
Convergence check at iteration    4
  Relative cost decrease  =  6.7916E-02
  Relative model update   =  0.0000E+00
  Relative grad. norm     =  6.9013E-01
Time for LBFGS =  17.10189819335938 min
  
 Frequency:           2 Iteration:           5
t_global   =    331.811 s
  
 -------------- calculate Frechet derivatives -----------
 IFREQ =           2    ITERATION =           5
||Frechet||_F=  1.0642E-12max|Frechet|=  1.4553E-17
||Frechet||_F=  1.0642E-12max|Frechet|=  1.4553E-17
||Frechet||_F=  1.0642E-12max|Frechet|=  1.4553E-17
||Frechet||_F=  1.0642E-12max|Frechet|=  1.4553E-17
||Frechet||_F=  1.0642E-12max|Frechet|=  1.4553E-17
||Frechet||_F=  1.0642E-12max|Frechet|=  1.4553E-17
 
TIME for Frechet calc =  3.009201558430989 min
 
 
  compute the residual and the cost function
 WD_amp= 5.85921E+13  RESID_RMS= 1.00305E-03  FCOST_DATA= 5.03057E-07  FCOST0= 5.03057E-07
Grad block  10 GRAD_SCALED MORM =   3.4066E-05
Gradient finished
Start LBFGS 
curvature (warm): s·y=  7.8225E-09  ||s||^2=  5.8665E-05  ||y||^2=  2.0557E-11  sTy_min=  3.4727E-09
LBFGS history: used= 2  skipped= 2  worst_col= 2  bad_s·y=  7.8225E-09  bad_cos_sy=  2.2526E-01
LBFGS step: g·p = -1.7863E-07  ||p||=  5.8288E-02
LBFGS step: min(p)= -3.7768E-03  max(p)=  3.9660E-03
LBFGS p_k (unscaled) stats per active parameter:
  IA= 10  PAR={Q44}  min=-5.17961E+00  max= 5.43910E+00  L2= 7.99366E+01
min(p_k)= -3.7768E-03  max(p_k)=  3.9660E-03  ||p_k||=  5.8288E-02
min(p_kf)= -3.7768E-03  max(p_kf)=  3.9660E-03  ||p_kf||=  2.3315E-01
p_k/p_kf  =   2.5000E-01
Start linesearch
MT entry: phi(0)=  5.0306E-07  dg0= -1.7863E-07  alpha0=  1.0000E+00
 UPDATEPARAMETER: f-scale only
UPDATEPARAMETER PAR_STEP min/max, V_STEP min/max =  3.9898372306E+01  1.0470677817E+02
  3.9898372306E+01  1.0470677817E+02
 WD_amp= 5.85921E+13  RESID_RMS= 1.14598E-03  FCOST_DATA= 6.56638E-07  FCOST0= 6.56638E-07
  
 -------------- calculate Frechet derivatives -----------
 IFREQ =           2    ITERATION =           5
||Frechet||_F=  1.0678E-12max|Frechet|=  1.4547E-17
||Frechet||_F=  1.0678E-12max|Frechet|=  1.4547E-17
||Frechet||_F=  1.0678E-12max|Frechet|=  1.4547E-17
||Frechet||_F=  1.0678E-12max|Frechet|=  1.4547E-17
||Frechet||_F=  1.0678E-12max|Frechet|=  1.4547E-17
||Frechet||_F=  1.0678E-12max|Frechet|=  1.4547E-17
Grad block  10 GRAD_SCALED MORM =   5.0721E-05
MT try: alpha=  1.0000E+00  phi=  6.5664E-07  dg=  1.7955E-07  dg0= -1.7863E-07
MT try: armijo_rhs=  5.0304E-07  armijo=F  curvature=F  task=FG
 UPDATEPARAMETER: f-scale only
UPDATEPARAMETER PAR_STEP min/max, V_STEP min/max =  4.4034260551E+01  1.0475897945E+02
  4.4034260551E+01  1.0475897945E+02
 WD_amp= 5.85921E+13  RESID_RMS= 9.70947E-04  FCOST_DATA= 4.71369E-07  FCOST0= 4.71369E-07
  
 -------------- calculate Frechet derivatives -----------
 IFREQ =           2    ITERATION =           5
||Frechet||_F=  1.0647E-12max|Frechet|=  1.4552E-17
||Frechet||_F=  1.0647E-12max|Frechet|=  1.4552E-17
||Frechet||_F=  1.0647E-12max|Frechet|=  1.4552E-17
||Frechet||_F=  1.0647E-12max|Frechet|=  1.4552E-17
||Frechet||_F=  1.0647E-12max|Frechet|=  1.4552E-17
||Frechet||_F=  1.0647E-12max|Frechet|=  1.4552E-17
Grad block  10 GRAD_SCALED MORM =   2.9644E-05
MT try: alpha=  1.5781E-01  phi=  4.7137E-07  dg= -1.2673E-07  dg0= -1.7863E-07
MT try: armijo_rhs=  5.0305E-07  armijo=T  curvature=T  task=FG
  
  
  
  
  
Convergence reached, updating parameter grid
ALPHA from line search =  .1578122804916702
 FCOST0 after linesearch  4.713694654834874E-007
Norm of s (s_norm) =  .9198501007268607E-02
  
Convergence check at iteration    5
  Relative cost decrease  =  6.2990E-02
  Relative model update   =  0.0000E+00
  Relative grad. norm     =  4.9431E-01
Time for LBFGS =  17.18991088867188 min
  
 Frequency:           2 Iteration:           6
t_global   =    331.108 s
  
 -------------- calculate Frechet derivatives -----------
 IFREQ =           2    ITERATION =           6
||Frechet||_F=  1.0647E-12max|Frechet|=  1.4552E-17
||Frechet||_F=  1.0647E-12max|Frechet|=  1.4552E-17
||Frechet||_F=  1.0647E-12max|Frechet|=  1.4552E-17
||Frechet||_F=  1.0647E-12max|Frechet|=  1.4552E-17
||Frechet||_F=  1.0647E-12max|Frechet|=  1.4552E-17
||Frechet||_F=  1.0647E-12max|Frechet|=  1.4552E-17
 
TIME for Frechet calc =  3.046281687418620 min
 
 
  compute the residual and the cost function
 WD_amp= 5.85921E+13  RESID_RMS= 9.70947E-04  FCOST_DATA= 4.71369E-07  FCOST0= 4.71369E-07
Grad block  10 GRAD_SCALED MORM =   2.9644E-05
Gradient finished
Start LBFGS 
curvature (warm): s·y=  8.1898E-09  ||s||^2=  8.4612E-05  ||y||^2=  3.8275E-11  sTy_min=  5.6908E-09
LBFGS history: used= 2  skipped= 3  worst_col= 2  bad_s·y=  7.8225E-09  bad_cos_sy=  2.2526E-01
LBFGS step: g·p = -1.1448E-07  ||p||=  4.7924E-02
LBFGS step: min(p)= -2.6196E-03  max(p)=  3.4031E-03
LBFGS p_k (unscaled) stats per active parameter:
  IA= 10  PAR={Q44}  min=-3.59252E+00  max= 4.66706E+00  L2= 6.57233E+01
min(p_k)= -2.6196E-03  max(p_k)=  3.4031E-03  ||p_k||=  4.7924E-02
min(p_kf)= -2.6196E-03  max(p_kf)=  3.4031E-03  ||p_kf||=  1.9169E-01
p_k/p_kf  =   2.5000E-01
Start linesearch
MT entry: phi(0)=  4.7137E-07  dg0= -1.1448E-07  alpha0=  1.0000E+00
 UPDATEPARAMETER: f-scale only
UPDATEPARAMETER PAR_STEP min/max, V_STEP min/max =  4.0441741014E+01  1.0470157297E+02
  4.0441741014E+01  1.0470157297E+02
 WD_amp= 5.85921E+13  RESID_RMS= 1.13220E-03  FCOST_DATA= 6.40939E-07  FCOST0= 6.40939E-07
  
 -------------- calculate Frechet derivatives -----------
 IFREQ =           2    ITERATION =           6
||Frechet||_F=  1.0667E-12max|Frechet|=  1.4548E-17
||Frechet||_F=  1.0667E-12max|Frechet|=  1.4548E-17
||Frechet||_F=  1.0667E-12max|Frechet|=  1.4548E-17
||Frechet||_F=  1.0667E-12max|Frechet|=  1.4548E-17
||Frechet||_F=  1.0667E-12max|Frechet|=  1.4548E-17
||Frechet||_F=  1.0667E-12max|Frechet|=  1.4548E-17
Grad block  10 GRAD_SCALED MORM =   5.4470E-05
MT try: alpha=  1.0000E+00  phi=  6.4094E-07  dg=  1.8092E-07  dg0= -1.1448E-07
MT try: armijo_rhs=  4.7136E-07  armijo=F  curvature=F  task=FG
 UPDATEPARAMETER: f-scale only
UPDATEPARAMETER PAR_STEP min/max, V_STEP min/max =  4.3631776347E+01  1.0475215132E+02
  4.3631776347E+01  1.0475215132E+02
 WD_amp= 5.85921E+13  RESID_RMS= 9.58034E-04  FCOST_DATA= 4.58915E-07  FCOST0= 4.58915E-07
  
 -------------- calculate Frechet derivatives -----------
 IFREQ =           2    ITERATION =           6
||Frechet||_F=  1.0649E-12max|Frechet|=  1.4551E-17
||Frechet||_F=  1.0649E-12max|Frechet|=  1.4551E-17
||Frechet||_F=  1.0649E-12max|Frechet|=  1.4551E-17
||Frechet||_F=  1.0649E-12max|Frechet|=  1.4551E-17
||Frechet||_F=  1.0649E-12max|Frechet|=  1.4551E-17
||Frechet||_F=  1.0649E-12max|Frechet|=  1.4551E-17
Grad block  10 GRAD_SCALED MORM =   2.8754E-05
MT try: alpha=  1.1203E-01  phi=  4.5891E-07  dg= -8.2969E-08  dg0= -1.1448E-07
MT try: armijo_rhs=  4.7137E-07  armijo=T  curvature=T  task=FG
  
  
  
  
  
Convergence reached, updating parameter grid
ALPHA from line search =  .1120339638214682
 FCOST0 after linesearch  4.589145099472522E-007
Norm of s (s_norm) =  .5369082307269631E-02
  
Convergence check at iteration    6
  Relative cost decrease  =  2.6423E-02
  Relative model update   =  0.0000E+00
  Relative grad. norm     =  4.1151E-01
Time for LBFGS =  16.98633321126302 min
  
 Frequency:           2 Iteration:           7
t_global   =    331.972 s
  
 -------------- calculate Frechet derivatives -----------
 IFREQ =           2    ITERATION =           7
||Frechet||_F=  1.0649E-12max|Frechet|=  1.4551E-17
||Frechet||_F=  1.0649E-12max|Frechet|=  1.4551E-17
||Frechet||_F=  1.0649E-12max|Frechet|=  1.4551E-17
||Frechet||_F=  1.0649E-12max|Frechet|=  1.4551E-17
||Frechet||_F=  1.0649E-12max|Frechet|=  1.4551E-17
||Frechet||_F=  1.0649E-12max|Frechet|=  1.4551E-17
 
TIME for Frechet calc =  3.073509979248047 min
 
 
  compute the residual and the cost function
 WD_amp= 5.85921E+13  RESID_RMS= 9.58034E-04  FCOST_DATA= 4.58915E-07  FCOST0= 4.58915E-07
Grad block  10 GRAD_SCALED MORM =   2.8754E-05
Gradient finished
Start LBFGS 
curvature (full): s·y=  3.5306E-09  ||s||^2=  2.8827E-05  ||y||^2=  1.6536E-11  sTy_min=  2.1833E-09
LBFGS history: used= 1  skipped= 4  worst_col= 1  bad_s·y=  3.5306E-09  bad_cos_sy=  1.6171E-01
 
LBFGS step(full): g·p = -3.1672E-07  ||p||=  6.4300E-02
LBFGS step(full): min(p)= -5.0066E-03  max(p)=  2.0199E-03
LBFGS p_k (unscaled) stats per active parameter:
  IA= 10  PAR={Q44}  min=-6.86612E+00  max= 2.77011E+00  L2= 8.81819E+01
min(p_k)= -5.0066E-03  max(p_k)=  2.0199E-03  ||p_k||=  6.4300E-02
min(p_kf)= -5.0066E-03  max(p_kf)=  2.0199E-03  ||p_kf||=  2.5720E-01
p_k/p_kf  =   2.5000E-01
Start linesearch
MT entry: phi(0)=  4.5891E-07  dg0= -3.1672E-07  alpha0=  1.0000E+00
 UPDATEPARAMETER: f-scale only
UPDATEPARAMETER PAR_STEP min/max, V_STEP min/max =  3.9126333825E+01  1.0473878815E+02
  3.9126333825E+01  1.0473878815E+02
 WD_amp= 5.85921E+13  RESID_RMS= 3.37641E-03  FCOST_DATA= 5.70008E-06  FCOST0= 5.70008E-06
  
 -------------- calculate Frechet derivatives -----------
 IFREQ =           2    ITERATION =           7
||Frechet||_F=  1.0888E-12max|Frechet|=  1.4550E-17
||Frechet||_F=  1.0888E-12max|Frechet|=  1.4550E-17
||Frechet||_F=  1.0888E-12max|Frechet|=  1.4550E-17
||Frechet||_F=  1.0888E-12max|Frechet|=  1.4550E-17
||Frechet||_F=  1.0888E-12max|Frechet|=  1.4550E-17
||Frechet||_F=  1.0888E-12max|Frechet|=  1.4550E-17
Grad block  10 GRAD_SCALED MORM =   2.8503E-04
MT try: alpha=  1.0000E+00  phi=  5.7001E-06  dg=  7.6014E-06  dg0= -3.1672E-07
MT try: armijo_rhs=  4.5888E-07  armijo=F  curvature=F  task=FG
 UPDATEPARAMETER: f-scale only
UPDATEPARAMETER PAR_STEP min/max, V_STEP min/max =  4.3593775097E+01  1.0475190718E+02
  4.3593775097E+01  1.0475190718E+02
 WD_amp= 5.85921E+13  RESID_RMS= 9.53736E-04  FCOST_DATA= 4.54806E-07  FCOST0= 4.54806E-07
  
 -------------- calculate Frechet derivatives -----------
 IFREQ =           2    ITERATION =           7
||Frechet||_F=  1.0653E-12max|Frechet|=  1.4551E-17
||Frechet||_F=  1.0653E-12max|Frechet|=  1.4551E-17
||Frechet||_F=  1.0653E-12max|Frechet|=  1.4551E-17
||Frechet||_F=  1.0653E-12max|Frechet|=  1.4551E-17
||Frechet||_F=  1.0653E-12max|Frechet|=  1.4551E-17
||Frechet||_F=  1.0653E-12max|Frechet|=  1.4551E-17
Grad block  10 GRAD_SCALED MORM =   2.7417E-05
MT try: alpha=  1.8270E-02  phi=  4.5481E-07  dg= -1.8347E-07  dg0= -3.1672E-07
MT try: armijo_rhs=  4.5891E-07  armijo=T  curvature=T  task=FG
  
  
  
  
  
Convergence reached, updating parameter grid
ALPHA from line search =  .1826973174619598E-01
 FCOST0 after linesearch  4.548058046383323E-007
Norm of s (s_norm) =  .1174741745789873E-02
  
Convergence check at iteration    7
  Relative cost decrease  =  8.9531E-03
  Relative model update   =  0.0000E+00
  Relative grad. norm     =  2.8783E-01
Time for LBFGS =  17.06025187174479 min
  
 Frequency:           2 Iteration:           8
t_global   =    331.887 s
  
 -------------- calculate Frechet derivatives -----------
 IFREQ =           2    ITERATION =           8
||Frechet||_F=  1.0653E-12max|Frechet|=  1.4551E-17
||Frechet||_F=  1.0653E-12max|Frechet|=  1.4551E-17
||Frechet||_F=  1.0653E-12max|Frechet|=  1.4551E-17
||Frechet||_F=  1.0653E-12max|Frechet|=  1.4551E-17
||Frechet||_F=  1.0653E-12max|Frechet|=  1.4551E-17
||Frechet||_F=  1.0653E-12max|Frechet|=  1.4551E-17
 
TIME for Frechet calc =  3.166136678059896 min
 
 
  compute the residual and the cost function
 WD_amp= 5.85921E+13  RESID_RMS= 9.53736E-04  FCOST_DATA= 4.54806E-07  FCOST0= 4.54806E-07
Grad block  10 GRAD_SCALED MORM =   2.7417E-05
Gradient finished
Start LBFGS 
curvature (full): s·y=  2.4344E-09  ||s||^2=  1.3800E-06  ||y||^2=  1.8161E-11  sTy_min=  5.0063E-10
LBFGS history: used= 0  skipped= 5  worst_col= 1  bad_s·y=  2.4344E-09  bad_cos_sy=  4.8627E-01
 
LBFGS step(full): g·p = -2.8921E-07  ||p||=  4.9255E-02
LBFGS step(full): min(p)= -3.6874E-03  max(p)=  2.2449E-03
LBFGS p_k (unscaled) stats per active parameter:
  IA= 10  PAR={Q44}  min=-5.05693E+00  max= 3.07870E+00  L2= 6.75490E+01
min(p_k)= -3.6874E-03  max(p_k)=  2.2449E-03  ||p_k||=  4.9255E-02
min(p_kf)= -3.6874E-03  max(p_kf)=  2.2449E-03  ||p_kf||=  1.9702E-01
p_k/p_kf  =   2.5000E-01
Start linesearch
MT entry: phi(0)=  4.5481E-07  dg0= -2.8921E-07  alpha0=  1.0000E+00
 UPDATEPARAMETER: f-scale only
UPDATEPARAMETER PAR_STEP min/max, V_STEP min/max =  4.1826573091E+01  1.0470293707E+02
  4.1826573091E+01  1.0470293707E+02
 WD_amp= 5.85921E+13  RESID_RMS= 3.64754E-03  FCOST_DATA= 6.65229E-06  FCOST0= 6.65229E-06
  
 -------------- calculate Frechet derivatives -----------
 IFREQ =           2    ITERATION =           8
||Frechet||_F=  1.0781E-12max|Frechet|=  1.4549E-17
||Frechet||_F=  1.0781E-12max|Frechet|=  1.4549E-17
||Frechet||_F=  1.0781E-12max|Frechet|=  1.4549E-17
||Frechet||_F=  1.0781E-12max|Frechet|=  1.4549E-17
||Frechet||_F=  1.0781E-12max|Frechet|=  1.4549E-17
||Frechet||_F=  1.0781E-12max|Frechet|=  1.4549E-17
Grad block  10 GRAD_SCALED MORM =   3.1245E-04
MT try: alpha=  1.0000E+00  phi=  6.6523E-06  dg=  8.5500E-06  dg0= -2.8921E-07
MT try: armijo_rhs=  4.5478E-07  armijo=F  curvature=F  task=FG
 UPDATEPARAMETER: f-scale only
UPDATEPARAMETER PAR_STEP min/max, V_STEP min/max =  4.3569519594E+01  1.0475123505E+02
  4.3569519594E+01  1.0475123505E+02
 WD_amp= 5.85921E+13  RESID_RMS= 9.50257E-04  FCOST_DATA= 4.51494E-07  FCOST0= 4.51494E-07
  
 -------------- calculate Frechet derivatives -----------
 IFREQ =           2    ITERATION =           8
||Frechet||_F=  1.0654E-12max|Frechet|=  1.4551E-17
||Frechet||_F=  1.0654E-12max|Frechet|=  1.4551E-17
||Frechet||_F=  1.0654E-12max|Frechet|=  1.4551E-17
||Frechet||_F=  1.0654E-12max|Frechet|=  1.4551E-17
||Frechet||_F=  1.0654E-12max|Frechet|=  1.4551E-17
||Frechet||_F=  1.0654E-12max|Frechet|=  1.4551E-17
Grad block  10 GRAD_SCALED MORM =   2.6659E-05
MT try: alpha=  1.3725E-02  phi=  4.5149E-07  dg= -1.7973E-07  dg0= -2.8921E-07
MT try: armijo_rhs=  4.5481E-07  armijo=T  curvature=T  task=FG
  
  
  
  
  
Convergence reached, updating parameter grid
ALPHA from line search =  .1372537051338355E-01
 FCOST0 after linesearch  4.514939921467811E-007
Norm of s (s_norm) =  .6760418721521604E-03
  
Convergence check at iteration    8
  Relative cost decrease  =  7.2818E-03
  Relative model update   =  0.0000E+00
  Relative grad. norm     =  1.8912E-01
Time for LBFGS =  17.11207275390625 min
  
 Frequency:           2 Iteration:           9
t_global   =    332.559 s
  
 -------------- calculate Frechet derivatives -----------
 IFREQ =           2    ITERATION =           9
||Frechet||_F=  1.0654E-12max|Frechet|=  1.4551E-17
||Frechet||_F=  1.0654E-12max|Frechet|=  1.4551E-17
||Frechet||_F=  1.0654E-12max|Frechet|=  1.4551E-17
||Frechet||_F=  1.0654E-12max|Frechet|=  1.4551E-17
||Frechet||_F=  1.0654E-12max|Frechet|=  1.4551E-17
||Frechet||_F=  1.0654E-12max|Frechet|=  1.4551E-17
 
TIME for Frechet calc =  3.032324981689453 min
 
 
  compute the residual and the cost function
 WD_amp= 5.85921E+13  RESID_RMS= 9.50257E-04  FCOST_DATA= 4.51494E-07  FCOST0= 4.51494E-07
Grad block  10 GRAD_SCALED MORM =   2.6659E-05
Gradient finished
Start LBFGS 
curvature (full): s·y=  1.5027E-09  ||s||^2=  4.5703E-07  ||y||^2=  1.1933E-11  sTy_min=  2.3354E-10
LBFGS history: used= 0  skipped= 5  worst_col= 1  bad_s·y=  1.5027E-09  bad_cos_sy=  6.4347E-01
 
LBFGS step(full): g·p = -1.2112E-07  ||p||=  3.6913E-02
LBFGS step(full): min(p)= -2.3816E-03  max(p)=  2.2240E-03
LBFGS p_k (unscaled) stats per active parameter:
  IA= 10  PAR={Q44}  min=-3.26610E+00  max= 3.05005E+00  L2= 5.06233E+01
min(p_k)= -2.3816E-03  max(p_k)=  2.2240E-03  ||p_k||=  3.6913E-02
min(p_kf)= -2.3816E-03  max(p_kf)=  2.2240E-03  ||p_kf||=  1.4765E-01
p_k/p_kf  =   2.5000E-01
Start linesearch
MT entry: phi(0)=  4.5149E-07  dg0= -1.2112E-07  alpha0=  1.0000E+00
 UPDATEPARAMETER: f-scale only
UPDATEPARAMETER PAR_STEP min/max, V_STEP min/max =  4.1689743241E+01  1.0470275603E+02
  4.1689743241E+01  1.0470275603E+02
 WD_amp= 5.85921E+13  RESID_RMS= 2.11431E-03  FCOST_DATA= 2.23515E-06  FCOST0= 2.23515E-06
  
 -------------- calculate Frechet derivatives -----------
 IFREQ =           2    ITERATION =           9
||Frechet||_F=  1.0711E-12max|Frechet|=  1.4549E-17
||Frechet||_F=  1.0711E-12max|Frechet|=  1.4549E-17
||Frechet||_F=  1.0711E-12max|Frechet|=  1.4549E-17
||Frechet||_F=  1.0711E-12max|Frechet|=  1.4549E-17
||Frechet||_F=  1.0711E-12max|Frechet|=  1.4549E-17
||Frechet||_F=  1.0711E-12max|Frechet|=  1.4549E-17
Grad block  10 GRAD_SCALED MORM =   1.6628E-04
MT try: alpha=  1.0000E+00  phi=  2.2352E-06  dg=  2.3720E-06  dg0= -1.2112E-07
MT try: armijo_rhs=  4.5148E-07  armijo=F  curvature=F  task=FG
 UPDATEPARAMETER: f-scale only
UPDATEPARAMETER PAR_STEP min/max, V_STEP min/max =  4.3533761945E+01  1.0475031287E+02
  4.3533761945E+01  1.0475031287E+02
 WD_amp= 5.85921E+13  RESID_RMS= 9.48777E-04  FCOST_DATA= 4.50089E-07  FCOST0= 4.50089E-07
  
 -------------- calculate Frechet derivatives -----------
 IFREQ =           2    ITERATION =           9
||Frechet||_F=  1.0655E-12max|Frechet|=  1.4551E-17
||Frechet||_F=  1.0655E-12max|Frechet|=  1.4551E-17
||Frechet||_F=  1.0655E-12max|Frechet|=  1.4551E-17
||Frechet||_F=  1.0655E-12max|Frechet|=  1.4551E-17
||Frechet||_F=  1.0655E-12max|Frechet|=  1.4551E-17
||Frechet||_F=  1.0655E-12max|Frechet|=  1.4551E-17
Grad block  10 GRAD_SCALED MORM =   2.6517E-05
MT try: alpha=  1.9022E-02  phi=  4.5009E-07  dg= -7.6458E-08  dg0= -1.2112E-07
MT try: armijo_rhs=  4.5149E-07  armijo=T  curvature=T  task=FG
  
  
  
  
  
Convergence reached, updating parameter grid
ALPHA from line search =  .1902228911435236E-01
 FCOST0 after linesearch  4.500891198447561E-007
Norm of s (s_norm) =  .7021724145945914E-03
  
Convergence check at iteration    9
  Relative cost decrease  =  3.1116E-03
  Relative model update   =  0.0000E+00
  Relative grad. norm     =  1.3576E-01
Time for LBFGS =  16.99981180826823 min
  
 Frequency:           2 Iteration:          10
t_global   =    332.220 s
  
 -------------- calculate Frechet derivatives -----------
 IFREQ =           2    ITERATION =          10
||Frechet||_F=  1.0655E-12max|Frechet|=  1.4551E-17
||Frechet||_F=  1.0655E-12max|Frechet|=  1.4551E-17
||Frechet||_F=  1.0655E-12max|Frechet|=  1.4551E-17
||Frechet||_F=  1.0655E-12max|Frechet|=  1.4551E-17
||Frechet||_F=  1.0655E-12max|Frechet|=  1.4551E-17
||Frechet||_F=  1.0655E-12max|Frechet|=  1.4551E-17
 
TIME for Frechet calc =  3.102063242594401 min
 
 
  compute the residual and the cost function
 WD_amp= 5.85921E+13  RESID_RMS= 9.48777E-04  FCOST_DATA= 4.50089E-07  FCOST0= 4.50089E-07
Grad block  10 GRAD_SCALED MORM =   2.6517E-05
Gradient finished
Start LBFGS 
curvature (full): s·y=  8.4959E-10  ||s||^2=  4.9305E-07  ||y||^2=  6.5469E-12  sTy_min=  1.7966E-10
LBFGS history: used= 0  skipped= 5  worst_col= 1  bad_s·y=  8.4959E-10  bad_cos_sy=  4.7288E-01
 
LBFGS step(full): g·p = -6.0225E-08  ||p||=  3.1246E-02
LBFGS step(full): min(p)= -1.5440E-03  max(p)=  2.2024E-03
LBFGS p_k (unscaled) stats per active parameter:
  IA= 10  PAR={Q44}  min=-2.11752E+00  max= 3.02036E+00  L2= 4.28507E+01
min(p_k)= -1.5440E-03  max(p_k)=  2.2024E-03  ||p_k||=  3.1246E-02
min(p_kf)= -1.5440E-03  max(p_kf)=  2.2024E-03  ||p_kf||=  1.2498E-01
p_k/p_kf  =   2.5000E-01
Start linesearch
MT entry: phi(0)=  4.5009E-07  dg0= -6.0225E-08  alpha0=  1.0000E+00
 UPDATEPARAMETER: f-scale only
UPDATEPARAMETER PAR_STEP min/max, V_STEP min/max =  4.1556149208E+01  1.0470225020E+02
  4.1556149208E+01  1.0470225020E+02
 WD_amp= 5.85921E+13  RESID_RMS= 1.20986E-03  FCOST_DATA= 7.31885E-07  FCOST0= 7.31885E-07
  
 -------------- calculate Frechet derivatives -----------
 IFREQ =           2    ITERATION =          10
||Frechet||_F=  1.0666E-12max|Frechet|=  1.4550E-17
||Frechet||_F=  1.0666E-12max|Frechet|=  1.4550E-17
||Frechet||_F=  1.0666E-12max|Frechet|=  1.4550E-17
||Frechet||_F=  1.0666E-12max|Frechet|=  1.4550E-17
||Frechet||_F=  1.0666E-12max|Frechet|=  1.4550E-17
||Frechet||_F=  1.0666E-12max|Frechet|=  1.4550E-17
Grad block  10 GRAD_SCALED MORM =   6.9789E-05
MT try: alpha=  1.0000E+00  phi=  7.3188E-07  dg=  3.0431E-07  dg0= -6.0225E-08
MT try: armijo_rhs=  4.5008E-07  armijo=F  curvature=F  task=FG
 UPDATEPARAMETER: f-scale only
UPDATEPARAMETER PAR_STEP min/max, V_STEP min/max =  4.3440558387E+01  1.0474804771E+02
  4.3440558387E+01  1.0474804771E+02
 WD_amp= 5.85921E+13  RESID_RMS= 9.47545E-04  FCOST_DATA= 4.48921E-07  FCOST0= 4.48921E-07
  
 -------------- calculate Frechet derivatives -----------
 IFREQ =           2    ITERATION =          10
||Frechet||_F=  1.0656E-12max|Frechet|=  1.4551E-17
||Frechet||_F=  1.0656E-12max|Frechet|=  1.4551E-17
||Frechet||_F=  1.0656E-12max|Frechet|=  1.4551E-17
||Frechet||_F=  1.0656E-12max|Frechet|=  1.4551E-17
||Frechet||_F=  1.0656E-12max|Frechet|=  1.4551E-17
||Frechet||_F=  1.0656E-12max|Frechet|=  1.4551E-17
Grad block  10 GRAD_SCALED MORM =   2.6831E-05
MT try: alpha=  4.7129E-02  phi=  4.4892E-07  dg= -4.3533E-08  dg0= -6.0225E-08
MT try: armijo_rhs=  4.5009E-07  armijo=T  curvature=T  task=FG
  
  
  
  
  
Convergence reached, updating parameter grid
ALPHA from line search =  .4712932721346270E-01
 FCOST0 after linesearch  4.489206694775711E-007
Norm of s (s_norm) =  .1472582325699815E-02
  
Convergence check at iteration   10
  Relative cost decrease  =  2.5960E-03
  Relative model update   =  0.0000E+00
  Relative grad. norm     =  1.2307E-01
Time for LBFGS =  16.97523701985677 min
 --------- Frequency   3.65000000000000       (band            1 )
[ComputeAcqWeight] empty acq_weight_file, using uniform weights = 1.0
Data weighting computed for frequency 4607182418800017373
Data weighting computed for frequency 4607182418800017373
XSRmin, XSRmax, ZSRmin, ZSRMax -1960.000000000000 .000000000000000 2050.000000000000 4030.000000000000
1 FKYC
1.2 FKYC
my_rank, FKYC,WLMAX, RMAX 0 .2991342570157237E-01 1403.501039682951 2786.036611389018
1.1 NK
NK in cky2= 55

  Number of wavenumber samples (NK) for FREQ =   55
Data weighting computed for frequency 4607182418800017373
Data weighting computed for frequency 4607182418800017373
Data weighting computed for frequency 4607182418800017373
Data weighting computed for frequency 4607182418800017373
  RMAX = 2786.04
--- Pre-solver preview (memory + RHS workload) ---
   GQG dims: NNX=       585  NNZ=       317  NPT=    185445
   DOF:     N=3*NPT =    556335
   Sources: NSR=       100  NSS=        20  NK=        55
   RHS total (per IK): nrhs_tot=3*NSS =        60
   Batch:    MAX_RHS_BATCH=        32  nbatches=         2
   GFMY  (GFX+GFY+GFZ):         13.679 GB
   RHS_MY(rhs+sol buffers):      0.531 GB
 
 running run_ik_loop_pardiso
before CA | VmRSS=  15.460 GB  VmHWM=  81.337 GB
after CA | VmRSS=  16.090 GB  VmHWM=  81.337 GB
after factor | VmRSS=  19.856 GB  VmHWM=  81.337 GB
f=     3.650 Hz | ky=  0.543880E-03 | IK=       1/      55 | t=   17.334900 s | CA=  2.5523 | fact= 12.8519 | GF=  1.9305 | solve=  1.7740 | scatter=  0.0528
f=     3.650 Hz | ky=  0.108776E-02 | IK=       2/      55 | t=    6.994700 s | CA=  2.5721 | fact=  2.5918 | GF=  1.8307 | solve=  1.7034 | scatter=  0.0536
f=     3.650 Hz | ky=  0.163164E-02 | IK=       3/      55 | t=    6.964000 s | CA=  2.5663 | fact=  2.5704 | GF=  1.8273 | solve=  1.6996 | scatter=  0.0543
f=     3.650 Hz | ky=  0.217552E-02 | IK=       4/      55 | t=    7.005000 s | CA=  2.5869 | fact=  2.5907 | GF=  1.8273 | solve=  1.6995 | scatter=  0.0544
f=     3.650 Hz | ky=  0.271940E-02 | IK=       5/      55 | t=    7.024800 s | CA=  2.6110 | fact=  2.5881 | GF=  1.8257 | solve=  1.6991 | scatter=  0.0532
f=     3.650 Hz | ky=  0.326328E-02 | IK=       6/      55 | t=    7.003800 s | CA=  2.6046 | fact=  2.5703 | GF=  1.8289 | solve=  1.7012 | scatter=  0.0543
f=     3.650 Hz | ky=  0.380716E-02 | IK=       7/      55 | t=    6.996400 s | CA=  2.5858 | fact=  2.5853 | GF=  1.8253 | solve=  1.6985 | scatter=  0.0533
f=     3.650 Hz | ky=  0.435104E-02 | IK=       8/      55 | t=    7.040600 s | CA=  2.6404 | fact=  2.5730 | GF=  1.8272 | solve=  1.6996 | scatter=  0.0543
f=     3.650 Hz | ky=  0.489492E-02 | IK=       9/      55 | t=    7.030600 s | CA=  2.6238 | fact=  2.5799 | GF=  1.8269 | solve=  1.7019 | scatter=  0.0515
f=     3.650 Hz | ky=  0.543880E-02 | IK=      10/      55 | t=    6.998000 s | CA=  2.6042 | fact=  2.5675 | GF=  1.8262 | solve=  1.6994 | scatter=  0.0533
PARDISO mem (f=  3.65 Hz): sym=  1.95 GB  perm=  1.42 GB  num=  3.22 GB  
peak=  4.64 GB
t_global   =    116.761 s
TIME for 1st forward modeling =  1.945985031127930  min
TIME for GT0 =  .5123333136240641E-02  min
Data scaler W for L2 norm: 60858307368707.61
Data scaler W for WQS norm: .1007948000807317E-312
Total number of active inversion parameters for current sequential stage (IM):          1
Total model blocks points (NM = IM * NBLOCK):      11534 on grid (NMM = IM * NPT):    185445
 Gradient balance ():   1.00000000000000        1.00000000000000     
   1.00000000000000        1.00000000000000        1.00000000000000     
   1.00000000000000        1.00000000000000        1.00000000000000     
   1.00000000000000        1.00000000000000        1.00000000000000     
 IE0, IZ          30           0
 IE0, IZ, GZ1, GZ2 =           30           0   100.000000000000     
   300.000000000000     
  
 Frequency:           3 Iteration:           1
--- Pre-solver preview (memory + RHS workload) ---
   GQG dims: NNX=       585  NNZ=       317  NPT=    185445
   DOF:     N=3*NPT =    556335
   Sources: NSR=       100  NSS=       100  NK=        55
   RHS total (per IK): nrhs_tot=3*NSS =       300
   Batch:    MAX_RHS_BATCH=        32  nbatches=        10
   GFMY  (GFX+GFY+GFZ):         68.393 GB
   RHS_MY(rhs+sol buffers):      0.531 GB
 
 running run_ik_loop_pardiso
before CA | VmRSS=  71.031 GB  VmHWM=  81.337 GB
after CA | VmRSS=  72.393 GB  VmHWM=  81.337 GB
after factor | VmRSS=  76.163 GB  VmHWM=  81.337 GB
f=     3.650 Hz | ky=  0.543880E-03 | IK=       1/      55 | t=   24.367900 s | CA=  2.5179 | fact= 12.8590 | GF=  8.9908 | solve=  8.3207 | scatter=  0.2572
f=     3.650 Hz | ky=  0.108776E-02 | IK=       2/      55 | t=   14.035200 s | CA=  2.5806 | fact=  2.5757 | GF=  8.8789 | solve=  8.2329 | scatter=  0.2637
f=     3.650 Hz | ky=  0.163164E-02 | IK=       3/      55 | t=   14.016200 s | CA=  2.5491 | fact=  2.5717 | GF=  8.8954 | solve=  8.2558 | scatter=  0.2568
f=     3.650 Hz | ky=  0.217552E-02 | IK=       4/      55 | t=   14.063200 s | CA=  2.5980 | fact=  2.5705 | GF=  8.8947 | solve=  8.2561 | scatter=  0.2551
f=     3.650 Hz | ky=  0.271940E-02 | IK=       5/      55 | t=   14.069500 s | CA=  2.5853 | fact=  2.5778 | GF=  8.9063 | solve=  8.2650 | scatter=  0.2589
f=     3.650 Hz | ky=  0.326328E-02 | IK=       6/      55 | t=   14.050800 s | CA=  2.5745 | fact=  2.5750 | GF=  8.9013 | solve=  8.2629 | scatter=  0.2561
f=     3.650 Hz | ky=  0.380716E-02 | IK=       7/      55 | t=   14.025400 s | CA=  2.5263 | fact=  2.5759 | GF=  8.9231 | solve=  8.2851 | scatter=  0.2556
f=     3.650 Hz | ky=  0.435104E-02 | IK=       8/      55 | t=   14.064300 s | CA=  2.5667 | fact=  2.5870 | GF=  8.9106 | solve=  8.2729 | scatter=  0.2555
f=     3.650 Hz | ky=  0.489492E-02 | IK=       9/      55 | t=   14.038100 s | CA=  2.5618 | fact=  2.5606 | GF=  8.9156 | solve=  8.2737 | scatter=  0.2587
f=     3.650 Hz | ky=  0.543880E-02 | IK=      10/      55 | t=   14.035700 s | CA=  2.5795 | fact=  2.5549 | GF=  8.9013 | solve=  8.2540 | scatter=  0.2643
PARDISO mem (f=  3.65 Hz): sym=  1.95 GB  perm=  1.42 GB  num=  3.22 GB  
peak=  4.64 GB
t_global   =    331.607 s
TIME for 2d forward modeling_i calc =  5.526019795735677 min
Rank    4 -> ID range:   3201 to   4000 | Tasks:    800
Rank    5 -> ID range:   4001 to   4800 | Tasks:    800
Rank    2 -> ID range:   1601 to   2400 | Tasks:    800
Rank    1 -> ID range:    801 to   1600 | Tasks:    800
Rank    3 -> ID range:   2401 to   3200 | Tasks:    800
  
 -------------- calculate Frechet derivatives -----------
 IFREQ =           3    ITERATION =           1
Frechet memory size Frec_my:      0.825 (Gb)
Rank    0 -> ID range:      1 to    800 | Tasks:    800
FREQ:      3.6 Hz, ITER=       1  Frechet Derivative ID=     100/    4800 Finished   0.222000 s
FREQ:      3.6 Hz, ITER=       1  Frechet Derivative ID=     200/    4800 Finished   0.223000 s
FREQ:      3.6 Hz, ITER=       1  Frechet Derivative ID=     300/    4800 Finished   0.221600 s
FREQ:      3.6 Hz, ITER=       1  Frechet Derivative ID=     400/    4800 Finished   0.205600 s
FREQ:      3.6 Hz, ITER=       1  Frechet Derivative ID=     500/    4800 Finished   0.221100 s
FREQ:      3.6 Hz, ITER=       1  Frechet Derivative ID=     600/    4800 Finished   0.220900 s
FREQ:      3.6 Hz, ITER=       1  Frechet Derivative ID=     700/    4800 Finished   0.220400 s
FREQ:      3.6 Hz, ITER=       1  Frechet Derivative ID=     800/    4800 Finished   0.218800 s
||Frechet||_F=  1.1160E-12max|Frechet|=  1.5015E-17
||Frechet||_F=  1.1160E-12max|Frechet|=  1.5015E-17
||Frechet||_F=  1.1160E-12max|Frechet|=  1.5015E-17
||Frechet||_F=  1.1160E-12max|Frechet|=  1.5015E-17
||Frechet||_F=  1.1160E-12max|Frechet|=  1.5015E-17
||Frechet||_F=  1.1160E-12max|Frechet|=  1.5015E-17
 
TIME for Frechet calc =  3.019270070393880 min
 
m_fine: min=  4.3441E+01  max=  1.0475E+02  mean=  8.2413E+01  ||.||2=  3.6896E+04  size=  185445
m_coarse_prev: min=  4.3879E+01  max=  1.0442E+02  mean=  8.2434E+01  ||.||2=  9.2028E+03  size=   11534
 
  compute the residual and the cost function
 WD_amp= 6.08583E+13  RESID_RMS= 1.26208E-03  FCOST_DATA= 7.96418E-07  FCOST0= 7.96418E-07
IA= 10  H(single F0) min= 0.00000E+00  max= 2.76776E-02
IA= 10  H(F0^2)     min= 0.00000E+00  max= 2.76776E-02
HESSD: ia=  10  min= 0.00000E+00  max= 3.61291E+04
IA= 10  H(single F0) min= 0.00000E+00  max= 2.76776E-02
IA= 10  H(F0^2)     min= 0.00000E+00  max= 2.76776E-02
HESSD: ia=  10  min= 0.00000E+00  max= 3.61291E+04
IA= 10  H(single F0) min= 0.00000E+00  max= 2.76776E-02
IA= 10  H(F0^2)     min= 0.00000E+00  max= 2.76776E-02
HESSD: ia=  10  min= 0.00000E+00  max= 3.61291E+04
IA= 10  H(single F0) min= 0.00000E+00  max= 2.76776E-02
IA= 10  H(F0^2)     min= 0.00000E+00  max= 2.76776E-02
HESSD: ia=  10  min= 0.00000E+00  max= 3.61291E+04
IA= 10  H(single F0) min= 0.00000E+00  max= 2.76776E-02
IA= 10  H(F0^2)     min= 0.00000E+00  max= 2.76776E-02
HESSD: ia=  10  min= 0.00000E+00  max= 3.61291E+04
IA= 10  H(single F0) min= 0.00000E+00  max= 2.76776E-02
IA= 10  H(F0^2)     min= 0.00000E+00  max= 2.76776E-02
HESSD: ia=  10  min= 0.00000E+00  max= 3.61291E+04
Grad block  10 GRAD_SCALED MORM =   4.1296E-05
Raw grad block 10  PAR={Q44}  min= -6.2883E-09  max=  6.1067E-09  L2=  3.1548E-08
Gradient finished
Start LBFGS 
LBFGS steepest step , iter=      1
  g·p = -9.7485E-07  ||p|| =  1.0292E-01
  min(p)= -8.1793E-03  max(p)=  7.1325E-03
LBFGS p_k (unscaled) stats per active parameter:
  IA= 10  PAR={Q44}  min=-1.12172E+01  max= 9.78162E+00  L2= 1.41151E+02
min(p_k)= -8.1793E-03  max(p_k)=  7.1325E-03  ||p_k||=  1.0292E-01
min(p_kf)= -8.1793E-03  max(p_kf)=  7.1325E-03  ||p_kf||=  4.1169E-01
p_k/p_kf  =   2.5000E-01
Start linesearch
BT entry: phi(0)=  7.9642E-07  g·p(0)= -9.7485E-07
 UPDATEPARAMETER: f-scale only
UPDATEPARAMETER PAR_STEP min/max, V_STEP min/max =  3.8512641992E+01  1.0481591204E+02
  3.8512641992E+01  1.0481591204E+02
REL STEP Q      : k= 10 row=  5 rmax_k=  2.2416E-01 row_scale=  1.0475E+02
BT cap probe: rmax1=  2.2416E-01  alpha_cap=  1.0000E+00  alpha00=  1.0000E+00
 UPDATEPARAMETER: f-scale only
UPDATEPARAMETER PAR_STEP min/max, V_STEP min/max =  3.8512641992E+01  1.0481591204E+02
  3.8512641992E+01  1.0481591204E+02
 running run_ik_loop_pardiso
before CA | VmRSS=  16.319 GB  VmHWM=  81.337 GB
after CA | VmRSS=  17.013 GB  VmHWM=  81.337 GB
after factor | VmRSS=  20.773 GB  VmHWM=  81.337 GB
f=     3.650 Hz | ky=  0.543880E-03 | IK=       1/      55 | t=   17.397200 s | CA=  2.5940 | fact= 12.8720 | GF=  1.9310 | solve=  1.7748 | scatter=  0.0530
f=     3.650 Hz | ky=  0.108776E-02 | IK=       2/      55 | t=    7.005500 s | CA=  2.5927 | fact=  2.5845 | GF=  1.8282 | solve=  1.7019 | scatter=  0.0527
f=     3.650 Hz | ky=  0.163164E-02 | IK=       3/      55 | t=    7.008900 s | CA=  2.6020 | fact=  2.5794 | GF=  1.8275 | solve=  1.7002 | scatter=  0.0540
f=     3.650 Hz | ky=  0.217552E-02 | IK=       4/      55 | t=    7.004400 s | CA=  2.6011 | fact=  2.5778 | GF=  1.8254 | solve=  1.6989 | scatter=  0.0531
f=     3.650 Hz | ky=  0.271940E-02 | IK=       5/      55 | t=    7.008200 s | CA=  2.5828 | fact=  2.5950 | GF=  1.8304 | solve=  1.7034 | scatter=  0.0536
f=     3.650 Hz | ky=  0.326328E-02 | IK=       6/      55 | t=    7.003100 s | CA=  2.5710 | fact=  2.5987 | GF=  1.8333 | solve=  1.7058 | scatter=  0.0541
f=     3.650 Hz | ky=  0.380716E-02 | IK=       7/      55 | t=    7.013600 s | CA=  2.6163 | fact=  2.5738 | GF=  1.8234 | solve=  1.6954 | scatter=  0.0546
f=     3.650 Hz | ky=  0.435104E-02 | IK=       8/      55 | t=    6.967000 s | CA=  2.5997 | fact=  2.5357 | GF=  1.8316 | solve=  1.7018 | scatter=  0.0562
f=     3.650 Hz | ky=  0.489492E-02 | IK=       9/      55 | t=    7.000200 s | CA=  2.5767 | fact=  2.5941 | GF=  1.8294 | solve=  1.7010 | scatter=  0.0550
f=     3.650 Hz | ky=  0.543880E-02 | IK=      10/      55 | t=    6.993800 s | CA=  2.5879 | fact=  2.5820 | GF=  1.8239 | solve=  1.6970 | scatter=  0.0533
PARDISO mem (f=  3.65 Hz): sym=  1.95 GB  perm=  1.42 GB  num=  3.22 GB  
peak=  4.64 GB
 WD_amp= 6.08583E+13  RESID_RMS= 4.22425E-03  FCOST_DATA= 8.92215E-06  FCOST0= 8.92215E-06
BT: alpha=  1.0000E+00  phi=  8.9221E-06  rhs=  7.9632E-07
 UPDATEPARAMETER: f-scale only
UPDATEPARAMETER PAR_STEP min/max, V_STEP min/max =  4.2518635430E+01  1.0477712872E+02
  4.2518635430E+01  1.0477712872E+02
 running run_ik_loop_pardiso
before CA | VmRSS=  16.972 GB  VmHWM=  81.337 GB
after CA | VmRSS=  17.546 GB  VmHWM=  81.337 GB
after factor | VmRSS=  21.315 GB  VmHWM=  81.337 GB
f=     3.650 Hz | ky=  0.543880E-03 | IK=       1/      55 | t=   17.273200 s | CA=  2.4959 | fact= 12.8493 | GF=  1.9278 | solve=  1.7705 | scatter=  0.0542
f=     3.650 Hz | ky=  0.108776E-02 | IK=       2/      55 | t=    6.967400 s | CA=  2.5785 | fact=  2.5641 | GF=  1.8248 | solve=  1.6957 | scatter=  0.0556
f=     3.650 Hz | ky=  0.163164E-02 | IK=       3/      55 | t=    6.942600 s | CA=  2.5504 | fact=  2.5649 | GF=  1.8273 | solve=  1.7011 | scatter=  0.0525
f=     3.650 Hz | ky=  0.217552E-02 | IK=       4/      55 | t=    6.997900 s | CA=  2.5933 | fact=  2.5804 | GF=  1.8242 | solve=  1.6982 | scatter=  0.0526
f=     3.650 Hz | ky=  0.271940E-02 | IK=       5/      55 | t=    6.941500 s | CA=  2.5390 | fact=  2.5794 | GF=  1.8230 | solve=  1.6960 | scatter=  0.0536
f=     3.650 Hz | ky=  0.326328E-02 | IK=       6/      55 | t=    6.966500 s | CA=  2.5690 | fact=  2.5752 | GF=  1.8223 | solve=  1.6961 | scatter=  0.0529
f=     3.650 Hz | ky=  0.380716E-02 | IK=       7/      55 | t=    6.977100 s | CA=  2.5857 | fact=  2.5711 | GF=  1.8203 | solve=  1.6928 | scatter=  0.0540
f=     3.650 Hz | ky=  0.435104E-02 | IK=       8/      55 | t=    7.026100 s | CA=  2.6282 | fact=  2.5704 | GF=  1.8275 | solve=  1.7020 | scatter=  0.0519
f=     3.650 Hz | ky=  0.489492E-02 | IK=       9/      55 | t=    6.943900 s | CA=  2.5463 | fact=  2.5706 | GF=  1.8269 | solve=  1.7000 | scatter=  0.0533
f=     3.650 Hz | ky=  0.543880E-02 | IK=      10/      55 | t=    7.017800 s | CA=  2.6164 | fact=  2.5752 | GF=  1.8261 | solve=  1.6993 | scatter=  0.0532
PARDISO mem (f=  3.65 Hz): sym=  1.95 GB  perm=  1.42 GB  num=  3.22 GB  
peak=  4.64 GB
 WD_amp= 6.08583E+13  RESID_RMS= 2.08609E-03  FCOST_DATA= 2.17588E-06  FCOST0= 2.17588E-06
BT: alpha=  5.0000E-01  phi=  2.1759E-06  rhs=  7.9637E-07
 UPDATEPARAMETER: f-scale only
UPDATEPARAMETER PAR_STEP min/max, V_STEP min/max =  4.3851535053E+01  1.0475986082E+02
  4.3851535053E+01  1.0475986082E+02
 running run_ik_loop_pardiso
before CA | VmRSS=  16.877 GB  VmHWM=  81.337 GB
after CA | VmRSS=  17.872 GB  VmHWM=  81.337 GB
after factor | VmRSS=  21.631 GB  VmHWM=  81.337 GB
f=     3.650 Hz | ky=  0.543880E-03 | IK=       1/      55 | t=   17.367000 s | CA=  2.5622 | fact= 12.8682 | GF=  1.9364 | solve=  1.7802 | scatter=  0.0525
f=     3.650 Hz | ky=  0.108776E-02 | IK=       2/      55 | t=    6.992400 s | CA=  2.5996 | fact=  2.5727 | GF=  1.8200 | solve=  1.6907 | scatter=  0.0559
f=     3.650 Hz | ky=  0.163164E-02 | IK=       3/      55 | t=    6.985800 s | CA=  2.5942 | fact=  2.5642 | GF=  1.8274 | solve=  1.6996 | scatter=  0.0538
f=     3.650 Hz | ky=  0.217552E-02 | IK=       4/      55 | t=    6.985400 s | CA=  2.6065 | fact=  2.5594 | GF=  1.8195 | solve=  1.6919 | scatter=  0.0538
f=     3.650 Hz | ky=  0.271940E-02 | IK=       5/      55 | t=    6.994400 s | CA=  2.5831 | fact=  2.5826 | GF=  1.8286 | solve=  1.7031 | scatter=  0.0517
f=     3.650 Hz | ky=  0.326328E-02 | IK=       6/      55 | t=    7.046500 s | CA=  2.6670 | fact=  2.5545 | GF=  1.8250 | solve=  1.7003 | scatter=  0.0511
f=     3.650 Hz | ky=  0.380716E-02 | IK=       7/      55 | t=    6.954500 s | CA=  2.5501 | fact=  2.5761 | GF=  1.8283 | solve=  1.7015 | scatter=  0.0527
f=     3.650 Hz | ky=  0.435104E-02 | IK=       8/      55 | t=    7.004100 s | CA=  2.5980 | fact=  2.5833 | GF=  1.8228 | solve=  1.6965 | scatter=  0.0527
f=     3.650 Hz | ky=  0.489492E-02 | IK=       9/      55 | t=    6.939100 s | CA=  2.5670 | fact=  2.5406 | GF=  1.8315 | solve=  1.7012 | scatter=  0.0565
f=     3.650 Hz | ky=  0.543880E-02 | IK=      10/      55 | t=    6.969600 s | CA=  2.5644 | fact=  2.5802 | GF=  1.8250 | solve=  1.6986 | scatter=  0.0529
PARDISO mem (f=  3.65 Hz): sym=  1.95 GB  perm=  1.42 GB  num=  3.22 GB  
peak=  4.64 GB
 WD_amp= 6.08583E+13  RESID_RMS= 1.34039E-03  FCOST_DATA= 8.98324E-07  FCOST0= 8.98324E-07
BT: alpha=  2.5000E-01  phi=  8.9832E-07  rhs=  7.9639E-07
 UPDATEPARAMETER: f-scale only
UPDATEPARAMETER PAR_STEP min/max, V_STEP min/max =  4.3662678766E+01  1.0475395426E+02
  4.3662678766E+01  1.0475395426E+02
 running run_ik_loop_pardiso
before CA | VmRSS=  16.859 GB  VmHWM=  81.337 GB
after CA | VmRSS=  17.604 GB  VmHWM=  81.337 GB
after factor | VmRSS=  21.370 GB  VmHWM=  81.337 GB
f=     3.650 Hz | ky=  0.543880E-03 | IK=       1/      55 | t=   17.306200 s | CA=  2.5335 | fact= 12.8455 | GF=  1.9270 | solve=  1.7697 | scatter=  0.0543
f=     3.650 Hz | ky=  0.108776E-02 | IK=       2/      55 | t=    6.951700 s | CA=  2.5655 | fact=  2.5643 | GF=  1.8218 | solve=  1.6945 | scatter=  0.0537
f=     3.650 Hz | ky=  0.163164E-02 | IK=       3/      55 | t=    6.987400 s | CA=  2.5865 | fact=  2.5771 | GF=  1.8237 | solve=  1.6950 | scatter=  0.0552
f=     3.650 Hz | ky=  0.217552E-02 | IK=       4/      55 | t=    6.940300 s | CA=  2.5833 | fact=  2.5690 | GF=  1.7880 | solve=  1.6613 | scatter=  0.0530
f=     3.650 Hz | ky=  0.271940E-02 | IK=       5/      55 | t=    7.003700 s | CA=  2.6394 | fact=  2.5813 | GF=  1.7830 | solve=  1.6550 | scatter=  0.0539
f=     3.650 Hz | ky=  0.326328E-02 | IK=       6/      55 | t=    6.902500 s | CA=  2.5628 | fact=  2.5741 | GF=  1.7656 | solve=  1.6373 | scatter=  0.0546
f=     3.650 Hz | ky=  0.380716E-02 | IK=       7/      55 | t=    6.920300 s | CA=  2.5852 | fact=  2.5748 | GF=  1.7602 | solve=  1.6329 | scatter=  0.0538
f=     3.650 Hz | ky=  0.435104E-02 | IK=       8/      55 | t=    6.927700 s | CA=  2.5828 | fact=  2.5830 | GF=  1.7619 | solve=  1.6336 | scatter=  0.0549
f=     3.650 Hz | ky=  0.489492E-02 | IK=       9/      55 | t=    6.891200 s | CA=  2.5617 | fact=  2.5644 | GF=  1.7651 | solve=  1.6366 | scatter=  0.0550
f=     3.650 Hz | ky=  0.543880E-02 | IK=      10/      55 | t=    6.926300 s | CA=  2.5719 | fact=  2.5902 | GF=  1.7642 | solve=  1.6348 | scatter=  0.0558
PARDISO mem (f=  3.65 Hz): sym=  1.95 GB  perm=  1.42 GB  num=  3.22 GB  
peak=  4.64 GB
 WD_amp= 6.08583E+13  RESID_RMS= 1.19038E-03  FCOST_DATA= 7.08508E-07  FCOST0= 7.08508E-07
  
BT: alpha=  1.2500E-01  phi=  7.0851E-07  rhs=  7.9641E-07
  
  
  
  
Convergence reached, updating parameter grid
ALPHA from line search =  .1250000000000000
 FCOST0 after linesearch  7.085077317407610E-007
Norm of s (s_norm) =  .1286541137801738E-01
  
Time for LBFGS =  7.710538228352864 min
  
 Frequency:           3 Iteration:           2
t_global   =    331.516 s
  
 -------------- calculate Frechet derivatives -----------
 IFREQ =           3    ITERATION =           2
||Frechet||_F=  1.1163E-12max|Frechet|=  1.5014E-17
||Frechet||_F=  1.1163E-12max|Frechet|=  1.5014E-17
||Frechet||_F=  1.1163E-12max|Frechet|=  1.5014E-17
||Frechet||_F=  1.1163E-12max|Frechet|=  1.5014E-17
||Frechet||_F=  1.1163E-12max|Frechet|=  1.5014E-17
||Frechet||_F=  1.1163E-12max|Frechet|=  1.5014E-17
 
TIME for Frechet calc =  2.984796651204427 min
 
 
  compute the residual and the cost function
 WD_amp= 6.08583E+13  RESID_RMS= 1.19038E-03  FCOST_DATA= 7.08508E-07  FCOST0= 7.08508E-07
Grad block  10 GRAD_SCALED MORM =   4.1984E-05
Raw grad block 10  PAR={Q44}  min= -6.5100E-09  max=  6.4861E-09  L2=  3.2127E-08
Gradient finished
Start LBFGS 
curvature (warm): s·y=  1.5194E-07  ||s||^2=  1.6552E-04  ||y||^2=  6.9277E-10  sTy_min=  3.3862E-08
LBFGS step: g·p = -8.8769E-07  ||p||=  1.4486E-01
LBFGS step: min(p)= -9.0866E-03  max(p)=  9.5129E-03
LBFGS p_k (unscaled) stats per active parameter:
  IA= 10  PAR={Q44}  min=-1.24615E+01  max= 1.30462E+01  L2= 1.98657E+02
min(p_k)= -9.0866E-03  max(p_k)=  9.5129E-03  ||p_k||=  1.4486E-01
min(p_kf)= -9.0866E-03  max(p_kf)=  9.5129E-03  ||p_kf||=  5.7942E-01
p_k/p_kf  =   2.5000E-01
Start linesearch
MT entry: phi(0)=  7.0851E-07  dg0= -8.8769E-07  alpha0=  1.0000E+00
 UPDATEPARAMETER: f-scale only
UPDATEPARAMETER PAR_STEP min/max, V_STEP min/max =  3.8076177442E+01  1.0506628516E+02
  3.8076177442E+01  1.0506628516E+02
 WD_amp= 6.08583E+13  RESID_RMS= 3.49383E-03  FCOST_DATA= 6.10344E-06  FCOST0= 6.10344E-06
  
 -------------- calculate Frechet derivatives -----------
 IFREQ =           3    ITERATION =           2
||Frechet||_F=  1.1111E-12max|Frechet|=  1.5012E-17
||Frechet||_F=  1.1111E-12max|Frechet|=  1.5012E-17
||Frechet||_F=  1.1111E-12max|Frechet|=  1.5012E-17
||Frechet||_F=  1.1111E-12max|Frechet|=  1.5012E-17
||Frechet||_F=  1.1111E-12max|Frechet|=  1.5012E-17
||Frechet||_F=  1.1111E-12max|Frechet|=  1.5012E-17
Grad block  10 GRAD_SCALED MORM =   1.8590E-04
MT try: alpha=  1.0000E+00  phi=  6.1034E-06  dg=  5.8829E-06  dg0= -8.8769E-07
MT try: armijo_rhs=  7.0842E-07  armijo=F  curvature=F  task=FG
 UPDATEPARAMETER: f-scale only
UPDATEPARAMETER PAR_STEP min/max, V_STEP min/max =  4.3753967313E+01  1.0475711191E+02
  4.3753967313E+01  1.0475711191E+02
 WD_amp= 6.08583E+13  RESID_RMS= 1.14620E-03  FCOST_DATA= 6.56888E-07  FCOST0= 6.56888E-07
  
 -------------- calculate Frechet derivatives -----------
 IFREQ =           3    ITERATION =           2
||Frechet||_F=  1.1159E-12max|Frechet|=  1.5014E-17
||Frechet||_F=  1.1159E-12max|Frechet|=  1.5014E-17
||Frechet||_F=  1.1159E-12max|Frechet|=  1.5014E-17
||Frechet||_F=  1.1159E-12max|Frechet|=  1.5014E-17
||Frechet||_F=  1.1159E-12max|Frechet|=  1.5014E-17
||Frechet||_F=  1.1159E-12max|Frechet|=  1.5014E-17
Grad block  10 GRAD_SCALED MORM =   3.8048E-05
MT try: alpha=  3.7778E-02  phi=  6.5689E-07  dg= -5.9611E-07  dg0= -8.8769E-07
MT try: armijo_rhs=  7.0850E-07  armijo=T  curvature=T  task=FG
  
  
  
  
  
Convergence reached, updating parameter grid
ALPHA from line search =  .3777755684883292E-01
 FCOST0 after linesearch  6.568880357826446E-007
Norm of s (s_norm) =  .5472276902349991E-02
  
Time for LBFGS =  16.97102966308594 min
  
 Frequency:           3 Iteration:           3
t_global   =    331.360 s
  
 -------------- calculate Frechet derivatives -----------
 IFREQ =           3    ITERATION =           3
||Frechet||_F=  1.1159E-12max|Frechet|=  1.5014E-17
||Frechet||_F=  1.1159E-12max|Frechet|=  1.5014E-17
||Frechet||_F=  1.1159E-12max|Frechet|=  1.5014E-17
||Frechet||_F=  1.1159E-12max|Frechet|=  1.5014E-17
||Frechet||_F=  1.1159E-12max|Frechet|=  1.5014E-17
||Frechet||_F=  1.1159E-12max|Frechet|=  1.5014E-17
 
TIME for Frechet calc =  2.992001597086589 min
 
 
  compute the residual and the cost function
 WD_amp= 6.08583E+13  RESID_RMS= 1.14620E-03  FCOST_DATA= 6.56888E-07  FCOST0= 6.56888E-07
Grad block  10 GRAD_SCALED MORM =   3.8048E-05
Gradient finished
Start LBFGS 
curvature (warm): s·y=  1.1015E-08  ||s||^2=  2.9946E-05  ||y||^2=  4.4231E-11  sTy_min=  3.6394E-09
LBFGS step: g·p = -5.6352E-07  ||p||=  1.3616E-01
LBFGS step: min(p)= -1.1013E-02  max(p)=  9.2479E-03
LBFGS p_k (unscaled) stats per active parameter:
  IA= 10  PAR={Q44}  min=-1.51032E+01  max= 1.26828E+01  L2= 1.86727E+02
min(p_k)= -1.1013E-02  max(p_k)=  9.2479E-03  ||p_k||=  1.3616E-01
min(p_kf)= -1.1013E-02  max(p_kf)=  9.2479E-03  ||p_kf||=  5.4462E-01
p_k/p_kf  =   2.5000E-01
Start linesearch
MT entry: phi(0)=  6.5689E-07  dg0= -5.6352E-07  alpha0=  1.0000E+00
 UPDATEPARAMETER: f-scale only
UPDATEPARAMETER PAR_STEP min/max, V_STEP min/max =  4.0410692904E+01  1.0509856747E+02
  4.0410692904E+01  1.0509856747E+02
 WD_amp= 6.08583E+13  RESID_RMS= 3.00870E-03  FCOST_DATA= 4.52613E-06  FCOST0= 4.52613E-06
  
 -------------- calculate Frechet derivatives -----------
 IFREQ =           3    ITERATION =           3
||Frechet||_F=  1.1280E-12max|Frechet|=  1.5011E-17
||Frechet||_F=  1.1280E-12max|Frechet|=  1.5011E-17
||Frechet||_F=  1.1280E-12max|Frechet|=  1.5011E-17
||Frechet||_F=  1.1280E-12max|Frechet|=  1.5011E-17
||Frechet||_F=  1.1280E-12max|Frechet|=  1.5011E-17
||Frechet||_F=  1.1280E-12max|Frechet|=  1.5011E-17
Grad block  10 GRAD_SCALED MORM =   1.7357E-04
MT try: alpha=  1.0000E+00  phi=  4.5261E-06  dg=  4.7822E-06  dg0= -5.6352E-07
MT try: armijo_rhs=  6.5683E-07  armijo=F  curvature=F  task=FG
 UPDATEPARAMETER: f-scale only
UPDATEPARAMETER PAR_STEP min/max, V_STEP min/max =  4.3835075635E+01  1.0476114895E+02
  4.3835075635E+01  1.0476114895E+02
 WD_amp= 6.08583E+13  RESID_RMS= 1.12645E-03  FCOST_DATA= 6.34447E-07  FCOST0= 6.34447E-07
  
 -------------- calculate Frechet derivatives -----------
 IFREQ =           3    ITERATION =           3
||Frechet||_F=  1.1162E-12max|Frechet|=  1.5014E-17
||Frechet||_F=  1.1162E-12max|Frechet|=  1.5014E-17
||Frechet||_F=  1.1162E-12max|Frechet|=  1.5014E-17
||Frechet||_F=  1.1162E-12max|Frechet|=  1.5014E-17
||Frechet||_F=  1.1162E-12max|Frechet|=  1.5014E-17
||Frechet||_F=  1.1162E-12max|Frechet|=  1.5014E-17
Grad block  10 GRAD_SCALED MORM =   3.7328E-05
MT try: alpha=  3.6305E-02  phi=  6.3445E-07  dg= -4.0991E-07  dg0= -5.6352E-07
MT try: armijo_rhs=  6.5689E-07  armijo=T  curvature=T  task=FG
  
  
  
  
  
Convergence reached, updating parameter grid
ALPHA from line search =  .3630483957604644E-01
 FCOST0 after linesearch  6.344469921814040E-007
Norm of s (s_norm) =  .4943126968005650E-02
  
Convergence check at iteration    3
  Relative cost decrease  =  3.4163E-02
  Relative model update   =  0.0000E+00
  Relative grad. norm     =  1.0496E+00
Time for LBFGS =  16.97424316406250 min
  
 Frequency:           3 Iteration:           4
t_global   =    332.752 s
  
 -------------- calculate Frechet derivatives -----------
 IFREQ =           3    ITERATION =           4
||Frechet||_F=  1.1162E-12max|Frechet|=  1.5014E-17
||Frechet||_F=  1.1162E-12max|Frechet|=  1.5014E-17
||Frechet||_F=  1.1162E-12max|Frechet|=  1.5014E-17
||Frechet||_F=  1.1162E-12max|Frechet|=  1.5014E-17
||Frechet||_F=  1.1162E-12max|Frechet|=  1.5014E-17
 
TIME for Frechet calc =  3.045353444417318 min
 
 
  compute the residual and the cost function
 WD_amp= 6.08583E+13  RESID_RMS= 1.12645E-03  FCOST_DATA= 6.34447E-07  FCOST0= 6.34447E-07
||Frechet||_F=  1.1162E-12max|Frechet|=  1.5014E-17
Grad block  10 GRAD_SCALED MORM =   3.7328E-05
Gradient finished
Start LBFGS 
curvature (warm): s·y=  5.5767E-09  ||s||^2=  2.4435E-05  ||y||^2=  1.6817E-11  sTy_min=  2.0271E-09
LBFGS history: used= 2  skipped= 1  worst_col= 3  bad_s·y=  5.5767E-09  bad_cos_sy=  2.7511E-01
LBFGS step: g·p = -3.4924E-07  ||p||=  1.0729E-01
LBFGS step: min(p)= -8.3866E-03  max(p)=  7.7009E-03
LBFGS p_k (unscaled) stats per active parameter:
  IA= 10  PAR={Q44}  min=-1.15015E+01  max= 1.05612E+01  L2= 1.47137E+02
min(p_k)= -8.3866E-03  max(p_k)=  7.7009E-03  ||p_k||=  1.0729E-01
min(p_kf)= -8.3866E-03  max(p_kf)=  7.7009E-03  ||p_kf||=  4.2915E-01
p_k/p_kf  =   2.5000E-01
Start linesearch
MT entry: phi(0)=  6.3445E-07  dg0= -3.4924E-07  alpha0=  1.0000E+00
 UPDATEPARAMETER: f-scale only
UPDATEPARAMETER PAR_STEP min/max, V_STEP min/max =  4.1469574432E+01  1.0502018626E+02
  4.1469574432E+01  1.0502018626E+02
 WD_amp= 6.08583E+13  RESID_RMS= 1.77557E-03  FCOST_DATA= 1.57633E-06  FCOST0= 1.57633E-06
  
 -------------- calculate Frechet derivatives -----------
 IFREQ =           3    ITERATION =           4
||Frechet||_F=  1.1181E-12max|Frechet|=  1.5010E-17
||Frechet||_F=  1.1181E-12max|Frechet|=  1.5010E-17
||Frechet||_F=  1.1181E-12max|Frechet|=  1.5010E-17
||Frechet||_F=  1.1181E-12max|Frechet|=  1.5010E-17
||Frechet||_F=  1.1181E-12max|Frechet|=  1.5010E-17
||Frechet||_F=  1.1181E-12max|Frechet|=  1.5010E-17
Grad block  10 GRAD_SCALED MORM =   7.8820E-05
MT try: alpha=  1.0000E+00  phi=  1.5763E-06  dg=  9.6139E-07  dg0= -3.4924E-07
MT try: armijo_rhs=  6.3441E-07  armijo=F  curvature=F  task=FG
 UPDATEPARAMETER: f-scale only
UPDATEPARAMETER PAR_STEP min/max, V_STEP min/max =  4.3802413478E+01  1.0477012167E+02
  4.3802413478E+01  1.0477012167E+02
 WD_amp= 6.08583E+13  RESID_RMS= 1.09939E-03  FCOST_DATA= 6.04333E-07  FCOST0= 6.04333E-07
  
 -------------- calculate Frechet derivatives -----------
 IFREQ =           3    ITERATION =           4
||Frechet||_F=  1.1161E-12max|Frechet|=  1.5014E-17
||Frechet||_F=  1.1161E-12max|Frechet|=  1.5014E-17
||Frechet||_F=  1.1161E-12max|Frechet|=  1.5014E-17
||Frechet||_F=  1.1161E-12max|Frechet|=  1.5014E-17
||Frechet||_F=  1.1161E-12max|Frechet|=  1.5014E-17
||Frechet||_F=  1.1161E-12max|Frechet|=  1.5014E-17
Grad block  10 GRAD_SCALED MORM =   3.6781E-05
MT try: alpha=  7.1996E-02  phi=  6.0433E-07  dg= -2.6418E-07  dg0= -3.4924E-07
MT try: armijo_rhs=  6.3444E-07  armijo=T  curvature=T  task=FG
  
  
  
  
  
Convergence reached, updating parameter grid
ALPHA from line search =  .7199565131107678E-01
 FCOST0 after linesearch  6.043329682419921E-007
Norm of s (s_norm) =  .7724278093568771E-02
  
Convergence check at iteration    4
  Relative cost decrease  =  4.7465E-02
  Relative model update   =  0.0000E+00
  Relative grad. norm     =  1.0133E+00
Time for LBFGS =  16.95120951334635 min
  
 Frequency:           3 Iteration:           5
t_global   =    332.246 s
  
 -------------- calculate Frechet derivatives -----------
 IFREQ =           3    ITERATION =           5
||Frechet||_F=  1.1161E-12max|Frechet|=  1.5014E-17
||Frechet||_F=  1.1161E-12max|Frechet|=  1.5014E-17
||Frechet||_F=  1.1161E-12max|Frechet|=  1.5014E-17
||Frechet||_F=  1.1161E-12max|Frechet|=  1.5014E-17
||Frechet||_F=  1.1161E-12max|Frechet|=  1.5014E-17
||Frechet||_F=  1.1161E-12max|Frechet|=  1.5014E-17
 
TIME for Frechet calc =  2.996410115559896 min
 
 
  compute the residual and the cost function
 WD_amp= 6.08583E+13  RESID_RMS= 1.09939E-03  FCOST_DATA= 6.04333E-07  FCOST0= 6.04333E-07
Grad block  10 GRAD_SCALED MORM =   3.6781E-05
Gradient finished
Start LBFGS 
curvature (warm): s·y=  6.1236E-09  ||s||^2=  5.9664E-05  ||y||^2=  7.4253E-12  sTy_min=  2.1048E-09
LBFGS history: used= 2  skipped= 2  worst_col= 3  bad_s·y=  5.5767E-09  bad_cos_sy=  2.7511E-01
LBFGS step: g·p = -2.2585E-07  ||p||=  8.2498E-02
LBFGS step: min(p)= -5.6930E-03  max(p)=  6.2702E-03
LBFGS p_k (unscaled) stats per active parameter:
  IA= 10  PAR={Q44}  min=-7.80747E+00  max= 8.59906E+00  L2= 1.13139E+02
min(p_k)= -5.6930E-03  max(p_k)=  6.2702E-03  ||p_k||=  8.2498E-02
min(p_kf)= -5.6930E-03  max(p_kf)=  6.2702E-03  ||p_kf||=  3.2999E-01
p_k/p_kf  =   2.5000E-01
Start linesearch
MT entry: phi(0)=  6.0433E-07  dg0= -2.2585E-07  alpha0=  1.0000E+00
 UPDATEPARAMETER: f-scale only
UPDATEPARAMETER PAR_STEP min/max, V_STEP min/max =  4.2315985476E+01  1.0496129150E+02
  4.2315985476E+01  1.0496129150E+02
 WD_amp= 6.08583E+13  RESID_RMS= 1.28427E-03  FCOST_DATA= 8.24671E-07  FCOST0= 8.24671E-07
  
 -------------- calculate Frechet derivatives -----------
 IFREQ =           3    ITERATION =           5
||Frechet||_F=  1.1150E-12max|Frechet|=  1.5010E-17
||Frechet||_F=  1.1150E-12max|Frechet|=  1.5010E-17
||Frechet||_F=  1.1150E-12max|Frechet|=  1.5010E-17
||Frechet||_F=  1.1150E-12max|Frechet|=  1.5010E-17
||Frechet||_F=  1.1150E-12max|Frechet|=  1.5010E-17
||Frechet||_F=  1.1150E-12max|Frechet|=  1.5010E-17
Grad block  10 GRAD_SCALED MORM =   5.2103E-05
MT try: alpha=  1.0000E+00  phi=  8.2467E-07  dg=  1.8528E-07  dg0= -2.2585E-07
MT try: armijo_rhs=  6.0431E-07  armijo=F  curvature=T  task=FG
 UPDATEPARAMETER: f-scale only
UPDATEPARAMETER PAR_STEP min/max, V_STEP min/max =  4.3636271436E+01  1.0478705488E+02
  4.3636271436E+01  1.0478705488E+02
 WD_amp= 6.08583E+13  RESID_RMS= 1.06538E-03  FCOST_DATA= 5.67513E-07  FCOST0= 5.67513E-07
  
 -------------- calculate Frechet derivatives -----------
 IFREQ =           3    ITERATION =           5
||Frechet||_F=  1.1158E-12max|Frechet|=  1.5013E-17
||Frechet||_F=  1.1158E-12max|Frechet|=  1.5013E-17
||Frechet||_F=  1.1158E-12max|Frechet|=  1.5013E-17
||Frechet||_F=  1.1158E-12max|Frechet|=  1.5013E-17
||Frechet||_F=  1.1158E-12max|Frechet|=  1.5013E-17
||Frechet||_F=  1.1158E-12max|Frechet|=  1.5013E-17
Grad block  10 GRAD_SCALED MORM =   3.6159E-05
MT try: alpha=  1.3620E-01  phi=  5.6751E-07  dg= -1.6855E-07  dg0= -2.2585E-07
MT try: armijo_rhs=  6.0433E-07  armijo=T  curvature=T  task=FG
  
  
  
  
  
Convergence reached, updating parameter grid
ALPHA from line search =  .1362007778443880
 FCOST0 after linesearch  5.675134100224769E-007
Norm of s (s_norm) =  .1123628854637255E-01
  
Convergence check at iteration    5
  Relative cost decrease  =  6.0926E-02
  Relative model update   =  0.0000E+00
  Relative grad. norm     =  8.9092E-01
Time for LBFGS =  17.08066813151042 min
  
 Frequency:           3 Iteration:           6
t_global   =    332.414 s
  
 -------------- calculate Frechet derivatives -----------
 IFREQ =           3    ITERATION =           6
||Frechet||_F=  1.1158E-12max|Frechet|=  1.5013E-17
||Frechet||_F=  1.1158E-12max|Frechet|=  1.5013E-17
||Frechet||_F=  1.1158E-12max|Frechet|=  1.5013E-17
||Frechet||_F=  1.1158E-12max|Frechet|=  1.5013E-17
||Frechet||_F=  1.1158E-12max|Frechet|=  1.5013E-17
||Frechet||_F=  1.1158E-12max|Frechet|=  1.5013E-17
 
TIME for Frechet calc =  2.998963419596354 min
 
 
  compute the residual and the cost function
 WD_amp= 6.08583E+13  RESID_RMS= 1.06538E-03  FCOST_DATA= 5.67513E-07  FCOST0= 5.67513E-07
Grad block  10 GRAD_SCALED MORM =   3.6159E-05
Gradient finished
Start LBFGS 
curvature (warm): s·y=  7.8051E-09  ||s||^2=  1.2625E-04  ||y||^2=  8.0225E-12  sTy_min=  3.1826E-09
LBFGS history: used= 2  skipped= 3  worst_col= 3  bad_s·y=  5.5767E-09  bad_cos_sy=  2.7511E-01
LBFGS step: g·p = -1.4498E-07  ||p||=  6.4238E-02
LBFGS step: min(p)= -3.7624E-03  max(p)=  4.8988E-03
LBFGS p_k (unscaled) stats per active parameter:
  IA= 10  PAR={Q44}  min=-5.15984E+00  max= 6.71829E+00  L2= 8.80968E+01
min(p_k)= -3.7624E-03  max(p_k)=  4.8988E-03  ||p_k||=  6.4238E-02
min(p_kf)= -3.7624E-03  max(p_kf)=  4.8988E-03  ||p_kf||=  2.5695E-01
p_k/p_kf  =   2.5000E-01
Start linesearch
MT entry: phi(0)=  5.6751E-07  dg0= -1.4498E-07  alpha0=  1.0000E+00
 UPDATEPARAMETER: f-scale only
UPDATEPARAMETER PAR_STEP min/max, V_STEP min/max =  4.2689730809E+01  1.0494988556E+02
  4.2689730809E+01  1.0494988556E+02
 WD_amp= 6.08583E+13  RESID_RMS= 1.15029E-03  FCOST_DATA= 6.61584E-07  FCOST0= 6.61584E-07
  
 -------------- calculate Frechet derivatives -----------
 IFREQ =           3    ITERATION =           6
||Frechet||_F=  1.1162E-12max|Frechet|=  1.5012E-17
||Frechet||_F=  1.1162E-12max|Frechet|=  1.5012E-17
||Frechet||_F=  1.1162E-12max|Frechet|=  1.5012E-17
||Frechet||_F=  1.1162E-12max|Frechet|=  1.5012E-17
||Frechet||_F=  1.1162E-12max|Frechet|=  1.5012E-17
||Frechet||_F=  1.1162E-12max|Frechet|=  1.5012E-17
Grad block  10 GRAD_SCALED MORM =   4.8004E-05
MT try: alpha=  1.0000E+00  phi=  6.6158E-07  dg=  6.1999E-08  dg0= -1.4498E-07
MT try: armijo_rhs=  5.6750E-07  armijo=F  curvature=T  task=FG
 UPDATEPARAMETER: f-scale only
UPDATEPARAMETER PAR_STEP min/max, V_STEP min/max =  4.3521799529E+01  1.0480483645E+02
  4.3521799529E+01  1.0480483645E+02
 WD_amp= 6.08583E+13  RESID_RMS= 1.04207E-03  FCOST_DATA= 5.42959E-07  FCOST0= 5.42959E-07
  
 -------------- calculate Frechet derivatives -----------
 IFREQ =           3    ITERATION =           6
||Frechet||_F=  1.1158E-12max|Frechet|=  1.5013E-17
||Frechet||_F=  1.1158E-12max|Frechet|=  1.5013E-17
||Frechet||_F=  1.1158E-12max|Frechet|=  1.5013E-17
||Frechet||_F=  1.1158E-12max|Frechet|=  1.5013E-17
||Frechet||_F=  1.1158E-12max|Frechet|=  1.5013E-17
||Frechet||_F=  1.1158E-12max|Frechet|=  1.5013E-17
Grad block  10 GRAD_SCALED MORM =   3.5607E-05
MT try: alpha=  1.6336E-01  phi=  5.4296E-07  dg= -1.1165E-07  dg0= -1.4498E-07
MT try: armijo_rhs=  5.6751E-07  armijo=T  curvature=T  task=FG
  
  
  
  
  
Convergence reached, updating parameter grid
ALPHA from line search =  .1633641421932153
 FCOST0 after linesearch  5.429586006152459E-007
Norm of s (s_norm) =  .1049416447703118E-01
  
Convergence check at iteration    6
  Relative cost decrease  =  4.3267E-02
  Relative model update   =  0.0000E+00
  Relative grad. norm     =  8.1517E-01
Time for LBFGS =  17.02108866373698 min
  
 Frequency:           3 Iteration:           7
t_global   =    332.387 s
  
 -------------- calculate Frechet derivatives -----------
 IFREQ =           3    ITERATION =           7
||Frechet||_F=  1.1158E-12max|Frechet|=  1.5013E-17
||Frechet||_F=  1.1158E-12max|Frechet|=  1.5013E-17
||Frechet||_F=  1.1158E-12max|Frechet|=  1.5013E-17
||Frechet||_F=  1.1158E-12max|Frechet|=  1.5013E-17
||Frechet||_F=  1.1158E-12max|Frechet|=  1.5013E-17
||Frechet||_F=  1.1158E-12max|Frechet|=  1.5013E-17
 
TIME for Frechet calc =  3.028064982096354 min
 
 
  compute the residual and the cost function
 WD_amp= 6.08583E+13  RESID_RMS= 1.04207E-03  FCOST_DATA= 5.42959E-07  FCOST0= 5.42959E-07
Grad block  10 GRAD_SCALED MORM =   3.5607E-05
Gradient finished
Start LBFGS 
curvature (full): s·y=  5.4459E-09  ||s||^2=  1.1013E-04  ||y||^2=  1.2094E-11  sTy_min=  3.6495E-09
LBFGS history: used= 1  skipped= 4  worst_col= 1  bad_s·y=  5.4459E-09  bad_cos_sy=  1.4922E-01
 
LBFGS step(full): g·p = -1.6168E-07  ||p||=  4.4028E-02
LBFGS step(full): min(p)= -1.8664E-03  max(p)=  3.5954E-03
LBFGS p_k (unscaled) stats per active parameter:
  IA= 10  PAR={Q44}  min=-2.55962E+00  max= 4.93083E+00  L2= 6.03805E+01
min(p_k)= -1.8664E-03  max(p_k)=  3.5954E-03  ||p_k||=  4.4028E-02
min(p_kf)= -1.8664E-03  max(p_kf)=  3.5954E-03  ||p_kf||=  1.7611E-01
p_k/p_kf  =   2.5000E-01
Start linesearch
MT entry: phi(0)=  5.4296E-07  dg0= -1.6168E-07  alpha0=  1.0000E+00
 UPDATEPARAMETER: f-scale only
UPDATEPARAMETER PAR_STEP min/max, V_STEP min/max =  4.3391747216E+01  1.0487270005E+02
  4.3391747216E+01  1.0487270005E+02
 WD_amp= 6.08583E+13  RESID_RMS= 1.64645E-03  FCOST_DATA= 1.35539E-06  FCOST0= 1.35539E-06
  
 -------------- calculate Frechet derivatives -----------
 IFREQ =           3    ITERATION =           7
||Frechet||_F=  1.1098E-12max|Frechet|=  1.5011E-17
||Frechet||_F=  1.1098E-12max|Frechet|=  1.5011E-17
||Frechet||_F=  1.1098E-12max|Frechet|=  1.5011E-17
||Frechet||_F=  1.1098E-12max|Frechet|=  1.5011E-17
||Frechet||_F=  1.1098E-12max|Frechet|=  1.5011E-17
||Frechet||_F=  1.1098E-12max|Frechet|=  1.5011E-17
Grad block  10 GRAD_SCALED MORM =   9.6544E-05
MT try: alpha=  1.0000E+00  phi=  1.3554E-06  dg=  1.1293E-06  dg0= -1.6168E-07
MT try: armijo_rhs=  5.4294E-07  armijo=F  curvature=F  task=FG
 UPDATEPARAMETER: f-scale only
UPDATEPARAMETER PAR_STEP min/max, V_STEP min/max =  4.3515149447E+01  1.0480830658E+02
  4.3515149447E+01  1.0480830658E+02
 WD_amp= 6.08583E+13  RESID_RMS= 1.02808E-03  FCOST_DATA= 5.28474E-07  FCOST0= 5.28474E-07
  
 -------------- calculate Frechet derivatives -----------
 IFREQ =           3    ITERATION =           7
||Frechet||_F=  1.1155E-12max|Frechet|=  1.5013E-17
||Frechet||_F=  1.1155E-12max|Frechet|=  1.5013E-17
||Frechet||_F=  1.1155E-12max|Frechet|=  1.5013E-17
||Frechet||_F=  1.1155E-12max|Frechet|=  1.5013E-17
||Frechet||_F=  1.1155E-12max|Frechet|=  1.5013E-17
||Frechet||_F=  1.1155E-12max|Frechet|=  1.5013E-17
Grad block  10 GRAD_SCALED MORM =   3.4438E-05
MT try: alpha=  5.1134E-02  phi=  5.2847E-07  dg= -8.9696E-08  dg0= -1.6168E-07
MT try: armijo_rhs=  5.4296E-07  armijo=T  curvature=T  task=FG
  
  
  
  
  
Convergence reached, updating parameter grid
ALPHA from line search =  .5113389813061991E-01
 FCOST0 after linesearch  5.284736223347959E-007
Norm of s (s_norm) =  .2251315531382689E-02
  
Convergence check at iteration    7
  Relative cost decrease  =  2.6678E-02
  Relative model update   =  0.0000E+00
  Relative grad. norm     =  5.4315E-01
Time for LBFGS =  17.00516459147135 min
  
 Frequency:           3 Iteration:           8
t_global   =    331.722 s
  
 -------------- calculate Frechet derivatives -----------
 IFREQ =           3    ITERATION =           8
||Frechet||_F=  1.1155E-12max|Frechet|=  1.5013E-17
||Frechet||_F=  1.1155E-12max|Frechet|=  1.5013E-17
||Frechet||_F=  1.1155E-12max|Frechet|=  1.5013E-17
||Frechet||_F=  1.1155E-12max|Frechet|=  1.5013E-17
||Frechet||_F=  1.1155E-12max|Frechet|=  1.5013E-17
||Frechet||_F=  1.1155E-12max|Frechet|=  1.5013E-17
 
TIME for Frechet calc =  2.993750000000000 min
 
 
  compute the residual and the cost function
 WD_amp= 6.08583E+13  RESID_RMS= 1.02808E-03  FCOST_DATA= 5.28474E-07  FCOST0= 5.28474E-07
Grad block  10 GRAD_SCALED MORM =   3.4438E-05
Gradient finished
Start LBFGS 
curvature (full): s·y=  3.6809E-09  ||s||^2=  5.0684E-06  ||y||^2=  1.8890E-11  sTy_min=  9.7849E-10
LBFGS history: used= 0  skipped= 5  worst_col= 1  bad_s·y=  3.6809E-09  bad_cos_sy=  3.7618E-01
 
LBFGS step(full): g·p = -2.1610E-07  ||p||=  4.6175E-02
LBFGS step(full): min(p)= -1.6396E-03  max(p)=  3.6364E-03
LBFGS p_k (unscaled) stats per active parameter:
  IA= 10  PAR={Q44}  min=-2.24850E+00  max= 4.98700E+00  L2= 6.33256E+01
min(p_k)= -1.6396E-03  max(p_k)=  3.6364E-03  ||p_k||=  4.6175E-02
min(p_kf)= -1.6396E-03  max(p_kf)=  3.6364E-03  ||p_kf||=  1.8470E-01
p_k/p_kf  =   2.5000E-01
Start linesearch
MT entry: phi(0)=  5.2847E-07  dg0= -2.1610E-07  alpha0=  1.0000E+00
 UPDATEPARAMETER: f-scale only
UPDATEPARAMETER PAR_STEP min/max, V_STEP min/max =  4.3220268399E+01  1.0490159913E+02
  4.3220268399E+01  1.0490159913E+02
 WD_amp= 6.08583E+13  RESID_RMS= 2.59067E-03  FCOST_DATA= 3.35578E-06  FCOST0= 3.35578E-06
  
 -------------- calculate Frechet derivatives -----------
 IFREQ =           3    ITERATION =           8
||Frechet||_F=  1.1068E-12max|Frechet|=  1.5012E-17
||Frechet||_F=  1.1068E-12max|Frechet|=  1.5012E-17
||Frechet||_F=  1.1068E-12max|Frechet|=  1.5012E-17
||Frechet||_F=  1.1068E-12max|Frechet|=  1.5012E-17
||Frechet||_F=  1.1068E-12max|Frechet|=  1.5012E-17
||Frechet||_F=  1.1068E-12max|Frechet|=  1.5012E-17
Grad block  10 GRAD_SCALED MORM =   1.9478E-04
MT try: alpha=  1.0000E+00  phi=  3.3558E-06  dg=  3.5416E-06  dg0= -2.1610E-07
MT try: armijo_rhs=  5.2845E-07  armijo=F  curvature=F  task=FG
 UPDATEPARAMETER: f-scale only
UPDATEPARAMETER PAR_STEP min/max, V_STEP min/max =  4.3519540169E+01  1.0480963319E+02
  4.3519540169E+01  1.0480963319E+02
 WD_amp= 6.08583E+13  RESID_RMS= 1.01988E-03  FCOST_DATA= 5.20076E-07  FCOST0= 5.20076E-07
  
 -------------- calculate Frechet derivatives -----------
 IFREQ =           3    ITERATION =           8
||Frechet||_F=  1.1153E-12max|Frechet|=  1.5013E-17
||Frechet||_F=  1.1153E-12max|Frechet|=  1.5013E-17
||Frechet||_F=  1.1153E-12max|Frechet|=  1.5013E-17
||Frechet||_F=  1.1153E-12max|Frechet|=  1.5013E-17
||Frechet||_F=  1.1153E-12max|Frechet|=  1.5013E-17
||Frechet||_F=  1.1153E-12max|Frechet|=  1.5013E-17
Grad block  10 GRAD_SCALED MORM =   3.3464E-05
MT try: alpha=  2.0382E-02  phi=  5.2008E-07  dg= -1.3420E-07  dg0= -2.1610E-07
MT try: armijo_rhs=  5.2847E-07  armijo=T  curvature=T  task=FG
  
  
  
  
  
Convergence reached, updating parameter grid
ALPHA from line search =  .2038186266039966E-01
 FCOST0 after linesearch  5.200757902495081E-007
Norm of s (s_norm) =  .9411400928049051E-03
  
Convergence check at iteration    8
  Relative cost decrease  =  1.5891E-02
  Relative model update   =  0.0000E+00
  Relative grad. norm     =  3.2239E-01
Time for LBFGS =  17.05321858723958 min
  
 Frequency:           3 Iteration:           9
t_global   =    329.215 s
  
 -------------- calculate Frechet derivatives -----------
 IFREQ =           3    ITERATION =           9
||Frechet||_F=  1.1153E-12max|Frechet|=  1.5013E-17
||Frechet||_F=  1.1153E-12max|Frechet|=  1.5013E-17
||Frechet||_F=  1.1153E-12max|Frechet|=  1.5013E-17
||Frechet||_F=  1.1153E-12max|Frechet|=  1.5013E-17
||Frechet||_F=  1.1153E-12max|Frechet|=  1.5013E-17
||Frechet||_F=  1.1153E-12max|Frechet|=  1.5013E-17
 
TIME for Frechet calc =  3.006704966227213 min
 
 
  compute the residual and the cost function
 WD_amp= 6.08583E+13  RESID_RMS= 1.01988E-03  FCOST_DATA= 5.20076E-07  FCOST0= 5.20076E-07
Grad block  10 GRAD_SCALED MORM =   3.3464E-05
Gradient finished
Start LBFGS 
curvature (full): s·y=  1.6694E-09  ||s||^2=  8.8574E-07  ||y||^2=  1.2142E-11  sTy_min=  3.2794E-10
LBFGS history: used= 0  skipped= 5  worst_col= 1  bad_s·y=  1.6694E-09  bad_cos_sy=  5.0907E-01
 
LBFGS step(full): g·p = -9.6495E-08  ||p||=  3.7789E-02
LBFGS step(full): min(p)= -1.6797E-03  max(p)=  3.1847E-03
LBFGS p_k (unscaled) stats per active parameter:
  IA= 10  PAR={Q44}  min=-2.30352E+00  max= 4.36756E+00  L2= 5.18249E+01
min(p_k)= -1.6797E-03  max(p_k)=  3.1847E-03  ||p_k||=  3.7789E-02
min(p_kf)= -1.6797E-03  max(p_kf)=  3.1847E-03  ||p_kf||=  1.5116E-01
p_k/p_kf  =   2.5000E-01
Start linesearch
MT entry: phi(0)=  5.2008E-07  dg0= -9.6495E-08  alpha0=  1.0000E+00
 UPDATEPARAMETER: f-scale only
UPDATEPARAMETER PAR_STEP min/max, V_STEP min/max =  4.3146801232E+01  1.0489948910E+02
  4.3146801232E+01  1.0489948910E+02
 WD_amp= 6.08583E+13  RESID_RMS= 1.48743E-03  FCOST_DATA= 1.10623E-06  FCOST0= 1.10623E-06
  
 -------------- calculate Frechet derivatives -----------
 IFREQ =           3    ITERATION =           9
||Frechet||_F=  1.1116E-12max|Frechet|=  1.5012E-17
||Frechet||_F=  1.1116E-12max|Frechet|=  1.5012E-17
||Frechet||_F=  1.1116E-12max|Frechet|=  1.5012E-17
||Frechet||_F=  1.1116E-12max|Frechet|=  1.5012E-17
||Frechet||_F=  1.1116E-12max|Frechet|=  1.5012E-17
||Frechet||_F=  1.1116E-12max|Frechet|=  1.5012E-17
Grad block  10 GRAD_SCALED MORM =   9.3068E-05
MT try: alpha=  1.0000E+00  phi=  1.1062E-06  dg=  7.3223E-07  dg0= -9.6495E-08
MT try: armijo_rhs=  5.2007E-07  armijo=F  curvature=F  task=FG
 UPDATEPARAMETER: f-scale only
UPDATEPARAMETER PAR_STEP min/max, V_STEP min/max =  4.3514963968E+01  1.0481237895E+02
  4.3514963968E+01  1.0481237895E+02
 WD_amp= 6.08583E+13  RESID_RMS= 1.01326E-03  FCOST_DATA= 5.13344E-07  FCOST0= 5.13344E-07
  
 -------------- calculate Frechet derivatives -----------
 IFREQ =           3    ITERATION =           9
||Frechet||_F=  1.1151E-12max|Frechet|=  1.5013E-17
||Frechet||_F=  1.1151E-12max|Frechet|=  1.5013E-17
||Frechet||_F=  1.1151E-12max|Frechet|=  1.5013E-17
||Frechet||_F=  1.1151E-12max|Frechet|=  1.5013E-17
||Frechet||_F=  1.1151E-12max|Frechet|=  1.5013E-17
||Frechet||_F=  1.1151E-12max|Frechet|=  1.5013E-17
Grad block  10 GRAD_SCALED MORM =   3.3085E-05
MT try: alpha=  4.0664E-02  phi=  5.1334E-07  dg= -6.1574E-08  dg0= -9.6495E-08
MT try: armijo_rhs=  5.2008E-07  armijo=T  curvature=T  task=FG
  
  
  
  
  
Convergence reached, updating parameter grid
ALPHA from line search =  .4066417172564988E-01
 FCOST0 after linesearch  5.133438954150022E-007
Norm of s (s_norm) =  .1536673423613205E-02
  
Convergence check at iteration    9
  Relative cost decrease  =  1.2944E-02
  Relative model update   =  0.0000E+00
  Relative grad. norm     =  2.3263E-01
Time for LBFGS =  17.01129150390625 min
  
 Frequency:           3 Iteration:          10
t_global   =    332.549 s
  
 -------------- calculate Frechet derivatives -----------
 IFREQ =           3    ITERATION =          10
||Frechet||_F=  1.1151E-12max|Frechet|=  1.5013E-17
||Frechet||_F=  1.1151E-12max|Frechet|=  1.5013E-17
||Frechet||_F=  1.1151E-12max|Frechet|=  1.5013E-17
||Frechet||_F=  1.1151E-12max|Frechet|=  1.5013E-17
||Frechet||_F=  1.1151E-12max|Frechet|=  1.5013E-17
||Frechet||_F=  1.1151E-12max|Frechet|=  1.5013E-17
 
TIME for Frechet calc =  3.050561777750651 min
 
 
  compute the residual and the cost function
 WD_amp= 6.08583E+13  RESID_RMS= 1.01326E-03  FCOST_DATA= 5.13344E-07  FCOST0= 5.13344E-07
Grad block  10 GRAD_SCALED MORM =   3.3085E-05
Gradient finished
Start LBFGS 
curvature (full): s·y=  1.4200E-09  ||s||^2=  2.3614E-06  ||y||^2=  9.3313E-12  sTy_min=  4.6941E-10
LBFGS history: used= 0  skipped= 5  worst_col= 1  bad_s·y=  1.4200E-09  bad_cos_sy=  3.0251E-01
 
LBFGS step(full): g·p = -6.0240E-08  ||p||=  3.4044E-02
LBFGS step(full): min(p)= -1.6847E-03  max(p)=  2.7963E-03
LBFGS p_k (unscaled) stats per active parameter:
  IA= 10  PAR={Q44}  min=-2.31046E+00  max= 3.83484E+00  L2= 4.66885E+01
min(p_k)= -1.6847E-03  max(p_k)=  2.7963E-03  ||p_k||=  3.4044E-02
min(p_kf)= -1.6847E-03  max(p_kf)=  2.7963E-03  ||p_kf||=  1.3618E-01
p_k/p_kf  =   2.5000E-01
Start linesearch
MT entry: phi(0)=  5.1334E-07  dg0= -6.0240E-08  alpha0=  1.0000E+00
 UPDATEPARAMETER: f-scale only
UPDATEPARAMETER PAR_STEP min/max, V_STEP min/max =  4.3050405992E+01  1.0490080534E+02
  4.3050405992E+01  1.0490080534E+02
 WD_amp= 6.08583E+13  RESID_RMS= 1.05877E-03  FCOST_DATA= 5.60496E-07  FCOST0= 5.60496E-07
  
 -------------- calculate Frechet derivatives -----------
 IFREQ =           3    ITERATION =          10
||Frechet||_F=  1.1155E-12max|Frechet|=  1.5013E-17
||Frechet||_F=  1.1155E-12max|Frechet|=  1.5013E-17
||Frechet||_F=  1.1155E-12max|Frechet|=  1.5013E-17
||Frechet||_F=  1.1155E-12max|Frechet|=  1.5013E-17
||Frechet||_F=  1.1155E-12max|Frechet|=  1.5013E-17
||Frechet||_F=  1.1155E-12max|Frechet|=  1.5013E-17
Grad block  10 GRAD_SCALED MORM =   4.3064E-05
MT try: alpha=  1.0000E+00  phi=  5.6050E-07  dg=  4.9721E-09  dg0= -6.0240E-08
MT try: armijo_rhs=  5.1334E-07  armijo=F  curvature=T  task=FG
 UPDATEPARAMETER: f-scale only
UPDATEPARAMETER PAR_STEP min/max, V_STEP min/max =  4.3459850808E+01  1.0482160581E+02
  4.3459850808E+01  1.0482160581E+02
 WD_amp= 6.08583E+13  RESID_RMS= 1.00651E-03  FCOST_DATA= 5.06531E-07  FCOST0= 5.06531E-07
  
 -------------- calculate Frechet derivatives -----------
 IFREQ =           3    ITERATION =          10
||Frechet||_F=  1.1152E-12max|Frechet|=  1.5013E-17
||Frechet||_F=  1.1152E-12max|Frechet|=  1.5013E-17
||Frechet||_F=  1.1152E-12max|Frechet|=  1.5013E-17
||Frechet||_F=  1.1152E-12max|Frechet|=  1.5013E-17
||Frechet||_F=  1.1152E-12max|Frechet|=  1.5013E-17
||Frechet||_F=  1.1152E-12max|Frechet|=  1.5013E-17
Grad block  10 GRAD_SCALED MORM =   3.3633E-05
MT try: alpha=  1.3256E-01  phi=  5.0653E-07  dg= -5.1763E-08  dg0= -6.0240E-08
MT try: armijo_rhs=  5.1334E-07  armijo=T  curvature=T  task=FG
  
  
  
  
  
Convergence reached, updating parameter grid
ALPHA from line search =  .1325564438221347
 FCOST0 after linesearch  5.065311010197464E-007
Norm of s (s_norm) =  .4512750714481566E-02
  
Convergence check at iteration   10
  Relative cost decrease  =  1.3271E-02
  Relative model update   =  0.0000E+00
  Relative grad. norm     =  2.3308E-01
Time for LBFGS =  17.11087239583333 min
 --------- Frequency   3.95000000000000       (band            1 )
[ComputeAcqWeight] empty acq_weight_file, using uniform weights = 1.0
Data weighting computed for frequency 4607182418800017373
Data weighting computed for frequency 4607182418800017373
XSRmin, XSRmax, ZSRmin, ZSRMax -1960.000000000000 .000000000000000 2050.000000000000 4030.000000000000
1 FKYC
1.2 FKYC
Data weighting computed for frequency 4607182418800017373
my_rank, FKYC,WLMAX, RMAX 0 .3237206343046874E-01 1296.906024010828 2786.036611389018
1.1 NK
NK in cky2= 55

  Number of wavenumber samples (NK) for FREQ =   55
Data weighting computed for frequency 4607182418800017373
Data weighting computed for frequency 4607182418800017373
Data weighting computed for frequency 4607182418800017373
  RMAX = 2786.04
--- Pre-solver preview (memory + RHS workload) ---
   GQG dims: NNX=       585  NNZ=       317  NPT=    185445
   DOF:     N=3*NPT =    556335
   Sources: NSR=       100  NSS=        20  NK=        55
   RHS total (per IK): nrhs_tot=3*NSS =        60
   Batch:    MAX_RHS_BATCH=        32  nbatches=         2
   GFMY  (GFX+GFY+GFZ):         13.679 GB
   RHS_MY(rhs+sol buffers):      0.531 GB
 
 running run_ik_loop_pardiso
before CA | VmRSS=  15.475 GB  VmHWM=  81.337 GB
after CA | VmRSS=  17.127 GB  VmHWM=  81.337 GB
after factor | VmRSS=  20.893 GB  VmHWM=  81.337 GB
f=     3.950 Hz | ky=  0.588583E-03 | IK=       1/      55 | t=   17.356000 s | CA=  2.5465 | fact= 12.8743 | GF=  1.9350 | solve=  1.7770 | scatter=  0.0544
f=     3.950 Hz | ky=  0.117717E-02 | IK=       2/      55 | t=    7.004400 s | CA=  2.5881 | fact=  2.5830 | GF=  1.8333 | solve=  1.7057 | scatter=  0.0540
f=     3.950 Hz | ky=  0.176575E-02 | IK=       3/      55 | t=    6.984300 s | CA=  2.5781 | fact=  2.5816 | GF=  1.8246 | solve=  1.6968 | scatter=  0.0544
f=     3.950 Hz | ky=  0.235433E-02 | IK=       4/      55 | t=    6.950300 s | CA=  2.5465 | fact=  2.5767 | GF=  1.8270 | solve=  1.6986 | scatter=  0.0547
f=     3.950 Hz | ky=  0.294291E-02 | IK=       5/      55 | t=    7.001100 s | CA=  2.5924 | fact=  2.5760 | GF=  1.8326 | solve=  1.7062 | scatter=  0.0526
f=     3.950 Hz | ky=  0.353150E-02 | IK=       6/      55 | t=    7.032900 s | CA=  2.6233 | fact=  2.5829 | GF=  1.8266 | solve=  1.6976 | scatter=  0.0555
f=     3.950 Hz | ky=  0.412008E-02 | IK=       7/      55 | t=    6.995400 s | CA=  2.5765 | fact=  2.5892 | GF=  1.8296 | solve=  1.7007 | scatter=  0.0554
f=     3.950 Hz | ky=  0.470866E-02 | IK=       8/      55 | t=    6.961200 s | CA=  2.5695 | fact=  2.5674 | GF=  1.8243 | solve=  1.6956 | scatter=  0.0549
f=     3.950 Hz | ky=  0.529725E-02 | IK=       9/      55 | t=    7.005800 s | CA=  2.6085 | fact=  2.5697 | GF=  1.8276 | solve=  1.7007 | scatter=  0.0534
f=     3.950 Hz | ky=  0.588583E-02 | IK=      10/      55 | t=    6.970300 s | CA=  2.5978 | fact=  2.5501 | GF=  1.8223 | solve=  1.6950 | scatter=  0.0536
PARDISO mem (f=  3.95 Hz): sym=  1.95 GB  perm=  1.42 GB  num=  3.22 GB  
peak=  4.64 GB
t_global   =    116.490 s
TIME for 1st forward modeling =  1.941490046183268  min
TIME for GT0 =  .5118333299954732E-02  min
Data scaler W for L2 norm: 62317002446034.46
Data scaler W for WQS norm: .1007948000807317E-312
Total number of active inversion parameters for current sequential stage (IM):          1
Total model blocks points (NM = IM * NBLOCK):      11534 on grid (NMM = IM * NPT):    185445
 Gradient balance ():   1.00000000000000        1.00000000000000     
   1.00000000000000        1.00000000000000        1.00000000000000     
   1.00000000000000        1.00000000000000        1.00000000000000     
   1.00000000000000        1.00000000000000        1.00000000000000     
 IE0, IZ          30           0
 IE0, IZ, GZ1, GZ2 =           30           0   100.000000000000     
   300.000000000000     
  
 Frequency:           4 Iteration:           1
--- Pre-solver preview (memory + RHS workload) ---
   GQG dims: NNX=       585  NNZ=       317  NPT=    185445
   DOF:     N=3*NPT =    556335
   Sources: NSR=       100  NSS=       100  NK=        55
   RHS total (per IK): nrhs_tot=3*NSS =       300
   Batch:    MAX_RHS_BATCH=        32  nbatches=        10
   GFMY  (GFX+GFY+GFZ):         68.393 GB
   RHS_MY(rhs+sol buffers):      0.531 GB
 
 running run_ik_loop_pardiso
before CA | VmRSS=  71.017 GB  VmHWM=  81.337 GB
after CA | VmRSS=  72.168 GB  VmHWM=  81.337 GB
after factor | VmRSS=  75.928 GB  VmHWM=  81.337 GB
f=     3.950 Hz | ky=  0.588583E-03 | IK=       1/      55 | t=   24.419400 s | CA=  2.5674 | fact= 12.8527 | GF=  8.9991 | solve=  8.3283 | scatter=  0.2573
f=     3.950 Hz | ky=  0.117717E-02 | IK=       2/      55 | t=   14.076100 s | CA=  2.6013 | fact=  2.5885 | GF=  8.8862 | solve=  8.2446 | scatter=  0.2588
f=     3.950 Hz | ky=  0.176575E-02 | IK=       3/      55 | t=   14.070600 s | CA=  2.5810 | fact=  2.5731 | GF=  8.9164 | solve=  8.2751 | scatter=  0.2583
f=     3.950 Hz | ky=  0.235433E-02 | IK=       4/      55 | t=   14.092500 s | CA=  2.6044 | fact=  2.5822 | GF=  8.9059 | solve=  8.2651 | scatter=  0.2570
f=     3.950 Hz | ky=  0.294291E-02 | IK=       5/      55 | t=   14.040400 s | CA=  2.5716 | fact=  2.5567 | GF=  8.9120 | solve=  8.2720 | scatter=  0.2575
f=     3.950 Hz | ky=  0.353150E-02 | IK=       6/      55 | t=   14.084900 s | CA=  2.5981 | fact=  2.5805 | GF=  8.9062 | solve=  8.2642 | scatter=  0.2591
f=     3.950 Hz | ky=  0.412008E-02 | IK=       7/      55 | t=   14.022400 s | CA=  2.5456 | fact=  2.5763 | GF=  8.9004 | solve=  8.2591 | scatter=  0.2587
f=     3.950 Hz | ky=  0.470866E-02 | IK=       8/      55 | t=   14.070500 s | CA=  2.5866 | fact=  2.5752 | GF=  8.9086 | solve=  8.2673 | scatter=  0.2586
f=     3.950 Hz | ky=  0.529725E-02 | IK=       9/      55 | t=   14.120100 s | CA=  2.6215 | fact=  2.5830 | GF=  8.9156 | solve=  8.2755 | scatter=  0.2576
f=     3.950 Hz | ky=  0.588583E-02 | IK=      10/      55 | t=   14.089900 s | CA=  2.5853 | fact=  2.5995 | GF=  8.9051 | solve=  8.2637 | scatter=  0.2585
PARDISO mem (f=  3.95 Hz): sym=  1.95 GB  perm=  1.42 GB  num=  3.22 GB  
peak=  4.64 GB
t_global   =    332.162 s
TIME for 2d forward modeling_i calc =  5.534210205078125 min
Rank    4 -> ID range:   3201 to   4000 | Tasks:    800
Rank    5 -> ID range:   4001 to   4800 | Tasks:    800
Rank    2 -> ID range:   1601 to   2400 | Tasks:    800
Rank    1 -> ID range:    801 to   1600 | Tasks:    800
Rank    3 -> ID range:   2401 to   3200 | Tasks:    800
  
 -------------- calculate Frechet derivatives -----------
 IFREQ =           4    ITERATION =           1
Frechet memory size Frec_my:      0.825 (Gb)
Rank    0 -> ID range:      1 to    800 | Tasks:    800
FREQ:      4.0 Hz, ITER=       1  Frechet Derivative ID=     100/    4800 Finished   0.223100 s
FREQ:      4.0 Hz, ITER=       1  Frechet Derivative ID=     200/    4800 Finished   0.224900 s
FREQ:      4.0 Hz, ITER=       1  Frechet Derivative ID=     300/    4800 Finished   0.218800 s
FREQ:      4.0 Hz, ITER=       1  Frechet Derivative ID=     400/    4800 Finished   0.211600 s
FREQ:      4.0 Hz, ITER=       1  Frechet Derivative ID=     500/    4800 Finished   0.217600 s
FREQ:      4.0 Hz, ITER=       1  Frechet Derivative ID=     600/    4800 Finished   0.215800 s
FREQ:      4.0 Hz, ITER=       1  Frechet Derivative ID=     700/    4800 Finished   0.212200 s
FREQ:      4.0 Hz, ITER=       1  Frechet Derivative ID=     800/    4800 Finished   0.209100 s
||Frechet||_F=  1.1874E-12max|Frechet|=  1.7054E-17
||Frechet||_F=  1.1874E-12max|Frechet|=  1.7054E-17
||Frechet||_F=  1.1874E-12max|Frechet|=  1.7054E-17
||Frechet||_F=  1.1874E-12max|Frechet|=  1.7054E-17
||Frechet||_F=  1.1874E-12max|Frechet|=  1.7054E-17
||Frechet||_F=  1.1874E-12max|Frechet|=  1.7054E-17
 
TIME for Frechet calc =  3.045909881591797 min
 
m_fine: min=  4.3460E+01  max=  1.0482E+02  mean=  8.2453E+01  ||.||2=  3.6907E+04  size=  185445
m_coarse_prev: min=  4.4272E+01  max=  1.0449E+02  mean=  8.2474E+01  ||.||2=  9.2056E+03  size=   11534
 
  compute the residual and the cost function
 WD_amp= 6.23170E+13  RESID_RMS= 1.16539E-03  FCOST_DATA= 6.79065E-07  FCOST0= 6.79065E-07
IA= 10  H(single F0) min= 0.00000E+00  max= 3.21131E-02
IA= 10  H(F0^2)     min= 0.00000E+00  max= 3.21131E-02
HESSD: ia=  10  min= 0.00000E+00  max= 3.11387E+04
IA= 10  H(single F0) min= 0.00000E+00  max= 3.21131E-02
IA= 10  H(F0^2)     min= 0.00000E+00  max= 3.21131E-02
HESSD: ia=  10  min= 0.00000E+00  max= 3.11387E+04
IA= 10  H(single F0) min= 0.00000E+00  max= 3.21131E-02
IA= 10  H(F0^2)     min= 0.00000E+00  max= 3.21131E-02
HESSD: ia=  10  min= 0.00000E+00  max= 3.11387E+04
IA= 10  H(single F0) min= 0.00000E+00  max= 3.21131E-02
IA= 10  H(F0^2)     min= 0.00000E+00  max= 3.21131E-02
HESSD: ia=  10  min= 0.00000E+00  max= 3.11387E+04
IA= 10  H(single F0) min= 0.00000E+00  max= 3.21131E-02
IA= 10  H(F0^2)     min= 0.00000E+00  max= 3.21131E-02
HESSD: ia=  10  min= 0.00000E+00  max= 3.11387E+04
IA= 10  H(single F0) min= 0.00000E+00  max= 3.21131E-02
IA= 10  H(F0^2)     min= 0.00000E+00  max= 3.21131E-02
HESSD: ia=  10  min= 0.00000E+00  max= 3.11387E+04
Grad block  10 GRAD_SCALED MORM =   4.4863E-05
Raw grad block 10  PAR={Q44}  min= -7.5880E-09  max=  7.2194E-09  L2=  3.5633E-08
Gradient finished
Start LBFGS 
LBFGS steepest step , iter=      1
  g·p = -3.5202E-07  ||p|| =  6.6982E-02
  min(p)= -4.1916E-03  max(p)=  5.6170E-03
LBFGS p_k (unscaled) stats per active parameter:
  IA= 10  PAR={Q44}  min=-5.74838E+00  max= 7.70320E+00  L2= 9.18608E+01
min(p_k)= -4.1916E-03  max(p_k)=  5.6170E-03  ||p_k||=  6.6982E-02
min(p_kf)= -4.1916E-03  max(p_kf)=  5.6170E-03  ||p_kf||=  2.6793E-01
p_k/p_kf  =   2.5000E-01
Start linesearch
BT entry: phi(0)=  6.7906E-07  g·p(0)= -3.5202E-07
 UPDATEPARAMETER: f-scale only
UPDATEPARAMETER PAR_STEP min/max, V_STEP min/max =  4.3088869930E+01  1.0481144094E+02
  4.3088869930E+01  1.0481144094E+02
REL STEP Q      : k= 10 row=  5 rmax_k=  1.1640E-01 row_scale=  1.0482E+02
BT cap probe: rmax1=  1.1640E-01  alpha_cap=  1.0000E+00  alpha00=  1.0000E+00
 UPDATEPARAMETER: f-scale only
UPDATEPARAMETER PAR_STEP min/max, V_STEP min/max =  4.3088869930E+01  1.0481144094E+02
  4.3088869930E+01  1.0481144094E+02
 running run_ik_loop_pardiso
before CA | VmRSS=  16.333 GB  VmHWM=  81.337 GB
after CA | VmRSS=  17.384 GB  VmHWM=  81.337 GB
after factor | VmRSS=  21.155 GB  VmHWM=  81.337 GB
f=     3.950 Hz | ky=  0.588583E-03 | IK=       1/      55 | t=   17.441500 s | CA=  2.6359 | fact= 12.8690 | GF=  1.9364 | solve=  1.7797 | scatter=  0.0528
f=     3.950 Hz | ky=  0.117717E-02 | IK=       2/      55 | t=    6.995700 s | CA=  2.5889 | fact=  2.5771 | GF=  1.8296 | solve=  1.7026 | scatter=  0.0532
f=     3.950 Hz | ky=  0.176575E-02 | IK=       3/      55 | t=    6.952000 s | CA=  2.5688 | fact=  2.5581 | GF=  1.8251 | solve=  1.6965 | scatter=  0.0552
f=     3.950 Hz | ky=  0.235433E-02 | IK=       4/      55 | t=    6.973000 s | CA=  2.5642 | fact=  2.5818 | GF=  1.8270 | solve=  1.7003 | scatter=  0.0533
f=     3.950 Hz | ky=  0.294291E-02 | IK=       5/      55 | t=    6.992100 s | CA=  2.6042 | fact=  2.5588 | GF=  1.8291 | solve=  1.7013 | scatter=  0.0543
f=     3.950 Hz | ky=  0.353150E-02 | IK=       6/      55 | t=    6.966600 s | CA=  2.5636 | fact=  2.5776 | GF=  1.8254 | solve=  1.6968 | scatter=  0.0551
f=     3.950 Hz | ky=  0.412008E-02 | IK=       7/      55 | t=    7.031200 s | CA=  2.6229 | fact=  2.5821 | GF=  1.8261 | solve=  1.6966 | scatter=  0.0556
f=     3.950 Hz | ky=  0.470866E-02 | IK=       8/      55 | t=    7.000900 s | CA=  2.5943 | fact=  2.5792 | GF=  1.8274 | solve=  1.7007 | scatter=  0.0532
f=     3.950 Hz | ky=  0.529725E-02 | IK=       9/      55 | t=    6.956200 s | CA=  2.5623 | fact=  2.5720 | GF=  1.8219 | solve=  1.6950 | scatter=  0.0535
f=     3.950 Hz | ky=  0.588583E-02 | IK=      10/      55 | t=    6.997800 s | CA=  2.5878 | fact=  2.5783 | GF=  1.8317 | solve=  1.7035 | scatter=  0.0548
PARDISO mem (f=  3.95 Hz): sym=  1.95 GB  perm=  1.42 GB  num=  3.22 GB  
peak=  4.64 GB
 WD_amp= 6.23170E+13  RESID_RMS= 1.73561E-03  FCOST_DATA= 1.50617E-06  FCOST0= 1.50617E-06
BT: alpha=  1.0000E+00  phi=  1.5062E-06  rhs=  6.7903E-07
 UPDATEPARAMETER: f-scale only
UPDATEPARAMETER PAR_STEP min/max, V_STEP min/max =  4.3274360369E+01  1.0480298503E+02
  4.3274360369E+01  1.0480298503E+02
 running run_ik_loop_pardiso
before CA | VmRSS=  16.889 GB  VmHWM=  81.337 GB
after CA | VmRSS=  17.987 GB  VmHWM=  81.337 GB
after factor | VmRSS=  21.752 GB  VmHWM=  81.337 GB
f=     3.950 Hz | ky=  0.588583E-03 | IK=       1/      55 | t=   17.296500 s | CA=  2.5336 | fact= 12.8338 | GF=  1.9289 | solve=  1.7719 | scatter=  0.0538
f=     3.950 Hz | ky=  0.117717E-02 | IK=       2/      55 | t=    6.988300 s | CA=  2.5969 | fact=  2.5726 | GF=  1.8187 | solve=  1.6907 | scatter=  0.0546
f=     3.950 Hz | ky=  0.176575E-02 | IK=       3/      55 | t=    7.026700 s | CA=  2.6285 | fact=  2.5739 | GF=  1.8243 | solve=  1.6977 | scatter=  0.0533
f=     3.950 Hz | ky=  0.235433E-02 | IK=       4/      55 | t=    6.942800 s | CA=  2.5482 | fact=  2.5728 | GF=  1.8217 | solve=  1.6933 | scatter=  0.0549
f=     3.950 Hz | ky=  0.294291E-02 | IK=       5/      55 | t=    7.003600 s | CA=  2.6153 | fact=  2.5690 | GF=  1.8193 | solve=  1.6916 | scatter=  0.0542
f=     3.950 Hz | ky=  0.353150E-02 | IK=       6/      55 | t=    6.967300 s | CA=  2.5652 | fact=  2.5761 | GF=  1.8260 | solve=  1.6982 | scatter=  0.0542
f=     3.950 Hz | ky=  0.412008E-02 | IK=       7/      55 | t=    6.929500 s | CA=  2.5874 | fact=  2.5198 | GF=  1.8223 | solve=  1.6959 | scatter=  0.0528
f=     3.950 Hz | ky=  0.470866E-02 | IK=       8/      55 | t=    6.980900 s | CA=  2.6066 | fact=  2.5413 | GF=  1.8330 | solve=  1.7070 | scatter=  0.0526
f=     3.950 Hz | ky=  0.529725E-02 | IK=       9/      55 | t=    7.001600 s | CA=  2.5953 | fact=  2.5754 | GF=  1.8308 | solve=  1.7046 | scatter=  0.0528
f=     3.950 Hz | ky=  0.588583E-02 | IK=      10/      55 | t=    6.933500 s | CA=  2.6033 | fact=  2.5054 | GF=  1.8248 | solve=  1.6974 | scatter=  0.0537
PARDISO mem (f=  3.95 Hz): sym=  1.95 GB  perm=  1.42 GB  num=  3.22 GB  
peak=  4.64 GB
 WD_amp= 6.23170E+13  RESID_RMS= 1.19178E-03  FCOST_DATA= 7.10174E-07  FCOST0= 7.10174E-07
BT: alpha=  5.0000E-01  phi=  7.1017E-07  rhs=  6.7905E-07
 UPDATEPARAMETER: f-scale only
UPDATEPARAMETER PAR_STEP min/max, V_STEP min/max =  4.3367105588E+01  1.0481229542E+02
  4.3367105588E+01  1.0481229542E+02
 running run_ik_loop_pardiso
before CA | VmRSS=  16.343 GB  VmHWM=  81.337 GB
after CA | VmRSS=  17.757 GB  VmHWM=  81.337 GB
after factor | VmRSS=  21.518 GB  VmHWM=  81.337 GB
f=     3.950 Hz | ky=  0.588583E-03 | IK=       1/      55 | t=   17.338400 s | CA=  2.5456 | fact= 12.8614 | GF=  1.9312 | solve=  1.7746 | scatter=  0.0535
f=     3.950 Hz | ky=  0.117717E-02 | IK=       2/      55 | t=    7.002200 s | CA=  2.5927 | fact=  2.5862 | GF=  1.8233 | solve=  1.6975 | scatter=  0.0524
f=     3.950 Hz | ky=  0.176575E-02 | IK=       3/      55 | t=    6.973600 s | CA=  2.5705 | fact=  2.5785 | GF=  1.8245 | solve=  1.6984 | scatter=  0.0526
f=     3.950 Hz | ky=  0.235433E-02 | IK=       4/      55 | t=    6.928600 s | CA=  2.5457 | fact=  2.5627 | GF=  1.8202 | solve=  1.6935 | scatter=  0.0531
f=     3.950 Hz | ky=  0.294291E-02 | IK=       5/      55 | t=    6.993000 s | CA=  2.5974 | fact=  2.5750 | GF=  1.8205 | solve=  1.6937 | scatter=  0.0529
f=     3.950 Hz | ky=  0.353150E-02 | IK=       6/      55 | t=    6.987800 s | CA=  2.5844 | fact=  2.5775 | GF=  1.8259 | solve=  1.6979 | scatter=  0.0546
f=     3.950 Hz | ky=  0.412008E-02 | IK=       7/      55 | t=    6.980200 s | CA=  2.5875 | fact=  2.5662 | GF=  1.8264 | solve=  1.7007 | scatter=  0.0521
f=     3.950 Hz | ky=  0.470866E-02 | IK=       8/      55 | t=    6.997400 s | CA=  2.5949 | fact=  2.5791 | GF=  1.8234 | solve=  1.6951 | scatter=  0.0546
f=     3.950 Hz | ky=  0.529725E-02 | IK=       9/      55 | t=    6.957400 s | CA=  2.5771 | fact=  2.5556 | GF=  1.8246 | solve=  1.6967 | scatter=  0.0542
f=     3.950 Hz | ky=  0.588583E-02 | IK=      10/      55 | t=    6.987900 s | CA=  2.6079 | fact=  2.5515 | GF=  1.8285 | solve=  1.6985 | scatter=  0.0563
PARDISO mem (f=  3.95 Hz): sym=  1.95 GB  perm=  1.42 GB  num=  3.22 GB  
peak=  4.64 GB
  
 WD_amp= 6.23170E+13  RESID_RMS= 1.09801E-03  FCOST_DATA= 6.02808E-07  FCOST0= 6.02808E-07
  
BT: alpha=  2.5000E-01  phi=  6.0281E-07  rhs=  6.7906E-07
  
  
  
Convergence reached, updating parameter grid
ALPHA from line search =  .2500000000000000
 FCOST0 after linesearch  6.028078208803440E-007
Norm of s (s_norm) =  .1674561465430915E-01
  
Time for LBFGS =  5.785043334960937 min
  
 Frequency:           4 Iteration:           2
t_global   =    331.551 s
  
 -------------- calculate Frechet derivatives -----------
 IFREQ =           4    ITERATION =           2
||Frechet||_F=  1.1882E-12max|Frechet|=  1.7052E-17
||Frechet||_F=  1.1882E-12max|Frechet|=  1.7052E-17
||Frechet||_F=  1.1882E-12max|Frechet|=  1.7052E-17
||Frechet||_F=  1.1882E-12max|Frechet|=  1.7052E-17
||Frechet||_F=  1.1882E-12max|Frechet|=  1.7052E-17
||Frechet||_F=  1.1882E-12max|Frechet|=  1.7052E-17
 
TIME for Frechet calc =  3.036188252766927 min
 
 
  compute the residual and the cost function
 WD_amp= 6.23170E+13  RESID_RMS= 1.09801E-03  FCOST_DATA= 6.02808E-07  FCOST0= 6.02808E-07
Grad block  10 GRAD_SCALED MORM =   4.4385E-05
Raw grad block 10  PAR={Q44}  min= -9.9462E-09  max=  7.6237E-09  L2=  3.5370E-08
Gradient finished
Start LBFGS 
curvature (warm): s·y=  7.7649E-08  ||s||^2=  2.8042E-04  ||y||^2=  1.4451E-10  sTy_min=  2.0130E-08
LBFGS step: g·p = -4.4422E-07  ||p||=  1.2398E-01
LBFGS step: min(p)= -6.9695E-03  max(p)=  1.2529E-02
LBFGS p_k (unscaled) stats per active parameter:
  IA= 10  PAR={Q44}  min=-9.55802E+00  max= 1.71820E+01  L2= 1.70030E+02
min(p_k)= -6.9695E-03  max(p_k)=  1.2529E-02  ||p_k||=  1.2398E-01
min(p_kf)= -6.9695E-03  max(p_kf)=  1.2529E-02  ||p_kf||=  4.9592E-01
p_k/p_kf  =   2.5000E-01
Start linesearch
MT entry: phi(0)=  6.0281E-07  dg0= -4.4422E-07  alpha0=  1.0000E+00
 UPDATEPARAMETER: f-scale only
UPDATEPARAMETER PAR_STEP min/max, V_STEP min/max =  4.1823704189E+01  1.0494193689E+02
  4.1823704189E+01  1.0494193689E+02
 WD_amp= 6.23170E+13  RESID_RMS= 2.65964E-03  FCOST_DATA= 3.53685E-06  FCOST0= 3.53685E-06
  
 -------------- calculate Frechet derivatives -----------
 IFREQ =           4    ITERATION =           2
||Frechet||_F=  1.1876E-12max|Frechet|=  1.7043E-17
||Frechet||_F=  1.1876E-12max|Frechet|=  1.7043E-17
||Frechet||_F=  1.1876E-12max|Frechet|=  1.7043E-17
||Frechet||_F=  1.1876E-12max|Frechet|=  1.7043E-17
||Frechet||_F=  1.1876E-12max|Frechet|=  1.7043E-17
||Frechet||_F=  1.1876E-12max|Frechet|=  1.7043E-17
Grad block  10 GRAD_SCALED MORM =   1.5250E-04
MT try: alpha=  1.0000E+00  phi=  3.5368E-06  dg=  2.6554E-06  dg0= -4.4422E-07
MT try: armijo_rhs=  6.0276E-07  armijo=F  curvature=F  task=FG
 UPDATEPARAMETER: f-scale only
UPDATEPARAMETER PAR_STEP min/max, V_STEP min/max =  4.3353406236E+01  1.0480931428E+02
  4.3353406236E+01  1.0480931428E+02
 WD_amp= 6.23170E+13  RESID_RMS= 1.08053E-03  FCOST_DATA= 5.83774E-07  FCOST0= 5.83774E-07
  
 -------------- calculate Frechet derivatives -----------
 IFREQ =           4    ITERATION =           2
||Frechet||_F=  1.1881E-12max|Frechet|=  1.7052E-17
||Frechet||_F=  1.1881E-12max|Frechet|=  1.7052E-17
||Frechet||_F=  1.1881E-12max|Frechet|=  1.7052E-17
||Frechet||_F=  1.1881E-12max|Frechet|=  1.7052E-17
||Frechet||_F=  1.1881E-12max|Frechet|=  1.7052E-17
||Frechet||_F=  1.1881E-12max|Frechet|=  1.7052E-17
Grad block  10 GRAD_SCALED MORM =   4.3503E-05
MT try: alpha=  3.2390E-02  phi=  5.8377E-07  dg= -3.2948E-07  dg0= -4.4422E-07
MT try: armijo_rhs=  6.0281E-07  armijo=T  curvature=T  task=FG
  
  
  
  
  
Convergence reached, updating parameter grid
ALPHA from line search =  .3238968363563056E-01
 FCOST0 after linesearch  5.837739075795748E-007
Norm of s (s_norm) =  .4015706752141972E-02
  
Time for LBFGS =  16.94427490234375 min
  
 Frequency:           4 Iteration:           3
t_global   =    331.447 s
  
 -------------- calculate Frechet derivatives -----------
 IFREQ =           4    ITERATION =           3
||Frechet||_F=  1.1881E-12max|Frechet|=  1.7052E-17
||Frechet||_F=  1.1881E-12max|Frechet|=  1.7052E-17
||Frechet||_F=  1.1881E-12max|Frechet|=  1.7052E-17
||Frechet||_F=  1.1881E-12max|Frechet|=  1.7052E-17
||Frechet||_F=  1.1881E-12max|Frechet|=  1.7052E-17
||Frechet||_F=  1.1881E-12max|Frechet|=  1.7052E-17
 
TIME for Frechet calc =  2.954400126139323 min
 
 
  compute the residual and the cost function
 WD_amp= 6.23170E+13  RESID_RMS= 1.08053E-03  FCOST_DATA= 5.83774E-07  FCOST0= 5.83774E-07
Grad block  10 GRAD_SCALED MORM =   4.3503E-05
Gradient finished
Start LBFGS 
curvature (warm): s·y=  3.7164E-09  ||s||^2=  1.6126E-05  ||y||^2=  1.3063E-11  sTy_min=  1.4514E-09
LBFGS history: used= 1  skipped= 1  worst_col= 4  bad_s·y=  3.7164E-09  bad_cos_sy=  2.5606E-01
LBFGS step: g·p = -2.7557E-07  ||p||=  9.6748E-02
LBFGS step: min(p)= -5.7510E-03  max(p)=  9.7175E-03
LBFGS p_k (unscaled) stats per active parameter:
  IA= 10  PAR={Q44}  min=-7.88702E+00  max= 1.33267E+01  L2= 1.32681E+02
min(p_k)= -5.7510E-03  max(p_k)=  9.7175E-03  ||p_k||=  9.6748E-02
min(p_kf)= -5.7510E-03  max(p_kf)=  9.7175E-03  ||p_kf||=  3.8699E-01
p_k/p_kf  =   2.5000E-01
Start linesearch
MT entry: phi(0)=  5.8377E-07  dg0= -2.7557E-07  alpha0=  1.0000E+00
 UPDATEPARAMETER: f-scale only
UPDATEPARAMETER PAR_STEP min/max, V_STEP min/max =  4.2961963438E+01  1.0492508541E+02
  4.2961963438E+01  1.0492508541E+02
 WD_amp= 6.23170E+13  RESID_RMS= 1.85750E-03  FCOST_DATA= 1.72516E-06  FCOST0= 1.72516E-06
  
 -------------- calculate Frechet derivatives -----------
 IFREQ =           4    ITERATION =           3
||Frechet||_F=  1.1903E-12max|Frechet|=  1.7042E-17
||Frechet||_F=  1.1903E-12max|Frechet|=  1.7042E-17
||Frechet||_F=  1.1903E-12max|Frechet|=  1.7042E-17
||Frechet||_F=  1.1903E-12max|Frechet|=  1.7042E-17
||Frechet||_F=  1.1903E-12max|Frechet|=  1.7042E-17
||Frechet||_F=  1.1903E-12max|Frechet|=  1.7042E-17
Grad block  10 GRAD_SCALED MORM =   9.2376E-05
MT try: alpha=  1.0000E+00  phi=  1.7252E-06  dg=  8.4553E-07  dg0= -2.7557E-07
MT try: armijo_rhs=  5.8375E-07  armijo=F  curvature=F  task=FG
 UPDATEPARAMETER: f-scale only
UPDATEPARAMETER PAR_STEP min/max, V_STEP min/max =  4.3335501145E+01  1.0480573167E+02
  4.3335501145E+01  1.0480573167E+02
 WD_amp= 6.23170E+13  RESID_RMS= 1.06731E-03  FCOST_DATA= 5.69574E-07  FCOST0= 5.69574E-07
  
 -------------- calculate Frechet derivatives -----------
 IFREQ =           4    ITERATION =           3
||Frechet||_F=  1.1881E-12max|Frechet|=  1.7051E-17
||Frechet||_F=  1.1881E-12max|Frechet|=  1.7051E-17
||Frechet||_F=  1.1881E-12max|Frechet|=  1.7051E-17
||Frechet||_F=  1.1881E-12max|Frechet|=  1.7051E-17
||Frechet||_F=  1.1881E-12max|Frechet|=  1.7051E-17
||Frechet||_F=  1.1881E-12max|Frechet|=  1.7051E-17
Grad block  10 GRAD_SCALED MORM =   4.2938E-05
MT try: alpha=  4.5741E-02  phi=  5.6957E-07  dg= -2.2131E-07  dg0= -2.7557E-07
MT try: armijo_rhs=  5.8377E-07  armijo=T  curvature=T  task=FG
  
  
  
  
  
Convergence reached, updating parameter grid
ALPHA from line search =  .4574127149191390E-01
 FCOST0 after linesearch  5.695744410731351E-007
Norm of s (s_norm) =  .4425357239470355E-02
  
Convergence check at iteration    3
  Relative cost decrease  =  2.4324E-02
  Relative model update   =  0.0000E+00
  Relative grad. norm     =  6.6068E-01
Time for LBFGS =  17.10718383789062 min
  
 Frequency:           4 Iteration:           4
t_global   =    331.920 s
  
 -------------- calculate Frechet derivatives -----------
 IFREQ =           4    ITERATION =           4
||Frechet||_F=  1.1881E-12max|Frechet|=  1.7051E-17
||Frechet||_F=  1.1881E-12max|Frechet|=  1.7051E-17
||Frechet||_F=  1.1881E-12max|Frechet|=  1.7051E-17
||Frechet||_F=  1.1881E-12max|Frechet|=  1.7051E-17
||Frechet||_F=  1.1881E-12max|Frechet|=  1.7051E-17
||Frechet||_F=  1.1881E-12max|Frechet|=  1.7051E-17
 
TIME for Frechet calc =  3.084574890136719 min
 
 
  compute the residual and the cost function
 WD_amp= 6.23170E+13  RESID_RMS= 1.06731E-03  FCOST_DATA= 5.69574E-07  FCOST0= 5.69574E-07
Grad block  10 GRAD_SCALED MORM =   4.2938E-05
Gradient finished
Start LBFGS 
curvature (warm): s·y=  2.4818E-09  ||s||^2=  1.9584E-05  ||y||^2=  4.0186E-12  sTy_min=  8.8713E-10
LBFGS history: used= 1  skipped= 2  worst_col= 3  bad_s·y=  2.4818E-09  bad_cos_sy=  2.7976E-01
LBFGS step: g·p = -1.8715E-07  ||p||=  7.7587E-02
LBFGS step: min(p)= -4.8028E-03  max(p)=  7.6160E-03
LBFGS p_k (unscaled) stats per active parameter:
  IA= 10  PAR={Q44}  min=-6.58663E+00  max= 1.04447E+01  L2= 1.06405E+02
min(p_k)= -4.8028E-03  max(p_k)=  7.6160E-03  ||p_k||=  7.7587E-02
min(p_kf)= -4.8028E-03  max(p_kf)=  7.6160E-03  ||p_kf||=  3.1035E-01
p_k/p_kf  =   2.5000E-01
Start linesearch
MT entry: phi(0)=  5.6957E-07  dg0= -1.8715E-07  alpha0=  1.0000E+00
 UPDATEPARAMETER: f-scale only
UPDATEPARAMETER PAR_STEP min/max, V_STEP min/max =  4.3021051865E+01  1.0491339656E+02
  4.3021051865E+01  1.0491339656E+02
 WD_amp= 6.23170E+13  RESID_RMS= 1.53248E-03  FCOST_DATA= 1.17425E-06  FCOST0= 1.17425E-06
  
 -------------- calculate Frechet derivatives -----------
 IFREQ =           4    ITERATION =           4
||Frechet||_F=  1.1895E-12max|Frechet|=  1.7044E-17
||Frechet||_F=  1.1895E-12max|Frechet|=  1.7044E-17
||Frechet||_F=  1.1895E-12max|Frechet|=  1.7044E-17
||Frechet||_F=  1.1895E-12max|Frechet|=  1.7044E-17
||Frechet||_F=  1.1895E-12max|Frechet|=  1.7044E-17
||Frechet||_F=  1.1895E-12max|Frechet|=  1.7044E-17
Grad block  10 GRAD_SCALED MORM =   6.9885E-05
MT try: alpha=  1.0000E+00  phi=  1.1743E-06  dg=  3.3949E-07  dg0= -1.8715E-07
MT try: armijo_rhs=  5.6956E-07  armijo=F  curvature=F  task=FG
 UPDATEPARAMETER: f-scale only
UPDATEPARAMETER PAR_STEP min/max, V_STEP min/max =  4.3318827790E+01  1.0480218871E+02
  4.3318827790E+01  1.0480218871E+02
 WD_amp= 6.23170E+13  RESID_RMS= 1.05886E-03  FCOST_DATA= 5.60590E-07  FCOST0= 5.60590E-07
  
 -------------- calculate Frechet derivatives -----------
 IFREQ =           4    ITERATION =           4
||Frechet||_F=  1.1881E-12max|Frechet|=  1.7051E-17
||Frechet||_F=  1.1881E-12max|Frechet|=  1.7051E-17
||Frechet||_F=  1.1881E-12max|Frechet|=  1.7051E-17
||Frechet||_F=  1.1881E-12max|Frechet|=  1.7051E-17
||Frechet||_F=  1.1881E-12max|Frechet|=  1.7051E-17
||Frechet||_F=  1.1881E-12max|Frechet|=  1.7051E-17
Grad block  10 GRAD_SCALED MORM =   4.2760E-05
MT try: alpha=  5.3024E-02  phi=  5.6059E-07  dg= -1.5807E-07  dg0= -1.8715E-07
MT try: armijo_rhs=  5.6957E-07  armijo=T  curvature=T  task=FG
  
  
  
  
  
Convergence reached, updating parameter grid
ALPHA from line search =  .5302398607927641E-01
 FCOST0 after linesearch  5.605904913753181E-007
Norm of s (s_norm) =  .4113992730099793E-02
  
Convergence check at iteration    4
  Relative cost decrease  =  1.5773E-02
  Relative model update   =  0.0000E+00
  Relative grad. norm     =  5.6374E-01
Time for LBFGS =  17.01702677408854 min
  
 Frequency:           4 Iteration:           5
t_global   =    331.901 s
  
 -------------- calculate Frechet derivatives -----------
 IFREQ =           4    ITERATION =           5
||Frechet||_F=  1.1881E-12max|Frechet|=  1.7051E-17
||Frechet||_F=  1.1881E-12max|Frechet|=  1.7051E-17
||Frechet||_F=  1.1881E-12max|Frechet|=  1.7051E-17
||Frechet||_F=  1.1881E-12max|Frechet|=  1.7051E-17
||Frechet||_F=  1.1881E-12max|Frechet|=  1.7051E-17
 
TIME for Frechet calc =  3.004281616210938 min
 
 
  compute the residual and the cost function
 WD_amp= 6.23170E+13  RESID_RMS= 1.05886E-03  FCOST_DATA= 5.60590E-07  FCOST0= 5.60590E-07
||Frechet||_F=  1.1881E-12max|Frechet|=  1.7051E-17
Grad block  10 GRAD_SCALED MORM =   4.2760E-05
Gradient finished
Start LBFGS 
curvature (warm): s·y=  1.5421E-09  ||s||^2=  1.6925E-05  ||y||^2=  1.5304E-12  sTy_min=  5.0894E-10
LBFGS history: used= 1  skipped= 3  worst_col= 2  bad_s·y=  1.5421E-09  bad_cos_sy=  3.0300E-01
LBFGS step: g·p = -1.3792E-07  ||p||=  6.4553E-02
LBFGS step: min(p)= -4.1030E-03  max(p)=  6.1318E-03
LBFGS p_k (unscaled) stats per active parameter:
  IA= 10  PAR={Q44}  min=-5.62696E+00  max= 8.40927E+00  L2= 8.85291E+01
min(p_k)= -4.1030E-03  max(p_k)=  6.1318E-03  ||p_k||=  6.4553E-02
min(p_kf)= -4.1030E-03  max(p_kf)=  6.1318E-03  ||p_kf||=  2.5821E-01
p_k/p_kf  =   2.5000E-01
Start linesearch
MT entry: phi(0)=  5.6059E-07  dg0= -1.3792E-07  alpha0=  1.0000E+00
 UPDATEPARAMETER: f-scale only
UPDATEPARAMETER PAR_STEP min/max, V_STEP min/max =  4.3059575533E+01  1.0490444920E+02
  4.3059575533E+01  1.0490444920E+02
 WD_amp= 6.23170E+13  RESID_RMS= 1.36294E-03  FCOST_DATA= 9.28803E-07  FCOST0= 9.28803E-07
  
 -------------- calculate Frechet derivatives -----------
 IFREQ =           4    ITERATION =           5
||Frechet||_F=  1.1892E-12max|Frechet|=  1.7045E-17
||Frechet||_F=  1.1892E-12max|Frechet|=  1.7045E-17
||Frechet||_F=  1.1892E-12max|Frechet|=  1.7045E-17
||Frechet||_F=  1.1892E-12max|Frechet|=  1.7045E-17
||Frechet||_F=  1.1892E-12max|Frechet|=  1.7045E-17
||Frechet||_F=  1.1892E-12max|Frechet|=  1.7045E-17
Grad block  10 GRAD_SCALED MORM =   6.0666E-05
MT try: alpha=  1.0000E+00  phi=  9.2880E-07  dg=  1.4922E-07  dg0= -1.3792E-07
MT try: armijo_rhs=  5.6058E-07  armijo=F  curvature=F  task=FG
 UPDATEPARAMETER: f-scale only
UPDATEPARAMETER PAR_STEP min/max, V_STEP min/max =  4.3303507440E+01  1.0479875437E+02
  4.3303507440E+01  1.0479875437E+02
 WD_amp= 6.23170E+13  RESID_RMS= 1.05357E-03  FCOST_DATA= 5.55003E-07  FCOST0= 5.55003E-07
  
 -------------- calculate Frechet derivatives -----------
 IFREQ =           4    ITERATION =           5
||Frechet||_F=  1.1882E-12max|Frechet|=  1.7051E-17
||Frechet||_F=  1.1882E-12max|Frechet|=  1.7051E-17
||Frechet||_F=  1.1882E-12max|Frechet|=  1.7051E-17
||Frechet||_F=  1.1882E-12max|Frechet|=  1.7051E-17
||Frechet||_F=  1.1882E-12max|Frechet|=  1.7051E-17
||Frechet||_F=  1.1882E-12max|Frechet|=  1.7051E-17
Grad block  10 GRAD_SCALED MORM =   4.2811E-05
MT try: alpha=  5.9094E-02  phi=  5.5500E-07  dg= -1.2059E-07  dg0= -1.3792E-07
MT try: armijo_rhs=  5.6059E-07  armijo=T  curvature=T  task=FG
  
  
  
  
  
Convergence reached, updating parameter grid
ALPHA from line search =  .5909437561891386E-01
 FCOST0 after linesearch  5.550034832502420E-007
Norm of s (s_norm) =  .3814723341932309E-02
  
Convergence check at iteration    5
  Relative cost decrease  =  9.9663E-03
  Relative model update   =  0.0000E+00
  Relative grad. norm     =  5.0386E-01
Time for LBFGS =  16.93663838704427 min
  
 Frequency:           4 Iteration:           6
t_global   =    331.288 s
  
 -------------- calculate Frechet derivatives -----------
 IFREQ =           4    ITERATION =           6
||Frechet||_F=  1.1882E-12max|Frechet|=  1.7051E-17
||Frechet||_F=  1.1882E-12max|Frechet|=  1.7051E-17
||Frechet||_F=  1.1882E-12max|Frechet|=  1.7051E-17
||Frechet||_F=  1.1882E-12max|Frechet|=  1.7051E-17
||Frechet||_F=  1.1882E-12max|Frechet|=  1.7051E-17
||Frechet||_F=  1.1882E-12max|Frechet|=  1.7051E-17
 
TIME for Frechet calc =  2.987431589762370 min
 
 
  compute the residual and the cost function
 WD_amp= 6.23170E+13  RESID_RMS= 1.05357E-03  FCOST_DATA= 5.55003E-07  FCOST0= 5.55003E-07
Grad block  10 GRAD_SCALED MORM =   4.2811E-05
Gradient finished
Start LBFGS 
curvature (warm): s·y=  1.0242E-09  ||s||^2=  1.4552E-05  ||y||^2=  7.1769E-13  sTy_min=  3.2317E-10
LBFGS history: used= 1  skipped= 4  worst_col= 1  bad_s·y=  1.0242E-09  bad_cos_sy=  3.1691E-01
LBFGS step: g·p = -1.0775E-07  ||p||=  5.4958E-02
LBFGS step: min(p)= -3.5471E-03  max(p)=  5.0183E-03
LBFGS p_k (unscaled) stats per active parameter:
  IA= 10  PAR={Q44}  min=-4.86456E+00  max= 6.88222E+00  L2= 7.53708E+01
min(p_k)= -3.5471E-03  max(p_k)=  5.0183E-03  ||p_k||=  5.4958E-02
min(p_kf)= -3.5471E-03  max(p_kf)=  5.0183E-03  ||p_kf||=  2.1983E-01
p_k/p_kf  =   2.5000E-01
Start linesearch
MT entry: phi(0)=  5.5500E-07  dg0= -1.0775E-07  alpha0=  1.0000E+00
 UPDATEPARAMETER: f-scale only
UPDATEPARAMETER PAR_STEP min/max, V_STEP min/max =  4.3083249422E+01  1.0489767899E+02
  4.3083249422E+01  1.0489767899E+02
 WD_amp= 6.23170E+13  RESID_RMS= 1.26727E-03  FCOST_DATA= 8.02992E-07  FCOST0= 8.02992E-07
  
 -------------- calculate Frechet derivatives -----------
 IFREQ =           4    ITERATION =           6
||Frechet||_F=  1.1892E-12max|Frechet|=  1.7046E-17
||Frechet||_F=  1.1892E-12max|Frechet|=  1.7046E-17
||Frechet||_F=  1.1892E-12max|Frechet|=  1.7046E-17
||Frechet||_F=  1.1892E-12max|Frechet|=  1.7046E-17
||Frechet||_F=  1.1892E-12max|Frechet|=  1.7046E-17
||Frechet||_F=  1.1892E-12max|Frechet|=  1.7046E-17
Grad block  10 GRAD_SCALED MORM =   5.6043E-05
MT try: alpha=  1.0000E+00  phi=  8.0299E-07  dg=  6.9357E-08  dg0= -1.0775E-07
MT try: armijo_rhs=  5.5499E-07  armijo=F  curvature=T  task=FG
 UPDATEPARAMETER: f-scale only
UPDATEPARAMETER PAR_STEP min/max, V_STEP min/max =  4.3289357593E+01  1.0480301717E+02
  4.3289357593E+01  1.0480301717E+02
 WD_amp= 6.23170E+13  RESID_RMS= 1.05044E-03  FCOST_DATA= 5.51714E-07  FCOST0= 5.51714E-07
  
 -------------- calculate Frechet derivatives -----------
 IFREQ =           4    ITERATION =           6
||Frechet||_F=  1.1882E-12max|Frechet|=  1.7050E-17
||Frechet||_F=  1.1882E-12max|Frechet|=  1.7050E-17
||Frechet||_F=  1.1882E-12max|Frechet|=  1.7050E-17
||Frechet||_F=  1.1882E-12max|Frechet|=  1.7050E-17
||Frechet||_F=  1.1882E-12max|Frechet|=  1.7050E-17
||Frechet||_F=  1.1882E-12max|Frechet|=  1.7050E-17
Grad block  10 GRAD_SCALED MORM =   4.2989E-05
MT try: alpha=  6.4242E-02  phi=  5.5171E-07  dg= -9.6376E-08  dg0= -1.0775E-07
MT try: armijo_rhs=  5.5500E-07  armijo=T  curvature=T  task=FG
  
  
  
  
  
Convergence reached, updating parameter grid
ALPHA from line search =  .6424214241807873E-01
 FCOST0 after linesearch  5.517135493128606E-007
Norm of s (s_norm) =  .3530642944497452E-02
  
Convergence check at iteration    6
  Relative cost decrease  =  5.9278E-03
  Relative model update   =  0.0000E+00
  Relative grad. norm     =  4.6526E-01
Time for LBFGS =  16.97065836588542 min
  
 Frequency:           4 Iteration:           7
t_global   =    332.294 s
  
 -------------- calculate Frechet derivatives -----------
 IFREQ =           4    ITERATION =           7
||Frechet||_F=  1.1882E-12max|Frechet|=  1.7050E-17
||Frechet||_F=  1.1882E-12max|Frechet|=  1.7050E-17
||Frechet||_F=  1.1882E-12max|Frechet|=  1.7050E-17
||Frechet||_F=  1.1882E-12max|Frechet|=  1.7050E-17
||Frechet||_F=  1.1882E-12max|Frechet|=  1.7050E-17
||Frechet||_F=  1.1882E-12max|Frechet|=  1.7050E-17
 
TIME for Frechet calc =  3.047633361816406 min
 
 
  compute the residual and the cost function
 WD_amp= 6.23170E+13  RESID_RMS= 1.05044E-03  FCOST_DATA= 5.51714E-07  FCOST0= 5.51714E-07
Grad block  10 GRAD_SCALED MORM =   4.2989E-05
Gradient finished
Start LBFGS 
curvature (full): s·y=  7.3060E-10  ||s||^2=  1.2465E-05  ||y||^2=  4.0261E-13  sTy_min=  2.2403E-10
LBFGS history: used= 0  skipped= 5  worst_col= 1  bad_s·y=  7.3060E-10  bad_cos_sy=  3.2612E-01
 
LBFGS step(full): g·p = -8.9388E-08  ||p||=  3.4594E-02
LBFGS step(full): min(p)= -2.5931E-03  max(p)=  2.3671E-03
LBFGS p_k (unscaled) stats per active parameter:
  IA= 10  PAR={Q44}  min=-3.55621E+00  max= 3.24634E+00  L2= 4.74429E+01
min(p_k)= -2.5931E-03  max(p_k)=  2.3671E-03  ||p_k||=  3.4594E-02
min(p_kf)= -2.5931E-03  max(p_kf)=  2.3671E-03  ||p_kf||=  1.3838E-01
p_k/p_kf  =   2.5000E-01
Start linesearch
MT entry: phi(0)=  5.5171E-07  dg0= -8.9388E-08  alpha0=  1.0000E+00
 UPDATEPARAMETER: f-scale only
UPDATEPARAMETER PAR_STEP min/max, V_STEP min/max =  4.3244245622E+01  1.0487249552E+02
  4.3244245622E+01  1.0487249552E+02
 WD_amp= 6.23170E+13  RESID_RMS= 1.22466E-03  FCOST_DATA= 7.49897E-07  FCOST0= 7.49897E-07
  
 -------------- calculate Frechet derivatives -----------
 IFREQ =           4    ITERATION =           7
||Frechet||_F=  1.1873E-12max|Frechet|=  1.7050E-17
||Frechet||_F=  1.1873E-12max|Frechet|=  1.7050E-17
||Frechet||_F=  1.1873E-12max|Frechet|=  1.7050E-17
||Frechet||_F=  1.1873E-12max|Frechet|=  1.7050E-17
||Frechet||_F=  1.1873E-12max|Frechet|=  1.7050E-17
||Frechet||_F=  1.1873E-12max|Frechet|=  1.7050E-17
Grad block  10 GRAD_SCALED MORM =   5.1219E-05
MT try: alpha=  1.0000E+00  phi=  7.4990E-07  dg=  1.8316E-07  dg0= -8.9388E-08
MT try: armijo_rhs=  5.5170E-07  armijo=F  curvature=F  task=FG
 UPDATEPARAMETER: f-scale only
UPDATEPARAMETER PAR_STEP min/max, V_STEP min/max =  4.3285714976E+01  1.0480862728E+02
  4.3285714976E+01  1.0480862728E+02
 WD_amp= 6.23170E+13  RESID_RMS= 1.04242E-03  FCOST_DATA= 5.43318E-07  FCOST0= 5.43318E-07
  
 -------------- calculate Frechet derivatives -----------
 IFREQ =           4    ITERATION =           7
||Frechet||_F=  1.1881E-12max|Frechet|=  1.7050E-17
||Frechet||_F=  1.1881E-12max|Frechet|=  1.7050E-17
||Frechet||_F=  1.1881E-12max|Frechet|=  1.7050E-17
||Frechet||_F=  1.1881E-12max|Frechet|=  1.7050E-17
||Frechet||_F=  1.1881E-12max|Frechet|=  1.7050E-17
||Frechet||_F=  1.1881E-12max|Frechet|=  1.7050E-17
Grad block  10 GRAD_SCALED MORM =   4.2431E-05
MT try: alpha=  8.0746E-02  phi=  5.4332E-07  dg= -6.6863E-08  dg0= -8.9388E-08
MT try: armijo_rhs=  5.5171E-07  armijo=T  curvature=T  task=FG
  
  
  
  
  
Convergence reached, updating parameter grid
ALPHA from line search =  .8074612797905799E-01
 FCOST0 after linesearch  5.433183371079697E-007
Norm of s (s_norm) =  .2793342094872113E-02
  
Convergence check at iteration    7
  Relative cost decrease  =  1.5217E-02
  Relative model update   =  0.0000E+00
  Relative grad. norm     =  3.6342E-01
Time for LBFGS =  16.98035176595052 min
  
 Frequency:           4 Iteration:           8
t_global   =    331.337 s
  
 -------------- calculate Frechet derivatives -----------
 IFREQ =           4    ITERATION =           8
||Frechet||_F=  1.1881E-12max|Frechet|=  1.7050E-17
||Frechet||_F=  1.1881E-12max|Frechet|=  1.7050E-17
||Frechet||_F=  1.1881E-12max|Frechet|=  1.7050E-17
||Frechet||_F=  1.1881E-12max|Frechet|=  1.7050E-17
||Frechet||_F=  1.1881E-12max|Frechet|=  1.7050E-17
||Frechet||_F=  1.1881E-12max|Frechet|=  1.7050E-17
 
TIME for Frechet calc =  3.027791595458984 min
 
 
  compute the residual and the cost function
 WD_amp= 6.23170E+13  RESID_RMS= 1.04242E-03  FCOST_DATA= 5.43318E-07  FCOST0= 5.43318E-07
Grad block  10 GRAD_SCALED MORM =   4.2431E-05
Gradient finished
Start LBFGS 
curvature (full): s·y=  1.8188E-09  ||s||^2=  7.8028E-06  ||y||^2=  3.1704E-12  sTy_min=  4.9737E-10
LBFGS history: used= 0  skipped= 5  worst_col= 2  bad_s·y=  7.3060E-10  bad_cos_sy=  3.2612E-01
 
LBFGS step(full): g·p = -5.8471E-08  ||p||=  2.9929E-02
LBFGS step(full): min(p)= -2.4378E-03  max(p)=  1.9730E-03
LBFGS p_k (unscaled) stats per active parameter:
  IA= 10  PAR={Q44}  min=-3.34324E+00  max= 2.70585E+00  L2= 4.10452E+01
min(p_k)= -2.4378E-03  max(p_k)=  1.9730E-03  ||p_k||=  2.9929E-02
min(p_kf)= -2.4378E-03  max(p_kf)=  1.9730E-03  ||p_kf||=  1.1972E-01
p_k/p_kf  =   2.5000E-01
Start linesearch
MT entry: phi(0)=  5.4332E-07  dg0= -5.8471E-08  alpha0=  1.0000E+00
 UPDATEPARAMETER: f-scale only
UPDATEPARAMETER PAR_STEP min/max, V_STEP min/max =  4.3200398526E+01  1.0486598063E+02
  4.3200398526E+01  1.0486598063E+02
 WD_amp= 6.23170E+13  RESID_RMS= 1.11101E-03  FCOST_DATA= 6.17171E-07  FCOST0= 6.17171E-07
  
 -------------- calculate Frechet derivatives -----------
 IFREQ =           4    ITERATION =           8
||Frechet||_F=  1.1889E-12max|Frechet|=  1.7049E-17
||Frechet||_F=  1.1889E-12max|Frechet|=  1.7049E-17
||Frechet||_F=  1.1889E-12max|Frechet|=  1.7049E-17
||Frechet||_F=  1.1889E-12max|Frechet|=  1.7049E-17
||Frechet||_F=  1.1889E-12max|Frechet|=  1.7049E-17
||Frechet||_F=  1.1889E-12max|Frechet|=  1.7049E-17
Grad block  10 GRAD_SCALED MORM =   4.7676E-05
MT try: alpha=  1.0000E+00  phi=  6.1717E-07  dg=  4.2187E-08  dg0= -5.8471E-08
MT try: armijo_rhs=  5.4331E-07  armijo=F  curvature=T  task=FG
 UPDATEPARAMETER: f-scale only
UPDATEPARAMETER PAR_STEP min/max, V_STEP min/max =  4.3276464649E+01  1.0481484574E+02
  4.3276464649E+01  1.0481484574E+02
 WD_amp= 6.23170E+13  RESID_RMS= 1.03797E-03  FCOST_DATA= 5.38692E-07  FCOST0= 5.38692E-07
  
 -------------- calculate Frechet derivatives -----------
 IFREQ =           4    ITERATION =           8
||Frechet||_F=  1.1882E-12max|Frechet|=  1.7050E-17
||Frechet||_F=  1.1882E-12max|Frechet|=  1.7050E-17
||Frechet||_F=  1.1882E-12max|Frechet|=  1.7050E-17
||Frechet||_F=  1.1882E-12max|Frechet|=  1.7050E-17
||Frechet||_F=  1.1882E-12max|Frechet|=  1.7050E-17
||Frechet||_F=  1.1882E-12max|Frechet|=  1.7050E-17
Grad block  10 GRAD_SCALED MORM =   4.2365E-05
MT try: alpha=  1.0842E-01  phi=  5.3869E-07  dg= -4.7941E-08  dg0= -5.8471E-08
MT try: armijo_rhs=  5.4332E-07  armijo=T  curvature=T  task=FG
  
  
  
  
  
Convergence reached, updating parameter grid
ALPHA from line search =  .1084237176174307
 FCOST0 after linesearch  5.386917392482347E-007
Norm of s (s_norm) =  .3245018299476782E-02
  
Convergence check at iteration    8
  Relative cost decrease  =  8.5154E-03
  Relative model update   =  0.0000E+00
  Relative grad. norm     =  3.4254E-01
Time for LBFGS =  17.05641988118490 min
  
 Frequency:           4 Iteration:           9
t_global   =    332.278 s
  
 -------------- calculate Frechet derivatives -----------
 IFREQ =           4    ITERATION =           9
||Frechet||_F=  1.1882E-12max|Frechet|=  1.7050E-17
||Frechet||_F=  1.1882E-12max|Frechet|=  1.7050E-17
||Frechet||_F=  1.1882E-12max|Frechet|=  1.7050E-17
||Frechet||_F=  1.1882E-12max|Frechet|=  1.7050E-17
||Frechet||_F=  1.1882E-12max|Frechet|=  1.7050E-17
||Frechet||_F=  1.1882E-12max|Frechet|=  1.7050E-17
 
TIME for Frechet calc =  3.022926584879557 min
 
 
  compute the residual and the cost function
 WD_amp= 6.23170E+13  RESID_RMS= 1.03797E-03  FCOST_DATA= 5.38692E-07  FCOST0= 5.38692E-07
Grad block  10 GRAD_SCALED MORM =   4.2365E-05
Gradient finished
Start LBFGS 
curvature (full): s·y=  1.1418E-09  ||s||^2=  1.0530E-05  ||y||^2=  2.2931E-12  sTy_min=  4.9139E-10
LBFGS history: used= 0  skipped= 5  worst_col= 3  bad_s·y=  7.3060E-10  bad_cos_sy=  3.2612E-01
 
LBFGS step(full): g·p = -4.7026E-08  ||p||=  2.7261E-02
LBFGS step(full): min(p)= -2.3058E-03  max(p)=  1.9575E-03
LBFGS p_k (unscaled) stats per active parameter:
  IA= 10  PAR={Q44}  min=-3.16215E+00  max= 2.68461E+00  L2= 3.73861E+01
min(p_k)= -2.3058E-03  max(p_k)=  1.9575E-03  ||p_k||=  2.7261E-02
min(p_kf)= -2.3058E-03  max(p_kf)=  1.9575E-03  ||p_kf||=  1.0904E-01
p_k/p_kf  =   2.5000E-01
Start linesearch
MT entry: phi(0)=  5.3869E-07  dg0= -4.7026E-08  alpha0=  1.0000E+00
 UPDATEPARAMETER: f-scale only
UPDATEPARAMETER PAR_STEP min/max, V_STEP min/max =  4.3224656256E+01  1.0486365029E+02
  4.3224656256E+01  1.0486365029E+02
 WD_amp= 6.23170E+13  RESID_RMS= 1.11102E-03  FCOST_DATA= 6.17188E-07  FCOST0= 6.17188E-07
  
 -------------- calculate Frechet derivatives -----------
 IFREQ =           4    ITERATION =           9
||Frechet||_F=  1.1869E-12max|Frechet|=  1.7051E-17
||Frechet||_F=  1.1869E-12max|Frechet|=  1.7051E-17
||Frechet||_F=  1.1869E-12max|Frechet|=  1.7051E-17
||Frechet||_F=  1.1869E-12max|Frechet|=  1.7051E-17
||Frechet||_F=  1.1869E-12max|Frechet|=  1.7051E-17
||Frechet||_F=  1.1869E-12max|Frechet|=  1.7051E-17
Grad block  10 GRAD_SCALED MORM =   5.2144E-05
MT try: alpha=  1.0000E+00  phi=  6.1719E-07  dg=  6.5719E-08  dg0= -4.7026E-08
MT try: armijo_rhs=  5.3869E-07  armijo=F  curvature=F  task=FG
 UPDATEPARAMETER: f-scale only
UPDATEPARAMETER PAR_STEP min/max, V_STEP min/max =  4.3271468395E+01  1.0481955232E+02
  4.3271468395E+01  1.0481955232E+02
 WD_amp= 6.23170E+13  RESID_RMS= 1.03559E-03  FCOST_DATA= 5.36220E-07  FCOST0= 5.36220E-07
  
 -------------- calculate Frechet derivatives -----------
 IFREQ =           4    ITERATION =           9
||Frechet||_F=  1.1880E-12max|Frechet|=  1.7050E-17
||Frechet||_F=  1.1880E-12max|Frechet|=  1.7050E-17
||Frechet||_F=  1.1880E-12max|Frechet|=  1.7050E-17
||Frechet||_F=  1.1880E-12max|Frechet|=  1.7050E-17
||Frechet||_F=  1.1880E-12max|Frechet|=  1.7050E-17
||Frechet||_F=  1.1880E-12max|Frechet|=  1.7050E-17
Grad block  10 GRAD_SCALED MORM =   4.2380E-05
MT try: alpha=  9.6437E-02  phi=  5.3622E-07  dg= -3.5868E-08  dg0= -4.7026E-08
MT try: armijo_rhs=  5.3869E-07  armijo=T  curvature=T  task=FG
  
  
  
  
  
Convergence reached, updating parameter grid
ALPHA from line search =  .9643717193545501E-01
 FCOST0 after linesearch  5.362200820194858E-007
Norm of s (s_norm) =  .2628966202407940E-02
  
Convergence check at iteration    9
  Relative cost decrease  =  4.5883E-03
  Relative model update   =  0.0000E+00
  Relative grad. norm     =  3.5310E-01
Time for LBFGS =  17.07437540690104 min
  
 Frequency:           4 Iteration:          10
t_global   =    332.033 s
  
 -------------- calculate Frechet derivatives -----------
 IFREQ =           4    ITERATION =          10
||Frechet||_F=  1.1880E-12max|Frechet|=  1.7050E-17
||Frechet||_F=  1.1880E-12max|Frechet|=  1.7050E-17
||Frechet||_F=  1.1880E-12max|Frechet|=  1.7050E-17
||Frechet||_F=  1.1880E-12max|Frechet|=  1.7050E-17
||Frechet||_F=  1.1880E-12max|Frechet|=  1.7050E-17
||Frechet||_F=  1.1880E-12max|Frechet|=  1.7050E-17
 
TIME for Frechet calc =  3.095971679687500 min
 
 
  compute the residual and the cost function
 WD_amp= 6.23170E+13  RESID_RMS= 1.03559E-03  FCOST_DATA= 5.36220E-07  FCOST0= 5.36220E-07
Grad block  10 GRAD_SCALED MORM =   4.2380E-05
Gradient finished
Start LBFGS 
curvature (full): s·y=  1.0760E-09  ||s||^2=  6.9115E-06  ||y||^2=  6.3007E-12  sTy_min=  6.5990E-10
LBFGS history: used= 0  skipped= 5  worst_col= 4  bad_s·y=  7.3060E-10  bad_cos_sy=  3.2612E-01
 
LBFGS step(full): g·p = -4.8657E-08  ||p||=  2.6382E-02
LBFGS step(full): min(p)= -2.3098E-03  max(p)=  1.7174E-03
LBFGS p_k (unscaled) stats per active parameter:
  IA= 10  PAR={Q44}  min=-3.16769E+00  max= 2.35520E+00  L2= 3.61803E+01
min(p_k)= -2.3098E-03  max(p_k)=  1.7174E-03  ||p_k||=  2.6382E-02
min(p_kf)= -2.3098E-03  max(p_kf)=  1.7174E-03  ||p_kf||=  1.0553E-01
p_k/p_kf  =   2.5000E-01
Start linesearch
MT entry: phi(0)=  5.3622E-07  dg0= -4.8657E-08  alpha0=  1.0000E+00
 UPDATEPARAMETER: f-scale only
UPDATEPARAMETER PAR_STEP min/max, V_STEP min/max =  4.3142716087E+01  1.0486143127E+02
  4.3142716087E+01  1.0486143127E+02
 WD_amp= 6.23170E+13  RESID_RMS= 1.29083E-03  FCOST_DATA= 8.33116E-07  FCOST0= 8.33116E-07
  
 -------------- calculate Frechet derivatives -----------
 IFREQ =           4    ITERATION =          10
||Frechet||_F=  1.1913E-12max|Frechet|=  1.7048E-17
||Frechet||_F=  1.1913E-12max|Frechet|=  1.7048E-17
||Frechet||_F=  1.1913E-12max|Frechet|=  1.7048E-17
||Frechet||_F=  1.1913E-12max|Frechet|=  1.7048E-17
||Frechet||_F=  1.1913E-12max|Frechet|=  1.7048E-17
||Frechet||_F=  1.1913E-12max|Frechet|=  1.7048E-17
Grad block  10 GRAD_SCALED MORM =   7.5324E-05
MT try: alpha=  1.0000E+00  phi=  8.3312E-07  dg=  2.8187E-07  dg0= -4.8657E-08
MT try: armijo_rhs=  5.3622E-07  armijo=F  curvature=F  task=FG
 UPDATEPARAMETER: f-scale only
UPDATEPARAMETER PAR_STEP min/max, V_STEP min/max =  4.3266908759E+01  1.0482103542E+02
  4.3266908759E+01  1.0482103542E+02
 WD_amp= 6.23170E+13  RESID_RMS= 1.03520E-03  FCOST_DATA= 5.35817E-07  FCOST0= 5.35817E-07
  
 -------------- calculate Frechet derivatives -----------
 IFREQ =           4    ITERATION =          10
||Frechet||_F=  1.1881E-12max|Frechet|=  1.7050E-17
||Frechet||_F=  1.1881E-12max|Frechet|=  1.7050E-17
||Frechet||_F=  1.1881E-12max|Frechet|=  1.7050E-17
||Frechet||_F=  1.1881E-12max|Frechet|=  1.7050E-17
||Frechet||_F=  1.1881E-12max|Frechet|=  1.7050E-17
||Frechet||_F=  1.1881E-12max|Frechet|=  1.7050E-17
Grad block  10 GRAD_SCALED MORM =   4.2357E-05
MT try: alpha=  3.5414E-02  phi=  5.3582E-07  dg= -3.7347E-08  dg0= -4.8657E-08
MT try: armijo_rhs=  5.3622E-07  armijo=T  curvature=T  task=FG
  
  
  
  
  
Convergence reached, updating parameter grid
ALPHA from line search =  .3541400784645552E-01
 FCOST0 after linesearch  5.358168248127736E-007
Norm of s (s_norm) =  .9342834642331984E-03
  
Convergence check at iteration   10
  Relative cost decrease  =  7.5204E-04
  Relative model update   =  0.0000E+00
  Relative grad. norm     =  3.0185E-01
 *** Convergence conditions satisfied:
     - Cost change below tolerance.
  
Data weighting computed for frequency 4607182418800017373
Data weighting computed for frequency 4607182418800017373
Data weighting computed for frequency 4607182418800017373
Data weighting computed for frequency 4607182418800017373
 --------- Frequency   4.35000000000000       (band            1 )
[ComputeAcqWeight] empty acq_weight_file, using uniform weights = 1.0
Data weighting computed for frequency 4607182418800017373
XSRmin, XSRmax, ZSRmin, ZSRMax -1960.000000000000 .000000000000000 2050.000000000000 4030.000000000000
1 FKYC
1.2 FKYC
my_rank, FKYC,WLMAX, RMAX 0 .3565024706899721E-01 1177.650297665005 2786.036611389018
1.1 NK
NK in cky2= 55

  Number of wavenumber samples (NK) for FREQ =   55
Data weighting computed for frequency 4607182418800017373
  RMAX = 2786.04
--- Pre-solver preview (memory + RHS workload) ---
   GQG dims: NNX=       585  NNZ=       317  NPT=    185445
   DOF:     N=3*NPT =    556335
   Sources: NSR=       100  NSS=        20  NK=        55
   RHS total (per IK): nrhs_tot=3*NSS =        60
   Batch:    MAX_RHS_BATCH=        32  nbatches=         2
   GFMY  (GFX+GFY+GFZ):         13.679 GB
   RHS_MY(rhs+sol buffers):      0.531 GB
 
 running run_ik_loop_pardiso
before CA | VmRSS=  15.476 GB  VmHWM=  81.337 GB
after CA | VmRSS=  16.795 GB  VmHWM=  81.337 GB
after factor | VmRSS=  20.560 GB  VmHWM=  81.337 GB
f=     4.350 Hz | ky=  0.648186E-03 | IK=       1/      55 | t=   17.320800 s | CA=  2.5274 | fact= 12.8620 | GF=  1.9311 | solve=  1.7752 | scatter=  0.0525
f=     4.350 Hz | ky=  0.129637E-02 | IK=       2/      55 | t=    7.011900 s | CA=  2.6238 | fact=  2.5649 | GF=  1.8231 | solve=  1.6947 | scatter=  0.0547
f=     4.350 Hz | ky=  0.194456E-02 | IK=       3/      55 | t=    7.006600 s | CA=  2.6128 | fact=  2.5674 | GF=  1.8264 | solve=  1.6989 | scatter=  0.0537
f=     4.350 Hz | ky=  0.259275E-02 | IK=       4/      55 | t=    7.017900 s | CA=  2.6163 | fact=  2.5758 | GF=  1.8257 | solve=  1.6998 | scatter=  0.0523
f=     4.350 Hz | ky=  0.324093E-02 | IK=       5/      55 | t=    6.964700 s | CA=  2.5566 | fact=  2.5813 | GF=  1.8268 | solve=  1.6995 | scatter=  0.0540
f=     4.350 Hz | ky=  0.388912E-02 | IK=       6/      55 | t=    6.894400 s | CA=  2.5461 | fact=  2.5178 | GF=  1.8304 | solve=  1.7000 | scatter=  0.0569
f=     4.350 Hz | ky=  0.453730E-02 | IK=       7/      55 | t=    6.969400 s | CA=  2.5717 | fact=  2.5664 | GF=  1.8312 | solve=  1.7009 | scatter=  0.0567
f=     4.350 Hz | ky=  0.518549E-02 | IK=       8/      55 | t=    6.988400 s | CA=  2.5858 | fact=  2.5759 | GF=  1.8267 | solve=  1.6995 | scatter=  0.0535
f=     4.350 Hz | ky=  0.583368E-02 | IK=       9/      55 | t=    6.980600 s | CA=  2.5687 | fact=  2.5819 | GF=  1.8300 | solve=  1.7012 | scatter=  0.0554
f=     4.350 Hz | ky=  0.648186E-02 | IK=      10/      55 | t=    6.937000 s | CA=  2.5639 | fact=  2.5456 | GF=  1.8274 | solve=  1.7007 | scatter=  0.0533
PARDISO mem (f=  4.35 Hz): sym=  1.95 GB  perm=  1.42 GB  num=  3.22 GB  
peak=  4.64 GB
t_global   =    116.451 s
TIME for 1st forward modeling =  1.940874989827474  min
TIME for GT0 =  .5133333305517833E-02  min
Data scaler W for L2 norm: 62429757634369.36
Data scaler W for WQS norm: .1007948000807317E-312
Total number of active inversion parameters for current sequential stage (IM):          1
Total model blocks points (NM = IM * NBLOCK):      11534 on grid (NMM = IM * NPT):    185445
 Gradient balance ():   1.00000000000000        1.00000000000000     
   1.00000000000000        1.00000000000000        1.00000000000000     
   1.00000000000000        1.00000000000000        1.00000000000000     
   1.00000000000000        1.00000000000000        1.00000000000000     
 IE0, IZ          30           0
 IE0, IZ, GZ1, GZ2 =           30           0   100.000000000000     
   300.000000000000     
  
 Frequency:           5 Iteration:           1
--- Pre-solver preview (memory + RHS workload) ---
   GQG dims: NNX=       585  NNZ=       317  NPT=    185445
   DOF:     N=3*NPT =    556335
   Sources: NSR=       100  NSS=       100  NK=        55
   RHS total (per IK): nrhs_tot=3*NSS =       300
   Batch:    MAX_RHS_BATCH=        32  nbatches=        10
   GFMY  (GFX+GFY+GFZ):         68.393 GB
   RHS_MY(rhs+sol buffers):      0.531 GB
 
 running run_ik_loop_pardiso
before CA | VmRSS=  71.001 GB  VmHWM=  81.337 GB
after CA | VmRSS=  71.946 GB  VmHWM=  81.337 GB
after factor | VmRSS=  75.707 GB  VmHWM=  81.337 GB
f=     4.350 Hz | ky=  0.648186E-03 | IK=       1/      55 | t=   24.396000 s | CA=  2.5490 | fact= 12.8432 | GF=  9.0036 | solve=  8.3353 | scatter=  0.2553
f=     4.350 Hz | ky=  0.129637E-02 | IK=       2/      55 | t=   14.057500 s | CA=  2.5823 | fact=  2.5614 | GF=  8.9137 | solve=  8.2725 | scatter=  0.2579
f=     4.350 Hz | ky=  0.194456E-02 | IK=       3/      55 | t=   13.991700 s | CA=  2.5802 | fact=  2.5308 | GF=  8.8806 | solve=  8.2390 | scatter=  0.2589
f=     4.350 Hz | ky=  0.259275E-02 | IK=       4/      55 | t=   14.034200 s | CA=  2.5561 | fact=  2.5757 | GF=  8.9023 | solve=  8.2636 | scatter=  0.2556
f=     4.350 Hz | ky=  0.324093E-02 | IK=       5/      55 | t=   14.098900 s | CA=  2.6235 | fact=  2.5619 | GF=  8.9134 | solve=  8.2714 | scatter=  0.2586
f=     4.350 Hz | ky=  0.388912E-02 | IK=       6/      55 | t=   14.046000 s | CA=  2.5762 | fact=  2.5548 | GF=  8.9150 | solve=  8.2723 | scatter=  0.2598
f=     4.350 Hz | ky=  0.453730E-02 | IK=       7/      55 | t=   14.063400 s | CA=  2.5886 | fact=  2.5780 | GF=  8.8968 | solve=  8.2571 | scatter=  0.2568
f=     4.350 Hz | ky=  0.518549E-02 | IK=       8/      55 | t=   14.084800 s | CA=  2.6009 | fact=  2.5863 | GF=  8.8976 | solve=  8.2540 | scatter=  0.2609
f=     4.350 Hz | ky=  0.583368E-02 | IK=       9/      55 | t=   14.039300 s | CA=  2.5619 | fact=  2.5780 | GF=  8.8994 | solve=  8.2581 | scatter=  0.2583
f=     4.350 Hz | ky=  0.648186E-02 | IK=      10/      55 | t=   14.109600 s | CA=  2.5977 | fact=  2.5683 | GF=  8.9436 | solve=  8.3017 | scatter=  0.2589
PARDISO mem (f=  4.35 Hz): sym=  1.95 GB  perm=  1.42 GB  num=  3.22 GB  
peak=  4.64 GB
t_global   =    331.424 s
TIME for 2d forward modeling_i calc =  5.521733093261719 min
Rank    5 -> ID range:   4001 to   4800 | Tasks:    800
Rank    4 -> ID range:   3201 to   4000 | Tasks:    800
Rank    1 -> ID range:    801 to   1600 | Tasks:    800
Rank    2 -> ID range:   1601 to   2400 | Tasks:    800
Rank    3 -> ID range:   2401 to   3200 | Tasks:    800
  
 -------------- calculate Frechet derivatives -----------
 IFREQ =           5    ITERATION =           1
Frechet memory size Frec_my:      0.825 (Gb)
Rank    0 -> ID range:      1 to    800 | Tasks:    800
FREQ:      4.3 Hz, ITER=       1  Frechet Derivative ID=     100/    4800 Finished   0.223200 s
FREQ:      4.3 Hz, ITER=       1  Frechet Derivative ID=     200/    4800 Finished   0.225300 s
FREQ:      4.3 Hz, ITER=       1  Frechet Derivative ID=     300/    4800 Finished   0.223600 s
FREQ:      4.3 Hz, ITER=       1  Frechet Derivative ID=     400/    4800 Finished   0.218900 s
FREQ:      4.3 Hz, ITER=       1  Frechet Derivative ID=     500/    4800 Finished   0.220400 s
FREQ:      4.3 Hz, ITER=       1  Frechet Derivative ID=     600/    4800 Finished   0.257500 s
FREQ:      4.3 Hz, ITER=       1  Frechet Derivative ID=     700/    4800 Finished   0.208400 s
FREQ:      4.3 Hz, ITER=       1  Frechet Derivative ID=     800/    4800 Finished   0.202600 s
||Frechet||_F=  1.2420E-12max|Frechet|=  1.8940E-17
||Frechet||_F=  1.2420E-12max|Frechet|=  1.8940E-17
||Frechet||_F=  1.2420E-12max|Frechet|=  1.8940E-17
||Frechet||_F=  1.2420E-12max|Frechet|=  1.8940E-17
||Frechet||_F=  1.2420E-12max|Frechet|=  1.8940E-17
||Frechet||_F=  1.2420E-12max|Frechet|=  1.8940E-17
 
TIME for Frechet calc =  3.166638437906901 min
 
m_fine: min=  4.3267E+01  max=  1.0482E+02  mean=  8.2418E+01  ||.||2=  3.6891E+04  size=  185445
m_coarse_prev: min=  4.4105E+01  max=  1.0450E+02  mean=  8.2440E+01  ||.||2=  9.2017E+03  size=   11534
 
  compute the residual and the cost function
 WD_amp= 6.24298E+13  RESID_RMS= 1.16232E-03  FCOST_DATA= 6.75494E-07  FCOST0= 6.75494E-07
IA= 10  H(single F0) min= 0.00000E+00  max= 2.97545E-02
IA= 10  H(F0^2)     min= 0.00000E+00  max= 2.97545E-02
HESSD: ia=  10  min= 0.00000E+00  max= 3.36064E+04
IA= 10  H(single F0) min= 0.00000E+00  max= 2.97545E-02
IA= 10  H(F0^2)     min= 0.00000E+00  max= 2.97545E-02
HESSD: ia=  10  min= 0.00000E+00  max= 3.36064E+04
IA= 10  H(single F0) min= 0.00000E+00  max= 2.97545E-02
IA= 10  H(F0^2)     min= 0.00000E+00  max= 2.97545E-02
HESSD: ia=  10  min= 0.00000E+00  max= 3.36064E+04
IA= 10  H(single F0) min= 0.00000E+00  max= 2.97545E-02
IA= 10  H(F0^2)     min= 0.00000E+00  max= 2.97545E-02
HESSD: ia=  10  min= 0.00000E+00  max= 3.36064E+04
IA= 10  H(single F0) min= 0.00000E+00  max= 2.97545E-02
IA= 10  H(F0^2)     min= 0.00000E+00  max= 2.97545E-02
HESSD: ia=  10  min= 0.00000E+00  max= 3.36064E+04
IA= 10  H(single F0) min= 0.00000E+00  max= 2.97545E-02
IA= 10  H(F0^2)     min= 0.00000E+00  max= 2.97545E-02
HESSD: ia=  10  min= 0.00000E+00  max= 3.36064E+04
Grad block  10 GRAD_SCALED MORM =   5.7554E-05
Raw grad block 10  PAR={Q44}  min= -1.0134E-08  max=  1.1935E-08  L2=  4.8277E-08
Gradient finished
Start LBFGS 
LBFGS steepest step , iter=      1
  g·p = -4.1873E-07  ||p|| =  7.1087E-02
  min(p)= -3.6760E-03  max(p)=  6.0383E-03
LBFGS p_k (unscaled) stats per active parameter:
  IA= 10  PAR={Q44}  min=-5.04130E+00  max= 8.28108E+00  L2= 9.74901E+01
min(p_k)= -3.6760E-03  max(p_k)=  6.0383E-03  ||p_k||=  7.1087E-02
min(p_kf)= -3.6760E-03  max(p_kf)=  6.0383E-03  ||p_kf||=  2.8435E-01
p_k/p_kf  =   2.5000E-01
Start linesearch
BT entry: phi(0)=  6.7549E-07  g·p(0)= -4.1873E-07
 UPDATEPARAMETER: f-scale only
UPDATEPARAMETER PAR_STEP min/max, V_STEP min/max =  4.2002458764E+01  1.0481771673E+02
  4.2002458764E+01  1.0481771673E+02
REL STEP Q      : k= 10 row=  5 rmax_k=  1.2041E-01 row_scale=  1.0482E+02
BT cap probe: rmax1=  1.2041E-01  alpha_cap=  1.0000E+00  alpha00=  1.0000E+00
 UPDATEPARAMETER: f-scale only
UPDATEPARAMETER PAR_STEP min/max, V_STEP min/max =  4.2002458764E+01  1.0481771673E+02
  4.2002458764E+01  1.0481771673E+02
 running run_ik_loop_pardiso
before CA | VmRSS=  16.318 GB  VmHWM=  81.337 GB
after CA | VmRSS=  17.498 GB  VmHWM=  81.337 GB
after factor | VmRSS=  21.268 GB  VmHWM=  81.337 GB
f=     4.350 Hz | ky=  0.648186E-03 | IK=       1/      55 | t=   17.314900 s | CA=  2.5119 | fact= 12.8720 | GF=  1.9307 | solve=  1.7747 | scatter=  0.0532
f=     4.350 Hz | ky=  0.129637E-02 | IK=       2/      55 | t=    7.011300 s | CA=  2.5967 | fact=  2.5908 | GF=  1.8238 | solve=  1.6974 | scatter=  0.0528
f=     4.350 Hz | ky=  0.194456E-02 | IK=       3/      55 | t=    6.962000 s | CA=  2.5673 | fact=  2.5693 | GF=  1.8254 | solve=  1.6974 | scatter=  0.0544
f=     4.350 Hz | ky=  0.259275E-02 | IK=       4/      55 | t=    7.050500 s | CA=  2.6372 | fact=  2.5934 | GF=  1.8199 | solve=  1.6949 | scatter=  0.0514
f=     4.350 Hz | ky=  0.324093E-02 | IK=       5/      55 | t=    7.004900 s | CA=  2.6089 | fact=  2.5734 | GF=  1.8226 | solve=  1.6944 | scatter=  0.0547
f=     4.350 Hz | ky=  0.388912E-02 | IK=       6/      55 | t=    7.004400 s | CA=  2.6025 | fact=  2.5762 | GF=  1.8257 | solve=  1.6997 | scatter=  0.0526
f=     4.350 Hz | ky=  0.453730E-02 | IK=       7/      55 | t=    6.970200 s | CA=  2.5817 | fact=  2.5703 | GF=  1.8182 | solve=  1.6906 | scatter=  0.0542
f=     4.350 Hz | ky=  0.518549E-02 | IK=       8/      55 | t=    6.964800 s | CA=  2.5753 | fact=  2.5626 | GF=  1.8269 | solve=  1.6999 | scatter=  0.0535
f=     4.350 Hz | ky=  0.583368E-02 | IK=       9/      55 | t=    6.985900 s | CA=  2.5773 | fact=  2.5834 | GF=  1.8252 | solve=  1.6993 | scatter=  0.0524
f=     4.350 Hz | ky=  0.648186E-02 | IK=      10/      55 | t=    7.001000 s | CA=  2.6027 | fact=  2.5716 | GF=  1.8266 | solve=  1.6974 | scatter=  0.0556
PARDISO mem (f=  4.35 Hz): sym=  1.95 GB  perm=  1.42 GB  num=  3.22 GB  
peak=  4.64 GB
 WD_amp= 6.24298E+13  RESID_RMS= 1.86280E-03  FCOST_DATA= 1.73502E-06  FCOST0= 1.73502E-06
BT: alpha=  1.0000E+00  phi=  1.7350E-06  rhs=  6.7545E-07
 UPDATEPARAMETER: f-scale only
UPDATEPARAMETER PAR_STEP min/max, V_STEP min/max =  4.3475911626E+01  1.0480701841E+02
  4.3475911626E+01  1.0480701841E+02
 running run_ik_loop_pardiso
before CA | VmRSS=  16.912 GB  VmHWM=  81.337 GB
after CA | VmRSS=  17.670 GB  VmHWM=  81.337 GB
after factor | VmRSS=  21.423 GB  VmHWM=  81.337 GB
f=     4.350 Hz | ky=  0.648186E-03 | IK=       1/      55 | t=   17.291700 s | CA=  2.5211 | fact= 12.8432 | GF=  1.9272 | solve=  1.7707 | scatter=  0.0538
f=     4.350 Hz | ky=  0.129637E-02 | IK=       2/      55 | t=    6.993700 s | CA=  2.6062 | fact=  2.5577 | GF=  1.8298 | solve=  1.7024 | scatter=  0.0540
f=     4.350 Hz | ky=  0.194456E-02 | IK=       3/      55 | t=    6.959900 s | CA=  2.5779 | fact=  2.5589 | GF=  1.8231 | solve=  1.6946 | scatter=  0.0549
f=     4.350 Hz | ky=  0.259275E-02 | IK=       4/      55 | t=    7.025400 s | CA=  2.6148 | fact=  2.5791 | GF=  1.8314 | solve=  1.7025 | scatter=  0.0555
f=     4.350 Hz | ky=  0.324093E-02 | IK=       5/      55 | t=    6.976100 s | CA=  2.5732 | fact=  2.5746 | GF=  1.8283 | solve=  1.7009 | scatter=  0.0541
f=     4.350 Hz | ky=  0.388912E-02 | IK=       6/      55 | t=    7.042300 s | CA=  2.6265 | fact=  2.5836 | GF=  1.8322 | solve=  1.7037 | scatter=  0.0550
f=     4.350 Hz | ky=  0.453730E-02 | IK=       7/      55 | t=    6.982100 s | CA=  2.5841 | fact=  2.5707 | GF=  1.8272 | solve=  1.6991 | scatter=  0.0546
f=     4.350 Hz | ky=  0.518549E-02 | IK=       8/      55 | t=    6.991100 s | CA=  2.6099 | fact=  2.5559 | GF=  1.8252 | solve=  1.6982 | scatter=  0.0536
f=     4.350 Hz | ky=  0.583368E-02 | IK=       9/      55 | t=    6.962500 s | CA=  2.5746 | fact=  2.5704 | GF=  1.8174 | solve=  1.6911 | scatter=  0.0528
f=     4.350 Hz | ky=  0.648186E-02 | IK=      10/      55 | t=    7.003900 s | CA=  2.5898 | fact=  2.5850 | GF=  1.8291 | solve=  1.7017 | scatter=  0.0539
PARDISO mem (f=  4.35 Hz): sym=  1.95 GB  perm=  1.42 GB  num=  3.22 GB  
peak=  4.64 GB
 WD_amp= 6.24298E+13  RESID_RMS= 1.24122E-03  FCOST_DATA= 7.70317E-07  FCOST0= 7.70317E-07
BT: alpha=  5.0000E-01  phi=  7.7032E-07  rhs=  6.7547E-07
 UPDATEPARAMETER: f-scale only
UPDATEPARAMETER PAR_STEP min/max, V_STEP min/max =  4.3371410193E+01  1.0481402691E+02
  4.3371410193E+01  1.0481402691E+02
 running run_ik_loop_pardiso
before CA | VmRSS=  16.858 GB  VmHWM=  81.337 GB
after CA | VmRSS=  17.874 GB  VmHWM=  81.337 GB
after factor | VmRSS=  21.640 GB  VmHWM=  81.337 GB
f=     4.350 Hz | ky=  0.648186E-03 | IK=       1/      55 | t=   17.284200 s | CA=  2.5077 | fact= 12.8499 | GF=  1.9264 | solve=  1.7702 | scatter=  0.0531
f=     4.350 Hz | ky=  0.129637E-02 | IK=       2/      55 | t=    6.967200 s | CA=  2.5661 | fact=  2.5768 | GF=  1.8243 | solve=  1.6967 | scatter=  0.0540
f=     4.350 Hz | ky=  0.194456E-02 | IK=       3/      55 | t=    7.007000 s | CA=  2.6041 | fact=  2.5791 | GF=  1.8238 | solve=  1.6970 | scatter=  0.0531
f=     4.350 Hz | ky=  0.259275E-02 | IK=       4/      55 | t=    6.967000 s | CA=  2.5855 | fact=  2.5555 | GF=  1.8260 | solve=  1.6993 | scatter=  0.0531
f=     4.350 Hz | ky=  0.324093E-02 | IK=       5/      55 | t=    6.978900 s | CA=  2.5896 | fact=  2.5654 | GF=  1.8239 | solve=  1.6972 | scatter=  0.0531
f=     4.350 Hz | ky=  0.388912E-02 | IK=       6/      55 | t=    6.933600 s | CA=  2.5588 | fact=  2.5477 | GF=  1.8270 | solve=  1.7019 | scatter=  0.0516
f=     4.350 Hz | ky=  0.453730E-02 | IK=       7/      55 | t=    6.963900 s | CA=  2.5893 | fact=  2.5504 | GF=  1.8241 | solve=  1.6943 | scatter=  0.0564
f=     4.350 Hz | ky=  0.518549E-02 | IK=       8/      55 | t=    6.952700 s | CA=  2.5822 | fact=  2.5404 | GF=  1.8300 | solve=  1.7022 | scatter=  0.0543
f=     4.350 Hz | ky=  0.583368E-02 | IK=       9/      55 | t=    6.975800 s | CA=  2.5697 | fact=  2.5787 | GF=  1.8274 | solve=  1.7001 | scatter=  0.0537
f=     4.350 Hz | ky=  0.648186E-02 | IK=      10/      55 | t=    7.011100 s | CA=  2.6021 | fact=  2.5774 | GF=  1.8315 | solve=  1.7046 | scatter=  0.0534
PARDISO mem (f=  4.35 Hz): sym=  1.95 GB  perm=  1.42 GB  num=  3.22 GB  
peak=  4.64 GB
  
 WD_amp= 6.24298E+13  RESID_RMS= 1.10920E-03  FCOST_DATA= 6.15165E-07  FCOST0= 6.15165E-07
  
BT: alpha=  2.5000E-01  phi=  6.1517E-07  rhs=  6.7548E-07
  
  
Convergence reached, updating parameter grid
ALPHA from line search =  .2500000000000000
 FCOST0 after linesearch  6.151654041202136E-007
Norm of s (s_norm) =  .1777179868442470E-01
  
  
Time for LBFGS =  5.789201863606771 min
  
 Frequency:           5 Iteration:           2
t_global   =    329.925 s
  
 -------------- calculate Frechet derivatives -----------
 IFREQ =           5    ITERATION =           2
||Frechet||_F=  1.2425E-12max|Frechet|=  1.8940E-17
||Frechet||_F=  1.2425E-12max|Frechet|=  1.8940E-17
||Frechet||_F=  1.2425E-12max|Frechet|=  1.8940E-17
||Frechet||_F=  1.2425E-12max|Frechet|=  1.8940E-17
||Frechet||_F=  1.2425E-12max|Frechet|=  1.8940E-17
||Frechet||_F=  1.2425E-12max|Frechet|=  1.8940E-17
 
TIME for Frechet calc =  3.009608459472656 min
 
 
  compute the residual and the cost function
 WD_amp= 6.24298E+13  RESID_RMS= 1.10920E-03  FCOST_DATA= 6.15165E-07  FCOST0= 6.15165E-07
Grad block  10 GRAD_SCALED MORM =   5.2915E-05
Raw grad block 10  PAR={Q44}  min= -8.0340E-09  max=  1.0099E-08  L2=  4.3473E-08
Gradient finished
Start LBFGS 
curvature (warm): s·y=  1.3110E-07  ||s||^2=  3.1584E-04  ||y||^2=  4.4116E-10  sTy_min=  3.7328E-08
LBFGS step: g·p = -5.5538E-07  ||p||=  1.3119E-01
LBFGS step: min(p)= -7.5968E-03  max(p)=  1.0365E-02
LBFGS p_k (unscaled) stats per active parameter:
  IA= 10  PAR={Q44}  min=-1.04184E+01  max= 1.42150E+01  L2= 1.79913E+02
min(p_k)= -7.5968E-03  max(p_k)=  1.0365E-02  ||p_k||=  1.3119E-01
min(p_kf)= -7.5968E-03  max(p_kf)=  1.0365E-02  ||p_kf||=  5.2475E-01
p_k/p_kf  =   2.5000E-01
Start linesearch
MT entry: phi(0)=  6.1517E-07  dg0= -5.5538E-07  alpha0=  1.0000E+00
 UPDATEPARAMETER: f-scale only
UPDATEPARAMETER PAR_STEP min/max, V_STEP min/max =  4.0314863119E+01  1.0485775101E+02
  4.0314863119E+01  1.0485775101E+02
 WD_amp= 6.24298E+13  RESID_RMS= 2.84270E-03  FCOST_DATA= 4.04046E-06  FCOST0= 4.04046E-06
  
 -------------- calculate Frechet derivatives -----------
 IFREQ =           5    ITERATION =           2
||Frechet||_F=  1.2326E-12max|Frechet|=  1.8943E-17
||Frechet||_F=  1.2326E-12max|Frechet|=  1.8943E-17
||Frechet||_F=  1.2326E-12max|Frechet|=  1.8943E-17
||Frechet||_F=  1.2326E-12max|Frechet|=  1.8943E-17
||Frechet||_F=  1.2326E-12max|Frechet|=  1.8943E-17
||Frechet||_F=  1.2326E-12max|Frechet|=  1.8943E-17
Grad block  10 GRAD_SCALED MORM =   1.7161E-04
MT try: alpha=  1.0000E+00  phi=  4.0405E-06  dg=  4.1528E-06  dg0= -5.5538E-07
MT try: armijo_rhs=  6.1511E-07  armijo=F  curvature=F  task=FG
 UPDATEPARAMETER: f-scale only
UPDATEPARAMETER PAR_STEP min/max, V_STEP min/max =  4.3397633370E+01  1.0481196655E+02
  4.3397633370E+01  1.0481196655E+02
 WD_amp= 6.24298E+13  RESID_RMS= 1.09227E-03  FCOST_DATA= 5.96530E-07  FCOST0= 5.96530E-07
  
 -------------- calculate Frechet derivatives -----------
 IFREQ =           5    ITERATION =           2
||Frechet||_F=  1.2420E-12max|Frechet|=  1.8940E-17
||Frechet||_F=  1.2420E-12max|Frechet|=  1.8940E-17
||Frechet||_F=  1.2420E-12max|Frechet|=  1.8940E-17
||Frechet||_F=  1.2420E-12max|Frechet|=  1.8940E-17
||Frechet||_F=  1.2420E-12max|Frechet|=  1.8940E-17
||Frechet||_F=  1.2420E-12max|Frechet|=  1.8940E-17
Grad block  10 GRAD_SCALED MORM =   4.9992E-05
MT try: alpha=  3.9436E-02  phi=  5.9653E-07  dg= -3.4538E-07  dg0= -5.5538E-07
MT try: armijo_rhs=  6.1516E-07  armijo=T  curvature=T  task=FG
  
  
  
  
  
Convergence reached, updating parameter grid
ALPHA from line search =  .3943645167698763E-01
 FCOST0 after linesearch  5.965295832162754E-007
Norm of s (s_norm) =  .5173594793511483E-02
  
Time for LBFGS =  16.99085489908854 min
  
 Frequency:           5 Iteration:           3
t_global   =    331.942 s
  
 -------------- calculate Frechet derivatives -----------
 IFREQ =           5    ITERATION =           3
||Frechet||_F=  1.2420E-12max|Frechet|=  1.8940E-17
||Frechet||_F=  1.2420E-12max|Frechet|=  1.8940E-17
||Frechet||_F=  1.2420E-12max|Frechet|=  1.8940E-17
||Frechet||_F=  1.2420E-12max|Frechet|=  1.8940E-17
||Frechet||_F=  1.2420E-12max|Frechet|=  1.8940E-17
||Frechet||_F=  1.2420E-12max|Frechet|=  1.8940E-17
 
TIME for Frechet calc =  3.061396789550781 min
 
 
  compute the residual and the cost function
 WD_amp= 6.24298E+13  RESID_RMS= 1.09227E-03  FCOST_DATA= 5.96530E-07  FCOST0= 5.96530E-07
Grad block  10 GRAD_SCALED MORM =   4.9992E-05
Gradient finished
Start LBFGS 
curvature (warm): s·y=  8.2817E-09  ||s||^2=  2.6766E-05  ||y||^2=  3.2816E-11  sTy_min=  2.9637E-09
LBFGS history: used= 1  skipped= 1  worst_col= 4  bad_s·y=  8.2817E-09  bad_cos_sy=  2.7944E-01
LBFGS step: g·p = -2.4561E-07  ||p||=  8.6351E-02
LBFGS step: min(p)= -5.6662E-03  max(p)=  6.4916E-03
LBFGS p_k (unscaled) stats per active parameter:
  IA= 10  PAR={Q44}  min=-7.77066E+00  max= 8.90270E+00  L2= 1.18423E+02
min(p_k)= -5.6662E-03  max(p_k)=  6.4916E-03  ||p_k||=  8.6351E-02
min(p_kf)= -5.6662E-03  max(p_kf)=  6.4916E-03  ||p_kf||=  3.4541E-01
p_k/p_kf  =   2.5000E-01
Start linesearch
MT entry: phi(0)=  5.9653E-07  dg0= -2.4561E-07  alpha0=  1.0000E+00
 UPDATEPARAMETER: f-scale only
UPDATEPARAMETER PAR_STEP min/max, V_STEP min/max =  4.2714319974E+01  1.0484343976E+02
  4.2714319974E+01  1.0484343976E+02
 WD_amp= 6.24298E+13  RESID_RMS= 1.77077E-03  FCOST_DATA= 1.56781E-06  FCOST0= 1.56781E-06
  
 -------------- calculate Frechet derivatives -----------
 IFREQ =           5    ITERATION =           3
||Frechet||_F=  1.2368E-12max|Frechet|=  1.8940E-17
||Frechet||_F=  1.2368E-12max|Frechet|=  1.8940E-17
||Frechet||_F=  1.2368E-12max|Frechet|=  1.8940E-17
||Frechet||_F=  1.2368E-12max|Frechet|=  1.8940E-17
||Frechet||_F=  1.2368E-12max|Frechet|=  1.8940E-17
||Frechet||_F=  1.2368E-12max|Frechet|=  1.8940E-17
Grad block  10 GRAD_SCALED MORM =   9.2158E-05
MT try: alpha=  1.0000E+00  phi=  1.5678E-06  dg=  1.0296E-06  dg0= -2.4561E-07
MT try: armijo_rhs=  5.9651E-07  armijo=F  curvature=F  task=FG
 UPDATEPARAMETER: f-scale only
UPDATEPARAMETER PAR_STEP min/max, V_STEP min/max =  4.3420149293E+01  1.0480994106E+02
  4.3420149293E+01  1.0480994106E+02
 WD_amp= 6.24298E+13  RESID_RMS= 1.08262E-03  FCOST_DATA= 5.86033E-07  FCOST0= 5.86033E-07
  
 -------------- calculate Frechet derivatives -----------
 IFREQ =           5    ITERATION =           3
||Frechet||_F=  1.2416E-12max|Frechet|=  1.8940E-17
||Frechet||_F=  1.2416E-12max|Frechet|=  1.8940E-17
||Frechet||_F=  1.2416E-12max|Frechet|=  1.8940E-17
||Frechet||_F=  1.2416E-12max|Frechet|=  1.8940E-17
||Frechet||_F=  1.2416E-12max|Frechet|=  1.8940E-17
||Frechet||_F=  1.2416E-12max|Frechet|=  1.8940E-17
Grad block  10 GRAD_SCALED MORM =   4.8311E-05
MT try: alpha=  5.3817E-02  phi=  5.8603E-07  dg= -1.7334E-07  dg0= -2.4561E-07
MT try: armijo_rhs=  5.9653E-07  armijo=T  curvature=T  task=FG
  
  
  
  
  
Convergence reached, updating parameter grid
ALPHA from line search =  .5381663153817876E-01
 FCOST0 after linesearch  5.860327882971080E-007
Norm of s (s_norm) =  .4647133568286111E-02
  
Convergence check at iteration    3
  Relative cost decrease  =  1.7596E-02
  Relative model update   =  0.0000E+00
  Relative grad. norm     =  9.1517E-01
Time for LBFGS =  16.93987019856771 min
  
 Frequency:           5 Iteration:           4
t_global   =    331.862 s
  
 -------------- calculate Frechet derivatives -----------
 IFREQ =           5    ITERATION =           4
||Frechet||_F=  1.2416E-12max|Frechet|=  1.8940E-17
||Frechet||_F=  1.2416E-12max|Frechet|=  1.8940E-17
||Frechet||_F=  1.2416E-12max|Frechet|=  1.8940E-17
||Frechet||_F=  1.2416E-12max|Frechet|=  1.8940E-17
||Frechet||_F=  1.2416E-12max|Frechet|=  1.8940E-17
||Frechet||_F=  1.2416E-12max|Frechet|=  1.8940E-17
 
TIME for Frechet calc =  3.003703308105469 min
 
 
  compute the residual and the cost function
 WD_amp= 6.24298E+13  RESID_RMS= 1.08262E-03  FCOST_DATA= 5.86033E-07  FCOST0= 5.86033E-07
Grad block  10 GRAD_SCALED MORM =   4.8311E-05
Gradient finished
Start LBFGS 
curvature (warm): s·y=  3.8895E-09  ||s||^2=  2.1596E-05  ||y||^2=  1.3313E-11  sTy_min=  1.6956E-09
LBFGS history: used= 1  skipped= 2  worst_col= 3  bad_s·y=  3.8895E-09  bad_cos_sy=  2.2938E-01
LBFGS step: g·p = -1.4345E-07  ||p||=  5.9909E-02
LBFGS step: min(p)= -4.2934E-03  max(p)=  3.9774E-03
LBFGS p_k (unscaled) stats per active parameter:
  IA= 10  PAR={Q44}  min=-5.88800E+00  max= 5.45469E+00  L2= 8.21596E+01
min(p_k)= -4.2934E-03  max(p_k)=  3.9774E-03  ||p_k||=  5.9909E-02
min(p_kf)= -4.2934E-03  max(p_kf)=  3.9774E-03  ||p_kf||=  2.3963E-01
p_k/p_kf  =   2.5000E-01
Start linesearch
MT entry: phi(0)=  5.8603E-07  dg0= -1.4345E-07  alpha0=  1.0000E+00
 UPDATEPARAMETER: f-scale only
UPDATEPARAMETER PAR_STEP min/max, V_STEP min/max =  4.3697248430E+01  1.0483694957E+02
  4.3697248430E+01  1.0483694957E+02
 WD_amp= 6.24298E+13  RESID_RMS= 1.30657E-03  FCOST_DATA= 8.53563E-07  FCOST0= 8.53563E-07
  
 -------------- calculate Frechet derivatives -----------
 IFREQ =           5    ITERATION =           4
||Frechet||_F=  1.2391E-12max|Frechet|=  1.8939E-17
||Frechet||_F=  1.2391E-12max|Frechet|=  1.8939E-17
||Frechet||_F=  1.2391E-12max|Frechet|=  1.8939E-17
||Frechet||_F=  1.2391E-12max|Frechet|=  1.8939E-17
||Frechet||_F=  1.2391E-12max|Frechet|=  1.8939E-17
||Frechet||_F=  1.2391E-12max|Frechet|=  1.8939E-17
Grad block  10 GRAD_SCALED MORM =   5.4042E-05
MT try: alpha=  1.0000E+00  phi=  8.5356E-07  dg=  1.9071E-07  dg0= -1.4345E-07
MT try: armijo_rhs=  5.8602E-07  armijo=F  curvature=F  task=FG
 UPDATEPARAMETER: f-scale only
UPDATEPARAMETER PAR_STEP min/max, V_STEP min/max =  4.3443923039E+01  1.0480766265E+02
  4.3443923039E+01  1.0480766265E+02
 WD_amp= 6.24298E+13  RESID_RMS= 1.07365E-03  FCOST_DATA= 5.76365E-07  FCOST0= 5.76365E-07
  
 -------------- calculate Frechet derivatives -----------
 IFREQ =           5    ITERATION =           4
||Frechet||_F=  1.2413E-12max|Frechet|=  1.8940E-17
||Frechet||_F=  1.2413E-12max|Frechet|=  1.8940E-17
||Frechet||_F=  1.2413E-12max|Frechet|=  1.8940E-17
||Frechet||_F=  1.2413E-12max|Frechet|=  1.8940E-17
||Frechet||_F=  1.2413E-12max|Frechet|=  1.8940E-17
||Frechet||_F=  1.2413E-12max|Frechet|=  1.8940E-17
Grad block  10 GRAD_SCALED MORM =   4.7001E-05
MT try: alpha=  8.5795E-02  phi=  5.7636E-07  dg= -1.1424E-07  dg0= -1.4345E-07
MT try: armijo_rhs=  5.8603E-07  armijo=T  curvature=T  task=FG
  
  
  
  
  
Convergence reached, updating parameter grid
ALPHA from line search =  .8579509242507322E-01
 FCOST0 after linesearch  5.763649104777593E-007
Norm of s (s_norm) =  .5139866670173379E-02
  
Convergence check at iteration    4
  Relative cost decrease  =  1.6497E-02
  Relative model update   =  0.0000E+00
  Relative grad. norm     =  7.0647E-01
Time for LBFGS =  16.98682861328125 min
  
 Frequency:           5 Iteration:           5
t_global   =    332.272 s
  
 -------------- calculate Frechet derivatives -----------
 IFREQ =           5    ITERATION =           5
||Frechet||_F=  1.2413E-12max|Frechet|=  1.8940E-17
||Frechet||_F=  1.2413E-12max|Frechet|=  1.8940E-17
||Frechet||_F=  1.2413E-12max|Frechet|=  1.8940E-17
||Frechet||_F=  1.2413E-12max|Frechet|=  1.8940E-17
||Frechet||_F=  1.2413E-12max|Frechet|=  1.8940E-17
||Frechet||_F=  1.2413E-12max|Frechet|=  1.8940E-17
 
TIME for Frechet calc =  3.000804901123047 min
 
 
  compute the residual and the cost function
 WD_amp= 6.24298E+13  RESID_RMS= 1.07365E-03  FCOST_DATA= 5.76365E-07  FCOST0= 5.76365E-07
Grad block  10 GRAD_SCALED MORM =   4.7001E-05
Gradient finished
Start LBFGS 
curvature (warm): s·y=  2.5062E-09  ||s||^2=  2.6418E-05  ||y||^2=  5.8221E-12  sTy_min=  1.2402E-09
LBFGS history: used= 1  skipped= 3  worst_col= 2  bad_s·y=  2.5062E-09  bad_cos_sy=  2.0208E-01
LBFGS step: g·p = -9.9910E-08  ||p||=  4.5505E-02
LBFGS step: min(p)= -3.2877E-03  max(p)=  2.6198E-03
LBFGS p_k (unscaled) stats per active parameter:
  IA= 10  PAR={Q44}  min=-4.50884E+00  max= 3.59287E+00  L2= 6.24058E+01
min(p_k)= -3.2877E-03  max(p_k)=  2.6198E-03  ||p_k||=  4.5505E-02
min(p_kf)= -3.2877E-03  max(p_kf)=  2.6198E-03  ||p_kf||=  1.8202E-01
p_k/p_kf  =   2.5000E-01
Start linesearch
MT entry: phi(0)=  5.7636E-07  dg0= -9.9910E-08  alpha0=  1.0000E+00
 UPDATEPARAMETER: f-scale only
UPDATEPARAMETER PAR_STEP min/max, V_STEP min/max =  4.3625970894E+01  1.0483787412E+02
  4.3625970894E+01  1.0483787412E+02
 WD_amp= 6.24298E+13  RESID_RMS= 1.15266E-03  FCOST_DATA= 6.64308E-07  FCOST0= 6.64308E-07
  
 -------------- calculate Frechet derivatives -----------
 IFREQ =           5    ITERATION =           5
||Frechet||_F=  1.2411E-12max|Frechet|=  1.8938E-17
||Frechet||_F=  1.2411E-12max|Frechet|=  1.8938E-17
||Frechet||_F=  1.2411E-12max|Frechet|=  1.8938E-17
||Frechet||_F=  1.2411E-12max|Frechet|=  1.8938E-17
||Frechet||_F=  1.2411E-12max|Frechet|=  1.8938E-17
||Frechet||_F=  1.2411E-12max|Frechet|=  1.8938E-17
Grad block  10 GRAD_SCALED MORM =   4.6033E-05
MT try: alpha=  1.0000E+00  phi=  6.6431E-07  dg=  4.2510E-08  dg0= -9.9910E-08
MT try: armijo_rhs=  5.7635E-07  armijo=F  curvature=T  task=FG
 UPDATEPARAMETER: f-scale only
UPDATEPARAMETER PAR_STEP min/max, V_STEP min/max =  4.3468209425E+01  1.0480674892E+02
  4.3468209425E+01  1.0480674892E+02
 WD_amp= 6.24298E+13  RESID_RMS= 1.06419E-03  FCOST_DATA= 5.66248E-07  FCOST0= 5.66248E-07
  
 -------------- calculate Frechet derivatives -----------
 IFREQ =           5    ITERATION =           5
||Frechet||_F=  1.2413E-12max|Frechet|=  1.8940E-17
||Frechet||_F=  1.2413E-12max|Frechet|=  1.8940E-17
||Frechet||_F=  1.2413E-12max|Frechet|=  1.8940E-17
||Frechet||_F=  1.2413E-12max|Frechet|=  1.8940E-17
||Frechet||_F=  1.2413E-12max|Frechet|=  1.8940E-17
||Frechet||_F=  1.2413E-12max|Frechet|=  1.8940E-17
Grad block  10 GRAD_SCALED MORM =   4.6018E-05
MT try: alpha=  1.3341E-01  phi=  5.6625E-07  dg= -8.1202E-08  dg0= -9.9910E-08
MT try: armijo_rhs=  5.7636E-07  armijo=T  curvature=T  task=FG
  
  
  
  
  
Convergence reached, updating parameter grid
ALPHA from line search =  .1334066016740163
 FCOST0 after linesearch  5.662482479228697E-007
Norm of s (s_norm) =  .6070616428469118E-02
  
Convergence check at iteration    5
  Relative cost decrease  =  1.7553E-02
  Relative model update   =  0.0000E+00
  Relative grad. norm     =  5.8375E-01
Time for LBFGS =  16.92610473632812 min
  
 Frequency:           5 Iteration:           6
t_global   =    329.729 s
  
 -------------- calculate Frechet derivatives -----------
 IFREQ =           5    ITERATION =           6
||Frechet||_F=  1.2413E-12max|Frechet|=  1.8940E-17
||Frechet||_F=  1.2413E-12max|Frechet|=  1.8940E-17
||Frechet||_F=  1.2413E-12max|Frechet|=  1.8940E-17
||Frechet||_F=  1.2413E-12max|Frechet|=  1.8940E-17
||Frechet||_F=  1.2413E-12max|Frechet|=  1.8940E-17
||Frechet||_F=  1.2413E-12max|Frechet|=  1.8940E-17
 
TIME for Frechet calc =  2.983868408203125 min
 
 
  compute the residual and the cost function
 WD_amp= 6.24298E+13  RESID_RMS= 1.06419E-03  FCOST_DATA= 5.66248E-07  FCOST0= 5.66248E-07
Grad block  10 GRAD_SCALED MORM =   4.6018E-05
Gradient finished
Start LBFGS 
curvature (warm): s·y=  2.4957E-09  ||s||^2=  3.6852E-05  ||y||^2=  2.7521E-12  sTy_min=  1.0071E-09
LBFGS history: used= 1  skipped= 4  worst_col= 1  bad_s·y=  2.4957E-09  bad_cos_sy=  2.4781E-01
LBFGS step: g·p = -7.1392E-08  ||p||=  3.8604E-02
LBFGS step: min(p)= -2.7814E-03  max(p)=  2.1155E-03
LBFGS p_k (unscaled) stats per active parameter:
  IA= 10  PAR={Q44}  min=-3.81445E+00  max= 2.90125E+00  L2= 5.29420E+01
min(p_k)= -2.7814E-03  max(p_k)=  2.1155E-03  ||p_k||=  3.8604E-02
min(p_kf)= -2.7814E-03  max(p_kf)=  2.1155E-03  ||p_kf||=  1.5442E-01
p_k/p_kf  =   2.5000E-01
Start linesearch
MT entry: phi(0)=  5.6625E-07  dg0= -7.1392E-08  alpha0=  1.0000E+00
 UPDATEPARAMETER: f-scale only
UPDATEPARAMETER PAR_STEP min/max, V_STEP min/max =  4.3650515100E+01  1.0484840407E+02
  4.3650515100E+01  1.0484840407E+02
 WD_amp= 6.24298E+13  RESID_RMS= 1.12640E-03  FCOST_DATA= 6.34390E-07  FCOST0= 6.34390E-07
  
 -------------- calculate Frechet derivatives -----------
 IFREQ =           5    ITERATION =           6
||Frechet||_F=  1.2404E-12max|Frechet|=  1.8938E-17
||Frechet||_F=  1.2404E-12max|Frechet|=  1.8938E-17
||Frechet||_F=  1.2404E-12max|Frechet|=  1.8938E-17
||Frechet||_F=  1.2404E-12max|Frechet|=  1.8938E-17
||Frechet||_F=  1.2404E-12max|Frechet|=  1.8938E-17
||Frechet||_F=  1.2404E-12max|Frechet|=  1.8938E-17
Grad block  10 GRAD_SCALED MORM =   4.6946E-05
MT try: alpha=  1.0000E+00  phi=  6.3439E-07  dg=  1.0948E-08  dg0= -7.1392E-08
MT try: armijo_rhs=  5.6624E-07  armijo=F  curvature=T  task=FG
 UPDATEPARAMETER: f-scale only
UPDATEPARAMETER PAR_STEP min/max, V_STEP min/max =  4.3489807710E+01  1.0481168393E+02
  4.3489807710E+01  1.0481168393E+02
 WD_amp= 6.24298E+13  RESID_RMS= 1.06132E-03  FCOST_DATA= 5.63201E-07  FCOST0= 5.63201E-07
  
 -------------- calculate Frechet derivatives -----------
 IFREQ =           5    ITERATION =           6
||Frechet||_F=  1.2411E-12max|Frechet|=  1.8940E-17
||Frechet||_F=  1.2411E-12max|Frechet|=  1.8940E-17
||Frechet||_F=  1.2411E-12max|Frechet|=  1.8940E-17
||Frechet||_F=  1.2411E-12max|Frechet|=  1.8940E-17
||Frechet||_F=  1.2411E-12max|Frechet|=  1.8940E-17
||Frechet||_F=  1.2411E-12max|Frechet|=  1.8940E-17
Grad block  10 GRAD_SCALED MORM =   4.5460E-05
MT try: alpha=  1.1847E-01  phi=  5.6320E-07  dg= -6.1520E-08  dg0= -7.1392E-08
MT try: armijo_rhs=  5.6625E-07  armijo=T  curvature=T  task=FG
  
  
  
  
  
Convergence reached, updating parameter grid
ALPHA from line search =  .1184729154376669
 FCOST0 after linesearch  5.632009195371952E-007
Norm of s (s_norm) =  .4573519483047107E-02
  
Convergence check at iteration    6
  Relative cost decrease  =  5.3816E-03
  Relative model update   =  0.0000E+00
  Relative grad. norm     =  5.2345E-01
Time for LBFGS =  17.02219543457031 min
  
 Frequency:           5 Iteration:           7
t_global   =    332.104 s
  
 -------------- calculate Frechet derivatives -----------
 IFREQ =           5    ITERATION =           7
||Frechet||_F=  1.2411E-12max|Frechet|=  1.8940E-17
||Frechet||_F=  1.2411E-12max|Frechet|=  1.8940E-17
||Frechet||_F=  1.2411E-12max|Frechet|=  1.8940E-17
||Frechet||_F=  1.2411E-12max|Frechet|=  1.8940E-17
||Frechet||_F=  1.2411E-12max|Frechet|=  1.8940E-17
||Frechet||_F=  1.2411E-12max|Frechet|=  1.8940E-17
 
TIME for Frechet calc =  2.991788228352865 min
 
 
  compute the residual and the cost function
 WD_amp= 6.24298E+13  RESID_RMS= 1.06132E-03  FCOST_DATA= 5.63201E-07  FCOST0= 5.63201E-07
Grad block  10 GRAD_SCALED MORM =   4.5460E-05
Gradient finished
Start LBFGS 
curvature (full): s·y=  1.1696E-09  ||s||^2=  2.0917E-05  ||y||^2=  3.9734E-12  sTy_min=  9.1165E-10
LBFGS history: used= 0  skipped= 5  worst_col= 1  bad_s·y=  1.1696E-09  bad_cos_sy=  1.2829E-01
 
LBFGS step(full): g·p = -1.0315E-07  ||p||=  3.4443E-02
LBFGS step(full): min(p)= -2.7667E-03  max(p)=  1.9321E-03
LBFGS p_k (unscaled) stats per active parameter:
  IA= 10  PAR={Q44}  min=-3.79430E+00  max= 2.64965E+00  L2= 4.72361E+01
min(p_k)= -2.7667E-03  max(p_k)=  1.9321E-03  ||p_k||=  3.4443E-02
min(p_kf)= -2.7667E-03  max(p_kf)=  1.9321E-03  ||p_kf||=  1.3777E-01
p_k/p_kf  =   2.5000E-01
Start linesearch
MT entry: phi(0)=  5.6320E-07  dg0= -1.0315E-07  alpha0=  1.0000E+00
 UPDATEPARAMETER: f-scale only
UPDATEPARAMETER PAR_STEP min/max, V_STEP min/max =  4.3491950337E+01  1.0484947332E+02
  4.3491950337E+01  1.0484947332E+02
 WD_amp= 6.24298E+13  RESID_RMS= 1.45853E-03  FCOST_DATA= 1.06365E-06  FCOST0= 1.06365E-06
  
 -------------- calculate Frechet derivatives -----------
 IFREQ =           5    ITERATION =           7
||Frechet||_F=  1.2402E-12max|Frechet|=  1.8935E-17
||Frechet||_F=  1.2402E-12max|Frechet|=  1.8935E-17
||Frechet||_F=  1.2402E-12max|Frechet|=  1.8935E-17
||Frechet||_F=  1.2402E-12max|Frechet|=  1.8935E-17
||Frechet||_F=  1.2402E-12max|Frechet|=  1.8935E-17
||Frechet||_F=  1.2402E-12max|Frechet|=  1.8935E-17
Grad block  10 GRAD_SCALED MORM =   1.0100E-04
MT try: alpha=  1.0000E+00  phi=  1.0637E-06  dg=  7.1203E-07  dg0= -1.0315E-07
MT try: armijo_rhs=  5.6319E-07  armijo=F  curvature=F  task=FG
 UPDATEPARAMETER: f-scale only
UPDATEPARAMETER PAR_STEP min/max, V_STEP min/max =  4.3489922323E+01  1.0481370535E+02
  4.3489922323E+01  1.0481370535E+02
 WD_amp= 6.24298E+13  RESID_RMS= 1.05573E-03  FCOST_DATA= 5.57281E-07  FCOST0= 5.57281E-07
  
 -------------- calculate Frechet derivatives -----------
 IFREQ =           5    ITERATION =           7
||Frechet||_F=  1.2411E-12max|Frechet|=  1.8939E-17
||Frechet||_F=  1.2411E-12max|Frechet|=  1.8939E-17
||Frechet||_F=  1.2411E-12max|Frechet|=  1.8939E-17
||Frechet||_F=  1.2411E-12max|Frechet|=  1.8939E-17
||Frechet||_F=  1.2411E-12max|Frechet|=  1.8939E-17
||Frechet||_F=  1.2411E-12max|Frechet|=  1.8939E-17
Grad block  10 GRAD_SCALED MORM =   4.5675E-05
MT try: alpha=  5.3492E-02  phi=  5.5728E-07  dg= -5.8981E-08  dg0= -1.0315E-07
MT try: armijo_rhs=  5.6320E-07  armijo=T  curvature=T  task=FG
  
  
  
  
  
Convergence reached, updating parameter grid
ALPHA from line search =  .5349171070270490E-01
 FCOST0 after linesearch  5.572806741744002E-007
Norm of s (s_norm) =  .1842431373224319E-02
  
Convergence check at iteration    7
  Relative cost decrease  =  1.0512E-02
  Relative model update   =  0.0000E+00
  Relative grad. norm     =  3.5751E-01
Time for LBFGS =  17.10067342122396 min
  
 Frequency:           5 Iteration:           8
t_global   =    331.727 s
  
 -------------- calculate Frechet derivatives -----------
 IFREQ =           5    ITERATION =           8
||Frechet||_F=  1.2411E-12max|Frechet|=  1.8939E-17
||Frechet||_F=  1.2411E-12max|Frechet|=  1.8939E-17
||Frechet||_F=  1.2411E-12max|Frechet|=  1.8939E-17
||Frechet||_F=  1.2411E-12max|Frechet|=  1.8939E-17
||Frechet||_F=  1.2411E-12max|Frechet|=  1.8939E-17
||Frechet||_F=  1.2411E-12max|Frechet|=  1.8939E-17
 
TIME for Frechet calc =  3.016619873046875 min
 
 
  compute the residual and the cost function
 WD_amp= 6.24298E+13  RESID_RMS= 1.05573E-03  FCOST_DATA= 5.57281E-07  FCOST0= 5.57281E-07
Grad block  10 GRAD_SCALED MORM =   4.5675E-05
Gradient finished
Start LBFGS 
curvature (full): s·y=  2.3627E-09  ||s||^2=  3.3946E-06  ||y||^2=  1.2881E-11  sTy_min=  6.6125E-10
LBFGS history: used= 0  skipped= 5  worst_col= 2  bad_s·y=  1.1696E-09  bad_cos_sy=  1.2829E-01
 
LBFGS step(full): g·p = -5.8151E-08  ||p||=  3.0012E-02
LBFGS step(full): min(p)= -2.4380E-03  max(p)=  1.7499E-03
LBFGS p_k (unscaled) stats per active parameter:
  IA= 10  PAR={Q44}  min=-3.34349E+00  max= 2.39987E+00  L2= 4.11583E+01
min(p_k)= -2.4380E-03  max(p_k)=  1.7499E-03  ||p_k||=  3.0012E-02
min(p_kf)= -2.4380E-03  max(p_kf)=  1.7499E-03  ||p_kf||=  1.2005E-01
p_k/p_kf  =   2.5000E-01
Start linesearch
MT entry: phi(0)=  5.5728E-07  dg0= -5.8151E-08  alpha0=  1.0000E+00
 UPDATEPARAMETER: f-scale only
UPDATEPARAMETER PAR_STEP min/max, V_STEP min/max =  4.3583305399E+01  1.0485575184E+02
  4.3583305399E+01  1.0485575184E+02
 WD_amp= 6.24298E+13  RESID_RMS= 1.12568E-03  FCOST_DATA= 6.33574E-07  FCOST0= 6.33574E-07
  
 -------------- calculate Frechet derivatives -----------
 IFREQ =           5    ITERATION =           8
||Frechet||_F=  1.2411E-12max|Frechet|=  1.8937E-17
||Frechet||_F=  1.2411E-12max|Frechet|=  1.8937E-17
||Frechet||_F=  1.2411E-12max|Frechet|=  1.8937E-17
||Frechet||_F=  1.2411E-12max|Frechet|=  1.8937E-17
||Frechet||_F=  1.2411E-12max|Frechet|=  1.8937E-17
||Frechet||_F=  1.2411E-12max|Frechet|=  1.8937E-17
Grad block  10 GRAD_SCALED MORM =   5.1418E-05
MT try: alpha=  1.0000E+00  phi=  6.3357E-07  dg=  7.9317E-08  dg0= -5.8151E-08
MT try: armijo_rhs=  5.5727E-07  armijo=F  curvature=F  task=FG
 UPDATEPARAMETER: f-scale only
UPDATEPARAMETER PAR_STEP min/max, V_STEP min/max =  4.3501132605E+01  1.0481875287E+02
  4.3501132605E+01  1.0481875287E+02
 WD_amp= 6.24298E+13  RESID_RMS= 1.05167E-03  FCOST_DATA= 5.53006E-07  FCOST0= 5.53006E-07
  
 -------------- calculate Frechet derivatives -----------
 IFREQ =           5    ITERATION =           8
||Frechet||_F=  1.2411E-12max|Frechet|=  1.8939E-17
||Frechet||_F=  1.2411E-12max|Frechet|=  1.8939E-17
||Frechet||_F=  1.2411E-12max|Frechet|=  1.8939E-17
||Frechet||_F=  1.2411E-12max|Frechet|=  1.8939E-17
||Frechet||_F=  1.2411E-12max|Frechet|=  1.8939E-17
||Frechet||_F=  1.2411E-12max|Frechet|=  1.8939E-17
Grad block  10 GRAD_SCALED MORM =   4.5486E-05
MT try: alpha=  1.2005E-01  phi=  5.5301E-07  dg= -4.1535E-08  dg0= -5.8151E-08
MT try: armijo_rhs=  5.5728E-07  armijo=T  curvature=T  task=FG
  
  
  
  
  
Convergence reached, updating parameter grid
ALPHA from line search =  .1200461907949336
 FCOST0 after linesearch  5.530057095590338E-007
Norm of s (s_norm) =  .3602767278594603E-02
  
Convergence check at iteration    8
  Relative cost decrease  =  7.6711E-03
  Relative model update   =  0.0000E+00
  Relative grad. norm     =  3.6620E-01
Time for LBFGS =  17.05551350911458 min
  
 Frequency:           5 Iteration:           9
t_global   =    332.187 s
  
 -------------- calculate Frechet derivatives -----------
 IFREQ =           5    ITERATION =           9
||Frechet||_F=  1.2411E-12max|Frechet|=  1.8939E-17
||Frechet||_F=  1.2411E-12max|Frechet|=  1.8939E-17
||Frechet||_F=  1.2411E-12max|Frechet|=  1.8939E-17
||Frechet||_F=  1.2411E-12max|Frechet|=  1.8939E-17
||Frechet||_F=  1.2411E-12max|Frechet|=  1.8939E-17
||Frechet||_F=  1.2411E-12max|Frechet|=  1.8939E-17
 
TIME for Frechet calc =  3.043509928385417 min
 
 
  compute the residual and the cost function
 WD_amp= 6.24298E+13  RESID_RMS= 1.05167E-03  FCOST_DATA= 5.53006E-07  FCOST0= 5.53006E-07
Grad block  10 GRAD_SCALED MORM =   4.5486E-05
Gradient finished
Start LBFGS 
curvature (full): s·y=  1.9946E-09  ||s||^2=  1.2980E-05  ||y||^2=  5.8889E-12  sTy_min=  8.7429E-10
LBFGS history: used= 0  skipped= 5  worst_col= 3  bad_s·y=  1.1696E-09  bad_cos_sy=  1.2829E-01
 
LBFGS step(full): g·p = -4.7507E-08  ||p||=  2.6500E-02
LBFGS step(full): min(p)= -1.9425E-03  max(p)=  1.3568E-03
LBFGS p_k (unscaled) stats per active parameter:
  IA= 10  PAR={Q44}  min=-2.66394E+00  max= 1.86072E+00  L2= 3.63423E+01
min(p_k)= -1.9425E-03  max(p_k)=  1.3568E-03  ||p_k||=  2.6500E-02
min(p_kf)= -1.9425E-03  max(p_kf)=  1.3568E-03  ||p_kf||=  1.0600E-01
p_k/p_kf  =   2.5000E-01
Start linesearch
MT entry: phi(0)=  5.5301E-07  dg0= -4.7507E-08  alpha0=  1.0000E+00
 UPDATEPARAMETER: f-scale only
UPDATEPARAMETER PAR_STEP min/max, V_STEP min/max =  4.3538956647E+01  1.0486488557E+02
  4.3538956647E+01  1.0486488557E+02
 WD_amp= 6.24298E+13  RESID_RMS= 1.21883E-03  FCOST_DATA= 7.42769E-07  FCOST0= 7.42769E-07
  
 -------------- calculate Frechet derivatives -----------
 IFREQ =           5    ITERATION =           9
||Frechet||_F=  1.2437E-12max|Frechet|=  1.8934E-17
||Frechet||_F=  1.2437E-12max|Frechet|=  1.8934E-17
||Frechet||_F=  1.2437E-12max|Frechet|=  1.8934E-17
||Frechet||_F=  1.2437E-12max|Frechet|=  1.8934E-17
||Frechet||_F=  1.2437E-12max|Frechet|=  1.8934E-17
||Frechet||_F=  1.2437E-12max|Frechet|=  1.8934E-17
Grad block  10 GRAD_SCALED MORM =   7.9167E-05
MT try: alpha=  1.0000E+00  phi=  7.4277E-07  dg=  2.2778E-07  dg0= -4.7507E-08
MT try: armijo_rhs=  5.5300E-07  armijo=F  curvature=F  task=FG
 UPDATEPARAMETER: f-scale only
UPDATEPARAMETER PAR_STEP min/max, V_STEP min/max =  4.3503273778E+01  1.0482136439E+02
  4.3503273778E+01  1.0482136439E+02
 WD_amp= 6.24298E+13  RESID_RMS= 1.04940E-03  FCOST_DATA= 5.50623E-07  FCOST0= 5.50623E-07
  
 -------------- calculate Frechet derivatives -----------
 IFREQ =           5    ITERATION =           9
||Frechet||_F=  1.2412E-12max|Frechet|=  1.8939E-17
||Frechet||_F=  1.2412E-12max|Frechet|=  1.8939E-17
||Frechet||_F=  1.2412E-12max|Frechet|=  1.8939E-17
||Frechet||_F=  1.2412E-12max|Frechet|=  1.8939E-17
||Frechet||_F=  1.2412E-12max|Frechet|=  1.8939E-17
||Frechet||_F=  1.2412E-12max|Frechet|=  1.8939E-17
Grad block  10 GRAD_SCALED MORM =   4.5599E-05
MT try: alpha=  5.6609E-02  phi=  5.5062E-07  dg= -3.2360E-08  dg0= -4.7507E-08
MT try: armijo_rhs=  5.5301E-07  armijo=T  curvature=T  task=FG
  
  
  
  
  
Convergence reached, updating parameter grid
ALPHA from line search =  .5660878496401047E-01
 FCOST0 after linesearch  5.506231649452976E-007
Norm of s (s_norm) =  .1500123024219292E-02
  
Convergence check at iteration    9
  Relative cost decrease  =  4.3084E-03
  Relative model update   =  0.0000E+00
  Relative grad. norm     =  3.1256E-01
Time for LBFGS =  17.00668131510417 min
  
 Frequency:           5 Iteration:          10
t_global   =    331.507 s
  
 -------------- calculate Frechet derivatives -----------
 IFREQ =           5    ITERATION =          10
||Frechet||_F=  1.2412E-12max|Frechet|=  1.8939E-17
||Frechet||_F=  1.2412E-12max|Frechet|=  1.8939E-17
||Frechet||_F=  1.2412E-12max|Frechet|=  1.8939E-17
||Frechet||_F=  1.2412E-12max|Frechet|=  1.8939E-17
||Frechet||_F=  1.2412E-12max|Frechet|=  1.8939E-17
||Frechet||_F=  1.2412E-12max|Frechet|=  1.8939E-17
 
TIME for Frechet calc =  3.034264882405599 min
 
 
  compute the residual and the cost function
 WD_amp= 6.24298E+13  RESID_RMS= 1.04940E-03  FCOST_DATA= 5.50623E-07  FCOST0= 5.50623E-07
Grad block  10 GRAD_SCALED MORM =   4.5599E-05
Gradient finished
Start LBFGS 
curvature (full): s·y=  8.5744E-10  ||s||^2=  2.2504E-06  ||y||^2=  8.0541E-12  sTy_min=  4.2573E-10
LBFGS history: used= 0  skipped= 5  worst_col= 1  bad_s·y=  8.5744E-10  bad_cos_sy=  2.0141E-01
 
LBFGS step(full): g·p = -4.0647E-08  ||p||=  2.5199E-02
LBFGS step(full): min(p)= -1.6661E-03  max(p)=  1.3277E-03
LBFGS p_k (unscaled) stats per active parameter:
  IA= 10  PAR={Q44}  min=-2.28490E+00  max= 1.82084E+00  L2= 3.45583E+01
min(p_k)= -1.6661E-03  max(p_k)=  1.3277E-03  ||p_k||=  2.5199E-02
min(p_kf)= -1.6661E-03  max(p_kf)=  1.3277E-03  ||p_kf||=  1.0080E-01
p_k/p_kf  =   2.5000E-01
Start linesearch
MT entry: phi(0)=  5.5062E-07  dg0= -4.0647E-08  alpha0=  1.0000E+00
 UPDATEPARAMETER: f-scale only
UPDATEPARAMETER PAR_STEP min/max, V_STEP min/max =  4.3634681473E+01  1.0487127707E+02
  4.3634681473E+01  1.0487127707E+02
 WD_amp= 6.24298E+13  RESID_RMS= 1.16123E-03  FCOST_DATA= 6.74230E-07  FCOST0= 6.74230E-07
  
 -------------- calculate Frechet derivatives -----------
 IFREQ =           5    ITERATION =          10
||Frechet||_F=  1.2399E-12max|Frechet|=  1.8938E-17
||Frechet||_F=  1.2399E-12max|Frechet|=  1.8938E-17
||Frechet||_F=  1.2399E-12max|Frechet|=  1.8938E-17
||Frechet||_F=  1.2399E-12max|Frechet|=  1.8938E-17
||Frechet||_F=  1.2399E-12max|Frechet|=  1.8938E-17
||Frechet||_F=  1.2399E-12max|Frechet|=  1.8938E-17
Grad block  10 GRAD_SCALED MORM =   6.0742E-05
MT try: alpha=  1.0000E+00  phi=  6.7423E-07  dg=  9.7861E-08  dg0= -4.0647E-08
MT try: armijo_rhs=  5.5062E-07  armijo=F  curvature=F  task=FG
 UPDATEPARAMETER: f-scale only
UPDATEPARAMETER PAR_STEP min/max, V_STEP min/max =  4.3511197024E+01  1.0482437388E+02
  4.3511197024E+01  1.0482437388E+02
 WD_amp= 6.24298E+13  RESID_RMS= 1.04984E-03  FCOST_DATA= 5.51078E-07  FCOST0= 5.51078E-07
  
 -------------- calculate Frechet derivatives -----------
 IFREQ =           5    ITERATION =          10
||Frechet||_F=  1.2411E-12max|Frechet|=  1.8939E-17
||Frechet||_F=  1.2411E-12max|Frechet|=  1.8939E-17
||Frechet||_F=  1.2411E-12max|Frechet|=  1.8939E-17
||Frechet||_F=  1.2411E-12max|Frechet|=  1.8939E-17
||Frechet||_F=  1.2411E-12max|Frechet|=  1.8939E-17
||Frechet||_F=  1.2411E-12max|Frechet|=  1.8939E-17
Grad block  10 GRAD_SCALED MORM =   4.5460E-05
MT try: alpha=  6.0295E-02  phi=  5.5108E-07  dg= -3.2128E-08  dg0= -4.0647E-08
MT try: armijo_rhs=  5.5062E-07  armijo=F  curvature=T  task=FG
 UPDATEPARAMETER: f-scale only
UPDATEPARAMETER PAR_STEP min/max, V_STEP min/max =  4.3504708977E+01  1.0482190952E+02
  4.3504708977E+01  1.0482190952E+02
 WD_amp= 6.24298E+13  RESID_RMS= 1.04942E-03  FCOST_DATA= 5.50638E-07  FCOST0= 5.50638E-07
LS STOP (stagnation): alpha=  1.0922E-02  FCOST1=  5.5064E-07  FCOST0=  5.5062E-07
 Line search failed (IFLAG=          11 ), inversion diverged.
 --------- Frequency   4.75000000000000       (band            1 )
[ComputeAcqWeight] empty acq_weight_file, using uniform weights = 1.0
Data weighting computed for frequency 4607182418800017373
XSRmin, XSRmax, ZSRmin, ZSRMax -1960.000000000000 .000000000000000 2050.000000000000 4030.000000000000
1 FKYC
1.2 FKYC
my_rank, FKYC,WLMAX, RMAX 0 .3892843070752570E-01 1078.479746282688 2786.036611389018
1.1 NK
NK in cky2= 55

  Number of wavenumber samples (NK) for FREQ =   55
Data weighting computed for frequency 4607182418800017373
Data weighting computed for frequency 4607182418800017373
Data weighting computed for frequency 4607182418800017373
Data weighting computed for frequency 4607182418800017373
  RMAX = 2786.04
Data weighting computed for frequency 4607182418800017373
--- Pre-solver preview (memory + RHS workload) ---
   GQG dims: NNX=       585  NNZ=       317  NPT=    185445
   DOF:     N=3*NPT =    556335
   Sources: NSR=       100  NSS=        20  NK=        55
   RHS total (per IK): nrhs_tot=3*NSS =        60
   Batch:    MAX_RHS_BATCH=        32  nbatches=         2
   GFMY  (GFX+GFY+GFZ):         13.679 GB
   RHS_MY(rhs+sol buffers):      0.531 GB
 
 running run_ik_loop_pardiso
before CA | VmRSS=  15.478 GB  VmHWM=  81.337 GB
after CA | VmRSS=  16.078 GB  VmHWM=  81.337 GB
after factor | VmRSS=  19.833 GB  VmHWM=  81.337 GB
f=     4.750 Hz | ky=  0.707790E-03 | IK=       1/      55 | t=   17.281800 s | CA=  2.5031 | fact= 12.8544 | GF=  1.9241 | solve=  1.7682 | scatter=  0.0528
f=     4.750 Hz | ky=  0.141558E-02 | IK=       2/      55 | t=    6.946300 s | CA=  2.5529 | fact=  2.5734 | GF=  1.8199 | solve=  1.6931 | scatter=  0.0534
f=     4.750 Hz | ky=  0.212337E-02 | IK=       3/      55 | t=    6.981800 s | CA=  2.5822 | fact=  2.5765 | GF=  1.8231 | solve=  1.6970 | scatter=  0.0527
f=     4.750 Hz | ky=  0.283116E-02 | IK=       4/      55 | t=    6.997400 s | CA=  2.6035 | fact=  2.5784 | GF=  1.8154 | solve=  1.6891 | scatter=  0.0527
f=     4.750 Hz | ky=  0.353895E-02 | IK=       5/      55 | t=    6.939300 s | CA=  2.5495 | fact=  2.5680 | GF=  1.8217 | solve=  1.6942 | scatter=  0.0539
f=     4.750 Hz | ky=  0.424674E-02 | IK=       6/      55 | t=    6.949600 s | CA=  2.5527 | fact=  2.5733 | GF=  1.8236 | solve=  1.6964 | scatter=  0.0538
f=     4.750 Hz | ky=  0.495453E-02 | IK=       7/      55 | t=    6.935200 s | CA=  2.5766 | fact=  2.5330 | GF=  1.8256 | solve=  1.6977 | scatter=  0.0545
f=     4.750 Hz | ky=  0.566232E-02 | IK=       8/      55 | t=    6.943500 s | CA=  2.5699 | fact=  2.5518 | GF=  1.8218 | solve=  1.6953 | scatter=  0.0530
f=     4.750 Hz | ky=  0.637011E-02 | IK=       9/      55 | t=    6.988900 s | CA=  2.5874 | fact=  2.5803 | GF=  1.8212 | solve=  1.6966 | scatter=  0.0512
f=     4.750 Hz | ky=  0.707790E-02 | IK=      10/      55 | t=    6.990200 s | CA=  2.6140 | fact=  2.5554 | GF=  1.8207 | solve=  1.6944 | scatter=  0.0528
PARDISO mem (f=  4.75 Hz): sym=  1.95 GB  perm=  1.42 GB  num=  3.22 GB  
peak=  4.64 GB
t_global   =    116.155 s
TIME for 1st forward modeling =  1.935756683349609  min
TIME for GT0 =  .5148333311080932E-02  min
Data scaler W for L2 norm: 64069066454919.59
Data scaler W for WQS norm: .1007948000807317E-312
Total number of active inversion parameters for current sequential stage (IM):          1
Total model blocks points (NM = IM * NBLOCK):      11534 on grid (NMM = IM * NPT):    185445
 Gradient balance ():   1.00000000000000        1.00000000000000     
   1.00000000000000        1.00000000000000        1.00000000000000     
   1.00000000000000        1.00000000000000        1.00000000000000     
   1.00000000000000        1.00000000000000        1.00000000000000     
 IE0, IZ          30           0
 IE0, IZ, GZ1, GZ2 =           30           0   100.000000000000     
   300.000000000000     
  
 Frequency:           6 Iteration:           1
--- Pre-solver preview (memory + RHS workload) ---
   GQG dims: NNX=       585  NNZ=       317  NPT=    185445
   DOF:     N=3*NPT =    556335
   Sources: NSR=       100  NSS=       100  NK=        55
   RHS total (per IK): nrhs_tot=3*NSS =       300
   Batch:    MAX_RHS_BATCH=        32  nbatches=        10
   GFMY  (GFX+GFY+GFZ):         68.393 GB
   RHS_MY(rhs+sol buffers):      0.531 GB
 
 running run_ik_loop_pardiso
before CA | VmRSS=  70.985 GB  VmHWM=  81.337 GB
after CA | VmRSS=  71.919 GB  VmHWM=  81.337 GB
after factor | VmRSS=  75.688 GB  VmHWM=  81.337 GB
f=     4.750 Hz | ky=  0.707790E-03 | IK=       1/      55 | t=   24.303700 s | CA=  2.5089 | fact= 12.8116 | GF=  8.9830 | solve=  8.3115 | scatter=  0.2580
f=     4.750 Hz | ky=  0.141558E-02 | IK=       2/      55 | t=   14.036600 s | CA=  2.5924 | fact=  2.5615 | GF=  8.8826 | solve=  8.2425 | scatter=  0.2574
f=     4.750 Hz | ky=  0.212337E-02 | IK=       3/      55 | t=   14.029500 s | CA=  2.5600 | fact=  2.5703 | GF=  8.8992 | solve=  8.2568 | scatter=  0.2594
f=     4.750 Hz | ky=  0.283116E-02 | IK=       4/      55 | t=   14.015700 s | CA=  2.5482 | fact=  2.5756 | GF=  8.8918 | solve=  8.2509 | scatter=  0.2571
f=     4.750 Hz | ky=  0.353895E-02 | IK=       5/      55 | t=   14.109800 s | CA=  2.6340 | fact=  2.5737 | GF=  8.9021 | solve=  8.2633 | scatter=  0.2558
f=     4.750 Hz | ky=  0.424674E-02 | IK=       6/      55 | t=   14.048200 s | CA=  2.5960 | fact=  2.5738 | GF=  8.8783 | solve=  8.2381 | scatter=  0.2575
f=     4.750 Hz | ky=  0.495453E-02 | IK=       7/      55 | t=   14.032000 s | CA=  2.5749 | fact=  2.5833 | GF=  8.8738 | solve=  8.2370 | scatter=  0.2540
f=     4.750 Hz | ky=  0.566232E-02 | IK=       8/      55 | t=   14.055900 s | CA=  2.5625 | fact=  2.5813 | GF=  8.9121 | solve=  8.2703 | scatter=  0.2589
f=     4.750 Hz | ky=  0.637011E-02 | IK=       9/      55 | t=   14.091000 s | CA=  2.6060 | fact=  2.5890 | GF=  8.8959 | solve=  8.2540 | scatter=  0.2592
f=     4.750 Hz | ky=  0.707790E-02 | IK=      10/      55 | t=   14.016500 s | CA=  2.6052 | fact=  2.5161 | GF=  8.8952 | solve=  8.2568 | scatter=  0.2558
PARDISO mem (f=  4.75 Hz): sym=  1.95 GB  perm=  1.42 GB  num=  3.22 GB  
peak=  4.64 GB
t_global   =    331.477 s
TIME for 2d forward modeling_i calc =  5.523108418782552 min
Rank    5 -> ID range:   4001 to   4800 | Tasks:    800
Rank    4 -> ID range:   3201 to   4000 | Tasks:    800
Rank    1 -> ID range:    801 to   1600 | Tasks:    800
Rank    2 -> ID range:   1601 to   2400 | Tasks:    800
Rank    3 -> ID range:   2401 to   3200 | Tasks:    800
  
 -------------- calculate Frechet derivatives -----------
 IFREQ =           6    ITERATION =           1
Frechet memory size Frec_my:      0.825 (Gb)
Rank    0 -> ID range:      1 to    800 | Tasks:    800
FREQ:      4.8 Hz, ITER=       1  Frechet Derivative ID=     100/    4800 Finished   0.223800 s
FREQ:      4.8 Hz, ITER=       1  Frechet Derivative ID=     200/    4800 Finished   0.224300 s
FREQ:      4.8 Hz, ITER=       1  Frechet Derivative ID=     300/    4800 Finished   0.223300 s
FREQ:      4.8 Hz, ITER=       1  Frechet Derivative ID=     400/    4800 Finished   0.206600 s
FREQ:      4.8 Hz, ITER=       1  Frechet Derivative ID=     500/    4800 Finished   0.218300 s
FREQ:      4.8 Hz, ITER=       1  Frechet Derivative ID=     600/    4800 Finished   0.219000 s
FREQ:      4.8 Hz, ITER=       1  Frechet Derivative ID=     700/    4800 Finished   0.217400 s
FREQ:      4.8 Hz, ITER=       1  Frechet Derivative ID=     800/    4800 Finished   0.214500 s
||Frechet||_F=  1.2684E-12max|Frechet|=  2.2271E-17
||Frechet||_F=  1.2684E-12max|Frechet|=  2.2271E-17
||Frechet||_F=  1.2684E-12max|Frechet|=  2.2271E-17
||Frechet||_F=  1.2684E-12max|Frechet|=  2.2271E-17
||Frechet||_F=  1.2684E-12max|Frechet|=  2.2271E-17
||Frechet||_F=  1.2684E-12max|Frechet|=  2.2271E-17
 
TIME for Frechet calc =  3.101583353678385 min
 
m_fine: min=  4.3503E+01  max=  1.0482E+02  mean=  8.2457E+01  ||.||2=  3.6906E+04  size=  185445
m_coarse_prev: min=  4.4260E+01  max=  1.0450E+02  mean=  8.2479E+01  ||.||2=  9.2053E+03  size=   11534
 
  compute the residual and the cost function
 WD_amp= 6.40691E+13  RESID_RMS= 1.26305E-03  FCOST_DATA= 7.97647E-07  FCOST0= 7.97647E-07
IA= 10  H(single F0) min= 0.00000E+00  max= 3.02355E-02
IA= 10  H(F0^2)     min= 0.00000E+00  max= 3.02355E-02
HESSD: ia=  10  min= 0.00000E+00  max= 3.30718E+04
IA= 10  H(single F0) min= 0.00000E+00  max= 3.02355E-02
IA= 10  H(F0^2)     min= 0.00000E+00  max= 3.02355E-02
HESSD: ia=  10  min= 0.00000E+00  max= 3.30718E+04
IA= 10  H(single F0) min= 0.00000E+00  max= 3.02355E-02
IA= 10  H(F0^2)     min= 0.00000E+00  max= 3.02355E-02
HESSD: ia=  10  min= 0.00000E+00  max= 3.30718E+04
IA= 10  H(single F0) min= 0.00000E+00  max= 3.02355E-02
IA= 10  H(F0^2)     min= 0.00000E+00  max= 3.02355E-02
HESSD: ia=  10  min= 0.00000E+00  max= 3.30718E+04
IA= 10  H(single F0) min= 0.00000E+00  max= 3.02355E-02
IA= 10  H(F0^2)     min= 0.00000E+00  max= 3.02355E-02
HESSD: ia=  10  min= 0.00000E+00  max= 3.30718E+04
IA= 10  H(single F0) min= 0.00000E+00  max= 3.02355E-02
IA= 10  H(F0^2)     min= 0.00000E+00  max= 3.02355E-02
HESSD: ia=  10  min= 0.00000E+00  max= 3.30718E+04
Grad block  10 GRAD_SCALED MORM =   4.7591E-05
Raw grad block 10  PAR={Q44}  min= -6.5896E-09  max=  7.6843E-09  L2=  3.7655E-08
Gradient finished
Start LBFGS 
LBFGS steepest step , iter=      1
  g·p = -7.2750E-07  ||p|| =  7.5739E-02
  min(p)= -4.5707E-03  max(p)=  4.7201E-03
LBFGS p_k (unscaled) stats per active parameter:
  IA= 10  PAR={Q44}  min=-6.26828E+00  max= 6.47328E+00  L2= 1.03870E+02
min(p_k)= -4.5707E-03  max(p_k)=  4.7201E-03  ||p_k||=  7.5739E-02
min(p_kf)= -4.5707E-03  max(p_kf)=  4.7201E-03  ||p_kf||=  3.0296E-01
p_k/p_kf  =   2.5000E-01
Start linesearch
BT entry: phi(0)=  7.9765E-07  g·p(0)= -7.2750E-07
 UPDATEPARAMETER: f-scale only
UPDATEPARAMETER PAR_STEP min/max, V_STEP min/max =  4.3553551001E+01  1.0487303879E+02
  4.3553551001E+01  1.0487303879E+02
REL STEP Q      : k= 10 row=  5 rmax_k=  1.2375E-01 row_scale=  1.0482E+02
BT cap probe: rmax1=  1.2375E-01  alpha_cap=  1.0000E+00  alpha00=  1.0000E+00
 UPDATEPARAMETER: f-scale only
UPDATEPARAMETER PAR_STEP min/max, V_STEP min/max =  4.3553551001E+01  1.0487303879E+02
  4.3553551001E+01  1.0487303879E+02
 running run_ik_loop_pardiso
before CA | VmRSS=  16.320 GB  VmHWM=  81.337 GB
after CA | VmRSS=  16.942 GB  VmHWM=  81.337 GB
after factor | VmRSS=  20.701 GB  VmHWM=  81.337 GB
f=     4.750 Hz | ky=  0.707790E-03 | IK=       1/      55 | t=   17.356000 s | CA=  2.5624 | fact= 12.8610 | GF=  1.9324 | solve=  1.7744 | scatter=  0.0546
f=     4.750 Hz | ky=  0.141558E-02 | IK=       2/      55 | t=    6.977200 s | CA=  2.5629 | fact=  2.5858 | GF=  1.8285 | solve=  1.7027 | scatter=  0.0522
f=     4.750 Hz | ky=  0.212337E-02 | IK=       3/      55 | t=    6.963400 s | CA=  2.5611 | fact=  2.5788 | GF=  1.8235 | solve=  1.6958 | scatter=  0.0542
f=     4.750 Hz | ky=  0.283116E-02 | IK=       4/      55 | t=    6.956800 s | CA=  2.5678 | fact=  2.5627 | GF=  1.8262 | solve=  1.6986 | scatter=  0.0541
f=     4.750 Hz | ky=  0.353895E-02 | IK=       5/      55 | t=    6.990300 s | CA=  2.5771 | fact=  2.5886 | GF=  1.8245 | solve=  1.6986 | scatter=  0.0522
f=     4.750 Hz | ky=  0.424674E-02 | IK=       6/      55 | t=    6.976400 s | CA=  2.5718 | fact=  2.5821 | GF=  1.8224 | solve=  1.6949 | scatter=  0.0535
f=     4.750 Hz | ky=  0.495453E-02 | IK=       7/      55 | t=    6.991700 s | CA=  2.6041 | fact=  2.5608 | GF=  1.8268 | solve=  1.7015 | scatter=  0.0517
f=     4.750 Hz | ky=  0.566232E-02 | IK=       8/      55 | t=    7.007500 s | CA=  2.5990 | fact=  2.5800 | GF=  1.8285 | solve=  1.7016 | scatter=  0.0533
f=     4.750 Hz | ky=  0.637011E-02 | IK=       9/      55 | t=    6.907500 s | CA=  2.5493 | fact=  2.5248 | GF=  1.8333 | solve=  1.7058 | scatter=  0.0537
f=     4.750 Hz | ky=  0.707790E-02 | IK=      10/      55 | t=    6.993200 s | CA=  2.6010 | fact=  2.5601 | GF=  1.8320 | solve=  1.7042 | scatter=  0.0540
PARDISO mem (f=  4.75 Hz): sym=  1.95 GB  perm=  1.42 GB  num=  3.22 GB  
peak=  4.64 GB
 WD_amp= 6.40691E+13  RESID_RMS= 3.02470E-03  FCOST_DATA= 4.57440E-06  FCOST0= 4.57440E-06
BT: alpha=  1.0000E+00  phi=  4.5744E-06  rhs=  7.9757E-07
 UPDATEPARAMETER: f-scale only
UPDATEPARAMETER PAR_STEP min/max, V_STEP min/max =  4.3606753360E+01  1.0484599615E+02
  4.3606753360E+01  1.0484599615E+02
 running run_ik_loop_pardiso
before CA | VmRSS=  16.866 GB  VmHWM=  81.337 GB
after CA | VmRSS=  17.783 GB  VmHWM=  81.337 GB
after factor | VmRSS=  21.543 GB  VmHWM=  81.337 GB
f=     4.750 Hz | ky=  0.707790E-03 | IK=       1/      55 | t=   17.294700 s | CA=  2.5279 | fact= 12.8375 | GF=  1.9291 | solve=  1.7726 | scatter=  0.0528
f=     4.750 Hz | ky=  0.141558E-02 | IK=       2/      55 | t=    6.960700 s | CA=  2.5641 | fact=  2.5717 | GF=  1.8248 | solve=  1.6965 | scatter=  0.0543
f=     4.750 Hz | ky=  0.212337E-02 | IK=       3/      55 | t=    6.945700 s | CA=  2.5671 | fact=  2.5577 | GF=  1.8208 | solve=  1.6943 | scatter=  0.0528
f=     4.750 Hz | ky=  0.283116E-02 | IK=       4/      55 | t=    6.997100 s | CA=  2.5999 | fact=  2.5742 | GF=  1.8229 | solve=  1.6944 | scatter=  0.0550
f=     4.750 Hz | ky=  0.353895E-02 | IK=       5/      55 | t=    6.974200 s | CA=  2.5798 | fact=  2.5746 | GF=  1.8197 | solve=  1.6927 | scatter=  0.0531
f=     4.750 Hz | ky=  0.424674E-02 | IK=       6/      55 | t=    6.959400 s | CA=  2.5711 | fact=  2.5679 | GF=  1.8204 | solve=  1.6937 | scatter=  0.0532
f=     4.750 Hz | ky=  0.495453E-02 | IK=       7/      55 | t=    6.948100 s | CA=  2.5539 | fact=  2.5714 | GF=  1.8227 | solve=  1.6944 | scatter=  0.0544
f=     4.750 Hz | ky=  0.566232E-02 | IK=       8/      55 | t=    7.001400 s | CA=  2.6049 | fact=  2.5736 | GF=  1.8229 | solve=  1.6934 | scatter=  0.0556
f=     4.750 Hz | ky=  0.637011E-02 | IK=       9/      55 | t=    6.920800 s | CA=  2.5399 | fact=  2.5599 | GF=  1.8209 | solve=  1.6937 | scatter=  0.0535
f=     4.750 Hz | ky=  0.707790E-02 | IK=      10/      55 | t=    7.005200 s | CA=  2.6151 | fact=  2.5689 | GF=  1.8212 | solve=  1.6932 | scatter=  0.0542
PARDISO mem (f=  4.75 Hz): sym=  1.95 GB  perm=  1.42 GB  num=  3.22 GB  
peak=  4.64 GB
 WD_amp= 6.40691E+13  RESID_RMS= 1.74083E-03  FCOST_DATA= 1.51525E-06  FCOST0= 1.51525E-06
BT: alpha=  5.0000E-01  phi=  1.5153E-06  rhs=  7.9761E-07
 UPDATEPARAMETER: f-scale only
UPDATEPARAMETER PAR_STEP min/max, V_STEP min/max =  4.3555013569E+01  1.0483368027E+02
  4.3555013569E+01  1.0483368027E+02
 running run_ik_loop_pardiso
before CA | VmRSS=  16.902 GB  VmHWM=  81.337 GB
after CA | VmRSS=  17.907 GB  VmHWM=  81.337 GB
after factor | VmRSS=  21.671 GB  VmHWM=  81.337 GB
f=     4.750 Hz | ky=  0.707790E-03 | IK=       1/      55 | t=   17.302900 s | CA=  2.5149 | fact= 12.8576 | GF=  1.9302 | solve=  1.7720 | scatter=  0.0540
f=     4.750 Hz | ky=  0.141558E-02 | IK=       2/      55 | t=    6.981400 s | CA=  2.5981 | fact=  2.5541 | GF=  1.8292 | solve=  1.7026 | scatter=  0.0529
f=     4.750 Hz | ky=  0.212337E-02 | IK=       3/      55 | t=    6.952100 s | CA=  2.5607 | fact=  2.5721 | GF=  1.8193 | solve=  1.6923 | scatter=  0.0529
f=     4.750 Hz | ky=  0.283116E-02 | IK=       4/      55 | t=    7.049800 s | CA=  2.6378 | fact=  2.5763 | GF=  1.8357 | solve=  1.7087 | scatter=  0.0533
f=     4.750 Hz | ky=  0.353895E-02 | IK=       5/      55 | t=    6.995800 s | CA=  2.5944 | fact=  2.5737 | GF=  1.8276 | solve=  1.7018 | scatter=  0.0522
f=     4.750 Hz | ky=  0.424674E-02 | IK=       6/      55 | t=    7.020000 s | CA=  2.6174 | fact=  2.5747 | GF=  1.8278 | solve=  1.7017 | scatter=  0.0526
f=     4.750 Hz | ky=  0.495453E-02 | IK=       7/      55 | t=    7.009700 s | CA=  2.5975 | fact=  2.5795 | GF=  1.8326 | solve=  1.7040 | scatter=  0.0546
f=     4.750 Hz | ky=  0.566232E-02 | IK=       8/      55 | t=    7.009000 s | CA=  2.6044 | fact=  2.5807 | GF=  1.8238 | solve=  1.6970 | scatter=  0.0531
f=     4.750 Hz | ky=  0.637011E-02 | IK=       9/      55 | t=    7.006400 s | CA=  2.6201 | fact=  2.5620 | GF=  1.8242 | solve=  1.6950 | scatter=  0.0554
f=     4.750 Hz | ky=  0.707790E-02 | IK=      10/      55 | t=    6.964300 s | CA=  2.5518 | fact=  2.5836 | GF=  1.8288 | solve=  1.7000 | scatter=  0.0551
PARDISO mem (f=  4.75 Hz): sym=  1.95 GB  perm=  1.42 GB  num=  3.22 GB  
peak=  4.64 GB
 WD_amp= 6.40691E+13  RESID_RMS= 1.30324E-03  FCOST_DATA= 8.49212E-07  FCOST0= 8.49212E-07
BT: alpha=  2.5000E-01  phi=  8.4921E-07  rhs=  7.9763E-07
 UPDATEPARAMETER: f-scale only
UPDATEPARAMETER PAR_STEP min/max, V_STEP min/max =  4.3529143674E+01  1.0482752233E+02
  4.3529143674E+01  1.0482752233E+02
 running run_ik_loop_pardiso
before CA | VmRSS=  16.327 GB  VmHWM=  81.337 GB
after CA | VmRSS=  17.866 GB  VmHWM=  81.337 GB
after factor | VmRSS=  21.629 GB  VmHWM=  81.337 GB
f=     4.750 Hz | ky=  0.707790E-03 | IK=       1/      55 | t=   17.276600 s | CA=  2.5031 | fact= 12.8496 | GF=  1.9237 | solve=  1.7664 | scatter=  0.0539
f=     4.750 Hz | ky=  0.141558E-02 | IK=       2/      55 | t=    6.968600 s | CA=  2.5655 | fact=  2.5774 | GF=  1.8257 | solve=  1.6962 | scatter=  0.0559
f=     4.750 Hz | ky=  0.212337E-02 | IK=       3/      55 | t=    6.980300 s | CA=  2.5842 | fact=  2.5735 | GF=  1.8226 | solve=  1.6957 | scatter=  0.0530
f=     4.750 Hz | ky=  0.283116E-02 | IK=       4/      55 | t=    7.001800 s | CA=  2.6059 | fact=  2.5736 | GF=  1.8223 | solve=  1.6937 | scatter=  0.0547
f=     4.750 Hz | ky=  0.353895E-02 | IK=       5/      55 | t=    6.930600 s | CA=  2.5484 | fact=  2.5625 | GF=  1.8197 | solve=  1.6932 | scatter=  0.0526
f=     4.750 Hz | ky=  0.424674E-02 | IK=       6/      55 | t=    6.957400 s | CA=  2.5605 | fact=  2.5763 | GF=  1.8206 | solve=  1.6930 | scatter=  0.0538
f=     4.750 Hz | ky=  0.495453E-02 | IK=       7/      55 | t=    7.037200 s | CA=  2.6501 | fact=  2.5697 | GF=  1.8174 | solve=  1.6928 | scatter=  0.0511
f=     4.750 Hz | ky=  0.566232E-02 | IK=       8/      55 | t=    6.989600 s | CA=  2.5866 | fact=  2.5803 | GF=  1.8227 | solve=  1.6951 | scatter=  0.0538
f=     4.750 Hz | ky=  0.637011E-02 | IK=       9/      55 | t=    6.922600 s | CA=  2.5668 | fact=  2.5338 | GF=  1.8219 | solve=  1.6945 | scatter=  0.0537
f=     4.750 Hz | ky=  0.707790E-02 | IK=      10/      55 | t=    7.018300 s | CA=  2.6126 | fact=  2.5789 | GF=  1.8268 | solve=  1.6982 | scatter=  0.0549
PARDISO mem (f=  4.75 Hz): sym=  1.95 GB  perm=  1.42 GB  num=  3.22 GB  
peak=  4.64 GB
  
  
 WD_amp= 6.40691E+13  RESID_RMS= 1.22031E-03  FCOST_DATA= 7.44582E-07  FCOST0= 7.44582E-07
  
BT: alpha=  1.2500E-01  phi=  7.4458E-07  rhs=  7.9764E-07
  
  
Convergence reached, updating parameter grid
ALPHA from line search =  .1250000000000000
 FCOST0 after linesearch  7.445824029099742E-007
Norm of s (s_norm) =  .9467420763604977E-02
  
Time for LBFGS =  7.700611877441406 min
  
 Frequency:           6 Iteration:           2
t_global   =    330.889 s
  
 -------------- calculate Frechet derivatives -----------
 IFREQ =           6    ITERATION =           2
||Frechet||_F=  1.2668E-12max|Frechet|=  2.2272E-17
||Frechet||_F=  1.2668E-12max|Frechet|=  2.2272E-17
||Frechet||_F=  1.2668E-12max|Frechet|=  2.2272E-17
||Frechet||_F=  1.2668E-12max|Frechet|=  2.2272E-17
||Frechet||_F=  1.2668E-12max|Frechet|=  2.2272E-17
||Frechet||_F=  1.2668E-12max|Frechet|=  2.2272E-17
 
TIME for Frechet calc =  3.014794921875000 min
 
 
  compute the residual and the cost function
 WD_amp= 6.40691E+13  RESID_RMS= 1.22031E-03  FCOST_DATA= 7.44582E-07  FCOST0= 7.44582E-07
Grad block  10 GRAD_SCALED MORM =   4.4724E-05
Raw grad block 10  PAR={Q44}  min= -5.9978E-09  max=  7.5746E-09  L2=  3.5192E-08
Gradient finished
Start LBFGS 
curvature (warm): s·y=  1.0852E-07  ||s||^2=  8.9632E-05  ||y||^2=  6.1777E-10  sTy_min=  2.3531E-08
LBFGS step: g·p = -4.7390E-07  ||p||=  9.1397E-02
LBFGS step: min(p)= -6.2027E-03  max(p)=  5.8132E-03
LBFGS p_k (unscaled) stats per active parameter:
  IA= 10  PAR={Q44}  min=-8.50648E+00  max= 7.97237E+00  L2= 1.25343E+02
min(p_k)= -6.2027E-03  max(p_k)=  5.8132E-03  ||p_k||=  9.1397E-02
min(p_kf)= -6.2027E-03  max(p_kf)=  5.8132E-03  ||p_kf||=  3.6559E-01
p_k/p_kf  =   2.5000E-01
Start linesearch
MT entry: phi(0)=  7.4458E-07  dg0= -4.7390E-07  alpha0=  1.0000E+00
 UPDATEPARAMETER: f-scale only
UPDATEPARAMETER PAR_STEP min/max, V_STEP min/max =  4.2976246755E+01  1.0492808552E+02
  4.2976246755E+01  1.0492808552E+02
 WD_amp= 6.40691E+13  RESID_RMS= 2.33929E-03  FCOST_DATA= 2.73614E-06  FCOST0= 2.73614E-06
  
 -------------- calculate Frechet derivatives -----------
 IFREQ =           6    ITERATION =           2
||Frechet||_F=  1.2744E-12max|Frechet|=  2.2275E-17
||Frechet||_F=  1.2744E-12max|Frechet|=  2.2275E-17
||Frechet||_F=  1.2744E-12max|Frechet|=  2.2275E-17
||Frechet||_F=  1.2744E-12max|Frechet|=  2.2275E-17
||Frechet||_F=  1.2744E-12max|Frechet|=  2.2275E-17
||Frechet||_F=  1.2744E-12max|Frechet|=  2.2275E-17
Grad block  10 GRAD_SCALED MORM =   1.0429E-04
MT try: alpha=  1.0000E+00  phi=  2.7361E-06  dg=  2.1312E-06  dg0= -4.7390E-07
MT try: armijo_rhs=  7.4454E-07  armijo=F  curvature=F  task=FG
 UPDATEPARAMETER: f-scale only
UPDATEPARAMETER PAR_STEP min/max, V_STEP min/max =  4.3534928146E+01  1.0483177152E+02
  4.3534928146E+01  1.0483177152E+02
 WD_amp= 6.40691E+13  RESID_RMS= 1.19013E-03  FCOST_DATA= 7.08202E-07  FCOST0= 7.08202E-07
  
 -------------- calculate Frechet derivatives -----------
 IFREQ =           6    ITERATION =           2
||Frechet||_F=  1.2671E-12max|Frechet|=  2.2272E-17
||Frechet||_F=  1.2671E-12max|Frechet|=  2.2272E-17
||Frechet||_F=  1.2671E-12max|Frechet|=  2.2272E-17
||Frechet||_F=  1.2671E-12max|Frechet|=  2.2272E-17
||Frechet||_F=  1.2671E-12max|Frechet|=  2.2272E-17
||Frechet||_F=  1.2671E-12max|Frechet|=  2.2272E-17
Grad block  10 GRAD_SCALED MORM =   4.1966E-05
MT try: alpha=  5.1377E-02  phi=  7.0820E-07  dg= -3.5350E-07  dg0= -4.7390E-07
MT try: armijo_rhs=  7.4458E-07  armijo=T  curvature=T  task=FG
  
  
  
  
  
Convergence reached, updating parameter grid
ALPHA from line search =  .5137715971619702E-01
 FCOST0 after linesearch  7.082022262278447E-007
Norm of s (s_norm) =  .4695710886502080E-02
  
Time for LBFGS =  17.05203145345052 min
  
 Frequency:           6 Iteration:           3
t_global   =    331.906 s
  
 -------------- calculate Frechet derivatives -----------
 IFREQ =           6    ITERATION =           3
||Frechet||_F=  1.2671E-12max|Frechet|=  2.2272E-17
||Frechet||_F=  1.2671E-12max|Frechet|=  2.2272E-17
||Frechet||_F=  1.2671E-12max|Frechet|=  2.2272E-17
||Frechet||_F=  1.2671E-12max|Frechet|=  2.2272E-17
||Frechet||_F=  1.2671E-12max|Frechet|=  2.2272E-17
||Frechet||_F=  1.2671E-12max|Frechet|=  2.2272E-17
 
TIME for Frechet calc =  3.019496663411458 min
 
 
  compute the residual and the cost function
 WD_amp= 6.40691E+13  RESID_RMS= 1.19013E-03  FCOST_DATA= 7.08202E-07  FCOST0= 7.08202E-07
Grad block  10 GRAD_SCALED MORM =   4.1966E-05
Gradient finished
Start LBFGS 
curvature (warm): s·y=  6.1862E-09  ||s||^2=  2.2050E-05  ||y||^2=  1.3643E-11  sTy_min=  1.7344E-09
LBFGS history: used= 1  skipped= 1  worst_col= 4  bad_s·y=  6.1862E-09  bad_cos_sy=  3.5668E-01
LBFGS step: g·p = -2.8422E-07  ||p||=  7.2776E-02
LBFGS step: min(p)= -5.2243E-03  max(p)=  4.6749E-03
LBFGS p_k (unscaled) stats per active parameter:
  IA= 10  PAR={Q44}  min=-7.16474E+00  max= 6.41117E+00  L2= 9.98056E+01
min(p_k)= -5.2243E-03  max(p_k)=  4.6749E-03  ||p_k||=  7.2776E-02
min(p_kf)= -5.2243E-03  max(p_kf)=  4.6749E-03  ||p_kf||=  2.9110E-01
p_k/p_kf  =   2.5000E-01
Start linesearch
MT entry: phi(0)=  7.0820E-07  dg0= -2.8422E-07  alpha0=  1.0000E+00
 UPDATEPARAMETER: f-scale only
UPDATEPARAMETER PAR_STEP min/max, V_STEP min/max =  4.3589000037E+01  1.0492459435E+02
  4.3589000037E+01  1.0492459435E+02
 WD_amp= 6.40691E+13  RESID_RMS= 1.61378E-03  FCOST_DATA= 1.30214E-06  FCOST0= 1.30214E-06
  
 -------------- calculate Frechet derivatives -----------
 IFREQ =           6    ITERATION =           3
||Frechet||_F=  1.2706E-12max|Frechet|=  2.2274E-17
||Frechet||_F=  1.2706E-12max|Frechet|=  2.2274E-17
||Frechet||_F=  1.2706E-12max|Frechet|=  2.2274E-17
||Frechet||_F=  1.2706E-12max|Frechet|=  2.2274E-17
||Frechet||_F=  1.2706E-12max|Frechet|=  2.2274E-17
||Frechet||_F=  1.2706E-12max|Frechet|=  2.2274E-17
Grad block  10 GRAD_SCALED MORM =   5.9914E-05
MT try: alpha=  1.0000E+00  phi=  1.3021E-06  dg=  7.0250E-07  dg0= -2.8422E-07
MT try: armijo_rhs=  7.0817E-07  armijo=F  curvature=F  task=FG
 UPDATEPARAMETER: f-scale only
UPDATEPARAMETER PAR_STEP min/max, V_STEP min/max =  4.3539913654E+01  1.0483897801E+02
  4.3539913654E+01  1.0483897801E+02
 WD_amp= 6.40691E+13  RESID_RMS= 1.15525E-03  FCOST_DATA= 6.67304E-07  FCOST0= 6.67304E-07
  
 -------------- calculate Frechet derivatives -----------
 IFREQ =           6    ITERATION =           3
||Frechet||_F=  1.2673E-12max|Frechet|=  2.2272E-17
||Frechet||_F=  1.2673E-12max|Frechet|=  2.2272E-17
||Frechet||_F=  1.2673E-12max|Frechet|=  2.2272E-17
||Frechet||_F=  1.2673E-12max|Frechet|=  2.2272E-17
||Frechet||_F=  1.2673E-12max|Frechet|=  2.2272E-17
||Frechet||_F=  1.2673E-12max|Frechet|=  2.2272E-17
Grad block  10 GRAD_SCALED MORM =   3.9139E-05
MT try: alpha=  9.2201E-02  phi=  6.6730E-07  dg= -1.9826E-07  dg0= -2.8422E-07
MT try: armijo_rhs=  7.0820E-07  armijo=T  curvature=T  task=FG
  
  
  
  
  
Convergence reached, updating parameter grid
ALPHA from line search =  .9220147648518338E-01
 FCOST0 after linesearch  6.673035943378135E-007
Norm of s (s_norm) =  .6710015792814290E-02
  
Convergence check at iteration    3
  Relative cost decrease  =  5.7750E-02
  Relative model update   =  0.0000E+00
  Relative grad. norm     =  5.9917E-01
Time for LBFGS =  16.97432861328125 min
  
 Frequency:           6 Iteration:           4
t_global   =    328.752 s
  
 -------------- calculate Frechet derivatives -----------
 IFREQ =           6    ITERATION =           4
||Frechet||_F=  1.2673E-12max|Frechet|=  2.2272E-17
||Frechet||_F=  1.2673E-12max|Frechet|=  2.2272E-17
||Frechet||_F=  1.2673E-12max|Frechet|=  2.2272E-17
||Frechet||_F=  1.2673E-12max|Frechet|=  2.2272E-17
||Frechet||_F=  1.2673E-12max|Frechet|=  2.2272E-17
||Frechet||_F=  1.2673E-12max|Frechet|=  2.2272E-17
 
TIME for Frechet calc =  3.014733378092448 min
 
 
  compute the residual and the cost function
 WD_amp= 6.40691E+13  RESID_RMS= 1.15525E-03  FCOST_DATA= 6.67304E-07  FCOST0= 6.67304E-07
Grad block  10 GRAD_SCALED MORM =   3.9139E-05
Gradient finished
Start LBFGS 
curvature (warm): s·y=  7.9261E-09  ||s||^2=  4.5024E-05  ||y||^2=  1.3999E-11  sTy_min=  2.5105E-09
LBFGS history: used= 1  skipped= 2  worst_col= 4  bad_s·y=  6.1862E-09  bad_cos_sy=  3.5668E-01
LBFGS step: g·p = -1.6103E-07  ||p||=  5.4346E-02
LBFGS step: min(p)= -4.1021E-03  max(p)=  3.4159E-03
LBFGS p_k (unscaled) stats per active parameter:
  IA= 10  PAR={Q44}  min=-5.62564E+00  max= 4.68462E+00  L2= 7.45310E+01
min(p_k)= -4.1021E-03  max(p_k)=  3.4159E-03  ||p_k||=  5.4346E-02
min(p_kf)= -4.1021E-03  max(p_kf)=  3.4159E-03  ||p_kf||=  2.1738E-01
p_k/p_kf  =   2.5000E-01
Start linesearch
MT entry: phi(0)=  6.6730E-07  dg0= -1.6103E-07  alpha0=  1.0000E+00
 UPDATEPARAMETER: f-scale only
UPDATEPARAMETER PAR_STEP min/max, V_STEP min/max =  4.3441347030E+01  1.0492475009E+02
  4.3441347030E+01  1.0492475009E+02
 WD_amp= 6.40691E+13  RESID_RMS= 1.32667E-03  FCOST_DATA= 8.80028E-07  FCOST0= 8.80028E-07
  
 -------------- calculate Frechet derivatives -----------
 IFREQ =           6    ITERATION =           4
||Frechet||_F=  1.2696E-12max|Frechet|=  2.2272E-17
||Frechet||_F=  1.2696E-12max|Frechet|=  2.2272E-17
||Frechet||_F=  1.2696E-12max|Frechet|=  2.2272E-17
||Frechet||_F=  1.2696E-12max|Frechet|=  2.2272E-17
||Frechet||_F=  1.2696E-12max|Frechet|=  2.2272E-17
||Frechet||_F=  1.2696E-12max|Frechet|=  2.2272E-17
Grad block  10 GRAD_SCALED MORM =   4.3137E-05
MT try: alpha=  1.0000E+00  phi=  8.8003E-07  dg=  1.9100E-07  dg0= -1.6103E-07
MT try: armijo_rhs=  6.6729E-07  armijo=F  curvature=F  task=FG
 UPDATEPARAMETER: f-scale only
UPDATEPARAMETER PAR_STEP min/max, V_STEP min/max =  4.3528594127E+01  1.0484764360E+02
  4.3528594127E+01  1.0484764360E+02
 WD_amp= 6.40691E+13  RESID_RMS= 1.12766E-03  FCOST_DATA= 6.35805E-07  FCOST0= 6.35805E-07
  
 -------------- calculate Frechet derivatives -----------
 IFREQ =           6    ITERATION =           4
||Frechet||_F=  1.2675E-12max|Frechet|=  2.2272E-17
||Frechet||_F=  1.2675E-12max|Frechet|=  2.2272E-17
||Frechet||_F=  1.2675E-12max|Frechet|=  2.2272E-17
||Frechet||_F=  1.2675E-12max|Frechet|=  2.2272E-17
||Frechet||_F=  1.2675E-12max|Frechet|=  2.2272E-17
||Frechet||_F=  1.2675E-12max|Frechet|=  2.2272E-17
Grad block  10 GRAD_SCALED MORM =   3.7500E-05
MT try: alpha=  1.1484E-01  phi=  6.3581E-07  dg= -1.2323E-07  dg0= -1.6103E-07
MT try: armijo_rhs=  6.6730E-07  armijo=T  curvature=T  task=FG
  
  
  
  
  
Convergence reached, updating parameter grid
ALPHA from line search =  .1148413836945510
 FCOST0 after linesearch  6.358051672375939E-007
Norm of s (s_norm) =  .6241175497527843E-02
  
Convergence check at iteration    4
  Relative cost decrease  =  4.7203E-02
  Relative model update   =  0.0000E+00
  Relative grad. norm     =  5.0970E-01
Time for LBFGS =  17.19361775716146 min
  
 Frequency:           6 Iteration:           5
t_global   =    331.366 s
  
 -------------- calculate Frechet derivatives -----------
 IFREQ =           6    ITERATION =           5
||Frechet||_F=  1.2675E-12max|Frechet|=  2.2272E-17
||Frechet||_F=  1.2675E-12max|Frechet|=  2.2272E-17
||Frechet||_F=  1.2675E-12max|Frechet|=  2.2272E-17
||Frechet||_F=  1.2675E-12max|Frechet|=  2.2272E-17
||Frechet||_F=  1.2675E-12max|Frechet|=  2.2272E-17
||Frechet||_F=  1.2675E-12max|Frechet|=  2.2272E-17
 
TIME for Frechet calc =  2.994801584879557 min
 
 
  compute the residual and the cost function
 WD_amp= 6.40691E+13  RESID_RMS= 1.12766E-03  FCOST_DATA= 6.35805E-07  FCOST0= 6.35805E-07
Grad block  10 GRAD_SCALED MORM =   3.7500E-05
Gradient finished
Start LBFGS 
curvature (warm): s·y=  4.3412E-09  ||s||^2=  3.8952E-05  ||y||^2=  6.2415E-12  sTy_min=  1.5592E-09
LBFGS history: used= 1  skipped= 3  worst_col= 2  bad_s·y=  4.3412E-09  bad_cos_sy=  2.7842E-01
LBFGS step: g·p = -1.0755E-07  ||p||=  4.3374E-02
LBFGS step: min(p)= -3.2158E-03  max(p)=  2.9637E-03
LBFGS p_k (unscaled) stats per active parameter:
  IA= 10  PAR={Q44}  min=-4.41020E+00  max= 4.06443E+00  L2= 5.94839E+01
min(p_k)= -3.2158E-03  max(p_k)=  2.9637E-03  ||p_k||=  4.3374E-02
min(p_kf)= -3.2158E-03  max(p_kf)=  2.9637E-03  ||p_kf||=  1.7350E-01
p_k/p_kf  =   2.5000E-01
Start linesearch
MT entry: phi(0)=  6.3581E-07  dg0= -1.0755E-07  alpha0=  1.0000E+00
 UPDATEPARAMETER: f-scale only
UPDATEPARAMETER PAR_STEP min/max, V_STEP min/max =  4.3490327975E+01  1.0493333247E+02
  4.3490327975E+01  1.0493333247E+02
 WD_amp= 6.40691E+13  RESID_RMS= 1.16406E-03  FCOST_DATA= 6.77517E-07  FCOST0= 6.77517E-07
  
 -------------- calculate Frechet derivatives -----------
 IFREQ =           6    ITERATION =           5
||Frechet||_F=  1.2664E-12max|Frechet|=  2.2271E-17
||Frechet||_F=  1.2664E-12max|Frechet|=  2.2271E-17
||Frechet||_F=  1.2664E-12max|Frechet|=  2.2271E-17
||Frechet||_F=  1.2664E-12max|Frechet|=  2.2271E-17
||Frechet||_F=  1.2664E-12max|Frechet|=  2.2271E-17
||Frechet||_F=  1.2664E-12max|Frechet|=  2.2271E-17
Grad block  10 GRAD_SCALED MORM =   4.9023E-05
MT try: alpha=  1.0000E+00  phi=  6.7752E-07  dg=  1.3374E-07  dg0= -1.0755E-07
MT try: armijo_rhs=  6.3579E-07  armijo=F  curvature=F  task=FG
 UPDATEPARAMETER: f-scale only
UPDATEPARAMETER PAR_STEP min/max, V_STEP min/max =  4.3517224654E+01  1.0487044918E+02
  4.3517224654E+01  1.0487044918E+02
 WD_amp= 6.40691E+13  RESID_RMS= 1.08836E-03  FCOST_DATA= 5.92268E-07  FCOST0= 5.92268E-07
  
 -------------- calculate Frechet derivatives -----------
 IFREQ =           6    ITERATION =           5
||Frechet||_F=  1.2671E-12max|Frechet|=  2.2272E-17
||Frechet||_F=  1.2671E-12max|Frechet|=  2.2272E-17
||Frechet||_F=  1.2671E-12max|Frechet|=  2.2272E-17
||Frechet||_F=  1.2671E-12max|Frechet|=  2.2272E-17
||Frechet||_F=  1.2671E-12max|Frechet|=  2.2272E-17
||Frechet||_F=  1.2671E-12max|Frechet|=  2.2272E-17
Grad block  10 GRAD_SCALED MORM =   3.5471E-05
MT try: alpha=  2.9712E-01  phi=  5.9227E-07  dg= -3.4934E-08  dg0= -1.0755E-07
MT try: armijo_rhs=  6.3580E-07  armijo=T  curvature=T  task=FG
  
  
  
  
  
Convergence reached, updating parameter grid
ALPHA from line search =  .2971156541556871
 FCOST0 after linesearch  5.922682789718891E-007
Norm of s (s_norm) =  .1288711570256377E-01
  
Convergence check at iteration    5
  Relative cost decrease  =  6.8475E-02
  Relative model update   =  0.0000E+00
  Relative grad. norm     =  7.3915E-01
Time for LBFGS =  17.06798502604167 min
  
 Frequency:           6 Iteration:           6
t_global   =    331.264 s
  
 -------------- calculate Frechet derivatives -----------
 IFREQ =           6    ITERATION =           6
||Frechet||_F=  1.2671E-12max|Frechet|=  2.2272E-17
||Frechet||_F=  1.2671E-12max|Frechet|=  2.2272E-17
||Frechet||_F=  1.2671E-12max|Frechet|=  2.2272E-17
||Frechet||_F=  1.2671E-12max|Frechet|=  2.2272E-17
||Frechet||_F=  1.2671E-12max|Frechet|=  2.2272E-17
||Frechet||_F=  1.2671E-12max|Frechet|=  2.2272E-17
 
TIME for Frechet calc =  2.965920003255208 min
 
 
  compute the residual and the cost function
 WD_amp= 6.40691E+13  RESID_RMS= 1.08836E-03  FCOST_DATA= 5.92268E-07  FCOST0= 5.92268E-07
Grad block  10 GRAD_SCALED MORM =   3.5471E-05
Gradient finished
Start LBFGS 
curvature (warm): s·y=  2.1574E-08  ||s||^2=  1.6608E-04  ||y||^2=  1.0570E-10  sTy_min=  1.3249E-08
LBFGS history: used= 2  skipped= 3  worst_col= 2  bad_s·y=  4.3412E-09  bad_cos_sy=  2.7842E-01
LBFGS step: g·p = -5.3847E-07  ||p||=  2.4263E-01
LBFGS step: min(p)= -1.8321E-02  max(p)=  1.6696E-02
LBFGS p_k (unscaled) stats per active parameter:
  IA= 10  PAR={Q44}  min=-2.51250E+01  max= 2.28975E+01  L2= 3.32744E+02
min(p_k)= -1.8321E-02  max(p_k)=  1.6696E-02  ||p_k||=  2.4263E-01
min(p_kf)= -1.8321E-02  max(p_kf)=  1.6696E-02  ||p_kf||=  9.7051E-01
p_k/p_kf  =   2.5000E-01
Start linesearch
MT entry: phi(0)=  5.9227E-07  dg0= -5.3847E-07  alpha0=  1.0000E+00
 UPDATEPARAMETER: f-scale only
UPDATEPARAMETER PAR_STEP min/max, V_STEP min/max =  3.4853907502E+01  1.0631886079E+02
  3.4853907502E+01  1.0631886079E+02
 WD_amp= 6.40691E+13  RESID_RMS= 5.71013E-03  FCOST_DATA= 1.63028E-05  FCOST0= 1.63028E-05
  
 -------------- calculate Frechet derivatives -----------
 IFREQ =           6    ITERATION =           6
||Frechet||_F=  1.2903E-12max|Frechet|=  2.2264E-17
||Frechet||_F=  1.2903E-12max|Frechet|=  2.2264E-17
||Frechet||_F=  1.2903E-12max|Frechet|=  2.2264E-17
||Frechet||_F=  1.2903E-12max|Frechet|=  2.2264E-17
||Frechet||_F=  1.2903E-12max|Frechet|=  2.2264E-17
||Frechet||_F=  1.2903E-12max|Frechet|=  2.2264E-17
Grad block  10 GRAD_SCALED MORM =   3.5305E-04
MT try: alpha=  1.0000E+00  phi=  1.6303E-05  dg=  1.1090E-05  dg0= -5.3847E-07
MT try: armijo_rhs=  5.9221E-07  armijo=F  curvature=F  task=FG
 UPDATEPARAMETER: f-scale only
UPDATEPARAMETER PAR_STEP min/max, V_STEP min/max =  4.3510797023E+01  1.0487388507E+02
  4.3510797023E+01  1.0487388507E+02
 WD_amp= 6.40691E+13  RESID_RMS= 1.08564E-03  FCOST_DATA= 5.89302E-07  FCOST0= 5.89302E-07
  
 -------------- calculate Frechet derivatives -----------
 IFREQ =           6    ITERATION =           6
||Frechet||_F=  1.2672E-12max|Frechet|=  2.2272E-17
||Frechet||_F=  1.2672E-12max|Frechet|=  2.2272E-17
||Frechet||_F=  1.2672E-12max|Frechet|=  2.2272E-17
||Frechet||_F=  1.2672E-12max|Frechet|=  2.2272E-17
||Frechet||_F=  1.2672E-12max|Frechet|=  2.2272E-17
||Frechet||_F=  1.2672E-12max|Frechet|=  2.2272E-17
Grad block  10 GRAD_SCALED MORM =   3.4627E-05
MT try: alpha=  7.2983E-03  phi=  5.8930E-07  dg= -4.8172E-07  dg0= -5.3847E-07
MT try: armijo_rhs=  5.9227E-07  armijo=T  curvature=T  task=FG
  
  
  
  
  
Convergence reached, updating parameter grid
ALPHA from line search =  .7298331790805529E-02
 FCOST0 after linesearch  5.893020358210022E-007
Norm of s (s_norm) =  .1770779049586038E-02
  
Convergence check at iteration    6
  Relative cost decrease  =  5.0083E-03
  Relative model update   =  0.0000E+00
  Relative grad. norm     =  6.4535E-01
Time for LBFGS =  16.93982035319010 min
  
 Frequency:           6 Iteration:           7
t_global   =    331.934 s
  
 -------------- calculate Frechet derivatives -----------
 IFREQ =           6    ITERATION =           7
||Frechet||_F=  1.2672E-12max|Frechet|=  2.2272E-17
||Frechet||_F=  1.2672E-12max|Frechet|=  2.2272E-17
||Frechet||_F=  1.2672E-12max|Frechet|=  2.2272E-17
||Frechet||_F=  1.2672E-12max|Frechet|=  2.2272E-17
||Frechet||_F=  1.2672E-12max|Frechet|=  2.2272E-17
||Frechet||_F=  1.2672E-12max|Frechet|=  2.2272E-17
 
TIME for Frechet calc =  2.978773244222005 min
 
 
  compute the residual and the cost function
 WD_amp= 6.40691E+13  RESID_RMS= 1.08564E-03  FCOST_DATA= 5.89302E-07  FCOST0= 5.89302E-07
Grad block  10 GRAD_SCALED MORM =   3.4627E-05
Gradient finished
Start LBFGS 
curvature (full): s·y=  4.1419E-10  ||s||^2=  3.1357E-06  ||y||^2=  2.4441E-12  sTy_min=  2.7684E-10
LBFGS history: used= 1  skipped= 4  worst_col= 1  bad_s·y=  4.1419E-10  bad_cos_sy=  1.4961E-01
 
LBFGS step(full): g·p = -4.5619E-07  ||p||=  2.0558E-01
LBFGS step(full): min(p)= -1.5684E-02  max(p)=  1.3968E-02
LBFGS p_k (unscaled) stats per active parameter:
  IA= 10  PAR={Q44}  min=-2.15089E+01  max= 1.91555E+01  L2= 2.81936E+02
min(p_k)= -1.5684E-02  max(p_k)=  1.3968E-02  ||p_k||=  2.0558E-01
min(p_kf)= -1.5684E-02  max(p_kf)=  1.3968E-02  ||p_kf||=  8.2232E-01
p_k/p_kf  =   2.5000E-01
Start linesearch
MT entry: phi(0)=  5.8930E-07  dg0= -4.5619E-07  alpha0=  1.0000E+00
 UPDATEPARAMETER: f-scale only
UPDATEPARAMETER PAR_STEP min/max, V_STEP min/max =  3.6362486669E+01  1.0603132141E+02
  3.6362486669E+01  1.0603132141E+02
 WD_amp= 6.40691E+13  RESID_RMS= 5.07832E-03  FCOST_DATA= 1.28947E-05  FCOST0= 1.28947E-05
  
 -------------- calculate Frechet derivatives -----------
 IFREQ =           6    ITERATION =           7
||Frechet||_F=  1.2893E-12max|Frechet|=  2.2263E-17
||Frechet||_F=  1.2893E-12max|Frechet|=  2.2263E-17
||Frechet||_F=  1.2893E-12max|Frechet|=  2.2263E-17
||Frechet||_F=  1.2893E-12max|Frechet|=  2.2263E-17
||Frechet||_F=  1.2893E-12max|Frechet|=  2.2263E-17
||Frechet||_F=  1.2893E-12max|Frechet|=  2.2263E-17
Grad block  10 GRAD_SCALED MORM =   3.3267E-04
MT try: alpha=  1.0000E+00  phi=  1.2895E-05  dg=  9.5601E-06  dg0= -4.5619E-07
MT try: armijo_rhs=  5.8926E-07  armijo=F  curvature=F  task=FG
 UPDATEPARAMETER: f-scale only
UPDATEPARAMETER PAR_STEP min/max, V_STEP min/max =  4.3504107445E+01  1.0487722369E+02
  4.3504107445E+01  1.0487722369E+02
 WD_amp= 6.40691E+13  RESID_RMS= 1.08344E-03  FCOST_DATA= 5.86918E-07  FCOST0= 5.86918E-07
  
 -------------- calculate Frechet derivatives -----------
 IFREQ =           6    ITERATION =           7
||Frechet||_F=  1.2673E-12max|Frechet|=  2.2272E-17
||Frechet||_F=  1.2673E-12max|Frechet|=  2.2272E-17
||Frechet||_F=  1.2673E-12max|Frechet|=  2.2272E-17
||Frechet||_F=  1.2673E-12max|Frechet|=  2.2272E-17
||Frechet||_F=  1.2673E-12max|Frechet|=  2.2272E-17
||Frechet||_F=  1.2673E-12max|Frechet|=  2.2272E-17
Grad block  10 GRAD_SCALED MORM =   3.3795E-05
MT try: alpha=  8.1232E-03  phi=  5.8692E-07  dg= -3.9823E-07  dg0= -4.5619E-07
MT try: armijo_rhs=  5.8930E-07  armijo=T  curvature=T  task=FG
  
  
  
  
  
Convergence reached, updating parameter grid
ALPHA from line search =  .8123200723828968E-02
 FCOST0 after linesearch  5.869183313824330E-007
Norm of s (s_norm) =  .1669969089747385E-02
  
Convergence check at iteration    7
  Relative cost decrease  =  4.0450E-03
  Relative model update   =  0.0000E+00
  Relative grad. norm     =  5.3730E-01
Time for LBFGS =  17.07602335611979 min
  
 Frequency:           6 Iteration:           8
t_global   =    332.052 s
  
 -------------- calculate Frechet derivatives -----------
 IFREQ =           6    ITERATION =           8
||Frechet||_F=  1.2673E-12max|Frechet|=  2.2272E-17
||Frechet||_F=  1.2673E-12max|Frechet|=  2.2272E-17
||Frechet||_F=  1.2673E-12max|Frechet|=  2.2272E-17
||Frechet||_F=  1.2673E-12max|Frechet|=  2.2272E-17
||Frechet||_F=  1.2673E-12max|Frechet|=  2.2272E-17
||Frechet||_F=  1.2673E-12max|Frechet|=  2.2272E-17
 
TIME for Frechet calc =  3.015711720784505 min
 
 
  compute the residual and the cost function
 WD_amp= 6.40691E+13  RESID_RMS= 1.08344E-03  FCOST_DATA= 5.86918E-07  FCOST0= 5.86918E-07
Grad block  10 GRAD_SCALED MORM =   3.3795E-05
Gradient finished
Start LBFGS 
curvature (full): s·y=  4.7079E-10  ||s||^2=  2.7888E-06  ||y||^2=  3.1559E-12  sTy_min=  2.9667E-10
LBFGS history: used= 1  skipped= 4  worst_col= 2  bad_s·y=  4.1419E-10  bad_cos_sy=  1.4961E-01
 
LBFGS step(full): g·p = -3.4910E-07  ||p||=  1.8246E-01
LBFGS step(full): min(p)= -1.3799E-02  max(p)=  1.2573E-02
LBFGS p_k (unscaled) stats per active parameter:
  IA= 10  PAR={Q44}  min=-1.89247E+01  max= 1.72426E+01  L2= 2.50229E+02
min(p_k)= -1.3799E-02  max(p_k)=  1.2573E-02  ||p_k||=  1.8246E-01
min(p_kf)= -1.3799E-02  max(p_kf)=  1.2573E-02  ||p_kf||=  7.2984E-01
p_k/p_kf  =   2.5000E-01
Start linesearch
MT entry: phi(0)=  5.8692E-07  dg0= -3.4910E-07  alpha0=  1.0000E+00
 UPDATEPARAMETER: f-scale only
UPDATEPARAMETER PAR_STEP min/max, V_STEP min/max =  3.7330545797E+01  1.0590584284E+02
  3.7330545797E+01  1.0590584284E+02
 WD_amp= 6.40691E+13  RESID_RMS= 4.33628E-03  FCOST_DATA= 9.40168E-06  FCOST0= 9.40168E-06
  
 -------------- calculate Frechet derivatives -----------
 IFREQ =           6    ITERATION =           8
||Frechet||_F=  1.2850E-12max|Frechet|=  2.2263E-17
||Frechet||_F=  1.2850E-12max|Frechet|=  2.2263E-17
||Frechet||_F=  1.2850E-12max|Frechet|=  2.2263E-17
||Frechet||_F=  1.2850E-12max|Frechet|=  2.2263E-17
||Frechet||_F=  1.2850E-12max|Frechet|=  2.2263E-17
||Frechet||_F=  1.2850E-12max|Frechet|=  2.2263E-17
Grad block  10 GRAD_SCALED MORM =   2.7718E-04
MT try: alpha=  1.0000E+00  phi=  9.4017E-06  dg=  6.5967E-06  dg0= -3.4910E-07
MT try: armijo_rhs=  5.8688E-07  armijo=F  curvature=F  task=FG
 UPDATEPARAMETER: f-scale only
UPDATEPARAMETER PAR_STEP min/max, V_STEP min/max =  4.3497882235E+01  1.0488041653E+02
  4.3497882235E+01  1.0488041653E+02
 WD_amp= 6.40691E+13  RESID_RMS= 1.08238E-03  FCOST_DATA= 5.85774E-07  FCOST0= 5.85774E-07
  
 -------------- calculate Frechet derivatives -----------
 IFREQ =           6    ITERATION =           8
||Frechet||_F=  1.2674E-12max|Frechet|=  2.2272E-17
||Frechet||_F=  1.2674E-12max|Frechet|=  2.2272E-17
||Frechet||_F=  1.2674E-12max|Frechet|=  2.2272E-17
||Frechet||_F=  1.2674E-12max|Frechet|=  2.2272E-17
||Frechet||_F=  1.2674E-12max|Frechet|=  2.2272E-17
||Frechet||_F=  1.2674E-12max|Frechet|=  2.2272E-17
Grad block  10 GRAD_SCALED MORM =   3.3157E-05
MT try: alpha=  8.5566E-03  phi=  5.8577E-07  dg= -3.0495E-07  dg0= -3.4910E-07
MT try: armijo_rhs=  5.8692E-07  armijo=T  curvature=T  task=FG
  
  
  
  
  
Convergence reached, updating parameter grid
ALPHA from line search =  .8556582335088065E-02
 FCOST0 after linesearch  5.857735488024639E-007
Norm of s (s_norm) =  .1561238136529983E-02
  
Convergence check at iteration    8
  Relative cost decrease  =  1.9505E-03
  Relative model update   =  0.0000E+00
  Relative grad. norm     =  4.4456E-01
Time for LBFGS =  17.00133158365885 min
  
 Frequency:           6 Iteration:           9
t_global   =    331.712 s
  
 -------------- calculate Frechet derivatives -----------
 IFREQ =           6    ITERATION =           9
||Frechet||_F=  1.2674E-12max|Frechet|=  2.2272E-17
||Frechet||_F=  1.2674E-12max|Frechet|=  2.2272E-17
||Frechet||_F=  1.2674E-12max|Frechet|=  2.2272E-17
||Frechet||_F=  1.2674E-12max|Frechet|=  2.2272E-17
||Frechet||_F=  1.2674E-12max|Frechet|=  2.2272E-17
||Frechet||_F=  1.2674E-12max|Frechet|=  2.2272E-17
 
TIME for Frechet calc =  3.056123352050781 min
 
 
  compute the residual and the cost function
 WD_amp= 6.40691E+13  RESID_RMS= 1.08238E-03  FCOST_DATA= 5.85774E-07  FCOST0= 5.85774E-07
Grad block  10 GRAD_SCALED MORM =   3.3157E-05
Gradient finished
Start LBFGS 
curvature (full): s·y=  3.7783E-10  ||s||^2=  2.4375E-06  ||y||^2=  2.4931E-12  sTy_min=  2.4651E-10
LBFGS history: used= 1  skipped= 4  worst_col= 1  bad_s·y=  3.7783E-10  bad_cos_sy=  1.5327E-01
 
LBFGS step(full): g·p = -2.6781E-07  ||p||=  1.6150E-01
LBFGS step(full): min(p)= -1.2090E-02  max(p)=  1.1300E-02
LBFGS p_k (unscaled) stats per active parameter:
  IA= 10  PAR={Q44}  min=-1.65808E+01  max= 1.54970E+01  L2= 2.21485E+02
min(p_k)= -1.2090E-02  max(p_k)=  1.1300E-02  ||p_k||=  1.6150E-01
min(p_kf)= -1.2090E-02  max(p_kf)=  1.1300E-02  ||p_kf||=  6.4601E-01
p_k/p_kf  =   2.5000E-01
Start linesearch
MT entry: phi(0)=  5.8577E-07  dg0= -2.6781E-07  alpha0=  1.0000E+00
 UPDATEPARAMETER: f-scale only
UPDATEPARAMETER PAR_STEP min/max, V_STEP min/max =  3.8208907990E+01  1.0579221949E+02
  3.8208907990E+01  1.0579221949E+02
 WD_amp= 6.40691E+13  RESID_RMS= 3.70210E-03  FCOST_DATA= 6.85276E-06  FCOST0= 6.85276E-06
  
 -------------- calculate Frechet derivatives -----------
 IFREQ =           6    ITERATION =           9
||Frechet||_F=  1.2815E-12max|Frechet|=  2.2264E-17
||Frechet||_F=  1.2815E-12max|Frechet|=  2.2264E-17
||Frechet||_F=  1.2815E-12max|Frechet|=  2.2264E-17
||Frechet||_F=  1.2815E-12max|Frechet|=  2.2264E-17
||Frechet||_F=  1.2815E-12max|Frechet|=  2.2264E-17
||Frechet||_F=  1.2815E-12max|Frechet|=  2.2264E-17
Grad block  10 GRAD_SCALED MORM =   2.2982E-04
MT try: alpha=  1.0000E+00  phi=  6.8528E-06  dg=  4.4954E-06  dg0= -2.6781E-07
MT try: armijo_rhs=  5.8575E-07  armijo=F  curvature=F  task=FG
 UPDATEPARAMETER: f-scale only
UPDATEPARAMETER PAR_STEP min/max, V_STEP min/max =  4.3492055547E+01  1.0488349568E+02
  4.3492055547E+01  1.0488349568E+02
 WD_amp= 6.40691E+13  RESID_RMS= 1.08217E-03  FCOST_DATA= 5.85547E-07  FCOST0= 5.85547E-07
  
 -------------- calculate Frechet derivatives -----------
 IFREQ =           6    ITERATION =           9
||Frechet||_F=  1.2675E-12max|Frechet|=  2.2272E-17
||Frechet||_F=  1.2675E-12max|Frechet|=  2.2272E-17
||Frechet||_F=  1.2675E-12max|Frechet|=  2.2272E-17
||Frechet||_F=  1.2675E-12max|Frechet|=  2.2272E-17
||Frechet||_F=  1.2675E-12max|Frechet|=  2.2272E-17
||Frechet||_F=  1.2675E-12max|Frechet|=  2.2272E-17
Grad block  10 GRAD_SCALED MORM =   3.2673E-05
MT try: alpha=  9.0921E-03  phi=  5.8555E-07  dg= -2.3441E-07  dg0= -2.6781E-07
MT try: armijo_rhs=  5.8577E-07  armijo=T  curvature=T  task=FG
  
  
  
  
  
Convergence reached, updating parameter grid
ALPHA from line search =  .9092095344648913E-02
 FCOST0 after linesearch  5.855473281633851E-007
Norm of s (s_norm) =  .1468385001618044E-02
  
Convergence check at iteration    9
  Relative cost decrease  =  3.8619E-04
  Relative model update   =  0.0000E+00
  Relative grad. norm     =  3.6686E-01
 *** Convergence conditions satisfied:
     - Cost change below tolerance.
  
 --------- Frequency   5.20000000000000       (band            1 )
[ComputeAcqWeight] empty acq_weight_file, using uniform weights = 1.0
Data weighting computed for frequency 4607182418800017373
XSRmin, XSRmax, ZSRmin, ZSRMax -1960.000000000000 .000000000000000 2050.000000000000 4030.000000000000
1 FKYC
1.2 FKYC
Data weighting computed for frequency 4607182418800017373
my_rank, FKYC,WLMAX, RMAX 0 .4261638730087023E-01 985.1497682389943 2786.036611389018
1.1 NK
NK in cky2= 55

  Number of wavenumber samples (NK) for FREQ =   55
Data weighting computed for frequency 4607182418800017373
Data weighting computed for frequency 4607182418800017373
Data weighting computed for frequency 4607182418800017373
Data weighting computed for frequency 4607182418800017373
  RMAX = 2786.04
--- Pre-solver preview (memory + RHS workload) ---
   GQG dims: NNX=       585  NNZ=       317  NPT=    185445
   DOF:     N=3*NPT =    556335
   Sources: NSR=       100  NSS=        20  NK=        55
   RHS total (per IK): nrhs_tot=3*NSS =        60
   Batch:    MAX_RHS_BATCH=        32  nbatches=         2
   GFMY  (GFX+GFY+GFZ):         13.679 GB
   RHS_MY(rhs+sol buffers):      0.531 GB
 
 running run_ik_loop_pardiso
before CA | VmRSS=  15.477 GB  VmHWM=  81.337 GB
after CA | VmRSS=  16.999 GB  VmHWM=  81.337 GB
after factor | VmRSS=  20.757 GB  VmHWM=  81.337 GB
f=     5.200 Hz | ky=  0.774843E-03 | IK=       1/      55 | t=   17.330500 s | CA=  2.5408 | fact= 12.8548 | GF=  1.9346 | solve=  1.7766 | scatter=  0.0550
f=     5.200 Hz | ky=  0.154969E-02 | IK=       2/      55 | t=    6.969700 s | CA=  2.5817 | fact=  2.5658 | GF=  1.8222 | solve=  1.6960 | scatter=  0.0527
f=     5.200 Hz | ky=  0.232453E-02 | IK=       3/      55 | t=    6.953700 s | CA=  2.5756 | fact=  2.5541 | GF=  1.8240 | solve=  1.6966 | scatter=  0.0539
f=     5.200 Hz | ky=  0.309937E-02 | IK=       4/      55 | t=    6.926200 s | CA=  2.5290 | fact=  2.5678 | GF=  1.8294 | solve=  1.7025 | scatter=  0.0534
f=     5.200 Hz | ky=  0.387422E-02 | IK=       5/      55 | t=    7.023000 s | CA=  2.6128 | fact=  2.5821 | GF=  1.8280 | solve=  1.6992 | scatter=  0.0551
f=     5.200 Hz | ky=  0.464906E-02 | IK=       6/      55 | t=    6.968900 s | CA=  2.5896 | fact=  2.5573 | GF=  1.8220 | solve=  1.6948 | scatter=  0.0537
f=     5.200 Hz | ky=  0.542390E-02 | IK=       7/      55 | t=    7.012500 s | CA=  2.6052 | fact=  2.5795 | GF=  1.8278 | solve=  1.7006 | scatter=  0.0538
f=     5.200 Hz | ky=  0.619875E-02 | IK=       8/      55 | t=    6.966000 s | CA=  2.5850 | fact=  2.5505 | GF=  1.8304 | solve=  1.7039 | scatter=  0.0532
f=     5.200 Hz | ky=  0.697359E-02 | IK=       9/      55 | t=    7.011700 s | CA=  2.6424 | fact=  2.5684 | GF=  1.8009 | solve=  1.6736 | scatter=  0.0537
f=     5.200 Hz | ky=  0.774843E-02 | IK=      10/      55 | t=    6.945800 s | CA=  2.5917 | fact=  2.5964 | GF=  1.7577 | solve=  1.6287 | scatter=  0.0552
PARDISO mem (f=  5.20 Hz): sym=  1.95 GB  perm=  1.42 GB  num=  3.22 GB  
peak=  4.64 GB
t_global   =    116.241 s
TIME for 1st forward modeling =  1.937390009562175  min
TIME for GT0 =  .5278333524862925E-02  min
Data scaler W for L2 norm: 66886451458744.52
Data scaler W for WQS norm: .1007948000807317E-312
Total number of active inversion parameters for current sequential stage (IM):          1
Total model blocks points (NM = IM * NBLOCK):      11534 on grid (NMM = IM * NPT):    185445
 Gradient balance ():   1.00000000000000        1.00000000000000     
   1.00000000000000        1.00000000000000        1.00000000000000     
   1.00000000000000        1.00000000000000        1.00000000000000     
   1.00000000000000        1.00000000000000        1.00000000000000     
 IE0, IZ          30           0
 IE0, IZ, GZ1, GZ2 =           30           0   100.000000000000     
   300.000000000000     
  
 Frequency:           7 Iteration:           1
--- Pre-solver preview (memory + RHS workload) ---
   GQG dims: NNX=       585  NNZ=       317  NPT=    185445
   DOF:     N=3*NPT =    556335
   Sources: NSR=       100  NSS=       100  NK=        55
   RHS total (per IK): nrhs_tot=3*NSS =       300
   Batch:    MAX_RHS_BATCH=        32  nbatches=        10
   GFMY  (GFX+GFY+GFZ):         68.393 GB
   RHS_MY(rhs+sol buffers):      0.531 GB
 
 running run_ik_loop_pardiso
before CA | VmRSS=  71.006 GB  VmHWM=  81.337 GB
after CA | VmRSS=  72.149 GB  VmHWM=  81.337 GB
after factor | VmRSS=  75.914 GB  VmHWM=  81.337 GB
f=     5.200 Hz | ky=  0.774843E-03 | IK=       1/      55 | t=   24.370200 s | CA=  2.5300 | fact= 12.8402 | GF=  8.9998 | solve=  8.3288 | scatter=  0.2581
f=     5.200 Hz | ky=  0.154969E-02 | IK=       2/      55 | t=   14.046000 s | CA=  2.5776 | fact=  2.5552 | GF=  8.9132 | solve=  8.2711 | scatter=  0.2599
f=     5.200 Hz | ky=  0.232453E-02 | IK=       3/      55 | t=   14.036300 s | CA=  2.5874 | fact=  2.5732 | GF=  8.8757 | solve=  8.2394 | scatter=  0.2531
f=     5.200 Hz | ky=  0.309937E-02 | IK=       4/      55 | t=   13.968100 s | CA=  2.5787 | fact=  2.5085 | GF=  8.8808 | solve=  8.2408 | scatter=  0.2569
f=     5.200 Hz | ky=  0.387422E-02 | IK=       5/      55 | t=   14.154900 s | CA=  2.7085 | fact=  2.5560 | GF=  8.8904 | solve=  8.2513 | scatter=  0.2558
f=     5.200 Hz | ky=  0.464906E-02 | IK=       6/      55 | t=   14.070500 s | CA=  2.5708 | fact=  2.5966 | GF=  8.9030 | solve=  8.2621 | scatter=  0.2584
f=     5.200 Hz | ky=  0.542390E-02 | IK=       7/      55 | t=   14.066800 s | CA=  2.5982 | fact=  2.5820 | GF=  8.8866 | solve=  8.2451 | scatter=  0.2590
f=     5.200 Hz | ky=  0.619875E-02 | IK=       8/      55 | t=   14.045300 s | CA=  2.5685 | fact=  2.5624 | GF=  8.9143 | solve=  8.2752 | scatter=  0.2566
f=     5.200 Hz | ky=  0.697359E-02 | IK=       9/      55 | t=   14.095500 s | CA=  2.6351 | fact=  2.5643 | GF=  8.8961 | solve=  8.2555 | scatter=  0.2580
f=     5.200 Hz | ky=  0.774843E-02 | IK=      10/      55 | t=   14.054200 s | CA=  2.5563 | fact=  2.5822 | GF=  8.9157 | solve=  8.2739 | scatter=  0.2594
PARDISO mem (f=  5.20 Hz): sym=  1.95 GB  perm=  1.42 GB  num=  3.22 GB  
peak=  4.64 GB
t_global   =    331.620 s
TIME for 2d forward modeling_i calc =  5.524319966634114 min
Rank    5 -> ID range:   4001 to   4800 | Tasks:    800
Rank    4 -> ID range:   3201 to   4000 | Tasks:    800
Rank    1 -> ID range:    801 to   1600 | Tasks:    800
Rank    2 -> ID range:   1601 to   2400 | Tasks:    800
Rank    3 -> ID range:   2401 to   3200 | Tasks:    800
  
 -------------- calculate Frechet derivatives -----------
 IFREQ =           7    ITERATION =           1
Frechet memory size Frec_my:      0.825 (Gb)
Rank    0 -> ID range:      1 to    800 | Tasks:    800
FREQ:      5.2 Hz, ITER=       1  Frechet Derivative ID=     100/    4800 Finished   0.219100 s
FREQ:      5.2 Hz, ITER=       1  Frechet Derivative ID=     200/    4800 Finished   0.233900 s
FREQ:      5.2 Hz, ITER=       1  Frechet Derivative ID=     300/    4800 Finished   0.221600 s
FREQ:      5.2 Hz, ITER=       1  Frechet Derivative ID=     400/    4800 Finished   0.210500 s
FREQ:      5.2 Hz, ITER=       1  Frechet Derivative ID=     500/    4800 Finished   0.226800 s
FREQ:      5.2 Hz, ITER=       1  Frechet Derivative ID=     600/    4800 Finished   0.223200 s
FREQ:      5.2 Hz, ITER=       1  Frechet Derivative ID=     700/    4800 Finished   0.218100 s
FREQ:      5.2 Hz, ITER=       1  Frechet Derivative ID=     800/    4800 Finished   0.217000 s
||Frechet||_F=  1.3012E-12max|Frechet|=  2.4203E-17
||Frechet||_F=  1.3012E-12max|Frechet|=  2.4203E-17
||Frechet||_F=  1.3012E-12max|Frechet|=  2.4203E-17
||Frechet||_F=  1.3012E-12max|Frechet|=  2.4203E-17
||Frechet||_F=  1.3012E-12max|Frechet|=  2.4203E-17
||Frechet||_F=  1.3012E-12max|Frechet|=  2.4203E-17
 
TIME for Frechet calc =  3.018378448486328 min
 
m_fine: min=  4.3492E+01  max=  1.0488E+02  mean=  8.2490E+01  ||.||2=  3.6918E+04  size=  185445
m_coarse_prev: min=  4.4325E+01  max=  1.0456E+02  mean=  8.2512E+01  ||.||2=  9.2083E+03  size=   11534
 
  compute the residual and the cost function
 WD_amp= 6.68865E+13  RESID_RMS= 1.27838E-03  FCOST_DATA= 8.17123E-07  FCOST0= 8.17123E-07
IA= 10  H(single F0) min= 0.00000E+00  max= 4.32647E-02
IA= 10  H(F0^2)     min= 0.00000E+00  max= 4.32647E-02
HESSD: ia=  10  min= 0.00000E+00  max= 2.31121E+04
IA= 10  H(single F0) min= 0.00000E+00  max= 4.32647E-02
IA= 10  H(F0^2)     min= 0.00000E+00  max= 4.32647E-02
HESSD: ia=  10  min= 0.00000E+00  max= 2.31121E+04
IA= 10  H(single F0) min= 0.00000E+00  max= 4.32647E-02
IA= 10  H(F0^2)     min= 0.00000E+00  max= 4.32647E-02
HESSD: ia=  10  min= 0.00000E+00  max= 2.31121E+04
IA= 10  H(single F0) min= 0.00000E+00  max= 4.32647E-02
IA= 10  H(F0^2)     min= 0.00000E+00  max= 4.32647E-02
HESSD: ia=  10  min= 0.00000E+00  max= 2.31121E+04
IA= 10  H(single F0) min= 0.00000E+00  max= 4.32647E-02
IA= 10  H(F0^2)     min= 0.00000E+00  max= 4.32647E-02
HESSD: ia=  10  min= 0.00000E+00  max= 2.31121E+04
IA= 10  H(single F0) min= 0.00000E+00  max= 4.32647E-02
IA= 10  H(F0^2)     min= 0.00000E+00  max= 4.32647E-02
HESSD: ia=  10  min= 0.00000E+00  max= 2.31121E+04
Grad block  10 GRAD_SCALED MORM =   4.8190E-05
Raw grad block 10  PAR={Q44}  min= -7.5815E-09  max=  8.2489E-09  L2=  3.9804E-08
Gradient finished
Start LBFGS 
LBFGS steepest step , iter=      1
  g·p = -7.0831E-07  ||p|| =  7.6354E-02
  min(p)= -7.3670E-03  max(p)=  6.5487E-03
LBFGS p_k (unscaled) stats per active parameter:
  IA= 10  PAR={Q44}  min=-1.01032E+01  max= 8.98097E+00  L2= 1.04713E+02
min(p_k)= -7.3670E-03  max(p_k)=  6.5487E-03  ||p_k||=  7.6354E-02
min(p_kf)= -7.3670E-03  max(p_kf)=  6.5487E-03  ||p_kf||=  3.0542E-01
p_k/p_kf  =   2.5000E-01
Start linesearch
BT entry: phi(0)=  8.1712E-07  g·p(0)= -7.0831E-07
 UPDATEPARAMETER: f-scale only
UPDATEPARAMETER PAR_STEP min/max, V_STEP min/max =  3.9814466382E+01  1.0505170490E+02
  3.9814466382E+01  1.0505170490E+02
REL STEP Q      : k= 10 row=  5 rmax_k=  1.8852E-01 row_scale=  1.0488E+02
BT cap probe: rmax1=  1.8852E-01  alpha_cap=  1.0000E+00  alpha00=  1.0000E+00
 UPDATEPARAMETER: f-scale only
UPDATEPARAMETER PAR_STEP min/max, V_STEP min/max =  3.9814466382E+01  1.0505170490E+02
  3.9814466382E+01  1.0505170490E+02
 running run_ik_loop_pardiso
before CA | VmRSS=  16.335 GB  VmHWM=  81.337 GB
after CA | VmRSS=  16.958 GB  VmHWM=  81.337 GB
after factor | VmRSS=  20.727 GB  VmHWM=  81.337 GB
f=     5.200 Hz | ky=  0.774843E-03 | IK=       1/      55 | t=   17.332000 s | CA=  2.5332 | fact= 12.8599 | GF=  1.9387 | solve=  1.7831 | scatter=  0.0526
f=     5.200 Hz | ky=  0.154969E-02 | IK=       2/      55 | t=    6.917300 s | CA=  2.5723 | fact=  2.5197 | GF=  1.8253 | solve=  1.6986 | scatter=  0.0531
f=     5.200 Hz | ky=  0.232453E-02 | IK=       3/      55 | t=    6.995100 s | CA=  2.5998 | fact=  2.5681 | GF=  1.8272 | solve=  1.7006 | scatter=  0.0530
f=     5.200 Hz | ky=  0.309937E-02 | IK=       4/      55 | t=    7.054900 s | CA=  2.6337 | fact=  2.5932 | GF=  1.8279 | solve=  1.6995 | scatter=  0.0547
f=     5.200 Hz | ky=  0.387422E-02 | IK=       5/      55 | t=    7.035600 s | CA=  2.6159 | fact=  2.5895 | GF=  1.8302 | solve=  1.7036 | scatter=  0.0531
f=     5.200 Hz | ky=  0.464906E-02 | IK=       6/      55 | t=    6.998600 s | CA=  2.6031 | fact=  2.5695 | GF=  1.8260 | solve=  1.6987 | scatter=  0.0537
f=     5.200 Hz | ky=  0.542390E-02 | IK=       7/      55 | t=    7.002300 s | CA=  2.5925 | fact=  2.5823 | GF=  1.8275 | solve=  1.7004 | scatter=  0.0534
f=     5.200 Hz | ky=  0.619875E-02 | IK=       8/      55 | t=    6.988000 s | CA=  2.5994 | fact=  2.5582 | GF=  1.8304 | solve=  1.7023 | scatter=  0.0541
f=     5.200 Hz | ky=  0.697359E-02 | IK=       9/      55 | t=    7.036100 s | CA=  2.6218 | fact=  2.5905 | GF=  1.8238 | solve=  1.6966 | scatter=  0.0536
f=     5.200 Hz | ky=  0.774843E-02 | IK=      10/      55 | t=    6.975400 s | CA=  2.5818 | fact=  2.5620 | GF=  1.8316 | solve=  1.7030 | scatter=  0.0545
PARDISO mem (f=  5.20 Hz): sym=  1.95 GB  perm=  1.42 GB  num=  3.22 GB  
peak=  4.64 GB
 WD_amp= 6.68865E+13  RESID_RMS= 2.91484E-03  FCOST_DATA= 4.24815E-06  FCOST0= 4.24815E-06
BT: alpha=  1.0000E+00  phi=  4.2481E-06  rhs=  8.1705E-07
 UPDATEPARAMETER: f-scale only
UPDATEPARAMETER PAR_STEP min/max, V_STEP min/max =  4.2997021165E+01  1.0496760029E+02
  4.2997021165E+01  1.0496760029E+02
 running run_ik_loop_pardiso
before CA | VmRSS=  16.985 GB  VmHWM=  81.337 GB
after CA | VmRSS=  16.947 GB  VmHWM=  81.337 GB
after factor | VmRSS=  20.709 GB  VmHWM=  81.337 GB
f=     5.200 Hz | ky=  0.774843E-03 | IK=       1/      55 | t=   17.334800 s | CA=  2.5515 | fact= 12.8573 | GF=  1.9258 | solve=  1.7689 | scatter=  0.0536
f=     5.200 Hz | ky=  0.154969E-02 | IK=       2/      55 | t=    7.016100 s | CA=  2.6095 | fact=  2.5797 | GF=  1.8268 | solve=  1.6996 | scatter=  0.0534
f=     5.200 Hz | ky=  0.232453E-02 | IK=       3/      55 | t=    6.979500 s | CA=  2.5829 | fact=  2.5710 | GF=  1.8255 | solve=  1.6966 | scatter=  0.0552
f=     5.200 Hz | ky=  0.309937E-02 | IK=       4/      55 | t=    6.970100 s | CA=  2.5779 | fact=  2.5671 | GF=  1.8251 | solve=  1.6977 | scatter=  0.0538
f=     5.200 Hz | ky=  0.387422E-02 | IK=       5/      55 | t=    6.950600 s | CA=  2.5788 | fact=  2.5822 | GF=  1.7896 | solve=  1.6609 | scatter=  0.0552
f=     5.200 Hz | ky=  0.464906E-02 | IK=       6/      55 | t=    6.857100 s | CA=  2.5466 | fact=  2.5655 | GF=  1.7450 | solve=  1.6172 | scatter=  0.0543
f=     5.200 Hz | ky=  0.542390E-02 | IK=       7/      55 | t=    6.944600 s | CA=  2.6143 | fact=  2.5666 | GF=  1.7637 | solve=  1.6369 | scatter=  0.0531
f=     5.200 Hz | ky=  0.619875E-02 | IK=       8/      55 | t=    6.879000 s | CA=  2.6067 | fact=  2.5093 | GF=  1.7629 | solve=  1.6357 | scatter=  0.0531
f=     5.200 Hz | ky=  0.697359E-02 | IK=       9/      55 | t=    6.906000 s | CA=  2.5740 | fact=  2.5682 | GF=  1.7637 | solve=  1.6370 | scatter=  0.0532
f=     5.200 Hz | ky=  0.774843E-02 | IK=      10/      55 | t=    6.908000 s | CA=  2.5780 | fact=  2.5722 | GF=  1.7578 | solve=  1.6309 | scatter=  0.0533
PARDISO mem (f=  5.20 Hz): sym=  1.95 GB  perm=  1.42 GB  num=  3.22 GB  
peak=  4.64 GB
 WD_amp= 6.68865E+13  RESID_RMS= 1.68707E-03  FCOST_DATA= 1.42309E-06  FCOST0= 1.42309E-06
BT: alpha=  5.0000E-01  phi=  1.4231E-06  rhs=  8.1709E-07
 UPDATEPARAMETER: f-scale only
UPDATEPARAMETER PAR_STEP min/max, V_STEP min/max =  4.3528292970E+01  1.0492554799E+02
  4.3528292970E+01  1.0492554799E+02
 running run_ik_loop_pardiso
before CA | VmRSS=  16.347 GB  VmHWM=  81.337 GB
after CA | VmRSS=  17.893 GB  VmHWM=  81.337 GB
after factor | VmRSS=  21.658 GB  VmHWM=  81.337 GB
f=     5.200 Hz | ky=  0.774843E-03 | IK=       1/      55 | t=   17.317700 s | CA=  2.5362 | fact= 12.8441 | GF=  1.9372 | solve=  1.7802 | scatter=  0.0542
f=     5.200 Hz | ky=  0.154969E-02 | IK=       2/      55 | t=    6.966400 s | CA=  2.5750 | fact=  2.5676 | GF=  1.8238 | solve=  1.6971 | scatter=  0.0531
f=     5.200 Hz | ky=  0.232453E-02 | IK=       3/      55 | t=    7.082800 s | CA=  2.6728 | fact=  2.5856 | GF=  1.8243 | solve=  1.6977 | scatter=  0.0527
f=     5.200 Hz | ky=  0.309937E-02 | IK=       4/      55 | t=    6.957300 s | CA=  2.5578 | fact=  2.5731 | GF=  1.8264 | solve=  1.6997 | scatter=  0.0533
f=     5.200 Hz | ky=  0.387422E-02 | IK=       5/      55 | t=    7.007500 s | CA=  2.6160 | fact=  2.5657 | GF=  1.8257 | solve=  1.6990 | scatter=  0.0533
f=     5.200 Hz | ky=  0.464906E-02 | IK=       6/      55 | t=    6.968400 s | CA=  2.5753 | fact=  2.5721 | GF=  1.8209 | solve=  1.6948 | scatter=  0.0527
f=     5.200 Hz | ky=  0.542390E-02 | IK=       7/      55 | t=    6.970300 s | CA=  2.5604 | fact=  2.5802 | GF=  1.8297 | solve=  1.7023 | scatter=  0.0538
f=     5.200 Hz | ky=  0.619875E-02 | IK=       8/      55 | t=    6.997100 s | CA=  2.5954 | fact=  2.5740 | GF=  1.8277 | solve=  1.7007 | scatter=  0.0535
f=     5.200 Hz | ky=  0.697359E-02 | IK=       9/      55 | t=    7.008300 s | CA=  2.6037 | fact=  2.5795 | GF=  1.8250 | solve=  1.6971 | scatter=  0.0546
f=     5.200 Hz | ky=  0.774843E-02 | IK=      10/      55 | t=    7.013400 s | CA=  2.5956 | fact=  2.5875 | GF=  1.8303 | solve=  1.7039 | scatter=  0.0528
PARDISO mem (f=  5.20 Hz): sym=  1.95 GB  perm=  1.42 GB  num=  3.22 GB  
peak=  4.64 GB
 WD_amp= 6.68865E+13  RESID_RMS= 1.30561E-03  FCOST_DATA= 8.52315E-07  FCOST0= 8.52315E-07
BT: alpha=  2.5000E-01  phi=  8.5231E-07  rhs=  8.1710E-07
 UPDATEPARAMETER: f-scale only
UPDATEPARAMETER PAR_STEP min/max, V_STEP min/max =  4.3510174258E+01  1.0490452183E+02
  4.3510174258E+01  1.0490452183E+02
 running run_ik_loop_pardiso
before CA | VmRSS=  16.952 GB  VmHWM=  81.337 GB
after CA | VmRSS=  17.640 GB  VmHWM=  81.337 GB
after factor | VmRSS=  21.412 GB  VmHWM=  81.337 GB
f=     5.200 Hz | ky=  0.774843E-03 | IK=       1/      55 | t=   17.288300 s | CA=  2.5017 | fact= 12.8572 | GF=  1.9292 | solve=  1.7708 | scatter=  0.0551
f=     5.200 Hz | ky=  0.154969E-02 | IK=       2/      55 | t=    6.950900 s | CA=  2.5524 | fact=  2.5756 | GF=  1.8229 | solve=  1.6941 | scatter=  0.0549
f=     5.200 Hz | ky=  0.232453E-02 | IK=       3/      55 | t=    6.986600 s | CA=  2.6062 | fact=  2.5661 | GF=  1.8142 | solve=  1.6882 | scatter=  0.0524
f=     5.200 Hz | ky=  0.309937E-02 | IK=       4/      55 | t=    6.964200 s | CA=  2.5733 | fact=  2.5710 | GF=  1.8199 | solve=  1.6946 | scatter=  0.0518
f=     5.200 Hz | ky=  0.387422E-02 | IK=       5/      55 | t=    6.940900 s | CA=  2.5455 | fact=  2.5702 | GF=  1.8251 | solve=  1.6973 | scatter=  0.0543
f=     5.200 Hz | ky=  0.464906E-02 | IK=       6/      55 | t=    6.958500 s | CA=  2.5642 | fact=  2.5724 | GF=  1.8219 | solve=  1.6949 | scatter=  0.0535
f=     5.200 Hz | ky=  0.542390E-02 | IK=       7/      55 | t=    6.981200 s | CA=  2.5827 | fact=  2.5721 | GF=  1.8263 | solve=  1.6987 | scatter=  0.0536
f=     5.200 Hz | ky=  0.619875E-02 | IK=       8/      55 | t=    6.981600 s | CA=  2.5877 | fact=  2.5719 | GF=  1.8220 | solve=  1.6947 | scatter=  0.0538
f=     5.200 Hz | ky=  0.697359E-02 | IK=       9/      55 | t=    6.998000 s | CA=  2.6034 | fact=  2.5740 | GF=  1.8205 | solve=  1.6936 | scatter=  0.0535
f=     5.200 Hz | ky=  0.774843E-02 | IK=      10/      55 | t=    6.974100 s | CA=  2.5875 | fact=  2.5635 | GF=  1.8231 | solve=  1.6944 | scatter=  0.0551
PARDISO mem (f=  5.20 Hz): sym=  1.95 GB  perm=  1.42 GB  num=  3.22 GB  
peak=  4.64 GB
  
  
 WD_amp= 6.68865E+13  RESID_RMS= 1.23980E-03  FCOST_DATA= 7.68549E-07  FCOST0= 7.68549E-07
BT: alpha=  1.2500E-01  phi=  7.6855E-07  rhs=  8.1711E-07
  
  
  
Convergence reached, updating parameter grid
ALPHA from line search =  .1250000000000000
 FCOST0 after linesearch  7.685494804560737E-007
Norm of s (s_norm) =  .9544254836200422E-02
  
Time for LBFGS =  7.690149943033854 min
  
 Frequency:           7 Iteration:           2
t_global   =    331.374 s
  
 -------------- calculate Frechet derivatives -----------
 IFREQ =           7    ITERATION =           2
||Frechet||_F=  1.3019E-12max|Frechet|=  2.4203E-17
||Frechet||_F=  1.3019E-12max|Frechet|=  2.4203E-17
||Frechet||_F=  1.3019E-12max|Frechet|=  2.4203E-17
||Frechet||_F=  1.3019E-12max|Frechet|=  2.4203E-17
||Frechet||_F=  1.3019E-12max|Frechet|=  2.4203E-17
||Frechet||_F=  1.3019E-12max|Frechet|=  2.4203E-17
 
TIME for Frechet calc =  3.012578328450521 min
 
 
  compute the residual and the cost function
 WD_amp= 6.68865E+13  RESID_RMS= 1.23980E-03  FCOST_DATA= 7.68549E-07  FCOST0= 7.68549E-07
Grad block  10 GRAD_SCALED MORM =   4.2692E-05
Raw grad block 10  PAR={Q44}  min= -6.2901E-09  max=  7.2949E-09  L2=  3.5236E-08
Gradient finished
Start LBFGS 
curvature (warm): s·y=  8.3530E-08  ||s||^2=  9.1093E-05  ||y||^2=  3.1366E-10  sTy_min=  1.6903E-08
LBFGS step: g·p = -3.0754E-07  ||p||=  6.5517E-02
LBFGS step: min(p)= -5.2398E-03  max(p)=  6.3521E-03
LBFGS p_k (unscaled) stats per active parameter:
  IA= 10  PAR={Q44}  min=-7.18600E+00  max= 8.71140E+00  L2= 8.98506E+01
min(p_k)= -5.2398E-03  max(p_k)=  6.3521E-03  ||p_k||=  6.5517E-02
min(p_kf)= -5.2398E-03  max(p_kf)=  6.3521E-03  ||p_kf||=  2.6207E-01
p_k/p_kf  =   2.5000E-01
Start linesearch
MT entry: phi(0)=  7.6855E-07  dg0= -3.0754E-07  alpha0=  1.0000E+00
 UPDATEPARAMETER: f-scale only
UPDATEPARAMETER PAR_STEP min/max, V_STEP min/max =  4.3041910202E+01  1.0511851002E+02
  4.3041910202E+01  1.0511851002E+02
 WD_amp= 6.68865E+13  RESID_RMS= 1.81061E-03  FCOST_DATA= 1.63916E-06  FCOST0= 1.63916E-06
  
 -------------- calculate Frechet derivatives -----------
 IFREQ =           7    ITERATION =           2
||Frechet||_F=  1.3013E-12max|Frechet|=  2.4202E-17
||Frechet||_F=  1.3013E-12max|Frechet|=  2.4202E-17
||Frechet||_F=  1.3013E-12max|Frechet|=  2.4202E-17
||Frechet||_F=  1.3013E-12max|Frechet|=  2.4202E-17
||Frechet||_F=  1.3013E-12max|Frechet|=  2.4202E-17
||Frechet||_F=  1.3013E-12max|Frechet|=  2.4202E-17
Grad block  10 GRAD_SCALED MORM =   8.5471E-05
MT try: alpha=  1.0000E+00  phi=  1.6392E-06  dg=  9.5067E-07  dg0= -3.0754E-07
MT try: armijo_rhs=  7.6852E-07  armijo=F  curvature=F  task=FG
 UPDATEPARAMETER: f-scale only
UPDATEPARAMETER PAR_STEP min/max, V_STEP min/max =  4.3543706367E+01  1.0491964347E+02
  4.3543706367E+01  1.0491964347E+02
 WD_amp= 6.68865E+13  RESID_RMS= 1.20042E-03  FCOST_DATA= 7.20509E-07  FCOST0= 7.20509E-07
  
 -------------- calculate Frechet derivatives -----------
 IFREQ =           7    ITERATION =           2
||Frechet||_F=  1.3018E-12max|Frechet|=  2.4202E-17
||Frechet||_F=  1.3018E-12max|Frechet|=  2.4202E-17
||Frechet||_F=  1.3018E-12max|Frechet|=  2.4202E-17
||Frechet||_F=  1.3018E-12max|Frechet|=  2.4202E-17
||Frechet||_F=  1.3018E-12max|Frechet|=  2.4202E-17
||Frechet||_F=  1.3018E-12max|Frechet|=  2.4202E-17
Grad block  10 GRAD_SCALED MORM =   3.9058E-05
MT try: alpha=  7.1226E-02  phi=  7.2051E-07  dg= -2.1428E-07  dg0= -3.0754E-07
MT try: armijo_rhs=  7.6855E-07  armijo=T  curvature=T  task=FG
  
  
  
  
  
Convergence reached, updating parameter grid
ALPHA from line search =  .7122568456038439E-01
 FCOST0 after linesearch  7.205093697519764E-007
Norm of s (s_norm) =  .4666468673870237E-02
  
Time for LBFGS =  17.03068644205729 min
  
 Frequency:           7 Iteration:           3
t_global   =    331.639 s
  
 -------------- calculate Frechet derivatives -----------
 IFREQ =           7    ITERATION =           3
||Frechet||_F=  1.3018E-12max|Frechet|=  2.4202E-17
||Frechet||_F=  1.3018E-12max|Frechet|=  2.4202E-17
||Frechet||_F=  1.3018E-12max|Frechet|=  2.4202E-17
||Frechet||_F=  1.3018E-12max|Frechet|=  2.4202E-17
||Frechet||_F=  1.3018E-12max|Frechet|=  2.4202E-17
||Frechet||_F=  1.3018E-12max|Frechet|=  2.4202E-17
 
TIME for Frechet calc =  3.021158345540365 min
 
 
  compute the residual and the cost function
 WD_amp= 6.68865E+13  RESID_RMS= 1.20042E-03  FCOST_DATA= 7.20509E-07  FCOST0= 7.20509E-07
Grad block  10 GRAD_SCALED MORM =   3.9058E-05
Gradient finished
Start LBFGS 
curvature (warm): s·y=  6.6423E-09  ||s||^2=  2.1776E-05  ||y||^2=  2.1361E-11  sTy_min=  2.1567E-09
LBFGS history: used= 1  skipped= 1  worst_col= 4  bad_s·y=  6.6423E-09  bad_cos_sy=  3.0798E-01
LBFGS step: g·p = -1.6620E-07  ||p||=  4.8308E-02
LBFGS step: min(p)= -3.7518E-03  max(p)=  4.4897E-03
LBFGS p_k (unscaled) stats per active parameter:
  IA= 10  PAR={Q44}  min=-5.14530E+00  max= 6.15721E+00  L2= 6.62501E+01
min(p_k)= -3.7518E-03  max(p_k)=  4.4897E-03  ||p_k||=  4.8308E-02
min(p_kf)= -3.7518E-03  max(p_kf)=  4.4897E-03  ||p_kf||=  1.9323E-01
p_k/p_kf  =   2.5000E-01
Start linesearch
MT entry: phi(0)=  7.2051E-07  dg0= -1.6620E-07  alpha0=  1.0000E+00
 UPDATEPARAMETER: f-scale only
UPDATEPARAMETER PAR_STEP min/max, V_STEP min/max =  4.3539979941E+01  1.0510256894E+02
  4.3539979941E+01  1.0510256894E+02
 WD_amp= 6.68865E+13  RESID_RMS= 1.41586E-03  FCOST_DATA= 1.00232E-06  FCOST0= 1.00232E-06
  
 -------------- calculate Frechet derivatives -----------
 IFREQ =           7    ITERATION =           3
||Frechet||_F=  1.3033E-12max|Frechet|=  2.4202E-17
||Frechet||_F=  1.3033E-12max|Frechet|=  2.4202E-17
||Frechet||_F=  1.3033E-12max|Frechet|=  2.4202E-17
||Frechet||_F=  1.3033E-12max|Frechet|=  2.4202E-17
||Frechet||_F=  1.3033E-12max|Frechet|=  2.4202E-17
||Frechet||_F=  1.3033E-12max|Frechet|=  2.4202E-17
Grad block  10 GRAD_SCALED MORM =   5.2030E-05
MT try: alpha=  1.0000E+00  phi=  1.0023E-06  dg=  3.0977E-07  dg0= -1.6620E-07
MT try: armijo_rhs=  7.2049E-07  armijo=F  curvature=F  task=FG
 UPDATEPARAMETER: f-scale only
UPDATEPARAMETER PAR_STEP min/max, V_STEP min/max =  4.3563685924E+01  1.0493833849E+02
  4.3563685924E+01  1.0493833849E+02
 WD_amp= 6.68865E+13  RESID_RMS= 1.16850E-03  FCOST_DATA= 6.82697E-07  FCOST0= 6.82697E-07
  
 -------------- calculate Frechet derivatives -----------
 IFREQ =           7    ITERATION =           3
||Frechet||_F=  1.3019E-12max|Frechet|=  2.4202E-17
||Frechet||_F=  1.3019E-12max|Frechet|=  2.4202E-17
||Frechet||_F=  1.3019E-12max|Frechet|=  2.4202E-17
||Frechet||_F=  1.3019E-12max|Frechet|=  2.4202E-17
||Frechet||_F=  1.3019E-12max|Frechet|=  2.4202E-17
||Frechet||_F=  1.3019E-12max|Frechet|=  2.4202E-17
Grad block  10 GRAD_SCALED MORM =   3.6099E-05
MT try: alpha=  1.0350E-01  phi=  6.8270E-07  dg= -1.1750E-07  dg0= -1.6620E-07
MT try: armijo_rhs=  7.2051E-07  armijo=T  curvature=T  task=FG
  
  
  
  
  
Convergence reached, updating parameter grid
ALPHA from line search =  .1035042539584902
 FCOST0 after linesearch  6.826967615864056E-007
Norm of s (s_norm) =  .5000066178228730E-02
  
Convergence check at iteration    3
  Relative cost decrease  =  5.2480E-02
  Relative model update   =  0.0000E+00
  Relative grad. norm     =  4.0191E-01
Time for LBFGS =  17.16133422851562 min
  
 Frequency:           7 Iteration:           4
t_global   =    331.861 s
  
 -------------- calculate Frechet derivatives -----------
 IFREQ =           7    ITERATION =           4
||Frechet||_F=  1.3019E-12max|Frechet|=  2.4202E-17
||Frechet||_F=  1.3019E-12max|Frechet|=  2.4202E-17
||Frechet||_F=  1.3019E-12max|Frechet|=  2.4202E-17
||Frechet||_F=  1.3019E-12max|Frechet|=  2.4202E-17
||Frechet||_F=  1.3019E-12max|Frechet|=  2.4202E-17
||Frechet||_F=  1.3019E-12max|Frechet|=  2.4202E-17
 
TIME for Frechet calc =  3.023075103759766 min
 
 
  compute the residual and the cost function
 WD_amp= 6.68865E+13  RESID_RMS= 1.16850E-03  FCOST_DATA= 6.82697E-07  FCOST0= 6.82697E-07
Grad block  10 GRAD_SCALED MORM =   3.6099E-05
Gradient finished
Start LBFGS 
curvature (warm): s·y=  5.0401E-09  ||s||^2=  2.5001E-05  ||y||^2=  8.9503E-12  sTy_min=  1.4959E-09
LBFGS history: used= 1  skipped= 2  worst_col= 3  bad_s·y=  5.0401E-09  bad_cos_sy=  3.3694E-01
LBFGS step: g·p = -9.6353E-08  ||p||=  3.6515E-02
LBFGS step: min(p)= -2.4684E-03  max(p)=  3.1475E-03
LBFGS p_k (unscaled) stats per active parameter:
  IA= 10  PAR={Q44}  min=-3.38524E+00  max= 4.31655E+00  L2= 5.00772E+01
min(p_k)= -2.4684E-03  max(p_k)=  3.1475E-03  ||p_k||=  3.6515E-02
min(p_kf)= -2.4684E-03  max(p_kf)=  3.1475E-03  ||p_kf||=  1.4606E-01
p_k/p_kf  =   2.5000E-01
Start linesearch
MT entry: phi(0)=  6.8270E-07  dg0= -9.6353E-08  alpha0=  1.0000E+00
 UPDATEPARAMETER: f-scale only
UPDATEPARAMETER PAR_STEP min/max, V_STEP min/max =  4.3679472478E+01  1.0510094469E+02
  4.3679472478E+01  1.0510094469E+02
 WD_amp= 6.68865E+13  RESID_RMS= 1.27366E-03  FCOST_DATA= 8.11100E-07  FCOST0= 8.11100E-07
  
 -------------- calculate Frechet derivatives -----------
 IFREQ =           7    ITERATION =           4
||Frechet||_F=  1.3009E-12max|Frechet|=  2.4202E-17
||Frechet||_F=  1.3009E-12max|Frechet|=  2.4202E-17
||Frechet||_F=  1.3009E-12max|Frechet|=  2.4202E-17
||Frechet||_F=  1.3009E-12max|Frechet|=  2.4202E-17
||Frechet||_F=  1.3009E-12max|Frechet|=  2.4202E-17
||Frechet||_F=  1.3009E-12max|Frechet|=  2.4202E-17
Grad block  10 GRAD_SCALED MORM =   4.0084E-05
MT try: alpha=  1.0000E+00  phi=  8.1110E-07  dg=  9.6261E-08  dg0= -9.6353E-08
MT try: armijo_rhs=  6.8269E-07  armijo=F  curvature=F  task=FG
 UPDATEPARAMETER: f-scale only
UPDATEPARAMETER PAR_STEP min/max, V_STEP min/max =  4.3576380790E+01  1.0495559631E+02
  4.3576380790E+01  1.0495559631E+02
 WD_amp= 6.68865E+13  RESID_RMS= 1.15307E-03  FCOST_DATA= 6.64787E-07  FCOST0= 6.64787E-07
  
 -------------- calculate Frechet derivatives -----------
 IFREQ =           7    ITERATION =           4
||Frechet||_F=  1.3018E-12max|Frechet|=  2.4202E-17
||Frechet||_F=  1.3018E-12max|Frechet|=  2.4202E-17
||Frechet||_F=  1.3018E-12max|Frechet|=  2.4202E-17
||Frechet||_F=  1.3018E-12max|Frechet|=  2.4202E-17
||Frechet||_F=  1.3018E-12max|Frechet|=  2.4202E-17
||Frechet||_F=  1.3018E-12max|Frechet|=  2.4202E-17
Grad block  10 GRAD_SCALED MORM =   3.4383E-05
MT try: alpha=  1.0964E-01  phi=  6.6479E-07  dg= -7.4254E-08  dg0= -9.6353E-08
MT try: armijo_rhs=  6.8270E-07  armijo=T  curvature=T  task=FG
  
  
  
  
  
Convergence reached, updating parameter grid
ALPHA from line search =  .1096402482762777
 FCOST0 after linesearch  6.647870591770244E-007
Norm of s (s_norm) =  .4003509094670587E-02
  
Convergence check at iteration    4
  Relative cost decrease  =  2.6234E-02
  Relative model update   =  0.0000E+00
  Relative grad. norm     =  3.3961E-01
Time for LBFGS =  16.93017679850260 min
  
 Frequency:           7 Iteration:           5
t_global   =    331.061 s
  
 -------------- calculate Frechet derivatives -----------
 IFREQ =           7    ITERATION =           5
||Frechet||_F=  1.3018E-12max|Frechet|=  2.4202E-17
||Frechet||_F=  1.3018E-12max|Frechet|=  2.4202E-17
||Frechet||_F=  1.3018E-12max|Frechet|=  2.4202E-17
||Frechet||_F=  1.3018E-12max|Frechet|=  2.4202E-17
||Frechet||_F=  1.3018E-12max|Frechet|=  2.4202E-17
 
TIME for Frechet calc =  2.987291717529297 min
 
 
  compute the residual and the cost function
 WD_amp= 6.68865E+13  RESID_RMS= 1.15307E-03  FCOST_DATA= 6.64787E-07  FCOST0= 6.64787E-07
||Frechet||_F=  1.3018E-12max|Frechet|=  2.4202E-17
Grad block  10 GRAD_SCALED MORM =   3.4383E-05
Gradient finished
Start LBFGS 
curvature (warm): s·y=  2.4230E-09  ||s||^2=  1.6028E-05  ||y||^2=  6.4253E-12  sTy_min=  1.0148E-09
LBFGS history: used= 1  skipped= 3  worst_col= 2  bad_s·y=  2.4230E-09  bad_cos_sy=  2.3876E-01
LBFGS step: g·p = -6.9904E-08  ||p||=  2.9976E-02
LBFGS step: min(p)= -2.1727E-03  max(p)=  2.2028E-03
LBFGS p_k (unscaled) stats per active parameter:
  IA= 10  PAR={Q44}  min=-2.97974E+00  max= 3.02095E+00  L2= 4.11090E+01
min(p_k)= -2.1727E-03  max(p_k)=  2.2028E-03  ||p_k||=  2.9976E-02
min(p_kf)= -2.1727E-03  max(p_kf)=  2.2028E-03  ||p_kf||=  1.1990E-01
p_k/p_kf  =   2.5000E-01
Start linesearch
MT entry: phi(0)=  6.6479E-07  dg0= -6.9904E-08  alpha0=  1.0000E+00
 UPDATEPARAMETER: f-scale only
UPDATEPARAMETER PAR_STEP min/max, V_STEP min/max =  4.3578924498E+01  1.0510596758E+02
  4.3578924498E+01  1.0510596758E+02
 WD_amp= 6.68865E+13  RESID_RMS= 1.20824E-03  FCOST_DATA= 7.29923E-07  FCOST0= 7.29923E-07
  
 -------------- calculate Frechet derivatives -----------
 IFREQ =           7    ITERATION =           5
||Frechet||_F=  1.3036E-12max|Frechet|=  2.4202E-17
||Frechet||_F=  1.3036E-12max|Frechet|=  2.4202E-17
||Frechet||_F=  1.3036E-12max|Frechet|=  2.4202E-17
||Frechet||_F=  1.3036E-12max|Frechet|=  2.4202E-17
||Frechet||_F=  1.3036E-12max|Frechet|=  2.4202E-17
||Frechet||_F=  1.3036E-12max|Frechet|=  2.4202E-17
Grad block  10 GRAD_SCALED MORM =   4.7019E-05
MT try: alpha=  1.0000E+00  phi=  7.2992E-07  dg=  8.1848E-08  dg0= -6.9904E-08
MT try: armijo_rhs=  6.6478E-07  armijo=F  curvature=F  task=FG
 UPDATEPARAMETER: f-scale only
UPDATEPARAMETER PAR_STEP min/max, V_STEP min/max =  4.3576774350E+01  1.0497749099E+02
  4.3576774350E+01  1.0497749099E+02
 WD_amp= 6.68865E+13  RESID_RMS= 1.13703E-03  FCOST_DATA= 6.46414E-07  FCOST0= 6.46414E-07
  
 -------------- calculate Frechet derivatives -----------
 IFREQ =           7    ITERATION =           5
||Frechet||_F=  1.3020E-12max|Frechet|=  2.4202E-17
||Frechet||_F=  1.3020E-12max|Frechet|=  2.4202E-17
||Frechet||_F=  1.3020E-12max|Frechet|=  2.4202E-17
||Frechet||_F=  1.3020E-12max|Frechet|=  2.4202E-17
||Frechet||_F=  1.3020E-12max|Frechet|=  2.4202E-17
||Frechet||_F=  1.3020E-12max|Frechet|=  2.4202E-17
Grad block  10 GRAD_SCALED MORM =   3.2946E-05
MT try: alpha=  1.5472E-01  phi=  6.4641E-07  dg= -4.7269E-08  dg0= -6.9904E-08
MT try: armijo_rhs=  6.6479E-07  armijo=T  curvature=T  task=FG
  
  
  
  
  
Convergence reached, updating parameter grid
ALPHA from line search =  .1547189470349729
 FCOST0 after linesearch  6.464139046669689E-007
Norm of s (s_norm) =  .4637794539823761E-02
  
Convergence check at iteration    5
  Relative cost decrease  =  2.7638E-02
  Relative model update   =  0.0000E+00
  Relative grad. norm     =  3.9465E-01
Time for LBFGS =  17.04417215983073 min
  
 Frequency:           7 Iteration:           6
t_global   =    331.554 s
  
 -------------- calculate Frechet derivatives -----------
 IFREQ =           7    ITERATION =           6
||Frechet||_F=  1.3020E-12max|Frechet|=  2.4202E-17
||Frechet||_F=  1.3020E-12max|Frechet|=  2.4202E-17
||Frechet||_F=  1.3020E-12max|Frechet|=  2.4202E-17
||Frechet||_F=  1.3020E-12max|Frechet|=  2.4202E-17
||Frechet||_F=  1.3020E-12max|Frechet|=  2.4202E-17
||Frechet||_F=  1.3020E-12max|Frechet|=  2.4202E-17
 
TIME for Frechet calc =  3.180038452148438 min
 
 
  compute the residual and the cost function
 WD_amp= 6.68865E+13  RESID_RMS= 1.13703E-03  FCOST_DATA= 6.46414E-07  FCOST0= 6.46414E-07
Grad block  10 GRAD_SCALED MORM =   3.2946E-05
Gradient finished
Start LBFGS 
curvature (warm): s·y=  3.5020E-09  ||s||^2=  2.1509E-05  ||y||^2=  2.1488E-11  sTy_min=  2.1499E-09
LBFGS history: used= 1  skipped= 4  worst_col= 2  bad_s·y=  2.4230E-09  bad_cos_sy=  2.3876E-01
LBFGS step: g·p = -7.2916E-08  ||p||=  2.7943E-02
LBFGS step: min(p)= -1.7666E-03  max(p)=  2.0007E-03
LBFGS p_k (unscaled) stats per active parameter:
  IA= 10  PAR={Q44}  min=-2.42275E+00  max= 2.74384E+00  L2= 3.83213E+01
min(p_k)= -1.7666E-03  max(p_k)=  2.0007E-03  ||p_k||=  2.7943E-02
min(p_kf)= -1.7666E-03  max(p_kf)=  2.0007E-03  ||p_kf||=  1.1177E-01
p_k/p_kf  =   2.5000E-01
Start linesearch
MT entry: phi(0)=  6.4641E-07  dg0= -7.2916E-08  alpha0=  1.0000E+00
 UPDATEPARAMETER: f-scale only
UPDATEPARAMETER PAR_STEP min/max, V_STEP min/max =  4.3718896047E+01  1.0512875567E+02
  4.3718896047E+01  1.0512875567E+02
 WD_amp= 6.68865E+13  RESID_RMS= 1.53679E-03  FCOST_DATA= 1.18086E-06  FCOST0= 1.18086E-06
  
 -------------- calculate Frechet derivatives -----------
 IFREQ =           7    ITERATION =           6
||Frechet||_F=  1.2984E-12max|Frechet|=  2.4202E-17
||Frechet||_F=  1.2984E-12max|Frechet|=  2.4202E-17
||Frechet||_F=  1.2984E-12max|Frechet|=  2.4202E-17
||Frechet||_F=  1.2984E-12max|Frechet|=  2.4202E-17
||Frechet||_F=  1.2984E-12max|Frechet|=  2.4202E-17
||Frechet||_F=  1.2984E-12max|Frechet|=  2.4202E-17
Grad block  10 GRAD_SCALED MORM =   8.4651E-05
MT try: alpha=  1.0000E+00  phi=  1.1809E-06  dg=  4.4640E-07  dg0= -7.2916E-08
MT try: armijo_rhs=  6.4641E-07  armijo=F  curvature=F  task=FG
 UPDATEPARAMETER: f-scale only
UPDATEPARAMETER PAR_STEP min/max, V_STEP min/max =  4.3580845046E+01  1.0498138610E+02
  4.3580845046E+01  1.0498138610E+02
 WD_amp= 6.68865E+13  RESID_RMS= 1.13594E-03  FCOST_DATA= 6.45179E-07  FCOST0= 6.45179E-07
  
 -------------- calculate Frechet derivatives -----------
 IFREQ =           7    ITERATION =           6
||Frechet||_F=  1.3019E-12max|Frechet|=  2.4202E-17
||Frechet||_F=  1.3019E-12max|Frechet|=  2.4202E-17
||Frechet||_F=  1.3019E-12max|Frechet|=  2.4202E-17
||Frechet||_F=  1.3019E-12max|Frechet|=  2.4202E-17
||Frechet||_F=  1.3019E-12max|Frechet|=  2.4202E-17
||Frechet||_F=  1.3019E-12max|Frechet|=  2.4202E-17
Grad block  10 GRAD_SCALED MORM =   3.2484E-05
MT try: alpha=  2.8642E-02  phi=  6.4518E-07  dg= -5.7576E-08  dg0= -7.2916E-08
MT try: armijo_rhs=  6.4641E-07  armijo=T  curvature=T  task=FG
  
  
  
  
  
Convergence reached, updating parameter grid
ALPHA from line search =  .2864232319439329E-01
 FCOST0 after linesearch  6.451792084410248E-007
Norm of s (s_norm) =  .8003494447672577E-03
  
Convergence check at iteration    6
  Relative cost decrease  =  1.9101E-03
  Relative model update   =  0.0000E+00
  Relative grad. norm     =  3.0804E-01
Time for LBFGS =  17.13899943033854 min
  
 Frequency:           7 Iteration:           7
t_global   =    330.946 s
  
 -------------- calculate Frechet derivatives -----------
 IFREQ =           7    ITERATION =           7
||Frechet||_F=  1.3019E-12max|Frechet|=  2.4202E-17
||Frechet||_F=  1.3019E-12max|Frechet|=  2.4202E-17
||Frechet||_F=  1.3019E-12max|Frechet|=  2.4202E-17
||Frechet||_F=  1.3019E-12max|Frechet|=  2.4202E-17
||Frechet||_F=  1.3019E-12max|Frechet|=  2.4202E-17
||Frechet||_F=  1.3019E-12max|Frechet|=  2.4202E-17
 
TIME for Frechet calc =  2.997429911295573 min
 
 
  compute the residual and the cost function
 WD_amp= 6.68865E+13  RESID_RMS= 1.13594E-03  FCOST_DATA= 6.45179E-07  FCOST0= 6.45179E-07
Grad block  10 GRAD_SCALED MORM =   3.2484E-05
Gradient finished
Start LBFGS 
curvature (full): s·y=  4.3940E-10  ||s||^2=  6.4056E-07  ||y||^2=  4.0598E-12  sTy_min=  1.6126E-10
LBFGS history: used= 0  skipped= 5  worst_col= 1  bad_s·y=  4.3940E-10  bad_cos_sy=  2.7247E-01
 
LBFGS step(full): g·p = -4.8700E-08  ||p||=  2.2785E-02
LBFGS step(full): min(p)= -1.6095E-03  max(p)=  1.4118E-03
LBFGS p_k (unscaled) stats per active parameter:
  IA= 10  PAR={Q44}  min=-2.20736E+00  max= 1.93619E+00  L2= 3.12483E+01
min(p_k)= -1.6095E-03  max(p_k)=  1.4118E-03  ||p_k||=  2.2785E-02
min(p_kf)= -1.6095E-03  max(p_kf)=  1.4118E-03  ||p_kf||=  9.1142E-02
p_k/p_kf  =   2.5000E-01
Start linesearch
MT entry: phi(0)=  6.4518E-07  dg0= -4.8700E-08  alpha0=  1.0000E+00
 UPDATEPARAMETER: f-scale only
UPDATEPARAMETER PAR_STEP min/max, V_STEP min/max =  4.3626166502E+01  1.0510771199E+02
  4.3626166502E+01  1.0510771199E+02
 WD_amp= 6.68865E+13  RESID_RMS= 1.18616E-03  FCOST_DATA= 7.03493E-07  FCOST0= 7.03493E-07
  
 -------------- calculate Frechet derivatives -----------
 IFREQ =           7    ITERATION =           7
||Frechet||_F=  1.3001E-12max|Frechet|=  2.4202E-17
||Frechet||_F=  1.3001E-12max|Frechet|=  2.4202E-17
||Frechet||_F=  1.3001E-12max|Frechet|=  2.4202E-17
||Frechet||_F=  1.3001E-12max|Frechet|=  2.4202E-17
||Frechet||_F=  1.3001E-12max|Frechet|=  2.4202E-17
||Frechet||_F=  1.3001E-12max|Frechet|=  2.4202E-17
Grad block  10 GRAD_SCALED MORM =   4.6157E-05
MT try: alpha=  1.0000E+00  phi=  7.0349E-07  dg=  7.5747E-08  dg0= -4.8700E-08
MT try: armijo_rhs=  6.4517E-07  armijo=F  curvature=F  task=FG
 UPDATEPARAMETER: f-scale only
UPDATEPARAMETER PAR_STEP min/max, V_STEP min/max =  4.3587036634E+01  1.0499696682E+02
  4.3587036634E+01  1.0499696682E+02
 WD_amp= 6.68865E+13  RESID_RMS= 1.12882E-03  FCOST_DATA= 6.37122E-07  FCOST0= 6.37122E-07
  
 -------------- calculate Frechet derivatives -----------
 IFREQ =           7    ITERATION =           7
||Frechet||_F=  1.3017E-12max|Frechet|=  2.4202E-17
||Frechet||_F=  1.3017E-12max|Frechet|=  2.4202E-17
||Frechet||_F=  1.3017E-12max|Frechet|=  2.4202E-17
||Frechet||_F=  1.3017E-12max|Frechet|=  2.4202E-17
||Frechet||_F=  1.3017E-12max|Frechet|=  2.4202E-17
||Frechet||_F=  1.3017E-12max|Frechet|=  2.4202E-17
Grad block  10 GRAD_SCALED MORM =   3.1689E-05
MT try: alpha=  1.3661E-01  phi=  6.3712E-07  dg= -3.1331E-08  dg0= -4.8700E-08
MT try: armijo_rhs=  6.4518E-07  armijo=T  curvature=T  task=FG
  
  
  
  
  
Convergence reached, updating parameter grid
ALPHA from line search =  .1366149424612600
 FCOST0 after linesearch  6.371221773168304E-007
Norm of s (s_norm) =  .3112834397997070E-02
  
Convergence check at iteration    7
  Relative cost decrease  =  1.2488E-02
  Relative model update   =  0.0000E+00
  Relative grad. norm     =  3.0785E-01
Time for LBFGS =  17.03593851725260 min
  
 Frequency:           7 Iteration:           8
t_global   =    331.601 s
  
 -------------- calculate Frechet derivatives -----------
 IFREQ =           7    ITERATION =           8
||Frechet||_F=  1.3017E-12max|Frechet|=  2.4202E-17
||Frechet||_F=  1.3017E-12max|Frechet|=  2.4202E-17
||Frechet||_F=  1.3017E-12max|Frechet|=  2.4202E-17
||Frechet||_F=  1.3017E-12max|Frechet|=  2.4202E-17
||Frechet||_F=  1.3017E-12max|Frechet|=  2.4202E-17
||Frechet||_F=  1.3017E-12max|Frechet|=  2.4202E-17
 
TIME for Frechet calc =  3.143683369954427 min
 
 
  compute the residual and the cost function
 WD_amp= 6.68865E+13  RESID_RMS= 1.12882E-03  FCOST_DATA= 6.37122E-07  FCOST0= 6.37122E-07
Grad block  10 GRAD_SCALED MORM =   3.1689E-05
Gradient finished
Start LBFGS 
curvature (full): s·y=  2.3729E-09  ||s||^2=  9.6897E-06  ||y||^2=  1.8234E-11  sTy_min=  1.3292E-09
LBFGS history: used= 0  skipped= 5  worst_col= 2  bad_s·y=  4.3940E-10  bad_cos_sy=  2.7247E-01
 
LBFGS step(full): g·p = -5.1510E-08  ||p||=  2.2568E-02
LBFGS step(full): min(p)= -1.6139E-03  max(p)=  1.2607E-03
LBFGS p_k (unscaled) stats per active parameter:
  IA= 10  PAR={Q44}  min=-2.21337E+00  max= 1.72899E+00  L2= 3.09498E+01
min(p_k)= -1.6139E-03  max(p_k)=  1.2607E-03  ||p_k||=  2.2568E-02
min(p_kf)= -1.6139E-03  max(p_kf)=  1.2607E-03  ||p_kf||=  9.0271E-02
p_k/p_kf  =   2.5000E-01
Start linesearch
MT entry: phi(0)=  6.3712E-07  dg0= -5.1510E-08  alpha0=  1.0000E+00
 UPDATEPARAMETER: f-scale only
UPDATEPARAMETER PAR_STEP min/max, V_STEP min/max =  4.3488722388E+01  1.0512818476E+02
  4.3488722388E+01  1.0512818476E+02
 WD_amp= 6.68865E+13  RESID_RMS= 1.33588E-03  FCOST_DATA= 8.92286E-07  FCOST0= 8.92286E-07
  
 -------------- calculate Frechet derivatives -----------
 IFREQ =           7    ITERATION =           8
||Frechet||_F=  1.3052E-12max|Frechet|=  2.4202E-17
||Frechet||_F=  1.3052E-12max|Frechet|=  2.4202E-17
||Frechet||_F=  1.3052E-12max|Frechet|=  2.4202E-17
||Frechet||_F=  1.3052E-12max|Frechet|=  2.4202E-17
||Frechet||_F=  1.3052E-12max|Frechet|=  2.4202E-17
||Frechet||_F=  1.3052E-12max|Frechet|=  2.4202E-17
Grad block  10 GRAD_SCALED MORM =   7.5290E-05
MT try: alpha=  1.0000E+00  phi=  8.9229E-07  dg=  2.8296E-07  dg0= -5.1510E-08
MT try: armijo_rhs=  6.3712E-07  armijo=F  curvature=F  task=FG
 UPDATEPARAMETER: f-scale only
UPDATEPARAMETER PAR_STEP min/max, V_STEP min/max =  4.3582567181E+01  1.0500210948E+02
  4.3582567181E+01  1.0500210948E+02
 WD_amp= 6.68865E+13  RESID_RMS= 1.12568E-03  FCOST_DATA= 6.33580E-07  FCOST0= 6.33580E-07
  
 -------------- calculate Frechet derivatives -----------
 IFREQ =           7    ITERATION =           8
||Frechet||_F=  1.3018E-12max|Frechet|=  2.4202E-17
||Frechet||_F=  1.3018E-12max|Frechet|=  2.4202E-17
||Frechet||_F=  1.3018E-12max|Frechet|=  2.4202E-17
||Frechet||_F=  1.3018E-12max|Frechet|=  2.4202E-17
||Frechet||_F=  1.3018E-12max|Frechet|=  2.4202E-17
||Frechet||_F=  1.3018E-12max|Frechet|=  2.4202E-17
Grad block  10 GRAD_SCALED MORM =   3.1278E-05
MT try: alpha=  4.5461E-02  phi=  6.3358E-07  dg= -3.6666E-08  dg0= -5.1510E-08
MT try: armijo_rhs=  6.3712E-07  armijo=T  curvature=T  task=FG
  
  
  
  
  
Convergence reached, updating parameter grid
ALPHA from line search =  .4546089092334624E-01
 FCOST0 after linesearch  6.335804926695560E-007
Norm of s (s_norm) =  .1025951436038143E-02
  
Convergence check at iteration    8
  Relative cost decrease  =  5.5589E-03
  Relative model update   =  0.0000E+00
  Relative grad. norm     =  2.4886E-01
Time for LBFGS =  16.98126627604167 min
  
 Frequency:           7 Iteration:           9
t_global   =    331.832 s
  
 -------------- calculate Frechet derivatives -----------
 IFREQ =           7    ITERATION =           9
||Frechet||_F=  1.3018E-12max|Frechet|=  2.4202E-17
||Frechet||_F=  1.3018E-12max|Frechet|=  2.4202E-17
||Frechet||_F=  1.3018E-12max|Frechet|=  2.4202E-17
||Frechet||_F=  1.3018E-12max|Frechet|=  2.4202E-17
||Frechet||_F=  1.3018E-12max|Frechet|=  2.4202E-17
||Frechet||_F=  1.3018E-12max|Frechet|=  2.4202E-17
 
TIME for Frechet calc =  3.011756642659505 min
 
 
  compute the residual and the cost function
 WD_amp= 6.68865E+13  RESID_RMS= 1.12568E-03  FCOST_DATA= 6.33580E-07  FCOST0= 6.33580E-07
Grad block  10 GRAD_SCALED MORM =   3.1278E-05
Gradient finished
Start LBFGS 
curvature (full): s·y=  6.7483E-10  ||s||^2=  1.0526E-06  ||y||^2=  6.8665E-12  sTy_min=  2.6884E-10
LBFGS history: used= 0  skipped= 5  worst_col= 3  bad_s·y=  4.3940E-10  bad_cos_sy=  2.7247E-01
 
LBFGS step(full): g·p = -3.6038E-08  ||p||=  2.1030E-02
LBFGS step(full): min(p)= -1.5254E-03  max(p)=  1.2352E-03
LBFGS p_k (unscaled) stats per active parameter:
  IA= 10  PAR={Q44}  min=-2.09202E+00  max= 1.69396E+00  L2= 2.88408E+01
min(p_k)= -1.5254E-03  max(p_k)=  1.2352E-03  ||p_k||=  2.1030E-02
min(p_kf)= -1.5254E-03  max(p_kf)=  1.2352E-03  ||p_kf||=  8.4120E-02
p_k/p_kf  =   2.5000E-01
Start linesearch
MT entry: phi(0)=  6.3358E-07  dg0= -3.6038E-08  alpha0=  1.0000E+00
 UPDATEPARAMETER: f-scale only
UPDATEPARAMETER PAR_STEP min/max, V_STEP min/max =  4.3584843923E+01  1.0513470447E+02
  4.3584843923E+01  1.0513470447E+02
 WD_amp= 6.68865E+13  RESID_RMS= 1.12445E-03  FCOST_DATA= 6.32189E-07  FCOST0= 6.32189E-07
  
 -------------- calculate Frechet derivatives -----------
 IFREQ =           7    ITERATION =           9
||Frechet||_F=  1.3020E-12max|Frechet|=  2.4202E-17
||Frechet||_F=  1.3020E-12max|Frechet|=  2.4202E-17
||Frechet||_F=  1.3020E-12max|Frechet|=  2.4202E-17
||Frechet||_F=  1.3020E-12max|Frechet|=  2.4202E-17
||Frechet||_F=  1.3020E-12max|Frechet|=  2.4202E-17
||Frechet||_F=  1.3020E-12max|Frechet|=  2.4202E-17
Grad block  10 GRAD_SCALED MORM =   2.8203E-05
MT try: alpha=  1.0000E+00  phi=  6.3219E-07  dg= -2.0429E-08  dg0= -3.6038E-08
MT try: armijo_rhs=  6.3358E-07  armijo=T  curvature=T  task=FG
  
  
  
  
  
Convergence reached, updating parameter grid
ALPHA from line search =  1.000000000000000
 FCOST0 after linesearch  6.321892165194051E-007
Norm of s (s_norm) =  .2102991519160735E-01
  
Convergence check at iteration    9
  Relative cost decrease  =  2.1959E-03
  Relative model update   =  0.0000E+00
  Relative grad. norm     =  2.8917E-01
Time for LBFGS =  8.582221476236979 min
  
 Frequency:           7 Iteration:          10
t_global   =    331.542 s
  
 -------------- calculate Frechet derivatives -----------
 IFREQ =           7    ITERATION =          10
||Frechet||_F=  1.3020E-12max|Frechet|=  2.4202E-17
||Frechet||_F=  1.3020E-12max|Frechet|=  2.4202E-17
||Frechet||_F=  1.3020E-12max|Frechet|=  2.4202E-17
||Frechet||_F=  1.3020E-12max|Frechet|=  2.4202E-17
||Frechet||_F=  1.3020E-12max|Frechet|=  2.4202E-17
||Frechet||_F=  1.3020E-12max|Frechet|=  2.4202E-17
 
TIME for Frechet calc =  3.027335103352864 min
 
 
  compute the residual and the cost function
 WD_amp= 6.68865E+13  RESID_RMS= 1.12445E-03  FCOST_DATA= 6.32189E-07  FCOST0= 6.32189E-07
Grad block  10 GRAD_SCALED MORM =   2.8203E-05
Gradient finished
Start LBFGS 
curvature (full): s·y=  1.5608E-08  ||s||^2=  4.4226E-04  ||y||^2=  1.4425E-11  sTy_min=  7.9871E-09
LBFGS history: used= 1  skipped= 4  worst_col= 4  bad_s·y=  4.3940E-10  bad_cos_sy=  2.7247E-01
 
LBFGS step(full): g·p = -2.1024E-07  ||p||=  1.4295E-01
LBFGS step(full): min(p)= -1.0360E-02  max(p)=  8.4091E-03
LBFGS p_k (unscaled) stats per active parameter:
  IA= 10  PAR={Q44}  min=-1.42072E+01  max= 1.15324E+01  L2= 1.96047E+02
min(p_k)= -1.0360E-02  max(p_k)=  8.4091E-03  ||p_k||=  1.4295E-01
min(p_kf)= -1.0360E-02  max(p_kf)=  8.4091E-03  ||p_kf||=  5.7181E-01
p_k/p_kf  =   2.5000E-01
Start linesearch
MT entry: phi(0)=  6.3219E-07  dg0= -2.1024E-07  alpha0=  1.0000E+00
 UPDATEPARAMETER: f-scale only
UPDATEPARAMETER PAR_STEP min/max, V_STEP min/max =  3.6333773708E+01  1.0780740080E+02
  3.6333773708E+01  1.0780740080E+02
 WD_amp= 6.68865E+13  RESID_RMS= 2.46135E-03  FCOST_DATA= 3.02913E-06  FCOST0= 3.02913E-06
  
 -------------- calculate Frechet derivatives -----------
 IFREQ =           7    ITERATION =          10
||Frechet||_F=  1.3041E-12max|Frechet|=  2.4202E-17
||Frechet||_F=  1.3041E-12max|Frechet|=  2.4202E-17
||Frechet||_F=  1.3041E-12max|Frechet|=  2.4202E-17
||Frechet||_F=  1.3041E-12max|Frechet|=  2.4202E-17
||Frechet||_F=  1.3041E-12max|Frechet|=  2.4202E-17
||Frechet||_F=  1.3041E-12max|Frechet|=  2.4202E-17
Grad block  10 GRAD_SCALED MORM =   1.2735E-04
MT try: alpha=  1.0000E+00  phi=  3.0291E-06  dg=  1.4766E-06  dg0= -2.1024E-07
MT try: armijo_rhs=  6.3217E-07  armijo=F  curvature=F  task=FG
 UPDATEPARAMETER: f-scale only
UPDATEPARAMETER PAR_STEP min/max, V_STEP min/max =  4.3587855854E+01  1.0515704674E+02
  4.3587855854E+01  1.0515704674E+02
 WD_amp= 6.68865E+13  RESID_RMS= 1.12388E-03  FCOST_DATA= 6.31548E-07  FCOST0= 6.31548E-07
  
 -------------- calculate Frechet derivatives -----------
 IFREQ =           7    ITERATION =          10
||Frechet||_F=  1.3020E-12max|Frechet|=  2.4202E-17
||Frechet||_F=  1.3020E-12max|Frechet|=  2.4202E-17
||Frechet||_F=  1.3020E-12max|Frechet|=  2.4202E-17
||Frechet||_F=  1.3020E-12max|Frechet|=  2.4202E-17
||Frechet||_F=  1.3020E-12max|Frechet|=  2.4202E-17
||Frechet||_F=  1.3020E-12max|Frechet|=  2.4202E-17
Grad block  10 GRAD_SCALED MORM =   2.7853E-05
MT try: alpha=  1.7396E-02  phi=  6.3155E-07  dg= -1.8259E-07  dg0= -2.1024E-07
MT try: armijo_rhs=  6.3219E-07  armijo=T  curvature=T  task=FG
  
  
  
  
  
Convergence reached, updating parameter grid
ALPHA from line search =  .1739642110127058E-01
 FCOST0 after linesearch  6.315482060566531E-007
Norm of s (s_norm) =  .2486862146758910E-02
  
Convergence check at iteration   10
  Relative cost decrease  =  1.0140E-03
  Relative model update   =  0.0000E+00
  Relative grad. norm     =  2.1470E-01
Time for LBFGS =  16.95078328450521 min
 --------- Frequency   5.65000000000000       (band            1 )
[ComputeAcqWeight] empty acq_weight_file, using uniform weights = 1.0
Data weighting computed for frequency 4607182418800017373
XSRmin, XSRmax, ZSRmin, ZSRMax -1960.000000000000 .000000000000000 2050.000000000000 4030.000000000000
1 FKYC
1.2 FKYC
Data weighting computed for frequency 4607182418800017373
Data weighting computed for frequency 4607182418800017373
Data weighting computed for frequency 4607182418800017373
Data weighting computed for frequency 4607182418800017373
Data weighting computed for frequency 4607182418800017373
my_rank, FKYC,WLMAX, RMAX 0 .4630434389421478E-01 906.6865123615522 2786.036611389018
1.1 NK
NK in cky2= 66

  Number of wavenumber samples (NK) for FREQ =   66
  RMAX = 2786.04
--- Pre-solver preview (memory + RHS workload) ---
   GQG dims: NNX=       585  NNZ=       317  NPT=    185445
   DOF:     N=3*NPT =    556335
   Sources: NSR=       100  NSS=        20  NK=        66
   RHS total (per IK): nrhs_tot=3*NSS =        60
   Batch:    MAX_RHS_BATCH=        32  nbatches=         2
   GFMY  (GFX+GFY+GFZ):         16.414 GB
   RHS_MY(rhs+sol buffers):      0.531 GB
 
 running run_ik_loop_pardiso
before CA | VmRSS=  18.216 GB  VmHWM=  81.337 GB
after CA | VmRSS=  19.649 GB  VmHWM=  81.337 GB
after factor | VmRSS=  23.405 GB  VmHWM=  81.337 GB
f=     5.650 Hz | ky=  0.701581E-03 | IK=       1/      66 | t=   17.281500 s | CA=  2.5173 | fact= 12.8313 | GF=  1.9327 | solve=  1.7747 | scatter=  0.0547
f=     5.650 Hz | ky=  0.140316E-02 | IK=       2/      66 | t=    7.020300 s | CA=  2.5989 | fact=  2.5962 | GF=  1.8252 | solve=  1.6992 | scatter=  0.0525
f=     5.650 Hz | ky=  0.210474E-02 | IK=       3/      66 | t=    6.977000 s | CA=  2.5592 | fact=  2.5909 | GF=  1.8269 | solve=  1.6989 | scatter=  0.0544
f=     5.650 Hz | ky=  0.280632E-02 | IK=       4/      66 | t=    7.045000 s | CA=  2.6365 | fact=  2.5785 | GF=  1.8300 | solve=  1.7052 | scatter=  0.0513
f=     5.650 Hz | ky=  0.350790E-02 | IK=       5/      66 | t=    6.959600 s | CA=  2.5426 | fact=  2.5850 | GF=  1.8320 | solve=  1.7037 | scatter=  0.0543
f=     5.650 Hz | ky=  0.420949E-02 | IK=       6/      66 | t=    7.012400 s | CA=  2.6053 | fact=  2.5758 | GF=  1.8312 | solve=  1.7038 | scatter=  0.0539
f=     5.650 Hz | ky=  0.491107E-02 | IK=       7/      66 | t=    6.985700 s | CA=  2.6012 | fact=  2.5576 | GF=  1.8269 | solve=  1.7010 | scatter=  0.0524
f=     5.650 Hz | ky=  0.561265E-02 | IK=       8/      66 | t=    7.001000 s | CA=  2.5919 | fact=  2.5829 | GF=  1.8262 | solve=  1.6971 | scatter=  0.0556
f=     5.650 Hz | ky=  0.631423E-02 | IK=       9/      66 | t=    6.938400 s | CA=  2.5592 | fact=  2.5502 | GF=  1.8290 | solve=  1.7023 | scatter=  0.0532
f=     5.650 Hz | ky=  0.701581E-02 | IK=      10/      66 | t=    7.029500 s | CA=  2.5984 | fact=  2.6010 | GF=  1.8301 | solve=  1.7047 | scatter=  0.0519
f=     5.650 Hz | ky=  0.771739E-02 | IK=      11/      66 | t=    6.986400 s | CA=  2.5827 | fact=  2.5782 | GF=  1.8255 | solve=  1.6969 | scatter=  0.0550
PARDISO mem (f=  5.65 Hz): sym=  1.95 GB  perm=  1.42 GB  num=  3.22 GB  
peak=  4.64 GB
t_global   =    130.794 s
TIME for 1st forward modeling =  2.179953257242838  min
TIME for GT0 =  .6178333361943563E-02  min
Data scaler W for L2 norm: 69691293965796.52
Data scaler W for WQS norm: .1007948000807317E-312
Total number of active inversion parameters for current sequential stage (IM):          1
Total model blocks points (NM = IM * NBLOCK):      11534 on grid (NMM = IM * NPT):    185445
 Gradient balance ():   1.00000000000000        1.00000000000000     
   1.00000000000000        1.00000000000000        1.00000000000000     
   1.00000000000000        1.00000000000000        1.00000000000000     
   1.00000000000000        1.00000000000000        1.00000000000000     
 IE0, IZ          30           0
 IE0, IZ, GZ1, GZ2 =           30           0   100.000000000000     
   300.000000000000     
  
 Frequency:           8 Iteration:           1
--- Pre-solver preview (memory + RHS workload) ---
   GQG dims: NNX=       585  NNZ=       317  NPT=    185445
   DOF:     N=3*NPT =    556335
   Sources: NSR=       100  NSS=       100  NK=        66
   RHS total (per IK): nrhs_tot=3*NSS =       300
   Batch:    MAX_RHS_BATCH=        32  nbatches=        10
   GFMY  (GFX+GFY+GFZ):         82.071 GB
   RHS_MY(rhs+sol buffers):      0.531 GB
 
 running run_ik_loop_pardiso
before CA | VmRSS=  84.700 GB  VmHWM=  84.700 GB
after CA | VmRSS=  86.115 GB  VmHWM=  90.454 GB
after factor | VmRSS=  89.883 GB  VmHWM=  90.454 GB
f=     5.650 Hz | ky=  0.701581E-03 | IK=       1/      66 | t=   24.351500 s | CA=  2.5268 | fact= 12.8266 | GF=  8.9979 | solve=  8.3248 | scatter=  0.2598
f=     5.650 Hz | ky=  0.140316E-02 | IK=       2/      66 | t=   13.998500 s | CA=  2.5536 | fact=  2.5495 | GF=  8.8953 | solve=  8.2525 | scatter=  0.2602
f=     5.650 Hz | ky=  0.210474E-02 | IK=       3/      66 | t=   13.996700 s | CA=  2.5371 | fact=  2.5714 | GF=  8.8882 | solve=  8.2485 | scatter=  0.2569
f=     5.650 Hz | ky=  0.280632E-02 | IK=       4/      66 | t=   14.057400 s | CA=  2.6124 | fact=  2.5644 | GF=  8.8806 | solve=  8.2375 | scatter=  0.2592
f=     5.650 Hz | ky=  0.350790E-02 | IK=       5/      66 | t=   14.023400 s | CA=  2.5755 | fact=  2.5704 | GF=  8.8774 | solve=  8.2361 | scatter=  0.2585
f=     5.650 Hz | ky=  0.420949E-02 | IK=       6/      66 | t=   14.054000 s | CA=  2.5706 | fact=  2.5827 | GF=  8.9007 | solve=  8.2581 | scatter=  0.2605
f=     5.650 Hz | ky=  0.491107E-02 | IK=       7/      66 | t=   14.010300 s | CA=  2.5675 | fact=  2.5619 | GF=  8.8808 | solve=  8.2377 | scatter=  0.2600
f=     5.650 Hz | ky=  0.561265E-02 | IK=       8/      66 | t=   14.068800 s | CA=  2.5704 | fact=  2.5750 | GF=  8.9234 | solve=  8.2778 | scatter=  0.2623
f=     5.650 Hz | ky=  0.631423E-02 | IK=       9/      66 | t=   14.197100 s | CA=  2.6743 | fact=  2.5868 | GF=  8.9360 | solve=  8.2930 | scatter=  0.2608
f=     5.650 Hz | ky=  0.701581E-02 | IK=      10/      66 | t=   14.113100 s | CA=  2.6380 | fact=  2.5597 | GF=  8.9153 | solve=  8.2712 | scatter=  0.2608
f=     5.650 Hz | ky=  0.771739E-02 | IK=      11/      66 | t=   14.073000 s | CA=  2.5949 | fact=  2.5740 | GF=  8.9040 | solve=  8.2604 | scatter=  0.2610
PARDISO mem (f=  5.65 Hz): sym=  1.95 GB  perm=  1.42 GB  num=  3.22 GB  
peak=  4.64 GB
t_global   =    381.416 s
TIME for 2d forward modeling_i calc =  6.355936686197917 min
Rank    4 -> ID range:   3201 to   4000 | Tasks:    800
Rank    5 -> ID range:   4001 to   4800 | Tasks:    800
Rank    1 -> ID range:    801 to   1600 | Tasks:    800
Rank    2 -> ID range:   1601 to   2400 | Tasks:    800
Rank    3 -> ID range:   2401 to   3200 | Tasks:    800
  
 -------------- calculate Frechet derivatives -----------
 IFREQ =           8    ITERATION =           1
Frechet memory size Frec_my:      0.825 (Gb)
Rank    0 -> ID range:      1 to    800 | Tasks:    800
FREQ:      5.7 Hz, ITER=       1  Frechet Derivative ID=     100/    4800 Finished   0.260400 s
FREQ:      5.7 Hz, ITER=       1  Frechet Derivative ID=     200/    4800 Finished   0.261300 s
FREQ:      5.7 Hz, ITER=       1  Frechet Derivative ID=     300/    4800 Finished   0.253900 s
FREQ:      5.7 Hz, ITER=       1  Frechet Derivative ID=     400/    4800 Finished   0.239200 s
FREQ:      5.7 Hz, ITER=       1  Frechet Derivative ID=     500/    4800 Finished   0.253400 s
FREQ:      5.7 Hz, ITER=       1  Frechet Derivative ID=     600/    4800 Finished   0.246500 s
FREQ:      5.7 Hz, ITER=       1  Frechet Derivative ID=     700/    4800 Finished   0.247000 s
FREQ:      5.7 Hz, ITER=       1  Frechet Derivative ID=     800/    4800 Finished   0.251200 s
||Frechet||_F=  1.2249E-12max|Frechet|=  2.5640E-17
||Frechet||_F=  1.2249E-12max|Frechet|=  2.5640E-17
||Frechet||_F=  1.2249E-12max|Frechet|=  2.5640E-17
||Frechet||_F=  1.2249E-12max|Frechet|=  2.5640E-17
||Frechet||_F=  1.2249E-12max|Frechet|=  2.5640E-17
||Frechet||_F=  1.2249E-12max|Frechet|=  2.5640E-17
 
TIME for Frechet calc =  3.645801544189453 min
 
m_fine: min=  4.3588E+01  max=  1.0516E+02  mean=  8.2453E+01  ||.||2=  3.6904E+04  size=  185445
m_coarse_prev: min=  4.4303E+01  max=  1.0484E+02  mean=  8.2475E+01  ||.||2=  9.2048E+03  size=   11534
 
  compute the residual and the cost function
 WD_amp= 6.96913E+13  RESID_RMS= 1.22524E-03  FCOST_DATA= 7.50607E-07  FCOST0= 7.50607E-07
IA= 10  H(single F0) min= 0.00000E+00  max= 6.11392E-02
IA= 10  H(F0^2)     min= 0.00000E+00  max= 6.11392E-02
HESSD: ia=  10  min= 0.00000E+00  max= 1.63549E+04
IA= 10  H(single F0) min= 0.00000E+00  max= 6.11392E-02
IA= 10  H(F0^2)     min= 0.00000E+00  max= 6.11392E-02
HESSD: ia=  10  min= 0.00000E+00  max= 1.63549E+04
IA= 10  H(single F0) min= 0.00000E+00  max= 6.11392E-02
IA= 10  H(F0^2)     min= 0.00000E+00  max= 6.11392E-02
HESSD: ia=  10  min= 0.00000E+00  max= 1.63549E+04
IA= 10  H(single F0) min= 0.00000E+00  max= 6.11392E-02
IA= 10  H(F0^2)     min= 0.00000E+00  max= 6.11392E-02
HESSD: ia=  10  min= 0.00000E+00  max= 1.63549E+04
IA= 10  H(single F0) min= 0.00000E+00  max= 6.11392E-02
IA= 10  H(F0^2)     min= 0.00000E+00  max= 6.11392E-02
HESSD: ia=  10  min= 0.00000E+00  max= 1.63549E+04
IA= 10  H(single F0) min= 0.00000E+00  max= 6.11392E-02
IA= 10  H(F0^2)     min= 0.00000E+00  max= 6.11392E-02
HESSD: ia=  10  min= 0.00000E+00  max= 1.63549E+04
Grad block  10 GRAD_SCALED MORM =   3.5438E-05
Raw grad block 10  PAR={Q44}  min= -4.6219E-09  max=  4.8196E-09  L2=  2.9916E-08
Gradient finished
Start LBFGS 
LBFGS steepest step , iter=      1
  g·p = -1.3858E-07  ||p|| =  2.6995E-02
  min(p)= -2.6465E-03  max(p)=  2.1392E-03
LBFGS p_k (unscaled) stats per active parameter:
  IA= 10  PAR={Q44}  min=-3.62951E+00  max= 2.93373E+00  L2= 3.70214E+01
min(p_k)= -2.6465E-03  max(p_k)=  2.1392E-03  ||p_k||=  2.6995E-02
min(p_kf)= -2.6465E-03  max(p_kf)=  2.1392E-03  ||p_kf||=  1.0798E-01
p_k/p_kf  =   2.5000E-01
Start linesearch
BT entry: phi(0)=  7.5061E-07  g·p(0)= -1.3858E-07
 UPDATEPARAMETER: f-scale only
UPDATEPARAMETER PAR_STEP min/max, V_STEP min/max =  4.3632546138E+01  1.0514210619E+02
  4.3632546138E+01  1.0514210619E+02
REL STEP Q      : k= 10 row=  5 rmax_k=  6.5276E-02 row_scale=  1.0516E+02
BT cap probe: rmax1=  6.5276E-02  alpha_cap=  1.0000E+00  alpha00=  1.0000E+00
 UPDATEPARAMETER: f-scale only
UPDATEPARAMETER PAR_STEP min/max, V_STEP min/max =  4.3632546138E+01  1.0514210619E+02
  4.3632546138E+01  1.0514210619E+02
 running run_ik_loop_pardiso
before CA | VmRSS=  19.064 GB  VmHWM=  94.893 GB
after CA | VmRSS=  19.938 GB  VmHWM=  94.893 GB
after factor | VmRSS=  23.714 GB  VmHWM=  94.893 GB
f=     5.650 Hz | ky=  0.701581E-03 | IK=       1/      66 | t=   17.314000 s | CA=  2.5339 | fact= 12.8488 | GF=  1.9311 | solve=  1.7761 | scatter=  0.0515
f=     5.650 Hz | ky=  0.140316E-02 | IK=       2/      66 | t=    6.965400 s | CA=  2.5749 | fact=  2.5665 | GF=  1.8240 | solve=  1.6978 | scatter=  0.0526
f=     5.650 Hz | ky=  0.210474E-02 | IK=       3/      66 | t=    6.975100 s | CA=  2.5727 | fact=  2.5806 | GF=  1.8218 | solve=  1.6969 | scatter=  0.0514
f=     5.650 Hz | ky=  0.280632E-02 | IK=       4/      66 | t=    7.004400 s | CA=  2.5925 | fact=  2.5832 | GF=  1.8286 | solve=  1.6998 | scatter=  0.0553
f=     5.650 Hz | ky=  0.350790E-02 | IK=       5/      66 | t=    7.014100 s | CA=  2.6126 | fact=  2.5776 | GF=  1.8239 | solve=  1.6978 | scatter=  0.0527
f=     5.650 Hz | ky=  0.420949E-02 | IK=       6/      66 | t=    6.993700 s | CA=  2.5895 | fact=  2.5795 | GF=  1.8246 | solve=  1.6986 | scatter=  0.0525
f=     5.650 Hz | ky=  0.491107E-02 | IK=       7/      66 | t=    7.010900 s | CA=  2.6008 | fact=  2.5822 | GF=  1.8279 | solve=  1.7008 | scatter=  0.0535
f=     5.650 Hz | ky=  0.561265E-02 | IK=       8/      66 | t=    6.953300 s | CA=  2.6122 | fact=  2.5147 | GF=  1.8264 | solve=  1.7007 | scatter=  0.0523
f=     5.650 Hz | ky=  0.631423E-02 | IK=       9/      66 | t=    6.979000 s | CA=  2.5599 | fact=  2.5951 | GF=  1.8239 | solve=  1.6963 | scatter=  0.0541
f=     5.650 Hz | ky=  0.701581E-02 | IK=      10/      66 | t=    7.012600 s | CA=  2.5955 | fact=  2.5897 | GF=  1.8274 | solve=  1.6999 | scatter=  0.0539
f=     5.650 Hz | ky=  0.771739E-02 | IK=      11/      66 | t=    6.970400 s | CA=  2.5713 | fact=  2.5784 | GF=  1.8207 | solve=  1.6952 | scatter=  0.0520
PARDISO mem (f=  5.65 Hz): sym=  1.95 GB  perm=  1.42 GB  num=  3.22 GB  
peak=  4.64 GB
 WD_amp= 6.96913E+13  RESID_RMS= 1.54629E-03  FCOST_DATA= 1.19550E-06  FCOST0= 1.19550E-06
BT: alpha=  1.0000E+00  phi=  1.1955E-06  rhs=  7.5059E-07
 UPDATEPARAMETER: f-scale only
UPDATEPARAMETER PAR_STEP min/max, V_STEP min/max =  4.3610200996E+01  1.0514774808E+02
  4.3610200996E+01  1.0514774808E+02
 running run_ik_loop_pardiso
before CA | VmRSS=  19.711 GB  VmHWM=  94.893 GB
after CA | VmRSS=  20.387 GB  VmHWM=  94.893 GB
after factor | VmRSS=  24.153 GB  VmHWM=  94.893 GB
f=     5.650 Hz | ky=  0.701581E-03 | IK=       1/      66 | t=   17.371400 s | CA=  2.5868 | fact= 12.8581 | GF=  1.9263 | solve=  1.7684 | scatter=  0.0546
f=     5.650 Hz | ky=  0.140316E-02 | IK=       2/      66 | t=    6.977100 s | CA=  2.5894 | fact=  2.5646 | GF=  1.8230 | solve=  1.6968 | scatter=  0.0524
f=     5.650 Hz | ky=  0.210474E-02 | IK=       3/      66 | t=    6.982300 s | CA=  2.5953 | fact=  2.5653 | GF=  1.8217 | solve=  1.6938 | scatter=  0.0544
f=     5.650 Hz | ky=  0.280632E-02 | IK=       4/      66 | t=    6.961700 s | CA=  2.5717 | fact=  2.5680 | GF=  1.8219 | solve=  1.6954 | scatter=  0.0530
f=     5.650 Hz | ky=  0.350790E-02 | IK=       5/      66 | t=    7.003100 s | CA=  2.6219 | fact=  2.5536 | GF=  1.8275 | solve=  1.6991 | scatter=  0.0548
f=     5.650 Hz | ky=  0.420949E-02 | IK=       6/      66 | t=    6.981200 s | CA=  2.5775 | fact=  2.5835 | GF=  1.8202 | solve=  1.6932 | scatter=  0.0533
f=     5.650 Hz | ky=  0.491107E-02 | IK=       7/      66 | t=    6.964300 s | CA=  2.5831 | fact=  2.5572 | GF=  1.8240 | solve=  1.6961 | scatter=  0.0543
f=     5.650 Hz | ky=  0.561265E-02 | IK=       8/      66 | t=    7.014200 s | CA=  2.6100 | fact=  2.5757 | GF=  1.8284 | solve=  1.7033 | scatter=  0.0515
f=     5.650 Hz | ky=  0.631423E-02 | IK=       9/      66 | t=    6.993500 s | CA=  2.6087 | fact=  2.5620 | GF=  1.8228 | solve=  1.6962 | scatter=  0.0531
f=     5.650 Hz | ky=  0.701581E-02 | IK=      10/      66 | t=    6.938100 s | CA=  2.5631 | fact=  2.5501 | GF=  1.8249 | solve=  1.6989 | scatter=  0.0524
f=     5.650 Hz | ky=  0.771739E-02 | IK=      11/      66 | t=    6.935600 s | CA=  2.6055 | fact=  2.5072 | GF=  1.8229 | solve=  1.6974 | scatter=  0.0518
PARDISO mem (f=  5.65 Hz): sym=  1.95 GB  perm=  1.42 GB  num=  3.22 GB  
peak=  4.64 GB
 WD_amp= 6.96913E+13  RESID_RMS= 1.26396E-03  FCOST_DATA= 7.98804E-07  FCOST0= 7.98804E-07
BT: alpha=  5.0000E-01  phi=  7.9880E-07  rhs=  7.5060E-07
 UPDATEPARAMETER: f-scale only
UPDATEPARAMETER PAR_STEP min/max, V_STEP min/max =  4.3599028425E+01  1.0515056902E+02
  4.3599028425E+01  1.0515056902E+02
 running run_ik_loop_pardiso
before CA | VmRSS=  19.050 GB  VmHWM=  94.893 GB
after CA | VmRSS=  19.671 GB  VmHWM=  94.893 GB
after factor | VmRSS=  23.432 GB  VmHWM=  94.893 GB
f=     5.650 Hz | ky=  0.701581E-03 | IK=       1/      66 | t=   17.291500 s | CA=  2.5131 | fact= 12.8520 | GF=  1.9262 | solve=  1.7698 | scatter=  0.0533
f=     5.650 Hz | ky=  0.140316E-02 | IK=       2/      66 | t=    6.896000 s | CA=  2.5549 | fact=  2.5316 | GF=  1.8095 | solve=  1.6844 | scatter=  0.0517
f=     5.650 Hz | ky=  0.210474E-02 | IK=       3/      66 | t=    6.969800 s | CA=  2.5793 | fact=  2.5841 | GF=  1.8064 | solve=  1.6784 | scatter=  0.0544
f=     5.650 Hz | ky=  0.280632E-02 | IK=       4/      66 | t=    6.996800 s | CA=  2.6360 | fact=  2.5555 | GF=  1.8052 | solve=  1.6798 | scatter=  0.0517
f=     5.650 Hz | ky=  0.350790E-02 | IK=       5/      66 | t=    6.942500 s | CA=  2.5723 | fact=  2.5632 | GF=  1.8069 | solve=  1.6792 | scatter=  0.0539
f=     5.650 Hz | ky=  0.420949E-02 | IK=       6/      66 | t=    6.946500 s | CA=  2.5851 | fact=  2.5513 | GF=  1.8101 | solve=  1.6841 | scatter=  0.0526
f=     5.650 Hz | ky=  0.491107E-02 | IK=       7/      66 | t=    6.973600 s | CA=  2.6278 | fact=  2.5380 | GF=  1.8078 | solve=  1.6809 | scatter=  0.0533
f=     5.650 Hz | ky=  0.561265E-02 | IK=       8/      66 | t=    6.991600 s | CA=  2.6174 | fact=  2.5709 | GF=  1.8032 | solve=  1.6773 | scatter=  0.0525
f=     5.650 Hz | ky=  0.631423E-02 | IK=       9/      66 | t=    6.970800 s | CA=  2.5788 | fact=  2.5834 | GF=  1.8086 | solve=  1.6833 | scatter=  0.0515
f=     5.650 Hz | ky=  0.701581E-02 | IK=      10/      66 | t=    7.004000 s | CA=  2.6349 | fact=  2.5599 | GF=  1.8091 | solve=  1.6822 | scatter=  0.0530
f=     5.650 Hz | ky=  0.771739E-02 | IK=      11/      66 | t=    6.898400 s | CA=  2.5195 | fact=  2.5673 | GF=  1.8116 | solve=  1.6838 | scatter=  0.0538
PARDISO mem (f=  5.65 Hz): sym=  1.95 GB  perm=  1.42 GB  num=  3.22 GB  
peak=  4.64 GB
  
  
 WD_amp= 6.96913E+13  RESID_RMS= 1.20866E-03  FCOST_DATA= 7.30430E-07  FCOST0= 7.30430E-07
BT: alpha=  2.5000E-01  phi=  7.3043E-07  rhs=  7.5060E-07
  
  
  
Convergence reached, updating parameter grid
ALPHA from line search =  .2500000000000000
 FCOST0 after linesearch  7.304298122418416E-007
Norm of s (s_norm) =  .6748757827106604E-02
  
Time for LBFGS =  6.479273478190104 min
  
 Frequency:           8 Iteration:           2
t_global   =    381.399 s
  
 -------------- calculate Frechet derivatives -----------
 IFREQ =           8    ITERATION =           2
||Frechet||_F=  1.2243E-12max|Frechet|=  2.5638E-17
||Frechet||_F=  1.2243E-12max|Frechet|=  2.5638E-17
||Frechet||_F=  1.2243E-12max|Frechet|=  2.5638E-17
||Frechet||_F=  1.2243E-12max|Frechet|=  2.5638E-17
||Frechet||_F=  1.2243E-12max|Frechet|=  2.5638E-17
||Frechet||_F=  1.2243E-12max|Frechet|=  2.5638E-17
 
TIME for Frechet calc =  3.598524983723958 min
 
 
  compute the residual and the cost function
 WD_amp= 6.96913E+13  RESID_RMS= 1.20866E-03  FCOST_DATA= 7.30430E-07  FCOST0= 7.30430E-07
Grad block  10 GRAD_SCALED MORM =   3.4204E-05
Raw grad block 10  PAR={Q44}  min= -3.8336E-09  max=  5.6934E-09  L2=  2.9078E-08
Gradient finished
Start LBFGS 
curvature (warm): s·y=  3.6067E-08  ||s||^2=  4.5546E-05  ||y||^2=  1.1043E-10  sTy_min=  7.0918E-09
LBFGS step: g·p = -1.2917E-07  ||p||=  3.9736E-02
LBFGS step: min(p)= -3.4875E-03  max(p)=  2.5291E-03
LBFGS p_k (unscaled) stats per active parameter:
  IA= 10  PAR={Q44}  min=-4.78281E+00  max= 3.46848E+00  L2= 5.44942E+01
min(p_k)= -3.4875E-03  max(p_k)=  2.5291E-03  ||p_k||=  3.9736E-02
min(p_kf)= -3.4875E-03  max(p_kf)=  2.5291E-03  ||p_kf||=  1.5894E-01
p_k/p_kf  =   2.5000E-01
Start linesearch
MT entry: phi(0)=  7.3043E-07  dg0= -1.2917E-07  alpha0=  1.0000E+00
 UPDATEPARAMETER: f-scale only
UPDATEPARAMETER PAR_STEP min/max, V_STEP min/max =  4.3450777874E+01  1.0518410542E+02
  4.3450777874E+01  1.0518410542E+02
 WD_amp= 6.96913E+13  RESID_RMS= 1.86958E-03  FCOST_DATA= 1.74767E-06  FCOST0= 1.74767E-06
  
 -------------- calculate Frechet derivatives -----------
 IFREQ =           8    ITERATION =           2
||Frechet||_F=  1.2282E-12max|Frechet|=  2.5635E-17
||Frechet||_F=  1.2282E-12max|Frechet|=  2.5635E-17
||Frechet||_F=  1.2282E-12max|Frechet|=  2.5635E-17
||Frechet||_F=  1.2282E-12max|Frechet|=  2.5635E-17
||Frechet||_F=  1.2282E-12max|Frechet|=  2.5635E-17
||Frechet||_F=  1.2282E-12max|Frechet|=  2.5635E-17
Grad block  10 GRAD_SCALED MORM =   9.1124E-05
MT try: alpha=  1.0000E+00  phi=  1.7477E-06  dg=  7.5280E-07  dg0= -1.2917E-07
MT try: armijo_rhs=  7.3042E-07  armijo=F  curvature=F  task=FG
 UPDATEPARAMETER: f-scale only
UPDATEPARAMETER PAR_STEP min/max, V_STEP min/max =  4.3602634893E+01  1.0514998890E+02
  4.3602634893E+01  1.0514998890E+02
 WD_amp= 6.96913E+13  RESID_RMS= 1.20080E-03  FCOST_DATA= 7.20955E-07  FCOST0= 7.20955E-07
  
 -------------- calculate Frechet derivatives -----------
 IFREQ =           8    ITERATION =           2
||Frechet||_F=  1.2244E-12max|Frechet|=  2.5638E-17
||Frechet||_F=  1.2244E-12max|Frechet|=  2.5638E-17
||Frechet||_F=  1.2244E-12max|Frechet|=  2.5638E-17
||Frechet||_F=  1.2244E-12max|Frechet|=  2.5638E-17
||Frechet||_F=  1.2244E-12max|Frechet|=  2.5638E-17
||Frechet||_F=  1.2244E-12max|Frechet|=  2.5638E-17
Grad block  10 GRAD_SCALED MORM =   3.3612E-05
MT try: alpha=  2.5806E-02  phi=  7.2096E-07  dg= -1.0814E-07  dg0= -1.2917E-07
MT try: armijo_rhs=  7.3043E-07  armijo=T  curvature=T  task=FG
  
  
  
  
  
Convergence reached, updating parameter grid
ALPHA from line search =  .2580625658275413E-01
 FCOST0 after linesearch  7.209552979713546E-007
Norm of s (s_norm) =  .1025430298866407E-02
  
Time for LBFGS =  19.88189086914063 min
  
 Frequency:           8 Iteration:           3
t_global   =    381.654 s
  
 -------------- calculate Frechet derivatives -----------
 IFREQ =           8    ITERATION =           3
||Frechet||_F=  1.2244E-12max|Frechet|=  2.5638E-17
||Frechet||_F=  1.2244E-12max|Frechet|=  2.5638E-17
||Frechet||_F=  1.2244E-12max|Frechet|=  2.5638E-17
||Frechet||_F=  1.2244E-12max|Frechet|=  2.5638E-17
||Frechet||_F=  1.2244E-12max|Frechet|=  2.5638E-17
||Frechet||_F=  1.2244E-12max|Frechet|=  2.5638E-17
 
TIME for Frechet calc =  3.645578257242839 min
 
 
  compute the residual and the cost function
 WD_amp= 6.96913E+13  RESID_RMS= 1.20080E-03  FCOST_DATA= 7.20955E-07  FCOST0= 7.20955E-07
Grad block  10 GRAD_SCALED MORM =   3.3612E-05
Gradient finished
Start LBFGS 
curvature (warm): s·y=  5.4274E-10  ||s||^2=  1.0515E-06  ||y||^2=  2.6141E-12  sTy_min=  1.6579E-10
LBFGS history: used= 1  skipped= 1  worst_col= 4  bad_s·y=  5.4274E-10  bad_cos_sy=  3.2736E-01
LBFGS step: g·p = -9.3543E-08  ||p||=  3.4061E-02
LBFGS step: min(p)= -2.6735E-03  max(p)=  2.2286E-03
LBFGS p_k (unscaled) stats per active parameter:
  IA= 10  PAR={Q44}  min=-3.66648E+00  max= 3.05635E+00  L2= 4.67112E+01
min(p_k)= -2.6735E-03  max(p_k)=  2.2286E-03  ||p_k||=  3.4061E-02
min(p_kf)= -2.6735E-03  max(p_kf)=  2.2286E-03  ||p_kf||=  1.3624E-01
p_k/p_kf  =   2.5000E-01
Start linesearch
MT entry: phi(0)=  7.2096E-07  dg0= -9.3543E-08  alpha0=  1.0000E+00
 UPDATEPARAMETER: f-scale only
UPDATEPARAMETER PAR_STEP min/max, V_STEP min/max =  4.3533271929E+01  1.0514323761E+02
  4.3533271929E+01  1.0514323761E+02
 WD_amp= 6.96913E+13  RESID_RMS= 1.53499E-03  FCOST_DATA= 1.17809E-06  FCOST0= 1.17809E-06
  
 -------------- calculate Frechet derivatives -----------
 IFREQ =           8    ITERATION =           3
||Frechet||_F=  1.2267E-12max|Frechet|=  2.5635E-17
||Frechet||_F=  1.2267E-12max|Frechet|=  2.5635E-17
||Frechet||_F=  1.2267E-12max|Frechet|=  2.5635E-17
||Frechet||_F=  1.2267E-12max|Frechet|=  2.5635E-17
||Frechet||_F=  1.2267E-12max|Frechet|=  2.5635E-17
||Frechet||_F=  1.2267E-12max|Frechet|=  2.5635E-17
Grad block  10 GRAD_SCALED MORM =   6.2785E-05
MT try: alpha=  1.0000E+00  phi=  1.1781E-06  dg=  3.3806E-07  dg0= -9.3543E-08
MT try: armijo_rhs=  7.2095E-07  armijo=F  curvature=F  task=FG
 UPDATEPARAMETER: f-scale only
UPDATEPARAMETER PAR_STEP min/max, V_STEP min/max =  4.3608808297E+01  1.0514918654E+02
  4.3608808297E+01  1.0514918654E+02
 WD_amp= 6.96913E+13  RESID_RMS= 1.19306E-03  FCOST_DATA= 7.11690E-07  FCOST0= 7.11690E-07
  
 -------------- calculate Frechet derivatives -----------
 IFREQ =           8    ITERATION =           3
||Frechet||_F=  1.2245E-12max|Frechet|=  2.5638E-17
||Frechet||_F=  1.2245E-12max|Frechet|=  2.5638E-17
||Frechet||_F=  1.2245E-12max|Frechet|=  2.5638E-17
||Frechet||_F=  1.2245E-12max|Frechet|=  2.5638E-17
||Frechet||_F=  1.2245E-12max|Frechet|=  2.5638E-17
||Frechet||_F=  1.2245E-12max|Frechet|=  2.5638E-17
Grad block  10 GRAD_SCALED MORM =   3.3098E-05
MT try: alpha=  3.9616E-02  phi=  7.1169E-07  dg= -7.7484E-08  dg0= -9.3543E-08
MT try: armijo_rhs=  7.2095E-07  armijo=T  curvature=T  task=FG
  
  
  
  
  
Convergence reached, updating parameter grid
ALPHA from line search =  .3961577975030305E-01
 FCOST0 after linesearch  7.116902075796673E-007
Norm of s (s_norm) =  .1349336194377790E-02
  
Convergence check at iteration    3
  Relative cost decrease  =  1.2851E-02
  Relative model update   =  0.0000E+00
  Relative grad. norm     =  7.5102E-01
Time for LBFGS =  19.83112182617187 min
  
 Frequency:           8 Iteration:           4
t_global   =    382.025 s
  
 -------------- calculate Frechet derivatives -----------
 IFREQ =           8    ITERATION =           4
||Frechet||_F=  1.2245E-12max|Frechet|=  2.5638E-17
||Frechet||_F=  1.2245E-12max|Frechet|=  2.5638E-17
||Frechet||_F=  1.2245E-12max|Frechet|=  2.5638E-17
||Frechet||_F=  1.2245E-12max|Frechet|=  2.5638E-17
||Frechet||_F=  1.2245E-12max|Frechet|=  2.5638E-17
||Frechet||_F=  1.2245E-12max|Frechet|=  2.5638E-17
 
TIME for Frechet calc =  3.573893229166667 min
 
 
  compute the residual and the cost function
 WD_amp= 6.96913E+13  RESID_RMS= 1.19306E-03  FCOST_DATA= 7.11690E-07  FCOST0= 7.11690E-07
Grad block  10 GRAD_SCALED MORM =   3.3098E-05
Gradient finished
Start LBFGS 
curvature (warm): s·y=  6.3620E-10  ||s||^2=  1.8207E-06  ||y||^2=  2.3323E-12  sTy_min=  2.0607E-10
LBFGS history: used= 1  skipped= 2  worst_col= 4  bad_s·y=  5.4274E-10  bad_cos_sy=  3.2736E-01
LBFGS step: g·p = -6.7974E-08  ||p||=  2.8428E-02
LBFGS step: min(p)= -1.8000E-03  max(p)=  1.9041E-03
LBFGS p_k (unscaled) stats per active parameter:
  IA= 10  PAR={Q44}  min=-2.46854E+00  max= 2.61130E+00  L2= 3.89868E+01
min(p_k)= -1.8000E-03  max(p_k)=  1.9041E-03  ||p_k||=  2.8428E-02
min(p_kf)= -1.8000E-03  max(p_kf)=  1.9041E-03  ||p_kf||=  1.1371E-01
p_k/p_kf  =   2.5000E-01
Start linesearch
MT entry: phi(0)=  7.1169E-07  dg0= -6.7974E-08  alpha0=  1.0000E+00
 UPDATEPARAMETER: f-scale only
UPDATEPARAMETER PAR_STEP min/max, V_STEP min/max =  4.3544637592E+01  1.0514312016E+02
  4.3544637592E+01  1.0514312016E+02
 WD_amp= 6.96913E+13  RESID_RMS= 1.30074E-03  FCOST_DATA= 8.45961E-07  FCOST0= 8.45961E-07
  
 -------------- calculate Frechet derivatives -----------
 IFREQ =           8    ITERATION =           4
||Frechet||_F=  1.2252E-12max|Frechet|=  2.5635E-17
||Frechet||_F=  1.2252E-12max|Frechet|=  2.5635E-17
||Frechet||_F=  1.2252E-12max|Frechet|=  2.5635E-17
||Frechet||_F=  1.2252E-12max|Frechet|=  2.5635E-17
||Frechet||_F=  1.2252E-12max|Frechet|=  2.5635E-17
||Frechet||_F=  1.2252E-12max|Frechet|=  2.5635E-17
Grad block  10 GRAD_SCALED MORM =   4.2972E-05
MT try: alpha=  1.0000E+00  phi=  8.4596E-07  dg=  9.8914E-08  dg0= -6.7974E-08
MT try: armijo_rhs=  7.1168E-07  armijo=F  curvature=F  task=FG
 UPDATEPARAMETER: f-scale only
UPDATEPARAMETER PAR_STEP min/max, V_STEP min/max =  4.3622418719E+01  1.0514772434E+02
  4.3622418719E+01  1.0514772434E+02
 WD_amp= 6.96913E+13  RESID_RMS= 1.18406E-03  FCOST_DATA= 7.01004E-07  FCOST0= 7.01004E-07
  
 -------------- calculate Frechet derivatives -----------
 IFREQ =           8    ITERATION =           4
||Frechet||_F=  1.2245E-12max|Frechet|=  2.5638E-17
||Frechet||_F=  1.2245E-12max|Frechet|=  2.5638E-17
||Frechet||_F=  1.2245E-12max|Frechet|=  2.5638E-17
||Frechet||_F=  1.2245E-12max|Frechet|=  2.5638E-17
||Frechet||_F=  1.2245E-12max|Frechet|=  2.5638E-17
||Frechet||_F=  1.2245E-12max|Frechet|=  2.5638E-17
Grad block  10 GRAD_SCALED MORM =   3.2553E-05
MT try: alpha=  8.2829E-02  phi=  7.0100E-07  dg= -5.4718E-08  dg0= -6.7974E-08
MT try: armijo_rhs=  7.1169E-07  armijo=T  curvature=T  task=FG
  
  
  
  
  
Convergence reached, updating parameter grid
ALPHA from line search =  .8282948411676555E-01
 FCOST0 after linesearch  7.010044363189490E-007
Norm of s (s_norm) =  .2354685804312933E-02
  
Convergence check at iteration    4
  Relative cost decrease  =  1.5015E-02
  Relative model update   =  0.0000E+00
  Relative grad. norm     =  6.6451E-01
Time for LBFGS =  19.79414062500000 min
  
 Frequency:           8 Iteration:           5
t_global   =    381.862 s
  
 -------------- calculate Frechet derivatives -----------
 IFREQ =           8    ITERATION =           5
||Frechet||_F=  1.2245E-12max|Frechet|=  2.5638E-17
||Frechet||_F=  1.2245E-12max|Frechet|=  2.5638E-17
||Frechet||_F=  1.2245E-12max|Frechet|=  2.5638E-17
||Frechet||_F=  1.2245E-12max|Frechet|=  2.5638E-17
||Frechet||_F=  1.2245E-12max|Frechet|=  2.5638E-17
||Frechet||_F=  1.2245E-12max|Frechet|=  2.5638E-17
 
TIME for Frechet calc =  3.585178375244141 min
 
 
  compute the residual and the cost function
 WD_amp= 6.96913E+13  RESID_RMS= 1.18406E-03  FCOST_DATA= 7.01004E-07  FCOST0= 7.01004E-07
Grad block  10 GRAD_SCALED MORM =   3.2553E-05
Gradient finished
Start LBFGS 
curvature (warm): s·y=  1.0980E-09  ||s||^2=  5.5445E-06  ||y||^2=  2.1203E-12  sTy_min=  3.4287E-10
LBFGS history: used= 1  skipped= 3  worst_col= 4  bad_s·y=  5.4274E-10  bad_cos_sy=  3.2736E-01
LBFGS step: g·p = -4.9089E-08  ||p||=  2.2528E-02
LBFGS step: min(p)= -1.3162E-03  max(p)=  1.8202E-03
LBFGS p_k (unscaled) stats per active parameter:
  IA= 10  PAR={Q44}  min=-1.80503E+00  max= 2.49627E+00  L2= 3.08957E+01
min(p_k)= -1.3162E-03  max(p_k)=  1.8202E-03  ||p_k||=  2.2528E-02
min(p_kf)= -1.3162E-03  max(p_kf)=  1.8202E-03  ||p_kf||=  9.0113E-02
p_k/p_kf  =   2.5000E-01
Start linesearch
MT entry: phi(0)=  7.0100E-07  dg0= -4.9089E-08  alpha0=  1.0000E+00
 UPDATEPARAMETER: f-scale only
UPDATEPARAMETER PAR_STEP min/max, V_STEP min/max =  4.3526378550E+01  1.0514373749E+02
  4.3526378550E+01  1.0514373749E+02
 WD_amp= 6.96913E+13  RESID_RMS= 1.21242E-03  FCOST_DATA= 7.34977E-07  FCOST0= 7.34977E-07
  
 -------------- calculate Frechet derivatives -----------
 IFREQ =           8    ITERATION =           5
||Frechet||_F=  1.2240E-12max|Frechet|=  2.5635E-17
||Frechet||_F=  1.2240E-12max|Frechet|=  2.5635E-17
||Frechet||_F=  1.2240E-12max|Frechet|=  2.5635E-17
||Frechet||_F=  1.2240E-12max|Frechet|=  2.5635E-17
||Frechet||_F=  1.2240E-12max|Frechet|=  2.5635E-17
||Frechet||_F=  1.2240E-12max|Frechet|=  2.5635E-17
Grad block  10 GRAD_SCALED MORM =   3.7483E-05
MT try: alpha=  1.0000E+00  phi=  7.3498E-07  dg=  7.9133E-09  dg0= -4.9089E-08
MT try: armijo_rhs=  7.0100E-07  armijo=F  curvature=T  task=FG
 UPDATEPARAMETER: f-scale only
UPDATEPARAMETER PAR_STEP min/max, V_STEP min/max =  4.3644729149E+01  1.0514567931E+02
  4.3644729149E+01  1.0514567931E+02
 WD_amp= 6.96913E+13  RESID_RMS= 1.17764E-03  FCOST_DATA= 6.93424E-07  FCOST0= 6.93424E-07
  
 -------------- calculate Frechet derivatives -----------
 IFREQ =           8    ITERATION =           5
||Frechet||_F=  1.2244E-12max|Frechet|=  2.5637E-17
||Frechet||_F=  1.2244E-12max|Frechet|=  2.5637E-17
||Frechet||_F=  1.2244E-12max|Frechet|=  2.5637E-17
||Frechet||_F=  1.2244E-12max|Frechet|=  2.5637E-17
||Frechet||_F=  1.2244E-12max|Frechet|=  2.5637E-17
||Frechet||_F=  1.2244E-12max|Frechet|=  2.5637E-17
Grad block  10 GRAD_SCALED MORM =   3.2167E-05
MT try: alpha=  1.4583E-01  phi=  6.9342E-07  dg= -4.0791E-08  dg0= -4.9089E-08
MT try: armijo_rhs=  7.0100E-07  armijo=T  curvature=T  task=FG
  
  
  
  
  
Convergence reached, updating parameter grid
ALPHA from line search =  .1458278548171325
 FCOST0 after linesearch  6.934236359903243E-007
Norm of s (s_norm) =  .3285254746007011E-02
  
Convergence check at iteration    5
  Relative cost decrease  =  1.0814E-02
  Relative model update   =  0.0000E+00
  Relative grad. norm     =  5.8127E-01
Time for LBFGS =  -3559.402343750000 min
  
 Frequency:           8 Iteration:           6
t_global   =    381.425 s
  
 -------------- calculate Frechet derivatives -----------
 IFREQ =           8    ITERATION =           6
||Frechet||_F=  1.2244E-12max|Frechet|=  2.5637E-17
||Frechet||_F=  1.2244E-12max|Frechet|=  2.5637E-17
||Frechet||_F=  1.2244E-12max|Frechet|=  2.5637E-17
||Frechet||_F=  1.2244E-12max|Frechet|=  2.5637E-17
||Frechet||_F=  1.2244E-12max|Frechet|=  2.5637E-17
||Frechet||_F=  1.2244E-12max|Frechet|=  2.5637E-17
 
TIME for Frechet calc =  3.567998250325521 min
 
 
  compute the residual and the cost function
 WD_amp= 6.96913E+13  RESID_RMS= 1.17764E-03  FCOST_DATA= 6.93424E-07  FCOST0= 6.93424E-07
Grad block  10 GRAD_SCALED MORM =   3.2167E-05
Gradient finished
Start LBFGS 
curvature (warm): s·y=  1.2101E-09  ||s||^2=  1.0793E-05  ||y||^2=  2.0041E-12  sTy_min=  4.6508E-10
LBFGS history: used= 1  skipped= 4  worst_col= 4  bad_s·y=  5.4274E-10  bad_cos_sy=  3.2736E-01
LBFGS step: g·p = -3.6492E-08  ||p||=  1.9592E-02
LBFGS step: min(p)= -1.1745E-03  max(p)=  1.7496E-03
LBFGS p_k (unscaled) stats per active parameter:
  IA= 10  PAR={Q44}  min=-1.61072E+00  max= 2.39948E+00  L2= 2.68683E+01
min(p_k)= -1.1745E-03  max(p_k)=  1.7496E-03  ||p_k||=  1.9592E-02
min(p_kf)= -1.1745E-03  max(p_kf)=  1.7496E-03  ||p_kf||=  7.8367E-02
p_k/p_kf  =   2.5000E-01
Start linesearch
MT entry: phi(0)=  6.9342E-07  dg0= -3.6492E-08  alpha0=  1.0000E+00
 UPDATEPARAMETER: f-scale only
UPDATEPARAMETER PAR_STEP min/max, V_STEP min/max =  4.3481125457E+01  1.0514600440E+02
  4.3481125457E+01  1.0514600440E+02
 WD_amp= 6.96913E+13  RESID_RMS= 1.20288E-03  FCOST_DATA= 7.23463E-07  FCOST0= 7.23463E-07
  
 -------------- calculate Frechet derivatives -----------
 IFREQ =           8    ITERATION =           6
||Frechet||_F=  1.2243E-12max|Frechet|=  2.5635E-17
||Frechet||_F=  1.2243E-12max|Frechet|=  2.5635E-17
||Frechet||_F=  1.2243E-12max|Frechet|=  2.5635E-17
||Frechet||_F=  1.2243E-12max|Frechet|=  2.5635E-17
||Frechet||_F=  1.2243E-12max|Frechet|=  2.5635E-17
||Frechet||_F=  1.2243E-12max|Frechet|=  2.5635E-17
Grad block  10 GRAD_SCALED MORM =   3.5578E-05
MT try: alpha=  1.0000E+00  phi=  7.2346E-07  dg= -9.9514E-09  dg0= -3.6492E-08
MT try: armijo_rhs=  6.9342E-07  armijo=F  curvature=T  task=FG
 UPDATEPARAMETER: f-scale only
UPDATEPARAMETER PAR_STEP min/max, V_STEP min/max =  4.3640999862E+01  1.0514435611E+02
  4.3640999862E+01  1.0514435611E+02
 WD_amp= 6.96913E+13  RESID_RMS= 1.17556E-03  FCOST_DATA= 6.90975E-07  FCOST0= 6.90975E-07
  
 -------------- calculate Frechet derivatives -----------
 IFREQ =           8    ITERATION =           6
||Frechet||_F=  1.2244E-12max|Frechet|=  2.5637E-17
||Frechet||_F=  1.2244E-12max|Frechet|=  2.5637E-17
||Frechet||_F=  1.2244E-12max|Frechet|=  2.5637E-17
||Frechet||_F=  1.2244E-12max|Frechet|=  2.5637E-17
||Frechet||_F=  1.2244E-12max|Frechet|=  2.5637E-17
||Frechet||_F=  1.2244E-12max|Frechet|=  2.5637E-17
Grad block  10 GRAD_SCALED MORM =   3.1940E-05
MT try: alpha=  1.1837E-01  phi=  6.9098E-07  dg= -3.3396E-08  dg0= -3.6492E-08
MT try: armijo_rhs=  6.9342E-07  armijo=T  curvature=F  task=FG
 UPDATEPARAMETER: f-scale only
UPDATEPARAMETER PAR_STEP min/max, V_STEP min/max =  4.3561062659E+01  1.0514293445E+02
  4.3561062659E+01  1.0514293445E+02
 WD_amp= 6.96913E+13  RESID_RMS= 1.17984E-03  FCOST_DATA= 6.96016E-07  FCOST0= 6.96016E-07
  
 -------------- calculate Frechet derivatives -----------
 IFREQ =           8    ITERATION =           6
||Frechet||_F=  1.2243E-12max|Frechet|=  2.5636E-17
||Frechet||_F=  1.2243E-12max|Frechet|=  2.5636E-17
||Frechet||_F=  1.2243E-12max|Frechet|=  2.5636E-17
||Frechet||_F=  1.2243E-12max|Frechet|=  2.5636E-17
||Frechet||_F=  1.2243E-12max|Frechet|=  2.5636E-17
||Frechet||_F=  1.2243E-12max|Frechet|=  2.5636E-17
Grad block  10 GRAD_SCALED MORM =   3.2608E-05
MT try: alpha=  5.5919E-01  phi=  6.9602E-07  dg= -2.1763E-08  dg0= -3.6492E-08
MT try: armijo_rhs=  6.9342E-07  armijo=F  curvature=T  task=FG
 UPDATEPARAMETER: f-scale only
UPDATEPARAMETER PAR_STEP min/max, V_STEP min/max =  4.3628176037E+01  1.0514356563E+02
  4.3628176037E+01  1.0514356563E+02
 WD_amp= 6.96913E+13  RESID_RMS= 1.17497E-03  FCOST_DATA= 6.90280E-07  FCOST0= 6.90280E-07
  
 -------------- calculate Frechet derivatives -----------
 IFREQ =           8    ITERATION =           6
||Frechet||_F=  1.2244E-12max|Frechet|=  2.5637E-17
||Frechet||_F=  1.2244E-12max|Frechet|=  2.5637E-17
||Frechet||_F=  1.2244E-12max|Frechet|=  2.5637E-17
||Frechet||_F=  1.2244E-12max|Frechet|=  2.5637E-17
||Frechet||_F=  1.2244E-12max|Frechet|=  2.5637E-17
||Frechet||_F=  1.2244E-12max|Frechet|=  2.5637E-17
Grad block  10 GRAD_SCALED MORM =   3.1885E-05
MT try: alpha=  1.8909E-01  phi=  6.9028E-07  dg= -3.1540E-08  dg0= -3.6492E-08
MT try: armijo_rhs=  6.9342E-07  armijo=T  curvature=T  task=FG
  
  
  
  
  
Convergence reached, updating parameter grid
ALPHA from line search =  .1890906274961481
 FCOST0 after linesearch  6.902796932294279E-007
Norm of s (s_norm) =  .3704604234751805E-02
  
Convergence check at iteration    6
  Relative cost decrease  =  4.5339E-03
  Relative model update   =  0.0000E+00
  Relative grad. norm     =  5.3046E-01
Time for LBFGS =  39.57158610026042 min
  
 Frequency:           8 Iteration:           7
t_global   =    381.350 s
  
 -------------- calculate Frechet derivatives -----------
 IFREQ =           8    ITERATION =           7
||Frechet||_F=  1.2244E-12max|Frechet|=  2.5637E-17
||Frechet||_F=  1.2244E-12max|Frechet|=  2.5637E-17
||Frechet||_F=  1.2244E-12max|Frechet|=  2.5637E-17
||Frechet||_F=  1.2244E-12max|Frechet|=  2.5637E-17
||Frechet||_F=  1.2244E-12max|Frechet|=  2.5637E-17
||Frechet||_F=  1.2244E-12max|Frechet|=  2.5637E-17
 
TIME for Frechet calc =  3.706338246663412 min
 
 
  compute the residual and the cost function
 WD_amp= 6.96913E+13  RESID_RMS= 1.17497E-03  FCOST_DATA= 6.90280E-07  FCOST0= 6.90280E-07
Grad block  10 GRAD_SCALED MORM =   3.1885E-05
Gradient finished
Start LBFGS 
curvature (full): s·y=  9.3637E-10  ||s||^2=  1.3724E-05  ||y||^2=  1.6263E-12  sTy_min=  4.7243E-10
LBFGS history: used= 0  skipped= 5  worst_col= 5  bad_s·y=  5.4274E-10  bad_cos_sy=  3.2736E-01
 
LBFGS step(full): g·p = -3.6113E-08  ||p||=  1.5076E-02
LBFGS step(full): min(p)= -9.5132E-04  max(p)=  1.8452E-03
LBFGS p_k (unscaled) stats per active parameter:
  IA= 10  PAR={Q44}  min=-1.30465E+00  max= 2.53053E+00  L2= 2.06752E+01
min(p_k)= -9.5132E-04  max(p_k)=  1.8452E-03  ||p_k||=  1.5076E-02
min(p_kf)= -9.5132E-04  max(p_kf)=  1.8452E-03  ||p_kf||=  6.0303E-02
p_k/p_kf  =   2.5000E-01
Start linesearch
MT entry: phi(0)=  6.9028E-07  dg0= -3.6113E-08  alpha0=  1.0000E+00
 UPDATEPARAMETER: f-scale only
UPDATEPARAMETER PAR_STEP min/max, V_STEP min/max =  4.3469637343E+01  1.0514687782E+02
  4.3469637343E+01  1.0514687782E+02
 WD_amp= 6.96913E+13  RESID_RMS= 1.24693E-03  FCOST_DATA= 7.77419E-07  FCOST0= 7.77419E-07
  
 -------------- calculate Frechet derivatives -----------
 IFREQ =           8    ITERATION =           7
||Frechet||_F=  1.2243E-12max|Frechet|=  2.5638E-17
||Frechet||_F=  1.2243E-12max|Frechet|=  2.5638E-17
||Frechet||_F=  1.2243E-12max|Frechet|=  2.5638E-17
||Frechet||_F=  1.2243E-12max|Frechet|=  2.5638E-17
||Frechet||_F=  1.2243E-12max|Frechet|=  2.5638E-17
||Frechet||_F=  1.2243E-12max|Frechet|=  2.5638E-17
Grad block  10 GRAD_SCALED MORM =   3.7285E-05
MT try: alpha=  1.0000E+00  phi=  7.7742E-07  dg=  6.7383E-08  dg0= -3.6113E-08
MT try: armijo_rhs=  6.9028E-07  armijo=F  curvature=F  task=FG
 UPDATEPARAMETER: f-scale only
UPDATEPARAMETER PAR_STEP min/max, V_STEP min/max =  4.3620108042E+01  1.0514314402E+02
  4.3620108042E+01  1.0514314402E+02
 WD_amp= 6.96913E+13  RESID_RMS= 1.17264E-03  FCOST_DATA= 6.87540E-07  FCOST0= 6.87540E-07
  
 -------------- calculate Frechet derivatives -----------
 IFREQ =           8    ITERATION =           7
||Frechet||_F=  1.2244E-12max|Frechet|=  2.5637E-17
||Frechet||_F=  1.2244E-12max|Frechet|=  2.5637E-17
||Frechet||_F=  1.2244E-12max|Frechet|=  2.5637E-17
||Frechet||_F=  1.2244E-12max|Frechet|=  2.5637E-17
||Frechet||_F=  1.2244E-12max|Frechet|=  2.5637E-17
||Frechet||_F=  1.2244E-12max|Frechet|=  2.5637E-17
Grad block  10 GRAD_SCALED MORM =   3.1648E-05
MT try: alpha=  7.1991E-02  phi=  6.8754E-07  dg= -2.8748E-08  dg0= -3.6113E-08
MT try: armijo_rhs=  6.9028E-07  armijo=T  curvature=T  task=FG
  
  
  
  
  
Convergence reached, updating parameter grid
ALPHA from line search =  .7199079466267037E-01
 FCOST0 after linesearch  6.875404095074114E-007
Norm of s (s_norm) =  .1085318565263368E-02
  
Convergence check at iteration    7
  Relative cost decrease  =  3.9684E-03
  Relative model update   =  0.0000E+00
  Relative grad. norm     =  4.3513E-01
Time for LBFGS =  19.78936564127604 min
  
 Frequency:           8 Iteration:           8
t_global   =    381.359 s
  
 -------------- calculate Frechet derivatives -----------
 IFREQ =           8    ITERATION =           8
||Frechet||_F=  1.2244E-12max|Frechet|=  2.5637E-17
||Frechet||_F=  1.2244E-12max|Frechet|=  2.5637E-17
||Frechet||_F=  1.2244E-12max|Frechet|=  2.5637E-17
||Frechet||_F=  1.2244E-12max|Frechet|=  2.5637E-17
||Frechet||_F=  1.2244E-12max|Frechet|=  2.5637E-17
 
TIME for Frechet calc =  3.680521647135417 min
 
 
  compute the residual and the cost function
 WD_amp= 6.96913E+13  RESID_RMS= 1.17264E-03  FCOST_DATA= 6.87540E-07  FCOST0= 6.87540E-07
||Frechet||_F=  1.2244E-12max|Frechet|=  2.5637E-17
Grad block  10 GRAD_SCALED MORM =   3.1648E-05
Gradient finished
Start LBFGS 
curvature (full): s·y=  5.3023E-10  ||s||^2=  1.1779E-06  ||y||^2=  1.6083E-12  sTy_min=  1.3764E-10
LBFGS history: used= 0  skipped= 5  worst_col= 1  bad_s·y=  5.3023E-10  bad_cos_sy=  3.8523E-01
 
LBFGS step(full): g·p = -2.5359E-08  ||p||=  1.3635E-02
LBFGS step(full): min(p)= -8.2952E-04  max(p)=  1.6446E-03
LBFGS p_k (unscaled) stats per active parameter:
  IA= 10  PAR={Q44}  min=-1.13761E+00  max= 2.25539E+00  L2= 1.86995E+01
min(p_k)= -8.2952E-04  max(p_k)=  1.6446E-03  ||p_k||=  1.3635E-02
min(p_kf)= -8.2952E-04  max(p_kf)=  1.6446E-03  ||p_kf||=  5.4541E-02
p_k/p_kf  =   2.5000E-01
Start linesearch
MT entry: phi(0)=  6.8754E-07  dg0= -2.5359E-08  alpha0=  1.0000E+00
 UPDATEPARAMETER: f-scale only
UPDATEPARAMETER PAR_STEP min/max, V_STEP min/max =  4.3402158287E+01  1.0514873283E+02
  4.3402158287E+01  1.0514873283E+02
 WD_amp= 6.96913E+13  RESID_RMS= 1.21709E-03  FCOST_DATA= 7.40656E-07  FCOST0= 7.40656E-07
  
 -------------- calculate Frechet derivatives -----------
 IFREQ =           8    ITERATION =           8
||Frechet||_F=  1.2239E-12max|Frechet|=  2.5637E-17
||Frechet||_F=  1.2239E-12max|Frechet|=  2.5637E-17
||Frechet||_F=  1.2239E-12max|Frechet|=  2.5637E-17
||Frechet||_F=  1.2239E-12max|Frechet|=  2.5637E-17
||Frechet||_F=  1.2239E-12max|Frechet|=  2.5637E-17
||Frechet||_F=  1.2239E-12max|Frechet|=  2.5637E-17
Grad block  10 GRAD_SCALED MORM =   3.3712E-05
MT try: alpha=  1.0000E+00  phi=  7.4066E-07  dg=  5.3449E-09  dg0= -2.5359E-08
MT try: armijo_rhs=  6.8754E-07  armijo=F  curvature=T  task=FG
 UPDATEPARAMETER: f-scale only
UPDATEPARAMETER PAR_STEP min/max, V_STEP min/max =  4.3609650843E+01  1.0514281426E+02
  4.3609650843E+01  1.0514281426E+02
 WD_amp= 6.96913E+13  RESID_RMS= 1.17268E-03  FCOST_DATA= 6.87586E-07  FCOST0= 6.87586E-07
LS STOP (stagnation): alpha=  6.5960E-02  FCOST1=  6.8759E-07  FCOST0=  6.8754E-07
 Line search failed (IFLAG=          11 ), inversion diverged.
 --------- Frequency   6.20000000000000       (band            1 )
[ComputeAcqWeight] empty acq_weight_file, using uniform weights = 1.0
Data weighting computed for frequency 4607182418800017373
XSRmin, XSRmax, ZSRmin, ZSRMax -1960.000000000000 .000000000000000 2050.000000000000 4030.000000000000
1 FKYC
1.2 FKYC
my_rank, FKYC,WLMAX, RMAX 0 .5081184639719144E-01 826.2546443294791 2786.036611389018
1.1 NK
NK in cky2= 66

  Number of wavenumber samples (NK) for FREQ =   66
Data weighting computed for frequency 4607182418800017373
Data weighting computed for frequency 4607182418800017373
Data weighting computed for frequency 4607182418800017373
Data weighting computed for frequency 4607182418800017373
Data weighting computed for frequency 4607182418800017373
  RMAX = 2786.04
--- Pre-solver preview (memory + RHS workload) ---
   GQG dims: NNX=       585  NNZ=       317  NPT=    185445
   DOF:     N=3*NPT =    556335
   Sources: NSR=       100  NSS=        20  NK=        66
   RHS total (per IK): nrhs_tot=3*NSS =        60
   Batch:    MAX_RHS_BATCH=        32  nbatches=         2
   GFMY  (GFX+GFY+GFZ):         16.414 GB
   RHS_MY(rhs+sol buffers):      0.531 GB
 
 running run_ik_loop_pardiso
before CA | VmRSS=  18.220 GB  VmHWM=  94.939 GB
after CA | VmRSS=  18.810 GB  VmHWM=  94.939 GB
after factor | VmRSS=  22.572 GB  VmHWM=  94.939 GB
f=     6.200 Hz | ky=  0.769876E-03 | IK=       1/      66 | t=   17.254100 s | CA=  2.5020 | fact= 12.8272 | GF=  1.9247 | solve=  1.7660 | scatter=  0.0552
f=     6.200 Hz | ky=  0.153975E-02 | IK=       2/      66 | t=    6.947800 s | CA=  2.5554 | fact=  2.5706 | GF=  1.8218 | solve=  1.6959 | scatter=  0.0524
f=     6.200 Hz | ky=  0.230963E-02 | IK=       3/      66 | t=    6.961500 s | CA=  2.5681 | fact=  2.5727 | GF=  1.8207 | solve=  1.6945 | scatter=  0.0528
f=     6.200 Hz | ky=  0.307951E-02 | IK=       4/      66 | t=    7.015000 s | CA=  2.6286 | fact=  2.5675 | GF=  1.8189 | solve=  1.6932 | scatter=  0.0523
f=     6.200 Hz | ky=  0.384938E-02 | IK=       5/      66 | t=    6.976800 s | CA=  2.5780 | fact=  2.5742 | GF=  1.8245 | solve=  1.6964 | scatter=  0.0543
f=     6.200 Hz | ky=  0.461926E-02 | IK=       6/      66 | t=    7.009000 s | CA=  2.6147 | fact=  2.5715 | GF=  1.8227 | solve=  1.6953 | scatter=  0.0539
f=     6.200 Hz | ky=  0.538914E-02 | IK=       7/      66 | t=    6.991300 s | CA=  2.5996 | fact=  2.5645 | GF=  1.8272 | solve=  1.7018 | scatter=  0.0519
f=     6.200 Hz | ky=  0.615901E-02 | IK=       8/      66 | t=    6.954400 s | CA=  2.5552 | fact=  2.5757 | GF=  1.8235 | solve=  1.6967 | scatter=  0.0533
f=     6.200 Hz | ky=  0.692889E-02 | IK=       9/      66 | t=    6.984700 s | CA=  2.6007 | fact=  2.5643 | GF=  1.8197 | solve=  1.6927 | scatter=  0.0537
f=     6.200 Hz | ky=  0.769876E-02 | IK=      10/      66 | t=    6.952300 s | CA=  2.5646 | fact=  2.5587 | GF=  1.8289 | solve=  1.7018 | scatter=  0.0531
f=     6.200 Hz | ky=  0.846864E-02 | IK=      11/      66 | t=    7.031600 s | CA=  2.6246 | fact=  2.5827 | GF=  1.8243 | solve=  1.6963 | scatter=  0.0544
PARDISO mem (f=  6.20 Hz): sym=  1.95 GB  perm=  1.42 GB  num=  3.22 GB  
peak=  4.64 GB
t_global   =    130.621 s
TIME for 1st forward modeling =  2.176843261718750  min
TIME for GT0 =  .6250000000000000E-02  min
Data scaler W for L2 norm: 74609991057523.44
Data scaler W for WQS norm: .1007948000807317E-312
Total number of active inversion parameters for current sequential stage (IM):          1
Total model blocks points (NM = IM * NBLOCK):      11534 on grid (NMM = IM * NPT):    185445
 Gradient balance ():   1.00000000000000        1.00000000000000     
   1.00000000000000        1.00000000000000        1.00000000000000     
   1.00000000000000        1.00000000000000        1.00000000000000     
   1.00000000000000        1.00000000000000        1.00000000000000     
 IE0, IZ          30           0
 IE0, IZ, GZ1, GZ2 =           30           0   100.000000000000     
   300.000000000000     
  
 Frequency:           9 Iteration:           1
--- Pre-solver preview (memory + RHS workload) ---
   GQG dims: NNX=       585  NNZ=       317  NPT=    185445
   DOF:     N=3*NPT =    556335
   Sources: NSR=       100  NSS=       100  NK=        66
   RHS total (per IK): nrhs_tot=3*NSS =       300
   Batch:    MAX_RHS_BATCH=        32  nbatches=        10
   GFMY  (GFX+GFY+GFZ):         82.071 GB
   RHS_MY(rhs+sol buffers):      0.531 GB
 
 running run_ik_loop_pardiso
before CA | VmRSS=  84.696 GB  VmHWM=  94.939 GB
after CA | VmRSS=  86.305 GB  VmHWM=  94.939 GB
after factor | VmRSS=  90.066 GB  VmHWM=  94.939 GB
f=     6.200 Hz | ky=  0.769876E-03 | IK=       1/      66 | t=   24.365000 s | CA=  2.5284 | fact= 12.8428 | GF=  8.9936 | solve=  8.3202 | scatter=  0.2599
f=     6.200 Hz | ky=  0.153975E-02 | IK=       2/      66 | t=   14.069200 s | CA=  2.6039 | fact=  2.5628 | GF=  8.9025 | solve=  8.2605 | scatter=  0.2599
f=     6.200 Hz | ky=  0.230963E-02 | IK=       3/      66 | t=   14.100100 s | CA=  2.6567 | fact=  2.5738 | GF=  8.8696 | solve=  8.2290 | scatter=  0.2579
f=     6.200 Hz | ky=  0.307951E-02 | IK=       4/      66 | t=   14.071000 s | CA=  2.5663 | fact=  2.5848 | GF=  8.9198 | solve=  8.2763 | scatter=  0.2613
f=     6.200 Hz | ky=  0.384938E-02 | IK=       5/      66 | t=   14.085000 s | CA=  2.6164 | fact=  2.5906 | GF=  8.8779 | solve=  8.2340 | scatter=  0.2612
f=     6.200 Hz | ky=  0.461926E-02 | IK=       6/      66 | t=   14.086800 s | CA=  2.6234 | fact=  2.5787 | GF=  8.8847 | solve=  8.2427 | scatter=  0.2597
f=     6.200 Hz | ky=  0.538914E-02 | IK=       7/      66 | t=   14.102300 s | CA=  2.6584 | fact=  2.5544 | GF=  8.8895 | solve=  8.2470 | scatter=  0.2592
f=     6.200 Hz | ky=  0.615901E-02 | IK=       8/      66 | t=   14.068400 s | CA=  2.6028 | fact=  2.5691 | GF=  8.8965 | solve=  8.2564 | scatter=  0.2577
f=     6.200 Hz | ky=  0.692889E-02 | IK=       9/      66 | t=   14.112200 s | CA=  2.5967 | fact=  2.5783 | GF=  8.9371 | solve=  8.2936 | scatter=  0.2609
f=     6.200 Hz | ky=  0.769876E-02 | IK=      10/      66 | t=   13.850300 s | CA=  2.6174 | fact=  2.5715 | GF=  8.6613 | solve=  8.0098 | scatter=  0.2684
f=     6.200 Hz | ky=  0.846864E-02 | IK=      11/      66 | t=   13.731400 s | CA=  2.5930 | fact=  2.5529 | GF=  8.5855 | solve=  7.9468 | scatter=  0.2564
PARDISO mem (f=  6.20 Hz): sym=  1.95 GB  perm=  1.42 GB  num=  3.22 GB  
peak=  4.64 GB
t_global   =    381.006 s
TIME for 2d forward modeling_i calc =  6.347904968261719 min
Rank    5 -> ID range:   4001 to   4800 | Tasks:    800
Rank    4 -> ID range:   3201 to   4000 | Tasks:    800
Rank    1 -> ID range:    801 to   1600 | Tasks:    800
Rank    2 -> ID range:   1601 to   2400 | Tasks:    800
Rank    3 -> ID range:   2401 to   3200 | Tasks:    800
  
 -------------- calculate Frechet derivatives -----------
 IFREQ =           9    ITERATION =           1
Frechet memory size Frec_my:      0.825 (Gb)
Rank    0 -> ID range:      1 to    800 | Tasks:    800
FREQ:      6.2 Hz, ITER=       1  Frechet Derivative ID=     100/    4800 Finished   0.267200 s
FREQ:      6.2 Hz, ITER=       1  Frechet Derivative ID=     200/    4800 Finished   0.294600 s
FREQ:      6.2 Hz, ITER=       1  Frechet Derivative ID=     300/    4800 Finished   0.265100 s
FREQ:      6.2 Hz, ITER=       1  Frechet Derivative ID=     400/    4800 Finished   0.244900 s
FREQ:      6.2 Hz, ITER=       1  Frechet Derivative ID=     500/    4800 Finished   0.266100 s
FREQ:      6.2 Hz, ITER=       1  Frechet Derivative ID=     600/    4800 Finished   0.269200 s
FREQ:      6.2 Hz, ITER=       1  Frechet Derivative ID=     700/    4800 Finished   0.269000 s
FREQ:      6.2 Hz, ITER=       1  Frechet Derivative ID=     800/    4800 Finished   0.268500 s
||Frechet||_F=  1.2070E-12max|Frechet|=  2.8394E-17
||Frechet||_F=  1.2070E-12max|Frechet|=  2.8394E-17
||Frechet||_F=  1.2070E-12max|Frechet|=  2.8394E-17
||Frechet||_F=  1.2070E-12max|Frechet|=  2.8394E-17
||Frechet||_F=  1.2070E-12max|Frechet|=  2.8394E-17
||Frechet||_F=  1.2070E-12max|Frechet|=  2.8394E-17
 
TIME for Frechet calc =  3.637201690673828 min
 
m_fine: min=  4.3620E+01  max=  1.0514E+02  mean=  8.2447E+01  ||.||2=  3.6900E+04  size=  185445
m_coarse_prev: min=  4.4237E+01  max=  1.0483E+02  mean=  8.2469E+01  ||.||2=  9.2039E+03  size=   11534
 
  compute the residual and the cost function
 WD_amp= 7.46100E+13  RESID_RMS= 1.32095E-03  FCOST_DATA= 8.72451E-07  FCOST0= 8.72451E-07
IA= 10  H(single F0) min= 0.00000E+00  max= 8.97688E-02
IA= 10  H(F0^2)     min= 0.00000E+00  max= 8.97688E-02
HESSD: ia=  10  min= 0.00000E+00  max= 1.11390E+04
IA= 10  H(single F0) min= 0.00000E+00  max= 8.97688E-02
IA= 10  H(F0^2)     min= 0.00000E+00  max= 8.97688E-02
HESSD: ia=  10  min= 0.00000E+00  max= 1.11390E+04
IA= 10  H(single F0) min= 0.00000E+00  max= 8.97688E-02
IA= 10  H(F0^2)     min= 0.00000E+00  max= 8.97688E-02
HESSD: ia=  10  min= 0.00000E+00  max= 1.11390E+04
IA= 10  H(single F0) min= 0.00000E+00  max= 8.97688E-02
IA= 10  H(F0^2)     min= 0.00000E+00  max= 8.97688E-02
HESSD: ia=  10  min= 0.00000E+00  max= 1.11390E+04
IA= 10  H(single F0) min= 0.00000E+00  max= 8.97688E-02
IA= 10  H(F0^2)     min= 0.00000E+00  max= 8.97688E-02
HESSD: ia=  10  min= 0.00000E+00  max= 1.11390E+04
IA= 10  H(single F0) min= 0.00000E+00  max= 8.97688E-02
IA= 10  H(F0^2)     min= 0.00000E+00  max= 8.97688E-02
HESSD: ia=  10  min= 0.00000E+00  max= 1.11390E+04
Grad block  10 GRAD_SCALED MORM =   4.2835E-05
Raw grad block 10  PAR={Q44}  min= -1.7606E-08  max=  1.6959E-08  L2=  4.7331E-08
Gradient finished
Start LBFGS 
LBFGS steepest step , iter=      1
  g·p = -1.6546E-07  ||p|| =  2.3463E-02
  min(p)= -1.8180E-03  max(p)=  1.4124E-03
LBFGS p_k (unscaled) stats per active parameter:
  IA= 10  PAR={Q44}  min=-2.49321E+00  max= 1.93705E+00  L2= 3.21770E+01
min(p_k)= -1.8180E-03  max(p_k)=  1.4124E-03  ||p_k||=  2.3463E-02
min(p_kf)= -1.8180E-03  max(p_kf)=  1.4124E-03  ||p_kf||=  9.3850E-02
p_k/p_kf  =   2.5000E-01
Start linesearch
BT entry: phi(0)=  8.7245E-07  g·p(0)= -1.6546E-07
 UPDATEPARAMETER: f-scale only
UPDATEPARAMETER PAR_STEP min/max, V_STEP min/max =  4.2990000053E+01  1.0511596371E+02
  4.2990000053E+01  1.0511596371E+02
REL STEP Q      : k= 10 row=  5 rmax_k=  5.0859E-02 row_scale=  1.0514E+02
BT cap probe: rmax1=  5.0859E-02  alpha_cap=  1.0000E+00  alpha00=  1.0000E+00
 UPDATEPARAMETER: f-scale only
UPDATEPARAMETER PAR_STEP min/max, V_STEP min/max =  4.2990000053E+01  1.0511596371E+02
  4.2990000053E+01  1.0511596371E+02
 running run_ik_loop_pardiso
before CA | VmRSS=  19.047 GB  VmHWM=  94.939 GB
after CA | VmRSS=  20.326 GB  VmHWM=  94.939 GB
after factor | VmRSS=  24.085 GB  VmHWM=  94.939 GB
f=     6.200 Hz | ky=  0.769876E-03 | IK=       1/      66 | t=   17.341600 s | CA=  2.5680 | fact= 12.8501 | GF=  1.9233 | solve=  1.7673 | scatter=  0.0525
f=     6.200 Hz | ky=  0.153975E-02 | IK=       2/      66 | t=    7.004500 s | CA=  2.6052 | fact=  2.5766 | GF=  1.8227 | solve=  1.6961 | scatter=  0.0533
f=     6.200 Hz | ky=  0.230963E-02 | IK=       3/      66 | t=    7.074800 s | CA=  2.6686 | fact=  2.5825 | GF=  1.8237 | solve=  1.6974 | scatter=  0.0529
f=     6.200 Hz | ky=  0.307951E-02 | IK=       4/      66 | t=    6.977900 s | CA=  2.5767 | fact=  2.5717 | GF=  1.8294 | solve=  1.7025 | scatter=  0.0534
f=     6.200 Hz | ky=  0.384938E-02 | IK=       5/      66 | t=    6.957300 s | CA=  2.5549 | fact=  2.5717 | GF=  1.8306 | solve=  1.7023 | scatter=  0.0548
f=     6.200 Hz | ky=  0.461926E-02 | IK=       6/      66 | t=    6.999700 s | CA=  2.6123 | fact=  2.5626 | GF=  1.8248 | solve=  1.6995 | scatter=  0.0517
f=     6.200 Hz | ky=  0.538914E-02 | IK=       7/      66 | t=    6.962700 s | CA=  2.5552 | fact=  2.5806 | GF=  1.8269 | solve=  1.7022 | scatter=  0.0509
f=     6.200 Hz | ky=  0.615901E-02 | IK=       8/      66 | t=    6.957800 s | CA=  2.6092 | fact=  2.5648 | GF=  1.7837 | solve=  1.6582 | scatter=  0.0519
f=     6.200 Hz | ky=  0.692889E-02 | IK=       9/      66 | t=    6.955200 s | CA=  2.5903 | fact=  2.5912 | GF=  1.7736 | solve=  1.6461 | scatter=  0.0538
f=     6.200 Hz | ky=  0.769876E-02 | IK=      10/      66 | t=    6.983600 s | CA=  2.6239 | fact=  2.5873 | GF=  1.7724 | solve=  1.6472 | scatter=  0.0516
f=     6.200 Hz | ky=  0.846864E-02 | IK=      11/      66 | t=    6.875500 s | CA=  2.5833 | fact=  2.5200 | GF=  1.7722 | solve=  1.6464 | scatter=  0.0523
PARDISO mem (f=  6.20 Hz): sym=  1.95 GB  perm=  1.42 GB  num=  3.22 GB  
peak=  4.64 GB
 WD_amp= 7.46100E+13  RESID_RMS= 1.78917E-03  FCOST_DATA= 1.60057E-06  FCOST0= 1.60057E-06
BT: alpha=  1.0000E+00  phi=  1.6006E-06  rhs=  8.7243E-07
 UPDATEPARAMETER: f-scale only
UPDATEPARAMETER PAR_STEP min/max, V_STEP min/max =  4.3694401766E+01  1.0512955386E+02
  4.3694401766E+01  1.0512955386E+02
 running run_ik_loop_pardiso
before CA | VmRSS=  19.565 GB  VmHWM=  94.939 GB
after CA | VmRSS=  19.828 GB  VmHWM=  94.939 GB
after factor | VmRSS=  23.601 GB  VmHWM=  94.939 GB
f=     6.200 Hz | ky=  0.769876E-03 | IK=       1/      66 | t=   17.394300 s | CA=  2.6050 | fact= 12.8591 | GF=  1.9300 | solve=  1.7718 | scatter=  0.0546
f=     6.200 Hz | ky=  0.153975E-02 | IK=       2/      66 | t=    6.951600 s | CA=  2.5809 | fact=  2.5397 | GF=  1.8310 | solve=  1.7052 | scatter=  0.0523
f=     6.200 Hz | ky=  0.230963E-02 | IK=       3/      66 | t=    6.968000 s | CA=  2.5726 | fact=  2.5714 | GF=  1.8239 | solve=  1.6970 | scatter=  0.0534
f=     6.200 Hz | ky=  0.307951E-02 | IK=       4/      66 | t=    6.966100 s | CA=  2.5827 | fact=  2.5551 | GF=  1.8283 | solve=  1.7004 | scatter=  0.0544
f=     6.200 Hz | ky=  0.384938E-02 | IK=       5/      66 | t=    7.013200 s | CA=  2.6048 | fact=  2.5840 | GF=  1.8244 | solve=  1.6967 | scatter=  0.0542
f=     6.200 Hz | ky=  0.461926E-02 | IK=       6/      66 | t=    7.003900 s | CA=  2.5936 | fact=  2.5847 | GF=  1.8256 | solve=  1.6994 | scatter=  0.0524
f=     6.200 Hz | ky=  0.538914E-02 | IK=       7/      66 | t=    7.009500 s | CA=  2.5982 | fact=  2.5821 | GF=  1.8292 | solve=  1.7037 | scatter=  0.0521
f=     6.200 Hz | ky=  0.615901E-02 | IK=       8/      66 | t=    6.986400 s | CA=  2.6316 | fact=  2.5337 | GF=  1.8211 | solve=  1.6948 | scatter=  0.0525
f=     6.200 Hz | ky=  0.692889E-02 | IK=       9/      66 | t=    6.977700 s | CA=  2.5754 | fact=  2.5751 | GF=  1.8272 | solve=  1.7004 | scatter=  0.0532
f=     6.200 Hz | ky=  0.769876E-02 | IK=      10/      66 | t=    7.017400 s | CA=  2.6253 | fact=  2.5645 | GF=  1.8275 | solve=  1.6982 | scatter=  0.0557
f=     6.200 Hz | ky=  0.846864E-02 | IK=      11/      66 | t=    6.967900 s | CA=  2.5623 | fact=  2.5881 | GF=  1.8175 | solve=  1.6911 | scatter=  0.0530
PARDISO mem (f=  6.20 Hz): sym=  1.95 GB  perm=  1.42 GB  num=  3.22 GB  
peak=  4.64 GB
 WD_amp= 7.46100E+13  RESID_RMS= 1.40024E-03  FCOST_DATA= 9.80342E-07  FCOST0= 9.80342E-07
BT: alpha=  5.0000E-01  phi=  9.8034E-07  rhs=  8.7244E-07
 UPDATEPARAMETER: f-scale only
UPDATEPARAMETER PAR_STEP min/max, V_STEP min/max =  4.3657254904E+01  1.0513634894E+02
  4.3657254904E+01  1.0513634894E+02
 running run_ik_loop_pardiso
before CA | VmRSS=  19.046 GB  VmHWM=  94.939 GB
after CA | VmRSS=  19.835 GB  VmHWM=  94.939 GB
after factor | VmRSS=  23.595 GB  VmHWM=  94.939 GB
f=     6.200 Hz | ky=  0.769876E-03 | IK=       1/      66 | t=   17.317400 s | CA=  2.5500 | fact= 12.8347 | GF=  1.9324 | solve=  1.7747 | scatter=  0.0548
f=     6.200 Hz | ky=  0.153975E-02 | IK=       2/      66 | t=    7.028100 s | CA=  2.6323 | fact=  2.5762 | GF=  1.8195 | solve=  1.6943 | scatter=  0.0518
f=     6.200 Hz | ky=  0.230963E-02 | IK=       3/      66 | t=    6.981800 s | CA=  2.5896 | fact=  2.5685 | GF=  1.8236 | solve=  1.6969 | scatter=  0.0532
f=     6.200 Hz | ky=  0.307951E-02 | IK=       4/      66 | t=    6.969300 s | CA=  2.5876 | fact=  2.5616 | GF=  1.8200 | solve=  1.6943 | scatter=  0.0523
f=     6.200 Hz | ky=  0.384938E-02 | IK=       5/      66 | t=    7.036800 s | CA=  2.6390 | fact=  2.5705 | GF=  1.8273 | solve=  1.7012 | scatter=  0.0526
f=     6.200 Hz | ky=  0.461926E-02 | IK=       6/      66 | t=    7.024500 s | CA=  2.6395 | fact=  2.5604 | GF=  1.8246 | solve=  1.6982 | scatter=  0.0529
f=     6.200 Hz | ky=  0.538914E-02 | IK=       7/      66 | t=    7.038400 s | CA=  2.6399 | fact=  2.5718 | GF=  1.8266 | solve=  1.7000 | scatter=  0.0530
f=     6.200 Hz | ky=  0.615901E-02 | IK=       8/      66 | t=    6.968000 s | CA=  2.5795 | fact=  2.5582 | GF=  1.8303 | solve=  1.7037 | scatter=  0.0531
f=     6.200 Hz | ky=  0.692889E-02 | IK=       9/      66 | t=    6.982200 s | CA=  2.5574 | fact=  2.5950 | GF=  1.8297 | solve=  1.7026 | scatter=  0.0536
f=     6.200 Hz | ky=  0.769876E-02 | IK=      10/      66 | t=    7.030800 s | CA=  2.6197 | fact=  2.5799 | GF=  1.8312 | solve=  1.7030 | scatter=  0.0546
f=     6.200 Hz | ky=  0.846864E-02 | IK=      11/      66 | t=    7.021800 s | CA=  2.6051 | fact=  2.5893 | GF=  1.8273 | solve=  1.6998 | scatter=  0.0536
PARDISO mem (f=  6.20 Hz): sym=  1.95 GB  perm=  1.42 GB  num=  3.22 GB  
peak=  4.64 GB
  
  
  
 WD_amp= 7.46100E+13  RESID_RMS= 1.31450E-03  FCOST_DATA= 8.63961E-07  FCOST0= 8.63961E-07
  
BT: alpha=  2.5000E-01  phi=  8.6396E-07  rhs=  8.7245E-07
  
Convergence reached, updating parameter grid
ALPHA from line search =  .2500000000000000
 FCOST0 after linesearch  8.639605458434644E-007
Norm of s (s_norm) =  .5865645877634156E-02
  
Time for LBFGS =  6.492948404947916 min
  
 Frequency:           9 Iteration:           2
t_global   =    381.734 s
  
 -------------- calculate Frechet derivatives -----------
 IFREQ =           9    ITERATION =           2
||Frechet||_F=  1.2071E-12max|Frechet|=  2.8397E-17
||Frechet||_F=  1.2071E-12max|Frechet|=  2.8397E-17
||Frechet||_F=  1.2071E-12max|Frechet|=  2.8397E-17
||Frechet||_F=  1.2071E-12max|Frechet|=  2.8397E-17
||Frechet||_F=  1.2071E-12max|Frechet|=  2.8397E-17
||Frechet||_F=  1.2071E-12max|Frechet|=  2.8397E-17
 
TIME for Frechet calc =  3.624584960937500 min
 
 
  compute the residual and the cost function
 WD_amp= 7.46100E+13  RESID_RMS= 1.31450E-03  FCOST_DATA= 8.63961E-07  FCOST0= 8.63961E-07
Grad block  10 GRAD_SCALED MORM =   3.9301E-05
Raw grad block 10  PAR={Q44}  min= -1.4982E-08  max=  1.2261E-08  L2=  4.1557E-08
Gradient finished
Start LBFGS 
curvature (warm): s·y=  5.2861E-08  ||s||^2=  3.4406E-05  ||y||^2=  3.5923E-10  sTy_min=  1.1117E-08
LBFGS step: g·p = -1.9730E-07  ||p||=  4.1249E-02
LBFGS step: min(p)= -3.0699E-03  max(p)=  3.8586E-03
LBFGS p_k (unscaled) stats per active parameter:
  IA= 10  PAR={Q44}  min=-4.21015E+00  max= 5.29171E+00  L2= 5.65691E+01
min(p_k)= -3.0699E-03  max(p_k)=  3.8586E-03  ||p_k||=  4.1249E-02
min(p_kf)= -3.0699E-03  max(p_kf)=  3.8586E-03  ||p_kf||=  1.6499E-01
p_k/p_kf  =   2.5000E-01
Start linesearch
MT entry: phi(0)=  8.6396E-07  dg0= -1.9730E-07  alpha0=  1.0000E+00
 UPDATEPARAMETER: f-scale only
UPDATEPARAMETER PAR_STEP min/max, V_STEP min/max =  4.2107014000E+01  1.0510705716E+02
  4.2107014000E+01  1.0510705716E+02
 WD_amp= 7.46100E+13  RESID_RMS= 1.86942E-03  FCOST_DATA= 1.74737E-06  FCOST0= 1.74737E-06
  
 -------------- calculate Frechet derivatives -----------
 IFREQ =           9    ITERATION =           2
||Frechet||_F=  1.2070E-12max|Frechet|=  2.8405E-17
||Frechet||_F=  1.2070E-12max|Frechet|=  2.8405E-17
||Frechet||_F=  1.2070E-12max|Frechet|=  2.8405E-17
||Frechet||_F=  1.2070E-12max|Frechet|=  2.8405E-17
||Frechet||_F=  1.2070E-12max|Frechet|=  2.8405E-17
||Frechet||_F=  1.2070E-12max|Frechet|=  2.8405E-17
Grad block  10 GRAD_SCALED MORM =   8.2289E-05
MT try: alpha=  1.0000E+00  phi=  1.7474E-06  dg=  5.4793E-07  dg0= -1.9730E-07
MT try: armijo_rhs=  8.6394E-07  armijo=F  curvature=F  task=FG
 UPDATEPARAMETER: f-scale only
UPDATEPARAMETER PAR_STEP min/max, V_STEP min/max =  4.3599871917E+01  1.0513382241E+02
  4.3599871917E+01  1.0513382241E+02
 WD_amp= 7.46100E+13  RESID_RMS= 1.30750E-03  FCOST_DATA= 8.54774E-07  FCOST0= 8.54774E-07
  
 -------------- calculate Frechet derivatives -----------
 IFREQ =           9    ITERATION =           2
||Frechet||_F=  1.2070E-12max|Frechet|=  2.8397E-17
||Frechet||_F=  1.2070E-12max|Frechet|=  2.8397E-17
||Frechet||_F=  1.2070E-12max|Frechet|=  2.8397E-17
||Frechet||_F=  1.2070E-12max|Frechet|=  2.8397E-17
||Frechet||_F=  1.2070E-12max|Frechet|=  2.8397E-17
||Frechet||_F=  1.2070E-12max|Frechet|=  2.8397E-17
Grad block  10 GRAD_SCALED MORM =   3.8414E-05
MT try: alpha=  4.0935E-02  phi=  8.5477E-07  dg= -1.6530E-07  dg0= -1.9730E-07
MT try: armijo_rhs=  8.6396E-07  armijo=T  curvature=T  task=FG
  
  
  
  
  
Convergence reached, updating parameter grid
ALPHA from line search =  .4093478746544426E-01
 FCOST0 after linesearch  8.547737387668012E-007
Norm of s (s_norm) =  .1688505148984016E-02
  
Time for LBFGS =  19.96701456705729 min
  
 Frequency:           9 Iteration:           3
t_global   =    380.930 s
  
 -------------- calculate Frechet derivatives -----------
 IFREQ =           9    ITERATION =           3
||Frechet||_F=  1.2070E-12max|Frechet|=  2.8397E-17
||Frechet||_F=  1.2070E-12max|Frechet|=  2.8397E-17
||Frechet||_F=  1.2070E-12max|Frechet|=  2.8397E-17
||Frechet||_F=  1.2070E-12max|Frechet|=  2.8397E-17
||Frechet||_F=  1.2070E-12max|Frechet|=  2.8397E-17
||Frechet||_F=  1.2070E-12max|Frechet|=  2.8397E-17
 
TIME for Frechet calc =  3.627719879150391 min
 
 
  compute the residual and the cost function
 WD_amp= 7.46100E+13  RESID_RMS= 1.30750E-03  FCOST_DATA= 8.54774E-07  FCOST0= 8.54774E-07
Grad block  10 GRAD_SCALED MORM =   3.8414E-05
Gradient finished
Start LBFGS 
curvature (warm): s·y=  1.3098E-09  ||s||^2=  2.8510E-06  ||y||^2=  5.3371E-12  sTy_min=  3.9008E-10
LBFGS history: used= 1  skipped= 1  worst_col= 4  bad_s·y=  1.3098E-09  bad_cos_sy=  3.3577E-01
LBFGS step: g·p = -1.4263E-07  ||p||=  3.5313E-02
LBFGS step: min(p)= -2.5822E-03  max(p)=  3.1627E-03
LBFGS p_k (unscaled) stats per active parameter:
  IA= 10  PAR={Q44}  min=-3.54122E+00  max= 4.33736E+00  L2= 4.84284E+01
min(p_k)= -2.5822E-03  max(p_k)=  3.1627E-03  ||p_k||=  3.5313E-02
min(p_kf)= -2.5822E-03  max(p_kf)=  3.1627E-03  ||p_kf||=  1.4125E-01
p_k/p_kf  =   2.5000E-01
Start linesearch
MT entry: phi(0)=  8.5477E-07  dg0= -1.4263E-07  alpha0=  1.0000E+00
 UPDATEPARAMETER: f-scale only
UPDATEPARAMETER PAR_STEP min/max, V_STEP min/max =  4.2383933921E+01  1.0509018071E+02
  4.2383933921E+01  1.0509018071E+02
 WD_amp= 7.46100E+13  RESID_RMS= 1.64260E-03  FCOST_DATA= 1.34907E-06  FCOST0= 1.34907E-06
  
 -------------- calculate Frechet derivatives -----------
 IFREQ =           9    ITERATION =           3
||Frechet||_F=  1.2077E-12max|Frechet|=  2.8404E-17
||Frechet||_F=  1.2077E-12max|Frechet|=  2.8404E-17
||Frechet||_F=  1.2077E-12max|Frechet|=  2.8404E-17
||Frechet||_F=  1.2077E-12max|Frechet|=  2.8404E-17
||Frechet||_F=  1.2077E-12max|Frechet|=  2.8404E-17
||Frechet||_F=  1.2077E-12max|Frechet|=  2.8404E-17
Grad block  10 GRAD_SCALED MORM =   5.7539E-05
MT try: alpha=  1.0000E+00  phi=  1.3491E-06  dg=  2.5722E-07  dg0= -1.4263E-07
MT try: armijo_rhs=  8.5476E-07  armijo=F  curvature=F  task=FG
 UPDATEPARAMETER: f-scale only
UPDATEPARAMETER PAR_STEP min/max, V_STEP min/max =  4.3539914321E+01  1.0513115437E+02
  4.3539914321E+01  1.0513115437E+02
 WD_amp= 7.46100E+13  RESID_RMS= 1.30221E-03  FCOST_DATA= 8.47876E-07  FCOST0= 8.47876E-07
  
 -------------- calculate Frechet derivatives -----------
 IFREQ =           9    ITERATION =           3
||Frechet||_F=  1.2070E-12max|Frechet|=  2.8398E-17
||Frechet||_F=  1.2070E-12max|Frechet|=  2.8398E-17
||Frechet||_F=  1.2070E-12max|Frechet|=  2.8398E-17
||Frechet||_F=  1.2070E-12max|Frechet|=  2.8398E-17
||Frechet||_F=  1.2070E-12max|Frechet|=  2.8398E-17
||Frechet||_F=  1.2070E-12max|Frechet|=  2.8398E-17
Grad block  10 GRAD_SCALED MORM =   3.7707E-05
MT try: alpha=  4.9310E-02  phi=  8.4788E-07  dg= -1.2249E-07  dg0= -1.4263E-07
MT try: armijo_rhs=  8.5477E-07  armijo=T  curvature=T  task=FG
  
  
  
  
  
Convergence reached, updating parameter grid
ALPHA from line search =  .4930974861595830E-01
 FCOST0 after linesearch  8.478763782251641E-007
Norm of s (s_norm) =  .1741262193397140E-02
  
Convergence check at iteration    3
  Relative cost decrease  =  8.0692E-03
  Relative model update   =  0.0000E+00
  Relative grad. norm     =  1.0046E+00
Time for LBFGS =  19.84538777669271 min
  
 Frequency:           9 Iteration:           4
t_global   =    379.568 s
  
 -------------- calculate Frechet derivatives -----------
 IFREQ =           9    ITERATION =           4
||Frechet||_F=  1.2070E-12max|Frechet|=  2.8398E-17
||Frechet||_F=  1.2070E-12max|Frechet|=  2.8398E-17
||Frechet||_F=  1.2070E-12max|Frechet|=  2.8398E-17
||Frechet||_F=  1.2070E-12max|Frechet|=  2.8398E-17
||Frechet||_F=  1.2070E-12max|Frechet|=  2.8398E-17
||Frechet||_F=  1.2070E-12max|Frechet|=  2.8398E-17
 
TIME for Frechet calc =  3.647121683756510 min
 
 
  compute the residual and the cost function
 WD_amp= 7.46100E+13  RESID_RMS= 1.30221E-03  FCOST_DATA= 8.47876E-07  FCOST0= 8.47876E-07
Grad block  10 GRAD_SCALED MORM =   3.7707E-05
Gradient finished
Start LBFGS 
curvature (warm): s·y=  9.9301E-10  ||s||^2=  3.0320E-06  ||y||^2=  2.3744E-12  sTy_min=  2.6831E-10
LBFGS history: used= 1  skipped= 2  worst_col= 3  bad_s·y=  9.9301E-10  bad_cos_sy=  3.7010E-01
LBFGS step: g·p = -1.0752E-07  ||p||=  3.0415E-02
LBFGS step: min(p)= -2.1351E-03  max(p)=  2.6197E-03
LBFGS p_k (unscaled) stats per active parameter:
  IA= 10  PAR={Q44}  min=-2.92810E+00  max= 3.59269E+00  L2= 4.17117E+01
min(p_k)= -2.1351E-03  max(p_k)=  2.6197E-03  ||p_k||=  3.0415E-02
min(p_kf)= -2.1351E-03  max(p_kf)=  2.6197E-03  ||p_kf||=  1.2166E-01
p_k/p_kf  =   2.5000E-01
Start linesearch
MT entry: phi(0)=  8.4788E-07  dg0= -1.0752E-07  alpha0=  1.0000E+00
 UPDATEPARAMETER: f-scale only
UPDATEPARAMETER PAR_STEP min/max, V_STEP min/max =  4.2547055457E+01  1.0509062182E+02
  4.2547055457E+01  1.0509062182E+02
 WD_amp= 7.46100E+13  RESID_RMS= 1.51079E-03  FCOST_DATA= 1.14125E-06  FCOST0= 1.14125E-06
  
 -------------- calculate Frechet derivatives -----------
 IFREQ =           9    ITERATION =           4
||Frechet||_F=  1.2078E-12max|Frechet|=  2.8403E-17
||Frechet||_F=  1.2078E-12max|Frechet|=  2.8403E-17
||Frechet||_F=  1.2078E-12max|Frechet|=  2.8403E-17
||Frechet||_F=  1.2078E-12max|Frechet|=  2.8403E-17
||Frechet||_F=  1.2078E-12max|Frechet|=  2.8403E-17
||Frechet||_F=  1.2078E-12max|Frechet|=  2.8403E-17
Grad block  10 GRAD_SCALED MORM =   4.7506E-05
MT try: alpha=  1.0000E+00  phi=  1.1412E-06  dg=  1.2356E-07  dg0= -1.0752E-07
MT try: armijo_rhs=  8.4787E-07  armijo=F  curvature=F  task=FG
 UPDATEPARAMETER: f-scale only
UPDATEPARAMETER PAR_STEP min/max, V_STEP min/max =  4.3482001647E+01  1.0512838000E+02
  4.3482001647E+01  1.0512838000E+02
 WD_amp= 7.46100E+13  RESID_RMS= 1.29781E-03  FCOST_DATA= 8.42159E-07  FCOST0= 8.42159E-07
  
 -------------- calculate Frechet derivatives -----------
 IFREQ =           9    ITERATION =           4
||Frechet||_F=  1.2071E-12max|Frechet|=  2.8398E-17
||Frechet||_F=  1.2071E-12max|Frechet|=  2.8398E-17
||Frechet||_F=  1.2071E-12max|Frechet|=  2.8398E-17
||Frechet||_F=  1.2071E-12max|Frechet|=  2.8398E-17
||Frechet||_F=  1.2071E-12max|Frechet|=  2.8398E-17
||Frechet||_F=  1.2071E-12max|Frechet|=  2.8398E-17
Grad block  10 GRAD_SCALED MORM =   3.7105E-05
MT try: alpha=  5.8329E-02  phi=  8.4216E-07  dg= -9.3888E-08  dg0= -1.0752E-07
MT try: armijo_rhs=  8.4788E-07  armijo=T  curvature=T  task=FG
  
  
  
  
  
Convergence reached, updating parameter grid
ALPHA from line search =  .5832921089391012E-01
 FCOST0 after linesearch  8.421592778977850E-007
Norm of s (s_norm) =  .1774087937712582E-02
  
Convergence check at iteration    4
  Relative cost decrease  =  6.7428E-03
  Relative model update   =  0.0000E+00
  Relative grad. norm     =  9.2412E-01
Time for LBFGS =  19.80446777343750 min
  
 Frequency:           9 Iteration:           5
t_global   =    381.682 s
  
 -------------- calculate Frechet derivatives -----------
 IFREQ =           9    ITERATION =           5
||Frechet||_F=  1.2071E-12max|Frechet|=  2.8398E-17
||Frechet||_F=  1.2071E-12max|Frechet|=  2.8398E-17
||Frechet||_F=  1.2071E-12max|Frechet|=  2.8398E-17
||Frechet||_F=  1.2071E-12max|Frechet|=  2.8398E-17
||Frechet||_F=  1.2071E-12max|Frechet|=  2.8398E-17
||Frechet||_F=  1.2071E-12max|Frechet|=  2.8398E-17
 
TIME for Frechet calc =  3.584601593017578 min
 
 
  compute the residual and the cost function
 WD_amp= 7.46100E+13  RESID_RMS= 1.29781E-03  FCOST_DATA= 8.42159E-07  FCOST0= 8.42159E-07
Grad block  10 GRAD_SCALED MORM =   3.7105E-05
Gradient finished
Start LBFGS 
curvature (warm): s·y=  7.9506E-10  ||s||^2=  3.1474E-06  ||y||^2=  1.4568E-12  sTy_min=  2.1413E-10
LBFGS history: used= 1  skipped= 3  worst_col= 2  bad_s·y=  7.9506E-10  bad_cos_sy=  3.7130E-01
LBFGS step: g·p = -8.3536E-08  ||p||=  2.6395E-02
LBFGS step: min(p)= -1.7418E-03  max(p)=  2.1814E-03
LBFGS p_k (unscaled) stats per active parameter:
  IA= 10  PAR={Q44}  min=-2.38873E+00  max= 2.99161E+00  L2= 3.61981E+01
min(p_k)= -1.7418E-03  max(p_k)=  2.1814E-03  ||p_k||=  2.6395E-02
min(p_kf)= -1.7418E-03  max(p_kf)=  2.1814E-03  ||p_kf||=  1.0558E-01
p_k/p_kf  =   2.5000E-01
Start linesearch
MT entry: phi(0)=  8.4216E-07  dg0= -8.3536E-08  alpha0=  1.0000E+00
 UPDATEPARAMETER: f-scale only
UPDATEPARAMETER PAR_STEP min/max, V_STEP min/max =  4.2709264257E+01  1.0509274041E+02
  4.2709264257E+01  1.0509274041E+02
 WD_amp= 7.46100E+13  RESID_RMS= 1.42836E-03  FCOST_DATA= 1.02010E-06  FCOST0= 1.02010E-06
  
 -------------- calculate Frechet derivatives -----------
 IFREQ =           9    ITERATION =           5
||Frechet||_F=  1.2077E-12max|Frechet|=  2.8402E-17
||Frechet||_F=  1.2077E-12max|Frechet|=  2.8402E-17
||Frechet||_F=  1.2077E-12max|Frechet|=  2.8402E-17
||Frechet||_F=  1.2077E-12max|Frechet|=  2.8402E-17
||Frechet||_F=  1.2077E-12max|Frechet|=  2.8402E-17
||Frechet||_F=  1.2077E-12max|Frechet|=  2.8402E-17
Grad block  10 GRAD_SCALED MORM =   4.2488E-05
MT try: alpha=  1.0000E+00  phi=  1.0201E-06  dg=  5.5181E-08  dg0= -8.3536E-08
MT try: armijo_rhs=  8.4215E-07  armijo=F  curvature=T  task=FG
 UPDATEPARAMETER: f-scale only
UPDATEPARAMETER PAR_STEP min/max, V_STEP min/max =  4.3428741299E+01  1.0512549134E+02
  4.3428741299E+01  1.0512549134E+02
 WD_amp= 7.46100E+13  RESID_RMS= 1.29382E-03  FCOST_DATA= 8.36990E-07  FCOST0= 8.36990E-07
  
 -------------- calculate Frechet derivatives -----------
 IFREQ =           9    ITERATION =           5
||Frechet||_F=  1.2071E-12max|Frechet|=  2.8398E-17
||Frechet||_F=  1.2071E-12max|Frechet|=  2.8398E-17
||Frechet||_F=  1.2071E-12max|Frechet|=  2.8398E-17
||Frechet||_F=  1.2071E-12max|Frechet|=  2.8398E-17
||Frechet||_F=  1.2071E-12max|Frechet|=  2.8398E-17
||Frechet||_F=  1.2071E-12max|Frechet|=  2.8398E-17
Grad block  10 GRAD_SCALED MORM =   3.6595E-05
MT try: alpha=  6.8924E-02  phi=  8.3699E-07  dg= -7.3853E-08  dg0= -8.3536E-08
MT try: armijo_rhs=  8.4216E-07  armijo=T  curvature=T  task=FG
  
  
  
  
  
Convergence reached, updating parameter grid
ALPHA from line search =  .6892425364167973E-01
 FCOST0 after linesearch  8.369899598958571E-007
Norm of s (s_norm) =  .1819236679315570E-02
  
Convergence check at iteration    5
  Relative cost decrease  =  6.1382E-03
  Relative model update   =  0.0000E+00
  Relative grad. norm     =  8.4843E-01
Time for LBFGS =  19.78396199544271 min
  
 Frequency:           9 Iteration:           6
t_global   =    381.221 s
  
 -------------- calculate Frechet derivatives -----------
 IFREQ =           9    ITERATION =           6
||Frechet||_F=  1.2071E-12max|Frechet|=  2.8398E-17
||Frechet||_F=  1.2071E-12max|Frechet|=  2.8398E-17
||Frechet||_F=  1.2071E-12max|Frechet|=  2.8398E-17
||Frechet||_F=  1.2071E-12max|Frechet|=  2.8398E-17
||Frechet||_F=  1.2071E-12max|Frechet|=  2.8398E-17
||Frechet||_F=  1.2071E-12max|Frechet|=  2.8398E-17
 
TIME for Frechet calc =  3.765513356526693 min
 
 
  compute the residual and the cost function
 WD_amp= 7.46100E+13  RESID_RMS= 1.29382E-03  FCOST_DATA= 8.36990E-07  FCOST0= 8.36990E-07
Grad block  10 GRAD_SCALED MORM =   3.6595E-05
Gradient finished
Start LBFGS 
curvature (warm): s·y=  6.6743E-10  ||s||^2=  3.3096E-06  ||y||^2=  1.1327E-12  sTy_min=  1.9362E-10
LBFGS history: used= 1  skipped= 4  worst_col= 1  bad_s·y=  6.6743E-10  bad_cos_sy=  3.4471E-01
LBFGS step: g·p = -6.6422E-08  ||p||=  2.3051E-02
LBFGS step: min(p)= -1.4048E-03  max(p)=  1.8096E-03
LBFGS p_k (unscaled) stats per active parameter:
  IA= 10  PAR={Q44}  min=-1.92660E+00  max= 2.48169E+00  L2= 3.16119E+01
min(p_k)= -1.4048E-03  max(p_k)=  1.8096E-03  ||p_k||=  2.3051E-02
min(p_kf)= -1.4048E-03  max(p_kf)=  1.8096E-03  ||p_kf||=  9.2202E-02
p_k/p_kf  =   2.5000E-01
Start linesearch
MT entry: phi(0)=  8.3699E-07  dg0= -6.6422E-08  alpha0=  1.0000E+00
 UPDATEPARAMETER: f-scale only
UPDATEPARAMETER PAR_STEP min/max, V_STEP min/max =  4.2850251944E+01  1.0509439099E+02
  4.2850251944E+01  1.0509439099E+02
 WD_amp= 7.46100E+13  RESID_RMS= 1.37386E-03  FCOST_DATA= 9.43741E-07  FCOST0= 9.43741E-07
  
 -------------- calculate Frechet derivatives -----------
 IFREQ =           9    ITERATION =           6
||Frechet||_F=  1.2076E-12max|Frechet|=  2.8402E-17
||Frechet||_F=  1.2076E-12max|Frechet|=  2.8402E-17
||Frechet||_F=  1.2076E-12max|Frechet|=  2.8402E-17
||Frechet||_F=  1.2076E-12max|Frechet|=  2.8402E-17
||Frechet||_F=  1.2076E-12max|Frechet|=  2.8402E-17
||Frechet||_F=  1.2076E-12max|Frechet|=  2.8402E-17
Grad block  10 GRAD_SCALED MORM =   3.9369E-05
MT try: alpha=  1.0000E+00  phi=  9.4374E-07  dg=  1.9077E-08  dg0= -6.6422E-08
MT try: armijo_rhs=  8.3698E-07  armijo=F  curvature=T  task=FG
 UPDATEPARAMETER: f-scale only
UPDATEPARAMETER PAR_STEP min/max, V_STEP min/max =  4.3380910191E+01  1.0512243796E+02
  4.3380910191E+01  1.0512243796E+02
 WD_amp= 7.46100E+13  RESID_RMS= 1.28998E-03  FCOST_DATA= 8.32026E-07  FCOST0= 8.32026E-07
  
 -------------- calculate Frechet derivatives -----------
 IFREQ =           9    ITERATION =           6
||Frechet||_F=  1.2071E-12max|Frechet|=  2.8399E-17
||Frechet||_F=  1.2071E-12max|Frechet|=  2.8399E-17
||Frechet||_F=  1.2071E-12max|Frechet|=  2.8399E-17
||Frechet||_F=  1.2071E-12max|Frechet|=  2.8399E-17
||Frechet||_F=  1.2071E-12max|Frechet|=  2.8399E-17
||Frechet||_F=  1.2071E-12max|Frechet|=  2.8399E-17
Grad block  10 GRAD_SCALED MORM =   3.6162E-05
MT try: alpha=  8.2683E-02  phi=  8.3203E-07  dg= -5.9235E-08  dg0= -6.6422E-08
MT try: armijo_rhs=  8.3699E-07  armijo=T  curvature=T  task=FG
  
  
  
  
  
Convergence reached, updating parameter grid
ALPHA from line search =  .8268277870321354E-01
 FCOST0 after linesearch  8.320260204855722E-007
Norm of s (s_norm) =  .1905884822925439E-02
  
Convergence check at iteration    6
  Relative cost decrease  =  5.9307E-03
  Relative model update   =  0.0000E+00
  Relative grad. norm     =  7.7615E-01
Time for LBFGS =  19.79364624023437 min
  
 Frequency:           9 Iteration:           7
t_global   =    381.934 s
  
 -------------- calculate Frechet derivatives -----------
 IFREQ =           9    ITERATION =           7
||Frechet||_F=  1.2071E-12max|Frechet|=  2.8399E-17
||Frechet||_F=  1.2071E-12max|Frechet|=  2.8399E-17
||Frechet||_F=  1.2071E-12max|Frechet|=  2.8399E-17
||Frechet||_F=  1.2071E-12max|Frechet|=  2.8399E-17
||Frechet||_F=  1.2071E-12max|Frechet|=  2.8399E-17
||Frechet||_F=  1.2071E-12max|Frechet|=  2.8399E-17
 
TIME for Frechet calc =  3.693611653645833 min
 
 
  compute the residual and the cost function
 WD_amp= 7.46100E+13  RESID_RMS= 1.28998E-03  FCOST_DATA= 8.32026E-07  FCOST0= 8.32026E-07
Grad block  10 GRAD_SCALED MORM =   3.6162E-05
Gradient finished
Start LBFGS 
curvature (full): s·y=  5.9427E-10  ||s||^2=  3.6324E-06  ||y||^2=  9.7993E-13  sTy_min=  1.8867E-10
LBFGS history: used= 0  skipped= 5  worst_col= 1  bad_s·y=  5.9427E-10  bad_cos_sy=  3.1499E-01
 
LBFGS step(full): g·p = -1.3027E-07  ||p||=  2.0468E-02
LBFGS step(full): min(p)= -1.4994E-03  max(p)=  1.9421E-03
LBFGS p_k (unscaled) stats per active parameter:
  IA= 10  PAR={Q44}  min=-2.05626E+00  max= 2.66345E+00  L2= 2.80708E+01
min(p_k)= -1.4994E-03  max(p_k)=  1.9421E-03  ||p_k||=  2.0468E-02
min(p_kf)= -1.4994E-03  max(p_kf)=  1.9421E-03  ||p_kf||=  8.1874E-02
p_k/p_kf  =   2.5000E-01
Start linesearch
MT entry: phi(0)=  8.3203E-07  dg0= -1.3027E-07  alpha0=  1.0000E+00
 UPDATEPARAMETER: f-scale only
UPDATEPARAMETER PAR_STEP min/max, V_STEP min/max =  4.2390424503E+01  1.0510215804E+02
  4.2390424503E+01  1.0510215804E+02
 WD_amp= 7.46100E+13  RESID_RMS= 1.99765E-03  FCOST_DATA= 1.99531E-06  FCOST0= 1.99531E-06
  
 -------------- calculate Frechet derivatives -----------
 IFREQ =           9    ITERATION =           7
||Frechet||_F=  1.2071E-12max|Frechet|=  2.8394E-17
||Frechet||_F=  1.2071E-12max|Frechet|=  2.8394E-17
||Frechet||_F=  1.2071E-12max|Frechet|=  2.8394E-17
||Frechet||_F=  1.2071E-12max|Frechet|=  2.8394E-17
||Frechet||_F=  1.2071E-12max|Frechet|=  2.8394E-17
||Frechet||_F=  1.2071E-12max|Frechet|=  2.8394E-17
Grad block  10 GRAD_SCALED MORM =   1.2169E-04
MT try: alpha=  1.0000E+00  phi=  1.9953E-06  dg=  1.0938E-06  dg0= -1.3027E-07
MT try: armijo_rhs=  8.3201E-07  armijo=F  curvature=F  task=FG
 UPDATEPARAMETER: f-scale only
UPDATEPARAMETER PAR_STEP min/max, V_STEP min/max =  4.3356148716E+01  1.0512187958E+02
  4.3356148716E+01  1.0512187958E+02
 WD_amp= 7.46100E+13  RESID_RMS= 1.28522E-03  FCOST_DATA= 8.25893E-07  FCOST0= 8.25893E-07
  
 -------------- calculate Frechet derivatives -----------
 IFREQ =           9    ITERATION =           7
||Frechet||_F=  1.2071E-12max|Frechet|=  2.8398E-17
||Frechet||_F=  1.2071E-12max|Frechet|=  2.8398E-17
||Frechet||_F=  1.2071E-12max|Frechet|=  2.8398E-17
||Frechet||_F=  1.2071E-12max|Frechet|=  2.8398E-17
||Frechet||_F=  1.2071E-12max|Frechet|=  2.8398E-17
||Frechet||_F=  1.2071E-12max|Frechet|=  2.8398E-17
Grad block  10 GRAD_SCALED MORM =   3.5596E-05
MT try: alpha=  2.4999E-02  phi=  8.2589E-07  dg= -9.9673E-08  dg0= -1.3027E-07
MT try: armijo_rhs=  8.3203E-07  armijo=T  curvature=T  task=FG
  
  
  
  
  
Convergence reached, updating parameter grid
ALPHA from line search =  .2499932695024176E-01
 FCOST0 after linesearch  8.258929788594234E-007
Norm of s (s_norm) =  .5116984908103424E-03
  
Convergence check at iteration    7
  Relative cost decrease  =  7.3712E-03
  Relative model update   =  0.0000E+00
  Relative grad. norm     =  5.9280E-01
Time for LBFGS =  19.84495442708333 min
  
 Frequency:           9 Iteration:           8
t_global   =    382.141 s
  
 -------------- calculate Frechet derivatives -----------
 IFREQ =           9    ITERATION =           8
||Frechet||_F=  1.2071E-12max|Frechet|=  2.8398E-17
||Frechet||_F=  1.2071E-12max|Frechet|=  2.8398E-17
||Frechet||_F=  1.2071E-12max|Frechet|=  2.8398E-17
||Frechet||_F=  1.2071E-12max|Frechet|=  2.8398E-17
||Frechet||_F=  1.2071E-12max|Frechet|=  2.8398E-17
||Frechet||_F=  1.2071E-12max|Frechet|=  2.8398E-17
 
TIME for Frechet calc =  3.545298258463542 min
 
 
  compute the residual and the cost function
 WD_amp= 7.46100E+13  RESID_RMS= 1.28522E-03  FCOST_DATA= 8.25893E-07  FCOST0= 8.25893E-07
Grad block  10 GRAD_SCALED MORM =   3.5596E-05
Gradient finished
Start LBFGS 
curvature (full): s·y=  7.6490E-10  ||s||^2=  2.6184E-07  ||y||^2=  5.4748E-12  sTy_min=  1.1973E-10
LBFGS history: used= 0  skipped= 5  worst_col= 2  bad_s·y=  5.9427E-10  bad_cos_sy=  3.1499E-01
 
LBFGS step(full): g·p = -7.8902E-08  ||p||=  1.6936E-02
LBFGS step(full): min(p)= -1.0713E-03  max(p)=  1.6382E-03
LBFGS p_k (unscaled) stats per active parameter:
  IA= 10  PAR={Q44}  min=-1.46920E+00  max= 2.24659E+00  L2= 2.32263E+01
min(p_k)= -1.0713E-03  max(p_k)=  1.6382E-03  ||p_k||=  1.6936E-02
min(p_kf)= -1.0713E-03  max(p_kf)=  1.6382E-03  ||p_kf||=  6.7744E-02
p_k/p_kf  =   2.5000E-01
Start linesearch
MT entry: phi(0)=  8.2589E-07  dg0= -7.8902E-08  alpha0=  1.0000E+00
 UPDATEPARAMETER: f-scale only
UPDATEPARAMETER PAR_STEP min/max, V_STEP min/max =  4.2677574267E+01  1.0510286308E+02
  4.2677574267E+01  1.0510286308E+02
 WD_amp= 7.46100E+13  RESID_RMS= 1.63352E-03  FCOST_DATA= 1.33420E-06  FCOST0= 1.33420E-06
  
 -------------- calculate Frechet derivatives -----------
 IFREQ =           9    ITERATION =           8
||Frechet||_F=  1.2073E-12max|Frechet|=  2.8396E-17
||Frechet||_F=  1.2073E-12max|Frechet|=  2.8396E-17
||Frechet||_F=  1.2073E-12max|Frechet|=  2.8396E-17
||Frechet||_F=  1.2073E-12max|Frechet|=  2.8396E-17
||Frechet||_F=  1.2073E-12max|Frechet|=  2.8396E-17
||Frechet||_F=  1.2073E-12max|Frechet|=  2.8396E-17
Grad block  10 GRAD_SCALED MORM =   8.7415E-05
MT try: alpha=  1.0000E+00  phi=  1.3342E-06  dg=  4.9335E-07  dg0= -7.8902E-08
MT try: armijo_rhs=  8.2589E-07  armijo=F  curvature=F  task=FG
 UPDATEPARAMETER: f-scale only
UPDATEPARAMETER PAR_STEP min/max, V_STEP min/max =  4.3333043130E+01  1.0512116658E+02
  4.3333043130E+01  1.0512116658E+02
 WD_amp= 7.46100E+13  RESID_RMS= 1.28117E-03  FCOST_DATA= 8.20697E-07  FCOST0= 8.20697E-07
  
 -------------- calculate Frechet derivatives -----------
 IFREQ =           9    ITERATION =           8
||Frechet||_F=  1.2071E-12max|Frechet|=  2.8398E-17
||Frechet||_F=  1.2071E-12max|Frechet|=  2.8398E-17
||Frechet||_F=  1.2071E-12max|Frechet|=  2.8398E-17
||Frechet||_F=  1.2071E-12max|Frechet|=  2.8398E-17
||Frechet||_F=  1.2071E-12max|Frechet|=  2.8398E-17
||Frechet||_F=  1.2071E-12max|Frechet|=  2.8398E-17
Grad block  10 GRAD_SCALED MORM =   3.5262E-05
MT try: alpha=  3.4050E-02  phi=  8.2070E-07  dg= -5.9346E-08  dg0= -7.8902E-08
MT try: armijo_rhs=  8.2589E-07  armijo=T  curvature=T  task=FG
  
  
  
  
  
Convergence reached, updating parameter grid
ALPHA from line search =  .3405018560961529E-01
 FCOST0 after linesearch  8.206965508262054E-007
Norm of s (s_norm) =  .5766737187148491E-03
  
Convergence check at iteration    8
  Relative cost decrease  =  6.2919E-03
  Relative model update   =  0.0000E+00
  Relative grad. norm     =  4.4327E-01
Time for LBFGS =  19.78556111653646 min
  
 Frequency:           9 Iteration:           9
t_global   =    382.661 s
  
 -------------- calculate Frechet derivatives -----------
 IFREQ =           9    ITERATION =           9
||Frechet||_F=  1.2071E-12max|Frechet|=  2.8398E-17
||Frechet||_F=  1.2071E-12max|Frechet|=  2.8398E-17
||Frechet||_F=  1.2071E-12max|Frechet|=  2.8398E-17
||Frechet||_F=  1.2071E-12max|Frechet|=  2.8398E-17
||Frechet||_F=  1.2071E-12max|Frechet|=  2.8398E-17
||Frechet||_F=  1.2071E-12max|Frechet|=  2.8398E-17
 
TIME for Frechet calc =  3.661629994710287 min
 
 
  compute the residual and the cost function
 WD_amp= 7.46100E+13  RESID_RMS= 1.28117E-03  FCOST_DATA= 8.20697E-07  FCOST0= 8.20697E-07
Grad block  10 GRAD_SCALED MORM =   3.5262E-05
Gradient finished
Start LBFGS 
curvature (full): s·y=  6.6587E-10  ||s||^2=  3.3255E-07  ||y||^2=  4.7035E-12  sTy_min=  1.2507E-10
LBFGS history: used= 0  skipped= 5  worst_col= 3  bad_s·y=  5.9427E-10  bad_cos_sy=  3.1499E-01
 
LBFGS step(full): g·p = -4.7872E-08  ||p||=  1.4351E-02
LBFGS step(full): min(p)= -8.3074E-04  max(p)=  1.3418E-03
LBFGS p_k (unscaled) stats per active parameter:
  IA= 10  PAR={Q44}  min=-1.13929E+00  max= 1.84013E+00  L2= 1.96809E+01
min(p_k)= -8.3074E-04  max(p_k)=  1.3418E-03  ||p_k||=  1.4351E-02
min(p_kf)= -8.3074E-04  max(p_kf)=  1.3418E-03  ||p_kf||=  5.7403E-02
p_k/p_kf  =   2.5000E-01
Start linesearch
MT entry: phi(0)=  8.2070E-07  dg0= -4.7872E-08  alpha0=  1.0000E+00
 UPDATEPARAMETER: f-scale only
UPDATEPARAMETER PAR_STEP min/max, V_STEP min/max =  4.2950737049E+01  1.0510342577E+02
  4.2950737049E+01  1.0510342577E+02
 WD_amp= 7.46100E+13  RESID_RMS= 1.39160E-03  FCOST_DATA= 9.68281E-07  FCOST0= 9.68281E-07
  
 -------------- calculate Frechet derivatives -----------
 IFREQ =           9    ITERATION =           9
||Frechet||_F=  1.2075E-12max|Frechet|=  2.8397E-17
||Frechet||_F=  1.2075E-12max|Frechet|=  2.8397E-17
||Frechet||_F=  1.2075E-12max|Frechet|=  2.8397E-17
||Frechet||_F=  1.2075E-12max|Frechet|=  2.8397E-17
||Frechet||_F=  1.2075E-12max|Frechet|=  2.8397E-17
||Frechet||_F=  1.2075E-12max|Frechet|=  2.8397E-17
Grad block  10 GRAD_SCALED MORM =   5.9778E-05
MT try: alpha=  1.0000E+00  phi=  9.6828E-07  dg=  1.5792E-07  dg0= -4.7872E-08
MT try: armijo_rhs=  8.2069E-07  armijo=F  curvature=F  task=FG
 UPDATEPARAMETER: f-scale only
UPDATEPARAMETER PAR_STEP min/max, V_STEP min/max =  4.3307780485E+01  1.0511986885E+02
  4.3307780485E+01  1.0511986885E+02
 WD_amp= 7.46100E+13  RESID_RMS= 1.27618E-03  FCOST_DATA= 8.14314E-07  FCOST0= 8.14314E-07
  
 -------------- calculate Frechet derivatives -----------
 IFREQ =           9    ITERATION =           9
||Frechet||_F=  1.2071E-12max|Frechet|=  2.8398E-17
||Frechet||_F=  1.2071E-12max|Frechet|=  2.8398E-17
||Frechet||_F=  1.2071E-12max|Frechet|=  2.8398E-17
||Frechet||_F=  1.2071E-12max|Frechet|=  2.8398E-17
||Frechet||_F=  1.2071E-12max|Frechet|=  2.8398E-17
||Frechet||_F=  1.2071E-12max|Frechet|=  2.8398E-17
Grad block  10 GRAD_SCALED MORM =   3.5095E-05
MT try: alpha=  6.6080E-02  phi=  8.1431E-07  dg= -3.4153E-08  dg0= -4.7872E-08
MT try: armijo_rhs=  8.2070E-07  armijo=T  curvature=T  task=FG
  
  
  
  
  
Convergence reached, updating parameter grid
ALPHA from line search =  .6607963080630312E-01
 FCOST0 after linesearch  8.143138302287620E-007
Norm of s (s_norm) =  .9482950108318792E-03
  
Convergence check at iteration    9
  Relative cost decrease  =  7.7772E-03
  Relative model update   =  0.0000E+00
  Relative grad. norm     =  3.3309E-01
Time for LBFGS =  19.95122070312500 min
  
 Frequency:           9 Iteration:          10
t_global   =    379.528 s
  
 -------------- calculate Frechet derivatives -----------
 IFREQ =           9    ITERATION =          10
||Frechet||_F=  1.2071E-12max|Frechet|=  2.8398E-17
||Frechet||_F=  1.2071E-12max|Frechet|=  2.8398E-17
||Frechet||_F=  1.2071E-12max|Frechet|=  2.8398E-17
||Frechet||_F=  1.2071E-12max|Frechet|=  2.8398E-17
||Frechet||_F=  1.2071E-12max|Frechet|=  2.8398E-17
||Frechet||_F=  1.2071E-12max|Frechet|=  2.8398E-17
 
TIME for Frechet calc =  3.640718332926432 min
 
 
  compute the residual and the cost function
 WD_amp= 7.46100E+13  RESID_RMS= 1.27618E-03  FCOST_DATA= 8.14314E-07  FCOST0= 8.14314E-07
Grad block  10 GRAD_SCALED MORM =   3.5095E-05
Gradient finished
Start LBFGS 
curvature (full): s·y=  9.0657E-10  ||s||^2=  8.9926E-07  ||y||^2=  6.1955E-12  sTy_min=  2.3604E-10
LBFGS history: used= 0  skipped= 5  worst_col= 4  bad_s·y=  5.9427E-10  bad_cos_sy=  3.1499E-01
 
LBFGS step(full): g·p = -3.0168E-08  ||p||=  1.2513E-02
LBFGS step(full): min(p)= -8.1009E-04  max(p)=  9.6970E-04
LBFGS p_k (unscaled) stats per active parameter:
  IA= 10  PAR={Q44}  min=-1.11097E+00  max= 1.32986E+00  L2= 1.71609E+01
min(p_k)= -8.1009E-04  max(p_k)=  9.6970E-04  ||p_k||=  1.2513E-02
min(p_kf)= -8.1009E-04  max(p_kf)=  9.6970E-04  ||p_kf||=  5.0053E-02
p_k/p_kf  =   2.5000E-01
Start linesearch
MT entry: phi(0)=  8.1431E-07  dg0= -3.0168E-08  alpha0=  1.0000E+00
 UPDATEPARAMETER: f-scale only
UPDATEPARAMETER PAR_STEP min/max, V_STEP min/max =  4.3260558020E+01  1.0510384634E+02
  4.3260558020E+01  1.0510384634E+02
 WD_amp= 7.46100E+13  RESID_RMS= 1.26369E-03  FCOST_DATA= 7.98456E-07  FCOST0= 7.98456E-07
  
 -------------- calculate Frechet derivatives -----------
 IFREQ =           9    ITERATION =          10
||Frechet||_F=  1.2074E-12max|Frechet|=  2.8399E-17
||Frechet||_F=  1.2074E-12max|Frechet|=  2.8399E-17
||Frechet||_F=  1.2074E-12max|Frechet|=  2.8399E-17
||Frechet||_F=  1.2074E-12max|Frechet|=  2.8399E-17
||Frechet||_F=  1.2074E-12max|Frechet|=  2.8399E-17
||Frechet||_F=  1.2074E-12max|Frechet|=  2.8399E-17
Grad block  10 GRAD_SCALED MORM =   3.8917E-05
MT try: alpha=  1.0000E+00  phi=  7.9846E-07  dg=  3.3303E-09  dg0= -3.0168E-08
MT try: armijo_rhs=  8.1431E-07  armijo=T  curvature=T  task=FG
  
  
  
  
  
Convergence reached, updating parameter grid
ALPHA from line search =  1.000000000000000
 FCOST0 after linesearch  7.984562558264079E-007
Norm of s (s_norm) =  .1251330020194914E-01
  
Convergence check at iteration   10
  Relative cost decrease  =  1.9474E-02
  Relative model update   =  0.0000E+00
  Relative grad. norm     =  1.1078E+00
Time for LBFGS =  9.948945109049479 min
 --------- Frequency   6.80000000000000       (band            1 )
[ComputeAcqWeight] empty acq_weight_file, using uniform weights = 1.0
Data weighting computed for frequency 4607182418800017373
Data weighting computed for frequency 4607182418800017373
XSRmin, XSRmax, ZSRmin, ZSRMax -1960.000000000000 .000000000000000 2050.000000000000 4030.000000000000
1 FKYC
1.2 FKYC
my_rank, FKYC,WLMAX, RMAX 0 .5572912185498415E-01 753.3498227709956 2786.036611389018
1.1 NK
NK in cky2= 77

  Number of wavenumber samples (NK) for FREQ =   77
Data weighting computed for frequency 4607182418800017373
Data weighting computed for frequency 4607182418800017373
Data weighting computed for frequency 4607182418800017373
Data weighting computed for frequency 4607182418800017373
  RMAX = 2786.04
--- Pre-solver preview (memory + RHS workload) ---
   GQG dims: NNX=       585  NNZ=       317  NPT=    185445
   DOF:     N=3*NPT =    556335
   Sources: NSR=       100  NSS=        20  NK=        77
   RHS total (per IK): nrhs_tot=3*NSS =        60
   Batch:    MAX_RHS_BATCH=        32  nbatches=         2
   GFMY  (GFX+GFY+GFZ):         19.150 GB
   RHS_MY(rhs+sol buffers):      0.531 GB
 
 running run_ik_loop_pardiso
before CA | VmRSS=  20.950 GB  VmHWM=  94.957 GB
after CA | VmRSS=  22.195 GB  VmHWM=  94.957 GB
after factor | VmRSS=  25.961 GB  VmHWM=  94.957 GB
f=     6.800 Hz | ky=  0.723755E-03 | IK=       1/      77 | t=   17.389700 s | CA=  2.5965 | fact= 12.8569 | GF=  1.9362 | solve=  1.7811 | scatter=  0.0519
f=     6.800 Hz | ky=  0.144751E-02 | IK=       2/      77 | t=    6.969100 s | CA=  2.5883 | fact=  2.5566 | GF=  1.8242 | solve=  1.6990 | scatter=  0.0517
f=     6.800 Hz | ky=  0.217126E-02 | IK=       3/      77 | t=    7.026900 s | CA=  2.6163 | fact=  2.5819 | GF=  1.8287 | solve=  1.7022 | scatter=  0.0530
f=     6.800 Hz | ky=  0.289502E-02 | IK=       4/      77 | t=    6.981200 s | CA=  2.5672 | fact=  2.5868 | GF=  1.8272 | solve=  1.7011 | scatter=  0.0527
f=     6.800 Hz | ky=  0.361877E-02 | IK=       5/      77 | t=    7.020400 s | CA=  2.6066 | fact=  2.5911 | GF=  1.8226 | solve=  1.6955 | scatter=  0.0537
f=     6.800 Hz | ky=  0.434253E-02 | IK=       6/      77 | t=    6.973200 s | CA=  2.5631 | fact=  2.5833 | GF=  1.8267 | solve=  1.7001 | scatter=  0.0531
f=     6.800 Hz | ky=  0.506628E-02 | IK=       7/      77 | t=    7.033500 s | CA=  2.6299 | fact=  2.5788 | GF=  1.8248 | solve=  1.6983 | scatter=  0.0527
f=     6.800 Hz | ky=  0.579004E-02 | IK=       8/      77 | t=    7.040100 s | CA=  2.5983 | fact=  2.5594 | GF=  1.8823 | solve=  1.7044 | scatter=  0.1044
f=     6.800 Hz | ky=  0.651379E-02 | IK=       9/      77 | t=    7.061000 s | CA=  2.6563 | fact=  2.5748 | GF=  1.8298 | solve=  1.7035 | scatter=  0.0528
f=     6.800 Hz | ky=  0.723755E-02 | IK=      10/      77 | t=    7.016400 s | CA=  2.6188 | fact=  2.5728 | GF=  1.8248 | solve=  1.7008 | scatter=  0.0505
f=     6.800 Hz | ky=  0.796130E-02 | IK=      11/      77 | t=    6.996000 s | CA=  2.6174 | fact=  2.5502 | GF=  1.8284 | solve=  1.7012 | scatter=  0.0536
f=     6.800 Hz | ky=  0.868506E-02 | IK=      12/      77 | t=    7.013700 s | CA=  2.6177 | fact=  2.5734 | GF=  1.8225 | solve=  1.6939 | scatter=  0.0553
f=     6.800 Hz | ky=  0.940881E-02 | IK=      13/      77 | t=    7.049000 s | CA=  2.6365 | fact=  2.5899 | GF=  1.8225 | solve=  1.6955 | scatter=  0.0535
PARDISO mem (f=  6.80 Hz): sym=  1.95 GB  perm=  1.42 GB  num=  3.22 GB  
peak=  4.64 GB
t_global   =    152.281 s
TIME for 1st forward modeling =  2.537954966227213  min
TIME for GT0 =  .9615000089009602E-02  min
Data scaler W for L2 norm: 77474851783048.27
Data scaler W for WQS norm: .1007948000807317E-312
Total number of active inversion parameters for current sequential stage (IM):          1
Total model blocks points (NM = IM * NBLOCK):      11534 on grid (NMM = IM * NPT):    185445
 Gradient balance ():   1.00000000000000        1.00000000000000     
   1.00000000000000        1.00000000000000        1.00000000000000     
   1.00000000000000        1.00000000000000        1.00000000000000     
   1.00000000000000        1.00000000000000        1.00000000000000     
 IE0, IZ          30           0
 IE0, IZ, GZ1, GZ2 =           30           0   100.000000000000     
   300.000000000000     
  
 Frequency:          10 Iteration:           1
--- Pre-solver preview (memory + RHS workload) ---
   GQG dims: NNX=       585  NNZ=       317  NPT=    185445
   DOF:     N=3*NPT =    556335
   Sources: NSR=       100  NSS=       100  NK=        77
   RHS total (per IK): nrhs_tot=3*NSS =       300
   Batch:    MAX_RHS_BATCH=        32  nbatches=        10
   GFMY  (GFX+GFY+GFZ):         95.750 GB
   RHS_MY(rhs+sol buffers):      0.531 GB
 
 running run_ik_loop_pardiso
before CA | VmRSS=  98.356 GB  VmHWM=  98.356 GB
after CA | VmRSS=  98.982 GB  VmHWM= 103.052 GB
after factor | VmRSS= 102.749 GB  VmHWM= 103.052 GB
f=     6.800 Hz | ky=  0.723755E-03 | IK=       1/      77 | t=   24.369500 s | CA=  2.5391 | fact= 12.8325 | GF=  8.9977 | solve=  8.3296 | scatter=  0.2551
f=     6.800 Hz | ky=  0.144751E-02 | IK=       2/      77 | t=   14.003200 s | CA=  2.5488 | fact=  2.5750 | GF=  8.8793 | solve=  8.2401 | scatter=  0.2572
f=     6.800 Hz | ky=  0.217126E-02 | IK=       3/      77 | t=   14.008200 s | CA=  2.5763 | fact=  2.5502 | GF=  8.8816 | solve=  8.2450 | scatter=  0.2541
f=     6.800 Hz | ky=  0.289502E-02 | IK=       4/      77 | t=   14.056200 s | CA=  2.5820 | fact=  2.5729 | GF=  8.9012 | solve=  8.2633 | scatter=  0.2549
f=     6.800 Hz | ky=  0.361877E-02 | IK=       5/      77 | t=   14.001300 s | CA=  2.5686 | fact=  2.5501 | GF=  8.8825 | solve=  8.2439 | scatter=  0.2557
f=     6.800 Hz | ky=  0.434253E-02 | IK=       6/      77 | t=   14.126800 s | CA=  2.6276 | fact=  2.5913 | GF=  8.9078 | solve=  8.2674 | scatter=  0.2571
f=     6.800 Hz | ky=  0.506628E-02 | IK=       7/      77 | t=   14.051500 s | CA=  2.5844 | fact=  2.5765 | GF=  8.8905 | solve=  8.2512 | scatter=  0.2571
f=     6.800 Hz | ky=  0.579004E-02 | IK=       8/      77 | t=   14.083100 s | CA=  2.5919 | fact=  2.5806 | GF=  8.9106 | solve=  8.2725 | scatter=  0.2553
f=     6.800 Hz | ky=  0.651379E-02 | IK=       9/      77 | t=   14.072700 s | CA=  2.6008 | fact=  2.5556 | GF=  8.9163 | solve=  8.2735 | scatter=  0.2602
f=     6.800 Hz | ky=  0.723755E-02 | IK=      10/      77 | t=   14.177000 s | CA=  2.6728 | fact=  2.5698 | GF=  8.9343 | solve=  8.2805 | scatter=  0.2718
f=     6.800 Hz | ky=  0.796130E-02 | IK=      11/      77 | t=   14.086500 s | CA=  2.6093 | fact=  2.5691 | GF=  8.9081 | solve=  8.2697 | scatter=  0.2554
f=     6.800 Hz | ky=  0.868506E-02 | IK=      12/      77 | t=   14.000300 s | CA=  2.5355 | fact=  2.5764 | GF=  8.8883 | solve=  8.2511 | scatter=  0.2546
f=     6.800 Hz | ky=  0.940881E-02 | IK=      13/      77 | t=   14.030600 s | CA=  2.5500 | fact=  2.5658 | GF=  8.9148 | solve=  8.2743 | scatter=  0.2577
PARDISO mem (f=  6.80 Hz): sym=  1.95 GB  perm=  1.42 GB  num=  3.22 GB  
peak=  4.64 GB
t_global   =    446.815 s
TIME for 2d forward modeling_i calc =  7.443928527832031 min
Rank    1 -> ID range:    801 to   1600 | Tasks:    800
Rank    2 -> ID range:   1601 to   2400 | Tasks:    800
Rank    5 -> ID range:   4001 to   4800 | Tasks:    800
Rank    3 -> ID range:   2401 to   3200 | Tasks:    800
Rank    4 -> ID range:   3201 to   4000 | Tasks:    800
  
 -------------- calculate Frechet derivatives -----------
 IFREQ =          10    ITERATION =           1
Frechet memory size Frec_my:      0.825 (Gb)
Rank    0 -> ID range:      1 to    800 | Tasks:    800
FREQ:      6.8 Hz, ITER=       1  Frechet Derivative ID=     100/    4800 Finished   0.305400 s
FREQ:      6.8 Hz, ITER=       1  Frechet Derivative ID=     200/    4800 Finished   0.303600 s
FREQ:      6.8 Hz, ITER=       1  Frechet Derivative ID=     300/    4800 Finished   0.302700 s
FREQ:      6.8 Hz, ITER=       1  Frechet Derivative ID=     400/    4800 Finished   0.287900 s
FREQ:      6.8 Hz, ITER=       1  Frechet Derivative ID=     500/    4800 Finished   0.310700 s
FREQ:      6.8 Hz, ITER=       1  Frechet Derivative ID=     600/    4800 Finished   0.310700 s
FREQ:      6.8 Hz, ITER=       1  Frechet Derivative ID=     700/    4800 Finished   0.303000 s
FREQ:      6.8 Hz, ITER=       1  Frechet Derivative ID=     800/    4800 Finished   0.306100 s
||Frechet||_F=  1.1323E-12max|Frechet|=  3.0609E-17
||Frechet||_F=  1.1323E-12max|Frechet|=  3.0609E-17
||Frechet||_F=  1.1323E-12max|Frechet|=  3.0609E-17
||Frechet||_F=  1.1323E-12max|Frechet|=  3.0609E-17
||Frechet||_F=  1.1323E-12max|Frechet|=  3.0609E-17
||Frechet||_F=  1.1323E-12max|Frechet|=  3.0609E-17
 
TIME for Frechet calc =  4.237423451741536 min
 
m_fine: min=  4.3261E+01  max=  1.0510E+02  mean=  8.2428E+01  ||.||2=  3.6891E+04  size=  185445
m_coarse_prev: min=  4.3910E+01  max=  1.0479E+02  mean=  8.2449E+01  ||.||2=  9.2016E+03  size=   11534
 
  compute the residual and the cost function
 WD_amp= 7.74749E+13  RESID_RMS= 1.36826E-03  FCOST_DATA= 9.36069E-07  FCOST0= 9.36069E-07
IA= 10  H(single F0) min= 0.00000E+00  max= 1.01640E-01
IA= 10  H(F0^2)     min= 0.00000E+00  max= 1.01640E-01
HESSD: ia=  10  min= 0.00000E+00  max= 9.83817E+03
IA= 10  H(single F0) min= 0.00000E+00  max= 1.01640E-01
IA= 10  H(F0^2)     min= 0.00000E+00  max= 1.01640E-01
HESSD: ia=  10  min= 0.00000E+00  max= 9.83817E+03
IA= 10  H(single F0) min= 0.00000E+00  max= 1.01640E-01
IA= 10  H(F0^2)     min= 0.00000E+00  max= 1.01640E-01
HESSD: ia=  10  min= 0.00000E+00  max= 9.83817E+03
IA= 10  H(single F0) min= 0.00000E+00  max= 1.01640E-01
IA= 10  H(F0^2)     min= 0.00000E+00  max= 1.01640E-01
HESSD: ia=  10  min= 0.00000E+00  max= 9.83817E+03
IA= 10  H(single F0) min= 0.00000E+00  max= 1.01640E-01
IA= 10  H(F0^2)     min= 0.00000E+00  max= 1.01640E-01
HESSD: ia=  10  min= 0.00000E+00  max= 9.83817E+03
IA= 10  H(single F0) min= 0.00000E+00  max= 1.01640E-01
IA= 10  H(F0^2)     min= 0.00000E+00  max= 1.01640E-01
HESSD: ia=  10  min= 0.00000E+00  max= 9.83817E+03
Grad block  10 GRAD_SCALED MORM =   4.1764E-05
Raw grad block 10  PAR={Q44}  min= -8.2088E-09  max=  8.1136E-09  L2=  4.0968E-08
Gradient finished
Start LBFGS 
LBFGS steepest step , iter=      1
  g·p = -2.7039E-07  ||p|| =  2.7078E-02
  min(p)= -1.9473E-03  max(p)=  2.1802E-03
LBFGS p_k (unscaled) stats per active parameter:
  IA= 10  PAR={Q44}  min=-2.67057E+00  max= 2.98993E+00  L2= 3.71356E+01
min(p_k)= -1.9473E-03  max(p_k)=  2.1802E-03  ||p_k||=  2.7078E-02
min(p_kf)= -1.9473E-03  max(p_kf)=  2.1802E-03  ||p_kf||=  1.0831E-01
p_k/p_kf  =   2.5000E-01
Start linesearch
BT entry: phi(0)=  9.3607E-07  g·p(0)= -2.7039E-07
 UPDATEPARAMETER: f-scale only
UPDATEPARAMETER PAR_STEP min/max, V_STEP min/max =  4.2607634846E+01  1.0513189280E+02
  4.2607634846E+01  1.0513189280E+02
REL STEP Q      : k= 10 row=  5 rmax_k=  6.3084E-02 row_scale=  1.0510E+02
BT cap probe: rmax1=  6.3084E-02  alpha_cap=  1.0000E+00  alpha00=  1.0000E+00
 UPDATEPARAMETER: f-scale only
UPDATEPARAMETER PAR_STEP min/max, V_STEP min/max =  4.2607634846E+01  1.0513189280E+02
  4.2607634846E+01  1.0513189280E+02
 running run_ik_loop_pardiso
before CA | VmRSS=  21.789 GB  VmHWM= 108.507 GB
after CA | VmRSS=  22.410 GB  VmHWM= 108.507 GB
after factor | VmRSS=  26.174 GB  VmHWM= 108.507 GB
f=     6.800 Hz | ky=  0.723755E-03 | IK=       1/      77 | t=   17.360600 s | CA=  2.5863 | fact= 12.8459 | GF=  1.9282 | solve=  1.7730 | scatter=  0.0520
f=     6.800 Hz | ky=  0.144751E-02 | IK=       2/      77 | t=    6.968500 s | CA=  2.5588 | fact=  2.5872 | GF=  1.8225 | solve=  1.6957 | scatter=  0.0534
f=     6.800 Hz | ky=  0.217126E-02 | IK=       3/      77 | t=    6.932000 s | CA=  2.5375 | fact=  2.5684 | GF=  1.8261 | solve=  1.6995 | scatter=  0.0531
f=     6.800 Hz | ky=  0.289502E-02 | IK=       4/      77 | t=    6.997200 s | CA=  2.6031 | fact=  2.5691 | GF=  1.8249 | solve=  1.6996 | scatter=  0.0518
f=     6.800 Hz | ky=  0.361877E-02 | IK=       5/      77 | t=    6.901600 s | CA=  2.5400 | fact=  2.5414 | GF=  1.8202 | solve=  1.6950 | scatter=  0.0517
f=     6.800 Hz | ky=  0.434253E-02 | IK=       6/      77 | t=    6.936000 s | CA=  2.5965 | fact=  2.5772 | GF=  1.7621 | solve=  1.6349 | scatter=  0.0537
f=     6.800 Hz | ky=  0.506628E-02 | IK=       7/      77 | t=    6.885600 s | CA=  2.5504 | fact=  2.5743 | GF=  1.7609 | solve=  1.6336 | scatter=  0.0536
f=     6.800 Hz | ky=  0.579004E-02 | IK=       8/      77 | t=    6.912500 s | CA=  2.5908 | fact=  2.5594 | GF=  1.7623 | solve=  1.6341 | scatter=  0.0541
f=     6.800 Hz | ky=  0.651379E-02 | IK=       9/      77 | t=    6.975800 s | CA=  2.6355 | fact=  2.5842 | GF=  1.7560 | solve=  1.6305 | scatter=  0.0519
f=     6.800 Hz | ky=  0.723755E-02 | IK=      10/      77 | t=    6.879400 s | CA=  2.5688 | fact=  2.5506 | GF=  1.7600 | solve=  1.6331 | scatter=  0.0533
f=     6.800 Hz | ky=  0.796130E-02 | IK=      11/      77 | t=    6.936200 s | CA=  2.5959 | fact=  2.5830 | GF=  1.7572 | solve=  1.6323 | scatter=  0.0514
f=     6.800 Hz | ky=  0.868506E-02 | IK=      12/      77 | t=    6.930400 s | CA=  2.6137 | fact=  2.5562 | GF=  1.7605 | solve=  1.6350 | scatter=  0.0521
f=     6.800 Hz | ky=  0.940881E-02 | IK=      13/      77 | t=    6.835300 s | CA=  2.5774 | fact=  2.5015 | GF=  1.7564 | solve=  1.6307 | scatter=  0.0520
PARDISO mem (f=  6.80 Hz): sym=  1.95 GB  perm=  1.42 GB  num=  3.22 GB  
peak=  4.64 GB
 WD_amp= 7.74749E+13  RESID_RMS= 2.22810E-03  FCOST_DATA= 2.48222E-06  FCOST0= 2.48222E-06
BT: alpha=  1.0000E+00  phi=  2.4822E-06  rhs=  9.3604E-07
 UPDATEPARAMETER: f-scale only
UPDATEPARAMETER PAR_STEP min/max, V_STEP min/max =  4.3387838779E+01  1.0511681284E+02
  4.3387838779E+01  1.0511681284E+02
 running run_ik_loop_pardiso
before CA | VmRSS=  22.373 GB  VmHWM= 108.507 GB
after CA | VmRSS=  22.405 GB  VmHWM= 108.507 GB
after factor | VmRSS=  26.167 GB  VmHWM= 108.507 GB
f=     6.800 Hz | ky=  0.723755E-03 | IK=       1/      77 | t=   17.357900 s | CA=  2.5793 | fact= 12.8474 | GF=  1.9310 | solve=  1.7754 | scatter=  0.0514
f=     6.800 Hz | ky=  0.144751E-02 | IK=       2/      77 | t=    6.950200 s | CA=  2.5749 | fact=  2.5503 | GF=  1.8250 | solve=  1.7001 | scatter=  0.0514
f=     6.800 Hz | ky=  0.217126E-02 | IK=       3/      77 | t=    6.969500 s | CA=  2.5763 | fact=  2.5656 | GF=  1.8275 | solve=  1.7002 | scatter=  0.0539
f=     6.800 Hz | ky=  0.289502E-02 | IK=       4/      77 | t=    6.998600 s | CA=  2.5980 | fact=  2.5758 | GF=  1.8248 | solve=  1.6976 | scatter=  0.0537
f=     6.800 Hz | ky=  0.361877E-02 | IK=       5/      77 | t=    6.971600 s | CA=  2.5682 | fact=  2.5815 | GF=  1.8218 | solve=  1.6954 | scatter=  0.0529
f=     6.800 Hz | ky=  0.434253E-02 | IK=       6/      77 | t=    6.987100 s | CA=  2.5884 | fact=  2.5765 | GF=  1.8221 | solve=  1.6960 | scatter=  0.0526
f=     6.800 Hz | ky=  0.506628E-02 | IK=       7/      77 | t=    6.995200 s | CA=  2.5873 | fact=  2.5864 | GF=  1.8215 | solve=  1.6963 | scatter=  0.0518
f=     6.800 Hz | ky=  0.579004E-02 | IK=       8/      77 | t=    6.983400 s | CA=  2.5891 | fact=  2.5747 | GF=  1.8196 | solve=  1.6940 | scatter=  0.0523
f=     6.800 Hz | ky=  0.651379E-02 | IK=       9/      77 | t=    6.956500 s | CA=  2.5618 | fact=  2.5710 | GF=  1.8237 | solve=  1.6972 | scatter=  0.0530
f=     6.800 Hz | ky=  0.723755E-02 | IK=      10/      77 | t=    7.007800 s | CA=  2.6206 | fact=  2.5657 | GF=  1.8214 | solve=  1.6966 | scatter=  0.0514
f=     6.800 Hz | ky=  0.796130E-02 | IK=      11/      77 | t=    6.997800 s | CA=  2.5896 | fact=  2.5783 | GF=  1.8298 | solve=  1.7015 | scatter=  0.0548
f=     6.800 Hz | ky=  0.868506E-02 | IK=      12/      77 | t=    6.983800 s | CA=  2.5740 | fact=  2.5807 | GF=  1.8290 | solve=  1.7040 | scatter=  0.0512
f=     6.800 Hz | ky=  0.940881E-02 | IK=      13/      77 | t=    6.985900 s | CA=  2.5893 | fact=  2.5687 | GF=  1.8279 | solve=  1.7005 | scatter=  0.0537
PARDISO mem (f=  6.80 Hz): sym=  1.95 GB  perm=  1.42 GB  num=  3.22 GB  
peak=  4.64 GB
 WD_amp= 7.74749E+13  RESID_RMS= 1.55763E-03  FCOST_DATA= 1.21310E-06  FCOST0= 1.21310E-06
BT: alpha=  5.0000E-01  phi=  1.2131E-06  rhs=  9.3606E-07
 UPDATEPARAMETER: f-scale only
UPDATEPARAMETER PAR_STEP min/max, V_STEP min/max =  4.3735048061E+01  1.0510927286E+02
  4.3735048061E+01  1.0510927286E+02
 running run_ik_loop_pardiso
before CA | VmRSS=  21.794 GB  VmHWM= 108.507 GB
after CA | VmRSS=  22.397 GB  VmHWM= 108.507 GB
after factor | VmRSS=  26.157 GB  VmHWM= 108.507 GB
f=     6.800 Hz | ky=  0.723755E-03 | IK=       1/      77 | t=   17.278500 s | CA=  2.4893 | fact= 12.8559 | GF=  1.9331 | solve=  1.7782 | scatter=  0.0517
f=     6.800 Hz | ky=  0.144751E-02 | IK=       2/      77 | t=    6.932400 s | CA=  2.5566 | fact=  2.5572 | GF=  1.8186 | solve=  1.6944 | scatter=  0.0508
f=     6.800 Hz | ky=  0.217126E-02 | IK=       3/      77 | t=    6.989500 s | CA=  2.6010 | fact=  2.5667 | GF=  1.8218 | solve=  1.6954 | scatter=  0.0525
f=     6.800 Hz | ky=  0.289502E-02 | IK=       4/      77 | t=    6.976400 s | CA=  2.5752 | fact=  2.5798 | GF=  1.8214 | solve=  1.6963 | scatter=  0.0517
f=     6.800 Hz | ky=  0.361877E-02 | IK=       5/      77 | t=    6.961300 s | CA=  2.5744 | fact=  2.5655 | GF=  1.8214 | solve=  1.6945 | scatter=  0.0535
f=     6.800 Hz | ky=  0.434253E-02 | IK=       6/      77 | t=    6.925300 s | CA=  2.5464 | fact=  2.5617 | GF=  1.8172 | solve=  1.6913 | scatter=  0.0525
f=     6.800 Hz | ky=  0.506628E-02 | IK=       7/      77 | t=    6.940800 s | CA=  2.5579 | fact=  2.5591 | GF=  1.8237 | solve=  1.6954 | scatter=  0.0547
f=     6.800 Hz | ky=  0.579004E-02 | IK=       8/      77 | t=    6.977600 s | CA=  2.5706 | fact=  2.5823 | GF=  1.8247 | solve=  1.6978 | scatter=  0.0531
f=     6.800 Hz | ky=  0.651379E-02 | IK=       9/      77 | t=    6.964400 s | CA=  2.5666 | fact=  2.5690 | GF=  1.8287 | solve=  1.7009 | scatter=  0.0543
f=     6.800 Hz | ky=  0.723755E-02 | IK=      10/      77 | t=    6.996900 s | CA=  2.6040 | fact=  2.5738 | GF=  1.8191 | solve=  1.6938 | scatter=  0.0517
f=     6.800 Hz | ky=  0.796130E-02 | IK=      11/      77 | t=    6.915500 s | CA=  2.5962 | fact=  2.4985 | GF=  1.8208 | solve=  1.6933 | scatter=  0.0540
f=     6.800 Hz | ky=  0.868506E-02 | IK=      12/      77 | t=    6.962700 s | CA=  2.5713 | fact=  2.5747 | GF=  1.8166 | solve=  1.6906 | scatter=  0.0524
f=     6.800 Hz | ky=  0.940881E-02 | IK=      13/      77 | t=    7.033200 s | CA=  2.6423 | fact=  2.5678 | GF=  1.8231 | solve=  1.6953 | scatter=  0.0542
PARDISO mem (f=  6.80 Hz): sym=  1.95 GB  perm=  1.42 GB  num=  3.22 GB  
peak=  4.64 GB
 WD_amp= 7.74749E+13  RESID_RMS= 1.37767E-03  FCOST_DATA= 9.48985E-07  FCOST0= 9.48985E-07
BT: alpha=  2.5000E-01  phi=  9.4899E-07  rhs=  9.3606E-07
 UPDATEPARAMETER: f-scale only
UPDATEPARAMETER PAR_STEP min/max, V_STEP min/max =  4.3497803041E+01  1.0510607110E+02
  4.3497803041E+01  1.0510607110E+02
 running run_ik_loop_pardiso
before CA | VmRSS=  22.285 GB  VmHWM= 108.507 GB
after CA | VmRSS=  22.538 GB  VmHWM= 108.507 GB
after factor | VmRSS=  26.303 GB  VmHWM= 108.507 GB
f=     6.800 Hz | ky=  0.723755E-03 | IK=       1/      77 | t=   17.343500 s | CA=  2.5552 | fact= 12.8660 | GF=  1.9221 | solve=  1.7660 | scatter=  0.0530
f=     6.800 Hz | ky=  0.144751E-02 | IK=       2/      77 | t=    7.014900 s | CA=  2.6425 | fact=  2.5500 | GF=  1.8224 | solve=  1.6960 | scatter=  0.0530
f=     6.800 Hz | ky=  0.217126E-02 | IK=       3/      77 | t=    7.015000 s | CA=  2.6191 | fact=  2.5689 | GF=  1.8270 | solve=  1.6992 | scatter=  0.0544
f=     6.800 Hz | ky=  0.289502E-02 | IK=       4/      77 | t=    6.982400 s | CA=  2.5590 | fact=  2.5932 | GF=  1.8302 | solve=  1.7042 | scatter=  0.0524
f=     6.800 Hz | ky=  0.361877E-02 | IK=       5/      77 | t=    6.994700 s | CA=  2.5885 | fact=  2.5820 | GF=  1.8242 | solve=  1.6952 | scatter=  0.0554
f=     6.800 Hz | ky=  0.434253E-02 | IK=       6/      77 | t=    7.029900 s | CA=  2.6306 | fact=  2.5744 | GF=  1.8249 | solve=  1.6995 | scatter=  0.0520
f=     6.800 Hz | ky=  0.506628E-02 | IK=       7/      77 | t=    6.979100 s | CA=  2.5821 | fact=  2.5719 | GF=  1.8251 | solve=  1.6978 | scatter=  0.0538
f=     6.800 Hz | ky=  0.579004E-02 | IK=       8/      77 | t=    6.993100 s | CA=  2.5999 | fact=  2.5692 | GF=  1.8240 | solve=  1.6960 | scatter=  0.0545
f=     6.800 Hz | ky=  0.651379E-02 | IK=       9/      77 | t=    6.997800 s | CA=  2.6172 | fact=  2.5487 | GF=  1.8318 | solve=  1.7037 | scatter=  0.0544
f=     6.800 Hz | ky=  0.723755E-02 | IK=      10/      77 | t=    6.979200 s | CA=  2.5843 | fact=  2.5733 | GF=  1.8216 | solve=  1.6970 | scatter=  0.0511
f=     6.800 Hz | ky=  0.796130E-02 | IK=      11/      77 | t=    6.987800 s | CA=  2.6032 | fact=  2.5589 | GF=  1.8256 | solve=  1.6986 | scatter=  0.0535
f=     6.800 Hz | ky=  0.868506E-02 | IK=      12/      77 | t=    6.986800 s | CA=  2.6105 | fact=  2.5489 | GF=  1.8273 | solve=  1.7022 | scatter=  0.0513
f=     6.800 Hz | ky=  0.940881E-02 | IK=      13/      77 | t=    6.994500 s | CA=  2.6222 | fact=  2.5474 | GF=  1.8249 | solve=  1.6994 | scatter=  0.0517
PARDISO mem (f=  6.80 Hz): sym=  1.95 GB  perm=  1.42 GB  num=  3.22 GB  
peak=  4.64 GB
 WD_amp= 7.74749E+13  RESID_RMS= 1.34974E-03  FCOST_DATA= 9.10904E-07  FCOST0= 9.10904E-07
BT: alpha=  1.2500E-01  phi=  9.1090E-07  rhs=  9.3607E-07
  
  
  
  
  
Convergence reached, updating parameter grid
ALPHA from line search =  .1250000000000000
 FCOST0 after linesearch  9.109035205476313E-007
Norm of s (s_norm) =  .3384782859329135E-02
  
Time for LBFGS =  10.05645650227865 min
  
 Frequency:          10 Iteration:           2
t_global   =    446.503 s
  
 -------------- calculate Frechet derivatives -----------
 IFREQ =          10    ITERATION =           2
||Frechet||_F=  1.1316E-12max|Frechet|=  3.0609E-17
||Frechet||_F=  1.1316E-12max|Frechet|=  3.0609E-17
||Frechet||_F=  1.1316E-12max|Frechet|=  3.0609E-17
||Frechet||_F=  1.1316E-12max|Frechet|=  3.0609E-17
||Frechet||_F=  1.1316E-12max|Frechet|=  3.0609E-17
 
TIME for Frechet calc =  4.202343241373698 min
 
 
  compute the residual and the cost function
 WD_amp= 7.74749E+13  RESID_RMS= 1.34974E-03  FCOST_DATA= 9.10904E-07  FCOST0= 9.10904E-07
||Frechet||_F=  1.1316E-12max|Frechet|=  3.0609E-17
Grad block  10 GRAD_SCALED MORM =   3.7357E-05
Raw grad block 10  PAR={Q44}  min= -6.6298E-09  max=  7.0057E-09  L2=  3.5852E-08
Gradient finished
Start LBFGS 
curvature (warm): s·y=  3.4577E-08  ||s||^2=  1.1457E-05  ||y||^2=  3.0356E-10  sTy_min=  5.8973E-09
LBFGS step: g·p = -1.0674E-07  ||p||=  2.3457E-02
LBFGS step: min(p)= -1.8623E-03  max(p)=  1.6894E-03
LBFGS p_k (unscaled) stats per active parameter:
  IA= 10  PAR={Q44}  min=-2.55398E+00  max= 2.31689E+00  L2= 3.21696E+01
min(p_k)= -1.8623E-03  max(p_k)=  1.6894E-03  ||p_k||=  2.3457E-02
min(p_kf)= -1.8623E-03  max(p_kf)=  1.6894E-03  ||p_kf||=  9.3829E-02
p_k/p_kf  =   2.5000E-01
Start linesearch
MT entry: phi(0)=  9.1090E-07  dg0= -1.0674E-07  alpha0=  1.0000E+00
 UPDATEPARAMETER: f-scale only
UPDATEPARAMETER PAR_STEP min/max, V_STEP min/max =  4.2431974911E+01  1.0514732434E+02
  4.2431974911E+01  1.0514732434E+02
 WD_amp= 7.74749E+13  RESID_RMS= 1.63798E-03  FCOST_DATA= 1.34148E-06  FCOST0= 1.34148E-06
  
 -------------- calculate Frechet derivatives -----------
 IFREQ =          10    ITERATION =           2
||Frechet||_F=  1.1331E-12max|Frechet|=  3.0605E-17
||Frechet||_F=  1.1331E-12max|Frechet|=  3.0605E-17
||Frechet||_F=  1.1331E-12max|Frechet|=  3.0605E-17
||Frechet||_F=  1.1331E-12max|Frechet|=  3.0605E-17
||Frechet||_F=  1.1331E-12max|Frechet|=  3.0605E-17
||Frechet||_F=  1.1331E-12max|Frechet|=  3.0605E-17
Grad block  10 GRAD_SCALED MORM =   6.4318E-05
MT try: alpha=  1.0000E+00  phi=  1.3415E-06  dg=  2.2171E-07  dg0= -1.0674E-07
MT try: armijo_rhs=  9.1089E-07  armijo=F  curvature=F  task=FG
 UPDATEPARAMETER: f-scale only
UPDATEPARAMETER PAR_STEP min/max, V_STEP min/max =  4.3499535818E+01  1.0510731001E+02
  4.3499535818E+01  1.0510731001E+02
 WD_amp= 7.74749E+13  RESID_RMS= 1.34580E-03  FCOST_DATA= 9.05588E-07  FCOST0= 9.05588E-07
  
 -------------- calculate Frechet derivatives -----------
 IFREQ =          10    ITERATION =           2
||Frechet||_F=  1.1317E-12max|Frechet|=  3.0609E-17
||Frechet||_F=  1.1317E-12max|Frechet|=  3.0609E-17
||Frechet||_F=  1.1317E-12max|Frechet|=  3.0609E-17
||Frechet||_F=  1.1317E-12max|Frechet|=  3.0609E-17
||Frechet||_F=  1.1317E-12max|Frechet|=  3.0609E-17
||Frechet||_F=  1.1317E-12max|Frechet|=  3.0609E-17
Grad block  10 GRAD_SCALED MORM =   3.6601E-05
MT try: alpha=  4.3211E-02  phi=  9.0559E-07  dg= -9.2856E-08  dg0= -1.0674E-07
MT try: armijo_rhs=  9.1090E-07  armijo=T  curvature=T  task=FG
  
  
  
  
  
Convergence reached, updating parameter grid
ALPHA from line search =  .4321070737546268E-01
 FCOST0 after linesearch  9.055881586507788E-007
Norm of s (s_norm) =  .1013604188714150E-02
  
Time for LBFGS =  23.17774047851562 min
  
 Frequency:          10 Iteration:           3
t_global   =    446.168 s
  
 -------------- calculate Frechet derivatives -----------
 IFREQ =          10    ITERATION =           3
||Frechet||_F=  1.1317E-12max|Frechet|=  3.0609E-17
||Frechet||_F=  1.1317E-12max|Frechet|=  3.0609E-17
||Frechet||_F=  1.1317E-12max|Frechet|=  3.0609E-17
||Frechet||_F=  1.1317E-12max|Frechet|=  3.0609E-17
||Frechet||_F=  1.1317E-12max|Frechet|=  3.0609E-17
 
TIME for Frechet calc =  4.212583414713541 min
 
 
  compute the residual and the cost function
 WD_amp= 7.74749E+13  RESID_RMS= 1.34580E-03  FCOST_DATA= 9.05588E-07  FCOST0= 9.05588E-07
||Frechet||_F=  1.1317E-12max|Frechet|=  3.0609E-17
Grad block  10 GRAD_SCALED MORM =   3.6601E-05
Gradient finished
Start LBFGS 
curvature (warm): s·y=  6.0009E-10  ||s||^2=  1.0274E-06  ||y||^2=  2.7795E-12  sTy_min=  1.6899E-10
LBFGS history: used= 1  skipped= 1  worst_col= 4  bad_s·y=  6.0009E-10  bad_cos_sy=  3.5511E-01
LBFGS step: g·p = -8.2765E-08  ||p||=  2.1083E-02
LBFGS step: min(p)= -1.5472E-03  max(p)=  1.5142E-03
LBFGS p_k (unscaled) stats per active parameter:
  IA= 10  PAR={Q44}  min=-2.12190E+00  max= 2.07665E+00  L2= 2.89135E+01
min(p_k)= -1.5472E-03  max(p_k)=  1.5142E-03  ||p_k||=  2.1083E-02
min(p_kf)= -1.5472E-03  max(p_kf)=  1.5142E-03  ||p_kf||=  8.4332E-02
p_k/p_kf  =   2.5000E-01
Start linesearch
MT entry: phi(0)=  9.0559E-07  dg0= -8.2765E-08  alpha0=  1.0000E+00
 UPDATEPARAMETER: f-scale only
UPDATEPARAMETER PAR_STEP min/max, V_STEP min/max =  4.2712542779E+01  1.0514811216E+02
  4.2712542779E+01  1.0514811216E+02
 WD_amp= 7.74749E+13  RESID_RMS= 1.50288E-03  FCOST_DATA= 1.12932E-06  FCOST0= 1.12932E-06
  
 -------------- calculate Frechet derivatives -----------
 IFREQ =          10    ITERATION =           3
||Frechet||_F=  1.1325E-12max|Frechet|=  3.0605E-17
||Frechet||_F=  1.1325E-12max|Frechet|=  3.0605E-17
||Frechet||_F=  1.1325E-12max|Frechet|=  3.0605E-17
||Frechet||_F=  1.1325E-12max|Frechet|=  3.0605E-17
||Frechet||_F=  1.1325E-12max|Frechet|=  3.0605E-17
||Frechet||_F=  1.1325E-12max|Frechet|=  3.0605E-17
Grad block  10 GRAD_SCALED MORM =   5.2219E-05
MT try: alpha=  1.0000E+00  phi=  1.1293E-06  dg=  9.8008E-08  dg0= -8.2765E-08
MT try: armijo_rhs=  9.0558E-07  armijo=F  curvature=F  task=FG
 UPDATEPARAMETER: f-scale only
UPDATEPARAMETER PAR_STEP min/max, V_STEP min/max =  4.3507360915E+01  1.0510972075E+02
  4.3507360915E+01  1.0510972075E+02
 WD_amp= 7.74749E+13  RESID_RMS= 1.34231E-03  FCOST_DATA= 9.00904E-07  FCOST0= 9.00904E-07
  
 -------------- calculate Frechet derivatives -----------
 IFREQ =          10    ITERATION =           3
||Frechet||_F=  1.1317E-12max|Frechet|=  3.0609E-17
||Frechet||_F=  1.1317E-12max|Frechet|=  3.0609E-17
||Frechet||_F=  1.1317E-12max|Frechet|=  3.0609E-17
||Frechet||_F=  1.1317E-12max|Frechet|=  3.0609E-17
||Frechet||_F=  1.1317E-12max|Frechet|=  3.0609E-17
||Frechet||_F=  1.1317E-12max|Frechet|=  3.0609E-17
Grad block  10 GRAD_SCALED MORM =   3.6008E-05
MT try: alpha=  5.9084E-02  phi=  9.0090E-07  dg= -7.2169E-08  dg0= -8.2765E-08
MT try: armijo_rhs=  9.0559E-07  armijo=T  curvature=T  task=FG
  
  
  
  
  
Convergence reached, updating parameter grid
ALPHA from line search =  .5908371796386903E-01
 FCOST0 after linesearch  9.009043726976307E-007
Norm of s (s_norm) =  .1245659571827457E-02
  
Convergence check at iteration    3
  Relative cost decrease  =  5.1721E-03
  Relative model update   =  0.0000E+00
  Relative grad. norm     =  4.8757E-01
Time for LBFGS =  23.26818237304688 min
  
 Frequency:          10 Iteration:           4
t_global   =    446.454 s
  
 -------------- calculate Frechet derivatives -----------
 IFREQ =          10    ITERATION =           4
||Frechet||_F=  1.1317E-12max|Frechet|=  3.0609E-17
||Frechet||_F=  1.1317E-12max|Frechet|=  3.0609E-17
||Frechet||_F=  1.1317E-12max|Frechet|=  3.0609E-17
||Frechet||_F=  1.1317E-12max|Frechet|=  3.0609E-17
||Frechet||_F=  1.1317E-12max|Frechet|=  3.0609E-17
||Frechet||_F=  1.1317E-12max|Frechet|=  3.0609E-17
 
TIME for Frechet calc =  4.235938262939453 min
 
 
  compute the residual and the cost function
 WD_amp= 7.74749E+13  RESID_RMS= 1.34231E-03  FCOST_DATA= 9.00904E-07  FCOST0= 9.00904E-07
Grad block  10 GRAD_SCALED MORM =   3.6008E-05
Gradient finished
Start LBFGS 
curvature (warm): s·y=  6.2606E-10  ||s||^2=  1.5517E-06  ||y||^2=  2.4558E-12  sTy_min=  1.9521E-10
LBFGS history: used= 1  skipped= 2  worst_col= 4  bad_s·y=  6.0009E-10  bad_cos_sy=  3.5511E-01
LBFGS step: g·p = -6.4596E-08  ||p||=  1.8968E-02
LBFGS step: min(p)= -1.2594E-03  max(p)=  1.3277E-03
LBFGS p_k (unscaled) stats per active parameter:
  IA= 10  PAR={Q44}  min=-1.72709E+00  max= 1.82076E+00  L2= 2.60133E+01
min(p_k)= -1.2594E-03  max(p_k)=  1.3277E-03  ||p_k||=  1.8968E-02
min(p_kf)= -1.2594E-03  max(p_kf)=  1.3277E-03  ||p_kf||=  7.5873E-02
p_k/p_kf  =   2.5000E-01
Start linesearch
MT entry: phi(0)=  9.0090E-07  dg0= -6.4596E-08  alpha0=  1.0000E+00
 UPDATEPARAMETER: f-scale only
UPDATEPARAMETER PAR_STEP min/max, V_STEP min/max =  4.2957014413E+01  1.0514966483E+02
  4.2957014413E+01  1.0514966483E+02
 WD_amp= 7.74749E+13  RESID_RMS= 1.42833E-03  FCOST_DATA= 1.02006E-06  FCOST0= 1.02006E-06
  
 -------------- calculate Frechet derivatives -----------
 IFREQ =          10    ITERATION =           4
||Frechet||_F=  1.1321E-12max|Frechet|=  3.0605E-17
||Frechet||_F=  1.1321E-12max|Frechet|=  3.0605E-17
||Frechet||_F=  1.1321E-12max|Frechet|=  3.0605E-17
||Frechet||_F=  1.1321E-12max|Frechet|=  3.0605E-17
||Frechet||_F=  1.1321E-12max|Frechet|=  3.0605E-17
||Frechet||_F=  1.1321E-12max|Frechet|=  3.0605E-17
Grad block  10 GRAD_SCALED MORM =   4.4441E-05
MT try: alpha=  1.0000E+00  phi=  1.0201E-06  dg=  3.3044E-08  dg0= -6.4596E-08
MT try: armijo_rhs=  9.0090E-07  armijo=F  curvature=T  task=FG
 UPDATEPARAMETER: f-scale only
UPDATEPARAMETER PAR_STEP min/max, V_STEP min/max =  4.3522916558E+01  1.0511277296E+02
  4.3522916558E+01  1.0511277296E+02
 WD_amp= 7.74749E+13  RESID_RMS= 1.33940E-03  FCOST_DATA= 8.96997E-07  FCOST0= 8.96997E-07
  
 -------------- calculate Frechet derivatives -----------
 IFREQ =          10    ITERATION =           4
||Frechet||_F=  1.1317E-12max|Frechet|=  3.0609E-17
||Frechet||_F=  1.1317E-12max|Frechet|=  3.0609E-17
||Frechet||_F=  1.1317E-12max|Frechet|=  3.0609E-17
||Frechet||_F=  1.1317E-12max|Frechet|=  3.0609E-17
||Frechet||_F=  1.1317E-12max|Frechet|=  3.0609E-17
||Frechet||_F=  1.1317E-12max|Frechet|=  3.0609E-17
Grad block  10 GRAD_SCALED MORM =   3.5643E-05
MT try: alpha=  7.6412E-02  phi=  8.9700E-07  dg= -5.7128E-08  dg0= -6.4596E-08
MT try: armijo_rhs=  9.0090E-07  armijo=T  curvature=T  task=FG
  
  
  
  
  
Convergence reached, updating parameter grid
ALPHA from line search =  .7641207949187336E-01
 FCOST0 after linesearch  8.969969137550785E-007
Norm of s (s_norm) =  .1449399626651215E-02
  
Convergence check at iteration    4
  Relative cost decrease  =  4.3373E-03
  Relative model update   =  0.0000E+00
  Relative grad. norm     =  4.2278E-01
Time for LBFGS =  23.29146118164062 min
  
 Frequency:          10 Iteration:           5
t_global   =    447.317 s
  
 -------------- calculate Frechet derivatives -----------
 IFREQ =          10    ITERATION =           5
||Frechet||_F=  1.1317E-12max|Frechet|=  3.0609E-17
||Frechet||_F=  1.1317E-12max|Frechet|=  3.0609E-17
||Frechet||_F=  1.1317E-12max|Frechet|=  3.0609E-17
||Frechet||_F=  1.1317E-12max|Frechet|=  3.0609E-17
||Frechet||_F=  1.1317E-12max|Frechet|=  3.0609E-17
||Frechet||_F=  1.1317E-12max|Frechet|=  3.0609E-17
 
TIME for Frechet calc =  4.203899892171224 min
 
 
  compute the residual and the cost function
 WD_amp= 7.74749E+13  RESID_RMS= 1.33940E-03  FCOST_DATA= 8.96997E-07  FCOST0= 8.96997E-07
Grad block  10 GRAD_SCALED MORM =   3.5643E-05
Gradient finished
Start LBFGS 
curvature (warm): s·y=  5.7063E-10  ||s||^2=  2.1008E-06  ||y||^2=  1.7595E-12  sTy_min=  1.9225E-10
LBFGS history: used= 1  skipped= 3  worst_col= 2  bad_s·y=  5.7063E-10  bad_cos_sy=  2.9681E-01
LBFGS step: g·p = -5.1700E-08  ||p||=  1.7200E-02
LBFGS step: min(p)= -1.0234E-03  max(p)=  1.1748E-03
LBFGS p_k (unscaled) stats per active parameter:
  IA= 10  PAR={Q44}  min=-1.40349E+00  max= 1.61109E+00  L2= 2.35883E+01
min(p_k)= -1.0234E-03  max(p_k)=  1.1748E-03  ||p_k||=  1.7200E-02
min(p_kf)= -1.0234E-03  max(p_kf)=  1.1748E-03  ||p_kf||=  6.8800E-02
p_k/p_kf  =   2.5000E-01
Start linesearch
MT entry: phi(0)=  8.9700E-07  dg0= -5.1700E-08  alpha0=  1.0000E+00
 UPDATEPARAMETER: f-scale only
UPDATEPARAMETER PAR_STEP min/max, V_STEP min/max =  4.3144660966E+01  1.0515211777E+02
  4.3144660966E+01  1.0515211777E+02
 WD_amp= 7.74749E+13  RESID_RMS= 1.39220E-03  FCOST_DATA= 9.69106E-07  FCOST0= 9.69106E-07
  
 -------------- calculate Frechet derivatives -----------
 IFREQ =          10    ITERATION =           5
||Frechet||_F=  1.1320E-12max|Frechet|=  3.0605E-17
||Frechet||_F=  1.1320E-12max|Frechet|=  3.0605E-17
||Frechet||_F=  1.1320E-12max|Frechet|=  3.0605E-17
||Frechet||_F=  1.1320E-12max|Frechet|=  3.0605E-17
||Frechet||_F=  1.1320E-12max|Frechet|=  3.0605E-17
||Frechet||_F=  1.1320E-12max|Frechet|=  3.0605E-17
Grad block  10 GRAD_SCALED MORM =   4.0775E-05
MT try: alpha=  1.0000E+00  phi=  9.6911E-07  dg=  2.8359E-09  dg0= -5.1700E-08
MT try: armijo_rhs=  8.9699E-07  armijo=F  curvature=T  task=FG
 UPDATEPARAMETER: f-scale only
UPDATEPARAMETER PAR_STEP min/max, V_STEP min/max =  4.3543741817E+01  1.0511626588E+02
  4.3543741817E+01  1.0511626588E+02
 WD_amp= 7.74749E+13  RESID_RMS= 1.33725E-03  FCOST_DATA= 8.94125E-07  FCOST0= 8.94125E-07
  
 -------------- calculate Frechet derivatives -----------
 IFREQ =          10    ITERATION =           5
||Frechet||_F=  1.1318E-12max|Frechet|=  3.0608E-17
||Frechet||_F=  1.1318E-12max|Frechet|=  3.0608E-17
||Frechet||_F=  1.1318E-12max|Frechet|=  3.0608E-17
||Frechet||_F=  1.1318E-12max|Frechet|=  3.0608E-17
||Frechet||_F=  1.1318E-12max|Frechet|=  3.0608E-17
||Frechet||_F=  1.1318E-12max|Frechet|=  3.0608E-17
Grad block  10 GRAD_SCALED MORM =   3.5494E-05
MT try: alpha=  8.8777E-02  phi=  8.9413E-07  dg= -4.6847E-08  dg0= -5.1700E-08
MT try: armijo_rhs=  8.9700E-07  armijo=T  curvature=F  task=FG
 UPDATEPARAMETER: f-scale only
UPDATEPARAMETER PAR_STEP min/max, V_STEP min/max =  4.3431023551E+01  1.0513419182E+02
  4.3431023551E+01  1.0513419182E+02
 WD_amp= 7.74749E+13  RESID_RMS= 1.34737E-03  FCOST_DATA= 9.07702E-07  FCOST0= 9.07702E-07
  
 -------------- calculate Frechet derivatives -----------
 IFREQ =          10    ITERATION =           5
||Frechet||_F=  1.1319E-12max|Frechet|=  3.0607E-17
||Frechet||_F=  1.1319E-12max|Frechet|=  3.0607E-17
||Frechet||_F=  1.1319E-12max|Frechet|=  3.0607E-17
||Frechet||_F=  1.1319E-12max|Frechet|=  3.0607E-17
||Frechet||_F=  1.1319E-12max|Frechet|=  3.0607E-17
||Frechet||_F=  1.1319E-12max|Frechet|=  3.0607E-17
Grad block  10 GRAD_SCALED MORM =   3.6648E-05
MT try: alpha=  5.4439E-01  phi=  9.0770E-07  dg= -2.1985E-08  dg0= -5.1700E-08
MT try: armijo_rhs=  8.9699E-07  armijo=F  curvature=T  task=FG
 UPDATEPARAMETER: f-scale only
UPDATEPARAMETER PAR_STEP min/max, V_STEP min/max =  4.3557649315E+01  1.0511859852E+02
  4.3557649315E+01  1.0511859852E+02
 WD_amp= 7.74749E+13  RESID_RMS= 1.33657E-03  FCOST_DATA= 8.93206E-07  FCOST0= 8.93206E-07
  
 -------------- calculate Frechet derivatives -----------
 IFREQ =          10    ITERATION =           5
||Frechet||_F=  1.1318E-12max|Frechet|=  3.0608E-17
||Frechet||_F=  1.1318E-12max|Frechet|=  3.0608E-17
||Frechet||_F=  1.1318E-12max|Frechet|=  3.0608E-17
||Frechet||_F=  1.1318E-12max|Frechet|=  3.0608E-17
||Frechet||_F=  1.1318E-12max|Frechet|=  3.0608E-17
||Frechet||_F=  1.1318E-12max|Frechet|=  3.0608E-17
Grad block  10 GRAD_SCALED MORM =   3.5462E-05
MT try: alpha=  1.4806E-01  phi=  8.9321E-07  dg= -4.3608E-08  dg0= -5.1700E-08
MT try: armijo_rhs=  8.9700E-07  armijo=T  curvature=T  task=FG
  
  
  
  
  
Convergence reached, updating parameter grid
ALPHA from line search =  .1480641485399827
 FCOST0 after linesearch  8.932064801860014E-007
Norm of s (s_norm) =  .2546692677860254E-02
  
Convergence check at iteration    5
  Relative cost decrease  =  4.2257E-03
  Relative model update   =  0.0000E+00
  Relative grad. norm     =  3.4668E-01
Time for LBFGS =  46.36700846354167 min
  
 Frequency:          10 Iteration:           6
t_global   =    446.131 s
  
 -------------- calculate Frechet derivatives -----------
 IFREQ =          10    ITERATION =           6
||Frechet||_F=  1.1318E-12max|Frechet|=  3.0608E-17
||Frechet||_F=  1.1318E-12max|Frechet|=  3.0608E-17
||Frechet||_F=  1.1318E-12max|Frechet|=  3.0608E-17
||Frechet||_F=  1.1318E-12max|Frechet|=  3.0608E-17
||Frechet||_F=  1.1318E-12max|Frechet|=  3.0608E-17
||Frechet||_F=  1.1318E-12max|Frechet|=  3.0608E-17
 
TIME for Frechet calc =  4.232394917805990 min
 
 
  compute the residual and the cost function
 WD_amp= 7.74749E+13  RESID_RMS= 1.33657E-03  FCOST_DATA= 8.93206E-07  FCOST0= 8.93206E-07
Grad block  10 GRAD_SCALED MORM =   3.5462E-05
Gradient finished
Start LBFGS 
curvature (warm): s·y=  1.1982E-09  ||s||^2=  6.4856E-06  ||y||^2=  2.8802E-12  sTy_min=  4.3221E-10
LBFGS history: used= 1  skipped= 4  worst_col= 2  bad_s·y=  5.7063E-10  bad_cos_sy=  2.9681E-01
LBFGS step: g·p = -3.8737E-08  ||p||=  1.5005E-02
LBFGS step: min(p)= -7.5174E-04  max(p)=  1.0856E-03
LBFGS p_k (unscaled) stats per active parameter:
  IA= 10  PAR={Q44}  min=-1.03095E+00  max= 1.48887E+00  L2= 2.05787E+01
min(p_k)= -7.5174E-04  max(p_k)=  1.0856E-03  ||p_k||=  1.5005E-02
min(p_kf)= -7.5174E-04  max(p_kf)=  1.0856E-03  ||p_kf||=  6.0022E-02
p_k/p_kf  =   2.5000E-01
Start linesearch
MT entry: phi(0)=  8.9321E-07  dg0= -3.8737E-08  alpha0=  1.0000E+00
 UPDATEPARAMETER: f-scale only
UPDATEPARAMETER PAR_STEP min/max, V_STEP min/max =  4.3363133582E+01  1.0515739604E+02
  4.3363133582E+01  1.0515739604E+02
 WD_amp= 7.74749E+13  RESID_RMS= 1.36597E-03  FCOST_DATA= 9.32935E-07  FCOST0= 9.32935E-07
  
 -------------- calculate Frechet derivatives -----------
 IFREQ =          10    ITERATION =           6
||Frechet||_F=  1.1320E-12max|Frechet|=  3.0605E-17
||Frechet||_F=  1.1320E-12max|Frechet|=  3.0605E-17
||Frechet||_F=  1.1320E-12max|Frechet|=  3.0605E-17
||Frechet||_F=  1.1320E-12max|Frechet|=  3.0605E-17
||Frechet||_F=  1.1320E-12max|Frechet|=  3.0605E-17
||Frechet||_F=  1.1320E-12max|Frechet|=  3.0605E-17
Grad block  10 GRAD_SCALED MORM =   3.8562E-05
MT try: alpha=  1.0000E+00  phi=  9.3294E-07  dg= -1.5002E-08  dg0= -3.8737E-08
MT try: armijo_rhs=  8.9320E-07  armijo=F  curvature=T  task=FG
 UPDATEPARAMETER: f-scale only
UPDATEPARAMETER PAR_STEP min/max, V_STEP min/max =  4.3580177830E+01  1.0512251527E+02
  4.3580177830E+01  1.0512251527E+02
 WD_amp= 7.74749E+13  RESID_RMS= 1.33541E-03  FCOST_DATA= 8.91658E-07  FCOST0= 8.91658E-07
  
 -------------- calculate Frechet derivatives -----------
 IFREQ =          10    ITERATION =           6
||Frechet||_F=  1.1318E-12max|Frechet|=  3.0608E-17
||Frechet||_F=  1.1318E-12max|Frechet|=  3.0608E-17
||Frechet||_F=  1.1318E-12max|Frechet|=  3.0608E-17
||Frechet||_F=  1.1318E-12max|Frechet|=  3.0608E-17
||Frechet||_F=  1.1318E-12max|Frechet|=  3.0608E-17
||Frechet||_F=  1.1318E-12max|Frechet|=  3.0608E-17
Grad block  10 GRAD_SCALED MORM =   3.5505E-05
MT try: alpha=  1.0117E-01  phi=  8.9166E-07  dg= -3.6333E-08  dg0= -3.8737E-08
MT try: armijo_rhs=  8.9321E-07  armijo=T  curvature=F  task=FG
 UPDATEPARAMETER: f-scale only
UPDATEPARAMETER PAR_STEP min/max, V_STEP min/max =  4.3505391700E+01  1.0513991468E+02
  4.3505391700E+01  1.0513991468E+02
 WD_amp= 7.74749E+13  RESID_RMS= 1.34155E-03  FCOST_DATA= 8.99881E-07  FCOST0= 8.99881E-07
  
 -------------- calculate Frechet derivatives -----------
 IFREQ =          10    ITERATION =           6
||Frechet||_F=  1.1319E-12max|Frechet|=  3.0606E-17
||Frechet||_F=  1.1319E-12max|Frechet|=  3.0606E-17
||Frechet||_F=  1.1319E-12max|Frechet|=  3.0606E-17
||Frechet||_F=  1.1319E-12max|Frechet|=  3.0606E-17
||Frechet||_F=  1.1319E-12max|Frechet|=  3.0606E-17
||Frechet||_F=  1.1319E-12max|Frechet|=  3.0606E-17
Grad block  10 GRAD_SCALED MORM =   3.6447E-05
MT try: alpha=  5.5058E-01  phi=  8.9988E-07  dg= -2.5666E-08  dg0= -3.8737E-08
MT try: armijo_rhs=  8.9320E-07  armijo=F  curvature=T  task=FG
 UPDATEPARAMETER: f-scale only
UPDATEPARAMETER PAR_STEP min/max, V_STEP min/max =  4.3593844883E+01  1.0512489139E+02
  4.3593844883E+01  1.0512489139E+02
 WD_amp= 7.74749E+13  RESID_RMS= 1.33516E-03  FCOST_DATA= 8.91326E-07  FCOST0= 8.91326E-07
  
 -------------- calculate Frechet derivatives -----------
 IFREQ =          10    ITERATION =           6
||Frechet||_F=  1.1318E-12max|Frechet|=  3.0608E-17
||Frechet||_F=  1.1318E-12max|Frechet|=  3.0608E-17
||Frechet||_F=  1.1318E-12max|Frechet|=  3.0608E-17
||Frechet||_F=  1.1318E-12max|Frechet|=  3.0608E-17
||Frechet||_F=  1.1318E-12max|Frechet|=  3.0608E-17
||Frechet||_F=  1.1318E-12max|Frechet|=  3.0608E-17
Grad block  10 GRAD_SCALED MORM =   3.5562E-05
MT try: alpha=  1.6254E-01  phi=  8.9133E-07  dg= -3.4876E-08  dg0= -3.8737E-08
MT try: armijo_rhs=  8.9321E-07  armijo=T  curvature=F  task=FG
 UPDATEPARAMETER: f-scale only
UPDATEPARAMETER PAR_STEP min/max, V_STEP min/max =  4.3547154201E+01  1.0513480676E+02
  4.3547154201E+01  1.0513480676E+02
 WD_amp= 7.74749E+13  RESID_RMS= 1.33784E-03  FCOST_DATA= 8.94904E-07  FCOST0= 8.94904E-07
  
 -------------- calculate Frechet derivatives -----------
 IFREQ =          10    ITERATION =           6
||Frechet||_F=  1.1318E-12max|Frechet|=  3.0607E-17
||Frechet||_F=  1.1318E-12max|Frechet|=  3.0607E-17
||Frechet||_F=  1.1318E-12max|Frechet|=  3.0607E-17
||Frechet||_F=  1.1318E-12max|Frechet|=  3.0607E-17
||Frechet||_F=  1.1318E-12max|Frechet|=  3.0607E-17
||Frechet||_F=  1.1318E-12max|Frechet|=  3.0607E-17
Grad block  10 GRAD_SCALED MORM =   3.6045E-05
MT try: alpha=  4.1865E-01  phi=  8.9490E-07  dg= -2.8797E-08  dg0= -3.8737E-08
MT try: armijo_rhs=  8.9320E-07  armijo=F  curvature=T  task=FG
 UPDATEPARAMETER: f-scale only
UPDATEPARAMETER PAR_STEP min/max, V_STEP min/max =  4.3602092617E+01  1.0512632532E+02
  4.3602092617E+01  1.0512632532E+02
 WD_amp= 7.74749E+13  RESID_RMS= 1.33518E-03  FCOST_DATA= 8.91349E-07  FCOST0= 8.91349E-07
  
 -------------- calculate Frechet derivatives -----------
 IFREQ =          10    ITERATION =           6
||Frechet||_F=  1.1318E-12max|Frechet|=  3.0607E-17
||Frechet||_F=  1.1318E-12max|Frechet|=  3.0607E-17
||Frechet||_F=  1.1318E-12max|Frechet|=  3.0607E-17
||Frechet||_F=  1.1318E-12max|Frechet|=  3.0607E-17
||Frechet||_F=  1.1318E-12max|Frechet|=  3.0607E-17
||Frechet||_F=  1.1318E-12max|Frechet|=  3.0607E-17
Grad block  10 GRAD_SCALED MORM =   3.5607E-05
MT try: alpha=  1.9958E-01  phi=  8.9135E-07  dg= -3.3996E-08  dg0= -3.8737E-08
MT try: armijo_rhs=  8.9321E-07  armijo=T  curvature=T  task=FG
  
  
  
  
  
Convergence reached, updating parameter grid
ALPHA from line search =  .1995786871867571
 FCOST0 after linesearch  8.913487435690217E-007
Norm of s (s_norm) =  .2994772055342234E-02
  
Convergence check at iteration    6
  Relative cost decrease  =  2.0799E-03
  Relative model update   =  0.0000E+00
  Relative grad. norm     =  2.9717E-01
Time for LBFGS =  69.32010904947917 min
  
 Frequency:          10 Iteration:           7
t_global   =    446.200 s
  
 -------------- calculate Frechet derivatives -----------
 IFREQ =          10    ITERATION =           7
||Frechet||_F=  1.1318E-12max|Frechet|=  3.0607E-17
||Frechet||_F=  1.1318E-12max|Frechet|=  3.0607E-17
||Frechet||_F=  1.1318E-12max|Frechet|=  3.0607E-17
||Frechet||_F=  1.1318E-12max|Frechet|=  3.0607E-17
||Frechet||_F=  1.1318E-12max|Frechet|=  3.0607E-17
||Frechet||_F=  1.1318E-12max|Frechet|=  3.0607E-17
 
TIME for Frechet calc =  4.173373413085938 min
 
 
  compute the residual and the cost function
 WD_amp= 7.74749E+13  RESID_RMS= 1.33518E-03  FCOST_DATA= 8.91349E-07  FCOST0= 8.91349E-07
Grad block  10 GRAD_SCALED MORM =   3.5607E-05
Gradient finished
Start LBFGS 
curvature (full): s·y=  9.4608E-10  ||s||^2=  8.9687E-06  ||y||^2=  1.5236E-12  sTy_min=  3.6966E-10
LBFGS history: used= 0  skipped= 5  worst_col= 3  bad_s·y=  5.7063E-10  bad_cos_sy=  2.9681E-01
 
LBFGS step(full): g·p = -3.1567E-08  ||p||=  1.1896E-02
LBFGS step(full): min(p)= -6.6826E-04  max(p)=  8.5202E-04
LBFGS p_k (unscaled) stats per active parameter:
  IA= 10  PAR={Q44}  min=-9.16467E-01  max= 1.16847E+00  L2= 1.63148E+01
min(p_k)= -6.6826E-04  max(p_k)=  8.5202E-04  ||p_k||=  1.1896E-02
min(p_kf)= -6.6826E-04  max(p_kf)=  8.5202E-04  ||p_kf||=  4.7585E-02
p_k/p_kf  =   2.5000E-01
Start linesearch
MT entry: phi(0)=  8.9135E-07  dg0= -3.1567E-08  alpha0=  1.0000E+00
 UPDATEPARAMETER: f-scale only
UPDATEPARAMETER PAR_STEP min/max, V_STEP min/max =  4.3449458130E+01  1.0516462480E+02
  4.3449458130E+01  1.0516462480E+02
 WD_amp= 7.74749E+13  RESID_RMS= 1.36549E-03  FCOST_DATA= 9.32278E-07  FCOST0= 9.32278E-07
  
 -------------- calculate Frechet derivatives -----------
 IFREQ =          10    ITERATION =           7
||Frechet||_F=  1.1329E-12max|Frechet|=  3.0604E-17
||Frechet||_F=  1.1329E-12max|Frechet|=  3.0604E-17
||Frechet||_F=  1.1329E-12max|Frechet|=  3.0604E-17
||Frechet||_F=  1.1329E-12max|Frechet|=  3.0604E-17
||Frechet||_F=  1.1329E-12max|Frechet|=  3.0604E-17
||Frechet||_F=  1.1329E-12max|Frechet|=  3.0604E-17
Grad block  10 GRAD_SCALED MORM =   5.0325E-05
MT try: alpha=  1.0000E+00  phi=  9.3228E-07  dg=  4.2946E-08  dg0= -3.1567E-08
MT try: armijo_rhs=  8.9135E-07  armijo=F  curvature=F  task=FG
 UPDATEPARAMETER: f-scale only
UPDATEPARAMETER PAR_STEP min/max, V_STEP min/max =  4.3583582989E+01  1.0513042040E+02
  4.3583582989E+01  1.0513042040E+02
 WD_amp= 7.74749E+13  RESID_RMS= 1.33244E-03  FCOST_DATA= 8.87701E-07  FCOST0= 8.87701E-07
  
 -------------- calculate Frechet derivatives -----------
 IFREQ =          10    ITERATION =           7
||Frechet||_F=  1.1319E-12max|Frechet|=  3.0607E-17
||Frechet||_F=  1.1319E-12max|Frechet|=  3.0607E-17
||Frechet||_F=  1.1319E-12max|Frechet|=  3.0607E-17
||Frechet||_F=  1.1319E-12max|Frechet|=  3.0607E-17
||Frechet||_F=  1.1319E-12max|Frechet|=  3.0607E-17
||Frechet||_F=  1.1319E-12max|Frechet|=  3.0607E-17
Grad block  10 GRAD_SCALED MORM =   3.5960E-05
MT try: alpha=  1.2127E-01  phi=  8.8770E-07  dg= -2.2645E-08  dg0= -3.1567E-08
MT try: armijo_rhs=  8.9135E-07  armijo=T  curvature=T  task=FG
  
  
  
  
  
Convergence reached, updating parameter grid
ALPHA from line search =  .1212676612579942
 FCOST0 after linesearch  8.877007445102242E-007
Norm of s (s_norm) =  .1442637868664893E-02
  
Convergence check at iteration    7
  Relative cost decrease  =  4.0927E-03
  Relative model update   =  0.0000E+00
  Relative grad. norm     =  2.8235E-01
Time for LBFGS =  23.20383300781250 min
  
 Frequency:          10 Iteration:           8
