==== Job started at: Mon May 25 09:02:47 +04 2026 ====
[Task 7] Waiting for Seis2D_GQG_FWI_4365098 to be built...
[Task 7] Found Seis2D_GQG_FWI_4365098, proceeding.
===== Starting MPI Execution =====
Start time: Mon May 25 09:02:48 +04 2026
Job ID: 4365098, Array task: 7
Nodes: cn-14-[1-2],cn-109-[9-11],cn-111-4
CPUs per task: 52
Memory per node: Not specified
----------------------------------
 n_process           6
 Build mode   : RELEASE
                                                       
       ************************************************
       *                                              *
       * 2D/2.5D frequency-domain seismic wave model- *
       * ing  in  arbitrary  anisotropic viscoelastic *
       * media with GQG approach and multiparameter FWI *
       ************************************************
 MainInput file
 /home/USER/Models/Marmousi_VTI_2/Main_synth_Marmousi_TI_4000_20m_
 sig4_v800_7.inp
 InitInput file
 /home/USER/Models/Marmousi_VTI_2/Init_VTI_Marmousi_TI_4400_20m_si
 g4_v800_1d.inp
 ---- (1) working-job definition ----------------
lambda_min:         102.2222
Element spacing:  DX=   51.00  DZ=   51.00
NORD (points/elem)= 5
Required Nodal spacing:    =    0.00  Actual Nodal spacing=   12.75
PPW_x=   8.017  PPW_z=   8.017
Required PPW =  5.0 (on lambda_min)
 Sampling OK (PPW >= required).
 InitInputQ file
 /home/USER/Models/Marmousi_VTI_2/InitQ_VTI_Marmousi_TI_4400_20m_s
 ig4_v800_1d.inp
 ------------------------ TOPOGRAPHY DATA  --------------------------           
  
 
XMIN =      0.00 XMAX =   4400.00 ZMIN =      0.00 ZMAX =      0.00
   
       (4) anisotropic model
 MODEL PARAMETERS LOADED
       (5) data acquisition mode
 beta for hess  7.000000000000000E-003
 beta for hess  7.000000000000000E-003
 beta for hess  7.000000000000000E-003
 beta for hess  7.000000000000000E-003
 beta for hess  7.000000000000000E-003
 beta for hess  7.000000000000000E-003
 INITIAL INPUT LOADING COMPLETE
 param_scale_raw(IA=  1) =  2.62700E+03
 param_scale_raw(IA=  2) =  6.89400E+10
 param_scale_raw(IA=  3) =  2.34760E+10
 param_scale_raw(IA=  4) =  5.80300E+10
 param_scale_raw(IA=  5) =  1.93200E+10
 param_scale_raw(IA=  6) =  2.29520E+10
 param_scale_raw(IA=  7) =  1.68278E+02
 param_scale_raw(IA=  8) =  2.44557E+02
 param_scale_raw(IA=  9) =  2.35000E+02
 param_scale_raw(IA= 10) =  1.35595E+02
 param_scale_raw(IA= 11) =  1.23944E+02
 --- Building single global mesh for all bands (NORD=           5 , DX=
   51.0000000000000      , DZ=   51.0000000000000      )  FREQ_MESH=
   9.00000000000000     
 Max source burial for GQG mask (m) =   0.000000000000000E+000
 IZ for GQG mesh =            0
Original XMIN =      0.000
 Original XMAX =   4400.000
Original ZMIN =  -2500.000
 Original ZMAX =      0.000
  
 
actual absorb. zone=      1540.98m  cells=   30
Adjusted XMIN =  -1530.000  XMAX =   5930.000
Adjusted ZMIN =  -4030.000
Computed NX, NZ  (COARSE grid) =      147       80 NBLOCK (elements) =    11534
Computed NNX, NNZ (GQG) =      585      317 NPT (grid pts) =   185445
 
calling ShiftCoordinates for FREQ   9.00
       Shifted X_range:        -3730.0000          3730.0000
       Shifted Z_range:            0.0000          4030.0000
 
calling GQG_2D for FREQ   9.00
Data weighting computed for frequency 4607182418800017373
Data weighting computed for frequency 4607182418800017373
Data weighting computed for frequency 4607182418800017373
Data weighting computed for frequency 4607182418800017373
Data weighting computed for frequency 4607182418800017373
 GQG grid created
 --- SHIFT/MAP CHECK (53) ---
XM first,last =     -2200.0000     2200.0000
ZM first 10:
   1.530000E+03   1.550000E+03   1.570000E+03   1.590000E+03   1.610000E+03   1.630000E+03   1.650000E+03   1.670000E+03   1.690000E+03   1.710000E+03
XSR,ZSR first 10:
   1     -1960.0000      4030.0000
   2     -1760.0000      4030.0000
   3     -1560.0000      4030.0000
   4     -1360.0000      4030.0000
   5     -1160.0000      4030.0000
   6      -960.0000      4030.0000
   7      -760.0000      4030.0000
   8      -560.0000      4030.0000
   9      -360.0000      4030.0000
  10      -160.0000      4030.0000
MSR(1) =      8
MSR1(1,:) first 10:
    44062    44063    44379    44380    44696    44697    45013    45014
FSR(1,:) first 10:
   1.161652E-01   1.516380E-01   1.478479E-01   2.570689E-01   9.152785E-02   1.061466E-01   6.272416E-02   6.688134E-02
SIG(1) 920.0000000000000 FREQ2 9.000000000000000
       Min.wavel.:      102.22  Min.subd.=
IE0, IZ 30 0
 --------- Frequency   3.05000000000000       (band            1 )
[ComputeAcqWeight] empty acq_weight_file, using uniform weights = 1.0
Data weighting computed for frequency 4607182418800017373
XSRmin, XSRmax, ZSRmin, ZSRMax -1960.000000000000 .000000000000000 2050.000000000000 4030.000000000000
1 FKYC
1.2 FKYC
my_rank, FKYC,WLMAX, RMAX 0 .2499615024377965E-01 1679.599604866482 2786.036611389018
1.1 NK
NK in cky2= 55

  Number of wavenumber samples (NK) for FREQ =   55
  RMAX = 2786.04
--- Pre-solver preview (memory + RHS workload) ---
   GQG dims: NNX=       585  NNZ=       317  NPT=    185445
   DOF:     N=3*NPT =    556335
   Sources: NSR=       100  NSS=        20  NK=        55
   RHS total (per IK): nrhs_tot=3*NSS =        60
   Batch:    MAX_RHS_BATCH=        32  nbatches=         2
   GFMY  (GFX+GFY+GFZ):         13.679 GB
   RHS_MY(rhs+sol buffers):      0.531 GB
 
 running run_ik_loop_pardiso
before CA | VmRSS=  13.847 GB  VmHWM=  13.847 GB
after CA | VmRSS=  15.758 GB  VmHWM=  19.768 GB
after factor | VmRSS=  19.675 GB  VmHWM=  19.768 GB
f=     3.050 Hz | ky=  0.454475E-03 | IK=       1/      55 | t=   17.364700 s | CA=  2.4952 | fact= 12.9333 | GF=  1.9359 | solve=  1.7794 | scatter=  0.0531
f=     3.050 Hz | ky=  0.908951E-03 | IK=       2/      55 | t=    6.996000 s | CA=  2.5899 | fact=  2.5808 | GF=  1.8253 | solve=  1.6996 | scatter=  0.0525
f=     3.050 Hz | ky=  0.136343E-02 | IK=       3/      55 | t=    7.044700 s | CA=  2.6854 | fact=  2.5332 | GF=  1.8261 | solve=  1.6999 | scatter=  0.0530
f=     3.050 Hz | ky=  0.181790E-02 | IK=       4/      55 | t=    7.025100 s | CA=  2.6526 | fact=  2.5540 | GF=  1.8185 | solve=  1.6920 | scatter=  0.0534
f=     3.050 Hz | ky=  0.227238E-02 | IK=       5/      55 | t=    7.098000 s | CA=  2.6928 | fact=  2.5790 | GF=  1.8261 | solve=  1.6978 | scatter=  0.0544
f=     3.050 Hz | ky=  0.272685E-02 | IK=       6/      55 | t=    7.005700 s | CA=  2.6046 | fact=  2.5774 | GF=  1.8237 | solve=  1.6972 | scatter=  0.0532
f=     3.050 Hz | ky=  0.318133E-02 | IK=       7/      55 | t=    7.046300 s | CA=  2.6661 | fact=  2.5524 | GF=  1.8278 | solve=  1.6993 | scatter=  0.0553
f=     3.050 Hz | ky=  0.363580E-02 | IK=       8/      55 | t=    6.993400 s | CA=  2.5937 | fact=  2.5732 | GF=  1.8265 | solve=  1.6982 | scatter=  0.0550
f=     3.050 Hz | ky=  0.409028E-02 | IK=       9/      55 | t=    6.973200 s | CA=  2.6193 | fact=  2.5280 | GF=  1.8257 | solve=  1.6996 | scatter=  0.0529
f=     3.050 Hz | ky=  0.454475E-02 | IK=      10/      55 | t=    6.991000 s | CA=  2.6581 | fact=  2.5694 | GF=  1.7634 | solve=  1.6380 | scatter=  0.0522
PARDISO mem (f=  3.05 Hz): sym=  1.95 GB  perm=  1.42 GB  num=  3.22 GB  
peak=  4.64 GB
t_global   =    113.073 s
TIME for 1st forward modeling =  1.859719975789388  min
TIME for GT0 =  .5336666603883108E-02  min
Data scaler W for L2 norm: 56656229808913.63
Data scaler W for WQS norm: .1007948000807317E-312
Total number of active inversion parameters for current sequential stage (IM):          1
Total model blocks points (NM = IM * NBLOCK):      11534 on grid (NMM = IM * NPT):    185445
 Gradient balance ():   1.00000000000000        1.00000000000000     
   1.00000000000000        1.00000000000000        1.00000000000000     
   1.00000000000000        1.00000000000000        1.00000000000000     
   1.00000000000000        1.00000000000000        1.00000000000000     
 IE0, IZ          30           0
 IE0, IZ, GZ1, GZ2 =           30           0   100.000000000000     
   300.000000000000     
  
 Frequency:           1 Iteration:           1
--- Pre-solver preview (memory + RHS workload) ---
   GQG dims: NNX=       585  NNZ=       317  NPT=    185445
   DOF:     N=3*NPT =    556335
   Sources: NSR=       100  NSS=       100  NK=        55
   RHS total (per IK): nrhs_tot=3*NSS =       300
   Batch:    MAX_RHS_BATCH=        32  nbatches=        10
   GFMY  (GFX+GFY+GFZ):         68.393 GB
   RHS_MY(rhs+sol buffers):      0.531 GB
 
 running run_ik_loop_pardiso
before CA | VmRSS=  69.649 GB  VmHWM=  69.649 GB
after CA | VmRSS=  72.229 GB  VmHWM=  76.214 GB
after factor | VmRSS=  76.091 GB  VmHWM=  76.214 GB
f=     3.050 Hz | ky=  0.454475E-03 | IK=       1/      55 | t=   24.508500 s | CA=  2.5203 | fact= 12.8741 | GF=  9.1139 | solve=  8.3089 | scatter=  0.3963
f=     3.050 Hz | ky=  0.908951E-03 | IK=       2/      55 | t=   14.045400 s | CA=  2.6326 | fact=  2.5508 | GF=  8.8620 | solve=  8.2223 | scatter=  0.2589
f=     3.050 Hz | ky=  0.136343E-02 | IK=       3/      55 | t=   14.010200 s | CA=  2.5686 | fact=  2.5708 | GF=  8.8708 | solve=  8.2326 | scatter=  0.2582
f=     3.050 Hz | ky=  0.181790E-02 | IK=       4/      55 | t=   13.998900 s | CA=  2.5762 | fact=  2.5687 | GF=  8.8539 | solve=  8.2178 | scatter=  0.2557
f=     3.050 Hz | ky=  0.227238E-02 | IK=       5/      55 | t=   13.992300 s | CA=  2.5696 | fact=  2.5554 | GF=  8.8673 | solve=  8.2256 | scatter=  0.2605
f=     3.050 Hz | ky=  0.272685E-02 | IK=       6/      55 | t=   14.076700 s | CA=  2.6017 | fact=  2.5769 | GF=  8.8981 | solve=  8.2598 | scatter=  0.2579
f=     3.050 Hz | ky=  0.318133E-02 | IK=       7/      55 | t=   14.071500 s | CA=  2.6240 | fact=  2.5691 | GF=  8.8784 | solve=  8.2387 | scatter=  0.2577
f=     3.050 Hz | ky=  0.363580E-02 | IK=       8/      55 | t=   13.981900 s | CA=  2.5541 | fact=  2.5544 | GF=  8.8733 | solve=  8.2356 | scatter=  0.2560
f=     3.050 Hz | ky=  0.409028E-02 | IK=       9/      55 | t=   13.762700 s | CA=  2.5684 | fact=  2.5559 | GF=  8.6384 | solve=  7.9972 | scatter=  0.2598
f=     3.050 Hz | ky=  0.454475E-02 | IK=      10/      55 | t=   13.624200 s | CA=  2.5919 | fact=  2.6036 | GF=  8.4286 | solve=  7.7897 | scatter=  0.2572
PARDISO mem (f=  3.05 Hz): sym=  1.95 GB  perm=  1.42 GB  num=  3.22 GB  
peak=  4.64 GB
t_global   =    303.990 s
TIME for 2d forward modeling_i calc =  5.066231791178385 min
Rank    5 -> ID range:   4001 to   4800 | Tasks:    800
Rank    4 -> ID range:   3201 to   4000 | Tasks:    800
Rank    3 -> ID range:   2401 to   3200 | Tasks:    800
Rank    1 -> ID range:    801 to   1600 | Tasks:    800
Rank    2 -> ID range:   1601 to   2400 | Tasks:    800
  
 -------------- calculate Frechet derivatives -----------
 IFREQ =           1    ITERATION =           1
Frechet memory size Frec_my:      0.825 (Gb)
Rank    0 -> ID range:      1 to    800 | Tasks:    800
FREQ:      3.0 Hz, ITER=       1  Frechet Derivative ID=     100/    4800 Finished   0.212400 s
FREQ:      3.0 Hz, ITER=       1  Frechet Derivative ID=     200/    4800 Finished   0.218000 s
FREQ:      3.0 Hz, ITER=       1  Frechet Derivative ID=     300/    4800 Finished   0.210400 s
FREQ:      3.0 Hz, ITER=       1  Frechet Derivative ID=     400/    4800 Finished   0.232700 s
FREQ:      3.0 Hz, ITER=       1  Frechet Derivative ID=     500/    4800 Finished   0.209900 s
FREQ:      3.0 Hz, ITER=       1  Frechet Derivative ID=     600/    4800 Finished   0.213600 s
FREQ:      3.0 Hz, ITER=       1  Frechet Derivative ID=     700/    4800 Finished   0.222400 s
FREQ:      3.0 Hz, ITER=       1  Frechet Derivative ID=     800/    4800 Finished   0.213500 s
||Frechet||_F=  3.0053E-13max|Frechet|=  2.8553E-18
||Frechet||_F=  3.0053E-13max|Frechet|=  2.8553E-18
||Frechet||_F=  3.0053E-13max|Frechet|=  2.8553E-18
||Frechet||_F=  3.0053E-13max|Frechet|=  2.8553E-18
||Frechet||_F=  3.0053E-13max|Frechet|=  2.8553E-18
 
TIME for Frechet calc =  2.987379964192708 min
 
||Frechet||_F=  3.0053E-13max|Frechet|=  2.8553E-18
IA=  7  max|F|= 1.61769E-04  rms|F|= 1.61764E-06  F_SCALE(Inf)= 6.18164E+03  F_SCALE_L2= 6.18185E+05
m_fine: min=  7.8144E+01  max=  1.6828E+02  mean=  1.3474E+02  ||.||2=  6.0069E+04  size=  185445
m_coarse_prev: min=  7.8224E+01  max=  1.6828E+02  mean=  1.3477E+02  ||.||2=  1.4983E+04  size=   11534
 
  compute the residual and the cost function
 WD_amp= 5.66562E+13  RESID_RMS= 3.05588E-03  FCOST_DATA= 4.66919E-06  FCOST0= 4.66919E-06
IA=  7  H(single F0) min= 0.00000E+00  max= 6.51271E-03
IA=  7  H(F0^2)     min= 0.00000E+00  max= 6.51271E-03
HESSD: ia=   7  min= 0.00000E+00  max= 2.19344E+04
IA=  7  H(single F0) min= 0.00000E+00  max= 6.51271E-03
IA=  7  H(F0^2)     min= 0.00000E+00  max= 6.51271E-03
HESSD: ia=   7  min= 0.00000E+00  max= 2.19344E+04
IA=  7  H(single F0) min= 0.00000E+00  max= 6.51271E-03
IA=  7  H(F0^2)     min= 0.00000E+00  max= 6.51271E-03
HESSD: ia=   7  min= 0.00000E+00  max= 2.19344E+04
IA=  7  H(single F0) min= 0.00000E+00  max= 6.51271E-03
IA=  7  H(F0^2)     min= 0.00000E+00  max= 6.51271E-03
HESSD: ia=   7  min= 0.00000E+00  max= 2.19344E+04
IA=  7  H(single F0) min= 0.00000E+00  max= 6.51271E-03
IA=  7  H(F0^2)     min= 0.00000E+00  max= 6.51271E-03
HESSD: ia=   7  min= 0.00000E+00  max= 2.19344E+04
IA=  7  H(single F0) min= 0.00000E+00  max= 6.51271E-03
IA=  7  H(F0^2)     min= 0.00000E+00  max= 6.51271E-03
HESSD: ia=   7  min= 0.00000E+00  max= 2.19344E+04
Grad block   7 GRAD_SCALED MORM =   2.1242E-04
Raw grad block  7  PAR={Q11}  min= -1.9873E-09  max=  5.0426E-09  L2=  3.6744E-08
Gradient finished
Start LBFGS 
LBFGS steepest step , iter=      1
  g·p = -5.0977E-05  ||p|| =  5.2911E-01
  min(p)= -2.6454E-02  max(p)=  3.5350E-02
LBFGS p_k (unscaled) stats per active parameter:
  IA=  7  PAR={Q11}  min=-1.63529E+02  max= 2.18519E+02  L2= 3.27078E+03
min(p_k)= -2.6454E-02  max(p_k)=  3.5350E-02  ||p_k||=  5.2911E-01
min(p_kf)= -2.6454E-02  max(p_kf)=  3.5350E-02  ||p_kf||=  2.1164E+00
p_k/p_kf  =   2.5000E-01
Start linesearch
BT entry: phi(0)=  4.6692E-06  g·p(0)= -5.0977E-05
 UPDATEPARAMETER: f-scale only
UPDATEPARAMETER PAR_STEP min/max, V_STEP min/max = -8.0274469074E+01  3.1188831145E+02
 -8.0274469074E+01  3.1188831145E+02
REL STEP Q      : k=  7 row=  2 rmax_k=  2.6700E+00 row_scale=  1.6828E+02
BT cap probe: rmax1=  2.6700E+00  alpha_cap=  1.8727E-01  alpha00=  1.0000E+00
 UPDATEPARAMETER: f-scale only
UPDATEPARAMETER PAR_STEP min/max, V_STEP min/max =  5.2631271037E+01  1.6889395602E+02
  5.2631271037E+01  1.6889395602E+02
 running run_ik_loop_pardiso
before CA | VmRSS=  16.174 GB  VmHWM=  80.989 GB
after CA | VmRSS=  17.410 GB  VmHWM=  80.989 GB
after factor | VmRSS=  21.210 GB  VmHWM=  80.989 GB
f=     3.050 Hz | ky=  0.454475E-03 | IK=       1/      55 | t=   17.380100 s | CA=  2.5912 | fact= 12.8634 | GF=  1.9253 | solve=  1.7697 | scatter=  0.0527
f=     3.050 Hz | ky=  0.908951E-03 | IK=       2/      55 | t=    6.975900 s | CA=  2.6153 | fact=  2.5424 | GF=  1.8182 | solve=  1.6914 | scatter=  0.0536
f=     3.050 Hz | ky=  0.136343E-02 | IK=       3/      55 | t=    7.031600 s | CA=  2.6203 | fact=  2.5878 | GF=  1.8235 | solve=  1.6978 | scatter=  0.0527
f=     3.050 Hz | ky=  0.181790E-02 | IK=       4/      55 | t=    6.951800 s | CA=  2.5806 | fact=  2.5530 | GF=  1.8182 | solve=  1.6909 | scatter=  0.0538
f=     3.050 Hz | ky=  0.227238E-02 | IK=       5/      55 | t=    7.033500 s | CA=  2.6374 | fact=  2.5780 | GF=  1.8181 | solve=  1.6910 | scatter=  0.0535
f=     3.050 Hz | ky=  0.272685E-02 | IK=       6/      55 | t=    6.982000 s | CA=  2.5927 | fact=  2.5704 | GF=  1.8188 | solve=  1.6913 | scatter=  0.0539
f=     3.050 Hz | ky=  0.318133E-02 | IK=       7/      55 | t=    6.955500 s | CA=  2.5827 | fact=  2.5534 | GF=  1.8193 | solve=  1.6940 | scatter=  0.0521
f=     3.050 Hz | ky=  0.363580E-02 | IK=       8/      55 | t=    7.012300 s | CA=  2.6363 | fact=  2.5894 | GF=  1.7866 | solve=  1.6608 | scatter=  0.0522
f=     3.050 Hz | ky=  0.409028E-02 | IK=       9/      55 | t=    6.908100 s | CA=  2.5701 | fact=  2.5786 | GF=  1.7593 | solve=  1.6338 | scatter=  0.0522
f=     3.050 Hz | ky=  0.454475E-02 | IK=      10/      55 | t=    6.929700 s | CA=  2.6048 | fact=  2.5605 | GF=  1.7644 | solve=  1.6359 | scatter=  0.0545
PARDISO mem (f=  3.05 Hz): sym=  1.95 GB  perm=  1.42 GB  num=  3.22 GB  
peak=  4.64 GB
 WD_amp= 5.66562E+13  RESID_RMS= 8.01822E-03  FCOST_DATA= 3.21460E-05  FCOST0= 3.21460E-05
BT: alpha=  1.8727E-01  phi=  3.2146E-05  rhs=  4.6682E-06
 UPDATEPARAMETER: f-scale only
UPDATEPARAMETER PAR_STEP min/max, V_STEP min/max =  6.6804723829E+01  1.6858597801E+02
  6.6804723829E+01  1.6858597801E+02
 running run_ik_loop_pardiso
before CA | VmRSS=  16.194 GB  VmHWM=  80.989 GB
after CA | VmRSS=  17.551 GB  VmHWM=  80.989 GB
after factor | VmRSS=  21.307 GB  VmHWM=  80.989 GB
f=     3.050 Hz | ky=  0.454475E-03 | IK=       1/      55 | t=   17.298300 s | CA=  2.5174 | fact= 12.8583 | GF=  1.9223 | solve=  1.7707 | scatter=  0.0493
f=     3.050 Hz | ky=  0.908951E-03 | IK=       2/      55 | t=    6.930200 s | CA=  2.5884 | fact=  2.5205 | GF=  1.8212 | solve=  1.6937 | scatter=  0.0544
f=     3.050 Hz | ky=  0.136343E-02 | IK=       3/      55 | t=    6.964100 s | CA=  2.5954 | fact=  2.5466 | GF=  1.8220 | solve=  1.6971 | scatter=  0.0518
f=     3.050 Hz | ky=  0.181790E-02 | IK=       4/      55 | t=    6.985100 s | CA=  2.6310 | fact=  2.5338 | GF=  1.8203 | solve=  1.6912 | scatter=  0.0561
f=     3.050 Hz | ky=  0.227238E-02 | IK=       5/      55 | t=    6.969900 s | CA=  2.5833 | fact=  2.5652 | GF=  1.8213 | solve=  1.6934 | scatter=  0.0548
f=     3.050 Hz | ky=  0.272685E-02 | IK=       6/      55 | t=    7.051100 s | CA=  2.6526 | fact=  2.5758 | GF=  1.8227 | solve=  1.6972 | scatter=  0.0524
f=     3.050 Hz | ky=  0.318133E-02 | IK=       7/      55 | t=    6.971400 s | CA=  2.6072 | fact=  2.5533 | GF=  1.8109 | solve=  1.6857 | scatter=  0.0521
f=     3.050 Hz | ky=  0.363580E-02 | IK=       8/      55 | t=    6.980500 s | CA=  2.5716 | fact=  2.5830 | GF=  1.8258 | solve=  1.7006 | scatter=  0.0521
f=     3.050 Hz | ky=  0.409028E-02 | IK=       9/      55 | t=    6.978400 s | CA=  2.6025 | fact=  2.5493 | GF=  1.8266 | solve=  1.7011 | scatter=  0.0524
f=     3.050 Hz | ky=  0.454475E-02 | IK=      10/      55 | t=    7.008100 s | CA=  2.6176 | fact=  2.5705 | GF=  1.8199 | solve=  1.6931 | scatter=  0.0538
PARDISO mem (f=  3.05 Hz): sym=  1.95 GB  perm=  1.42 GB  num=  3.22 GB  
peak=  4.64 GB
 WD_amp= 5.66562E+13  RESID_RMS= 3.33667E-03  FCOST_DATA= 5.56667E-06  FCOST0= 5.56667E-06
BT: alpha=  9.3634E-02  phi=  5.5667E-06  rhs=  4.6687E-06
 UPDATEPARAMETER: f-scale only
UPDATEPARAMETER PAR_STEP min/max, V_STEP min/max =  7.3486361915E+01  1.6843198901E+02
  7.3486361915E+01  1.6843198901E+02
 running run_ik_loop_pardiso
before CA | VmRSS=  16.193 GB  VmHWM=  80.989 GB
after CA | VmRSS=  16.941 GB  VmHWM=  80.989 GB
after factor | VmRSS=  20.704 GB  VmHWM=  80.989 GB
f=     3.050 Hz | ky=  0.454475E-03 | IK=       1/      55 | t=   17.312400 s | CA=  2.5178 | fact= 12.8714 | GF=  1.9230 | solve=  1.7668 | scatter=  0.0536
f=     3.050 Hz | ky=  0.908951E-03 | IK=       2/      55 | t=    7.035700 s | CA=  2.6523 | fact=  2.5652 | GF=  1.8182 | solve=  1.6924 | scatter=  0.0528
f=     3.050 Hz | ky=  0.136343E-02 | IK=       3/      55 | t=    6.973100 s | CA=  2.5856 | fact=  2.5722 | GF=  1.8152 | solve=  1.6882 | scatter=  0.0540
f=     3.050 Hz | ky=  0.181790E-02 | IK=       4/      55 | t=    7.027500 s | CA=  2.6444 | fact=  2.5651 | GF=  1.8179 | solve=  1.6928 | scatter=  0.0521
f=     3.050 Hz | ky=  0.227238E-02 | IK=       5/      55 | t=    6.978000 s | CA=  2.5826 | fact=  2.5716 | GF=  1.8238 | solve=  1.6996 | scatter=  0.0510
f=     3.050 Hz | ky=  0.272685E-02 | IK=       6/      55 | t=    6.975900 s | CA=  2.6034 | fact=  2.5583 | GF=  1.8141 | solve=  1.6896 | scatter=  0.0514
f=     3.050 Hz | ky=  0.318133E-02 | IK=       7/      55 | t=    6.970700 s | CA=  2.6071 | fact=  2.5435 | GF=  1.8201 | solve=  1.6954 | scatter=  0.0516
f=     3.050 Hz | ky=  0.363580E-02 | IK=       8/      55 | t=    6.941600 s | CA=  2.5592 | fact=  2.5650 | GF=  1.8174 | solve=  1.6911 | scatter=  0.0531
f=     3.050 Hz | ky=  0.409028E-02 | IK=       9/      55 | t=    7.002700 s | CA=  2.6192 | fact=  2.5699 | GF=  1.8136 | solve=  1.6880 | scatter=  0.0522
f=     3.050 Hz | ky=  0.454475E-02 | IK=      10/      55 | t=    7.028600 s | CA=  2.6393 | fact=  2.5692 | GF=  1.8201 | solve=  1.6942 | scatter=  0.0529
PARDISO mem (f=  3.05 Hz): sym=  1.95 GB  perm=  1.42 GB  num=  3.22 GB  
peak=  4.64 GB
 WD_amp= 5.66562E+13  RESID_RMS= 2.37516E-03  FCOST_DATA= 2.82070E-06  FCOST0= 2.82070E-06
BT: alpha=  4.6817E-02  phi=  2.8207E-06  rhs=  4.6690E-06
  
  
  
  
Convergence reached, updating parameter grid
ALPHA from line search =  .4681683542502083E-01
 FCOST0 after linesearch  2.820696455463733E-006
Norm of s (s_norm) =  .2477129524239926E-01
  
  
Time for LBFGS =  5.521086629231771 min
  
 Frequency:           1 Iteration:           2
t_global   =    302.668 s
  
 -------------- calculate Frechet derivatives -----------
 IFREQ =           1    ITERATION =           2
||Frechet||_F=  3.0568E-13max|Frechet|=  2.8565E-18
||Frechet||_F=  3.0568E-13max|Frechet|=  2.8565E-18
||Frechet||_F=  3.0568E-13max|Frechet|=  2.8565E-18
||Frechet||_F=  3.0568E-13max|Frechet|=  2.8565E-18
||Frechet||_F=  3.0568E-13max|Frechet|=  2.8565E-18
 
TIME for Frechet calc =  2.937128448486328 min
 
 
  compute the residual and the cost function
 WD_amp= 5.66562E+13  RESID_RMS= 2.37516E-03  FCOST_DATA= 2.82070E-06  FCOST0= 2.82070E-06
||Frechet||_F=  3.0568E-13max|Frechet|=  2.8565E-18
Grad block   7 GRAD_SCALED MORM =   1.0558E-04
Raw grad block  7  PAR={Q11}  min= -1.8154E-09  max=  1.7175E-09  L2=  1.8498E-08
Gradient finished
Start LBFGS 
curvature (warm): s·y=  2.2676E-06  ||s||^2=  6.1362E-04  ||y||^2=  2.9323E-08  sTy_min=  4.2418E-07
LBFGS step: g·p = -2.7567E-05  ||p||=  6.7419E-01
LBFGS step: min(p)= -1.7728E-02  max(p)=  5.5615E-02
LBFGS p_k (unscaled) stats per active parameter:
  IA=  7  PAR={Q11}  min=-1.09589E+02  max= 3.43794E+02  L2= 4.16759E+03
min(p_k)= -1.7728E-02  max(p_k)=  5.5615E-02  ||p_k||=  6.7419E-01
min(p_kf)= -1.7728E-02  max(p_kf)=  5.5615E-02  ||p_kf||=  2.6968E+00
p_k/p_kf  =   2.5000E-01
Start linesearch
MT entry: phi(0)=  2.8207E-06  dg0= -2.7567E-05  alpha0=  1.0000E+00
 UPDATEPARAMETER: f-scale only
UPDATEPARAMETER PAR_STEP min/max, V_STEP min/max = -9.7550878478E+00  4.4551310536E+02
 -9.7550878478E+00  4.4551310536E+02
 WD_amp= 5.66562E+13  RESID_RMS= 2.56441E-02  FCOST_DATA= 3.28809E-04  FCOST0= 3.28809E-04
  
 -------------- calculate Frechet derivatives -----------
 IFREQ =           1    ITERATION =           2
||Frechet||_F=  2.0694E-11max|Frechet|=  3.2274E-14
||Frechet||_F=  2.0694E-11max|Frechet|=  3.2274E-14
||Frechet||_F=  2.0694E-11max|Frechet|=  3.2274E-14
||Frechet||_F=  2.0694E-11max|Frechet|=  3.2274E-14
||Frechet||_F=  2.0694E-11max|Frechet|=  3.2274E-14
||Frechet||_F=  2.0694E-11max|Frechet|=  3.2274E-14
Grad block   7 GRAD_SCALED MORM =   3.2857E+00
MT try: alpha=  1.0000E+00  phi=  3.2881E-04  dg= -4.3658E-02  dg0= -2.7567E-05
MT try: armijo_rhs=  2.8179E-06  armijo=F  curvature=F  task=FG
 UPDATEPARAMETER: f-scale only
UPDATEPARAMETER PAR_STEP min/max, V_STEP min/max =  7.3483315739E+01  1.6843279795E+02
  7.3483315739E+01  1.6843279795E+02
 WD_amp= 5.66562E+13  RESID_RMS= 2.37924E-03  FCOST_DATA= 2.83040E-06  FCOST0= 2.83040E-06
  
 -------------- calculate Frechet derivatives -----------
 IFREQ =           1    ITERATION =           2
||Frechet||_F=  3.0566E-13max|Frechet|=  2.8565E-18
||Frechet||_F=  3.0566E-13max|Frechet|=  2.8565E-18
||Frechet||_F=  3.0566E-13max|Frechet|=  2.8565E-18
||Frechet||_F=  3.0566E-13max|Frechet|=  2.8565E-18
||Frechet||_F=  3.0566E-13max|Frechet|=  2.8565E-18
||Frechet||_F=  3.0566E-13max|Frechet|=  2.8565E-18
Grad block   7 GRAD_SCALED MORM =   1.0574E-04
MT try: alpha=  3.0856E-04  phi=  2.8304E-06  dg= -2.7617E-05  dg0= -2.7567E-05
MT try: armijo_rhs=  2.8207E-06  armijo=F  curvature=F  task=FG
 UPDATEPARAMETER: f-scale only
UPDATEPARAMETER PAR_STEP min/max, V_STEP min/max =  7.3486102778E+01  1.6843205782E+02
  7.3486102778E+01  1.6843205782E+02
 WD_amp= 5.66562E+13  RESID_RMS= 2.37551E-03  FCOST_DATA= 2.82152E-06  FCOST0= 2.82152E-06
  
 -------------- calculate Frechet derivatives -----------
 IFREQ =           1    ITERATION =           2
||Frechet||_F=  3.0568E-13max|Frechet|=  2.8565E-18
||Frechet||_F=  3.0568E-13max|Frechet|=  2.8565E-18
||Frechet||_F=  3.0568E-13max|Frechet|=  2.8565E-18
||Frechet||_F=  3.0568E-13max|Frechet|=  2.8565E-18
||Frechet||_F=  3.0568E-13max|Frechet|=  2.8565E-18
||Frechet||_F=  3.0568E-13max|Frechet|=  2.8565E-18
Grad block   7 GRAD_SCALED MORM =   1.0559E-04
MT try: alpha=  2.6249E-05  phi=  2.8215E-06  dg= -2.7572E-05  dg0= -2.7567E-05
MT try: armijo_rhs=  2.8207E-06  armijo=F  curvature=F  task=FG
 UPDATEPARAMETER: f-scale only
UPDATEPARAMETER PAR_STEP min/max, V_STEP min/max =  7.3486263194E+01  1.6843201522E+02
  7.3486263194E+01  1.6843201522E+02
 WD_amp= 5.66562E+13  RESID_RMS= 2.37529E-03  FCOST_DATA= 2.82101E-06  FCOST0= 2.82101E-06
  
 -------------- calculate Frechet derivatives -----------
 IFREQ =           1    ITERATION =           2
||Frechet||_F=  3.0568E-13max|Frechet|=  2.8565E-18
||Frechet||_F=  3.0568E-13max|Frechet|=  2.8565E-18
||Frechet||_F=  3.0568E-13max|Frechet|=  2.8565E-18
||Frechet||_F=  3.0568E-13max|Frechet|=  2.8565E-18
||Frechet||_F=  3.0568E-13max|Frechet|=  2.8565E-18
||Frechet||_F=  3.0568E-13max|Frechet|=  2.8565E-18
Grad block   7 GRAD_SCALED MORM =   1.0559E-04
MT try: alpha=  1.0000E-05  phi=  2.8210E-06  dg= -2.7569E-05  dg0= -2.7567E-05
MT try: armijo_rhs=  2.8207E-06  armijo=F  curvature=F  task=FG
 LINESEARCH_MT(dcsrch): fallback to backtrack, task=WARNING: STP = STPMIN stp=
  1.000000000000000E-005  hit_minstep= T
BT entry: phi(0)=  2.8207E-06  g·p(0)= -2.7567E-05
 UPDATEPARAMETER: f-scale only
UPDATEPARAMETER PAR_STEP min/max, V_STEP min/max = -9.7550878478E+00  4.4551310536E+02
 -9.7550878478E+00  4.4551310536E+02
REL STEP Q      : k=  7 row=  2 rmax_k=  3.4622E+00 row_scale=  1.6843E+02
BT cap probe: rmax1=  3.4622E+00  alpha_cap=  1.4442E-01  alpha00=  1.0000E+00
 UPDATEPARAMETER: f-scale only
UPDATEPARAMETER PAR_STEP min/max, V_STEP min/max =  7.1619794721E+01  1.6890569657E+02
  7.1619794721E+01  1.6890569657E+02
 WD_amp= 5.66562E+13  RESID_RMS= 4.41525E-03  FCOST_DATA= 9.74720E-06  FCOST0= 9.74720E-06
BT: alpha=  1.4442E-01  phi=  9.7472E-06  rhs=  2.8203E-06
 UPDATEPARAMETER: f-scale only
UPDATEPARAMETER PAR_STEP min/max, V_STEP min/max =  7.2773517596E+01  1.6864164929E+02
  7.2773517596E+01  1.6864164929E+02
 WD_amp= 5.66562E+13  RESID_RMS= 3.41475E-03  FCOST_DATA= 5.83026E-06  FCOST0= 5.83026E-06
BT: alpha=  7.2208E-02  phi=  5.8303E-06  rhs=  2.8205E-06
 UPDATEPARAMETER: f-scale only
UPDATEPARAMETER PAR_STEP min/max, V_STEP min/max =  7.3129939756E+01  1.6852664122E+02
  7.3129939756E+01  1.6852664122E+02
 WD_amp= 5.66562E+13  RESID_RMS= 2.88597E-03  FCOST_DATA= 4.16440E-06  FCOST0= 4.16440E-06
BT: alpha=  3.6104E-02  phi=  4.1644E-06  rhs=  2.8206E-06
 UPDATEPARAMETER: f-scale only
UPDATEPARAMETER PAR_STEP min/max, V_STEP min/max =  7.3308150835E+01  1.6847931511E+02
  7.3308150835E+01  1.6847931511E+02
 WD_amp= 5.66562E+13  RESID_RMS= 2.62435E-03  FCOST_DATA= 3.44361E-06  FCOST0= 3.44361E-06
BT: alpha=  1.8052E-02  phi=  3.4436E-06  rhs=  2.8206E-06
 UPDATEPARAMETER: f-scale only
UPDATEPARAMETER PAR_STEP min/max, V_STEP min/max =  7.3397256375E+01  1.6845565206E+02
  7.3397256375E+01  1.6845565206E+02
 WD_amp= 5.66562E+13  RESID_RMS= 2.49744E-03  FCOST_DATA= 3.11860E-06  FCOST0= 3.11860E-06
BT: alpha=  9.0260E-03  phi=  3.1186E-06  rhs=  2.8207E-06
 UPDATEPARAMETER: f-scale only
UPDATEPARAMETER PAR_STEP min/max, V_STEP min/max =  7.3441809145E+01  1.6844382053E+02
  7.3441809145E+01  1.6844382053E+02
 WD_amp= 5.66562E+13  RESID_RMS= 2.43560E-03  FCOST_DATA= 2.96607E-06  FCOST0= 2.96607E-06
BT: alpha=  4.5130E-03  phi=  2.9661E-06  rhs=  2.8207E-06
 UPDATEPARAMETER: f-scale only
UPDATEPARAMETER PAR_STEP min/max, V_STEP min/max =  7.3464085530E+01  1.6843790477E+02
  7.3464085530E+01  1.6843790477E+02
 WD_amp= 5.66562E+13  RESID_RMS= 2.40519E-03  FCOST_DATA= 2.89247E-06  FCOST0= 2.89247E-06
BT: alpha=  2.2565E-03  phi=  2.8925E-06  rhs=  2.8207E-06
 UPDATEPARAMETER: f-scale only
UPDATEPARAMETER PAR_STEP min/max, V_STEP min/max =  7.3475223722E+01  1.6843494689E+02
  7.3475223722E+01  1.6843494689E+02
 WD_amp= 5.66562E+13  RESID_RMS= 2.39013E-03  FCOST_DATA= 2.85635E-06  FCOST0= 2.85635E-06
BT: alpha=  1.1283E-03  phi=  2.8563E-06  rhs=  2.8207E-06
 UPDATEPARAMETER: f-scale only
UPDATEPARAMETER PAR_STEP min/max, V_STEP min/max =  7.3480792818E+01  1.6843346795E+02
  7.3480792818E+01  1.6843346795E+02
 WD_amp= 5.66562E+13  RESID_RMS= 2.38263E-03  FCOST_DATA= 2.83846E-06  FCOST0= 2.83846E-06
BT: alpha=  5.6413E-04  phi=  2.8385E-06  rhs=  2.8207E-06
 UPDATEPARAMETER: f-scale only
UPDATEPARAMETER PAR_STEP min/max, V_STEP min/max =  7.3483577366E+01  1.6843272848E+02
  7.3483577366E+01  1.6843272848E+02
 WD_amp= 5.66562E+13  RESID_RMS= 2.37889E-03  FCOST_DATA= 2.82957E-06  FCOST0= 2.82957E-06
BT: alpha=  2.8206E-04  phi=  2.8296E-06  rhs=  2.8207E-06
 UPDATEPARAMETER: f-scale only
UPDATEPARAMETER PAR_STEP min/max, V_STEP min/max =  7.3484969641E+01  1.6843235874E+02
  7.3484969641E+01  1.6843235874E+02
 WD_amp= 5.66562E+13  RESID_RMS= 2.37703E-03  FCOST_DATA= 2.82513E-06  FCOST0= 2.82513E-06
BT: alpha=  1.4103E-04  phi=  2.8251E-06  rhs=  2.8207E-06
 UPDATEPARAMETER: f-scale only
UPDATEPARAMETER PAR_STEP min/max, V_STEP min/max =  7.3485665778E+01  1.6843217387E+02
  7.3485665778E+01  1.6843217387E+02
 WD_amp= 5.66562E+13  RESID_RMS= 2.37609E-03  FCOST_DATA= 2.82291E-06  FCOST0= 2.82291E-06
BT: alpha=  7.0516E-05  phi=  2.8229E-06  rhs=  2.8207E-06
 UPDATEPARAMETER: f-scale only
UPDATEPARAMETER PAR_STEP min/max, V_STEP min/max =  7.3486013846E+01  1.6843208144E+02
  7.3486013846E+01  1.6843208144E+02
 WD_amp= 5.66562E+13  RESID_RMS= 2.37563E-03  FCOST_DATA= 2.82180E-06  FCOST0= 2.82180E-06
BT: alpha=  3.5258E-05  phi=  2.8218E-06  rhs=  2.8207E-06
 UPDATEPARAMETER: f-scale only
UPDATEPARAMETER PAR_STEP min/max, V_STEP min/max =  7.3486187880E+01  1.6843203522E+02
  7.3486187880E+01  1.6843203522E+02
 WD_amp= 5.66562E+13  RESID_RMS= 2.37539E-03  FCOST_DATA= 2.82125E-06  FCOST0= 2.82125E-06
BT: alpha=  1.7629E-05  phi=  2.8212E-06  rhs=  2.8207E-06
 UPDATEPARAMETER: f-scale only
UPDATEPARAMETER PAR_STEP min/max, V_STEP min/max =  7.3486263194E+01  1.6843201522E+02
  7.3486263194E+01  1.6843201522E+02
 WD_amp= 5.66562E+13  RESID_RMS= 2.37529E-03  FCOST_DATA= 2.82101E-06  FCOST0= 2.82101E-06
 Backtrack: failed after MAX_IT
 Line search failed (IFLAG=          11 ), inversion diverged.
 --------- Frequency   3.30000000000000       (band            1 )
[ComputeAcqWeight] empty acq_weight_file, using uniform weights = 1.0
Data weighting computed for frequency 4607182418800017373
XSRmin, XSRmax, ZSRmin, ZSRMax -1960.000000000000 .000000000000000 2050.000000000000 4030.000000000000
1 FKYC
1.2 FKYC
my_rank, FKYC,WLMAX, RMAX 0 .2704501501785996E-01 1552.357210558415 2786.036611389018
1.1 NK
NK in cky2= 55

  Number of wavenumber samples (NK) for FREQ =   55
Data weighting computed for frequency 4607182418800017373
Data weighting computed for frequency 4607182418800017373
Data weighting computed for frequency 4607182418800017373
  RMAX = 2786.04
Data weighting computed for frequency 4607182418800017373
Data weighting computed for frequency 4607182418800017373
--- Pre-solver preview (memory + RHS workload) ---
   GQG dims: NNX=       585  NNZ=       317  NPT=    185445
   DOF:     N=3*NPT =    556335
   Sources: NSR=       100  NSS=        20  NK=        55
   RHS total (per IK): nrhs_tot=3*NSS =        60
   Batch:    MAX_RHS_BATCH=        32  nbatches=         2
   GFMY  (GFX+GFY+GFZ):         13.679 GB
   RHS_MY(rhs+sol buffers):      0.531 GB
 
 running run_ik_loop_pardiso
before CA | VmRSS=  15.388 GB  VmHWM=  95.072 GB
after CA | VmRSS=  16.565 GB  VmHWM=  95.072 GB
after factor | VmRSS=  20.328 GB  VmHWM=  95.072 GB
f=     3.300 Hz | ky=  0.491728E-03 | IK=       1/      55 | t=   17.325200 s | CA=  2.5299 | fact= 12.8698 | GF=  1.9253 | solve=  1.7691 | scatter=  0.0535
f=     3.300 Hz | ky=  0.983455E-03 | IK=       2/      55 | t=    6.965200 s | CA=  2.5688 | fact=  2.5825 | GF=  1.8139 | solve=  1.6894 | scatter=  0.0514
f=     3.300 Hz | ky=  0.147518E-02 | IK=       3/      55 | t=    6.941200 s | CA=  2.5593 | fact=  2.5635 | GF=  1.8183 | solve=  1.6927 | scatter=  0.0526
f=     3.300 Hz | ky=  0.196691E-02 | IK=       4/      55 | t=    6.995600 s | CA=  2.5948 | fact=  2.5777 | GF=  1.8230 | solve=  1.6954 | scatter=  0.0545
f=     3.300 Hz | ky=  0.245864E-02 | IK=       5/      55 | t=    6.954300 s | CA=  2.5738 | fact=  2.5625 | GF=  1.8180 | solve=  1.6924 | scatter=  0.0525
f=     3.300 Hz | ky=  0.295037E-02 | IK=       6/      55 | t=    6.939300 s | CA=  2.5461 | fact=  2.5759 | GF=  1.8173 | solve=  1.6908 | scatter=  0.0534
f=     3.300 Hz | ky=  0.344209E-02 | IK=       7/      55 | t=    6.970000 s | CA=  2.5858 | fact=  2.5687 | GF=  1.8154 | solve=  1.6908 | scatter=  0.0514
f=     3.300 Hz | ky=  0.393382E-02 | IK=       8/      55 | t=    6.974500 s | CA=  2.5850 | fact=  2.5691 | GF=  1.8203 | solve=  1.6936 | scatter=  0.0536
f=     3.300 Hz | ky=  0.442555E-02 | IK=       9/      55 | t=    6.988500 s | CA=  2.5974 | fact=  2.5640 | GF=  1.8270 | solve=  1.7015 | scatter=  0.0523
f=     3.300 Hz | ky=  0.491728E-02 | IK=      10/      55 | t=    6.993200 s | CA=  2.5885 | fact=  2.5844 | GF=  1.8203 | solve=  1.6937 | scatter=  0.0535
PARDISO mem (f=  3.30 Hz): sym=  1.95 GB  perm=  1.42 GB  num=  3.22 GB  
peak=  4.64 GB
t_global   =    110.956 s
TIME for 1st forward modeling =  1.848996607462565  min
TIME for GT0 =  .5326666434605916E-02  min
Data scaler W for L2 norm: 58592054187033.55
Data scaler W for WQS norm: .1007948000807317E-312
Total number of active inversion parameters for current sequential stage (IM):          1
Total model blocks points (NM = IM * NBLOCK):      11534 on grid (NMM = IM * NPT):    185445
 Gradient balance ():   1.00000000000000        1.00000000000000     
   1.00000000000000        1.00000000000000        1.00000000000000     
   1.00000000000000        1.00000000000000        1.00000000000000     
   1.00000000000000        1.00000000000000        1.00000000000000     
 IE0, IZ          30           0
 IE0, IZ, GZ1, GZ2 =           30           0   100.000000000000     
   300.000000000000     
  
 Frequency:           2 Iteration:           1
--- Pre-solver preview (memory + RHS workload) ---
   GQG dims: NNX=       585  NNZ=       317  NPT=    185445
   DOF:     N=3*NPT =    556335
   Sources: NSR=       100  NSS=       100  NK=        55
   RHS total (per IK): nrhs_tot=3*NSS =       300
   Batch:    MAX_RHS_BATCH=        32  nbatches=        10
   GFMY  (GFX+GFY+GFZ):         68.393 GB
   RHS_MY(rhs+sol buffers):      0.531 GB
 
 running run_ik_loop_pardiso
before CA | VmRSS=  70.855 GB  VmHWM=  95.072 GB
after CA | VmRSS=  72.029 GB  VmHWM=  95.072 GB
after factor | VmRSS=  75.817 GB  VmHWM=  95.072 GB
f=     3.300 Hz | ky=  0.491728E-03 | IK=       1/      55 | t=   24.381500 s | CA=  2.5330 | fact= 12.8735 | GF=  8.9748 | solve=  8.3056 | scatter=  0.2578
f=     3.300 Hz | ky=  0.983455E-03 | IK=       2/      55 | t=   14.024500 s | CA=  2.6067 | fact=  2.5650 | GF=  8.8528 | solve=  8.2153 | scatter=  0.2566
f=     3.300 Hz | ky=  0.147518E-02 | IK=       3/      55 | t=   13.995800 s | CA=  2.5757 | fact=  2.5696 | GF=  8.8505 | solve=  8.2145 | scatter=  0.2558
f=     3.300 Hz | ky=  0.196691E-02 | IK=       4/      55 | t=   14.058800 s | CA=  2.6538 | fact=  2.5536 | GF=  8.8514 | solve=  8.2139 | scatter=  0.2567
f=     3.300 Hz | ky=  0.245864E-02 | IK=       5/      55 | t=   14.060400 s | CA=  2.6253 | fact=  2.5680 | GF=  8.8671 | solve=  8.2276 | scatter=  0.2583
f=     3.300 Hz | ky=  0.295037E-02 | IK=       6/      55 | t=   14.069100 s | CA=  2.6264 | fact=  2.5655 | GF=  8.8771 | solve=  8.2332 | scatter=  0.2631
f=     3.300 Hz | ky=  0.344209E-02 | IK=       7/      55 | t=   14.039700 s | CA=  2.5980 | fact=  2.5759 | GF=  8.8658 | solve=  8.2268 | scatter=  0.2580
f=     3.300 Hz | ky=  0.393382E-02 | IK=       8/      55 | t=   14.073200 s | CA=  2.6179 | fact=  2.5784 | GF=  8.8769 | solve=  8.2365 | scatter=  0.2595
f=     3.300 Hz | ky=  0.442555E-02 | IK=       9/      55 | t=   14.047600 s | CA=  2.5738 | fact=  2.5760 | GF=  8.8978 | solve=  8.2600 | scatter=  0.2570
f=     3.300 Hz | ky=  0.491728E-02 | IK=      10/      55 | t=   14.024600 s | CA=  2.6151 | fact=  2.5303 | GF=  8.8791 | solve=  8.2379 | scatter=  0.2598
PARDISO mem (f=  3.30 Hz): sym=  1.95 GB  perm=  1.42 GB  num=  3.22 GB  
peak=  4.64 GB
t_global   =    305.062 s
TIME for 2d forward modeling_i calc =  5.082326761881510 min
Rank    5 -> ID range:   4001 to   4800 | Tasks:    800
Rank    4 -> ID range:   3201 to   4000 | Tasks:    800
Rank    1 -> ID range:    801 to   1600 | Tasks:    800
Rank    2 -> ID range:   1601 to   2400 | Tasks:    800
Rank    3 -> ID range:   2401 to   3200 | Tasks:    800
  
 -------------- calculate Frechet derivatives -----------
 IFREQ =           2    ITERATION =           1
Frechet memory size Frec_my:      0.825 (Gb)
Rank    0 -> ID range:      1 to    800 | Tasks:    800
FREQ:      3.3 Hz, ITER=       1  Frechet Derivative ID=     100/    4800 Finished   0.212500 s
FREQ:      3.3 Hz, ITER=       1  Frechet Derivative ID=     200/    4800 Finished   0.236200 s
FREQ:      3.3 Hz, ITER=       1  Frechet Derivative ID=     300/    4800 Finished   0.210200 s
FREQ:      3.3 Hz, ITER=       1  Frechet Derivative ID=     400/    4800 Finished   0.199400 s
FREQ:      3.3 Hz, ITER=       1  Frechet Derivative ID=     500/    4800 Finished   0.214000 s
FREQ:      3.3 Hz, ITER=       1  Frechet Derivative ID=     600/    4800 Finished   0.208500 s
FREQ:      3.3 Hz, ITER=       1  Frechet Derivative ID=     700/    4800 Finished   0.209900 s
FREQ:      3.3 Hz, ITER=       1  Frechet Derivative ID=     800/    4800 Finished   0.209000 s
||Frechet||_F=  3.2327E-13max|Frechet|=  2.9252E-18
||Frechet||_F=  3.2327E-13max|Frechet|=  2.9252E-18
||Frechet||_F=  3.2327E-13max|Frechet|=  2.9252E-18
 
TIME for Frechet calc =  2.968169911702474 min
 
m_fine: min=  7.3486E+01  max=  1.6843E+02  mean=  1.3475E+02  ||.||2=  6.0083E+04  size=  185445
m_coarse_prev: min=  7.4123E+01  max=  1.6831E+02  mean=  1.3478E+02  ||.||2=  1.4987E+04  size=   11534
 
  compute the residual and the cost function
 WD_amp= 5.85921E+13  RESID_RMS= 2.32854E-03  FCOST_DATA= 2.71105E-06  FCOST0= 2.71105E-06
||Frechet||_F=  3.2327E-13max|Frechet|=  2.9252E-18
||Frechet||_F=  3.2327E-13max|Frechet|=  2.9252E-18
||Frechet||_F=  3.2327E-13max|Frechet|=  2.9252E-18
IA=  7  H(single F0) min= 0.00000E+00  max= 7.79012E-03
IA=  7  H(F0^2)     min= 0.00000E+00  max= 7.79012E-03
HESSD: ia=   7  min= 0.00000E+00  max= 1.83377E+04
IA=  7  H(single F0) min= 0.00000E+00  max= 7.79012E-03
IA=  7  H(F0^2)     min= 0.00000E+00  max= 7.79012E-03
HESSD: ia=   7  min= 0.00000E+00  max= 1.83377E+04
IA=  7  H(single F0) min= 0.00000E+00  max= 7.79012E-03
IA=  7  H(F0^2)     min= 0.00000E+00  max= 7.79012E-03
HESSD: ia=   7  min= 0.00000E+00  max= 1.83377E+04
IA=  7  H(single F0) min= 0.00000E+00  max= 7.79012E-03
IA=  7  H(F0^2)     min= 0.00000E+00  max= 7.79012E-03
HESSD: ia=   7  min= 0.00000E+00  max= 1.83377E+04
IA=  7  H(single F0) min= 0.00000E+00  max= 7.79012E-03
IA=  7  H(F0^2)     min= 0.00000E+00  max= 7.79012E-03
HESSD: ia=   7  min= 0.00000E+00  max= 1.83377E+04
IA=  7  H(single F0) min= 0.00000E+00  max= 7.79012E-03
IA=  7  H(F0^2)     min= 0.00000E+00  max= 7.79012E-03
HESSD: ia=   7  min= 0.00000E+00  max= 1.83377E+04
Grad block   7 GRAD_SCALED MORM =   1.1451E-04
Raw grad block  7  PAR={Q11}  min= -2.4971E-09  max=  2.1223E-09  L2=  1.9789E-08
Gradient finished
Start LBFGS 
LBFGS steepest step , iter=      1
  g·p = -1.2027E-05  ||p|| =  2.7813E-01
  min(p)= -1.4223E-02  max(p)=  2.1673E-02
LBFGS p_k (unscaled) stats per active parameter:
  IA=  7  PAR={Q11}  min=-8.79235E+01  max= 1.33977E+02  L2= 1.71931E+03
min(p_k)= -1.4223E-02  max(p_k)=  2.1673E-02  ||p_k||=  2.7813E-01
min(p_kf)= -1.4223E-02  max(p_kf)=  2.1673E-02  ||p_kf||=  1.1125E+00
p_k/p_kf  =   2.5000E-01
Start linesearch
BT entry: phi(0)=  2.7110E-06  g·p(0)= -1.2027E-05
 UPDATEPARAMETER: f-scale only
UPDATEPARAMETER PAR_STEP min/max, V_STEP min/max =  1.3728366451E+01  2.3573216629E+02
  1.3728366451E+01  2.3573216629E+02
REL STEP Q      : k=  7 row=  2 rmax_k=  1.4008E+00 row_scale=  1.6843E+02
BT cap probe: rmax1=  1.4008E+00  alpha_cap=  3.5694E-01  alpha00=  1.0000E+00
 UPDATEPARAMETER: f-scale only
UPDATEPARAMETER PAR_STEP min/max, V_STEP min/max =  6.3769587561E+01  1.6876306297E+02
  6.3769587561E+01  1.6876306297E+02
 running run_ik_loop_pardiso
before CA | VmRSS=  16.152 GB  VmHWM=  95.072 GB
after CA | VmRSS=  17.663 GB  VmHWM=  95.072 GB
after factor | VmRSS=  21.448 GB  VmHWM=  95.072 GB
f=     3.300 Hz | ky=  0.491728E-03 | IK=       1/      55 | t=   17.362800 s | CA=  2.5807 | fact= 12.8560 | GF=  1.9259 | solve=  1.7714 | scatter=  0.0518
f=     3.300 Hz | ky=  0.983455E-03 | IK=       2/      55 | t=    6.987000 s | CA=  2.5937 | fact=  2.5769 | GF=  1.8164 | solve=  1.6921 | scatter=  0.0513
f=     3.300 Hz | ky=  0.147518E-02 | IK=       3/      55 | t=    7.023600 s | CA=  2.6415 | fact=  2.5587 | GF=  1.8233 | solve=  1.6970 | scatter=  0.0531
f=     3.300 Hz | ky=  0.196691E-02 | IK=       4/      55 | t=    6.977300 s | CA=  2.5900 | fact=  2.5700 | GF=  1.8173 | solve=  1.6902 | scatter=  0.0540
f=     3.300 Hz | ky=  0.245864E-02 | IK=       5/      55 | t=    6.989300 s | CA=  2.6126 | fact=  2.5530 | GF=  1.8236 | solve=  1.6973 | scatter=  0.0533
f=     3.300 Hz | ky=  0.295037E-02 | IK=       6/      55 | t=    6.963000 s | CA=  2.5673 | fact=  2.5837 | GF=  1.8120 | solve=  1.6871 | scatter=  0.0518
f=     3.300 Hz | ky=  0.344209E-02 | IK=       7/      55 | t=    6.981800 s | CA=  2.6095 | fact=  2.5590 | GF=  1.8133 | solve=  1.6891 | scatter=  0.0511
f=     3.300 Hz | ky=  0.393382E-02 | IK=       8/      55 | t=    7.074900 s | CA=  2.6786 | fact=  2.5711 | GF=  1.8251 | solve=  1.6997 | scatter=  0.0522
f=     3.300 Hz | ky=  0.442555E-02 | IK=       9/      55 | t=    7.019800 s | CA=  2.6308 | fact=  2.5718 | GF=  1.8172 | solve=  1.6907 | scatter=  0.0533
f=     3.300 Hz | ky=  0.491728E-02 | IK=      10/      55 | t=    7.013500 s | CA=  2.6195 | fact=  2.5699 | GF=  1.8241 | solve=  1.6976 | scatter=  0.0535
PARDISO mem (f=  3.30 Hz): sym=  1.95 GB  perm=  1.42 GB  num=  3.22 GB  
peak=  4.64 GB
 WD_amp= 5.85921E+13  RESID_RMS= 5.50184E-03  FCOST_DATA= 1.51351E-05  FCOST0= 1.51351E-05
BT: alpha=  3.5694E-01  phi=  1.5135E-05  rhs=  2.7106E-06
 UPDATEPARAMETER: f-scale only
UPDATEPARAMETER PAR_STEP min/max, V_STEP min/max =  7.0818441950E+01  1.6854269535E+02
  7.0818441950E+01  1.6854269535E+02
 running run_ik_loop_pardiso
before CA | VmRSS=  16.172 GB  VmHWM=  95.072 GB
after CA | VmRSS=  17.363 GB  VmHWM=  95.072 GB
after factor | VmRSS=  21.151 GB  VmHWM=  95.072 GB
f=     3.300 Hz | ky=  0.491728E-03 | IK=       1/      55 | t=   17.302600 s | CA=  2.5460 | fact= 12.8349 | GF=  1.9215 | solve=  1.7679 | scatter=  0.0513
f=     3.300 Hz | ky=  0.983455E-03 | IK=       2/      55 | t=    6.978200 s | CA=  2.6131 | fact=  2.5478 | GF=  1.8173 | solve=  1.6914 | scatter=  0.0528
f=     3.300 Hz | ky=  0.147518E-02 | IK=       3/      55 | t=    7.007900 s | CA=  2.5916 | fact=  2.5942 | GF=  1.8220 | solve=  1.6979 | scatter=  0.0510
f=     3.300 Hz | ky=  0.196691E-02 | IK=       4/      55 | t=    6.996100 s | CA=  2.5984 | fact=  2.5787 | GF=  1.8190 | solve=  1.6936 | scatter=  0.0523
f=     3.300 Hz | ky=  0.245864E-02 | IK=       5/      55 | t=    7.033200 s | CA=  2.6606 | fact=  2.5512 | GF=  1.8213 | solve=  1.6947 | scatter=  0.0536
f=     3.300 Hz | ky=  0.295037E-02 | IK=       6/      55 | t=    7.043600 s | CA=  2.6737 | fact=  2.5463 | GF=  1.8236 | solve=  1.6984 | scatter=  0.0521
f=     3.300 Hz | ky=  0.344209E-02 | IK=       7/      55 | t=    6.990200 s | CA=  2.5900 | fact=  2.5791 | GF=  1.8211 | solve=  1.6926 | scatter=  0.0553
f=     3.300 Hz | ky=  0.393382E-02 | IK=       8/      55 | t=    7.040600 s | CA=  2.6352 | fact=  2.5790 | GF=  1.8264 | solve=  1.7002 | scatter=  0.0529
f=     3.300 Hz | ky=  0.442555E-02 | IK=       9/      55 | t=    6.935300 s | CA=  2.5550 | fact=  2.5616 | GF=  1.8187 | solve=  1.6919 | scatter=  0.0535
f=     3.300 Hz | ky=  0.491728E-02 | IK=      10/      55 | t=    6.960700 s | CA=  2.5693 | fact=  2.5731 | GF=  1.8182 | solve=  1.6919 | scatter=  0.0532
PARDISO mem (f=  3.30 Hz): sym=  1.95 GB  perm=  1.42 GB  num=  3.22 GB  
peak=  4.64 GB
 WD_amp= 5.85921E+13  RESID_RMS= 3.38712E-03  FCOST_DATA= 5.73630E-06  FCOST0= 5.73630E-06
BT: alpha=  1.7847E-01  phi=  5.7363E-06  rhs=  2.7108E-06
 UPDATEPARAMETER: f-scale only
UPDATEPARAMETER PAR_STEP min/max, V_STEP min/max =  7.4342869145E+01  1.6843251155E+02
  7.4342869145E+01  1.6843251155E+02
 running run_ik_loop_pardiso
before CA | VmRSS=  16.201 GB  VmHWM=  95.072 GB
after CA | VmRSS=  17.337 GB  VmHWM=  95.072 GB
after factor | VmRSS=  21.103 GB  VmHWM=  95.072 GB
f=     3.300 Hz | ky=  0.491728E-03 | IK=       1/      55 | t=   17.297600 s | CA=  2.5441 | fact= 12.8307 | GF=  1.9226 | solve=  1.7676 | scatter=  0.0524
f=     3.300 Hz | ky=  0.983455E-03 | IK=       2/      55 | t=    7.035200 s | CA=  2.6412 | fact=  2.5710 | GF=  1.8230 | solve=  1.6984 | scatter=  0.0516
f=     3.300 Hz | ky=  0.147518E-02 | IK=       3/      55 | t=    6.954100 s | CA=  2.5890 | fact=  2.5487 | GF=  1.8164 | solve=  1.6913 | scatter=  0.0520
f=     3.300 Hz | ky=  0.196691E-02 | IK=       4/      55 | t=    6.963200 s | CA=  2.5674 | fact=  2.5810 | GF=  1.8147 | solve=  1.6895 | scatter=  0.0520
f=     3.300 Hz | ky=  0.245864E-02 | IK=       5/      55 | t=    6.959200 s | CA=  2.5731 | fact=  2.5644 | GF=  1.8217 | solve=  1.6953 | scatter=  0.0533
f=     3.300 Hz | ky=  0.295037E-02 | IK=       6/      55 | t=    7.034800 s | CA=  2.6531 | fact=  2.5660 | GF=  1.8156 | solve=  1.6895 | scatter=  0.0529
f=     3.300 Hz | ky=  0.344209E-02 | IK=       7/      55 | t=    6.943700 s | CA=  2.5738 | fact=  2.5561 | GF=  1.8137 | solve=  1.6881 | scatter=  0.0523
f=     3.300 Hz | ky=  0.393382E-02 | IK=       8/      55 | t=    6.994700 s | CA=  2.6036 | fact=  2.5752 | GF=  1.8159 | solve=  1.6907 | scatter=  0.0520
f=     3.300 Hz | ky=  0.442555E-02 | IK=       9/      55 | t=    6.970200 s | CA=  2.5818 | fact=  2.5750 | GF=  1.8134 | solve=  1.6882 | scatter=  0.0520
f=     3.300 Hz | ky=  0.491728E-02 | IK=      10/      55 | t=    7.024900 s | CA=  2.6401 | fact=  2.5679 | GF=  1.8169 | solve=  1.6940 | scatter=  0.0498
PARDISO mem (f=  3.30 Hz): sym=  1.95 GB  perm=  1.42 GB  num=  3.22 GB  
peak=  4.64 GB
 WD_amp= 5.85921E+13  RESID_RMS= 2.55494E-03  FCOST_DATA= 3.26385E-06  FCOST0= 3.26385E-06
BT: alpha=  8.9235E-02  phi=  3.2638E-06  rhs=  2.7109E-06
 UPDATEPARAMETER: f-scale only
UPDATEPARAMETER PAR_STEP min/max, V_STEP min/max =  7.5984612404E+01  1.6842852820E+02
  7.5984612404E+01  1.6842852820E+02
 running run_ik_loop_pardiso
before CA | VmRSS=  16.194 GB  VmHWM=  95.072 GB
after CA | VmRSS=  16.886 GB  VmHWM=  95.072 GB
after factor | VmRSS=  20.646 GB  VmHWM=  95.072 GB
f=     3.300 Hz | ky=  0.491728E-03 | IK=       1/      55 | t=   17.251700 s | CA=  2.4846 | fact= 12.8396 | GF=  1.9273 | solve=  1.7715 | scatter=  0.0530
f=     3.300 Hz | ky=  0.983455E-03 | IK=       2/      55 | t=    6.996700 s | CA=  2.5947 | fact=  2.5806 | GF=  1.8214 | solve=  1.6942 | scatter=  0.0542
f=     3.300 Hz | ky=  0.147518E-02 | IK=       3/      55 | t=    7.004100 s | CA=  2.6163 | fact=  2.5714 | GF=  1.8164 | solve=  1.6917 | scatter=  0.0515
f=     3.300 Hz | ky=  0.196691E-02 | IK=       4/      55 | t=    7.010200 s | CA=  2.6070 | fact=  2.5866 | GF=  1.8166 | solve=  1.6903 | scatter=  0.0530
f=     3.300 Hz | ky=  0.245864E-02 | IK=       5/      55 | t=    6.984000 s | CA=  2.5786 | fact=  2.5869 | GF=  1.8184 | solve=  1.6924 | scatter=  0.0528
f=     3.300 Hz | ky=  0.295037E-02 | IK=       6/      55 | t=    6.991100 s | CA=  2.6225 | fact=  2.5502 | GF=  1.8183 | solve=  1.6943 | scatter=  0.0507
f=     3.300 Hz | ky=  0.344209E-02 | IK=       7/      55 | t=    6.945000 s | CA=  2.5597 | fact=  2.5683 | GF=  1.8169 | solve=  1.6896 | scatter=  0.0542
f=     3.300 Hz | ky=  0.393382E-02 | IK=       8/      55 | t=    6.953700 s | CA=  2.5777 | fact=  2.5566 | GF=  1.8193 | solve=  1.6943 | scatter=  0.0520
f=     3.300 Hz | ky=  0.442555E-02 | IK=       9/      55 | t=    6.965600 s | CA=  2.5640 | fact=  2.5843 | GF=  1.8172 | solve=  1.6917 | scatter=  0.0521
f=     3.300 Hz | ky=  0.491728E-02 | IK=      10/      55 | t=    6.990200 s | CA=  2.5997 | fact=  2.5654 | GF=  1.8250 | solve=  1.6986 | scatter=  0.0529
PARDISO mem (f=  3.30 Hz): sym=  1.95 GB  perm=  1.42 GB  num=  3.22 GB  
peak=  4.64 GB
 WD_amp= 5.85921E+13  RESID_RMS= 2.33264E-03  FCOST_DATA= 2.72060E-06  FCOST0= 2.72060E-06
BT: alpha=  4.4618E-02  phi=  2.7206E-06  rhs=  2.7110E-06
 UPDATEPARAMETER: f-scale only
UPDATEPARAMETER PAR_STEP min/max, V_STEP min/max =  7.4735487159E+01  1.6843025860E+02
  7.4735487159E+01  1.6843025860E+02
 running run_ik_loop_pardiso
before CA | VmRSS=  16.832 GB  VmHWM=  95.072 GB
after CA | VmRSS=  16.809 GB  VmHWM=  95.072 GB
after factor | VmRSS=  20.578 GB  VmHWM=  95.072 GB
f=     3.300 Hz | ky=  0.491728E-03 | IK=       1/      55 | t=   17.320200 s | CA=  2.5373 | fact= 12.8627 | GF=  1.9200 | solve=  1.7649 | scatter=  0.0525
f=     3.300 Hz | ky=  0.983455E-03 | IK=       2/      55 | t=    6.975100 s | CA=  2.6002 | fact=  2.5675 | GF=  1.8074 | solve=  1.6822 | scatter=  0.0521
f=     3.300 Hz | ky=  0.147518E-02 | IK=       3/      55 | t=    6.976900 s | CA=  2.6088 | fact=  2.5514 | GF=  1.8166 | solve=  1.6936 | scatter=  0.0499
f=     3.300 Hz | ky=  0.196691E-02 | IK=       4/      55 | t=    6.976500 s | CA=  2.5828 | fact=  2.5729 | GF=  1.8208 | solve=  1.6942 | scatter=  0.0534
f=     3.300 Hz | ky=  0.245864E-02 | IK=       5/      55 | t=    6.929200 s | CA=  2.5470 | fact=  2.5652 | GF=  1.8170 | solve=  1.6907 | scatter=  0.0527
f=     3.300 Hz | ky=  0.295037E-02 | IK=       6/      55 | t=    6.988000 s | CA=  2.6260 | fact=  2.5403 | GF=  1.8216 | solve=  1.6952 | scatter=  0.0532
f=     3.300 Hz | ky=  0.344209E-02 | IK=       7/      55 | t=    6.997400 s | CA=  2.5899 | fact=  2.5876 | GF=  1.8199 | solve=  1.6936 | scatter=  0.0531
f=     3.300 Hz | ky=  0.393382E-02 | IK=       8/      55 | t=    7.008800 s | CA=  2.6162 | fact=  2.5766 | GF=  1.8160 | solve=  1.6897 | scatter=  0.0530
f=     3.300 Hz | ky=  0.442555E-02 | IK=       9/      55 | t=    6.947100 s | CA=  2.5629 | fact=  2.5715 | GF=  1.8127 | solve=  1.6861 | scatter=  0.0534
f=     3.300 Hz | ky=  0.491728E-02 | IK=      10/      55 | t=    6.978900 s | CA=  2.5815 | fact=  2.5766 | GF=  1.8208 | solve=  1.6953 | scatter=  0.0520
PARDISO mem (f=  3.30 Hz): sym=  1.95 GB  perm=  1.42 GB  num=  3.22 GB  
peak=  4.64 GB
 WD_amp= 5.85921E+13  RESID_RMS= 2.30011E-03  FCOST_DATA= 2.64526E-06  FCOST0= 2.64526E-06
  
BT: alpha=  2.2309E-02  phi=  2.6453E-06  rhs=  2.7110E-06
  
  
  
  
Convergence reached, updating parameter grid
ALPHA from line search =  .2230875580159231E-01
 FCOST0 after linesearch  2.645257465805722E-006
Norm of s (s_norm) =  .6204752353986528E-02
  
Time for LBFGS =  9.193530273437499 min
  
 Frequency:           2 Iteration:           2
t_global   =    305.160 s
  
 -------------- calculate Frechet derivatives -----------
 IFREQ =           2    ITERATION =           2
||Frechet||_F=  3.2220E-13max|Frechet|=  2.9343E-18
||Frechet||_F=  3.2220E-13max|Frechet|=  2.9343E-18
||Frechet||_F=  3.2220E-13max|Frechet|=  2.9343E-18
||Frechet||_F=  3.2220E-13max|Frechet|=  2.9343E-18
||Frechet||_F=  3.2220E-13max|Frechet|=  2.9343E-18
||Frechet||_F=  3.2220E-13max|Frechet|=  2.9343E-18
 
TIME for Frechet calc =  3.044665018717448 min
 
 
  compute the residual and the cost function
 WD_amp= 5.85921E+13  RESID_RMS= 2.30011E-03  FCOST_DATA= 2.64526E-06  FCOST0= 2.64526E-06
Grad block   7 GRAD_SCALED MORM =   9.2152E-05
Raw grad block  7  PAR={Q11}  min= -2.4790E-09  max=  2.1367E-09  L2=  1.6453E-08
Gradient finished
Start LBFGS 
curvature (warm): s·y=  6.7870E-08  ||s||^2=  3.8499E-05  ||y||^2=  1.0666E-09  sTy_min=  2.0264E-08
LBFGS step: g·p = -1.9645E-05  ||p||=  7.1272E-01
LBFGS step: min(p)= -3.0701E-02  max(p)=  6.0938E-02
LBFGS p_k (unscaled) stats per active parameter:
  IA=  7  PAR={Q11}  min=-1.89781E+02  max= 3.76697E+02  L2= 4.40580E+03
min(p_k)= -3.0701E-02  max(p_k)=  6.0938E-02  ||p_k||=  7.1272E-01
min(p_kf)= -3.0701E-02  max(p_kf)=  6.0938E-02  ||p_kf||=  2.8509E+00
p_k/p_kf  =   2.5000E-01
Start linesearch
MT entry: phi(0)=  2.6453E-06  dg0= -1.9645E-05  alpha0=  1.0000E+00
 UPDATEPARAMETER: f-scale only
UPDATEPARAMETER PAR_STEP min/max, V_STEP min/max = -9.0090869891E+01  4.7633149339E+02
 -9.0090869891E+01  4.7633149339E+02
 WD_amp= 5.85921E+13  RESID_RMS= 3.23348E-02  FCOST_DATA= 5.22769E-04  FCOST0= 5.22769E-04
  
 -------------- calculate Frechet derivatives -----------
 IFREQ =           2    ITERATION =           2
||Frechet||_F=  4.2213E-12max|Frechet|=  3.7193E-15
||Frechet||_F=  4.2213E-12max|Frechet|=  3.7193E-15
||Frechet||_F=  4.2213E-12max|Frechet|=  3.7193E-15
||Frechet||_F=  4.2213E-12max|Frechet|=  3.7193E-15
||Frechet||_F=  4.2213E-12max|Frechet|=  3.7193E-15
||Frechet||_F=  4.2213E-12max|Frechet|=  3.7193E-15
Grad block   7 GRAD_SCALED MORM =   2.9363E-01
MT try: alpha=  1.0000E+00  phi=  5.2277E-04  dg=  6.9279E-03  dg0= -1.9645E-05
MT try: armijo_rhs=  2.6433E-06  armijo=F  curvature=F  task=FG
 UPDATEPARAMETER: f-scale only
UPDATEPARAMETER PAR_STEP min/max, V_STEP min/max =  4.0347781435E+01  2.2443834509E+02
  4.0347781435E+01  2.2443834509E+02
 WD_amp= 5.85921E+13  RESID_RMS= 5.25261E-03  FCOST_DATA= 1.37949E-05  FCOST0= 1.37949E-05
  
 -------------- calculate Frechet derivatives -----------
 IFREQ =           2    ITERATION =           2
||Frechet||_F=  3.1554E-13max|Frechet|=  3.1879E-18
||Frechet||_F=  3.1554E-13max|Frechet|=  3.1879E-18
||Frechet||_F=  3.1554E-13max|Frechet|=  3.1879E-18
||Frechet||_F=  3.1554E-13max|Frechet|=  3.1879E-18
||Frechet||_F=  3.1554E-13max|Frechet|=  3.1879E-18
||Frechet||_F=  3.1554E-13max|Frechet|=  3.1879E-18
Grad block   7 GRAD_SCALED MORM =   3.3746E-04
MT try: alpha=  3.1269E-01  phi=  1.3795E-05  dg= -5.7168E-06  dg0= -1.9645E-05
MT try: armijo_rhs=  2.6446E-06  armijo=F  curvature=T  task=FG
 UPDATEPARAMETER: f-scale only
UPDATEPARAMETER PAR_STEP min/max, V_STEP min/max =  7.5373231826E+01  1.6842579853E+02
  7.5373231826E+01  1.6842579853E+02
 WD_amp= 5.85921E+13  RESID_RMS= 2.48846E-03  FCOST_DATA= 3.09622E-06  FCOST0= 3.09622E-06
  
 -------------- calculate Frechet derivatives -----------
 IFREQ =           2    ITERATION =           2
||Frechet||_F=  3.2077E-13max|Frechet|=  2.9507E-18
||Frechet||_F=  3.2077E-13max|Frechet|=  2.9507E-18
||Frechet||_F=  3.2077E-13max|Frechet|=  2.9507E-18
||Frechet||_F=  3.2077E-13max|Frechet|=  2.9507E-18
||Frechet||_F=  3.2077E-13max|Frechet|=  2.9507E-18
||Frechet||_F=  3.2077E-13max|Frechet|=  2.9507E-18
Grad block   7 GRAD_SCALED MORM =   9.0000E-05
MT try: alpha=  2.1638E-02  phi=  3.0962E-06  dg= -2.0893E-05  dg0= -1.9645E-05
MT try: armijo_rhs=  2.6452E-06  armijo=F  curvature=F  task=FG
 UPDATEPARAMETER: f-scale only
UPDATEPARAMETER PAR_STEP min/max, V_STEP min/max =  7.4791478639E+01  1.6842978500E+02
  7.4791478639E+01  1.6842978500E+02
 WD_amp= 5.85921E+13  RESID_RMS= 2.31547E-03  FCOST_DATA= 2.68070E-06  FCOST0= 2.68070E-06
  
 -------------- calculate Frechet derivatives -----------
 IFREQ =           2    ITERATION =           2
||Frechet||_F=  3.2207E-13max|Frechet|=  2.9357E-18
||Frechet||_F=  3.2207E-13max|Frechet|=  2.9357E-18
||Frechet||_F=  3.2207E-13max|Frechet|=  2.9357E-18
||Frechet||_F=  3.2207E-13max|Frechet|=  2.9357E-18
||Frechet||_F=  3.2207E-13max|Frechet|=  2.9357E-18
||Frechet||_F=  3.2207E-13max|Frechet|=  2.9357E-18
Grad block   7 GRAD_SCALED MORM =   9.1727E-05
MT try: alpha=  1.8997E-03  phi=  2.6807E-06  dg= -1.9787E-05  dg0= -1.9645E-05
MT try: armijo_rhs=  2.6453E-06  armijo=F  curvature=F  task=FG
 UPDATEPARAMETER: f-scale only
UPDATEPARAMETER PAR_STEP min/max, V_STEP min/max =  7.4740765719E+01  1.6843021395E+02
  7.4740765719E+01  1.6843021395E+02
 WD_amp= 5.85921E+13  RESID_RMS= 2.30155E-03  FCOST_DATA= 2.64856E-06  FCOST0= 2.64856E-06
  
 -------------- calculate Frechet derivatives -----------
 IFREQ =           2    ITERATION =           2
||Frechet||_F=  3.2219E-13max|Frechet|=  2.9344E-18
||Frechet||_F=  3.2219E-13max|Frechet|=  2.9344E-18
||Frechet||_F=  3.2219E-13max|Frechet|=  2.9344E-18
||Frechet||_F=  3.2219E-13max|Frechet|=  2.9344E-18
||Frechet||_F=  3.2219E-13max|Frechet|=  2.9344E-18
||Frechet||_F=  3.2219E-13max|Frechet|=  2.9344E-18
Grad block   7 GRAD_SCALED MORM =   9.2110E-05
MT try: alpha=  1.7910E-04  phi=  2.6486E-06  dg= -1.9659E-05  dg0= -1.9645E-05
MT try: armijo_rhs=  2.6453E-06  armijo=F  curvature=F  task=FG
 UPDATEPARAMETER: f-scale only
UPDATEPARAMETER PAR_STEP min/max, V_STEP min/max =  7.4735988414E+01  1.6843025436E+02
  7.4735988414E+01  1.6843025436E+02
 WD_amp= 5.85921E+13  RESID_RMS= 2.30025E-03  FCOST_DATA= 2.64557E-06  FCOST0= 2.64557E-06
  
 -------------- calculate Frechet derivatives -----------
 IFREQ =           2    ITERATION =           2
||Frechet||_F=  3.2220E-13max|Frechet|=  2.9343E-18
||Frechet||_F=  3.2220E-13max|Frechet|=  2.9343E-18
||Frechet||_F=  3.2220E-13max|Frechet|=  2.9343E-18
||Frechet||_F=  3.2220E-13max|Frechet|=  2.9343E-18
||Frechet||_F=  3.2220E-13max|Frechet|=  2.9343E-18
||Frechet||_F=  3.2220E-13max|Frechet|=  2.9343E-18
Grad block   7 GRAD_SCALED MORM =   9.2148E-05
MT try: alpha=  1.7007E-05  phi=  2.6456E-06  dg= -1.9646E-05  dg0= -1.9645E-05
MT try: armijo_rhs=  2.6453E-06  armijo=F  curvature=F  task=FG
 UPDATEPARAMETER: f-scale only
UPDATEPARAMETER PAR_STEP min/max, V_STEP min/max =  7.4735781892E+01  1.6843025611E+02
  7.4735781892E+01  1.6843025611E+02
 WD_amp= 5.85921E+13  RESID_RMS= 2.30019E-03  FCOST_DATA= 2.64544E-06  FCOST0= 2.64544E-06
LS STOP (stagnation): alpha=  1.0000E-05  FCOST1=  2.6454E-06  FCOST0=  2.6453E-06
 LINESEARCH_MT(dcsrch): fallback to backtrack, task=FG stp=
  1.000000000000000E-005  hit_minstep= F
BT entry: phi(0)=  2.6453E-06  g·p(0)= -1.9645E-05
 UPDATEPARAMETER: f-scale only
UPDATEPARAMETER PAR_STEP min/max, V_STEP min/max = -9.0090869891E+01  4.7633149339E+02
 -9.0090869891E+01  4.7633149339E+02
REL STEP Q      : k=  7 row=  2 rmax_k=  3.8192E+00 row_scale=  1.6843E+02
BT cap probe: rmax1=  3.8192E+00  alpha_cap=  1.3092E-01  alpha00=  1.0000E+00
 UPDATEPARAMETER: f-scale only
UPDATEPARAMETER PAR_STEP min/max, V_STEP min/max =  6.7780941571E+01  1.6880924436E+02
  6.7780941571E+01  1.6880924436E+02
 WD_amp= 5.85921E+13  RESID_RMS= 3.57421E-03  FCOST_DATA= 6.38749E-06  FCOST0= 6.38749E-06
BT: alpha=  1.3092E-01  phi=  6.3875E-06  rhs=  2.6450E-06
 UPDATEPARAMETER: f-scale only
UPDATEPARAMETER PAR_STEP min/max, V_STEP min/max =  7.2383565556E+01  1.6857955903E+02
  7.2383565556E+01  1.6857955903E+02
 WD_amp= 5.85921E+13  RESID_RMS= 2.91849E-03  FCOST_DATA= 4.25880E-06  FCOST0= 4.25880E-06
BT: alpha=  6.5459E-02  phi=  4.2588E-06  rhs=  2.6451E-06
 UPDATEPARAMETER: f-scale only
UPDATEPARAMETER PAR_STEP min/max, V_STEP min/max =  7.4684877548E+01  1.6846471636E+02
  7.4684877548E+01  1.6846471636E+02
 WD_amp= 5.85921E+13  RESID_RMS= 2.59342E-03  FCOST_DATA= 3.36291E-06  FCOST0= 3.36291E-06
BT: alpha=  3.2729E-02  phi=  3.3629E-06  rhs=  2.6452E-06
 UPDATEPARAMETER: f-scale only
UPDATEPARAMETER PAR_STEP min/max, V_STEP min/max =  7.5217808249E+01  1.6842617892E+02
  7.5217808249E+01  1.6842617892E+02
 WD_amp= 5.85921E+13  RESID_RMS= 2.44021E-03  FCOST_DATA= 2.97731E-06  FCOST0= 2.97731E-06
BT: alpha=  1.6365E-02  phi=  2.9773E-06  rhs=  2.6452E-06
 UPDATEPARAMETER: f-scale only
UPDATEPARAMETER PAR_STEP min/max, V_STEP min/max =  7.4976647704E+01  1.6842821876E+02
  7.4976647704E+01  1.6842821876E+02
 WD_amp= 5.85921E+13  RESID_RMS= 2.36808E-03  FCOST_DATA= 2.80391E-06  FCOST0= 2.80391E-06
BT: alpha=  8.1823E-03  phi=  2.8039E-06  rhs=  2.6452E-06
 UPDATEPARAMETER: f-scale only
UPDATEPARAMETER PAR_STEP min/max, V_STEP min/max =  7.4856067432E+01  1.6842923868E+02
  7.4856067432E+01  1.6842923868E+02
 WD_amp= 5.85921E+13  RESID_RMS= 2.33352E-03  FCOST_DATA= 2.72265E-06  FCOST0= 2.72265E-06
BT: alpha=  4.0912E-03  phi=  2.7226E-06  rhs=  2.6452E-06
 UPDATEPARAMETER: f-scale only
UPDATEPARAMETER PAR_STEP min/max, V_STEP min/max =  7.4795777296E+01  1.6842974864E+02
  7.4795777296E+01  1.6842974864E+02
 WD_amp= 5.85921E+13  RESID_RMS= 2.31666E-03  FCOST_DATA= 2.68345E-06  FCOST0= 2.68345E-06
BT: alpha=  2.0456E-03  phi=  2.6835E-06  rhs=  2.6453E-06
 UPDATEPARAMETER: f-scale only
UPDATEPARAMETER PAR_STEP min/max, V_STEP min/max =  7.4765632228E+01  1.6843000362E+02
  7.4765632228E+01  1.6843000362E+02
 WD_amp= 5.85921E+13  RESID_RMS= 2.30835E-03  FCOST_DATA= 2.66423E-06  FCOST0= 2.66423E-06
BT: alpha=  1.0228E-03  phi=  2.6642E-06  rhs=  2.6453E-06
 UPDATEPARAMETER: f-scale only
UPDATEPARAMETER PAR_STEP min/max, V_STEP min/max =  7.4750559693E+01  1.6843013111E+02
  7.4750559693E+01  1.6843013111E+02
 WD_amp= 5.85921E+13  RESID_RMS= 2.30422E-03  FCOST_DATA= 2.65471E-06  FCOST0= 2.65471E-06
BT: alpha=  5.1140E-04  phi=  2.6547E-06  rhs=  2.6453E-06
 UPDATEPARAMETER: f-scale only
UPDATEPARAMETER PAR_STEP min/max, V_STEP min/max =  7.4743023426E+01  1.6843019486E+02
  7.4743023426E+01  1.6843019486E+02
 WD_amp= 5.85921E+13  RESID_RMS= 2.30216E-03  FCOST_DATA= 2.64998E-06  FCOST0= 2.64998E-06
BT: alpha=  2.5570E-04  phi=  2.6500E-06  rhs=  2.6453E-06
 UPDATEPARAMETER: f-scale only
UPDATEPARAMETER PAR_STEP min/max, V_STEP min/max =  7.4739255293E+01  1.6843022673E+02
  7.4739255293E+01  1.6843022673E+02
 WD_amp= 5.85921E+13  RESID_RMS= 2.30114E-03  FCOST_DATA= 2.64762E-06  FCOST0= 2.64762E-06
BT: alpha=  1.2785E-04  phi=  2.6476E-06  rhs=  2.6453E-06
 UPDATEPARAMETER: f-scale only
UPDATEPARAMETER PAR_STEP min/max, V_STEP min/max =  7.4737371226E+01  1.6843024267E+02
  7.4737371226E+01  1.6843024267E+02
 WD_amp= 5.85921E+13  RESID_RMS= 2.30062E-03  FCOST_DATA= 2.64644E-06  FCOST0= 2.64644E-06
BT: alpha=  6.3925E-05  phi=  2.6464E-06  rhs=  2.6453E-06
 UPDATEPARAMETER: f-scale only
UPDATEPARAMETER PAR_STEP min/max, V_STEP min/max =  7.4736429193E+01  1.6843025063E+02
  7.4736429193E+01  1.6843025063E+02
 WD_amp= 5.85921E+13  RESID_RMS= 2.30037E-03  FCOST_DATA= 2.64585E-06  FCOST0= 2.64585E-06
BT: alpha=  3.1962E-05  phi=  2.6458E-06  rhs=  2.6453E-06
 UPDATEPARAMETER: f-scale only
UPDATEPARAMETER PAR_STEP min/max, V_STEP min/max =  7.4735958176E+01  1.6843025462E+02
  7.4735958176E+01  1.6843025462E+02
 WD_amp= 5.85921E+13  RESID_RMS= 2.30024E-03  FCOST_DATA= 2.64555E-06  FCOST0= 2.64555E-06
BT: alpha=  1.5981E-05  phi=  2.6456E-06  rhs=  2.6453E-06
 UPDATEPARAMETER: f-scale only
UPDATEPARAMETER PAR_STEP min/max, V_STEP min/max =  7.4735781892E+01  1.6843025611E+02
  7.4735781892E+01  1.6843025611E+02
 WD_amp= 5.85921E+13  RESID_RMS= 2.30019E-03  FCOST_DATA= 2.64544E-06  FCOST0= 2.64544E-06
 Backtrack: failed after MAX_IT
 Line search failed (IFLAG=          11 ), inversion diverged.
 --------- Frequency   3.65000000000000       (band            1 )
[ComputeAcqWeight] empty acq_weight_file, using uniform weights = 1.0
Data weighting computed for frequency 4607182418800017373
XSRmin, XSRmax, ZSRmin, ZSRMax -1960.000000000000 .000000000000000 2050.000000000000 4030.000000000000
1 FKYC
1.2 FKYC
my_rank, FKYC,WLMAX, RMAX 0 .2991342570157237E-01 1403.501039682951 2786.036611389018
1.1 NK
NK in cky2= 55

  Number of wavenumber samples (NK) for FREQ =   55
Data weighting computed for frequency 4607182418800017373
Data weighting computed for frequency 4607182418800017373
Data weighting computed for frequency 4607182418800017373
Data weighting computed for frequency 4607182418800017373
  RMAX = 2786.04
Data weighting computed for frequency 4607182418800017373
--- Pre-solver preview (memory + RHS workload) ---
   GQG dims: NNX=       585  NNZ=       317  NPT=    185445
   DOF:     N=3*NPT =    556335
   Sources: NSR=       100  NSS=        20  NK=        55
   RHS total (per IK): nrhs_tot=3*NSS =        60
   Batch:    MAX_RHS_BATCH=        32  nbatches=         2
   GFMY  (GFX+GFY+GFZ):         13.679 GB
   RHS_MY(rhs+sol buffers):      0.531 GB
 
 running run_ik_loop_pardiso
before CA | VmRSS=  15.375 GB  VmHWM=  95.072 GB
after CA | VmRSS=  16.601 GB  VmHWM=  95.072 GB
after factor | VmRSS=  20.361 GB  VmHWM=  95.072 GB
f=     3.650 Hz | ky=  0.543880E-03 | IK=       1/      55 | t=   17.318300 s | CA=  2.5455 | fact= 12.8525 | GF=  1.9201 | solve=  1.7629 | scatter=  0.0549
f=     3.650 Hz | ky=  0.108776E-02 | IK=       2/      55 | t=    6.949100 s | CA=  2.5746 | fact=  2.5632 | GF=  1.8113 | solve=  1.6857 | scatter=  0.0525
f=     3.650 Hz | ky=  0.163164E-02 | IK=       3/      55 | t=    6.987100 s | CA=  2.6321 | fact=  2.5417 | GF=  1.8133 | solve=  1.6884 | scatter=  0.0518
f=     3.650 Hz | ky=  0.217552E-02 | IK=       4/      55 | t=    7.006200 s | CA=  2.6096 | fact=  2.5747 | GF=  1.8219 | solve=  1.6957 | scatter=  0.0531
f=     3.650 Hz | ky=  0.271940E-02 | IK=       5/      55 | t=    6.926200 s | CA=  2.5699 | fact=  2.5348 | GF=  1.8215 | solve=  1.6947 | scatter=  0.0535
f=     3.650 Hz | ky=  0.326328E-02 | IK=       6/      55 | t=    6.990300 s | CA=  2.6197 | fact=  2.5609 | GF=  1.8096 | solve=  1.6849 | scatter=  0.0516
f=     3.650 Hz | ky=  0.380716E-02 | IK=       7/      55 | t=    6.960900 s | CA=  2.5741 | fact=  2.5684 | GF=  1.8184 | solve=  1.6928 | scatter=  0.0524
f=     3.650 Hz | ky=  0.435104E-02 | IK=       8/      55 | t=    6.993800 s | CA=  2.5949 | fact=  2.5855 | GF=  1.8133 | solve=  1.6884 | scatter=  0.0517
f=     3.650 Hz | ky=  0.489492E-02 | IK=       9/      55 | t=    6.948400 s | CA=  2.5573 | fact=  2.5764 | GF=  1.8146 | solve=  1.6894 | scatter=  0.0521
f=     3.650 Hz | ky=  0.543880E-02 | IK=      10/      55 | t=    6.969100 s | CA=  2.5805 | fact=  2.5700 | GF=  1.8185 | solve=  1.6924 | scatter=  0.0528
PARDISO mem (f=  3.65 Hz): sym=  1.95 GB  perm=  1.42 GB  num=  3.22 GB  
peak=  4.64 GB
t_global   =    111.040 s
TIME for 1st forward modeling =  1.850666681925456  min
TIME for GT0 =  .5260000129540762E-02  min
Data scaler W for L2 norm: 60858307368707.61
Data scaler W for WQS norm: .1007948000807317E-312
Total number of active inversion parameters for current sequential stage (IM):          1
Total model blocks points (NM = IM * NBLOCK):      11534 on grid (NMM = IM * NPT):    185445
 Gradient balance ():   1.00000000000000        1.00000000000000     
   1.00000000000000        1.00000000000000        1.00000000000000     
   1.00000000000000        1.00000000000000        1.00000000000000     
   1.00000000000000        1.00000000000000        1.00000000000000     
 IE0, IZ          30           0
 IE0, IZ, GZ1, GZ2 =           30           0   100.000000000000     
   300.000000000000     
  
 Frequency:           3 Iteration:           1
--- Pre-solver preview (memory + RHS workload) ---
   GQG dims: NNX=       585  NNZ=       317  NPT=    185445
   DOF:     N=3*NPT =    556335
   Sources: NSR=       100  NSS=       100  NK=        55
   RHS total (per IK): nrhs_tot=3*NSS =       300
   Batch:    MAX_RHS_BATCH=        32  nbatches=        10
   GFMY  (GFX+GFY+GFZ):         68.393 GB
   RHS_MY(rhs+sol buffers):      0.531 GB
 
 running run_ik_loop_pardiso
before CA | VmRSS=  70.922 GB  VmHWM=  95.072 GB
after CA | VmRSS=  72.218 GB  VmHWM=  95.072 GB
after factor | VmRSS=  75.990 GB  VmHWM=  95.072 GB
f=     3.650 Hz | ky=  0.543880E-03 | IK=       1/      55 | t=   24.299300 s | CA=  2.5426 | fact= 12.8156 | GF=  8.9409 | solve=  8.2783 | scatter=  0.2587
f=     3.650 Hz | ky=  0.108776E-02 | IK=       2/      55 | t=   14.065900 s | CA=  2.6493 | fact=  2.5741 | GF=  8.8424 | solve=  8.2086 | scatter=  0.2589
f=     3.650 Hz | ky=  0.163164E-02 | IK=       3/      55 | t=   14.005900 s | CA=  2.6105 | fact=  2.5629 | GF=  8.8324 | solve=  8.2006 | scatter=  0.2573
f=     3.650 Hz | ky=  0.217552E-02 | IK=       4/      55 | t=   14.040300 s | CA=  2.6144 | fact=  2.5621 | GF=  8.8638 | solve=  8.2307 | scatter=  0.2583
f=     3.650 Hz | ky=  0.271940E-02 | IK=       5/      55 | t=   13.989600 s | CA=  2.5751 | fact=  2.5469 | GF=  8.8675 | solve=  8.2340 | scatter=  0.2577
f=     3.650 Hz | ky=  0.326328E-02 | IK=       6/      55 | t=   14.040400 s | CA=  2.5861 | fact=  2.5851 | GF=  8.8692 | solve=  8.2359 | scatter=  0.2590
f=     3.650 Hz | ky=  0.380716E-02 | IK=       7/      55 | t=   14.039500 s | CA=  2.5899 | fact=  2.5904 | GF=  8.8591 | solve=  8.2271 | scatter=  0.2569
f=     3.650 Hz | ky=  0.435104E-02 | IK=       8/      55 | t=   14.058900 s | CA=  2.6079 | fact=  2.5827 | GF=  8.8683 | solve=  8.2339 | scatter=  0.2590
f=     3.650 Hz | ky=  0.489492E-02 | IK=       9/      55 | t=   14.059100 s | CA=  2.6183 | fact=  2.5829 | GF=  8.8578 | solve=  8.2252 | scatter=  0.2571
f=     3.650 Hz | ky=  0.543880E-02 | IK=      10/      55 | t=   14.060300 s | CA=  2.6060 | fact=  2.5926 | GF=  8.8617 | solve=  8.2304 | scatter=  0.2554
PARDISO mem (f=  3.65 Hz): sym=  1.95 GB  perm=  1.42 GB  num=  3.22 GB  
peak=  4.64 GB
t_global   =    304.612 s
TIME for 2d forward modeling_i calc =  5.075516764322916 min
Rank    5 -> ID range:   4001 to   4800 | Tasks:    800
Rank    4 -> ID range:   3201 to   4000 | Tasks:    800
Rank    2 -> ID range:   1601 to   2400 | Tasks:    800
Rank    1 -> ID range:    801 to   1600 | Tasks:    800
Rank    3 -> ID range:   2401 to   3200 | Tasks:    800
  
 -------------- calculate Frechet derivatives -----------
 IFREQ =           3    ITERATION =           1
Frechet memory size Frec_my:      0.825 (Gb)
Rank    0 -> ID range:      1 to    800 | Tasks:    800
FREQ:      3.6 Hz, ITER=       1  Frechet Derivative ID=     100/    4800 Finished   0.212400 s
FREQ:      3.6 Hz, ITER=       1  Frechet Derivative ID=     200/    4800 Finished   0.213200 s
FREQ:      3.6 Hz, ITER=       1  Frechet Derivative ID=     300/    4800 Finished   0.212400 s
FREQ:      3.6 Hz, ITER=       1  Frechet Derivative ID=     400/    4800 Finished   0.209800 s
FREQ:      3.6 Hz, ITER=       1  Frechet Derivative ID=     500/    4800 Finished   0.225100 s
FREQ:      3.6 Hz, ITER=       1  Frechet Derivative ID=     600/    4800 Finished   0.212500 s
FREQ:      3.6 Hz, ITER=       1  Frechet Derivative ID=     700/    4800 Finished   0.206800 s
FREQ:      3.6 Hz, ITER=       1  Frechet Derivative ID=     800/    4800 Finished   0.206800 s
||Frechet||_F=  3.4944E-13max|Frechet|=  2.8195E-18
||Frechet||_F=  3.4944E-13max|Frechet|=  2.8195E-18
||Frechet||_F=  3.4944E-13max|Frechet|=  2.8195E-18
||Frechet||_F=  3.4944E-13max|Frechet|=  2.8195E-18
 
TIME for Frechet calc =  3.021776580810547 min
 
||Frechet||_F=  3.4944E-13max|Frechet|=  2.8195E-18
m_fine: min=  7.4735E+01  max=  1.6843E+02  mean=  1.3482E+02  ||.||2=  6.0106E+04  size=  185445
m_coarse_prev: min=  7.5277E+01  max=  1.6831E+02  mean=  1.3485E+02  ||.||2=  1.4992E+04  size=   11534
 
  compute the residual and the cost function
 WD_amp= 6.08583E+13  RESID_RMS= 2.48849E-03  FCOST_DATA= 3.09630E-06  FCOST0= 3.09630E-06
||Frechet||_F=  3.4944E-13max|Frechet|=  2.8195E-18
IA=  7  H(single F0) min= 0.00000E+00  max= 9.23439E-03
IA=  7  H(F0^2)     min= 0.00000E+00  max= 9.23439E-03
HESSD: ia=   7  min= 0.00000E+00  max= 1.54696E+04
IA=  7  H(single F0) min= 0.00000E+00  max= 9.23439E-03
IA=  7  H(F0^2)     min= 0.00000E+00  max= 9.23439E-03
HESSD: ia=   7  min= 0.00000E+00  max= 1.54696E+04
IA=  7  H(single F0) min= 0.00000E+00  max= 9.23439E-03
IA=  7  H(F0^2)     min= 0.00000E+00  max= 9.23439E-03
HESSD: ia=   7  min= 0.00000E+00  max= 1.54696E+04
IA=  7  H(single F0) min= 0.00000E+00  max= 9.23439E-03
IA=  7  H(F0^2)     min= 0.00000E+00  max= 9.23439E-03
HESSD: ia=   7  min= 0.00000E+00  max= 1.54696E+04
IA=  7  H(single F0) min= 0.00000E+00  max= 9.23439E-03
IA=  7  H(F0^2)     min= 0.00000E+00  max= 9.23439E-03
HESSD: ia=   7  min= 0.00000E+00  max= 1.54696E+04
IA=  7  H(single F0) min= 0.00000E+00  max= 9.23439E-03
IA=  7  H(F0^2)     min= 0.00000E+00  max= 9.23439E-03
HESSD: ia=   7  min= 0.00000E+00  max= 1.54696E+04
Grad block   7 GRAD_SCALED MORM =   1.3622E-04
Raw grad block  7  PAR={Q11}  min= -3.5927E-09  max=  3.1119E-09  L2=  2.4785E-08
Gradient finished
Start LBFGS 
LBFGS steepest step , iter=      1
  g·p = -5.5848E-06  ||p|| =  1.8799E-01
  min(p)= -4.8209E-03  max(p)=  1.4143E-02
LBFGS p_k (unscaled) stats per active parameter:
  IA=  7  PAR={Q11}  min=-2.98011E+01  max= 8.74246E+01  L2= 1.16206E+03
min(p_k)= -4.8209E-03  max(p_k)=  1.4143E-02  ||p_k||=  1.8799E-01
min(p_kf)= -4.8209E-03  max(p_kf)=  1.4143E-02  ||p_kf||=  7.5194E-01
p_k/p_kf  =   2.5000E-01
Start linesearch
BT entry: phi(0)=  3.0963E-06  g·p(0)= -5.5848E-06
 UPDATEPARAMETER: f-scale only
UPDATEPARAMETER PAR_STEP min/max, V_STEP min/max =  4.7681061748E+01  1.9272802569E+02
  4.7681061748E+01  1.9272802569E+02
REL STEP Q      : k=  7 row=  2 rmax_k=  8.4321E-01 row_scale=  1.6843E+02
BT cap probe: rmax1=  8.4321E-01  alpha_cap=  5.9297E-01  alpha00=  1.0000E+00
 UPDATEPARAMETER: f-scale only
UPDATEPARAMETER PAR_STEP min/max, V_STEP min/max =  5.9810966164E+01  1.6911472784E+02
  5.9810966164E+01  1.6911472784E+02
 running run_ik_loop_pardiso
before CA | VmRSS=  16.217 GB  VmHWM=  95.072 GB
after CA | VmRSS=  17.540 GB  VmHWM=  95.072 GB
after factor | VmRSS=  21.303 GB  VmHWM=  95.072 GB
f=     3.650 Hz | ky=  0.543880E-03 | IK=       1/      55 | t=   17.268000 s | CA=  2.5023 | fact= 12.8399 | GF=  1.9256 | solve=  1.7699 | scatter=  0.0530
f=     3.650 Hz | ky=  0.108776E-02 | IK=       2/      55 | t=    6.968600 s | CA=  2.6454 | fact=  2.5047 | GF=  1.8185 | solve=  1.6934 | scatter=  0.0519
f=     3.650 Hz | ky=  0.163164E-02 | IK=       3/      55 | t=    7.029100 s | CA=  2.6167 | fact=  2.5948 | GF=  1.8176 | solve=  1.6924 | scatter=  0.0520
f=     3.650 Hz | ky=  0.217552E-02 | IK=       4/      55 | t=    7.045200 s | CA=  2.6510 | fact=  2.5790 | GF=  1.8152 | solve=  1.6890 | scatter=  0.0532
f=     3.650 Hz | ky=  0.271940E-02 | IK=       5/      55 | t=    7.004800 s | CA=  2.5903 | fact=  2.5945 | GF=  1.8199 | solve=  1.6936 | scatter=  0.0532
f=     3.650 Hz | ky=  0.326328E-02 | IK=       6/      55 | t=    7.044100 s | CA=  2.6548 | fact=  2.5648 | GF=  1.8245 | solve=  1.6984 | scatter=  0.0529
f=     3.650 Hz | ky=  0.380716E-02 | IK=       7/      55 | t=    6.992400 s | CA=  2.6034 | fact=  2.5691 | GF=  1.8198 | solve=  1.6958 | scatter=  0.0509
f=     3.650 Hz | ky=  0.435104E-02 | IK=       8/      55 | t=    7.059700 s | CA=  2.6544 | fact=  2.5798 | GF=  1.8255 | solve=  1.6980 | scatter=  0.0544
f=     3.650 Hz | ky=  0.489492E-02 | IK=       9/      55 | t=    7.042200 s | CA=  2.6462 | fact=  2.5756 | GF=  1.8203 | solve=  1.6934 | scatter=  0.0536
f=     3.650 Hz | ky=  0.543880E-02 | IK=      10/      55 | t=    6.995800 s | CA=  2.5776 | fact=  2.5917 | GF=  1.8265 | solve=  1.6974 | scatter=  0.0560
PARDISO mem (f=  3.65 Hz): sym=  1.95 GB  perm=  1.42 GB  num=  3.22 GB  
peak=  4.64 GB
 WD_amp= 6.08583E+13  RESID_RMS= 5.94778E-03  FCOST_DATA= 1.76880E-05  FCOST0= 1.76880E-05
BT: alpha=  5.9297E-01  phi=  1.7688E-05  rhs=  3.0960E-06
 UPDATEPARAMETER: f-scale only
UPDATEPARAMETER PAR_STEP min/max, V_STEP min/max =  6.8646551029E+01  1.6877072107E+02
  6.8646551029E+01  1.6877072107E+02
 running run_ik_loop_pardiso
before CA | VmRSS=  16.217 GB  VmHWM=  95.072 GB
after CA | VmRSS=  17.683 GB  VmHWM=  95.072 GB
after factor | VmRSS=  21.453 GB  VmHWM=  95.072 GB
f=     3.650 Hz | ky=  0.543880E-03 | IK=       1/      55 | t=   17.242200 s | CA=  2.4792 | fact= 12.8426 | GF=  1.9201 | solve=  1.7655 | scatter=  0.0519
f=     3.650 Hz | ky=  0.108776E-02 | IK=       2/      55 | t=    6.978400 s | CA=  2.5981 | fact=  2.5632 | GF=  1.8170 | solve=  1.6913 | scatter=  0.0526
f=     3.650 Hz | ky=  0.163164E-02 | IK=       3/      55 | t=    6.994100 s | CA=  2.6136 | fact=  2.5649 | GF=  1.8156 | solve=  1.6875 | scatter=  0.0549
f=     3.650 Hz | ky=  0.217552E-02 | IK=       4/      55 | t=    6.986900 s | CA=  2.5954 | fact=  2.5774 | GF=  1.8141 | solve=  1.6872 | scatter=  0.0538
f=     3.650 Hz | ky=  0.271940E-02 | IK=       5/      55 | t=    6.992400 s | CA=  2.5985 | fact=  2.5731 | GF=  1.8207 | solve=  1.6935 | scatter=  0.0542
f=     3.650 Hz | ky=  0.326328E-02 | IK=       6/      55 | t=    7.006400 s | CA=  2.5972 | fact=  2.5927 | GF=  1.8165 | solve=  1.6927 | scatter=  0.0507
f=     3.650 Hz | ky=  0.380716E-02 | IK=       7/      55 | t=    6.923700 s | CA=  2.5515 | fact=  2.5452 | GF=  1.8270 | solve=  1.6986 | scatter=  0.0551
f=     3.650 Hz | ky=  0.435104E-02 | IK=       8/      55 | t=    7.052200 s | CA=  2.6601 | fact=  2.5719 | GF=  1.8202 | solve=  1.6950 | scatter=  0.0519
f=     3.650 Hz | ky=  0.489492E-02 | IK=       9/      55 | t=    6.988600 s | CA=  2.5973 | fact=  2.5718 | GF=  1.8194 | solve=  1.6928 | scatter=  0.0532
f=     3.650 Hz | ky=  0.543880E-02 | IK=      10/      55 | t=    7.008800 s | CA=  2.6053 | fact=  2.5859 | GF=  1.8175 | solve=  1.6893 | scatter=  0.0551
PARDISO mem (f=  3.65 Hz): sym=  1.95 GB  perm=  1.42 GB  num=  3.22 GB  
peak=  4.64 GB
 WD_amp= 6.08583E+13  RESID_RMS= 4.14217E-03  FCOST_DATA= 8.57879E-06  FCOST0= 8.57879E-06
BT: alpha=  2.9649E-01  phi=  8.5788E-06  rhs=  3.0961E-06
 UPDATEPARAMETER: f-scale only
UPDATEPARAMETER PAR_STEP min/max, V_STEP min/max =  7.2901222851E+01  1.6860048984E+02
  7.2901222851E+01  1.6860048984E+02
 running run_ik_loop_pardiso
before CA | VmRSS=  16.205 GB  VmHWM=  95.072 GB
after CA | VmRSS=  18.033 GB  VmHWM=  95.072 GB
after factor | VmRSS=  21.790 GB  VmHWM=  95.072 GB
f=     3.650 Hz | ky=  0.543880E-03 | IK=       1/      55 | t=   17.283200 s | CA=  2.5126 | fact= 12.8515 | GF=  1.9189 | solve=  1.7656 | scatter=  0.0506
f=     3.650 Hz | ky=  0.108776E-02 | IK=       2/      55 | t=    7.002200 s | CA=  2.6263 | fact=  2.5624 | GF=  1.8135 | solve=  1.6872 | scatter=  0.0532
f=     3.650 Hz | ky=  0.163164E-02 | IK=       3/      55 | t=    6.920400 s | CA=  2.5545 | fact=  2.5443 | GF=  1.8215 | solve=  1.6984 | scatter=  0.0499
f=     3.650 Hz | ky=  0.217552E-02 | IK=       4/      55 | t=    7.044100 s | CA=  2.6405 | fact=  2.5793 | GF=  1.8243 | solve=  1.6960 | scatter=  0.0551
f=     3.650 Hz | ky=  0.271940E-02 | IK=       5/      55 | t=    6.919800 s | CA=  2.5695 | fact=  2.5280 | GF=  1.8222 | solve=  1.6941 | scatter=  0.0549
f=     3.650 Hz | ky=  0.326328E-02 | IK=       6/      55 | t=    6.988600 s | CA=  2.6029 | fact=  2.5683 | GF=  1.8173 | solve=  1.6907 | scatter=  0.0533
f=     3.650 Hz | ky=  0.380716E-02 | IK=       7/      55 | t=    6.943800 s | CA=  2.5549 | fact=  2.5713 | GF=  1.8176 | solve=  1.6911 | scatter=  0.0532
f=     3.650 Hz | ky=  0.435104E-02 | IK=       8/      55 | t=    6.979900 s | CA=  2.5828 | fact=  2.5783 | GF=  1.8187 | solve=  1.6903 | scatter=  0.0552
f=     3.650 Hz | ky=  0.489492E-02 | IK=       9/      55 | t=    6.980000 s | CA=  2.6069 | fact=  2.5537 | GF=  1.8194 | solve=  1.6944 | scatter=  0.0518
f=     3.650 Hz | ky=  0.543880E-02 | IK=      10/      55 | t=    7.000100 s | CA=  2.6061 | fact=  2.5797 | GF=  1.8143 | solve=  1.6868 | scatter=  0.0542
PARDISO mem (f=  3.65 Hz): sym=  1.95 GB  perm=  1.42 GB  num=  3.22 GB  
peak=  4.64 GB
 WD_amp= 6.08583E+13  RESID_RMS= 3.23841E-03  FCOST_DATA= 5.24365E-06  FCOST0= 5.24365E-06
BT: alpha=  1.4824E-01  phi=  5.2436E-06  rhs=  3.0962E-06
 UPDATEPARAMETER: f-scale only
UPDATEPARAMETER PAR_STEP min/max, V_STEP min/max =  7.4428774138E+01  1.6851537422E+02
  7.4428774138E+01  1.6851537422E+02
 running run_ik_loop_pardiso
before CA | VmRSS=  16.207 GB  VmHWM=  95.072 GB
after CA | VmRSS=  17.342 GB  VmHWM=  95.072 GB
after factor | VmRSS=  21.110 GB  VmHWM=  95.072 GB
f=     3.650 Hz | ky=  0.543880E-03 | IK=       1/      55 | t=   17.270800 s | CA=  2.5228 | fact= 12.8245 | GF=  1.9233 | solve=  1.7682 | scatter=  0.0523
f=     3.650 Hz | ky=  0.108776E-02 | IK=       2/      55 | t=    7.021600 s | CA=  2.6239 | fact=  2.5795 | GF=  1.8181 | solve=  1.6913 | scatter=  0.0538
f=     3.650 Hz | ky=  0.163164E-02 | IK=       3/      55 | t=    6.949800 s | CA=  2.5852 | fact=  2.5411 | GF=  1.8235 | solve=  1.6991 | scatter=  0.0512
f=     3.650 Hz | ky=  0.217552E-02 | IK=       4/      55 | t=    6.943000 s | CA=  2.5622 | fact=  2.5685 | GF=  1.8121 | solve=  1.6870 | scatter=  0.0521
f=     3.650 Hz | ky=  0.271940E-02 | IK=       5/      55 | t=    6.967100 s | CA=  2.5707 | fact=  2.5730 | GF=  1.8234 | solve=  1.6982 | scatter=  0.0520
f=     3.650 Hz | ky=  0.326328E-02 | IK=       6/      55 | t=    7.028300 s | CA=  2.6215 | fact=  2.5891 | GF=  1.8177 | solve=  1.6930 | scatter=  0.0516
f=     3.650 Hz | ky=  0.380716E-02 | IK=       7/      55 | t=    6.904500 s | CA=  2.5351 | fact=  2.5509 | GF=  1.8185 | solve=  1.6938 | scatter=  0.0514
f=     3.650 Hz | ky=  0.435104E-02 | IK=       8/      55 | t=    7.006600 s | CA=  2.6412 | fact=  2.5507 | GF=  1.8146 | solve=  1.6888 | scatter=  0.0526
f=     3.650 Hz | ky=  0.489492E-02 | IK=       9/      55 | t=    7.000300 s | CA=  2.5970 | fact=  2.5860 | GF=  1.8173 | solve=  1.6915 | scatter=  0.0527
f=     3.650 Hz | ky=  0.543880E-02 | IK=      10/      55 | t=    7.018600 s | CA=  2.6210 | fact=  2.5739 | GF=  1.8237 | solve=  1.6981 | scatter=  0.0525
PARDISO mem (f=  3.65 Hz): sym=  1.95 GB  perm=  1.42 GB  num=  3.22 GB  
peak=  4.64 GB
 WD_amp= 6.08583E+13  RESID_RMS= 2.82817E-03  FCOST_DATA= 3.99928E-06  FCOST0= 3.99928E-06
BT: alpha=  7.4121E-02  phi=  3.9993E-06  rhs=  3.0963E-06
 UPDATEPARAMETER: f-scale only
UPDATEPARAMETER PAR_STEP min/max, V_STEP min/max =  7.4582130649E+01  1.6847281641E+02
  7.4582130649E+01  1.6847281641E+02
 running run_ik_loop_pardiso
before CA | VmRSS=  16.228 GB  VmHWM=  95.072 GB
after CA | VmRSS=  16.836 GB  VmHWM=  95.072 GB
after factor | VmRSS=  20.593 GB  VmHWM=  95.072 GB
f=     3.650 Hz | ky=  0.543880E-03 | IK=       1/      55 | t=   17.340700 s | CA=  2.5637 | fact= 12.8641 | GF=  1.9127 | solve=  1.7574 | scatter=  0.0528
f=     3.650 Hz | ky=  0.108776E-02 | IK=       2/      55 | t=    7.002800 s | CA=  2.6235 | fact=  2.5644 | GF=  1.8148 | solve=  1.6888 | scatter=  0.0530
f=     3.650 Hz | ky=  0.163164E-02 | IK=       3/      55 | t=    6.914500 s | CA=  2.5627 | fact=  2.5328 | GF=  1.8190 | solve=  1.6925 | scatter=  0.0535
f=     3.650 Hz | ky=  0.217552E-02 | IK=       4/      55 | t=    6.993800 s | CA=  2.5949 | fact=  2.5791 | GF=  1.8197 | solve=  1.6918 | scatter=  0.0547
f=     3.650 Hz | ky=  0.271940E-02 | IK=       5/      55 | t=    6.923300 s | CA=  2.5600 | fact=  2.5650 | GF=  1.7982 | solve=  1.6718 | scatter=  0.0533
f=     3.650 Hz | ky=  0.326328E-02 | IK=       6/      55 | t=    6.942800 s | CA=  2.5929 | fact=  2.5765 | GF=  1.7734 | solve=  1.6476 | scatter=  0.0523
f=     3.650 Hz | ky=  0.380716E-02 | IK=       7/      55 | t=    6.903100 s | CA=  2.5754 | fact=  2.5539 | GF=  1.7737 | solve=  1.6485 | scatter=  0.0516
f=     3.650 Hz | ky=  0.435104E-02 | IK=       8/      55 | t=    6.921900 s | CA=  2.5841 | fact=  2.5723 | GF=  1.7655 | solve=  1.6406 | scatter=  0.0519
f=     3.650 Hz | ky=  0.489492E-02 | IK=       9/      55 | t=    6.907400 s | CA=  2.5517 | fact=  2.5780 | GF=  1.7776 | solve=  1.6520 | scatter=  0.0524
f=     3.650 Hz | ky=  0.543880E-02 | IK=      10/      55 | t=    6.923900 s | CA=  2.5908 | fact=  2.5641 | GF=  1.7690 | solve=  1.6457 | scatter=  0.0500
PARDISO mem (f=  3.65 Hz): sym=  1.95 GB  perm=  1.42 GB  num=  3.22 GB  
peak=  4.64 GB
 WD_amp= 6.08583E+13  RESID_RMS= 2.64650E-03  FCOST_DATA= 3.50197E-06  FCOST0= 3.50197E-06
BT: alpha=  3.7061E-02  phi=  3.5020E-06  rhs=  3.0963E-06
 UPDATEPARAMETER: f-scale only
UPDATEPARAMETER PAR_STEP min/max, V_STEP min/max =  7.4658808904E+01  1.6845153751E+02
  7.4658808904E+01  1.6845153751E+02
 running run_ik_loop_pardiso
before CA | VmRSS=  16.172 GB  VmHWM=  95.072 GB
after CA | VmRSS=  17.915 GB  VmHWM=  95.072 GB
after factor | VmRSS=  21.710 GB  VmHWM=  95.072 GB
f=     3.650 Hz | ky=  0.543880E-03 | IK=       1/      55 | t=   17.287300 s | CA=  2.4942 | fact= 12.8710 | GF=  1.9219 | solve=  1.7651 | scatter=  0.0542
f=     3.650 Hz | ky=  0.108776E-02 | IK=       2/      55 | t=    6.996000 s | CA=  2.6254 | fact=  2.5429 | GF=  1.8277 | solve=  1.6996 | scatter=  0.0548
f=     3.650 Hz | ky=  0.163164E-02 | IK=       3/      55 | t=    6.985800 s | CA=  2.5930 | fact=  2.5763 | GF=  1.8165 | solve=  1.6917 | scatter=  0.0515
f=     3.650 Hz | ky=  0.217552E-02 | IK=       4/      55 | t=    6.993600 s | CA=  2.5967 | fact=  2.5694 | GF=  1.8274 | solve=  1.6989 | scatter=  0.0552
f=     3.650 Hz | ky=  0.271940E-02 | IK=       5/      55 | t=    6.925600 s | CA=  2.5581 | fact=  2.5507 | GF=  1.8167 | solve=  1.6895 | scatter=  0.0541
f=     3.650 Hz | ky=  0.326328E-02 | IK=       6/      55 | t=    6.971400 s | CA=  2.6181 | fact=  2.5391 | GF=  1.8141 | solve=  1.6894 | scatter=  0.0517
f=     3.650 Hz | ky=  0.380716E-02 | IK=       7/      55 | t=    6.966800 s | CA=  2.5732 | fact=  2.5712 | GF=  1.8224 | solve=  1.6943 | scatter=  0.0550
f=     3.650 Hz | ky=  0.435104E-02 | IK=       8/      55 | t=    7.016200 s | CA=  2.6220 | fact=  2.5747 | GF=  1.8195 | solve=  1.6929 | scatter=  0.0534
f=     3.650 Hz | ky=  0.489492E-02 | IK=       9/      55 | t=    6.970500 s | CA=  2.5803 | fact=  2.5646 | GF=  1.8256 | solve=  1.6989 | scatter=  0.0535
f=     3.650 Hz | ky=  0.543880E-02 | IK=      10/      55 | t=    7.038700 s | CA=  2.6386 | fact=  2.5746 | GF=  1.8255 | solve=  1.6971 | scatter=  0.0552
PARDISO mem (f=  3.65 Hz): sym=  1.95 GB  perm=  1.42 GB  num=  3.22 GB  
peak=  4.64 GB
 WD_amp= 6.08583E+13  RESID_RMS= 2.56408E-03  FCOST_DATA= 3.28726E-06  FCOST0= 3.28726E-06
BT: alpha=  1.8530E-02  phi=  3.2873E-06  rhs=  3.0963E-06
 UPDATEPARAMETER: f-scale only
UPDATEPARAMETER PAR_STEP min/max, V_STEP min/max =  7.4697148032E+01  1.6844089805E+02
  7.4697148032E+01  1.6844089805E+02
 running run_ik_loop_pardiso
before CA | VmRSS=  16.294 GB  VmHWM=  95.072 GB
after CA | VmRSS=  17.931 GB  VmHWM=  95.072 GB
after factor | VmRSS=  21.718 GB  VmHWM=  95.072 GB
f=     3.650 Hz | ky=  0.543880E-03 | IK=       1/      55 | t=   17.292700 s | CA=  2.5147 | fact= 12.8526 | GF=  1.9251 | solve=  1.7675 | scatter=  0.0550
f=     3.650 Hz | ky=  0.108776E-02 | IK=       2/      55 | t=    6.996400 s | CA=  2.5999 | fact=  2.5778 | GF=  1.8187 | solve=  1.6924 | scatter=  0.0531
f=     3.650 Hz | ky=  0.163164E-02 | IK=       3/      55 | t=    6.982500 s | CA=  2.5878 | fact=  2.5787 | GF=  1.8160 | solve=  1.6911 | scatter=  0.0519
f=     3.650 Hz | ky=  0.217552E-02 | IK=       4/      55 | t=    6.946900 s | CA=  2.5983 | fact=  2.5357 | GF=  1.8129 | solve=  1.6900 | scatter=  0.0498
f=     3.650 Hz | ky=  0.271940E-02 | IK=       5/      55 | t=    6.975200 s | CA=  2.5687 | fact=  2.5865 | GF=  1.8199 | solve=  1.6935 | scatter=  0.0533
f=     3.650 Hz | ky=  0.326328E-02 | IK=       6/      55 | t=    6.990400 s | CA=  2.5829 | fact=  2.5879 | GF=  1.8195 | solve=  1.6920 | scatter=  0.0543
f=     3.650 Hz | ky=  0.380716E-02 | IK=       7/      55 | t=    6.932700 s | CA=  2.5513 | fact=  2.5551 | GF=  1.8262 | solve=  1.6972 | scatter=  0.0559
f=     3.650 Hz | ky=  0.435104E-02 | IK=       8/      55 | t=    6.952400 s | CA=  2.5847 | fact=  2.5488 | GF=  1.8188 | solve=  1.6915 | scatter=  0.0542
f=     3.650 Hz | ky=  0.489492E-02 | IK=       9/      55 | t=    6.987200 s | CA=  2.6017 | fact=  2.5657 | GF=  1.8198 | solve=  1.6925 | scatter=  0.0541
f=     3.650 Hz | ky=  0.543880E-02 | IK=      10/      55 | t=    6.965600 s | CA=  2.5875 | fact=  2.5540 | GF=  1.8241 | solve=  1.6951 | scatter=  0.0557
PARDISO mem (f=  3.65 Hz): sym=  1.95 GB  perm=  1.42 GB  num=  3.22 GB  
peak=  4.64 GB
 WD_amp= 6.08583E+13  RESID_RMS= 2.52538E-03  FCOST_DATA= 3.18876E-06  FCOST0= 3.18876E-06
BT: alpha=  9.2652E-03  phi=  3.1888E-06  rhs=  3.0963E-06
 UPDATEPARAMETER: f-scale only
UPDATEPARAMETER PAR_STEP min/max, V_STEP min/max =  7.4716317596E+01  1.6843557833E+02
  7.4716317596E+01  1.6843557833E+02
 running run_ik_loop_pardiso
before CA | VmRSS=  16.187 GB  VmHWM=  95.072 GB
after CA | VmRSS=  17.056 GB  VmHWM=  95.072 GB
after factor | VmRSS=  20.843 GB  VmHWM=  95.072 GB
f=     3.650 Hz | ky=  0.543880E-03 | IK=       1/      55 | t=   17.263300 s | CA=  2.4931 | fact= 12.8512 | GF=  1.9188 | solve=  1.7639 | scatter=  0.0522
f=     3.650 Hz | ky=  0.108776E-02 | IK=       2/      55 | t=    7.019300 s | CA=  2.6290 | fact=  2.5666 | GF=  1.8237 | solve=  1.6969 | scatter=  0.0538
f=     3.650 Hz | ky=  0.163164E-02 | IK=       3/      55 | t=    6.934700 s | CA=  2.5772 | fact=  2.5426 | GF=  1.8148 | solve=  1.6872 | scatter=  0.0546
f=     3.650 Hz | ky=  0.217552E-02 | IK=       4/      55 | t=    6.972800 s | CA=  2.5830 | fact=  2.5804 | GF=  1.8094 | solve=  1.6848 | scatter=  0.0515
f=     3.650 Hz | ky=  0.271940E-02 | IK=       5/      55 | t=    6.942800 s | CA=  2.5750 | fact=  2.5501 | GF=  1.8177 | solve=  1.6910 | scatter=  0.0536
f=     3.650 Hz | ky=  0.326328E-02 | IK=       6/      55 | t=    6.937300 s | CA=  2.5425 | fact=  2.5778 | GF=  1.8170 | solve=  1.6930 | scatter=  0.0509
f=     3.650 Hz | ky=  0.380716E-02 | IK=       7/      55 | t=    6.969700 s | CA=  2.5894 | fact=  2.5624 | GF=  1.8179 | solve=  1.6910 | scatter=  0.0539
f=     3.650 Hz | ky=  0.435104E-02 | IK=       8/      55 | t=    6.965400 s | CA=  2.5952 | fact=  2.5544 | GF=  1.8158 | solve=  1.6911 | scatter=  0.0516
f=     3.650 Hz | ky=  0.489492E-02 | IK=       9/      55 | t=    6.966400 s | CA=  2.6127 | fact=  2.5446 | GF=  1.8090 | solve=  1.6859 | scatter=  0.0499
f=     3.650 Hz | ky=  0.543880E-02 | IK=      10/      55 | t=    6.967200 s | CA=  2.6027 | fact=  2.5403 | GF=  1.8241 | solve=  1.6971 | scatter=  0.0538
PARDISO mem (f=  3.65 Hz): sym=  1.95 GB  perm=  1.42 GB  num=  3.22 GB  
peak=  4.64 GB
 WD_amp= 6.08583E+13  RESID_RMS= 2.50670E-03  FCOST_DATA= 3.14177E-06  FCOST0= 3.14177E-06
BT: alpha=  4.6326E-03  phi=  3.1418E-06  rhs=  3.0963E-06
 UPDATEPARAMETER: f-scale only
UPDATEPARAMETER PAR_STEP min/max, V_STEP min/max =  7.4725902377E+01  1.6843291847E+02
  7.4725902377E+01  1.6843291847E+02
 running run_ik_loop_pardiso
before CA | VmRSS=  16.922 GB  VmHWM=  95.072 GB
after CA | VmRSS=  16.977 GB  VmHWM=  95.072 GB
after factor | VmRSS=  20.744 GB  VmHWM=  95.072 GB
f=     3.650 Hz | ky=  0.543880E-03 | IK=       1/      55 | t=   17.305000 s | CA=  2.5381 | fact= 12.8436 | GF=  1.9231 | solve=  1.7681 | scatter=  0.0524
f=     3.650 Hz | ky=  0.108776E-02 | IK=       2/      55 | t=    6.938600 s | CA=  2.5834 | fact=  2.5388 | GF=  1.8164 | solve=  1.6909 | scatter=  0.0524
f=     3.650 Hz | ky=  0.163164E-02 | IK=       3/      55 | t=    6.971200 s | CA=  2.5734 | fact=  2.5790 | GF=  1.8188 | solve=  1.6922 | scatter=  0.0533
f=     3.650 Hz | ky=  0.217552E-02 | IK=       4/      55 | t=    6.975100 s | CA=  2.5803 | fact=  2.5789 | GF=  1.8159 | solve=  1.6881 | scatter=  0.0544
f=     3.650 Hz | ky=  0.271940E-02 | IK=       5/      55 | t=    6.974700 s | CA=  2.5773 | fact=  2.5835 | GF=  1.8139 | solve=  1.6879 | scatter=  0.0526
f=     3.650 Hz | ky=  0.326328E-02 | IK=       6/      55 | t=    6.980300 s | CA=  2.5887 | fact=  2.5751 | GF=  1.8165 | solve=  1.6903 | scatter=  0.0531
f=     3.650 Hz | ky=  0.380716E-02 | IK=       7/      55 | t=    6.952900 s | CA=  2.5854 | fact=  2.5463 | GF=  1.8212 | solve=  1.6932 | scatter=  0.0547
f=     3.650 Hz | ky=  0.435104E-02 | IK=       8/      55 | t=    7.015600 s | CA=  2.6224 | fact=  2.5700 | GF=  1.8231 | solve=  1.6958 | scatter=  0.0539
f=     3.650 Hz | ky=  0.489492E-02 | IK=       9/      55 | t=    6.967000 s | CA=  2.5669 | fact=  2.5851 | GF=  1.8149 | solve=  1.6890 | scatter=  0.0523
f=     3.650 Hz | ky=  0.543880E-02 | IK=      10/      55 | t=    6.958600 s | CA=  2.5481 | fact=  2.5903 | GF=  1.8201 | solve=  1.6939 | scatter=  0.0531
PARDISO mem (f=  3.65 Hz): sym=  1.95 GB  perm=  1.42 GB  num=  3.22 GB  
peak=  4.64 GB
 WD_amp= 6.08583E+13  RESID_RMS= 2.49754E-03  FCOST_DATA= 3.11885E-06  FCOST0= 3.11885E-06
BT: alpha=  2.3163E-03  phi=  3.1188E-06  rhs=  3.0963E-06
 UPDATEPARAMETER: f-scale only
UPDATEPARAMETER PAR_STEP min/max, V_STEP min/max =  7.4730694768E+01  1.6843158853E+02
  7.4730694768E+01  1.6843158853E+02
 running run_ik_loop_pardiso
before CA | VmRSS=  16.681 GB  VmHWM=  95.072 GB
after CA | VmRSS=  17.674 GB  VmHWM=  95.072 GB
after factor | VmRSS=  21.468 GB  VmHWM=  95.072 GB
f=     3.650 Hz | ky=  0.543880E-03 | IK=       1/      55 | t=   17.288500 s | CA=  2.4838 | fact= 12.8781 | GF=  1.9264 | solve=  1.7699 | scatter=  0.0534
f=     3.650 Hz | ky=  0.108776E-02 | IK=       2/      55 | t=    6.971500 s | CA=  2.5833 | fact=  2.5695 | GF=  1.8186 | solve=  1.6944 | scatter=  0.0510
f=     3.650 Hz | ky=  0.163164E-02 | IK=       3/      55 | t=    6.941700 s | CA=  2.5718 | fact=  2.5513 | GF=  1.8186 | solve=  1.6926 | scatter=  0.0525
f=     3.650 Hz | ky=  0.217552E-02 | IK=       4/      55 | t=    6.899900 s | CA=  2.5540 | fact=  2.5311 | GF=  1.8148 | solve=  1.6884 | scatter=  0.0533
f=     3.650 Hz | ky=  0.271940E-02 | IK=       5/      55 | t=    6.965100 s | CA=  2.6044 | fact=  2.5433 | GF=  1.8173 | solve=  1.6910 | scatter=  0.0531
f=     3.650 Hz | ky=  0.326328E-02 | IK=       6/      55 | t=    6.993500 s | CA=  2.6184 | fact=  2.5579 | GF=  1.8172 | solve=  1.6918 | scatter=  0.0523
f=     3.650 Hz | ky=  0.380716E-02 | IK=       7/      55 | t=    6.958200 s | CA=  2.5725 | fact=  2.5632 | GF=  1.8224 | solve=  1.6941 | scatter=  0.0552
f=     3.650 Hz | ky=  0.435104E-02 | IK=       8/      55 | t=    6.965000 s | CA=  2.5637 | fact=  2.5813 | GF=  1.8199 | solve=  1.6945 | scatter=  0.0525
f=     3.650 Hz | ky=  0.489492E-02 | IK=       9/      55 | t=    7.001900 s | CA=  2.5962 | fact=  2.5803 | GF=  1.8253 | solve=  1.6969 | scatter=  0.0552
f=     3.650 Hz | ky=  0.543880E-02 | IK=      10/      55 | t=    6.983600 s | CA=  2.5905 | fact=  2.5718 | GF=  1.8213 | solve=  1.6954 | scatter=  0.0528
PARDISO mem (f=  3.65 Hz): sym=  1.95 GB  perm=  1.42 GB  num=  3.22 GB  
peak=  4.64 GB
 WD_amp= 6.08583E+13  RESID_RMS= 2.49300E-03  FCOST_DATA= 3.10753E-06  FCOST0= 3.10753E-06
BT: alpha=  1.1581E-03  phi=  3.1075E-06  rhs=  3.0963E-06
 UPDATEPARAMETER: f-scale only
UPDATEPARAMETER PAR_STEP min/max, V_STEP min/max =  7.4733090964E+01  1.6843092357E+02
  7.4733090964E+01  1.6843092357E+02
 running run_ik_loop_pardiso
before CA | VmRSS=  16.194 GB  VmHWM=  95.072 GB
after CA | VmRSS=  17.308 GB  VmHWM=  95.072 GB
after factor | VmRSS=  21.103 GB  VmHWM=  95.072 GB
f=     3.650 Hz | ky=  0.543880E-03 | IK=       1/      55 | t=   17.297800 s | CA=  2.5119 | fact= 12.8656 | GF=  1.9200 | solve=  1.7648 | scatter=  0.0526
f=     3.650 Hz | ky=  0.108776E-02 | IK=       2/      55 | t=    7.019400 s | CA=  2.6175 | fact=  2.5731 | GF=  1.8288 | solve=  1.6997 | scatter=  0.0560
f=     3.650 Hz | ky=  0.163164E-02 | IK=       3/      55 | t=    6.934600 s | CA=  2.5429 | fact=  2.5716 | GF=  1.8201 | solve=  1.6924 | scatter=  0.0545
f=     3.650 Hz | ky=  0.217552E-02 | IK=       4/      55 | t=    6.993700 s | CA=  2.6144 | fact=  2.5639 | GF=  1.8154 | solve=  1.6879 | scatter=  0.0545
f=     3.650 Hz | ky=  0.271940E-02 | IK=       5/      55 | t=    6.925800 s | CA=  2.5771 | fact=  2.5342 | GF=  1.8145 | solve=  1.6876 | scatter=  0.0538
f=     3.650 Hz | ky=  0.326328E-02 | IK=       6/      55 | t=    6.947900 s | CA=  2.5521 | fact=  2.5769 | GF=  1.8189 | solve=  1.6927 | scatter=  0.0532
f=     3.650 Hz | ky=  0.380716E-02 | IK=       7/      55 | t=    6.963800 s | CA=  2.5762 | fact=  2.5723 | GF=  1.8153 | solve=  1.6893 | scatter=  0.0529
f=     3.650 Hz | ky=  0.435104E-02 | IK=       8/      55 | t=    6.939100 s | CA=  2.5953 | fact=  2.5260 | GF=  1.8178 | solve=  1.6904 | scatter=  0.0543
f=     3.650 Hz | ky=  0.489492E-02 | IK=       9/      55 | t=    7.001500 s | CA=  2.6062 | fact=  2.5739 | GF=  1.8213 | solve=  1.6965 | scatter=  0.0517
f=     3.650 Hz | ky=  0.543880E-02 | IK=      10/      55 | t=    6.960900 s | CA=  2.5710 | fact=  2.5752 | GF=  1.8147 | solve=  1.6882 | scatter=  0.0532
PARDISO mem (f=  3.65 Hz): sym=  1.95 GB  perm=  1.42 GB  num=  3.22 GB  
peak=  4.64 GB
 WD_amp= 6.08583E+13  RESID_RMS= 2.49074E-03  FCOST_DATA= 3.10190E-06  FCOST0= 3.10190E-06
BT: alpha=  5.7907E-04  phi=  3.1019E-06  rhs=  3.0963E-06
 UPDATEPARAMETER: f-scale only
UPDATEPARAMETER PAR_STEP min/max, V_STEP min/max =  7.4734289062E+01  1.6843059109E+02
  7.4734289062E+01  1.6843059109E+02
 running run_ik_loop_pardiso
before CA | VmRSS=  16.258 GB  VmHWM=  95.072 GB
after CA | VmRSS=  17.405 GB  VmHWM=  95.072 GB
after factor | VmRSS=  21.186 GB  VmHWM=  95.072 GB
f=     3.650 Hz | ky=  0.543880E-03 | IK=       1/      55 | t=   17.297400 s | CA=  2.5573 | fact= 12.8177 | GF=  1.9222 | solve=  1.7644 | scatter=  0.0552
f=     3.650 Hz | ky=  0.108776E-02 | IK=       2/      55 | t=    6.955400 s | CA=  2.5515 | fact=  2.5823 | GF=  1.8216 | solve=  1.6929 | scatter=  0.0556
f=     3.650 Hz | ky=  0.163164E-02 | IK=       3/      55 | t=    6.959200 s | CA=  2.5921 | fact=  2.5500 | GF=  1.8171 | solve=  1.6936 | scatter=  0.0504
f=     3.650 Hz | ky=  0.217552E-02 | IK=       4/      55 | t=    7.005900 s | CA=  2.6161 | fact=  2.5681 | GF=  1.8217 | solve=  1.6960 | scatter=  0.0527
f=     3.650 Hz | ky=  0.271940E-02 | IK=       5/      55 | t=    6.949600 s | CA=  2.5859 | fact=  2.5448 | GF=  1.8189 | solve=  1.6937 | scatter=  0.0522
f=     3.650 Hz | ky=  0.326328E-02 | IK=       6/      55 | t=    6.928600 s | CA=  2.5710 | fact=  2.5426 | GF=  1.8150 | solve=  1.6881 | scatter=  0.0539
f=     3.650 Hz | ky=  0.380716E-02 | IK=       7/      55 | t=    6.999800 s | CA=  2.6048 | fact=  2.5728 | GF=  1.8222 | solve=  1.6975 | scatter=  0.0516
f=     3.650 Hz | ky=  0.435104E-02 | IK=       8/      55 | t=    6.931200 s | CA=  2.5651 | fact=  2.5463 | GF=  1.8197 | solve=  1.6949 | scatter=  0.0516
f=     3.650 Hz | ky=  0.489492E-02 | IK=       9/      55 | t=    7.019100 s | CA=  2.6400 | fact=  2.5569 | GF=  1.8221 | solve=  1.6979 | scatter=  0.0510
f=     3.650 Hz | ky=  0.543880E-02 | IK=      10/      55 | t=    6.997400 s | CA=  2.6230 | fact=  2.5569 | GF=  1.8174 | solve=  1.6900 | scatter=  0.0542
PARDISO mem (f=  3.65 Hz): sym=  1.95 GB  perm=  1.42 GB  num=  3.22 GB  
peak=  4.64 GB
 WD_amp= 6.08583E+13  RESID_RMS= 2.48962E-03  FCOST_DATA= 3.09910E-06  FCOST0= 3.09910E-06
BT: alpha=  2.8954E-04  phi=  3.0991E-06  rhs=  3.0963E-06
 UPDATEPARAMETER: f-scale only
UPDATEPARAMETER PAR_STEP min/max, V_STEP min/max =  7.4734888111E+01  1.6843042484E+02
  7.4734888111E+01  1.6843042484E+02
 running run_ik_loop_pardiso
before CA | VmRSS=  16.203 GB  VmHWM=  95.072 GB
after CA | VmRSS=  17.453 GB  VmHWM=  95.072 GB
after factor | VmRSS=  21.250 GB  VmHWM=  95.072 GB
f=     3.650 Hz | ky=  0.543880E-03 | IK=       1/      55 | t=   17.221600 s | CA=  2.5114 | fact= 12.7886 | GF=  1.9213 | solve=  1.7649 | scatter=  0.0537
f=     3.650 Hz | ky=  0.108776E-02 | IK=       2/      55 | t=    6.985400 s | CA=  2.5927 | fact=  2.5767 | GF=  1.8160 | solve=  1.6903 | scatter=  0.0525
f=     3.650 Hz | ky=  0.163164E-02 | IK=       3/      55 | t=    6.962800 s | CA=  2.5751 | fact=  2.5750 | GF=  1.8126 | solve=  1.6882 | scatter=  0.0513
f=     3.650 Hz | ky=  0.217552E-02 | IK=       4/      55 | t=    6.935900 s | CA=  2.5440 | fact=  2.5711 | GF=  1.8208 | solve=  1.6936 | scatter=  0.0542
f=     3.650 Hz | ky=  0.271940E-02 | IK=       5/      55 | t=    7.011700 s | CA=  2.6126 | fact=  2.5744 | GF=  1.8246 | solve=  1.6980 | scatter=  0.0535
f=     3.650 Hz | ky=  0.326328E-02 | IK=       6/      55 | t=    6.987300 s | CA=  2.5748 | fact=  2.5841 | GF=  1.8284 | solve=  1.7019 | scatter=  0.0534
f=     3.650 Hz | ky=  0.380716E-02 | IK=       7/      55 | t=    6.926800 s | CA=  2.5442 | fact=  2.5594 | GF=  1.8231 | solve=  1.6990 | scatter=  0.0510
f=     3.650 Hz | ky=  0.435104E-02 | IK=       8/      55 | t=    6.973700 s | CA=  2.5748 | fact=  2.5833 | GF=  1.8155 | solve=  1.6901 | scatter=  0.0524
f=     3.650 Hz | ky=  0.489492E-02 | IK=       9/      55 | t=    7.042800 s | CA=  2.6366 | fact=  2.5819 | GF=  1.8242 | solve=  1.6971 | scatter=  0.0539
f=     3.650 Hz | ky=  0.543880E-02 | IK=      10/      55 | t=    6.963900 s | CA=  2.5635 | fact=  2.5753 | GF=  1.8251 | solve=  1.6999 | scatter=  0.0520
PARDISO mem (f=  3.65 Hz): sym=  1.95 GB  perm=  1.42 GB  num=  3.22 GB  
peak=  4.64 GB
 WD_amp= 6.08583E+13  RESID_RMS= 2.48906E-03  FCOST_DATA= 3.09770E-06  FCOST0= 3.09770E-06
BT: alpha=  1.4477E-04  phi=  3.0977E-06  rhs=  3.0963E-06
 UPDATEPARAMETER: f-scale only
UPDATEPARAMETER PAR_STEP min/max, V_STEP min/max =  7.4735187635E+01  1.6843034172E+02
  7.4735187635E+01  1.6843034172E+02
 running run_ik_loop_pardiso
before CA | VmRSS=  16.224 GB  VmHWM=  95.072 GB
after CA | VmRSS=  17.426 GB  VmHWM=  95.072 GB
after factor | VmRSS=  21.178 GB  VmHWM=  95.072 GB
f=     3.650 Hz | ky=  0.543880E-03 | IK=       1/      55 | t=   17.277200 s | CA=  2.5101 | fact= 12.8477 | GF=  1.9192 | solve=  1.7644 | scatter=  0.0523
f=     3.650 Hz | ky=  0.108776E-02 | IK=       2/      55 | t=    6.931100 s | CA=  2.5906 | fact=  2.5277 | GF=  1.8128 | solve=  1.6868 | scatter=  0.0528
f=     3.650 Hz | ky=  0.163164E-02 | IK=       3/      55 | t=    6.985000 s | CA=  2.5949 | fact=  2.5763 | GF=  1.8137 | solve=  1.6889 | scatter=  0.0516
f=     3.650 Hz | ky=  0.217552E-02 | IK=       4/      55 | t=    6.921800 s | CA=  2.5947 | fact=  2.5126 | GF=  1.8145 | solve=  1.6903 | scatter=  0.0511
f=     3.650 Hz | ky=  0.271940E-02 | IK=       5/      55 | t=    6.972800 s | CA=  2.5829 | fact=  2.5716 | GF=  1.8183 | solve=  1.6932 | scatter=  0.0519
f=     3.650 Hz | ky=  0.326328E-02 | IK=       6/      55 | t=    6.979300 s | CA=  2.5933 | fact=  2.5685 | GF=  1.8174 | solve=  1.6913 | scatter=  0.0529
f=     3.650 Hz | ky=  0.380716E-02 | IK=       7/      55 | t=    6.948000 s | CA=  2.5855 | fact=  2.5454 | GF=  1.8170 | solve=  1.6914 | scatter=  0.0523
f=     3.650 Hz | ky=  0.435104E-02 | IK=       8/      55 | t=    7.038600 s | CA=  2.6454 | fact=  2.5767 | GF=  1.8164 | solve=  1.6902 | scatter=  0.0531
f=     3.650 Hz | ky=  0.489492E-02 | IK=       9/      55 | t=    7.057900 s | CA=  2.6766 | fact=  2.5684 | GF=  1.8129 | solve=  1.6877 | scatter=  0.0519
f=     3.650 Hz | ky=  0.543880E-02 | IK=      10/      55 | t=    6.978300 s | CA=  2.5725 | fact=  2.5860 | GF=  1.8198 | solve=  1.6949 | scatter=  0.0518
PARDISO mem (f=  3.65 Hz): sym=  1.95 GB  perm=  1.42 GB  num=  3.22 GB  
peak=  4.64 GB
 WD_amp= 6.08583E+13  RESID_RMS= 2.48878E-03  FCOST_DATA= 3.09700E-06  FCOST0= 3.09700E-06
BT: alpha=  7.2384E-05  phi=  3.0970E-06  rhs=  3.0963E-06
 UPDATEPARAMETER: f-scale only
UPDATEPARAMETER PAR_STEP min/max, V_STEP min/max =  7.4735337397E+01  1.6843030016E+02
  7.4735337397E+01  1.6843030016E+02
 running run_ik_loop_pardiso
before CA | VmRSS=  16.223 GB  VmHWM=  95.072 GB
after CA | VmRSS=  17.375 GB  VmHWM=  95.072 GB
after factor | VmRSS=  21.137 GB  VmHWM=  95.072 GB
f=     3.650 Hz | ky=  0.543880E-03 | IK=       1/      55 | t=   17.240000 s | CA=  2.4901 | fact= 12.8325 | GF=  1.9172 | solve=  1.7627 | scatter=  0.0521
f=     3.650 Hz | ky=  0.108776E-02 | IK=       2/      55 | t=    6.881900 s | CA=  2.5389 | fact=  2.5296 | GF=  1.8133 | solve=  1.6854 | scatter=  0.0547
f=     3.650 Hz | ky=  0.163164E-02 | IK=       3/      55 | t=    7.014200 s | CA=  2.6254 | fact=  2.5721 | GF=  1.8166 | solve=  1.6904 | scatter=  0.0531
f=     3.650 Hz | ky=  0.217552E-02 | IK=       4/      55 | t=    6.950800 s | CA=  2.5856 | fact=  2.5467 | GF=  1.8185 | solve=  1.6914 | scatter=  0.0540
f=     3.650 Hz | ky=  0.271940E-02 | IK=       5/      55 | t=    6.948100 s | CA=  2.5733 | fact=  2.5528 | GF=  1.8220 | solve=  1.6941 | scatter=  0.0547
f=     3.650 Hz | ky=  0.326328E-02 | IK=       6/      55 | t=    6.976000 s | CA=  2.5794 | fact=  2.5713 | GF=  1.8252 | solve=  1.6977 | scatter=  0.0544
f=     3.650 Hz | ky=  0.380716E-02 | IK=       7/      55 | t=    6.932100 s | CA=  2.5702 | fact=  2.5445 | GF=  1.8173 | solve=  1.6919 | scatter=  0.0524
f=     3.650 Hz | ky=  0.435104E-02 | IK=       8/      55 | t=    6.955900 s | CA=  2.5755 | fact=  2.5651 | GF=  1.8152 | solve=  1.6916 | scatter=  0.0505
f=     3.650 Hz | ky=  0.489492E-02 | IK=       9/      55 | t=    6.962300 s | CA=  2.6240 | fact=  2.5193 | GF=  1.8190 | solve=  1.6917 | scatter=  0.0539
f=     3.650 Hz | ky=  0.543880E-02 | IK=      10/      55 | t=    6.947900 s | CA=  2.5669 | fact=  2.5618 | GF=  1.8192 | solve=  1.6906 | scatter=  0.0553
PARDISO mem (f=  3.65 Hz): sym=  1.95 GB  perm=  1.42 GB  num=  3.22 GB  
peak=  4.64 GB
 WD_amp= 6.08583E+13  RESID_RMS= 2.48864E-03  FCOST_DATA= 3.09665E-06  FCOST0= 3.09665E-06
BT: alpha=  3.6192E-05  phi=  3.0967E-06  rhs=  3.0963E-06
 UPDATEPARAMETER: f-scale only
UPDATEPARAMETER PAR_STEP min/max, V_STEP min/max =  7.4735445780E+01  1.6843027009E+02
  7.4735445780E+01  1.6843027009E+02
 running run_ik_loop_pardiso
before CA | VmRSS=  16.941 GB  VmHWM=  95.072 GB
after CA | VmRSS=  17.500 GB  VmHWM=  95.072 GB
after factor | VmRSS=  21.269 GB  VmHWM=  95.072 GB
f=     3.650 Hz | ky=  0.543880E-03 | IK=       1/      55 | t=   17.345200 s | CA=  2.5971 | fact= 12.8281 | GF=  1.9198 | solve=  1.7637 | scatter=  0.0537
f=     3.650 Hz | ky=  0.108776E-02 | IK=       2/      55 | t=    6.965100 s | CA=  2.5816 | fact=  2.5694 | GF=  1.8141 | solve=  1.6902 | scatter=  0.0504
f=     3.650 Hz | ky=  0.163164E-02 | IK=       3/      55 | t=    6.943400 s | CA=  2.5810 | fact=  2.5427 | GF=  1.8196 | solve=  1.6925 | scatter=  0.0540
f=     3.650 Hz | ky=  0.217552E-02 | IK=       4/      55 | t=    6.952000 s | CA=  2.5854 | fact=  2.5459 | GF=  1.8206 | solve=  1.6963 | scatter=  0.0512
f=     3.650 Hz | ky=  0.271940E-02 | IK=       5/      55 | t=    7.048200 s | CA=  2.6583 | fact=  2.5748 | GF=  1.8151 | solve=  1.6891 | scatter=  0.0530
f=     3.650 Hz | ky=  0.326328E-02 | IK=       6/      55 | t=    6.972100 s | CA=  2.5884 | fact=  2.5587 | GF=  1.8249 | solve=  1.6997 | scatter=  0.0520
f=     3.650 Hz | ky=  0.380716E-02 | IK=       7/      55 | t=    7.016100 s | CA=  2.6167 | fact=  2.5703 | GF=  1.8291 | solve=  1.7008 | scatter=  0.0552
f=     3.650 Hz | ky=  0.435104E-02 | IK=       8/      55 | t=    7.034900 s | CA=  2.6537 | fact=  2.5614 | GF=  1.8197 | solve=  1.6915 | scatter=  0.0550
f=     3.650 Hz | ky=  0.489492E-02 | IK=       9/      55 | t=    7.008900 s | CA=  2.6006 | fact=  2.5888 | GF=  1.8195 | solve=  1.6931 | scatter=  0.0534
f=     3.650 Hz | ky=  0.543880E-02 | IK=      10/      55 | t=    7.084800 s | CA=  2.6910 | fact=  2.5788 | GF=  1.8150 | solve=  1.6913 | scatter=  0.0503
PARDISO mem (f=  3.65 Hz): sym=  1.95 GB  perm=  1.42 GB  num=  3.22 GB  
peak=  4.64 GB
 WD_amp= 6.08583E+13  RESID_RMS= 2.48853E-03  FCOST_DATA= 3.09640E-06  FCOST0= 3.09640E-06
 Backtrack: failed after MAX_IT
 Line search failed (IFLAG=          11 ), inversion diverged.
 --------- Frequency   3.95000000000000       (band            1 )
[ComputeAcqWeight] empty acq_weight_file, using uniform weights = 1.0
Data weighting computed for frequency 4607182418800017373
XSRmin, XSRmax, ZSRmin, ZSRMax -1960.000000000000 .000000000000000 2050.000000000000 4030.000000000000
1 FKYC
1.2 FKYC
my_rank, FKYC,WLMAX, RMAX 0 .3237206343046874E-01 1296.906024010828 2786.036611389018
1.1 NK
NK in cky2= 55

  Number of wavenumber samples (NK) for FREQ =   55
Data weighting computed for frequency 4607182418800017373
Data weighting computed for frequency 4607182418800017373
Data weighting computed for frequency 4607182418800017373
Data weighting computed for frequency 4607182418800017373
Data weighting computed for frequency 4607182418800017373
  RMAX = 2786.04
--- Pre-solver preview (memory + RHS workload) ---
   GQG dims: NNX=       585  NNZ=       317  NPT=    185445
   DOF:     N=3*NPT =    556335
   Sources: NSR=       100  NSS=        20  NK=        55
   RHS total (per IK): nrhs_tot=3*NSS =        60
   Batch:    MAX_RHS_BATCH=        32  nbatches=         2
   GFMY  (GFX+GFY+GFZ):         13.679 GB
   RHS_MY(rhs+sol buffers):      0.531 GB
 
 running run_ik_loop_pardiso
before CA | VmRSS=  15.373 GB  VmHWM=  95.072 GB
after CA | VmRSS=  16.001 GB  VmHWM=  95.072 GB
after factor | VmRSS=  19.767 GB  VmHWM=  95.072 GB
f=     3.950 Hz | ky=  0.588583E-03 | IK=       1/      55 | t=   17.270700 s | CA=  2.5295 | fact= 12.8225 | GF=  1.9185 | solve=  1.7611 | scatter=  0.0549
f=     3.950 Hz | ky=  0.117717E-02 | IK=       2/      55 | t=    6.925300 s | CA=  2.5569 | fact=  2.5597 | GF=  1.8087 | solve=  1.6844 | scatter=  0.0511
f=     3.950 Hz | ky=  0.176575E-02 | IK=       3/      55 | t=    6.982500 s | CA=  2.5955 | fact=  2.5776 | GF=  1.8094 | solve=  1.6842 | scatter=  0.0521
f=     3.950 Hz | ky=  0.235433E-02 | IK=       4/      55 | t=    6.969500 s | CA=  2.5948 | fact=  2.5583 | GF=  1.8163 | solve=  1.6901 | scatter=  0.0531
f=     3.950 Hz | ky=  0.294291E-02 | IK=       5/      55 | t=    6.976100 s | CA=  2.5892 | fact=  2.5683 | GF=  1.8186 | solve=  1.6929 | scatter=  0.0527
f=     3.950 Hz | ky=  0.353150E-02 | IK=       6/      55 | t=    6.957900 s | CA=  2.5714 | fact=  2.5688 | GF=  1.8176 | solve=  1.6905 | scatter=  0.0540
f=     3.950 Hz | ky=  0.412008E-02 | IK=       7/      55 | t=    6.923100 s | CA=  2.5987 | fact=  2.5137 | GF=  1.8106 | solve=  1.6865 | scatter=  0.0512
f=     3.950 Hz | ky=  0.470866E-02 | IK=       8/      55 | t=    6.962000 s | CA=  2.5787 | fact=  2.5657 | GF=  1.8176 | solve=  1.6905 | scatter=  0.0540
f=     3.950 Hz | ky=  0.529725E-02 | IK=       9/      55 | t=    6.941000 s | CA=  2.5581 | fact=  2.5626 | GF=  1.8203 | solve=  1.6944 | scatter=  0.0528
f=     3.950 Hz | ky=  0.588583E-02 | IK=      10/      55 | t=    6.964500 s | CA=  2.5598 | fact=  2.5858 | GF=  1.8189 | solve=  1.6930 | scatter=  0.0527
PARDISO mem (f=  3.95 Hz): sym=  1.95 GB  perm=  1.42 GB  num=  3.22 GB  
peak=  4.64 GB
t_global   =    111.067 s
TIME for 1st forward modeling =  1.850983301798503  min
TIME for GT0 =  .5243333180745443E-02  min
Data scaler W for L2 norm: 62317002446034.46
Data scaler W for WQS norm: .1007948000807317E-312
Total number of active inversion parameters for current sequential stage (IM):          1
Total model blocks points (NM = IM * NBLOCK):      11534 on grid (NMM = IM * NPT):    185445
 Gradient balance ():   1.00000000000000        1.00000000000000     
   1.00000000000000        1.00000000000000        1.00000000000000     
   1.00000000000000        1.00000000000000        1.00000000000000     
   1.00000000000000        1.00000000000000        1.00000000000000     
 IE0, IZ          30           0
 IE0, IZ, GZ1, GZ2 =           30           0   100.000000000000     
   300.000000000000     
  
 Frequency:           4 Iteration:           1
--- Pre-solver preview (memory + RHS workload) ---
   GQG dims: NNX=       585  NNZ=       317  NPT=    185445
   DOF:     N=3*NPT =    556335
   Sources: NSR=       100  NSS=       100  NK=        55
   RHS total (per IK): nrhs_tot=3*NSS =       300
   Batch:    MAX_RHS_BATCH=        32  nbatches=        10
   GFMY  (GFX+GFY+GFZ):         68.393 GB
   RHS_MY(rhs+sol buffers):      0.531 GB
 
 running run_ik_loop_pardiso
before CA | VmRSS=  70.919 GB  VmHWM=  95.072 GB
after CA | VmRSS=  72.203 GB  VmHWM=  95.072 GB
after factor | VmRSS=  75.963 GB  VmHWM=  95.072 GB
f=     3.950 Hz | ky=  0.588583E-03 | IK=       1/      55 | t=   24.296600 s | CA=  2.5005 | fact= 12.8133 | GF=  8.9826 | solve=  8.3132 | scatter=  0.2589
f=     3.950 Hz | ky=  0.117717E-02 | IK=       2/      55 | t=   14.019000 s | CA=  2.6002 | fact=  2.5462 | GF=  8.8725 | solve=  8.2337 | scatter=  0.2582
f=     3.950 Hz | ky=  0.176575E-02 | IK=       3/      55 | t=   13.973400 s | CA=  2.5605 | fact=  2.5546 | GF=  8.8582 | solve=  8.2188 | scatter=  0.2592
f=     3.950 Hz | ky=  0.235433E-02 | IK=       4/      55 | t=   14.023100 s | CA=  2.6008 | fact=  2.5655 | GF=  8.8567 | solve=  8.2208 | scatter=  0.2558
f=     3.950 Hz | ky=  0.294291E-02 | IK=       5/      55 | t=   14.047300 s | CA=  2.6033 | fact=  2.5559 | GF=  8.8880 | solve=  8.2502 | scatter=  0.2574
f=     3.950 Hz | ky=  0.353150E-02 | IK=       6/      55 | t=   14.133400 s | CA=  2.6624 | fact=  2.5770 | GF=  8.8939 | solve=  8.2503 | scatter=  0.2626
f=     3.950 Hz | ky=  0.412008E-02 | IK=       7/      55 | t=   14.039200 s | CA=  2.5817 | fact=  2.5669 | GF=  8.8906 | solve=  8.2509 | scatter=  0.2591
f=     3.950 Hz | ky=  0.470866E-02 | IK=       8/      55 | t=   14.029300 s | CA=  2.5945 | fact=  2.5524 | GF=  8.8823 | solve=  8.2431 | scatter=  0.2585
f=     3.950 Hz | ky=  0.529725E-02 | IK=       9/      55 | t=   14.036200 s | CA=  2.6006 | fact=  2.5528 | GF=  8.8828 | solve=  8.2457 | scatter=  0.2563
f=     3.950 Hz | ky=  0.588583E-02 | IK=      10/      55 | t=   14.090800 s | CA=  2.6003 | fact=  2.5948 | GF=  8.8957 | solve=  8.2594 | scatter=  0.2555
PARDISO mem (f=  3.95 Hz): sym=  1.95 GB  perm=  1.42 GB  num=  3.22 GB  
peak=  4.64 GB
t_global   =    305.288 s
TIME for 2d forward modeling_i calc =  5.085908508300781 min
Rank    5 -> ID range:   4001 to   4800 | Tasks:    800
Rank    4 -> ID range:   3201 to   4000 | Tasks:    800
Rank    1 -> ID range:    801 to   1600 | Tasks:    800
Rank    2 -> ID range:   1601 to   2400 | Tasks:    800
Rank    3 -> ID range:   2401 to   3200 | Tasks:    800
  
 -------------- calculate Frechet derivatives -----------
 IFREQ =           4    ITERATION =           1
Frechet memory size Frec_my:      0.825 (Gb)
Rank    0 -> ID range:      1 to    800 | Tasks:    800
FREQ:      4.0 Hz, ITER=       1  Frechet Derivative ID=     100/    4800 Finished   0.211000 s
FREQ:      4.0 Hz, ITER=       1  Frechet Derivative ID=     200/    4800 Finished   0.211800 s
FREQ:      4.0 Hz, ITER=       1  Frechet Derivative ID=     300/    4800 Finished   0.211100 s
FREQ:      4.0 Hz, ITER=       1  Frechet Derivative ID=     400/    4800 Finished   0.198500 s
FREQ:      4.0 Hz, ITER=       1  Frechet Derivative ID=     500/    4800 Finished   0.212600 s
FREQ:      4.0 Hz, ITER=       1  Frechet Derivative ID=     600/    4800 Finished   0.213600 s
FREQ:      4.0 Hz, ITER=       1  Frechet Derivative ID=     700/    4800 Finished   0.216600 s
FREQ:      4.0 Hz, ITER=       1  Frechet Derivative ID=     800/    4800 Finished   0.218200 s
||Frechet||_F=  3.7161E-13max|Frechet|=  2.7736E-18
||Frechet||_F=  3.7161E-13max|Frechet|=  2.7736E-18
||Frechet||_F=  3.7161E-13max|Frechet|=  2.7736E-18
||Frechet||_F=  3.7161E-13max|Frechet|=  2.7736E-18
||Frechet||_F=  3.7161E-13max|Frechet|=  2.7736E-18
 
TIME for Frechet calc =  2.967111714680990 min
 
m_fine: min=  7.4735E+01  max=  1.6843E+02  mean=  1.3482E+02  ||.||2=  6.0106E+04  size=  185445
m_coarse_prev: min=  7.5277E+01  max=  1.6831E+02  mean=  1.3485E+02  ||.||2=  1.4992E+04  size=   11534
 
  compute the residual and the cost function
 WD_amp= 6.23170E+13  RESID_RMS= 2.58020E-03  FCOST_DATA= 3.32872E-06  FCOST0= 3.32872E-06
||Frechet||_F=  3.7161E-13max|Frechet|=  2.7736E-18
IA=  7  H(single F0) min= 0.00000E+00  max= 1.10512E-02
IA=  7  H(F0^2)     min= 0.00000E+00  max= 1.10512E-02
HESSD: ia=   7  min= 0.00000E+00  max= 1.29265E+04
IA=  7  H(single F0) min= 0.00000E+00  max= 1.10512E-02
IA=  7  H(F0^2)     min= 0.00000E+00  max= 1.10512E-02
HESSD: ia=   7  min= 0.00000E+00  max= 1.29265E+04
IA=  7  H(single F0) min= 0.00000E+00  max= 1.10512E-02
IA=  7  H(F0^2)     min= 0.00000E+00  max= 1.10512E-02
HESSD: ia=   7  min= 0.00000E+00  max= 1.29265E+04
IA=  7  H(single F0) min= 0.00000E+00  max= 1.10512E-02
IA=  7  H(F0^2)     min= 0.00000E+00  max= 1.10512E-02
HESSD: ia=   7  min= 0.00000E+00  max= 1.29265E+04
IA=  7  H(single F0) min= 0.00000E+00  max= 1.10512E-02
IA=  7  H(F0^2)     min= 0.00000E+00  max= 1.10512E-02
HESSD: ia=   7  min= 0.00000E+00  max= 1.29265E+04
IA=  7  H(single F0) min= 0.00000E+00  max= 1.10512E-02
IA=  7  H(F0^2)     min= 0.00000E+00  max= 1.10512E-02
HESSD: ia=   7  min= 0.00000E+00  max= 1.29265E+04
Grad block   7 GRAD_SCALED MORM =   1.2945E-04
Raw grad block  7  PAR={Q11}  min= -2.6189E-09  max=  2.4884E-09  L2=  2.2665E-08
Gradient finished
Start LBFGS 
LBFGS steepest step , iter=      1
  g·p = -7.1673E-06  ||p|| =  1.9907E-01
  min(p)= -2.0309E-03  max(p)=  1.3192E-02
LBFGS p_k (unscaled) stats per active parameter:
  IA=  7  PAR={Q11}  min=-1.25543E+01  max= 8.15486E+01  L2= 1.23059E+03
min(p_k)= -2.0309E-03  max(p_k)=  1.3192E-02  ||p_k||=  1.9907E-01
min(p_kf)= -2.0309E-03  max(p_kf)=  1.3192E-02  ||p_kf||=  7.9628E-01
p_k/p_kf  =   2.5000E-01
Start linesearch
BT entry: phi(0)=  3.3287E-06  g·p(0)= -7.1673E-06
 UPDATEPARAMETER: f-scale only
UPDATEPARAMETER PAR_STEP min/max, V_STEP min/max =  7.3085319966E+01  1.8682646012E+02
  7.3085319966E+01  1.8682646012E+02
REL STEP Q      : k=  7 row=  2 rmax_k=  7.9203E-01 row_scale=  1.6843E+02
BT cap probe: rmax1=  7.9203E-01  alpha_cap=  6.3129E-01  alpha00=  1.0000E+00
 UPDATEPARAMETER: f-scale only
UPDATEPARAMETER PAR_STEP min/max, V_STEP min/max =  7.5009992792E+01  1.6918101161E+02
  7.5009992792E+01  1.6918101161E+02
 running run_ik_loop_pardiso
before CA | VmRSS=  16.217 GB  VmHWM=  95.072 GB
after CA | VmRSS=  17.951 GB  VmHWM=  95.072 GB
after factor | VmRSS=  21.712 GB  VmHWM=  95.072 GB
f=     3.950 Hz | ky=  0.588583E-03 | IK=       1/      55 | t=   17.285200 s | CA=  2.5093 | fact= 12.8476 | GF=  1.9281 | solve=  1.7726 | scatter=  0.0525
f=     3.950 Hz | ky=  0.117717E-02 | IK=       2/      55 | t=    6.997100 s | CA=  2.5972 | fact=  2.5793 | GF=  1.8205 | solve=  1.6951 | scatter=  0.0522
f=     3.950 Hz | ky=  0.176575E-02 | IK=       3/      55 | t=    6.953300 s | CA=  2.5742 | fact=  2.5624 | GF=  1.8167 | solve=  1.6915 | scatter=  0.0521
f=     3.950 Hz | ky=  0.235433E-02 | IK=       4/      55 | t=    6.978800 s | CA=  2.6391 | fact=  2.5145 | GF=  1.8252 | solve=  1.6979 | scatter=  0.0540
f=     3.950 Hz | ky=  0.294291E-02 | IK=       5/      55 | t=    6.981600 s | CA=  2.5952 | fact=  2.5711 | GF=  1.8153 | solve=  1.6894 | scatter=  0.0525
f=     3.950 Hz | ky=  0.353150E-02 | IK=       6/      55 | t=    7.030100 s | CA=  2.6147 | fact=  2.5889 | GF=  1.8265 | solve=  1.7015 | scatter=  0.0517
f=     3.950 Hz | ky=  0.412008E-02 | IK=       7/      55 | t=    6.962200 s | CA=  2.5427 | fact=  2.5955 | GF=  1.8239 | solve=  1.6962 | scatter=  0.0545
f=     3.950 Hz | ky=  0.470866E-02 | IK=       8/      55 | t=    6.992300 s | CA=  2.5994 | fact=  2.5730 | GF=  1.8199 | solve=  1.6931 | scatter=  0.0537
f=     3.950 Hz | ky=  0.529725E-02 | IK=       9/      55 | t=    6.988200 s | CA=  2.6090 | fact=  2.5619 | GF=  1.8173 | solve=  1.6918 | scatter=  0.0524
f=     3.950 Hz | ky=  0.588583E-02 | IK=      10/      55 | t=    7.037300 s | CA=  2.6245 | fact=  2.5884 | GF=  1.8243 | solve=  1.6975 | scatter=  0.0536
PARDISO mem (f=  3.95 Hz): sym=  1.95 GB  perm=  1.42 GB  num=  3.22 GB  
peak=  4.64 GB
 WD_amp= 6.23170E+13  RESID_RMS= 8.64438E-03  FCOST_DATA= 3.73627E-05  FCOST0= 3.73627E-05
BT: alpha=  6.3129E-01  phi=  3.7363E-05  rhs=  3.3283E-06
 UPDATEPARAMETER: f-scale only
UPDATEPARAMETER PAR_STEP min/max, V_STEP min/max =  7.6657673935E+01  1.6879695447E+02
  7.6657673935E+01  1.6879695447E+02
 running run_ik_loop_pardiso
before CA | VmRSS=  16.893 GB  VmHWM=  95.072 GB
after CA | VmRSS=  17.471 GB  VmHWM=  95.072 GB
after factor | VmRSS=  21.229 GB  VmHWM=  95.072 GB
f=     3.950 Hz | ky=  0.588583E-03 | IK=       1/      55 | t=   17.269700 s | CA=  2.5179 | fact= 12.8330 | GF=  1.9185 | solve=  1.7648 | scatter=  0.0511
f=     3.950 Hz | ky=  0.117717E-02 | IK=       2/      55 | t=    6.977100 s | CA=  2.5658 | fact=  2.5887 | GF=  1.8226 | solve=  1.6979 | scatter=  0.0516
f=     3.950 Hz | ky=  0.176575E-02 | IK=       3/      55 | t=    6.995900 s | CA=  2.6246 | fact=  2.5574 | GF=  1.8139 | solve=  1.6888 | scatter=  0.0520
f=     3.950 Hz | ky=  0.235433E-02 | IK=       4/      55 | t=    7.038600 s | CA=  2.6420 | fact=  2.5743 | GF=  1.8223 | solve=  1.6977 | scatter=  0.0514
f=     3.950 Hz | ky=  0.294291E-02 | IK=       5/      55 | t=    6.951600 s | CA=  2.5883 | fact=  2.5469 | GF=  1.8163 | solve=  1.6926 | scatter=  0.0506
f=     3.950 Hz | ky=  0.353150E-02 | IK=       6/      55 | t=    6.988300 s | CA=  2.6039 | fact=  2.5722 | GF=  1.8122 | solve=  1.6882 | scatter=  0.0508
f=     3.950 Hz | ky=  0.412008E-02 | IK=       7/      55 | t=    6.951700 s | CA=  2.5692 | fact=  2.5589 | GF=  1.8235 | solve=  1.6972 | scatter=  0.0531
f=     3.950 Hz | ky=  0.470866E-02 | IK=       8/      55 | t=    6.973800 s | CA=  2.5971 | fact=  2.5617 | GF=  1.8150 | solve=  1.6902 | scatter=  0.0515
f=     3.950 Hz | ky=  0.529725E-02 | IK=       9/      55 | t=    6.952000 s | CA=  2.5905 | fact=  2.5394 | GF=  1.8220 | solve=  1.6971 | scatter=  0.0517
f=     3.950 Hz | ky=  0.588583E-02 | IK=      10/      55 | t=    7.010100 s | CA=  2.5935 | fact=  2.5881 | GF=  1.8285 | solve=  1.7039 | scatter=  0.0514
PARDISO mem (f=  3.95 Hz): sym=  1.95 GB  perm=  1.42 GB  num=  3.22 GB  
peak=  4.64 GB
 WD_amp= 6.23170E+13  RESID_RMS= 5.53749E-03  FCOST_DATA= 1.53319E-05  FCOST0= 1.53319E-05
BT: alpha=  3.1565E-01  phi=  1.5332E-05  rhs=  3.3285E-06
 UPDATEPARAMETER: f-scale only
UPDATEPARAMETER PAR_STEP min/max, V_STEP min/max =  7.5916709270E+01  1.6860718006E+02
  7.5916709270E+01  1.6860718006E+02
 running run_ik_loop_pardiso
before CA | VmRSS=  16.225 GB  VmHWM=  95.072 GB
after CA | VmRSS=  17.467 GB  VmHWM=  95.072 GB
after factor | VmRSS=  21.232 GB  VmHWM=  95.072 GB
f=     3.950 Hz | ky=  0.588583E-03 | IK=       1/      55 | t=   17.289600 s | CA=  2.5220 | fact= 12.8403 | GF=  1.9271 | solve=  1.7706 | scatter=  0.0538
f=     3.950 Hz | ky=  0.117717E-02 | IK=       2/      55 | t=    6.986800 s | CA=  2.6071 | fact=  2.5627 | GF=  1.8169 | solve=  1.6892 | scatter=  0.0546
f=     3.950 Hz | ky=  0.176575E-02 | IK=       3/      55 | t=    6.979900 s | CA=  2.5878 | fact=  2.5713 | GF=  1.8208 | solve=  1.6954 | scatter=  0.0523
f=     3.950 Hz | ky=  0.235433E-02 | IK=       4/      55 | t=    6.976200 s | CA=  2.5784 | fact=  2.5726 | GF=  1.8252 | solve=  1.6997 | scatter=  0.0525
f=     3.950 Hz | ky=  0.294291E-02 | IK=       5/      55 | t=    6.953500 s | CA=  2.6031 | fact=  2.5242 | GF=  1.8261 | solve=  1.6981 | scatter=  0.0550
f=     3.950 Hz | ky=  0.353150E-02 | IK=       6/      55 | t=    7.004400 s | CA=  2.6313 | fact=  2.5569 | GF=  1.8161 | solve=  1.6901 | scatter=  0.0529
f=     3.950 Hz | ky=  0.412008E-02 | IK=       7/      55 | t=    6.997200 s | CA=  2.5888 | fact=  2.5853 | GF=  1.8231 | solve=  1.6956 | scatter=  0.0544
f=     3.950 Hz | ky=  0.470866E-02 | IK=       8/      55 | t=    7.007900 s | CA=  2.6164 | fact=  2.5753 | GF=  1.8162 | solve=  1.6888 | scatter=  0.0542
f=     3.950 Hz | ky=  0.529725E-02 | IK=       9/      55 | t=    6.995400 s | CA=  2.5943 | fact=  2.5721 | GF=  1.8289 | solve=  1.7031 | scatter=  0.0527
f=     3.950 Hz | ky=  0.588583E-02 | IK=      10/      55 | t=    6.986200 s | CA=  2.5898 | fact=  2.5748 | GF=  1.8215 | solve=  1.6940 | scatter=  0.0543
PARDISO mem (f=  3.95 Hz): sym=  1.95 GB  perm=  1.42 GB  num=  3.22 GB  
peak=  4.64 GB
 WD_amp= 6.23170E+13  RESID_RMS= 3.94590E-03  FCOST_DATA= 7.78505E-06  FCOST0= 7.78505E-06
BT: alpha=  1.5782E-01  phi=  7.7850E-06  rhs=  3.3286E-06
 UPDATEPARAMETER: f-scale only
UPDATEPARAMETER PAR_STEP min/max, V_STEP min/max =  7.5404204061E+01  1.6851353340E+02
  7.5404204061E+01  1.6851353340E+02
 running run_ik_loop_pardiso
before CA | VmRSS=  16.826 GB  VmHWM=  95.072 GB
after CA | VmRSS=  17.452 GB  VmHWM=  95.072 GB
after factor | VmRSS=  21.216 GB  VmHWM=  95.072 GB
f=     3.950 Hz | ky=  0.588583E-03 | IK=       1/      55 | t=   17.274500 s | CA=  2.5141 | fact= 12.8443 | GF=  1.9159 | solve=  1.7600 | scatter=  0.0531
f=     3.950 Hz | ky=  0.117717E-02 | IK=       2/      55 | t=    6.992200 s | CA=  2.5959 | fact=  2.5782 | GF=  1.8180 | solve=  1.6939 | scatter=  0.0510
f=     3.950 Hz | ky=  0.176575E-02 | IK=       3/      55 | t=    6.928400 s | CA=  2.5545 | fact=  2.5523 | GF=  1.8215 | solve=  1.6942 | scatter=  0.0542
f=     3.950 Hz | ky=  0.235433E-02 | IK=       4/      55 | t=    6.917900 s | CA=  2.5845 | fact=  2.5152 | GF=  1.8182 | solve=  1.6920 | scatter=  0.0530
f=     3.950 Hz | ky=  0.294291E-02 | IK=       5/      55 | t=    6.946100 s | CA=  2.5630 | fact=  2.5655 | GF=  1.8176 | solve=  1.6899 | scatter=  0.0542
f=     3.950 Hz | ky=  0.353150E-02 | IK=       6/      55 | t=    7.023600 s | CA=  2.6221 | fact=  2.5803 | GF=  1.8211 | solve=  1.6958 | scatter=  0.0520
f=     3.950 Hz | ky=  0.412008E-02 | IK=       7/      55 | t=    6.977700 s | CA=  2.5805 | fact=  2.5782 | GF=  1.8190 | solve=  1.6931 | scatter=  0.0524
f=     3.950 Hz | ky=  0.470866E-02 | IK=       8/      55 | t=    6.953200 s | CA=  2.5641 | fact=  2.5739 | GF=  1.8151 | solve=  1.6900 | scatter=  0.0519
f=     3.950 Hz | ky=  0.529725E-02 | IK=       9/      55 | t=    7.018700 s | CA=  2.6092 | fact=  2.5858 | GF=  1.8237 | solve=  1.6963 | scatter=  0.0540
f=     3.950 Hz | ky=  0.588583E-02 | IK=      10/      55 | t=    6.978800 s | CA=  2.5747 | fact=  2.5818 | GF=  1.8222 | solve=  1.6966 | scatter=  0.0524
PARDISO mem (f=  3.95 Hz): sym=  1.95 GB  perm=  1.42 GB  num=  3.22 GB  
peak=  4.64 GB
 WD_amp= 6.23170E+13  RESID_RMS= 3.20156E-03  FCOST_DATA= 5.12500E-06  FCOST0= 5.12500E-06
BT: alpha=  7.8911E-02  phi=  5.1250E-06  rhs=  3.3287E-06
 UPDATEPARAMETER: f-scale only
UPDATEPARAMETER PAR_STEP min/max, V_STEP min/max =  7.5072114535E+01  1.6847055374E+02
  7.5072114535E+01  1.6847055374E+02
 running run_ik_loop_pardiso
before CA | VmRSS=  16.369 GB  VmHWM=  95.072 GB
after CA | VmRSS=  16.834 GB  VmHWM=  95.072 GB
after factor | VmRSS=  20.599 GB  VmHWM=  95.072 GB
f=     3.950 Hz | ky=  0.588583E-03 | IK=       1/      55 | t=   17.291700 s | CA=  2.5060 | fact= 12.8605 | GF=  1.9250 | solve=  1.7715 | scatter=  0.0503
f=     3.950 Hz | ky=  0.117717E-02 | IK=       2/      55 | t=    6.978200 s | CA=  2.5956 | fact=  2.5634 | GF=  1.8191 | solve=  1.6941 | scatter=  0.0518
f=     3.950 Hz | ky=  0.176575E-02 | IK=       3/      55 | t=    6.946000 s | CA=  2.5859 | fact=  2.5437 | GF=  1.8163 | solve=  1.6892 | scatter=  0.0540
f=     3.950 Hz | ky=  0.235433E-02 | IK=       4/      55 | t=    6.929900 s | CA=  2.5604 | fact=  2.5509 | GF=  1.8186 | solve=  1.6915 | scatter=  0.0541
f=     3.950 Hz | ky=  0.294291E-02 | IK=       5/      55 | t=    6.875600 s | CA=  2.5547 | fact=  2.5023 | GF=  1.8186 | solve=  1.6929 | scatter=  0.0526
f=     3.950 Hz | ky=  0.353150E-02 | IK=       6/      55 | t=    6.945700 s | CA=  2.5707 | fact=  2.5610 | GF=  1.8140 | solve=  1.6871 | scatter=  0.0537
f=     3.950 Hz | ky=  0.412008E-02 | IK=       7/      55 | t=    6.987100 s | CA=  2.5989 | fact=  2.5695 | GF=  1.8186 | solve=  1.6928 | scatter=  0.0527
f=     3.950 Hz | ky=  0.470866E-02 | IK=       8/      55 | t=    6.955300 s | CA=  2.5619 | fact=  2.5737 | GF=  1.8196 | solve=  1.6946 | scatter=  0.0518
f=     3.950 Hz | ky=  0.529725E-02 | IK=       9/      55 | t=    7.002500 s | CA=  2.6155 | fact=  2.5720 | GF=  1.8150 | solve=  1.6923 | scatter=  0.0496
f=     3.950 Hz | ky=  0.588583E-02 | IK=      10/      55 | t=    6.992100 s | CA=  2.5967 | fact=  2.5748 | GF=  1.8205 | solve=  1.6945 | scatter=  0.0528
PARDISO mem (f=  3.95 Hz): sym=  1.95 GB  perm=  1.42 GB  num=  3.22 GB  
peak=  4.64 GB
 WD_amp= 6.23170E+13  RESID_RMS= 2.86791E-03  FCOST_DATA= 4.11246E-06  FCOST0= 4.11246E-06
BT: alpha=  3.9456E-02  phi=  4.1125E-06  rhs=  3.3287E-06
 UPDATEPARAMETER: f-scale only
UPDATEPARAMETER PAR_STEP min/max, V_STEP min/max =  7.4903800847E+01  1.6845040617E+02
  7.4903800847E+01  1.6845040617E+02
 running run_ik_loop_pardiso
before CA | VmRSS=  16.161 GB  VmHWM=  95.072 GB
after CA | VmRSS=  17.030 GB  VmHWM=  95.072 GB
after factor | VmRSS=  20.821 GB  VmHWM=  95.072 GB
f=     3.950 Hz | ky=  0.588583E-03 | IK=       1/      55 | t=   17.273300 s | CA=  2.4959 | fact= 12.8517 | GF=  1.9255 | solve=  1.7703 | scatter=  0.0524
f=     3.950 Hz | ky=  0.117717E-02 | IK=       2/      55 | t=    6.963100 s | CA=  2.5998 | fact=  2.5426 | GF=  1.8207 | solve=  1.6943 | scatter=  0.0533
f=     3.950 Hz | ky=  0.176575E-02 | IK=       3/      55 | t=    6.953100 s | CA=  2.5767 | fact=  2.5563 | GF=  1.8201 | solve=  1.6948 | scatter=  0.0523
f=     3.950 Hz | ky=  0.235433E-02 | IK=       4/      55 | t=    6.933000 s | CA=  2.5653 | fact=  2.5550 | GF=  1.8127 | solve=  1.6863 | scatter=  0.0534
f=     3.950 Hz | ky=  0.294291E-02 | IK=       5/      55 | t=    6.983900 s | CA=  2.5960 | fact=  2.5672 | GF=  1.8207 | solve=  1.6929 | scatter=  0.0547
f=     3.950 Hz | ky=  0.353150E-02 | IK=       6/      55 | t=    6.958800 s | CA=  2.5837 | fact=  2.5616 | GF=  1.8135 | solve=  1.6902 | scatter=  0.0503
f=     3.950 Hz | ky=  0.412008E-02 | IK=       7/      55 | t=    6.971000 s | CA=  2.5901 | fact=  2.5649 | GF=  1.8160 | solve=  1.6896 | scatter=  0.0534
f=     3.950 Hz | ky=  0.470866E-02 | IK=       8/      55 | t=    6.991700 s | CA=  2.6005 | fact=  2.5755 | GF=  1.8157 | solve=  1.6913 | scatter=  0.0513
f=     3.950 Hz | ky=  0.529725E-02 | IK=       9/      55 | t=    6.935900 s | CA=  2.5637 | fact=  2.5527 | GF=  1.8195 | solve=  1.6912 | scatter=  0.0550
f=     3.950 Hz | ky=  0.588583E-02 | IK=      10/      55 | t=    6.950300 s | CA=  2.5874 | fact=  2.5513 | GF=  1.8116 | solve=  1.6863 | scatter=  0.0522
PARDISO mem (f=  3.95 Hz): sym=  1.95 GB  perm=  1.42 GB  num=  3.22 GB  
peak=  4.64 GB
 WD_amp= 6.23170E+13  RESID_RMS= 2.71703E-03  FCOST_DATA= 3.69113E-06  FCOST0= 3.69113E-06
BT: alpha=  1.9728E-02  phi=  3.6911E-06  rhs=  3.3287E-06
 UPDATEPARAMETER: f-scale only
UPDATEPARAMETER PAR_STEP min/max, V_STEP min/max =  7.4819644003E+01  1.6844033239E+02
  7.4819644003E+01  1.6844033239E+02
 running run_ik_loop_pardiso
before CA | VmRSS=  16.198 GB  VmHWM=  95.072 GB
after CA | VmRSS=  16.813 GB  VmHWM=  95.072 GB
after factor | VmRSS=  20.607 GB  VmHWM=  95.072 GB
f=     3.950 Hz | ky=  0.588583E-03 | IK=       1/      55 | t=   17.296600 s | CA=  2.5231 | fact= 12.8466 | GF=  1.9267 | solve=  1.7707 | scatter=  0.0534
f=     3.950 Hz | ky=  0.117717E-02 | IK=       2/      55 | t=    6.922300 s | CA=  2.5594 | fact=  2.5499 | GF=  1.8130 | solve=  1.6870 | scatter=  0.0529
f=     3.950 Hz | ky=  0.176575E-02 | IK=       3/      55 | t=    6.956000 s | CA=  2.5686 | fact=  2.5711 | GF=  1.8163 | solve=  1.6925 | scatter=  0.0507
f=     3.950 Hz | ky=  0.235433E-02 | IK=       4/      55 | t=    6.973600 s | CA=  2.5692 | fact=  2.5843 | GF=  1.8201 | solve=  1.6942 | scatter=  0.0528
f=     3.950 Hz | ky=  0.294291E-02 | IK=       5/      55 | t=    6.969100 s | CA=  2.5722 | fact=  2.5794 | GF=  1.8175 | solve=  1.6922 | scatter=  0.0521
f=     3.950 Hz | ky=  0.353150E-02 | IK=       6/      55 | t=    6.925600 s | CA=  2.5496 | fact=  2.5587 | GF=  1.8173 | solve=  1.6924 | scatter=  0.0517
f=     3.950 Hz | ky=  0.412008E-02 | IK=       7/      55 | t=    6.965000 s | CA=  2.5763 | fact=  2.5721 | GF=  1.8166 | solve=  1.6912 | scatter=  0.0524
f=     3.950 Hz | ky=  0.470866E-02 | IK=       8/      55 | t=    6.956200 s | CA=  2.5647 | fact=  2.5761 | GF=  1.8154 | solve=  1.6893 | scatter=  0.0528
f=     3.950 Hz | ky=  0.529725E-02 | IK=       9/      55 | t=    6.939800 s | CA=  2.5498 | fact=  2.5678 | GF=  1.8221 | solve=  1.6948 | scatter=  0.0541
f=     3.950 Hz | ky=  0.588583E-02 | IK=      10/      55 | t=    6.970000 s | CA=  2.5784 | fact=  2.5741 | GF=  1.8174 | solve=  1.6927 | scatter=  0.0515
PARDISO mem (f=  3.95 Hz): sym=  1.95 GB  perm=  1.42 GB  num=  3.22 GB  
peak=  4.64 GB
 WD_amp= 6.23170E+13  RESID_RMS= 2.64668E-03  FCOST_DATA= 3.50245E-06  FCOST0= 3.50245E-06
BT: alpha=  9.8639E-03  phi=  3.5025E-06  rhs=  3.3287E-06
 UPDATEPARAMETER: f-scale only
UPDATEPARAMETER PAR_STEP min/max, V_STEP min/max =  7.4777565581E+01  1.6843529549E+02
  7.4777565581E+01  1.6843529549E+02
 running run_ik_loop_pardiso
before CA | VmRSS=  16.220 GB  VmHWM=  95.072 GB
after CA | VmRSS=  17.635 GB  VmHWM=  95.072 GB
after factor | VmRSS=  21.395 GB  VmHWM=  95.072 GB
f=     3.950 Hz | ky=  0.588583E-03 | IK=       1/      55 | t=   17.278900 s | CA=  2.5187 | fact= 12.8341 | GF=  1.9259 | solve=  1.7722 | scatter=  0.0504
f=     3.950 Hz | ky=  0.117717E-02 | IK=       2/      55 | t=    6.959800 s | CA=  2.5680 | fact=  2.5758 | GF=  1.8159 | solve=  1.6887 | scatter=  0.0537
f=     3.950 Hz | ky=  0.176575E-02 | IK=       3/      55 | t=    6.989000 s | CA=  2.5904 | fact=  2.5843 | GF=  1.8143 | solve=  1.6903 | scatter=  0.0507
f=     3.950 Hz | ky=  0.235433E-02 | IK=       4/      55 | t=    7.000700 s | CA=  2.6012 | fact=  2.5809 | GF=  1.8185 | solve=  1.6925 | scatter=  0.0529
f=     3.950 Hz | ky=  0.294291E-02 | IK=       5/      55 | t=    6.977600 s | CA=  2.5834 | fact=  2.5671 | GF=  1.8270 | solve=  1.6985 | scatter=  0.0551
f=     3.950 Hz | ky=  0.353150E-02 | IK=       6/      55 | t=    6.989100 s | CA=  2.5787 | fact=  2.5847 | GF=  1.8257 | solve=  1.7008 | scatter=  0.0517
f=     3.950 Hz | ky=  0.412008E-02 | IK=       7/      55 | t=    6.994300 s | CA=  2.6039 | fact=  2.5697 | GF=  1.8206 | solve=  1.6930 | scatter=  0.0545
f=     3.950 Hz | ky=  0.470866E-02 | IK=       8/      55 | t=    7.005700 s | CA=  2.6007 | fact=  2.5814 | GF=  1.8236 | solve=  1.6985 | scatter=  0.0520
f=     3.950 Hz | ky=  0.529725E-02 | IK=       9/      55 | t=    6.954700 s | CA=  2.5636 | fact=  2.5752 | GF=  1.8159 | solve=  1.6911 | scatter=  0.0513
f=     3.950 Hz | ky=  0.588583E-02 | IK=      10/      55 | t=    6.979700 s | CA=  2.5788 | fact=  2.5784 | GF=  1.8225 | solve=  1.6955 | scatter=  0.0537
PARDISO mem (f=  3.95 Hz): sym=  1.95 GB  perm=  1.42 GB  num=  3.22 GB  
peak=  4.64 GB
 WD_amp= 6.23170E+13  RESID_RMS= 2.61293E-03  FCOST_DATA= 3.41370E-06  FCOST0= 3.41370E-06
BT: alpha=  4.9320E-03  phi=  3.4137E-06  rhs=  3.3287E-06
 UPDATEPARAMETER: f-scale only
UPDATEPARAMETER PAR_STEP min/max, V_STEP min/max =  7.4756526370E+01  1.6843277705E+02
  7.4756526370E+01  1.6843277705E+02
 running run_ik_loop_pardiso
before CA | VmRSS=  16.217 GB  VmHWM=  95.072 GB
after CA | VmRSS=  17.064 GB  VmHWM=  95.072 GB
after factor | VmRSS=  20.825 GB  VmHWM=  95.072 GB
f=     3.950 Hz | ky=  0.588583E-03 | IK=       1/      55 | t=   17.259400 s | CA=  2.4775 | fact= 12.8580 | GF=  1.9237 | solve=  1.7650 | scatter=  0.0560
f=     3.950 Hz | ky=  0.117717E-02 | IK=       2/      55 | t=    6.946200 s | CA=  2.5801 | fact=  2.5562 | GF=  1.8099 | solve=  1.6846 | scatter=  0.0523
f=     3.950 Hz | ky=  0.176575E-02 | IK=       3/      55 | t=    6.985900 s | CA=  2.5915 | fact=  2.5831 | GF=  1.8112 | solve=  1.6867 | scatter=  0.0515
f=     3.950 Hz | ky=  0.235433E-02 | IK=       4/      55 | t=    6.971000 s | CA=  2.5920 | fact=  2.5621 | GF=  1.8169 | solve=  1.6900 | scatter=  0.0539
f=     3.950 Hz | ky=  0.294291E-02 | IK=       5/      55 | t=    6.940700 s | CA=  2.5584 | fact=  2.5658 | GF=  1.8165 | solve=  1.6905 | scatter=  0.0528
f=     3.950 Hz | ky=  0.353150E-02 | IK=       6/      55 | t=    6.988300 s | CA=  2.6006 | fact=  2.5708 | GF=  1.8168 | solve=  1.6894 | scatter=  0.0543
f=     3.950 Hz | ky=  0.412008E-02 | IK=       7/      55 | t=    7.012100 s | CA=  2.6009 | fact=  2.5916 | GF=  1.8195 | solve=  1.6926 | scatter=  0.0538
f=     3.950 Hz | ky=  0.470866E-02 | IK=       8/      55 | t=    6.923200 s | CA=  2.5996 | fact=  2.5045 | GF=  1.8191 | solve=  1.6932 | scatter=  0.0529
f=     3.950 Hz | ky=  0.529725E-02 | IK=       9/      55 | t=    6.944300 s | CA=  2.5610 | fact=  2.5664 | GF=  1.8169 | solve=  1.6916 | scatter=  0.0521
f=     3.950 Hz | ky=  0.588583E-02 | IK=      10/      55 | t=    6.977700 s | CA=  2.5777 | fact=  2.5845 | GF=  1.8154 | solve=  1.6896 | scatter=  0.0525
PARDISO mem (f=  3.95 Hz): sym=  1.95 GB  perm=  1.42 GB  num=  3.22 GB  
peak=  4.64 GB
 WD_amp= 6.23170E+13  RESID_RMS= 2.59644E-03  FCOST_DATA= 3.37074E-06  FCOST0= 3.37074E-06
BT: alpha=  2.4660E-03  phi=  3.3707E-06  rhs=  3.3287E-06
 UPDATEPARAMETER: f-scale only
UPDATEPARAMETER PAR_STEP min/max, V_STEP min/max =  7.4746006765E+01  1.6843151783E+02
  7.4746006765E+01  1.6843151783E+02
 running run_ik_loop_pardiso
before CA | VmRSS=  16.232 GB  VmHWM=  95.072 GB
after CA | VmRSS=  17.296 GB  VmHWM=  95.072 GB
after factor | VmRSS=  21.063 GB  VmHWM=  95.072 GB
f=     3.950 Hz | ky=  0.588583E-03 | IK=       1/      55 | t=   17.321300 s | CA=  2.5418 | fact= 12.8418 | GF=  1.9374 | solve=  1.7812 | scatter=  0.0536
f=     3.950 Hz | ky=  0.117717E-02 | IK=       2/      55 | t=    6.939900 s | CA=  2.5896 | fact=  2.5424 | GF=  1.8079 | solve=  1.6829 | scatter=  0.0520
f=     3.950 Hz | ky=  0.176575E-02 | IK=       3/      55 | t=    7.003100 s | CA=  2.6212 | fact=  2.5641 | GF=  1.8177 | solve=  1.6928 | scatter=  0.0515
f=     3.950 Hz | ky=  0.235433E-02 | IK=       4/      55 | t=    6.988200 s | CA=  2.6043 | fact=  2.5613 | GF=  1.8226 | solve=  1.6953 | scatter=  0.0540
f=     3.950 Hz | ky=  0.294291E-02 | IK=       5/      55 | t=    6.973500 s | CA=  2.5915 | fact=  2.5650 | GF=  1.8170 | solve=  1.6920 | scatter=  0.0517
f=     3.950 Hz | ky=  0.353150E-02 | IK=       6/      55 | t=    6.959600 s | CA=  2.5710 | fact=  2.5698 | GF=  1.8188 | solve=  1.6943 | scatter=  0.0515
f=     3.950 Hz | ky=  0.412008E-02 | IK=       7/      55 | t=    6.969300 s | CA=  2.5800 | fact=  2.5674 | GF=  1.8219 | solve=  1.6945 | scatter=  0.0542
f=     3.950 Hz | ky=  0.470866E-02 | IK=       8/      55 | t=    7.001700 s | CA=  2.6182 | fact=  2.5635 | GF=  1.8199 | solve=  1.6958 | scatter=  0.0507
f=     3.950 Hz | ky=  0.529725E-02 | IK=       9/      55 | t=    7.034000 s | CA=  2.6372 | fact=  2.5766 | GF=  1.8202 | solve=  1.6924 | scatter=  0.0544
f=     3.950 Hz | ky=  0.588583E-02 | IK=      10/      55 | t=    6.984200 s | CA=  2.5868 | fact=  2.5810 | GF=  1.8164 | solve=  1.6881 | scatter=  0.0549
PARDISO mem (f=  3.95 Hz): sym=  1.95 GB  perm=  1.42 GB  num=  3.22 GB  
peak=  4.64 GB
 WD_amp= 6.23170E+13  RESID_RMS= 2.58829E-03  FCOST_DATA= 3.34961E-06  FCOST0= 3.34961E-06
BT: alpha=  1.2330E-03  phi=  3.3496E-06  rhs=  3.3287E-06
 UPDATEPARAMETER: f-scale only
UPDATEPARAMETER PAR_STEP min/max, V_STEP min/max =  7.4740746962E+01  1.6843088821E+02
  7.4740746962E+01  1.6843088821E+02
 running run_ik_loop_pardiso
before CA | VmRSS=  16.857 GB  VmHWM=  95.072 GB
after CA | VmRSS=  16.886 GB  VmHWM=  95.072 GB
after factor | VmRSS=  20.647 GB  VmHWM=  95.072 GB
f=     3.950 Hz | ky=  0.588583E-03 | IK=       1/      55 | t=   17.318900 s | CA=  2.5545 | fact= 12.8433 | GF=  1.9209 | solve=  1.7681 | scatter=  0.0499
f=     3.950 Hz | ky=  0.117717E-02 | IK=       2/      55 | t=    6.947100 s | CA=  2.5563 | fact=  2.5706 | GF=  1.8202 | solve=  1.6941 | scatter=  0.0529
f=     3.950 Hz | ky=  0.176575E-02 | IK=       3/      55 | t=    6.980700 s | CA=  2.5825 | fact=  2.5818 | GF=  1.8164 | solve=  1.6917 | scatter=  0.0515
f=     3.950 Hz | ky=  0.235433E-02 | IK=       4/      55 | t=    6.981200 s | CA=  2.5952 | fact=  2.5693 | GF=  1.8166 | solve=  1.6920 | scatter=  0.0515
f=     3.950 Hz | ky=  0.294291E-02 | IK=       5/      55 | t=    6.944600 s | CA=  2.5559 | fact=  2.5684 | GF=  1.8202 | solve=  1.6945 | scatter=  0.0526
f=     3.950 Hz | ky=  0.353150E-02 | IK=       6/      55 | t=    6.953900 s | CA=  2.5732 | fact=  2.5619 | GF=  1.8187 | solve=  1.6915 | scatter=  0.0540
f=     3.950 Hz | ky=  0.412008E-02 | IK=       7/      55 | t=    7.032200 s | CA=  2.6283 | fact=  2.5812 | GF=  1.8227 | solve=  1.6929 | scatter=  0.0565
f=     3.950 Hz | ky=  0.470866E-02 | IK=       8/      55 | t=    6.950100 s | CA=  2.5722 | fact=  2.5584 | GF=  1.8195 | solve=  1.6940 | scatter=  0.0524
f=     3.950 Hz | ky=  0.529725E-02 | IK=       9/      55 | t=    7.022600 s | CA=  2.5957 | fact=  2.5992 | GF=  1.8276 | solve=  1.7008 | scatter=  0.0537
f=     3.950 Hz | ky=  0.588583E-02 | IK=      10/      55 | t=    6.992900 s | CA=  2.5954 | fact=  2.5735 | GF=  1.8239 | solve=  1.6969 | scatter=  0.0537
PARDISO mem (f=  3.95 Hz): sym=  1.95 GB  perm=  1.42 GB  num=  3.22 GB  
peak=  4.64 GB
 WD_amp= 6.23170E+13  RESID_RMS= 2.58424E-03  FCOST_DATA= 3.33914E-06  FCOST0= 3.33914E-06
BT: alpha=  6.1650E-04  phi=  3.3391E-06  rhs=  3.3287E-06
 UPDATEPARAMETER: f-scale only
UPDATEPARAMETER PAR_STEP min/max, V_STEP min/max =  7.4738117061E+01  1.6843057341E+02
  7.4738117061E+01  1.6843057341E+02
 running run_ik_loop_pardiso
before CA | VmRSS=  16.411 GB  VmHWM=  95.072 GB
after CA | VmRSS=  16.765 GB  VmHWM=  95.072 GB
after factor | VmRSS=  20.552 GB  VmHWM=  95.072 GB
f=     3.950 Hz | ky=  0.588583E-03 | IK=       1/      55 | t=   17.308500 s | CA=  2.5379 | fact= 12.8498 | GF=  1.9205 | solve=  1.7649 | scatter=  0.0526
f=     3.950 Hz | ky=  0.117717E-02 | IK=       2/      55 | t=    6.984200 s | CA=  2.5749 | fact=  2.5931 | GF=  1.8161 | solve=  1.6922 | scatter=  0.0510
f=     3.950 Hz | ky=  0.176575E-02 | IK=       3/      55 | t=    7.024300 s | CA=  2.6273 | fact=  2.5771 | GF=  1.8199 | solve=  1.6952 | scatter=  0.0516
f=     3.950 Hz | ky=  0.235433E-02 | IK=       4/      55 | t=    6.972000 s | CA=  2.6081 | fact=  2.5473 | GF=  1.8166 | solve=  1.6920 | scatter=  0.0516
f=     3.950 Hz | ky=  0.294291E-02 | IK=       5/      55 | t=    7.039100 s | CA=  2.6551 | fact=  2.5642 | GF=  1.8198 | solve=  1.6946 | scatter=  0.0520
f=     3.950 Hz | ky=  0.353150E-02 | IK=       6/      55 | t=    6.936400 s | CA=  2.5940 | fact=  2.5244 | GF=  1.8180 | solve=  1.6912 | scatter=  0.0537
f=     3.950 Hz | ky=  0.412008E-02 | IK=       7/      55 | t=    7.010000 s | CA=  2.6086 | fact=  2.5774 | GF=  1.8240 | solve=  1.6986 | scatter=  0.0522
f=     3.950 Hz | ky=  0.470866E-02 | IK=       8/      55 | t=    6.986700 s | CA=  2.6023 | fact=  2.5659 | GF=  1.8185 | solve=  1.6912 | scatter=  0.0542
f=     3.950 Hz | ky=  0.529725E-02 | IK=       9/      55 | t=    7.053800 s | CA=  2.6565 | fact=  2.5808 | GF=  1.8165 | solve=  1.6907 | scatter=  0.0526
f=     3.950 Hz | ky=  0.588583E-02 | IK=      10/      55 | t=    6.971900 s | CA=  2.5800 | fact=  2.5677 | GF=  1.8242 | solve=  1.6989 | scatter=  0.0521
PARDISO mem (f=  3.95 Hz): sym=  1.95 GB  perm=  1.42 GB  num=  3.22 GB  
peak=  4.64 GB
 WD_amp= 6.23170E+13  RESID_RMS= 2.58222E-03  FCOST_DATA= 3.33392E-06  FCOST0= 3.33392E-06
BT: alpha=  3.0825E-04  phi=  3.3339E-06  rhs=  3.3287E-06
 UPDATEPARAMETER: f-scale only
UPDATEPARAMETER PAR_STEP min/max, V_STEP min/max =  7.4736802110E+01  1.6843041601E+02
  7.4736802110E+01  1.6843041601E+02
 running run_ik_loop_pardiso
before CA | VmRSS=  16.538 GB  VmHWM=  95.072 GB
after CA | VmRSS=  16.783 GB  VmHWM=  95.072 GB
after factor | VmRSS=  20.569 GB  VmHWM=  95.072 GB
f=     3.950 Hz | ky=  0.588583E-03 | IK=       1/      55 | t=   17.343100 s | CA=  2.5519 | fact= 12.8664 | GF=  1.9246 | solve=  1.7677 | scatter=  0.0540
f=     3.950 Hz | ky=  0.117717E-02 | IK=       2/      55 | t=    6.980500 s | CA=  2.6005 | fact=  2.5620 | GF=  1.8179 | solve=  1.6914 | scatter=  0.0535
f=     3.950 Hz | ky=  0.176575E-02 | IK=       3/      55 | t=    6.988000 s | CA=  2.5948 | fact=  2.5763 | GF=  1.8169 | solve=  1.6917 | scatter=  0.0521
f=     3.950 Hz | ky=  0.235433E-02 | IK=       4/      55 | t=    6.954400 s | CA=  2.5685 | fact=  2.5714 | GF=  1.8144 | solve=  1.6898 | scatter=  0.0514
f=     3.950 Hz | ky=  0.294291E-02 | IK=       5/      55 | t=    6.961100 s | CA=  2.5696 | fact=  2.5736 | GF=  1.8179 | solve=  1.6926 | scatter=  0.0522
f=     3.950 Hz | ky=  0.353150E-02 | IK=       6/      55 | t=    6.975400 s | CA=  2.5835 | fact=  2.5771 | GF=  1.8148 | solve=  1.6886 | scatter=  0.0532
f=     3.950 Hz | ky=  0.412008E-02 | IK=       7/      55 | t=    7.003100 s | CA=  2.6171 | fact=  2.5621 | GF=  1.8239 | solve=  1.6968 | scatter=  0.0540
f=     3.950 Hz | ky=  0.470866E-02 | IK=       8/      55 | t=    7.027100 s | CA=  2.6305 | fact=  2.5801 | GF=  1.8164 | solve=  1.6903 | scatter=  0.0530
f=     3.950 Hz | ky=  0.529725E-02 | IK=       9/      55 | t=    7.030000 s | CA=  2.6224 | fact=  2.5862 | GF=  1.8214 | solve=  1.6949 | scatter=  0.0534
f=     3.950 Hz | ky=  0.588583E-02 | IK=      10/      55 | t=    7.026100 s | CA=  2.6136 | fact=  2.5904 | GF=  1.8221 | solve=  1.6941 | scatter=  0.0548
PARDISO mem (f=  3.95 Hz): sym=  1.95 GB  perm=  1.42 GB  num=  3.22 GB  
peak=  4.64 GB
 WD_amp= 6.23170E+13  RESID_RMS= 2.58121E-03  FCOST_DATA= 3.33132E-06  FCOST0= 3.33132E-06
BT: alpha=  1.5412E-04  phi=  3.3313E-06  rhs=  3.3287E-06
 UPDATEPARAMETER: f-scale only
UPDATEPARAMETER PAR_STEP min/max, V_STEP min/max =  7.4736144635E+01  1.6843033730E+02
  7.4736144635E+01  1.6843033730E+02
 running run_ik_loop_pardiso
before CA | VmRSS=  16.557 GB  VmHWM=  95.072 GB
after CA | VmRSS=  16.880 GB  VmHWM=  95.072 GB
after factor | VmRSS=  20.669 GB  VmHWM=  95.072 GB
f=     3.950 Hz | ky=  0.588583E-03 | IK=       1/      55 | t=   17.363800 s | CA=  2.5872 | fact= 12.8510 | GF=  1.9254 | solve=  1.7685 | scatter=  0.0542
f=     3.950 Hz | ky=  0.117717E-02 | IK=       2/      55 | t=    6.978200 s | CA=  2.5965 | fact=  2.5648 | GF=  1.8169 | solve=  1.6913 | scatter=  0.0524
f=     3.950 Hz | ky=  0.176575E-02 | IK=       3/      55 | t=    7.058800 s | CA=  2.6660 | fact=  2.5789 | GF=  1.8138 | solve=  1.6893 | scatter=  0.0515
f=     3.950 Hz | ky=  0.235433E-02 | IK=       4/      55 | t=    6.997600 s | CA=  2.6130 | fact=  2.5718 | GF=  1.8128 | solve=  1.6881 | scatter=  0.0517
f=     3.950 Hz | ky=  0.294291E-02 | IK=       5/      55 | t=    6.981700 s | CA=  2.5824 | fact=  2.5743 | GF=  1.8249 | solve=  1.6997 | scatter=  0.0521
f=     3.950 Hz | ky=  0.353150E-02 | IK=       6/      55 | t=    6.987000 s | CA=  2.5939 | fact=  2.5805 | GF=  1.8125 | solve=  1.6869 | scatter=  0.0526
f=     3.950 Hz | ky=  0.412008E-02 | IK=       7/      55 | t=    7.078000 s | CA=  2.6886 | fact=  2.5736 | GF=  1.8158 | solve=  1.6921 | scatter=  0.0505
f=     3.950 Hz | ky=  0.470866E-02 | IK=       8/      55 | t=    7.048300 s | CA=  2.6473 | fact=  2.5834 | GF=  1.8176 | solve=  1.6928 | scatter=  0.0516
f=     3.950 Hz | ky=  0.529725E-02 | IK=       9/      55 | t=    6.983200 s | CA=  2.5782 | fact=  2.5910 | GF=  1.8140 | solve=  1.6872 | scatter=  0.0537
f=     3.950 Hz | ky=  0.588583E-02 | IK=      10/      55 | t=    6.933700 s | CA=  2.5970 | fact=  2.5186 | GF=  1.8180 | solve=  1.6910 | scatter=  0.0538
PARDISO mem (f=  3.95 Hz): sym=  1.95 GB  perm=  1.42 GB  num=  3.22 GB  
peak=  4.64 GB
 WD_amp= 6.23170E+13  RESID_RMS= 2.58071E-03  FCOST_DATA= 3.33002E-06  FCOST0= 3.33002E-06
BT: alpha=  7.7062E-05  phi=  3.3300E-06  rhs=  3.3287E-06
 UPDATEPARAMETER: f-scale only
UPDATEPARAMETER PAR_STEP min/max, V_STEP min/max =  7.4735815897E+01  1.6843029795E+02
  7.4735815897E+01  1.6843029795E+02
 running run_ik_loop_pardiso
before CA | VmRSS=  16.779 GB  VmHWM=  95.072 GB
after CA | VmRSS=  16.774 GB  VmHWM=  95.072 GB
after factor | VmRSS=  20.559 GB  VmHWM=  95.072 GB
f=     3.950 Hz | ky=  0.588583E-03 | IK=       1/      55 | t=   17.293000 s | CA=  2.5148 | fact= 12.8496 | GF=  1.9284 | solve=  1.7732 | scatter=  0.0509
f=     3.950 Hz | ky=  0.117717E-02 | IK=       2/      55 | t=    6.909300 s | CA=  2.5485 | fact=  2.5385 | GF=  1.8222 | solve=  1.6959 | scatter=  0.0532
f=     3.950 Hz | ky=  0.176575E-02 | IK=       3/      55 | t=    6.971400 s | CA=  2.5876 | fact=  2.5697 | GF=  1.8140 | solve=  1.6872 | scatter=  0.0536
f=     3.950 Hz | ky=  0.235433E-02 | IK=       4/      55 | t=    6.977400 s | CA=  2.5902 | fact=  2.5745 | GF=  1.8127 | solve=  1.6867 | scatter=  0.0529
f=     3.950 Hz | ky=  0.294291E-02 | IK=       5/      55 | t=    7.033600 s | CA=  2.6395 | fact=  2.5853 | GF=  1.8087 | solve=  1.6836 | scatter=  0.0519
f=     3.950 Hz | ky=  0.353150E-02 | IK=       6/      55 | t=    7.003500 s | CA=  2.6089 | fact=  2.5790 | GF=  1.8156 | solve=  1.6918 | scatter=  0.0507
f=     3.950 Hz | ky=  0.412008E-02 | IK=       7/      55 | t=    7.008300 s | CA=  2.6060 | fact=  2.5858 | GF=  1.8165 | solve=  1.6916 | scatter=  0.0518
f=     3.950 Hz | ky=  0.470866E-02 | IK=       8/      55 | t=    6.916000 s | CA=  2.5944 | fact=  2.5107 | GF=  1.8109 | solve=  1.6852 | scatter=  0.0525
f=     3.950 Hz | ky=  0.529725E-02 | IK=       9/      55 | t=    6.930300 s | CA=  2.5581 | fact=  2.5565 | GF=  1.8157 | solve=  1.6917 | scatter=  0.0509
f=     3.950 Hz | ky=  0.588583E-02 | IK=      10/      55 | t=    7.072800 s | CA=  2.6889 | fact=  2.5667 | GF=  1.8172 | solve=  1.6897 | scatter=  0.0544
PARDISO mem (f=  3.95 Hz): sym=  1.95 GB  perm=  1.42 GB  num=  3.22 GB  
peak=  4.64 GB
 WD_amp= 6.23170E+13  RESID_RMS= 2.58045E-03  FCOST_DATA= 3.32937E-06  FCOST0= 3.32937E-06
BT: alpha=  3.8531E-05  phi=  3.3294E-06  rhs=  3.3287E-06
 UPDATEPARAMETER: f-scale only
UPDATEPARAMETER PAR_STEP min/max, V_STEP min/max =  7.4735572477E+01  1.6843026882E+02
  7.4735572477E+01  1.6843026882E+02
 running run_ik_loop_pardiso
before CA | VmRSS=  16.690 GB  VmHWM=  95.072 GB
after CA | VmRSS=  17.376 GB  VmHWM=  95.072 GB
after factor | VmRSS=  21.140 GB  VmHWM=  95.072 GB
f=     3.950 Hz | ky=  0.588583E-03 | IK=       1/      55 | t=   17.271200 s | CA=  2.5154 | fact= 12.8350 | GF=  1.9206 | solve=  1.7663 | scatter=  0.0516
f=     3.950 Hz | ky=  0.117717E-02 | IK=       2/      55 | t=    7.028300 s | CA=  2.6331 | fact=  2.5827 | GF=  1.8125 | solve=  1.6882 | scatter=  0.0512
f=     3.950 Hz | ky=  0.176575E-02 | IK=       3/      55 | t=    6.955100 s | CA=  2.6212 | fact=  2.5152 | GF=  1.8187 | solve=  1.6922 | scatter=  0.0534
f=     3.950 Hz | ky=  0.235433E-02 | IK=       4/      55 | t=    7.039300 s | CA=  2.6500 | fact=  2.5696 | GF=  1.8197 | solve=  1.6934 | scatter=  0.0532
f=     3.950 Hz | ky=  0.294291E-02 | IK=       5/      55 | t=    6.986700 s | CA=  2.5964 | fact=  2.5738 | GF=  1.8165 | solve=  1.6908 | scatter=  0.0526
f=     3.950 Hz | ky=  0.353150E-02 | IK=       6/      55 | t=    6.971700 s | CA=  2.5974 | fact=  2.5564 | GF=  1.8179 | solve=  1.6930 | scatter=  0.0518
f=     3.950 Hz | ky=  0.412008E-02 | IK=       7/      55 | t=    6.998500 s | CA=  2.6166 | fact=  2.5643 | GF=  1.8175 | solve=  1.6925 | scatter=  0.0519
f=     3.950 Hz | ky=  0.470866E-02 | IK=       8/      55 | t=    6.979900 s | CA=  2.5858 | fact=  2.5708 | GF=  1.8233 | solve=  1.6985 | scatter=  0.0514
f=     3.950 Hz | ky=  0.529725E-02 | IK=       9/      55 | t=    6.972000 s | CA=  2.5838 | fact=  2.5729 | GF=  1.8153 | solve=  1.6905 | scatter=  0.0517
f=     3.950 Hz | ky=  0.588583E-02 | IK=      10/      55 | t=    6.928600 s | CA=  2.5415 | fact=  2.5684 | GF=  1.8187 | solve=  1.6897 | scatter=  0.0555
PARDISO mem (f=  3.95 Hz): sym=  1.95 GB  perm=  1.42 GB  num=  3.22 GB  
peak=  4.64 GB
 WD_amp= 6.23170E+13  RESID_RMS= 2.58027E-03  FCOST_DATA= 3.32889E-06  FCOST0= 3.32889E-06
 Backtrack: failed after MAX_IT
 Line search failed (IFLAG=          11 ), inversion diverged.
 --------- Frequency   4.35000000000000       (band            1 )
[ComputeAcqWeight] empty acq_weight_file, using uniform weights = 1.0
Data weighting computed for frequency 4607182418800017373
XSRmin, XSRmax, ZSRmin, ZSRMax -1960.000000000000 .000000000000000 2050.000000000000 4030.000000000000
1 FKYC
1.2 FKYC
my_rank, FKYC,WLMAX, RMAX 0 .3565024706899721E-01 1177.650297665005 2786.036611389018
1.1 NK
NK in cky2= 55

  Number of wavenumber samples (NK) for FREQ =   55
  RMAX = 2786.04
Data weighting computed for frequency 4607182418800017373
Data weighting computed for frequency 4607182418800017373
Data weighting computed for frequency 4607182418800017373
Data weighting computed for frequency 4607182418800017373
Data weighting computed for frequency 4607182418800017373
--- Pre-solver preview (memory + RHS workload) ---
   GQG dims: NNX=       585  NNZ=       317  NPT=    185445
   DOF:     N=3*NPT =    556335
   Sources: NSR=       100  NSS=        20  NK=        55
   RHS total (per IK): nrhs_tot=3*NSS =        60
   Batch:    MAX_RHS_BATCH=        32  nbatches=         2
   GFMY  (GFX+GFY+GFZ):         13.679 GB
   RHS_MY(rhs+sol buffers):      0.531 GB
 
 running run_ik_loop_pardiso
before CA | VmRSS=  15.374 GB  VmHWM=  95.072 GB
after CA | VmRSS=  16.602 GB  VmHWM=  95.072 GB
after factor | VmRSS=  20.366 GB  VmHWM=  95.072 GB
f=     4.350 Hz | ky=  0.648186E-03 | IK=       1/      55 | t=   17.371000 s | CA=  2.5795 | fact= 12.8578 | GF=  1.9335 | solve=  1.7768 | scatter=  0.0540
f=     4.350 Hz | ky=  0.129637E-02 | IK=       2/      55 | t=    6.961800 s | CA=  2.5705 | fact=  2.5660 | GF=  1.8252 | solve=  1.7003 | scatter=  0.0518
f=     4.350 Hz | ky=  0.194456E-02 | IK=       3/      55 | t=    6.983000 s | CA=  2.5890 | fact=  2.5755 | GF=  1.8185 | solve=  1.6929 | scatter=  0.0523
f=     4.350 Hz | ky=  0.259275E-02 | IK=       4/      55 | t=    6.937700 s | CA=  2.5537 | fact=  2.5660 | GF=  1.8180 | solve=  1.6925 | scatter=  0.0523
f=     4.350 Hz | ky=  0.324093E-02 | IK=       5/      55 | t=    6.927000 s | CA=  2.5395 | fact=  2.5774 | GF=  1.8100 | solve=  1.6854 | scatter=  0.0515
f=     4.350 Hz | ky=  0.388912E-02 | IK=       6/      55 | t=    6.986700 s | CA=  2.6018 | fact=  2.5705 | GF=  1.8144 | solve=  1.6881 | scatter=  0.0531
f=     4.350 Hz | ky=  0.453730E-02 | IK=       7/      55 | t=    7.016700 s | CA=  2.6268 | fact=  2.5745 | GF=  1.8154 | solve=  1.6894 | scatter=  0.0528
f=     4.350 Hz | ky=  0.518549E-02 | IK=       8/      55 | t=    6.969800 s | CA=  2.5800 | fact=  2.5701 | GF=  1.8197 | solve=  1.6938 | scatter=  0.0527
f=     4.350 Hz | ky=  0.583368E-02 | IK=       9/      55 | t=    6.958700 s | CA=  2.5847 | fact=  2.5552 | GF=  1.8187 | solve=  1.6926 | scatter=  0.0530
f=     4.350 Hz | ky=  0.648186E-02 | IK=      10/      55 | t=    6.978400 s | CA=  2.5851 | fact=  2.5721 | GF=  1.8211 | solve=  1.6966 | scatter=  0.0514
PARDISO mem (f=  4.35 Hz): sym=  1.95 GB  perm=  1.42 GB  num=  3.22 GB  
peak=  4.64 GB
t_global   =    111.260 s
TIME for 1st forward modeling =  1.854338328043620  min
TIME for GT0 =  .5251666903495789E-02  min
Data scaler W for L2 norm: 62429757634369.36
Data scaler W for WQS norm: .1007948000807317E-312
Total number of active inversion parameters for current sequential stage (IM):          1
Total model blocks points (NM = IM * NBLOCK):      11534 on grid (NMM = IM * NPT):    185445
 Gradient balance ():   1.00000000000000        1.00000000000000     
   1.00000000000000        1.00000000000000        1.00000000000000     
   1.00000000000000        1.00000000000000        1.00000000000000     
   1.00000000000000        1.00000000000000        1.00000000000000     
 IE0, IZ          30           0
 IE0, IZ, GZ1, GZ2 =           30           0   100.000000000000     
   300.000000000000     
  
 Frequency:           5 Iteration:           1
--- Pre-solver preview (memory + RHS workload) ---
   GQG dims: NNX=       585  NNZ=       317  NPT=    185445
   DOF:     N=3*NPT =    556335
   Sources: NSR=       100  NSS=       100  NK=        55
   RHS total (per IK): nrhs_tot=3*NSS =       300
   Batch:    MAX_RHS_BATCH=        32  nbatches=        10
   GFMY  (GFX+GFY+GFZ):         68.393 GB
   RHS_MY(rhs+sol buffers):      0.531 GB
 
 running run_ik_loop_pardiso
before CA | VmRSS=  70.855 GB  VmHWM=  95.072 GB
after CA | VmRSS=  71.684 GB  VmHWM=  95.072 GB
after factor | VmRSS=  75.476 GB  VmHWM=  95.072 GB
f=     4.350 Hz | ky=  0.648186E-03 | IK=       1/      55 | t=   24.316300 s | CA=  2.4970 | fact= 12.8616 | GF=  8.9575 | solve=  8.2894 | scatter=  0.2576
f=     4.350 Hz | ky=  0.129637E-02 | IK=       2/      55 | t=   14.016300 s | CA=  2.5789 | fact=  2.5704 | GF=  8.8670 | solve=  8.2293 | scatter=  0.2575
f=     4.350 Hz | ky=  0.194456E-02 | IK=       3/      55 | t=   13.966300 s | CA=  2.5671 | fact=  2.5592 | GF=  8.8399 | solve=  8.2028 | scatter=  0.2567
f=     4.350 Hz | ky=  0.259275E-02 | IK=       4/      55 | t=   14.020800 s | CA=  2.5737 | fact=  2.5777 | GF=  8.8693 | solve=  8.2294 | scatter=  0.2589
f=     4.350 Hz | ky=  0.324093E-02 | IK=       5/      55 | t=   14.053400 s | CA=  2.5747 | fact=  2.5834 | GF=  8.8952 | solve=  8.2590 | scatter=  0.2553
f=     4.350 Hz | ky=  0.388912E-02 | IK=       6/      55 | t=   14.022600 s | CA=  2.5809 | fact=  2.5685 | GF=  8.8731 | solve=  8.2332 | scatter=  0.2585
f=     4.350 Hz | ky=  0.453730E-02 | IK=       7/      55 | t=   14.040000 s | CA=  2.5954 | fact=  2.5784 | GF=  8.8662 | solve=  8.2262 | scatter=  0.2589
f=     4.350 Hz | ky=  0.518549E-02 | IK=       8/      55 | t=   14.050600 s | CA=  2.5844 | fact=  2.6034 | GF=  8.8628 | solve=  8.2229 | scatter=  0.2585
f=     4.350 Hz | ky=  0.583368E-02 | IK=       9/      55 | t=   14.045800 s | CA=  2.5693 | fact=  2.5827 | GF=  8.8937 | solve=  8.2541 | scatter=  0.2583
f=     4.350 Hz | ky=  0.648186E-02 | IK=      10/      55 | t=   14.069000 s | CA=  2.6141 | fact=  2.5685 | GF=  8.8863 | solve=  8.2448 | scatter=  0.2600
PARDISO mem (f=  4.35 Hz): sym=  1.95 GB  perm=  1.42 GB  num=  3.22 GB  
peak=  4.64 GB
t_global   =    304.698 s
TIME for 2d forward modeling_i calc =  5.076508585611979 min
Rank    5 -> ID range:   4001 to   4800 | Tasks:    800
Rank    4 -> ID range:   3201 to   4000 | Tasks:    800
Rank    1 -> ID range:    801 to   1600 | Tasks:    800
Rank    3 -> ID range:   2401 to   3200 | Tasks:    800
Rank    2 -> ID range:   1601 to   2400 | Tasks:    800
  
 -------------- calculate Frechet derivatives -----------
 IFREQ =           5    ITERATION =           1
Frechet memory size Frec_my:      0.825 (Gb)
Rank    0 -> ID range:      1 to    800 | Tasks:    800
FREQ:      4.3 Hz, ITER=       1  Frechet Derivative ID=     100/    4800 Finished   0.211400 s
FREQ:      4.3 Hz, ITER=       1  Frechet Derivative ID=     200/    4800 Finished   0.211600 s
FREQ:      4.3 Hz, ITER=       1  Frechet Derivative ID=     300/    4800 Finished   0.210900 s
FREQ:      4.3 Hz, ITER=       1  Frechet Derivative ID=     400/    4800 Finished   0.201200 s
FREQ:      4.3 Hz, ITER=       1  Frechet Derivative ID=     500/    4800 Finished   0.218400 s
FREQ:      4.3 Hz, ITER=       1  Frechet Derivative ID=     600/    4800 Finished   0.212900 s
FREQ:      4.3 Hz, ITER=       1  Frechet Derivative ID=     700/    4800 Finished   0.216300 s
FREQ:      4.3 Hz, ITER=       1  Frechet Derivative ID=     800/    4800 Finished   0.218200 s
||Frechet||_F=  3.9331E-13max|Frechet|=  3.1975E-18
||Frechet||_F=  3.9331E-13max|Frechet|=  3.1975E-18
||Frechet||_F=  3.9331E-13max|Frechet|=  3.1975E-18
||Frechet||_F=  3.9331E-13max|Frechet|=  3.1975E-18
||Frechet||_F=  3.9331E-13max|Frechet|=  3.1975E-18
||Frechet||_F=  3.9331E-13max|Frechet|=  3.1975E-18
 
TIME for Frechet calc =  2.932121785481771 min
 
m_fine: min=  7.4735E+01  max=  1.6843E+02  mean=  1.3482E+02  ||.||2=  6.0106E+04  size=  185445
m_coarse_prev: min=  7.5277E+01  max=  1.6831E+02  mean=  1.3485E+02  ||.||2=  1.4992E+04  size=   11534
 
  compute the residual and the cost function
 WD_amp= 6.24298E+13  RESID_RMS= 2.46895E-03  FCOST_DATA= 3.04786E-06  FCOST0= 3.04786E-06
IA=  7  H(single F0) min= 0.00000E+00  max= 1.21837E-02
IA=  7  H(F0^2)     min= 0.00000E+00  max= 1.21837E-02
IA=  7  H(single F0) min= 0.00000E+00  max= 1.21837E-02
IA=  7  H(F0^2)     min= 0.00000E+00  max= 1.21837E-02
HESSD: ia=   7  min= 0.00000E+00  max= 1.17249E+04
HESSD: ia=   7  min= 0.00000E+00  max= 1.17249E+04
IA=  7  H(single F0) min= 0.00000E+00  max= 1.21837E-02
IA=  7  H(F0^2)     min= 0.00000E+00  max= 1.21837E-02
HESSD: ia=   7  min= 0.00000E+00  max= 1.17249E+04
IA=  7  H(single F0) min= 0.00000E+00  max= 1.21837E-02
IA=  7  H(F0^2)     min= 0.00000E+00  max= 1.21837E-02
IA=  7  H(single F0) min= 0.00000E+00  max= 1.21837E-02
IA=  7  H(F0^2)     min= 0.00000E+00  max= 1.21837E-02
HESSD: ia=   7  min= 0.00000E+00  max= 1.17249E+04
HESSD: ia=   7  min= 0.00000E+00  max= 1.17249E+04
IA=  7  H(single F0) min= 0.00000E+00  max= 1.21837E-02
IA=  7  H(F0^2)     min= 0.00000E+00  max= 1.21837E-02
HESSD: ia=   7  min= 0.00000E+00  max= 1.17249E+04
Grad block   7 GRAD_SCALED MORM =   1.4925E-04
Raw grad block  7  PAR={Q11}  min= -2.6577E-09  max=  4.3235E-09  L2=  2.5800E-08
Gradient finished
Start LBFGS 
LBFGS steepest step , iter=      1
  g·p = -6.4360E-06  ||p|| =  1.8282E-01
  min(p)= -5.6092E-03  max(p)=  1.5679E-02
LBFGS p_k (unscaled) stats per active parameter:
  IA=  7  PAR={Q11}  min=-3.46739E+01  max= 9.69217E+01  L2= 1.13014E+03
min(p_k)= -5.6092E-03  max(p_k)=  1.5679E-02  ||p_k||=  1.8282E-01
min(p_kf)= -5.6092E-03  max(p_kf)=  1.5679E-02  ||p_kf||=  7.3129E-01
p_k/p_kf  =   2.5000E-01
Start linesearch
BT entry: phi(0)=  3.0479E-06  g·p(0)= -6.4360E-06
 UPDATEPARAMETER: f-scale only
UPDATEPARAMETER PAR_STEP min/max, V_STEP min/max =  5.3433985163E+01  2.0861236998E+02
  5.3433985163E+01  2.0861236998E+02
REL STEP Q      : k=  7 row=  2 rmax_k=  8.9328E-01 row_scale=  1.6843E+02
BT cap probe: rmax1=  8.9328E-01  alpha_cap=  5.5974E-01  alpha00=  1.0000E+00
 UPDATEPARAMETER: f-scale only
UPDATEPARAMETER PAR_STEP min/max, V_STEP min/max =  6.8699686103E+01  1.6875749996E+02
  6.8699686103E+01  1.6875749996E+02
 running run_ik_loop_pardiso
before CA | VmRSS=  16.206 GB  VmHWM=  95.072 GB
after CA | VmRSS=  16.792 GB  VmHWM=  95.072 GB
after factor | VmRSS=  20.588 GB  VmHWM=  95.072 GB
f=     4.350 Hz | ky=  0.648186E-03 | IK=       1/      55 | t=   17.353400 s | CA=  2.5827 | fact= 12.8424 | GF=  1.9281 | solve=  1.7710 | scatter=  0.0543
f=     4.350 Hz | ky=  0.129637E-02 | IK=       2/      55 | t=    6.960000 s | CA=  2.5555 | fact=  2.5810 | GF=  1.8235 | solve=  1.6935 | scatter=  0.0568
f=     4.350 Hz | ky=  0.194456E-02 | IK=       3/      55 | t=    6.962200 s | CA=  2.5805 | fact=  2.5648 | GF=  1.8168 | solve=  1.6887 | scatter=  0.0550
f=     4.350 Hz | ky=  0.259275E-02 | IK=       4/      55 | t=    6.980500 s | CA=  2.6090 | fact=  2.5525 | GF=  1.8190 | solve=  1.6928 | scatter=  0.0531
f=     4.350 Hz | ky=  0.324093E-02 | IK=       5/      55 | t=    6.975300 s | CA=  2.5895 | fact=  2.5704 | GF=  1.8154 | solve=  1.6892 | scatter=  0.0531
f=     4.350 Hz | ky=  0.388912E-02 | IK=       6/      55 | t=    6.933600 s | CA=  2.5585 | fact=  2.5571 | GF=  1.8180 | solve=  1.6930 | scatter=  0.0519
f=     4.350 Hz | ky=  0.453730E-02 | IK=       7/      55 | t=    7.002800 s | CA=  2.6180 | fact=  2.5648 | GF=  1.8199 | solve=  1.6939 | scatter=  0.0528
f=     4.350 Hz | ky=  0.518549E-02 | IK=       8/      55 | t=    6.959300 s | CA=  2.5848 | fact=  2.5554 | GF=  1.8190 | solve=  1.6918 | scatter=  0.0540
f=     4.350 Hz | ky=  0.583368E-02 | IK=       9/      55 | t=    6.972100 s | CA=  2.5567 | fact=  2.5968 | GF=  1.8185 | solve=  1.6919 | scatter=  0.0535
f=     4.350 Hz | ky=  0.648186E-02 | IK=      10/      55 | t=    6.986300 s | CA=  2.5801 | fact=  2.5841 | GF=  1.8220 | solve=  1.6955 | scatter=  0.0533
PARDISO mem (f=  4.35 Hz): sym=  1.95 GB  perm=  1.42 GB  num=  3.22 GB  
peak=  4.64 GB
 WD_amp= 6.24298E+13  RESID_RMS= 5.62429E-03  FCOST_DATA= 1.58163E-05  FCOST0= 1.58163E-05
BT: alpha=  5.5974E-01  phi=  1.5816E-05  rhs=  3.0475E-06
 UPDATEPARAMETER: f-scale only
UPDATEPARAMETER PAR_STEP min/max, V_STEP min/max =  7.4186370296E+01  1.6854273131E+02
  7.4186370296E+01  1.6854273131E+02
 running run_ik_loop_pardiso
before CA | VmRSS=  16.860 GB  VmHWM=  95.072 GB
after CA | VmRSS=  16.820 GB  VmHWM=  95.072 GB
after factor | VmRSS=  20.589 GB  VmHWM=  95.072 GB
f=     4.350 Hz | ky=  0.648186E-03 | IK=       1/      55 | t=   17.318700 s | CA=  2.5391 | fact= 12.8595 | GF=  1.9199 | solve=  1.7650 | scatter=  0.0520
f=     4.350 Hz | ky=  0.129637E-02 | IK=       2/      55 | t=    6.930400 s | CA=  2.5664 | fact=  2.5522 | GF=  1.8118 | solve=  1.6871 | scatter=  0.0516
f=     4.350 Hz | ky=  0.194456E-02 | IK=       3/      55 | t=    7.024200 s | CA=  2.5951 | fact=  2.5751 | GF=  1.8540 | solve=  1.6955 | scatter=  0.0852
f=     4.350 Hz | ky=  0.259275E-02 | IK=       4/      55 | t=    7.001200 s | CA=  2.6161 | fact=  2.5687 | GF=  1.8164 | solve=  1.6895 | scatter=  0.0536
f=     4.350 Hz | ky=  0.324093E-02 | IK=       5/      55 | t=    7.011800 s | CA=  2.6072 | fact=  2.5855 | GF=  1.8191 | solve=  1.6919 | scatter=  0.0540
f=     4.350 Hz | ky=  0.388912E-02 | IK=       6/      55 | t=    6.941100 s | CA=  2.5778 | fact=  2.5475 | GF=  1.8158 | solve=  1.6896 | scatter=  0.0530
f=     4.350 Hz | ky=  0.453730E-02 | IK=       7/      55 | t=    6.972100 s | CA=  2.5741 | fact=  2.5813 | GF=  1.8167 | solve=  1.6889 | scatter=  0.0537
f=     4.350 Hz | ky=  0.518549E-02 | IK=       8/      55 | t=    6.944400 s | CA=  2.5507 | fact=  2.5778 | GF=  1.8159 | solve=  1.6895 | scatter=  0.0533
f=     4.350 Hz | ky=  0.583368E-02 | IK=       9/      55 | t=    6.920500 s | CA=  2.5459 | fact=  2.5576 | GF=  1.8169 | solve=  1.6891 | scatter=  0.0545
f=     4.350 Hz | ky=  0.648186E-02 | IK=      10/      55 | t=    6.971100 s | CA=  2.5882 | fact=  2.5685 | GF=  1.8143 | solve=  1.6875 | scatter=  0.0536
PARDISO mem (f=  4.35 Hz): sym=  1.95 GB  perm=  1.42 GB  num=  3.22 GB  
peak=  4.64 GB
 WD_amp= 6.24298E+13  RESID_RMS= 3.97078E-03  FCOST_DATA= 7.88357E-06  FCOST0= 7.88357E-06
BT: alpha=  2.7987E-01  phi=  7.8836E-06  rhs=  3.0477E-06
 UPDATEPARAMETER: f-scale only
UPDATEPARAMETER PAR_STEP min/max, V_STEP min/max =  7.4585317241E+01  1.6846610985E+02
  7.4585317241E+01  1.6846610985E+02
 running run_ik_loop_pardiso
before CA | VmRSS=  16.220 GB  VmHWM=  95.072 GB
after CA | VmRSS=  17.081 GB  VmHWM=  95.072 GB
after factor | VmRSS=  20.850 GB  VmHWM=  95.072 GB
f=     4.350 Hz | ky=  0.648186E-03 | IK=       1/      55 | t=   17.272200 s | CA=  2.5113 | fact= 12.8439 | GF=  1.9168 | solve=  1.7624 | scatter=  0.0517
f=     4.350 Hz | ky=  0.129637E-02 | IK=       2/      55 | t=    6.988100 s | CA=  2.5872 | fact=  2.5837 | GF=  1.8171 | solve=  1.6904 | scatter=  0.0536
f=     4.350 Hz | ky=  0.194456E-02 | IK=       3/      55 | t=    6.941900 s | CA=  2.5467 | fact=  2.5746 | GF=  1.8206 | solve=  1.6932 | scatter=  0.0543
f=     4.350 Hz | ky=  0.259275E-02 | IK=       4/      55 | t=    6.951500 s | CA=  2.5596 | fact=  2.5764 | GF=  1.8155 | solve=  1.6895 | scatter=  0.0529
f=     4.350 Hz | ky=  0.324093E-02 | IK=       5/      55 | t=    6.954200 s | CA=  2.5705 | fact=  2.5634 | GF=  1.8202 | solve=  1.6937 | scatter=  0.0534
f=     4.350 Hz | ky=  0.388912E-02 | IK=       6/      55 | t=    6.994400 s | CA=  2.6167 | fact=  2.5604 | GF=  1.8172 | solve=  1.6925 | scatter=  0.0516
f=     4.350 Hz | ky=  0.453730E-02 | IK=       7/      55 | t=    6.990900 s | CA=  2.6067 | fact=  2.5727 | GF=  1.8115 | solve=  1.6856 | scatter=  0.0529
f=     4.350 Hz | ky=  0.518549E-02 | IK=       8/      55 | t=    6.978800 s | CA=  2.5696 | fact=  2.5912 | GF=  1.8179 | solve=  1.6899 | scatter=  0.0549
f=     4.350 Hz | ky=  0.583368E-02 | IK=       9/      55 | t=    6.951800 s | CA=  2.5608 | fact=  2.5705 | GF=  1.8204 | solve=  1.6953 | scatter=  0.0519
f=     4.350 Hz | ky=  0.648186E-02 | IK=      10/      55 | t=    7.004600 s | CA=  2.6135 | fact=  2.5733 | GF=  1.8178 | solve=  1.6886 | scatter=  0.0560
PARDISO mem (f=  4.35 Hz): sym=  1.95 GB  perm=  1.42 GB  num=  3.22 GB  
peak=  4.64 GB
 WD_amp= 6.24298E+13  RESID_RMS= 3.16764E-03  FCOST_DATA= 5.01698E-06  FCOST0= 5.01698E-06
BT: alpha=  1.3993E-01  phi=  5.0170E-06  rhs=  3.0478E-06
 UPDATEPARAMETER: f-scale only
UPDATEPARAMETER PAR_STEP min/max, V_STEP min/max =  7.4660402200E+01  1.6844550955E+02
  7.4660402200E+01  1.6844550955E+02
 running run_ik_loop_pardiso
before CA | VmRSS=  16.348 GB  VmHWM=  95.072 GB
after CA | VmRSS=  17.082 GB  VmHWM=  95.072 GB
after factor | VmRSS=  20.850 GB  VmHWM=  95.072 GB
f=     4.350 Hz | ky=  0.648186E-03 | IK=       1/      55 | t=   17.300800 s | CA=  2.5096 | fact= 12.8627 | GF=  1.9283 | solve=  1.7729 | scatter=  0.0526
f=     4.350 Hz | ky=  0.129637E-02 | IK=       2/      55 | t=    6.985200 s | CA=  2.5877 | fact=  2.5833 | GF=  1.8142 | solve=  1.6881 | scatter=  0.0531
f=     4.350 Hz | ky=  0.194456E-02 | IK=       3/      55 | t=    6.933500 s | CA=  2.5479 | fact=  2.5598 | GF=  1.8258 | solve=  1.6988 | scatter=  0.0540
f=     4.350 Hz | ky=  0.259275E-02 | IK=       4/      55 | t=    6.978100 s | CA=  2.5969 | fact=  2.5619 | GF=  1.8193 | solve=  1.6939 | scatter=  0.0523
f=     4.350 Hz | ky=  0.324093E-02 | IK=       5/      55 | t=    6.979100 s | CA=  2.5895 | fact=  2.5682 | GF=  1.8213 | solve=  1.6926 | scatter=  0.0556
f=     4.350 Hz | ky=  0.388912E-02 | IK=       6/      55 | t=    6.977000 s | CA=  2.5903 | fact=  2.5708 | GF=  1.8158 | solve=  1.6918 | scatter=  0.0509
f=     4.350 Hz | ky=  0.453730E-02 | IK=       7/      55 | t=    7.015400 s | CA=  2.6099 | fact=  2.5883 | GF=  1.8172 | solve=  1.6919 | scatter=  0.0522
f=     4.350 Hz | ky=  0.518549E-02 | IK=       8/      55 | t=    6.990900 s | CA=  2.6005 | fact=  2.5708 | GF=  1.8196 | solve=  1.6934 | scatter=  0.0529
f=     4.350 Hz | ky=  0.583368E-02 | IK=       9/      55 | t=    6.982000 s | CA=  2.5891 | fact=  2.5772 | GF=  1.8157 | solve=  1.6913 | scatter=  0.0511
f=     4.350 Hz | ky=  0.648186E-02 | IK=      10/      55 | t=    6.993300 s | CA=  2.6079 | fact=  2.5704 | GF=  1.8150 | solve=  1.6888 | scatter=  0.0531
PARDISO mem (f=  4.35 Hz): sym=  1.95 GB  perm=  1.42 GB  num=  3.22 GB  
peak=  4.64 GB
 WD_amp= 6.24298E+13  RESID_RMS= 2.79642E-03  FCOST_DATA= 3.90999E-06  FCOST0= 3.90999E-06
BT: alpha=  6.9967E-02  phi=  3.9100E-06  rhs=  3.0478E-06
 UPDATEPARAMETER: f-scale only
UPDATEPARAMETER PAR_STEP min/max, V_STEP min/max =  7.4697944680E+01  1.6843615180E+02
  7.4697944680E+01  1.6843615180E+02
 running run_ik_loop_pardiso
before CA | VmRSS=  16.306 GB  VmHWM=  95.072 GB
after CA | VmRSS=  17.047 GB  VmHWM=  95.072 GB
after factor | VmRSS=  20.843 GB  VmHWM=  95.072 GB
f=     4.350 Hz | ky=  0.648186E-03 | IK=       1/      55 | t=   17.366400 s | CA=  2.5704 | fact= 12.8733 | GF=  1.9225 | solve=  1.7648 | scatter=  0.0548
f=     4.350 Hz | ky=  0.129637E-02 | IK=       2/      55 | t=    6.910600 s | CA=  2.5693 | fact=  2.5244 | GF=  1.8168 | solve=  1.6878 | scatter=  0.0559
f=     4.350 Hz | ky=  0.194456E-02 | IK=       3/      55 | t=    6.965100 s | CA=  2.5836 | fact=  2.5627 | GF=  1.8187 | solve=  1.6935 | scatter=  0.0519
f=     4.350 Hz | ky=  0.259275E-02 | IK=       4/      55 | t=    6.964900 s | CA=  2.5809 | fact=  2.5662 | GF=  1.8177 | solve=  1.6910 | scatter=  0.0537
f=     4.350 Hz | ky=  0.324093E-02 | IK=       5/      55 | t=    6.950300 s | CA=  2.5725 | fact=  2.5655 | GF=  1.8123 | solve=  1.6873 | scatter=  0.0518
f=     4.350 Hz | ky=  0.388912E-02 | IK=       6/      55 | t=    6.973000 s | CA=  2.6010 | fact=  2.5601 | GF=  1.8119 | solve=  1.6875 | scatter=  0.0514
f=     4.350 Hz | ky=  0.453730E-02 | IK=       7/      55 | t=    6.991800 s | CA=  2.5872 | fact=  2.5828 | GF=  1.8217 | solve=  1.6955 | scatter=  0.0531
f=     4.350 Hz | ky=  0.518549E-02 | IK=       8/      55 | t=    6.959900 s | CA=  2.5862 | fact=  2.5526 | GF=  1.8211 | solve=  1.6943 | scatter=  0.0534
f=     4.350 Hz | ky=  0.583368E-02 | IK=       9/      55 | t=    6.948000 s | CA=  2.5462 | fact=  2.5775 | GF=  1.8243 | solve=  1.6956 | scatter=  0.0556
f=     4.350 Hz | ky=  0.648186E-02 | IK=      10/      55 | t=    6.963300 s | CA=  2.5672 | fact=  2.5726 | GF=  1.8234 | solve=  1.6973 | scatter=  0.0527
PARDISO mem (f=  4.35 Hz): sym=  1.95 GB  perm=  1.42 GB  num=  3.22 GB  
peak=  4.64 GB
 WD_amp= 6.24298E+13  RESID_RMS= 2.62558E-03  FCOST_DATA= 3.44684E-06  FCOST0= 3.44684E-06
BT: alpha=  3.4983E-02  phi=  3.4468E-06  rhs=  3.0478E-06
 UPDATEPARAMETER: f-scale only
UPDATEPARAMETER PAR_STEP min/max, V_STEP min/max =  7.4716715920E+01  1.6843320520E+02
  7.4716715920E+01  1.6843320520E+02
 running run_ik_loop_pardiso
before CA | VmRSS=  16.160 GB  VmHWM=  95.072 GB
after CA | VmRSS=  16.766 GB  VmHWM=  95.072 GB
after factor | VmRSS=  20.554 GB  VmHWM=  95.072 GB
f=     4.350 Hz | ky=  0.648186E-03 | IK=       1/      55 | t=   17.318500 s | CA=  2.5328 | fact= 12.8700 | GF=  1.9155 | solve=  1.7598 | scatter=  0.0528
f=     4.350 Hz | ky=  0.129637E-02 | IK=       2/      55 | t=    6.966900 s | CA=  2.5811 | fact=  2.5642 | GF=  1.8216 | solve=  1.6962 | scatter=  0.0522
f=     4.350 Hz | ky=  0.194456E-02 | IK=       3/      55 | t=    6.948900 s | CA=  2.5872 | fact=  2.5440 | GF=  1.8177 | solve=  1.6915 | scatter=  0.0530
f=     4.350 Hz | ky=  0.259275E-02 | IK=       4/      55 | t=    7.013600 s | CA=  2.6254 | fact=  2.5727 | GF=  1.8154 | solve=  1.6903 | scatter=  0.0521
f=     4.350 Hz | ky=  0.324093E-02 | IK=       5/      55 | t=    6.946600 s | CA=  2.5668 | fact=  2.5625 | GF=  1.8172 | solve=  1.6918 | scatter=  0.0524
f=     4.350 Hz | ky=  0.388912E-02 | IK=       6/      55 | t=    6.930900 s | CA=  2.5603 | fact=  2.5463 | GF=  1.8242 | solve=  1.6940 | scatter=  0.0571
f=     4.350 Hz | ky=  0.453730E-02 | IK=       7/      55 | t=    6.939500 s | CA=  2.6115 | fact=  2.5094 | GF=  1.8186 | solve=  1.6903 | scatter=  0.0550
f=     4.350 Hz | ky=  0.518549E-02 | IK=       8/      55 | t=    7.003300 s | CA=  2.6045 | fact=  2.5792 | GF=  1.8196 | solve=  1.6928 | scatter=  0.0534
f=     4.350 Hz | ky=  0.583368E-02 | IK=       9/      55 | t=    6.966200 s | CA=  2.5751 | fact=  2.5703 | GF=  1.8207 | solve=  1.6940 | scatter=  0.0535
f=     4.350 Hz | ky=  0.648186E-02 | IK=      10/      55 | t=    7.000000 s | CA=  2.6157 | fact=  2.5704 | GF=  1.8139 | solve=  1.6891 | scatter=  0.0516
PARDISO mem (f=  4.35 Hz): sym=  1.95 GB  perm=  1.42 GB  num=  3.22 GB  
peak=  4.64 GB
 WD_amp= 6.24298E+13  RESID_RMS= 2.54524E-03  FCOST_DATA= 3.23913E-06  FCOST0= 3.23913E-06
BT: alpha=  1.7492E-02  phi=  3.2391E-06  rhs=  3.0479E-06
 UPDATEPARAMETER: f-scale only
UPDATEPARAMETER PAR_STEP min/max, V_STEP min/max =  7.4726101540E+01  1.6843173190E+02
  7.4726101540E+01  1.6843173190E+02
 running run_ik_loop_pardiso
before CA | VmRSS=  16.319 GB  VmHWM=  95.072 GB
after CA | VmRSS=  17.437 GB  VmHWM=  95.072 GB
after factor | VmRSS=  21.227 GB  VmHWM=  95.072 GB
f=     4.350 Hz | ky=  0.648186E-03 | IK=       1/      55 | t=   17.301100 s | CA=  2.5348 | fact= 12.8389 | GF=  1.9272 | solve=  1.7716 | scatter=  0.0529
f=     4.350 Hz | ky=  0.129637E-02 | IK=       2/      55 | t=    6.991000 s | CA=  2.6072 | fact=  2.5688 | GF=  1.8149 | solve=  1.6864 | scatter=  0.0551
f=     4.350 Hz | ky=  0.194456E-02 | IK=       3/      55 | t=    6.960800 s | CA=  2.5847 | fact=  2.5611 | GF=  1.8150 | solve=  1.6884 | scatter=  0.0536
f=     4.350 Hz | ky=  0.259275E-02 | IK=       4/      55 | t=    6.966800 s | CA=  2.5871 | fact=  2.5625 | GF=  1.8171 | solve=  1.6904 | scatter=  0.0537
f=     4.350 Hz | ky=  0.324093E-02 | IK=       5/      55 | t=    6.967600 s | CA=  2.5712 | fact=  2.5740 | GF=  1.8223 | solve=  1.6971 | scatter=  0.0520
f=     4.350 Hz | ky=  0.388912E-02 | IK=       6/      55 | t=    7.057700 s | CA=  2.6599 | fact=  2.5816 | GF=  1.8161 | solve=  1.6888 | scatter=  0.0542
f=     4.350 Hz | ky=  0.453730E-02 | IK=       7/      55 | t=    6.998300 s | CA=  2.6331 | fact=  2.5476 | GF=  1.8176 | solve=  1.6913 | scatter=  0.0531
f=     4.350 Hz | ky=  0.518549E-02 | IK=       8/      55 | t=    6.971900 s | CA=  2.5897 | fact=  2.5690 | GF=  1.8131 | solve=  1.6893 | scatter=  0.0507
f=     4.350 Hz | ky=  0.583368E-02 | IK=       9/      55 | t=    6.968400 s | CA=  2.5659 | fact=  2.5859 | GF=  1.8165 | solve=  1.6896 | scatter=  0.0538
f=     4.350 Hz | ky=  0.648186E-02 | IK=      10/      55 | t=    6.959500 s | CA=  2.5682 | fact=  2.5735 | GF=  1.8177 | solve=  1.6912 | scatter=  0.0534
PARDISO mem (f=  4.35 Hz): sym=  1.95 GB  perm=  1.42 GB  num=  3.22 GB  
peak=  4.64 GB
 WD_amp= 6.24298E+13  RESID_RMS= 2.50656E-03  FCOST_DATA= 3.14142E-06  FCOST0= 3.14142E-06
BT: alpha=  8.7459E-03  phi=  3.1414E-06  rhs=  3.0479E-06
 UPDATEPARAMETER: f-scale only
UPDATEPARAMETER PAR_STEP min/max, V_STEP min/max =  7.4730794349E+01  1.6843099525E+02
  7.4730794349E+01  1.6843099525E+02
 running run_ik_loop_pardiso
before CA | VmRSS=  16.338 GB  VmHWM=  95.072 GB
after CA | VmRSS=  17.609 GB  VmHWM=  95.072 GB
after factor | VmRSS=  21.374 GB  VmHWM=  95.072 GB
f=     4.350 Hz | ky=  0.648186E-03 | IK=       1/      55 | t=   17.327100 s | CA=  2.5239 | fact= 12.8733 | GF=  1.9297 | solve=  1.7735 | scatter=  0.0533
f=     4.350 Hz | ky=  0.129637E-02 | IK=       2/      55 | t=    6.960300 s | CA=  2.6116 | fact=  2.5248 | GF=  1.8238 | solve=  1.6947 | scatter=  0.0560
f=     4.350 Hz | ky=  0.194456E-02 | IK=       3/      55 | t=    6.972800 s | CA=  2.5927 | fact=  2.5506 | GF=  1.8294 | solve=  1.7035 | scatter=  0.0528
f=     4.350 Hz | ky=  0.259275E-02 | IK=       4/      55 | t=    6.984900 s | CA=  2.5962 | fact=  2.5642 | GF=  1.8245 | solve=  1.6988 | scatter=  0.0526
f=     4.350 Hz | ky=  0.324093E-02 | IK=       5/      55 | t=    6.991600 s | CA=  2.5962 | fact=  2.5724 | GF=  1.8230 | solve=  1.6951 | scatter=  0.0548
f=     4.350 Hz | ky=  0.388912E-02 | IK=       6/      55 | t=    6.947700 s | CA=  2.5665 | fact=  2.5638 | GF=  1.8174 | solve=  1.6910 | scatter=  0.0532
f=     4.350 Hz | ky=  0.453730E-02 | IK=       7/      55 | t=    7.022700 s | CA=  2.6336 | fact=  2.5724 | GF=  1.8166 | solve=  1.6915 | scatter=  0.0521
f=     4.350 Hz | ky=  0.518549E-02 | IK=       8/      55 | t=    6.973000 s | CA=  2.5850 | fact=  2.5716 | GF=  1.8164 | solve=  1.6908 | scatter=  0.0525
f=     4.350 Hz | ky=  0.583368E-02 | IK=       9/      55 | t=    7.001600 s | CA=  2.6250 | fact=  2.5546 | GF=  1.8220 | solve=  1.6943 | scatter=  0.0545
f=     4.350 Hz | ky=  0.648186E-02 | IK=      10/      55 | t=    6.978000 s | CA=  2.6047 | fact=  2.5508 | GF=  1.8225 | solve=  1.6972 | scatter=  0.0519
PARDISO mem (f=  4.35 Hz): sym=  1.95 GB  perm=  1.42 GB  num=  3.22 GB  
peak=  4.64 GB
 WD_amp= 6.24298E+13  RESID_RMS= 2.48762E-03  FCOST_DATA= 3.09412E-06  FCOST0= 3.09412E-06
BT: alpha=  4.3729E-03  phi=  3.0941E-06  rhs=  3.0479E-06
 UPDATEPARAMETER: f-scale only
UPDATEPARAMETER PAR_STEP min/max, V_STEP min/max =  7.4733140754E+01  1.6843062693E+02
  7.4733140754E+01  1.6843062693E+02
 running run_ik_loop_pardiso
before CA | VmRSS=  16.254 GB  VmHWM=  95.072 GB
after CA | VmRSS=  17.566 GB  VmHWM=  95.072 GB
after factor | VmRSS=  21.364 GB  VmHWM=  95.072 GB
f=     4.350 Hz | ky=  0.648186E-03 | IK=       1/      55 | t=   17.309800 s | CA=  2.5163 | fact= 12.8728 | GF=  1.9205 | solve=  1.7668 | scatter=  0.0511
f=     4.350 Hz | ky=  0.129637E-02 | IK=       2/      55 | t=    6.989500 s | CA=  2.6035 | fact=  2.5677 | GF=  1.8183 | solve=  1.6902 | scatter=  0.0550
f=     4.350 Hz | ky=  0.194456E-02 | IK=       3/      55 | t=    6.948000 s | CA=  2.5673 | fact=  2.5642 | GF=  1.8164 | solve=  1.6895 | scatter=  0.0539
f=     4.350 Hz | ky=  0.259275E-02 | IK=       4/      55 | t=    6.955500 s | CA=  2.5840 | fact=  2.5613 | GF=  1.8102 | solve=  1.6845 | scatter=  0.0526
f=     4.350 Hz | ky=  0.324093E-02 | IK=       5/      55 | t=    7.037900 s | CA=  2.6706 | fact=  2.5513 | GF=  1.8159 | solve=  1.6890 | scatter=  0.0538
f=     4.350 Hz | ky=  0.388912E-02 | IK=       6/      55 | t=    6.978600 s | CA=  2.6123 | fact=  2.5512 | GF=  1.8151 | solve=  1.6887 | scatter=  0.0534
f=     4.350 Hz | ky=  0.453730E-02 | IK=       7/      55 | t=    6.932200 s | CA=  2.5713 | fact=  2.5387 | GF=  1.8221 | solve=  1.6945 | scatter=  0.0545
f=     4.350 Hz | ky=  0.518549E-02 | IK=       8/      55 | t=    6.925800 s | CA=  2.5521 | fact=  2.5537 | GF=  1.8200 | solve=  1.6937 | scatter=  0.0533
f=     4.350 Hz | ky=  0.583368E-02 | IK=       9/      55 | t=    6.987300 s | CA=  2.5991 | fact=  2.5670 | GF=  1.8211 | solve=  1.6951 | scatter=  0.0528
f=     4.350 Hz | ky=  0.648186E-02 | IK=      10/      55 | t=    6.940500 s | CA=  2.5581 | fact=  2.5658 | GF=  1.8165 | solve=  1.6909 | scatter=  0.0525
PARDISO mem (f=  4.35 Hz): sym=  1.95 GB  perm=  1.42 GB  num=  3.22 GB  
peak=  4.64 GB
 WD_amp= 6.24298E+13  RESID_RMS= 2.47825E-03  FCOST_DATA= 3.07086E-06  FCOST0= 3.07086E-06
BT: alpha=  2.1865E-03  phi=  3.0709E-06  rhs=  3.0479E-06
 UPDATEPARAMETER: f-scale only
UPDATEPARAMETER PAR_STEP min/max, V_STEP min/max =  7.4734313957E+01  1.6843044277E+02
  7.4734313957E+01  1.6843044277E+02
 running run_ik_loop_pardiso
before CA | VmRSS=  16.274 GB  VmHWM=  95.072 GB
after CA | VmRSS=  17.427 GB  VmHWM=  95.072 GB
after factor | VmRSS=  21.221 GB  VmHWM=  95.072 GB
f=     4.350 Hz | ky=  0.648186E-03 | IK=       1/      55 | t=   17.331500 s | CA=  2.5446 | fact= 12.8612 | GF=  1.9255 | solve=  1.7696 | scatter=  0.0531
f=     4.350 Hz | ky=  0.129637E-02 | IK=       2/      55 | t=    6.972000 s | CA=  2.5959 | fact=  2.5553 | GF=  1.8207 | solve=  1.6915 | scatter=  0.0560
f=     4.350 Hz | ky=  0.194456E-02 | IK=       3/      55 | t=    7.042800 s | CA=  2.6686 | fact=  2.5573 | GF=  1.8169 | solve=  1.6915 | scatter=  0.0524
f=     4.350 Hz | ky=  0.259275E-02 | IK=       4/      55 | t=    6.967900 s | CA=  2.5835 | fact=  2.5650 | GF=  1.8194 | solve=  1.6917 | scatter=  0.0543
f=     4.350 Hz | ky=  0.324093E-02 | IK=       5/      55 | t=    6.953100 s | CA=  2.5690 | fact=  2.5661 | GF=  1.8180 | solve=  1.6922 | scatter=  0.0526
f=     4.350 Hz | ky=  0.388912E-02 | IK=       6/      55 | t=    6.942700 s | CA=  2.5976 | fact=  2.5270 | GF=  1.8180 | solve=  1.6895 | scatter=  0.0555
f=     4.350 Hz | ky=  0.453730E-02 | IK=       7/      55 | t=    7.033200 s | CA=  2.6547 | fact=  2.5642 | GF=  1.8143 | solve=  1.6912 | scatter=  0.0499
f=     4.350 Hz | ky=  0.518549E-02 | IK=       8/      55 | t=    6.992400 s | CA=  2.5949 | fact=  2.5735 | GF=  1.8239 | solve=  1.6948 | scatter=  0.0560
f=     4.350 Hz | ky=  0.583368E-02 | IK=       9/      55 | t=    7.020800 s | CA=  2.6138 | fact=  2.5825 | GF=  1.8244 | solve=  1.6983 | scatter=  0.0530
f=     4.350 Hz | ky=  0.648186E-02 | IK=      10/      55 | t=    7.028100 s | CA=  2.6174 | fact=  2.5911 | GF=  1.8196 | solve=  1.6930 | scatter=  0.0535
PARDISO mem (f=  4.35 Hz): sym=  1.95 GB  perm=  1.42 GB  num=  3.22 GB  
peak=  4.64 GB
 WD_amp= 6.24298E+13  RESID_RMS= 2.47359E-03  FCOST_DATA= 3.05933E-06  FCOST0= 3.05933E-06
BT: alpha=  1.0932E-03  phi=  3.0593E-06  rhs=  3.0479E-06
 UPDATEPARAMETER: f-scale only
UPDATEPARAMETER PAR_STEP min/max, V_STEP min/max =  7.4734900558E+01  1.6843035068E+02
  7.4734900558E+01  1.6843035068E+02
 running run_ik_loop_pardiso
before CA | VmRSS=  16.210 GB  VmHWM=  95.072 GB
after CA | VmRSS=  17.736 GB  VmHWM=  95.072 GB
after factor | VmRSS=  21.496 GB  VmHWM=  95.072 GB
f=     4.350 Hz | ky=  0.648186E-03 | IK=       1/      55 | t=   17.272600 s | CA=  2.4981 | fact= 12.8519 | GF=  1.9224 | solve=  1.7670 | scatter=  0.0525
f=     4.350 Hz | ky=  0.129637E-02 | IK=       2/      55 | t=    6.977800 s | CA=  2.5873 | fact=  2.5772 | GF=  1.8133 | solve=  1.6882 | scatter=  0.0520
f=     4.350 Hz | ky=  0.194456E-02 | IK=       3/      55 | t=    6.883900 s | CA=  2.5560 | fact=  2.5109 | GF=  1.8169 | solve=  1.6883 | scatter=  0.0554
f=     4.350 Hz | ky=  0.259275E-02 | IK=       4/      55 | t=    6.975700 s | CA=  2.5825 | fact=  2.5768 | GF=  1.8163 | solve=  1.6918 | scatter=  0.0513
f=     4.350 Hz | ky=  0.324093E-02 | IK=       5/      55 | t=    6.999400 s | CA=  2.5950 | fact=  2.5882 | GF=  1.8162 | solve=  1.6903 | scatter=  0.0526
f=     4.350 Hz | ky=  0.388912E-02 | IK=       6/      55 | t=    6.945000 s | CA=  2.5579 | fact=  2.5703 | GF=  1.8167 | solve=  1.6893 | scatter=  0.0543
f=     4.350 Hz | ky=  0.453730E-02 | IK=       7/      55 | t=    6.997900 s | CA=  2.6091 | fact=  2.5733 | GF=  1.8155 | solve=  1.6871 | scatter=  0.0553
f=     4.350 Hz | ky=  0.518549E-02 | IK=       8/      55 | t=    6.967300 s | CA=  2.5788 | fact=  2.5661 | GF=  1.8223 | solve=  1.6945 | scatter=  0.0546
f=     4.350 Hz | ky=  0.583368E-02 | IK=       9/      55 | t=    7.029300 s | CA=  2.6321 | fact=  2.5720 | GF=  1.8252 | solve=  1.6987 | scatter=  0.0534
f=     4.350 Hz | ky=  0.648186E-02 | IK=      10/      55 | t=    7.017100 s | CA=  2.6274 | fact=  2.5714 | GF=  1.8183 | solve=  1.6919 | scatter=  0.0535
PARDISO mem (f=  4.35 Hz): sym=  1.95 GB  perm=  1.42 GB  num=  3.22 GB  
peak=  4.64 GB
 WD_amp= 6.24298E+13  RESID_RMS= 2.47127E-03  FCOST_DATA= 3.05359E-06  FCOST0= 3.05359E-06
BT: alpha=  5.4662E-04  phi=  3.0536E-06  rhs=  3.0479E-06
 UPDATEPARAMETER: f-scale only
UPDATEPARAMETER PAR_STEP min/max, V_STEP min/max =  7.4735193859E+01  1.6843030464E+02
  7.4735193859E+01  1.6843030464E+02
 running run_ik_loop_pardiso
before CA | VmRSS=  16.256 GB  VmHWM=  95.072 GB
after CA | VmRSS=  17.235 GB  VmHWM=  95.072 GB
after factor | VmRSS=  20.994 GB  VmHWM=  95.072 GB
f=     4.350 Hz | ky=  0.648186E-03 | IK=       1/      55 | t=   17.306300 s | CA=  2.5490 | fact= 12.8383 | GF=  1.9188 | solve=  1.7651 | scatter=  0.0512
f=     4.350 Hz | ky=  0.129637E-02 | IK=       2/      55 | t=    6.957900 s | CA=  2.5907 | fact=  2.5520 | GF=  1.8152 | solve=  1.6857 | scatter=  0.0564
f=     4.350 Hz | ky=  0.194456E-02 | IK=       3/      55 | t=    6.988800 s | CA=  2.6125 | fact=  2.5646 | GF=  1.8117 | solve=  1.6860 | scatter=  0.0525
f=     4.350 Hz | ky=  0.259275E-02 | IK=       4/      55 | t=    6.981300 s | CA=  2.5982 | fact=  2.5709 | GF=  1.8122 | solve=  1.6870 | scatter=  0.0519
f=     4.350 Hz | ky=  0.324093E-02 | IK=       5/      55 | t=    7.008100 s | CA=  2.6304 | fact=  2.5569 | GF=  1.8208 | solve=  1.6957 | scatter=  0.0520
f=     4.350 Hz | ky=  0.388912E-02 | IK=       6/      55 | t=    7.135200 s | CA=  2.7483 | fact=  2.5676 | GF=  1.8192 | solve=  1.6924 | scatter=  0.0537
f=     4.350 Hz | ky=  0.453730E-02 | IK=       7/      55 | t=    7.051400 s | CA=  2.6634 | fact=  2.5725 | GF=  1.8154 | solve=  1.6892 | scatter=  0.0528
f=     4.350 Hz | ky=  0.518549E-02 | IK=       8/      55 | t=    6.965800 s | CA=  2.5811 | fact=  2.5651 | GF=  1.8196 | solve=  1.6932 | scatter=  0.0533
f=     4.350 Hz | ky=  0.583368E-02 | IK=       9/      55 | t=    6.980600 s | CA=  2.5843 | fact=  2.5741 | GF=  1.8222 | solve=  1.6952 | scatter=  0.0539
f=     4.350 Hz | ky=  0.648186E-02 | IK=      10/      55 | t=    6.997900 s | CA=  2.6046 | fact=  2.5719 | GF=  1.8214 | solve=  1.6959 | scatter=  0.0524
PARDISO mem (f=  4.35 Hz): sym=  1.95 GB  perm=  1.42 GB  num=  3.22 GB  
peak=  4.64 GB
 WD_amp= 6.24298E+13  RESID_RMS= 2.47011E-03  FCOST_DATA= 3.05072E-06  FCOST0= 3.05072E-06
BT: alpha=  2.7331E-04  phi=  3.0507E-06  rhs=  3.0479E-06
 UPDATEPARAMETER: f-scale only
UPDATEPARAMETER PAR_STEP min/max, V_STEP min/max =  7.4735340509E+01  1.6843028162E+02
  7.4735340509E+01  1.6843028162E+02
 running run_ik_loop_pardiso
before CA | VmRSS=  16.222 GB  VmHWM=  95.072 GB
after CA | VmRSS=  17.239 GB  VmHWM=  95.072 GB
after factor | VmRSS=  20.998 GB  VmHWM=  95.072 GB
f=     4.350 Hz | ky=  0.648186E-03 | IK=       1/      55 | t=   17.317100 s | CA=  2.5493 | fact= 12.8463 | GF=  1.9213 | solve=  1.7649 | scatter=  0.0542
f=     4.350 Hz | ky=  0.129637E-02 | IK=       2/      55 | t=    6.990800 s | CA=  2.6017 | fact=  2.5664 | GF=  1.8227 | solve=  1.6968 | scatter=  0.0528
f=     4.350 Hz | ky=  0.194456E-02 | IK=       3/      55 | t=    7.003300 s | CA=  2.6263 | fact=  2.5555 | GF=  1.8215 | solve=  1.6924 | scatter=  0.0559
f=     4.350 Hz | ky=  0.259275E-02 | IK=       4/      55 | t=    7.055300 s | CA=  2.6617 | fact=  2.5744 | GF=  1.8192 | solve=  1.6927 | scatter=  0.0534
f=     4.350 Hz | ky=  0.324093E-02 | IK=       5/      55 | t=    7.004000 s | CA=  2.6154 | fact=  2.5701 | GF=  1.8184 | solve=  1.6924 | scatter=  0.0529
f=     4.350 Hz | ky=  0.388912E-02 | IK=       6/      55 | t=    6.982300 s | CA=  2.5847 | fact=  2.5765 | GF=  1.8210 | solve=  1.6972 | scatter=  0.0505
f=     4.350 Hz | ky=  0.453730E-02 | IK=       7/      55 | t=    7.037900 s | CA=  2.6485 | fact=  2.5680 | GF=  1.8213 | solve=  1.6935 | scatter=  0.0546
f=     4.350 Hz | ky=  0.518549E-02 | IK=       8/      55 | t=    7.036600 s | CA=  2.6430 | fact=  2.5733 | GF=  1.8203 | solve=  1.6917 | scatter=  0.0555
f=     4.350 Hz | ky=  0.583368E-02 | IK=       9/      55 | t=    7.058300 s | CA=  2.6514 | fact=  2.5876 | GF=  1.8193 | solve=  1.6932 | scatter=  0.0529
f=     4.350 Hz | ky=  0.648186E-02 | IK=      10/      55 | t=    6.961100 s | CA=  2.5725 | fact=  2.5705 | GF=  1.8181 | solve=  1.6926 | scatter=  0.0524
PARDISO mem (f=  4.35 Hz): sym=  1.95 GB  perm=  1.42 GB  num=  3.22 GB  
peak=  4.64 GB
 WD_amp= 6.24298E+13  RESID_RMS= 2.46953E-03  FCOST_DATA= 3.04929E-06  FCOST0= 3.04929E-06
BT: alpha=  1.3665E-04  phi=  3.0493E-06  rhs=  3.0479E-06
 UPDATEPARAMETER: f-scale only
UPDATEPARAMETER PAR_STEP min/max, V_STEP min/max =  7.4735413834E+01  1.6843027011E+02
  7.4735413834E+01  1.6843027011E+02
 running run_ik_loop_pardiso
before CA | VmRSS=  16.303 GB  VmHWM=  95.072 GB
after CA | VmRSS=  17.402 GB  VmHWM=  95.072 GB
after factor | VmRSS=  21.161 GB  VmHWM=  95.072 GB
f=     4.350 Hz | ky=  0.648186E-03 | IK=       1/      55 | t=   17.334700 s | CA=  2.5557 | fact= 12.8542 | GF=  1.9246 | solve=  1.7703 | scatter=  0.0518
f=     4.350 Hz | ky=  0.129637E-02 | IK=       2/      55 | t=    6.954600 s | CA=  2.5796 | fact=  2.5630 | GF=  1.8120 | solve=  1.6865 | scatter=  0.0526
f=     4.350 Hz | ky=  0.194456E-02 | IK=       3/      55 | t=    6.992000 s | CA=  2.5813 | fact=  2.5886 | GF=  1.8220 | solve=  1.6930 | scatter=  0.0561
f=     4.350 Hz | ky=  0.259275E-02 | IK=       4/      55 | t=    6.976400 s | CA=  2.6057 | fact=  2.5557 | GF=  1.8150 | solve=  1.6900 | scatter=  0.0519
f=     4.350 Hz | ky=  0.324093E-02 | IK=       5/      55 | t=    7.021700 s | CA=  2.6423 | fact=  2.5658 | GF=  1.8136 | solve=  1.6884 | scatter=  0.0519
f=     4.350 Hz | ky=  0.388912E-02 | IK=       6/      55 | t=    6.942700 s | CA=  2.5986 | fact=  2.5253 | GF=  1.8188 | solve=  1.6912 | scatter=  0.0545
f=     4.350 Hz | ky=  0.453730E-02 | IK=       7/      55 | t=    6.968900 s | CA=  2.5751 | fact=  2.5682 | GF=  1.8256 | solve=  1.6994 | scatter=  0.0531
f=     4.350 Hz | ky=  0.518549E-02 | IK=       8/      55 | t=    7.026600 s | CA=  2.6082 | fact=  2.5954 | GF=  1.8230 | solve=  1.6976 | scatter=  0.0523
f=     4.350 Hz | ky=  0.583368E-02 | IK=       9/      55 | t=    6.985000 s | CA=  2.5944 | fact=  2.5753 | GF=  1.8153 | solve=  1.6875 | scatter=  0.0545
f=     4.350 Hz | ky=  0.648186E-02 | IK=      10/      55 | t=    6.957600 s | CA=  2.5655 | fact=  2.5765 | GF=  1.8155 | solve=  1.6878 | scatter=  0.0544
PARDISO mem (f=  4.35 Hz): sym=  1.95 GB  perm=  1.42 GB  num=  3.22 GB  
peak=  4.64 GB
 WD_amp= 6.24298E+13  RESID_RMS= 2.46924E-03  FCOST_DATA= 3.04858E-06  FCOST0= 3.04858E-06
BT: alpha=  6.8327E-05  phi=  3.0486E-06  rhs=  3.0479E-06
 UPDATEPARAMETER: f-scale only
UPDATEPARAMETER PAR_STEP min/max, V_STEP min/max =  7.4735450497E+01  1.6843026436E+02
  7.4735450497E+01  1.6843026436E+02
 running run_ik_loop_pardiso
before CA | VmRSS=  16.214 GB  VmHWM=  95.072 GB
after CA | VmRSS=  17.575 GB  VmHWM=  95.072 GB
after factor | VmRSS=  21.335 GB  VmHWM=  95.072 GB
f=     4.350 Hz | ky=  0.648186E-03 | IK=       1/      55 | t=   17.339400 s | CA=  2.5709 | fact= 12.8424 | GF=  1.9259 | solve=  1.7698 | scatter=  0.0535
f=     4.350 Hz | ky=  0.129637E-02 | IK=       2/      55 | t=    6.968400 s | CA=  2.5710 | fact=  2.5790 | GF=  1.8184 | solve=  1.6917 | scatter=  0.0534
f=     4.350 Hz | ky=  0.194456E-02 | IK=       3/      55 | t=    7.024500 s | CA=  2.6327 | fact=  2.5762 | GF=  1.8156 | solve=  1.6910 | scatter=  0.0515
f=     4.350 Hz | ky=  0.259275E-02 | IK=       4/      55 | t=    6.983500 s | CA=  2.6049 | fact=  2.5608 | GF=  1.8178 | solve=  1.6920 | scatter=  0.0527
f=     4.350 Hz | ky=  0.324093E-02 | IK=       5/      55 | t=    7.021200 s | CA=  2.6356 | fact=  2.5680 | GF=  1.8175 | solve=  1.6914 | scatter=  0.0530
f=     4.350 Hz | ky=  0.388912E-02 | IK=       6/      55 | t=    6.932900 s | CA=  2.5880 | fact=  2.5248 | GF=  1.8200 | solve=  1.6929 | scatter=  0.0539
f=     4.350 Hz | ky=  0.453730E-02 | IK=       7/      55 | t=    6.966900 s | CA=  2.5871 | fact=  2.5628 | GF=  1.8169 | solve=  1.6911 | scatter=  0.0523
f=     4.350 Hz | ky=  0.518549E-02 | IK=       8/      55 | t=    6.965200 s | CA=  2.5739 | fact=  2.5763 | GF=  1.8150 | solve=  1.6875 | scatter=  0.0542
f=     4.350 Hz | ky=  0.583368E-02 | IK=       9/      55 | t=    7.013100 s | CA=  2.6093 | fact=  2.5828 | GF=  1.8210 | solve=  1.6950 | scatter=  0.0528
f=     4.350 Hz | ky=  0.648186E-02 | IK=      10/      55 | t=    6.951600 s | CA=  2.5949 | fact=  2.5452 | GF=  1.8114 | solve=  1.6852 | scatter=  0.0530
PARDISO mem (f=  4.35 Hz): sym=  1.95 GB  perm=  1.42 GB  num=  3.22 GB  
peak=  4.64 GB
 WD_amp= 6.24298E+13  RESID_RMS= 2.46910E-03  FCOST_DATA= 3.04822E-06  FCOST0= 3.04822E-06
BT: alpha=  3.4164E-05  phi=  3.0482E-06  rhs=  3.0479E-06
 UPDATEPARAMETER: f-scale only
UPDATEPARAMETER PAR_STEP min/max, V_STEP min/max =  7.4735476428E+01  1.6843026029E+02
  7.4735476428E+01  1.6843026029E+02
 running run_ik_loop_pardiso
before CA | VmRSS=  16.170 GB  VmHWM=  95.072 GB
after CA | VmRSS=  17.385 GB  VmHWM=  95.072 GB
after factor | VmRSS=  21.177 GB  VmHWM=  95.072 GB
f=     4.350 Hz | ky=  0.648186E-03 | IK=       1/      55 | t=   17.324600 s | CA=  2.5489 | fact= 12.8519 | GF=  1.9236 | solve=  1.7697 | scatter=  0.0514
f=     4.350 Hz | ky=  0.129637E-02 | IK=       2/      55 | t=    6.937400 s | CA=  2.5506 | fact=  2.5693 | GF=  1.8174 | solve=  1.6913 | scatter=  0.0529
f=     4.350 Hz | ky=  0.194456E-02 | IK=       3/      55 | t=    6.991800 s | CA=  2.5983 | fact=  2.5709 | GF=  1.8226 | solve=  1.6935 | scatter=  0.0561
f=     4.350 Hz | ky=  0.259275E-02 | IK=       4/      55 | t=    6.951500 s | CA=  2.6133 | fact=  2.5208 | GF=  1.8173 | solve=  1.6894 | scatter=  0.0544
f=     4.350 Hz | ky=  0.324093E-02 | IK=       5/      55 | t=    6.982000 s | CA=  2.6233 | fact=  2.5396 | GF=  1.8191 | solve=  1.6940 | scatter=  0.0516
f=     4.350 Hz | ky=  0.388912E-02 | IK=       6/      55 | t=    6.958400 s | CA=  2.5796 | fact=  2.5579 | GF=  1.8209 | solve=  1.6945 | scatter=  0.0533
f=     4.350 Hz | ky=  0.453730E-02 | IK=       7/      55 | t=    6.964500 s | CA=  2.5705 | fact=  2.5807 | GF=  1.8132 | solve=  1.6856 | scatter=  0.0545
f=     4.350 Hz | ky=  0.518549E-02 | IK=       8/      55 | t=    6.991600 s | CA=  2.5729 | fact=  2.5995 | GF=  1.8191 | solve=  1.6925 | scatter=  0.0531
f=     4.350 Hz | ky=  0.583368E-02 | IK=       9/      55 | t=    7.000800 s | CA=  2.6170 | fact=  2.5702 | GF=  1.8136 | solve=  1.6890 | scatter=  0.0510
f=     4.350 Hz | ky=  0.648186E-02 | IK=      10/      55 | t=    6.994600 s | CA=  2.5977 | fact=  2.5752 | GF=  1.8217 | solve=  1.6966 | scatter=  0.0515
PARDISO mem (f=  4.35 Hz): sym=  1.95 GB  perm=  1.42 GB  num=  3.22 GB  
peak=  4.64 GB
 WD_amp= 6.24298E+13  RESID_RMS= 2.46900E-03  FCOST_DATA= 3.04797E-06  FCOST0= 3.04797E-06
 Backtrack: failed after MAX_IT
 Line search failed (IFLAG=          11 ), inversion diverged.
 --------- Frequency   4.75000000000000       (band            1 )
[ComputeAcqWeight] empty acq_weight_file, using uniform weights = 1.0
Data weighting computed for frequency 4607182418800017373
XSRmin, XSRmax, ZSRmin, ZSRMax -1960.000000000000 .000000000000000 2050.000000000000 4030.000000000000
1 FKYC
1.2 FKYC
my_rank, FKYC,WLMAX, RMAX 0 .3892843070752570E-01 1078.479746282688 2786.036611389018
1.1 NK
NK in cky2= 55

  Number of wavenumber samples (NK) for FREQ =   55
Data weighting computed for frequency 4607182418800017373
Data weighting computed for frequency 4607182418800017373
  RMAX = 2786.04
Data weighting computed for frequency 4607182418800017373
Data weighting computed for frequency 4607182418800017373
Data weighting computed for frequency 4607182418800017373
--- Pre-solver preview (memory + RHS workload) ---
   GQG dims: NNX=       585  NNZ=       317  NPT=    185445
   DOF:     N=3*NPT =    556335
   Sources: NSR=       100  NSS=        20  NK=        55
   RHS total (per IK): nrhs_tot=3*NSS =        60
   Batch:    MAX_RHS_BATCH=        32  nbatches=         2
   GFMY  (GFX+GFY+GFZ):         13.679 GB
   RHS_MY(rhs+sol buffers):      0.531 GB
 
 running run_ik_loop_pardiso
before CA | VmRSS=  15.357 GB  VmHWM=  95.072 GB
after CA | VmRSS=  16.855 GB  VmHWM=  95.072 GB
after factor | VmRSS=  20.637 GB  VmHWM=  95.072 GB
f=     4.750 Hz | ky=  0.707790E-03 | IK=       1/      55 | t=   17.298600 s | CA=  2.5185 | fact= 12.8602 | GF=  1.9197 | solve=  1.7636 | scatter=  0.0535
f=     4.750 Hz | ky=  0.141558E-02 | IK=       2/      55 | t=    6.982600 s | CA=  2.5920 | fact=  2.5765 | GF=  1.8141 | solve=  1.6898 | scatter=  0.0512
f=     4.750 Hz | ky=  0.212337E-02 | IK=       3/      55 | t=    6.962500 s | CA=  2.6016 | fact=  2.5465 | GF=  1.8143 | solve=  1.6879 | scatter=  0.0533
f=     4.750 Hz | ky=  0.283116E-02 | IK=       4/      55 | t=    6.975800 s | CA=  2.5966 | fact=  2.5607 | GF=  1.8184 | solve=  1.6918 | scatter=  0.0535
f=     4.750 Hz | ky=  0.353895E-02 | IK=       5/      55 | t=    7.041600 s | CA=  2.6438 | fact=  2.5788 | GF=  1.8190 | solve=  1.6927 | scatter=  0.0532
f=     4.750 Hz | ky=  0.424674E-02 | IK=       6/      55 | t=    7.020500 s | CA=  2.6367 | fact=  2.5679 | GF=  1.8158 | solve=  1.6909 | scatter=  0.0518
f=     4.750 Hz | ky=  0.495453E-02 | IK=       7/      55 | t=    7.005900 s | CA=  2.6240 | fact=  2.5651 | GF=  1.8168 | solve=  1.6898 | scatter=  0.0540
f=     4.750 Hz | ky=  0.566232E-02 | IK=       8/      55 | t=    6.972400 s | CA=  2.6104 | fact=  2.5510 | GF=  1.8109 | solve=  1.6857 | scatter=  0.0520
f=     4.750 Hz | ky=  0.637011E-02 | IK=       9/      55 | t=    6.952600 s | CA=  2.5906 | fact=  2.5491 | GF=  1.8129 | solve=  1.6871 | scatter=  0.0526
f=     4.750 Hz | ky=  0.707790E-02 | IK=      10/      55 | t=    7.068000 s | CA=  2.6599 | fact=  2.5976 | GF=  1.8105 | solve=  1.6864 | scatter=  0.0510
PARDISO mem (f=  4.75 Hz): sym=  1.95 GB  perm=  1.42 GB  num=  3.22 GB  
peak=  4.64 GB
t_global   =    111.383 s
TIME for 1st forward modeling =  1.856401697794596  min
TIME for GT0 =  .5149999757607778E-02  min
Data scaler W for L2 norm: 64069066454919.59
Data scaler W for WQS norm: .1007948000807317E-312
Total number of active inversion parameters for current sequential stage (IM):          1
Total model blocks points (NM = IM * NBLOCK):      11534 on grid (NMM = IM * NPT):    185445
 Gradient balance ():   1.00000000000000        1.00000000000000     
   1.00000000000000        1.00000000000000        1.00000000000000     
   1.00000000000000        1.00000000000000        1.00000000000000     
   1.00000000000000        1.00000000000000        1.00000000000000     
 IE0, IZ          30           0
 IE0, IZ, GZ1, GZ2 =           30           0   100.000000000000     
   300.000000000000     
  
 Frequency:           6 Iteration:           1
--- Pre-solver preview (memory + RHS workload) ---
   GQG dims: NNX=       585  NNZ=       317  NPT=    185445
   DOF:     N=3*NPT =    556335
   Sources: NSR=       100  NSS=       100  NK=        55
   RHS total (per IK): nrhs_tot=3*NSS =       300
   Batch:    MAX_RHS_BATCH=        32  nbatches=        10
   GFMY  (GFX+GFY+GFZ):         68.393 GB
   RHS_MY(rhs+sol buffers):      0.531 GB
 
 running run_ik_loop_pardiso
before CA | VmRSS=  70.907 GB  VmHWM=  95.072 GB
after CA | VmRSS=  71.716 GB  VmHWM=  95.072 GB
after factor | VmRSS=  75.481 GB  VmHWM=  95.072 GB
f=     4.750 Hz | ky=  0.707790E-03 | IK=       1/      55 | t=   24.314600 s | CA=  2.5249 | fact= 12.8504 | GF=  8.9391 | solve=  8.2713 | scatter=  0.2574
f=     4.750 Hz | ky=  0.141558E-02 | IK=       2/      55 | t=   14.002800 s | CA=  2.5982 | fact=  2.5388 | GF=  8.8657 | solve=  8.2254 | scatter=  0.2598
f=     4.750 Hz | ky=  0.212337E-02 | IK=       3/      55 | t=   14.018800 s | CA=  2.5630 | fact=  2.5828 | GF=  8.8729 | solve=  8.2334 | scatter=  0.2592
f=     4.750 Hz | ky=  0.283116E-02 | IK=       4/      55 | t=   14.021000 s | CA=  2.5882 | fact=  2.5743 | GF=  8.8585 | solve=  8.2198 | scatter=  0.2579
f=     4.750 Hz | ky=  0.353895E-02 | IK=       5/      55 | t=   13.994200 s | CA=  2.5950 | fact=  2.5305 | GF=  8.8686 | solve=  8.2315 | scatter=  0.2567
f=     4.750 Hz | ky=  0.424674E-02 | IK=       6/      55 | t=   14.056500 s | CA=  2.6165 | fact=  2.5622 | GF=  8.8778 | solve=  8.2342 | scatter=  0.2629
f=     4.750 Hz | ky=  0.495453E-02 | IK=       7/      55 | t=   14.027600 s | CA=  2.5586 | fact=  2.5838 | GF=  8.8852 | solve=  8.2458 | scatter=  0.2584
f=     4.750 Hz | ky=  0.566232E-02 | IK=       8/      55 | t=   14.071900 s | CA=  2.6060 | fact=  2.5892 | GF=  8.8766 | solve=  8.2328 | scatter=  0.2631
f=     4.750 Hz | ky=  0.637011E-02 | IK=       9/      55 | t=   14.020700 s | CA=  2.6163 | fact=  2.5142 | GF=  8.8902 | solve=  8.2520 | scatter=  0.2572
f=     4.750 Hz | ky=  0.707790E-02 | IK=      10/      55 | t=   14.043400 s | CA=  2.5685 | fact=  2.5871 | GF=  8.8877 | solve=  8.2468 | scatter=  0.2593
PARDISO mem (f=  4.75 Hz): sym=  1.95 GB  perm=  1.42 GB  num=  3.22 GB  
peak=  4.64 GB
t_global   =    304.938 s
TIME for 2d forward modeling_i calc =  5.081086730957031 min
Rank    4 -> ID range:   3201 to   4000 | Tasks:    800
Rank    5 -> ID range:   4001 to   4800 | Tasks:    800
Rank    1 -> ID range:    801 to   1600 | Tasks:    800
Rank    3 -> ID range:   2401 to   3200 | Tasks:    800
Rank    2 -> ID range:   1601 to   2400 | Tasks:    800
  
 -------------- calculate Frechet derivatives -----------
 IFREQ =           6    ITERATION =           1
Frechet memory size Frec_my:      0.825 (Gb)
Rank    0 -> ID range:      1 to    800 | Tasks:    800
FREQ:      4.8 Hz, ITER=       1  Frechet Derivative ID=     100/    4800 Finished   0.208400 s
FREQ:      4.8 Hz, ITER=       1  Frechet Derivative ID=     200/    4800 Finished   0.208300 s
FREQ:      4.8 Hz, ITER=       1  Frechet Derivative ID=     300/    4800 Finished   0.204600 s
FREQ:      4.8 Hz, ITER=       1  Frechet Derivative ID=     400/    4800 Finished   0.205400 s
FREQ:      4.8 Hz, ITER=       1  Frechet Derivative ID=     500/    4800 Finished   0.207200 s
FREQ:      4.8 Hz, ITER=       1  Frechet Derivative ID=     600/    4800 Finished   0.209800 s
FREQ:      4.8 Hz, ITER=       1  Frechet Derivative ID=     700/    4800 Finished   0.208000 s
FREQ:      4.8 Hz, ITER=       1  Frechet Derivative ID=     800/    4800 Finished   0.216700 s
||Frechet||_F=  4.1488E-13max|Frechet|=  3.7897E-18
 
TIME for Frechet calc =  2.975656636555990 min
 
||Frechet||_F=  4.1488E-13max|Frechet|=  3.7897E-18
m_fine: min=  7.4735E+01  max=  1.6843E+02  mean=  1.3482E+02  ||.||2=  6.0106E+04  size=  185445
m_coarse_prev: min=  7.5277E+01  max=  1.6831E+02  mean=  1.3485E+02  ||.||2=  1.4992E+04  size=   11534
 
  compute the residual and the cost function
 WD_amp= 6.40691E+13  RESID_RMS= 2.52393E-03  FCOST_DATA= 3.18511E-06  FCOST0= 3.18511E-06
||Frechet||_F=  4.1488E-13max|Frechet|=  3.7897E-18
||Frechet||_F=  4.1488E-13max|Frechet|=  3.7897E-18
||Frechet||_F=  4.1488E-13max|Frechet|=  3.7897E-18
||Frechet||_F=  4.1488E-13max|Frechet|=  3.7897E-18
IA=  7  H(single F0) min= 0.00000E+00  max= 1.50643E-02
IA=  7  H(F0^2)     min= 0.00000E+00  max= 1.50643E-02
HESSD: ia=   7  min= 0.00000E+00  max= 9.48282E+03
IA=  7  H(single F0) min= 0.00000E+00  max= 1.50643E-02
IA=  7  H(F0^2)     min= 0.00000E+00  max= 1.50643E-02
HESSD: ia=   7  min= 0.00000E+00  max= 9.48282E+03
IA=  7  H(single F0) min= 0.00000E+00  max= 1.50643E-02
IA=  7  H(F0^2)     min= 0.00000E+00  max= 1.50643E-02
IA=  7  H(single F0) min= 0.00000E+00  max= 1.50643E-02
IA=  7  H(F0^2)     min= 0.00000E+00  max= 1.50643E-02
HESSD: ia=   7  min= 0.00000E+00  max= 9.48282E+03
HESSD: ia=   7  min= 0.00000E+00  max= 9.48282E+03
IA=  7  H(single F0) min= 0.00000E+00  max= 1.50643E-02
IA=  7  H(F0^2)     min= 0.00000E+00  max= 1.50643E-02
HESSD: ia=   7  min= 0.00000E+00  max= 9.48282E+03
IA=  7  H(single F0) min= 0.00000E+00  max= 1.50643E-02
IA=  7  H(F0^2)     min= 0.00000E+00  max= 1.50643E-02
HESSD: ia=   7  min= 0.00000E+00  max= 9.48282E+03
Grad block   7 GRAD_SCALED MORM =   1.7914E-04
Raw grad block  7  PAR={Q11}  min= -3.6111E-09  max=  4.4009E-09  L2=  3.0848E-08
Gradient finished
Start LBFGS 
LBFGS steepest step , iter=      1
  g·p = -3.8038E-06  ||p|| =  9.3085E-02
  min(p)= -3.5580E-03  max(p)=  7.9025E-03
LBFGS p_k (unscaled) stats per active parameter:
  IA=  7  PAR={Q11}  min=-2.19941E+01  max= 4.88503E+01  L2= 5.75420E+02
min(p_k)= -3.5580E-03  max(p_k)=  7.9025E-03  ||p_k||=  9.3085E-02
min(p_kf)= -3.5580E-03  max(p_kf)=  7.9025E-03  ||p_kf||=  3.7234E-01
p_k/p_kf  =   2.5000E-01
Start linesearch
BT entry: phi(0)=  3.1851E-06  g·p(0)= -3.8038E-06
 UPDATEPARAMETER: f-scale only
UPDATEPARAMETER PAR_STEP min/max, V_STEP min/max =  5.7801532187E+01  1.6872138988E+02
  5.7801532187E+01  1.6872138988E+02
REL STEP Q      : k=  7 row=  2 rmax_k=  5.1433E-01 row_scale=  1.6843E+02
BT cap probe: rmax1=  5.1433E-01  alpha_cap=  9.7213E-01  alpha00=  1.0000E+00
 UPDATEPARAMETER: f-scale only
UPDATEPARAMETER PAR_STEP min/max, V_STEP min/max =  5.8392356429E+01  1.6871045683E+02
  5.8392356429E+01  1.6871045683E+02
 running run_ik_loop_pardiso
before CA | VmRSS=  16.218 GB  VmHWM=  95.072 GB
after CA | VmRSS=  17.450 GB  VmHWM=  95.072 GB
after factor | VmRSS=  21.212 GB  VmHWM=  95.072 GB
f=     4.750 Hz | ky=  0.707790E-03 | IK=       1/      55 | t=   17.305600 s | CA=  2.5210 | fact= 12.8635 | GF=  1.9209 | solve=  1.7657 | scatter=  0.0525
f=     4.750 Hz | ky=  0.141558E-02 | IK=       2/      55 | t=    6.946200 s | CA=  2.5696 | fact=  2.5605 | GF=  1.8160 | solve=  1.6902 | scatter=  0.0526
f=     4.750 Hz | ky=  0.212337E-02 | IK=       3/      55 | t=    7.038200 s | CA=  2.6676 | fact=  2.5564 | GF=  1.8141 | solve=  1.6888 | scatter=  0.0519
f=     4.750 Hz | ky=  0.283116E-02 | IK=       4/      55 | t=    7.004400 s | CA=  2.6200 | fact=  2.5685 | GF=  1.8159 | solve=  1.6886 | scatter=  0.0540
f=     4.750 Hz | ky=  0.353895E-02 | IK=       5/      55 | t=    6.937900 s | CA=  2.5488 | fact=  2.5678 | GF=  1.8213 | solve=  1.6933 | scatter=  0.0550
f=     4.750 Hz | ky=  0.424674E-02 | IK=       6/      55 | t=    6.991000 s | CA=  2.6032 | fact=  2.5701 | GF=  1.8177 | solve=  1.6934 | scatter=  0.0510
f=     4.750 Hz | ky=  0.495453E-02 | IK=       7/      55 | t=    6.929000 s | CA=  2.5460 | fact=  2.5635 | GF=  1.8195 | solve=  1.6917 | scatter=  0.0546
f=     4.750 Hz | ky=  0.566232E-02 | IK=       8/      55 | t=    6.988400 s | CA=  2.6059 | fact=  2.5694 | GF=  1.8131 | solve=  1.6877 | scatter=  0.0522
f=     4.750 Hz | ky=  0.637011E-02 | IK=       9/      55 | t=    6.975100 s | CA=  2.5663 | fact=  2.5907 | GF=  1.8180 | solve=  1.6918 | scatter=  0.0531
f=     4.750 Hz | ky=  0.707790E-02 | IK=      10/      55 | t=    6.996900 s | CA=  2.5938 | fact=  2.5835 | GF=  1.8195 | solve=  1.6933 | scatter=  0.0530
PARDISO mem (f=  4.75 Hz): sym=  1.95 GB  perm=  1.42 GB  num=  3.22 GB  
peak=  4.64 GB
 WD_amp= 6.40691E+13  RESID_RMS= 6.52904E-03  FCOST_DATA= 2.13142E-05  FCOST0= 2.13142E-05
BT: alpha=  9.7213E-01  phi=  2.1314E-05  rhs=  3.1847E-06
 UPDATEPARAMETER: f-scale only
UPDATEPARAMETER PAR_STEP min/max, V_STEP min/max =  6.8697311558E+01  1.6851976629E+02
  6.8697311558E+01  1.6851976629E+02
 running run_ik_loop_pardiso
before CA | VmRSS=  16.233 GB  VmHWM=  95.072 GB
after CA | VmRSS=  17.509 GB  VmHWM=  95.072 GB
after factor | VmRSS=  21.281 GB  VmHWM=  95.072 GB
f=     4.750 Hz | ky=  0.707790E-03 | IK=       1/      55 | t=   17.269800 s | CA=  2.4949 | fact= 12.8488 | GF=  1.9259 | solve=  1.7695 | scatter=  0.0535
f=     4.750 Hz | ky=  0.141558E-02 | IK=       2/      55 | t=    6.946200 s | CA=  2.5677 | fact=  2.5635 | GF=  1.8150 | solve=  1.6873 | scatter=  0.0548
f=     4.750 Hz | ky=  0.212337E-02 | IK=       3/      55 | t=    6.993100 s | CA=  2.6129 | fact=  2.5691 | GF=  1.8111 | solve=  1.6868 | scatter=  0.0513
f=     4.750 Hz | ky=  0.283116E-02 | IK=       4/      55 | t=    6.946300 s | CA=  2.5570 | fact=  2.5727 | GF=  1.8166 | solve=  1.6901 | scatter=  0.0534
f=     4.750 Hz | ky=  0.353895E-02 | IK=       5/      55 | t=    6.956000 s | CA=  2.5783 | fact=  2.5609 | GF=  1.8167 | solve=  1.6898 | scatter=  0.0538
f=     4.750 Hz | ky=  0.424674E-02 | IK=       6/      55 | t=    6.948300 s | CA=  2.5872 | fact=  2.5427 | GF=  1.8183 | solve=  1.6904 | scatter=  0.0547
f=     4.750 Hz | ky=  0.495453E-02 | IK=       7/      55 | t=    6.959900 s | CA=  2.5708 | fact=  2.5710 | GF=  1.8180 | solve=  1.6897 | scatter=  0.0552
f=     4.750 Hz | ky=  0.566232E-02 | IK=       8/      55 | t=    6.960900 s | CA=  2.5911 | fact=  2.5521 | GF=  1.8176 | solve=  1.6899 | scatter=  0.0546
f=     4.750 Hz | ky=  0.637011E-02 | IK=       9/      55 | t=    7.035800 s | CA=  2.6349 | fact=  2.5816 | GF=  1.8193 | solve=  1.6951 | scatter=  0.0510
f=     4.750 Hz | ky=  0.707790E-02 | IK=      10/      55 | t=    7.016200 s | CA=  2.6442 | fact=  2.5482 | GF=  1.8237 | solve=  1.6968 | scatter=  0.0536
PARDISO mem (f=  4.75 Hz): sym=  1.95 GB  perm=  1.42 GB  num=  3.22 GB  
peak=  4.64 GB
 WD_amp= 6.40691E+13  RESID_RMS= 3.91372E-03  FCOST_DATA= 7.65859E-06  FCOST0= 7.65859E-06
BT: alpha=  4.8607E-01  phi=  7.6586E-06  rhs=  3.1849E-06
 UPDATEPARAMETER: f-scale only
UPDATEPARAMETER PAR_STEP min/max, V_STEP min/max =  7.3849789122E+01  1.6842933946E+02
  7.3849789122E+01  1.6842933946E+02
 running run_ik_loop_pardiso
before CA | VmRSS=  16.217 GB  VmHWM=  95.072 GB
after CA | VmRSS=  17.229 GB  VmHWM=  95.072 GB
after factor | VmRSS=  20.993 GB  VmHWM=  95.072 GB
f=     4.750 Hz | ky=  0.707790E-03 | IK=       1/      55 | t=   17.279900 s | CA=  2.5272 | fact= 12.8244 | GF=  1.9281 | solve=  1.7727 | scatter=  0.0528
f=     4.750 Hz | ky=  0.141558E-02 | IK=       2/      55 | t=    6.952400 s | CA=  2.6010 | fact=  2.5393 | GF=  1.8121 | solve=  1.6859 | scatter=  0.0530
f=     4.750 Hz | ky=  0.212337E-02 | IK=       3/      55 | t=    6.959800 s | CA=  2.5836 | fact=  2.5601 | GF=  1.8161 | solve=  1.6885 | scatter=  0.0545
f=     4.750 Hz | ky=  0.283116E-02 | IK=       4/      55 | t=    6.979700 s | CA=  2.6035 | fact=  2.5528 | GF=  1.8234 | solve=  1.6963 | scatter=  0.0540
f=     4.750 Hz | ky=  0.353895E-02 | IK=       5/      55 | t=    6.973200 s | CA=  2.5696 | fact=  2.5855 | GF=  1.8180 | solve=  1.6905 | scatter=  0.0543
f=     4.750 Hz | ky=  0.424674E-02 | IK=       6/      55 | t=    6.947400 s | CA=  2.5529 | fact=  2.5730 | GF=  1.8215 | solve=  1.6937 | scatter=  0.0547
f=     4.750 Hz | ky=  0.495453E-02 | IK=       7/      55 | t=    6.985300 s | CA=  2.6161 | fact=  2.5447 | GF=  1.8245 | solve=  1.6963 | scatter=  0.0551
f=     4.750 Hz | ky=  0.566232E-02 | IK=       8/      55 | t=    7.047900 s | CA=  2.6414 | fact=  2.5854 | GF=  1.8211 | solve=  1.6950 | scatter=  0.0530
f=     4.750 Hz | ky=  0.637011E-02 | IK=       9/      55 | t=    6.951400 s | CA=  2.5542 | fact=  2.5792 | GF=  1.8180 | solve=  1.6930 | scatter=  0.0518
f=     4.750 Hz | ky=  0.707790E-02 | IK=      10/      55 | t=    6.940300 s | CA=  2.5744 | fact=  2.5480 | GF=  1.8178 | solve=  1.6907 | scatter=  0.0539
PARDISO mem (f=  4.75 Hz): sym=  1.95 GB  perm=  1.42 GB  num=  3.22 GB  
peak=  4.64 GB
 WD_amp= 6.40691E+13  RESID_RMS= 2.97040E-03  FCOST_DATA= 4.41163E-06  FCOST0= 4.41163E-06
BT: alpha=  2.4303E-01  phi=  4.4116E-06  rhs=  3.1850E-06
 UPDATEPARAMETER: f-scale only
UPDATEPARAMETER PAR_STEP min/max, V_STEP min/max =  7.5066591625E+01  1.6842632548E+02
  7.5066591625E+01  1.6842632548E+02
 running run_ik_loop_pardiso
before CA | VmRSS=  16.229 GB  VmHWM=  95.072 GB
after CA | VmRSS=  17.650 GB  VmHWM=  95.072 GB
after factor | VmRSS=  21.420 GB  VmHWM=  95.072 GB
f=     4.750 Hz | ky=  0.707790E-03 | IK=       1/      55 | t=   17.229000 s | CA=  2.4906 | fact= 12.8220 | GF=  1.9162 | solve=  1.7611 | scatter=  0.0522
f=     4.750 Hz | ky=  0.141558E-02 | IK=       2/      55 | t=    6.979000 s | CA=  2.5858 | fact=  2.5797 | GF=  1.8135 | solve=  1.6873 | scatter=  0.0529
f=     4.750 Hz | ky=  0.212337E-02 | IK=       3/      55 | t=    7.004900 s | CA=  2.6094 | fact=  2.5771 | GF=  1.8183 | solve=  1.6900 | scatter=  0.0547
f=     4.750 Hz | ky=  0.283116E-02 | IK=       4/      55 | t=    6.968300 s | CA=  2.5714 | fact=  2.5761 | GF=  1.8207 | solve=  1.6951 | scatter=  0.0521
f=     4.750 Hz | ky=  0.353895E-02 | IK=       5/      55 | t=    7.016700 s | CA=  2.6206 | fact=  2.5762 | GF=  1.8199 | solve=  1.6939 | scatter=  0.0530
f=     4.750 Hz | ky=  0.424674E-02 | IK=       6/      55 | t=    7.008800 s | CA=  2.6167 | fact=  2.5761 | GF=  1.8159 | solve=  1.6903 | scatter=  0.0521
f=     4.750 Hz | ky=  0.495453E-02 | IK=       7/      55 | t=    6.931800 s | CA=  2.5763 | fact=  2.5439 | GF=  1.8116 | solve=  1.6867 | scatter=  0.0518
f=     4.750 Hz | ky=  0.566232E-02 | IK=       8/      55 | t=    6.991200 s | CA=  2.6022 | fact=  2.5695 | GF=  1.8194 | solve=  1.6915 | scatter=  0.0549
f=     4.750 Hz | ky=  0.637011E-02 | IK=       9/      55 | t=    6.980800 s | CA=  2.6233 | fact=  2.5377 | GF=  1.8198 | solve=  1.6911 | scatter=  0.0556
f=     4.750 Hz | ky=  0.707790E-02 | IK=      10/      55 | t=    6.928100 s | CA=  2.5913 | fact=  2.5166 | GF=  1.8201 | solve=  1.6945 | scatter=  0.0524
PARDISO mem (f=  4.75 Hz): sym=  1.95 GB  perm=  1.42 GB  num=  3.22 GB  
peak=  4.64 GB
 WD_amp= 6.40691E+13  RESID_RMS= 2.66543E-03  FCOST_DATA= 3.55225E-06  FCOST0= 3.55225E-06
BT: alpha=  1.2152E-01  phi=  3.5523E-06  rhs=  3.1851E-06
 UPDATEPARAMETER: f-scale only
UPDATEPARAMETER PAR_STEP min/max, V_STEP min/max =  7.4901039392E+01  1.6842783664E+02
  7.4901039392E+01  1.6842783664E+02
 running run_ik_loop_pardiso
before CA | VmRSS=  16.258 GB  VmHWM=  95.072 GB
after CA | VmRSS=  17.519 GB  VmHWM=  95.072 GB
after factor | VmRSS=  21.310 GB  VmHWM=  95.072 GB
f=     4.750 Hz | ky=  0.707790E-03 | IK=       1/      55 | t=   17.255600 s | CA=  2.4916 | fact= 12.8424 | GF=  1.9214 | solve=  1.7654 | scatter=  0.0533
f=     4.750 Hz | ky=  0.141558E-02 | IK=       2/      55 | t=    6.946000 s | CA=  2.5815 | fact=  2.5475 | GF=  1.8169 | solve=  1.6925 | scatter=  0.0513
f=     4.750 Hz | ky=  0.212337E-02 | IK=       3/      55 | t=    6.909900 s | CA=  2.5598 | fact=  2.5326 | GF=  1.8175 | solve=  1.6917 | scatter=  0.0527
f=     4.750 Hz | ky=  0.283116E-02 | IK=       4/      55 | t=    6.932400 s | CA=  2.5662 | fact=  2.5453 | GF=  1.8209 | solve=  1.6957 | scatter=  0.0522
f=     4.750 Hz | ky=  0.353895E-02 | IK=       5/      55 | t=    6.988200 s | CA=  2.6129 | fact=  2.5519 | GF=  1.8234 | solve=  1.6971 | scatter=  0.0531
f=     4.750 Hz | ky=  0.424674E-02 | IK=       6/      55 | t=    7.029600 s | CA=  2.6341 | fact=  2.5810 | GF=  1.8145 | solve=  1.6892 | scatter=  0.0521
f=     4.750 Hz | ky=  0.495453E-02 | IK=       7/      55 | t=    6.966000 s | CA=  2.5776 | fact=  2.5701 | GF=  1.8183 | solve=  1.6923 | scatter=  0.0528
f=     4.750 Hz | ky=  0.566232E-02 | IK=       8/      55 | t=    6.916000 s | CA=  2.5734 | fact=  2.5227 | GF=  1.8198 | solve=  1.6941 | scatter=  0.0526
f=     4.750 Hz | ky=  0.637011E-02 | IK=       9/      55 | t=    6.992700 s | CA=  2.6047 | fact=  2.5715 | GF=  1.8165 | solve=  1.6909 | scatter=  0.0523
f=     4.750 Hz | ky=  0.707790E-02 | IK=      10/      55 | t=    6.929400 s | CA=  2.5486 | fact=  2.5615 | GF=  1.8192 | solve=  1.6919 | scatter=  0.0541
PARDISO mem (f=  4.75 Hz): sym=  1.95 GB  perm=  1.42 GB  num=  3.22 GB  
peak=  4.64 GB
 WD_amp= 6.40691E+13  RESID_RMS= 2.57189E-03  FCOST_DATA= 3.30730E-06  FCOST0= 3.30730E-06
BT: alpha=  6.0758E-02  phi=  3.3073E-06  rhs=  3.1851E-06
 UPDATEPARAMETER: f-scale only
UPDATEPARAMETER PAR_STEP min/max, V_STEP min/max =  7.4818263276E+01  1.6842859222E+02
  7.4818263276E+01  1.6842859222E+02
 running run_ik_loop_pardiso
before CA | VmRSS=  16.188 GB  VmHWM=  95.072 GB
after CA | VmRSS=  17.097 GB  VmHWM=  95.072 GB
after factor | VmRSS=  20.894 GB  VmHWM=  95.072 GB
f=     4.750 Hz | ky=  0.707790E-03 | IK=       1/      55 | t=   17.277400 s | CA=  2.5031 | fact= 12.8566 | GF=  1.9175 | solve=  1.7590 | scatter=  0.0557
f=     4.750 Hz | ky=  0.141558E-02 | IK=       2/      55 | t=    6.970800 s | CA=  2.5744 | fact=  2.5791 | GF=  1.8173 | solve=  1.6920 | scatter=  0.0522
f=     4.750 Hz | ky=  0.212337E-02 | IK=       3/      55 | t=    6.978000 s | CA=  2.6129 | fact=  2.5538 | GF=  1.8113 | solve=  1.6840 | scatter=  0.0541
f=     4.750 Hz | ky=  0.283116E-02 | IK=       4/      55 | t=    6.875800 s | CA=  2.5608 | fact=  2.4994 | GF=  1.8156 | solve=  1.6881 | scatter=  0.0545
f=     4.750 Hz | ky=  0.353895E-02 | IK=       5/      55 | t=    6.941100 s | CA=  2.5943 | fact=  2.5324 | GF=  1.8144 | solve=  1.6888 | scatter=  0.0521
f=     4.750 Hz | ky=  0.424674E-02 | IK=       6/      55 | t=    6.995400 s | CA=  2.5991 | fact=  2.5784 | GF=  1.8178 | solve=  1.6933 | scatter=  0.0509
f=     4.750 Hz | ky=  0.495453E-02 | IK=       7/      55 | t=    7.047100 s | CA=  2.6634 | fact=  2.5701 | GF=  1.8136 | solve=  1.6883 | scatter=  0.0518
f=     4.750 Hz | ky=  0.566232E-02 | IK=       8/      55 | t=    6.965500 s | CA=  2.5828 | fact=  2.5626 | GF=  1.8201 | solve=  1.6925 | scatter=  0.0541
f=     4.750 Hz | ky=  0.637011E-02 | IK=       9/      55 | t=    6.994300 s | CA=  2.5900 | fact=  2.5845 | GF=  1.8197 | solve=  1.6932 | scatter=  0.0527
f=     4.750 Hz | ky=  0.707790E-02 | IK=      10/      55 | t=    6.974500 s | CA=  2.6181 | fact=  2.5390 | GF=  1.8173 | solve=  1.6891 | scatter=  0.0548
PARDISO mem (f=  4.75 Hz): sym=  1.95 GB  perm=  1.42 GB  num=  3.22 GB  
peak=  4.64 GB
 WD_amp= 6.40691E+13  RESID_RMS= 2.54198E-03  FCOST_DATA= 3.23084E-06  FCOST0= 3.23084E-06
BT: alpha=  3.0379E-02  phi=  3.2308E-06  rhs=  3.1851E-06
 UPDATEPARAMETER: f-scale only
UPDATEPARAMETER PAR_STEP min/max, V_STEP min/max =  7.4776875218E+01  1.6842897001E+02
  7.4776875218E+01  1.6842897001E+02
 running run_ik_loop_pardiso
before CA | VmRSS=  16.282 GB  VmHWM=  95.072 GB
after CA | VmRSS=  17.575 GB  VmHWM=  95.072 GB
after factor | VmRSS=  21.373 GB  VmHWM=  95.072 GB
f=     4.750 Hz | ky=  0.707790E-03 | IK=       1/      55 | t=   17.289100 s | CA=  2.5008 | fact= 12.8639 | GF=  1.9242 | solve=  1.7684 | scatter=  0.0531
f=     4.750 Hz | ky=  0.141558E-02 | IK=       2/      55 | t=    6.944200 s | CA=  2.5686 | fact=  2.5571 | GF=  1.8184 | solve=  1.6931 | scatter=  0.0523
f=     4.750 Hz | ky=  0.212337E-02 | IK=       3/      55 | t=    6.997400 s | CA=  2.6074 | fact=  2.5793 | GF=  1.8107 | solve=  1.6841 | scatter=  0.0536
f=     4.750 Hz | ky=  0.283116E-02 | IK=       4/      55 | t=    6.939700 s | CA=  2.5706 | fact=  2.5491 | GF=  1.8200 | solve=  1.6928 | scatter=  0.0542
f=     4.750 Hz | ky=  0.353895E-02 | IK=       5/      55 | t=    6.940700 s | CA=  2.5625 | fact=  2.5593 | GF=  1.8189 | solve=  1.6919 | scatter=  0.0539
f=     4.750 Hz | ky=  0.424674E-02 | IK=       6/      55 | t=    6.944200 s | CA=  2.5549 | fact=  2.5744 | GF=  1.8149 | solve=  1.6911 | scatter=  0.0505
f=     4.750 Hz | ky=  0.495453E-02 | IK=       7/      55 | t=    6.955700 s | CA=  2.5752 | fact=  2.5601 | GF=  1.8204 | solve=  1.6924 | scatter=  0.0550
f=     4.750 Hz | ky=  0.566232E-02 | IK=       8/      55 | t=    6.905300 s | CA=  2.5578 | fact=  2.5355 | GF=  1.8120 | solve=  1.6875 | scatter=  0.0513
f=     4.750 Hz | ky=  0.637011E-02 | IK=       9/      55 | t=    6.955900 s | CA=  2.5884 | fact=  2.5444 | GF=  1.8231 | solve=  1.6947 | scatter=  0.0553
f=     4.750 Hz | ky=  0.707790E-02 | IK=      10/      55 | t=    6.947800 s | CA=  2.5783 | fact=  2.5515 | GF=  1.8180 | solve=  1.6915 | scatter=  0.0532
PARDISO mem (f=  4.75 Hz): sym=  1.95 GB  perm=  1.42 GB  num=  3.22 GB  
peak=  4.64 GB
 WD_amp= 6.40691E+13  RESID_RMS= 2.53145E-03  FCOST_DATA= 3.20413E-06  FCOST0= 3.20413E-06
BT: alpha=  1.5190E-02  phi=  3.2041E-06  rhs=  3.1851E-06
 UPDATEPARAMETER: f-scale only
UPDATEPARAMETER PAR_STEP min/max, V_STEP min/max =  7.4756181188E+01  1.6842917336E+02
  7.4756181188E+01  1.6842917336E+02
 running run_ik_loop_pardiso
before CA | VmRSS=  16.775 GB  VmHWM=  95.072 GB
after CA | VmRSS=  17.386 GB  VmHWM=  95.072 GB
after factor | VmRSS=  21.177 GB  VmHWM=  95.072 GB
f=     4.750 Hz | ky=  0.707790E-03 | IK=       1/      55 | t=   17.322100 s | CA=  2.5325 | fact= 12.8589 | GF=  1.9305 | solve=  1.7742 | scatter=  0.0535
f=     4.750 Hz | ky=  0.141558E-02 | IK=       2/      55 | t=    6.950400 s | CA=  2.5974 | fact=  2.5638 | GF=  1.7891 | solve=  1.6636 | scatter=  0.0524
f=     4.750 Hz | ky=  0.212337E-02 | IK=       3/      55 | t=    6.983200 s | CA=  2.6197 | fact=  2.5770 | GF=  1.7865 | solve=  1.6618 | scatter=  0.0516
f=     4.750 Hz | ky=  0.283116E-02 | IK=       4/      55 | t=    7.048200 s | CA=  2.6822 | fact=  2.5797 | GF=  1.7862 | solve=  1.6591 | scatter=  0.0541
f=     4.750 Hz | ky=  0.353895E-02 | IK=       5/      55 | t=    6.930400 s | CA=  2.5837 | fact=  2.5582 | GF=  1.7884 | solve=  1.6612 | scatter=  0.0542
f=     4.750 Hz | ky=  0.424674E-02 | IK=       6/      55 | t=    6.972100 s | CA=  2.6306 | fact=  2.5562 | GF=  1.7853 | solve=  1.6591 | scatter=  0.0530
f=     4.750 Hz | ky=  0.495453E-02 | IK=       7/      55 | t=    7.007600 s | CA=  2.6057 | fact=  2.5827 | GF=  1.8190 | solve=  1.6930 | scatter=  0.0529
f=     4.750 Hz | ky=  0.566232E-02 | IK=       8/      55 | t=    6.981500 s | CA=  2.6194 | fact=  2.5783 | GF=  1.7837 | solve=  1.6556 | scatter=  0.0550
f=     4.750 Hz | ky=  0.637011E-02 | IK=       9/      55 | t=    6.983200 s | CA=  2.6305 | fact=  2.5657 | GF=  1.7869 | solve=  1.6624 | scatter=  0.0514
f=     4.750 Hz | ky=  0.707790E-02 | IK=      10/      55 | t=    7.000500 s | CA=  2.6502 | fact=  2.5654 | GF=  1.7849 | solve=  1.6591 | scatter=  0.0525
PARDISO mem (f=  4.75 Hz): sym=  1.95 GB  perm=  1.42 GB  num=  3.22 GB  
peak=  4.64 GB
 WD_amp= 6.40691E+13  RESID_RMS= 2.52731E-03  FCOST_DATA= 3.19366E-06  FCOST0= 3.19366E-06
BT: alpha=  7.5948E-03  phi=  3.1937E-06  rhs=  3.1851E-06
 UPDATEPARAMETER: f-scale only
UPDATEPARAMETER PAR_STEP min/max, V_STEP min/max =  7.4745834174E+01  1.6842971598E+02
  7.4745834174E+01  1.6842971598E+02
 running run_ik_loop_pardiso
before CA | VmRSS=  16.195 GB  VmHWM=  95.072 GB
after CA | VmRSS=  17.262 GB  VmHWM=  95.072 GB
after factor | VmRSS=  21.051 GB  VmHWM=  95.072 GB
f=     4.750 Hz | ky=  0.707790E-03 | IK=       1/      55 | t=   17.342400 s | CA=  2.5710 | fact= 12.8513 | GF=  1.9199 | solve=  1.7634 | scatter=  0.0540
f=     4.750 Hz | ky=  0.141558E-02 | IK=       2/      55 | t=    6.988800 s | CA=  2.5951 | fact=  2.5747 | GF=  1.8189 | solve=  1.6905 | scatter=  0.0552
f=     4.750 Hz | ky=  0.212337E-02 | IK=       3/      55 | t=    6.951300 s | CA=  2.5573 | fact=  2.5801 | GF=  1.8138 | solve=  1.6880 | scatter=  0.0528
f=     4.750 Hz | ky=  0.283116E-02 | IK=       4/      55 | t=    6.933400 s | CA=  2.5615 | fact=  2.5581 | GF=  1.8138 | solve=  1.6865 | scatter=  0.0542
f=     4.750 Hz | ky=  0.353895E-02 | IK=       5/      55 | t=    7.011700 s | CA=  2.6199 | fact=  2.5778 | GF=  1.8139 | solve=  1.6866 | scatter=  0.0542
f=     4.750 Hz | ky=  0.424674E-02 | IK=       6/      55 | t=    6.954700 s | CA=  2.5734 | fact=  2.5644 | GF=  1.8168 | solve=  1.6896 | scatter=  0.0539
f=     4.750 Hz | ky=  0.495453E-02 | IK=       7/      55 | t=    6.944900 s | CA=  2.5684 | fact=  2.5626 | GF=  1.8139 | solve=  1.6892 | scatter=  0.0515
f=     4.750 Hz | ky=  0.566232E-02 | IK=       8/      55 | t=    6.970400 s | CA=  2.5864 | fact=  2.5677 | GF=  1.8163 | solve=  1.6913 | scatter=  0.0518
f=     4.750 Hz | ky=  0.637011E-02 | IK=       9/      55 | t=    6.984600 s | CA=  2.5953 | fact=  2.5738 | GF=  1.8154 | solve=  1.6915 | scatter=  0.0507
f=     4.750 Hz | ky=  0.707790E-02 | IK=      10/      55 | t=    7.060500 s | CA=  2.6771 | fact=  2.5692 | GF=  1.8141 | solve=  1.6900 | scatter=  0.0510
PARDISO mem (f=  4.75 Hz): sym=  1.95 GB  perm=  1.42 GB  num=  3.22 GB  
peak=  4.64 GB
 WD_amp= 6.40691E+13  RESID_RMS= 2.52553E-03  FCOST_DATA= 3.18914E-06  FCOST0= 3.18914E-06
BT: alpha=  3.7974E-03  phi=  3.1891E-06  rhs=  3.1851E-06
 UPDATEPARAMETER: f-scale only
UPDATEPARAMETER PAR_STEP min/max, V_STEP min/max =  7.4740660667E+01  1.6842998729E+02
  7.4740660667E+01  1.6842998729E+02
 running run_ik_loop_pardiso
before CA | VmRSS=  16.215 GB  VmHWM=  95.072 GB
after CA | VmRSS=  17.918 GB  VmHWM=  95.072 GB
after factor | VmRSS=  21.687 GB  VmHWM=  95.072 GB
f=     4.750 Hz | ky=  0.707790E-03 | IK=       1/      55 | t=   17.263900 s | CA=  2.4942 | fact= 12.8459 | GF=  1.9236 | solve=  1.7680 | scatter=  0.0527
f=     4.750 Hz | ky=  0.141558E-02 | IK=       2/      55 | t=    6.998100 s | CA=  2.6230 | fact=  2.5605 | GF=  1.8145 | solve=  1.6881 | scatter=  0.0533
f=     4.750 Hz | ky=  0.212337E-02 | IK=       3/      55 | t=    6.988600 s | CA=  2.6000 | fact=  2.5725 | GF=  1.8160 | solve=  1.6898 | scatter=  0.0527
f=     4.750 Hz | ky=  0.283116E-02 | IK=       4/      55 | t=    6.993600 s | CA=  2.6028 | fact=  2.5743 | GF=  1.8165 | solve=  1.6913 | scatter=  0.0515
f=     4.750 Hz | ky=  0.353895E-02 | IK=       5/      55 | t=    6.995300 s | CA=  2.6095 | fact=  2.5646 | GF=  1.8212 | solve=  1.6947 | scatter=  0.0531
f=     4.750 Hz | ky=  0.424674E-02 | IK=       6/      55 | t=    7.019100 s | CA=  2.6281 | fact=  2.5707 | GF=  1.8202 | solve=  1.6942 | scatter=  0.0526
f=     4.750 Hz | ky=  0.495453E-02 | IK=       7/      55 | t=    6.971800 s | CA=  2.5802 | fact=  2.5751 | GF=  1.8164 | solve=  1.6899 | scatter=  0.0530
f=     4.750 Hz | ky=  0.566232E-02 | IK=       8/      55 | t=    6.977300 s | CA=  2.5972 | fact=  2.5661 | GF=  1.8139 | solve=  1.6892 | scatter=  0.0511
f=     4.750 Hz | ky=  0.637011E-02 | IK=       9/      55 | t=    6.970400 s | CA=  2.5861 | fact=  2.5614 | GF=  1.8229 | solve=  1.6966 | scatter=  0.0530
f=     4.750 Hz | ky=  0.707790E-02 | IK=      10/      55 | t=    6.997900 s | CA=  2.5962 | fact=  2.5847 | GF=  1.8170 | solve=  1.6912 | scatter=  0.0526
PARDISO mem (f=  4.75 Hz): sym=  1.95 GB  perm=  1.42 GB  num=  3.22 GB  
peak=  4.64 GB
 WD_amp= 6.40691E+13  RESID_RMS= 2.52471E-03  FCOST_DATA= 3.18707E-06  FCOST0= 3.18707E-06
BT: alpha=  1.8987E-03  phi=  3.1871E-06  rhs=  3.1851E-06
 UPDATEPARAMETER: f-scale only
UPDATEPARAMETER PAR_STEP min/max, V_STEP min/max =  7.4738073913E+01  1.6843012295E+02
  7.4738073913E+01  1.6843012295E+02
 running run_ik_loop_pardiso
before CA | VmRSS=  16.208 GB  VmHWM=  95.072 GB
after CA | VmRSS=  17.828 GB  VmHWM=  95.072 GB
after factor | VmRSS=  21.598 GB  VmHWM=  95.072 GB
f=     4.750 Hz | ky=  0.707790E-03 | IK=       1/      55 | t=   17.320200 s | CA=  2.5577 | fact= 12.8430 | GF=  1.9193 | solve=  1.7640 | scatter=  0.0526
f=     4.750 Hz | ky=  0.141558E-02 | IK=       2/      55 | t=    6.954900 s | CA=  2.5956 | fact=  2.5456 | GF=  1.8136 | solve=  1.6896 | scatter=  0.0510
f=     4.750 Hz | ky=  0.212337E-02 | IK=       3/      55 | t=    6.996800 s | CA=  2.6186 | fact=  2.5663 | GF=  1.8119 | solve=  1.6868 | scatter=  0.0520
f=     4.750 Hz | ky=  0.283116E-02 | IK=       4/      55 | t=    6.968000 s | CA=  2.5968 | fact=  2.5597 | GF=  1.8115 | solve=  1.6843 | scatter=  0.0542
f=     4.750 Hz | ky=  0.353895E-02 | IK=       5/      55 | t=    7.040800 s | CA=  2.6349 | fact=  2.5871 | GF=  1.8188 | solve=  1.6937 | scatter=  0.0519
f=     4.750 Hz | ky=  0.424674E-02 | IK=       6/      55 | t=    7.062000 s | CA=  2.6839 | fact=  2.5643 | GF=  1.8138 | solve=  1.6870 | scatter=  0.0534
f=     4.750 Hz | ky=  0.495453E-02 | IK=       7/      55 | t=    7.016600 s | CA=  2.6346 | fact=  2.5703 | GF=  1.8117 | solve=  1.6866 | scatter=  0.0518
f=     4.750 Hz | ky=  0.566232E-02 | IK=       8/      55 | t=    7.024600 s | CA=  2.6269 | fact=  2.5763 | GF=  1.8214 | solve=  1.6943 | scatter=  0.0533
f=     4.750 Hz | ky=  0.637011E-02 | IK=       9/      55 | t=    6.979600 s | CA=  2.5897 | fact=  2.5684 | GF=  1.8215 | solve=  1.6934 | scatter=  0.0548
f=     4.750 Hz | ky=  0.707790E-02 | IK=      10/      55 | t=    6.953200 s | CA=  2.5647 | fact=  2.5713 | GF=  1.8172 | solve=  1.6893 | scatter=  0.0544
PARDISO mem (f=  4.75 Hz): sym=  1.95 GB  perm=  1.42 GB  num=  3.22 GB  
peak=  4.64 GB
 WD_amp= 6.40691E+13  RESID_RMS= 2.52431E-03  FCOST_DATA= 3.18608E-06  FCOST0= 3.18608E-06
BT: alpha=  9.4935E-04  phi=  3.1861E-06  rhs=  3.1851E-06
 UPDATEPARAMETER: f-scale only
UPDATEPARAMETER PAR_STEP min/max, V_STEP min/max =  7.4736780536E+01  1.6843019078E+02
  7.4736780536E+01  1.6843019078E+02
 running run_ik_loop_pardiso
before CA | VmRSS=  16.283 GB  VmHWM=  95.072 GB
after CA | VmRSS=  17.275 GB  VmHWM=  95.072 GB
after factor | VmRSS=  21.040 GB  VmHWM=  95.072 GB
f=     4.750 Hz | ky=  0.707790E-03 | IK=       1/      55 | t=   17.288100 s | CA=  2.5169 | fact= 12.8461 | GF=  1.9249 | solve=  1.7680 | scatter=  0.0544
f=     4.750 Hz | ky=  0.141558E-02 | IK=       2/      55 | t=    6.969600 s | CA=  2.6046 | fact=  2.5471 | GF=  1.8179 | solve=  1.6926 | scatter=  0.0519
f=     4.750 Hz | ky=  0.212337E-02 | IK=       3/      55 | t=    6.936100 s | CA=  2.5732 | fact=  2.5428 | GF=  1.8201 | solve=  1.6957 | scatter=  0.0512
f=     4.750 Hz | ky=  0.283116E-02 | IK=       4/      55 | t=    6.952800 s | CA=  2.5780 | fact=  2.5619 | GF=  1.8128 | solve=  1.6884 | scatter=  0.0512
f=     4.750 Hz | ky=  0.353895E-02 | IK=       5/      55 | t=    6.988800 s | CA=  2.6045 | fact=  2.5731 | GF=  1.8112 | solve=  1.6855 | scatter=  0.0526
f=     4.750 Hz | ky=  0.424674E-02 | IK=       6/      55 | t=    7.006700 s | CA=  2.6189 | fact=  2.5710 | GF=  1.8167 | solve=  1.6889 | scatter=  0.0547
f=     4.750 Hz | ky=  0.495453E-02 | IK=       7/      55 | t=    6.926800 s | CA=  2.5628 | fact=  2.5508 | GF=  1.8132 | solve=  1.6886 | scatter=  0.0515
f=     4.750 Hz | ky=  0.566232E-02 | IK=       8/      55 | t=    6.998300 s | CA=  2.6212 | fact=  2.5578 | GF=  1.8193 | solve=  1.6928 | scatter=  0.0533
f=     4.750 Hz | ky=  0.637011E-02 | IK=       9/      55 | t=    6.998400 s | CA=  2.6065 | fact=  2.5724 | GF=  1.8194 | solve=  1.6914 | scatter=  0.0547
f=     4.750 Hz | ky=  0.707790E-02 | IK=      10/      55 | t=    7.019200 s | CA=  2.6455 | fact=  2.5521 | GF=  1.8216 | solve=  1.6938 | scatter=  0.0546
PARDISO mem (f=  4.75 Hz): sym=  1.95 GB  perm=  1.42 GB  num=  3.22 GB  
peak=  4.64 GB
 WD_amp= 6.40691E+13  RESID_RMS= 2.52412E-03  FCOST_DATA= 3.18559E-06  FCOST0= 3.18559E-06
BT: alpha=  4.7467E-04  phi=  3.1856E-06  rhs=  3.1851E-06
 UPDATEPARAMETER: f-scale only
UPDATEPARAMETER PAR_STEP min/max, V_STEP min/max =  7.4736133848E+01  1.6843022469E+02
  7.4736133848E+01  1.6843022469E+02
 running run_ik_loop_pardiso
before CA | VmRSS=  16.167 GB  VmHWM=  95.072 GB
after CA | VmRSS=  17.202 GB  VmHWM=  95.072 GB
after factor | VmRSS=  21.000 GB  VmHWM=  95.072 GB
f=     4.750 Hz | ky=  0.707790E-03 | IK=       1/      55 | t=   17.299600 s | CA=  2.5139 | fact= 12.8664 | GF=  1.9190 | solve=  1.7641 | scatter=  0.0522
f=     4.750 Hz | ky=  0.141558E-02 | IK=       2/      55 | t=    6.905100 s | CA=  2.5884 | fact=  2.4989 | GF=  1.8177 | solve=  1.6907 | scatter=  0.0539
f=     4.750 Hz | ky=  0.212337E-02 | IK=       3/      55 | t=    6.974800 s | CA=  2.5978 | fact=  2.5664 | GF=  1.8105 | solve=  1.6837 | scatter=  0.0535
f=     4.750 Hz | ky=  0.283116E-02 | IK=       4/      55 | t=    6.959100 s | CA=  2.5979 | fact=  2.5388 | GF=  1.8224 | solve=  1.6961 | scatter=  0.0533
f=     4.750 Hz | ky=  0.353895E-02 | IK=       5/      55 | t=    6.935200 s | CA=  2.5776 | fact=  2.5433 | GF=  1.8143 | solve=  1.6863 | scatter=  0.0548
f=     4.750 Hz | ky=  0.424674E-02 | IK=       6/      55 | t=    7.018200 s | CA=  2.6488 | fact=  2.5553 | GF=  1.8140 | solve=  1.6884 | scatter=  0.0526
f=     4.750 Hz | ky=  0.495453E-02 | IK=       7/      55 | t=    7.023400 s | CA=  2.6165 | fact=  2.5867 | GF=  1.8202 | solve=  1.6934 | scatter=  0.0537
f=     4.750 Hz | ky=  0.566232E-02 | IK=       8/      55 | t=    6.958800 s | CA=  2.5791 | fact=  2.5579 | GF=  1.8217 | solve=  1.6956 | scatter=  0.0529
f=     4.750 Hz | ky=  0.637011E-02 | IK=       9/      55 | t=    6.962200 s | CA=  2.6208 | fact=  2.5221 | GF=  1.8193 | solve=  1.6927 | scatter=  0.0535
f=     4.750 Hz | ky=  0.707790E-02 | IK=      10/      55 | t=    6.955900 s | CA=  2.5770 | fact=  2.5622 | GF=  1.8167 | solve=  1.6911 | scatter=  0.0525
PARDISO mem (f=  4.75 Hz): sym=  1.95 GB  perm=  1.42 GB  num=  3.22 GB  
peak=  4.64 GB
 WD_amp= 6.40691E+13  RESID_RMS= 2.52402E-03  FCOST_DATA= 3.18535E-06  FCOST0= 3.18535E-06
BT: alpha=  2.3734E-04  phi=  3.1854E-06  rhs=  3.1851E-06
 UPDATEPARAMETER: f-scale only
UPDATEPARAMETER PAR_STEP min/max, V_STEP min/max =  7.4735810504E+01  1.6843024165E+02
  7.4735810504E+01  1.6843024165E+02
 running run_ik_loop_pardiso
before CA | VmRSS=  16.341 GB  VmHWM=  95.072 GB
after CA | VmRSS=  17.460 GB  VmHWM=  95.072 GB
after factor | VmRSS=  21.253 GB  VmHWM=  95.072 GB
f=     4.750 Hz | ky=  0.707790E-03 | IK=       1/      55 | t=   17.242600 s | CA=  2.5076 | fact= 12.8181 | GF=  1.9166 | solve=  1.7618 | scatter=  0.0522
f=     4.750 Hz | ky=  0.141558E-02 | IK=       2/      55 | t=    6.975200 s | CA=  2.6011 | fact=  2.5583 | GF=  1.8158 | solve=  1.6890 | scatter=  0.0537
f=     4.750 Hz | ky=  0.212337E-02 | IK=       3/      55 | t=    6.984400 s | CA=  2.5818 | fact=  2.5751 | GF=  1.8275 | solve=  1.7004 | scatter=  0.0541
f=     4.750 Hz | ky=  0.283116E-02 | IK=       4/      55 | t=    6.984700 s | CA=  2.5708 | fact=  2.5914 | GF=  1.8225 | solve=  1.6965 | scatter=  0.0529
f=     4.750 Hz | ky=  0.353895E-02 | IK=       5/      55 | t=    6.985400 s | CA=  2.6262 | fact=  2.5467 | GF=  1.8124 | solve=  1.6881 | scatter=  0.0512
f=     4.750 Hz | ky=  0.424674E-02 | IK=       6/      55 | t=    6.974800 s | CA=  2.5771 | fact=  2.5753 | GF=  1.8224 | solve=  1.6960 | scatter=  0.0533
f=     4.750 Hz | ky=  0.495453E-02 | IK=       7/      55 | t=    6.991100 s | CA=  2.5962 | fact=  2.5744 | GF=  1.8204 | solve=  1.6930 | scatter=  0.0542
f=     4.750 Hz | ky=  0.566232E-02 | IK=       8/      55 | t=    7.014100 s | CA=  2.6284 | fact=  2.5767 | GF=  1.8090 | solve=  1.6833 | scatter=  0.0525
f=     4.750 Hz | ky=  0.637011E-02 | IK=       9/      55 | t=    6.962000 s | CA=  2.6001 | fact=  2.5457 | GF=  1.8161 | solve=  1.6920 | scatter=  0.0508
f=     4.750 Hz | ky=  0.707790E-02 | IK=      10/      55 | t=    6.938400 s | CA=  2.5553 | fact=  2.5574 | GF=  1.8257 | solve=  1.6997 | scatter=  0.0529
PARDISO mem (f=  4.75 Hz): sym=  1.95 GB  perm=  1.42 GB  num=  3.22 GB  
peak=  4.64 GB
 WD_amp= 6.40691E+13  RESID_RMS= 2.52398E-03  FCOST_DATA= 3.18523E-06  FCOST0= 3.18523E-06
BT: alpha=  1.1867E-04  phi=  3.1852E-06  rhs=  3.1851E-06
 UPDATEPARAMETER: f-scale only
UPDATEPARAMETER PAR_STEP min/max, V_STEP min/max =  7.4735648831E+01  1.6843025012E+02
  7.4735648831E+01  1.6843025012E+02
 running run_ik_loop_pardiso
before CA | VmRSS=  16.285 GB  VmHWM=  95.072 GB
after CA | VmRSS=  17.383 GB  VmHWM=  95.072 GB
after factor | VmRSS=  21.173 GB  VmHWM=  95.072 GB
f=     4.750 Hz | ky=  0.707790E-03 | IK=       1/      55 | t=   17.306200 s | CA=  2.5487 | fact= 12.8376 | GF=  1.9197 | solve=  1.7635 | scatter=  0.0538
f=     4.750 Hz | ky=  0.141558E-02 | IK=       2/      55 | t=    6.927700 s | CA=  2.5423 | fact=  2.5706 | GF=  1.8148 | solve=  1.6894 | scatter=  0.0522
f=     4.750 Hz | ky=  0.212337E-02 | IK=       3/      55 | t=    6.980000 s | CA=  2.5989 | fact=  2.5633 | GF=  1.8178 | solve=  1.6931 | scatter=  0.0517
f=     4.750 Hz | ky=  0.283116E-02 | IK=       4/      55 | t=    6.993800 s | CA=  2.5984 | fact=  2.5795 | GF=  1.8158 | solve=  1.6889 | scatter=  0.0539
f=     4.750 Hz | ky=  0.353895E-02 | IK=       5/      55 | t=    6.990200 s | CA=  2.6060 | fact=  2.5576 | GF=  1.8265 | solve=  1.7000 | scatter=  0.0535
f=     4.750 Hz | ky=  0.424674E-02 | IK=       6/      55 | t=    6.978400 s | CA=  2.6044 | fact=  2.5581 | GF=  1.8159 | solve=  1.6909 | scatter=  0.0520
f=     4.750 Hz | ky=  0.495453E-02 | IK=       7/      55 | t=    6.962000 s | CA=  2.5968 | fact=  2.5489 | GF=  1.8163 | solve=  1.6893 | scatter=  0.0539
f=     4.750 Hz | ky=  0.566232E-02 | IK=       8/      55 | t=    6.958000 s | CA=  2.5616 | fact=  2.5787 | GF=  1.8177 | solve=  1.6907 | scatter=  0.0538
f=     4.750 Hz | ky=  0.637011E-02 | IK=       9/      55 | t=    6.962600 s | CA=  2.5889 | fact=  2.5557 | GF=  1.8180 | solve=  1.6923 | scatter=  0.0525
f=     4.750 Hz | ky=  0.707790E-02 | IK=      10/      55 | t=    6.951500 s | CA=  2.5895 | fact=  2.5426 | GF=  1.8194 | solve=  1.6959 | scatter=  0.0504
PARDISO mem (f=  4.75 Hz): sym=  1.95 GB  perm=  1.42 GB  num=  3.22 GB  
peak=  4.64 GB
 WD_amp= 6.40691E+13  RESID_RMS= 2.52395E-03  FCOST_DATA= 3.18517E-06  FCOST0= 3.18517E-06
BT: alpha=  5.9334E-05  phi=  3.1852E-06  rhs=  3.1851E-06
 UPDATEPARAMETER: f-scale only
UPDATEPARAMETER PAR_STEP min/max, V_STEP min/max =  7.4735514407E+01  1.6843025717E+02
  7.4735514407E+01  1.6843025717E+02
 running run_ik_loop_pardiso
before CA | VmRSS=  16.169 GB  VmHWM=  95.072 GB
after CA | VmRSS=  17.401 GB  VmHWM=  95.072 GB
after factor | VmRSS=  21.190 GB  VmHWM=  95.072 GB
f=     4.750 Hz | ky=  0.707790E-03 | IK=       1/      55 | t=   17.263300 s | CA=  2.4959 | fact= 12.8459 | GF=  1.9213 | solve=  1.7661 | scatter=  0.0526
f=     4.750 Hz | ky=  0.141558E-02 | IK=       2/      55 | t=    6.907800 s | CA=  2.5593 | fact=  2.5312 | GF=  1.8172 | solve=  1.6896 | scatter=  0.0546
f=     4.750 Hz | ky=  0.212337E-02 | IK=       3/      55 | t=    6.997300 s | CA=  2.6057 | fact=  2.5728 | GF=  1.8187 | solve=  1.6939 | scatter=  0.0516
f=     4.750 Hz | ky=  0.283116E-02 | IK=       4/      55 | t=    6.950000 s | CA=  2.5493 | fact=  2.5815 | GF=  1.8191 | solve=  1.6925 | scatter=  0.0534
f=     4.750 Hz | ky=  0.353895E-02 | IK=       5/      55 | t=    7.021600 s | CA=  2.6218 | fact=  2.5783 | GF=  1.8214 | solve=  1.6950 | scatter=  0.0527
f=     4.750 Hz | ky=  0.424674E-02 | IK=       6/      55 | t=    6.971700 s | CA=  2.5921 | fact=  2.5607 | GF=  1.8188 | solve=  1.6925 | scatter=  0.0533
f=     4.750 Hz | ky=  0.495453E-02 | IK=       7/      55 | t=    7.001100 s | CA=  2.6102 | fact=  2.5614 | GF=  1.8295 | solve=  1.7024 | scatter=  0.0538
f=     4.750 Hz | ky=  0.566232E-02 | IK=       8/      55 | t=    6.993400 s | CA=  2.6069 | fact=  2.5703 | GF=  1.8162 | solve=  1.6879 | scatter=  0.0551
f=     4.750 Hz | ky=  0.637011E-02 | IK=       9/      55 | t=    6.939500 s | CA=  2.5819 | fact=  2.5382 | GF=  1.8193 | solve=  1.6943 | scatter=  0.0520
f=     4.750 Hz | ky=  0.707790E-02 | IK=      10/      55 | t=    7.011800 s | CA=  2.6135 | fact=  2.5729 | GF=  1.8254 | solve=  1.7005 | scatter=  0.0517
PARDISO mem (f=  4.75 Hz): sym=  1.95 GB  perm=  1.42 GB  num=  3.22 GB  
peak=  4.64 GB
 WD_amp= 6.40691E+13  RESID_RMS= 2.52393E-03  FCOST_DATA= 3.18512E-06  FCOST0= 3.18512E-06
 Backtrack: failed after MAX_IT
 Line search failed (IFLAG=          11 ), inversion diverged.
 --------- Frequency   5.20000000000000       (band            1 )
[ComputeAcqWeight] empty acq_weight_file, using uniform weights = 1.0
Data weighting computed for frequency 4607182418800017373
XSRmin, XSRmax, ZSRmin, ZSRMax -1960.000000000000 .000000000000000 2050.000000000000 4030.000000000000
1 FKYC
1.2 FKYC
my_rank, FKYC,WLMAX, RMAX 0 .4261638730087023E-01 985.1497682389943 2786.036611389018
1.1 NK
NK in cky2= 55

  Number of wavenumber samples (NK) for FREQ =   55
  RMAX = 2786.04
Data weighting computed for frequency 4607182418800017373
Data weighting computed for frequency 4607182418800017373
Data weighting computed for frequency 4607182418800017373
Data weighting computed for frequency 4607182418800017373
Data weighting computed for frequency 4607182418800017373
--- Pre-solver preview (memory + RHS workload) ---
   GQG dims: NNX=       585  NNZ=       317  NPT=    185445
   DOF:     N=3*NPT =    556335
   Sources: NSR=       100  NSS=        20  NK=        55
   RHS total (per IK): nrhs_tot=3*NSS =        60
   Batch:    MAX_RHS_BATCH=        32  nbatches=         2
   GFMY  (GFX+GFY+GFZ):         13.679 GB
   RHS_MY(rhs+sol buffers):      0.531 GB
 
 running run_ik_loop_pardiso
before CA | VmRSS=  15.380 GB  VmHWM=  95.072 GB
after CA | VmRSS=  16.363 GB  VmHWM=  95.072 GB
after factor | VmRSS=  20.121 GB  VmHWM=  95.072 GB
f=     5.200 Hz | ky=  0.774843E-03 | IK=       1/      55 | t=   17.281200 s | CA=  2.5000 | fact= 12.8567 | GF=  1.9242 | solve=  1.7695 | scatter=  0.0523
f=     5.200 Hz | ky=  0.154969E-02 | IK=       2/      55 | t=    6.971600 s | CA=  2.5812 | fact=  2.5663 | GF=  1.8241 | solve=  1.6968 | scatter=  0.0541
f=     5.200 Hz | ky=  0.232453E-02 | IK=       3/      55 | t=    7.001100 s | CA=  2.6313 | fact=  2.5571 | GF=  1.8127 | solve=  1.6870 | scatter=  0.0526
f=     5.200 Hz | ky=  0.309937E-02 | IK=       4/      55 | t=    7.036500 s | CA=  2.6394 | fact=  2.5771 | GF=  1.8199 | solve=  1.6928 | scatter=  0.0541
f=     5.200 Hz | ky=  0.387422E-02 | IK=       5/      55 | t=    7.044000 s | CA=  2.6524 | fact=  2.5775 | GF=  1.8141 | solve=  1.6891 | scatter=  0.0518
f=     5.200 Hz | ky=  0.464906E-02 | IK=       6/      55 | t=    6.978600 s | CA=  2.6104 | fact=  2.5406 | GF=  1.8276 | solve=  1.7033 | scatter=  0.0511
f=     5.200 Hz | ky=  0.542390E-02 | IK=       7/      55 | t=    6.932100 s | CA=  2.5580 | fact=  2.5562 | GF=  1.8178 | solve=  1.6944 | scatter=  0.0503
f=     5.200 Hz | ky=  0.619875E-02 | IK=       8/      55 | t=    6.951100 s | CA=  2.5783 | fact=  2.5594 | GF=  1.8133 | solve=  1.6881 | scatter=  0.0520
f=     5.200 Hz | ky=  0.697359E-02 | IK=       9/      55 | t=    6.987500 s | CA=  2.5852 | fact=  2.5863 | GF=  1.8160 | solve=  1.6898 | scatter=  0.0529
f=     5.200 Hz | ky=  0.774843E-02 | IK=      10/      55 | t=    7.000100 s | CA=  2.6094 | fact=  2.5698 | GF=  1.8209 | solve=  1.6950 | scatter=  0.0528
PARDISO mem (f=  5.20 Hz): sym=  1.95 GB  perm=  1.42 GB  num=  3.22 GB  
peak=  4.64 GB
t_global   =    111.173 s
TIME for 1st forward modeling =  1.852846654256185  min
TIME for GT0 =  .5200000107288360E-02  min
Data scaler W for L2 norm: 66886451458744.52
Data scaler W for WQS norm: .1007948000807317E-312
Total number of active inversion parameters for current sequential stage (IM):          1
Total model blocks points (NM = IM * NBLOCK):      11534 on grid (NMM = IM * NPT):    185445
 Gradient balance ():   1.00000000000000        1.00000000000000     
   1.00000000000000        1.00000000000000        1.00000000000000     
   1.00000000000000        1.00000000000000        1.00000000000000     
   1.00000000000000        1.00000000000000        1.00000000000000     
 IE0, IZ          30           0
 IE0, IZ, GZ1, GZ2 =           30           0   100.000000000000     
   300.000000000000     
  
 Frequency:           7 Iteration:           1
--- Pre-solver preview (memory + RHS workload) ---
   GQG dims: NNX=       585  NNZ=       317  NPT=    185445
   DOF:     N=3*NPT =    556335
   Sources: NSR=       100  NSS=       100  NK=        55
   RHS total (per IK): nrhs_tot=3*NSS =       300
   Batch:    MAX_RHS_BATCH=        32  nbatches=        10
   GFMY  (GFX+GFY+GFZ):         68.393 GB
   RHS_MY(rhs+sol buffers):      0.531 GB
 
 running run_ik_loop_pardiso
before CA | VmRSS=  70.929 GB  VmHWM=  95.072 GB
after CA | VmRSS=  72.396 GB  VmHWM=  95.072 GB
after factor | VmRSS=  76.183 GB  VmHWM=  95.072 GB
f=     5.200 Hz | ky=  0.774843E-03 | IK=       1/      55 | t=   24.294200 s | CA=  2.4809 | fact= 12.8233 | GF=  8.9897 | solve=  8.3218 | scatter=  0.2577
f=     5.200 Hz | ky=  0.154969E-02 | IK=       2/      55 | t=   13.991600 s | CA=  2.5568 | fact=  2.5712 | GF=  8.8636 | solve=  8.2242 | scatter=  0.2590
f=     5.200 Hz | ky=  0.232453E-02 | IK=       3/      55 | t=   14.017400 s | CA=  2.5752 | fact=  2.5698 | GF=  8.8724 | solve=  8.2354 | scatter=  0.2569
f=     5.200 Hz | ky=  0.309937E-02 | IK=       4/      55 | t=   14.020500 s | CA=  2.5647 | fact=  2.5757 | GF=  8.8801 | solve=  8.2400 | scatter=  0.2595
f=     5.200 Hz | ky=  0.387422E-02 | IK=       5/      55 | t=   14.112100 s | CA=  2.6595 | fact=  2.5966 | GF=  8.8560 | solve=  8.2189 | scatter=  0.2565
f=     5.200 Hz | ky=  0.464906E-02 | IK=       6/      55 | t=   13.985900 s | CA=  2.5742 | fact=  2.5596 | GF=  8.8520 | solve=  8.2129 | scatter=  0.2586
f=     5.200 Hz | ky=  0.542390E-02 | IK=       7/      55 | t=   14.003400 s | CA=  2.5606 | fact=  2.5786 | GF=  8.8642 | solve=  8.2220 | scatter=  0.2611
f=     5.200 Hz | ky=  0.619875E-02 | IK=       8/      55 | t=   14.035200 s | CA=  2.5742 | fact=  2.5626 | GF=  8.8984 | solve=  8.2601 | scatter=  0.2567
f=     5.200 Hz | ky=  0.697359E-02 | IK=       9/      55 | t=   14.062500 s | CA=  2.5973 | fact=  2.5841 | GF=  8.8811 | solve=  8.2418 | scatter=  0.2582
f=     5.200 Hz | ky=  0.774843E-02 | IK=      10/      55 | t=   14.030100 s | CA=  2.5627 | fact=  2.5858 | GF=  8.8816 | solve=  8.2405 | scatter=  0.2596
PARDISO mem (f=  5.20 Hz): sym=  1.95 GB  perm=  1.42 GB  num=  3.22 GB  
peak=  4.64 GB
t_global   =    304.736 s
TIME for 2d forward modeling_i calc =  5.077816772460937 min
Rank    4 -> ID range:   3201 to   4000 | Tasks:    800
Rank    5 -> ID range:   4001 to   4800 | Tasks:    800
Rank    1 -> ID range:    801 to   1600 | Tasks:    800
Rank    2 -> ID range:   1601 to   2400 | Tasks:    800
Rank    3 -> ID range:   2401 to   3200 | Tasks:    800
  
 -------------- calculate Frechet derivatives -----------
 IFREQ =           7    ITERATION =           1
Frechet memory size Frec_my:      0.825 (Gb)
Rank    0 -> ID range:      1 to    800 | Tasks:    800
FREQ:      5.2 Hz, ITER=       1  Frechet Derivative ID=     100/    4800 Finished   0.224700 s
FREQ:      5.2 Hz, ITER=       1  Frechet Derivative ID=     200/    4800 Finished   0.224500 s
FREQ:      5.2 Hz, ITER=       1  Frechet Derivative ID=     300/    4800 Finished   0.225900 s
FREQ:      5.2 Hz, ITER=       1  Frechet Derivative ID=     400/    4800 Finished   0.207600 s
FREQ:      5.2 Hz, ITER=       1  Frechet Derivative ID=     500/    4800 Finished   0.228600 s
FREQ:      5.2 Hz, ITER=       1  Frechet Derivative ID=     600/    4800 Finished   0.226600 s
FREQ:      5.2 Hz, ITER=       1  Frechet Derivative ID=     700/    4800 Finished   0.227800 s
FREQ:      5.2 Hz, ITER=       1  Frechet Derivative ID=     800/    4800 Finished   0.227800 s
||Frechet||_F=  4.3046E-13max|Frechet|=  4.2546E-18
||Frechet||_F=  4.3046E-13max|Frechet|=  4.2546E-18
||Frechet||_F=  4.3046E-13max|Frechet|=  4.2546E-18
||Frechet||_F=  4.3046E-13max|Frechet|=  4.2546E-18
||Frechet||_F=  4.3046E-13max|Frechet|=  4.2546E-18
 
TIME for Frechet calc =  3.063539886474609 min
 
m_fine: min=  7.4735E+01  max=  1.6843E+02  mean=  1.3482E+02  ||.||2=  6.0106E+04  size=  185445
m_coarse_prev: min=  7.5277E+01  max=  1.6831E+02  mean=  1.3485E+02  ||.||2=  1.4992E+04  size=   11534
 
  compute the residual and the cost function
||Frechet||_F=  4.3046E-13max|Frechet|=  4.2546E-18
 WD_amp= 6.68865E+13  RESID_RMS= 2.99371E-03  FCOST_DATA= 4.48114E-06  FCOST0= 4.48114E-06
IA=  7  H(single F0) min= 0.00000E+00  max= 1.90069E-02
IA=  7  H(F0^2)     min= 0.00000E+00  max= 1.90069E-02
HESSD: ia=   7  min= 0.00000E+00  max= 7.51582E+03
IA=  7  H(single F0) min= 0.00000E+00  max= 1.90069E-02
IA=  7  H(F0^2)     min= 0.00000E+00  max= 1.90069E-02
HESSD: ia=   7  min= 0.00000E+00  max= 7.51582E+03
IA=  7  H(single F0) min= 0.00000E+00  max= 1.90069E-02
IA=  7  H(F0^2)     min= 0.00000E+00  max= 1.90069E-02
HESSD: ia=   7  min= 0.00000E+00  max= 7.51582E+03
IA=  7  H(single F0) min= 0.00000E+00  max= 1.90069E-02
IA=  7  H(F0^2)     min= 0.00000E+00  max= 1.90069E-02
HESSD: ia=   7  min= 0.00000E+00  max= 7.51582E+03
IA=  7  H(single F0) min= 0.00000E+00  max= 1.90069E-02
IA=  7  H(F0^2)     min= 0.00000E+00  max= 1.90069E-02
HESSD: ia=   7  min= 0.00000E+00  max= 7.51582E+03
IA=  7  H(single F0) min= 0.00000E+00  max= 1.90069E-02
IA=  7  H(F0^2)     min= 0.00000E+00  max= 1.90069E-02
HESSD: ia=   7  min= 0.00000E+00  max= 7.51582E+03
Grad block   7 GRAD_SCALED MORM =   1.7568E-04
Raw grad block  7  PAR={Q11}  min= -4.1211E-09  max=  4.7318E-09  L2=  3.1258E-08
Gradient finished
Start LBFGS 
LBFGS steepest step , iter=      1
  g·p = -6.3833E-06  ||p|| =  1.3375E-01
  min(p)= -6.1701E-03  max(p)=  9.3836E-03
LBFGS p_k (unscaled) stats per active parameter:
  IA=  7  PAR={Q11}  min=-3.81413E+01  max= 5.80064E+01  L2= 8.26774E+02
min(p_k)= -6.1701E-03  max(p_k)=  9.3836E-03  ||p_k||=  1.3375E-01
min(p_kf)= -6.1701E-03  max(p_kf)=  9.3836E-03  ||p_kf||=  5.3499E-01
p_k/p_kf  =   2.5000E-01
Start linesearch
BT entry: phi(0)=  4.4811E-06  g·p(0)= -6.3833E-06
 UPDATEPARAMETER: f-scale only
UPDATEPARAMETER PAR_STEP min/max, V_STEP min/max =  3.9301683288E+01  1.6891214717E+02
  3.9301683288E+01  1.6891214717E+02
REL STEP Q      : k=  7 row=  2 rmax_k=  5.5208E-01 row_scale=  1.6843E+02
BT cap probe: rmax1=  5.5208E-01  alpha_cap=  9.0567E-01  alpha00=  1.0000E+00
 UPDATEPARAMETER: f-scale only
UPDATEPARAMETER PAR_STEP min/max, V_STEP min/max =  4.2899420621E+01  1.6886099938E+02
  4.2899420621E+01  1.6886099938E+02
 running run_ik_loop_pardiso
before CA | VmRSS=  16.171 GB  VmHWM=  95.072 GB
after CA | VmRSS=  17.049 GB  VmHWM=  95.072 GB
after factor | VmRSS=  20.841 GB  VmHWM=  95.072 GB
f=     5.200 Hz | ky=  0.774843E-03 | IK=       1/      55 | t=   17.342000 s | CA=  2.5384 | fact= 12.8754 | GF=  1.9280 | solve=  1.7736 | scatter=  0.0514
f=     5.200 Hz | ky=  0.154969E-02 | IK=       2/      55 | t=    6.958100 s | CA=  2.5931 | fact=  2.5455 | GF=  1.8194 | solve=  1.6943 | scatter=  0.0521
f=     5.200 Hz | ky=  0.232453E-02 | IK=       3/      55 | t=    6.967900 s | CA=  2.5885 | fact=  2.5690 | GF=  1.8104 | solve=  1.6844 | scatter=  0.0530
f=     5.200 Hz | ky=  0.309937E-02 | IK=       4/      55 | t=    6.936300 s | CA=  2.5525 | fact=  2.5653 | GF=  1.8184 | solve=  1.6917 | scatter=  0.0536
f=     5.200 Hz | ky=  0.387422E-02 | IK=       5/      55 | t=    6.979800 s | CA=  2.6003 | fact=  2.5645 | GF=  1.8150 | solve=  1.6906 | scatter=  0.0510
f=     5.200 Hz | ky=  0.464906E-02 | IK=       6/      55 | t=    6.993000 s | CA=  2.6247 | fact=  2.5497 | GF=  1.8185 | solve=  1.6924 | scatter=  0.0531
f=     5.200 Hz | ky=  0.542390E-02 | IK=       7/      55 | t=    6.997100 s | CA=  2.5845 | fact=  2.5945 | GF=  1.8180 | solve=  1.6912 | scatter=  0.0535
f=     5.200 Hz | ky=  0.619875E-02 | IK=       8/      55 | t=    6.935300 s | CA=  2.5632 | fact=  2.5545 | GF=  1.8175 | solve=  1.6907 | scatter=  0.0535
f=     5.200 Hz | ky=  0.697359E-02 | IK=       9/      55 | t=    6.953300 s | CA=  2.5892 | fact=  2.5481 | GF=  1.8160 | solve=  1.6907 | scatter=  0.0522
f=     5.200 Hz | ky=  0.774843E-02 | IK=      10/      55 | t=    6.949400 s | CA=  2.5503 | fact=  2.5763 | GF=  1.8227 | solve=  1.6981 | scatter=  0.0514
PARDISO mem (f=  5.20 Hz): sym=  1.95 GB  perm=  1.42 GB  num=  3.22 GB  
peak=  4.64 GB
 WD_amp= 6.68865E+13  RESID_RMS= 8.96652E-03  FCOST_DATA= 4.01993E-05  FCOST0= 4.01993E-05
BT: alpha=  9.0567E-01  phi=  4.0199E-05  rhs=  4.4806E-06
 UPDATEPARAMETER: f-scale only
UPDATEPARAMETER PAR_STEP min/max, V_STEP min/max =  6.0171199902E+01  1.6861545247E+02
  6.0171199902E+01  1.6861545247E+02
 running run_ik_loop_pardiso
before CA | VmRSS=  16.904 GB  VmHWM=  95.072 GB
after CA | VmRSS=  17.166 GB  VmHWM=  95.072 GB
after factor | VmRSS=  20.961 GB  VmHWM=  95.072 GB
f=     5.200 Hz | ky=  0.774843E-03 | IK=       1/      55 | t=   17.311200 s | CA=  2.5363 | fact= 12.8466 | GF=  1.9281 | solve=  1.7716 | scatter=  0.0537
f=     5.200 Hz | ky=  0.154969E-02 | IK=       2/      55 | t=    6.953500 s | CA=  2.5660 | fact=  2.5681 | GF=  1.8193 | solve=  1.6915 | scatter=  0.0548
f=     5.200 Hz | ky=  0.232453E-02 | IK=       3/      55 | t=    6.952500 s | CA=  2.5657 | fact=  2.5712 | GF=  1.8155 | solve=  1.6914 | scatter=  0.0510
f=     5.200 Hz | ky=  0.309937E-02 | IK=       4/      55 | t=    6.972800 s | CA=  2.5734 | fact=  2.5713 | GF=  1.8281 | solve=  1.7028 | scatter=  0.0522
f=     5.200 Hz | ky=  0.387422E-02 | IK=       5/      55 | t=    7.004700 s | CA=  2.6102 | fact=  2.5787 | GF=  1.8158 | solve=  1.6920 | scatter=  0.0507
f=     5.200 Hz | ky=  0.464906E-02 | IK=       6/      55 | t=    6.928200 s | CA=  2.5603 | fact=  2.5444 | GF=  1.8234 | solve=  1.6973 | scatter=  0.0530
f=     5.200 Hz | ky=  0.542390E-02 | IK=       7/      55 | t=    6.994400 s | CA=  2.5990 | fact=  2.5761 | GF=  1.8192 | solve=  1.6939 | scatter=  0.0521
f=     5.200 Hz | ky=  0.619875E-02 | IK=       8/      55 | t=    6.954900 s | CA=  2.5610 | fact=  2.5748 | GF=  1.8190 | solve=  1.6915 | scatter=  0.0544
f=     5.200 Hz | ky=  0.697359E-02 | IK=       9/      55 | t=    7.001900 s | CA=  2.5997 | fact=  2.5851 | GF=  1.8170 | solve=  1.6913 | scatter=  0.0525
f=     5.200 Hz | ky=  0.774843E-02 | IK=      10/      55 | t=    7.043900 s | CA=  2.6257 | fact=  2.5910 | GF=  1.8271 | solve=  1.6993 | scatter=  0.0547
PARDISO mem (f=  5.20 Hz): sym=  1.95 GB  perm=  1.42 GB  num=  3.22 GB  
peak=  4.64 GB
 WD_amp= 6.68865E+13  RESID_RMS= 4.97001E-03  FCOST_DATA= 1.23505E-05  FCOST0= 1.23505E-05
BT: alpha=  4.5284E-01  phi=  1.2351E-05  rhs=  4.4809E-06
 UPDATEPARAMETER: f-scale only
UPDATEPARAMETER PAR_STEP min/max, V_STEP min/max =  6.8807089542E+01  1.6849490926E+02
  6.8807089542E+01  1.6849490926E+02
 running run_ik_loop_pardiso
before CA | VmRSS=  16.188 GB  VmHWM=  95.072 GB
after CA | VmRSS=  17.643 GB  VmHWM=  95.072 GB
after factor | VmRSS=  21.438 GB  VmHWM=  95.072 GB
f=     5.200 Hz | ky=  0.774843E-03 | IK=       1/      55 | t=   17.269000 s | CA=  2.4873 | fact= 12.8573 | GF=  1.9242 | solve=  1.7691 | scatter=  0.0524
f=     5.200 Hz | ky=  0.154969E-02 | IK=       2/      55 | t=    6.963100 s | CA=  2.5832 | fact=  2.5643 | GF=  1.8156 | solve=  1.6915 | scatter=  0.0509
f=     5.200 Hz | ky=  0.232453E-02 | IK=       3/      55 | t=    6.986300 s | CA=  2.5975 | fact=  2.5693 | GF=  1.8195 | solve=  1.6965 | scatter=  0.0499
f=     5.200 Hz | ky=  0.309937E-02 | IK=       4/      55 | t=    6.976300 s | CA=  2.5789 | fact=  2.5752 | GF=  1.8221 | solve=  1.6974 | scatter=  0.0517
f=     5.200 Hz | ky=  0.387422E-02 | IK=       5/      55 | t=    6.945800 s | CA=  2.5544 | fact=  2.5691 | GF=  1.8222 | solve=  1.6986 | scatter=  0.0505
f=     5.200 Hz | ky=  0.464906E-02 | IK=       6/      55 | t=    6.971000 s | CA=  2.5823 | fact=  2.5729 | GF=  1.8157 | solve=  1.6903 | scatter=  0.0523
f=     5.200 Hz | ky=  0.542390E-02 | IK=       7/      55 | t=    6.948200 s | CA=  2.5596 | fact=  2.5685 | GF=  1.8200 | solve=  1.6936 | scatter=  0.0532
f=     5.200 Hz | ky=  0.619875E-02 | IK=       8/      55 | t=    6.960300 s | CA=  2.5679 | fact=  2.5699 | GF=  1.8224 | solve=  1.6955 | scatter=  0.0539
f=     5.200 Hz | ky=  0.697359E-02 | IK=       9/      55 | t=    7.015700 s | CA=  2.6210 | fact=  2.5686 | GF=  1.8261 | solve=  1.7004 | scatter=  0.0526
f=     5.200 Hz | ky=  0.774843E-02 | IK=      10/      55 | t=    6.996900 s | CA=  2.6010 | fact=  2.5773 | GF=  1.8185 | solve=  1.6908 | scatter=  0.0546
PARDISO mem (f=  5.20 Hz): sym=  1.95 GB  perm=  1.42 GB  num=  3.22 GB  
peak=  4.64 GB
 WD_amp= 6.68865E+13  RESID_RMS= 3.61411E-03  FCOST_DATA= 6.53088E-06  FCOST0= 6.53088E-06
BT: alpha=  2.2642E-01  phi=  6.5309E-06  rhs=  4.4810E-06
 UPDATEPARAMETER: f-scale only
UPDATEPARAMETER PAR_STEP min/max, V_STEP min/max =  7.3125034362E+01  1.6845713559E+02
  7.3125034362E+01  1.6845713559E+02
 running run_ik_loop_pardiso
before CA | VmRSS=  16.318 GB  VmHWM=  95.072 GB
after CA | VmRSS=  17.605 GB  VmHWM=  95.072 GB
after factor | VmRSS=  21.397 GB  VmHWM=  95.072 GB
f=     5.200 Hz | ky=  0.774843E-03 | IK=       1/      55 | t=   17.322600 s | CA=  2.5510 | fact= 12.8454 | GF=  1.9258 | solve=  1.7696 | scatter=  0.0530
f=     5.200 Hz | ky=  0.154969E-02 | IK=       2/      55 | t=    7.002600 s | CA=  2.6146 | fact=  2.5709 | GF=  1.8171 | solve=  1.6927 | scatter=  0.0508
f=     5.200 Hz | ky=  0.232453E-02 | IK=       3/      55 | t=    6.992600 s | CA=  2.6111 | fact=  2.5663 | GF=  1.8152 | solve=  1.6903 | scatter=  0.0517
f=     5.200 Hz | ky=  0.309937E-02 | IK=       4/      55 | t=    6.976100 s | CA=  2.5792 | fact=  2.5690 | GF=  1.8279 | solve=  1.6994 | scatter=  0.0551
f=     5.200 Hz | ky=  0.387422E-02 | IK=       5/      55 | t=    7.018300 s | CA=  2.6232 | fact=  2.5697 | GF=  1.8254 | solve=  1.6983 | scatter=  0.0535
f=     5.200 Hz | ky=  0.464906E-02 | IK=       6/      55 | t=    6.986300 s | CA=  2.6020 | fact=  2.5679 | GF=  1.8164 | solve=  1.6898 | scatter=  0.0528
f=     5.200 Hz | ky=  0.542390E-02 | IK=       7/      55 | t=    7.006400 s | CA=  2.6157 | fact=  2.5740 | GF=  1.8167 | solve=  1.6919 | scatter=  0.0515
f=     5.200 Hz | ky=  0.619875E-02 | IK=       8/      55 | t=    6.963100 s | CA=  2.5842 | fact=  2.5656 | GF=  1.8132 | solve=  1.6877 | scatter=  0.0525
f=     5.200 Hz | ky=  0.697359E-02 | IK=       9/      55 | t=    7.053300 s | CA=  2.6535 | fact=  2.5782 | GF=  1.8216 | solve=  1.6942 | scatter=  0.0538
f=     5.200 Hz | ky=  0.774843E-02 | IK=      10/      55 | t=    7.009800 s | CA=  2.6155 | fact=  2.5706 | GF=  1.8237 | solve=  1.6980 | scatter=  0.0519
PARDISO mem (f=  5.20 Hz): sym=  1.95 GB  perm=  1.42 GB  num=  3.22 GB  
peak=  4.64 GB
 WD_amp= 6.68865E+13  RESID_RMS= 3.18598E-03  FCOST_DATA= 5.07523E-06  FCOST0= 5.07523E-06
BT: alpha=  1.1321E-01  phi=  5.0752E-06  rhs=  4.4811E-06
 UPDATEPARAMETER: f-scale only
UPDATEPARAMETER PAR_STEP min/max, V_STEP min/max =  7.4641776904E+01  1.6844324170E+02
  7.4641776904E+01  1.6844324170E+02
 running run_ik_loop_pardiso
before CA | VmRSS=  16.256 GB  VmHWM=  95.072 GB
after CA | VmRSS=  17.437 GB  VmHWM=  95.072 GB
after factor | VmRSS=  21.226 GB  VmHWM=  95.072 GB
f=     5.200 Hz | ky=  0.774843E-03 | IK=       1/      55 | t=   17.361500 s | CA=  2.5863 | fact= 12.8479 | GF=  1.9271 | solve=  1.7699 | scatter=  0.0540
f=     5.200 Hz | ky=  0.154969E-02 | IK=       2/      55 | t=    6.949600 s | CA=  2.5603 | fact=  2.5754 | GF=  1.8139 | solve=  1.6875 | scatter=  0.0533
f=     5.200 Hz | ky=  0.232453E-02 | IK=       3/      55 | t=    6.997500 s | CA=  2.6056 | fact=  2.5768 | GF=  1.8150 | solve=  1.6899 | scatter=  0.0520
f=     5.200 Hz | ky=  0.309937E-02 | IK=       4/      55 | t=    6.981300 s | CA=  2.5967 | fact=  2.5672 | GF=  1.8173 | solve=  1.6911 | scatter=  0.0530
f=     5.200 Hz | ky=  0.387422E-02 | IK=       5/      55 | t=    7.033400 s | CA=  2.6484 | fact=  2.5694 | GF=  1.8156 | solve=  1.6905 | scatter=  0.0520
f=     5.200 Hz | ky=  0.464906E-02 | IK=       6/      55 | t=    6.971600 s | CA=  2.5909 | fact=  2.5655 | GF=  1.8151 | solve=  1.6895 | scatter=  0.0524
f=     5.200 Hz | ky=  0.542390E-02 | IK=       7/      55 | t=    6.996800 s | CA=  2.6211 | fact=  2.5644 | GF=  1.8113 | solve=  1.6864 | scatter=  0.0516
f=     5.200 Hz | ky=  0.619875E-02 | IK=       8/      55 | t=    6.965900 s | CA=  2.5826 | fact=  2.5689 | GF=  1.8143 | solve=  1.6890 | scatter=  0.0521
f=     5.200 Hz | ky=  0.697359E-02 | IK=       9/      55 | t=    7.031900 s | CA=  2.6538 | fact=  2.5637 | GF=  1.8143 | solve=  1.6886 | scatter=  0.0524
f=     5.200 Hz | ky=  0.774843E-02 | IK=      10/      55 | t=    7.041800 s | CA=  2.6517 | fact=  2.5760 | GF=  1.8140 | solve=  1.6879 | scatter=  0.0528
PARDISO mem (f=  5.20 Hz): sym=  1.95 GB  perm=  1.42 GB  num=  3.22 GB  
peak=  4.64 GB
 WD_amp= 6.68865E+13  RESID_RMS= 3.05737E-03  FCOST_DATA= 4.67376E-06  FCOST0= 4.67376E-06
BT: alpha=  5.6605E-02  phi=  4.6738E-06  rhs=  4.4811E-06
 UPDATEPARAMETER: f-scale only
UPDATEPARAMETER PAR_STEP min/max, V_STEP min/max =  7.4688632032E+01  1.6843633364E+02
  7.4688632032E+01  1.6843633364E+02
 running run_ik_loop_pardiso
before CA | VmRSS=  16.745 GB  VmHWM=  95.072 GB
after CA | VmRSS=  17.933 GB  VmHWM=  95.072 GB
after factor | VmRSS=  21.705 GB  VmHWM=  95.072 GB
f=     5.200 Hz | ky=  0.774843E-03 | IK=       1/      55 | t=   17.305600 s | CA=  2.5210 | fact= 12.8653 | GF=  1.9191 | solve=  1.7635 | scatter=  0.0525
f=     5.200 Hz | ky=  0.154969E-02 | IK=       2/      55 | t=    6.994100 s | CA=  2.5979 | fact=  2.5766 | GF=  1.8195 | solve=  1.6928 | scatter=  0.0535
f=     5.200 Hz | ky=  0.232453E-02 | IK=       3/      55 | t=    7.008600 s | CA=  2.6229 | fact=  2.5615 | GF=  1.8241 | solve=  1.6970 | scatter=  0.0541
f=     5.200 Hz | ky=  0.309937E-02 | IK=       4/      55 | t=    6.950200 s | CA=  2.5738 | fact=  2.5610 | GF=  1.8154 | solve=  1.6884 | scatter=  0.0539
f=     5.200 Hz | ky=  0.387422E-02 | IK=       5/      55 | t=    7.014200 s | CA=  2.6342 | fact=  2.5581 | GF=  1.8219 | solve=  1.6961 | scatter=  0.0522
f=     5.200 Hz | ky=  0.464906E-02 | IK=       6/      55 | t=    6.963200 s | CA=  2.5588 | fact=  2.5794 | GF=  1.8249 | solve=  1.6949 | scatter=  0.0568
f=     5.200 Hz | ky=  0.542390E-02 | IK=       7/      55 | t=    6.972600 s | CA=  2.6206 | fact=  2.5329 | GF=  1.8190 | solve=  1.6942 | scatter=  0.0517
f=     5.200 Hz | ky=  0.619875E-02 | IK=       8/      55 | t=    7.096000 s | CA=  2.6983 | fact=  2.5811 | GF=  1.8166 | solve=  1.6906 | scatter=  0.0530
f=     5.200 Hz | ky=  0.697359E-02 | IK=       9/      55 | t=    6.983400 s | CA=  2.6058 | fact=  2.5606 | GF=  1.8170 | solve=  1.6903 | scatter=  0.0532
f=     5.200 Hz | ky=  0.774843E-02 | IK=      10/      55 | t=    6.969800 s | CA=  2.5741 | fact=  2.5798 | GF=  1.8158 | solve=  1.6912 | scatter=  0.0516
PARDISO mem (f=  5.20 Hz): sym=  1.95 GB  perm=  1.42 GB  num=  3.22 GB  
peak=  4.64 GB
 WD_amp= 6.68865E+13  RESID_RMS= 3.01717E-03  FCOST_DATA= 4.55165E-06  FCOST0= 4.55165E-06
BT: alpha=  2.8302E-02  phi=  4.5516E-06  rhs=  4.4811E-06
 UPDATEPARAMETER: f-scale only
UPDATEPARAMETER PAR_STEP min/max, V_STEP min/max =  7.4712059596E+01  1.6843329612E+02
  7.4712059596E+01  1.6843329612E+02
 running run_ik_loop_pardiso
before CA | VmRSS=  16.749 GB  VmHWM=  95.072 GB
after CA | VmRSS=  17.356 GB  VmHWM=  95.072 GB
after factor | VmRSS=  21.149 GB  VmHWM=  95.072 GB
f=     5.200 Hz | ky=  0.774843E-03 | IK=       1/      55 | t=   17.298300 s | CA=  2.5131 | fact= 12.8636 | GF=  1.9213 | solve=  1.7655 | scatter=  0.0530
f=     5.200 Hz | ky=  0.154969E-02 | IK=       2/      55 | t=    6.955800 s | CA=  2.5765 | fact=  2.5649 | GF=  1.8143 | solve=  1.6885 | scatter=  0.0523
f=     5.200 Hz | ky=  0.232453E-02 | IK=       3/      55 | t=    7.047600 s | CA=  2.6528 | fact=  2.5773 | GF=  1.8174 | solve=  1.6899 | scatter=  0.0544
f=     5.200 Hz | ky=  0.309937E-02 | IK=       4/      55 | t=    6.975900 s | CA=  2.5940 | fact=  2.5705 | GF=  1.8114 | solve=  1.6881 | scatter=  0.0499
f=     5.200 Hz | ky=  0.387422E-02 | IK=       5/      55 | t=    7.002400 s | CA=  2.6082 | fact=  2.5746 | GF=  1.8196 | solve=  1.6938 | scatter=  0.0527
f=     5.200 Hz | ky=  0.464906E-02 | IK=       6/      55 | t=    6.944800 s | CA=  2.5763 | fact=  2.5507 | GF=  1.8178 | solve=  1.6902 | scatter=  0.0545
f=     5.200 Hz | ky=  0.542390E-02 | IK=       7/      55 | t=    6.971200 s | CA=  2.5764 | fact=  2.5739 | GF=  1.8209 | solve=  1.6936 | scatter=  0.0542
f=     5.200 Hz | ky=  0.619875E-02 | IK=       8/      55 | t=    6.993700 s | CA=  2.5941 | fact=  2.5760 | GF=  1.8236 | solve=  1.6980 | scatter=  0.0526
f=     5.200 Hz | ky=  0.697359E-02 | IK=       9/      55 | t=    6.974000 s | CA=  2.6015 | fact=  2.5466 | GF=  1.8258 | solve=  1.6986 | scatter=  0.0537
f=     5.200 Hz | ky=  0.774843E-02 | IK=      10/      55 | t=    7.007500 s | CA=  2.6215 | fact=  2.5696 | GF=  1.8163 | solve=  1.6914 | scatter=  0.0517
PARDISO mem (f=  5.20 Hz): sym=  1.95 GB  perm=  1.42 GB  num=  3.22 GB  
peak=  4.64 GB
 WD_amp= 6.68865E+13  RESID_RMS= 3.00332E-03  FCOST_DATA= 4.50997E-06  FCOST0= 4.50997E-06
BT: alpha=  1.4151E-02  phi=  4.5100E-06  rhs=  4.4811E-06
 UPDATEPARAMETER: f-scale only
UPDATEPARAMETER PAR_STEP min/max, V_STEP min/max =  7.4723773378E+01  1.6843177736E+02
  7.4723773378E+01  1.6843177736E+02
 running run_ik_loop_pardiso
before CA | VmRSS=  16.716 GB  VmHWM=  95.072 GB
after CA | VmRSS=  17.545 GB  VmHWM=  95.072 GB
after factor | VmRSS=  21.332 GB  VmHWM=  95.072 GB
f=     5.200 Hz | ky=  0.774843E-03 | IK=       1/      55 | t=   17.324400 s | CA=  2.5546 | fact= 12.8509 | GF=  1.9187 | solve=  1.7622 | scatter=  0.0538
f=     5.200 Hz | ky=  0.154969E-02 | IK=       2/      55 | t=    6.973200 s | CA=  2.5934 | fact=  2.5629 | GF=  1.8168 | solve=  1.6904 | scatter=  0.0533
f=     5.200 Hz | ky=  0.232453E-02 | IK=       3/      55 | t=    7.005900 s | CA=  2.6168 | fact=  2.5716 | GF=  1.8175 | solve=  1.6897 | scatter=  0.0546
f=     5.200 Hz | ky=  0.309937E-02 | IK=       4/      55 | t=    6.989500 s | CA=  2.5891 | fact=  2.5737 | GF=  1.8267 | solve=  1.7008 | scatter=  0.0525
f=     5.200 Hz | ky=  0.387422E-02 | IK=       5/      55 | t=    7.035400 s | CA=  2.6511 | fact=  2.5671 | GF=  1.8172 | solve=  1.6926 | scatter=  0.0516
f=     5.200 Hz | ky=  0.464906E-02 | IK=       6/      55 | t=    6.965800 s | CA=  2.5646 | fact=  2.5808 | GF=  1.8203 | solve=  1.6938 | scatter=  0.0534
f=     5.200 Hz | ky=  0.542390E-02 | IK=       7/      55 | t=    7.008100 s | CA=  2.6207 | fact=  2.5676 | GF=  1.8197 | solve=  1.6926 | scatter=  0.0538
f=     5.200 Hz | ky=  0.619875E-02 | IK=       8/      55 | t=    6.936700 s | CA=  2.5410 | fact=  2.5751 | GF=  1.8206 | solve=  1.6939 | scatter=  0.0532
f=     5.200 Hz | ky=  0.697359E-02 | IK=       9/      55 | t=    6.975600 s | CA=  2.6008 | fact=  2.5503 | GF=  1.8244 | solve=  1.6972 | scatter=  0.0540
f=     5.200 Hz | ky=  0.774843E-02 | IK=      10/      55 | t=    7.015800 s | CA=  2.6238 | fact=  2.5693 | GF=  1.8227 | solve=  1.6950 | scatter=  0.0545
PARDISO mem (f=  5.20 Hz): sym=  1.95 GB  perm=  1.42 GB  num=  3.22 GB  
peak=  4.64 GB
 WD_amp= 6.68865E+13  RESID_RMS= 2.99798E-03  FCOST_DATA= 4.49396E-06  FCOST0= 4.49396E-06
BT: alpha=  7.0756E-03  phi=  4.4940E-06  rhs=  4.4811E-06
 UPDATEPARAMETER: f-scale only
UPDATEPARAMETER PAR_STEP min/max, V_STEP min/max =  7.4729630268E+01  1.6843101798E+02
  7.4729630268E+01  1.6843101798E+02
 running run_ik_loop_pardiso
before CA | VmRSS=  16.312 GB  VmHWM=  95.072 GB
after CA | VmRSS=  17.540 GB  VmHWM=  95.072 GB
after factor | VmRSS=  21.337 GB  VmHWM=  95.072 GB
f=     5.200 Hz | ky=  0.774843E-03 | IK=       1/      55 | t=   17.361800 s | CA=  2.5569 | fact= 12.8872 | GF=  1.9175 | solve=  1.7637 | scatter=  0.0515
f=     5.200 Hz | ky=  0.154969E-02 | IK=       2/      55 | t=    6.992700 s | CA=  2.6127 | fact=  2.5630 | GF=  1.8170 | solve=  1.6924 | scatter=  0.0514
f=     5.200 Hz | ky=  0.232453E-02 | IK=       3/      55 | t=    6.940000 s | CA=  2.5623 | fact=  2.5626 | GF=  1.8150 | solve=  1.6898 | scatter=  0.0517
f=     5.200 Hz | ky=  0.309937E-02 | IK=       4/      55 | t=    6.995600 s | CA=  2.6202 | fact=  2.5541 | GF=  1.8213 | solve=  1.6942 | scatter=  0.0541
f=     5.200 Hz | ky=  0.387422E-02 | IK=       5/      55 | t=    6.995000 s | CA=  2.5959 | fact=  2.5804 | GF=  1.8186 | solve=  1.6942 | scatter=  0.0507
f=     5.200 Hz | ky=  0.464906E-02 | IK=       6/      55 | t=    6.976500 s | CA=  2.5829 | fact=  2.5719 | GF=  1.8217 | solve=  1.6960 | scatter=  0.0523
f=     5.200 Hz | ky=  0.542390E-02 | IK=       7/      55 | t=    7.003900 s | CA=  2.6134 | fact=  2.5738 | GF=  1.8167 | solve=  1.6904 | scatter=  0.0528
f=     5.200 Hz | ky=  0.619875E-02 | IK=       8/      55 | t=    7.011700 s | CA=  2.6138 | fact=  2.5749 | GF=  1.8230 | solve=  1.6961 | scatter=  0.0534
f=     5.200 Hz | ky=  0.697359E-02 | IK=       9/      55 | t=    7.015000 s | CA=  2.6345 | fact=  2.5635 | GF=  1.8170 | solve=  1.6924 | scatter=  0.0514
f=     5.200 Hz | ky=  0.774843E-02 | IK=      10/      55 | t=    6.958200 s | CA=  2.5657 | fact=  2.5705 | GF=  1.8219 | solve=  1.6939 | scatter=  0.0547
PARDISO mem (f=  5.20 Hz): sym=  1.95 GB  perm=  1.42 GB  num=  3.22 GB  
peak=  4.64 GB
 WD_amp= 6.68865E+13  RESID_RMS= 2.99571E-03  FCOST_DATA= 4.48715E-06  FCOST0= 4.48715E-06
BT: alpha=  3.5378E-03  phi=  4.4871E-06  rhs=  4.4811E-06
 UPDATEPARAMETER: f-scale only
UPDATEPARAMETER PAR_STEP min/max, V_STEP min/max =  7.4732558714E+01  1.6843063829E+02
  7.4732558714E+01  1.6843063829E+02
 running run_ik_loop_pardiso
before CA | VmRSS=  16.152 GB  VmHWM=  95.072 GB
after CA | VmRSS=  17.530 GB  VmHWM=  95.072 GB
after factor | VmRSS=  21.328 GB  VmHWM=  95.072 GB
f=     5.200 Hz | ky=  0.774843E-03 | IK=       1/      55 | t=   17.289600 s | CA=  2.5270 | fact= 12.8364 | GF=  1.9260 | solve=  1.7703 | scatter=  0.0522
f=     5.200 Hz | ky=  0.154969E-02 | IK=       2/      55 | t=    6.978100 s | CA=  2.6012 | fact=  2.5545 | GF=  1.8224 | solve=  1.6962 | scatter=  0.0531
f=     5.200 Hz | ky=  0.232453E-02 | IK=       3/      55 | t=    6.922500 s | CA=  2.5811 | fact=  2.5261 | GF=  1.8153 | solve=  1.6910 | scatter=  0.0513
f=     5.200 Hz | ky=  0.309937E-02 | IK=       4/      55 | t=    6.971300 s | CA=  2.5741 | fact=  2.5841 | GF=  1.8131 | solve=  1.6867 | scatter=  0.0533
f=     5.200 Hz | ky=  0.387422E-02 | IK=       5/      55 | t=    7.022500 s | CA=  2.6293 | fact=  2.5780 | GF=  1.8151 | solve=  1.6902 | scatter=  0.0518
f=     5.200 Hz | ky=  0.464906E-02 | IK=       6/      55 | t=    6.959500 s | CA=  2.5702 | fact=  2.5731 | GF=  1.8161 | solve=  1.6903 | scatter=  0.0526
f=     5.200 Hz | ky=  0.542390E-02 | IK=       7/      55 | t=    6.976500 s | CA=  2.5944 | fact=  2.5671 | GF=  1.8150 | solve=  1.6878 | scatter=  0.0538
f=     5.200 Hz | ky=  0.619875E-02 | IK=       8/      55 | t=    6.949100 s | CA=  2.5720 | fact=  2.5611 | GF=  1.8159 | solve=  1.6891 | scatter=  0.0537
f=     5.200 Hz | ky=  0.697359E-02 | IK=       9/      55 | t=    7.010300 s | CA=  2.6261 | fact=  2.5654 | GF=  1.8188 | solve=  1.6913 | scatter=  0.0544
f=     5.200 Hz | ky=  0.774843E-02 | IK=      10/      55 | t=    6.969200 s | CA=  2.5843 | fact=  2.5602 | GF=  1.8246 | solve=  1.6965 | scatter=  0.0548
PARDISO mem (f=  5.20 Hz): sym=  1.95 GB  perm=  1.42 GB  num=  3.22 GB  
peak=  4.64 GB
 WD_amp= 6.68865E+13  RESID_RMS= 2.99468E-03  FCOST_DATA= 4.48404E-06  FCOST0= 4.48404E-06
BT: alpha=  1.7689E-03  phi=  4.4840E-06  rhs=  4.4811E-06
 UPDATEPARAMETER: f-scale only
UPDATEPARAMETER PAR_STEP min/max, V_STEP min/max =  7.4734022937E+01  1.6843044845E+02
  7.4734022937E+01  1.6843044845E+02
 running run_ik_loop_pardiso
before CA | VmRSS=  16.176 GB  VmHWM=  95.072 GB
after CA | VmRSS=  17.515 GB  VmHWM=  95.072 GB
after factor | VmRSS=  21.304 GB  VmHWM=  95.072 GB
f=     5.200 Hz | ky=  0.774843E-03 | IK=       1/      55 | t=   17.316500 s | CA=  2.5385 | fact= 12.8440 | GF=  1.9338 | solve=  1.7772 | scatter=  0.0538
f=     5.200 Hz | ky=  0.154969E-02 | IK=       2/      55 | t=    6.961000 s | CA=  2.5770 | fact=  2.5697 | GF=  1.8143 | solve=  1.6894 | scatter=  0.0520
f=     5.200 Hz | ky=  0.232453E-02 | IK=       3/      55 | t=    6.977400 s | CA=  2.5898 | fact=  2.5656 | GF=  1.8220 | solve=  1.6931 | scatter=  0.0558
f=     5.200 Hz | ky=  0.309937E-02 | IK=       4/      55 | t=    6.926000 s | CA=  2.5417 | fact=  2.5630 | GF=  1.8213 | solve=  1.6940 | scatter=  0.0542
f=     5.200 Hz | ky=  0.387422E-02 | IK=       5/      55 | t=    6.987300 s | CA=  2.6137 | fact=  2.5611 | GF=  1.8124 | solve=  1.6877 | scatter=  0.0516
f=     5.200 Hz | ky=  0.464906E-02 | IK=       6/      55 | t=    6.951600 s | CA=  2.5634 | fact=  2.5707 | GF=  1.8174 | solve=  1.6930 | scatter=  0.0512
f=     5.200 Hz | ky=  0.542390E-02 | IK=       7/      55 | t=    7.064400 s | CA=  2.6802 | fact=  2.5596 | GF=  1.8246 | solve=  1.6977 | scatter=  0.0537
f=     5.200 Hz | ky=  0.619875E-02 | IK=       8/      55 | t=    6.975700 s | CA=  2.5865 | fact=  2.5708 | GF=  1.8183 | solve=  1.6922 | scatter=  0.0527
f=     5.200 Hz | ky=  0.697359E-02 | IK=       9/      55 | t=    6.953800 s | CA=  2.5485 | fact=  2.5844 | GF=  1.8208 | solve=  1.6940 | scatter=  0.0536
f=     5.200 Hz | ky=  0.774843E-02 | IK=      10/      55 | t=    6.998600 s | CA=  2.6009 | fact=  2.5739 | GF=  1.8238 | solve=  1.6960 | scatter=  0.0545
PARDISO mem (f=  5.20 Hz): sym=  1.95 GB  perm=  1.42 GB  num=  3.22 GB  
peak=  4.64 GB
 WD_amp= 6.68865E+13  RESID_RMS= 2.99418E-03  FCOST_DATA= 4.48257E-06  FCOST0= 4.48257E-06
BT: alpha=  8.8445E-04  phi=  4.4826E-06  rhs=  4.4811E-06
 UPDATEPARAMETER: f-scale only
UPDATEPARAMETER PAR_STEP min/max, V_STEP min/max =  7.4734755048E+01  1.6843035353E+02
  7.4734755048E+01  1.6843035353E+02
 running run_ik_loop_pardiso
before CA | VmRSS=  16.211 GB  VmHWM=  95.072 GB
after CA | VmRSS=  17.305 GB  VmHWM=  95.072 GB
after factor | VmRSS=  21.065 GB  VmHWM=  95.072 GB
f=     5.200 Hz | ky=  0.774843E-03 | IK=       1/      55 | t=   17.347200 s | CA=  2.5797 | fact= 12.8357 | GF=  1.9316 | solve=  1.7757 | scatter=  0.0531
f=     5.200 Hz | ky=  0.154969E-02 | IK=       2/      55 | t=    6.924600 s | CA=  2.5620 | fact=  2.5437 | GF=  1.8188 | solve=  1.6951 | scatter=  0.0505
f=     5.200 Hz | ky=  0.232453E-02 | IK=       3/      55 | t=    7.026700 s | CA=  2.6445 | fact=  2.5697 | GF=  1.8124 | solve=  1.6878 | scatter=  0.0516
f=     5.200 Hz | ky=  0.309937E-02 | IK=       4/      55 | t=    6.963700 s | CA=  2.5865 | fact=  2.5627 | GF=  1.8144 | solve=  1.6913 | scatter=  0.0500
f=     5.200 Hz | ky=  0.387422E-02 | IK=       5/      55 | t=    6.973800 s | CA=  2.5863 | fact=  2.5677 | GF=  1.8197 | solve=  1.6926 | scatter=  0.0540
f=     5.200 Hz | ky=  0.464906E-02 | IK=       6/      55 | t=    6.987100 s | CA=  2.6031 | fact=  2.5704 | GF=  1.8135 | solve=  1.6876 | scatter=  0.0527
f=     5.200 Hz | ky=  0.542390E-02 | IK=       7/      55 | t=    6.968000 s | CA=  2.5721 | fact=  2.5719 | GF=  1.8240 | solve=  1.7005 | scatter=  0.0504
f=     5.200 Hz | ky=  0.619875E-02 | IK=       8/      55 | t=    6.994200 s | CA=  2.6180 | fact=  2.5649 | GF=  1.8113 | solve=  1.6869 | scatter=  0.0513
f=     5.200 Hz | ky=  0.697359E-02 | IK=       9/      55 | t=    6.944700 s | CA=  2.5532 | fact=  2.5718 | GF=  1.8196 | solve=  1.6948 | scatter=  0.0517
f=     5.200 Hz | ky=  0.774843E-02 | IK=      10/      55 | t=    7.005000 s | CA=  2.6188 | fact=  2.5706 | GF=  1.8156 | solve=  1.6870 | scatter=  0.0555
PARDISO mem (f=  5.20 Hz): sym=  1.95 GB  perm=  1.42 GB  num=  3.22 GB  
peak=  4.64 GB
 WD_amp= 6.68865E+13  RESID_RMS= 2.99394E-03  FCOST_DATA= 4.48185E-06  FCOST0= 4.48185E-06
BT: alpha=  4.4222E-04  phi=  4.4818E-06  rhs=  4.4811E-06
 UPDATEPARAMETER: f-scale only
UPDATEPARAMETER PAR_STEP min/max, V_STEP min/max =  7.4735121104E+01  1.6843030606E+02
  7.4735121104E+01  1.6843030606E+02
 running run_ik_loop_pardiso
before CA | VmRSS=  16.213 GB  VmHWM=  95.072 GB
after CA | VmRSS=  17.114 GB  VmHWM=  95.072 GB
after factor | VmRSS=  20.878 GB  VmHWM=  95.072 GB
f=     5.200 Hz | ky=  0.774843E-03 | IK=       1/      55 | t=   17.314000 s | CA=  2.5347 | fact= 12.8544 | GF=  1.9247 | solve=  1.7688 | scatter=  0.0533
f=     5.200 Hz | ky=  0.154969E-02 | IK=       2/      55 | t=    6.950900 s | CA=  2.5486 | fact=  2.5784 | GF=  1.8239 | solve=  1.6971 | scatter=  0.0537
f=     5.200 Hz | ky=  0.232453E-02 | IK=       3/      55 | t=    6.978400 s | CA=  2.5861 | fact=  2.5723 | GF=  1.8200 | solve=  1.6944 | scatter=  0.0525
f=     5.200 Hz | ky=  0.309937E-02 | IK=       4/      55 | t=    7.006000 s | CA=  2.6019 | fact=  2.5870 | GF=  1.8171 | solve=  1.6893 | scatter=  0.0548
f=     5.200 Hz | ky=  0.387422E-02 | IK=       5/      55 | t=    6.880700 s | CA=  2.5642 | fact=  2.4971 | GF=  1.8194 | solve=  1.6942 | scatter=  0.0522
f=     5.200 Hz | ky=  0.464906E-02 | IK=       6/      55 | t=    6.963500 s | CA=  2.5776 | fact=  2.5653 | GF=  1.8206 | solve=  1.6952 | scatter=  0.0520
f=     5.200 Hz | ky=  0.542390E-02 | IK=       7/      55 | t=    6.958500 s | CA=  2.5687 | fact=  2.5702 | GF=  1.8195 | solve=  1.6904 | scatter=  0.0556
f=     5.200 Hz | ky=  0.619875E-02 | IK=       8/      55 | t=    6.988900 s | CA=  2.5929 | fact=  2.5785 | GF=  1.8174 | solve=  1.6914 | scatter=  0.0526
f=     5.200 Hz | ky=  0.697359E-02 | IK=       9/      55 | t=    6.934800 s | CA=  2.5639 | fact=  2.5439 | GF=  1.8269 | solve=  1.7002 | scatter=  0.0532
f=     5.200 Hz | ky=  0.774843E-02 | IK=      10/      55 | t=    6.964900 s | CA=  2.5824 | fact=  2.5620 | GF=  1.8205 | solve=  1.6935 | scatter=  0.0540
PARDISO mem (f=  5.20 Hz): sym=  1.95 GB  perm=  1.42 GB  num=  3.22 GB  
peak=  4.64 GB
 WD_amp= 6.68865E+13  RESID_RMS= 2.99382E-03  FCOST_DATA= 4.48149E-06  FCOST0= 4.48149E-06
BT: alpha=  2.2111E-04  phi=  4.4815E-06  rhs=  4.4811E-06
 UPDATEPARAMETER: f-scale only
UPDATEPARAMETER PAR_STEP min/max, V_STEP min/max =  7.4735304132E+01  1.6843028233E+02
  7.4735304132E+01  1.6843028233E+02
 running run_ik_loop_pardiso
before CA | VmRSS=  16.149 GB  VmHWM=  95.072 GB
after CA | VmRSS=  16.760 GB  VmHWM=  95.072 GB
after factor | VmRSS=  20.555 GB  VmHWM=  95.072 GB
f=     5.200 Hz | ky=  0.774843E-03 | IK=       1/      55 | t=   17.303500 s | CA=  2.5189 | fact= 12.8635 | GF=  1.9209 | solve=  1.7637 | scatter=  0.0542
f=     5.200 Hz | ky=  0.154969E-02 | IK=       2/      55 | t=    6.983000 s | CA=  2.5861 | fact=  2.5864 | GF=  1.8104 | solve=  1.6847 | scatter=  0.0526
f=     5.200 Hz | ky=  0.232453E-02 | IK=       3/      55 | t=    6.945900 s | CA=  2.5651 | fact=  2.5691 | GF=  1.8117 | solve=  1.6866 | scatter=  0.0517
f=     5.200 Hz | ky=  0.309937E-02 | IK=       4/      55 | t=    7.014700 s | CA=  2.6236 | fact=  2.5770 | GF=  1.8141 | solve=  1.6871 | scatter=  0.0535
f=     5.200 Hz | ky=  0.387422E-02 | IK=       5/      55 | t=    6.983400 s | CA=  2.5956 | fact=  2.5692 | GF=  1.8186 | solve=  1.6940 | scatter=  0.0511
f=     5.200 Hz | ky=  0.464906E-02 | IK=       6/      55 | t=    6.900700 s | CA=  2.5575 | fact=  2.5720 | GF=  1.7712 | solve=  1.6454 | scatter=  0.0527
f=     5.200 Hz | ky=  0.542390E-02 | IK=       7/      55 | t=    6.985300 s | CA=  2.6362 | fact=  2.5673 | GF=  1.7818 | solve=  1.6562 | scatter=  0.0524
f=     5.200 Hz | ky=  0.619875E-02 | IK=       8/      55 | t=    6.914600 s | CA=  2.6104 | fact=  2.5235 | GF=  1.7807 | solve=  1.6534 | scatter=  0.0541
f=     5.200 Hz | ky=  0.697359E-02 | IK=       9/      55 | t=    6.944600 s | CA=  2.5834 | fact=  2.5805 | GF=  1.7807 | solve=  1.6534 | scatter=  0.0542
f=     5.200 Hz | ky=  0.774843E-02 | IK=      10/      55 | t=    6.914500 s | CA=  2.5511 | fact=  2.5782 | GF=  1.7852 | solve=  1.6585 | scatter=  0.0536
PARDISO mem (f=  5.20 Hz): sym=  1.95 GB  perm=  1.42 GB  num=  3.22 GB  
peak=  4.64 GB
 WD_amp= 6.68865E+13  RESID_RMS= 2.99377E-03  FCOST_DATA= 4.48132E-06  FCOST0= 4.48132E-06
BT: alpha=  1.1056E-04  phi=  4.4813E-06  rhs=  4.4811E-06
 UPDATEPARAMETER: f-scale only
UPDATEPARAMETER PAR_STEP min/max, V_STEP min/max =  7.4735395645E+01  1.6843027047E+02
  7.4735395645E+01  1.6843027047E+02
 running run_ik_loop_pardiso
before CA | VmRSS=  16.773 GB  VmHWM=  95.072 GB
after CA | VmRSS=  17.392 GB  VmHWM=  95.072 GB
after factor | VmRSS=  21.185 GB  VmHWM=  95.072 GB
f=     5.200 Hz | ky=  0.774843E-03 | IK=       1/      55 | t=   17.302300 s | CA=  2.5139 | fact= 12.8627 | GF=  1.9254 | solve=  1.7729 | scatter=  0.0498
f=     5.200 Hz | ky=  0.154969E-02 | IK=       2/      55 | t=    6.982500 s | CA=  2.5905 | fact=  2.5788 | GF=  1.8132 | solve=  1.6882 | scatter=  0.0519
f=     5.200 Hz | ky=  0.232453E-02 | IK=       3/      55 | t=    6.985100 s | CA=  2.6034 | fact=  2.5650 | GF=  1.8167 | solve=  1.6904 | scatter=  0.0532
f=     5.200 Hz | ky=  0.309937E-02 | IK=       4/      55 | t=    6.976300 s | CA=  2.6013 | fact=  2.5501 | GF=  1.8249 | solve=  1.6958 | scatter=  0.0559
f=     5.200 Hz | ky=  0.387422E-02 | IK=       5/      55 | t=    6.985300 s | CA=  2.6059 | fact=  2.5601 | GF=  1.8192 | solve=  1.6962 | scatter=  0.0499
f=     5.200 Hz | ky=  0.464906E-02 | IK=       6/      55 | t=    6.970900 s | CA=  2.5973 | fact=  2.5508 | GF=  1.8228 | solve=  1.6947 | scatter=  0.0550
f=     5.200 Hz | ky=  0.542390E-02 | IK=       7/      55 | t=    6.998100 s | CA=  2.6069 | fact=  2.5770 | GF=  1.8142 | solve=  1.6876 | scatter=  0.0534
f=     5.200 Hz | ky=  0.619875E-02 | IK=       8/      55 | t=    6.969200 s | CA=  2.5673 | fact=  2.5833 | GF=  1.8185 | solve=  1.6917 | scatter=  0.0535
f=     5.200 Hz | ky=  0.697359E-02 | IK=       9/      55 | t=    6.938400 s | CA=  2.6040 | fact=  2.5171 | GF=  1.8173 | solve=  1.6914 | scatter=  0.0526
f=     5.200 Hz | ky=  0.774843E-02 | IK=      10/      55 | t=    6.952100 s | CA=  2.5530 | fact=  2.5775 | GF=  1.8216 | solve=  1.6951 | scatter=  0.0533
PARDISO mem (f=  5.20 Hz): sym=  1.95 GB  perm=  1.42 GB  num=  3.22 GB  
peak=  4.64 GB
 WD_amp= 6.68865E+13  RESID_RMS= 2.99374E-03  FCOST_DATA= 4.48123E-06  FCOST0= 4.48123E-06
BT: alpha=  5.5278E-05  phi=  4.4812E-06  rhs=  4.4811E-06
 UPDATEPARAMETER: f-scale only
UPDATEPARAMETER PAR_STEP min/max, V_STEP min/max =  7.4735470604E+01  1.6843026075E+02
  7.4735470604E+01  1.6843026075E+02
 running run_ik_loop_pardiso
before CA | VmRSS=  16.190 GB  VmHWM=  95.072 GB
after CA | VmRSS=  17.434 GB  VmHWM=  95.072 GB
after factor | VmRSS=  21.222 GB  VmHWM=  95.072 GB
f=     5.200 Hz | ky=  0.774843E-03 | IK=       1/      55 | t=   17.351300 s | CA=  2.5669 | fact= 12.8621 | GF=  1.9221 | solve=  1.7688 | scatter=  0.0510
f=     5.200 Hz | ky=  0.154969E-02 | IK=       2/      55 | t=    6.960100 s | CA=  2.5863 | fact=  2.5586 | GF=  1.8152 | solve=  1.6877 | scatter=  0.0543
f=     5.200 Hz | ky=  0.232453E-02 | IK=       3/      55 | t=    6.959400 s | CA=  2.5571 | fact=  2.5801 | GF=  1.8222 | solve=  1.6956 | scatter=  0.0536
f=     5.200 Hz | ky=  0.309937E-02 | IK=       4/      55 | t=    6.971600 s | CA=  2.5971 | fact=  2.5586 | GF=  1.8158 | solve=  1.6916 | scatter=  0.0512
f=     5.200 Hz | ky=  0.387422E-02 | IK=       5/      55 | t=    6.986600 s | CA=  2.5917 | fact=  2.5762 | GF=  1.8187 | solve=  1.6953 | scatter=  0.0502
f=     5.200 Hz | ky=  0.464906E-02 | IK=       6/      55 | t=    6.966700 s | CA=  2.5755 | fact=  2.5718 | GF=  1.8194 | solve=  1.6955 | scatter=  0.0509
f=     5.200 Hz | ky=  0.542390E-02 | IK=       7/      55 | t=    6.949400 s | CA=  2.5843 | fact=  2.5385 | GF=  1.8265 | solve=  1.7037 | scatter=  0.0497
f=     5.200 Hz | ky=  0.619875E-02 | IK=       8/      55 | t=    6.967300 s | CA=  2.5878 | fact=  2.5587 | GF=  1.8208 | solve=  1.6950 | scatter=  0.0526
f=     5.200 Hz | ky=  0.697359E-02 | IK=       9/      55 | t=    6.991900 s | CA=  2.5964 | fact=  2.5721 | GF=  1.8234 | solve=  1.6958 | scatter=  0.0541
f=     5.200 Hz | ky=  0.774843E-02 | IK=      10/      55 | t=    6.969700 s | CA=  2.5834 | fact=  2.5647 | GF=  1.8215 | solve=  1.6960 | scatter=  0.0522
PARDISO mem (f=  5.20 Hz): sym=  1.95 GB  perm=  1.42 GB  num=  3.22 GB  
peak=  4.64 GB
 WD_amp= 6.68865E+13  RESID_RMS= 2.99371E-03  FCOST_DATA= 4.48116E-06  FCOST0= 4.48116E-06
 Backtrack: failed after MAX_IT
 Line search failed (IFLAG=          11 ), inversion diverged.
 --------- Frequency   5.65000000000000       (band            1 )
[ComputeAcqWeight] empty acq_weight_file, using uniform weights = 1.0
Data weighting computed for frequency 4607182418800017373
XSRmin, XSRmax, ZSRmin, ZSRMax -1960.000000000000 .000000000000000 2050.000000000000 4030.000000000000
1 FKYC
1.2 FKYC
my_rank, FKYC,WLMAX, RMAX 0 .4630434389421478E-01 906.6865123615522 2786.036611389018
1.1 NK
NK in cky2= 66

  Number of wavenumber samples (NK) for FREQ =   66
Data weighting computed for frequency 4607182418800017373
Data weighting computed for frequency 4607182418800017373
Data weighting computed for frequency 4607182418800017373
  RMAX = 2786.04
Data weighting computed for frequency 4607182418800017373
Data weighting computed for frequency 4607182418800017373
--- Pre-solver preview (memory + RHS workload) ---
   GQG dims: NNX=       585  NNZ=       317  NPT=    185445
   DOF:     N=3*NPT =    556335
   Sources: NSR=       100  NSS=        20  NK=        66
   RHS total (per IK): nrhs_tot=3*NSS =        60
   Batch:    MAX_RHS_BATCH=        32  nbatches=         2
   GFMY  (GFX+GFY+GFZ):         16.414 GB
   RHS_MY(rhs+sol buffers):      0.531 GB
 
 running run_ik_loop_pardiso
before CA | VmRSS=  18.044 GB  VmHWM=  95.072 GB
after CA | VmRSS=  19.256 GB  VmHWM=  95.072 GB
after factor | VmRSS=  23.047 GB  VmHWM=  95.072 GB
f=     5.650 Hz | ky=  0.701581E-03 | IK=       1/      66 | t=   17.294700 s | CA=  2.5242 | fact= 12.8523 | GF=  1.9180 | solve=  1.7633 | scatter=  0.0522
f=     5.650 Hz | ky=  0.140316E-02 | IK=       2/      66 | t=    6.984200 s | CA=  2.5917 | fact=  2.5811 | GF=  1.8114 | solve=  1.6873 | scatter=  0.0511
f=     5.650 Hz | ky=  0.210474E-02 | IK=       3/      66 | t=    6.973100 s | CA=  2.5854 | fact=  2.5729 | GF=  1.8147 | solve=  1.6891 | scatter=  0.0525
f=     5.650 Hz | ky=  0.280632E-02 | IK=       4/      66 | t=    6.983400 s | CA=  2.5817 | fact=  2.5835 | GF=  1.8181 | solve=  1.6931 | scatter=  0.0519
f=     5.650 Hz | ky=  0.350790E-02 | IK=       5/      66 | t=    6.988900 s | CA=  2.6421 | fact=  2.5312 | GF=  1.8156 | solve=  1.6899 | scatter=  0.0525
f=     5.650 Hz | ky=  0.420949E-02 | IK=       6/      66 | t=    6.973100 s | CA=  2.5843 | fact=  2.5704 | GF=  1.8183 | solve=  1.6930 | scatter=  0.0521
f=     5.650 Hz | ky=  0.491107E-02 | IK=       7/      66 | t=    7.009700 s | CA=  2.6353 | fact=  2.5626 | GF=  1.8118 | solve=  1.6867 | scatter=  0.0519
f=     5.650 Hz | ky=  0.561265E-02 | IK=       8/      66 | t=    6.995900 s | CA=  2.6134 | fact=  2.5642 | GF=  1.8183 | solve=  1.6919 | scatter=  0.0533
f=     5.650 Hz | ky=  0.631423E-02 | IK=       9/      66 | t=    6.983200 s | CA=  2.6141 | fact=  2.5542 | GF=  1.8149 | solve=  1.6898 | scatter=  0.0518
f=     5.650 Hz | ky=  0.701581E-02 | IK=      10/      66 | t=    6.929800 s | CA=  2.5800 | fact=  2.5349 | GF=  1.8149 | solve=  1.6891 | scatter=  0.0526
f=     5.650 Hz | ky=  0.771739E-02 | IK=      11/      66 | t=    6.996700 s | CA=  2.6221 | fact=  2.5558 | GF=  1.8188 | solve=  1.6930 | scatter=  0.0526
PARDISO mem (f=  5.65 Hz): sym=  1.95 GB  perm=  1.42 GB  num=  3.22 GB  
peak=  4.64 GB
t_global   =    124.359 s
TIME for 1st forward modeling =  2.072598393758138  min
TIME for GT0 =  .6376666824022928E-02  min
Data scaler W for L2 norm: 69691293965796.52
Data scaler W for WQS norm: .1007948000807317E-312
Total number of active inversion parameters for current sequential stage (IM):          1
Total model blocks points (NM = IM * NBLOCK):      11534 on grid (NMM = IM * NPT):    185445
 Gradient balance ():   1.00000000000000        1.00000000000000     
   1.00000000000000        1.00000000000000        1.00000000000000     
   1.00000000000000        1.00000000000000        1.00000000000000     
   1.00000000000000        1.00000000000000        1.00000000000000     
 IE0, IZ          30           0
 IE0, IZ, GZ1, GZ2 =           30           0   100.000000000000     
   300.000000000000     
  
 Frequency:           8 Iteration:           1
--- Pre-solver preview (memory + RHS workload) ---
   GQG dims: NNX=       585  NNZ=       317  NPT=    185445
   DOF:     N=3*NPT =    556335
   Sources: NSR=       100  NSS=       100  NK=        66
   RHS total (per IK): nrhs_tot=3*NSS =       300
   Batch:    MAX_RHS_BATCH=        32  nbatches=        10
   GFMY  (GFX+GFY+GFZ):         82.071 GB
   RHS_MY(rhs+sol buffers):      0.531 GB
 
 running run_ik_loop_pardiso
before CA | VmRSS=  84.556 GB  VmHWM=  95.072 GB
after CA | VmRSS=  85.171 GB  VmHWM=  95.072 GB
after factor | VmRSS=  88.960 GB  VmHWM=  95.072 GB
f=     5.650 Hz | ky=  0.701581E-03 | IK=       1/      66 | t=   24.263000 s | CA=  2.4590 | fact= 12.8440 | GF=  8.9598 | solve=  8.2934 | scatter=  0.2558
f=     5.650 Hz | ky=  0.140316E-02 | IK=       2/      66 | t=   14.038600 s | CA=  2.5832 | fact=  2.5683 | GF=  8.8871 | solve=  8.2450 | scatter=  0.2611
f=     5.650 Hz | ky=  0.210474E-02 | IK=       3/      66 | t=   14.002400 s | CA=  2.6005 | fact=  2.5674 | GF=  8.8345 | solve=  8.1988 | scatter=  0.2559
f=     5.650 Hz | ky=  0.280632E-02 | IK=       4/      66 | t=   14.067200 s | CA=  2.6092 | fact=  2.5732 | GF=  8.8848 | solve=  8.2426 | scatter=  0.2614
f=     5.650 Hz | ky=  0.350790E-02 | IK=       5/      66 | t=   14.164100 s | CA=  2.6815 | fact=  2.5787 | GF=  8.9038 | solve=  8.2644 | scatter=  0.2583
f=     5.650 Hz | ky=  0.420949E-02 | IK=       6/      66 | t=   14.107000 s | CA=  2.6547 | fact=  2.5709 | GF=  8.8814 | solve=  8.2412 | scatter=  0.2598
f=     5.650 Hz | ky=  0.491107E-02 | IK=       7/      66 | t=   14.067600 s | CA=  2.6162 | fact=  2.5733 | GF=  8.8781 | solve=  8.2391 | scatter=  0.2584
f=     5.650 Hz | ky=  0.561265E-02 | IK=       8/      66 | t=   14.075000 s | CA=  2.6242 | fact=  2.5666 | GF=  8.8842 | solve=  8.2413 | scatter=  0.2615
f=     5.650 Hz | ky=  0.631423E-02 | IK=       9/      66 | t=   14.084900 s | CA=  2.6402 | fact=  2.5708 | GF=  8.8738 | solve=  8.2380 | scatter=  0.2552
f=     5.650 Hz | ky=  0.701581E-02 | IK=      10/      66 | t=   14.086700 s | CA=  2.6070 | fact=  2.5844 | GF=  8.8952 | solve=  8.2544 | scatter=  0.2588
f=     5.650 Hz | ky=  0.771739E-02 | IK=      11/      66 | t=   14.101100 s | CA=  2.6272 | fact=  2.5873 | GF=  8.8866 | solve=  8.2470 | scatter=  0.2578
PARDISO mem (f=  5.65 Hz): sym=  1.95 GB  perm=  1.42 GB  num=  3.22 GB  
peak=  4.64 GB
t_global   =    350.161 s
TIME for 2d forward modeling_i calc =  5.833556620279948 min
Rank    4 -> ID range:   3201 to   4000 | Tasks:    800
Rank    5 -> ID range:   4001 to   4800 | Tasks:    800
Rank    2 -> ID range:   1601 to   2400 | Tasks:    800
Rank    3 -> ID range:   2401 to   3200 | Tasks:    800
Rank    1 -> ID range:    801 to   1600 | Tasks:    800
  
 -------------- calculate Frechet derivatives -----------
 IFREQ =           8    ITERATION =           1
Frechet memory size Frec_my:      0.825 (Gb)
Rank    0 -> ID range:      1 to    800 | Tasks:    800
FREQ:      5.7 Hz, ITER=       1  Frechet Derivative ID=     100/    4800 Finished   0.258100 s
FREQ:      5.7 Hz, ITER=       1  Frechet Derivative ID=     200/    4800 Finished   0.257600 s
FREQ:      5.7 Hz, ITER=       1  Frechet Derivative ID=     300/    4800 Finished   0.260000 s
FREQ:      5.7 Hz, ITER=       1  Frechet Derivative ID=     400/    4800 Finished   0.236600 s
FREQ:      5.7 Hz, ITER=       1  Frechet Derivative ID=     500/    4800 Finished   0.256900 s
FREQ:      5.7 Hz, ITER=       1  Frechet Derivative ID=     600/    4800 Finished   0.262800 s
FREQ:      5.7 Hz, ITER=       1  Frechet Derivative ID=     700/    4800 Finished   0.256000 s
FREQ:      5.7 Hz, ITER=       1  Frechet Derivative ID=     800/    4800 Finished   0.260400 s
||Frechet||_F=  4.1493E-13max|Frechet|=  4.8855E-18
||Frechet||_F=  4.1493E-13max|Frechet|=  4.8855E-18
||Frechet||_F=  4.1493E-13max|Frechet|=  4.8855E-18
||Frechet||_F=  4.1493E-13max|Frechet|=  4.8855E-18
||Frechet||_F=  4.1493E-13max|Frechet|=  4.8855E-18
||Frechet||_F=  4.1493E-13max|Frechet|=  4.8855E-18
 
TIME for Frechet calc =  3.536001586914062 min
 
m_fine: min=  7.4735E+01  max=  1.6843E+02  mean=  1.3482E+02  ||.||2=  6.0106E+04  size=  185445
m_coarse_prev: min=  7.5277E+01  max=  1.6831E+02  mean=  1.3485E+02  ||.||2=  1.4992E+04  size=   11534
 
  compute the residual and the cost function
 WD_amp= 6.96913E+13  RESID_RMS= 2.69756E-03  FCOST_DATA= 3.63843E-06  FCOST0= 3.63843E-06
IA=  7  H(single F0) min= 0.00000E+00  max= 2.04997E-02
IA=  7  H(F0^2)     min= 0.00000E+00  max= 2.04997E-02
HESSD: ia=   7  min= 0.00000E+00  max= 6.96852E+03
IA=  7  H(single F0) min= 0.00000E+00  max= 2.04997E-02
IA=  7  H(F0^2)     min= 0.00000E+00  max= 2.04997E-02
HESSD: ia=   7  min= 0.00000E+00  max= 6.96852E+03
IA=  7  H(single F0) min= 0.00000E+00  max= 2.04997E-02
IA=  7  H(F0^2)     min= 0.00000E+00  max= 2.04997E-02
HESSD: ia=   7  min= 0.00000E+00  max= 6.96852E+03
IA=  7  H(single F0) min= 0.00000E+00  max= 2.04997E-02
IA=  7  H(F0^2)     min= 0.00000E+00  max= 2.04997E-02
HESSD: ia=   7  min= 0.00000E+00  max= 6.96852E+03
IA=  7  H(single F0) min= 0.00000E+00  max= 2.04997E-02
IA=  7  H(F0^2)     min= 0.00000E+00  max= 2.04997E-02
HESSD: ia=   7  min= 0.00000E+00  max= 6.96852E+03
IA=  7  H(single F0) min= 0.00000E+00  max= 2.04997E-02
IA=  7  H(F0^2)     min= 0.00000E+00  max= 2.04997E-02
HESSD: ia=   7  min= 0.00000E+00  max= 6.96852E+03
Grad block   7 GRAD_SCALED MORM =   1.9496E-04
Raw grad block  7  PAR={Q11}  min= -2.9327E-09  max=  4.7005E-09  L2=  3.4452E-08
Gradient finished
Start LBFGS 
LBFGS steepest step , iter=      1
  g·p = -3.8241E-06  ||p|| =  8.2616E-02
  min(p)= -6.1772E-03  max(p)=  6.3065E-03
LBFGS p_k (unscaled) stats per active parameter:
  IA=  7  PAR={Q11}  min=-3.81852E+01  max= 3.89843E+01  L2= 5.10702E+02
min(p_k)= -6.1772E-03  max(p_k)=  6.3065E-03  ||p_k||=  8.2616E-02
min(p_kf)= -6.1772E-03  max(p_kf)=  6.3065E-03  ||p_kf||=  3.3046E-01
p_k/p_kf  =   2.5000E-01
Start linesearch
BT entry: phi(0)=  3.6384E-06  g·p(0)= -3.8241E-06
 UPDATEPARAMETER: f-scale only
UPDATEPARAMETER PAR_STEP min/max, V_STEP min/max =  4.8411192567E+01  1.6906883070E+02
  4.8411192567E+01  1.6906883070E+02
REL STEP Q      : k=  7 row=  2 rmax_k=  4.4096E-01 row_scale=  1.6843E+02
BT cap probe: rmax1=  4.4096E-01  alpha_cap=  1.0000E+00  alpha00=  1.0000E+00
 UPDATEPARAMETER: f-scale only
UPDATEPARAMETER PAR_STEP min/max, V_STEP min/max =  4.8411192567E+01  1.6906883070E+02
  4.8411192567E+01  1.6906883070E+02
 running run_ik_loop_pardiso
before CA | VmRSS=  18.918 GB  VmHWM=  95.072 GB
after CA | VmRSS=  20.084 GB  VmHWM=  95.072 GB
after factor | VmRSS=  23.849 GB  VmHWM=  95.072 GB
f=     5.650 Hz | ky=  0.701581E-03 | IK=       1/      66 | t=   17.295500 s | CA=  2.5065 | fact= 12.8639 | GF=  1.9249 | solve=  1.7687 | scatter=  0.0534
f=     5.650 Hz | ky=  0.140316E-02 | IK=       2/      66 | t=    6.998500 s | CA=  2.5922 | fact=  2.5659 | GF=  1.8404 | solve=  1.7147 | scatter=  0.0527
f=     5.650 Hz | ky=  0.210474E-02 | IK=       3/      66 | t=    7.028900 s | CA=  2.6455 | fact=  2.5675 | GF=  1.8158 | solve=  1.6905 | scatter=  0.0518
f=     5.650 Hz | ky=  0.280632E-02 | IK=       4/      66 | t=    7.008200 s | CA=  2.6156 | fact=  2.5789 | GF=  1.8137 | solve=  1.6886 | scatter=  0.0519
f=     5.650 Hz | ky=  0.350790E-02 | IK=       5/      66 | t=    6.996700 s | CA=  2.6094 | fact=  2.5725 | GF=  1.8148 | solve=  1.6898 | scatter=  0.0515
f=     5.650 Hz | ky=  0.420949E-02 | IK=       6/      66 | t=    6.956600 s | CA=  2.5545 | fact=  2.5782 | GF=  1.8239 | solve=  1.6991 | scatter=  0.0516
f=     5.650 Hz | ky=  0.491107E-02 | IK=       7/      66 | t=    7.008300 s | CA=  2.6041 | fact=  2.5814 | GF=  1.8228 | solve=  1.6960 | scatter=  0.0536
f=     5.650 Hz | ky=  0.561265E-02 | IK=       8/      66 | t=    6.974900 s | CA=  2.5777 | fact=  2.5754 | GF=  1.8217 | solve=  1.6955 | scatter=  0.0531
f=     5.650 Hz | ky=  0.631423E-02 | IK=       9/      66 | t=    7.031900 s | CA=  2.6229 | fact=  2.5865 | GF=  1.8225 | solve=  1.6958 | scatter=  0.0535
f=     5.650 Hz | ky=  0.701581E-02 | IK=      10/      66 | t=    6.976100 s | CA=  2.5830 | fact=  2.5715 | GF=  1.8216 | solve=  1.6969 | scatter=  0.0516
f=     5.650 Hz | ky=  0.771739E-02 | IK=      11/      66 | t=    7.030100 s | CA=  2.6352 | fact=  2.5761 | GF=  1.8187 | solve=  1.6927 | scatter=  0.0526
PARDISO mem (f=  5.65 Hz): sym=  1.95 GB  perm=  1.42 GB  num=  3.22 GB  
peak=  4.64 GB
 WD_amp= 6.96913E+13  RESID_RMS= 7.48394E-03  FCOST_DATA= 2.80047E-05  FCOST0= 2.80047E-05
BT: alpha=  1.0000E+00  phi=  2.8005E-05  rhs=  3.6380E-06
 UPDATEPARAMETER: f-scale only
UPDATEPARAMETER PAR_STEP min/max, V_STEP min/max =  6.6252035990E+01  1.6874719688E+02
  6.6252035990E+01  1.6874719688E+02
 running run_ik_loop_pardiso
before CA | VmRSS=  18.865 GB  VmHWM=  95.072 GB
after CA | VmRSS=  19.654 GB  VmHWM=  95.072 GB
after factor | VmRSS=  23.448 GB  VmHWM=  95.072 GB
f=     5.650 Hz | ky=  0.701581E-03 | IK=       1/      66 | t=   17.282000 s | CA=  2.5168 | fact= 12.8433 | GF=  1.9217 | solve=  1.7653 | scatter=  0.0537
f=     5.650 Hz | ky=  0.140316E-02 | IK=       2/      66 | t=    6.992700 s | CA=  2.6067 | fact=  2.5632 | GF=  1.8227 | solve=  1.6978 | scatter=  0.0519
f=     5.650 Hz | ky=  0.210474E-02 | IK=       3/      66 | t=    7.029200 s | CA=  2.6226 | fact=  2.5901 | GF=  1.8165 | solve=  1.6895 | scatter=  0.0536
f=     5.650 Hz | ky=  0.280632E-02 | IK=       4/      66 | t=    7.001600 s | CA=  2.6319 | fact=  2.5472 | GF=  1.8225 | solve=  1.6960 | scatter=  0.0530
f=     5.650 Hz | ky=  0.350790E-02 | IK=       5/      66 | t=    6.980100 s | CA=  2.5715 | fact=  2.5874 | GF=  1.8211 | solve=  1.6957 | scatter=  0.0523
f=     5.650 Hz | ky=  0.420949E-02 | IK=       6/      66 | t=    6.953300 s | CA=  2.6057 | fact=  2.5308 | GF=  1.8168 | solve=  1.6911 | scatter=  0.0525
f=     5.650 Hz | ky=  0.491107E-02 | IK=       7/      66 | t=    6.978400 s | CA=  2.5891 | fact=  2.5699 | GF=  1.8193 | solve=  1.6925 | scatter=  0.0536
f=     5.650 Hz | ky=  0.561265E-02 | IK=       8/      66 | t=    7.104400 s | CA=  2.6943 | fact=  2.5908 | GF=  1.8193 | solve=  1.6944 | scatter=  0.0518
f=     5.650 Hz | ky=  0.631423E-02 | IK=       9/      66 | t=    7.048500 s | CA=  2.6440 | fact=  2.5801 | GF=  1.8243 | solve=  1.6973 | scatter=  0.0538
f=     5.650 Hz | ky=  0.701581E-02 | IK=      10/      66 | t=    7.041200 s | CA=  2.6461 | fact=  2.5719 | GF=  1.8232 | solve=  1.6933 | scatter=  0.0563
f=     5.650 Hz | ky=  0.771739E-02 | IK=      11/      66 | t=    6.957200 s | CA=  2.6035 | fact=  2.5267 | GF=  1.8269 | solve=  1.7011 | scatter=  0.0523
PARDISO mem (f=  5.65 Hz): sym=  1.95 GB  perm=  1.42 GB  num=  3.22 GB  
peak=  4.64 GB
 WD_amp= 6.96913E+13  RESID_RMS= 3.46995E-03  FCOST_DATA= 6.02029E-06  FCOST0= 6.02029E-06
BT: alpha=  5.0000E-01  phi=  6.0203E-06  rhs=  3.6382E-06
 UPDATEPARAMETER: f-scale only
UPDATEPARAMETER PAR_STEP min/max, V_STEP min/max =  7.1724910462E+01  1.6858637997E+02
  7.1724910462E+01  1.6858637997E+02
 running run_ik_loop_pardiso
before CA | VmRSS=  18.884 GB  VmHWM=  95.072 GB
after CA | VmRSS=  20.101 GB  VmHWM=  95.072 GB
after factor | VmRSS=  23.895 GB  VmHWM=  95.072 GB
f=     5.650 Hz | ky=  0.701581E-03 | IK=       1/      66 | t=   17.337800 s | CA=  2.5577 | fact= 12.8572 | GF=  1.9226 | solve=  1.7668 | scatter=  0.0528
f=     5.650 Hz | ky=  0.140316E-02 | IK=       2/      66 | t=    6.978100 s | CA=  2.5935 | fact=  2.5650 | GF=  1.8196 | solve=  1.6917 | scatter=  0.0547
f=     5.650 Hz | ky=  0.210474E-02 | IK=       3/      66 | t=    7.016700 s | CA=  2.6418 | fact=  2.5610 | GF=  1.8138 | solve=  1.6876 | scatter=  0.0529
f=     5.650 Hz | ky=  0.280632E-02 | IK=       4/      66 | t=    6.977100 s | CA=  2.5895 | fact=  2.5738 | GF=  1.8137 | solve=  1.6892 | scatter=  0.0513
f=     5.650 Hz | ky=  0.350790E-02 | IK=       5/      66 | t=    7.029100 s | CA=  2.6330 | fact=  2.5849 | GF=  1.8112 | solve=  1.6869 | scatter=  0.0509
f=     5.650 Hz | ky=  0.420949E-02 | IK=       6/      66 | t=    7.034200 s | CA=  2.6373 | fact=  2.5770 | GF=  1.8198 | solve=  1.6955 | scatter=  0.0511
f=     5.650 Hz | ky=  0.491107E-02 | IK=       7/      66 | t=    7.041600 s | CA=  2.6371 | fact=  2.5806 | GF=  1.8239 | solve=  1.6985 | scatter=  0.0519
f=     5.650 Hz | ky=  0.561265E-02 | IK=       8/      66 | t=    6.966300 s | CA=  2.5738 | fact=  2.5753 | GF=  1.8171 | solve=  1.6913 | scatter=  0.0527
f=     5.650 Hz | ky=  0.631423E-02 | IK=       9/      66 | t=    6.954100 s | CA=  2.5732 | fact=  2.5646 | GF=  1.8162 | solve=  1.6908 | scatter=  0.0519
f=     5.650 Hz | ky=  0.701581E-02 | IK=      10/      66 | t=    7.044800 s | CA=  2.6312 | fact=  2.5917 | GF=  1.8219 | solve=  1.6955 | scatter=  0.0532
f=     5.650 Hz | ky=  0.771739E-02 | IK=      11/      66 | t=    7.006700 s | CA=  2.6175 | fact=  2.5734 | GF=  1.8158 | solve=  1.6903 | scatter=  0.0522
PARDISO mem (f=  5.65 Hz): sym=  1.95 GB  perm=  1.42 GB  num=  3.22 GB  
peak=  4.64 GB
  
  
  
 WD_amp= 6.96913E+13  RESID_RMS= 2.40501E-03  FCOST_DATA= 2.89203E-06  FCOST0= 2.89203E-06
  
BT: alpha=  2.5000E-01  phi=  2.8920E-06  rhs=  3.6383E-06
  
Convergence reached, updating parameter grid
ALPHA from line search =  .2500000000000000
 FCOST0 after linesearch  2.892026811619198E-006
Norm of s (s_norm) =  .2065395884763369E-01
  
Time for LBFGS =  6.186326599121093 min
  
 Frequency:           8 Iteration:           2
t_global   =    349.880 s
  
 -------------- calculate Frechet derivatives -----------
 IFREQ =           8    ITERATION =           2
||Frechet||_F=  4.1883E-13max|Frechet|=  5.1229E-18
||Frechet||_F=  4.1883E-13max|Frechet|=  5.1229E-18
||Frechet||_F=  4.1883E-13max|Frechet|=  5.1229E-18
||Frechet||_F=  4.1883E-13max|Frechet|=  5.1229E-18
||Frechet||_F=  4.1883E-13max|Frechet|=  5.1229E-18
 
TIME for Frechet calc =  3.510261789957682 min
 
 
  compute the residual and the cost function
 WD_amp= 6.96913E+13  RESID_RMS= 2.40501E-03  FCOST_DATA= 2.89203E-06  FCOST0= 2.89203E-06
||Frechet||_F=  4.1883E-13max|Frechet|=  5.1229E-18
Grad block   7 GRAD_SCALED MORM =   2.2475E-04
Raw grad block  7  PAR={Q11}  min= -4.2150E-09  max=  2.2300E-09  L2=  3.7722E-08
Gradient finished
Start LBFGS 
curvature (warm): s·y=  1.8286E-06  ||s||^2=  4.2659E-04  ||y||^2=  5.7686E-08  sTy_min=  4.9607E-07
LBFGS step: g·p = -2.6737E-06  ||p||=  9.8918E-02
LBFGS step: min(p)= -5.3688E-03  max(p)=  8.5860E-03
LBFGS p_k (unscaled) stats per active parameter:
  IA=  7  PAR={Q11}  min=-3.31879E+01  max= 5.30757E+01  L2= 6.11477E+02
min(p_k)= -5.3688E-03  max(p_k)=  8.5860E-03  ||p_k||=  9.8918E-02
min(p_kf)= -5.3688E-03  max(p_kf)=  8.5860E-03  ||p_kf||=  3.9567E-01
p_k/p_kf  =   2.5000E-01
Start linesearch
MT entry: phi(0)=  2.8920E-06  dg0= -2.6737E-06  alpha0=  1.0000E+00
 UPDATEPARAMETER: f-scale only
UPDATEPARAMETER PAR_STEP min/max, V_STEP min/max =  5.5702089496E+01  1.7053607280E+02
  5.5702089496E+01  1.7053607280E+02
 WD_amp= 6.96913E+13  RESID_RMS= 5.14474E-03  FCOST_DATA= 1.32342E-05  FCOST0= 1.32342E-05
  
 -------------- calculate Frechet derivatives -----------
 IFREQ =           8    ITERATION =           2
||Frechet||_F=  4.1063E-13max|Frechet|=  5.6922E-18
||Frechet||_F=  4.1063E-13max|Frechet|=  5.6922E-18
||Frechet||_F=  4.1063E-13max|Frechet|=  5.6922E-18
||Frechet||_F=  4.1063E-13max|Frechet|=  5.6922E-18
||Frechet||_F=  4.1063E-13max|Frechet|=  5.6922E-18
||Frechet||_F=  4.1063E-13max|Frechet|=  5.6922E-18
Grad block   7 GRAD_SCALED MORM =   6.2457E-04
MT try: alpha=  1.0000E+00  phi=  1.3234E-05  dg=  4.5093E-06  dg0= -2.6737E-06
MT try: armijo_rhs=  2.8918E-06  armijo=F  curvature=F  task=FG
 UPDATEPARAMETER: f-scale only
UPDATEPARAMETER PAR_STEP min/max, V_STEP min/max =  7.1505192752E+01  1.6862467332E+02
  7.1505192752E+01  1.6862467332E+02
 WD_amp= 6.96913E+13  RESID_RMS= 2.41660E-03  FCOST_DATA= 2.91998E-06  FCOST0= 2.91998E-06
  
 -------------- calculate Frechet derivatives -----------
 IFREQ =           8    ITERATION =           2
||Frechet||_F=  4.1823E-13max|Frechet|=  5.1459E-18
||Frechet||_F=  4.1823E-13max|Frechet|=  5.1459E-18
||Frechet||_F=  4.1823E-13max|Frechet|=  5.1459E-18
||Frechet||_F=  4.1823E-13max|Frechet|=  5.1459E-18
||Frechet||_F=  4.1823E-13max|Frechet|=  5.1459E-18
||Frechet||_F=  4.1823E-13max|Frechet|=  5.1459E-18
Grad block   7 GRAD_SCALED MORM =   2.1726E-04
MT try: alpha=  4.3644E-02  phi=  2.9200E-06  dg= -2.3320E-06  dg0= -2.6737E-06
MT try: armijo_rhs=  2.8920E-06  armijo=F  curvature=T  task=FG
 UPDATEPARAMETER: f-scale only
UPDATEPARAMETER PAR_STEP min/max, V_STEP min/max =  7.1688336204E+01  1.6859275429E+02
  7.1688336204E+01  1.6859275429E+02
 WD_amp= 6.96913E+13  RESID_RMS= 2.40562E-03  FCOST_DATA= 2.89350E-06  FCOST0= 2.89350E-06
  
 -------------- calculate Frechet derivatives -----------
 IFREQ =           8    ITERATION =           2
||Frechet||_F=  4.1872E-13max|Frechet|=  5.1267E-18
||Frechet||_F=  4.1872E-13max|Frechet|=  5.1267E-18
||Frechet||_F=  4.1872E-13max|Frechet|=  5.1267E-18
||Frechet||_F=  4.1872E-13max|Frechet|=  5.1267E-18
||Frechet||_F=  4.1872E-13max|Frechet|=  5.1267E-18
||Frechet||_F=  4.1872E-13max|Frechet|=  5.1267E-18
Grad block   7 GRAD_SCALED MORM =   2.2325E-04
MT try: alpha=  7.2650E-03  phi=  2.8935E-06  dg= -2.6165E-06  dg0= -2.6737E-06
MT try: armijo_rhs=  2.8920E-06  armijo=F  curvature=F  task=FG
 UPDATEPARAMETER: f-scale only
UPDATEPARAMETER PAR_STEP min/max, V_STEP min/max =  7.1717845445E+01  1.6858761129E+02
  7.1717845445E+01  1.6858761129E+02
 WD_amp= 6.96913E+13  RESID_RMS= 2.40508E-03  FCOST_DATA= 2.89221E-06  FCOST0= 2.89221E-06
LS STOP (stagnation): alpha=  1.4034E-03  FCOST1=  2.8922E-06  FCOST0=  2.8920E-06
 LINESEARCH_MT(dcsrch): fallback to backtrack, task=FG stp=
  1.403380670475176E-003  hit_minstep= F
BT entry: phi(0)=  2.8920E-06  g·p(0)= -2.6737E-06
 UPDATEPARAMETER: f-scale only
UPDATEPARAMETER PAR_STEP min/max, V_STEP min/max =  5.5702089496E+01  1.7053607280E+02
  5.5702089496E+01  1.7053607280E+02
REL STEP Q      : k=  7 row=  2 rmax_k=  4.6044E-01 row_scale=  1.6859E+02
BT cap probe: rmax1=  4.6044E-01  alpha_cap=  1.0000E+00  alpha00=  1.0000E+00
 UPDATEPARAMETER: f-scale only
UPDATEPARAMETER PAR_STEP min/max, V_STEP min/max =  5.5702089496E+01  1.7053607280E+02
  5.5702089496E+01  1.7053607280E+02
 WD_amp= 6.96913E+13  RESID_RMS= 5.14474E-03  FCOST_DATA= 1.32342E-05  FCOST0= 1.32342E-05
BT: alpha=  1.0000E+00  phi=  1.3234E-05  rhs=  2.8918E-06
 UPDATEPARAMETER: f-scale only
UPDATEPARAMETER PAR_STEP min/max, V_STEP min/max =  6.8592387218E+01  1.6903234211E+02
  6.8592387218E+01  1.6903234211E+02
 WD_amp= 6.96913E+13  RESID_RMS= 3.37600E-03  FCOST_DATA= 5.69867E-06  FCOST0= 5.69867E-06
BT: alpha=  5.0000E-01  phi=  5.6987E-06  rhs=  2.8919E-06
 UPDATEPARAMETER: f-scale only
UPDATEPARAMETER PAR_STEP min/max, V_STEP min/max =  7.0285188142E+01  1.6880572919E+02
  7.0285188142E+01  1.6880572919E+02
 WD_amp= 6.96913E+13  RESID_RMS= 2.69863E-03  FCOST_DATA= 3.64131E-06  FCOST0= 3.64131E-06
BT: alpha=  2.5000E-01  phi=  3.6413E-06  rhs=  2.8920E-06
 UPDATEPARAMETER: f-scale only
UPDATEPARAMETER PAR_STEP min/max, V_STEP min/max =  7.1095624941E+01  1.6869605458E+02
  7.1095624941E+01  1.6869605458E+02
 WD_amp= 6.96913E+13  RESID_RMS= 2.48650E-03  FCOST_DATA= 3.09134E-06  FCOST0= 3.09134E-06
BT: alpha=  1.2500E-01  phi=  3.0913E-06  rhs=  2.8920E-06
 UPDATEPARAMETER: f-scale only
UPDATEPARAMETER PAR_STEP min/max, V_STEP min/max =  7.1410267702E+01  1.6864121727E+02
  7.1410267702E+01  1.6864121727E+02
 WD_amp= 6.96913E+13  RESID_RMS= 2.42737E-03  FCOST_DATA= 2.94607E-06  FCOST0= 2.94607E-06
BT: alpha=  6.2500E-02  phi=  2.9461E-06  rhs=  2.8920E-06
 UPDATEPARAMETER: f-scale only
UPDATEPARAMETER PAR_STEP min/max, V_STEP min/max =  7.1567589082E+01  1.6861379862E+02
  7.1567589082E+01  1.6861379862E+02
 WD_amp= 6.96913E+13  RESID_RMS= 2.41139E-03  FCOST_DATA= 2.90740E-06  FCOST0= 2.90740E-06
BT: alpha=  3.1250E-02  phi=  2.9074E-06  rhs=  2.8920E-06
 UPDATEPARAMETER: f-scale only
UPDATEPARAMETER PAR_STEP min/max, V_STEP min/max =  7.1646249772E+01  1.6860008930E+02
  7.1646249772E+01  1.6860008930E+02
 WD_amp= 6.96913E+13  RESID_RMS= 2.40698E-03  FCOST_DATA= 2.89677E-06  FCOST0= 2.89677E-06
BT: alpha=  1.5625E-02  phi=  2.8968E-06  rhs=  2.8920E-06
 UPDATEPARAMETER: f-scale only
UPDATEPARAMETER PAR_STEP min/max, V_STEP min/max =  7.1685580117E+01  1.6859323463E+02
  7.1685580117E+01  1.6859323463E+02
 WD_amp= 6.96913E+13  RESID_RMS= 2.40568E-03  FCOST_DATA= 2.89366E-06  FCOST0= 2.89366E-06
BT: alpha=  7.8125E-03  phi=  2.8937E-06  rhs=  2.8920E-06
 UPDATEPARAMETER: f-scale only
UPDATEPARAMETER PAR_STEP min/max, V_STEP min/max =  7.1705245290E+01  1.6858980730E+02
  7.1705245290E+01  1.6858980730E+02
 WD_amp= 6.96913E+13  RESID_RMS= 2.40527E-03  FCOST_DATA= 2.89266E-06  FCOST0= 2.89266E-06
BT: alpha=  3.9062E-03  phi=  2.8927E-06  rhs=  2.8920E-06
 UPDATEPARAMETER: f-scale only
UPDATEPARAMETER PAR_STEP min/max, V_STEP min/max =  7.1715077876E+01  1.6858809363E+02
  7.1715077876E+01  1.6858809363E+02
 WD_amp= 6.96913E+13  RESID_RMS= 2.40512E-03  FCOST_DATA= 2.89230E-06  FCOST0= 2.89230E-06
BT: alpha=  1.9531E-03  phi=  2.8923E-06  rhs=  2.8920E-06
 UPDATEPARAMETER: f-scale only
UPDATEPARAMETER PAR_STEP min/max, V_STEP min/max =  7.1719994169E+01  1.6858723680E+02
  7.1719994169E+01  1.6858723680E+02
 WD_amp= 6.96913E+13  RESID_RMS= 2.40506E-03  FCOST_DATA= 2.89215E-06  FCOST0= 2.89215E-06
BT: alpha=  9.7656E-04  phi=  2.8921E-06  rhs=  2.8920E-06
 UPDATEPARAMETER: f-scale only
UPDATEPARAMETER PAR_STEP min/max, V_STEP min/max =  7.1722452316E+01  1.6858680839E+02
  7.1722452316E+01  1.6858680839E+02
 WD_amp= 6.96913E+13  RESID_RMS= 2.40503E-03  FCOST_DATA= 2.89209E-06  FCOST0= 2.89209E-06
BT: alpha=  4.8828E-04  phi=  2.8921E-06  rhs=  2.8920E-06
 UPDATEPARAMETER: f-scale only
UPDATEPARAMETER PAR_STEP min/max, V_STEP min/max =  7.1723681389E+01  1.6858659418E+02
  7.1723681389E+01  1.6858659418E+02
 WD_amp= 6.96913E+13  RESID_RMS= 2.40502E-03  FCOST_DATA= 2.89205E-06  FCOST0= 2.89205E-06
BT: alpha=  2.4414E-04  phi=  2.8921E-06  rhs=  2.8920E-06
BT STOP (stagnation): alpha=  2.4414E-04  FCOST1=  2.8921E-06  FCOST0=  2.8920E-06
 UPDATEPARAMETER: f-scale only
UPDATEPARAMETER PAR_STEP min/max, V_STEP min/max =  7.1724860119E+01  1.6858638874E+02
  7.1724860119E+01  1.6858638874E+02
 WD_amp= 6.96913E+13  RESID_RMS= 2.40501E-03  FCOST_DATA= 2.89203E-06  FCOST0= 2.89203E-06
 Backtrack: failed after MAX_IT
 Line search failed (IFLAG=          11 ), inversion diverged.
 --------- Frequency   6.20000000000000       (band            1 )
[ComputeAcqWeight] empty acq_weight_file, using uniform weights = 1.0
Data weighting computed for frequency 4607182418800017373
XSRmin, XSRmax, ZSRmin, ZSRMax -1960.000000000000 .000000000000000 2050.000000000000 4030.000000000000
1 FKYC
1.2 FKYC
my_rank, FKYC,WLMAX, RMAX 0 .5081184639719144E-01 826.2546443294791 2786.036611389018
1.1 NK
NK in cky2= 66

  Number of wavenumber samples (NK) for FREQ =   66
Data weighting computed for frequency 4607182418800017373
Data weighting computed for frequency 4607182418800017373
Data weighting computed for frequency 4607182418800017373
  RMAX = 2786.04
Data weighting computed for frequency 4607182418800017373
Data weighting computed for frequency 4607182418800017373
--- Pre-solver preview (memory + RHS workload) ---
   GQG dims: NNX=       585  NNZ=       317  NPT=    185445
   DOF:     N=3*NPT =    556335
   Sources: NSR=       100  NSS=        20  NK=        66
   RHS total (per IK): nrhs_tot=3*NSS =        60
   Batch:    MAX_RHS_BATCH=        32  nbatches=         2
   GFMY  (GFX+GFY+GFZ):         16.414 GB
   RHS_MY(rhs+sol buffers):      0.531 GB
 
 running run_ik_loop_pardiso
before CA | VmRSS=  18.129 GB  VmHWM= 111.498 GB
after CA | VmRSS=  18.727 GB  VmHWM= 111.498 GB
after factor | VmRSS=  22.493 GB  VmHWM= 111.498 GB
f=     6.200 Hz | ky=  0.769876E-03 | IK=       1/      66 | t=   17.256700 s | CA=  2.5016 | fact= 12.8345 | GF=  1.9204 | solve=  1.7658 | scatter=  0.0518
f=     6.200 Hz | ky=  0.153975E-02 | IK=       2/      66 | t=    6.959600 s | CA=  2.5829 | fact=  2.5600 | GF=  1.8167 | solve=  1.6912 | scatter=  0.0524
f=     6.200 Hz | ky=  0.230963E-02 | IK=       3/      66 | t=    6.976700 s | CA=  2.6144 | fact=  2.5538 | GF=  1.8085 | solve=  1.6830 | scatter=  0.0524
f=     6.200 Hz | ky=  0.307951E-02 | IK=       4/      66 | t=    6.928400 s | CA=  2.5719 | fact=  2.5388 | GF=  1.8177 | solve=  1.6934 | scatter=  0.0513
f=     6.200 Hz | ky=  0.384938E-02 | IK=       5/      66 | t=    6.938900 s | CA=  2.5763 | fact=  2.5413 | GF=  1.8212 | solve=  1.6973 | scatter=  0.0506
f=     6.200 Hz | ky=  0.461926E-02 | IK=       6/      66 | t=    6.955000 s | CA=  2.5702 | fact=  2.5675 | GF=  1.8173 | solve=  1.6882 | scatter=  0.0559
f=     6.200 Hz | ky=  0.538914E-02 | IK=       7/      66 | t=    6.935600 s | CA=  2.5654 | fact=  2.5472 | GF=  1.8230 | solve=  1.6977 | scatter=  0.0521
f=     6.200 Hz | ky=  0.615901E-02 | IK=       8/      66 | t=    6.955200 s | CA=  2.5731 | fact=  2.5604 | GF=  1.8216 | solve=  1.6948 | scatter=  0.0533
f=     6.200 Hz | ky=  0.692889E-02 | IK=       9/      66 | t=    6.987500 s | CA=  2.5994 | fact=  2.5735 | GF=  1.8145 | solve=  1.6902 | scatter=  0.0509
f=     6.200 Hz | ky=  0.769876E-02 | IK=      10/      66 | t=    6.962400 s | CA=  2.5790 | fact=  2.5684 | GF=  1.8150 | solve=  1.6908 | scatter=  0.0510
f=     6.200 Hz | ky=  0.846864E-02 | IK=      11/      66 | t=    6.977600 s | CA=  2.5876 | fact=  2.5744 | GF=  1.8156 | solve=  1.6923 | scatter=  0.0501
PARDISO mem (f=  6.20 Hz): sym=  1.95 GB  perm=  1.42 GB  num=  3.22 GB  
peak=  4.64 GB
t_global   =    124.048 s
TIME for 1st forward modeling =  2.067393366495768  min
TIME for GT0 =  .6129999955495198E-02  min
Data scaler W for L2 norm: 74609991057523.44
Data scaler W for WQS norm: .1007948000807317E-312
Total number of active inversion parameters for current sequential stage (IM):          1
Total model blocks points (NM = IM * NBLOCK):      11534 on grid (NMM = IM * NPT):    185445
 Gradient balance ():   1.00000000000000        1.00000000000000     
   1.00000000000000        1.00000000000000        1.00000000000000     
   1.00000000000000        1.00000000000000        1.00000000000000     
   1.00000000000000        1.00000000000000        1.00000000000000     
 IE0, IZ          30           0
 IE0, IZ, GZ1, GZ2 =           30           0   100.000000000000     
   300.000000000000     
  
 Frequency:           9 Iteration:           1
--- Pre-solver preview (memory + RHS workload) ---
   GQG dims: NNX=       585  NNZ=       317  NPT=    185445
   DOF:     N=3*NPT =    556335
   Sources: NSR=       100  NSS=       100  NK=        66
   RHS total (per IK): nrhs_tot=3*NSS =       300
   Batch:    MAX_RHS_BATCH=        32  nbatches=        10
   GFMY  (GFX+GFY+GFZ):         82.071 GB
   RHS_MY(rhs+sol buffers):      0.531 GB
 
 running run_ik_loop_pardiso
before CA | VmRSS=  84.599 GB  VmHWM= 111.498 GB
after CA | VmRSS=  85.193 GB  VmHWM= 111.498 GB
after factor | VmRSS=  88.957 GB  VmHWM= 111.498 GB
f=     6.200 Hz | ky=  0.769876E-03 | IK=       1/      66 | t=   24.351400 s | CA=  2.4979 | fact= 12.8505 | GF=  9.0027 | solve=  8.3350 | scatter=  0.2564
f=     6.200 Hz | ky=  0.153975E-02 | IK=       2/      66 | t=   14.036000 s | CA=  2.6241 | fact=  2.5640 | GF=  8.8479 | solve=  8.2069 | scatter=  0.2607
f=     6.200 Hz | ky=  0.230963E-02 | IK=       3/      66 | t=   14.023600 s | CA=  2.6161 | fact=  2.5559 | GF=  8.8516 | solve=  8.2147 | scatter=  0.2566
f=     6.200 Hz | ky=  0.307951E-02 | IK=       4/      66 | t=   13.995900 s | CA=  2.5740 | fact=  2.5760 | GF=  8.8459 | solve=  8.2042 | scatter=  0.2619
f=     6.200 Hz | ky=  0.384938E-02 | IK=       5/      66 | t=   14.004600 s | CA=  2.5817 | fact=  2.5729 | GF=  8.8500 | solve=  8.2125 | scatter=  0.2566
f=     6.200 Hz | ky=  0.461926E-02 | IK=       6/      66 | t=   14.064600 s | CA=  2.6323 | fact=  2.5773 | GF=  8.8550 | solve=  8.2149 | scatter=  0.2589
f=     6.200 Hz | ky=  0.538914E-02 | IK=       7/      66 | t=   14.003900 s | CA=  2.5816 | fact=  2.5570 | GF=  8.8652 | solve=  8.2295 | scatter=  0.2548
f=     6.200 Hz | ky=  0.615901E-02 | IK=       8/      66 | t=   14.028800 s | CA=  2.5627 | fact=  2.5915 | GF=  8.8746 | solve=  8.2305 | scatter=  0.2634
f=     6.200 Hz | ky=  0.692889E-02 | IK=       9/      66 | t=   14.005700 s | CA=  2.5857 | fact=  2.5594 | GF=  8.8605 | solve=  8.2198 | scatter=  0.2597
f=     6.200 Hz | ky=  0.769876E-02 | IK=      10/      66 | t=   14.015700 s | CA=  2.6074 | fact=  2.5347 | GF=  8.8736 | solve=  8.2310 | scatter=  0.2614
f=     6.200 Hz | ky=  0.846864E-02 | IK=      11/      66 | t=   14.033500 s | CA=  2.5711 | fact=  2.5822 | GF=  8.8801 | solve=  8.2405 | scatter=  0.2582
PARDISO mem (f=  6.20 Hz): sym=  1.95 GB  perm=  1.42 GB  num=  3.22 GB  
peak=  4.64 GB
t_global   =    349.469 s
TIME for 2d forward modeling_i calc =  5.823391723632812 min
Rank    4 -> ID range:   3201 to   4000 | Tasks:    800
Rank    5 -> ID range:   4001 to   4800 | Tasks:    800
Rank    2 -> ID range:   1601 to   2400 | Tasks:    800
Rank    3 -> ID range:   2401 to   3200 | Tasks:    800
Rank    1 -> ID range:    801 to   1600 | Tasks:    800
  
 -------------- calculate Frechet derivatives -----------
 IFREQ =           9    ITERATION =           1
Frechet memory size Frec_my:      0.825 (Gb)
Rank    0 -> ID range:      1 to    800 | Tasks:    800
FREQ:      6.2 Hz, ITER=       1  Frechet Derivative ID=     100/    4800 Finished   0.246700 s
FREQ:      6.2 Hz, ITER=       1  Frechet Derivative ID=     200/    4800 Finished   0.250100 s
FREQ:      6.2 Hz, ITER=       1  Frechet Derivative ID=     300/    4800 Finished   0.249900 s
FREQ:      6.2 Hz, ITER=       1  Frechet Derivative ID=     400/    4800 Finished   0.273900 s
FREQ:      6.2 Hz, ITER=       1  Frechet Derivative ID=     500/    4800 Finished   0.249800 s
FREQ:      6.2 Hz, ITER=       1  Frechet Derivative ID=     600/    4800 Finished   0.249900 s
FREQ:      6.2 Hz, ITER=       1  Frechet Derivative ID=     700/    4800 Finished   0.251500 s
FREQ:      6.2 Hz, ITER=       1  Frechet Derivative ID=     800/    4800 Finished   0.251700 s
||Frechet||_F=  4.2774E-13max|Frechet|=  6.4146E-18
||Frechet||_F=  4.2774E-13max|Frechet|=  6.4146E-18
||Frechet||_F=  4.2774E-13max|Frechet|=  6.4146E-18
 
TIME for Frechet calc =  3.528113301595052 min
 
||Frechet||_F=  4.2774E-13max|Frechet|=  6.4146E-18
m_fine: min=  7.1725E+01  max=  1.6859E+02  mean=  1.3484E+02  ||.||2=  6.0124E+04  size=  185445
m_coarse_prev: min=  7.2175E+01  max=  1.6834E+02  mean=  1.3488E+02  ||.||2=  1.4997E+04  size=   11534
 
  compute the residual and the cost function
 WD_amp= 7.46100E+13  RESID_RMS= 2.66170E-03  FCOST_DATA= 3.54232E-06  FCOST0= 3.54232E-06
||Frechet||_F=  4.2774E-13max|Frechet|=  6.4146E-18
||Frechet||_F=  4.2774E-13max|Frechet|=  6.4146E-18
IA=  7  H(single F0) min= 0.00000E+00  max= 2.56362E-02
IA=  7  H(F0^2)     min= 0.00000E+00  max= 2.56362E-02
HESSD: ia=   7  min= 0.00000E+00  max= 5.57225E+03
IA=  7  H(single F0) min= 0.00000E+00  max= 2.56362E-02
IA=  7  H(F0^2)     min= 0.00000E+00  max= 2.56362E-02
HESSD: ia=   7  min= 0.00000E+00  max= 5.57225E+03
IA=  7  H(single F0) min= 0.00000E+00  max= 2.56362E-02
IA=  7  H(F0^2)     min= 0.00000E+00  max= 2.56362E-02
HESSD: ia=   7  min= 0.00000E+00  max= 5.57225E+03
IA=  7  H(single F0) min= 0.00000E+00  max= 2.56362E-02
IA=  7  H(F0^2)     min= 0.00000E+00  max= 2.56362E-02
HESSD: ia=   7  min= 0.00000E+00  max= 5.57225E+03
IA=  7  H(single F0) min= 0.00000E+00  max= 2.56362E-02
IA=  7  H(F0^2)     min= 0.00000E+00  max= 2.56362E-02
HESSD: ia=   7  min= 0.00000E+00  max= 5.57225E+03
IA=  7  H(single F0) min= 0.00000E+00  max= 2.56362E-02
IA=  7  H(F0^2)     min= 0.00000E+00  max= 2.56362E-02
HESSD: ia=   7  min= 0.00000E+00  max= 5.57225E+03
Grad block   7 GRAD_SCALED MORM =   2.9708E-04
Raw grad block  7  PAR={Q11}  min= -5.2675E-09  max=  4.1919E-09  L2=  4.9682E-08
Gradient finished
Start LBFGS 
LBFGS steepest step , iter=      1
  g·p = -1.4139E-05  ||p|| =  9.2853E-02
  min(p)= -4.0894E-03  max(p)=  5.1188E-03
LBFGS p_k (unscaled) stats per active parameter:
  IA=  7  PAR={Q11}  min=-2.52792E+01  max= 3.16423E+01  L2= 5.73982E+02
min(p_k)= -4.0894E-03  max(p_k)=  5.1188E-03  ||p_k||=  9.2853E-02
min(p_kf)= -4.0894E-03  max(p_kf)=  5.1188E-03  ||p_kf||=  3.7141E-01
p_k/p_kf  =   2.5000E-01
Start linesearch
BT entry: phi(0)=  3.5423E-06  g·p(0)= -1.4139E-05
 UPDATEPARAMETER: f-scale only
UPDATEPARAMETER PAR_STEP min/max, V_STEP min/max =  5.5706273434E+01  1.6894733421E+02
  5.5706273434E+01  1.6894733421E+02
REL STEP Q      : k=  7 row=  2 rmax_k=  4.1315E-01 row_scale=  1.6859E+02
BT cap probe: rmax1=  4.1315E-01  alpha_cap=  1.0000E+00  alpha00=  1.0000E+00
 UPDATEPARAMETER: f-scale only
UPDATEPARAMETER PAR_STEP min/max, V_STEP min/max =  5.5706273434E+01  1.6894733421E+02
  5.5706273434E+01  1.6894733421E+02
 running run_ik_loop_pardiso
before CA | VmRSS=  18.893 GB  VmHWM= 111.498 GB
after CA | VmRSS=  20.194 GB  VmHWM= 111.498 GB
after factor | VmRSS=  23.988 GB  VmHWM= 111.498 GB
f=     6.200 Hz | ky=  0.769876E-03 | IK=       1/      66 | t=   17.321900 s | CA=  2.5519 | fact= 12.8459 | GF=  1.9239 | solve=  1.7677 | scatter=  0.0535
f=     6.200 Hz | ky=  0.153975E-02 | IK=       2/      66 | t=    6.990900 s | CA=  2.6132 | fact=  2.5505 | GF=  1.8271 | solve=  1.6991 | scatter=  0.0549
f=     6.200 Hz | ky=  0.230963E-02 | IK=       3/      66 | t=    7.007500 s | CA=  2.6198 | fact=  2.5660 | GF=  1.8217 | solve=  1.6951 | scatter=  0.0534
f=     6.200 Hz | ky=  0.307951E-02 | IK=       4/      66 | t=    6.984000 s | CA=  2.5803 | fact=  2.5837 | GF=  1.8200 | solve=  1.6919 | scatter=  0.0549
f=     6.200 Hz | ky=  0.384938E-02 | IK=       5/      66 | t=    7.028300 s | CA=  2.6270 | fact=  2.5825 | GF=  1.8188 | solve=  1.6919 | scatter=  0.0538
f=     6.200 Hz | ky=  0.461926E-02 | IK=       6/      66 | t=    7.001300 s | CA=  2.5989 | fact=  2.5805 | GF=  1.8219 | solve=  1.6970 | scatter=  0.0515
f=     6.200 Hz | ky=  0.538914E-02 | IK=       7/      66 | t=    7.013400 s | CA=  2.6239 | fact=  2.5657 | GF=  1.8237 | solve=  1.6986 | scatter=  0.0517
f=     6.200 Hz | ky=  0.615901E-02 | IK=       8/      66 | t=    6.988100 s | CA=  2.5999 | fact=  2.5634 | GF=  1.8248 | solve=  1.6984 | scatter=  0.0532
f=     6.200 Hz | ky=  0.692889E-02 | IK=       9/      66 | t=    6.952300 s | CA=  2.5777 | fact=  2.5583 | GF=  1.8163 | solve=  1.6925 | scatter=  0.0504
f=     6.200 Hz | ky=  0.769876E-02 | IK=      10/      66 | t=    6.990000 s | CA=  2.5676 | fact=  2.6001 | GF=  1.8222 | solve=  1.6964 | scatter=  0.0526
f=     6.200 Hz | ky=  0.846864E-02 | IK=      11/      66 | t=    6.969400 s | CA=  2.5950 | fact=  2.5516 | GF=  1.8228 | solve=  1.6980 | scatter=  0.0516
PARDISO mem (f=  6.20 Hz): sym=  1.95 GB  perm=  1.42 GB  num=  3.22 GB  
peak=  4.64 GB
 WD_amp= 7.46100E+13  RESID_RMS= 1.63232E-02  FCOST_DATA= 1.33223E-04  FCOST0= 1.33223E-04
BT: alpha=  1.0000E+00  phi=  1.3322E-04  rhs=  3.5409E-06
 UPDATEPARAMETER: f-scale only
UPDATEPARAMETER PAR_STEP min/max, V_STEP min/max =  6.7552188776E+01  1.6875778119E+02
  6.7552188776E+01  1.6875778119E+02
 running run_ik_loop_pardiso
before CA | VmRSS=  18.920 GB  VmHWM= 111.498 GB
after CA | VmRSS=  19.640 GB  VmHWM= 111.498 GB
after factor | VmRSS=  23.435 GB  VmHWM= 111.498 GB
f=     6.200 Hz | ky=  0.769876E-03 | IK=       1/      66 | t=   17.277000 s | CA=  2.4998 | fact= 12.8534 | GF=  1.9235 | solve=  1.7692 | scatter=  0.0516
f=     6.200 Hz | ky=  0.153975E-02 | IK=       2/      66 | t=    7.062900 s | CA=  2.6784 | fact=  2.5678 | GF=  1.8167 | solve=  1.6915 | scatter=  0.0520
f=     6.200 Hz | ky=  0.230963E-02 | IK=       3/      66 | t=    6.975200 s | CA=  2.5913 | fact=  2.5642 | GF=  1.8196 | solve=  1.6937 | scatter=  0.0529
f=     6.200 Hz | ky=  0.307951E-02 | IK=       4/      66 | t=    6.950900 s | CA=  2.5750 | fact=  2.5595 | GF=  1.8163 | solve=  1.6906 | scatter=  0.0527
f=     6.200 Hz | ky=  0.384938E-02 | IK=       5/      66 | t=    6.935700 s | CA=  2.5591 | fact=  2.5567 | GF=  1.8199 | solve=  1.6940 | scatter=  0.0524
f=     6.200 Hz | ky=  0.461926E-02 | IK=       6/      66 | t=    7.040700 s | CA=  2.6463 | fact=  2.5686 | GF=  1.8258 | solve=  1.6996 | scatter=  0.0531
f=     6.200 Hz | ky=  0.538914E-02 | IK=       7/      66 | t=    6.941600 s | CA=  2.5456 | fact=  2.5732 | GF=  1.8228 | solve=  1.6973 | scatter=  0.0520
f=     6.200 Hz | ky=  0.615901E-02 | IK=       8/      66 | t=    6.983800 s | CA=  2.6073 | fact=  2.5621 | GF=  1.8144 | solve=  1.6887 | scatter=  0.0523
f=     6.200 Hz | ky=  0.692889E-02 | IK=       9/      66 | t=    6.933600 s | CA=  2.5701 | fact=  2.5432 | GF=  1.8203 | solve=  1.6934 | scatter=  0.0532
f=     6.200 Hz | ky=  0.769876E-02 | IK=      10/      66 | t=    6.978900 s | CA=  2.5695 | fact=  2.5842 | GF=  1.8252 | solve=  1.7001 | scatter=  0.0519
f=     6.200 Hz | ky=  0.846864E-02 | IK=      11/      66 | t=    6.973500 s | CA=  2.5758 | fact=  2.5820 | GF=  1.8156 | solve=  1.6900 | scatter=  0.0525
PARDISO mem (f=  6.20 Hz): sym=  1.95 GB  perm=  1.42 GB  num=  3.22 GB  
peak=  4.64 GB
 WD_amp= 7.46100E+13  RESID_RMS= 8.64964E-03  FCOST_DATA= 3.74082E-05  FCOST0= 3.74082E-05
BT: alpha=  5.0000E-01  phi=  3.7408E-05  rhs=  3.5416E-06
 UPDATEPARAMETER: f-scale only
UPDATEPARAMETER PAR_STEP min/max, V_STEP min/max =  7.2283961816E+01  1.6866830780E+02
  7.2283961816E+01  1.6866830780E+02
 running run_ik_loop_pardiso
before CA | VmRSS=  19.575 GB  VmHWM= 111.498 GB
after CA | VmRSS=  20.273 GB  VmHWM= 111.498 GB
after factor | VmRSS=  24.037 GB  VmHWM= 111.498 GB
f=     6.200 Hz | ky=  0.769876E-03 | IK=       1/      66 | t=   17.287200 s | CA=  2.5171 | fact= 12.8478 | GF=  1.9221 | solve=  1.7665 | scatter=  0.0528
f=     6.200 Hz | ky=  0.153975E-02 | IK=       2/      66 | t=    6.939400 s | CA=  2.5460 | fact=  2.5744 | GF=  1.8189 | solve=  1.6930 | scatter=  0.0528
f=     6.200 Hz | ky=  0.230963E-02 | IK=       3/      66 | t=    7.028800 s | CA=  2.6213 | fact=  2.5874 | GF=  1.8201 | solve=  1.6939 | scatter=  0.0531
f=     6.200 Hz | ky=  0.307951E-02 | IK=       4/      66 | t=    6.980100 s | CA=  2.5803 | fact=  2.5831 | GF=  1.8165 | solve=  1.6922 | scatter=  0.0513
f=     6.200 Hz | ky=  0.384938E-02 | IK=       5/      66 | t=    6.974000 s | CA=  2.5833 | fact=  2.5745 | GF=  1.8162 | solve=  1.6906 | scatter=  0.0525
f=     6.200 Hz | ky=  0.461926E-02 | IK=       6/      66 | t=    7.002100 s | CA=  2.6092 | fact=  2.5689 | GF=  1.8239 | solve=  1.6980 | scatter=  0.0528
f=     6.200 Hz | ky=  0.538914E-02 | IK=       7/      66 | t=    6.958100 s | CA=  2.6027 | fact=  2.5343 | GF=  1.8210 | solve=  1.6961 | scatter=  0.0517
f=     6.200 Hz | ky=  0.615901E-02 | IK=       8/      66 | t=    6.967900 s | CA=  2.6002 | fact=  2.5531 | GF=  1.8145 | solve=  1.6904 | scatter=  0.0507
f=     6.200 Hz | ky=  0.692889E-02 | IK=       9/      66 | t=    7.030200 s | CA=  2.6520 | fact=  2.5644 | GF=  1.8138 | solve=  1.6892 | scatter=  0.0514
f=     6.200 Hz | ky=  0.769876E-02 | IK=      10/      66 | t=    6.999100 s | CA=  2.5985 | fact=  2.5797 | GF=  1.8209 | solve=  1.6948 | scatter=  0.0529
f=     6.200 Hz | ky=  0.846864E-02 | IK=      11/      66 | t=    6.963300 s | CA=  2.5733 | fact=  2.5722 | GF=  1.8178 | solve=  1.6929 | scatter=  0.0517
PARDISO mem (f=  6.20 Hz): sym=  1.95 GB  perm=  1.42 GB  num=  3.22 GB  
peak=  4.64 GB
 WD_amp= 7.46100E+13  RESID_RMS= 4.76042E-03  FCOST_DATA= 1.13308E-05  FCOST0= 1.13308E-05
BT: alpha=  2.5000E-01  phi=  1.1331E-05  rhs=  3.5420E-06
 UPDATEPARAMETER: f-scale only
UPDATEPARAMETER PAR_STEP min/max, V_STEP min/max =  7.2887693236E+01  1.6862628661E+02
  7.2887693236E+01  1.6862628661E+02
 running run_ik_loop_pardiso
before CA | VmRSS=  18.928 GB  VmHWM= 111.498 GB
after CA | VmRSS=  20.222 GB  VmHWM= 111.498 GB
after factor | VmRSS=  23.985 GB  VmHWM= 111.498 GB
f=     6.200 Hz | ky=  0.769876E-03 | IK=       1/      66 | t=   17.250600 s | CA=  2.4836 | fact= 12.8425 | GF=  1.9243 | solve=  1.7679 | scatter=  0.0535
f=     6.200 Hz | ky=  0.153975E-02 | IK=       2/      66 | t=    6.983600 s | CA=  2.5975 | fact=  2.5658 | GF=  1.8203 | solve=  1.6939 | scatter=  0.0533
f=     6.200 Hz | ky=  0.230963E-02 | IK=       3/      66 | t=    6.948400 s | CA=  2.5580 | fact=  2.5713 | GF=  1.8191 | solve=  1.6926 | scatter=  0.0532
f=     6.200 Hz | ky=  0.307951E-02 | IK=       4/      66 | t=    6.998400 s | CA=  2.6002 | fact=  2.5754 | GF=  1.8227 | solve=  1.6954 | scatter=  0.0541
f=     6.200 Hz | ky=  0.384938E-02 | IK=       5/      66 | t=    6.952500 s | CA=  2.5583 | fact=  2.5779 | GF=  1.8163 | solve=  1.6920 | scatter=  0.0513
f=     6.200 Hz | ky=  0.461926E-02 | IK=       6/      66 | t=    6.993100 s | CA=  2.6101 | fact=  2.5691 | GF=  1.8139 | solve=  1.6890 | scatter=  0.0518
f=     6.200 Hz | ky=  0.538914E-02 | IK=       7/      66 | t=    6.963000 s | CA=  2.5765 | fact=  2.5651 | GF=  1.8213 | solve=  1.6970 | scatter=  0.0510
f=     6.200 Hz | ky=  0.615901E-02 | IK=       8/      66 | t=    6.980900 s | CA=  2.5867 | fact=  2.5710 | GF=  1.8231 | solve=  1.6995 | scatter=  0.0505
f=     6.200 Hz | ky=  0.692889E-02 | IK=       9/      66 | t=    6.993200 s | CA=  2.5759 | fact=  2.5956 | GF=  1.8217 | solve=  1.6983 | scatter=  0.0503
f=     6.200 Hz | ky=  0.769876E-02 | IK=      10/      66 | t=    7.001300 s | CA=  2.6046 | fact=  2.5767 | GF=  1.8200 | solve=  1.6939 | scatter=  0.0529
f=     6.200 Hz | ky=  0.846864E-02 | IK=      11/      66 | t=    7.011000 s | CA=  2.6129 | fact=  2.5777 | GF=  1.8204 | solve=  1.6960 | scatter=  0.0512
PARDISO mem (f=  6.20 Hz): sym=  1.95 GB  perm=  1.42 GB  num=  3.22 GB  
peak=  4.64 GB
 WD_amp= 7.46100E+13  RESID_RMS= 3.12356E-03  FCOST_DATA= 4.87831E-06  FCOST0= 4.87831E-06
BT: alpha=  1.2500E-01  phi=  4.8783E-06  rhs=  3.5421E-06
 UPDATEPARAMETER: f-scale only
UPDATEPARAMETER PAR_STEP min/max, V_STEP min/max =  7.2306301849E+01  1.6860633329E+02
  7.2306301849E+01  1.6860633329E+02
 running run_ik_loop_pardiso
before CA | VmRSS=  18.944 GB  VmHWM= 111.498 GB
after CA | VmRSS=  20.238 GB  VmHWM= 111.498 GB
after factor | VmRSS=  24.016 GB  VmHWM= 111.498 GB
f=     6.200 Hz | ky=  0.769876E-03 | IK=       1/      66 | t=   17.353800 s | CA=  2.5899 | fact= 12.8447 | GF=  1.9190 | solve=  1.7646 | scatter=  0.0517
f=     6.200 Hz | ky=  0.153975E-02 | IK=       2/      66 | t=    7.001700 s | CA=  2.6082 | fact=  2.5724 | GF=  1.8210 | solve=  1.6957 | scatter=  0.0523
f=     6.200 Hz | ky=  0.230963E-02 | IK=       3/      66 | t=    6.998600 s | CA=  2.5945 | fact=  2.5806 | GF=  1.8234 | solve=  1.6984 | scatter=  0.0520
f=     6.200 Hz | ky=  0.307951E-02 | IK=       4/      66 | t=    6.978600 s | CA=  2.5987 | fact=  2.5610 | GF=  1.8189 | solve=  1.6934 | scatter=  0.0523
f=     6.200 Hz | ky=  0.384938E-02 | IK=       5/      66 | t=    6.949600 s | CA=  2.5530 | fact=  2.5735 | GF=  1.8230 | solve=  1.6970 | scatter=  0.0530
f=     6.200 Hz | ky=  0.461926E-02 | IK=       6/      66 | t=    6.977500 s | CA=  2.5705 | fact=  2.5828 | GF=  1.8241 | solve=  1.6990 | scatter=  0.0520
f=     6.200 Hz | ky=  0.538914E-02 | IK=       7/      66 | t=    6.957100 s | CA=  2.5539 | fact=  2.5831 | GF=  1.8201 | solve=  1.6963 | scatter=  0.0507
f=     6.200 Hz | ky=  0.615901E-02 | IK=       8/      66 | t=    6.978100 s | CA=  2.5874 | fact=  2.5668 | GF=  1.8239 | solve=  1.6963 | scatter=  0.0546
f=     6.200 Hz | ky=  0.692889E-02 | IK=       9/      66 | t=    6.998400 s | CA=  2.6010 | fact=  2.5740 | GF=  1.8233 | solve=  1.6972 | scatter=  0.0529
f=     6.200 Hz | ky=  0.769876E-02 | IK=      10/      66 | t=    6.924800 s | CA=  2.5615 | fact=  2.5446 | GF=  1.8187 | solve=  1.6947 | scatter=  0.0507
f=     6.200 Hz | ky=  0.846864E-02 | IK=      11/      66 | t=    6.940700 s | CA=  2.5703 | fact=  2.5461 | GF=  1.8243 | solve=  1.6977 | scatter=  0.0534
PARDISO mem (f=  6.20 Hz): sym=  1.95 GB  perm=  1.42 GB  num=  3.22 GB  
peak=  4.64 GB
 WD_amp= 7.46100E+13  RESID_RMS= 2.65685E-03  FCOST_DATA= 3.52943E-06  FCOST0= 3.52943E-06
  
  
BT: alpha=  6.2500E-02  phi=  3.5294E-06  rhs=  3.5422E-06
  
  
Convergence reached, updating parameter grid
ALPHA from line search =  .6250000000000000E-01
 FCOST0 after linesearch  3.529429594843473E-006
Norm of s (s_norm) =  .5803291923817674E-02
  
  
Time for LBFGS =  10.26286315917969 min
  
 Frequency:           9 Iteration:           2
t_global   =    349.955 s
  
 -------------- calculate Frechet derivatives -----------
 IFREQ =           9    ITERATION =           2
||Frechet||_F=  4.2509E-13max|Frechet|=  6.3825E-18
||Frechet||_F=  4.2509E-13max|Frechet|=  6.3825E-18
 
TIME for Frechet calc =  3.533435058593750 min
 
 
  compute the residual and the cost function
 WD_amp= 7.46100E+13  RESID_RMS= 2.65685E-03  FCOST_DATA= 3.52943E-06  FCOST0= 3.52943E-06
||Frechet||_F=  4.2509E-13max|Frechet|=  6.3825E-18
||Frechet||_F=  4.2509E-13max|Frechet|=  6.3825E-18
||Frechet||_F=  4.2509E-13max|Frechet|=  6.3825E-18
||Frechet||_F=  4.2509E-13max|Frechet|=  6.3825E-18
Grad block   7 GRAD_SCALED MORM =   1.4944E-04
Raw grad block  7  PAR={Q11}  min= -2.7644E-09  max=  4.4386E-09  L2=  2.6544E-08
Gradient finished
Start LBFGS 
curvature (warm): s·y=  7.7570E-07  ||s||^2=  3.3678E-05  ||y||^2=  3.4745E-08  sTy_min=  1.0817E-07
LBFGS step: g·p = -1.6220E-06  ||p||=  5.7809E-02
LBFGS step: min(p)= -4.2137E-03  max(p)=  4.6437E-03
LBFGS p_k (unscaled) stats per active parameter:
  IA=  7  PAR={Q11}  min=-2.60475E+01  max= 2.87055E+01  L2= 3.57356E+02
min(p_k)= -4.2137E-03  max(p_k)=  4.6437E-03  ||p_k||=  5.7809E-02
min(p_kf)= -4.2137E-03  max(p_kf)=  4.6437E-03  ||p_kf||=  2.3124E-01
p_k/p_kf  =   2.5000E-01
Start linesearch
MT entry: phi(0)=  3.5294E-06  dg0= -1.6220E-06  alpha0=  1.0000E+00
 UPDATEPARAMETER: f-scale only
UPDATEPARAMETER PAR_STEP min/max, V_STEP min/max =  5.9987364951E+01  1.6909595472E+02
  5.9987364951E+01  1.6909595472E+02
 WD_amp= 7.46100E+13  RESID_RMS= 4.99908E-03  FCOST_DATA= 1.24954E-05  FCOST0= 1.24954E-05
  
 -------------- calculate Frechet derivatives -----------
 IFREQ =           9    ITERATION =           2
||Frechet||_F=  4.2482E-13max|Frechet|=  6.2266E-18
||Frechet||_F=  4.2482E-13max|Frechet|=  6.2266E-18
||Frechet||_F=  4.2482E-13max|Frechet|=  6.2266E-18
||Frechet||_F=  4.2482E-13max|Frechet|=  6.2266E-18
||Frechet||_F=  4.2482E-13max|Frechet|=  6.2266E-18
||Frechet||_F=  4.2482E-13max|Frechet|=  6.2266E-18
Grad block   7 GRAD_SCALED MORM =   7.1434E-04
MT try: alpha=  1.0000E+00  phi=  1.2495E-05  dg=  5.3905E-06  dg0= -1.6220E-06
MT try: armijo_rhs=  3.5293E-06  armijo=F  curvature=F  task=FG
 UPDATEPARAMETER: f-scale only
UPDATEPARAMETER PAR_STEP min/max, V_STEP min/max =  7.2237308673E+01  1.6862281666E+02
  7.2237308673E+01  1.6862281666E+02
 WD_amp= 7.46100E+13  RESID_RMS= 2.66259E-03  FCOST_DATA= 3.54470E-06  FCOST0= 3.54470E-06
  
 -------------- calculate Frechet derivatives -----------
 IFREQ =           9    ITERATION =           2
||Frechet||_F=  4.2498E-13max|Frechet|=  6.3771E-18
||Frechet||_F=  4.2498E-13max|Frechet|=  6.3771E-18
||Frechet||_F=  4.2498E-13max|Frechet|=  6.3771E-18
||Frechet||_F=  4.2498E-13max|Frechet|=  6.3771E-18
||Frechet||_F=  4.2498E-13max|Frechet|=  6.3771E-18
||Frechet||_F=  4.2498E-13max|Frechet|=  6.3771E-18
Grad block   7 GRAD_SCALED MORM =   1.4217E-04
MT try: alpha=  3.3743E-02  phi=  3.5447E-06  dg= -1.3856E-06  dg0= -1.6220E-06
MT try: armijo_rhs=  3.5294E-06  armijo=F  curvature=T  task=FG
 UPDATEPARAMETER: f-scale only
UPDATEPARAMETER PAR_STEP min/max, V_STEP min/max =  7.2295206701E+01  1.6860898407E+02
  7.2295206701E+01  1.6860898407E+02
 WD_amp= 7.46100E+13  RESID_RMS= 2.65727E-03  FCOST_DATA= 3.53055E-06  FCOST0= 3.53055E-06
  
 -------------- calculate Frechet derivatives -----------
 IFREQ =           9    ITERATION =           2
||Frechet||_F=  4.2507E-13max|Frechet|=  6.3816E-18
||Frechet||_F=  4.2507E-13max|Frechet|=  6.3816E-18
||Frechet||_F=  4.2507E-13max|Frechet|=  6.3816E-18
||Frechet||_F=  4.2507E-13max|Frechet|=  6.3816E-18
||Frechet||_F=  4.2507E-13max|Frechet|=  6.3816E-18
||Frechet||_F=  4.2507E-13max|Frechet|=  6.3816E-18
Grad block   7 GRAD_SCALED MORM =   1.4797E-04
MT try: alpha=  5.4264E-03  phi=  3.5305E-06  dg= -1.5840E-06  dg0= -1.6220E-06
MT try: armijo_rhs=  3.5294E-06  armijo=F  curvature=F  task=FG
 UPDATEPARAMETER: f-scale only
UPDATEPARAMETER PAR_STEP min/max, V_STEP min/max =  7.2304284194E+01  1.6860681533E+02
  7.2304284194E+01  1.6860681533E+02
 WD_amp= 7.46100E+13  RESID_RMS= 2.65691E-03  FCOST_DATA= 3.52959E-06  FCOST0= 3.52959E-06
LS STOP (stagnation): alpha=  9.8680E-04  FCOST1=  3.5296E-06  FCOST0=  3.5294E-06
 LINESEARCH_MT(dcsrch): fallback to backtrack, task=FG stp=
  9.867970594366839E-004  hit_minstep= F
BT entry: phi(0)=  3.5294E-06  g·p(0)= -1.6220E-06
 UPDATEPARAMETER: f-scale only
UPDATEPARAMETER PAR_STEP min/max, V_STEP min/max =  5.9987364951E+01  1.6909595472E+02
  5.9987364951E+01  1.6909595472E+02
REL STEP Q      : k=  7 row=  2 rmax_k=  3.0276E-01 row_scale=  1.6861E+02
BT cap probe: rmax1=  3.0276E-01  alpha_cap=  1.0000E+00  alpha00=  1.0000E+00
 UPDATEPARAMETER: f-scale only
UPDATEPARAMETER PAR_STEP min/max, V_STEP min/max =  5.9987364951E+01  1.6909595472E+02
  5.9987364951E+01  1.6909595472E+02
 WD_amp= 7.46100E+13  RESID_RMS= 4.99908E-03  FCOST_DATA= 1.24954E-05  FCOST0= 1.24954E-05
BT: alpha=  1.0000E+00  phi=  1.2495E-05  rhs=  3.5293E-06
 UPDATEPARAMETER: f-scale only
UPDATEPARAMETER PAR_STEP min/max, V_STEP min/max =  7.0937418960E+01  1.6885058006E+02
  7.0937418960E+01  1.6885058006E+02
 WD_amp= 7.46100E+13  RESID_RMS= 3.40033E-03  FCOST_DATA= 5.78111E-06  FCOST0= 5.78111E-06
BT: alpha=  5.0000E-01  phi=  5.7811E-06  rhs=  3.5293E-06
 UPDATEPARAMETER: f-scale only
UPDATEPARAMETER PAR_STEP min/max, V_STEP min/max =  7.1795139239E+01  1.6872845668E+02
  7.1795139239E+01  1.6872845668E+02
 WD_amp= 7.46100E+13  RESID_RMS= 2.86762E-03  FCOST_DATA= 4.11162E-06  FCOST0= 4.11162E-06
BT: alpha=  2.5000E-01  phi=  4.1116E-06  rhs=  3.5294E-06
 UPDATEPARAMETER: f-scale only
UPDATEPARAMETER PAR_STEP min/max, V_STEP min/max =  7.2050720544E+01  1.6866739498E+02
  7.2050720544E+01  1.6866739498E+02
 WD_amp= 7.46100E+13  RESID_RMS= 2.71478E-03  FCOST_DATA= 3.68502E-06  FCOST0= 3.68502E-06
BT: alpha=  1.2500E-01  phi=  3.6850E-06  rhs=  3.5294E-06
 UPDATEPARAMETER: f-scale only
UPDATEPARAMETER PAR_STEP min/max, V_STEP min/max =  7.2178511197E+01  1.6863686414E+02
  7.2178511197E+01  1.6863686414E+02
 WD_amp= 7.46100E+13  RESID_RMS= 2.67332E-03  FCOST_DATA= 3.57332E-06  FCOST0= 3.57332E-06
BT: alpha=  6.2500E-02  phi=  3.5733E-06  rhs=  3.5294E-06
 UPDATEPARAMETER: f-scale only
UPDATEPARAMETER PAR_STEP min/max, V_STEP min/max =  7.2242406523E+01  1.6862159871E+02
  7.2242406523E+01  1.6862159871E+02
 WD_amp= 7.46100E+13  RESID_RMS= 2.66191E-03  FCOST_DATA= 3.54289E-06  FCOST0= 3.54289E-06
BT: alpha=  3.1250E-02  phi=  3.5429E-06  rhs=  3.5294E-06
 UPDATEPARAMETER: f-scale only
UPDATEPARAMETER PAR_STEP min/max, V_STEP min/max =  7.2274354186E+01  1.6861396600E+02
  7.2274354186E+01  1.6861396600E+02
 WD_amp= 7.46100E+13  RESID_RMS= 2.65858E-03  FCOST_DATA= 3.53404E-06  FCOST0= 3.53404E-06
BT: alpha=  1.5625E-02  phi=  3.5340E-06  rhs=  3.5294E-06
 UPDATEPARAMETER: f-scale only
UPDATEPARAMETER PAR_STEP min/max, V_STEP min/max =  7.2290328018E+01  1.6861014965E+02
  7.2290328018E+01  1.6861014965E+02
 WD_amp= 7.46100E+13  RESID_RMS= 2.65752E-03  FCOST_DATA= 3.53120E-06  FCOST0= 3.53120E-06
BT: alpha=  7.8125E-03  phi=  3.5312E-06  rhs=  3.5294E-06
 UPDATEPARAMETER: f-scale only
UPDATEPARAMETER PAR_STEP min/max, V_STEP min/max =  7.2298314933E+01  1.6860824147E+02
  7.2298314933E+01  1.6860824147E+02
 WD_amp= 7.46100E+13  RESID_RMS= 2.65714E-03  FCOST_DATA= 3.53018E-06  FCOST0= 3.53018E-06
BT: alpha=  3.9062E-03  phi=  3.5302E-06  rhs=  3.5294E-06
 UPDATEPARAMETER: f-scale only
UPDATEPARAMETER PAR_STEP min/max, V_STEP min/max =  7.2302308391E+01  1.6860728738E+02
  7.2302308391E+01  1.6860728738E+02
 WD_amp= 7.46100E+13  RESID_RMS= 2.65698E-03  FCOST_DATA= 3.52977E-06  FCOST0= 3.52977E-06
BT: alpha=  1.9531E-03  phi=  3.5298E-06  rhs=  3.5294E-06
 UPDATEPARAMETER: f-scale only
UPDATEPARAMETER PAR_STEP min/max, V_STEP min/max =  7.2304305120E+01  1.6860681034E+02
  7.2304305120E+01  1.6860681034E+02
 WD_amp= 7.46100E+13  RESID_RMS= 2.65691E-03  FCOST_DATA= 3.52959E-06  FCOST0= 3.52959E-06
BT: alpha=  9.7656E-04  phi=  3.5296E-06  rhs=  3.5294E-06
 UPDATEPARAMETER: f-scale only
UPDATEPARAMETER PAR_STEP min/max, V_STEP min/max =  7.2305303485E+01  1.6860657181E+02
  7.2305303485E+01  1.6860657181E+02
 WD_amp= 7.46100E+13  RESID_RMS= 2.65688E-03  FCOST_DATA= 3.52951E-06  FCOST0= 3.52951E-06
BT: alpha=  4.8828E-04  phi=  3.5295E-06  rhs=  3.5294E-06
 UPDATEPARAMETER: f-scale only
UPDATEPARAMETER PAR_STEP min/max, V_STEP min/max =  7.2305802667E+01  1.6860645255E+02
  7.2305802667E+01  1.6860645255E+02
 WD_amp= 7.46100E+13  RESID_RMS= 2.65687E-03  FCOST_DATA= 3.52947E-06  FCOST0= 3.52947E-06
BT: alpha=  2.4414E-04  phi=  3.5295E-06  rhs=  3.5294E-06
 UPDATEPARAMETER: f-scale only
UPDATEPARAMETER PAR_STEP min/max, V_STEP min/max =  7.2306052258E+01  1.6860639292E+02
  7.2306052258E+01  1.6860639292E+02
 WD_amp= 7.46100E+13  RESID_RMS= 2.65686E-03  FCOST_DATA= 3.52945E-06  FCOST0= 3.52945E-06
BT: alpha=  1.2207E-04  phi=  3.5294E-06  rhs=  3.5294E-06
BT STOP (stagnation): alpha=  1.2207E-04  FCOST1=  3.5294E-06  FCOST0=  3.5294E-06
 UPDATEPARAMETER: f-scale only
UPDATEPARAMETER PAR_STEP min/max, V_STEP min/max =  7.2306281403E+01  1.6860633818E+02
  7.2306281403E+01  1.6860633818E+02
 WD_amp= 7.46100E+13  RESID_RMS= 2.65685E-03  FCOST_DATA= 3.52943E-06  FCOST0= 3.52943E-06
 Backtrack: failed after MAX_IT
 Line search failed (IFLAG=          11 ), inversion diverged.
 --------- Frequency   6.80000000000000       (band            1 )
[ComputeAcqWeight] empty acq_weight_file, using uniform weights = 1.0
Data weighting computed for frequency 4607182418800017373
XSRmin, XSRmax, ZSRmin, ZSRMax -1960.000000000000 .000000000000000 2050.000000000000 4030.000000000000
1 FKYC
1.2 FKYC
my_rank, FKYC,WLMAX, RMAX 0 .5572912185498415E-01 753.3498227709956 2786.036611389018
1.1 NK
NK in cky2= 77

  Number of wavenumber samples (NK) for FREQ =   77
Data weighting computed for frequency 4607182418800017373
Data weighting computed for frequency 4607182418800017373
Data weighting computed for frequency 4607182418800017373
Data weighting computed for frequency 4607182418800017373
Data weighting computed for frequency 4607182418800017373
  RMAX = 2786.04
--- Pre-solver preview (memory + RHS workload) ---
   GQG dims: NNX=       585  NNZ=       317  NPT=    185445
   DOF:     N=3*NPT =    556335
   Sources: NSR=       100  NSS=        20  NK=        77
   RHS total (per IK): nrhs_tot=3*NSS =        60
   Batch:    MAX_RHS_BATCH=        32  nbatches=         2
   GFMY  (GFX+GFY+GFZ):         19.150 GB
   RHS_MY(rhs+sol buffers):      0.531 GB
 
 running run_ik_loop_pardiso
before CA | VmRSS=  20.796 GB  VmHWM= 111.498 GB
after CA | VmRSS=  21.419 GB  VmHWM= 111.498 GB
after factor | VmRSS=  25.218 GB  VmHWM= 111.498 GB
f=     6.800 Hz | ky=  0.723755E-03 | IK=       1/      77 | t=   17.309600 s | CA=  2.5322 | fact= 12.8538 | GF=  1.9234 | solve=  1.7678 | scatter=  0.0528
f=     6.800 Hz | ky=  0.144751E-02 | IK=       2/      77 | t=    6.998400 s | CA=  2.6166 | fact=  2.5695 | GF=  1.8123 | solve=  1.6865 | scatter=  0.0528
f=     6.800 Hz | ky=  0.217126E-02 | IK=       3/      77 | t=    7.023700 s | CA=  2.6326 | fact=  2.5710 | GF=  1.8201 | solve=  1.6924 | scatter=  0.0545
f=     6.800 Hz | ky=  0.289502E-02 | IK=       4/      77 | t=    6.993000 s | CA=  2.5868 | fact=  2.5858 | GF=  1.8204 | solve=  1.6954 | scatter=  0.0521
f=     6.800 Hz | ky=  0.361877E-02 | IK=       5/      77 | t=    6.953700 s | CA=  2.5760 | fact=  2.5605 | GF=  1.8171 | solve=  1.6909 | scatter=  0.0532
f=     6.800 Hz | ky=  0.434253E-02 | IK=       6/      77 | t=    6.947100 s | CA=  2.5989 | fact=  2.5294 | GF=  1.8188 | solve=  1.6900 | scatter=  0.0558
f=     6.800 Hz | ky=  0.506628E-02 | IK=       7/      77 | t=    6.991700 s | CA=  2.5931 | fact=  2.5836 | GF=  1.8150 | solve=  1.6908 | scatter=  0.0511
f=     6.800 Hz | ky=  0.579004E-02 | IK=       8/      77 | t=    6.963400 s | CA=  2.5648 | fact=  2.5784 | GF=  1.8201 | solve=  1.6959 | scatter=  0.0511
f=     6.800 Hz | ky=  0.651379E-02 | IK=       9/      77 | t=    7.015600 s | CA=  2.6077 | fact=  2.5888 | GF=  1.8190 | solve=  1.6925 | scatter=  0.0533
f=     6.800 Hz | ky=  0.723755E-02 | IK=      10/      77 | t=    6.966700 s | CA=  2.5708 | fact=  2.5793 | GF=  1.8166 | solve=  1.6909 | scatter=  0.0526
f=     6.800 Hz | ky=  0.796130E-02 | IK=      11/      77 | t=    6.996300 s | CA=  2.6048 | fact=  2.5737 | GF=  1.8178 | solve=  1.6923 | scatter=  0.0523
f=     6.800 Hz | ky=  0.868506E-02 | IK=      12/      77 | t=    6.945300 s | CA=  2.5460 | fact=  2.5778 | GF=  1.8214 | solve=  1.6932 | scatter=  0.0545
f=     6.800 Hz | ky=  0.940881E-02 | IK=      13/      77 | t=    6.975200 s | CA=  2.5815 | fact=  2.5718 | GF=  1.8219 | solve=  1.6959 | scatter=  0.0526
PARDISO mem (f=  6.80 Hz): sym=  1.95 GB  perm=  1.42 GB  num=  3.22 GB  
peak=  4.64 GB
t_global   =    144.509 s
TIME for 1st forward modeling =  2.408391571044922  min
TIME for GT0 =  .8936666448911031E-02  min
Data scaler W for L2 norm: 77474851783048.27
Data scaler W for WQS norm: .1007948000807317E-312
Total number of active inversion parameters for current sequential stage (IM):          1
Total model blocks points (NM = IM * NBLOCK):      11534 on grid (NMM = IM * NPT):    185445
 Gradient balance ():   1.00000000000000        1.00000000000000     
   1.00000000000000        1.00000000000000        1.00000000000000     
   1.00000000000000        1.00000000000000        1.00000000000000     
   1.00000000000000        1.00000000000000        1.00000000000000     
 IE0, IZ          30           0
 IE0, IZ, GZ1, GZ2 =           30           0   100.000000000000     
   300.000000000000     
  
 Frequency:          10 Iteration:           1
--- Pre-solver preview (memory + RHS workload) ---
   GQG dims: NNX=       585  NNZ=       317  NPT=    185445
   DOF:     N=3*NPT =    556335
   Sources: NSR=       100  NSS=       100  NK=        77
   RHS total (per IK): nrhs_tot=3*NSS =       300
   Batch:    MAX_RHS_BATCH=        32  nbatches=        10
   GFMY  (GFX+GFY+GFZ):         95.750 GB
   RHS_MY(rhs+sol buffers):      0.531 GB
 
 running run_ik_loop_pardiso
before CA | VmRSS=  98.224 GB  VmHWM= 111.498 GB
after CA | VmRSS=  99.062 GB  VmHWM= 111.498 GB
after factor | VmRSS= 102.855 GB  VmHWM= 111.498 GB
f=     6.800 Hz | ky=  0.723755E-03 | IK=       1/      77 | t=   24.344400 s | CA=  2.5369 | fact= 12.8246 | GF=  8.9827 | solve=  8.3159 | scatter=  0.2563
f=     6.800 Hz | ky=  0.144751E-02 | IK=       2/      77 | t=   14.056700 s | CA=  2.5965 | fact=  2.5767 | GF=  8.8835 | solve=  8.2463 | scatter=  0.2567
f=     6.800 Hz | ky=  0.217126E-02 | IK=       3/      77 | t=   14.047500 s | CA=  2.5960 | fact=  2.5808 | GF=  8.8706 | solve=  8.2345 | scatter=  0.2560
f=     6.800 Hz | ky=  0.289502E-02 | IK=       4/      77 | t=   14.071000 s | CA=  2.6469 | fact=  2.5499 | GF=  8.8741 | solve=  8.2402 | scatter=  0.2536
f=     6.800 Hz | ky=  0.361877E-02 | IK=       5/      77 | t=   14.064100 s | CA=  2.6109 | fact=  2.5627 | GF=  8.8905 | solve=  8.2571 | scatter=  0.2524
f=     6.800 Hz | ky=  0.434253E-02 | IK=       6/      77 | t=   14.069300 s | CA=  2.6090 | fact=  2.5438 | GF=  8.9165 | solve=  8.2810 | scatter=  0.2547
f=     6.800 Hz | ky=  0.506628E-02 | IK=       7/      77 | t=   14.075100 s | CA=  2.6085 | fact=  2.5761 | GF=  8.8905 | solve=  8.2516 | scatter=  0.2583
f=     6.800 Hz | ky=  0.579004E-02 | IK=       8/      77 | t=   14.085900 s | CA=  2.6169 | fact=  2.5903 | GF=  8.8786 | solve=  8.2428 | scatter=  0.2546
f=     6.800 Hz | ky=  0.651379E-02 | IK=       9/      77 | t=   14.040900 s | CA=  2.6076 | fact=  2.5562 | GF=  8.8771 | solve=  8.2401 | scatter=  0.2557
f=     6.800 Hz | ky=  0.723755E-02 | IK=      10/      77 | t=   14.063800 s | CA=  2.6086 | fact=  2.5678 | GF=  8.8874 | solve=  8.2484 | scatter=  0.2570
f=     6.800 Hz | ky=  0.796130E-02 | IK=      11/      77 | t=   14.130300 s | CA=  2.6600 | fact=  2.5718 | GF=  8.8985 | solve=  8.2592 | scatter=  0.2574
f=     6.800 Hz | ky=  0.868506E-02 | IK=      12/      77 | t=   14.063800 s | CA=  2.5936 | fact=  2.5860 | GF=  8.8842 | solve=  8.2476 | scatter=  0.2551
f=     6.800 Hz | ky=  0.940881E-02 | IK=      13/      77 | t=   14.126200 s | CA=  2.6581 | fact=  2.5777 | GF=  8.8904 | solve=  8.2523 | scatter=  0.2567
PARDISO mem (f=  6.80 Hz): sym=  1.95 GB  perm=  1.42 GB  num=  3.22 GB  
peak=  4.64 GB
t_global   =    409.199 s
TIME for 2d forward modeling_i calc =  6.818263244628906 min
Rank    4 -> ID range:   3201 to   4000 | Tasks:    800
Rank    5 -> ID range:   4001 to   4800 | Tasks:    800
Rank    1 -> ID range:    801 to   1600 | Tasks:    800
Rank    2 -> ID range:   1601 to   2400 | Tasks:    800
Rank    3 -> ID range:   2401 to   3200 | Tasks:    800
  
 -------------- calculate Frechet derivatives -----------
 IFREQ =          10    ITERATION =           1
Frechet memory size Frec_my:      0.825 (Gb)
Rank    0 -> ID range:      1 to    800 | Tasks:    800
FREQ:      6.8 Hz, ITER=       1  Frechet Derivative ID=     100/    4800 Finished   0.309000 s
FREQ:      6.8 Hz, ITER=       1  Frechet Derivative ID=     200/    4800 Finished   0.287600 s
FREQ:      6.8 Hz, ITER=       1  Frechet Derivative ID=     300/    4800 Finished   0.289600 s
FREQ:      6.8 Hz, ITER=       1  Frechet Derivative ID=     400/    4800 Finished   0.280500 s
FREQ:      6.8 Hz, ITER=       1  Frechet Derivative ID=     500/    4800 Finished   0.307200 s
FREQ:      6.8 Hz, ITER=       1  Frechet Derivative ID=     600/    4800 Finished   0.304300 s
FREQ:      6.8 Hz, ITER=       1  Frechet Derivative ID=     700/    4800 Finished   0.295800 s
FREQ:      6.8 Hz, ITER=       1  Frechet Derivative ID=     800/    4800 Finished   0.288500 s
||Frechet||_F=  4.1091E-13max|Frechet|=  6.4604E-18
||Frechet||_F=  4.1091E-13max|Frechet|=  6.4604E-18
||Frechet||_F=  4.1091E-13max|Frechet|=  6.4604E-18
 
TIME for Frechet calc =  4.210841623942057 min
 
m_fine: min=  7.2306E+01  max=  1.6861E+02  mean=  1.3491E+02  ||.||2=  6.0144E+04  size=  185445
m_coarse_prev: min=  7.2778E+01  max=  1.6834E+02  mean=  1.3495E+02  ||.||2=  1.5002E+04  size=   11534
 
  compute the residual and the cost function
 WD_amp= 7.74749E+13  RESID_RMS= 2.53565E-03  FCOST_DATA= 3.21475E-06  FCOST0= 3.21475E-06
||Frechet||_F=  4.1091E-13max|Frechet|=  6.4604E-18
||Frechet||_F=  4.1091E-13max|Frechet|=  6.4604E-18
||Frechet||_F=  4.1091E-13max|Frechet|=  6.4604E-18
IA=  7  H(single F0) min= 0.00000E+00  max= 2.97711E-02
IA=  7  H(F0^2)     min= 0.00000E+00  max= 2.97711E-02
IA=  7  H(single F0) min= 0.00000E+00  max= 2.97711E-02
IA=  7  H(F0^2)     min= 0.00000E+00  max= 2.97711E-02
HESSD: ia=   7  min= 0.00000E+00  max= 4.79828E+03
HESSD: ia=   7  min= 0.00000E+00  max= 4.79828E+03
IA=  7  H(single F0) min= 0.00000E+00  max= 2.97711E-02
IA=  7  H(F0^2)     min= 0.00000E+00  max= 2.97711E-02
HESSD: ia=   7  min= 0.00000E+00  max= 4.79828E+03
IA=  7  H(single F0) min= 0.00000E+00  max= 2.97711E-02
IA=  7  H(F0^2)     min= 0.00000E+00  max= 2.97711E-02
HESSD: ia=   7  min= 0.00000E+00  max= 4.79828E+03
IA=  7  H(single F0) min= 0.00000E+00  max= 2.97711E-02
IA=  7  H(F0^2)     min= 0.00000E+00  max= 2.97711E-02
HESSD: ia=   7  min= 0.00000E+00  max= 4.79828E+03
IA=  7  H(single F0) min= 0.00000E+00  max= 2.97711E-02
IA=  7  H(F0^2)     min= 0.00000E+00  max= 2.97711E-02
HESSD: ia=   7  min= 0.00000E+00  max= 4.79828E+03
Grad block   7 GRAD_SCALED MORM =   1.3757E-04
Raw grad block  7  PAR={Q11}  min= -3.5292E-09  max=  2.5574E-09  L2=  2.4567E-08
Gradient finished
Start LBFGS 
LBFGS steepest step , iter=      1
  g·p = -2.5182E-06  ||p|| =  5.3351E-02
  min(p)= -4.3226E-03  max(p)=  5.5881E-03
LBFGS p_k (unscaled) stats per active parameter:
  IA=  7  PAR={Q11}  min=-2.67206E+01  max= 3.45434E+01  L2= 3.29798E+02
min(p_k)= -4.3226E-03  max(p_k)=  5.5881E-03  ||p_k||=  5.3351E-02
min(p_kf)= -4.3226E-03  max(p_kf)=  5.5881E-03  ||p_kf||=  2.1340E-01
p_k/p_kf  =   2.5000E-01
Start linesearch
BT entry: phi(0)=  3.2148E-06  g·p(0)= -2.5182E-06
 UPDATEPARAMETER: f-scale only
UPDATEPARAMETER PAR_STEP min/max, V_STEP min/max =  5.9847794170E+01  1.6878540846E+02
  5.9847794170E+01  1.6878540846E+02
REL STEP Q      : k=  7 row=  2 rmax_k=  3.6033E-01 row_scale=  1.6861E+02
BT cap probe: rmax1=  3.6033E-01  alpha_cap=  1.0000E+00  alpha00=  1.0000E+00
 UPDATEPARAMETER: f-scale only
UPDATEPARAMETER PAR_STEP min/max, V_STEP min/max =  5.9847794170E+01  1.6878540846E+02
  5.9847794170E+01  1.6878540846E+02
 running run_ik_loop_pardiso
before CA | VmRSS=  21.663 GB  VmHWM= 111.498 GB
after CA | VmRSS=  23.059 GB  VmHWM= 111.498 GB
after factor | VmRSS=  26.861 GB  VmHWM= 111.498 GB
f=     6.800 Hz | ky=  0.723755E-03 | IK=       1/      77 | t=   17.367000 s | CA=  2.5729 | fact= 12.8691 | GF=  1.9249 | solve=  1.7715 | scatter=  0.0508
f=     6.800 Hz | ky=  0.144751E-02 | IK=       2/      77 | t=    6.949500 s | CA=  2.5693 | fact=  2.5649 | GF=  1.8152 | solve=  1.6908 | scatter=  0.0514
f=     6.800 Hz | ky=  0.217126E-02 | IK=       3/      77 | t=    6.889500 s | CA=  2.5566 | fact=  2.5201 | GF=  1.8127 | solve=  1.6896 | scatter=  0.0500
f=     6.800 Hz | ky=  0.289502E-02 | IK=       4/      77 | t=    6.981800 s | CA=  2.6074 | fact=  2.5516 | GF=  1.8228 | solve=  1.6928 | scatter=  0.0569
f=     6.800 Hz | ky=  0.361877E-02 | IK=       5/      77 | t=    6.982300 s | CA=  2.5999 | fact=  2.5633 | GF=  1.8191 | solve=  1.6929 | scatter=  0.0533
f=     6.800 Hz | ky=  0.434253E-02 | IK=       6/      77 | t=    6.942200 s | CA=  2.5682 | fact=  2.5503 | GF=  1.8236 | solve=  1.6982 | scatter=  0.0522
f=     6.800 Hz | ky=  0.506628E-02 | IK=       7/      77 | t=    7.017400 s | CA=  2.6305 | fact=  2.5608 | GF=  1.8261 | solve=  1.7001 | scatter=  0.0527
f=     6.800 Hz | ky=  0.579004E-02 | IK=       8/      77 | t=    7.038300 s | CA=  2.6363 | fact=  2.5822 | GF=  1.8198 | solve=  1.6947 | scatter=  0.0519
f=     6.800 Hz | ky=  0.651379E-02 | IK=       9/      77 | t=    6.999300 s | CA=  2.6172 | fact=  2.5593 | GF=  1.8227 | solve=  1.6964 | scatter=  0.0526
f=     6.800 Hz | ky=  0.723755E-02 | IK=      10/      77 | t=    6.993500 s | CA=  2.6258 | fact=  2.5493 | GF=  1.8184 | solve=  1.6930 | scatter=  0.0517
f=     6.800 Hz | ky=  0.796130E-02 | IK=      11/      77 | t=    7.051400 s | CA=  2.6802 | fact=  2.5492 | GF=  1.8219 | solve=  1.6956 | scatter=  0.0532
f=     6.800 Hz | ky=  0.868506E-02 | IK=      12/      77 | t=    6.989800 s | CA=  2.5974 | fact=  2.5689 | GF=  1.8235 | solve=  1.6987 | scatter=  0.0516
f=     6.800 Hz | ky=  0.940881E-02 | IK=      13/      77 | t=    7.032300 s | CA=  2.6215 | fact=  2.5902 | GF=  1.8206 | solve=  1.6933 | scatter=  0.0539
PARDISO mem (f=  6.80 Hz): sym=  1.95 GB  perm=  1.42 GB  num=  3.22 GB  
peak=  4.64 GB
 WD_amp= 7.74749E+13  RESID_RMS= 7.80298E-03  FCOST_DATA= 3.04433E-05  FCOST0= 3.04433E-05
BT: alpha=  1.0000E+00  phi=  3.0443E-05  rhs=  3.2145E-06
 UPDATEPARAMETER: f-scale only
UPDATEPARAMETER PAR_STEP min/max, V_STEP min/max =  7.1444253351E+01  1.6869492112E+02
  7.1444253351E+01  1.6869492112E+02
 running run_ik_loop_pardiso
before CA | VmRSS=  22.243 GB  VmHWM= 111.498 GB
after CA | VmRSS=  22.292 GB  VmHWM= 111.498 GB
after factor | VmRSS=  26.057 GB  VmHWM= 111.498 GB
f=     6.800 Hz | ky=  0.723755E-03 | IK=       1/      77 | t=   17.275100 s | CA=  2.5267 | fact= 12.8217 | GF=  1.9265 | solve=  1.7720 | scatter=  0.0516
f=     6.800 Hz | ky=  0.144751E-02 | IK=       2/      77 | t=    6.975600 s | CA=  2.5884 | fact=  2.5673 | GF=  1.8198 | solve=  1.6922 | scatter=  0.0542
f=     6.800 Hz | ky=  0.217126E-02 | IK=       3/      77 | t=    6.956800 s | CA=  2.5660 | fact=  2.5649 | GF=  1.8259 | solve=  1.6985 | scatter=  0.0543
f=     6.800 Hz | ky=  0.289502E-02 | IK=       4/      77 | t=    6.970900 s | CA=  2.5706 | fact=  2.5858 | GF=  1.8145 | solve=  1.6894 | scatter=  0.0521
f=     6.800 Hz | ky=  0.361877E-02 | IK=       5/      77 | t=    6.998500 s | CA=  2.6055 | fact=  2.5789 | GF=  1.8140 | solve=  1.6880 | scatter=  0.0530
f=     6.800 Hz | ky=  0.434253E-02 | IK=       6/      77 | t=    7.051500 s | CA=  2.6497 | fact=  2.5829 | GF=  1.8189 | solve=  1.6909 | scatter=  0.0547
f=     6.800 Hz | ky=  0.506628E-02 | IK=       7/      77 | t=    6.967300 s | CA=  2.5711 | fact=  2.5780 | GF=  1.8182 | solve=  1.6920 | scatter=  0.0530
f=     6.800 Hz | ky=  0.579004E-02 | IK=       8/      77 | t=    6.996100 s | CA=  2.5832 | fact=  2.5961 | GF=  1.8168 | solve=  1.6930 | scatter=  0.0506
f=     6.800 Hz | ky=  0.651379E-02 | IK=       9/      77 | t=    6.983100 s | CA=  2.5974 | fact=  2.5704 | GF=  1.8153 | solve=  1.6880 | scatter=  0.0538
f=     6.800 Hz | ky=  0.723755E-02 | IK=      10/      77 | t=    7.015000 s | CA=  2.6126 | fact=  2.5862 | GF=  1.8161 | solve=  1.6912 | scatter=  0.0515
f=     6.800 Hz | ky=  0.796130E-02 | IK=      11/      77 | t=    7.032800 s | CA=  2.6393 | fact=  2.5732 | GF=  1.8203 | solve=  1.6936 | scatter=  0.0535
f=     6.800 Hz | ky=  0.868506E-02 | IK=      12/      77 | t=    6.988100 s | CA=  2.5910 | fact=  2.5775 | GF=  1.8196 | solve=  1.6943 | scatter=  0.0519
f=     6.800 Hz | ky=  0.940881E-02 | IK=      13/      77 | t=    6.986200 s | CA=  2.5856 | fact=  2.5755 | GF=  1.8251 | solve=  1.6995 | scatter=  0.0524
PARDISO mem (f=  6.80 Hz): sym=  1.95 GB  perm=  1.42 GB  num=  3.22 GB  
peak=  4.64 GB
 WD_amp= 7.74749E+13  RESID_RMS= 3.79113E-03  FCOST_DATA= 7.18634E-06  FCOST0= 7.18634E-06
BT: alpha=  5.0000E-01  phi=  7.1863E-06  rhs=  3.2146E-06
 UPDATEPARAMETER: f-scale only
UPDATEPARAMETER PAR_STEP min/max, V_STEP min/max =  7.2706072427E+01  1.6865062721E+02
  7.2706072427E+01  1.6865062721E+02
 running run_ik_loop_pardiso
before CA | VmRSS=  21.682 GB  VmHWM= 111.498 GB
after CA | VmRSS=  22.807 GB  VmHWM= 111.498 GB
after factor | VmRSS=  26.575 GB  VmHWM= 111.498 GB
f=     6.800 Hz | ky=  0.723755E-03 | IK=       1/      77 | t=   17.300500 s | CA=  2.5212 | fact= 12.8557 | GF=  1.9234 | solve=  1.7683 | scatter=  0.0524
f=     6.800 Hz | ky=  0.144751E-02 | IK=       2/      77 | t=    6.968500 s | CA=  2.5809 | fact=  2.5745 | GF=  1.8130 | solve=  1.6884 | scatter=  0.0516
f=     6.800 Hz | ky=  0.217126E-02 | IK=       3/      77 | t=    7.132800 s | CA=  2.7424 | fact=  2.5754 | GF=  1.8149 | solve=  1.6889 | scatter=  0.0530
f=     6.800 Hz | ky=  0.289502E-02 | IK=       4/      77 | t=    6.974000 s | CA=  2.5994 | fact=  2.5520 | GF=  1.8226 | solve=  1.6961 | scatter=  0.0535
f=     6.800 Hz | ky=  0.361877E-02 | IK=       5/      77 | t=    6.969600 s | CA=  2.5967 | fact=  2.5634 | GF=  1.8094 | solve=  1.6839 | scatter=  0.0525
f=     6.800 Hz | ky=  0.434253E-02 | IK=       6/      77 | t=    6.963100 s | CA=  2.5909 | fact=  2.5584 | GF=  1.8138 | solve=  1.6894 | scatter=  0.0511
f=     6.800 Hz | ky=  0.506628E-02 | IK=       7/      77 | t=    7.004200 s | CA=  2.6448 | fact=  2.5413 | GF=  1.8181 | solve=  1.6920 | scatter=  0.0530
f=     6.800 Hz | ky=  0.579004E-02 | IK=       8/      77 | t=    7.018600 s | CA=  2.6220 | fact=  2.5762 | GF=  1.8203 | solve=  1.6933 | scatter=  0.0539
f=     6.800 Hz | ky=  0.651379E-02 | IK=       9/      77 | t=    6.964400 s | CA=  2.6270 | fact=  2.5213 | GF=  1.8160 | solve=  1.6924 | scatter=  0.0504
f=     6.800 Hz | ky=  0.723755E-02 | IK=      10/      77 | t=    6.947400 s | CA=  2.5566 | fact=  2.5761 | GF=  1.8147 | solve=  1.6892 | scatter=  0.0526
f=     6.800 Hz | ky=  0.796130E-02 | IK=      11/      77 | t=    7.067000 s | CA=  2.6789 | fact=  2.5754 | GF=  1.8127 | solve=  1.6883 | scatter=  0.0513
f=     6.800 Hz | ky=  0.868506E-02 | IK=      12/      77 | t=    6.930200 s | CA=  2.5993 | fact=  2.5157 | GF=  1.8152 | solve=  1.6908 | scatter=  0.0513
f=     6.800 Hz | ky=  0.940881E-02 | IK=      13/      77 | t=    6.988900 s | CA=  2.6455 | fact=  2.5226 | GF=  1.8207 | solve=  1.6941 | scatter=  0.0532
PARDISO mem (f=  6.80 Hz): sym=  1.95 GB  perm=  1.42 GB  num=  3.22 GB  
peak=  4.64 GB
 WD_amp= 7.74749E+13  RESID_RMS= 2.50812E-03  FCOST_DATA= 3.14533E-06  FCOST0= 3.14533E-06
BT: alpha=  2.5000E-01  phi=  3.1453E-06  rhs=  3.2147E-06
  
  
  
  
  
Convergence reached, updating parameter grid
ALPHA from line search =  .2500000000000000
 FCOST0 after linesearch  3.145333050196248E-006
Norm of s (s_norm) =  .1333778991681867E-01
  
Time for LBFGS =  7.187128194173177 min
  
 Frequency:          10 Iteration:           2
t_global   =    408.946 s
  
 -------------- calculate Frechet derivatives -----------
 IFREQ =          10    ITERATION =           2
||Frechet||_F=  4.1282E-13max|Frechet|=  6.3956E-18
||Frechet||_F=  4.1282E-13max|Frechet|=  6.3956E-18
||Frechet||_F=  4.1282E-13max|Frechet|=  6.3956E-18
 
TIME for Frechet calc =  4.174396769205729 min
 
 
  compute the residual and the cost function
 WD_amp= 7.74749E+13  RESID_RMS= 2.50812E-03  FCOST_DATA= 3.14533E-06  FCOST0= 3.14533E-06
||Frechet||_F=  4.1282E-13max|Frechet|=  6.3956E-18
||Frechet||_F=  4.1282E-13max|Frechet|=  6.3956E-18
||Frechet||_F=  4.1282E-13max|Frechet|=  6.3956E-18
Grad block   7 GRAD_SCALED MORM =   2.8631E-04
Raw grad block  7  PAR={Q11}  min= -4.8586E-09  max=  3.5652E-09  L2=  4.8455E-08
Gradient finished
Start LBFGS 
curvature (warm): s·y=  2.1146E-06  ||s||^2=  1.7790E-04  ||y||^2=  7.4456E-08  sTy_min=  3.6394E-07
LBFGS step: g·p = -1.9612E-06  ||p||=  4.2815E-02
LBFGS step: min(p)= -1.6360E-03  max(p)=  5.5186E-03
LBFGS p_k (unscaled) stats per active parameter:
  IA=  7  PAR={Q11}  min=-1.01131E+01  max= 3.41140E+01  L2= 2.64668E+02
min(p_k)= -1.6360E-03  max(p_k)=  5.5186E-03  ||p_k||=  4.2815E-02
min(p_kf)= -1.6360E-03  max(p_kf)=  5.5186E-03  ||p_kf||=  1.7126E-01
p_k/p_kf  =   2.5000E-01
Start linesearch
MT entry: phi(0)=  3.1453E-06  dg0= -1.9612E-06  alpha0=  1.0000E+00
 UPDATEPARAMETER: f-scale only
UPDATEPARAMETER PAR_STEP min/max, V_STEP min/max =  7.0995719792E+01  1.6885890903E+02
  7.0995719792E+01  1.6885890903E+02
 WD_amp= 7.74749E+13  RESID_RMS= 3.60493E-03  FCOST_DATA= 6.49776E-06  FCOST0= 6.49776E-06
  
 -------------- calculate Frechet derivatives -----------
 IFREQ =          10    ITERATION =           2
||Frechet||_F=  4.0419E-13max|Frechet|=  6.2814E-18
||Frechet||_F=  4.0419E-13max|Frechet|=  6.2814E-18
||Frechet||_F=  4.0419E-13max|Frechet|=  6.2814E-18
||Frechet||_F=  4.0419E-13max|Frechet|=  6.2814E-18
||Frechet||_F=  4.0419E-13max|Frechet|=  6.2814E-18
||Frechet||_F=  4.0419E-13max|Frechet|=  6.2814E-18
Grad block   7 GRAD_SCALED MORM =   4.9000E-04
MT try: alpha=  1.0000E+00  phi=  6.4978E-06  dg=  2.4111E-06  dg0= -1.9612E-06
MT try: armijo_rhs=  3.1451E-06  armijo=F  curvature=F  task=FG
 UPDATEPARAMETER: f-scale only
UPDATEPARAMETER PAR_STEP min/max, V_STEP min/max =  7.3093193553E+01  1.6866926736E+02
  7.3093193553E+01  1.6866926736E+02
 WD_amp= 7.74749E+13  RESID_RMS= 2.47103E-03  FCOST_DATA= 3.05299E-06  FCOST0= 3.05299E-06
  
 -------------- calculate Frechet derivatives -----------
 IFREQ =          10    ITERATION =           2
||Frechet||_F=  4.1192E-13max|Frechet|=  6.3850E-18
||Frechet||_F=  4.1192E-13max|Frechet|=  6.3850E-18
||Frechet||_F=  4.1192E-13max|Frechet|=  6.3850E-18
||Frechet||_F=  4.1192E-13max|Frechet|=  6.3850E-18
||Frechet||_F=  4.1192E-13max|Frechet|=  6.3850E-18
||Frechet||_F=  4.1192E-13max|Frechet|=  6.3850E-18
Grad block   7 GRAD_SCALED MORM =   2.6526E-04
MT try: alpha=  9.1562E-02  phi=  3.0530E-06  dg= -1.5048E-06  dg0= -1.9612E-06
MT try: armijo_rhs=  3.1453E-06  armijo=T  curvature=T  task=FG
  
  
Convergence reached, updating parameter grid
ALPHA from line search =  .9156245188999762E-01
 FCOST0 after linesearch  3.052986316001528E-006
Norm of s (s_norm) =  .3920251882822478E-02
  
  
  
  
Time for LBFGS =  21.77616373697917 min
  
 Frequency:          10 Iteration:           3
t_global   =    408.849 s
  
 -------------- calculate Frechet derivatives -----------
 IFREQ =          10    ITERATION =           3
||Frechet||_F=  4.1192E-13max|Frechet|=  6.3850E-18
||Frechet||_F=  4.1192E-13max|Frechet|=  6.3850E-18
||Frechet||_F=  4.1192E-13max|Frechet|=  6.3850E-18
 
TIME for Frechet calc =  4.259380086263021 min
 
 
  compute the residual and the cost function
 WD_amp= 7.74749E+13  RESID_RMS= 2.47103E-03  FCOST_DATA= 3.05299E-06  FCOST0= 3.05299E-06
||Frechet||_F=  4.1192E-13max|Frechet|=  6.3850E-18
||Frechet||_F=  4.1192E-13max|Frechet|=  6.3850E-18
||Frechet||_F=  4.1192E-13max|Frechet|=  6.3850E-18
Grad block   7 GRAD_SCALED MORM =   2.6526E-04
Gradient finished
Start LBFGS 
curvature (warm): s·y=  4.1786E-08  ||s||^2=  1.5368E-05  ||y||^2=  1.7293E-09  sTy_min=  1.6303E-08
LBFGS step: g·p = -3.9914E-06  ||p||=  1.0022E-01
LBFGS step: min(p)= -4.2103E-03  max(p)=  1.0357E-02
LBFGS p_k (unscaled) stats per active parameter:
  IA=  7  PAR={Q11}  min=-2.60269E+01  max= 6.40223E+01  L2= 6.19529E+02
min(p_k)= -4.2103E-03  max(p_k)=  1.0357E-02  ||p_k||=  1.0022E-01
min(p_kf)= -4.2103E-03  max(p_kf)=  1.0357E-02  ||p_kf||=  4.0088E-01
p_k/p_kf  =   2.5000E-01
Start linesearch
MT entry: phi(0)=  3.0530E-06  dg0= -3.9914E-06  alpha0=  1.0000E+00
 UPDATEPARAMETER: f-scale only
UPDATEPARAMETER PAR_STEP min/max, V_STEP min/max =  5.6549540729E+01  1.8460653313E+02
  5.6549540729E+01  1.8460653313E+02
 WD_amp= 7.74749E+13  RESID_RMS= 5.95193E-03  FCOST_DATA= 1.77127E-05  FCOST0= 1.77127E-05
  
 -------------- calculate Frechet derivatives -----------
 IFREQ =          10    ITERATION =           3
||Frechet||_F=  4.1135E-13max|Frechet|=  6.8319E-18
||Frechet||_F=  4.1135E-13max|Frechet|=  6.8319E-18
||Frechet||_F=  4.1135E-13max|Frechet|=  6.8319E-18
||Frechet||_F=  4.1135E-13max|Frechet|=  6.8319E-18
||Frechet||_F=  4.1135E-13max|Frechet|=  6.8319E-18
||Frechet||_F=  4.1135E-13max|Frechet|=  6.8319E-18
Grad block   7 GRAD_SCALED MORM =   1.3034E-03
MT try: alpha=  1.0000E+00  phi=  1.7713E-05  dg=  1.7319E-05  dg0= -3.9914E-06
MT try: armijo_rhs=  3.0526E-06  armijo=F  curvature=F  task=FG
 UPDATEPARAMETER: f-scale only
UPDATEPARAMETER PAR_STEP min/max, V_STEP min/max =  7.3245992016E+01  1.6870778343E+02
  7.3245992016E+01  1.6870778343E+02
 WD_amp= 7.74749E+13  RESID_RMS= 2.39550E-03  FCOST_DATA= 2.86922E-06  FCOST0= 2.86922E-06
  
 -------------- calculate Frechet derivatives -----------
 IFREQ =          10    ITERATION =           3
||Frechet||_F=  4.1152E-13max|Frechet|=  6.4106E-18
||Frechet||_F=  4.1152E-13max|Frechet|=  6.4106E-18
||Frechet||_F=  4.1152E-13max|Frechet|=  6.4106E-18
||Frechet||_F=  4.1152E-13max|Frechet|=  6.4106E-18
||Frechet||_F=  4.1152E-13max|Frechet|=  6.4106E-18
||Frechet||_F=  4.1152E-13max|Frechet|=  6.4106E-18
Grad block   7 GRAD_SCALED MORM =   2.2078E-04
MT try: alpha=  6.0109E-02  phi=  2.8692E-06  dg= -2.8370E-06  dg0= -3.9914E-06
MT try: armijo_rhs=  3.0530E-06  armijo=T  curvature=T  task=FG
  
  
  
  
Convergence reached, updating parameter grid
ALPHA from line search =  .6010878272389407E-01
 FCOST0 after linesearch  2.869215484955370E-006
Norm of s (s_norm) =  .6024148533631410E-02
  
  
Convergence check at iteration    3
  Relative cost decrease  =  6.0194E-02
  Relative model update   =  0.0000E+00
  Relative grad. norm     =  2.0987E+00
Time for LBFGS =  21.80035400390625 min
  
 Frequency:          10 Iteration:           4
t_global   =    408.625 s
  
 -------------- calculate Frechet derivatives -----------
 IFREQ =          10    ITERATION =           4
||Frechet||_F=  4.1152E-13max|Frechet|=  6.4106E-18
||Frechet||_F=  4.1152E-13max|Frechet|=  6.4106E-18
||Frechet||_F=  4.1152E-13max|Frechet|=  6.4106E-18
||Frechet||_F=  4.1152E-13max|Frechet|=  6.4106E-18
||Frechet||_F=  4.1152E-13max|Frechet|=  6.4106E-18
 
TIME for Frechet calc =  4.117994944254558 min
 
 
  compute the residual and the cost function
 WD_amp= 7.74749E+13  RESID_RMS= 2.39550E-03  FCOST_DATA= 2.86922E-06  FCOST0= 2.86922E-06
||Frechet||_F=  4.1152E-13max|Frechet|=  6.4106E-18
Grad block   7 GRAD_SCALED MORM =   2.2078E-04
Gradient finished
Start LBFGS 
curvature (warm): s·y=  6.9384E-08  ||s||^2=  3.6290E-05  ||y||^2=  3.0796E-09  sTy_min=  3.3431E-08
LBFGS step: g·p = -3.0100E-06  ||p||=  1.0756E-01
LBFGS step: min(p)= -5.3071E-03  max(p)=  9.4506E-03
LBFGS p_k (unscaled) stats per active parameter:
  IA=  7  PAR={Q11}  min=-3.28066E+01  max= 5.84205E+01  L2= 6.64917E+02
min(p_k)= -5.3071E-03  max(p_k)=  9.4506E-03  ||p_k||=  1.0756E-01
min(p_kf)= -5.3071E-03  max(p_kf)=  9.4506E-03  ||p_kf||=  4.3025E-01
p_k/p_kf  =   2.5000E-01
Start linesearch
MT entry: phi(0)=  2.8692E-06  dg0= -3.0100E-06  alpha0=  1.0000E+00
 UPDATEPARAMETER: f-scale only
UPDATEPARAMETER PAR_STEP min/max, V_STEP min/max =  5.1039665746E+01  1.9158086151E+02
  5.1039665746E+01  1.9158086151E+02
 WD_amp= 7.74749E+13  RESID_RMS= 5.49086E-03  FCOST_DATA= 1.50748E-05  FCOST0= 1.50748E-05
  
 -------------- calculate Frechet derivatives -----------
 IFREQ =          10    ITERATION =           4
||Frechet||_F=  4.1435E-13max|Frechet|=  6.7876E-18
||Frechet||_F=  4.1435E-13max|Frechet|=  6.7876E-18
||Frechet||_F=  4.1435E-13max|Frechet|=  6.7876E-18
||Frechet||_F=  4.1435E-13max|Frechet|=  6.7876E-18
||Frechet||_F=  4.1435E-13max|Frechet|=  6.7876E-18
||Frechet||_F=  4.1435E-13max|Frechet|=  6.7876E-18
Grad block   7 GRAD_SCALED MORM =   1.1293E-03
MT try: alpha=  1.0000E+00  phi=  1.5075E-05  dg=  1.2379E-05  dg0= -3.0100E-06
MT try: armijo_rhs=  2.8689E-06  armijo=F  curvature=F  task=FG
 UPDATEPARAMETER: f-scale only
UPDATEPARAMETER PAR_STEP min/max, V_STEP min/max =  7.3069357061E+01  1.6874488043E+02
  7.3069357061E+01  1.6874488043E+02
 WD_amp= 7.74749E+13  RESID_RMS= 2.36449E-03  FCOST_DATA= 2.79541E-06  FCOST0= 2.79541E-06
  
 -------------- calculate Frechet derivatives -----------
 IFREQ =          10    ITERATION =           4
||Frechet||_F=  4.1135E-13max|Frechet|=  6.4293E-18
||Frechet||_F=  4.1135E-13max|Frechet|=  6.4293E-18
||Frechet||_F=  4.1135E-13max|Frechet|=  6.4293E-18
||Frechet||_F=  4.1135E-13max|Frechet|=  6.4293E-18
||Frechet||_F=  4.1135E-13max|Frechet|=  6.4293E-18
||Frechet||_F=  4.1135E-13max|Frechet|=  6.4293E-18
Grad block   7 GRAD_SCALED MORM =   1.8809E-04
MT try: alpha=  5.1736E-02  phi=  2.7954E-06  dg= -2.2467E-06  dg0= -3.0100E-06
MT try: armijo_rhs=  2.8692E-06  armijo=T  curvature=T  task=FG
  
  
  
  
Convergence reached, updating parameter grid
ALPHA from line search =  .5173553382021578E-01
 FCOST0 after linesearch  2.795410575844681E-006
Norm of s (s_norm) =  .5564837243768790E-02
  
  
Convergence check at iteration    4
  Relative cost decrease  =  2.5723E-02
  Relative model update   =  0.0000E+00
  Relative grad. norm     =  1.7628E+00
Time for LBFGS =  22.08268636067708 min
  
 Frequency:          10 Iteration:           5
t_global   =    409.007 s
  
 -------------- calculate Frechet derivatives -----------
 IFREQ =          10    ITERATION =           5
||Frechet||_F=  4.1135E-13max|Frechet|=  6.4293E-18
||Frechet||_F=  4.1135E-13max|Frechet|=  6.4293E-18
||Frechet||_F=  4.1135E-13max|Frechet|=  6.4293E-18
||Frechet||_F=  4.1135E-13max|Frechet|=  6.4293E-18
||Frechet||_F=  4.1135E-13max|Frechet|=  6.4293E-18
||Frechet||_F=  4.1135E-13max|Frechet|=  6.4293E-18
 
TIME for Frechet calc =  4.182668304443359 min
 
 
  compute the residual and the cost function
 WD_amp= 7.74749E+13  RESID_RMS= 2.36449E-03  FCOST_DATA= 2.79541E-06  FCOST0= 2.79541E-06
Grad block   7 GRAD_SCALED MORM =   1.8809E-04
Gradient finished
Start LBFGS 
curvature (warm): s·y=  3.9486E-08  ||s||^2=  3.0967E-05  ||y||^2=  1.9907E-09  sTy_min=  2.4829E-08
LBFGS step: g·p = -3.8177E-06  ||p||=  1.7768E-01
LBFGS step: min(p)= -7.9872E-03  max(p)=  1.5310E-02
LBFGS p_k (unscaled) stats per active parameter:
  IA=  7  PAR={Q11}  min=-4.93743E+01  max= 9.46429E+01  L2= 1.09838E+03
min(p_k)= -7.9872E-03  max(p_k)=  1.5310E-02  ||p_k||=  1.7768E-01
min(p_kf)= -7.9872E-03  max(p_kf)=  1.5310E-02  ||p_kf||=  7.1074E-01
p_k/p_kf  =   2.5000E-01
Start linesearch
MT entry: phi(0)=  2.7954E-06  dg0= -3.8177E-06  alpha0=  1.0000E+00
 UPDATEPARAMETER: f-scale only
UPDATEPARAMETER PAR_STEP min/max, V_STEP min/max =  3.4375803438E+01  2.2971662792E+02
  3.4375803438E+01  2.2971662792E+02
 WD_amp= 7.74749E+13  RESID_RMS= 6.85624E-03  FCOST_DATA= 2.35040E-05  FCOST0= 2.35040E-05
  
 -------------- calculate Frechet derivatives -----------
 IFREQ =          10    ITERATION =           5
||Frechet||_F=  4.0129E-13max|Frechet|=  6.3489E-18
||Frechet||_F=  4.0129E-13max|Frechet|=  6.3489E-18
||Frechet||_F=  4.0129E-13max|Frechet|=  6.3489E-18
||Frechet||_F=  4.0129E-13max|Frechet|=  6.3489E-18
||Frechet||_F=  4.0129E-13max|Frechet|=  6.3489E-18
||Frechet||_F=  4.0129E-13max|Frechet|=  6.3489E-18
Grad block   7 GRAD_SCALED MORM =   8.8961E-04
MT try: alpha=  1.0000E+00  phi=  2.3504E-05  dg=  8.9973E-06  dg0= -3.8177E-06
MT try: armijo_rhs=  2.7950E-06  armijo=F  curvature=F  task=FG
 UPDATEPARAMETER: f-scale only
UPDATEPARAMETER PAR_STEP min/max, V_STEP min/max =  7.3000829776E+01  1.6878897808E+02
  7.3000829776E+01  1.6878897808E+02
 WD_amp= 7.74749E+13  RESID_RMS= 2.39552E-03  FCOST_DATA= 2.86926E-06  FCOST0= 2.86926E-06
  
 -------------- calculate Frechet derivatives -----------
 IFREQ =          10    ITERATION =           5
||Frechet||_F=  4.1058E-13max|Frechet|=  6.4267E-18
||Frechet||_F=  4.1058E-13max|Frechet|=  6.4267E-18
||Frechet||_F=  4.1058E-13max|Frechet|=  6.4267E-18
||Frechet||_F=  4.1058E-13max|Frechet|=  6.4267E-18
||Frechet||_F=  4.1058E-13max|Frechet|=  6.4267E-18
||Frechet||_F=  4.1058E-13max|Frechet|=  6.4267E-18
Grad block   7 GRAD_SCALED MORM =   1.6922E-04
MT try: alpha=  3.2351E-02  phi=  2.8693E-06  dg= -3.2519E-06  dg0= -3.8177E-06
MT try: armijo_rhs=  2.7954E-06  armijo=F  curvature=T  task=FG
 UPDATEPARAMETER: f-scale only
UPDATEPARAMETER PAR_STEP min/max, V_STEP min/max =  7.3072221609E+01  1.6875024097E+02
  7.3072221609E+01  1.6875024097E+02
 WD_amp= 7.74749E+13  RESID_RMS= 2.36709E-03  FCOST_DATA= 2.80156E-06  FCOST0= 2.80156E-06
  
 -------------- calculate Frechet derivatives -----------
 IFREQ =          10    ITERATION =           5
||Frechet||_F=  4.1125E-13max|Frechet|=  6.4290E-18
||Frechet||_F=  4.1125E-13max|Frechet|=  6.4290E-18
||Frechet||_F=  4.1125E-13max|Frechet|=  6.4290E-18
||Frechet||_F=  4.1125E-13max|Frechet|=  6.4290E-18
||Frechet||_F=  4.1125E-13max|Frechet|=  6.4290E-18
||Frechet||_F=  4.1125E-13max|Frechet|=  6.4290E-18
Grad block   7 GRAD_SCALED MORM =   1.8547E-04
MT try: alpha=  3.9584E-03  phi=  2.8016E-06  dg= -3.7476E-06  dg0= -3.8177E-06
MT try: armijo_rhs=  2.7954E-06  armijo=F  curvature=F  task=FG
 UPDATEPARAMETER: f-scale only
UPDATEPARAMETER PAR_STEP min/max, V_STEP min/max =  7.3069752307E+01  1.6874562007E+02
  7.3069752307E+01  1.6874562007E+02
 WD_amp= 7.74749E+13  RESID_RMS= 2.36483E-03  FCOST_DATA= 2.79621E-06  FCOST0= 2.79621E-06
  
 -------------- calculate Frechet derivatives -----------
 IFREQ =          10    ITERATION =           5
||Frechet||_F=  4.1134E-13max|Frechet|=  6.4293E-18
||Frechet||_F=  4.1134E-13max|Frechet|=  6.4293E-18
||Frechet||_F=  4.1134E-13max|Frechet|=  6.4293E-18
||Frechet||_F=  4.1134E-13max|Frechet|=  6.4293E-18
||Frechet||_F=  4.1134E-13max|Frechet|=  6.4293E-18
||Frechet||_F=  4.1134E-13max|Frechet|=  6.4293E-18
Grad block   7 GRAD_SCALED MORM =   1.8772E-04
MT try: alpha=  5.4618E-04  phi=  2.7962E-06  dg= -3.8080E-06  dg0= -3.8177E-06
MT try: armijo_rhs=  2.7954E-06  armijo=F  curvature=F  task=FG
 UPDATEPARAMETER: f-scale only
UPDATEPARAMETER PAR_STEP min/max, V_STEP min/max =  7.3069412468E+01  1.6874498411E+02
  7.3069412468E+01  1.6874498411E+02
 WD_amp= 7.74749E+13  RESID_RMS= 2.36454E-03  FCOST_DATA= 2.79552E-06  FCOST0= 2.79552E-06
LS STOP (stagnation): alpha=  7.6565E-05  FCOST1=  2.7955E-06  FCOST0=  2.7954E-06
 Line search failed (IFLAG=          11 ), inversion diverged.
 --------- Frequency   7.40000000000000       (band            1 )
[ComputeAcqWeight] empty acq_weight_file, using uniform weights = 1.0
Data weighting computed for frequency 4607182418800017373
XSRmin, XSRmax, ZSRmin, ZSRMax -1960.000000000000 .000000000000000 2050.000000000000 4030.000000000000
1 FKYC
1.2 FKYC
my_rank, FKYC,WLMAX, RMAX 0 .6064639731277687E-01 692.2674047084824 2786.036611389018
1.1 NK
NK in cky2= 88

  Number of wavenumber samples (NK) for FREQ =   88
Data weighting computed for frequency 4607182418800017373
Data weighting computed for frequency 4607182418800017373
Data weighting computed for frequency 4607182418800017373
  RMAX = 2786.04
Data weighting computed for frequency 4607182418800017373
Data weighting computed for frequency 4607182418800017373
--- Pre-solver preview (memory + RHS workload) ---
   GQG dims: NNX=       585  NNZ=       317  NPT=    185445
   DOF:     N=3*NPT =    556335
   Sources: NSR=       100  NSS=        20  NK=        88
   RHS total (per IK): nrhs_tot=3*NSS =        60
   Batch:    MAX_RHS_BATCH=        32  nbatches=         2
   GFMY  (GFX+GFY+GFZ):         21.886 GB
   RHS_MY(rhs+sol buffers):      0.531 GB
 
 running run_ik_loop_pardiso
before CA | VmRSS=  23.588 GB  VmHWM= 111.498 GB
after CA | VmRSS=  24.863 GB  VmHWM= 111.498 GB
after factor | VmRSS=  28.623 GB  VmHWM= 111.498 GB
f=     7.400 Hz | ky=  0.689164E-03 | IK=       1/      88 | t=   17.292800 s | CA=  2.5440 | fact= 12.8265 | GF=  1.9221 | solve=  1.7654 | scatter=  0.0539
f=     7.400 Hz | ky=  0.137833E-02 | IK=       2/      88 | t=    6.967300 s | CA=  2.5824 | fact=  2.5716 | GF=  1.8133 | solve=  1.6886 | scatter=  0.0515
f=     7.400 Hz | ky=  0.206749E-02 | IK=       3/      88 | t=    6.938300 s | CA=  2.5815 | fact=  2.5422 | GF=  1.8146 | solve=  1.6897 | scatter=  0.0519
f=     7.400 Hz | ky=  0.275665E-02 | IK=       4/      88 | t=    6.956500 s | CA=  2.5902 | fact=  2.5544 | GF=  1.8119 | solve=  1.6889 | scatter=  0.0501
f=     7.400 Hz | ky=  0.344582E-02 | IK=       5/      88 | t=    6.963000 s | CA=  2.5972 | fact=  2.5431 | GF=  1.8227 | solve=  1.6961 | scatter=  0.0536
f=     7.400 Hz | ky=  0.413498E-02 | IK=       6/      88 | t=    6.951300 s | CA=  2.5698 | fact=  2.5668 | GF=  1.8147 | solve=  1.6903 | scatter=  0.0514
f=     7.400 Hz | ky=  0.482415E-02 | IK=       7/      88 | t=    6.907100 s | CA=  2.5906 | fact=  2.5045 | GF=  1.8119 | solve=  1.6873 | scatter=  0.0516
f=     7.400 Hz | ky=  0.551331E-02 | IK=       8/      88 | t=    6.977300 s | CA=  2.6045 | fact=  2.5600 | GF=  1.8127 | solve=  1.6871 | scatter=  0.0524
f=     7.400 Hz | ky=  0.620247E-02 | IK=       9/      88 | t=    7.027000 s | CA=  2.6289 | fact=  2.5832 | GF=  1.8148 | solve=  1.6915 | scatter=  0.0503
f=     7.400 Hz | ky=  0.689164E-02 | IK=      10/      88 | t=    6.933800 s | CA=  2.5582 | fact=  2.5637 | GF=  1.8119 | solve=  1.6881 | scatter=  0.0508
f=     7.400 Hz | ky=  0.758080E-02 | IK=      11/      88 | t=    6.983500 s | CA=  2.5911 | fact=  2.5759 | GF=  1.8165 | solve=  1.6898 | scatter=  0.0536
f=     7.400 Hz | ky=  0.826996E-02 | IK=      12/      88 | t=    7.008300 s | CA=  2.6082 | fact=  2.5794 | GF=  1.8206 | solve=  1.6929 | scatter=  0.0547
f=     7.400 Hz | ky=  0.895913E-02 | IK=      13/      88 | t=    6.980500 s | CA=  2.5987 | fact=  2.5718 | GF=  1.8100 | solve=  1.6854 | scatter=  0.0514
f=     7.400 Hz | ky=  0.964829E-02 | IK=      14/      88 | t=    7.008600 s | CA=  2.6028 | fact=  2.5864 | GF=  1.8193 | solve=  1.6949 | scatter=  0.0513
f=     7.400 Hz | ky=  0.103375E-01 | IK=      15/      88 | t=    7.000000 s | CA=  2.6126 | fact=  2.5725 | GF=  1.8149 | solve=  1.6908 | scatter=  0.0509
PARDISO mem (f=  7.40 Hz): sym=  1.95 GB  perm=  1.42 GB  num=  3.22 GB  
peak=  4.64 GB
t_global   =    164.314 s
TIME for 1st forward modeling =  2.738396708170573  min
TIME for GT0 =  .9233333667119344E-02  min
Data scaler W for L2 norm: 81248105960047.30
Data scaler W for WQS norm: .1007948000807317E-312
Total number of active inversion parameters for current sequential stage (IM):          1
Total model blocks points (NM = IM * NBLOCK):      11534 on grid (NMM = IM * NPT):    185445
 Gradient balance ():   1.00000000000000        1.00000000000000     
   1.00000000000000        1.00000000000000        1.00000000000000     
   1.00000000000000        1.00000000000000        1.00000000000000     
   1.00000000000000        1.00000000000000        1.00000000000000     
 IE0, IZ          30           0
 IE0, IZ, GZ1, GZ2 =           30           0   100.000000000000     
   300.000000000000     
  
 Frequency:          11 Iteration:           1
--- Pre-solver preview (memory + RHS workload) ---
   GQG dims: NNX=       585  NNZ=       317  NPT=    185445
   DOF:     N=3*NPT =    556335
   Sources: NSR=       100  NSS=       100  NK=        88
   RHS total (per IK): nrhs_tot=3*NSS =       300
   Batch:    MAX_RHS_BATCH=        32  nbatches=        10
   GFMY  (GFX+GFY+GFZ):        109.428 GB
   RHS_MY(rhs+sol buffers):      0.531 GB
 
 running run_ik_loop_pardiso
before CA | VmRSS= 111.940 GB  VmHWM= 111.940 GB
after CA | VmRSS= 113.327 GB  VmHWM= 117.464 GB
after factor | VmRSS= 117.089 GB  VmHWM= 117.464 GB
f=     7.400 Hz | ky=  0.689164E-03 | IK=       1/      88 | t=   24.292200 s | CA=  2.5135 | fact= 12.8366 | GF=  8.9419 | solve=  8.2824 | scatter=  0.2486
f=     7.400 Hz | ky=  0.137833E-02 | IK=       2/      88 | t=   14.012000 s | CA=  2.5968 | fact=  2.5623 | GF=  8.8529 | solve=  8.2204 | scatter=  0.2526
f=     7.400 Hz | ky=  0.206749E-02 | IK=       3/      88 | t=   14.011900 s | CA=  2.6021 | fact=  2.5635 | GF=  8.8463 | solve=  8.2192 | scatter=  0.2467
f=     7.400 Hz | ky=  0.275665E-02 | IK=       4/      88 | t=   14.042300 s | CA=  2.5914 | fact=  2.5723 | GF=  8.8786 | solve=  8.2462 | scatter=  0.2524
f=     7.400 Hz | ky=  0.344582E-02 | IK=       5/      88 | t=   14.002500 s | CA=  2.5740 | fact=  2.5677 | GF=  8.8608 | solve=  8.2315 | scatter=  0.2494
f=     7.400 Hz | ky=  0.413498E-02 | IK=       6/      88 | t=   14.034500 s | CA=  2.5988 | fact=  2.5665 | GF=  8.8691 | solve=  8.2339 | scatter=  0.2544
f=     7.400 Hz | ky=  0.482415E-02 | IK=       7/      88 | t=   14.019700 s | CA=  2.5748 | fact=  2.5802 | GF=  8.8646 | solve=  8.2361 | scatter=  0.2474
f=     7.400 Hz | ky=  0.551331E-02 | IK=       8/      88 | t=   14.000700 s | CA=  2.5710 | fact=  2.5720 | GF=  8.8576 | solve=  8.2247 | scatter=  0.2521
f=     7.400 Hz | ky=  0.620247E-02 | IK=       9/      88 | t=   14.048400 s | CA=  2.6438 | fact=  2.5487 | GF=  8.8559 | solve=  8.2270 | scatter=  0.2487
f=     7.400 Hz | ky=  0.689164E-02 | IK=      10/      88 | t=   13.829400 s | CA=  2.5896 | fact=  2.5235 | GF=  8.7157 | solve=  8.0802 | scatter=  0.2535
f=     7.400 Hz | ky=  0.758080E-02 | IK=      11/      88 | t=   13.637700 s | CA=  2.5732 | fact=  2.5590 | GF=  8.5054 | solve=  7.8772 | scatter=  0.2479
f=     7.400 Hz | ky=  0.826996E-02 | IK=      12/      88 | t=   13.464900 s | CA=  2.5999 | fact=  2.5917 | GF=  8.2733 | solve=  7.6366 | scatter=  0.2555
f=     7.400 Hz | ky=  0.895913E-02 | IK=      13/      88 | t=   13.478200 s | CA=  2.6257 | fact=  2.6020 | GF=  8.2505 | solve=  7.6195 | scatter=  0.2502
f=     7.400 Hz | ky=  0.964829E-02 | IK=      14/      88 | t=   13.459500 s | CA=  2.6041 | fact=  2.5855 | GF=  8.2699 | solve=  7.6342 | scatter=  0.2539
f=     7.400 Hz | ky=  0.103375E-01 | IK=      15/      88 | t=   13.387000 s | CA=  2.5583 | fact=  2.5753 | GF=  8.2533 | solve=  7.6221 | scatter=  0.2486
PARDISO mem (f=  7.40 Hz): sym=  1.95 GB  perm=  1.42 GB  num=  3.22 GB  
peak=  4.64 GB
t_global   =    465.290 s
TIME for 2d forward modeling_i calc =  7.753006490071614 min
Rank    5 -> ID range:   4001 to   4800 | Tasks:    800
Rank    4 -> ID range:   3201 to   4000 | Tasks:    800
Rank    2 -> ID range:   1601 to   2400 | Tasks:    800
Rank    3 -> ID range:   2401 to   3200 | Tasks:    800
Rank    1 -> ID range:    801 to   1600 | Tasks:    800
  
 -------------- calculate Frechet derivatives -----------
 IFREQ =          11    ITERATION =           1
Frechet memory size Frec_my:      0.825 (Gb)
Rank    0 -> ID range:      1 to    800 | Tasks:    800
FREQ:      7.4 Hz, ITER=       1  Frechet Derivative ID=     100/    4800 Finished   0.335700 s
FREQ:      7.4 Hz, ITER=       1  Frechet Derivative ID=     200/    4800 Finished   0.334500 s
FREQ:      7.4 Hz, ITER=       1  Frechet Derivative ID=     300/    4800 Finished   0.341200 s
FREQ:      7.4 Hz, ITER=       1  Frechet Derivative ID=     400/    4800 Finished   0.322100 s
FREQ:      7.4 Hz, ITER=       1  Frechet Derivative ID=     500/    4800 Finished   0.334700 s
FREQ:      7.4 Hz, ITER=       1  Frechet Derivative ID=     600/    4800 Finished   0.334200 s
FREQ:      7.4 Hz, ITER=       1  Frechet Derivative ID=     700/    4800 Finished   0.334500 s
FREQ:      7.4 Hz, ITER=       1  Frechet Derivative ID=     800/    4800 Finished   0.332700 s
||Frechet||_F=  3.9935E-13max|Frechet|=  6.2393E-18
||Frechet||_F=  3.9935E-13max|Frechet|=  6.2393E-18
||Frechet||_F=  3.9935E-13max|Frechet|=  6.2393E-18
 
TIME for Frechet calc =  4.676038106282552 min
 
m_fine: min=  7.3069E+01  max=  1.6874E+02  mean=  1.3518E+02  ||.||2=  6.0252E+04  size=  185445
m_coarse_prev: min=  7.3371E+01  max=  1.6837E+02  mean=  1.3522E+02  ||.||2=  1.5029E+04  size=   11534
 
  compute the residual and the cost function
 WD_amp= 8.12481E+13  RESID_RMS= 2.32001E-03  FCOST_DATA= 2.69122E-06  FCOST0= 2.69122E-06
||Frechet||_F=  3.9935E-13max|Frechet|=  6.2393E-18
||Frechet||_F=  3.9935E-13max|Frechet|=  6.2393E-18
||Frechet||_F=  3.9935E-13max|Frechet|=  6.2393E-18
IA=  7  H(single F0) min= 0.00000E+00  max= 3.58019E-02
IA=  7  H(F0^2)     min= 0.00000E+00  max= 3.58019E-02
HESSD: ia=   7  min= 0.00000E+00  max= 3.99003E+03
IA=  7  H(single F0) min= 0.00000E+00  max= 3.58019E-02
IA=  7  H(F0^2)     min= 0.00000E+00  max= 3.58019E-02
HESSD: ia=   7  min= 0.00000E+00  max= 3.99003E+03
IA=  7  H(single F0) min= 0.00000E+00  max= 3.58019E-02
IA=  7  H(F0^2)     min= 0.00000E+00  max= 3.58019E-02
HESSD: ia=   7  min= 0.00000E+00  max= 3.99003E+03
IA=  7  H(single F0) min= 0.00000E+00  max= 3.58019E-02
IA=  7  H(F0^2)     min= 0.00000E+00  max= 3.58019E-02
HESSD: ia=   7  min= 0.00000E+00  max= 3.99003E+03
IA=  7  H(single F0) min= 0.00000E+00  max= 3.58019E-02
IA=  7  H(F0^2)     min= 0.00000E+00  max= 3.58019E-02
HESSD: ia=   7  min= 0.00000E+00  max= 3.99003E+03
IA=  7  H(single F0) min= 0.00000E+00  max= 3.58019E-02
IA=  7  H(F0^2)     min= 0.00000E+00  max= 3.58019E-02
HESSD: ia=   7  min= 0.00000E+00  max= 3.99003E+03
Grad block   7 GRAD_SCALED MORM =   2.2431E-04
Raw grad block  7  PAR={Q11}  min= -4.1171E-09  max=  3.3588E-09  L2=  3.8363E-08
Gradient finished
Start LBFGS 
LBFGS steepest step , iter=      1
  g·p = -1.0274E-05  ||p|| =  7.8243E-02
  min(p)= -3.1811E-03  max(p)=  6.3654E-03
LBFGS p_k (unscaled) stats per active parameter:
  IA=  7  PAR={Q11}  min=-1.96645E+01  max= 3.93484E+01  L2= 4.83671E+02
min(p_k)= -3.1811E-03  max(p_k)=  6.3654E-03  ||p_k||=  7.8243E-02
min(p_kf)= -3.1811E-03  max(p_kf)=  6.3654E-03  ||p_kf||=  3.1297E-01
p_k/p_kf  =   2.5000E-01
Start linesearch
BT entry: phi(0)=  2.6912E-06  g·p(0)= -1.0274E-05
 UPDATEPARAMETER: f-scale only
UPDATEPARAMETER PAR_STEP min/max, V_STEP min/max =  7.3099083095E+01  1.6895605863E+02
  7.3099083095E+01  1.6895605863E+02
REL STEP Q      : k=  7 row=  2 rmax_k=  4.9672E-01 row_scale=  1.6874E+02
BT cap probe: rmax1=  4.9672E-01  alpha_cap=  1.0000E+00  alpha00=  1.0000E+00
 UPDATEPARAMETER: f-scale only
UPDATEPARAMETER PAR_STEP min/max, V_STEP min/max =  7.3099083095E+01  1.6895605863E+02
  7.3099083095E+01  1.6895605863E+02
 running run_ik_loop_pardiso
before CA | VmRSS=  24.432 GB  VmHWM= 122.307 GB
after CA | VmRSS=  25.035 GB  VmHWM= 122.307 GB
after factor | VmRSS=  28.794 GB  VmHWM= 122.307 GB
f=     7.400 Hz | ky=  0.689164E-03 | IK=       1/      88 | t=   17.302700 s | CA=  2.5165 | fact= 12.8574 | GF=  1.9286 | solve=  1.7725 | scatter=  0.0533
f=     7.400 Hz | ky=  0.137833E-02 | IK=       2/      88 | t=    6.953700 s | CA=  2.6080 | fact=  2.5273 | GF=  1.8184 | solve=  1.6947 | scatter=  0.0506
f=     7.400 Hz | ky=  0.206749E-02 | IK=       3/      88 | t=    6.921500 s | CA=  2.5618 | fact=  2.5428 | GF=  1.8168 | solve=  1.6908 | scatter=  0.0523
f=     7.400 Hz | ky=  0.275665E-02 | IK=       4/      88 | t=    7.027300 s | CA=  2.6441 | fact=  2.5662 | GF=  1.8169 | solve=  1.6915 | scatter=  0.0517
f=     7.400 Hz | ky=  0.344582E-02 | IK=       5/      88 | t=    7.034000 s | CA=  2.6233 | fact=  2.5873 | GF=  1.8234 | solve=  1.6959 | scatter=  0.0544
f=     7.400 Hz | ky=  0.413498E-02 | IK=       6/      88 | t=    6.983400 s | CA=  2.5812 | fact=  2.5775 | GF=  1.8246 | solve=  1.6955 | scatter=  0.0559
f=     7.400 Hz | ky=  0.482415E-02 | IK=       7/      88 | t=    6.997100 s | CA=  2.6058 | fact=  2.5710 | GF=  1.8203 | solve=  1.6934 | scatter=  0.0537
f=     7.400 Hz | ky=  0.551331E-02 | IK=       8/      88 | t=    6.950300 s | CA=  2.5716 | fact=  2.5630 | GF=  1.8156 | solve=  1.6921 | scatter=  0.0505
f=     7.400 Hz | ky=  0.620247E-02 | IK=       9/      88 | t=    6.983600 s | CA=  2.5900 | fact=  2.5757 | GF=  1.8178 | solve=  1.6908 | scatter=  0.0539
f=     7.400 Hz | ky=  0.689164E-02 | IK=      10/      88 | t=    6.918400 s | CA=  2.5308 | fact=  2.5670 | GF=  1.8206 | solve=  1.6934 | scatter=  0.0541
f=     7.400 Hz | ky=  0.758080E-02 | IK=      11/      88 | t=    7.016600 s | CA=  2.6259 | fact=  2.5673 | GF=  1.8233 | solve=  1.6977 | scatter=  0.0525
f=     7.400 Hz | ky=  0.826996E-02 | IK=      12/      88 | t=    6.896700 s | CA=  2.5870 | fact=  2.4895 | GF=  1.8202 | solve=  1.6950 | scatter=  0.0520
f=     7.400 Hz | ky=  0.895913E-02 | IK=      13/      88 | t=    6.983200 s | CA=  2.5984 | fact=  2.5671 | GF=  1.8176 | solve=  1.6934 | scatter=  0.0511
f=     7.400 Hz | ky=  0.964829E-02 | IK=      14/      88 | t=    7.016600 s | CA=  2.6126 | fact=  2.5761 | GF=  1.8279 | solve=  1.7003 | scatter=  0.0545
f=     7.400 Hz | ky=  0.103375E-01 | IK=      15/      88 | t=    6.984400 s | CA=  2.5948 | fact=  2.5751 | GF=  1.8144 | solve=  1.6898 | scatter=  0.0515
PARDISO mem (f=  7.40 Hz): sym=  1.95 GB  perm=  1.42 GB  num=  3.22 GB  
peak=  4.64 GB
 WD_amp= 8.12481E+13  RESID_RMS= 1.36683E-02  FCOST_DATA= 9.34113E-05  FCOST0= 9.34113E-05
BT: alpha=  1.0000E+00  phi=  9.3411E-05  rhs=  2.6902E-06
 UPDATEPARAMETER: f-scale only
UPDATEPARAMETER PAR_STEP min/max, V_STEP min/max =  7.4557414195E+01  1.6885014929E+02
  7.4557414195E+01  1.6885014929E+02
 running run_ik_loop_pardiso
before CA | VmRSS=  24.438 GB  VmHWM= 122.307 GB
after CA | VmRSS=  25.864 GB  VmHWM= 122.307 GB
after factor | VmRSS=  29.618 GB  VmHWM= 122.307 GB
f=     7.400 Hz | ky=  0.689164E-03 | IK=       1/      88 | t=   17.231200 s | CA=  2.4737 | fact= 12.8401 | GF=  1.9172 | solve=  1.7652 | scatter=  0.0495
f=     7.400 Hz | ky=  0.137833E-02 | IK=       2/      88 | t=    7.009400 s | CA=  2.6375 | fact=  2.5557 | GF=  1.8162 | solve=  1.6884 | scatter=  0.0548
f=     7.400 Hz | ky=  0.206749E-02 | IK=       3/      88 | t=    6.985100 s | CA=  2.5968 | fact=  2.5675 | GF=  1.8208 | solve=  1.6940 | scatter=  0.0536
f=     7.400 Hz | ky=  0.275665E-02 | IK=       4/      88 | t=    6.968400 s | CA=  2.5891 | fact=  2.5651 | GF=  1.8142 | solve=  1.6913 | scatter=  0.0498
f=     7.400 Hz | ky=  0.344582E-02 | IK=       5/      88 | t=    6.930900 s | CA=  2.5508 | fact=  2.5586 | GF=  1.8215 | solve=  1.6950 | scatter=  0.0535
f=     7.400 Hz | ky=  0.413498E-02 | IK=       6/      88 | t=    6.969800 s | CA=  2.5875 | fact=  2.5668 | GF=  1.8155 | solve=  1.6916 | scatter=  0.0509
f=     7.400 Hz | ky=  0.482415E-02 | IK=       7/      88 | t=    6.990600 s | CA=  2.6051 | fact=  2.5712 | GF=  1.8143 | solve=  1.6903 | scatter=  0.0510
f=     7.400 Hz | ky=  0.551331E-02 | IK=       8/      88 | t=    6.960300 s | CA=  2.5718 | fact=  2.5705 | GF=  1.8180 | solve=  1.6940 | scatter=  0.0508
f=     7.400 Hz | ky=  0.620247E-02 | IK=       9/      88 | t=    6.942800 s | CA=  2.5778 | fact=  2.5498 | GF=  1.8151 | solve=  1.6908 | scatter=  0.0509
f=     7.400 Hz | ky=  0.689164E-02 | IK=      10/      88 | t=    6.950800 s | CA=  2.5530 | fact=  2.5756 | GF=  1.8222 | solve=  1.6928 | scatter=  0.0560
f=     7.400 Hz | ky=  0.758080E-02 | IK=      11/      88 | t=    6.974000 s | CA=  2.5777 | fact=  2.5791 | GF=  1.8172 | solve=  1.6913 | scatter=  0.0525
f=     7.400 Hz | ky=  0.826996E-02 | IK=      12/      88 | t=    6.938500 s | CA=  2.5438 | fact=  2.5813 | GF=  1.8133 | solve=  1.6878 | scatter=  0.0525
f=     7.400 Hz | ky=  0.895913E-02 | IK=      13/      88 | t=    6.982400 s | CA=  2.6104 | fact=  2.5524 | GF=  1.8195 | solve=  1.6955 | scatter=  0.0505
f=     7.400 Hz | ky=  0.964829E-02 | IK=      14/      88 | t=    6.934900 s | CA=  2.5587 | fact=  2.5559 | GF=  1.8202 | solve=  1.6925 | scatter=  0.0545
f=     7.400 Hz | ky=  0.103375E-01 | IK=      15/      88 | t=    6.945400 s | CA=  2.5485 | fact=  2.5806 | GF=  1.8162 | solve=  1.6918 | scatter=  0.0512
PARDISO mem (f=  7.40 Hz): sym=  1.95 GB  perm=  1.42 GB  num=  3.22 GB  
peak=  4.64 GB
 WD_amp= 8.12481E+13  RESID_RMS= 7.52635E-03  FCOST_DATA= 2.83230E-05  FCOST0= 2.83230E-05
BT: alpha=  5.0000E-01  phi=  2.8323E-05  rhs=  2.6907E-06
 UPDATEPARAMETER: f-scale only
UPDATEPARAMETER PAR_STEP min/max, V_STEP min/max =  7.5129158572E+01  1.6879719462E+02
  7.5129158572E+01  1.6879719462E+02
 running run_ik_loop_pardiso
before CA | VmRSS=  24.424 GB  VmHWM= 122.307 GB
after CA | VmRSS=  25.642 GB  VmHWM= 122.307 GB
after factor | VmRSS=  29.407 GB  VmHWM= 122.307 GB
f=     7.400 Hz | ky=  0.689164E-03 | IK=       1/      88 | t=   17.285900 s | CA=  2.5276 | fact= 12.8382 | GF=  1.9198 | solve=  1.7635 | scatter=  0.0539
f=     7.400 Hz | ky=  0.137833E-02 | IK=       2/      88 | t=    6.981200 s | CA=  2.5864 | fact=  2.5755 | GF=  1.8193 | solve=  1.6943 | scatter=  0.0519
f=     7.400 Hz | ky=  0.206749E-02 | IK=       3/      88 | t=    6.968400 s | CA=  2.5758 | fact=  2.5770 | GF=  1.8156 | solve=  1.6903 | scatter=  0.0518
f=     7.400 Hz | ky=  0.275665E-02 | IK=       4/      88 | t=    7.010300 s | CA=  2.6095 | fact=  2.5828 | GF=  1.8180 | solve=  1.6937 | scatter=  0.0513
f=     7.400 Hz | ky=  0.344582E-02 | IK=       5/      88 | t=    7.005700 s | CA=  2.6221 | fact=  2.5644 | GF=  1.8192 | solve=  1.6937 | scatter=  0.0526
f=     7.400 Hz | ky=  0.413498E-02 | IK=       6/      88 | t=    6.945800 s | CA=  2.5703 | fact=  2.5592 | GF=  1.8163 | solve=  1.6893 | scatter=  0.0539
f=     7.400 Hz | ky=  0.482415E-02 | IK=       7/      88 | t=    6.995000 s | CA=  2.6340 | fact=  2.5481 | GF=  1.8129 | solve=  1.6879 | scatter=  0.0521
f=     7.400 Hz | ky=  0.551331E-02 | IK=       8/      88 | t=    6.909100 s | CA=  2.5911 | fact=  2.5292 | GF=  1.7888 | solve=  1.6648 | scatter=  0.0507
f=     7.400 Hz | ky=  0.620247E-02 | IK=       9/      88 | t=    6.963900 s | CA=  2.6257 | fact=  2.5541 | GF=  1.7841 | solve=  1.6587 | scatter=  0.0524
f=     7.400 Hz | ky=  0.689164E-02 | IK=      10/      88 | t=    6.875900 s | CA=  2.5728 | fact=  2.5387 | GF=  1.7643 | solve=  1.6373 | scatter=  0.0538
f=     7.400 Hz | ky=  0.758080E-02 | IK=      11/      88 | t=    6.930600 s | CA=  2.6115 | fact=  2.5501 | GF=  1.7690 | solve=  1.6446 | scatter=  0.0510
f=     7.400 Hz | ky=  0.826996E-02 | IK=      12/      88 | t=    6.921500 s | CA=  2.5792 | fact=  2.5747 | GF=  1.7675 | solve=  1.6432 | scatter=  0.0511
f=     7.400 Hz | ky=  0.895913E-02 | IK=      13/      88 | t=    7.022600 s | CA=  2.6808 | fact=  2.5675 | GF=  1.7742 | solve=  1.6475 | scatter=  0.0537
f=     7.400 Hz | ky=  0.964829E-02 | IK=      14/      88 | t=    6.943100 s | CA=  2.5921 | fact=  2.5829 | GF=  1.7681 | solve=  1.6426 | scatter=  0.0523
f=     7.400 Hz | ky=  0.103375E-01 | IK=      15/      88 | t=    6.963500 s | CA=  2.6245 | fact=  2.5729 | GF=  1.7660 | solve=  1.6416 | scatter=  0.0514
PARDISO mem (f=  7.40 Hz): sym=  1.95 GB  perm=  1.42 GB  num=  3.22 GB  
peak=  4.64 GB
 WD_amp= 8.12481E+13  RESID_RMS= 4.18569E-03  FCOST_DATA= 8.76000E-06  FCOST0= 8.76000E-06
BT: alpha=  2.5000E-01  phi=  8.7600E-06  rhs=  2.6910E-06
 UPDATEPARAMETER: f-scale only
UPDATEPARAMETER PAR_STEP min/max, V_STEP min/max =  7.4520091217E+01  1.6877071729E+02
  7.4520091217E+01  1.6877071729E+02
 running run_ik_loop_pardiso
before CA | VmRSS=  24.424 GB  VmHWM= 122.307 GB
after CA | VmRSS=  25.315 GB  VmHWM= 122.307 GB
after factor | VmRSS=  29.080 GB  VmHWM= 122.307 GB
f=     7.400 Hz | ky=  0.689164E-03 | IK=       1/      88 | t=   17.333900 s | CA=  2.5789 | fact= 12.8436 | GF=  1.9112 | solve=  1.7580 | scatter=  0.0506
f=     7.400 Hz | ky=  0.137833E-02 | IK=       2/      88 | t=    6.972900 s | CA=  2.5794 | fact=  2.5724 | GF=  1.8211 | solve=  1.6958 | scatter=  0.0524
f=     7.400 Hz | ky=  0.206749E-02 | IK=       3/      88 | t=    7.004900 s | CA=  2.6248 | fact=  2.5627 | GF=  1.8173 | solve=  1.6926 | scatter=  0.0516
f=     7.400 Hz | ky=  0.275665E-02 | IK=       4/      88 | t=    6.959700 s | CA=  2.5718 | fact=  2.5725 | GF=  1.8154 | solve=  1.6916 | scatter=  0.0508
f=     7.400 Hz | ky=  0.344582E-02 | IK=       5/      88 | t=    6.958900 s | CA=  2.5679 | fact=  2.5747 | GF=  1.8162 | solve=  1.6895 | scatter=  0.0537
f=     7.400 Hz | ky=  0.413498E-02 | IK=       6/      88 | t=    7.005500 s | CA=  2.6143 | fact=  2.5729 | GF=  1.8183 | solve=  1.6945 | scatter=  0.0508
f=     7.400 Hz | ky=  0.482415E-02 | IK=       7/      88 | t=    6.925500 s | CA=  2.5316 | fact=  2.5725 | GF=  1.8213 | solve=  1.6953 | scatter=  0.0529
f=     7.400 Hz | ky=  0.551331E-02 | IK=       8/      88 | t=    6.951200 s | CA=  2.5729 | fact=  2.5650 | GF=  1.8133 | solve=  1.6888 | scatter=  0.0514
f=     7.400 Hz | ky=  0.620247E-02 | IK=       9/      88 | t=    6.971200 s | CA=  2.5773 | fact=  2.5825 | GF=  1.8113 | solve=  1.6866 | scatter=  0.0514
f=     7.400 Hz | ky=  0.689164E-02 | IK=      10/      88 | t=    7.013100 s | CA=  2.6158 | fact=  2.5792 | GF=  1.8180 | solve=  1.6922 | scatter=  0.0525
f=     7.400 Hz | ky=  0.758080E-02 | IK=      11/      88 | t=    6.986500 s | CA=  2.5942 | fact=  2.5699 | GF=  1.8224 | solve=  1.6963 | scatter=  0.0529
f=     7.400 Hz | ky=  0.826996E-02 | IK=      12/      88 | t=    6.992300 s | CA=  2.6023 | fact=  2.5694 | GF=  1.8206 | solve=  1.6962 | scatter=  0.0513
f=     7.400 Hz | ky=  0.895913E-02 | IK=      13/      88 | t=    6.991800 s | CA=  2.5799 | fact=  2.5956 | GF=  1.8163 | solve=  1.6912 | scatter=  0.0518
f=     7.400 Hz | ky=  0.964829E-02 | IK=      14/      88 | t=    6.981400 s | CA=  2.6256 | fact=  2.5355 | GF=  1.8203 | solve=  1.6959 | scatter=  0.0513
f=     7.400 Hz | ky=  0.103375E-01 | IK=      15/      88 | t=    7.016100 s | CA=  2.6127 | fact=  2.5817 | GF=  1.8216 | solve=  1.6947 | scatter=  0.0537
PARDISO mem (f=  7.40 Hz): sym=  1.95 GB  perm=  1.42 GB  num=  3.22 GB  
peak=  4.64 GB
 WD_amp= 8.12481E+13  RESID_RMS= 2.73116E-03  FCOST_DATA= 3.72962E-06  FCOST0= 3.72962E-06
BT: alpha=  1.2500E-01  phi=  3.7296E-06  rhs=  2.6911E-06
 UPDATEPARAMETER: f-scale only
UPDATEPARAMETER PAR_STEP min/max, V_STEP min/max =  7.3794724139E+01  1.6875747862E+02
  7.3794724139E+01  1.6875747862E+02
 running run_ik_loop_pardiso
before CA | VmRSS=  24.969 GB  VmHWM= 122.307 GB
after CA | VmRSS=  26.308 GB  VmHWM= 122.307 GB
after factor | VmRSS=  30.074 GB  VmHWM= 122.307 GB
f=     7.400 Hz | ky=  0.689164E-03 | IK=       1/      88 | t=   17.470900 s | CA=  2.6969 | fact= 12.8556 | GF=  1.9182 | solve=  1.7625 | scatter=  0.0529
f=     7.400 Hz | ky=  0.137833E-02 | IK=       2/      88 | t=    7.019800 s | CA=  2.6239 | fact=  2.5745 | GF=  1.8213 | solve=  1.6946 | scatter=  0.0534
f=     7.400 Hz | ky=  0.206749E-02 | IK=       3/      88 | t=    7.007100 s | CA=  2.6271 | fact=  2.5588 | GF=  1.8211 | solve=  1.6951 | scatter=  0.0530
f=     7.400 Hz | ky=  0.275665E-02 | IK=       4/      88 | t=    7.038300 s | CA=  2.6418 | fact=  2.5787 | GF=  1.8178 | solve=  1.6931 | scatter=  0.0516
f=     7.400 Hz | ky=  0.344582E-02 | IK=       5/      88 | t=    6.977100 s | CA=  2.5900 | fact=  2.5691 | GF=  1.8180 | solve=  1.6909 | scatter=  0.0540
f=     7.400 Hz | ky=  0.413498E-02 | IK=       6/      88 | t=    7.009200 s | CA=  2.6285 | fact=  2.5595 | GF=  1.8211 | solve=  1.6966 | scatter=  0.0513
f=     7.400 Hz | ky=  0.482415E-02 | IK=       7/      88 | t=    6.990600 s | CA=  2.6100 | fact=  2.5624 | GF=  1.8182 | solve=  1.6923 | scatter=  0.0528
f=     7.400 Hz | ky=  0.551331E-02 | IK=       8/      88 | t=    7.051500 s | CA=  2.6634 | fact=  2.5702 | GF=  1.8178 | solve=  1.6898 | scatter=  0.0547
f=     7.400 Hz | ky=  0.620247E-02 | IK=       9/      88 | t=    7.026700 s | CA=  2.6481 | fact=  2.5579 | GF=  1.8207 | solve=  1.6959 | scatter=  0.0516
f=     7.400 Hz | ky=  0.689164E-02 | IK=      10/      88 | t=    6.956000 s | CA=  2.5842 | fact=  2.5521 | GF=  1.8197 | solve=  1.6916 | scatter=  0.0546
f=     7.400 Hz | ky=  0.758080E-02 | IK=      11/      88 | t=    7.027700 s | CA=  2.6365 | fact=  2.5766 | GF=  1.8146 | solve=  1.6915 | scatter=  0.0498
f=     7.400 Hz | ky=  0.826996E-02 | IK=      12/      88 | t=    6.988800 s | CA=  2.5691 | fact=  2.5954 | GF=  1.8242 | solve=  1.6985 | scatter=  0.0524
f=     7.400 Hz | ky=  0.895913E-02 | IK=      13/      88 | t=    7.005000 s | CA=  2.6120 | fact=  2.5679 | GF=  1.8251 | solve=  1.6979 | scatter=  0.0538
f=     7.400 Hz | ky=  0.964829E-02 | IK=      14/      88 | t=    6.958600 s | CA=  2.5868 | fact=  2.5540 | GF=  1.8177 | solve=  1.6924 | scatter=  0.0521
f=     7.400 Hz | ky=  0.103375E-01 | IK=      15/      88 | t=    7.048700 s | CA=  2.6555 | fact=  2.5759 | GF=  1.8173 | solve=  1.6935 | scatter=  0.0507
PARDISO mem (f=  7.40 Hz): sym=  1.95 GB  perm=  1.42 GB  num=  3.22 GB  
peak=  4.64 GB
 WD_amp= 8.12481E+13  RESID_RMS= 2.30899E-03  FCOST_DATA= 2.66571E-06  FCOST0= 2.66571E-06
BT: alpha=  6.2500E-02  phi=  2.6657E-06  rhs=  2.6912E-06
  
  
  
  
  
Convergence reached, updating parameter grid
ALPHA from line search =  .6250000000000000E-01
 FCOST0 after linesearch  2.665712161277205E-006
Norm of s (s_norm) =  .4890193508033491E-02
  
Time for LBFGS =  13.59164021809896 min
  
 Frequency:          11 Iteration:           2
t_global   =    466.091 s
  
 -------------- calculate Frechet derivatives -----------
 IFREQ =          11    ITERATION =           2
||Frechet||_F=  3.9678E-13max|Frechet|=  6.2506E-18
||Frechet||_F=  3.9678E-13max|Frechet|=  6.2506E-18
||Frechet||_F=  3.9678E-13max|Frechet|=  6.2506E-18
 
TIME for Frechet calc =  4.719320170084635 min
 
 
  compute the residual and the cost function
 WD_amp= 8.12481E+13  RESID_RMS= 2.30899E-03  FCOST_DATA= 2.66571E-06  FCOST0= 2.66571E-06
||Frechet||_F=  3.9678E-13max|Frechet|=  6.2506E-18
||Frechet||_F=  3.9678E-13max|Frechet|=  6.2506E-18
||Frechet||_F=  3.9678E-13max|Frechet|=  6.2506E-18
Grad block   7 GRAD_SCALED MORM =   1.1647E-04
Raw grad block  7  PAR={Q11}  min= -2.9412E-09  max=  3.0425E-09  L2=  2.1471E-08
Gradient finished
Start LBFGS 
curvature (warm): s·y=  7.5873E-07  ||s||^2=  2.3914E-05  ||y||^2=  3.5046E-08  sTy_min=  9.1548E-08
LBFGS step: g·p = -5.8875E-07  ||p||=  2.9609E-02
LBFGS step: min(p)= -3.0436E-03  max(p)=  1.9507E-03
LBFGS p_k (unscaled) stats per active parameter:
  IA=  7  PAR={Q11}  min=-1.88142E+01  max= 1.20584E+01  L2= 1.83030E+02
min(p_k)= -3.0436E-03  max(p_k)=  1.9507E-03  ||p_k||=  2.9609E-02
min(p_kf)= -3.0436E-03  max(p_kf)=  1.9507E-03  ||p_kf||=  1.1843E-01
p_k/p_kf  =   2.5000E-01
Start linesearch
MT entry: phi(0)=  2.6657E-06  dg0= -5.8875E-07  alpha0=  1.0000E+00
 UPDATEPARAMETER: f-scale only
UPDATEPARAMETER PAR_STEP min/max, V_STEP min/max =  7.0246925950E+01  1.6890420147E+02
  7.0246925950E+01  1.6890420147E+02
 WD_amp= 8.12481E+13  RESID_RMS= 2.59923E-03  FCOST_DATA= 3.37800E-06  FCOST0= 3.37800E-06
  
 -------------- calculate Frechet derivatives -----------
 IFREQ =          11    ITERATION =           2
||Frechet||_F=  3.9870E-13max|Frechet|=  6.3908E-18
||Frechet||_F=  3.9870E-13max|Frechet|=  6.3908E-18
||Frechet||_F=  3.9870E-13max|Frechet|=  6.3908E-18
||Frechet||_F=  3.9870E-13max|Frechet|=  6.3908E-18
||Frechet||_F=  3.9870E-13max|Frechet|=  6.3908E-18
||Frechet||_F=  3.9870E-13max|Frechet|=  6.3908E-18
Grad block   7 GRAD_SCALED MORM =   4.7820E-04
MT try: alpha=  1.0000E+00  phi=  3.3780E-06  dg=  1.4415E-06  dg0= -5.8875E-07
MT try: armijo_rhs=  2.6657E-06  armijo=F  curvature=F  task=FG
 UPDATEPARAMETER: f-scale only
UPDATEPARAMETER PAR_STEP min/max, V_STEP min/max =  7.3953151191E+01  1.6878249390E+02
  7.3953151191E+01  1.6878249390E+02
 WD_amp= 8.12481E+13  RESID_RMS= 2.22847E-03  FCOST_DATA= 2.48305E-06  FCOST0= 2.48305E-06
  
 -------------- calculate Frechet derivatives -----------
 IFREQ =          11    ITERATION =           2
||Frechet||_F=  3.9700E-13max|Frechet|=  6.2742E-18
||Frechet||_F=  3.9700E-13max|Frechet|=  6.2742E-18
||Frechet||_F=  3.9700E-13max|Frechet|=  6.2742E-18
||Frechet||_F=  3.9700E-13max|Frechet|=  6.2742E-18
||Frechet||_F=  3.9700E-13max|Frechet|=  6.2742E-18
||Frechet||_F=  3.9700E-13max|Frechet|=  6.2742E-18
Grad block   7 GRAD_SCALED MORM =   1.0089E-04
MT try: alpha=  1.7049E-01  phi=  2.4830E-06  dg= -2.7404E-07  dg0= -5.8875E-07
MT try: armijo_rhs=  2.6657E-06  armijo=T  curvature=T  task=FG
  
  
  
  
Convergence reached, updating parameter grid
ALPHA from line search =  .1704934488319747
 FCOST0 after linesearch  2.483045727595715E-006
Norm of s (s_norm) =  .5048079951352705E-02
  
  
Time for LBFGS =  24.68748982747396 min
  
 Frequency:          11 Iteration:           3
t_global   =    467.288 s
  
 -------------- calculate Frechet derivatives -----------
 IFREQ =          11    ITERATION =           3
||Frechet||_F=  3.9700E-13max|Frechet|=  6.2742E-18
||Frechet||_F=  3.9700E-13max|Frechet|=  6.2742E-18
||Frechet||_F=  3.9700E-13max|Frechet|=  6.2742E-18
||Frechet||_F=  3.9700E-13max|Frechet|=  6.2742E-18
||Frechet||_F=  3.9700E-13max|Frechet|=  6.2742E-18
||Frechet||_F=  3.9700E-13max|Frechet|=  6.2742E-18
 
TIME for Frechet calc =  4.600401814778646 min
 
 
  compute the residual and the cost function
 WD_amp= 8.12481E+13  RESID_RMS= 2.22847E-03  FCOST_DATA= 2.48305E-06  FCOST0= 2.48305E-06
Grad block   7 GRAD_SCALED MORM =   1.0089E-04
Gradient finished
Start LBFGS 
curvature (warm): s·y=  5.3657E-08  ||s||^2=  2.5483E-05  ||y||^2=  3.3178E-09  sTy_min=  2.9077E-08
LBFGS step: g·p = -1.2493E-06  ||p||=  8.6253E-02
LBFGS step: min(p)= -7.4503E-03  max(p)=  6.0270E-03
LBFGS p_k (unscaled) stats per active parameter:
  IA=  7  PAR={Q11}  min=-4.60554E+01  max= 3.72571E+01  L2= 5.33188E+02
min(p_k)= -7.4503E-03  max(p_k)=  6.0270E-03  ||p_k||=  8.6253E-02
min(p_kf)= -7.4503E-03  max(p_kf)=  6.0270E-03  ||p_kf||=  3.4501E-01
p_k/p_kf  =   2.5000E-01
Start linesearch
MT entry: phi(0)=  2.4830E-06  dg0= -1.2493E-06  alpha0=  1.0000E+00
 UPDATEPARAMETER: f-scale only
UPDATEPARAMETER PAR_STEP min/max, V_STEP min/max =  5.4146851210E+01  1.7924707395E+02
  5.4146851210E+01  1.7924707395E+02
 WD_amp= 8.12481E+13  RESID_RMS= 3.95677E-03  FCOST_DATA= 7.82803E-06  FCOST0= 7.82803E-06
  
 -------------- calculate Frechet derivatives -----------
 IFREQ =          11    ITERATION =           3
||Frechet||_F=  3.9797E-13max|Frechet|=  6.2966E-18
||Frechet||_F=  3.9797E-13max|Frechet|=  6.2966E-18
||Frechet||_F=  3.9797E-13max|Frechet|=  6.2966E-18
||Frechet||_F=  3.9797E-13max|Frechet|=  6.2966E-18
||Frechet||_F=  3.9797E-13max|Frechet|=  6.2966E-18
||Frechet||_F=  3.9797E-13max|Frechet|=  6.2966E-18
Grad block   7 GRAD_SCALED MORM =   3.9772E-04
MT try: alpha=  1.0000E+00  phi=  7.8280E-06  dg=  3.7078E-06  dg0= -1.2493E-06
MT try: armijo_rhs=  2.4829E-06  armijo=F  curvature=F  task=FG
 UPDATEPARAMETER: f-scale only
UPDATEPARAMETER PAR_STEP min/max, V_STEP min/max =  7.4155571663E+01  1.6880238223E+02
  7.4155571663E+01  1.6880238223E+02
 WD_amp= 8.12481E+13  RESID_RMS= 2.20398E-03  FCOST_DATA= 2.42876E-06  FCOST0= 2.42876E-06
  
 -------------- calculate Frechet derivatives -----------
 IFREQ =          11    ITERATION =           3
||Frechet||_F=  3.9682E-13max|Frechet|=  6.2751E-18
||Frechet||_F=  3.9682E-13max|Frechet|=  6.2751E-18
||Frechet||_F=  3.9682E-13max|Frechet|=  6.2751E-18
||Frechet||_F=  3.9682E-13max|Frechet|=  6.2751E-18
||Frechet||_F=  3.9682E-13max|Frechet|=  6.2751E-18
||Frechet||_F=  3.9682E-13max|Frechet|=  6.2751E-18
Grad block   7 GRAD_SCALED MORM =   9.4082E-05
MT try: alpha=  4.3726E-02  phi=  2.4288E-06  dg= -1.0669E-06  dg0= -1.2493E-06
MT try: armijo_rhs=  2.4830E-06  armijo=T  curvature=T  task=FG
  
Convergence reached, updating parameter grid
ALPHA from line search =  .4372636916519712E-01
 FCOST0 after linesearch  2.428757248983178E-006
Norm of s (s_norm) =  .3771550041736940E-02
  
  
  
  
  
Convergence check at iteration    3
  Relative cost decrease  =  2.1864E-02
  Relative model update   =  0.0000E+00
  Relative grad. norm     =  2.5272E-01
Time for LBFGS =  24.70475260416667 min
  
 Frequency:          11 Iteration:           4
t_global   =    467.105 s
  
 -------------- calculate Frechet derivatives -----------
 IFREQ =          11    ITERATION =           4
||Frechet||_F=  3.9682E-13max|Frechet|=  6.2751E-18
||Frechet||_F=  3.9682E-13max|Frechet|=  6.2751E-18
||Frechet||_F=  3.9682E-13max|Frechet|=  6.2751E-18
||Frechet||_F=  3.9682E-13max|Frechet|=  6.2751E-18
||Frechet||_F=  3.9682E-13max|Frechet|=  6.2751E-18
 
TIME for Frechet calc =  4.915669759114583 min
 
 
  compute the residual and the cost function
 WD_amp= 8.12481E+13  RESID_RMS= 2.20398E-03  FCOST_DATA= 2.42876E-06  FCOST0= 2.42876E-06
||Frechet||_F=  3.9682E-13max|Frechet|=  6.2751E-18
Grad block   7 GRAD_SCALED MORM =   9.4082E-05
Gradient finished
Start LBFGS 
curvature (warm): s·y=  7.9772E-09  ||s||^2=  1.4225E-05  ||y||^2=  1.5015E-10  sTy_min=  4.6215E-09
LBFGS history: used= 2  skipped= 1  worst_col= 3  bad_s·y=  7.9772E-09  bad_cos_sy=  1.7261E-01
LBFGS step: g·p = -9.5113E-07  ||p||=  7.6026E-02
LBFGS step: min(p)= -6.6905E-03  max(p)=  5.4107E-03
LBFGS p_k (unscaled) stats per active parameter:
  IA=  7  PAR={Q11}  min=-4.13582E+01  max= 3.34471E+01  L2= 4.69969E+02
min(p_k)= -6.6905E-03  max(p_k)=  5.4107E-03  ||p_k||=  7.6026E-02
min(p_kf)= -6.6905E-03  max(p_kf)=  5.4107E-03  ||p_kf||=  3.0411E-01
p_k/p_kf  =   2.5000E-01
Start linesearch
MT entry: phi(0)=  2.4288E-06  dg0= -9.5113E-07  alpha0=  1.0000E+00
 UPDATEPARAMETER: f-scale only
UPDATEPARAMETER PAR_STEP min/max, V_STEP min/max =  5.6921589668E+01  1.7836117991E+02
  5.6921589668E+01  1.7836117991E+02
 WD_amp= 8.12481E+13  RESID_RMS= 3.53283E-03  FCOST_DATA= 6.24045E-06  FCOST0= 6.24045E-06
  
 -------------- calculate Frechet derivatives -----------
 IFREQ =          11    ITERATION =           4
||Frechet||_F=  3.9786E-13max|Frechet|=  6.2271E-18
||Frechet||_F=  3.9786E-13max|Frechet|=  6.2271E-18
||Frechet||_F=  3.9786E-13max|Frechet|=  6.2271E-18
||Frechet||_F=  3.9786E-13max|Frechet|=  6.2271E-18
||Frechet||_F=  3.9786E-13max|Frechet|=  6.2271E-18
||Frechet||_F=  3.9786E-13max|Frechet|=  6.2271E-18
Grad block   7 GRAD_SCALED MORM =   2.9621E-04
MT try: alpha=  1.0000E+00  phi=  6.2405E-06  dg=  2.0726E-06  dg0= -9.5113E-07
MT try: armijo_rhs=  2.4287E-06  armijo=F  curvature=F  task=FG
 UPDATEPARAMETER: f-scale only
UPDATEPARAMETER PAR_STEP min/max, V_STEP min/max =  7.4347553805E+01  1.6882016421E+02
  7.4347553805E+01  1.6882016421E+02
 WD_amp= 8.12481E+13  RESID_RMS= 2.19095E-03  FCOST_DATA= 2.40013E-06  FCOST0= 2.40013E-06
  
 -------------- calculate Frechet derivatives -----------
 IFREQ =          11    ITERATION =           4
||Frechet||_F=  3.9669E-13max|Frechet|=  6.2730E-18
||Frechet||_F=  3.9669E-13max|Frechet|=  6.2730E-18
||Frechet||_F=  3.9669E-13max|Frechet|=  6.2730E-18
||Frechet||_F=  3.9669E-13max|Frechet|=  6.2730E-18
||Frechet||_F=  3.9669E-13max|Frechet|=  6.2730E-18
||Frechet||_F=  3.9669E-13max|Frechet|=  6.2730E-18
Grad block   7 GRAD_SCALED MORM =   8.8981E-05
MT try: alpha=  4.3884E-02  phi=  2.4001E-06  dg= -8.6001E-07  dg0= -9.5113E-07
MT try: armijo_rhs=  2.4288E-06  armijo=T  curvature=F  task=FG
 UPDATEPARAMETER: f-scale only
UPDATEPARAMETER PAR_STEP min/max, V_STEP min/max =  6.8346599339E+01  1.7119829588E+02
  6.8346599339E+01  1.7119829588E+02
 WD_amp= 8.12481E+13  RESID_RMS= 2.46594E-03  FCOST_DATA= 3.04044E-06  FCOST0= 3.04044E-06
  
 -------------- calculate Frechet derivatives -----------
 IFREQ =          11    ITERATION =           4
||Frechet||_F=  3.9629E-13max|Frechet|=  6.2501E-18
||Frechet||_F=  3.9629E-13max|Frechet|=  6.2501E-18
||Frechet||_F=  3.9629E-13max|Frechet|=  6.2501E-18
||Frechet||_F=  3.9629E-13max|Frechet|=  6.2501E-18
||Frechet||_F=  3.9629E-13max|Frechet|=  6.2501E-18
||Frechet||_F=  3.9629E-13max|Frechet|=  6.2501E-18
Grad block   7 GRAD_SCALED MORM =   1.4268E-04
MT try: alpha=  5.2194E-01  phi=  3.0404E-06  dg=  2.8213E-07  dg0= -9.5113E-07
MT try: armijo_rhs=  2.4287E-06  armijo=F  curvature=T  task=FG
 UPDATEPARAMETER: f-scale only
UPDATEPARAMETER PAR_STEP min/max, V_STEP min/max =  7.4114421358E+01  1.6883669362E+02
  7.4114421358E+01  1.6883669362E+02
 WD_amp= 8.12481E+13  RESID_RMS= 2.18417E-03  FCOST_DATA= 2.38530E-06  FCOST0= 2.38530E-06
  
 -------------- calculate Frechet derivatives -----------
 IFREQ =          11    ITERATION =           4
||Frechet||_F=  3.9659E-13max|Frechet|=  6.2711E-18
||Frechet||_F=  3.9659E-13max|Frechet|=  6.2711E-18
||Frechet||_F=  3.9659E-13max|Frechet|=  6.2711E-18
||Frechet||_F=  3.9659E-13max|Frechet|=  6.2711E-18
||Frechet||_F=  3.9659E-13max|Frechet|=  6.2711E-18
||Frechet||_F=  3.9659E-13max|Frechet|=  6.2711E-18
Grad block   7 GRAD_SCALED MORM =   8.5714E-05
MT try: alpha=  8.4677E-02  phi=  2.3853E-06  dg= -7.7411E-07  dg0= -9.5113E-07
MT try: armijo_rhs=  2.4287E-06  armijo=T  curvature=T  task=FG
  
  
Convergence reached, updating parameter grid
ALPHA from line search =  .8467743052107830E-01
 FCOST0 after linesearch  2.385296886152575E-006
Norm of s (s_norm) =  .6437726618237727E-02
  
  
  
  
Convergence check at iteration    4
  Relative cost decrease  =  1.7894E-02
  Relative model update   =  0.0000E+00
  Relative grad. norm     =  2.1131E-01
Time for LBFGS =  49.17997233072916 min
  
 Frequency:          11 Iteration:           5
t_global   =    466.862 s
  
 -------------- calculate Frechet derivatives -----------
 IFREQ =          11    ITERATION =           5
||Frechet||_F=  3.9659E-13max|Frechet|=  6.2711E-18
||Frechet||_F=  3.9659E-13max|Frechet|=  6.2711E-18
 
TIME for Frechet calc =  4.562661743164062 min
 
 
  compute the residual and the cost function
 WD_amp= 8.12481E+13  RESID_RMS= 2.18417E-03  FCOST_DATA= 2.38530E-06  FCOST0= 2.38530E-06
||Frechet||_F=  3.9659E-13max|Frechet|=  6.2711E-18
||Frechet||_F=  3.9659E-13max|Frechet|=  6.2711E-18
||Frechet||_F=  3.9659E-13max|Frechet|=  6.2711E-18
||Frechet||_F=  3.9659E-13max|Frechet|=  6.2711E-18
Grad block   7 GRAD_SCALED MORM =   8.5714E-05
Gradient finished
Start LBFGS 
curvature (warm): s·y=  1.4989E-08  ||s||^2=  4.1444E-05  ||y||^2=  2.2574E-10  sTy_min=  9.6725E-09
LBFGS history: used= 3  skipped= 1  worst_col= 3  bad_s·y=  7.9772E-09  bad_cos_sy=  1.7261E-01
LBFGS step: g·p = -1.4897E-06  ||p||=  1.3174E-01
LBFGS step: min(p)= -1.0416E-02  max(p)=  9.9314E-03
LBFGS p_k (unscaled) stats per active parameter:
  IA=  7  PAR={Q11}  min=-6.43851E+01  max= 6.13925E+01  L2= 8.14356E+02
min(p_k)= -1.0416E-02  max(p_k)=  9.9314E-03  ||p_k||=  1.3174E-01
min(p_kf)= -1.0416E-02  max(p_kf)=  9.9314E-03  ||p_kf||=  5.2695E-01
p_k/p_kf  =   2.5000E-01
Start linesearch
MT entry: phi(0)=  2.3853E-06  dg0= -1.4897E-06  alpha0=  1.0000E+00
 UPDATEPARAMETER: f-scale only
UPDATEPARAMETER PAR_STEP min/max, V_STEP min/max =  3.0392579591E+01  2.0293584515E+02
  3.0392579591E+01  2.0293584515E+02
 WD_amp= 8.12481E+13  RESID_RMS= 7.12869E-03  FCOST_DATA= 2.54091E-05  FCOST0= 2.54091E-05
  
 -------------- calculate Frechet derivatives -----------
 IFREQ =          11    ITERATION =           5
||Frechet||_F=  4.0465E-13max|Frechet|=  5.8300E-18
||Frechet||_F=  4.0465E-13max|Frechet|=  5.8300E-18
||Frechet||_F=  4.0465E-13max|Frechet|=  5.8300E-18
||Frechet||_F=  4.0465E-13max|Frechet|=  5.8300E-18
||Frechet||_F=  4.0465E-13max|Frechet|=  5.8300E-18
||Frechet||_F=  4.0465E-13max|Frechet|=  5.8300E-18
Grad block   7 GRAD_SCALED MORM =   8.1882E-04
MT try: alpha=  1.0000E+00  phi=  2.5409E-05  dg=  1.5558E-05  dg0= -1.4897E-06
MT try: armijo_rhs=  2.3851E-06  armijo=F  curvature=F  task=FG
 UPDATEPARAMETER: f-scale only
UPDATEPARAMETER PAR_STEP min/max, V_STEP min/max =  7.3890685413E+01  1.6884617034E+02
  7.3890685413E+01  1.6884617034E+02
 WD_amp= 8.12481E+13  RESID_RMS= 2.18508E-03  FCOST_DATA= 2.38728E-06  FCOST0= 2.38728E-06
  
 -------------- calculate Frechet derivatives -----------
 IFREQ =          11    ITERATION =           5
||Frechet||_F=  3.9654E-13max|Frechet|=  6.2649E-18
||Frechet||_F=  3.9654E-13max|Frechet|=  6.2649E-18
||Frechet||_F=  3.9654E-13max|Frechet|=  6.2649E-18
||Frechet||_F=  3.9654E-13max|Frechet|=  6.2649E-18
||Frechet||_F=  3.9654E-13max|Frechet|=  6.2649E-18
||Frechet||_F=  3.9654E-13max|Frechet|=  6.2649E-18
Grad block   7 GRAD_SCALED MORM =   8.2534E-05
MT try: alpha=  1.3336E-02  phi=  2.3873E-06  dg= -1.4133E-06  dg0= -1.4897E-06
MT try: armijo_rhs=  2.3853E-06  armijo=F  curvature=F  task=FG
 UPDATEPARAMETER: f-scale only
UPDATEPARAMETER PAR_STEP min/max, V_STEP min/max =  7.4071999115E+01  1.6883849049E+02
  7.4071999115E+01  1.6883849049E+02
 WD_amp= 8.12481E+13  RESID_RMS= 2.18422E-03  FCOST_DATA= 2.38540E-06  FCOST0= 2.38540E-06
LS STOP (stagnation): alpha=  2.5286E-03  FCOST1=  2.3854E-06  FCOST0=  2.3853E-06
 Line search failed (IFLAG=          11 ), inversion diverged.
 --------- Frequency   8.10000000000000       (band            1 )
[ComputeAcqWeight] empty acq_weight_file, using uniform weights = 1.0
Data weighting computed for frequency 4607182418800017373
XSRmin, XSRmax, ZSRmin, ZSRMax -1960.000000000000 .000000000000000 2050.000000000000 4030.000000000000
1 FKYC
1.2 FKYC
my_rank, FKYC,WLMAX, RMAX 0 .6638321868020171E-01 632.4418265237988 2786.036611389018
1.1 NK
NK in cky2= 88

  Number of wavenumber samples (NK) for FREQ =   88
Data weighting computed for frequency 4607182418800017373
Data weighting computed for frequency 4607182418800017373
Data weighting computed for frequency 4607182418800017373
Data weighting computed for frequency 4607182418800017373
Data weighting computed for frequency 4607182418800017373
  RMAX = 2786.04
--- Pre-solver preview (memory + RHS workload) ---
   GQG dims: NNX=       585  NNZ=       317  NPT=    185445
   DOF:     N=3*NPT =    556335
   Sources: NSR=       100  NSS=        20  NK=        88
   RHS total (per IK): nrhs_tot=3*NSS =        60
   Batch:    MAX_RHS_BATCH=        32  nbatches=         2
   GFMY  (GFX+GFY+GFZ):         21.886 GB
   RHS_MY(rhs+sol buffers):      0.531 GB
 
 running run_ik_loop_pardiso
before CA | VmRSS=  23.577 GB  VmHWM= 122.379 GB
after CA | VmRSS=  24.178 GB  VmHWM= 122.379 GB
after factor | VmRSS=  27.942 GB  VmHWM= 122.379 GB
f=     8.100 Hz | ky=  0.754355E-03 | IK=       1/      88 | t=   17.248900 s | CA=  2.5009 | fact= 12.8286 | GF=  1.9192 | solve=  1.7644 | scatter=  0.0521
f=     8.100 Hz | ky=  0.150871E-02 | IK=       2/      88 | t=    6.864100 s | CA=  2.5064 | fact=  2.5444 | GF=  1.8132 | solve=  1.6907 | scatter=  0.0495
f=     8.100 Hz | ky=  0.226306E-02 | IK=       3/      88 | t=    6.960700 s | CA=  2.5848 | fact=  2.5683 | GF=  1.8076 | solve=  1.6840 | scatter=  0.0506
f=     8.100 Hz | ky=  0.301742E-02 | IK=       4/      88 | t=    6.977200 s | CA=  2.5914 | fact=  2.5695 | GF=  1.8162 | solve=  1.6888 | scatter=  0.0542
f=     8.100 Hz | ky=  0.377177E-02 | IK=       5/      88 | t=    6.924300 s | CA=  2.5557 | fact=  2.5523 | GF=  1.8163 | solve=  1.6885 | scatter=  0.0546
f=     8.100 Hz | ky=  0.452613E-02 | IK=       6/      88 | t=    6.966200 s | CA=  2.5902 | fact=  2.5677 | GF=  1.8082 | solve=  1.6832 | scatter=  0.0519
f=     8.100 Hz | ky=  0.528048E-02 | IK=       7/      88 | t=    7.006000 s | CA=  2.6184 | fact=  2.5728 | GF=  1.8148 | solve=  1.6913 | scatter=  0.0505
f=     8.100 Hz | ky=  0.603484E-02 | IK=       8/      88 | t=    6.950700 s | CA=  2.5648 | fact=  2.5752 | GF=  1.8106 | solve=  1.6850 | scatter=  0.0526
f=     8.100 Hz | ky=  0.678919E-02 | IK=       9/      88 | t=    6.968500 s | CA=  2.6402 | fact=  2.5131 | GF=  1.8152 | solve=  1.6886 | scatter=  0.0536
f=     8.100 Hz | ky=  0.754355E-02 | IK=      10/      88 | t=    7.012100 s | CA=  2.6209 | fact=  2.5817 | GF=  1.8094 | solve=  1.6875 | scatter=  0.0490
f=     8.100 Hz | ky=  0.829790E-02 | IK=      11/      88 | t=    6.994800 s | CA=  2.5960 | fact=  2.5792 | GF=  1.8195 | solve=  1.6968 | scatter=  0.0496
f=     8.100 Hz | ky=  0.905226E-02 | IK=      12/      88 | t=    6.940200 s | CA=  2.5673 | fact=  2.5516 | GF=  1.8213 | solve=  1.6940 | scatter=  0.0544
f=     8.100 Hz | ky=  0.980661E-02 | IK=      13/      88 | t=    6.948100 s | CA=  2.5738 | fact=  2.5516 | GF=  1.8227 | solve=  1.6971 | scatter=  0.0525
f=     8.100 Hz | ky=  0.105610E-01 | IK=      14/      88 | t=    6.965800 s | CA=  2.5718 | fact=  2.5754 | GF=  1.8185 | solve=  1.6928 | scatter=  0.0528
f=     8.100 Hz | ky=  0.113153E-01 | IK=      15/      88 | t=    6.946000 s | CA=  2.5605 | fact=  2.5712 | GF=  1.8143 | solve=  1.6916 | scatter=  0.0495
PARDISO mem (f=  8.10 Hz): sym=  1.95 GB  perm=  1.42 GB  num=  3.22 GB  
peak=  4.64 GB
t_global   =    164.575 s
TIME for 1st forward modeling =  2.742816670735677  min
TIME for GT0 =  .8804999788602193E-02  min
Data scaler W for L2 norm: 87036989956179.09
Data scaler W for WQS norm: .1007948000807317E-312
Total number of active inversion parameters for current sequential stage (IM):          1
Total model blocks points (NM = IM * NBLOCK):      11534 on grid (NMM = IM * NPT):    185445
 Gradient balance ():   1.00000000000000        1.00000000000000     
   1.00000000000000        1.00000000000000        1.00000000000000     
   1.00000000000000        1.00000000000000        1.00000000000000     
   1.00000000000000        1.00000000000000        1.00000000000000     
 IE0, IZ          30           0
 IE0, IZ, GZ1, GZ2 =           30           0   100.000000000000     
   300.000000000000     
  
 Frequency:          12 Iteration:           1
--- Pre-solver preview (memory + RHS workload) ---
   GQG dims: NNX=       585  NNZ=       317  NPT=    185445
   DOF:     N=3*NPT =    556335
   Sources: NSR=       100  NSS=       100  NK=        88
   RHS total (per IK): nrhs_tot=3*NSS =       300
   Batch:    MAX_RHS_BATCH=        32  nbatches=        10
   GFMY  (GFX+GFY+GFZ):        109.428 GB
   RHS_MY(rhs+sol buffers):      0.531 GB
 
 running run_ik_loop_pardiso
before CA | VmRSS= 111.932 GB  VmHWM= 122.379 GB
after CA | VmRSS= 113.349 GB  VmHWM= 122.379 GB
after factor | VmRSS= 117.119 GB  VmHWM= 122.379 GB
f=     8.100 Hz | ky=  0.754355E-03 | IK=       1/      88 | t=   24.357600 s | CA=  2.5668 | fact= 12.8469 | GF=  8.9436 | solve=  8.2871 | scatter=  0.2463
f=     8.100 Hz | ky=  0.150871E-02 | IK=       2/      88 | t=   14.025000 s | CA=  2.6110 | fact=  2.5641 | GF=  8.8499 | solve=  8.2066 | scatter=  0.2635
f=     8.100 Hz | ky=  0.226306E-02 | IK=       3/      88 | t=   14.042400 s | CA=  2.6395 | fact=  2.5563 | GF=  8.8465 | solve=  8.2179 | scatter=  0.2483
f=     8.100 Hz | ky=  0.301742E-02 | IK=       4/      88 | t=   14.007900 s | CA=  2.5969 | fact=  2.5598 | GF=  8.8512 | solve=  8.2185 | scatter=  0.2526
f=     8.100 Hz | ky=  0.377177E-02 | IK=       5/      88 | t=   14.024400 s | CA=  2.5814 | fact=  2.5766 | GF=  8.8663 | solve=  8.2374 | scatter=  0.2491
f=     8.100 Hz | ky=  0.452613E-02 | IK=       6/      88 | t=   14.046400 s | CA=  2.5941 | fact=  2.5838 | GF=  8.8684 | solve=  8.2339 | scatter=  0.2535
f=     8.100 Hz | ky=  0.528048E-02 | IK=       7/      88 | t=   14.014400 s | CA=  2.6020 | fact=  2.5473 | GF=  8.8650 | solve=  8.2390 | scatter=  0.2455
f=     8.100 Hz | ky=  0.603484E-02 | IK=       8/      88 | t=   14.062800 s | CA=  2.6048 | fact=  2.5956 | GF=  8.8623 | solve=  8.2325 | scatter=  0.2489
f=     8.100 Hz | ky=  0.678919E-02 | IK=       9/      88 | t=   14.025500 s | CA=  2.6096 | fact=  2.5737 | GF=  8.8422 | solve=  8.2154 | scatter=  0.2464
f=     8.100 Hz | ky=  0.754355E-02 | IK=      10/      88 | t=   14.058100 s | CA=  2.6426 | fact=  2.5583 | GF=  8.8572 | solve=  8.2242 | scatter=  0.2521
f=     8.100 Hz | ky=  0.829790E-02 | IK=      11/      88 | t=   14.040100 s | CA=  2.6132 | fact=  2.5800 | GF=  8.8469 | solve=  8.2207 | scatter=  0.2456
f=     8.100 Hz | ky=  0.905226E-02 | IK=      12/      88 | t=   14.086000 s | CA=  2.6645 | fact=  2.5559 | GF=  8.8656 | solve=  8.2292 | scatter=  0.2557
f=     8.100 Hz | ky=  0.980661E-02 | IK=      13/      88 | t=   14.097300 s | CA=  2.6387 | fact=  2.5731 | GF=  8.8855 | solve=  8.2535 | scatter=  0.2511
f=     8.100 Hz | ky=  0.105610E-01 | IK=      14/      88 | t=   14.066600 s | CA=  2.5921 | fact=  2.5912 | GF=  8.8833 | solve=  8.2480 | scatter=  0.2531
f=     8.100 Hz | ky=  0.113153E-01 | IK=      15/      88 | t=   14.008100 s | CA=  2.5587 | fact=  2.5729 | GF=  8.8764 | solve=  8.2463 | scatter=  0.2489
PARDISO mem (f=  8.10 Hz): sym=  1.95 GB  perm=  1.42 GB  num=  3.22 GB  
peak=  4.64 GB
t_global   =    467.944 s
TIME for 2d forward modeling_i calc =  7.798671468098958 min
Rank    1 -> ID range:    801 to   1600 | Tasks:    800
Rank    3 -> ID range:   2401 to   3200 | Tasks:    800
Rank    4 -> ID range:   3201 to   4000 | Tasks:    800
Rank    5 -> ID range:   4001 to   4800 | Tasks:    800
Rank    2 -> ID range:   1601 to   2400 | Tasks:    800
  
 -------------- calculate Frechet derivatives -----------
 IFREQ =          12    ITERATION =           1
Frechet memory size Frec_my:      0.825 (Gb)
Rank    0 -> ID range:      1 to    800 | Tasks:    800
FREQ:      8.1 Hz, ITER=       1  Frechet Derivative ID=     100/    4800 Finished   0.361900 s
FREQ:      8.1 Hz, ITER=       1  Frechet Derivative ID=     200/    4800 Finished   0.362400 s
FREQ:      8.1 Hz, ITER=       1  Frechet Derivative ID=     300/    4800 Finished   0.365200 s
FREQ:      8.1 Hz, ITER=       1  Frechet Derivative ID=     400/    4800 Finished   0.324200 s
FREQ:      8.1 Hz, ITER=       1  Frechet Derivative ID=     500/    4800 Finished   0.366600 s
FREQ:      8.1 Hz, ITER=       1  Frechet Derivative ID=     600/    4800 Finished   0.334700 s
FREQ:      8.1 Hz, ITER=       1  Frechet Derivative ID=     700/    4800 Finished   0.332400 s
FREQ:      8.1 Hz, ITER=       1  Frechet Derivative ID=     800/    4800 Finished   0.332000 s
||Frechet||_F=  3.8543E-13max|Frechet|=  6.9166E-18
||Frechet||_F=  3.8543E-13max|Frechet|=  6.9166E-18
||Frechet||_F=  3.8543E-13max|Frechet|=  6.9166E-18
||Frechet||_F=  3.8543E-13max|Frechet|=  6.9166E-18
||Frechet||_F=  3.8543E-13max|Frechet|=  6.9166E-18
 
TIME for Frechet calc =  4.774295043945313 min
 
||Frechet||_F=  3.8543E-13max|Frechet|=  6.9166E-18
m_fine: min=  7.4114E+01  max=  1.6884E+02  mean=  1.3541E+02  ||.||2=  6.0336E+04  size=  185445
m_coarse_prev: min=  7.5024E+01  max=  1.6839E+02  mean=  1.3545E+02  ||.||2=  1.5050E+04  size=   11534
 
  compute the residual and the cost function
 WD_amp= 8.70370E+13  RESID_RMS= 2.35293E-03  FCOST_DATA= 2.76814E-06  FCOST0= 2.76814E-06
IA=  7  H(single F0) min= 0.00000E+00  max= 4.83143E-02
IA=  7  H(F0^2)     min= 0.00000E+00  max= 4.83143E-02
HESSD: ia=   7  min= 0.00000E+00  max= 2.95672E+03
IA=  7  H(single F0) min= 0.00000E+00  max= 4.83143E-02
IA=  7  H(F0^2)     min= 0.00000E+00  max= 4.83143E-02
HESSD: ia=   7  min= 0.00000E+00  max= 2.95672E+03
IA=  7  H(single F0) min= 0.00000E+00  max= 4.83143E-02
IA=  7  H(F0^2)     min= 0.00000E+00  max= 4.83143E-02
HESSD: ia=   7  min= 0.00000E+00  max= 2.95672E+03
IA=  7  H(single F0) min= 0.00000E+00  max= 4.83143E-02
IA=  7  H(F0^2)     min= 0.00000E+00  max= 4.83143E-02
HESSD: ia=   7  min= 0.00000E+00  max= 2.95672E+03
IA=  7  H(single F0) min= 0.00000E+00  max= 4.83143E-02
IA=  7  H(F0^2)     min= 0.00000E+00  max= 4.83143E-02
HESSD: ia=   7  min= 0.00000E+00  max= 2.95672E+03
IA=  7  H(single F0) min= 0.00000E+00  max= 4.83143E-02
IA=  7  H(F0^2)     min= 0.00000E+00  max= 4.83143E-02
HESSD: ia=   7  min= 0.00000E+00  max= 2.95672E+03
Grad block   7 GRAD_SCALED MORM =   1.3421E-04
Raw grad block  7  PAR={Q11}  min= -4.4437E-09  max=  3.0810E-09  L2=  2.3995E-08
Gradient finished
Start LBFGS 
LBFGS steepest step , iter=      1
  g·p = -2.1356E-06  ||p|| =  3.5194E-02
  min(p)= -2.4499E-03  max(p)=  1.3616E-03
LBFGS p_k (unscaled) stats per active parameter:
  IA=  7  PAR={Q11}  min=-1.51444E+01  max= 8.41677E+00  L2= 2.17556E+02
min(p_k)= -2.4499E-03  max(p_k)=  1.3616E-03  ||p_k||=  3.5194E-02
min(p_kf)= -2.4499E-03  max(p_kf)=  1.3616E-03  ||p_kf||=  1.4078E-01
p_k/p_kf  =   2.5000E-01
Start linesearch
BT entry: phi(0)=  2.7681E-06  g·p(0)= -2.1356E-06
 UPDATEPARAMETER: f-scale only
UPDATEPARAMETER PAR_STEP min/max, V_STEP min/max =  6.6492631767E+01  1.6888750736E+02
  6.6492631767E+01  1.6888750736E+02
REL STEP Q      : k=  7 row=  2 rmax_k=  1.8248E-01 row_scale=  1.6884E+02
BT cap probe: rmax1=  1.8248E-01  alpha_cap=  1.0000E+00  alpha00=  1.0000E+00
 UPDATEPARAMETER: f-scale only
UPDATEPARAMETER PAR_STEP min/max, V_STEP min/max =  6.6492631767E+01  1.6888750736E+02
  6.6492631767E+01  1.6888750736E+02
 running run_ik_loop_pardiso
before CA | VmRSS=  24.414 GB  VmHWM= 122.379 GB
after CA | VmRSS=  25.026 GB  VmHWM= 122.379 GB
after factor | VmRSS=  28.793 GB  VmHWM= 122.379 GB
f=     8.100 Hz | ky=  0.754355E-03 | IK=       1/      88 | t=   17.319800 s | CA=  2.5265 | fact= 12.8612 | GF=  1.9319 | solve=  1.7763 | scatter=  0.0516
f=     8.100 Hz | ky=  0.150871E-02 | IK=       2/      88 | t=    6.947900 s | CA=  2.5503 | fact=  2.5793 | GF=  1.8182 | solve=  1.6902 | scatter=  0.0547
f=     8.100 Hz | ky=  0.226306E-02 | IK=       3/      88 | t=    6.963500 s | CA=  2.5734 | fact=  2.5720 | GF=  1.8180 | solve=  1.6924 | scatter=  0.0523
f=     8.100 Hz | ky=  0.301742E-02 | IK=       4/      88 | t=    6.984800 s | CA=  2.6500 | fact=  2.5125 | GF=  1.8223 | solve=  1.6945 | scatter=  0.0544
f=     8.100 Hz | ky=  0.377177E-02 | IK=       5/      88 | t=    7.006600 s | CA=  2.6185 | fact=  2.5729 | GF=  1.8152 | solve=  1.6917 | scatter=  0.0501
f=     8.100 Hz | ky=  0.452613E-02 | IK=       6/      88 | t=    7.024000 s | CA=  2.6288 | fact=  2.5767 | GF=  1.8185 | solve=  1.6949 | scatter=  0.0497
f=     8.100 Hz | ky=  0.528048E-02 | IK=       7/      88 | t=    6.986900 s | CA=  2.5975 | fact=  2.5707 | GF=  1.8187 | solve=  1.6913 | scatter=  0.0539
f=     8.100 Hz | ky=  0.603484E-02 | IK=       8/      88 | t=    7.035300 s | CA=  2.6496 | fact=  2.5675 | GF=  1.8182 | solve=  1.6935 | scatter=  0.0512
f=     8.100 Hz | ky=  0.678919E-02 | IK=       9/      88 | t=    7.002900 s | CA=  2.5878 | fact=  2.5891 | GF=  1.8259 | solve=  1.7022 | scatter=  0.0505
f=     8.100 Hz | ky=  0.754355E-02 | IK=      10/      88 | t=    7.034300 s | CA=  2.6211 | fact=  2.5901 | GF=  1.8231 | solve=  1.6988 | scatter=  0.0510
f=     8.100 Hz | ky=  0.829790E-02 | IK=      11/      88 | t=    6.970400 s | CA=  2.5639 | fact=  2.5825 | GF=  1.8240 | solve=  1.6966 | scatter=  0.0542
f=     8.100 Hz | ky=  0.905226E-02 | IK=      12/      88 | t=    6.985100 s | CA=  2.5912 | fact=  2.5713 | GF=  1.8226 | solve=  1.6987 | scatter=  0.0507
f=     8.100 Hz | ky=  0.980661E-02 | IK=      13/      88 | t=    7.044200 s | CA=  2.6437 | fact=  2.5768 | GF=  1.8237 | solve=  1.6986 | scatter=  0.0516
f=     8.100 Hz | ky=  0.105610E-01 | IK=      14/      88 | t=    7.008500 s | CA=  2.6178 | fact=  2.5719 | GF=  1.8188 | solve=  1.6921 | scatter=  0.0532
f=     8.100 Hz | ky=  0.113153E-01 | IK=      15/      88 | t=    7.000600 s | CA=  2.6319 | fact=  2.5478 | GF=  1.8208 | solve=  1.6930 | scatter=  0.0541
PARDISO mem (f=  8.10 Hz): sym=  1.95 GB  perm=  1.42 GB  num=  3.22 GB  
peak=  4.64 GB
 WD_amp= 8.70370E+13  RESID_RMS= 8.17430E-03  FCOST_DATA= 3.34096E-05  FCOST0= 3.34096E-05
BT: alpha=  1.0000E+00  phi=  3.3410E-05  rhs=  2.7679E-06
 UPDATEPARAMETER: f-scale only
UPDATEPARAMETER PAR_STEP min/max, V_STEP min/max =  7.2614630289E+01  1.6886210049E+02
  7.2614630289E+01  1.6886210049E+02
 running run_ik_loop_pardiso
before CA | VmRSS=  24.541 GB  VmHWM= 122.379 GB
after CA | VmRSS=  25.548 GB  VmHWM= 122.379 GB
after factor | VmRSS=  29.306 GB  VmHWM= 122.379 GB
f=     8.100 Hz | ky=  0.754355E-03 | IK=       1/      88 | t=   17.279500 s | CA=  2.5324 | fact= 12.8259 | GF=  1.9210 | solve=  1.7658 | scatter=  0.0526
f=     8.100 Hz | ky=  0.150871E-02 | IK=       2/      88 | t=    6.951700 s | CA=  2.5801 | fact=  2.5524 | GF=  1.8192 | solve=  1.6947 | scatter=  0.0514
f=     8.100 Hz | ky=  0.226306E-02 | IK=       3/      88 | t=    6.984700 s | CA=  2.6069 | fact=  2.5595 | GF=  1.8183 | solve=  1.6939 | scatter=  0.0513
f=     8.100 Hz | ky=  0.301742E-02 | IK=       4/      88 | t=    6.968900 s | CA=  2.5875 | fact=  2.5628 | GF=  1.8185 | solve=  1.6934 | scatter=  0.0520
f=     8.100 Hz | ky=  0.377177E-02 | IK=       5/      88 | t=    6.962100 s | CA=  2.5969 | fact=  2.5487 | GF=  1.8165 | solve=  1.6915 | scatter=  0.0520
f=     8.100 Hz | ky=  0.452613E-02 | IK=       6/      88 | t=    6.938700 s | CA=  2.5599 | fact=  2.5600 | GF=  1.8187 | solve=  1.6918 | scatter=  0.0539
f=     8.100 Hz | ky=  0.528048E-02 | IK=       7/      88 | t=    6.955800 s | CA=  2.5584 | fact=  2.5762 | GF=  1.8211 | solve=  1.6958 | scatter=  0.0523
f=     8.100 Hz | ky=  0.603484E-02 | IK=       8/      88 | t=    6.962400 s | CA=  2.5888 | fact=  2.5548 | GF=  1.8188 | solve=  1.6934 | scatter=  0.0522
f=     8.100 Hz | ky=  0.678919E-02 | IK=       9/      88 | t=    6.951500 s | CA=  2.5752 | fact=  2.5525 | GF=  1.8238 | solve=  1.6977 | scatter=  0.0530
f=     8.100 Hz | ky=  0.754355E-02 | IK=      10/      88 | t=    6.993500 s | CA=  2.5962 | fact=  2.5794 | GF=  1.8178 | solve=  1.6937 | scatter=  0.0510
f=     8.100 Hz | ky=  0.829790E-02 | IK=      11/      88 | t=    7.012100 s | CA=  2.6227 | fact=  2.5684 | GF=  1.8210 | solve=  1.6959 | scatter=  0.0519
f=     8.100 Hz | ky=  0.905226E-02 | IK=      12/      88 | t=    6.909700 s | CA=  2.5876 | fact=  2.5075 | GF=  1.8145 | solve=  1.6891 | scatter=  0.0521
f=     8.100 Hz | ky=  0.980661E-02 | IK=      13/      88 | t=    6.969700 s | CA=  2.5834 | fact=  2.5717 | GF=  1.8146 | solve=  1.6894 | scatter=  0.0521
f=     8.100 Hz | ky=  0.105610E-01 | IK=      14/      88 | t=    7.091700 s | CA=  2.6737 | fact=  2.5929 | GF=  1.8251 | solve=  1.6970 | scatter=  0.0549
f=     8.100 Hz | ky=  0.113153E-01 | IK=      15/      88 | t=    6.980800 s | CA=  2.5792 | fact=  2.5847 | GF=  1.8169 | solve=  1.6919 | scatter=  0.0519
PARDISO mem (f=  8.10 Hz): sym=  1.95 GB  perm=  1.42 GB  num=  3.22 GB  
peak=  4.64 GB
 WD_amp= 8.70370E+13  RESID_RMS= 4.11816E-03  FCOST_DATA= 8.47961E-06  FCOST0= 8.47961E-06
BT: alpha=  5.0000E-01  phi=  8.4796E-06  rhs=  2.7680E-06
 UPDATEPARAMETER: f-scale only
UPDATEPARAMETER PAR_STEP min/max, V_STEP min/max =  7.4687485200E+01  1.6884939705E+02
  7.4687485200E+01  1.6884939705E+02
 running run_ik_loop_pardiso
before CA | VmRSS=  25.054 GB  VmHWM= 122.379 GB
after CA | VmRSS=  25.660 GB  VmHWM= 122.379 GB
after factor | VmRSS=  29.423 GB  VmHWM= 122.379 GB
f=     8.100 Hz | ky=  0.754355E-03 | IK=       1/      88 | t=   17.309300 s | CA=  2.5576 | fact= 12.8323 | GF=  1.9192 | solve=  1.7648 | scatter=  0.0515
f=     8.100 Hz | ky=  0.150871E-02 | IK=       2/      88 | t=    6.949100 s | CA=  2.5648 | fact=  2.5685 | GF=  1.8158 | solve=  1.6901 | scatter=  0.0526
f=     8.100 Hz | ky=  0.226306E-02 | IK=       3/      88 | t=    6.984400 s | CA=  2.5962 | fact=  2.5603 | GF=  1.8279 | solve=  1.7012 | scatter=  0.0534
f=     8.100 Hz | ky=  0.301742E-02 | IK=       4/      88 | t=    6.967700 s | CA=  2.5876 | fact=  2.5706 | GF=  1.8095 | solve=  1.6857 | scatter=  0.0507
f=     8.100 Hz | ky=  0.377177E-02 | IK=       5/      88 | t=    7.015800 s | CA=  2.6242 | fact=  2.5763 | GF=  1.8153 | solve=  1.6884 | scatter=  0.0538
f=     8.100 Hz | ky=  0.452613E-02 | IK=       6/      88 | t=    6.926100 s | CA=  2.5531 | fact=  2.5611 | GF=  1.8119 | solve=  1.6868 | scatter=  0.0521
f=     8.100 Hz | ky=  0.528048E-02 | IK=       7/      88 | t=    6.944000 s | CA=  2.5919 | fact=  2.5338 | GF=  1.8183 | solve=  1.6939 | scatter=  0.0514
f=     8.100 Hz | ky=  0.603484E-02 | IK=       8/      88 | t=    6.995600 s | CA=  2.6161 | fact=  2.5591 | GF=  1.8204 | solve=  1.6922 | scatter=  0.0547
f=     8.100 Hz | ky=  0.678919E-02 | IK=       9/      88 | t=    6.951100 s | CA=  2.5667 | fact=  2.5595 | GF=  1.8249 | solve=  1.6980 | scatter=  0.0536
f=     8.100 Hz | ky=  0.754355E-02 | IK=      10/      88 | t=    6.956600 s | CA=  2.5961 | fact=  2.5764 | GF=  1.7841 | solve=  1.6595 | scatter=  0.0514
f=     8.100 Hz | ky=  0.829790E-02 | IK=      11/      88 | t=    6.986900 s | CA=  2.6491 | fact=  2.5630 | GF=  1.7747 | solve=  1.6478 | scatter=  0.0537
f=     8.100 Hz | ky=  0.905226E-02 | IK=      12/      88 | t=    6.901800 s | CA=  2.5688 | fact=  2.5781 | GF=  1.7548 | solve=  1.6274 | scatter=  0.0543
f=     8.100 Hz | ky=  0.980661E-02 | IK=      13/      88 | t=    6.938800 s | CA=  2.5904 | fact=  2.5945 | GF=  1.7538 | solve=  1.6264 | scatter=  0.0543
f=     8.100 Hz | ky=  0.105610E-01 | IK=      14/      88 | t=    6.914700 s | CA=  2.5764 | fact=  2.5882 | GF=  1.7501 | solve=  1.6258 | scatter=  0.0511
f=     8.100 Hz | ky=  0.113153E-01 | IK=      15/      88 | t=    6.941700 s | CA=  2.6044 | fact=  2.5833 | GF=  1.7539 | solve=  1.6307 | scatter=  0.0502
PARDISO mem (f=  8.10 Hz): sym=  1.95 GB  perm=  1.42 GB  num=  3.22 GB  
peak=  4.64 GB
 WD_amp= 8.70370E+13  RESID_RMS= 2.66301E-03  FCOST_DATA= 3.54581E-06  FCOST0= 3.54581E-06
BT: alpha=  2.5000E-01  phi=  3.5458E-06  rhs=  2.7681E-06
 UPDATEPARAMETER: f-scale only
UPDATEPARAMETER PAR_STEP min/max, V_STEP min/max =  7.4606748888E+01  1.6884304534E+02
  7.4606748888E+01  1.6884304534E+02
 running run_ik_loop_pardiso
before CA | VmRSS=  25.033 GB  VmHWM= 122.379 GB
after CA | VmRSS=  25.267 GB  VmHWM= 122.379 GB
after factor | VmRSS=  29.035 GB  VmHWM= 122.379 GB
f=     8.100 Hz | ky=  0.754355E-03 | IK=       1/      88 | t=   17.282000 s | CA=  2.5249 | fact= 12.8425 | GF=  1.9144 | solve=  1.7627 | scatter=  0.0490
f=     8.100 Hz | ky=  0.150871E-02 | IK=       2/      88 | t=    6.935600 s | CA=  2.5538 | fact=  2.5723 | GF=  1.8095 | solve=  1.6851 | scatter=  0.0512
f=     8.100 Hz | ky=  0.226306E-02 | IK=       3/      88 | t=    6.967300 s | CA=  2.5981 | fact=  2.5525 | GF=  1.8166 | solve=  1.6896 | scatter=  0.0539
f=     8.100 Hz | ky=  0.301742E-02 | IK=       4/      88 | t=    6.939600 s | CA=  2.5961 | fact=  2.5306 | GF=  1.8129 | solve=  1.6893 | scatter=  0.0507
f=     8.100 Hz | ky=  0.377177E-02 | IK=       5/      88 | t=    6.976000 s | CA=  2.6121 | fact=  2.5525 | GF=  1.8113 | solve=  1.6879 | scatter=  0.0504
f=     8.100 Hz | ky=  0.452613E-02 | IK=       6/      88 | t=    6.977300 s | CA=  2.5960 | fact=  2.5572 | GF=  1.8241 | solve=  1.6959 | scatter=  0.0550
f=     8.100 Hz | ky=  0.528048E-02 | IK=       7/      88 | t=    6.997600 s | CA=  2.6111 | fact=  2.5720 | GF=  1.8144 | solve=  1.6898 | scatter=  0.0515
f=     8.100 Hz | ky=  0.603484E-02 | IK=       8/      88 | t=    6.953100 s | CA=  2.5636 | fact=  2.5728 | GF=  1.8166 | solve=  1.6931 | scatter=  0.0505
f=     8.100 Hz | ky=  0.678919E-02 | IK=       9/      88 | t=    6.965000 s | CA=  2.5691 | fact=  2.5763 | GF=  1.8195 | solve=  1.6928 | scatter=  0.0535
f=     8.100 Hz | ky=  0.754355E-02 | IK=      10/      88 | t=    6.953700 s | CA=  2.5765 | fact=  2.5663 | GF=  1.8108 | solve=  1.6875 | scatter=  0.0503
f=     8.100 Hz | ky=  0.829790E-02 | IK=      11/      88 | t=    7.037500 s | CA=  2.6284 | fact=  2.5936 | GF=  1.8154 | solve=  1.6901 | scatter=  0.0521
f=     8.100 Hz | ky=  0.905226E-02 | IK=      12/      88 | t=    6.954900 s | CA=  2.5821 | fact=  2.5522 | GF=  1.8206 | solve=  1.6967 | scatter=  0.0508
f=     8.100 Hz | ky=  0.980661E-02 | IK=      13/      88 | t=    6.962600 s | CA=  2.5764 | fact=  2.5704 | GF=  1.8158 | solve=  1.6924 | scatter=  0.0499
f=     8.100 Hz | ky=  0.105610E-01 | IK=      14/      88 | t=    6.955600 s | CA=  2.5681 | fact=  2.5749 | GF=  1.8125 | solve=  1.6883 | scatter=  0.0510
f=     8.100 Hz | ky=  0.113153E-01 | IK=      15/      88 | t=    6.931800 s | CA=  2.5851 | fact=  2.5301 | GF=  1.8165 | solve=  1.6934 | scatter=  0.0499
PARDISO mem (f=  8.10 Hz): sym=  1.95 GB  perm=  1.42 GB  num=  3.22 GB  
peak=  4.64 GB
 WD_amp= 8.70370E+13  RESID_RMS= 2.31197E-03  FCOST_DATA= 2.67259E-06  FCOST0= 2.67259E-06
  
BT: alpha=  1.2500E-01  phi=  2.6726E-06  rhs=  2.7681E-06
  
  
  
  
Convergence reached, updating parameter grid
ALPHA from line search =  .1250000000000000
 FCOST0 after linesearch  2.672592481587817E-006
Norm of s (s_norm) =  .4399240068754268E-02
  
Time for LBFGS =  10.87642822265625 min
  
 Frequency:          12 Iteration:           2
t_global   =    467.042 s
  
 -------------- calculate Frechet derivatives -----------
 IFREQ =          12    ITERATION =           2
||Frechet||_F=  3.8749E-13max|Frechet|=  6.9167E-18
||Frechet||_F=  3.8749E-13max|Frechet|=  6.9167E-18
||Frechet||_F=  3.8749E-13max|Frechet|=  6.9167E-18
||Frechet||_F=  3.8749E-13max|Frechet|=  6.9167E-18
||Frechet||_F=  3.8749E-13max|Frechet|=  6.9167E-18
||Frechet||_F=  3.8749E-13max|Frechet|=  6.9167E-18
 
TIME for Frechet calc =  4.685881551106771 min
 
 
  compute the residual and the cost function
 WD_amp= 8.70370E+13  RESID_RMS= 2.31197E-03  FCOST_DATA= 2.67259E-06  FCOST0= 2.67259E-06
Grad block   7 GRAD_SCALED MORM =   1.5653E-04
Raw grad block  7  PAR={Q11}  min= -4.2390E-09  max=  2.8959E-09  L2=  2.7453E-08
Gradient finished
Start LBFGS 
curvature (warm): s·y=  5.4565E-07  ||s||^2=  1.9353E-05  ||y||^2=  3.1069E-08  sTy_min=  7.7542E-08
LBFGS step: g·p = -5.2302E-07  ||p||=  2.3199E-02
LBFGS step: min(p)= -2.2046E-03  max(p)=  1.4511E-03
LBFGS p_k (unscaled) stats per active parameter:
  IA=  7  PAR={Q11}  min=-1.36278E+01  max= 8.97000E+00  L2= 1.43409E+02
min(p_k)= -2.2046E-03  max(p_k)=  1.4511E-03  ||p_k||=  2.3199E-02
min(p_kf)= -2.2046E-03  max(p_kf)=  1.4511E-03  ||p_kf||=  9.2797E-02
p_k/p_kf  =   2.5000E-01
Start linesearch
MT entry: phi(0)=  2.6726E-06  dg0= -5.2302E-07  alpha0=  1.0000E+00
 UPDATEPARAMETER: f-scale only
UPDATEPARAMETER PAR_STEP min/max, V_STEP min/max =  7.1283400382E+01  1.6890948520E+02
  7.1283400382E+01  1.6890948520E+02
 WD_amp= 8.70370E+13  RESID_RMS= 2.86930E-03  FCOST_DATA= 4.11643E-06  FCOST0= 4.11643E-06
  
 -------------- calculate Frechet derivatives -----------
 IFREQ =          12    ITERATION =           2
||Frechet||_F=  3.8728E-13max|Frechet|=  6.9173E-18
||Frechet||_F=  3.8728E-13max|Frechet|=  6.9173E-18
||Frechet||_F=  3.8728E-13max|Frechet|=  6.9173E-18
||Frechet||_F=  3.8728E-13max|Frechet|=  6.9173E-18
||Frechet||_F=  3.8728E-13max|Frechet|=  6.9173E-18
||Frechet||_F=  3.8728E-13max|Frechet|=  6.9173E-18
Grad block   7 GRAD_SCALED MORM =   2.3790E-04
MT try: alpha=  1.0000E+00  phi=  4.1164E-06  dg=  7.1228E-07  dg0= -5.2302E-07
MT try: armijo_rhs=  2.6725E-06  armijo=F  curvature=F  task=FG
 UPDATEPARAMETER: f-scale only
UPDATEPARAMETER PAR_STEP min/max, V_STEP min/max =  7.4781502829E+01  1.6884697081E+02
  7.4781502829E+01  1.6884697081E+02
 WD_amp= 8.70370E+13  RESID_RMS= 2.30153E-03  FCOST_DATA= 2.64851E-06  FCOST0= 2.64851E-06
  
 -------------- calculate Frechet derivatives -----------
 IFREQ =          12    ITERATION =           2
||Frechet||_F=  3.8745E-13max|Frechet|=  6.9167E-18
||Frechet||_F=  3.8745E-13max|Frechet|=  6.9167E-18
||Frechet||_F=  3.8745E-13max|Frechet|=  6.9167E-18
||Frechet||_F=  3.8745E-13max|Frechet|=  6.9167E-18
||Frechet||_F=  3.8745E-13max|Frechet|=  6.9167E-18
||Frechet||_F=  3.8745E-13max|Frechet|=  6.9167E-18
Grad block   7 GRAD_SCALED MORM =   1.4967E-04
MT try: alpha=  5.9083E-02  phi=  2.6485E-06  dg= -4.5058E-07  dg0= -5.2302E-07
MT try: armijo_rhs=  2.6726E-06  armijo=T  curvature=T  task=FG
  
  
  
  
  
Convergence reached, updating parameter grid
ALPHA from line search =  .5908310611004123E-01
 FCOST0 after linesearch  2.648512295658391E-006
Norm of s (s_norm) =  .1370676494162815E-02
  
Time for LBFGS =  24.64848429361979 min
  
 Frequency:          12 Iteration:           3
t_global   =    466.774 s
  
 -------------- calculate Frechet derivatives -----------
 IFREQ =          12    ITERATION =           3
||Frechet||_F=  3.8745E-13max|Frechet|=  6.9167E-18
||Frechet||_F=  3.8745E-13max|Frechet|=  6.9167E-18
||Frechet||_F=  3.8745E-13max|Frechet|=  6.9167E-18
||Frechet||_F=  3.8745E-13max|Frechet|=  6.9167E-18
||Frechet||_F=  3.8745E-13max|Frechet|=  6.9167E-18
 
TIME for Frechet calc =  4.600153096516927 min
 
 
  compute the residual and the cost function
 WD_amp= 8.70370E+13  RESID_RMS= 2.30153E-03  FCOST_DATA= 2.64851E-06  FCOST0= 2.64851E-06
||Frechet||_F=  3.8745E-13max|Frechet|=  6.9167E-18
Grad block   7 GRAD_SCALED MORM =   1.4967E-04
Gradient finished
Start LBFGS 
curvature (warm): s·y=  4.2799E-09  ||s||^2=  1.8788E-06  ||y||^2=  1.1751E-10  sTy_min=  1.4858E-09
LBFGS history: used= 1  skipped= 1  worst_col= 4  bad_s·y=  4.2799E-09  bad_cos_sy=  2.8805E-01
LBFGS step: g·p = -4.0724E-07  ||p||=  2.0600E-02
LBFGS step: min(p)= -2.0348E-03  max(p)=  1.1801E-03
LBFGS p_k (unscaled) stats per active parameter:
  IA=  7  PAR={Q11}  min=-1.25785E+01  max= 7.29496E+00  L2= 1.27340E+02
min(p_k)= -2.0348E-03  max(p_k)=  1.1801E-03  ||p_k||=  2.0600E-02
min(p_kf)= -2.0348E-03  max(p_kf)=  1.1801E-03  ||p_kf||=  8.2399E-02
p_k/p_kf  =   2.5000E-01
Start linesearch
MT entry: phi(0)=  2.6485E-06  dg0= -4.0724E-07  alpha0=  1.0000E+00
 UPDATEPARAMETER: f-scale only
UPDATEPARAMETER PAR_STEP min/max, V_STEP min/max =  7.1312686180E+01  1.6890941908E+02
  7.1312686180E+01  1.6890941908E+02
 WD_amp= 8.70370E+13  RESID_RMS= 2.52818E-03  FCOST_DATA= 3.19584E-06  FCOST0= 3.19584E-06
  
 -------------- calculate Frechet derivatives -----------
 IFREQ =          12    ITERATION =           3
||Frechet||_F=  3.8747E-13max|Frechet|=  6.9166E-18
||Frechet||_F=  3.8747E-13max|Frechet|=  6.9166E-18
||Frechet||_F=  3.8747E-13max|Frechet|=  6.9166E-18
||Frechet||_F=  3.8747E-13max|Frechet|=  6.9166E-18
||Frechet||_F=  3.8747E-13max|Frechet|=  6.9166E-18
||Frechet||_F=  3.8747E-13max|Frechet|=  6.9166E-18
Grad block   7 GRAD_SCALED MORM =   1.4829E-04
MT try: alpha=  1.0000E+00  phi=  3.1958E-06  dg=  1.3519E-07  dg0= -4.0724E-07
MT try: armijo_rhs=  2.6485E-06  armijo=F  curvature=T  task=FG
 UPDATEPARAMETER: f-scale only
UPDATEPARAMETER PAR_STEP min/max, V_STEP min/max =  7.4960870145E+01  1.6885295523E+02
  7.4960870145E+01  1.6885295523E+02
 WD_amp= 8.70370E+13  RESID_RMS= 2.28497E-03  FCOST_DATA= 2.61055E-06  FCOST0= 2.61055E-06
  
 -------------- calculate Frechet derivatives -----------
 IFREQ =          12    ITERATION =           3
||Frechet||_F=  3.8741E-13max|Frechet|=  6.9167E-18
||Frechet||_F=  3.8741E-13max|Frechet|=  6.9167E-18
||Frechet||_F=  3.8741E-13max|Frechet|=  6.9167E-18
||Frechet||_F=  3.8741E-13max|Frechet|=  6.9167E-18
||Frechet||_F=  3.8741E-13max|Frechet|=  6.9167E-18
||Frechet||_F=  3.8741E-13max|Frechet|=  6.9167E-18
Grad block   7 GRAD_SCALED MORM =   1.4006E-04
MT try: alpha=  9.5830E-02  phi=  2.6106E-06  dg= -3.5622E-07  dg0= -4.0724E-07
MT try: armijo_rhs=  2.6485E-06  armijo=T  curvature=T  task=FG
  
  
Convergence reached, updating parameter grid
ALPHA from line search =  .9583003837667656E-01
 FCOST0 after linesearch  2.610554000133615E-006
Norm of s (s_norm) =  .1974066039503515E-02
  
  
  
  
Convergence check at iteration    3
  Relative cost decrease  =  1.4332E-02
  Relative model update   =  0.0000E+00
  Relative grad. norm     =  1.1184E+00
Time for LBFGS =  24.99643351236979 min
  
 Frequency:          12 Iteration:           4
t_global   =    465.204 s
  
 -------------- calculate Frechet derivatives -----------
 IFREQ =          12    ITERATION =           4
||Frechet||_F=  3.8741E-13max|Frechet|=  6.9167E-18
||Frechet||_F=  3.8741E-13max|Frechet|=  6.9167E-18
||Frechet||_F=  3.8741E-13max|Frechet|=  6.9167E-18
||Frechet||_F=  3.8741E-13max|Frechet|=  6.9167E-18
||Frechet||_F=  3.8741E-13max|Frechet|=  6.9167E-18
 
TIME for Frechet calc =  4.743320210774740 min
 
 
  compute the residual and the cost function
 WD_amp= 8.70370E+13  RESID_RMS= 2.28497E-03  FCOST_DATA= 2.61055E-06  FCOST0= 2.61055E-06
||Frechet||_F=  3.8741E-13max|Frechet|=  6.9167E-18
Grad block   7 GRAD_SCALED MORM =   1.4006E-04
Gradient finished
Start LBFGS 
curvature (warm): s·y=  4.8895E-09  ||s||^2=  3.8969E-06  ||y||^2=  1.4176E-10  sTy_min=  2.3504E-09
LBFGS history: used= 1  skipped= 2  worst_col= 4  bad_s·y=  4.2799E-09  bad_cos_sy=  2.8805E-01
LBFGS step: g·p = -3.2055E-07  ||p||=  1.8400E-02
LBFGS step: min(p)= -1.7792E-03  max(p)=  9.8001E-04
LBFGS p_k (unscaled) stats per active parameter:
  IA=  7  PAR={Q11}  min=-1.09987E+01  max= 6.05806E+00  L2= 1.13743E+02
min(p_k)= -1.7792E-03  max(p_k)=  9.8001E-04  ||p_k||=  1.8400E-02
min(p_kf)= -1.7792E-03  max(p_kf)=  9.8001E-04  ||p_kf||=  7.3601E-02
p_k/p_kf  =   2.5000E-01
Start linesearch
MT entry: phi(0)=  2.6106E-06  dg0= -3.2055E-07  alpha0=  1.0000E+00
 UPDATEPARAMETER: f-scale only
UPDATEPARAMETER PAR_STEP min/max, V_STEP min/max =  7.1511496090E+01  1.6891244635E+02
  7.1511496090E+01  1.6891244635E+02
 WD_amp= 8.70370E+13  RESID_RMS= 2.38547E-03  FCOST_DATA= 2.84523E-06  FCOST0= 2.84523E-06
  
 -------------- calculate Frechet derivatives -----------
 IFREQ =          12    ITERATION =           4
||Frechet||_F=  3.8749E-13max|Frechet|=  6.9158E-18
||Frechet||_F=  3.8749E-13max|Frechet|=  6.9158E-18
||Frechet||_F=  3.8749E-13max|Frechet|=  6.9158E-18
||Frechet||_F=  3.8749E-13max|Frechet|=  6.9158E-18
||Frechet||_F=  3.8749E-13max|Frechet|=  6.9158E-18
||Frechet||_F=  3.8749E-13max|Frechet|=  6.9158E-18
Grad block   7 GRAD_SCALED MORM =   1.0419E-04
MT try: alpha=  1.0000E+00  phi=  2.8452E-06  dg= -1.8300E-08  dg0= -3.2055E-07
MT try: armijo_rhs=  2.6105E-06  armijo=F  curvature=T  task=FG
 UPDATEPARAMETER: f-scale only
UPDATEPARAMETER PAR_STEP min/max, V_STEP min/max =  7.5124455381E+01  1.6886088962E+02
  7.5124455381E+01  1.6886088962E+02
 WD_amp= 8.70370E+13  RESID_RMS= 2.26709E-03  FCOST_DATA= 2.56985E-06  FCOST0= 2.56985E-06
  
 -------------- calculate Frechet derivatives -----------
 IFREQ =          12    ITERATION =           4
||Frechet||_F=  3.8739E-13max|Frechet|=  6.9166E-18
||Frechet||_F=  3.8739E-13max|Frechet|=  6.9166E-18
||Frechet||_F=  3.8739E-13max|Frechet|=  6.9166E-18
||Frechet||_F=  3.8739E-13max|Frechet|=  6.9166E-18
||Frechet||_F=  3.8739E-13max|Frechet|=  6.9166E-18
||Frechet||_F=  3.8739E-13max|Frechet|=  6.9166E-18
Grad block   7 GRAD_SCALED MORM =   1.2883E-04
MT try: alpha=  1.3337E-01  phi=  2.5699E-06  dg= -2.8125E-07  dg0= -3.2055E-07
MT try: armijo_rhs=  2.6105E-06  armijo=T  curvature=T  task=FG
  
  
Convergence reached, updating parameter grid
ALPHA from line search =  .1333708955040015
 FCOST0 after linesearch  2.569853169714165E-006
Norm of s (s_norm) =  .2454041405918390E-02
  
  
  
  
Convergence check at iteration    4
  Relative cost decrease  =  1.5591E-02
  Relative model update   =  0.0000E+00
  Relative grad. norm     =  9.7257E-01
Time for LBFGS =  24.88431599934896 min
  
 Frequency:          12 Iteration:           5
t_global   =    466.812 s
  
 -------------- calculate Frechet derivatives -----------
 IFREQ =          12    ITERATION =           5
||Frechet||_F=  3.8739E-13max|Frechet|=  6.9166E-18
||Frechet||_F=  3.8739E-13max|Frechet|=  6.9166E-18
 
TIME for Frechet calc =  4.596748352050781 min
 
 
  compute the residual and the cost function
 WD_amp= 8.70370E+13  RESID_RMS= 2.26709E-03  FCOST_DATA= 2.56985E-06  FCOST0= 2.56985E-06
||Frechet||_F=  3.8739E-13max|Frechet|=  6.9166E-18
||Frechet||_F=  3.8739E-13max|Frechet|=  6.9166E-18
||Frechet||_F=  3.8739E-13max|Frechet|=  6.9166E-18
||Frechet||_F=  3.8739E-13max|Frechet|=  6.9166E-18
Grad block   7 GRAD_SCALED MORM =   1.2883E-04
Gradient finished
Start LBFGS 
curvature (warm): s·y=  5.2419E-09  ||s||^2=  6.0223E-06  ||y||^2=  1.4862E-10  sTy_min=  2.9917E-09
LBFGS history: used= 1  skipped= 3  worst_col= 4  bad_s·y=  4.2799E-09  bad_cos_sy=  2.8805E-01
LBFGS step: g·p = -2.5241E-07  ||p||=  1.6550E-02
LBFGS step: min(p)= -1.4660E-03  max(p)=  8.4229E-04
LBFGS p_k (unscaled) stats per active parameter:
  IA=  7  PAR={Q11}  min=-9.06212E+00  max= 5.20672E+00  L2= 1.02306E+02
min(p_k)= -1.4660E-03  max(p_k)=  8.4229E-04  ||p_k||=  1.6550E-02
min(p_kf)= -1.4660E-03  max(p_kf)=  8.4229E-04  ||p_kf||=  6.6200E-02
p_k/p_kf  =   2.5000E-01
Start linesearch
MT entry: phi(0)=  2.5699E-06  dg0= -2.5241E-07  alpha0=  1.0000E+00
 UPDATEPARAMETER: f-scale only
UPDATEPARAMETER PAR_STEP min/max, V_STEP min/max =  7.1887728090E+01  1.6891865082E+02
  7.1887728090E+01  1.6891865082E+02
 WD_amp= 8.70370E+13  RESID_RMS= 2.34007E-03  FCOST_DATA= 2.73796E-06  FCOST0= 2.73796E-06
  
 -------------- calculate Frechet derivatives -----------
 IFREQ =          12    ITERATION =           5
||Frechet||_F=  3.8732E-13max|Frechet|=  6.9155E-18
||Frechet||_F=  3.8732E-13max|Frechet|=  6.9155E-18
||Frechet||_F=  3.8732E-13max|Frechet|=  6.9155E-18
||Frechet||_F=  3.8732E-13max|Frechet|=  6.9155E-18
||Frechet||_F=  3.8732E-13max|Frechet|=  6.9155E-18
||Frechet||_F=  3.8732E-13max|Frechet|=  6.9155E-18
Grad block   7 GRAD_SCALED MORM =   8.9652E-05
MT try: alpha=  1.0000E+00  phi=  2.7380E-06  dg= -7.7356E-08  dg0= -2.5241E-07
MT try: armijo_rhs=  2.5698E-06  armijo=F  curvature=T  task=FG
 UPDATEPARAMETER: f-scale only
UPDATEPARAMETER PAR_STEP min/max, V_STEP min/max =  7.5149447457E+01  1.6886852767E+02
  7.5149447457E+01  1.6886852767E+02
 WD_amp= 8.70370E+13  RESID_RMS= 2.25803E-03  FCOST_DATA= 2.54935E-06  FCOST0= 2.54935E-06
  
 -------------- calculate Frechet derivatives -----------
 IFREQ =          12    ITERATION =           5
||Frechet||_F=  3.8735E-13max|Frechet|=  6.9164E-18
||Frechet||_F=  3.8735E-13max|Frechet|=  6.9164E-18
||Frechet||_F=  3.8735E-13max|Frechet|=  6.9164E-18
||Frechet||_F=  3.8735E-13max|Frechet|=  6.9164E-18
||Frechet||_F=  3.8735E-13max|Frechet|=  6.9164E-18
||Frechet||_F=  3.8735E-13max|Frechet|=  6.9164E-18
Grad block   7 GRAD_SCALED MORM =   1.1993E-04
MT try: alpha=  1.3224E-01  phi=  2.5494E-06  dg= -2.2968E-07  dg0= -2.5241E-07
MT try: armijo_rhs=  2.5698E-06  armijo=T  curvature=F  task=FG
 UPDATEPARAMETER: f-scale only
UPDATEPARAMETER PAR_STEP min/max, V_STEP min/max =  7.4912906606E+01  1.6889358924E+02
  7.4912906606E+01  1.6889358924E+02
 WD_amp= 8.70370E+13  RESID_RMS= 2.26778E-03  FCOST_DATA= 2.57141E-06  FCOST0= 2.57141E-06
  
 -------------- calculate Frechet derivatives -----------
 IFREQ =          12    ITERATION =           5
||Frechet||_F=  3.8729E-13max|Frechet|=  6.9160E-18
||Frechet||_F=  3.8729E-13max|Frechet|=  6.9160E-18
||Frechet||_F=  3.8729E-13max|Frechet|=  6.9160E-18
||Frechet||_F=  3.8729E-13max|Frechet|=  6.9160E-18
||Frechet||_F=  3.8729E-13max|Frechet|=  6.9160E-18
||Frechet||_F=  3.8729E-13max|Frechet|=  6.9160E-18
Grad block   7 GRAD_SCALED MORM =   9.7467E-05
MT try: alpha=  5.6612E-01  phi=  2.5714E-06  dg= -1.5445E-07  dg0= -2.5241E-07
MT try: armijo_rhs=  2.5698E-06  armijo=F  curvature=T  task=FG
 UPDATEPARAMETER: f-scale only
UPDATEPARAMETER PAR_STEP min/max, V_STEP min/max =  7.5126335663E+01  1.6887306440E+02
  7.5126335663E+01  1.6887306440E+02
 WD_amp= 8.70370E+13  RESID_RMS= 2.25526E-03  FCOST_DATA= 2.54309E-06  FCOST0= 2.54309E-06
  
 -------------- calculate Frechet derivatives -----------
 IFREQ =          12    ITERATION =           5
||Frechet||_F=  3.8734E-13max|Frechet|=  6.9164E-18
||Frechet||_F=  3.8734E-13max|Frechet|=  6.9164E-18
||Frechet||_F=  3.8734E-13max|Frechet|=  6.9164E-18
||Frechet||_F=  3.8734E-13max|Frechet|=  6.9164E-18
||Frechet||_F=  3.8734E-13max|Frechet|=  6.9164E-18
||Frechet||_F=  3.8734E-13max|Frechet|=  6.9164E-18
Grad block   7 GRAD_SCALED MORM =   1.1503E-04
MT try: alpha=  2.1078E-01  phi=  2.5431E-06  dg= -2.1615E-07  dg0= -2.5241E-07
MT try: armijo_rhs=  2.5698E-06  armijo=T  curvature=T  task=FG
  
  
  
  
Convergence reached, updating parameter grid
ALPHA from line search =  .2107778410099862
 FCOST0 after linesearch  2.543092433391573E-006
Norm of s (s_norm) =  .3488378079426546E-02
  
  
Convergence check at iteration    5
  Relative cost decrease  =  1.0413E-02
  Relative model update   =  0.0000E+00
  Relative grad. norm     =  7.8734E-01
Time for LBFGS =  49.06856282552084 min
  
 Frequency:          12 Iteration:           6
t_global   =    465.915 s
  
 -------------- calculate Frechet derivatives -----------
 IFREQ =          12    ITERATION =           6
||Frechet||_F=  3.8734E-13max|Frechet|=  6.9164E-18
||Frechet||_F=  3.8734E-13max|Frechet|=  6.9164E-18
||Frechet||_F=  3.8734E-13max|Frechet|=  6.9164E-18
||Frechet||_F=  3.8734E-13max|Frechet|=  6.9164E-18
||Frechet||_F=  3.8734E-13max|Frechet|=  6.9164E-18
||Frechet||_F=  3.8734E-13max|Frechet|=  6.9164E-18
 
TIME for Frechet calc =  4.799199930826823 min
 
 
  compute the residual and the cost function
 WD_amp= 8.70370E+13  RESID_RMS= 2.25526E-03  FCOST_DATA= 2.54309E-06  FCOST0= 2.54309E-06
Grad block   7 GRAD_SCALED MORM =   1.1503E-04
Gradient finished
Start LBFGS 
curvature (warm): s·y=  7.6438E-09  ||s||^2=  1.2169E-05  ||y||^2=  2.2830E-10  sTy_min=  5.2708E-09
LBFGS history: used= 1  skipped= 4  worst_col= 4  bad_s·y=  4.2799E-09  bad_cos_sy=  2.8805E-01
LBFGS step: g·p = -1.9250E-07  ||p||=  1.4802E-02
LBFGS step: min(p)= -1.0973E-03  max(p)=  7.4813E-04
LBFGS p_k (unscaled) stats per active parameter:
  IA=  7  PAR={Q11}  min=-6.78318E+00  max= 4.62468E+00  L2= 9.14979E+01
min(p_k)= -1.0973E-03  max(p_k)=  7.4813E-04  ||p_k||=  1.4802E-02
min(p_kf)= -1.0973E-03  max(p_kf)=  7.4813E-04  ||p_kf||=  5.9206E-02
p_k/p_kf  =   2.5000E-01
Start linesearch
MT entry: phi(0)=  2.5431E-06  dg0= -1.9250E-07  alpha0=  1.0000E+00
 UPDATEPARAMETER: f-scale only
UPDATEPARAMETER PAR_STEP min/max, V_STEP min/max =  7.2378291997E+01  1.6892873853E+02
  7.2378291997E+01  1.6892873853E+02
 WD_amp= 8.70370E+13  RESID_RMS= 2.33142E-03  FCOST_DATA= 2.71777E-06  FCOST0= 2.71777E-06
  
 -------------- calculate Frechet derivatives -----------
 IFREQ =          12    ITERATION =           6
||Frechet||_F=  3.8726E-13max|Frechet|=  6.9156E-18
||Frechet||_F=  3.8726E-13max|Frechet|=  6.9156E-18
||Frechet||_F=  3.8726E-13max|Frechet|=  6.9156E-18
||Frechet||_F=  3.8726E-13max|Frechet|=  6.9156E-18
||Frechet||_F=  3.8726E-13max|Frechet|=  6.9156E-18
||Frechet||_F=  3.8726E-13max|Frechet|=  6.9156E-18
Grad block   7 GRAD_SCALED MORM =   8.9481E-05
MT try: alpha=  1.0000E+00  phi=  2.7178E-06  dg= -1.0650E-07  dg0= -1.9250E-07
MT try: armijo_rhs=  2.5431E-06  armijo=F  curvature=T  task=FG
 UPDATEPARAMETER: f-scale only
UPDATEPARAMETER PAR_STEP min/max, V_STEP min/max =  7.5103048792E+01  1.6887893378E+02
  7.5103048792E+01  1.6887893378E+02
 WD_amp= 8.70370E+13  RESID_RMS= 2.25509E-03  FCOST_DATA= 2.54272E-06  FCOST0= 2.54272E-06
  
 -------------- calculate Frechet derivatives -----------
 IFREQ =          12    ITERATION =           6
||Frechet||_F=  3.8731E-13max|Frechet|=  6.9163E-18
||Frechet||_F=  3.8731E-13max|Frechet|=  6.9163E-18
||Frechet||_F=  3.8731E-13max|Frechet|=  6.9163E-18
||Frechet||_F=  3.8731E-13max|Frechet|=  6.9163E-18
||Frechet||_F=  3.8731E-13max|Frechet|=  6.9163E-18
||Frechet||_F=  3.8731E-13max|Frechet|=  6.9163E-18
Grad block   7 GRAD_SCALED MORM =   1.0998E-04
MT try: alpha=  1.0542E-01  phi=  2.5427E-06  dg= -1.8349E-07  dg0= -1.9250E-07
MT try: armijo_rhs=  2.5431E-06  armijo=T  curvature=F  task=FG
 UPDATEPARAMETER: f-scale only
UPDATEPARAMETER PAR_STEP min/max, V_STEP min/max =  7.4639256052E+01  1.6890383615E+02
  7.4639256052E+01  1.6890383615E+02
 WD_amp= 8.70370E+13  RESID_RMS= 2.27572E-03  FCOST_DATA= 2.58946E-06  FCOST0= 2.58946E-06
  
 -------------- calculate Frechet derivatives -----------
 IFREQ =          12    ITERATION =           6
||Frechet||_F=  3.8725E-13max|Frechet|=  6.9159E-18
||Frechet||_F=  3.8725E-13max|Frechet|=  6.9159E-18
||Frechet||_F=  3.8725E-13max|Frechet|=  6.9159E-18
||Frechet||_F=  3.8725E-13max|Frechet|=  6.9159E-18
||Frechet||_F=  3.8725E-13max|Frechet|=  6.9159E-18
||Frechet||_F=  3.8725E-13max|Frechet|=  6.9159E-18
Grad block   7 GRAD_SCALED MORM =   9.3986E-05
MT try: alpha=  5.5271E-01  phi=  2.5895E-06  dg= -1.4521E-07  dg0= -1.9250E-07
MT try: armijo_rhs=  2.5431E-06  armijo=F  curvature=T  task=FG
 UPDATEPARAMETER: f-scale only
UPDATEPARAMETER PAR_STEP min/max, V_STEP min/max =  7.5090518438E+01  1.6888209202E+02
  7.5090518438E+01  1.6888209202E+02
 WD_amp= 8.70370E+13  RESID_RMS= 2.25579E-03  FCOST_DATA= 2.54429E-06  FCOST0= 2.54429E-06
  
 -------------- calculate Frechet derivatives -----------
 IFREQ =          12    ITERATION =           6
||Frechet||_F=  3.8730E-13max|Frechet|=  6.9162E-18
||Frechet||_F=  3.8730E-13max|Frechet|=  6.9162E-18
||Frechet||_F=  3.8730E-13max|Frechet|=  6.9162E-18
||Frechet||_F=  3.8730E-13max|Frechet|=  6.9162E-18
||Frechet||_F=  3.8730E-13max|Frechet|=  6.9162E-18
||Frechet||_F=  3.8730E-13max|Frechet|=  6.9162E-18
Grad block   7 GRAD_SCALED MORM =   1.0743E-04
MT try: alpha=  1.6215E-01  phi=  2.5443E-06  dg= -1.7864E-07  dg0= -1.9250E-07
MT try: armijo_rhs=  2.5431E-06  armijo=F  curvature=F  task=FG
 UPDATEPARAMETER: f-scale only
UPDATEPARAMETER PAR_STEP min/max, V_STEP min/max =  7.5100828383E+01  1.6887949343E+02
  7.5100828383E+01  1.6887949343E+02
 WD_amp= 8.70370E+13  RESID_RMS= 2.25518E-03  FCOST_DATA= 2.54291E-06  FCOST0= 2.54291E-06
  
 -------------- calculate Frechet derivatives -----------
 IFREQ =          12    ITERATION =           6
||Frechet||_F=  3.8731E-13max|Frechet|=  6.9163E-18
||Frechet||_F=  3.8731E-13max|Frechet|=  6.9163E-18
||Frechet||_F=  3.8731E-13max|Frechet|=  6.9163E-18
||Frechet||_F=  3.8731E-13max|Frechet|=  6.9163E-18
||Frechet||_F=  3.8731E-13max|Frechet|=  6.9163E-18
||Frechet||_F=  3.8731E-13max|Frechet|=  6.9163E-18
Grad block   7 GRAD_SCALED MORM =   1.0952E-04
MT try: alpha=  1.1548E-01  phi=  2.5429E-06  dg= -1.8263E-07  dg0= -1.9250E-07
MT try: armijo_rhs=  2.5431E-06  armijo=T  curvature=F  task=FG
 UPDATEPARAMETER: f-scale only
UPDATEPARAMETER PAR_STEP min/max, V_STEP min/max =  7.5102635554E+01  1.6887903794E+02
  7.5102635554E+01  1.6887903794E+02
 WD_amp= 8.70370E+13  RESID_RMS= 2.25511E-03  FCOST_DATA= 2.54275E-06  FCOST0= 2.54275E-06
  
 -------------- calculate Frechet derivatives -----------
 IFREQ =          12    ITERATION =           6
||Frechet||_F=  3.8731E-13max|Frechet|=  6.9163E-18
||Frechet||_F=  3.8731E-13max|Frechet|=  6.9163E-18
||Frechet||_F=  3.8731E-13max|Frechet|=  6.9163E-18
||Frechet||_F=  3.8731E-13max|Frechet|=  6.9163E-18
||Frechet||_F=  3.8731E-13max|Frechet|=  6.9163E-18
||Frechet||_F=  3.8731E-13max|Frechet|=  6.9163E-18
Grad block   7 GRAD_SCALED MORM =   1.0989E-04
MT try: alpha=  1.0729E-01  phi=  2.5428E-06  dg= -1.8333E-07  dg0= -1.9250E-07
MT try: armijo_rhs=  2.5431E-06  armijo=T  curvature=F  task=FG
 UPDATEPARAMETER: f-scale only
UPDATEPARAMETER PAR_STEP min/max, V_STEP min/max =  7.5102971185E+01  1.6887895334E+02
  7.5102971185E+01  1.6887895334E+02
 WD_amp= 8.70370E+13  RESID_RMS= 2.25509E-03  FCOST_DATA= 2.54273E-06  FCOST0= 2.54273E-06
  
 -------------- calculate Frechet derivatives -----------
 IFREQ =          12    ITERATION =           6
||Frechet||_F=  3.8731E-13max|Frechet|=  6.9163E-18
||Frechet||_F=  3.8731E-13max|Frechet|=  6.9163E-18
||Frechet||_F=  3.8731E-13max|Frechet|=  6.9163E-18
||Frechet||_F=  3.8731E-13max|Frechet|=  6.9163E-18
||Frechet||_F=  3.8731E-13max|Frechet|=  6.9163E-18
||Frechet||_F=  3.8731E-13max|Frechet|=  6.9163E-18
Grad block   7 GRAD_SCALED MORM =   1.0996E-04
MT try: alpha=  1.0578E-01  phi=  2.5427E-06  dg= -1.8346E-07  dg0= -1.9250E-07
MT try: armijo_rhs=  2.5431E-06  armijo=T  curvature=F  task=FG
 UPDATEPARAMETER: f-scale only
UPDATEPARAMETER PAR_STEP min/max, V_STEP min/max =  7.5103034186E+01  1.6887893746E+02
  7.5103034186E+01  1.6887893746E+02
 WD_amp= 8.70370E+13  RESID_RMS= 2.25509E-03  FCOST_DATA= 2.54272E-06  FCOST0= 2.54272E-06
  
 -------------- calculate Frechet derivatives -----------
 IFREQ =          12    ITERATION =           6
||Frechet||_F=  3.8731E-13max|Frechet|=  6.9163E-18
||Frechet||_F=  3.8731E-13max|Frechet|=  6.9163E-18
||Frechet||_F=  3.8731E-13max|Frechet|=  6.9163E-18
||Frechet||_F=  3.8731E-13max|Frechet|=  6.9163E-18
||Frechet||_F=  3.8731E-13max|Frechet|=  6.9163E-18
||Frechet||_F=  3.8731E-13max|Frechet|=  6.9163E-18
Grad block   7 GRAD_SCALED MORM =   1.0997E-04
MT try: alpha=  1.0549E-01  phi=  2.5427E-06  dg= -1.8348E-07  dg0= -1.9250E-07
MT try: armijo_rhs=  2.5431E-06  armijo=T  curvature=F  task=FG
 UPDATEPARAMETER: f-scale only
UPDATEPARAMETER PAR_STEP min/max, V_STEP min/max =  7.5103046014E+01  1.6887893448E+02
  7.5103046014E+01  1.6887893448E+02
 WD_amp= 8.70370E+13  RESID_RMS= 2.25509E-03  FCOST_DATA= 2.54272E-06  FCOST0= 2.54272E-06
  
 -------------- calculate Frechet derivatives -----------
 IFREQ =          12    ITERATION =           6
||Frechet||_F=  3.8731E-13max|Frechet|=  6.9163E-18
||Frechet||_F=  3.8731E-13max|Frechet|=  6.9163E-18
||Frechet||_F=  3.8731E-13max|Frechet|=  6.9163E-18
||Frechet||_F=  3.8731E-13max|Frechet|=  6.9163E-18
||Frechet||_F=  3.8731E-13max|Frechet|=  6.9163E-18
||Frechet||_F=  3.8731E-13max|Frechet|=  6.9163E-18
Grad block   7 GRAD_SCALED MORM =   1.0998E-04
MT try: alpha=  1.0544E-01  phi=  2.5427E-06  dg= -1.8349E-07  dg0= -1.9250E-07
MT try: armijo_rhs=  2.5431E-06  armijo=T  curvature=F  task=FG
 UPDATEPARAMETER: f-scale only
UPDATEPARAMETER PAR_STEP min/max, V_STEP min/max =  7.5103048288E+01  1.6887893391E+02
  7.5103048288E+01  1.6887893391E+02
 WD_amp= 8.70370E+13  RESID_RMS= 2.25509E-03  FCOST_DATA= 2.54272E-06  FCOST0= 2.54272E-06
  
 -------------- calculate Frechet derivatives -----------
 IFREQ =          12    ITERATION =           6
||Frechet||_F=  3.8731E-13max|Frechet|=  6.9163E-18
||Frechet||_F=  3.8731E-13max|Frechet|=  6.9163E-18
||Frechet||_F=  3.8731E-13max|Frechet|=  6.9163E-18
||Frechet||_F=  3.8731E-13max|Frechet|=  6.9163E-18
||Frechet||_F=  3.8731E-13max|Frechet|=  6.9163E-18
||Frechet||_F=  3.8731E-13max|Frechet|=  6.9163E-18
Grad block   7 GRAD_SCALED MORM =   1.0998E-04
MT try: alpha=  1.0543E-01  phi=  2.5427E-06  dg= -1.8349E-07  dg0= -1.9250E-07
MT try: armijo_rhs=  2.5431E-06  armijo=T  curvature=F  task=FG
 Line search failed (IFLAG=          11 ), inversion diverged.
 --------- Frequency   8.85000000000000       (band            1 )
[ComputeAcqWeight] empty acq_weight_file, using uniform weights = 1.0
Data weighting computed for frequency 4607182418800017373
XSRmin, XSRmax, ZSRmin, ZSRMax -1960.000000000000 .000000000000000 2050.000000000000 4030.000000000000
1 FKYC
1.2 FKYC
my_rank, FKYC,WLMAX, RMAX 0 .7252981300244260E-01 578.8450615641549 2786.036611389018
1.1 NK
NK in cky2= 99

  Number of wavenumber samples (NK) for FREQ =   99
Data weighting computed for frequency 4607182418800017373
Data weighting computed for frequency 4607182418800017373
Data weighting computed for frequency 4607182418800017373
Data weighting computed for frequency 4607182418800017373
  RMAX = 2786.04
Data weighting computed for frequency 4607182418800017373
--- Pre-solver preview (memory + RHS workload) ---
   GQG dims: NNX=       585  NNZ=       317  NPT=    185445
   DOF:     N=3*NPT =    556335
   Sources: NSR=       100  NSS=        20  NK=        99
   RHS total (per IK): nrhs_tot=3*NSS =        60
   Batch:    MAX_RHS_BATCH=        32  nbatches=         2
   GFMY  (GFX+GFY+GFZ):         24.621 GB
   RHS_MY(rhs+sol buffers):      0.531 GB
 
 running run_ik_loop_pardiso
before CA | VmRSS=  26.265 GB  VmHWM= 122.445 GB
after CA | VmRSS=  27.468 GB  VmHWM= 122.445 GB
after factor | VmRSS=  31.263 GB  VmHWM= 122.445 GB
f=     8.850 Hz | ky=  0.732624E-03 | IK=       1/      99 | t=   17.301100 s | CA=  2.5120 | fact= 12.8756 | GF=  1.9133 | solve=  1.7594 | scatter=  0.0508
f=     8.850 Hz | ky=  0.146525E-02 | IK=       2/      99 | t=    6.929500 s | CA=  2.5336 | fact=  2.5739 | GF=  1.8219 | solve=  1.6970 | scatter=  0.0519
f=     8.850 Hz | ky=  0.219787E-02 | IK=       3/      99 | t=    7.033000 s | CA=  2.6355 | fact=  2.5797 | GF=  1.8178 | solve=  1.6934 | scatter=  0.0513
f=     8.850 Hz | ky=  0.293050E-02 | IK=       4/      99 | t=    6.971500 s | CA=  2.5987 | fact=  2.5588 | GF=  1.8140 | solve=  1.6891 | scatter=  0.0518
f=     8.850 Hz | ky=  0.366312E-02 | IK=       5/      99 | t=    7.004200 s | CA=  2.6141 | fact=  2.5777 | GF=  1.8123 | solve=  1.6890 | scatter=  0.0502
f=     8.850 Hz | ky=  0.439575E-02 | IK=       6/      99 | t=    6.997700 s | CA=  2.6028 | fact=  2.5691 | GF=  1.8257 | solve=  1.6991 | scatter=  0.0535
f=     8.850 Hz | ky=  0.512837E-02 | IK=       7/      99 | t=    7.016100 s | CA=  2.6169 | fact=  2.5784 | GF=  1.8207 | solve=  1.6953 | scatter=  0.0522
f=     8.850 Hz | ky=  0.586099E-02 | IK=       8/      99 | t=    6.980000 s | CA=  2.5848 | fact=  2.5692 | GF=  1.8260 | solve=  1.6992 | scatter=  0.0536
f=     8.850 Hz | ky=  0.659362E-02 | IK=       9/      99 | t=    6.981300 s | CA=  2.5905 | fact=  2.5738 | GF=  1.8169 | solve=  1.6913 | scatter=  0.0521
f=     8.850 Hz | ky=  0.732624E-02 | IK=      10/      99 | t=    6.999700 s | CA=  2.6029 | fact=  2.5767 | GF=  1.8201 | solve=  1.6931 | scatter=  0.0535
f=     8.850 Hz | ky=  0.805887E-02 | IK=      11/      99 | t=    6.982200 s | CA=  2.5951 | fact=  2.5621 | GF=  1.8249 | solve=  1.6964 | scatter=  0.0551
f=     8.850 Hz | ky=  0.879149E-02 | IK=      12/      99 | t=    6.986300 s | CA=  2.5782 | fact=  2.5941 | GF=  1.8140 | solve=  1.6869 | scatter=  0.0538
f=     8.850 Hz | ky=  0.952412E-02 | IK=      13/      99 | t=    7.013200 s | CA=  2.6021 | fact=  2.5924 | GF=  1.8187 | solve=  1.6931 | scatter=  0.0522
f=     8.850 Hz | ky=  0.102567E-01 | IK=      14/      99 | t=    6.992000 s | CA=  2.5926 | fact=  2.5826 | GF=  1.8168 | solve=  1.6920 | scatter=  0.0513
f=     8.850 Hz | ky=  0.109894E-01 | IK=      15/      99 | t=    7.003400 s | CA=  2.6322 | fact=  2.5476 | GF=  1.8236 | solve=  1.6961 | scatter=  0.0541
f=     8.850 Hz | ky=  0.117220E-01 | IK=      16/      99 | t=    7.010300 s | CA=  2.5865 | fact=  2.5948 | GF=  1.8289 | solve=  1.7011 | scatter=  0.0543
f=     8.850 Hz | ky=  0.124546E-01 | IK=      17/      99 | t=    6.990600 s | CA=  2.6000 | fact=  2.5715 | GF=  1.8190 | solve=  1.6943 | scatter=  0.0513
PARDISO mem (f=  8.85 Hz): sym=  1.95 GB  perm=  1.42 GB  num=  3.22 GB  
peak=  4.64 GB
t_global   =    184.885 s
TIME for 1st forward modeling =  3.081280008951823  min
TIME for GT0 =  .1103000044822693E-01  min
Data scaler W for L2 norm: 91309916411743.56
Data scaler W for WQS norm: .1007948000807317E-312
Total number of active inversion parameters for current sequential stage (IM):          1
Total model blocks points (NM = IM * NBLOCK):      11534 on grid (NMM = IM * NPT):    185445
 Gradient balance ():   1.00000000000000        1.00000000000000     
   1.00000000000000        1.00000000000000        1.00000000000000     
   1.00000000000000        1.00000000000000        1.00000000000000     
   1.00000000000000        1.00000000000000        1.00000000000000     
 IE0, IZ          30           0
 IE0, IZ, GZ1, GZ2 =           30           0   100.000000000000     
   300.000000000000     
  
 Frequency:          13 Iteration:           1
--- Pre-solver preview (memory + RHS workload) ---
   GQG dims: NNX=       585  NNZ=       317  NPT=    185445
   DOF:     N=3*NPT =    556335
   Sources: NSR=       100  NSS=       100  NK=        99
   RHS total (per IK): nrhs_tot=3*NSS =       300
   Batch:    MAX_RHS_BATCH=        32  nbatches=        10
   GFMY  (GFX+GFY+GFZ):        123.107 GB
   RHS_MY(rhs+sol buffers):      0.531 GB
 
 running run_ik_loop_pardiso
before CA | VmRSS= 125.614 GB  VmHWM= 125.614 GB
after CA | VmRSS= 126.461 GB  VmHWM= 130.787 GB
after factor | VmRSS= 130.260 GB  VmHWM= 130.787 GB
f=     8.850 Hz | ky=  0.732624E-03 | IK=       1/      99 | t=   24.369300 s | CA=  2.5223 | fact= 12.8584 | GF=  8.9884 | solve=  8.2954 | scatter=  0.2841
f=     8.850 Hz | ky=  0.146525E-02 | IK=       2/      99 | t=   13.997100 s | CA=  2.5860 | fact=  2.5464 | GF=  8.8646 | solve=  8.2303 | scatter=  0.2540
f=     8.850 Hz | ky=  0.219787E-02 | IK=       3/      99 | t=   14.036000 s | CA=  2.6086 | fact=  2.5778 | GF=  8.8496 | solve=  8.2171 | scatter=  0.2523
f=     8.850 Hz | ky=  0.293050E-02 | IK=       4/      99 | t=   14.084300 s | CA=  2.6461 | fact=  2.5649 | GF=  8.8733 | solve=  8.2404 | scatter=  0.2529
f=     8.850 Hz | ky=  0.366312E-02 | IK=       5/      99 | t=   14.005400 s | CA=  2.5607 | fact=  2.5658 | GF=  8.8788 | solve=  8.2448 | scatter=  0.2534
f=     8.850 Hz | ky=  0.439575E-02 | IK=       6/      99 | t=   14.048300 s | CA=  2.6066 | fact=  2.5777 | GF=  8.8640 | solve=  8.2292 | scatter=  0.2541
f=     8.850 Hz | ky=  0.512837E-02 | IK=       7/      99 | t=   14.053700 s | CA=  2.5957 | fact=  2.5788 | GF=  8.8791 | solve=  8.2429 | scatter=  0.2552
f=     8.850 Hz | ky=  0.586099E-02 | IK=       8/      99 | t=   14.065800 s | CA=  2.5819 | fact=  2.5802 | GF=  8.9037 | solve=  8.2678 | scatter=  0.2553
f=     8.850 Hz | ky=  0.659362E-02 | IK=       9/      99 | t=   14.109400 s | CA=  2.6349 | fact=  2.5836 | GF=  8.8908 | solve=  8.2577 | scatter=  0.2522
f=     8.850 Hz | ky=  0.732624E-02 | IK=      10/      99 | t=   14.070200 s | CA=  2.6099 | fact=  2.5849 | GF=  8.8754 | solve=  8.2401 | scatter=  0.2544
f=     8.850 Hz | ky=  0.805887E-02 | IK=      11/      99 | t=   14.052500 s | CA=  2.5825 | fact=  2.5757 | GF=  8.8942 | solve=  8.2610 | scatter=  0.2518
f=     8.850 Hz | ky=  0.879149E-02 | IK=      12/      99 | t=   14.081900 s | CA=  2.6161 | fact=  2.5910 | GF=  8.8748 | solve=  8.2399 | scatter=  0.2538
f=     8.850 Hz | ky=  0.952412E-02 | IK=      13/      99 | t=   14.065300 s | CA=  2.6026 | fact=  2.5929 | GF=  8.8698 | solve=  8.2350 | scatter=  0.2532
f=     8.850 Hz | ky=  0.102567E-01 | IK=      14/      99 | t=   14.090600 s | CA=  2.6222 | fact=  2.5849 | GF=  8.8834 | solve=  8.2482 | scatter=  0.2542
f=     8.850 Hz | ky=  0.109894E-01 | IK=      15/      99 | t=   13.969600 s | CA=  2.5464 | fact=  2.5724 | GF=  8.8507 | solve=  8.2196 | scatter=  0.2500
f=     8.850 Hz | ky=  0.117220E-01 | IK=      16/      99 | t=   14.025800 s | CA=  2.5751 | fact=  2.5808 | GF=  8.8699 | solve=  8.2338 | scatter=  0.2557
f=     8.850 Hz | ky=  0.124546E-01 | IK=      17/      99 | t=   14.058600 s | CA=  2.5941 | fact=  2.5924 | GF=  8.8721 | solve=  8.2385 | scatter=  0.2517
PARDISO mem (f=  8.85 Hz): sym=  1.95 GB  perm=  1.42 GB  num=  3.22 GB  
peak=  4.64 GB
t_global   =    528.176 s
TIME for 2d forward modeling_i calc =  8.801813761393229 min
Rank    5 -> ID range:   4001 to   4800 | Tasks:    800
Rank    4 -> ID range:   3201 to   4000 | Tasks:    800
Rank    1 -> ID range:    801 to   1600 | Tasks:    800
Rank    2 -> ID range:   1601 to   2400 | Tasks:    800
Rank    3 -> ID range:   2401 to   3200 | Tasks:    800
  
 -------------- calculate Frechet derivatives -----------
 IFREQ =          13    ITERATION =           1
Frechet memory size Frec_my:      0.825 (Gb)
Rank    0 -> ID range:      1 to    800 | Tasks:    800
FREQ:      8.8 Hz, ITER=       1  Frechet Derivative ID=     100/    4800 Finished   0.385300 s
FREQ:      8.8 Hz, ITER=       1  Frechet Derivative ID=     200/    4800 Finished   0.379200 s
FREQ:      8.8 Hz, ITER=       1  Frechet Derivative ID=     300/    4800 Finished   0.383800 s
FREQ:      8.8 Hz, ITER=       1  Frechet Derivative ID=     400/    4800 Finished   0.358600 s
FREQ:      8.8 Hz, ITER=       1  Frechet Derivative ID=     500/    4800 Finished   0.387400 s
FREQ:      8.8 Hz, ITER=       1  Frechet Derivative ID=     600/    4800 Finished   0.388600 s
FREQ:      8.8 Hz, ITER=       1  Frechet Derivative ID=     700/    4800 Finished   0.386100 s
FREQ:      8.8 Hz, ITER=       1  Frechet Derivative ID=     800/    4800 Finished   0.381800 s
||Frechet||_F=  3.6509E-13max|Frechet|=  7.2867E-18
||Frechet||_F=  3.6509E-13max|Frechet|=  7.2867E-18
||Frechet||_F=  3.6509E-13max|Frechet|=  7.2867E-18
 
TIME for Frechet calc =  5.302075195312500 min
 
m_fine: min=  7.5126E+01  max=  1.6887E+02  mean=  1.3538E+02  ||.||2=  6.0331E+04  size=  185445
m_coarse_prev: min=  7.5623E+01  max=  1.6840E+02  mean=  1.3542E+02  ||.||2=  1.5049E+04  size=   11534
 
  compute the residual and the cost function
 WD_amp= 9.13099E+13  RESID_RMS= 2.28676E-03  FCOST_DATA= 2.61463E-06  FCOST0= 2.61463E-06
||Frechet||_F=  3.6509E-13max|Frechet|=  7.2867E-18
||Frechet||_F=  3.6509E-13max|Frechet|=  7.2867E-18
||Frechet||_F=  3.6509E-13max|Frechet|=  7.2867E-18
IA=  7  H(single F0) min= 0.00000E+00  max= 6.27614E-02
IA=  7  H(F0^2)     min= 0.00000E+00  max= 6.27614E-02
HESSD: ia=   7  min= 0.00000E+00  max= 2.27614E+03
IA=  7  H(single F0) min= 0.00000E+00  max= 6.27614E-02
IA=  7  H(F0^2)     min= 0.00000E+00  max= 6.27614E-02
HESSD: ia=   7  min= 0.00000E+00  max= 2.27614E+03
IA=  7  H(single F0) min= 0.00000E+00  max= 6.27614E-02
IA=  7  H(F0^2)     min= 0.00000E+00  max= 6.27614E-02
HESSD: ia=   7  min= 0.00000E+00  max= 2.27614E+03
IA=  7  H(single F0) min= 0.00000E+00  max= 6.27614E-02
IA=  7  H(F0^2)     min= 0.00000E+00  max= 6.27614E-02
HESSD: ia=   7  min= 0.00000E+00  max= 2.27614E+03
IA=  7  H(single F0) min= 0.00000E+00  max= 6.27614E-02
IA=  7  H(F0^2)     min= 0.00000E+00  max= 6.27614E-02
HESSD: ia=   7  min= 0.00000E+00  max= 2.27614E+03
IA=  7  H(single F0) min= 0.00000E+00  max= 6.27614E-02
IA=  7  H(F0^2)     min= 0.00000E+00  max= 6.27614E-02
HESSD: ia=   7  min= 0.00000E+00  max= 2.27614E+03
Grad block   7 GRAD_SCALED MORM =   1.4938E-04
Raw grad block  7  PAR={Q11}  min= -3.8352E-09  max=  3.9190E-09  L2=  2.6496E-08
Gradient finished
Start LBFGS 
LBFGS steepest step , iter=      1
  g·p = -2.5558E-06  ||p|| =  3.5915E-02
  min(p)= -1.3032E-03  max(p)=  2.6089E-03
LBFGS p_k (unscaled) stats per active parameter:
  IA=  7  PAR={Q11}  min=-8.05609E+00  max= 1.61272E+01  L2= 2.22011E+02
min(p_k)= -1.3032E-03  max(p_k)=  2.6089E-03  ||p_k||=  3.5915E-02
min(p_kf)= -1.3032E-03  max(p_kf)=  2.6089E-03  ||p_kf||=  1.4366E-01
p_k/p_kf  =   2.5000E-01
Start linesearch
BT entry: phi(0)=  2.6146E-06  g·p(0)= -2.5558E-06
 UPDATEPARAMETER: f-scale only
UPDATEPARAMETER PAR_STEP min/max, V_STEP min/max =  7.2531188954E+01  1.6889758654E+02
  7.2531188954E+01  1.6889758654E+02
REL STEP Q      : k=  7 row=  2 rmax_k=  1.7615E-01 row_scale=  1.6887E+02
BT cap probe: rmax1=  1.7615E-01  alpha_cap=  1.0000E+00  alpha00=  1.0000E+00
 UPDATEPARAMETER: f-scale only
UPDATEPARAMETER PAR_STEP min/max, V_STEP min/max =  7.2531188954E+01  1.6889758654E+02
  7.2531188954E+01  1.6889758654E+02
 running run_ik_loop_pardiso
before CA | VmRSS=  27.257 GB  VmHWM= 136.001 GB
after CA | VmRSS=  28.253 GB  VmHWM= 136.001 GB
after factor | VmRSS=  32.017 GB  VmHWM= 136.001 GB
f=     8.850 Hz | ky=  0.732624E-03 | IK=       1/      99 | t=   17.339200 s | CA=  2.5444 | fact= 12.8664 | GF=  1.9282 | solve=  1.7736 | scatter=  0.0520
f=     8.850 Hz | ky=  0.146525E-02 | IK=       2/      99 | t=    6.977900 s | CA=  2.5917 | fact=  2.5696 | GF=  1.8166 | solve=  1.6926 | scatter=  0.0510
f=     8.850 Hz | ky=  0.219787E-02 | IK=       3/      99 | t=    6.981200 s | CA=  2.6091 | fact=  2.5576 | GF=  1.8145 | solve=  1.6910 | scatter=  0.0503
f=     8.850 Hz | ky=  0.293050E-02 | IK=       4/      99 | t=    6.962500 s | CA=  2.5686 | fact=  2.5737 | GF=  1.8202 | solve=  1.6962 | scatter=  0.0509
f=     8.850 Hz | ky=  0.366312E-02 | IK=       5/      99 | t=    7.010900 s | CA=  2.6267 | fact=  2.5647 | GF=  1.8195 | solve=  1.6942 | scatter=  0.0523
f=     8.850 Hz | ky=  0.439575E-02 | IK=       6/      99 | t=    6.928900 s | CA=  2.5529 | fact=  2.5563 | GF=  1.8196 | solve=  1.6959 | scatter=  0.0501
f=     8.850 Hz | ky=  0.512837E-02 | IK=       7/      99 | t=    6.982600 s | CA=  2.5917 | fact=  2.5709 | GF=  1.8199 | solve=  1.6918 | scatter=  0.0547
f=     8.850 Hz | ky=  0.586099E-02 | IK=       8/      99 | t=    6.995400 s | CA=  2.5863 | fact=  2.5849 | GF=  1.8241 | solve=  1.6997 | scatter=  0.0514
f=     8.850 Hz | ky=  0.659362E-02 | IK=       9/      99 | t=    6.978100 s | CA=  2.5791 | fact=  2.5844 | GF=  1.8145 | solve=  1.6866 | scatter=  0.0548
f=     8.850 Hz | ky=  0.732624E-02 | IK=      10/      99 | t=    6.988000 s | CA=  2.5918 | fact=  2.5793 | GF=  1.8169 | solve=  1.6932 | scatter=  0.0501
f=     8.850 Hz | ky=  0.805887E-02 | IK=      11/      99 | t=    7.027600 s | CA=  2.6263 | fact=  2.5764 | GF=  1.8248 | solve=  1.6974 | scatter=  0.0542
f=     8.850 Hz | ky=  0.879149E-02 | IK=      12/      99 | t=    6.974800 s | CA=  2.5654 | fact=  2.5885 | GF=  1.8208 | solve=  1.6958 | scatter=  0.0518
f=     8.850 Hz | ky=  0.952412E-02 | IK=      13/      99 | t=    7.036400 s | CA=  2.6453 | fact=  2.5716 | GF=  1.8195 | solve=  1.6935 | scatter=  0.0526
f=     8.850 Hz | ky=  0.102567E-01 | IK=      14/      99 | t=    6.991600 s | CA=  2.6072 | fact=  2.5674 | GF=  1.8170 | solve=  1.6900 | scatter=  0.0538
f=     8.850 Hz | ky=  0.109894E-01 | IK=      15/      99 | t=    6.974500 s | CA=  2.5755 | fact=  2.5811 | GF=  1.8178 | solve=  1.6930 | scatter=  0.0511
f=     8.850 Hz | ky=  0.117220E-01 | IK=      16/      99 | t=    6.978700 s | CA=  2.6054 | fact=  2.5468 | GF=  1.8264 | solve=  1.6971 | scatter=  0.0558
f=     8.850 Hz | ky=  0.124546E-01 | IK=      17/      99 | t=    7.015800 s | CA=  2.5912 | fact=  2.5987 | GF=  1.8259 | solve=  1.6992 | scatter=  0.0534
PARDISO mem (f=  8.85 Hz): sym=  1.95 GB  perm=  1.42 GB  num=  3.22 GB  
peak=  4.64 GB
 WD_amp= 9.13099E+13  RESID_RMS= 7.65956E-03  FCOST_DATA= 2.93344E-05  FCOST0= 2.93344E-05
BT: alpha=  1.0000E+00  phi=  2.9334E-05  rhs=  2.6144E-06
 UPDATEPARAMETER: f-scale only
UPDATEPARAMETER PAR_STEP min/max, V_STEP min/max =  7.4289492880E+01  1.6888233154E+02
  7.4289492880E+01  1.6888233154E+02
 running run_ik_loop_pardiso
before CA | VmRSS=  27.153 GB  VmHWM= 136.001 GB
after CA | VmRSS=  28.398 GB  VmHWM= 136.001 GB
after factor | VmRSS=  32.170 GB  VmHWM= 136.001 GB
f=     8.850 Hz | ky=  0.732624E-03 | IK=       1/      99 | t=   17.264400 s | CA=  2.4887 | fact= 12.8552 | GF=  1.9203 | solve=  1.7667 | scatter=  0.0511
f=     8.850 Hz | ky=  0.146525E-02 | IK=       2/      99 | t=    6.971100 s | CA=  2.5834 | fact=  2.5700 | GF=  1.8176 | solve=  1.6920 | scatter=  0.0526
f=     8.850 Hz | ky=  0.219787E-02 | IK=       3/      99 | t=    6.943100 s | CA=  2.5757 | fact=  2.5489 | GF=  1.8185 | solve=  1.6920 | scatter=  0.0535
f=     8.850 Hz | ky=  0.293050E-02 | IK=       4/      99 | t=    6.967700 s | CA=  2.6072 | fact=  2.5434 | GF=  1.8171 | solve=  1.6928 | scatter=  0.0511
f=     8.850 Hz | ky=  0.366312E-02 | IK=       5/      99 | t=    6.943600 s | CA=  2.5671 | fact=  2.5594 | GF=  1.8171 | solve=  1.6941 | scatter=  0.0499
f=     8.850 Hz | ky=  0.439575E-02 | IK=       6/      99 | t=    7.029100 s | CA=  2.6296 | fact=  2.5832 | GF=  1.8163 | solve=  1.6888 | scatter=  0.0546
f=     8.850 Hz | ky=  0.512837E-02 | IK=       7/      99 | t=    7.025500 s | CA=  2.6132 | fact=  2.5925 | GF=  1.8197 | solve=  1.6922 | scatter=  0.0542
f=     8.850 Hz | ky=  0.586099E-02 | IK=       8/      99 | t=    6.930600 s | CA=  2.5864 | fact=  2.5239 | GF=  1.8202 | solve=  1.6942 | scatter=  0.0528
f=     8.850 Hz | ky=  0.659362E-02 | IK=       9/      99 | t=    6.979700 s | CA=  2.6206 | fact=  2.5416 | GF=  1.8174 | solve=  1.6927 | scatter=  0.0517
f=     8.850 Hz | ky=  0.732624E-02 | IK=      10/      99 | t=    7.013300 s | CA=  2.6351 | fact=  2.5583 | GF=  1.8199 | solve=  1.6935 | scatter=  0.0533
f=     8.850 Hz | ky=  0.805887E-02 | IK=      11/      99 | t=    7.010700 s | CA=  2.6082 | fact=  2.5836 | GF=  1.8189 | solve=  1.6948 | scatter=  0.0508
f=     8.850 Hz | ky=  0.879149E-02 | IK=      12/      99 | t=    6.944300 s | CA=  2.5672 | fact=  2.5543 | GF=  1.8228 | solve=  1.6973 | scatter=  0.0524
f=     8.850 Hz | ky=  0.952412E-02 | IK=      13/      99 | t=    6.968200 s | CA=  2.5797 | fact=  2.5672 | GF=  1.8213 | solve=  1.6965 | scatter=  0.0511
f=     8.850 Hz | ky=  0.102567E-01 | IK=      14/      99 | t=    6.964100 s | CA=  2.5603 | fact=  2.5749 | GF=  1.8289 | solve=  1.7012 | scatter=  0.0545
f=     8.850 Hz | ky=  0.109894E-01 | IK=      15/      99 | t=    6.926700 s | CA=  2.5488 | fact=  2.5508 | GF=  1.8270 | solve=  1.7020 | scatter=  0.0517
f=     8.850 Hz | ky=  0.117220E-01 | IK=      16/      99 | t=    7.023800 s | CA=  2.6242 | fact=  2.5722 | GF=  1.8274 | solve=  1.6998 | scatter=  0.0539
f=     8.850 Hz | ky=  0.124546E-01 | IK=      17/      99 | t=    6.996500 s | CA=  2.5727 | fact=  2.6068 | GF=  1.8170 | solve=  1.6906 | scatter=  0.0531
PARDISO mem (f=  8.85 Hz): sym=  1.95 GB  perm=  1.42 GB  num=  3.22 GB  
peak=  4.64 GB
 WD_amp= 9.13099E+13  RESID_RMS= 4.24376E-03  FCOST_DATA= 9.00474E-06  FCOST0= 9.00474E-06
BT: alpha=  5.0000E-01  phi=  9.0047E-06  rhs=  2.6145E-06
 UPDATEPARAMETER: f-scale only
UPDATEPARAMETER PAR_STEP min/max, V_STEP min/max =  7.4707914272E+01  1.6887769797E+02
  7.4707914272E+01  1.6887769797E+02
 running run_ik_loop_pardiso
before CA | VmRSS=  27.112 GB  VmHWM= 136.001 GB
after CA | VmRSS=  28.963 GB  VmHWM= 136.001 GB
after factor | VmRSS=  32.760 GB  VmHWM= 136.001 GB
f=     8.850 Hz | ky=  0.732624E-03 | IK=       1/      99 | t=   17.315600 s | CA=  2.5448 | fact= 12.8450 | GF=  1.9256 | solve=  1.7695 | scatter=  0.0535
f=     8.850 Hz | ky=  0.146525E-02 | IK=       2/      99 | t=    6.999600 s | CA=  2.6225 | fact=  2.5556 | GF=  1.8214 | solve=  1.6938 | scatter=  0.0545
f=     8.850 Hz | ky=  0.219787E-02 | IK=       3/      99 | t=    6.947900 s | CA=  2.5638 | fact=  2.5694 | GF=  1.8146 | solve=  1.6871 | scatter=  0.0543
f=     8.850 Hz | ky=  0.293050E-02 | IK=       4/      99 | t=    6.950600 s | CA=  2.5677 | fact=  2.5671 | GF=  1.8157 | solve=  1.6923 | scatter=  0.0504
f=     8.850 Hz | ky=  0.366312E-02 | IK=       5/      99 | t=    6.944300 s | CA=  2.5755 | fact=  2.5462 | GF=  1.8225 | solve=  1.6960 | scatter=  0.0534
f=     8.850 Hz | ky=  0.439575E-02 | IK=       6/      99 | t=    6.971800 s | CA=  2.5735 | fact=  2.5775 | GF=  1.8208 | solve=  1.6949 | scatter=  0.0529
f=     8.850 Hz | ky=  0.512837E-02 | IK=       7/      99 | t=    6.957200 s | CA=  2.5742 | fact=  2.5604 | GF=  1.8225 | solve=  1.6976 | scatter=  0.0519
f=     8.850 Hz | ky=  0.586099E-02 | IK=       8/      99 | t=    6.973200 s | CA=  2.5829 | fact=  2.5731 | GF=  1.8172 | solve=  1.6937 | scatter=  0.0504
f=     8.850 Hz | ky=  0.659362E-02 | IK=       9/      99 | t=    7.020200 s | CA=  2.6176 | fact=  2.5724 | GF=  1.8301 | solve=  1.7042 | scatter=  0.0527
f=     8.850 Hz | ky=  0.732624E-02 | IK=      10/      99 | t=    6.968800 s | CA=  2.6099 | fact=  2.5408 | GF=  1.8181 | solve=  1.6921 | scatter=  0.0530
f=     8.850 Hz | ky=  0.805887E-02 | IK=      11/      99 | t=    6.968100 s | CA=  2.5620 | fact=  2.5902 | GF=  1.8159 | solve=  1.6901 | scatter=  0.0526
f=     8.850 Hz | ky=  0.879149E-02 | IK=      12/      99 | t=    6.974700 s | CA=  2.5764 | fact=  2.5790 | GF=  1.8192 | solve=  1.6922 | scatter=  0.0538
f=     8.850 Hz | ky=  0.952412E-02 | IK=      13/      99 | t=    6.963100 s | CA=  2.5760 | fact=  2.5555 | GF=  1.8316 | solve=  1.7055 | scatter=  0.0529
f=     8.850 Hz | ky=  0.102567E-01 | IK=      14/      99 | t=    6.960600 s | CA=  2.5718 | fact=  2.5647 | GF=  1.8241 | solve=  1.6961 | scatter=  0.0548
f=     8.850 Hz | ky=  0.109894E-01 | IK=      15/      99 | t=    7.014400 s | CA=  2.6156 | fact=  2.5775 | GF=  1.8213 | solve=  1.6962 | scatter=  0.0516
f=     8.850 Hz | ky=  0.117220E-01 | IK=      16/      99 | t=    6.983800 s | CA=  2.5790 | fact=  2.5875 | GF=  1.8173 | solve=  1.6914 | scatter=  0.0527
f=     8.850 Hz | ky=  0.124546E-01 | IK=      17/      99 | t=    6.986700 s | CA=  2.5964 | fact=  2.5676 | GF=  1.8227 | solve=  1.6974 | scatter=  0.0521
PARDISO mem (f=  8.85 Hz): sym=  1.95 GB  perm=  1.42 GB  num=  3.22 GB  
peak=  4.64 GB
 WD_amp= 9.13099E+13  RESID_RMS= 2.77004E-03  FCOST_DATA= 3.83657E-06  FCOST0= 3.83657E-06
BT: alpha=  2.5000E-01  phi=  3.8366E-06  rhs=  2.6146E-06
 UPDATEPARAMETER: f-scale only
UPDATEPARAMETER PAR_STEP min/max, V_STEP min/max =  7.4917124968E+01  1.6887538118E+02
  7.4917124968E+01  1.6887538118E+02
 running run_ik_loop_pardiso
before CA | VmRSS=  27.252 GB  VmHWM= 136.001 GB
after CA | VmRSS=  27.841 GB  VmHWM= 136.001 GB
after factor | VmRSS=  31.629 GB  VmHWM= 136.001 GB
f=     8.850 Hz | ky=  0.732624E-03 | IK=       1/      99 | t=   17.297100 s | CA=  2.5001 | fact= 12.8718 | GF=  1.9250 | solve=  1.7704 | scatter=  0.0516
f=     8.850 Hz | ky=  0.146525E-02 | IK=       2/      99 | t=    7.005800 s | CA=  2.6001 | fact=  2.5797 | GF=  1.8260 | solve=  1.6999 | scatter=  0.0527
f=     8.850 Hz | ky=  0.219787E-02 | IK=       3/      99 | t=    6.998900 s | CA=  2.5968 | fact=  2.5841 | GF=  1.8179 | solve=  1.6928 | scatter=  0.0520
f=     8.850 Hz | ky=  0.293050E-02 | IK=       4/      99 | t=    7.028500 s | CA=  2.6304 | fact=  2.5750 | GF=  1.8231 | solve=  1.6988 | scatter=  0.0510
f=     8.850 Hz | ky=  0.366312E-02 | IK=       5/      99 | t=    6.945700 s | CA=  2.5703 | fact=  2.5576 | GF=  1.8178 | solve=  1.6911 | scatter=  0.0538
f=     8.850 Hz | ky=  0.439575E-02 | IK=       6/      99 | t=    6.969800 s | CA=  2.5781 | fact=  2.5731 | GF=  1.8185 | solve=  1.6913 | scatter=  0.0540
f=     8.850 Hz | ky=  0.512837E-02 | IK=       7/      99 | t=    6.984900 s | CA=  2.5899 | fact=  2.5735 | GF=  1.8215 | solve=  1.6958 | scatter=  0.0526
f=     8.850 Hz | ky=  0.586099E-02 | IK=       8/      99 | t=    7.024900 s | CA=  2.6154 | fact=  2.5877 | GF=  1.8217 | solve=  1.6946 | scatter=  0.0539
f=     8.850 Hz | ky=  0.659362E-02 | IK=       9/      99 | t=    6.966300 s | CA=  2.6130 | fact=  2.5344 | GF=  1.8189 | solve=  1.6902 | scatter=  0.0555
f=     8.850 Hz | ky=  0.732624E-02 | IK=      10/      99 | t=    6.988000 s | CA=  2.5946 | fact=  2.5756 | GF=  1.8178 | solve=  1.6940 | scatter=  0.0506
f=     8.850 Hz | ky=  0.805887E-02 | IK=      11/      99 | t=    7.071200 s | CA=  2.6631 | fact=  2.5842 | GF=  1.8239 | solve=  1.6992 | scatter=  0.0514
f=     8.850 Hz | ky=  0.879149E-02 | IK=      12/      99 | t=    6.986500 s | CA=  2.5951 | fact=  2.5672 | GF=  1.8241 | solve=  1.7013 | scatter=  0.0496
f=     8.850 Hz | ky=  0.952412E-02 | IK=      13/      99 | t=    6.954700 s | CA=  2.5429 | fact=  2.5956 | GF=  1.8162 | solve=  1.6923 | scatter=  0.0507
f=     8.850 Hz | ky=  0.102567E-01 | IK=      14/      99 | t=    6.967600 s | CA=  2.5663 | fact=  2.5811 | GF=  1.8202 | solve=  1.6947 | scatter=  0.0524
f=     8.850 Hz | ky=  0.109894E-01 | IK=      15/      99 | t=    6.977000 s | CA=  2.5906 | fact=  2.5714 | GF=  1.8150 | solve=  1.6880 | scatter=  0.0538
f=     8.850 Hz | ky=  0.117220E-01 | IK=      16/      99 | t=    6.950600 s | CA=  2.5781 | fact=  2.5446 | GF=  1.8278 | solve=  1.7034 | scatter=  0.0512
f=     8.850 Hz | ky=  0.124546E-01 | IK=      17/      99 | t=    7.002100 s | CA=  2.5998 | fact=  2.5818 | GF=  1.8205 | solve=  1.6942 | scatter=  0.0531
PARDISO mem (f=  8.85 Hz): sym=  1.95 GB  perm=  1.42 GB  num=  3.22 GB  
peak=  4.64 GB
 WD_amp= 9.13099E+13  RESID_RMS= 2.32370E-03  FCOST_DATA= 2.69980E-06  FCOST0= 2.69980E-06
BT: alpha=  1.2500E-01  phi=  2.6998E-06  rhs=  2.6146E-06
 UPDATEPARAMETER: f-scale only
UPDATEPARAMETER PAR_STEP min/max, V_STEP min/max =  7.5021730315E+01  1.6887422279E+02
  7.5021730315E+01  1.6887422279E+02
 running run_ik_loop_pardiso
before CA | VmRSS=  27.110 GB  VmHWM= 136.001 GB
after CA | VmRSS=  28.407 GB  VmHWM= 136.001 GB
after factor | VmRSS=  32.203 GB  VmHWM= 136.001 GB
f=     8.850 Hz | ky=  0.732624E-03 | IK=       1/      99 | t=   17.313800 s | CA=  2.5195 | fact= 12.8704 | GF=  1.9237 | solve=  1.7675 | scatter=  0.0532
f=     8.850 Hz | ky=  0.146525E-02 | IK=       2/      99 | t=    7.043900 s | CA=  2.6842 | fact=  2.5511 | GF=  1.8085 | solve=  1.6851 | scatter=  0.0503
f=     8.850 Hz | ky=  0.219787E-02 | IK=       3/      99 | t=    6.985600 s | CA=  2.6097 | fact=  2.5567 | GF=  1.8191 | solve=  1.6941 | scatter=  0.0519
f=     8.850 Hz | ky=  0.293050E-02 | IK=       4/      99 | t=    6.981000 s | CA=  2.6184 | fact=  2.5445 | GF=  1.8181 | solve=  1.6949 | scatter=  0.0502
f=     8.850 Hz | ky=  0.366312E-02 | IK=       5/      99 | t=    6.964200 s | CA=  2.5785 | fact=  2.5721 | GF=  1.8136 | solve=  1.6871 | scatter=  0.0534
f=     8.850 Hz | ky=  0.439575E-02 | IK=       6/      99 | t=    6.995800 s | CA=  2.6301 | fact=  2.5514 | GF=  1.8143 | solve=  1.6878 | scatter=  0.0534
f=     8.850 Hz | ky=  0.512837E-02 | IK=       7/      99 | t=    6.943700 s | CA=  2.5926 | fact=  2.5369 | GF=  1.8142 | solve=  1.6878 | scatter=  0.0533
f=     8.850 Hz | ky=  0.586099E-02 | IK=       8/      99 | t=    6.971000 s | CA=  2.5861 | fact=  2.5695 | GF=  1.8154 | solve=  1.6918 | scatter=  0.0500
f=     8.850 Hz | ky=  0.659362E-02 | IK=       9/      99 | t=    6.952500 s | CA=  2.5584 | fact=  2.5732 | GF=  1.8209 | solve=  1.6966 | scatter=  0.0511
f=     8.850 Hz | ky=  0.732624E-02 | IK=      10/      99 | t=    7.017700 s | CA=  2.6333 | fact=  2.5688 | GF=  1.8155 | solve=  1.6896 | scatter=  0.0528
f=     8.850 Hz | ky=  0.805887E-02 | IK=      11/      99 | t=    6.996400 s | CA=  2.6173 | fact=  2.5525 | GF=  1.8266 | solve=  1.7003 | scatter=  0.0531
f=     8.850 Hz | ky=  0.879149E-02 | IK=      12/      99 | t=    6.987700 s | CA=  2.6037 | fact=  2.5646 | GF=  1.8194 | solve=  1.6956 | scatter=  0.0506
f=     8.850 Hz | ky=  0.952412E-02 | IK=      13/      99 | t=    7.093000 s | CA=  2.7075 | fact=  2.5670 | GF=  1.8185 | solve=  1.6939 | scatter=  0.0516
f=     8.850 Hz | ky=  0.102567E-01 | IK=      14/      99 | t=    6.941700 s | CA=  2.5532 | fact=  2.5674 | GF=  1.8210 | solve=  1.6937 | scatter=  0.0537
f=     8.850 Hz | ky=  0.109894E-01 | IK=      15/      99 | t=    7.015600 s | CA=  2.6144 | fact=  2.5797 | GF=  1.8214 | solve=  1.6939 | scatter=  0.0541
f=     8.850 Hz | ky=  0.117220E-01 | IK=      16/      99 | t=    6.980800 s | CA=  2.5761 | fact=  2.5813 | GF=  1.8233 | solve=  1.7000 | scatter=  0.0497
f=     8.850 Hz | ky=  0.124546E-01 | IK=      17/      99 | t=    6.981400 s | CA=  2.5792 | fact=  2.5782 | GF=  1.8240 | solve=  1.6988 | scatter=  0.0520
PARDISO mem (f=  8.85 Hz): sym=  1.95 GB  perm=  1.42 GB  num=  3.22 GB  
peak=  4.64 GB
 WD_amp= 9.13099E+13  RESID_RMS= 2.24563E-03  FCOST_DATA= 2.52144E-06  FCOST0= 2.52144E-06
BT: alpha=  6.2500E-02  phi=  2.5214E-06  rhs=  2.6146E-06
  
  
  
  
  
Convergence reached, updating parameter grid
ALPHA from line search =  .6250000000000000E-01
 FCOST0 after linesearch  2.521436648323360E-006
Norm of s (s_norm) =  .2244663200819953E-02
  
Time for LBFGS =  15.26938476562500 min
  
 Frequency:          13 Iteration:           2
t_global   =    526.353 s
  
 -------------- calculate Frechet derivatives -----------
 IFREQ =          13    ITERATION =           2
||Frechet||_F=  3.6399E-13max|Frechet|=  7.2864E-18
||Frechet||_F=  3.6399E-13max|Frechet|=  7.2864E-18
||Frechet||_F=  3.6399E-13max|Frechet|=  7.2864E-18
 
TIME for Frechet calc =  5.310216776529948 min
 
 
  compute the residual and the cost function
 WD_amp= 9.13099E+13  RESID_RMS= 2.24563E-03  FCOST_DATA= 2.52144E-06  FCOST0= 2.52144E-06
||Frechet||_F=  3.6399E-13max|Frechet|=  7.2864E-18
||Frechet||_F=  3.6399E-13max|Frechet|=  7.2864E-18
||Frechet||_F=  3.6399E-13max|Frechet|=  7.2864E-18
Grad block   7 GRAD_SCALED MORM =   1.0308E-04
Raw grad block  7  PAR={Q11}  min= -3.5829E-09  max=  3.6655E-09  L2=  1.9303E-08
Gradient finished
Start LBFGS 
curvature (warm): s·y=  1.6095E-07  ||s||^2=  5.0385E-06  ||y||^2=  9.6300E-09  sTy_min=  2.2027E-08
LBFGS step: g·p = -3.7101E-07  ||p||=  2.1176E-02
LBFGS step: min(p)= -1.5011E-03  max(p)=  1.8190E-03
LBFGS p_k (unscaled) stats per active parameter:
  IA=  7  PAR={Q11}  min=-9.27917E+00  max= 1.12445E+01  L2= 1.30900E+02
min(p_k)= -1.5011E-03  max(p_k)=  1.8190E-03  ||p_k||=  2.1176E-02
min(p_kf)= -1.5011E-03  max(p_kf)=  1.8190E-03  ||p_kf||=  8.4703E-02
p_k/p_kf  =   2.5000E-01
Start linesearch
MT entry: phi(0)=  2.5214E-06  dg0= -3.7101E-07  alpha0=  1.0000E+00
 UPDATEPARAMETER: f-scale only
UPDATEPARAMETER PAR_STEP min/max, V_STEP min/max =  7.1758267211E+01  1.6893105739E+02
  7.1758267211E+01  1.6893105739E+02
 WD_amp= 9.13099E+13  RESID_RMS= 2.38550E-03  FCOST_DATA= 2.84530E-06  FCOST0= 2.84530E-06
  
 -------------- calculate Frechet derivatives -----------
 IFREQ =          13    ITERATION =           2
||Frechet||_F=  3.6487E-13max|Frechet|=  7.2816E-18
||Frechet||_F=  3.6487E-13max|Frechet|=  7.2816E-18
||Frechet||_F=  3.6487E-13max|Frechet|=  7.2816E-18
||Frechet||_F=  3.6487E-13max|Frechet|=  7.2816E-18
||Frechet||_F=  3.6487E-13max|Frechet|=  7.2816E-18
||Frechet||_F=  3.6487E-13max|Frechet|=  7.2816E-18
Grad block   7 GRAD_SCALED MORM =   3.0421E-04
MT try: alpha=  1.0000E+00  phi=  2.8453E-06  dg=  9.9563E-07  dg0= -3.7101E-07
MT try: armijo_rhs=  2.5214E-06  armijo=F  curvature=F  task=FG
 UPDATEPARAMETER: f-scale only
UPDATEPARAMETER PAR_STEP min/max, V_STEP min/max =  7.4592588776E+01  1.6888611159E+02
  7.4592588776E+01  1.6888611159E+02
 WD_amp= 9.13099E+13  RESID_RMS= 2.11907E-03  FCOST_DATA= 2.24523E-06  FCOST0= 2.24523E-06
  
 -------------- calculate Frechet derivatives -----------
 IFREQ =          13    ITERATION =           2
||Frechet||_F=  3.6415E-13max|Frechet|=  7.2851E-18
||Frechet||_F=  3.6415E-13max|Frechet|=  7.2851E-18
||Frechet||_F=  3.6415E-13max|Frechet|=  7.2851E-18
||Frechet||_F=  3.6415E-13max|Frechet|=  7.2851E-18
||Frechet||_F=  3.6415E-13max|Frechet|=  7.2851E-18
||Frechet||_F=  3.6415E-13max|Frechet|=  7.2851E-18
Grad block   7 GRAD_SCALED MORM =   9.7752E-05
MT try: alpha=  2.6168E-01  phi=  2.2452E-06  dg= -9.7742E-09  dg0= -3.7101E-07
MT try: armijo_rhs=  2.5214E-06  armijo=T  curvature=T  task=FG
  
  
Convergence reached, updating parameter grid
ALPHA from line search =  .2616793305450182
 FCOST0 after linesearch  2.245228118872868E-006
Norm of s (s_norm) =  .5541224624983756E-02
  
  
  
  
Time for LBFGS =  28.04128011067708 min
  
 Frequency:          13 Iteration:           3
t_global   =    525.827 s
  
 -------------- calculate Frechet derivatives -----------
 IFREQ =          13    ITERATION =           3
||Frechet||_F=  3.6415E-13max|Frechet|=  7.2851E-18
||Frechet||_F=  3.6415E-13max|Frechet|=  7.2851E-18
||Frechet||_F=  3.6415E-13max|Frechet|=  7.2851E-18
 
TIME for Frechet calc =  5.257281494140625 min
 
 
  compute the residual and the cost function
 WD_amp= 9.13099E+13  RESID_RMS= 2.11907E-03  FCOST_DATA= 2.24523E-06  FCOST0= 2.24523E-06
||Frechet||_F=  3.6415E-13max|Frechet|=  7.2851E-18
||Frechet||_F=  3.6415E-13max|Frechet|=  7.2851E-18
||Frechet||_F=  3.6415E-13max|Frechet|=  7.2851E-18
Grad block   7 GRAD_SCALED MORM =   9.7752E-05
Gradient finished
Start LBFGS 
curvature (warm): s·y=  9.4527E-08  ||s||^2=  3.0705E-05  ||y||^2=  3.4079E-09  sTy_min=  3.2348E-08
LBFGS step: g·p = -4.8972E-07  ||p||=  3.7783E-02
LBFGS step: min(p)= -2.9845E-03  max(p)=  2.8874E-03
LBFGS p_k (unscaled) stats per active parameter:
  IA=  7  PAR={Q11}  min=-1.84492E+01  max= 1.78492E+01  L2= 2.33561E+02
min(p_k)= -2.9845E-03  max(p_k)=  2.8874E-03  ||p_k||=  3.7783E-02
min(p_kf)= -2.9845E-03  max(p_kf)=  2.8874E-03  ||p_kf||=  1.5113E-01
p_k/p_kf  =   2.5000E-01
Start linesearch
MT entry: phi(0)=  2.2452E-06  dg0= -4.8972E-07  alpha0=  1.0000E+00
 UPDATEPARAMETER: f-scale only
UPDATEPARAMETER PAR_STEP min/max, V_STEP min/max =  6.7640064272E+01  1.6979019608E+02
  6.7640064272E+01  1.6979019608E+02
 WD_amp= 9.13099E+13  RESID_RMS= 2.58448E-03  FCOST_DATA= 3.33977E-06  FCOST0= 3.33977E-06
  
 -------------- calculate Frechet derivatives -----------
 IFREQ =          13    ITERATION =           3
||Frechet||_F=  3.6352E-13max|Frechet|=  7.2805E-18
||Frechet||_F=  3.6352E-13max|Frechet|=  7.2805E-18
||Frechet||_F=  3.6352E-13max|Frechet|=  7.2805E-18
||Frechet||_F=  3.6352E-13max|Frechet|=  7.2805E-18
||Frechet||_F=  3.6352E-13max|Frechet|=  7.2805E-18
||Frechet||_F=  3.6352E-13max|Frechet|=  7.2805E-18
Grad block   7 GRAD_SCALED MORM =   3.1915E-04
MT try: alpha=  1.0000E+00  phi=  3.3398E-06  dg=  1.1763E-06  dg0= -4.8972E-07
MT try: armijo_rhs=  2.2452E-06  armijo=F  curvature=F  task=FG
 UPDATEPARAMETER: f-scale only
UPDATEPARAMETER PAR_STEP min/max, V_STEP min/max =  7.4401851456E+01  1.6889411670E+02
  7.4401851456E+01  1.6889411670E+02
 WD_amp= 9.13099E+13  RESID_RMS= 2.07438E-03  FCOST_DATA= 2.15153E-06  FCOST0= 2.15153E-06
  
 -------------- calculate Frechet derivatives -----------
 IFREQ =          13    ITERATION =           3
||Frechet||_F=  3.6401E-13max|Frechet|=  7.2848E-18
||Frechet||_F=  3.6401E-13max|Frechet|=  7.2848E-18
||Frechet||_F=  3.6401E-13max|Frechet|=  7.2848E-18
||Frechet||_F=  3.6401E-13max|Frechet|=  7.2848E-18
||Frechet||_F=  3.6401E-13max|Frechet|=  7.2848E-18
||Frechet||_F=  3.6401E-13max|Frechet|=  7.2848E-18
Grad block   7 GRAD_SCALED MORM =   8.6325E-05
MT try: alpha=  8.4544E-02  phi=  2.1515E-06  dg= -3.4498E-07  dg0= -4.8972E-07
MT try: armijo_rhs=  2.2452E-06  armijo=T  curvature=T  task=FG
  
Convergence reached, updating parameter grid
ALPHA from line search =  .8454436828598499E-01
 FCOST0 after linesearch  2.151532851572906E-006
Norm of s (s_norm) =  .3194343563920769E-02
  
  
  
  
  
Convergence check at iteration    3
  Relative cost decrease  =  4.1731E-02
  Relative model update   =  0.0000E+00
  Relative grad. norm     =  3.3912E-01
Time for LBFGS =  27.98930053710938 min
  
 Frequency:          13 Iteration:           4
t_global   =    526.053 s
  
 -------------- calculate Frechet derivatives -----------
 IFREQ =          13    ITERATION =           4
||Frechet||_F=  3.6401E-13max|Frechet|=  7.2848E-18
||Frechet||_F=  3.6401E-13max|Frechet|=  7.2848E-18
||Frechet||_F=  3.6401E-13max|Frechet|=  7.2848E-18
||Frechet||_F=  3.6401E-13max|Frechet|=  7.2848E-18
||Frechet||_F=  3.6401E-13max|Frechet|=  7.2848E-18
 
TIME for Frechet calc =  5.366255187988282 min
 
 
  compute the residual and the cost function
 WD_amp= 9.13099E+13  RESID_RMS= 2.07438E-03  FCOST_DATA= 2.15153E-06  FCOST0= 2.15153E-06
||Frechet||_F=  3.6401E-13max|Frechet|=  7.2848E-18
Grad block   7 GRAD_SCALED MORM =   8.6325E-05
Gradient finished
Start LBFGS 
curvature (warm): s·y=  1.2237E-08  ||s||^2=  1.0204E-05  ||y||^2=  4.9604E-10  sTy_min=  7.1144E-09
LBFGS step: g·p = -5.8167E-07  ||p||=  5.4495E-02
LBFGS step: min(p)= -4.4560E-03  max(p)=  3.8067E-03
LBFGS p_k (unscaled) stats per active parameter:
  IA=  7  PAR={Q11}  min=-2.75452E+01  max= 2.35319E+01  L2= 3.36872E+02
min(p_k)= -4.4560E-03  max(p_k)=  3.8067E-03  ||p_k||=  5.4495E-02
min(p_kf)= -4.4560E-03  max(p_kf)=  3.8067E-03  ||p_kf||=  2.1798E-01
p_k/p_kf  =   2.5000E-01
Start linesearch
MT entry: phi(0)=  2.1515E-06  dg0= -5.8167E-07  alpha0=  1.0000E+00
 UPDATEPARAMETER: f-scale only
UPDATEPARAMETER PAR_STEP min/max, V_STEP min/max =  6.2703477027E+01  1.7209421162E+02
  6.2703477027E+01  1.7209421162E+02
 WD_amp= 9.13099E+13  RESID_RMS= 3.29023E-03  FCOST_DATA= 5.41280E-06  FCOST0= 5.41280E-06
  
 -------------- calculate Frechet derivatives -----------
 IFREQ =          13    ITERATION =           4
||Frechet||_F=  3.6571E-13max|Frechet|=  7.2835E-18
||Frechet||_F=  3.6571E-13max|Frechet|=  7.2835E-18
||Frechet||_F=  3.6571E-13max|Frechet|=  7.2835E-18
||Frechet||_F=  3.6571E-13max|Frechet|=  7.2835E-18
||Frechet||_F=  3.6571E-13max|Frechet|=  7.2835E-18
||Frechet||_F=  3.6571E-13max|Frechet|=  7.2835E-18
Grad block   7 GRAD_SCALED MORM =   6.5516E-04
MT try: alpha=  1.0000E+00  phi=  5.4128E-06  dg=  3.1718E-06  dg0= -5.8167E-07
MT try: armijo_rhs=  2.1515E-06  armijo=F  curvature=F  task=FG
 UPDATEPARAMETER: f-scale only
UPDATEPARAMETER PAR_STEP min/max, V_STEP min/max =  7.4013442234E+01  1.6890207479E+02
  7.4013442234E+01  1.6890207479E+02
 WD_amp= 9.13099E+13  RESID_RMS= 2.05804E-03  FCOST_DATA= 2.11777E-06  FCOST0= 2.11777E-06
  
 -------------- calculate Frechet derivatives -----------
 IFREQ =          13    ITERATION =           4
||Frechet||_F=  3.6399E-13max|Frechet|=  7.2847E-18
||Frechet||_F=  3.6399E-13max|Frechet|=  7.2847E-18
||Frechet||_F=  3.6399E-13max|Frechet|=  7.2847E-18
||Frechet||_F=  3.6399E-13max|Frechet|=  7.2847E-18
||Frechet||_F=  3.6399E-13max|Frechet|=  7.2847E-18
||Frechet||_F=  3.6399E-13max|Frechet|=  7.2847E-18
Grad block   7 GRAD_SCALED MORM =   8.0747E-05
MT try: alpha=  3.8531E-02  phi=  2.1178E-06  dg= -4.5928E-07  dg0= -5.8167E-07
MT try: armijo_rhs=  2.1515E-06  armijo=T  curvature=T  task=FG
  
  
  
  
  
Convergence reached, updating parameter grid
ALPHA from line search =  .3853113037761980E-01
 FCOST0 after linesearch  2.117774220292523E-006
Norm of s (s_norm) =  .2099772955110459E-02
  
Convergence check at iteration    4
  Relative cost decrease  =  1.5691E-02
  Relative model update   =  0.0000E+00
  Relative grad. norm     =  2.7963E-01
Time for LBFGS =  28.08329671223958 min
  
 Frequency:          13 Iteration:           5
t_global   =    526.343 s
  
 -------------- calculate Frechet derivatives -----------
 IFREQ =          13    ITERATION =           5
||Frechet||_F=  3.6399E-13max|Frechet|=  7.2847E-18
||Frechet||_F=  3.6399E-13max|Frechet|=  7.2847E-18
||Frechet||_F=  3.6399E-13max|Frechet|=  7.2847E-18
||Frechet||_F=  3.6399E-13max|Frechet|=  7.2847E-18
||Frechet||_F=  3.6399E-13max|Frechet|=  7.2847E-18
||Frechet||_F=  3.6399E-13max|Frechet|=  7.2847E-18
 
TIME for Frechet calc =  5.312016805013021 min
 
 
  compute the residual and the cost function
 WD_amp= 9.13099E+13  RESID_RMS= 2.05804E-03  FCOST_DATA= 2.11777E-06  FCOST0= 2.11777E-06
Grad block   7 GRAD_SCALED MORM =   8.0747E-05
Gradient finished
Start LBFGS 
curvature (warm): s·y=  4.7159E-09  ||s||^2=  4.4090E-06  ||y||^2=  2.9173E-10  sTy_min=  3.5864E-09
LBFGS history: used= 3  skipped= 1  worst_col= 2  bad_s·y=  4.7159E-09  bad_cos_sy=  1.3149E-01
LBFGS step: g·p = -3.8612E-07  ||p||=  4.4632E-02
LBFGS step: min(p)= -3.7229E-03  max(p)=  3.0559E-03
LBFGS p_k (unscaled) stats per active parameter:
  IA=  7  PAR={Q11}  min=-2.30137E+01  max= 1.88903E+01  L2= 2.75902E+02
min(p_k)= -3.7229E-03  max(p_k)=  3.0559E-03  ||p_k||=  4.4632E-02
min(p_kf)= -3.7229E-03  max(p_kf)=  3.0559E-03  ||p_kf||=  1.7853E-01
p_k/p_kf  =   2.5000E-01
Start linesearch
MT entry: phi(0)=  2.1178E-06  dg0= -3.8612E-07  alpha0=  1.0000E+00
 UPDATEPARAMETER: f-scale only
UPDATEPARAMETER PAR_STEP min/max, V_STEP min/max =  6.5863778081E+01  1.7155763696E+02
  6.5863778081E+01  1.7155763696E+02
 WD_amp= 9.13099E+13  RESID_RMS= 2.68745E-03  FCOST_DATA= 3.61119E-06  FCOST0= 3.61119E-06
  
 -------------- calculate Frechet derivatives -----------
 IFREQ =          13    ITERATION =           5
||Frechet||_F=  3.6479E-13max|Frechet|=  7.2837E-18
||Frechet||_F=  3.6479E-13max|Frechet|=  7.2837E-18
||Frechet||_F=  3.6479E-13max|Frechet|=  7.2837E-18
||Frechet||_F=  3.6479E-13max|Frechet|=  7.2837E-18
||Frechet||_F=  3.6479E-13max|Frechet|=  7.2837E-18
||Frechet||_F=  3.6479E-13max|Frechet|=  7.2837E-18
Grad block   7 GRAD_SCALED MORM =   4.0820E-04
MT try: alpha=  1.0000E+00  phi=  3.6112E-06  dg=  1.0376E-06  dg0= -3.8612E-07
MT try: armijo_rhs=  2.1177E-06  armijo=F  curvature=F  task=FG
 UPDATEPARAMETER: f-scale only
UPDATEPARAMETER PAR_STEP min/max, V_STEP min/max =  7.3625319379E+01  1.6891212128E+02
  7.3625319379E+01  1.6891212128E+02
 WD_amp= 9.13099E+13  RESID_RMS= 2.04683E-03  FCOST_DATA= 2.09477E-06  FCOST0= 2.09477E-06
  
 -------------- calculate Frechet derivatives -----------
 IFREQ =          13    ITERATION =           5
||Frechet||_F=  3.6396E-13max|Frechet|=  7.2847E-18
||Frechet||_F=  3.6396E-13max|Frechet|=  7.2847E-18
||Frechet||_F=  3.6396E-13max|Frechet|=  7.2847E-18
||Frechet||_F=  3.6396E-13max|Frechet|=  7.2847E-18
||Frechet||_F=  3.6396E-13max|Frechet|=  7.2847E-18
||Frechet||_F=  3.6396E-13max|Frechet|=  7.2847E-18
Grad block   7 GRAD_SCALED MORM =   7.9903E-05
MT try: alpha=  4.7694E-02  phi=  2.0948E-06  dg= -3.2539E-07  dg0= -3.8612E-07
MT try: armijo_rhs=  2.1178E-06  armijo=T  curvature=T  task=FG
  
Convergence reached, updating parameter grid
ALPHA from line search =  .4769391356292605E-01
 FCOST0 after linesearch  2.094765754047921E-006
Norm of s (s_norm) =  .2128697186735452E-02
  
  
  
  
Convergence check at iteration    5
  Relative cost decrease  =  1.0864E-02
  Relative model update   =  0.0000E+00
  Relative grad. norm     =  2.8987E-01
Time for LBFGS =  28.10036621093750 min
  
  
 Frequency:          13 Iteration:           6
t_global   =    524.953 s
  
 -------------- calculate Frechet derivatives -----------
 IFREQ =          13    ITERATION =           6
||Frechet||_F=  3.6396E-13max|Frechet|=  7.2847E-18
||Frechet||_F=  3.6396E-13max|Frechet|=  7.2847E-18
||Frechet||_F=  3.6396E-13max|Frechet|=  7.2847E-18
||Frechet||_F=  3.6396E-13max|Frechet|=  7.2847E-18
 
TIME for Frechet calc =  5.268291727701823 min
 
 
  compute the residual and the cost function
 WD_amp= 9.13099E+13  RESID_RMS= 2.04683E-03  FCOST_DATA= 2.09477E-06  FCOST0= 2.09477E-06
||Frechet||_F=  3.6396E-13max|Frechet|=  7.2847E-18
||Frechet||_F=  3.6396E-13max|Frechet|=  7.2847E-18
Grad block   7 GRAD_SCALED MORM =   7.9903E-05
Gradient finished
Start LBFGS 
curvature (warm): s·y=  2.8960E-09  ||s||^2=  4.5314E-06  ||y||^2=  1.5475E-10  sTy_min=  2.6480E-09
LBFGS history: used= 3  skipped= 2  worst_col= 1  bad_s·y=  2.8960E-09  bad_cos_sy=  1.0936E-01
LBFGS step: g·p = -2.8702E-07  ||p||=  3.7299E-02
LBFGS step: min(p)= -3.1594E-03  max(p)=  2.4520E-03
LBFGS p_k (unscaled) stats per active parameter:
  IA=  7  PAR={Q11}  min=-1.95301E+01  max= 1.51571E+01  L2= 2.30572E+02
min(p_k)= -3.1594E-03  max(p_k)=  2.4520E-03  ||p_k||=  3.7299E-02
min(p_kf)= -3.1594E-03  max(p_kf)=  2.4520E-03  ||p_kf||=  1.4920E-01
p_k/p_kf  =   2.5000E-01
Start linesearch
MT entry: phi(0)=  2.0948E-06  dg0= -2.8702E-07  alpha0=  1.0000E+00
 UPDATEPARAMETER: f-scale only
UPDATEPARAMETER PAR_STEP min/max, V_STEP min/max =  6.7069021111E+01  1.7121166952E+02
  6.7069021111E+01  1.7121166952E+02
 WD_amp= 9.13099E+13  RESID_RMS= 2.40724E-03  FCOST_DATA= 2.89740E-06  FCOST0= 2.89740E-06
  
 -------------- calculate Frechet derivatives -----------
 IFREQ =          13    ITERATION =           6
||Frechet||_F=  3.6431E-13max|Frechet|=  7.2835E-18
||Frechet||_F=  3.6431E-13max|Frechet|=  7.2835E-18
||Frechet||_F=  3.6431E-13max|Frechet|=  7.2835E-18
||Frechet||_F=  3.6431E-13max|Frechet|=  7.2835E-18
||Frechet||_F=  3.6431E-13max|Frechet|=  7.2835E-18
||Frechet||_F=  3.6431E-13max|Frechet|=  7.2835E-18
Grad block   7 GRAD_SCALED MORM =   2.5628E-04
MT try: alpha=  1.0000E+00  phi=  2.8974E-06  dg=  3.1384E-07  dg0= -2.8702E-07
MT try: armijo_rhs=  2.0947E-06  armijo=F  curvature=F  task=FG
 UPDATEPARAMETER: f-scale only
UPDATEPARAMETER PAR_STEP min/max, V_STEP min/max =  7.3254010259E+01  1.6892248086E+02
  7.3254010259E+01  1.6892248086E+02
 WD_amp= 9.13099E+13  RESID_RMS= 2.03964E-03  FCOST_DATA= 2.08007E-06  FCOST0= 2.08007E-06
  
 -------------- calculate Frechet derivatives -----------
 IFREQ =          13    ITERATION =           6
||Frechet||_F=  3.6393E-13max|Frechet|=  7.2846E-18
||Frechet||_F=  3.6393E-13max|Frechet|=  7.2846E-18
||Frechet||_F=  3.6393E-13max|Frechet|=  7.2846E-18
||Frechet||_F=  3.6393E-13max|Frechet|=  7.2846E-18
||Frechet||_F=  3.6393E-13max|Frechet|=  7.2846E-18
||Frechet||_F=  3.6393E-13max|Frechet|=  7.2846E-18
Grad block   7 GRAD_SCALED MORM =   8.0633E-05
MT try: alpha=  5.6634E-02  phi=  2.0801E-06  dg= -2.5524E-07  dg0= -2.8702E-07
MT try: armijo_rhs=  2.0948E-06  armijo=T  curvature=T  task=FG
  
Convergence reached, updating parameter grid
ALPHA from line search =  .5663395784387876E-01
 FCOST0 after linesearch  2.080068438358194E-006
Norm of s (s_norm) =  .2112415927686046E-02
  
  
  
  
  
Convergence check at iteration    6
  Relative cost decrease  =  7.0162E-03
  Relative model update   =  0.0000E+00
  Relative grad. norm     =  3.1260E-01
Time for LBFGS =  27.91339721679687 min
  
 Frequency:          13 Iteration:           7
t_global   =    527.590 s
  
 -------------- calculate Frechet derivatives -----------
 IFREQ =          13    ITERATION =           7
||Frechet||_F=  3.6393E-13max|Frechet|=  7.2846E-18
||Frechet||_F=  3.6393E-13max|Frechet|=  7.2846E-18
||Frechet||_F=  3.6393E-13max|Frechet|=  7.2846E-18
 
TIME for Frechet calc =  5.316769917805989 min
 
 
  compute the residual and the cost function
 WD_amp= 9.13099E+13  RESID_RMS= 2.03964E-03  FCOST_DATA= 2.08007E-06  FCOST0= 2.08007E-06
||Frechet||_F=  3.6393E-13max|Frechet|=  7.2846E-18
||Frechet||_F=  3.6393E-13max|Frechet|=  7.2846E-18
||Frechet||_F=  3.6393E-13max|Frechet|=  7.2846E-18
Grad block   7 GRAD_SCALED MORM =   8.0633E-05
Gradient finished
Start LBFGS 
curvature (full): s·y=  1.7998E-09  ||s||^2=  4.4623E-06  ||y||^2=  7.0063E-11  sTy_min=  1.7682E-09
LBFGS history: used= 2  skipped= 3  worst_col= 1  bad_s·y=  1.7998E-09  bad_cos_sy=  1.0179E-01
 
LBFGS step(full): g·p = -2.7961E-07  ||p||=  3.7497E-02
LBFGS step(full): min(p)= -3.1458E-03  max(p)=  2.5435E-03
LBFGS p_k (unscaled) stats per active parameter:
  IA=  7  PAR={Q11}  min=-1.94461E+01  max= 1.57227E+01  L2= 2.31791E+02
min(p_k)= -3.1458E-03  max(p_k)=  2.5435E-03  ||p_k||=  3.7497E-02
min(p_kf)= -3.1458E-03  max(p_kf)=  2.5435E-03  ||p_kf||=  1.4999E-01
p_k/p_kf  =   2.5000E-01
Start linesearch
MT entry: phi(0)=  2.0801E-06  dg0= -2.7961E-07  alpha0=  1.0000E+00
 UPDATEPARAMETER: f-scale only
UPDATEPARAMETER PAR_STEP min/max, V_STEP min/max =  6.6751516159E+01  1.7143846744E+02
  6.6751516159E+01  1.7143846744E+02
 WD_amp= 9.13099E+13  RESID_RMS= 2.61029E-03  FCOST_DATA= 3.40682E-06  FCOST0= 3.40682E-06
  
 -------------- calculate Frechet derivatives -----------
 IFREQ =          13    ITERATION =           7
||Frechet||_F=  3.6186E-13max|Frechet|=  7.2821E-18
||Frechet||_F=  3.6186E-13max|Frechet|=  7.2821E-18
||Frechet||_F=  3.6186E-13max|Frechet|=  7.2821E-18
||Frechet||_F=  3.6186E-13max|Frechet|=  7.2821E-18
||Frechet||_F=  3.6186E-13max|Frechet|=  7.2821E-18
||Frechet||_F=  3.6186E-13max|Frechet|=  7.2821E-18
Grad block   7 GRAD_SCALED MORM =   2.6788E-04
MT try: alpha=  1.0000E+00  phi=  3.4068E-06  dg=  6.5183E-07  dg0= -2.7961E-07
MT try: armijo_rhs=  2.0800E-06  armijo=F  curvature=F  task=FG
 UPDATEPARAMETER: f-scale only
UPDATEPARAMETER PAR_STEP min/max, V_STEP min/max =  7.3012258004E+01  1.6892919303E+02
  7.3012258004E+01  1.6892919303E+02
 WD_amp= 9.13099E+13  RESID_RMS= 2.03977E-03  FCOST_DATA= 2.08033E-06  FCOST0= 2.08033E-06
  
 -------------- calculate Frechet derivatives -----------
 IFREQ =          13    ITERATION =           7
||Frechet||_F=  3.6382E-13max|Frechet|=  7.2845E-18
||Frechet||_F=  3.6382E-13max|Frechet|=  7.2845E-18
||Frechet||_F=  3.6382E-13max|Frechet|=  7.2845E-18
||Frechet||_F=  3.6382E-13max|Frechet|=  7.2845E-18
||Frechet||_F=  3.6382E-13max|Frechet|=  7.2845E-18
||Frechet||_F=  3.6382E-13max|Frechet|=  7.2845E-18
Grad block   7 GRAD_SCALED MORM =   7.9927E-05
MT try: alpha=  3.7178E-02  phi=  2.0803E-06  dg= -2.4009E-07  dg0= -2.7961E-07
MT try: armijo_rhs=  2.0801E-06  armijo=F  curvature=T  task=FG
 UPDATEPARAMETER: f-scale only
UPDATEPARAMETER PAR_STEP min/max, V_STEP min/max =  7.3201839171E+01  1.6892392937E+02
  7.3201839171E+01  1.6892392937E+02
 WD_amp= 9.13099E+13  RESID_RMS= 2.03950E-03  FCOST_DATA= 2.07978E-06  FCOST0= 2.07978E-06
  
 -------------- calculate Frechet derivatives -----------
 IFREQ =          13    ITERATION =           7
||Frechet||_F=  3.6391E-13max|Frechet|=  7.2846E-18
||Frechet||_F=  3.6391E-13max|Frechet|=  7.2846E-18
||Frechet||_F=  3.6391E-13max|Frechet|=  7.2846E-18
||Frechet||_F=  3.6391E-13max|Frechet|=  7.2846E-18
||Frechet||_F=  3.6391E-13max|Frechet|=  7.2846E-18
||Frechet||_F=  3.6391E-13max|Frechet|=  7.2846E-18
Grad block   7 GRAD_SCALED MORM =   8.0362E-05
MT try: alpha=  8.0232E-03  phi=  2.0798E-06  dg= -2.7104E-07  dg0= -2.7961E-07
MT try: armijo_rhs=  2.0801E-06  armijo=T  curvature=F  task=FG
 UPDATEPARAMETER: f-scale only
UPDATEPARAMETER PAR_STEP min/max, V_STEP min/max =  7.3076715601E+01  1.6892740339E+02
  7.3076715601E+01  1.6892740339E+02
 WD_amp= 9.13099E+13  RESID_RMS= 2.03954E-03  FCOST_DATA= 2.07986E-06  FCOST0= 2.07986E-06
  
 -------------- calculate Frechet derivatives -----------
 IFREQ =          13    ITERATION =           7
||Frechet||_F=  3.6385E-13max|Frechet|=  7.2845E-18
||Frechet||_F=  3.6385E-13max|Frechet|=  7.2845E-18
||Frechet||_F=  3.6385E-13max|Frechet|=  7.2845E-18
||Frechet||_F=  3.6385E-13max|Frechet|=  7.2845E-18
||Frechet||_F=  3.6385E-13max|Frechet|=  7.2845E-18
||Frechet||_F=  3.6385E-13max|Frechet|=  7.2845E-18
Grad block   7 GRAD_SCALED MORM =   7.9978E-05
MT try: alpha=  2.7266E-02  phi=  2.0799E-06  dg= -2.5058E-07  dg0= -2.7961E-07
MT try: armijo_rhs=  2.0801E-06  armijo=T  curvature=T  task=FG
  
  
Convergence reached, updating parameter grid
ALPHA from line search =  .2726563928695858E-01
 FCOST0 after linesearch  2.079860864851137E-006
Norm of s (s_norm) =  .1022369345803727E-02
  
  
  
  
Convergence check at iteration    7
  Relative cost decrease  =  9.9792E-05
  Relative model update   =  0.0000E+00
  Relative grad. norm     =  3.0419E-01
 *** Convergence conditions satisfied:
     - Cost change below tolerance.
  
 --------- Frequency   9.00000000000000       (band            1 )
[ComputeAcqWeight] empty acq_weight_file, using uniform weights = 1.0
Data weighting computed for frequency 4607182418800017373
XSRmin, XSRmax, ZSRmin, ZSRMax -1960.000000000000 .000000000000000 2050.000000000000 4030.000000000000
1 FKYC
1.2 FKYC
my_rank, FKYC,WLMAX, RMAX 0 .7375913186689079E-01 569.1976438714189 2786.036611389018
1.1 NK
NK in cky2= 99
Data weighting computed for frequency 4607182418800017373

  Number of wavenumber samples (NK) for FREQ =   99
Data weighting computed for frequency 4607182418800017373
Data weighting computed for frequency 4607182418800017373
Data weighting computed for frequency 4607182418800017373
  RMAX = 2786.04
Data weighting computed for frequency 4607182418800017373
--- Pre-solver preview (memory + RHS workload) ---
   GQG dims: NNX=       585  NNZ=       317  NPT=    185445
   DOF:     N=3*NPT =    556335
   Sources: NSR=       100  NSS=        20  NK=        99
   RHS total (per IK): nrhs_tot=3*NSS =        60
   Batch:    MAX_RHS_BATCH=        32  nbatches=         2
   GFMY  (GFX+GFY+GFZ):         24.621 GB
   RHS_MY(rhs+sol buffers):      0.531 GB
 
 running run_ik_loop_pardiso
before CA | VmRSS=  26.320 GB  VmHWM= 136.060 GB
after CA | VmRSS=  27.135 GB  VmHWM= 136.060 GB
after factor | VmRSS=  30.902 GB  VmHWM= 136.060 GB
f=     9.000 Hz | ky=  0.745042E-03 | IK=       1/      99 | t=   17.302300 s | CA=  2.5237 | fact= 12.8564 | GF=  1.9220 | solve=  1.7658 | scatter=  0.0535
f=     9.000 Hz | ky=  0.149008E-02 | IK=       2/      99 | t=    6.971500 s | CA=  2.6185 | fact=  2.5339 | GF=  1.8190 | solve=  1.6947 | scatter=  0.0511
f=     9.000 Hz | ky=  0.223513E-02 | IK=       3/      99 | t=    6.979900 s | CA=  2.5888 | fact=  2.5744 | GF=  1.8167 | solve=  1.6921 | scatter=  0.0515
f=     9.000 Hz | ky=  0.298017E-02 | IK=       4/      99 | t=    7.015900 s | CA=  2.6531 | fact=  2.5363 | GF=  1.8265 | solve=  1.6975 | scatter=  0.0556
f=     9.000 Hz | ky=  0.372521E-02 | IK=       5/      99 | t=    6.950100 s | CA=  2.5698 | fact=  2.5568 | GF=  1.8235 | solve=  1.6990 | scatter=  0.0513
f=     9.000 Hz | ky=  0.447025E-02 | IK=       6/      99 | t=    7.103600 s | CA=  2.7072 | fact=  2.5753 | GF=  1.8211 | solve=  1.6953 | scatter=  0.0524
f=     9.000 Hz | ky=  0.521529E-02 | IK=       7/      99 | t=    7.000200 s | CA=  2.6153 | fact=  2.5635 | GF=  1.8213 | solve=  1.6954 | scatter=  0.0526
f=     9.000 Hz | ky=  0.596033E-02 | IK=       8/      99 | t=    6.984300 s | CA=  2.5749 | fact=  2.5860 | GF=  1.8234 | solve=  1.6993 | scatter=  0.0508
f=     9.000 Hz | ky=  0.670538E-02 | IK=       9/      99 | t=    6.969900 s | CA=  2.5674 | fact=  2.5860 | GF=  1.8165 | solve=  1.6910 | scatter=  0.0523
f=     9.000 Hz | ky=  0.745042E-02 | IK=      10/      99 | t=    7.002100 s | CA=  2.6188 | fact=  2.5547 | GF=  1.8285 | solve=  1.7031 | scatter=  0.0520
f=     9.000 Hz | ky=  0.819546E-02 | IK=      11/      99 | t=    6.995200 s | CA=  2.5818 | fact=  2.5935 | GF=  1.8199 | solve=  1.6937 | scatter=  0.0528
f=     9.000 Hz | ky=  0.894050E-02 | IK=      12/      99 | t=    6.981600 s | CA=  2.6097 | fact=  2.5483 | GF=  1.8236 | solve=  1.6987 | scatter=  0.0518
f=     9.000 Hz | ky=  0.968554E-02 | IK=      13/      99 | t=    7.025000 s | CA=  2.6112 | fact=  2.5869 | GF=  1.8269 | solve=  1.6996 | scatter=  0.0540
f=     9.000 Hz | ky=  0.104306E-01 | IK=      14/      99 | t=    7.046600 s | CA=  2.6442 | fact=  2.5844 | GF=  1.8180 | solve=  1.6946 | scatter=  0.0502
f=     9.000 Hz | ky=  0.111756E-01 | IK=      15/      99 | t=    7.001500 s | CA=  2.6051 | fact=  2.5786 | GF=  1.8177 | solve=  1.6901 | scatter=  0.0544
f=     9.000 Hz | ky=  0.119207E-01 | IK=      16/      99 | t=    6.979100 s | CA=  2.5935 | fact=  2.5598 | GF=  1.8258 | solve=  1.7002 | scatter=  0.0524
f=     9.000 Hz | ky=  0.126657E-01 | IK=      17/      99 | t=    6.960300 s | CA=  2.5845 | fact=  2.5579 | GF=  1.8179 | solve=  1.6930 | scatter=  0.0516
PARDISO mem (f=  9.00 Hz): sym=  1.95 GB  perm=  1.42 GB  num=  3.22 GB  
peak=  4.64 GB
t_global   =    185.032 s
TIME for 1st forward modeling =  3.083741760253906  min
TIME for GT0 =  .1078666647275289E-01  min
Data scaler W for L2 norm: 93096939718954.67
Data scaler W for WQS norm: .1007948000807317E-312
Total number of active inversion parameters for current sequential stage (IM):          1
Total model blocks points (NM = IM * NBLOCK):      11534 on grid (NMM = IM * NPT):    185445
 Gradient balance ():   1.00000000000000        1.00000000000000     
   1.00000000000000        1.00000000000000        1.00000000000000     
   1.00000000000000        1.00000000000000        1.00000000000000     
   1.00000000000000        1.00000000000000        1.00000000000000     
 IE0, IZ          30           0
 IE0, IZ, GZ1, GZ2 =           30           0   100.000000000000     
   300.000000000000     
  
 Frequency:          14 Iteration:           1
--- Pre-solver preview (memory + RHS workload) ---
   GQG dims: NNX=       585  NNZ=       317  NPT=    185445
   DOF:     N=3*NPT =    556335
   Sources: NSR=       100  NSS=       100  NK=        99
   RHS total (per IK): nrhs_tot=3*NSS =       300
   Batch:    MAX_RHS_BATCH=        32  nbatches=        10
   GFMY  (GFX+GFY+GFZ):        123.107 GB
   RHS_MY(rhs+sol buffers):      0.531 GB
 
 running run_ik_loop_pardiso
before CA | VmRSS= 125.623 GB  VmHWM= 136.060 GB
after CA | VmRSS= 126.618 GB  VmHWM= 136.060 GB
after factor | VmRSS= 130.382 GB  VmHWM= 136.060 GB
f=     9.000 Hz | ky=  0.745042E-03 | IK=       1/      99 | t=   24.338900 s | CA=  2.5127 | fact= 12.8431 | GF=  8.9828 | solve=  8.2946 | scatter=  0.2778
f=     9.000 Hz | ky=  0.149008E-02 | IK=       2/      99 | t=   13.972500 s | CA=  2.5629 | fact=  2.5561 | GF=  8.8534 | solve=  8.2191 | scatter=  0.2539
f=     9.000 Hz | ky=  0.223513E-02 | IK=       3/      99 | t=   13.965600 s | CA=  2.5927 | fact=  2.5300 | GF=  8.8429 | solve=  8.2099 | scatter=  0.2528
f=     9.000 Hz | ky=  0.298017E-02 | IK=       4/      99 | t=   14.075400 s | CA=  2.6484 | fact=  2.5582 | GF=  8.8687 | solve=  8.2374 | scatter=  0.2513
f=     9.000 Hz | ky=  0.372521E-02 | IK=       5/      99 | t=   14.041700 s | CA=  2.6006 | fact=  2.5498 | GF=  8.8913 | solve=  8.2584 | scatter=  0.2525
f=     9.000 Hz | ky=  0.447025E-02 | IK=       6/      99 | t=   13.997400 s | CA=  2.5619 | fact=  2.5723 | GF=  8.8631 | solve=  8.2250 | scatter=  0.2574
f=     9.000 Hz | ky=  0.521529E-02 | IK=       7/      99 | t=   14.065600 s | CA=  2.6347 | fact=  2.5698 | GF=  8.8611 | solve=  8.2297 | scatter=  0.2509
f=     9.000 Hz | ky=  0.596033E-02 | IK=       8/      99 | t=   14.056700 s | CA=  2.6119 | fact=  2.5563 | GF=  8.8884 | solve=  8.2505 | scatter=  0.2568
f=     9.000 Hz | ky=  0.670538E-02 | IK=       9/      99 | t=   14.072400 s | CA=  2.6230 | fact=  2.5589 | GF=  8.8905 | solve=  8.2563 | scatter=  0.2532
f=     9.000 Hz | ky=  0.745042E-02 | IK=      10/      99 | t=   14.026500 s | CA=  2.5735 | fact=  2.5739 | GF=  8.8791 | solve=  8.2429 | scatter=  0.2544
f=     9.000 Hz | ky=  0.819546E-02 | IK=      11/      99 | t=   14.090200 s | CA=  2.6041 | fact=  2.6013 | GF=  8.8847 | solve=  8.2486 | scatter=  0.2539
f=     9.000 Hz | ky=  0.894050E-02 | IK=      12/      99 | t=   14.083800 s | CA=  2.6197 | fact=  2.5975 | GF=  8.8666 | solve=  8.2291 | scatter=  0.2555
f=     9.000 Hz | ky=  0.968554E-02 | IK=      13/      99 | t=   14.134900 s | CA=  2.6680 | fact=  2.5776 | GF=  8.8892 | solve=  8.2547 | scatter=  0.2525
f=     9.000 Hz | ky=  0.104306E-01 | IK=      14/      99 | t=   14.022200 s | CA=  2.5921 | fact=  2.5671 | GF=  8.8629 | solve=  8.2302 | scatter=  0.2512
f=     9.000 Hz | ky=  0.111756E-01 | IK=      15/      99 | t=   14.095500 s | CA=  2.6402 | fact=  2.5765 | GF=  8.8788 | solve=  8.2450 | scatter=  0.2524
f=     9.000 Hz | ky=  0.119207E-01 | IK=      16/      99 | t=   14.108500 s | CA=  2.6183 | fact=  2.5815 | GF=  8.9087 | solve=  8.2720 | scatter=  0.2544
f=     9.000 Hz | ky=  0.126657E-01 | IK=      17/      99 | t=   14.171500 s | CA=  2.7008 | fact=  2.5834 | GF=  8.8872 | solve=  8.2507 | scatter=  0.2548
PARDISO mem (f=  9.00 Hz): sym=  1.95 GB  perm=  1.42 GB  num=  3.22 GB  
peak=  4.64 GB
t_global   =    526.933 s
TIME for 2d forward modeling_i calc =  8.781652832031250 min
Rank    5 -> ID range:   4001 to   4800 | Tasks:    800
Rank    4 -> ID range:   3201 to   4000 | Tasks:    800
Rank    1 -> ID range:    801 to   1600 | Tasks:    800
Rank    3 -> ID range:   2401 to   3200 | Tasks:    800
Rank    2 -> ID range:   1601 to   2400 | Tasks:    800
  
 -------------- calculate Frechet derivatives -----------
 IFREQ =          14    ITERATION =           1
Frechet memory size Frec_my:      0.825 (Gb)
Rank    0 -> ID range:      1 to    800 | Tasks:    800
FREQ:      9.0 Hz, ITER=       1  Frechet Derivative ID=     100/    4800 Finished   0.391300 s
FREQ:      9.0 Hz, ITER=       1  Frechet Derivative ID=     200/    4800 Finished   0.382900 s
FREQ:      9.0 Hz, ITER=       1  Frechet Derivative ID=     300/    4800 Finished   0.388700 s
FREQ:      9.0 Hz, ITER=       1  Frechet Derivative ID=     400/    4800 Finished   0.364800 s
FREQ:      9.0 Hz, ITER=       1  Frechet Derivative ID=     500/    4800 Finished   0.394000 s
FREQ:      9.0 Hz, ITER=       1  Frechet Derivative ID=     600/    4800 Finished   0.396300 s
FREQ:      9.0 Hz, ITER=       1  Frechet Derivative ID=     700/    4800 Finished   0.390500 s
FREQ:      9.0 Hz, ITER=       1  Frechet Derivative ID=     800/    4800 Finished   0.387700 s
||Frechet||_F=  3.6081E-13max|Frechet|=  7.3257E-18
||Frechet||_F=  3.6081E-13max|Frechet|=  7.3257E-18
||Frechet||_F=  3.6081E-13max|Frechet|=  7.3257E-18
||Frechet||_F=  3.6081E-13max|Frechet|=  7.3257E-18
||Frechet||_F=  3.6081E-13max|Frechet|=  7.3257E-18
||Frechet||_F=  3.6081E-13max|Frechet|=  7.3257E-18
 
TIME for Frechet calc =  5.349783325195313 min
 
m_fine: min=  7.3077E+01  max=  1.6893E+02  mean=  1.3549E+02  ||.||2=  6.0368E+04  size=  185445
m_coarse_prev: min=  7.4032E+01  max=  1.6845E+02  mean=  1.3553E+02  ||.||2=  1.5058E+04  size=   11534
 
  compute the residual and the cost function
 WD_amp= 9.30969E+13  RESID_RMS= 2.07597E-03  FCOST_DATA= 2.15483E-06  FCOST0= 2.15483E-06
IA=  7  H(single F0) min= 0.00000E+00  max= 6.63532E-02
IA=  7  H(F0^2)     min= 0.00000E+00  max= 6.63532E-02
HESSD: ia=   7  min= 0.00000E+00  max= 2.15293E+03
IA=  7  H(single F0) min= 0.00000E+00  max= 6.63532E-02
IA=  7  H(F0^2)     min= 0.00000E+00  max= 6.63532E-02
HESSD: ia=   7  min= 0.00000E+00  max= 2.15293E+03
IA=  7  H(single F0) min= 0.00000E+00  max= 6.63532E-02
IA=  7  H(F0^2)     min= 0.00000E+00  max= 6.63532E-02
HESSD: ia=   7  min= 0.00000E+00  max= 2.15293E+03
IA=  7  H(single F0) min= 0.00000E+00  max= 6.63532E-02
IA=  7  H(F0^2)     min= 0.00000E+00  max= 6.63532E-02
HESSD: ia=   7  min= 0.00000E+00  max= 2.15293E+03
IA=  7  H(single F0) min= 0.00000E+00  max= 6.63532E-02
IA=  7  H(F0^2)     min= 0.00000E+00  max= 6.63532E-02
HESSD: ia=   7  min= 0.00000E+00  max= 2.15293E+03
IA=  7  H(single F0) min= 0.00000E+00  max= 6.63532E-02
IA=  7  H(F0^2)     min= 0.00000E+00  max= 6.63532E-02
HESSD: ia=   7  min= 0.00000E+00  max= 2.15293E+03
Grad block   7 GRAD_SCALED MORM =   9.8126E-05
Raw grad block  7  PAR={Q11}  min= -2.5365E-09  max=  3.2104E-09  L2=  1.8234E-08
Gradient finished
Start LBFGS 
LBFGS steepest step , iter=      1
  g·p = -3.7428E-07  ||p|| =  1.6006E-02
  min(p)= -1.4937E-03  max(p)=  7.8125E-04
LBFGS p_k (unscaled) stats per active parameter:
  IA=  7  PAR={Q11}  min=-9.23334E+00  max= 4.82940E+00  L2= 9.89420E+01
min(p_k)= -1.4937E-03  max(p_k)=  7.8125E-04  ||p_k||=  1.6006E-02
min(p_kf)= -1.4937E-03  max(p_kf)=  7.8125E-04  ||p_kf||=  6.4023E-02
p_k/p_kf  =   2.5000E-01
Start linesearch
BT entry: phi(0)=  2.1548E-06  g·p(0)= -3.7428E-07
 UPDATEPARAMETER: f-scale only
UPDATEPARAMETER PAR_STEP min/max, V_STEP min/max =  7.0084271289E+01  1.6907718694E+02
  7.0084271289E+01  1.6907718694E+02
REL STEP Q      : k=  7 row=  2 rmax_k=  1.0190E-01 row_scale=  1.6893E+02
BT cap probe: rmax1=  1.0190E-01  alpha_cap=  1.0000E+00  alpha00=  1.0000E+00
 UPDATEPARAMETER: f-scale only
UPDATEPARAMETER PAR_STEP min/max, V_STEP min/max =  7.0084271289E+01  1.6907718694E+02
  7.0084271289E+01  1.6907718694E+02
 running run_ik_loop_pardiso
before CA | VmRSS=  27.179 GB  VmHWM= 136.060 GB
after CA | VmRSS=  28.024 GB  VmHWM= 136.060 GB
after factor | VmRSS=  31.792 GB  VmHWM= 136.060 GB
f=     9.000 Hz | ky=  0.745042E-03 | IK=       1/      99 | t=   17.318000 s | CA=  2.5253 | fact= 12.8608 | GF=  1.9317 | solve=  1.7742 | scatter=  0.0545
f=     9.000 Hz | ky=  0.149008E-02 | IK=       2/      99 | t=    6.980300 s | CA=  2.5881 | fact=  2.5708 | GF=  1.8213 | solve=  1.6937 | scatter=  0.0546
f=     9.000 Hz | ky=  0.223513E-02 | IK=       3/      99 | t=    7.015700 s | CA=  2.6165 | fact=  2.5808 | GF=  1.8184 | solve=  1.6931 | scatter=  0.0520
f=     9.000 Hz | ky=  0.298017E-02 | IK=       4/      99 | t=    6.990400 s | CA=  2.6032 | fact=  2.5700 | GF=  1.8171 | solve=  1.6923 | scatter=  0.0515
f=     9.000 Hz | ky=  0.372521E-02 | IK=       5/      99 | t=    6.991300 s | CA=  2.5890 | fact=  2.5804 | GF=  1.8219 | solve=  1.6939 | scatter=  0.0548
f=     9.000 Hz | ky=  0.447025E-02 | IK=       6/      99 | t=    6.940000 s | CA=  2.5643 | fact=  2.5574 | GF=  1.8183 | solve=  1.6945 | scatter=  0.0506
f=     9.000 Hz | ky=  0.521529E-02 | IK=       7/      99 | t=    6.961600 s | CA=  2.5409 | fact=  2.6006 | GF=  1.8201 | solve=  1.6963 | scatter=  0.0504
f=     9.000 Hz | ky=  0.596033E-02 | IK=       8/      99 | t=    6.972700 s | CA=  2.5920 | fact=  2.5570 | GF=  1.8236 | solve=  1.6965 | scatter=  0.0536
f=     9.000 Hz | ky=  0.670538E-02 | IK=       9/      99 | t=    6.957500 s | CA=  2.5692 | fact=  2.5659 | GF=  1.8223 | solve=  1.6986 | scatter=  0.0505
f=     9.000 Hz | ky=  0.745042E-02 | IK=      10/      99 | t=    6.989700 s | CA=  2.6120 | fact=  2.5553 | GF=  1.8224 | solve=  1.6946 | scatter=  0.0546
f=     9.000 Hz | ky=  0.819546E-02 | IK=      11/      99 | t=    7.022900 s | CA=  2.6330 | fact=  2.5694 | GF=  1.8205 | solve=  1.6962 | scatter=  0.0505
f=     9.000 Hz | ky=  0.894050E-02 | IK=      12/      99 | t=    6.998900 s | CA=  2.5769 | fact=  2.5966 | GF=  1.8254 | solve=  1.6971 | scatter=  0.0548
f=     9.000 Hz | ky=  0.968554E-02 | IK=      13/      99 | t=    6.941600 s | CA=  2.5563 | fact=  2.5670 | GF=  1.8183 | solve=  1.6939 | scatter=  0.0512
f=     9.000 Hz | ky=  0.104306E-01 | IK=      14/      99 | t=    7.015600 s | CA=  2.6133 | fact=  2.5794 | GF=  1.8228 | solve=  1.6980 | scatter=  0.0511
f=     9.000 Hz | ky=  0.111756E-01 | IK=      15/      99 | t=    6.999500 s | CA=  2.5765 | fact=  2.6005 | GF=  1.8225 | solve=  1.6975 | scatter=  0.0519
f=     9.000 Hz | ky=  0.119207E-01 | IK=      16/      99 | t=    6.981900 s | CA=  2.5851 | fact=  2.5803 | GF=  1.8165 | solve=  1.6917 | scatter=  0.0517
f=     9.000 Hz | ky=  0.126657E-01 | IK=      17/      99 | t=    6.997100 s | CA=  2.5992 | fact=  2.5739 | GF=  1.8240 | solve=  1.6976 | scatter=  0.0525
PARDISO mem (f=  9.00 Hz): sym=  1.95 GB  perm=  1.42 GB  num=  3.22 GB  
peak=  4.64 GB
 WD_amp= 9.30969E+13  RESID_RMS= 3.04228E-03  FCOST_DATA= 4.62773E-06  FCOST0= 4.62773E-06
BT: alpha=  1.0000E+00  phi=  4.6277E-06  rhs=  2.1548E-06
 UPDATEPARAMETER: f-scale only
UPDATEPARAMETER PAR_STEP min/max, V_STEP min/max =  7.1580493445E+01  1.6899093957E+02
  7.1580493445E+01  1.6899093957E+02
 running run_ik_loop_pardiso
before CA | VmRSS=  27.165 GB  VmHWM= 136.060 GB
after CA | VmRSS=  27.782 GB  VmHWM= 136.060 GB
after factor | VmRSS=  31.544 GB  VmHWM= 136.060 GB
f=     9.000 Hz | ky=  0.745042E-03 | IK=       1/      99 | t=   17.273700 s | CA=  2.5182 | fact= 12.8350 | GF=  1.9203 | solve=  1.7633 | scatter=  0.0542
f=     9.000 Hz | ky=  0.149008E-02 | IK=       2/      99 | t=    6.926600 s | CA=  2.5647 | fact=  2.5445 | GF=  1.8174 | solve=  1.6899 | scatter=  0.0543
f=     9.000 Hz | ky=  0.223513E-02 | IK=       3/      99 | t=    6.963800 s | CA=  2.5861 | fact=  2.5627 | GF=  1.8150 | solve=  1.6883 | scatter=  0.0536
f=     9.000 Hz | ky=  0.298017E-02 | IK=       4/      99 | t=    6.928300 s | CA=  2.5906 | fact=  2.5177 | GF=  1.8200 | solve=  1.6918 | scatter=  0.0548
f=     9.000 Hz | ky=  0.372521E-02 | IK=       5/      99 | t=    6.950200 s | CA=  2.5885 | fact=  2.5445 | GF=  1.8171 | solve=  1.6933 | scatter=  0.0508
f=     9.000 Hz | ky=  0.447025E-02 | IK=       6/      99 | t=    6.952100 s | CA=  2.5626 | fact=  2.5696 | GF=  1.8198 | solve=  1.6948 | scatter=  0.0520
f=     9.000 Hz | ky=  0.521529E-02 | IK=       7/      99 | t=    6.937300 s | CA=  2.5927 | fact=  2.5326 | GF=  1.8120 | solve=  1.6869 | scatter=  0.0519
f=     9.000 Hz | ky=  0.596033E-02 | IK=       8/      99 | t=    6.949900 s | CA=  2.5589 | fact=  2.5763 | GF=  1.8147 | solve=  1.6909 | scatter=  0.0508
f=     9.000 Hz | ky=  0.670538E-02 | IK=       9/      99 | t=    7.010800 s | CA=  2.6098 | fact=  2.5825 | GF=  1.8184 | solve=  1.6909 | scatter=  0.0543
f=     9.000 Hz | ky=  0.745042E-02 | IK=      10/      99 | t=    7.018500 s | CA=  2.6142 | fact=  2.5815 | GF=  1.8228 | solve=  1.6989 | scatter=  0.0507
f=     9.000 Hz | ky=  0.819546E-02 | IK=      11/      99 | t=    6.985300 s | CA=  2.5772 | fact=  2.5938 | GF=  1.8142 | solve=  1.6893 | scatter=  0.0518
f=     9.000 Hz | ky=  0.894050E-02 | IK=      12/      99 | t=    6.927600 s | CA=  2.6092 | fact=  2.4955 | GF=  1.8228 | solve=  1.6976 | scatter=  0.0520
f=     9.000 Hz | ky=  0.968554E-02 | IK=      13/      99 | t=    6.977100 s | CA=  2.5728 | fact=  2.5869 | GF=  1.8174 | solve=  1.6912 | scatter=  0.0530
f=     9.000 Hz | ky=  0.104306E-01 | IK=      14/      99 | t=    6.976600 s | CA=  2.5603 | fact=  2.5971 | GF=  1.8192 | solve=  1.6937 | scatter=  0.0523
f=     9.000 Hz | ky=  0.111756E-01 | IK=      15/      99 | t=    6.999500 s | CA=  2.6323 | fact=  2.5554 | GF=  1.8117 | solve=  1.6877 | scatter=  0.0508
f=     9.000 Hz | ky=  0.119207E-01 | IK=      16/      99 | t=    7.055800 s | CA=  2.6530 | fact=  2.5793 | GF=  1.8235 | solve=  1.6994 | scatter=  0.0507
f=     9.000 Hz | ky=  0.126657E-01 | IK=      17/      99 | t=    7.008900 s | CA=  2.6140 | fact=  2.5761 | GF=  1.8188 | solve=  1.6929 | scatter=  0.0527
PARDISO mem (f=  9.00 Hz): sym=  1.95 GB  perm=  1.42 GB  num=  3.22 GB  
peak=  4.64 GB
 WD_amp= 9.30969E+13  RESID_RMS= 2.21793E-03  FCOST_DATA= 2.45960E-06  FCOST0= 2.45960E-06
BT: alpha=  5.0000E-01  phi=  2.4596E-06  rhs=  2.1548E-06
 UPDATEPARAMETER: f-scale only
UPDATEPARAMETER PAR_STEP min/max, V_STEP min/max =  7.2328604523E+01  1.6895607313E+02
  7.2328604523E+01  1.6895607313E+02
 running run_ik_loop_pardiso
before CA | VmRSS=  27.166 GB  VmHWM= 136.060 GB
after CA | VmRSS=  28.926 GB  VmHWM= 136.060 GB
after factor | VmRSS=  32.683 GB  VmHWM= 136.060 GB
f=     9.000 Hz | ky=  0.745042E-03 | IK=       1/      99 | t=   17.299100 s | CA=  2.5439 | fact= 12.8325 | GF=  1.9225 | solve=  1.7661 | scatter=  0.0536
f=     9.000 Hz | ky=  0.149008E-02 | IK=       2/      99 | t=    7.002300 s | CA=  2.6154 | fact=  2.5718 | GF=  1.8150 | solve=  1.6910 | scatter=  0.0509
f=     9.000 Hz | ky=  0.223513E-02 | IK=       3/      99 | t=    6.952000 s | CA=  2.6215 | fact=  2.5173 | GF=  1.8132 | solve=  1.6855 | scatter=  0.0546
f=     9.000 Hz | ky=  0.298017E-02 | IK=       4/      99 | t=    6.957600 s | CA=  2.5797 | fact=  2.5620 | GF=  1.8159 | solve=  1.6919 | scatter=  0.0509
f=     9.000 Hz | ky=  0.372521E-02 | IK=       5/      99 | t=    7.010600 s | CA=  2.6330 | fact=  2.5666 | GF=  1.8109 | solve=  1.6842 | scatter=  0.0534
f=     9.000 Hz | ky=  0.447025E-02 | IK=       6/      99 | t=    7.036000 s | CA=  2.6396 | fact=  2.5783 | GF=  1.8180 | solve=  1.6929 | scatter=  0.0518
f=     9.000 Hz | ky=  0.521529E-02 | IK=       7/      99 | t=    7.025200 s | CA=  2.6450 | fact=  2.5649 | GF=  1.8152 | solve=  1.6884 | scatter=  0.0539
f=     9.000 Hz | ky=  0.596033E-02 | IK=       8/      99 | t=    6.976900 s | CA=  2.5968 | fact=  2.5657 | GF=  1.8144 | solve=  1.6902 | scatter=  0.0509
f=     9.000 Hz | ky=  0.670538E-02 | IK=       9/      99 | t=    7.017300 s | CA=  2.6128 | fact=  2.5763 | GF=  1.8282 | solve=  1.7029 | scatter=  0.0521
f=     9.000 Hz | ky=  0.745042E-02 | IK=      10/      99 | t=    6.941000 s | CA=  2.5658 | fact=  2.5513 | GF=  1.8238 | solve=  1.6971 | scatter=  0.0536
f=     9.000 Hz | ky=  0.819546E-02 | IK=      11/      99 | t=    7.031600 s | CA=  2.6472 | fact=  2.5653 | GF=  1.8191 | solve=  1.6963 | scatter=  0.0496
f=     9.000 Hz | ky=  0.894050E-02 | IK=      12/      99 | t=    6.959000 s | CA=  2.6039 | fact=  2.5334 | GF=  1.8217 | solve=  1.6963 | scatter=  0.0523
f=     9.000 Hz | ky=  0.968554E-02 | IK=      13/      99 | t=    6.971100 s | CA=  2.5728 | fact=  2.5795 | GF=  1.8188 | solve=  1.6922 | scatter=  0.0535
f=     9.000 Hz | ky=  0.104306E-01 | IK=      14/      99 | t=    6.987200 s | CA=  2.5910 | fact=  2.5729 | GF=  1.8232 | solve=  1.6987 | scatter=  0.0512
f=     9.000 Hz | ky=  0.111756E-01 | IK=      15/      99 | t=    6.918600 s | CA=  2.5491 | fact=  2.5474 | GF=  1.8220 | solve=  1.6954 | scatter=  0.0535
f=     9.000 Hz | ky=  0.119207E-01 | IK=      16/      99 | t=    6.994000 s | CA=  2.6155 | fact=  2.5492 | GF=  1.8293 | solve=  1.7037 | scatter=  0.0525
f=     9.000 Hz | ky=  0.126657E-01 | IK=      17/      99 | t=    7.034900 s | CA=  2.6316 | fact=  2.5764 | GF=  1.8268 | solve=  1.6995 | scatter=  0.0540
PARDISO mem (f=  9.00 Hz): sym=  1.95 GB  perm=  1.42 GB  num=  3.22 GB  
peak=  4.64 GB
 WD_amp= 9.30969E+13  RESID_RMS= 2.04042E-03  FCOST_DATA= 2.08166E-06  FCOST0= 2.08166E-06
BT: alpha=  2.5000E-01  phi=  2.0817E-06  rhs=  2.1548E-06
  
  
  
Convergence reached, updating parameter grid
ALPHA from line search =  .2500000000000000
 FCOST0 after linesearch  2.081656076013693E-006
Norm of s (s_norm) =  .4001442187222466E-02
  
  
  
Time for LBFGS =  9.179851277669270 min
  
 Frequency:          14 Iteration:           2
t_global   =    524.114 s
  
 -------------- calculate Frechet derivatives -----------
 IFREQ =          14    ITERATION =           2
||Frechet||_F=  3.6171E-13max|Frechet|=  7.3248E-18
||Frechet||_F=  3.6171E-13max|Frechet|=  7.3248E-18
||Frechet||_F=  3.6171E-13max|Frechet|=  7.3248E-18
||Frechet||_F=  3.6171E-13max|Frechet|=  7.3248E-18
||Frechet||_F=  3.6171E-13max|Frechet|=  7.3248E-18
||Frechet||_F=  3.6171E-13max|Frechet|=  7.3248E-18
 
TIME for Frechet calc =  5.292976888020833 min
 
 
  compute the residual and the cost function
 WD_amp= 9.30969E+13  RESID_RMS= 2.04042E-03  FCOST_DATA= 2.08166E-06  FCOST0= 2.08166E-06
Grad block   7 GRAD_SCALED MORM =   1.2917E-04
Raw grad block  7  PAR={Q11}  min= -2.8042E-09  max=  2.5646E-09  L2=  2.2506E-08
Gradient finished
Start LBFGS 
curvature (warm): s·y=  2.1992E-07  ||s||^2=  1.6012E-05  ||y||^2=  1.1332E-08  sTy_min=  4.2596E-08
LBFGS step: g·p = -2.8103E-07  ||p||=  1.6448E-02
LBFGS step: min(p)= -1.4659E-03  max(p)=  1.0042E-03
LBFGS p_k (unscaled) stats per active parameter:
  IA=  7  PAR={Q11}  min=-9.06155E+00  max= 6.20776E+00  L2= 1.01676E+02
min(p_k)= -1.4659E-03  max(p_k)=  1.0042E-03  ||p_k||=  1.6448E-02
min(p_kf)= -1.4659E-03  max(p_kf)=  1.0042E-03  ||p_kf||=  6.5792E-02
p_k/p_kf  =   2.5000E-01
Start linesearch
MT entry: phi(0)=  2.0817E-06  dg0= -2.8103E-07  alpha0=  1.0000E+00
 UPDATEPARAMETER: f-scale only
UPDATEPARAMETER PAR_STEP min/max, V_STEP min/max =  6.8130333606E+01  1.6925608178E+02
  6.8130333606E+01  1.6925608178E+02
 WD_amp= 9.30969E+13  RESID_RMS= 2.25189E-03  FCOST_DATA= 2.53549E-06  FCOST0= 2.53549E-06
  
 -------------- calculate Frechet derivatives -----------
 IFREQ =          14    ITERATION =           2
||Frechet||_F=  3.6158E-13max|Frechet|=  7.3217E-18
||Frechet||_F=  3.6158E-13max|Frechet|=  7.3217E-18
||Frechet||_F=  3.6158E-13max|Frechet|=  7.3217E-18
||Frechet||_F=  3.6158E-13max|Frechet|=  7.3217E-18
||Frechet||_F=  3.6158E-13max|Frechet|=  7.3217E-18
||Frechet||_F=  3.6158E-13max|Frechet|=  7.3217E-18
Grad block   7 GRAD_SCALED MORM =   2.1840E-04
MT try: alpha=  1.0000E+00  phi=  2.5355E-06  dg=  4.3422E-07  dg0= -2.8103E-07
MT try: armijo_rhs=  2.0816E-06  armijo=F  curvature=F  task=FG
 UPDATEPARAMETER: f-scale only
UPDATEPARAMETER PAR_STEP min/max, V_STEP min/max =  7.2043975931E+01  1.6897431375E+02
  7.2043975931E+01  1.6897431375E+02
 WD_amp= 9.30969E+13  RESID_RMS= 2.02331E-03  FCOST_DATA= 2.04689E-06  FCOST0= 2.04689E-06
  
 -------------- calculate Frechet derivatives -----------
 IFREQ =          14    ITERATION =           2
||Frechet||_F=  3.6167E-13max|Frechet|=  7.3245E-18
||Frechet||_F=  3.6167E-13max|Frechet|=  7.3245E-18
||Frechet||_F=  3.6167E-13max|Frechet|=  7.3245E-18
||Frechet||_F=  3.6167E-13max|Frechet|=  7.3245E-18
||Frechet||_F=  3.6167E-13max|Frechet|=  7.3245E-18
||Frechet||_F=  3.6167E-13max|Frechet|=  7.3245E-18
Grad block   7 GRAD_SCALED MORM =   1.1776E-04
MT try: alpha=  1.0230E-01  phi=  2.0469E-06  dg= -2.0617E-07  dg0= -2.8103E-07
MT try: armijo_rhs=  2.0817E-06  armijo=T  curvature=T  task=FG
  
  
  
  
  
Convergence reached, updating parameter grid
ALPHA from line search =  .1022985042314190
 FCOST0 after linesearch  2.046886885654360E-006
Norm of s (s_norm) =  .1682613581729640E-02
  
Time for LBFGS =  28.13438924153646 min
  
 Frequency:          14 Iteration:           3
t_global   =    525.782 s
  
 -------------- calculate Frechet derivatives -----------
 IFREQ =          14    ITERATION =           3
||Frechet||_F=  3.6167E-13max|Frechet|=  7.3245E-18
||Frechet||_F=  3.6167E-13max|Frechet|=  7.3245E-18
||Frechet||_F=  3.6167E-13max|Frechet|=  7.3245E-18
||Frechet||_F=  3.6167E-13max|Frechet|=  7.3245E-18
||Frechet||_F=  3.6167E-13max|Frechet|=  7.3245E-18
 
TIME for Frechet calc =  5.245461527506510 min
 
 
  compute the residual and the cost function
 WD_amp= 9.30969E+13  RESID_RMS= 2.02331E-03  FCOST_DATA= 2.04689E-06  FCOST0= 2.04689E-06
||Frechet||_F=  3.6167E-13max|Frechet|=  7.3245E-18
Grad block   7 GRAD_SCALED MORM =   1.1776E-04
Gradient finished
Start LBFGS 
curvature (warm): s·y=  7.6583E-09  ||s||^2=  2.8312E-06  ||y||^2=  3.8894E-10  sTy_min=  3.3184E-09
LBFGS history: used= 1  skipped= 1  worst_col= 4  bad_s·y=  7.6583E-09  bad_cos_sy=  2.3079E-01
LBFGS step: g·p = -2.0625E-07  ||p||=  1.3514E-02
LBFGS step: min(p)= -1.2157E-03  max(p)=  9.6529E-04
LBFGS p_k (unscaled) stats per active parameter:
  IA=  7  PAR={Q11}  min=-7.51511E+00  max= 5.96710E+00  L2= 8.35366E+01
min(p_k)= -1.2157E-03  max(p_k)=  9.6529E-04  ||p_k||=  1.3514E-02
min(p_kf)= -1.2157E-03  max(p_kf)=  9.6529E-04  ||p_kf||=  5.4055E-02
p_k/p_kf  =   2.5000E-01
Start linesearch
MT entry: phi(0)=  2.0469E-06  dg0= -2.0625E-07  alpha0=  1.0000E+00
 UPDATEPARAMETER: f-scale only
UPDATEPARAMETER PAR_STEP min/max, V_STEP min/max =  6.9285705887E+01  1.6924775229E+02
  6.9285705887E+01  1.6924775229E+02
 WD_amp= 9.30969E+13  RESID_RMS= 2.07968E-03  FCOST_DATA= 2.16254E-06  FCOST0= 2.16254E-06
  
 -------------- calculate Frechet derivatives -----------
 IFREQ =          14    ITERATION =           3
||Frechet||_F=  3.6216E-13max|Frechet|=  7.3232E-18
||Frechet||_F=  3.6216E-13max|Frechet|=  7.3232E-18
||Frechet||_F=  3.6216E-13max|Frechet|=  7.3232E-18
||Frechet||_F=  3.6216E-13max|Frechet|=  7.3232E-18
||Frechet||_F=  3.6216E-13max|Frechet|=  7.3232E-18
||Frechet||_F=  3.6216E-13max|Frechet|=  7.3232E-18
Grad block   7 GRAD_SCALED MORM =   1.5047E-04
MT try: alpha=  1.0000E+00  phi=  2.1625E-06  dg=  1.4890E-07  dg0= -2.0625E-07
MT try: armijo_rhs=  2.0469E-06  armijo=F  curvature=T  task=FG
 UPDATEPARAMETER: f-scale only
UPDATEPARAMETER PAR_STEP min/max, V_STEP min/max =  7.1781420538E+01  1.6901448677E+02
  7.1781420538E+01  1.6901448677E+02
 WD_amp= 9.30969E+13  RESID_RMS= 1.99721E-03  FCOST_DATA= 1.99442E-06  FCOST0= 1.99442E-06
  
 -------------- calculate Frechet derivatives -----------
 IFREQ =          14    ITERATION =           3
||Frechet||_F=  3.6174E-13max|Frechet|=  7.3242E-18
||Frechet||_F=  3.6174E-13max|Frechet|=  7.3242E-18
||Frechet||_F=  3.6174E-13max|Frechet|=  7.3242E-18
||Frechet||_F=  3.6174E-13max|Frechet|=  7.3242E-18
||Frechet||_F=  3.6174E-13max|Frechet|=  7.3242E-18
||Frechet||_F=  3.6174E-13max|Frechet|=  7.3242E-18
Grad block   7 GRAD_SCALED MORM =   1.0517E-04
MT try: alpha=  1.9620E-01  phi=  1.9944E-06  dg= -1.3660E-07  dg0= -2.0625E-07
MT try: armijo_rhs=  2.0469E-06  armijo=T  curvature=T  task=FG
  
Convergence reached, updating parameter grid
ALPHA from line search =  .1962033740978312
 FCOST0 after linesearch  1.994420435260813E-006
Norm of s (s_norm) =  .2651423070847143E-02
  
  
  
  
  
Convergence check at iteration    3
  Relative cost decrease  =  2.5632E-02
  Relative model update   =  0.0000E+00
  Relative grad. norm     =  1.6941E+00
Time for LBFGS =  28.02728678385417 min
  
 Frequency:          14 Iteration:           4
t_global   =    527.476 s
  
 -------------- calculate Frechet derivatives -----------
 IFREQ =          14    ITERATION =           4
||Frechet||_F=  3.6174E-13max|Frechet|=  7.3242E-18
||Frechet||_F=  3.6174E-13max|Frechet|=  7.3242E-18
||Frechet||_F=  3.6174E-13max|Frechet|=  7.3242E-18
||Frechet||_F=  3.6174E-13max|Frechet|=  7.3242E-18
||Frechet||_F=  3.6174E-13max|Frechet|=  7.3242E-18
 
TIME for Frechet calc =  5.252613321940104 min
 
 
  compute the residual and the cost function
 WD_amp= 9.30969E+13  RESID_RMS= 1.99721E-03  FCOST_DATA= 1.99442E-06  FCOST0= 1.99442E-06
||Frechet||_F=  3.6174E-13max|Frechet|=  7.3242E-18
Grad block   7 GRAD_SCALED MORM =   1.0517E-04
Gradient finished
Start LBFGS 
curvature (warm): s·y=  1.3666E-08  ||s||^2=  7.0300E-06  ||y||^2=  5.4736E-10  sTy_min=  6.2032E-09
LBFGS history: used= 2  skipped= 1  worst_col= 4  bad_s·y=  7.6583E-09  bad_cos_sy=  2.3079E-01
LBFGS step: g·p = -1.0358E-06  ||p||=  8.1440E-02
LBFGS step: min(p)= -7.4729E-03  max(p)=  4.9799E-03
LBFGS p_k (unscaled) stats per active parameter:
  IA=  7  PAR={Q11}  min=-4.61951E+01  max= 3.07841E+01  L2= 5.03430E+02
min(p_k)= -7.4729E-03  max(p_k)=  4.9799E-03  ||p_k||=  8.1440E-02
min(p_kf)= -7.4729E-03  max(p_kf)=  4.9799E-03  ||p_kf||=  3.2576E-01
p_k/p_kf  =   2.5000E-01
Start linesearch
MT entry: phi(0)=  1.9944E-06  dg0= -1.0358E-06  alpha0=  1.0000E+00
 UPDATEPARAMETER: f-scale only
UPDATEPARAMETER PAR_STEP min/max, V_STEP min/max =  3.4441927426E+01  1.7737918870E+02
  3.4441927426E+01  1.7737918870E+02
 WD_amp= 9.30969E+13  RESID_RMS= 5.20860E-03  FCOST_DATA= 1.35648E-05  FCOST0= 1.35648E-05
  
 -------------- calculate Frechet derivatives -----------
 IFREQ =          14    ITERATION =           4
||Frechet||_F=  3.6439E-13max|Frechet|=  7.3175E-18
||Frechet||_F=  3.6439E-13max|Frechet|=  7.3175E-18
||Frechet||_F=  3.6439E-13max|Frechet|=  7.3175E-18
||Frechet||_F=  3.6439E-13max|Frechet|=  7.3175E-18
||Frechet||_F=  3.6439E-13max|Frechet|=  7.3175E-18
||Frechet||_F=  3.6439E-13max|Frechet|=  7.3175E-18
Grad block   7 GRAD_SCALED MORM =   6.6505E-04
MT try: alpha=  1.0000E+00  phi=  1.3565E-05  dg=  7.0001E-06  dg0= -1.0358E-06
MT try: armijo_rhs=  1.9943E-06  armijo=F  curvature=F  task=FG
 UPDATEPARAMETER: f-scale only
UPDATEPARAMETER PAR_STEP min/max, V_STEP min/max =  7.1665275368E+01  1.6903742195E+02
  7.1665275368E+01  1.6903742195E+02
 WD_amp= 9.30969E+13  RESID_RMS= 1.99160E-03  FCOST_DATA= 1.98323E-06  FCOST0= 1.98323E-06
  
 -------------- calculate Frechet derivatives -----------
 IFREQ =          14    ITERATION =           4
||Frechet||_F=  3.6168E-13max|Frechet|=  7.3241E-18
||Frechet||_F=  3.6168E-13max|Frechet|=  7.3241E-18
||Frechet||_F=  3.6168E-13max|Frechet|=  7.3241E-18
||Frechet||_F=  3.6168E-13max|Frechet|=  7.3241E-18
||Frechet||_F=  3.6168E-13max|Frechet|=  7.3241E-18
||Frechet||_F=  3.6168E-13max|Frechet|=  7.3241E-18
Grad block   7 GRAD_SCALED MORM =   9.8261E-05
MT try: alpha=  1.7659E-02  phi=  1.9832E-06  dg= -9.0050E-07  dg0= -1.0358E-06
MT try: armijo_rhs=  1.9944E-06  armijo=T  curvature=T  task=FG
  
  
  
  
Convergence reached, updating parameter grid
ALPHA from line search =  .1765896258395899E-01
 FCOST0 after linesearch  1.983234588104454E-006
Norm of s (s_norm) =  .1438137189758591E-02
  
  
Convergence check at iteration    4
  Relative cost decrease  =  5.6086E-03
  Relative model update   =  0.0000E+00
  Relative grad. norm     =  1.4512E+00
Time for LBFGS =  28.13491414388021 min
  
 Frequency:          14 Iteration:           5
t_global   =    525.158 s
  
 -------------- calculate Frechet derivatives -----------
 IFREQ =          14    ITERATION =           5
||Frechet||_F=  3.6168E-13max|Frechet|=  7.3241E-18
||Frechet||_F=  3.6168E-13max|Frechet|=  7.3241E-18
||Frechet||_F=  3.6168E-13max|Frechet|=  7.3241E-18
||Frechet||_F=  3.6168E-13max|Frechet|=  7.3241E-18
 
TIME for Frechet calc =  5.226890055338542 min
 
 
  compute the residual and the cost function
 WD_amp= 9.30969E+13  RESID_RMS= 1.99160E-03  FCOST_DATA= 1.98323E-06  FCOST0= 1.98323E-06
||Frechet||_F=  3.6168E-13max|Frechet|=  7.3241E-18
||Frechet||_F=  3.6168E-13max|Frechet|=  7.3241E-18
Grad block   7 GRAD_SCALED MORM =   9.8261E-05
Gradient finished
Start LBFGS 
curvature (warm): s·y=  2.3891E-09  ||s||^2=  2.0682E-06  ||y||^2=  1.1057E-10  sTy_min=  1.5122E-09
LBFGS history: used= 2  skipped= 2  worst_col= 2  bad_s·y=  2.3891E-09  bad_cos_sy=  1.5798E-01
LBFGS step: g·p = -7.8761E-07  ||p||=  7.1346E-02
LBFGS step: min(p)= -6.5587E-03  max(p)=  4.3615E-03
LBFGS p_k (unscaled) stats per active parameter:
  IA=  7  PAR={Q11}  min=-4.05436E+01  max= 2.69610E+01  L2= 4.41034E+02
min(p_k)= -6.5587E-03  max(p_k)=  4.3615E-03  ||p_k||=  7.1346E-02
min(p_kf)= -6.5587E-03  max(p_kf)=  4.3615E-03  ||p_kf||=  2.8538E-01
p_k/p_kf  =   2.5000E-01
Start linesearch
MT entry: phi(0)=  1.9832E-06  dg0= -7.8761E-07  alpha0=  1.0000E+00
 UPDATEPARAMETER: f-scale only
UPDATEPARAMETER PAR_STEP min/max, V_STEP min/max =  3.9308785176E+01  1.7643667639E+02
  3.9308785176E+01  1.7643667639E+02
 WD_amp= 9.30969E+13  RESID_RMS= 4.47668E-03  FCOST_DATA= 1.00203E-05  FCOST0= 1.00203E-05
  
 -------------- calculate Frechet derivatives -----------
 IFREQ =          14    ITERATION =           5
||Frechet||_F=  3.6333E-13max|Frechet|=  7.3189E-18
||Frechet||_F=  3.6333E-13max|Frechet|=  7.3189E-18
||Frechet||_F=  3.6333E-13max|Frechet|=  7.3189E-18
||Frechet||_F=  3.6333E-13max|Frechet|=  7.3189E-18
||Frechet||_F=  3.6333E-13max|Frechet|=  7.3189E-18
||Frechet||_F=  3.6333E-13max|Frechet|=  7.3189E-18
Grad block   7 GRAD_SCALED MORM =   5.5546E-04
MT try: alpha=  1.0000E+00  phi=  1.0020E-05  dg=  4.6632E-06  dg0= -7.8761E-07
MT try: armijo_rhs=  1.9832E-06  armijo=F  curvature=F  task=FG
 UPDATEPARAMETER: f-scale only
UPDATEPARAMETER PAR_STEP min/max, V_STEP min/max =  7.1565599196E+01  1.6906120096E+02
  7.1565599196E+01  1.6906120096E+02
 WD_amp= 9.30969E+13  RESID_RMS= 1.98902E-03  FCOST_DATA= 1.97810E-06  FCOST0= 1.97810E-06
  
 -------------- calculate Frechet derivatives -----------
 IFREQ =          14    ITERATION =           5
||Frechet||_F=  3.6163E-13max|Frechet|=  7.3240E-18
||Frechet||_F=  3.6163E-13max|Frechet|=  7.3240E-18
||Frechet||_F=  3.6163E-13max|Frechet|=  7.3240E-18
||Frechet||_F=  3.6163E-13max|Frechet|=  7.3240E-18
||Frechet||_F=  3.6163E-13max|Frechet|=  7.3240E-18
||Frechet||_F=  3.6163E-13max|Frechet|=  7.3240E-18
Grad block   7 GRAD_SCALED MORM =   9.3175E-05
MT try: alpha=  1.9048E-02  phi=  1.9781E-06  dg= -6.8674E-07  dg0= -7.8761E-07
MT try: armijo_rhs=  1.9832E-06  armijo=T  curvature=T  task=FG
  
  
Convergence reached, updating parameter grid
ALPHA from line search =  .1904751046043135E-01
 FCOST0 after linesearch  1.978104951612357E-006
Norm of s (s_norm) =  .1358957413201076E-02
  
  
  
  
Convergence check at iteration    5
  Relative cost decrease  =  2.5865E-03
  Relative model update   =  0.0000E+00
  Relative grad. norm     =  1.2543E+00
Time for LBFGS =  27.96511433919271 min
  
 Frequency:          14 Iteration:           6
t_global   =    522.429 s
  
 -------------- calculate Frechet derivatives -----------
 IFREQ =          14    ITERATION =           6
||Frechet||_F=  3.6163E-13max|Frechet|=  7.3240E-18
||Frechet||_F=  3.6163E-13max|Frechet|=  7.3240E-18
||Frechet||_F=  3.6163E-13max|Frechet|=  7.3240E-18
 
TIME for Frechet calc =  5.249413553873698 min
 
 
  compute the residual and the cost function
 WD_amp= 9.30969E+13  RESID_RMS= 1.98902E-03  FCOST_DATA= 1.97810E-06  FCOST0= 1.97810E-06
||Frechet||_F=  3.6163E-13max|Frechet|=  7.3240E-18
||Frechet||_F=  3.6163E-13max|Frechet|=  7.3240E-18
||Frechet||_F=  3.6163E-13max|Frechet|=  7.3240E-18
Grad block   7 GRAD_SCALED MORM =   9.3175E-05
Gradient finished
Start LBFGS 
curvature (warm): s·y=  1.9212E-09  ||s||^2=  1.8468E-06  ||y||^2=  8.6873E-11  sTy_min=  1.2666E-09
LBFGS history: used= 2  skipped= 3  worst_col= 1  bad_s·y=  1.9212E-09  bad_cos_sy=  1.5168E-01
LBFGS step: g·p = -6.0351E-07  ||p||=  6.2381E-02
LBFGS step: min(p)= -5.7425E-03  max(p)=  3.8112E-03
LBFGS p_k (unscaled) stats per active parameter:
  IA=  7  PAR={Q11}  min=-3.54983E+01  max= 2.35597E+01  L2= 3.85619E+02
min(p_k)= -5.7425E-03  max(p_k)=  3.8112E-03  ||p_k||=  6.2381E-02
min(p_kf)= -5.7425E-03  max(p_kf)=  3.8112E-03  ||p_kf||=  2.4953E-01
p_k/p_kf  =   2.5000E-01
Start linesearch
MT entry: phi(0)=  1.9781E-06  dg0= -6.0351E-07  alpha0=  1.0000E+00
 UPDATEPARAMETER: f-scale only
UPDATEPARAMETER PAR_STEP min/max, V_STEP min/max =  4.3615388994E+01  1.7560743386E+02
  4.3615388994E+01  1.7560743386E+02
 WD_amp= 9.30969E+13  RESID_RMS= 3.88223E-03  FCOST_DATA= 7.53584E-06  FCOST0= 7.53584E-06
  
 -------------- calculate Frechet derivatives -----------
 IFREQ =          14    ITERATION =           6
||Frechet||_F=  3.6261E-13max|Frechet|=  7.3201E-18
||Frechet||_F=  3.6261E-13max|Frechet|=  7.3201E-18
||Frechet||_F=  3.6261E-13max|Frechet|=  7.3201E-18
||Frechet||_F=  3.6261E-13max|Frechet|=  7.3201E-18
||Frechet||_F=  3.6261E-13max|Frechet|=  7.3201E-18
||Frechet||_F=  3.6261E-13max|Frechet|=  7.3201E-18
Grad block   7 GRAD_SCALED MORM =   4.5926E-04
MT try: alpha=  1.0000E+00  phi=  7.5358E-06  dg=  3.0303E-06  dg0= -6.0351E-07
MT try: armijo_rhs=  1.9780E-06  armijo=F  curvature=F  task=FG
 UPDATEPARAMETER: f-scale only
UPDATEPARAMETER PAR_STEP min/max, V_STEP min/max =  7.1427183851E+01  1.6908662170E+02
  7.1427183851E+01  1.6908662170E+02
 WD_amp= 9.30969E+13  RESID_RMS= 1.98870E-03  FCOST_DATA= 1.97747E-06  FCOST0= 1.97747E-06
  
 -------------- calculate Frechet derivatives -----------
 IFREQ =          14    ITERATION =           6
||Frechet||_F=  3.6158E-13max|Frechet|=  7.3239E-18
||Frechet||_F=  3.6158E-13max|Frechet|=  7.3239E-18
||Frechet||_F=  3.6158E-13max|Frechet|=  7.3239E-18
||Frechet||_F=  3.6158E-13max|Frechet|=  7.3239E-18
||Frechet||_F=  3.6158E-13max|Frechet|=  7.3239E-18
||Frechet||_F=  3.6158E-13max|Frechet|=  7.3239E-18
Grad block   7 GRAD_SCALED MORM =   8.9581E-05
MT try: alpha=  2.0696E-02  phi=  1.9775E-06  dg= -5.2946E-07  dg0= -6.0351E-07
MT try: armijo_rhs=  1.9781E-06  armijo=T  curvature=T  task=FG
Convergence reached, updating parameter grid
ALPHA from line search =  .2069626461490863E-01
 FCOST0 after linesearch  1.977467496151832E-006
Norm of s (s_norm) =  .1291060848427590E-02
  
  
  
  
  
  
Convergence check at iteration    6
  Relative cost decrease  =  3.2226E-04
  Relative model update   =  0.0000E+00
  Relative grad. norm     =  1.1011E+00
 *** Convergence conditions satisfied:
     - Cost change below tolerance.
  
  projecting back to physical grid for next frequency
  end of  frequency           15
 CR0 shape           6       27846      167076
 C0 shape           6       27846      167076
 RESULT FILES CLOSED
 Total iterations executed =           42
 Time of operation was    1847.39258131622      min
-------------------------------
End time: Tue May 26 15:50:12 +04 2026
===== MPI Execution Completed (status=0) =====
==== Job ended at: Tue May 26 15:50:12 +04 2026 ====
Total runtime (task 7): 30:47:25
Job completed. Results in /home/USER/53_lbfgs_nblock_merge/10Marmousi_VTI2/output_260525_4365098_7
