==== Job started at: Mon May 25 07:19:59 +04 2026 ====
[Task 6] Waiting for Seis2D_GQG_FWI_4365098 to be built...
[Task 6] Found Seis2D_GQG_FWI_4365098, proceeding.
===== Starting MPI Execution =====
Start time: Mon May 25 07:20:00 +04 2026
Job ID: 4365098, Array task: 6
Nodes: cn-113-[34-35],cn-115-5,cn-117-[2-4]
CPUs per task: 52
Memory per node: Not specified
----------------------------------
 n_process           6
 Build mode   : RELEASE
                                                       
       ************************************************
       *                                              *
       * 2D/2.5D frequency-domain seismic wave model- *
       * ing  in  arbitrary  anisotropic viscoelastic *
       * media with GQG approach and multiparameter FWI *
       ************************************************
 MainInput file
 /home/USER/Models/Marmousi_VTI_2/Main_synth_Marmousi_TI_4000_20m_
 sig4_v800_6.inp
 InitInput file
 /home/USER/Models/Marmousi_VTI_2/Init_VTI_Marmousi_TI_4400_20m_si
 g4_v800_1d.inp
 ---- (1) working-job definition ----------------
lambda_min:         102.2222
Element spacing:  DX=   51.00  DZ=   51.00
NORD (points/elem)= 5
Required Nodal spacing:    =    0.00  Actual Nodal spacing=   12.75
PPW_x=   8.017  PPW_z=   8.017
Required PPW =  5.0 (on lambda_min)
 Sampling OK (PPW >= required).
 InitInputQ file
 /home/USER/Models/Marmousi_VTI_2/InitQ_VTI_Marmousi_TI_4400_20m_s
 ig4_v800_1d.inp
 ------------------------ TOPOGRAPHY DATA  --------------------------           
  
 
XMIN =      0.00 XMAX =   4400.00 ZMIN =      0.00 ZMAX =      0.00
   
       (4) anisotropic model
 MODEL PARAMETERS LOADED
       (5) data acquisition mode
 beta for hess  1.000000000000000E-003
 beta for hess  1.000000000000000E-003
 beta for hess  1.000000000000000E-003
 beta for hess  1.000000000000000E-003
 INITIAL INPUT LOADING COMPLETE
 beta for hess  1.000000000000000E-003
 beta for hess  1.000000000000000E-003
 param_scale_raw(IA=  1) =  2.62700E+03
 param_scale_raw(IA=  2) =  6.89400E+10
 param_scale_raw(IA=  3) =  2.34760E+10
 param_scale_raw(IA=  4) =  5.80300E+10
 param_scale_raw(IA=  5) =  1.93200E+10
 param_scale_raw(IA=  6) =  1.19160E+10
 param_scale_raw(IA=  7) =  2.14808E+02
 param_scale_raw(IA=  8) =  2.44557E+02
 param_scale_raw(IA=  9) =  2.35000E+02
 param_scale_raw(IA= 10) =  1.35595E+02
 param_scale_raw(IA= 11) =  1.23944E+02
 --- Building single global mesh for all bands (NORD=           5 , DX=
   51.0000000000000      , DZ=   51.0000000000000      )  FREQ_MESH=
   9.00000000000000     
 Max source burial for GQG mask (m) =   0.000000000000000E+000
 IZ for GQG mesh =            0
Original XMIN =      0.000
 Original XMAX =   4400.000
Original ZMIN =  -2500.000
 Original ZMAX =      0.000
  
 
actual absorb. zone=      1540.98m  cells=   30
Adjusted XMIN =  -1530.000  XMAX =   5930.000
Adjusted ZMIN =  -4030.000
Computed NX, NZ  (COARSE grid) =      147       80 NBLOCK (elements) =    11534
Computed NNX, NNZ (GQG) =      585      317 NPT (grid pts) =   185445
 
calling ShiftCoordinates for FREQ   9.00
       Shifted X_range:        -3730.0000          3730.0000
       Shifted Z_range:            0.0000          4030.0000
 
calling GQG_2D for FREQ   9.00
Data weighting computed for frequency 4607182418800017373
Data weighting computed for frequency 4607182418800017373
Data weighting computed for frequency 4607182418800017373
Data weighting computed for frequency 4607182418800017373
Data weighting computed for frequency 4607182418800017373
 GQG grid created
 --- SHIFT/MAP CHECK (53) ---
XM first,last =     -2200.0000     2200.0000
ZM first 10:
   1.530000E+03   1.550000E+03   1.570000E+03   1.590000E+03   1.610000E+03   1.630000E+03   1.650000E+03   1.670000E+03   1.690000E+03   1.710000E+03
XSR,ZSR first 10:
   1     -1960.0000      4030.0000
   2     -1760.0000      4030.0000
   3     -1560.0000      4030.0000
   4     -1360.0000      4030.0000
   5     -1160.0000      4030.0000
   6      -960.0000      4030.0000
   7      -760.0000      4030.0000
   8      -560.0000      4030.0000
   9      -360.0000      4030.0000
  10      -160.0000      4030.0000
MSR(1) =      8
MSR1(1,:) first 10:
    44062    44063    44379    44380    44696    44697    45013    45014
FSR(1,:) first 10:
   1.161652E-01   1.516380E-01   1.478479E-01   2.570689E-01   9.152785E-02   1.061466E-01   6.272416E-02   6.688134E-02
SIG(1) 920.0000000000000 FREQ2 9.000000000000000
       Min.wavel.:      102.22  Min.subd.=
IE0, IZ 30 0
 --------- Frequency   3.05000000000000       (band            1 )
[ComputeAcqWeight] empty acq_weight_file, using uniform weights = 1.0
Data weighting computed for frequency 4607182418800017373
XSRmin, XSRmax, ZSRmin, ZSRMax -1960.000000000000 .000000000000000 2050.000000000000 4030.000000000000
1 FKYC
1.2 FKYC
my_rank, FKYC,WLMAX, RMAX 0 .2499615024377965E-01 1679.599604866482 2786.036611389018
1.1 NK
NK in cky2= 55

  Number of wavenumber samples (NK) for FREQ =   55
  RMAX = 2786.04
--- Pre-solver preview (memory + RHS workload) ---
   GQG dims: NNX=       585  NNZ=       317  NPT=    185445
   DOF:     N=3*NPT =    556335
   Sources: NSR=       100  NSS=        20  NK=        55
   RHS total (per IK): nrhs_tot=3*NSS =        60
   Batch:    MAX_RHS_BATCH=        32  nbatches=         2
   GFMY  (GFX+GFY+GFZ):         13.679 GB
   RHS_MY(rhs+sol buffers):      0.531 GB
 
 running run_ik_loop_pardiso
before CA | VmRSS=  13.849 GB  VmHWM=  13.849 GB
after CA | VmRSS=  16.248 GB  VmHWM=  20.253 GB
after factor | VmRSS=  20.176 GB  VmHWM=  20.253 GB
f=     3.050 Hz | ky=  0.454475E-03 | IK=       1/      55 | t=   17.277700 s | CA=  2.4848 | fact= 12.8848 | GF=  1.9079 | solve=  1.7513 | scatter=  0.0540
f=     3.050 Hz | ky=  0.908951E-03 | IK=       2/      55 | t=    6.889100 s | CA=  2.5920 | fact=  2.4924 | GF=  1.8047 | solve=  1.6820 | scatter=  0.0510
f=     3.050 Hz | ky=  0.136343E-02 | IK=       3/      55 | t=    6.934800 s | CA=  2.6167 | fact=  2.5219 | GF=  1.7961 | solve=  1.6736 | scatter=  0.0505
f=     3.050 Hz | ky=  0.181790E-02 | IK=       4/      55 | t=    6.966100 s | CA=  2.6289 | fact=  2.5251 | GF=  1.8121 | solve=  1.6859 | scatter=  0.0543
f=     3.050 Hz | ky=  0.227238E-02 | IK=       5/      55 | t=    6.887300 s | CA=  2.5798 | fact=  2.5085 | GF=  1.7989 | solve=  1.6740 | scatter=  0.0528
f=     3.050 Hz | ky=  0.272685E-02 | IK=       6/      55 | t=    6.927100 s | CA=  2.6092 | fact=  2.5137 | GF=  1.8042 | solve=  1.6788 | scatter=  0.0529
f=     3.050 Hz | ky=  0.318133E-02 | IK=       7/      55 | t=    6.899300 s | CA=  2.5807 | fact=  2.5176 | GF=  1.8009 | solve=  1.6765 | scatter=  0.0521
f=     3.050 Hz | ky=  0.363580E-02 | IK=       8/      55 | t=    6.913700 s | CA=  2.6010 | fact=  2.5108 | GF=  1.8019 | solve=  1.6770 | scatter=  0.0525
f=     3.050 Hz | ky=  0.409028E-02 | IK=       9/      55 | t=    6.922700 s | CA=  2.6072 | fact=  2.5117 | GF=  1.8038 | solve=  1.6788 | scatter=  0.0531
f=     3.050 Hz | ky=  0.454475E-02 | IK=      10/      55 | t=    6.909700 s | CA=  2.6065 | fact=  2.4997 | GF=  1.8034 | solve=  1.6803 | scatter=  0.0511
PARDISO mem (f=  3.05 Hz): sym=  1.95 GB  perm=  1.42 GB  num=  3.22 GB  
peak=  4.64 GB
t_global   =    118.911 s
TIME for 1st forward modeling =  1.956075032552083  min
TIME for GT0 =  .5226666728655498E-02  min
Data scaler W for L2 norm: 56656229808913.63
Data scaler W for WQS norm: .3395193265742062E-312
Total number of active inversion parameters for current sequential stage (IM):          1
Total model blocks points (NM = IM * NBLOCK):      11534 on grid (NMM = IM * NPT):    185445
 Gradient balance ():   1.00000000000000        1.00000000000000     
   1.00000000000000        1.00000000000000        1.00000000000000     
   1.00000000000000        1.00000000000000        1.00000000000000     
   1.00000000000000        1.00000000000000        1.00000000000000     
 IE0, IZ          30           0
 IE0, IZ, GZ1, GZ2 =           30           0   100.000000000000     
   300.000000000000     
  
 Frequency:           1 Iteration:           1
--- Pre-solver preview (memory + RHS workload) ---
   GQG dims: NNX=       585  NNZ=       317  NPT=    185445
   DOF:     N=3*NPT =    556335
   Sources: NSR=       100  NSS=       100  NK=        55
   RHS total (per IK): nrhs_tot=3*NSS =       300
   Batch:    MAX_RHS_BATCH=        32  nbatches=        10
   GFMY  (GFX+GFY+GFZ):         68.393 GB
   RHS_MY(rhs+sol buffers):      0.531 GB
 
 running run_ik_loop_pardiso
before CA | VmRSS=  69.738 GB  VmHWM=  69.738 GB
after CA | VmRSS=  71.749 GB  VmHWM=  75.738 GB
after factor | VmRSS=  75.607 GB  VmHWM=  75.738 GB
f=     3.050 Hz | ky=  0.454475E-03 | IK=       1/      55 | t=   24.284300 s | CA=  2.5162 | fact= 12.7974 | GF=  8.9705 | solve=  8.1916 | scatter=  0.3809
f=     3.050 Hz | ky=  0.908951E-03 | IK=       2/      55 | t=   13.785700 s | CA=  2.5340 | fact=  2.5035 | GF=  8.7482 | solve=  8.1243 | scatter=  0.2538
f=     3.050 Hz | ky=  0.136343E-02 | IK=       3/      55 | t=   13.822800 s | CA=  2.5803 | fact=  2.5041 | GF=  8.7384 | solve=  8.1166 | scatter=  0.2515
f=     3.050 Hz | ky=  0.181790E-02 | IK=       4/      55 | t=   13.880200 s | CA=  2.6233 | fact=  2.5158 | GF=  8.7411 | solve=  8.1201 | scatter=  0.2501
f=     3.050 Hz | ky=  0.227238E-02 | IK=       5/      55 | t=   13.444300 s | CA=  2.5490 | fact=  2.5034 | GF=  8.3918 | solve=  7.7661 | scatter=  0.2536
f=     3.050 Hz | ky=  0.272685E-02 | IK=       6/      55 | t=   13.343600 s | CA=  2.5934 | fact=  2.5534 | GF=  8.1968 | solve=  7.5649 | scatter=  0.2593
f=     3.050 Hz | ky=  0.318133E-02 | IK=       7/      55 | t=   13.363300 s | CA=  2.6226 | fact=  2.5415 | GF=  8.1992 | solve=  7.5706 | scatter=  0.2557
f=     3.050 Hz | ky=  0.363580E-02 | IK=       8/      55 | t=   13.262400 s | CA=  2.5587 | fact=  2.5111 | GF=  8.1925 | solve=  7.5677 | scatter=  0.2523
f=     3.050 Hz | ky=  0.409028E-02 | IK=       9/      55 | t=   13.264500 s | CA=  2.5127 | fact=  2.5365 | GF=  8.2153 | solve=  7.5898 | scatter=  0.2526
f=     3.050 Hz | ky=  0.454475E-02 | IK=      10/      55 | t=   13.284600 s | CA=  2.5423 | fact=  2.5518 | GF=  8.1904 | solve=  7.5645 | scatter=  0.2528
PARDISO mem (f=  3.05 Hz): sym=  1.95 GB  perm=  1.42 GB  num=  3.22 GB  
peak=  4.64 GB
t_global   =    330.542 s
TIME for 2d forward modeling_i calc =  5.508463541666667 min
Rank    4 -> ID range:   3201 to   4000 | Tasks:    800
Rank    5 -> ID range:   4001 to   4800 | Tasks:    800
Rank    2 -> ID range:   1601 to   2400 | Tasks:    800
Rank    3 -> ID range:   2401 to   3200 | Tasks:    800
Rank    1 -> ID range:    801 to   1600 | Tasks:    800
  
 -------------- calculate Frechet derivatives -----------
 IFREQ =           1    ITERATION =           1
Frechet memory size Frec_my:      0.825 (Gb)
Rank    0 -> ID range:      1 to    800 | Tasks:    800
FREQ:      3.0 Hz, ITER=       1  Frechet Derivative ID=     100/    4800 Finished   0.214100 s
FREQ:      3.0 Hz, ITER=       1  Frechet Derivative ID=     200/    4800 Finished   0.214600 s
FREQ:      3.0 Hz, ITER=       1  Frechet Derivative ID=     300/    4800 Finished   0.213000 s
FREQ:      3.0 Hz, ITER=       1  Frechet Derivative ID=     400/    4800 Finished   0.198200 s
FREQ:      3.0 Hz, ITER=       1  Frechet Derivative ID=     500/    4800 Finished   0.213800 s
FREQ:      3.0 Hz, ITER=       1  Frechet Derivative ID=     600/    4800 Finished   0.213400 s
FREQ:      3.0 Hz, ITER=       1  Frechet Derivative ID=     700/    4800 Finished   0.221100 s
FREQ:      3.0 Hz, ITER=       1  Frechet Derivative ID=     800/    4800 Finished   0.209500 s
||Frechet||_F=  1.4498E-19max|Frechet|=  4.6085E-24
||Frechet||_F=  1.4498E-19max|Frechet|=  4.6085E-24
||Frechet||_F=  1.4498E-19max|Frechet|=  4.6085E-24
||Frechet||_F=  1.4498E-19max|Frechet|=  4.6085E-24
||Frechet||_F=  1.4498E-19max|Frechet|=  4.6085E-24
 
TIME for Frechet calc =  2.983321634928386 min
 
||Frechet||_F=  1.4498E-19max|Frechet|=  4.6085E-24
IA=  6  max|F|= 2.61101E-10  rms|F|= 8.37321E-13  F_SCALE(Inf)= 3.82994E+09  F_SCALE_L2= 1.19428E+12
m_fine: min=  1.8490E+09  max=  1.1916E+10  mean=  7.9498E+09  ||.||2=  3.8605E+12  size=  185445
m_coarse_prev: min=  1.8538E+09  max=  1.1916E+10  mean=  7.9531E+09  ||.||2=  9.6287E+11  size=   11534
 
  compute the residual and the cost function
 WD_amp= 5.66562E+13  RESID_RMS= 3.48171E-02  FCOST_DATA= 6.06116E-04  FCOST0= 6.06116E-04
IA=  6  H(single F0) min= 0.00000E+00  max= 9.01983E-04
IA=  6  H(F0^2)     min= 0.00000E+00  max= 9.01983E-04
HESSD: ia=   6  min= 0.00000E+00  max= 1.10848E+06
IA=  6  H(single F0) min= 0.00000E+00  max= 9.01983E-04
IA=  6  H(F0^2)     min= 0.00000E+00  max= 9.01983E-04
HESSD: ia=   6  min= 0.00000E+00  max= 1.10848E+06
IA=  6  H(single F0) min= 0.00000E+00  max= 9.01983E-04
IA=  6  H(F0^2)     min= 0.00000E+00  max= 9.01983E-04
HESSD: ia=   6  min= 0.00000E+00  max= 1.10848E+06
IA=  6  H(single F0) min= 0.00000E+00  max= 9.01983E-04
IA=  6  H(F0^2)     min= 0.00000E+00  max= 9.01983E-04
HESSD: ia=   6  min= 0.00000E+00  max= 1.10848E+06
IA=  6  H(single F0) min= 0.00000E+00  max= 9.01983E-04
IA=  6  H(F0^2)     min= 0.00000E+00  max= 9.01983E-04
HESSD: ia=   6  min= 0.00000E+00  max= 1.10848E+06
IA=  6  H(single F0) min= 0.00000E+00  max= 9.01983E-04
IA=  6  H(F0^2)     min= 0.00000E+00  max= 9.01983E-04
HESSD: ia=   6  min= 0.00000E+00  max= 1.10848E+06
Grad block   6 GRAD_SCALED MORM =   4.0788E-04
Raw grad block  6  PAR={C66}  min= -1.3560E-14  max=  1.4590E-14  L2=  1.1262E-13
Gradient finished
Start LBFGS 
LBFGS steepest step , iter=      1
  g·p = -1.7727E-03  ||p|| =  2.6385E+01
  min(p)= -2.0715E+00  max(p)=  1.4154E+00
LBFGS p_k (unscaled) stats per active parameter:
  IA=  6  PAR={C66}  min=-7.93384E+09  max= 5.42096E+09  L2= 1.01052E+11
min(p_k)= -2.0715E+00  max(p_k)=  1.4154E+00  ||p_k||=  2.6385E+01
min(p_kf)= -2.0715E+00  max(p_kf)=  1.4154E+00  ||p_kf||=  1.0554E+02
p_k/p_kf  =   2.5000E-01
Start linesearch
BT entry: phi(0)=  6.0612E-04  g·p(0)= -1.7727E-03
 UPDATEPARAMETER: f-scale only
UPDATEPARAMETER PAR_STEP min/max, V_STEP min/max = -2.1605343440E+09  1.3655113592E+10
 -2.1605343440E+09  1.3655113592E+10
REL STEP elastic: k=  6 row=  6 rmax_k=  2.0786E+00 row_scale=  1.1916E+10
BT cap probe: rmax1=  2.0786E+00  alpha_cap=  2.4054E-01  alpha00=  1.0000E+00
 UPDATEPARAMETER: f-scale only
UPDATEPARAMETER PAR_STEP min/max, V_STEP min/max =  1.0015000000E+09  1.2001731438E+10
  1.0015000000E+09  1.2001731438E+10
 running run_ik_loop_pardiso
before CA | VmRSS=  15.178 GB  VmHWM=  81.081 GB
after CA | VmRSS=  17.290 GB  VmHWM=  81.081 GB
after factor | VmRSS=  21.077 GB  VmHWM=  81.081 GB
f=     3.050 Hz | ky=  0.454475E-03 | IK=       1/      55 | t=   17.267200 s | CA=  2.5281 | fact= 12.8308 | GF=  1.9081 | solve=  1.7531 | scatter=  0.0522
f=     3.050 Hz | ky=  0.908951E-03 | IK=       2/      55 | t=    6.866700 s | CA=  2.5617 | fact=  2.5055 | GF=  1.7995 | solve=  1.6752 | scatter=  0.0521
f=     3.050 Hz | ky=  0.136343E-02 | IK=       3/      55 | t=    6.871700 s | CA=  2.5502 | fact=  2.5117 | GF=  1.8097 | solve=  1.6844 | scatter=  0.0531
f=     3.050 Hz | ky=  0.181790E-02 | IK=       4/      55 | t=    6.887900 s | CA=  2.5844 | fact=  2.4975 | GF=  1.8060 | solve=  1.6822 | scatter=  0.0515
f=     3.050 Hz | ky=  0.227238E-02 | IK=       5/      55 | t=    6.894400 s | CA=  2.5706 | fact=  2.5220 | GF=  1.8018 | solve=  1.6768 | scatter=  0.0529
f=     3.050 Hz | ky=  0.272685E-02 | IK=       6/      55 | t=    6.910300 s | CA=  2.5783 | fact=  2.5240 | GF=  1.8080 | solve=  1.6837 | scatter=  0.0524
f=     3.050 Hz | ky=  0.318133E-02 | IK=       7/      55 | t=    6.853600 s | CA=  2.5304 | fact=  2.5239 | GF=  1.7993 | solve=  1.6747 | scatter=  0.0526
f=     3.050 Hz | ky=  0.363580E-02 | IK=       8/      55 | t=    6.924000 s | CA=  2.6173 | fact=  2.5037 | GF=  1.8029 | solve=  1.6787 | scatter=  0.0523
f=     3.050 Hz | ky=  0.409028E-02 | IK=       9/      55 | t=    6.847000 s | CA=  2.5287 | fact=  2.5130 | GF=  1.8053 | solve=  1.6816 | scatter=  0.0517
f=     3.050 Hz | ky=  0.454475E-02 | IK=      10/      55 | t=    6.873300 s | CA=  2.5411 | fact=  2.5284 | GF=  1.8038 | solve=  1.6790 | scatter=  0.0528
PARDISO mem (f=  3.05 Hz): sym=  1.95 GB  perm=  1.42 GB  num=  3.22 GB  
peak=  4.64 GB
 WD_amp= 5.66562E+13  RESID_RMS= 4.71869E-02  FCOST_DATA= 1.11330E-03  FCOST0= 1.11330E-03
BT: alpha=  2.4054E-01  phi=  1.1133E-03  rhs=  6.0607E-04
 UPDATEPARAMETER: f-scale only
UPDATEPARAMETER PAR_STEP min/max, V_STEP min/max =  1.5022500000E+09  1.1958865719E+10
  1.5022500000E+09  1.1958865719E+10
 running run_ik_loop_pardiso
before CA | VmRSS=  16.229 GB  VmHWM=  81.081 GB
after CA | VmRSS=  17.629 GB  VmHWM=  81.081 GB
after factor | VmRSS=  21.387 GB  VmHWM=  81.081 GB
f=     3.050 Hz | ky=  0.454475E-03 | IK=       1/      55 | t=   17.226300 s | CA=  2.5279 | fact= 12.7994 | GF=  1.8988 | solve=  1.7442 | scatter=  0.0523
f=     3.050 Hz | ky=  0.908951E-03 | IK=       2/      55 | t=    6.896500 s | CA=  2.5836 | fact=  2.5138 | GF=  1.7991 | solve=  1.6767 | scatter=  0.0505
f=     3.050 Hz | ky=  0.136343E-02 | IK=       3/      55 | t=    6.827300 s | CA=  2.5207 | fact=  2.5074 | GF=  1.7991 | solve=  1.6748 | scatter=  0.0526
f=     3.050 Hz | ky=  0.181790E-02 | IK=       4/      55 | t=    6.929100 s | CA=  2.6080 | fact=  2.5247 | GF=  1.7964 | solve=  1.6712 | scatter=  0.0534
f=     3.050 Hz | ky=  0.227238E-02 | IK=       5/      55 | t=    6.872500 s | CA=  2.5510 | fact=  2.5236 | GF=  1.7979 | solve=  1.6730 | scatter=  0.0531
f=     3.050 Hz | ky=  0.272685E-02 | IK=       6/      55 | t=    6.866700 s | CA=  2.5681 | fact=  2.5130 | GF=  1.7855 | solve=  1.6616 | scatter=  0.0520
f=     3.050 Hz | ky=  0.318133E-02 | IK=       7/      55 | t=    6.827900 s | CA=  2.5568 | fact=  2.5226 | GF=  1.7484 | solve=  1.6236 | scatter=  0.0528
f=     3.050 Hz | ky=  0.363580E-02 | IK=       8/      55 | t=    6.819100 s | CA=  2.5583 | fact=  2.5329 | GF=  1.7279 | solve=  1.6037 | scatter=  0.0521
f=     3.050 Hz | ky=  0.409028E-02 | IK=       9/      55 | t=    6.778200 s | CA=  2.5255 | fact=  2.5286 | GF=  1.7241 | solve=  1.5989 | scatter=  0.0534
f=     3.050 Hz | ky=  0.454475E-02 | IK=      10/      55 | t=    6.784300 s | CA=  2.5253 | fact=  2.5353 | GF=  1.7237 | solve=  1.6000 | scatter=  0.0518
PARDISO mem (f=  3.05 Hz): sym=  1.95 GB  perm=  1.42 GB  num=  3.22 GB  
peak=  4.64 GB
 WD_amp= 5.66562E+13  RESID_RMS= 3.85453E-02  FCOST_DATA= 7.42869E-04  FCOST0= 7.42869E-04
BT: alpha=  1.2027E-01  phi=  7.4287E-04  rhs=  6.0609E-04
 UPDATEPARAMETER: f-scale only
UPDATEPARAMETER PAR_STEP min/max, V_STEP min/max =  1.7526250000E+09  1.1937432860E+10
  1.7526250000E+09  1.1937432860E+10
 running run_ik_loop_pardiso
before CA | VmRSS=  16.219 GB  VmHWM=  81.081 GB
after CA | VmRSS=  16.972 GB  VmHWM=  81.081 GB
after factor | VmRSS=  20.735 GB  VmHWM=  81.081 GB
f=     3.050 Hz | ky=  0.454475E-03 | IK=       1/      55 | t=   17.134100 s | CA=  2.4705 | fact= 12.7692 | GF=  1.8943 | solve=  1.7412 | scatter=  0.0513
f=     3.050 Hz | ky=  0.908951E-03 | IK=       2/      55 | t=    6.873400 s | CA=  2.5544 | fact=  2.5255 | GF=  1.7935 | solve=  1.6699 | scatter=  0.0519
f=     3.050 Hz | ky=  0.136343E-02 | IK=       3/      55 | t=    6.812100 s | CA=  2.5386 | fact=  2.4790 | GF=  1.7944 | solve=  1.6703 | scatter=  0.0522
f=     3.050 Hz | ky=  0.181790E-02 | IK=       4/      55 | t=    6.889400 s | CA=  2.5874 | fact=  2.4764 | GF=  1.8255 | solve=  1.7007 | scatter=  0.0527
f=     3.050 Hz | ky=  0.227238E-02 | IK=       5/      55 | t=    6.849300 s | CA=  2.5506 | fact=  2.5001 | GF=  1.7985 | solve=  1.6740 | scatter=  0.0527
f=     3.050 Hz | ky=  0.272685E-02 | IK=       6/      55 | t=    6.881800 s | CA=  2.5611 | fact=  2.5188 | GF=  1.8019 | solve=  1.6778 | scatter=  0.0522
f=     3.050 Hz | ky=  0.318133E-02 | IK=       7/      55 | t=    6.880600 s | CA=  2.5516 | fact=  2.5228 | GF=  1.8061 | solve=  1.6811 | scatter=  0.0529
f=     3.050 Hz | ky=  0.363580E-02 | IK=       8/      55 | t=    6.833700 s | CA=  2.5625 | fact=  2.4681 | GF=  1.8031 | solve=  1.6787 | scatter=  0.0524
f=     3.050 Hz | ky=  0.409028E-02 | IK=       9/      55 | t=    6.892300 s | CA=  2.5509 | fact=  2.5340 | GF=  1.8074 | solve=  1.6828 | scatter=  0.0526
f=     3.050 Hz | ky=  0.454475E-02 | IK=      10/      55 | t=    6.904500 s | CA=  2.5649 | fact=  2.5367 | GF=  1.8028 | solve=  1.6784 | scatter=  0.0523
PARDISO mem (f=  3.05 Hz): sym=  1.95 GB  perm=  1.42 GB  num=  3.22 GB  
peak=  4.64 GB
 WD_amp= 5.66562E+13  RESID_RMS= 3.56122E-02  FCOST_DATA= 6.34114E-04  FCOST0= 6.34114E-04
BT: alpha=  6.0135E-02  phi=  6.3411E-04  rhs=  6.0611E-04
 UPDATEPARAMETER: f-scale only
UPDATEPARAMETER PAR_STEP min/max, V_STEP min/max =  1.8490000000E+09  1.1926716430E+10
  1.8490000000E+09  1.1926716430E+10
 running run_ik_loop_pardiso
before CA | VmRSS=  16.336 GB  VmHWM=  81.081 GB
after CA | VmRSS=  17.133 GB  VmHWM=  81.081 GB
after factor | VmRSS=  20.895 GB  VmHWM=  81.081 GB
f=     3.050 Hz | ky=  0.454475E-03 | IK=       1/      55 | t=   17.177900 s | CA=  2.4975 | fact= 12.7830 | GF=  1.8972 | solve=  1.7450 | scatter=  0.0503
f=     3.050 Hz | ky=  0.908951E-03 | IK=       2/      55 | t=    6.824000 s | CA=  2.5430 | fact=  2.4783 | GF=  1.8027 | solve=  1.6787 | scatter=  0.0520
f=     3.050 Hz | ky=  0.136343E-02 | IK=       3/      55 | t=    6.858100 s | CA=  2.5397 | fact=  2.5220 | GF=  1.7964 | solve=  1.6711 | scatter=  0.0535
f=     3.050 Hz | ky=  0.181790E-02 | IK=       4/      55 | t=    6.851700 s | CA=  2.5306 | fact=  2.5224 | GF=  1.7986 | solve=  1.6733 | scatter=  0.0534
f=     3.050 Hz | ky=  0.227238E-02 | IK=       5/      55 | t=    6.897600 s | CA=  2.5773 | fact=  2.5244 | GF=  1.7959 | solve=  1.6725 | scatter=  0.0516
f=     3.050 Hz | ky=  0.272685E-02 | IK=       6/      55 | t=    6.910800 s | CA=  2.5697 | fact=  2.5370 | GF=  1.8040 | solve=  1.6785 | scatter=  0.0537
f=     3.050 Hz | ky=  0.318133E-02 | IK=       7/      55 | t=    6.878500 s | CA=  2.5576 | fact=  2.5222 | GF=  1.7987 | solve=  1.6748 | scatter=  0.0520
f=     3.050 Hz | ky=  0.363580E-02 | IK=       8/      55 | t=    6.866400 s | CA=  2.5338 | fact=  2.5329 | GF=  1.7997 | solve=  1.6756 | scatter=  0.0518
f=     3.050 Hz | ky=  0.409028E-02 | IK=       9/      55 | t=    6.919000 s | CA=  2.5628 | fact=  2.5527 | GF=  1.8034 | solve=  1.6785 | scatter=  0.0528
f=     3.050 Hz | ky=  0.454475E-02 | IK=      10/      55 | t=    6.889400 s | CA=  2.5425 | fact=  2.5458 | GF=  1.8010 | solve=  1.6771 | scatter=  0.0512
PARDISO mem (f=  3.05 Hz): sym=  1.95 GB  perm=  1.42 GB  num=  3.22 GB  
peak=  4.64 GB
 WD_amp= 5.66562E+13  RESID_RMS= 3.49115E-02  FCOST_DATA= 6.09405E-04  FCOST0= 6.09405E-04
BT: alpha=  3.0068E-02  phi=  6.0940E-04  rhs=  6.0611E-04
 UPDATEPARAMETER: f-scale only
UPDATEPARAMETER PAR_STEP min/max, V_STEP min/max =  1.8490000000E+09  1.1921358215E+10
  1.8490000000E+09  1.1921358215E+10
 running run_ik_loop_pardiso
before CA | VmRSS=  16.237 GB  VmHWM=  81.081 GB
after CA | VmRSS=  17.722 GB  VmHWM=  81.081 GB
after factor | VmRSS=  21.482 GB  VmHWM=  81.081 GB
f=     3.050 Hz | ky=  0.454475E-03 | IK=       1/      55 | t=   17.184000 s | CA=  2.4795 | fact= 12.8005 | GF=  1.9038 | solve=  1.7505 | scatter=  0.0515
f=     3.050 Hz | ky=  0.908951E-03 | IK=       2/      55 | t=    6.876800 s | CA=  2.5681 | fact=  2.5116 | GF=  1.7971 | solve=  1.6728 | scatter=  0.0524
f=     3.050 Hz | ky=  0.136343E-02 | IK=       3/      55 | t=    6.906100 s | CA=  2.5706 | fact=  2.5339 | GF=  1.8016 | solve=  1.6786 | scatter=  0.0511
f=     3.050 Hz | ky=  0.181790E-02 | IK=       4/      55 | t=    6.951600 s | CA=  2.6322 | fact=  2.5162 | GF=  1.8031 | solve=  1.6776 | scatter=  0.0536
f=     3.050 Hz | ky=  0.227238E-02 | IK=       5/      55 | t=    6.895800 s | CA=  2.5434 | fact=  2.5424 | GF=  1.8100 | solve=  1.6849 | scatter=  0.0527
f=     3.050 Hz | ky=  0.272685E-02 | IK=       6/      55 | t=    6.888400 s | CA=  2.5612 | fact=  2.5251 | GF=  1.8021 | solve=  1.6786 | scatter=  0.0515
f=     3.050 Hz | ky=  0.318133E-02 | IK=       7/      55 | t=    6.905400 s | CA=  2.5789 | fact=  2.5186 | GF=  1.8079 | solve=  1.6826 | scatter=  0.0533
f=     3.050 Hz | ky=  0.363580E-02 | IK=       8/      55 | t=    6.904900 s | CA=  2.5788 | fact=  2.5262 | GF=  1.7999 | solve=  1.6765 | scatter=  0.0515
f=     3.050 Hz | ky=  0.409028E-02 | IK=       9/      55 | t=    6.927900 s | CA=  2.5830 | fact=  2.5114 | GF=  1.8334 | solve=  1.7101 | scatter=  0.0514
f=     3.050 Hz | ky=  0.454475E-02 | IK=      10/      55 | t=    6.882600 s | CA=  2.5418 | fact=  2.5349 | GF=  1.8058 | solve=  1.6806 | scatter=  0.0533
PARDISO mem (f=  3.05 Hz): sym=  1.95 GB  perm=  1.42 GB  num=  3.22 GB  
peak=  4.64 GB
  
 WD_amp= 5.66562E+13  RESID_RMS= 3.47888E-02  FCOST_DATA= 6.05132E-04  FCOST0= 6.05132E-04
  
BT: alpha=  1.5034E-02  phi=  6.0513E-04  rhs=  6.0611E-04
  
  
  
Convergence reached, updating parameter grid
ALPHA from line search =  .1503380177233849E-01
 FCOST0 after linesearch  6.051319459456159E-004
Norm of s (s_norm) =  .3966641446863303
  
Time for LBFGS =  9.599656168619791 min
  
 Frequency:           1 Iteration:           2
t_global   =    333.189 s
  
 -------------- calculate Frechet derivatives -----------
 IFREQ =           1    ITERATION =           2
||Frechet||_F=  1.4518E-19max|Frechet|=  4.6056E-24
||Frechet||_F=  1.4518E-19max|Frechet|=  4.6056E-24
||Frechet||_F=  1.4518E-19max|Frechet|=  4.6056E-24
||Frechet||_F=  1.4518E-19max|Frechet|=  4.6056E-24
||Frechet||_F=  1.4518E-19max|Frechet|=  4.6056E-24
 
TIME for Frechet calc =  2.994849904378255 min
 
 
  compute the residual and the cost function
 WD_amp= 5.66562E+13  RESID_RMS= 3.47888E-02  FCOST_DATA= 6.05132E-04  FCOST0= 6.05132E-04
||Frechet||_F=  1.4518E-19max|Frechet|=  4.6056E-24
Grad block   6 GRAD_SCALED MORM =   4.0509E-04
Raw grad block  6  PAR={C66}  min= -1.3088E-14  max=  1.4359E-14  L2=  1.1198E-13
Gradient finished
Start LBFGS 
curvature (warm): s·y=  2.8951E-07  ||s||^2=  1.5734E-01  ||y||^2=  3.0047E-10  sTy_min=  6.8758E-07
   -> restart: insufficient/invalid curvature
LBFGS steepest step , iter=      2
  g·p = -1.7703E-03  ||p|| =  2.6075E+01
  min(p)= -2.0008E+00  max(p)=  1.3386E+00
LBFGS restart: g·p= -1.7703E-03  ||p||=  2.6075E+01
LBFGS p_k (unscaled) stats per active parameter:
  IA=  6  PAR={C66}  min=-7.66307E+09  max= 5.12688E+09  L2= 9.98646E+10
min(p_k)= -2.0008E+00  max(p_k)=  1.3386E+00  ||p_k||=  2.6075E+01
min(p_kf)= -2.0008E+00  max(p_kf)=  1.3386E+00  ||p_kf||=  1.0430E+02
p_k/p_kf  =   2.5000E-01
Start linesearch
MT entry: phi(0)=  6.0513E-04  dg0= -1.7703E-03  alpha0=  1.0000E+00
 UPDATEPARAMETER: f-scale only
UPDATEPARAMETER PAR_STEP min/max, V_STEP min/max = -2.3411786399E+09  1.3810831747E+10
 -2.3411786399E+09  1.3810831747E+10
 WD_amp= 5.66562E+13  RESID_RMS= 8.91743E-02  FCOST_DATA= 3.97602E-03  FCOST0= 3.97602E-03
  
 -------------- calculate Frechet derivatives -----------
 IFREQ =           1    ITERATION =           2
||Frechet||_F=  6.4510E-18max|Frechet|=  3.7773E-21
||Frechet||_F=  6.4510E-18max|Frechet|=  3.7773E-21
||Frechet||_F=  6.4510E-18max|Frechet|=  3.7773E-21
||Frechet||_F=  6.4510E-18max|Frechet|=  3.7773E-21
||Frechet||_F=  6.4510E-18max|Frechet|=  3.7773E-21
||Frechet||_F=  6.4510E-18max|Frechet|=  3.7773E-21
Grad block   6 GRAD_SCALED MORM =   2.1755E+00
MT try: alpha=  1.0000E+00  phi=  3.9760E-03  dg= -8.0449E+00  dg0= -1.7703E-03
MT try: armijo_rhs=  6.0495E-04  armijo=F  curvature=F  task=FG
 UPDATEPARAMETER: f-scale only
UPDATEPARAMETER PAR_STEP min/max, V_STEP min/max =  1.8490000000E+09  1.1921393656E+10
  1.8490000000E+09  1.1921393656E+10
 WD_amp= 5.66562E+13  RESID_RMS= 3.47890E-02  FCOST_DATA= 6.05136E-04  FCOST0= 6.05136E-04
LS STOP (stagnation): alpha=  1.0986E-04  FCOST1=  6.0514E-04  FCOST0=  6.0513E-04
 LINESEARCH_MT(dcsrch): fallback to backtrack, task=FG stp=
  1.098605571397214E-004  hit_minstep= F
BT entry: phi(0)=  6.0513E-04  g·p(0)= -1.7703E-03
 UPDATEPARAMETER: f-scale only
UPDATEPARAMETER PAR_STEP min/max, V_STEP min/max = -2.3411786399E+09  1.3810831747E+10
 -2.3411786399E+09  1.3810831747E+10
REL STEP elastic: k=  6 row=  6 rmax_k=  2.2065E+00 row_scale=  1.1921E+10
BT cap probe: rmax1=  2.2065E+00  alpha_cap=  2.2660E-01  alpha00=  1.0000E+00
 UPDATEPARAMETER: f-scale only
UPDATEPARAMETER PAR_STEP min/max, V_STEP min/max =  9.7020312500E+08  1.1994459073E+10
  9.7020312500E+08  1.1994459073E+10
 WD_amp= 5.66562E+13  RESID_RMS= 4.75366E-02  FCOST_DATA= 1.12986E-03  FCOST0= 1.12986E-03
BT: alpha=  2.2660E-01  phi=  1.1299E-03  rhs=  6.0509E-04
 UPDATEPARAMETER: f-scale only
UPDATEPARAMETER PAR_STEP min/max, V_STEP min/max =  1.4553046875E+09  1.1957908644E+10
  1.4553046875E+09  1.1957908644E+10
 WD_amp= 5.66562E+13  RESID_RMS= 3.90082E-02  FCOST_DATA= 7.60821E-04  FCOST0= 7.60821E-04
BT: alpha=  1.1330E-01  phi=  7.6082E-04  rhs=  6.0511E-04
 UPDATEPARAMETER: f-scale only
UPDATEPARAMETER PAR_STEP min/max, V_STEP min/max =  1.6978554688E+09  1.1939633430E+10
  1.6978554688E+09  1.1939633430E+10
 WD_amp= 5.66562E+13  RESID_RMS= 3.59749E-02  FCOST_DATA= 6.47098E-04  FCOST0= 6.47098E-04
BT: alpha=  5.6650E-02  phi=  6.4710E-04  rhs=  6.0512E-04
 UPDATEPARAMETER: f-scale only
UPDATEPARAMETER PAR_STEP min/max, V_STEP min/max =  1.8178518514E+09  1.1930495822E+10
  1.8178518514E+09  1.1930495822E+10
 WD_amp= 5.66562E+13  RESID_RMS= 3.51057E-02  FCOST_DATA= 6.16204E-04  FCOST0= 6.16204E-04
BT: alpha=  2.8325E-02  phi=  6.1620E-04  rhs=  6.0513E-04
 UPDATEPARAMETER: f-scale only
UPDATEPARAMETER PAR_STEP min/max, V_STEP min/max =  1.8490000000E+09  1.1925927019E+10
  1.8490000000E+09  1.1925927019E+10
 WD_amp= 5.66562E+13  RESID_RMS= 3.48754E-02  FCOST_DATA= 6.08146E-04  FCOST0= 6.08146E-04
BT: alpha=  1.4162E-02  phi=  6.0815E-04  rhs=  6.0513E-04
 UPDATEPARAMETER: f-scale only
UPDATEPARAMETER PAR_STEP min/max, V_STEP min/max =  1.8490000000E+09  1.1923642617E+10
  1.8490000000E+09  1.1923642617E+10
 WD_amp= 5.66562E+13  RESID_RMS= 3.48141E-02  FCOST_DATA= 6.06010E-04  FCOST0= 6.06010E-04
BT: alpha=  7.0812E-03  phi=  6.0601E-04  rhs=  6.0513E-04
 UPDATEPARAMETER: f-scale only
UPDATEPARAMETER PAR_STEP min/max, V_STEP min/max =  1.8490000000E+09  1.1922500416E+10
  1.8490000000E+09  1.1922500416E+10
 WD_amp= 5.66562E+13  RESID_RMS= 3.47970E-02  FCOST_DATA= 6.05415E-04  FCOST0= 6.05415E-04
BT: alpha=  3.5406E-03  phi=  6.0541E-04  rhs=  6.0513E-04
 UPDATEPARAMETER: f-scale only
UPDATEPARAMETER PAR_STEP min/max, V_STEP min/max =  1.8490000000E+09  1.1921929315E+10
  1.8490000000E+09  1.1921929315E+10
 WD_amp= 5.66562E+13  RESID_RMS= 3.47918E-02  FCOST_DATA= 6.05234E-04  FCOST0= 6.05234E-04
BT: alpha=  1.7703E-03  phi=  6.0523E-04  rhs=  6.0513E-04
 UPDATEPARAMETER: f-scale only
UPDATEPARAMETER PAR_STEP min/max, V_STEP min/max =  1.8490000000E+09  1.1921643765E+10
  1.8490000000E+09  1.1921643765E+10
 WD_amp= 5.66562E+13  RESID_RMS= 3.47900E-02  FCOST_DATA= 6.05173E-04  FCOST0= 6.05173E-04
BT: alpha=  8.8515E-04  phi=  6.0517E-04  rhs=  6.0513E-04
 UPDATEPARAMETER: f-scale only
UPDATEPARAMETER PAR_STEP min/max, V_STEP min/max =  1.8490000000E+09  1.1921500990E+10
  1.8490000000E+09  1.1921500990E+10
 WD_amp= 5.66562E+13  RESID_RMS= 3.47894E-02  FCOST_DATA= 6.05150E-04  FCOST0= 6.05150E-04
BT: alpha=  4.4258E-04  phi=  6.0515E-04  rhs=  6.0513E-04
 UPDATEPARAMETER: f-scale only
UPDATEPARAMETER PAR_STEP min/max, V_STEP min/max =  1.8490000000E+09  1.1921429602E+10
  1.8490000000E+09  1.1921429602E+10
 WD_amp= 5.66562E+13  RESID_RMS= 3.47891E-02  FCOST_DATA= 6.05140E-04  FCOST0= 6.05140E-04
BT: alpha=  2.2129E-04  phi=  6.0514E-04  rhs=  6.0513E-04
 UPDATEPARAMETER: f-scale only
UPDATEPARAMETER PAR_STEP min/max, V_STEP min/max =  1.8490000000E+09  1.1921393909E+10
  1.8490000000E+09  1.1921393909E+10
 WD_amp= 5.66562E+13  RESID_RMS= 3.47890E-02  FCOST_DATA= 6.05136E-04  FCOST0= 6.05136E-04
BT: alpha=  1.1064E-04  phi=  6.0514E-04  rhs=  6.0513E-04
BT STOP (stagnation): alpha=  1.1064E-04  FCOST1=  6.0514E-04  FCOST0=  6.0513E-04
 UPDATEPARAMETER: f-scale only
UPDATEPARAMETER PAR_STEP min/max, V_STEP min/max =  1.8490000000E+09  1.1921361441E+10
  1.8490000000E+09  1.1921361441E+10
 WD_amp= 5.66562E+13  RESID_RMS= 3.47889E-02  FCOST_DATA= 6.05132E-04  FCOST0= 6.05132E-04
 Backtrack: failed after MAX_IT
 Line search failed (IFLAG=          11 ), inversion diverged.
 --------- Frequency   3.30000000000000       (band            1 )
[ComputeAcqWeight] empty acq_weight_file, using uniform weights = 1.0
Data weighting computed for frequency 4607182418800017373
XSRmin, XSRmax, ZSRmin, ZSRMax -1960.000000000000 .000000000000000 2050.000000000000 4030.000000000000
1 FKYC
1.2 FKYC
my_rank, FKYC,WLMAX, RMAX 0 .2704501501785996E-01 1552.357210558415 2786.036611389018
1.1 NK
NK in cky2= 55

  Number of wavenumber samples (NK) for FREQ =   55
Data weighting computed for frequency 4607182418800017373
Data weighting computed for frequency 4607182418800017373
  RMAX = 2786.04
Data weighting computed for frequency 4607182418800017373
Data weighting computed for frequency 4607182418800017373
Data weighting computed for frequency 4607182418800017373
--- Pre-solver preview (memory + RHS workload) ---
   GQG dims: NNX=       585  NNZ=       317  NPT=    185445
   DOF:     N=3*NPT =    556335
   Sources: NSR=       100  NSS=        20  NK=        55
   RHS total (per IK): nrhs_tot=3*NSS =        60
   Batch:    MAX_RHS_BATCH=        32  nbatches=         2
   GFMY  (GFX+GFY+GFZ):         13.679 GB
   RHS_MY(rhs+sol buffers):      0.531 GB
 
 running run_ik_loop_pardiso
before CA | VmRSS=  15.332 GB  VmHWM=  95.027 GB
after CA | VmRSS=  15.943 GB  VmHWM=  95.027 GB
after factor | VmRSS=  19.735 GB  VmHWM=  95.027 GB
f=     3.300 Hz | ky=  0.491728E-03 | IK=       1/      55 | t=   17.205800 s | CA=  2.5033 | fact= 12.7967 | GF=  1.9056 | solve=  1.7502 | scatter=  0.0537
f=     3.300 Hz | ky=  0.983455E-03 | IK=       2/      55 | t=    6.855200 s | CA=  2.5357 | fact=  2.5166 | GF=  1.8029 | solve=  1.6778 | scatter=  0.0532
f=     3.300 Hz | ky=  0.147518E-02 | IK=       3/      55 | t=    6.829700 s | CA=  2.5601 | fact=  2.4688 | GF=  1.8008 | solve=  1.6762 | scatter=  0.0527
f=     3.300 Hz | ky=  0.196691E-02 | IK=       4/      55 | t=    6.890800 s | CA=  2.5643 | fact=  2.5296 | GF=  1.7968 | solve=  1.6742 | scatter=  0.0505
f=     3.300 Hz | ky=  0.245864E-02 | IK=       5/      55 | t=    6.851200 s | CA=  2.5307 | fact=  2.5123 | GF=  1.8081 | solve=  1.6851 | scatter=  0.0513
f=     3.300 Hz | ky=  0.295037E-02 | IK=       6/      55 | t=    6.850000 s | CA=  2.5473 | fact=  2.4986 | GF=  1.8040 | solve=  1.6792 | scatter=  0.0528
f=     3.300 Hz | ky=  0.344209E-02 | IK=       7/      55 | t=    6.852200 s | CA=  2.5357 | fact=  2.5165 | GF=  1.8000 | solve=  1.6764 | scatter=  0.0512
f=     3.300 Hz | ky=  0.393382E-02 | IK=       8/      55 | t=    6.859400 s | CA=  2.5313 | fact=  2.5269 | GF=  1.8012 | solve=  1.6770 | scatter=  0.0522
f=     3.300 Hz | ky=  0.442555E-02 | IK=       9/      55 | t=    6.903700 s | CA=  2.5723 | fact=  2.5183 | GF=  1.8131 | solve=  1.6867 | scatter=  0.0543
f=     3.300 Hz | ky=  0.491728E-02 | IK=      10/      55 | t=    6.890200 s | CA=  2.5658 | fact=  2.5217 | GF=  1.8027 | solve=  1.6786 | scatter=  0.0521
PARDISO mem (f=  3.30 Hz): sym=  1.95 GB  perm=  1.42 GB  num=  3.22 GB  
peak=  4.64 GB
t_global   =    115.814 s
TIME for 1st forward modeling =  1.930178324381510  min
TIME for GT0 =  .5516666670640310E-02  min
Data scaler W for L2 norm: 58592054187033.55
Data scaler W for WQS norm: .3395193265742062E-312
Total number of active inversion parameters for current sequential stage (IM):          1
Total model blocks points (NM = IM * NBLOCK):      11534 on grid (NMM = IM * NPT):    185445
 Gradient balance ():   1.00000000000000        1.00000000000000     
   1.00000000000000        1.00000000000000        1.00000000000000     
   1.00000000000000        1.00000000000000        1.00000000000000     
   1.00000000000000        1.00000000000000        1.00000000000000     
 IE0, IZ          30           0
 IE0, IZ, GZ1, GZ2 =           30           0   100.000000000000     
   300.000000000000     
  
 Frequency:           2 Iteration:           1
--- Pre-solver preview (memory + RHS workload) ---
   GQG dims: NNX=       585  NNZ=       317  NPT=    185445
   DOF:     N=3*NPT =    556335
   Sources: NSR=       100  NSS=       100  NK=        55
   RHS total (per IK): nrhs_tot=3*NSS =       300
   Batch:    MAX_RHS_BATCH=        32  nbatches=        10
   GFMY  (GFX+GFY+GFZ):         68.393 GB
   RHS_MY(rhs+sol buffers):      0.531 GB
 
 running run_ik_loop_pardiso
before CA | VmRSS=  70.984 GB  VmHWM=  95.027 GB
after CA | VmRSS=  72.617 GB  VmHWM=  95.027 GB
after factor | VmRSS=  76.409 GB  VmHWM=  95.027 GB
f=     3.300 Hz | ky=  0.491728E-03 | IK=       1/      55 | t=   24.136000 s | CA=  2.4833 | fact= 12.7977 | GF=  8.8548 | solve=  8.1988 | scatter=  0.2542
f=     3.300 Hz | ky=  0.983455E-03 | IK=       2/      55 | t=   13.828700 s | CA=  2.5311 | fact=  2.5154 | GF=  8.7821 | solve=  8.1556 | scatter=  0.2540
f=     3.300 Hz | ky=  0.147518E-02 | IK=       3/      55 | t=   13.876600 s | CA=  2.5442 | fact=  2.5287 | GF=  8.8037 | solve=  8.1761 | scatter=  0.2546
f=     3.300 Hz | ky=  0.196691E-02 | IK=       4/      55 | t=   13.870200 s | CA=  2.5395 | fact=  2.5372 | GF=  8.7935 | solve=  8.1653 | scatter=  0.2551
f=     3.300 Hz | ky=  0.245864E-02 | IK=       5/      55 | t=   13.908700 s | CA=  2.5586 | fact=  2.5302 | GF=  8.8198 | solve=  8.1949 | scatter=  0.2515
f=     3.300 Hz | ky=  0.295037E-02 | IK=       6/      55 | t=   13.877200 s | CA=  2.5668 | fact=  2.5160 | GF=  8.7943 | solve=  8.1667 | scatter=  0.2548
f=     3.300 Hz | ky=  0.344209E-02 | IK=       7/      55 | t=   13.880600 s | CA=  2.5512 | fact=  2.5219 | GF=  8.8074 | solve=  8.1796 | scatter=  0.2547
f=     3.300 Hz | ky=  0.393382E-02 | IK=       8/      55 | t=   13.892100 s | CA=  2.5893 | fact=  2.5175 | GF=  8.7853 | solve=  8.1590 | scatter=  0.2519
f=     3.300 Hz | ky=  0.442555E-02 | IK=       9/      55 | t=   13.877800 s | CA=  2.5662 | fact=  2.5256 | GF=  8.7859 | solve=  8.1572 | scatter=  0.2544
f=     3.300 Hz | ky=  0.491728E-02 | IK=      10/      55 | t=   13.848100 s | CA=  2.5313 | fact=  2.5183 | GF=  8.7984 | solve=  8.1698 | scatter=  0.2546
PARDISO mem (f=  3.30 Hz): sym=  1.95 GB  perm=  1.42 GB  num=  3.22 GB  
peak=  4.64 GB
t_global   =    332.830 s
TIME for 2d forward modeling_i calc =  5.546368408203125 min
Rank    4 -> ID range:   3201 to   4000 | Tasks:    800
Rank    5 -> ID range:   4001 to   4800 | Tasks:    800
Rank    2 -> ID range:   1601 to   2400 | Tasks:    800
Rank    3 -> ID range:   2401 to   3200 | Tasks:    800
Rank    1 -> ID range:    801 to   1600 | Tasks:    800
  
 -------------- calculate Frechet derivatives -----------
 IFREQ =           2    ITERATION =           1
Frechet memory size Frec_my:      0.825 (Gb)
Rank    0 -> ID range:      1 to    800 | Tasks:    800
FREQ:      3.3 Hz, ITER=       1  Frechet Derivative ID=     100/    4800 Finished   0.214800 s
FREQ:      3.3 Hz, ITER=       1  Frechet Derivative ID=     200/    4800 Finished   0.216400 s
FREQ:      3.3 Hz, ITER=       1  Frechet Derivative ID=     300/    4800 Finished   0.214100 s
FREQ:      3.3 Hz, ITER=       1  Frechet Derivative ID=     400/    4800 Finished   0.197600 s
FREQ:      3.3 Hz, ITER=       1  Frechet Derivative ID=     500/    4800 Finished   0.206000 s
FREQ:      3.3 Hz, ITER=       1  Frechet Derivative ID=     600/    4800 Finished   0.206000 s
FREQ:      3.3 Hz, ITER=       1  Frechet Derivative ID=     700/    4800 Finished   0.206000 s
FREQ:      3.3 Hz, ITER=       1  Frechet Derivative ID=     800/    4800 Finished   0.202300 s
||Frechet||_F=  1.5342E-19max|Frechet|=  4.4923E-24
||Frechet||_F=  1.5342E-19max|Frechet|=  4.4923E-24
||Frechet||_F=  1.5342E-19max|Frechet|=  4.4923E-24
||Frechet||_F=  1.5342E-19max|Frechet|=  4.4923E-24
||Frechet||_F=  1.5342E-19max|Frechet|=  4.4923E-24
 
TIME for Frechet calc =  2.960428365071615 min
 
m_fine: min=  1.8490E+09  max=  1.1921E+10  mean=  7.9488E+09  ||.||2=  3.8602E+12  size=  185445
m_coarse_prev: min=  1.8538E+09  max=  1.1917E+10  mean=  7.9521E+09  ||.||2=  9.6280E+11  size=   11534
 
  compute the residual and the cost function
 WD_amp= 5.85921E+13  RESID_RMS= 3.91409E-02  FCOST_DATA= 7.66004E-04  FCOST0= 7.66004E-04
||Frechet||_F=  1.5342E-19max|Frechet|=  4.4923E-24
IA=  6  H(single F0) min= 0.00000E+00  max= 9.02149E-04
IA=  6  H(F0^2)     min= 0.00000E+00  max= 9.02149E-04
HESSD: ia=   6  min= 0.00000E+00  max= 1.10828E+06
IA=  6  H(single F0) min= 0.00000E+00  max= 9.02149E-04
IA=  6  H(F0^2)     min= 0.00000E+00  max= 9.02149E-04
HESSD: ia=   6  min= 0.00000E+00  max= 1.10828E+06
IA=  6  H(single F0) min= 0.00000E+00  max= 9.02149E-04
IA=  6  H(F0^2)     min= 0.00000E+00  max= 9.02149E-04
HESSD: ia=   6  min= 0.00000E+00  max= 1.10828E+06
IA=  6  H(single F0) min= 0.00000E+00  max= 9.02149E-04
IA=  6  H(F0^2)     min= 0.00000E+00  max= 9.02149E-04
HESSD: ia=   6  min= 0.00000E+00  max= 1.10828E+06
IA=  6  H(single F0) min= 0.00000E+00  max= 9.02149E-04
IA=  6  H(F0^2)     min= 0.00000E+00  max= 9.02149E-04
HESSD: ia=   6  min= 0.00000E+00  max= 1.10828E+06
IA=  6  H(single F0) min= 0.00000E+00  max= 9.02149E-04
IA=  6  H(F0^2)     min= 0.00000E+00  max= 9.02149E-04
HESSD: ia=   6  min= 0.00000E+00  max= 1.10828E+06
Grad block   6 GRAD_SCALED MORM =   4.5937E-04
Raw grad block  6  PAR={C66}  min= -1.8870E-14  max=  1.4640E-14  L2=  1.2530E-13
Gradient finished
Start LBFGS 
LBFGS steepest step , iter=      1
  g·p = -2.3674E-03  ||p|| =  3.1763E+01
  min(p)= -2.7984E+00  max(p)=  2.0848E+00
LBFGS p_k (unscaled) stats per active parameter:
  IA=  6  PAR={C66}  min=-1.07178E+10  max= 7.98478E+09  L2= 1.21652E+11
min(p_k)= -2.7984E+00  max(p_k)=  2.0848E+00  ||p_k||=  3.1763E+01
min(p_kf)= -2.7984E+00  max(p_kf)=  2.0848E+00  ||p_kf||=  1.2705E+02
p_k/p_kf  =   2.5000E-01
Start linesearch
BT entry: phi(0)=  7.6600E-04  g·p(0)= -2.3674E-03
 UPDATEPARAMETER: f-scale only
UPDATEPARAMETER PAR_STEP min/max, V_STEP min/max = -5.8063228797E+09  1.4288162227E+10
 -5.8063228797E+09  1.4288162227E+10
REL STEP elastic: k=  6 row=  6 rmax_k=  2.1829E+00 row_scale=  1.1921E+10
BT cap probe: rmax1=  2.1829E+00  alpha_cap=  2.2905E-01  alpha00=  1.0000E+00
 UPDATEPARAMETER: f-scale only
UPDATEPARAMETER PAR_STEP min/max, V_STEP min/max =  1.3036429987E+09  1.2073271608E+10
  1.3036429987E+09  1.2073271608E+10
 running run_ik_loop_pardiso
before CA | VmRSS=  16.332 GB  VmHWM=  95.027 GB
after CA | VmRSS=  17.410 GB  VmHWM=  95.027 GB
after factor | VmRSS=  21.180 GB  VmHWM=  95.027 GB
f=     3.300 Hz | ky=  0.491728E-03 | IK=       1/      55 | t=   17.256700 s | CA=  2.5463 | fact= 12.8060 | GF=  1.9042 | solve=  1.7495 | scatter=  0.0530
f=     3.300 Hz | ky=  0.983455E-03 | IK=       2/      55 | t=    6.882300 s | CA=  2.5632 | fact=  2.5165 | GF=  1.8026 | solve=  1.6785 | scatter=  0.0522
f=     3.300 Hz | ky=  0.147518E-02 | IK=       3/      55 | t=    6.899800 s | CA=  2.5698 | fact=  2.5218 | GF=  1.8081 | solve=  1.6848 | scatter=  0.0512
f=     3.300 Hz | ky=  0.196691E-02 | IK=       4/      55 | t=    6.900900 s | CA=  2.5607 | fact=  2.5411 | GF=  1.7991 | solve=  1.6757 | scatter=  0.0513
f=     3.300 Hz | ky=  0.245864E-02 | IK=       5/      55 | t=    6.911800 s | CA=  2.5983 | fact=  2.5120 | GF=  1.8015 | solve=  1.6786 | scatter=  0.0510
f=     3.300 Hz | ky=  0.295037E-02 | IK=       6/      55 | t=    6.957700 s | CA=  2.6313 | fact=  2.5233 | GF=  1.8030 | solve=  1.6788 | scatter=  0.0521
f=     3.300 Hz | ky=  0.344209E-02 | IK=       7/      55 | t=    6.897500 s | CA=  2.5815 | fact=  2.5165 | GF=  1.7995 | solve=  1.6769 | scatter=  0.0507
f=     3.300 Hz | ky=  0.393382E-02 | IK=       8/      55 | t=    6.904700 s | CA=  2.5547 | fact=  2.5403 | GF=  1.8096 | solve=  1.6853 | scatter=  0.0520
f=     3.300 Hz | ky=  0.442555E-02 | IK=       9/      55 | t=    6.915600 s | CA=  2.5728 | fact=  2.5374 | GF=  1.8053 | solve=  1.6819 | scatter=  0.0515
f=     3.300 Hz | ky=  0.491728E-02 | IK=      10/      55 | t=    6.947400 s | CA=  2.6159 | fact=  2.5304 | GF=  1.8011 | solve=  1.6764 | scatter=  0.0526
PARDISO mem (f=  3.30 Hz): sym=  1.95 GB  perm=  1.42 GB  num=  3.22 GB  
peak=  4.64 GB
 WD_amp= 5.85921E+13  RESID_RMS= 5.19251E-02  FCOST_DATA= 1.34811E-03  FCOST0= 1.34811E-03
BT: alpha=  2.2905E-01  phi=  1.3481E-03  rhs=  7.6595E-04
 UPDATEPARAMETER: f-scale only
UPDATEPARAMETER PAR_STEP min/max, V_STEP min/max =  1.6881527383E+09  1.1993653315E+10
  1.6881527383E+09  1.1993653315E+10
 running run_ik_loop_pardiso
before CA | VmRSS=  16.231 GB  VmHWM=  95.027 GB
after CA | VmRSS=  17.626 GB  VmHWM=  95.027 GB
after factor | VmRSS=  21.384 GB  VmHWM=  95.027 GB
f=     3.300 Hz | ky=  0.491728E-03 | IK=       1/      55 | t=   17.209600 s | CA=  2.5170 | fact= 12.7885 | GF=  1.9039 | solve=  1.7500 | scatter=  0.0527
f=     3.300 Hz | ky=  0.983455E-03 | IK=       2/      55 | t=    6.844800 s | CA=  2.5450 | fact=  2.5023 | GF=  1.7975 | solve=  1.6735 | scatter=  0.0522
f=     3.300 Hz | ky=  0.147518E-02 | IK=       3/      55 | t=    6.888000 s | CA=  2.5763 | fact=  2.5086 | GF=  1.8030 | solve=  1.6796 | scatter=  0.0514
f=     3.300 Hz | ky=  0.196691E-02 | IK=       4/      55 | t=    6.903900 s | CA=  2.5629 | fact=  2.5310 | GF=  1.8100 | solve=  1.6855 | scatter=  0.0524
f=     3.300 Hz | ky=  0.245864E-02 | IK=       5/      55 | t=    6.902300 s | CA=  2.5603 | fact=  2.5337 | GF=  1.8083 | solve=  1.6853 | scatter=  0.0509
f=     3.300 Hz | ky=  0.295037E-02 | IK=       6/      55 | t=    6.993600 s | CA=  2.6546 | fact=  2.5350 | GF=  1.8039 | solve=  1.6793 | scatter=  0.0525
f=     3.300 Hz | ky=  0.344209E-02 | IK=       7/      55 | t=    6.920900 s | CA=  2.5840 | fact=  2.5314 | GF=  1.8055 | solve=  1.6817 | scatter=  0.0518
f=     3.300 Hz | ky=  0.393382E-02 | IK=       8/      55 | t=    6.879900 s | CA=  2.5841 | fact=  2.4948 | GF=  1.8010 | solve=  1.6765 | scatter=  0.0525
f=     3.300 Hz | ky=  0.442555E-02 | IK=       9/      55 | t=    6.842600 s | CA=  2.5706 | fact=  2.4691 | GF=  1.8028 | solve=  1.6791 | scatter=  0.0519
f=     3.300 Hz | ky=  0.491728E-02 | IK=      10/      55 | t=    6.939500 s | CA=  2.5946 | fact=  2.5443 | GF=  1.8006 | solve=  1.6771 | scatter=  0.0514
PARDISO mem (f=  3.30 Hz): sym=  1.95 GB  perm=  1.42 GB  num=  3.22 GB  
peak=  4.64 GB
 WD_amp= 5.85921E+13  RESID_RMS= 4.23084E-02  FCOST_DATA= 8.94998E-04  FCOST0= 8.94998E-04
BT: alpha=  1.1453E-01  phi=  8.9500E-04  rhs=  7.6598E-04
 UPDATEPARAMETER: f-scale only
UPDATEPARAMETER PAR_STEP min/max, V_STEP min/max =  1.8244962765E+09  1.1954264221E+10
  1.8244962765E+09  1.1954264221E+10
 running run_ik_loop_pardiso
before CA | VmRSS=  16.344 GB  VmHWM=  95.027 GB
after CA | VmRSS=  17.429 GB  VmHWM=  95.027 GB
after factor | VmRSS=  21.191 GB  VmHWM=  95.027 GB
f=     3.300 Hz | ky=  0.491728E-03 | IK=       1/      55 | t=   17.182500 s | CA=  2.5081 | fact= 12.7777 | GF=  1.8966 | solve=  1.7454 | scatter=  0.0497
f=     3.300 Hz | ky=  0.983455E-03 | IK=       2/      55 | t=    6.955100 s | CA=  2.6496 | fact=  2.5084 | GF=  1.7970 | solve=  1.6740 | scatter=  0.0512
f=     3.300 Hz | ky=  0.147518E-02 | IK=       3/      55 | t=    6.864600 s | CA=  2.5385 | fact=  2.5235 | GF=  1.8025 | solve=  1.6777 | scatter=  0.0530
f=     3.300 Hz | ky=  0.196691E-02 | IK=       4/      55 | t=    6.902600 s | CA=  2.5714 | fact=  2.5274 | GF=  1.8038 | solve=  1.6787 | scatter=  0.0533
f=     3.300 Hz | ky=  0.245864E-02 | IK=       5/      55 | t=    6.906400 s | CA=  2.5707 | fact=  2.5293 | GF=  1.8064 | solve=  1.6816 | scatter=  0.0528
f=     3.300 Hz | ky=  0.295037E-02 | IK=       6/      55 | t=    6.952100 s | CA=  2.6154 | fact=  2.5272 | GF=  1.8095 | solve=  1.6838 | scatter=  0.0535
f=     3.300 Hz | ky=  0.344209E-02 | IK=       7/      55 | t=    6.908500 s | CA=  2.5774 | fact=  2.5250 | GF=  1.8061 | solve=  1.6802 | scatter=  0.0539
f=     3.300 Hz | ky=  0.393382E-02 | IK=       8/      55 | t=    6.960300 s | CA=  2.6247 | fact=  2.5322 | GF=  1.8033 | solve=  1.6801 | scatter=  0.0506
f=     3.300 Hz | ky=  0.442555E-02 | IK=       9/      55 | t=    6.877300 s | CA=  2.5375 | fact=  2.5411 | GF=  1.7987 | solve=  1.6747 | scatter=  0.0520
f=     3.300 Hz | ky=  0.491728E-02 | IK=      10/      55 | t=    6.909700 s | CA=  2.6076 | fact=  2.4984 | GF=  1.8036 | solve=  1.6791 | scatter=  0.0526
PARDISO mem (f=  3.30 Hz): sym=  1.95 GB  perm=  1.42 GB  num=  3.22 GB  
peak=  4.64 GB
 WD_amp= 5.85921E+13  RESID_RMS= 4.03578E-02  FCOST_DATA= 8.14375E-04  FCOST0= 8.14375E-04
BT: alpha=  5.7263E-02  phi=  8.1437E-04  rhs=  7.6599E-04
 UPDATEPARAMETER: f-scale only
UPDATEPARAMETER PAR_STEP min/max, V_STEP min/max =  1.8490000000E+09  1.1934956796E+10
  1.8490000000E+09  1.1934956796E+10
 running run_ik_loop_pardiso
before CA | VmRSS=  16.851 GB  VmHWM=  95.027 GB
after CA | VmRSS=  17.544 GB  VmHWM=  95.027 GB
after factor | VmRSS=  21.306 GB  VmHWM=  95.027 GB
f=     3.300 Hz | ky=  0.491728E-03 | IK=       1/      55 | t=   17.129000 s | CA=  2.4788 | fact= 12.7477 | GF=  1.9023 | solve=  1.7480 | scatter=  0.0527
f=     3.300 Hz | ky=  0.983455E-03 | IK=       2/      55 | t=    6.902300 s | CA=  2.5720 | fact=  2.5296 | GF=  1.8007 | solve=  1.6781 | scatter=  0.0506
f=     3.300 Hz | ky=  0.147518E-02 | IK=       3/      55 | t=    6.843500 s | CA=  2.5378 | fact=  2.5038 | GF=  1.8018 | solve=  1.6793 | scatter=  0.0506
f=     3.300 Hz | ky=  0.196691E-02 | IK=       4/      55 | t=    6.970100 s | CA=  2.6214 | fact=  2.5491 | GF=  1.7996 | solve=  1.6770 | scatter=  0.0507
f=     3.300 Hz | ky=  0.245864E-02 | IK=       5/      55 | t=    6.910100 s | CA=  2.5876 | fact=  2.5163 | GF=  1.8062 | solve=  1.6824 | scatter=  0.0519
f=     3.300 Hz | ky=  0.295037E-02 | IK=       6/      55 | t=    6.893800 s | CA=  2.5684 | fact=  2.5214 | GF=  1.8040 | solve=  1.6807 | scatter=  0.0510
f=     3.300 Hz | ky=  0.344209E-02 | IK=       7/      55 | t=    6.893100 s | CA=  2.5766 | fact=  2.5157 | GF=  1.8007 | solve=  1.6773 | scatter=  0.0513
f=     3.300 Hz | ky=  0.393382E-02 | IK=       8/      55 | t=    6.957800 s | CA=  2.6163 | fact=  2.5350 | GF=  1.8065 | solve=  1.6837 | scatter=  0.0506
f=     3.300 Hz | ky=  0.442555E-02 | IK=       9/      55 | t=    6.878500 s | CA=  2.5910 | fact=  2.4802 | GF=  1.8072 | solve=  1.6801 | scatter=  0.0550
f=     3.300 Hz | ky=  0.491728E-02 | IK=      10/      55 | t=    6.916500 s | CA=  2.5679 | fact=  2.5391 | GF=  1.8095 | solve=  1.6855 | scatter=  0.0517
PARDISO mem (f=  3.30 Hz): sym=  1.95 GB  perm=  1.42 GB  num=  3.22 GB  
peak=  4.64 GB
 WD_amp= 5.85921E+13  RESID_RMS= 3.96703E-02  FCOST_DATA= 7.86866E-04  FCOST0= 7.86866E-04
BT: alpha=  2.8632E-02  phi=  7.8687E-04  rhs=  7.6600E-04
 UPDATEPARAMETER: f-scale only
UPDATEPARAMETER PAR_STEP min/max, V_STEP min/max =  1.8490000000E+09  1.1926766610E+10
  1.8490000000E+09  1.1926766610E+10
 running run_ik_loop_pardiso
before CA | VmRSS=  16.837 GB  VmHWM=  95.027 GB
after CA | VmRSS=  17.451 GB  VmHWM=  95.027 GB
after factor | VmRSS=  21.213 GB  VmHWM=  95.027 GB
f=     3.300 Hz | ky=  0.491728E-03 | IK=       1/      55 | t=   17.233700 s | CA=  2.5198 | fact= 12.8021 | GF=  1.9116 | solve=  1.7553 | scatter=  0.0542
f=     3.300 Hz | ky=  0.983455E-03 | IK=       2/      55 | t=    6.913700 s | CA=  2.5757 | fact=  2.5358 | GF=  1.8021 | solve=  1.6773 | scatter=  0.0528
f=     3.300 Hz | ky=  0.147518E-02 | IK=       3/      55 | t=    6.897900 s | CA=  2.5773 | fact=  2.5154 | GF=  1.8051 | solve=  1.6804 | scatter=  0.0528
f=     3.300 Hz | ky=  0.196691E-02 | IK=       4/      55 | t=    6.911100 s | CA=  2.5903 | fact=  2.5206 | GF=  1.8001 | solve=  1.6764 | scatter=  0.0517
f=     3.300 Hz | ky=  0.245864E-02 | IK=       5/      55 | t=    6.877500 s | CA=  2.5478 | fact=  2.5260 | GF=  1.8037 | solve=  1.6804 | scatter=  0.0514
f=     3.300 Hz | ky=  0.295037E-02 | IK=       6/      55 | t=    6.908100 s | CA=  2.5736 | fact=  2.5300 | GF=  1.8045 | solve=  1.6811 | scatter=  0.0514
f=     3.300 Hz | ky=  0.344209E-02 | IK=       7/      55 | t=    6.911200 s | CA=  2.5877 | fact=  2.5263 | GF=  1.7971 | solve=  1.6736 | scatter=  0.0515
f=     3.300 Hz | ky=  0.393382E-02 | IK=       8/      55 | t=    6.969100 s | CA=  2.6123 | fact=  2.5519 | GF=  1.8049 | solve=  1.6790 | scatter=  0.0535
f=     3.300 Hz | ky=  0.442555E-02 | IK=       9/      55 | t=    6.893300 s | CA=  2.5479 | fact=  2.5391 | GF=  1.8063 | solve=  1.6822 | scatter=  0.0521
f=     3.300 Hz | ky=  0.491728E-02 | IK=      10/      55 | t=    6.885500 s | CA=  2.5445 | fact=  2.5356 | GF=  1.8053 | solve=  1.6814 | scatter=  0.0520
PARDISO mem (f=  3.30 Hz): sym=  1.95 GB  perm=  1.42 GB  num=  3.22 GB  
peak=  4.64 GB
 WD_amp= 5.85921E+13  RESID_RMS= 3.93764E-02  FCOST_DATA= 7.75249E-04  FCOST0= 7.75249E-04
BT: alpha=  1.4316E-02  phi=  7.7525E-04  rhs=  7.6600E-04
 UPDATEPARAMETER: f-scale only
UPDATEPARAMETER PAR_STEP min/max, V_STEP min/max =  1.8490000000E+09  1.1922971544E+10
  1.8490000000E+09  1.1922971544E+10
 running run_ik_loop_pardiso
before CA | VmRSS=  16.974 GB  VmHWM=  95.027 GB
after CA | VmRSS=  17.689 GB  VmHWM=  95.027 GB
after factor | VmRSS=  21.449 GB  VmHWM=  95.027 GB
f=     3.300 Hz | ky=  0.491728E-03 | IK=       1/      55 | t=   17.201300 s | CA=  2.5198 | fact= 12.7767 | GF=  1.9046 | solve=  1.7509 | scatter=  0.0521
f=     3.300 Hz | ky=  0.983455E-03 | IK=       2/      55 | t=    6.919300 s | CA=  2.5943 | fact=  2.5193 | GF=  1.8056 | solve=  1.6818 | scatter=  0.0521
f=     3.300 Hz | ky=  0.147518E-02 | IK=       3/      55 | t=    6.851400 s | CA=  2.5271 | fact=  2.5196 | GF=  1.8047 | solve=  1.6802 | scatter=  0.0523
f=     3.300 Hz | ky=  0.196691E-02 | IK=       4/      55 | t=    6.875600 s | CA=  2.5483 | fact=  2.5258 | GF=  1.8015 | solve=  1.6780 | scatter=  0.0514
f=     3.300 Hz | ky=  0.245864E-02 | IK=       5/      55 | t=    6.898600 s | CA=  2.5657 | fact=  2.5262 | GF=  1.8067 | solve=  1.6822 | scatter=  0.0526
f=     3.300 Hz | ky=  0.295037E-02 | IK=       6/      55 | t=    6.866100 s | CA=  2.5248 | fact=  2.5305 | GF=  1.8108 | solve=  1.6855 | scatter=  0.0533
f=     3.300 Hz | ky=  0.344209E-02 | IK=       7/      55 | t=    6.814700 s | CA=  2.5436 | fact=  2.4646 | GF=  1.8064 | solve=  1.6819 | scatter=  0.0524
f=     3.300 Hz | ky=  0.393382E-02 | IK=       8/      55 | t=    6.892300 s | CA=  2.5542 | fact=  2.5320 | GF=  1.8060 | solve=  1.6810 | scatter=  0.0531
f=     3.300 Hz | ky=  0.442555E-02 | IK=       9/      55 | t=    6.888300 s | CA=  2.5590 | fact=  2.5292 | GF=  1.8000 | solve=  1.6759 | scatter=  0.0523
f=     3.300 Hz | ky=  0.491728E-02 | IK=      10/      55 | t=    6.875400 s | CA=  2.5361 | fact=  2.5356 | GF=  1.8036 | solve=  1.6780 | scatter=  0.0535
PARDISO mem (f=  3.30 Hz): sym=  1.95 GB  perm=  1.42 GB  num=  3.22 GB  
peak=  4.64 GB
 WD_amp= 5.85921E+13  RESID_RMS= 3.92499E-02  FCOST_DATA= 7.70276E-04  FCOST0= 7.70276E-04
BT: alpha=  7.1579E-03  phi=  7.7028E-04  rhs=  7.6600E-04
 UPDATEPARAMETER: f-scale only
UPDATEPARAMETER PAR_STEP min/max, V_STEP min/max =  1.8490000000E+09  1.1921953295E+10
  1.8490000000E+09  1.1921953295E+10
 running run_ik_loop_pardiso
before CA | VmRSS=  16.881 GB  VmHWM=  95.027 GB
after CA | VmRSS=  17.497 GB  VmHWM=  95.027 GB
after factor | VmRSS=  21.259 GB  VmHWM=  95.027 GB
f=     3.300 Hz | ky=  0.491728E-03 | IK=       1/      55 | t=   17.173100 s | CA=  2.5035 | fact= 12.7663 | GF=  1.9031 | solve=  1.7479 | scatter=  0.0531
f=     3.300 Hz | ky=  0.983455E-03 | IK=       2/      55 | t=    6.858300 s | CA=  2.5393 | fact=  2.5177 | GF=  1.8013 | solve=  1.6767 | scatter=  0.0528
f=     3.300 Hz | ky=  0.147518E-02 | IK=       3/      55 | t=    6.857900 s | CA=  2.5526 | fact=  2.5061 | GF=  1.7991 | solve=  1.6760 | scatter=  0.0514
f=     3.300 Hz | ky=  0.196691E-02 | IK=       4/      55 | t=    6.902100 s | CA=  2.5655 | fact=  2.5363 | GF=  1.8002 | solve=  1.6758 | scatter=  0.0524
f=     3.300 Hz | ky=  0.245864E-02 | IK=       5/      55 | t=    6.860400 s | CA=  2.5613 | fact=  2.4976 | GF=  1.8015 | solve=  1.6776 | scatter=  0.0520
f=     3.300 Hz | ky=  0.295037E-02 | IK=       6/      55 | t=    6.913100 s | CA=  2.5746 | fact=  2.5411 | GF=  1.7973 | solve=  1.6743 | scatter=  0.0511
f=     3.300 Hz | ky=  0.344209E-02 | IK=       7/      55 | t=    6.912600 s | CA=  2.5872 | fact=  2.5223 | GF=  1.8030 | solve=  1.6780 | scatter=  0.0529
f=     3.300 Hz | ky=  0.393382E-02 | IK=       8/      55 | t=    6.898900 s | CA=  2.5742 | fact=  2.5231 | GF=  1.8016 | solve=  1.6779 | scatter=  0.0517
f=     3.300 Hz | ky=  0.442555E-02 | IK=       9/      55 | t=    6.851700 s | CA=  2.5298 | fact=  2.5126 | GF=  1.8092 | solve=  1.6835 | scatter=  0.0532
f=     3.300 Hz | ky=  0.491728E-02 | IK=      10/      55 | t=    6.940900 s | CA=  2.6082 | fact=  2.5268 | GF=  1.8059 | solve=  1.6815 | scatter=  0.0522
PARDISO mem (f=  3.30 Hz): sym=  1.95 GB  perm=  1.42 GB  num=  3.22 GB  
peak=  4.64 GB
 WD_amp= 5.85921E+13  RESID_RMS= 3.91930E-02  FCOST_DATA= 7.68045E-04  FCOST0= 7.68045E-04
BT: alpha=  3.5789E-03  phi=  7.6805E-04  rhs=  7.6600E-04
 UPDATEPARAMETER: f-scale only
UPDATEPARAMETER PAR_STEP min/max, V_STEP min/max =  1.8490000000E+09  1.1921629542E+10
  1.8490000000E+09  1.1921629542E+10
 running run_ik_loop_pardiso
before CA | VmRSS=  16.902 GB  VmHWM=  95.027 GB
after CA | VmRSS=  17.438 GB  VmHWM=  95.027 GB
after factor | VmRSS=  21.205 GB  VmHWM=  95.027 GB
f=     3.300 Hz | ky=  0.491728E-03 | IK=       1/      55 | t=   17.227600 s | CA=  2.5562 | fact= 12.7660 | GF=  1.9052 | solve=  1.7526 | scatter=  0.0508
f=     3.300 Hz | ky=  0.983455E-03 | IK=       2/      55 | t=    6.889500 s | CA=  2.5680 | fact=  2.5224 | GF=  1.7990 | solve=  1.6761 | scatter=  0.0509
f=     3.300 Hz | ky=  0.147518E-02 | IK=       3/      55 | t=    6.901000 s | CA=  2.5570 | fact=  2.5361 | GF=  1.8078 | solve=  1.6840 | scatter=  0.0519
f=     3.300 Hz | ky=  0.196691E-02 | IK=       4/      55 | t=    6.916400 s | CA=  2.5770 | fact=  2.5180 | GF=  1.8214 | solve=  1.6972 | scatter=  0.0523
f=     3.300 Hz | ky=  0.245864E-02 | IK=       5/      55 | t=    6.879800 s | CA=  2.5497 | fact=  2.5416 | GF=  1.7884 | solve=  1.6656 | scatter=  0.0508
f=     3.300 Hz | ky=  0.295037E-02 | IK=       6/      55 | t=    6.917100 s | CA=  2.6069 | fact=  2.5413 | GF=  1.7689 | solve=  1.6451 | scatter=  0.0518
f=     3.300 Hz | ky=  0.344209E-02 | IK=       7/      55 | t=    6.910900 s | CA=  2.6025 | fact=  2.5476 | GF=  1.7607 | solve=  1.6382 | scatter=  0.0505
f=     3.300 Hz | ky=  0.393382E-02 | IK=       8/      55 | t=    6.840600 s | CA=  2.5541 | fact=  2.5294 | GF=  1.7571 | solve=  1.6335 | scatter=  0.0514
f=     3.300 Hz | ky=  0.442555E-02 | IK=       9/      55 | t=    6.865100 s | CA=  2.5739 | fact=  2.5348 | GF=  1.7563 | solve=  1.6331 | scatter=  0.0510
f=     3.300 Hz | ky=  0.491728E-02 | IK=      10/      55 | t=    6.828200 s | CA=  2.5394 | fact=  2.5351 | GF=  1.7536 | solve=  1.6276 | scatter=  0.0539
PARDISO mem (f=  3.30 Hz): sym=  1.95 GB  perm=  1.42 GB  num=  3.22 GB  
peak=  4.64 GB
 WD_amp= 5.85921E+13  RESID_RMS= 3.91663E-02  FCOST_DATA= 7.67000E-04  FCOST0= 7.67000E-04
BT: alpha=  1.7895E-03  phi=  7.6700E-04  rhs=  7.6600E-04
 UPDATEPARAMETER: f-scale only
UPDATEPARAMETER PAR_STEP min/max, V_STEP min/max =  1.8490000000E+09  1.1921467665E+10
  1.8490000000E+09  1.1921467665E+10
 running run_ik_loop_pardiso
before CA | VmRSS=  16.224 GB  VmHWM=  95.027 GB
after CA | VmRSS=  16.848 GB  VmHWM=  95.027 GB
after factor | VmRSS=  20.618 GB  VmHWM=  95.027 GB
f=     3.300 Hz | ky=  0.491728E-03 | IK=       1/      55 | t=   17.219900 s | CA=  2.5242 | fact= 12.7878 | GF=  1.9077 | solve=  1.7539 | scatter=  0.0521
f=     3.300 Hz | ky=  0.983455E-03 | IK=       2/      55 | t=    6.904500 s | CA=  2.5894 | fact=  2.5191 | GF=  1.7960 | solve=  1.6720 | scatter=  0.0522
f=     3.300 Hz | ky=  0.147518E-02 | IK=       3/      55 | t=    6.861900 s | CA=  2.5582 | fact=  2.5074 | GF=  1.7963 | solve=  1.6731 | scatter=  0.0513
f=     3.300 Hz | ky=  0.196691E-02 | IK=       4/      55 | t=    6.894000 s | CA=  2.6215 | fact=  2.4707 | GF=  1.8018 | solve=  1.6764 | scatter=  0.0535
f=     3.300 Hz | ky=  0.245864E-02 | IK=       5/      55 | t=    6.921100 s | CA=  2.5839 | fact=  2.5274 | GF=  1.8097 | solve=  1.6840 | scatter=  0.0537
f=     3.300 Hz | ky=  0.295037E-02 | IK=       6/      55 | t=    6.908900 s | CA=  2.5689 | fact=  2.5303 | GF=  1.8096 | solve=  1.6844 | scatter=  0.0529
f=     3.300 Hz | ky=  0.344209E-02 | IK=       7/      55 | t=    6.891600 s | CA=  2.5630 | fact=  2.5294 | GF=  1.7992 | solve=  1.6736 | scatter=  0.0535
f=     3.300 Hz | ky=  0.393382E-02 | IK=       8/      55 | t=    6.860600 s | CA=  2.5542 | fact=  2.5062 | GF=  1.8001 | solve=  1.6742 | scatter=  0.0539
f=     3.300 Hz | ky=  0.442555E-02 | IK=       9/      55 | t=    6.895600 s | CA=  2.5723 | fact=  2.5201 | GF=  1.8032 | solve=  1.6782 | scatter=  0.0530
f=     3.300 Hz | ky=  0.491728E-02 | IK=      10/      55 | t=    6.896500 s | CA=  2.5678 | fact=  2.5212 | GF=  1.8075 | solve=  1.6841 | scatter=  0.0515
PARDISO mem (f=  3.30 Hz): sym=  1.95 GB  perm=  1.42 GB  num=  3.22 GB  
peak=  4.64 GB
 WD_amp= 5.85921E+13  RESID_RMS= 3.91534E-02  FCOST_DATA= 7.66496E-04  FCOST0= 7.66496E-04
BT: alpha=  8.9474E-04  phi=  7.6650E-04  rhs=  7.6600E-04
 UPDATEPARAMETER: f-scale only
UPDATEPARAMETER PAR_STEP min/max, V_STEP min/max =  1.8490000000E+09  1.1921386727E+10
  1.8490000000E+09  1.1921386727E+10
 running run_ik_loop_pardiso
before CA | VmRSS=  16.230 GB  VmHWM=  95.027 GB
after CA | VmRSS=  16.856 GB  VmHWM=  95.027 GB
after factor | VmRSS=  20.624 GB  VmHWM=  95.027 GB
f=     3.300 Hz | ky=  0.491728E-03 | IK=       1/      55 | t=   17.213100 s | CA=  2.5245 | fact= 12.7829 | GF=  1.9055 | solve=  1.7516 | scatter=  0.0523
f=     3.300 Hz | ky=  0.983455E-03 | IK=       2/      55 | t=    6.839900 s | CA=  2.5197 | fact=  2.5132 | GF=  1.8069 | solve=  1.6817 | scatter=  0.0530
f=     3.300 Hz | ky=  0.147518E-02 | IK=       3/      55 | t=    6.884200 s | CA=  2.5506 | fact=  2.5310 | GF=  1.8025 | solve=  1.6759 | scatter=  0.0547
f=     3.300 Hz | ky=  0.196691E-02 | IK=       4/      55 | t=    6.876800 s | CA=  2.5426 | fact=  2.5264 | GF=  1.8077 | solve=  1.6827 | scatter=  0.0529
f=     3.300 Hz | ky=  0.245864E-02 | IK=       5/      55 | t=    6.911700 s | CA=  2.5901 | fact=  2.5174 | GF=  1.8041 | solve=  1.6811 | scatter=  0.0510
f=     3.300 Hz | ky=  0.295037E-02 | IK=       6/      55 | t=    6.881300 s | CA=  2.5527 | fact=  2.5240 | GF=  1.8045 | solve=  1.6795 | scatter=  0.0528
f=     3.300 Hz | ky=  0.344209E-02 | IK=       7/      55 | t=    6.928800 s | CA=  2.5811 | fact=  2.5399 | GF=  1.8077 | solve=  1.6829 | scatter=  0.0526
f=     3.300 Hz | ky=  0.393382E-02 | IK=       8/      55 | t=    6.889900 s | CA=  2.5588 | fact=  2.5311 | GF=  1.8000 | solve=  1.6774 | scatter=  0.0506
f=     3.300 Hz | ky=  0.442555E-02 | IK=       9/      55 | t=    6.900200 s | CA=  2.5721 | fact=  2.5196 | GF=  1.8085 | solve=  1.6828 | scatter=  0.0537
f=     3.300 Hz | ky=  0.491728E-02 | IK=      10/      55 | t=    6.888000 s | CA=  2.5563 | fact=  2.5231 | GF=  1.8085 | solve=  1.6855 | scatter=  0.0510
PARDISO mem (f=  3.30 Hz): sym=  1.95 GB  perm=  1.42 GB  num=  3.22 GB  
peak=  4.64 GB
 WD_amp= 5.85921E+13  RESID_RMS= 3.91471E-02  FCOST_DATA= 7.66248E-04  FCOST0= 7.66248E-04
BT: alpha=  4.4737E-04  phi=  7.6625E-04  rhs=  7.6600E-04
 UPDATEPARAMETER: f-scale only
UPDATEPARAMETER PAR_STEP min/max, V_STEP min/max =  1.8490000000E+09  1.1921371036E+10
  1.8490000000E+09  1.1921371036E+10
 running run_ik_loop_pardiso
before CA | VmRSS=  16.238 GB  VmHWM=  95.027 GB
after CA | VmRSS=  16.856 GB  VmHWM=  95.027 GB
after factor | VmRSS=  20.620 GB  VmHWM=  95.027 GB
f=     3.300 Hz | ky=  0.491728E-03 | IK=       1/      55 | t=   17.198200 s | CA=  2.4988 | fact= 12.7923 | GF=  1.9069 | solve=  1.7515 | scatter=  0.0533
f=     3.300 Hz | ky=  0.983455E-03 | IK=       2/      55 | t=    6.875200 s | CA=  2.5502 | fact=  2.5232 | GF=  1.8018 | solve=  1.6779 | scatter=  0.0520
f=     3.300 Hz | ky=  0.147518E-02 | IK=       3/      55 | t=    6.830700 s | CA=  2.5476 | fact=  2.4807 | GF=  1.8023 | solve=  1.6779 | scatter=  0.0524
f=     3.300 Hz | ky=  0.196691E-02 | IK=       4/      55 | t=    6.906100 s | CA=  2.5674 | fact=  2.5324 | GF=  1.8062 | solve=  1.6829 | scatter=  0.0513
f=     3.300 Hz | ky=  0.245864E-02 | IK=       5/      55 | t=    6.906200 s | CA=  2.5604 | fact=  2.5374 | GF=  1.8083 | solve=  1.6822 | scatter=  0.0540
f=     3.300 Hz | ky=  0.295037E-02 | IK=       6/      55 | t=    6.928500 s | CA=  2.5975 | fact=  2.5273 | GF=  1.8037 | solve=  1.6801 | scatter=  0.0514
f=     3.300 Hz | ky=  0.344209E-02 | IK=       7/      55 | t=    6.794800 s | CA=  2.5269 | fact=  2.4637 | GF=  1.8041 | solve=  1.6785 | scatter=  0.0535
f=     3.300 Hz | ky=  0.393382E-02 | IK=       8/      55 | t=    6.918100 s | CA=  2.5896 | fact=  2.5240 | GF=  1.8044 | solve=  1.6811 | scatter=  0.0513
f=     3.300 Hz | ky=  0.442555E-02 | IK=       9/      55 | t=    6.888600 s | CA=  2.5536 | fact=  2.5300 | GF=  1.8050 | solve=  1.6794 | scatter=  0.0535
f=     3.300 Hz | ky=  0.491728E-02 | IK=      10/      55 | t=    6.949500 s | CA=  2.5895 | fact=  2.5503 | GF=  1.8097 | solve=  1.6835 | scatter=  0.0537
PARDISO mem (f=  3.30 Hz): sym=  1.95 GB  perm=  1.42 GB  num=  3.22 GB  
peak=  4.64 GB
 WD_amp= 5.85921E+13  RESID_RMS= 3.91440E-02  FCOST_DATA= 7.66126E-04  FCOST0= 7.66126E-04
BT: alpha=  2.2368E-04  phi=  7.6613E-04  rhs=  7.6600E-04
 UPDATEPARAMETER: f-scale only
UPDATEPARAMETER PAR_STEP min/max, V_STEP min/max =  1.8490000000E+09  1.1921364625E+10
  1.8490000000E+09  1.1921364625E+10
 running run_ik_loop_pardiso
before CA | VmRSS=  16.953 GB  VmHWM=  95.027 GB
after CA | VmRSS=  16.839 GB  VmHWM=  95.027 GB
after factor | VmRSS=  20.606 GB  VmHWM=  95.027 GB
f=     3.300 Hz | ky=  0.491728E-03 | IK=       1/      55 | t=   17.225400 s | CA=  2.5610 | fact= 12.7631 | GF=  1.9011 | solve=  1.7480 | scatter=  0.0513
f=     3.300 Hz | ky=  0.983455E-03 | IK=       2/      55 | t=    6.864800 s | CA=  2.5509 | fact=  2.5215 | GF=  1.7924 | solve=  1.6696 | scatter=  0.0510
f=     3.300 Hz | ky=  0.147518E-02 | IK=       3/      55 | t=    6.882500 s | CA=  2.5664 | fact=  2.5149 | GF=  1.8012 | solve=  1.6785 | scatter=  0.0509
f=     3.300 Hz | ky=  0.196691E-02 | IK=       4/      55 | t=    6.875400 s | CA=  2.5629 | fact=  2.5115 | GF=  1.8010 | solve=  1.6760 | scatter=  0.0529
f=     3.300 Hz | ky=  0.245864E-02 | IK=       5/      55 | t=    6.941500 s | CA=  2.6045 | fact=  2.5346 | GF=  1.8024 | solve=  1.6783 | scatter=  0.0522
f=     3.300 Hz | ky=  0.295037E-02 | IK=       6/      55 | t=    6.920600 s | CA=  2.5886 | fact=  2.5253 | GF=  1.8067 | solve=  1.6823 | scatter=  0.0524
f=     3.300 Hz | ky=  0.344209E-02 | IK=       7/      55 | t=    6.969200 s | CA=  2.6453 | fact=  2.5226 | GF=  1.8013 | solve=  1.6765 | scatter=  0.0529
f=     3.300 Hz | ky=  0.393382E-02 | IK=       8/      55 | t=    6.870200 s | CA=  2.5710 | fact=  2.4917 | GF=  1.8075 | solve=  1.6825 | scatter=  0.0532
f=     3.300 Hz | ky=  0.442555E-02 | IK=       9/      55 | t=    7.016300 s | CA=  2.6827 | fact=  2.5320 | GF=  1.8016 | solve=  1.6765 | scatter=  0.0532
f=     3.300 Hz | ky=  0.491728E-02 | IK=      10/      55 | t=    6.929500 s | CA=  2.6023 | fact=  2.5242 | GF=  1.8030 | solve=  1.6797 | scatter=  0.0515
PARDISO mem (f=  3.30 Hz): sym=  1.95 GB  perm=  1.42 GB  num=  3.22 GB  
peak=  4.64 GB
 WD_amp= 5.85921E+13  RESID_RMS= 3.91424E-02  FCOST_DATA= 7.66065E-04  FCOST0= 7.66065E-04
BT: alpha=  1.1184E-04  phi=  7.6606E-04  rhs=  7.6600E-04
 UPDATEPARAMETER: f-scale only
UPDATEPARAMETER PAR_STEP min/max, V_STEP min/max =  1.8490000000E+09  1.1921361420E+10
  1.8490000000E+09  1.1921361420E+10
 running run_ik_loop_pardiso
before CA | VmRSS=  16.245 GB  VmHWM=  95.027 GB
after CA | VmRSS=  17.434 GB  VmHWM=  95.027 GB
after factor | VmRSS=  21.199 GB  VmHWM=  95.027 GB
f=     3.300 Hz | ky=  0.491728E-03 | IK=       1/      55 | t=   17.180400 s | CA=  2.4926 | fact= 12.7831 | GF=  1.9045 | solve=  1.7510 | scatter=  0.0510
f=     3.300 Hz | ky=  0.983455E-03 | IK=       2/      55 | t=    6.904500 s | CA=  2.5978 | fact=  2.5079 | GF=  1.7987 | solve=  1.6755 | scatter=  0.0509
f=     3.300 Hz | ky=  0.147518E-02 | IK=       3/      55 | t=    6.872100 s | CA=  2.5536 | fact=  2.5173 | GF=  1.8011 | solve=  1.6762 | scatter=  0.0529
f=     3.300 Hz | ky=  0.196691E-02 | IK=       4/      55 | t=    6.876900 s | CA=  2.5479 | fact=  2.5272 | GF=  1.8018 | solve=  1.6785 | scatter=  0.0514
f=     3.300 Hz | ky=  0.245864E-02 | IK=       5/      55 | t=    6.958300 s | CA=  2.6411 | fact=  2.5130 | GF=  1.8042 | solve=  1.6796 | scatter=  0.0525
f=     3.300 Hz | ky=  0.295037E-02 | IK=       6/      55 | t=    6.911500 s | CA=  2.5769 | fact=  2.5284 | GF=  1.8062 | solve=  1.6829 | scatter=  0.0510
f=     3.300 Hz | ky=  0.344209E-02 | IK=       7/      55 | t=    6.941800 s | CA=  2.5973 | fact=  2.5389 | GF=  1.8056 | solve=  1.6810 | scatter=  0.0526
f=     3.300 Hz | ky=  0.393382E-02 | IK=       8/      55 | t=    6.938500 s | CA=  2.6039 | fact=  2.5265 | GF=  1.8081 | solve=  1.6828 | scatter=  0.0532
f=     3.300 Hz | ky=  0.442555E-02 | IK=       9/      55 | t=    6.877700 s | CA=  2.5470 | fact=  2.5280 | GF=  1.8026 | solve=  1.6783 | scatter=  0.0523
f=     3.300 Hz | ky=  0.491728E-02 | IK=      10/      55 | t=    6.897800 s | CA=  2.5707 | fact=  2.5234 | GF=  1.8036 | solve=  1.6794 | scatter=  0.0524
PARDISO mem (f=  3.30 Hz): sym=  1.95 GB  perm=  1.42 GB  num=  3.22 GB  
peak=  4.64 GB
 WD_amp= 5.85921E+13  RESID_RMS= 3.91417E-02  FCOST_DATA= 7.66034E-04  FCOST0= 7.66034E-04
BT: alpha=  5.5921E-05  phi=  7.6603E-04  rhs=  7.6600E-04
 UPDATEPARAMETER: f-scale only
UPDATEPARAMETER PAR_STEP min/max, V_STEP min/max =  1.8490000000E+09  1.1921359817E+10
  1.8490000000E+09  1.1921359817E+10
 running run_ik_loop_pardiso
before CA | VmRSS=  16.338 GB  VmHWM=  95.027 GB
after CA | VmRSS=  17.435 GB  VmHWM=  95.027 GB
after factor | VmRSS=  21.196 GB  VmHWM=  95.027 GB
f=     3.300 Hz | ky=  0.491728E-03 | IK=       1/      55 | t=   17.206500 s | CA=  2.5294 | fact= 12.7763 | GF=  1.9006 | solve=  1.7476 | scatter=  0.0510
f=     3.300 Hz | ky=  0.983455E-03 | IK=       2/      55 | t=    6.862200 s | CA=  2.5465 | fact=  2.5152 | GF=  1.8005 | solve=  1.6768 | scatter=  0.0516
f=     3.300 Hz | ky=  0.147518E-02 | IK=       3/      55 | t=    6.864900 s | CA=  2.5459 | fact=  2.5205 | GF=  1.7985 | solve=  1.6732 | scatter=  0.0534
f=     3.300 Hz | ky=  0.196691E-02 | IK=       4/      55 | t=    6.865400 s | CA=  2.5388 | fact=  2.5323 | GF=  1.7943 | solve=  1.6698 | scatter=  0.0526
f=     3.300 Hz | ky=  0.245864E-02 | IK=       5/      55 | t=    6.923200 s | CA=  2.6014 | fact=  2.5173 | GF=  1.8044 | solve=  1.6815 | scatter=  0.0509
f=     3.300 Hz | ky=  0.295037E-02 | IK=       6/      55 | t=    6.882400 s | CA=  2.5515 | fact=  2.5262 | GF=  1.8046 | solve=  1.6811 | scatter=  0.0516
f=     3.300 Hz | ky=  0.344209E-02 | IK=       7/      55 | t=    6.903100 s | CA=  2.5604 | fact=  2.5344 | GF=  1.8082 | solve=  1.6832 | scatter=  0.0529
f=     3.300 Hz | ky=  0.393382E-02 | IK=       8/      55 | t=    6.890500 s | CA=  2.5557 | fact=  2.5254 | GF=  1.8093 | solve=  1.6837 | scatter=  0.0536
f=     3.300 Hz | ky=  0.442555E-02 | IK=       9/      55 | t=    6.976400 s | CA=  2.6259 | fact=  2.5445 | GF=  1.8060 | solve=  1.6805 | scatter=  0.0534
f=     3.300 Hz | ky=  0.491728E-02 | IK=      10/      55 | t=    6.914000 s | CA=  2.5667 | fact=  2.5417 | GF=  1.8055 | solve=  1.6792 | scatter=  0.0538
PARDISO mem (f=  3.30 Hz): sym=  1.95 GB  perm=  1.42 GB  num=  3.22 GB  
peak=  4.64 GB
 WD_amp= 5.85921E+13  RESID_RMS= 3.91413E-02  FCOST_DATA= 7.66019E-04  FCOST0= 7.66019E-04
BT: alpha=  2.7960E-05  phi=  7.6602E-04  rhs=  7.6600E-04
 UPDATEPARAMETER: f-scale only
UPDATEPARAMETER PAR_STEP min/max, V_STEP min/max =  1.8490000000E+09  1.1921359016E+10
  1.8490000000E+09  1.1921359016E+10
 running run_ik_loop_pardiso
before CA | VmRSS=  16.854 GB  VmHWM=  95.027 GB
after CA | VmRSS=  16.825 GB  VmHWM=  95.027 GB
after factor | VmRSS=  20.585 GB  VmHWM=  95.027 GB
f=     3.300 Hz | ky=  0.491728E-03 | IK=       1/      55 | t=   17.268600 s | CA=  2.5786 | fact= 12.7877 | GF=  1.9021 | solve=  1.7477 | scatter=  0.0524
f=     3.300 Hz | ky=  0.983455E-03 | IK=       2/      55 | t=    6.864400 s | CA=  2.5365 | fact=  2.5282 | GF=  1.7997 | solve=  1.6758 | scatter=  0.0520
f=     3.300 Hz | ky=  0.147518E-02 | IK=       3/      55 | t=    6.910000 s | CA=  2.5833 | fact=  2.5241 | GF=  1.8026 | solve=  1.6778 | scatter=  0.0529
f=     3.300 Hz | ky=  0.196691E-02 | IK=       4/      55 | t=    6.955400 s | CA=  2.6244 | fact=  2.5248 | GF=  1.8062 | solve=  1.6816 | scatter=  0.0522
f=     3.300 Hz | ky=  0.245864E-02 | IK=       5/      55 | t=    6.921400 s | CA=  2.5855 | fact=  2.5335 | GF=  1.8024 | solve=  1.6783 | scatter=  0.0521
f=     3.300 Hz | ky=  0.295037E-02 | IK=       6/      55 | t=    6.870000 s | CA=  2.5519 | fact=  2.5120 | GF=  1.8061 | solve=  1.6807 | scatter=  0.0534
f=     3.300 Hz | ky=  0.344209E-02 | IK=       7/      55 | t=    6.868800 s | CA=  2.5635 | fact=  2.4982 | GF=  1.8071 | solve=  1.6839 | scatter=  0.0513
f=     3.300 Hz | ky=  0.393382E-02 | IK=       8/      55 | t=    6.898500 s | CA=  2.5588 | fact=  2.5376 | GF=  1.8021 | solve=  1.6786 | scatter=  0.0514
f=     3.300 Hz | ky=  0.442555E-02 | IK=       9/      55 | t=    6.895600 s | CA=  2.5719 | fact=  2.5221 | GF=  1.8016 | solve=  1.6770 | scatter=  0.0527
f=     3.300 Hz | ky=  0.491728E-02 | IK=      10/      55 | t=    6.901200 s | CA=  2.5794 | fact=  2.5119 | GF=  1.8099 | solve=  1.6872 | scatter=  0.0505
PARDISO mem (f=  3.30 Hz): sym=  1.95 GB  perm=  1.42 GB  num=  3.22 GB  
peak=  4.64 GB
 WD_amp= 5.85921E+13  RESID_RMS= 3.91411E-02  FCOST_DATA= 7.66012E-04  FCOST0= 7.66012E-04
BT: alpha=  1.3980E-05  phi=  7.6601E-04  rhs=  7.6600E-04
BT STOP (stagnation): alpha=  1.3980E-05  FCOST1=  7.6601E-04  FCOST0=  7.6600E-04
 UPDATEPARAMETER: f-scale only
UPDATEPARAMETER PAR_STEP min/max, V_STEP min/max =  1.8490000000E+09  1.1921358788E+10
  1.8490000000E+09  1.1921358788E+10
 running run_ik_loop_pardiso
before CA | VmRSS=  16.353 GB  VmHWM=  95.027 GB
after CA | VmRSS=  16.843 GB  VmHWM=  95.027 GB
after factor | VmRSS=  20.604 GB  VmHWM=  95.027 GB
f=     3.300 Hz | ky=  0.491728E-03 | IK=       1/      55 | t=   17.146400 s | CA=  2.5067 | fact= 12.7449 | GF=  1.8946 | solve=  1.7403 | scatter=  0.0523
f=     3.300 Hz | ky=  0.983455E-03 | IK=       2/      55 | t=    6.856100 s | CA=  2.5417 | fact=  2.5174 | GF=  1.7970 | solve=  1.6744 | scatter=  0.0510
f=     3.300 Hz | ky=  0.147518E-02 | IK=       3/      55 | t=    6.928500 s | CA=  2.6057 | fact=  2.5201 | GF=  1.8027 | solve=  1.6798 | scatter=  0.0512
f=     3.300 Hz | ky=  0.196691E-02 | IK=       4/      55 | t=    6.883400 s | CA=  2.5618 | fact=  2.5239 | GF=  1.7976 | solve=  1.6747 | scatter=  0.0511
f=     3.300 Hz | ky=  0.245864E-02 | IK=       5/      55 | t=    6.940300 s | CA=  2.6078 | fact=  2.5279 | GF=  1.8046 | solve=  1.6806 | scatter=  0.0520
f=     3.300 Hz | ky=  0.295037E-02 | IK=       6/      55 | t=    6.921800 s | CA=  2.5877 | fact=  2.5290 | GF=  1.8050 | solve=  1.6811 | scatter=  0.0520
f=     3.300 Hz | ky=  0.344209E-02 | IK=       7/      55 | t=    6.994800 s | CA=  2.6671 | fact=  2.5226 | GF=  1.8051 | solve=  1.6823 | scatter=  0.0507
f=     3.300 Hz | ky=  0.393382E-02 | IK=       8/      55 | t=    6.964800 s | CA=  2.6341 | fact=  2.5256 | GF=  1.8050 | solve=  1.6802 | scatter=  0.0526
f=     3.300 Hz | ky=  0.442555E-02 | IK=       9/      55 | t=    6.909200 s | CA=  2.5694 | fact=  2.5258 | GF=  1.8140 | solve=  1.6895 | scatter=  0.0523
f=     3.300 Hz | ky=  0.491728E-02 | IK=      10/      55 | t=    6.906300 s | CA=  2.5674 | fact=  2.5299 | GF=  1.8089 | solve=  1.6841 | scatter=  0.0525
PARDISO mem (f=  3.30 Hz): sym=  1.95 GB  perm=  1.42 GB  num=  3.22 GB  
peak=  4.64 GB
 WD_amp= 5.85921E+13  RESID_RMS= 3.91410E-02  FCOST_DATA= 7.66009E-04  FCOST0= 7.66009E-04
 Backtrack: failed after MAX_IT
 Line search failed (IFLAG=          11 ), inversion diverged.
 --------- Frequency   3.65000000000000       (band            1 )
[ComputeAcqWeight] empty acq_weight_file, using uniform weights = 1.0
Data weighting computed for frequency 4607182418800017373
XSRmin, XSRmax, ZSRmin, ZSRMax -1960.000000000000 .000000000000000 2050.000000000000 4030.000000000000
1 FKYC
1.2 FKYC
my_rank, FKYC,WLMAX, RMAX 0 .2991342570157237E-01 1403.501039682951 2786.036611389018
1.1 NK
NK in cky2= 55

  Number of wavenumber samples (NK) for FREQ =   55
Data weighting computed for frequency 4607182418800017373
Data weighting computed for frequency 4607182418800017373
Data weighting computed for frequency 4607182418800017373
  RMAX = 2786.04
Data weighting computed for frequency 4607182418800017373
Data weighting computed for frequency 4607182418800017373
--- Pre-solver preview (memory + RHS workload) ---
   GQG dims: NNX=       585  NNZ=       317  NPT=    185445
   DOF:     N=3*NPT =    556335
   Sources: NSR=       100  NSS=        20  NK=        55
   RHS total (per IK): nrhs_tot=3*NSS =        60
   Batch:    MAX_RHS_BATCH=        32  nbatches=         2
   GFMY  (GFX+GFY+GFZ):         13.679 GB
   RHS_MY(rhs+sol buffers):      0.531 GB
 
 running run_ik_loop_pardiso
before CA | VmRSS=  15.386 GB  VmHWM=  95.027 GB
after CA | VmRSS=  16.640 GB  VmHWM=  95.027 GB
after factor | VmRSS=  20.403 GB  VmHWM=  95.027 GB
f=     3.650 Hz | ky=  0.543880E-03 | IK=       1/      55 | t=   17.204800 s | CA=  2.5151 | fact= 12.7889 | GF=  1.9006 | solve=  1.7466 | scatter=  0.0524
f=     3.650 Hz | ky=  0.108776E-02 | IK=       2/      55 | t=    6.884400 s | CA=  2.5792 | fact=  2.5074 | GF=  1.7978 | solve=  1.6752 | scatter=  0.0510
f=     3.650 Hz | ky=  0.163164E-02 | IK=       3/      55 | t=    6.878700 s | CA=  2.5464 | fact=  2.5279 | GF=  1.8043 | solve=  1.6790 | scatter=  0.0534
f=     3.650 Hz | ky=  0.217552E-02 | IK=       4/      55 | t=    6.888500 s | CA=  2.5738 | fact=  2.5112 | GF=  1.8035 | solve=  1.6790 | scatter=  0.0526
f=     3.650 Hz | ky=  0.271940E-02 | IK=       5/      55 | t=    6.942800 s | CA=  2.6235 | fact=  2.5189 | GF=  1.8004 | solve=  1.6754 | scatter=  0.0531
f=     3.650 Hz | ky=  0.326328E-02 | IK=       6/      55 | t=    6.933600 s | CA=  2.5901 | fact=  2.5339 | GF=  1.8096 | solve=  1.6845 | scatter=  0.0531
f=     3.650 Hz | ky=  0.380716E-02 | IK=       7/      55 | t=    6.871000 s | CA=  2.5257 | fact=  2.5395 | GF=  1.8057 | solve=  1.6797 | scatter=  0.0536
f=     3.650 Hz | ky=  0.435104E-02 | IK=       8/      55 | t=    6.863200 s | CA=  2.5207 | fact=  2.5421 | GF=  1.8003 | solve=  1.6765 | scatter=  0.0516
f=     3.650 Hz | ky=  0.489492E-02 | IK=       9/      55 | t=    6.945100 s | CA=  2.6165 | fact=  2.5223 | GF=  1.8062 | solve=  1.6799 | scatter=  0.0541
f=     3.650 Hz | ky=  0.543880E-02 | IK=      10/      55 | t=    6.881600 s | CA=  2.5743 | fact=  2.5031 | GF=  1.8041 | solve=  1.6797 | scatter=  0.0525
PARDISO mem (f=  3.65 Hz): sym=  1.95 GB  perm=  1.42 GB  num=  3.22 GB  
peak=  4.64 GB
t_global   =    116.238 s
TIME for 1st forward modeling =  1.937243270874023  min
TIME for GT0 =  .5179999768733979E-02  min
Data scaler W for L2 norm: 60858307368707.61
Data scaler W for WQS norm: .3395193265742062E-312
Total number of active inversion parameters for current sequential stage (IM):          1
Total model blocks points (NM = IM * NBLOCK):      11534 on grid (NMM = IM * NPT):    185445
 Gradient balance ():   1.00000000000000        1.00000000000000     
   1.00000000000000        1.00000000000000        1.00000000000000     
   1.00000000000000        1.00000000000000        1.00000000000000     
   1.00000000000000        1.00000000000000        1.00000000000000     
 IE0, IZ          30           0
 IE0, IZ, GZ1, GZ2 =           30           0   100.000000000000     
   300.000000000000     
  
 Frequency:           3 Iteration:           1
--- Pre-solver preview (memory + RHS workload) ---
   GQG dims: NNX=       585  NNZ=       317  NPT=    185445
   DOF:     N=3*NPT =    556335
   Sources: NSR=       100  NSS=       100  NK=        55
   RHS total (per IK): nrhs_tot=3*NSS =       300
   Batch:    MAX_RHS_BATCH=        32  nbatches=        10
   GFMY  (GFX+GFY+GFZ):         68.393 GB
   RHS_MY(rhs+sol buffers):      0.531 GB
 
 running run_ik_loop_pardiso
before CA | VmRSS=  70.940 GB  VmHWM=  95.027 GB
after CA | VmRSS=  71.543 GB  VmHWM=  95.027 GB
after factor | VmRSS=  75.304 GB  VmHWM=  95.027 GB
f=     3.650 Hz | ky=  0.543880E-03 | IK=       1/      55 | t=   24.162200 s | CA=  2.5104 | fact= 12.7719 | GF=  8.8797 | solve=  8.2205 | scatter=  0.2569
f=     3.650 Hz | ky=  0.108776E-02 | IK=       2/      55 | t=   13.847300 s | CA=  2.5323 | fact=  2.5248 | GF=  8.7901 | solve=  8.1613 | scatter=  0.2564
f=     3.650 Hz | ky=  0.163164E-02 | IK=       3/      55 | t=   13.866300 s | CA=  2.5392 | fact=  2.5196 | GF=  8.8075 | solve=  8.1792 | scatter=  0.2546
f=     3.650 Hz | ky=  0.217552E-02 | IK=       4/      55 | t=   13.874000 s | CA=  2.5696 | fact=  2.5244 | GF=  8.7800 | solve=  8.1552 | scatter=  0.2519
f=     3.650 Hz | ky=  0.271940E-02 | IK=       5/      55 | t=   13.905600 s | CA=  2.5811 | fact=  2.5339 | GF=  8.7906 | solve=  8.1646 | scatter=  0.2530
f=     3.650 Hz | ky=  0.326328E-02 | IK=       6/      55 | t=   13.908700 s | CA=  2.5793 | fact=  2.5283 | GF=  8.8011 | solve=  8.1748 | scatter=  0.2530
f=     3.650 Hz | ky=  0.380716E-02 | IK=       7/      55 | t=   13.901100 s | CA=  2.5539 | fact=  2.5314 | GF=  8.8158 | solve=  8.1889 | scatter=  0.2536
f=     3.650 Hz | ky=  0.435104E-02 | IK=       8/      55 | t=   13.860600 s | CA=  2.5362 | fact=  2.5259 | GF=  8.7985 | solve=  8.1721 | scatter=  0.2526
f=     3.650 Hz | ky=  0.489492E-02 | IK=       9/      55 | t=   13.882500 s | CA=  2.5378 | fact=  2.5344 | GF=  8.8103 | solve=  8.1805 | scatter=  0.2545
f=     3.650 Hz | ky=  0.543880E-02 | IK=      10/      55 | t=   13.890600 s | CA=  2.5456 | fact=  2.5288 | GF=  8.8162 | solve=  8.1884 | scatter=  0.2539
PARDISO mem (f=  3.65 Hz): sym=  1.95 GB  perm=  1.42 GB  num=  3.22 GB  
peak=  4.64 GB
t_global   =    332.786 s
TIME for 2d forward modeling_i calc =  5.544301859537760 min
Rank    4 -> ID range:   3201 to   4000 | Tasks:    800
Rank    5 -> ID range:   4001 to   4800 | Tasks:    800
Rank    2 -> ID range:   1601 to   2400 | Tasks:    800
Rank    3 -> ID range:   2401 to   3200 | Tasks:    800
Rank    1 -> ID range:    801 to   1600 | Tasks:    800
  
 -------------- calculate Frechet derivatives -----------
 IFREQ =           3    ITERATION =           1
Frechet memory size Frec_my:      0.825 (Gb)
Rank    0 -> ID range:      1 to    800 | Tasks:    800
FREQ:      3.6 Hz, ITER=       1  Frechet Derivative ID=     100/    4800 Finished   0.214800 s
FREQ:      3.6 Hz, ITER=       1  Frechet Derivative ID=     200/    4800 Finished   0.226900 s
FREQ:      3.6 Hz, ITER=       1  Frechet Derivative ID=     300/    4800 Finished   0.227200 s
FREQ:      3.6 Hz, ITER=       1  Frechet Derivative ID=     400/    4800 Finished   0.201300 s
FREQ:      3.6 Hz, ITER=       1  Frechet Derivative ID=     500/    4800 Finished   0.214500 s
FREQ:      3.6 Hz, ITER=       1  Frechet Derivative ID=     600/    4800 Finished   0.214400 s
FREQ:      3.6 Hz, ITER=       1  Frechet Derivative ID=     700/    4800 Finished   0.215900 s
FREQ:      3.6 Hz, ITER=       1  Frechet Derivative ID=     800/    4800 Finished   0.213300 s
||Frechet||_F=  1.6532E-19max|Frechet|=  4.6313E-24
||Frechet||_F=  1.6532E-19max|Frechet|=  4.6313E-24
||Frechet||_F=  1.6532E-19max|Frechet|=  4.6313E-24
||Frechet||_F=  1.6532E-19max|Frechet|=  4.6313E-24
||Frechet||_F=  1.6532E-19max|Frechet|=  4.6313E-24
 
TIME for Frechet calc =  2.998566691080729 min
 
||Frechet||_F=  1.6532E-19max|Frechet|=  4.6313E-24
m_fine: min=  1.8490E+09  max=  1.1921E+10  mean=  7.9488E+09  ||.||2=  3.8602E+12  size=  185445
m_coarse_prev: min=  1.8538E+09  max=  1.1917E+10  mean=  7.9521E+09  ||.||2=  9.6280E+11  size=   11534
 
  compute the residual and the cost function
 WD_amp= 6.08583E+13  RESID_RMS= 4.39012E-02  FCOST_DATA= 9.63658E-04  FCOST0= 9.63658E-04
IA=  6  H(single F0) min= 0.00000E+00  max= 1.00551E-03
IA=  6  H(F0^2)     min= 0.00000E+00  max= 1.00551E-03
IA=  6  H(single F0) min= 0.00000E+00  max= 1.00551E-03
IA=  6  H(F0^2)     min= 0.00000E+00  max= 1.00551E-03
HESSD: ia=   6  min= 0.00000E+00  max= 9.94384E+05
HESSD: ia=   6  min= 0.00000E+00  max= 9.94384E+05
IA=  6  H(single F0) min= 0.00000E+00  max= 1.00551E-03
IA=  6  H(F0^2)     min= 0.00000E+00  max= 1.00551E-03
HESSD: ia=   6  min= 0.00000E+00  max= 9.94384E+05
IA=  6  H(single F0) min= 0.00000E+00  max= 1.00551E-03
IA=  6  H(F0^2)     min= 0.00000E+00  max= 1.00551E-03
HESSD: ia=   6  min= 0.00000E+00  max= 9.94384E+05
IA=  6  H(single F0) min= 0.00000E+00  max= 1.00551E-03
IA=  6  H(F0^2)     min= 0.00000E+00  max= 1.00551E-03
HESSD: ia=   6  min= 0.00000E+00  max= 9.94384E+05
IA=  6  H(single F0) min= 0.00000E+00  max= 1.00551E-03
IA=  6  H(F0^2)     min= 0.00000E+00  max= 1.00551E-03
HESSD: ia=   6  min= 0.00000E+00  max= 9.94384E+05
Grad block   6 GRAD_SCALED MORM =   6.1340E-04
Raw grad block  6  PAR={C66}  min= -2.2264E-14  max=  2.3723E-14  L2=  1.6844E-13
Gradient finished
Start LBFGS 
LBFGS steepest step , iter=      1
  g·p = -2.2852E-03  ||p|| =  2.7969E+01
  min(p)= -2.6867E+00  max(p)=  1.8106E+00
LBFGS p_k (unscaled) stats per active parameter:
  IA=  6  PAR={C66}  min=-1.02899E+10  max= 6.93459E+09  L2= 1.07118E+11
min(p_k)= -2.6867E+00  max(p_k)=  1.8106E+00  ||p_k||=  2.7969E+01
min(p_kf)= -2.6867E+00  max(p_kf)=  1.8106E+00  ||p_kf||=  1.1187E+02
p_k/p_kf  =   2.5000E-01
Start linesearch
BT entry: phi(0)=  9.6366E-04  g·p(0)= -2.2852E-03
 UPDATEPARAMETER: f-scale only
UPDATEPARAMETER PAR_STEP min/max, V_STEP min/max = -3.6248187564E+09  1.6198085106E+10
 -3.6248187564E+09  1.6198085106E+10
REL STEP elastic: k=  6 row=  6 rmax_k=  2.2654E+00 row_scale=  1.1921E+10
BT cap probe: rmax1=  2.2654E+00  alpha_cap=  2.2071E-01  alpha00=  1.0000E+00
 UPDATEPARAMETER: f-scale only
UPDATEPARAMETER PAR_STEP min/max, V_STEP min/max =  1.3203371753E+09  1.2182737134E+10
  1.3203371753E+09  1.2182737134E+10
 running run_ik_loop_pardiso
before CA | VmRSS=  16.231 GB  VmHWM=  95.027 GB
after CA | VmRSS=  17.441 GB  VmHWM=  95.027 GB
after factor | VmRSS=  21.203 GB  VmHWM=  95.027 GB
f=     3.650 Hz | ky=  0.543880E-03 | IK=       1/      55 | t=   17.225000 s | CA=  2.5085 | fact= 12.8099 | GF=  1.9064 | solve=  1.7520 | scatter=  0.0529
f=     3.650 Hz | ky=  0.108776E-02 | IK=       2/      55 | t=    6.898700 s | CA=  2.5517 | fact=  2.5377 | GF=  1.8093 | solve=  1.6861 | scatter=  0.0513
f=     3.650 Hz | ky=  0.163164E-02 | IK=       3/      55 | t=    6.894200 s | CA=  2.5526 | fact=  2.5342 | GF=  1.8074 | solve=  1.6829 | scatter=  0.0522
f=     3.650 Hz | ky=  0.217552E-02 | IK=       4/      55 | t=    6.952400 s | CA=  2.6060 | fact=  2.5409 | GF=  1.8055 | solve=  1.6807 | scatter=  0.0526
f=     3.650 Hz | ky=  0.271940E-02 | IK=       5/      55 | t=    6.923900 s | CA=  2.5868 | fact=  2.5282 | GF=  1.8088 | solve=  1.6856 | scatter=  0.0513
f=     3.650 Hz | ky=  0.326328E-02 | IK=       6/      55 | t=    6.877500 s | CA=  2.6055 | fact=  2.4656 | GF=  1.8063 | solve=  1.6803 | scatter=  0.0539
f=     3.650 Hz | ky=  0.380716E-02 | IK=       7/      55 | t=    6.896600 s | CA=  2.5589 | fact=  2.5307 | GF=  1.8070 | solve=  1.6822 | scatter=  0.0525
f=     3.650 Hz | ky=  0.435104E-02 | IK=       8/      55 | t=    6.884200 s | CA=  2.5518 | fact=  2.5234 | GF=  1.8089 | solve=  1.6843 | scatter=  0.0524
f=     3.650 Hz | ky=  0.489492E-02 | IK=       9/      55 | t=    6.893600 s | CA=  2.5328 | fact=  2.5446 | GF=  1.8162 | solve=  1.6906 | scatter=  0.0534
f=     3.650 Hz | ky=  0.543880E-02 | IK=      10/      55 | t=    6.903000 s | CA=  2.5597 | fact=  2.5354 | GF=  1.8078 | solve=  1.6834 | scatter=  0.0522
PARDISO mem (f=  3.65 Hz): sym=  1.95 GB  perm=  1.42 GB  num=  3.22 GB  
peak=  4.64 GB
 WD_amp= 6.08583E+13  RESID_RMS= 5.07035E-02  FCOST_DATA= 1.28542E-03  FCOST0= 1.28542E-03
BT: alpha=  2.2071E-01  phi=  1.2854E-03  rhs=  9.6361E-04
 UPDATEPARAMETER: f-scale only
UPDATEPARAMETER PAR_STEP min/max, V_STEP min/max =  1.7922060023E+09  1.2049130142E+10
  1.7922060023E+09  1.2049130142E+10
 running run_ik_loop_pardiso
before CA | VmRSS=  16.229 GB  VmHWM=  95.027 GB
after CA | VmRSS=  16.833 GB  VmHWM=  95.027 GB
after factor | VmRSS=  20.594 GB  VmHWM=  95.027 GB
f=     3.650 Hz | ky=  0.543880E-03 | IK=       1/      55 | t=   17.172800 s | CA=  2.4615 | fact= 12.8029 | GF=  1.9082 | solve=  1.7538 | scatter=  0.0528
f=     3.650 Hz | ky=  0.108776E-02 | IK=       2/      55 | t=    6.863100 s | CA=  2.5450 | fact=  2.5182 | GF=  1.7999 | solve=  1.6762 | scatter=  0.0512
f=     3.650 Hz | ky=  0.163164E-02 | IK=       3/      55 | t=    6.879900 s | CA=  2.5619 | fact=  2.5131 | GF=  1.8048 | solve=  1.6817 | scatter=  0.0512
f=     3.650 Hz | ky=  0.217552E-02 | IK=       4/      55 | t=    6.914900 s | CA=  2.5719 | fact=  2.5339 | GF=  1.8091 | solve=  1.6841 | scatter=  0.0531
f=     3.650 Hz | ky=  0.271940E-02 | IK=       5/      55 | t=    6.910700 s | CA=  2.5780 | fact=  2.5280 | GF=  1.8047 | solve=  1.6819 | scatter=  0.0508
f=     3.650 Hz | ky=  0.326328E-02 | IK=       6/      55 | t=    6.838500 s | CA=  2.5297 | fact=  2.5080 | GF=  1.8008 | solve=  1.6776 | scatter=  0.0514
f=     3.650 Hz | ky=  0.380716E-02 | IK=       7/      55 | t=    6.863300 s | CA=  2.5334 | fact=  2.5265 | GF=  1.8033 | solve=  1.6803 | scatter=  0.0512
f=     3.650 Hz | ky=  0.435104E-02 | IK=       8/      55 | t=    6.973200 s | CA=  2.6351 | fact=  2.5317 | GF=  1.8064 | solve=  1.6813 | scatter=  0.0532
f=     3.650 Hz | ky=  0.489492E-02 | IK=       9/      55 | t=    6.949300 s | CA=  2.6086 | fact=  2.5339 | GF=  1.8068 | solve=  1.6799 | scatter=  0.0551
f=     3.650 Hz | ky=  0.543880E-02 | IK=      10/      55 | t=    6.931500 s | CA=  2.5878 | fact=  2.5338 | GF=  1.8099 | solve=  1.6832 | scatter=  0.0548
PARDISO mem (f=  3.65 Hz): sym=  1.95 GB  perm=  1.42 GB  num=  3.22 GB  
peak=  4.64 GB
 WD_amp= 6.08583E+13  RESID_RMS= 4.54302E-02  FCOST_DATA= 1.03195E-03  FCOST0= 1.03195E-03
BT: alpha=  1.1036E-01  phi=  1.0320E-03  rhs=  9.6363E-04
 UPDATEPARAMETER: f-scale only
UPDATEPARAMETER PAR_STEP min/max, V_STEP min/max =  1.8490000000E+09  1.1982326647E+10
  1.8490000000E+09  1.1982326647E+10
 running run_ik_loop_pardiso
before CA | VmRSS=  16.234 GB  VmHWM=  95.027 GB
after CA | VmRSS=  17.040 GB  VmHWM=  95.027 GB
after factor | VmRSS=  20.798 GB  VmHWM=  95.027 GB
f=     3.650 Hz | ky=  0.543880E-03 | IK=       1/      55 | t=   17.181100 s | CA=  2.4817 | fact= 12.7909 | GF=  1.9083 | solve=  1.7523 | scatter=  0.0538
f=     3.650 Hz | ky=  0.108776E-02 | IK=       2/      55 | t=    6.925300 s | CA=  2.5954 | fact=  2.5291 | GF=  1.8008 | solve=  1.6758 | scatter=  0.0531
f=     3.650 Hz | ky=  0.163164E-02 | IK=       3/      55 | t=    6.861400 s | CA=  2.5447 | fact=  2.5143 | GF=  1.8023 | solve=  1.6771 | scatter=  0.0532
f=     3.650 Hz | ky=  0.217552E-02 | IK=       4/      55 | t=    6.877600 s | CA=  2.5442 | fact=  2.5295 | GF=  1.8039 | solve=  1.6802 | scatter=  0.0517
f=     3.650 Hz | ky=  0.271940E-02 | IK=       5/      55 | t=    6.881000 s | CA=  2.5497 | fact=  2.5278 | GF=  1.8035 | solve=  1.6796 | scatter=  0.0518
f=     3.650 Hz | ky=  0.326328E-02 | IK=       6/      55 | t=    6.914800 s | CA=  2.5829 | fact=  2.5289 | GF=  1.8030 | solve=  1.6792 | scatter=  0.0518
f=     3.650 Hz | ky=  0.380716E-02 | IK=       7/      55 | t=    6.905900 s | CA=  2.5622 | fact=  2.5369 | GF=  1.8068 | solve=  1.6827 | scatter=  0.0520
f=     3.650 Hz | ky=  0.435104E-02 | IK=       8/      55 | t=    6.863700 s | CA=  2.5177 | fact=  2.5393 | GF=  1.8066 | solve=  1.6822 | scatter=  0.0524
f=     3.650 Hz | ky=  0.489492E-02 | IK=       9/      55 | t=    6.895000 s | CA=  2.5566 | fact=  2.5342 | GF=  1.8041 | solve=  1.6784 | scatter=  0.0532
f=     3.650 Hz | ky=  0.543880E-02 | IK=      10/      55 | t=    6.892400 s | CA=  2.5544 | fact=  2.5449 | GF=  1.7931 | solve=  1.6694 | scatter=  0.0513
PARDISO mem (f=  3.65 Hz): sym=  1.95 GB  perm=  1.42 GB  num=  3.22 GB  
peak=  4.64 GB
 WD_amp= 6.08583E+13  RESID_RMS= 4.41768E-02  FCOST_DATA= 9.75795E-04  FCOST0= 9.75795E-04
BT: alpha=  5.5178E-02  phi=  9.7580E-04  rhs=  9.6365E-04
 UPDATEPARAMETER: f-scale only
UPDATEPARAMETER PAR_STEP min/max, V_STEP min/max =  1.8490000000E+09  1.1948924899E+10
  1.8490000000E+09  1.1948924899E+10
 running run_ik_loop_pardiso
before CA | VmRSS=  16.232 GB  VmHWM=  95.027 GB
after CA | VmRSS=  16.898 GB  VmHWM=  95.027 GB
after factor | VmRSS=  20.660 GB  VmHWM=  95.027 GB
f=     3.650 Hz | ky=  0.543880E-03 | IK=       1/      55 | t=   17.188400 s | CA=  2.4964 | fact= 12.7858 | GF=  1.9060 | solve=  1.7523 | scatter=  0.0520
f=     3.650 Hz | ky=  0.108776E-02 | IK=       2/      55 | t=    6.845800 s | CA=  2.5327 | fact=  2.5160 | GF=  1.7970 | solve=  1.6724 | scatter=  0.0530
f=     3.650 Hz | ky=  0.163164E-02 | IK=       3/      55 | t=    6.935000 s | CA=  2.6486 | fact=  2.4859 | GF=  1.8004 | solve=  1.6771 | scatter=  0.0514
f=     3.650 Hz | ky=  0.217552E-02 | IK=       4/      55 | t=    6.930300 s | CA=  2.6061 | fact=  2.5208 | GF=  1.8034 | solve=  1.6790 | scatter=  0.0524
f=     3.650 Hz | ky=  0.271940E-02 | IK=       5/      55 | t=    6.913600 s | CA=  2.5932 | fact=  2.5183 | GF=  1.8020 | solve=  1.6771 | scatter=  0.0530
f=     3.650 Hz | ky=  0.326328E-02 | IK=       6/      55 | t=    6.852000 s | CA=  2.5171 | fact=  2.5291 | GF=  1.8057 | solve=  1.6791 | scatter=  0.0545
f=     3.650 Hz | ky=  0.380716E-02 | IK=       7/      55 | t=    6.909400 s | CA=  2.5862 | fact=  2.5213 | GF=  1.8019 | solve=  1.6768 | scatter=  0.0530
f=     3.650 Hz | ky=  0.435104E-02 | IK=       8/      55 | t=    6.875100 s | CA=  2.5463 | fact=  2.5272 | GF=  1.8016 | solve=  1.6770 | scatter=  0.0526
f=     3.650 Hz | ky=  0.489492E-02 | IK=       9/      55 | t=    6.875400 s | CA=  2.5581 | fact=  2.5200 | GF=  1.7973 | solve=  1.6732 | scatter=  0.0522
f=     3.650 Hz | ky=  0.543880E-02 | IK=      10/      55 | t=    6.893200 s | CA=  2.5679 | fact=  2.5196 | GF=  1.8057 | solve=  1.6801 | scatter=  0.0538
PARDISO mem (f=  3.65 Hz): sym=  1.95 GB  perm=  1.42 GB  num=  3.22 GB  
peak=  4.64 GB
 WD_amp= 6.08583E+13  RESID_RMS= 4.40074E-02  FCOST_DATA= 9.68324E-04  FCOST0= 9.68324E-04
BT: alpha=  2.7589E-02  phi=  9.6832E-04  rhs=  9.6365E-04
 UPDATEPARAMETER: f-scale only
UPDATEPARAMETER PAR_STEP min/max, V_STEP min/max =  1.8490000000E+09  1.1932224025E+10
  1.8490000000E+09  1.1932224025E+10
 running run_ik_loop_pardiso
before CA | VmRSS=  16.838 GB  VmHWM=  95.027 GB
after CA | VmRSS=  17.490 GB  VmHWM=  95.027 GB
after factor | VmRSS=  21.253 GB  VmHWM=  95.027 GB
f=     3.650 Hz | ky=  0.543880E-03 | IK=       1/      55 | t=   17.253000 s | CA=  2.5761 | fact= 12.7810 | GF=  1.8957 | solve=  1.7442 | scatter=  0.0498
f=     3.650 Hz | ky=  0.108776E-02 | IK=       2/      55 | t=    6.879700 s | CA=  2.5616 | fact=  2.5258 | GF=  1.7922 | solve=  1.6692 | scatter=  0.0512
f=     3.650 Hz | ky=  0.163164E-02 | IK=       3/      55 | t=    6.917600 s | CA=  2.5863 | fact=  2.5332 | GF=  1.7980 | solve=  1.6722 | scatter=  0.0539
f=     3.650 Hz | ky=  0.217552E-02 | IK=       4/      55 | t=    6.855800 s | CA=  2.5254 | fact=  2.5247 | GF=  1.8056 | solve=  1.6820 | scatter=  0.0515
f=     3.650 Hz | ky=  0.271940E-02 | IK=       5/      55 | t=    6.895500 s | CA=  2.5613 | fact=  2.5296 | GF=  1.8045 | solve=  1.6797 | scatter=  0.0527
f=     3.650 Hz | ky=  0.326328E-02 | IK=       6/      55 | t=    6.885000 s | CA=  2.5580 | fact=  2.5161 | GF=  1.8109 | solve=  1.6846 | scatter=  0.0540
f=     3.650 Hz | ky=  0.380716E-02 | IK=       7/      55 | t=    6.887200 s | CA=  2.5639 | fact=  2.5219 | GF=  1.8014 | solve=  1.6773 | scatter=  0.0521
f=     3.650 Hz | ky=  0.435104E-02 | IK=       8/      55 | t=    6.952100 s | CA=  2.5897 | fact=  2.5329 | GF=  1.8295 | solve=  1.7039 | scatter=  0.0536
f=     3.650 Hz | ky=  0.489492E-02 | IK=       9/      55 | t=    6.938000 s | CA=  2.6071 | fact=  2.5303 | GF=  1.8006 | solve=  1.6760 | scatter=  0.0526
f=     3.650 Hz | ky=  0.543880E-02 | IK=      10/      55 | t=    6.905700 s | CA=  2.5717 | fact=  2.5345 | GF=  1.7994 | solve=  1.6743 | scatter=  0.0532
PARDISO mem (f=  3.65 Hz): sym=  1.95 GB  perm=  1.42 GB  num=  3.22 GB  
peak=  4.64 GB
 WD_amp= 6.08583E+13  RESID_RMS= 4.39403E-02  FCOST_DATA= 9.65374E-04  FCOST0= 9.65374E-04
BT: alpha=  1.3794E-02  phi=  9.6537E-04  rhs=  9.6366E-04
 UPDATEPARAMETER: f-scale only
UPDATEPARAMETER PAR_STEP min/max, V_STEP min/max =  1.8490000000E+09  1.1923873588E+10
  1.8490000000E+09  1.1923873588E+10
 running run_ik_loop_pardiso
before CA | VmRSS=  16.352 GB  VmHWM=  95.027 GB
after CA | VmRSS=  17.237 GB  VmHWM=  95.027 GB
after factor | VmRSS=  21.012 GB  VmHWM=  95.027 GB
f=     3.650 Hz | ky=  0.543880E-03 | IK=       1/      55 | t=   17.185400 s | CA=  2.5245 | fact= 12.7634 | GF=  1.8974 | solve=  1.7448 | scatter=  0.0506
f=     3.650 Hz | ky=  0.108776E-02 | IK=       2/      55 | t=    6.852700 s | CA=  2.5460 | fact=  2.5130 | GF=  1.7936 | solve=  1.6701 | scatter=  0.0517
f=     3.650 Hz | ky=  0.163164E-02 | IK=       3/      55 | t=    6.900300 s | CA=  2.5655 | fact=  2.5352 | GF=  1.7995 | solve=  1.6759 | scatter=  0.0516
f=     3.650 Hz | ky=  0.217552E-02 | IK=       4/      55 | t=    6.878400 s | CA=  2.5382 | fact=  2.5392 | GF=  1.8010 | solve=  1.6765 | scatter=  0.0527
f=     3.650 Hz | ky=  0.271940E-02 | IK=       5/      55 | t=    6.928400 s | CA=  2.5939 | fact=  2.5347 | GF=  1.7998 | solve=  1.6763 | scatter=  0.0512
f=     3.650 Hz | ky=  0.326328E-02 | IK=       6/      55 | t=    6.876700 s | CA=  2.5561 | fact=  2.5203 | GF=  1.8003 | solve=  1.6770 | scatter=  0.0514
f=     3.650 Hz | ky=  0.380716E-02 | IK=       7/      55 | t=    6.886100 s | CA=  2.5828 | fact=  2.5036 | GF=  1.7997 | solve=  1.6764 | scatter=  0.0514
f=     3.650 Hz | ky=  0.435104E-02 | IK=       8/      55 | t=    6.890300 s | CA=  2.5598 | fact=  2.5321 | GF=  1.7983 | solve=  1.6747 | scatter=  0.0517
f=     3.650 Hz | ky=  0.489492E-02 | IK=       9/      55 | t=    6.880800 s | CA=  2.5539 | fact=  2.5268 | GF=  1.8001 | solve=  1.6747 | scatter=  0.0533
f=     3.650 Hz | ky=  0.543880E-02 | IK=      10/      55 | t=    6.872500 s | CA=  2.5692 | fact=  2.5079 | GF=  1.7954 | solve=  1.6718 | scatter=  0.0517
PARDISO mem (f=  3.65 Hz): sym=  1.95 GB  perm=  1.42 GB  num=  3.22 GB  
peak=  4.64 GB
 WD_amp= 6.08583E+13  RESID_RMS= 4.39164E-02  FCOST_DATA= 9.64324E-04  FCOST0= 9.64324E-04
BT: alpha=  6.8972E-03  phi=  9.6432E-04  rhs=  9.6366E-04
 UPDATEPARAMETER: f-scale only
UPDATEPARAMETER PAR_STEP min/max, V_STEP min/max =  1.8490000000E+09  1.1921258638E+10
  1.8490000000E+09  1.1921258638E+10
 running run_ik_loop_pardiso
before CA | VmRSS=  16.245 GB  VmHWM=  95.027 GB
after CA | VmRSS=  17.066 GB  VmHWM=  95.027 GB
after factor | VmRSS=  20.830 GB  VmHWM=  95.027 GB
f=     3.650 Hz | ky=  0.543880E-03 | IK=       1/      55 | t=   17.233900 s | CA=  2.5789 | fact= 12.7498 | GF=  1.9050 | solve=  1.7512 | scatter=  0.0518
f=     3.650 Hz | ky=  0.108776E-02 | IK=       2/      55 | t=    6.927700 s | CA=  2.6009 | fact=  2.5276 | GF=  1.7991 | solve=  1.6749 | scatter=  0.0525
f=     3.650 Hz | ky=  0.163164E-02 | IK=       3/      55 | t=    6.888900 s | CA=  2.5645 | fact=  2.5220 | GF=  1.8024 | solve=  1.6795 | scatter=  0.0508
f=     3.650 Hz | ky=  0.217552E-02 | IK=       4/      55 | t=    6.906900 s | CA=  2.5672 | fact=  2.5363 | GF=  1.8034 | solve=  1.6791 | scatter=  0.0520
f=     3.650 Hz | ky=  0.271940E-02 | IK=       5/      55 | t=    6.895700 s | CA=  2.5901 | fact=  2.5294 | GF=  1.7761 | solve=  1.6516 | scatter=  0.0525
f=     3.650 Hz | ky=  0.326328E-02 | IK=       6/      55 | t=    6.867400 s | CA=  2.5655 | fact=  2.5300 | GF=  1.7718 | solve=  1.6476 | scatter=  0.0522
f=     3.650 Hz | ky=  0.380716E-02 | IK=       7/      55 | t=    6.882400 s | CA=  2.5614 | fact=  2.5490 | GF=  1.7719 | solve=  1.6463 | scatter=  0.0537
f=     3.650 Hz | ky=  0.435104E-02 | IK=       8/      55 | t=    6.886100 s | CA=  2.5578 | fact=  2.5536 | GF=  1.7746 | solve=  1.6503 | scatter=  0.0522
f=     3.650 Hz | ky=  0.489492E-02 | IK=       9/      55 | t=    6.882600 s | CA=  2.5858 | fact=  2.5234 | GF=  1.7734 | solve=  1.6495 | scatter=  0.0518
f=     3.650 Hz | ky=  0.543880E-02 | IK=      10/      55 | t=    6.871900 s | CA=  2.5977 | fact=  2.5325 | GF=  1.7416 | solve=  1.6174 | scatter=  0.0521
PARDISO mem (f=  3.65 Hz): sym=  1.95 GB  perm=  1.42 GB  num=  3.22 GB  
peak=  4.64 GB
 WD_amp= 6.08583E+13  RESID_RMS= 4.39076E-02  FCOST_DATA= 9.63940E-04  FCOST0= 9.63940E-04
BT: alpha=  3.4486E-03  phi=  9.6394E-04  rhs=  9.6366E-04
 UPDATEPARAMETER: f-scale only
UPDATEPARAMETER PAR_STEP min/max, V_STEP min/max =  1.8490000000E+09  1.1921308427E+10
  1.8490000000E+09  1.1921308427E+10
 running run_ik_loop_pardiso
before CA | VmRSS=  16.338 GB  VmHWM=  95.027 GB
after CA | VmRSS=  17.430 GB  VmHWM=  95.027 GB
after factor | VmRSS=  21.198 GB  VmHWM=  95.027 GB
f=     3.650 Hz | ky=  0.543880E-03 | IK=       1/      55 | t=   17.195300 s | CA=  2.5017 | fact= 12.7880 | GF=  1.9054 | solve=  1.7512 | scatter=  0.0523
f=     3.650 Hz | ky=  0.108776E-02 | IK=       2/      55 | t=    6.844800 s | CA=  2.5446 | fact=  2.4947 | GF=  1.8054 | solve=  1.6814 | scatter=  0.0522
f=     3.650 Hz | ky=  0.163164E-02 | IK=       3/      55 | t=    6.869900 s | CA=  2.5382 | fact=  2.5258 | GF=  1.8059 | solve=  1.6814 | scatter=  0.0526
f=     3.650 Hz | ky=  0.217552E-02 | IK=       4/      55 | t=    6.866700 s | CA=  2.5503 | fact=  2.5089 | GF=  1.8074 | solve=  1.6842 | scatter=  0.0511
f=     3.650 Hz | ky=  0.271940E-02 | IK=       5/      55 | t=    6.892900 s | CA=  2.5702 | fact=  2.5158 | GF=  1.8069 | solve=  1.6823 | scatter=  0.0526
f=     3.650 Hz | ky=  0.326328E-02 | IK=       6/      55 | t=    6.909600 s | CA=  2.5879 | fact=  2.5229 | GF=  1.7988 | solve=  1.6752 | scatter=  0.0516
f=     3.650 Hz | ky=  0.380716E-02 | IK=       7/      55 | t=    6.912100 s | CA=  2.5880 | fact=  2.5178 | GF=  1.8063 | solve=  1.6824 | scatter=  0.0519
f=     3.650 Hz | ky=  0.435104E-02 | IK=       8/      55 | t=    6.906500 s | CA=  2.5821 | fact=  2.5217 | GF=  1.8027 | solve=  1.6781 | scatter=  0.0526
f=     3.650 Hz | ky=  0.489492E-02 | IK=       9/      55 | t=    6.910000 s | CA=  2.5626 | fact=  2.5429 | GF=  1.8045 | solve=  1.6812 | scatter=  0.0507
f=     3.650 Hz | ky=  0.543880E-02 | IK=      10/      55 | t=    6.922500 s | CA=  2.5800 | fact=  2.5368 | GF=  1.8056 | solve=  1.6817 | scatter=  0.0517
PARDISO mem (f=  3.65 Hz): sym=  1.95 GB  perm=  1.42 GB  num=  3.22 GB  
peak=  4.64 GB
 WD_amp= 6.08583E+13  RESID_RMS= 4.39041E-02  FCOST_DATA= 9.63786E-04  FCOST0= 9.63786E-04
BT: alpha=  1.7243E-03  phi=  9.6379E-04  rhs=  9.6366E-04
 UPDATEPARAMETER: f-scale only
UPDATEPARAMETER PAR_STEP min/max, V_STEP min/max =  1.8490000000E+09  1.1921333321E+10
  1.8490000000E+09  1.1921333321E+10
 running run_ik_loop_pardiso
before CA | VmRSS=  16.242 GB  VmHWM=  95.027 GB
after CA | VmRSS=  17.073 GB  VmHWM=  95.027 GB
after factor | VmRSS=  20.833 GB  VmHWM=  95.027 GB
f=     3.650 Hz | ky=  0.543880E-03 | IK=       1/      55 | t=   17.235900 s | CA=  2.5347 | fact= 12.7878 | GF=  1.9132 | solve=  1.7592 | scatter=  0.0520
f=     3.650 Hz | ky=  0.108776E-02 | IK=       2/      55 | t=    6.909700 s | CA=  2.5647 | fact=  2.5337 | GF=  1.8112 | solve=  1.6860 | scatter=  0.0532
f=     3.650 Hz | ky=  0.163164E-02 | IK=       3/      55 | t=    6.898300 s | CA=  2.5577 | fact=  2.5391 | GF=  1.8015 | solve=  1.6781 | scatter=  0.0514
f=     3.650 Hz | ky=  0.217552E-02 | IK=       4/      55 | t=    6.884300 s | CA=  2.5580 | fact=  2.5252 | GF=  1.8011 | solve=  1.6778 | scatter=  0.0512
f=     3.650 Hz | ky=  0.271940E-02 | IK=       5/      55 | t=    6.873700 s | CA=  2.5429 | fact=  2.5263 | GF=  1.8045 | solve=  1.6791 | scatter=  0.0534
f=     3.650 Hz | ky=  0.326328E-02 | IK=       6/      55 | t=    6.909900 s | CA=  2.5799 | fact=  2.5268 | GF=  1.8032 | solve=  1.6793 | scatter=  0.0518
f=     3.650 Hz | ky=  0.380716E-02 | IK=       7/      55 | t=    6.862100 s | CA=  2.5457 | fact=  2.5104 | GF=  1.8060 | solve=  1.6812 | scatter=  0.0529
f=     3.650 Hz | ky=  0.435104E-02 | IK=       8/      55 | t=    6.905600 s | CA=  2.5688 | fact=  2.5315 | GF=  1.8053 | solve=  1.6807 | scatter=  0.0525
f=     3.650 Hz | ky=  0.489492E-02 | IK=       9/      55 | t=    6.910200 s | CA=  2.5818 | fact=  2.5302 | GF=  1.7982 | solve=  1.6739 | scatter=  0.0522
f=     3.650 Hz | ky=  0.543880E-02 | IK=      10/      55 | t=    6.904400 s | CA=  2.5644 | fact=  2.5358 | GF=  1.8041 | solve=  1.6801 | scatter=  0.0521
PARDISO mem (f=  3.65 Hz): sym=  1.95 GB  perm=  1.42 GB  num=  3.22 GB  
peak=  4.64 GB
 WD_amp= 6.08583E+13  RESID_RMS= 4.39026E-02  FCOST_DATA= 9.63719E-04  FCOST0= 9.63719E-04
BT: alpha=  8.6215E-04  phi=  9.6372E-04  rhs=  9.6366E-04
 UPDATEPARAMETER: f-scale only
UPDATEPARAMETER PAR_STEP min/max, V_STEP min/max =  1.8490000000E+09  1.1921345768E+10
  1.8490000000E+09  1.1921345768E+10
 running run_ik_loop_pardiso
before CA | VmRSS=  16.242 GB  VmHWM=  95.027 GB
after CA | VmRSS=  17.080 GB  VmHWM=  95.027 GB
after factor | VmRSS=  20.847 GB  VmHWM=  95.027 GB
f=     3.650 Hz | ky=  0.543880E-03 | IK=       1/      55 | t=   17.182500 s | CA=  2.5026 | fact= 12.7779 | GF=  1.9018 | solve=  1.7490 | scatter=  0.0512
f=     3.650 Hz | ky=  0.108776E-02 | IK=       2/      55 | t=    6.859000 s | CA=  2.5495 | fact=  2.5122 | GF=  1.7972 | solve=  1.6725 | scatter=  0.0528
f=     3.650 Hz | ky=  0.163164E-02 | IK=       3/      55 | t=    6.867400 s | CA=  2.5631 | fact=  2.5037 | GF=  1.8006 | solve=  1.6766 | scatter=  0.0520
f=     3.650 Hz | ky=  0.217552E-02 | IK=       4/      55 | t=    6.902100 s | CA=  2.5749 | fact=  2.5292 | GF=  1.7979 | solve=  1.6751 | scatter=  0.0509
f=     3.650 Hz | ky=  0.271940E-02 | IK=       5/      55 | t=    6.881600 s | CA=  2.5801 | fact=  2.4988 | GF=  1.8026 | solve=  1.6776 | scatter=  0.0531
f=     3.650 Hz | ky=  0.326328E-02 | IK=       6/      55 | t=    6.822900 s | CA=  2.5434 | fact=  2.4766 | GF=  1.8029 | solve=  1.6793 | scatter=  0.0516
f=     3.650 Hz | ky=  0.380716E-02 | IK=       7/      55 | t=    6.871000 s | CA=  2.5458 | fact=  2.5300 | GF=  1.7952 | solve=  1.6716 | scatter=  0.0517
f=     3.650 Hz | ky=  0.435104E-02 | IK=       8/      55 | t=    6.889700 s | CA=  2.5531 | fact=  2.5284 | GF=  1.8082 | solve=  1.6833 | scatter=  0.0528
f=     3.650 Hz | ky=  0.489492E-02 | IK=       9/      55 | t=    6.958400 s | CA=  2.6251 | fact=  2.5297 | GF=  1.8035 | solve=  1.6783 | scatter=  0.0529
f=     3.650 Hz | ky=  0.543880E-02 | IK=      10/      55 | t=    6.848500 s | CA=  2.5718 | fact=  2.4767 | GF=  1.8000 | solve=  1.6751 | scatter=  0.0527
PARDISO mem (f=  3.65 Hz): sym=  1.95 GB  perm=  1.42 GB  num=  3.22 GB  
peak=  4.64 GB
 WD_amp= 6.08583E+13  RESID_RMS= 4.39019E-02  FCOST_DATA= 9.63688E-04  FCOST0= 9.63688E-04
BT: alpha=  4.3108E-04  phi=  9.6369E-04  rhs=  9.6366E-04
 UPDATEPARAMETER: f-scale only
UPDATEPARAMETER PAR_STEP min/max, V_STEP min/max =  1.8490000000E+09  1.1921351991E+10
  1.8490000000E+09  1.1921351991E+10
 running run_ik_loop_pardiso
before CA | VmRSS=  16.245 GB  VmHWM=  95.027 GB
after CA | VmRSS=  17.058 GB  VmHWM=  95.027 GB
after factor | VmRSS=  20.822 GB  VmHWM=  95.027 GB
f=     3.650 Hz | ky=  0.543880E-03 | IK=       1/      55 | t=   17.156600 s | CA=  2.5407 | fact= 12.7142 | GF=  1.9015 | solve=  1.7479 | scatter=  0.0520
f=     3.650 Hz | ky=  0.108776E-02 | IK=       2/      55 | t=    6.897400 s | CA=  2.5769 | fact=  2.5170 | GF=  1.8035 | solve=  1.6778 | scatter=  0.0538
f=     3.650 Hz | ky=  0.163164E-02 | IK=       3/      55 | t=    6.890200 s | CA=  2.5914 | fact=  2.5007 | GF=  1.7981 | solve=  1.6740 | scatter=  0.0519
f=     3.650 Hz | ky=  0.217552E-02 | IK=       4/      55 | t=    6.888100 s | CA=  2.5582 | fact=  2.5298 | GF=  1.8001 | solve=  1.6743 | scatter=  0.0541
f=     3.650 Hz | ky=  0.271940E-02 | IK=       5/      55 | t=    6.947600 s | CA=  2.6140 | fact=  2.5272 | GF=  1.8064 | solve=  1.6837 | scatter=  0.0507
f=     3.650 Hz | ky=  0.326328E-02 | IK=       6/      55 | t=    6.885100 s | CA=  2.5528 | fact=  2.5283 | GF=  1.8039 | solve=  1.6802 | scatter=  0.0517
f=     3.650 Hz | ky=  0.380716E-02 | IK=       7/      55 | t=    6.865300 s | CA=  2.5447 | fact=  2.5132 | GF=  1.8074 | solve=  1.6833 | scatter=  0.0522
f=     3.650 Hz | ky=  0.435104E-02 | IK=       8/      55 | t=    6.886300 s | CA=  2.5444 | fact=  2.5312 | GF=  1.8106 | solve=  1.6866 | scatter=  0.0519
f=     3.650 Hz | ky=  0.489492E-02 | IK=       9/      55 | t=    6.917300 s | CA=  2.5729 | fact=  2.5427 | GF=  1.8017 | solve=  1.6767 | scatter=  0.0529
f=     3.650 Hz | ky=  0.543880E-02 | IK=      10/      55 | t=    6.840000 s | CA=  2.5366 | fact=  2.4973 | GF=  1.8061 | solve=  1.6819 | scatter=  0.0523
PARDISO mem (f=  3.65 Hz): sym=  1.95 GB  perm=  1.42 GB  num=  3.22 GB  
peak=  4.64 GB
 WD_amp= 6.08583E+13  RESID_RMS= 4.39015E-02  FCOST_DATA= 9.63673E-04  FCOST0= 9.63673E-04
BT: alpha=  2.1554E-04  phi=  9.6367E-04  rhs=  9.6366E-04
 UPDATEPARAMETER: f-scale only
UPDATEPARAMETER PAR_STEP min/max, V_STEP min/max =  1.8490000000E+09  1.1921355103E+10
  1.8490000000E+09  1.1921355103E+10
 running run_ik_loop_pardiso
before CA | VmRSS=  16.233 GB  VmHWM=  95.027 GB
after CA | VmRSS=  17.233 GB  VmHWM=  95.027 GB
after factor | VmRSS=  20.999 GB  VmHWM=  95.027 GB
f=     3.650 Hz | ky=  0.543880E-03 | IK=       1/      55 | t=   17.282200 s | CA=  2.5905 | fact= 12.7847 | GF=  1.9068 | solve=  1.7525 | scatter=  0.0529
f=     3.650 Hz | ky=  0.108776E-02 | IK=       2/      55 | t=    6.910800 s | CA=  2.5767 | fact=  2.5348 | GF=  1.7993 | solve=  1.6746 | scatter=  0.0530
f=     3.650 Hz | ky=  0.163164E-02 | IK=       3/      55 | t=    6.906600 s | CA=  2.6068 | fact=  2.4981 | GF=  1.8016 | solve=  1.6772 | scatter=  0.0524
f=     3.650 Hz | ky=  0.217552E-02 | IK=       4/      55 | t=    6.892300 s | CA=  2.5656 | fact=  2.5213 | GF=  1.8054 | solve=  1.6804 | scatter=  0.0530
f=     3.650 Hz | ky=  0.271940E-02 | IK=       5/      55 | t=    6.880900 s | CA=  2.5507 | fact=  2.5267 | GF=  1.8034 | solve=  1.6799 | scatter=  0.0515
f=     3.650 Hz | ky=  0.326328E-02 | IK=       6/      55 | t=    6.872500 s | CA=  2.5460 | fact=  2.5136 | GF=  1.8129 | solve=  1.6890 | scatter=  0.0520
f=     3.650 Hz | ky=  0.380716E-02 | IK=       7/      55 | t=    7.018900 s | CA=  2.6855 | fact=  2.5281 | GF=  1.8053 | solve=  1.6783 | scatter=  0.0549
f=     3.650 Hz | ky=  0.435104E-02 | IK=       8/      55 | t=    6.897500 s | CA=  2.5635 | fact=  2.5293 | GF=  1.8047 | solve=  1.6820 | scatter=  0.0507
f=     3.650 Hz | ky=  0.489492E-02 | IK=       9/      55 | t=    6.932000 s | CA=  2.6155 | fact=  2.5150 | GF=  1.8014 | solve=  1.6775 | scatter=  0.0518
f=     3.650 Hz | ky=  0.543880E-02 | IK=      10/      55 | t=    6.914900 s | CA=  2.5941 | fact=  2.5223 | GF=  1.7985 | solve=  1.6742 | scatter=  0.0523
PARDISO mem (f=  3.65 Hz): sym=  1.95 GB  perm=  1.42 GB  num=  3.22 GB  
peak=  4.64 GB
 WD_amp= 6.08583E+13  RESID_RMS= 4.39014E-02  FCOST_DATA= 9.63665E-04  FCOST0= 9.63665E-04
BT: alpha=  1.0777E-04  phi=  9.6367E-04  rhs=  9.6366E-04
BT STOP (stagnation): alpha=  1.0777E-04  FCOST1=  9.6367E-04  FCOST0=  9.6366E-04
 UPDATEPARAMETER: f-scale only
UPDATEPARAMETER PAR_STEP min/max, V_STEP min/max =  1.8490000000E+09  1.1921357926E+10
  1.8490000000E+09  1.1921357926E+10
 running run_ik_loop_pardiso
before CA | VmRSS=  16.229 GB  VmHWM=  95.027 GB
after CA | VmRSS=  17.275 GB  VmHWM=  95.027 GB
after factor | VmRSS=  21.039 GB  VmHWM=  95.027 GB
f=     3.650 Hz | ky=  0.543880E-03 | IK=       1/      55 | t=   17.171200 s | CA=  2.4743 | fact= 12.7880 | GF=  1.9087 | solve=  1.7543 | scatter=  0.0526
f=     3.650 Hz | ky=  0.108776E-02 | IK=       2/      55 | t=    6.868200 s | CA=  2.5507 | fact=  2.5185 | GF=  1.7990 | solve=  1.6759 | scatter=  0.0512
f=     3.650 Hz | ky=  0.163164E-02 | IK=       3/      55 | t=    6.914300 s | CA=  2.5937 | fact=  2.5210 | GF=  1.7996 | solve=  1.6769 | scatter=  0.0507
f=     3.650 Hz | ky=  0.217552E-02 | IK=       4/      55 | t=    6.878600 s | CA=  2.5586 | fact=  2.5226 | GF=  1.7973 | solve=  1.6742 | scatter=  0.0511
f=     3.650 Hz | ky=  0.271940E-02 | IK=       5/      55 | t=    6.892600 s | CA=  2.5696 | fact=  2.5215 | GF=  1.8015 | solve=  1.6783 | scatter=  0.0513
f=     3.650 Hz | ky=  0.326328E-02 | IK=       6/      55 | t=    6.845500 s | CA=  2.5584 | fact=  2.5127 | GF=  1.7744 | solve=  1.6517 | scatter=  0.0507
f=     3.650 Hz | ky=  0.380716E-02 | IK=       7/      55 | t=    6.951100 s | CA=  2.6379 | fact=  2.5328 | GF=  1.7804 | solve=  1.6555 | scatter=  0.0529
f=     3.650 Hz | ky=  0.435104E-02 | IK=       8/      55 | t=    6.888900 s | CA=  2.5707 | fact=  2.5477 | GF=  1.7705 | solve=  1.6466 | scatter=  0.0519
f=     3.650 Hz | ky=  0.489492E-02 | IK=       9/      55 | t=    6.938800 s | CA=  2.6560 | fact=  2.5083 | GF=  1.7745 | solve=  1.6503 | scatter=  0.0524
f=     3.650 Hz | ky=  0.543880E-02 | IK=      10/      55 | t=    6.886800 s | CA=  2.5599 | fact=  2.5440 | GF=  1.7829 | solve=  1.6587 | scatter=  0.0522
PARDISO mem (f=  3.65 Hz): sym=  1.95 GB  perm=  1.42 GB  num=  3.22 GB  
peak=  4.64 GB
 WD_amp= 6.08583E+13  RESID_RMS= 4.39012E-02  FCOST_DATA= 9.63659E-04  FCOST0= 9.63659E-04
 Backtrack: failed after MAX_IT
 Line search failed (IFLAG=          11 ), inversion diverged.
 --------- Frequency   3.95000000000000       (band            1 )
Data weighting computed for frequency 4607182418800017373
[ComputeAcqWeight] empty acq_weight_file, using uniform weights = 1.0
Data weighting computed for frequency 4607182418800017373
Data weighting computed for frequency 4607182418800017373
Data weighting computed for frequency 4607182418800017373
Data weighting computed for frequency 4607182418800017373
XSRmin, XSRmax, ZSRmin, ZSRMax -1960.000000000000 .000000000000000 2050.000000000000 4030.000000000000
1 FKYC
1.2 FKYC
my_rank, FKYC,WLMAX, RMAX 0 .3237206343046874E-01 1296.906024010828 2786.036611389018
1.1 NK
NK in cky2= 55

  Number of wavenumber samples (NK) for FREQ =   55
  RMAX = 2786.04
Data weighting computed for frequency 4607182418800017373
--- Pre-solver preview (memory + RHS workload) ---
   GQG dims: NNX=       585  NNZ=       317  NPT=    185445
   DOF:     N=3*NPT =    556335
   Sources: NSR=       100  NSS=        20  NK=        55
   RHS total (per IK): nrhs_tot=3*NSS =        60
   Batch:    MAX_RHS_BATCH=        32  nbatches=         2
   GFMY  (GFX+GFY+GFZ):         13.679 GB
   RHS_MY(rhs+sol buffers):      0.531 GB
 
 running run_ik_loop_pardiso
before CA | VmRSS=  15.397 GB  VmHWM=  95.027 GB
after CA | VmRSS=  16.915 GB  VmHWM=  95.027 GB
after factor | VmRSS=  20.688 GB  VmHWM=  95.027 GB
f=     3.950 Hz | ky=  0.588583E-03 | IK=       1/      55 | t=   17.205400 s | CA=  2.5445 | fact= 12.7615 | GF=  1.8991 | solve=  1.7471 | scatter=  0.0507
f=     3.950 Hz | ky=  0.117717E-02 | IK=       2/      55 | t=    6.894700 s | CA=  2.5978 | fact=  2.4990 | GF=  1.7979 | solve=  1.6723 | scatter=  0.0538
f=     3.950 Hz | ky=  0.176575E-02 | IK=       3/      55 | t=    6.856400 s | CA=  2.5568 | fact=  2.5012 | GF=  1.7984 | solve=  1.6751 | scatter=  0.0513
f=     3.950 Hz | ky=  0.235433E-02 | IK=       4/      55 | t=    6.883500 s | CA=  2.5715 | fact=  2.5130 | GF=  1.7990 | solve=  1.6745 | scatter=  0.0526
f=     3.950 Hz | ky=  0.294291E-02 | IK=       5/      55 | t=    6.880300 s | CA=  2.5560 | fact=  2.5188 | GF=  1.8055 | solve=  1.6812 | scatter=  0.0524
f=     3.950 Hz | ky=  0.353150E-02 | IK=       6/      55 | t=    6.947900 s | CA=  2.6014 | fact=  2.5338 | GF=  1.8127 | solve=  1.6865 | scatter=  0.0543
f=     3.950 Hz | ky=  0.412008E-02 | IK=       7/      55 | t=    6.960200 s | CA=  2.6237 | fact=  2.5329 | GF=  1.8036 | solve=  1.6779 | scatter=  0.0536
f=     3.950 Hz | ky=  0.470866E-02 | IK=       8/      55 | t=    6.967700 s | CA=  2.6277 | fact=  2.5418 | GF=  1.7982 | solve=  1.6729 | scatter=  0.0531
f=     3.950 Hz | ky=  0.529725E-02 | IK=       9/      55 | t=    6.931500 s | CA=  2.6106 | fact=  2.5180 | GF=  1.8028 | solve=  1.6802 | scatter=  0.0506
f=     3.950 Hz | ky=  0.588583E-02 | IK=      10/      55 | t=    6.887700 s | CA=  2.5572 | fact=  2.5304 | GF=  1.8000 | solve=  1.6764 | scatter=  0.0516
PARDISO mem (f=  3.95 Hz): sym=  1.95 GB  perm=  1.42 GB  num=  3.22 GB  
peak=  4.64 GB
t_global   =    116.285 s
TIME for 1st forward modeling =  1.938234965006510  min
TIME for GT0 =  .5103333294391632E-02  min
Data scaler W for L2 norm: 62317002446034.46
Data scaler W for WQS norm: .3395193265742062E-312
Total number of active inversion parameters for current sequential stage (IM):          1
Total model blocks points (NM = IM * NBLOCK):      11534 on grid (NMM = IM * NPT):    185445
 Gradient balance ():   1.00000000000000        1.00000000000000     
   1.00000000000000        1.00000000000000        1.00000000000000     
   1.00000000000000        1.00000000000000        1.00000000000000     
   1.00000000000000        1.00000000000000        1.00000000000000     
 IE0, IZ          30           0
 IE0, IZ, GZ1, GZ2 =           30           0   100.000000000000     
   300.000000000000     
  
 Frequency:           4 Iteration:           1
--- Pre-solver preview (memory + RHS workload) ---
   GQG dims: NNX=       585  NNZ=       317  NPT=    185445
   DOF:     N=3*NPT =    556335
   Sources: NSR=       100  NSS=       100  NK=        55
   RHS total (per IK): nrhs_tot=3*NSS =       300
   Batch:    MAX_RHS_BATCH=        32  nbatches=        10
   GFMY  (GFX+GFY+GFZ):         68.393 GB
   RHS_MY(rhs+sol buffers):      0.531 GB
 
 running run_ik_loop_pardiso
before CA | VmRSS=  71.008 GB  VmHWM=  95.027 GB
after CA | VmRSS=  72.421 GB  VmHWM=  95.027 GB
after factor | VmRSS=  76.183 GB  VmHWM=  95.027 GB
f=     3.950 Hz | ky=  0.588583E-03 | IK=       1/      55 | t=   24.135600 s | CA=  2.4836 | fact= 12.7877 | GF=  8.8641 | solve=  8.2100 | scatter=  0.2520
f=     3.950 Hz | ky=  0.117717E-02 | IK=       2/      55 | t=   13.879800 s | CA=  2.5790 | fact=  2.5177 | GF=  8.7831 | solve=  8.1573 | scatter=  0.2535
f=     3.950 Hz | ky=  0.176575E-02 | IK=       3/      55 | t=   13.835000 s | CA=  2.5238 | fact=  2.5247 | GF=  8.7865 | solve=  8.1596 | scatter=  0.2539
f=     3.950 Hz | ky=  0.235433E-02 | IK=       4/      55 | t=   13.862000 s | CA=  2.5304 | fact=  2.5269 | GF=  8.8047 | solve=  8.1779 | scatter=  0.2531
f=     3.950 Hz | ky=  0.294291E-02 | IK=       5/      55 | t=   13.943000 s | CA=  2.5860 | fact=  2.5386 | GF=  8.8184 | solve=  8.1921 | scatter=  0.2527
f=     3.950 Hz | ky=  0.353150E-02 | IK=       6/      55 | t=   13.947100 s | CA=  2.6364 | fact=  2.5251 | GF=  8.7856 | solve=  8.1557 | scatter=  0.2559
f=     3.950 Hz | ky=  0.412008E-02 | IK=       7/      55 | t=   13.886600 s | CA=  2.5902 | fact=  2.5315 | GF=  8.7649 | solve=  8.1378 | scatter=  0.2536
f=     3.950 Hz | ky=  0.470866E-02 | IK=       8/      55 | t=   13.851200 s | CA=  2.5469 | fact=  2.5297 | GF=  8.7746 | solve=  8.1482 | scatter=  0.2528
f=     3.950 Hz | ky=  0.529725E-02 | IK=       9/      55 | t=   13.909400 s | CA=  2.5729 | fact=  2.5325 | GF=  8.8040 | solve=  8.1762 | scatter=  0.2545
f=     3.950 Hz | ky=  0.588583E-02 | IK=      10/      55 | t=   13.846100 s | CA=  2.5582 | fact=  2.5368 | GF=  8.7511 | solve=  8.1260 | scatter=  0.2516
PARDISO mem (f=  3.95 Hz): sym=  1.95 GB  perm=  1.42 GB  num=  3.22 GB  
peak=  4.64 GB
t_global   =    332.968 s
TIME for 2d forward modeling_i calc =  5.547618103027344 min
Rank    5 -> ID range:   4001 to   4800 | Tasks:    800
Rank    4 -> ID range:   3201 to   4000 | Tasks:    800
Rank    2 -> ID range:   1601 to   2400 | Tasks:    800
Rank    1 -> ID range:    801 to   1600 | Tasks:    800
Rank    3 -> ID range:   2401 to   3200 | Tasks:    800
  
 -------------- calculate Frechet derivatives -----------
 IFREQ =           4    ITERATION =           1
Frechet memory size Frec_my:      0.825 (Gb)
Rank    0 -> ID range:      1 to    800 | Tasks:    800
FREQ:      4.0 Hz, ITER=       1  Frechet Derivative ID=     100/    4800 Finished   0.217600 s
FREQ:      4.0 Hz, ITER=       1  Frechet Derivative ID=     200/    4800 Finished   0.216300 s
FREQ:      4.0 Hz, ITER=       1  Frechet Derivative ID=     300/    4800 Finished   0.215500 s
FREQ:      4.0 Hz, ITER=       1  Frechet Derivative ID=     400/    4800 Finished   0.196700 s
FREQ:      4.0 Hz, ITER=       1  Frechet Derivative ID=     500/    4800 Finished   0.207600 s
FREQ:      4.0 Hz, ITER=       1  Frechet Derivative ID=     600/    4800 Finished   0.206800 s
FREQ:      4.0 Hz, ITER=       1  Frechet Derivative ID=     700/    4800 Finished   0.205900 s
FREQ:      4.0 Hz, ITER=       1  Frechet Derivative ID=     800/    4800 Finished   0.204300 s
||Frechet||_F=  1.7725E-19max|Frechet|=  4.1122E-24
||Frechet||_F=  1.7725E-19max|Frechet|=  4.1122E-24
||Frechet||_F=  1.7725E-19max|Frechet|=  4.1122E-24
||Frechet||_F=  1.7725E-19max|Frechet|=  4.1122E-24
||Frechet||_F=  1.7725E-19max|Frechet|=  4.1122E-24
 
TIME for Frechet calc =  2.983738454182943 min
 
m_fine: min=  1.8490E+09  max=  1.1921E+10  mean=  7.9488E+09  ||.||2=  3.8602E+12  size=  185445
m_coarse_prev: min=  1.8538E+09  max=  1.1917E+10  mean=  7.9521E+09  ||.||2=  9.6280E+11  size=   11534
 
  compute the residual and the cost function
 WD_amp= 6.23170E+13  RESID_RMS= 4.36819E-02  FCOST_DATA= 9.54054E-04  FCOST0= 9.54054E-04
||Frechet||_F=  1.7725E-19max|Frechet|=  4.1122E-24
IA=  6  H(single F0) min= 0.00000E+00  max= 9.43420E-04
IA=  6  H(F0^2)     min= 0.00000E+00  max= 9.43420E-04
HESSD: ia=   6  min= 0.00000E+00  max= 1.05965E+06
IA=  6  H(single F0) min= 0.00000E+00  max= 9.43420E-04
IA=  6  H(F0^2)     min= 0.00000E+00  max= 9.43420E-04
HESSD: ia=   6  min= 0.00000E+00  max= 1.05965E+06
IA=  6  H(single F0) min= 0.00000E+00  max= 9.43420E-04
IA=  6  H(F0^2)     min= 0.00000E+00  max= 9.43420E-04
HESSD: ia=   6  min= 0.00000E+00  max= 1.05965E+06
IA=  6  H(single F0) min= 0.00000E+00  max= 9.43420E-04
IA=  6  H(F0^2)     min= 0.00000E+00  max= 9.43420E-04
HESSD: ia=   6  min= 0.00000E+00  max= 1.05965E+06
IA=  6  H(single F0) min= 0.00000E+00  max= 9.43420E-04
IA=  6  H(F0^2)     min= 0.00000E+00  max= 9.43420E-04
HESSD: ia=   6  min= 0.00000E+00  max= 1.05965E+06
IA=  6  H(single F0) min= 0.00000E+00  max= 9.43420E-04
IA=  6  H(F0^2)     min= 0.00000E+00  max= 9.43420E-04
HESSD: ia=   6  min= 0.00000E+00  max= 1.05965E+06
Grad block   6 GRAD_SCALED MORM =   5.9671E-04
Raw grad block  6  PAR={C66}  min= -2.6111E-14  max=  2.1482E-14  L2=  1.6812E-13
Gradient finished
Start LBFGS 
LBFGS steepest step , iter=      1
  g·p = -3.0208E-03  ||p|| =  3.0867E+01
  min(p)= -2.3885E+00  max(p)=  1.7031E+00
LBFGS p_k (unscaled) stats per active parameter:
  IA=  6  PAR={C66}  min=-9.14770E+09  max= 6.52279E+09  L2= 1.18219E+11
min(p_k)= -2.3885E+00  max(p_k)=  1.7031E+00  ||p_k||=  3.0867E+01
min(p_kf)= -2.3885E+00  max(p_kf)=  1.7031E+00  ||p_kf||=  1.2347E+02
p_k/p_kf  =   2.5000E-01
Start linesearch
BT entry: phi(0)=  9.5405E-04  g·p(0)= -3.0208E-03
 UPDATEPARAMETER: f-scale only
UPDATEPARAMETER PAR_STEP min/max, V_STEP min/max = -4.3238595999E+09  1.4980319090E+10
 -4.3238595999E+09  1.4980319090E+10
REL STEP elastic: k=  6 row=  6 rmax_k=  2.3724E+00 row_scale=  1.1921E+10
BT cap probe: rmax1=  2.3724E+00  alpha_cap=  2.1076E-01  alpha00=  1.0000E+00
 UPDATEPARAMETER: f-scale only
UPDATEPARAMETER PAR_STEP min/max, V_STEP min/max =  1.0473998942E+09  1.2084999584E+10
  1.0473998942E+09  1.2084999584E+10
 running run_ik_loop_pardiso
before CA | VmRSS=  16.253 GB  VmHWM=  95.027 GB
after CA | VmRSS=  16.851 GB  VmHWM=  95.027 GB
after factor | VmRSS=  20.614 GB  VmHWM=  95.027 GB
f=     3.950 Hz | ky=  0.588583E-03 | IK=       1/      55 | t=   17.184500 s | CA=  2.4937 | fact= 12.7845 | GF=  1.9061 | solve=  1.7520 | scatter=  0.0526
f=     3.950 Hz | ky=  0.117717E-02 | IK=       2/      55 | t=    6.876200 s | CA=  2.5761 | fact=  2.5036 | GF=  1.7965 | solve=  1.6731 | scatter=  0.0516
f=     3.950 Hz | ky=  0.176575E-02 | IK=       3/      55 | t=    6.923200 s | CA=  2.5992 | fact=  2.5193 | GF=  1.8047 | solve=  1.6809 | scatter=  0.0517
f=     3.950 Hz | ky=  0.235433E-02 | IK=       4/      55 | t=    6.943200 s | CA=  2.6323 | fact=  2.5141 | GF=  1.7967 | solve=  1.6721 | scatter=  0.0525
f=     3.950 Hz | ky=  0.294291E-02 | IK=       5/      55 | t=    6.916200 s | CA=  2.5861 | fact=  2.5308 | GF=  1.7992 | solve=  1.6767 | scatter=  0.0506
f=     3.950 Hz | ky=  0.353150E-02 | IK=       6/      55 | t=    6.992100 s | CA=  2.6523 | fact=  2.5301 | GF=  1.8097 | solve=  1.6847 | scatter=  0.0532
f=     3.950 Hz | ky=  0.412008E-02 | IK=       7/      55 | t=    6.838900 s | CA=  2.5352 | fact=  2.5042 | GF=  1.7994 | solve=  1.6770 | scatter=  0.0503
f=     3.950 Hz | ky=  0.470866E-02 | IK=       8/      55 | t=    6.943700 s | CA=  2.6106 | fact=  2.5314 | GF=  1.8017 | solve=  1.6776 | scatter=  0.0522
f=     3.950 Hz | ky=  0.529725E-02 | IK=       9/      55 | t=    6.860700 s | CA=  2.5209 | fact=  2.5310 | GF=  1.8087 | solve=  1.6866 | scatter=  0.0502
f=     3.950 Hz | ky=  0.588583E-02 | IK=      10/      55 | t=    6.918300 s | CA=  2.5812 | fact=  2.5380 | GF=  1.7991 | solve=  1.6743 | scatter=  0.0530
PARDISO mem (f=  3.95 Hz): sym=  1.95 GB  perm=  1.42 GB  num=  3.22 GB  
peak=  4.64 GB
 WD_amp= 6.23170E+13  RESID_RMS= 5.23154E-02  FCOST_DATA= 1.36845E-03  FCOST0= 1.36845E-03
BT: alpha=  2.1076E-01  phi=  1.3685E-03  rhs=  9.5399E-04
 UPDATEPARAMETER: f-scale only
UPDATEPARAMETER PAR_STEP min/max, V_STEP min/max =  1.5710998413E+09  1.2002511894E+10
  1.5710998413E+09  1.2002511894E+10
 running run_ik_loop_pardiso
before CA | VmRSS=  16.367 GB  VmHWM=  95.027 GB
after CA | VmRSS=  17.476 GB  VmHWM=  95.027 GB
after factor | VmRSS=  21.240 GB  VmHWM=  95.027 GB
f=     3.950 Hz | ky=  0.588583E-03 | IK=       1/      55 | t=   17.155100 s | CA=  2.4948 | fact= 12.7609 | GF=  1.8992 | solve=  1.7474 | scatter=  0.0504
f=     3.950 Hz | ky=  0.117717E-02 | IK=       2/      55 | t=    6.920600 s | CA=  2.6227 | fact=  2.5006 | GF=  1.7972 | solve=  1.6740 | scatter=  0.0515
f=     3.950 Hz | ky=  0.176575E-02 | IK=       3/      55 | t=    6.821800 s | CA=  2.5724 | fact=  2.4507 | GF=  1.7987 | solve=  1.6737 | scatter=  0.0534
f=     3.950 Hz | ky=  0.235433E-02 | IK=       4/      55 | t=    6.954100 s | CA=  2.6352 | fact=  2.5216 | GF=  1.7972 | solve=  1.6737 | scatter=  0.0516
f=     3.950 Hz | ky=  0.294291E-02 | IK=       5/      55 | t=    6.876600 s | CA=  2.5660 | fact=  2.5095 | GF=  1.8011 | solve=  1.6767 | scatter=  0.0519
f=     3.950 Hz | ky=  0.353150E-02 | IK=       6/      55 | t=    6.904600 s | CA=  2.5927 | fact=  2.5163 | GF=  1.7955 | solve=  1.6723 | scatter=  0.0513
f=     3.950 Hz | ky=  0.412008E-02 | IK=       7/      55 | t=    6.907800 s | CA=  2.5675 | fact=  2.5387 | GF=  1.8015 | solve=  1.6783 | scatter=  0.0514
f=     3.950 Hz | ky=  0.470866E-02 | IK=       8/      55 | t=    6.886600 s | CA=  2.5681 | fact=  2.5132 | GF=  1.8053 | solve=  1.6821 | scatter=  0.0513
f=     3.950 Hz | ky=  0.529725E-02 | IK=       9/      55 | t=    6.913200 s | CA=  2.5923 | fact=  2.5163 | GF=  1.8045 | solve=  1.6799 | scatter=  0.0523
f=     3.950 Hz | ky=  0.588583E-02 | IK=      10/      55 | t=    6.913800 s | CA=  2.5866 | fact=  2.5267 | GF=  1.8004 | solve=  1.6760 | scatter=  0.0524
PARDISO mem (f=  3.95 Hz): sym=  1.95 GB  perm=  1.42 GB  num=  3.22 GB  
peak=  4.64 GB
 WD_amp= 6.23170E+13  RESID_RMS= 4.71539E-02  FCOST_DATA= 1.11174E-03  FCOST0= 1.11174E-03
BT: alpha=  1.0538E-01  phi=  1.1117E-03  rhs=  9.5402E-04
 UPDATEPARAMETER: f-scale only
UPDATEPARAMETER PAR_STEP min/max, V_STEP min/max =  1.8329498148E+09  1.1961268048E+10
  1.8329498148E+09  1.1961268048E+10
 running run_ik_loop_pardiso
before CA | VmRSS=  16.240 GB  VmHWM=  95.027 GB
after CA | VmRSS=  17.359 GB  VmHWM=  95.027 GB
after factor | VmRSS=  21.124 GB  VmHWM=  95.027 GB
f=     3.950 Hz | ky=  0.588583E-03 | IK=       1/      55 | t=   17.149700 s | CA=  2.4704 | fact= 12.7709 | GF=  1.9082 | solve=  1.7551 | scatter=  0.0513
f=     3.950 Hz | ky=  0.117717E-02 | IK=       2/      55 | t=    6.879900 s | CA=  2.5792 | fact=  2.5096 | GF=  1.7911 | solve=  1.6680 | scatter=  0.0515
f=     3.950 Hz | ky=  0.176575E-02 | IK=       3/      55 | t=    6.909000 s | CA=  2.5843 | fact=  2.5213 | GF=  1.8034 | solve=  1.6786 | scatter=  0.0529
f=     3.950 Hz | ky=  0.235433E-02 | IK=       4/      55 | t=    6.882900 s | CA=  2.5563 | fact=  2.5266 | GF=  1.7999 | solve=  1.6763 | scatter=  0.0517
f=     3.950 Hz | ky=  0.294291E-02 | IK=       5/      55 | t=    6.883200 s | CA=  2.5551 | fact=  2.5264 | GF=  1.8016 | solve=  1.6789 | scatter=  0.0509
f=     3.950 Hz | ky=  0.353150E-02 | IK=       6/      55 | t=    6.867900 s | CA=  2.5501 | fact=  2.5178 | GF=  1.7999 | solve=  1.6743 | scatter=  0.0537
f=     3.950 Hz | ky=  0.412008E-02 | IK=       7/      55 | t=    6.898200 s | CA=  2.5718 | fact=  2.5240 | GF=  1.8024 | solve=  1.6797 | scatter=  0.0509
f=     3.950 Hz | ky=  0.470866E-02 | IK=       8/      55 | t=    6.880300 s | CA=  2.5574 | fact=  2.5143 | GF=  1.8086 | solve=  1.6849 | scatter=  0.0516
f=     3.950 Hz | ky=  0.529725E-02 | IK=       9/      55 | t=    6.896400 s | CA=  2.5514 | fact=  2.5382 | GF=  1.8068 | solve=  1.6816 | scatter=  0.0532
f=     3.950 Hz | ky=  0.588583E-02 | IK=      10/      55 | t=    6.885900 s | CA=  2.5447 | fact=  2.5309 | GF=  1.8102 | solve=  1.6846 | scatter=  0.0533
PARDISO mem (f=  3.95 Hz): sym=  1.95 GB  perm=  1.42 GB  num=  3.22 GB  
peak=  4.64 GB
 WD_amp= 6.23170E+13  RESID_RMS= 4.52655E-02  FCOST_DATA= 1.02448E-03  FCOST0= 1.02448E-03
BT: alpha=  5.2689E-02  phi=  1.0245E-03  rhs=  9.5404E-04
 UPDATEPARAMETER: f-scale only
UPDATEPARAMETER PAR_STEP min/max, V_STEP min/max =  1.8490000000E+09  1.1940646126E+10
  1.8490000000E+09  1.1940646126E+10
 running run_ik_loop_pardiso
before CA | VmRSS=  16.292 GB  VmHWM=  95.027 GB
after CA | VmRSS=  17.049 GB  VmHWM=  95.027 GB
after factor | VmRSS=  20.845 GB  VmHWM=  95.027 GB
f=     3.950 Hz | ky=  0.588583E-03 | IK=       1/      55 | t=   17.183700 s | CA=  2.5226 | fact= 12.7612 | GF=  1.8996 | solve=  1.7457 | scatter=  0.0518
f=     3.950 Hz | ky=  0.117717E-02 | IK=       2/      55 | t=    6.857500 s | CA=  2.5470 | fact=  2.5161 | GF=  1.7944 | solve=  1.6724 | scatter=  0.0505
f=     3.950 Hz | ky=  0.176575E-02 | IK=       3/      55 | t=    6.916700 s | CA=  2.5958 | fact=  2.5188 | GF=  1.8021 | solve=  1.6778 | scatter=  0.0526
f=     3.950 Hz | ky=  0.235433E-02 | IK=       4/      55 | t=    6.884500 s | CA=  2.5457 | fact=  2.5329 | GF=  1.8059 | solve=  1.6812 | scatter=  0.0528
f=     3.950 Hz | ky=  0.294291E-02 | IK=       5/      55 | t=    6.871300 s | CA=  2.5433 | fact=  2.5236 | GF=  1.8043 | solve=  1.6797 | scatter=  0.0527
f=     3.950 Hz | ky=  0.353150E-02 | IK=       6/      55 | t=    6.828300 s | CA=  2.5274 | fact=  2.4981 | GF=  1.8028 | solve=  1.6780 | scatter=  0.0528
f=     3.950 Hz | ky=  0.412008E-02 | IK=       7/      55 | t=    6.924300 s | CA=  2.5844 | fact=  2.5329 | GF=  1.8070 | solve=  1.6826 | scatter=  0.0522
f=     3.950 Hz | ky=  0.470866E-02 | IK=       8/      55 | t=    6.893800 s | CA=  2.5451 | fact=  2.5425 | GF=  1.8062 | solve=  1.6813 | scatter=  0.0529
f=     3.950 Hz | ky=  0.529725E-02 | IK=       9/      55 | t=    6.926100 s | CA=  2.5970 | fact=  2.5227 | GF=  1.8064 | solve=  1.6817 | scatter=  0.0526
f=     3.950 Hz | ky=  0.588583E-02 | IK=      10/      55 | t=    6.856700 s | CA=  2.5369 | fact=  2.5164 | GF=  1.8034 | solve=  1.6804 | scatter=  0.0510
PARDISO mem (f=  3.95 Hz): sym=  1.95 GB  perm=  1.42 GB  num=  3.22 GB  
peak=  4.64 GB
 WD_amp= 6.23170E+13  RESID_RMS= 4.38753E-02  FCOST_DATA= 9.62520E-04  FCOST0= 9.62520E-04
BT: alpha=  2.6345E-02  phi=  9.6252E-04  rhs=  9.5405E-04
 UPDATEPARAMETER: f-scale only
UPDATEPARAMETER PAR_STEP min/max, V_STEP min/max =  1.8490000000E+09  1.1930335164E+10
  1.8490000000E+09  1.1930335164E+10
 running run_ik_loop_pardiso
before CA | VmRSS=  16.220 GB  VmHWM=  95.027 GB
after CA | VmRSS=  17.922 GB  VmHWM=  95.027 GB
after factor | VmRSS=  21.705 GB  VmHWM=  95.027 GB
f=     3.950 Hz | ky=  0.588583E-03 | IK=       1/      55 | t=   17.229500 s | CA=  2.5386 | fact= 12.7879 | GF=  1.9028 | solve=  1.7494 | scatter=  0.0515
f=     3.950 Hz | ky=  0.117717E-02 | IK=       2/      55 | t=    6.891400 s | CA=  2.5706 | fact=  2.5283 | GF=  1.7925 | solve=  1.6691 | scatter=  0.0516
f=     3.950 Hz | ky=  0.176575E-02 | IK=       3/      55 | t=    6.880700 s | CA=  2.5655 | fact=  2.5169 | GF=  1.7983 | solve=  1.6750 | scatter=  0.0515
f=     3.950 Hz | ky=  0.235433E-02 | IK=       4/      55 | t=    6.875000 s | CA=  2.5575 | fact=  2.5129 | GF=  1.8046 | solve=  1.6803 | scatter=  0.0522
f=     3.950 Hz | ky=  0.294291E-02 | IK=       5/      55 | t=    6.833300 s | CA=  2.5267 | fact=  2.4987 | GF=  1.8078 | solve=  1.6823 | scatter=  0.0535
f=     3.950 Hz | ky=  0.353150E-02 | IK=       6/      55 | t=    6.899800 s | CA=  2.5618 | fact=  2.5321 | GF=  1.8058 | solve=  1.6810 | scatter=  0.0529
f=     3.950 Hz | ky=  0.412008E-02 | IK=       7/      55 | t=    6.888700 s | CA=  2.5627 | fact=  2.5241 | GF=  1.8019 | solve=  1.6768 | scatter=  0.0533
f=     3.950 Hz | ky=  0.470866E-02 | IK=       8/      55 | t=    6.887400 s | CA=  2.5473 | fact=  2.5356 | GF=  1.8045 | solve=  1.6782 | scatter=  0.0544
f=     3.950 Hz | ky=  0.529725E-02 | IK=       9/      55 | t=    6.889500 s | CA=  2.5688 | fact=  2.5257 | GF=  1.7950 | solve=  1.6732 | scatter=  0.0499
f=     3.950 Hz | ky=  0.588583E-02 | IK=      10/      55 | t=    6.902900 s | CA=  2.5686 | fact=  2.5366 | GF=  1.7977 | solve=  1.6744 | scatter=  0.0512
PARDISO mem (f=  3.95 Hz): sym=  1.95 GB  perm=  1.42 GB  num=  3.22 GB  
peak=  4.64 GB
 WD_amp= 6.23170E+13  RESID_RMS= 4.36393E-02  FCOST_DATA= 9.52194E-04  FCOST0= 9.52194E-04
  
BT: alpha=  1.3172E-02  phi=  9.5219E-04  rhs=  9.5405E-04
  
  
  
Convergence reached, updating parameter grid
ALPHA from line search =  .1317236782215925E-01
 FCOST0 after linesearch  9.521942969219809E-004
Norm of s (s_norm) =  .4065913875075810
  
  
Time for LBFGS =  9.592951456705729 min
  
 Frequency:           4 Iteration:           2
t_global   =    332.761 s
  
 -------------- calculate Frechet derivatives -----------
 IFREQ =           4    ITERATION =           2
||Frechet||_F=  1.7780E-19max|Frechet|=  4.1135E-24
||Frechet||_F=  1.7780E-19max|Frechet|=  4.1135E-24
||Frechet||_F=  1.7780E-19max|Frechet|=  4.1135E-24
||Frechet||_F=  1.7780E-19max|Frechet|=  4.1135E-24
||Frechet||_F=  1.7780E-19max|Frechet|=  4.1135E-24
||Frechet||_F=  1.7780E-19max|Frechet|=  4.1135E-24
 
TIME for Frechet calc =  2.977168273925781 min
 
 
  compute the residual and the cost function
 WD_amp= 6.23170E+13  RESID_RMS= 4.36393E-02  FCOST_DATA= 9.52194E-04  FCOST0= 9.52194E-04
Grad block   6 GRAD_SCALED MORM =   5.9702E-04
Raw grad block  6  PAR={C66}  min= -2.6150E-14  max=  2.2563E-14  L2=  1.6904E-13
Gradient finished
Start LBFGS 
curvature (warm): s·y= -6.8449E-07  ||s||^2=  1.6532E-01  ||y||^2=  1.1777E-09  sTy_min=  1.3953E-06
   -> restart: insufficient/invalid curvature
LBFGS steepest step , iter=      2
  g·p = -3.2285E-03  ||p|| =  3.1112E+01
  min(p)= -2.3296E+00  max(p)=  1.8949E+00
LBFGS restart: g·p= -3.2285E-03  ||p||=  3.1112E+01
LBFGS p_k (unscaled) stats per active parameter:
  IA=  6  PAR={C66}  min=-8.92216E+09  max= 7.25723E+09  L2= 1.19157E+11
min(p_k)= -2.3296E+00  max(p_k)=  1.8949E+00  ||p_k||=  3.1112E+01
min(p_kf)= -2.3296E+00  max(p_kf)=  1.8949E+00  ||p_kf||=  1.2445E+02
p_k/p_kf  =   2.5000E-01
Start linesearch
MT entry: phi(0)=  9.5219E-04  dg0= -3.2285E-03  alpha0=  1.0000E+00
 UPDATEPARAMETER: f-scale only
UPDATEPARAMETER PAR_STEP min/max, V_STEP min/max = -4.1934192168E+09  1.5098318029E+10
 -4.1934192168E+09  1.5098318029E+10
 WD_amp= 6.23170E+13  RESID_RMS= 9.67051E-02  FCOST_DATA= 4.67594E-03  FCOST0= 4.67594E-03
  
 -------------- calculate Frechet derivatives -----------
 IFREQ =           4    ITERATION =           2
||Frechet||_F=  2.2069E-18max|Frechet|=  1.3580E-21
||Frechet||_F=  2.2069E-18max|Frechet|=  1.3580E-21
||Frechet||_F=  2.2069E-18max|Frechet|=  1.3580E-21
||Frechet||_F=  2.2069E-18max|Frechet|=  1.3580E-21
||Frechet||_F=  2.2069E-18max|Frechet|=  1.3580E-21
||Frechet||_F=  2.2069E-18max|Frechet|=  1.3580E-21
Grad block   6 GRAD_SCALED MORM =   1.3983E-01
MT try: alpha=  1.0000E+00  phi=  4.6759E-03  dg= -4.2596E-01  dg0= -3.2285E-03
MT try: armijo_rhs=  9.5187E-04  armijo=F  curvature=F  task=FG
 UPDATEPARAMETER: f-scale only
UPDATEPARAMETER PAR_STEP min/max, V_STEP min/max =  1.8490000000E+09  1.1933043197E+10
  1.8490000000E+09  1.1933043197E+10
 WD_amp= 6.23170E+13  RESID_RMS= 4.36694E-02  FCOST_DATA= 9.53508E-04  FCOST0= 9.53508E-04
  
 -------------- calculate Frechet derivatives -----------
 IFREQ =           4    ITERATION =           2
||Frechet||_F=  1.7797E-19max|Frechet|=  4.1125E-24
||Frechet||_F=  1.7797E-19max|Frechet|=  4.1125E-24
||Frechet||_F=  1.7797E-19max|Frechet|=  4.1125E-24
||Frechet||_F=  1.7797E-19max|Frechet|=  4.1125E-24
||Frechet||_F=  1.7797E-19max|Frechet|=  4.1125E-24
||Frechet||_F=  1.7797E-19max|Frechet|=  4.1125E-24
Grad block   6 GRAD_SCALED MORM =   5.9674E-04
MT try: alpha=  3.6588E-03  phi=  9.5351E-04  dg= -3.1798E-03  dg0= -3.2285E-03
MT try: armijo_rhs=  9.5219E-04  armijo=F  curvature=F  task=FG
 UPDATEPARAMETER: f-scale only
UPDATEPARAMETER PAR_STEP min/max, V_STEP min/max =  1.8490000000E+09  1.1930835352E+10
  1.8490000000E+09  1.1930835352E+10
 WD_amp= 6.23170E+13  RESID_RMS= 4.36431E-02  FCOST_DATA= 9.52358E-04  FCOST0= 9.52358E-04
  
 -------------- calculate Frechet derivatives -----------
 IFREQ =           4    ITERATION =           2
||Frechet||_F=  1.7783E-19max|Frechet|=  4.1133E-24
||Frechet||_F=  1.7783E-19max|Frechet|=  4.1133E-24
||Frechet||_F=  1.7783E-19max|Frechet|=  4.1133E-24
||Frechet||_F=  1.7783E-19max|Frechet|=  4.1133E-24
||Frechet||_F=  1.7783E-19max|Frechet|=  4.1133E-24
||Frechet||_F=  1.7783E-19max|Frechet|=  4.1133E-24
Grad block   6 GRAD_SCALED MORM =   5.9698E-04
MT try: alpha=  6.7579E-04  phi=  9.5236E-04  dg= -3.2231E-03  dg0= -3.2285E-03
MT try: armijo_rhs=  9.5219E-04  armijo=F  curvature=F  task=FG
 UPDATEPARAMETER: f-scale only
UPDATEPARAMETER PAR_STEP min/max, V_STEP min/max =  1.8490000000E+09  1.1930431153E+10
  1.8490000000E+09  1.1930431153E+10
 WD_amp= 6.23170E+13  RESID_RMS= 4.36400E-02  FCOST_DATA= 9.52223E-04  FCOST0= 9.52223E-04
LS STOP (stagnation): alpha=  1.2969E-04  FCOST1=  9.5222E-04  FCOST0=  9.5219E-04
 LINESEARCH_MT(dcsrch): fallback to backtrack, task=FG stp=
  1.296876766324389E-004  hit_minstep= F
BT entry: phi(0)=  9.5219E-04  g·p(0)= -3.2285E-03
 UPDATEPARAMETER: f-scale only
UPDATEPARAMETER PAR_STEP min/max, V_STEP min/max = -4.1934192168E+09  1.5098318029E+10
 -4.1934192168E+09  1.5098318029E+10
REL STEP elastic: k=  6 row=  6 rmax_k=  2.5546E+00 row_scale=  1.1930E+10
BT cap probe: rmax1=  2.5546E+00  alpha_cap=  1.9572E-01  alpha00=  1.0000E+00
 UPDATEPARAMETER: f-scale only
UPDATEPARAMETER PAR_STEP min/max, V_STEP min/max =  1.0675742328E+09  1.2076549264E+10
  1.0675742328E+09  1.2076549264E+10
 WD_amp= 6.23170E+13  RESID_RMS= 5.23290E-02  FCOST_DATA= 1.36916E-03  FCOST0= 1.36916E-03
BT: alpha=  1.9572E-01  phi=  1.3692E-03  rhs=  9.5213E-04
 UPDATEPARAMETER: f-scale only
UPDATEPARAMETER PAR_STEP min/max, V_STEP min/max =  1.5484557639E+09  1.2003215096E+10
  1.5484557639E+09  1.2003215096E+10
 WD_amp= 6.23170E+13  RESID_RMS= 4.77151E-02  FCOST_DATA= 1.13836E-03  FCOST0= 1.13836E-03
BT: alpha=  9.7862E-02  phi=  1.1384E-03  rhs=  9.5216E-04
 UPDATEPARAMETER: f-scale only
UPDATEPARAMETER PAR_STEP min/max, V_STEP min/max =  1.7888965295E+09  1.1966551461E+10
  1.7888965295E+09  1.1966551461E+10
 WD_amp= 6.23170E+13  RESID_RMS= 4.59914E-02  FCOST_DATA= 1.05761E-03  FCOST0= 1.05761E-03
BT: alpha=  4.8931E-02  phi=  1.0576E-03  rhs=  9.5218E-04
 UPDATEPARAMETER: f-scale only
UPDATEPARAMETER PAR_STEP min/max, V_STEP min/max =  1.8490000000E+09  1.1948443313E+10
  1.8490000000E+09  1.1948443313E+10
 WD_amp= 6.23170E+13  RESID_RMS= 4.43649E-02  FCOST_DATA= 9.84122E-04  FCOST0= 9.84122E-04
BT: alpha=  2.4466E-02  phi=  9.8412E-04  rhs=  9.5219E-04
 UPDATEPARAMETER: f-scale only
UPDATEPARAMETER PAR_STEP min/max, V_STEP min/max =  1.8490000000E+09  1.1939389238E+10
  1.8490000000E+09  1.1939389238E+10
 WD_amp= 6.23170E+13  RESID_RMS= 4.38439E-02  FCOST_DATA= 9.61145E-04  FCOST0= 9.61145E-04
BT: alpha=  1.2233E-02  phi=  9.6115E-04  rhs=  9.5219E-04
 UPDATEPARAMETER: f-scale only
UPDATEPARAMETER PAR_STEP min/max, V_STEP min/max =  1.8490000000E+09  1.1934862201E+10
  1.8490000000E+09  1.1934862201E+10
 WD_amp= 6.23170E+13  RESID_RMS= 4.37038E-02  FCOST_DATA= 9.55012E-04  FCOST0= 9.55012E-04
BT: alpha=  6.1164E-03  phi=  9.5501E-04  rhs=  9.5219E-04
 UPDATEPARAMETER: f-scale only
UPDATEPARAMETER PAR_STEP min/max, V_STEP min/max =  1.8490000000E+09  1.1932598683E+10
  1.8490000000E+09  1.1932598683E+10
 WD_amp= 6.23170E+13  RESID_RMS= 4.36628E-02  FCOST_DATA= 9.53219E-04  FCOST0= 9.53219E-04
BT: alpha=  3.0582E-03  phi=  9.5322E-04  rhs=  9.5219E-04
 UPDATEPARAMETER: f-scale only
UPDATEPARAMETER PAR_STEP min/max, V_STEP min/max =  1.8490000000E+09  1.1931466924E+10
  1.8490000000E+09  1.1931466924E+10
 WD_amp= 6.23170E+13  RESID_RMS= 4.36489E-02  FCOST_DATA= 9.52615E-04  FCOST0= 9.52615E-04
BT: alpha=  1.5291E-03  phi=  9.5262E-04  rhs=  9.5219E-04
 UPDATEPARAMETER: f-scale only
UPDATEPARAMETER PAR_STEP min/max, V_STEP min/max =  1.8490000000E+09  1.1930901044E+10
  1.8490000000E+09  1.1930901044E+10
 WD_amp= 6.23170E+13  RESID_RMS= 4.36436E-02  FCOST_DATA= 9.52383E-04  FCOST0= 9.52383E-04
BT: alpha=  7.6455E-04  phi=  9.5238E-04  rhs=  9.5219E-04
 UPDATEPARAMETER: f-scale only
UPDATEPARAMETER PAR_STEP min/max, V_STEP min/max =  1.8490000000E+09  1.1930618104E+10
  1.8490000000E+09  1.1930618104E+10
 WD_amp= 6.23170E+13  RESID_RMS= 4.36413E-02  FCOST_DATA= 9.52283E-04  FCOST0= 9.52283E-04
BT: alpha=  3.8227E-04  phi=  9.5228E-04  rhs=  9.5219E-04
 UPDATEPARAMETER: f-scale only
UPDATEPARAMETER PAR_STEP min/max, V_STEP min/max =  1.8490000000E+09  1.1930476634E+10
  1.8490000000E+09  1.1930476634E+10
 WD_amp= 6.23170E+13  RESID_RMS= 4.36403E-02  FCOST_DATA= 9.52237E-04  FCOST0= 9.52237E-04
BT: alpha=  1.9114E-04  phi=  9.5224E-04  rhs=  9.5219E-04
 UPDATEPARAMETER: f-scale only
UPDATEPARAMETER PAR_STEP min/max, V_STEP min/max =  1.8490000000E+09  1.1930405899E+10
  1.8490000000E+09  1.1930405899E+10
 WD_amp= 6.23170E+13  RESID_RMS= 4.36398E-02  FCOST_DATA= 9.52215E-04  FCOST0= 9.52215E-04
BT: alpha=  9.5569E-05  phi=  9.5222E-04  rhs=  9.5219E-04
 UPDATEPARAMETER: f-scale only
UPDATEPARAMETER PAR_STEP min/max, V_STEP min/max =  1.8490000000E+09  1.1930370532E+10
  1.8490000000E+09  1.1930370532E+10
 WD_amp= 6.23170E+13  RESID_RMS= 4.36395E-02  FCOST_DATA= 9.52205E-04  FCOST0= 9.52205E-04
BT: alpha=  4.7784E-05  phi=  9.5220E-04  rhs=  9.5219E-04
 UPDATEPARAMETER: f-scale only
UPDATEPARAMETER PAR_STEP min/max, V_STEP min/max =  1.8490000000E+09  1.1930352848E+10
  1.8490000000E+09  1.1930352848E+10
 WD_amp= 6.23170E+13  RESID_RMS= 4.36394E-02  FCOST_DATA= 9.52200E-04  FCOST0= 9.52200E-04
BT: alpha=  2.3892E-05  phi=  9.5220E-04  rhs=  9.5219E-04
BT STOP (stagnation): alpha=  2.3892E-05  FCOST1=  9.5220E-04  FCOST0=  9.5219E-04
 UPDATEPARAMETER: f-scale only
UPDATEPARAMETER PAR_STEP min/max, V_STEP min/max =  1.8490000000E+09  1.1930342566E+10
  1.8490000000E+09  1.1930342566E+10
 WD_amp= 6.23170E+13  RESID_RMS= 4.36394E-02  FCOST_DATA= 9.52196E-04  FCOST0= 9.52196E-04
 Backtrack: failed after MAX_IT
 Line search failed (IFLAG=          11 ), inversion diverged.
 --------- Frequency   4.35000000000000       (band            1 )
[ComputeAcqWeight] empty acq_weight_file, using uniform weights = 1.0
Data weighting computed for frequency 4607182418800017373
XSRmin, XSRmax, ZSRmin, ZSRMax -1960.000000000000 .000000000000000 2050.000000000000 4030.000000000000
1 FKYC
1.2 FKYC
my_rank, FKYC,WLMAX, RMAX 0 .3565024706899721E-01 1177.650297665005 2786.036611389018
1.1 NK
NK in cky2= 55

  Number of wavenumber samples (NK) for FREQ =   55
Data weighting computed for frequency 4607182418800017373
  RMAX = 2786.04
Data weighting computed for frequency 4607182418800017373
Data weighting computed for frequency 4607182418800017373
Data weighting computed for frequency 4607182418800017373
Data weighting computed for frequency 4607182418800017373
--- Pre-solver preview (memory + RHS workload) ---
   GQG dims: NNX=       585  NNZ=       317  NPT=    185445
   DOF:     N=3*NPT =    556335
   Sources: NSR=       100  NSS=        20  NK=        55
   RHS total (per IK): nrhs_tot=3*NSS =        60
   Batch:    MAX_RHS_BATCH=        32  nbatches=         2
   GFMY  (GFX+GFY+GFZ):         13.679 GB
   RHS_MY(rhs+sol buffers):      0.531 GB
 
 running run_ik_loop_pardiso
before CA | VmRSS=  15.334 GB  VmHWM=  95.029 GB
after CA | VmRSS=  16.717 GB  VmHWM=  95.029 GB
after factor | VmRSS=  20.512 GB  VmHWM=  95.029 GB
f=     4.350 Hz | ky=  0.648186E-03 | IK=       1/      55 | t=   17.165600 s | CA=  2.4649 | fact= 12.7977 | GF=  1.9029 | solve=  1.7481 | scatter=  0.0529
f=     4.350 Hz | ky=  0.129637E-02 | IK=       2/      55 | t=    6.895200 s | CA=  2.6034 | fact=  2.4936 | GF=  1.7982 | solve=  1.6743 | scatter=  0.0523
f=     4.350 Hz | ky=  0.194456E-02 | IK=       3/      55 | t=    6.849800 s | CA=  2.5394 | fact=  2.5076 | GF=  1.8027 | solve=  1.6782 | scatter=  0.0527
f=     4.350 Hz | ky=  0.259275E-02 | IK=       4/      55 | t=    6.855000 s | CA=  2.5346 | fact=  2.5226 | GF=  1.7977 | solve=  1.6737 | scatter=  0.0520
f=     4.350 Hz | ky=  0.324093E-02 | IK=       5/      55 | t=    6.848700 s | CA=  2.5403 | fact=  2.5109 | GF=  1.7974 | solve=  1.6726 | scatter=  0.0530
f=     4.350 Hz | ky=  0.388912E-02 | IK=       6/      55 | t=    6.864600 s | CA=  2.5376 | fact=  2.5237 | GF=  1.8033 | solve=  1.6801 | scatter=  0.0513
f=     4.350 Hz | ky=  0.453730E-02 | IK=       7/      55 | t=    6.901000 s | CA=  2.5705 | fact=  2.5228 | GF=  1.8077 | solve=  1.6835 | scatter=  0.0523
f=     4.350 Hz | ky=  0.518549E-02 | IK=       8/      55 | t=    6.926000 s | CA=  2.6052 | fact=  2.5101 | GF=  1.8107 | solve=  1.6857 | scatter=  0.0526
f=     4.350 Hz | ky=  0.583368E-02 | IK=       9/      55 | t=    6.896200 s | CA=  2.5687 | fact=  2.5235 | GF=  1.8040 | solve=  1.6800 | scatter=  0.0519
f=     4.350 Hz | ky=  0.648186E-02 | IK=      10/      55 | t=    6.869800 s | CA=  2.5340 | fact=  2.5274 | GF=  1.8083 | solve=  1.6847 | scatter=  0.0516
PARDISO mem (f=  4.35 Hz): sym=  1.95 GB  perm=  1.42 GB  num=  3.22 GB  
peak=  4.64 GB
t_global   =    116.028 s
TIME for 1st forward modeling =  1.933636728922526  min
TIME for GT0 =  .5071666836738586E-02  min
Data scaler W for L2 norm: 62429757634369.36
Data scaler W for WQS norm: .3395193265742062E-312
Total number of active inversion parameters for current sequential stage (IM):          1
Total model blocks points (NM = IM * NBLOCK):      11534 on grid (NMM = IM * NPT):    185445
 Gradient balance ():   1.00000000000000        1.00000000000000     
   1.00000000000000        1.00000000000000        1.00000000000000     
   1.00000000000000        1.00000000000000        1.00000000000000     
   1.00000000000000        1.00000000000000        1.00000000000000     
 IE0, IZ          30           0
 IE0, IZ, GZ1, GZ2 =           30           0   100.000000000000     
   300.000000000000     
  
 Frequency:           5 Iteration:           1
--- Pre-solver preview (memory + RHS workload) ---
   GQG dims: NNX=       585  NNZ=       317  NPT=    185445
   DOF:     N=3*NPT =    556335
   Sources: NSR=       100  NSS=       100  NK=        55
   RHS total (per IK): nrhs_tot=3*NSS =       300
   Batch:    MAX_RHS_BATCH=        32  nbatches=        10
   GFMY  (GFX+GFY+GFZ):         68.393 GB
   RHS_MY(rhs+sol buffers):      0.531 GB
 
 running run_ik_loop_pardiso
before CA | VmRSS=  70.921 GB  VmHWM=  95.029 GB
after CA | VmRSS=  71.512 GB  VmHWM=  95.029 GB
after factor | VmRSS=  75.299 GB  VmHWM=  95.029 GB
f=     4.350 Hz | ky=  0.648186E-03 | IK=       1/      55 | t=   24.190800 s | CA=  2.5216 | fact= 12.7769 | GF=  8.8920 | solve=  8.2367 | scatter=  0.2540
f=     4.350 Hz | ky=  0.129637E-02 | IK=       2/      55 | t=   13.852800 s | CA=  2.5421 | fact=  2.5257 | GF=  8.7850 | solve=  8.1611 | scatter=  0.2513
f=     4.350 Hz | ky=  0.194456E-02 | IK=       3/      55 | t=   13.843600 s | CA=  2.5140 | fact=  2.5228 | GF=  8.8067 | solve=  8.1788 | scatter=  0.2552
f=     4.350 Hz | ky=  0.259275E-02 | IK=       4/      55 | t=   13.940600 s | CA=  2.5965 | fact=  2.5416 | GF=  8.8025 | solve=  8.1738 | scatter=  0.2552
f=     4.350 Hz | ky=  0.324093E-02 | IK=       5/      55 | t=   13.896700 s | CA=  2.5800 | fact=  2.5119 | GF=  8.8048 | solve=  8.1785 | scatter=  0.2526
f=     4.350 Hz | ky=  0.388912E-02 | IK=       6/      55 | t=   13.865300 s | CA=  2.5351 | fact=  2.5339 | GF=  8.7963 | solve=  8.1672 | scatter=  0.2549
f=     4.350 Hz | ky=  0.453730E-02 | IK=       7/      55 | t=   13.881200 s | CA=  2.5747 | fact=  2.5206 | GF=  8.7859 | solve=  8.1587 | scatter=  0.2531
f=     4.350 Hz | ky=  0.518549E-02 | IK=       8/      55 | t=   13.892500 s | CA=  2.5917 | fact=  2.5314 | GF=  8.7694 | solve=  8.1428 | scatter=  0.2537
f=     4.350 Hz | ky=  0.583368E-02 | IK=       9/      55 | t=   13.684700 s | CA=  2.5650 | fact=  2.5364 | GF=  8.5832 | solve=  7.9576 | scatter=  0.2527
f=     4.350 Hz | ky=  0.648186E-02 | IK=      10/      55 | t=   13.646500 s | CA=  2.5720 | fact=  2.5354 | GF=  8.5391 | solve=  7.9114 | scatter=  0.2544
PARDISO mem (f=  4.35 Hz): sym=  1.95 GB  perm=  1.42 GB  num=  3.22 GB  
peak=  4.64 GB
t_global   =    332.939 s
TIME for 2d forward modeling_i calc =  5.546876525878906 min
Rank    4 -> ID range:   3201 to   4000 | Tasks:    800
Rank    5 -> ID range:   4001 to   4800 | Tasks:    800
Rank    2 -> ID range:   1601 to   2400 | Tasks:    800
Rank    3 -> ID range:   2401 to   3200 | Tasks:    800
Rank    1 -> ID range:    801 to   1600 | Tasks:    800
  
 -------------- calculate Frechet derivatives -----------
 IFREQ =           5    ITERATION =           1
Frechet memory size Frec_my:      0.825 (Gb)
Rank    0 -> ID range:      1 to    800 | Tasks:    800
FREQ:      4.3 Hz, ITER=       1  Frechet Derivative ID=     100/    4800 Finished   0.219500 s
FREQ:      4.3 Hz, ITER=       1  Frechet Derivative ID=     200/    4800 Finished   0.217700 s
FREQ:      4.3 Hz, ITER=       1  Frechet Derivative ID=     300/    4800 Finished   0.217400 s
FREQ:      4.3 Hz, ITER=       1  Frechet Derivative ID=     400/    4800 Finished   0.200400 s
FREQ:      4.3 Hz, ITER=       1  Frechet Derivative ID=     500/    4800 Finished   0.210300 s
FREQ:      4.3 Hz, ITER=       1  Frechet Derivative ID=     600/    4800 Finished   0.211100 s
FREQ:      4.3 Hz, ITER=       1  Frechet Derivative ID=     700/    4800 Finished   0.205700 s
FREQ:      4.3 Hz, ITER=       1  Frechet Derivative ID=     800/    4800 Finished   0.215000 s
||Frechet||_F=  1.9404E-19max|Frechet|=  3.9084E-24
||Frechet||_F=  1.9404E-19max|Frechet|=  3.9084E-24
||Frechet||_F=  1.9404E-19max|Frechet|=  3.9084E-24
||Frechet||_F=  1.9404E-19max|Frechet|=  3.9084E-24
||Frechet||_F=  1.9404E-19max|Frechet|=  3.9084E-24
 
TIME for Frechet calc =  2.963528442382812 min
 
m_fine: min=  1.8490E+09  max=  1.1930E+10  mean=  7.9473E+09  ||.||2=  3.8599E+12  size=  185445
m_coarse_prev: min=  1.8538E+09  max=  1.1919E+10  mean=  7.9506E+09  ||.||2=  9.6273E+11  size=   11534
 
  compute the residual and the cost function
 WD_amp= 6.24298E+13  RESID_RMS= 4.40986E-02  FCOST_DATA= 9.72342E-04  FCOST0= 9.72342E-04
||Frechet||_F=  1.9404E-19max|Frechet|=  3.9084E-24
IA=  6  H(single F0) min= 0.00000E+00  max= 9.20405E-04
IA=  6  H(F0^2)     min= 0.00000E+00  max= 9.20405E-04
HESSD: ia=   6  min= 0.00000E+00  max= 1.08581E+06
IA=  6  H(single F0) min= 0.00000E+00  max= 9.20405E-04
IA=  6  H(F0^2)     min= 0.00000E+00  max= 9.20405E-04
HESSD: ia=   6  min= 0.00000E+00  max= 1.08581E+06
IA=  6  H(single F0) min= 0.00000E+00  max= 9.20405E-04
IA=  6  H(F0^2)     min= 0.00000E+00  max= 9.20405E-04
HESSD: ia=   6  min= 0.00000E+00  max= 1.08581E+06
IA=  6  H(single F0) min= 0.00000E+00  max= 9.20405E-04
IA=  6  H(F0^2)     min= 0.00000E+00  max= 9.20405E-04
HESSD: ia=   6  min= 0.00000E+00  max= 1.08581E+06
IA=  6  H(single F0) min= 0.00000E+00  max= 9.20405E-04
IA=  6  H(F0^2)     min= 0.00000E+00  max= 9.20405E-04
HESSD: ia=   6  min= 0.00000E+00  max= 1.08581E+06
IA=  6  H(single F0) min= 0.00000E+00  max= 9.20405E-04
IA=  6  H(F0^2)     min= 0.00000E+00  max= 9.20405E-04
HESSD: ia=   6  min= 0.00000E+00  max= 1.08581E+06
Grad block   6 GRAD_SCALED MORM =   5.6640E-04
Raw grad block  6  PAR={C66}  min= -2.9736E-14  max=  1.6651E-14  L2=  1.5693E-13
Gradient finished
Start LBFGS 
LBFGS steepest step , iter=      1
  g·p = -2.0406E-03  ||p|| =  2.4939E+01
  min(p)= -1.5572E+00  max(p)=  2.2701E+00
LBFGS p_k (unscaled) stats per active parameter:
  IA=  6  PAR={C66}  min=-5.96385E+09  max= 8.69427E+09  L2= 9.55157E+10
min(p_k)= -1.5572E+00  max(p_k)=  2.2701E+00  ||p_k||=  2.4939E+01
min(p_kf)= -1.5572E+00  max(p_kf)=  2.2701E+00  ||p_kf||=  9.9757E+01
p_k/p_kf  =   2.5000E-01
Start linesearch
BT entry: phi(0)=  9.7234E-04  g·p(0)= -2.0406E-03
 UPDATEPARAMETER: f-scale only
UPDATEPARAMETER PAR_STEP min/max, V_STEP min/max = -3.5271303345E+09  1.7320529695E+10
 -3.5271303345E+09  1.7320529695E+10
REL STEP elastic: k=  6 row=  6 rmax_k=  2.4475E+00 row_scale=  1.1930E+10
BT cap probe: rmax1=  2.4475E+00  alpha_cap=  2.0429E-01  alpha00=  1.0000E+00
 UPDATEPARAMETER: f-scale only
UPDATEPARAMETER PAR_STEP min/max, V_STEP min/max =  1.2183601881E+09  1.2027013546E+10
  1.2183601881E+09  1.2027013546E+10
 running run_ik_loop_pardiso
before CA | VmRSS=  16.234 GB  VmHWM=  95.029 GB
after CA | VmRSS=  17.609 GB  VmHWM=  95.029 GB
after factor | VmRSS=  21.377 GB  VmHWM=  95.029 GB
f=     4.350 Hz | ky=  0.648186E-03 | IK=       1/      55 | t=   17.170900 s | CA=  2.4856 | fact= 12.7816 | GF=  1.9035 | solve=  1.7476 | scatter=  0.0541
f=     4.350 Hz | ky=  0.129637E-02 | IK=       2/      55 | t=    6.886800 s | CA=  2.5854 | fact=  2.5004 | GF=  1.8009 | solve=  1.6773 | scatter=  0.0517
f=     4.350 Hz | ky=  0.194456E-02 | IK=       3/      55 | t=    6.855000 s | CA=  2.5364 | fact=  2.5207 | GF=  1.7979 | solve=  1.6732 | scatter=  0.0527
f=     4.350 Hz | ky=  0.259275E-02 | IK=       4/      55 | t=    6.897900 s | CA=  2.5884 | fact=  2.5128 | GF=  1.7967 | solve=  1.6730 | scatter=  0.0518
f=     4.350 Hz | ky=  0.324093E-02 | IK=       5/      55 | t=    6.855800 s | CA=  2.5458 | fact=  2.5068 | GF=  1.8031 | solve=  1.6781 | scatter=  0.0530
f=     4.350 Hz | ky=  0.388912E-02 | IK=       6/      55 | t=    6.903000 s | CA=  2.5595 | fact=  2.5297 | GF=  1.8138 | solve=  1.6888 | scatter=  0.0531
f=     4.350 Hz | ky=  0.453730E-02 | IK=       7/      55 | t=    6.881900 s | CA=  2.5594 | fact=  2.5239 | GF=  1.7986 | solve=  1.6751 | scatter=  0.0515
f=     4.350 Hz | ky=  0.518549E-02 | IK=       8/      55 | t=    6.956800 s | CA=  2.6066 | fact=  2.5462 | GF=  1.8040 | solve=  1.6794 | scatter=  0.0525
f=     4.350 Hz | ky=  0.583368E-02 | IK=       9/      55 | t=    6.876600 s | CA=  2.5412 | fact=  2.5341 | GF=  1.8012 | solve=  1.6752 | scatter=  0.0539
f=     4.350 Hz | ky=  0.648186E-02 | IK=      10/      55 | t=    6.881900 s | CA=  2.5865 | fact=  2.4954 | GF=  1.8000 | solve=  1.6748 | scatter=  0.0533
PARDISO mem (f=  4.35 Hz): sym=  1.95 GB  perm=  1.42 GB  num=  3.22 GB  
peak=  4.64 GB
 WD_amp= 6.24298E+13  RESID_RMS= 5.24941E-02  FCOST_DATA= 1.37781E-03  FCOST0= 1.37781E-03
BT: alpha=  2.0429E-01  phi=  1.3778E-03  rhs=  9.7230E-04
 UPDATEPARAMETER: f-scale only
UPDATEPARAMETER PAR_STEP min/max, V_STEP min/max =  1.7805073088E+09  1.1971680525E+10
  1.7805073088E+09  1.1971680525E+10
 running run_ik_loop_pardiso
before CA | VmRSS=  16.245 GB  VmHWM=  95.029 GB
after CA | VmRSS=  16.849 GB  VmHWM=  95.029 GB
after factor | VmRSS=  20.610 GB  VmHWM=  95.029 GB
f=     4.350 Hz | ky=  0.648186E-03 | IK=       1/      55 | t=   17.165400 s | CA=  2.4788 | fact= 12.7888 | GF=  1.8976 | solve=  1.7450 | scatter=  0.0509
f=     4.350 Hz | ky=  0.129637E-02 | IK=       2/      55 | t=    6.911900 s | CA=  2.6049 | fact=  2.5102 | GF=  1.7968 | solve=  1.6723 | scatter=  0.0528
f=     4.350 Hz | ky=  0.194456E-02 | IK=       3/      55 | t=    6.887300 s | CA=  2.5735 | fact=  2.5134 | GF=  1.8004 | solve=  1.6751 | scatter=  0.0537
f=     4.350 Hz | ky=  0.259275E-02 | IK=       4/      55 | t=    6.842500 s | CA=  2.5717 | fact=  2.4756 | GF=  1.7951 | solve=  1.6718 | scatter=  0.0515
f=     4.350 Hz | ky=  0.324093E-02 | IK=       5/      55 | t=    6.881500 s | CA=  2.5553 | fact=  2.5194 | GF=  1.8068 | solve=  1.6828 | scatter=  0.0521
f=     4.350 Hz | ky=  0.388912E-02 | IK=       6/      55 | t=    6.886600 s | CA=  2.5845 | fact=  2.5013 | GF=  1.8007 | solve=  1.6758 | scatter=  0.0529
f=     4.350 Hz | ky=  0.453730E-02 | IK=       7/      55 | t=    6.834400 s | CA=  2.5309 | fact=  2.5041 | GF=  1.7993 | solve=  1.6759 | scatter=  0.0515
f=     4.350 Hz | ky=  0.518549E-02 | IK=       8/      55 | t=    6.844200 s | CA=  2.5428 | fact=  2.4932 | GF=  1.8082 | solve=  1.6835 | scatter=  0.0524
f=     4.350 Hz | ky=  0.583368E-02 | IK=       9/      55 | t=    6.872500 s | CA=  2.5715 | fact=  2.4965 | GF=  1.8045 | solve=  1.6798 | scatter=  0.0527
f=     4.350 Hz | ky=  0.648186E-02 | IK=      10/      55 | t=    6.915600 s | CA=  2.5819 | fact=  2.5347 | GF=  1.7990 | solve=  1.6756 | scatter=  0.0514
PARDISO mem (f=  4.35 Hz): sym=  1.95 GB  perm=  1.42 GB  num=  3.22 GB  
peak=  4.64 GB
 WD_amp= 6.24298E+13  RESID_RMS= 4.72190E-02  FCOST_DATA= 1.11482E-03  FCOST0= 1.11482E-03
BT: alpha=  1.0215E-01  phi=  1.1148E-03  rhs=  9.7232E-04
 UPDATEPARAMETER: f-scale only
UPDATEPARAMETER PAR_STEP min/max, V_STEP min/max =  1.8490000000E+09  1.1949225235E+10
  1.8490000000E+09  1.1949225235E+10
 running run_ik_loop_pardiso
before CA | VmRSS=  16.841 GB  VmHWM=  95.029 GB
after CA | VmRSS=  16.854 GB  VmHWM=  95.029 GB
after factor | VmRSS=  20.618 GB  VmHWM=  95.029 GB
f=     4.350 Hz | ky=  0.648186E-03 | IK=       1/      55 | t=   17.197100 s | CA=  2.5194 | fact= 12.7749 | GF=  1.9026 | solve=  1.7474 | scatter=  0.0538
f=     4.350 Hz | ky=  0.129637E-02 | IK=       2/      55 | t=    6.894800 s | CA=  2.5975 | fact=  2.4984 | GF=  1.7989 | solve=  1.6750 | scatter=  0.0523
f=     4.350 Hz | ky=  0.194456E-02 | IK=       3/      55 | t=    6.880500 s | CA=  2.5808 | fact=  2.4994 | GF=  1.8002 | solve=  1.6763 | scatter=  0.0521
f=     4.350 Hz | ky=  0.259275E-02 | IK=       4/      55 | t=    6.948600 s | CA=  2.6197 | fact=  2.5258 | GF=  1.8031 | solve=  1.6796 | scatter=  0.0516
f=     4.350 Hz | ky=  0.324093E-02 | IK=       5/      55 | t=    6.913300 s | CA=  2.5884 | fact=  2.5291 | GF=  1.7957 | solve=  1.6722 | scatter=  0.0516
f=     4.350 Hz | ky=  0.388912E-02 | IK=       6/      55 | t=    6.844500 s | CA=  2.5188 | fact=  2.5296 | GF=  1.7961 | solve=  1.6732 | scatter=  0.0510
f=     4.350 Hz | ky=  0.453730E-02 | IK=       7/      55 | t=    6.904000 s | CA=  2.5846 | fact=  2.5164 | GF=  1.8030 | solve=  1.6790 | scatter=  0.0522
f=     4.350 Hz | ky=  0.518549E-02 | IK=       8/      55 | t=    6.820900 s | CA=  2.5576 | fact=  2.4612 | GF=  1.8020 | solve=  1.6781 | scatter=  0.0520
f=     4.350 Hz | ky=  0.583368E-02 | IK=       9/      55 | t=    6.895100 s | CA=  2.5594 | fact=  2.5356 | GF=  1.8000 | solve=  1.6761 | scatter=  0.0519
f=     4.350 Hz | ky=  0.648186E-02 | IK=      10/      55 | t=    6.889000 s | CA=  2.5574 | fact=  2.5280 | GF=  1.8036 | solve=  1.6797 | scatter=  0.0519
PARDISO mem (f=  4.35 Hz): sym=  1.95 GB  perm=  1.42 GB  num=  3.22 GB  
peak=  4.64 GB
 WD_amp= 6.24298E+13  RESID_RMS= 4.57021E-02  FCOST_DATA= 1.04434E-03  FCOST0= 1.04434E-03
BT: alpha=  5.1073E-02  phi=  1.0443E-03  rhs=  9.7233E-04
 UPDATEPARAMETER: f-scale only
UPDATEPARAMETER PAR_STEP min/max, V_STEP min/max =  1.8490000000E+09  1.1939780200E+10
  1.8490000000E+09  1.1939780200E+10
 running run_ik_loop_pardiso
before CA | VmRSS=  16.379 GB  VmHWM=  95.029 GB
after CA | VmRSS=  17.481 GB  VmHWM=  95.029 GB
after factor | VmRSS=  21.248 GB  VmHWM=  95.029 GB
f=     4.350 Hz | ky=  0.648186E-03 | IK=       1/      55 | t=   17.206500 s | CA=  2.5079 | fact= 12.7908 | GF=  1.9076 | solve=  1.7518 | scatter=  0.0539
f=     4.350 Hz | ky=  0.129637E-02 | IK=       2/      55 | t=    6.873300 s | CA=  2.5571 | fact=  2.5200 | GF=  1.7961 | solve=  1.6712 | scatter=  0.0533
f=     4.350 Hz | ky=  0.194456E-02 | IK=       3/      55 | t=    6.882700 s | CA=  2.5776 | fact=  2.5039 | GF=  1.8012 | solve=  1.6762 | scatter=  0.0531
f=     4.350 Hz | ky=  0.259275E-02 | IK=       4/      55 | t=    6.863300 s | CA=  2.5541 | fact=  2.5104 | GF=  1.7987 | solve=  1.6752 | scatter=  0.0514
f=     4.350 Hz | ky=  0.324093E-02 | IK=       5/      55 | t=    6.856100 s | CA=  2.5505 | fact=  2.5028 | GF=  1.8027 | solve=  1.6773 | scatter=  0.0535
f=     4.350 Hz | ky=  0.388912E-02 | IK=       6/      55 | t=    6.863800 s | CA=  2.5439 | fact=  2.5240 | GF=  1.7958 | solve=  1.6722 | scatter=  0.0516
f=     4.350 Hz | ky=  0.453730E-02 | IK=       7/      55 | t=    6.887600 s | CA=  2.5486 | fact=  2.5326 | GF=  1.8063 | solve=  1.6808 | scatter=  0.0536
f=     4.350 Hz | ky=  0.518549E-02 | IK=       8/      55 | t=    6.869400 s | CA=  2.5393 | fact=  2.5270 | GF=  1.8031 | solve=  1.6804 | scatter=  0.0506
f=     4.350 Hz | ky=  0.583368E-02 | IK=       9/      55 | t=    6.926000 s | CA=  2.5802 | fact=  2.5394 | GF=  1.8064 | solve=  1.6820 | scatter=  0.0523
f=     4.350 Hz | ky=  0.648186E-02 | IK=      10/      55 | t=    6.912000 s | CA=  2.5666 | fact=  2.5381 | GF=  1.8073 | solve=  1.6823 | scatter=  0.0527
PARDISO mem (f=  4.35 Hz): sym=  1.95 GB  perm=  1.42 GB  num=  3.22 GB  
peak=  4.64 GB
 WD_amp= 6.24298E+13  RESID_RMS= 4.48310E-02  FCOST_DATA= 1.00491E-03  FCOST0= 1.00491E-03
BT: alpha=  2.5536E-02  phi=  1.0049E-03  rhs=  9.7234E-04
 UPDATEPARAMETER: f-scale only
UPDATEPARAMETER PAR_STEP min/max, V_STEP min/max =  1.8490000000E+09  1.1935057682E+10
  1.8490000000E+09  1.1935057682E+10
 running run_ik_loop_pardiso
before CA | VmRSS=  16.283 GB  VmHWM=  95.029 GB
after CA | VmRSS=  16.947 GB  VmHWM=  95.029 GB
after factor | VmRSS=  20.743 GB  VmHWM=  95.029 GB
f=     4.350 Hz | ky=  0.648186E-03 | IK=       1/      55 | t=   17.209300 s | CA=  2.5117 | fact= 12.7944 | GF=  1.9030 | solve=  1.7497 | scatter=  0.0514
f=     4.350 Hz | ky=  0.129637E-02 | IK=       2/      55 | t=    6.887300 s | CA=  2.5786 | fact=  2.5125 | GF=  1.7961 | solve=  1.6716 | scatter=  0.0528
f=     4.350 Hz | ky=  0.194456E-02 | IK=       3/      55 | t=    6.905300 s | CA=  2.5806 | fact=  2.5223 | GF=  1.8024 | solve=  1.6764 | scatter=  0.0541
f=     4.350 Hz | ky=  0.259275E-02 | IK=       4/      55 | t=    6.845800 s | CA=  2.5257 | fact=  2.5170 | GF=  1.8031 | solve=  1.6791 | scatter=  0.0520
f=     4.350 Hz | ky=  0.324093E-02 | IK=       5/      55 | t=    6.887500 s | CA=  2.5884 | fact=  2.4956 | GF=  1.8035 | solve=  1.6783 | scatter=  0.0532
f=     4.350 Hz | ky=  0.388912E-02 | IK=       6/      55 | t=    6.911700 s | CA=  2.5765 | fact=  2.5302 | GF=  1.8050 | solve=  1.6811 | scatter=  0.0520
f=     4.350 Hz | ky=  0.453730E-02 | IK=       7/      55 | t=    6.915600 s | CA=  2.5760 | fact=  2.5322 | GF=  1.8074 | solve=  1.6832 | scatter=  0.0521
f=     4.350 Hz | ky=  0.518549E-02 | IK=       8/      55 | t=    6.890700 s | CA=  2.5729 | fact=  2.5051 | GF=  1.8127 | solve=  1.6889 | scatter=  0.0516
f=     4.350 Hz | ky=  0.583368E-02 | IK=       9/      55 | t=    6.944700 s | CA=  2.5909 | fact=  2.5513 | GF=  1.8025 | solve=  1.6791 | scatter=  0.0513
f=     4.350 Hz | ky=  0.648186E-02 | IK=      10/      55 | t=    6.881700 s | CA=  2.5565 | fact=  2.5186 | GF=  1.8066 | solve=  1.6816 | scatter=  0.0530
PARDISO mem (f=  4.35 Hz): sym=  1.95 GB  perm=  1.42 GB  num=  3.22 GB  
peak=  4.64 GB
 WD_amp= 6.24298E+13  RESID_RMS= 4.44248E-02  FCOST_DATA= 9.86783E-04  FCOST0= 9.86783E-04
BT: alpha=  1.2768E-02  phi=  9.8678E-04  rhs=  9.7234E-04
 UPDATEPARAMETER: f-scale only
UPDATEPARAMETER PAR_STEP min/max, V_STEP min/max =  1.8490000000E+09  1.1932696423E+10
  1.8490000000E+09  1.1932696423E+10
 running run_ik_loop_pardiso
before CA | VmRSS=  16.887 GB  VmHWM=  95.029 GB
after CA | VmRSS=  16.830 GB  VmHWM=  95.029 GB
after factor | VmRSS=  20.615 GB  VmHWM=  95.029 GB
f=     4.350 Hz | ky=  0.648186E-03 | IK=       1/      55 | t=   17.221100 s | CA=  2.5121 | fact= 12.8092 | GF=  1.8995 | solve=  1.7435 | scatter=  0.0520
f=     4.350 Hz | ky=  0.129637E-02 | IK=       2/      55 | t=    6.870900 s | CA=  2.5651 | fact=  2.5086 | GF=  1.7972 | solve=  1.6739 | scatter=  0.0514
f=     4.350 Hz | ky=  0.194456E-02 | IK=       3/      55 | t=    6.865200 s | CA=  2.5618 | fact=  2.5052 | GF=  1.7982 | solve=  1.6742 | scatter=  0.0516
f=     4.350 Hz | ky=  0.259275E-02 | IK=       4/      55 | t=    6.929200 s | CA=  2.6047 | fact=  2.5235 | GF=  1.8010 | solve=  1.6759 | scatter=  0.0530
f=     4.350 Hz | ky=  0.324093E-02 | IK=       5/      55 | t=    6.861600 s | CA=  2.5459 | fact=  2.5135 | GF=  1.8021 | solve=  1.6780 | scatter=  0.0522
f=     4.350 Hz | ky=  0.388912E-02 | IK=       6/      55 | t=    6.877600 s | CA=  2.5647 | fact=  2.5097 | GF=  1.8031 | solve=  1.6778 | scatter=  0.0533
f=     4.350 Hz | ky=  0.453730E-02 | IK=       7/      55 | t=    6.888600 s | CA=  2.5705 | fact=  2.5169 | GF=  1.8012 | solve=  1.6754 | scatter=  0.0537
f=     4.350 Hz | ky=  0.518549E-02 | IK=       8/      55 | t=    6.879400 s | CA=  2.5628 | fact=  2.5111 | GF=  1.8054 | solve=  1.6809 | scatter=  0.0526
f=     4.350 Hz | ky=  0.583368E-02 | IK=       9/      55 | t=    6.891500 s | CA=  2.5443 | fact=  2.5385 | GF=  1.8086 | solve=  1.6834 | scatter=  0.0531
f=     4.350 Hz | ky=  0.648186E-02 | IK=      10/      55 | t=    6.936000 s | CA=  2.5733 | fact=  2.5486 | GF=  1.8141 | solve=  1.6901 | scatter=  0.0516
PARDISO mem (f=  4.35 Hz): sym=  1.95 GB  perm=  1.42 GB  num=  3.22 GB  
peak=  4.64 GB
 WD_amp= 6.24298E+13  RESID_RMS= 4.42492E-02  FCOST_DATA= 9.78994E-04  FCOST0= 9.78994E-04
BT: alpha=  6.3841E-03  phi=  9.7899E-04  rhs=  9.7234E-04
 UPDATEPARAMETER: f-scale only
UPDATEPARAMETER PAR_STEP min/max, V_STEP min/max =  1.8490000000E+09  1.1931515794E+10
  1.8490000000E+09  1.1931515794E+10
 running run_ik_loop_pardiso
before CA | VmRSS=  16.249 GB  VmHWM=  95.029 GB
after CA | VmRSS=  16.849 GB  VmHWM=  95.029 GB
after factor | VmRSS=  20.611 GB  VmHWM=  95.029 GB
f=     4.350 Hz | ky=  0.648186E-03 | IK=       1/      55 | t=   17.185100 s | CA=  2.4841 | fact= 12.7939 | GF=  1.9069 | solve=  1.7526 | scatter=  0.0524
f=     4.350 Hz | ky=  0.129637E-02 | IK=       2/      55 | t=    6.884000 s | CA=  2.6298 | fact=  2.4566 | GF=  1.7976 | solve=  1.6739 | scatter=  0.0515
f=     4.350 Hz | ky=  0.194456E-02 | IK=       3/      55 | t=    6.874900 s | CA=  2.5392 | fact=  2.5293 | GF=  1.8063 | solve=  1.6848 | scatter=  0.0494
f=     4.350 Hz | ky=  0.259275E-02 | IK=       4/      55 | t=    6.927900 s | CA=  2.5821 | fact=  2.5431 | GF=  1.8027 | solve=  1.6779 | scatter=  0.0527
f=     4.350 Hz | ky=  0.324093E-02 | IK=       5/      55 | t=    6.889200 s | CA=  2.5445 | fact=  2.5391 | GF=  1.8055 | solve=  1.6803 | scatter=  0.0531
f=     4.350 Hz | ky=  0.388912E-02 | IK=       6/      55 | t=    6.888500 s | CA=  2.5586 | fact=  2.5306 | GF=  1.7992 | solve=  1.6756 | scatter=  0.0514
f=     4.350 Hz | ky=  0.453730E-02 | IK=       7/      55 | t=    6.881500 s | CA=  2.5431 | fact=  2.5329 | GF=  1.8055 | solve=  1.6803 | scatter=  0.0532
f=     4.350 Hz | ky=  0.518549E-02 | IK=       8/      55 | t=    6.911800 s | CA=  2.5706 | fact=  2.5407 | GF=  1.8005 | solve=  1.6768 | scatter=  0.0516
f=     4.350 Hz | ky=  0.583368E-02 | IK=       9/      55 | t=    6.853300 s | CA=  2.5236 | fact=  2.5218 | GF=  1.8079 | solve=  1.6817 | scatter=  0.0538
f=     4.350 Hz | ky=  0.648186E-02 | IK=      10/      55 | t=    6.954000 s | CA=  2.6384 | fact=  2.5097 | GF=  1.8058 | solve=  1.6818 | scatter=  0.0519
PARDISO mem (f=  4.35 Hz): sym=  1.95 GB  perm=  1.42 GB  num=  3.22 GB  
peak=  4.64 GB
 WD_amp= 6.24298E+13  RESID_RMS= 4.41705E-02  FCOST_DATA= 9.75517E-04  FCOST0= 9.75517E-04
BT: alpha=  3.1920E-03  phi=  9.7552E-04  rhs=  9.7234E-04
 UPDATEPARAMETER: f-scale only
UPDATEPARAMETER PAR_STEP min/max, V_STEP min/max =  1.8490000000E+09  1.1930925479E+10
  1.8490000000E+09  1.1930925479E+10
 running run_ik_loop_pardiso
before CA | VmRSS=  16.919 GB  VmHWM=  95.029 GB
after CA | VmRSS=  16.862 GB  VmHWM=  95.029 GB
after factor | VmRSS=  20.628 GB  VmHWM=  95.029 GB
f=     4.350 Hz | ky=  0.648186E-03 | IK=       1/      55 | t=   17.212300 s | CA=  2.5314 | fact= 12.7790 | GF=  1.9017 | solve=  1.7478 | scatter=  0.0520
f=     4.350 Hz | ky=  0.129637E-02 | IK=       2/      55 | t=    6.878600 s | CA=  2.5520 | fact=  2.5273 | GF=  1.7993 | solve=  1.6754 | scatter=  0.0520
f=     4.350 Hz | ky=  0.194456E-02 | IK=       3/      55 | t=    6.872100 s | CA=  2.5542 | fact=  2.5189 | GF=  1.7990 | solve=  1.6749 | scatter=  0.0523
f=     4.350 Hz | ky=  0.259275E-02 | IK=       4/      55 | t=    6.902700 s | CA=  2.5788 | fact=  2.5207 | GF=  1.8032 | solve=  1.6771 | scatter=  0.0538
f=     4.350 Hz | ky=  0.324093E-02 | IK=       5/      55 | t=    6.892000 s | CA=  2.5529 | fact=  2.5288 | GF=  1.8103 | solve=  1.6864 | scatter=  0.0520
f=     4.350 Hz | ky=  0.388912E-02 | IK=       6/      55 | t=    6.889900 s | CA=  2.5716 | fact=  2.5215 | GF=  1.7968 | solve=  1.6730 | scatter=  0.0520
f=     4.350 Hz | ky=  0.453730E-02 | IK=       7/      55 | t=    6.918900 s | CA=  2.5753 | fact=  2.5387 | GF=  1.8049 | solve=  1.6798 | scatter=  0.0528
f=     4.350 Hz | ky=  0.518549E-02 | IK=       8/      55 | t=    6.884300 s | CA=  2.5965 | fact=  2.4834 | GF=  1.8044 | solve=  1.6790 | scatter=  0.0529
f=     4.350 Hz | ky=  0.583368E-02 | IK=       9/      55 | t=    6.880000 s | CA=  2.5423 | fact=  2.5360 | GF=  1.8016 | solve=  1.6781 | scatter=  0.0515
f=     4.350 Hz | ky=  0.648186E-02 | IK=      10/      55 | t=    6.831100 s | CA=  2.5328 | fact=  2.4935 | GF=  1.8047 | solve=  1.6813 | scatter=  0.0513
PARDISO mem (f=  4.35 Hz): sym=  1.95 GB  perm=  1.42 GB  num=  3.22 GB  
peak=  4.64 GB
 WD_amp= 6.24298E+13  RESID_RMS= 4.41337E-02  FCOST_DATA= 9.73891E-04  FCOST0= 9.73891E-04
BT: alpha=  1.5960E-03  phi=  9.7389E-04  rhs=  9.7234E-04
 UPDATEPARAMETER: f-scale only
UPDATEPARAMETER PAR_STEP min/max, V_STEP min/max =  1.8490000000E+09  1.1930630322E+10
  1.8490000000E+09  1.1930630322E+10
 running run_ik_loop_pardiso
before CA | VmRSS=  16.242 GB  VmHWM=  95.029 GB
after CA | VmRSS=  17.454 GB  VmHWM=  95.029 GB
after factor | VmRSS=  21.224 GB  VmHWM=  95.029 GB
f=     4.350 Hz | ky=  0.648186E-03 | IK=       1/      55 | t=   17.216700 s | CA=  2.5249 | fact= 12.7884 | GF=  1.9032 | solve=  1.7508 | scatter=  0.0507
f=     4.350 Hz | ky=  0.129637E-02 | IK=       2/      55 | t=    6.856600 s | CA=  2.5356 | fact=  2.5213 | GF=  1.7997 | solve=  1.6763 | scatter=  0.0516
f=     4.350 Hz | ky=  0.194456E-02 | IK=       3/      55 | t=    6.940700 s | CA=  2.5959 | fact=  2.5344 | GF=  1.8104 | solve=  1.6865 | scatter=  0.0519
f=     4.350 Hz | ky=  0.259275E-02 | IK=       4/      55 | t=    6.897500 s | CA=  2.5632 | fact=  2.5264 | GF=  1.8078 | solve=  1.6832 | scatter=  0.0526
f=     4.350 Hz | ky=  0.324093E-02 | IK=       5/      55 | t=    6.896600 s | CA=  2.5560 | fact=  2.5301 | GF=  1.8105 | solve=  1.6854 | scatter=  0.0529
f=     4.350 Hz | ky=  0.388912E-02 | IK=       6/      55 | t=    6.909200 s | CA=  2.5648 | fact=  2.5395 | GF=  1.8048 | solve=  1.6816 | scatter=  0.0511
f=     4.350 Hz | ky=  0.453730E-02 | IK=       7/      55 | t=    6.917400 s | CA=  2.6117 | fact=  2.5338 | GF=  1.7718 | solve=  1.6480 | scatter=  0.0515
f=     4.350 Hz | ky=  0.518549E-02 | IK=       8/      55 | t=    6.943000 s | CA=  2.6263 | fact=  2.5506 | GF=  1.7660 | solve=  1.6412 | scatter=  0.0527
f=     4.350 Hz | ky=  0.583368E-02 | IK=       9/      55 | t=    6.886100 s | CA=  2.5699 | fact=  2.5439 | GF=  1.7723 | solve=  1.6477 | scatter=  0.0524
f=     4.350 Hz | ky=  0.648186E-02 | IK=      10/      55 | t=    6.932200 s | CA=  2.6270 | fact=  2.5379 | GF=  1.7673 | solve=  1.6438 | scatter=  0.0513
PARDISO mem (f=  4.35 Hz): sym=  1.95 GB  perm=  1.42 GB  num=  3.22 GB  
peak=  4.64 GB
 WD_amp= 6.24298E+13  RESID_RMS= 4.41159E-02  FCOST_DATA= 9.73107E-04  FCOST0= 9.73107E-04
BT: alpha=  7.9801E-04  phi=  9.7311E-04  rhs=  9.7234E-04
 UPDATEPARAMETER: f-scale only
UPDATEPARAMETER PAR_STEP min/max, V_STEP min/max =  1.8490000000E+09  1.1930482743E+10
  1.8490000000E+09  1.1930482743E+10
 running run_ik_loop_pardiso
before CA | VmRSS=  16.322 GB  VmHWM=  95.029 GB
after CA | VmRSS=  17.467 GB  VmHWM=  95.029 GB
after factor | VmRSS=  21.237 GB  VmHWM=  95.029 GB
f=     4.350 Hz | ky=  0.648186E-03 | IK=       1/      55 | t=   17.190000 s | CA=  2.4893 | fact= 12.8044 | GF=  1.8961 | solve=  1.7428 | scatter=  0.0516
f=     4.350 Hz | ky=  0.129637E-02 | IK=       2/      55 | t=    6.880300 s | CA=  2.5740 | fact=  2.5019 | GF=  1.8043 | solve=  1.6805 | scatter=  0.0519
f=     4.350 Hz | ky=  0.194456E-02 | IK=       3/      55 | t=    6.853300 s | CA=  2.5337 | fact=  2.5183 | GF=  1.8013 | solve=  1.6753 | scatter=  0.0538
f=     4.350 Hz | ky=  0.259275E-02 | IK=       4/      55 | t=    6.907800 s | CA=  2.5834 | fact=  2.5175 | GF=  1.8069 | solve=  1.6821 | scatter=  0.0522
f=     4.350 Hz | ky=  0.324093E-02 | IK=       5/      55 | t=    6.953200 s | CA=  2.6244 | fact=  2.5282 | GF=  1.8005 | solve=  1.6757 | scatter=  0.0529
f=     4.350 Hz | ky=  0.388912E-02 | IK=       6/      55 | t=    6.861600 s | CA=  2.5357 | fact=  2.5306 | GF=  1.7953 | solve=  1.6716 | scatter=  0.0518
f=     4.350 Hz | ky=  0.453730E-02 | IK=       7/      55 | t=    6.949300 s | CA=  2.6191 | fact=  2.5292 | GF=  1.8010 | solve=  1.6785 | scatter=  0.0506
f=     4.350 Hz | ky=  0.518549E-02 | IK=       8/      55 | t=    6.898300 s | CA=  2.5981 | fact=  2.5006 | GF=  1.7995 | solve=  1.6777 | scatter=  0.0498
f=     4.350 Hz | ky=  0.583368E-02 | IK=       9/      55 | t=    6.943900 s | CA=  2.6292 | fact=  2.5123 | GF=  1.8023 | solve=  1.6776 | scatter=  0.0527
f=     4.350 Hz | ky=  0.648186E-02 | IK=      10/      55 | t=    6.895300 s | CA=  2.5789 | fact=  2.5174 | GF=  1.7990 | solve=  1.6758 | scatter=  0.0512
PARDISO mem (f=  4.35 Hz): sym=  1.95 GB  perm=  1.42 GB  num=  3.22 GB  
peak=  4.64 GB
 WD_amp= 6.24298E+13  RESID_RMS= 4.41072E-02  FCOST_DATA= 9.72722E-04  FCOST0= 9.72722E-04
BT: alpha=  3.9901E-04  phi=  9.7272E-04  rhs=  9.7234E-04
 UPDATEPARAMETER: f-scale only
UPDATEPARAMETER PAR_STEP min/max, V_STEP min/max =  1.8490000000E+09  1.1930408954E+10
  1.8490000000E+09  1.1930408954E+10
 running run_ik_loop_pardiso
before CA | VmRSS=  16.739 GB  VmHWM=  95.029 GB
after CA | VmRSS=  16.795 GB  VmHWM=  95.029 GB
after factor | VmRSS=  20.587 GB  VmHWM=  95.029 GB
f=     4.350 Hz | ky=  0.648186E-03 | IK=       1/      55 | t=   17.200800 s | CA=  2.5106 | fact= 12.7876 | GF=  1.9024 | solve=  1.7480 | scatter=  0.0523
f=     4.350 Hz | ky=  0.129637E-02 | IK=       2/      55 | t=    6.872600 s | CA=  2.5684 | fact=  2.5018 | GF=  1.8023 | solve=  1.6773 | scatter=  0.0527
f=     4.350 Hz | ky=  0.194456E-02 | IK=       3/      55 | t=    6.959900 s | CA=  2.6239 | fact=  2.5329 | GF=  1.8031 | solve=  1.6767 | scatter=  0.0545
f=     4.350 Hz | ky=  0.259275E-02 | IK=       4/      55 | t=    6.911700 s | CA=  2.5875 | fact=  2.5240 | GF=  1.8001 | solve=  1.6770 | scatter=  0.0512
f=     4.350 Hz | ky=  0.324093E-02 | IK=       5/      55 | t=    6.938500 s | CA=  2.6033 | fact=  2.5311 | GF=  1.8041 | solve=  1.6783 | scatter=  0.0536
f=     4.350 Hz | ky=  0.388912E-02 | IK=       6/      55 | t=    6.897400 s | CA=  2.5652 | fact=  2.5317 | GF=  1.8004 | solve=  1.6767 | scatter=  0.0514
f=     4.350 Hz | ky=  0.453730E-02 | IK=       7/      55 | t=    6.912900 s | CA=  2.5736 | fact=  2.5353 | GF=  1.8039 | solve=  1.6796 | scatter=  0.0523
f=     4.350 Hz | ky=  0.518549E-02 | IK=       8/      55 | t=    6.897600 s | CA=  2.5678 | fact=  2.5232 | GF=  1.8066 | solve=  1.6815 | scatter=  0.0529
f=     4.350 Hz | ky=  0.583368E-02 | IK=       9/      55 | t=    6.910200 s | CA=  2.5717 | fact=  2.5302 | GF=  1.8083 | solve=  1.6844 | scatter=  0.0519
f=     4.350 Hz | ky=  0.648186E-02 | IK=      10/      55 | t=    6.897900 s | CA=  2.5733 | fact=  2.5162 | GF=  1.8084 | solve=  1.6848 | scatter=  0.0515
PARDISO mem (f=  4.35 Hz): sym=  1.95 GB  perm=  1.42 GB  num=  3.22 GB  
peak=  4.64 GB
 WD_amp= 6.24298E+13  RESID_RMS= 4.41029E-02  FCOST_DATA= 9.72532E-04  FCOST0= 9.72532E-04
BT: alpha=  1.9950E-04  phi=  9.7253E-04  rhs=  9.7234E-04
 UPDATEPARAMETER: f-scale only
UPDATEPARAMETER PAR_STEP min/max, V_STEP min/max =  1.8490000000E+09  1.1930372059E+10
  1.8490000000E+09  1.1930372059E+10
 running run_ik_loop_pardiso
before CA | VmRSS=  16.214 GB  VmHWM=  95.029 GB
after CA | VmRSS=  17.591 GB  VmHWM=  95.029 GB
after factor | VmRSS=  21.383 GB  VmHWM=  95.029 GB
f=     4.350 Hz | ky=  0.648186E-03 | IK=       1/      55 | t=   17.194000 s | CA=  2.5372 | fact= 12.7616 | GF=  1.8950 | solve=  1.7435 | scatter=  0.0499
f=     4.350 Hz | ky=  0.129637E-02 | IK=       2/      55 | t=    6.843700 s | CA=  2.5770 | fact=  2.4714 | GF=  1.7952 | solve=  1.6712 | scatter=  0.0525
f=     4.350 Hz | ky=  0.194456E-02 | IK=       3/      55 | t=    6.948900 s | CA=  2.6203 | fact=  2.5252 | GF=  1.8034 | solve=  1.6788 | scatter=  0.0527
f=     4.350 Hz | ky=  0.259275E-02 | IK=       4/      55 | t=    6.919000 s | CA=  2.6014 | fact=  2.5234 | GF=  1.7942 | solve=  1.6715 | scatter=  0.0510
f=     4.350 Hz | ky=  0.324093E-02 | IK=       5/      55 | t=    6.967200 s | CA=  2.6567 | fact=  2.5127 | GF=  1.7977 | solve=  1.6735 | scatter=  0.0521
f=     4.350 Hz | ky=  0.388912E-02 | IK=       6/      55 | t=    6.899400 s | CA=  2.5670 | fact=  2.5252 | GF=  1.8072 | solve=  1.6821 | scatter=  0.0531
f=     4.350 Hz | ky=  0.453730E-02 | IK=       7/      55 | t=    6.936000 s | CA=  2.5884 | fact=  2.5426 | GF=  1.8050 | solve=  1.6801 | scatter=  0.0529
f=     4.350 Hz | ky=  0.518549E-02 | IK=       8/      55 | t=    6.899300 s | CA=  2.5408 | fact=  2.5481 | GF=  1.8104 | solve=  1.6853 | scatter=  0.0531
f=     4.350 Hz | ky=  0.583368E-02 | IK=       9/      55 | t=    6.943200 s | CA=  2.6176 | fact=  2.5244 | GF=  1.8012 | solve=  1.6793 | scatter=  0.0499
f=     4.350 Hz | ky=  0.648186E-02 | IK=      10/      55 | t=    6.939300 s | CA=  2.6109 | fact=  2.5230 | GF=  1.8054 | solve=  1.6784 | scatter=  0.0549
PARDISO mem (f=  4.35 Hz): sym=  1.95 GB  perm=  1.42 GB  num=  3.22 GB  
peak=  4.64 GB
 WD_amp= 6.24298E+13  RESID_RMS= 4.41007E-02  FCOST_DATA= 9.72437E-04  FCOST0= 9.72437E-04
BT: alpha=  9.9751E-05  phi=  9.7244E-04  rhs=  9.7234E-04
 UPDATEPARAMETER: f-scale only
UPDATEPARAMETER PAR_STEP min/max, V_STEP min/max =  1.8490000000E+09  1.1930353612E+10
  1.8490000000E+09  1.1930353612E+10
 running run_ik_loop_pardiso
before CA | VmRSS=  16.338 GB  VmHWM=  95.029 GB
after CA | VmRSS=  16.980 GB  VmHWM=  95.029 GB
after factor | VmRSS=  20.748 GB  VmHWM=  95.029 GB
f=     4.350 Hz | ky=  0.648186E-03 | IK=       1/      55 | t=   17.200200 s | CA=  2.5161 | fact= 12.7851 | GF=  1.8988 | solve=  1.7448 | scatter=  0.0520
f=     4.350 Hz | ky=  0.129637E-02 | IK=       2/      55 | t=    6.874200 s | CA=  2.5523 | fact=  2.5276 | GF=  1.7943 | solve=  1.6698 | scatter=  0.0528
f=     4.350 Hz | ky=  0.194456E-02 | IK=       3/      55 | t=    6.904100 s | CA=  2.5844 | fact=  2.5173 | GF=  1.8024 | solve=  1.6786 | scatter=  0.0520
f=     4.350 Hz | ky=  0.259275E-02 | IK=       4/      55 | t=    6.879800 s | CA=  2.5633 | fact=  2.5157 | GF=  1.8008 | solve=  1.6762 | scatter=  0.0527
f=     4.350 Hz | ky=  0.324093E-02 | IK=       5/      55 | t=    6.832400 s | CA=  2.5364 | fact=  2.4945 | GF=  1.8014 | solve=  1.6786 | scatter=  0.0505
f=     4.350 Hz | ky=  0.388912E-02 | IK=       6/      55 | t=    6.885400 s | CA=  2.5668 | fact=  2.5164 | GF=  1.8021 | solve=  1.6775 | scatter=  0.0526
f=     4.350 Hz | ky=  0.453730E-02 | IK=       7/      55 | t=    6.882200 s | CA=  2.5597 | fact=  2.5170 | GF=  1.8054 | solve=  1.6790 | scatter=  0.0545
f=     4.350 Hz | ky=  0.518549E-02 | IK=       8/      55 | t=    6.856900 s | CA=  2.5325 | fact=  2.5205 | GF=  1.8039 | solve=  1.6796 | scatter=  0.0522
f=     4.350 Hz | ky=  0.583368E-02 | IK=       9/      55 | t=    6.948400 s | CA=  2.6130 | fact=  2.5284 | GF=  1.8070 | solve=  1.6830 | scatter=  0.0520
f=     4.350 Hz | ky=  0.648186E-02 | IK=      10/      55 | t=    6.989200 s | CA=  2.6551 | fact=  2.5323 | GF=  1.8017 | solve=  1.6765 | scatter=  0.0530
PARDISO mem (f=  4.35 Hz): sym=  1.95 GB  perm=  1.42 GB  num=  3.22 GB  
peak=  4.64 GB
 WD_amp= 6.24298E+13  RESID_RMS= 4.40996E-02  FCOST_DATA= 9.72389E-04  FCOST0= 9.72389E-04
BT: alpha=  4.9876E-05  phi=  9.7239E-04  rhs=  9.7234E-04
 UPDATEPARAMETER: f-scale only
UPDATEPARAMETER PAR_STEP min/max, V_STEP min/max =  1.8490000000E+09  1.1930344388E+10
  1.8490000000E+09  1.1930344388E+10
 running run_ik_loop_pardiso
before CA | VmRSS=  16.185 GB  VmHWM=  95.029 GB
after CA | VmRSS=  17.055 GB  VmHWM=  95.029 GB
after factor | VmRSS=  20.846 GB  VmHWM=  95.029 GB
f=     4.350 Hz | ky=  0.648186E-03 | IK=       1/      55 | t=   17.319200 s | CA=  2.5954 | fact= 12.8204 | GF=  1.9031 | solve=  1.7500 | scatter=  0.0507
f=     4.350 Hz | ky=  0.129637E-02 | IK=       2/      55 | t=    6.886900 s | CA=  2.5579 | fact=  2.5261 | GF=  1.8029 | solve=  1.6793 | scatter=  0.0516
f=     4.350 Hz | ky=  0.194456E-02 | IK=       3/      55 | t=    6.872800 s | CA=  2.5673 | fact=  2.4965 | GF=  1.8090 | solve=  1.6859 | scatter=  0.0513
f=     4.350 Hz | ky=  0.259275E-02 | IK=       4/      55 | t=    6.950100 s | CA=  2.6204 | fact=  2.5276 | GF=  1.8021 | solve=  1.6796 | scatter=  0.0504
f=     4.350 Hz | ky=  0.324093E-02 | IK=       5/      55 | t=    6.926400 s | CA=  2.5842 | fact=  2.5315 | GF=  1.8106 | solve=  1.6865 | scatter=  0.0522
f=     4.350 Hz | ky=  0.388912E-02 | IK=       6/      55 | t=    6.944600 s | CA=  2.6015 | fact=  2.5384 | GF=  1.8047 | solve=  1.6813 | scatter=  0.0515
f=     4.350 Hz | ky=  0.453730E-02 | IK=       7/      55 | t=    6.908300 s | CA=  2.5856 | fact=  2.5188 | GF=  1.8039 | solve=  1.6787 | scatter=  0.0531
f=     4.350 Hz | ky=  0.518549E-02 | IK=       8/      55 | t=    6.911000 s | CA=  2.5859 | fact=  2.5246 | GF=  1.8004 | solve=  1.6770 | scatter=  0.0511
f=     4.350 Hz | ky=  0.583368E-02 | IK=       9/      55 | t=    6.828300 s | CA=  2.5553 | fact=  2.4706 | GF=  1.8024 | solve=  1.6782 | scatter=  0.0522
f=     4.350 Hz | ky=  0.648186E-02 | IK=      10/      55 | t=    6.884200 s | CA=  2.5667 | fact=  2.5161 | GF=  1.8014 | solve=  1.6776 | scatter=  0.0519
PARDISO mem (f=  4.35 Hz): sym=  1.95 GB  perm=  1.42 GB  num=  3.22 GB  
peak=  4.64 GB
 WD_amp= 6.24298E+13  RESID_RMS= 4.40991E-02  FCOST_DATA= 9.72366E-04  FCOST0= 9.72366E-04
BT: alpha=  2.4938E-05  phi=  9.7237E-04  rhs=  9.7234E-04
 UPDATEPARAMETER: f-scale only
UPDATEPARAMETER PAR_STEP min/max, V_STEP min/max =  1.8490000000E+09  1.1930339776E+10
  1.8490000000E+09  1.1930339776E+10
 running run_ik_loop_pardiso
before CA | VmRSS=  16.971 GB  VmHWM=  95.029 GB
after CA | VmRSS=  17.355 GB  VmHWM=  95.029 GB
after factor | VmRSS=  21.151 GB  VmHWM=  95.029 GB
f=     4.350 Hz | ky=  0.648186E-03 | IK=       1/      55 | t=   17.206900 s | CA=  2.5347 | fact= 12.7767 | GF=  1.8953 | solve=  1.7421 | scatter=  0.0521
f=     4.350 Hz | ky=  0.129637E-02 | IK=       2/      55 | t=    6.884100 s | CA=  2.5632 | fact=  2.5239 | GF=  1.7970 | solve=  1.6727 | scatter=  0.0527
f=     4.350 Hz | ky=  0.194456E-02 | IK=       3/      55 | t=    6.874300 s | CA=  2.5916 | fact=  2.4830 | GF=  1.7996 | solve=  1.6769 | scatter=  0.0508
f=     4.350 Hz | ky=  0.259275E-02 | IK=       4/      55 | t=    6.946300 s | CA=  2.6389 | fact=  2.5120 | GF=  1.7953 | solve=  1.6728 | scatter=  0.0506
f=     4.350 Hz | ky=  0.324093E-02 | IK=       5/      55 | t=    6.935100 s | CA=  2.6183 | fact=  2.5157 | GF=  1.8011 | solve=  1.6760 | scatter=  0.0525
f=     4.350 Hz | ky=  0.388912E-02 | IK=       6/      55 | t=    6.959100 s | CA=  2.6308 | fact=  2.5255 | GF=  1.8028 | solve=  1.6791 | scatter=  0.0513
f=     4.350 Hz | ky=  0.453730E-02 | IK=       7/      55 | t=    6.898600 s | CA=  2.5627 | fact=  2.5355 | GF=  1.8004 | solve=  1.6778 | scatter=  0.0505
f=     4.350 Hz | ky=  0.518549E-02 | IK=       8/      55 | t=    6.936300 s | CA=  2.6077 | fact=  2.5211 | GF=  1.8074 | solve=  1.6825 | scatter=  0.0529
f=     4.350 Hz | ky=  0.583368E-02 | IK=       9/      55 | t=    7.012100 s | CA=  2.5972 | fact=  2.5546 | GF=  1.8603 | solve=  1.7363 | scatter=  0.0519
f=     4.350 Hz | ky=  0.648186E-02 | IK=      10/      55 | t=    6.900200 s | CA=  2.5490 | fact=  2.5459 | GF=  1.8053 | solve=  1.6811 | scatter=  0.0523
PARDISO mem (f=  4.35 Hz): sym=  1.95 GB  perm=  1.42 GB  num=  3.22 GB  
peak=  4.64 GB
 WD_amp= 6.24298E+13  RESID_RMS= 4.40988E-02  FCOST_DATA= 9.72354E-04  FCOST0= 9.72354E-04
BT: alpha=  1.2469E-05  phi=  9.7235E-04  rhs=  9.7234E-04
 UPDATEPARAMETER: f-scale only
UPDATEPARAMETER PAR_STEP min/max, V_STEP min/max =  1.8490000000E+09  1.1930338863E+10
  1.8490000000E+09  1.1930338863E+10
 running run_ik_loop_pardiso
before CA | VmRSS=  16.753 GB  VmHWM=  95.029 GB
after CA | VmRSS=  17.116 GB  VmHWM=  95.029 GB
after factor | VmRSS=  20.880 GB  VmHWM=  95.029 GB
f=     4.350 Hz | ky=  0.648186E-03 | IK=       1/      55 | t=   17.251100 s | CA=  2.5722 | fact= 12.7734 | GF=  1.9053 | solve=  1.7512 | scatter=  0.0519
f=     4.350 Hz | ky=  0.129637E-02 | IK=       2/      55 | t=    6.906600 s | CA=  2.5840 | fact=  2.5177 | GF=  1.8048 | solve=  1.6805 | scatter=  0.0526
f=     4.350 Hz | ky=  0.194456E-02 | IK=       3/      55 | t=    6.845500 s | CA=  2.5573 | fact=  2.4898 | GF=  1.7984 | solve=  1.6751 | scatter=  0.0513
f=     4.350 Hz | ky=  0.259275E-02 | IK=       4/      55 | t=    6.889300 s | CA=  2.5752 | fact=  2.5125 | GF=  1.8016 | solve=  1.6764 | scatter=  0.0531
f=     4.350 Hz | ky=  0.324093E-02 | IK=       5/      55 | t=    6.911000 s | CA=  2.5834 | fact=  2.5206 | GF=  1.8069 | solve=  1.6822 | scatter=  0.0527
f=     4.350 Hz | ky=  0.388912E-02 | IK=       6/      55 | t=    6.826100 s | CA=  2.5608 | fact=  2.4657 | GF=  1.7996 | solve=  1.6751 | scatter=  0.0523
f=     4.350 Hz | ky=  0.453730E-02 | IK=       7/      55 | t=    6.970800 s | CA=  2.6401 | fact=  2.5283 | GF=  1.8024 | solve=  1.6773 | scatter=  0.0533
f=     4.350 Hz | ky=  0.518549E-02 | IK=       8/      55 | t=    6.945800 s | CA=  2.6136 | fact=  2.5289 | GF=  1.8033 | solve=  1.6778 | scatter=  0.0535
f=     4.350 Hz | ky=  0.583368E-02 | IK=       9/      55 | t=    6.940100 s | CA=  2.6157 | fact=  2.5227 | GF=  1.8016 | solve=  1.6769 | scatter=  0.0528
f=     4.350 Hz | ky=  0.648186E-02 | IK=      10/      55 | t=    6.836000 s | CA=  2.5873 | fact=  2.4472 | GF=  1.8015 | solve=  1.6771 | scatter=  0.0525
PARDISO mem (f=  4.35 Hz): sym=  1.95 GB  perm=  1.42 GB  num=  3.22 GB  
peak=  4.64 GB
 WD_amp= 6.24298E+13  RESID_RMS= 4.40988E-02  FCOST_DATA= 9.72352E-04  FCOST0= 9.72352E-04
 Backtrack: failed after MAX_IT
 Line search failed (IFLAG=          11 ), inversion diverged.
 --------- Frequency   4.75000000000000       (band            1 )
[ComputeAcqWeight] empty acq_weight_file, using uniform weights = 1.0
Data weighting computed for frequency 4607182418800017373
XSRmin, XSRmax, ZSRmin, ZSRMax -1960.000000000000 .000000000000000 2050.000000000000 4030.000000000000
1 FKYC
1.2 FKYC
my_rank, FKYC,WLMAX, RMAX 0 .3892843070752570E-01 1078.479746282688 2786.036611389018
1.1 NK
NK in cky2= 55

  Number of wavenumber samples (NK) for FREQ =   55
Data weighting computed for frequency 4607182418800017373
Data weighting computed for frequency 4607182418800017373
Data weighting computed for frequency 4607182418800017373
Data weighting computed for frequency 4607182418800017373
  RMAX = 2786.04
Data weighting computed for frequency 4607182418800017373
--- Pre-solver preview (memory + RHS workload) ---
   GQG dims: NNX=       585  NNZ=       317  NPT=    185445
   DOF:     N=3*NPT =    556335
   Sources: NSR=       100  NSS=        20  NK=        55
   RHS total (per IK): nrhs_tot=3*NSS =        60
   Batch:    MAX_RHS_BATCH=        32  nbatches=         2
   GFMY  (GFX+GFY+GFZ):         13.679 GB
   RHS_MY(rhs+sol buffers):      0.531 GB
 
 running run_ik_loop_pardiso
before CA | VmRSS=  15.472 GB  VmHWM=  95.029 GB
after CA | VmRSS=  16.628 GB  VmHWM=  95.029 GB
after factor | VmRSS=  20.385 GB  VmHWM=  95.029 GB
f=     4.750 Hz | ky=  0.707790E-03 | IK=       1/      55 | t=   17.182200 s | CA=  2.4961 | fact= 12.7790 | GF=  1.9069 | solve=  1.7532 | scatter=  0.0519
f=     4.750 Hz | ky=  0.141558E-02 | IK=       2/      55 | t=    6.856500 s | CA=  2.5389 | fact=  2.5220 | GF=  1.7956 | solve=  1.6728 | scatter=  0.0511
f=     4.750 Hz | ky=  0.212337E-02 | IK=       3/      55 | t=    6.887100 s | CA=  2.5614 | fact=  2.5204 | GF=  1.8053 | solve=  1.6806 | scatter=  0.0527
f=     4.750 Hz | ky=  0.283116E-02 | IK=       4/      55 | t=    6.892500 s | CA=  2.5802 | fact=  2.5038 | GF=  1.8085 | solve=  1.6834 | scatter=  0.0530
f=     4.750 Hz | ky=  0.353895E-02 | IK=       5/      55 | t=    6.911200 s | CA=  2.5689 | fact=  2.5392 | GF=  1.8031 | solve=  1.6785 | scatter=  0.0527
f=     4.750 Hz | ky=  0.424674E-02 | IK=       6/      55 | t=    6.872900 s | CA=  2.5397 | fact=  2.5281 | GF=  1.8050 | solve=  1.6793 | scatter=  0.0536
f=     4.750 Hz | ky=  0.495453E-02 | IK=       7/      55 | t=    6.903000 s | CA=  2.5674 | fact=  2.5300 | GF=  1.8055 | solve=  1.6821 | scatter=  0.0513
f=     4.750 Hz | ky=  0.566232E-02 | IK=       8/      55 | t=    6.864300 s | CA=  2.5449 | fact=  2.5165 | GF=  1.8028 | solve=  1.6799 | scatter=  0.0509
f=     4.750 Hz | ky=  0.637011E-02 | IK=       9/      55 | t=    6.930800 s | CA=  2.5768 | fact=  2.5433 | GF=  1.8107 | solve=  1.6868 | scatter=  0.0519
f=     4.750 Hz | ky=  0.707790E-02 | IK=      10/      55 | t=    6.900100 s | CA=  2.5570 | fact=  2.5371 | GF=  1.8060 | solve=  1.6819 | scatter=  0.0520
PARDISO mem (f=  4.75 Hz): sym=  1.95 GB  perm=  1.42 GB  num=  3.22 GB  
peak=  4.64 GB
t_global   =    115.991 s
TIME for 1st forward modeling =  1.933178329467773  min
TIME for GT0 =  .5200000107288360E-02  min
Data scaler W for L2 norm: 64069066454919.59
Data scaler W for WQS norm: .3395193265742062E-312
Total number of active inversion parameters for current sequential stage (IM):          1
Total model blocks points (NM = IM * NBLOCK):      11534 on grid (NMM = IM * NPT):    185445
 Gradient balance ():   1.00000000000000        1.00000000000000     
   1.00000000000000        1.00000000000000        1.00000000000000     
   1.00000000000000        1.00000000000000        1.00000000000000     
   1.00000000000000        1.00000000000000        1.00000000000000     
 IE0, IZ          30           0
 IE0, IZ, GZ1, GZ2 =           30           0   100.000000000000     
   300.000000000000     
  
 Frequency:           6 Iteration:           1
--- Pre-solver preview (memory + RHS workload) ---
   GQG dims: NNX=       585  NNZ=       317  NPT=    185445
   DOF:     N=3*NPT =    556335
   Sources: NSR=       100  NSS=       100  NK=        55
   RHS total (per IK): nrhs_tot=3*NSS =       300
   Batch:    MAX_RHS_BATCH=        32  nbatches=        10
   GFMY  (GFX+GFY+GFZ):         68.393 GB
   RHS_MY(rhs+sol buffers):      0.531 GB
 
 running run_ik_loop_pardiso
before CA | VmRSS=  71.023 GB  VmHWM=  95.029 GB
after CA | VmRSS=  71.562 GB  VmHWM=  95.029 GB
after factor | VmRSS=  75.327 GB  VmHWM=  95.029 GB
f=     4.750 Hz | ky=  0.707790E-03 | IK=       1/      55 | t=   24.188100 s | CA=  2.5405 | fact= 12.7656 | GF=  8.8818 | solve=  8.2270 | scatter=  0.2543
f=     4.750 Hz | ky=  0.141558E-02 | IK=       2/      55 | t=   13.852600 s | CA=  2.5625 | fact=  2.5169 | GF=  8.7732 | solve=  8.1526 | scatter=  0.2506
f=     4.750 Hz | ky=  0.212337E-02 | IK=       3/      55 | t=   13.852500 s | CA=  2.5752 | fact=  2.5168 | GF=  8.7604 | solve=  8.1366 | scatter=  0.2526
f=     4.750 Hz | ky=  0.283116E-02 | IK=       4/      55 | t=   13.824200 s | CA=  2.5204 | fact=  2.5191 | GF=  8.7847 | solve=  8.1578 | scatter=  0.2547
f=     4.750 Hz | ky=  0.353895E-02 | IK=       5/      55 | t=   13.915900 s | CA=  2.5988 | fact=  2.5328 | GF=  8.7843 | solve=  8.1590 | scatter=  0.2529
f=     4.750 Hz | ky=  0.424674E-02 | IK=       6/      55 | t=   13.880900 s | CA=  2.5670 | fact=  2.5364 | GF=  8.7775 | solve=  8.1516 | scatter=  0.2537
f=     4.750 Hz | ky=  0.495453E-02 | IK=       7/      55 | t=   13.860500 s | CA=  2.5302 | fact=  2.5283 | GF=  8.8019 | solve=  8.1758 | scatter=  0.2538
f=     4.750 Hz | ky=  0.566232E-02 | IK=       8/      55 | t=   13.871400 s | CA=  2.5508 | fact=  2.5306 | GF=  8.7900 | solve=  8.1648 | scatter=  0.2525
f=     4.750 Hz | ky=  0.637011E-02 | IK=       9/      55 | t=   13.860100 s | CA=  2.5230 | fact=  2.5343 | GF=  8.8028 | solve=  8.1734 | scatter=  0.2550
f=     4.750 Hz | ky=  0.707790E-02 | IK=      10/      55 | t=   13.875700 s | CA=  2.5571 | fact=  2.5202 | GF=  8.7983 | solve=  8.1716 | scatter=  0.2522
PARDISO mem (f=  4.75 Hz): sym=  1.95 GB  perm=  1.42 GB  num=  3.22 GB  
peak=  4.64 GB
t_global   =    333.296 s
TIME for 2d forward modeling_i calc =  5.552651468912760 min
Rank    5 -> ID range:   4001 to   4800 | Tasks:    800
Rank    4 -> ID range:   3201 to   4000 | Tasks:    800
Rank    2 -> ID range:   1601 to   2400 | Tasks:    800
Rank    3 -> ID range:   2401 to   3200 | Tasks:    800
Rank    1 -> ID range:    801 to   1600 | Tasks:    800
  
 -------------- calculate Frechet derivatives -----------
 IFREQ =           6    ITERATION =           1
Frechet memory size Frec_my:      0.825 (Gb)
Rank    0 -> ID range:      1 to    800 | Tasks:    800
FREQ:      4.8 Hz, ITER=       1  Frechet Derivative ID=     100/    4800 Finished   0.214500 s
FREQ:      4.8 Hz, ITER=       1  Frechet Derivative ID=     200/    4800 Finished   0.216900 s
FREQ:      4.8 Hz, ITER=       1  Frechet Derivative ID=     300/    4800 Finished   0.269500 s
FREQ:      4.8 Hz, ITER=       1  Frechet Derivative ID=     400/    4800 Finished   0.210300 s
FREQ:      4.8 Hz, ITER=       1  Frechet Derivative ID=     500/    4800 Finished   0.206100 s
FREQ:      4.8 Hz, ITER=       1  Frechet Derivative ID=     600/    4800 Finished   0.206100 s
FREQ:      4.8 Hz, ITER=       1  Frechet Derivative ID=     700/    4800 Finished   0.215100 s
FREQ:      4.8 Hz, ITER=       1  Frechet Derivative ID=     800/    4800 Finished   0.204300 s
||Frechet||_F=  2.1214E-19max|Frechet|=  2.9534E-24
||Frechet||_F=  2.1214E-19max|Frechet|=  2.9534E-24
||Frechet||_F=  2.1214E-19max|Frechet|=  2.9534E-24
||Frechet||_F=  2.1214E-19max|Frechet|=  2.9534E-24
||Frechet||_F=  2.1214E-19max|Frechet|=  2.9534E-24
 
TIME for Frechet calc =  3.130019887288412 min
 
m_fine: min=  1.8490E+09  max=  1.1930E+10  mean=  7.9473E+09  ||.||2=  3.8599E+12  size=  185445
m_coarse_prev: min=  1.8538E+09  max=  1.1919E+10  mean=  7.9506E+09  ||.||2=  9.6273E+11  size=   11534
 
  compute the residual and the cost function
 WD_amp= 6.40691E+13  RESID_RMS= 4.62530E-02  FCOST_DATA= 1.06967E-03  FCOST0= 1.06967E-03
||Frechet||_F=  2.1214E-19max|Frechet|=  2.9534E-24
IA=  6  H(single F0) min= 0.00000E+00  max= 9.16057E-04
IA=  6  H(F0^2)     min= 0.00000E+00  max= 9.16057E-04
HESSD: ia=   6  min= 0.00000E+00  max= 1.09045E+06
IA=  6  H(single F0) min= 0.00000E+00  max= 9.16057E-04
IA=  6  H(F0^2)     min= 0.00000E+00  max= 9.16057E-04
HESSD: ia=   6  min= 0.00000E+00  max= 1.09045E+06
IA=  6  H(single F0) min= 0.00000E+00  max= 9.16057E-04
IA=  6  H(F0^2)     min= 0.00000E+00  max= 9.16057E-04
HESSD: ia=   6  min= 0.00000E+00  max= 1.09045E+06
IA=  6  H(single F0) min= 0.00000E+00  max= 9.16057E-04
IA=  6  H(F0^2)     min= 0.00000E+00  max= 9.16057E-04
HESSD: ia=   6  min= 0.00000E+00  max= 1.09045E+06
IA=  6  H(single F0) min= 0.00000E+00  max= 9.16057E-04
IA=  6  H(F0^2)     min= 0.00000E+00  max= 9.16057E-04
HESSD: ia=   6  min= 0.00000E+00  max= 1.09045E+06
IA=  6  H(single F0) min= 0.00000E+00  max= 9.16057E-04
IA=  6  H(F0^2)     min= 0.00000E+00  max= 9.16057E-04
HESSD: ia=   6  min= 0.00000E+00  max= 1.09045E+06
Grad block   6 GRAD_SCALED MORM =   6.5781E-04
Raw grad block  6  PAR={C66}  min= -2.2098E-14  max=  2.2254E-14  L2=  1.8188E-13
Gradient finished
Start LBFGS 
LBFGS steepest step , iter=      1
  g·p = -1.6677E-03  ||p|| =  2.6636E+01
  min(p)= -2.3495E+00  max(p)=  1.9038E+00
LBFGS p_k (unscaled) stats per active parameter:
  IA=  6  PAR={C66}  min=-8.99846E+09  max= 7.29130E+09  L2= 1.02015E+11
min(p_k)= -2.3495E+00  max(p_k)=  1.9038E+00  ||p_k||=  2.6636E+01
min(p_kf)= -2.3495E+00  max(p_kf)=  1.9038E+00  ||p_kf||=  1.0655E+02
p_k/p_kf  =   2.5000E-01
Start linesearch
BT entry: phi(0)=  1.0697E-03  g·p(0)= -1.6677E-03
 UPDATEPARAMETER: f-scale only
UPDATEPARAMETER PAR_STEP min/max, V_STEP min/max = -1.7305526488E+09  1.6892212434E+10
 -1.7305526488E+09  1.6892212434E+10
REL STEP elastic: k=  6 row=  6 rmax_k=  1.4784E+00 row_scale=  1.1930E+10
BT cap probe: rmax1=  1.4784E+00  alpha_cap=  3.3821E-01  alpha00=  1.0000E+00
 UPDATEPARAMETER: f-scale only
UPDATEPARAMETER PAR_STEP min/max, V_STEP min/max =  1.6818141538E+09  1.2770203333E+10
  1.6818141538E+09  1.2770203333E+10
 running run_ik_loop_pardiso
before CA | VmRSS=  16.364 GB  VmHWM=  95.029 GB
after CA | VmRSS=  16.977 GB  VmHWM=  95.029 GB
after factor | VmRSS=  20.746 GB  VmHWM=  95.029 GB
f=     4.750 Hz | ky=  0.707790E-03 | IK=       1/      55 | t=   17.186900 s | CA=  2.5044 | fact= 12.7778 | GF=  1.9045 | solve=  1.7501 | scatter=  0.0529
f=     4.750 Hz | ky=  0.141558E-02 | IK=       2/      55 | t=    6.877200 s | CA=  2.5627 | fact=  2.5123 | GF=  1.8021 | solve=  1.6774 | scatter=  0.0525
f=     4.750 Hz | ky=  0.212337E-02 | IK=       3/      55 | t=    6.913100 s | CA=  2.5818 | fact=  2.5264 | GF=  1.8048 | solve=  1.6806 | scatter=  0.0521
f=     4.750 Hz | ky=  0.283116E-02 | IK=       4/      55 | t=    6.871500 s | CA=  2.5456 | fact=  2.5244 | GF=  1.8014 | solve=  1.6769 | scatter=  0.0526
f=     4.750 Hz | ky=  0.353895E-02 | IK=       5/      55 | t=    6.922600 s | CA=  2.5868 | fact=  2.5359 | GF=  1.7999 | solve=  1.6760 | scatter=  0.0520
f=     4.750 Hz | ky=  0.424674E-02 | IK=       6/      55 | t=    6.899900 s | CA=  2.5638 | fact=  2.5337 | GF=  1.8024 | solve=  1.6783 | scatter=  0.0521
f=     4.750 Hz | ky=  0.495453E-02 | IK=       7/      55 | t=    6.857700 s | CA=  2.5259 | fact=  2.5260 | GF=  1.8058 | solve=  1.6832 | scatter=  0.0507
f=     4.750 Hz | ky=  0.566232E-02 | IK=       8/      55 | t=    6.897600 s | CA=  2.5591 | fact=  2.5318 | GF=  1.8067 | solve=  1.6831 | scatter=  0.0512
f=     4.750 Hz | ky=  0.637011E-02 | IK=       9/      55 | t=    6.901500 s | CA=  2.5943 | fact=  2.4995 | GF=  1.8077 | solve=  1.6833 | scatter=  0.0519
f=     4.750 Hz | ky=  0.707790E-02 | IK=      10/      55 | t=    6.938700 s | CA=  2.5978 | fact=  2.5365 | GF=  1.8044 | solve=  1.6810 | scatter=  0.0514
PARDISO mem (f=  4.75 Hz): sym=  1.95 GB  perm=  1.42 GB  num=  3.22 GB  
peak=  4.64 GB
 WD_amp= 6.40691E+13  RESID_RMS= 5.08006E-02  FCOST_DATA= 1.29035E-03  FCOST0= 1.29035E-03
BT: alpha=  3.3821E-01  phi=  1.2903E-03  rhs=  1.0696E-03
 UPDATEPARAMETER: f-scale only
UPDATEPARAMETER PAR_STEP min/max, V_STEP min/max =  1.7909123813E+09  1.2220730694E+10
  1.7909123813E+09  1.2220730694E+10
 running run_ik_loop_pardiso
before CA | VmRSS=  16.303 GB  VmHWM=  95.029 GB
after CA | VmRSS=  17.579 GB  VmHWM=  95.029 GB
after factor | VmRSS=  21.364 GB  VmHWM=  95.029 GB
f=     4.750 Hz | ky=  0.707790E-03 | IK=       1/      55 | t=   17.194500 s | CA=  2.5070 | fact= 12.7846 | GF=  1.9027 | solve=  1.7503 | scatter=  0.0505
f=     4.750 Hz | ky=  0.141558E-02 | IK=       2/      55 | t=    6.885000 s | CA=  2.5569 | fact=  2.5275 | GF=  1.8005 | solve=  1.6771 | scatter=  0.0512
f=     4.750 Hz | ky=  0.212337E-02 | IK=       3/      55 | t=    6.914300 s | CA=  2.5902 | fact=  2.5186 | GF=  1.8055 | solve=  1.6818 | scatter=  0.0518
f=     4.750 Hz | ky=  0.283116E-02 | IK=       4/      55 | t=    6.870300 s | CA=  2.5282 | fact=  2.5384 | GF=  1.8036 | solve=  1.6798 | scatter=  0.0519
f=     4.750 Hz | ky=  0.353895E-02 | IK=       5/      55 | t=    6.831400 s | CA=  2.5302 | fact=  2.4951 | GF=  1.8061 | solve=  1.6817 | scatter=  0.0522
f=     4.750 Hz | ky=  0.424674E-02 | IK=       6/      55 | t=    6.864400 s | CA=  2.5479 | fact=  2.5128 | GF=  1.8036 | solve=  1.6763 | scatter=  0.0555
f=     4.750 Hz | ky=  0.495453E-02 | IK=       7/      55 | t=    6.970700 s | CA=  2.6289 | fact=  2.5357 | GF=  1.8061 | solve=  1.6814 | scatter=  0.0528
f=     4.750 Hz | ky=  0.566232E-02 | IK=       8/      55 | t=    6.871000 s | CA=  2.5595 | fact=  2.5163 | GF=  1.7952 | solve=  1.6707 | scatter=  0.0524
f=     4.750 Hz | ky=  0.637011E-02 | IK=       9/      55 | t=    6.873300 s | CA=  2.5493 | fact=  2.5241 | GF=  1.7999 | solve=  1.6759 | scatter=  0.0520
f=     4.750 Hz | ky=  0.707790E-02 | IK=      10/      55 | t=    6.884100 s | CA=  2.5556 | fact=  2.5296 | GF=  1.7989 | solve=  1.6765 | scatter=  0.0503
PARDISO mem (f=  4.75 Hz): sym=  1.95 GB  perm=  1.42 GB  num=  3.22 GB  
peak=  4.64 GB
 WD_amp= 6.40691E+13  RESID_RMS= 4.72475E-02  FCOST_DATA= 1.11617E-03  FCOST0= 1.11617E-03
BT: alpha=  1.6911E-01  phi=  1.1162E-03  rhs=  1.0696E-03
 UPDATEPARAMETER: f-scale only
UPDATEPARAMETER PAR_STEP min/max, V_STEP min/max =  1.8454614950E+09  1.2074129660E+10
  1.8454614950E+09  1.2074129660E+10
 running run_ik_loop_pardiso
before CA | VmRSS=  16.348 GB  VmHWM=  95.029 GB
after CA | VmRSS=  17.483 GB  VmHWM=  95.029 GB
after factor | VmRSS=  21.267 GB  VmHWM=  95.029 GB
f=     4.750 Hz | ky=  0.707790E-03 | IK=       1/      55 | t=   17.186100 s | CA=  2.4888 | fact= 12.7963 | GF=  1.9008 | solve=  1.7476 | scatter=  0.0516
f=     4.750 Hz | ky=  0.141558E-02 | IK=       2/      55 | t=    6.888800 s | CA=  2.5750 | fact=  2.5142 | GF=  1.7996 | solve=  1.6734 | scatter=  0.0543
f=     4.750 Hz | ky=  0.212337E-02 | IK=       3/      55 | t=    6.876500 s | CA=  2.5728 | fact=  2.4924 | GF=  1.8112 | solve=  1.6858 | scatter=  0.0534
f=     4.750 Hz | ky=  0.283116E-02 | IK=       4/      55 | t=    6.882300 s | CA=  2.5537 | fact=  2.5291 | GF=  1.7994 | solve=  1.6748 | scatter=  0.0527
f=     4.750 Hz | ky=  0.353895E-02 | IK=       5/      55 | t=    6.857500 s | CA=  2.5402 | fact=  2.5185 | GF=  1.7988 | solve=  1.6740 | scatter=  0.0526
f=     4.750 Hz | ky=  0.424674E-02 | IK=       6/      55 | t=    6.891100 s | CA=  2.5629 | fact=  2.5257 | GF=  1.8025 | solve=  1.6757 | scatter=  0.0548
f=     4.750 Hz | ky=  0.495453E-02 | IK=       7/      55 | t=    6.915300 s | CA=  2.5915 | fact=  2.5205 | GF=  1.8033 | solve=  1.6789 | scatter=  0.0523
f=     4.750 Hz | ky=  0.566232E-02 | IK=       8/      55 | t=    6.884700 s | CA=  2.5528 | fact=  2.5261 | GF=  1.8057 | solve=  1.6812 | scatter=  0.0524
f=     4.750 Hz | ky=  0.637011E-02 | IK=       9/      55 | t=    6.894800 s | CA=  2.5696 | fact=  2.5241 | GF=  1.8011 | solve=  1.6777 | scatter=  0.0514
f=     4.750 Hz | ky=  0.707790E-02 | IK=      10/      55 | t=    6.857700 s | CA=  2.5461 | fact=  2.5074 | GF=  1.8041 | solve=  1.6792 | scatter=  0.0528
PARDISO mem (f=  4.75 Hz): sym=  1.95 GB  perm=  1.42 GB  num=  3.22 GB  
peak=  4.64 GB
 WD_amp= 6.40691E+13  RESID_RMS= 4.64475E-02  FCOST_DATA= 1.07868E-03  FCOST0= 1.07868E-03
BT: alpha=  8.4554E-02  phi=  1.0787E-03  rhs=  1.0697E-03
 UPDATEPARAMETER: f-scale only
UPDATEPARAMETER PAR_STEP min/max, V_STEP min/max =  1.8490000000E+09  1.2001196576E+10
  1.8490000000E+09  1.2001196576E+10
 running run_ik_loop_pardiso
before CA | VmRSS=  16.265 GB  VmHWM=  95.029 GB
after CA | VmRSS=  16.871 GB  VmHWM=  95.029 GB
after factor | VmRSS=  20.635 GB  VmHWM=  95.029 GB
f=     4.750 Hz | ky=  0.707790E-03 | IK=       1/      55 | t=   17.186200 s | CA=  2.4915 | fact= 12.7914 | GF=  1.9031 | solve=  1.7477 | scatter=  0.0531
f=     4.750 Hz | ky=  0.141558E-02 | IK=       2/      55 | t=    6.854400 s | CA=  2.5382 | fact=  2.5126 | GF=  1.8035 | solve=  1.6797 | scatter=  0.0521
f=     4.750 Hz | ky=  0.212337E-02 | IK=       3/      55 | t=    6.875200 s | CA=  2.5692 | fact=  2.5039 | GF=  1.8019 | solve=  1.6764 | scatter=  0.0535
f=     4.750 Hz | ky=  0.283116E-02 | IK=       4/      55 | t=    6.847600 s | CA=  2.5326 | fact=  2.5160 | GF=  1.7990 | solve=  1.6756 | scatter=  0.0516
f=     4.750 Hz | ky=  0.353895E-02 | IK=       5/      55 | t=    6.903000 s | CA=  2.5608 | fact=  2.5378 | GF=  1.8043 | solve=  1.6796 | scatter=  0.0527
f=     4.750 Hz | ky=  0.424674E-02 | IK=       6/      55 | t=    6.911600 s | CA=  2.5784 | fact=  2.5289 | GF=  1.8043 | solve=  1.6788 | scatter=  0.0535
f=     4.750 Hz | ky=  0.495453E-02 | IK=       7/      55 | t=    6.891400 s | CA=  2.5763 | fact=  2.5148 | GF=  1.8003 | solve=  1.6755 | scatter=  0.0529
f=     4.750 Hz | ky=  0.566232E-02 | IK=       8/      55 | t=    6.909700 s | CA=  2.5918 | fact=  2.5114 | GF=  1.8064 | solve=  1.6820 | scatter=  0.0523
f=     4.750 Hz | ky=  0.637011E-02 | IK=       9/      55 | t=    6.852500 s | CA=  2.5346 | fact=  2.5172 | GF=  1.8007 | solve=  1.6764 | scatter=  0.0525
f=     4.750 Hz | ky=  0.707790E-02 | IK=      10/      55 | t=    6.857400 s | CA=  2.5361 | fact=  2.5241 | GF=  1.7971 | solve=  1.6734 | scatter=  0.0515
PARDISO mem (f=  4.75 Hz): sym=  1.95 GB  perm=  1.42 GB  num=  3.22 GB  
peak=  4.64 GB
 WD_amp= 6.40691E+13  RESID_RMS= 4.62733E-02  FCOST_DATA= 1.07061E-03  FCOST0= 1.07061E-03
BT: alpha=  4.2277E-02  phi=  1.0706E-03  rhs=  1.0697E-03
 UPDATEPARAMETER: f-scale only
UPDATEPARAMETER PAR_STEP min/max, V_STEP min/max =  1.8490000000E+09  1.1965389448E+10
  1.8490000000E+09  1.1965389448E+10
 running run_ik_loop_pardiso
before CA | VmRSS=  16.250 GB  VmHWM=  95.029 GB
after CA | VmRSS=  17.157 GB  VmHWM=  95.029 GB
after factor | VmRSS=  20.921 GB  VmHWM=  95.029 GB
f=     4.750 Hz | ky=  0.707790E-03 | IK=       1/      55 | t=   17.167300 s | CA=  2.4916 | fact= 12.7724 | GF=  1.9031 | solve=  1.7492 | scatter=  0.0521
f=     4.750 Hz | ky=  0.141558E-02 | IK=       2/      55 | t=    6.883300 s | CA=  2.5667 | fact=  2.5176 | GF=  1.7990 | solve=  1.6739 | scatter=  0.0533
f=     4.750 Hz | ky=  0.212337E-02 | IK=       3/      55 | t=    6.885600 s | CA=  2.5624 | fact=  2.5218 | GF=  1.8014 | solve=  1.6788 | scatter=  0.0508
f=     4.750 Hz | ky=  0.283116E-02 | IK=       4/      55 | t=    6.859700 s | CA=  2.5368 | fact=  2.5220 | GF=  1.8008 | solve=  1.6770 | scatter=  0.0519
f=     4.750 Hz | ky=  0.353895E-02 | IK=       5/      55 | t=    6.877700 s | CA=  2.5520 | fact=  2.5178 | GF=  1.8079 | solve=  1.6818 | scatter=  0.0541
f=     4.750 Hz | ky=  0.424674E-02 | IK=       6/      55 | t=    6.861700 s | CA=  2.5175 | fact=  2.5271 | GF=  1.8171 | solve=  1.6912 | scatter=  0.0538
f=     4.750 Hz | ky=  0.495453E-02 | IK=       7/      55 | t=    6.886700 s | CA=  2.5502 | fact=  2.5283 | GF=  1.8082 | solve=  1.6823 | scatter=  0.0539
f=     4.750 Hz | ky=  0.566232E-02 | IK=       8/      55 | t=    6.914300 s | CA=  2.5829 | fact=  2.5241 | GF=  1.8072 | solve=  1.6821 | scatter=  0.0530
f=     4.750 Hz | ky=  0.637011E-02 | IK=       9/      55 | t=    6.896400 s | CA=  2.5733 | fact=  2.5167 | GF=  1.8064 | solve=  1.6829 | scatter=  0.0516
f=     4.750 Hz | ky=  0.707790E-02 | IK=      10/      55 | t=    6.860100 s | CA=  2.5581 | fact=  2.5009 | GF=  1.8010 | solve=  1.6778 | scatter=  0.0514
PARDISO mem (f=  4.75 Hz): sym=  1.95 GB  perm=  1.42 GB  num=  3.22 GB  
peak=  4.64 GB
  
 WD_amp= 6.40691E+13  RESID_RMS= 4.62449E-02  FCOST_DATA= 1.06929E-03  FCOST0= 1.06929E-03
  
BT: alpha=  2.1138E-02  phi=  1.0693E-03  rhs=  1.0697E-03
  
  
  
Convergence reached, updating parameter grid
ALPHA from line search =  .2113837921702054E-01
 FCOST0 after linesearch  1.069294524379347E-003
Norm of s (s_norm) =  .5630490056922696
  
Time for LBFGS =  9.587640380859375 min
  
 Frequency:           6 Iteration:           2
t_global   =    332.990 s
  
 -------------- calculate Frechet derivatives -----------
 IFREQ =           6    ITERATION =           2
||Frechet||_F=  2.1243E-19max|Frechet|=  2.9680E-24
||Frechet||_F=  2.1243E-19max|Frechet|=  2.9680E-24
||Frechet||_F=  2.1243E-19max|Frechet|=  2.9680E-24
||Frechet||_F=  2.1243E-19max|Frechet|=  2.9680E-24
 
TIME for Frechet calc =  3.001648457845052 min
 
 
  compute the residual and the cost function
 WD_amp= 6.40691E+13  RESID_RMS= 4.62449E-02  FCOST_DATA= 1.06929E-03  FCOST0= 1.06929E-03
||Frechet||_F=  2.1243E-19max|Frechet|=  2.9680E-24
||Frechet||_F=  2.1243E-19max|Frechet|=  2.9680E-24
Grad block   6 GRAD_SCALED MORM =   6.6170E-04
Raw grad block  6  PAR={C66}  min= -2.1601E-14  max=  2.2647E-14  L2=  1.8272E-13
Gradient finished
Start LBFGS 
curvature (warm): s·y=  5.2174E-07  ||s||^2=  3.1702E-01  ||y||^2=  3.6581E-10  sTy_min=  1.0769E-06
   -> restart: insufficient/invalid curvature
LBFGS steepest step , iter=      2
  g·p = -1.6540E-03  ||p|| =  2.5683E+01
  min(p)= -2.3709E+00  max(p)=  1.8058E+00
LBFGS restart: g·p= -1.6540E-03  ||p||=  2.5683E+01
LBFGS p_k (unscaled) stats per active parameter:
  IA=  6  PAR={C66}  min=-9.08023E+09  max= 6.91626E+09  L2= 9.83653E+10
min(p_k)= -2.3709E+00  max(p_k)=  1.8058E+00  ||p_k||=  2.5683E+01
min(p_kf)= -2.3709E+00  max(p_kf)=  1.8058E+00  ||p_kf||=  1.0273E+02
p_k/p_kf  =   2.5000E-01
Start linesearch
MT entry: phi(0)=  1.0693E-03  dg0= -1.6540E-03  alpha0=  1.0000E+00
 UPDATEPARAMETER: f-scale only
UPDATEPARAMETER PAR_STEP min/max, V_STEP min/max = -2.0025348418E+09  1.6479842435E+10
 -2.0025348418E+09  1.6479842435E+10
 WD_amp= 6.40691E+13  RESID_RMS= 8.44036E-02  FCOST_DATA= 3.56198E-03  FCOST0= 3.56198E-03
  
 -------------- calculate Frechet derivatives -----------
 IFREQ =           6    ITERATION =           2
||Frechet||_F=  3.3941E-19max|Frechet|=  1.5964E-23
||Frechet||_F=  3.3941E-19max|Frechet|=  1.5964E-23
||Frechet||_F=  3.3941E-19max|Frechet|=  1.5964E-23
||Frechet||_F=  3.3941E-19max|Frechet|=  1.5964E-23
||Frechet||_F=  3.3941E-19max|Frechet|=  1.5964E-23
||Frechet||_F=  3.3941E-19max|Frechet|=  1.5964E-23
Grad block   6 GRAD_SCALED MORM =   4.1696E-03
MT try: alpha=  1.0000E+00  phi=  3.5620E-03  dg= -1.2451E-02  dg0= -1.6540E-03
MT try: armijo_rhs=  1.0691E-03  armijo=F  curvature=F  task=FG
 UPDATEPARAMETER: f-scale only
UPDATEPARAMETER PAR_STEP min/max, V_STEP min/max =  1.8490000000E+09  1.2025131542E+10
  1.8490000000E+09  1.2025131542E+10
 WD_amp= 6.40691E+13  RESID_RMS= 4.63271E-02  FCOST_DATA= 1.07310E-03  FCOST0= 1.07310E-03
  
 -------------- calculate Frechet derivatives -----------
 IFREQ =           6    ITERATION =           2
||Frechet||_F=  2.1325E-19max|Frechet|=  2.9984E-24
||Frechet||_F=  2.1325E-19max|Frechet|=  2.9984E-24
||Frechet||_F=  2.1325E-19max|Frechet|=  2.9984E-24
||Frechet||_F=  2.1325E-19max|Frechet|=  2.9984E-24
||Frechet||_F=  2.1325E-19max|Frechet|=  2.9984E-24
||Frechet||_F=  2.1325E-19max|Frechet|=  2.9984E-24
Grad block   6 GRAD_SCALED MORM =   6.6993E-04
MT try: alpha=  3.7305E-02  phi=  1.0731E-03  dg= -1.6546E-03  dg0= -1.6540E-03
MT try: armijo_rhs=  1.0693E-03  armijo=F  curvature=F  task=FG
 UPDATEPARAMETER: f-scale only
UPDATEPARAMETER PAR_STEP min/max, V_STEP min/max =  1.8490000000E+09  1.1977038401E+10
  1.8490000000E+09  1.1977038401E+10
 WD_amp= 6.40691E+13  RESID_RMS= 4.62531E-02  FCOST_DATA= 1.06968E-03  FCOST0= 1.06968E-03
  
 -------------- calculate Frechet derivatives -----------
 IFREQ =           6    ITERATION =           2
||Frechet||_F=  2.1256E-19max|Frechet|=  2.9735E-24
||Frechet||_F=  2.1256E-19max|Frechet|=  2.9735E-24
||Frechet||_F=  2.1256E-19max|Frechet|=  2.9735E-24
||Frechet||_F=  2.1256E-19max|Frechet|=  2.9735E-24
||Frechet||_F=  2.1256E-19max|Frechet|=  2.9735E-24
||Frechet||_F=  2.1256E-19max|Frechet|=  2.9735E-24
Grad block   6 GRAD_SCALED MORM =   6.6344E-04
MT try: alpha=  7.2741E-03  phi=  1.0697E-03  dg= -1.6584E-03  dg0= -1.6540E-03
MT try: armijo_rhs=  1.0693E-03  armijo=F  curvature=F  task=FG
 UPDATEPARAMETER: f-scale only
UPDATEPARAMETER PAR_STEP min/max, V_STEP min/max =  1.8490000000E+09  1.1967746905E+10
  1.8490000000E+09  1.1967746905E+10
 WD_amp= 6.40691E+13  RESID_RMS= 4.62463E-02  FCOST_DATA= 1.06936E-03  FCOST0= 1.06936E-03
LS STOP (stagnation): alpha=  1.4721E-03  FCOST1=  1.0694E-03  FCOST0=  1.0693E-03
 LINESEARCH_MT(dcsrch): fallback to backtrack, task=FG stp=
  1.472090216097607E-003  hit_minstep= F
BT entry: phi(0)=  1.0693E-03  g·p(0)= -1.6540E-03
 UPDATEPARAMETER: f-scale only
UPDATEPARAMETER PAR_STEP min/max, V_STEP min/max = -2.0025348418E+09  1.6479842435E+10
 -2.0025348418E+09  1.6479842435E+10
REL STEP elastic: k=  6 row=  6 rmax_k=  1.5124E+00 row_scale=  1.1965E+10
BT cap probe: rmax1=  1.5124E+00  alpha_cap=  3.3061E-01  alpha00=  1.0000E+00
 UPDATEPARAMETER: f-scale only
UPDATEPARAMETER PAR_STEP min/max, V_STEP min/max =  1.6953488039E+09  1.2611927648E+10
  1.6953488039E+09  1.2611927648E+10
 WD_amp= 6.40691E+13  RESID_RMS= 5.09951E-02  FCOST_DATA= 1.30025E-03  FCOST0= 1.30025E-03
BT: alpha=  3.3061E-01  phi=  1.3003E-03  rhs=  1.0692E-03
 UPDATEPARAMETER: f-scale only
UPDATEPARAMETER PAR_STEP min/max, V_STEP min/max =  1.7908610671E+09  1.2231801634E+10
  1.7908610671E+09  1.2231801634E+10
 WD_amp= 6.40691E+13  RESID_RMS= 4.74143E-02  FCOST_DATA= 1.12406E-03  FCOST0= 1.12406E-03
BT: alpha=  1.6530E-01  phi=  1.1241E-03  rhs=  1.0693E-03
 UPDATEPARAMETER: f-scale only
UPDATEPARAMETER PAR_STEP min/max, V_STEP min/max =  1.8386171987E+09  1.2097990259E+10
  1.8386171987E+09  1.2097990259E+10
 WD_amp= 6.40691E+13  RESID_RMS= 4.65727E-02  FCOST_DATA= 1.08451E-03  FCOST0= 1.08451E-03
BT: alpha=  8.2652E-02  phi=  1.0845E-03  rhs=  1.0693E-03
 UPDATEPARAMETER: f-scale only
UPDATEPARAMETER PAR_STEP min/max, V_STEP min/max =  1.8490000000E+09  1.2031570071E+10
  1.8490000000E+09  1.2031570071E+10
 WD_amp= 6.40691E+13  RESID_RMS= 4.63422E-02  FCOST_DATA= 1.07380E-03  FCOST0= 1.07380E-03
BT: alpha=  4.1326E-02  phi=  1.0738E-03  rhs=  1.0693E-03
 UPDATEPARAMETER: f-scale only
UPDATEPARAMETER PAR_STEP min/max, V_STEP min/max =  1.8490000000E+09  1.1998479760E+10
  1.8490000000E+09  1.1998479760E+10
 WD_amp= 6.40691E+13  RESID_RMS= 4.62779E-02  FCOST_DATA= 1.07082E-03  FCOST0= 1.07082E-03
BT: alpha=  2.0663E-02  phi=  1.0708E-03  rhs=  1.0693E-03
 UPDATEPARAMETER: f-scale only
UPDATEPARAMETER PAR_STEP min/max, V_STEP min/max =  1.8490000000E+09  1.1981934604E+10
  1.8490000000E+09  1.1981934604E+10
 WD_amp= 6.40691E+13  RESID_RMS= 4.62577E-02  FCOST_DATA= 1.06989E-03  FCOST0= 1.06989E-03
BT: alpha=  1.0331E-02  phi=  1.0699E-03  rhs=  1.0693E-03
 UPDATEPARAMETER: f-scale only
UPDATEPARAMETER PAR_STEP min/max, V_STEP min/max =  1.8490000000E+09  1.1973662026E+10
  1.8490000000E+09  1.1973662026E+10
 WD_amp= 6.40691E+13  RESID_RMS= 4.62504E-02  FCOST_DATA= 1.06955E-03  FCOST0= 1.06955E-03
BT: alpha=  5.1657E-03  phi=  1.0695E-03  rhs=  1.0693E-03
 UPDATEPARAMETER: f-scale only
UPDATEPARAMETER PAR_STEP min/max, V_STEP min/max =  1.8490000000E+09  1.1969525737E+10
  1.8490000000E+09  1.1969525737E+10
 WD_amp= 6.40691E+13  RESID_RMS= 4.62474E-02  FCOST_DATA= 1.06941E-03  FCOST0= 1.06941E-03
BT: alpha=  2.5829E-03  phi=  1.0694E-03  rhs=  1.0693E-03
 UPDATEPARAMETER: f-scale only
UPDATEPARAMETER PAR_STEP min/max, V_STEP min/max =  1.8490000000E+09  1.1967457593E+10
  1.8490000000E+09  1.1967457593E+10
 WD_amp= 6.40691E+13  RESID_RMS= 4.62461E-02  FCOST_DATA= 1.06935E-03  FCOST0= 1.06935E-03
BT: alpha=  1.2914E-03  phi=  1.0694E-03  rhs=  1.0693E-03
 UPDATEPARAMETER: f-scale only
UPDATEPARAMETER PAR_STEP min/max, V_STEP min/max =  1.8490000000E+09  1.1966423521E+10
  1.8490000000E+09  1.1966423521E+10
 WD_amp= 6.40691E+13  RESID_RMS= 4.62455E-02  FCOST_DATA= 1.06932E-03  FCOST0= 1.06932E-03
BT: alpha=  6.4572E-04  phi=  1.0693E-03  rhs=  1.0693E-03
 UPDATEPARAMETER: f-scale only
UPDATEPARAMETER PAR_STEP min/max, V_STEP min/max =  1.8490000000E+09  1.1965906484E+10
  1.8490000000E+09  1.1965906484E+10
 WD_amp= 6.40691E+13  RESID_RMS= 4.62452E-02  FCOST_DATA= 1.06931E-03  FCOST0= 1.06931E-03
BT: alpha=  3.2286E-04  phi=  1.0693E-03  rhs=  1.0693E-03
 UPDATEPARAMETER: f-scale only
UPDATEPARAMETER PAR_STEP min/max, V_STEP min/max =  1.8490000000E+09  1.1965647966E+10
  1.8490000000E+09  1.1965647966E+10
 WD_amp= 6.40691E+13  RESID_RMS= 4.62450E-02  FCOST_DATA= 1.06930E-03  FCOST0= 1.06930E-03
BT: alpha=  1.6143E-04  phi=  1.0693E-03  rhs=  1.0693E-03
BT STOP (stagnation): alpha=  1.6143E-04  FCOST1=  1.0693E-03  FCOST0=  1.0693E-03
 UPDATEPARAMETER: f-scale only
UPDATEPARAMETER PAR_STEP min/max, V_STEP min/max =  1.8490000000E+09  1.1965405463E+10
  1.8490000000E+09  1.1965405463E+10
 WD_amp= 6.40691E+13  RESID_RMS= 4.62449E-02  FCOST_DATA= 1.06929E-03  FCOST0= 1.06929E-03
 Backtrack: failed after MAX_IT
 Line search failed (IFLAG=          11 ), inversion diverged.
 --------- Frequency   5.20000000000000       (band            1 )
[ComputeAcqWeight] empty acq_weight_file, using uniform weights = 1.0
Data weighting computed for frequency 4607182418800017373
XSRmin, XSRmax, ZSRmin, ZSRMax -1960.000000000000 .000000000000000 2050.000000000000 4030.000000000000
1 FKYC
1.2 FKYC
my_rank, FKYC,WLMAX, RMAX 0 .4261638730087023E-01 985.1497682389943 2786.036611389018
1.1 NK
NK in cky2= 55

  Number of wavenumber samples (NK) for FREQ =   55
Data weighting computed for frequency 4607182418800017373
Data weighting computed for frequency 4607182418800017373
Data weighting computed for frequency 4607182418800017373
Data weighting computed for frequency 4607182418800017373
  RMAX = 2786.04
Data weighting computed for frequency 4607182418800017373
--- Pre-solver preview (memory + RHS workload) ---
   GQG dims: NNX=       585  NNZ=       317  NPT=    185445
   DOF:     N=3*NPT =    556335
   Sources: NSR=       100  NSS=        20  NK=        55
   RHS total (per IK): nrhs_tot=3*NSS =        60
   Batch:    MAX_RHS_BATCH=        32  nbatches=         2
   GFMY  (GFX+GFY+GFZ):         13.679 GB
   RHS_MY(rhs+sol buffers):      0.531 GB
 
 running run_ik_loop_pardiso
before CA | VmRSS=  15.394 GB  VmHWM=  95.029 GB
after CA | VmRSS=  16.001 GB  VmHWM=  95.029 GB
after factor | VmRSS=  19.777 GB  VmHWM=  95.029 GB
f=     5.200 Hz | ky=  0.774843E-03 | IK=       1/      55 | t=   17.182600 s | CA=  2.4890 | fact= 12.7926 | GF=  1.9008 | solve=  1.7456 | scatter=  0.0536
f=     5.200 Hz | ky=  0.154969E-02 | IK=       2/      55 | t=    6.911000 s | CA=  2.6035 | fact=  2.5114 | GF=  1.7960 | solve=  1.6742 | scatter=  0.0498
f=     5.200 Hz | ky=  0.232453E-02 | IK=       3/      55 | t=    6.951300 s | CA=  2.6251 | fact=  2.5215 | GF=  1.8047 | solve=  1.6799 | scatter=  0.0526
f=     5.200 Hz | ky=  0.309937E-02 | IK=       4/      55 | t=    6.921200 s | CA=  2.5997 | fact=  2.5214 | GF=  1.8001 | solve=  1.6752 | scatter=  0.0529
f=     5.200 Hz | ky=  0.387422E-02 | IK=       5/      55 | t=    6.882000 s | CA=  2.5604 | fact=  2.5144 | GF=  1.8072 | solve=  1.6840 | scatter=  0.0513
f=     5.200 Hz | ky=  0.464906E-02 | IK=       6/      55 | t=    6.853700 s | CA=  2.5740 | fact=  2.4722 | GF=  1.8075 | solve=  1.6818 | scatter=  0.0538
f=     5.200 Hz | ky=  0.542390E-02 | IK=       7/      55 | t=    6.974700 s | CA=  2.6470 | fact=  2.5176 | GF=  1.8101 | solve=  1.6845 | scatter=  0.0537
f=     5.200 Hz | ky=  0.619875E-02 | IK=       8/      55 | t=    6.919300 s | CA=  2.5894 | fact=  2.5304 | GF=  1.7995 | solve=  1.6763 | scatter=  0.0510
f=     5.200 Hz | ky=  0.697359E-02 | IK=       9/      55 | t=    6.922800 s | CA=  2.5644 | fact=  2.5452 | GF=  1.8131 | solve=  1.6880 | scatter=  0.0532
f=     5.200 Hz | ky=  0.774843E-02 | IK=      10/      55 | t=    6.889700 s | CA=  2.5701 | fact=  2.5144 | GF=  1.8052 | solve=  1.6819 | scatter=  0.0513
PARDISO mem (f=  5.20 Hz): sym=  1.95 GB  perm=  1.42 GB  num=  3.22 GB  
peak=  4.64 GB
t_global   =    116.444 s
TIME for 1st forward modeling =  1.940691630045573  min
TIME for GT0 =  .5204999943574270E-02  min
Data scaler W for L2 norm: 66886451458744.52
Data scaler W for WQS norm: .3395193265742062E-312
Total number of active inversion parameters for current sequential stage (IM):          1
Total model blocks points (NM = IM * NBLOCK):      11534 on grid (NMM = IM * NPT):    185445
 Gradient balance ():   1.00000000000000        1.00000000000000     
   1.00000000000000        1.00000000000000        1.00000000000000     
   1.00000000000000        1.00000000000000        1.00000000000000     
   1.00000000000000        1.00000000000000        1.00000000000000     
 IE0, IZ          30           0
 IE0, IZ, GZ1, GZ2 =           30           0   100.000000000000     
   300.000000000000     
  
 Frequency:           7 Iteration:           1
--- Pre-solver preview (memory + RHS workload) ---
   GQG dims: NNX=       585  NNZ=       317  NPT=    185445
   DOF:     N=3*NPT =    556335
   Sources: NSR=       100  NSS=       100  NK=        55
   RHS total (per IK): nrhs_tot=3*NSS =       300
   Batch:    MAX_RHS_BATCH=        32  nbatches=        10
   GFMY  (GFX+GFY+GFZ):         68.393 GB
   RHS_MY(rhs+sol buffers):      0.531 GB
 
 running run_ik_loop_pardiso
before CA | VmRSS=  70.941 GB  VmHWM=  95.029 GB
after CA | VmRSS=  71.926 GB  VmHWM=  95.029 GB
after factor | VmRSS=  75.692 GB  VmHWM=  95.029 GB
f=     5.200 Hz | ky=  0.774843E-03 | IK=       1/      55 | t=   24.141400 s | CA=  2.4976 | fact= 12.7733 | GF=  8.8703 | solve=  8.2067 | scatter=  0.2625
f=     5.200 Hz | ky=  0.154969E-02 | IK=       2/      55 | t=   13.906400 s | CA=  2.5853 | fact=  2.5171 | GF=  8.8040 | solve=  8.1783 | scatter=  0.2530
f=     5.200 Hz | ky=  0.232453E-02 | IK=       3/      55 | t=   13.880600 s | CA=  2.5542 | fact=  2.5262 | GF=  8.8001 | solve=  8.1738 | scatter=  0.2538
f=     5.200 Hz | ky=  0.309937E-02 | IK=       4/      55 | t=   13.906400 s | CA=  2.5633 | fact=  2.5262 | GF=  8.8169 | solve=  8.1885 | scatter=  0.2542
f=     5.200 Hz | ky=  0.387422E-02 | IK=       5/      55 | t=   13.890300 s | CA=  2.5655 | fact=  2.5197 | GF=  8.8051 | solve=  8.1770 | scatter=  0.2543
f=     5.200 Hz | ky=  0.464906E-02 | IK=       6/      55 | t=   13.835600 s | CA=  2.5430 | fact=  2.5139 | GF=  8.7787 | solve=  8.1523 | scatter=  0.2538
f=     5.200 Hz | ky=  0.542390E-02 | IK=       7/      55 | t=   13.881900 s | CA=  2.5506 | fact=  2.5360 | GF=  8.7953 | solve=  8.1667 | scatter=  0.2552
f=     5.200 Hz | ky=  0.619875E-02 | IK=       8/      55 | t=   13.878000 s | CA=  2.5752 | fact=  2.5021 | GF=  8.8007 | solve=  8.1711 | scatter=  0.2559
f=     5.200 Hz | ky=  0.697359E-02 | IK=       9/      55 | t=   13.883300 s | CA=  2.5845 | fact=  2.5221 | GF=  8.7767 | solve=  8.1504 | scatter=  0.2529
f=     5.200 Hz | ky=  0.774843E-02 | IK=      10/      55 | t=   13.850800 s | CA=  2.5359 | fact=  2.5346 | GF=  8.7802 | solve=  8.1526 | scatter=  0.2545
PARDISO mem (f=  5.20 Hz): sym=  1.95 GB  perm=  1.42 GB  num=  3.22 GB  
peak=  4.64 GB
t_global   =    332.833 s
TIME for 2d forward modeling_i calc =  5.545671590169271 min
Rank    4 -> ID range:   3201 to   4000 | Tasks:    800
Rank    5 -> ID range:   4001 to   4800 | Tasks:    800
Rank    2 -> ID range:   1601 to   2400 | Tasks:    800
Rank    1 -> ID range:    801 to   1600 | Tasks:    800
Rank    3 -> ID range:   2401 to   3200 | Tasks:    800
  
 -------------- calculate Frechet derivatives -----------
 IFREQ =           7    ITERATION =           1
Frechet memory size Frec_my:      0.825 (Gb)
Rank    0 -> ID range:      1 to    800 | Tasks:    800
FREQ:      5.2 Hz, ITER=       1  Frechet Derivative ID=     100/    4800 Finished   0.215300 s
FREQ:      5.2 Hz, ITER=       1  Frechet Derivative ID=     200/    4800 Finished   0.215300 s
FREQ:      5.2 Hz, ITER=       1  Frechet Derivative ID=     300/    4800 Finished   0.255900 s
FREQ:      5.2 Hz, ITER=       1  Frechet Derivative ID=     400/    4800 Finished   0.197700 s
FREQ:      5.2 Hz, ITER=       1  Frechet Derivative ID=     500/    4800 Finished   0.211400 s
FREQ:      5.2 Hz, ITER=       1  Frechet Derivative ID=     600/    4800 Finished   0.210900 s
FREQ:      5.2 Hz, ITER=       1  Frechet Derivative ID=     700/    4800 Finished   0.211100 s
FREQ:      5.2 Hz, ITER=       1  Frechet Derivative ID=     800/    4800 Finished   0.209200 s
||Frechet||_F=  2.3208E-19max|Frechet|=  2.5204E-24
||Frechet||_F=  2.3208E-19max|Frechet|=  2.5204E-24
||Frechet||_F=  2.3208E-19max|Frechet|=  2.5204E-24
||Frechet||_F=  2.3208E-19max|Frechet|=  2.5204E-24
||Frechet||_F=  2.3208E-19max|Frechet|=  2.5204E-24
||Frechet||_F=  2.3208E-19max|Frechet|=  2.5204E-24
 
TIME for Frechet calc =  2.979651641845703 min
 
m_fine: min=  1.8490E+09  max=  1.1965E+10  mean=  7.9479E+09  ||.||2=  3.8603E+12  size=  185445
m_coarse_prev: min=  1.8538E+09  max=  1.1926E+10  mean=  7.9513E+09  ||.||2=  9.6284E+11  size=   11534
 
  compute the residual and the cost function
 WD_amp= 6.68865E+13  RESID_RMS= 5.11528E-02  FCOST_DATA= 1.30830E-03  FCOST0= 1.30830E-03
IA=  6  H(single F0) min= 0.00000E+00  max= 1.08813E-03
IA=  6  H(F0^2)     min= 0.00000E+00  max= 1.08813E-03
HESSD: ia=   6  min= 0.00000E+00  max= 9.18150E+05
IA=  6  H(single F0) min= 0.00000E+00  max= 1.08813E-03
IA=  6  H(F0^2)     min= 0.00000E+00  max= 1.08813E-03
HESSD: ia=   6  min= 0.00000E+00  max= 9.18150E+05
IA=  6  H(single F0) min= 0.00000E+00  max= 1.08813E-03
IA=  6  H(F0^2)     min= 0.00000E+00  max= 1.08813E-03
HESSD: ia=   6  min= 0.00000E+00  max= 9.18150E+05
IA=  6  H(single F0) min= 0.00000E+00  max= 1.08813E-03
IA=  6  H(F0^2)     min= 0.00000E+00  max= 1.08813E-03
HESSD: ia=   6  min= 0.00000E+00  max= 9.18150E+05
IA=  6  H(single F0) min= 0.00000E+00  max= 1.08813E-03
IA=  6  H(F0^2)     min= 0.00000E+00  max= 1.08813E-03
HESSD: ia=   6  min= 0.00000E+00  max= 9.18150E+05
IA=  6  H(single F0) min= 0.00000E+00  max= 1.08813E-03
IA=  6  H(F0^2)     min= 0.00000E+00  max= 1.08813E-03
HESSD: ia=   6  min= 0.00000E+00  max= 9.18150E+05
Grad block   6 GRAD_SCALED MORM =   7.8384E-04
Raw grad block  6  PAR={C66}  min= -3.5994E-14  max=  2.9320E-14  L2=  2.1809E-13
Gradient finished
Start LBFGS 
LBFGS steepest step , iter=      1
  g·p = -1.4120E-03  ||p|| =  1.9697E+01
  min(p)= -1.2788E+00  max(p)=  1.5456E+00
LBFGS p_k (unscaled) stats per active parameter:
  IA=  6  PAR={C66}  min=-4.89777E+09  max= 5.91965E+09  L2= 7.54366E+10
min(p_k)= -1.2788E+00  max(p_k)=  1.5456E+00  ||p_k||=  1.9697E+01
min(p_kf)= -1.2788E+00  max(p_kf)=  1.5456E+00  ||p_kf||=  7.8786E+01
p_k/p_kf  =   2.5000E-01
Start linesearch
BT entry: phi(0)=  1.3083E-03  g·p(0)= -1.4120E-03
 UPDATEPARAMETER: f-scale only
UPDATEPARAMETER PAR_STEP min/max, V_STEP min/max =  6.9645800152E+07  1.4412233808E+10
  6.9645800152E+07  1.4412233808E+10
REL STEP elastic: k=  6 row=  6 rmax_k=  9.6922E-01 row_scale=  1.1965E+10
BT cap probe: rmax1=  9.6922E-01  alpha_cap=  5.1588E-01  alpha00=  1.0000E+00
 UPDATEPARAMETER: f-scale only
UPDATEPARAMETER PAR_STEP min/max, V_STEP min/max =  1.1315199880E+09  1.2661171543E+10
  1.1315199880E+09  1.2661171543E+10
 running run_ik_loop_pardiso
before CA | VmRSS=  16.234 GB  VmHWM=  95.029 GB
after CA | VmRSS=  17.153 GB  VmHWM=  95.029 GB
after factor | VmRSS=  20.927 GB  VmHWM=  95.029 GB
f=     5.200 Hz | ky=  0.774843E-03 | IK=       1/      55 | t=   17.225800 s | CA=  2.5335 | fact= 12.7810 | GF=  1.9111 | solve=  1.7569 | scatter=  0.0524
f=     5.200 Hz | ky=  0.154969E-02 | IK=       2/      55 | t=    6.927800 s | CA=  2.5978 | fact=  2.5278 | GF=  1.8022 | solve=  1.6781 | scatter=  0.0523
f=     5.200 Hz | ky=  0.232453E-02 | IK=       3/      55 | t=    6.872600 s | CA=  2.5420 | fact=  2.5257 | GF=  1.8048 | solve=  1.6802 | scatter=  0.0527
f=     5.200 Hz | ky=  0.309937E-02 | IK=       4/      55 | t=    6.864300 s | CA=  2.5233 | fact=  2.5372 | GF=  1.8038 | solve=  1.6805 | scatter=  0.0511
f=     5.200 Hz | ky=  0.387422E-02 | IK=       5/      55 | t=    6.787400 s | CA=  2.5174 | fact=  2.4723 | GF=  1.7976 | solve=  1.6743 | scatter=  0.0512
f=     5.200 Hz | ky=  0.464906E-02 | IK=       6/      55 | t=    6.935200 s | CA=  2.6050 | fact=  2.5266 | GF=  1.8035 | solve=  1.6797 | scatter=  0.0517
f=     5.200 Hz | ky=  0.542390E-02 | IK=       7/      55 | t=    6.898000 s | CA=  2.5497 | fact=  2.5431 | GF=  1.8051 | solve=  1.6810 | scatter=  0.0522
f=     5.200 Hz | ky=  0.619875E-02 | IK=       8/      55 | t=    6.983100 s | CA=  2.6429 | fact=  2.5346 | GF=  1.8056 | solve=  1.6816 | scatter=  0.0520
f=     5.200 Hz | ky=  0.697359E-02 | IK=       9/      55 | t=    6.874600 s | CA=  2.5472 | fact=  2.5195 | GF=  1.8078 | solve=  1.6825 | scatter=  0.0528
f=     5.200 Hz | ky=  0.774843E-02 | IK=      10/      55 | t=    6.856400 s | CA=  2.5282 | fact=  2.5281 | GF=  1.8000 | solve=  1.6761 | scatter=  0.0520
PARDISO mem (f=  5.20 Hz): sym=  1.95 GB  perm=  1.42 GB  num=  3.22 GB  
peak=  4.64 GB
 WD_amp= 6.68865E+13  RESID_RMS= 6.32909E-02  FCOST_DATA= 2.00287E-03  FCOST0= 2.00287E-03
BT: alpha=  5.1588E-01  phi=  2.0029E-03  rhs=  1.3082E-03
 UPDATEPARAMETER: f-scale only
UPDATEPARAMETER PAR_STEP min/max, V_STEP min/max =  1.6731837247E+09  1.2078982848E+10
  1.6731837247E+09  1.2078982848E+10
 running run_ik_loop_pardiso
before CA | VmRSS=  16.228 GB  VmHWM=  95.029 GB
after CA | VmRSS=  17.083 GB  VmHWM=  95.029 GB
after factor | VmRSS=  20.848 GB  VmHWM=  95.029 GB
f=     5.200 Hz | ky=  0.774843E-03 | IK=       1/      55 | t=   17.182500 s | CA=  2.4894 | fact= 12.7972 | GF=  1.8957 | solve=  1.7425 | scatter=  0.0517
f=     5.200 Hz | ky=  0.154969E-02 | IK=       2/      55 | t=    6.897500 s | CA=  2.5691 | fact=  2.5283 | GF=  1.8000 | solve=  1.6768 | scatter=  0.0514
f=     5.200 Hz | ky=  0.232453E-02 | IK=       3/      55 | t=    6.882900 s | CA=  2.5609 | fact=  2.5184 | GF=  1.8036 | solve=  1.6785 | scatter=  0.0533
f=     5.200 Hz | ky=  0.309937E-02 | IK=       4/      55 | t=    6.888900 s | CA=  2.5668 | fact=  2.5191 | GF=  1.8030 | solve=  1.6784 | scatter=  0.0528
f=     5.200 Hz | ky=  0.387422E-02 | IK=       5/      55 | t=    6.878500 s | CA=  2.5641 | fact=  2.5144 | GF=  1.8000 | solve=  1.6774 | scatter=  0.0508
f=     5.200 Hz | ky=  0.464906E-02 | IK=       6/      55 | t=    6.887600 s | CA=  2.5723 | fact=  2.5113 | GF=  1.8040 | solve=  1.6802 | scatter=  0.0519
f=     5.200 Hz | ky=  0.542390E-02 | IK=       7/      55 | t=    6.898300 s | CA=  2.5694 | fact=  2.5251 | GF=  1.8038 | solve=  1.6789 | scatter=  0.0530
f=     5.200 Hz | ky=  0.619875E-02 | IK=       8/      55 | t=    6.864000 s | CA=  2.5612 | fact=  2.4984 | GF=  1.8043 | solve=  1.6809 | scatter=  0.0512
f=     5.200 Hz | ky=  0.697359E-02 | IK=       9/      55 | t=    6.870500 s | CA=  2.5428 | fact=  2.5260 | GF=  1.8017 | solve=  1.6764 | scatter=  0.0534
f=     5.200 Hz | ky=  0.774843E-02 | IK=      10/      55 | t=    6.871800 s | CA=  2.5309 | fact=  2.5338 | GF=  1.8070 | solve=  1.6831 | scatter=  0.0519
PARDISO mem (f=  5.20 Hz): sym=  1.95 GB  perm=  1.42 GB  num=  3.22 GB  
peak=  4.64 GB
 WD_amp= 6.68865E+13  RESID_RMS= 5.47099E-02  FCOST_DATA= 1.49659E-03  FCOST0= 1.49659E-03
BT: alpha=  2.5794E-01  phi=  1.4966E-03  rhs=  1.3083E-03
 UPDATEPARAMETER: f-scale only
UPDATEPARAMETER PAR_STEP min/max, V_STEP min/max =  1.7970970474E+09  1.2021580866E+10
  1.7970970474E+09  1.2021580866E+10
 running run_ik_loop_pardiso
before CA | VmRSS=  16.829 GB  VmHWM=  95.029 GB
after CA | VmRSS=  17.129 GB  VmHWM=  95.029 GB
after factor | VmRSS=  20.889 GB  VmHWM=  95.029 GB
f=     5.200 Hz | ky=  0.774843E-03 | IK=       1/      55 | t=   17.183400 s | CA=  2.5058 | fact= 12.7777 | GF=  1.8998 | solve=  1.7463 | scatter=  0.0522
f=     5.200 Hz | ky=  0.154969E-02 | IK=       2/      55 | t=    6.894400 s | CA=  2.5699 | fact=  2.5257 | GF=  1.7988 | solve=  1.6738 | scatter=  0.0533
f=     5.200 Hz | ky=  0.232453E-02 | IK=       3/      55 | t=    6.855100 s | CA=  2.5305 | fact=  2.5245 | GF=  1.8000 | solve=  1.6749 | scatter=  0.0534
f=     5.200 Hz | ky=  0.309937E-02 | IK=       4/      55 | t=    6.955200 s | CA=  2.6202 | fact=  2.5353 | GF=  1.7997 | solve=  1.6763 | scatter=  0.0515
f=     5.200 Hz | ky=  0.387422E-02 | IK=       5/      55 | t=    6.899400 s | CA=  2.5850 | fact=  2.5121 | GF=  1.8022 | solve=  1.6787 | scatter=  0.0516
f=     5.200 Hz | ky=  0.464906E-02 | IK=       6/      55 | t=    6.852600 s | CA=  2.5539 | fact=  2.4980 | GF=  1.8006 | solve=  1.6762 | scatter=  0.0523
f=     5.200 Hz | ky=  0.542390E-02 | IK=       7/      55 | t=    6.880800 s | CA=  2.5514 | fact=  2.5279 | GF=  1.8014 | solve=  1.6760 | scatter=  0.0534
f=     5.200 Hz | ky=  0.619875E-02 | IK=       8/      55 | t=    6.906900 s | CA=  2.5665 | fact=  2.5346 | GF=  1.8058 | solve=  1.6828 | scatter=  0.0510
f=     5.200 Hz | ky=  0.697359E-02 | IK=       9/      55 | t=    6.889300 s | CA=  2.5433 | fact=  2.5442 | GF=  1.8017 | solve=  1.6782 | scatter=  0.0516
f=     5.200 Hz | ky=  0.774843E-02 | IK=      10/      55 | t=    6.893100 s | CA=  2.5686 | fact=  2.5264 | GF=  1.7981 | solve=  1.6732 | scatter=  0.0529
PARDISO mem (f=  5.20 Hz): sym=  1.95 GB  perm=  1.42 GB  num=  3.22 GB  
peak=  4.64 GB
 WD_amp= 6.68865E+13  RESID_RMS= 5.24658E-02  FCOST_DATA= 1.37633E-03  FCOST0= 1.37633E-03
BT: alpha=  1.2897E-01  phi=  1.3763E-03  rhs=  1.3083E-03
 UPDATEPARAMETER: f-scale only
UPDATEPARAMETER PAR_STEP min/max, V_STEP min/max =  1.8490000000E+09  1.1992879875E+10
  1.8490000000E+09  1.1992879875E+10
 running run_ik_loop_pardiso
before CA | VmRSS=  16.351 GB  VmHWM=  95.029 GB
after CA | VmRSS=  17.813 GB  VmHWM=  95.029 GB
after factor | VmRSS=  21.577 GB  VmHWM=  95.029 GB
f=     5.200 Hz | ky=  0.774843E-03 | IK=       1/      55 | t=   17.180100 s | CA=  2.4977 | fact= 12.7768 | GF=  1.9054 | solve=  1.7522 | scatter=  0.0517
f=     5.200 Hz | ky=  0.154969E-02 | IK=       2/      55 | t=    6.866100 s | CA=  2.5495 | fact=  2.5188 | GF=  1.7977 | solve=  1.6747 | scatter=  0.0512
f=     5.200 Hz | ky=  0.232453E-02 | IK=       3/      55 | t=    6.875300 s | CA=  2.5542 | fact=  2.5202 | GF=  1.8009 | solve=  1.6758 | scatter=  0.0532
f=     5.200 Hz | ky=  0.309937E-02 | IK=       4/      55 | t=    6.913400 s | CA=  2.5925 | fact=  2.5179 | GF=  1.8030 | solve=  1.6786 | scatter=  0.0523
f=     5.200 Hz | ky=  0.387422E-02 | IK=       5/      55 | t=    6.935800 s | CA=  2.6150 | fact=  2.5200 | GF=  1.8007 | solve=  1.6774 | scatter=  0.0515
f=     5.200 Hz | ky=  0.464906E-02 | IK=       6/      55 | t=    6.859800 s | CA=  2.5372 | fact=  2.5204 | GF=  1.8021 | solve=  1.6781 | scatter=  0.0519
f=     5.200 Hz | ky=  0.542390E-02 | IK=       7/      55 | t=    6.843900 s | CA=  2.5184 | fact=  2.5293 | GF=  1.7961 | solve=  1.6709 | scatter=  0.0533
f=     5.200 Hz | ky=  0.619875E-02 | IK=       8/      55 | t=    6.872600 s | CA=  2.5405 | fact=  2.5255 | GF=  1.8065 | solve=  1.6830 | scatter=  0.0515
f=     5.200 Hz | ky=  0.697359E-02 | IK=       9/      55 | t=    6.900500 s | CA=  2.5932 | fact=  2.5086 | GF=  1.7987 | solve=  1.6745 | scatter=  0.0523
f=     5.200 Hz | ky=  0.774843E-02 | IK=      10/      55 | t=    6.875500 s | CA=  2.5538 | fact=  2.5232 | GF=  1.7985 | solve=  1.6751 | scatter=  0.0514
PARDISO mem (f=  5.20 Hz): sym=  1.95 GB  perm=  1.42 GB  num=  3.22 GB  
peak=  4.64 GB
 WD_amp= 6.68865E+13  RESID_RMS= 5.15553E-02  FCOST_DATA= 1.32897E-03  FCOST0= 1.32897E-03
BT: alpha=  6.4485E-02  phi=  1.3290E-03  rhs=  1.3083E-03
 UPDATEPARAMETER: f-scale only
UPDATEPARAMETER PAR_STEP min/max, V_STEP min/max =  1.8490000000E+09  1.1978529379E+10
  1.8490000000E+09  1.1978529379E+10
 running run_ik_loop_pardiso
before CA | VmRSS=  16.233 GB  VmHWM=  95.029 GB
after CA | VmRSS=  17.125 GB  VmHWM=  95.029 GB
after factor | VmRSS=  20.890 GB  VmHWM=  95.029 GB
f=     5.200 Hz | ky=  0.774843E-03 | IK=       1/      55 | t=   17.219300 s | CA=  2.5217 | fact= 12.7870 | GF=  1.9104 | solve=  1.7559 | scatter=  0.0528
f=     5.200 Hz | ky=  0.154969E-02 | IK=       2/      55 | t=    6.888000 s | CA=  2.5618 | fact=  2.5271 | GF=  1.7990 | solve=  1.6753 | scatter=  0.0513
f=     5.200 Hz | ky=  0.232453E-02 | IK=       3/      55 | t=    6.884000 s | CA=  2.5559 | fact=  2.5292 | GF=  1.7989 | solve=  1.6749 | scatter=  0.0524
f=     5.200 Hz | ky=  0.309937E-02 | IK=       4/      55 | t=    6.853800 s | CA=  2.5407 | fact=  2.5080 | GF=  1.8051 | solve=  1.6801 | scatter=  0.0532
f=     5.200 Hz | ky=  0.387422E-02 | IK=       5/      55 | t=    6.854900 s | CA=  2.5501 | fact=  2.5047 | GF=  1.8000 | solve=  1.6756 | scatter=  0.0526
f=     5.200 Hz | ky=  0.464906E-02 | IK=       6/      55 | t=    6.907700 s | CA=  2.5800 | fact=  2.5283 | GF=  1.7993 | solve=  1.6741 | scatter=  0.0534
f=     5.200 Hz | ky=  0.542390E-02 | IK=       7/      55 | t=    6.889900 s | CA=  2.5669 | fact=  2.5187 | GF=  1.8043 | solve=  1.6800 | scatter=  0.0524
f=     5.200 Hz | ky=  0.619875E-02 | IK=       8/      55 | t=    6.888900 s | CA=  2.5594 | fact=  2.5247 | GF=  1.8047 | solve=  1.6821 | scatter=  0.0506
f=     5.200 Hz | ky=  0.697359E-02 | IK=       9/      55 | t=    6.925400 s | CA=  2.5861 | fact=  2.5319 | GF=  1.8074 | solve=  1.6832 | scatter=  0.0523
f=     5.200 Hz | ky=  0.774843E-02 | IK=      10/      55 | t=    6.880700 s | CA=  2.5609 | fact=  2.5147 | GF=  1.8051 | solve=  1.6797 | scatter=  0.0533
PARDISO mem (f=  5.20 Hz): sym=  1.95 GB  perm=  1.42 GB  num=  3.22 GB  
peak=  4.64 GB
 WD_amp= 6.68865E+13  RESID_RMS= 5.12745E-02  FCOST_DATA= 1.31454E-03  FCOST0= 1.31454E-03
BT: alpha=  3.2242E-02  phi=  1.3145E-03  rhs=  1.3083E-03
 UPDATEPARAMETER: f-scale only
UPDATEPARAMETER PAR_STEP min/max, V_STEP min/max =  1.8490000000E+09  1.1971944777E+10
  1.8490000000E+09  1.1971944777E+10
 running run_ik_loop_pardiso
before CA | VmRSS=  16.939 GB  VmHWM=  95.029 GB
after CA | VmRSS=  17.083 GB  VmHWM=  95.029 GB
after factor | VmRSS=  20.848 GB  VmHWM=  95.029 GB
f=     5.200 Hz | ky=  0.774843E-03 | IK=       1/      55 | t=   17.172000 s | CA=  2.4912 | fact= 12.7802 | GF=  1.9003 | solve=  1.7469 | scatter=  0.0510
f=     5.200 Hz | ky=  0.154969E-02 | IK=       2/      55 | t=    6.937000 s | CA=  2.5998 | fact=  2.5342 | GF=  1.8030 | solve=  1.6788 | scatter=  0.0524
f=     5.200 Hz | ky=  0.232453E-02 | IK=       3/      55 | t=    6.859800 s | CA=  2.5477 | fact=  2.5055 | GF=  1.8065 | solve=  1.6815 | scatter=  0.0530
f=     5.200 Hz | ky=  0.309937E-02 | IK=       4/      55 | t=    6.909100 s | CA=  2.5830 | fact=  2.5230 | GF=  1.8030 | solve=  1.6795 | scatter=  0.0515
f=     5.200 Hz | ky=  0.387422E-02 | IK=       5/      55 | t=    6.938100 s | CA=  2.6059 | fact=  2.5302 | GF=  1.8020 | solve=  1.6775 | scatter=  0.0525
f=     5.200 Hz | ky=  0.464906E-02 | IK=       6/      55 | t=    6.924300 s | CA=  2.5951 | fact=  2.5261 | GF=  1.8031 | solve=  1.6800 | scatter=  0.0511
f=     5.200 Hz | ky=  0.542390E-02 | IK=       7/      55 | t=    6.886400 s | CA=  2.5612 | fact=  2.5239 | GF=  1.8012 | solve=  1.6757 | scatter=  0.0536
f=     5.200 Hz | ky=  0.619875E-02 | IK=       8/      55 | t=    6.885900 s | CA=  2.5487 | fact=  2.5327 | GF=  1.8045 | solve=  1.6802 | scatter=  0.0523
f=     5.200 Hz | ky=  0.697359E-02 | IK=       9/      55 | t=    6.917600 s | CA=  2.5806 | fact=  2.5365 | GF=  1.8005 | solve=  1.6773 | scatter=  0.0512
f=     5.200 Hz | ky=  0.774843E-02 | IK=      10/      55 | t=    6.849900 s | CA=  2.5440 | fact=  2.5008 | GF=  1.8051 | solve=  1.6806 | scatter=  0.0526
PARDISO mem (f=  5.20 Hz): sym=  1.95 GB  perm=  1.42 GB  num=  3.22 GB  
peak=  4.64 GB
 WD_amp= 6.68865E+13  RESID_RMS= 5.11922E-02  FCOST_DATA= 1.31032E-03  FCOST0= 1.31032E-03
BT: alpha=  1.6121E-02  phi=  1.3103E-03  rhs=  1.3083E-03
 UPDATEPARAMETER: f-scale only
UPDATEPARAMETER PAR_STEP min/max, V_STEP min/max =  1.8490000000E+09  1.1968667113E+10
  1.8490000000E+09  1.1968667113E+10
 running run_ik_loop_pardiso
before CA | VmRSS=  16.240 GB  VmHWM=  95.029 GB
after CA | VmRSS=  17.640 GB  VmHWM=  95.029 GB
after factor | VmRSS=  21.398 GB  VmHWM=  95.029 GB
f=     5.200 Hz | ky=  0.774843E-03 | IK=       1/      55 | t=   17.199000 s | CA=  2.5044 | fact= 12.7913 | GF=  1.9031 | solve=  1.7484 | scatter=  0.0525
f=     5.200 Hz | ky=  0.154969E-02 | IK=       2/      55 | t=    6.901000 s | CA=  2.5788 | fact=  2.5190 | GF=  1.8032 | solve=  1.6777 | scatter=  0.0534
f=     5.200 Hz | ky=  0.232453E-02 | IK=       3/      55 | t=    6.849200 s | CA=  2.5388 | fact=  2.5384 | GF=  1.7719 | solve=  1.6478 | scatter=  0.0523
f=     5.200 Hz | ky=  0.309937E-02 | IK=       4/      55 | t=    6.831300 s | CA=  2.5515 | fact=  2.5238 | GF=  1.7559 | solve=  1.6335 | scatter=  0.0505
f=     5.200 Hz | ky=  0.387422E-02 | IK=       5/      55 | t=    6.868300 s | CA=  2.5816 | fact=  2.5244 | GF=  1.7623 | solve=  1.6381 | scatter=  0.0524
f=     5.200 Hz | ky=  0.464906E-02 | IK=       6/      55 | t=    6.834500 s | CA=  2.5504 | fact=  2.5209 | GF=  1.7632 | solve=  1.6384 | scatter=  0.0526
f=     5.200 Hz | ky=  0.542390E-02 | IK=       7/      55 | t=    6.890800 s | CA=  2.5851 | fact=  2.5388 | GF=  1.7668 | solve=  1.6427 | scatter=  0.0522
f=     5.200 Hz | ky=  0.619875E-02 | IK=       8/      55 | t=    6.879000 s | CA=  2.5731 | fact=  2.5450 | GF=  1.7609 | solve=  1.6374 | scatter=  0.0513
f=     5.200 Hz | ky=  0.697359E-02 | IK=       9/      55 | t=    6.873800 s | CA=  2.5841 | fact=  2.5313 | GF=  1.7584 | solve=  1.6337 | scatter=  0.0527
f=     5.200 Hz | ky=  0.774843E-02 | IK=      10/      55 | t=    6.890100 s | CA=  2.5896 | fact=  2.5412 | GF=  1.7593 | solve=  1.6352 | scatter=  0.0522
PARDISO mem (f=  5.20 Hz): sym=  1.95 GB  perm=  1.42 GB  num=  3.22 GB  
peak=  4.64 GB
 WD_amp= 6.68865E+13  RESID_RMS= 5.11671E-02  FCOST_DATA= 1.30904E-03  FCOST0= 1.30904E-03
BT: alpha=  8.0606E-03  phi=  1.3090E-03  rhs=  1.3083E-03
 UPDATEPARAMETER: f-scale only
UPDATEPARAMETER PAR_STEP min/max, V_STEP min/max =  1.8490000000E+09  1.1967028281E+10
  1.8490000000E+09  1.1967028281E+10
 running run_ik_loop_pardiso
before CA | VmRSS=  16.328 GB  VmHWM=  95.029 GB
after CA | VmRSS=  17.500 GB  VmHWM=  95.029 GB
after factor | VmRSS=  21.265 GB  VmHWM=  95.029 GB
f=     5.200 Hz | ky=  0.774843E-03 | IK=       1/      55 | t=   17.191200 s | CA=  2.4995 | fact= 12.7889 | GF=  1.9026 | solve=  1.7483 | scatter=  0.0525
f=     5.200 Hz | ky=  0.154969E-02 | IK=       2/      55 | t=    6.913000 s | CA=  2.5954 | fact=  2.5163 | GF=  1.8013 | solve=  1.6756 | scatter=  0.0538
f=     5.200 Hz | ky=  0.232453E-02 | IK=       3/      55 | t=    6.897900 s | CA=  2.5675 | fact=  2.5222 | GF=  1.8081 | solve=  1.6845 | scatter=  0.0518
f=     5.200 Hz | ky=  0.309937E-02 | IK=       4/      55 | t=    6.891200 s | CA=  2.5789 | fact=  2.5089 | GF=  1.8034 | solve=  1.6781 | scatter=  0.0534
f=     5.200 Hz | ky=  0.387422E-02 | IK=       5/      55 | t=    6.845400 s | CA=  2.5141 | fact=  2.5312 | GF=  1.8001 | solve=  1.6756 | scatter=  0.0524
f=     5.200 Hz | ky=  0.464906E-02 | IK=       6/      55 | t=    6.865300 s | CA=  2.5383 | fact=  2.5249 | GF=  1.8021 | solve=  1.6787 | scatter=  0.0513
f=     5.200 Hz | ky=  0.542390E-02 | IK=       7/      55 | t=    6.876000 s | CA=  2.5525 | fact=  2.5246 | GF=  1.7989 | solve=  1.6737 | scatter=  0.0532
f=     5.200 Hz | ky=  0.619875E-02 | IK=       8/      55 | t=    6.884000 s | CA=  2.5622 | fact=  2.5168 | GF=  1.8050 | solve=  1.6816 | scatter=  0.0515
f=     5.200 Hz | ky=  0.697359E-02 | IK=       9/      55 | t=    6.899800 s | CA=  2.5681 | fact=  2.5251 | GF=  1.8066 | solve=  1.6819 | scatter=  0.0528
f=     5.200 Hz | ky=  0.774843E-02 | IK=      10/      55 | t=    6.923500 s | CA=  2.5863 | fact=  2.5330 | GF=  1.8042 | solve=  1.6805 | scatter=  0.0514
PARDISO mem (f=  5.20 Hz): sym=  1.95 GB  perm=  1.42 GB  num=  3.22 GB  
peak=  4.64 GB
 WD_amp= 6.68865E+13  RESID_RMS= 5.11586E-02  FCOST_DATA= 1.30860E-03  FCOST0= 1.30860E-03
BT: alpha=  4.0303E-03  phi=  1.3086E-03  rhs=  1.3083E-03
 UPDATEPARAMETER: f-scale only
UPDATEPARAMETER PAR_STEP min/max, V_STEP min/max =  1.8490000000E+09  1.1966208864E+10
  1.8490000000E+09  1.1966208864E+10
 running run_ik_loop_pardiso
before CA | VmRSS=  16.325 GB  VmHWM=  95.029 GB
after CA | VmRSS=  17.913 GB  VmHWM=  95.029 GB
after factor | VmRSS=  21.679 GB  VmHWM=  95.029 GB
f=     5.200 Hz | ky=  0.774843E-03 | IK=       1/      55 | t=   17.179000 s | CA=  2.4996 | fact= 12.7744 | GF=  1.9048 | solve=  1.7494 | scatter=  0.0535
f=     5.200 Hz | ky=  0.154969E-02 | IK=       2/      55 | t=    6.875600 s | CA=  2.5533 | fact=  2.5201 | GF=  1.8021 | solve=  1.6784 | scatter=  0.0519
f=     5.200 Hz | ky=  0.232453E-02 | IK=       3/      55 | t=    6.879800 s | CA=  2.5646 | fact=  2.5178 | GF=  1.7974 | solve=  1.6731 | scatter=  0.0524
f=     5.200 Hz | ky=  0.309937E-02 | IK=       4/      55 | t=    6.813900 s | CA=  2.5443 | fact=  2.4647 | GF=  1.8049 | solve=  1.6806 | scatter=  0.0523
f=     5.200 Hz | ky=  0.387422E-02 | IK=       5/      55 | t=    6.921000 s | CA=  2.6280 | fact=  2.4846 | GF=  1.8083 | solve=  1.6823 | scatter=  0.0538
f=     5.200 Hz | ky=  0.464906E-02 | IK=       6/      55 | t=    6.894900 s | CA=  2.5566 | fact=  2.5336 | GF=  1.8047 | solve=  1.6816 | scatter=  0.0510
f=     5.200 Hz | ky=  0.542390E-02 | IK=       7/      55 | t=    6.928900 s | CA=  2.5792 | fact=  2.5370 | GF=  1.8127 | solve=  1.6889 | scatter=  0.0518
f=     5.200 Hz | ky=  0.619875E-02 | IK=       8/      55 | t=    6.964400 s | CA=  2.6115 | fact=  2.5452 | GF=  1.8077 | solve=  1.6827 | scatter=  0.0529
f=     5.200 Hz | ky=  0.697359E-02 | IK=       9/      55 | t=    6.933000 s | CA=  2.5797 | fact=  2.5449 | GF=  1.8084 | solve=  1.6838 | scatter=  0.0525
f=     5.200 Hz | ky=  0.774843E-02 | IK=      10/      55 | t=    6.935700 s | CA=  2.6032 | fact=  2.5272 | GF=  1.8052 | solve=  1.6816 | scatter=  0.0514
PARDISO mem (f=  5.20 Hz): sym=  1.95 GB  perm=  1.42 GB  num=  3.22 GB  
peak=  4.64 GB
 WD_amp= 6.68865E+13  RESID_RMS= 5.11554E-02  FCOST_DATA= 1.30844E-03  FCOST0= 1.30844E-03
BT: alpha=  2.0151E-03  phi=  1.3084E-03  rhs=  1.3083E-03
 UPDATEPARAMETER: f-scale only
UPDATEPARAMETER PAR_STEP min/max, V_STEP min/max =  1.8490000000E+09  1.1965799156E+10
  1.8490000000E+09  1.1965799156E+10
 running run_ik_loop_pardiso
before CA | VmRSS=  16.782 GB  VmHWM=  95.029 GB
after CA | VmRSS=  17.527 GB  VmHWM=  95.029 GB
after factor | VmRSS=  21.294 GB  VmHWM=  95.029 GB
f=     5.200 Hz | ky=  0.774843E-03 | IK=       1/      55 | t=   17.234500 s | CA=  2.5101 | fact= 12.8166 | GF=  1.9075 | solve=  1.7523 | scatter=  0.0531
f=     5.200 Hz | ky=  0.154969E-02 | IK=       2/      55 | t=    6.917600 s | CA=  2.5993 | fact=  2.5167 | GF=  1.8016 | solve=  1.6779 | scatter=  0.0517
f=     5.200 Hz | ky=  0.232453E-02 | IK=       3/      55 | t=    6.982900 s | CA=  2.6393 | fact=  2.5363 | GF=  1.8073 | solve=  1.6825 | scatter=  0.0530
f=     5.200 Hz | ky=  0.309937E-02 | IK=       4/      55 | t=    6.861400 s | CA=  2.5493 | fact=  2.5059 | GF=  1.8061 | solve=  1.6809 | scatter=  0.0532
f=     5.200 Hz | ky=  0.387422E-02 | IK=       5/      55 | t=    6.930700 s | CA=  2.5949 | fact=  2.5291 | GF=  1.8067 | solve=  1.6823 | scatter=  0.0526
f=     5.200 Hz | ky=  0.464906E-02 | IK=       6/      55 | t=    6.884100 s | CA=  2.5407 | fact=  2.5386 | GF=  1.8048 | solve=  1.6796 | scatter=  0.0527
f=     5.200 Hz | ky=  0.542390E-02 | IK=       7/      55 | t=    6.929000 s | CA=  2.5919 | fact=  2.5316 | GF=  1.8055 | solve=  1.6806 | scatter=  0.0524
f=     5.200 Hz | ky=  0.619875E-02 | IK=       8/      55 | t=    6.910900 s | CA=  2.5615 | fact=  2.5418 | GF=  1.8076 | solve=  1.6826 | scatter=  0.0525
f=     5.200 Hz | ky=  0.697359E-02 | IK=       9/      55 | t=    6.926700 s | CA=  2.6111 | fact=  2.5073 | GF=  1.8083 | solve=  1.6823 | scatter=  0.0539
f=     5.200 Hz | ky=  0.774843E-02 | IK=      10/      55 | t=    6.928000 s | CA=  2.5854 | fact=  2.5308 | GF=  1.8117 | solve=  1.6871 | scatter=  0.0525
PARDISO mem (f=  5.20 Hz): sym=  1.95 GB  perm=  1.42 GB  num=  3.22 GB  
peak=  4.64 GB
 WD_amp= 6.68865E+13  RESID_RMS= 5.11540E-02  FCOST_DATA= 1.30837E-03  FCOST0= 1.30837E-03
BT: alpha=  1.0076E-03  phi=  1.3084E-03  rhs=  1.3083E-03
 UPDATEPARAMETER: f-scale only
UPDATEPARAMETER PAR_STEP min/max, V_STEP min/max =  1.8490000000E+09  1.1965594302E+10
  1.8490000000E+09  1.1965594302E+10
 running run_ik_loop_pardiso
before CA | VmRSS=  16.172 GB  VmHWM=  95.029 GB
after CA | VmRSS=  17.373 GB  VmHWM=  95.029 GB
after factor | VmRSS=  21.170 GB  VmHWM=  95.029 GB
f=     5.200 Hz | ky=  0.774843E-03 | IK=       1/      55 | t=   17.262500 s | CA=  2.5601 | fact= 12.8019 | GF=  1.9003 | solve=  1.7469 | scatter=  0.0515
f=     5.200 Hz | ky=  0.154969E-02 | IK=       2/      55 | t=    6.877200 s | CA=  2.5484 | fact=  2.5244 | GF=  1.8043 | solve=  1.6789 | scatter=  0.0535
f=     5.200 Hz | ky=  0.232453E-02 | IK=       3/      55 | t=    6.867900 s | CA=  2.6273 | fact=  2.4401 | GF=  1.8005 | solve=  1.6777 | scatter=  0.0509
f=     5.200 Hz | ky=  0.309937E-02 | IK=       4/      55 | t=    6.938900 s | CA=  2.6055 | fact=  2.5287 | GF=  1.8046 | solve=  1.6816 | scatter=  0.0513
f=     5.200 Hz | ky=  0.387422E-02 | IK=       5/      55 | t=    6.965800 s | CA=  2.6365 | fact=  2.5231 | GF=  1.8062 | solve=  1.6833 | scatter=  0.0510
f=     5.200 Hz | ky=  0.464906E-02 | IK=       6/      55 | t=    6.899500 s | CA=  2.5720 | fact=  2.5241 | GF=  1.8033 | solve=  1.6786 | scatter=  0.0528
f=     5.200 Hz | ky=  0.542390E-02 | IK=       7/      55 | t=    6.941200 s | CA=  2.6079 | fact=  2.5291 | GF=  1.8042 | solve=  1.6795 | scatter=  0.0525
f=     5.200 Hz | ky=  0.619875E-02 | IK=       8/      55 | t=    6.875400 s | CA=  2.5780 | fact=  2.5011 | GF=  1.7962 | solve=  1.6729 | scatter=  0.0515
f=     5.200 Hz | ky=  0.697359E-02 | IK=       9/      55 | t=    6.922400 s | CA=  2.5748 | fact=  2.5404 | GF=  1.8071 | solve=  1.6828 | scatter=  0.0522
f=     5.200 Hz | ky=  0.774843E-02 | IK=      10/      55 | t=    6.950100 s | CA=  2.6235 | fact=  2.5267 | GF=  1.7998 | solve=  1.6768 | scatter=  0.0510
PARDISO mem (f=  5.20 Hz): sym=  1.95 GB  perm=  1.42 GB  num=  3.22 GB  
peak=  4.64 GB
 WD_amp= 6.68865E+13  RESID_RMS= 5.11534E-02  FCOST_DATA= 1.30833E-03  FCOST0= 1.30833E-03
BT: alpha=  5.0379E-04  phi=  1.3083E-03  rhs=  1.3083E-03
 UPDATEPARAMETER: f-scale only
UPDATEPARAMETER PAR_STEP min/max, V_STEP min/max =  1.8490000000E+09  1.1965491875E+10
  1.8490000000E+09  1.1965491875E+10
 running run_ik_loop_pardiso
before CA | VmRSS=  16.265 GB  VmHWM=  95.029 GB
after CA | VmRSS=  17.390 GB  VmHWM=  95.029 GB
after factor | VmRSS=  21.182 GB  VmHWM=  95.029 GB
f=     5.200 Hz | ky=  0.774843E-03 | IK=       1/      55 | t=   17.169200 s | CA=  2.5234 | fact= 12.7411 | GF=  1.9045 | solve=  1.7514 | scatter=  0.0513
f=     5.200 Hz | ky=  0.154969E-02 | IK=       2/      55 | t=    6.907300 s | CA=  2.5692 | fact=  2.5387 | GF=  1.7994 | solve=  1.6755 | scatter=  0.0519
f=     5.200 Hz | ky=  0.232453E-02 | IK=       3/      55 | t=    6.940500 s | CA=  2.6090 | fact=  2.5276 | GF=  1.8039 | solve=  1.6786 | scatter=  0.0535
f=     5.200 Hz | ky=  0.309937E-02 | IK=       4/      55 | t=    6.889900 s | CA=  2.5528 | fact=  2.5286 | GF=  1.8084 | solve=  1.6822 | scatter=  0.0539
f=     5.200 Hz | ky=  0.387422E-02 | IK=       5/      55 | t=    6.888900 s | CA=  2.5676 | fact=  2.5141 | GF=  1.8072 | solve=  1.6825 | scatter=  0.0528
f=     5.200 Hz | ky=  0.464906E-02 | IK=       6/      55 | t=    6.924300 s | CA=  2.5762 | fact=  2.5449 | GF=  1.8031 | solve=  1.6800 | scatter=  0.0514
f=     5.200 Hz | ky=  0.542390E-02 | IK=       7/      55 | t=    6.922800 s | CA=  2.5928 | fact=  2.5265 | GF=  1.8035 | solve=  1.6785 | scatter=  0.0531
f=     5.200 Hz | ky=  0.619875E-02 | IK=       8/      55 | t=    6.933700 s | CA=  2.5903 | fact=  2.5385 | GF=  1.8048 | solve=  1.6806 | scatter=  0.0519
f=     5.200 Hz | ky=  0.697359E-02 | IK=       9/      55 | t=    6.942600 s | CA=  2.6184 | fact=  2.5199 | GF=  1.8042 | solve=  1.6773 | scatter=  0.0544
f=     5.200 Hz | ky=  0.774843E-02 | IK=      10/      55 | t=    6.971800 s | CA=  2.6268 | fact=  2.5414 | GF=  1.8036 | solve=  1.6780 | scatter=  0.0536
PARDISO mem (f=  5.20 Hz): sym=  1.95 GB  perm=  1.42 GB  num=  3.22 GB  
peak=  4.64 GB
 WD_amp= 6.68865E+13  RESID_RMS= 5.11531E-02  FCOST_DATA= 1.30832E-03  FCOST0= 1.30832E-03
BT: alpha=  2.5189E-04  phi=  1.3083E-03  rhs=  1.3083E-03
 UPDATEPARAMETER: f-scale only
UPDATEPARAMETER PAR_STEP min/max, V_STEP min/max =  1.8490000000E+09  1.1965440662E+10
  1.8490000000E+09  1.1965440662E+10
 running run_ik_loop_pardiso
before CA | VmRSS=  16.859 GB  VmHWM=  95.029 GB
after CA | VmRSS=  17.543 GB  VmHWM=  95.029 GB
after factor | VmRSS=  21.306 GB  VmHWM=  95.029 GB
f=     5.200 Hz | ky=  0.774843E-03 | IK=       1/      55 | t=   17.216600 s | CA=  2.5708 | fact= 12.7478 | GF=  1.8978 | solve=  1.7432 | scatter=  0.0531
f=     5.200 Hz | ky=  0.154969E-02 | IK=       2/      55 | t=    6.888000 s | CA=  2.5688 | fact=  2.5227 | GF=  1.7965 | solve=  1.6728 | scatter=  0.0519
f=     5.200 Hz | ky=  0.232453E-02 | IK=       3/      55 | t=    6.932900 s | CA=  2.6045 | fact=  2.5244 | GF=  1.8039 | solve=  1.6799 | scatter=  0.0523
f=     5.200 Hz | ky=  0.309937E-02 | IK=       4/      55 | t=    6.914200 s | CA=  2.5928 | fact=  2.5202 | GF=  1.8012 | solve=  1.6770 | scatter=  0.0524
f=     5.200 Hz | ky=  0.387422E-02 | IK=       5/      55 | t=    6.929800 s | CA=  2.6090 | fact=  2.5216 | GF=  1.7992 | solve=  1.6747 | scatter=  0.0526
f=     5.200 Hz | ky=  0.464906E-02 | IK=       6/      55 | t=    6.950700 s | CA=  2.5981 | fact=  2.5459 | GF=  1.8066 | solve=  1.6820 | scatter=  0.0528
f=     5.200 Hz | ky=  0.542390E-02 | IK=       7/      55 | t=    6.876900 s | CA=  2.5839 | fact=  2.4886 | GF=  1.8043 | solve=  1.6804 | scatter=  0.0519
f=     5.200 Hz | ky=  0.619875E-02 | IK=       8/      55 | t=    6.954000 s | CA=  2.6185 | fact=  2.5300 | GF=  1.8055 | solve=  1.6812 | scatter=  0.0523
f=     5.200 Hz | ky=  0.697359E-02 | IK=       9/      55 | t=    6.871600 s | CA=  2.5415 | fact=  2.5261 | GF=  1.8040 | solve=  1.6805 | scatter=  0.0514
f=     5.200 Hz | ky=  0.774843E-02 | IK=      10/      55 | t=    6.891600 s | CA=  2.5637 | fact=  2.5221 | GF=  1.8057 | solve=  1.6802 | scatter=  0.0532
PARDISO mem (f=  5.20 Hz): sym=  1.95 GB  perm=  1.42 GB  num=  3.22 GB  
peak=  4.64 GB
 WD_amp= 6.68865E+13  RESID_RMS= 5.11529E-02  FCOST_DATA= 1.30831E-03  FCOST0= 1.30831E-03
BT: alpha=  1.2595E-04  phi=  1.3083E-03  rhs=  1.3083E-03
BT STOP (stagnation): alpha=  1.2595E-04  FCOST1=  1.3083E-03  FCOST0=  1.3083E-03
 UPDATEPARAMETER: f-scale only
UPDATEPARAMETER PAR_STEP min/max, V_STEP min/max =  1.8490000000E+09  1.1965393515E+10
  1.8490000000E+09  1.1965393515E+10
 running run_ik_loop_pardiso
before CA | VmRSS=  16.230 GB  VmHWM=  95.029 GB
after CA | VmRSS=  17.321 GB  VmHWM=  95.029 GB
after factor | VmRSS=  21.084 GB  VmHWM=  95.029 GB
f=     5.200 Hz | ky=  0.774843E-03 | IK=       1/      55 | t=   17.254400 s | CA=  2.5693 | fact= 12.7887 | GF=  1.8962 | solve=  1.7429 | scatter=  0.0515
f=     5.200 Hz | ky=  0.154969E-02 | IK=       2/      55 | t=    6.876400 s | CA=  2.5902 | fact=  2.4870 | GF=  1.7992 | solve=  1.6747 | scatter=  0.0528
f=     5.200 Hz | ky=  0.232453E-02 | IK=       3/      55 | t=    6.969900 s | CA=  2.6306 | fact=  2.5430 | GF=  1.7963 | solve=  1.6716 | scatter=  0.0530
f=     5.200 Hz | ky=  0.309937E-02 | IK=       4/      55 | t=    6.952800 s | CA=  2.6028 | fact=  2.5489 | GF=  1.8010 | solve=  1.6766 | scatter=  0.0526
f=     5.200 Hz | ky=  0.387422E-02 | IK=       5/      55 | t=    6.909600 s | CA=  2.5835 | fact=  2.5225 | GF=  1.8035 | solve=  1.6794 | scatter=  0.0522
f=     5.200 Hz | ky=  0.464906E-02 | IK=       6/      55 | t=    6.916800 s | CA=  2.5895 | fact=  2.5255 | GF=  1.8018 | solve=  1.6788 | scatter=  0.0511
f=     5.200 Hz | ky=  0.542390E-02 | IK=       7/      55 | t=    6.884100 s | CA=  2.5407 | fact=  2.5377 | GF=  1.8057 | solve=  1.6800 | scatter=  0.0537
f=     5.200 Hz | ky=  0.619875E-02 | IK=       8/      55 | t=    6.903900 s | CA=  2.5650 | fact=  2.5350 | GF=  1.8038 | solve=  1.6791 | scatter=  0.0527
f=     5.200 Hz | ky=  0.697359E-02 | IK=       9/      55 | t=    6.886200 s | CA=  2.5538 | fact=  2.5315 | GF=  1.8009 | solve=  1.6761 | scatter=  0.0528
f=     5.200 Hz | ky=  0.774843E-02 | IK=      10/      55 | t=    6.930900 s | CA=  2.5772 | fact=  2.5494 | GF=  1.8042 | solve=  1.6796 | scatter=  0.0527
PARDISO mem (f=  5.20 Hz): sym=  1.95 GB  perm=  1.42 GB  num=  3.22 GB  
peak=  4.64 GB
 WD_amp= 6.68865E+13  RESID_RMS= 5.11528E-02  FCOST_DATA= 1.30830E-03  FCOST0= 1.30830E-03
 Backtrack: failed after MAX_IT
 Line search failed (IFLAG=          11 ), inversion diverged.
 --------- Frequency   5.65000000000000       (band            1 )
[ComputeAcqWeight] empty acq_weight_file, using uniform weights = 1.0
Data weighting computed for frequency 4607182418800017373
XSRmin, XSRmax, ZSRmin, ZSRMax -1960.000000000000 .000000000000000 2050.000000000000 4030.000000000000
1 FKYC
1.2 FKYC
my_rank, FKYC,WLMAX, RMAX 0 .4630434389421478E-01 906.6865123615522 2786.036611389018
1.1 NK
NK in cky2= 66

  Number of wavenumber samples (NK) for FREQ =   66
Data weighting computed for frequency 4607182418800017373
Data weighting computed for frequency 4607182418800017373
  RMAX = 2786.04
Data weighting computed for frequency 4607182418800017373
Data weighting computed for frequency 4607182418800017373
Data weighting computed for frequency 4607182418800017373
--- Pre-solver preview (memory + RHS workload) ---
   GQG dims: NNX=       585  NNZ=       317  NPT=    185445
   DOF:     N=3*NPT =    556335
   Sources: NSR=       100  NSS=        20  NK=        66
   RHS total (per IK): nrhs_tot=3*NSS =        60
   Batch:    MAX_RHS_BATCH=        32  nbatches=         2
   GFMY  (GFX+GFY+GFZ):         16.414 GB
   RHS_MY(rhs+sol buffers):      0.531 GB
 
 running run_ik_loop_pardiso
before CA | VmRSS=  18.123 GB  VmHWM=  95.029 GB
after CA | VmRSS=  19.447 GB  VmHWM=  95.029 GB
after factor | VmRSS=  23.237 GB  VmHWM=  95.029 GB
f=     5.650 Hz | ky=  0.701581E-03 | IK=       1/      66 | t=   17.211300 s | CA=  2.5213 | fact= 12.7899 | GF=  1.8999 | solve=  1.7454 | scatter=  0.0527
f=     5.650 Hz | ky=  0.140316E-02 | IK=       2/      66 | t=    6.844600 s | CA=  2.5350 | fact=  2.5107 | GF=  1.7989 | solve=  1.6737 | scatter=  0.0533
f=     5.650 Hz | ky=  0.210474E-02 | IK=       3/      66 | t=    6.863100 s | CA=  2.5380 | fact=  2.5273 | GF=  1.7977 | solve=  1.6745 | scatter=  0.0514
f=     5.650 Hz | ky=  0.280632E-02 | IK=       4/      66 | t=    6.882500 s | CA=  2.5592 | fact=  2.5232 | GF=  1.8001 | solve=  1.6768 | scatter=  0.0515
f=     5.650 Hz | ky=  0.350790E-02 | IK=       5/      66 | t=    6.921900 s | CA=  2.5972 | fact=  2.5186 | GF=  1.8060 | solve=  1.6813 | scatter=  0.0528
f=     5.650 Hz | ky=  0.420949E-02 | IK=       6/      66 | t=    6.901200 s | CA=  2.5624 | fact=  2.5387 | GF=  1.8001 | solve=  1.6766 | scatter=  0.0517
f=     5.650 Hz | ky=  0.491107E-02 | IK=       7/      66 | t=    6.951900 s | CA=  2.6087 | fact=  2.5383 | GF=  1.8048 | solve=  1.6804 | scatter=  0.0523
f=     5.650 Hz | ky=  0.561265E-02 | IK=       8/      66 | t=    6.890100 s | CA=  2.5543 | fact=  2.5309 | GF=  1.8049 | solve=  1.6790 | scatter=  0.0536
f=     5.650 Hz | ky=  0.631423E-02 | IK=       9/      66 | t=    6.869900 s | CA=  2.5642 | fact=  2.4994 | GF=  1.8063 | solve=  1.6822 | scatter=  0.0521
f=     5.650 Hz | ky=  0.701581E-02 | IK=      10/      66 | t=    6.908100 s | CA=  2.5817 | fact=  2.5264 | GF=  1.8000 | solve=  1.6750 | scatter=  0.0530
f=     5.650 Hz | ky=  0.771739E-02 | IK=      11/      66 | t=    6.881400 s | CA=  2.5501 | fact=  2.5238 | GF=  1.8075 | solve=  1.6826 | scatter=  0.0526
PARDISO mem (f=  5.65 Hz): sym=  1.95 GB  perm=  1.42 GB  num=  3.22 GB  
peak=  4.64 GB
t_global   =    130.725 s
TIME for 1st forward modeling =  2.178503417968750  min
TIME for GT0 =  .6098333497842153E-02  min
Data scaler W for L2 norm: 69691293965796.52
Data scaler W for WQS norm: .3395193265742062E-312
Total number of active inversion parameters for current sequential stage (IM):          1
Total model blocks points (NM = IM * NBLOCK):      11534 on grid (NMM = IM * NPT):    185445
 Gradient balance ():   1.00000000000000        1.00000000000000     
   1.00000000000000        1.00000000000000        1.00000000000000     
   1.00000000000000        1.00000000000000        1.00000000000000     
   1.00000000000000        1.00000000000000        1.00000000000000     
 IE0, IZ          30           0
 IE0, IZ, GZ1, GZ2 =           30           0   100.000000000000     
   300.000000000000     
  
 Frequency:           8 Iteration:           1
--- Pre-solver preview (memory + RHS workload) ---
   GQG dims: NNX=       585  NNZ=       317  NPT=    185445
   DOF:     N=3*NPT =    556335
   Sources: NSR=       100  NSS=       100  NK=        66
   RHS total (per IK): nrhs_tot=3*NSS =       300
   Batch:    MAX_RHS_BATCH=        32  nbatches=        10
   GFMY  (GFX+GFY+GFZ):         82.071 GB
   RHS_MY(rhs+sol buffers):      0.531 GB
 
 running run_ik_loop_pardiso
before CA | VmRSS=  84.567 GB  VmHWM=  95.029 GB
after CA | VmRSS=  85.850 GB  VmHWM=  95.029 GB
after factor | VmRSS=  89.639 GB  VmHWM=  95.029 GB
f=     5.650 Hz | ky=  0.701581E-03 | IK=       1/      66 | t=   24.131800 s | CA=  2.4486 | fact= 12.8034 | GF=  8.8796 | solve=  8.2213 | scatter=  0.2576
f=     5.650 Hz | ky=  0.140316E-02 | IK=       2/      66 | t=   13.838000 s | CA=  2.5513 | fact=  2.5051 | GF=  8.7816 | solve=  8.1501 | scatter=  0.2594
f=     5.650 Hz | ky=  0.210474E-02 | IK=       3/      66 | t=   13.853700 s | CA=  2.5673 | fact=  2.5081 | GF=  8.7782 | solve=  8.1468 | scatter=  0.2581
f=     5.650 Hz | ky=  0.280632E-02 | IK=       4/      66 | t=   13.872000 s | CA=  2.5565 | fact=  2.5035 | GF=  8.8119 | solve=  8.1777 | scatter=  0.2600
f=     5.650 Hz | ky=  0.350790E-02 | IK=       5/      66 | t=   13.862800 s | CA=  2.5537 | fact=  2.5069 | GF=  8.8022 | solve=  8.1734 | scatter=  0.2554
f=     5.650 Hz | ky=  0.420949E-02 | IK=       6/      66 | t=   13.892200 s | CA=  2.5727 | fact=  2.5317 | GF=  8.7878 | solve=  8.1559 | scatter=  0.2583
f=     5.650 Hz | ky=  0.491107E-02 | IK=       7/      66 | t=   13.899100 s | CA=  2.5622 | fact=  2.5378 | GF=  8.7991 | solve=  8.1676 | scatter=  0.2577
f=     5.650 Hz | ky=  0.561265E-02 | IK=       8/      66 | t=   13.924100 s | CA=  2.5727 | fact=  2.5278 | GF=  8.8235 | solve=  8.1896 | scatter=  0.2602
f=     5.650 Hz | ky=  0.631423E-02 | IK=       9/      66 | t=   13.844400 s | CA=  2.5355 | fact=  2.5312 | GF=  8.7777 | solve=  8.1489 | scatter=  0.2554
f=     5.650 Hz | ky=  0.701581E-02 | IK=      10/      66 | t=   13.897100 s | CA=  2.5720 | fact=  2.5358 | GF=  8.7893 | solve=  8.1554 | scatter=  0.2602
f=     5.650 Hz | ky=  0.771739E-02 | IK=      11/      66 | t=   13.905600 s | CA=  2.5579 | fact=  2.5400 | GF=  8.8077 | solve=  8.1736 | scatter=  0.2604
PARDISO mem (f=  5.65 Hz): sym=  1.95 GB  perm=  1.42 GB  num=  3.22 GB  
peak=  4.64 GB
t_global   =    383.379 s
TIME for 2d forward modeling_i calc =  6.388833109537760 min
Rank    4 -> ID range:   3201 to   4000 | Tasks:    800
Rank    5 -> ID range:   4001 to   4800 | Tasks:    800
Rank    2 -> ID range:   1601 to   2400 | Tasks:    800
Rank    3 -> ID range:   2401 to   3200 | Tasks:    800
Rank    1 -> ID range:    801 to   1600 | Tasks:    800
  
 -------------- calculate Frechet derivatives -----------
 IFREQ =           8    ITERATION =           1
Frechet memory size Frec_my:      0.825 (Gb)
Rank    0 -> ID range:      1 to    800 | Tasks:    800
FREQ:      5.7 Hz, ITER=       1  Frechet Derivative ID=     100/    4800 Finished   0.254200 s
FREQ:      5.7 Hz, ITER=       1  Frechet Derivative ID=     200/    4800 Finished   0.247900 s
FREQ:      5.7 Hz, ITER=       1  Frechet Derivative ID=     300/    4800 Finished   0.247800 s
FREQ:      5.7 Hz, ITER=       1  Frechet Derivative ID=     400/    4800 Finished   0.231000 s
FREQ:      5.7 Hz, ITER=       1  Frechet Derivative ID=     500/    4800 Finished   0.317500 s
FREQ:      5.7 Hz, ITER=       1  Frechet Derivative ID=     600/    4800 Finished   0.251700 s
FREQ:      5.7 Hz, ITER=       1  Frechet Derivative ID=     700/    4800 Finished   0.251400 s
FREQ:      5.7 Hz, ITER=       1  Frechet Derivative ID=     800/    4800 Finished   0.249600 s
||Frechet||_F=  1.7590E-19max|Frechet|=  2.4781E-24
||Frechet||_F=  1.7590E-19max|Frechet|=  2.4781E-24
||Frechet||_F=  1.7590E-19max|Frechet|=  2.4781E-24
 
TIME for Frechet calc =  3.565776570638021 min
 
m_fine: min=  1.8490E+09  max=  1.1965E+10  mean=  7.9479E+09  ||.||2=  3.8603E+12  size=  185445
m_coarse_prev: min=  1.8538E+09  max=  1.1926E+10  mean=  7.9513E+09  ||.||2=  9.6284E+11  size=   11534
 
  compute the residual and the cost function
 WD_amp= 6.96913E+13  RESID_RMS= 3.74648E-02  FCOST_DATA= 7.01807E-04  FCOST0= 7.01807E-04
||Frechet||_F=  1.7590E-19max|Frechet|=  2.4781E-24
||Frechet||_F=  1.7590E-19max|Frechet|=  2.4781E-24
||Frechet||_F=  1.7590E-19max|Frechet|=  2.4781E-24
IA=  6  H(single F0) min= 0.00000E+00  max= 1.05416E-03
IA=  6  H(F0^2)     min= 0.00000E+00  max= 1.05416E-03
HESSD: ia=   6  min= 0.00000E+00  max= 9.47854E+05
IA=  6  H(single F0) min= 0.00000E+00  max= 1.05416E-03
IA=  6  H(F0^2)     min= 0.00000E+00  max= 1.05416E-03
HESSD: ia=   6  min= 0.00000E+00  max= 9.47854E+05
IA=  6  H(single F0) min= 0.00000E+00  max= 1.05416E-03
IA=  6  H(F0^2)     min= 0.00000E+00  max= 1.05416E-03
HESSD: ia=   6  min= 0.00000E+00  max= 9.47854E+05
IA=  6  H(single F0) min= 0.00000E+00  max= 1.05416E-03
IA=  6  H(F0^2)     min= 0.00000E+00  max= 1.05416E-03
HESSD: ia=   6  min= 0.00000E+00  max= 9.47854E+05
IA=  6  H(single F0) min= 0.00000E+00  max= 1.05416E-03
IA=  6  H(F0^2)     min= 0.00000E+00  max= 1.05416E-03
HESSD: ia=   6  min= 0.00000E+00  max= 9.47854E+05
IA=  6  H(single F0) min= 0.00000E+00  max= 1.05416E-03
IA=  6  H(F0^2)     min= 0.00000E+00  max= 1.05416E-03
HESSD: ia=   6  min= 0.00000E+00  max= 9.47854E+05
Grad block   6 GRAD_SCALED MORM =   4.5190E-04
Raw grad block  6  PAR={C66}  min= -1.5439E-14  max=  2.2791E-14  L2=  1.2582E-13
Gradient finished
Start LBFGS 
LBFGS steepest step , iter=      1
  g·p = -3.5509E-04  ||p|| =  1.0532E+01
  min(p)= -7.2396E-01  max(p)=  8.2159E-01
LBFGS p_k (unscaled) stats per active parameter:
  IA=  6  PAR={C66}  min=-2.77272E+09  max= 3.14664E+09  L2= 4.03357E+10
min(p_k)= -7.2396E-01  max(p_k)=  8.2159E-01  ||p_k||=  1.0532E+01
min(p_kf)= -7.2396E-01  max(p_kf)=  8.2159E-01  ||p_kf||=  4.2127E+01
p_k/p_kf  =   2.5000E-01
Start linesearch
BT entry: phi(0)=  7.0181E-04  g·p(0)= -3.5509E-04
 UPDATEPARAMETER: f-scale only
UPDATEPARAMETER PAR_STEP min/max, V_STEP min/max =  4.3886689632E+08  1.3586923958E+10
  4.3886689632E+08  1.3586923958E+10
REL STEP elastic: k=  6 row=  6 rmax_k=  7.8294E-01 row_scale=  1.1965E+10
BT cap probe: rmax1=  7.8294E-01  alpha_cap=  6.3862E-01  alpha00=  1.0000E+00
 UPDATEPARAMETER: f-scale only
UPDATEPARAMETER PAR_STEP min/max, V_STEP min/max =  1.0109331245E+09  1.2662333784E+10
  1.0109331245E+09  1.2662333784E+10
 running run_ik_loop_pardiso
before CA | VmRSS=  18.981 GB  VmHWM=  95.029 GB
after CA | VmRSS=  19.832 GB  VmHWM=  95.029 GB
after factor | VmRSS=  23.606 GB  VmHWM=  95.029 GB
f=     5.650 Hz | ky=  0.701581E-03 | IK=       1/      66 | t=   17.260200 s | CA=  2.5537 | fact= 12.7991 | GF=  1.9072 | solve=  1.7506 | scatter=  0.0538
f=     5.650 Hz | ky=  0.140316E-02 | IK=       2/      66 | t=    6.901000 s | CA=  2.5671 | fact=  2.5262 | GF=  1.8076 | solve=  1.6836 | scatter=  0.0519
f=     5.650 Hz | ky=  0.210474E-02 | IK=       3/      66 | t=    6.888200 s | CA=  2.5629 | fact=  2.5248 | GF=  1.8004 | solve=  1.6762 | scatter=  0.0525
f=     5.650 Hz | ky=  0.280632E-02 | IK=       4/      66 | t=    6.891100 s | CA=  2.5602 | fact=  2.5273 | GF=  1.8036 | solve=  1.6770 | scatter=  0.0548
f=     5.650 Hz | ky=  0.350790E-02 | IK=       5/      66 | t=    6.914400 s | CA=  2.5938 | fact=  2.5204 | GF=  1.8002 | solve=  1.6741 | scatter=  0.0542
f=     5.650 Hz | ky=  0.420949E-02 | IK=       6/      66 | t=    6.890600 s | CA=  2.5637 | fact=  2.5223 | GF=  1.8046 | solve=  1.6788 | scatter=  0.0539
f=     5.650 Hz | ky=  0.491107E-02 | IK=       7/      66 | t=    6.916700 s | CA=  2.5788 | fact=  2.5350 | GF=  1.8029 | solve=  1.6784 | scatter=  0.0523
f=     5.650 Hz | ky=  0.561265E-02 | IK=       8/      66 | t=    6.858700 s | CA=  2.5348 | fact=  2.5178 | GF=  1.8061 | solve=  1.6807 | scatter=  0.0533
f=     5.650 Hz | ky=  0.631423E-02 | IK=       9/      66 | t=    6.870000 s | CA=  2.5702 | fact=  2.4973 | GF=  1.8025 | solve=  1.6802 | scatter=  0.0504
f=     5.650 Hz | ky=  0.701581E-02 | IK=      10/      66 | t=    6.864500 s | CA=  2.5442 | fact=  2.5167 | GF=  1.8035 | solve=  1.6801 | scatter=  0.0512
f=     5.650 Hz | ky=  0.771739E-02 | IK=      11/      66 | t=    6.903300 s | CA=  2.5684 | fact=  2.5327 | GF=  1.8022 | solve=  1.6761 | scatter=  0.0537
PARDISO mem (f=  5.65 Hz): sym=  1.95 GB  perm=  1.42 GB  num=  3.22 GB  
peak=  4.64 GB
 WD_amp= 6.96913E+13  RESID_RMS= 4.13000E-02  FCOST_DATA= 8.52847E-04  FCOST0= 8.52847E-04
BT: alpha=  6.3862E-01  phi=  8.5285E-04  rhs=  7.0178E-04
 UPDATEPARAMETER: f-scale only
UPDATEPARAMETER PAR_STEP min/max, V_STEP min/max =  1.5163996867E+09  1.2285286490E+10
  1.5163996867E+09  1.2285286490E+10
 running run_ik_loop_pardiso
before CA | VmRSS=  18.930 GB  VmHWM=  95.029 GB
after CA | VmRSS=  20.136 GB  VmHWM=  95.029 GB
after factor | VmRSS=  23.931 GB  VmHWM=  95.029 GB
f=     5.650 Hz | ky=  0.701581E-03 | IK=       1/      66 | t=   17.136200 s | CA=  2.4735 | fact= 12.7566 | GF=  1.9058 | solve=  1.7519 | scatter=  0.0522
f=     5.650 Hz | ky=  0.140316E-02 | IK=       2/      66 | t=    6.941800 s | CA=  2.6143 | fact=  2.5180 | GF=  1.8095 | solve=  1.6834 | scatter=  0.0543
f=     5.650 Hz | ky=  0.210474E-02 | IK=       3/      66 | t=    6.875200 s | CA=  2.5681 | fact=  2.5025 | GF=  1.8046 | solve=  1.6800 | scatter=  0.0527
f=     5.650 Hz | ky=  0.280632E-02 | IK=       4/      66 | t=    6.909300 s | CA=  2.5832 | fact=  2.5293 | GF=  1.7968 | solve=  1.6724 | scatter=  0.0525
f=     5.650 Hz | ky=  0.350790E-02 | IK=       5/      66 | t=    6.892500 s | CA=  2.5524 | fact=  2.5371 | GF=  1.8029 | solve=  1.6796 | scatter=  0.0514
f=     5.650 Hz | ky=  0.420949E-02 | IK=       6/      66 | t=    6.902000 s | CA=  2.5649 | fact=  2.5251 | GF=  1.8120 | solve=  1.6877 | scatter=  0.0522
f=     5.650 Hz | ky=  0.491107E-02 | IK=       7/      66 | t=    6.905900 s | CA=  2.5652 | fact=  2.5401 | GF=  1.8006 | solve=  1.6766 | scatter=  0.0519
f=     5.650 Hz | ky=  0.561265E-02 | IK=       8/      66 | t=    6.897100 s | CA=  2.5490 | fact=  2.5361 | GF=  1.8119 | solve=  1.6865 | scatter=  0.0535
f=     5.650 Hz | ky=  0.631423E-02 | IK=       9/      66 | t=    6.905700 s | CA=  2.5568 | fact=  2.5399 | GF=  1.8090 | solve=  1.6841 | scatter=  0.0529
f=     5.650 Hz | ky=  0.701581E-02 | IK=      10/      66 | t=    6.892900 s | CA=  2.5626 | fact=  2.5205 | GF=  1.8097 | solve=  1.6828 | scatter=  0.0548
f=     5.650 Hz | ky=  0.771739E-02 | IK=      11/      66 | t=    6.890300 s | CA=  2.5498 | fact=  2.5375 | GF=  1.8030 | solve=  1.6783 | scatter=  0.0528
PARDISO mem (f=  5.65 Hz): sym=  1.95 GB  perm=  1.42 GB  num=  3.22 GB  
peak=  4.64 GB
 WD_amp= 6.96913E+13  RESID_RMS= 3.81331E-02  FCOST_DATA= 7.27067E-04  FCOST0= 7.27067E-04
BT: alpha=  3.1931E-01  phi=  7.2707E-04  rhs=  7.0180E-04
 UPDATEPARAMETER: f-scale only
UPDATEPARAMETER PAR_STEP min/max, V_STEP min/max =  1.7691329678E+09  1.2096762844E+10
  1.7691329678E+09  1.2096762844E+10
 running run_ik_loop_pardiso
before CA | VmRSS=  18.954 GB  VmHWM=  95.029 GB
after CA | VmRSS=  20.111 GB  VmHWM=  95.029 GB
after factor | VmRSS=  23.896 GB  VmHWM=  95.029 GB
f=     5.650 Hz | ky=  0.701581E-03 | IK=       1/      66 | t=   17.158700 s | CA=  2.4807 | fact= 12.7788 | GF=  1.8990 | solve=  1.7439 | scatter=  0.0535
f=     5.650 Hz | ky=  0.140316E-02 | IK=       2/      66 | t=    6.889900 s | CA=  2.5786 | fact=  2.5117 | GF=  1.7996 | solve=  1.6734 | scatter=  0.0547
f=     5.650 Hz | ky=  0.210474E-02 | IK=       3/      66 | t=    6.909600 s | CA=  2.5810 | fact=  2.5203 | GF=  1.8081 | solve=  1.6824 | scatter=  0.0540
f=     5.650 Hz | ky=  0.280632E-02 | IK=       4/      66 | t=    6.845800 s | CA=  2.5247 | fact=  2.5194 | GF=  1.8017 | solve=  1.6767 | scatter=  0.0528
f=     5.650 Hz | ky=  0.350790E-02 | IK=       5/      66 | t=    6.913300 s | CA=  2.5830 | fact=  2.5333 | GF=  1.7970 | solve=  1.6736 | scatter=  0.0514
f=     5.650 Hz | ky=  0.420949E-02 | IK=       6/      66 | t=    6.862700 s | CA=  2.5428 | fact=  2.5162 | GF=  1.8036 | solve=  1.6795 | scatter=  0.0523
f=     5.650 Hz | ky=  0.491107E-02 | IK=       7/      66 | t=    6.887000 s | CA=  2.5456 | fact=  2.5343 | GF=  1.8071 | solve=  1.6838 | scatter=  0.0514
f=     5.650 Hz | ky=  0.561265E-02 | IK=       8/      66 | t=    6.908800 s | CA=  2.5940 | fact=  2.5164 | GF=  1.7984 | solve=  1.6750 | scatter=  0.0513
f=     5.650 Hz | ky=  0.631423E-02 | IK=       9/      66 | t=    6.861100 s | CA=  2.5518 | fact=  2.5032 | GF=  1.8060 | solve=  1.6811 | scatter=  0.0528
f=     5.650 Hz | ky=  0.701581E-02 | IK=      10/      66 | t=    6.934200 s | CA=  2.5931 | fact=  2.5356 | GF=  1.8055 | solve=  1.6802 | scatter=  0.0533
f=     5.650 Hz | ky=  0.771739E-02 | IK=      11/      66 | t=    6.879900 s | CA=  2.5649 | fact=  2.5140 | GF=  1.8010 | solve=  1.6777 | scatter=  0.0512
PARDISO mem (f=  5.65 Hz): sym=  1.95 GB  perm=  1.42 GB  num=  3.22 GB  
peak=  4.64 GB
 WD_amp= 6.96913E+13  RESID_RMS= 3.74852E-02  FCOST_DATA= 7.02569E-04  FCOST0= 7.02569E-04
BT: alpha=  1.5965E-01  phi=  7.0257E-04  rhs=  7.0180E-04
 UPDATEPARAMETER: f-scale only
UPDATEPARAMETER PAR_STEP min/max, V_STEP min/max =  1.8490000000E+09  1.2002501020E+10
  1.8490000000E+09  1.2002501020E+10
 running run_ik_loop_pardiso
before CA | VmRSS=  19.126 GB  VmHWM=  95.029 GB
after CA | VmRSS=  20.415 GB  VmHWM=  95.029 GB
after factor | VmRSS=  24.179 GB  VmHWM=  95.029 GB
f=     5.650 Hz | ky=  0.701581E-03 | IK=       1/      66 | t=   17.200800 s | CA=  2.5062 | fact= 12.7866 | GF=  1.9078 | solve=  1.7532 | scatter=  0.0531
f=     5.650 Hz | ky=  0.140316E-02 | IK=       2/      66 | t=    6.903100 s | CA=  2.5764 | fact=  2.5264 | GF=  1.8003 | solve=  1.6763 | scatter=  0.0521
f=     5.650 Hz | ky=  0.210474E-02 | IK=       3/      66 | t=    6.834600 s | CA=  2.5550 | fact=  2.4777 | GF=  1.8019 | solve=  1.6784 | scatter=  0.0517
f=     5.650 Hz | ky=  0.280632E-02 | IK=       4/      66 | t=    6.867500 s | CA=  2.5411 | fact=  2.5251 | GF=  1.8012 | solve=  1.6777 | scatter=  0.0515
f=     5.650 Hz | ky=  0.350790E-02 | IK=       5/      66 | t=    6.889700 s | CA=  2.5655 | fact=  2.5191 | GF=  1.8051 | solve=  1.6815 | scatter=  0.0517
f=     5.650 Hz | ky=  0.420949E-02 | IK=       6/      66 | t=    6.874800 s | CA=  2.5348 | fact=  2.5335 | GF=  1.8065 | solve=  1.6821 | scatter=  0.0526
f=     5.650 Hz | ky=  0.491107E-02 | IK=       7/      66 | t=    6.880500 s | CA=  2.5605 | fact=  2.5185 | GF=  1.8014 | solve=  1.6749 | scatter=  0.0541
f=     5.650 Hz | ky=  0.561265E-02 | IK=       8/      66 | t=    6.900300 s | CA=  2.5678 | fact=  2.5279 | GF=  1.8045 | solve=  1.6788 | scatter=  0.0539
f=     5.650 Hz | ky=  0.631423E-02 | IK=       9/      66 | t=    6.870600 s | CA=  2.5333 | fact=  2.5328 | GF=  1.8045 | solve=  1.6789 | scatter=  0.0538
f=     5.650 Hz | ky=  0.701581E-02 | IK=      10/      66 | t=    6.858400 s | CA=  2.5205 | fact=  2.5267 | GF=  1.8112 | solve=  1.6857 | scatter=  0.0537
f=     5.650 Hz | ky=  0.771739E-02 | IK=      11/      66 | t=    6.882600 s | CA=  2.5446 | fact=  2.5324 | GF=  1.8055 | solve=  1.6827 | scatter=  0.0508
PARDISO mem (f=  5.65 Hz): sym=  1.95 GB  perm=  1.42 GB  num=  3.22 GB  
peak=  4.64 GB
 WD_amp= 6.96913E+13  RESID_RMS= 3.75026E-02  FCOST_DATA= 7.03222E-04  FCOST0= 7.03222E-04
BT: alpha=  7.9827E-02  phi=  7.0322E-04  rhs=  7.0180E-04
 UPDATEPARAMETER: f-scale only
UPDATEPARAMETER PAR_STEP min/max, V_STEP min/max =  1.8490000000E+09  1.1978853700E+10
  1.8490000000E+09  1.1978853700E+10
 running run_ik_loop_pardiso
before CA | VmRSS=  18.986 GB  VmHWM=  95.029 GB
after CA | VmRSS=  19.576 GB  VmHWM=  95.029 GB
after factor | VmRSS=  23.340 GB  VmHWM=  95.029 GB
f=     5.650 Hz | ky=  0.701581E-03 | IK=       1/      66 | t=   17.191000 s | CA=  2.5001 | fact= 12.7965 | GF=  1.8942 | solve=  1.7395 | scatter=  0.0534
f=     5.650 Hz | ky=  0.140316E-02 | IK=       2/      66 | t=    6.835000 s | CA=  2.5474 | fact=  2.4928 | GF=  1.7948 | solve=  1.6709 | scatter=  0.0523
f=     5.650 Hz | ky=  0.210474E-02 | IK=       3/      66 | t=    6.869800 s | CA=  2.5729 | fact=  2.4996 | GF=  1.7973 | solve=  1.6753 | scatter=  0.0504
f=     5.650 Hz | ky=  0.280632E-02 | IK=       4/      66 | t=    6.869800 s | CA=  2.5506 | fact=  2.5251 | GF=  1.7940 | solve=  1.6685 | scatter=  0.0536
f=     5.650 Hz | ky=  0.350790E-02 | IK=       5/      66 | t=    6.865800 s | CA=  2.5475 | fact=  2.5246 | GF=  1.7937 | solve=  1.6707 | scatter=  0.0509
f=     5.650 Hz | ky=  0.420949E-02 | IK=       6/      66 | t=    6.902500 s | CA=  2.5718 | fact=  2.5252 | GF=  1.8055 | solve=  1.6794 | scatter=  0.0541
f=     5.650 Hz | ky=  0.491107E-02 | IK=       7/      66 | t=    6.925000 s | CA=  2.5929 | fact=  2.5352 | GF=  1.7969 | solve=  1.6737 | scatter=  0.0513
f=     5.650 Hz | ky=  0.561265E-02 | IK=       8/      66 | t=    6.947700 s | CA=  2.6166 | fact=  2.5224 | GF=  1.8086 | solve=  1.6840 | scatter=  0.0526
f=     5.650 Hz | ky=  0.631423E-02 | IK=       9/      66 | t=    6.968800 s | CA=  2.6576 | fact=  2.5009 | GF=  1.8102 | solve=  1.6846 | scatter=  0.0536
f=     5.650 Hz | ky=  0.701581E-02 | IK=      10/      66 | t=    6.883900 s | CA=  2.5590 | fact=  2.5233 | GF=  1.8016 | solve=  1.6766 | scatter=  0.0530
f=     5.650 Hz | ky=  0.771739E-02 | IK=      11/      66 | t=    6.957800 s | CA=  2.6184 | fact=  2.5300 | GF=  1.8094 | solve=  1.6833 | scatter=  0.0538
PARDISO mem (f=  5.65 Hz): sym=  1.95 GB  perm=  1.42 GB  num=  3.22 GB  
peak=  4.64 GB
 WD_amp= 6.96913E+13  RESID_RMS= 3.74952E-02  FCOST_DATA= 7.02944E-04  FCOST0= 7.02944E-04
BT: alpha=  3.9914E-02  phi=  7.0294E-04  rhs=  7.0181E-04
 UPDATEPARAMETER: f-scale only
UPDATEPARAMETER PAR_STEP min/max, V_STEP min/max =  1.8490000000E+09  1.1971177650E+10
  1.8490000000E+09  1.1971177650E+10
 running run_ik_loop_pardiso
before CA | VmRSS=  19.016 GB  VmHWM=  95.029 GB
after CA | VmRSS=  19.872 GB  VmHWM=  95.029 GB
after factor | VmRSS=  23.665 GB  VmHWM=  95.029 GB
f=     5.650 Hz | ky=  0.701581E-03 | IK=       1/      66 | t=   17.247400 s | CA=  2.5418 | fact= 12.7994 | GF=  1.9060 | solve=  1.7527 | scatter=  0.0520
f=     5.650 Hz | ky=  0.140316E-02 | IK=       2/      66 | t=    6.837200 s | CA=  2.5413 | fact=  2.4955 | GF=  1.8003 | solve=  1.6752 | scatter=  0.0534
f=     5.650 Hz | ky=  0.210474E-02 | IK=       3/      66 | t=    6.839100 s | CA=  2.5408 | fact=  2.4969 | GF=  1.8014 | solve=  1.6791 | scatter=  0.0506
f=     5.650 Hz | ky=  0.280632E-02 | IK=       4/      66 | t=    6.858800 s | CA=  2.5480 | fact=  2.5154 | GF=  1.7953 | solve=  1.6713 | scatter=  0.0522
f=     5.650 Hz | ky=  0.350790E-02 | IK=       5/      66 | t=    6.889900 s | CA=  2.5321 | fact=  2.5489 | GF=  1.8088 | solve=  1.6828 | scatter=  0.0538
f=     5.650 Hz | ky=  0.420949E-02 | IK=       6/      66 | t=    6.875900 s | CA=  2.5503 | fact=  2.5219 | GF=  1.8037 | solve=  1.6795 | scatter=  0.0521
f=     5.650 Hz | ky=  0.491107E-02 | IK=       7/      66 | t=    6.886400 s | CA=  2.5551 | fact=  2.5280 | GF=  1.8033 | solve=  1.6781 | scatter=  0.0534
f=     5.650 Hz | ky=  0.561265E-02 | IK=       8/      66 | t=    6.921000 s | CA=  2.5905 | fact=  2.5323 | GF=  1.7980 | solve=  1.6719 | scatter=  0.0542
f=     5.650 Hz | ky=  0.631423E-02 | IK=       9/      66 | t=    6.901100 s | CA=  2.5570 | fact=  2.5364 | GF=  1.8076 | solve=  1.6814 | scatter=  0.0543
f=     5.650 Hz | ky=  0.701581E-02 | IK=      10/      66 | t=    6.888100 s | CA=  2.5540 | fact=  2.5337 | GF=  1.8004 | solve=  1.6757 | scatter=  0.0526
f=     5.650 Hz | ky=  0.771739E-02 | IK=      11/      66 | t=    6.899500 s | CA=  2.5709 | fact=  2.5274 | GF=  1.8011 | solve=  1.6761 | scatter=  0.0527
PARDISO mem (f=  5.65 Hz): sym=  1.95 GB  perm=  1.42 GB  num=  3.22 GB  
peak=  4.64 GB
 WD_amp= 6.96913E+13  RESID_RMS= 3.74822E-02  FCOST_DATA= 7.02457E-04  FCOST0= 7.02457E-04
BT: alpha=  1.9957E-02  phi=  7.0246E-04  rhs=  7.0181E-04
 UPDATEPARAMETER: f-scale only
UPDATEPARAMETER PAR_STEP min/max, V_STEP min/max =  1.8490000000E+09  1.1967975830E+10
  1.8490000000E+09  1.1967975830E+10
 running run_ik_loop_pardiso
before CA | VmRSS=  19.513 GB  VmHWM=  95.029 GB
after CA | VmRSS=  20.205 GB  VmHWM=  95.029 GB
after factor | VmRSS=  23.984 GB  VmHWM=  95.029 GB
f=     5.650 Hz | ky=  0.701581E-03 | IK=       1/      66 | t=   17.256200 s | CA=  2.5637 | fact= 12.7943 | GF=  1.8980 | solve=  1.7436 | scatter=  0.0529
f=     5.650 Hz | ky=  0.140316E-02 | IK=       2/      66 | t=    6.862000 s | CA=  2.5594 | fact=  2.5071 | GF=  1.7955 | solve=  1.6700 | scatter=  0.0539
f=     5.650 Hz | ky=  0.210474E-02 | IK=       3/      66 | t=    6.874000 s | CA=  2.5469 | fact=  2.5304 | GF=  1.7966 | solve=  1.6731 | scatter=  0.0515
f=     5.650 Hz | ky=  0.280632E-02 | IK=       4/      66 | t=    6.879300 s | CA=  2.5471 | fact=  2.5289 | GF=  1.8032 | solve=  1.6773 | scatter=  0.0538
f=     5.650 Hz | ky=  0.350790E-02 | IK=       5/      66 | t=    6.943200 s | CA=  2.6167 | fact=  2.5237 | GF=  1.8027 | solve=  1.6792 | scatter=  0.0515
f=     5.650 Hz | ky=  0.420949E-02 | IK=       6/      66 | t=    6.880700 s | CA=  2.5614 | fact=  2.5185 | GF=  1.8008 | solve=  1.6761 | scatter=  0.0526
f=     5.650 Hz | ky=  0.491107E-02 | IK=       7/      66 | t=    6.916800 s | CA=  2.5859 | fact=  2.5285 | GF=  1.8024 | solve=  1.6788 | scatter=  0.0514
f=     5.650 Hz | ky=  0.561265E-02 | IK=       8/      66 | t=    6.896800 s | CA=  2.5726 | fact=  2.5256 | GF=  1.7985 | solve=  1.6724 | scatter=  0.0542
f=     5.650 Hz | ky=  0.631423E-02 | IK=       9/      66 | t=    6.905100 s | CA=  2.5736 | fact=  2.5283 | GF=  1.8031 | solve=  1.6798 | scatter=  0.0512
f=     5.650 Hz | ky=  0.701581E-02 | IK=      10/      66 | t=    6.870900 s | CA=  2.5421 | fact=  2.5273 | GF=  1.8015 | solve=  1.6753 | scatter=  0.0543
f=     5.650 Hz | ky=  0.771739E-02 | IK=      11/      66 | t=    6.981000 s | CA=  2.6599 | fact=  2.5218 | GF=  1.7993 | solve=  1.6757 | scatter=  0.0515
PARDISO mem (f=  5.65 Hz): sym=  1.95 GB  perm=  1.42 GB  num=  3.22 GB  
peak=  4.64 GB
 WD_amp= 6.96913E+13  RESID_RMS= 3.74739E-02  FCOST_DATA= 7.02146E-04  FCOST0= 7.02146E-04
BT: alpha=  9.9784E-03  phi=  7.0215E-04  rhs=  7.0181E-04
 UPDATEPARAMETER: f-scale only
UPDATEPARAMETER PAR_STEP min/max, V_STEP min/max =  1.8490000000E+09  1.1966682639E+10
  1.8490000000E+09  1.1966682639E+10
 running run_ik_loop_pardiso
before CA | VmRSS=  18.947 GB  VmHWM=  95.029 GB
after CA | VmRSS=  20.247 GB  VmHWM=  95.029 GB
after factor | VmRSS=  24.013 GB  VmHWM=  95.029 GB
f=     5.650 Hz | ky=  0.701581E-03 | IK=       1/      66 | t=   17.180200 s | CA=  2.4972 | fact= 12.7790 | GF=  1.9037 | solve=  1.7509 | scatter=  0.0513
f=     5.650 Hz | ky=  0.140316E-02 | IK=       2/      66 | t=    6.855000 s | CA=  2.5981 | fact=  2.4600 | GF=  1.7969 | solve=  1.6744 | scatter=  0.0508
f=     5.650 Hz | ky=  0.210474E-02 | IK=       3/      66 | t=    6.867500 s | CA=  2.5519 | fact=  2.5185 | GF=  1.7970 | solve=  1.6737 | scatter=  0.0511
f=     5.650 Hz | ky=  0.280632E-02 | IK=       4/      66 | t=    6.905500 s | CA=  2.5888 | fact=  2.5165 | GF=  1.8001 | solve=  1.6742 | scatter=  0.0537
f=     5.650 Hz | ky=  0.350790E-02 | IK=       5/      66 | t=    6.876600 s | CA=  2.5436 | fact=  2.5323 | GF=  1.8006 | solve=  1.6762 | scatter=  0.0524
f=     5.650 Hz | ky=  0.420949E-02 | IK=       6/      66 | t=    6.896900 s | CA=  2.5920 | fact=  2.5020 | GF=  1.8029 | solve=  1.6769 | scatter=  0.0540
f=     5.650 Hz | ky=  0.491107E-02 | IK=       7/      66 | t=    6.867300 s | CA=  2.5378 | fact=  2.5266 | GF=  1.8029 | solve=  1.6802 | scatter=  0.0509
f=     5.650 Hz | ky=  0.561265E-02 | IK=       8/      66 | t=    6.971100 s | CA=  2.6619 | fact=  2.5209 | GF=  1.7883 | solve=  1.6632 | scatter=  0.0532
f=     5.650 Hz | ky=  0.631423E-02 | IK=       9/      66 | t=    6.918400 s | CA=  2.5933 | fact=  2.5299 | GF=  1.7952 | solve=  1.6696 | scatter=  0.0536
f=     5.650 Hz | ky=  0.701581E-02 | IK=      10/      66 | t=    6.889700 s | CA=  2.5915 | fact=  2.5058 | GF=  1.7924 | solve=  1.6676 | scatter=  0.0529
f=     5.650 Hz | ky=  0.771739E-02 | IK=      11/      66 | t=    6.909700 s | CA=  2.5989 | fact=  2.5264 | GF=  1.7844 | solve=  1.6586 | scatter=  0.0537
PARDISO mem (f=  5.65 Hz): sym=  1.95 GB  perm=  1.42 GB  num=  3.22 GB  
peak=  4.64 GB
 WD_amp= 6.96913E+13  RESID_RMS= 3.74694E-02  FCOST_DATA= 7.01979E-04  FCOST0= 7.01979E-04
BT: alpha=  4.9892E-03  phi=  7.0198E-04  rhs=  7.0181E-04
 UPDATEPARAMETER: f-scale only
UPDATEPARAMETER PAR_STEP min/max, V_STEP min/max =  1.8490000000E+09  1.1966036044E+10
  1.8490000000E+09  1.1966036044E+10
 running run_ik_loop_pardiso
before CA | VmRSS=  18.967 GB  VmHWM=  95.029 GB
after CA | VmRSS=  20.074 GB  VmHWM=  95.029 GB
after factor | VmRSS=  23.843 GB  VmHWM=  95.029 GB
f=     5.650 Hz | ky=  0.701581E-03 | IK=       1/      66 | t=   17.303300 s | CA=  2.6100 | fact= 12.7896 | GF=  1.9035 | solve=  1.7509 | scatter=  0.0509
f=     5.650 Hz | ky=  0.140316E-02 | IK=       2/      66 | t=    6.868200 s | CA=  2.5717 | fact=  2.4919 | GF=  1.8045 | solve=  1.6800 | scatter=  0.0525
f=     5.650 Hz | ky=  0.210474E-02 | IK=       3/      66 | t=    6.945300 s | CA=  2.6169 | fact=  2.5247 | GF=  1.8036 | solve=  1.6777 | scatter=  0.0540
f=     5.650 Hz | ky=  0.280632E-02 | IK=       4/      66 | t=    6.898300 s | CA=  2.5732 | fact=  2.5240 | GF=  1.8010 | solve=  1.6785 | scatter=  0.0506
f=     5.650 Hz | ky=  0.350790E-02 | IK=       5/      66 | t=    6.884400 s | CA=  2.5586 | fact=  2.5233 | GF=  1.8024 | solve=  1.6763 | scatter=  0.0538
f=     5.650 Hz | ky=  0.420949E-02 | IK=       6/      66 | t=    6.925700 s | CA=  2.5838 | fact=  2.5365 | GF=  1.8054 | solve=  1.6803 | scatter=  0.0530
f=     5.650 Hz | ky=  0.491107E-02 | IK=       7/      66 | t=    6.952700 s | CA=  2.6231 | fact=  2.5253 | GF=  1.8043 | solve=  1.6797 | scatter=  0.0525
f=     5.650 Hz | ky=  0.561265E-02 | IK=       8/      66 | t=    6.948300 s | CA=  2.5964 | fact=  2.5455 | GF=  1.8063 | solve=  1.6817 | scatter=  0.0524
f=     5.650 Hz | ky=  0.631423E-02 | IK=       9/      66 | t=    6.882800 s | CA=  2.5600 | fact=  2.5180 | GF=  1.8047 | solve=  1.6800 | scatter=  0.0528
f=     5.650 Hz | ky=  0.701581E-02 | IK=      10/      66 | t=    6.930100 s | CA=  2.5970 | fact=  2.5292 | GF=  1.8039 | solve=  1.6777 | scatter=  0.0542
f=     5.650 Hz | ky=  0.771739E-02 | IK=      11/      66 | t=    7.001200 s | CA=  2.6574 | fact=  2.5419 | GF=  1.8019 | solve=  1.6763 | scatter=  0.0537
PARDISO mem (f=  5.65 Hz): sym=  1.95 GB  perm=  1.42 GB  num=  3.22 GB  
peak=  4.64 GB
 WD_amp= 6.96913E+13  RESID_RMS= 3.74671E-02  FCOST_DATA= 7.01893E-04  FCOST0= 7.01893E-04
BT: alpha=  2.4946E-03  phi=  7.0189E-04  rhs=  7.0181E-04
 UPDATEPARAMETER: f-scale only
UPDATEPARAMETER PAR_STEP min/max, V_STEP min/max =  1.8490000000E+09  1.1965712746E+10
  1.8490000000E+09  1.1965712746E+10
 running run_ik_loop_pardiso
before CA | VmRSS=  18.960 GB  VmHWM=  95.029 GB
after CA | VmRSS=  20.223 GB  VmHWM=  95.029 GB
after factor | VmRSS=  23.993 GB  VmHWM=  95.029 GB
f=     5.650 Hz | ky=  0.701581E-03 | IK=       1/      66 | t=   17.175000 s | CA=  2.4902 | fact= 12.7766 | GF=  1.9080 | solve=  1.7519 | scatter=  0.0547
f=     5.650 Hz | ky=  0.140316E-02 | IK=       2/      66 | t=    6.909100 s | CA=  2.5920 | fact=  2.5127 | GF=  1.8044 | solve=  1.6793 | scatter=  0.0534
f=     5.650 Hz | ky=  0.210474E-02 | IK=       3/      66 | t=    6.932700 s | CA=  2.6059 | fact=  2.5250 | GF=  1.8017 | solve=  1.6782 | scatter=  0.0515
f=     5.650 Hz | ky=  0.280632E-02 | IK=       4/      66 | t=    6.969100 s | CA=  2.6422 | fact=  2.5206 | GF=  1.8063 | solve=  1.6821 | scatter=  0.0524
f=     5.650 Hz | ky=  0.350790E-02 | IK=       5/      66 | t=    6.945300 s | CA=  2.6083 | fact=  2.5298 | GF=  1.8071 | solve=  1.6802 | scatter=  0.0550
f=     5.650 Hz | ky=  0.420949E-02 | IK=       6/      66 | t=    6.926500 s | CA=  2.6204 | fact=  2.5015 | GF=  1.8045 | solve=  1.6801 | scatter=  0.0525
f=     5.650 Hz | ky=  0.491107E-02 | IK=       7/      66 | t=    6.865500 s | CA=  2.5254 | fact=  2.5299 | GF=  1.8101 | solve=  1.6838 | scatter=  0.0541
f=     5.650 Hz | ky=  0.561265E-02 | IK=       8/      66 | t=    6.931000 s | CA=  2.5821 | fact=  2.5343 | GF=  1.8145 | solve=  1.6894 | scatter=  0.0531
f=     5.650 Hz | ky=  0.631423E-02 | IK=       9/      66 | t=    6.881100 s | CA=  2.5393 | fact=  2.5332 | GF=  1.8086 | solve=  1.6820 | scatter=  0.0545
f=     5.650 Hz | ky=  0.701581E-02 | IK=      10/      66 | t=    6.902000 s | CA=  2.5670 | fact=  2.5350 | GF=  1.7999 | solve=  1.6761 | scatter=  0.0517
f=     5.650 Hz | ky=  0.771739E-02 | IK=      11/      66 | t=    6.892200 s | CA=  2.5543 | fact=  2.5292 | GF=  1.8087 | solve=  1.6842 | scatter=  0.0526
PARDISO mem (f=  5.65 Hz): sym=  1.95 GB  perm=  1.42 GB  num=  3.22 GB  
peak=  4.64 GB
 WD_amp= 6.96913E+13  RESID_RMS= 3.74660E-02  FCOST_DATA= 7.01850E-04  FCOST0= 7.01850E-04
BT: alpha=  1.2473E-03  phi=  7.0185E-04  rhs=  7.0181E-04
 UPDATEPARAMETER: f-scale only
UPDATEPARAMETER PAR_STEP min/max, V_STEP min/max =  1.8490000000E+09  1.1965551097E+10
  1.8490000000E+09  1.1965551097E+10
 running run_ik_loop_pardiso
before CA | VmRSS=  19.589 GB  VmHWM=  95.029 GB
after CA | VmRSS=  19.979 GB  VmHWM=  95.029 GB
after factor | VmRSS=  23.738 GB  VmHWM=  95.029 GB
f=     5.650 Hz | ky=  0.701581E-03 | IK=       1/      66 | t=   17.268500 s | CA=  2.5831 | fact= 12.7777 | GF=  1.9075 | solve=  1.7519 | scatter=  0.0541
f=     5.650 Hz | ky=  0.140316E-02 | IK=       2/      66 | t=    6.861500 s | CA=  2.5491 | fact=  2.5132 | GF=  1.7992 | solve=  1.6764 | scatter=  0.0511
f=     5.650 Hz | ky=  0.210474E-02 | IK=       3/      66 | t=    6.904400 s | CA=  2.5813 | fact=  2.5163 | GF=  1.8068 | solve=  1.6812 | scatter=  0.0537
f=     5.650 Hz | ky=  0.280632E-02 | IK=       4/      66 | t=    6.832900 s | CA=  2.5113 | fact=  2.5169 | GF=  1.8047 | solve=  1.6797 | scatter=  0.0532
f=     5.650 Hz | ky=  0.350790E-02 | IK=       5/      66 | t=    6.944100 s | CA=  2.6137 | fact=  2.5324 | GF=  1.7979 | solve=  1.6741 | scatter=  0.0521
f=     5.650 Hz | ky=  0.420949E-02 | IK=       6/      66 | t=    6.885300 s | CA=  2.5543 | fact=  2.5257 | GF=  1.8052 | solve=  1.6799 | scatter=  0.0533
f=     5.650 Hz | ky=  0.491107E-02 | IK=       7/      66 | t=    6.937000 s | CA=  2.5982 | fact=  2.5311 | GF=  1.8077 | solve=  1.6819 | scatter=  0.0538
f=     5.650 Hz | ky=  0.561265E-02 | IK=       8/      66 | t=    6.905900 s | CA=  2.5667 | fact=  2.5299 | GF=  1.8092 | solve=  1.6851 | scatter=  0.0519
f=     5.650 Hz | ky=  0.631423E-02 | IK=       9/      66 | t=    6.932000 s | CA=  2.5909 | fact=  2.5359 | GF=  1.8052 | solve=  1.6812 | scatter=  0.0521
f=     5.650 Hz | ky=  0.701581E-02 | IK=      10/      66 | t=    6.930900 s | CA=  2.5793 | fact=  2.5482 | GF=  1.8034 | solve=  1.6774 | scatter=  0.0538
f=     5.650 Hz | ky=  0.771739E-02 | IK=      11/      66 | t=    6.929900 s | CA=  2.5821 | fact=  2.5417 | GF=  1.8060 | solve=  1.6804 | scatter=  0.0532
PARDISO mem (f=  5.65 Hz): sym=  1.95 GB  perm=  1.42 GB  num=  3.22 GB  
peak=  4.64 GB
 WD_amp= 6.96913E+13  RESID_RMS= 3.74654E-02  FCOST_DATA= 7.01828E-04  FCOST0= 7.01828E-04
BT: alpha=  6.2365E-04  phi=  7.0183E-04  rhs=  7.0181E-04
 UPDATEPARAMETER: f-scale only
UPDATEPARAMETER PAR_STEP min/max, V_STEP min/max =  1.8490000000E+09  1.1965470273E+10
  1.8490000000E+09  1.1965470273E+10
 running run_ik_loop_pardiso
before CA | VmRSS=  18.972 GB  VmHWM=  95.029 GB
after CA | VmRSS=  20.170 GB  VmHWM=  95.029 GB
after factor | VmRSS=  23.935 GB  VmHWM=  95.029 GB
f=     5.650 Hz | ky=  0.701581E-03 | IK=       1/      66 | t=   17.189500 s | CA=  2.4798 | fact= 12.7974 | GF=  1.9120 | solve=  1.7569 | scatter=  0.0533
f=     5.650 Hz | ky=  0.140316E-02 | IK=       2/      66 | t=    6.910600 s | CA=  2.5791 | fact=  2.5352 | GF=  1.7963 | solve=  1.6719 | scatter=  0.0523
f=     5.650 Hz | ky=  0.210474E-02 | IK=       3/      66 | t=    6.870300 s | CA=  2.5370 | fact=  2.5313 | GF=  1.8019 | solve=  1.6787 | scatter=  0.0511
f=     5.650 Hz | ky=  0.280632E-02 | IK=       4/      66 | t=    6.917300 s | CA=  2.5908 | fact=  2.5195 | GF=  1.8069 | solve=  1.6825 | scatter=  0.0525
f=     5.650 Hz | ky=  0.350790E-02 | IK=       5/      66 | t=    6.888400 s | CA=  2.5545 | fact=  2.5265 | GF=  1.8074 | solve=  1.6812 | scatter=  0.0541
f=     5.650 Hz | ky=  0.420949E-02 | IK=       6/      66 | t=    6.911900 s | CA=  2.5876 | fact=  2.5211 | GF=  1.8031 | solve=  1.6784 | scatter=  0.0527
f=     5.650 Hz | ky=  0.491107E-02 | IK=       7/      66 | t=    6.934800 s | CA=  2.5892 | fact=  2.5348 | GF=  1.8108 | solve=  1.6878 | scatter=  0.0511
f=     5.650 Hz | ky=  0.561265E-02 | IK=       8/      66 | t=    6.858300 s | CA=  2.5967 | fact=  2.4587 | GF=  1.8029 | solve=  1.6777 | scatter=  0.0533
f=     5.650 Hz | ky=  0.631423E-02 | IK=       9/      66 | t=    6.886100 s | CA=  2.5540 | fact=  2.5265 | GF=  1.8056 | solve=  1.6823 | scatter=  0.0515
f=     5.650 Hz | ky=  0.701581E-02 | IK=      10/      66 | t=    6.870600 s | CA=  2.5429 | fact=  2.5274 | GF=  1.8003 | solve=  1.6762 | scatter=  0.0522
f=     5.650 Hz | ky=  0.771739E-02 | IK=      11/      66 | t=    6.860800 s | CA=  2.5640 | fact=  2.4930 | GF=  1.8038 | solve=  1.6780 | scatter=  0.0538
PARDISO mem (f=  5.65 Hz): sym=  1.95 GB  perm=  1.42 GB  num=  3.22 GB  
peak=  4.64 GB
 WD_amp= 6.96913E+13  RESID_RMS= 3.74651E-02  FCOST_DATA= 7.01818E-04  FCOST0= 7.01818E-04
BT: alpha=  3.1183E-04  phi=  7.0182E-04  rhs=  7.0181E-04
 UPDATEPARAMETER: f-scale only
UPDATEPARAMETER PAR_STEP min/max, V_STEP min/max =  1.8490000000E+09  1.1965429861E+10
  1.8490000000E+09  1.1965429861E+10
 running run_ik_loop_pardiso
before CA | VmRSS=  19.084 GB  VmHWM=  95.029 GB
after CA | VmRSS=  20.512 GB  VmHWM=  95.029 GB
after factor | VmRSS=  24.276 GB  VmHWM=  95.029 GB
f=     5.650 Hz | ky=  0.701581E-03 | IK=       1/      66 | t=   17.200600 s | CA=  2.5188 | fact= 12.7750 | GF=  1.9066 | solve=  1.7519 | scatter=  0.0525
f=     5.650 Hz | ky=  0.140316E-02 | IK=       2/      66 | t=    6.859000 s | CA=  2.5499 | fact=  2.5096 | GF=  1.7995 | solve=  1.6757 | scatter=  0.0515
f=     5.650 Hz | ky=  0.210474E-02 | IK=       3/      66 | t=    6.855200 s | CA=  2.5284 | fact=  2.5231 | GF=  1.8037 | solve=  1.6778 | scatter=  0.0540
f=     5.650 Hz | ky=  0.280632E-02 | IK=       4/      66 | t=    6.894000 s | CA=  2.5697 | fact=  2.5187 | GF=  1.8055 | solve=  1.6791 | scatter=  0.0545
f=     5.650 Hz | ky=  0.350790E-02 | IK=       5/      66 | t=    6.859200 s | CA=  2.5310 | fact=  2.5257 | GF=  1.8024 | solve=  1.6772 | scatter=  0.0531
f=     5.650 Hz | ky=  0.420949E-02 | IK=       6/      66 | t=    6.925900 s | CA=  2.5962 | fact=  2.5278 | GF=  1.8019 | solve=  1.6774 | scatter=  0.0525
f=     5.650 Hz | ky=  0.491107E-02 | IK=       7/      66 | t=    6.923900 s | CA=  2.5848 | fact=  2.5368 | GF=  1.8022 | solve=  1.6762 | scatter=  0.0540
f=     5.650 Hz | ky=  0.561265E-02 | IK=       8/      66 | t=    6.904100 s | CA=  2.5681 | fact=  2.5312 | GF=  1.8047 | solve=  1.6803 | scatter=  0.0523
f=     5.650 Hz | ky=  0.631423E-02 | IK=       9/      66 | t=    6.906500 s | CA=  2.5761 | fact=  2.5291 | GF=  1.8013 | solve=  1.6761 | scatter=  0.0533
f=     5.650 Hz | ky=  0.701581E-02 | IK=      10/      66 | t=    6.946100 s | CA=  2.6158 | fact=  2.5220 | GF=  1.8082 | solve=  1.6814 | scatter=  0.0548
f=     5.650 Hz | ky=  0.771739E-02 | IK=      11/      66 | t=    6.900000 s | CA=  2.5658 | fact=  2.5262 | GF=  1.8080 | solve=  1.6828 | scatter=  0.0528
PARDISO mem (f=  5.65 Hz): sym=  1.95 GB  perm=  1.42 GB  num=  3.22 GB  
peak=  4.64 GB
 WD_amp= 6.96913E+13  RESID_RMS= 3.74650E-02  FCOST_DATA= 7.01812E-04  FCOST0= 7.01812E-04
BT: alpha=  1.5591E-04  phi=  7.0181E-04  rhs=  7.0181E-04
BT STOP (stagnation): alpha=  1.5591E-04  FCOST1=  7.0181E-04  FCOST0=  7.0181E-04
 UPDATEPARAMETER: f-scale only
UPDATEPARAMETER PAR_STEP min/max, V_STEP min/max =  1.8490000000E+09  1.1965392040E+10
  1.8490000000E+09  1.1965392040E+10
 running run_ik_loop_pardiso
before CA | VmRSS=  19.608 GB  VmHWM=  95.029 GB
after CA | VmRSS=  19.679 GB  VmHWM=  95.029 GB
after factor | VmRSS=  23.438 GB  VmHWM=  95.029 GB
f=     5.650 Hz | ky=  0.701581E-03 | IK=       1/      66 | t=   17.191100 s | CA=  2.5061 | fact= 12.7828 | GF=  1.9020 | solve=  1.7465 | scatter=  0.0539
f=     5.650 Hz | ky=  0.140316E-02 | IK=       2/      66 | t=    6.848600 s | CA=  2.5412 | fact=  2.5114 | GF=  1.7960 | solve=  1.6709 | scatter=  0.0535
f=     5.650 Hz | ky=  0.210474E-02 | IK=       3/      66 | t=    6.879000 s | CA=  2.5612 | fact=  2.5217 | GF=  1.7961 | solve=  1.6734 | scatter=  0.0512
f=     5.650 Hz | ky=  0.280632E-02 | IK=       4/      66 | t=    6.902000 s | CA=  2.5742 | fact=  2.5251 | GF=  1.8027 | solve=  1.6790 | scatter=  0.0518
f=     5.650 Hz | ky=  0.350790E-02 | IK=       5/      66 | t=    6.894400 s | CA=  2.5682 | fact=  2.5268 | GF=  1.7993 | solve=  1.6738 | scatter=  0.0536
f=     5.650 Hz | ky=  0.420949E-02 | IK=       6/      66 | t=    6.884300 s | CA=  2.5609 | fact=  2.5190 | GF=  1.8044 | solve=  1.6782 | scatter=  0.0544
f=     5.650 Hz | ky=  0.491107E-02 | IK=       7/      66 | t=    6.882800 s | CA=  2.5529 | fact=  2.5238 | GF=  1.8061 | solve=  1.6807 | scatter=  0.0535
f=     5.650 Hz | ky=  0.561265E-02 | IK=       8/      66 | t=    6.904700 s | CA=  2.5671 | fact=  2.5285 | GF=  1.8091 | solve=  1.6836 | scatter=  0.0535
f=     5.650 Hz | ky=  0.631423E-02 | IK=       9/      66 | t=    6.911600 s | CA=  2.5787 | fact=  2.5277 | GF=  1.8051 | solve=  1.6804 | scatter=  0.0528
f=     5.650 Hz | ky=  0.701581E-02 | IK=      10/      66 | t=    6.874300 s | CA=  2.5518 | fact=  2.5195 | GF=  1.8029 | solve=  1.6785 | scatter=  0.0522
f=     5.650 Hz | ky=  0.771739E-02 | IK=      11/      66 | t=    6.967600 s | CA=  2.6189 | fact=  2.5432 | GF=  1.8054 | solve=  1.6805 | scatter=  0.0524
PARDISO mem (f=  5.65 Hz): sym=  1.95 GB  perm=  1.42 GB  num=  3.22 GB  
peak=  4.64 GB
 WD_amp= 6.96913E+13  RESID_RMS= 3.74648E-02  FCOST_DATA= 7.01807E-04  FCOST0= 7.01807E-04
 Backtrack: failed after MAX_IT
 Line search failed (IFLAG=          11 ), inversion diverged.
 --------- Frequency   6.20000000000000       (band            1 )
[ComputeAcqWeight] empty acq_weight_file, using uniform weights = 1.0
Data weighting computed for frequency 4607182418800017373
XSRmin, XSRmax, ZSRmin, ZSRMax -1960.000000000000 .000000000000000 2050.000000000000 4030.000000000000
1 FKYC
1.2 FKYC
my_rank, FKYC,WLMAX, RMAX 0 .5081184639719144E-01 826.2546443294791 2786.036611389018
1.1 NK
NK in cky2= 66

  Number of wavenumber samples (NK) for FREQ =   66
Data weighting computed for frequency 4607182418800017373
Data weighting computed for frequency 4607182418800017373
Data weighting computed for frequency 4607182418800017373
Data weighting computed for frequency 4607182418800017373
  RMAX = 2786.04
Data weighting computed for frequency 4607182418800017373
--- Pre-solver preview (memory + RHS workload) ---
   GQG dims: NNX=       585  NNZ=       317  NPT=    185445
   DOF:     N=3*NPT =    556335
   Sources: NSR=       100  NSS=        20  NK=        66
   RHS total (per IK): nrhs_tot=3*NSS =        60
   Batch:    MAX_RHS_BATCH=        32  nbatches=         2
   GFMY  (GFX+GFY+GFZ):         16.414 GB
   RHS_MY(rhs+sol buffers):      0.531 GB
 
 running run_ik_loop_pardiso
before CA | VmRSS=  18.142 GB  VmHWM=  95.029 GB
after CA | VmRSS=  18.729 GB  VmHWM=  95.029 GB
after factor | VmRSS=  22.488 GB  VmHWM=  95.029 GB
f=     6.200 Hz | ky=  0.769876E-03 | IK=       1/      66 | t=   17.213500 s | CA=  2.5433 | fact= 12.7698 | GF=  1.9002 | solve=  1.7477 | scatter=  0.0509
f=     6.200 Hz | ky=  0.153975E-02 | IK=       2/      66 | t=    6.844400 s | CA=  2.5129 | fact=  2.5333 | GF=  1.7982 | solve=  1.6731 | scatter=  0.0530
f=     6.200 Hz | ky=  0.230963E-02 | IK=       3/      66 | t=    6.892100 s | CA=  2.5574 | fact=  2.5365 | GF=  1.7982 | solve=  1.6733 | scatter=  0.0530
f=     6.200 Hz | ky=  0.307951E-02 | IK=       4/      66 | t=    6.880500 s | CA=  2.5507 | fact=  2.5261 | GF=  1.8036 | solve=  1.6796 | scatter=  0.0521
f=     6.200 Hz | ky=  0.384938E-02 | IK=       5/      66 | t=    6.946200 s | CA=  2.6139 | fact=  2.5330 | GF=  1.7993 | solve=  1.6753 | scatter=  0.0521
f=     6.200 Hz | ky=  0.461926E-02 | IK=       6/      66 | t=    6.935300 s | CA=  2.6083 | fact=  2.5223 | GF=  1.8047 | solve=  1.6804 | scatter=  0.0524
f=     6.200 Hz | ky=  0.538914E-02 | IK=       7/      66 | t=    6.883200 s | CA=  2.5490 | fact=  2.5234 | GF=  1.8107 | solve=  1.6850 | scatter=  0.0536
f=     6.200 Hz | ky=  0.615901E-02 | IK=       8/      66 | t=    6.902200 s | CA=  2.5624 | fact=  2.5282 | GF=  1.8116 | solve=  1.6856 | scatter=  0.0539
f=     6.200 Hz | ky=  0.692889E-02 | IK=       9/      66 | t=    6.989400 s | CA=  2.6324 | fact=  2.5486 | GF=  1.8084 | solve=  1.6831 | scatter=  0.0532
f=     6.200 Hz | ky=  0.769876E-02 | IK=      10/      66 | t=    6.871400 s | CA=  2.5572 | fact=  2.5148 | GF=  1.7994 | solve=  1.6745 | scatter=  0.0528
f=     6.200 Hz | ky=  0.846864E-02 | IK=      11/      66 | t=    6.939900 s | CA=  2.5996 | fact=  2.5352 | GF=  1.8051 | solve=  1.6799 | scatter=  0.0533
PARDISO mem (f=  6.20 Hz): sym=  1.95 GB  perm=  1.42 GB  num=  3.22 GB  
peak=  4.64 GB
t_global   =    130.502 s
TIME for 1st forward modeling =  2.175078328450521  min
TIME for GT0 =  .6346666812896728E-02  min
Data scaler W for L2 norm: 74609991057523.44
Data scaler W for WQS norm: .3395193265742062E-312
Total number of active inversion parameters for current sequential stage (IM):          1
Total model blocks points (NM = IM * NBLOCK):      11534 on grid (NMM = IM * NPT):    185445
 Gradient balance ():   1.00000000000000        1.00000000000000     
   1.00000000000000        1.00000000000000        1.00000000000000     
   1.00000000000000        1.00000000000000        1.00000000000000     
   1.00000000000000        1.00000000000000        1.00000000000000     
 IE0, IZ          30           0
 IE0, IZ, GZ1, GZ2 =           30           0   100.000000000000     
   300.000000000000     
  
 Frequency:           9 Iteration:           1
--- Pre-solver preview (memory + RHS workload) ---
   GQG dims: NNX=       585  NNZ=       317  NPT=    185445
   DOF:     N=3*NPT =    556335
   Sources: NSR=       100  NSS=       100  NK=        66
   RHS total (per IK): nrhs_tot=3*NSS =       300
   Batch:    MAX_RHS_BATCH=        32  nbatches=        10
   GFMY  (GFX+GFY+GFZ):         82.071 GB
   RHS_MY(rhs+sol buffers):      0.531 GB
 
 running run_ik_loop_pardiso
before CA | VmRSS=  84.610 GB  VmHWM=  95.029 GB
after CA | VmRSS=  86.066 GB  VmHWM=  95.029 GB
after factor | VmRSS=  89.831 GB  VmHWM=  95.029 GB
f=     6.200 Hz | ky=  0.769876E-03 | IK=       1/      66 | t=   24.167700 s | CA=  2.4837 | fact= 12.7809 | GF=  8.9030 | solve=  8.2464 | scatter=  0.2550
f=     6.200 Hz | ky=  0.153975E-02 | IK=       2/      66 | t=   13.879000 s | CA=  2.5729 | fact=  2.5228 | GF=  8.7832 | solve=  8.1513 | scatter=  0.2594
f=     6.200 Hz | ky=  0.230963E-02 | IK=       3/      66 | t=   13.887000 s | CA=  2.5686 | fact=  2.5227 | GF=  8.7957 | solve=  8.1665 | scatter=  0.2563
f=     6.200 Hz | ky=  0.307951E-02 | IK=       4/      66 | t=   13.955500 s | CA=  2.6378 | fact=  2.5273 | GF=  8.7904 | solve=  8.1555 | scatter=  0.2617
f=     6.200 Hz | ky=  0.384938E-02 | IK=       5/      66 | t=   13.889900 s | CA=  2.5525 | fact=  2.5349 | GF=  8.8025 | solve=  8.1709 | scatter=  0.2578
f=     6.200 Hz | ky=  0.461926E-02 | IK=       6/      66 | t=   13.947100 s | CA=  2.6199 | fact=  2.5308 | GF=  8.7964 | solve=  8.1622 | scatter=  0.2610
f=     6.200 Hz | ky=  0.538914E-02 | IK=       7/      66 | t=   13.878000 s | CA=  2.5483 | fact=  2.5328 | GF=  8.7969 | solve=  8.1655 | scatter=  0.2580
f=     6.200 Hz | ky=  0.615901E-02 | IK=       8/      66 | t=   13.953100 s | CA=  2.6303 | fact=  2.5199 | GF=  8.8028 | solve=  8.1686 | scatter=  0.2607
f=     6.200 Hz | ky=  0.692889E-02 | IK=       9/      66 | t=   13.938200 s | CA=  2.5892 | fact=  2.5374 | GF=  8.8116 | solve=  8.1803 | scatter=  0.2574
f=     6.200 Hz | ky=  0.769876E-02 | IK=      10/      66 | t=   13.961000 s | CA=  2.6338 | fact=  2.5061 | GF=  8.8211 | solve=  8.1877 | scatter=  0.2593
f=     6.200 Hz | ky=  0.846864E-02 | IK=      11/      66 | t=   13.919800 s | CA=  2.5790 | fact=  2.5370 | GF=  8.8038 | solve=  8.1721 | scatter=  0.2576
PARDISO mem (f=  6.20 Hz): sym=  1.95 GB  perm=  1.42 GB  num=  3.22 GB  
peak=  4.64 GB
t_global   =    384.139 s
TIME for 2d forward modeling_i calc =  6.399876912434896 min
Rank    4 -> ID range:   3201 to   4000 | Tasks:    800
Rank    5 -> ID range:   4001 to   4800 | Tasks:    800
Rank    3 -> ID range:   2401 to   3200 | Tasks:    800
Rank    2 -> ID range:   1601 to   2400 | Tasks:    800
Rank    1 -> ID range:    801 to   1600 | Tasks:    800
  
 -------------- calculate Frechet derivatives -----------
 IFREQ =           9    ITERATION =           1
Frechet memory size Frec_my:      0.825 (Gb)
Rank    0 -> ID range:      1 to    800 | Tasks:    800
FREQ:      6.2 Hz, ITER=       1  Frechet Derivative ID=     100/    4800 Finished   0.260000 s
FREQ:      6.2 Hz, ITER=       1  Frechet Derivative ID=     200/    4800 Finished   0.259900 s
FREQ:      6.2 Hz, ITER=       1  Frechet Derivative ID=     300/    4800 Finished   0.259200 s
FREQ:      6.2 Hz, ITER=       1  Frechet Derivative ID=     400/    4800 Finished   0.237600 s
FREQ:      6.2 Hz, ITER=       1  Frechet Derivative ID=     500/    4800 Finished   0.261700 s
FREQ:      6.2 Hz, ITER=       1  Frechet Derivative ID=     600/    4800 Finished   0.290600 s
FREQ:      6.2 Hz, ITER=       1  Frechet Derivative ID=     700/    4800 Finished   0.259700 s
FREQ:      6.2 Hz, ITER=       1  Frechet Derivative ID=     800/    4800 Finished   0.257400 s
||Frechet||_F=  1.8795E-19max|Frechet|=  2.8616E-24
||Frechet||_F=  1.8795E-19max|Frechet|=  2.8616E-24
||Frechet||_F=  1.8795E-19max|Frechet|=  2.8616E-24
 
TIME for Frechet calc =  3.571868387858073 min
 
m_fine: min=  1.8490E+09  max=  1.1965E+10  mean=  7.9479E+09  ||.||2=  3.8603E+12  size=  185445
m_coarse_prev: min=  1.8538E+09  max=  1.1926E+10  mean=  7.9513E+09  ||.||2=  9.6284E+11  size=   11534
 
  compute the residual and the cost function
 WD_amp= 7.46100E+13  RESID_RMS= 3.95008E-02  FCOST_DATA= 7.80158E-04  FCOST0= 7.80158E-04
||Frechet||_F=  1.8795E-19max|Frechet|=  2.8616E-24
||Frechet||_F=  1.8795E-19max|Frechet|=  2.8616E-24
||Frechet||_F=  1.8795E-19max|Frechet|=  2.8616E-24
IA=  6  H(single F0) min= 0.00000E+00  max= 1.23076E-03
IA=  6  H(F0^2)     min= 0.00000E+00  max= 1.23076E-03
HESSD: ia=   6  min= 0.00000E+00  max= 8.11767E+05
IA=  6  H(single F0) min= 0.00000E+00  max= 1.23076E-03
IA=  6  H(F0^2)     min= 0.00000E+00  max= 1.23076E-03
HESSD: ia=   6  min= 0.00000E+00  max= 8.11767E+05
IA=  6  H(single F0) min= 0.00000E+00  max= 1.23076E-03
IA=  6  H(F0^2)     min= 0.00000E+00  max= 1.23076E-03
HESSD: ia=   6  min= 0.00000E+00  max= 8.11767E+05
IA=  6  H(single F0) min= 0.00000E+00  max= 1.23076E-03
IA=  6  H(F0^2)     min= 0.00000E+00  max= 1.23076E-03
HESSD: ia=   6  min= 0.00000E+00  max= 8.11767E+05
IA=  6  H(single F0) min= 0.00000E+00  max= 1.23076E-03
IA=  6  H(F0^2)     min= 0.00000E+00  max= 1.23076E-03
HESSD: ia=   6  min= 0.00000E+00  max= 8.11767E+05
IA=  6  H(single F0) min= 0.00000E+00  max= 1.23076E-03
IA=  6  H(F0^2)     min= 0.00000E+00  max= 1.23076E-03
HESSD: ia=   6  min= 0.00000E+00  max= 8.11767E+05
Grad block   6 GRAD_SCALED MORM =   5.1218E-04
Raw grad block  6  PAR={C66}  min= -2.1519E-14  max=  1.8945E-14  L2=  1.4175E-13
Gradient finished
Start LBFGS 
LBFGS steepest step , iter=      1
  g·p = -7.3971E-04  ||p|| =  1.3876E+01
  min(p)= -1.4584E+00  max(p)=  1.0991E+00
LBFGS p_k (unscaled) stats per active parameter:
  IA=  6  PAR={C66}  min=-5.58553E+09  max= 4.20965E+09  L2= 5.31453E+10
min(p_k)= -1.4584E+00  max(p_k)=  1.0991E+00  ||p_k||=  1.3876E+01
min(p_kf)= -1.4584E+00  max(p_kf)=  1.0991E+00  ||p_kf||=  5.5505E+01
p_k/p_kf  =   2.5000E-01
Start linesearch
BT entry: phi(0)=  7.8016E-04  g·p(0)= -7.3971E-04
 UPDATEPARAMETER: f-scale only
UPDATEPARAMETER PAR_STEP min/max, V_STEP min/max =  1.2165353895E+09  1.3681004797E+10
  1.2165353895E+09  1.3681004797E+10
REL STEP elastic: k=  6 row=  6 rmax_k=  8.4868E-01 row_scale=  1.1965E+10
BT cap probe: rmax1=  8.4868E-01  alpha_cap=  5.8915E-01  alpha00=  1.0000E+00
 UPDATEPARAMETER: f-scale only
UPDATEPARAMETER PAR_STEP min/max, V_STEP min/max =  1.5413454279E+09  1.2442601750E+10
  1.5413454279E+09  1.2442601750E+10
 running run_ik_loop_pardiso
before CA | VmRSS=  18.970 GB  VmHWM=  95.029 GB
after CA | VmRSS=  20.380 GB  VmHWM=  95.029 GB
after factor | VmRSS=  24.140 GB  VmHWM=  95.029 GB
f=     6.200 Hz | ky=  0.769876E-03 | IK=       1/      66 | t=   17.181500 s | CA=  2.4938 | fact= 12.7814 | GF=  1.9062 | solve=  1.7509 | scatter=  0.0534
f=     6.200 Hz | ky=  0.153975E-02 | IK=       2/      66 | t=    6.883900 s | CA=  2.5500 | fact=  2.5316 | GF=  1.8023 | solve=  1.6786 | scatter=  0.0519
f=     6.200 Hz | ky=  0.230963E-02 | IK=       3/      66 | t=    6.910800 s | CA=  2.5949 | fact=  2.5136 | GF=  1.8021 | solve=  1.6778 | scatter=  0.0526
f=     6.200 Hz | ky=  0.307951E-02 | IK=       4/      66 | t=    6.879000 s | CA=  2.5408 | fact=  2.5369 | GF=  1.8013 | solve=  1.6766 | scatter=  0.0529
f=     6.200 Hz | ky=  0.384938E-02 | IK=       5/      66 | t=    6.866700 s | CA=  2.5555 | fact=  2.5135 | GF=  1.7976 | solve=  1.6737 | scatter=  0.0519
f=     6.200 Hz | ky=  0.461926E-02 | IK=       6/      66 | t=    6.868600 s | CA=  2.5399 | fact=  2.5198 | GF=  1.8088 | solve=  1.6829 | scatter=  0.0542
f=     6.200 Hz | ky=  0.538914E-02 | IK=       7/      66 | t=    6.902600 s | CA=  2.5869 | fact=  2.5148 | GF=  1.8009 | solve=  1.6777 | scatter=  0.0511
f=     6.200 Hz | ky=  0.615901E-02 | IK=       8/      66 | t=    6.921600 s | CA=  2.5883 | fact=  2.5246 | GF=  1.8087 | solve=  1.6807 | scatter=  0.0557
f=     6.200 Hz | ky=  0.692889E-02 | IK=       9/      66 | t=    6.926800 s | CA=  2.6013 | fact=  2.5228 | GF=  1.8026 | solve=  1.6775 | scatter=  0.0527
f=     6.200 Hz | ky=  0.769876E-02 | IK=      10/      66 | t=    6.872500 s | CA=  2.5554 | fact=  2.5091 | GF=  1.8080 | solve=  1.6844 | scatter=  0.0516
f=     6.200 Hz | ky=  0.846864E-02 | IK=      11/      66 | t=    6.851100 s | CA=  2.5586 | fact=  2.4922 | GF=  1.8003 | solve=  1.6768 | scatter=  0.0515
PARDISO mem (f=  6.20 Hz): sym=  1.95 GB  perm=  1.42 GB  num=  3.22 GB  
peak=  4.64 GB
 WD_amp= 7.46100E+13  RESID_RMS= 4.30922E-02  FCOST_DATA= 9.28469E-04  FCOST0= 9.28469E-04
BT: alpha=  5.8915E-01  phi=  9.2847E-04  rhs=  7.8011E-04
 UPDATEPARAMETER: f-scale only
UPDATEPARAMETER PAR_STEP min/max, V_STEP min/max =  1.7350172856E+09  1.2200659260E+10
  1.7350172856E+09  1.2200659260E+10
 running run_ik_loop_pardiso
before CA | VmRSS=  18.987 GB  VmHWM=  95.029 GB
after CA | VmRSS=  19.806 GB  VmHWM=  95.029 GB
after factor | VmRSS=  23.572 GB  VmHWM=  95.029 GB
f=     6.200 Hz | ky=  0.769876E-03 | IK=       1/      66 | t=   17.167700 s | CA=  2.4977 | fact= 12.7691 | GF=  1.9007 | solve=  1.7479 | scatter=  0.0509
f=     6.200 Hz | ky=  0.153975E-02 | IK=       2/      66 | t=    6.847200 s | CA=  2.5286 | fact=  2.5191 | GF=  1.7994 | solve=  1.6769 | scatter=  0.0507
f=     6.200 Hz | ky=  0.230963E-02 | IK=       3/      66 | t=    6.893800 s | CA=  2.5619 | fact=  2.5266 | GF=  1.8052 | solve=  1.6821 | scatter=  0.0511
f=     6.200 Hz | ky=  0.307951E-02 | IK=       4/      66 | t=    6.827800 s | CA=  2.5386 | fact=  2.4845 | GF=  1.8046 | solve=  1.6784 | scatter=  0.0544
f=     6.200 Hz | ky=  0.384938E-02 | IK=       5/      66 | t=    6.892900 s | CA=  2.5629 | fact=  2.5251 | GF=  1.8048 | solve=  1.6813 | scatter=  0.0516
f=     6.200 Hz | ky=  0.461926E-02 | IK=       6/      66 | t=    6.933700 s | CA=  2.5979 | fact=  2.5294 | GF=  1.8063 | solve=  1.6804 | scatter=  0.0539
f=     6.200 Hz | ky=  0.538914E-02 | IK=       7/      66 | t=    6.847600 s | CA=  2.5202 | fact=  2.5274 | GF=  1.8000 | solve=  1.6747 | scatter=  0.0533
f=     6.200 Hz | ky=  0.615901E-02 | IK=       8/      66 | t=    6.859100 s | CA=  2.5242 | fact=  2.5248 | GF=  1.8101 | solve=  1.6859 | scatter=  0.0521
f=     6.200 Hz | ky=  0.692889E-02 | IK=       9/      66 | t=    6.913100 s | CA=  2.5659 | fact=  2.5403 | GF=  1.8068 | solve=  1.6833 | scatter=  0.0512
f=     6.200 Hz | ky=  0.769876E-02 | IK=      10/      66 | t=    6.909400 s | CA=  2.5696 | fact=  2.5363 | GF=  1.8034 | solve=  1.6794 | scatter=  0.0520
f=     6.200 Hz | ky=  0.846864E-02 | IK=      11/      66 | t=    6.890800 s | CA=  2.5467 | fact=  2.5387 | GF=  1.8054 | solve=  1.6798 | scatter=  0.0535
PARDISO mem (f=  6.20 Hz): sym=  1.95 GB  perm=  1.42 GB  num=  3.22 GB  
peak=  4.64 GB
  
 WD_amp= 7.46100E+13  RESID_RMS= 3.89135E-02  FCOST_DATA= 7.57131E-04  FCOST0= 7.57131E-04
  
BT: alpha=  2.9458E-01  phi=  7.5713E-04  rhs=  7.8014E-04
  
  
  
Convergence reached, updating parameter grid
ALPHA from line search =  .2945763030522279
 FCOST0 after linesearch  7.571313577152353E-004
Norm of s (s_norm) =  4.087624956232767
  
Time for LBFGS =  4.338276672363281 min
  
 Frequency:           9 Iteration:           2
t_global   =    384.078 s
  
 -------------- calculate Frechet derivatives -----------
 IFREQ =           9    ITERATION =           2
||Frechet||_F=  1.8983E-19max|Frechet|=  2.7616E-24
||Frechet||_F=  1.8983E-19max|Frechet|=  2.7616E-24
||Frechet||_F=  1.8983E-19max|Frechet|=  2.7616E-24
||Frechet||_F=  1.8983E-19max|Frechet|=  2.7616E-24
 
TIME for Frechet calc =  3.565841674804688 min
 
 
  compute the residual and the cost function
 WD_amp= 7.46100E+13  RESID_RMS= 3.89135E-02  FCOST_DATA= 7.57131E-04  FCOST0= 7.57131E-04
||Frechet||_F=  1.8983E-19max|Frechet|=  2.7616E-24
||Frechet||_F=  1.8983E-19max|Frechet|=  2.7616E-24
Grad block   6 GRAD_SCALED MORM =   4.9434E-04
Raw grad block  6  PAR={C66}  min= -2.0178E-14  max=  1.9143E-14  L2=  1.3476E-13
Gradient finished
Start LBFGS 
curvature (warm): s·y=  9.6902E-05  ||s||^2=  1.6709E+01  ||y||^2=  1.1840E-08  sTy_min=  4.4478E-05
LBFGS step: g·p = -3.2154E-03  ||p||=  6.1870E+01
LBFGS step: min(p)= -6.4673E+00  max(p)=  5.0891E+00
LBFGS p_k (unscaled) stats per active parameter:
  IA=  6  PAR={C66}  min=-2.47693E+10  max= 1.94911E+10  L2= 2.36958E+11
min(p_k)= -6.4673E+00  max(p_k)=  5.0891E+00  ||p_k||=  6.1870E+01
min(p_kf)= -6.4673E+00  max(p_kf)=  5.0891E+00  ||p_kf||=  2.4748E+02
p_k/p_kf  =   2.5000E-01
Start linesearch
MT entry: phi(0)=  7.5713E-04  dg0= -3.2154E-03  alpha0=  1.0000E+00
 UPDATEPARAMETER: f-scale only
UPDATEPARAMETER PAR_STEP min/max, V_STEP min/max = -1.8073917602E+10  3.0391589336E+10
 -1.8073917602E+10  3.0391589336E+10
 WD_amp= 7.46100E+13  RESID_RMS= 9.63710E-02  FCOST_DATA= 4.64368E-03  FCOST0= 4.64368E-03
  
 -------------- calculate Frechet derivatives -----------
 IFREQ =           9    ITERATION =           2
||Frechet||_F=  8.7600E-19max|Frechet|=  1.7758E-22
||Frechet||_F=  8.7600E-19max|Frechet|=  1.7758E-22
||Frechet||_F=  8.7600E-19max|Frechet|=  1.7758E-22
||Frechet||_F=  8.7600E-19max|Frechet|=  1.7758E-22
||Frechet||_F=  8.7600E-19max|Frechet|=  1.7758E-22
||Frechet||_F=  8.7600E-19max|Frechet|=  1.7758E-22
Grad block   6 GRAD_SCALED MORM =   4.0921E-02
MT try: alpha=  1.0000E+00  phi=  4.6437E-03  dg=  9.6472E-02  dg0= -3.2154E-03
MT try: armijo_rhs=  7.5681E-04  armijo=F  curvature=F  task=FG
 UPDATEPARAMETER: f-scale only
UPDATEPARAMETER PAR_STEP min/max, V_STEP min/max = -3.9247420553E+09  1.9424425916E+10
 -3.9247420553E+09  1.9424425916E+10
 WD_amp= 7.46100E+13  RESID_RMS= 6.81357E-02  FCOST_DATA= 2.32124E-03  FCOST0= 2.32124E-03
  
 -------------- calculate Frechet derivatives -----------
 IFREQ =           9    ITERATION =           2
||Frechet||_F=  3.9034E-19max|Frechet|=  4.2915E-23
||Frechet||_F=  3.9034E-19max|Frechet|=  4.2915E-23
||Frechet||_F=  3.9034E-19max|Frechet|=  4.2915E-23
||Frechet||_F=  3.9034E-19max|Frechet|=  4.2915E-23
||Frechet||_F=  3.9034E-19max|Frechet|=  4.2915E-23
||Frechet||_F=  3.9034E-19max|Frechet|=  4.2915E-23
Grad block   6 GRAD_SCALED MORM =   9.4586E-03
MT try: alpha=  4.2876E-01  phi=  2.3212E-03  dg=  1.0425E-02  dg0= -3.2154E-03
MT try: armijo_rhs=  7.5699E-04  armijo=F  curvature=F  task=FG
 UPDATEPARAMETER: f-scale only
UPDATEPARAMETER PAR_STEP min/max, V_STEP min/max =  1.5185452367E+09  1.3159964385E+10
  1.5185452367E+09  1.3159964385E+10
 WD_amp= 7.46100E+13  RESID_RMS= 4.63993E-02  FCOST_DATA= 1.07645E-03  FCOST0= 1.07645E-03
  
 -------------- calculate Frechet derivatives -----------
 IFREQ =           9    ITERATION =           2
||Frechet||_F=  2.0302E-19max|Frechet|=  2.7702E-24
||Frechet||_F=  2.0302E-19max|Frechet|=  2.7702E-24
||Frechet||_F=  2.0302E-19max|Frechet|=  2.7702E-24
||Frechet||_F=  2.0302E-19max|Frechet|=  2.7702E-24
||Frechet||_F=  2.0302E-19max|Frechet|=  2.7702E-24
||Frechet||_F=  2.0302E-19max|Frechet|=  2.7702E-24
Grad block   6 GRAD_SCALED MORM =   5.8894E-04
MT try: alpha=  9.9620E-02  phi=  1.0764E-03  dg= -9.7783E-04  dg0= -3.2154E-03
MT try: armijo_rhs=  7.5710E-04  armijo=F  curvature=T  task=FG
 UPDATEPARAMETER: f-scale only
UPDATEPARAMETER PAR_STEP min/max, V_STEP min/max =  1.7126604933E+09  1.2223207650E+10
  1.7126604933E+09  1.2223207650E+10
 WD_amp= 7.46100E+13  RESID_RMS= 3.92663E-02  FCOST_DATA= 7.70921E-04  FCOST0= 7.70921E-04
  
 -------------- calculate Frechet derivatives -----------
 IFREQ =           9    ITERATION =           2
||Frechet||_F=  1.9072E-19max|Frechet|=  2.7721E-24
||Frechet||_F=  1.9072E-19max|Frechet|=  2.7721E-24
||Frechet||_F=  1.9072E-19max|Frechet|=  2.7721E-24
||Frechet||_F=  1.9072E-19max|Frechet|=  2.7721E-24
||Frechet||_F=  1.9072E-19max|Frechet|=  2.7721E-24
||Frechet||_F=  1.9072E-19max|Frechet|=  2.7721E-24
Grad block   6 GRAD_SCALED MORM =   5.0470E-04
MT try: alpha=  1.0427E-02  phi=  7.7092E-04  dg= -3.3211E-03  dg0= -3.2154E-03
MT try: armijo_rhs=  7.5713E-04  armijo=F  curvature=F  task=FG
 UPDATEPARAMETER: f-scale only
UPDATEPARAMETER PAR_STEP min/max, V_STEP min/max =  1.7319843373E+09  1.2203718200E+10
  1.7319843373E+09  1.2203718200E+10
 WD_amp= 7.46100E+13  RESID_RMS= 3.89574E-02  FCOST_DATA= 7.58840E-04  FCOST0= 7.58840E-04
  
 -------------- calculate Frechet derivatives -----------
 IFREQ =           9    ITERATION =           2
||Frechet||_F=  1.8995E-19max|Frechet|=  2.7625E-24
||Frechet||_F=  1.8995E-19max|Frechet|=  2.7625E-24
||Frechet||_F=  1.8995E-19max|Frechet|=  2.7625E-24
||Frechet||_F=  1.8995E-19max|Frechet|=  2.7625E-24
||Frechet||_F=  1.8995E-19max|Frechet|=  2.7625E-24
||Frechet||_F=  1.8995E-19max|Frechet|=  2.7625E-24
Grad block   6 GRAD_SCALED MORM =   4.9557E-04
MT try: alpha=  1.4146E-03  phi=  7.5884E-04  dg= -3.2534E-03  dg0= -3.2154E-03
MT try: armijo_rhs=  7.5713E-04  armijo=F  curvature=F  task=FG
 UPDATEPARAMETER: f-scale only
UPDATEPARAMETER PAR_STEP min/max, V_STEP min/max =  1.7345908118E+09  1.2201089388E+10
  1.7345908118E+09  1.2201089388E+10
 WD_amp= 7.46100E+13  RESID_RMS= 3.89196E-02  FCOST_DATA= 7.57368E-04  FCOST0= 7.57368E-04
  
 -------------- calculate Frechet derivatives -----------
 IFREQ =           9    ITERATION =           2
||Frechet||_F=  1.8985E-19max|Frechet|=  2.7617E-24
||Frechet||_F=  1.8985E-19max|Frechet|=  2.7617E-24
||Frechet||_F=  1.8985E-19max|Frechet|=  2.7617E-24
||Frechet||_F=  1.8985E-19max|Frechet|=  2.7617E-24
||Frechet||_F=  1.8985E-19max|Frechet|=  2.7617E-24
||Frechet||_F=  1.8985E-19max|Frechet|=  2.7617E-24
Grad block   6 GRAD_SCALED MORM =   4.9451E-04
MT try: alpha=  1.9891E-04  phi=  7.5737E-04  dg= -3.2211E-03  dg0= -3.2154E-03
MT try: armijo_rhs=  7.5713E-04  armijo=F  curvature=F  task=FG
 UPDATEPARAMETER: f-scale only
UPDATEPARAMETER PAR_STEP min/max, V_STEP min/max =  1.7349568922E+09  1.2200720171E+10
  1.7349568922E+09  1.2200720171E+10
 WD_amp= 7.46100E+13  RESID_RMS= 3.89144E-02  FCOST_DATA= 7.57165E-04  FCOST0= 7.57165E-04
LS STOP (stagnation): alpha=  2.8168E-05  FCOST1=  7.5716E-04  FCOST0=  7.5713E-04
 LINESEARCH_MT(dcsrch): fallback to backtrack, task=FG stp=
  2.816772932265004E-005  hit_minstep= F
BT entry: phi(0)=  7.5713E-04  g·p(0)= -3.2154E-03
 UPDATEPARAMETER: f-scale only
UPDATEPARAMETER PAR_STEP min/max, V_STEP min/max = -1.8073917602E+10  3.0391589336E+10
 -1.8073917602E+10  3.0391589336E+10
REL STEP elastic: k=  6 row=  6 rmax_k=  3.6995E+00 row_scale=  1.2201E+10
BT cap probe: rmax1=  3.6995E+00  alpha_cap=  1.3515E-01  alpha00=  1.0000E+00
 UPDATEPARAMETER: f-scale only
UPDATEPARAMETER PAR_STEP min/max, V_STEP min/max =  1.2933195534E+09  1.3836275025E+10
  1.2933195534E+09  1.3836275025E+10
 WD_amp= 7.46100E+13  RESID_RMS= 4.83962E-02  FCOST_DATA= 1.17109E-03  FCOST0= 1.17109E-03
BT: alpha=  1.3515E-01  phi=  1.1711E-03  rhs=  7.5709E-04
 UPDATEPARAMETER: f-scale only
UPDATEPARAMETER PAR_STEP min/max, V_STEP min/max =  1.5901277071E+09  1.2550093524E+10
  1.5901277071E+09  1.2550093524E+10
 WD_amp= 7.46100E+13  RESID_RMS= 4.36261E-02  FCOST_DATA= 9.51620E-04  FCOST0= 9.51620E-04
BT: alpha=  6.7577E-02  phi=  9.5162E-04  rhs=  7.5711E-04
 UPDATEPARAMETER: f-scale only
UPDATEPARAMETER PAR_STEP min/max, V_STEP min/max =  1.6625724963E+09  1.2273724901E+10
  1.6625724963E+09  1.2273724901E+10
 WD_amp= 7.46100E+13  RESID_RMS= 4.05557E-02  FCOST_DATA= 8.22382E-04  FCOST0= 8.22382E-04
BT: alpha=  3.3789E-02  phi=  8.2238E-04  rhs=  7.5712E-04
 UPDATEPARAMETER: f-scale only
UPDATEPARAMETER PAR_STEP min/max, V_STEP min/max =  1.6987948910E+09  1.2237192080E+10
  1.6987948910E+09  1.2237192080E+10
 WD_amp= 7.46100E+13  RESID_RMS= 3.95297E-02  FCOST_DATA= 7.81300E-04  FCOST0= 7.81300E-04
BT: alpha=  1.6894E-02  phi=  7.8130E-04  rhs=  7.5713E-04
 UPDATEPARAMETER: f-scale only
UPDATEPARAMETER PAR_STEP min/max, V_STEP min/max =  1.7169060883E+09  1.2218925670E+10
  1.7169060883E+09  1.2218925670E+10
 WD_amp= 7.46100E+13  RESID_RMS= 3.91938E-02  FCOST_DATA= 7.68078E-04  FCOST0= 7.68078E-04
BT: alpha=  8.4471E-03  phi=  7.6808E-04  rhs=  7.5713E-04
 UPDATEPARAMETER: f-scale only
UPDATEPARAMETER PAR_STEP min/max, V_STEP min/max =  1.7259616869E+09  1.2209792465E+10
  1.7259616869E+09  1.2209792465E+10
 WD_amp= 7.46100E+13  RESID_RMS= 3.90482E-02  FCOST_DATA= 7.62382E-04  FCOST0= 7.62382E-04
BT: alpha=  4.2236E-03  phi=  7.6238E-04  rhs=  7.5713E-04
 UPDATEPARAMETER: f-scale only
UPDATEPARAMETER PAR_STEP min/max, V_STEP min/max =  1.7304894863E+09  1.2205225862E+10
  1.7304894863E+09  1.2205225862E+10
 WD_amp= 7.46100E+13  RESID_RMS= 3.89795E-02  FCOST_DATA= 7.59701E-04  FCOST0= 7.59701E-04
BT: alpha=  2.1118E-03  phi=  7.5970E-04  rhs=  7.5713E-04
 UPDATEPARAMETER: f-scale only
UPDATEPARAMETER PAR_STEP min/max, V_STEP min/max =  1.7327533859E+09  1.2202942561E+10
  1.7327533859E+09  1.2202942561E+10
 WD_amp= 7.46100E+13  RESID_RMS= 3.89462E-02  FCOST_DATA= 7.58402E-04  FCOST0= 7.58402E-04
BT: alpha=  1.0559E-03  phi=  7.5840E-04  rhs=  7.5713E-04
 UPDATEPARAMETER: f-scale only
UPDATEPARAMETER PAR_STEP min/max, V_STEP min/max =  1.7338853357E+09  1.2201800910E+10
  1.7338853357E+09  1.2201800910E+10
 WD_amp= 7.46100E+13  RESID_RMS= 3.89298E-02  FCOST_DATA= 7.57763E-04  FCOST0= 7.57763E-04
BT: alpha=  5.2795E-04  phi=  7.5776E-04  rhs=  7.5713E-04
 UPDATEPARAMETER: f-scale only
UPDATEPARAMETER PAR_STEP min/max, V_STEP min/max =  1.7344513107E+09  1.2201230085E+10
  1.7344513107E+09  1.2201230085E+10
 WD_amp= 7.46100E+13  RESID_RMS= 3.89216E-02  FCOST_DATA= 7.57446E-04  FCOST0= 7.57446E-04
BT: alpha=  2.6397E-04  phi=  7.5745E-04  rhs=  7.5713E-04
 UPDATEPARAMETER: f-scale only
UPDATEPARAMETER PAR_STEP min/max, V_STEP min/max =  1.7347342981E+09  1.2200944672E+10
  1.7347342981E+09  1.2200944672E+10
 WD_amp= 7.46100E+13  RESID_RMS= 3.89176E-02  FCOST_DATA= 7.57288E-04  FCOST0= 7.57288E-04
BT: alpha=  1.3199E-04  phi=  7.5729E-04  rhs=  7.5713E-04
 UPDATEPARAMETER: f-scale only
UPDATEPARAMETER PAR_STEP min/max, V_STEP min/max =  1.7348757919E+09  1.2200801966E+10
  1.7348757919E+09  1.2200801966E+10
 WD_amp= 7.46100E+13  RESID_RMS= 3.89155E-02  FCOST_DATA= 7.57210E-04  FCOST0= 7.57210E-04
BT: alpha=  6.5993E-05  phi=  7.5721E-04  rhs=  7.5713E-04
 UPDATEPARAMETER: f-scale only
UPDATEPARAMETER PAR_STEP min/max, V_STEP min/max =  1.7349465387E+09  1.2200730613E+10
  1.7349465387E+09  1.2200730613E+10
 WD_amp= 7.46100E+13  RESID_RMS= 3.89145E-02  FCOST_DATA= 7.57171E-04  FCOST0= 7.57171E-04
BT: alpha=  3.2997E-05  phi=  7.5717E-04  rhs=  7.5713E-04
 UPDATEPARAMETER: f-scale only
UPDATEPARAMETER PAR_STEP min/max, V_STEP min/max =  1.7349819121E+09  1.2200694936E+10
  1.7349819121E+09  1.2200694936E+10
 WD_amp= 7.46100E+13  RESID_RMS= 3.89140E-02  FCOST_DATA= 7.57151E-04  FCOST0= 7.57151E-04
BT: alpha=  1.6498E-05  phi=  7.5715E-04  rhs=  7.5713E-04
 UPDATEPARAMETER: f-scale only
UPDATEPARAMETER PAR_STEP min/max, V_STEP min/max =  1.7349958450E+09  1.2200680884E+10
  1.7349958450E+09  1.2200680884E+10
 WD_amp= 7.46100E+13  RESID_RMS= 3.89138E-02  FCOST_DATA= 7.57143E-04  FCOST0= 7.57143E-04
 Backtrack: failed after MAX_IT
 Line search failed (IFLAG=          11 ), inversion diverged.
 --------- Frequency   6.80000000000000       (band            1 )
[ComputeAcqWeight] empty acq_weight_file, using uniform weights = 1.0
Data weighting computed for frequency 4607182418800017373
XSRmin, XSRmax, ZSRmin, ZSRMax -1960.000000000000 .000000000000000 2050.000000000000 4030.000000000000
1 FKYC
1.2 FKYC
my_rank, FKYC,WLMAX, RMAX 0 .5572912185498415E-01 753.3498227709956 2786.036611389018
1.1 NK
NK in cky2= 77

  Number of wavenumber samples (NK) for FREQ =   77
Data weighting computed for frequency 4607182418800017373
Data weighting computed for frequency 4607182418800017373
Data weighting computed for frequency 4607182418800017373
Data weighting computed for frequency 4607182418800017373
  RMAX = 2786.04
Data weighting computed for frequency 4607182418800017373
--- Pre-solver preview (memory + RHS workload) ---
   GQG dims: NNX=       585  NNZ=       317  NPT=    185445
   DOF:     N=3*NPT =    556335
   Sources: NSR=       100  NSS=        20  NK=        77
   RHS total (per IK): nrhs_tot=3*NSS =        60
   Batch:    MAX_RHS_BATCH=        32  nbatches=         2
   GFMY  (GFX+GFY+GFZ):         19.150 GB
   RHS_MY(rhs+sol buffers):      0.531 GB
 
 running run_ik_loop_pardiso
before CA | VmRSS=  20.840 GB  VmHWM= 111.517 GB
after CA | VmRSS=  21.501 GB  VmHWM= 111.517 GB
after factor | VmRSS=  25.286 GB  VmHWM= 111.517 GB
f=     6.800 Hz | ky=  0.723755E-03 | IK=       1/      77 | t=   17.173800 s | CA=  2.4799 | fact= 12.7928 | GF=  1.9009 | solve=  1.7485 | scatter=  0.0504
f=     6.800 Hz | ky=  0.144751E-02 | IK=       2/      77 | t=    6.811400 s | CA=  2.5058 | fact=  2.5052 | GF=  1.8003 | solve=  1.6772 | scatter=  0.0514
f=     6.800 Hz | ky=  0.217126E-02 | IK=       3/      77 | t=    6.875600 s | CA=  2.5652 | fact=  2.5101 | GF=  1.8003 | solve=  1.6778 | scatter=  0.0506
f=     6.800 Hz | ky=  0.289502E-02 | IK=       4/      77 | t=    6.896900 s | CA=  2.5639 | fact=  2.5317 | GF=  1.8012 | solve=  1.6800 | scatter=  0.0494
f=     6.800 Hz | ky=  0.361877E-02 | IK=       5/      77 | t=    6.885300 s | CA=  2.5602 | fact=  2.5223 | GF=  1.8028 | solve=  1.6799 | scatter=  0.0510
f=     6.800 Hz | ky=  0.434253E-02 | IK=       6/      77 | t=    6.849300 s | CA=  2.5482 | fact=  2.4989 | GF=  1.8021 | solve=  1.6790 | scatter=  0.0512
f=     6.800 Hz | ky=  0.506628E-02 | IK=       7/      77 | t=    6.893800 s | CA=  2.5765 | fact=  2.5186 | GF=  1.7987 | solve=  1.6752 | scatter=  0.0515
f=     6.800 Hz | ky=  0.579004E-02 | IK=       8/      77 | t=    6.935300 s | CA=  2.5899 | fact=  2.5404 | GF=  1.8050 | solve=  1.6827 | scatter=  0.0504
f=     6.800 Hz | ky=  0.651379E-02 | IK=       9/      77 | t=    6.903600 s | CA=  2.5783 | fact=  2.5213 | GF=  1.8039 | solve=  1.6806 | scatter=  0.0510
f=     6.800 Hz | ky=  0.723755E-02 | IK=      10/      77 | t=    6.865800 s | CA=  2.5661 | fact=  2.5006 | GF=  1.7990 | solve=  1.6767 | scatter=  0.0502
f=     6.800 Hz | ky=  0.796130E-02 | IK=      11/      77 | t=    6.909300 s | CA=  2.5771 | fact=  2.5240 | GF=  1.8082 | solve=  1.6835 | scatter=  0.0527
f=     6.800 Hz | ky=  0.868506E-02 | IK=      12/      77 | t=    6.900300 s | CA=  2.5689 | fact=  2.5338 | GF=  1.7976 | solve=  1.6754 | scatter=  0.0503
f=     6.800 Hz | ky=  0.940881E-02 | IK=      13/      77 | t=    6.921900 s | CA=  2.5811 | fact=  2.5370 | GF=  1.8038 | solve=  1.6826 | scatter=  0.0492
PARDISO mem (f=  6.80 Hz): sym=  1.95 GB  perm=  1.42 GB  num=  3.22 GB  
peak=  4.64 GB
t_global   =    151.898 s
TIME for 1st forward modeling =  2.531524912516276  min
TIME for GT0 =  .9066667159398396E-02  min
Data scaler W for L2 norm: 77474851783048.27
Data scaler W for WQS norm: .3395193265742062E-312
Total number of active inversion parameters for current sequential stage (IM):          1
Total model blocks points (NM = IM * NBLOCK):      11534 on grid (NMM = IM * NPT):    185445
 Gradient balance ():   1.00000000000000        1.00000000000000     
   1.00000000000000        1.00000000000000        1.00000000000000     
   1.00000000000000        1.00000000000000        1.00000000000000     
   1.00000000000000        1.00000000000000        1.00000000000000     
 IE0, IZ          30           0
 IE0, IZ, GZ1, GZ2 =           30           0   100.000000000000     
   300.000000000000     
  
 Frequency:          10 Iteration:           1
--- Pre-solver preview (memory + RHS workload) ---
   GQG dims: NNX=       585  NNZ=       317  NPT=    185445
   DOF:     N=3*NPT =    556335
   Sources: NSR=       100  NSS=       100  NK=        77
   RHS total (per IK): nrhs_tot=3*NSS =       300
   Batch:    MAX_RHS_BATCH=        32  nbatches=        10
   GFMY  (GFX+GFY+GFZ):         95.750 GB
   RHS_MY(rhs+sol buffers):      0.531 GB
 
 running run_ik_loop_pardiso
before CA | VmRSS=  98.305 GB  VmHWM= 111.517 GB
after CA | VmRSS=  99.915 GB  VmHWM= 111.517 GB
after factor | VmRSS= 103.687 GB  VmHWM= 111.517 GB
f=     6.800 Hz | ky=  0.723755E-03 | IK=       1/      77 | t=   24.224600 s | CA=  2.5405 | fact= 12.8056 | GF=  8.8783 | solve=  8.2265 | scatter=  0.2508
f=     6.800 Hz | ky=  0.144751E-02 | IK=       2/      77 | t=   13.915800 s | CA=  2.5946 | fact=  2.5260 | GF=  8.7952 | solve=  8.1710 | scatter=  0.2510
f=     6.800 Hz | ky=  0.217126E-02 | IK=       3/      77 | t=   13.849600 s | CA=  2.5425 | fact=  2.5256 | GF=  8.7815 | solve=  8.1576 | scatter=  0.2511
f=     6.800 Hz | ky=  0.289502E-02 | IK=       4/      77 | t=   13.869700 s | CA=  2.5583 | fact=  2.5321 | GF=  8.7793 | solve=  8.1560 | scatter=  0.2500
f=     6.800 Hz | ky=  0.361877E-02 | IK=       5/      77 | t=   13.884400 s | CA=  2.5522 | fact=  2.5212 | GF=  8.8110 | solve=  8.1865 | scatter=  0.2514
f=     6.800 Hz | ky=  0.434253E-02 | IK=       6/      77 | t=   13.876200 s | CA=  2.5643 | fact=  2.5322 | GF=  8.7797 | solve=  8.1544 | scatter=  0.2517
f=     6.800 Hz | ky=  0.506628E-02 | IK=       7/      77 | t=   13.869500 s | CA=  2.5603 | fact=  2.5226 | GF=  8.7866 | solve=  8.1633 | scatter=  0.2491
f=     6.800 Hz | ky=  0.579004E-02 | IK=       8/      77 | t=   13.891900 s | CA=  2.5690 | fact=  2.5369 | GF=  8.7860 | solve=  8.1599 | scatter=  0.2528
f=     6.800 Hz | ky=  0.651379E-02 | IK=       9/      77 | t=   13.924900 s | CA=  2.5783 | fact=  2.5455 | GF=  8.8011 | solve=  8.1744 | scatter=  0.2525
f=     6.800 Hz | ky=  0.723755E-02 | IK=      10/      77 | t=   13.919000 s | CA=  2.5712 | fact=  2.5411 | GF=  8.8067 | solve=  8.1814 | scatter=  0.2510
f=     6.800 Hz | ky=  0.796130E-02 | IK=      11/      77 | t=   13.865900 s | CA=  2.5327 | fact=  2.5254 | GF=  8.8077 | solve=  8.1816 | scatter=  0.2525
f=     6.800 Hz | ky=  0.868506E-02 | IK=      12/      77 | t=   13.893500 s | CA=  2.5679 | fact=  2.5313 | GF=  8.7943 | solve=  8.1672 | scatter=  0.2531
f=     6.800 Hz | ky=  0.940881E-02 | IK=      13/      77 | t=   13.897700 s | CA=  2.5510 | fact=  2.5280 | GF=  8.8187 | solve=  8.1938 | scatter=  0.2510
PARDISO mem (f=  6.80 Hz): sym=  1.95 GB  perm=  1.42 GB  num=  3.22 GB  
peak=  4.64 GB
t_global   =    448.202 s
TIME for 2d forward modeling_i calc =  7.468866475423177 min
Rank    5 -> ID range:   4001 to   4800 | Tasks:    800
Rank    4 -> ID range:   3201 to   4000 | Tasks:    800
Rank    2 -> ID range:   1601 to   2400 | Tasks:    800
Rank    3 -> ID range:   2401 to   3200 | Tasks:    800
Rank    1 -> ID range:    801 to   1600 | Tasks:    800
  
 -------------- calculate Frechet derivatives -----------
 IFREQ =          10    ITERATION =           1
Frechet memory size Frec_my:      0.825 (Gb)
Rank    0 -> ID range:      1 to    800 | Tasks:    800
FREQ:      6.8 Hz, ITER=       1  Frechet Derivative ID=     100/    4800 Finished   0.297600 s
FREQ:      6.8 Hz, ITER=       1  Frechet Derivative ID=     200/    4800 Finished   0.298800 s
FREQ:      6.8 Hz, ITER=       1  Frechet Derivative ID=     300/    4800 Finished   0.298600 s
FREQ:      6.8 Hz, ITER=       1  Frechet Derivative ID=     400/    4800 Finished   0.281600 s
FREQ:      6.8 Hz, ITER=       1  Frechet Derivative ID=     500/    4800 Finished   0.302900 s
FREQ:      6.8 Hz, ITER=       1  Frechet Derivative ID=     600/    4800 Finished   0.300800 s
FREQ:      6.8 Hz, ITER=       1  Frechet Derivative ID=     700/    4800 Finished   0.297900 s
FREQ:      6.8 Hz, ITER=       1  Frechet Derivative ID=     800/    4800 Finished   0.287200 s
||Frechet||_F=  1.4624E-19max|Frechet|=  3.4482E-24
||Frechet||_F=  1.4624E-19max|Frechet|=  3.4482E-24
||Frechet||_F=  1.4624E-19max|Frechet|=  3.4482E-24
||Frechet||_F=  1.4624E-19max|Frechet|=  3.4482E-24
||Frechet||_F=  1.4624E-19max|Frechet|=  3.4482E-24
 
TIME for Frechet calc =  4.185708363850911 min
 
m_fine: min=  1.7350E+09  max=  1.2201E+10  mean=  7.9662E+09  ||.||2=  3.8679E+12  size=  185445
m_coarse_prev: min=  1.7579E+09  max=  1.2128E+10  mean=  7.9697E+09  ||.||2=  9.6473E+11  size=   11534
 
  compute the residual and the cost function
 WD_amp= 7.74749E+13  RESID_RMS= 2.87132E-02  FCOST_DATA= 4.12223E-04  FCOST0= 4.12223E-04
||Frechet||_F=  1.4624E-19max|Frechet|=  3.4482E-24
IA=  6  H(single F0) min= 0.00000E+00  max= 1.50902E-03
IA=  6  H(F0^2)     min= 0.00000E+00  max= 1.50902E-03
HESSD: ia=   6  min= 0.00000E+00  max= 6.62228E+05
IA=  6  H(single F0) min= 0.00000E+00  max= 1.50902E-03
IA=  6  H(F0^2)     min= 0.00000E+00  max= 1.50902E-03
HESSD: ia=   6  min= 0.00000E+00  max= 6.62228E+05
IA=  6  H(single F0) min= 0.00000E+00  max= 1.50902E-03
IA=  6  H(F0^2)     min= 0.00000E+00  max= 1.50902E-03
HESSD: ia=   6  min= 0.00000E+00  max= 6.62228E+05
IA=  6  H(single F0) min= 0.00000E+00  max= 1.50902E-03
IA=  6  H(F0^2)     min= 0.00000E+00  max= 1.50902E-03
HESSD: ia=   6  min= 0.00000E+00  max= 6.62228E+05
IA=  6  H(single F0) min= 0.00000E+00  max= 1.50902E-03
IA=  6  H(F0^2)     min= 0.00000E+00  max= 1.50902E-03
HESSD: ia=   6  min= 0.00000E+00  max= 6.62228E+05
IA=  6  H(single F0) min= 0.00000E+00  max= 1.50902E-03
IA=  6  H(F0^2)     min= 0.00000E+00  max= 1.50902E-03
HESSD: ia=   6  min= 0.00000E+00  max= 6.62228E+05
Grad block   6 GRAD_SCALED MORM =   2.9976E-04
Raw grad block  6  PAR={C66}  min= -1.3205E-14  max=  1.0341E-14  L2=  8.2158E-14
Gradient finished
Start LBFGS 
LBFGS steepest step , iter=      1
  g·p = -1.8296E-04  ||p|| =  6.1238E+00
  min(p)= -4.1796E-01  max(p)=  4.6572E-01
LBFGS p_k (unscaled) stats per active parameter:
  IA=  6  PAR={C66}  min=-1.60075E+09  max= 1.78368E+09  L2= 2.34539E+10
min(p_k)= -4.1796E-01  max(p_k)=  4.6572E-01  ||p_k||=  6.1238E+00
min(p_kf)= -4.1796E-01  max(p_kf)=  4.6572E-01  ||p_kf||=  2.4495E+01
p_k/p_kf  =   2.5000E-01
Start linesearch
BT entry: phi(0)=  4.1222E-04  g·p(0)= -1.8296E-04
 UPDATEPARAMETER: f-scale only
UPDATEPARAMETER PAR_STEP min/max, V_STEP min/max =  1.2070047030E+09  1.3309895029E+10
  1.2070047030E+09  1.3309895029E+10
REL STEP elastic: k=  6 row=  6 rmax_k=  8.4676E-01 row_scale=  1.2201E+10
BT cap probe: rmax1=  8.4676E-01  alpha_cap=  5.9048E-01  alpha00=  1.0000E+00
 UPDATEPARAMETER: f-scale only
UPDATEPARAMETER PAR_STEP min/max, V_STEP min/max =  1.5737913076E+09  1.2799866035E+10
  1.5737913076E+09  1.2799866035E+10
 running run_ik_loop_pardiso
before CA | VmRSS=  21.662 GB  VmHWM= 111.517 GB
after CA | VmRSS=  22.667 GB  VmHWM= 111.517 GB
after factor | VmRSS=  26.465 GB  VmHWM= 111.517 GB
f=     6.800 Hz | ky=  0.723755E-03 | IK=       1/      77 | t=   17.252600 s | CA=  2.5461 | fact= 12.8012 | GF=  1.9051 | solve=  1.7504 | scatter=  0.0530
f=     6.800 Hz | ky=  0.144751E-02 | IK=       2/      77 | t=    6.931700 s | CA=  2.6036 | fact=  2.5293 | GF=  1.7988 | solve=  1.6766 | scatter=  0.0503
f=     6.800 Hz | ky=  0.217126E-02 | IK=       3/      77 | t=    6.917300 s | CA=  2.5966 | fact=  2.5249 | GF=  1.7957 | solve=  1.6722 | scatter=  0.0515
f=     6.800 Hz | ky=  0.289502E-02 | IK=       4/      77 | t=    6.887000 s | CA=  2.5706 | fact=  2.5220 | GF=  1.7944 | solve=  1.6729 | scatter=  0.0497
f=     6.800 Hz | ky=  0.361877E-02 | IK=       5/      77 | t=    6.844100 s | CA=  2.5151 | fact=  2.5278 | GF=  1.8012 | solve=  1.6766 | scatter=  0.0527
f=     6.800 Hz | ky=  0.434253E-02 | IK=       6/      77 | t=    6.934300 s | CA=  2.6008 | fact=  2.5339 | GF=  1.7996 | solve=  1.6762 | scatter=  0.0510
f=     6.800 Hz | ky=  0.506628E-02 | IK=       7/      77 | t=    6.904800 s | CA=  2.5554 | fact=  2.5411 | GF=  1.8082 | solve=  1.6833 | scatter=  0.0530
f=     6.800 Hz | ky=  0.579004E-02 | IK=       8/      77 | t=    6.873400 s | CA=  2.5552 | fact=  2.5179 | GF=  1.8003 | solve=  1.6773 | scatter=  0.0512
f=     6.800 Hz | ky=  0.651379E-02 | IK=       9/      77 | t=    6.880700 s | CA=  2.5487 | fact=  2.5275 | GF=  1.8045 | solve=  1.6816 | scatter=  0.0511
f=     6.800 Hz | ky=  0.723755E-02 | IK=      10/      77 | t=    6.887400 s | CA=  2.5634 | fact=  2.5183 | GF=  1.8056 | solve=  1.6811 | scatter=  0.0521
f=     6.800 Hz | ky=  0.796130E-02 | IK=      11/      77 | t=    6.872400 s | CA=  2.5506 | fact=  2.5184 | GF=  1.8033 | solve=  1.6796 | scatter=  0.0517
f=     6.800 Hz | ky=  0.868506E-02 | IK=      12/      77 | t=    6.882400 s | CA=  2.5593 | fact=  2.5201 | GF=  1.8029 | solve=  1.6775 | scatter=  0.0533
f=     6.800 Hz | ky=  0.940881E-02 | IK=      13/      77 | t=    6.892100 s | CA=  2.5629 | fact=  2.5241 | GF=  1.8050 | solve=  1.6806 | scatter=  0.0522
PARDISO mem (f=  6.80 Hz): sym=  1.95 GB  perm=  1.42 GB  num=  3.22 GB  
peak=  4.64 GB
 WD_amp= 7.74749E+13  RESID_RMS= 3.08595E-02  FCOST_DATA= 4.76154E-04  FCOST0= 4.76154E-04
BT: alpha=  5.9048E-01  phi=  4.7615E-04  rhs=  4.1221E-04
 UPDATEPARAMETER: f-scale only
UPDATEPARAMETER PAR_STEP min/max, V_STEP min/max =  1.6905077715E+09  1.2459897355E+10
  1.6905077715E+09  1.2459897355E+10
 running run_ik_loop_pardiso
before CA | VmRSS=  21.690 GB  VmHWM= 111.517 GB
after CA | VmRSS=  23.042 GB  VmHWM= 111.517 GB
after factor | VmRSS=  26.832 GB  VmHWM= 111.517 GB
f=     6.800 Hz | ky=  0.723755E-03 | IK=       1/      77 | t=   17.202400 s | CA=  2.5151 | fact= 12.7894 | GF=  1.8977 | solve=  1.7434 | scatter=  0.0527
f=     6.800 Hz | ky=  0.144751E-02 | IK=       2/      77 | t=    6.857800 s | CA=  2.5624 | fact=  2.4992 | GF=  1.7961 | solve=  1.6746 | scatter=  0.0499
f=     6.800 Hz | ky=  0.217126E-02 | IK=       3/      77 | t=    6.897200 s | CA=  2.5735 | fact=  2.5249 | GF=  1.7988 | solve=  1.6744 | scatter=  0.0523
f=     6.800 Hz | ky=  0.289502E-02 | IK=       4/      77 | t=    6.868200 s | CA=  2.5492 | fact=  2.5173 | GF=  1.8017 | solve=  1.6797 | scatter=  0.0502
f=     6.800 Hz | ky=  0.361877E-02 | IK=       5/      77 | t=    6.893400 s | CA=  2.5561 | fact=  2.5364 | GF=  1.8009 | solve=  1.6785 | scatter=  0.0506
f=     6.800 Hz | ky=  0.434253E-02 | IK=       6/      77 | t=    6.878000 s | CA=  2.5307 | fact=  2.5404 | GF=  1.8068 | solve=  1.6831 | scatter=  0.0518
f=     6.800 Hz | ky=  0.506628E-02 | IK=       7/      77 | t=    6.857300 s | CA=  2.5694 | fact=  2.4820 | GF=  1.8058 | solve=  1.6814 | scatter=  0.0523
f=     6.800 Hz | ky=  0.579004E-02 | IK=       8/      77 | t=    6.898900 s | CA=  2.5634 | fact=  2.5328 | GF=  1.8027 | solve=  1.6798 | scatter=  0.0510
f=     6.800 Hz | ky=  0.651379E-02 | IK=       9/      77 | t=    6.918300 s | CA=  2.5910 | fact=  2.5276 | GF=  1.7997 | solve=  1.6755 | scatter=  0.0522
f=     6.800 Hz | ky=  0.723755E-02 | IK=      10/      77 | t=    6.910000 s | CA=  2.5809 | fact=  2.5279 | GF=  1.8012 | solve=  1.6788 | scatter=  0.0505
f=     6.800 Hz | ky=  0.796130E-02 | IK=      11/      77 | t=    6.899600 s | CA=  2.5696 | fact=  2.5284 | GF=  1.8016 | solve=  1.6753 | scatter=  0.0544
f=     6.800 Hz | ky=  0.868506E-02 | IK=      12/      77 | t=    6.871200 s | CA=  2.5598 | fact=  2.5117 | GF=  1.7997 | solve=  1.6752 | scatter=  0.0525
f=     6.800 Hz | ky=  0.940881E-02 | IK=      13/      77 | t=    6.858900 s | CA=  2.5401 | fact=  2.5162 | GF=  1.8026 | solve=  1.6789 | scatter=  0.0519
PARDISO mem (f=  6.80 Hz): sym=  1.95 GB  perm=  1.42 GB  num=  3.22 GB  
peak=  4.64 GB
 WD_amp= 7.74749E+13  RESID_RMS= 2.91517E-02  FCOST_DATA= 4.24910E-04  FCOST0= 4.24910E-04
BT: alpha=  2.9524E-01  phi=  4.2491E-04  rhs=  4.1222E-04
 UPDATEPARAMETER: f-scale only
UPDATEPARAMETER PAR_STEP min/max, V_STEP min/max =  1.7127625285E+09  1.2291569447E+10
  1.7127625285E+09  1.2291569447E+10
 running run_ik_loop_pardiso
before CA | VmRSS=  21.705 GB  VmHWM= 111.517 GB
after CA | VmRSS=  22.326 GB  VmHWM= 111.517 GB
after factor | VmRSS=  26.090 GB  VmHWM= 111.517 GB
f=     6.800 Hz | ky=  0.723755E-03 | IK=       1/      77 | t=   17.142900 s | CA=  2.4644 | fact= 12.7779 | GF=  1.9004 | solve=  1.7472 | scatter=  0.0519
f=     6.800 Hz | ky=  0.144751E-02 | IK=       2/      77 | t=    6.858300 s | CA=  2.5666 | fact=  2.4961 | GF=  1.7955 | solve=  1.6729 | scatter=  0.0510
f=     6.800 Hz | ky=  0.217126E-02 | IK=       3/      77 | t=    6.854800 s | CA=  2.5482 | fact=  2.5064 | GF=  1.8002 | solve=  1.6759 | scatter=  0.0524
f=     6.800 Hz | ky=  0.289502E-02 | IK=       4/      77 | t=    6.828300 s | CA=  2.5196 | fact=  2.5087 | GF=  1.8000 | solve=  1.6764 | scatter=  0.0516
f=     6.800 Hz | ky=  0.361877E-02 | IK=       5/      77 | t=    6.891600 s | CA=  2.5625 | fact=  2.5309 | GF=  1.7982 | solve=  1.6751 | scatter=  0.0514
f=     6.800 Hz | ky=  0.434253E-02 | IK=       6/      77 | t=    6.881800 s | CA=  2.5473 | fact=  2.5294 | GF=  1.8050 | solve=  1.6826 | scatter=  0.0505
f=     6.800 Hz | ky=  0.506628E-02 | IK=       7/      77 | t=    6.863700 s | CA=  2.5606 | fact=  2.4964 | GF=  1.8067 | solve=  1.6841 | scatter=  0.0508
f=     6.800 Hz | ky=  0.579004E-02 | IK=       8/      77 | t=    6.872000 s | CA=  2.5616 | fact=  2.5063 | GF=  1.8040 | solve=  1.6816 | scatter=  0.0502
f=     6.800 Hz | ky=  0.651379E-02 | IK=       9/      77 | t=    6.873100 s | CA=  2.5517 | fact=  2.5212 | GF=  1.8001 | solve=  1.6776 | scatter=  0.0506
f=     6.800 Hz | ky=  0.723755E-02 | IK=      10/      77 | t=    6.938200 s | CA=  2.6093 | fact=  2.5258 | GF=  1.8031 | solve=  1.6799 | scatter=  0.0512
f=     6.800 Hz | ky=  0.796130E-02 | IK=      11/      77 | t=    6.893000 s | CA=  2.5573 | fact=  2.5371 | GF=  1.7986 | solve=  1.6737 | scatter=  0.0529
f=     6.800 Hz | ky=  0.868506E-02 | IK=      12/      77 | t=    6.874500 s | CA=  2.5696 | fact=  2.5048 | GF=  1.8001 | solve=  1.6777 | scatter=  0.0505
f=     6.800 Hz | ky=  0.940881E-02 | IK=      13/      77 | t=    6.892700 s | CA=  2.5541 | fact=  2.5345 | GF=  1.8040 | solve=  1.6812 | scatter=  0.0509
PARDISO mem (f=  6.80 Hz): sym=  1.95 GB  perm=  1.42 GB  num=  3.22 GB  
peak=  4.64 GB
 WD_amp= 7.74749E+13  RESID_RMS= 2.87239E-02  FCOST_DATA= 4.12532E-04  FCOST0= 4.12532E-04
BT: alpha=  1.4762E-01  phi=  4.1253E-04  rhs=  4.1222E-04
 UPDATEPARAMETER: f-scale only
UPDATEPARAMETER PAR_STEP min/max, V_STEP min/max =  1.7238899071E+09  1.2216988264E+10
  1.7238899071E+09  1.2216988264E+10
 running run_ik_loop_pardiso
before CA | VmRSS=  21.724 GB  VmHWM= 111.517 GB
after CA | VmRSS=  22.817 GB  VmHWM= 111.517 GB
after factor | VmRSS=  26.582 GB  VmHWM= 111.517 GB
f=     6.800 Hz | ky=  0.723755E-03 | IK=       1/      77 | t=   17.163700 s | CA=  2.5223 | fact= 12.7444 | GF=  1.8968 | solve=  1.7433 | scatter=  0.0521
f=     6.800 Hz | ky=  0.144751E-02 | IK=       2/      77 | t=    6.903700 s | CA=  2.5960 | fact=  2.5134 | GF=  1.7943 | solve=  1.6730 | scatter=  0.0497
f=     6.800 Hz | ky=  0.217126E-02 | IK=       3/      77 | t=    6.855000 s | CA=  2.5375 | fact=  2.5129 | GF=  1.8045 | solve=  1.6800 | scatter=  0.0527
f=     6.800 Hz | ky=  0.289502E-02 | IK=       4/      77 | t=    6.867400 s | CA=  2.5752 | fact=  2.4939 | GF=  1.7983 | solve=  1.6744 | scatter=  0.0520
f=     6.800 Hz | ky=  0.361877E-02 | IK=       5/      77 | t=    6.877400 s | CA=  2.5456 | fact=  2.5301 | GF=  1.8017 | solve=  1.6773 | scatter=  0.0524
f=     6.800 Hz | ky=  0.434253E-02 | IK=       6/      77 | t=    6.887800 s | CA=  2.5902 | fact=  2.4976 | GF=  1.7999 | solve=  1.6774 | scatter=  0.0503
f=     6.800 Hz | ky=  0.506628E-02 | IK=       7/      77 | t=    6.919500 s | CA=  2.5916 | fact=  2.5247 | GF=  1.8031 | solve=  1.6784 | scatter=  0.0527
f=     6.800 Hz | ky=  0.579004E-02 | IK=       8/      77 | t=    6.883200 s | CA=  2.5729 | fact=  2.5061 | GF=  1.8042 | solve=  1.6799 | scatter=  0.0525
f=     6.800 Hz | ky=  0.651379E-02 | IK=       9/      77 | t=    6.868500 s | CA=  2.5378 | fact=  2.5191 | GF=  1.8115 | solve=  1.6882 | scatter=  0.0514
f=     6.800 Hz | ky=  0.723755E-02 | IK=      10/      77 | t=    6.909200 s | CA=  2.5682 | fact=  2.5363 | GF=  1.8046 | solve=  1.6808 | scatter=  0.0516
f=     6.800 Hz | ky=  0.796130E-02 | IK=      11/      77 | t=    6.882800 s | CA=  2.5421 | fact=  2.5434 | GF=  1.7973 | solve=  1.6744 | scatter=  0.0510
f=     6.800 Hz | ky=  0.868506E-02 | IK=      12/      77 | t=    6.950400 s | CA=  2.6164 | fact=  2.5308 | GF=  1.8032 | solve=  1.6789 | scatter=  0.0524
f=     6.800 Hz | ky=  0.940881E-02 | IK=      13/      77 | t=    6.901400 s | CA=  2.5621 | fact=  2.5375 | GF=  1.8018 | solve=  1.6788 | scatter=  0.0508
PARDISO mem (f=  6.80 Hz): sym=  1.95 GB  perm=  1.42 GB  num=  3.22 GB  
peak=  4.64 GB
 WD_amp= 7.74749E+13  RESID_RMS= 2.86759E-02  FCOST_DATA= 4.11154E-04  FCOST0= 4.11154E-04
BT: alpha=  7.3810E-02  phi=  4.1115E-04  rhs=  4.1222E-04
  
  
  
  
  
Convergence reached, updating parameter grid
ALPHA from line search =  .7381034640640162E-01
 FCOST0 after linesearch  4.111537144810073E-004
Norm of s (s_norm) =  .4520032975012747
  
Time for LBFGS =  10.05464680989583 min
  
 Frequency:          10 Iteration:           2
t_global   =    448.429 s
  
 -------------- calculate Frechet derivatives -----------
 IFREQ =          10    ITERATION =           2
||Frechet||_F=  1.4660E-19max|Frechet|=  3.4442E-24
||Frechet||_F=  1.4660E-19max|Frechet|=  3.4442E-24
||Frechet||_F=  1.4660E-19max|Frechet|=  3.4442E-24
||Frechet||_F=  1.4660E-19max|Frechet|=  3.4442E-24
||Frechet||_F=  1.4660E-19max|Frechet|=  3.4442E-24
 
TIME for Frechet calc =  4.190996551513672 min
 
 
  compute the residual and the cost function
 WD_amp= 7.74749E+13  RESID_RMS= 2.86759E-02  FCOST_DATA= 4.11154E-04  FCOST0= 4.11154E-04
||Frechet||_F=  1.4660E-19max|Frechet|=  3.4442E-24
Grad block   6 GRAD_SCALED MORM =   3.0061E-04
Raw grad block  6  PAR={C66}  min= -1.2938E-14  max=  1.0824E-14  L2=  8.2348E-14
Gradient finished
Start LBFGS 
curvature (warm): s·y= -2.6600E-07  ||s||^2=  2.0431E-01  ||y||^2=  1.9359E-10  sTy_min=  6.2891E-07
   -> restart: insufficient/invalid curvature
LBFGS steepest step , iter=      2
  g·p = -1.9797E-04  ||p|| =  6.4580E+00
  min(p)= -4.8107E-01  max(p)=  4.3988E-01
LBFGS restart: g·p= -1.9797E-04  ||p||=  6.4580E+00
LBFGS p_k (unscaled) stats per active parameter:
  IA=  6  PAR={C66}  min=-1.84247E+09  max= 1.68470E+09  L2= 2.47337E+10
min(p_k)= -4.8107E-01  max(p_k)=  4.3988E-01  ||p_k||=  6.4580E+00
min(p_kf)= -4.8107E-01  max(p_kf)=  4.3988E-01  ||p_kf||=  2.5832E+01
p_k/p_kf  =   2.5000E-01
Start linesearch
MT entry: phi(0)=  4.1115E-04  dg0= -1.9797E-04  alpha0=  1.0000E+00
 UPDATEPARAMETER: f-scale only
UPDATEPARAMETER PAR_STEP min/max, V_STEP min/max =  1.1501202209E+09  1.3258277116E+10
  1.1501202209E+09  1.3258277116E+10
 WD_amp= 7.74749E+13  RESID_RMS= 3.75225E-02  FCOST_DATA= 7.03970E-04  FCOST0= 7.03970E-04
  
 -------------- calculate Frechet derivatives -----------
 IFREQ =          10    ITERATION =           2
||Frechet||_F=  1.6324E-19max|Frechet|=  3.4092E-24
||Frechet||_F=  1.6324E-19max|Frechet|=  3.4092E-24
||Frechet||_F=  1.6324E-19max|Frechet|=  3.4092E-24
||Frechet||_F=  1.6324E-19max|Frechet|=  3.4092E-24
||Frechet||_F=  1.6324E-19max|Frechet|=  3.4092E-24
||Frechet||_F=  1.6324E-19max|Frechet|=  3.4092E-24
Grad block   6 GRAD_SCALED MORM =   4.2006E-04
MT try: alpha=  1.0000E+00  phi=  7.0397E-04  dg=  4.2547E-05  dg0= -1.9797E-04
MT try: armijo_rhs=  4.1113E-04  armijo=F  curvature=T  task=FG
 UPDATEPARAMETER: f-scale only
UPDATEPARAMETER PAR_STEP min/max, V_STEP min/max =  1.7027913631E+09  1.2296795869E+10
  1.7027913631E+09  1.2296795869E+10
 WD_amp= 7.74749E+13  RESID_RMS= 2.87452E-02  FCOST_DATA= 4.13143E-04  FCOST0= 4.13143E-04
  
 -------------- calculate Frechet derivatives -----------
 IFREQ =          10    ITERATION =           2
||Frechet||_F=  1.4740E-19max|Frechet|=  3.4391E-24
||Frechet||_F=  1.4740E-19max|Frechet|=  3.4391E-24
||Frechet||_F=  1.4740E-19max|Frechet|=  3.4391E-24
||Frechet||_F=  1.4740E-19max|Frechet|=  3.4391E-24
||Frechet||_F=  1.4740E-19max|Frechet|=  3.4391E-24
||Frechet||_F=  1.4740E-19max|Frechet|=  3.4391E-24
Grad block   6 GRAD_SCALED MORM =   3.0394E-04
MT try: alpha=  8.7218E-02  phi=  4.1314E-04  dg= -1.9931E-04  dg0= -1.9797E-04
MT try: armijo_rhs=  4.1115E-04  armijo=F  curvature=F  task=FG
 UPDATEPARAMETER: f-scale only
UPDATEPARAMETER PAR_STEP min/max, V_STEP min/max =  1.7200400175E+09  1.2223716718E+10
  1.7200400175E+09  1.2223716718E+10
 WD_amp= 7.74749E+13  RESID_RMS= 2.86795E-02  FCOST_DATA= 4.11258E-04  FCOST0= 4.11258E-04
  
 -------------- calculate Frechet derivatives -----------
 IFREQ =          10    ITERATION =           2
||Frechet||_F=  1.4672E-19max|Frechet|=  3.4436E-24
||Frechet||_F=  1.4672E-19max|Frechet|=  3.4436E-24
||Frechet||_F=  1.4672E-19max|Frechet|=  3.4436E-24
||Frechet||_F=  1.4672E-19max|Frechet|=  3.4436E-24
||Frechet||_F=  1.4672E-19max|Frechet|=  3.4436E-24
||Frechet||_F=  1.4672E-19max|Frechet|=  3.4436E-24
Grad block   6 GRAD_SCALED MORM =   3.0114E-04
MT try: alpha=  1.5915E-02  phi=  4.1126E-04  dg= -1.9965E-04  dg0= -1.9797E-04
MT try: armijo_rhs=  4.1115E-04  armijo=F  curvature=F  task=FG
 UPDATEPARAMETER: f-scale only
UPDATEPARAMETER PAR_STEP min/max, V_STEP min/max =  1.7231139322E+09  1.2217799290E+10
  1.7231139322E+09  1.2217799290E+10
 WD_amp= 7.74749E+13  RESID_RMS= 2.86764E-02  FCOST_DATA= 4.11167E-04  FCOST0= 4.11167E-04
LS STOP (stagnation): alpha=  3.2078E-03  FCOST1=  4.1117E-04  FCOST0=  4.1115E-04
 LINESEARCH_MT(dcsrch): fallback to backtrack, task=FG stp=
  3.207773957799540E-003  hit_minstep= F
BT entry: phi(0)=  4.1115E-04  g·p(0)= -1.9797E-04
 UPDATEPARAMETER: f-scale only
UPDATEPARAMETER PAR_STEP min/max, V_STEP min/max =  1.1501202209E+09  1.3258277116E+10
  1.1501202209E+09  1.3258277116E+10
REL STEP elastic: k=  6 row=  6 rmax_k=  7.5273E-01 row_scale=  1.2217E+10
BT cap probe: rmax1=  7.5273E-01  alpha_cap=  6.6425E-01  alpha00=  1.0000E+00
 UPDATEPARAMETER: f-scale only
UPDATEPARAMETER PAR_STEP min/max, V_STEP min/max =  1.4477381032E+09  1.2888317756E+10
  1.4477381032E+09  1.2888317756E+10
 WD_amp= 7.74749E+13  RESID_RMS= 3.27268E-02  FCOST_DATA= 5.35522E-04  FCOST0= 5.35522E-04
BT: alpha=  6.6425E-01  phi=  5.3552E-04  rhs=  4.1114E-04
 UPDATEPARAMETER: f-scale only
UPDATEPARAMETER PAR_STEP min/max, V_STEP min/max =  1.6435471655E+09  1.2547801867E+10
  1.6435471655E+09  1.2547801867E+10
 WD_amp= 7.74749E+13  RESID_RMS= 2.97024E-02  FCOST_DATA= 4.41118E-04  FCOST0= 4.41118E-04
BT: alpha=  3.3213E-01  phi=  4.4112E-04  rhs=  4.1115E-04
 UPDATEPARAMETER: f-scale only
UPDATEPARAMETER PAR_STEP min/max, V_STEP min/max =  1.6837185363E+09  1.2377603680E+10
  1.6837185363E+09  1.2377603680E+10
 WD_amp= 7.74749E+13  RESID_RMS= 2.89271E-02  FCOST_DATA= 4.18389E-04  FCOST0= 4.18389E-04
BT: alpha=  1.6606E-01  phi=  4.1839E-04  rhs=  4.1115E-04
 UPDATEPARAMETER: f-scale only
UPDATEPARAMETER PAR_STEP min/max, V_STEP min/max =  1.7038042217E+09  1.2292504587E+10
  1.7038042217E+09  1.2292504587E+10
 WD_amp= 7.74749E+13  RESID_RMS= 2.87388E-02  FCOST_DATA= 4.12961E-04  FCOST0= 4.12961E-04
BT: alpha=  8.3031E-02  phi=  4.1296E-04  rhs=  4.1115E-04
 UPDATEPARAMETER: f-scale only
UPDATEPARAMETER PAR_STEP min/max, V_STEP min/max =  1.7138470644E+09  1.2249955040E+10
  1.7138470644E+09  1.2249955040E+10
 WD_amp= 7.74749E+13  RESID_RMS= 2.86932E-02  FCOST_DATA= 4.11649E-04  FCOST0= 4.11649E-04
BT: alpha=  4.1516E-02  phi=  4.1165E-04  rhs=  4.1115E-04
 UPDATEPARAMETER: f-scale only
UPDATEPARAMETER PAR_STEP min/max, V_STEP min/max =  1.7188684857E+09  1.2228680267E+10
  1.7188684857E+09  1.2228680267E+10
 WD_amp= 7.74749E+13  RESID_RMS= 2.86814E-02  FCOST_DATA= 4.11310E-04  FCOST0= 4.11310E-04
BT: alpha=  2.0758E-02  phi=  4.1131E-04  rhs=  4.1115E-04
 UPDATEPARAMETER: f-scale only
UPDATEPARAMETER PAR_STEP min/max, V_STEP min/max =  1.7213791964E+09  1.2219612385E+10
  1.7213791964E+09  1.2219612385E+10
 WD_amp= 7.74749E+13  RESID_RMS= 2.86779E-02  FCOST_DATA= 4.11211E-04  FCOST0= 4.11211E-04
BT: alpha=  1.0379E-02  phi=  4.1121E-04  rhs=  4.1115E-04
 UPDATEPARAMETER: f-scale only
UPDATEPARAMETER PAR_STEP min/max, V_STEP min/max =  1.7226345517E+09  1.2218300324E+10
  1.7226345517E+09  1.2218300324E+10
 WD_amp= 7.74749E+13  RESID_RMS= 2.86767E-02  FCOST_DATA= 4.11177E-04  FCOST0= 4.11177E-04
BT: alpha=  5.1895E-03  phi=  4.1118E-04  rhs=  4.1115E-04
 UPDATEPARAMETER: f-scale only
UPDATEPARAMETER PAR_STEP min/max, V_STEP min/max =  1.7232622294E+09  1.2217644294E+10
  1.7232622294E+09  1.2217644294E+10
 WD_amp= 7.74749E+13  RESID_RMS= 2.86763E-02  FCOST_DATA= 4.11164E-04  FCOST0= 4.11164E-04
BT: alpha=  2.5947E-03  phi=  4.1116E-04  rhs=  4.1115E-04
 UPDATEPARAMETER: f-scale only
UPDATEPARAMETER PAR_STEP min/max, V_STEP min/max =  1.7235760682E+09  1.2217316279E+10
  1.7235760682E+09  1.2217316279E+10
 WD_amp= 7.74749E+13  RESID_RMS= 2.86761E-02  FCOST_DATA= 4.11159E-04  FCOST0= 4.11159E-04
BT: alpha=  1.2974E-03  phi=  4.1116E-04  rhs=  4.1115E-04
 UPDATEPARAMETER: f-scale only
UPDATEPARAMETER PAR_STEP min/max, V_STEP min/max =  1.7237329876E+09  1.2217152272E+10
  1.7237329876E+09  1.2217152272E+10
 WD_amp= 7.74749E+13  RESID_RMS= 2.86760E-02  FCOST_DATA= 4.11156E-04  FCOST0= 4.11156E-04
BT: alpha=  6.4868E-04  phi=  4.1116E-04  rhs=  4.1115E-04
BT STOP (stagnation): alpha=  6.4868E-04  FCOST1=  4.1116E-04  FCOST0=  4.1115E-04
 UPDATEPARAMETER: f-scale only
UPDATEPARAMETER PAR_STEP min/max, V_STEP min/max =  1.7238874880E+09  1.2216990792E+10
  1.7238874880E+09  1.2216990792E+10
 WD_amp= 7.74749E+13  RESID_RMS= 2.86759E-02  FCOST_DATA= 4.11154E-04  FCOST0= 4.11154E-04
 Backtrack: failed after MAX_IT
 Line search failed (IFLAG=          11 ), inversion diverged.
 --------- Frequency   7.40000000000000       (band            1 )
[ComputeAcqWeight] empty acq_weight_file, using uniform weights = 1.0
Data weighting computed for frequency 4607182418800017373
XSRmin, XSRmax, ZSRmin, ZSRMax -1960.000000000000 .000000000000000 2050.000000000000 4030.000000000000
1 FKYC
1.2 FKYC
my_rank, FKYC,WLMAX, RMAX 0 .6064639731277687E-01 692.2674047084824 2786.036611389018
1.1 NK
NK in cky2= 88

  Number of wavenumber samples (NK) for FREQ =   88
Data weighting computed for frequency 4607182418800017373
Data weighting computed for frequency 4607182418800017373
Data weighting computed for frequency 4607182418800017373
Data weighting computed for frequency 4607182418800017373
  RMAX = 2786.04
Data weighting computed for frequency 4607182418800017373
--- Pre-solver preview (memory + RHS workload) ---
   GQG dims: NNX=       585  NNZ=       317  NPT=    185445
   DOF:     N=3*NPT =    556335
   Sources: NSR=       100  NSS=        20  NK=        88
   RHS total (per IK): nrhs_tot=3*NSS =        60
   Batch:    MAX_RHS_BATCH=        32  nbatches=         2
   GFMY  (GFX+GFY+GFZ):         21.886 GB
   RHS_MY(rhs+sol buffers):      0.531 GB
 
 running run_ik_loop_pardiso
before CA | VmRSS=  23.601 GB  VmHWM= 127.969 GB
after CA | VmRSS=  24.617 GB  VmHWM= 127.969 GB
after factor | VmRSS=  28.406 GB  VmHWM= 127.969 GB
f=     7.400 Hz | ky=  0.689164E-03 | IK=       1/      88 | t=   17.190100 s | CA=  2.4823 | fact= 12.8013 | GF=  1.9063 | solve=  1.7529 | scatter=  0.0516
f=     7.400 Hz | ky=  0.137833E-02 | IK=       2/      88 | t=    6.866800 s | CA=  2.5547 | fact=  2.5151 | GF=  1.7969 | solve=  1.6738 | scatter=  0.0515
f=     7.400 Hz | ky=  0.206749E-02 | IK=       3/      88 | t=    6.830600 s | CA=  2.5214 | fact=  2.5153 | GF=  1.7939 | solve=  1.6720 | scatter=  0.0503
f=     7.400 Hz | ky=  0.275665E-02 | IK=       4/      88 | t=    6.905000 s | CA=  2.5802 | fact=  2.5228 | GF=  1.8020 | solve=  1.6768 | scatter=  0.0531
f=     7.400 Hz | ky=  0.344582E-02 | IK=       5/      88 | t=    6.856800 s | CA=  2.5487 | fact=  2.5050 | GF=  1.8031 | solve=  1.6798 | scatter=  0.0514
f=     7.400 Hz | ky=  0.413498E-02 | IK=       6/      88 | t=    6.902800 s | CA=  2.5736 | fact=  2.5340 | GF=  1.7952 | solve=  1.6706 | scatter=  0.0528
f=     7.400 Hz | ky=  0.482415E-02 | IK=       7/      88 | t=    6.907100 s | CA=  2.5662 | fact=  2.5389 | GF=  1.8020 | solve=  1.6772 | scatter=  0.0529
f=     7.400 Hz | ky=  0.551331E-02 | IK=       8/      88 | t=    6.870300 s | CA=  2.5381 | fact=  2.5318 | GF=  1.8004 | solve=  1.6761 | scatter=  0.0523
f=     7.400 Hz | ky=  0.620247E-02 | IK=       9/      88 | t=    6.918200 s | CA=  2.6048 | fact=  2.5196 | GF=  1.7937 | solve=  1.6699 | scatter=  0.0518
f=     7.400 Hz | ky=  0.689164E-02 | IK=      10/      88 | t=    6.907200 s | CA=  2.5729 | fact=  2.5367 | GF=  1.7975 | solve=  1.6740 | scatter=  0.0516
f=     7.400 Hz | ky=  0.758080E-02 | IK=      11/      88 | t=    6.881800 s | CA=  2.5643 | fact=  2.5197 | GF=  1.7978 | solve=  1.6755 | scatter=  0.0504
f=     7.400 Hz | ky=  0.826996E-02 | IK=      12/      88 | t=    6.958400 s | CA=  2.6127 | fact=  2.5354 | GF=  1.8103 | solve=  1.6882 | scatter=  0.0498
f=     7.400 Hz | ky=  0.895913E-02 | IK=      13/      88 | t=    6.893900 s | CA=  2.5789 | fact=  2.5138 | GF=  1.8012 | solve=  1.6765 | scatter=  0.0523
f=     7.400 Hz | ky=  0.964829E-02 | IK=      14/      88 | t=    6.874900 s | CA=  2.5477 | fact=  2.5263 | GF=  1.8008 | solve=  1.6773 | scatter=  0.0516
f=     7.400 Hz | ky=  0.103375E-01 | IK=      15/      88 | t=    6.924800 s | CA=  2.5953 | fact=  2.5251 | GF=  1.8043 | solve=  1.6788 | scatter=  0.0535
PARDISO mem (f=  7.40 Hz): sym=  1.95 GB  perm=  1.42 GB  num=  3.22 GB  
peak=  4.64 GB
t_global   =    172.686 s
TIME for 1st forward modeling =  2.878016662597656  min
TIME for GT0 =  .9291666746139526E-02  min
Data scaler W for L2 norm: 81248105960047.30
Data scaler W for WQS norm: .3395193265742062E-312
Total number of active inversion parameters for current sequential stage (IM):          1
Total model blocks points (NM = IM * NBLOCK):      11534 on grid (NMM = IM * NPT):    185445
 Gradient balance ():   1.00000000000000        1.00000000000000     
   1.00000000000000        1.00000000000000        1.00000000000000     
   1.00000000000000        1.00000000000000        1.00000000000000     
   1.00000000000000        1.00000000000000        1.00000000000000     
 IE0, IZ          30           0
 IE0, IZ, GZ1, GZ2 =           30           0   100.000000000000     
   300.000000000000     
  
 Frequency:          11 Iteration:           1
--- Pre-solver preview (memory + RHS workload) ---
   GQG dims: NNX=       585  NNZ=       317  NPT=    185445
   DOF:     N=3*NPT =    556335
   Sources: NSR=       100  NSS=       100  NK=        88
   RHS total (per IK): nrhs_tot=3*NSS =       300
   Batch:    MAX_RHS_BATCH=        32  nbatches=        10
   GFMY  (GFX+GFY+GFZ):        109.428 GB
   RHS_MY(rhs+sol buffers):      0.531 GB
 
 running run_ik_loop_pardiso
before CA | VmRSS= 112.074 GB  VmHWM= 127.969 GB
after CA | VmRSS= 113.422 GB  VmHWM= 127.969 GB
after factor | VmRSS= 117.180 GB  VmHWM= 127.969 GB
f=     7.400 Hz | ky=  0.689164E-03 | IK=       1/      88 | t=   24.201500 s | CA=  2.5442 | fact= 12.7794 | GF=  8.8777 | solve=  8.2312 | scatter=  0.2453
f=     7.400 Hz | ky=  0.137833E-02 | IK=       2/      88 | t=   13.859100 s | CA=  2.5236 | fact=  2.5209 | GF=  8.8146 | solve=  8.1950 | scatter=  0.2472
f=     7.400 Hz | ky=  0.206749E-02 | IK=       3/      88 | t=   13.889000 s | CA=  2.5757 | fact=  2.5261 | GF=  8.7872 | solve=  8.1679 | scatter=  0.2463
f=     7.400 Hz | ky=  0.275665E-02 | IK=       4/      88 | t=   13.896200 s | CA=  2.5655 | fact=  2.5187 | GF=  8.8119 | solve=  8.1864 | scatter=  0.2519
f=     7.400 Hz | ky=  0.344582E-02 | IK=       5/      88 | t=   13.920300 s | CA=  2.5995 | fact=  2.5365 | GF=  8.7843 | solve=  8.1626 | scatter=  0.2485
f=     7.400 Hz | ky=  0.413498E-02 | IK=       6/      88 | t=   13.897000 s | CA=  2.5718 | fact=  2.5285 | GF=  8.7966 | solve=  8.1704 | scatter=  0.2529
f=     7.400 Hz | ky=  0.482415E-02 | IK=       7/      88 | t=   13.882000 s | CA=  2.5569 | fact=  2.5318 | GF=  8.7933 | solve=  8.1711 | scatter=  0.2485
f=     7.400 Hz | ky=  0.551331E-02 | IK=       8/      88 | t=   13.673100 s | CA=  2.5387 | fact=  2.5444 | GF=  8.5900 | solve=  7.9672 | scatter=  0.2491
f=     7.400 Hz | ky=  0.620247E-02 | IK=       9/      88 | t=   13.492900 s | CA=  2.5735 | fact=  2.5359 | GF=  8.3835 | solve=  7.7631 | scatter=  0.2471
f=     7.400 Hz | ky=  0.689164E-02 | IK=      10/      88 | t=   13.288300 s | CA=  2.5603 | fact=  2.5215 | GF=  8.2065 | solve=  7.5766 | scatter=  0.2563
f=     7.400 Hz | ky=  0.758080E-02 | IK=      11/      88 | t=   13.314900 s | CA=  2.5619 | fact=  2.5240 | GF=  8.2290 | solve=  7.6087 | scatter=  0.2471
f=     7.400 Hz | ky=  0.826996E-02 | IK=      12/      88 | t=   13.269400 s | CA=  2.5309 | fact=  2.5337 | GF=  8.2047 | solve=  7.5834 | scatter=  0.2476
f=     7.400 Hz | ky=  0.895913E-02 | IK=      13/      88 | t=   13.275700 s | CA=  2.5200 | fact=  2.5271 | GF=  8.2285 | solve=  7.6104 | scatter=  0.2447
f=     7.400 Hz | ky=  0.964829E-02 | IK=      14/      88 | t=   13.282500 s | CA=  2.5545 | fact=  2.5139 | GF=  8.2141 | solve=  7.5879 | scatter=  0.2528
f=     7.400 Hz | ky=  0.103375E-01 | IK=      15/      88 | t=   13.307600 s | CA=  2.5477 | fact=  2.5472 | GF=  8.2126 | solve=  7.5935 | scatter=  0.2459
PARDISO mem (f=  7.40 Hz): sym=  1.95 GB  perm=  1.42 GB  num=  3.22 GB  
peak=  4.64 GB
t_global   =    510.643 s
TIME for 2d forward modeling_i calc =  8.508096822102864 min
Rank    2 -> ID range:   1601 to   2400 | Tasks:    800
Rank    4 -> ID range:   3201 to   4000 | Tasks:    800
Rank    3 -> ID range:   2401 to   3200 | Tasks:    800
Rank    5 -> ID range:   4001 to   4800 | Tasks:    800
Rank    1 -> ID range:    801 to   1600 | Tasks:    800
  
 -------------- calculate Frechet derivatives -----------
 IFREQ =          11    ITERATION =           1
Frechet memory size Frec_my:      0.825 (Gb)
Rank    0 -> ID range:      1 to    800 | Tasks:    800
FREQ:      7.4 Hz, ITER=       1  Frechet Derivative ID=     100/    4800 Finished   0.331800 s
FREQ:      7.4 Hz, ITER=       1  Frechet Derivative ID=     200/    4800 Finished   0.330300 s
FREQ:      7.4 Hz, ITER=       1  Frechet Derivative ID=     300/    4800 Finished   0.330600 s
FREQ:      7.4 Hz, ITER=       1  Frechet Derivative ID=     400/    4800 Finished   0.322800 s
FREQ:      7.4 Hz, ITER=       1  Frechet Derivative ID=     500/    4800 Finished   0.331700 s
FREQ:      7.4 Hz, ITER=       1  Frechet Derivative ID=     600/    4800 Finished   0.331500 s
FREQ:      7.4 Hz, ITER=       1  Frechet Derivative ID=     700/    4800 Finished   0.330300 s
FREQ:      7.4 Hz, ITER=       1  Frechet Derivative ID=     800/    4800 Finished   0.331100 s
||Frechet||_F=  1.1507E-19max|Frechet|=  4.0600E-24
||Frechet||_F=  1.1507E-19max|Frechet|=  4.0600E-24
||Frechet||_F=  1.1507E-19max|Frechet|=  4.0600E-24
||Frechet||_F=  1.1507E-19max|Frechet|=  4.0600E-24
||Frechet||_F=  1.1507E-19max|Frechet|=  4.0600E-24
||Frechet||_F=  1.1507E-19max|Frechet|=  4.0600E-24
 
TIME for Frechet calc =  4.608419799804688 min
 
m_fine: min=  1.7239E+09  max=  1.2217E+10  mean=  7.9659E+09  ||.||2=  3.8677E+12  size=  185445
m_coarse_prev: min=  1.7471E+09  max=  1.2146E+10  mean=  7.9694E+09  ||.||2=  9.6468E+11  size=   11534
 
  compute the residual and the cost function
 WD_amp= 8.12481E+13  RESID_RMS= 2.52759E-02  FCOST_DATA= 3.19435E-04  FCOST0= 3.19435E-04
IA=  6  H(single F0) min= 0.00000E+00  max= 1.91709E-03
IA=  6  H(F0^2)     min= 0.00000E+00  max= 1.91709E-03
HESSD: ia=   6  min= 0.00000E+00  max= 5.21487E+05
IA=  6  H(single F0) min= 0.00000E+00  max= 1.91709E-03
IA=  6  H(F0^2)     min= 0.00000E+00  max= 1.91709E-03
HESSD: ia=   6  min= 0.00000E+00  max= 5.21487E+05
IA=  6  H(single F0) min= 0.00000E+00  max= 1.91709E-03
IA=  6  H(F0^2)     min= 0.00000E+00  max= 1.91709E-03
HESSD: ia=   6  min= 0.00000E+00  max= 5.21487E+05
IA=  6  H(single F0) min= 0.00000E+00  max= 1.91709E-03
IA=  6  H(F0^2)     min= 0.00000E+00  max= 1.91709E-03
HESSD: ia=   6  min= 0.00000E+00  max= 5.21487E+05
IA=  6  H(single F0) min= 0.00000E+00  max= 1.91709E-03
IA=  6  H(F0^2)     min= 0.00000E+00  max= 1.91709E-03
HESSD: ia=   6  min= 0.00000E+00  max= 5.21487E+05
IA=  6  H(single F0) min= 0.00000E+00  max= 1.91709E-03
IA=  6  H(F0^2)     min= 0.00000E+00  max= 1.91709E-03
HESSD: ia=   6  min= 0.00000E+00  max= 5.21487E+05
Grad block   6 GRAD_SCALED MORM =   2.0451E-04
Raw grad block  6  PAR={C66}  min= -7.4112E-15  max=  9.6832E-15  L2=  5.6427E-14
Gradient finished
Start LBFGS 
LBFGS steepest step , iter=      1
  g·p = -9.0846E-05  ||p|| =  4.9528E+00
  min(p)= -4.0900E-01  max(p)=  4.3951E-01
LBFGS p_k (unscaled) stats per active parameter:
  IA=  6  PAR={C66}  min=-1.56644E+09  max= 1.68328E+09  L2= 1.89691E+10
min(p_k)= -4.0900E-01  max(p_k)=  4.3951E-01  ||p_k||=  4.9528E+00
min(p_kf)= -4.0900E-01  max(p_kf)=  4.3951E-01  ||p_kf||=  1.9811E+01
p_k/p_kf  =   2.5000E-01
Start linesearch
BT entry: phi(0)=  3.1943E-04  g·p(0)= -9.0846E-05
 UPDATEPARAMETER: f-scale only
UPDATEPARAMETER PAR_STEP min/max, V_STEP min/max =  1.4920749796E+09  1.2055394952E+10
  1.4920749796E+09  1.2055394952E+10
REL STEP elastic: k=  6 row=  6 rmax_k=  5.4189E-01 row_scale=  1.2217E+10
BT cap probe: rmax1=  5.4189E-01  alpha_cap=  9.2270E-01  alpha00=  1.0000E+00
 UPDATEPARAMETER: f-scale only
UPDATEPARAMETER PAR_STEP min/max, V_STEP min/max =  1.5484569192E+09  1.2067886467E+10
  1.5484569192E+09  1.2067886467E+10
 running run_ik_loop_pardiso
before CA | VmRSS=  24.466 GB  VmHWM= 127.969 GB
after CA | VmRSS=  25.312 GB  VmHWM= 127.969 GB
after factor | VmRSS=  29.071 GB  VmHWM= 127.969 GB
f=     7.400 Hz | ky=  0.689164E-03 | IK=       1/      88 | t=   17.210000 s | CA=  2.5266 | fact= 12.7767 | GF=  1.9065 | solve=  1.7526 | scatter=  0.0517
f=     7.400 Hz | ky=  0.137833E-02 | IK=       2/      88 | t=    6.924200 s | CA=  2.6088 | fact=  2.5206 | GF=  1.7947 | solve=  1.6697 | scatter=  0.0531
f=     7.400 Hz | ky=  0.206749E-02 | IK=       3/      88 | t=    6.875600 s | CA=  2.5488 | fact=  2.5254 | GF=  1.8013 | solve=  1.6776 | scatter=  0.0518
f=     7.400 Hz | ky=  0.275665E-02 | IK=       4/      88 | t=    6.896100 s | CA=  2.5518 | fact=  2.5398 | GF=  1.8044 | solve=  1.6797 | scatter=  0.0528
f=     7.400 Hz | ky=  0.344582E-02 | IK=       5/      88 | t=    6.905500 s | CA=  2.5670 | fact=  2.5313 | GF=  1.8071 | solve=  1.6821 | scatter=  0.0530
f=     7.400 Hz | ky=  0.413498E-02 | IK=       6/      88 | t=    6.924600 s | CA=  2.5863 | fact=  2.5324 | GF=  1.8058 | solve=  1.6826 | scatter=  0.0510
f=     7.400 Hz | ky=  0.482415E-02 | IK=       7/      88 | t=    6.905600 s | CA=  2.5513 | fact=  2.5451 | GF=  1.8091 | solve=  1.6855 | scatter=  0.0517
f=     7.400 Hz | ky=  0.551331E-02 | IK=       8/      88 | t=    6.878600 s | CA=  2.5311 | fact=  2.5409 | GF=  1.8066 | solve=  1.6837 | scatter=  0.0510
f=     7.400 Hz | ky=  0.620247E-02 | IK=       9/      88 | t=    6.905100 s | CA=  2.5632 | fact=  2.5317 | GF=  1.8101 | solve=  1.6853 | scatter=  0.0529
f=     7.400 Hz | ky=  0.689164E-02 | IK=      10/      88 | t=    6.878700 s | CA=  2.5429 | fact=  2.5319 | GF=  1.8039 | solve=  1.6809 | scatter=  0.0511
f=     7.400 Hz | ky=  0.758080E-02 | IK=      11/      88 | t=    6.847300 s | CA=  2.5449 | fact=  2.4978 | GF=  1.8045 | solve=  1.6815 | scatter=  0.0510
f=     7.400 Hz | ky=  0.826996E-02 | IK=      12/      88 | t=    6.828100 s | CA=  2.5337 | fact=  2.4876 | GF=  1.8068 | solve=  1.6816 | scatter=  0.0533
f=     7.400 Hz | ky=  0.895913E-02 | IK=      13/      88 | t=    6.889300 s | CA=  2.5565 | fact=  2.5264 | GF=  1.8064 | solve=  1.6836 | scatter=  0.0506
f=     7.400 Hz | ky=  0.964829E-02 | IK=      14/      88 | t=    6.878600 s | CA=  2.5715 | fact=  2.5041 | GF=  1.8029 | solve=  1.6806 | scatter=  0.0503
f=     7.400 Hz | ky=  0.103375E-01 | IK=      15/      88 | t=    6.929800 s | CA=  2.5959 | fact=  2.5286 | GF=  1.8053 | solve=  1.6805 | scatter=  0.0528
PARDISO mem (f=  7.40 Hz): sym=  1.95 GB  perm=  1.42 GB  num=  3.22 GB  
peak=  4.64 GB
 WD_amp= 8.12481E+13  RESID_RMS= 2.72404E-02  FCOST_DATA= 3.71018E-04  FCOST0= 3.71018E-04
BT: alpha=  9.2270E-01  phi=  3.7102E-04  rhs=  3.1943E-04
 UPDATEPARAMETER: f-scale only
UPDATEPARAMETER PAR_STEP min/max, V_STEP min/max =  1.7410031941E+09  1.2142437365E+10
  1.7410031941E+09  1.2142437365E+10
 running run_ik_loop_pardiso
before CA | VmRSS=  24.459 GB  VmHWM= 127.969 GB
after CA | VmRSS=  25.815 GB  VmHWM= 127.969 GB
after factor | VmRSS=  29.588 GB  VmHWM= 127.969 GB
f=     7.400 Hz | ky=  0.689164E-03 | IK=       1/      88 | t=   17.229600 s | CA=  2.5406 | fact= 12.7861 | GF=  1.9027 | solve=  1.7485 | scatter=  0.0526
f=     7.400 Hz | ky=  0.137833E-02 | IK=       2/      88 | t=    6.864500 s | CA=  2.5480 | fact=  2.5134 | GF=  1.8031 | solve=  1.6791 | scatter=  0.0523
f=     7.400 Hz | ky=  0.206749E-02 | IK=       3/      88 | t=    6.877500 s | CA=  2.5548 | fact=  2.5237 | GF=  1.7990 | solve=  1.6744 | scatter=  0.0528
f=     7.400 Hz | ky=  0.275665E-02 | IK=       4/      88 | t=    6.884700 s | CA=  2.5594 | fact=  2.5264 | GF=  1.7988 | solve=  1.6754 | scatter=  0.0515
f=     7.400 Hz | ky=  0.344582E-02 | IK=       5/      88 | t=    6.820500 s | CA=  2.5263 | fact=  2.4887 | GF=  1.8054 | solve=  1.6828 | scatter=  0.0507
f=     7.400 Hz | ky=  0.413498E-02 | IK=       6/      88 | t=    6.881900 s | CA=  2.5490 | fact=  2.5274 | GF=  1.8054 | solve=  1.6833 | scatter=  0.0503
f=     7.400 Hz | ky=  0.482415E-02 | IK=       7/      88 | t=    6.891700 s | CA=  2.5755 | fact=  2.5107 | GF=  1.8055 | solve=  1.6803 | scatter=  0.0532
f=     7.400 Hz | ky=  0.551331E-02 | IK=       8/      88 | t=    6.830500 s | CA=  2.5495 | fact=  2.4754 | GF=  1.8056 | solve=  1.6817 | scatter=  0.0516
f=     7.400 Hz | ky=  0.620247E-02 | IK=       9/      88 | t=    6.889100 s | CA=  2.5835 | fact=  2.5066 | GF=  1.7990 | solve=  1.6755 | scatter=  0.0512
f=     7.400 Hz | ky=  0.689164E-02 | IK=      10/      88 | t=    6.873800 s | CA=  2.5818 | fact=  2.4883 | GF=  1.8036 | solve=  1.6806 | scatter=  0.0507
f=     7.400 Hz | ky=  0.758080E-02 | IK=      11/      88 | t=    6.897600 s | CA=  2.5692 | fact=  2.5247 | GF=  1.8036 | solve=  1.6801 | scatter=  0.0517
f=     7.400 Hz | ky=  0.826996E-02 | IK=      12/      88 | t=    6.899800 s | CA=  2.5742 | fact=  2.5239 | GF=  1.8017 | solve=  1.6785 | scatter=  0.0513
f=     7.400 Hz | ky=  0.895913E-02 | IK=      13/      88 | t=    6.885100 s | CA=  2.5533 | fact=  2.5282 | GF=  1.8036 | solve=  1.6793 | scatter=  0.0523
f=     7.400 Hz | ky=  0.964829E-02 | IK=      14/      88 | t=    6.879200 s | CA=  2.5461 | fact=  2.5266 | GF=  1.8065 | solve=  1.6844 | scatter=  0.0501
f=     7.400 Hz | ky=  0.103375E-01 | IK=      15/      88 | t=    6.886600 s | CA=  2.5449 | fact=  2.5404 | GF=  1.8013 | solve=  1.6762 | scatter=  0.0530
PARDISO mem (f=  7.40 Hz): sym=  1.95 GB  perm=  1.42 GB  num=  3.22 GB  
peak=  4.64 GB
 WD_amp= 8.12481E+13  RESID_RMS= 2.64536E-02  FCOST_DATA= 3.49896E-04  FCOST0= 3.49896E-04
BT: alpha=  4.6135E-01  phi=  3.4990E-04  rhs=  3.1943E-04
 UPDATEPARAMETER: f-scale only
UPDATEPARAMETER PAR_STEP min/max, V_STEP min/max =  1.7371584623E+09  1.2179712815E+10
  1.7371584623E+09  1.2179712815E+10
 running run_ik_loop_pardiso
before CA | VmRSS=  24.996 GB  VmHWM= 127.969 GB
after CA | VmRSS=  25.320 GB  VmHWM= 127.969 GB
after factor | VmRSS=  29.110 GB  VmHWM= 127.969 GB
f=     7.400 Hz | ky=  0.689164E-03 | IK=       1/      88 | t=   17.201700 s | CA=  2.4957 | fact= 12.8015 | GF=  1.9044 | solve=  1.7513 | scatter=  0.0516
f=     7.400 Hz | ky=  0.137833E-02 | IK=       2/      88 | t=    6.881400 s | CA=  2.5602 | fact=  2.5275 | GF=  1.7937 | solve=  1.6693 | scatter=  0.0522
f=     7.400 Hz | ky=  0.206749E-02 | IK=       3/      88 | t=    6.890800 s | CA=  2.5673 | fact=  2.5246 | GF=  1.7988 | solve=  1.6765 | scatter=  0.0502
f=     7.400 Hz | ky=  0.275665E-02 | IK=       4/      88 | t=    6.876700 s | CA=  2.5385 | fact=  2.5383 | GF=  1.7998 | solve=  1.6741 | scatter=  0.0538
f=     7.400 Hz | ky=  0.344582E-02 | IK=       5/      88 | t=    6.886000 s | CA=  2.5566 | fact=  2.5207 | GF=  1.8087 | solve=  1.6837 | scatter=  0.0530
f=     7.400 Hz | ky=  0.413498E-02 | IK=       6/      88 | t=    6.904600 s | CA=  2.5777 | fact=  2.5216 | GF=  1.8053 | solve=  1.6825 | scatter=  0.0509
f=     7.400 Hz | ky=  0.482415E-02 | IK=       7/      88 | t=    6.908700 s | CA=  2.5738 | fact=  2.5340 | GF=  1.8009 | solve=  1.6762 | scatter=  0.0526
f=     7.400 Hz | ky=  0.551331E-02 | IK=       8/      88 | t=    6.933800 s | CA=  2.5627 | fact=  2.5421 | GF=  1.8290 | solve=  1.7046 | scatter=  0.0523
f=     7.400 Hz | ky=  0.620247E-02 | IK=       9/      88 | t=    6.927800 s | CA=  2.5964 | fact=  2.5308 | GF=  1.8006 | solve=  1.6766 | scatter=  0.0519
f=     7.400 Hz | ky=  0.689164E-02 | IK=      10/      88 | t=    6.848400 s | CA=  2.5405 | fact=  2.5089 | GF=  1.7990 | solve=  1.6762 | scatter=  0.0508
f=     7.400 Hz | ky=  0.758080E-02 | IK=      11/      88 | t=    6.890800 s | CA=  2.5608 | fact=  2.5203 | GF=  1.8096 | solve=  1.6848 | scatter=  0.0525
f=     7.400 Hz | ky=  0.826996E-02 | IK=      12/      88 | t=    6.925000 s | CA=  2.5799 | fact=  2.5329 | GF=  1.8122 | solve=  1.6895 | scatter=  0.0501
f=     7.400 Hz | ky=  0.895913E-02 | IK=      13/      88 | t=    6.914400 s | CA=  2.5806 | fact=  2.5294 | GF=  1.8044 | solve=  1.6806 | scatter=  0.0515
f=     7.400 Hz | ky=  0.964829E-02 | IK=      14/      88 | t=    6.871600 s | CA=  2.5605 | fact=  2.5099 | GF=  1.8012 | solve=  1.6770 | scatter=  0.0519
f=     7.400 Hz | ky=  0.103375E-01 | IK=      15/      88 | t=    6.925400 s | CA=  2.5913 | fact=  2.5283 | GF=  1.8057 | solve=  1.6819 | scatter=  0.0515
PARDISO mem (f=  7.40 Hz): sym=  1.95 GB  perm=  1.42 GB  num=  3.22 GB  
peak=  4.64 GB
 WD_amp= 8.12481E+13  RESID_RMS= 2.58534E-02  FCOST_DATA= 3.34198E-04  FCOST0= 3.34198E-04
BT: alpha=  2.3067E-01  phi=  3.3420E-04  rhs=  3.1943E-04
 UPDATEPARAMETER: f-scale only
UPDATEPARAMETER PAR_STEP min/max, V_STEP min/max =  1.7305241847E+09  1.2198350539E+10
  1.7305241847E+09  1.2198350539E+10
 running run_ik_loop_pardiso
before CA | VmRSS=  24.461 GB  VmHWM= 127.969 GB
after CA | VmRSS=  25.034 GB  VmHWM= 127.969 GB
after factor | VmRSS=  28.820 GB  VmHWM= 127.969 GB
f=     7.400 Hz | ky=  0.689164E-03 | IK=       1/      88 | t=   17.222800 s | CA=  2.5234 | fact= 12.7971 | GF=  1.9021 | solve=  1.7490 | scatter=  0.0514
f=     7.400 Hz | ky=  0.137833E-02 | IK=       2/      88 | t=    6.854500 s | CA=  2.5278 | fact=  2.5325 | GF=  1.7941 | solve=  1.6729 | scatter=  0.0493
f=     7.400 Hz | ky=  0.206749E-02 | IK=       3/      88 | t=    6.884400 s | CA=  2.5578 | fact=  2.5274 | GF=  1.7992 | solve=  1.6752 | scatter=  0.0521
f=     7.400 Hz | ky=  0.275665E-02 | IK=       4/      88 | t=    6.899600 s | CA=  2.5723 | fact=  2.5251 | GF=  1.8021 | solve=  1.6798 | scatter=  0.0503
f=     7.400 Hz | ky=  0.344582E-02 | IK=       5/      88 | t=    6.929700 s | CA=  2.6130 | fact=  2.5175 | GF=  1.7992 | solve=  1.6748 | scatter=  0.0524
f=     7.400 Hz | ky=  0.413498E-02 | IK=       6/      88 | t=    6.941900 s | CA=  2.6074 | fact=  2.5316 | GF=  1.8028 | solve=  1.6803 | scatter=  0.0505
f=     7.400 Hz | ky=  0.482415E-02 | IK=       7/      88 | t=    6.927700 s | CA=  2.5761 | fact=  2.5267 | GF=  1.8248 | solve=  1.7018 | scatter=  0.0509
f=     7.400 Hz | ky=  0.551331E-02 | IK=       8/      88 | t=    6.911600 s | CA=  2.5849 | fact=  2.5209 | GF=  1.8058 | solve=  1.6818 | scatter=  0.0521
f=     7.400 Hz | ky=  0.620247E-02 | IK=       9/      88 | t=    6.900300 s | CA=  2.5534 | fact=  2.5337 | GF=  1.8131 | solve=  1.6885 | scatter=  0.0526
f=     7.400 Hz | ky=  0.689164E-02 | IK=      10/      88 | t=    6.941400 s | CA=  2.6081 | fact=  2.5299 | GF=  1.8033 | solve=  1.6785 | scatter=  0.0527
f=     7.400 Hz | ky=  0.758080E-02 | IK=      11/      88 | t=    6.902800 s | CA=  2.5648 | fact=  2.5310 | GF=  1.8069 | solve=  1.6838 | scatter=  0.0507
f=     7.400 Hz | ky=  0.826996E-02 | IK=      12/      88 | t=    6.875500 s | CA=  2.5530 | fact=  2.5247 | GF=  1.7978 | solve=  1.6744 | scatter=  0.0514
f=     7.400 Hz | ky=  0.895913E-02 | IK=      13/      88 | t=    6.874400 s | CA=  2.5494 | fact=  2.5194 | GF=  1.8056 | solve=  1.6809 | scatter=  0.0528
f=     7.400 Hz | ky=  0.964829E-02 | IK=      14/      88 | t=    6.956600 s | CA=  2.6244 | fact=  2.5277 | GF=  1.8044 | solve=  1.6818 | scatter=  0.0505
f=     7.400 Hz | ky=  0.103375E-01 | IK=      15/      88 | t=    6.934100 s | CA=  2.6150 | fact=  2.5158 | GF=  1.8033 | solve=  1.6801 | scatter=  0.0513
PARDISO mem (f=  7.40 Hz): sym=  1.95 GB  perm=  1.42 GB  num=  3.22 GB  
peak=  4.64 GB
 WD_amp= 8.12481E+13  RESID_RMS= 2.55286E-02  FCOST_DATA= 3.25854E-04  FCOST0= 3.25854E-04
BT: alpha=  1.1534E-01  phi=  3.2585E-04  rhs=  3.1943E-04
 UPDATEPARAMETER: f-scale only
UPDATEPARAMETER PAR_STEP min/max, V_STEP min/max =  1.7272070459E+09  1.2207669402E+10
  1.7272070459E+09  1.2207669402E+10
 running run_ik_loop_pardiso
before CA | VmRSS=  24.449 GB  VmHWM= 127.969 GB
after CA | VmRSS=  25.049 GB  VmHWM= 127.969 GB
after factor | VmRSS=  28.818 GB  VmHWM= 127.969 GB
f=     7.400 Hz | ky=  0.689164E-03 | IK=       1/      88 | t=   17.239800 s | CA=  2.5454 | fact= 12.7915 | GF=  1.9027 | solve=  1.7484 | scatter=  0.0527
f=     7.400 Hz | ky=  0.137833E-02 | IK=       2/      88 | t=    6.890000 s | CA=  2.5717 | fact=  2.5238 | GF=  1.7944 | solve=  1.6720 | scatter=  0.0506
f=     7.400 Hz | ky=  0.206749E-02 | IK=       3/      88 | t=    6.866400 s | CA=  2.5360 | fact=  2.5289 | GF=  1.8014 | solve=  1.6765 | scatter=  0.0530
f=     7.400 Hz | ky=  0.275665E-02 | IK=       4/      88 | t=    6.885700 s | CA=  2.5477 | fact=  2.5354 | GF=  1.8025 | solve=  1.6770 | scatter=  0.0535
f=     7.400 Hz | ky=  0.344582E-02 | IK=       5/      88 | t=    6.941300 s | CA=  2.6036 | fact=  2.5283 | GF=  1.8093 | solve=  1.6850 | scatter=  0.0522
f=     7.400 Hz | ky=  0.413498E-02 | IK=       6/      88 | t=    6.892400 s | CA=  2.5542 | fact=  2.5353 | GF=  1.8028 | solve=  1.6786 | scatter=  0.0519
f=     7.400 Hz | ky=  0.482415E-02 | IK=       7/      88 | t=    6.971300 s | CA=  2.6318 | fact=  2.5336 | GF=  1.8059 | solve=  1.6804 | scatter=  0.0535
f=     7.400 Hz | ky=  0.551331E-02 | IK=       8/      88 | t=    6.911900 s | CA=  2.5772 | fact=  2.5330 | GF=  1.8016 | solve=  1.6776 | scatter=  0.0521
f=     7.400 Hz | ky=  0.620247E-02 | IK=       9/      88 | t=    6.933300 s | CA=  2.6006 | fact=  2.5313 | GF=  1.8014 | solve=  1.6777 | scatter=  0.0516
f=     7.400 Hz | ky=  0.689164E-02 | IK=      10/      88 | t=    6.911800 s | CA=  2.5640 | fact=  2.5423 | GF=  1.8055 | solve=  1.6823 | scatter=  0.0512
f=     7.400 Hz | ky=  0.758080E-02 | IK=      11/      88 | t=    6.937100 s | CA=  2.6001 | fact=  2.5292 | GF=  1.8078 | solve=  1.6833 | scatter=  0.0526
f=     7.400 Hz | ky=  0.826996E-02 | IK=      12/      88 | t=    6.941300 s | CA=  2.6114 | fact=  2.5281 | GF=  1.8018 | solve=  1.6788 | scatter=  0.0511
f=     7.400 Hz | ky=  0.895913E-02 | IK=      13/      88 | t=    6.891700 s | CA=  2.5564 | fact=  2.5264 | GF=  1.8089 | solve=  1.6855 | scatter=  0.0511
f=     7.400 Hz | ky=  0.964829E-02 | IK=      14/      88 | t=    6.908500 s | CA=  2.5869 | fact=  2.5197 | GF=  1.8019 | solve=  1.6792 | scatter=  0.0503
f=     7.400 Hz | ky=  0.103375E-01 | IK=      15/      88 | t=    6.900600 s | CA=  2.5961 | fact=  2.4989 | GF=  1.8056 | solve=  1.6819 | scatter=  0.0517
PARDISO mem (f=  7.40 Hz): sym=  1.95 GB  perm=  1.42 GB  num=  3.22 GB  
peak=  4.64 GB
 WD_amp= 8.12481E+13  RESID_RMS= 2.53901E-02  FCOST_DATA= 3.22329E-04  FCOST0= 3.22329E-04
BT: alpha=  5.7669E-02  phi=  3.2233E-04  rhs=  3.1943E-04
 UPDATEPARAMETER: f-scale only
UPDATEPARAMETER PAR_STEP min/max, V_STEP min/max =  1.7255484765E+09  1.2212328833E+10
  1.7255484765E+09  1.2212328833E+10
 running run_ik_loop_pardiso
before CA | VmRSS=  24.447 GB  VmHWM= 127.969 GB
after CA | VmRSS=  25.668 GB  VmHWM= 127.969 GB
after factor | VmRSS=  29.429 GB  VmHWM= 127.969 GB
f=     7.400 Hz | ky=  0.689164E-03 | IK=       1/      88 | t=   17.222700 s | CA=  2.5356 | fact= 12.7887 | GF=  1.8981 | solve=  1.7453 | scatter=  0.0510
f=     7.400 Hz | ky=  0.137833E-02 | IK=       2/      88 | t=    6.975600 s | CA=  2.6624 | fact=  2.5163 | GF=  1.7968 | solve=  1.6745 | scatter=  0.0507
f=     7.400 Hz | ky=  0.206749E-02 | IK=       3/      88 | t=    6.868400 s | CA=  2.5378 | fact=  2.5246 | GF=  1.8060 | solve=  1.6822 | scatter=  0.0519
f=     7.400 Hz | ky=  0.275665E-02 | IK=       4/      88 | t=    6.908200 s | CA=  2.5902 | fact=  2.5173 | GF=  1.8006 | solve=  1.6789 | scatter=  0.0499
f=     7.400 Hz | ky=  0.344582E-02 | IK=       5/      88 | t=    6.865400 s | CA=  2.5426 | fact=  2.5210 | GF=  1.8017 | solve=  1.6768 | scatter=  0.0530
f=     7.400 Hz | ky=  0.413498E-02 | IK=       6/      88 | t=    6.924900 s | CA=  2.6067 | fact=  2.5219 | GF=  1.7963 | solve=  1.6728 | scatter=  0.0516
f=     7.400 Hz | ky=  0.482415E-02 | IK=       7/      88 | t=    6.888100 s | CA=  2.5713 | fact=  2.5124 | GF=  1.8043 | solve=  1.6807 | scatter=  0.0514
f=     7.400 Hz | ky=  0.551331E-02 | IK=       8/      88 | t=    6.901900 s | CA=  2.5608 | fact=  2.5363 | GF=  1.8048 | solve=  1.6819 | scatter=  0.0506
f=     7.400 Hz | ky=  0.620247E-02 | IK=       9/      88 | t=    6.859700 s | CA=  2.5624 | fact=  2.5225 | GF=  1.7747 | solve=  1.6507 | scatter=  0.0519
f=     7.400 Hz | ky=  0.689164E-02 | IK=      10/      88 | t=    6.886500 s | CA=  2.5823 | fact=  2.5256 | GF=  1.7785 | solve=  1.6540 | scatter=  0.0524
f=     7.400 Hz | ky=  0.758080E-02 | IK=      11/      88 | t=    6.877700 s | CA=  2.5636 | fact=  2.5366 | GF=  1.7775 | solve=  1.6536 | scatter=  0.0518
f=     7.400 Hz | ky=  0.826996E-02 | IK=      12/      88 | t=    6.880000 s | CA=  2.5600 | fact=  2.5373 | GF=  1.7827 | solve=  1.6594 | scatter=  0.0511
f=     7.400 Hz | ky=  0.895913E-02 | IK=      13/      88 | t=    6.833500 s | CA=  2.5556 | fact=  2.5059 | GF=  1.7719 | solve=  1.6479 | scatter=  0.0521
f=     7.400 Hz | ky=  0.964829E-02 | IK=      14/      88 | t=    6.927100 s | CA=  2.6251 | fact=  2.5316 | GF=  1.7704 | solve=  1.6485 | scatter=  0.0500
f=     7.400 Hz | ky=  0.103375E-01 | IK=      15/      88 | t=    6.838900 s | CA=  2.5392 | fact=  2.5260 | GF=  1.7736 | solve=  1.6493 | scatter=  0.0525
PARDISO mem (f=  7.40 Hz): sym=  1.95 GB  perm=  1.42 GB  num=  3.22 GB  
peak=  4.64 GB
 WD_amp= 8.12481E+13  RESID_RMS= 2.53300E-02  FCOST_DATA= 3.20804E-04  FCOST0= 3.20804E-04
BT: alpha=  2.8834E-02  phi=  3.2080E-04  rhs=  3.1943E-04
 UPDATEPARAMETER: f-scale only
UPDATEPARAMETER PAR_STEP min/max, V_STEP min/max =  1.7247191918E+09  1.2214658548E+10
  1.7247191918E+09  1.2214658548E+10
 running run_ik_loop_pardiso
before CA | VmRSS=  25.025 GB  VmHWM= 127.969 GB
after CA | VmRSS=  25.168 GB  VmHWM= 127.969 GB
after factor | VmRSS=  28.959 GB  VmHWM= 127.969 GB
f=     7.400 Hz | ky=  0.689164E-03 | IK=       1/      88 | t=   17.229400 s | CA=  2.5296 | fact= 12.7998 | GF=  1.8999 | solve=  1.7462 | scatter=  0.0522
f=     7.400 Hz | ky=  0.137833E-02 | IK=       2/      88 | t=    6.859300 s | CA=  2.5508 | fact=  2.5112 | GF=  1.7973 | solve=  1.6751 | scatter=  0.0504
f=     7.400 Hz | ky=  0.206749E-02 | IK=       3/      88 | t=    6.878700 s | CA=  2.5583 | fact=  2.5193 | GF=  1.8010 | solve=  1.6767 | scatter=  0.0525
f=     7.400 Hz | ky=  0.275665E-02 | IK=       4/      88 | t=    6.888800 s | CA=  2.5653 | fact=  2.5296 | GF=  1.7939 | solve=  1.6709 | scatter=  0.0508
f=     7.400 Hz | ky=  0.344582E-02 | IK=       5/      88 | t=    6.944200 s | CA=  2.6096 | fact=  2.5317 | GF=  1.8028 | solve=  1.6794 | scatter=  0.0514
f=     7.400 Hz | ky=  0.413498E-02 | IK=       6/      88 | t=    6.954400 s | CA=  2.6243 | fact=  2.5285 | GF=  1.8015 | solve=  1.6768 | scatter=  0.0525
f=     7.400 Hz | ky=  0.482415E-02 | IK=       7/      88 | t=    6.896000 s | CA=  2.5521 | fact=  2.5414 | GF=  1.8024 | solve=  1.6781 | scatter=  0.0521
f=     7.400 Hz | ky=  0.551331E-02 | IK=       8/      88 | t=    6.870100 s | CA=  2.5885 | fact=  2.4830 | GF=  1.7986 | solve=  1.6752 | scatter=  0.0511
f=     7.400 Hz | ky=  0.620247E-02 | IK=       9/      88 | t=    6.916600 s | CA=  2.5863 | fact=  2.5202 | GF=  1.8100 | solve=  1.6850 | scatter=  0.0528
f=     7.400 Hz | ky=  0.689164E-02 | IK=      10/      88 | t=    6.924300 s | CA=  2.5685 | fact=  2.5513 | GF=  1.8045 | solve=  1.6803 | scatter=  0.0522
f=     7.400 Hz | ky=  0.758080E-02 | IK=      11/      88 | t=    6.927600 s | CA=  2.6126 | fact=  2.5133 | GF=  1.8017 | solve=  1.6768 | scatter=  0.0529
f=     7.400 Hz | ky=  0.826996E-02 | IK=      12/      88 | t=    6.963200 s | CA=  2.6066 | fact=  2.5500 | GF=  1.8066 | solve=  1.6854 | scatter=  0.0491
f=     7.400 Hz | ky=  0.895913E-02 | IK=      13/      88 | t=    6.949500 s | CA=  2.5978 | fact=  2.5414 | GF=  1.8102 | solve=  1.6823 | scatter=  0.0556
f=     7.400 Hz | ky=  0.964829E-02 | IK=      14/      88 | t=    6.968700 s | CA=  2.6257 | fact=  2.5337 | GF=  1.8093 | solve=  1.6858 | scatter=  0.0512
f=     7.400 Hz | ky=  0.103375E-01 | IK=      15/      88 | t=    6.903800 s | CA=  2.5750 | fact=  2.5291 | GF=  1.7997 | solve=  1.6772 | scatter=  0.0503
PARDISO mem (f=  7.40 Hz): sym=  1.95 GB  perm=  1.42 GB  num=  3.22 GB  
peak=  4.64 GB
 WD_amp= 8.12481E+13  RESID_RMS= 2.53022E-02  FCOST_DATA= 3.20101E-04  FCOST0= 3.20101E-04
BT: alpha=  1.4417E-02  phi=  3.2010E-04  rhs=  3.1943E-04
 UPDATEPARAMETER: f-scale only
UPDATEPARAMETER PAR_STEP min/max, V_STEP min/max =  1.7243045494E+09  1.2215823406E+10
  1.7243045494E+09  1.2215823406E+10
 running run_ik_loop_pardiso
before CA | VmRSS=  25.032 GB  VmHWM= 127.969 GB
after CA | VmRSS=  25.881 GB  VmHWM= 127.969 GB
after factor | VmRSS=  29.662 GB  VmHWM= 127.969 GB
f=     7.400 Hz | ky=  0.689164E-03 | IK=       1/      88 | t=   17.217900 s | CA=  2.5238 | fact= 12.7987 | GF=  1.8952 | solve=  1.7420 | scatter=  0.0518
f=     7.400 Hz | ky=  0.137833E-02 | IK=       2/      88 | t=    6.883500 s | CA=  2.5725 | fact=  2.5175 | GF=  1.7935 | solve=  1.6717 | scatter=  0.0503
f=     7.400 Hz | ky=  0.206749E-02 | IK=       3/      88 | t=    6.837600 s | CA=  2.5354 | fact=  2.5085 | GF=  1.7937 | solve=  1.6698 | scatter=  0.0523
f=     7.400 Hz | ky=  0.275665E-02 | IK=       4/      88 | t=    6.826400 s | CA=  2.5267 | fact=  2.5044 | GF=  1.7953 | solve=  1.6719 | scatter=  0.0518
f=     7.400 Hz | ky=  0.344582E-02 | IK=       5/      88 | t=    6.862900 s | CA=  2.5465 | fact=  2.5150 | GF=  1.8014 | solve=  1.6765 | scatter=  0.0530
f=     7.400 Hz | ky=  0.413498E-02 | IK=       6/      88 | t=    6.926300 s | CA=  2.6063 | fact=  2.5239 | GF=  1.7961 | solve=  1.6712 | scatter=  0.0533
f=     7.400 Hz | ky=  0.482415E-02 | IK=       7/      88 | t=    6.833500 s | CA=  2.5632 | fact=  2.4734 | GF=  1.7969 | solve=  1.6734 | scatter=  0.0517
f=     7.400 Hz | ky=  0.551331E-02 | IK=       8/      88 | t=    6.908100 s | CA=  2.5758 | fact=  2.5299 | GF=  1.8024 | solve=  1.6773 | scatter=  0.0535
f=     7.400 Hz | ky=  0.620247E-02 | IK=       9/      88 | t=    6.892300 s | CA=  2.5636 | fact=  2.5287 | GF=  1.8000 | solve=  1.6753 | scatter=  0.0528
f=     7.400 Hz | ky=  0.689164E-02 | IK=      10/      88 | t=    6.894700 s | CA=  2.5753 | fact=  2.5190 | GF=  1.8004 | solve=  1.6792 | scatter=  0.0494
f=     7.400 Hz | ky=  0.758080E-02 | IK=      11/      88 | t=    6.872700 s | CA=  2.5586 | fact=  2.5149 | GF=  1.7991 | solve=  1.6760 | scatter=  0.0513
f=     7.400 Hz | ky=  0.826996E-02 | IK=      12/      88 | t=    6.844900 s | CA=  2.5131 | fact=  2.5290 | GF=  1.8027 | solve=  1.6802 | scatter=  0.0507
f=     7.400 Hz | ky=  0.895913E-02 | IK=      13/      88 | t=    6.895800 s | CA=  2.5658 | fact=  2.5272 | GF=  1.8027 | solve=  1.6776 | scatter=  0.0533
f=     7.400 Hz | ky=  0.964829E-02 | IK=      14/      88 | t=    6.867100 s | CA=  2.5353 | fact=  2.5353 | GF=  1.7965 | solve=  1.6740 | scatter=  0.0506
f=     7.400 Hz | ky=  0.103375E-01 | IK=      15/      88 | t=    6.844800 s | CA=  2.5191 | fact=  2.5227 | GF=  1.8029 | solve=  1.6787 | scatter=  0.0524
PARDISO mem (f=  7.40 Hz): sym=  1.95 GB  perm=  1.42 GB  num=  3.22 GB  
peak=  4.64 GB
 WD_amp= 8.12481E+13  RESID_RMS= 2.52889E-02  FCOST_DATA= 3.19763E-04  FCOST0= 3.19763E-04
BT: alpha=  7.2086E-03  phi=  3.1976E-04  rhs=  3.1943E-04
 UPDATEPARAMETER: f-scale only
UPDATEPARAMETER PAR_STEP min/max, V_STEP min/max =  1.7240972282E+09  1.2216405835E+10
  1.7240972282E+09  1.2216405835E+10
 running run_ik_loop_pardiso
before CA | VmRSS=  25.047 GB  VmHWM= 127.969 GB
after CA | VmRSS=  25.730 GB  VmHWM= 127.969 GB
after factor | VmRSS=  29.503 GB  VmHWM= 127.969 GB
f=     7.400 Hz | ky=  0.689164E-03 | IK=       1/      88 | t=   17.184800 s | CA=  2.5139 | fact= 12.7745 | GF=  1.8962 | solve=  1.7424 | scatter=  0.0520
f=     7.400 Hz | ky=  0.137833E-02 | IK=       2/      88 | t=    6.878500 s | CA=  2.5808 | fact=  2.5069 | GF=  1.7908 | solve=  1.6681 | scatter=  0.0510
f=     7.400 Hz | ky=  0.206749E-02 | IK=       3/      88 | t=    6.880300 s | CA=  2.5715 | fact=  2.5124 | GF=  1.7964 | solve=  1.6726 | scatter=  0.0520
f=     7.400 Hz | ky=  0.275665E-02 | IK=       4/      88 | t=    6.877800 s | CA=  2.5676 | fact=  2.5115 | GF=  1.7987 | solve=  1.6741 | scatter=  0.0524
f=     7.400 Hz | ky=  0.344582E-02 | IK=       5/      88 | t=    6.859900 s | CA=  2.5429 | fact=  2.5181 | GF=  1.7989 | solve=  1.6754 | scatter=  0.0516
f=     7.400 Hz | ky=  0.413498E-02 | IK=       6/      88 | t=    6.929900 s | CA=  2.5955 | fact=  2.5351 | GF=  1.7993 | solve=  1.6759 | scatter=  0.0513
f=     7.400 Hz | ky=  0.482415E-02 | IK=       7/      88 | t=    6.881800 s | CA=  2.5486 | fact=  2.5333 | GF=  1.7999 | solve=  1.6755 | scatter=  0.0524
f=     7.400 Hz | ky=  0.551331E-02 | IK=       8/      88 | t=    6.898300 s | CA=  2.5642 | fact=  2.5321 | GF=  1.8019 | solve=  1.6763 | scatter=  0.0537
f=     7.400 Hz | ky=  0.620247E-02 | IK=       9/      88 | t=    6.851900 s | CA=  2.5456 | fact=  2.5069 | GF=  1.7994 | solve=  1.6747 | scatter=  0.0528
f=     7.400 Hz | ky=  0.689164E-02 | IK=      10/      88 | t=    6.877200 s | CA=  2.5465 | fact=  2.5297 | GF=  1.8010 | solve=  1.6766 | scatter=  0.0525
f=     7.400 Hz | ky=  0.758080E-02 | IK=      11/      88 | t=    6.908900 s | CA=  2.5698 | fact=  2.5369 | GF=  1.8022 | solve=  1.6796 | scatter=  0.0507
f=     7.400 Hz | ky=  0.826996E-02 | IK=      12/      88 | t=    6.873700 s | CA=  2.5467 | fact=  2.5233 | GF=  1.8036 | solve=  1.6791 | scatter=  0.0525
f=     7.400 Hz | ky=  0.895913E-02 | IK=      13/      88 | t=    6.907000 s | CA=  2.5691 | fact=  2.5370 | GF=  1.8008 | solve=  1.6773 | scatter=  0.0515
f=     7.400 Hz | ky=  0.964829E-02 | IK=      14/      88 | t=    6.886000 s | CA=  2.5428 | fact=  2.5346 | GF=  1.8086 | solve=  1.6824 | scatter=  0.0539
f=     7.400 Hz | ky=  0.103375E-01 | IK=      15/      88 | t=    6.896500 s | CA=  2.5560 | fact=  2.5408 | GF=  1.7997 | solve=  1.6765 | scatter=  0.0509
PARDISO mem (f=  7.40 Hz): sym=  1.95 GB  perm=  1.42 GB  num=  3.22 GB  
peak=  4.64 GB
 WD_amp= 8.12481E+13  RESID_RMS= 2.52823E-02  FCOST_DATA= 3.19598E-04  FCOST0= 3.19598E-04
BT: alpha=  3.6043E-03  phi=  3.1960E-04  rhs=  3.1943E-04
 UPDATEPARAMETER: f-scale only
UPDATEPARAMETER PAR_STEP min/max, V_STEP min/max =  1.7239935676E+09  1.2216697050E+10
  1.7239935676E+09  1.2216697050E+10
 running run_ik_loop_pardiso
before CA | VmRSS=  24.446 GB  VmHWM= 127.969 GB
after CA | VmRSS=  26.207 GB  VmHWM= 127.969 GB
after factor | VmRSS=  29.967 GB  VmHWM= 127.969 GB
f=     7.400 Hz | ky=  0.689164E-03 | IK=       1/      88 | t=   17.209000 s | CA=  2.5364 | fact= 12.7647 | GF=  1.9077 | solve=  1.7529 | scatter=  0.0532
f=     7.400 Hz | ky=  0.137833E-02 | IK=       2/      88 | t=    6.894300 s | CA=  2.5761 | fact=  2.5185 | GF=  1.7996 | solve=  1.6752 | scatter=  0.0526
f=     7.400 Hz | ky=  0.206749E-02 | IK=       3/      88 | t=    6.880900 s | CA=  2.5608 | fact=  2.5210 | GF=  1.7991 | solve=  1.6741 | scatter=  0.0532
f=     7.400 Hz | ky=  0.275665E-02 | IK=       4/      88 | t=    6.883700 s | CA=  2.5641 | fact=  2.5197 | GF=  1.7998 | solve=  1.6769 | scatter=  0.0510
f=     7.400 Hz | ky=  0.344582E-02 | IK=       5/      88 | t=    6.850900 s | CA=  2.5513 | fact=  2.4950 | GF=  1.8045 | solve=  1.6805 | scatter=  0.0522
f=     7.400 Hz | ky=  0.413498E-02 | IK=       6/      88 | t=    6.870600 s | CA=  2.5369 | fact=  2.5276 | GF=  1.8061 | solve=  1.6848 | scatter=  0.0493
f=     7.400 Hz | ky=  0.482415E-02 | IK=       7/      88 | t=    6.934500 s | CA=  2.5948 | fact=  2.5353 | GF=  1.8043 | solve=  1.6811 | scatter=  0.0512
f=     7.400 Hz | ky=  0.551331E-02 | IK=       8/      88 | t=    6.897400 s | CA=  2.5558 | fact=  2.5293 | GF=  1.8123 | solve=  1.6900 | scatter=  0.0503
f=     7.400 Hz | ky=  0.620247E-02 | IK=       9/      88 | t=    6.947800 s | CA=  2.6211 | fact=  2.5171 | GF=  1.8095 | solve=  1.6838 | scatter=  0.0536
f=     7.400 Hz | ky=  0.689164E-02 | IK=      10/      88 | t=    6.881300 s | CA=  2.5550 | fact=  2.5194 | GF=  1.8069 | solve=  1.6801 | scatter=  0.0547
f=     7.400 Hz | ky=  0.758080E-02 | IK=      11/      88 | t=    6.916500 s | CA=  2.6141 | fact=  2.4953 | GF=  1.8071 | solve=  1.6827 | scatter=  0.0521
f=     7.400 Hz | ky=  0.826996E-02 | IK=      12/      88 | t=    6.933000 s | CA=  2.5827 | fact=  2.5440 | GF=  1.8062 | solve=  1.6846 | scatter=  0.0495
f=     7.400 Hz | ky=  0.895913E-02 | IK=      13/      88 | t=    6.954700 s | CA=  2.6331 | fact=  2.5173 | GF=  1.8043 | solve=  1.6802 | scatter=  0.0517
f=     7.400 Hz | ky=  0.964829E-02 | IK=      14/      88 | t=    6.938500 s | CA=  2.5945 | fact=  2.5364 | GF=  1.8075 | solve=  1.6828 | scatter=  0.0526
f=     7.400 Hz | ky=  0.103375E-01 | IK=      15/      88 | t=    6.904500 s | CA=  2.5576 | fact=  2.5397 | GF=  1.8072 | solve=  1.6826 | scatter=  0.0524
PARDISO mem (f=  7.40 Hz): sym=  1.95 GB  perm=  1.42 GB  num=  3.22 GB  
peak=  4.64 GB
 WD_amp= 8.12481E+13  RESID_RMS= 2.52791E-02  FCOST_DATA= 3.19516E-04  FCOST0= 3.19516E-04
BT: alpha=  1.8021E-03  phi=  3.1952E-04  rhs=  3.1943E-04
 UPDATEPARAMETER: f-scale only
UPDATEPARAMETER PAR_STEP min/max, V_STEP min/max =  1.7239417374E+09  1.2216842657E+10
  1.7239417374E+09  1.2216842657E+10
 running run_ik_loop_pardiso
before CA | VmRSS=  25.151 GB  VmHWM= 127.969 GB
after CA | VmRSS=  25.071 GB  VmHWM= 127.969 GB
after factor | VmRSS=  28.837 GB  VmHWM= 127.969 GB
f=     7.400 Hz | ky=  0.689164E-03 | IK=       1/      88 | t=   17.206600 s | CA=  2.5156 | fact= 12.7873 | GF=  1.9035 | solve=  1.7486 | scatter=  0.0531
f=     7.400 Hz | ky=  0.137833E-02 | IK=       2/      88 | t=    6.938700 s | CA=  2.6065 | fact=  2.5285 | GF=  1.8037 | solve=  1.6805 | scatter=  0.0512
f=     7.400 Hz | ky=  0.206749E-02 | IK=       3/      88 | t=    6.853800 s | CA=  2.5356 | fact=  2.5170 | GF=  1.8011 | solve=  1.6767 | scatter=  0.0526
f=     7.400 Hz | ky=  0.275665E-02 | IK=       4/      88 | t=    6.898700 s | CA=  2.5791 | fact=  2.5200 | GF=  1.7996 | solve=  1.6763 | scatter=  0.0514
f=     7.400 Hz | ky=  0.344582E-02 | IK=       5/      88 | t=    6.827600 s | CA=  2.5056 | fact=  2.5187 | GF=  1.8033 | solve=  1.6793 | scatter=  0.0522
f=     7.400 Hz | ky=  0.413498E-02 | IK=       6/      88 | t=    6.887700 s | CA=  2.5681 | fact=  2.5205 | GF=  1.7991 | solve=  1.6751 | scatter=  0.0521
f=     7.400 Hz | ky=  0.482415E-02 | IK=       7/      88 | t=    6.932400 s | CA=  2.5940 | fact=  2.5404 | GF=  1.7979 | solve=  1.6738 | scatter=  0.0521
f=     7.400 Hz | ky=  0.551331E-02 | IK=       8/      88 | t=    6.864700 s | CA=  2.5381 | fact=  2.5283 | GF=  1.7983 | solve=  1.6759 | scatter=  0.0501
f=     7.400 Hz | ky=  0.620247E-02 | IK=       9/      88 | t=    6.918200 s | CA=  2.6077 | fact=  2.5065 | GF=  1.8040 | solve=  1.6803 | scatter=  0.0513
f=     7.400 Hz | ky=  0.689164E-02 | IK=      10/      88 | t=    6.886300 s | CA=  2.5521 | fact=  2.5232 | GF=  1.8110 | solve=  1.6881 | scatter=  0.0509
f=     7.400 Hz | ky=  0.758080E-02 | IK=      11/      88 | t=    6.913700 s | CA=  2.5796 | fact=  2.5366 | GF=  1.7975 | solve=  1.6745 | scatter=  0.0508
f=     7.400 Hz | ky=  0.826996E-02 | IK=      12/      88 | t=    6.958900 s | CA=  2.6212 | fact=  2.5389 | GF=  1.7987 | solve=  1.6740 | scatter=  0.0529
f=     7.400 Hz | ky=  0.895913E-02 | IK=      13/      88 | t=    6.916800 s | CA=  2.5838 | fact=  2.5354 | GF=  1.7976 | solve=  1.6737 | scatter=  0.0521
f=     7.400 Hz | ky=  0.964829E-02 | IK=      14/      88 | t=    6.915100 s | CA=  2.5884 | fact=  2.5238 | GF=  1.8028 | solve=  1.6792 | scatter=  0.0513
f=     7.400 Hz | ky=  0.103375E-01 | IK=      15/      88 | t=    6.898300 s | CA=  2.5712 | fact=  2.5286 | GF=  1.7985 | solve=  1.6741 | scatter=  0.0523
PARDISO mem (f=  7.40 Hz): sym=  1.95 GB  perm=  1.42 GB  num=  3.22 GB  
peak=  4.64 GB
 WD_amp= 8.12481E+13  RESID_RMS= 2.52775E-02  FCOST_DATA= 3.19475E-04  FCOST0= 3.19475E-04
BT: alpha=  9.0107E-04  phi=  3.1948E-04  rhs=  3.1943E-04
 UPDATEPARAMETER: f-scale only
UPDATEPARAMETER PAR_STEP min/max, V_STEP min/max =  1.7239158222E+09  1.2216915460E+10
  1.7239158222E+09  1.2216915460E+10
 running run_ik_loop_pardiso
before CA | VmRSS=  25.116 GB  VmHWM= 127.969 GB
after CA | VmRSS=  25.436 GB  VmHWM= 127.969 GB
after factor | VmRSS=  29.205 GB  VmHWM= 127.969 GB
f=     7.400 Hz | ky=  0.689164E-03 | IK=       1/      88 | t=   17.305600 s | CA=  2.6189 | fact= 12.7864 | GF=  1.9001 | solve=  1.7444 | scatter=  0.0536
f=     7.400 Hz | ky=  0.137833E-02 | IK=       2/      88 | t=    6.875800 s | CA=  2.5539 | fact=  2.5178 | GF=  1.8040 | solve=  1.6807 | scatter=  0.0513
f=     7.400 Hz | ky=  0.206749E-02 | IK=       3/      88 | t=    6.903300 s | CA=  2.5892 | fact=  2.5087 | GF=  1.8053 | solve=  1.6791 | scatter=  0.0543
f=     7.400 Hz | ky=  0.275665E-02 | IK=       4/      88 | t=    6.916600 s | CA=  2.5824 | fact=  2.5319 | GF=  1.8023 | solve=  1.6779 | scatter=  0.0524
f=     7.400 Hz | ky=  0.344582E-02 | IK=       5/      88 | t=    6.902800 s | CA=  2.5815 | fact=  2.5153 | GF=  1.8059 | solve=  1.6808 | scatter=  0.0531
f=     7.400 Hz | ky=  0.413498E-02 | IK=       6/      88 | t=    6.980000 s | CA=  2.6458 | fact=  2.5283 | GF=  1.8058 | solve=  1.6813 | scatter=  0.0525
f=     7.400 Hz | ky=  0.482415E-02 | IK=       7/      88 | t=    6.994800 s | CA=  2.6536 | fact=  2.5354 | GF=  1.8057 | solve=  1.6814 | scatter=  0.0523
f=     7.400 Hz | ky=  0.551331E-02 | IK=       8/      88 | t=    6.895200 s | CA=  2.5465 | fact=  2.5377 | GF=  1.8109 | solve=  1.6864 | scatter=  0.0524
f=     7.400 Hz | ky=  0.620247E-02 | IK=       9/      88 | t=    6.927600 s | CA=  2.5888 | fact=  2.5307 | GF=  1.8080 | solve=  1.6838 | scatter=  0.0523
f=     7.400 Hz | ky=  0.689164E-02 | IK=      10/      88 | t=    6.898800 s | CA=  2.5644 | fact=  2.5326 | GF=  1.8018 | solve=  1.6794 | scatter=  0.0504
f=     7.400 Hz | ky=  0.758080E-02 | IK=      11/      88 | t=    6.955200 s | CA=  2.5974 | fact=  2.5461 | GF=  1.8116 | solve=  1.6862 | scatter=  0.0534
f=     7.400 Hz | ky=  0.826996E-02 | IK=      12/      88 | t=    6.944300 s | CA=  2.6111 | fact=  2.5309 | GF=  1.8023 | solve=  1.6800 | scatter=  0.0500
f=     7.400 Hz | ky=  0.895913E-02 | IK=      13/      88 | t=    6.918300 s | CA=  2.5727 | fact=  2.5385 | GF=  1.8071 | solve=  1.6832 | scatter=  0.0518
f=     7.400 Hz | ky=  0.964829E-02 | IK=      14/      88 | t=    6.877500 s | CA=  2.5355 | fact=  2.5376 | GF=  1.8044 | solve=  1.6822 | scatter=  0.0500
f=     7.400 Hz | ky=  0.103375E-01 | IK=      15/      88 | t=    6.932700 s | CA=  2.6011 | fact=  2.5263 | GF=  1.8053 | solve=  1.6800 | scatter=  0.0529
PARDISO mem (f=  7.40 Hz): sym=  1.95 GB  perm=  1.42 GB  num=  3.22 GB  
peak=  4.64 GB
 WD_amp= 8.12481E+13  RESID_RMS= 2.52767E-02  FCOST_DATA= 3.19455E-04  FCOST0= 3.19455E-04
BT: alpha=  4.5054E-04  phi=  3.1945E-04  rhs=  3.1943E-04
 UPDATEPARAMETER: f-scale only
UPDATEPARAMETER PAR_STEP min/max, V_STEP min/max =  1.7239028646E+09  1.2216951862E+10
  1.7239028646E+09  1.2216951862E+10
 running run_ik_loop_pardiso
before CA | VmRSS=  25.024 GB  VmHWM= 127.969 GB
after CA | VmRSS=  25.710 GB  VmHWM= 127.969 GB
after factor | VmRSS=  29.476 GB  VmHWM= 127.969 GB
f=     7.400 Hz | ky=  0.689164E-03 | IK=       1/      88 | t=   17.188100 s | CA=  2.5165 | fact= 12.7737 | GF=  1.8976 | solve=  1.7431 | scatter=  0.0528
f=     7.400 Hz | ky=  0.137833E-02 | IK=       2/      88 | t=    6.876900 s | CA=  2.5622 | fact=  2.5158 | GF=  1.7989 | solve=  1.6753 | scatter=  0.0520
f=     7.400 Hz | ky=  0.206749E-02 | IK=       3/      88 | t=    6.845200 s | CA=  2.5740 | fact=  2.4774 | GF=  1.7937 | solve=  1.6707 | scatter=  0.0513
f=     7.400 Hz | ky=  0.275665E-02 | IK=       4/      88 | t=    6.868300 s | CA=  2.5693 | fact=  2.5035 | GF=  1.7955 | solve=  1.6740 | scatter=  0.0500
f=     7.400 Hz | ky=  0.344582E-02 | IK=       5/      88 | t=    6.869500 s | CA=  2.5579 | fact=  2.5148 | GF=  1.7968 | solve=  1.6727 | scatter=  0.0525
f=     7.400 Hz | ky=  0.413498E-02 | IK=       6/      88 | t=    6.864100 s | CA=  2.5526 | fact=  2.5176 | GF=  1.7939 | solve=  1.6720 | scatter=  0.0502
f=     7.400 Hz | ky=  0.482415E-02 | IK=       7/      88 | t=    6.828100 s | CA=  2.5403 | fact=  2.4878 | GF=  1.7999 | solve=  1.6741 | scatter=  0.0535
f=     7.400 Hz | ky=  0.551331E-02 | IK=       8/      88 | t=    6.895000 s | CA=  2.5732 | fact=  2.5238 | GF=  1.7980 | solve=  1.6728 | scatter=  0.0530
f=     7.400 Hz | ky=  0.620247E-02 | IK=       9/      88 | t=    6.902000 s | CA=  2.5668 | fact=  2.5344 | GF=  1.8008 | solve=  1.6759 | scatter=  0.0530
f=     7.400 Hz | ky=  0.689164E-02 | IK=      10/      88 | t=    6.953100 s | CA=  2.6458 | fact=  2.5107 | GF=  1.7965 | solve=  1.6748 | scatter=  0.0499
f=     7.400 Hz | ky=  0.758080E-02 | IK=      11/      88 | t=    6.891300 s | CA=  2.5645 | fact=  2.5303 | GF=  1.7964 | solve=  1.6726 | scatter=  0.0519
f=     7.400 Hz | ky=  0.826996E-02 | IK=      12/      88 | t=    6.889100 s | CA=  2.5518 | fact=  2.5343 | GF=  1.8029 | solve=  1.6801 | scatter=  0.0507
f=     7.400 Hz | ky=  0.895913E-02 | IK=      13/      88 | t=    6.899800 s | CA=  2.5579 | fact=  2.5421 | GF=  1.7998 | solve=  1.6759 | scatter=  0.0520
f=     7.400 Hz | ky=  0.964829E-02 | IK=      14/      88 | t=    6.817900 s | CA=  2.5115 | fact=  2.5053 | GF=  1.8011 | solve=  1.6772 | scatter=  0.0515
f=     7.400 Hz | ky=  0.103375E-01 | IK=      15/      88 | t=    6.881600 s | CA=  2.5502 | fact=  2.5262 | GF=  1.8052 | solve=  1.6803 | scatter=  0.0530
PARDISO mem (f=  7.40 Hz): sym=  1.95 GB  perm=  1.42 GB  num=  3.22 GB  
peak=  4.64 GB
 WD_amp= 8.12481E+13  RESID_RMS= 2.52763E-02  FCOST_DATA= 3.19445E-04  FCOST0= 3.19445E-04
BT: alpha=  2.2527E-04  phi=  3.1944E-04  rhs=  3.1943E-04
 UPDATEPARAMETER: f-scale only
UPDATEPARAMETER PAR_STEP min/max, V_STEP min/max =  1.7238963858E+09  1.2216970063E+10
  1.7238963858E+09  1.2216970063E+10
 running run_ik_loop_pardiso
before CA | VmRSS=  24.571 GB  VmHWM= 127.969 GB
after CA | VmRSS=  25.290 GB  VmHWM= 127.969 GB
after factor | VmRSS=  29.052 GB  VmHWM= 127.969 GB
f=     7.400 Hz | ky=  0.689164E-03 | IK=       1/      88 | t=   17.186000 s | CA=  2.4964 | fact= 12.7908 | GF=  1.8986 | solve=  1.7434 | scatter=  0.0534
f=     7.400 Hz | ky=  0.137833E-02 | IK=       2/      88 | t=    6.842100 s | CA=  2.5641 | fact=  2.4735 | GF=  1.8045 | solve=  1.6791 | scatter=  0.0536
f=     7.400 Hz | ky=  0.206749E-02 | IK=       3/      88 | t=    6.886200 s | CA=  2.5612 | fact=  2.5216 | GF=  1.8034 | solve=  1.6785 | scatter=  0.0533
f=     7.400 Hz | ky=  0.275665E-02 | IK=       4/      88 | t=    6.832900 s | CA=  2.5288 | fact=  2.5056 | GF=  1.7985 | solve=  1.6751 | scatter=  0.0517
f=     7.400 Hz | ky=  0.344582E-02 | IK=       5/      88 | t=    6.874600 s | CA=  2.5655 | fact=  2.5098 | GF=  1.7992 | solve=  1.6767 | scatter=  0.0507
f=     7.400 Hz | ky=  0.413498E-02 | IK=       6/      88 | t=    6.886800 s | CA=  2.5603 | fact=  2.5242 | GF=  1.8023 | solve=  1.6766 | scatter=  0.0540
f=     7.400 Hz | ky=  0.482415E-02 | IK=       7/      88 | t=    6.948900 s | CA=  2.6243 | fact=  2.5300 | GF=  1.7945 | solve=  1.6719 | scatter=  0.0506
f=     7.400 Hz | ky=  0.551331E-02 | IK=       8/      88 | t=    6.900300 s | CA=  2.5608 | fact=  2.5303 | GF=  1.8092 | solve=  1.6883 | scatter=  0.0491
f=     7.400 Hz | ky=  0.620247E-02 | IK=       9/      88 | t=    6.839800 s | CA=  2.5512 | fact=  2.4811 | GF=  1.8075 | solve=  1.6811 | scatter=  0.0545
f=     7.400 Hz | ky=  0.689164E-02 | IK=      10/      88 | t=    6.936600 s | CA=  2.6286 | fact=  2.5005 | GF=  1.8075 | solve=  1.6818 | scatter=  0.0536
f=     7.400 Hz | ky=  0.758080E-02 | IK=      11/      88 | t=    6.945800 s | CA=  2.6107 | fact=  2.5295 | GF=  1.8055 | solve=  1.6807 | scatter=  0.0529
f=     7.400 Hz | ky=  0.826996E-02 | IK=      12/      88 | t=    6.865200 s | CA=  2.5275 | fact=  2.5349 | GF=  1.8027 | solve=  1.6777 | scatter=  0.0528
f=     7.400 Hz | ky=  0.895913E-02 | IK=      13/      88 | t=    6.869200 s | CA=  2.5308 | fact=  2.5384 | GF=  1.7999 | solve=  1.6774 | scatter=  0.0506
f=     7.400 Hz | ky=  0.964829E-02 | IK=      14/      88 | t=    6.907000 s | CA=  2.5802 | fact=  2.5203 | GF=  1.8065 | solve=  1.6825 | scatter=  0.0521
f=     7.400 Hz | ky=  0.103375E-01 | IK=      15/      88 | t=    6.878000 s | CA=  2.5511 | fact=  2.5292 | GF=  1.7977 | solve=  1.6748 | scatter=  0.0510
PARDISO mem (f=  7.40 Hz): sym=  1.95 GB  perm=  1.42 GB  num=  3.22 GB  
peak=  4.64 GB
 WD_amp= 8.12481E+13  RESID_RMS= 2.52761E-02  FCOST_DATA= 3.19440E-04  FCOST0= 3.19440E-04
BT: alpha=  1.1263E-04  phi=  3.1944E-04  rhs=  3.1943E-04
 UPDATEPARAMETER: f-scale only
UPDATEPARAMETER PAR_STEP min/max, V_STEP min/max =  1.7238931465E+09  1.2216979164E+10
  1.7238931465E+09  1.2216979164E+10
 running run_ik_loop_pardiso
before CA | VmRSS=  25.209 GB  VmHWM= 127.969 GB
after CA | VmRSS=  25.831 GB  VmHWM= 127.969 GB
after factor | VmRSS=  29.597 GB  VmHWM= 127.969 GB
f=     7.400 Hz | ky=  0.689164E-03 | IK=       1/      88 | t=   17.177200 s | CA=  2.5081 | fact= 12.7642 | GF=  1.9048 | solve=  1.7502 | scatter=  0.0530
f=     7.400 Hz | ky=  0.137833E-02 | IK=       2/      88 | t=    6.882000 s | CA=  2.5637 | fact=  2.5180 | GF=  1.8003 | solve=  1.6768 | scatter=  0.0519
f=     7.400 Hz | ky=  0.206749E-02 | IK=       3/      88 | t=    6.866600 s | CA=  2.5524 | fact=  2.5089 | GF=  1.8053 | solve=  1.6812 | scatter=  0.0523
f=     7.400 Hz | ky=  0.275665E-02 | IK=       4/      88 | t=    6.863200 s | CA=  2.5398 | fact=  2.5224 | GF=  1.8009 | solve=  1.6758 | scatter=  0.0532
f=     7.400 Hz | ky=  0.344582E-02 | IK=       5/      88 | t=    6.901400 s | CA=  2.5839 | fact=  2.5168 | GF=  1.8007 | solve=  1.6772 | scatter=  0.0516
f=     7.400 Hz | ky=  0.413498E-02 | IK=       6/      88 | t=    6.818900 s | CA=  2.5305 | fact=  2.4875 | GF=  1.8008 | solve=  1.6783 | scatter=  0.0505
f=     7.400 Hz | ky=  0.482415E-02 | IK=       7/      88 | t=    6.851400 s | CA=  2.5146 | fact=  2.5294 | GF=  1.8074 | solve=  1.6827 | scatter=  0.0526
f=     7.400 Hz | ky=  0.551331E-02 | IK=       8/      88 | t=    6.888200 s | CA=  2.5474 | fact=  2.5356 | GF=  1.8052 | solve=  1.6811 | scatter=  0.0522
f=     7.400 Hz | ky=  0.620247E-02 | IK=       9/      88 | t=    6.828300 s | CA=  2.5375 | fact=  2.4751 | GF=  1.8156 | solve=  1.6915 | scatter=  0.0522
f=     7.400 Hz | ky=  0.689164E-02 | IK=      10/      88 | t=    6.896000 s | CA=  2.5525 | fact=  2.5442 | GF=  1.7993 | solve=  1.6769 | scatter=  0.0506
f=     7.400 Hz | ky=  0.758080E-02 | IK=      11/      88 | t=    6.901400 s | CA=  2.5732 | fact=  2.5201 | GF=  1.8081 | solve=  1.6858 | scatter=  0.0502
f=     7.400 Hz | ky=  0.826996E-02 | IK=      12/      88 | t=    6.892300 s | CA=  2.5623 | fact=  2.5261 | GF=  1.8039 | solve=  1.6819 | scatter=  0.0500
f=     7.400 Hz | ky=  0.895913E-02 | IK=      13/      88 | t=    6.849500 s | CA=  2.5322 | fact=  2.5072 | GF=  1.8100 | solve=  1.6854 | scatter=  0.0527
f=     7.400 Hz | ky=  0.964829E-02 | IK=      14/      88 | t=    6.928800 s | CA=  2.5904 | fact=  2.5312 | GF=  1.8072 | solve=  1.6846 | scatter=  0.0507
f=     7.400 Hz | ky=  0.103375E-01 | IK=      15/      88 | t=    6.877700 s | CA=  2.5314 | fact=  2.5435 | GF=  1.8028 | solve=  1.6780 | scatter=  0.0529
PARDISO mem (f=  7.40 Hz): sym=  1.95 GB  perm=  1.42 GB  num=  3.22 GB  
peak=  4.64 GB
 WD_amp= 8.12481E+13  RESID_RMS= 2.52760E-02  FCOST_DATA= 3.19437E-04  FCOST0= 3.19437E-04
BT: alpha=  5.6317E-05  phi=  3.1944E-04  rhs=  3.1943E-04
BT STOP (stagnation): alpha=  5.6317E-05  FCOST1=  3.1944E-04  FCOST0=  3.1943E-04
 UPDATEPARAMETER: f-scale only
UPDATEPARAMETER PAR_STEP min/max, V_STEP min/max =  1.7238904823E+09  1.2216986648E+10
  1.7238904823E+09  1.2216986648E+10
 running run_ik_loop_pardiso
before CA | VmRSS=  24.601 GB  VmHWM= 127.969 GB
after CA | VmRSS=  25.684 GB  VmHWM= 127.969 GB
after factor | VmRSS=  29.452 GB  VmHWM= 127.969 GB
f=     7.400 Hz | ky=  0.689164E-03 | IK=       1/      88 | t=   17.157200 s | CA=  2.4939 | fact= 12.7679 | GF=  1.8952 | solve=  1.7416 | scatter=  0.0518
f=     7.400 Hz | ky=  0.137833E-02 | IK=       2/      88 | t=    6.893600 s | CA=  2.5793 | fact=  2.5160 | GF=  1.7983 | solve=  1.6738 | scatter=  0.0530
f=     7.400 Hz | ky=  0.206749E-02 | IK=       3/      88 | t=    6.860500 s | CA=  2.5389 | fact=  2.5225 | GF=  1.7990 | solve=  1.6750 | scatter=  0.0522
f=     7.400 Hz | ky=  0.275665E-02 | IK=       4/      88 | t=    6.912000 s | CA=  2.5890 | fact=  2.5245 | GF=  1.7985 | solve=  1.6737 | scatter=  0.0528
f=     7.400 Hz | ky=  0.344582E-02 | IK=       5/      88 | t=    6.869700 s | CA=  2.5404 | fact=  2.5183 | GF=  1.8110 | solve=  1.6862 | scatter=  0.0530
f=     7.400 Hz | ky=  0.413498E-02 | IK=       6/      88 | t=    6.904400 s | CA=  2.5740 | fact=  2.5317 | GF=  1.7986 | solve=  1.6754 | scatter=  0.0513
f=     7.400 Hz | ky=  0.482415E-02 | IK=       7/      88 | t=    6.919400 s | CA=  2.5789 | fact=  2.5378 | GF=  1.8026 | solve=  1.6781 | scatter=  0.0525
f=     7.400 Hz | ky=  0.551331E-02 | IK=       8/      88 | t=    6.891500 s | CA=  2.5684 | fact=  2.5189 | GF=  1.8042 | solve=  1.6783 | scatter=  0.0539
f=     7.400 Hz | ky=  0.620247E-02 | IK=       9/      88 | t=    6.862400 s | CA=  2.5319 | fact=  2.5275 | GF=  1.8029 | solve=  1.6797 | scatter=  0.0514
f=     7.400 Hz | ky=  0.689164E-02 | IK=      10/      88 | t=    6.906000 s | CA=  2.5709 | fact=  2.5333 | GF=  1.8018 | solve=  1.6782 | scatter=  0.0517
f=     7.400 Hz | ky=  0.758080E-02 | IK=      11/      88 | t=    6.924000 s | CA=  2.5948 | fact=  2.5302 | GF=  1.7989 | solve=  1.6740 | scatter=  0.0530
f=     7.400 Hz | ky=  0.826996E-02 | IK=      12/      88 | t=    6.887800 s | CA=  2.5536 | fact=  2.5354 | GF=  1.7988 | solve=  1.6754 | scatter=  0.0514
f=     7.400 Hz | ky=  0.895913E-02 | IK=      13/      88 | t=    6.905200 s | CA=  2.5945 | fact=  2.5097 | GF=  1.8009 | solve=  1.6781 | scatter=  0.0509
f=     7.400 Hz | ky=  0.964829E-02 | IK=      14/      88 | t=    6.868300 s | CA=  2.5567 | fact=  2.5050 | GF=  1.8065 | solve=  1.6838 | scatter=  0.0505
f=     7.400 Hz | ky=  0.103375E-01 | IK=      15/      88 | t=    6.931700 s | CA=  2.5970 | fact=  2.5228 | GF=  1.8119 | solve=  1.6870 | scatter=  0.0529
PARDISO mem (f=  7.40 Hz): sym=  1.95 GB  perm=  1.42 GB  num=  3.22 GB  
peak=  4.64 GB
 WD_amp= 8.12481E+13  RESID_RMS= 2.52759E-02  FCOST_DATA= 3.19435E-04  FCOST0= 3.19435E-04
 Backtrack: failed after MAX_IT
 Line search failed (IFLAG=          11 ), inversion diverged.
 --------- Frequency   8.10000000000000       (band            1 )
Data weighting computed for frequency 4607182418800017373
[ComputeAcqWeight] empty acq_weight_file, using uniform weights = 1.0
Data weighting computed for frequency 4607182418800017373
Data weighting computed for frequency 4607182418800017373
Data weighting computed for frequency 4607182418800017373
Data weighting computed for frequency 4607182418800017373
Data weighting computed for frequency 4607182418800017373
XSRmin, XSRmax, ZSRmin, ZSRMax -1960.000000000000 .000000000000000 2050.000000000000 4030.000000000000
1 FKYC
1.2 FKYC
my_rank, FKYC,WLMAX, RMAX 0 .6638321868020171E-01 632.4418265237988 2786.036611389018
1.1 NK
NK in cky2= 88

  Number of wavenumber samples (NK) for FREQ =   88
  RMAX = 2786.04
--- Pre-solver preview (memory + RHS workload) ---
   GQG dims: NNX=       585  NNZ=       317  NPT=    185445
   DOF:     N=3*NPT =    556335
   Sources: NSR=       100  NSS=        20  NK=        88
   RHS total (per IK): nrhs_tot=3*NSS =        60
   Batch:    MAX_RHS_BATCH=        32  nbatches=         2
   GFMY  (GFX+GFY+GFZ):         21.886 GB
   RHS_MY(rhs+sol buffers):      0.531 GB
 
 running run_ik_loop_pardiso
before CA | VmRSS=  23.627 GB  VmHWM= 127.969 GB
after CA | VmRSS=  25.157 GB  VmHWM= 127.969 GB
after factor | VmRSS=  28.924 GB  VmHWM= 127.969 GB
f=     8.100 Hz | ky=  0.754355E-03 | IK=       1/      88 | t=   17.174400 s | CA=  2.4898 | fact= 12.7821 | GF=  1.9024 | solve=  1.7471 | scatter=  0.0531
f=     8.100 Hz | ky=  0.150871E-02 | IK=       2/      88 | t=    6.867900 s | CA=  2.5707 | fact=  2.5009 | GF=  1.7963 | solve=  1.6731 | scatter=  0.0514
f=     8.100 Hz | ky=  0.226306E-02 | IK=       3/      88 | t=    6.865300 s | CA=  2.5441 | fact=  2.5244 | GF=  1.7968 | solve=  1.6740 | scatter=  0.0511
f=     8.100 Hz | ky=  0.301742E-02 | IK=       4/      88 | t=    6.905500 s | CA=  2.5826 | fact=  2.5201 | GF=  1.8028 | solve=  1.6802 | scatter=  0.0507
f=     8.100 Hz | ky=  0.377177E-02 | IK=       5/      88 | t=    6.945900 s | CA=  2.6199 | fact=  2.5231 | GF=  1.8028 | solve=  1.6785 | scatter=  0.0525
f=     8.100 Hz | ky=  0.452613E-02 | IK=       6/      88 | t=    6.860500 s | CA=  2.5375 | fact=  2.5204 | GF=  1.8025 | solve=  1.6773 | scatter=  0.0531
f=     8.100 Hz | ky=  0.528048E-02 | IK=       7/      88 | t=    6.908600 s | CA=  2.5674 | fact=  2.5300 | GF=  1.8112 | solve=  1.6859 | scatter=  0.0532
f=     8.100 Hz | ky=  0.603484E-02 | IK=       8/      88 | t=    6.898400 s | CA=  2.5620 | fact=  2.5332 | GF=  1.8032 | solve=  1.6790 | scatter=  0.0521
f=     8.100 Hz | ky=  0.678919E-02 | IK=       9/      88 | t=    6.883300 s | CA=  2.5491 | fact=  2.5318 | GF=  1.8024 | solve=  1.6782 | scatter=  0.0521
f=     8.100 Hz | ky=  0.754355E-02 | IK=      10/      88 | t=    6.890800 s | CA=  2.5493 | fact=  2.5336 | GF=  1.8078 | solve=  1.6819 | scatter=  0.0540
f=     8.100 Hz | ky=  0.829790E-02 | IK=      11/      88 | t=    6.914300 s | CA=  2.5553 | fact=  2.5531 | GF=  1.8058 | solve=  1.6818 | scatter=  0.0520
f=     8.100 Hz | ky=  0.905226E-02 | IK=      12/      88 | t=    6.934800 s | CA=  2.5986 | fact=  2.5282 | GF=  1.8080 | solve=  1.6860 | scatter=  0.0500
f=     8.100 Hz | ky=  0.980661E-02 | IK=      13/      88 | t=    6.887700 s | CA=  2.5365 | fact=  2.5443 | GF=  1.8068 | solve=  1.6814 | scatter=  0.0531
f=     8.100 Hz | ky=  0.105610E-01 | IK=      14/      88 | t=    6.894700 s | CA=  2.5579 | fact=  2.5333 | GF=  1.8034 | solve=  1.6765 | scatter=  0.0547
f=     8.100 Hz | ky=  0.113153E-01 | IK=      15/      88 | t=    6.903200 s | CA=  2.5607 | fact=  2.5381 | GF=  1.8044 | solve=  1.6795 | scatter=  0.0528
PARDISO mem (f=  8.10 Hz): sym=  1.95 GB  perm=  1.42 GB  num=  3.22 GB  
peak=  4.64 GB
t_global   =    172.684 s
TIME for 1st forward modeling =  2.878119913736979  min
TIME for GT0 =  .9389999508857726E-02  min
Data scaler W for L2 norm: 87036989956179.09
Data scaler W for WQS norm: .3395193265742062E-312
Total number of active inversion parameters for current sequential stage (IM):          1
Total model blocks points (NM = IM * NBLOCK):      11534 on grid (NMM = IM * NPT):    185445
 Gradient balance ():   1.00000000000000        1.00000000000000     
   1.00000000000000        1.00000000000000        1.00000000000000     
   1.00000000000000        1.00000000000000        1.00000000000000     
   1.00000000000000        1.00000000000000        1.00000000000000     
 IE0, IZ          30           0
 IE0, IZ, GZ1, GZ2 =           30           0   100.000000000000     
   300.000000000000     
  
 Frequency:          12 Iteration:           1
--- Pre-solver preview (memory + RHS workload) ---
   GQG dims: NNX=       585  NNZ=       317  NPT=    185445
   DOF:     N=3*NPT =    556335
   Sources: NSR=       100  NSS=       100  NK=        88
   RHS total (per IK): nrhs_tot=3*NSS =       300
   Batch:    MAX_RHS_BATCH=        32  nbatches=        10
   GFMY  (GFX+GFY+GFZ):        109.428 GB
   RHS_MY(rhs+sol buffers):      0.531 GB
 
 running run_ik_loop_pardiso
before CA | VmRSS= 111.985 GB  VmHWM= 127.969 GB
after CA | VmRSS= 112.870 GB  VmHWM= 127.969 GB
after factor | VmRSS= 116.631 GB  VmHWM= 127.969 GB
f=     8.100 Hz | ky=  0.754355E-03 | IK=       1/      88 | t=   24.120600 s | CA=  2.4759 | fact= 12.7917 | GF=  8.8528 | solve=  8.2075 | scatter=  0.2441
f=     8.100 Hz | ky=  0.150871E-02 | IK=       2/      88 | t=   13.820900 s | CA=  2.5087 | fact=  2.5252 | GF=  8.7870 | solve=  8.1638 | scatter=  0.2510
f=     8.100 Hz | ky=  0.226306E-02 | IK=       3/      88 | t=   13.871700 s | CA=  2.5735 | fact=  2.5321 | GF=  8.7661 | solve=  8.1442 | scatter=  0.2489
f=     8.100 Hz | ky=  0.301742E-02 | IK=       4/      88 | t=   13.832500 s | CA=  2.5251 | fact=  2.5186 | GF=  8.7887 | solve=  8.1672 | scatter=  0.2475
f=     8.100 Hz | ky=  0.377177E-02 | IK=       5/      88 | t=   13.923100 s | CA=  2.6103 | fact=  2.5304 | GF=  8.7824 | solve=  8.1617 | scatter=  0.2465
f=     8.100 Hz | ky=  0.452613E-02 | IK=       6/      88 | t=   13.879200 s | CA=  2.5705 | fact=  2.5274 | GF=  8.7813 | solve=  8.1551 | scatter=  0.2527
f=     8.100 Hz | ky=  0.528048E-02 | IK=       7/      88 | t=   13.866100 s | CA=  2.5627 | fact=  2.5297 | GF=  8.7736 | solve=  8.1530 | scatter=  0.2470
f=     8.100 Hz | ky=  0.603484E-02 | IK=       8/      88 | t=   13.844100 s | CA=  2.5231 | fact=  2.5296 | GF=  8.7914 | solve=  8.1639 | scatter=  0.2533
f=     8.100 Hz | ky=  0.678919E-02 | IK=       9/      88 | t=   13.832400 s | CA=  2.5466 | fact=  2.5093 | GF=  8.7764 | solve=  8.1545 | scatter=  0.2480
f=     8.100 Hz | ky=  0.754355E-02 | IK=      10/      88 | t=   13.835900 s | CA=  2.5306 | fact=  2.5281 | GF=  8.7771 | solve=  8.1531 | scatter=  0.2502
f=     8.100 Hz | ky=  0.829790E-02 | IK=      11/      88 | t=   13.947100 s | CA=  2.6305 | fact=  2.5210 | GF=  8.7956 | solve=  8.1744 | scatter=  0.2479
f=     8.100 Hz | ky=  0.905226E-02 | IK=      12/      88 | t=   13.858700 s | CA=  2.5676 | fact=  2.5307 | GF=  8.7603 | solve=  8.1356 | scatter=  0.2511
f=     8.100 Hz | ky=  0.980661E-02 | IK=      13/      88 | t=   13.870900 s | CA=  2.5591 | fact=  2.5254 | GF=  8.7863 | solve=  8.1643 | scatter=  0.2483
f=     8.100 Hz | ky=  0.105610E-01 | IK=      14/      88 | t=   13.855500 s | CA=  2.5648 | fact=  2.5094 | GF=  8.7813 | solve=  8.1559 | scatter=  0.2515
f=     8.100 Hz | ky=  0.113153E-01 | IK=      15/      88 | t=   13.886700 s | CA=  2.5684 | fact=  2.5339 | GF=  8.7843 | solve=  8.1630 | scatter=  0.2474
PARDISO mem (f=  8.10 Hz): sym=  1.95 GB  perm=  1.42 GB  num=  3.22 GB  
peak=  4.64 GB
t_global   =    512.251 s
TIME for 2d forward modeling_i calc =  8.535912068684896 min
Rank    3 -> ID range:   2401 to   3200 | Tasks:    800
Rank    5 -> ID range:   4001 to   4800 | Tasks:    800
Rank    2 -> ID range:   1601 to   2400 | Tasks:    800
Rank    4 -> ID range:   3201 to   4000 | Tasks:    800
Rank    1 -> ID range:    801 to   1600 | Tasks:    800
  
 -------------- calculate Frechet derivatives -----------
 IFREQ =          12    ITERATION =           1
Frechet memory size Frec_my:      0.825 (Gb)
Rank    0 -> ID range:      1 to    800 | Tasks:    800
FREQ:      8.1 Hz, ITER=       1  Frechet Derivative ID=     100/    4800 Finished   0.342400 s
FREQ:      8.1 Hz, ITER=       1  Frechet Derivative ID=     200/    4800 Finished   0.334500 s
FREQ:      8.1 Hz, ITER=       1  Frechet Derivative ID=     300/    4800 Finished   0.332900 s
FREQ:      8.1 Hz, ITER=       1  Frechet Derivative ID=     400/    4800 Finished   0.325200 s
FREQ:      8.1 Hz, ITER=       1  Frechet Derivative ID=     500/    4800 Finished   0.329500 s
FREQ:      8.1 Hz, ITER=       1  Frechet Derivative ID=     600/    4800 Finished   0.323500 s
FREQ:      8.1 Hz, ITER=       1  Frechet Derivative ID=     700/    4800 Finished   0.322000 s
FREQ:      8.1 Hz, ITER=       1  Frechet Derivative ID=     800/    4800 Finished   0.322000 s
||Frechet||_F=  1.1708E-19max|Frechet|=  4.2076E-24
||Frechet||_F=  1.1708E-19max|Frechet|=  4.2076E-24
||Frechet||_F=  1.1708E-19max|Frechet|=  4.2076E-24
||Frechet||_F=  1.1708E-19max|Frechet|=  4.2076E-24
||Frechet||_F=  1.1708E-19max|Frechet|=  4.2076E-24
 
TIME for Frechet calc =  4.709959920247396 min
 
m_fine: min=  1.7239E+09  max=  1.2217E+10  mean=  7.9659E+09  ||.||2=  3.8677E+12  size=  185445
m_coarse_prev: min=  1.7471E+09  max=  1.2146E+10  mean=  7.9694E+09  ||.||2=  9.6468E+11  size=   11534
 
  compute the residual and the cost function
 WD_amp= 8.70370E+13  RESID_RMS= 2.52845E-02  FCOST_DATA= 3.19652E-04  FCOST0= 3.19652E-04
||Frechet||_F=  1.1708E-19max|Frechet|=  4.2076E-24
IA=  6  H(single F0) min= 0.00000E+00  max= 2.18629E-03
IA=  6  H(F0^2)     min= 0.00000E+00  max= 2.18629E-03
HESSD: ia=   6  min= 0.00000E+00  max= 4.57248E+05
IA=  6  H(single F0) min= 0.00000E+00  max= 2.18629E-03
IA=  6  H(F0^2)     min= 0.00000E+00  max= 2.18629E-03
HESSD: ia=   6  min= 0.00000E+00  max= 4.57248E+05
IA=  6  H(single F0) min= 0.00000E+00  max= 2.18629E-03
IA=  6  H(F0^2)     min= 0.00000E+00  max= 2.18629E-03
HESSD: ia=   6  min= 0.00000E+00  max= 4.57248E+05
IA=  6  H(single F0) min= 0.00000E+00  max= 2.18629E-03
IA=  6  H(F0^2)     min= 0.00000E+00  max= 2.18629E-03
HESSD: ia=   6  min= 0.00000E+00  max= 4.57248E+05
IA=  6  H(single F0) min= 0.00000E+00  max= 2.18629E-03
IA=  6  H(F0^2)     min= 0.00000E+00  max= 2.18629E-03
HESSD: ia=   6  min= 0.00000E+00  max= 4.57248E+05
IA=  6  H(single F0) min= 0.00000E+00  max= 2.18629E-03
IA=  6  H(F0^2)     min= 0.00000E+00  max= 2.18629E-03
HESSD: ia=   6  min= 0.00000E+00  max= 4.57248E+05
Grad block   6 GRAD_SCALED MORM =   2.9563E-04
Raw grad block  6  PAR={C66}  min= -2.0410E-14  max=  9.0972E-15  L2=  8.0567E-14
Gradient finished
Start LBFGS 
LBFGS steepest step , iter=      1
  g·p = -9.5956E-05  ||p|| =  3.9073E+00
  min(p)= -3.9929E-01  max(p)=  3.3240E-01
LBFGS p_k (unscaled) stats per active parameter:
  IA=  6  PAR={C66}  min=-1.52927E+09  max= 1.27309E+09  L2= 1.49647E+10
min(p_k)= -3.9929E-01  max(p_k)=  3.3240E-01  ||p_k||=  3.9073E+00
min(p_kf)= -3.9929E-01  max(p_kf)=  3.3240E-01  ||p_kf||=  1.5629E+01
p_k/p_kf  =   2.5000E-01
Start linesearch
BT entry: phi(0)=  3.1965E-04  g·p(0)= -9.5956E-05
 UPDATEPARAMETER: f-scale only
UPDATEPARAMETER PAR_STEP min/max, V_STEP min/max =  1.3027338270E+09  1.2304211373E+10
  1.3027338270E+09  1.2304211373E+10
REL STEP elastic: k=  6 row=  6 rmax_k=  3.0008E-01 row_scale=  1.2217E+10
BT cap probe: rmax1=  3.0008E-01  alpha_cap=  1.0000E+00  alpha00=  1.0000E+00
 UPDATEPARAMETER: f-scale only
UPDATEPARAMETER PAR_STEP min/max, V_STEP min/max =  1.3027338270E+09  1.2304211373E+10
  1.3027338270E+09  1.2304211373E+10
 running run_ik_loop_pardiso
before CA | VmRSS=  24.465 GB  VmHWM= 127.969 GB
after CA | VmRSS=  25.684 GB  VmHWM= 127.969 GB
after factor | VmRSS=  29.441 GB  VmHWM= 127.969 GB
f=     8.100 Hz | ky=  0.754355E-03 | IK=       1/      88 | t=   17.250900 s | CA=  2.5463 | fact= 12.7965 | GF=  1.9080 | solve=  1.7541 | scatter=  0.0520
f=     8.100 Hz | ky=  0.150871E-02 | IK=       2/      88 | t=    6.927400 s | CA=  2.6023 | fact=  2.5205 | GF=  1.8046 | solve=  1.6812 | scatter=  0.0514
f=     8.100 Hz | ky=  0.226306E-02 | IK=       3/      88 | t=    6.908600 s | CA=  2.5698 | fact=  2.5305 | GF=  1.8083 | solve=  1.6850 | scatter=  0.0510
f=     8.100 Hz | ky=  0.301742E-02 | IK=       4/      88 | t=    6.899500 s | CA=  2.5595 | fact=  2.5307 | GF=  1.8093 | solve=  1.6865 | scatter=  0.0509
f=     8.100 Hz | ky=  0.377177E-02 | IK=       5/      88 | t=    6.861100 s | CA=  2.5318 | fact=  2.5244 | GF=  1.8048 | solve=  1.6788 | scatter=  0.0538
f=     8.100 Hz | ky=  0.452613E-02 | IK=       6/      88 | t=    6.875900 s | CA=  2.5383 | fact=  2.5355 | GF=  1.8020 | solve=  1.6797 | scatter=  0.0500
f=     8.100 Hz | ky=  0.528048E-02 | IK=       7/      88 | t=    6.881900 s | CA=  2.5375 | fact=  2.5367 | GF=  1.8076 | solve=  1.6847 | scatter=  0.0508
f=     8.100 Hz | ky=  0.603484E-02 | IK=       8/      88 | t=    6.951300 s | CA=  2.6203 | fact=  2.5279 | GF=  1.8031 | solve=  1.6810 | scatter=  0.0501
f=     8.100 Hz | ky=  0.678919E-02 | IK=       9/      88 | t=    6.943100 s | CA=  2.5811 | fact=  2.5515 | GF=  1.8104 | solve=  1.6845 | scatter=  0.0539
f=     8.100 Hz | ky=  0.754355E-02 | IK=      10/      88 | t=    6.907600 s | CA=  2.5614 | fact=  2.5417 | GF=  1.8045 | solve=  1.6820 | scatter=  0.0505
f=     8.100 Hz | ky=  0.829790E-02 | IK=      11/      88 | t=    6.871100 s | CA=  2.5489 | fact=  2.5183 | GF=  1.8038 | solve=  1.6798 | scatter=  0.0520
f=     8.100 Hz | ky=  0.905226E-02 | IK=      12/      88 | t=    6.912600 s | CA=  2.5840 | fact=  2.5267 | GF=  1.8018 | solve=  1.6791 | scatter=  0.0501
f=     8.100 Hz | ky=  0.980661E-02 | IK=      13/      88 | t=    6.902600 s | CA=  2.5837 | fact=  2.5162 | GF=  1.8027 | solve=  1.6783 | scatter=  0.0522
f=     8.100 Hz | ky=  0.105610E-01 | IK=      14/      88 | t=    6.897700 s | CA=  2.5434 | fact=  2.5476 | GF=  1.8066 | solve=  1.6835 | scatter=  0.0509
f=     8.100 Hz | ky=  0.113153E-01 | IK=      15/      88 | t=    6.932600 s | CA=  2.5864 | fact=  2.5321 | GF=  1.8139 | solve=  1.6878 | scatter=  0.0536
PARDISO mem (f=  8.10 Hz): sym=  1.95 GB  perm=  1.42 GB  num=  3.22 GB  
peak=  4.64 GB
 WD_amp= 8.70370E+13  RESID_RMS= 2.75528E-02  FCOST_DATA= 3.79579E-04  FCOST0= 3.79579E-04
BT: alpha=  1.0000E+00  phi=  3.7958E-04  rhs=  3.1964E-04
 UPDATEPARAMETER: f-scale only
UPDATEPARAMETER PAR_STEP min/max, V_STEP min/max =  1.5629771138E+09  1.2260599819E+10
  1.5629771138E+09  1.2260599819E+10
 running run_ik_loop_pardiso
before CA | VmRSS=  24.454 GB  VmHWM= 127.969 GB
after CA | VmRSS=  25.724 GB  VmHWM= 127.969 GB
after factor | VmRSS=  29.483 GB  VmHWM= 127.969 GB
f=     8.100 Hz | ky=  0.754355E-03 | IK=       1/      88 | t=   17.185000 s | CA=  2.4755 | fact= 12.8019 | GF=  1.9074 | solve=  1.7535 | scatter=  0.0518
f=     8.100 Hz | ky=  0.150871E-02 | IK=       2/      88 | t=    6.835900 s | CA=  2.5575 | fact=  2.4796 | GF=  1.7987 | solve=  1.6757 | scatter=  0.0510
f=     8.100 Hz | ky=  0.226306E-02 | IK=       3/      88 | t=    6.864900 s | CA=  2.5579 | fact=  2.5317 | GF=  1.7753 | solve=  1.6514 | scatter=  0.0519
f=     8.100 Hz | ky=  0.301742E-02 | IK=       4/      88 | t=    6.930600 s | CA=  2.6164 | fact=  2.5414 | GF=  1.7727 | solve=  1.6496 | scatter=  0.0511
f=     8.100 Hz | ky=  0.377177E-02 | IK=       5/      88 | t=    6.869100 s | CA=  2.5616 | fact=  2.5383 | GF=  1.7691 | solve=  1.6436 | scatter=  0.0532
f=     8.100 Hz | ky=  0.452613E-02 | IK=       6/      88 | t=    6.846500 s | CA=  2.5612 | fact=  2.5458 | GF=  1.7395 | solve=  1.6146 | scatter=  0.0527
f=     8.100 Hz | ky=  0.528048E-02 | IK=       7/      88 | t=    6.844700 s | CA=  2.5638 | fact=  2.5513 | GF=  1.7295 | solve=  1.6032 | scatter=  0.0542
f=     8.100 Hz | ky=  0.603484E-02 | IK=       8/      88 | t=    6.810900 s | CA=  2.5531 | fact=  2.5295 | GF=  1.7282 | solve=  1.6054 | scatter=  0.0503
f=     8.100 Hz | ky=  0.678919E-02 | IK=       9/      88 | t=    6.854000 s | CA=  2.5661 | fact=  2.5488 | GF=  1.7391 | solve=  1.6126 | scatter=  0.0541
f=     8.100 Hz | ky=  0.754355E-02 | IK=      10/      88 | t=    6.855600 s | CA=  2.5651 | fact=  2.5612 | GF=  1.7292 | solve=  1.6067 | scatter=  0.0502
f=     8.100 Hz | ky=  0.829790E-02 | IK=      11/      88 | t=    6.891900 s | CA=  2.6024 | fact=  2.5567 | GF=  1.7328 | solve=  1.6073 | scatter=  0.0533
f=     8.100 Hz | ky=  0.905226E-02 | IK=      12/      88 | t=    6.847200 s | CA=  2.5941 | fact=  2.5247 | GF=  1.7284 | solve=  1.6055 | scatter=  0.0507
f=     8.100 Hz | ky=  0.980661E-02 | IK=      13/      88 | t=    6.858900 s | CA=  2.5939 | fact=  2.5233 | GF=  1.7417 | solve=  1.6158 | scatter=  0.0538
f=     8.100 Hz | ky=  0.105610E-01 | IK=      14/      88 | t=    6.838800 s | CA=  2.5667 | fact=  2.5413 | GF=  1.7307 | solve=  1.6074 | scatter=  0.0510
f=     8.100 Hz | ky=  0.113153E-01 | IK=      15/      88 | t=    6.861200 s | CA=  2.5896 | fact=  2.5384 | GF=  1.7331 | solve=  1.6079 | scatter=  0.0529
PARDISO mem (f=  8.10 Hz): sym=  1.95 GB  perm=  1.42 GB  num=  3.22 GB  
peak=  4.64 GB
 WD_amp= 8.70370E+13  RESID_RMS= 2.56257E-02  FCOST_DATA= 3.28338E-04  FCOST0= 3.28338E-04
BT: alpha=  5.0000E-01  phi=  3.2834E-04  rhs=  3.1965E-04
 UPDATEPARAMETER: f-scale only
UPDATEPARAMETER PAR_STEP min/max, V_STEP min/max =  1.6539397263E+09  1.2238794041E+10
  1.6539397263E+09  1.2238794041E+10
 running run_ik_loop_pardiso
before CA | VmRSS=  24.432 GB  VmHWM= 127.969 GB
after CA | VmRSS=  25.397 GB  VmHWM= 127.969 GB
after factor | VmRSS=  29.158 GB  VmHWM= 127.969 GB
f=     8.100 Hz | ky=  0.754355E-03 | IK=       1/      88 | t=   17.207600 s | CA=  2.4913 | fact= 12.8008 | GF=  1.9154 | solve=  1.7587 | scatter=  0.0547
f=     8.100 Hz | ky=  0.150871E-02 | IK=       2/      88 | t=    6.853800 s | CA=  2.5107 | fact=  2.5372 | GF=  1.8058 | solve=  1.6838 | scatter=  0.0501
f=     8.100 Hz | ky=  0.226306E-02 | IK=       3/      88 | t=    6.917000 s | CA=  2.5782 | fact=  2.5307 | GF=  1.8080 | solve=  1.6834 | scatter=  0.0528
f=     8.100 Hz | ky=  0.301742E-02 | IK=       4/      88 | t=    6.853300 s | CA=  2.5222 | fact=  2.5231 | GF=  1.8079 | solve=  1.6838 | scatter=  0.0522
f=     8.100 Hz | ky=  0.377177E-02 | IK=       5/      88 | t=    6.907000 s | CA=  2.5763 | fact=  2.5235 | GF=  1.8071 | solve=  1.6837 | scatter=  0.0513
f=     8.100 Hz | ky=  0.452613E-02 | IK=       6/      88 | t=    6.916200 s | CA=  2.5719 | fact=  2.5338 | GF=  1.8105 | solve=  1.6869 | scatter=  0.0517
f=     8.100 Hz | ky=  0.528048E-02 | IK=       7/      88 | t=    6.857200 s | CA=  2.5261 | fact=  2.5257 | GF=  1.8053 | solve=  1.6812 | scatter=  0.0521
f=     8.100 Hz | ky=  0.603484E-02 | IK=       8/      88 | t=    6.882700 s | CA=  2.5589 | fact=  2.5239 | GF=  1.7999 | solve=  1.6761 | scatter=  0.0520
f=     8.100 Hz | ky=  0.678919E-02 | IK=       9/      88 | t=    6.889400 s | CA=  2.5646 | fact=  2.5180 | GF=  1.8067 | solve=  1.6819 | scatter=  0.0525
f=     8.100 Hz | ky=  0.754355E-02 | IK=      10/      88 | t=    6.859500 s | CA=  2.5468 | fact=  2.5091 | GF=  1.8036 | solve=  1.6810 | scatter=  0.0506
f=     8.100 Hz | ky=  0.829790E-02 | IK=      11/      88 | t=    6.884300 s | CA=  2.5379 | fact=  2.5386 | GF=  1.8077 | solve=  1.6834 | scatter=  0.0520
f=     8.100 Hz | ky=  0.905226E-02 | IK=      12/      88 | t=    6.937500 s | CA=  2.6104 | fact=  2.5206 | GF=  1.8065 | solve=  1.6843 | scatter=  0.0502
f=     8.100 Hz | ky=  0.980661E-02 | IK=      13/      88 | t=    6.851700 s | CA=  2.5133 | fact=  2.5293 | GF=  1.8091 | solve=  1.6835 | scatter=  0.0535
f=     8.100 Hz | ky=  0.105610E-01 | IK=      14/      88 | t=    6.898800 s | CA=  2.5624 | fact=  2.5364 | GF=  1.8000 | solve=  1.6771 | scatter=  0.0510
f=     8.100 Hz | ky=  0.113153E-01 | IK=      15/      88 | t=    6.849600 s | CA=  2.5303 | fact=  2.5164 | GF=  1.8029 | solve=  1.6781 | scatter=  0.0526
PARDISO mem (f=  8.10 Hz): sym=  1.95 GB  perm=  1.42 GB  num=  3.22 GB  
peak=  4.64 GB
 WD_amp= 8.70370E+13  RESID_RMS= 2.53443E-02  FCOST_DATA= 3.21167E-04  FCOST0= 3.21167E-04
BT: alpha=  2.5000E-01  phi=  3.2117E-04  rhs=  3.1965E-04
 UPDATEPARAMETER: f-scale only
UPDATEPARAMETER PAR_STEP min/max, V_STEP min/max =  1.6924176574E+09  1.2227891153E+10
  1.6924176574E+09  1.2227891153E+10
 running run_ik_loop_pardiso
before CA | VmRSS=  24.451 GB  VmHWM= 127.969 GB
after CA | VmRSS=  25.675 GB  VmHWM= 127.969 GB
after factor | VmRSS=  29.445 GB  VmHWM= 127.969 GB
f=     8.100 Hz | ky=  0.754355E-03 | IK=       1/      88 | t=   17.198300 s | CA=  2.4996 | fact= 12.7936 | GF=  1.9049 | solve=  1.7511 | scatter=  0.0520
f=     8.100 Hz | ky=  0.150871E-02 | IK=       2/      88 | t=    6.876500 s | CA=  2.5521 | fact=  2.5279 | GF=  1.7964 | solve=  1.6738 | scatter=  0.0509
f=     8.100 Hz | ky=  0.226306E-02 | IK=       3/      88 | t=    6.909400 s | CA=  2.5757 | fact=  2.5308 | GF=  1.8029 | solve=  1.6785 | scatter=  0.0526
f=     8.100 Hz | ky=  0.301742E-02 | IK=       4/      88 | t=    6.902100 s | CA=  2.5767 | fact=  2.5273 | GF=  1.7980 | solve=  1.6766 | scatter=  0.0495
f=     8.100 Hz | ky=  0.377177E-02 | IK=       5/      88 | t=    6.886500 s | CA=  2.5731 | fact=  2.5082 | GF=  1.8052 | solve=  1.6796 | scatter=  0.0538
f=     8.100 Hz | ky=  0.452613E-02 | IK=       6/      88 | t=    6.880700 s | CA=  2.5520 | fact=  2.5232 | GF=  1.8055 | solve=  1.6830 | scatter=  0.0502
f=     8.100 Hz | ky=  0.528048E-02 | IK=       7/      88 | t=    6.918600 s | CA=  2.5701 | fact=  2.5379 | GF=  1.8106 | solve=  1.6846 | scatter=  0.0540
f=     8.100 Hz | ky=  0.603484E-02 | IK=       8/      88 | t=    6.825700 s | CA=  2.5349 | fact=  2.4903 | GF=  1.8004 | solve=  1.6766 | scatter=  0.0520
f=     8.100 Hz | ky=  0.678919E-02 | IK=       9/      88 | t=    6.922200 s | CA=  2.5970 | fact=  2.5245 | GF=  1.8006 | solve=  1.6773 | scatter=  0.0515
f=     8.100 Hz | ky=  0.754355E-02 | IK=      10/      88 | t=    6.884900 s | CA=  2.5542 | fact=  2.5273 | GF=  1.8034 | solve=  1.6807 | scatter=  0.0507
f=     8.100 Hz | ky=  0.829790E-02 | IK=      11/      88 | t=    6.895500 s | CA=  2.5618 | fact=  2.5313 | GF=  1.8023 | solve=  1.6775 | scatter=  0.0529
f=     8.100 Hz | ky=  0.905226E-02 | IK=      12/      88 | t=    6.915400 s | CA=  2.5819 | fact=  2.5302 | GF=  1.8033 | solve=  1.6781 | scatter=  0.0531
f=     8.100 Hz | ky=  0.980661E-02 | IK=      13/      88 | t=    6.938100 s | CA=  2.5998 | fact=  2.5297 | GF=  1.8086 | solve=  1.6846 | scatter=  0.0522
f=     8.100 Hz | ky=  0.105610E-01 | IK=      14/      88 | t=    6.942400 s | CA=  2.6238 | fact=  2.5170 | GF=  1.8016 | solve=  1.6767 | scatter=  0.0530
f=     8.100 Hz | ky=  0.113153E-01 | IK=      15/      88 | t=    6.921400 s | CA=  2.5865 | fact=  2.5308 | GF=  1.8041 | solve=  1.6795 | scatter=  0.0527
PARDISO mem (f=  8.10 Hz): sym=  1.95 GB  perm=  1.42 GB  num=  3.22 GB  
peak=  4.64 GB
 WD_amp= 8.70370E+13  RESID_RMS= 2.53204E-02  FCOST_DATA= 3.20562E-04  FCOST0= 3.20562E-04
BT: alpha=  1.2500E-01  phi=  3.2056E-04  rhs=  3.1965E-04
 UPDATEPARAMETER: f-scale only
UPDATEPARAMETER PAR_STEP min/max, V_STEP min/max =  1.7081537822E+09  1.2222439708E+10
  1.7081537822E+09  1.2222439708E+10
 running run_ik_loop_pardiso
before CA | VmRSS=  24.969 GB  VmHWM= 127.969 GB
after CA | VmRSS=  25.743 GB  VmHWM= 127.969 GB
after factor | VmRSS=  29.537 GB  VmHWM= 127.969 GB
f=     8.100 Hz | ky=  0.754355E-03 | IK=       1/      88 | t=   17.158200 s | CA=  2.4713 | fact= 12.7819 | GF=  1.9049 | solve=  1.7506 | scatter=  0.0528
f=     8.100 Hz | ky=  0.150871E-02 | IK=       2/      88 | t=    6.873600 s | CA=  2.5643 | fact=  2.5188 | GF=  1.7904 | solve=  1.6661 | scatter=  0.0528
f=     8.100 Hz | ky=  0.226306E-02 | IK=       3/      88 | t=    6.853000 s | CA=  2.5467 | fact=  2.5084 | GF=  1.7978 | solve=  1.6728 | scatter=  0.0530
f=     8.100 Hz | ky=  0.301742E-02 | IK=       4/      88 | t=    6.856600 s | CA=  2.5373 | fact=  2.5230 | GF=  1.7962 | solve=  1.6741 | scatter=  0.0503
f=     8.100 Hz | ky=  0.377177E-02 | IK=       5/      88 | t=    6.883400 s | CA=  2.5868 | fact=  2.5031 | GF=  1.7935 | solve=  1.6694 | scatter=  0.0520
f=     8.100 Hz | ky=  0.452613E-02 | IK=       6/      88 | t=    6.855600 s | CA=  2.5318 | fact=  2.5250 | GF=  1.7987 | solve=  1.6760 | scatter=  0.0508
f=     8.100 Hz | ky=  0.528048E-02 | IK=       7/      88 | t=    6.941200 s | CA=  2.6128 | fact=  2.5280 | GF=  1.8004 | solve=  1.6763 | scatter=  0.0522
f=     8.100 Hz | ky=  0.603484E-02 | IK=       8/      88 | t=    6.848700 s | CA=  2.5167 | fact=  2.5310 | GF=  1.8010 | solve=  1.6781 | scatter=  0.0508
f=     8.100 Hz | ky=  0.678919E-02 | IK=       9/      88 | t=    6.938400 s | CA=  2.6052 | fact=  2.5311 | GF=  1.8020 | solve=  1.6772 | scatter=  0.0530
f=     8.100 Hz | ky=  0.754355E-02 | IK=      10/      88 | t=    6.893900 s | CA=  2.5700 | fact=  2.5243 | GF=  1.7996 | solve=  1.6769 | scatter=  0.0506
f=     8.100 Hz | ky=  0.829790E-02 | IK=      11/      88 | t=    6.888300 s | CA=  2.5520 | fact=  2.5342 | GF=  1.8021 | solve=  1.6783 | scatter=  0.0516
f=     8.100 Hz | ky=  0.905226E-02 | IK=      12/      88 | t=    6.873500 s | CA=  2.5476 | fact=  2.5219 | GF=  1.8039 | solve=  1.6785 | scatter=  0.0534
f=     8.100 Hz | ky=  0.980661E-02 | IK=      13/      88 | t=    6.998900 s | CA=  2.6758 | fact=  2.5272 | GF=  1.7958 | solve=  1.6711 | scatter=  0.0524
f=     8.100 Hz | ky=  0.105610E-01 | IK=      14/      88 | t=    6.909000 s | CA=  2.5766 | fact=  2.5340 | GF=  1.7983 | solve=  1.6754 | scatter=  0.0506
f=     8.100 Hz | ky=  0.113153E-01 | IK=      15/      88 | t=    6.922800 s | CA=  2.5955 | fact=  2.5230 | GF=  1.8043 | solve=  1.6804 | scatter=  0.0520
PARDISO mem (f=  8.10 Hz): sym=  1.95 GB  perm=  1.42 GB  num=  3.22 GB  
peak=  4.64 GB
 WD_amp= 8.70370E+13  RESID_RMS= 2.53072E-02  FCOST_DATA= 3.20227E-04  FCOST0= 3.20227E-04
BT: alpha=  6.2500E-02  phi=  3.2023E-04  rhs=  3.1965E-04
 UPDATEPARAMETER: f-scale only
UPDATEPARAMETER PAR_STEP min/max, V_STEP min/max =  1.7160218446E+09  1.2219713986E+10
  1.7160218446E+09  1.2219713986E+10
 running run_ik_loop_pardiso
before CA | VmRSS=  24.405 GB  VmHWM= 127.969 GB
after CA | VmRSS=  25.667 GB  VmHWM= 127.969 GB
after factor | VmRSS=  29.453 GB  VmHWM= 127.969 GB
f=     8.100 Hz | ky=  0.754355E-03 | IK=       1/      88 | t=   17.217000 s | CA=  2.5320 | fact= 12.7869 | GF=  1.8980 | solve=  1.7442 | scatter=  0.0525
f=     8.100 Hz | ky=  0.150871E-02 | IK=       2/      88 | t=    6.970300 s | CA=  2.6428 | fact=  2.5246 | GF=  1.8029 | solve=  1.6803 | scatter=  0.0508
f=     8.100 Hz | ky=  0.226306E-02 | IK=       3/      88 | t=    6.880900 s | CA=  2.5927 | fact=  2.4920 | GF=  1.7962 | solve=  1.6710 | scatter=  0.0531
f=     8.100 Hz | ky=  0.301742E-02 | IK=       4/      88 | t=    6.923300 s | CA=  2.6041 | fact=  2.5152 | GF=  1.8040 | solve=  1.6814 | scatter=  0.0507
f=     8.100 Hz | ky=  0.377177E-02 | IK=       5/      88 | t=    6.901900 s | CA=  2.5745 | fact=  2.5285 | GF=  1.7989 | solve=  1.6744 | scatter=  0.0527
f=     8.100 Hz | ky=  0.452613E-02 | IK=       6/      88 | t=    6.933000 s | CA=  2.6131 | fact=  2.5202 | GF=  1.7997 | solve=  1.6761 | scatter=  0.0514
f=     8.100 Hz | ky=  0.528048E-02 | IK=       7/      88 | t=    6.955400 s | CA=  2.6114 | fact=  2.5383 | GF=  1.8057 | solve=  1.6813 | scatter=  0.0524
f=     8.100 Hz | ky=  0.603484E-02 | IK=       8/      88 | t=    6.951900 s | CA=  2.6358 | fact=  2.5118 | GF=  1.8043 | solve=  1.6781 | scatter=  0.0542
f=     8.100 Hz | ky=  0.678919E-02 | IK=       9/      88 | t=    6.918900 s | CA=  2.5823 | fact=  2.5334 | GF=  1.8032 | solve=  1.6792 | scatter=  0.0522
f=     8.100 Hz | ky=  0.754355E-02 | IK=      10/      88 | t=    6.960400 s | CA=  2.6554 | fact=  2.5004 | GF=  1.8045 | solve=  1.6826 | scatter=  0.0500
f=     8.100 Hz | ky=  0.829790E-02 | IK=      11/      88 | t=    6.970500 s | CA=  2.6250 | fact=  2.5432 | GF=  1.8023 | solve=  1.6775 | scatter=  0.0529
f=     8.100 Hz | ky=  0.905226E-02 | IK=      12/      88 | t=    6.907000 s | CA=  2.5745 | fact=  2.5352 | GF=  1.7972 | solve=  1.6740 | scatter=  0.0513
f=     8.100 Hz | ky=  0.980661E-02 | IK=      13/      88 | t=    6.896700 s | CA=  2.5802 | fact=  2.5127 | GF=  1.8038 | solve=  1.6784 | scatter=  0.0532
f=     8.100 Hz | ky=  0.105610E-01 | IK=      14/      88 | t=    6.944100 s | CA=  2.6137 | fact=  2.5294 | GF=  1.8010 | solve=  1.6749 | scatter=  0.0542
f=     8.100 Hz | ky=  0.113153E-01 | IK=      15/      88 | t=    6.923200 s | CA=  2.5834 | fact=  2.5320 | GF=  1.8078 | solve=  1.6833 | scatter=  0.0525
PARDISO mem (f=  8.10 Hz): sym=  1.95 GB  perm=  1.42 GB  num=  3.22 GB  
peak=  4.64 GB
 WD_amp= 8.70370E+13  RESID_RMS= 2.52970E-02  FCOST_DATA= 3.19970E-04  FCOST0= 3.19970E-04
BT: alpha=  3.1250E-02  phi=  3.1997E-04  rhs=  3.1965E-04
 UPDATEPARAMETER: f-scale only
UPDATEPARAMETER PAR_STEP min/max, V_STEP min/max =  1.7199558759E+09  1.2218351125E+10
  1.7199558759E+09  1.2218351125E+10
 running run_ik_loop_pardiso
before CA | VmRSS=  24.435 GB  VmHWM= 127.969 GB
after CA | VmRSS=  25.834 GB  VmHWM= 127.969 GB
after factor | VmRSS=  29.597 GB  VmHWM= 127.969 GB
f=     8.100 Hz | ky=  0.754355E-03 | IK=       1/      88 | t=   17.185200 s | CA=  2.4989 | fact= 12.7868 | GF=  1.8993 | solve=  1.7454 | scatter=  0.0525
f=     8.100 Hz | ky=  0.150871E-02 | IK=       2/      88 | t=    6.906300 s | CA=  2.6034 | fact=  2.5025 | GF=  1.8003 | solve=  1.6782 | scatter=  0.0505
f=     8.100 Hz | ky=  0.226306E-02 | IK=       3/      88 | t=    6.914400 s | CA=  2.6112 | fact=  2.5081 | GF=  1.7951 | solve=  1.6709 | scatter=  0.0525
f=     8.100 Hz | ky=  0.301742E-02 | IK=       4/      88 | t=    6.925500 s | CA=  2.5923 | fact=  2.5323 | GF=  1.8009 | solve=  1.6787 | scatter=  0.0503
f=     8.100 Hz | ky=  0.377177E-02 | IK=       5/      88 | t=    6.926400 s | CA=  2.6183 | fact=  2.5059 | GF=  1.8022 | solve=  1.6781 | scatter=  0.0521
f=     8.100 Hz | ky=  0.452613E-02 | IK=       6/      88 | t=    6.859100 s | CA=  2.5433 | fact=  2.5161 | GF=  1.7997 | solve=  1.6755 | scatter=  0.0522
f=     8.100 Hz | ky=  0.528048E-02 | IK=       7/      88 | t=    6.907500 s | CA=  2.5856 | fact=  2.5154 | GF=  1.8064 | solve=  1.6821 | scatter=  0.0522
f=     8.100 Hz | ky=  0.603484E-02 | IK=       8/      88 | t=    6.947500 s | CA=  2.6189 | fact=  2.5259 | GF=  1.8027 | solve=  1.6804 | scatter=  0.0504
f=     8.100 Hz | ky=  0.678919E-02 | IK=       9/      88 | t=    6.967000 s | CA=  2.6344 | fact=  2.5313 | GF=  1.8013 | solve=  1.6744 | scatter=  0.0546
f=     8.100 Hz | ky=  0.754355E-02 | IK=      10/      88 | t=    6.894100 s | CA=  2.5493 | fact=  2.5335 | GF=  1.8113 | solve=  1.6864 | scatter=  0.0529
f=     8.100 Hz | ky=  0.829790E-02 | IK=      11/      88 | t=    6.987100 s | CA=  2.6421 | fact=  2.5425 | GF=  1.8025 | solve=  1.6785 | scatter=  0.0520
f=     8.100 Hz | ky=  0.905226E-02 | IK=      12/      88 | t=    6.935700 s | CA=  2.5928 | fact=  2.5351 | GF=  1.8078 | solve=  1.6829 | scatter=  0.0528
f=     8.100 Hz | ky=  0.980661E-02 | IK=      13/      88 | t=    6.915500 s | CA=  2.6029 | fact=  2.5086 | GF=  1.8039 | solve=  1.6792 | scatter=  0.0525
f=     8.100 Hz | ky=  0.105610E-01 | IK=      14/      88 | t=    6.884300 s | CA=  2.5489 | fact=  2.5304 | GF=  1.8049 | solve=  1.6792 | scatter=  0.0536
f=     8.100 Hz | ky=  0.113153E-01 | IK=      15/      88 | t=    6.924300 s | CA=  2.5910 | fact=  2.5298 | GF=  1.8034 | solve=  1.6805 | scatter=  0.0510
PARDISO mem (f=  8.10 Hz): sym=  1.95 GB  perm=  1.42 GB  num=  3.22 GB  
peak=  4.64 GB
 WD_amp= 8.70370E+13  RESID_RMS= 2.52910E-02  FCOST_DATA= 3.19818E-04  FCOST0= 3.19818E-04
BT: alpha=  1.5625E-02  phi=  3.1982E-04  rhs=  3.1965E-04
 UPDATEPARAMETER: f-scale only
UPDATEPARAMETER PAR_STEP min/max, V_STEP min/max =  1.7219228915E+09  1.2217669695E+10
  1.7219228915E+09  1.2217669695E+10
 running run_ik_loop_pardiso
before CA | VmRSS=  24.510 GB  VmHWM= 127.969 GB
after CA | VmRSS=  25.686 GB  VmHWM= 127.969 GB
after factor | VmRSS=  29.462 GB  VmHWM= 127.969 GB
f=     8.100 Hz | ky=  0.754355E-03 | IK=       1/      88 | t=   17.248200 s | CA=  2.5368 | fact= 12.8025 | GF=  1.9086 | solve=  1.7547 | scatter=  0.0520
f=     8.100 Hz | ky=  0.150871E-02 | IK=       2/      88 | t=    6.895200 s | CA=  2.5856 | fact=  2.5064 | GF=  1.8032 | solve=  1.6811 | scatter=  0.0503
f=     8.100 Hz | ky=  0.226306E-02 | IK=       3/      88 | t=    6.938900 s | CA=  2.6210 | fact=  2.5200 | GF=  1.7979 | solve=  1.6723 | scatter=  0.0536
f=     8.100 Hz | ky=  0.301742E-02 | IK=       4/      88 | t=    6.933600 s | CA=  2.6068 | fact=  2.5260 | GF=  1.8007 | solve=  1.6786 | scatter=  0.0501
f=     8.100 Hz | ky=  0.377177E-02 | IK=       5/      88 | t=    6.926000 s | CA=  2.5966 | fact=  2.5312 | GF=  1.7981 | solve=  1.6724 | scatter=  0.0538
f=     8.100 Hz | ky=  0.452613E-02 | IK=       6/      88 | t=    6.925600 s | CA=  2.5814 | fact=  2.5346 | GF=  1.8096 | solve=  1.6776 | scatter=  0.0600
f=     8.100 Hz | ky=  0.528048E-02 | IK=       7/      88 | t=    6.867400 s | CA=  2.5383 | fact=  2.5224 | GF=  1.8066 | solve=  1.6839 | scatter=  0.0509
f=     8.100 Hz | ky=  0.603484E-02 | IK=       8/      88 | t=    6.881700 s | CA=  2.5532 | fact=  2.5306 | GF=  1.7978 | solve=  1.6750 | scatter=  0.0510
f=     8.100 Hz | ky=  0.678919E-02 | IK=       9/      88 | t=    6.890400 s | CA=  2.5725 | fact=  2.5175 | GF=  1.8004 | solve=  1.6786 | scatter=  0.0500
f=     8.100 Hz | ky=  0.754355E-02 | IK=      10/      88 | t=    6.873100 s | CA=  2.5509 | fact=  2.5256 | GF=  1.7966 | solve=  1.6739 | scatter=  0.0507
f=     8.100 Hz | ky=  0.829790E-02 | IK=      11/      88 | t=    6.886000 s | CA=  2.5575 | fact=  2.5228 | GF=  1.8056 | solve=  1.6810 | scatter=  0.0526
f=     8.100 Hz | ky=  0.905226E-02 | IK=      12/      88 | t=    6.863800 s | CA=  2.5171 | fact=  2.5373 | GF=  1.8093 | solve=  1.6830 | scatter=  0.0542
f=     8.100 Hz | ky=  0.980661E-02 | IK=      13/      88 | t=    6.926500 s | CA=  2.5982 | fact=  2.5316 | GF=  1.7967 | solve=  1.6715 | scatter=  0.0532
f=     8.100 Hz | ky=  0.105610E-01 | IK=      14/      88 | t=    6.964100 s | CA=  2.6228 | fact=  2.5407 | GF=  1.8006 | solve=  1.6760 | scatter=  0.0528
f=     8.100 Hz | ky=  0.113153E-01 | IK=      15/      88 | t=    6.898500 s | CA=  2.5671 | fact=  2.5258 | GF=  1.8055 | solve=  1.6818 | scatter=  0.0516
PARDISO mem (f=  8.10 Hz): sym=  1.95 GB  perm=  1.42 GB  num=  3.22 GB  
peak=  4.64 GB
 WD_amp= 8.70370E+13  RESID_RMS= 2.52878E-02  FCOST_DATA= 3.19736E-04  FCOST0= 3.19736E-04
BT: alpha=  7.8125E-03  phi=  3.1974E-04  rhs=  3.1965E-04
 UPDATEPARAMETER: f-scale only
UPDATEPARAMETER PAR_STEP min/max, V_STEP min/max =  1.7229063993E+09  1.2217328979E+10
  1.7229063993E+09  1.2217328979E+10
 running run_ik_loop_pardiso
before CA | VmRSS=  24.385 GB  VmHWM= 127.969 GB
after CA | VmRSS=  25.067 GB  VmHWM= 127.969 GB
after factor | VmRSS=  28.862 GB  VmHWM= 127.969 GB
f=     8.100 Hz | ky=  0.754355E-03 | IK=       1/      88 | t=   17.205500 s | CA=  2.4969 | fact= 12.8000 | GF=  1.9084 | solve=  1.7533 | scatter=  0.0528
f=     8.100 Hz | ky=  0.150871E-02 | IK=       2/      88 | t=    6.865000 s | CA=  2.5427 | fact=  2.5265 | GF=  1.7958 | solve=  1.6746 | scatter=  0.0494
f=     8.100 Hz | ky=  0.226306E-02 | IK=       3/      88 | t=    6.882000 s | CA=  2.5555 | fact=  2.5216 | GF=  1.8049 | solve=  1.6798 | scatter=  0.0527
f=     8.100 Hz | ky=  0.301742E-02 | IK=       4/      88 | t=    6.874800 s | CA=  2.5558 | fact=  2.5153 | GF=  1.8036 | solve=  1.6800 | scatter=  0.0515
f=     8.100 Hz | ky=  0.377177E-02 | IK=       5/      88 | t=    6.884900 s | CA=  2.5480 | fact=  2.5328 | GF=  1.8041 | solve=  1.6811 | scatter=  0.0512
f=     8.100 Hz | ky=  0.452613E-02 | IK=       6/      88 | t=    6.942100 s | CA=  2.6072 | fact=  2.5286 | GF=  1.8063 | solve=  1.6808 | scatter=  0.0536
f=     8.100 Hz | ky=  0.528048E-02 | IK=       7/      88 | t=    6.833800 s | CA=  2.5355 | fact=  2.4894 | GF=  1.8088 | solve=  1.6838 | scatter=  0.0530
f=     8.100 Hz | ky=  0.603484E-02 | IK=       8/      88 | t=    6.875800 s | CA=  2.5514 | fact=  2.5193 | GF=  1.8050 | solve=  1.6820 | scatter=  0.0510
f=     8.100 Hz | ky=  0.678919E-02 | IK=       9/      88 | t=    6.872900 s | CA=  2.5417 | fact=  2.5287 | GF=  1.8025 | solve=  1.6787 | scatter=  0.0519
f=     8.100 Hz | ky=  0.754355E-02 | IK=      10/      88 | t=    6.894000 s | CA=  2.5611 | fact=  2.5264 | GF=  1.8065 | solve=  1.6818 | scatter=  0.0528
f=     8.100 Hz | ky=  0.829790E-02 | IK=      11/      88 | t=    6.932000 s | CA=  2.5951 | fact=  2.5379 | GF=  1.7989 | solve=  1.6771 | scatter=  0.0495
f=     8.100 Hz | ky=  0.905226E-02 | IK=      12/      88 | t=    6.877800 s | CA=  2.5564 | fact=  2.5221 | GF=  1.7992 | solve=  1.6751 | scatter=  0.0519
f=     8.100 Hz | ky=  0.980661E-02 | IK=      13/      88 | t=    6.848100 s | CA=  2.5476 | fact=  2.5012 | GF=  1.7993 | solve=  1.6770 | scatter=  0.0504
f=     8.100 Hz | ky=  0.105610E-01 | IK=      14/      88 | t=    6.895800 s | CA=  2.5622 | fact=  2.5318 | GF=  1.8018 | solve=  1.6785 | scatter=  0.0514
f=     8.100 Hz | ky=  0.113153E-01 | IK=      15/      88 | t=    6.926300 s | CA=  2.5714 | fact=  2.5506 | GF=  1.8043 | solve=  1.6807 | scatter=  0.0516
PARDISO mem (f=  8.10 Hz): sym=  1.95 GB  perm=  1.42 GB  num=  3.22 GB  
peak=  4.64 GB
 WD_amp= 8.70370E+13  RESID_RMS= 2.52862E-02  FCOST_DATA= 3.19695E-04  FCOST0= 3.19695E-04
BT: alpha=  3.9062E-03  phi=  3.1969E-04  rhs=  3.1965E-04
 UPDATEPARAMETER: f-scale only
UPDATEPARAMETER PAR_STEP min/max, V_STEP min/max =  1.7233981532E+09  1.2217158622E+10
  1.7233981532E+09  1.2217158622E+10
 running run_ik_loop_pardiso
before CA | VmRSS=  24.430 GB  VmHWM= 127.969 GB
after CA | VmRSS=  25.367 GB  VmHWM= 127.969 GB
after factor | VmRSS=  29.155 GB  VmHWM= 127.969 GB
f=     8.100 Hz | ky=  0.754355E-03 | IK=       1/      88 | t=   17.189200 s | CA=  2.4966 | fact= 12.7864 | GF=  1.9060 | solve=  1.7517 | scatter=  0.0520
f=     8.100 Hz | ky=  0.150871E-02 | IK=       2/      88 | t=    6.915300 s | CA=  2.6082 | fact=  2.5088 | GF=  1.7983 | solve=  1.6754 | scatter=  0.0508
f=     8.100 Hz | ky=  0.226306E-02 | IK=       3/      88 | t=    6.891200 s | CA=  2.5703 | fact=  2.5200 | GF=  1.8008 | solve=  1.6783 | scatter=  0.0507
f=     8.100 Hz | ky=  0.301742E-02 | IK=       4/      88 | t=    6.819300 s | CA=  2.5213 | fact=  2.4995 | GF=  1.7984 | solve=  1.6763 | scatter=  0.0503
f=     8.100 Hz | ky=  0.377177E-02 | IK=       5/      88 | t=    6.902000 s | CA=  2.5705 | fact=  2.5221 | GF=  1.8093 | solve=  1.6847 | scatter=  0.0526
f=     8.100 Hz | ky=  0.452613E-02 | IK=       6/      88 | t=    6.859500 s | CA=  2.5270 | fact=  2.5248 | GF=  1.8076 | solve=  1.6824 | scatter=  0.0532
f=     8.100 Hz | ky=  0.528048E-02 | IK=       7/      88 | t=    6.865800 s | CA=  2.5596 | fact=  2.4972 | GF=  1.8090 | solve=  1.6838 | scatter=  0.0529
f=     8.100 Hz | ky=  0.603484E-02 | IK=       8/      88 | t=    6.845900 s | CA=  2.5457 | fact=  2.4962 | GF=  1.8039 | solve=  1.6813 | scatter=  0.0506
f=     8.100 Hz | ky=  0.678919E-02 | IK=       9/      88 | t=    6.860300 s | CA=  2.5753 | fact=  2.4834 | GF=  1.8016 | solve=  1.6765 | scatter=  0.0532
f=     8.100 Hz | ky=  0.754355E-02 | IK=      10/      88 | t=    6.898000 s | CA=  2.5714 | fact=  2.5245 | GF=  1.8021 | solve=  1.6788 | scatter=  0.0513
f=     8.100 Hz | ky=  0.829790E-02 | IK=      11/      88 | t=    6.816800 s | CA=  2.5354 | fact=  2.4801 | GF=  1.8012 | solve=  1.6763 | scatter=  0.0531
f=     8.100 Hz | ky=  0.905226E-02 | IK=      12/      88 | t=    6.860300 s | CA=  2.5297 | fact=  2.5311 | GF=  1.7994 | solve=  1.6761 | scatter=  0.0514
f=     8.100 Hz | ky=  0.980661E-02 | IK=      13/      88 | t=    6.836900 s | CA=  2.5510 | fact=  2.4837 | GF=  1.8021 | solve=  1.6775 | scatter=  0.0527
f=     8.100 Hz | ky=  0.105610E-01 | IK=      14/      88 | t=    6.903100 s | CA=  2.5725 | fact=  2.5336 | GF=  1.7970 | solve=  1.6720 | scatter=  0.0528
f=     8.100 Hz | ky=  0.113153E-01 | IK=      15/      88 | t=    6.867800 s | CA=  2.5404 | fact=  2.5240 | GF=  1.8034 | solve=  1.6783 | scatter=  0.0532
PARDISO mem (f=  8.10 Hz): sym=  1.95 GB  perm=  1.42 GB  num=  3.22 GB  
peak=  4.64 GB
 WD_amp= 8.70370E+13  RESID_RMS= 2.52853E-02  FCOST_DATA= 3.19674E-04  FCOST0= 3.19674E-04
BT: alpha=  1.9531E-03  phi=  3.1967E-04  rhs=  3.1965E-04
 UPDATEPARAMETER: f-scale only
UPDATEPARAMETER PAR_STEP min/max, V_STEP min/max =  1.7236440301E+09  1.2217073443E+10
  1.7236440301E+09  1.2217073443E+10
 running run_ik_loop_pardiso
before CA | VmRSS=  25.096 GB  VmHWM= 127.969 GB
after CA | VmRSS=  25.794 GB  VmHWM= 127.969 GB
after factor | VmRSS=  29.558 GB  VmHWM= 127.969 GB
f=     8.100 Hz | ky=  0.754355E-03 | IK=       1/      88 | t=   17.247400 s | CA=  2.5567 | fact= 12.7865 | GF=  1.9040 | solve=  1.7501 | scatter=  0.0521
f=     8.100 Hz | ky=  0.150871E-02 | IK=       2/      88 | t=    6.885700 s | CA=  2.5549 | fact=  2.5270 | GF=  1.8038 | solve=  1.6794 | scatter=  0.0526
f=     8.100 Hz | ky=  0.226306E-02 | IK=       3/      88 | t=    6.838600 s | CA=  2.5218 | fact=  2.5151 | GF=  1.8017 | solve=  1.6767 | scatter=  0.0527
f=     8.100 Hz | ky=  0.301742E-02 | IK=       4/      88 | t=    6.901300 s | CA=  2.5806 | fact=  2.5264 | GF=  1.7943 | solve=  1.6723 | scatter=  0.0500
f=     8.100 Hz | ky=  0.377177E-02 | IK=       5/      88 | t=    6.891100 s | CA=  2.5563 | fact=  2.5389 | GF=  1.7959 | solve=  1.6724 | scatter=  0.0516
f=     8.100 Hz | ky=  0.452613E-02 | IK=       6/      88 | t=    6.852600 s | CA=  2.5236 | fact=  2.5320 | GF=  1.7970 | solve=  1.6746 | scatter=  0.0505
f=     8.100 Hz | ky=  0.528048E-02 | IK=       7/      88 | t=    6.877500 s | CA=  2.5504 | fact=  2.5288 | GF=  1.7983 | solve=  1.6744 | scatter=  0.0519
f=     8.100 Hz | ky=  0.603484E-02 | IK=       8/      88 | t=    6.910000 s | CA=  2.5798 | fact=  2.5278 | GF=  1.8024 | solve=  1.6786 | scatter=  0.0518
f=     8.100 Hz | ky=  0.678919E-02 | IK=       9/      88 | t=    6.882500 s | CA=  2.5523 | fact=  2.5255 | GF=  1.8047 | solve=  1.6817 | scatter=  0.0511
f=     8.100 Hz | ky=  0.754355E-02 | IK=      10/      88 | t=    6.899500 s | CA=  2.5728 | fact=  2.5268 | GF=  1.7999 | solve=  1.6768 | scatter=  0.0511
f=     8.100 Hz | ky=  0.829790E-02 | IK=      11/      88 | t=    6.858800 s | CA=  2.5334 | fact=  2.5242 | GF=  1.8011 | solve=  1.6791 | scatter=  0.0500
f=     8.100 Hz | ky=  0.905226E-02 | IK=      12/      88 | t=    6.887100 s | CA=  2.5624 | fact=  2.5189 | GF=  1.8058 | solve=  1.6823 | scatter=  0.0515
f=     8.100 Hz | ky=  0.980661E-02 | IK=      13/      88 | t=    6.886900 s | CA=  2.5431 | fact=  2.5370 | GF=  1.8068 | solve=  1.6819 | scatter=  0.0528
f=     8.100 Hz | ky=  0.105610E-01 | IK=      14/      88 | t=    6.899400 s | CA=  2.5684 | fact=  2.5253 | GF=  1.8057 | solve=  1.6799 | scatter=  0.0539
f=     8.100 Hz | ky=  0.113153E-01 | IK=      15/      88 | t=    6.890000 s | CA=  2.5667 | fact=  2.5215 | GF=  1.8018 | solve=  1.6789 | scatter=  0.0510
PARDISO mem (f=  8.10 Hz): sym=  1.95 GB  perm=  1.42 GB  num=  3.22 GB  
peak=  4.64 GB
 WD_amp= 8.70370E+13  RESID_RMS= 2.52849E-02  FCOST_DATA= 3.19663E-04  FCOST0= 3.19663E-04
BT: alpha=  9.7656E-04  phi=  3.1966E-04  rhs=  3.1965E-04
 UPDATEPARAMETER: f-scale only
UPDATEPARAMETER PAR_STEP min/max, V_STEP min/max =  1.7237669686E+09  1.2217030853E+10
  1.7237669686E+09  1.2217030853E+10
 running run_ik_loop_pardiso
before CA | VmRSS=  24.444 GB  VmHWM= 127.969 GB
after CA | VmRSS=  25.058 GB  VmHWM= 127.969 GB
after factor | VmRSS=  28.825 GB  VmHWM= 127.969 GB
f=     8.100 Hz | ky=  0.754355E-03 | IK=       1/      88 | t=   17.221900 s | CA=  2.5233 | fact= 12.7963 | GF=  1.9021 | solve=  1.7485 | scatter=  0.0519
f=     8.100 Hz | ky=  0.150871E-02 | IK=       2/      88 | t=    6.867400 s | CA=  2.5457 | fact=  2.5274 | GF=  1.7942 | solve=  1.6716 | scatter=  0.0507
f=     8.100 Hz | ky=  0.226306E-02 | IK=       3/      88 | t=    6.931800 s | CA=  2.6085 | fact=  2.5219 | GF=  1.8014 | solve=  1.6784 | scatter=  0.0511
f=     8.100 Hz | ky=  0.301742E-02 | IK=       4/      88 | t=    6.913400 s | CA=  2.5807 | fact=  2.5282 | GF=  1.8044 | solve=  1.6799 | scatter=  0.0526
f=     8.100 Hz | ky=  0.377177E-02 | IK=       5/      88 | t=    6.920300 s | CA=  2.5793 | fact=  2.5341 | GF=  1.8068 | solve=  1.6826 | scatter=  0.0521
f=     8.100 Hz | ky=  0.452613E-02 | IK=       6/      88 | t=    6.932500 s | CA=  2.6093 | fact=  2.5157 | GF=  1.8074 | solve=  1.6841 | scatter=  0.0513
f=     8.100 Hz | ky=  0.528048E-02 | IK=       7/      88 | t=    6.941400 s | CA=  2.6173 | fact=  2.5207 | GF=  1.8033 | solve=  1.6789 | scatter=  0.0524
f=     8.100 Hz | ky=  0.603484E-02 | IK=       8/      88 | t=    6.915800 s | CA=  2.5792 | fact=  2.5315 | GF=  1.8051 | solve=  1.6832 | scatter=  0.0500
f=     8.100 Hz | ky=  0.678919E-02 | IK=       9/      88 | t=    6.933500 s | CA=  2.5871 | fact=  2.5435 | GF=  1.8029 | solve=  1.6783 | scatter=  0.0527
f=     8.100 Hz | ky=  0.754355E-02 | IK=      10/      88 | t=    6.902300 s | CA=  2.5636 | fact=  2.5377 | GF=  1.8010 | solve=  1.6743 | scatter=  0.0545
f=     8.100 Hz | ky=  0.829790E-02 | IK=      11/      88 | t=    6.928200 s | CA=  2.6076 | fact=  2.5185 | GF=  1.8020 | solve=  1.6766 | scatter=  0.0531
f=     8.100 Hz | ky=  0.905226E-02 | IK=      12/      88 | t=    7.007100 s | CA=  2.6742 | fact=  2.5287 | GF=  1.8042 | solve=  1.6792 | scatter=  0.0529
f=     8.100 Hz | ky=  0.980661E-02 | IK=      13/      88 | t=    6.938800 s | CA=  2.6006 | fact=  2.5267 | GF=  1.8114 | solve=  1.6858 | scatter=  0.0536
f=     8.100 Hz | ky=  0.105610E-01 | IK=      14/      88 | t=    6.929400 s | CA=  2.5962 | fact=  2.5278 | GF=  1.8053 | solve=  1.6827 | scatter=  0.0503
f=     8.100 Hz | ky=  0.113153E-01 | IK=      15/      88 | t=    6.872600 s | CA=  2.5423 | fact=  2.5343 | GF=  1.7960 | solve=  1.6702 | scatter=  0.0535
PARDISO mem (f=  8.10 Hz): sym=  1.95 GB  perm=  1.42 GB  num=  3.22 GB  
peak=  4.64 GB
 WD_amp= 8.70370E+13  RESID_RMS= 2.52847E-02  FCOST_DATA= 3.19658E-04  FCOST0= 3.19658E-04
BT: alpha=  4.8828E-04  phi=  3.1966E-04  rhs=  3.1965E-04
 UPDATEPARAMETER: f-scale only
UPDATEPARAMETER PAR_STEP min/max, V_STEP min/max =  1.7238284378E+09  1.2217009559E+10
  1.7238284378E+09  1.2217009559E+10
 running run_ik_loop_pardiso
before CA | VmRSS=  24.965 GB  VmHWM= 127.969 GB
after CA | VmRSS=  25.631 GB  VmHWM= 127.969 GB
after factor | VmRSS=  29.428 GB  VmHWM= 127.969 GB
f=     8.100 Hz | ky=  0.754355E-03 | IK=       1/      88 | t=   17.226300 s | CA=  2.5165 | fact= 12.8048 | GF=  1.9048 | solve=  1.7513 | scatter=  0.0518
f=     8.100 Hz | ky=  0.150871E-02 | IK=       2/      88 | t=    6.937500 s | CA=  2.6304 | fact=  2.5118 | GF=  1.7952 | solve=  1.6726 | scatter=  0.0507
f=     8.100 Hz | ky=  0.226306E-02 | IK=       3/      88 | t=    6.886300 s | CA=  2.5474 | fact=  2.5282 | GF=  1.8107 | solve=  1.6850 | scatter=  0.0536
f=     8.100 Hz | ky=  0.301742E-02 | IK=       4/      88 | t=    6.869700 s | CA=  2.6195 | fact=  2.4469 | GF=  1.8032 | solve=  1.6800 | scatter=  0.0513
f=     8.100 Hz | ky=  0.377177E-02 | IK=       5/      88 | t=    6.913200 s | CA=  2.5886 | fact=  2.5280 | GF=  1.7965 | solve=  1.6728 | scatter=  0.0517
f=     8.100 Hz | ky=  0.452613E-02 | IK=       6/      88 | t=    6.938900 s | CA=  2.6039 | fact=  2.5396 | GF=  1.7954 | solve=  1.6732 | scatter=  0.0505
f=     8.100 Hz | ky=  0.528048E-02 | IK=       7/      88 | t=    6.860000 s | CA=  2.5362 | fact=  2.5132 | GF=  1.8105 | solve=  1.6850 | scatter=  0.0534
f=     8.100 Hz | ky=  0.603484E-02 | IK=       8/      88 | t=    6.857000 s | CA=  2.5644 | fact=  2.5285 | GF=  1.7641 | solve=  1.6413 | scatter=  0.0509
f=     8.100 Hz | ky=  0.678919E-02 | IK=       9/      88 | t=    6.887100 s | CA=  2.6162 | fact=  2.5339 | GF=  1.7370 | solve=  1.6128 | scatter=  0.0522
f=     8.100 Hz | ky=  0.754355E-02 | IK=      10/      88 | t=    6.780200 s | CA=  2.5206 | fact=  2.5255 | GF=  1.7341 | solve=  1.6111 | scatter=  0.0510
f=     8.100 Hz | ky=  0.829790E-02 | IK=      11/      88 | t=    6.851200 s | CA=  2.5805 | fact=  2.5342 | GF=  1.7364 | solve=  1.6114 | scatter=  0.0530
f=     8.100 Hz | ky=  0.905226E-02 | IK=      12/      88 | t=    6.789300 s | CA=  2.5380 | fact=  2.5098 | GF=  1.7415 | solve=  1.6156 | scatter=  0.0537
f=     8.100 Hz | ky=  0.980661E-02 | IK=      13/      88 | t=    6.734200 s | CA=  2.5237 | fact=  2.5046 | GF=  1.7059 | solve=  1.5820 | scatter=  0.0519
f=     8.100 Hz | ky=  0.105610E-01 | IK=      14/      88 | t=    6.782900 s | CA=  2.5720 | fact=  2.5355 | GF=  1.6754 | solve=  1.5525 | scatter=  0.0505
f=     8.100 Hz | ky=  0.113153E-01 | IK=      15/      88 | t=    6.766800 s | CA=  2.5795 | fact=  2.5457 | GF=  1.6416 | solve=  1.5163 | scatter=  0.0532
PARDISO mem (f=  8.10 Hz): sym=  1.95 GB  perm=  1.42 GB  num=  3.22 GB  
peak=  4.64 GB
 WD_amp= 8.70370E+13  RESID_RMS= 2.52846E-02  FCOST_DATA= 3.19655E-04  FCOST0= 3.19655E-04
BT: alpha=  2.4414E-04  phi=  3.1965E-04  rhs=  3.1965E-04
BT STOP (stagnation): alpha=  2.4414E-04  FCOST1=  3.1965E-04  FCOST0=  3.1965E-04
 UPDATEPARAMETER: f-scale only
UPDATEPARAMETER PAR_STEP min/max, V_STEP min/max =  1.7238873893E+09  1.2216989136E+10
  1.7238873893E+09  1.2216989136E+10
 running run_ik_loop_pardiso
before CA | VmRSS=  24.402 GB  VmHWM= 127.969 GB
after CA | VmRSS=  25.271 GB  VmHWM= 127.969 GB
after factor | VmRSS=  29.063 GB  VmHWM= 127.969 GB
f=     8.100 Hz | ky=  0.754355E-03 | IK=       1/      88 | t=   17.235700 s | CA=  2.5342 | fact= 12.7991 | GF=  1.9022 | solve=  1.7474 | scatter=  0.0522
f=     8.100 Hz | ky=  0.150871E-02 | IK=       2/      88 | t=    6.893900 s | CA=  2.5843 | fact=  2.5134 | GF=  1.7961 | solve=  1.6742 | scatter=  0.0501
f=     8.100 Hz | ky=  0.226306E-02 | IK=       3/      88 | t=    6.973800 s | CA=  2.6529 | fact=  2.5248 | GF=  1.7961 | solve=  1.6730 | scatter=  0.0512
f=     8.100 Hz | ky=  0.301742E-02 | IK=       4/      88 | t=    6.909600 s | CA=  2.5809 | fact=  2.5282 | GF=  1.8005 | solve=  1.6750 | scatter=  0.0535
f=     8.100 Hz | ky=  0.377177E-02 | IK=       5/      88 | t=    6.913100 s | CA=  2.5798 | fact=  2.5306 | GF=  1.8027 | solve=  1.6775 | scatter=  0.0529
f=     8.100 Hz | ky=  0.452613E-02 | IK=       6/      88 | t=    6.846700 s | CA=  2.5209 | fact=  2.5271 | GF=  1.7986 | solve=  1.6729 | scatter=  0.0538
f=     8.100 Hz | ky=  0.528048E-02 | IK=       7/      88 | t=    6.924100 s | CA=  2.5987 | fact=  2.5301 | GF=  1.7952 | solve=  1.6728 | scatter=  0.0505
f=     8.100 Hz | ky=  0.603484E-02 | IK=       8/      88 | t=    6.890700 s | CA=  2.5586 | fact=  2.5287 | GF=  1.8034 | solve=  1.6771 | scatter=  0.0542
f=     8.100 Hz | ky=  0.678919E-02 | IK=       9/      88 | t=    6.937600 s | CA=  2.6141 | fact=  2.5150 | GF=  1.8085 | solve=  1.6835 | scatter=  0.0530
f=     8.100 Hz | ky=  0.754355E-02 | IK=      10/      88 | t=    6.935900 s | CA=  2.5784 | fact=  2.5493 | GF=  1.8082 | solve=  1.6849 | scatter=  0.0512
f=     8.100 Hz | ky=  0.829790E-02 | IK=      11/      88 | t=    6.980400 s | CA=  2.6329 | fact=  2.5396 | GF=  1.8079 | solve=  1.6852 | scatter=  0.0508
f=     8.100 Hz | ky=  0.905226E-02 | IK=      12/      88 | t=    6.898300 s | CA=  2.5614 | fact=  2.5354 | GF=  1.8015 | solve=  1.6775 | scatter=  0.0520
f=     8.100 Hz | ky=  0.980661E-02 | IK=      13/      88 | t=    6.876400 s | CA=  2.5427 | fact=  2.5287 | GF=  1.8050 | solve=  1.6809 | scatter=  0.0520
f=     8.100 Hz | ky=  0.105610E-01 | IK=      14/      88 | t=    6.908700 s | CA=  2.5473 | fact=  2.5565 | GF=  1.8049 | solve=  1.6787 | scatter=  0.0541
f=     8.100 Hz | ky=  0.113153E-01 | IK=      15/      88 | t=    6.888800 s | CA=  2.5397 | fact=  2.5411 | GF=  1.8079 | solve=  1.6829 | scatter=  0.0530
PARDISO mem (f=  8.10 Hz): sym=  1.95 GB  perm=  1.42 GB  num=  3.22 GB  
peak=  4.64 GB
 WD_amp= 8.70370E+13  RESID_RMS= 2.52845E-02  FCOST_DATA= 3.19652E-04  FCOST0= 3.19652E-04
 Backtrack: failed after MAX_IT
 Line search failed (IFLAG=          11 ), inversion diverged.
 --------- Frequency   8.85000000000000       (band            1 )
[ComputeAcqWeight] empty acq_weight_file, using uniform weights = 1.0
Data weighting computed for frequency 4607182418800017373
XSRmin, XSRmax, ZSRmin, ZSRMax -1960.000000000000 .000000000000000 2050.000000000000 4030.000000000000
1 FKYC
1.2 FKYC
my_rank, FKYC,WLMAX, RMAX 0 .7252981300244260E-01 578.8450615641549 2786.036611389018
1.1 NK
NK in cky2= 99

  Number of wavenumber samples (NK) for FREQ =   99
Data weighting computed for frequency 4607182418800017373
Data weighting computed for frequency 4607182418800017373
Data weighting computed for frequency 4607182418800017373
Data weighting computed for frequency 4607182418800017373
Data weighting computed for frequency 4607182418800017373
  RMAX = 2786.04
--- Pre-solver preview (memory + RHS workload) ---
   GQG dims: NNX=       585  NNZ=       317  NPT=    185445
   DOF:     N=3*NPT =    556335
   Sources: NSR=       100  NSS=        20  NK=        99
   RHS total (per IK): nrhs_tot=3*NSS =        60
   Batch:    MAX_RHS_BATCH=        32  nbatches=         2
   GFMY  (GFX+GFY+GFZ):         24.621 GB
   RHS_MY(rhs+sol buffers):      0.531 GB
 
 running run_ik_loop_pardiso
before CA | VmRSS=  26.333 GB  VmHWM= 127.969 GB
after CA | VmRSS=  27.412 GB  VmHWM= 127.969 GB
after factor | VmRSS=  31.178 GB  VmHWM= 127.969 GB
f=     8.850 Hz | ky=  0.732624E-03 | IK=       1/      99 | t=   17.177100 s | CA=  2.4948 | fact= 12.7776 | GF=  1.9045 | solve=  1.7512 | scatter=  0.0516
f=     8.850 Hz | ky=  0.146525E-02 | IK=       2/      99 | t=    6.874000 s | CA=  2.5699 | fact=  2.5034 | GF=  1.8006 | solve=  1.6774 | scatter=  0.0514
f=     8.850 Hz | ky=  0.219787E-02 | IK=       3/      99 | t=    6.827500 s | CA=  2.5090 | fact=  2.5198 | GF=  1.7987 | solve=  1.6763 | scatter=  0.0505
f=     8.850 Hz | ky=  0.293050E-02 | IK=       4/      99 | t=    6.906600 s | CA=  2.5868 | fact=  2.5149 | GF=  1.8049 | solve=  1.6805 | scatter=  0.0522
f=     8.850 Hz | ky=  0.366312E-02 | IK=       5/      99 | t=    6.961500 s | CA=  2.6224 | fact=  2.5317 | GF=  1.8073 | solve=  1.6833 | scatter=  0.0518
f=     8.850 Hz | ky=  0.439575E-02 | IK=       6/      99 | t=    6.881900 s | CA=  2.5546 | fact=  2.5233 | GF=  1.8039 | solve=  1.6805 | scatter=  0.0513
f=     8.850 Hz | ky=  0.512837E-02 | IK=       7/      99 | t=    6.897400 s | CA=  2.5864 | fact=  2.5136 | GF=  1.7974 | solve=  1.6758 | scatter=  0.0496
f=     8.850 Hz | ky=  0.586099E-02 | IK=       8/      99 | t=    6.898600 s | CA=  2.5776 | fact=  2.5160 | GF=  1.8049 | solve=  1.6814 | scatter=  0.0515
f=     8.850 Hz | ky=  0.659362E-02 | IK=       9/      99 | t=    6.946200 s | CA=  2.6090 | fact=  2.5306 | GF=  1.8066 | solve=  1.6834 | scatter=  0.0512
f=     8.850 Hz | ky=  0.732624E-02 | IK=      10/      99 | t=    6.889100 s | CA=  2.5518 | fact=  2.5361 | GF=  1.8011 | solve=  1.6789 | scatter=  0.0503
f=     8.850 Hz | ky=  0.805887E-02 | IK=      11/      99 | t=    6.901100 s | CA=  2.5763 | fact=  2.5208 | GF=  1.8039 | solve=  1.6801 | scatter=  0.0518
f=     8.850 Hz | ky=  0.879149E-02 | IK=      12/      99 | t=    6.883100 s | CA=  2.5447 | fact=  2.5326 | GF=  1.8057 | solve=  1.6817 | scatter=  0.0521
f=     8.850 Hz | ky=  0.952412E-02 | IK=      13/      99 | t=    6.882900 s | CA=  2.5437 | fact=  2.5332 | GF=  1.8060 | solve=  1.6841 | scatter=  0.0500
f=     8.850 Hz | ky=  0.102567E-01 | IK=      14/      99 | t=    6.908000 s | CA=  2.5645 | fact=  2.5320 | GF=  1.8114 | solve=  1.6869 | scatter=  0.0524
f=     8.850 Hz | ky=  0.109894E-01 | IK=      15/      99 | t=    6.843400 s | CA=  2.5418 | fact=  2.4953 | GF=  1.8063 | solve=  1.6828 | scatter=  0.0516
f=     8.850 Hz | ky=  0.117220E-01 | IK=      16/      99 | t=    6.908500 s | CA=  2.5816 | fact=  2.5111 | GF=  1.8157 | solve=  1.6915 | scatter=  0.0523
f=     8.850 Hz | ky=  0.124546E-01 | IK=      17/      99 | t=    6.887100 s | CA=  2.5656 | fact=  2.5142 | GF=  1.8072 | solve=  1.6832 | scatter=  0.0521
PARDISO mem (f=  8.85 Hz): sym=  1.95 GB  perm=  1.42 GB  num=  3.22 GB  
peak=  4.64 GB
t_global   =    193.820 s
TIME for 1st forward modeling =  3.230261739095052  min
TIME for GT0 =  .1096166670322418E-01  min
Data scaler W for L2 norm: 91309916411743.56
Data scaler W for WQS norm: .3395193265742062E-312
Total number of active inversion parameters for current sequential stage (IM):          1
Total model blocks points (NM = IM * NBLOCK):      11534 on grid (NMM = IM * NPT):    185445
 Gradient balance ():   1.00000000000000        1.00000000000000     
   1.00000000000000        1.00000000000000        1.00000000000000     
   1.00000000000000        1.00000000000000        1.00000000000000     
   1.00000000000000        1.00000000000000        1.00000000000000     
 IE0, IZ          30           0
 IE0, IZ, GZ1, GZ2 =           30           0   100.000000000000     
   300.000000000000     
  
 Frequency:          13 Iteration:           1
--- Pre-solver preview (memory + RHS workload) ---
   GQG dims: NNX=       585  NNZ=       317  NPT=    185445
   DOF:     N=3*NPT =    556335
   Sources: NSR=       100  NSS=       100  NK=        99
   RHS total (per IK): nrhs_tot=3*NSS =       300
   Batch:    MAX_RHS_BATCH=        32  nbatches=        10
   GFMY  (GFX+GFY+GFZ):        123.107 GB
   RHS_MY(rhs+sol buffers):      0.531 GB
 
 running run_ik_loop_pardiso
before CA | VmRSS= 125.642 GB  VmHWM= 127.969 GB
after CA | VmRSS= 127.022 GB  VmHWM= 131.500 GB
after factor | VmRSS= 130.794 GB  VmHWM= 131.500 GB
f=     8.850 Hz | ky=  0.732624E-03 | IK=       1/      99 | t=   24.177300 s | CA=  2.5249 | fact= 12.7830 | GF=  8.8692 | solve=  8.2173 | scatter=  0.2514
f=     8.850 Hz | ky=  0.146525E-02 | IK=       2/      99 | t=   13.865100 s | CA=  2.5747 | fact=  2.5259 | GF=  8.7644 | solve=  8.1399 | scatter=  0.2537
f=     8.850 Hz | ky=  0.219787E-02 | IK=       3/      99 | t=   13.978700 s | CA=  2.6535 | fact=  2.5318 | GF=  8.7934 | solve=  8.1706 | scatter=  0.2505
f=     8.850 Hz | ky=  0.293050E-02 | IK=       4/      99 | t=   13.898200 s | CA=  2.5608 | fact=  2.5421 | GF=  8.7953 | solve=  8.1729 | scatter=  0.2494
f=     8.850 Hz | ky=  0.366312E-02 | IK=       5/      99 | t=   13.878700 s | CA=  2.5915 | fact=  2.5067 | GF=  8.7805 | solve=  8.1565 | scatter=  0.2511
f=     8.850 Hz | ky=  0.439575E-02 | IK=       6/      99 | t=   13.906200 s | CA=  2.5736 | fact=  2.5282 | GF=  8.8044 | solve=  8.1810 | scatter=  0.2507
f=     8.850 Hz | ky=  0.512837E-02 | IK=       7/      99 | t=   13.858600 s | CA=  2.5306 | fact=  2.5307 | GF=  8.7973 | solve=  8.1695 | scatter=  0.2542
f=     8.850 Hz | ky=  0.586099E-02 | IK=       8/      99 | t=   13.930400 s | CA=  2.5970 | fact=  2.5323 | GF=  8.8011 | solve=  8.1771 | scatter=  0.2507
f=     8.850 Hz | ky=  0.659362E-02 | IK=       9/      99 | t=   13.860700 s | CA=  2.5466 | fact=  2.5232 | GF=  8.7908 | solve=  8.1639 | scatter=  0.2536
f=     8.850 Hz | ky=  0.732624E-02 | IK=      10/      99 | t=   13.874200 s | CA=  2.5453 | fact=  2.5310 | GF=  8.7979 | solve=  8.1718 | scatter=  0.2528
f=     8.850 Hz | ky=  0.805887E-02 | IK=      11/      99 | t=   13.916600 s | CA=  2.5616 | fact=  2.5390 | GF=  8.8159 | solve=  8.1889 | scatter=  0.2536
f=     8.850 Hz | ky=  0.879149E-02 | IK=      12/      99 | t=   13.863600 s | CA=  2.5386 | fact=  2.5314 | GF=  8.7936 | solve=  8.1703 | scatter=  0.2498
f=     8.850 Hz | ky=  0.952412E-02 | IK=      13/      99 | t=   13.900100 s | CA=  2.5946 | fact=  2.5240 | GF=  8.7814 | solve=  8.1565 | scatter=  0.2517
f=     8.850 Hz | ky=  0.102567E-01 | IK=      14/      99 | t=   13.950000 s | CA=  2.5973 | fact=  2.5380 | GF=  8.8147 | solve=  8.1900 | scatter=  0.2514
f=     8.850 Hz | ky=  0.109894E-01 | IK=      15/      99 | t=   13.926700 s | CA=  2.6061 | fact=  2.5238 | GF=  8.7968 | solve=  8.1731 | scatter=  0.2505
f=     8.850 Hz | ky=  0.117220E-01 | IK=      16/      99 | t=   13.900400 s | CA=  2.5964 | fact=  2.4974 | GF=  8.8066 | solve=  8.1821 | scatter=  0.2510
f=     8.850 Hz | ky=  0.124546E-01 | IK=      17/      99 | t=   13.966600 s | CA=  2.6275 | fact=  2.5195 | GF=  8.8196 | solve=  8.1927 | scatter=  0.2525
PARDISO mem (f=  8.85 Hz): sym=  1.95 GB  perm=  1.42 GB  num=  3.22 GB  
peak=  4.64 GB
t_global   =    578.330 s
TIME for 2d forward modeling_i calc =  9.636283365885417 min
Rank    4 -> ID range:   3201 to   4000 | Tasks:    800
Rank    5 -> ID range:   4001 to   4800 | Tasks:    800
Rank    3 -> ID range:   2401 to   3200 | Tasks:    800
Rank    2 -> ID range:   1601 to   2400 | Tasks:    800
Rank    1 -> ID range:    801 to   1600 | Tasks:    800
  
 -------------- calculate Frechet derivatives -----------
 IFREQ =          13    ITERATION =           1
Frechet memory size Frec_my:      0.825 (Gb)
Rank    0 -> ID range:      1 to    800 | Tasks:    800
FREQ:      8.8 Hz, ITER=       1  Frechet Derivative ID=     100/    4800 Finished   0.378600 s
FREQ:      8.8 Hz, ITER=       1  Frechet Derivative ID=     200/    4800 Finished   0.386200 s
FREQ:      8.8 Hz, ITER=       1  Frechet Derivative ID=     300/    4800 Finished   0.367600 s
FREQ:      8.8 Hz, ITER=       1  Frechet Derivative ID=     400/    4800 Finished   0.355700 s
FREQ:      8.8 Hz, ITER=       1  Frechet Derivative ID=     500/    4800 Finished   0.381500 s
FREQ:      8.8 Hz, ITER=       1  Frechet Derivative ID=     600/    4800 Finished   0.375000 s
FREQ:      8.8 Hz, ITER=       1  Frechet Derivative ID=     700/    4800 Finished   0.370200 s
FREQ:      8.8 Hz, ITER=       1  Frechet Derivative ID=     800/    4800 Finished   0.366900 s
||Frechet||_F=  9.2065E-20max|Frechet|=  3.9013E-24
||Frechet||_F=  9.2065E-20max|Frechet|=  3.9013E-24
||Frechet||_F=  9.2065E-20max|Frechet|=  3.9013E-24
||Frechet||_F=  9.2065E-20max|Frechet|=  3.9013E-24
||Frechet||_F=  9.2065E-20max|Frechet|=  3.9013E-24
||Frechet||_F=  9.2065E-20max|Frechet|=  3.9013E-24
 
TIME for Frechet calc =  5.243813578287760 min
 
m_fine: min=  1.7239E+09  max=  1.2217E+10  mean=  7.9659E+09  ||.||2=  3.8677E+12  size=  185445
m_coarse_prev: min=  1.7471E+09  max=  1.2146E+10  mean=  7.9694E+09  ||.||2=  9.6468E+11  size=   11534
 
  compute the residual and the cost function
 WD_amp= 9.13099E+13  RESID_RMS= 1.99389E-02  FCOST_DATA= 1.98780E-04  FCOST0= 1.98780E-04
IA=  6  H(single F0) min= 0.00000E+00  max= 2.11223E-03
IA=  6  H(F0^2)     min= 0.00000E+00  max= 2.11223E-03
HESSD: ia=   6  min= 0.00000E+00  max= 4.73305E+05
IA=  6  H(single F0) min= 0.00000E+00  max= 2.11223E-03
IA=  6  H(F0^2)     min= 0.00000E+00  max= 2.11223E-03
HESSD: ia=   6  min= 0.00000E+00  max= 4.73305E+05
IA=  6  H(single F0) min= 0.00000E+00  max= 2.11223E-03
IA=  6  H(F0^2)     min= 0.00000E+00  max= 2.11223E-03
HESSD: ia=   6  min= 0.00000E+00  max= 4.73305E+05
IA=  6  H(single F0) min= 0.00000E+00  max= 2.11223E-03
IA=  6  H(F0^2)     min= 0.00000E+00  max= 2.11223E-03
HESSD: ia=   6  min= 0.00000E+00  max= 4.73305E+05
IA=  6  H(single F0) min= 0.00000E+00  max= 2.11223E-03
IA=  6  H(F0^2)     min= 0.00000E+00  max= 2.11223E-03
HESSD: ia=   6  min= 0.00000E+00  max= 4.73305E+05
IA=  6  H(single F0) min= 0.00000E+00  max= 2.11223E-03
IA=  6  H(F0^2)     min= 0.00000E+00  max= 2.11223E-03
HESSD: ia=   6  min= 0.00000E+00  max= 4.73305E+05
Grad block   6 GRAD_SCALED MORM =   1.4696E-04
Raw grad block  6  PAR={C66}  min= -9.7636E-15  max=  5.0211E-15  L2=  4.0477E-14
Gradient finished
Start LBFGS 
LBFGS steepest step , iter=      1
  g·p = -6.0052E-05  ||p|| =  3.8010E+00
  min(p)= -3.6922E-01  max(p)=  2.6469E-01
LBFGS p_k (unscaled) stats per active parameter:
  IA=  6  PAR={C66}  min=-1.41411E+09  max= 1.01374E+09  L2= 1.45574E+10
min(p_k)= -3.6922E-01  max(p_k)=  2.6469E-01  ||p_k||=  3.8010E+00
min(p_kf)= -3.6922E-01  max(p_kf)=  2.6469E-01  ||p_kf||=  1.5204E+01
p_k/p_kf  =   2.5000E-01
Start linesearch
BT entry: phi(0)=  1.9878E-04  g·p(0)= -6.0052E-05
 UPDATEPARAMETER: f-scale only
UPDATEPARAMETER PAR_STEP min/max, V_STEP min/max =  1.6905574301E+09  1.2231644327E+10
  1.6905574301E+09  1.2231644327E+10
REL STEP elastic: k=  6 row=  6 rmax_k=  4.2173E-01 row_scale=  1.2217E+10
BT cap probe: rmax1=  4.2173E-01  alpha_cap=  1.0000E+00  alpha00=  1.0000E+00
 UPDATEPARAMETER: f-scale only
UPDATEPARAMETER PAR_STEP min/max, V_STEP min/max =  1.6905574301E+09  1.2231644327E+10
  1.6905574301E+09  1.2231644327E+10
 running run_ik_loop_pardiso
before CA | VmRSS=  27.158 GB  VmHWM= 135.871 GB
after CA | VmRSS=  27.951 GB  VmHWM= 135.871 GB
after factor | VmRSS=  31.716 GB  VmHWM= 135.871 GB
f=     8.850 Hz | ky=  0.732624E-03 | IK=       1/      99 | t=   17.223900 s | CA=  2.5145 | fact= 12.8061 | GF=  1.9031 | solve=  1.7497 | scatter=  0.0514
f=     8.850 Hz | ky=  0.146525E-02 | IK=       2/      99 | t=    6.827200 s | CA=  2.5145 | fact=  2.5127 | GF=  1.7999 | solve=  1.6758 | scatter=  0.0523
f=     8.850 Hz | ky=  0.219787E-02 | IK=       3/      99 | t=    6.803800 s | CA=  2.5657 | fact=  2.4364 | GF=  1.8016 | solve=  1.6786 | scatter=  0.0513
f=     8.850 Hz | ky=  0.293050E-02 | IK=       4/      99 | t=    6.840400 s | CA=  2.5412 | fact=  2.5008 | GF=  1.7984 | solve=  1.6738 | scatter=  0.0525
f=     8.850 Hz | ky=  0.366312E-02 | IK=       5/      99 | t=    6.899700 s | CA=  2.5530 | fact=  2.5380 | GF=  1.8087 | solve=  1.6834 | scatter=  0.0534
f=     8.850 Hz | ky=  0.439575E-02 | IK=       6/      99 | t=    6.912000 s | CA=  2.5893 | fact=  2.5195 | GF=  1.8031 | solve=  1.6786 | scatter=  0.0524
f=     8.850 Hz | ky=  0.512837E-02 | IK=       7/      99 | t=    6.900800 s | CA=  2.5631 | fact=  2.5308 | GF=  1.8069 | solve=  1.6821 | scatter=  0.0525
f=     8.850 Hz | ky=  0.586099E-02 | IK=       8/      99 | t=    6.896800 s | CA=  2.5702 | fact=  2.5198 | GF=  1.8067 | solve=  1.6838 | scatter=  0.0509
f=     8.850 Hz | ky=  0.659362E-02 | IK=       9/      99 | t=    6.907100 s | CA=  2.5789 | fact=  2.5262 | GF=  1.8020 | solve=  1.6776 | scatter=  0.0524
f=     8.850 Hz | ky=  0.732624E-02 | IK=      10/      99 | t=    6.885800 s | CA=  2.5593 | fact=  2.5314 | GF=  1.7951 | solve=  1.6729 | scatter=  0.0501
f=     8.850 Hz | ky=  0.805887E-02 | IK=      11/      99 | t=    6.900500 s | CA=  2.5548 | fact=  2.5328 | GF=  1.8128 | solve=  1.6886 | scatter=  0.0521
f=     8.850 Hz | ky=  0.879149E-02 | IK=      12/      99 | t=    6.918300 s | CA=  2.5760 | fact=  2.5418 | GF=  1.8004 | solve=  1.6773 | scatter=  0.0511
f=     8.850 Hz | ky=  0.952412E-02 | IK=      13/      99 | t=    6.920700 s | CA=  2.5779 | fact=  2.5324 | GF=  1.8103 | solve=  1.6869 | scatter=  0.0514
f=     8.850 Hz | ky=  0.102567E-01 | IK=      14/      99 | t=    6.918400 s | CA=  2.5963 | fact=  2.5216 | GF=  1.8004 | solve=  1.6746 | scatter=  0.0535
f=     8.850 Hz | ky=  0.109894E-01 | IK=      15/      99 | t=    6.921000 s | CA=  2.5796 | fact=  2.5358 | GF=  1.8056 | solve=  1.6833 | scatter=  0.0500
f=     8.850 Hz | ky=  0.117220E-01 | IK=      16/      99 | t=    6.943200 s | CA=  2.6176 | fact=  2.5218 | GF=  1.8037 | solve=  1.6800 | scatter=  0.0517
f=     8.850 Hz | ky=  0.124546E-01 | IK=      17/      99 | t=    7.024600 s | CA=  2.6918 | fact=  2.5286 | GF=  1.8042 | solve=  1.6805 | scatter=  0.0517
PARDISO mem (f=  8.85 Hz): sym=  1.95 GB  perm=  1.42 GB  num=  3.22 GB  
peak=  4.64 GB
 WD_amp= 9.13099E+13  RESID_RMS= 1.99945E-02  FCOST_DATA= 1.99890E-04  FCOST0= 1.99890E-04
BT: alpha=  1.0000E+00  phi=  1.9989E-04  rhs=  1.9877E-04
 UPDATEPARAMETER: f-scale only
UPDATEPARAMETER PAR_STEP min/max, V_STEP min/max =  1.7339156794E+09  1.2224316296E+10
  1.7339156794E+09  1.2224316296E+10
 running run_ik_loop_pardiso
before CA | VmRSS=  27.141 GB  VmHWM= 135.871 GB
after CA | VmRSS=  28.387 GB  VmHWM= 135.871 GB
after factor | VmRSS=  32.182 GB  VmHWM= 135.871 GB
f=     8.850 Hz | ky=  0.732624E-03 | IK=       1/      99 | t=   17.264200 s | CA=  2.5495 | fact= 12.8071 | GF=  1.9074 | solve=  1.7529 | scatter=  0.0528
f=     8.850 Hz | ky=  0.146525E-02 | IK=       2/      99 | t=    6.878900 s | CA=  2.5529 | fact=  2.5196 | GF=  1.8063 | solve=  1.6824 | scatter=  0.0522
f=     8.850 Hz | ky=  0.219787E-02 | IK=       3/      99 | t=    6.921800 s | CA=  2.5976 | fact=  2.5221 | GF=  1.8020 | solve=  1.6778 | scatter=  0.0522
f=     8.850 Hz | ky=  0.293050E-02 | IK=       4/      99 | t=    6.925000 s | CA=  2.5885 | fact=  2.5315 | GF=  1.8050 | solve=  1.6815 | scatter=  0.0514
f=     8.850 Hz | ky=  0.366312E-02 | IK=       5/      99 | t=    6.930300 s | CA=  2.6009 | fact=  2.5317 | GF=  1.7977 | solve=  1.6753 | scatter=  0.0504
f=     8.850 Hz | ky=  0.439575E-02 | IK=       6/      99 | t=    6.930800 s | CA=  2.5916 | fact=  2.5345 | GF=  1.8047 | solve=  1.6812 | scatter=  0.0515
f=     8.850 Hz | ky=  0.512837E-02 | IK=       7/      99 | t=    6.923100 s | CA=  2.6049 | fact=  2.5103 | GF=  1.8079 | solve=  1.6837 | scatter=  0.0522
f=     8.850 Hz | ky=  0.586099E-02 | IK=       8/      99 | t=    6.914500 s | CA=  2.5709 | fact=  2.5348 | GF=  1.8087 | solve=  1.6863 | scatter=  0.0504
f=     8.850 Hz | ky=  0.659362E-02 | IK=       9/      99 | t=    6.942900 s | CA=  2.6275 | fact=  2.5103 | GF=  1.8050 | solve=  1.6818 | scatter=  0.0509
f=     8.850 Hz | ky=  0.732624E-02 | IK=      10/      99 | t=    6.930400 s | CA=  2.6191 | fact=  2.5051 | GF=  1.8062 | solve=  1.6812 | scatter=  0.0528
f=     8.850 Hz | ky=  0.805887E-02 | IK=      11/      99 | t=    6.931400 s | CA=  2.5891 | fact=  2.5371 | GF=  1.8052 | solve=  1.6789 | scatter=  0.0542
f=     8.850 Hz | ky=  0.879149E-02 | IK=      12/      99 | t=    6.960600 s | CA=  2.6006 | fact=  2.5473 | GF=  1.8127 | solve=  1.6911 | scatter=  0.0493
f=     8.850 Hz | ky=  0.952412E-02 | IK=      13/      99 | t=    6.985500 s | CA=  2.6202 | fact=  2.5546 | GF=  1.8107 | solve=  1.6867 | scatter=  0.0519
f=     8.850 Hz | ky=  0.102567E-01 | IK=      14/      99 | t=    6.915900 s | CA=  2.5693 | fact=  2.5426 | GF=  1.8040 | solve=  1.6802 | scatter=  0.0517
f=     8.850 Hz | ky=  0.109894E-01 | IK=      15/      99 | t=    6.968900 s | CA=  2.6234 | fact=  2.5331 | GF=  1.8124 | solve=  1.6888 | scatter=  0.0515
f=     8.850 Hz | ky=  0.117220E-01 | IK=      16/      99 | t=    6.954500 s | CA=  2.6064 | fact=  2.5369 | GF=  1.8112 | solve=  1.6869 | scatter=  0.0522
f=     8.850 Hz | ky=  0.124546E-01 | IK=      17/      99 | t=    6.900600 s | CA=  2.5271 | fact=  2.5430 | GF=  1.8305 | solve=  1.7055 | scatter=  0.0526
PARDISO mem (f=  8.85 Hz): sym=  1.95 GB  perm=  1.42 GB  num=  3.22 GB  
peak=  4.64 GB
 WD_amp= 9.13099E+13  RESID_RMS= 1.96685E-02  FCOST_DATA= 1.93424E-04  FCOST0= 1.93424E-04
BT: alpha=  5.0000E-01  phi=  1.9342E-04  rhs=  1.9878E-04
  
  
  
  
  
Convergence reached, updating parameter grid
ALPHA from line search =  .5000000000000000
 FCOST0 after linesearch  1.934243639367032E-004
Norm of s (s_norm) =  1.900476034302392
  
Time for LBFGS =  6.454534912109375 min
  
 Frequency:          13 Iteration:           2
t_global   =    577.461 s
  
 -------------- calculate Frechet derivatives -----------
 IFREQ =          13    ITERATION =           2
||Frechet||_F=  9.2494E-20max|Frechet|=  3.9312E-24
||Frechet||_F=  9.2494E-20max|Frechet|=  3.9312E-24
||Frechet||_F=  9.2494E-20max|Frechet|=  3.9312E-24
||Frechet||_F=  9.2494E-20max|Frechet|=  3.9312E-24
||Frechet||_F=  9.2494E-20max|Frechet|=  3.9312E-24
 
TIME for Frechet calc =  5.268113199869791 min
 
 
  compute the residual and the cost function
 WD_amp= 9.13099E+13  RESID_RMS= 1.96685E-02  FCOST_DATA= 1.93424E-04  FCOST0= 1.93424E-04
||Frechet||_F=  9.2494E-20max|Frechet|=  3.9312E-24
Grad block   6 GRAD_SCALED MORM =   1.5606E-04
Raw grad block  6  PAR={C66}  min= -1.0612E-14  max=  4.8204E-15  L2=  4.2592E-14
Gradient finished
Start LBFGS 
curvature (warm): s·y=  1.7567E-05  ||s||^2=  3.6118E+00  ||y||^2=  3.8276E-10  sTy_min=  3.7181E-06
LBFGS step: g·p = -9.0841E-05  ||p||=  7.5243E+00
LBFGS step: min(p)= -6.8112E-01  max(p)=  5.5691E-01
LBFGS p_k (unscaled) stats per active parameter:
  IA=  6  PAR={C66}  min=-2.60864E+09  max= 2.13295E+09  L2= 2.88177E+10
min(p_k)= -6.8112E-01  max(p_k)=  5.5691E-01  ||p_k||=  7.5243E+00
min(p_kf)= -6.8112E-01  max(p_kf)=  5.5691E-01  ||p_kf||=  3.0097E+01
p_k/p_kf  =   2.5000E-01
Start linesearch
MT entry: phi(0)=  1.9342E-04  dg0= -9.0841E-05  alpha0=  1.0000E+00
 UPDATEPARAMETER: f-scale only
UPDATEPARAMETER PAR_STEP min/max, V_STEP min/max =  6.2080674293E+08  1.3095622941E+10
  6.2080674293E+08  1.3095622941E+10
 WD_amp= 9.13099E+13  RESID_RMS= 2.12531E-02  FCOST_DATA= 2.25846E-04  FCOST0= 2.25846E-04
  
 -------------- calculate Frechet derivatives -----------
 IFREQ =          13    ITERATION =           2
||Frechet||_F=  9.7675E-20max|Frechet|=  3.8944E-24
||Frechet||_F=  9.7675E-20max|Frechet|=  3.8944E-24
||Frechet||_F=  9.7675E-20max|Frechet|=  3.8944E-24
||Frechet||_F=  9.7675E-20max|Frechet|=  3.8944E-24
||Frechet||_F=  9.7675E-20max|Frechet|=  3.8944E-24
||Frechet||_F=  9.7675E-20max|Frechet|=  3.8944E-24
Grad block   6 GRAD_SCALED MORM =   2.2239E-04
MT try: alpha=  1.0000E+00  phi=  2.2585E-04  dg= -2.1574E-05  dg0= -9.0841E-05
MT try: armijo_rhs=  1.9342E-04  armijo=F  curvature=T  task=FG
 UPDATEPARAMETER: f-scale only
UPDATEPARAMETER PAR_STEP min/max, V_STEP min/max =  1.6716594807E+09  1.2267699086E+10
  1.6716594807E+09  1.2267699086E+10
 WD_amp= 9.13099E+13  RESID_RMS= 1.98495E-02  FCOST_DATA= 1.97002E-04  FCOST0= 1.97002E-04
  
 -------------- calculate Frechet derivatives -----------
 IFREQ =          13    ITERATION =           2
||Frechet||_F=  9.3213E-20max|Frechet|=  3.9429E-24
||Frechet||_F=  9.3213E-20max|Frechet|=  3.9429E-24
||Frechet||_F=  9.3213E-20max|Frechet|=  3.9429E-24
||Frechet||_F=  9.3213E-20max|Frechet|=  3.9429E-24
||Frechet||_F=  9.3213E-20max|Frechet|=  3.9429E-24
||Frechet||_F=  9.3213E-20max|Frechet|=  3.9429E-24
Grad block   6 GRAD_SCALED MORM =   1.7787E-04
MT try: alpha=  1.7971E-01  phi=  1.9700E-04  dg= -7.2094E-05  dg0= -9.0841E-05
MT try: armijo_rhs=  1.9342E-04  armijo=F  curvature=T  task=FG
 UPDATEPARAMETER: f-scale only
UPDATEPARAMETER PAR_STEP min/max, V_STEP min/max =  1.7285196304E+09  1.2231881670E+10
  1.7285196304E+09  1.2231881670E+10
 WD_amp= 9.13099E+13  RESID_RMS= 1.96920E-02  FCOST_DATA= 1.93887E-04  FCOST0= 1.93887E-04
  
 -------------- calculate Frechet derivatives -----------
 IFREQ =          13    ITERATION =           2
||Frechet||_F=  9.2581E-20max|Frechet|=  3.9333E-24
||Frechet||_F=  9.2581E-20max|Frechet|=  3.9333E-24
||Frechet||_F=  9.2581E-20max|Frechet|=  3.9333E-24
||Frechet||_F=  9.2581E-20max|Frechet|=  3.9333E-24
||Frechet||_F=  9.2581E-20max|Frechet|=  3.9333E-24
||Frechet||_F=  9.2581E-20max|Frechet|=  3.9333E-24
Grad block   6 GRAD_SCALED MORM =   1.5965E-04
MT try: alpha=  3.1340E-02  phi=  1.9389E-04  dg= -8.9745E-05  dg0= -9.0841E-05
MT try: armijo_rhs=  1.9342E-04  armijo=F  curvature=F  task=FG
 UPDATEPARAMETER: f-scale only
UPDATEPARAMETER PAR_STEP min/max, V_STEP min/max =  1.7329761606E+09  1.2225633521E+10
  1.7329761606E+09  1.2225633521E+10
 WD_amp= 9.13099E+13  RESID_RMS= 1.96717E-02  FCOST_DATA= 1.93488E-04  FCOST0= 1.93488E-04
  
 -------------- calculate Frechet derivatives -----------
 IFREQ =          13    ITERATION =           2
||Frechet||_F=  9.2508E-20max|Frechet|=  3.9316E-24
||Frechet||_F=  9.2508E-20max|Frechet|=  3.9316E-24
||Frechet||_F=  9.2508E-20max|Frechet|=  3.9316E-24
||Frechet||_F=  9.2508E-20max|Frechet|=  3.9316E-24
||Frechet||_F=  9.2508E-20max|Frechet|=  3.9316E-24
||Frechet||_F=  9.2508E-20max|Frechet|=  3.9316E-24
Grad block   6 GRAD_SCALED MORM =   1.5666E-04
MT try: alpha=  5.4566E-03  phi=  1.9349E-04  dg= -9.0820E-05  dg0= -9.0841E-05
MT try: armijo_rhs=  1.9342E-04  armijo=F  curvature=F  task=FG
 UPDATEPARAMETER: f-scale only
UPDATEPARAMETER PAR_STEP min/max, V_STEP min/max =  1.7337465247E+09  1.2224553454E+10
  1.7337465247E+09  1.2224553454E+10
 WD_amp= 9.13099E+13  RESID_RMS= 1.96690E-02  FCOST_DATA= 1.93435E-04  FCOST0= 1.93435E-04
LS STOP (stagnation): alpha=  9.8243E-04  FCOST1=  1.9344E-04  FCOST0=  1.9342E-04
 LINESEARCH_MT(dcsrch): fallback to backtrack, task=FG stp=
  9.824326122391429E-004  hit_minstep= F
BT entry: phi(0)=  1.9342E-04  g·p(0)= -9.0841E-05
 UPDATEPARAMETER: f-scale only
UPDATEPARAMETER PAR_STEP min/max, V_STEP min/max =  6.2080674293E+08  1.3095622941E+10
  6.2080674293E+08  1.3095622941E+10
REL STEP elastic: k=  6 row=  6 rmax_k=  7.7374E-01 row_scale=  1.2224E+10
BT cap probe: rmax1=  7.7374E-01  alpha_cap=  6.4621E-01  alpha00=  1.0000E+00
 UPDATEPARAMETER: f-scale only
UPDATEPARAMETER PAR_STEP min/max, V_STEP min/max =  1.3093014264E+09  1.2564913720E+10
  1.3093014264E+09  1.2564913720E+10
 WD_amp= 9.13099E+13  RESID_RMS= 1.99743E-02  FCOST_DATA= 1.99486E-04  FCOST0= 1.99486E-04
BT: alpha=  6.4621E-01  phi=  1.9949E-04  rhs=  1.9342E-04
 UPDATEPARAMETER: f-scale only
UPDATEPARAMETER PAR_STEP min/max, V_STEP min/max =  1.6164113973E+09  1.2304352571E+10
  1.6164113973E+09  1.2304352571E+10
 WD_amp= 9.13099E+13  RESID_RMS= 2.00584E-02  FCOST_DATA= 2.01170E-04  FCOST0= 2.01170E-04
BT: alpha=  3.2311E-01  phi=  2.0117E-04  rhs=  1.9342E-04
 UPDATEPARAMETER: f-scale only
UPDATEPARAMETER PAR_STEP min/max, V_STEP min/max =  1.6786566300E+09  1.2263315126E+10
  1.6786566300E+09  1.2263315126E+10
 WD_amp= 9.13099E+13  RESID_RMS= 1.98319E-02  FCOST_DATA= 1.96651E-04  FCOST0= 1.96651E-04
BT: alpha=  1.6155E-01  phi=  1.9665E-04  rhs=  1.9342E-04
 UPDATEPARAMETER: f-scale only
UPDATEPARAMETER PAR_STEP min/max, V_STEP min/max =  1.7097792464E+09  1.2243815711E+10
  1.7097792464E+09  1.2243815711E+10
 WD_amp= 9.13099E+13  RESID_RMS= 1.97448E-02  FCOST_DATA= 1.94928E-04  FCOST0= 1.94928E-04
BT: alpha=  8.0777E-02  phi=  1.9493E-04  rhs=  1.9342E-04
 UPDATEPARAMETER: f-scale only
UPDATEPARAMETER PAR_STEP min/max, V_STEP min/max =  1.7253405546E+09  1.2234066003E+10
  1.7253405546E+09  1.2234066003E+10
 WD_amp= 9.13099E+13  RESID_RMS= 1.97006E-02  FCOST_DATA= 1.94058E-04  FCOST0= 1.94058E-04
BT: alpha=  4.0388E-02  phi=  1.9406E-04  rhs=  1.9342E-04
 UPDATEPARAMETER: f-scale only
UPDATEPARAMETER PAR_STEP min/max, V_STEP min/max =  1.7304386607E+09  1.2229191149E+10
  1.7304386607E+09  1.2229191149E+10
 WD_amp= 9.13099E+13  RESID_RMS= 1.96824E-02  FCOST_DATA= 1.93698E-04  FCOST0= 1.93698E-04
BT: alpha=  2.0194E-02  phi=  1.9370E-04  rhs=  1.9342E-04
 UPDATEPARAMETER: f-scale only
UPDATEPARAMETER PAR_STEP min/max, V_STEP min/max =  1.7321771701E+09  1.2226753722E+10
  1.7321771701E+09  1.2226753722E+10
 WD_amp= 9.13099E+13  RESID_RMS= 1.96748E-02  FCOST_DATA= 1.93549E-04  FCOST0= 1.93549E-04
BT: alpha=  1.0097E-02  phi=  1.9355E-04  rhs=  1.9342E-04
 UPDATEPARAMETER: f-scale only
UPDATEPARAMETER PAR_STEP min/max, V_STEP min/max =  1.7330464247E+09  1.2225535009E+10
  1.7330464247E+09  1.2225535009E+10
 WD_amp= 9.13099E+13  RESID_RMS= 1.96715E-02  FCOST_DATA= 1.93483E-04  FCOST0= 1.93483E-04
BT: alpha=  5.0485E-03  phi=  1.9348E-04  rhs=  1.9342E-04
 UPDATEPARAMETER: f-scale only
UPDATEPARAMETER PAR_STEP min/max, V_STEP min/max =  1.7334810521E+09  1.2224925652E+10
  1.7334810521E+09  1.2224925652E+10
 WD_amp= 9.13099E+13  RESID_RMS= 1.96699E-02  FCOST_DATA= 1.93453E-04  FCOST0= 1.93453E-04
BT: alpha=  2.5243E-03  phi=  1.9345E-04  rhs=  1.9342E-04
 UPDATEPARAMETER: f-scale only
UPDATEPARAMETER PAR_STEP min/max, V_STEP min/max =  1.7336983657E+09  1.2224620974E+10
  1.7336983657E+09  1.2224620974E+10
 WD_amp= 9.13099E+13  RESID_RMS= 1.96692E-02  FCOST_DATA= 1.93438E-04  FCOST0= 1.93438E-04
BT: alpha=  1.2621E-03  phi=  1.9344E-04  rhs=  1.9342E-04
 UPDATEPARAMETER: f-scale only
UPDATEPARAMETER PAR_STEP min/max, V_STEP min/max =  1.7338070226E+09  1.2224468635E+10
  1.7338070226E+09  1.2224468635E+10
 WD_amp= 9.13099E+13  RESID_RMS= 1.96688E-02  FCOST_DATA= 1.93431E-04  FCOST0= 1.93431E-04
BT: alpha=  6.3107E-04  phi=  1.9343E-04  rhs=  1.9342E-04
 UPDATEPARAMETER: f-scale only
UPDATEPARAMETER PAR_STEP min/max, V_STEP min/max =  1.7338613510E+09  1.2224392465E+10
  1.7338613510E+09  1.2224392465E+10
 WD_amp= 9.13099E+13  RESID_RMS= 1.96686E-02  FCOST_DATA= 1.93428E-04  FCOST0= 1.93428E-04
BT: alpha=  3.1553E-04  phi=  1.9343E-04  rhs=  1.9342E-04
 UPDATEPARAMETER: f-scale only
UPDATEPARAMETER PAR_STEP min/max, V_STEP min/max =  1.7338885152E+09  1.2224354380E+10
  1.7338885152E+09  1.2224354380E+10
 WD_amp= 9.13099E+13  RESID_RMS= 1.96686E-02  FCOST_DATA= 1.93426E-04  FCOST0= 1.93426E-04
BT: alpha=  1.5777E-04  phi=  1.9343E-04  rhs=  1.9342E-04
BT STOP (stagnation): alpha=  1.5777E-04  FCOST1=  1.9343E-04  FCOST0=  1.9342E-04
 UPDATEPARAMETER: f-scale only
UPDATEPARAMETER PAR_STEP min/max, V_STEP min/max =  1.7339139576E+09  1.2224318710E+10
  1.7339139576E+09  1.2224318710E+10
 WD_amp= 9.13099E+13  RESID_RMS= 1.96685E-02  FCOST_DATA= 1.93424E-04  FCOST0= 1.93424E-04
 Backtrack: failed after MAX_IT
 Line search failed (IFLAG=          11 ), inversion diverged.
 --------- Frequency   9.00000000000000       (band            1 )
[ComputeAcqWeight] empty acq_weight_file, using uniform weights = 1.0
Data weighting computed for frequency 4607182418800017373
XSRmin, XSRmax, ZSRmin, ZSRMax -1960.000000000000 .000000000000000 2050.000000000000 4030.000000000000
1 FKYC
1.2 FKYC
my_rank, FKYC,WLMAX, RMAX 0 .7375913186689079E-01 569.1976438714189 2786.036611389018
1.1 NK
NK in cky2= 99

  Number of wavenumber samples (NK) for FREQ =   99
Data weighting computed for frequency 4607182418800017373
Data weighting computed for frequency 4607182418800017373
Data weighting computed for frequency 4607182418800017373
Data weighting computed for frequency 4607182418800017373
Data weighting computed for frequency 4607182418800017373
  RMAX = 2786.04
--- Pre-solver preview (memory + RHS workload) ---
   GQG dims: NNX=       585  NNZ=       317  NPT=    185445
   DOF:     N=3*NPT =    556335
   Sources: NSR=       100  NSS=        20  NK=        99
   RHS total (per IK): nrhs_tot=3*NSS =        60
   Batch:    MAX_RHS_BATCH=        32  nbatches=         2
   GFMY  (GFX+GFY+GFZ):         24.621 GB
   RHS_MY(rhs+sol buffers):      0.531 GB
 
 running run_ik_loop_pardiso
before CA | VmRSS=  26.396 GB  VmHWM= 160.780 GB
after CA | VmRSS=  27.232 GB  VmHWM= 160.780 GB
after factor | VmRSS=  30.995 GB  VmHWM= 160.780 GB
f=     9.000 Hz | ky=  0.745042E-03 | IK=       1/      99 | t=   17.272600 s | CA=  2.5616 | fact= 12.8125 | GF=  1.8984 | solve=  1.7443 | scatter=  0.0523
f=     9.000 Hz | ky=  0.149008E-02 | IK=       2/      99 | t=    6.858700 s | CA=  2.5518 | fact=  2.5100 | GF=  1.7969 | solve=  1.6731 | scatter=  0.0520
f=     9.000 Hz | ky=  0.223513E-02 | IK=       3/      99 | t=    6.874000 s | CA=  2.5525 | fact=  2.5225 | GF=  1.7990 | solve=  1.6757 | scatter=  0.0516
f=     9.000 Hz | ky=  0.298017E-02 | IK=       4/      99 | t=    6.891500 s | CA=  2.5839 | fact=  2.5110 | GF=  1.7965 | solve=  1.6759 | scatter=  0.0489
f=     9.000 Hz | ky=  0.372521E-02 | IK=       5/      99 | t=    6.882600 s | CA=  2.6015 | fact=  2.4842 | GF=  1.7968 | solve=  1.6725 | scatter=  0.0525
f=     9.000 Hz | ky=  0.447025E-02 | IK=       6/      99 | t=    6.903500 s | CA=  2.6129 | fact=  2.4915 | GF=  1.7990 | solve=  1.6746 | scatter=  0.0525
f=     9.000 Hz | ky=  0.521529E-02 | IK=       7/      99 | t=    6.857500 s | CA=  2.5886 | fact=  2.4693 | GF=  1.7995 | solve=  1.6768 | scatter=  0.0508
f=     9.000 Hz | ky=  0.596033E-02 | IK=       8/      99 | t=    6.925800 s | CA=  2.6049 | fact=  2.5164 | GF=  1.8045 | solve=  1.6804 | scatter=  0.0523
f=     9.000 Hz | ky=  0.670538E-02 | IK=       9/      99 | t=    6.885900 s | CA=  2.5522 | fact=  2.5318 | GF=  1.8019 | solve=  1.6772 | scatter=  0.0529
f=     9.000 Hz | ky=  0.745042E-02 | IK=      10/      99 | t=    6.898600 s | CA=  2.5777 | fact=  2.5243 | GF=  1.7965 | solve=  1.6732 | scatter=  0.0512
f=     9.000 Hz | ky=  0.819546E-02 | IK=      11/      99 | t=    6.891400 s | CA=  2.5650 | fact=  2.5180 | GF=  1.8084 | solve=  1.6861 | scatter=  0.0503
f=     9.000 Hz | ky=  0.894050E-02 | IK=      12/      99 | t=    6.909000 s | CA=  2.5722 | fact=  2.5315 | GF=  1.8052 | solve=  1.6808 | scatter=  0.0523
f=     9.000 Hz | ky=  0.968554E-02 | IK=      13/      99 | t=    6.888100 s | CA=  2.5527 | fact=  2.5293 | GF=  1.8060 | solve=  1.6814 | scatter=  0.0527
f=     9.000 Hz | ky=  0.104306E-01 | IK=      14/      99 | t=    6.872300 s | CA=  2.5633 | fact=  2.5043 | GF=  1.8046 | solve=  1.6794 | scatter=  0.0530
f=     9.000 Hz | ky=  0.111756E-01 | IK=      15/      99 | t=    6.952600 s | CA=  2.6128 | fact=  2.5345 | GF=  1.8053 | solve=  1.6795 | scatter=  0.0537
f=     9.000 Hz | ky=  0.119207E-01 | IK=      16/      99 | t=    6.946900 s | CA=  2.6010 | fact=  2.5339 | GF=  1.8120 | solve=  1.6870 | scatter=  0.0529
f=     9.000 Hz | ky=  0.126657E-01 | IK=      17/      99 | t=    6.848400 s | CA=  2.5618 | fact=  2.4858 | GF=  1.8008 | solve=  1.6756 | scatter=  0.0529
PARDISO mem (f=  9.00 Hz): sym=  1.95 GB  perm=  1.42 GB  num=  3.22 GB  
peak=  4.64 GB
t_global   =    193.932 s
TIME for 1st forward modeling =  3.232151540120443  min
TIME for GT0 =  .1093499958515167E-01  min
Data scaler W for L2 norm: 93096939718954.67
Data scaler W for WQS norm: .3395193265742062E-312
Total number of active inversion parameters for current sequential stage (IM):          1
Total model blocks points (NM = IM * NBLOCK):      11534 on grid (NMM = IM * NPT):    185445
 Gradient balance ():   1.00000000000000        1.00000000000000     
   1.00000000000000        1.00000000000000        1.00000000000000     
   1.00000000000000        1.00000000000000        1.00000000000000     
   1.00000000000000        1.00000000000000        1.00000000000000     
 IE0, IZ          30           0
 IE0, IZ, GZ1, GZ2 =           30           0   100.000000000000     
   300.000000000000     
  
 Frequency:          14 Iteration:           1
--- Pre-solver preview (memory + RHS workload) ---
   GQG dims: NNX=       585  NNZ=       317  NPT=    185445
   DOF:     N=3*NPT =    556335
   Sources: NSR=       100  NSS=       100  NK=        99
   RHS total (per IK): nrhs_tot=3*NSS =       300
   Batch:    MAX_RHS_BATCH=        32  nbatches=        10
   GFMY  (GFX+GFY+GFZ):        123.107 GB
   RHS_MY(rhs+sol buffers):      0.531 GB
 
 running run_ik_loop_pardiso
before CA | VmRSS= 125.589 GB  VmHWM= 160.780 GB
after CA | VmRSS= 126.501 GB  VmHWM= 160.780 GB
after factor | VmRSS= 130.297 GB  VmHWM= 160.780 GB
f=     9.000 Hz | ky=  0.745042E-03 | IK=       1/      99 | t=   24.162400 s | CA=  2.4889 | fact= 12.7963 | GF=  8.8771 | solve=  8.2268 | scatter=  0.2503
f=     9.000 Hz | ky=  0.149008E-02 | IK=       2/      99 | t=   13.840700 s | CA=  2.5498 | fact=  2.5119 | GF=  8.7789 | solve=  8.1556 | scatter=  0.2522
f=     9.000 Hz | ky=  0.223513E-02 | IK=       3/      99 | t=   13.867900 s | CA=  2.5589 | fact=  2.5372 | GF=  8.7717 | solve=  8.1486 | scatter=  0.2505
f=     9.000 Hz | ky=  0.298017E-02 | IK=       4/      99 | t=   13.903400 s | CA=  2.5914 | fact=  2.5308 | GF=  8.7812 | solve=  8.1591 | scatter=  0.2499
f=     9.000 Hz | ky=  0.372521E-02 | IK=       5/      99 | t=   13.881100 s | CA=  2.5670 | fact=  2.5232 | GF=  8.7909 | solve=  8.1686 | scatter=  0.2503
f=     9.000 Hz | ky=  0.447025E-02 | IK=       6/      99 | t=   13.914500 s | CA=  2.5962 | fact=  2.5102 | GF=  8.8081 | solve=  8.1821 | scatter=  0.2528
f=     9.000 Hz | ky=  0.521529E-02 | IK=       7/      99 | t=   13.891200 s | CA=  2.5847 | fact=  2.5204 | GF=  8.7861 | solve=  8.1604 | scatter=  0.2520
f=     9.000 Hz | ky=  0.596033E-02 | IK=       8/      99 | t=   13.980000 s | CA=  2.6360 | fact=  2.5343 | GF=  8.8096 | solve=  8.1836 | scatter=  0.2516
f=     9.000 Hz | ky=  0.670538E-02 | IK=       9/      99 | t=   13.902400 s | CA=  2.5988 | fact=  2.5076 | GF=  8.7960 | solve=  8.1706 | scatter=  0.2508
f=     9.000 Hz | ky=  0.745042E-02 | IK=      10/      99 | t=   13.971600 s | CA=  2.6313 | fact=  2.5345 | GF=  8.8058 | solve=  8.1822 | scatter=  0.2502
f=     9.000 Hz | ky=  0.819546E-02 | IK=      11/      99 | t=   13.905800 s | CA=  2.5977 | fact=  2.5255 | GF=  8.7826 | solve=  8.1616 | scatter=  0.2475
f=     9.000 Hz | ky=  0.894050E-02 | IK=      12/      99 | t=   13.866400 s | CA=  2.5750 | fact=  2.4919 | GF=  8.7995 | solve=  8.1737 | scatter=  0.2523
f=     9.000 Hz | ky=  0.968554E-02 | IK=      13/      99 | t=   13.888000 s | CA=  2.5626 | fact=  2.5118 | GF=  8.8136 | solve=  8.1878 | scatter=  0.2520
f=     9.000 Hz | ky=  0.104306E-01 | IK=      14/      99 | t=   13.930800 s | CA=  2.6139 | fact=  2.5293 | GF=  8.7876 | solve=  8.1621 | scatter=  0.2523
f=     9.000 Hz | ky=  0.111756E-01 | IK=      15/      99 | t=   13.962400 s | CA=  2.6216 | fact=  2.5374 | GF=  8.8034 | solve=  8.1763 | scatter=  0.2537
f=     9.000 Hz | ky=  0.119207E-01 | IK=      16/      99 | t=   13.944100 s | CA=  2.6211 | fact=  2.5340 | GF=  8.7890 | solve=  8.1630 | scatter=  0.2525
f=     9.000 Hz | ky=  0.126657E-01 | IK=      17/      99 | t=   13.869100 s | CA=  2.5682 | fact=  2.5284 | GF=  8.7725 | solve=  8.1483 | scatter=  0.2506
PARDISO mem (f=  9.00 Hz): sym=  1.95 GB  perm=  1.42 GB  num=  3.22 GB  
peak=  4.64 GB
t_global   =    578.093 s
TIME for 2d forward modeling_i calc =  9.632542928059896 min
Rank    5 -> ID range:   4001 to   4800 | Tasks:    800
Rank    4 -> ID range:   3201 to   4000 | Tasks:    800
Rank    2 -> ID range:   1601 to   2400 | Tasks:    800
Rank    3 -> ID range:   2401 to   3200 | Tasks:    800
Rank    1 -> ID range:    801 to   1600 | Tasks:    800
  
 -------------- calculate Frechet derivatives -----------
 IFREQ =          14    ITERATION =           1
Frechet memory size Frec_my:      0.825 (Gb)
Rank    0 -> ID range:      1 to    800 | Tasks:    800
FREQ:      9.0 Hz, ITER=       1  Frechet Derivative ID=     100/    4800 Finished   0.387600 s
FREQ:      9.0 Hz, ITER=       1  Frechet Derivative ID=     200/    4800 Finished   0.377400 s
FREQ:      9.0 Hz, ITER=       1  Frechet Derivative ID=     300/    4800 Finished   0.374800 s
FREQ:      9.0 Hz, ITER=       1  Frechet Derivative ID=     400/    4800 Finished   0.355400 s
FREQ:      9.0 Hz, ITER=       1  Frechet Derivative ID=     500/    4800 Finished   0.387700 s
FREQ:      9.0 Hz, ITER=       1  Frechet Derivative ID=     600/    4800 Finished   0.374100 s
FREQ:      9.0 Hz, ITER=       1  Frechet Derivative ID=     700/    4800 Finished   0.370000 s
FREQ:      9.0 Hz, ITER=       1  Frechet Derivative ID=     800/    4800 Finished   0.369600 s
||Frechet||_F=  9.3332E-20max|Frechet|=  3.7506E-24
||Frechet||_F=  9.3332E-20max|Frechet|=  3.7506E-24
||Frechet||_F=  9.3332E-20max|Frechet|=  3.7506E-24
||Frechet||_F=  9.3332E-20max|Frechet|=  3.7506E-24
 
TIME for Frechet calc =  5.267119852701823 min
 
m_fine: min=  1.7339E+09  max=  1.2224E+10  mean=  7.9591E+09  ||.||2=  3.8663E+12  size=  185445
m_coarse_prev: min=  1.7525E+09  max=  1.2153E+10  mean=  7.9625E+09  ||.||2=  9.6433E+11  size=   11534
 
  compute the residual and the cost function
 WD_amp= 9.30969E+13  RESID_RMS= 1.99230E-02  FCOST_DATA= 1.98462E-04  FCOST0= 1.98462E-04
||Frechet||_F=  9.3332E-20max|Frechet|=  3.7506E-24
||Frechet||_F=  9.3332E-20max|Frechet|=  3.7506E-24
IA=  6  H(single F0) min= 0.00000E+00  max= 2.08650E-03
IA=  6  H(F0^2)     min= 0.00000E+00  max= 2.08650E-03
IA=  6  H(single F0) min= 0.00000E+00  max= 2.08650E-03
IA=  6  H(F0^2)     min= 0.00000E+00  max= 2.08650E-03
HESSD: ia=   6  min= 0.00000E+00  max= 4.79169E+05
HESSD: ia=   6  min= 0.00000E+00  max= 4.79169E+05
IA=  6  H(single F0) min= 0.00000E+00  max= 2.08650E-03
IA=  6  H(F0^2)     min= 0.00000E+00  max= 2.08650E-03
HESSD: ia=   6  min= 0.00000E+00  max= 4.79169E+05
IA=  6  H(single F0) min= 0.00000E+00  max= 2.08650E-03
IA=  6  H(F0^2)     min= 0.00000E+00  max= 2.08650E-03
HESSD: ia=   6  min= 0.00000E+00  max= 4.79169E+05
IA=  6  H(single F0) min= 0.00000E+00  max= 2.08650E-03
IA=  6  H(F0^2)     min= 0.00000E+00  max= 2.08650E-03
HESSD: ia=   6  min= 0.00000E+00  max= 4.79169E+05
IA=  6  H(single F0) min= 0.00000E+00  max= 2.08650E-03
IA=  6  H(F0^2)     min= 0.00000E+00  max= 2.08650E-03
HESSD: ia=   6  min= 0.00000E+00  max= 4.79169E+05
Grad block   6 GRAD_SCALED MORM =   1.4055E-04
Raw grad block  6  PAR={C66}  min= -6.0373E-15  max=  5.3584E-15  L2=  3.7564E-14
Gradient finished
Start LBFGS 
LBFGS steepest step , iter=      1
  g·p = -3.5206E-05  ||p|| =  2.8247E+00
  min(p)= -2.3228E-01  max(p)=  2.9774E-01
LBFGS p_k (unscaled) stats per active parameter:
  IA=  6  PAR={C66}  min=-8.89601E+08  max= 1.14034E+09  L2= 1.08184E+10
min(p_k)= -2.3228E-01  max(p_k)=  2.9774E-01  ||p_k||=  2.8247E+00
min(p_kf)= -2.3228E-01  max(p_kf)=  2.9774E-01  ||p_kf||=  1.1299E+01
p_k/p_kf  =   2.5000E-01
Start linesearch
BT entry: phi(0)=  1.9846E-04  g·p(0)= -3.5206E-05
 UPDATEPARAMETER: f-scale only
UPDATEPARAMETER PAR_STEP min/max, V_STEP min/max =  1.6918476370E+09  1.2289493543E+10
  1.6918476370E+09  1.2289493543E+10
REL STEP elastic: k=  6 row=  6 rmax_k=  2.3997E-01 row_scale=  1.2224E+10
BT cap probe: rmax1=  2.3997E-01  alpha_cap=  1.0000E+00  alpha00=  1.0000E+00
 UPDATEPARAMETER: f-scale only
UPDATEPARAMETER PAR_STEP min/max, V_STEP min/max =  1.6918476370E+09  1.2289493543E+10
  1.6918476370E+09  1.2289493543E+10
 running run_ik_loop_pardiso
before CA | VmRSS=  27.137 GB  VmHWM= 160.780 GB
after CA | VmRSS=  28.293 GB  VmHWM= 160.780 GB
after factor | VmRSS=  32.077 GB  VmHWM= 160.780 GB
f=     9.000 Hz | ky=  0.745042E-03 | IK=       1/      99 | t=   17.229700 s | CA=  2.5235 | fact= 12.8104 | GF=  1.8956 | solve=  1.7440 | scatter=  0.0497
f=     9.000 Hz | ky=  0.149008E-02 | IK=       2/      99 | t=    6.912100 s | CA=  2.5867 | fact=  2.5314 | GF=  1.7940 | solve=  1.6718 | scatter=  0.0503
f=     9.000 Hz | ky=  0.223513E-02 | IK=       3/      99 | t=    6.892300 s | CA=  2.5784 | fact=  2.5128 | GF=  1.8010 | solve=  1.6770 | scatter=  0.0520
f=     9.000 Hz | ky=  0.298017E-02 | IK=       4/      99 | t=    6.876400 s | CA=  2.5558 | fact=  2.5148 | GF=  1.8058 | solve=  1.6817 | scatter=  0.0521
f=     9.000 Hz | ky=  0.372521E-02 | IK=       5/      99 | t=    6.916700 s | CA=  2.5896 | fact=  2.5266 | GF=  1.8004 | solve=  1.6781 | scatter=  0.0504
f=     9.000 Hz | ky=  0.447025E-02 | IK=       6/      99 | t=    6.907200 s | CA=  2.5729 | fact=  2.5308 | GF=  1.8034 | solve=  1.6819 | scatter=  0.0496
f=     9.000 Hz | ky=  0.521529E-02 | IK=       7/      99 | t=    6.908800 s | CA=  2.5709 | fact=  2.5331 | GF=  1.8048 | solve=  1.6816 | scatter=  0.0510
f=     9.000 Hz | ky=  0.596033E-02 | IK=       8/      99 | t=    6.934500 s | CA=  2.5947 | fact=  2.5302 | GF=  1.8096 | solve=  1.6847 | scatter=  0.0528
f=     9.000 Hz | ky=  0.670538E-02 | IK=       9/      99 | t=    6.980100 s | CA=  2.6405 | fact=  2.5351 | GF=  1.8045 | solve=  1.6804 | scatter=  0.0520
f=     9.000 Hz | ky=  0.745042E-02 | IK=      10/      99 | t=    6.891000 s | CA=  2.5598 | fact=  2.5284 | GF=  1.8028 | solve=  1.6808 | scatter=  0.0500
f=     9.000 Hz | ky=  0.819546E-02 | IK=      11/      99 | t=    6.905000 s | CA=  2.5564 | fact=  2.5475 | GF=  1.8011 | solve=  1.6782 | scatter=  0.0510
f=     9.000 Hz | ky=  0.894050E-02 | IK=      12/      99 | t=    6.917000 s | CA=  2.5952 | fact=  2.5152 | GF=  1.8066 | solve=  1.6841 | scatter=  0.0505
f=     9.000 Hz | ky=  0.968554E-02 | IK=      13/      99 | t=    6.972800 s | CA=  2.6287 | fact=  2.5389 | GF=  1.8051 | solve=  1.6801 | scatter=  0.0528
f=     9.000 Hz | ky=  0.104306E-01 | IK=      14/      99 | t=    6.923300 s | CA=  2.5780 | fact=  2.5440 | GF=  1.8013 | solve=  1.6776 | scatter=  0.0516
f=     9.000 Hz | ky=  0.111756E-01 | IK=      15/      99 | t=    6.930000 s | CA=  2.5957 | fact=  2.5264 | GF=  1.8079 | solve=  1.6831 | scatter=  0.0527
f=     9.000 Hz | ky=  0.119207E-01 | IK=      16/      99 | t=    6.936800 s | CA=  2.6214 | fact=  2.5168 | GF=  1.7986 | solve=  1.6768 | scatter=  0.0495
f=     9.000 Hz | ky=  0.126657E-01 | IK=      17/      99 | t=    6.931000 s | CA=  2.5900 | fact=  2.5360 | GF=  1.8049 | solve=  1.6819 | scatter=  0.0507
PARDISO mem (f=  9.00 Hz): sym=  1.95 GB  perm=  1.42 GB  num=  3.22 GB  
peak=  4.64 GB
 WD_amp= 9.30969E+13  RESID_RMS= 2.03057E-02  FCOST_DATA= 2.06161E-04  FCOST0= 2.06161E-04
BT: alpha=  1.0000E+00  phi=  2.0616E-04  rhs=  1.9846E-04
 UPDATEPARAMETER: f-scale only
UPDATEPARAMETER PAR_STEP min/max, V_STEP min/max =  1.7163747499E+09  1.2245795176E+10
  1.7163747499E+09  1.2245795176E+10
 running run_ik_loop_pardiso
before CA | VmRSS=  27.179 GB  VmHWM= 160.780 GB
after CA | VmRSS=  27.876 GB  VmHWM= 160.780 GB
after factor | VmRSS=  31.643 GB  VmHWM= 160.780 GB
f=     9.000 Hz | ky=  0.745042E-03 | IK=       1/      99 | t=   17.180600 s | CA=  2.4846 | fact= 12.7852 | GF=  1.9106 | solve=  1.7555 | scatter=  0.0532
f=     9.000 Hz | ky=  0.149008E-02 | IK=       2/      99 | t=    6.885500 s | CA=  2.5613 | fact=  2.5274 | GF=  1.7968 | solve=  1.6748 | scatter=  0.0501
f=     9.000 Hz | ky=  0.223513E-02 | IK=       3/      99 | t=    6.879000 s | CA=  2.5542 | fact=  2.5244 | GF=  1.8003 | solve=  1.6771 | scatter=  0.0513
f=     9.000 Hz | ky=  0.298017E-02 | IK=       4/      99 | t=    6.900300 s | CA=  2.5689 | fact=  2.5247 | GF=  1.8067 | solve=  1.6847 | scatter=  0.0500
f=     9.000 Hz | ky=  0.372521E-02 | IK=       5/      99 | t=    6.900400 s | CA=  2.5647 | fact=  2.5293 | GF=  1.8064 | solve=  1.6843 | scatter=  0.0500
f=     9.000 Hz | ky=  0.447025E-02 | IK=       6/      99 | t=    6.927500 s | CA=  2.6253 | fact=  2.4972 | GF=  1.8050 | solve=  1.6826 | scatter=  0.0503
f=     9.000 Hz | ky=  0.521529E-02 | IK=       7/      99 | t=    6.915300 s | CA=  2.5752 | fact=  2.5325 | GF=  1.8075 | solve=  1.6830 | scatter=  0.0524
f=     9.000 Hz | ky=  0.596033E-02 | IK=       8/      99 | t=    7.002600 s | CA=  2.6433 | fact=  2.5452 | GF=  1.8141 | solve=  1.6896 | scatter=  0.0523
f=     9.000 Hz | ky=  0.670538E-02 | IK=       9/      99 | t=    6.997600 s | CA=  2.6540 | fact=  2.5378 | GF=  1.8057 | solve=  1.6808 | scatter=  0.0529
f=     9.000 Hz | ky=  0.745042E-02 | IK=      10/      99 | t=    6.984900 s | CA=  2.6468 | fact=  2.5319 | GF=  1.8062 | solve=  1.6809 | scatter=  0.0533
f=     9.000 Hz | ky=  0.819546E-02 | IK=      11/      99 | t=    6.933700 s | CA=  2.5925 | fact=  2.5312 | GF=  1.8100 | solve=  1.6830 | scatter=  0.0550
f=     9.000 Hz | ky=  0.894050E-02 | IK=      12/      99 | t=    6.924800 s | CA=  2.5852 | fact=  2.5294 | GF=  1.8101 | solve=  1.6852 | scatter=  0.0526
f=     9.000 Hz | ky=  0.968554E-02 | IK=      13/      99 | t=    6.907500 s | CA=  2.5761 | fact=  2.5267 | GF=  1.8046 | solve=  1.6811 | scatter=  0.0514
f=     9.000 Hz | ky=  0.104306E-01 | IK=      14/      99 | t=    6.915400 s | CA=  2.5688 | fact=  2.5390 | GF=  1.8076 | solve=  1.6835 | scatter=  0.0519
f=     9.000 Hz | ky=  0.111756E-01 | IK=      15/      99 | t=    6.860300 s | CA=  2.5471 | fact=  2.5039 | GF=  1.8092 | solve=  1.6864 | scatter=  0.0507
f=     9.000 Hz | ky=  0.119207E-01 | IK=      16/      99 | t=    6.917800 s | CA=  2.6084 | fact=  2.5063 | GF=  1.8031 | solve=  1.6789 | scatter=  0.0521
f=     9.000 Hz | ky=  0.126657E-01 | IK=      17/      99 | t=    6.908400 s | CA=  2.5785 | fact=  2.5223 | GF=  1.8076 | solve=  1.6850 | scatter=  0.0506
PARDISO mem (f=  9.00 Hz): sym=  1.95 GB  perm=  1.42 GB  num=  3.22 GB  
peak=  4.64 GB
 WD_amp= 9.30969E+13  RESID_RMS= 2.00423E-02  FCOST_DATA= 2.00847E-04  FCOST0= 2.00847E-04
BT: alpha=  5.0000E-01  phi=  2.0085E-04  rhs=  1.9846E-04
 UPDATEPARAMETER: f-scale only
UPDATEPARAMETER PAR_STEP min/max, V_STEP min/max =  1.7286383064E+09  1.2223945993E+10
  1.7286383064E+09  1.2223945993E+10
 running run_ik_loop_pardiso
before CA | VmRSS=  27.132 GB  VmHWM= 160.780 GB
after CA | VmRSS=  28.174 GB  VmHWM= 160.780 GB
after factor | VmRSS=  31.962 GB  VmHWM= 160.780 GB
f=     9.000 Hz | ky=  0.745042E-03 | IK=       1/      99 | t=   17.290100 s | CA=  2.6009 | fact= 12.7923 | GF=  1.8968 | solve=  1.7444 | scatter=  0.0508
f=     9.000 Hz | ky=  0.149008E-02 | IK=       2/      99 | t=    6.845400 s | CA=  2.5545 | fact=  2.4943 | GF=  1.7966 | solve=  1.6741 | scatter=  0.0507
f=     9.000 Hz | ky=  0.223513E-02 | IK=       3/      99 | t=    6.888200 s | CA=  2.5646 | fact=  2.5201 | GF=  1.8035 | solve=  1.6790 | scatter=  0.0524
f=     9.000 Hz | ky=  0.298017E-02 | IK=       4/      99 | t=    6.871800 s | CA=  2.5460 | fact=  2.5268 | GF=  1.7989 | solve=  1.6762 | scatter=  0.0507
f=     9.000 Hz | ky=  0.372521E-02 | IK=       5/      99 | t=    6.905000 s | CA=  2.5936 | fact=  2.5168 | GF=  1.7946 | solve=  1.6727 | scatter=  0.0501
f=     9.000 Hz | ky=  0.447025E-02 | IK=       6/      99 | t=    6.861000 s | CA=  2.5460 | fact=  2.5140 | GF=  1.8010 | solve=  1.6761 | scatter=  0.0529
f=     9.000 Hz | ky=  0.521529E-02 | IK=       7/      99 | t=    6.959800 s | CA=  2.6363 | fact=  2.5231 | GF=  1.8004 | solve=  1.6774 | scatter=  0.0511
f=     9.000 Hz | ky=  0.596033E-02 | IK=       8/      99 | t=    6.917600 s | CA=  2.5778 | fact=  2.5324 | GF=  1.8074 | solve=  1.6834 | scatter=  0.0520
f=     9.000 Hz | ky=  0.670538E-02 | IK=       9/      99 | t=    6.885300 s | CA=  2.5460 | fact=  2.5397 | GF=  1.7995 | solve=  1.6769 | scatter=  0.0504
f=     9.000 Hz | ky=  0.745042E-02 | IK=      10/      99 | t=    6.867800 s | CA=  2.5340 | fact=  2.5319 | GF=  1.8018 | solve=  1.6773 | scatter=  0.0525
f=     9.000 Hz | ky=  0.819546E-02 | IK=      11/      99 | t=    6.852400 s | CA=  2.5510 | fact=  2.5026 | GF=  1.7988 | solve=  1.6764 | scatter=  0.0504
f=     9.000 Hz | ky=  0.894050E-02 | IK=      12/      99 | t=    6.815400 s | CA=  2.5318 | fact=  2.4822 | GF=  1.8013 | solve=  1.6792 | scatter=  0.0499
f=     9.000 Hz | ky=  0.968554E-02 | IK=      13/      99 | t=    6.885500 s | CA=  2.5724 | fact=  2.5116 | GF=  1.8014 | solve=  1.6785 | scatter=  0.0508
f=     9.000 Hz | ky=  0.104306E-01 | IK=      14/      99 | t=    6.849300 s | CA=  2.5246 | fact=  2.5280 | GF=  1.7966 | solve=  1.6738 | scatter=  0.0508
f=     9.000 Hz | ky=  0.111756E-01 | IK=      15/      99 | t=    6.888300 s | CA=  2.5384 | fact=  2.5460 | GF=  1.8039 | solve=  1.6791 | scatter=  0.0528
f=     9.000 Hz | ky=  0.119207E-01 | IK=      16/      99 | t=    6.857500 s | CA=  2.5160 | fact=  2.5346 | GF=  1.8068 | solve=  1.6848 | scatter=  0.0496
f=     9.000 Hz | ky=  0.126657E-01 | IK=      17/      99 | t=    6.892400 s | CA=  2.5712 | fact=  2.5199 | GF=  1.8013 | solve=  1.6759 | scatter=  0.0533
PARDISO mem (f=  9.00 Hz): sym=  1.95 GB  perm=  1.42 GB  num=  3.22 GB  
peak=  4.64 GB
 WD_amp= 9.30969E+13  RESID_RMS= 1.99115E-02  FCOST_DATA= 1.98233E-04  FCOST0= 1.98233E-04
  
BT: alpha=  2.5000E-01  phi=  1.9823E-04  rhs=  1.9846E-04
  
  
  
  
Convergence reached, updating parameter grid
ALPHA from line search =  .2500000000000000
 FCOST0 after linesearch  1.982331926189311E-004
Norm of s (s_norm) =  .7061746025513231
  
Time for LBFGS =  9.650352986653646 min
  
 Frequency:          14 Iteration:           2
t_global   =    577.968 s
  
 -------------- calculate Frechet derivatives -----------
 IFREQ =          14    ITERATION =           2
||Frechet||_F=  9.3376E-20max|Frechet|=  3.7483E-24
||Frechet||_F=  9.3376E-20max|Frechet|=  3.7483E-24
||Frechet||_F=  9.3376E-20max|Frechet|=  3.7483E-24
||Frechet||_F=  9.3376E-20max|Frechet|=  3.7483E-24
||Frechet||_F=  9.3376E-20max|Frechet|=  3.7483E-24
||Frechet||_F=  9.3376E-20max|Frechet|=  3.7483E-24
 
TIME for Frechet calc =  5.236771647135416 min
 
 
  compute the residual and the cost function
 WD_amp= 9.30969E+13  RESID_RMS= 1.99115E-02  FCOST_DATA= 1.98233E-04  FCOST0= 1.98233E-04
Grad block   6 GRAD_SCALED MORM =   1.4056E-04
Raw grad block  6  PAR={C66}  min= -5.5429E-15  max=  5.2136E-15  L2=  3.7662E-14
Gradient finished
Start LBFGS 
curvature (warm): s·y=  3.1980E-06  ||s||^2=  4.9868E-01  ||y||^2=  1.1617E-10  sTy_min=  7.6112E-07
LBFGS step: g·p = -1.4478E-04  ||p||=  1.2682E+01
LBFGS step: min(p)= -1.1041E+00  max(p)=  5.9528E-01
LBFGS p_k (unscaled) stats per active parameter:
  IA=  6  PAR={C66}  min=-4.22846E+09  max= 2.27990E+09  L2= 4.85727E+10
min(p_k)= -1.1041E+00  max(p_k)=  5.9528E-01  ||p_k||=  1.2682E+01
min(p_kf)= -1.1041E+00  max(p_kf)=  5.9528E-01  ||p_kf||=  5.0730E+01
p_k/p_kf  =   2.5000E-01
Start linesearch
MT entry: phi(0)=  1.9823E-04  dg0= -1.4478E-04  alpha0=  1.0000E+00
 UPDATEPARAMETER: f-scale only
UPDATEPARAMETER PAR_STEP min/max, V_STEP min/max = -1.1593288786E+09  1.3487518235E+10
 -1.1593288786E+09  1.3487518235E+10
 WD_amp= 9.30969E+13  RESID_RMS= 2.33944E-02  FCOST_DATA= 2.73648E-04  FCOST0= 2.73648E-04
  
 -------------- calculate Frechet derivatives -----------
 IFREQ =          14    ITERATION =           2
||Frechet||_F=  1.0601E-19max|Frechet|=  3.6696E-24
||Frechet||_F=  1.0601E-19max|Frechet|=  3.6696E-24
||Frechet||_F=  1.0601E-19max|Frechet|=  3.6696E-24
||Frechet||_F=  1.0601E-19max|Frechet|=  3.6696E-24
||Frechet||_F=  1.0601E-19max|Frechet|=  3.6696E-24
||Frechet||_F=  1.0601E-19max|Frechet|=  3.6696E-24
Grad block   6 GRAD_SCALED MORM =   1.9946E-04
MT try: alpha=  1.0000E+00  phi=  2.7365E-04  dg=  8.6547E-05  dg0= -1.4478E-04
MT try: armijo_rhs=  1.9822E-04  armijo=F  curvature=T  task=FG
 UPDATEPARAMETER: f-scale only
UPDATEPARAMETER PAR_STEP min/max, V_STEP min/max =  1.6673236113E+09  1.2309167795E+10
  1.6673236113E+09  1.2309167795E+10
 WD_amp= 9.30969E+13  RESID_RMS= 2.03159E-02  FCOST_DATA= 2.06368E-04  FCOST0= 2.06368E-04
  
 -------------- calculate Frechet derivatives -----------
 IFREQ =          14    ITERATION =           2
||Frechet||_F=  9.4826E-20max|Frechet|=  3.7396E-24
||Frechet||_F=  9.4826E-20max|Frechet|=  3.7396E-24
||Frechet||_F=  9.4826E-20max|Frechet|=  3.7396E-24
||Frechet||_F=  9.4826E-20max|Frechet|=  3.7396E-24
||Frechet||_F=  9.4826E-20max|Frechet|=  3.7396E-24
||Frechet||_F=  9.4826E-20max|Frechet|=  3.7396E-24
Grad block   6 GRAD_SCALED MORM =   1.7029E-04
MT try: alpha=  1.9699E-01  phi=  2.0637E-04  dg= -7.8331E-05  dg0= -1.4478E-04
MT try: armijo_rhs=  1.9823E-04  armijo=F  curvature=T  task=FG
 UPDATEPARAMETER: f-scale only
UPDATEPARAMETER PAR_STEP min/max, V_STEP min/max =  1.7178392920E+09  1.2238955632E+10
  1.7178392920E+09  1.2238955632E+10
 WD_amp= 9.30969E+13  RESID_RMS= 1.99421E-02  FCOST_DATA= 1.98844E-04  FCOST0= 1.98844E-04
  
 -------------- calculate Frechet derivatives -----------
 IFREQ =          14    ITERATION =           2
||Frechet||_F=  9.3551E-20max|Frechet|=  3.7429E-24
||Frechet||_F=  9.3551E-20max|Frechet|=  3.7429E-24
||Frechet||_F=  9.3551E-20max|Frechet|=  3.7429E-24
||Frechet||_F=  9.3551E-20max|Frechet|=  3.7429E-24
||Frechet||_F=  9.3551E-20max|Frechet|=  3.7429E-24
||Frechet||_F=  9.3551E-20max|Frechet|=  3.7429E-24
Grad block   6 GRAD_SCALED MORM =   1.4385E-04
MT try: alpha=  3.4694E-02  phi=  1.9884E-04  dg= -1.3092E-04  dg0= -1.4478E-04
MT try: armijo_rhs=  1.9823E-04  armijo=F  curvature=F  task=FG
 UPDATEPARAMETER: f-scale only
UPDATEPARAMETER PAR_STEP min/max, V_STEP min/max =  1.7266117375E+09  1.2226762738E+10
  1.7266117375E+09  1.2226762738E+10
 WD_amp= 9.30969E+13  RESID_RMS= 1.99181E-02  FCOST_DATA= 1.98365E-04  FCOST0= 1.98365E-04
  
 -------------- calculate Frechet derivatives -----------
 IFREQ =          14    ITERATION =           2
||Frechet||_F=  9.3405E-20max|Frechet|=  3.7476E-24
||Frechet||_F=  9.3405E-20max|Frechet|=  3.7476E-24
||Frechet||_F=  9.3405E-20max|Frechet|=  3.7476E-24
||Frechet||_F=  9.3405E-20max|Frechet|=  3.7476E-24
||Frechet||_F=  9.3405E-20max|Frechet|=  3.7476E-24
||Frechet||_F=  9.3405E-20max|Frechet|=  3.7476E-24
Grad block   6 GRAD_SCALED MORM =   1.4104E-04
MT try: alpha=  6.5108E-03  phi=  1.9836E-04  dg= -1.4334E-04  dg0= -1.4478E-04
MT try: armijo_rhs=  1.9823E-04  armijo=F  curvature=F  task=FG
 UPDATEPARAMETER: f-scale only
UPDATEPARAMETER PAR_STEP min/max, V_STEP min/max =  1.7282765987E+09  1.2224448733E+10
  1.7282765987E+09  1.2224448733E+10
 WD_amp= 9.30969E+13  RESID_RMS= 1.99127E-02  FCOST_DATA= 1.98257E-04  FCOST0= 1.98257E-04
  
 -------------- calculate Frechet derivatives -----------
 IFREQ =          14    ITERATION =           2
||Frechet||_F=  9.3381E-20max|Frechet|=  3.7482E-24
||Frechet||_F=  9.3381E-20max|Frechet|=  3.7482E-24
||Frechet||_F=  9.3381E-20max|Frechet|=  3.7482E-24
||Frechet||_F=  9.3381E-20max|Frechet|=  3.7482E-24
||Frechet||_F=  9.3381E-20max|Frechet|=  3.7482E-24
||Frechet||_F=  9.3381E-20max|Frechet|=  3.7482E-24
Grad block   6 GRAD_SCALED MORM =   1.4064E-04
MT try: alpha=  1.1621E-03  phi=  1.9826E-04  dg= -1.4457E-04  dg0= -1.4478E-04
MT try: armijo_rhs=  1.9823E-04  armijo=F  curvature=F  task=FG
 UPDATEPARAMETER: f-scale only
UPDATEPARAMETER PAR_STEP min/max, V_STEP min/max =  1.7285740662E+09  1.2224035281E+10
  1.7285740662E+09  1.2224035281E+10
 WD_amp= 9.30969E+13  RESID_RMS= 1.99117E-02  FCOST_DATA= 1.98237E-04  FCOST0= 1.98237E-04
LS STOP (stagnation): alpha=  2.0639E-04  FCOST1=  1.9824E-04  FCOST0=  1.9823E-04
 LINESEARCH_MT(dcsrch): fallback to backtrack, task=FG stp=
  2.063866255082242E-004  hit_minstep= F
BT entry: phi(0)=  1.9823E-04  g·p(0)= -1.4478E-04
 UPDATEPARAMETER: f-scale only
UPDATEPARAMETER PAR_STEP min/max, V_STEP min/max = -1.1593288786E+09  1.3487518235E+10
 -1.1593288786E+09  1.3487518235E+10
REL STEP elastic: k=  6 row=  6 rmax_k=  1.4188E+00 row_scale=  1.2224E+10
BT cap probe: rmax1=  1.4188E+00  alpha_cap=  3.5240E-01  alpha00=  1.0000E+00
 UPDATEPARAMETER: f-scale only
UPDATEPARAMETER PAR_STEP min/max, V_STEP min/max =  1.3839554338E+09  1.2395488746E+10
  1.3839554338E+09  1.2395488746E+10
 WD_amp= 9.30969E+13  RESID_RMS= 2.04098E-02  FCOST_DATA= 2.08279E-04  FCOST0= 2.08279E-04
BT: alpha=  3.5240E-01  phi=  2.0828E-04  rhs=  1.9823E-04
 UPDATEPARAMETER: f-scale only
UPDATEPARAMETER PAR_STEP min/max, V_STEP min/max =  1.6737942381E+09  1.2300174218E+10
  1.6737942381E+09  1.2300174218E+10
 WD_amp= 9.30969E+13  RESID_RMS= 2.02626E-02  FCOST_DATA= 2.05287E-04  FCOST0= 2.05287E-04
BT: alpha=  1.7620E-01  phi=  2.0529E-04  rhs=  1.9823E-04
 UPDATEPARAMETER: f-scale only
UPDATEPARAMETER PAR_STEP min/max, V_STEP min/max =  1.7012162722E+09  1.2262060105E+10
  1.7012162722E+09  1.2262060105E+10
 WD_amp= 9.30969E+13  RESID_RMS= 1.99914E-02  FCOST_DATA= 1.99829E-04  FCOST0= 1.99829E-04
BT: alpha=  8.8100E-02  phi=  1.9983E-04  rhs=  1.9823E-04
 UPDATEPARAMETER: f-scale only
UPDATEPARAMETER PAR_STEP min/max, V_STEP min/max =  1.7149272893E+09  1.2243003049E+10
  1.7149272893E+09  1.2243003049E+10
 WD_amp= 9.30969E+13  RESID_RMS= 1.99485E-02  FCOST_DATA= 1.98971E-04  FCOST0= 1.98971E-04
BT: alpha=  4.4050E-02  phi=  1.9897E-04  rhs=  1.9823E-04
 UPDATEPARAMETER: f-scale only
UPDATEPARAMETER PAR_STEP min/max, V_STEP min/max =  1.7217827978E+09  1.2233474521E+10
  1.7217827978E+09  1.2233474521E+10
 WD_amp= 9.30969E+13  RESID_RMS= 1.99323E-02  FCOST_DATA= 1.98649E-04  FCOST0= 1.98649E-04
BT: alpha=  2.2025E-02  phi=  1.9865E-04  rhs=  1.9823E-04
 UPDATEPARAMETER: f-scale only
UPDATEPARAMETER PAR_STEP min/max, V_STEP min/max =  1.7252105521E+09  1.2228710257E+10
  1.7252105521E+09  1.2228710257E+10
 WD_amp= 9.30969E+13  RESID_RMS= 1.99225E-02  FCOST_DATA= 1.98452E-04  FCOST0= 1.98452E-04
BT: alpha=  1.1012E-02  phi=  1.9845E-04  rhs=  1.9823E-04
 UPDATEPARAMETER: f-scale only
UPDATEPARAMETER PAR_STEP min/max, V_STEP min/max =  1.7269244292E+09  1.2226328125E+10
  1.7269244292E+09  1.2226328125E+10
 WD_amp= 9.30969E+13  RESID_RMS= 1.99171E-02  FCOST_DATA= 1.98345E-04  FCOST0= 1.98345E-04
BT: alpha=  5.5062E-03  phi=  1.9834E-04  rhs=  1.9823E-04
 UPDATEPARAMETER: f-scale only
UPDATEPARAMETER PAR_STEP min/max, V_STEP min/max =  1.7277813678E+09  1.2225137059E+10
  1.7277813678E+09  1.2225137059E+10
 WD_amp= 9.30969E+13  RESID_RMS= 1.99143E-02  FCOST_DATA= 1.98289E-04  FCOST0= 1.98289E-04
BT: alpha=  2.7531E-03  phi=  1.9829E-04  rhs=  1.9823E-04
 UPDATEPARAMETER: f-scale only
UPDATEPARAMETER PAR_STEP min/max, V_STEP min/max =  1.7282098371E+09  1.2224541526E+10
  1.7282098371E+09  1.2224541526E+10
 WD_amp= 9.30969E+13  RESID_RMS= 1.99129E-02  FCOST_DATA= 1.98261E-04  FCOST0= 1.98261E-04
BT: alpha=  1.3766E-03  phi=  1.9826E-04  rhs=  1.9823E-04
 UPDATEPARAMETER: f-scale only
UPDATEPARAMETER PAR_STEP min/max, V_STEP min/max =  1.7284240717E+09  1.2224243759E+10
  1.7284240717E+09  1.2224243759E+10
 WD_amp= 9.30969E+13  RESID_RMS= 1.99122E-02  FCOST_DATA= 1.98247E-04  FCOST0= 1.98247E-04
BT: alpha=  6.8828E-04  phi=  1.9825E-04  rhs=  1.9823E-04
 UPDATEPARAMETER: f-scale only
UPDATEPARAMETER PAR_STEP min/max, V_STEP min/max =  1.7285311890E+09  1.2224094876E+10
  1.7285311890E+09  1.2224094876E+10
 WD_amp= 9.30969E+13  RESID_RMS= 1.99118E-02  FCOST_DATA= 1.98240E-04  FCOST0= 1.98240E-04
BT: alpha=  3.4414E-04  phi=  1.9824E-04  rhs=  1.9823E-04
 UPDATEPARAMETER: f-scale only
UPDATEPARAMETER PAR_STEP min/max, V_STEP min/max =  1.7285847477E+09  1.2224020435E+10
  1.7285847477E+09  1.2224020435E+10
 WD_amp= 9.30969E+13  RESID_RMS= 1.99116E-02  FCOST_DATA= 1.98237E-04  FCOST0= 1.98237E-04
BT: alpha=  1.7207E-04  phi=  1.9824E-04  rhs=  1.9823E-04
 UPDATEPARAMETER: f-scale only
UPDATEPARAMETER PAR_STEP min/max, V_STEP min/max =  1.7286115270E+09  1.2223983214E+10
  1.7286115270E+09  1.2223983214E+10
 WD_amp= 9.30969E+13  RESID_RMS= 1.99116E-02  FCOST_DATA= 1.98235E-04  FCOST0= 1.98235E-04
BT: alpha=  8.6035E-05  phi=  1.9823E-04  rhs=  1.9823E-04
BT STOP (stagnation): alpha=  8.6035E-05  FCOST1=  1.9823E-04  FCOST0=  1.9823E-04
 UPDATEPARAMETER: f-scale only
UPDATEPARAMETER PAR_STEP min/max, V_STEP min/max =  1.7286351938E+09  1.2223950319E+10
  1.7286351938E+09  1.2223950319E+10
 WD_amp= 9.30969E+13  RESID_RMS= 1.99115E-02  FCOST_DATA= 1.98233E-04  FCOST0= 1.98233E-04
 Backtrack: failed after MAX_IT
 Line search failed (IFLAG=          11 ), inversion diverged.
  projecting back to physical grid for next frequency
  end of  frequency           15
 CR0 shape           6       27846      167076
 C0 shape           6       27846      167076
 RESULT FILES CLOSED
 Total iterations executed =           21
 Time of operation was    1111.80170565005      min
-------------------------------
End time: Tue May 26 01:51:49 +04 2026
===== MPI Execution Completed (status=0) =====
==== Job ended at: Tue May 26 01:51:49 +04 2026 ====
Total runtime (task 6): 18:31:50
Job completed. Results in /home/USER/53_lbfgs_nblock_merge/10Marmousi_VTI2/output_260525_4365098_6
