==== Job started at: Sun May 24 23:06:22 +04 2026 ====
[Task 3] Waiting for Seis2D_GQG_FWI_4365098 to be built...
[Task 3] Found Seis2D_GQG_FWI_4365098, proceeding.
===== Starting MPI Execution =====
Start time: Sun May 24 23:06:23 +04 2026
Job ID: 4365098, Array task: 3
Nodes: cn-114-[13-14,21-22,34,61]
CPUs per task: 52
Memory per node: Not specified
----------------------------------
 n_process           6
 Build mode   : RELEASE
                                                       
       ************************************************
       *                                              *
       * 2D/2.5D frequency-domain seismic wave model- *
       * ing  in  arbitrary  anisotropic viscoelastic *
       * media with GQG approach and multiparameter FWI *
       ************************************************
 MainInput file
 /home/USER/Models/Marmousi_VTI_2/Main_synth_Marmousi_TI_4000_20m_
 sig4_v800_3.inp
 InitInput file
 /home/USER/Models/Marmousi_VTI_2/Init_VTI_Marmousi_TI_4400_20m_si
 g4_v800_1d.inp
 ---- (1) working-job definition ----------------
lambda_min:         102.2222
Element spacing:  DX=   51.00  DZ=   51.00
NORD (points/elem)= 5
Required Nodal spacing:    =    0.00  Actual Nodal spacing=   12.75
PPW_x=   8.017  PPW_z=   8.017
Required PPW =  5.0 (on lambda_min)
 Sampling OK (PPW >= required).
 InitInputQ file
 /home/USER/Models/Marmousi_VTI_2/InitQ_VTI_Marmousi_TI_4400_20m_s
 ig4_v800_1d.inp
 ------------------------ TOPOGRAPHY DATA  --------------------------           
  
 
XMIN =      0.00 XMAX =   4400.00 ZMIN =      0.00 ZMAX =      0.00
   
       (4) anisotropic model
 MODEL PARAMETERS LOADED
       (5) data acquisition mode
 beta for hess  5.000000000000000E-003
 beta for hess  5.000000000000000E-003
 beta for hess  5.000000000000000E-003
 beta for hess  5.000000000000000E-003
 INITIAL INPUT LOADING COMPLETE
 beta for hess  5.000000000000000E-003
 param_scale_raw(IA=  1) =  2.62700E+03
 param_scale_raw(IA=  2) =  6.89400E+10
 param_scale_raw(IA=  3) =  1.21660E+10
 param_scale_raw(IA=  4) =  5.80300E+10
 param_scale_raw(IA=  5) =  1.93200E+10
 param_scale_raw(IA=  6) =  2.29520E+10
 param_scale_raw(IA=  7) =  2.14808E+02
 param_scale_raw(IA=  8) =  2.44557E+02
 param_scale_raw(IA=  9) =  2.35000E+02
 param_scale_raw(IA= 10) =  1.35595E+02
 param_scale_raw(IA= 11) =  1.23944E+02
 --- Building single global mesh for all bands (NORD=           5 , DX=
   51.0000000000000      , DZ=   51.0000000000000      )  FREQ_MESH=
   9.00000000000000     
 Max source burial for GQG mask (m) =   0.000000000000000E+000
 IZ for GQG mesh =            0
Original XMIN =      0.000
 Original XMAX =   4400.000
Original ZMIN =  -2500.000
 Original ZMAX =      0.000
  
 
actual absorb. zone=      1540.98m  cells=   30
Adjusted XMIN =  -1530.000  XMAX =   5930.000
Adjusted ZMIN =  -4030.000
Computed NX, NZ  (COARSE grid) =      147       80 NBLOCK (elements) =    11534
Computed NNX, NNZ (GQG) =      585      317 NPT (grid pts) =   185445
 
calling ShiftCoordinates for FREQ   9.00
       Shifted X_range:        -3730.0000          3730.0000
       Shifted Z_range:            0.0000          4030.0000
 
 beta for hess  5.000000000000000E-003
calling GQG_2D for FREQ   9.00
Data weighting computed for frequency 4607182418800017373
Data weighting computed for frequency 4607182418800017373
Data weighting computed for frequency 4607182418800017373
Data weighting computed for frequency 4607182418800017373
Data weighting computed for frequency 4607182418800017373
 GQG grid created
 --- SHIFT/MAP CHECK (53) ---
XM first,last =     -2200.0000     2200.0000
ZM first 10:
   1.530000E+03   1.550000E+03   1.570000E+03   1.590000E+03   1.610000E+03   1.630000E+03   1.650000E+03   1.670000E+03   1.690000E+03   1.710000E+03
XSR,ZSR first 10:
   1     -1960.0000      4030.0000
   2     -1760.0000      4030.0000
   3     -1560.0000      4030.0000
   4     -1360.0000      4030.0000
   5     -1160.0000      4030.0000
   6      -960.0000      4030.0000
   7      -760.0000      4030.0000
   8      -560.0000      4030.0000
   9      -360.0000      4030.0000
  10      -160.0000      4030.0000
MSR(1) =      8
MSR1(1,:) first 10:
    44062    44063    44379    44380    44696    44697    45013    45014
FSR(1,:) first 10:
   1.161652E-01   1.516380E-01   1.478479E-01   2.570689E-01   9.152785E-02   1.061466E-01   6.272416E-02   6.688134E-02
SIG(1) 920.0000000000000 FREQ2 9.000000000000000
       Min.wavel.:      102.22  Min.subd.=
IE0, IZ 30 0
 --------- Frequency   3.05000000000000       (band            1 )
[ComputeAcqWeight] empty acq_weight_file, using uniform weights = 1.0
Data weighting computed for frequency 4607182418800017373
XSRmin, XSRmax, ZSRmin, ZSRMax -1960.000000000000 .000000000000000 2050.000000000000 4030.000000000000
1 FKYC
1.2 FKYC
my_rank, FKYC,WLMAX, RMAX 0 .2499615024377965E-01 1679.599604866482 2786.036611389018
1.1 NK
NK in cky2= 55

  Number of wavenumber samples (NK) for FREQ =   55
  RMAX = 2786.04
--- Pre-solver preview (memory + RHS workload) ---
   GQG dims: NNX=       585  NNZ=       317  NPT=    185445
   DOF:     N=3*NPT =    556335
   Sources: NSR=       100  NSS=        20  NK=        55
   RHS total (per IK): nrhs_tot=3*NSS =        60
   Batch:    MAX_RHS_BATCH=        32  nbatches=         2
   GFMY  (GFX+GFY+GFZ):         13.679 GB
   RHS_MY(rhs+sol buffers):      0.531 GB
 
 running run_ik_loop_pardiso
before CA | VmRSS=  13.847 GB  VmHWM=  13.847 GB
after CA | VmRSS=  16.729 GB  VmHWM=  20.720 GB
after factor | VmRSS=  20.658 GB  VmHWM=  20.720 GB
f=     3.050 Hz | ky=  0.454475E-03 | IK=       1/      55 | t=   17.162300 s | CA=  2.4889 | fact= 12.7878 | GF=  1.8854 | solve=  1.7307 | scatter=  0.0524
f=     3.050 Hz | ky=  0.908951E-03 | IK=       2/      55 | t=    6.879000 s | CA=  2.5868 | fact=  2.5037 | GF=  1.7885 | solve=  1.6641 | scatter=  0.0520
f=     3.050 Hz | ky=  0.136343E-02 | IK=       3/      55 | t=    6.955900 s | CA=  2.6740 | fact=  2.4985 | GF=  1.7834 | solve=  1.6606 | scatter=  0.0506
f=     3.050 Hz | ky=  0.181790E-02 | IK=       4/      55 | t=    6.825100 s | CA=  2.5472 | fact=  2.4887 | GF=  1.7892 | solve=  1.6644 | scatter=  0.0528
f=     3.050 Hz | ky=  0.227238E-02 | IK=       5/      55 | t=    6.821500 s | CA=  2.5437 | fact=  2.5004 | GF=  1.7774 | solve=  1.6534 | scatter=  0.0516
f=     3.050 Hz | ky=  0.272685E-02 | IK=       6/      55 | t=    6.849300 s | CA=  2.5641 | fact=  2.5021 | GF=  1.7831 | solve=  1.6588 | scatter=  0.0518
f=     3.050 Hz | ky=  0.318133E-02 | IK=       7/      55 | t=    6.867400 s | CA=  2.5883 | fact=  2.4956 | GF=  1.7835 | solve=  1.6595 | scatter=  0.0520
f=     3.050 Hz | ky=  0.363580E-02 | IK=       8/      55 | t=    6.804100 s | CA=  2.5317 | fact=  2.4894 | GF=  1.7830 | solve=  1.6605 | scatter=  0.0503
f=     3.050 Hz | ky=  0.409028E-02 | IK=       9/      55 | t=    6.874500 s | CA=  2.6008 | fact=  2.4885 | GF=  1.7851 | solve=  1.6622 | scatter=  0.0506
f=     3.050 Hz | ky=  0.454475E-02 | IK=      10/      55 | t=    6.843600 s | CA=  2.5504 | fact=  2.5009 | GF=  1.7922 | solve=  1.6696 | scatter=  0.0504
PARDISO mem (f=  3.05 Hz): sym=  1.95 GB  perm=  1.42 GB  num=  3.22 GB  
peak=  4.64 GB
t_global   =    111.854 s
TIME for 1st forward modeling =  1.839056650797526  min
TIME for GT0 =  .5050000051657359E-02  min
Data scaler W for L2 norm: 56656229808913.63
Data scaler W for WQS norm: .3395193265742062E-312
Total number of active inversion parameters for current sequential stage (IM):          1
Total model blocks points (NM = IM * NBLOCK):      11534 on grid (NMM = IM * NPT):    185445
 Gradient balance ():   1.00000000000000        1.00000000000000     
   1.00000000000000        1.00000000000000        1.00000000000000     
   1.00000000000000        1.00000000000000        1.00000000000000     
   1.00000000000000        1.00000000000000        1.00000000000000     
 IE0, IZ          30           0
 IE0, IZ, GZ1, GZ2 =           30           0   100.000000000000     
   300.000000000000     
  
 Frequency:           1 Iteration:           1
--- Pre-solver preview (memory + RHS workload) ---
   GQG dims: NNX=       585  NNZ=       317  NPT=    185445
   DOF:     N=3*NPT =    556335
   Sources: NSR=       100  NSS=       100  NK=        55
   RHS total (per IK): nrhs_tot=3*NSS =       300
   Batch:    MAX_RHS_BATCH=        32  nbatches=        10
   GFMY  (GFX+GFY+GFZ):         68.393 GB
   RHS_MY(rhs+sol buffers):      0.531 GB
 
 running run_ik_loop_pardiso
before CA | VmRSS=  70.902 GB  VmHWM=  70.902 GB
after CA | VmRSS=  71.551 GB  VmHWM=  75.538 GB
after factor | VmRSS=  75.391 GB  VmHWM=  75.538 GB
f=     3.050 Hz | ky=  0.454475E-03 | IK=       1/      55 | t=   24.219600 s | CA=  2.5321 | fact= 12.7368 | GF=  8.9505 | solve=  8.1514 | scatter=  0.3982
f=     3.050 Hz | ky=  0.908951E-03 | IK=       2/      55 | t=   13.751000 s | CA=  2.5332 | fact=  2.5016 | GF=  8.7162 | solve=  8.0906 | scatter=  0.2545
f=     3.050 Hz | ky=  0.136343E-02 | IK=       3/      55 | t=   13.714100 s | CA=  2.5490 | fact=  2.4678 | GF=  8.6973 | solve=  8.0735 | scatter=  0.2524
f=     3.050 Hz | ky=  0.181790E-02 | IK=       4/      55 | t=   13.488300 s | CA=  2.5190 | fact=  2.5204 | GF=  8.4489 | solve=  7.8178 | scatter=  0.2591
f=     3.050 Hz | ky=  0.227238E-02 | IK=       5/      55 | t=   13.476100 s | CA=  2.5730 | fact=  2.4823 | GF=  8.4208 | solve=  7.7945 | scatter=  0.2537
f=     3.050 Hz | ky=  0.272685E-02 | IK=       6/      55 | t=   13.552000 s | CA=  2.5800 | fact=  2.5113 | GF=  8.4606 | solve=  7.8347 | scatter=  0.2549
f=     3.050 Hz | ky=  0.318133E-02 | IK=       7/      55 | t=   13.456400 s | CA=  2.5084 | fact=  2.5083 | GF=  8.4397 | solve=  7.8139 | scatter=  0.2534
f=     3.050 Hz | ky=  0.363580E-02 | IK=       8/      55 | t=   13.495400 s | CA=  2.5653 | fact=  2.5016 | GF=  8.4285 | solve=  7.8020 | scatter=  0.2548
f=     3.050 Hz | ky=  0.409028E-02 | IK=       9/      55 | t=   13.494000 s | CA=  2.5162 | fact=  2.5137 | GF=  8.4640 | solve=  7.8143 | scatter=  0.2794
f=     3.050 Hz | ky=  0.454475E-02 | IK=      10/      55 | t=   13.484300 s | CA=  2.5392 | fact=  2.5088 | GF=  8.4363 | solve=  7.8093 | scatter=  0.2554
PARDISO mem (f=  3.05 Hz): sym=  1.95 GB  perm=  1.42 GB  num=  3.22 GB  
peak=  4.64 GB
t_global   =    300.122 s
TIME for 2d forward modeling_i calc =  5.001824951171875 min
Rank    4 -> ID range:   3201 to   4000 | Tasks:    800
Rank    5 -> ID range:   4001 to   4800 | Tasks:    800
Rank    2 -> ID range:   1601 to   2400 | Tasks:    800
Rank    1 -> ID range:    801 to   1600 | Tasks:    800
Rank    3 -> ID range:   2401 to   3200 | Tasks:    800
  
 -------------- calculate Frechet derivatives -----------
 IFREQ =           1    ITERATION =           1
Frechet memory size Frec_my:      0.825 (Gb)
Rank    0 -> ID range:      1 to    800 | Tasks:    800
FREQ:      3.0 Hz, ITER=       1  Frechet Derivative ID=     100/    4800 Finished   0.193100 s
FREQ:      3.0 Hz, ITER=       1  Frechet Derivative ID=     200/    4800 Finished   0.193600 s
FREQ:      3.0 Hz, ITER=       1  Frechet Derivative ID=     300/    4800 Finished   0.190700 s
FREQ:      3.0 Hz, ITER=       1  Frechet Derivative ID=     400/    4800 Finished   0.176000 s
FREQ:      3.0 Hz, ITER=       1  Frechet Derivative ID=     500/    4800 Finished   0.191800 s
FREQ:      3.0 Hz, ITER=       1  Frechet Derivative ID=     600/    4800 Finished   0.191500 s
FREQ:      3.0 Hz, ITER=       1  Frechet Derivative ID=     700/    4800 Finished   0.188400 s
FREQ:      3.0 Hz, ITER=       1  Frechet Derivative ID=     800/    4800 Finished   0.191400 s
||Frechet||_F=  6.9819E-19max|Frechet|=  7.8670E-24
||Frechet||_F=  6.9819E-19max|Frechet|=  7.8670E-24
||Frechet||_F=  6.9819E-19max|Frechet|=  7.8670E-24
 
TIME for Frechet calc =  2.866741689046224 min
 
||Frechet||_F=  6.9819E-19max|Frechet|=  7.8670E-24
||Frechet||_F=  6.9819E-19max|Frechet|=  7.8670E-24
||Frechet||_F=  6.9819E-19max|Frechet|=  7.8670E-24
IA=  3  max|F|= 4.45712E-10  rms|F|= 3.87107E-12  F_SCALE(Inf)= 2.24360E+09  F_SCALE_L2= 2.58327E+11
m_fine: min=  1.8740E+09  max=  1.2166E+10  mean=  8.1089E+09  ||.||2=  3.9399E+12  size=  185445
m_coarse_prev: min=  1.8784E+09  max=  1.2166E+10  mean=  8.1124E+09  ||.||2=  9.8268E+11  size=   11534
 
  compute the residual and the cost function
 WD_amp= 5.66562E+13  RESID_RMS= 5.68914E-01  FCOST_DATA= 1.61832E-01  FCOST0= 1.61832E-01
IA=  3  H(single F0) min= 0.00000E+00  max= 4.98961E-03
IA=  3  H(F0^2)     min= 0.00000E+00  max= 4.98961E-03
HESSD: ia=   3  min= 0.00000E+00  max= 4.00832E+04
IA=  3  H(single F0) min= 0.00000E+00  max= 4.98961E-03
IA=  3  H(F0^2)     min= 0.00000E+00  max= 4.98961E-03
HESSD: ia=   3  min= 0.00000E+00  max= 4.00832E+04
IA=  3  H(single F0) min= 0.00000E+00  max= 4.98961E-03
IA=  3  H(F0^2)     min= 0.00000E+00  max= 4.98961E-03
HESSD: ia=   3  min= 0.00000E+00  max= 4.00832E+04
IA=  3  H(single F0) min= 0.00000E+00  max= 4.98961E-03
IA=  3  H(F0^2)     min= 0.00000E+00  max= 4.98961E-03
HESSD: ia=   3  min= 0.00000E+00  max= 4.00832E+04
IA=  3  H(single F0) min= 0.00000E+00  max= 4.98961E-03
IA=  3  H(F0^2)     min= 0.00000E+00  max= 4.98961E-03
HESSD: ia=   3  min= 0.00000E+00  max= 4.00832E+04
IA=  3  H(single F0) min= 0.00000E+00  max= 4.98961E-03
IA=  3  H(F0^2)     min= 0.00000E+00  max= 4.98961E-03
HESSD: ia=   3  min= 0.00000E+00  max= 4.00832E+04
Grad block   3 GRAD_SCALED MORM =   4.7435E-02
Raw grad block  3  PAR={C13}  min= -7.8788E-13  max=  2.5051E-12  L2=  2.1962E-11
Gradient finished
Start LBFGS 
LBFGS steepest step , iter=      1
  g·p = -3.1717E+00  ||p|| =  1.2703E+02
  min(p)= -1.3690E+01  max(p)=  3.0896E+00
LBFGS p_k (unscaled) stats per active parameter:
  IA=  3  PAR={C13}  min=-3.07149E+10  max= 6.93193E+09  L2= 2.85005E+11
min(p_k)= -1.3690E+01  max(p_k)=  3.0896E+00  ||p_k||=  1.2703E+02
min(p_kf)= -1.3690E+01  max(p_kf)=  3.0896E+00  ||p_kf||=  5.0812E+02
p_k/p_kf  =   2.5000E-01
Start linesearch
BT entry: phi(0)=  1.6183E-01  g·p(0)= -3.1717E+00
 UPDATEPARAMETER: f-scale only
UPDATEPARAMETER PAR_STEP min/max, V_STEP min/max = -2.6973872153E+10  1.3083931459E+10
 -2.6973872153E+10  1.3083931459E+10
REL STEP elastic: k=  3 row=  3 rmax_k=  9.5449E+00 row_scale=  1.2166E+10
BT cap probe: rmax1=  9.5449E+00  alpha_cap=  5.2384E-02  alpha00=  1.0000E+00
 UPDATEPARAMETER: f-scale only
UPDATEPARAMETER PAR_STEP min/max, V_STEP min/max =  1.0155000000E+09  1.2170546370E+10
  1.0155000000E+09  1.2170546370E+10
 running run_ik_loop_pardiso
before CA | VmRSS=  16.289 GB  VmHWM=  81.107 GB
after CA | VmRSS=  17.536 GB  VmHWM=  81.107 GB
after factor | VmRSS=  21.331 GB  VmHWM=  81.107 GB
f=     3.050 Hz | ky=  0.454475E-03 | IK=       1/      55 | t=   17.145800 s | CA=  2.4966 | fact= 12.7565 | GF=  1.8926 | solve=  1.7387 | scatter=  0.0521
f=     3.050 Hz | ky=  0.908951E-03 | IK=       2/      55 | t=    6.826000 s | CA=  2.5420 | fact=  2.4915 | GF=  1.7925 | solve=  1.6664 | scatter=  0.0542
f=     3.050 Hz | ky=  0.136343E-02 | IK=       3/      55 | t=    6.839200 s | CA=  2.5634 | fact=  2.4930 | GF=  1.7827 | solve=  1.6594 | scatter=  0.0513
f=     3.050 Hz | ky=  0.181790E-02 | IK=       4/      55 | t=    6.832000 s | CA=  2.5464 | fact=  2.4947 | GF=  1.7908 | solve=  1.6647 | scatter=  0.0540
f=     3.050 Hz | ky=  0.227238E-02 | IK=       5/      55 | t=    6.806000 s | CA=  2.5228 | fact=  2.4962 | GF=  1.7870 | solve=  1.6623 | scatter=  0.0527
f=     3.050 Hz | ky=  0.272685E-02 | IK=       6/      55 | t=    6.913100 s | CA=  2.6171 | fact=  2.5035 | GF=  1.7925 | solve=  1.6665 | scatter=  0.0539
f=     3.050 Hz | ky=  0.318133E-02 | IK=       7/      55 | t=    6.802400 s | CA=  2.5252 | fact=  2.4899 | GF=  1.7873 | solve=  1.6618 | scatter=  0.0531
f=     3.050 Hz | ky=  0.363580E-02 | IK=       8/      55 | t=    6.876800 s | CA=  2.5961 | fact=  2.4938 | GF=  1.7869 | solve=  1.6640 | scatter=  0.0506
f=     3.050 Hz | ky=  0.409028E-02 | IK=       9/      55 | t=    6.789400 s | CA=  2.5462 | fact=  2.4595 | GF=  1.7837 | solve=  1.6595 | scatter=  0.0522
f=     3.050 Hz | ky=  0.454475E-02 | IK=      10/      55 | t=    6.759900 s | CA=  2.4875 | fact=  2.4841 | GF=  1.7883 | solve=  1.6646 | scatter=  0.0517
PARDISO mem (f=  3.05 Hz): sym=  1.95 GB  perm=  1.42 GB  num=  3.22 GB  
peak=  4.64 GB
 WD_amp= 5.66562E+13  RESID_RMS= 3.39971E-01  FCOST_DATA= 5.77902E-02  FCOST0= 5.77902E-02
BT: alpha=  5.2384E-02  phi=  5.7790E-02  rhs=  1.6181E-01
  
  
  
  
Convergence reached, updating parameter grid
ALPHA from line search =  .5238423294613905E-01
 FCOST0 after linesearch  5.779018684015495E-002
Norm of s (s_norm) =  6.654376401316435
  
  
Time for LBFGS =  1.830509948730469 min
  
 Frequency:           1 Iteration:           2
t_global   =    300.353 s
  
 -------------- calculate Frechet derivatives -----------
 IFREQ =           1    ITERATION =           2
||Frechet||_F=  6.2511E-19max|Frechet|=  8.0877E-24
||Frechet||_F=  6.2511E-19max|Frechet|=  8.0877E-24
||Frechet||_F=  6.2511E-19max|Frechet|=  8.0877E-24
||Frechet||_F=  6.2511E-19max|Frechet|=  8.0877E-24
||Frechet||_F=  6.2511E-19max|Frechet|=  8.0877E-24
 
TIME for Frechet calc =  2.893298339843750 min
 
 
  compute the residual and the cost function
 WD_amp= 5.66562E+13  RESID_RMS= 3.39971E-01  FCOST_DATA= 5.77902E-02  FCOST0= 5.77902E-02
||Frechet||_F=  6.2511E-19max|Frechet|=  8.0877E-24
Grad block   3 GRAD_SCALED MORM =   1.9583E-02
Raw grad block  3  PAR={C13}  min= -1.3378E-12  max=  9.6948E-13  L2=  8.8451E-12
Gradient finished
Start LBFGS 
curvature (warm): s·y=  2.0539E-01  ||s||^2=  4.4281E+01  ||y||^2=  1.9139E-03  sTy_min=  2.9112E-02
LBFGS step: g·p = -2.1951E-01  ||p||=  4.8274E+01
LBFGS step: min(p)= -5.9730E+00  max(p)=  4.5292E+00
LBFGS p_k (unscaled) stats per active parameter:
  IA=  3  PAR={C13}  min=-1.34011E+10  max= 1.01618E+10  L2= 1.08308E+11
min(p_k)= -5.9730E+00  max(p_k)=  4.5292E+00  ||p_k||=  4.8274E+01
min(p_kf)= -5.9730E+00  max(p_kf)=  4.5292E+00  ||p_kf||=  1.9310E+02
p_k/p_kf  =   2.5000E-01
Start linesearch
MT entry: phi(0)=  5.7790E-02  dg0= -2.1951E-01  alpha0=  1.0000E+00
 UPDATEPARAMETER: f-scale only
UPDATEPARAMETER PAR_STEP min/max, V_STEP min/max = -8.7164229964E+09  1.6624149605E+10
 -8.7164229964E+09  1.6624149605E+10
 WD_amp= 5.66562E+13  RESID_RMS= 7.73640E-01  FCOST_DATA= 2.99259E-01  FCOST0= 2.99259E-01
  
 -------------- calculate Frechet derivatives -----------
 IFREQ =           1    ITERATION =           2
||Frechet||_F=  6.8542E-19max|Frechet|=  8.9118E-24
||Frechet||_F=  6.8542E-19max|Frechet|=  8.9118E-24
||Frechet||_F=  6.8542E-19max|Frechet|=  8.9118E-24
||Frechet||_F=  6.8542E-19max|Frechet|=  8.9118E-24
||Frechet||_F=  6.8542E-19max|Frechet|=  8.9118E-24
||Frechet||_F=  6.8542E-19max|Frechet|=  8.9118E-24
Grad block   3 GRAD_SCALED MORM =   5.1231E-02
MT try: alpha=  1.0000E+00  phi=  2.9926E-01  dg= -1.6066E-01  dg0= -2.1951E-01
MT try: armijo_rhs=  5.7768E-02  armijo=F  curvature=T  task=FG
 UPDATEPARAMETER: f-scale only
UPDATEPARAMETER PAR_STEP min/max, V_STEP min/max =  8.7333343523E+08  1.2178468723E+10
  8.7333343523E+08  1.2178468723E+10
 WD_amp= 5.66562E+13  RESID_RMS= 2.81373E-01  FCOST_DATA= 3.95854E-02  FCOST0= 3.95854E-02
  
 -------------- calculate Frechet derivatives -----------
 IFREQ =           1    ITERATION =           2
||Frechet||_F=  6.1639E-19max|Frechet|=  8.1996E-24
||Frechet||_F=  6.1639E-19max|Frechet|=  8.1996E-24
||Frechet||_F=  6.1639E-19max|Frechet|=  8.1996E-24
||Frechet||_F=  6.1639E-19max|Frechet|=  8.1996E-24
||Frechet||_F=  6.1639E-19max|Frechet|=  8.1996E-24
||Frechet||_F=  6.1639E-19max|Frechet|=  8.1996E-24
Grad block   3 GRAD_SCALED MORM =   1.8172E-02
MT try: alpha=  9.0986E-02  phi=  3.9585E-02  dg= -8.8595E-03  dg0= -2.1951E-01
MT try: armijo_rhs=  5.7788E-02  armijo=T  curvature=T  task=FG
  
Convergence reached, updating parameter grid
ALPHA from line search =  .9098630279984231E-01
 FCOST0 after linesearch  3.958535948606585E-002
Norm of s (s_norm) =  4.392300086594316
  
  
  
Time for LBFGS =  15.76968790690104 min
  
  
  
 Frequency:           1 Iteration:           3
t_global   =    300.880 s
  
 -------------- calculate Frechet derivatives -----------
 IFREQ =           1    ITERATION =           3
||Frechet||_F=  6.1639E-19max|Frechet|=  8.1996E-24
 
TIME for Frechet calc =  3.052488454182943 min
 
 
  compute the residual and the cost function
 WD_amp= 5.66562E+13  RESID_RMS= 2.81373E-01  FCOST_DATA= 3.95854E-02  FCOST0= 3.95854E-02
||Frechet||_F=  6.1639E-19max|Frechet|=  8.1996E-24
||Frechet||_F=  6.1639E-19max|Frechet|=  8.1996E-24
||Frechet||_F=  6.1639E-19max|Frechet|=  8.1996E-24
||Frechet||_F=  6.1639E-19max|Frechet|=  8.1996E-24
||Frechet||_F=  6.1639E-19max|Frechet|=  8.1996E-24
Grad block   3 GRAD_SCALED MORM =   1.8172E-02
Gradient finished
Start LBFGS 
curvature (warm): s·y=  1.9167E-02  ||s||^2=  1.9292E+01  ||y||^2=  5.7048E-05  sTy_min=  3.3175E-03
LBFGS step: g·p = -9.5162E-02  ||p||=  3.7860E+01
LBFGS step: min(p)= -4.5708E+00  max(p)=  4.5509E+00
LBFGS p_k (unscaled) stats per active parameter:
  IA=  3  PAR={C13}  min=-1.02550E+10  max= 1.02104E+10  L2= 8.49432E+10
min(p_k)= -4.5708E+00  max(p_k)=  4.5509E+00  ||p_k||=  3.7860E+01
min(p_kf)= -4.5708E+00  max(p_kf)=  4.5509E+00  ||p_kf||=  1.5144E+02
p_k/p_kf  =   2.5000E-01
Start linesearch
MT entry: phi(0)=  3.9585E-02  dg0= -9.5162E-02  alpha0=  1.0000E+00
 UPDATEPARAMETER: f-scale only
UPDATEPARAMETER PAR_STEP min/max, V_STEP min/max = -6.4959161619E+09  1.7596633255E+10
 -6.4959161619E+09  1.7596633255E+10
 WD_amp= 5.66562E+13  RESID_RMS= 7.57219E-01  FCOST_DATA= 2.86690E-01  FCOST0= 2.86690E-01
  
 -------------- calculate Frechet derivatives -----------
 IFREQ =           1    ITERATION =           3
||Frechet||_F=  7.0418E-19max|Frechet|=  1.1512E-23
||Frechet||_F=  7.0418E-19max|Frechet|=  1.1512E-23
||Frechet||_F=  7.0418E-19max|Frechet|=  1.1512E-23
||Frechet||_F=  7.0418E-19max|Frechet|=  1.1512E-23
||Frechet||_F=  7.0418E-19max|Frechet|=  1.1512E-23
||Frechet||_F=  7.0418E-19max|Frechet|=  1.1512E-23
Grad block   3 GRAD_SCALED MORM =   6.0231E-02
MT try: alpha=  1.0000E+00  phi=  2.8669E-01  dg= -2.7428E-02  dg0= -9.5162E-02
MT try: armijo_rhs=  3.9576E-02  armijo=F  curvature=T  task=FG
 UPDATEPARAMETER: f-scale only
UPDATEPARAMETER PAR_STEP min/max, V_STEP min/max =  9.1218168039E+08  1.2183169992E+10
  9.1218168039E+08  1.2183169992E+10
 WD_amp= 5.66562E+13  RESID_RMS= 2.58494E-01  FCOST_DATA= 3.34095E-02  FCOST0= 3.34095E-02
  
 -------------- calculate Frechet derivatives -----------
 IFREQ =           1    ITERATION =           3
||Frechet||_F=  6.1634E-19max|Frechet|=  8.2407E-24
||Frechet||_F=  6.1634E-19max|Frechet|=  8.2407E-24
||Frechet||_F=  6.1634E-19max|Frechet|=  8.2407E-24
||Frechet||_F=  6.1634E-19max|Frechet|=  8.2407E-24
||Frechet||_F=  6.1634E-19max|Frechet|=  8.2407E-24
||Frechet||_F=  6.1634E-19max|Frechet|=  8.2407E-24
Grad block   3 GRAD_SCALED MORM =   1.5763E-02
MT try: alpha=  5.2245E-02  phi=  3.3410E-02  dg= -6.0881E-02  dg0= -9.5162E-02
MT try: armijo_rhs=  3.9585E-02  armijo=T  curvature=T  task=FG
  
  
  
  
Convergence reached, updating parameter grid
ALPHA from line search =  .5224501982745697E-01
 FCOST0 after linesearch  3.340954806956541E-002
Norm of s (s_norm) =  1.978008325038677
  
  
Convergence check at iteration    3
  Relative cost decrease  =  1.5601E-01
  Relative model update   =  0.0000E+00
  Relative grad. norm     =  2.8632E-01
Time for LBFGS =  15.72826639811198 min
  
 Frequency:           1 Iteration:           4
t_global   =    298.430 s
  
 -------------- calculate Frechet derivatives -----------
 IFREQ =           1    ITERATION =           4
||Frechet||_F=  6.1634E-19max|Frechet|=  8.2407E-24
||Frechet||_F=  6.1634E-19max|Frechet|=  8.2407E-24
||Frechet||_F=  6.1634E-19max|Frechet|=  8.2407E-24
||Frechet||_F=  6.1634E-19max|Frechet|=  8.2407E-24
||Frechet||_F=  6.1634E-19max|Frechet|=  8.2407E-24
||Frechet||_F=  6.1634E-19max|Frechet|=  8.2407E-24
 
TIME for Frechet calc =  2.940411631266276 min
 
 
  compute the residual and the cost function
 WD_amp= 5.66562E+13  RESID_RMS= 2.58494E-01  FCOST_DATA= 3.34095E-02  FCOST0= 3.34095E-02
Grad block   3 GRAD_SCALED MORM =   1.5763E-02
Gradient finished
Start LBFGS 
curvature (warm): s·y=  1.7910E-03  ||s||^2=  3.9125E+00  ||y||^2=  6.7209E-06  sTy_min=  5.1279E-04
LBFGS step: g·p = -7.3471E-02  ||p||=  3.5596E+01
LBFGS step: min(p)= -3.7331E+00  max(p)=  4.0033E+00
LBFGS p_k (unscaled) stats per active parameter:
  IA=  3  PAR={C13}  min=-8.37549E+09  max= 8.98172E+09  L2= 7.98621E+10
min(p_k)= -3.7331E+00  max(p_k)=  4.0033E+00  ||p_k||=  3.5596E+01
min(p_kf)= -3.7331E+00  max(p_kf)=  4.0033E+00  ||p_kf||=  1.4238E+02
p_k/p_kf  =   2.5000E-01
Start linesearch
MT entry: phi(0)=  3.3410E-02  dg0= -7.3471E-02  alpha0=  1.0000E+00
 UPDATEPARAMETER: f-scale only
UPDATEPARAMETER PAR_STEP min/max, V_STEP min/max = -5.4994210603E+09  1.6691273612E+10
 -5.4994210603E+09  1.6691273612E+10
 WD_amp= 5.66562E+13  RESID_RMS= 8.14970E-01  FCOST_DATA= 3.32088E-01  FCOST0= 3.32088E-01
  
 -------------- calculate Frechet derivatives -----------
 IFREQ =           1    ITERATION =           4
||Frechet||_F=  7.2777E-19max|Frechet|=  1.2639E-23
||Frechet||_F=  7.2777E-19max|Frechet|=  1.2639E-23
||Frechet||_F=  7.2777E-19max|Frechet|=  1.2639E-23
||Frechet||_F=  7.2777E-19max|Frechet|=  1.2639E-23
||Frechet||_F=  7.2777E-19max|Frechet|=  1.2639E-23
||Frechet||_F=  7.2777E-19max|Frechet|=  1.2639E-23
Grad block   3 GRAD_SCALED MORM =   7.8793E-02
MT try: alpha=  1.0000E+00  phi=  3.3209E-01  dg=  1.3124E-01  dg0= -7.3471E-02
MT try: armijo_rhs=  3.3402E-02  armijo=F  curvature=F  task=FG
 UPDATEPARAMETER: f-scale only
UPDATEPARAMETER PAR_STEP min/max, V_STEP min/max =  9.8582257861E+08  1.2188052399E+10
  9.8582257861E+08  1.2188052399E+10
 WD_amp= 5.66562E+13  RESID_RMS= 2.42534E-01  FCOST_DATA= 2.94113E-02  FCOST0= 2.94113E-02
  
 -------------- calculate Frechet derivatives -----------
 IFREQ =           1    ITERATION =           4
||Frechet||_F=  6.1723E-19max|Frechet|=  8.2850E-24
||Frechet||_F=  6.1723E-19max|Frechet|=  8.2850E-24
||Frechet||_F=  6.1723E-19max|Frechet|=  8.2850E-24
||Frechet||_F=  6.1723E-19max|Frechet|=  8.2850E-24
||Frechet||_F=  6.1723E-19max|Frechet|=  8.2850E-24
||Frechet||_F=  6.1723E-19max|Frechet|=  8.2850E-24
Grad block   3 GRAD_SCALED MORM =   1.4457E-02
MT try: alpha=  4.1846E-02  phi=  2.9411E-02  dg= -5.7737E-02  dg0= -7.3471E-02
MT try: armijo_rhs=  3.3409E-02  armijo=T  curvature=T  task=FG
  
Convergence reached, updating parameter grid
ALPHA from line search =  .4184613187908706E-01
 FCOST0 after linesearch  2.941129710068236E-002
Norm of s (s_norm) =  1.489534841250572
  
  
  
  
  
Convergence check at iteration    4
  Relative cost decrease  =  1.1967E-01
  Relative model update   =  0.0000E+00
  Relative grad. norm     =  2.6493E-01
Time for LBFGS =  15.73618367513021 min
  
 Frequency:           1 Iteration:           5
t_global   =    298.281 s
  
 -------------- calculate Frechet derivatives -----------
 IFREQ =           1    ITERATION =           5
||Frechet||_F=  6.1723E-19max|Frechet|=  8.2850E-24
||Frechet||_F=  6.1723E-19max|Frechet|=  8.2850E-24
||Frechet||_F=  6.1723E-19max|Frechet|=  8.2850E-24
 
TIME for Frechet calc =  2.913771565755208 min
 
 
  compute the residual and the cost function
 WD_amp= 5.66562E+13  RESID_RMS= 2.42534E-01  FCOST_DATA= 2.94113E-02  FCOST0= 2.94113E-02
||Frechet||_F=  6.1723E-19max|Frechet|=  8.2850E-24
||Frechet||_F=  6.1723E-19max|Frechet|=  8.2850E-24
||Frechet||_F=  6.1723E-19max|Frechet|=  8.2850E-24
Grad block   3 GRAD_SCALED MORM =   1.4457E-02
Gradient finished
Start LBFGS 
curvature (warm): s·y=  6.5840E-04  ||s||^2=  2.2187E+00  ||y||^2=  2.7586E-06  sTy_min=  2.4740E-04
LBFGS step: g·p = -5.7727E-02  ||p||=  3.4629E+01
LBFGS step: min(p)= -4.2172E+00  max(p)=  3.1910E+00
LBFGS p_k (unscaled) stats per active parameter:
  IA=  3  PAR={C13}  min=-9.46171E+09  max= 7.15925E+09  L2= 7.76930E+10
min(p_k)= -4.2172E+00  max(p_k)=  3.1910E+00  ||p_k||=  3.4629E+01
min(p_kf)= -4.2172E+00  max(p_kf)=  3.1910E+00  ||p_kf||=  1.3851E+02
p_k/p_kf  =   2.5000E-01
Start linesearch
MT entry: phi(0)=  2.9411E-02  dg0= -5.7727E-02  alpha0=  1.0000E+00
 UPDATEPARAMETER: f-scale only
UPDATEPARAMETER PAR_STEP min/max, V_STEP min/max = -4.6053956841E+09  1.2703706590E+10
 -4.6053956841E+09  1.2703706590E+10
 WD_amp= 5.66562E+13  RESID_RMS= 6.66299E-01  FCOST_DATA= 2.21977E-01  FCOST0= 2.21977E-01
  
 -------------- calculate Frechet derivatives -----------
 IFREQ =           1    ITERATION =           5
||Frechet||_F=  7.3744E-19max|Frechet|=  7.8012E-24
||Frechet||_F=  7.3744E-19max|Frechet|=  7.8012E-24
||Frechet||_F=  7.3744E-19max|Frechet|=  7.8012E-24
||Frechet||_F=  7.3744E-19max|Frechet|=  7.8012E-24
||Frechet||_F=  7.3744E-19max|Frechet|=  7.8012E-24
||Frechet||_F=  7.3744E-19max|Frechet|=  7.8012E-24
Grad block   3 GRAD_SCALED MORM =   7.8577E-02
MT try: alpha=  1.0000E+00  phi=  2.2198E-01  dg=  2.2876E-01  dg0= -5.7727E-02
MT try: armijo_rhs=  2.9406E-02  armijo=F  curvature=F  task=FG
 UPDATEPARAMETER: f-scale only
UPDATEPARAMETER PAR_STEP min/max, V_STEP min/max =  8.1868179122E+08  1.2197386275E+10
  8.1868179122E+08  1.2197386275E+10
 WD_amp= 5.66562E+13  RESID_RMS= 2.26507E-01  FCOST_DATA= 2.56528E-02  FCOST0= 2.56528E-02
  
 -------------- calculate Frechet derivatives -----------
 IFREQ =           1    ITERATION =           5
||Frechet||_F=  6.1904E-19max|Frechet|=  8.2997E-24
||Frechet||_F=  6.1904E-19max|Frechet|=  8.2997E-24
||Frechet||_F=  6.1904E-19max|Frechet|=  8.2997E-24
||Frechet||_F=  6.1904E-19max|Frechet|=  8.2997E-24
||Frechet||_F=  6.1904E-19max|Frechet|=  8.2997E-24
||Frechet||_F=  6.1904E-19max|Frechet|=  8.2997E-24
Grad block   3 GRAD_SCALED MORM =   1.1449E-02
MT try: alpha=  6.5083E-02  phi=  2.5653E-02  dg= -4.3143E-02  dg0= -5.7727E-02
MT try: armijo_rhs=  2.9411E-02  armijo=T  curvature=T  task=FG
  
  
Convergence reached, updating parameter grid
ALPHA from line search =  .6508282676925281E-01
 FCOST0 after linesearch  2.565276791198808E-002
Norm of s (s_norm) =  2.253733941668431
  
  
  
  
Convergence check at iteration    5
  Relative cost decrease  =  1.2779E-01
  Relative model update   =  0.0000E+00
  Relative grad. norm     =  2.0884E-01
Time for LBFGS =  15.66082967122396 min
  
 Frequency:           1 Iteration:           6
t_global   =    300.166 s
  
 -------------- calculate Frechet derivatives -----------
 IFREQ =           1    ITERATION =           6
||Frechet||_F=  6.1904E-19max|Frechet|=  8.2997E-24
||Frechet||_F=  6.1904E-19max|Frechet|=  8.2997E-24
||Frechet||_F=  6.1904E-19max|Frechet|=  8.2997E-24
||Frechet||_F=  6.1904E-19max|Frechet|=  8.2997E-24
||Frechet||_F=  6.1904E-19max|Frechet|=  8.2997E-24
 
TIME for Frechet calc =  2.916253407796224 min
 
 
  compute the residual and the cost function
 WD_amp= 5.66562E+13  RESID_RMS= 2.26507E-01  FCOST_DATA= 2.56528E-02  FCOST0= 2.56528E-02
||Frechet||_F=  6.1904E-19max|Frechet|=  8.2997E-24
Grad block   3 GRAD_SCALED MORM =   1.1449E-02
Gradient finished
Start LBFGS 
curvature (warm): s·y=  9.4920E-04  ||s||^2=  5.0793E+00  ||y||^2=  6.3590E-06  sTy_min=  5.6832E-04
LBFGS step: g·p = -5.7246E-02  ||p||=  4.5234E+01
LBFGS step: min(p)= -6.0110E+00  max(p)=  4.4534E+00
LBFGS p_k (unscaled) stats per active parameter:
  IA=  3  PAR={C13}  min=-1.34864E+10  max= 9.99174E+09  L2= 1.01487E+11
min(p_k)= -6.0110E+00  max(p_k)=  4.4534E+00  ||p_k||=  4.5234E+01
min(p_kf)= -6.0110E+00  max(p_kf)=  4.4534E+00  ||p_kf||=  1.8094E+02
p_k/p_kf  =   2.5000E-01
Start linesearch
MT entry: phi(0)=  2.5653E-02  dg0= -5.7246E-02  alpha0=  1.0000E+00
 UPDATEPARAMETER: f-scale only
UPDATEPARAMETER PAR_STEP min/max, V_STEP min/max = -9.8690237688E+09  1.5781294204E+10
 -9.8690237688E+09  1.5781294204E+10
 WD_amp= 5.66562E+13  RESID_RMS= 7.09505E-01  FCOST_DATA= 2.51699E-01  FCOST0= 2.51699E-01
  
 -------------- calculate Frechet derivatives -----------
 IFREQ =           1    ITERATION =           6
||Frechet||_F=  8.1306E-19max|Frechet|=  2.1786E-23
||Frechet||_F=  8.1306E-19max|Frechet|=  2.1786E-23
||Frechet||_F=  8.1306E-19max|Frechet|=  2.1786E-23
||Frechet||_F=  8.1306E-19max|Frechet|=  2.1786E-23
||Frechet||_F=  8.1306E-19max|Frechet|=  2.1786E-23
||Frechet||_F=  8.1306E-19max|Frechet|=  2.1786E-23
Grad block   3 GRAD_SCALED MORM =   8.0228E-02
MT try: alpha=  1.0000E+00  phi=  2.5170E-01  dg=  2.9590E-01  dg0= -5.7246E-02
MT try: armijo_rhs=  2.5647E-02  armijo=F  curvature=F  task=FG
 UPDATEPARAMETER: f-scale only
UPDATEPARAMETER PAR_STEP min/max, V_STEP min/max =  6.5619287719E+08  1.2208956175E+10
  6.5619287719E+08  1.2208956175E+10
 WD_amp= 5.66562E+13  RESID_RMS= 2.10002E-01  FCOST_DATA= 2.20505E-02  FCOST0= 2.20505E-02
  
 -------------- calculate Frechet derivatives -----------
 IFREQ =           1    ITERATION =           6
||Frechet||_F=  6.2244E-19max|Frechet|=  8.3411E-24
||Frechet||_F=  6.2244E-19max|Frechet|=  8.3411E-24
||Frechet||_F=  6.2244E-19max|Frechet|=  8.3411E-24
||Frechet||_F=  6.2244E-19max|Frechet|=  8.3411E-24
||Frechet||_F=  6.2244E-19max|Frechet|=  8.3411E-24
||Frechet||_F=  6.2244E-19max|Frechet|=  8.3411E-24
Grad block   3 GRAD_SCALED MORM =   1.0093E-02
MT try: alpha=  5.9938E-02  phi=  2.2051E-02  dg= -4.0239E-02  dg0= -5.7246E-02
MT try: armijo_rhs=  2.5652E-02  armijo=T  curvature=T  task=FG
  
Convergence reached, updating parameter grid
ALPHA from line search =  .5993844360805731E-01
 FCOST0 after linesearch  2.205051964199158E-002
Norm of s (s_norm) =  2.711265866704457
  
  
  
  
Convergence check at iteration    6
  Relative cost decrease  =  1.4042E-01
  Relative model update   =  0.0000E+00
  Relative grad. norm     =  1.8483E-01
Time for LBFGS =  15.67089640299479 min
  
  
 Frequency:           1 Iteration:           7
t_global   =    298.300 s
  
 -------------- calculate Frechet derivatives -----------
 IFREQ =           1    ITERATION =           7
||Frechet||_F=  6.2244E-19max|Frechet|=  8.3411E-24
||Frechet||_F=  6.2244E-19max|Frechet|=  8.3411E-24
||Frechet||_F=  6.2244E-19max|Frechet|=  8.3411E-24
||Frechet||_F=  6.2244E-19max|Frechet|=  8.3411E-24
||Frechet||_F=  6.2244E-19max|Frechet|=  8.3411E-24
 
TIME for Frechet calc =  2.833718363444011 min
 
 
  compute the residual and the cost function
 WD_amp= 5.66562E+13  RESID_RMS= 2.10002E-01  FCOST_DATA= 2.20505E-02  FCOST0= 2.20505E-02
||Frechet||_F=  6.2244E-19max|Frechet|=  8.3411E-24
Grad block   3 GRAD_SCALED MORM =   1.0093E-02
Gradient finished
Start LBFGS 
curvature (full): s·y=  1.0194E-03  ||s||^2=  7.3510E+00  ||y||^2=  3.9918E-06  sTy_min=  5.4170E-04
 
LBFGS step(full): g·p = -6.3670E-02  ||p||=  5.8956E+01
LBFGS step(full): min(p)= -8.0763E+00  max(p)=  6.5303E+00
LBFGS p_k (unscaled) stats per active parameter:
  IA=  3  PAR={C13}  min=-1.81200E+10  max= 1.46513E+10  L2= 1.32274E+11
min(p_k)= -8.0763E+00  max(p_k)=  6.5303E+00  ||p_k||=  5.8956E+01
min(p_kf)= -8.0763E+00  max(p_kf)=  6.5303E+00  ||p_kf||=  2.3582E+02
p_k/p_kf  =   2.5000E-01
Start linesearch
MT entry: phi(0)=  2.2051E-02  dg0= -6.3670E-02  alpha0=  1.0000E+00
 UPDATEPARAMETER: f-scale only
UPDATEPARAMETER PAR_STEP min/max, V_STEP min/max = -1.5448457478E+10  2.1039770101E+10
 -1.5448457478E+10  2.1039770101E+10
 WD_amp= 5.66562E+13  RESID_RMS= 8.29577E-01  FCOST_DATA= 3.44099E-01  FCOST0= 3.44099E-01
  
 -------------- calculate Frechet derivatives -----------
 IFREQ =           1    ITERATION =           7
||Frechet||_F=  8.1403E-19max|Frechet|=  1.7797E-23
||Frechet||_F=  8.1403E-19max|Frechet|=  1.7797E-23
||Frechet||_F=  8.1403E-19max|Frechet|=  1.7797E-23
||Frechet||_F=  8.1403E-19max|Frechet|=  1.7797E-23
||Frechet||_F=  8.1403E-19max|Frechet|=  1.7797E-23
||Frechet||_F=  8.1403E-19max|Frechet|=  1.7797E-23
Grad block   3 GRAD_SCALED MORM =   9.4469E-02
MT try: alpha=  1.0000E+00  phi=  3.4410E-01  dg=  4.3414E-01  dg0= -6.3670E-02
MT try: armijo_rhs=  2.2044E-02  armijo=F  curvature=F  task=FG
 UPDATEPARAMETER: f-scale only
UPDATEPARAMETER PAR_STEP min/max, V_STEP min/max =  4.9102616442E+08  1.2222206591E+10
  4.9102616442E+08  1.2222206591E+10
 WD_amp= 5.66562E+13  RESID_RMS= 1.96424E-01  FCOST_DATA= 1.92913E-02  FCOST0= 1.92913E-02
  
 -------------- calculate Frechet derivatives -----------
 IFREQ =           1    ITERATION =           7
||Frechet||_F=  6.2765E-19max|Frechet|=  8.3548E-24
||Frechet||_F=  6.2765E-19max|Frechet|=  8.3548E-24
||Frechet||_F=  6.2765E-19max|Frechet|=  8.3548E-24
||Frechet||_F=  6.2765E-19max|Frechet|=  8.3548E-24
||Frechet||_F=  6.2765E-19max|Frechet|=  8.3548E-24
||Frechet||_F=  6.2765E-19max|Frechet|=  8.3548E-24
Grad block   3 GRAD_SCALED MORM =   7.9516E-03
MT try: alpha=  4.9828E-02  phi=  1.9291E-02  dg= -3.6946E-02  dg0= -6.3670E-02
MT try: armijo_rhs=  2.2050E-02  armijo=T  curvature=T  task=FG
  
Convergence reached, updating parameter grid
ALPHA from line search =  .4982839138252968E-01
 FCOST0 after linesearch  1.929125643088046E-002
Norm of s (s_norm) =  2.937690628605421
  
  
  
  
  
Convergence check at iteration    7
  Relative cost decrease  =  1.2513E-01
  Relative model update   =  0.0000E+00
  Relative grad. norm     =  1.3693E-01
Time for LBFGS =  15.47090148925781 min
 --------- Frequency   3.30000000000000       (band            1 )
[ComputeAcqWeight] empty acq_weight_file, using uniform weights = 1.0
Data weighting computed for frequency 4607182418800017373
XSRmin, XSRmax, ZSRmin, ZSRMax -1960.000000000000 .000000000000000 2050.000000000000 4030.000000000000
1 FKYC
1.2 FKYC
Data weighting computed for frequency 4607182418800017373
Data weighting computed for frequency 4607182418800017373
my_rank, FKYC,WLMAX, RMAX 0 .2704501501785996E-01 1552.357210558415 2786.036611389018
1.1 NK
NK in cky2= 55

  Number of wavenumber samples (NK) for FREQ =   55
Data weighting computed for frequency 4607182418800017373
Data weighting computed for frequency 4607182418800017373
Data weighting computed for frequency 4607182418800017373
  RMAX = 2786.04
--- Pre-solver preview (memory + RHS workload) ---
   GQG dims: NNX=       585  NNZ=       317  NPT=    185445
   DOF:     N=3*NPT =    556335
   Sources: NSR=       100  NSS=        20  NK=        55
   RHS total (per IK): nrhs_tot=3*NSS =        60
   Batch:    MAX_RHS_BATCH=        32  nbatches=         2
   GFMY  (GFX+GFY+GFZ):         13.679 GB
   RHS_MY(rhs+sol buffers):      0.531 GB
 
 running run_ik_loop_pardiso
before CA | VmRSS=  15.498 GB  VmHWM=  81.290 GB
after CA | VmRSS=  16.087 GB  VmHWM=  81.290 GB
after factor | VmRSS=  19.853 GB  VmHWM=  81.290 GB
f=     3.300 Hz | ky=  0.491728E-03 | IK=       1/      55 | t=   17.157900 s | CA=  2.5312 | fact= 12.7381 | GF=  1.8884 | solve=  1.7350 | scatter=  0.0513
f=     3.300 Hz | ky=  0.983455E-03 | IK=       2/      55 | t=    6.932400 s | CA=  2.6293 | fact=  2.5076 | GF=  1.7954 | solve=  1.6690 | scatter=  0.0545
f=     3.300 Hz | ky=  0.147518E-02 | IK=       3/      55 | t=    6.800400 s | CA=  2.5067 | fact=  2.5056 | GF=  1.7881 | solve=  1.6643 | scatter=  0.0519
f=     3.300 Hz | ky=  0.196691E-02 | IK=       4/      55 | t=    6.838200 s | CA=  2.5483 | fact=  2.5030 | GF=  1.7868 | solve=  1.6644 | scatter=  0.0504
f=     3.300 Hz | ky=  0.245864E-02 | IK=       5/      55 | t=    6.876900 s | CA=  2.5887 | fact=  2.5019 | GF=  1.7862 | solve=  1.6623 | scatter=  0.0519
f=     3.300 Hz | ky=  0.295037E-02 | IK=       6/      55 | t=    6.792900 s | CA=  2.5404 | fact=  2.4671 | GF=  1.7854 | solve=  1.6617 | scatter=  0.0515
f=     3.300 Hz | ky=  0.344209E-02 | IK=       7/      55 | t=    6.871300 s | CA=  2.5934 | fact=  2.4918 | GF=  1.7860 | solve=  1.6627 | scatter=  0.0514
f=     3.300 Hz | ky=  0.393382E-02 | IK=       8/      55 | t=    6.873000 s | CA=  2.5794 | fact=  2.5055 | GF=  1.7880 | solve=  1.6655 | scatter=  0.0505
f=     3.300 Hz | ky=  0.442555E-02 | IK=       9/      55 | t=    6.786200 s | CA=  2.5300 | fact=  2.4796 | GF=  1.7766 | solve=  1.6514 | scatter=  0.0533
f=     3.300 Hz | ky=  0.491728E-02 | IK=      10/      55 | t=    6.822000 s | CA=  2.5472 | fact=  2.5014 | GF=  1.7733 | solve=  1.6484 | scatter=  0.0531
PARDISO mem (f=  3.30 Hz): sym=  1.95 GB  perm=  1.42 GB  num=  3.22 GB  
peak=  4.64 GB
t_global   =    109.543 s
TIME for 1st forward modeling =  1.825706609090169  min
TIME for GT0 =  .5149999757607778E-02  min
Data scaler W for L2 norm: 58592054187033.55
Data scaler W for WQS norm: .3395193265742062E-312
Total number of active inversion parameters for current sequential stage (IM):          1
Total model blocks points (NM = IM * NBLOCK):      11534 on grid (NMM = IM * NPT):    185445
 Gradient balance ():   1.00000000000000        1.00000000000000     
   1.00000000000000        1.00000000000000        1.00000000000000     
   1.00000000000000        1.00000000000000        1.00000000000000     
   1.00000000000000        1.00000000000000        1.00000000000000     
 IE0, IZ          30           0
 IE0, IZ, GZ1, GZ2 =           30           0   100.000000000000     
   300.000000000000     
  
 Frequency:           2 Iteration:           1
--- Pre-solver preview (memory + RHS workload) ---
   GQG dims: NNX=       585  NNZ=       317  NPT=    185445
   DOF:     N=3*NPT =    556335
   Sources: NSR=       100  NSS=       100  NK=        55
   RHS total (per IK): nrhs_tot=3*NSS =       300
   Batch:    MAX_RHS_BATCH=        32  nbatches=        10
   GFMY  (GFX+GFY+GFZ):         68.393 GB
   RHS_MY(rhs+sol buffers):      0.531 GB
 
 running run_ik_loop_pardiso
before CA | VmRSS=  71.025 GB  VmHWM=  81.290 GB
after CA | VmRSS=  72.275 GB  VmHWM=  81.290 GB
after factor | VmRSS=  76.036 GB  VmHWM=  81.290 GB
f=     3.300 Hz | ky=  0.491728E-03 | IK=       1/      55 | t=   24.021000 s | CA=  2.5064 | fact= 12.7148 | GF=  8.7996 | solve=  8.1442 | scatter=  0.2534
f=     3.300 Hz | ky=  0.983455E-03 | IK=       2/      55 | t=   13.736100 s | CA=  2.5284 | fact=  2.4860 | GF=  8.7216 | solve=  8.0961 | scatter=  0.2540
f=     3.300 Hz | ky=  0.147518E-02 | IK=       3/      55 | t=   13.743100 s | CA=  2.5182 | fact=  2.4950 | GF=  8.7298 | solve=  8.1058 | scatter=  0.2534
f=     3.300 Hz | ky=  0.196691E-02 | IK=       4/      55 | t=   13.793000 s | CA=  2.5616 | fact=  2.4988 | GF=  8.7325 | solve=  8.1089 | scatter=  0.2526
f=     3.300 Hz | ky=  0.245864E-02 | IK=       5/      55 | t=   13.804600 s | CA=  2.5920 | fact=  2.4940 | GF=  8.7185 | solve=  8.0948 | scatter=  0.2522
f=     3.300 Hz | ky=  0.295037E-02 | IK=       6/      55 | t=   13.725900 s | CA=  2.5511 | fact=  2.4499 | GF=  8.7249 | solve=  8.0994 | scatter=  0.2542
f=     3.300 Hz | ky=  0.344209E-02 | IK=       7/      55 | t=   13.822000 s | CA=  2.5750 | fact=  2.5079 | GF=  8.7391 | solve=  8.1124 | scatter=  0.2545
f=     3.300 Hz | ky=  0.393382E-02 | IK=       8/      55 | t=   13.679900 s | CA=  2.6139 | fact=  2.5137 | GF=  8.5522 | solve=  7.9276 | scatter=  0.2530
f=     3.300 Hz | ky=  0.442555E-02 | IK=       9/      55 | t=   13.612800 s | CA=  2.5389 | fact=  2.5046 | GF=  8.5693 | solve=  7.9438 | scatter=  0.2550
f=     3.300 Hz | ky=  0.491728E-02 | IK=      10/      55 | t=   13.659500 s | CA=  2.5878 | fact=  2.5131 | GF=  8.5585 | solve=  7.9341 | scatter=  0.2536
PARDISO mem (f=  3.30 Hz): sym=  1.95 GB  perm=  1.42 GB  num=  3.22 GB  
peak=  4.64 GB
t_global   =    301.183 s
TIME for 2d forward modeling_i calc =  5.017713419596354 min
Rank    4 -> ID range:   3201 to   4000 | Tasks:    800
Rank    5 -> ID range:   4001 to   4800 | Tasks:    800
Rank    3 -> ID range:   2401 to   3200 | Tasks:    800
Rank    2 -> ID range:   1601 to   2400 | Tasks:    800
Rank    1 -> ID range:    801 to   1600 | Tasks:    800
  
 -------------- calculate Frechet derivatives -----------
 IFREQ =           2    ITERATION =           1
Frechet memory size Frec_my:      0.825 (Gb)
Rank    0 -> ID range:      1 to    800 | Tasks:    800
FREQ:      3.3 Hz, ITER=       1  Frechet Derivative ID=     100/    4800 Finished   0.193400 s
FREQ:      3.3 Hz, ITER=       1  Frechet Derivative ID=     200/    4800 Finished   0.200600 s
FREQ:      3.3 Hz, ITER=       1  Frechet Derivative ID=     300/    4800 Finished   0.189300 s
FREQ:      3.3 Hz, ITER=       1  Frechet Derivative ID=     400/    4800 Finished   0.175600 s
FREQ:      3.3 Hz, ITER=       1  Frechet Derivative ID=     500/    4800 Finished   0.191000 s
FREQ:      3.3 Hz, ITER=       1  Frechet Derivative ID=     600/    4800 Finished   0.190700 s
FREQ:      3.3 Hz, ITER=       1  Frechet Derivative ID=     700/    4800 Finished   0.195700 s
FREQ:      3.3 Hz, ITER=       1  Frechet Derivative ID=     800/    4800 Finished   0.196000 s
||Frechet||_F=  6.6345E-19max|Frechet|=  8.3761E-24
||Frechet||_F=  6.6345E-19max|Frechet|=  8.3761E-24
||Frechet||_F=  6.6345E-19max|Frechet|=  8.3761E-24
||Frechet||_F=  6.6345E-19max|Frechet|=  8.3761E-24
||Frechet||_F=  6.6345E-19max|Frechet|=  8.3761E-24
||Frechet||_F=  6.6345E-19max|Frechet|=  8.3761E-24
 
TIME for Frechet calc =  2.865011596679687 min
 
m_fine: min=  4.9103E+08  max=  1.2222E+10  mean=  8.0774E+09  ||.||2=  3.9358E+12  size=  185445
m_coarse_prev: min=  7.9733E+08  max=  1.2177E+10  mean=  8.0807E+09  ||.||2=  9.8161E+11  size=   11534
 
  compute the residual and the cost function
 WD_amp= 5.85921E+13  RESID_RMS= 2.10002E-01  FCOST_DATA= 2.20504E-02  FCOST0= 2.20504E-02
IA=  3  H(single F0) min= 0.00000E+00  max= 6.62672E-03
IA=  3  H(F0^2)     min= 0.00000E+00  max= 6.62672E-03
HESSD: ia=   3  min= 0.00000E+00  max= 3.01808E+04
IA=  3  H(single F0) min= 0.00000E+00  max= 6.62672E-03
IA=  3  H(F0^2)     min= 0.00000E+00  max= 6.62672E-03
HESSD: ia=   3  min= 0.00000E+00  max= 3.01808E+04
IA=  3  H(single F0) min= 0.00000E+00  max= 6.62672E-03
IA=  3  H(F0^2)     min= 0.00000E+00  max= 6.62672E-03
HESSD: ia=   3  min= 0.00000E+00  max= 3.01808E+04
IA=  3  H(single F0) min= 0.00000E+00  max= 6.62672E-03
IA=  3  H(F0^2)     min= 0.00000E+00  max= 6.62672E-03
HESSD: ia=   3  min= 0.00000E+00  max= 3.01808E+04
IA=  3  H(single F0) min= 0.00000E+00  max= 6.62672E-03
IA=  3  H(F0^2)     min= 0.00000E+00  max= 6.62672E-03
HESSD: ia=   3  min= 0.00000E+00  max= 3.01808E+04
IA=  3  H(single F0) min= 0.00000E+00  max= 6.62672E-03
IA=  3  H(F0^2)     min= 0.00000E+00  max= 6.62672E-03
HESSD: ia=   3  min= 0.00000E+00  max= 3.01808E+04
Grad block   3 GRAD_SCALED MORM =   1.0756E-02
Raw grad block  3  PAR={C13}  min= -7.5759E-13  max=  7.4483E-13  L2=  4.9554E-12
Gradient finished
Start LBFGS 
LBFGS steepest step , iter=      1
  g·p = -1.2422E-01  ||p|| =  2.7332E+01
  min(p)= -3.7155E+00  max(p)=  2.1167E+00
LBFGS p_k (unscaled) stats per active parameter:
  IA=  3  PAR={C13}  min=-8.33600E+09  max= 4.74912E+09  L2= 6.13216E+10
min(p_k)= -3.7155E+00  max(p_k)=  2.1167E+00  ||p_k||=  2.7332E+01
min(p_kf)= -3.7155E+00  max(p_kf)=  2.1167E+00  ||p_kf||=  1.0933E+02
p_k/p_kf  =   2.5000E-01
Start linesearch
BT entry: phi(0)=  2.2050E-02  g·p(0)= -1.2422E-01
 UPDATEPARAMETER: f-scale only
UPDATEPARAMETER PAR_STEP min/max, V_STEP min/max = -7.1390819710E+09  1.2252073077E+10
 -7.1390819710E+09  1.2252073077E+10
REL STEP elastic: k=  3 row=  3 rmax_k=  8.3279E+00 row_scale=  1.2222E+10
BT cap probe: rmax1=  8.3279E+00  alpha_cap=  6.0039E-02  alpha00=  1.0000E+00
 UPDATEPARAMETER: f-scale only
UPDATEPARAMETER PAR_STEP min/max, V_STEP min/max =  6.9643866355E+08  1.2223999740E+10
  6.9643866355E+08  1.2223999740E+10
 running run_ik_loop_pardiso
before CA | VmRSS=  16.331 GB  VmHWM=  81.290 GB
after CA | VmRSS=  16.952 GB  VmHWM=  81.290 GB
after factor | VmRSS=  20.715 GB  VmHWM=  81.290 GB
f=     3.300 Hz | ky=  0.491728E-03 | IK=       1/      55 | t=   17.152900 s | CA=  2.5301 | fact= 12.7332 | GF=  1.8894 | solve=  1.7348 | scatter=  0.0529
f=     3.300 Hz | ky=  0.983455E-03 | IK=       2/      55 | t=    6.850700 s | CA=  2.5522 | fact=  2.5120 | GF=  1.7865 | solve=  1.6624 | scatter=  0.0521
f=     3.300 Hz | ky=  0.147518E-02 | IK=       3/      55 | t=    6.813200 s | CA=  2.5275 | fact=  2.4915 | GF=  1.7942 | solve=  1.6693 | scatter=  0.0530
f=     3.300 Hz | ky=  0.196691E-02 | IK=       4/      55 | t=    6.884600 s | CA=  2.5853 | fact=  2.5116 | GF=  1.7877 | solve=  1.6637 | scatter=  0.0520
f=     3.300 Hz | ky=  0.245864E-02 | IK=       5/      55 | t=    6.854100 s | CA=  2.5608 | fact=  2.4996 | GF=  1.7937 | solve=  1.6679 | scatter=  0.0540
f=     3.300 Hz | ky=  0.295037E-02 | IK=       6/      55 | t=    6.892900 s | CA=  2.5933 | fact=  2.5070 | GF=  1.7925 | solve=  1.6677 | scatter=  0.0529
f=     3.300 Hz | ky=  0.344209E-02 | IK=       7/      55 | t=    6.777100 s | CA=  2.5282 | fact=  2.4640 | GF=  1.7848 | solve=  1.6612 | scatter=  0.0517
f=     3.300 Hz | ky=  0.393382E-02 | IK=       8/      55 | t=    6.882500 s | CA=  2.6038 | fact=  2.4904 | GF=  1.7883 | solve=  1.6647 | scatter=  0.0518
f=     3.300 Hz | ky=  0.442555E-02 | IK=       9/      55 | t=    6.814700 s | CA=  2.5262 | fact=  2.5006 | GF=  1.7878 | solve=  1.6639 | scatter=  0.0519
f=     3.300 Hz | ky=  0.491728E-02 | IK=      10/      55 | t=    6.862700 s | CA=  2.5799 | fact=  2.4940 | GF=  1.7888 | solve=  1.6650 | scatter=  0.0519
PARDISO mem (f=  3.30 Hz): sym=  1.95 GB  perm=  1.42 GB  num=  3.22 GB  
peak=  4.64 GB
 WD_amp= 5.85921E+13  RESID_RMS= 2.10262E-01  FCOST_DATA= 2.21050E-02  FCOST0= 2.21050E-02
BT: alpha=  6.0039E-02  phi=  2.2105E-02  rhs=  2.2050E-02
 UPDATEPARAMETER: f-scale only
UPDATEPARAMETER PAR_STEP min/max, V_STEP min/max =  6.1378270552E+08  1.2223103166E+10
  6.1378270552E+08  1.2223103166E+10
 running run_ik_loop_pardiso
before CA | VmRSS=  16.804 GB  VmHWM=  81.290 GB
after CA | VmRSS=  17.209 GB  VmHWM=  81.290 GB
after factor | VmRSS=  20.979 GB  VmHWM=  81.290 GB
f=     3.300 Hz | ky=  0.491728E-03 | IK=       1/      55 | t=   17.137200 s | CA=  2.5335 | fact= 12.7139 | GF=  1.8896 | solve=  1.7377 | scatter=  0.0499
f=     3.300 Hz | ky=  0.983455E-03 | IK=       2/      55 | t=    6.815900 s | CA=  2.5299 | fact=  2.5026 | GF=  1.7834 | solve=  1.6603 | scatter=  0.0508
f=     3.300 Hz | ky=  0.147518E-02 | IK=       3/      55 | t=    6.834800 s | CA=  2.5449 | fact=  2.5025 | GF=  1.7874 | solve=  1.6634 | scatter=  0.0521
f=     3.300 Hz | ky=  0.196691E-02 | IK=       4/      55 | t=    6.854700 s | CA=  2.5600 | fact=  2.5125 | GF=  1.7821 | solve=  1.6601 | scatter=  0.0503
f=     3.300 Hz | ky=  0.245864E-02 | IK=       5/      55 | t=    6.877200 s | CA=  2.5886 | fact=  2.4981 | GF=  1.7905 | solve=  1.6660 | scatter=  0.0523
f=     3.300 Hz | ky=  0.295037E-02 | IK=       6/      55 | t=    6.850300 s | CA=  2.5653 | fact=  2.5021 | GF=  1.7829 | solve=  1.6590 | scatter=  0.0515
f=     3.300 Hz | ky=  0.344209E-02 | IK=       7/      55 | t=    6.891600 s | CA=  2.6191 | fact=  2.4908 | GF=  1.7817 | solve=  1.6579 | scatter=  0.0519
f=     3.300 Hz | ky=  0.393382E-02 | IK=       8/      55 | t=    6.834200 s | CA=  2.5500 | fact=  2.5011 | GF=  1.7831 | solve=  1.6597 | scatter=  0.0513
f=     3.300 Hz | ky=  0.442555E-02 | IK=       9/      55 | t=    6.835000 s | CA=  2.5653 | fact=  2.4899 | GF=  1.7797 | solve=  1.6575 | scatter=  0.0501
f=     3.300 Hz | ky=  0.491728E-02 | IK=      10/      55 | t=    6.862000 s | CA=  2.5756 | fact=  2.4956 | GF=  1.7908 | solve=  1.6670 | scatter=  0.0521
PARDISO mem (f=  3.30 Hz): sym=  1.95 GB  perm=  1.42 GB  num=  3.22 GB  
peak=  4.64 GB
 WD_amp= 5.85921E+13  RESID_RMS= 1.99343E-01  FCOST_DATA= 1.98689E-02  FCOST0= 1.98689E-02
BT: alpha=  3.0019E-02  phi=  1.9869E-02  rhs=  2.2050E-02
  
  
  
  
  
Convergence reached, updating parameter grid
ALPHA from line search =  .3001941572681816E-01
 FCOST0 after linesearch  1.986886172292520E-002
Norm of s (s_norm) =  .8204837087437860
  
Time for LBFGS =  3.638026682535807 min
  
 Frequency:           2 Iteration:           2
t_global   =    301.427 s
  
 -------------- calculate Frechet derivatives -----------
 IFREQ =           2    ITERATION =           2
||Frechet||_F=  6.6945E-19max|Frechet|=  8.3662E-24
||Frechet||_F=  6.6945E-19max|Frechet|=  8.3662E-24
||Frechet||_F=  6.6945E-19max|Frechet|=  8.3662E-24
||Frechet||_F=  6.6945E-19max|Frechet|=  8.3662E-24
 
TIME for Frechet calc =  2.860525004069010 min
 
 
  compute the residual and the cost function
 WD_amp= 5.85921E+13  RESID_RMS= 1.99343E-01  FCOST_DATA= 1.98689E-02  FCOST0= 1.98689E-02
||Frechet||_F=  6.6945E-19max|Frechet|=  8.3662E-24
||Frechet||_F=  6.6945E-19max|Frechet|=  8.3662E-24
Grad block   3 GRAD_SCALED MORM =   6.0777E-03
Raw grad block  3  PAR={C13}  min= -3.1515E-13  max=  6.6558E-13  L2=  2.7662E-12
Gradient finished
Start LBFGS 
curvature (warm): s·y=  3.3195E-03  ||s||^2=  6.7319E-01  ||y||^2=  3.8480E-05  sTy_min=  5.0897E-04
LBFGS step: g·p = -1.8007E-02  ||p||=  1.6484E+01
LBFGS step: min(p)= -3.9886E+00  max(p)=  8.0497E-01
LBFGS p_k (unscaled) stats per active parameter:
  IA=  3  PAR={C13}  min=-8.94873E+09  max= 1.80603E+09  L2= 3.69835E+10
min(p_k)= -3.9886E+00  max(p_k)=  8.0497E-01  ||p_k||=  1.6484E+01
min(p_kf)= -3.9886E+00  max(p_kf)=  8.0497E-01  ||p_kf||=  6.5936E+01
p_k/p_kf  =   2.5000E-01
Start linesearch
MT entry: phi(0)=  1.9869E-02  dg0= -1.8007E-02  alpha0=  1.0000E+00
 UPDATEPARAMETER: f-scale only
UPDATEPARAMETER PAR_STEP min/max, V_STEP min/max = -8.0020447390E+09  1.2256751323E+10
 -8.0020447390E+09  1.2256751323E+10
 WD_amp= 5.85921E+13  RESID_RMS= 3.62454E-01  FCOST_DATA= 6.56865E-02  FCOST0= 6.56865E-02
  
 -------------- calculate Frechet derivatives -----------
 IFREQ =           2    ITERATION =           2
||Frechet||_F=  6.7076E-19max|Frechet|=  8.3800E-24
||Frechet||_F=  6.7076E-19max|Frechet|=  8.3800E-24
||Frechet||_F=  6.7076E-19max|Frechet|=  8.3800E-24
||Frechet||_F=  6.7076E-19max|Frechet|=  8.3800E-24
||Frechet||_F=  6.7076E-19max|Frechet|=  8.3800E-24
||Frechet||_F=  6.7076E-19max|Frechet|=  8.3800E-24
Grad block   3 GRAD_SCALED MORM =   3.9349E-02
MT try: alpha=  1.0000E+00  phi=  6.5686E-02  dg=  6.7206E-02  dg0= -1.8007E-02
MT try: armijo_rhs=  1.9867E-02  armijo=F  curvature=F  task=FG
 UPDATEPARAMETER: f-scale only
UPDATEPARAMETER PAR_STEP min/max, V_STEP min/max =  1.4548522355E+08  1.2226115746E+10
  1.4548522355E+08  1.2226115746E+10
 WD_amp= 5.85921E+13  RESID_RMS= 1.88877E-01  FCOST_DATA= 1.78372E-02  FCOST0= 1.78372E-02
  
 -------------- calculate Frechet derivatives -----------
 IFREQ =           2    ITERATION =           2
||Frechet||_F=  6.6885E-19max|Frechet|=  8.3640E-24
||Frechet||_F=  6.6885E-19max|Frechet|=  8.3640E-24
||Frechet||_F=  6.6885E-19max|Frechet|=  8.3640E-24
||Frechet||_F=  6.6885E-19max|Frechet|=  8.3640E-24
||Frechet||_F=  6.6885E-19max|Frechet|=  8.3640E-24
||Frechet||_F=  6.6885E-19max|Frechet|=  8.3640E-24
Grad block   3 GRAD_SCALED MORM =   5.7906E-03
MT try: alpha=  8.9532E-02  phi=  1.7837E-02  dg= -7.8918E-03  dg0= -1.8007E-02
MT try: armijo_rhs=  1.9869E-02  armijo=T  curvature=T  task=FG
  
  
  
  
  
Convergence reached, updating parameter grid
ALPHA from line search =  .8953179284660766E-01
 FCOST0 after linesearch  1.783722928805496E-002
Norm of s (s_norm) =  1.475840434480605
  
Time for LBFGS =  15.67056172688802 min
  
 Frequency:           2 Iteration:           3
t_global   =    301.035 s
  
 -------------- calculate Frechet derivatives -----------
 IFREQ =           2    ITERATION =           3
||Frechet||_F=  6.6885E-19max|Frechet|=  8.3640E-24
||Frechet||_F=  6.6885E-19max|Frechet|=  8.3640E-24
||Frechet||_F=  6.6885E-19max|Frechet|=  8.3640E-24
||Frechet||_F=  6.6885E-19max|Frechet|=  8.3640E-24
 
TIME for Frechet calc =  2.868913269042969 min
 
 
  compute the residual and the cost function
 WD_amp= 5.85921E+13  RESID_RMS= 1.88877E-01  FCOST_DATA= 1.78372E-02  FCOST0= 1.78372E-02
||Frechet||_F=  6.6885E-19max|Frechet|=  8.3640E-24
||Frechet||_F=  6.6885E-19max|Frechet|=  8.3640E-24
Grad block   3 GRAD_SCALED MORM =   5.7906E-03
Gradient finished
Start LBFGS 
curvature (warm): s·y=  9.0562E-04  ||s||^2=  2.1781E+00  ||y||^2=  5.2871E-06  sTy_min=  3.3935E-04
LBFGS step: g·p = -3.3212E-02  ||p||=  3.8575E+01
LBFGS step: min(p)= -9.3098E+00  max(p)=  2.4157E+00
LBFGS p_k (unscaled) stats per active parameter:
  IA=  3  PAR={C13}  min=-2.08875E+10  max= 5.41992E+09  L2= 8.65464E+10
min(p_k)= -9.3098E+00  max(p_k)=  2.4157E+00  ||p_k||=  3.8575E+01
min(p_kf)= -9.3098E+00  max(p_kf)=  2.4157E+00  ||p_kf||=  1.5430E+02
p_k/p_kf  =   2.5000E-01
Start linesearch
MT entry: phi(0)=  1.7837E-02  dg0= -3.3212E-02  alpha0=  1.0000E+00
 UPDATEPARAMETER: f-scale only
UPDATEPARAMETER PAR_STEP min/max, V_STEP min/max = -2.0741993308E+10  1.2317839674E+10
 -2.0741993308E+10  1.2317839674E+10
 WD_amp= 5.85921E+13  RESID_RMS= 6.13276E-01  FCOST_DATA= 1.88054E-01  FCOST0= 1.88054E-01
  
 -------------- calculate Frechet derivatives -----------
 IFREQ =           2    ITERATION =           3
||Frechet||_F=  7.0815E-19max|Frechet|=  9.0804E-24
||Frechet||_F=  7.0815E-19max|Frechet|=  9.0804E-24
||Frechet||_F=  7.0815E-19max|Frechet|=  9.0804E-24
||Frechet||_F=  7.0815E-19max|Frechet|=  9.0804E-24
||Frechet||_F=  7.0815E-19max|Frechet|=  9.0804E-24
||Frechet||_F=  7.0815E-19max|Frechet|=  9.0804E-24
Grad block   3 GRAD_SCALED MORM =   5.0572E-02
MT try: alpha=  1.0000E+00  phi=  1.8805E-01  dg=  1.2415E-01  dg0= -3.3212E-02
MT try: armijo_rhs=  1.7834E-02  armijo=F  curvature=F  task=FG
 UPDATEPARAMETER: f-scale only
UPDATEPARAMETER PAR_STEP min/max, V_STEP min/max = -6.4505456221E+08  1.2229587271E+10
 -6.4505456221E+08  1.2229587271E+10
 WD_amp= 5.85921E+13  RESID_RMS= 1.81627E-01  FCOST_DATA= 1.64942E-02  FCOST0= 1.64942E-02
  
 -------------- calculate Frechet derivatives -----------
 IFREQ =           2    ITERATION =           3
||Frechet||_F=  6.6879E-19max|Frechet|=  8.3441E-24
||Frechet||_F=  6.6879E-19max|Frechet|=  8.3441E-24
||Frechet||_F=  6.6879E-19max|Frechet|=  8.3441E-24
||Frechet||_F=  6.6879E-19max|Frechet|=  8.3441E-24
||Frechet||_F=  6.6879E-19max|Frechet|=  8.3441E-24
||Frechet||_F=  6.6879E-19max|Frechet|=  8.3441E-24
Grad block   3 GRAD_SCALED MORM =   5.0930E-03
MT try: alpha=  3.7848E-02  phi=  1.6494E-02  dg= -1.9545E-02  dg0= -3.3212E-02
MT try: armijo_rhs=  1.7837E-02  armijo=T  curvature=T  task=FG
  
  
Convergence reached, updating parameter grid
ALPHA from line search =  .3784754510053158E-01
 FCOST0 after linesearch  1.649415914979535E-002
Norm of s (s_norm) =  1.459960954406111
  
  
  
  
Convergence check at iteration    3
  Relative cost decrease  =  7.5296E-02
  Relative model update   =  0.0000E+00
  Relative grad. norm     =  1.5789E-01
Time for LBFGS =  15.67458699544271 min
  
 Frequency:           2 Iteration:           4
t_global   =    299.799 s
  
 -------------- calculate Frechet derivatives -----------
 IFREQ =           2    ITERATION =           4
||Frechet||_F=  6.6879E-19max|Frechet|=  8.3441E-24
||Frechet||_F=  6.6879E-19max|Frechet|=  8.3441E-24
||Frechet||_F=  6.6879E-19max|Frechet|=  8.3441E-24
||Frechet||_F=  6.6879E-19max|Frechet|=  8.3441E-24
 
TIME for Frechet calc =  2.908216603597005 min
 
 
  compute the residual and the cost function
 WD_amp= 5.85921E+13  RESID_RMS= 1.81627E-01  FCOST_DATA= 1.64942E-02  FCOST0= 1.64942E-02
||Frechet||_F=  6.6879E-19max|Frechet|=  8.3441E-24
||Frechet||_F=  6.6879E-19max|Frechet|=  8.3441E-24
Grad block   3 GRAD_SCALED MORM =   5.0930E-03
Gradient finished
Start LBFGS 
curvature (warm): s·y=  5.1726E-04  ||s||^2=  2.1315E+00  ||y||^2=  2.7890E-06  sTy_min=  2.4382E-04
LBFGS step: g·p = -2.0372E-02  ||p||=  2.9904E+01
LBFGS step: min(p)= -6.8991E+00  max(p)=  2.3281E+00
LBFGS p_k (unscaled) stats per active parameter:
  IA=  3  PAR={C13}  min=-1.54787E+10  max= 5.22332E+09  L2= 6.70920E+10
min(p_k)= -6.8991E+00  max(p_k)=  2.3281E+00  ||p_k||=  2.9904E+01
min(p_kf)= -6.8991E+00  max(p_kf)=  2.3281E+00  ||p_kf||=  1.1961E+02
p_k/p_kf  =   2.5000E-01
Start linesearch
MT entry: phi(0)=  1.6494E-02  dg0= -2.0372E-02  alpha0=  1.0000E+00
 UPDATEPARAMETER: f-scale only
UPDATEPARAMETER PAR_STEP min/max, V_STEP min/max = -1.6123795142E+10  1.2750262841E+10
 -1.6123795142E+10  1.2750262841E+10
 WD_amp= 5.85921E+13  RESID_RMS= 3.57949E-01  FCOST_DATA= 6.40637E-02  FCOST0= 6.40637E-02
  
 -------------- calculate Frechet derivatives -----------
 IFREQ =           2    ITERATION =           4
||Frechet||_F=  7.2080E-19max|Frechet|=  8.7894E-24
||Frechet||_F=  7.2080E-19max|Frechet|=  8.7894E-24
||Frechet||_F=  7.2080E-19max|Frechet|=  8.7894E-24
||Frechet||_F=  7.2080E-19max|Frechet|=  8.7894E-24
||Frechet||_F=  7.2080E-19max|Frechet|=  8.7894E-24
||Frechet||_F=  7.2080E-19max|Frechet|=  8.7894E-24
Grad block   3 GRAD_SCALED MORM =   2.6152E-02
MT try: alpha=  1.0000E+00  phi=  6.4064E-02  dg=  3.8509E-02  dg0= -2.0372E-02
MT try: armijo_rhs=  1.6492E-02  armijo=F  curvature=F  task=FG
 UPDATEPARAMETER: f-scale only
UPDATEPARAMETER PAR_STEP min/max, V_STEP min/max = -1.8017169380E+09  1.2236395738E+10
 -1.8017169380E+09  1.2236395738E+10
 WD_amp= 5.85921E+13  RESID_RMS= 1.74268E-01  FCOST_DATA= 1.51846E-02  FCOST0= 1.51846E-02
  
 -------------- calculate Frechet derivatives -----------
 IFREQ =           2    ITERATION =           4
||Frechet||_F=  6.7157E-19max|Frechet|=  8.3793E-24
||Frechet||_F=  6.7157E-19max|Frechet|=  8.3793E-24
||Frechet||_F=  6.7157E-19max|Frechet|=  8.3793E-24
||Frechet||_F=  6.7157E-19max|Frechet|=  8.3793E-24
||Frechet||_F=  6.7157E-19max|Frechet|=  8.3793E-24
||Frechet||_F=  6.7157E-19max|Frechet|=  8.3793E-24
Grad block   3 GRAD_SCALED MORM =   5.4132E-03
MT try: alpha=  7.4726E-02  phi=  1.5185E-02  dg= -7.2078E-03  dg0= -2.0372E-02
MT try: armijo_rhs=  1.6494E-02  armijo=T  curvature=T  task=FG
  
Convergence reached, updating parameter grid
ALPHA from line search =  .7472587125862358E-01
 FCOST0 after linesearch  1.518461304046002E-002
Norm of s (s_norm) =  2.234580575451830
  
  
  
  
  
Convergence check at iteration    4
  Relative cost decrease  =  7.9395E-02
  Relative model update   =  0.0000E+00
  Relative grad. norm     =  2.5105E-01
Time for LBFGS =  15.62526346842448 min
  
 Frequency:           2 Iteration:           5
t_global   =    301.099 s
  
 -------------- calculate Frechet derivatives -----------
 IFREQ =           2    ITERATION =           5
||Frechet||_F=  6.7157E-19max|Frechet|=  8.3793E-24
||Frechet||_F=  6.7157E-19max|Frechet|=  8.3793E-24
 
TIME for Frechet calc =  2.937488301595052 min
 
 
  compute the residual and the cost function
 WD_amp= 5.85921E+13  RESID_RMS= 1.74268E-01  FCOST_DATA= 1.51846E-02  FCOST0= 1.51846E-02
||Frechet||_F=  6.7157E-19max|Frechet|=  8.3793E-24
||Frechet||_F=  6.7157E-19max|Frechet|=  8.3793E-24
||Frechet||_F=  6.7157E-19max|Frechet|=  8.3793E-24
||Frechet||_F=  6.7157E-19max|Frechet|=  8.3793E-24
Grad block   3 GRAD_SCALED MORM =   5.4132E-03
Gradient finished
Start LBFGS 
curvature (warm): s·y=  9.8372E-04  ||s||^2=  4.9934E+00  ||y||^2=  3.5722E-06  sTy_min=  4.2234E-04
LBFGS step: g·p = -2.3176E-02  ||p||=  4.1005E+01
LBFGS step: min(p)= -1.0312E+01  max(p)=  2.6847E+00
LBFGS p_k (unscaled) stats per active parameter:
  IA=  3  PAR={C13}  min=-2.31354E+10  max= 6.02331E+09  L2= 9.19993E+10
min(p_k)= -1.0312E+01  max(p_k)=  2.6847E+00  ||p_k||=  4.1005E+01
min(p_kf)= -1.0312E+01  max(p_kf)=  2.6847E+00  ||p_kf||=  1.6402E+02
p_k/p_kf  =   2.5000E-01
Start linesearch
MT entry: phi(0)=  1.5185E-02  dg0= -2.3176E-02  alpha0=  1.0000E+00
 UPDATEPARAMETER: f-scale only
UPDATEPARAMETER PAR_STEP min/max, V_STEP min/max = -2.4937124007E+10  1.2808020018E+10
 -2.4937124007E+10  1.2808020018E+10
 WD_amp= 5.85921E+13  RESID_RMS= 4.33666E-01  FCOST_DATA= 9.40329E-02  FCOST0= 9.40329E-02
  
 -------------- calculate Frechet derivatives -----------
 IFREQ =           2    ITERATION =           5
||Frechet||_F=  7.1565E-19max|Frechet|=  9.1735E-24
||Frechet||_F=  7.1565E-19max|Frechet|=  9.1735E-24
||Frechet||_F=  7.1565E-19max|Frechet|=  9.1735E-24
||Frechet||_F=  7.1565E-19max|Frechet|=  9.1735E-24
||Frechet||_F=  7.1565E-19max|Frechet|=  9.1735E-24
||Frechet||_F=  7.1565E-19max|Frechet|=  9.1735E-24
Grad block   3 GRAD_SCALED MORM =   2.8619E-02
MT try: alpha=  1.0000E+00  phi=  9.4033E-02  dg=  7.9401E-02  dg0= -2.3176E-02
MT try: armijo_rhs=  1.5182E-02  armijo=F  curvature=F  task=FG
 UPDATEPARAMETER: f-scale only
UPDATEPARAMETER PAR_STEP min/max, V_STEP min/max = -3.1806333400E+09  1.2244491731E+10
 -3.1806333400E+09  1.2244491731E+10
 WD_amp= 5.85921E+13  RESID_RMS= 1.72000E-01  FCOST_DATA= 1.47920E-02  FCOST0= 1.47920E-02
  
 -------------- calculate Frechet derivatives -----------
 IFREQ =           2    ITERATION =           5
||Frechet||_F=  6.7291E-19max|Frechet|=  8.4238E-24
||Frechet||_F=  6.7291E-19max|Frechet|=  8.4238E-24
||Frechet||_F=  6.7291E-19max|Frechet|=  8.4238E-24
||Frechet||_F=  6.7291E-19max|Frechet|=  8.4238E-24
||Frechet||_F=  6.7291E-19max|Frechet|=  8.4238E-24
||Frechet||_F=  6.7291E-19max|Frechet|=  8.4238E-24
Grad block   3 GRAD_SCALED MORM =   5.1438E-03
MT try: alpha=  5.9602E-02  phi=  1.4792E-02  dg= -8.9505E-03  dg0= -2.3176E-02
MT try: armijo_rhs=  1.5184E-02  armijo=T  curvature=T  task=FG
  
  
Convergence reached, updating parameter grid
ALPHA from line search =  .5960199437563362E-01
 FCOST0 after linesearch  1.479202828561080E-002
Norm of s (s_norm) =  2.443991717854323
  
  
  
  
Convergence check at iteration    5
  Relative cost decrease  =  2.5854E-02
  Relative model update   =  0.0000E+00
  Relative grad. norm     =  2.4364E-01
Time for LBFGS =  15.60693359375000 min
  
 Frequency:           2 Iteration:           6
t_global   =    300.395 s
  
 -------------- calculate Frechet derivatives -----------
 IFREQ =           2    ITERATION =           6
||Frechet||_F=  6.7291E-19max|Frechet|=  8.4238E-24
||Frechet||_F=  6.7291E-19max|Frechet|=  8.4238E-24
||Frechet||_F=  6.7291E-19max|Frechet|=  8.4238E-24
||Frechet||_F=  6.7291E-19max|Frechet|=  8.4238E-24
 
TIME for Frechet calc =  2.815224965413412 min
 
 
  compute the residual and the cost function
 WD_amp= 5.85921E+13  RESID_RMS= 1.72000E-01  FCOST_DATA= 1.47920E-02  FCOST0= 1.47920E-02
||Frechet||_F=  6.7291E-19max|Frechet|=  8.4238E-24
||Frechet||_F=  6.7291E-19max|Frechet|=  8.4238E-24
Grad block   3 GRAD_SCALED MORM =   5.1438E-03
Gradient finished
Start LBFGS 
curvature (warm): s·y=  8.4787E-04  ||s||^2=  5.9731E+00  ||y||^2=  1.2836E-06  sTy_min=  2.7690E-04
LBFGS step: g·p = -1.3840E-02  ||p||=  2.9033E+01
LBFGS step: min(p)= -6.3158E+00  max(p)=  2.2206E+00
LBFGS p_k (unscaled) stats per active parameter:
  IA=  3  PAR={C13}  min=-1.41701E+10  max= 4.98203E+09  L2= 6.51386E+10
min(p_k)= -6.3158E+00  max(p_k)=  2.2206E+00  ||p_k||=  2.9033E+01
min(p_kf)= -6.3158E+00  max(p_kf)=  2.2206E+00  ||p_kf||=  1.1613E+02
p_k/p_kf  =   2.5000E-01
Start linesearch
MT entry: phi(0)=  1.4792E-02  dg0= -1.3840E-02  alpha0=  1.0000E+00
 UPDATEPARAMETER: f-scale only
UPDATEPARAMETER PAR_STEP min/max, V_STEP min/max = -1.7350707449E+10  1.2350512347E+10
 -1.7350707449E+10  1.2350512347E+10
 WD_amp= 5.85921E+13  RESID_RMS= 3.66494E-01  FCOST_DATA= 6.71591E-02  FCOST0= 6.71591E-02
  
 -------------- calculate Frechet derivatives -----------
 IFREQ =           2    ITERATION =           6
||Frechet||_F=  6.9519E-19max|Frechet|=  8.7401E-24
||Frechet||_F=  6.9519E-19max|Frechet|=  8.7401E-24
||Frechet||_F=  6.9519E-19max|Frechet|=  8.7401E-24
||Frechet||_F=  6.9519E-19max|Frechet|=  8.7401E-24
||Frechet||_F=  6.9519E-19max|Frechet|=  8.7401E-24
||Frechet||_F=  6.9519E-19max|Frechet|=  8.7401E-24
Grad block   3 GRAD_SCALED MORM =   2.3547E-02
MT try: alpha=  1.0000E+00  phi=  6.7159E-02  dg=  5.4892E-02  dg0= -1.3840E-02
MT try: armijo_rhs=  1.4791E-02  armijo=F  curvature=F  task=FG
 UPDATEPARAMETER: f-scale only
UPDATEPARAMETER PAR_STEP min/max, V_STEP min/max = -3.9677174729E+09  1.2250380701E+10
 -3.9677174729E+09  1.2250380701E+10
 WD_amp= 5.85921E+13  RESID_RMS= 1.69942E-01  FCOST_DATA= 1.44402E-02  FCOST0= 1.44402E-02
  
 -------------- calculate Frechet derivatives -----------
 IFREQ =           2    ITERATION =           6
||Frechet||_F=  6.7316E-19max|Frechet|=  8.4466E-24
||Frechet||_F=  6.7316E-19max|Frechet|=  8.4466E-24
||Frechet||_F=  6.7316E-19max|Frechet|=  8.4466E-24
||Frechet||_F=  6.7316E-19max|Frechet|=  8.4466E-24
||Frechet||_F=  6.7316E-19max|Frechet|=  8.4466E-24
||Frechet||_F=  6.7316E-19max|Frechet|=  8.4466E-24
Grad block   3 GRAD_SCALED MORM =   5.4093E-03
MT try: alpha=  5.5546E-02  phi=  1.4440E-02  dg= -1.0552E-02  dg0= -1.3840E-02
MT try: armijo_rhs=  1.4792E-02  armijo=T  curvature=T  task=FG
  
  
  
Convergence reached, updating parameter grid
ALPHA from line search =  .5554551986729990E-01
 FCOST0 after linesearch  1.444019862064278E-002
Norm of s (s_norm) =  1.612657111423849
  
  
  
Convergence check at iteration    6
  Relative cost decrease  =  2.3785E-02
  Relative model update   =  0.0000E+00
  Relative grad. norm     =  2.9177E-01
Time for LBFGS =  15.56086527506510 min
  
 Frequency:           2 Iteration:           7
t_global   =    300.489 s
  
 -------------- calculate Frechet derivatives -----------
 IFREQ =           2    ITERATION =           7
||Frechet||_F=  6.7316E-19max|Frechet|=  8.4466E-24
||Frechet||_F=  6.7316E-19max|Frechet|=  8.4466E-24
||Frechet||_F=  6.7316E-19max|Frechet|=  8.4466E-24
||Frechet||_F=  6.7316E-19max|Frechet|=  8.4466E-24
||Frechet||_F=  6.7316E-19max|Frechet|=  8.4466E-24
||Frechet||_F=  6.7316E-19max|Frechet|=  8.4466E-24
 
TIME for Frechet calc =  2.891263326009115 min
 
 
  compute the residual and the cost function
 WD_amp= 5.85921E+13  RESID_RMS= 1.69942E-01  FCOST_DATA= 1.44402E-02  FCOST0= 1.44402E-02
Grad block   3 GRAD_SCALED MORM =   5.4093E-03
Gradient finished
Start LBFGS 
curvature (full): s·y=  1.8264E-04  ||s||^2=  2.6007E+00  ||y||^2=  5.2312E-07  sTy_min=  1.1664E-04
 
LBFGS step(full): g·p = -1.0670E-02  ||p||=  2.4058E+01
LBFGS step(full): min(p)= -5.0856E+00  max(p)=  2.1689E+00
LBFGS p_k (unscaled) stats per active parameter:
  IA=  3  PAR={C13}  min=-1.14100E+10  max= 4.86610E+09  L2= 5.39757E+10
min(p_k)= -5.0856E+00  max(p_k)=  2.1689E+00  ||p_k||=  2.4058E+01
min(p_kf)= -5.0856E+00  max(p_kf)=  2.1689E+00  ||p_kf||=  9.6230E+01
p_k/p_kf  =   2.5000E-01
Start linesearch
MT entry: phi(0)=  1.4440E-02  dg0= -1.0670E-02  alpha0=  1.0000E+00
 UPDATEPARAMETER: f-scale only
UPDATEPARAMETER PAR_STEP min/max, V_STEP min/max = -1.2916208464E+10  1.2354125265E+10
 -1.2916208464E+10  1.2354125265E+10
 WD_amp= 5.85921E+13  RESID_RMS= 3.61496E-01  FCOST_DATA= 6.53398E-02  FCOST0= 6.53398E-02
  
 -------------- calculate Frechet derivatives -----------
 IFREQ =           2    ITERATION =           7
||Frechet||_F=  7.1840E-19max|Frechet|=  8.7389E-24
||Frechet||_F=  7.1840E-19max|Frechet|=  8.7389E-24
||Frechet||_F=  7.1840E-19max|Frechet|=  8.7389E-24
||Frechet||_F=  7.1840E-19max|Frechet|=  8.7389E-24
||Frechet||_F=  7.1840E-19max|Frechet|=  8.7389E-24
||Frechet||_F=  7.1840E-19max|Frechet|=  8.7389E-24
Grad block   3 GRAD_SCALED MORM =   3.8252E-02
MT try: alpha=  1.0000E+00  phi=  6.5340E-02  dg=  5.5050E-02  dg0= -1.0670E-02
MT try: armijo_rhs=  1.4439E-02  armijo=F  curvature=F  task=FG
 UPDATEPARAMETER: f-scale only
UPDATEPARAMETER PAR_STEP min/max, V_STEP min/max = -4.3550150127E+09  1.2255193770E+10
 -4.3550150127E+09  1.2255193770E+10
 WD_amp= 5.85921E+13  RESID_RMS= 1.68136E-01  FCOST_DATA= 1.41349E-02  FCOST0= 1.41349E-02
  
 -------------- calculate Frechet derivatives -----------
 IFREQ =           2    ITERATION =           7
||Frechet||_F=  6.7420E-19max|Frechet|=  8.4715E-24
||Frechet||_F=  6.7420E-19max|Frechet|=  8.4715E-24
||Frechet||_F=  6.7420E-19max|Frechet|=  8.4715E-24
||Frechet||_F=  6.7420E-19max|Frechet|=  8.4715E-24
||Frechet||_F=  6.7420E-19max|Frechet|=  8.4715E-24
||Frechet||_F=  6.7420E-19max|Frechet|=  8.4715E-24
Grad block   3 GRAD_SCALED MORM =   5.1708E-03
MT try: alpha=  4.6393E-02  phi=  1.4135E-02  dg= -8.4331E-03  dg0= -1.0670E-02
MT try: armijo_rhs=  1.4440E-02  armijo=T  curvature=T  task=FG
  
  
  
  
  
Convergence reached, updating parameter grid
ALPHA from line search =  .4639345682352249E-01
 FCOST0 after linesearch  1.413488824553907E-002
Norm of s (s_norm) =  1.116116146138488
  
Convergence check at iteration    7
  Relative cost decrease  =  2.1143E-02
  Relative model update   =  0.0000E+00
  Relative grad. norm     =  2.7772E-01
Time for LBFGS =  15.67485961914062 min
Data weighting computed for frequency 4607182418800017373
Data weighting computed for frequency 4607182418800017373
Data weighting computed for frequency 4607182418800017373
Data weighting computed for frequency 4607182418800017373
Data weighting computed for frequency 4607182418800017373
 --------- Frequency   3.65000000000000       (band            1 )
[ComputeAcqWeight] empty acq_weight_file, using uniform weights = 1.0
Data weighting computed for frequency 4607182418800017373
XSRmin, XSRmax, ZSRmin, ZSRMax -1960.000000000000 .000000000000000 2050.000000000000 4030.000000000000
1 FKYC
1.2 FKYC
my_rank, FKYC,WLMAX, RMAX 0 .2991342570157237E-01 1403.501039682951 2786.036611389018
1.1 NK
NK in cky2= 55

  Number of wavenumber samples (NK) for FREQ =   55
  RMAX = 2786.04
--- Pre-solver preview (memory + RHS workload) ---
   GQG dims: NNX=       585  NNZ=       317  NPT=    185445
   DOF:     N=3*NPT =    556335
   Sources: NSR=       100  NSS=        20  NK=        55
   RHS total (per IK): nrhs_tot=3*NSS =        60
   Batch:    MAX_RHS_BATCH=        32  nbatches=         2
   GFMY  (GFX+GFY+GFZ):         13.679 GB
   RHS_MY(rhs+sol buffers):      0.531 GB
 
 running run_ik_loop_pardiso
before CA | VmRSS=  15.472 GB  VmHWM=  81.290 GB
after CA | VmRSS=  16.092 GB  VmHWM=  81.290 GB
after factor | VmRSS=  19.861 GB  VmHWM=  81.290 GB
f=     3.650 Hz | ky=  0.543880E-03 | IK=       1/      55 | t=   17.143200 s | CA=  2.5393 | fact= 12.7146 | GF=  1.8891 | solve=  1.7349 | scatter=  0.0523
f=     3.650 Hz | ky=  0.108776E-02 | IK=       2/      55 | t=    6.882600 s | CA=  2.5961 | fact=  2.5040 | GF=  1.7824 | solve=  1.6569 | scatter=  0.0535
f=     3.650 Hz | ky=  0.163164E-02 | IK=       3/      55 | t=    6.878000 s | CA=  2.5912 | fact=  2.4972 | GF=  1.7895 | solve=  1.6639 | scatter=  0.0537
f=     3.650 Hz | ky=  0.217552E-02 | IK=       4/      55 | t=    6.797800 s | CA=  2.5294 | fact=  2.4875 | GF=  1.7808 | solve=  1.6584 | scatter=  0.0505
f=     3.650 Hz | ky=  0.271940E-02 | IK=       5/      55 | t=    6.868400 s | CA=  2.5887 | fact=  2.4987 | GF=  1.7809 | solve=  1.6588 | scatter=  0.0503
f=     3.650 Hz | ky=  0.326328E-02 | IK=       6/      55 | t=    6.892300 s | CA=  2.6032 | fact=  2.4976 | GF=  1.7915 | solve=  1.6677 | scatter=  0.0519
f=     3.650 Hz | ky=  0.380716E-02 | IK=       7/      55 | t=    6.844700 s | CA=  2.5647 | fact=  2.4952 | GF=  1.7847 | solve=  1.6602 | scatter=  0.0524
f=     3.650 Hz | ky=  0.435104E-02 | IK=       8/      55 | t=    6.874200 s | CA=  2.5815 | fact=  2.5047 | GF=  1.7880 | solve=  1.6657 | scatter=  0.0504
f=     3.650 Hz | ky=  0.489492E-02 | IK=       9/      55 | t=    6.828400 s | CA=  2.5679 | fact=  2.4700 | GF=  1.7905 | solve=  1.6651 | scatter=  0.0536
f=     3.650 Hz | ky=  0.543880E-02 | IK=      10/      55 | t=    6.869300 s | CA=  2.6011 | fact=  2.4856 | GF=  1.7825 | solve=  1.6596 | scatter=  0.0510
PARDISO mem (f=  3.65 Hz): sym=  1.95 GB  perm=  1.42 GB  num=  3.22 GB  
peak=  4.64 GB
t_global   =    109.714 s
TIME for 1st forward modeling =  1.828561655680339  min
TIME for GT0 =  .5513333280881246E-02  min
Data scaler W for L2 norm: 60858307368707.61
Data scaler W for WQS norm: .3395193265742062E-312
Total number of active inversion parameters for current sequential stage (IM):          1
Total model blocks points (NM = IM * NBLOCK):      11534 on grid (NMM = IM * NPT):    185445
 Gradient balance ():   1.00000000000000        1.00000000000000     
   1.00000000000000        1.00000000000000        1.00000000000000     
   1.00000000000000        1.00000000000000        1.00000000000000     
   1.00000000000000        1.00000000000000        1.00000000000000     
 IE0, IZ          30           0
 IE0, IZ, GZ1, GZ2 =           30           0   100.000000000000     
   300.000000000000     
  
 Frequency:           3 Iteration:           1
--- Pre-solver preview (memory + RHS workload) ---
   GQG dims: NNX=       585  NNZ=       317  NPT=    185445
   DOF:     N=3*NPT =    556335
   Sources: NSR=       100  NSS=       100  NK=        55
   RHS total (per IK): nrhs_tot=3*NSS =       300
   Batch:    MAX_RHS_BATCH=        32  nbatches=        10
   GFMY  (GFX+GFY+GFZ):         68.393 GB
   RHS_MY(rhs+sol buffers):      0.531 GB
 
 running run_ik_loop_pardiso
before CA | VmRSS=  71.007 GB  VmHWM=  81.290 GB
after CA | VmRSS=  71.644 GB  VmHWM=  81.290 GB
after factor | VmRSS=  75.405 GB  VmHWM=  81.290 GB
f=     3.650 Hz | ky=  0.543880E-03 | IK=       1/      55 | t=   24.039300 s | CA=  2.5105 | fact= 12.7188 | GF=  8.8098 | solve=  8.1534 | scatter=  0.2548
f=     3.650 Hz | ky=  0.108776E-02 | IK=       2/      55 | t=   13.744600 s | CA=  2.5560 | fact=  2.4921 | GF=  8.6965 | solve=  8.0715 | scatter=  0.2537
f=     3.650 Hz | ky=  0.163164E-02 | IK=       3/      55 | t=   13.720200 s | CA=  2.5285 | fact=  2.4773 | GF=  8.7144 | solve=  8.0887 | scatter=  0.2541
f=     3.650 Hz | ky=  0.217552E-02 | IK=       4/      55 | t=   13.607000 s | CA=  2.5261 | fact=  2.5075 | GF=  8.5733 | solve=  7.9414 | scatter=  0.2614
f=     3.650 Hz | ky=  0.271940E-02 | IK=       5/      55 | t=   13.575700 s | CA=  2.5108 | fact=  2.5050 | GF=  8.5599 | solve=  7.9339 | scatter=  0.2546
f=     3.650 Hz | ky=  0.326328E-02 | IK=       6/      55 | t=   13.654300 s | CA=  2.5846 | fact=  2.5046 | GF=  8.5650 | solve=  7.9403 | scatter=  0.2536
f=     3.650 Hz | ky=  0.380716E-02 | IK=       7/      55 | t=   13.640000 s | CA=  2.5534 | fact=  2.4959 | GF=  8.5906 | solve=  7.9676 | scatter=  0.2518
f=     3.650 Hz | ky=  0.435104E-02 | IK=       8/      55 | t=   13.656800 s | CA=  2.5830 | fact=  2.5059 | GF=  8.5679 | solve=  7.9430 | scatter=  0.2542
f=     3.650 Hz | ky=  0.489492E-02 | IK=       9/      55 | t=   13.640800 s | CA=  2.5560 | fact=  2.5140 | GF=  8.5708 | solve=  7.9475 | scatter=  0.2524
f=     3.650 Hz | ky=  0.543880E-02 | IK=      10/      55 | t=   13.648400 s | CA=  2.5880 | fact=  2.4973 | GF=  8.5630 | solve=  7.9390 | scatter=  0.2528
PARDISO mem (f=  3.65 Hz): sym=  1.95 GB  perm=  1.42 GB  num=  3.22 GB  
peak=  4.64 GB
t_global   =    300.566 s
TIME for 2d forward modeling_i calc =  5.007058207194010 min
Rank    4 -> ID range:   3201 to   4000 | Tasks:    800
Rank    5 -> ID range:   4001 to   4800 | Tasks:    800
Rank    3 -> ID range:   2401 to   3200 | Tasks:    800
Rank    2 -> ID range:   1601 to   2400 | Tasks:    800
Rank    1 -> ID range:    801 to   1600 | Tasks:    800
  
 -------------- calculate Frechet derivatives -----------
 IFREQ =           3    ITERATION =           1
Frechet memory size Frec_my:      0.825 (Gb)
Rank    0 -> ID range:      1 to    800 | Tasks:    800
FREQ:      3.6 Hz, ITER=       1  Frechet Derivative ID=     100/    4800 Finished   0.190900 s
FREQ:      3.6 Hz, ITER=       1  Frechet Derivative ID=     200/    4800 Finished   0.190600 s
FREQ:      3.6 Hz, ITER=       1  Frechet Derivative ID=     300/    4800 Finished   0.230800 s
FREQ:      3.6 Hz, ITER=       1  Frechet Derivative ID=     400/    4800 Finished   0.173000 s
FREQ:      3.6 Hz, ITER=       1  Frechet Derivative ID=     500/    4800 Finished   0.188800 s
FREQ:      3.6 Hz, ITER=       1  Frechet Derivative ID=     600/    4800 Finished   0.188800 s
FREQ:      3.6 Hz, ITER=       1  Frechet Derivative ID=     700/    4800 Finished   0.187400 s
FREQ:      3.6 Hz, ITER=       1  Frechet Derivative ID=     800/    4800 Finished   0.186000 s
||Frechet||_F=  7.3331E-19max|Frechet|=  9.6468E-24
 
TIME for Frechet calc =  2.918108367919922 min
 
m_fine: min= -4.3550E+09  max=  1.2255E+10  mean=  8.0775E+09  ||.||2=  3.9360E+12  size=  185445
m_coarse_prev: min= -2.3748E+09  max=  1.2183E+10  mean=  8.0808E+09  ||.||2=  9.8158E+11  size=   11534
 
  compute the residual and the cost function
 WD_amp= 6.08583E+13  RESID_RMS= 2.10709E-01  FCOST_DATA= 2.21991E-02  FCOST0= 2.21991E-02
||Frechet||_F=  7.3331E-19max|Frechet|=  9.6468E-24
||Frechet||_F=  7.3331E-19max|Frechet|=  9.6468E-24
||Frechet||_F=  7.3331E-19max|Frechet|=  9.6468E-24
||Frechet||_F=  7.3331E-19max|Frechet|=  9.6468E-24
||Frechet||_F=  7.3331E-19max|Frechet|=  9.6468E-24
IA=  3  H(single F0) min= 0.00000E+00  max= 1.02730E-02
IA=  3  H(F0^2)     min= 0.00000E+00  max= 1.02730E-02
HESSD: ia=   3  min= 0.00000E+00  max= 1.94685E+04
IA=  3  H(single F0) min= 0.00000E+00  max= 1.02730E-02
IA=  3  H(F0^2)     min= 0.00000E+00  max= 1.02730E-02
HESSD: ia=   3  min= 0.00000E+00  max= 1.94685E+04
IA=  3  H(single F0) min= 0.00000E+00  max= 1.02730E-02
IA=  3  H(F0^2)     min= 0.00000E+00  max= 1.02730E-02
HESSD: ia=   3  min= 0.00000E+00  max= 1.94685E+04
IA=  3  H(single F0) min= 0.00000E+00  max= 1.02730E-02
IA=  3  H(F0^2)     min= 0.00000E+00  max= 1.02730E-02
HESSD: ia=   3  min= 0.00000E+00  max= 1.94685E+04
IA=  3  H(single F0) min= 0.00000E+00  max= 1.02730E-02
IA=  3  H(F0^2)     min= 0.00000E+00  max= 1.02730E-02
HESSD: ia=   3  min= 0.00000E+00  max= 1.94685E+04
IA=  3  H(single F0) min= 0.00000E+00  max= 1.02730E-02
IA=  3  H(F0^2)     min= 0.00000E+00  max= 1.02730E-02
HESSD: ia=   3  min= 0.00000E+00  max= 1.94685E+04
Grad block   3 GRAD_SCALED MORM =   7.1758E-03
Raw grad block  3  PAR={C13}  min= -3.7804E-13  max=  5.8175E-13  L2=  3.2803E-12
Gradient finished
Start LBFGS 
LBFGS steepest step , iter=      1
  g·p = -2.3183E-02  ||p|| =  1.2515E+01
  min(p)= -1.7719E+00  max(p)=  5.4747E-01
LBFGS p_k (unscaled) stats per active parameter:
  IA=  3  PAR={C13}  min=-3.97550E+09  max= 1.22830E+09  L2= 2.80779E+10
min(p_k)= -1.7719E+00  max(p_k)=  5.4747E-01  ||p_k||=  1.2515E+01
min(p_kf)= -1.7719E+00  max(p_kf)=  5.4747E-01  ||p_kf||=  5.0059E+01
p_k/p_kf  =   2.5000E-01
Start linesearch
BT entry: phi(0)=  2.2199E-02  g·p(0)= -2.3183E-02
 UPDATEPARAMETER: f-scale only
UPDATEPARAMETER PAR_STEP min/max, V_STEP min/max = -7.8758712539E+09  1.2244007799E+10
 -7.8758712539E+09  1.2244007799E+10
REL STEP elastic: k=  3 row=  3 rmax_k=  1.2582E+02 row_scale=  1.2255E+10
BT cap probe: rmax1=  1.2582E+02  alpha_cap=  3.9739E-03  alpha00=  1.0000E+00
 UPDATEPARAMETER: f-scale only
UPDATEPARAMETER PAR_STEP min/max, V_STEP min/max = -4.3690066795E+09  1.2255149317E+10
 -4.3690066795E+09  1.2255149317E+10
 running run_ik_loop_pardiso
before CA | VmRSS=  16.328 GB  VmHWM=  81.290 GB
after CA | VmRSS=  16.942 GB  VmHWM=  81.290 GB
after factor | VmRSS=  20.709 GB  VmHWM=  81.290 GB
f=     3.650 Hz | ky=  0.543880E-03 | IK=       1/      55 | t=   17.121200 s | CA=  2.5238 | fact= 12.7091 | GF=  1.8881 | solve=  1.7352 | scatter=  0.0510
f=     3.650 Hz | ky=  0.108776E-02 | IK=       2/      55 | t=    6.808900 s | CA=  2.5246 | fact=  2.4967 | GF=  1.7875 | solve=  1.6636 | scatter=  0.0520
f=     3.650 Hz | ky=  0.163164E-02 | IK=       3/      55 | t=    6.804000 s | CA=  2.5283 | fact=  2.4890 | GF=  1.7866 | solve=  1.6621 | scatter=  0.0526
f=     3.650 Hz | ky=  0.217552E-02 | IK=       4/      55 | t=    6.796500 s | CA=  2.5144 | fact=  2.4930 | GF=  1.7890 | solve=  1.6656 | scatter=  0.0513
f=     3.650 Hz | ky=  0.271940E-02 | IK=       5/      55 | t=    6.846800 s | CA=  2.5609 | fact=  2.4952 | GF=  1.7906 | solve=  1.6651 | scatter=  0.0530
f=     3.650 Hz | ky=  0.326328E-02 | IK=       6/      55 | t=    6.824300 s | CA=  2.5557 | fact=  2.4855 | GF=  1.7830 | solve=  1.6595 | scatter=  0.0516
f=     3.650 Hz | ky=  0.380716E-02 | IK=       7/      55 | t=    6.786700 s | CA=  2.5128 | fact=  2.4957 | GF=  1.7782 | solve=  1.6555 | scatter=  0.0509
f=     3.650 Hz | ky=  0.435104E-02 | IK=       8/      55 | t=    6.828500 s | CA=  2.5445 | fact=  2.5003 | GF=  1.7836 | solve=  1.6614 | scatter=  0.0501
f=     3.650 Hz | ky=  0.489492E-02 | IK=       9/      55 | t=    6.794400 s | CA=  2.5046 | fact=  2.5016 | GF=  1.7881 | solve=  1.6632 | scatter=  0.0530
f=     3.650 Hz | ky=  0.543880E-02 | IK=      10/      55 | t=    6.825100 s | CA=  2.5545 | fact=  2.4864 | GF=  1.7841 | solve=  1.6613 | scatter=  0.0507
PARDISO mem (f=  3.65 Hz): sym=  1.95 GB  perm=  1.42 GB  num=  3.22 GB  
peak=  4.64 GB
 WD_amp= 6.08583E+13  RESID_RMS= 2.10087E-01  FCOST_DATA= 2.20682E-02  FCOST0= 2.20682E-02
  
BT: alpha=  3.9739E-03  phi=  2.2068E-02  rhs=  2.2199E-02
  
  
  
  
Convergence reached, updating parameter grid
ALPHA from line search =  .3973938687309543E-02
 FCOST0 after linesearch  2.206817068473574E-002
Norm of s (s_norm) =  .4973239075880202E-01
  
Time for LBFGS =  1.829846700032552 min
  
 Frequency:           3 Iteration:           2
t_global   =    301.290 s
  
 -------------- calculate Frechet derivatives -----------
 IFREQ =           3    ITERATION =           2
||Frechet||_F=  7.3319E-19max|Frechet|=  9.6473E-24
||Frechet||_F=  7.3319E-19max|Frechet|=  9.6473E-24
||Frechet||_F=  7.3319E-19max|Frechet|=  9.6473E-24
||Frechet||_F=  7.3319E-19max|Frechet|=  9.6473E-24
 
TIME for Frechet calc =  2.898305002848307 min
 
 
  compute the residual and the cost function
 WD_amp= 6.08583E+13  RESID_RMS= 2.10087E-01  FCOST_DATA= 2.20682E-02  FCOST0= 2.20682E-02
||Frechet||_F=  7.3319E-19max|Frechet|=  9.6473E-24
||Frechet||_F=  7.3319E-19max|Frechet|=  9.6473E-24
Grad block   3 GRAD_SCALED MORM =   7.0783E-03
Raw grad block  3  PAR={C13}  min= -3.7487E-13  max=  5.7193E-13  L2=  3.2355E-12
Gradient finished
Start LBFGS 
curvature (warm): s·y=  3.2333E-06  ||s||^2=  2.4733E-03  ||y||^2=  1.5574E-08  sTy_min=  6.2064E-07
LBFGS step: g·p = -2.5105E-02  ||p||=  1.9208E+01
LBFGS step: min(p)= -2.2917E+00  max(p)=  1.4248E+00
LBFGS p_k (unscaled) stats per active parameter:
  IA=  3  PAR={C13}  min=-5.14176E+09  max= 3.19660E+09  L2= 4.30945E+10
min(p_k)= -2.2917E+00  max(p_k)=  1.4248E+00  ||p_k||=  1.9208E+01
min(p_kf)= -2.2917E+00  max(p_kf)=  1.4248E+00  ||p_kf||=  7.6831E+01
p_k/p_kf  =   2.5000E-01
Start linesearch
MT entry: phi(0)=  2.2068E-02  dg0= -2.5105E-02  alpha0=  1.0000E+00
 UPDATEPARAMETER: f-scale only
UPDATEPARAMETER PAR_STEP min/max, V_STEP min/max = -8.2664148519E+09  1.2233551301E+10
 -8.2664148519E+09  1.2233551301E+10
 WD_amp= 6.08583E+13  RESID_RMS= 6.09405E-01  FCOST_DATA= 1.85687E-01  FCOST0= 1.85687E-01
  
 -------------- calculate Frechet derivatives -----------
 IFREQ =           3    ITERATION =           2
||Frechet||_F=  7.2477E-19max|Frechet|=  9.7295E-24
||Frechet||_F=  7.2477E-19max|Frechet|=  9.7295E-24
||Frechet||_F=  7.2477E-19max|Frechet|=  9.7295E-24
||Frechet||_F=  7.2477E-19max|Frechet|=  9.7295E-24
||Frechet||_F=  7.2477E-19max|Frechet|=  9.7295E-24
||Frechet||_F=  7.2477E-19max|Frechet|=  9.7295E-24
Grad block   3 GRAD_SCALED MORM =   4.9765E-02
MT try: alpha=  1.0000E+00  phi=  1.8569E-01  dg=  1.5575E-01  dg0= -2.5105E-02
MT try: armijo_rhs=  2.2066E-02  armijo=F  curvature=F  task=FG
 UPDATEPARAMETER: f-scale only
UPDATEPARAMETER PAR_STEP min/max, V_STEP min/max = -4.4993051631E+09  1.2254427251E+10
 -4.4993051631E+09  1.2254427251E+10
 WD_amp= 6.08583E+13  RESID_RMS= 2.05159E-01  FCOST_DATA= 2.10451E-02  FCOST0= 2.10451E-02
  
 -------------- calculate Frechet derivatives -----------
 IFREQ =           3    ITERATION =           2
||Frechet||_F=  7.3241E-19max|Frechet|=  9.6402E-24
||Frechet||_F=  7.3241E-19max|Frechet|=  9.6402E-24
||Frechet||_F=  7.3241E-19max|Frechet|=  9.6402E-24
||Frechet||_F=  7.3241E-19max|Frechet|=  9.6402E-24
||Frechet||_F=  7.3241E-19max|Frechet|=  9.6402E-24
||Frechet||_F=  7.3241E-19max|Frechet|=  9.6402E-24
Grad block   3 GRAD_SCALED MORM =   6.9393E-03
MT try: alpha=  3.3432E-02  phi=  2.1045E-02  dg= -1.7626E-02  dg0= -2.5105E-02
MT try: armijo_rhs=  2.2068E-02  armijo=T  curvature=T  task=FG
Convergence reached, updating parameter grid
ALPHA from line search =  .3343208557792536E-01
 FCOST0 after linesearch  2.104513275116197E-002
Norm of s (s_norm) =  .6421549019159281
  
  
  
  
  
Time for LBFGS =  15.54918314615885 min
  
  
 Frequency:           3 Iteration:           3
t_global   =    301.351 s
  
 -------------- calculate Frechet derivatives -----------
 IFREQ =           3    ITERATION =           3
||Frechet||_F=  7.3241E-19max|Frechet|=  9.6402E-24
||Frechet||_F=  7.3241E-19max|Frechet|=  9.6402E-24
||Frechet||_F=  7.3241E-19max|Frechet|=  9.6402E-24
 
TIME for Frechet calc =  2.891581726074219 min
 
 
  compute the residual and the cost function
 WD_amp= 6.08583E+13  RESID_RMS= 2.05159E-01  FCOST_DATA= 2.10451E-02  FCOST0= 2.10451E-02
||Frechet||_F=  7.3241E-19max|Frechet|=  9.6402E-24
||Frechet||_F=  7.3241E-19max|Frechet|=  9.6402E-24
||Frechet||_F=  7.3241E-19max|Frechet|=  9.6402E-24
Grad block   3 GRAD_SCALED MORM =   6.9393E-03
Gradient finished
Start LBFGS 
curvature (warm): s·y=  2.5005E-04  ||s||^2=  4.1236E-01  ||y||^2=  1.7367E-06  sTy_min=  8.4626E-05
LBFGS step: g·p = -3.8179E-02  ||p||=  3.4587E+01
LBFGS step: min(p)= -4.3818E+00  max(p)=  2.6643E+00
LBFGS p_k (unscaled) stats per active parameter:
  IA=  3  PAR={C13}  min=-9.83111E+09  max= 5.97773E+09  L2= 7.76000E+10
min(p_k)= -4.3818E+00  max(p_k)=  2.6643E+00  ||p_k||=  3.4587E+01
min(p_kf)= -4.3818E+00  max(p_kf)=  2.6643E+00  ||p_kf||=  1.3835E+02
p_k/p_kf  =   2.5000E-01
Start linesearch
MT entry: phi(0)=  2.1045E-02  dg0= -3.8179E-02  alpha0=  1.0000E+00
 UPDATEPARAMETER: f-scale only
UPDATEPARAMETER PAR_STEP min/max, V_STEP min/max = -9.7328695722E+09  1.2486623905E+10
 -9.7328695722E+09  1.2486623905E+10
 WD_amp= 6.08583E+13  RESID_RMS= 5.60210E-01  FCOST_DATA= 1.56918E-01  FCOST0= 1.56918E-01
  
 -------------- calculate Frechet derivatives -----------
 IFREQ =           3    ITERATION =           3
||Frechet||_F=  7.2445E-19max|Frechet|=  1.0641E-23
||Frechet||_F=  7.2445E-19max|Frechet|=  1.0641E-23
||Frechet||_F=  7.2445E-19max|Frechet|=  1.0641E-23
||Frechet||_F=  7.2445E-19max|Frechet|=  1.0641E-23
||Frechet||_F=  7.2445E-19max|Frechet|=  1.0641E-23
||Frechet||_F=  7.2445E-19max|Frechet|=  1.0641E-23
Grad block   3 GRAD_SCALED MORM =   4.5576E-02
MT try: alpha=  1.0000E+00  phi=  1.5692E-01  dg=  6.8436E-02  dg0= -3.8179E-02
MT try: armijo_rhs=  2.1041E-02  armijo=F  curvature=F  task=FG
 UPDATEPARAMETER: f-scale only
UPDATEPARAMETER PAR_STEP min/max, V_STEP min/max = -4.6978707527E+09  1.2252456228E+10
 -4.6978707527E+09  1.2252456228E+10
 WD_amp= 6.08583E+13  RESID_RMS= 1.91473E-01  FCOST_DATA= 1.83309E-02  FCOST0= 1.83309E-02
  
 -------------- calculate Frechet derivatives -----------
 IFREQ =           3    ITERATION =           3
||Frechet||_F=  7.2923E-19max|Frechet|=  9.6540E-24
||Frechet||_F=  7.2923E-19max|Frechet|=  9.6540E-24
||Frechet||_F=  7.2923E-19max|Frechet|=  9.6540E-24
||Frechet||_F=  7.2923E-19max|Frechet|=  9.6540E-24
||Frechet||_F=  7.2923E-19max|Frechet|=  9.6540E-24
||Frechet||_F=  7.2923E-19max|Frechet|=  9.6540E-24
Grad block   3 GRAD_SCALED MORM =   6.5715E-03
MT try: alpha=  4.7943E-02  phi=  1.8331E-02  dg= -1.5362E-02  dg0= -3.8179E-02
MT try: armijo_rhs=  2.1045E-02  armijo=T  curvature=T  task=FG
  
  
  
  
  
Convergence reached, updating parameter grid
ALPHA from line search =  .4794308492639202E-01
 FCOST0 after linesearch  1.833092809209071E-002
Norm of s (s_norm) =  1.658220114473793
  
Convergence check at iteration    3
  Relative cost decrease  =  1.2897E-01
  Relative model update   =  0.0000E+00
  Relative grad. norm     =  1.0104E+00
Time for LBFGS =  15.72485656738281 min
  
 Frequency:           3 Iteration:           4
t_global   =    300.810 s
  
 -------------- calculate Frechet derivatives -----------
 IFREQ =           3    ITERATION =           4
||Frechet||_F=  7.2923E-19max|Frechet|=  9.6540E-24
||Frechet||_F=  7.2923E-19max|Frechet|=  9.6540E-24
||Frechet||_F=  7.2923E-19max|Frechet|=  9.6540E-24
||Frechet||_F=  7.2923E-19max|Frechet|=  9.6540E-24
||Frechet||_F=  7.2923E-19max|Frechet|=  9.6540E-24
 
TIME for Frechet calc =  2.925428263346354 min
 
 
  compute the residual and the cost function
 WD_amp= 6.08583E+13  RESID_RMS= 1.91473E-01  FCOST_DATA= 1.83309E-02  FCOST0= 1.83309E-02
||Frechet||_F=  7.2923E-19max|Frechet|=  9.6540E-24
Grad block   3 GRAD_SCALED MORM =   6.5715E-03
Gradient finished
Start LBFGS 
curvature (warm): s·y=  1.0939E-03  ||s||^2=  2.7497E+00  ||y||^2=  4.8422E-06  sTy_min=  3.6489E-04
LBFGS step: g·p = -1.3147E-02  ||p||=  1.5400E+01
LBFGS step: min(p)= -2.5565E+00  max(p)=  1.0144E+00
LBFGS p_k (unscaled) stats per active parameter:
  IA=  3  PAR={C13}  min=-5.73587E+09  max= 2.27598E+09  L2= 3.45521E+10
min(p_k)= -2.5565E+00  max(p_k)=  1.0144E+00  ||p_k||=  1.5400E+01
min(p_kf)= -2.5565E+00  max(p_kf)=  1.0144E+00  ||p_kf||=  6.1601E+01
p_k/p_kf  =   2.5000E-01
Start linesearch
MT entry: phi(0)=  1.8331E-02  dg0= -1.3147E-02  alpha0=  1.0000E+00
 UPDATEPARAMETER: f-scale only
UPDATEPARAMETER PAR_STEP min/max, V_STEP min/max = -5.4128525934E+09  1.2229755451E+10
 -5.4128525934E+09  1.2229755451E+10
 WD_amp= 6.08583E+13  RESID_RMS= 3.97259E-01  FCOST_DATA= 7.89072E-02  FCOST0= 7.89072E-02
  
 -------------- calculate Frechet derivatives -----------
 IFREQ =           3    ITERATION =           4
||Frechet||_F=  7.3440E-19max|Frechet|=  9.5213E-24
||Frechet||_F=  7.3440E-19max|Frechet|=  9.5213E-24
||Frechet||_F=  7.3440E-19max|Frechet|=  9.5213E-24
||Frechet||_F=  7.3440E-19max|Frechet|=  9.5213E-24
||Frechet||_F=  7.3440E-19max|Frechet|=  9.5213E-24
||Frechet||_F=  7.3440E-19max|Frechet|=  9.5213E-24
Grad block   3 GRAD_SCALED MORM =   5.2508E-02
MT try: alpha=  1.0000E+00  phi=  7.8907E-02  dg=  7.9967E-02  dg0= -1.3147E-02
MT try: armijo_rhs=  1.8330E-02  armijo=F  curvature=F  task=FG
 UPDATEPARAMETER: f-scale only
UPDATEPARAMETER PAR_STEP min/max, V_STEP min/max = -4.7358586862E+09  1.2251250106E+10
 -4.7358586862E+09  1.2251250106E+10
 WD_amp= 6.08583E+13  RESID_RMS= 1.87499E-01  FCOST_DATA= 1.75778E-02  FCOST0= 1.75778E-02
  
 -------------- calculate Frechet derivatives -----------
 IFREQ =           3    ITERATION =           4
||Frechet||_F=  7.2902E-19max|Frechet|=  9.6416E-24
||Frechet||_F=  7.2902E-19max|Frechet|=  9.6416E-24
||Frechet||_F=  7.2902E-19max|Frechet|=  9.6416E-24
||Frechet||_F=  7.2902E-19max|Frechet|=  9.6416E-24
||Frechet||_F=  7.2902E-19max|Frechet|=  9.6416E-24
||Frechet||_F=  7.2902E-19max|Frechet|=  9.6416E-24
Grad block   3 GRAD_SCALED MORM =   5.6635E-03
MT try: alpha=  5.3131E-02  phi=  1.7578E-02  dg= -7.8256E-03  dg0= -1.3147E-02
MT try: armijo_rhs=  1.8331E-02  armijo=T  curvature=T  task=FG
  
  
  
Convergence reached, updating parameter grid
ALPHA from line search =  .5313132632265725E-01
 FCOST0 after linesearch  1.757784500823428E-002
Norm of s (s_norm) =  .8182370110246280
  
  
  
Convergence check at iteration    4
  Relative cost decrease  =  4.1083E-02
  Relative model update   =  0.0000E+00
  Relative grad. norm     =  6.1657E-01
Time for LBFGS =  15.64923706054688 min
  
 Frequency:           3 Iteration:           5
t_global   =    300.821 s
  
 -------------- calculate Frechet derivatives -----------
 IFREQ =           3    ITERATION =           5
||Frechet||_F=  7.2902E-19max|Frechet|=  9.6416E-24
||Frechet||_F=  7.2902E-19max|Frechet|=  9.6416E-24
||Frechet||_F=  7.2902E-19max|Frechet|=  9.6416E-24
||Frechet||_F=  7.2902E-19max|Frechet|=  9.6416E-24
 
TIME for Frechet calc =  2.893024953206380 min
 
 
  compute the residual and the cost function
 WD_amp= 6.08583E+13  RESID_RMS= 1.87499E-01  FCOST_DATA= 1.75778E-02  FCOST0= 1.75778E-02
||Frechet||_F=  7.2902E-19max|Frechet|=  9.6416E-24
||Frechet||_F=  7.2902E-19max|Frechet|=  9.6416E-24
Grad block   3 GRAD_SCALED MORM =   5.6635E-03
Gradient finished
Start LBFGS 
curvature (warm): s·y=  2.8276E-04  ||s||^2=  6.6951E-01  ||y||^2=  2.8101E-06  sTy_min=  1.3716E-04
LBFGS step: g·p = -7.5545E-03  ||p||=  1.1924E+01
LBFGS step: min(p)= -1.3066E+00  max(p)=  9.0589E-01
LBFGS p_k (unscaled) stats per active parameter:
  IA=  3  PAR={C13}  min=-2.93139E+09  max= 2.03245E+09  L2= 2.67531E+10
min(p_k)= -1.3066E+00  max(p_k)=  9.0589E-01  ||p_k||=  1.1924E+01
min(p_kf)= -1.3066E+00  max(p_kf)=  9.0589E-01  ||p_kf||=  4.7697E+01
p_k/p_kf  =   2.5000E-01
Start linesearch
MT entry: phi(0)=  1.7578E-02  dg0= -7.5545E-03  alpha0=  1.0000E+00
 UPDATEPARAMETER: f-scale only
UPDATEPARAMETER PAR_STEP min/max, V_STEP min/max = -5.3050581233E+09  1.2230689547E+10
 -5.3050581233E+09  1.2230689547E+10
 WD_amp= 6.08583E+13  RESID_RMS= 2.95725E-01  FCOST_DATA= 4.37266E-02  FCOST0= 4.37266E-02
  
 -------------- calculate Frechet derivatives -----------
 IFREQ =           3    ITERATION =           5
||Frechet||_F=  7.2658E-19max|Frechet|=  9.7661E-24
||Frechet||_F=  7.2658E-19max|Frechet|=  9.7661E-24
||Frechet||_F=  7.2658E-19max|Frechet|=  9.7661E-24
||Frechet||_F=  7.2658E-19max|Frechet|=  9.7661E-24
||Frechet||_F=  7.2658E-19max|Frechet|=  9.7661E-24
||Frechet||_F=  7.2658E-19max|Frechet|=  9.7661E-24
Grad block   3 GRAD_SCALED MORM =   2.4205E-02
MT try: alpha=  1.0000E+00  phi=  4.3727E-02  dg=  2.7165E-02  dg0= -7.5545E-03
MT try: armijo_rhs=  1.7577E-02  armijo=F  curvature=F  task=FG
 UPDATEPARAMETER: f-scale only
UPDATEPARAMETER PAR_STEP min/max, V_STEP min/max = -4.7697317587E+09  1.2250026547E+10
 -4.7697317587E+09  1.2250026547E+10
 WD_amp= 6.08583E+13  RESID_RMS= 1.85598E-01  FCOST_DATA= 1.72232E-02  FCOST0= 1.72232E-02
  
 -------------- calculate Frechet derivatives -----------
 IFREQ =           3    ITERATION =           5
||Frechet||_F=  7.2840E-19max|Frechet|=  9.6247E-24
||Frechet||_F=  7.2840E-19max|Frechet|=  9.6247E-24
||Frechet||_F=  7.2840E-19max|Frechet|=  9.6247E-24
||Frechet||_F=  7.2840E-19max|Frechet|=  9.6247E-24
||Frechet||_F=  7.2840E-19max|Frechet|=  9.6247E-24
||Frechet||_F=  7.2840E-19max|Frechet|=  9.6247E-24
Grad block   3 GRAD_SCALED MORM =   5.3829E-03
MT try: alpha=  5.9510E-02  phi=  1.7223E-02  dg= -5.5492E-03  dg0= -7.5545E-03
MT try: armijo_rhs=  1.7578E-02  armijo=T  curvature=T  task=FG
  
Convergence reached, updating parameter grid
ALPHA from line search =  .5951002467060861E-01
 FCOST0 after linesearch  1.722324077232643E-002
Norm of s (s_norm) =  .7096077388389900
  
  
  
  
  
Convergence check at iteration    5
  Relative cost decrease  =  2.0173E-02
  Relative model update   =  0.0000E+00
  Relative grad. norm     =  5.5360E-01
Time for LBFGS =  15.67335815429687 min
  
 Frequency:           3 Iteration:           6
t_global   =    300.722 s
  
 -------------- calculate Frechet derivatives -----------
 IFREQ =           3    ITERATION =           6
||Frechet||_F=  7.2840E-19max|Frechet|=  9.6247E-24
||Frechet||_F=  7.2840E-19max|Frechet|=  9.6247E-24
 
TIME for Frechet calc =  2.872586568196615 min
 
 
  compute the residual and the cost function
 WD_amp= 6.08583E+13  RESID_RMS= 1.85598E-01  FCOST_DATA= 1.72232E-02  FCOST0= 1.72232E-02
||Frechet||_F=  7.2840E-19max|Frechet|=  9.6247E-24
||Frechet||_F=  7.2840E-19max|Frechet|=  9.6247E-24
||Frechet||_F=  7.2840E-19max|Frechet|=  9.6247E-24
||Frechet||_F=  7.2840E-19max|Frechet|=  9.6247E-24
Grad block   3 GRAD_SCALED MORM =   5.3829E-03
Gradient finished
Start LBFGS 
curvature (warm): s·y=  1.1934E-04  ||s||^2=  5.0354E-01  ||y||^2=  7.5851E-07  sTy_min=  6.1801E-05
LBFGS step: g·p = -1.0830E-02  ||p||=  2.0460E+01
LBFGS step: min(p)= -1.9321E+00  max(p)=  1.6364E+00
LBFGS p_k (unscaled) stats per active parameter:
  IA=  3  PAR={C13}  min=-4.33477E+09  max= 3.67136E+09  L2= 4.59036E+10
min(p_k)= -1.9321E+00  max(p_k)=  1.6364E+00  ||p_k||=  2.0460E+01
min(p_kf)= -1.9321E+00  max(p_kf)=  1.6364E+00  ||p_kf||=  8.1839E+01
p_k/p_kf  =   2.5000E-01
Start linesearch
MT entry: phi(0)=  1.7223E-02  dg0= -1.0830E-02  alpha0=  1.0000E+00
 UPDATEPARAMETER: f-scale only
UPDATEPARAMETER PAR_STEP min/max, V_STEP min/max = -5.0752743113E+09  1.2424692011E+10
 -5.0752743113E+09  1.2424692011E+10
 WD_amp= 6.08583E+13  RESID_RMS= 4.79082E-01  FCOST_DATA= 1.14760E-01  FCOST0= 1.14760E-01
  
 -------------- calculate Frechet derivatives -----------
 IFREQ =           3    ITERATION =           6
||Frechet||_F=  7.5714E-19max|Frechet|=  9.6013E-24
||Frechet||_F=  7.5714E-19max|Frechet|=  9.6013E-24
||Frechet||_F=  7.5714E-19max|Frechet|=  9.6013E-24
||Frechet||_F=  7.5714E-19max|Frechet|=  9.6013E-24
||Frechet||_F=  7.5714E-19max|Frechet|=  9.6013E-24
||Frechet||_F=  7.5714E-19max|Frechet|=  9.6013E-24
Grad block   3 GRAD_SCALED MORM =   3.9885E-02
MT try: alpha=  1.0000E+00  phi=  1.1476E-01  dg=  8.5364E-02  dg0= -1.0830E-02
MT try: armijo_rhs=  1.7222E-02  armijo=F  curvature=F  task=FG
 UPDATEPARAMETER: f-scale only
UPDATEPARAMETER PAR_STEP min/max, V_STEP min/max = -4.7771002399E+09  1.2249083007E+10
 -4.7771002399E+09  1.2249083007E+10
 WD_amp= 6.08583E+13  RESID_RMS= 1.84276E-01  FCOST_DATA= 1.69788E-02  FCOST0= 1.69788E-02
  
 -------------- calculate Frechet derivatives -----------
 IFREQ =           3    ITERATION =           6
||Frechet||_F=  7.2856E-19max|Frechet|=  9.6232E-24
||Frechet||_F=  7.2856E-19max|Frechet|=  9.6232E-24
||Frechet||_F=  7.2856E-19max|Frechet|=  9.6232E-24
||Frechet||_F=  7.2856E-19max|Frechet|=  9.6232E-24
||Frechet||_F=  7.2856E-19max|Frechet|=  9.6232E-24
||Frechet||_F=  7.2856E-19max|Frechet|=  9.6232E-24
Grad block   3 GRAD_SCALED MORM =   5.2627E-03
MT try: alpha=  2.4116E-02  phi=  1.6979E-02  dg= -8.9943E-03  dg0= -1.0830E-02
MT try: armijo_rhs=  1.7223E-02  armijo=T  curvature=T  task=FG
  
  
  
Convergence reached, updating parameter grid
ALPHA from line search =  .2411605542718215E-01
 FCOST0 after linesearch  1.697879610306149E-002
Norm of s (s_norm) =  .4934093095132262
  
  
  
Convergence check at iteration    6
  Relative cost decrease  =  1.4193E-02
  Relative model update   =  0.0000E+00
  Relative grad. norm     =  4.9554E-01
Time for LBFGS =  15.52077534993490 min
  
 Frequency:           3 Iteration:           7
t_global   =    301.220 s
  
 -------------- calculate Frechet derivatives -----------
 IFREQ =           3    ITERATION =           7
||Frechet||_F=  7.2856E-19max|Frechet|=  9.6232E-24
||Frechet||_F=  7.2856E-19max|Frechet|=  9.6232E-24
||Frechet||_F=  7.2856E-19max|Frechet|=  9.6232E-24
||Frechet||_F=  7.2856E-19max|Frechet|=  9.6232E-24
 
TIME for Frechet calc =  2.955473327636719 min
 
 
  compute the residual and the cost function
 WD_amp= 6.08583E+13  RESID_RMS= 1.84276E-01  FCOST_DATA= 1.69788E-02  FCOST0= 1.69788E-02
||Frechet||_F=  7.2856E-19max|Frechet|=  9.6232E-24
||Frechet||_F=  7.2856E-19max|Frechet|=  9.6232E-24
Grad block   3 GRAD_SCALED MORM =   5.2627E-03
Gradient finished
Start LBFGS 
curvature (full): s·y=  4.4277E-05  ||s||^2=  2.4345E-01  ||y||^2=  2.3135E-07  sTy_min=  2.3732E-05
 
LBFGS step(full): g·p = -1.6286E-02  ||p||=  4.0561E+01
LBFGS step(full): min(p)= -4.0852E+00  max(p)=  3.2345E+00
LBFGS p_k (unscaled) stats per active parameter:
  IA=  3  PAR={C13}  min=-9.16557E+09  max= 7.25698E+09  L2= 9.10032E+10
min(p_k)= -4.0852E+00  max(p_k)=  3.2345E+00  ||p_k||=  4.0561E+01
min(p_kf)= -4.0852E+00  max(p_kf)=  3.2345E+00  ||p_kf||=  1.6224E+02
p_k/p_kf  =   2.5000E-01
Start linesearch
MT entry: phi(0)=  1.6979E-02  dg0= -1.6286E-02  alpha0=  1.0000E+00
 UPDATEPARAMETER: f-scale only
UPDATEPARAMETER PAR_STEP min/max, V_STEP min/max = -8.5749206823E+09  1.2982977273E+10
 -8.5749206823E+09  1.2982977273E+10
 WD_amp= 6.08583E+13  RESID_RMS= 6.29362E-01  FCOST_DATA= 1.98048E-01  FCOST0= 1.98048E-01
  
 -------------- calculate Frechet derivatives -----------
 IFREQ =           3    ITERATION =           7
||Frechet||_F=  8.4461E-19max|Frechet|=  3.0063E-23
||Frechet||_F=  8.4461E-19max|Frechet|=  3.0063E-23
||Frechet||_F=  8.4461E-19max|Frechet|=  3.0063E-23
||Frechet||_F=  8.4461E-19max|Frechet|=  3.0063E-23
||Frechet||_F=  8.4461E-19max|Frechet|=  3.0063E-23
||Frechet||_F=  8.4461E-19max|Frechet|=  3.0063E-23
Grad block   3 GRAD_SCALED MORM =   1.0468E-01
MT try: alpha=  1.0000E+00  phi=  1.9805E-01  dg=  4.5546E-01  dg0= -1.6286E-02
MT try: armijo_rhs=  1.6977E-02  armijo=F  curvature=F  task=FG
 UPDATEPARAMETER: f-scale only
UPDATEPARAMETER PAR_STEP min/max, V_STEP min/max = -4.7469921128E+09  1.2244936982E+10
 -4.7469921128E+09  1.2244936982E+10
 WD_amp= 6.08583E+13  RESID_RMS= 1.83096E-01  FCOST_DATA= 1.67621E-02  FCOST0= 1.67621E-02
  
 -------------- calculate Frechet derivatives -----------
 IFREQ =           3    ITERATION =           7
||Frechet||_F=  7.2834E-19max|Frechet|=  9.6043E-24
||Frechet||_F=  7.2834E-19max|Frechet|=  9.6043E-24
||Frechet||_F=  7.2834E-19max|Frechet|=  9.6043E-24
||Frechet||_F=  7.2834E-19max|Frechet|=  9.6043E-24
||Frechet||_F=  7.2834E-19max|Frechet|=  9.6043E-24
||Frechet||_F=  7.2834E-19max|Frechet|=  9.6043E-24
Grad block   3 GRAD_SCALED MORM =   5.7707E-03
MT try: alpha=  5.2518E-02  phi=  1.6762E-02  dg= -7.8780E-03  dg0= -1.6286E-02
MT try: armijo_rhs=  1.6979E-02  armijo=T  curvature=T  task=FG
  
  
  
Convergence reached, updating parameter grid
ALPHA from line search =  .5251779071973303E-01
 FCOST0 after linesearch  1.676205095700178E-002
  
Norm of s (s_norm) =  2.130186253780624
  
  
Convergence check at iteration    7
  Relative cost decrease  =  1.2766E-02
  Relative model update   =  0.0000E+00
  Relative grad. norm     =  9.1766E-01
Time for LBFGS =  15.79569498697917 min
 --------- Frequency   3.95000000000000       (band            1 )
[ComputeAcqWeight] empty acq_weight_file, using uniform weights = 1.0
Data weighting computed for frequency 4607182418800017373
XSRmin, XSRmax, ZSRmin, ZSRMax -1960.000000000000 .000000000000000 2050.000000000000 4030.000000000000
1 FKYC
1.2 FKYC
Data weighting computed for frequency 4607182418800017373
my_rank, FKYC,WLMAX, RMAX 0 .3237206343046874E-01 1296.906024010828 2786.036611389018
1.1 NK
NK in cky2= 55

  Number of wavenumber samples (NK) for FREQ =   55
Data weighting computed for frequency 4607182418800017373
Data weighting computed for frequency 4607182418800017373
  RMAX = 2786.04
Data weighting computed for frequency 4607182418800017373
Data weighting computed for frequency 4607182418800017373
--- Pre-solver preview (memory + RHS workload) ---
   GQG dims: NNX=       585  NNZ=       317  NPT=    185445
   DOF:     N=3*NPT =    556335
   Sources: NSR=       100  NSS=        20  NK=        55
   RHS total (per IK): nrhs_tot=3*NSS =        60
   Batch:    MAX_RHS_BATCH=        32  nbatches=         2
   GFMY  (GFX+GFY+GFZ):         13.679 GB
   RHS_MY(rhs+sol buffers):      0.531 GB
 
 running run_ik_loop_pardiso
before CA | VmRSS=  15.483 GB  VmHWM=  81.290 GB
after CA | VmRSS=  16.401 GB  VmHWM=  81.290 GB
after factor | VmRSS=  20.164 GB  VmHWM=  81.290 GB
f=     3.950 Hz | ky=  0.588583E-03 | IK=       1/      55 | t=   17.136700 s | CA=  2.5321 | fact= 12.7126 | GF=  1.8918 | solve=  1.7370 | scatter=  0.0527
f=     3.950 Hz | ky=  0.117717E-02 | IK=       2/      55 | t=    6.811400 s | CA=  2.5208 | fact=  2.4974 | GF=  1.7932 | solve=  1.6695 | scatter=  0.0516
f=     3.950 Hz | ky=  0.176575E-02 | IK=       3/      55 | t=    6.845600 s | CA=  2.5622 | fact=  2.4965 | GF=  1.7869 | solve=  1.6630 | scatter=  0.0517
f=     3.950 Hz | ky=  0.235433E-02 | IK=       4/      55 | t=    6.841300 s | CA=  2.5598 | fact=  2.4984 | GF=  1.7831 | solve=  1.6605 | scatter=  0.0508
f=     3.950 Hz | ky=  0.294291E-02 | IK=       5/      55 | t=    6.820800 s | CA=  2.5444 | fact=  2.4889 | GF=  1.7875 | solve=  1.6634 | scatter=  0.0521
f=     3.950 Hz | ky=  0.353150E-02 | IK=       6/      55 | t=    6.882200 s | CA=  2.5860 | fact=  2.4997 | GF=  1.7965 | solve=  1.6718 | scatter=  0.0526
f=     3.950 Hz | ky=  0.412008E-02 | IK=       7/      55 | t=    6.833600 s | CA=  2.5571 | fact=  2.4942 | GF=  1.7823 | solve=  1.6599 | scatter=  0.0506
f=     3.950 Hz | ky=  0.470866E-02 | IK=       8/      55 | t=    6.868900 s | CA=  2.5996 | fact=  2.4836 | GF=  1.7857 | solve=  1.6620 | scatter=  0.0517
f=     3.950 Hz | ky=  0.529725E-02 | IK=       9/      55 | t=    6.873800 s | CA=  2.5791 | fact=  2.5026 | GF=  1.7921 | solve=  1.6673 | scatter=  0.0528
f=     3.950 Hz | ky=  0.588583E-02 | IK=      10/      55 | t=    6.814300 s | CA=  2.5636 | fact=  2.4687 | GF=  1.7820 | solve=  1.6573 | scatter=  0.0522
PARDISO mem (f=  3.95 Hz): sym=  1.95 GB  perm=  1.42 GB  num=  3.22 GB  
peak=  4.64 GB
t_global   =    109.583 s
TIME for 1st forward modeling =  1.826296615600586  min
TIME for GT0 =  .5125000079472860E-02  min
Data scaler W for L2 norm: 62317002446034.46
Data scaler W for WQS norm: .3395193265742062E-312
Total number of active inversion parameters for current sequential stage (IM):          1
Total model blocks points (NM = IM * NBLOCK):      11534 on grid (NMM = IM * NPT):    185445
 Gradient balance ():   1.00000000000000        1.00000000000000     
   1.00000000000000        1.00000000000000        1.00000000000000     
   1.00000000000000        1.00000000000000        1.00000000000000     
   1.00000000000000        1.00000000000000        1.00000000000000     
 IE0, IZ          30           0
 IE0, IZ, GZ1, GZ2 =           30           0   100.000000000000     
   300.000000000000     
  
 Frequency:           4 Iteration:           1
--- Pre-solver preview (memory + RHS workload) ---
   GQG dims: NNX=       585  NNZ=       317  NPT=    185445
   DOF:     N=3*NPT =    556335
   Sources: NSR=       100  NSS=       100  NK=        55
   RHS total (per IK): nrhs_tot=3*NSS =       300
   Batch:    MAX_RHS_BATCH=        32  nbatches=        10
   GFMY  (GFX+GFY+GFZ):         68.393 GB
   RHS_MY(rhs+sol buffers):      0.531 GB
 
 running run_ik_loop_pardiso
before CA | VmRSS=  71.034 GB  VmHWM=  81.290 GB
after CA | VmRSS=  71.748 GB  VmHWM=  81.290 GB
after factor | VmRSS=  75.506 GB  VmHWM=  81.290 GB
f=     3.950 Hz | ky=  0.588583E-03 | IK=       1/      55 | t=   23.994600 s | CA=  2.4862 | fact= 12.6949 | GF=  8.8133 | solve=  8.1575 | scatter=  0.2545
f=     3.950 Hz | ky=  0.117717E-02 | IK=       2/      55 | t=   13.760800 s | CA=  2.5354 | fact=  2.4986 | GF=  8.7268 | solve=  8.1019 | scatter=  0.2542
f=     3.950 Hz | ky=  0.176575E-02 | IK=       3/      55 | t=   13.705200 s | CA=  2.5157 | fact=  2.4892 | GF=  8.7003 | solve=  8.0751 | scatter=  0.2545
f=     3.950 Hz | ky=  0.235433E-02 | IK=       4/      55 | t=   13.715500 s | CA=  2.5229 | fact=  2.4922 | GF=  8.7004 | solve=  8.0754 | scatter=  0.2540
f=     3.950 Hz | ky=  0.294291E-02 | IK=       5/      55 | t=   13.743900 s | CA=  2.5428 | fact=  2.5054 | GF=  8.6957 | solve=  8.0720 | scatter=  0.2529
f=     3.950 Hz | ky=  0.353150E-02 | IK=       6/      55 | t=   13.731300 s | CA=  2.5487 | fact=  2.4873 | GF=  8.6952 | solve=  8.0718 | scatter=  0.2519
f=     3.950 Hz | ky=  0.412008E-02 | IK=       7/      55 | t=   13.749700 s | CA=  2.5644 | fact=  2.4769 | GF=  8.7083 | solve=  8.0815 | scatter=  0.2548
f=     3.950 Hz | ky=  0.470866E-02 | IK=       8/      55 | t=   13.610300 s | CA=  2.5360 | fact=  2.5084 | GF=  8.5659 | solve=  7.9433 | scatter=  0.2516
f=     3.950 Hz | ky=  0.529725E-02 | IK=       9/      55 | t=   13.578500 s | CA=  2.4916 | fact=  2.5009 | GF=  8.5859 | solve=  7.9633 | scatter=  0.2522
f=     3.950 Hz | ky=  0.588583E-02 | IK=      10/      55 | t=   13.633000 s | CA=  2.5318 | fact=  2.5074 | GF=  8.5937 | solve=  7.9673 | scatter=  0.2554
PARDISO mem (f=  3.95 Hz): sym=  1.95 GB  perm=  1.42 GB  num=  3.22 GB  
peak=  4.64 GB
t_global   =    300.682 s
TIME for 2d forward modeling_i calc =  5.009366861979166 min
Rank    4 -> ID range:   3201 to   4000 | Tasks:    800
Rank    3 -> ID range:   2401 to   3200 | Tasks:    800
Rank    5 -> ID range:   4001 to   4800 | Tasks:    800
Rank    1 -> ID range:    801 to   1600 | Tasks:    800
Rank    2 -> ID range:   1601 to   2400 | Tasks:    800
  
 -------------- calculate Frechet derivatives -----------
 IFREQ =           4    ITERATION =           1
Frechet memory size Frec_my:      0.825 (Gb)
Rank    0 -> ID range:      1 to    800 | Tasks:    800
FREQ:      4.0 Hz, ITER=       1  Frechet Derivative ID=     100/    4800 Finished   0.191400 s
FREQ:      4.0 Hz, ITER=       1  Frechet Derivative ID=     200/    4800 Finished   0.207700 s
FREQ:      4.0 Hz, ITER=       1  Frechet Derivative ID=     300/    4800 Finished   0.187600 s
FREQ:      4.0 Hz, ITER=       1  Frechet Derivative ID=     400/    4800 Finished   0.178500 s
FREQ:      4.0 Hz, ITER=       1  Frechet Derivative ID=     500/    4800 Finished   0.190600 s
FREQ:      4.0 Hz, ITER=       1  Frechet Derivative ID=     600/    4800 Finished   0.188500 s
FREQ:      4.0 Hz, ITER=       1  Frechet Derivative ID=     700/    4800 Finished   0.186800 s
FREQ:      4.0 Hz, ITER=       1  Frechet Derivative ID=     800/    4800 Finished   0.185800 s
||Frechet||_F=  7.6526E-19max|Frechet|=  1.1356E-23
||Frechet||_F=  7.6526E-19max|Frechet|=  1.1356E-23
||Frechet||_F=  7.6526E-19max|Frechet|=  1.1356E-23
||Frechet||_F=  7.6526E-19max|Frechet|=  1.1356E-23
||Frechet||_F=  7.6526E-19max|Frechet|=  1.1356E-23
 
TIME for Frechet calc =  2.899238332112630 min
 
m_fine: min= -4.7470E+09  max=  1.2245E+10  mean=  8.0768E+09  ||.||2=  3.9359E+12  size=  185445
m_coarse_prev: min= -2.6542E+09  max=  1.2181E+10  mean=  8.0800E+09  ||.||2=  9.8155E+11  size=   11534
 
  compute the residual and the cost function
 WD_amp= 6.23170E+13  RESID_RMS= 2.13403E-01  FCOST_DATA= 2.27703E-02  FCOST0= 2.27703E-02
||Frechet||_F=  7.6526E-19max|Frechet|=  1.1356E-23
IA=  3  H(single F0) min= 0.00000E+00  max= 1.23165E-02
IA=  3  H(F0^2)     min= 0.00000E+00  max= 1.23165E-02
HESSD: ia=   3  min= 0.00000E+00  max= 1.62384E+04
IA=  3  H(single F0) min= 0.00000E+00  max= 1.23165E-02
IA=  3  H(F0^2)     min= 0.00000E+00  max= 1.23165E-02
HESSD: ia=   3  min= 0.00000E+00  max= 1.62384E+04
IA=  3  H(single F0) min= 0.00000E+00  max= 1.23165E-02
IA=  3  H(F0^2)     min= 0.00000E+00  max= 1.23165E-02
HESSD: ia=   3  min= 0.00000E+00  max= 1.62384E+04
IA=  3  H(single F0) min= 0.00000E+00  max= 1.23165E-02
IA=  3  H(F0^2)     min= 0.00000E+00  max= 1.23165E-02
HESSD: ia=   3  min= 0.00000E+00  max= 1.62384E+04
IA=  3  H(single F0) min= 0.00000E+00  max= 1.23165E-02
IA=  3  H(F0^2)     min= 0.00000E+00  max= 1.23165E-02
HESSD: ia=   3  min= 0.00000E+00  max= 1.62384E+04
IA=  3  H(single F0) min= 0.00000E+00  max= 1.23165E-02
IA=  3  H(F0^2)     min= 0.00000E+00  max= 1.23165E-02
HESSD: ia=   3  min= 0.00000E+00  max= 1.62384E+04
Grad block   3 GRAD_SCALED MORM =   8.3777E-03
Raw grad block  3  PAR={C13}  min= -4.7066E-13  max=  4.8634E-13  L2=  3.8782E-12
Gradient finished
Start LBFGS 
LBFGS steepest step , iter=      1
  g·p = -3.1441E-02  ||p|| =  1.2157E+01
  min(p)= -1.7640E+00  max(p)=  6.1354E-01
LBFGS p_k (unscaled) stats per active parameter:
  IA=  3  PAR={C13}  min=-3.95772E+09  max= 1.37654E+09  L2= 2.72749E+10
min(p_k)= -1.7640E+00  max(p_k)=  6.1354E-01  ||p_k||=  1.2157E+01
min(p_kf)= -1.7640E+00  max(p_kf)=  6.1354E-01  ||p_kf||=  4.8627E+01
p_k/p_kf  =   2.5000E-01
Start linesearch
BT entry: phi(0)=  2.2770E-02  g·p(0)= -3.1441E-02
 UPDATEPARAMETER: f-scale only
UPDATEPARAMETER PAR_STEP min/max, V_STEP min/max = -6.0404087415E+09  1.2259377670E+10
 -6.0404087415E+09  1.2259377670E+10
REL STEP elastic: k=  3 row=  3 rmax_k=  3.8040E+01 row_scale=  1.2245E+10
BT cap probe: rmax1=  3.8040E+01  alpha_cap=  1.3144E-02  alpha00=  1.0000E+00
 UPDATEPARAMETER: f-scale only
UPDATEPARAMETER PAR_STEP min/max, V_STEP min/max = -4.7639927553E+09  1.2245051799E+10
 -4.7639927553E+09  1.2245051799E+10
 running run_ik_loop_pardiso
before CA | VmRSS=  16.335 GB  VmHWM=  81.290 GB
after CA | VmRSS=  17.984 GB  VmHWM=  81.290 GB
after factor | VmRSS=  21.744 GB  VmHWM=  81.290 GB
f=     3.950 Hz | ky=  0.588583E-03 | IK=       1/      55 | t=   17.163800 s | CA=  2.5668 | fact= 12.7026 | GF=  1.8942 | solve=  1.7415 | scatter=  0.0509
f=     3.950 Hz | ky=  0.117717E-02 | IK=       2/      55 | t=    6.900500 s | CA=  2.6056 | fact=  2.4975 | GF=  1.7973 | solve=  1.6736 | scatter=  0.0517
f=     3.950 Hz | ky=  0.176575E-02 | IK=       3/      55 | t=    6.865300 s | CA=  2.5792 | fact=  2.4973 | GF=  1.7887 | solve=  1.6675 | scatter=  0.0493
f=     3.950 Hz | ky=  0.235433E-02 | IK=       4/      55 | t=    6.847600 s | CA=  2.5634 | fact=  2.4923 | GF=  1.7919 | solve=  1.6686 | scatter=  0.0511
f=     3.950 Hz | ky=  0.294291E-02 | IK=       5/      55 | t=    6.814000 s | CA=  2.5311 | fact=  2.4896 | GF=  1.7932 | solve=  1.6699 | scatter=  0.0514
f=     3.950 Hz | ky=  0.353150E-02 | IK=       6/      55 | t=    6.829600 s | CA=  2.5416 | fact=  2.4990 | GF=  1.7890 | solve=  1.6664 | scatter=  0.0506
f=     3.950 Hz | ky=  0.412008E-02 | IK=       7/      55 | t=    6.855800 s | CA=  2.5781 | fact=  2.4914 | GF=  1.7863 | solve=  1.6633 | scatter=  0.0510
f=     3.950 Hz | ky=  0.470866E-02 | IK=       8/      55 | t=    6.814600 s | CA=  2.5302 | fact=  2.5000 | GF=  1.7843 | solve=  1.6589 | scatter=  0.0530
f=     3.950 Hz | ky=  0.529725E-02 | IK=       9/      55 | t=    6.888200 s | CA=  2.5880 | fact=  2.5130 | GF=  1.7872 | solve=  1.6618 | scatter=  0.0535
f=     3.950 Hz | ky=  0.588583E-02 | IK=      10/      55 | t=    6.787600 s | CA=  2.5142 | fact=  2.4870 | GF=  1.7864 | solve=  1.6635 | scatter=  0.0509
PARDISO mem (f=  3.95 Hz): sym=  1.95 GB  perm=  1.42 GB  num=  3.22 GB  
peak=  4.64 GB
 WD_amp= 6.23170E+13  RESID_RMS= 2.10779E-01  FCOST_DATA= 2.22139E-02  FCOST0= 2.22139E-02
BT: alpha=  1.3144E-02  phi=  2.2214E-02  rhs=  2.2770E-02
  
  
  
  
  
Convergence reached, updating parameter grid
ALPHA from line search =  .1314398015603013E-01
 FCOST0 after linesearch  2.221394912486896E-002
Norm of s (s_norm) =  .1597885001542290
  
Time for LBFGS =  1.834340031941732 min
  
 Frequency:           4 Iteration:           2
t_global   =    298.928 s
  
 -------------- calculate Frechet derivatives -----------
 IFREQ =           4    ITERATION =           2
||Frechet||_F=  7.6455E-19max|Frechet|=  1.1357E-23
||Frechet||_F=  7.6455E-19max|Frechet|=  1.1357E-23
 
TIME for Frechet calc =  2.906418355305989 min
 
 
  compute the residual and the cost function
 WD_amp= 6.23170E+13  RESID_RMS= 2.10779E-01  FCOST_DATA= 2.22139E-02  FCOST0= 2.22139E-02
||Frechet||_F=  7.6455E-19max|Frechet|=  1.1357E-23
||Frechet||_F=  7.6455E-19max|Frechet|=  1.1357E-23
||Frechet||_F=  7.6455E-19max|Frechet|=  1.1357E-23
||Frechet||_F=  7.6455E-19max|Frechet|=  1.1357E-23
Grad block   3 GRAD_SCALED MORM =   7.6018E-03
Raw grad block  3  PAR={C13}  min= -4.4992E-13  max=  4.6820E-13  L2=  3.5155E-12
Gradient finished
Start LBFGS 
curvature (warm): s·y=  1.0742E-04  ||s||^2=  2.5532E-02  ||y||^2=  1.3653E-06  sTy_min=  1.8670E-05
LBFGS step: g·p = -1.5285E-02  ||p||=  1.2256E+01
LBFGS step: min(p)= -2.2309E+00  max(p)=  1.0286E+00
LBFGS p_k (unscaled) stats per active parameter:
  IA=  3  PAR={C13}  min=-5.00516E+09  max= 2.30774E+09  L2= 2.74980E+10
min(p_k)= -2.2309E+00  max(p_k)=  1.0286E+00  ||p_k||=  1.2256E+01
min(p_kf)= -2.2309E+00  max(p_kf)=  1.0286E+00  ||p_kf||=  4.9025E+01
p_k/p_kf  =   2.5000E-01
Start linesearch
MT entry: phi(0)=  2.2214E-02  dg0= -1.5285E-02  alpha0=  1.0000E+00
 UPDATEPARAMETER: f-scale only
UPDATEPARAMETER PAR_STEP min/max, V_STEP min/max = -6.2971675595E+09  1.2269170058E+10
 -6.2971675595E+09  1.2269170058E+10
 WD_amp= 6.23170E+13  RESID_RMS= 3.66770E-01  FCOST_DATA= 6.72601E-02  FCOST0= 6.72601E-02
  
 -------------- calculate Frechet derivatives -----------
 IFREQ =           4    ITERATION =           2
||Frechet||_F=  7.5758E-19max|Frechet|=  1.0719E-23
||Frechet||_F=  7.5758E-19max|Frechet|=  1.0719E-23
||Frechet||_F=  7.5758E-19max|Frechet|=  1.0719E-23
||Frechet||_F=  7.5758E-19max|Frechet|=  1.0719E-23
||Frechet||_F=  7.5758E-19max|Frechet|=  1.0719E-23
||Frechet||_F=  7.5758E-19max|Frechet|=  1.0719E-23
Grad block   3 GRAD_SCALED MORM =   4.2672E-02
MT try: alpha=  1.0000E+00  phi=  6.7260E-02  dg=  5.1865E-02  dg0= -1.5285E-02
MT try: armijo_rhs=  2.2212E-02  armijo=F  curvature=F  task=FG
 UPDATEPARAMETER: f-scale only
UPDATEPARAMETER PAR_STEP min/max, V_STEP min/max = -4.8529172348E+09  1.2245993142E+10
 -4.8529172348E+09  1.2245993142E+10
 WD_amp= 6.23170E+13  RESID_RMS= 2.06585E-01  FCOST_DATA= 2.13386E-02  FCOST0= 2.13386E-02
  
 -------------- calculate Frechet derivatives -----------
 IFREQ =           4    ITERATION =           2
||Frechet||_F=  7.6397E-19max|Frechet|=  1.1345E-23
||Frechet||_F=  7.6397E-19max|Frechet|=  1.1345E-23
||Frechet||_F=  7.6397E-19max|Frechet|=  1.1345E-23
||Frechet||_F=  7.6397E-19max|Frechet|=  1.1345E-23
||Frechet||_F=  7.6397E-19max|Frechet|=  1.1345E-23
||Frechet||_F=  7.6397E-19max|Frechet|=  1.1345E-23
Grad block   3 GRAD_SCALED MORM =   6.8757E-03
MT try: alpha=  7.0651E-02  phi=  2.1339E-02  dg= -9.6435E-03  dg0= -1.5285E-02
MT try: armijo_rhs=  2.2214E-02  armijo=T  curvature=T  task=FG
Convergence reached, updating parameter grid
ALPHA from line search =  .7065146529944107E-01
 FCOST0 after linesearch  2.133864590567706E-002
Norm of s (s_norm) =  .8659169654231795
  
  
  
  
  
  
Time for LBFGS =  15.73563130696615 min
  
 Frequency:           4 Iteration:           3
t_global   =    300.876 s
  
 -------------- calculate Frechet derivatives -----------
 IFREQ =           4    ITERATION =           3
||Frechet||_F=  7.6397E-19max|Frechet|=  1.1345E-23
||Frechet||_F=  7.6397E-19max|Frechet|=  1.1345E-23
||Frechet||_F=  7.6397E-19max|Frechet|=  1.1345E-23
 
TIME for Frechet calc =  2.861956787109375 min
 
 
  compute the residual and the cost function
 WD_amp= 6.23170E+13  RESID_RMS= 2.06585E-01  FCOST_DATA= 2.13386E-02  FCOST0= 2.13386E-02
||Frechet||_F=  7.6397E-19max|Frechet|=  1.1345E-23
||Frechet||_F=  7.6397E-19max|Frechet|=  1.1345E-23
||Frechet||_F=  7.6397E-19max|Frechet|=  1.1345E-23
Grad block   3 GRAD_SCALED MORM =   6.8757E-03
Gradient finished
Start LBFGS 
curvature (warm): s·y=  3.9859E-04  ||s||^2=  7.4981E-01  ||y||^2=  2.9599E-06  sTy_min=  1.4897E-04
LBFGS step: g·p = -1.4055E-02  ||p||=  1.5832E+01
LBFGS step: min(p)= -3.0278E+00  max(p)=  1.8358E+00
LBFGS p_k (unscaled) stats per active parameter:
  IA=  3  PAR={C13}  min=-6.79328E+09  max= 4.11881E+09  L2= 3.55206E+10
min(p_k)= -3.0278E+00  max(p_k)=  1.8358E+00  ||p_k||=  1.5832E+01
min(p_kf)= -3.0278E+00  max(p_kf)=  1.8358E+00  ||p_kf||=  6.3328E+01
p_k/p_kf  =   2.5000E-01
Start linesearch
MT entry: phi(0)=  2.1339E-02  dg0= -1.4055E-02  alpha0=  1.0000E+00
 UPDATEPARAMETER: f-scale only
UPDATEPARAMETER PAR_STEP min/max, V_STEP min/max = -8.1593376609E+09  1.2289401740E+10
 -8.1593376609E+09  1.2289401740E+10
 WD_amp= 6.23170E+13  RESID_RMS= 4.11959E-01  FCOST_DATA= 8.48550E-02  FCOST0= 8.48550E-02
  
 -------------- calculate Frechet derivatives -----------
 IFREQ =           4    ITERATION =           3
||Frechet||_F=  7.5058E-19max|Frechet|=  1.1233E-23
||Frechet||_F=  7.5058E-19max|Frechet|=  1.1233E-23
||Frechet||_F=  7.5058E-19max|Frechet|=  1.1233E-23
||Frechet||_F=  7.5058E-19max|Frechet|=  1.1233E-23
||Frechet||_F=  7.5058E-19max|Frechet|=  1.1233E-23
||Frechet||_F=  7.5058E-19max|Frechet|=  1.1233E-23
Grad block   3 GRAD_SCALED MORM =   3.3666E-02
MT try: alpha=  1.0000E+00  phi=  8.4855E-02  dg=  6.3095E-02  dg0= -1.4055E-02
MT try: armijo_rhs=  2.1337E-02  armijo=F  curvature=F  task=FG
 UPDATEPARAMETER: f-scale only
UPDATEPARAMETER PAR_STEP min/max, V_STEP min/max = -4.8803860223E+09  1.2247053432E+10
 -4.8803860223E+09  1.2247053432E+10
 WD_amp= 6.23170E+13  RESID_RMS= 2.02800E-01  FCOST_DATA= 2.05640E-02  FCOST0= 2.05640E-02
  
 -------------- calculate Frechet derivatives -----------
 IFREQ =           4    ITERATION =           3
||Frechet||_F=  7.6291E-19max|Frechet|=  1.1368E-23
||Frechet||_F=  7.6291E-19max|Frechet|=  1.1368E-23
||Frechet||_F=  7.6291E-19max|Frechet|=  1.1368E-23
||Frechet||_F=  7.6291E-19max|Frechet|=  1.1368E-23
||Frechet||_F=  7.6291E-19max|Frechet|=  1.1368E-23
||Frechet||_F=  7.6291E-19max|Frechet|=  1.1368E-23
Grad block   3 GRAD_SCALED MORM =   6.4434E-03
MT try: alpha=  4.6823E-02  phi=  2.0564E-02  dg= -1.1111E-02  dg0= -1.4055E-02
MT try: armijo_rhs=  2.1339E-02  armijo=T  curvature=T  task=FG
  
  
  
  
Convergence reached, updating parameter grid
ALPHA from line search =  .4682286770401655E-01
 FCOST0 after linesearch  2.056399393667286E-002
Norm of s (s_norm) =  .7412969428271294
  
  
Convergence check at iteration    3
  Relative cost decrease  =  3.6303E-02
  Relative model update   =  0.0000E+00
  Relative grad. norm     =  6.4123E-01
Time for LBFGS =  15.65120849609375 min
  
 Frequency:           4 Iteration:           4
t_global   =    301.428 s
  
 -------------- calculate Frechet derivatives -----------
 IFREQ =           4    ITERATION =           4
||Frechet||_F=  7.6291E-19max|Frechet|=  1.1368E-23
||Frechet||_F=  7.6291E-19max|Frechet|=  1.1368E-23
||Frechet||_F=  7.6291E-19max|Frechet|=  1.1368E-23
||Frechet||_F=  7.6291E-19max|Frechet|=  1.1368E-23
||Frechet||_F=  7.6291E-19max|Frechet|=  1.1368E-23
 
TIME for Frechet calc =  2.893096669514974 min
 
 
  compute the residual and the cost function
 WD_amp= 6.23170E+13  RESID_RMS= 2.02800E-01  FCOST_DATA= 2.05640E-02  FCOST0= 2.05640E-02
||Frechet||_F=  7.6291E-19max|Frechet|=  1.1368E-23
Grad block   3 GRAD_SCALED MORM =   6.4434E-03
Gradient finished
Start LBFGS 
curvature (warm): s·y=  1.3783E-04  ||s||^2=  5.4952E-01  ||y||^2=  1.4109E-06  sTy_min=  8.8052E-05
LBFGS step: g·p = -2.7160E-02  ||p||=  3.4725E+01
LBFGS step: min(p)= -7.0226E+00  max(p)=  4.0297E+00
LBFGS p_k (unscaled) stats per active parameter:
  IA=  3  PAR={C13}  min=-1.57559E+10  max= 9.04106E+09  L2= 7.79082E+10
min(p_k)= -7.0226E+00  max(p_k)=  4.0297E+00  ||p_k||=  3.4725E+01
min(p_kf)= -7.0226E+00  max(p_kf)=  4.0297E+00  ||p_kf||=  1.3890E+02
p_k/p_kf  =   2.5000E-01
Start linesearch
MT entry: phi(0)=  2.0564E-02  dg0= -2.7160E-02  alpha0=  1.0000E+00
 UPDATEPARAMETER: f-scale only
UPDATEPARAMETER PAR_STEP min/max, V_STEP min/max = -1.5702786348E+10  1.2380014585E+10
 -1.5702786348E+10  1.2380014585E+10
 WD_amp= 6.23170E+13  RESID_RMS= 5.22319E-01  FCOST_DATA= 1.36408E-01  FCOST0= 1.36408E-01
  
 -------------- calculate Frechet derivatives -----------
 IFREQ =           4    ITERATION =           4
||Frechet||_F=  7.8436E-19max|Frechet|=  1.9440E-23
||Frechet||_F=  7.8436E-19max|Frechet|=  1.9440E-23
||Frechet||_F=  7.8436E-19max|Frechet|=  1.9440E-23
||Frechet||_F=  7.8436E-19max|Frechet|=  1.9440E-23
||Frechet||_F=  7.8436E-19max|Frechet|=  1.9440E-23
||Frechet||_F=  7.8436E-19max|Frechet|=  1.9440E-23
Grad block   3 GRAD_SCALED MORM =   4.7028E-02
MT try: alpha=  1.0000E+00  phi=  1.3641E-01  dg=  1.1778E-01  dg0= -2.7160E-02
MT try: armijo_rhs=  2.0561E-02  armijo=F  curvature=F  task=FG
 UPDATEPARAMETER: f-scale only
UPDATEPARAMETER PAR_STEP min/max, V_STEP min/max = -4.9104774412E+09  1.2249543515E+10
 -4.9104774412E+09  1.2249543515E+10
 WD_amp= 6.23170E+13  RESID_RMS= 1.96465E-01  FCOST_DATA= 1.92993E-02  FCOST0= 1.92993E-02
  
 -------------- calculate Frechet derivatives -----------
 IFREQ =           4    ITERATION =           4
||Frechet||_F=  7.6218E-19max|Frechet|=  1.1431E-23
||Frechet||_F=  7.6218E-19max|Frechet|=  1.1431E-23
||Frechet||_F=  7.6218E-19max|Frechet|=  1.1431E-23
||Frechet||_F=  7.6218E-19max|Frechet|=  1.1431E-23
||Frechet||_F=  7.6218E-19max|Frechet|=  1.1431E-23
||Frechet||_F=  7.6218E-19max|Frechet|=  1.1431E-23
Grad block   3 GRAD_SCALED MORM =   5.9692E-03
MT try: alpha=  4.9640E-02  phi=  1.9299E-02  dg= -2.0091E-02  dg0= -2.7160E-02
MT try: armijo_rhs=  2.0564E-02  armijo=T  curvature=T  task=FG
  
  
  
  
Convergence reached, updating parameter grid
ALPHA from line search =  .4963968785491568E-01
 FCOST0 after linesearch  1.929928056905486E-002
Norm of s (s_norm) =  1.723720239782540
  
  
Convergence check at iteration    4
  Relative cost decrease  =  6.1501E-02
  Relative model update   =  0.0000E+00
  Relative grad. norm     =  5.4632E-01
Time for LBFGS =  15.60923461914063 min
  
 Frequency:           4 Iteration:           5
t_global   =    300.940 s
  
 -------------- calculate Frechet derivatives -----------
 IFREQ =           4    ITERATION =           5
||Frechet||_F=  7.6218E-19max|Frechet|=  1.1431E-23
||Frechet||_F=  7.6218E-19max|Frechet|=  1.1431E-23
||Frechet||_F=  7.6218E-19max|Frechet|=  1.1431E-23
||Frechet||_F=  7.6218E-19max|Frechet|=  1.1431E-23
 
TIME for Frechet calc =  2.888401540120443 min
 
 
  compute the residual and the cost function
 WD_amp= 6.23170E+13  RESID_RMS= 1.96465E-01  FCOST_DATA= 1.92993E-02  FCOST0= 1.92993E-02
||Frechet||_F=  7.6218E-19max|Frechet|=  1.1431E-23
||Frechet||_F=  7.6218E-19max|Frechet|=  1.1431E-23
Grad block   3 GRAD_SCALED MORM =   5.9692E-03
Gradient finished
Start LBFGS 
curvature (warm): s·y=  3.5088E-04  ||s||^2=  2.9712E+00  ||y||^2=  1.5273E-06  sTy_min=  2.1303E-04
LBFGS step: g·p = -2.1305E-02  ||p||=  3.1405E+01
LBFGS step: min(p)= -6.8926E+00  max(p)=  2.8911E+00
LBFGS p_k (unscaled) stats per active parameter:
  IA=  3  PAR={C13}  min=-1.54641E+10  max= 6.48641E+09  L2= 7.04605E+10
min(p_k)= -6.8926E+00  max(p_k)=  2.8911E+00  ||p_k||=  3.1405E+01
min(p_kf)= -6.8926E+00  max(p_kf)=  2.8911E+00  ||p_kf||=  1.2562E+02
p_k/p_kf  =   2.5000E-01
Start linesearch
MT entry: phi(0)=  1.9299E-02  dg0= -2.1305E-02  alpha0=  1.0000E+00
 UPDATEPARAMETER: f-scale only
UPDATEPARAMETER PAR_STEP min/max, V_STEP min/max = -1.5733808718E+10  1.2378843175E+10
 -1.5733808718E+10  1.2378843175E+10
 WD_amp= 6.23170E+13  RESID_RMS= 4.86602E-01  FCOST_DATA= 1.18391E-01  FCOST0= 1.18391E-01
  
 -------------- calculate Frechet derivatives -----------
 IFREQ =           4    ITERATION =           5
||Frechet||_F=  7.8108E-19max|Frechet|=  1.7279E-23
||Frechet||_F=  7.8108E-19max|Frechet|=  1.7279E-23
||Frechet||_F=  7.8108E-19max|Frechet|=  1.7279E-23
||Frechet||_F=  7.8108E-19max|Frechet|=  1.7279E-23
||Frechet||_F=  7.8108E-19max|Frechet|=  1.7279E-23
||Frechet||_F=  7.8108E-19max|Frechet|=  1.7279E-23
Grad block   3 GRAD_SCALED MORM =   4.0671E-02
MT try: alpha=  1.0000E+00  phi=  1.1839E-01  dg= -1.0553E-03  dg0= -2.1305E-02
MT try: armijo_rhs=  1.9297E-02  armijo=F  curvature=T  task=FG
 UPDATEPARAMETER: f-scale only
UPDATEPARAMETER PAR_STEP min/max, V_STEP min/max = -4.9573013130E+09  1.2252718926E+10
 -4.9573013130E+09  1.2252718926E+10
 WD_amp= 6.23170E+13  RESID_RMS= 1.94730E-01  FCOST_DATA= 1.89600E-02  FCOST0= 1.89600E-02
  
 -------------- calculate Frechet derivatives -----------
 IFREQ =           4    ITERATION =           5
||Frechet||_F=  7.6107E-19max|Frechet|=  1.1437E-23
||Frechet||_F=  7.6107E-19max|Frechet|=  1.1437E-23
||Frechet||_F=  7.6107E-19max|Frechet|=  1.1437E-23
||Frechet||_F=  7.6107E-19max|Frechet|=  1.1437E-23
||Frechet||_F=  7.6107E-19max|Frechet|=  1.1437E-23
||Frechet||_F=  7.6107E-19max|Frechet|=  1.1437E-23
Grad block   3 GRAD_SCALED MORM =   5.4622E-03
MT try: alpha=  3.2254E-02  phi=  1.8960E-02  dg= -1.4871E-02  dg0= -2.1305E-02
MT try: armijo_rhs=  1.9299E-02  armijo=T  curvature=T  task=FG
  
  
  
Convergence reached, updating parameter grid
ALPHA from line search =  .3225424144346824E-01
 FCOST0 after linesearch  1.895995791899907E-002
Norm of s (s_norm) =  1.012948577599489
  
  
  
Convergence check at iteration    5
  Relative cost decrease  =  1.7582E-02
  Relative model update   =  0.0000E+00
  Relative grad. norm     =  4.5748E-01
Time for LBFGS =  15.76701049804688 min
  
 Frequency:           4 Iteration:           6
t_global   =    301.088 s
  
 -------------- calculate Frechet derivatives -----------
 IFREQ =           4    ITERATION =           6
||Frechet||_F=  7.6107E-19max|Frechet|=  1.1437E-23
||Frechet||_F=  7.6107E-19max|Frechet|=  1.1437E-23
||Frechet||_F=  7.6107E-19max|Frechet|=  1.1437E-23
 
TIME for Frechet calc =  2.926858266194662 min
 
 
  compute the residual and the cost function
 WD_amp= 6.23170E+13  RESID_RMS= 1.94730E-01  FCOST_DATA= 1.89600E-02  FCOST0= 1.89600E-02
||Frechet||_F=  7.6107E-19max|Frechet|=  1.1437E-23
||Frechet||_F=  7.6107E-19max|Frechet|=  1.1437E-23
||Frechet||_F=  7.6107E-19max|Frechet|=  1.1437E-23
Grad block   3 GRAD_SCALED MORM =   5.4622E-03
Gradient finished
Start LBFGS 
curvature (warm): s·y=  2.0754E-04  ||s||^2=  1.0261E+00  ||y||^2=  1.3698E-06  sTy_min=  1.1855E-04
LBFGS step: g·p = -1.8464E-02  ||p||=  3.0787E+01
LBFGS step: min(p)= -6.1169E+00  max(p)=  2.8913E+00
LBFGS p_k (unscaled) stats per active parameter:
  IA=  3  PAR={C13}  min=-1.37239E+10  max= 6.48690E+09  L2= 6.90747E+10
min(p_k)= -6.1169E+00  max(p_k)=  2.8913E+00  ||p_k||=  3.0787E+01
min(p_kf)= -6.1169E+00  max(p_kf)=  2.8913E+00  ||p_kf||=  1.2315E+02
p_k/p_kf  =   2.5000E-01
Start linesearch
MT entry: phi(0)=  1.8960E-02  dg0= -1.8464E-02  alpha0=  1.0000E+00
 UPDATEPARAMETER: f-scale only
UPDATEPARAMETER PAR_STEP min/max, V_STEP min/max = -1.5360221691E+10  1.2394565254E+10
 -1.5360221691E+10  1.2394565254E+10
 WD_amp= 6.23170E+13  RESID_RMS= 5.13296E-01  FCOST_DATA= 1.31736E-01  FCOST0= 1.31736E-01
  
 -------------- calculate Frechet derivatives -----------
 IFREQ =           4    ITERATION =           6
||Frechet||_F=  8.0231E-19max|Frechet|=  1.7761E-23
||Frechet||_F=  8.0231E-19max|Frechet|=  1.7761E-23
||Frechet||_F=  8.0231E-19max|Frechet|=  1.7761E-23
||Frechet||_F=  8.0231E-19max|Frechet|=  1.7761E-23
||Frechet||_F=  8.0231E-19max|Frechet|=  1.7761E-23
||Frechet||_F=  8.0231E-19max|Frechet|=  1.7761E-23
Grad block   3 GRAD_SCALED MORM =   3.8719E-02
MT try: alpha=  1.0000E+00  phi=  1.3174E-01  dg=  6.3194E-02  dg0= -1.8464E-02
MT try: armijo_rhs=  1.8958E-02  armijo=F  curvature=F  task=FG
 UPDATEPARAMETER: f-scale only
UPDATEPARAMETER PAR_STEP min/max, V_STEP min/max = -4.9974633726E+09  1.2255793790E+10
 -4.9974633726E+09  1.2255793790E+10
 WD_amp= 6.23170E+13  RESID_RMS= 1.93080E-01  FCOST_DATA= 1.86399E-02  FCOST0= 1.86399E-02
  
 -------------- calculate Frechet derivatives -----------
 IFREQ =           4    ITERATION =           6
||Frechet||_F=  7.6104E-19max|Frechet|=  1.1452E-23
||Frechet||_F=  7.6104E-19max|Frechet|=  1.1452E-23
||Frechet||_F=  7.6104E-19max|Frechet|=  1.1452E-23
||Frechet||_F=  7.6104E-19max|Frechet|=  1.1452E-23
||Frechet||_F=  7.6104E-19max|Frechet|=  1.1452E-23
||Frechet||_F=  7.6104E-19max|Frechet|=  1.1452E-23
Grad block   3 GRAD_SCALED MORM =   5.2032E-03
MT try: alpha=  3.0386E-02  phi=  1.8640E-02  dg= -1.4537E-02  dg0= -1.8464E-02
MT try: armijo_rhs=  1.8960E-02  armijo=T  curvature=T  task=FG
  
  
  
Convergence reached, updating parameter grid
ALPHA from line search =  .3038586318165715E-01
 FCOST0 after linesearch  1.863994475926701E-002
Norm of s (s_norm) =  .9355036309307432
  
  
  
Convergence check at iteration    6
  Relative cost decrease  =  1.6878E-02
  Relative model update   =  0.0000E+00
  Relative grad. norm     =  3.5924E-01
Time for LBFGS =  15.66906331380208 min
  
 Frequency:           4 Iteration:           7
t_global   =    300.659 s
  
 -------------- calculate Frechet derivatives -----------
 IFREQ =           4    ITERATION =           7
||Frechet||_F=  7.6104E-19max|Frechet|=  1.1452E-23
||Frechet||_F=  7.6104E-19max|Frechet|=  1.1452E-23
||Frechet||_F=  7.6104E-19max|Frechet|=  1.1452E-23
||Frechet||_F=  7.6104E-19max|Frechet|=  1.1452E-23
||Frechet||_F=  7.6104E-19max|Frechet|=  1.1452E-23
||Frechet||_F=  7.6104E-19max|Frechet|=  1.1452E-23
 
TIME for Frechet calc =  2.901559956868490 min
 
 
  compute the residual and the cost function
 WD_amp= 6.23170E+13  RESID_RMS= 1.93080E-01  FCOST_DATA= 1.86399E-02  FCOST0= 1.86399E-02
Grad block   3 GRAD_SCALED MORM =   5.2032E-03
Gradient finished
Start LBFGS 
curvature (full): s·y=  1.1932E-04  ||s||^2=  8.7517E-01  ||y||^2=  8.2754E-07  sTy_min=  8.5102E-05
 
LBFGS step(full): g·p = -1.7301E-02  ||p||=  3.7220E+01
LBFGS step(full): min(p)= -7.1010E+00  max(p)=  3.7118E+00
LBFGS p_k (unscaled) stats per active parameter:
  IA=  3  PAR={C13}  min=-1.59319E+10  max= 8.32780E+09  L2= 8.35059E+10
min(p_k)= -7.1010E+00  max(p_k)=  3.7118E+00  ||p_k||=  3.7220E+01
min(p_kf)= -7.1010E+00  max(p_kf)=  3.7118E+00  ||p_kf||=  1.4888E+02
p_k/p_kf  =   2.5000E-01
Start linesearch
MT entry: phi(0)=  1.8640E-02  dg0= -1.7301E-02  alpha0=  1.0000E+00
 UPDATEPARAMETER: f-scale only
UPDATEPARAMETER PAR_STEP min/max, V_STEP min/max = -1.7482781832E+10  1.2779129238E+10
 -1.7482781832E+10  1.2779129238E+10
 WD_amp= 6.23170E+13  RESID_RMS= 5.96069E-01  FCOST_DATA= 1.77649E-01  FCOST0= 1.77649E-01
  
 -------------- calculate Frechet derivatives -----------
 IFREQ =           4    ITERATION =           7
||Frechet||_F=  8.1337E-19max|Frechet|=  1.4468E-23
||Frechet||_F=  8.1337E-19max|Frechet|=  1.4468E-23
||Frechet||_F=  8.1337E-19max|Frechet|=  1.4468E-23
||Frechet||_F=  8.1337E-19max|Frechet|=  1.4468E-23
||Frechet||_F=  8.1337E-19max|Frechet|=  1.4468E-23
||Frechet||_F=  8.1337E-19max|Frechet|=  1.4468E-23
Grad block   3 GRAD_SCALED MORM =   5.2532E-02
MT try: alpha=  1.0000E+00  phi=  1.7765E-01  dg=  1.1110E-01  dg0= -1.7301E-02
MT try: armijo_rhs=  1.8638E-02  armijo=F  curvature=F  task=FG
 UPDATEPARAMETER: f-scale only
UPDATEPARAMETER PAR_STEP min/max, V_STEP min/max = -5.0174776811E+09  1.2258585566E+10
 -5.0174776811E+09  1.2258585566E+10
 WD_amp= 6.23170E+13  RESID_RMS= 1.92705E-01  FCOST_DATA= 1.85677E-02  FCOST0= 1.85677E-02
  
 -------------- calculate Frechet derivatives -----------
 IFREQ =           4    ITERATION =           7
||Frechet||_F=  7.6108E-19max|Frechet|=  1.1466E-23
||Frechet||_F=  7.6108E-19max|Frechet|=  1.1466E-23
||Frechet||_F=  7.6108E-19max|Frechet|=  1.1466E-23
||Frechet||_F=  7.6108E-19max|Frechet|=  1.1466E-23
||Frechet||_F=  7.6108E-19max|Frechet|=  1.1466E-23
||Frechet||_F=  7.6108E-19max|Frechet|=  1.1466E-23
Grad block   3 GRAD_SCALED MORM =   5.3317E-03
MT try: alpha=  2.2004E-02  phi=  1.8568E-02  dg= -1.3862E-02  dg0= -1.7301E-02
MT try: armijo_rhs=  1.8640E-02  armijo=T  curvature=T  task=FG
  
  
  
Convergence reached, updating parameter grid
ALPHA from line search =  .2200393372047491E-01
 FCOST0 after linesearch  1.856766862291308E-002
Norm of s (s_norm) =  .8189774715406414
  
  
  
Convergence check at iteration    7
  Relative cost decrease  =  3.8775E-03
  Relative model update   =  0.0000E+00
  Relative grad. norm     =  4.7230E-01
Time for LBFGS =  15.73227539062500 min
 --------- Frequency   4.35000000000000       (band            1 )
[ComputeAcqWeight] empty acq_weight_file, using uniform weights = 1.0
Data weighting computed for frequency 4607182418800017373
Data weighting computed for frequency 4607182418800017373
XSRmin, XSRmax, ZSRmin, ZSRMax -1960.000000000000 .000000000000000 2050.000000000000 4030.000000000000
Data weighting computed for frequency 4607182418800017373
Data weighting computed for frequency 4607182418800017373
1 FKYC
1.2 FKYC
my_rank, FKYC,WLMAX, RMAX 0 .3565024706899721E-01 1177.650297665005 2786.036611389018
1.1 NK
NK in cky2= 55
Data weighting computed for frequency 4607182418800017373
Data weighting computed for frequency 4607182418800017373

  Number of wavenumber samples (NK) for FREQ =   55
  RMAX = 2786.04
--- Pre-solver preview (memory + RHS workload) ---
   GQG dims: NNX=       585  NNZ=       317  NPT=    185445
   DOF:     N=3*NPT =    556335
   Sources: NSR=       100  NSS=        20  NK=        55
   RHS total (per IK): nrhs_tot=3*NSS =        60
   Batch:    MAX_RHS_BATCH=        32  nbatches=         2
   GFMY  (GFX+GFY+GFZ):         13.679 GB
   RHS_MY(rhs+sol buffers):      0.531 GB
 
 running run_ik_loop_pardiso
before CA | VmRSS=  15.469 GB  VmHWM=  81.290 GB
after CA | VmRSS=  16.119 GB  VmHWM=  81.290 GB
after factor | VmRSS=  19.881 GB  VmHWM=  81.290 GB
f=     4.350 Hz | ky=  0.648186E-03 | IK=       1/      55 | t=   17.144400 s | CA=  2.5266 | fact= 12.7215 | GF=  1.8961 | solve=  1.7415 | scatter=  0.0526
f=     4.350 Hz | ky=  0.129637E-02 | IK=       2/      55 | t=    6.827800 s | CA=  2.5652 | fact=  2.5029 | GF=  1.7597 | solve=  1.6365 | scatter=  0.0511
f=     4.350 Hz | ky=  0.194456E-02 | IK=       3/      55 | t=    6.833400 s | CA=  2.6110 | fact=  2.4937 | GF=  1.7286 | solve=  1.6035 | scatter=  0.0526
f=     4.350 Hz | ky=  0.259275E-02 | IK=       4/      55 | t=    6.787500 s | CA=  2.5464 | fact=  2.5121 | GF=  1.7289 | solve=  1.6045 | scatter=  0.0521
f=     4.350 Hz | ky=  0.324093E-02 | IK=       5/      55 | t=    6.847400 s | CA=  2.6349 | fact=  2.4911 | GF=  1.7213 | solve=  1.5976 | scatter=  0.0518
f=     4.350 Hz | ky=  0.388912E-02 | IK=       6/      55 | t=    6.743500 s | CA=  2.5425 | fact=  2.4707 | GF=  1.7303 | solve=  1.6066 | scatter=  0.0515
f=     4.350 Hz | ky=  0.453730E-02 | IK=       7/      55 | t=    6.764200 s | CA=  2.5300 | fact=  2.5044 | GF=  1.7298 | solve=  1.6044 | scatter=  0.0532
f=     4.350 Hz | ky=  0.518549E-02 | IK=       8/      55 | t=    6.697000 s | CA=  2.5173 | fact=  2.4537 | GF=  1.7260 | solve=  1.6004 | scatter=  0.0536
f=     4.350 Hz | ky=  0.583368E-02 | IK=       9/      55 | t=    6.763900 s | CA=  2.5405 | fact=  2.4960 | GF=  1.7273 | solve=  1.6037 | scatter=  0.0518
f=     4.350 Hz | ky=  0.648186E-02 | IK=      10/      55 | t=    6.794200 s | CA=  2.5718 | fact=  2.4919 | GF=  1.7305 | solve=  1.6089 | scatter=  0.0497
PARDISO mem (f=  4.35 Hz): sym=  1.95 GB  perm=  1.42 GB  num=  3.22 GB  
peak=  4.64 GB
t_global   =    109.061 s
TIME for 1st forward modeling =  1.817676671346029  min
TIME for GT0 =  .4930000007152558E-02  min
Data scaler W for L2 norm: 62429757634369.36
Data scaler W for WQS norm: .3395193265742062E-312
Total number of active inversion parameters for current sequential stage (IM):          1
Total model blocks points (NM = IM * NBLOCK):      11534 on grid (NMM = IM * NPT):    185445
 Gradient balance ():   1.00000000000000        1.00000000000000     
   1.00000000000000        1.00000000000000        1.00000000000000     
   1.00000000000000        1.00000000000000        1.00000000000000     
   1.00000000000000        1.00000000000000        1.00000000000000     
 IE0, IZ          30           0
 IE0, IZ, GZ1, GZ2 =           30           0   100.000000000000     
   300.000000000000     
  
 Frequency:           5 Iteration:           1
--- Pre-solver preview (memory + RHS workload) ---
   GQG dims: NNX=       585  NNZ=       317  NPT=    185445
   DOF:     N=3*NPT =    556335
   Sources: NSR=       100  NSS=       100  NK=        55
   RHS total (per IK): nrhs_tot=3*NSS =       300
   Batch:    MAX_RHS_BATCH=        32  nbatches=        10
   GFMY  (GFX+GFY+GFZ):         68.393 GB
   RHS_MY(rhs+sol buffers):      0.531 GB
 
 running run_ik_loop_pardiso
before CA | VmRSS=  71.036 GB  VmHWM=  81.290 GB
after CA | VmRSS=  72.761 GB  VmHWM=  81.290 GB
after factor | VmRSS=  76.515 GB  VmHWM=  81.290 GB
f=     4.350 Hz | ky=  0.648186E-03 | IK=       1/      55 | t=   24.048500 s | CA=  2.5156 | fact= 12.7078 | GF=  8.8249 | solve=  8.1699 | scatter=  0.2531
f=     4.350 Hz | ky=  0.129637E-02 | IK=       2/      55 | t=   13.732800 s | CA=  2.5325 | fact=  2.4952 | GF=  8.7051 | solve=  8.0813 | scatter=  0.2530
f=     4.350 Hz | ky=  0.194456E-02 | IK=       3/      55 | t=   13.786000 s | CA=  2.5806 | fact=  2.4910 | GF=  8.7144 | solve=  8.0869 | scatter=  0.2566
f=     4.350 Hz | ky=  0.259275E-02 | IK=       4/      55 | t=   13.811700 s | CA=  2.5765 | fact=  2.5112 | GF=  8.7240 | solve=  8.0965 | scatter=  0.2564
f=     4.350 Hz | ky=  0.324093E-02 | IK=       5/      55 | t=   13.740900 s | CA=  2.5210 | fact=  2.4858 | GF=  8.7340 | solve=  8.1085 | scatter=  0.2543
f=     4.350 Hz | ky=  0.388912E-02 | IK=       6/      55 | t=   13.798000 s | CA=  2.5765 | fact=  2.4903 | GF=  8.7312 | solve=  8.1077 | scatter=  0.2525
f=     4.350 Hz | ky=  0.453730E-02 | IK=       7/      55 | t=   13.539400 s | CA=  2.5817 | fact=  2.5167 | GF=  8.4410 | solve=  7.8160 | scatter=  0.2544
f=     4.350 Hz | ky=  0.518549E-02 | IK=       8/      55 | t=   13.254600 s | CA=  2.5127 | fact=  2.5198 | GF=  8.2220 | solve=  7.5978 | scatter=  0.2533
f=     4.350 Hz | ky=  0.583368E-02 | IK=       9/      55 | t=   13.343900 s | CA=  2.6009 | fact=  2.5238 | GF=  8.2192 | solve=  7.5953 | scatter=  0.2535
f=     4.350 Hz | ky=  0.648186E-02 | IK=      10/      55 | t=   13.265100 s | CA=  2.5273 | fact=  2.5203 | GF=  8.2175 | solve=  7.5908 | scatter=  0.2558
PARDISO mem (f=  4.35 Hz): sym=  1.95 GB  perm=  1.42 GB  num=  3.22 GB  
peak=  4.64 GB
t_global   =    299.674 s
TIME for 2d forward modeling_i calc =  4.993526713053385 min
Rank    4 -> ID range:   3201 to   4000 | Tasks:    800
Rank    5 -> ID range:   4001 to   4800 | Tasks:    800
Rank    2 -> ID range:   1601 to   2400 | Tasks:    800
Rank    3 -> ID range:   2401 to   3200 | Tasks:    800
Rank    1 -> ID range:    801 to   1600 | Tasks:    800
  
 -------------- calculate Frechet derivatives -----------
 IFREQ =           5    ITERATION =           1
Frechet memory size Frec_my:      0.825 (Gb)
Rank    0 -> ID range:      1 to    800 | Tasks:    800
FREQ:      4.3 Hz, ITER=       1  Frechet Derivative ID=     100/    4800 Finished   0.190800 s
FREQ:      4.3 Hz, ITER=       1  Frechet Derivative ID=     200/    4800 Finished   0.190100 s
FREQ:      4.3 Hz, ITER=       1  Frechet Derivative ID=     300/    4800 Finished   0.189600 s
FREQ:      4.3 Hz, ITER=       1  Frechet Derivative ID=     400/    4800 Finished   0.175300 s
FREQ:      4.3 Hz, ITER=       1  Frechet Derivative ID=     500/    4800 Finished   0.190900 s
FREQ:      4.3 Hz, ITER=       1  Frechet Derivative ID=     600/    4800 Finished   0.190600 s
FREQ:      4.3 Hz, ITER=       1  Frechet Derivative ID=     700/    4800 Finished   0.187300 s
FREQ:      4.3 Hz, ITER=       1  Frechet Derivative ID=     800/    4800 Finished   0.201300 s
||Frechet||_F=  7.9349E-19max|Frechet|=  1.3520E-23
||Frechet||_F=  7.9349E-19max|Frechet|=  1.3520E-23
||Frechet||_F=  7.9349E-19max|Frechet|=  1.3520E-23
||Frechet||_F=  7.9349E-19max|Frechet|=  1.3520E-23
 
TIME for Frechet calc =  3.011698404947917 min
 
m_fine: min= -5.0175E+09  max=  1.2259E+10  mean=  8.0760E+09  ||.||2=  3.9367E+12  size=  185445
m_coarse_prev: min= -2.9726E+09  max=  1.2184E+10  mean=  8.0793E+09  ||.||2=  9.8171E+11  size=   11534
 
  compute the residual and the cost function
 WD_amp= 6.24298E+13  RESID_RMS= 2.12951E-01  FCOST_DATA= 2.26740E-02  FCOST0= 2.26740E-02
||Frechet||_F=  7.9349E-19max|Frechet|=  1.3520E-23
||Frechet||_F=  7.9349E-19max|Frechet|=  1.3520E-23
IA=  3  H(single F0) min= 0.00000E+00  max= 1.46694E-02
IA=  3  H(F0^2)     min= 0.00000E+00  max= 1.46694E-02
HESSD: ia=   3  min= 0.00000E+00  max= 1.36338E+04
IA=  3  H(single F0) min= 0.00000E+00  max= 1.46694E-02
IA=  3  H(F0^2)     min= 0.00000E+00  max= 1.46694E-02
HESSD: ia=   3  min= 0.00000E+00  max= 1.36338E+04
IA=  3  H(single F0) min= 0.00000E+00  max= 1.46694E-02
IA=  3  H(F0^2)     min= 0.00000E+00  max= 1.46694E-02
HESSD: ia=   3  min= 0.00000E+00  max= 1.36338E+04
IA=  3  H(single F0) min= 0.00000E+00  max= 1.46694E-02
IA=  3  H(F0^2)     min= 0.00000E+00  max= 1.46694E-02
HESSD: ia=   3  min= 0.00000E+00  max= 1.36338E+04
IA=  3  H(single F0) min= 0.00000E+00  max= 1.46694E-02
IA=  3  H(F0^2)     min= 0.00000E+00  max= 1.46694E-02
HESSD: ia=   3  min= 0.00000E+00  max= 1.36338E+04
IA=  3  H(single F0) min= 0.00000E+00  max= 1.46694E-02
IA=  3  H(F0^2)     min= 0.00000E+00  max= 1.46694E-02
HESSD: ia=   3  min= 0.00000E+00  max= 1.36338E+04
Grad block   3 GRAD_SCALED MORM =   7.5501E-03
Raw grad block  3  PAR={C13}  min= -3.7979E-13  max=  4.6615E-13  L2=  3.4698E-12
Gradient finished
Start LBFGS 
LBFGS steepest step , iter=      1
  g·p = -1.8540E-02  ||p|| =  8.4250E+00
  min(p)= -7.7361E-01  max(p)=  6.0834E-01
LBFGS p_k (unscaled) stats per active parameter:
  IA=  3  PAR={C13}  min=-1.73567E+09  max= 1.36488E+09  L2= 1.89022E+10
min(p_k)= -7.7361E-01  max(p_k)=  6.0834E-01  ||p_k||=  8.4250E+00
min(p_kf)= -7.7361E-01  max(p_kf)=  6.0834E-01  ||p_kf||=  3.3700E+01
p_k/p_kf  =   2.5000E-01
Start linesearch
BT entry: phi(0)=  2.2674E-02  g·p(0)= -1.8540E-02
 UPDATEPARAMETER: f-scale only
UPDATEPARAMETER PAR_STEP min/max, V_STEP min/max = -4.8311737295E+09  1.2256945783E+10
 -4.8311737295E+09  1.2256945783E+10
REL STEP elastic: k=  3 row=  3 rmax_k=  1.0312E+02 row_scale=  1.2259E+10
BT cap probe: rmax1=  1.0312E+02  alpha_cap=  4.8486E-03  alpha00=  1.0000E+00
 UPDATEPARAMETER: f-scale only
UPDATEPARAMETER PAR_STEP min/max, V_STEP min/max = -5.0135073918E+09  1.2258577615E+10
 -5.0135073918E+09  1.2258577615E+10
 running run_ik_loop_pardiso
before CA | VmRSS=  16.355 GB  VmHWM=  81.290 GB
after CA | VmRSS=  16.942 GB  VmHWM=  81.290 GB
after factor | VmRSS=  20.704 GB  VmHWM=  81.290 GB
f=     4.350 Hz | ky=  0.648186E-03 | IK=       1/      55 | t=   17.135900 s | CA=  2.5316 | fact= 12.7226 | GF=  1.8815 | solve=  1.7289 | scatter=  0.0508
f=     4.350 Hz | ky=  0.129637E-02 | IK=       2/      55 | t=    6.820100 s | CA=  2.5464 | fact=  2.4863 | GF=  1.7873 | solve=  1.6661 | scatter=  0.0491
f=     4.350 Hz | ky=  0.194456E-02 | IK=       3/      55 | t=    6.830000 s | CA=  2.5463 | fact=  2.4989 | GF=  1.7847 | solve=  1.6630 | scatter=  0.0497
f=     4.350 Hz | ky=  0.259275E-02 | IK=       4/      55 | t=    6.811700 s | CA=  2.5422 | fact=  2.4857 | GF=  1.7838 | solve=  1.6580 | scatter=  0.0540
f=     4.350 Hz | ky=  0.324093E-02 | IK=       5/      55 | t=    6.866100 s | CA=  2.5930 | fact=  2.4837 | GF=  1.7893 | solve=  1.6658 | scatter=  0.0516
f=     4.350 Hz | ky=  0.388912E-02 | IK=       6/      55 | t=    6.843300 s | CA=  2.5507 | fact=  2.5035 | GF=  1.7890 | solve=  1.6643 | scatter=  0.0526
f=     4.350 Hz | ky=  0.453730E-02 | IK=       7/      55 | t=    6.871500 s | CA=  2.5861 | fact=  2.5007 | GF=  1.7847 | solve=  1.6632 | scatter=  0.0495
f=     4.350 Hz | ky=  0.518549E-02 | IK=       8/      55 | t=    6.906900 s | CA=  2.6154 | fact=  2.4967 | GF=  1.7947 | solve=  1.6690 | scatter=  0.0538
f=     4.350 Hz | ky=  0.583368E-02 | IK=       9/      55 | t=    6.857200 s | CA=  2.5713 | fact=  2.4949 | GF=  1.7909 | solve=  1.6679 | scatter=  0.0507
f=     4.350 Hz | ky=  0.648186E-02 | IK=      10/      55 | t=    6.820700 s | CA=  2.5770 | fact=  2.4572 | GF=  1.7865 | solve=  1.6612 | scatter=  0.0534
PARDISO mem (f=  4.35 Hz): sym=  1.95 GB  perm=  1.42 GB  num=  3.22 GB  
peak=  4.64 GB
 WD_amp= 6.24298E+13  RESID_RMS= 2.12317E-01  FCOST_DATA= 2.25392E-02  FCOST0= 2.25392E-02
BT: alpha=  4.8486E-03  phi=  2.2539E-02  rhs=  2.2674E-02
  
  
  
  
Convergence reached, updating parameter grid
ALPHA from line search =  .4848647324770392E-02
 FCOST0 after linesearch  2.253917187939249E-002
Norm of s (s_norm) =  .4084980644301139E-01
  
  
Time for LBFGS =  1.835948308308919 min
  
 Frequency:           5 Iteration:           2
t_global   =    301.344 s
  
 -------------- calculate Frechet derivatives -----------
 IFREQ =           5    ITERATION =           2
||Frechet||_F=  7.9338E-19max|Frechet|=  1.3516E-23
||Frechet||_F=  7.9338E-19max|Frechet|=  1.3516E-23
 
TIME for Frechet calc =  2.944941711425781 min
 
 
  compute the residual and the cost function
 WD_amp= 6.24298E+13  RESID_RMS= 2.12317E-01  FCOST_DATA= 2.25392E-02  FCOST0= 2.25392E-02
||Frechet||_F=  7.9338E-19max|Frechet|=  1.3516E-23
||Frechet||_F=  7.9338E-19max|Frechet|=  1.3516E-23
||Frechet||_F=  7.9338E-19max|Frechet|=  1.3516E-23
||Frechet||_F=  7.9338E-19max|Frechet|=  1.3516E-23
Grad block   3 GRAD_SCALED MORM =   7.3165E-03
Raw grad block  3  PAR={C13}  min= -3.8173E-13  max=  4.5425E-13  L2=  3.3624E-12
Gradient finished
Start LBFGS 
curvature (warm): s·y=  8.0445E-06  ||s||^2=  1.6687E-03  ||y||^2=  1.1959E-07  sTy_min=  1.4127E-06
LBFGS step: g·p = -9.2076E-03  ||p||=  8.4749E+00
LBFGS step: min(p)= -1.1893E+00  max(p)=  7.7286E-01
LBFGS p_k (unscaled) stats per active parameter:
  IA=  3  PAR={C13}  min=-2.66835E+09  max= 1.73399E+09  L2= 1.90142E+10
min(p_k)= -1.1893E+00  max(p_k)=  7.7286E-01  ||p_k||=  8.4749E+00
min(p_kf)= -1.1893E+00  max(p_kf)=  7.7286E-01  ||p_kf||=  3.3899E+01
p_k/p_kf  =   2.5000E-01
Start linesearch
MT entry: phi(0)=  2.2539E-02  dg0= -9.2076E-03  alpha0=  1.0000E+00
 UPDATEPARAMETER: f-scale only
UPDATEPARAMETER PAR_STEP min/max, V_STEP min/max = -5.2529216946E+09  1.2257409510E+10
 -5.2529216946E+09  1.2257409510E+10
 WD_amp= 6.24298E+13  RESID_RMS= 3.22656E-01  FCOST_DATA= 5.20534E-02  FCOST0= 5.20534E-02
  
 -------------- calculate Frechet derivatives -----------
 IFREQ =           5    ITERATION =           2
||Frechet||_F=  8.0685E-19max|Frechet|=  1.2968E-23
||Frechet||_F=  8.0685E-19max|Frechet|=  1.2968E-23
||Frechet||_F=  8.0685E-19max|Frechet|=  1.2968E-23
||Frechet||_F=  8.0685E-19max|Frechet|=  1.2968E-23
||Frechet||_F=  8.0685E-19max|Frechet|=  1.2968E-23
||Frechet||_F=  8.0685E-19max|Frechet|=  1.2968E-23
Grad block   3 GRAD_SCALED MORM =   2.4362E-02
MT try: alpha=  1.0000E+00  phi=  5.2053E-02  dg=  3.2228E-02  dg0= -9.2076E-03
MT try: armijo_rhs=  2.2538E-02  armijo=F  curvature=F  task=FG
 UPDATEPARAMETER: f-scale only
UPDATEPARAMETER PAR_STEP min/max, V_STEP min/max = -4.9579202799E+09  1.2258502126E+10
 -4.9579202799E+09  1.2258502126E+10
 WD_amp= 6.24298E+13  RESID_RMS= 2.07491E-01  FCOST_DATA= 2.15262E-02  FCOST0= 2.15262E-02
  
 -------------- calculate Frechet derivatives -----------
 IFREQ =           5    ITERATION =           2
||Frechet||_F=  7.9417E-19max|Frechet|=  1.3489E-23
||Frechet||_F=  7.9417E-19max|Frechet|=  1.3489E-23
||Frechet||_F=  7.9417E-19max|Frechet|=  1.3489E-23
||Frechet||_F=  7.9417E-19max|Frechet|=  1.3489E-23
||Frechet||_F=  7.9417E-19max|Frechet|=  1.3489E-23
||Frechet||_F=  7.9417E-19max|Frechet|=  1.3489E-23
Grad block   3 GRAD_SCALED MORM =   7.0092E-03
MT try: alpha=  6.4625E-02  phi=  2.1526E-02  dg= -6.4165E-03  dg0= -9.2076E-03
MT try: armijo_rhs=  2.2539E-02  armijo=T  curvature=T  task=FG
  
Convergence reached, updating parameter grid
ALPHA from line search =  .6462483373296452E-01
 FCOST0 after linesearch  2.152620291393314E-002
Norm of s (s_norm) =  .5476856024611889
  
  
  
  
Time for LBFGS =  15.78397521972656 min
  
  
 Frequency:           5 Iteration:           3
t_global   =    298.559 s
  
 -------------- calculate Frechet derivatives -----------
 IFREQ =           5    ITERATION =           3
||Frechet||_F=  7.9417E-19max|Frechet|=  1.3489E-23
||Frechet||_F=  7.9417E-19max|Frechet|=  1.3489E-23
||Frechet||_F=  7.9417E-19max|Frechet|=  1.3489E-23
||Frechet||_F=  7.9417E-19max|Frechet|=  1.3489E-23
 
TIME for Frechet calc =  2.906601715087890 min
 
 
  compute the residual and the cost function
 WD_amp= 6.24298E+13  RESID_RMS= 2.07491E-01  FCOST_DATA= 2.15262E-02  FCOST0= 2.15262E-02
||Frechet||_F=  7.9417E-19max|Frechet|=  1.3489E-23
||Frechet||_F=  7.9417E-19max|Frechet|=  1.3489E-23
Grad block   3 GRAD_SCALED MORM =   7.0092E-03
Gradient finished
Start LBFGS 
curvature (warm): s·y=  1.8038E-04  ||s||^2=  2.9996E-01  ||y||^2=  9.2550E-07  sTy_min=  5.2689E-05
LBFGS step: g·p = -1.1408E-02  ||p||=  1.3870E+01
LBFGS step: min(p)= -2.5535E+00  max(p)=  1.5060E+00
LBFGS p_k (unscaled) stats per active parameter:
  IA=  3  PAR={C13}  min=-5.72912E+09  max= 3.37881E+09  L2= 3.11176E+10
min(p_k)= -2.5535E+00  max(p_k)=  1.5060E+00  ||p_k||=  1.3870E+01
min(p_kf)= -2.5535E+00  max(p_kf)=  1.5060E+00  ||p_kf||=  5.5478E+01
p_k/p_kf  =   2.5000E-01
Start linesearch
MT entry: phi(0)=  2.1526E-02  dg0= -1.1408E-02  alpha0=  1.0000E+00
 UPDATEPARAMETER: f-scale only
UPDATEPARAMETER PAR_STEP min/max, V_STEP min/max = -6.8796096142E+09  1.2255944617E+10
 -6.8796096142E+09  1.2255944617E+10
 WD_amp= 6.24298E+13  RESID_RMS= 3.15750E-01  FCOST_DATA= 4.98492E-02  FCOST0= 4.98492E-02
  
 -------------- calculate Frechet derivatives -----------
 IFREQ =           5    ITERATION =           3
||Frechet||_F=  7.9570E-19max|Frechet|=  1.3313E-23
||Frechet||_F=  7.9570E-19max|Frechet|=  1.3313E-23
||Frechet||_F=  7.9570E-19max|Frechet|=  1.3313E-23
||Frechet||_F=  7.9570E-19max|Frechet|=  1.3313E-23
||Frechet||_F=  7.9570E-19max|Frechet|=  1.3313E-23
||Frechet||_F=  7.9570E-19max|Frechet|=  1.3313E-23
Grad block   3 GRAD_SCALED MORM =   2.1408E-02
MT try: alpha=  1.0000E+00  phi=  4.9849E-02  dg=  3.2150E-02  dg0= -1.1408E-02
MT try: armijo_rhs=  2.1525E-02  armijo=F  curvature=F  task=FG
 UPDATEPARAMETER: f-scale only
UPDATEPARAMETER PAR_STEP min/max, V_STEP min/max = -4.9095955669E+09  1.2258297601E+10
 -4.9095955669E+09  1.2258297601E+10
 WD_amp= 6.24298E+13  RESID_RMS= 2.01968E-01  FCOST_DATA= 2.03955E-02  FCOST0= 2.03955E-02
  
 -------------- calculate Frechet derivatives -----------
 IFREQ =           5    ITERATION =           3
||Frechet||_F=  7.9349E-19max|Frechet|=  1.3468E-23
||Frechet||_F=  7.9349E-19max|Frechet|=  1.3468E-23
||Frechet||_F=  7.9349E-19max|Frechet|=  1.3468E-23
||Frechet||_F=  7.9349E-19max|Frechet|=  1.3468E-23
||Frechet||_F=  7.9349E-19max|Frechet|=  1.3468E-23
||Frechet||_F=  7.9349E-19max|Frechet|=  1.3468E-23
Grad block   3 GRAD_SCALED MORM =   6.5823E-03
MT try: alpha=  7.9971E-02  phi=  2.0395E-02  dg= -5.5115E-03  dg0= -1.1408E-02
MT try: armijo_rhs=  2.1526E-02  armijo=T  curvature=T  task=FG
  
  
Convergence reached, updating parameter grid
ALPHA from line search =  .7997052013443075E-01
 FCOST0 after linesearch  2.039548427342515E-002
Norm of s (s_norm) =  1.109151544764569
  
  
  
  
Convergence check at iteration    3
  Relative cost decrease  =  5.2528E-02
  Relative model update   =  0.0000E+00
  Relative grad. norm     =  8.2204E-01
Time for LBFGS =  15.78598327636719 min
  
 Frequency:           5 Iteration:           4
t_global   =    301.222 s
  
 -------------- calculate Frechet derivatives -----------
 IFREQ =           5    ITERATION =           4
||Frechet||_F=  7.9349E-19max|Frechet|=  1.3468E-23
||Frechet||_F=  7.9349E-19max|Frechet|=  1.3468E-23
||Frechet||_F=  7.9349E-19max|Frechet|=  1.3468E-23
||Frechet||_F=  7.9349E-19max|Frechet|=  1.3468E-23
 
TIME for Frechet calc =  2.934818267822266 min
 
 
  compute the residual and the cost function
 WD_amp= 6.24298E+13  RESID_RMS= 2.01968E-01  FCOST_DATA= 2.03955E-02  FCOST0= 2.03955E-02
||Frechet||_F=  7.9349E-19max|Frechet|=  1.3468E-23
||Frechet||_F=  7.9349E-19max|Frechet|=  1.3468E-23
Grad block   3 GRAD_SCALED MORM =   6.5823E-03
Gradient finished
Start LBFGS 
curvature (warm): s·y=  4.7158E-04  ||s||^2=  1.2302E+00  ||y||^2=  3.2198E-06  sTy_min=  1.9902E-04
LBFGS step: g·p = -1.6638E-02  ||p||=  2.3141E+01
LBFGS step: min(p)= -3.9048E+00  max(p)=  2.8121E+00
LBFGS p_k (unscaled) stats per active parameter:
  IA=  3  PAR={C13}  min=-8.76084E+09  max= 6.30924E+09  L2= 5.19201E+10
min(p_k)= -3.9048E+00  max(p_k)=  2.8121E+00  ||p_k||=  2.3141E+01
min(p_kf)= -3.9048E+00  max(p_kf)=  2.8121E+00  ||p_kf||=  9.2566E+01
p_k/p_kf  =   2.5000E-01
Start linesearch
MT entry: phi(0)=  2.0395E-02  dg0= -1.6638E-02  alpha0=  1.0000E+00
 UPDATEPARAMETER: f-scale only
UPDATEPARAMETER PAR_STEP min/max, V_STEP min/max = -1.0369488794E+10  1.3664038689E+10
 -1.0369488794E+10  1.3664038689E+10
 WD_amp= 6.24298E+13  RESID_RMS= 4.68089E-01  FCOST_DATA= 1.09553E-01  FCOST0= 1.09553E-01
  
 -------------- calculate Frechet derivatives -----------
 IFREQ =           5    ITERATION =           4
||Frechet||_F=  8.4282E-19max|Frechet|=  1.3385E-23
||Frechet||_F=  8.4282E-19max|Frechet|=  1.3385E-23
||Frechet||_F=  8.4282E-19max|Frechet|=  1.3385E-23
||Frechet||_F=  8.4282E-19max|Frechet|=  1.3385E-23
||Frechet||_F=  8.4282E-19max|Frechet|=  1.3385E-23
||Frechet||_F=  8.4282E-19max|Frechet|=  1.3385E-23
Grad block   3 GRAD_SCALED MORM =   4.1173E-02
MT try: alpha=  1.0000E+00  phi=  1.0955E-01  dg=  1.0593E-01  dg0= -1.6638E-02
MT try: armijo_rhs=  2.0394E-02  armijo=F  curvature=F  task=FG
 UPDATEPARAMETER: f-scale only
UPDATEPARAMETER PAR_STEP min/max, V_STEP min/max = -4.8680947416E+09  1.2258127400E+10
 -4.8680947416E+09  1.2258127400E+10
 WD_amp= 6.24298E+13  RESID_RMS= 1.97699E-01  FCOST_DATA= 1.95424E-02  FCOST0= 1.95424E-02
  
 -------------- calculate Frechet derivatives -----------
 IFREQ =           5    ITERATION =           4
||Frechet||_F=  7.9448E-19max|Frechet|=  1.3453E-23
||Frechet||_F=  7.9448E-19max|Frechet|=  1.3453E-23
||Frechet||_F=  7.9448E-19max|Frechet|=  1.3453E-23
||Frechet||_F=  7.9448E-19max|Frechet|=  1.3453E-23
||Frechet||_F=  7.9448E-19max|Frechet|=  1.3453E-23
||Frechet||_F=  7.9448E-19max|Frechet|=  1.3453E-23
Grad block   3 GRAD_SCALED MORM =   6.3137E-03
MT try: alpha=  4.4030E-02  phi=  1.9542E-02  dg= -1.1875E-02  dg0= -1.6638E-02
MT try: armijo_rhs=  2.0395E-02  armijo=T  curvature=T  task=FG
Convergence reached, updating parameter grid
ALPHA from line search =  .4403040415286745E-01
 FCOST0 after linesearch  1.954236509047019E-002
Norm of s (s_norm) =  1.018925925400646
  
  
  
  
  
  
Convergence check at iteration    4
  Relative cost decrease  =  4.1829E-02
  Relative model update   =  0.0000E+00
  Relative grad. norm     =  6.3358E-01
Time for LBFGS =  15.78280639648438 min
  
 Frequency:           5 Iteration:           5
t_global   =    301.516 s
  
 -------------- calculate Frechet derivatives -----------
 IFREQ =           5    ITERATION =           5
||Frechet||_F=  7.9448E-19max|Frechet|=  1.3453E-23
||Frechet||_F=  7.9448E-19max|Frechet|=  1.3453E-23
||Frechet||_F=  7.9448E-19max|Frechet|=  1.3453E-23
||Frechet||_F=  7.9448E-19max|Frechet|=  1.3453E-23
||Frechet||_F=  7.9448E-19max|Frechet|=  1.3453E-23
||Frechet||_F=  7.9448E-19max|Frechet|=  1.3453E-23
 
TIME for Frechet calc =  3.004036712646484 min
 
 
  compute the residual and the cost function
 WD_amp= 6.24298E+13  RESID_RMS= 1.97699E-01  FCOST_DATA= 1.95424E-02  FCOST0= 1.95424E-02
Grad block   3 GRAD_SCALED MORM =   6.3137E-03
Gradient finished
Start LBFGS 
curvature (warm): s·y=  2.0970E-04  ||s||^2=  1.0382E+00  ||y||^2=  1.7333E-06  sTy_min=  1.3415E-04
LBFGS step: g·p = -1.1023E-02  ||p||=  1.8147E+01
LBFGS step: min(p)= -2.8277E+00  max(p)=  2.1991E+00
LBFGS p_k (unscaled) stats per active parameter:
  IA=  3  PAR={C13}  min=-6.34424E+09  max= 4.93382E+09  L2= 4.07149E+10
min(p_k)= -2.8277E+00  max(p_k)=  2.1991E+00  ||p_k||=  1.8147E+01
min(p_kf)= -2.8277E+00  max(p_kf)=  2.1991E+00  ||p_kf||=  7.2589E+01
p_k/p_kf  =   2.5000E-01
Start linesearch
MT entry: phi(0)=  1.9542E-02  dg0= -1.1023E-02  alpha0=  1.0000E+00
 UPDATEPARAMETER: f-scale only
UPDATEPARAMETER PAR_STEP min/max, V_STEP min/max = -8.3386353202E+09  1.2566416069E+10
 -8.3386353202E+09  1.2566416069E+10
 WD_amp= 6.24298E+13  RESID_RMS= 4.14229E-01  FCOST_DATA= 8.57929E-02  FCOST0= 8.57929E-02
  
 -------------- calculate Frechet derivatives -----------
 IFREQ =           5    ITERATION =           5
||Frechet||_F=  8.1528E-19max|Frechet|=  1.2917E-23
||Frechet||_F=  8.1528E-19max|Frechet|=  1.2917E-23
||Frechet||_F=  8.1528E-19max|Frechet|=  1.2917E-23
||Frechet||_F=  8.1528E-19max|Frechet|=  1.2917E-23
||Frechet||_F=  8.1528E-19max|Frechet|=  1.2917E-23
||Frechet||_F=  8.1528E-19max|Frechet|=  1.2917E-23
Grad block   3 GRAD_SCALED MORM =   4.2411E-02
MT try: alpha=  1.0000E+00  phi=  8.5793E-02  dg=  6.7654E-02  dg0= -1.1023E-02
MT try: armijo_rhs=  1.9541E-02  armijo=F  curvature=F  task=FG
 UPDATEPARAMETER: f-scale only
UPDATEPARAMETER PAR_STEP min/max, V_STEP min/max = -4.8459300451E+09  1.2258009659E+10
 -4.8459300451E+09  1.2258009659E+10
 WD_amp= 6.24298E+13  RESID_RMS= 1.95767E-01  FCOST_DATA= 1.91623E-02  FCOST0= 1.91623E-02
  
 -------------- calculate Frechet derivatives -----------
 IFREQ =           5    ITERATION =           5
||Frechet||_F=  7.9459E-19max|Frechet|=  1.3442E-23
||Frechet||_F=  7.9459E-19max|Frechet|=  1.3442E-23
||Frechet||_F=  7.9459E-19max|Frechet|=  1.3442E-23
||Frechet||_F=  7.9459E-19max|Frechet|=  1.3442E-23
||Frechet||_F=  7.9459E-19max|Frechet|=  1.3442E-23
||Frechet||_F=  7.9459E-19max|Frechet|=  1.3442E-23
Grad block   3 GRAD_SCALED MORM =   6.0437E-03
MT try: alpha=  3.7006E-02  phi=  1.9162E-02  dg= -7.9270E-03  dg0= -1.1023E-02
MT try: armijo_rhs=  1.9542E-02  armijo=T  curvature=T  task=FG
Convergence reached, updating parameter grid
ALPHA from line search =  .3700589604281173E-01
 FCOST0 after linesearch  1.916232737725133E-002
Norm of s (s_norm) =  .6715507404148301
  
  
  
  
  
  
Convergence check at iteration    5
  Relative cost decrease  =  1.9447E-02
  Relative model update   =  0.0000E+00
  Relative grad. norm     =  5.1757E-01
Time for LBFGS =  15.50879618326823 min
  
 Frequency:           5 Iteration:           6
t_global   =    300.263 s
  
 -------------- calculate Frechet derivatives -----------
 IFREQ =           5    ITERATION =           6
||Frechet||_F=  7.9459E-19max|Frechet|=  1.3442E-23
||Frechet||_F=  7.9459E-19max|Frechet|=  1.3442E-23
||Frechet||_F=  7.9459E-19max|Frechet|=  1.3442E-23
||Frechet||_F=  7.9459E-19max|Frechet|=  1.3442E-23
||Frechet||_F=  7.9459E-19max|Frechet|=  1.3442E-23
||Frechet||_F=  7.9459E-19max|Frechet|=  1.3442E-23
 
TIME for Frechet calc =  2.902553304036458 min
 
 
  compute the residual and the cost function
 WD_amp= 6.24298E+13  RESID_RMS= 1.95767E-01  FCOST_DATA= 1.91623E-02  FCOST0= 1.91623E-02
Grad block   3 GRAD_SCALED MORM =   6.0437E-03
Gradient finished
Start LBFGS 
curvature (warm): s·y=  1.1456E-04  ||s||^2=  4.5098E-01  ||y||^2=  1.3102E-06  sTy_min=  7.6867E-05
LBFGS step: g·p = -6.8713E-03  ||p||=  1.4263E+01
LBFGS step: min(p)= -2.2908E+00  max(p)=  1.6041E+00
LBFGS p_k (unscaled) stats per active parameter:
  IA=  3  PAR={C13}  min=-5.13970E+09  max= 3.59890E+09  L2= 3.20009E+10
min(p_k)= -2.2908E+00  max(p_k)=  1.6041E+00  ||p_k||=  1.4263E+01
min(p_kf)= -2.2908E+00  max(p_kf)=  1.6041E+00  ||p_kf||=  5.7053E+01
p_k/p_kf  =   2.5000E-01
Start linesearch
MT entry: phi(0)=  1.9162E-02  dg0= -6.8713E-03  alpha0=  1.0000E+00
 UPDATEPARAMETER: f-scale only
UPDATEPARAMETER PAR_STEP min/max, V_STEP min/max = -7.3688702569E+09  1.2257382366E+10
 -7.3688702569E+09  1.2257382366E+10
 WD_amp= 6.24298E+13  RESID_RMS= 2.67375E-01  FCOST_DATA= 3.57447E-02  FCOST0= 3.57447E-02
  
 -------------- calculate Frechet derivatives -----------
 IFREQ =           5    ITERATION =           6
||Frechet||_F=  8.2159E-19max|Frechet|=  1.3039E-23
||Frechet||_F=  8.2159E-19max|Frechet|=  1.3039E-23
||Frechet||_F=  8.2159E-19max|Frechet|=  1.3039E-23
||Frechet||_F=  8.2159E-19max|Frechet|=  1.3039E-23
||Frechet||_F=  8.2159E-19max|Frechet|=  1.3039E-23
||Frechet||_F=  8.2159E-19max|Frechet|=  1.3039E-23
Grad block   3 GRAD_SCALED MORM =   1.5109E-02
MT try: alpha=  1.0000E+00  phi=  3.5745E-02  dg=  8.3321E-03  dg0= -6.8713E-03
MT try: armijo_rhs=  1.9162E-02  armijo=F  curvature=F  task=FG
 UPDATEPARAMETER: f-scale only
UPDATEPARAMETER PAR_STEP min/max, V_STEP min/max = -4.9996553349E+09  1.2257813022E+10
 -4.9996553349E+09  1.2257813022E+10
 WD_amp= 6.24298E+13  RESID_RMS= 1.93094E-01  FCOST_DATA= 1.86426E-02  FCOST0= 1.86426E-02
  
 -------------- calculate Frechet derivatives -----------
 IFREQ =           5    ITERATION =           6
||Frechet||_F=  7.9489E-19max|Frechet|=  1.3419E-23
||Frechet||_F=  7.9489E-19max|Frechet|=  1.3419E-23
||Frechet||_F=  7.9489E-19max|Frechet|=  1.3419E-23
||Frechet||_F=  7.9489E-19max|Frechet|=  1.3419E-23
||Frechet||_F=  7.9489E-19max|Frechet|=  1.3419E-23
||Frechet||_F=  7.9489E-19max|Frechet|=  1.3419E-23
Grad block   3 GRAD_SCALED MORM =   5.8236E-03
MT try: alpha=  6.6049E-02  phi=  1.8643E-02  dg= -5.9927E-03  dg0= -6.8713E-03
MT try: armijo_rhs=  1.9162E-02  armijo=T  curvature=T  task=FG
  
  
  
  
  
Convergence reached, updating parameter grid
ALPHA from line search =  .6604915483850485E-01
 FCOST0 after linesearch  1.864259206817913E-002
Norm of s (s_norm) =  .9420731157430299
  
Convergence check at iteration    6
  Relative cost decrease  =  2.7123E-02
  Relative model update   =  0.0000E+00
  Relative grad. norm     =  3.9111E-01
Time for LBFGS =  15.72448120117187 min
  
 Frequency:           5 Iteration:           7
t_global   =    298.420 s
  
 -------------- calculate Frechet derivatives -----------
 IFREQ =           5    ITERATION =           7
||Frechet||_F=  7.9489E-19max|Frechet|=  1.3419E-23
||Frechet||_F=  7.9489E-19max|Frechet|=  1.3419E-23
||Frechet||_F=  7.9489E-19max|Frechet|=  1.3419E-23
||Frechet||_F=  7.9489E-19max|Frechet|=  1.3419E-23
 
TIME for Frechet calc =  2.944581604003906 min
 
 
  compute the residual and the cost function
 WD_amp= 6.24298E+13  RESID_RMS= 1.93094E-01  FCOST_DATA= 1.86426E-02  FCOST0= 1.86426E-02
||Frechet||_F=  7.9489E-19max|Frechet|=  1.3419E-23
||Frechet||_F=  7.9489E-19max|Frechet|=  1.3419E-23
Grad block   3 GRAD_SCALED MORM =   5.8236E-03
Gradient finished
Start LBFGS 
curvature (full): s·y=  5.8029E-05  ||s||^2=  8.8750E-01  ||y||^2=  2.6241E-07  sTy_min=  4.8258E-05
 
LBFGS step(full): g·p = -1.6526E-02  ||p||=  4.5690E+01
LBFGS step(full): min(p)= -8.0226E+00  max(p)=  5.4838E+00
LBFGS p_k (unscaled) stats per active parameter:
  IA=  3  PAR={C13}  min=-1.79995E+10  max= 1.23035E+10  L2= 1.02509E+11
min(p_k)= -8.0226E+00  max(p_k)=  5.4838E+00  ||p_k||=  4.5690E+01
min(p_kf)= -8.0226E+00  max(p_kf)=  5.4838E+00  ||p_kf||=  1.8276E+02
p_k/p_kf  =   2.5000E-01
Start linesearch
MT entry: phi(0)=  1.8643E-02  dg0= -1.6526E-02  alpha0=  1.0000E+00
 UPDATEPARAMETER: f-scale only
UPDATEPARAMETER PAR_STEP min/max, V_STEP min/max = -2.0568092692E+10  2.0356425600E+10
 -2.0568092692E+10  2.0356425600E+10
 WD_amp= 6.24298E+13  RESID_RMS= 7.44860E-01  FCOST_DATA= 2.77408E-01  FCOST0= 2.77408E-01
  
 -------------- calculate Frechet derivatives -----------
 IFREQ =           5    ITERATION =           7
||Frechet||_F=  9.2252E-19max|Frechet|=  1.2241E-23
||Frechet||_F=  9.2252E-19max|Frechet|=  1.2241E-23
||Frechet||_F=  9.2252E-19max|Frechet|=  1.2241E-23
||Frechet||_F=  9.2252E-19max|Frechet|=  1.2241E-23
||Frechet||_F=  9.2252E-19max|Frechet|=  1.2241E-23
||Frechet||_F=  9.2252E-19max|Frechet|=  1.2241E-23
Grad block   3 GRAD_SCALED MORM =   5.5815E-02
MT try: alpha=  1.0000E+00  phi=  2.7741E-01  dg=  7.2867E-02  dg0= -1.6526E-02
MT try: armijo_rhs=  1.8641E-02  armijo=F  curvature=F  task=FG
 UPDATEPARAMETER: f-scale only
UPDATEPARAMETER PAR_STEP min/max, V_STEP min/max = -5.0920972203E+09  1.2257697443E+10
 -5.0920972203E+09  1.2257697443E+10
 WD_amp= 6.24298E+13  RESID_RMS= 1.92407E-01  FCOST_DATA= 1.85102E-02  FCOST0= 1.85102E-02
  
 -------------- calculate Frechet derivatives -----------
 IFREQ =           5    ITERATION =           7
||Frechet||_F=  7.9540E-19max|Frechet|=  1.3404E-23
||Frechet||_F=  7.9540E-19max|Frechet|=  1.3404E-23
||Frechet||_F=  7.9540E-19max|Frechet|=  1.3404E-23
||Frechet||_F=  7.9540E-19max|Frechet|=  1.3404E-23
||Frechet||_F=  7.9540E-19max|Frechet|=  1.3404E-23
||Frechet||_F=  7.9540E-19max|Frechet|=  1.3404E-23
Grad block   3 GRAD_SCALED MORM =   5.9406E-03
MT try: alpha=  1.1340E-02  phi=  1.8510E-02  dg= -1.4277E-02  dg0= -1.6526E-02
MT try: armijo_rhs=  1.8643E-02  armijo=T  curvature=T  task=FG
  
  
  
  
  
Convergence reached, updating parameter grid
ALPHA from line search =  .1134020953032911E-01
 FCOST0 after linesearch  1.851019183149005E-002
Norm of s (s_norm) =  .5181307745592743
  
Convergence check at iteration    7
  Relative cost decrease  =  7.1020E-03
  Relative model update   =  0.0000E+00
  Relative grad. norm     =  4.8408E-01
Time for LBFGS =  15.63008321126302 min
 --------- Frequency   4.75000000000000       (band            1 )
[ComputeAcqWeight] empty acq_weight_file, using uniform weights = 1.0
Data weighting computed for frequency 4607182418800017373
XSRmin, XSRmax, ZSRmin, ZSRMax -1960.000000000000 .000000000000000 2050.000000000000 4030.000000000000
Data weighting computed for frequency 4607182418800017373
Data weighting computed for frequency 4607182418800017373
Data weighting computed for frequency 4607182418800017373
1 FKYC
1.2 FKYC
my_rank, FKYC,WLMAX, RMAX 0 .3892843070752570E-01 1078.479746282688 2786.036611389018
1.1 NK
NK in cky2= 55
Data weighting computed for frequency 4607182418800017373
Data weighting computed for frequency 4607182418800017373

  Number of wavenumber samples (NK) for FREQ =   55
  RMAX = 2786.04
--- Pre-solver preview (memory + RHS workload) ---
   GQG dims: NNX=       585  NNZ=       317  NPT=    185445
   DOF:     N=3*NPT =    556335
   Sources: NSR=       100  NSS=        20  NK=        55
   RHS total (per IK): nrhs_tot=3*NSS =        60
   Batch:    MAX_RHS_BATCH=        32  nbatches=         2
   GFMY  (GFX+GFY+GFZ):         13.679 GB
   RHS_MY(rhs+sol buffers):      0.531 GB
 
 running run_ik_loop_pardiso
before CA | VmRSS=  15.498 GB  VmHWM=  81.290 GB
after CA | VmRSS=  16.086 GB  VmHWM=  81.290 GB
after factor | VmRSS=  19.854 GB  VmHWM=  81.290 GB
f=     4.750 Hz | ky=  0.707790E-03 | IK=       1/      55 | t=   17.173100 s | CA=  2.5558 | fact= 12.7207 | GF=  1.8963 | solve=  1.7420 | scatter=  0.0515
f=     4.750 Hz | ky=  0.141558E-02 | IK=       2/      55 | t=    6.880500 s | CA=  2.5974 | fact=  2.4930 | GF=  1.7901 | solve=  1.6680 | scatter=  0.0503
f=     4.750 Hz | ky=  0.212337E-02 | IK=       3/      55 | t=    6.858000 s | CA=  2.5721 | fact=  2.4968 | GF=  1.7891 | solve=  1.6657 | scatter=  0.0512
f=     4.750 Hz | ky=  0.283116E-02 | IK=       4/      55 | t=    6.909400 s | CA=  2.6208 | fact=  2.4963 | GF=  1.7923 | solve=  1.6704 | scatter=  0.0500
f=     4.750 Hz | ky=  0.353895E-02 | IK=       5/      55 | t=    6.834600 s | CA=  2.5453 | fact=  2.5002 | GF=  1.7890 | solve=  1.6655 | scatter=  0.0514
f=     4.750 Hz | ky=  0.424674E-02 | IK=       6/      55 | t=    6.879200 s | CA=  2.5982 | fact=  2.4913 | GF=  1.7897 | solve=  1.6662 | scatter=  0.0514
f=     4.750 Hz | ky=  0.495453E-02 | IK=       7/      55 | t=    6.877500 s | CA=  2.5759 | fact=  2.5028 | GF=  1.7988 | solve=  1.6723 | scatter=  0.0547
f=     4.750 Hz | ky=  0.566232E-02 | IK=       8/      55 | t=    6.808900 s | CA=  2.5271 | fact=  2.4914 | GF=  1.7903 | solve=  1.6666 | scatter=  0.0519
f=     4.750 Hz | ky=  0.637011E-02 | IK=       9/      55 | t=    6.876300 s | CA=  2.5950 | fact=  2.4919 | GF=  1.7894 | solve=  1.6677 | scatter=  0.0497
f=     4.750 Hz | ky=  0.707790E-02 | IK=      10/      55 | t=    6.797300 s | CA=  2.5234 | fact=  2.4909 | GF=  1.7830 | solve=  1.6585 | scatter=  0.0519
PARDISO mem (f=  4.75 Hz): sym=  1.95 GB  perm=  1.42 GB  num=  3.22 GB  
peak=  4.64 GB
t_global   =    109.714 s
TIME for 1st forward modeling =  1.828571701049805  min
TIME for GT0 =  .4946666459242503E-02  min
Data scaler W for L2 norm: 64069066454919.59
Data scaler W for WQS norm: .3395193265742062E-312
Total number of active inversion parameters for current sequential stage (IM):          1
Total model blocks points (NM = IM * NBLOCK):      11534 on grid (NMM = IM * NPT):    185445
 Gradient balance ():   1.00000000000000        1.00000000000000     
   1.00000000000000        1.00000000000000        1.00000000000000     
   1.00000000000000        1.00000000000000        1.00000000000000     
   1.00000000000000        1.00000000000000        1.00000000000000     
 IE0, IZ          30           0
 IE0, IZ, GZ1, GZ2 =           30           0   100.000000000000     
   300.000000000000     
  
 Frequency:           6 Iteration:           1
--- Pre-solver preview (memory + RHS workload) ---
   GQG dims: NNX=       585  NNZ=       317  NPT=    185445
   DOF:     N=3*NPT =    556335
   Sources: NSR=       100  NSS=       100  NK=        55
   RHS total (per IK): nrhs_tot=3*NSS =       300
   Batch:    MAX_RHS_BATCH=        32  nbatches=        10
   GFMY  (GFX+GFY+GFZ):         68.393 GB
   RHS_MY(rhs+sol buffers):      0.531 GB
 
 running run_ik_loop_pardiso
before CA | VmRSS=  71.032 GB  VmHWM=  81.290 GB
after CA | VmRSS=  71.660 GB  VmHWM=  81.290 GB
after factor | VmRSS=  75.426 GB  VmHWM=  81.290 GB
f=     4.750 Hz | ky=  0.707790E-03 | IK=       1/      55 | t=   24.061100 s | CA=  2.5062 | fact= 12.6984 | GF=  8.8563 | solve=  8.1812 | scatter=  0.2742
f=     4.750 Hz | ky=  0.141558E-02 | IK=       2/      55 | t=   13.784700 s | CA=  2.5478 | fact=  2.4960 | GF=  8.7409 | solve=  8.1159 | scatter=  0.2546
f=     4.750 Hz | ky=  0.212337E-02 | IK=       3/      55 | t=   13.833200 s | CA=  2.5551 | fact=  2.5058 | GF=  8.7723 | solve=  8.1483 | scatter=  0.2533
f=     4.750 Hz | ky=  0.283116E-02 | IK=       4/      55 | t=   13.732900 s | CA=  2.5242 | fact=  2.4942 | GF=  8.7145 | solve=  8.0888 | scatter=  0.2546
f=     4.750 Hz | ky=  0.353895E-02 | IK=       5/      55 | t=   13.724500 s | CA=  2.5459 | fact=  2.4562 | GF=  8.7223 | solve=  8.0952 | scatter=  0.2554
f=     4.750 Hz | ky=  0.424674E-02 | IK=       6/      55 | t=   13.766700 s | CA=  2.5665 | fact=  2.4942 | GF=  8.7059 | solve=  8.0798 | scatter=  0.2551
f=     4.750 Hz | ky=  0.495453E-02 | IK=       7/      55 | t=   13.783600 s | CA=  2.5534 | fact=  2.5102 | GF=  8.7199 | solve=  8.0957 | scatter=  0.2534
f=     4.750 Hz | ky=  0.566232E-02 | IK=       8/      55 | t=   13.778300 s | CA=  2.5494 | fact=  2.5017 | GF=  8.7272 | solve=  8.1025 | scatter=  0.2536
f=     4.750 Hz | ky=  0.637011E-02 | IK=       9/      55 | t=   13.875900 s | CA=  2.6115 | fact=  2.5034 | GF=  8.7609 | solve=  8.1368 | scatter=  0.2534
f=     4.750 Hz | ky=  0.707790E-02 | IK=      10/      55 | t=   13.790100 s | CA=  2.5639 | fact=  2.4887 | GF=  8.7374 | solve=  8.1019 | scatter=  0.2649
PARDISO mem (f=  4.75 Hz): sym=  1.95 GB  perm=  1.42 GB  num=  3.22 GB  
peak=  4.64 GB
t_global   =    301.643 s
TIME for 2d forward modeling_i calc =  5.026789855957031 min
Rank    4 -> ID range:   3201 to   4000 | Tasks:    800
Rank    5 -> ID range:   4001 to   4800 | Tasks:    800
Rank    2 -> ID range:   1601 to   2400 | Tasks:    800
Rank    1 -> ID range:    801 to   1600 | Tasks:    800
Rank    3 -> ID range:   2401 to   3200 | Tasks:    800
  
 -------------- calculate Frechet derivatives -----------
 IFREQ =           6    ITERATION =           1
Frechet memory size Frec_my:      0.825 (Gb)
Rank    0 -> ID range:      1 to    800 | Tasks:    800
FREQ:      4.8 Hz, ITER=       1  Frechet Derivative ID=     100/    4800 Finished   0.192000 s
FREQ:      4.8 Hz, ITER=       1  Frechet Derivative ID=     200/    4800 Finished   0.194600 s
FREQ:      4.8 Hz, ITER=       1  Frechet Derivative ID=     300/    4800 Finished   0.190600 s
FREQ:      4.8 Hz, ITER=       1  Frechet Derivative ID=     400/    4800 Finished   0.176700 s
FREQ:      4.8 Hz, ITER=       1  Frechet Derivative ID=     500/    4800 Finished   0.192300 s
FREQ:      4.8 Hz, ITER=       1  Frechet Derivative ID=     600/    4800 Finished   0.192200 s
FREQ:      4.8 Hz, ITER=       1  Frechet Derivative ID=     700/    4800 Finished   0.191700 s
FREQ:      4.8 Hz, ITER=       1  Frechet Derivative ID=     800/    4800 Finished   0.187200 s
||Frechet||_F=  8.4059E-19max|Frechet|=  1.4816E-23
||Frechet||_F=  8.4059E-19max|Frechet|=  1.4816E-23
||Frechet||_F=  8.4059E-19max|Frechet|=  1.4816E-23
||Frechet||_F=  8.4059E-19max|Frechet|=  1.4816E-23
||Frechet||_F=  8.4059E-19max|Frechet|=  1.4816E-23
 
TIME for Frechet calc =  2.899244944254557 min
 
m_fine: min= -5.0921E+09  max=  1.2258E+10  mean=  8.0756E+09  ||.||2=  3.9367E+12  size=  185445
m_coarse_prev: min= -2.9068E+09  max=  1.2184E+10  mean=  8.0789E+09  ||.||2=  9.8170E+11  size=   11534
 
  compute the residual and the cost function
 WD_amp= 6.40691E+13  RESID_RMS= 2.32665E-01  FCOST_DATA= 2.70665E-02  FCOST0= 2.70665E-02
||Frechet||_F=  8.4059E-19max|Frechet|=  1.4816E-23
IA=  3  H(single F0) min= 0.00000E+00  max= 1.48385E-02
IA=  3  H(F0^2)     min= 0.00000E+00  max= 1.48385E-02
HESSD: ia=   3  min= 0.00000E+00  max= 1.34785E+04
IA=  3  H(single F0) min= 0.00000E+00  max= 1.48385E-02
IA=  3  H(F0^2)     min= 0.00000E+00  max= 1.48385E-02
HESSD: ia=   3  min= 0.00000E+00  max= 1.34785E+04
IA=  3  H(single F0) min= 0.00000E+00  max= 1.48385E-02
IA=  3  H(F0^2)     min= 0.00000E+00  max= 1.48385E-02
HESSD: ia=   3  min= 0.00000E+00  max= 1.34785E+04
IA=  3  H(single F0) min= 0.00000E+00  max= 1.48385E-02
IA=  3  H(F0^2)     min= 0.00000E+00  max= 1.48385E-02
HESSD: ia=   3  min= 0.00000E+00  max= 1.34785E+04
IA=  3  H(single F0) min= 0.00000E+00  max= 1.48385E-02
IA=  3  H(F0^2)     min= 0.00000E+00  max= 1.48385E-02
HESSD: ia=   3  min= 0.00000E+00  max= 1.34785E+04
IA=  3  H(single F0) min= 0.00000E+00  max= 1.48385E-02
IA=  3  H(F0^2)     min= 0.00000E+00  max= 1.48385E-02
HESSD: ia=   3  min= 0.00000E+00  max= 1.34785E+04
Grad block   3 GRAD_SCALED MORM =   7.9564E-03
Raw grad block  3  PAR={C13}  min= -4.2139E-13  max=  6.4249E-13  L2=  3.7066E-12
Gradient finished
Start LBFGS 
LBFGS steepest step , iter=      1
  g·p = -1.0150E-02  ||p|| =  6.3216E+00
  min(p)= -1.0195E+00  max(p)=  4.4009E-01
LBFGS p_k (unscaled) stats per active parameter:
  IA=  3  PAR={C13}  min=-2.28742E+09  max= 9.87384E+08  L2= 1.41831E+10
min(p_k)= -1.0195E+00  max(p_k)=  4.4009E-01  ||p_k||=  6.3216E+00
min(p_kf)= -1.0195E+00  max(p_kf)=  4.4009E-01  ||p_kf||=  2.5286E+01
p_k/p_kf  =   2.5000E-01
Start linesearch
BT entry: phi(0)=  2.7067E-02  g·p(0)= -1.0150E-02
 UPDATEPARAMETER: f-scale only
UPDATEPARAMETER PAR_STEP min/max, V_STEP min/max = -6.3017858247E+09  1.2254210417E+10
 -6.3017858247E+09  1.2254210417E+10
REL STEP elastic: k=  3 row=  3 rmax_k=  1.0120E+02 row_scale=  1.2258E+10
BT cap probe: rmax1=  1.0120E+02  alpha_cap=  4.9407E-03  alpha00=  1.0000E+00
 UPDATEPARAMETER: f-scale only
UPDATEPARAMETER PAR_STEP min/max, V_STEP min/max = -5.0980738833E+09  1.2257680214E+10
 -5.0980738833E+09  1.2257680214E+10
 running run_ik_loop_pardiso
before CA | VmRSS=  16.352 GB  VmHWM=  81.290 GB
after CA | VmRSS=  17.569 GB  VmHWM=  81.290 GB
after factor | VmRSS=  21.332 GB  VmHWM=  81.290 GB
f=     4.750 Hz | ky=  0.707790E-03 | IK=       1/      55 | t=   17.149700 s | CA=  2.5346 | fact= 12.7263 | GF=  1.8886 | solve=  1.7349 | scatter=  0.0516
f=     4.750 Hz | ky=  0.141558E-02 | IK=       2/      55 | t=    6.823700 s | CA=  2.5331 | fact=  2.4974 | GF=  1.7932 | solve=  1.6680 | scatter=  0.0533
f=     4.750 Hz | ky=  0.212337E-02 | IK=       3/      55 | t=    6.819500 s | CA=  2.5703 | fact=  2.4623 | GF=  1.7868 | solve=  1.6629 | scatter=  0.0522
f=     4.750 Hz | ky=  0.283116E-02 | IK=       4/      55 | t=    6.841400 s | CA=  2.5570 | fact=  2.4972 | GF=  1.7872 | solve=  1.6647 | scatter=  0.0505
f=     4.750 Hz | ky=  0.353895E-02 | IK=       5/      55 | t=    6.817500 s | CA=  2.5323 | fact=  2.4899 | GF=  1.7953 | solve=  1.6723 | scatter=  0.0511
f=     4.750 Hz | ky=  0.424674E-02 | IK=       6/      55 | t=    6.848800 s | CA=  2.5471 | fact=  2.5074 | GF=  1.7943 | solve=  1.6691 | scatter=  0.0533
f=     4.750 Hz | ky=  0.495453E-02 | IK=       7/      55 | t=    6.827700 s | CA=  2.5448 | fact=  2.4972 | GF=  1.7857 | solve=  1.6641 | scatter=  0.0495
f=     4.750 Hz | ky=  0.566232E-02 | IK=       8/      55 | t=    6.761600 s | CA=  2.5184 | fact=  2.4621 | GF=  1.7811 | solve=  1.6572 | scatter=  0.0515
f=     4.750 Hz | ky=  0.637011E-02 | IK=       9/      55 | t=    6.817600 s | CA=  2.5269 | fact=  2.4990 | GF=  1.7916 | solve=  1.6672 | scatter=  0.0525
f=     4.750 Hz | ky=  0.707790E-02 | IK=      10/      55 | t=    6.849400 s | CA=  2.5563 | fact=  2.5005 | GF=  1.7926 | solve=  1.6695 | scatter=  0.0512
PARDISO mem (f=  4.75 Hz): sym=  1.95 GB  perm=  1.42 GB  num=  3.22 GB  
peak=  4.64 GB
 WD_amp= 6.40691E+13  RESID_RMS= 2.32417E-01  FCOST_DATA= 2.70088E-02  FCOST0= 2.70088E-02
BT: alpha=  4.9407E-03  phi=  2.7009E-02  rhs=  2.7066E-02
  
  
  
  
  
Convergence reached, updating parameter grid
ALPHA from line search =  .4940662477254891E-02
 FCOST0 after linesearch  2.700878512208934E-002
Norm of s (s_norm) =  .3123272318685234E-01
  
Time for LBFGS =  1.832183329264323 min
  
 Frequency:           6 Iteration:           2
t_global   =    300.949 s
  
 -------------- calculate Frechet derivatives -----------
 IFREQ =           6    ITERATION =           2
||Frechet||_F=  8.4045E-19max|Frechet|=  1.4817E-23
||Frechet||_F=  8.4045E-19max|Frechet|=  1.4817E-23
||Frechet||_F=  8.4045E-19max|Frechet|=  1.4817E-23
||Frechet||_F=  8.4045E-19max|Frechet|=  1.4817E-23
||Frechet||_F=  8.4045E-19max|Frechet|=  1.4817E-23
 
TIME for Frechet calc =  2.878613281250000 min
 
 
  compute the residual and the cost function
 WD_amp= 6.40691E+13  RESID_RMS= 2.32417E-01  FCOST_DATA= 2.70088E-02  FCOST0= 2.70088E-02
||Frechet||_F=  8.4045E-19max|Frechet|=  1.4817E-23
Grad block   3 GRAD_SCALED MORM =   7.8239E-03
Raw grad block  3  PAR={C13}  min= -4.2308E-13  max=  6.3575E-13  L2=  3.6455E-12
Gradient finished
Start LBFGS 
curvature (warm): s·y=  3.3417E-06  ||s||^2=  9.7548E-04  ||y||^2=  6.5482E-08  sTy_min=  7.9923E-07
LBFGS step: g·p = -9.9547E-03  ||p||=  1.0880E+01
LBFGS step: min(p)= -1.7609E+00  max(p)=  1.0146E+00
LBFGS p_k (unscaled) stats per active parameter:
  IA=  3  PAR={C13}  min=-3.95080E+09  max= 2.27636E+09  L2= 2.44107E+10
min(p_k)= -1.7609E+00  max(p_k)=  1.0146E+00  ||p_k||=  1.0880E+01
min(p_kf)= -1.7609E+00  max(p_kf)=  1.0146E+00  ||p_kf||=  4.3521E+01
p_k/p_kf  =   2.5000E-01
Start linesearch
MT entry: phi(0)=  2.7009E-02  dg0= -9.9547E-03  alpha0=  1.0000E+00
 UPDATEPARAMETER: f-scale only
UPDATEPARAMETER PAR_STEP min/max, V_STEP min/max = -7.3404317211E+09  1.2248461877E+10
 -7.3404317211E+09  1.2248461877E+10
 WD_amp= 6.40691E+13  RESID_RMS= 3.55753E-01  FCOST_DATA= 6.32802E-02  FCOST0= 6.32802E-02
  
 -------------- calculate Frechet derivatives -----------
 IFREQ =           6    ITERATION =           2
||Frechet||_F=  8.4863E-19max|Frechet|=  1.4620E-23
||Frechet||_F=  8.4863E-19max|Frechet|=  1.4620E-23
||Frechet||_F=  8.4863E-19max|Frechet|=  1.4620E-23
||Frechet||_F=  8.4863E-19max|Frechet|=  1.4620E-23
||Frechet||_F=  8.4863E-19max|Frechet|=  1.4620E-23
||Frechet||_F=  8.4863E-19max|Frechet|=  1.4620E-23
Grad block   3 GRAD_SCALED MORM =   2.5559E-02
MT try: alpha=  1.0000E+00  phi=  6.3280E-02  dg=  3.5229E-02  dg0= -9.9547E-03
MT try: armijo_rhs=  2.7008E-02  armijo=F  curvature=F  task=FG
 UPDATEPARAMETER: f-scale only
UPDATEPARAMETER PAR_STEP min/max, V_STEP min/max = -5.2227021233E+09  1.2257167868E+10
 -5.2227021233E+09  1.2257167868E+10
 WD_amp= 6.40691E+13  RESID_RMS= 2.30485E-01  FCOST_DATA= 2.65617E-02  FCOST0= 2.65617E-02
  
 -------------- calculate Frechet derivatives -----------
 IFREQ =           6    ITERATION =           2
||Frechet||_F=  8.4045E-19max|Frechet|=  1.4819E-23
||Frechet||_F=  8.4045E-19max|Frechet|=  1.4819E-23
||Frechet||_F=  8.4045E-19max|Frechet|=  1.4819E-23
||Frechet||_F=  8.4045E-19max|Frechet|=  1.4819E-23
||Frechet||_F=  8.4045E-19max|Frechet|=  1.4819E-23
||Frechet||_F=  8.4045E-19max|Frechet|=  1.4819E-23
Grad block   3 GRAD_SCALED MORM =   7.5211E-03
MT try: alpha=  5.5579E-02  phi=  2.6562E-02  dg= -7.7123E-03  dg0= -9.9547E-03
MT try: armijo_rhs=  2.7009E-02  armijo=T  curvature=T  task=FG
  
  
Convergence reached, updating parameter grid
ALPHA from line search =  .5557910422646486E-01
 FCOST0 after linesearch  2.656170082162224E-002
Norm of s (s_norm) =  .6047084168183973
  
  
  
  
Time for LBFGS =  15.57190043131510 min
  
 Frequency:           6 Iteration:           3
t_global   =    300.525 s
  
 -------------- calculate Frechet derivatives -----------
 IFREQ =           6    ITERATION =           3
||Frechet||_F=  8.4045E-19max|Frechet|=  1.4819E-23
||Frechet||_F=  8.4045E-19max|Frechet|=  1.4819E-23
||Frechet||_F=  8.4045E-19max|Frechet|=  1.4819E-23
||Frechet||_F=  8.4045E-19max|Frechet|=  1.4819E-23
||Frechet||_F=  8.4045E-19max|Frechet|=  1.4819E-23
 
TIME for Frechet calc =  2.888508351643880 min
 
 
  compute the residual and the cost function
 WD_amp= 6.40691E+13  RESID_RMS= 2.30485E-01  FCOST_DATA= 2.65617E-02  FCOST0= 2.65617E-02
||Frechet||_F=  8.4045E-19max|Frechet|=  1.4819E-23
Grad block   3 GRAD_SCALED MORM =   7.5211E-03
Gradient finished
Start LBFGS 
curvature (warm): s·y=  1.2463E-04  ||s||^2=  3.6567E-01  ||y||^2=  8.2844E-07  sTy_min=  5.5040E-05
LBFGS step: g·p = -1.9629E-02  ||p||=  2.4970E+01
LBFGS step: min(p)= -3.9641E+00  max(p)=  2.1949E+00
LBFGS p_k (unscaled) stats per active parameter:
  IA=  3  PAR={C13}  min=-8.89378E+09  max= 4.92459E+09  L2= 5.60236E+10
min(p_k)= -3.9641E+00  max(p_k)=  2.1949E+00  ||p_k||=  2.4970E+01
min(p_kf)= -3.9641E+00  max(p_kf)=  2.1949E+00  ||p_kf||=  9.9882E+01
p_k/p_kf  =   2.5000E-01
Start linesearch
MT entry: phi(0)=  2.6562E-02  dg0= -1.9629E-02  alpha0=  1.0000E+00
 UPDATEPARAMETER: f-scale only
UPDATEPARAMETER PAR_STEP min/max, V_STEP min/max = -1.0884742258E+10  1.2281488696E+10
 -1.0884742258E+10  1.2281488696E+10
 WD_amp= 6.40691E+13  RESID_RMS= 4.31657E-01  FCOST_DATA= 9.31641E-02  FCOST0= 9.31641E-02
  
 -------------- calculate Frechet derivatives -----------
 IFREQ =           6    ITERATION =           3
||Frechet||_F=  8.7689E-19max|Frechet|=  1.4993E-23
||Frechet||_F=  8.7689E-19max|Frechet|=  1.4993E-23
||Frechet||_F=  8.7689E-19max|Frechet|=  1.4993E-23
||Frechet||_F=  8.7689E-19max|Frechet|=  1.4993E-23
||Frechet||_F=  8.7689E-19max|Frechet|=  1.4993E-23
||Frechet||_F=  8.7689E-19max|Frechet|=  1.4993E-23
Grad block   3 GRAD_SCALED MORM =   3.1139E-02
MT try: alpha=  1.0000E+00  phi=  9.3164E-02  dg=  5.5125E-02  dg0= -1.9629E-02
MT try: armijo_rhs=  2.6560E-02  armijo=F  curvature=F  task=FG
 UPDATEPARAMETER: f-scale only
UPDATEPARAMETER PAR_STEP min/max, V_STEP min/max = -5.5258981884E+09  1.2255674371E+10
 -5.5258981884E+09  1.2255674371E+10
 WD_amp= 6.40691E+13  RESID_RMS= 2.25556E-01  FCOST_DATA= 2.54378E-02  FCOST0= 2.54378E-02
  
 -------------- calculate Frechet derivatives -----------
 IFREQ =           6    ITERATION =           3
||Frechet||_F=  8.4093E-19max|Frechet|=  1.4848E-23
||Frechet||_F=  8.4093E-19max|Frechet|=  1.4848E-23
||Frechet||_F=  8.4093E-19max|Frechet|=  1.4848E-23
||Frechet||_F=  8.4093E-19max|Frechet|=  1.4848E-23
||Frechet||_F=  8.4093E-19max|Frechet|=  1.4848E-23
||Frechet||_F=  8.4093E-19max|Frechet|=  1.4848E-23
Grad block   3 GRAD_SCALED MORM =   7.3080E-03
MT try: alpha=  5.5841E-02  phi=  2.5438E-02  dg= -1.2822E-02  dg0= -1.9629E-02
MT try: armijo_rhs=  2.6562E-02  armijo=T  curvature=T  task=FG
  
  
Convergence reached, updating parameter grid
ALPHA from line search =  .5584055372475435E-01
 FCOST0 after linesearch  2.543780554148419E-002
Norm of s (s_norm) =  1.394359974349613
  
  
  
  
Convergence check at iteration    3
  Relative cost decrease  =  4.2313E-02
  Relative model update   =  0.0000E+00
  Relative grad. norm     =  7.8703E-01
Time for LBFGS =  15.64109191894531 min
  
 Frequency:           6 Iteration:           4
t_global   =    301.126 s
  
 -------------- calculate Frechet derivatives -----------
 IFREQ =           6    ITERATION =           4
||Frechet||_F=  8.4093E-19max|Frechet|=  1.4848E-23
||Frechet||_F=  8.4093E-19max|Frechet|=  1.4848E-23
||Frechet||_F=  8.4093E-19max|Frechet|=  1.4848E-23
 
TIME for Frechet calc =  2.799021657307943 min
 
 
  compute the residual and the cost function
 WD_amp= 6.40691E+13  RESID_RMS= 2.25556E-01  FCOST_DATA= 2.54378E-02  FCOST0= 2.54378E-02
||Frechet||_F=  8.4093E-19max|Frechet|=  1.4848E-23
||Frechet||_F=  8.4093E-19max|Frechet|=  1.4848E-23
||Frechet||_F=  8.4093E-19max|Frechet|=  1.4848E-23
Grad block   3 GRAD_SCALED MORM =   7.3080E-03
Gradient finished
Start LBFGS 
curvature (warm): s·y=  3.8006E-04  ||s||^2=  1.9442E+00  ||y||^2=  1.9344E-06  sTy_min=  1.9393E-04
LBFGS step: g·p = -2.0216E-02  ||p||=  2.9212E+01
LBFGS step: min(p)= -5.4942E+00  max(p)=  2.2658E+00
LBFGS p_k (unscaled) stats per active parameter:
  IA=  3  PAR={C13}  min=-1.23269E+10  max= 5.08353E+09  L2= 6.55406E+10
min(p_k)= -5.4942E+00  max(p_k)=  2.2658E+00  ||p_k||=  2.9212E+01
min(p_kf)= -5.4942E+00  max(p_kf)=  2.2658E+00  ||p_kf||=  1.1685E+02
p_k/p_kf  =   2.5000E-01
Start linesearch
MT entry: phi(0)=  2.5438E-02  dg0= -2.0216E-02  alpha0=  1.0000E+00
 UPDATEPARAMETER: f-scale only
UPDATEPARAMETER PAR_STEP min/max, V_STEP min/max = -1.4762437475E+10  1.2378722507E+10
 -1.4762437475E+10  1.2378722507E+10
 WD_amp= 6.40691E+13  RESID_RMS= 5.03793E-01  FCOST_DATA= 1.26904E-01  FCOST0= 1.26904E-01
  
 -------------- calculate Frechet derivatives -----------
 IFREQ =           6    ITERATION =           4
||Frechet||_F=  8.7072E-19max|Frechet|=  1.3862E-23
||Frechet||_F=  8.7072E-19max|Frechet|=  1.3862E-23
||Frechet||_F=  8.7072E-19max|Frechet|=  1.3862E-23
||Frechet||_F=  8.7072E-19max|Frechet|=  1.3862E-23
||Frechet||_F=  8.7072E-19max|Frechet|=  1.3862E-23
||Frechet||_F=  8.7072E-19max|Frechet|=  1.3862E-23
Grad block   3 GRAD_SCALED MORM =   3.8169E-02
MT try: alpha=  1.0000E+00  phi=  1.2690E-01  dg=  6.2826E-02  dg0= -2.0216E-02
MT try: armijo_rhs=  2.5436E-02  armijo=F  curvature=F  task=FG
 UPDATEPARAMETER: f-scale only
UPDATEPARAMETER PAR_STEP min/max, V_STEP min/max = -5.7974663816E+09  1.2254349785E+10
 -5.7974663816E+09  1.2254349785E+10
 WD_amp= 6.40691E+13  RESID_RMS= 2.23011E-01  FCOST_DATA= 2.48669E-02  FCOST0= 2.48669E-02
  
 -------------- calculate Frechet derivatives -----------
 IFREQ =           6    ITERATION =           4
||Frechet||_F=  8.4066E-19max|Frechet|=  1.4826E-23
||Frechet||_F=  8.4066E-19max|Frechet|=  1.4826E-23
||Frechet||_F=  8.4066E-19max|Frechet|=  1.4826E-23
||Frechet||_F=  8.4066E-19max|Frechet|=  1.4826E-23
||Frechet||_F=  8.4066E-19max|Frechet|=  1.4826E-23
||Frechet||_F=  8.4066E-19max|Frechet|=  1.4826E-23
Grad block   3 GRAD_SCALED MORM =   6.9703E-03
MT try: alpha=  3.7012E-02  phi=  2.4867E-02  dg= -1.2346E-02  dg0= -2.0216E-02
MT try: armijo_rhs=  2.5438E-02  armijo=T  curvature=T  task=FG
  
  
Convergence reached, updating parameter grid
ALPHA from line search =  .3701204301289433E-01
 FCOST0 after linesearch  2.486687155890921E-002
Norm of s (s_norm) =  1.081204734308223
  
  
  
  
Convergence check at iteration    4
  Relative cost decrease  =  2.2444E-02
  Relative model update   =  0.0000E+00
  Relative grad. norm     =  7.0550E-01
Time for LBFGS =  15.54852498372396 min
  
 Frequency:           6 Iteration:           5
t_global   =    300.653 s
  
 -------------- calculate Frechet derivatives -----------
 IFREQ =           6    ITERATION =           5
||Frechet||_F=  8.4066E-19max|Frechet|=  1.4826E-23
 
TIME for Frechet calc =  2.877491760253906 min
 
 
  compute the residual and the cost function
 WD_amp= 6.40691E+13  RESID_RMS= 2.23011E-01  FCOST_DATA= 2.48669E-02  FCOST0= 2.48669E-02
||Frechet||_F=  8.4066E-19max|Frechet|=  1.4826E-23
||Frechet||_F=  8.4066E-19max|Frechet|=  1.4826E-23
||Frechet||_F=  8.4066E-19max|Frechet|=  1.4826E-23
||Frechet||_F=  8.4066E-19max|Frechet|=  1.4826E-23
||Frechet||_F=  8.4066E-19max|Frechet|=  1.4826E-23
Grad block   3 GRAD_SCALED MORM =   6.9703E-03
Gradient finished
Start LBFGS 
curvature (warm): s·y=  2.9130E-04  ||s||^2=  1.1690E+00  ||y||^2=  1.8347E-06  sTy_min=  1.4645E-04
LBFGS step: g·p = -1.2942E-02  ||p||=  2.1876E+01
LBFGS step: min(p)= -4.4793E+00  max(p)=  1.5560E+00
LBFGS p_k (unscaled) stats per active parameter:
  IA=  3  PAR={C13}  min=-1.00498E+10  max= 3.49099E+09  L2= 4.90804E+10
min(p_k)= -4.4793E+00  max(p_k)=  1.5560E+00  ||p_k||=  2.1876E+01
min(p_kf)= -4.4793E+00  max(p_kf)=  1.5560E+00  ||p_kf||=  8.7503E+01
p_k/p_kf  =   2.5000E-01
Start linesearch
MT entry: phi(0)=  2.4867E-02  dg0= -1.2942E-02  alpha0=  1.0000E+00
 UPDATEPARAMETER: f-scale only
UPDATEPARAMETER PAR_STEP min/max, V_STEP min/max = -1.3151609063E+10  1.2309045590E+10
 -1.3151609063E+10  1.2309045590E+10
 WD_amp= 6.40691E+13  RESID_RMS= 3.85588E-01  FCOST_DATA= 7.43391E-02  FCOST0= 7.43391E-02
  
 -------------- calculate Frechet derivatives -----------
 IFREQ =           6    ITERATION =           5
||Frechet||_F=  8.7143E-19max|Frechet|=  1.4116E-23
||Frechet||_F=  8.7143E-19max|Frechet|=  1.4116E-23
||Frechet||_F=  8.7143E-19max|Frechet|=  1.4116E-23
||Frechet||_F=  8.7143E-19max|Frechet|=  1.4116E-23
||Frechet||_F=  8.7143E-19max|Frechet|=  1.4116E-23
||Frechet||_F=  8.7143E-19max|Frechet|=  1.4116E-23
Grad block   3 GRAD_SCALED MORM =   3.3507E-02
MT try: alpha=  1.0000E+00  phi=  7.4339E-02  dg=  4.1674E-02  dg0= -1.2942E-02
MT try: armijo_rhs=  2.4866E-02  armijo=F  curvature=F  task=FG
 UPDATEPARAMETER: f-scale only
UPDATEPARAMETER PAR_STEP min/max, V_STEP min/max = -6.1074822652E+09  1.2252800688E+10
 -6.1074822652E+09  1.2252800688E+10
 WD_amp= 6.40691E+13  RESID_RMS= 2.20760E-01  FCOST_DATA= 2.43676E-02  FCOST0= 2.43676E-02
  
 -------------- calculate Frechet derivatives -----------
 IFREQ =           6    ITERATION =           5
||Frechet||_F=  8.4108E-19max|Frechet|=  1.4772E-23
||Frechet||_F=  8.4108E-19max|Frechet|=  1.4772E-23
||Frechet||_F=  8.4108E-19max|Frechet|=  1.4772E-23
||Frechet||_F=  8.4108E-19max|Frechet|=  1.4772E-23
||Frechet||_F=  8.4108E-19max|Frechet|=  1.4772E-23
||Frechet||_F=  8.4108E-19max|Frechet|=  1.4772E-23
Grad block   3 GRAD_SCALED MORM =   6.6966E-03
MT try: alpha=  5.0845E-02  phi=  2.4368E-02  dg= -9.9211E-03  dg0= -1.2942E-02
MT try: armijo_rhs=  2.4867E-02  armijo=T  curvature=T  task=FG
Convergence reached, updating parameter grid
ALPHA from line search =  .5084528796929760E-01
 FCOST0 after linesearch  2.436756589391071E-002
Norm of s (s_norm) =  1.112278034850591
  
  
  
Convergence check at iteration    5
  Relative cost decrease  =  2.0079E-02
  Relative model update   =  0.0000E+00
  Relative grad. norm     =  5.6454E-01
Time for LBFGS =  15.69734802246094 min
  
  
  
  
 Frequency:           6 Iteration:           6
t_global   =    301.236 s
  
 -------------- calculate Frechet derivatives -----------
 IFREQ =           6    ITERATION =           6
||Frechet||_F=  8.4108E-19max|Frechet|=  1.4772E-23
||Frechet||_F=  8.4108E-19max|Frechet|=  1.4772E-23
||Frechet||_F=  8.4108E-19max|Frechet|=  1.4772E-23
||Frechet||_F=  8.4108E-19max|Frechet|=  1.4772E-23
||Frechet||_F=  8.4108E-19max|Frechet|=  1.4772E-23
 
TIME for Frechet calc =  2.861244964599609 min
 
 
  compute the residual and the cost function
 WD_amp= 6.40691E+13  RESID_RMS= 2.20760E-01  FCOST_DATA= 2.43676E-02  FCOST0= 2.43676E-02
||Frechet||_F=  8.4108E-19max|Frechet|=  1.4772E-23
Grad block   3 GRAD_SCALED MORM =   6.6966E-03
Gradient finished
Start LBFGS 
curvature (warm): s·y=  1.5362E-04  ||s||^2=  1.2372E+00  ||y||^2=  1.2847E-06  sTy_min=  1.2607E-04
LBFGS step: g·p = -2.2261E-02  ||p||=  4.0943E+01
LBFGS step: min(p)= -8.6525E+00  max(p)=  2.7509E+00
LBFGS p_k (unscaled) stats per active parameter:
  IA=  3  PAR={C13}  min=-1.94128E+10  max= 6.17191E+09  L2= 9.18591E+10
min(p_k)= -8.6525E+00  max(p_k)=  2.7509E+00  ||p_k||=  4.0943E+01
min(p_kf)= -8.6525E+00  max(p_kf)=  2.7509E+00  ||p_kf||=  1.6377E+02
p_k/p_kf  =   2.5000E-01
Start linesearch
MT entry: phi(0)=  2.4368E-02  dg0= -2.2261E-02  alpha0=  1.0000E+00
 UPDATEPARAMETER: f-scale only
UPDATEPARAMETER PAR_STEP min/max, V_STEP min/max = -2.2377299729E+10  1.3032466306E+10
 -2.2377299729E+10  1.3032466306E+10
 WD_amp= 6.40691E+13  RESID_RMS= 6.43427E-01  FCOST_DATA= 2.06999E-01  FCOST0= 2.06999E-01
  
 -------------- calculate Frechet derivatives -----------
 IFREQ =           6    ITERATION =           6
||Frechet||_F=  9.0595E-19max|Frechet|=  1.3171E-23
||Frechet||_F=  9.0595E-19max|Frechet|=  1.3171E-23
||Frechet||_F=  9.0595E-19max|Frechet|=  1.3171E-23
||Frechet||_F=  9.0595E-19max|Frechet|=  1.3171E-23
||Frechet||_F=  9.0595E-19max|Frechet|=  1.3171E-23
||Frechet||_F=  9.0595E-19max|Frechet|=  1.3171E-23
Grad block   3 GRAD_SCALED MORM =   6.9678E-02
MT try: alpha=  1.0000E+00  phi=  2.0700E-01  dg=  1.4328E-01  dg0= -2.2261E-02
MT try: armijo_rhs=  2.4365E-02  armijo=F  curvature=F  task=FG
 UPDATEPARAMETER: f-scale only
UPDATEPARAMETER PAR_STEP min/max, V_STEP min/max = -6.4107749702E+09  1.2251275460E+10
 -6.4107749702E+09  1.2251275460E+10
 WD_amp= 6.40691E+13  RESID_RMS= 2.20006E-01  FCOST_DATA= 2.42013E-02  FCOST0= 2.42013E-02
  
 -------------- calculate Frechet derivatives -----------
 IFREQ =           6    ITERATION =           6
||Frechet||_F=  8.4075E-19max|Frechet|=  1.4716E-23
||Frechet||_F=  8.4075E-19max|Frechet|=  1.4716E-23
||Frechet||_F=  8.4075E-19max|Frechet|=  1.4716E-23
||Frechet||_F=  8.4075E-19max|Frechet|=  1.4716E-23
||Frechet||_F=  8.4075E-19max|Frechet|=  1.4716E-23
||Frechet||_F=  8.4075E-19max|Frechet|=  1.4716E-23
Grad block   3 GRAD_SCALED MORM =   6.3809E-03
MT try: alpha=  2.5304E-02  phi=  2.4201E-02  dg= -1.9058E-02  dg0= -2.2261E-02
MT try: armijo_rhs=  2.4368E-02  armijo=T  curvature=T  task=FG
  
  
  
  
  
Convergence reached, updating parameter grid
ALPHA from line search =  .2530369374971864E-01
 FCOST0 after linesearch  2.420126743959931E-002
Norm of s (s_norm) =  1.036002100590093
  
Convergence check at iteration    6
  Relative cost decrease  =  6.8246E-03
  Relative model update   =  0.0000E+00
  Relative grad. norm     =  4.8743E-01
Time for LBFGS =  15.64001159667969 min
  
 Frequency:           6 Iteration:           7
t_global   =    301.189 s
  
 -------------- calculate Frechet derivatives -----------
 IFREQ =           6    ITERATION =           7
||Frechet||_F=  8.4075E-19max|Frechet|=  1.4716E-23
||Frechet||_F=  8.4075E-19max|Frechet|=  1.4716E-23
||Frechet||_F=  8.4075E-19max|Frechet|=  1.4716E-23
||Frechet||_F=  8.4075E-19max|Frechet|=  1.4716E-23
||Frechet||_F=  8.4075E-19max|Frechet|=  1.4716E-23
 
TIME for Frechet calc =  2.920495096842448 min
 
 
  compute the residual and the cost function
 WD_amp= 6.40691E+13  RESID_RMS= 2.20006E-01  FCOST_DATA= 2.42013E-02  FCOST0= 2.42013E-02
||Frechet||_F=  8.4075E-19max|Frechet|=  1.4716E-23
Grad block   3 GRAD_SCALED MORM =   6.3809E-03
Gradient finished
Start LBFGS 
curvature (full): s·y=  8.1043E-05  ||s||^2=  1.0733E+00  ||y||^2=  7.3572E-07  sTy_min=  8.8862E-05
   -> restart: insufficient/invalid curvature
LBFGS steepest step , iter=      7
  g·p = -3.2308E-03  ||p|| =  4.3732E+00
  min(p)= -9.0836E-01  max(p)=  3.0302E-01
LBFGS restart: g·p= -3.2308E-03  ||p||=  4.3732E+00
LBFGS p_k (unscaled) stats per active parameter:
  IA=  3  PAR={C13}  min=-2.03799E+09  max= 6.79848E+08  L2= 9.81179E+09
min(p_k)= -9.0836E-01  max(p_k)=  3.0302E-01  ||p_k||=  4.3732E+00
min(p_kf)= -9.0836E-01  max(p_kf)=  3.0302E-01  ||p_kf||=  1.7493E+01
p_k/p_kf  =   2.5000E-01
Start linesearch
MT entry: phi(0)=  2.4201E-02  dg0= -3.2308E-03  alpha0=  1.0000E+00
 UPDATEPARAMETER: f-scale only
UPDATEPARAMETER PAR_STEP min/max, V_STEP min/max = -7.6713070123E+09  1.2246880037E+10
 -7.6713070123E+09  1.2246880037E+10
 WD_amp= 6.40691E+13  RESID_RMS= 2.85527E-01  FCOST_DATA= 4.07628E-02  FCOST0= 4.07628E-02
  
 -------------- calculate Frechet derivatives -----------
 IFREQ =           6    ITERATION =           7
||Frechet||_F=  8.2926E-19max|Frechet|=  1.4576E-23
||Frechet||_F=  8.2926E-19max|Frechet|=  1.4576E-23
||Frechet||_F=  8.2926E-19max|Frechet|=  1.4576E-23
||Frechet||_F=  8.2926E-19max|Frechet|=  1.4576E-23
||Frechet||_F=  8.2926E-19max|Frechet|=  1.4576E-23
||Frechet||_F=  8.2926E-19max|Frechet|=  1.4576E-23
Grad block   3 GRAD_SCALED MORM =   2.7887E-02
MT try: alpha=  1.0000E+00  phi=  4.0763E-02  dg=  2.0363E-02  dg0= -3.2308E-03
MT try: armijo_rhs=  2.4201E-02  armijo=F  curvature=F  task=FG
 UPDATEPARAMETER: f-scale only
UPDATEPARAMETER PAR_STEP min/max, V_STEP min/max = -6.4695148316E+09  1.2250983171E+10
 -6.4695148316E+09  1.2250983171E+10
 WD_amp= 6.40691E+13  RESID_RMS= 2.19861E-01  FCOST_DATA= 2.41695E-02  FCOST0= 2.41695E-02
  
 -------------- calculate Frechet derivatives -----------
 IFREQ =           6    ITERATION =           7
||Frechet||_F=  8.4015E-19max|Frechet|=  1.4714E-23
||Frechet||_F=  8.4015E-19max|Frechet|=  1.4714E-23
||Frechet||_F=  8.4015E-19max|Frechet|=  1.4714E-23
||Frechet||_F=  8.4015E-19max|Frechet|=  1.4714E-23
||Frechet||_F=  8.4015E-19max|Frechet|=  1.4714E-23
||Frechet||_F=  8.4015E-19max|Frechet|=  1.4714E-23
Grad block   3 GRAD_SCALED MORM =   6.2050E-03
MT try: alpha=  4.6599E-02  phi=  2.4169E-02  dg= -1.9512E-03  dg0= -3.2308E-03
MT try: armijo_rhs=  2.4201E-02  armijo=T  curvature=T  task=FG
  
  
  
Convergence reached, updating parameter grid
ALPHA from line search =  .4659926082984339E-01
 FCOST0 after linesearch  2.416949702229738E-002
Norm of s (s_norm) =  .2037891901646542
  
  
  
Convergence check at iteration    7
  Relative cost decrease  =  1.3128E-03
  Relative model update   =  0.0000E+00
  Relative grad. norm     =  2.8740E-01
Time for LBFGS =  15.58346354166667 min
 --------- Frequency   5.20000000000000       (band            1 )
[ComputeAcqWeight] empty acq_weight_file, using uniform weights = 1.0
Data weighting computed for frequency 4607182418800017373
XSRmin, XSRmax, ZSRmin, ZSRMax -1960.000000000000 .000000000000000 2050.000000000000 4030.000000000000
1 FKYC
1.2 FKYC
my_rank, FKYC,WLMAX, RMAX 0 .4261638730087023E-01 985.1497682389943 2786.036611389018
1.1 NK
NK in cky2= 55

  Number of wavenumber samples (NK) for FREQ =   55
Data weighting computed for frequency 4607182418800017373
Data weighting computed for frequency 4607182418800017373
Data weighting computed for frequency 4607182418800017373
Data weighting computed for frequency 4607182418800017373
Data weighting computed for frequency 4607182418800017373
  RMAX = 2786.04
--- Pre-solver preview (memory + RHS workload) ---
   GQG dims: NNX=       585  NNZ=       317  NPT=    185445
   DOF:     N=3*NPT =    556335
   Sources: NSR=       100  NSS=        20  NK=        55
   RHS total (per IK): nrhs_tot=3*NSS =        60
   Batch:    MAX_RHS_BATCH=        32  nbatches=         2
   GFMY  (GFX+GFY+GFZ):         13.679 GB
   RHS_MY(rhs+sol buffers):      0.531 GB
 
 running run_ik_loop_pardiso
before CA | VmRSS=  15.489 GB  VmHWM=  81.290 GB
after CA | VmRSS=  16.099 GB  VmHWM=  81.290 GB
after factor | VmRSS=  19.871 GB  VmHWM=  81.290 GB
f=     5.200 Hz | ky=  0.774843E-03 | IK=       1/      55 | t=   17.184300 s | CA=  2.5821 | fact= 12.7145 | GF=  1.8875 | solve=  1.7325 | scatter=  0.0531
f=     5.200 Hz | ky=  0.154969E-02 | IK=       2/      55 | t=    6.869800 s | CA=  2.5784 | fact=  2.5024 | GF=  1.7890 | solve=  1.6661 | scatter=  0.0510
f=     5.200 Hz | ky=  0.232453E-02 | IK=       3/      55 | t=    6.848600 s | CA=  2.5625 | fact=  2.4894 | GF=  1.7967 | solve=  1.6732 | scatter=  0.0516
f=     5.200 Hz | ky=  0.309937E-02 | IK=       4/      55 | t=    6.888100 s | CA=  2.6009 | fact=  2.4977 | GF=  1.7894 | solve=  1.6657 | scatter=  0.0514
f=     5.200 Hz | ky=  0.387422E-02 | IK=       5/      55 | t=    6.861000 s | CA=  2.5651 | fact=  2.5041 | GF=  1.7917 | solve=  1.6690 | scatter=  0.0506
f=     5.200 Hz | ky=  0.464906E-02 | IK=       6/      55 | t=    6.846000 s | CA=  2.5670 | fact=  2.4944 | GF=  1.7845 | solve=  1.6594 | scatter=  0.0531
f=     5.200 Hz | ky=  0.542390E-02 | IK=       7/      55 | t=    6.871600 s | CA=  2.5928 | fact=  2.4930 | GF=  1.7858 | solve=  1.6629 | scatter=  0.0511
f=     5.200 Hz | ky=  0.619875E-02 | IK=       8/      55 | t=    6.850600 s | CA=  2.5643 | fact=  2.4990 | GF=  1.7872 | solve=  1.6638 | scatter=  0.0517
f=     5.200 Hz | ky=  0.697359E-02 | IK=       9/      55 | t=    6.880000 s | CA=  2.5833 | fact=  2.5095 | GF=  1.7871 | solve=  1.6616 | scatter=  0.0535
f=     5.200 Hz | ky=  0.774843E-02 | IK=      10/      55 | t=    6.791600 s | CA=  2.5125 | fact=  2.4885 | GF=  1.7906 | solve=  1.6668 | scatter=  0.0517
PARDISO mem (f=  5.20 Hz): sym=  1.95 GB  perm=  1.42 GB  num=  3.22 GB  
peak=  4.64 GB
t_global   =    109.821 s
TIME for 1st forward modeling =  1.830318323771159  min
TIME for GT0 =  .5003333091735840E-02  min
Data scaler W for L2 norm: 66886451458744.52
Data scaler W for WQS norm: .3395193265742062E-312
Total number of active inversion parameters for current sequential stage (IM):          1
Total model blocks points (NM = IM * NBLOCK):      11534 on grid (NMM = IM * NPT):    185445
 Gradient balance ():   1.00000000000000        1.00000000000000     
   1.00000000000000        1.00000000000000        1.00000000000000     
   1.00000000000000        1.00000000000000        1.00000000000000     
   1.00000000000000        1.00000000000000        1.00000000000000     
 IE0, IZ          30           0
 IE0, IZ, GZ1, GZ2 =           30           0   100.000000000000     
   300.000000000000     
  
 Frequency:           7 Iteration:           1
--- Pre-solver preview (memory + RHS workload) ---
   GQG dims: NNX=       585  NNZ=       317  NPT=    185445
   DOF:     N=3*NPT =    556335
   Sources: NSR=       100  NSS=       100  NK=        55
   RHS total (per IK): nrhs_tot=3*NSS =       300
   Batch:    MAX_RHS_BATCH=        32  nbatches=        10
   GFMY  (GFX+GFY+GFZ):         68.393 GB
   RHS_MY(rhs+sol buffers):      0.531 GB
 
 running run_ik_loop_pardiso
before CA | VmRSS=  71.026 GB  VmHWM=  81.290 GB
after CA | VmRSS=  72.251 GB  VmHWM=  81.290 GB
after factor | VmRSS=  76.018 GB  VmHWM=  81.290 GB
f=     5.200 Hz | ky=  0.774843E-03 | IK=       1/      55 | t=   24.057800 s | CA=  2.5040 | fact= 12.7280 | GF=  8.8256 | solve=  8.1709 | scatter=  0.2532
f=     5.200 Hz | ky=  0.154969E-02 | IK=       2/      55 | t=   13.745700 s | CA=  2.5221 | fact=  2.4906 | GF=  8.7329 | solve=  8.1098 | scatter=  0.2529
f=     5.200 Hz | ky=  0.232453E-02 | IK=       3/      55 | t=   13.737300 s | CA=  2.5275 | fact=  2.5042 | GF=  8.7056 | solve=  8.0807 | scatter=  0.2547
f=     5.200 Hz | ky=  0.309937E-02 | IK=       4/      55 | t=   13.742800 s | CA=  2.5362 | fact=  2.4942 | GF=  8.7123 | solve=  8.0831 | scatter=  0.2585
f=     5.200 Hz | ky=  0.387422E-02 | IK=       5/      55 | t=   13.739900 s | CA=  2.5052 | fact=  2.4959 | GF=  8.7387 | solve=  8.1137 | scatter=  0.2538
f=     5.200 Hz | ky=  0.464906E-02 | IK=       6/      55 | t=   13.792400 s | CA=  2.5442 | fact=  2.5120 | GF=  8.7362 | solve=  8.1104 | scatter=  0.2551
f=     5.200 Hz | ky=  0.542390E-02 | IK=       7/      55 | t=   13.722700 s | CA=  2.5253 | fact=  2.4909 | GF=  8.7064 | solve=  8.0821 | scatter=  0.2541
f=     5.200 Hz | ky=  0.619875E-02 | IK=       8/      55 | t=   13.834500 s | CA=  2.5761 | fact=  2.4978 | GF=  8.7605 | solve=  8.1338 | scatter=  0.2561
f=     5.200 Hz | ky=  0.697359E-02 | IK=       9/      55 | t=   13.710400 s | CA=  2.5444 | fact=  2.4312 | GF=  8.7348 | solve=  8.1071 | scatter=  0.2571
f=     5.200 Hz | ky=  0.774843E-02 | IK=      10/      55 | t=   13.728600 s | CA=  2.5012 | fact=  2.5053 | GF=  8.7220 | solve=  8.0961 | scatter=  0.2548
PARDISO mem (f=  5.20 Hz): sym=  1.95 GB  perm=  1.42 GB  num=  3.22 GB  
peak=  4.64 GB
t_global   =    301.314 s
TIME for 2d forward modeling_i calc =  5.021451822916666 min
Rank    4 -> ID range:   3201 to   4000 | Tasks:    800
Rank    5 -> ID range:   4001 to   4800 | Tasks:    800
Rank    1 -> ID range:    801 to   1600 | Tasks:    800
Rank    2 -> ID range:   1601 to   2400 | Tasks:    800
Rank    3 -> ID range:   2401 to   3200 | Tasks:    800
  
 -------------- calculate Frechet derivatives -----------
 IFREQ =           7    ITERATION =           1
Frechet memory size Frec_my:      0.825 (Gb)
Rank    0 -> ID range:      1 to    800 | Tasks:    800
FREQ:      5.2 Hz, ITER=       1  Frechet Derivative ID=     100/    4800 Finished   0.193800 s
FREQ:      5.2 Hz, ITER=       1  Frechet Derivative ID=     200/    4800 Finished   0.192200 s
FREQ:      5.2 Hz, ITER=       1  Frechet Derivative ID=     300/    4800 Finished   0.185000 s
FREQ:      5.2 Hz, ITER=       1  Frechet Derivative ID=     400/    4800 Finished   0.175700 s
FREQ:      5.2 Hz, ITER=       1  Frechet Derivative ID=     500/    4800 Finished   0.186400 s
FREQ:      5.2 Hz, ITER=       1  Frechet Derivative ID=     600/    4800 Finished   0.185600 s
FREQ:      5.2 Hz, ITER=       1  Frechet Derivative ID=     700/    4800 Finished   0.195500 s
FREQ:      5.2 Hz, ITER=       1  Frechet Derivative ID=     800/    4800 Finished   0.203100 s
||Frechet||_F=  8.6484E-19max|Frechet|=  1.6510E-23
||Frechet||_F=  8.6484E-19max|Frechet|=  1.6510E-23
||Frechet||_F=  8.6484E-19max|Frechet|=  1.6510E-23
||Frechet||_F=  8.6484E-19max|Frechet|=  1.6510E-23
 
TIME for Frechet calc =  2.819526672363281 min
 
m_fine: min= -6.4695E+09  max=  1.2251E+10  mean=  8.0824E+09  ||.||2=  3.9397E+12  size=  185445
m_coarse_prev: min= -3.9877E+09  max=  1.2183E+10  mean=  8.0857E+09  ||.||2=  9.8244E+11  size=   11534
 
  compute the residual and the cost function
 WD_amp= 6.68865E+13  RESID_RMS= 2.49118E-01  FCOST_DATA= 3.10298E-02  FCOST0= 3.10298E-02
||Frechet||_F=  8.6484E-19max|Frechet|=  1.6510E-23
||Frechet||_F=  8.6484E-19max|Frechet|=  1.6510E-23
IA=  3  H(single F0) min= 0.00000E+00  max= 1.76186E-02
IA=  3  H(F0^2)     min= 0.00000E+00  max= 1.76186E-02
HESSD: ia=   3  min= 0.00000E+00  max= 1.13516E+04
IA=  3  H(single F0) min= 0.00000E+00  max= 1.76186E-02
IA=  3  H(F0^2)     min= 0.00000E+00  max= 1.76186E-02
HESSD: ia=   3  min= 0.00000E+00  max= 1.13516E+04
IA=  3  H(single F0) min= 0.00000E+00  max= 1.76186E-02
IA=  3  H(F0^2)     min= 0.00000E+00  max= 1.76186E-02
HESSD: ia=   3  min= 0.00000E+00  max= 1.13516E+04
IA=  3  H(single F0) min= 0.00000E+00  max= 1.76186E-02
IA=  3  H(F0^2)     min= 0.00000E+00  max= 1.76186E-02
HESSD: ia=   3  min= 0.00000E+00  max= 1.13516E+04
IA=  3  H(single F0) min= 0.00000E+00  max= 1.76186E-02
IA=  3  H(F0^2)     min= 0.00000E+00  max= 1.76186E-02
HESSD: ia=   3  min= 0.00000E+00  max= 1.13516E+04
IA=  3  H(single F0) min= 0.00000E+00  max= 1.76186E-02
IA=  3  H(F0^2)     min= 0.00000E+00  max= 1.76186E-02
HESSD: ia=   3  min= 0.00000E+00  max= 1.13516E+04
Grad block   3 GRAD_SCALED MORM =   8.4431E-03
Raw grad block  3  PAR={C13}  min= -4.9953E-13  max=  6.6310E-13  L2=  3.9407E-12
Gradient finished
Start LBFGS 
LBFGS steepest step , iter=      1
  g·p = -1.6129E-02  ||p|| =  8.2368E+00
  min(p)= -1.1376E+00  max(p)=  1.4778E+00
LBFGS p_k (unscaled) stats per active parameter:
  IA=  3  PAR={C13}  min=-2.55228E+09  max= 3.31562E+09  L2= 1.84802E+10
min(p_k)= -1.1376E+00  max(p_k)=  1.4778E+00  ||p_k||=  8.2368E+00
min(p_kf)= -1.1376E+00  max(p_kf)=  1.4778E+00  ||p_kf||=  3.2947E+01
p_k/p_kf  =   2.5000E-01
Start linesearch
BT entry: phi(0)=  3.1030E-02  g·p(0)= -1.6129E-02
 UPDATEPARAMETER: f-scale only
UPDATEPARAMETER PAR_STEP min/max, V_STEP min/max = -6.8316018993E+09  1.2250541669E+10
 -6.8316018993E+09  1.2250541669E+10
REL STEP elastic: k=  3 row=  3 rmax_k=  7.0054E+01 row_scale=  1.2251E+10
BT cap probe: rmax1=  7.0054E+01  alpha_cap=  7.1373E-03  alpha00=  1.0000E+00
 UPDATEPARAMETER: f-scale only
UPDATEPARAMETER PAR_STEP min/max, V_STEP min/max = -6.4720991698E+09  1.2250918670E+10
 -6.4720991698E+09  1.2250918670E+10
 running run_ik_loop_pardiso
before CA | VmRSS=  16.339 GB  VmHWM=  81.290 GB
after CA | VmRSS=  17.577 GB  VmHWM=  81.290 GB
after factor | VmRSS=  21.340 GB  VmHWM=  81.290 GB
f=     5.200 Hz | ky=  0.774843E-03 | IK=       1/      55 | t=   17.107200 s | CA=  2.4960 | fact= 12.7161 | GF=  1.8949 | solve=  1.7416 | scatter=  0.0513
f=     5.200 Hz | ky=  0.154969E-02 | IK=       2/      55 | t=    6.893300 s | CA=  2.6083 | fact=  2.4955 | GF=  1.7894 | solve=  1.6663 | scatter=  0.0512
f=     5.200 Hz | ky=  0.232453E-02 | IK=       3/      55 | t=    6.882400 s | CA=  2.5845 | fact=  2.5114 | GF=  1.7865 | solve=  1.6616 | scatter=  0.0526
f=     5.200 Hz | ky=  0.309937E-02 | IK=       4/      55 | t=    6.837100 s | CA=  2.5645 | fact=  2.4900 | GF=  1.7826 | solve=  1.6592 | scatter=  0.0516
f=     5.200 Hz | ky=  0.387422E-02 | IK=       5/      55 | t=    6.808200 s | CA=  2.5490 | fact=  2.4769 | GF=  1.7822 | solve=  1.6589 | scatter=  0.0514
f=     5.200 Hz | ky=  0.464906E-02 | IK=       6/      55 | t=    6.903100 s | CA=  2.6127 | fact=  2.4964 | GF=  1.7939 | solve=  1.6708 | scatter=  0.0513
f=     5.200 Hz | ky=  0.542390E-02 | IK=       7/      55 | t=    6.820500 s | CA=  2.5332 | fact=  2.5019 | GF=  1.7853 | solve=  1.6615 | scatter=  0.0518
f=     5.200 Hz | ky=  0.619875E-02 | IK=       8/      55 | t=    6.803500 s | CA=  2.5227 | fact=  2.4933 | GF=  1.7874 | solve=  1.6640 | scatter=  0.0516
f=     5.200 Hz | ky=  0.697359E-02 | IK=       9/      55 | t=    6.741700 s | CA=  2.4808 | fact=  2.4677 | GF=  1.7932 | solve=  1.6660 | scatter=  0.0548
f=     5.200 Hz | ky=  0.774843E-02 | IK=      10/      55 | t=    6.822000 s | CA=  2.5349 | fact=  2.5044 | GF=  1.7826 | solve=  1.6600 | scatter=  0.0506
PARDISO mem (f=  5.20 Hz): sym=  1.95 GB  perm=  1.42 GB  num=  3.22 GB  
peak=  4.64 GB
 WD_amp= 6.68865E+13  RESID_RMS= 2.48571E-01  FCOST_DATA= 3.08938E-02  FCOST0= 3.08938E-02
BT: alpha=  7.1373E-03  phi=  3.0894E-02  rhs=  3.1030E-02
  
  
Convergence reached, updating parameter grid
ALPHA from line search =  .7137338986805343E-02
 FCOST0 after linesearch  3.089378884067435E-002
Norm of s (s_norm) =  .5878913046197949E-01
  
  
  
  
Time for LBFGS =  1.833009974161784 min
  
 Frequency:           7 Iteration:           2
t_global   =    301.826 s
  
 -------------- calculate Frechet derivatives -----------
 IFREQ =           7    ITERATION =           2
||Frechet||_F=  8.6501E-19max|Frechet|=  1.6515E-23
||Frechet||_F=  8.6501E-19max|Frechet|=  1.6515E-23
||Frechet||_F=  8.6501E-19max|Frechet|=  1.6515E-23
||Frechet||_F=  8.6501E-19max|Frechet|=  1.6515E-23
||Frechet||_F=  8.6501E-19max|Frechet|=  1.6515E-23
||Frechet||_F=  8.6501E-19max|Frechet|=  1.6515E-23
 
TIME for Frechet calc =  2.923620096842448 min
 
 
  compute the residual and the cost function
 WD_amp= 6.68865E+13  RESID_RMS= 2.48571E-01  FCOST_DATA= 3.08938E-02  FCOST0= 3.08938E-02
Grad block   3 GRAD_SCALED MORM =   8.2724E-03
Raw grad block  3  PAR={C13}  min= -4.8601E-13  max=  6.6543E-13  L2=  3.8626E-12
Gradient finished
Start LBFGS 
curvature (warm): s·y=  6.4231E-06  ||s||^2=  3.4562E-03  ||y||^2=  1.0023E-07  sTy_min=  1.8613E-06
LBFGS step: g·p = -2.6373E-02  ||p||=  1.8694E+01
LBFGS step: min(p)= -2.1791E+00  max(p)=  3.9447E+00
LBFGS p_k (unscaled) stats per active parameter:
  IA=  3  PAR={C13}  min=-4.88912E+09  max= 8.85036E+09  L2= 4.19423E+10
min(p_k)= -2.1791E+00  max(p_k)=  3.9447E+00  ||p_k||=  1.8694E+01
min(p_kf)= -2.1791E+00  max(p_kf)=  3.9447E+00  ||p_kf||=  7.4777E+01
p_k/p_kf  =   2.5000E-01
Start linesearch
MT entry: phi(0)=  3.0894E-02  dg0= -2.6373E-02  alpha0=  1.0000E+00
 UPDATEPARAMETER: f-scale only
UPDATEPARAMETER PAR_STEP min/max, V_STEP min/max = -7.4915032428E+09  1.4932570569E+10
 -7.4915032428E+09  1.4932570569E+10
 WD_amp= 6.68865E+13  RESID_RMS= 3.88875E-01  FCOST_DATA= 7.56119E-02  FCOST0= 7.56119E-02
  
 -------------- calculate Frechet derivatives -----------
 IFREQ =           7    ITERATION =           2
||Frechet||_F=  8.9478E-19max|Frechet|=  1.4792E-23
||Frechet||_F=  8.9478E-19max|Frechet|=  1.4792E-23
||Frechet||_F=  8.9478E-19max|Frechet|=  1.4792E-23
||Frechet||_F=  8.9478E-19max|Frechet|=  1.4792E-23
||Frechet||_F=  8.9478E-19max|Frechet|=  1.4792E-23
||Frechet||_F=  8.9478E-19max|Frechet|=  1.4792E-23
Grad block   3 GRAD_SCALED MORM =   3.9947E-02
MT try: alpha=  1.0000E+00  phi=  7.5612E-02  dg=  7.9375E-02  dg0= -2.6373E-02
MT try: armijo_rhs=  3.0891E-02  armijo=F  curvature=F  task=FG
 UPDATEPARAMETER: f-scale only
UPDATEPARAMETER PAR_STEP min/max, V_STEP min/max = -6.6060623506E+09  1.2249250231E+10
 -6.6060623506E+09  1.2249250231E+10
 WD_amp= 6.68865E+13  RESID_RMS= 2.42454E-01  FCOST_DATA= 2.93919E-02  FCOST0= 2.93919E-02
  
 -------------- calculate Frechet derivatives -----------
 IFREQ =           7    ITERATION =           2
||Frechet||_F=  8.6842E-19max|Frechet|=  1.6395E-23
||Frechet||_F=  8.6842E-19max|Frechet|=  1.6395E-23
||Frechet||_F=  8.6842E-19max|Frechet|=  1.6395E-23
||Frechet||_F=  8.6842E-19max|Frechet|=  1.6395E-23
||Frechet||_F=  8.6842E-19max|Frechet|=  1.6395E-23
||Frechet||_F=  8.6842E-19max|Frechet|=  1.6395E-23
Grad block   3 GRAD_SCALED MORM =   8.1719E-03
MT try: alpha=  1.3141E-01  phi=  2.9392E-02  dg=  7.8515E-04  dg0= -2.6373E-02
MT try: armijo_rhs=  3.0893E-02  armijo=T  curvature=T  task=FG
Convergence reached, updating parameter grid
ALPHA from line search =  .1314132289696313
 FCOST0 after linesearch  2.939193003402243E-002
Norm of s (s_norm) =  2.456666281467814
  
  
  
  
  
  
Time for LBFGS =  15.55273539225260 min
  
 Frequency:           7 Iteration:           3
t_global   =    302.140 s
  
 -------------- calculate Frechet derivatives -----------
 IFREQ =           7    ITERATION =           3
||Frechet||_F=  8.6842E-19max|Frechet|=  1.6395E-23
 
TIME for Frechet calc =  2.887913258870443 min
 
 
  compute the residual and the cost function
 WD_amp= 6.68865E+13  RESID_RMS= 2.42454E-01  FCOST_DATA= 2.93919E-02  FCOST0= 2.93919E-02
||Frechet||_F=  8.6842E-19max|Frechet|=  1.6395E-23
||Frechet||_F=  8.6842E-19max|Frechet|=  1.6395E-23
||Frechet||_F=  8.6842E-19max|Frechet|=  1.6395E-23
||Frechet||_F=  8.6842E-19max|Frechet|=  1.6395E-23
||Frechet||_F=  8.6842E-19max|Frechet|=  1.6395E-23
Grad block   3 GRAD_SCALED MORM =   8.1719E-03
Gradient finished
Start LBFGS 
curvature (warm): s·y=  3.5689E-03  ||s||^2=  6.0352E+00  ||y||^2=  1.6740E-05  sTy_min=  1.0051E-03
LBFGS step: g·p = -1.2050E-02  ||p||=  1.0778E+01
LBFGS step: min(p)= -1.5953E+00  max(p)=  1.3855E+00
LBFGS p_k (unscaled) stats per active parameter:
  IA=  3  PAR={C13}  min=-3.57929E+09  max= 3.10853E+09  L2= 2.41810E+10
min(p_k)= -1.5953E+00  max(p_k)=  1.3855E+00  ||p_k||=  1.0778E+01
min(p_kf)= -1.5953E+00  max(p_kf)=  1.3855E+00  ||p_kf||=  4.3111E+01
p_k/p_kf  =   2.5000E-01
Start linesearch
MT entry: phi(0)=  2.9392E-02  dg0= -1.2050E-02  alpha0=  1.0000E+00
 UPDATEPARAMETER: f-scale only
UPDATEPARAMETER PAR_STEP min/max, V_STEP min/max = -7.4451902177E+09  1.2262171389E+10
 -7.4451902177E+09  1.2262171389E+10
 WD_amp= 6.68865E+13  RESID_RMS= 4.84279E-01  FCOST_DATA= 1.17263E-01  FCOST0= 1.17263E-01
  
 -------------- calculate Frechet derivatives -----------
 IFREQ =           7    ITERATION =           3
||Frechet||_F=  8.5973E-19max|Frechet|=  1.6233E-23
||Frechet||_F=  8.5973E-19max|Frechet|=  1.6233E-23
||Frechet||_F=  8.5973E-19max|Frechet|=  1.6233E-23
||Frechet||_F=  8.5973E-19max|Frechet|=  1.6233E-23
||Frechet||_F=  8.5973E-19max|Frechet|=  1.6233E-23
||Frechet||_F=  8.5973E-19max|Frechet|=  1.6233E-23
Grad block   3 GRAD_SCALED MORM =   6.0186E-02
MT try: alpha=  1.0000E+00  phi=  1.1726E-01  dg=  1.0363E-01  dg0= -1.2050E-02
MT try: armijo_rhs=  2.9391E-02  armijo=F  curvature=F  task=FG
 UPDATEPARAMETER: f-scale only
UPDATEPARAMETER PAR_STEP min/max, V_STEP min/max = -6.6320289619E+09  1.2249285006E+10
 -6.6320289619E+09  1.2249285006E+10
 WD_amp= 6.68865E+13  RESID_RMS= 2.40964E-01  FCOST_DATA= 2.90318E-02  FCOST0= 2.90318E-02
  
 -------------- calculate Frechet derivatives -----------
 IFREQ =           7    ITERATION =           3
||Frechet||_F=  8.6826E-19max|Frechet|=  1.6403E-23
||Frechet||_F=  8.6826E-19max|Frechet|=  1.6403E-23
||Frechet||_F=  8.6826E-19max|Frechet|=  1.6403E-23
||Frechet||_F=  8.6826E-19max|Frechet|=  1.6403E-23
||Frechet||_F=  8.6826E-19max|Frechet|=  1.6403E-23
||Frechet||_F=  8.6826E-19max|Frechet|=  1.6403E-23
Grad block   3 GRAD_SCALED MORM =   7.4800E-03
MT try: alpha=  3.3500E-02  phi=  2.9032E-02  dg= -6.4967E-03  dg0= -1.2050E-02
MT try: armijo_rhs=  2.9392E-02  armijo=T  curvature=T  task=FG
Convergence reached, updating parameter grid
ALPHA from line search =  .3350006323467247E-01
 FCOST0 after linesearch  2.903177874711538E-002
Norm of s (s_norm) =  .3610558637401474
  
  
  
  
  
  
Convergence check at iteration    3
  Relative cost decrease  =  1.2253E-02
  Relative model update   =  0.0000E+00
  Relative grad. norm     =  6.9473E-01
Time for LBFGS =  15.79505818684896 min
  
 Frequency:           7 Iteration:           4
t_global   =    301.129 s
  
 -------------- calculate Frechet derivatives -----------
 IFREQ =           7    ITERATION =           4
||Frechet||_F=  8.6826E-19max|Frechet|=  1.6403E-23
||Frechet||_F=  8.6826E-19max|Frechet|=  1.6403E-23
||Frechet||_F=  8.6826E-19max|Frechet|=  1.6403E-23
 
TIME for Frechet calc =  2.913206736246745 min
 
 
  compute the residual and the cost function
 WD_amp= 6.68865E+13  RESID_RMS= 2.40964E-01  FCOST_DATA= 2.90318E-02  FCOST0= 2.90318E-02
||Frechet||_F=  8.6826E-19max|Frechet|=  1.6403E-23
||Frechet||_F=  8.6826E-19max|Frechet|=  1.6403E-23
||Frechet||_F=  8.6826E-19max|Frechet|=  1.6403E-23
Grad block   3 GRAD_SCALED MORM =   7.4800E-03
Gradient finished
Start LBFGS 
curvature (warm): s·y=  1.8604E-04  ||s||^2=  1.3036E-01  ||y||^2=  4.1439E-06  sTy_min=  7.3499E-05
LBFGS step: g·p = -6.2477E-03  ||p||=  8.1832E+00
LBFGS step: min(p)= -1.0457E+00  max(p)=  6.3694E-01
LBFGS p_k (unscaled) stats per active parameter:
  IA=  3  PAR={C13}  min=-2.34604E+09  max= 1.42904E+09  L2= 1.83598E+10
min(p_k)= -1.0457E+00  max(p_k)=  6.3694E-01  ||p_k||=  8.1832E+00
min(p_kf)= -1.0457E+00  max(p_kf)=  6.3694E-01  ||p_kf||=  3.2733E+01
p_k/p_kf  =   2.5000E-01
Start linesearch
MT entry: phi(0)=  2.9032E-02  dg0= -6.2477E-03  alpha0=  1.0000E+00
 UPDATEPARAMETER: f-scale only
UPDATEPARAMETER PAR_STEP min/max, V_STEP min/max = -7.4064300834E+09  1.2265850336E+10
 -7.4064300834E+09  1.2265850336E+10
 WD_amp= 6.68865E+13  RESID_RMS= 2.96751E-01  FCOST_DATA= 4.40307E-02  FCOST0= 4.40307E-02
  
 -------------- calculate Frechet derivatives -----------
 IFREQ =           7    ITERATION =           4
||Frechet||_F=  8.7149E-19max|Frechet|=  1.5780E-23
||Frechet||_F=  8.7149E-19max|Frechet|=  1.5780E-23
||Frechet||_F=  8.7149E-19max|Frechet|=  1.5780E-23
||Frechet||_F=  8.7149E-19max|Frechet|=  1.5780E-23
||Frechet||_F=  8.7149E-19max|Frechet|=  1.5780E-23
||Frechet||_F=  8.7149E-19max|Frechet|=  1.5780E-23
Grad block   3 GRAD_SCALED MORM =   2.1028E-02
MT try: alpha=  1.0000E+00  phi=  4.4031E-02  dg=  1.6319E-02  dg0= -6.2477E-03
MT try: armijo_rhs=  2.9031E-02  armijo=F  curvature=F  task=FG
 UPDATEPARAMETER: f-scale only
UPDATEPARAMETER PAR_STEP min/max, V_STEP min/max = -6.6898479472E+09  1.2249565458E+10
 -6.6898479472E+09  1.2249565458E+10
 WD_amp= 6.68865E+13  RESID_RMS= 2.38618E-01  FCOST_DATA= 2.84693E-02  FCOST0= 2.84693E-02
  
 -------------- calculate Frechet derivatives -----------
 IFREQ =           7    ITERATION =           4
||Frechet||_F=  8.6858E-19max|Frechet|=  1.6397E-23
||Frechet||_F=  8.6858E-19max|Frechet|=  1.6397E-23
||Frechet||_F=  8.6858E-19max|Frechet|=  1.6397E-23
||Frechet||_F=  8.6858E-19max|Frechet|=  1.6397E-23
||Frechet||_F=  8.6858E-19max|Frechet|=  1.6397E-23
||Frechet||_F=  8.6858E-19max|Frechet|=  1.6397E-23
Grad block   3 GRAD_SCALED MORM =   7.1100E-03
MT try: alpha=  8.0587E-02  phi=  2.8469E-02  dg= -4.6444E-03  dg0= -6.2477E-03
MT try: armijo_rhs=  2.9032E-02  armijo=T  curvature=T  task=FG
  
  
Convergence reached, updating parameter grid
ALPHA from line search =  .8058672738723019E-01
 FCOST0 after linesearch  2.846929024608965E-002
Norm of s (s_norm) =  .6594576490624857
  
  
  
  
Convergence check at iteration    4
  Relative cost decrease  =  1.9375E-02
  Relative model update   =  0.0000E+00
  Relative grad. norm     =  5.7025E-01
Time for LBFGS =  15.73829854329427 min
  
 Frequency:           7 Iteration:           5
t_global   =    301.203 s
  
 -------------- calculate Frechet derivatives -----------
 IFREQ =           7    ITERATION =           5
||Frechet||_F=  8.6858E-19max|Frechet|=  1.6397E-23
||Frechet||_F=  8.6858E-19max|Frechet|=  1.6397E-23
||Frechet||_F=  8.6858E-19max|Frechet|=  1.6397E-23
 
TIME for Frechet calc =  2.879010009765625 min
 
 
  compute the residual and the cost function
 WD_amp= 6.68865E+13  RESID_RMS= 2.38618E-01  FCOST_DATA= 2.84693E-02  FCOST0= 2.84693E-02
||Frechet||_F=  8.6858E-19max|Frechet|=  1.6397E-23
||Frechet||_F=  8.6858E-19max|Frechet|=  1.6397E-23
||Frechet||_F=  8.6858E-19max|Frechet|=  1.6397E-23
Grad block   3 GRAD_SCALED MORM =   7.1100E-03
Gradient finished
Start LBFGS 
curvature (warm): s·y=  1.2921E-04  ||s||^2=  4.3488E-01  ||y||^2=  1.0871E-06  sTy_min=  6.8756E-05
LBFGS step: g·p = -1.3660E-02  ||p||=  2.0879E+01
LBFGS step: min(p)= -2.5823E+00  max(p)=  1.8848E+00
LBFGS p_k (unscaled) stats per active parameter:
  IA=  3  PAR={C13}  min=-5.79362E+09  max= 4.22877E+09  L2= 4.68443E+10
min(p_k)= -2.5823E+00  max(p_k)=  1.8848E+00  ||p_k||=  2.0879E+01
min(p_kf)= -2.5823E+00  max(p_kf)=  1.8848E+00  ||p_kf||=  8.3516E+01
p_k/p_kf  =   2.5000E-01
Start linesearch
MT entry: phi(0)=  2.8469E-02  dg0= -1.3660E-02  alpha0=  1.0000E+00
 UPDATEPARAMETER: f-scale only
UPDATEPARAMETER PAR_STEP min/max, V_STEP min/max = -1.0563924282E+10  1.2442508334E+10
 -1.0563924282E+10  1.2442508334E+10
 WD_amp= 6.68865E+13  RESID_RMS= 3.76952E-01  FCOST_DATA= 7.10462E-02  FCOST0= 7.10462E-02
  
 -------------- calculate Frechet derivatives -----------
 IFREQ =           7    ITERATION =           5
||Frechet||_F=  8.8431E-19max|Frechet|=  1.5196E-23
||Frechet||_F=  8.8431E-19max|Frechet|=  1.5196E-23
||Frechet||_F=  8.8431E-19max|Frechet|=  1.5196E-23
||Frechet||_F=  8.8431E-19max|Frechet|=  1.5196E-23
||Frechet||_F=  8.8431E-19max|Frechet|=  1.5196E-23
||Frechet||_F=  8.8431E-19max|Frechet|=  1.5196E-23
Grad block   3 GRAD_SCALED MORM =   2.9249E-02
MT try: alpha=  1.0000E+00  phi=  7.1046E-02  dg=  2.8792E-02  dg0= -1.3660E-02
MT try: armijo_rhs=  2.8468E-02  armijo=F  curvature=F  task=FG
 UPDATEPARAMETER: f-scale only
UPDATEPARAMETER PAR_STEP min/max, V_STEP min/max = -6.8156895970E+09  1.2249994984E+10
 -6.8156895970E+09  1.2249994984E+10
 WD_amp= 6.68865E+13  RESID_RMS= 2.34418E-01  FCOST_DATA= 2.74758E-02  FCOST0= 2.74758E-02
  
 -------------- calculate Frechet derivatives -----------
 IFREQ =           7    ITERATION =           5
||Frechet||_F=  8.6812E-19max|Frechet|=  1.6424E-23
||Frechet||_F=  8.6812E-19max|Frechet|=  1.6424E-23
||Frechet||_F=  8.6812E-19max|Frechet|=  1.6424E-23
||Frechet||_F=  8.6812E-19max|Frechet|=  1.6424E-23
||Frechet||_F=  8.6812E-19max|Frechet|=  1.6424E-23
||Frechet||_F=  8.6812E-19max|Frechet|=  1.6424E-23
Grad block   3 GRAD_SCALED MORM =   6.5832E-03
MT try: alpha=  5.6778E-02  phi=  2.7476E-02  dg= -8.6767E-03  dg0= -1.3660E-02
MT try: armijo_rhs=  2.8469E-02  armijo=T  curvature=T  task=FG
  
  
  
  
Convergence reached, updating parameter grid
ALPHA from line search =  .5677807406082007E-01
 FCOST0 after linesearch  2.747582093460765E-002
Norm of s (s_norm) =  1.185474352687343
  
  
Convergence check at iteration    5
  Relative cost decrease  =  3.4896E-02
  Relative model update   =  0.0000E+00
  Relative grad. norm     =  4.9699E-01
Time for LBFGS =  16.03055318196614 min
  
 Frequency:           7 Iteration:           6
t_global   =    301.369 s
  
 -------------- calculate Frechet derivatives -----------
 IFREQ =           7    ITERATION =           6
||Frechet||_F=  8.6812E-19max|Frechet|=  1.6424E-23
||Frechet||_F=  8.6812E-19max|Frechet|=  1.6424E-23
 
TIME for Frechet calc =  2.900123341878255 min
 
 
  compute the residual and the cost function
 WD_amp= 6.68865E+13  RESID_RMS= 2.34418E-01  FCOST_DATA= 2.74758E-02  FCOST0= 2.74758E-02
||Frechet||_F=  8.6812E-19max|Frechet|=  1.6424E-23
||Frechet||_F=  8.6812E-19max|Frechet|=  1.6424E-23
||Frechet||_F=  8.6812E-19max|Frechet|=  1.6424E-23
||Frechet||_F=  8.6812E-19max|Frechet|=  1.6424E-23
Grad block   3 GRAD_SCALED MORM =   6.5832E-03
Gradient finished
Start LBFGS 
curvature (warm): s·y=  2.8296E-04  ||s||^2=  1.4053E+00  ||y||^2=  1.6645E-06  sTy_min=  1.5294E-04
LBFGS step: g·p = -1.1826E-02  ||p||=  2.1240E+01
LBFGS step: min(p)= -2.6369E+00  max(p)=  2.3287E+00
LBFGS p_k (unscaled) stats per active parameter:
  IA=  3  PAR={C13}  min=-5.91614E+09  max= 5.22465E+09  L2= 4.76538E+10
min(p_k)= -2.6369E+00  max(p_k)=  2.3287E+00  ||p_k||=  2.1240E+01
min(p_kf)= -2.6369E+00  max(p_kf)=  2.3287E+00  ||p_kf||=  8.4960E+01
p_k/p_kf  =   2.5000E-01
Start linesearch
MT entry: phi(0)=  2.7476E-02  dg0= -1.1826E-02  alpha0=  1.0000E+00
 UPDATEPARAMETER: f-scale only
UPDATEPARAMETER PAR_STEP min/max, V_STEP min/max = -1.0924963052E+10  1.2536343052E+10
 -1.0924963052E+10  1.2536343052E+10
 WD_amp= 6.68865E+13  RESID_RMS= 4.43297E-01  FCOST_DATA= 9.82561E-02  FCOST0= 9.82561E-02
  
 -------------- calculate Frechet derivatives -----------
 IFREQ =           7    ITERATION =           6
||Frechet||_F=  8.9700E-19max|Frechet|=  1.5431E-23
||Frechet||_F=  8.9700E-19max|Frechet|=  1.5431E-23
||Frechet||_F=  8.9700E-19max|Frechet|=  1.5431E-23
||Frechet||_F=  8.9700E-19max|Frechet|=  1.5431E-23
||Frechet||_F=  8.9700E-19max|Frechet|=  1.5431E-23
||Frechet||_F=  8.9700E-19max|Frechet|=  1.5431E-23
Grad block   3 GRAD_SCALED MORM =   4.3504E-02
MT try: alpha=  1.0000E+00  phi=  9.8256E-02  dg=  6.3898E-02  dg0= -1.1826E-02
MT try: armijo_rhs=  2.7475E-02  armijo=F  curvature=F  task=FG
 UPDATEPARAMETER: f-scale only
UPDATEPARAMETER PAR_STEP min/max, V_STEP min/max = -6.8977504119E+09  1.2250086989E+10
 -6.8977504119E+09  1.2250086989E+10
 WD_amp= 6.68865E+13  RESID_RMS= 2.32214E-01  FCOST_DATA= 2.69618E-02  FCOST0= 2.69618E-02
  
 -------------- calculate Frechet derivatives -----------
 IFREQ =           7    ITERATION =           6
||Frechet||_F=  8.6846E-19max|Frechet|=  1.6381E-23
||Frechet||_F=  8.6846E-19max|Frechet|=  1.6381E-23
||Frechet||_F=  8.6846E-19max|Frechet|=  1.6381E-23
||Frechet||_F=  8.6846E-19max|Frechet|=  1.6381E-23
||Frechet||_F=  8.6846E-19max|Frechet|=  1.6381E-23
||Frechet||_F=  8.6846E-19max|Frechet|=  1.6381E-23
Grad block   3 GRAD_SCALED MORM =   6.3864E-03
MT try: alpha=  3.5334E-02  phi=  2.6962E-02  dg= -9.2224E-03  dg0= -1.1826E-02
MT try: armijo_rhs=  2.7476E-02  armijo=T  curvature=T  task=FG
  
  
  
  
  
Convergence reached, updating parameter grid
ALPHA from line search =  .3533360246282852E-01
 FCOST0 after linesearch  2.696176953461159E-002
Norm of s (s_norm) =  .7504817893415792
  
Convergence check at iteration    6
  Relative cost decrease  =  1.8709E-02
  Relative model update   =  0.0000E+00
  Relative grad. norm     =  3.7992E-01
Time for LBFGS =  15.78986714680990 min
  
 Frequency:           7 Iteration:           7
t_global   =    301.112 s
  
 -------------- calculate Frechet derivatives -----------
 IFREQ =           7    ITERATION =           7
||Frechet||_F=  8.6846E-19max|Frechet|=  1.6381E-23
||Frechet||_F=  8.6846E-19max|Frechet|=  1.6381E-23
||Frechet||_F=  8.6846E-19max|Frechet|=  1.6381E-23
||Frechet||_F=  8.6846E-19max|Frechet|=  1.6381E-23
||Frechet||_F=  8.6846E-19max|Frechet|=  1.6381E-23
 
TIME for Frechet calc =  2.831950124104818 min
 
 
  compute the residual and the cost function
 WD_amp= 6.68865E+13  RESID_RMS= 2.32214E-01  FCOST_DATA= 2.69618E-02  FCOST0= 2.69618E-02
||Frechet||_F=  8.6846E-19max|Frechet|=  1.6381E-23
Grad block   3 GRAD_SCALED MORM =   6.3864E-03
Gradient finished
Start LBFGS 
curvature (full): s·y=  9.2006E-05  ||s||^2=  5.6322E-01  ||y||^2=  1.2001E-06  sTy_min=  8.2213E-05
 
LBFGS step(full): g·p = -1.8618E-02  ||p||=  3.9856E+01
LBFGS step(full): min(p)= -5.3662E+00  max(p)=  4.6469E+00
LBFGS p_k (unscaled) stats per active parameter:
  IA=  3  PAR={C13}  min=-1.20397E+10  max= 1.04258E+10  L2= 8.94203E+10
min(p_k)= -5.3662E+00  max(p_k)=  4.6469E+00  ||p_k||=  3.9856E+01
min(p_kf)= -5.3662E+00  max(p_kf)=  4.6469E+00  ||p_kf||=  1.5942E+02
p_k/p_kf  =   2.5000E-01
Start linesearch
MT entry: phi(0)=  2.6962E-02  dg0= -1.8618E-02  alpha0=  1.0000E+00
 UPDATEPARAMETER: f-scale only
UPDATEPARAMETER PAR_STEP min/max, V_STEP min/max = -1.6687693217E+10  1.7065787874E+10
 -1.6687693217E+10  1.7065787874E+10
 WD_amp= 6.68865E+13  RESID_RMS= 5.68200E-01  FCOST_DATA= 1.61426E-01  FCOST0= 1.61426E-01
  
 -------------- calculate Frechet derivatives -----------
 IFREQ =           7    ITERATION =           7
||Frechet||_F=  9.0516E-19max|Frechet|=  1.6872E-23
||Frechet||_F=  9.0516E-19max|Frechet|=  1.6872E-23
||Frechet||_F=  9.0516E-19max|Frechet|=  1.6872E-23
||Frechet||_F=  9.0516E-19max|Frechet|=  1.6872E-23
||Frechet||_F=  9.0516E-19max|Frechet|=  1.6872E-23
||Frechet||_F=  9.0516E-19max|Frechet|=  1.6872E-23
Grad block   3 GRAD_SCALED MORM =   3.9089E-02
MT try: alpha=  1.0000E+00  phi=  1.6143E-01  dg=  6.2838E-02  dg0= -1.8618E-02
MT try: armijo_rhs=  2.6960E-02  armijo=F  curvature=F  task=FG
 UPDATEPARAMETER: f-scale only
UPDATEPARAMETER PAR_STEP min/max, V_STEP min/max = -7.0151344077E+09  1.2252460593E+10
 -7.0151344077E+09  1.2252460593E+10
 WD_amp= 6.68865E+13  RESID_RMS= 2.31714E-01  FCOST_DATA= 2.68457E-02  FCOST0= 2.68457E-02
  
 -------------- calculate Frechet derivatives -----------
 IFREQ =           7    ITERATION =           7
||Frechet||_F=  8.6860E-19max|Frechet|=  1.6286E-23
||Frechet||_F=  8.6860E-19max|Frechet|=  1.6286E-23
||Frechet||_F=  8.6860E-19max|Frechet|=  1.6286E-23
||Frechet||_F=  8.6860E-19max|Frechet|=  1.6286E-23
||Frechet||_F=  8.6860E-19max|Frechet|=  1.6286E-23
||Frechet||_F=  8.6860E-19max|Frechet|=  1.6286E-23
Grad block   3 GRAD_SCALED MORM =   6.2815E-03
MT try: alpha=  2.5208E-02  phi=  2.6846E-02  dg= -1.2881E-02  dg0= -1.8618E-02
MT try: armijo_rhs=  2.6962E-02  armijo=T  curvature=T  task=FG
  
  
  
  
  
Convergence reached, updating parameter grid
ALPHA from line search =  .2520765205473444E-01
 FCOST0 after linesearch  2.684568005606552E-002
Norm of s (s_norm) =  1.004669549015865
  
Convergence check at iteration    7
  Relative cost decrease  =  4.3057E-03
  Relative model update   =  0.0000E+00
  Relative grad. norm     =  3.7440E-01
Time for LBFGS =  15.52823181152344 min
 --------- Frequency   5.65000000000000       (band            1 )
[ComputeAcqWeight] empty acq_weight_file, using uniform weights = 1.0
Data weighting computed for frequency 4607182418800017373
XSRmin, XSRmax, ZSRmin, ZSRMax -1960.000000000000 .000000000000000 2050.000000000000 4030.000000000000
Data weighting computed for frequency 4607182418800017373
Data weighting computed for frequency 4607182418800017373
1 FKYC
1.2 FKYC
my_rank, FKYC,WLMAX, RMAX 0 .4630434389421478E-01 906.6865123615522 2786.036611389018
1.1 NK
NK in cky2= 66
Data weighting computed for frequency 4607182418800017373
Data weighting computed for frequency 4607182418800017373

  Number of wavenumber samples (NK) for FREQ =   66
Data weighting computed for frequency 4607182418800017373
  RMAX = 2786.04
--- Pre-solver preview (memory + RHS workload) ---
   GQG dims: NNX=       585  NNZ=       317  NPT=    185445
   DOF:     N=3*NPT =    556335
   Sources: NSR=       100  NSS=        20  NK=        66
   RHS total (per IK): nrhs_tot=3*NSS =        60
   Batch:    MAX_RHS_BATCH=        32  nbatches=         2
   GFMY  (GFX+GFY+GFZ):         16.414 GB
   RHS_MY(rhs+sol buffers):      0.531 GB
 
 running run_ik_loop_pardiso
before CA | VmRSS=  18.328 GB  VmHWM=  81.397 GB
after CA | VmRSS=  18.919 GB  VmHWM=  81.397 GB
after factor | VmRSS=  22.684 GB  VmHWM=  81.397 GB
f=     5.650 Hz | ky=  0.701581E-03 | IK=       1/      66 | t=   17.079000 s | CA=  2.4668 | fact= 12.7162 | GF=  1.8958 | solve=  1.7424 | scatter=  0.0514
f=     5.650 Hz | ky=  0.140316E-02 | IK=       2/      66 | t=    6.842900 s | CA=  2.5660 | fact=  2.4918 | GF=  1.7851 | solve=  1.6612 | scatter=  0.0520
f=     5.650 Hz | ky=  0.210474E-02 | IK=       3/      66 | t=    6.791900 s | CA=  2.5187 | fact=  2.4833 | GF=  1.7899 | solve=  1.6681 | scatter=  0.0500
f=     5.650 Hz | ky=  0.280632E-02 | IK=       4/      66 | t=    6.818900 s | CA=  2.5592 | fact=  2.4700 | GF=  1.7896 | solve=  1.6660 | scatter=  0.0517
f=     5.650 Hz | ky=  0.350790E-02 | IK=       5/      66 | t=    6.814800 s | CA=  2.5300 | fact=  2.4908 | GF=  1.7940 | solve=  1.6703 | scatter=  0.0518
f=     5.650 Hz | ky=  0.420949E-02 | IK=       6/      66 | t=    6.843700 s | CA=  2.5857 | fact=  2.4713 | GF=  1.7866 | solve=  1.6642 | scatter=  0.0505
f=     5.650 Hz | ky=  0.491107E-02 | IK=       7/      66 | t=    6.825400 s | CA=  2.5329 | fact=  2.5038 | GF=  1.7886 | solve=  1.6671 | scatter=  0.0496
f=     5.650 Hz | ky=  0.561265E-02 | IK=       8/      66 | t=    6.874100 s | CA=  2.5745 | fact=  2.5047 | GF=  1.7949 | solve=  1.6683 | scatter=  0.0547
f=     5.650 Hz | ky=  0.631423E-02 | IK=       9/      66 | t=    6.773500 s | CA=  2.5396 | fact=  2.4485 | GF=  1.7854 | solve=  1.6610 | scatter=  0.0525
f=     5.650 Hz | ky=  0.701581E-02 | IK=      10/      66 | t=    6.829000 s | CA=  2.5265 | fact=  2.5135 | GF=  1.7890 | solve=  1.6658 | scatter=  0.0511
f=     5.650 Hz | ky=  0.771739E-02 | IK=      11/      66 | t=    6.836100 s | CA=  2.5520 | fact=  2.5012 | GF=  1.7828 | solve=  1.6610 | scatter=  0.0498
PARDISO mem (f=  5.65 Hz): sym=  1.95 GB  perm=  1.42 GB  num=  3.22 GB  
peak=  4.64 GB
t_global   =    123.655 s
TIME for 1st forward modeling =  2.060916646321615  min
TIME for GT0 =  .6023333470026652E-02  min
Data scaler W for L2 norm: 69691293965796.52
Data scaler W for WQS norm: .3395193265742062E-312
Total number of active inversion parameters for current sequential stage (IM):          1
Total model blocks points (NM = IM * NBLOCK):      11534 on grid (NMM = IM * NPT):    185445
 Gradient balance ():   1.00000000000000        1.00000000000000     
   1.00000000000000        1.00000000000000        1.00000000000000     
   1.00000000000000        1.00000000000000        1.00000000000000     
   1.00000000000000        1.00000000000000        1.00000000000000     
 IE0, IZ          30           0
 IE0, IZ, GZ1, GZ2 =           30           0   100.000000000000     
   300.000000000000     
  
 Frequency:           8 Iteration:           1
--- Pre-solver preview (memory + RHS workload) ---
   GQG dims: NNX=       585  NNZ=       317  NPT=    185445
   DOF:     N=3*NPT =    556335
   Sources: NSR=       100  NSS=       100  NK=        66
   RHS total (per IK): nrhs_tot=3*NSS =       300
   Batch:    MAX_RHS_BATCH=        32  nbatches=        10
   GFMY  (GFX+GFY+GFZ):         82.071 GB
   RHS_MY(rhs+sol buffers):      0.531 GB
 
 running run_ik_loop_pardiso
before CA | VmRSS=  84.807 GB  VmHWM=  84.807 GB
after CA | VmRSS=  85.544 GB  VmHWM=  89.971 GB
after factor | VmRSS=  89.310 GB  VmHWM=  89.971 GB
f=     5.650 Hz | ky=  0.701581E-03 | IK=       1/      66 | t=   24.115400 s | CA=  2.5370 | fact= 12.7274 | GF=  8.8508 | solve=  8.1724 | scatter=  0.2779
f=     5.650 Hz | ky=  0.140316E-02 | IK=       2/      66 | t=   13.788000 s | CA=  2.5778 | fact=  2.5038 | GF=  8.7063 | solve=  8.0829 | scatter=  0.2527
f=     5.650 Hz | ky=  0.210474E-02 | IK=       3/      66 | t=   13.771100 s | CA=  2.5705 | fact=  2.4900 | GF=  8.7105 | solve=  8.0883 | scatter=  0.2512
f=     5.650 Hz | ky=  0.280632E-02 | IK=       4/      66 | t=   13.779800 s | CA=  2.5551 | fact=  2.4939 | GF=  8.7308 | solve=  8.1078 | scatter=  0.2523
f=     5.650 Hz | ky=  0.350790E-02 | IK=       5/      66 | t=   13.788500 s | CA=  2.5560 | fact=  2.5015 | GF=  8.7310 | solve=  8.1096 | scatter=  0.2508
f=     5.650 Hz | ky=  0.420949E-02 | IK=       6/      66 | t=   13.774700 s | CA=  2.5759 | fact=  2.4922 | GF=  8.7066 | solve=  8.0824 | scatter=  0.2529
f=     5.650 Hz | ky=  0.491107E-02 | IK=       7/      66 | t=   13.821600 s | CA=  2.6065 | fact=  2.5079 | GF=  8.7072 | solve=  8.0858 | scatter=  0.2508
f=     5.650 Hz | ky=  0.561265E-02 | IK=       8/      66 | t=   13.767000 s | CA=  2.5487 | fact=  2.5012 | GF=  8.7171 | solve=  8.0930 | scatter=  0.2540
f=     5.650 Hz | ky=  0.631423E-02 | IK=       9/      66 | t=   13.819500 s | CA=  2.6046 | fact=  2.5084 | GF=  8.7064 | solve=  8.0823 | scatter=  0.2529
f=     5.650 Hz | ky=  0.701581E-02 | IK=      10/      66 | t=   13.808700 s | CA=  2.5973 | fact=  2.4960 | GF=  8.7154 | solve=  8.0911 | scatter=  0.2538
f=     5.650 Hz | ky=  0.771739E-02 | IK=      11/      66 | t=   13.859600 s | CA=  2.6176 | fact=  2.5157 | GF=  8.7263 | solve=  8.1034 | scatter=  0.2513
PARDISO mem (f=  5.65 Hz): sym=  1.95 GB  perm=  1.42 GB  num=  3.22 GB  
peak=  4.64 GB
t_global   =    349.988 s
TIME for 2d forward modeling_i calc =  5.831833394368489 min
Rank    4 -> ID range:   3201 to   4000 | Tasks:    800
Rank    5 -> ID range:   4001 to   4800 | Tasks:    800
Rank    2 -> ID range:   1601 to   2400 | Tasks:    800
Rank    3 -> ID range:   2401 to   3200 | Tasks:    800
Rank    1 -> ID range:    801 to   1600 | Tasks:    800
  
 -------------- calculate Frechet derivatives -----------
 IFREQ =           8    ITERATION =           1
Frechet memory size Frec_my:      0.825 (Gb)
Rank    0 -> ID range:      1 to    800 | Tasks:    800
FREQ:      5.7 Hz, ITER=       1  Frechet Derivative ID=     100/    4800 Finished   0.229300 s
FREQ:      5.7 Hz, ITER=       1  Frechet Derivative ID=     200/    4800 Finished   0.223700 s
FREQ:      5.7 Hz, ITER=       1  Frechet Derivative ID=     300/    4800 Finished   0.224800 s
FREQ:      5.7 Hz, ITER=       1  Frechet Derivative ID=     400/    4800 Finished   0.209900 s
FREQ:      5.7 Hz, ITER=       1  Frechet Derivative ID=     500/    4800 Finished   0.228700 s
FREQ:      5.7 Hz, ITER=       1  Frechet Derivative ID=     600/    4800 Finished   0.228800 s
FREQ:      5.7 Hz, ITER=       1  Frechet Derivative ID=     700/    4800 Finished   0.236600 s
FREQ:      5.7 Hz, ITER=       1  Frechet Derivative ID=     800/    4800 Finished   0.230100 s
||Frechet||_F=  8.4857E-19max|Frechet|=  1.6793E-23
||Frechet||_F=  8.4857E-19max|Frechet|=  1.6793E-23
||Frechet||_F=  8.4857E-19max|Frechet|=  1.6793E-23
 
TIME for Frechet calc =  3.389553324381510 min
 
m_fine: min= -7.0151E+09  max=  1.2252E+10  mean=  8.0836E+09  ||.||2=  3.9397E+12  size=  185445
m_coarse_prev: min= -4.5967E+09  max=  1.2183E+10  mean=  8.0870E+09  ||.||2=  9.8239E+11  size=   11534
 
  compute the residual and the cost function
 WD_amp= 6.96913E+13  RESID_RMS= 2.46318E-01  FCOST_DATA= 3.03363E-02  FCOST0= 3.03363E-02
||Frechet||_F=  8.4857E-19max|Frechet|=  1.6793E-23
||Frechet||_F=  8.4857E-19max|Frechet|=  1.6793E-23
||Frechet||_F=  8.4857E-19max|Frechet|=  1.6793E-23
IA=  3  H(single F0) min= 0.00000E+00  max= 2.20805E-02
IA=  3  H(F0^2)     min= 0.00000E+00  max= 2.20805E-02
HESSD: ia=   3  min= 0.00000E+00  max= 9.05775E+03
IA=  3  H(single F0) min= 0.00000E+00  max= 2.20805E-02
IA=  3  H(F0^2)     min= 0.00000E+00  max= 2.20805E-02
HESSD: ia=   3  min= 0.00000E+00  max= 9.05775E+03
IA=  3  H(single F0) min= 0.00000E+00  max= 2.20805E-02
IA=  3  H(F0^2)     min= 0.00000E+00  max= 2.20805E-02
HESSD: ia=   3  min= 0.00000E+00  max= 9.05775E+03
IA=  3  H(single F0) min= 0.00000E+00  max= 2.20805E-02
IA=  3  H(F0^2)     min= 0.00000E+00  max= 2.20805E-02
HESSD: ia=   3  min= 0.00000E+00  max= 9.05775E+03
IA=  3  H(single F0) min= 0.00000E+00  max= 2.20805E-02
IA=  3  H(F0^2)     min= 0.00000E+00  max= 2.20805E-02
HESSD: ia=   3  min= 0.00000E+00  max= 9.05775E+03
IA=  3  H(single F0) min= 0.00000E+00  max= 2.20805E-02
IA=  3  H(F0^2)     min= 0.00000E+00  max= 2.20805E-02
HESSD: ia=   3  min= 0.00000E+00  max= 9.05775E+03
Grad block   3 GRAD_SCALED MORM =   8.7241E-03
Raw grad block  3  PAR={C13}  min= -1.1097E-12  max=  8.9134E-13  L2=  4.2024E-12
Gradient finished
Start LBFGS 
LBFGS steepest step , iter=      1
  g·p = -6.6733E-03  ||p|| =  3.8140E+00
  min(p)= -3.5457E-01  max(p)=  3.3082E-01
LBFGS p_k (unscaled) stats per active parameter:
  IA=  3  PAR={C13}  min=-7.95519E+08  max= 7.42221E+08  L2= 8.55714E+09
min(p_k)= -3.5457E-01  max(p_k)=  3.3082E-01  ||p_k||=  3.8140E+00
min(p_kf)= -3.5457E-01  max(p_kf)=  3.3082E-01  ||p_kf||=  1.5256E+01
p_k/p_kf  =   2.5000E-01
Start linesearch
BT entry: phi(0)=  3.0336E-02  g·p(0)= -6.6733E-03
 UPDATEPARAMETER: f-scale only
UPDATEPARAMETER PAR_STEP min/max, V_STEP min/max = -6.6739688550E+09  1.2248782914E+10
 -6.6739688550E+09  1.2248782914E+10
REL STEP elastic: k=  3 row=  3 rmax_k=  1.1947E+01 row_scale=  1.2252E+10
BT cap probe: rmax1=  1.1947E+01  alpha_cap=  4.1852E-02  alpha00=  1.0000E+00
 UPDATEPARAMETER: f-scale only
UPDATEPARAMETER PAR_STEP min/max, V_STEP min/max = -7.0008558840E+09  1.2252306674E+10
 -7.0008558840E+09  1.2252306674E+10
 running run_ik_loop_pardiso
before CA | VmRSS=  19.152 GB  VmHWM=  94.762 GB
after CA | VmRSS=  20.107 GB  VmHWM=  94.762 GB
after factor | VmRSS=  23.879 GB  VmHWM=  94.762 GB
f=     5.650 Hz | ky=  0.701581E-03 | IK=       1/      66 | t=   17.154600 s | CA=  2.5380 | fact= 12.7234 | GF=  1.8929 | solve=  1.7413 | scatter=  0.0496
f=     5.650 Hz | ky=  0.140316E-02 | IK=       2/      66 | t=    6.807100 s | CA=  2.5150 | fact=  2.5032 | GF=  1.7888 | solve=  1.6654 | scatter=  0.0514
f=     5.650 Hz | ky=  0.210474E-02 | IK=       3/      66 | t=    6.878200 s | CA=  2.5924 | fact=  2.4963 | GF=  1.7894 | solve=  1.6682 | scatter=  0.0492
f=     5.650 Hz | ky=  0.280632E-02 | IK=       4/      66 | t=    6.844300 s | CA=  2.5561 | fact=  2.4997 | GF=  1.7885 | solve=  1.6649 | scatter=  0.0516
f=     5.650 Hz | ky=  0.350790E-02 | IK=       5/      66 | t=    6.836600 s | CA=  2.5565 | fact=  2.4975 | GF=  1.7826 | solve=  1.6603 | scatter=  0.0505
f=     5.650 Hz | ky=  0.420949E-02 | IK=       6/      66 | t=    6.876700 s | CA=  2.6056 | fact=  2.4788 | GF=  1.7923 | solve=  1.6672 | scatter=  0.0532
f=     5.650 Hz | ky=  0.491107E-02 | IK=       7/      66 | t=    6.805300 s | CA=  2.5457 | fact=  2.5009 | GF=  1.7587 | solve=  1.6366 | scatter=  0.0501
f=     5.650 Hz | ky=  0.561265E-02 | IK=       8/      66 | t=    6.828600 s | CA=  2.5739 | fact=  2.4984 | GF=  1.7563 | solve=  1.6314 | scatter=  0.0531
f=     5.650 Hz | ky=  0.631423E-02 | IK=       9/      66 | t=    6.832700 s | CA=  2.5558 | fact=  2.5237 | GF=  1.7532 | solve=  1.6305 | scatter=  0.0507
f=     5.650 Hz | ky=  0.701581E-02 | IK=      10/      66 | t=    6.774900 s | CA=  2.5080 | fact=  2.5171 | GF=  1.7497 | solve=  1.6252 | scatter=  0.0523
f=     5.650 Hz | ky=  0.771739E-02 | IK=      11/      66 | t=    6.773800 s | CA=  2.5753 | fact=  2.4489 | GF=  1.7496 | solve=  1.6277 | scatter=  0.0500
PARDISO mem (f=  5.65 Hz): sym=  1.95 GB  perm=  1.42 GB  num=  3.22 GB  
peak=  4.64 GB
 WD_amp= 6.96913E+13  RESID_RMS= 2.45440E-01  FCOST_DATA= 3.01203E-02  FCOST0= 3.01203E-02
BT: alpha=  4.1852E-02  phi=  3.0120E-02  rhs=  3.0336E-02
  
  
  
  
Convergence reached, updating parameter grid
ALPHA from line search =  .4185218478096701E-01
 FCOST0 after linesearch  3.012027563376670E-002
Norm of s (s_norm) =  .1596254008809971
  
  
Time for LBFGS =  2.076714960734050 min
  
 Frequency:           8 Iteration:           2
t_global   =    349.714 s
  
 -------------- calculate Frechet derivatives -----------
 IFREQ =           8    ITERATION =           2
||Frechet||_F=  8.4838E-19max|Frechet|=  1.6811E-23
||Frechet||_F=  8.4838E-19max|Frechet|=  1.6811E-23
||Frechet||_F=  8.4838E-19max|Frechet|=  1.6811E-23
||Frechet||_F=  8.4838E-19max|Frechet|=  1.6811E-23
||Frechet||_F=  8.4838E-19max|Frechet|=  1.6811E-23
||Frechet||_F=  8.4838E-19max|Frechet|=  1.6811E-23
 
TIME for Frechet calc =  3.440089925130208 min
 
 
  compute the residual and the cost function
 WD_amp= 6.96913E+13  RESID_RMS= 2.45440E-01  FCOST_DATA= 3.01203E-02  FCOST0= 3.01203E-02
Grad block   3 GRAD_SCALED MORM =   7.8628E-03
Raw grad block  3  PAR={C13}  min= -9.6660E-13  max=  9.5157E-13  L2=  3.7761E-12
Gradient finished
Start LBFGS 
curvature (warm): s·y=  1.1543E-04  ||s||^2=  2.5480E-02  ||y||^2=  2.5241E-06  sTy_min=  2.5361E-05
LBFGS step: g·p = -3.8504E-03  ||p||=  4.7426E+00
LBFGS step: min(p)= -3.7180E-01  max(p)=  4.4646E-01
LBFGS p_k (unscaled) stats per active parameter:
  IA=  3  PAR={C13}  min=-8.34173E+08  max= 1.00169E+09  L2= 1.06406E+10
min(p_k)= -3.7180E-01  max(p_k)=  4.4646E-01  ||p_k||=  4.7426E+00
min(p_kf)= -3.7180E-01  max(p_kf)=  4.4646E-01  ||p_kf||=  1.8971E+01
p_k/p_kf  =   2.5000E-01
Start linesearch
MT entry: phi(0)=  3.0120E-02  dg0= -3.8504E-03  alpha0=  1.0000E+00
 UPDATEPARAMETER: f-scale only
UPDATEPARAMETER PAR_STEP min/max, V_STEP min/max = -6.4032790824E+09  1.2246706007E+10
 -6.4032790824E+09  1.2246706007E+10
 WD_amp= 6.96913E+13  RESID_RMS= 2.84481E-01  FCOST_DATA= 4.04648E-02  FCOST0= 4.04648E-02
  
 -------------- calculate Frechet derivatives -----------
 IFREQ =           8    ITERATION =           2
||Frechet||_F=  8.5344E-19max|Frechet|=  1.6487E-23
||Frechet||_F=  8.5344E-19max|Frechet|=  1.6487E-23
||Frechet||_F=  8.5344E-19max|Frechet|=  1.6487E-23
||Frechet||_F=  8.5344E-19max|Frechet|=  1.6487E-23
||Frechet||_F=  8.5344E-19max|Frechet|=  1.6487E-23
||Frechet||_F=  8.5344E-19max|Frechet|=  1.6487E-23
Grad block   3 GRAD_SCALED MORM =   2.4785E-02
MT try: alpha=  1.0000E+00  phi=  4.0465E-02  dg=  1.6356E-02  dg0= -3.8504E-03
MT try: armijo_rhs=  3.0120E-02  armijo=F  curvature=F  task=FG
 UPDATEPARAMETER: f-scale only
UPDATEPARAMETER PAR_STEP min/max, V_STEP min/max = -6.9467594689E+09  1.2251799666E+10
 -6.9467594689E+09  1.2251799666E+10
 WD_amp= 6.96913E+13  RESID_RMS= 2.43319E-01  FCOST_DATA= 2.96020E-02  FCOST0= 2.96020E-02
  
 -------------- calculate Frechet derivatives -----------
 IFREQ =           8    ITERATION =           2
||Frechet||_F=  8.4868E-19max|Frechet|=  1.6803E-23
||Frechet||_F=  8.4868E-19max|Frechet|=  1.6803E-23
||Frechet||_F=  8.4868E-19max|Frechet|=  1.6803E-23
||Frechet||_F=  8.4868E-19max|Frechet|=  1.6803E-23
||Frechet||_F=  8.4868E-19max|Frechet|=  1.6803E-23
||Frechet||_F=  8.4868E-19max|Frechet|=  1.6803E-23
Grad block   3 GRAD_SCALED MORM =   7.7206E-03
MT try: alpha=  9.0526E-02  phi=  2.9602E-02  dg= -1.8955E-03  dg0= -3.8504E-03
MT try: armijo_rhs=  3.0120E-02  armijo=T  curvature=T  task=FG
  
  
  
Convergence reached, updating parameter grid
ALPHA from line search =  .9052629700516714E-01
 FCOST0 after linesearch  2.960201012899868E-002
Norm of s (s_norm) =  .4293342151743037
  
  
  
Time for LBFGS =  18.20788574218750 min
  
 Frequency:           8 Iteration:           3
t_global   =    348.873 s
  
 -------------- calculate Frechet derivatives -----------
 IFREQ =           8    ITERATION =           3
||Frechet||_F=  8.4868E-19max|Frechet|=  1.6803E-23
 
TIME for Frechet calc =  3.442526753743489 min
 
 
  compute the residual and the cost function
 WD_amp= 6.96913E+13  RESID_RMS= 2.43319E-01  FCOST_DATA= 2.96020E-02  FCOST0= 2.96020E-02
||Frechet||_F=  8.4868E-19max|Frechet|=  1.6803E-23
||Frechet||_F=  8.4868E-19max|Frechet|=  1.6803E-23
||Frechet||_F=  8.4868E-19max|Frechet|=  1.6803E-23
||Frechet||_F=  8.4868E-19max|Frechet|=  1.6803E-23
||Frechet||_F=  8.4868E-19max|Frechet|=  1.6803E-23
Grad block   3 GRAD_SCALED MORM =   7.7206E-03
Gradient finished
Start LBFGS 
curvature (warm): s·y=  1.7697E-04  ||s||^2=  1.8433E-01  ||y||^2=  2.7466E-06  sTy_min=  7.1153E-05
LBFGS step: g·p = -8.5099E-03  ||p||=  1.2769E+01
LBFGS step: min(p)= -9.4014E-01  max(p)=  1.3410E+00
LBFGS p_k (unscaled) stats per active parameter:
  IA=  3  PAR={C13}  min=-2.10931E+09  max= 3.00857E+09  L2= 2.86480E+10
min(p_k)= -9.4014E-01  max(p_k)=  1.3410E+00  ||p_k||=  1.2769E+01
min(p_kf)= -9.4014E-01  max(p_kf)=  1.3410E+00  ||p_kf||=  5.1075E+01
p_k/p_kf  =   2.5000E-01
Start linesearch
MT entry: phi(0)=  2.9602E-02  dg0= -8.5099E-03  alpha0=  1.0000E+00
 UPDATEPARAMETER: f-scale only
UPDATEPARAMETER PAR_STEP min/max, V_STEP min/max = -5.8577318883E+09  1.2235501767E+10
 -5.8577318883E+09  1.2235501767E+10
 WD_amp= 6.96913E+13  RESID_RMS= 3.47077E-01  FCOST_DATA= 6.02311E-02  FCOST0= 6.02311E-02
  
 -------------- calculate Frechet derivatives -----------
 IFREQ =           8    ITERATION =           3
||Frechet||_F=  8.5497E-19max|Frechet|=  1.7419E-23
||Frechet||_F=  8.5497E-19max|Frechet|=  1.7419E-23
||Frechet||_F=  8.5497E-19max|Frechet|=  1.7419E-23
||Frechet||_F=  8.5497E-19max|Frechet|=  1.7419E-23
||Frechet||_F=  8.5497E-19max|Frechet|=  1.7419E-23
||Frechet||_F=  8.5497E-19max|Frechet|=  1.7419E-23
Grad block   3 GRAD_SCALED MORM =   2.3566E-02
MT try: alpha=  1.0000E+00  phi=  6.0231E-02  dg=  2.1091E-02  dg0= -8.5099E-03
MT try: armijo_rhs=  2.9601E-02  armijo=F  curvature=F  task=FG
 UPDATEPARAMETER: f-scale only
UPDATEPARAMETER PAR_STEP min/max, V_STEP min/max = -6.8598519696E+09  1.2250975315E+10
 -6.8598519696E+09  1.2250975315E+10
 WD_amp= 6.96913E+13  RESID_RMS= 2.40291E-01  FCOST_DATA= 2.88699E-02  FCOST0= 2.88699E-02
  
 -------------- calculate Frechet derivatives -----------
 IFREQ =           8    ITERATION =           3
||Frechet||_F=  8.4886E-19max|Frechet|=  1.6817E-23
||Frechet||_F=  8.4886E-19max|Frechet|=  1.6817E-23
||Frechet||_F=  8.4886E-19max|Frechet|=  1.6817E-23
||Frechet||_F=  8.4886E-19max|Frechet|=  1.6817E-23
||Frechet||_F=  8.4886E-19max|Frechet|=  1.6817E-23
||Frechet||_F=  8.4886E-19max|Frechet|=  1.6817E-23
Grad block   3 GRAD_SCALED MORM =   7.4256E-03
MT try: alpha=  5.0580E-02  phi=  2.8870E-02  dg= -6.3839E-03  dg0= -8.5099E-03
MT try: armijo_rhs=  2.9602E-02  armijo=T  curvature=T  task=FG
  
  
Convergence reached, updating parameter grid
ALPHA from line search =  .5058020505111435E-01
 FCOST0 after linesearch  2.886994468851738E-002
Norm of s (s_norm) =  .6458478901448004
  
  
  
  
Convergence check at iteration    3
  Relative cost decrease  =  2.4730E-02
  Relative model update   =  0.0000E+00
  Relative grad. norm     =  4.7298E-01
Time for LBFGS =  18.43034667968750 min
  
 Frequency:           8 Iteration:           4
t_global   =    348.097 s
  
 -------------- calculate Frechet derivatives -----------
 IFREQ =           8    ITERATION =           4
||Frechet||_F=  8.4886E-19max|Frechet|=  1.6817E-23
||Frechet||_F=  8.4886E-19max|Frechet|=  1.6817E-23
||Frechet||_F=  8.4886E-19max|Frechet|=  1.6817E-23
||Frechet||_F=  8.4886E-19max|Frechet|=  1.6817E-23
 
TIME for Frechet calc =  3.410526784261068 min
 
 
  compute the residual and the cost function
 WD_amp= 6.96913E+13  RESID_RMS= 2.40291E-01  FCOST_DATA= 2.88699E-02  FCOST0= 2.88699E-02
||Frechet||_F=  8.4886E-19max|Frechet|=  1.6817E-23
||Frechet||_F=  8.4886E-19max|Frechet|=  1.6817E-23
Grad block   3 GRAD_SCALED MORM =   7.4256E-03
Gradient finished
Start LBFGS 
curvature (warm): s·y=  1.0754E-04  ||s||^2=  4.1712E-01  ||y||^2=  9.8557E-07  sTy_min=  6.4117E-05
LBFGS step: g·p = -9.0457E-03  ||p||=  1.5740E+01
LBFGS step: min(p)= -1.1283E+00  max(p)=  1.5780E+00
LBFGS p_k (unscaled) stats per active parameter:
  IA=  3  PAR={C13}  min=-2.53155E+09  max= 3.54050E+09  L2= 3.53147E+10
min(p_k)= -1.1283E+00  max(p_k)=  1.5780E+00  ||p_k||=  1.5740E+01
min(p_kf)= -1.1283E+00  max(p_kf)=  1.5780E+00  ||p_kf||=  6.2961E+01
p_k/p_kf  =   2.5000E-01
Start linesearch
MT entry: phi(0)=  2.8870E-02  dg0= -9.0457E-03  alpha0=  1.0000E+00
 UPDATEPARAMETER: f-scale only
UPDATEPARAMETER PAR_STEP min/max, V_STEP min/max = -5.8194182283E+09  1.2241728028E+10
 -5.8194182283E+09  1.2241728028E+10
 WD_amp= 6.96913E+13  RESID_RMS= 4.07631E-01  FCOST_DATA= 8.30816E-02  FCOST0= 8.30816E-02
  
 -------------- calculate Frechet derivatives -----------
 IFREQ =           8    ITERATION =           4
||Frechet||_F=  8.8140E-19max|Frechet|=  1.6900E-23
||Frechet||_F=  8.8140E-19max|Frechet|=  1.6900E-23
||Frechet||_F=  8.8140E-19max|Frechet|=  1.6900E-23
||Frechet||_F=  8.8140E-19max|Frechet|=  1.6900E-23
||Frechet||_F=  8.8140E-19max|Frechet|=  1.6900E-23
||Frechet||_F=  8.8140E-19max|Frechet|=  1.6900E-23
Grad block   3 GRAD_SCALED MORM =   3.5946E-02
MT try: alpha=  1.0000E+00  phi=  8.3082E-02  dg=  4.6592E-02  dg0= -9.0457E-03
MT try: armijo_rhs=  2.8869E-02  armijo=F  curvature=F  task=FG
 UPDATEPARAMETER: f-scale only
UPDATEPARAMETER PAR_STEP min/max, V_STEP min/max = -6.7928666284E+09  1.2250252857E+10
 -6.7928666284E+09  1.2250252857E+10
 WD_amp= 6.96913E+13  RESID_RMS= 2.37348E-01  FCOST_DATA= 2.81671E-02  FCOST0= 2.81671E-02
  
 -------------- calculate Frechet derivatives -----------
 IFREQ =           8    ITERATION =           4
||Frechet||_F=  8.4992E-19max|Frechet|=  1.6845E-23
||Frechet||_F=  8.4992E-19max|Frechet|=  1.6845E-23
||Frechet||_F=  8.4992E-19max|Frechet|=  1.6845E-23
||Frechet||_F=  8.4992E-19max|Frechet|=  1.6845E-23
||Frechet||_F=  8.4992E-19max|Frechet|=  1.6845E-23
||Frechet||_F=  8.4992E-19max|Frechet|=  1.6845E-23
Grad block   3 GRAD_SCALED MORM =   7.3101E-03
MT try: alpha=  3.4671E-02  phi=  2.8167E-02  dg= -6.6715E-03  dg0= -9.0457E-03
MT try: armijo_rhs=  2.8870E-02  armijo=T  curvature=T  task=FG
  
  
Convergence reached, updating parameter grid
ALPHA from line search =  .3467134675207522E-01
 FCOST0 after linesearch  2.816705750833810E-002
Norm of s (s_norm) =  .5457339468303750
  
  
  
  
Convergence check at iteration    4
  Relative cost decrease  =  2.4347E-02
  Relative model update   =  0.0000E+00
  Relative grad. norm     =  4.1378E-01
Time for LBFGS =  18.33163045247396 min
  
 Frequency:           8 Iteration:           5
t_global   =    344.941 s
  
 -------------- calculate Frechet derivatives -----------
 IFREQ =           8    ITERATION =           5
||Frechet||_F=  8.4992E-19max|Frechet|=  1.6845E-23
||Frechet||_F=  8.4992E-19max|Frechet|=  1.6845E-23
||Frechet||_F=  8.4992E-19max|Frechet|=  1.6845E-23
||Frechet||_F=  8.4992E-19max|Frechet|=  1.6845E-23
||Frechet||_F=  8.4992E-19max|Frechet|=  1.6845E-23
 
TIME for Frechet calc =  3.459681701660156 min
 
 
  compute the residual and the cost function
 WD_amp= 6.96913E+13  RESID_RMS= 2.37348E-01  FCOST_DATA= 2.81671E-02  FCOST0= 2.81671E-02
||Frechet||_F=  8.4992E-19max|Frechet|=  1.6845E-23
Grad block   3 GRAD_SCALED MORM =   7.3101E-03
Gradient finished
Start LBFGS 
curvature (warm): s·y=  8.2315E-05  ||s||^2=  2.9783E-01  ||y||^2=  8.7389E-07  sTy_min=  5.1016E-05
LBFGS step: g·p = -7.9809E-03  ||p||=  1.5986E+01
LBFGS step: min(p)= -1.3012E+00  max(p)=  1.7248E+00
LBFGS p_k (unscaled) stats per active parameter:
  IA=  3  PAR={C13}  min=-2.91939E+09  max= 3.86974E+09  L2= 3.58665E+10
min(p_k)= -1.3012E+00  max(p_k)=  1.7248E+00  ||p_k||=  1.5986E+01
min(p_kf)= -1.3012E+00  max(p_kf)=  1.7248E+00  ||p_kf||=  6.3945E+01
p_k/p_kf  =   2.5000E-01
Start linesearch
MT entry: phi(0)=  2.8167E-02  dg0= -7.9809E-03  alpha0=  1.0000E+00
 UPDATEPARAMETER: f-scale only
UPDATEPARAMETER PAR_STEP min/max, V_STEP min/max = -5.9983982816E+09  1.2248288998E+10
 -5.9983982816E+09  1.2248288998E+10
 WD_amp= 6.96913E+13  RESID_RMS= 3.24453E-01  FCOST_DATA= 5.26347E-02  FCOST0= 5.26347E-02
  
 -------------- calculate Frechet derivatives -----------
 IFREQ =           8    ITERATION =           5
||Frechet||_F=  8.5932E-19max|Frechet|=  1.6912E-23
||Frechet||_F=  8.5932E-19max|Frechet|=  1.6912E-23
||Frechet||_F=  8.5932E-19max|Frechet|=  1.6912E-23
||Frechet||_F=  8.5932E-19max|Frechet|=  1.6912E-23
||Frechet||_F=  8.5932E-19max|Frechet|=  1.6912E-23
||Frechet||_F=  8.5932E-19max|Frechet|=  1.6912E-23
Grad block   3 GRAD_SCALED MORM =   2.1228E-02
MT try: alpha=  1.0000E+00  phi=  5.2635E-02  dg=  1.5204E-02  dg0= -7.9809E-03
MT try: armijo_rhs=  2.8166E-02  armijo=F  curvature=F  task=FG
 UPDATEPARAMETER: f-scale only
UPDATEPARAMETER PAR_STEP min/max, V_STEP min/max = -6.7030515702E+09  1.2249054690E+10
 -6.7030515702E+09  1.2249054690E+10
 WD_amp= 6.96913E+13  RESID_RMS= 2.35700E-01  FCOST_DATA= 2.77773E-02  FCOST0= 2.77773E-02
  
 -------------- calculate Frechet derivatives -----------
 IFREQ =           8    ITERATION =           5
||Frechet||_F=  8.5025E-19max|Frechet|=  1.6854E-23
||Frechet||_F=  8.5025E-19max|Frechet|=  1.6854E-23
||Frechet||_F=  8.5025E-19max|Frechet|=  1.6854E-23
||Frechet||_F=  8.5025E-19max|Frechet|=  1.6854E-23
||Frechet||_F=  8.5025E-19max|Frechet|=  1.6854E-23
||Frechet||_F=  8.5025E-19max|Frechet|=  1.6854E-23
Grad block   3 GRAD_SCALED MORM =   7.1740E-03
MT try: alpha=  5.6502E-02  phi=  2.7777E-02  dg= -6.3429E-03  dg0= -7.9809E-03
MT try: armijo_rhs=  2.8167E-02  armijo=T  curvature=T  task=FG
  
  
  
  
Convergence reached, updating parameter grid
ALPHA from line search =  .5650166613181402E-01
 FCOST0 after linesearch  2.777731430975240E-002
Norm of s (s_norm) =  .9032432767524767
  
  
Convergence check at iteration    5
  Relative cost decrease  =  1.3837E-02
  Relative model update   =  0.0000E+00
  Relative grad. norm     =  3.7430E-01
Time for LBFGS =  18.44253946940104 min
  
 Frequency:           8 Iteration:           6
t_global   =    348.131 s
  
 -------------- calculate Frechet derivatives -----------
 IFREQ =           8    ITERATION =           6
||Frechet||_F=  8.5025E-19max|Frechet|=  1.6854E-23
||Frechet||_F=  8.5025E-19max|Frechet|=  1.6854E-23
||Frechet||_F=  8.5025E-19max|Frechet|=  1.6854E-23
||Frechet||_F=  8.5025E-19max|Frechet|=  1.6854E-23
 
TIME for Frechet calc =  3.433491770426432 min
 
 
  compute the residual and the cost function
 WD_amp= 6.96913E+13  RESID_RMS= 2.35700E-01  FCOST_DATA= 2.77773E-02  FCOST0= 2.77773E-02
||Frechet||_F=  8.5025E-19max|Frechet|=  1.6854E-23
||Frechet||_F=  8.5025E-19max|Frechet|=  1.6854E-23
Grad block   3 GRAD_SCALED MORM =   7.1740E-03
Gradient finished
Start LBFGS 
curvature (warm): s·y=  9.2549E-05  ||s||^2=  8.1585E-01  ||y||^2=  6.3535E-07  sTy_min=  7.1997E-05
LBFGS step: g·p = -1.2080E-02  ||p||=  2.6643E+01
LBFGS step: min(p)= -2.1498E+00  max(p)=  3.0449E+00
LBFGS p_k (unscaled) stats per active parameter:
  IA=  3  PAR={C13}  min=-4.82329E+09  max= 6.83161E+09  L2= 5.97773E+10
min(p_k)= -2.1498E+00  max(p_k)=  3.0449E+00  ||p_k||=  2.6643E+01
min(p_kf)= -2.1498E+00  max(p_kf)=  3.0449E+00  ||p_kf||=  1.0657E+02
p_k/p_kf  =   2.5000E-01
Start linesearch
MT entry: phi(0)=  2.7777E-02  dg0= -1.2080E-02  alpha0=  1.0000E+00
 UPDATEPARAMETER: f-scale only
UPDATEPARAMETER PAR_STEP min/max, V_STEP min/max = -5.8023951644E+09  1.4275341634E+10
 -5.8023951644E+09  1.4275341634E+10
 WD_amp= 6.96913E+13  RESID_RMS= 4.55577E-01  FCOST_DATA= 1.03775E-01  FCOST0= 1.03775E-01
  
 -------------- calculate Frechet derivatives -----------
 IFREQ =           8    ITERATION =           6
||Frechet||_F=  8.9103E-19max|Frechet|=  1.6973E-23
||Frechet||_F=  8.9103E-19max|Frechet|=  1.6973E-23
||Frechet||_F=  8.9103E-19max|Frechet|=  1.6973E-23
||Frechet||_F=  8.9103E-19max|Frechet|=  1.6973E-23
||Frechet||_F=  8.9103E-19max|Frechet|=  1.6973E-23
||Frechet||_F=  8.9103E-19max|Frechet|=  1.6973E-23
Grad block   3 GRAD_SCALED MORM =   3.1582E-02
MT try: alpha=  1.0000E+00  phi=  1.0378E-01  dg=  5.1659E-02  dg0= -1.2080E-02
MT try: armijo_rhs=  2.7776E-02  armijo=F  curvature=F  task=FG
 UPDATEPARAMETER: f-scale only
UPDATEPARAMETER PAR_STEP min/max, V_STEP min/max = -6.6302744221E+09  1.2248009298E+10
 -6.6302744221E+09  1.2248009298E+10
 WD_amp= 6.96913E+13  RESID_RMS= 2.33573E-01  FCOST_DATA= 2.72782E-02  FCOST0= 2.72782E-02
  
 -------------- calculate Frechet derivatives -----------
 IFREQ =           8    ITERATION =           6
||Frechet||_F=  8.5094E-19max|Frechet|=  1.6836E-23
||Frechet||_F=  8.5094E-19max|Frechet|=  1.6836E-23
||Frechet||_F=  8.5094E-19max|Frechet|=  1.6836E-23
||Frechet||_F=  8.5094E-19max|Frechet|=  1.6836E-23
||Frechet||_F=  8.5094E-19max|Frechet|=  1.6836E-23
||Frechet||_F=  8.5094E-19max|Frechet|=  1.6836E-23
Grad block   3 GRAD_SCALED MORM =   7.0673E-03
MT try: alpha=  3.0930E-02  phi=  2.7278E-02  dg= -9.6994E-03  dg0= -1.2080E-02
MT try: armijo_rhs=  2.7777E-02  armijo=T  curvature=T  task=FG
  
  
Convergence reached, updating parameter grid
ALPHA from line search =  .3092973718161358E-01
 FCOST0 after linesearch  2.727817971057898E-002
Norm of s (s_norm) =  .8240747658177636
  
  
  
  
Convergence check at iteration    6
  Relative cost decrease  =  1.7969E-02
  Relative model update   =  0.0000E+00
  Relative grad. norm     =  3.1073E-01
Time for LBFGS =  18.07266845703125 min
  
 Frequency:           8 Iteration:           7
t_global   =    348.479 s
  
 -------------- calculate Frechet derivatives -----------
 IFREQ =           8    ITERATION =           7
||Frechet||_F=  8.5094E-19max|Frechet|=  1.6836E-23
||Frechet||_F=  8.5094E-19max|Frechet|=  1.6836E-23
 
TIME for Frechet calc =  3.449674987792969 min
 
 
  compute the residual and the cost function
 WD_amp= 6.96913E+13  RESID_RMS= 2.33573E-01  FCOST_DATA= 2.72782E-02  FCOST0= 2.72782E-02
||Frechet||_F=  8.5094E-19max|Frechet|=  1.6836E-23
||Frechet||_F=  8.5094E-19max|Frechet|=  1.6836E-23
||Frechet||_F=  8.5094E-19max|Frechet|=  1.6836E-23
||Frechet||_F=  8.5094E-19max|Frechet|=  1.6836E-23
Grad block   3 GRAD_SCALED MORM =   7.0673E-03
Gradient finished
Start LBFGS 
curvature (full): s·y=  7.3626E-05  ||s||^2=  6.7910E-01  ||y||^2=  3.2361E-07  sTy_min=  4.6879E-05
 
LBFGS step(full): g·p = -7.2794E-03  ||p||=  1.8460E+01
LBFGS step(full): min(p)= -1.3809E+00  max(p)=  2.2733E+00
LBFGS p_k (unscaled) stats per active parameter:
  IA=  3  PAR={C13}  min=-3.09818E+09  max= 5.10042E+09  L2= 4.14164E+10
min(p_k)= -1.3809E+00  max(p_k)=  2.2733E+00  ||p_k||=  1.8460E+01
min(p_kf)= -1.3809E+00  max(p_kf)=  2.2733E+00  ||p_kf||=  7.3839E+01
p_k/p_kf  =   2.5000E-01
Start linesearch
MT entry: phi(0)=  2.7278E-02  dg0= -7.2794E-03  alpha0=  1.0000E+00
 UPDATEPARAMETER: f-scale only
UPDATEPARAMETER PAR_STEP min/max, V_STEP min/max = -6.4106527330E+09  1.2755448940E+10
 -6.4106527330E+09  1.2755448940E+10
 WD_amp= 6.96913E+13  RESID_RMS= 3.47352E-01  FCOST_DATA= 6.03266E-02  FCOST0= 6.03266E-02
  
 -------------- calculate Frechet derivatives -----------
 IFREQ =           8    ITERATION =           7
||Frechet||_F=  8.7495E-19max|Frechet|=  1.6498E-23
||Frechet||_F=  8.7495E-19max|Frechet|=  1.6498E-23
||Frechet||_F=  8.7495E-19max|Frechet|=  1.6498E-23
||Frechet||_F=  8.7495E-19max|Frechet|=  1.6498E-23
||Frechet||_F=  8.7495E-19max|Frechet|=  1.6498E-23
||Frechet||_F=  8.7495E-19max|Frechet|=  1.6498E-23
Grad block   3 GRAD_SCALED MORM =   2.2784E-02
MT try: alpha=  1.0000E+00  phi=  6.0327E-02  dg=  2.1036E-02  dg0= -7.2794E-03
MT try: armijo_rhs=  2.7277E-02  armijo=F  curvature=F  task=FG
 UPDATEPARAMETER: f-scale only
UPDATEPARAMETER PAR_STEP min/max, V_STEP min/max = -6.5801452090E+09  1.2247140740E+10
 -6.5801452090E+09  1.2247140740E+10
 WD_amp= 6.96913E+13  RESID_RMS= 2.32843E-01  FCOST_DATA= 2.71080E-02  FCOST0= 2.71080E-02
  
 -------------- calculate Frechet derivatives -----------
 IFREQ =           8    ITERATION =           7
||Frechet||_F=  8.5163E-19max|Frechet|=  1.6857E-23
||Frechet||_F=  8.5163E-19max|Frechet|=  1.6857E-23
||Frechet||_F=  8.5163E-19max|Frechet|=  1.6857E-23
||Frechet||_F=  8.5163E-19max|Frechet|=  1.6857E-23
||Frechet||_F=  8.5163E-19max|Frechet|=  1.6857E-23
||Frechet||_F=  8.5163E-19max|Frechet|=  1.6857E-23
Grad block   3 GRAD_SCALED MORM =   7.0215E-03
MT try: alpha=  4.0679E-02  phi=  2.7108E-02  dg= -6.1925E-03  dg0= -7.2794E-03
MT try: armijo_rhs=  2.7278E-02  armijo=T  curvature=T  task=FG
  
  
  
Convergence reached, updating parameter grid
ALPHA from line search =  .4067871042447452E-01
 FCOST0 after linesearch  2.710802043097783E-002
Norm of s (s_norm) =  .7509207291746288
  
  
  
Convergence check at iteration    7
  Relative cost decrease  =  6.2379E-03
  Relative model update   =  0.0000E+00
  Relative grad. norm     =  3.3360E-01
Time for LBFGS =  18.33052978515625 min
 --------- Frequency   6.20000000000000       (band            1 )
[ComputeAcqWeight] empty acq_weight_file, using uniform weights = 1.0
Data weighting computed for frequency 4607182418800017373
Data weighting computed for frequency 4607182418800017373
XSRmin, XSRmax, ZSRmin, ZSRMax -1960.000000000000 .000000000000000 2050.000000000000 4030.000000000000
1 FKYC
1.2 FKYC
my_rank, FKYC,WLMAX, RMAX 0 .5081184639719144E-01 826.2546443294791 2786.036611389018
1.1 NK
Data weighting computed for frequency 4607182418800017373
Data weighting computed for frequency 4607182418800017373
NK in cky2= 66

  Number of wavenumber samples (NK) for FREQ =   66
Data weighting computed for frequency 4607182418800017373
Data weighting computed for frequency 4607182418800017373
  RMAX = 2786.04
--- Pre-solver preview (memory + RHS workload) ---
   GQG dims: NNX=       585  NNZ=       317  NPT=    185445
   DOF:     N=3*NPT =    556335
   Sources: NSR=       100  NSS=        20  NK=        66
   RHS total (per IK): nrhs_tot=3*NSS =        60
   Batch:    MAX_RHS_BATCH=        32  nbatches=         2
   GFMY  (GFX+GFY+GFZ):         16.414 GB
   RHS_MY(rhs+sol buffers):      0.531 GB
 
 running run_ik_loop_pardiso
before CA | VmRSS=  18.213 GB  VmHWM=  95.027 GB
after CA | VmRSS=  19.456 GB  VmHWM=  95.027 GB
after factor | VmRSS=  23.224 GB  VmHWM=  95.027 GB
f=     6.200 Hz | ky=  0.769876E-03 | IK=       1/      66 | t=   17.177100 s | CA=  2.5430 | fact= 12.7441 | GF=  1.8899 | solve=  1.7368 | scatter=  0.0504
f=     6.200 Hz | ky=  0.153975E-02 | IK=       2/      66 | t=    6.845400 s | CA=  2.5610 | fact=  2.4972 | GF=  1.7871 | solve=  1.6638 | scatter=  0.0509
f=     6.200 Hz | ky=  0.230963E-02 | IK=       3/      66 | t=    6.870100 s | CA=  2.5816 | fact=  2.5062 | GF=  1.7823 | solve=  1.6598 | scatter=  0.0504
f=     6.200 Hz | ky=  0.307951E-02 | IK=       4/      66 | t=    6.800000 s | CA=  2.5351 | fact=  2.4853 | GF=  1.7795 | solve=  1.6547 | scatter=  0.0528
f=     6.200 Hz | ky=  0.384938E-02 | IK=       5/      66 | t=    6.815200 s | CA=  2.5407 | fact=  2.4867 | GF=  1.7878 | solve=  1.6657 | scatter=  0.0502
f=     6.200 Hz | ky=  0.461926E-02 | IK=       6/      66 | t=    6.839800 s | CA=  2.5494 | fact=  2.5012 | GF=  1.7892 | solve=  1.6669 | scatter=  0.0503
f=     6.200 Hz | ky=  0.538914E-02 | IK=       7/      66 | t=    6.832400 s | CA=  2.5440 | fact=  2.4968 | GF=  1.7916 | solve=  1.6675 | scatter=  0.0521
f=     6.200 Hz | ky=  0.615901E-02 | IK=       8/      66 | t=    6.798700 s | CA=  2.5413 | fact=  2.4737 | GF=  1.7837 | solve=  1.6610 | scatter=  0.0508
f=     6.200 Hz | ky=  0.692889E-02 | IK=       9/      66 | t=    6.839100 s | CA=  2.5554 | fact=  2.4959 | GF=  1.7877 | solve=  1.6632 | scatter=  0.0522
f=     6.200 Hz | ky=  0.769876E-02 | IK=      10/      66 | t=    6.843700 s | CA=  2.5488 | fact=  2.5032 | GF=  1.7917 | solve=  1.6665 | scatter=  0.0532
f=     6.200 Hz | ky=  0.846864E-02 | IK=      11/      66 | t=    6.816400 s | CA=  2.5449 | fact=  2.4888 | GF=  1.7826 | solve=  1.6608 | scatter=  0.0498
PARDISO mem (f=  6.20 Hz): sym=  1.95 GB  perm=  1.42 GB  num=  3.22 GB  
peak=  4.64 GB
t_global   =    123.958 s
TIME for 1st forward modeling =  2.065948359171550  min
TIME for GT0 =  .6141666571299235E-02  min
Data scaler W for L2 norm: 74609991057523.44
Data scaler W for WQS norm: .3395193265742062E-312
Total number of active inversion parameters for current sequential stage (IM):          1
Total model blocks points (NM = IM * NBLOCK):      11534 on grid (NMM = IM * NPT):    185445
 Gradient balance ():   1.00000000000000        1.00000000000000     
   1.00000000000000        1.00000000000000        1.00000000000000     
   1.00000000000000        1.00000000000000        1.00000000000000     
   1.00000000000000        1.00000000000000        1.00000000000000     
 IE0, IZ          30           0
 IE0, IZ, GZ1, GZ2 =           30           0   100.000000000000     
   300.000000000000     
  
 Frequency:           9 Iteration:           1
--- Pre-solver preview (memory + RHS workload) ---
   GQG dims: NNX=       585  NNZ=       317  NPT=    185445
   DOF:     N=3*NPT =    556335
   Sources: NSR=       100  NSS=       100  NK=        66
   RHS total (per IK): nrhs_tot=3*NSS =       300
   Batch:    MAX_RHS_BATCH=        32  nbatches=        10
   GFMY  (GFX+GFY+GFZ):         82.071 GB
   RHS_MY(rhs+sol buffers):      0.531 GB
 
 running run_ik_loop_pardiso
before CA | VmRSS=  84.719 GB  VmHWM=  95.027 GB
after CA | VmRSS=  85.898 GB  VmHWM=  95.027 GB
after factor | VmRSS=  89.656 GB  VmHWM=  95.027 GB
f=     6.200 Hz | ky=  0.769876E-03 | IK=       1/      66 | t=   24.112000 s | CA=  2.6089 | fact= 12.6797 | GF=  8.8232 | solve=  8.1711 | scatter=  0.2508
f=     6.200 Hz | ky=  0.153975E-02 | IK=       2/      66 | t=   13.834600 s | CA=  2.6143 | fact=  2.4917 | GF=  8.7285 | solve=  8.1050 | scatter=  0.2528
f=     6.200 Hz | ky=  0.230963E-02 | IK=       3/      66 | t=   13.764000 s | CA=  2.5418 | fact=  2.5031 | GF=  8.7191 | solve=  8.0974 | scatter=  0.2509
f=     6.200 Hz | ky=  0.307951E-02 | IK=       4/      66 | t=   13.774200 s | CA=  2.5648 | fact=  2.4923 | GF=  8.7171 | solve=  8.0945 | scatter=  0.2518
f=     6.200 Hz | ky=  0.384938E-02 | IK=       5/      66 | t=   13.796900 s | CA=  2.5816 | fact=  2.4951 | GF=  8.7201 | solve=  8.0983 | scatter=  0.2509
f=     6.200 Hz | ky=  0.461926E-02 | IK=       6/      66 | t=   13.847100 s | CA=  2.6221 | fact=  2.5132 | GF=  8.7117 | solve=  8.0856 | scatter=  0.2554
f=     6.200 Hz | ky=  0.538914E-02 | IK=       7/      66 | t=   13.821300 s | CA=  2.5848 | fact=  2.5144 | GF=  8.7221 | solve=  8.1007 | scatter=  0.2510
f=     6.200 Hz | ky=  0.615901E-02 | IK=       8/      66 | t=   13.798600 s | CA=  2.5551 | fact=  2.5038 | GF=  8.7397 | solve=  8.1086 | scatter=  0.2601
f=     6.200 Hz | ky=  0.692889E-02 | IK=       9/      66 | t=   13.865000 s | CA=  2.6160 | fact=  2.5062 | GF=  8.7428 | solve=  8.1148 | scatter=  0.2556
f=     6.200 Hz | ky=  0.769876E-02 | IK=      10/      66 | t=   13.789500 s | CA=  2.5297 | fact=  2.5107 | GF=  8.7490 | solve=  8.1255 | scatter=  0.2520
f=     6.200 Hz | ky=  0.846864E-02 | IK=      11/      66 | t=   13.757000 s | CA=  2.5247 | fact=  2.4922 | GF=  8.7400 | solve=  8.1179 | scatter=  0.2515
PARDISO mem (f=  6.20 Hz): sym=  1.95 GB  perm=  1.42 GB  num=  3.22 GB  
peak=  4.64 GB
t_global   =    349.131 s
TIME for 2d forward modeling_i calc =  5.817508443196615 min
Rank    4 -> ID range:   3201 to   4000 | Tasks:    800
Rank    5 -> ID range:   4001 to   4800 | Tasks:    800
Rank    2 -> ID range:   1601 to   2400 | Tasks:    800
Rank    1 -> ID range:    801 to   1600 | Tasks:    800
Rank    3 -> ID range:   2401 to   3200 | Tasks:    800
  
 -------------- calculate Frechet derivatives -----------
 IFREQ =           9    ITERATION =           1
Frechet memory size Frec_my:      0.825 (Gb)
Rank    0 -> ID range:      1 to    800 | Tasks:    800
FREQ:      6.2 Hz, ITER=       1  Frechet Derivative ID=     100/    4800 Finished   0.264200 s
FREQ:      6.2 Hz, ITER=       1  Frechet Derivative ID=     200/    4800 Finished   0.234300 s
FREQ:      6.2 Hz, ITER=       1  Frechet Derivative ID=     300/    4800 Finished   0.225400 s
FREQ:      6.2 Hz, ITER=       1  Frechet Derivative ID=     400/    4800 Finished   0.210900 s
FREQ:      6.2 Hz, ITER=       1  Frechet Derivative ID=     500/    4800 Finished   0.229000 s
FREQ:      6.2 Hz, ITER=       1  Frechet Derivative ID=     600/    4800 Finished   0.229900 s
FREQ:      6.2 Hz, ITER=       1  Frechet Derivative ID=     700/    4800 Finished   0.229700 s
FREQ:      6.2 Hz, ITER=       1  Frechet Derivative ID=     800/    4800 Finished   0.227300 s
||Frechet||_F=  8.5358E-19max|Frechet|=  1.7501E-23
||Frechet||_F=  8.5358E-19max|Frechet|=  1.7501E-23
||Frechet||_F=  8.5358E-19max|Frechet|=  1.7501E-23
||Frechet||_F=  8.5358E-19max|Frechet|=  1.7501E-23
||Frechet||_F=  8.5358E-19max|Frechet|=  1.7501E-23
 
TIME for Frechet calc =  3.456771596272787 min
 
m_fine: min= -6.5801E+09  max=  1.2247E+10  mean=  8.0887E+09  ||.||2=  3.9415E+12  size=  185445
m_coarse_prev: min= -4.4328E+09  max=  1.2182E+10  mean=  8.0920E+09  ||.||2=  9.8285E+11  size=   11534
 
  compute the residual and the cost function
 WD_amp= 7.46100E+13  RESID_RMS= 2.57404E-01  FCOST_DATA= 3.31284E-02  FCOST0= 3.31284E-02
||Frechet||_F=  8.5358E-19max|Frechet|=  1.7501E-23
IA=  3  H(single F0) min= 0.00000E+00  max= 3.10388E-02
IA=  3  H(F0^2)     min= 0.00000E+00  max= 3.10388E-02
HESSD: ia=   3  min= 0.00000E+00  max= 6.44354E+03
IA=  3  H(single F0) min= 0.00000E+00  max= 3.10388E-02
IA=  3  H(F0^2)     min= 0.00000E+00  max= 3.10388E-02
HESSD: ia=   3  min= 0.00000E+00  max= 6.44354E+03
IA=  3  H(single F0) min= 0.00000E+00  max= 3.10388E-02
IA=  3  H(F0^2)     min= 0.00000E+00  max= 3.10388E-02
HESSD: ia=   3  min= 0.00000E+00  max= 6.44354E+03
IA=  3  H(single F0) min= 0.00000E+00  max= 3.10388E-02
IA=  3  H(F0^2)     min= 0.00000E+00  max= 3.10388E-02
HESSD: ia=   3  min= 0.00000E+00  max= 6.44354E+03
IA=  3  H(single F0) min= 0.00000E+00  max= 3.10388E-02
IA=  3  H(F0^2)     min= 0.00000E+00  max= 3.10388E-02
HESSD: ia=   3  min= 0.00000E+00  max= 6.44354E+03
IA=  3  H(single F0) min= 0.00000E+00  max= 3.10388E-02
IA=  3  H(F0^2)     min= 0.00000E+00  max= 3.10388E-02
HESSD: ia=   3  min= 0.00000E+00  max= 6.44354E+03
Grad block   3 GRAD_SCALED MORM =   8.5768E-03
Raw grad block  3  PAR={C13}  min= -5.9343E-13  max=  7.3797E-13  L2=  4.0615E-12
Gradient finished
Start LBFGS 
LBFGS steepest step , iter=      1
  g·p = -1.2795E-02  ||p|| =  5.1764E+00
  min(p)= -6.9460E-01  max(p)=  4.0940E-01
LBFGS p_k (unscaled) stats per active parameter:
  IA=  3  PAR={C13}  min=-1.55840E+09  max= 9.18530E+08  L2= 1.16137E+10
min(p_k)= -6.9460E-01  max(p_k)=  4.0940E-01  ||p_k||=  5.1764E+00
min(p_kf)= -6.9460E-01  max(p_kf)=  4.0940E-01  ||p_kf||=  2.0706E+01
p_k/p_kf  =   2.5000E-01
Start linesearch
BT entry: phi(0)=  3.3128E-02  g·p(0)= -1.2795E-02
 UPDATEPARAMETER: f-scale only
UPDATEPARAMETER PAR_STEP min/max, V_STEP min/max = -6.8494071472E+09  1.2254186561E+10
 -6.8494071472E+09  1.2254186561E+10
REL STEP elastic: k=  3 row=  3 rmax_k=  3.8849E+01 row_scale=  1.2247E+10
BT cap probe: rmax1=  3.8849E+01  alpha_cap=  1.2870E-02  alpha00=  1.0000E+00
 UPDATEPARAMETER: f-scale only
UPDATEPARAMETER PAR_STEP min/max, V_STEP min/max = -6.5813455800E+09  1.2247225308E+10
 -6.5813455800E+09  1.2247225308E+10
 running run_ik_loop_pardiso
before CA | VmRSS=  19.066 GB  VmHWM=  95.027 GB
after CA | VmRSS=  20.438 GB  VmHWM=  95.027 GB
after factor | VmRSS=  24.203 GB  VmHWM=  95.027 GB
f=     6.200 Hz | ky=  0.769876E-03 | IK=       1/      66 | t=   17.167100 s | CA=  2.5845 | fact= 12.6961 | GF=  1.8863 | solve=  1.7337 | scatter=  0.0503
f=     6.200 Hz | ky=  0.153975E-02 | IK=       2/      66 | t=    6.774300 s | CA=  2.4992 | fact=  2.4916 | GF=  1.7835 | solve=  1.6606 | scatter=  0.0507
f=     6.200 Hz | ky=  0.230963E-02 | IK=       3/      66 | t=    6.841300 s | CA=  2.5820 | fact=  2.4755 | GF=  1.7838 | solve=  1.6614 | scatter=  0.0505
f=     6.200 Hz | ky=  0.307951E-02 | IK=       4/      66 | t=    6.891000 s | CA=  2.5972 | fact=  2.5108 | GF=  1.7829 | solve=  1.6604 | scatter=  0.0503
f=     6.200 Hz | ky=  0.384938E-02 | IK=       5/      66 | t=    6.810000 s | CA=  2.5442 | fact=  2.4805 | GF=  1.7852 | solve=  1.6631 | scatter=  0.0500
f=     6.200 Hz | ky=  0.461926E-02 | IK=       6/      66 | t=    6.853600 s | CA=  2.5685 | fact=  2.5011 | GF=  1.7839 | solve=  1.6613 | scatter=  0.0507
f=     6.200 Hz | ky=  0.538914E-02 | IK=       7/      66 | t=    6.833200 s | CA=  2.5514 | fact=  2.4992 | GF=  1.7825 | solve=  1.6609 | scatter=  0.0498
f=     6.200 Hz | ky=  0.615901E-02 | IK=       8/      66 | t=    6.891100 s | CA=  2.6070 | fact=  2.4999 | GF=  1.7842 | solve=  1.6612 | scatter=  0.0510
f=     6.200 Hz | ky=  0.692889E-02 | IK=       9/      66 | t=    6.813200 s | CA=  2.5297 | fact=  2.5004 | GF=  1.7831 | solve=  1.6595 | scatter=  0.0512
f=     6.200 Hz | ky=  0.769876E-02 | IK=      10/      66 | t=    6.830700 s | CA=  2.5499 | fact=  2.4931 | GF=  1.7876 | solve=  1.6642 | scatter=  0.0514
f=     6.200 Hz | ky=  0.846864E-02 | IK=      11/      66 | t=    6.802900 s | CA=  2.5207 | fact=  2.4935 | GF=  1.7887 | solve=  1.6627 | scatter=  0.0540
PARDISO mem (f=  6.20 Hz): sym=  1.95 GB  perm=  1.42 GB  num=  3.22 GB  
peak=  4.64 GB
 WD_amp= 7.46100E+13  RESID_RMS= 2.56219E-01  FCOST_DATA= 3.28241E-02  FCOST0= 3.28241E-02
BT: alpha=  1.2870E-02  phi=  3.2824E-02  rhs=  3.3128E-02
  
  
  
  
  
Convergence reached, updating parameter grid
ALPHA from line search =  .1287029230679846E-01
 FCOST0 after linesearch  3.282410101532955E-002
Norm of s (s_norm) =  .6662140110418265E-01
  
Time for LBFGS =  2.072778320312500 min
  
 Frequency:           9 Iteration:           2
t_global   =    348.861 s
  
 -------------- calculate Frechet derivatives -----------
 IFREQ =           9    ITERATION =           2
||Frechet||_F=  8.5381E-19max|Frechet|=  1.7491E-23
||Frechet||_F=  8.5381E-19max|Frechet|=  1.7491E-23
||Frechet||_F=  8.5381E-19max|Frechet|=  1.7491E-23
||Frechet||_F=  8.5381E-19max|Frechet|=  1.7491E-23
||Frechet||_F=  8.5381E-19max|Frechet|=  1.7491E-23
 
TIME for Frechet calc =  3.354555002848307 min
 
 
  compute the residual and the cost function
 WD_amp= 7.46100E+13  RESID_RMS= 2.56219E-01  FCOST_DATA= 3.28241E-02  FCOST0= 3.28241E-02
||Frechet||_F=  8.5381E-19max|Frechet|=  1.7491E-23
Grad block   3 GRAD_SCALED MORM =   8.2012E-03
Raw grad block  3  PAR={C13}  min= -5.3668E-13  max=  7.2492E-13  L2=  3.8863E-12
Gradient finished
Start LBFGS 
curvature (warm): s·y=  2.0841E-05  ||s||^2=  4.4384E-03  ||y||^2=  4.2723E-07  sTy_min=  4.3546E-06
LBFGS step: g·p = -1.1216E-02  ||p||=  8.2991E+00
LBFGS step: min(p)= -1.4271E+00  max(p)=  2.9991E-01
LBFGS p_k (unscaled) stats per active parameter:
  IA=  3  PAR={C13}  min=-3.20191E+09  max= 6.72887E+08  L2= 1.86198E+10
min(p_k)= -1.4271E+00  max(p_k)=  2.9991E-01  ||p_k||=  8.2991E+00
min(p_kf)= -1.4271E+00  max(p_kf)=  2.9991E-01  ||p_kf||=  3.3196E+01
p_k/p_kf  =   2.5000E-01
Start linesearch
MT entry: phi(0)=  3.2824E-02  dg0= -1.1216E-02  alpha0=  1.0000E+00
 UPDATEPARAMETER: f-scale only
UPDATEPARAMETER PAR_STEP min/max, V_STEP min/max = -7.2056178071E+09  1.2263421404E+10
 -7.2056178071E+09  1.2263421404E+10
 WD_amp= 7.46100E+13  RESID_RMS= 2.91598E-01  FCOST_DATA= 4.25147E-02  FCOST0= 4.25147E-02
  
 -------------- calculate Frechet derivatives -----------
 IFREQ =           9    ITERATION =           2
||Frechet||_F=  8.4548E-19max|Frechet|=  1.7201E-23
||Frechet||_F=  8.4548E-19max|Frechet|=  1.7201E-23
||Frechet||_F=  8.4548E-19max|Frechet|=  1.7201E-23
||Frechet||_F=  8.4548E-19max|Frechet|=  1.7201E-23
||Frechet||_F=  8.4548E-19max|Frechet|=  1.7201E-23
||Frechet||_F=  8.4548E-19max|Frechet|=  1.7201E-23
Grad block   3 GRAD_SCALED MORM =   2.7988E-02
MT try: alpha=  1.0000E+00  phi=  4.2515E-02  dg=  1.1500E-02  dg0= -1.1216E-02
MT try: armijo_rhs=  3.2823E-02  armijo=F  curvature=F  task=FG
 UPDATEPARAMETER: f-scale only
UPDATEPARAMETER PAR_STEP min/max, V_STEP min/max = -6.6173779661E+09  1.2249322656E+10
 -6.6173779661E+09  1.2249322656E+10
 WD_amp= 7.46100E+13  RESID_RMS= 2.44555E-01  FCOST_DATA= 2.99035E-02  FCOST0= 2.99035E-02
  
 -------------- calculate Frechet derivatives -----------
 IFREQ =           9    ITERATION =           2
||Frechet||_F=  8.5412E-19max|Frechet|=  1.7242E-23
||Frechet||_F=  8.5412E-19max|Frechet|=  1.7242E-23
||Frechet||_F=  8.5412E-19max|Frechet|=  1.7242E-23
||Frechet||_F=  8.5412E-19max|Frechet|=  1.7242E-23
||Frechet||_F=  8.5412E-19max|Frechet|=  1.7242E-23
||Frechet||_F=  8.5412E-19max|Frechet|=  1.7242E-23
Grad block   3 GRAD_SCALED MORM =   8.0984E-03
MT try: alpha=  1.5808E-01  phi=  2.9903E-02  dg= -1.8861E-03  dg0= -1.1216E-02
MT try: armijo_rhs=  3.2824E-02  armijo=T  curvature=T  task=FG
  
Convergence reached, updating parameter grid
ALPHA from line search =  .1580845803158832
 FCOST0 after linesearch  2.990347068276956E-002
Norm of s (s_norm) =  1.311953442310198
  
  
  
  
Time for LBFGS =  18.40071614583333 min
  
  
 Frequency:           9 Iteration:           3
t_global   =    348.714 s
  
 -------------- calculate Frechet derivatives -----------
 IFREQ =           9    ITERATION =           3
||Frechet||_F=  8.5412E-19max|Frechet|=  1.7242E-23
||Frechet||_F=  8.5412E-19max|Frechet|=  1.7242E-23
||Frechet||_F=  8.5412E-19max|Frechet|=  1.7242E-23
||Frechet||_F=  8.5412E-19max|Frechet|=  1.7242E-23
||Frechet||_F=  8.5412E-19max|Frechet|=  1.7242E-23
||Frechet||_F=  8.5412E-19max|Frechet|=  1.7242E-23
 
TIME for Frechet calc =  3.449849955240885 min
 
 
  compute the residual and the cost function
 WD_amp= 7.46100E+13  RESID_RMS= 2.44555E-01  FCOST_DATA= 2.99035E-02  FCOST0= 2.99035E-02
Grad block   3 GRAD_SCALED MORM =   8.0984E-03
Gradient finished
Start LBFGS 
curvature (warm): s·y=  1.4750E-03  ||s||^2=  1.7212E+00  ||y||^2=  1.4819E-05  sTy_min=  5.0504E-04
LBFGS step: g·p = -9.0475E-03  ||p||=  8.5510E+00
LBFGS step: min(p)= -1.4733E+00  max(p)=  5.2670E-01
LBFGS p_k (unscaled) stats per active parameter:
  IA=  3  PAR={C13}  min=-3.30558E+09  max= 1.18171E+09  L2= 1.91850E+10
min(p_k)= -1.4733E+00  max(p_k)=  5.2670E-01  ||p_k||=  8.5510E+00
min(p_kf)= -1.4733E+00  max(p_kf)=  5.2670E-01  ||p_kf||=  3.4204E+01
p_k/p_kf  =   2.5000E-01
Start linesearch
MT entry: phi(0)=  2.9903E-02  dg0= -9.0475E-03  alpha0=  1.0000E+00
 UPDATEPARAMETER: f-scale only
UPDATEPARAMETER PAR_STEP min/max, V_STEP min/max = -7.4041874280E+09  1.2272225998E+10
 -7.4041874280E+09  1.2272225998E+10
 WD_amp= 7.46100E+13  RESID_RMS= 3.22522E-01  FCOST_DATA= 5.20102E-02  FCOST0= 5.20102E-02
  
 -------------- calculate Frechet derivatives -----------
 IFREQ =           9    ITERATION =           3
||Frechet||_F=  8.6139E-19max|Frechet|=  1.7888E-23
||Frechet||_F=  8.6139E-19max|Frechet|=  1.7888E-23
||Frechet||_F=  8.6139E-19max|Frechet|=  1.7888E-23
||Frechet||_F=  8.6139E-19max|Frechet|=  1.7888E-23
||Frechet||_F=  8.6139E-19max|Frechet|=  1.7888E-23
||Frechet||_F=  8.6139E-19max|Frechet|=  1.7888E-23
Grad block   3 GRAD_SCALED MORM =   3.8358E-02
MT try: alpha=  1.0000E+00  phi=  5.2010E-02  dg=  2.9022E-02  dg0= -9.0475E-03
MT try: armijo_rhs=  2.9903E-02  armijo=F  curvature=F  task=FG
 UPDATEPARAMETER: f-scale only
UPDATEPARAMETER PAR_STEP min/max, V_STEP min/max = -6.6855055398E+09  1.2250813624E+10
 -6.6855055398E+09  1.2250813624E+10
 WD_amp= 7.46100E+13  RESID_RMS= 2.37853E-01  FCOST_DATA= 2.82869E-02  FCOST0= 2.82869E-02
  
 -------------- calculate Frechet derivatives -----------
 IFREQ =           9    ITERATION =           3
||Frechet||_F=  8.5519E-19max|Frechet|=  1.7257E-23
||Frechet||_F=  8.5519E-19max|Frechet|=  1.7257E-23
||Frechet||_F=  8.5519E-19max|Frechet|=  1.7257E-23
||Frechet||_F=  8.5519E-19max|Frechet|=  1.7257E-23
||Frechet||_F=  8.5519E-19max|Frechet|=  1.7257E-23
||Frechet||_F=  8.5519E-19max|Frechet|=  1.7257E-23
Grad block   3 GRAD_SCALED MORM =   7.1080E-03
MT try: alpha=  8.6587E-02  phi=  2.8287E-02  dg= -2.1397E-03  dg0= -9.0475E-03
MT try: armijo_rhs=  2.9903E-02  armijo=T  curvature=T  task=FG
  
Convergence reached, updating parameter grid
ALPHA from line search =  .8658713069726927E-01
 FCOST0 after linesearch  2.828694156842169E-002
Norm of s (s_norm) =  .7404057496007005
  
  
  
  
  
Convergence check at iteration    3
  Relative cost decrease  =  5.4058E-02
  Relative model update   =  0.0000E+00
  Relative grad. norm     =  5.1560E-01
Time for LBFGS =  18.40810546875000 min
  
 Frequency:           9 Iteration:           4
t_global   =    348.927 s
  
 -------------- calculate Frechet derivatives -----------
 IFREQ =           9    ITERATION =           4
||Frechet||_F=  8.5519E-19max|Frechet|=  1.7257E-23
||Frechet||_F=  8.5519E-19max|Frechet|=  1.7257E-23
 
TIME for Frechet calc =  3.440921783447266 min
 
 
  compute the residual and the cost function
 WD_amp= 7.46100E+13  RESID_RMS= 2.37853E-01  FCOST_DATA= 2.82869E-02  FCOST0= 2.82869E-02
||Frechet||_F=  8.5519E-19max|Frechet|=  1.7257E-23
||Frechet||_F=  8.5519E-19max|Frechet|=  1.7257E-23
||Frechet||_F=  8.5519E-19max|Frechet|=  1.7257E-23
||Frechet||_F=  8.5519E-19max|Frechet|=  1.7257E-23
Grad block   3 GRAD_SCALED MORM =   7.1080E-03
Gradient finished
Start LBFGS 
curvature (warm): s·y=  5.9813E-04  ||s||^2=  5.4820E-01  ||y||^2=  6.3559E-06  sTy_min=  1.8666E-04
LBFGS step: g·p = -2.9860E-03  ||p||=  4.0813E+00
LBFGS step: min(p)= -3.6228E-01  max(p)=  3.4412E-01
LBFGS p_k (unscaled) stats per active parameter:
  IA=  3  PAR={C13}  min=-8.12812E+08  max= 7.72063E+08  L2= 9.15678E+09
min(p_k)= -3.6228E-01  max(p_k)=  3.4412E-01  ||p_k||=  4.0813E+00
min(p_kf)= -3.6228E-01  max(p_kf)=  3.4412E-01  ||p_kf||=  1.6325E+01
p_k/p_kf  =   2.5000E-01
Start linesearch
MT entry: phi(0)=  2.8287E-02  dg0= -2.9860E-03  alpha0=  1.0000E+00
 UPDATEPARAMETER: f-scale only
UPDATEPARAMETER PAR_STEP min/max, V_STEP min/max = -7.3045407291E+09  1.2266146403E+10
 -7.3045407291E+09  1.2266146403E+10
 WD_amp= 7.46100E+13  RESID_RMS= 2.98714E-01  FCOST_DATA= 4.46149E-02  FCOST0= 4.46149E-02
  
 -------------- calculate Frechet derivatives -----------
 IFREQ =           9    ITERATION =           4
||Frechet||_F=  8.6183E-19max|Frechet|=  1.7079E-23
||Frechet||_F=  8.6183E-19max|Frechet|=  1.7079E-23
||Frechet||_F=  8.6183E-19max|Frechet|=  1.7079E-23
||Frechet||_F=  8.6183E-19max|Frechet|=  1.7079E-23
||Frechet||_F=  8.6183E-19max|Frechet|=  1.7079E-23
||Frechet||_F=  8.6183E-19max|Frechet|=  1.7079E-23
Grad block   3 GRAD_SCALED MORM =   2.5547E-02
MT try: alpha=  1.0000E+00  phi=  4.4615E-02  dg=  2.1291E-02  dg0= -2.9860E-03
MT try: armijo_rhs=  2.8287E-02  armijo=F  curvature=F  task=FG
 UPDATEPARAMETER: f-scale only
UPDATEPARAMETER PAR_STEP min/max, V_STEP min/max = -6.7137852324E+09  1.2251316267E+10
 -6.7137852324E+09  1.2251316267E+10
 WD_amp= 7.46100E+13  RESID_RMS= 2.36263E-01  FCOST_DATA= 2.79101E-02  FCOST0= 2.79101E-02
  
 -------------- calculate Frechet derivatives -----------
 IFREQ =           9    ITERATION =           4
||Frechet||_F=  8.5554E-19max|Frechet|=  1.7240E-23
||Frechet||_F=  8.5554E-19max|Frechet|=  1.7240E-23
||Frechet||_F=  8.5554E-19max|Frechet|=  1.7240E-23
||Frechet||_F=  8.5554E-19max|Frechet|=  1.7240E-23
||Frechet||_F=  8.5554E-19max|Frechet|=  1.7240E-23
||Frechet||_F=  8.5554E-19max|Frechet|=  1.7240E-23
Grad block   3 GRAD_SCALED MORM =   6.9832E-03
MT try: alpha=  4.5683E-02  phi=  2.7910E-02  dg= -1.7146E-03  dg0= -2.9860E-03
MT try: armijo_rhs=  2.8287E-02  armijo=T  curvature=T  task=FG
  
  
  
  
  
Convergence reached, updating parameter grid
ALPHA from line search =  .4568349762654679E-01
 FCOST0 after linesearch  2.791006927465178E-002
Norm of s (s_norm) =  .1864471165298933
  
Convergence check at iteration    4
  Relative cost decrease  =  1.3323E-02
  Relative model update   =  0.0000E+00
  Relative grad. norm     =  4.4559E-01
Time for LBFGS =  18.20253499348958 min
  
 Frequency:           9 Iteration:           5
t_global   =    348.086 s
  
 -------------- calculate Frechet derivatives -----------
 IFREQ =           9    ITERATION =           5
||Frechet||_F=  8.5554E-19max|Frechet|=  1.7240E-23
||Frechet||_F=  8.5554E-19max|Frechet|=  1.7240E-23
||Frechet||_F=  8.5554E-19max|Frechet|=  1.7240E-23
||Frechet||_F=  8.5554E-19max|Frechet|=  1.7240E-23
||Frechet||_F=  8.5554E-19max|Frechet|=  1.7240E-23
 
TIME for Frechet calc =  3.374458312988281 min
 
 
  compute the residual and the cost function
 WD_amp= 7.46100E+13  RESID_RMS= 2.36263E-01  FCOST_DATA= 2.79101E-02  FCOST0= 2.79101E-02
||Frechet||_F=  8.5554E-19max|Frechet|=  1.7240E-23
Grad block   3 GRAD_SCALED MORM =   6.9832E-03
Gradient finished
Start LBFGS 
curvature (warm): s·y=  5.8083E-05  ||s||^2=  3.4763E-02  ||y||^2=  9.6637E-07  sTy_min=  1.8328E-05
LBFGS step: g·p = -3.1589E-03  ||p||=  5.3507E+00
LBFGS step: min(p)= -5.5439E-01  max(p)=  4.5779E-01
LBFGS p_k (unscaled) stats per active parameter:
  IA=  3  PAR={C13}  min=-1.24384E+09  max= 1.02710E+09  L2= 1.20049E+10
min(p_k)= -5.5439E-01  max(p_k)=  4.5779E-01  ||p_k||=  5.3507E+00
min(p_kf)= -5.5439E-01  max(p_kf)=  4.5779E-01  ||p_kf||=  2.1403E+01
p_k/p_kf  =   2.5000E-01
Start linesearch
MT entry: phi(0)=  2.7910E-02  dg0= -3.1589E-03  alpha0=  1.0000E+00
 UPDATEPARAMETER: f-scale only
UPDATEPARAMETER PAR_STEP min/max, V_STEP min/max = -7.8009065189E+09  1.2276141698E+10
 -7.8009065189E+09  1.2276141698E+10
 WD_amp= 7.46100E+13  RESID_RMS= 2.73602E-01  FCOST_DATA= 3.74289E-02  FCOST0= 3.74289E-02
  
 -------------- calculate Frechet derivatives -----------
 IFREQ =           9    ITERATION =           5
||Frechet||_F=  8.5681E-19max|Frechet|=  1.7796E-23
||Frechet||_F=  8.5681E-19max|Frechet|=  1.7796E-23
||Frechet||_F=  8.5681E-19max|Frechet|=  1.7796E-23
||Frechet||_F=  8.5681E-19max|Frechet|=  1.7796E-23
||Frechet||_F=  8.5681E-19max|Frechet|=  1.7796E-23
||Frechet||_F=  8.5681E-19max|Frechet|=  1.7796E-23
Grad block   3 GRAD_SCALED MORM =   2.4045E-02
MT try: alpha=  1.0000E+00  phi=  3.7429E-02  dg=  9.8932E-03  dg0= -3.1589E-03
MT try: armijo_rhs=  2.7910E-02  armijo=F  curvature=F  task=FG
 UPDATEPARAMETER: f-scale only
UPDATEPARAMETER PAR_STEP min/max, V_STEP min/max = -6.7860703880E+09  1.2252455370E+10
 -6.7860703880E+09  1.2252455370E+10
 WD_amp= 7.46100E+13  RESID_RMS= 2.35548E-01  FCOST_DATA= 2.77415E-02  FCOST0= 2.77415E-02
  
 -------------- calculate Frechet derivatives -----------
 IFREQ =           9    ITERATION =           5
||Frechet||_F=  8.5565E-19max|Frechet|=  1.7248E-23
||Frechet||_F=  8.5565E-19max|Frechet|=  1.7248E-23
||Frechet||_F=  8.5565E-19max|Frechet|=  1.7248E-23
||Frechet||_F=  8.5565E-19max|Frechet|=  1.7248E-23
||Frechet||_F=  8.5565E-19max|Frechet|=  1.7248E-23
Grad block   3 GRAD_SCALED MORM =   6.9276E-03
MT try: alpha=  6.6492E-02  phi=  2.7742E-02  dg= -2.2053E-03  dg0= -3.1589E-03
MT try: armijo_rhs=  2.7910E-02  armijo=T  curvature=T  task=FG
||Frechet||_F=  8.5565E-19max|Frechet|=  1.7248E-23
  
Convergence reached, updating parameter grid
ALPHA from line search =  .6649226400014176E-01
 FCOST0 after linesearch  2.774150939118106E-002
Norm of s (s_norm) =  .3557804871335430
  
  
  
  
Convergence check at iteration    5
  Relative cost decrease  =  6.0394E-03
  Relative model update   =  0.0000E+00
  Relative grad. norm     =  4.7936E-01
Time for LBFGS =  18.33967081705729 min
  
  
 Frequency:           9 Iteration:           6
t_global   =    347.958 s
  
 -------------- calculate Frechet derivatives -----------
 IFREQ =           9    ITERATION =           6
||Frechet||_F=  8.5565E-19max|Frechet|=  1.7248E-23
||Frechet||_F=  8.5565E-19max|Frechet|=  1.7248E-23
||Frechet||_F=  8.5565E-19max|Frechet|=  1.7248E-23
 
TIME for Frechet calc =  3.355904897054037 min
 
 
  compute the residual and the cost function
 WD_amp= 7.46100E+13  RESID_RMS= 2.35548E-01  FCOST_DATA= 2.77415E-02  FCOST0= 2.77415E-02
||Frechet||_F=  8.5565E-19max|Frechet|=  1.7248E-23
||Frechet||_F=  8.5565E-19max|Frechet|=  1.7248E-23
||Frechet||_F=  8.5565E-19max|Frechet|=  1.7248E-23
Grad block   3 GRAD_SCALED MORM =   6.9276E-03
Gradient finished
Start LBFGS 
curvature (warm): s·y=  6.3405E-05  ||s||^2=  1.2658E-01  ||y||^2=  1.1538E-06  sTy_min=  3.8217E-05
LBFGS step: g·p = -4.6198E-03  ||p||=  8.9232E+00
LBFGS step: min(p)= -1.0716E+00  max(p)=  7.7489E-01
LBFGS p_k (unscaled) stats per active parameter:
  IA=  3  PAR={C13}  min=-2.40414E+09  max= 1.73855E+09  L2= 2.00200E+10
min(p_k)= -1.0716E+00  max(p_k)=  7.7489E-01  ||p_k||=  8.9232E+00
min(p_kf)= -1.0716E+00  max(p_kf)=  7.7489E-01  ||p_kf||=  3.5693E+01
p_k/p_kf  =   2.5000E-01
Start linesearch
MT entry: phi(0)=  2.7742E-02  dg0= -4.6198E-03  alpha0=  1.0000E+00
 UPDATEPARAMETER: f-scale only
UPDATEPARAMETER PAR_STEP min/max, V_STEP min/max = -8.8559514242E+09  1.2388832096E+10
 -8.8559514242E+09  1.2388832096E+10
 WD_amp= 7.46100E+13  RESID_RMS= 3.15954E-01  FCOST_DATA= 4.99135E-02  FCOST0= 4.99135E-02
  
 -------------- calculate Frechet derivatives -----------
 IFREQ =           9    ITERATION =           6
||Frechet||_F=  8.6544E-19max|Frechet|=  1.7447E-23
||Frechet||_F=  8.6544E-19max|Frechet|=  1.7447E-23
||Frechet||_F=  8.6544E-19max|Frechet|=  1.7447E-23
||Frechet||_F=  8.6544E-19max|Frechet|=  1.7447E-23
||Frechet||_F=  8.6544E-19max|Frechet|=  1.7447E-23
||Frechet||_F=  8.6544E-19max|Frechet|=  1.7447E-23
Grad block   3 GRAD_SCALED MORM =   2.7394E-02
MT try: alpha=  1.0000E+00  phi=  4.9914E-02  dg=  2.0940E-02  dg0= -4.6198E-03
MT try: armijo_rhs=  2.7741E-02  armijo=F  curvature=F  task=FG
 UPDATEPARAMETER: f-scale only
UPDATEPARAMETER PAR_STEP min/max, V_STEP min/max = -6.8763106167E+09  1.2254467036E+10
 -6.8763106167E+09  1.2254467036E+10
 WD_amp= 7.46100E+13  RESID_RMS= 2.35611E-01  FCOST_DATA= 2.77564E-02  FCOST0= 2.77564E-02
  
 -------------- calculate Frechet derivatives -----------
 IFREQ =           9    ITERATION =           6
||Frechet||_F=  8.5609E-19max|Frechet|=  1.7279E-23
||Frechet||_F=  8.5609E-19max|Frechet|=  1.7279E-23
||Frechet||_F=  8.5609E-19max|Frechet|=  1.7279E-23
||Frechet||_F=  8.5609E-19max|Frechet|=  1.7279E-23
||Frechet||_F=  8.5609E-19max|Frechet|=  1.7279E-23
||Frechet||_F=  8.5609E-19max|Frechet|=  1.7279E-23
Grad block   3 GRAD_SCALED MORM =   6.8838E-03
MT try: alpha=  4.3597E-02  phi=  2.7756E-02  dg= -3.6029E-03  dg0= -4.6198E-03
MT try: armijo_rhs=  2.7741E-02  armijo=F  curvature=T  task=FG
 UPDATEPARAMETER: f-scale only
UPDATEPARAMETER PAR_STEP min/max, V_STEP min/max = -6.8048831179E+09  1.2252852289E+10
 -6.8048831179E+09  1.2252852289E+10
 WD_amp= 7.46100E+13  RESID_RMS= 2.35531E-01  FCOST_DATA= 2.77373E-02  FCOST0= 2.77373E-02
  
 -------------- calculate Frechet derivatives -----------
 IFREQ =           9    ITERATION =           6
||Frechet||_F=  8.5574E-19max|Frechet|=  1.7255E-23
||Frechet||_F=  8.5574E-19max|Frechet|=  1.7255E-23
||Frechet||_F=  8.5574E-19max|Frechet|=  1.7255E-23
||Frechet||_F=  8.5574E-19max|Frechet|=  1.7255E-23
||Frechet||_F=  8.5574E-19max|Frechet|=  1.7255E-23
||Frechet||_F=  8.5574E-19max|Frechet|=  1.7255E-23
Grad block   3 GRAD_SCALED MORM =   6.9026E-03
MT try: alpha=  9.0888E-03  phi=  2.7737E-02  dg= -4.4121E-03  dg0= -4.6198E-03
MT try: armijo_rhs=  2.7742E-02  armijo=T  curvature=F  task=FG
 UPDATEPARAMETER: f-scale only
UPDATEPARAMETER PAR_STEP min/max, V_STEP min/max = -6.8520252671E+09  1.2253918022E+10
 -6.8520252671E+09  1.2253918022E+10
 WD_amp= 7.46100E+13  RESID_RMS= 2.35558E-01  FCOST_DATA= 2.77437E-02  FCOST0= 2.77437E-02
LS STOP (stagnation): alpha=  3.1864E-02  FCOST1=  2.7744E-02  FCOST0=  2.7742E-02
 Line search failed (IFLAG=          11 ), inversion diverged.
 --------- Frequency   6.80000000000000       (band            1 )
[ComputeAcqWeight] empty acq_weight_file, using uniform weights = 1.0
Data weighting computed for frequency 4607182418800017373
XSRmin, XSRmax, ZSRmin, ZSRMax -1960.000000000000 .000000000000000 2050.000000000000 4030.000000000000
1 FKYC
1.2 FKYC
my_rank, FKYC,WLMAX, RMAX 0 .5572912185498415E-01 753.3498227709956 2786.036611389018
1.1 NK
NK in cky2= 77

  Number of wavenumber samples (NK) for FREQ =   77
Data weighting computed for frequency 4607182418800017373
Data weighting computed for frequency 4607182418800017373
Data weighting computed for frequency 4607182418800017373
Data weighting computed for frequency 4607182418800017373
Data weighting computed for frequency 4607182418800017373
  RMAX = 2786.04
--- Pre-solver preview (memory + RHS workload) ---
   GQG dims: NNX=       585  NNZ=       317  NPT=    185445
   DOF:     N=3*NPT =    556335
   Sources: NSR=       100  NSS=        20  NK=        77
   RHS total (per IK): nrhs_tot=3*NSS =        60
   Batch:    MAX_RHS_BATCH=        32  nbatches=         2
   GFMY  (GFX+GFY+GFZ):         19.150 GB
   RHS_MY(rhs+sol buffers):      0.531 GB
 
 running run_ik_loop_pardiso
before CA | VmRSS=  21.030 GB  VmHWM=  95.045 GB
after CA | VmRSS=  22.788 GB  VmHWM=  95.045 GB
after factor | VmRSS=  26.549 GB  VmHWM=  95.045 GB
f=     6.800 Hz | ky=  0.723755E-03 | IK=       1/      77 | t=   17.072700 s | CA=  2.5017 | fact= 12.6822 | GF=  1.8886 | solve=  1.7363 | scatter=  0.0502
f=     6.800 Hz | ky=  0.144751E-02 | IK=       2/      77 | t=    6.843100 s | CA=  2.5675 | fact=  2.4878 | GF=  1.7878 | solve=  1.6634 | scatter=  0.0524
f=     6.800 Hz | ky=  0.217126E-02 | IK=       3/      77 | t=    6.835700 s | CA=  2.5629 | fact=  2.4948 | GF=  1.7780 | solve=  1.6542 | scatter=  0.0520
f=     6.800 Hz | ky=  0.289502E-02 | IK=       4/      77 | t=    6.858200 s | CA=  2.5656 | fact=  2.4996 | GF=  1.7930 | solve=  1.6679 | scatter=  0.0531
f=     6.800 Hz | ky=  0.361877E-02 | IK=       5/      77 | t=    6.827000 s | CA=  2.5424 | fact=  2.5013 | GF=  1.7833 | solve=  1.6610 | scatter=  0.0503
f=     6.800 Hz | ky=  0.434253E-02 | IK=       6/      77 | t=    6.904000 s | CA=  2.6237 | fact=  2.4961 | GF=  1.7841 | solve=  1.6590 | scatter=  0.0532
f=     6.800 Hz | ky=  0.506628E-02 | IK=       7/      77 | t=    6.829600 s | CA=  2.5746 | fact=  2.4697 | GF=  1.7853 | solve=  1.6600 | scatter=  0.0533
f=     6.800 Hz | ky=  0.579004E-02 | IK=       8/      77 | t=    6.859600 s | CA=  2.5864 | fact=  2.4947 | GF=  1.7784 | solve=  1.6557 | scatter=  0.0505
f=     6.800 Hz | ky=  0.651379E-02 | IK=       9/      77 | t=    6.854800 s | CA=  2.5730 | fact=  2.4999 | GF=  1.7819 | solve=  1.6585 | scatter=  0.0515
f=     6.800 Hz | ky=  0.723755E-02 | IK=      10/      77 | t=    6.799800 s | CA=  2.5435 | fact=  2.4671 | GF=  1.7892 | solve=  1.6644 | scatter=  0.0528
f=     6.800 Hz | ky=  0.796130E-02 | IK=      11/      77 | t=    6.867300 s | CA=  2.5862 | fact=  2.4970 | GF=  1.7841 | solve=  1.6592 | scatter=  0.0528
f=     6.800 Hz | ky=  0.868506E-02 | IK=      12/      77 | t=    6.865000 s | CA=  2.5758 | fact=  2.4994 | GF=  1.7897 | solve=  1.6674 | scatter=  0.0503
f=     6.800 Hz | ky=  0.940881E-02 | IK=      13/      77 | t=    6.865900 s | CA=  2.5693 | fact=  2.5091 | GF=  1.7874 | solve=  1.6636 | scatter=  0.0517
PARDISO mem (f=  6.80 Hz): sym=  1.95 GB  perm=  1.42 GB  num=  3.22 GB  
peak=  4.64 GB
t_global   =    142.412 s
TIME for 1st forward modeling =  2.373393249511719  min
TIME for GT0 =  .8561666806538899E-02  min
Data scaler W for L2 norm: 77474851783048.27
Data scaler W for WQS norm: .3395193265742062E-312
Total number of active inversion parameters for current sequential stage (IM):          1
Total model blocks points (NM = IM * NBLOCK):      11534 on grid (NMM = IM * NPT):    185445
 Gradient balance ():   1.00000000000000        1.00000000000000     
   1.00000000000000        1.00000000000000        1.00000000000000     
   1.00000000000000        1.00000000000000        1.00000000000000     
   1.00000000000000        1.00000000000000        1.00000000000000     
 IE0, IZ          30           0
 IE0, IZ, GZ1, GZ2 =           30           0   100.000000000000     
   300.000000000000     
  
 Frequency:          10 Iteration:           1
--- Pre-solver preview (memory + RHS workload) ---
   GQG dims: NNX=       585  NNZ=       317  NPT=    185445
   DOF:     N=3*NPT =    556335
   Sources: NSR=       100  NSS=       100  NK=        77
   RHS total (per IK): nrhs_tot=3*NSS =       300
   Batch:    MAX_RHS_BATCH=        32  nbatches=        10
   GFMY  (GFX+GFY+GFZ):         95.750 GB
   RHS_MY(rhs+sol buffers):      0.531 GB
 
 running run_ik_loop_pardiso
before CA | VmRSS=  98.482 GB  VmHWM=  98.482 GB
after CA | VmRSS=  99.732 GB  VmHWM= 103.763 GB
after factor | VmRSS= 103.493 GB  VmHWM= 103.763 GB
f=     6.800 Hz | ky=  0.723755E-03 | IK=       1/      77 | t=   23.978800 s | CA=  2.4845 | fact= 12.6953 | GF=  8.7988 | solve=  8.1508 | scatter=  0.2464
f=     6.800 Hz | ky=  0.144751E-02 | IK=       2/      77 | t=   13.709300 s | CA=  2.4923 | fact=  2.5011 | GF=  8.7159 | solve=  8.0983 | scatter=  0.2465
f=     6.800 Hz | ky=  0.217126E-02 | IK=       3/      77 | t=   13.733500 s | CA=  2.5531 | fact=  2.4787 | GF=  8.7016 | solve=  8.0805 | scatter=  0.2492
f=     6.800 Hz | ky=  0.289502E-02 | IK=       4/      77 | t=   13.719100 s | CA=  2.5123 | fact=  2.5029 | GF=  8.7039 | solve=  8.0894 | scatter=  0.2429
f=     6.800 Hz | ky=  0.361877E-02 | IK=       5/      77 | t=   13.775400 s | CA=  2.5602 | fact=  2.5038 | GF=  8.7113 | solve=  8.0911 | scatter=  0.2493
f=     6.800 Hz | ky=  0.434253E-02 | IK=       6/      77 | t=   13.698600 s | CA=  2.4862 | fact=  2.5113 | GF=  8.7011 | solve=  8.0829 | scatter=  0.2470
f=     6.800 Hz | ky=  0.506628E-02 | IK=       7/      77 | t=   13.711800 s | CA=  2.5529 | fact=  2.4642 | GF=  8.6946 | solve=  8.0776 | scatter=  0.2458
f=     6.800 Hz | ky=  0.579004E-02 | IK=       8/      77 | t=   13.776500 s | CA=  2.5430 | fact=  2.5045 | GF=  8.7289 | solve=  8.1037 | scatter=  0.2545
f=     6.800 Hz | ky=  0.651379E-02 | IK=       9/      77 | t=   13.782800 s | CA=  2.5869 | fact=  2.5047 | GF=  8.6912 | solve=  8.0735 | scatter=  0.2462
f=     6.800 Hz | ky=  0.723755E-02 | IK=      10/      77 | t=   13.710200 s | CA=  2.5227 | fact=  2.4916 | GF=  8.6959 | solve=  8.0794 | scatter=  0.2460
f=     6.800 Hz | ky=  0.796130E-02 | IK=      11/      77 | t=   13.738000 s | CA=  2.5378 | fact=  2.5001 | GF=  8.7000 | solve=  8.0854 | scatter=  0.2433
f=     6.800 Hz | ky=  0.868506E-02 | IK=      12/      77 | t=   13.753700 s | CA=  2.5422 | fact=  2.5047 | GF=  8.7067 | solve=  8.0883 | scatter=  0.2472
f=     6.800 Hz | ky=  0.940881E-02 | IK=      13/      77 | t=   13.777200 s | CA=  2.5296 | fact=  2.5082 | GF=  8.7394 | solve=  8.1249 | scatter=  0.2439
PARDISO mem (f=  6.80 Hz): sym=  1.95 GB  perm=  1.42 GB  num=  3.22 GB  
peak=  4.64 GB
t_global   =    404.497 s
TIME for 2d forward modeling_i calc =  6.739841715494792 min
Rank    2 -> ID range:   1601 to   2400 | Tasks:    800
Rank    4 -> ID range:   3201 to   4000 | Tasks:    800
Rank    1 -> ID range:    801 to   1600 | Tasks:    800
Rank    3 -> ID range:   2401 to   3200 | Tasks:    800
Rank    5 -> ID range:   4001 to   4800 | Tasks:    800
  
 -------------- calculate Frechet derivatives -----------
 IFREQ =          10    ITERATION =           1
Frechet memory size Frec_my:      0.825 (Gb)
Rank    0 -> ID range:      1 to    800 | Tasks:    800
FREQ:      6.8 Hz, ITER=       1  Frechet Derivative ID=     100/    4800 Finished   0.270000 s
FREQ:      6.8 Hz, ITER=       1  Frechet Derivative ID=     200/    4800 Finished   0.268000 s
FREQ:      6.8 Hz, ITER=       1  Frechet Derivative ID=     300/    4800 Finished   0.266400 s
FREQ:      6.8 Hz, ITER=       1  Frechet Derivative ID=     400/    4800 Finished   0.255500 s
FREQ:      6.8 Hz, ITER=       1  Frechet Derivative ID=     500/    4800 Finished   0.266500 s
FREQ:      6.8 Hz, ITER=       1  Frechet Derivative ID=     600/    4800 Finished   0.268300 s
FREQ:      6.8 Hz, ITER=       1  Frechet Derivative ID=     700/    4800 Finished   0.261900 s
FREQ:      6.8 Hz, ITER=       1  Frechet Derivative ID=     800/    4800 Finished   0.263100 s
||Frechet||_F=  8.5085E-19max|Frechet|=  1.8396E-23
||Frechet||_F=  8.5085E-19max|Frechet|=  1.8396E-23
||Frechet||_F=  8.5085E-19max|Frechet|=  1.8396E-23
||Frechet||_F=  8.5085E-19max|Frechet|=  1.8396E-23
||Frechet||_F=  8.5085E-19max|Frechet|=  1.8396E-23
 
TIME for Frechet calc =  3.993073272705078 min
 
m_fine: min= -6.7861E+09  max=  1.2252E+10  mean=  8.0851E+09  ||.||2=  3.9406E+12  size=  185445
m_coarse_prev: min= -4.6803E+09  max=  1.2183E+10  mean=  8.0884E+09  ||.||2=  9.8262E+11  size=   11534
 
  compute the residual and the cost function
||Frechet||_F=  8.5085E-19max|Frechet|=  1.8396E-23
 WD_amp= 7.74749E+13  RESID_RMS= 2.49921E-01  FCOST_DATA= 3.12303E-02  FCOST0= 3.12303E-02
IA=  3  H(single F0) min= 0.00000E+00  max= 4.20351E-02
IA=  3  H(F0^2)     min= 0.00000E+00  max= 4.20351E-02
IA=  3  H(single F0) min= 0.00000E+00  max= 4.20351E-02
IA=  3  H(F0^2)     min= 0.00000E+00  max= 4.20351E-02
HESSD: ia=   3  min= 0.00000E+00  max= 4.75791E+03
HESSD: ia=   3  min= 0.00000E+00  max= 4.75791E+03
IA=  3  H(single F0) min= 0.00000E+00  max= 4.20351E-02
IA=  3  H(F0^2)     min= 0.00000E+00  max= 4.20351E-02
HESSD: ia=   3  min= 0.00000E+00  max= 4.75791E+03
IA=  3  H(single F0) min= 0.00000E+00  max= 4.20351E-02
IA=  3  H(F0^2)     min= 0.00000E+00  max= 4.20351E-02
HESSD: ia=   3  min= 0.00000E+00  max= 4.75791E+03
IA=  3  H(single F0) min= 0.00000E+00  max= 4.20351E-02
IA=  3  H(F0^2)     min= 0.00000E+00  max= 4.20351E-02
HESSD: ia=   3  min= 0.00000E+00  max= 4.75791E+03
IA=  3  H(single F0) min= 0.00000E+00  max= 4.20351E-02
IA=  3  H(F0^2)     min= 0.00000E+00  max= 4.20351E-02
HESSD: ia=   3  min= 0.00000E+00  max= 4.75791E+03
Grad block   3 GRAD_SCALED MORM =   8.1771E-03
Raw grad block  3  PAR={C13}  min= -7.5722E-13  max=  4.6270E-13  L2=  3.9976E-12
Gradient finished
Start LBFGS 
LBFGS steepest step , iter=      1
  g·p = -7.1010E-03  ||p|| =  3.4580E+00
  min(p)= -3.5542E-01  max(p)=  3.7132E-01
LBFGS p_k (unscaled) stats per active parameter:
  IA=  3  PAR={C13}  min=-7.97419E+08  max= 8.33091E+08  L2= 7.75831E+09
min(p_k)= -3.5542E-01  max(p_k)=  3.7132E-01  ||p_k||=  3.4580E+00
min(p_kf)= -3.5542E-01  max(p_kf)=  3.7132E-01  ||p_kf||=  1.3832E+01
p_k/p_kf  =   2.5000E-01
Start linesearch
BT entry: phi(0)=  3.1230E-02  g·p(0)= -7.1010E-03
 UPDATEPARAMETER: f-scale only
UPDATEPARAMETER PAR_STEP min/max, V_STEP min/max = -7.1291157345E+09  1.2246879875E+10
 -7.1291157345E+09  1.2246879875E+10
REL STEP elastic: k=  3 row=  3 rmax_k=  2.0040E+02 row_scale=  1.2252E+10
BT cap probe: rmax1=  2.0040E+02  alpha_cap=  2.4950E-03  alpha00=  1.0000E+00
 UPDATEPARAMETER: f-scale only
UPDATEPARAMETER PAR_STEP min/max, V_STEP min/max = -6.7864648999E+09  1.2252441459E+10
 -6.7864648999E+09  1.2252441459E+10
 running run_ik_loop_pardiso
before CA | VmRSS=  21.921 GB  VmHWM= 108.592 GB
after CA | VmRSS=  22.541 GB  VmHWM= 108.592 GB
after factor | VmRSS=  26.304 GB  VmHWM= 108.592 GB
f=     6.800 Hz | ky=  0.723755E-03 | IK=       1/      77 | t=   17.139000 s | CA=  2.5329 | fact= 12.7192 | GF=  1.8867 | solve=  1.7313 | scatter=  0.0533
f=     6.800 Hz | ky=  0.144751E-02 | IK=       2/      77 | t=    6.790500 s | CA=  2.5109 | fact=  2.4919 | GF=  1.7877 | solve=  1.6624 | scatter=  0.0533
f=     6.800 Hz | ky=  0.217126E-02 | IK=       3/      77 | t=    6.819800 s | CA=  2.5564 | fact=  2.4775 | GF=  1.7859 | solve=  1.6635 | scatter=  0.0504
f=     6.800 Hz | ky=  0.289502E-02 | IK=       4/      77 | t=    6.850900 s | CA=  2.5716 | fact=  2.5000 | GF=  1.7793 | solve=  1.6564 | scatter=  0.0510
f=     6.800 Hz | ky=  0.361877E-02 | IK=       5/      77 | t=    6.816900 s | CA=  2.5391 | fact=  2.4916 | GF=  1.7862 | solve=  1.6624 | scatter=  0.0519
f=     6.800 Hz | ky=  0.434253E-02 | IK=       6/      77 | t=    6.784200 s | CA=  2.5062 | fact=  2.4921 | GF=  1.7859 | solve=  1.6636 | scatter=  0.0503
f=     6.800 Hz | ky=  0.506628E-02 | IK=       7/      77 | t=    6.828000 s | CA=  2.5407 | fact=  2.4989 | GF=  1.7884 | solve=  1.6651 | scatter=  0.0515
f=     6.800 Hz | ky=  0.579004E-02 | IK=       8/      77 | t=    6.798800 s | CA=  2.5473 | fact=  2.4674 | GF=  1.7841 | solve=  1.6601 | scatter=  0.0522
f=     6.800 Hz | ky=  0.651379E-02 | IK=       9/      77 | t=    6.808600 s | CA=  2.5247 | fact=  2.4994 | GF=  1.7845 | solve=  1.6620 | scatter=  0.0506
f=     6.800 Hz | ky=  0.723755E-02 | IK=      10/      77 | t=    6.823400 s | CA=  2.5312 | fact=  2.5098 | GF=  1.7823 | solve=  1.6586 | scatter=  0.0518
f=     6.800 Hz | ky=  0.796130E-02 | IK=      11/      77 | t=    6.836100 s | CA=  2.5454 | fact=  2.5016 | GF=  1.7890 | solve=  1.6666 | scatter=  0.0505
f=     6.800 Hz | ky=  0.868506E-02 | IK=      12/      77 | t=    6.810000 s | CA=  2.5309 | fact=  2.4898 | GF=  1.7893 | solve=  1.6652 | scatter=  0.0519
f=     6.800 Hz | ky=  0.940881E-02 | IK=      13/      77 | t=    6.803700 s | CA=  2.5216 | fact=  2.4908 | GF=  1.7912 | solve=  1.6684 | scatter=  0.0507
PARDISO mem (f=  6.80 Hz): sym=  1.95 GB  perm=  1.42 GB  num=  3.22 GB  
peak=  4.64 GB
 WD_amp= 7.74749E+13  RESID_RMS= 2.49738E-01  FCOST_DATA= 3.11846E-02  FCOST0= 3.11846E-02
BT: alpha=  2.4950E-03  phi=  3.1185E-02  rhs=  3.1230E-02
  
  
  
  
Convergence reached, updating parameter grid
ALPHA from line search =  .2495028474239901E-02
 FCOST0 after linesearch  3.118455604547445E-002
Norm of s (s_norm) =  .8627733663876407E-02
  
  
Time for LBFGS =  2.386433410644531 min
  
 Frequency:          10 Iteration:           2
t_global   =    403.456 s
  
 -------------- calculate Frechet derivatives -----------
 IFREQ =          10    ITERATION =           2
||Frechet||_F=  8.5088E-19max|Frechet|=  1.8394E-23
||Frechet||_F=  8.5088E-19max|Frechet|=  1.8394E-23
 
TIME for Frechet calc =  4.056763458251953 min
 
 
  compute the residual and the cost function
 WD_amp= 7.74749E+13  RESID_RMS= 2.49738E-01  FCOST_DATA= 3.11846E-02  FCOST0= 3.11846E-02
||Frechet||_F=  8.5088E-19max|Frechet|=  1.8394E-23
||Frechet||_F=  8.5088E-19max|Frechet|=  1.8394E-23
||Frechet||_F=  8.5088E-19max|Frechet|=  1.8394E-23
||Frechet||_F=  8.5088E-19max|Frechet|=  1.8394E-23
Grad block   3 GRAD_SCALED MORM =   8.1317E-03
Raw grad block  3  PAR={C13}  min= -7.5174E-13  max=  4.6435E-13  L2=  3.9762E-12
Gradient finished
Start LBFGS 
curvature (warm): s·y=  3.8710E-07  ||s||^2=  7.4438E-05  ||y||^2=  8.6614E-09  sTy_min=  8.0296E-08
LBFGS step: g·p = -6.8241E-03  ||p||=  5.6024E+00
LBFGS step: min(p)= -7.5731E-01  max(p)=  7.9321E-01
LBFGS p_k (unscaled) stats per active parameter:
  IA=  3  PAR={C13}  min=-1.69910E+09  max= 1.77965E+09  L2= 1.25695E+10
min(p_k)= -7.5731E-01  max(p_k)=  7.9321E-01  ||p_k||=  5.6024E+00
min(p_kf)= -7.5731E-01  max(p_kf)=  7.9321E-01  ||p_kf||=  2.2409E+01
p_k/p_kf  =   2.5000E-01
Start linesearch
MT entry: phi(0)=  3.1185E-02  dg0= -6.8241E-03  alpha0=  1.0000E+00
 UPDATEPARAMETER: f-scale only
UPDATEPARAMETER PAR_STEP min/max, V_STEP min/max = -7.7138931654E+09  1.2241790450E+10
 -7.7138931654E+09  1.2241790450E+10
 WD_amp= 7.74749E+13  RESID_RMS= 3.01094E-01  FCOST_DATA= 4.53287E-02  FCOST0= 4.53287E-02
  
 -------------- calculate Frechet derivatives -----------
 IFREQ =          10    ITERATION =           2
||Frechet||_F=  8.5665E-19max|Frechet|=  1.8044E-23
||Frechet||_F=  8.5665E-19max|Frechet|=  1.8044E-23
||Frechet||_F=  8.5665E-19max|Frechet|=  1.8044E-23
||Frechet||_F=  8.5665E-19max|Frechet|=  1.8044E-23
||Frechet||_F=  8.5665E-19max|Frechet|=  1.8044E-23
||Frechet||_F=  8.5665E-19max|Frechet|=  1.8044E-23
Grad block   3 GRAD_SCALED MORM =   2.2269E-02
MT try: alpha=  1.0000E+00  phi=  4.5329E-02  dg=  1.2137E-02  dg0= -6.8241E-03
MT try: armijo_rhs=  3.1184E-02  armijo=F  curvature=F  task=FG
 UPDATEPARAMETER: f-scale only
UPDATEPARAMETER PAR_STEP min/max, V_STEP min/max = -6.8174803901E+09  1.2251556841E+10
 -6.8174803901E+09  1.2251556841E+10
 WD_amp= 7.74749E+13  RESID_RMS= 2.44985E-01  FCOST_DATA= 3.00089E-02  FCOST0= 3.00089E-02
  
 -------------- calculate Frechet derivatives -----------
 IFREQ =          10    ITERATION =           2
||Frechet||_F=  8.5161E-19max|Frechet|=  1.8303E-23
||Frechet||_F=  8.5161E-19max|Frechet|=  1.8303E-23
||Frechet||_F=  8.5161E-19max|Frechet|=  1.8303E-23
||Frechet||_F=  8.5161E-19max|Frechet|=  1.8303E-23
||Frechet||_F=  8.5161E-19max|Frechet|=  1.8303E-23
||Frechet||_F=  8.5161E-19max|Frechet|=  1.8303E-23
Grad block   3 GRAD_SCALED MORM =   7.6823E-03
MT try: alpha=  8.3055E-02  phi=  3.0009E-02  dg= -5.4500E-03  dg0= -6.8241E-03
MT try: armijo_rhs=  3.1184E-02  armijo=T  curvature=T  task=FG
  
  
Convergence reached, updating parameter grid
ALPHA from line search =  .8305484346728192E-01
 FCOST0 after linesearch  3.000887669159391E-002
Norm of s (s_norm) =  .4653032344853322
  
  
  
  
Time for LBFGS =  21.42161865234375 min
  
 Frequency:          10 Iteration:           3
t_global   =    404.069 s
  
 -------------- calculate Frechet derivatives -----------
 IFREQ =          10    ITERATION =           3
||Frechet||_F=  8.5161E-19max|Frechet|=  1.8303E-23
||Frechet||_F=  8.5161E-19max|Frechet|=  1.8303E-23
 
TIME for Frechet calc =  4.002179972330729 min
 
 
  compute the residual and the cost function
 WD_amp= 7.74749E+13  RESID_RMS= 2.44985E-01  FCOST_DATA= 3.00089E-02  FCOST0= 3.00089E-02
||Frechet||_F=  8.5161E-19max|Frechet|=  1.8303E-23
||Frechet||_F=  8.5161E-19max|Frechet|=  1.8303E-23
||Frechet||_F=  8.5161E-19max|Frechet|=  1.8303E-23
||Frechet||_F=  8.5161E-19max|Frechet|=  1.8303E-23
Grad block   3 GRAD_SCALED MORM =   7.6823E-03
Gradient finished
Start LBFGS 
curvature (warm): s·y=  1.1412E-04  ||s||^2=  2.1651E-01  ||y||^2=  1.3655E-06  sTy_min=  5.4373E-05
LBFGS step: g·p = -1.8901E-02  ||p||=  1.7772E+01
LBFGS step: min(p)= -2.6441E+00  max(p)=  2.7079E+00
LBFGS p_k (unscaled) stats per active parameter:
  IA=  3  PAR={C13}  min=-5.93231E+09  max= 6.07543E+09  L2= 3.98741E+10
min(p_k)= -2.6441E+00  max(p_k)=  2.7079E+00  ||p_k||=  1.7772E+01
min(p_kf)= -2.6441E+00  max(p_kf)=  2.7079E+00  ||p_kf||=  7.1090E+01
p_k/p_kf  =   2.5000E-01
Start linesearch
MT entry: phi(0)=  3.0009E-02  dg0= -1.8901E-02  alpha0=  1.0000E+00
 UPDATEPARAMETER: f-scale only
UPDATEPARAMETER PAR_STEP min/max, V_STEP min/max = -1.0735419230E+10  1.3963599004E+10
 -1.0735419230E+10  1.3963599004E+10
 WD_amp= 7.74749E+13  RESID_RMS= 4.15005E-01  FCOST_DATA= 8.61146E-02  FCOST0= 8.61146E-02
  
 -------------- calculate Frechet derivatives -----------
 IFREQ =          10    ITERATION =           3
||Frechet||_F=  8.6442E-19max|Frechet|=  1.8016E-23
||Frechet||_F=  8.6442E-19max|Frechet|=  1.8016E-23
||Frechet||_F=  8.6442E-19max|Frechet|=  1.8016E-23
||Frechet||_F=  8.6442E-19max|Frechet|=  1.8016E-23
||Frechet||_F=  8.6442E-19max|Frechet|=  1.8016E-23
||Frechet||_F=  8.6442E-19max|Frechet|=  1.8016E-23
Grad block   3 GRAD_SCALED MORM =   4.0449E-02
MT try: alpha=  1.0000E+00  phi=  8.6115E-02  dg=  5.0250E-02  dg0= -1.8901E-02
MT try: armijo_rhs=  3.0007E-02  armijo=F  curvature=F  task=FG
 UPDATEPARAMETER: f-scale only
UPDATEPARAMETER PAR_STEP min/max, V_STEP min/max = -6.9744651257E+09  1.2249269982E+10
 -6.9744651257E+09  1.2249269982E+10
 WD_amp= 7.74749E+13  RESID_RMS= 2.40145E-01  FCOST_DATA= 2.88349E-02  FCOST0= 2.88349E-02
  
 -------------- calculate Frechet derivatives -----------
 IFREQ =          10    ITERATION =           3
||Frechet||_F=  8.5371E-19max|Frechet|=  1.8225E-23
||Frechet||_F=  8.5371E-19max|Frechet|=  1.8225E-23
||Frechet||_F=  8.5371E-19max|Frechet|=  1.8225E-23
||Frechet||_F=  8.5371E-19max|Frechet|=  1.8225E-23
||Frechet||_F=  8.5371E-19max|Frechet|=  1.8225E-23
||Frechet||_F=  8.5371E-19max|Frechet|=  1.8225E-23
Grad block   3 GRAD_SCALED MORM =   7.2256E-03
MT try: alpha=  6.3798E-02  phi=  2.8835E-02  dg= -5.6533E-03  dg0= -1.8901E-02
MT try: armijo_rhs=  3.0009E-02  armijo=T  curvature=T  task=FG
  
Convergence reached, updating parameter grid
ALPHA from line search =  .6379819421546587E-01
 FCOST0 after linesearch  2.883490158994385E-002
Norm of s (s_norm) =  1.133845539963194
  
  
  
  
  
Convergence check at iteration    3
  Relative cost decrease  =  3.9121E-02
  Relative model update   =  0.0000E+00
  Relative grad. norm     =  5.5481E-01
Time for LBFGS =  21.35985921223958 min
  
 Frequency:          10 Iteration:           4
t_global   =    404.014 s
  
 -------------- calculate Frechet derivatives -----------
 IFREQ =          10    ITERATION =           4
||Frechet||_F=  8.5371E-19max|Frechet|=  1.8225E-23
||Frechet||_F=  8.5371E-19max|Frechet|=  1.8225E-23
||Frechet||_F=  8.5371E-19max|Frechet|=  1.8225E-23
 
TIME for Frechet calc =  4.040091705322266 min
 
 
  compute the residual and the cost function
 WD_amp= 7.74749E+13  RESID_RMS= 2.40145E-01  FCOST_DATA= 2.88349E-02  FCOST0= 2.88349E-02
||Frechet||_F=  8.5371E-19max|Frechet|=  1.8225E-23
||Frechet||_F=  8.5371E-19max|Frechet|=  1.8225E-23
||Frechet||_F=  8.5371E-19max|Frechet|=  1.8225E-23
Grad block   3 GRAD_SCALED MORM =   7.2256E-03
Gradient finished
Start LBFGS 
curvature (warm): s·y=  8.4517E-04  ||s||^2=  1.2856E+00  ||y||^2=  4.9121E-06  sTy_min=  2.5130E-04
LBFGS step: g·p = -3.6805E-03  ||p||=  4.8498E+00
LBFGS step: min(p)= -7.3702E-01  max(p)=  2.7411E-01
LBFGS p_k (unscaled) stats per active parameter:
  IA=  3  PAR={C13}  min=-1.65357E+09  max= 6.14997E+08  L2= 1.08809E+10
min(p_k)= -7.3702E-01  max(p_k)=  2.7411E-01  ||p_k||=  4.8498E+00
min(p_kf)= -7.3702E-01  max(p_kf)=  2.7411E-01  ||p_kf||=  1.9399E+01
p_k/p_kf  =   2.5000E-01
Start linesearch
MT entry: phi(0)=  2.8835E-02  dg0= -3.6805E-03  alpha0=  1.0000E+00
 UPDATEPARAMETER: f-scale only
UPDATEPARAMETER PAR_STEP min/max, V_STEP min/max = -8.2973336132E+09  1.2235606270E+10
 -8.2973336132E+09  1.2235606270E+10
 WD_amp= 7.74749E+13  RESID_RMS= 2.78172E-01  FCOST_DATA= 3.86899E-02  FCOST0= 3.86899E-02
  
 -------------- calculate Frechet derivatives -----------
 IFREQ =          10    ITERATION =           4
||Frechet||_F=  8.5143E-19max|Frechet|=  1.8022E-23
||Frechet||_F=  8.5143E-19max|Frechet|=  1.8022E-23
||Frechet||_F=  8.5143E-19max|Frechet|=  1.8022E-23
||Frechet||_F=  8.5143E-19max|Frechet|=  1.8022E-23
||Frechet||_F=  8.5143E-19max|Frechet|=  1.8022E-23
||Frechet||_F=  8.5143E-19max|Frechet|=  1.8022E-23
Grad block   3 GRAD_SCALED MORM =   2.7158E-02
MT try: alpha=  1.0000E+00  phi=  3.8690E-02  dg=  1.1966E-02  dg0= -3.6805E-03
MT try: armijo_rhs=  2.8835E-02  armijo=F  curvature=F  task=FG
 UPDATEPARAMETER: f-scale only
UPDATEPARAMETER PAR_STEP min/max, V_STEP min/max = -7.0775070428E+09  1.2248205677E+10
 -7.0775070428E+09  1.2248205677E+10
 WD_amp= 7.74749E+13  RESID_RMS= 2.38953E-01  FCOST_DATA= 2.85492E-02  FCOST0= 2.85492E-02
  
 -------------- calculate Frechet derivatives -----------
 IFREQ =          10    ITERATION =           4
||Frechet||_F=  8.5342E-19max|Frechet|=  1.8194E-23
||Frechet||_F=  8.5342E-19max|Frechet|=  1.8194E-23
||Frechet||_F=  8.5342E-19max|Frechet|=  1.8194E-23
||Frechet||_F=  8.5342E-19max|Frechet|=  1.8194E-23
||Frechet||_F=  8.5342E-19max|Frechet|=  1.8194E-23
||Frechet||_F=  8.5342E-19max|Frechet|=  1.8194E-23
Grad block   3 GRAD_SCALED MORM =   6.9926E-03
MT try: alpha=  7.7893E-02  phi=  2.8549E-02  dg= -2.2197E-03  dg0= -3.6805E-03
MT try: armijo_rhs=  2.8835E-02  armijo=T  curvature=T  task=FG
  
Convergence reached, updating parameter grid
ALPHA from line search =  .7789278983271418E-01
 FCOST0 after linesearch  2.854922767563655E-002
Norm of s (s_norm) =  .3777610962529434
  
  
  
  
  
Convergence check at iteration    4
  Relative cost decrease  =  9.9072E-03
  Relative model update   =  0.0000E+00
  Relative grad. norm     =  4.5987E-01
Time for LBFGS =  21.37500203450521 min
  
 Frequency:          10 Iteration:           5
t_global   =    402.375 s
  
 -------------- calculate Frechet derivatives -----------
 IFREQ =          10    ITERATION =           5
||Frechet||_F=  8.5342E-19max|Frechet|=  1.8194E-23
||Frechet||_F=  8.5342E-19max|Frechet|=  1.8194E-23
 
TIME for Frechet calc =  3.907388305664063 min
 
 
  compute the residual and the cost function
 WD_amp= 7.74749E+13  RESID_RMS= 2.38953E-01  FCOST_DATA= 2.85492E-02  FCOST0= 2.85492E-02
||Frechet||_F=  8.5342E-19max|Frechet|=  1.8194E-23
||Frechet||_F=  8.5342E-19max|Frechet|=  1.8194E-23
||Frechet||_F=  8.5342E-19max|Frechet|=  1.8194E-23
||Frechet||_F=  8.5342E-19max|Frechet|=  1.8194E-23
Grad block   3 GRAD_SCALED MORM =   6.9926E-03
Gradient finished
Start LBFGS 
curvature (warm): s·y=  1.1379E-04  ||s||^2=  1.4270E-01  ||y||^2=  2.4562E-06  sTy_min=  5.9204E-05
LBFGS step: g·p = -4.3938E-03  ||p||=  7.0679E+00
LBFGS step: min(p)= -1.2099E+00  max(p)=  4.4643E-01
LBFGS p_k (unscaled) stats per active parameter:
  IA=  3  PAR={C13}  min=-2.71461E+09  max= 1.00161E+09  L2= 1.58576E+10
min(p_k)= -1.2099E+00  max(p_k)=  4.4643E-01  ||p_k||=  7.0679E+00
min(p_kf)= -1.2099E+00  max(p_kf)=  4.4643E-01  ||p_kf||=  2.8272E+01
p_k/p_kf  =   2.5000E-01
Start linesearch
MT entry: phi(0)=  2.8549E-02  dg0= -4.3938E-03  alpha0=  1.0000E+00
 UPDATEPARAMETER: f-scale only
UPDATEPARAMETER PAR_STEP min/max, V_STEP min/max = -9.2569053061E+09  1.2229707602E+10
 -9.2569053061E+09  1.2229707602E+10
 WD_amp= 7.74749E+13  RESID_RMS= 2.98044E-01  FCOST_DATA= 4.44152E-02  FCOST0= 4.44152E-02
  
 -------------- calculate Frechet derivatives -----------
 IFREQ =          10    ITERATION =           5
||Frechet||_F=  8.5941E-19max|Frechet|=  1.7528E-23
||Frechet||_F=  8.5941E-19max|Frechet|=  1.7528E-23
||Frechet||_F=  8.5941E-19max|Frechet|=  1.7528E-23
||Frechet||_F=  8.5941E-19max|Frechet|=  1.7528E-23
||Frechet||_F=  8.5941E-19max|Frechet|=  1.7528E-23
||Frechet||_F=  8.5941E-19max|Frechet|=  1.7528E-23
Grad block   3 GRAD_SCALED MORM =   2.4638E-02
MT try: alpha=  1.0000E+00  phi=  4.4415E-02  dg=  1.2774E-02  dg0= -4.3938E-03
MT try: armijo_rhs=  2.8549E-02  armijo=F  curvature=F  task=FG
 UPDATEPARAMETER: f-scale only
UPDATEPARAMETER PAR_STEP min/max, V_STEP min/max = -7.1921339339E+09  1.2246996356E+10
 -7.1921339339E+09  1.2246996356E+10
 WD_amp= 7.74749E+13  RESID_RMS= 2.38461E-01  FCOST_DATA= 2.84318E-02  FCOST0= 2.84318E-02
  
 -------------- calculate Frechet derivatives -----------
 IFREQ =          10    ITERATION =           5
||Frechet||_F=  8.5382E-19max|Frechet|=  1.8134E-23
||Frechet||_F=  8.5382E-19max|Frechet|=  1.8134E-23
||Frechet||_F=  8.5382E-19max|Frechet|=  1.8134E-23
||Frechet||_F=  8.5382E-19max|Frechet|=  1.8134E-23
||Frechet||_F=  8.5382E-19max|Frechet|=  1.8134E-23
||Frechet||_F=  8.5382E-19max|Frechet|=  1.8134E-23
Grad block   3 GRAD_SCALED MORM =   6.8691E-03
MT try: alpha=  5.2596E-02  phi=  2.8432E-02  dg= -3.0723E-03  dg0= -4.3938E-03
MT try: armijo_rhs=  2.8549E-02  armijo=T  curvature=T  task=FG
  
  
  
Convergence reached, updating parameter grid
ALPHA from line search =  .5259566047174512E-01
 FCOST0 after linesearch  2.843181076622495E-002
Norm of s (s_norm) =  .3717418988106127
  
  
  
Convergence check at iteration    5
  Relative cost decrease  =  4.1128E-03
  Relative model update   =  0.0000E+00
  Relative grad. norm     =  4.1009E-01
Time for LBFGS =  21.41604614257812 min
  
 Frequency:          10 Iteration:           6
t_global   =    402.975 s
  
 -------------- calculate Frechet derivatives -----------
 IFREQ =          10    ITERATION =           6
||Frechet||_F=  8.5382E-19max|Frechet|=  1.8134E-23
||Frechet||_F=  8.5382E-19max|Frechet|=  1.8134E-23
||Frechet||_F=  8.5382E-19max|Frechet|=  1.8134E-23
||Frechet||_F=  8.5382E-19max|Frechet|=  1.8134E-23
||Frechet||_F=  8.5382E-19max|Frechet|=  1.8134E-23
||Frechet||_F=  8.5382E-19max|Frechet|=  1.8134E-23
 
TIME for Frechet calc =  3.997523244222005 min
 
 
  compute the residual and the cost function
 WD_amp= 7.74749E+13  RESID_RMS= 2.38461E-01  FCOST_DATA= 2.84318E-02  FCOST0= 2.84318E-02
Grad block   3 GRAD_SCALED MORM =   6.8691E-03
Gradient finished
Start LBFGS 
curvature (warm): s·y=  6.9503E-05  ||s||^2=  1.3819E-01  ||y||^2=  9.5571E-07  sTy_min=  3.6342E-05
LBFGS step: g·p = -4.1315E-03  ||p||=  7.7596E+00
LBFGS step: min(p)= -1.4947E+00  max(p)=  6.1690E-01
LBFGS p_k (unscaled) stats per active parameter:
  IA=  3  PAR={C13}  min=-3.35349E+09  max= 1.38409E+09  L2= 1.74095E+10
min(p_k)= -1.4947E+00  max(p_k)=  6.1690E-01  ||p_k||=  7.7596E+00
min(p_kf)= -1.4947E+00  max(p_kf)=  6.1690E-01  ||p_kf||=  3.1039E+01
p_k/p_kf  =   2.5000E-01
Start linesearch
MT entry: phi(0)=  2.8432E-02  dg0= -4.1315E-03  alpha0=  1.0000E+00
 UPDATEPARAMETER: f-scale only
UPDATEPARAMETER PAR_STEP min/max, V_STEP min/max = -1.0021803715E+10  1.2274484560E+10
 -1.0021803715E+10  1.2274484560E+10
 WD_amp= 7.74749E+13  RESID_RMS= 2.86590E-01  FCOST_DATA= 4.10668E-02  FCOST0= 4.10668E-02
  
 -------------- calculate Frechet derivatives -----------
 IFREQ =          10    ITERATION =           6
||Frechet||_F=  8.5971E-19max|Frechet|=  1.7855E-23
||Frechet||_F=  8.5971E-19max|Frechet|=  1.7855E-23
||Frechet||_F=  8.5971E-19max|Frechet|=  1.7855E-23
||Frechet||_F=  8.5971E-19max|Frechet|=  1.7855E-23
||Frechet||_F=  8.5971E-19max|Frechet|=  1.7855E-23
||Frechet||_F=  8.5971E-19max|Frechet|=  1.7855E-23
Grad block   3 GRAD_SCALED MORM =   1.9034E-02
MT try: alpha=  1.0000E+00  phi=  4.1067E-02  dg=  8.5728E-03  dg0= -4.1315E-03
MT try: armijo_rhs=  2.8431E-02  armijo=F  curvature=F  task=FG
 UPDATEPARAMETER: f-scale only
UPDATEPARAMETER PAR_STEP min/max, V_STEP min/max = -7.3493589240E+09  1.2245341295E+10
 -7.3493589240E+09  1.2245341295E+10
 WD_amp= 7.74749E+13  RESID_RMS= 2.38381E-01  FCOST_DATA= 2.84127E-02  FCOST0= 2.84127E-02
  
 -------------- calculate Frechet derivatives -----------
 IFREQ =          10    ITERATION =           6
||Frechet||_F=  8.5381E-19max|Frechet|=  1.8095E-23
||Frechet||_F=  8.5381E-19max|Frechet|=  1.8095E-23
||Frechet||_F=  8.5381E-19max|Frechet|=  1.8095E-23
||Frechet||_F=  8.5381E-19max|Frechet|=  1.8095E-23
||Frechet||_F=  8.5381E-19max|Frechet|=  1.8095E-23
||Frechet||_F=  8.5381E-19max|Frechet|=  1.8095E-23
Grad block   3 GRAD_SCALED MORM =   6.8016E-03
MT try: alpha=  5.7716E-02  phi=  2.8413E-02  dg= -3.4992E-03  dg0= -4.1315E-03
MT try: armijo_rhs=  2.8432E-02  armijo=T  curvature=T  task=FG
  
  
  
Convergence reached, updating parameter grid
ALPHA from line search =  .5771564952611766E-01
 FCOST0 after linesearch  2.841269080548526E-002
Norm of s (s_norm) =  .4478525957703612
  
  
  
Convergence check at iteration    6
  Relative cost decrease  =  6.7248E-04
  Relative model update   =  0.0000E+00
  Relative grad. norm     =  3.7163E-01
 *** Convergence conditions satisfied:
     - Cost change below tolerance.
  
 --------- Frequency   7.40000000000000       (band            1 )
[ComputeAcqWeight] empty acq_weight_file, using uniform weights = 1.0
Data weighting computed for frequency 4607182418800017373
XSRmin, XSRmax, ZSRmin, ZSRMax -1960.000000000000 .000000000000000 2050.000000000000 4030.000000000000
1 FKYC
1.2 FKYC
my_rank, FKYC,WLMAX, RMAX 0 .6064639731277687E-01 692.2674047084824 2786.036611389018
Data weighting computed for frequency 4607182418800017373
Data weighting computed for frequency 4607182418800017373
1.1 NK
NK in cky2= 88
Data weighting computed for frequency 4607182418800017373

  Number of wavenumber samples (NK) for FREQ =   88
Data weighting computed for frequency 4607182418800017373
Data weighting computed for frequency 4607182418800017373
  RMAX = 2786.04
--- Pre-solver preview (memory + RHS workload) ---
   GQG dims: NNX=       585  NNZ=       317  NPT=    185445
   DOF:     N=3*NPT =    556335
   Sources: NSR=       100  NSS=        20  NK=        88
   RHS total (per IK): nrhs_tot=3*NSS =        60
   Batch:    MAX_RHS_BATCH=        32  nbatches=         2
   GFMY  (GFX+GFY+GFZ):         21.886 GB
   RHS_MY(rhs+sol buffers):      0.531 GB
 
 running run_ik_loop_pardiso
before CA | VmRSS=  23.704 GB  VmHWM= 108.764 GB
after CA | VmRSS=  24.323 GB  VmHWM= 108.764 GB
after factor | VmRSS=  28.083 GB  VmHWM= 108.764 GB
f=     7.400 Hz | ky=  0.689164E-03 | IK=       1/      88 | t=   17.099500 s | CA=  2.5056 | fact= 12.7066 | GF=  1.8871 | solve=  1.7355 | scatter=  0.0496
f=     7.400 Hz | ky=  0.137833E-02 | IK=       2/      88 | t=    6.817000 s | CA=  2.5593 | fact=  2.4690 | GF=  1.7887 | solve=  1.6631 | scatter=  0.0536
f=     7.400 Hz | ky=  0.206749E-02 | IK=       3/      88 | t=    6.874400 s | CA=  2.5816 | fact=  2.5088 | GF=  1.7839 | solve=  1.6593 | scatter=  0.0528
f=     7.400 Hz | ky=  0.275665E-02 | IK=       4/      88 | t=    6.777900 s | CA=  2.5298 | fact=  2.4676 | GF=  1.7805 | solve=  1.6587 | scatter=  0.0500
f=     7.400 Hz | ky=  0.344582E-02 | IK=       5/      88 | t=    6.858600 s | CA=  2.5709 | fact=  2.5064 | GF=  1.7813 | solve=  1.6595 | scatter=  0.0497
f=     7.400 Hz | ky=  0.413498E-02 | IK=       6/      88 | t=    6.808300 s | CA=  2.5258 | fact=  2.4967 | GF=  1.7858 | solve=  1.6631 | scatter=  0.0509
f=     7.400 Hz | ky=  0.482415E-02 | IK=       7/      88 | t=    6.869400 s | CA=  2.5833 | fact=  2.4977 | GF=  1.7884 | solve=  1.6675 | scatter=  0.0486
f=     7.400 Hz | ky=  0.551331E-02 | IK=       8/      88 | t=    6.844900 s | CA=  2.5657 | fact=  2.4883 | GF=  1.7909 | solve=  1.6690 | scatter=  0.0501
f=     7.400 Hz | ky=  0.620247E-02 | IK=       9/      88 | t=    6.875400 s | CA=  2.5910 | fact=  2.4978 | GF=  1.7865 | solve=  1.6616 | scatter=  0.0528
f=     7.400 Hz | ky=  0.689164E-02 | IK=      10/      88 | t=    6.824800 s | CA=  2.5497 | fact=  2.4931 | GF=  1.7820 | solve=  1.6575 | scatter=  0.0526
f=     7.400 Hz | ky=  0.758080E-02 | IK=      11/      88 | t=    6.912900 s | CA=  2.6253 | fact=  2.4962 | GF=  1.7914 | solve=  1.6688 | scatter=  0.0508
f=     7.400 Hz | ky=  0.826996E-02 | IK=      12/      88 | t=    6.864100 s | CA=  2.5717 | fact=  2.4995 | GF=  1.7928 | solve=  1.6713 | scatter=  0.0495
f=     7.400 Hz | ky=  0.895913E-02 | IK=      13/      88 | t=    6.849700 s | CA=  2.5642 | fact=  2.4913 | GF=  1.7941 | solve=  1.6697 | scatter=  0.0525
f=     7.400 Hz | ky=  0.964829E-02 | IK=      14/      88 | t=    6.895500 s | CA=  2.6152 | fact=  2.4946 | GF=  1.7857 | solve=  1.6632 | scatter=  0.0506
f=     7.400 Hz | ky=  0.103375E-01 | IK=      15/      88 | t=    6.864500 s | CA=  2.5675 | fact=  2.5096 | GF=  1.7874 | solve=  1.6649 | scatter=  0.0507
PARDISO mem (f=  7.40 Hz): sym=  1.95 GB  perm=  1.42 GB  num=  3.22 GB  
peak=  4.64 GB
t_global   =    162.273 s
TIME for 1st forward modeling =  2.704523213704427  min
TIME for GT0 =  .9211666385332743E-02  min
Data scaler W for L2 norm: 81248105960047.30
Data scaler W for WQS norm: .3395193265742062E-312
Total number of active inversion parameters for current sequential stage (IM):          1
Total model blocks points (NM = IM * NBLOCK):      11534 on grid (NMM = IM * NPT):    185445
 Gradient balance ():   1.00000000000000        1.00000000000000     
   1.00000000000000        1.00000000000000        1.00000000000000     
   1.00000000000000        1.00000000000000        1.00000000000000     
   1.00000000000000        1.00000000000000        1.00000000000000     
 IE0, IZ          30           0
 IE0, IZ, GZ1, GZ2 =           30           0   100.000000000000     
   300.000000000000     
  
 Frequency:          11 Iteration:           1
--- Pre-solver preview (memory + RHS workload) ---
   GQG dims: NNX=       585  NNZ=       317  NPT=    185445
   DOF:     N=3*NPT =    556335
   Sources: NSR=       100  NSS=       100  NK=        88
   RHS total (per IK): nrhs_tot=3*NSS =       300
   Batch:    MAX_RHS_BATCH=        32  nbatches=        10
   GFMY  (GFX+GFY+GFZ):        109.428 GB
   RHS_MY(rhs+sol buffers):      0.531 GB
 
 running run_ik_loop_pardiso
before CA | VmRSS= 112.167 GB  VmHWM= 112.167 GB
after CA | VmRSS= 113.698 GB  VmHWM= 117.712 GB
after factor | VmRSS= 117.456 GB  VmHWM= 117.712 GB
f=     7.400 Hz | ky=  0.689164E-03 | IK=       1/      88 | t=   24.014200 s | CA=  2.4880 | fact= 12.7143 | GF=  8.8116 | solve=  8.1716 | scatter=  0.2388
f=     7.400 Hz | ky=  0.137833E-02 | IK=       2/      88 | t=   13.726900 s | CA=  2.5237 | fact=  2.4904 | GF=  8.7127 | solve=  8.0996 | scatter=  0.2420
f=     7.400 Hz | ky=  0.206749E-02 | IK=       3/      88 | t=   13.692000 s | CA=  2.5291 | fact=  2.4583 | GF=  8.7046 | solve=  8.0935 | scatter=  0.2394
f=     7.400 Hz | ky=  0.275665E-02 | IK=       4/      88 | t=   13.751800 s | CA=  2.5411 | fact=  2.5038 | GF=  8.7069 | solve=  8.0793 | scatter=  0.2563
f=     7.400 Hz | ky=  0.344582E-02 | IK=       5/      88 | t=   13.712000 s | CA=  2.5199 | fact=  2.4912 | GF=  8.7008 | solve=  8.0900 | scatter=  0.2395
f=     7.400 Hz | ky=  0.413498E-02 | IK=       6/      88 | t=   13.723000 s | CA=  2.5560 | fact=  2.4842 | GF=  8.6828 | solve=  8.0709 | scatter=  0.2407
f=     7.400 Hz | ky=  0.482415E-02 | IK=       7/      88 | t=   13.725000 s | CA=  2.5306 | fact=  2.4886 | GF=  8.7057 | solve=  8.0942 | scatter=  0.2409
f=     7.400 Hz | ky=  0.551331E-02 | IK=       8/      88 | t=   13.774100 s | CA=  2.5580 | fact=  2.4758 | GF=  8.7403 | solve=  8.1271 | scatter=  0.2425
f=     7.400 Hz | ky=  0.620247E-02 | IK=       9/      88 | t=   13.735800 s | CA=  2.4925 | fact=  2.5063 | GF=  8.7369 | solve=  8.1093 | scatter=  0.2574
f=     7.400 Hz | ky=  0.689164E-02 | IK=      10/      88 | t=   13.756200 s | CA=  2.5548 | fact=  2.5088 | GF=  8.6926 | solve=  8.0771 | scatter=  0.2437
f=     7.400 Hz | ky=  0.758080E-02 | IK=      11/      88 | t=   13.709000 s | CA=  2.4692 | fact=  2.5019 | GF=  8.7378 | solve=  8.1280 | scatter=  0.2390
f=     7.400 Hz | ky=  0.826996E-02 | IK=      12/      88 | t=   13.749400 s | CA=  2.5361 | fact=  2.4967 | GF=  8.7166 | solve=  8.1024 | scatter=  0.2426
f=     7.400 Hz | ky=  0.895913E-02 | IK=      13/      88 | t=   13.734400 s | CA=  2.5027 | fact=  2.4857 | GF=  8.7459 | solve=  8.1306 | scatter=  0.2447
f=     7.400 Hz | ky=  0.964829E-02 | IK=      14/      88 | t=   13.696100 s | CA=  2.5135 | fact=  2.4919 | GF=  8.6907 | solve=  8.0788 | scatter=  0.2411
f=     7.400 Hz | ky=  0.103375E-01 | IK=      15/      88 | t=   13.717900 s | CA=  2.5089 | fact=  2.4991 | GF=  8.7099 | solve=  8.0992 | scatter=  0.2399
PARDISO mem (f=  7.40 Hz): sym=  1.95 GB  perm=  1.42 GB  num=  3.22 GB  
peak=  4.64 GB
t_global   =    462.895 s
TIME for 2d forward modeling_i calc =  7.713278198242188 min
Rank    1 -> ID range:    801 to   1600 | Tasks:    800
Rank    3 -> ID range:   2401 to   3200 | Tasks:    800
Rank    4 -> ID range:   3201 to   4000 | Tasks:    800
  
 -------------- calculate Frechet derivatives -----------
 IFREQ =          11    ITERATION =           1
Frechet memory size Frec_my:      0.825 (Gb)
Rank    0 -> ID range:      1 to    800 | Tasks:    800
Rank    2 -> ID range:   1601 to   2400 | Tasks:    800
Rank    5 -> ID range:   4001 to   4800 | Tasks:    800
FREQ:      7.4 Hz, ITER=       1  Frechet Derivative ID=     100/    4800 Finished   0.308500 s
FREQ:      7.4 Hz, ITER=       1  Frechet Derivative ID=     200/    4800 Finished   0.331000 s
FREQ:      7.4 Hz, ITER=       1  Frechet Derivative ID=     300/    4800 Finished   0.302700 s
FREQ:      7.4 Hz, ITER=       1  Frechet Derivative ID=     400/    4800 Finished   0.289900 s
FREQ:      7.4 Hz, ITER=       1  Frechet Derivative ID=     500/    4800 Finished   0.302100 s
FREQ:      7.4 Hz, ITER=       1  Frechet Derivative ID=     600/    4800 Finished   0.301100 s
FREQ:      7.4 Hz, ITER=       1  Frechet Derivative ID=     700/    4800 Finished   0.299800 s
FREQ:      7.4 Hz, ITER=       1  Frechet Derivative ID=     800/    4800 Finished   0.300100 s
||Frechet||_F=  8.4180E-19max|Frechet|=  2.0871E-23
||Frechet||_F=  8.4180E-19max|Frechet|=  2.0871E-23
||Frechet||_F=  8.4180E-19max|Frechet|=  2.0871E-23
||Frechet||_F=  8.4180E-19max|Frechet|=  2.0871E-23
||Frechet||_F=  8.4180E-19max|Frechet|=  2.0871E-23
||Frechet||_F=  8.4180E-19max|Frechet|=  2.0871E-23
 
TIME for Frechet calc =  4.554141743977865 min
 
m_fine: min= -7.3494E+09  max=  1.2245E+10  mean=  8.0834E+09  ||.||2=  3.9407E+12  size=  185445
m_coarse_prev: min= -4.8868E+09  max=  1.2182E+10  mean=  8.0867E+09  ||.||2=  9.8264E+11  size=   11534
 
  compute the residual and the cost function
 WD_amp= 8.12481E+13  RESID_RMS= 2.47928E-01  FCOST_DATA= 3.07342E-02  FCOST0= 3.07342E-02
IA=  3  H(single F0) min= 0.00000E+00  max= 5.26862E-02
IA=  3  H(F0^2)     min= 0.00000E+00  max= 5.26862E-02
HESSD: ia=   3  min= 0.00000E+00  max= 3.79605E+03
IA=  3  H(single F0) min= 0.00000E+00  max= 5.26862E-02
IA=  3  H(F0^2)     min= 0.00000E+00  max= 5.26862E-02
HESSD: ia=   3  min= 0.00000E+00  max= 3.79605E+03
IA=  3  H(single F0) min= 0.00000E+00  max= 5.26862E-02
IA=  3  H(F0^2)     min= 0.00000E+00  max= 5.26862E-02
HESSD: ia=   3  min= 0.00000E+00  max= 3.79605E+03
IA=  3  H(single F0) min= 0.00000E+00  max= 5.26862E-02
IA=  3  H(F0^2)     min= 0.00000E+00  max= 5.26862E-02
HESSD: ia=   3  min= 0.00000E+00  max= 3.79605E+03
IA=  3  H(single F0) min= 0.00000E+00  max= 5.26862E-02
IA=  3  H(F0^2)     min= 0.00000E+00  max= 5.26862E-02
HESSD: ia=   3  min= 0.00000E+00  max= 3.79605E+03
IA=  3  H(single F0) min= 0.00000E+00  max= 5.26862E-02
IA=  3  H(F0^2)     min= 0.00000E+00  max= 5.26862E-02
HESSD: ia=   3  min= 0.00000E+00  max= 3.79605E+03
Grad block   3 GRAD_SCALED MORM =   9.0354E-03
Raw grad block  3  PAR={C13}  min= -9.4378E-13  max=  6.6900E-13  L2=  4.3742E-12
Gradient finished
Start LBFGS 
LBFGS steepest step , iter=      1
  g·p = -9.4848E-03  ||p|| =  3.3482E+00
  min(p)= -4.6419E-01  max(p)=  1.7341E-01
LBFGS p_k (unscaled) stats per active parameter:
  IA=  3  PAR={C13}  min=-1.04146E+09  max= 3.89056E+08  L2= 7.51208E+09
min(p_k)= -4.6419E-01  max(p_k)=  1.7341E-01  ||p_k||=  3.3482E+00
min(p_kf)= -4.6419E-01  max(p_kf)=  1.7341E-01  ||p_kf||=  1.3393E+01
p_k/p_kf  =   2.5000E-01
Start linesearch
BT entry: phi(0)=  3.0734E-02  g·p(0)= -9.4848E-03
 UPDATEPARAMETER: f-scale only
UPDATEPARAMETER PAR_STEP min/max, V_STEP min/max = -7.6753542032E+09  1.2245464658E+10
 -7.6753542032E+09  1.2245464658E+10
REL STEP elastic: k=  3 row=  3 rmax_k=  6.6855E+00 row_scale=  1.2245E+10
BT cap probe: rmax1=  6.6855E+00  alpha_cap=  7.4789E-02  alpha00=  1.0000E+00
 UPDATEPARAMETER: f-scale only
UPDATEPARAMETER PAR_STEP min/max, V_STEP min/max = -7.3737396226E+09  1.2245350521E+10
 -7.3737396226E+09  1.2245350521E+10
 running run_ik_loop_pardiso
before CA | VmRSS=  24.655 GB  VmHWM= 122.428 GB
after CA | VmRSS=  25.323 GB  VmHWM= 122.428 GB
after factor | VmRSS=  29.097 GB  VmHWM= 122.428 GB
f=     7.400 Hz | ky=  0.689164E-03 | IK=       1/      88 | t=   17.081500 s | CA=  2.4883 | fact= 12.7057 | GF=  1.8873 | solve=  1.7354 | scatter=  0.0502
f=     7.400 Hz | ky=  0.137833E-02 | IK=       2/      88 | t=    6.797400 s | CA=  2.5354 | fact=  2.4755 | GF=  1.7865 | solve=  1.6663 | scatter=  0.0483
f=     7.400 Hz | ky=  0.206749E-02 | IK=       3/      88 | t=    6.820500 s | CA=  2.5356 | fact=  2.4946 | GF=  1.7903 | solve=  1.6650 | scatter=  0.0534
f=     7.400 Hz | ky=  0.275665E-02 | IK=       4/      88 | t=    6.795400 s | CA=  2.5319 | fact=  2.4789 | GF=  1.7845 | solve=  1.6628 | scatter=  0.0497
f=     7.400 Hz | ky=  0.344582E-02 | IK=       5/      88 | t=    6.739600 s | CA=  2.5174 | fact=  2.4704 | GF=  1.7517 | solve=  1.6310 | scatter=  0.0484
f=     7.400 Hz | ky=  0.413498E-02 | IK=       6/      88 | t=    6.783000 s | CA=  2.5263 | fact=  2.5011 | GF=  1.7556 | solve=  1.6300 | scatter=  0.0536
f=     7.400 Hz | ky=  0.482415E-02 | IK=       7/      88 | t=    6.818100 s | CA=  2.5571 | fact=  2.5060 | GF=  1.7549 | solve=  1.6333 | scatter=  0.0494
f=     7.400 Hz | ky=  0.551331E-02 | IK=       8/      88 | t=    6.793800 s | CA=  2.5442 | fact=  2.4979 | GF=  1.7517 | solve=  1.6295 | scatter=  0.0502
f=     7.400 Hz | ky=  0.620247E-02 | IK=       9/      88 | t=    6.755800 s | CA=  2.5184 | fact=  2.4835 | GF=  1.7539 | solve=  1.6291 | scatter=  0.0524
f=     7.400 Hz | ky=  0.689164E-02 | IK=      10/      88 | t=    6.772300 s | CA=  2.5208 | fact=  2.4963 | GF=  1.7551 | solve=  1.6290 | scatter=  0.0541
f=     7.400 Hz | ky=  0.758080E-02 | IK=      11/      88 | t=    6.775900 s | CA=  2.5335 | fact=  2.4911 | GF=  1.7512 | solve=  1.6294 | scatter=  0.0497
f=     7.400 Hz | ky=  0.826996E-02 | IK=      12/      88 | t=    6.765500 s | CA=  2.5206 | fact=  2.4915 | GF=  1.7533 | solve=  1.6303 | scatter=  0.0508
f=     7.400 Hz | ky=  0.895913E-02 | IK=      13/      88 | t=    6.832400 s | CA=  2.5741 | fact=  2.5069 | GF=  1.7513 | solve=  1.6305 | scatter=  0.0489
f=     7.400 Hz | ky=  0.964829E-02 | IK=      14/      88 | t=    6.792400 s | CA=  2.5343 | fact=  2.5041 | GF=  1.7540 | solve=  1.6286 | scatter=  0.0535
f=     7.400 Hz | ky=  0.103375E-01 | IK=      15/      88 | t=    6.807800 s | CA=  2.5409 | fact=  2.5167 | GF=  1.7502 | solve=  1.6298 | scatter=  0.0484
PARDISO mem (f=  7.40 Hz): sym=  1.95 GB  perm=  1.42 GB  num=  3.22 GB  
peak=  4.64 GB
 WD_amp= 8.12481E+13  RESID_RMS= 2.43879E-01  FCOST_DATA= 2.97386E-02  FCOST0= 2.97386E-02
BT: alpha=  7.4789E-02  phi=  2.9739E-02  rhs=  3.0734E-02
  
  
  
  
Convergence reached, updating parameter grid
ALPHA from line search =  .7478850216323951E-01
 FCOST0 after linesearch  2.973855984981765E-002
Norm of s (s_norm) =  .2504086734121332
  
  
Time for LBFGS =  2.701159922281901 min
  
 Frequency:          11 Iteration:           2
t_global   =    461.997 s
  
 -------------- calculate Frechet derivatives -----------
 IFREQ =          11    ITERATION =           2
||Frechet||_F=  8.4236E-19max|Frechet|=  2.0858E-23
||Frechet||_F=  8.4236E-19max|Frechet|=  2.0858E-23
||Frechet||_F=  8.4236E-19max|Frechet|=  2.0858E-23
||Frechet||_F=  8.4236E-19max|Frechet|=  2.0858E-23
||Frechet||_F=  8.4236E-19max|Frechet|=  2.0858E-23
||Frechet||_F=  8.4236E-19max|Frechet|=  2.0858E-23
 
TIME for Frechet calc =  4.540815226236979 min
 
 
  compute the residual and the cost function
 WD_amp= 8.12481E+13  RESID_RMS= 2.43879E-01  FCOST_DATA= 2.97386E-02  FCOST0= 2.97386E-02
Grad block   3 GRAD_SCALED MORM =   7.6213E-03
Raw grad block  3  PAR={C13}  min= -6.7042E-13  max=  6.8561E-13  L2=  3.7380E-12
Gradient finished
Start LBFGS 
curvature (warm): s·y=  6.2445E-04  ||s||^2=  6.2705E-02  ||y||^2=  2.5765E-05  sTy_min=  1.2711E-04
LBFGS step: g·p = -3.9871E-03  ||p||=  3.4827E+00
LBFGS step: min(p)= -4.3034E-01  max(p)=  2.1266E-01
LBFGS p_k (unscaled) stats per active parameter:
  IA=  3  PAR={C13}  min=-9.65519E+08  max= 4.77129E+08  L2= 7.81385E+09
min(p_k)= -4.3034E-01  max(p_k)=  2.1266E-01  ||p_k||=  3.4827E+00
min(p_kf)= -4.3034E-01  max(p_kf)=  2.1266E-01  ||p_kf||=  1.3931E+01
p_k/p_kf  =   2.5000E-01
Start linesearch
MT entry: phi(0)=  2.9739E-02  dg0= -3.9871E-03  alpha0=  1.0000E+00
 UPDATEPARAMETER: f-scale only
UPDATEPARAMETER PAR_STEP min/max, V_STEP min/max = -7.9333179335E+09  1.2245577768E+10
 -7.9333179335E+09  1.2245577768E+10
 WD_amp= 8.12481E+13  RESID_RMS= 2.54079E-01  FCOST_DATA= 3.22780E-02  FCOST0= 3.22780E-02
  
 -------------- calculate Frechet derivatives -----------
 IFREQ =          11    ITERATION =           2
||Frechet||_F=  8.3816E-19max|Frechet|=  2.0491E-23
||Frechet||_F=  8.3816E-19max|Frechet|=  2.0491E-23
||Frechet||_F=  8.3816E-19max|Frechet|=  2.0491E-23
||Frechet||_F=  8.3816E-19max|Frechet|=  2.0491E-23
||Frechet||_F=  8.3816E-19max|Frechet|=  2.0491E-23
||Frechet||_F=  8.3816E-19max|Frechet|=  2.0491E-23
Grad block   3 GRAD_SCALED MORM =   1.3870E-02
MT try: alpha=  1.0000E+00  phi=  3.2278E-02  dg=  3.7082E-03  dg0= -3.9871E-03
MT try: armijo_rhs=  2.9738E-02  armijo=F  curvature=F  task=FG
 UPDATEPARAMETER: f-scale only
UPDATEPARAMETER PAR_STEP min/max, V_STEP min/max = -7.4816893523E+09  1.2245394360E+10
 -7.4816893523E+09  1.2245394360E+10
 WD_amp= 8.12481E+13  RESID_RMS= 2.40216E-01  FCOST_DATA= 2.88518E-02  FCOST0= 2.88518E-02
  
 -------------- calculate Frechet derivatives -----------
 IFREQ =          11    ITERATION =           2
||Frechet||_F=  8.4075E-19max|Frechet|=  2.0782E-23
||Frechet||_F=  8.4075E-19max|Frechet|=  2.0782E-23
||Frechet||_F=  8.4075E-19max|Frechet|=  2.0782E-23
||Frechet||_F=  8.4075E-19max|Frechet|=  2.0782E-23
||Frechet||_F=  8.4075E-19max|Frechet|=  2.0782E-23
||Frechet||_F=  8.4075E-19max|Frechet|=  2.0782E-23
Grad block   3 GRAD_SCALED MORM =   7.4834E-03
MT try: alpha=  1.9291E-01  phi=  2.8852E-02  dg= -1.1532E-03  dg0= -3.9871E-03
MT try: armijo_rhs=  2.9738E-02  armijo=T  curvature=T  task=FG
  
Convergence reached, updating parameter grid
ALPHA from line search =  .1929126407988878
 FCOST0 after linesearch  2.885177076729076E-002
Norm of s (s_norm) =  .6718623926933291
  
  
  
  
  
Time for LBFGS =  24.09482421875000 min
  
 Frequency:          11 Iteration:           3
t_global   =    460.165 s
  
 -------------- calculate Frechet derivatives -----------
 IFREQ =          11    ITERATION =           3
||Frechet||_F=  8.4075E-19max|Frechet|=  2.0782E-23
||Frechet||_F=  8.4075E-19max|Frechet|=  2.0782E-23
||Frechet||_F=  8.4075E-19max|Frechet|=  2.0782E-23
||Frechet||_F=  8.4075E-19max|Frechet|=  2.0782E-23
 
TIME for Frechet calc =  4.586556498209635 min
 
 
  compute the residual and the cost function
 WD_amp= 8.12481E+13  RESID_RMS= 2.40216E-01  FCOST_DATA= 2.88518E-02  FCOST0= 2.88518E-02
||Frechet||_F=  8.4075E-19max|Frechet|=  2.0782E-23
||Frechet||_F=  8.4075E-19max|Frechet|=  2.0782E-23
Grad block   3 GRAD_SCALED MORM =   7.4834E-03
Gradient finished
Start LBFGS 
curvature (warm): s·y=  5.4669E-04  ||s||^2=  4.5140E-01  ||y||^2=  5.3872E-06  sTy_min=  1.5594E-04
LBFGS step: g·p = -5.6832E-03  ||p||=  6.1330E+00
LBFGS step: min(p)= -8.0788E-01  max(p)=  4.5790E-01
LBFGS p_k (unscaled) stats per active parameter:
  IA=  3  PAR={C13}  min=-1.81256E+09  max= 1.02735E+09  L2= 1.37601E+10
min(p_k)= -8.0788E-01  max(p_k)=  4.5790E-01  ||p_k||=  6.1330E+00
min(p_kf)= -8.0788E-01  max(p_kf)=  4.5790E-01  ||p_kf||=  2.4532E+01
p_k/p_kf  =   2.5000E-01
Start linesearch
MT entry: phi(0)=  2.8852E-02  dg0= -5.6832E-03  alpha0=  1.0000E+00
 UPDATEPARAMETER: f-scale only
UPDATEPARAMETER PAR_STEP min/max, V_STEP min/max = -8.8014520161E+09  1.2245731191E+10
 -8.8014520161E+09  1.2245731191E+10
 WD_amp= 8.12481E+13  RESID_RMS= 3.08195E-01  FCOST_DATA= 4.74921E-02  FCOST0= 4.74921E-02
  
 -------------- calculate Frechet derivatives -----------
 IFREQ =          11    ITERATION =           3
||Frechet||_F=  8.4208E-19max|Frechet|=  2.0415E-23
||Frechet||_F=  8.4208E-19max|Frechet|=  2.0415E-23
||Frechet||_F=  8.4208E-19max|Frechet|=  2.0415E-23
||Frechet||_F=  8.4208E-19max|Frechet|=  2.0415E-23
||Frechet||_F=  8.4208E-19max|Frechet|=  2.0415E-23
||Frechet||_F=  8.4208E-19max|Frechet|=  2.0415E-23
Grad block   3 GRAD_SCALED MORM =   2.9482E-02
MT try: alpha=  1.0000E+00  phi=  4.7492E-02  dg=  2.4900E-02  dg0= -5.6832E-03
MT try: armijo_rhs=  2.8851E-02  armijo=F  curvature=F  task=FG
 UPDATEPARAMETER: f-scale only
UPDATEPARAMETER PAR_STEP min/max, V_STEP min/max = -7.5743200256E+09  1.2245418001E+10
 -7.5743200256E+09  1.2245418001E+10
 WD_amp= 8.12481E+13  RESID_RMS= 2.36350E-01  FCOST_DATA= 2.79308E-02  FCOST0= 2.79308E-02
  
 -------------- calculate Frechet derivatives -----------
 IFREQ =          11    ITERATION =           3
||Frechet||_F=  8.4093E-19max|Frechet|=  2.0727E-23
||Frechet||_F=  8.4093E-19max|Frechet|=  2.0727E-23
||Frechet||_F=  8.4093E-19max|Frechet|=  2.0727E-23
||Frechet||_F=  8.4093E-19max|Frechet|=  2.0727E-23
||Frechet||_F=  8.4093E-19max|Frechet|=  2.0727E-23
||Frechet||_F=  8.4093E-19max|Frechet|=  2.0727E-23
Grad block   3 GRAD_SCALED MORM =   7.1691E-03
MT try: alpha=  7.0187E-02  phi=  2.7931E-02  dg= -2.8013E-03  dg0= -5.6832E-03
MT try: armijo_rhs=  2.8852E-02  armijo=T  curvature=T  task=FG
  
  
Convergence reached, updating parameter grid
ALPHA from line search =  .7018737219207427E-01
 FCOST0 after linesearch  2.793075586961971E-002
Norm of s (s_norm) =  .4304619111957861
  
  
  
  
Convergence check at iteration    3
  Relative cost decrease  =  3.1922E-02
  Relative model update   =  0.0000E+00
  Relative grad. norm     =  2.5321E-01
Time for LBFGS =  24.11396077473958 min
  
 Frequency:          11 Iteration:           4
t_global   =    460.744 s
  
 -------------- calculate Frechet derivatives -----------
 IFREQ =          11    ITERATION =           4
||Frechet||_F=  8.4093E-19max|Frechet|=  2.0727E-23
||Frechet||_F=  8.4093E-19max|Frechet|=  2.0727E-23
||Frechet||_F=  8.4093E-19max|Frechet|=  2.0727E-23
||Frechet||_F=  8.4093E-19max|Frechet|=  2.0727E-23
||Frechet||_F=  8.4093E-19max|Frechet|=  2.0727E-23
 
TIME for Frechet calc =  4.560981750488281 min
 
 
  compute the residual and the cost function
 WD_amp= 8.12481E+13  RESID_RMS= 2.36350E-01  FCOST_DATA= 2.79308E-02  FCOST0= 2.79308E-02
||Frechet||_F=  8.4093E-19max|Frechet|=  2.0727E-23
Grad block   3 GRAD_SCALED MORM =   7.1691E-03
Gradient finished
Start LBFGS 
curvature (warm): s·y=  2.0227E-04  ||s||^2=  1.8530E-01  ||y||^2=  2.8525E-06  sTy_min=  7.2702E-05
LBFGS step: g·p = -3.3351E-03  ||p||=  4.7890E+00
LBFGS step: min(p)= -7.1327E-01  max(p)=  4.9660E-01
LBFGS p_k (unscaled) stats per active parameter:
  IA=  3  PAR={C13}  min=-1.60029E+09  max= 1.11417E+09  L2= 1.07446E+10
min(p_k)= -7.1327E-01  max(p_k)=  4.9660E-01  ||p_k||=  4.7890E+00
min(p_kf)= -7.1327E-01  max(p_kf)=  4.9660E-01  ||p_kf||=  1.9156E+01
p_k/p_kf  =   2.5000E-01
Start linesearch
MT entry: phi(0)=  2.7931E-02  dg0= -3.3351E-03  alpha0=  1.0000E+00
 UPDATEPARAMETER: f-scale only
UPDATEPARAMETER PAR_STEP min/max, V_STEP min/max = -9.0500458945E+09  1.2245872271E+10
 -9.0500458945E+09  1.2245872271E+10
 WD_amp= 8.12481E+13  RESID_RMS= 2.65975E-01  FCOST_DATA= 3.53714E-02  FCOST0= 3.53714E-02
  
 -------------- calculate Frechet derivatives -----------
 IFREQ =          11    ITERATION =           4
||Frechet||_F=  8.4177E-19max|Frechet|=  2.0331E-23
||Frechet||_F=  8.4177E-19max|Frechet|=  2.0331E-23
||Frechet||_F=  8.4177E-19max|Frechet|=  2.0331E-23
||Frechet||_F=  8.4177E-19max|Frechet|=  2.0331E-23
||Frechet||_F=  8.4177E-19max|Frechet|=  2.0331E-23
||Frechet||_F=  8.4177E-19max|Frechet|=  2.0331E-23
Grad block   3 GRAD_SCALED MORM =   1.5253E-02
MT try: alpha=  1.0000E+00  phi=  3.5371E-02  dg=  6.3401E-03  dg0= -3.3351E-03
MT try: armijo_rhs=  2.7930E-02  armijo=F  curvature=F  task=FG
 UPDATEPARAMETER: f-scale only
UPDATEPARAMETER PAR_STEP min/max, V_STEP min/max = -7.6901018000E+09  1.2245453642E+10
 -7.6901018000E+09  1.2245453642E+10
 WD_amp= 8.12481E+13  RESID_RMS= 2.35292E-01  FCOST_DATA= 2.76813E-02  FCOST0= 2.76813E-02
  
 -------------- calculate Frechet derivatives -----------
 IFREQ =          11    ITERATION =           4
||Frechet||_F=  8.4108E-19max|Frechet|=  2.0696E-23
||Frechet||_F=  8.4108E-19max|Frechet|=  2.0696E-23
||Frechet||_F=  8.4108E-19max|Frechet|=  2.0696E-23
||Frechet||_F=  8.4108E-19max|Frechet|=  2.0696E-23
||Frechet||_F=  8.4108E-19max|Frechet|=  2.0696E-23
||Frechet||_F=  8.4108E-19max|Frechet|=  2.0696E-23
Grad block   3 GRAD_SCALED MORM =   7.0470E-03
MT try: alpha=  7.8458E-02  phi=  2.7681E-02  dg= -2.4724E-03  dg0= -3.3351E-03
MT try: armijo_rhs=  2.7931E-02  armijo=T  curvature=T  task=FG
  
  
  
Convergence reached, updating parameter grid
ALPHA from line search =  .7845750815098015E-01
 FCOST0 after linesearch  2.768126952309556E-002
Norm of s (s_norm) =  .3757330464682058
  
  
  
Convergence check at iteration    4
  Relative cost decrease  =  8.9323E-03
  Relative model update   =  0.0000E+00
  Relative grad. norm     =  2.6168E-01
Time for LBFGS =  25.56200154622396 min
  
 Frequency:          11 Iteration:           5
t_global   =    493.678 s
  
 -------------- calculate Frechet derivatives -----------
 IFREQ =          11    ITERATION =           5
||Frechet||_F=  8.4108E-19max|Frechet|=  2.0696E-23
||Frechet||_F=  8.4108E-19max|Frechet|=  2.0696E-23
||Frechet||_F=  8.4108E-19max|Frechet|=  2.0696E-23
||Frechet||_F=  8.4108E-19max|Frechet|=  2.0696E-23
||Frechet||_F=  8.4108E-19max|Frechet|=  2.0696E-23
 
TIME for Frechet calc =  4.537270100911458 min
 
 
  compute the residual and the cost function
 WD_amp= 8.12481E+13  RESID_RMS= 2.35292E-01  FCOST_DATA= 2.76813E-02  FCOST0= 2.76813E-02
||Frechet||_F=  8.4108E-19max|Frechet|=  2.0696E-23
Grad block   3 GRAD_SCALED MORM =   7.0470E-03
Gradient finished
Start LBFGS 
curvature (warm): s·y=  6.7688E-05  ||s||^2=  1.4118E-01  ||y||^2=  8.0569E-07  sTy_min=  3.3726E-05
LBFGS step: g·p = -5.3684E-03  ||p||=  8.4356E+00
LBFGS step: min(p)= -1.4365E+00  max(p)=  8.2646E-01
LBFGS p_k (unscaled) stats per active parameter:
  IA=  3  PAR={C13}  min=-3.22283E+09  max= 1.85424E+09  L2= 1.89262E+10
min(p_k)= -1.4365E+00  max(p_k)=  8.2646E-01  ||p_k||=  8.4356E+00
min(p_kf)= -1.4365E+00  max(p_kf)=  8.2646E-01  ||p_kf||=  3.3742E+01
p_k/p_kf  =   2.5000E-01
Start linesearch
MT entry: phi(0)=  2.7681E-02  dg0= -5.3684E-03  alpha0=  1.0000E+00
 UPDATEPARAMETER: f-scale only
UPDATEPARAMETER PAR_STEP min/max, V_STEP min/max = -1.0672484695E+10  1.2252717800E+10
 -1.0672484695E+10  1.2252717800E+10
 WD_amp= 8.12481E+13  RESID_RMS= 3.39852E-01  FCOST_DATA= 5.77498E-02  FCOST0= 5.77498E-02
  
 -------------- calculate Frechet derivatives -----------
 IFREQ =          11    ITERATION =           5
||Frechet||_F=  8.4730E-19max|Frechet|=  2.0593E-23
||Frechet||_F=  8.4730E-19max|Frechet|=  2.0593E-23
||Frechet||_F=  8.4730E-19max|Frechet|=  2.0593E-23
||Frechet||_F=  8.4730E-19max|Frechet|=  2.0593E-23
||Frechet||_F=  8.4730E-19max|Frechet|=  2.0593E-23
||Frechet||_F=  8.4730E-19max|Frechet|=  2.0593E-23
Grad block   3 GRAD_SCALED MORM =   4.8626E-02
MT try: alpha=  1.0000E+00  phi=  5.7750E-02  dg=  3.8253E-02  dg0= -5.3684E-03
MT try: armijo_rhs=  2.7681E-02  armijo=F  curvature=F  task=FG
 UPDATEPARAMETER: f-scale only
UPDATEPARAMETER PAR_STEP min/max, V_STEP min/max = -7.8215796032E+09  1.2245505977E+10
 -7.8215796032E+09  1.2245505977E+10
 WD_amp= 8.12481E+13  RESID_RMS= 2.33510E-01  FCOST_DATA= 2.72635E-02  FCOST0= 2.72635E-02
  
 -------------- calculate Frechet derivatives -----------
 IFREQ =          11    ITERATION =           5
||Frechet||_F=  8.4171E-19max|Frechet|=  2.0664E-23
||Frechet||_F=  8.4171E-19max|Frechet|=  2.0664E-23
||Frechet||_F=  8.4171E-19max|Frechet|=  2.0664E-23
||Frechet||_F=  8.4171E-19max|Frechet|=  2.0664E-23
||Frechet||_F=  8.4171E-19max|Frechet|=  2.0664E-23
||Frechet||_F=  8.4171E-19max|Frechet|=  2.0664E-23
Grad block   3 GRAD_SCALED MORM =   7.1441E-03
MT try: alpha=  4.4085E-02  phi=  2.7263E-02  dg= -3.1583E-03  dg0= -5.3684E-03
MT try: armijo_rhs=  2.7681E-02  armijo=T  curvature=T  task=FG
  
Convergence reached, updating parameter grid
ALPHA from line search =  .4408481669929447E-01
 FCOST0 after linesearch  2.726346079369475E-002
Norm of s (s_norm) =  .3718829937325283
  
  
  
  
  
Convergence check at iteration    5
  Relative cost decrease  =  1.5094E-02
  Relative model update   =  0.0000E+00
  Relative grad. norm     =  4.1181E-01
Time for LBFGS =  25.45693969726562 min
  
 Frequency:          11 Iteration:           6
t_global   =    490.089 s
  
 -------------- calculate Frechet derivatives -----------
 IFREQ =          11    ITERATION =           6
||Frechet||_F=  8.4171E-19max|Frechet|=  2.0664E-23
||Frechet||_F=  8.4171E-19max|Frechet|=  2.0664E-23
||Frechet||_F=  8.4171E-19max|Frechet|=  2.0664E-23
||Frechet||_F=  8.4171E-19max|Frechet|=  2.0664E-23
 
TIME for Frechet calc =  4.444255065917969 min
 
 
  compute the residual and the cost function
 WD_amp= 8.12481E+13  RESID_RMS= 2.33510E-01  FCOST_DATA= 2.72635E-02  FCOST0= 2.72635E-02
||Frechet||_F=  8.4171E-19max|Frechet|=  2.0664E-23
||Frechet||_F=  8.4171E-19max|Frechet|=  2.0664E-23
Grad block   3 GRAD_SCALED MORM =   7.1441E-03
Gradient finished
Start LBFGS 
curvature (warm): s·y=  9.7431E-05  ||s||^2=  1.3830E-01  ||y||^2=  2.6878E-06  sTy_min=  6.0968E-05
LBFGS step: g·p = -4.3555E-03  ||p||=  7.6428E+00
LBFGS step: min(p)= -1.4436E+00  max(p)=  6.3670E-01
LBFGS p_k (unscaled) stats per active parameter:
  IA=  3  PAR={C13}  min=-3.23897E+09  max= 1.42850E+09  L2= 1.71473E+10
min(p_k)= -1.4436E+00  max(p_k)=  6.3670E-01  ||p_k||=  7.6428E+00
min(p_kf)= -1.4436E+00  max(p_kf)=  6.3670E-01  ||p_kf||=  3.0571E+01
p_k/p_kf  =   2.5000E-01
Start linesearch
MT entry: phi(0)=  2.7263E-02  dg0= -4.3555E-03  alpha0=  1.0000E+00
 UPDATEPARAMETER: f-scale only
UPDATEPARAMETER PAR_STEP min/max, V_STEP min/max = -1.0809686397E+10  1.2255719860E+10
 -1.0809686397E+10  1.2255719860E+10
 WD_amp= 8.12481E+13  RESID_RMS= 2.67057E-01  FCOST_DATA= 3.56597E-02  FCOST0= 3.56597E-02
  
 -------------- calculate Frechet derivatives -----------
 IFREQ =          11    ITERATION =           6
||Frechet||_F=  8.3890E-19max|Frechet|=  2.0501E-23
||Frechet||_F=  8.3890E-19max|Frechet|=  2.0501E-23
||Frechet||_F=  8.3890E-19max|Frechet|=  2.0501E-23
||Frechet||_F=  8.3890E-19max|Frechet|=  2.0501E-23
||Frechet||_F=  8.3890E-19max|Frechet|=  2.0501E-23
||Frechet||_F=  8.3890E-19max|Frechet|=  2.0501E-23
Grad block   3 GRAD_SCALED MORM =   1.9577E-02
MT try: alpha=  1.0000E+00  phi=  3.5660E-02  dg=  9.2800E-03  dg0= -4.3555E-03
MT try: armijo_rhs=  2.7263E-02  armijo=F  curvature=F  task=FG
 UPDATEPARAMETER: f-scale only
UPDATEPARAMETER PAR_STEP min/max, V_STEP min/max = -8.1053868610E+09  1.2245642733E+10
 -8.1053868610E+09  1.2245642733E+10
 WD_amp= 8.12481E+13  RESID_RMS= 2.30222E-01  FCOST_DATA= 2.65011E-02  FCOST0= 2.65011E-02
  
 -------------- calculate Frechet derivatives -----------
 IFREQ =          11    ITERATION =           6
||Frechet||_F=  8.4221E-19max|Frechet|=  2.0584E-23
||Frechet||_F=  8.4221E-19max|Frechet|=  2.0584E-23
||Frechet||_F=  8.4221E-19max|Frechet|=  2.0584E-23
||Frechet||_F=  8.4221E-19max|Frechet|=  2.0584E-23
||Frechet||_F=  8.4221E-19max|Frechet|=  2.0584E-23
||Frechet||_F=  8.4221E-19max|Frechet|=  2.0584E-23
Grad block   3 GRAD_SCALED MORM =   6.8891E-03
MT try: alpha=  9.4979E-02  phi=  2.6501E-02  dg= -2.7666E-03  dg0= -4.3555E-03
MT try: armijo_rhs=  2.7263E-02  armijo=T  curvature=T  task=FG
  
Convergence reached, updating parameter grid
ALPHA from line search =  .9497895401215009E-01
 FCOST0 after linesearch  2.650105520495479E-002
Norm of s (s_norm) =  .7259013125521829
  
  
  
  
  
Convergence check at iteration    6
  Relative cost decrease  =  2.7964E-02
  Relative model update   =  0.0000E+00
  Relative grad. norm     =  3.6501E-01
Time for LBFGS =  25.08875325520833 min
  
 Frequency:          11 Iteration:           7
t_global   =    493.513 s
  
 -------------- calculate Frechet derivatives -----------
 IFREQ =          11    ITERATION =           7
||Frechet||_F=  8.4221E-19max|Frechet|=  2.0584E-23
||Frechet||_F=  8.4221E-19max|Frechet|=  2.0584E-23
||Frechet||_F=  8.4221E-19max|Frechet|=  2.0584E-23
||Frechet||_F=  8.4221E-19max|Frechet|=  2.0584E-23
||Frechet||_F=  8.4221E-19max|Frechet|=  2.0584E-23
 
TIME for Frechet calc =  4.551920064290365 min
 
 
  compute the residual and the cost function
 WD_amp= 8.12481E+13  RESID_RMS= 2.30222E-01  FCOST_DATA= 2.65011E-02  FCOST0= 2.65011E-02
||Frechet||_F=  8.4221E-19max|Frechet|=  2.0584E-23
Grad block   3 GRAD_SCALED MORM =   6.8891E-03
Gradient finished
Start LBFGS 
curvature (full): s·y=  1.5091E-04  ||s||^2=  5.2693E-01  ||y||^2=  2.1826E-06  sTy_min=  1.0724E-04
 
LBFGS step(full): g·p = -5.1069E-03  ||p||=  1.0076E+01
LBFGS step(full): min(p)= -1.9989E+00  max(p)=  7.3226E-01
LBFGS p_k (unscaled) stats per active parameter:
  IA=  3  PAR={C13}  min=-4.48464E+09  max= 1.64290E+09  L2= 2.26070E+10
min(p_k)= -1.9989E+00  max(p_k)=  7.3226E-01  ||p_k||=  1.0076E+01
min(p_kf)= -1.9989E+00  max(p_kf)=  7.3226E-01  ||p_kf||=  4.0305E+01
p_k/p_kf  =   2.5000E-01
Start linesearch
MT entry: phi(0)=  2.6501E-02  dg0= -5.1069E-03  alpha0=  1.0000E+00
 UPDATEPARAMETER: f-scale only
UPDATEPARAMETER PAR_STEP min/max, V_STEP min/max = -1.2224700504E+10  1.2282528207E+10
 -1.2224700504E+10  1.2282528207E+10
 WD_amp= 8.12481E+13  RESID_RMS= 2.93623E-01  FCOST_DATA= 4.31071E-02  FCOST0= 4.31071E-02
  
 -------------- calculate Frechet derivatives -----------
 IFREQ =          11    ITERATION =           7
||Frechet||_F=  8.3689E-19max|Frechet|=  2.0695E-23
||Frechet||_F=  8.3689E-19max|Frechet|=  2.0695E-23
||Frechet||_F=  8.3689E-19max|Frechet|=  2.0695E-23
||Frechet||_F=  8.3689E-19max|Frechet|=  2.0695E-23
||Frechet||_F=  8.3689E-19max|Frechet|=  2.0695E-23
||Frechet||_F=  8.3689E-19max|Frechet|=  2.0695E-23
Grad block   3 GRAD_SCALED MORM =   2.8721E-02
MT try: alpha=  1.0000E+00  phi=  4.3107E-02  dg=  1.4845E-02  dg0= -5.1069E-03
MT try: armijo_rhs=  2.6501E-02  armijo=F  curvature=F  task=FG
 UPDATEPARAMETER: f-scale only
UPDATEPARAMETER PAR_STEP min/max, V_STEP min/max = -8.3494289819E+09  1.2245740045E+10
 -8.3494289819E+09  1.2245740045E+10
 WD_amp= 8.12481E+13  RESID_RMS= 2.28483E-01  FCOST_DATA= 2.61021E-02  FCOST0= 2.61021E-02
  
 -------------- calculate Frechet derivatives -----------
 IFREQ =          11    ITERATION =           7
||Frechet||_F=  8.4233E-19max|Frechet|=  2.0530E-23
||Frechet||_F=  8.4233E-19max|Frechet|=  2.0530E-23
||Frechet||_F=  8.4233E-19max|Frechet|=  2.0530E-23
||Frechet||_F=  8.4233E-19max|Frechet|=  2.0530E-23
||Frechet||_F=  8.4233E-19max|Frechet|=  2.0530E-23
||Frechet||_F=  8.4233E-19max|Frechet|=  2.0530E-23
Grad block   3 GRAD_SCALED MORM =   6.4913E-03
MT try: alpha=  5.9243E-02  phi=  2.6102E-02  dg= -3.9276E-03  dg0= -5.1069E-03
MT try: armijo_rhs=  2.6501E-02  armijo=T  curvature=T  task=FG
Convergence reached, updating parameter grid
ALPHA from line search =  .5924339394996810E-01
 FCOST0 after linesearch  2.610213569312726E-002
Norm of s (s_norm) =  .5969499705885838
  
  
  
  
  
  
Convergence check at iteration    7
  Relative cost decrease  =  1.5053E-02
  Relative model update   =  0.0000E+00
  Relative grad. norm     =  2.3019E-01
Time for LBFGS =  24.98066202799479 min
 --------- Frequency   8.10000000000000       (band            1 )
[ComputeAcqWeight] empty acq_weight_file, using uniform weights = 1.0
Data weighting computed for frequency 4607182418800017373
Data weighting computed for frequency 4607182418800017373
XSRmin, XSRmax, ZSRmin, ZSRMax -1960.000000000000 .000000000000000 2050.000000000000 4030.000000000000
Data weighting computed for frequency 4607182418800017373
Data weighting computed for frequency 4607182418800017373
Data weighting computed for frequency 4607182418800017373
1 FKYC
1.2 FKYC
my_rank, FKYC,WLMAX, RMAX 0 .6638321868020171E-01 632.4418265237988 2786.036611389018
1.1 NK
NK in cky2= 88
Data weighting computed for frequency 4607182418800017373

  Number of wavenumber samples (NK) for FREQ =   88
  RMAX = 2786.04
--- Pre-solver preview (memory + RHS workload) ---
   GQG dims: NNX=       585  NNZ=       317  NPT=    185445
   DOF:     N=3*NPT =    556335
   Sources: NSR=       100  NSS=        20  NK=        88
   RHS total (per IK): nrhs_tot=3*NSS =        60
   Batch:    MAX_RHS_BATCH=        32  nbatches=         2
   GFMY  (GFX+GFY+GFZ):         21.886 GB
   RHS_MY(rhs+sol buffers):      0.531 GB
 
 running run_ik_loop_pardiso
before CA | VmRSS=  23.806 GB  VmHWM= 122.453 GB
after CA | VmRSS=  25.075 GB  VmHWM= 122.453 GB
after factor | VmRSS=  28.840 GB  VmHWM= 122.453 GB
f=     8.100 Hz | ky=  0.754355E-03 | IK=       1/      88 | t=   17.092500 s | CA=  2.4901 | fact= 12.7115 | GF=  1.8907 | solve=  1.7384 | scatter=  0.0504
f=     8.100 Hz | ky=  0.150871E-02 | IK=       2/      88 | t=    6.829400 s | CA=  2.5384 | fact=  2.5010 | GF=  1.7900 | solve=  1.6682 | scatter=  0.0497
f=     8.100 Hz | ky=  0.226306E-02 | IK=       3/      88 | t=    6.829800 s | CA=  2.5507 | fact=  2.4916 | GF=  1.7875 | solve=  1.6657 | scatter=  0.0499
f=     8.100 Hz | ky=  0.301742E-02 | IK=       4/      88 | t=    6.853200 s | CA=  2.5590 | fact=  2.5057 | GF=  1.7885 | solve=  1.6622 | scatter=  0.0545
f=     8.100 Hz | ky=  0.377177E-02 | IK=       5/      88 | t=    6.822200 s | CA=  2.5424 | fact=  2.4934 | GF=  1.7863 | solve=  1.6615 | scatter=  0.0529
f=     8.100 Hz | ky=  0.452613E-02 | IK=       6/      88 | t=    6.776500 s | CA=  2.4867 | fact=  2.5019 | GF=  1.7879 | solve=  1.6626 | scatter=  0.0532
f=     8.100 Hz | ky=  0.528048E-02 | IK=       7/      88 | t=    6.778000 s | CA=  2.4995 | fact=  2.4917 | GF=  1.7868 | solve=  1.6652 | scatter=  0.0495
f=     8.100 Hz | ky=  0.603484E-02 | IK=       8/      88 | t=    6.822200 s | CA=  2.5381 | fact=  2.4975 | GF=  1.7866 | solve=  1.6641 | scatter=  0.0505
f=     8.100 Hz | ky=  0.678919E-02 | IK=       9/      88 | t=    6.832700 s | CA=  2.5365 | fact=  2.5062 | GF=  1.7899 | solve=  1.6656 | scatter=  0.0526
f=     8.100 Hz | ky=  0.754355E-02 | IK=      10/      88 | t=    6.776100 s | CA=  2.5412 | fact=  2.4897 | GF=  1.7452 | solve=  1.6195 | scatter=  0.0538
f=     8.100 Hz | ky=  0.829790E-02 | IK=      11/      88 | t=    6.728000 s | CA=  2.5317 | fact=  2.4949 | GF=  1.7014 | solve=  1.5799 | scatter=  0.0496
f=     8.100 Hz | ky=  0.905226E-02 | IK=      12/      88 | t=    6.726700 s | CA=  2.5448 | fact=  2.4934 | GF=  1.6885 | solve=  1.5667 | scatter=  0.0493
f=     8.100 Hz | ky=  0.980661E-02 | IK=      13/      88 | t=    6.733300 s | CA=  2.5441 | fact=  2.4963 | GF=  1.6929 | solve=  1.5705 | scatter=  0.0504
f=     8.100 Hz | ky=  0.105610E-01 | IK=      14/      88 | t=    6.709200 s | CA=  2.5211 | fact=  2.4998 | GF=  1.6882 | solve=  1.5662 | scatter=  0.0499
f=     8.100 Hz | ky=  0.113153E-01 | IK=      15/      88 | t=    6.730800 s | CA=  2.5240 | fact=  2.5102 | GF=  1.6966 | solve=  1.5707 | scatter=  0.0540
PARDISO mem (f=  8.10 Hz): sym=  1.95 GB  perm=  1.42 GB  num=  3.22 GB  
peak=  4.64 GB
t_global   =    169.269 s
TIME for 1st forward modeling =  2.821170043945313  min
TIME for GT0 =  .8948333064715068E-02  min
Data scaler W for L2 norm: 87036989956179.09
Data scaler W for WQS norm: .3395193265742062E-312
Total number of active inversion parameters for current sequential stage (IM):          1
Total model blocks points (NM = IM * NBLOCK):      11534 on grid (NMM = IM * NPT):    185445
 Gradient balance ():   1.00000000000000        1.00000000000000     
   1.00000000000000        1.00000000000000        1.00000000000000     
   1.00000000000000        1.00000000000000        1.00000000000000     
   1.00000000000000        1.00000000000000        1.00000000000000     
 IE0, IZ          30           0
 IE0, IZ, GZ1, GZ2 =           30           0   100.000000000000     
   300.000000000000     
  
 Frequency:          12 Iteration:           1
--- Pre-solver preview (memory + RHS workload) ---
   GQG dims: NNX=       585  NNZ=       317  NPT=    185445
   DOF:     N=3*NPT =    556335
   Sources: NSR=       100  NSS=       100  NK=        88
   RHS total (per IK): nrhs_tot=3*NSS =       300
   Batch:    MAX_RHS_BATCH=        32  nbatches=        10
   GFMY  (GFX+GFY+GFZ):        109.428 GB
   RHS_MY(rhs+sol buffers):      0.531 GB
 
 running run_ik_loop_pardiso
before CA | VmRSS= 112.175 GB  VmHWM= 122.453 GB
after CA | VmRSS= 113.442 GB  VmHWM= 122.453 GB
after factor | VmRSS= 117.212 GB  VmHWM= 122.453 GB
f=     8.100 Hz | ky=  0.754355E-03 | IK=       1/      88 | t=   23.991100 s | CA=  2.4858 | fact= 12.7052 | GF=  8.7999 | solve=  8.1580 | scatter=  0.2408
f=     8.100 Hz | ky=  0.150871E-02 | IK=       2/      88 | t=   13.773200 s | CA=  2.5750 | fact=  2.4888 | GF=  8.7094 | solve=  8.0949 | scatter=  0.2439
f=     8.100 Hz | ky=  0.226306E-02 | IK=       3/      88 | t=   13.666200 s | CA=  2.4935 | fact=  2.4720 | GF=  8.7007 | solve=  8.0879 | scatter=  0.2418
f=     8.100 Hz | ky=  0.301742E-02 | IK=       4/      88 | t=   13.735900 s | CA=  2.5613 | fact=  2.4721 | GF=  8.7025 | solve=  8.0917 | scatter=  0.2402
f=     8.100 Hz | ky=  0.377177E-02 | IK=       5/      88 | t=   13.729800 s | CA=  2.5388 | fact=  2.4929 | GF=  8.6980 | solve=  8.0864 | scatter=  0.2409
f=     8.100 Hz | ky=  0.452613E-02 | IK=       6/      88 | t=   13.743900 s | CA=  2.5356 | fact=  2.4894 | GF=  8.7189 | solve=  8.1059 | scatter=  0.2419
f=     8.100 Hz | ky=  0.528048E-02 | IK=       7/      88 | t=   13.764100 s | CA=  2.5711 | fact=  2.4922 | GF=  8.7006 | solve=  8.0874 | scatter=  0.2428
f=     8.100 Hz | ky=  0.603484E-02 | IK=       8/      88 | t=   13.807200 s | CA=  2.5694 | fact=  2.5171 | GF=  8.7207 | solve=  8.1082 | scatter=  0.2418
f=     8.100 Hz | ky=  0.678919E-02 | IK=       9/      88 | t=   13.697000 s | CA=  2.5040 | fact=  2.5014 | GF=  8.6916 | solve=  8.0783 | scatter=  0.2419
f=     8.100 Hz | ky=  0.754355E-02 | IK=      10/      88 | t=   13.751000 s | CA=  2.5716 | fact=  2.4869 | GF=  8.6923 | solve=  8.0723 | scatter=  0.2490
f=     8.100 Hz | ky=  0.829790E-02 | IK=      11/      88 | t=   13.706300 s | CA=  2.5075 | fact=  2.4919 | GF=  8.7068 | solve=  8.0955 | scatter=  0.2402
f=     8.100 Hz | ky=  0.905226E-02 | IK=      12/      88 | t=   13.781100 s | CA=  2.5762 | fact=  2.5053 | GF=  8.6996 | solve=  8.0873 | scatter=  0.2414
f=     8.100 Hz | ky=  0.980661E-02 | IK=      13/      88 | t=   13.734000 s | CA=  2.5259 | fact=  2.5054 | GF=  8.7027 | solve=  8.0906 | scatter=  0.2409
f=     8.100 Hz | ky=  0.105610E-01 | IK=      14/      88 | t=   13.699100 s | CA=  2.5168 | fact=  2.4988 | GF=  8.6834 | solve=  8.0684 | scatter=  0.2443
f=     8.100 Hz | ky=  0.113153E-01 | IK=      15/      88 | t=   13.772700 s | CA=  2.5845 | fact=  2.5163 | GF=  8.6719 | solve=  8.0603 | scatter=  0.2405
PARDISO mem (f=  8.10 Hz): sym=  1.95 GB  perm=  1.42 GB  num=  3.22 GB  
peak=  4.64 GB
t_global   =    495.452 s
TIME for 2d forward modeling_i calc =  8.256893412272136 min
Rank    4 -> ID range:   3201 to   4000 | Tasks:    800
Rank    3 -> ID range:   2401 to   3200 | Tasks:    800
Rank    2 -> ID range:   1601 to   2400 | Tasks:    800
Rank    5 -> ID range:   4001 to   4800 | Tasks:    800
Rank    1 -> ID range:    801 to   1600 | Tasks:    800
  
 -------------- calculate Frechet derivatives -----------
 IFREQ =          12    ITERATION =           1
Frechet memory size Frec_my:      0.825 (Gb)
Rank    0 -> ID range:      1 to    800 | Tasks:    800
FREQ:      8.1 Hz, ITER=       1  Frechet Derivative ID=     100/    4800 Finished   0.305000 s
FREQ:      8.1 Hz, ITER=       1  Frechet Derivative ID=     200/    4800 Finished   0.300600 s
FREQ:      8.1 Hz, ITER=       1  Frechet Derivative ID=     300/    4800 Finished   0.302900 s
FREQ:      8.1 Hz, ITER=       1  Frechet Derivative ID=     400/    4800 Finished   0.288500 s
FREQ:      8.1 Hz, ITER=       1  Frechet Derivative ID=     500/    4800 Finished   0.303600 s
FREQ:      8.1 Hz, ITER=       1  Frechet Derivative ID=     600/    4800 Finished   0.303700 s
FREQ:      8.1 Hz, ITER=       1  Frechet Derivative ID=     700/    4800 Finished   0.300900 s
FREQ:      8.1 Hz, ITER=       1  Frechet Derivative ID=     800/    4800 Finished   0.331200 s
||Frechet||_F=  8.1449E-19max|Frechet|=  2.3027E-23
||Frechet||_F=  8.1449E-19max|Frechet|=  2.3027E-23
||Frechet||_F=  8.1449E-19max|Frechet|=  2.3027E-23
 
TIME for Frechet calc =  4.484676615397135 min
 
m_fine: min= -8.3494E+09  max=  1.2246E+10  mean=  8.0758E+09  ||.||2=  3.9393E+12  size=  185445
m_coarse_prev: min= -5.5234E+09  max=  1.2182E+10  mean=  8.0790E+09  ||.||2=  9.8228E+11  size=   11534
 
  compute the residual and the cost function
 WD_amp= 8.70370E+13  RESID_RMS= 2.55865E-01  FCOST_DATA= 3.27334E-02  FCOST0= 3.27334E-02
||Frechet||_F=  8.1449E-19max|Frechet|=  2.3027E-23
||Frechet||_F=  8.1449E-19max|Frechet|=  2.3027E-23
||Frechet||_F=  8.1449E-19max|Frechet|=  2.3027E-23
IA=  3  H(single F0) min= 0.00000E+00  max= 7.26057E-02
IA=  3  H(F0^2)     min= 0.00000E+00  max= 7.26057E-02
HESSD: ia=   3  min= 0.00000E+00  max= 2.75460E+03
IA=  3  H(single F0) min= 0.00000E+00  max= 7.26057E-02
IA=  3  H(F0^2)     min= 0.00000E+00  max= 7.26057E-02
HESSD: ia=   3  min= 0.00000E+00  max= 2.75460E+03
IA=  3  H(single F0) min= 0.00000E+00  max= 7.26057E-02
IA=  3  H(F0^2)     min= 0.00000E+00  max= 7.26057E-02
HESSD: ia=   3  min= 0.00000E+00  max= 2.75460E+03
IA=  3  H(single F0) min= 0.00000E+00  max= 7.26057E-02
IA=  3  H(F0^2)     min= 0.00000E+00  max= 7.26057E-02
HESSD: ia=   3  min= 0.00000E+00  max= 2.75460E+03
IA=  3  H(single F0) min= 0.00000E+00  max= 7.26057E-02
IA=  3  H(F0^2)     min= 0.00000E+00  max= 7.26057E-02
HESSD: ia=   3  min= 0.00000E+00  max= 2.75460E+03
IA=  3  H(single F0) min= 0.00000E+00  max= 7.26057E-02
IA=  3  H(F0^2)     min= 0.00000E+00  max= 7.26057E-02
HESSD: ia=   3  min= 0.00000E+00  max= 2.75460E+03
Grad block   3 GRAD_SCALED MORM =   9.4756E-03
Raw grad block  3  PAR={C13}  min= -6.4804E-13  max=  8.6737E-13  L2=  4.6055E-12
Gradient finished
Start LBFGS 
LBFGS steepest step , iter=      1
  g·p = -7.4033E-03  ||p|| =  2.4413E+00
  min(p)= -1.6682E-01  max(p)=  2.2261E-01
LBFGS p_k (unscaled) stats per active parameter:
  IA=  3  PAR={C13}  min=-3.74270E+08  max= 4.99446E+08  L2= 5.47719E+09
min(p_k)= -1.6682E-01  max(p_k)=  2.2261E-01  ||p_k||=  2.4413E+00
min(p_kf)= -1.6682E-01  max(p_kf)=  2.2261E-01  ||p_kf||=  9.7650E+00
p_k/p_kf  =   2.5000E-01
Start linesearch
BT entry: phi(0)=  3.2733E-02  g·p(0)= -7.4033E-03
 UPDATEPARAMETER: f-scale only
UPDATEPARAMETER PAR_STEP min/max, V_STEP min/max = -8.6467680796E+09  1.2245523062E+10
 -8.6467680796E+09  1.2245523062E+10
REL STEP elastic: k=  3 row=  3 rmax_k=  1.4012E+01 row_scale=  1.2246E+10
BT cap probe: rmax1=  1.4012E+01  alpha_cap=  3.5684E-02  alpha00=  1.0000E+00
 UPDATEPARAMETER: f-scale only
UPDATEPARAMETER PAR_STEP min/max, V_STEP min/max = -8.3600391605E+09  1.2245691222E+10
 -8.3600391605E+09  1.2245691222E+10
 running run_ik_loop_pardiso
before CA | VmRSS=  24.662 GB  VmHWM= 122.453 GB
after CA | VmRSS=  25.447 GB  VmHWM= 122.453 GB
after factor | VmRSS=  29.208 GB  VmHWM= 122.453 GB
f=     8.100 Hz | ky=  0.754355E-03 | IK=       1/      88 | t=   17.097400 s | CA=  2.4925 | fact= 12.7124 | GF=  1.8923 | solve=  1.7382 | scatter=  0.0512
f=     8.100 Hz | ky=  0.150871E-02 | IK=       2/      88 | t=    6.807300 s | CA=  2.5162 | fact=  2.5025 | GF=  1.7885 | solve=  1.6671 | scatter=  0.0497
f=     8.100 Hz | ky=  0.226306E-02 | IK=       3/      88 | t=    6.816700 s | CA=  2.5416 | fact=  2.4905 | GF=  1.7846 | solve=  1.6622 | scatter=  0.0505
f=     8.100 Hz | ky=  0.301742E-02 | IK=       4/      88 | t=    6.842700 s | CA=  2.5535 | fact=  2.5048 | GF=  1.7844 | solve=  1.6617 | scatter=  0.0508
f=     8.100 Hz | ky=  0.377177E-02 | IK=       5/      88 | t=    6.848200 s | CA=  2.5683 | fact=  2.4961 | GF=  1.7838 | solve=  1.6611 | scatter=  0.0507
f=     8.100 Hz | ky=  0.452613E-02 | IK=       6/      88 | t=    6.752400 s | CA=  2.4938 | fact=  2.4687 | GF=  1.7898 | solve=  1.6680 | scatter=  0.0497
f=     8.100 Hz | ky=  0.528048E-02 | IK=       7/      88 | t=    6.862600 s | CA=  2.5875 | fact=  2.4896 | GF=  1.7855 | solve=  1.6639 | scatter=  0.0499
f=     8.100 Hz | ky=  0.603484E-02 | IK=       8/      88 | t=    6.854800 s | CA=  2.5683 | fact=  2.4985 | GF=  1.7880 | solve=  1.6634 | scatter=  0.0528
f=     8.100 Hz | ky=  0.678919E-02 | IK=       9/      88 | t=    6.820000 s | CA=  2.5523 | fact=  2.4824 | GF=  1.7853 | solve=  1.6637 | scatter=  0.0498
f=     8.100 Hz | ky=  0.754355E-02 | IK=      10/      88 | t=    6.830200 s | CA=  2.5422 | fact=  2.5038 | GF=  1.7841 | solve=  1.6622 | scatter=  0.0500
f=     8.100 Hz | ky=  0.829790E-02 | IK=      11/      88 | t=    6.847700 s | CA=  2.5673 | fact=  2.4986 | GF=  1.7817 | solve=  1.6603 | scatter=  0.0495
f=     8.100 Hz | ky=  0.905226E-02 | IK=      12/      88 | t=    6.852000 s | CA=  2.5771 | fact=  2.4915 | GF=  1.7834 | solve=  1.6611 | scatter=  0.0504
f=     8.100 Hz | ky=  0.980661E-02 | IK=      13/      88 | t=    6.821800 s | CA=  2.5387 | fact=  2.4992 | GF=  1.7839 | solve=  1.6602 | scatter=  0.0517
f=     8.100 Hz | ky=  0.105610E-01 | IK=      14/      88 | t=    6.821600 s | CA=  2.5376 | fact=  2.5021 | GF=  1.7818 | solve=  1.6608 | scatter=  0.0492
f=     8.100 Hz | ky=  0.113153E-01 | IK=      15/      88 | t=    6.813500 s | CA=  2.5384 | fact=  2.4954 | GF=  1.7796 | solve=  1.6579 | scatter=  0.0499
PARDISO mem (f=  8.10 Hz): sym=  1.95 GB  perm=  1.42 GB  num=  3.22 GB  
peak=  4.64 GB
 WD_amp= 8.70370E+13  RESID_RMS= 2.54028E-01  FCOST_DATA= 3.22651E-02  FCOST0= 3.22651E-02
BT: alpha=  3.5684E-02  phi=  3.2265E-02  rhs=  3.2733E-02
  
  
  
Convergence reached, updating parameter grid
ALPHA from line search =  .3568376526841920E-01
 FCOST0 after linesearch  3.226513657558616E-002
Norm of s (s_norm) =  .8711308746867354E-01
  
  
  
Time for LBFGS =  2.815351613362630 min
  
 Frequency:          12 Iteration:           2
t_global   =    492.351 s
  
 -------------- calculate Frechet derivatives -----------
 IFREQ =          12    ITERATION =           2
||Frechet||_F=  8.1490E-19max|Frechet|=  2.3000E-23
||Frechet||_F=  8.1490E-19max|Frechet|=  2.3000E-23
||Frechet||_F=  8.1490E-19max|Frechet|=  2.3000E-23
||Frechet||_F=  8.1490E-19max|Frechet|=  2.3000E-23
||Frechet||_F=  8.1490E-19max|Frechet|=  2.3000E-23
||Frechet||_F=  8.1490E-19max|Frechet|=  2.3000E-23
 
TIME for Frechet calc =  4.516588338216146 min
 
 
  compute the residual and the cost function
 WD_amp= 8.70370E+13  RESID_RMS= 2.54028E-01  FCOST_DATA= 3.22651E-02  FCOST0= 3.22651E-02
Grad block   3 GRAD_SCALED MORM =   8.3957E-03
Raw grad block  3  PAR={C13}  min= -6.2057E-13  max=  7.7368E-13  L2=  4.1416E-12
Gradient finished
Start LBFGS 
curvature (warm): s·y=  1.3072E-04  ||s||^2=  7.5887E-03  ||y||^2=  4.5065E-06  sTy_min=  1.8493E-05
LBFGS step: g·p = -1.9308E-03  ||p||=  1.7452E+00
LBFGS step: min(p)= -2.2096E-01  max(p)=  1.3644E-01
LBFGS p_k (unscaled) stats per active parameter:
  IA=  3  PAR={C13}  min=-4.95741E+08  max= 3.06109E+08  L2= 3.91547E+09
min(p_k)= -2.2096E-01  max(p_k)=  1.3644E-01  ||p_k||=  1.7452E+00
min(p_kf)= -2.2096E-01  max(p_kf)=  1.3644E-01  ||p_kf||=  6.9807E+00
p_k/p_kf  =   2.5000E-01
Start linesearch
MT entry: phi(0)=  3.2265E-02  dg0= -1.9308E-03  alpha0=  1.0000E+00
 UPDATEPARAMETER: f-scale only
UPDATEPARAMETER PAR_STEP min/max, V_STEP min/max = -8.7650513120E+09  1.2246410661E+10
 -8.7650513120E+09  1.2246410661E+10
 WD_amp= 8.70370E+13  RESID_RMS= 2.66484E-01  FCOST_DATA= 3.55068E-02  FCOST0= 3.55068E-02
  
 -------------- calculate Frechet derivatives -----------
 IFREQ =          12    ITERATION =           2
||Frechet||_F=  8.1134E-19max|Frechet|=  2.2878E-23
||Frechet||_F=  8.1134E-19max|Frechet|=  2.2878E-23
||Frechet||_F=  8.1134E-19max|Frechet|=  2.2878E-23
||Frechet||_F=  8.1134E-19max|Frechet|=  2.2878E-23
||Frechet||_F=  8.1134E-19max|Frechet|=  2.2878E-23
||Frechet||_F=  8.1134E-19max|Frechet|=  2.2878E-23
Grad block   3 GRAD_SCALED MORM =   2.0946E-02
MT try: alpha=  1.0000E+00  phi=  3.5507E-02  dg=  4.1092E-03  dg0= -1.9308E-03
MT try: armijo_rhs=  3.2265E-02  armijo=F  curvature=F  task=FG
 UPDATEPARAMETER: f-scale only
UPDATEPARAMETER PAR_STEP min/max, V_STEP min/max = -8.4046419580E+09  1.2245515888E+10
 -8.4046419580E+09  1.2245515888E+10
 WD_amp= 8.70370E+13  RESID_RMS= 2.52698E-01  FCOST_DATA= 3.19282E-02  FCOST0= 3.19282E-02
  
 -------------- calculate Frechet derivatives -----------
 IFREQ =          12    ITERATION =           2
||Frechet||_F=  8.1467E-19max|Frechet|=  2.2990E-23
||Frechet||_F=  8.1467E-19max|Frechet|=  2.2990E-23
||Frechet||_F=  8.1467E-19max|Frechet|=  2.2990E-23
||Frechet||_F=  8.1467E-19max|Frechet|=  2.2990E-23
||Frechet||_F=  8.1467E-19max|Frechet|=  2.2990E-23
||Frechet||_F=  8.1467E-19max|Frechet|=  2.2990E-23
Grad block   3 GRAD_SCALED MORM =   7.9779E-03
MT try: alpha=  1.1013E-01  phi=  3.1928E-02  dg= -1.1192E-03  dg0= -1.9308E-03
MT try: armijo_rhs=  3.2265E-02  armijo=T  curvature=T  task=FG
  
  
Convergence reached, updating parameter grid
ALPHA from line search =  .1101270598669581
 FCOST0 after linesearch  3.192822484996336E-002
Norm of s (s_norm) =  .1921908234310884
  
  
Time for LBFGS =  24.96387736002604 min
  
  
  
 Frequency:          12 Iteration:           3
t_global   =    494.944 s
  
 -------------- calculate Frechet derivatives -----------
 IFREQ =          12    ITERATION =           3
||Frechet||_F=  8.1467E-19max|Frechet|=  2.2990E-23
||Frechet||_F=  8.1467E-19max|Frechet|=  2.2990E-23
 
TIME for Frechet calc =  4.468076578776041 min
 
 
  compute the residual and the cost function
 WD_amp= 8.70370E+13  RESID_RMS= 2.52698E-01  FCOST_DATA= 3.19282E-02  FCOST0= 3.19282E-02
||Frechet||_F=  8.1467E-19max|Frechet|=  2.2990E-23
||Frechet||_F=  8.1467E-19max|Frechet|=  2.2990E-23
||Frechet||_F=  8.1467E-19max|Frechet|=  2.2990E-23
||Frechet||_F=  8.1467E-19max|Frechet|=  2.2990E-23
Grad block   3 GRAD_SCALED MORM =   7.9779E-03
Gradient finished
Start LBFGS 
curvature (warm): s·y=  8.9378E-05  ||s||^2=  3.6937E-02  ||y||^2=  3.0303E-06  sTy_min=  3.3456E-05
LBFGS step: g·p = -3.9719E-03  ||p||=  4.5294E+00
LBFGS step: min(p)= -6.2502E-01  max(p)=  3.7730E-01
LBFGS p_k (unscaled) stats per active parameter:
  IA=  3  PAR={C13}  min=-1.40229E+09  max= 8.46507E+08  L2= 1.01621E+10
min(p_k)= -6.2502E-01  max(p_k)=  3.7730E-01  ||p_k||=  4.5294E+00
min(p_kf)= -6.2502E-01  max(p_kf)=  3.7730E-01  ||p_kf||=  1.8118E+01
p_k/p_kf  =   2.5000E-01
Start linesearch
MT entry: phi(0)=  3.1928E-02  dg0= -3.9719E-03  alpha0=  1.0000E+00
 UPDATEPARAMETER: f-scale only
UPDATEPARAMETER PAR_STEP min/max, V_STEP min/max = -9.5379292519E+09  1.2253817765E+10
 -9.5379292519E+09  1.2253817765E+10
 WD_amp= 8.70370E+13  RESID_RMS= 3.02272E-01  FCOST_DATA= 4.56842E-02  FCOST0= 4.56842E-02
  
 -------------- calculate Frechet derivatives -----------
 IFREQ =          12    ITERATION =           3
||Frechet||_F=  8.1607E-19max|Frechet|=  2.2830E-23
||Frechet||_F=  8.1607E-19max|Frechet|=  2.2830E-23
||Frechet||_F=  8.1607E-19max|Frechet|=  2.2830E-23
||Frechet||_F=  8.1607E-19max|Frechet|=  2.2830E-23
||Frechet||_F=  8.1607E-19max|Frechet|=  2.2830E-23
||Frechet||_F=  8.1607E-19max|Frechet|=  2.2830E-23
Grad block   3 GRAD_SCALED MORM =   3.4430E-02
MT try: alpha=  1.0000E+00  phi=  4.5684E-02  dg=  1.3344E-02  dg0= -3.9719E-03
MT try: armijo_rhs=  3.1928E-02  armijo=F  curvature=F  task=FG
 UPDATEPARAMETER: f-scale only
UPDATEPARAMETER PAR_STEP min/max, V_STEP min/max = -8.4702733135E+09  1.2245230836E+10
 -8.4702733135E+09  1.2245230836E+10
 WD_amp= 8.70370E+13  RESID_RMS= 2.50854E-01  FCOST_DATA= 3.14638E-02  FCOST0= 3.14638E-02
  
 -------------- calculate Frechet derivatives -----------
 IFREQ =          12    ITERATION =           3
||Frechet||_F=  8.1476E-19max|Frechet|=  2.2985E-23
||Frechet||_F=  8.1476E-19max|Frechet|=  2.2985E-23
||Frechet||_F=  8.1476E-19max|Frechet|=  2.2985E-23
||Frechet||_F=  8.1476E-19max|Frechet|=  2.2985E-23
||Frechet||_F=  8.1476E-19max|Frechet|=  2.2985E-23
||Frechet||_F=  8.1476E-19max|Frechet|=  2.2985E-23
Grad block   3 GRAD_SCALED MORM =   7.6253E-03
MT try: alpha=  5.7912E-02  phi=  3.1464E-02  dg= -2.7291E-03  dg0= -3.9719E-03
MT try: armijo_rhs=  3.1928E-02  armijo=T  curvature=T  task=FG
Convergence reached, updating parameter grid
ALPHA from line search =  .5791237216899365E-01
 FCOST0 after linesearch  3.146376009744525E-002
Norm of s (s_norm) =  .2623078028786908
  
  
  
  
  
  
Convergence check at iteration    3
  Relative cost decrease  =  1.4547E-02
  Relative model update   =  0.0000E+00
  Relative grad. norm     =  3.8751E-01
Time for LBFGS =  25.02915039062500 min
  
 Frequency:          12 Iteration:           4
t_global   =    490.699 s
  
 -------------- calculate Frechet derivatives -----------
 IFREQ =          12    ITERATION =           4
||Frechet||_F=  8.1476E-19max|Frechet|=  2.2985E-23
||Frechet||_F=  8.1476E-19max|Frechet|=  2.2985E-23
 
TIME for Frechet calc =  4.564821879069011 min
 
 
  compute the residual and the cost function
 WD_amp= 8.70370E+13  RESID_RMS= 2.50854E-01  FCOST_DATA= 3.14638E-02  FCOST0= 3.14638E-02
||Frechet||_F=  8.1476E-19max|Frechet|=  2.2985E-23
||Frechet||_F=  8.1476E-19max|Frechet|=  2.2985E-23
||Frechet||_F=  8.1476E-19max|Frechet|=  2.2985E-23
||Frechet||_F=  8.1476E-19max|Frechet|=  2.2985E-23
Grad block   3 GRAD_SCALED MORM =   7.6253E-03
Gradient finished
Start LBFGS 
curvature (warm): s·y=  7.1970E-05  ||s||^2=  6.8805E-02  ||y||^2=  1.8432E-06  sTy_min=  3.5612E-05
LBFGS step: g·p = -4.8376E-03  ||p||=  6.4973E+00
LBFGS step: min(p)= -9.4481E-01  max(p)=  5.2427E-01
LBFGS p_k (unscaled) stats per active parameter:
  IA=  3  PAR={C13}  min=-2.11979E+09  max= 1.17626E+09  L2= 1.45773E+10
min(p_k)= -9.4481E-01  max(p_k)=  5.2427E-01  ||p_k||=  6.4973E+00
min(p_kf)= -9.4481E-01  max(p_kf)=  5.2427E-01  ||p_kf||=  2.5989E+01
p_k/p_kf  =   2.5000E-01
Start linesearch
MT entry: phi(0)=  3.1464E-02  dg0= -4.8376E-03  alpha0=  1.0000E+00
 UPDATEPARAMETER: f-scale only
UPDATEPARAMETER PAR_STEP min/max, V_STEP min/max = -1.0183050615E+10  1.2266323917E+10
 -1.0183050615E+10  1.2266323917E+10
 WD_amp= 8.70370E+13  RESID_RMS= 3.00319E-01  FCOST_DATA= 4.50958E-02  FCOST0= 4.50958E-02
  
 -------------- calculate Frechet derivatives -----------
 IFREQ =          12    ITERATION =           4
||Frechet||_F=  8.1326E-19max|Frechet|=  2.2880E-23
||Frechet||_F=  8.1326E-19max|Frechet|=  2.2880E-23
||Frechet||_F=  8.1326E-19max|Frechet|=  2.2880E-23
||Frechet||_F=  8.1326E-19max|Frechet|=  2.2880E-23
||Frechet||_F=  8.1326E-19max|Frechet|=  2.2880E-23
||Frechet||_F=  8.1326E-19max|Frechet|=  2.2880E-23
Grad block   3 GRAD_SCALED MORM =   2.1415E-02
MT try: alpha=  1.0000E+00  phi=  4.5096E-02  dg=  9.2291E-03  dg0= -4.8376E-03
MT try: armijo_rhs=  3.1463E-02  armijo=F  curvature=F  task=FG
 UPDATEPARAMETER: f-scale only
UPDATEPARAMETER PAR_STEP min/max, V_STEP min/max = -8.5750591409E+09  1.2244996775E+10
 -8.5750591409E+09  1.2244996775E+10
 WD_amp= 8.70370E+13  RESID_RMS= 2.49437E-01  FCOST_DATA= 3.11095E-02  FCOST0= 3.11095E-02
  
 -------------- calculate Frechet derivatives -----------
 IFREQ =          12    ITERATION =           4
||Frechet||_F=  8.1487E-19max|Frechet|=  2.2935E-23
||Frechet||_F=  8.1487E-19max|Frechet|=  2.2935E-23
||Frechet||_F=  8.1487E-19max|Frechet|=  2.2935E-23
||Frechet||_F=  8.1487E-19max|Frechet|=  2.2935E-23
||Frechet||_F=  8.1487E-19max|Frechet|=  2.2935E-23
||Frechet||_F=  8.1487E-19max|Frechet|=  2.2935E-23
Grad block   3 GRAD_SCALED MORM =   7.3770E-03
MT try: alpha=  6.1663E-02  phi=  3.1109E-02  dg= -3.9118E-03  dg0= -4.8376E-03
MT try: armijo_rhs=  3.1464E-02  armijo=T  curvature=T  task=FG
  
Convergence reached, updating parameter grid
ALPHA from line search =  .6166254185322424E-01
 FCOST0 after linesearch  3.110945500641606E-002
Norm of s (s_norm) =  .4006376214273161
  
  
  
  
Convergence check at iteration    4
  Relative cost decrease  =  1.1261E-02
  Relative model update   =  0.0000E+00
  Relative grad. norm     =  3.2718E-01
Time for LBFGS =  25.36756998697917 min
  
  
 Frequency:          12 Iteration:           5
t_global   =    494.633 s
  
 -------------- calculate Frechet derivatives -----------
 IFREQ =          12    ITERATION =           5
||Frechet||_F=  8.1487E-19max|Frechet|=  2.2935E-23
 
TIME for Frechet calc =  4.496376546223958 min
 
 
  compute the residual and the cost function
 WD_amp= 8.70370E+13  RESID_RMS= 2.49437E-01  FCOST_DATA= 3.11095E-02  FCOST0= 3.11095E-02
||Frechet||_F=  8.1487E-19max|Frechet|=  2.2935E-23
||Frechet||_F=  8.1487E-19max|Frechet|=  2.2935E-23
||Frechet||_F=  8.1487E-19max|Frechet|=  2.2935E-23
||Frechet||_F=  8.1487E-19max|Frechet|=  2.2935E-23
||Frechet||_F=  8.1487E-19max|Frechet|=  2.2935E-23
Grad block   3 GRAD_SCALED MORM =   7.3770E-03
Gradient finished
Start LBFGS 
curvature (warm): s·y=  5.7087E-05  ||s||^2=  1.6051E-01  ||y||^2=  7.0247E-07  sTy_min=  3.3579E-05
LBFGS step: g·p = -7.7144E-03  ||p||=  1.1392E+01
LBFGS step: min(p)= -1.7180E+00  max(p)=  9.7932E-01
LBFGS p_k (unscaled) stats per active parameter:
  IA=  3  PAR={C13}  min=-3.85441E+09  max= 2.19719E+09  L2= 2.55590E+10
min(p_k)= -1.7180E+00  max(p_k)=  9.7932E-01  ||p_k||=  1.1392E+01
min(p_kf)= -1.7180E+00  max(p_kf)=  9.7932E-01  ||p_kf||=  4.5568E+01
p_k/p_kf  =   2.5000E-01
Start linesearch
MT entry: phi(0)=  3.1109E-02  dg0= -7.7144E-03  alpha0=  1.0000E+00
 UPDATEPARAMETER: f-scale only
UPDATEPARAMETER PAR_STEP min/max, V_STEP min/max = -1.1981350146E+10  1.2307368163E+10
 -1.1981350146E+10  1.2307368163E+10
 WD_amp= 8.70370E+13  RESID_RMS= 4.57340E-01  FCOST_DATA= 1.04580E-01  FCOST0= 1.04580E-01
  
 -------------- calculate Frechet derivatives -----------
 IFREQ =          12    ITERATION =           5
||Frechet||_F=  8.1231E-19max|Frechet|=  2.2740E-23
||Frechet||_F=  8.1231E-19max|Frechet|=  2.2740E-23
||Frechet||_F=  8.1231E-19max|Frechet|=  2.2740E-23
||Frechet||_F=  8.1231E-19max|Frechet|=  2.2740E-23
||Frechet||_F=  8.1231E-19max|Frechet|=  2.2740E-23
||Frechet||_F=  8.1231E-19max|Frechet|=  2.2740E-23
Grad block   3 GRAD_SCALED MORM =   4.0224E-02
MT try: alpha=  1.0000E+00  phi=  1.0458E-01  dg=  4.9727E-02  dg0= -7.7144E-03
MT try: armijo_rhs=  3.1109E-02  armijo=F  curvature=F  task=FG
 UPDATEPARAMETER: f-scale only
UPDATEPARAMETER PAR_STEP min/max, V_STEP min/max = -8.6398971970E+09  1.2245429342E+10
 -8.6398971970E+09  1.2245429342E+10
 WD_amp= 8.70370E+13  RESID_RMS= 2.48629E-01  FCOST_DATA= 3.09082E-02  FCOST0= 3.09082E-02
  
 -------------- calculate Frechet derivatives -----------
 IFREQ =          12    ITERATION =           5
||Frechet||_F=  8.1493E-19max|Frechet|=  2.2891E-23
||Frechet||_F=  8.1493E-19max|Frechet|=  2.2891E-23
||Frechet||_F=  8.1493E-19max|Frechet|=  2.2891E-23
||Frechet||_F=  8.1493E-19max|Frechet|=  2.2891E-23
||Frechet||_F=  8.1493E-19max|Frechet|=  2.2891E-23
||Frechet||_F=  8.1493E-19max|Frechet|=  2.2891E-23
Grad block   3 GRAD_SCALED MORM =   7.2384E-03
MT try: alpha=  2.1101E-02  phi=  3.0908E-02  dg= -6.0865E-03  dg0= -7.7144E-03
MT try: armijo_rhs=  3.1109E-02  armijo=T  curvature=T  task=FG
  
  
  
Convergence reached, updating parameter grid
ALPHA from line search =  .2110143659859140E-01
 FCOST0 after linesearch  3.090820375087184E-002
Norm of s (s_norm) =  .2403866108205118
  
  
  
Convergence check at iteration    5
  Relative cost decrease  =  6.4691E-03
  Relative model update   =  0.0000E+00
  Relative grad. norm     =  2.7574E-01
Time for LBFGS =  25.49191894531250 min
  
 Frequency:          12 Iteration:           6
t_global   =    495.062 s
  
 -------------- calculate Frechet derivatives -----------
 IFREQ =          12    ITERATION =           6
||Frechet||_F=  8.1493E-19max|Frechet|=  2.2891E-23
||Frechet||_F=  8.1493E-19max|Frechet|=  2.2891E-23
||Frechet||_F=  8.1493E-19max|Frechet|=  2.2891E-23
||Frechet||_F=  8.1493E-19max|Frechet|=  2.2891E-23
||Frechet||_F=  8.1493E-19max|Frechet|=  2.2891E-23
 
TIME for Frechet calc =  4.472620137532552 min
 
 
  compute the residual and the cost function
 WD_amp= 8.70370E+13  RESID_RMS= 2.48629E-01  FCOST_DATA= 3.09082E-02  FCOST0= 3.09082E-02
||Frechet||_F=  8.1493E-19max|Frechet|=  2.2891E-23
Grad block   3 GRAD_SCALED MORM =   7.2384E-03
Gradient finished
Start LBFGS 
curvature (warm): s·y=  3.4350E-05  ||s||^2=  5.7786E-02  ||y||^2=  4.9088E-07  sTy_min=  1.6842E-05
LBFGS step: g·p = -3.2987E-03  ||p||=  5.6701E+00
LBFGS step: min(p)= -9.0913E-01  max(p)=  3.8949E-01
LBFGS p_k (unscaled) stats per active parameter:
  IA=  3  PAR={C13}  min=-2.03972E+09  max= 8.73869E+08  L2= 1.27214E+10
min(p_k)= -9.0913E-01  max(p_k)=  3.8949E-01  ||p_k||=  5.6701E+00
min(p_kf)= -9.0913E-01  max(p_kf)=  3.8949E-01  ||p_kf||=  2.2680E+01
p_k/p_kf  =   2.5000E-01
Start linesearch
MT entry: phi(0)=  3.0908E-02  dg0= -3.2987E-03  alpha0=  1.0000E+00
 UPDATEPARAMETER: f-scale only
UPDATEPARAMETER PAR_STEP min/max, V_STEP min/max = -1.0278945549E+10  1.2270330429E+10
 -1.0278945549E+10  1.2270330429E+10
 WD_amp= 8.70370E+13  RESID_RMS= 2.81957E-01  FCOST_DATA= 3.97500E-02  FCOST0= 3.97500E-02
  
 -------------- calculate Frechet derivatives -----------
 IFREQ =          12    ITERATION =           6
||Frechet||_F=  8.1378E-19max|Frechet|=  2.2929E-23
||Frechet||_F=  8.1378E-19max|Frechet|=  2.2929E-23
||Frechet||_F=  8.1378E-19max|Frechet|=  2.2929E-23
||Frechet||_F=  8.1378E-19max|Frechet|=  2.2929E-23
||Frechet||_F=  8.1378E-19max|Frechet|=  2.2929E-23
||Frechet||_F=  8.1378E-19max|Frechet|=  2.2929E-23
Grad block   3 GRAD_SCALED MORM =   2.4030E-02
MT try: alpha=  1.0000E+00  phi=  3.9750E-02  dg=  5.8231E-03  dg0= -3.2987E-03
MT try: armijo_rhs=  3.0908E-02  armijo=F  curvature=F  task=FG
 UPDATEPARAMETER: f-scale only
UPDATEPARAMETER PAR_STEP min/max, V_STEP min/max = -8.7417520666E+09  1.2246076746E+10
 -8.7417520666E+09  1.2246076746E+10
 WD_amp= 8.70370E+13  RESID_RMS= 2.47965E-01  FCOST_DATA= 3.07433E-02  FCOST0= 3.07433E-02
  
 -------------- calculate Frechet derivatives -----------
 IFREQ =          12    ITERATION =           6
||Frechet||_F=  8.1492E-19max|Frechet|=  2.2801E-23
||Frechet||_F=  8.1492E-19max|Frechet|=  2.2801E-23
||Frechet||_F=  8.1492E-19max|Frechet|=  2.2801E-23
||Frechet||_F=  8.1492E-19max|Frechet|=  2.2801E-23
||Frechet||_F=  8.1492E-19max|Frechet|=  2.2801E-23
||Frechet||_F=  8.1492E-19max|Frechet|=  2.2801E-23
Grad block   3 GRAD_SCALED MORM =   7.1113E-03
MT try: alpha=  6.3808E-02  phi=  3.0743E-02  dg= -2.6276E-03  dg0= -3.2987E-03
MT try: armijo_rhs=  3.0908E-02  armijo=T  curvature=T  task=FG
  
  
  
  
Convergence reached, updating parameter grid
ALPHA from line search =  .6380773525739364E-01
 FCOST0 after linesearch  3.074325996820962E-002
Norm of s (s_norm) =  .3617944630828853
  
  
Convergence check at iteration    6
  Relative cost decrease  =  5.3366E-03
  Relative model update   =  0.0000E+00
  Relative grad. norm     =  2.3733E-01
Time for LBFGS =  25.36749471028646 min
  
 Frequency:          12 Iteration:           7
t_global   =    493.576 s
  
 -------------- calculate Frechet derivatives -----------
 IFREQ =          12    ITERATION =           7
||Frechet||_F=  8.1492E-19max|Frechet|=  2.2801E-23
||Frechet||_F=  8.1492E-19max|Frechet|=  2.2801E-23
||Frechet||_F=  8.1492E-19max|Frechet|=  2.2801E-23
||Frechet||_F=  8.1492E-19max|Frechet|=  2.2801E-23
||Frechet||_F=  8.1492E-19max|Frechet|=  2.2801E-23
 
TIME for Frechet calc =  4.409180196126302 min
 
 
  compute the residual and the cost function
 WD_amp= 8.70370E+13  RESID_RMS= 2.47965E-01  FCOST_DATA= 3.07433E-02  FCOST0= 3.07433E-02
||Frechet||_F=  8.1492E-19max|Frechet|=  2.2801E-23
Grad block   3 GRAD_SCALED MORM =   7.1113E-03
Gradient finished
Start LBFGS 
curvature (full): s·y=  4.2819E-05  ||s||^2=  1.3090E-01  ||y||^2=  1.2170E-06  sTy_min=  3.9912E-05
 
LBFGS step(full): g·p = -7.5142E-03  ||p||=  1.4698E+01
LBFGS step(full): min(p)= -2.3737E+00  max(p)=  1.0786E+00
LBFGS p_k (unscaled) stats per active parameter:
  IA=  3  PAR={C13}  min=-5.32559E+09  max= 2.41996E+09  L2= 3.29753E+10
min(p_k)= -2.3737E+00  max(p_k)=  1.0786E+00  ||p_k||=  1.4698E+01
min(p_kf)= -2.3737E+00  max(p_kf)=  1.0786E+00  ||p_kf||=  5.8790E+01
p_k/p_kf  =   2.5000E-01
Start linesearch
MT entry: phi(0)=  3.0743E-02  dg0= -7.5142E-03  alpha0=  1.0000E+00
 UPDATEPARAMETER: f-scale only
UPDATEPARAMETER PAR_STEP min/max, V_STEP min/max = -1.3598761565E+10  1.2349482074E+10
 -1.3598761565E+10  1.2349482074E+10
 WD_amp= 8.70370E+13  RESID_RMS= 4.04273E-01  FCOST_DATA= 8.17182E-02  FCOST0= 8.17182E-02
  
 -------------- calculate Frechet derivatives -----------
 IFREQ =          12    ITERATION =           7
||Frechet||_F=  8.0483E-19max|Frechet|=  2.2855E-23
||Frechet||_F=  8.0483E-19max|Frechet|=  2.2855E-23
||Frechet||_F=  8.0483E-19max|Frechet|=  2.2855E-23
||Frechet||_F=  8.0483E-19max|Frechet|=  2.2855E-23
||Frechet||_F=  8.0483E-19max|Frechet|=  2.2855E-23
||Frechet||_F=  8.0483E-19max|Frechet|=  2.2855E-23
Grad block   3 GRAD_SCALED MORM =   4.0266E-02
MT try: alpha=  1.0000E+00  phi=  8.1718E-02  dg=  2.9936E-02  dg0= -7.5142E-03
MT try: armijo_rhs=  3.0743E-02  armijo=F  curvature=F  task=FG
 UPDATEPARAMETER: f-scale only
UPDATEPARAMETER PAR_STEP min/max, V_STEP min/max = -8.8587997342E+09  1.2246823801E+10
 -8.8587997342E+09  1.2246823801E+10
 WD_amp= 8.70370E+13  RESID_RMS= 2.47333E-01  FCOST_DATA= 3.05867E-02  FCOST0= 3.05867E-02
  
 -------------- calculate Frechet derivatives -----------
 IFREQ =          12    ITERATION =           7
||Frechet||_F=  8.1473E-19max|Frechet|=  2.2763E-23
||Frechet||_F=  8.1473E-19max|Frechet|=  2.2763E-23
||Frechet||_F=  8.1473E-19max|Frechet|=  2.2763E-23
||Frechet||_F=  8.1473E-19max|Frechet|=  2.2763E-23
||Frechet||_F=  8.1473E-19max|Frechet|=  2.2763E-23
||Frechet||_F=  8.1473E-19max|Frechet|=  2.2763E-23
Grad block   3 GRAD_SCALED MORM =   7.0754E-03
MT try: alpha=  2.7895E-02  phi=  3.0587E-02  dg= -6.1406E-03  dg0= -7.5142E-03
MT try: armijo_rhs=  3.0743E-02  armijo=T  curvature=T  task=FG
  
  
  
  
  
Convergence reached, updating parameter grid
ALPHA from line search =  .2789459097355766E-01
 FCOST0 after linesearch  3.058670755400246E-002
Norm of s (s_norm) =  .4099814804555829
  
Convergence check at iteration    7
  Relative cost decrease  =  5.0923E-03
  Relative model update   =  0.0000E+00
  Relative grad. norm     =  2.9657E-01
Time for LBFGS =  23.85444946289062 min
 --------- Frequency   8.85000000000000       (band            1 )
[ComputeAcqWeight] empty acq_weight_file, using uniform weights = 1.0
Data weighting computed for frequency 4607182418800017373
Data weighting computed for frequency 4607182418800017373
Data weighting computed for frequency 4607182418800017373
Data weighting computed for frequency 4607182418800017373
XSRmin, XSRmax, ZSRmin, ZSRMax -1960.000000000000 .000000000000000 2050.000000000000 4030.000000000000
1 FKYC
1.2 FKYC
Data weighting computed for frequency 4607182418800017373
my_rank, FKYC,WLMAX, RMAX 0 .7252981300244260E-01 578.8450615641549 2786.036611389018
1.1 NK
NK in cky2= 99

  Number of wavenumber samples (NK) for FREQ =   99
Data weighting computed for frequency 4607182418800017373
  RMAX = 2786.04
--- Pre-solver preview (memory + RHS workload) ---
   GQG dims: NNX=       585  NNZ=       317  NPT=    185445
   DOF:     N=3*NPT =    556335
   Sources: NSR=       100  NSS=        20  NK=        99
   RHS total (per IK): nrhs_tot=3*NSS =        60
   Batch:    MAX_RHS_BATCH=        32  nbatches=         2
   GFMY  (GFX+GFY+GFZ):         24.621 GB
   RHS_MY(rhs+sol buffers):      0.531 GB
 
 running run_ik_loop_pardiso
before CA | VmRSS=  26.437 GB  VmHWM= 122.453 GB
after CA | VmRSS=  27.634 GB  VmHWM= 122.453 GB
after factor | VmRSS=  31.403 GB  VmHWM= 122.453 GB
f=     8.850 Hz | ky=  0.732624E-03 | IK=       1/      99 | t=   17.123000 s | CA=  2.5176 | fact= 12.7190 | GF=  1.8862 | solve=  1.7339 | scatter=  0.0504
f=     8.850 Hz | ky=  0.146525E-02 | IK=       2/      99 | t=    6.831600 s | CA=  2.5719 | fact=  2.4657 | GF=  1.7939 | solve=  1.6690 | scatter=  0.0531
f=     8.850 Hz | ky=  0.219787E-02 | IK=       3/      99 | t=    6.863800 s | CA=  2.5694 | fact=  2.5057 | GF=  1.7887 | solve=  1.6643 | scatter=  0.0521
f=     8.850 Hz | ky=  0.293050E-02 | IK=       4/      99 | t=    6.836500 s | CA=  2.5302 | fact=  2.5162 | GF=  1.7900 | solve=  1.6651 | scatter=  0.0525
f=     8.850 Hz | ky=  0.366312E-02 | IK=       5/      99 | t=    6.838200 s | CA=  2.5659 | fact=  2.4928 | GF=  1.7793 | solve=  1.6568 | scatter=  0.0507
f=     8.850 Hz | ky=  0.439575E-02 | IK=       6/      99 | t=    6.852600 s | CA=  2.5853 | fact=  2.5038 | GF=  1.7634 | solve=  1.6380 | scatter=  0.0534
f=     8.850 Hz | ky=  0.512837E-02 | IK=       7/      99 | t=    6.811900 s | CA=  2.6045 | fact=  2.4836 | GF=  1.7237 | solve=  1.5988 | scatter=  0.0530
f=     8.850 Hz | ky=  0.586099E-02 | IK=       8/      99 | t=    6.817400 s | CA=  2.5774 | fact=  2.5115 | GF=  1.7285 | solve=  1.6030 | scatter=  0.0535
f=     8.850 Hz | ky=  0.659362E-02 | IK=       9/      99 | t=    6.763900 s | CA=  2.5240 | fact=  2.5240 | GF=  1.7158 | solve=  1.5925 | scatter=  0.0510
f=     8.850 Hz | ky=  0.732624E-02 | IK=      10/      99 | t=    6.779900 s | CA=  2.5591 | fact=  2.4973 | GF=  1.7235 | solve=  1.5982 | scatter=  0.0534
f=     8.850 Hz | ky=  0.805887E-02 | IK=      11/      99 | t=    6.834600 s | CA=  2.6061 | fact=  2.5087 | GF=  1.7197 | solve=  1.5955 | scatter=  0.0523
f=     8.850 Hz | ky=  0.879149E-02 | IK=      12/      99 | t=    6.855100 s | CA=  2.6289 | fact=  2.5032 | GF=  1.7229 | solve=  1.5976 | scatter=  0.0533
f=     8.850 Hz | ky=  0.952412E-02 | IK=      13/      99 | t=    6.762600 s | CA=  2.5234 | fact=  2.5139 | GF=  1.7253 | solve=  1.6005 | scatter=  0.0529
f=     8.850 Hz | ky=  0.102567E-01 | IK=      14/      99 | t=    6.806400 s | CA=  2.5801 | fact=  2.5036 | GF=  1.7227 | solve=  1.5975 | scatter=  0.0532
f=     8.850 Hz | ky=  0.109894E-01 | IK=      15/      99 | t=    6.763600 s | CA=  2.5349 | fact=  2.5041 | GF=  1.7245 | solve=  1.6017 | scatter=  0.0510
f=     8.850 Hz | ky=  0.117220E-01 | IK=      16/      99 | t=    6.766300 s | CA=  2.5393 | fact=  2.5056 | GF=  1.7214 | solve=  1.5988 | scatter=  0.0506
f=     8.850 Hz | ky=  0.124546E-01 | IK=      17/      99 | t=    6.807300 s | CA=  2.5732 | fact=  2.5072 | GF=  1.7269 | solve=  1.6013 | scatter=  0.0537
PARDISO mem (f=  8.85 Hz): sym=  1.95 GB  perm=  1.42 GB  num=  3.22 GB  
peak=  4.64 GB
t_global   =    181.670 s
TIME for 1st forward modeling =  3.027685038248698  min
TIME for GT0 =  .1067333320776622E-01  min
Data scaler W for L2 norm: 91309916411743.56
Data scaler W for WQS norm: .3395193265742062E-312
Total number of active inversion parameters for current sequential stage (IM):          1
Total model blocks points (NM = IM * NBLOCK):      11534 on grid (NMM = IM * NPT):    185445
 Gradient balance ():   1.00000000000000        1.00000000000000     
   1.00000000000000        1.00000000000000        1.00000000000000     
   1.00000000000000        1.00000000000000        1.00000000000000     
   1.00000000000000        1.00000000000000        1.00000000000000     
 IE0, IZ          30           0
 IE0, IZ, GZ1, GZ2 =           30           0   100.000000000000     
   300.000000000000     
  
 Frequency:          13 Iteration:           1
--- Pre-solver preview (memory + RHS workload) ---
   GQG dims: NNX=       585  NNZ=       317  NPT=    185445
   DOF:     N=3*NPT =    556335
   Sources: NSR=       100  NSS=       100  NK=        99
   RHS total (per IK): nrhs_tot=3*NSS =       300
   Batch:    MAX_RHS_BATCH=        32  nbatches=        10
   GFMY  (GFX+GFY+GFZ):        123.107 GB
   RHS_MY(rhs+sol buffers):      0.531 GB
 
 running run_ik_loop_pardiso
before CA | VmRSS= 125.754 GB  VmHWM= 125.754 GB
after CA | VmRSS= 126.421 GB  VmHWM= 130.687 GB
after factor | VmRSS= 130.192 GB  VmHWM= 130.687 GB
f=     8.850 Hz | ky=  0.732624E-03 | IK=       1/      99 | t=   24.098800 s | CA=  2.5739 | fact= 12.7117 | GF=  8.8130 | solve=  8.1615 | scatter=  0.2500
f=     8.850 Hz | ky=  0.146525E-02 | IK=       2/      99 | t=   13.745400 s | CA=  2.5345 | fact=  2.5051 | GF=  8.7058 | solve=  8.0820 | scatter=  0.2520
f=     8.850 Hz | ky=  0.219787E-02 | IK=       3/      99 | t=   13.883600 s | CA=  2.6347 | fact=  2.5046 | GF=  8.7443 | solve=  8.1055 | scatter=  0.2689
f=     8.850 Hz | ky=  0.293050E-02 | IK=       4/      99 | t=   13.798900 s | CA=  2.5289 | fact=  2.5101 | GF=  8.7598 | solve=  8.1301 | scatter=  0.2598
f=     8.850 Hz | ky=  0.366312E-02 | IK=       5/      99 | t=   13.755700 s | CA=  2.5819 | fact=  2.4597 | GF=  8.7141 | solve=  8.0904 | scatter=  0.2533
f=     8.850 Hz | ky=  0.439575E-02 | IK=       6/      99 | t=   13.759000 s | CA=  2.5467 | fact=  2.4998 | GF=  8.7125 | solve=  8.0901 | scatter=  0.2513
f=     8.850 Hz | ky=  0.512837E-02 | IK=       7/      99 | t=   13.787200 s | CA=  2.5616 | fact=  2.4993 | GF=  8.7263 | solve=  8.1045 | scatter=  0.2514
f=     8.850 Hz | ky=  0.586099E-02 | IK=       8/      99 | t=   13.722000 s | CA=  2.5271 | fact=  2.4769 | GF=  8.7180 | solve=  8.0939 | scatter=  0.2537
f=     8.850 Hz | ky=  0.659362E-02 | IK=       9/      99 | t=   13.806800 s | CA=  2.5701 | fact=  2.5015 | GF=  8.7351 | solve=  8.1121 | scatter=  0.2523
f=     8.850 Hz | ky=  0.732624E-02 | IK=      10/      99 | t=   13.828100 s | CA=  2.6211 | fact=  2.4964 | GF=  8.7106 | solve=  8.0897 | scatter=  0.2506
f=     8.850 Hz | ky=  0.805887E-02 | IK=      11/      99 | t=   13.802200 s | CA=  2.5681 | fact=  2.5154 | GF=  8.7186 | solve=  8.0974 | scatter=  0.2507
f=     8.850 Hz | ky=  0.879149E-02 | IK=      12/      99 | t=   13.856000 s | CA=  2.6289 | fact=  2.5084 | GF=  8.7187 | solve=  8.0953 | scatter=  0.2526
f=     8.850 Hz | ky=  0.952412E-02 | IK=      13/      99 | t=   13.832600 s | CA=  2.6061 | fact=  2.4852 | GF=  8.7412 | solve=  8.1083 | scatter=  0.2621
f=     8.850 Hz | ky=  0.102567E-01 | IK=      14/      99 | t=   13.771700 s | CA=  2.5756 | fact=  2.4509 | GF=  8.7452 | solve=  8.1137 | scatter=  0.2615
f=     8.850 Hz | ky=  0.109894E-01 | IK=      15/      99 | t=   13.746200 s | CA=  2.5287 | fact=  2.5040 | GF=  8.7135 | solve=  8.0912 | scatter=  0.2516
f=     8.850 Hz | ky=  0.117220E-01 | IK=      16/      99 | t=   13.831200 s | CA=  2.6072 | fact=  2.5141 | GF=  8.7099 | solve=  8.0858 | scatter=  0.2536
f=     8.850 Hz | ky=  0.124546E-01 | IK=      17/      99 | t=   13.834000 s | CA=  2.6340 | fact=  2.4751 | GF=  8.7249 | solve=  8.1012 | scatter=  0.2520
PARDISO mem (f=  8.85 Hz): sym=  1.95 GB  perm=  1.42 GB  num=  3.22 GB  
peak=  4.64 GB
t_global   =    521.351 s
TIME for 2d forward modeling_i calc =  8.688197835286458 min
Rank    4 -> ID range:   3201 to   4000 | Tasks:    800
Rank    5 -> ID range:   4001 to   4800 | Tasks:    800
Rank    3 -> ID range:   2401 to   3200 | Tasks:    800
Rank    2 -> ID range:   1601 to   2400 | Tasks:    800
Rank    1 -> ID range:    801 to   1600 | Tasks:    800
  
 -------------- calculate Frechet derivatives -----------
 IFREQ =          13    ITERATION =           1
Frechet memory size Frec_my:      0.825 (Gb)
Rank    0 -> ID range:      1 to    800 | Tasks:    800
FREQ:      8.8 Hz, ITER=       1  Frechet Derivative ID=     100/    4800 Finished   0.347400 s
FREQ:      8.8 Hz, ITER=       1  Frechet Derivative ID=     200/    4800 Finished   0.342400 s
FREQ:      8.8 Hz, ITER=       1  Frechet Derivative ID=     300/    4800 Finished   0.347500 s
FREQ:      8.8 Hz, ITER=       1  Frechet Derivative ID=     400/    4800 Finished   0.321400 s
FREQ:      8.8 Hz, ITER=       1  Frechet Derivative ID=     500/    4800 Finished   0.367300 s
FREQ:      8.8 Hz, ITER=       1  Frechet Derivative ID=     600/    4800 Finished   0.349000 s
FREQ:      8.8 Hz, ITER=       1  Frechet Derivative ID=     700/    4800 Finished   0.348100 s
FREQ:      8.8 Hz, ITER=       1  Frechet Derivative ID=     800/    4800 Finished   0.347300 s
||Frechet||_F=  7.7805E-19max|Frechet|=  2.4654E-23
||Frechet||_F=  7.7805E-19max|Frechet|=  2.4654E-23
 
TIME for Frechet calc =  5.080638122558594 min
 
||Frechet||_F=  7.7805E-19max|Frechet|=  2.4654E-23
m_fine: min= -8.8588E+09  max=  1.2247E+10  mean=  8.0740E+09  ||.||2=  3.9388E+12  size=  185445
m_coarse_prev: min= -5.9218E+09  max=  1.2182E+10  mean=  8.0773E+09  ||.||2=  9.8212E+11  size=   11534
 
  compute the residual and the cost function
 WD_amp= 9.13099E+13  RESID_RMS= 2.59340E-01  FCOST_DATA= 3.36286E-02  FCOST0= 3.36286E-02
||Frechet||_F=  7.7805E-19max|Frechet|=  2.4654E-23
||Frechet||_F=  7.7805E-19max|Frechet|=  2.4654E-23
||Frechet||_F=  7.7805E-19max|Frechet|=  2.4654E-23
IA=  3  H(single F0) min= 0.00000E+00  max= 9.25616E-02
IA=  3  H(F0^2)     min= 0.00000E+00  max= 9.25616E-02
HESSD: ia=   3  min= 0.00000E+00  max= 2.16072E+03
IA=  3  H(single F0) min= 0.00000E+00  max= 9.25616E-02
IA=  3  H(F0^2)     min= 0.00000E+00  max= 9.25616E-02
HESSD: ia=   3  min= 0.00000E+00  max= 2.16072E+03
IA=  3  H(single F0) min= 0.00000E+00  max= 9.25616E-02
IA=  3  H(F0^2)     min= 0.00000E+00  max= 9.25616E-02
HESSD: ia=   3  min= 0.00000E+00  max= 2.16072E+03
IA=  3  H(single F0) min= 0.00000E+00  max= 9.25616E-02
IA=  3  H(F0^2)     min= 0.00000E+00  max= 9.25616E-02
IA=  3  H(single F0) min= 0.00000E+00  max= 9.25616E-02
IA=  3  H(F0^2)     min= 0.00000E+00  max= 9.25616E-02
HESSD: ia=   3  min= 0.00000E+00  max= 2.16072E+03
HESSD: ia=   3  min= 0.00000E+00  max= 2.16072E+03
IA=  3  H(single F0) min= 0.00000E+00  max= 9.25616E-02
IA=  3  H(F0^2)     min= 0.00000E+00  max= 9.25616E-02
HESSD: ia=   3  min= 0.00000E+00  max= 2.16072E+03
Grad block   3 GRAD_SCALED MORM =   9.4348E-03
Raw grad block  3  PAR={C13}  min= -7.3783E-13  max=  6.7260E-13  L2=  4.5351E-12
Gradient finished
Start LBFGS 
LBFGS steepest step , iter=      1
  g·p = -9.2929E-03  ||p|| =  2.7686E+00
  min(p)= -1.5686E-01  max(p)=  2.7722E-01
LBFGS p_k (unscaled) stats per active parameter:
  IA=  3  PAR={C13}  min=-3.51927E+08  max= 6.21968E+08  L2= 6.21154E+09
min(p_k)= -1.5686E-01  max(p_k)=  2.7722E-01  ||p_k||=  2.7686E+00
min(p_kf)= -1.5686E-01  max(p_kf)=  2.7722E-01  ||p_kf||=  1.1074E+01
p_k/p_kf  =   2.5000E-01
Start linesearch
BT entry: phi(0)=  3.3629E-02  g·p(0)= -9.2929E-03
 UPDATEPARAMETER: f-scale only
UPDATEPARAMETER PAR_STEP min/max, V_STEP min/max = -8.8745814274E+09  1.2245555189E+10
 -8.8745814274E+09  1.2245555189E+10
REL STEP elastic: k=  3 row=  3 rmax_k=  1.2414E+01 row_scale=  1.2247E+10
BT cap probe: rmax1=  1.2414E+01  alpha_cap=  4.0277E-02  alpha00=  1.0000E+00
 UPDATEPARAMETER: f-scale only
UPDATEPARAMETER PAR_STEP min/max, V_STEP min/max = -8.8594353805E+09  1.2246772704E+10
 -8.8594353805E+09  1.2246772704E+10
 running run_ik_loop_pardiso
before CA | VmRSS=  27.258 GB  VmHWM= 135.957 GB
after CA | VmRSS=  27.911 GB  VmHWM= 135.957 GB
after factor | VmRSS=  31.681 GB  VmHWM= 135.957 GB
f=     8.850 Hz | ky=  0.732624E-03 | IK=       1/      99 | t=   17.158500 s | CA=  2.5333 | fact= 12.7299 | GF=  1.8951 | solve=  1.7419 | scatter=  0.0513
f=     8.850 Hz | ky=  0.146525E-02 | IK=       2/      99 | t=    6.853600 s | CA=  2.5802 | fact=  2.4882 | GF=  1.7852 | solve=  1.6636 | scatter=  0.0496
f=     8.850 Hz | ky=  0.219787E-02 | IK=       3/      99 | t=    6.820700 s | CA=  2.5433 | fact=  2.4880 | GF=  1.7894 | solve=  1.6676 | scatter=  0.0500
f=     8.850 Hz | ky=  0.293050E-02 | IK=       4/      99 | t=    6.935300 s | CA=  2.6408 | fact=  2.5047 | GF=  1.7898 | solve=  1.6677 | scatter=  0.0502
f=     8.850 Hz | ky=  0.366312E-02 | IK=       5/      99 | t=    6.781100 s | CA=  2.5200 | fact=  2.4771 | GF=  1.7839 | solve=  1.6617 | scatter=  0.0503
f=     8.850 Hz | ky=  0.439575E-02 | IK=       6/      99 | t=    6.905100 s | CA=  2.6201 | fact=  2.5051 | GF=  1.7798 | solve=  1.6584 | scatter=  0.0488
f=     8.850 Hz | ky=  0.512837E-02 | IK=       7/      99 | t=    6.897600 s | CA=  2.6076 | fact=  2.5030 | GF=  1.7869 | solve=  1.6641 | scatter=  0.0508
f=     8.850 Hz | ky=  0.586099E-02 | IK=       8/      99 | t=    6.856300 s | CA=  2.5705 | fact=  2.5016 | GF=  1.7842 | solve=  1.6622 | scatter=  0.0501
f=     8.850 Hz | ky=  0.659362E-02 | IK=       9/      99 | t=    6.869000 s | CA=  2.5716 | fact=  2.5148 | GF=  1.7825 | solve=  1.6584 | scatter=  0.0523
f=     8.850 Hz | ky=  0.732624E-02 | IK=      10/      99 | t=    6.922800 s | CA=  2.6281 | fact=  2.5074 | GF=  1.7873 | solve=  1.6650 | scatter=  0.0504
f=     8.850 Hz | ky=  0.805887E-02 | IK=      11/      99 | t=    6.879200 s | CA=  2.5813 | fact=  2.5098 | GF=  1.7881 | solve=  1.6656 | scatter=  0.0505
f=     8.850 Hz | ky=  0.879149E-02 | IK=      12/      99 | t=    6.784700 s | CA=  2.5474 | fact=  2.5063 | GF=  1.7309 | solve=  1.6056 | scatter=  0.0534
f=     8.850 Hz | ky=  0.952412E-02 | IK=      13/      99 | t=    6.795800 s | CA=  2.5810 | fact=  2.4914 | GF=  1.7234 | solve=  1.6006 | scatter=  0.0506
f=     8.850 Hz | ky=  0.102567E-01 | IK=      14/      99 | t=    6.812900 s | CA=  2.5820 | fact=  2.5072 | GF=  1.7236 | solve=  1.5989 | scatter=  0.0527
f=     8.850 Hz | ky=  0.109894E-01 | IK=      15/      99 | t=    6.835600 s | CA=  2.6004 | fact=  2.5128 | GF=  1.7224 | solve=  1.5974 | scatter=  0.0531
f=     8.850 Hz | ky=  0.117220E-01 | IK=      16/      99 | t=    6.805800 s | CA=  2.5909 | fact=  2.4957 | GF=  1.7192 | solve=  1.5965 | scatter=  0.0507
f=     8.850 Hz | ky=  0.124546E-01 | IK=      17/      99 | t=    6.788300 s | CA=  2.5797 | fact=  2.4871 | GF=  1.7215 | solve=  1.5976 | scatter=  0.0520
PARDISO mem (f=  8.85 Hz): sym=  1.95 GB  perm=  1.42 GB  num=  3.22 GB  
peak=  4.64 GB
 WD_amp= 9.13099E+13  RESID_RMS= 2.57280E-01  FCOST_DATA= 3.30965E-02  FCOST0= 3.30965E-02
BT: alpha=  4.0277E-02  phi=  3.3096E-02  rhs=  3.3629E-02
  
  
  
  
  
Convergence reached, updating parameter grid
ALPHA from line search =  .4027744806953328E-01
 FCOST0 after linesearch  3.309645947330542E-002
Norm of s (s_norm) =  .1115107684297287
  
Time for LBFGS =  3.048048400878906 min
  
 Frequency:          13 Iteration:           2
t_global   =    519.278 s
  
 -------------- calculate Frechet derivatives -----------
 IFREQ =          13    ITERATION =           2
||Frechet||_F=  7.7822E-19max|Frechet|=  2.4684E-23
||Frechet||_F=  7.7822E-19max|Frechet|=  2.4684E-23
 
TIME for Frechet calc =  5.335496520996093 min
 
 
  compute the residual and the cost function
 WD_amp= 9.13099E+13  RESID_RMS= 2.57280E-01  FCOST_DATA= 3.30965E-02  FCOST0= 3.30965E-02
||Frechet||_F=  7.7822E-19max|Frechet|=  2.4684E-23
||Frechet||_F=  7.7822E-19max|Frechet|=  2.4684E-23
||Frechet||_F=  7.7822E-19max|Frechet|=  2.4684E-23
||Frechet||_F=  7.7822E-19max|Frechet|=  2.4684E-23
Grad block   3 GRAD_SCALED MORM =   8.2879E-03
Raw grad block  3  PAR={C13}  min= -5.9012E-13  max=  5.6283E-13  L2=  3.9970E-12
Gradient finished
Start LBFGS 
curvature (warm): s·y=  1.7572E-04  ||s||^2=  1.2435E-02  ||y||^2=  6.5486E-06  sTy_min=  2.8536E-05
LBFGS step: g·p = -4.4629E-03  ||p||=  2.7992E+00
LBFGS step: min(p)= -1.7162E-01  max(p)=  2.1705E-01
LBFGS p_k (unscaled) stats per active parameter:
  IA=  3  PAR={C13}  min=-3.85057E+08  max= 4.86984E+08  L2= 6.28028E+09
min(p_k)= -1.7162E-01  max(p_k)=  2.1705E-01  ||p_k||=  2.7992E+00
min(p_kf)= -1.7162E-01  max(p_kf)=  2.1705E-01  ||p_kf||=  1.1197E+01
p_k/p_kf  =   2.5000E-01
Start linesearch
MT entry: phi(0)=  3.3096E-02  dg0= -4.4629E-03  alpha0=  1.0000E+00
 UPDATEPARAMETER: f-scale only
UPDATEPARAMETER PAR_STEP min/max, V_STEP min/max = -8.8575739283E+09  1.2244675160E+10
 -8.8575739283E+09  1.2244675160E+10
 WD_amp= 9.13099E+13  RESID_RMS= 2.88774E-01  FCOST_DATA= 4.16953E-02  FCOST0= 4.16953E-02
  
 -------------- calculate Frechet derivatives -----------
 IFREQ =          13    ITERATION =           2
||Frechet||_F=  7.7423E-19max|Frechet|=  2.4720E-23
||Frechet||_F=  7.7423E-19max|Frechet|=  2.4720E-23
||Frechet||_F=  7.7423E-19max|Frechet|=  2.4720E-23
||Frechet||_F=  7.7423E-19max|Frechet|=  2.4720E-23
||Frechet||_F=  7.7423E-19max|Frechet|=  2.4720E-23
||Frechet||_F=  7.7423E-19max|Frechet|=  2.4720E-23
Grad block   3 GRAD_SCALED MORM =   2.3361E-02
MT try: alpha=  1.0000E+00  phi=  4.1695E-02  dg=  9.0194E-03  dg0= -4.4629E-03
MT try: armijo_rhs=  3.3096E-02  armijo=F  curvature=F  task=FG
 UPDATEPARAMETER: f-scale only
UPDATEPARAMETER PAR_STEP min/max, V_STEP min/max = -8.8592618394E+09  1.2246577152E+10
 -8.8592618394E+09  1.2246577152E+10
 WD_amp= 9.13099E+13  RESID_RMS= 2.54757E-01  FCOST_DATA= 3.24506E-02  FCOST0= 3.24506E-02
  
 -------------- calculate Frechet derivatives -----------
 IFREQ =          13    ITERATION =           2
||Frechet||_F=  7.7809E-19max|Frechet|=  2.4690E-23
||Frechet||_F=  7.7809E-19max|Frechet|=  2.4690E-23
||Frechet||_F=  7.7809E-19max|Frechet|=  2.4690E-23
||Frechet||_F=  7.7809E-19max|Frechet|=  2.4690E-23
||Frechet||_F=  7.7809E-19max|Frechet|=  2.4690E-23
||Frechet||_F=  7.7809E-19max|Frechet|=  2.4690E-23
Grad block   3 GRAD_SCALED MORM =   7.8212E-03
MT try: alpha=  9.3229E-02  phi=  3.2451E-02  dg= -2.6984E-03  dg0= -4.4629E-03
MT try: armijo_rhs=  3.3096E-02  armijo=T  curvature=T  task=FG
  
  
  
  
Convergence reached, updating parameter grid
ALPHA from line search =  .9322889216274649E-01
 FCOST0 after linesearch  3.245058372951819E-002
Norm of s (s_norm) =  .2609660657102027
  
  
Time for LBFGS =  27.58258463541667 min
  
 Frequency:          13 Iteration:           3
t_global   =    520.466 s
  
 -------------- calculate Frechet derivatives -----------
 IFREQ =          13    ITERATION =           3
||Frechet||_F=  7.7809E-19max|Frechet|=  2.4690E-23
||Frechet||_F=  7.7809E-19max|Frechet|=  2.4690E-23
||Frechet||_F=  7.7809E-19max|Frechet|=  2.4690E-23
 
TIME for Frechet calc =  5.062913513183593 min
 
 
  compute the residual and the cost function
||Frechet||_F=  7.7809E-19max|Frechet|=  2.4690E-23
 WD_amp= 9.13099E+13  RESID_RMS= 2.54757E-01  FCOST_DATA= 3.24506E-02  FCOST0= 3.24506E-02
||Frechet||_F=  7.7809E-19max|Frechet|=  2.4690E-23
||Frechet||_F=  7.7809E-19max|Frechet|=  2.4690E-23
Grad block   3 GRAD_SCALED MORM =   7.8212E-03
Gradient finished
Start LBFGS 
curvature (warm): s·y=  1.6451E-04  ||s||^2=  6.8103E-02  ||y||^2=  2.2830E-06  sTy_min=  3.9431E-05
LBFGS step: g·p = -2.9604E-03  ||p||=  2.6817E+00
LBFGS step: min(p)= -1.5910E-01  max(p)=  2.0559E-01
LBFGS p_k (unscaled) stats per active parameter:
  IA=  3  PAR={C13}  min=-3.56955E+08  max= 4.61255E+08  L2= 6.01673E+09
min(p_k)= -1.5910E-01  max(p_k)=  2.0559E-01  ||p_k||=  2.6817E+00
min(p_kf)= -1.5910E-01  max(p_kf)=  2.0559E-01  ||p_kf||=  1.0727E+01
p_k/p_kf  =   2.5000E-01
Start linesearch
MT entry: phi(0)=  3.2451E-02  dg0= -2.9604E-03  alpha0=  1.0000E+00
 UPDATEPARAMETER: f-scale only
UPDATEPARAMETER PAR_STEP min/max, V_STEP min/max = -8.8123577553E+09  1.2243709755E+10
 -8.8123577553E+09  1.2243709755E+10
 WD_amp= 9.13099E+13  RESID_RMS= 2.83106E-01  FCOST_DATA= 4.00745E-02  FCOST0= 4.00745E-02
  
 -------------- calculate Frechet derivatives -----------
 IFREQ =          13    ITERATION =           3
||Frechet||_F=  7.7910E-19max|Frechet|=  2.4799E-23
||Frechet||_F=  7.7910E-19max|Frechet|=  2.4799E-23
||Frechet||_F=  7.7910E-19max|Frechet|=  2.4799E-23
||Frechet||_F=  7.7910E-19max|Frechet|=  2.4799E-23
||Frechet||_F=  7.7910E-19max|Frechet|=  2.4799E-23
||Frechet||_F=  7.7910E-19max|Frechet|=  2.4799E-23
Grad block   3 GRAD_SCALED MORM =   2.8984E-02
MT try: alpha=  1.0000E+00  phi=  4.0075E-02  dg=  1.1476E-02  dg0= -2.9604E-03
MT try: armijo_rhs=  3.2450E-02  armijo=F  curvature=F  task=FG
 UPDATEPARAMETER: f-scale only
UPDATEPARAMETER PAR_STEP min/max, V_STEP min/max = -8.8550298307E+09  1.2246318436E+10
 -8.8550298307E+09  1.2246318436E+10
 WD_amp= 9.13099E+13  RESID_RMS= 2.53042E-01  FCOST_DATA= 3.20152E-02  FCOST0= 3.20152E-02
  
 -------------- calculate Frechet derivatives -----------
 IFREQ =          13    ITERATION =           3
||Frechet||_F=  7.7833E-19max|Frechet|=  2.4691E-23
||Frechet||_F=  7.7833E-19max|Frechet|=  2.4691E-23
||Frechet||_F=  7.7833E-19max|Frechet|=  2.4691E-23
||Frechet||_F=  7.7833E-19max|Frechet|=  2.4691E-23
||Frechet||_F=  7.7833E-19max|Frechet|=  2.4691E-23
||Frechet||_F=  7.7833E-19max|Frechet|=  2.4691E-23
Grad block   3 GRAD_SCALED MORM =   7.7572E-03
MT try: alpha=  9.0227E-02  phi=  3.2015E-02  dg= -1.5991E-03  dg0= -2.9604E-03
MT try: armijo_rhs=  3.2451E-02  armijo=T  curvature=T  task=FG
  
  
Convergence reached, updating parameter grid
ALPHA from line search =  .9022686962091465E-01
 FCOST0 after linesearch  3.201522847749529E-002
Norm of s (s_norm) =  .2419639024423347
  
  
  
  
Convergence check at iteration    3
  Relative cost decrease  =  1.3416E-02
  Relative model update   =  0.0000E+00
  Relative grad. norm     =  5.0550E-01
Time for LBFGS =  27.22622273763021 min
  
 Frequency:          13 Iteration:           4
t_global   =    519.855 s
  
 -------------- calculate Frechet derivatives -----------
 IFREQ =          13    ITERATION =           4
||Frechet||_F=  7.7833E-19max|Frechet|=  2.4691E-23
||Frechet||_F=  7.7833E-19max|Frechet|=  2.4691E-23
||Frechet||_F=  7.7833E-19max|Frechet|=  2.4691E-23
||Frechet||_F=  7.7833E-19max|Frechet|=  2.4691E-23
 
TIME for Frechet calc =  5.042816670735677 min
 
 
  compute the residual and the cost function
 WD_amp= 9.13099E+13  RESID_RMS= 2.53042E-01  FCOST_DATA= 3.20152E-02  FCOST0= 3.20152E-02
||Frechet||_F=  7.7833E-19max|Frechet|=  2.4691E-23
||Frechet||_F=  7.7833E-19max|Frechet|=  2.4691E-23
Grad block   3 GRAD_SCALED MORM =   7.7572E-03
Gradient finished
Start LBFGS 
curvature (warm): s·y=  1.2282E-04  ||s||^2=  5.8547E-02  ||y||^2=  4.2203E-06  sTy_min=  4.9707E-05
LBFGS step: g·p = -4.6126E-03  ||p||=  4.9372E+00
LBFGS step: min(p)= -3.0490E-01  max(p)=  3.8059E-01
LBFGS p_k (unscaled) stats per active parameter:
  IA=  3  PAR={C13}  min=-6.84081E+08  max= 8.53884E+08  L2= 1.10771E+10
min(p_k)= -3.0490E-01  max(p_k)=  3.8059E-01  ||p_k||=  4.9372E+00
min(p_kf)= -3.0490E-01  max(p_kf)=  3.8059E-01  ||p_kf||=  1.9749E+01
p_k/p_kf  =   2.5000E-01
Start linesearch
MT entry: phi(0)=  3.2015E-02  dg0= -4.6126E-03  alpha0=  1.0000E+00
 UPDATEPARAMETER: f-scale only
UPDATEPARAMETER PAR_STEP min/max, V_STEP min/max = -8.7688072706E+09  1.2241194175E+10
 -8.7688072706E+09  1.2241194175E+10
 WD_amp= 9.13099E+13  RESID_RMS= 2.93263E-01  FCOST_DATA= 4.30017E-02  FCOST0= 4.30017E-02
  
 -------------- calculate Frechet derivatives -----------
 IFREQ =          13    ITERATION =           4
||Frechet||_F=  7.7085E-19max|Frechet|=  2.5046E-23
||Frechet||_F=  7.7085E-19max|Frechet|=  2.5046E-23
||Frechet||_F=  7.7085E-19max|Frechet|=  2.5046E-23
||Frechet||_F=  7.7085E-19max|Frechet|=  2.5046E-23
||Frechet||_F=  7.7085E-19max|Frechet|=  2.5046E-23
||Frechet||_F=  7.7085E-19max|Frechet|=  2.5046E-23
Grad block   3 GRAD_SCALED MORM =   2.8943E-02
MT try: alpha=  1.0000E+00  phi=  4.3002E-02  dg=  1.2585E-02  dg0= -4.6126E-03
MT try: armijo_rhs=  3.2015E-02  armijo=F  curvature=F  task=FG
 UPDATEPARAMETER: f-scale only
UPDATEPARAMETER PAR_STEP min/max, V_STEP min/max = -8.8478924852E+09  1.2245838813E+10
 -8.8478924852E+09  1.2245838813E+10
 WD_amp= 9.13099E+13  RESID_RMS= 2.51251E-01  FCOST_DATA= 3.15634E-02  FCOST0= 3.15634E-02
  
 -------------- calculate Frechet derivatives -----------
 IFREQ =          13    ITERATION =           4
||Frechet||_F=  7.7798E-19max|Frechet|=  2.4691E-23
||Frechet||_F=  7.7798E-19max|Frechet|=  2.4691E-23
||Frechet||_F=  7.7798E-19max|Frechet|=  2.4691E-23
||Frechet||_F=  7.7798E-19max|Frechet|=  2.4691E-23
||Frechet||_F=  7.7798E-19max|Frechet|=  2.4691E-23
||Frechet||_F=  7.7798E-19max|Frechet|=  2.4691E-23
Grad block   3 GRAD_SCALED MORM =   7.3691E-03
MT try: alpha=  8.2778E-02  phi=  3.1563E-02  dg= -2.8158E-03  dg0= -4.6126E-03
MT try: armijo_rhs=  3.2015E-02  armijo=T  curvature=T  task=FG
  
  
  
  
  
Convergence reached, updating parameter grid
ALPHA from line search =  .8277816772296505E-01
 FCOST0 after linesearch  3.156342306594322E-002
Norm of s (s_norm) =  .4086916695265401
  
Convergence check at iteration    4
  Relative cost decrease  =  1.4112E-02
  Relative model update   =  0.0000E+00
  Relative grad. norm     =  3.6135E-01
Time for LBFGS =  27.51374308268229 min
  
 Frequency:          13 Iteration:           5
t_global   =    517.002 s
  
 -------------- calculate Frechet derivatives -----------
 IFREQ =          13    ITERATION =           5
||Frechet||_F=  7.7798E-19max|Frechet|=  2.4691E-23
||Frechet||_F=  7.7798E-19max|Frechet|=  2.4691E-23
||Frechet||_F=  7.7798E-19max|Frechet|=  2.4691E-23
||Frechet||_F=  7.7798E-19max|Frechet|=  2.4691E-23
||Frechet||_F=  7.7798E-19max|Frechet|=  2.4691E-23
 
TIME for Frechet calc =  5.156208292643229 min
 
 
  compute the residual and the cost function
 WD_amp= 9.13099E+13  RESID_RMS= 2.51251E-01  FCOST_DATA= 3.15634E-02  FCOST0= 3.15634E-02
||Frechet||_F=  7.7798E-19max|Frechet|=  2.4691E-23
Grad block   3 GRAD_SCALED MORM =   7.3691E-03
Gradient finished
Start LBFGS 
curvature (warm): s·y=  1.4874E-04  ||s||^2=  1.6703E-01  ||y||^2=  3.0943E-06  sTy_min=  7.1891E-05
LBFGS step: g·p = -2.9396E-03  ||p||=  3.9592E+00
LBFGS step: min(p)= -2.4543E-01  max(p)=  3.5615E-01
LBFGS p_k (unscaled) stats per active parameter:
  IA=  3  PAR={C13}  min=-5.50654E+08  max= 7.99059E+08  L2= 8.88286E+09
min(p_k)= -2.4543E-01  max(p_k)=  3.5615E-01  ||p_k||=  3.9592E+00
min(p_kf)= -2.4543E-01  max(p_kf)=  3.5615E-01  ||p_kf||=  1.5837E+01
p_k/p_kf  =   2.5000E-01
Start linesearch
MT entry: phi(0)=  3.1563E-02  dg0= -2.9396E-03  alpha0=  1.0000E+00
 UPDATEPARAMETER: f-scale only
UPDATEPARAMETER PAR_STEP min/max, V_STEP min/max = -8.7717519753E+09  1.2241410752E+10
 -8.7717519753E+09  1.2241410752E+10
 WD_amp= 9.13099E+13  RESID_RMS= 2.74821E-01  FCOST_DATA= 3.77634E-02  FCOST0= 3.77634E-02
  
 -------------- calculate Frechet derivatives -----------
 IFREQ =          13    ITERATION =           5
||Frechet||_F=  7.7649E-19max|Frechet|=  2.5032E-23
||Frechet||_F=  7.7649E-19max|Frechet|=  2.5032E-23
||Frechet||_F=  7.7649E-19max|Frechet|=  2.5032E-23
||Frechet||_F=  7.7649E-19max|Frechet|=  2.5032E-23
||Frechet||_F=  7.7649E-19max|Frechet|=  2.5032E-23
||Frechet||_F=  7.7649E-19max|Frechet|=  2.5032E-23
Grad block   3 GRAD_SCALED MORM =   2.1544E-02
MT try: alpha=  1.0000E+00  phi=  3.7763E-02  dg=  7.7383E-03  dg0= -2.9396E-03
MT try: armijo_rhs=  3.1563E-02  armijo=F  curvature=F  task=FG
 UPDATEPARAMETER: f-scale only
UPDATEPARAMETER PAR_STEP min/max, V_STEP min/max = -8.8407514208E+09  1.2245358882E+10
 -8.8407514208E+09  1.2245358882E+10
 WD_amp= 9.13099E+13  RESID_RMS= 2.49569E-01  FCOST_DATA= 3.11423E-02  FCOST0= 3.11423E-02
  
 -------------- calculate Frechet derivatives -----------
 IFREQ =          13    ITERATION =           5
||Frechet||_F=  7.7799E-19max|Frechet|=  2.4705E-23
||Frechet||_F=  7.7799E-19max|Frechet|=  2.4705E-23
||Frechet||_F=  7.7799E-19max|Frechet|=  2.4705E-23
||Frechet||_F=  7.7799E-19max|Frechet|=  2.4705E-23
||Frechet||_F=  7.7799E-19max|Frechet|=  2.4705E-23
||Frechet||_F=  7.7799E-19max|Frechet|=  2.4705E-23
Grad block   3 GRAD_SCALED MORM =   7.0219E-03
MT try: alpha=  9.3788E-02  phi=  3.1142E-02  dg= -2.0511E-03  dg0= -2.9396E-03
MT try: armijo_rhs=  3.1563E-02  armijo=T  curvature=T  task=FG
  
Convergence reached, updating parameter grid
ALPHA from line search =  .9378797665369938E-01
 FCOST0 after linesearch  3.114229366403907E-002
Norm of s (s_norm) =  .3713251602420391
  
  
  
  
  
Convergence check at iteration    5
  Relative cost decrease  =  1.3342E-02
  Relative model update   =  0.0000E+00
  Relative grad. norm     =  2.8884E-01
Time for LBFGS =  27.44130045572917 min
  
 Frequency:          13 Iteration:           6
t_global   =    517.626 s
  
 -------------- calculate Frechet derivatives -----------
 IFREQ =          13    ITERATION =           6
||Frechet||_F=  7.7799E-19max|Frechet|=  2.4705E-23
||Frechet||_F=  7.7799E-19max|Frechet|=  2.4705E-23
||Frechet||_F=  7.7799E-19max|Frechet|=  2.4705E-23
||Frechet||_F=  7.7799E-19max|Frechet|=  2.4705E-23
||Frechet||_F=  7.7799E-19max|Frechet|=  2.4705E-23
 
TIME for Frechet calc =  5.062981669108073 min
 
 
  compute the residual and the cost function
 WD_amp= 9.13099E+13  RESID_RMS= 2.49569E-01  FCOST_DATA= 3.11423E-02  FCOST0= 3.11423E-02
||Frechet||_F=  7.7799E-19max|Frechet|=  2.4705E-23
Grad block   3 GRAD_SCALED MORM =   7.0219E-03
Gradient finished
Start LBFGS 
curvature (warm): s·y=  8.3330E-05  ||s||^2=  1.3788E-01  ||y||^2=  1.6105E-06  sTy_min=  4.7123E-05
LBFGS step: g·p = -4.8584E-03  ||p||=  7.4613E+00
LBFGS step: min(p)= -5.4709E-01  max(p)=  6.9825E-01
LBFGS p_k (unscaled) stats per active parameter:
  IA=  3  PAR={C13}  min=-1.22745E+09  max= 1.56660E+09  L2= 1.67402E+10
min(p_k)= -5.4709E-01  max(p_k)=  6.9825E-01  ||p_k||=  7.4613E+00
min(p_kf)= -5.4709E-01  max(p_kf)=  6.9825E-01  ||p_kf||=  2.9845E+01
p_k/p_kf  =   2.5000E-01
Start linesearch
MT entry: phi(0)=  3.1142E-02  dg0= -4.8584E-03  alpha0=  1.0000E+00
 UPDATEPARAMETER: f-scale only
UPDATEPARAMETER PAR_STEP min/max, V_STEP min/max = -8.8214272168E+09  1.2240107288E+10
 -8.8214272168E+09  1.2240107288E+10
 WD_amp= 9.13099E+13  RESID_RMS= 3.47354E-01  FCOST_DATA= 6.03275E-02  FCOST0= 6.03275E-02
  
 -------------- calculate Frechet derivatives -----------
 IFREQ =          13    ITERATION =           6
||Frechet||_F=  7.7539E-19max|Frechet|=  2.5230E-23
||Frechet||_F=  7.7539E-19max|Frechet|=  2.5230E-23
||Frechet||_F=  7.7539E-19max|Frechet|=  2.5230E-23
||Frechet||_F=  7.7539E-19max|Frechet|=  2.5230E-23
||Frechet||_F=  7.7539E-19max|Frechet|=  2.5230E-23
||Frechet||_F=  7.7539E-19max|Frechet|=  2.5230E-23
Grad block   3 GRAD_SCALED MORM =   4.1284E-02
MT try: alpha=  1.0000E+00  phi=  6.0328E-02  dg=  2.1334E-02  dg0= -4.8584E-03
MT try: armijo_rhs=  3.1142E-02  armijo=F  curvature=F  task=FG
 UPDATEPARAMETER: f-scale only
UPDATEPARAMETER PAR_STEP min/max, V_STEP min/max = -8.8373128990E+09  1.2245026778E+10
 -8.8373128990E+09  1.2245026778E+10
 WD_amp= 9.13099E+13  RESID_RMS= 2.48778E-01  FCOST_DATA= 3.09451E-02  FCOST0= 3.09451E-02
  
 -------------- calculate Frechet derivatives -----------
 IFREQ =          13    ITERATION =           6
||Frechet||_F=  7.7802E-19max|Frechet|=  2.4709E-23
||Frechet||_F=  7.7802E-19max|Frechet|=  2.4709E-23
||Frechet||_F=  7.7802E-19max|Frechet|=  2.4709E-23
||Frechet||_F=  7.7802E-19max|Frechet|=  2.4709E-23
||Frechet||_F=  7.7802E-19max|Frechet|=  2.4709E-23
||Frechet||_F=  7.7802E-19max|Frechet|=  2.4709E-23
Grad block   3 GRAD_SCALED MORM =   6.8166E-03
MT try: alpha=  3.2884E-02  phi=  3.0945E-02  dg= -3.8307E-03  dg0= -4.8584E-03
MT try: armijo_rhs=  3.1142E-02  armijo=T  curvature=T  task=FG
  
Convergence reached, updating parameter grid
ALPHA from line search =  .3288363298704568E-01
 FCOST0 after linesearch  3.094513752476366E-002
Norm of s (s_norm) =  .2453540746416817
  
  
  
  
  
Convergence check at iteration    6
  Relative cost decrease  =  6.3308E-03
  Relative model update   =  0.0000E+00
  Relative grad. norm     =  1.7109E-01
Time for LBFGS =  27.46469319661458 min
  
 Frequency:          13 Iteration:           7
t_global   =    519.284 s
  
 -------------- calculate Frechet derivatives -----------
 IFREQ =          13    ITERATION =           7
||Frechet||_F=  7.7802E-19max|Frechet|=  2.4709E-23
 
TIME for Frechet calc =  5.074939982096354 min
 
 
  compute the residual and the cost function
 WD_amp= 9.13099E+13  RESID_RMS= 2.48778E-01  FCOST_DATA= 3.09451E-02  FCOST0= 3.09451E-02
||Frechet||_F=  7.7802E-19max|Frechet|=  2.4709E-23
||Frechet||_F=  7.7802E-19max|Frechet|=  2.4709E-23
||Frechet||_F=  7.7802E-19max|Frechet|=  2.4709E-23
||Frechet||_F=  7.7802E-19max|Frechet|=  2.4709E-23
||Frechet||_F=  7.7802E-19max|Frechet|=  2.4709E-23
Grad block   3 GRAD_SCALED MORM =   6.8166E-03
Gradient finished
Start LBFGS 
curvature (full): s·y=  3.3792E-05  ||s||^2=  6.0199E-02  ||y||^2=  9.9981E-07  sTy_min=  2.4533E-05
 
LBFGS step(full): g·p = -4.3420E-03  ||p||=  8.4203E+00
LBFGS step(full): min(p)= -6.3691E-01  max(p)=  7.9078E-01
LBFGS p_k (unscaled) stats per active parameter:
  IA=  3  PAR={C13}  min=-1.42896E+09  max= 1.77419E+09  L2= 1.88918E+10
min(p_k)= -6.3691E-01  max(p_k)=  7.9078E-01  ||p_k||=  8.4203E+00
min(p_kf)= -6.3691E-01  max(p_kf)=  7.9078E-01  ||p_kf||=  3.3681E+01
p_k/p_kf  =   2.5000E-01
Start linesearch
MT entry: phi(0)=  3.0945E-02  dg0= -4.3420E-03  alpha0=  1.0000E+00
 UPDATEPARAMETER: f-scale only
UPDATEPARAMETER PAR_STEP min/max, V_STEP min/max = -8.8784092025E+09  1.2239337220E+10
 -8.8784092025E+09  1.2239337220E+10
 WD_amp= 9.13099E+13  RESID_RMS= 3.46926E-01  FCOST_DATA= 6.01787E-02  FCOST0= 6.01787E-02
  
 -------------- calculate Frechet derivatives -----------
 IFREQ =          13    ITERATION =           7
||Frechet||_F=  7.7079E-19max|Frechet|=  2.4840E-23
||Frechet||_F=  7.7079E-19max|Frechet|=  2.4840E-23
||Frechet||_F=  7.7079E-19max|Frechet|=  2.4840E-23
||Frechet||_F=  7.7079E-19max|Frechet|=  2.4840E-23
||Frechet||_F=  7.7079E-19max|Frechet|=  2.4840E-23
||Frechet||_F=  7.7079E-19max|Frechet|=  2.4840E-23
Grad block   3 GRAD_SCALED MORM =   3.6966E-02
MT try: alpha=  1.0000E+00  phi=  6.0179E-02  dg=  1.7600E-02  dg0= -4.3420E-03
MT try: armijo_rhs=  3.0945E-02  armijo=F  curvature=F  task=FG
 UPDATEPARAMETER: f-scale only
UPDATEPARAMETER PAR_STEP min/max, V_STEP min/max = -8.8341928739E+09  1.2244686158E+10
 -8.8341928739E+09  1.2244686158E+10
 WD_amp= 9.13099E+13  RESID_RMS= 2.48183E-01  FCOST_DATA= 3.07975E-02  FCOST0= 3.07975E-02
  
 -------------- calculate Frechet derivatives -----------
 IFREQ =          13    ITERATION =           7
||Frechet||_F=  7.7792E-19max|Frechet|=  2.4698E-23
||Frechet||_F=  7.7792E-19max|Frechet|=  2.4698E-23
||Frechet||_F=  7.7792E-19max|Frechet|=  2.4698E-23
||Frechet||_F=  7.7792E-19max|Frechet|=  2.4698E-23
||Frechet||_F=  7.7792E-19max|Frechet|=  2.4698E-23
||Frechet||_F=  7.7792E-19max|Frechet|=  2.4698E-23
Grad block   3 GRAD_SCALED MORM =   6.8230E-03
MT try: alpha=  2.8242E-02  phi=  3.0798E-02  dg= -3.3897E-03  dg0= -4.3420E-03
MT try: armijo_rhs=  3.0945E-02  armijo=T  curvature=T  task=FG
  
Convergence reached, updating parameter grid
ALPHA from line search =  .2824242082332462E-01
 FCOST0 after linesearch  3.079752038103932E-002
Norm of s (s_norm) =  .2378103613960219
  
  
  
  
  
Convergence check at iteration    7
  Relative cost decrease  =  4.7703E-03
  Relative model update   =  0.0000E+00
  Relative grad. norm     =  2.4573E-01
Time for LBFGS =  27.20883585611979 min
 --------- Frequency   9.00000000000000       (band            1 )
[ComputeAcqWeight] empty acq_weight_file, using uniform weights = 1.0
Data weighting computed for frequency 4607182418800017373
XSRmin, XSRmax, ZSRmin, ZSRMax -1960.000000000000 .000000000000000 2050.000000000000 4030.000000000000
1 FKYC
1.2 FKYC
my_rank, FKYC,WLMAX, RMAX 0 .7375913186689079E-01 569.1976438714189 2786.036611389018
Data weighting computed for frequency 4607182418800017373
1.1 NK
NK in cky2= 99

  Number of wavenumber samples (NK) for FREQ =   99
Data weighting computed for frequency 4607182418800017373
Data weighting computed for frequency 4607182418800017373
Data weighting computed for frequency 4607182418800017373
Data weighting computed for frequency 4607182418800017373
  RMAX = 2786.04
--- Pre-solver preview (memory + RHS workload) ---
   GQG dims: NNX=       585  NNZ=       317  NPT=    185445
   DOF:     N=3*NPT =    556335
   Sources: NSR=       100  NSS=        20  NK=        99
   RHS total (per IK): nrhs_tot=3*NSS =        60
   Batch:    MAX_RHS_BATCH=        32  nbatches=         2
   GFMY  (GFX+GFY+GFZ):         24.621 GB
   RHS_MY(rhs+sol buffers):      0.531 GB
 
 running run_ik_loop_pardiso
before CA | VmRSS=  26.426 GB  VmHWM= 136.014 GB
after CA | VmRSS=  27.669 GB  VmHWM= 136.014 GB
after factor | VmRSS=  31.436 GB  VmHWM= 136.014 GB
f=     9.000 Hz | ky=  0.745042E-03 | IK=       1/      99 | t=   17.138900 s | CA=  2.5369 | fact= 12.7166 | GF=  1.8852 | solve=  1.7332 | scatter=  0.0505
f=     9.000 Hz | ky=  0.149008E-02 | IK=       2/      99 | t=    6.837100 s | CA=  2.5473 | fact=  2.4926 | GF=  1.7972 | solve=  1.6713 | scatter=  0.0541
f=     9.000 Hz | ky=  0.223513E-02 | IK=       3/      99 | t=    6.842300 s | CA=  2.5445 | fact=  2.5054 | GF=  1.7924 | solve=  1.6696 | scatter=  0.0507
f=     9.000 Hz | ky=  0.298017E-02 | IK=       4/      99 | t=    6.835100 s | CA=  2.5429 | fact=  2.4996 | GF=  1.7925 | solve=  1.6666 | scatter=  0.0539
f=     9.000 Hz | ky=  0.372521E-02 | IK=       5/      99 | t=    6.849400 s | CA=  2.5608 | fact=  2.5091 | GF=  1.7795 | solve=  1.6576 | scatter=  0.0495
f=     9.000 Hz | ky=  0.447025E-02 | IK=       6/      99 | t=    6.809900 s | CA=  2.5361 | fact=  2.4864 | GF=  1.7874 | solve=  1.6629 | scatter=  0.0528
f=     9.000 Hz | ky=  0.521529E-02 | IK=       7/      99 | t=    6.796500 s | CA=  2.5022 | fact=  2.5075 | GF=  1.7867 | solve=  1.6618 | scatter=  0.0529
f=     9.000 Hz | ky=  0.596033E-02 | IK=       8/      99 | t=    6.767600 s | CA=  2.5310 | fact=  2.4993 | GF=  1.7373 | solve=  1.6126 | scatter=  0.0528
f=     9.000 Hz | ky=  0.670538E-02 | IK=       9/      99 | t=    6.815800 s | CA=  2.5716 | fact=  2.5116 | GF=  1.7325 | solve=  1.6082 | scatter=  0.0524
f=     9.000 Hz | ky=  0.745042E-02 | IK=      10/      99 | t=    6.787000 s | CA=  2.5533 | fact=  2.5047 | GF=  1.7290 | solve=  1.6075 | scatter=  0.0483
f=     9.000 Hz | ky=  0.819546E-02 | IK=      11/      99 | t=    6.768900 s | CA=  2.5398 | fact=  2.4949 | GF=  1.7342 | solve=  1.6101 | scatter=  0.0521
f=     9.000 Hz | ky=  0.894050E-02 | IK=      12/      99 | t=    6.815000 s | CA=  2.5751 | fact=  2.5015 | GF=  1.7383 | solve=  1.6159 | scatter=  0.0504
f=     9.000 Hz | ky=  0.968554E-02 | IK=      13/      99 | t=    6.806300 s | CA=  2.5633 | fact=  2.5114 | GF=  1.7316 | solve=  1.6104 | scatter=  0.0494
f=     9.000 Hz | ky=  0.104306E-01 | IK=      14/      99 | t=    6.765000 s | CA=  2.5565 | fact=  2.4751 | GF=  1.7334 | solve=  1.6103 | scatter=  0.0512
f=     9.000 Hz | ky=  0.111756E-01 | IK=      15/      99 | t=    6.817300 s | CA=  2.6005 | fact=  2.4865 | GF=  1.7303 | solve=  1.6059 | scatter=  0.0526
f=     9.000 Hz | ky=  0.119207E-01 | IK=      16/      99 | t=    6.851800 s | CA=  2.6304 | fact=  2.4884 | GF=  1.7330 | solve=  1.6079 | scatter=  0.0532
f=     9.000 Hz | ky=  0.126657E-01 | IK=      17/      99 | t=    6.794800 s | CA=  2.5518 | fact=  2.5143 | GF=  1.7286 | solve=  1.6066 | scatter=  0.0501
PARDISO mem (f=  9.00 Hz): sym=  1.95 GB  perm=  1.42 GB  num=  3.22 GB  
peak=  4.64 GB
t_global   =    181.575 s
TIME for 1st forward modeling =  3.026126607259115  min
TIME for GT0 =  .1056833366552989E-01  min
Data scaler W for L2 norm: 93096939718954.67
Data scaler W for WQS norm: .3395193265742062E-312
Total number of active inversion parameters for current sequential stage (IM):          1
Total model blocks points (NM = IM * NBLOCK):      11534 on grid (NMM = IM * NPT):    185445
 Gradient balance ():   1.00000000000000        1.00000000000000     
   1.00000000000000        1.00000000000000        1.00000000000000     
   1.00000000000000        1.00000000000000        1.00000000000000     
   1.00000000000000        1.00000000000000        1.00000000000000     
 IE0, IZ          30           0
 IE0, IZ, GZ1, GZ2 =           30           0   100.000000000000     
   300.000000000000     
  
 Frequency:          14 Iteration:           1
--- Pre-solver preview (memory + RHS workload) ---
   GQG dims: NNX=       585  NNZ=       317  NPT=    185445
   DOF:     N=3*NPT =    556335
   Sources: NSR=       100  NSS=       100  NK=        99
   RHS total (per IK): nrhs_tot=3*NSS =       300
   Batch:    MAX_RHS_BATCH=        32  nbatches=        10
   GFMY  (GFX+GFY+GFZ):        123.107 GB
   RHS_MY(rhs+sol buffers):      0.531 GB
 
 running run_ik_loop_pardiso
before CA | VmRSS= 125.775 GB  VmHWM= 136.014 GB
after CA | VmRSS= 127.093 GB  VmHWM= 136.014 GB
after factor | VmRSS= 130.855 GB  VmHWM= 136.014 GB
f=     9.000 Hz | ky=  0.745042E-03 | IK=       1/      99 | t=   24.000800 s | CA=  2.5019 | fact= 12.7060 | GF=  8.7926 | solve=  8.1394 | scatter=  0.2521
f=     9.000 Hz | ky=  0.149008E-02 | IK=       2/      99 | t=   13.817300 s | CA=  2.5672 | fact=  2.4921 | GF=  8.7580 | solve=  8.1329 | scatter=  0.2544
f=     9.000 Hz | ky=  0.223513E-02 | IK=       3/      99 | t=   13.773100 s | CA=  2.5586 | fact=  2.5084 | GF=  8.7061 | solve=  8.0847 | scatter=  0.2507
f=     9.000 Hz | ky=  0.298017E-02 | IK=       4/      99 | t=   13.833300 s | CA=  2.5849 | fact=  2.4948 | GF=  8.7536 | solve=  8.1305 | scatter=  0.2518
f=     9.000 Hz | ky=  0.372521E-02 | IK=       5/      99 | t=   13.767800 s | CA=  2.5595 | fact=  2.4944 | GF=  8.7139 | solve=  8.0907 | scatter=  0.2523
f=     9.000 Hz | ky=  0.447025E-02 | IK=       6/      99 | t=   13.772100 s | CA=  2.5420 | fact=  2.5035 | GF=  8.7265 | solve=  8.0900 | scatter=  0.2654
f=     9.000 Hz | ky=  0.521529E-02 | IK=       7/      99 | t=   13.729700 s | CA=  2.5109 | fact=  2.5068 | GF=  8.7120 | solve=  8.0866 | scatter=  0.2550
f=     9.000 Hz | ky=  0.596033E-02 | IK=       8/      99 | t=   13.798900 s | CA=  2.5532 | fact=  2.5081 | GF=  8.7376 | solve=  8.1130 | scatter=  0.2535
f=     9.000 Hz | ky=  0.670538E-02 | IK=       9/      99 | t=   13.794600 s | CA=  2.5799 | fact=  2.4946 | GF=  8.7201 | solve=  8.0992 | scatter=  0.2505
f=     9.000 Hz | ky=  0.745042E-02 | IK=      10/      99 | t=   13.723600 s | CA=  2.5138 | fact=  2.4985 | GF=  8.7113 | solve=  8.0882 | scatter=  0.2529
f=     9.000 Hz | ky=  0.819546E-02 | IK=      11/      99 | t=   13.753500 s | CA=  2.5175 | fact=  2.5008 | GF=  8.7351 | solve=  8.1128 | scatter=  0.2514
f=     9.000 Hz | ky=  0.894050E-02 | IK=      12/      99 | t=   13.771600 s | CA=  2.5464 | fact=  2.4992 | GF=  8.7260 | solve=  8.1029 | scatter=  0.2521
f=     9.000 Hz | ky=  0.968554E-02 | IK=      13/      99 | t=   13.740600 s | CA=  2.5257 | fact=  2.4770 | GF=  8.7379 | solve=  8.1143 | scatter=  0.2531
f=     9.000 Hz | ky=  0.104306E-01 | IK=      14/      99 | t=   13.745700 s | CA=  2.5213 | fact=  2.5072 | GF=  8.7172 | solve=  8.0936 | scatter=  0.2517
f=     9.000 Hz | ky=  0.111756E-01 | IK=      15/      99 | t=   13.763400 s | CA=  2.5436 | fact=  2.5029 | GF=  8.7169 | solve=  8.0929 | scatter=  0.2528
f=     9.000 Hz | ky=  0.119207E-01 | IK=      16/      99 | t=   13.725700 s | CA=  2.5097 | fact=  2.4960 | GF=  8.7200 | solve=  8.0971 | scatter=  0.2520
f=     9.000 Hz | ky=  0.126657E-01 | IK=      17/      99 | t=   13.777600 s | CA=  2.5400 | fact=  2.5033 | GF=  8.7343 | solve=  8.1119 | scatter=  0.2512
PARDISO mem (f=  9.00 Hz): sym=  1.95 GB  perm=  1.42 GB  num=  3.22 GB  
peak=  4.64 GB
t_global   =    521.042 s
TIME for 2d forward modeling_i calc =  8.682377115885417 min
Rank    5 -> ID range:   4001 to   4800 | Tasks:    800
Rank    3 -> ID range:   2401 to   3200 | Tasks:    800
Rank    2 -> ID range:   1601 to   2400 | Tasks:    800
Rank    1 -> ID range:    801 to   1600 | Tasks:    800
Rank    4 -> ID range:   3201 to   4000 | Tasks:    800
  
 -------------- calculate Frechet derivatives -----------
 IFREQ =          14    ITERATION =           1
Frechet memory size Frec_my:      0.825 (Gb)
Rank    0 -> ID range:      1 to    800 | Tasks:    800
FREQ:      9.0 Hz, ITER=       1  Frechet Derivative ID=     100/    4800 Finished   0.346600 s
FREQ:      9.0 Hz, ITER=       1  Frechet Derivative ID=     200/    4800 Finished   0.342000 s
FREQ:      9.0 Hz, ITER=       1  Frechet Derivative ID=     300/    4800 Finished   0.346600 s
FREQ:      9.0 Hz, ITER=       1  Frechet Derivative ID=     400/    4800 Finished   0.320400 s
FREQ:      9.0 Hz, ITER=       1  Frechet Derivative ID=     500/    4800 Finished   0.348500 s
FREQ:      9.0 Hz, ITER=       1  Frechet Derivative ID=     600/    4800 Finished   0.344400 s
FREQ:      9.0 Hz, ITER=       1  Frechet Derivative ID=     700/    4800 Finished   0.342700 s
FREQ:      9.0 Hz, ITER=       1  Frechet Derivative ID=     800/    4800 Finished   0.341900 s
||Frechet||_F=  7.6521E-19max|Frechet|=  2.4964E-23
||Frechet||_F=  7.6521E-19max|Frechet|=  2.4964E-23
||Frechet||_F=  7.6521E-19max|Frechet|=  2.4964E-23
||Frechet||_F=  7.6521E-19max|Frechet|=  2.4964E-23
||Frechet||_F=  7.6521E-19max|Frechet|=  2.4964E-23
 
TIME for Frechet calc =  5.380753580729166 min
 
m_fine: min= -8.8342E+09  max=  1.2245E+10  mean=  8.0763E+09  ||.||2=  3.9388E+12  size=  185445
m_coarse_prev: min= -5.8966E+09  max=  1.2182E+10  mean=  8.0796E+09  ||.||2=  9.8213E+11  size=   11534
 
  compute the residual and the cost function
 WD_amp= 9.30969E+13  RESID_RMS= 2.50875E-01  FCOST_DATA= 3.14692E-02  FCOST0= 3.14692E-02
||Frechet||_F=  7.6521E-19max|Frechet|=  2.4964E-23
IA=  3  H(single F0) min= 0.00000E+00  max= 9.61753E-02
IA=  3  H(F0^2)     min= 0.00000E+00  max= 9.61753E-02
HESSD: ia=   3  min= 0.00000E+00  max= 2.07953E+03
IA=  3  H(single F0) min= 0.00000E+00  max= 9.61753E-02
IA=  3  H(F0^2)     min= 0.00000E+00  max= 9.61753E-02
HESSD: ia=   3  min= 0.00000E+00  max= 2.07953E+03
IA=  3  H(single F0) min= 0.00000E+00  max= 9.61753E-02
IA=  3  H(F0^2)     min= 0.00000E+00  max= 9.61753E-02
HESSD: ia=   3  min= 0.00000E+00  max= 2.07953E+03
IA=  3  H(single F0) min= 0.00000E+00  max= 9.61753E-02
IA=  3  H(F0^2)     min= 0.00000E+00  max= 9.61753E-02
HESSD: ia=   3  min= 0.00000E+00  max= 2.07953E+03
IA=  3  H(single F0) min= 0.00000E+00  max= 9.61753E-02
IA=  3  H(F0^2)     min= 0.00000E+00  max= 9.61753E-02
HESSD: ia=   3  min= 0.00000E+00  max= 2.07953E+03
IA=  3  H(single F0) min= 0.00000E+00  max= 9.61753E-02
IA=  3  H(F0^2)     min= 0.00000E+00  max= 9.61753E-02
HESSD: ia=   3  min= 0.00000E+00  max= 2.07953E+03
Grad block   3 GRAD_SCALED MORM =   7.7972E-03
Raw grad block  3  PAR={C13}  min= -4.9621E-13  max=  5.2508E-13  L2=  3.8119E-12
Gradient finished
Start LBFGS 
LBFGS steepest step , iter=      1
  g·p = -2.3192E-03  ||p|| =  1.7019E+00
  min(p)= -1.6815E-01  max(p)=  9.0913E-02
LBFGS p_k (unscaled) stats per active parameter:
  IA=  3  PAR={C13}  min=-3.77258E+08  max= 2.03973E+08  L2= 3.81845E+09
min(p_k)= -1.6815E-01  max(p_k)=  9.0913E-02  ||p_k||=  1.7019E+00
min(p_kf)= -1.6815E-01  max(p_kf)=  9.0913E-02  ||p_kf||=  6.8077E+00
p_k/p_kf  =   2.5000E-01
Start linesearch
BT entry: phi(0)=  3.1469E-02  g·p(0)= -2.3192E-03
 UPDATEPARAMETER: f-scale only
UPDATEPARAMETER PAR_STEP min/max, V_STEP min/max = -8.7686805795E+09  1.2243970578E+10
 -8.7686805795E+09  1.2243970578E+10
REL STEP elastic: k=  3 row=  3 rmax_k=  2.8624E+01 row_scale=  1.2245E+10
BT cap probe: rmax1=  2.8624E+01  alpha_cap=  1.7468E-02  alpha00=  1.0000E+00
 UPDATEPARAMETER: f-scale only
UPDATEPARAMETER PAR_STEP min/max, V_STEP min/max = -8.8330485273E+09  1.2244673659E+10
 -8.8330485273E+09  1.2244673659E+10
 running run_ik_loop_pardiso
before CA | VmRSS=  27.283 GB  VmHWM= 136.014 GB
after CA | VmRSS=  28.466 GB  VmHWM= 136.014 GB
after factor | VmRSS=  32.234 GB  VmHWM= 136.014 GB
f=     9.000 Hz | ky=  0.745042E-03 | IK=       1/      99 | t=   17.158100 s | CA=  2.5463 | fact= 12.7195 | GF=  1.8921 | solve=  1.7398 | scatter=  0.0506
f=     9.000 Hz | ky=  0.149008E-02 | IK=       2/      99 | t=    6.822300 s | CA=  2.5481 | fact=  2.4835 | GF=  1.7907 | solve=  1.6652 | scatter=  0.0531
f=     9.000 Hz | ky=  0.223513E-02 | IK=       3/      99 | t=    6.914100 s | CA=  2.6435 | fact=  2.4810 | GF=  1.7896 | solve=  1.6669 | scatter=  0.0508
f=     9.000 Hz | ky=  0.298017E-02 | IK=       4/      99 | t=    6.806900 s | CA=  2.5277 | fact=  2.4908 | GF=  1.7883 | solve=  1.6655 | scatter=  0.0508
f=     9.000 Hz | ky=  0.372521E-02 | IK=       5/      99 | t=    6.837800 s | CA=  2.5544 | fact=  2.5016 | GF=  1.7817 | solve=  1.6593 | scatter=  0.0503
f=     9.000 Hz | ky=  0.447025E-02 | IK=       6/      99 | t=    6.815200 s | CA=  2.5442 | fact=  2.4851 | GF=  1.7859 | solve=  1.6644 | scatter=  0.0497
f=     9.000 Hz | ky=  0.521529E-02 | IK=       7/      99 | t=    6.892700 s | CA=  2.6037 | fact=  2.5015 | GF=  1.7874 | solve=  1.6654 | scatter=  0.0500
f=     9.000 Hz | ky=  0.596033E-02 | IK=       8/      99 | t=    6.806200 s | CA=  2.5236 | fact=  2.4935 | GF=  1.7890 | solve=  1.6665 | scatter=  0.0506
f=     9.000 Hz | ky=  0.670538E-02 | IK=       9/      99 | t=    6.754200 s | CA=  2.5095 | fact=  2.4567 | GF=  1.7879 | solve=  1.6651 | scatter=  0.0511
f=     9.000 Hz | ky=  0.745042E-02 | IK=      10/      99 | t=    6.835700 s | CA=  2.5424 | fact=  2.5033 | GF=  1.7899 | solve=  1.6682 | scatter=  0.0494
f=     9.000 Hz | ky=  0.819546E-02 | IK=      11/      99 | t=    6.883700 s | CA=  2.5956 | fact=  2.4986 | GF=  1.7895 | solve=  1.6677 | scatter=  0.0500
f=     9.000 Hz | ky=  0.894050E-02 | IK=      12/      99 | t=    6.811100 s | CA=  2.5191 | fact=  2.5029 | GF=  1.7890 | solve=  1.6676 | scatter=  0.0495
f=     9.000 Hz | ky=  0.968554E-02 | IK=      13/      99 | t=    6.820000 s | CA=  2.5347 | fact=  2.5010 | GF=  1.7842 | solve=  1.6599 | scatter=  0.0524
f=     9.000 Hz | ky=  0.104306E-01 | IK=      14/      99 | t=    6.776900 s | CA=  2.5323 | fact=  2.4547 | GF=  1.7899 | solve=  1.6654 | scatter=  0.0526
f=     9.000 Hz | ky=  0.111756E-01 | IK=      15/      99 | t=    6.824200 s | CA=  2.5326 | fact=  2.5031 | GF=  1.7885 | solve=  1.6653 | scatter=  0.0511
f=     9.000 Hz | ky=  0.119207E-01 | IK=      16/      99 | t=    6.777700 s | CA=  2.4901 | fact=  2.5048 | GF=  1.7828 | solve=  1.6607 | scatter=  0.0499
f=     9.000 Hz | ky=  0.126657E-01 | IK=      17/      99 | t=    6.836900 s | CA=  2.5502 | fact=  2.4962 | GF=  1.7904 | solve=  1.6682 | scatter=  0.0503
PARDISO mem (f=  9.00 Hz): sym=  1.95 GB  perm=  1.42 GB  num=  3.22 GB  
peak=  4.64 GB
 WD_amp= 9.30969E+13  RESID_RMS= 2.50729E-01  FCOST_DATA= 3.14326E-02  FCOST0= 3.14326E-02
BT: alpha=  1.7468E-02  phi=  3.1433E-02  rhs=  3.1469E-02
  
  
  
  
  
Convergence reached, updating parameter grid
ALPHA from line search =  .1746766195878951E-01
 FCOST0 after linesearch  3.143261834692999E-002
Norm of s (s_norm) =  .2972877453510358E-01
  
Time for LBFGS =  3.043890126546224 min
  
 Frequency:          14 Iteration:           2
t_global   =    521.438 s
  
 -------------- calculate Frechet derivatives -----------
 IFREQ =          14    ITERATION =           2
||Frechet||_F=  7.6518E-19max|Frechet|=  2.4963E-23
 
TIME for Frechet calc =  5.155623372395834 min
 
 
  compute the residual and the cost function
 WD_amp= 9.30969E+13  RESID_RMS= 2.50729E-01  FCOST_DATA= 3.14326E-02  FCOST0= 3.14326E-02
||Frechet||_F=  7.6518E-19max|Frechet|=  2.4963E-23
||Frechet||_F=  7.6518E-19max|Frechet|=  2.4963E-23
||Frechet||_F=  7.6518E-19max|Frechet|=  2.4963E-23
||Frechet||_F=  7.6518E-19max|Frechet|=  2.4963E-23
||Frechet||_F=  7.6518E-19max|Frechet|=  2.4963E-23
Grad block   3 GRAD_SCALED MORM =   7.7188E-03
Raw grad block  3  PAR={C13}  min= -4.9888E-13  max=  4.8963E-13  L2=  3.7681E-12
Gradient finished
Start LBFGS 
curvature (warm): s·y=  1.9076E-06  ||s||^2=  8.8380E-04  ||y||^2=  4.8168E-08  sTy_min=  6.5247E-07
LBFGS step: g·p = -5.1514E-03  ||p||=  4.6405E+00
LBFGS step: min(p)= -4.4060E-01  max(p)=  3.2986E-01
LBFGS p_k (unscaled) stats per active parameter:
  IA=  3  PAR={C13}  min=-9.88529E+08  max= 7.40084E+08  L2= 1.04114E+10
min(p_k)= -4.4060E-01  max(p_k)=  3.2986E-01  ||p_k||=  4.6405E+00
min(p_kf)= -4.4060E-01  max(p_kf)=  3.2986E-01  ||p_kf||=  1.8562E+01
p_k/p_kf  =   2.5000E-01
Start linesearch
MT entry: phi(0)=  3.1433E-02  dg0= -5.1514E-03  alpha0=  1.0000E+00
 UPDATEPARAMETER: f-scale only
UPDATEPARAMETER PAR_STEP min/max, V_STEP min/max = -8.6361594438E+09  1.2242467002E+10
 -8.6361594438E+09  1.2242467002E+10
 WD_amp= 9.30969E+13  RESID_RMS= 2.87624E-01  FCOST_DATA= 4.13637E-02  FCOST0= 4.13637E-02
  
 -------------- calculate Frechet derivatives -----------
 IFREQ =          14    ITERATION =           2
||Frechet||_F=  7.6397E-19max|Frechet|=  2.4188E-23
||Frechet||_F=  7.6397E-19max|Frechet|=  2.4188E-23
||Frechet||_F=  7.6397E-19max|Frechet|=  2.4188E-23
||Frechet||_F=  7.6397E-19max|Frechet|=  2.4188E-23
||Frechet||_F=  7.6397E-19max|Frechet|=  2.4188E-23
||Frechet||_F=  7.6397E-19max|Frechet|=  2.4188E-23
Grad block   3 GRAD_SCALED MORM =   3.3655E-02
MT try: alpha=  1.0000E+00  phi=  4.1364E-02  dg=  1.5357E-02  dg0= -5.1514E-03
MT try: armijo_rhs=  3.1432E-02  armijo=F  curvature=F  task=FG
 UPDATEPARAMETER: f-scale only
UPDATEPARAMETER PAR_STEP min/max, V_STEP min/max = -8.8111196759E+09  1.2244411676E+10
 -8.8111196759E+09  1.2244411676E+10
 WD_amp= 9.30969E+13  RESID_RMS= 2.48725E-01  FCOST_DATA= 3.09321E-02  FCOST0= 3.09321E-02
  
 -------------- calculate Frechet derivatives -----------
 IFREQ =          14    ITERATION =           2
||Frechet||_F=  7.6513E-19max|Frechet|=  2.4879E-23
||Frechet||_F=  7.6513E-19max|Frechet|=  2.4879E-23
||Frechet||_F=  7.6513E-19max|Frechet|=  2.4879E-23
||Frechet||_F=  7.6513E-19max|Frechet|=  2.4879E-23
||Frechet||_F=  7.6513E-19max|Frechet|=  2.4879E-23
||Frechet||_F=  7.6513E-19max|Frechet|=  2.4879E-23
Grad block   3 GRAD_SCALED MORM =   8.3703E-03
MT try: alpha=  1.1138E-01  phi=  3.0932E-02  dg= -1.8523E-03  dg0= -5.1514E-03
MT try: armijo_rhs=  3.1433E-02  armijo=T  curvature=T  task=FG
Convergence reached, updating parameter grid
ALPHA from line search =  .1113766746186965
 FCOST0 after linesearch  3.093208393073828E-002
Norm of s (s_norm) =  .5168416268252175
  
  
  
  
  
  
Time for LBFGS =  27.47523396809896 min
  
 Frequency:          14 Iteration:           3
t_global   =    519.872 s
  
 -------------- calculate Frechet derivatives -----------
 IFREQ =          14    ITERATION =           3
||Frechet||_F=  7.6513E-19max|Frechet|=  2.4879E-23
||Frechet||_F=  7.6513E-19max|Frechet|=  2.4879E-23
 
TIME for Frechet calc =  5.051503499348958 min
 
 
  compute the residual and the cost function
 WD_amp= 9.30969E+13  RESID_RMS= 2.48725E-01  FCOST_DATA= 3.09321E-02  FCOST0= 3.09321E-02
||Frechet||_F=  7.6513E-19max|Frechet|=  2.4879E-23
||Frechet||_F=  7.6513E-19max|Frechet|=  2.4879E-23
||Frechet||_F=  7.6513E-19max|Frechet|=  2.4879E-23
||Frechet||_F=  7.6513E-19max|Frechet|=  2.4879E-23
Grad block   3 GRAD_SCALED MORM =   8.3703E-03
Gradient finished
Start LBFGS 
curvature (warm): s·y=  3.6744E-04  ||s||^2=  2.6713E-01  ||y||^2=  7.7545E-06  sTy_min=  1.4392E-04
LBFGS step: g·p = -4.8373E-03  ||p||=  5.0306E+00
LBFGS step: min(p)= -4.5319E-01  max(p)=  4.4316E-01
LBFGS p_k (unscaled) stats per active parameter:
  IA=  3  PAR={C13}  min=-1.01679E+09  max= 9.94273E+08  L2= 1.12867E+10
min(p_k)= -4.5319E-01  max(p_k)=  4.4316E-01  ||p_k||=  5.0306E+00
min(p_kf)= -4.5319E-01  max(p_kf)=  4.4316E-01  ||p_kf||=  2.0122E+01
p_k/p_kf  =   2.5000E-01
Start linesearch
MT entry: phi(0)=  3.0932E-02  dg0= -4.8373E-03  alpha0=  1.0000E+00
 UPDATEPARAMETER: f-scale only
UPDATEPARAMETER PAR_STEP min/max, V_STEP min/max = -8.5367464128E+09  1.2242476289E+10
 -8.5367464128E+09  1.2242476289E+10
 WD_amp= 9.30969E+13  RESID_RMS= 3.23284E-01  FCOST_DATA= 5.22563E-02  FCOST0= 5.22563E-02
  
 -------------- calculate Frechet derivatives -----------
 IFREQ =          14    ITERATION =           3
||Frechet||_F=  7.5772E-19max|Frechet|=  2.5124E-23
||Frechet||_F=  7.5772E-19max|Frechet|=  2.5124E-23
||Frechet||_F=  7.5772E-19max|Frechet|=  2.5124E-23
||Frechet||_F=  7.5772E-19max|Frechet|=  2.5124E-23
||Frechet||_F=  7.5772E-19max|Frechet|=  2.5124E-23
||Frechet||_F=  7.5772E-19max|Frechet|=  2.5124E-23
Grad block   3 GRAD_SCALED MORM =   3.7261E-02
MT try: alpha=  1.0000E+00  phi=  5.2256E-02  dg=  2.3368E-02  dg0= -4.8373E-03
MT try: armijo_rhs=  3.0932E-02  armijo=F  curvature=F  task=FG
 UPDATEPARAMETER: f-scale only
UPDATEPARAMETER PAR_STEP min/max, V_STEP min/max = -8.7974296331E+09  1.2244260441E+10
 -8.7974296331E+09  1.2244260441E+10
 WD_amp= 9.30969E+13  RESID_RMS= 2.47648E-01  FCOST_DATA= 3.06648E-02  FCOST0= 3.06648E-02
  
 -------------- calculate Frechet derivatives -----------
 IFREQ =          14    ITERATION =           3
||Frechet||_F=  7.6472E-19max|Frechet|=  2.4887E-23
||Frechet||_F=  7.6472E-19max|Frechet|=  2.4887E-23
||Frechet||_F=  7.6472E-19max|Frechet|=  2.4887E-23
||Frechet||_F=  7.6472E-19max|Frechet|=  2.4887E-23
||Frechet||_F=  7.6472E-19max|Frechet|=  2.4887E-23
||Frechet||_F=  7.6472E-19max|Frechet|=  2.4887E-23
Grad block   3 GRAD_SCALED MORM =   7.8254E-03
MT try: alpha=  4.9896E-02  phi=  3.0665E-02  dg= -2.7204E-03  dg0= -4.8373E-03
MT try: armijo_rhs=  3.0932E-02  armijo=T  curvature=T  task=FG
  
Convergence reached, updating parameter grid
ALPHA from line search =  .4989568821515176E-01
 FCOST0 after linesearch  3.066484437731802E-002
Norm of s (s_norm) =  .2510051576186957
  
  
  
  
  
Convergence check at iteration    3
  Relative cost decrease  =  8.6396E-03
  Relative model update   =  0.0000E+00
  Relative grad. norm     =  1.3088E+00
Time for LBFGS =  27.06173909505208 min
  
 Frequency:          14 Iteration:           4
t_global   =    517.613 s
  
 -------------- calculate Frechet derivatives -----------
 IFREQ =          14    ITERATION =           4
||Frechet||_F=  7.6472E-19max|Frechet|=  2.4887E-23
||Frechet||_F=  7.6472E-19max|Frechet|=  2.4887E-23
||Frechet||_F=  7.6472E-19max|Frechet|=  2.4887E-23
||Frechet||_F=  7.6472E-19max|Frechet|=  2.4887E-23
||Frechet||_F=  7.6472E-19max|Frechet|=  2.4887E-23
 
TIME for Frechet calc =  5.191123453776042 min
 
 
  compute the residual and the cost function
 WD_amp= 9.30969E+13  RESID_RMS= 2.47648E-01  FCOST_DATA= 3.06648E-02  FCOST0= 3.06648E-02
||Frechet||_F=  7.6472E-19max|Frechet|=  2.4887E-23
Grad block   3 GRAD_SCALED MORM =   7.8254E-03
Gradient finished
Start LBFGS 
curvature (warm): s·y=  1.0562E-04  ||s||^2=  6.3004E-02  ||y||^2=  2.6869E-06  sTy_min=  4.1144E-05
LBFGS step: g·p = -1.7449E-03  ||p||=  2.3770E+00
LBFGS step: min(p)= -1.9400E-01  max(p)=  2.5441E-01
LBFGS p_k (unscaled) stats per active parameter:
  IA=  3  PAR={C13}  min=-4.35261E+08  max= 5.70785E+08  L2= 5.33299E+09
min(p_k)= -1.9400E-01  max(p_k)=  2.5441E-01  ||p_k||=  2.3770E+00
min(p_kf)= -1.9400E-01  max(p_kf)=  2.5441E-01  ||p_kf||=  9.5079E+00
p_k/p_kf  =   2.5000E-01
Start linesearch
MT entry: phi(0)=  3.0665E-02  dg0= -1.7449E-03  alpha0=  1.0000E+00
 UPDATEPARAMETER: f-scale only
UPDATEPARAMETER PAR_STEP min/max, V_STEP min/max = -8.5703158414E+09  1.2242671586E+10
 -8.5703158414E+09  1.2242671586E+10
 WD_amp= 9.30969E+13  RESID_RMS= 2.61494E-01  FCOST_DATA= 3.41895E-02  FCOST0= 3.41895E-02
  
 -------------- calculate Frechet derivatives -----------
 IFREQ =          14    ITERATION =           4
||Frechet||_F=  7.6419E-19max|Frechet|=  2.4675E-23
||Frechet||_F=  7.6419E-19max|Frechet|=  2.4675E-23
||Frechet||_F=  7.6419E-19max|Frechet|=  2.4675E-23
||Frechet||_F=  7.6419E-19max|Frechet|=  2.4675E-23
||Frechet||_F=  7.6419E-19max|Frechet|=  2.4675E-23
||Frechet||_F=  7.6419E-19max|Frechet|=  2.4675E-23
Grad block   3 GRAD_SCALED MORM =   2.3515E-02
MT try: alpha=  1.0000E+00  phi=  3.4190E-02  dg=  6.1930E-03  dg0= -1.7449E-03
MT try: armijo_rhs=  3.0665E-02  armijo=F  curvature=F  task=FG
 UPDATEPARAMETER: f-scale only
UPDATEPARAMETER PAR_STEP min/max, V_STEP min/max = -8.7706954217E+09  1.2244057892E+10
 -8.7706954217E+09  1.2244057892E+10
 WD_amp= 9.30969E+13  RESID_RMS= 2.46402E-01  FCOST_DATA= 3.03569E-02  FCOST0= 3.03569E-02
  
 -------------- calculate Frechet derivatives -----------
 IFREQ =          14    ITERATION =           4
||Frechet||_F=  7.6470E-19max|Frechet|=  2.4863E-23
||Frechet||_F=  7.6470E-19max|Frechet|=  2.4863E-23
||Frechet||_F=  7.6470E-19max|Frechet|=  2.4863E-23
||Frechet||_F=  7.6470E-19max|Frechet|=  2.4863E-23
||Frechet||_F=  7.6470E-19max|Frechet|=  2.4863E-23
||Frechet||_F=  7.6470E-19max|Frechet|=  2.4863E-23
Grad block   3 GRAD_SCALED MORM =   7.2932E-03
MT try: alpha=  1.1771E-01  phi=  3.0357E-02  dg= -8.2232E-04  dg0= -1.7449E-03
MT try: armijo_rhs=  3.0665E-02  armijo=T  curvature=T  task=FG
  
Convergence reached, updating parameter grid
ALPHA from line search =  .1177128486942495
 FCOST0 after linesearch  3.035690998690318E-002
Norm of s (s_norm) =  .2798008898971300
  
  
  
  
  
Convergence check at iteration    4
  Relative cost decrease  =  1.0042E-02
  Relative model update   =  0.0000E+00
  Relative grad. norm     =  8.7081E-01
Time for LBFGS =  27.61819254557292 min
  
 Frequency:          14 Iteration:           5
t_global   =    519.846 s
  
 -------------- calculate Frechet derivatives -----------
 IFREQ =          14    ITERATION =           5
||Frechet||_F=  7.6470E-19max|Frechet|=  2.4863E-23
||Frechet||_F=  7.6470E-19max|Frechet|=  2.4863E-23
 
TIME for Frechet calc =  5.115656534830729 min
 
 
  compute the residual and the cost function
 WD_amp= 9.30969E+13  RESID_RMS= 2.46402E-01  FCOST_DATA= 3.03569E-02  FCOST0= 3.03569E-02
||Frechet||_F=  7.6470E-19max|Frechet|=  2.4863E-23
||Frechet||_F=  7.6470E-19max|Frechet|=  2.4863E-23
||Frechet||_F=  7.6470E-19max|Frechet|=  2.4863E-23
||Frechet||_F=  7.6470E-19max|Frechet|=  2.4863E-23
Grad block   3 GRAD_SCALED MORM =   7.2932E-03
Gradient finished
Start LBFGS 
curvature (warm): s·y=  1.0860E-04  ||s||^2=  7.8289E-02  ||y||^2=  4.2537E-06  sTy_min=  5.7708E-05
LBFGS step: g·p = -2.3637E-03  ||p||=  3.8687E+00
LBFGS step: min(p)= -3.7342E-01  max(p)=  4.0874E-01
LBFGS p_k (unscaled) stats per active parameter:
  IA=  3  PAR={C13}  min=-8.37796E+08  max= 9.17051E+08  L2= 8.67981E+09
min(p_k)= -3.7342E-01  max(p_k)=  4.0874E-01  ||p_k||=  3.8687E+00
min(p_kf)= -3.7342E-01  max(p_kf)=  4.0874E-01  ||p_kf||=  1.5475E+01
p_k/p_kf  =   2.5000E-01
Start linesearch
MT entry: phi(0)=  3.0357E-02  dg0= -2.3637E-03  alpha0=  1.0000E+00
 UPDATEPARAMETER: f-scale only
UPDATEPARAMETER PAR_STEP min/max, V_STEP min/max = -8.3405205676E+09  1.2243004193E+10
 -8.3405205676E+09  1.2243004193E+10
 WD_amp= 9.30969E+13  RESID_RMS= 2.61164E-01  FCOST_DATA= 3.41034E-02  FCOST0= 3.41034E-02
  
 -------------- calculate Frechet derivatives -----------
 IFREQ =          14    ITERATION =           5
||Frechet||_F=  7.6530E-19max|Frechet|=  2.4639E-23
||Frechet||_F=  7.6530E-19max|Frechet|=  2.4639E-23
||Frechet||_F=  7.6530E-19max|Frechet|=  2.4639E-23
||Frechet||_F=  7.6530E-19max|Frechet|=  2.4639E-23
||Frechet||_F=  7.6530E-19max|Frechet|=  2.4639E-23
||Frechet||_F=  7.6530E-19max|Frechet|=  2.4639E-23
Grad block   3 GRAD_SCALED MORM =   1.4732E-02
MT try: alpha=  1.0000E+00  phi=  3.4103E-02  dg=  4.0645E-03  dg0= -2.3637E-03
MT try: armijo_rhs=  3.0357E-02  armijo=F  curvature=F  task=FG
 UPDATEPARAMETER: f-scale only
UPDATEPARAMETER PAR_STEP min/max, V_STEP min/max = -8.7243338964E+09  1.2243726156E+10
 -8.7243338964E+09  1.2243726156E+10
 WD_amp= 9.30969E+13  RESID_RMS= 2.45574E-01  FCOST_DATA= 3.01532E-02  FCOST0= 3.01532E-02
  
 -------------- calculate Frechet derivatives -----------
 IFREQ =          14    ITERATION =           5
||Frechet||_F=  7.6478E-19max|Frechet|=  2.4841E-23
||Frechet||_F=  7.6478E-19max|Frechet|=  2.4841E-23
||Frechet||_F=  7.6478E-19max|Frechet|=  2.4841E-23
||Frechet||_F=  7.6478E-19max|Frechet|=  2.4841E-23
||Frechet||_F=  7.6478E-19max|Frechet|=  2.4841E-23
||Frechet||_F=  7.6478E-19max|Frechet|=  2.4841E-23
Grad block   3 GRAD_SCALED MORM =   7.0437E-03
MT try: alpha=  1.0777E-01  phi=  3.0153E-02  dg= -1.6305E-03  dg0= -2.3637E-03
MT try: armijo_rhs=  3.0357E-02  armijo=T  curvature=T  task=FG
  
  
Convergence reached, updating parameter grid
ALPHA from line search =  .1077736758772889
 FCOST0 after linesearch  3.015322317461983E-002
Norm of s (s_norm) =  .4169436080736024
  
  
Convergence check at iteration    5
  Relative cost decrease  =  6.7097E-03
  Relative model update   =  0.0000E+00
  Relative grad. norm     =  7.0165E-01
Time for LBFGS =  27.14134114583333 min
  
  
  
 Frequency:          14 Iteration:           6
t_global   =    520.298 s
  
 -------------- calculate Frechet derivatives -----------
 IFREQ =          14    ITERATION =           6
||Frechet||_F=  7.6478E-19max|Frechet|=  2.4841E-23
||Frechet||_F=  7.6478E-19max|Frechet|=  2.4841E-23
 
TIME for Frechet calc =  5.240713500976563 min
 
 
  compute the residual and the cost function
 WD_amp= 9.30969E+13  RESID_RMS= 2.45574E-01  FCOST_DATA= 3.01532E-02  FCOST0= 3.01532E-02
||Frechet||_F=  7.6478E-19max|Frechet|=  2.4841E-23
||Frechet||_F=  7.6478E-19max|Frechet|=  2.4841E-23
||Frechet||_F=  7.6478E-19max|Frechet|=  2.4841E-23
||Frechet||_F=  7.6478E-19max|Frechet|=  2.4841E-23
Grad block   3 GRAD_SCALED MORM =   7.0437E-03
Gradient finished
Start LBFGS 
curvature (warm): s·y=  7.9011E-05  ||s||^2=  1.7384E-01  ||y||^2=  1.0684E-06  sTy_min=  4.3096E-05
LBFGS step: g·p = -2.4535E-03  ||p||=  4.7262E+00
LBFGS step: min(p)= -4.4310E-01  max(p)=  5.3020E-01
LBFGS p_k (unscaled) stats per active parameter:
  IA=  3  PAR={C13}  min=-9.94138E+08  max= 1.18956E+09  L2= 1.06037E+10
min(p_k)= -4.4310E-01  max(p_k)=  5.3020E-01  ||p_k||=  4.7262E+00
min(p_kf)= -4.4310E-01  max(p_kf)=  5.3020E-01  ||p_kf||=  1.8905E+01
p_k/p_kf  =   2.5000E-01
Start linesearch
MT entry: phi(0)=  3.0153E-02  dg0= -2.4535E-03  alpha0=  1.0000E+00
 UPDATEPARAMETER: f-scale only
UPDATEPARAMETER PAR_STEP min/max, V_STEP min/max = -8.1265208910E+09  1.2243349230E+10
 -8.1265208910E+09  1.2243349230E+10
 WD_amp= 9.30969E+13  RESID_RMS= 2.82238E-01  FCOST_DATA= 3.98292E-02  FCOST0= 3.98292E-02
  
 -------------- calculate Frechet derivatives -----------
 IFREQ =          14    ITERATION =           6
||Frechet||_F=  7.6752E-19max|Frechet|=  2.4662E-23
||Frechet||_F=  7.6752E-19max|Frechet|=  2.4662E-23
||Frechet||_F=  7.6752E-19max|Frechet|=  2.4662E-23
||Frechet||_F=  7.6752E-19max|Frechet|=  2.4662E-23
||Frechet||_F=  7.6752E-19max|Frechet|=  2.4662E-23
||Frechet||_F=  7.6752E-19max|Frechet|=  2.4662E-23
Grad block   3 GRAD_SCALED MORM =   2.6816E-02
MT try: alpha=  1.0000E+00  phi=  3.9829E-02  dg=  9.3806E-03  dg0= -2.4535E-03
MT try: armijo_rhs=  3.0153E-02  armijo=F  curvature=F  task=FG
 UPDATEPARAMETER: f-scale only
UPDATEPARAMETER PAR_STEP min/max, V_STEP min/max = -8.6932391067E+09  1.2243509950E+10
 -8.6932391067E+09  1.2243509950E+10
 WD_amp= 9.30969E+13  RESID_RMS= 2.45213E-01  FCOST_DATA= 3.00646E-02  FCOST0= 3.00646E-02
  
 -------------- calculate Frechet derivatives -----------
 IFREQ =          14    ITERATION =           6
||Frechet||_F=  7.6498E-19max|Frechet|=  2.4832E-23
||Frechet||_F=  7.6498E-19max|Frechet|=  2.4832E-23
||Frechet||_F=  7.6498E-19max|Frechet|=  2.4832E-23
||Frechet||_F=  7.6498E-19max|Frechet|=  2.4832E-23
||Frechet||_F=  7.6498E-19max|Frechet|=  2.4832E-23
||Frechet||_F=  7.6498E-19max|Frechet|=  2.4832E-23
Grad block   3 GRAD_SCALED MORM =   6.8922E-03
MT try: alpha=  5.2014E-02  phi=  3.0065E-02  dg= -1.8572E-03  dg0= -2.4535E-03
MT try: armijo_rhs=  3.0153E-02  armijo=T  curvature=T  task=FG
  
Convergence reached, updating parameter grid
ALPHA from line search =  .5201424100010890E-01
 FCOST0 after linesearch  3.006463262090627E-002
Norm of s (s_norm) =  .2458290285447593
  
  
  
  
  
Convergence check at iteration    6
  Relative cost decrease  =  2.9380E-03
  Relative model update   =  0.0000E+00
  Relative grad. norm     =  5.5996E-01
Time for LBFGS =  27.52666625976563 min
  
 Frequency:          14 Iteration:           7
t_global   =    519.524 s
  
 -------------- calculate Frechet derivatives -----------
 IFREQ =          14    ITERATION =           7
||Frechet||_F=  7.6498E-19max|Frechet|=  2.4832E-23
||Frechet||_F=  7.6498E-19max|Frechet|=  2.4832E-23
||Frechet||_F=  7.6498E-19max|Frechet|=  2.4832E-23
||Frechet||_F=  7.6498E-19max|Frechet|=  2.4832E-23
||Frechet||_F=  7.6498E-19max|Frechet|=  2.4832E-23
 
TIME for Frechet calc =  5.198125203450521 min
 
 
  compute the residual and the cost function
 WD_amp= 9.30969E+13  RESID_RMS= 2.45213E-01  FCOST_DATA= 3.00646E-02  FCOST0= 3.00646E-02
||Frechet||_F=  7.6498E-19max|Frechet|=  2.4832E-23
Grad block   3 GRAD_SCALED MORM =   6.8922E-03
Gradient finished
Start LBFGS 
curvature (full): s·y=  3.1015E-05  ||s||^2=  6.0432E-02  ||y||^2=  8.9655E-07  sTy_min=  2.3277E-05
 
LBFGS step(full): g·p = -3.5576E-03  ||p||=  8.1004E+00
LBFGS step(full): min(p)= -7.6503E-01  max(p)=  9.3270E-01
LBFGS p_k (unscaled) stats per active parameter:
  IA=  3  PAR={C13}  min=-1.71642E+09  max= 2.09261E+09  L2= 1.81741E+10
min(p_k)= -7.6503E-01  max(p_k)=  9.3270E-01  ||p_k||=  8.1004E+00
min(p_kf)= -7.6503E-01  max(p_kf)=  9.3270E-01  ||p_kf||=  3.2402E+01
p_k/p_kf  =   2.5000E-01
Start linesearch
MT entry: phi(0)=  3.0065E-02  dg0= -3.5576E-03  alpha0=  1.0000E+00
 UPDATEPARAMETER: f-scale only
UPDATEPARAMETER PAR_STEP min/max, V_STEP min/max = -7.6795915257E+09  1.2249137751E+10
 -7.6795915257E+09  1.2249137751E+10
 WD_amp= 9.30969E+13  RESID_RMS= 3.28996E-01  FCOST_DATA= 5.41193E-02  FCOST0= 5.41193E-02
  
 -------------- calculate Frechet derivatives -----------
 IFREQ =          14    ITERATION =           7
||Frechet||_F=  7.6567E-19max|Frechet|=  2.4061E-23
||Frechet||_F=  7.6567E-19max|Frechet|=  2.4061E-23
||Frechet||_F=  7.6567E-19max|Frechet|=  2.4061E-23
||Frechet||_F=  7.6567E-19max|Frechet|=  2.4061E-23
||Frechet||_F=  7.6567E-19max|Frechet|=  2.4061E-23
||Frechet||_F=  7.6567E-19max|Frechet|=  2.4061E-23
Grad block   3 GRAD_SCALED MORM =   2.8366E-02
MT try: alpha=  1.0000E+00  phi=  5.4119E-02  dg=  1.8058E-02  dg0= -3.5576E-03
MT try: armijo_rhs=  3.0064E-02  armijo=F  curvature=F  task=FG
 UPDATEPARAMETER: f-scale only
UPDATEPARAMETER PAR_STEP min/max, V_STEP min/max = -8.6630471326E+09  1.2243287220E+10
 -8.6630471326E+09  1.2243287220E+10
 WD_amp= 9.30969E+13  RESID_RMS= 2.44978E-01  FCOST_DATA= 3.00070E-02  FCOST0= 3.00070E-02
  
 -------------- calculate Frechet derivatives -----------
 IFREQ =          14    ITERATION =           7
||Frechet||_F=  7.6509E-19max|Frechet|=  2.4817E-23
||Frechet||_F=  7.6509E-19max|Frechet|=  2.4817E-23
||Frechet||_F=  7.6509E-19max|Frechet|=  2.4817E-23
||Frechet||_F=  7.6509E-19max|Frechet|=  2.4817E-23
||Frechet||_F=  7.6509E-19max|Frechet|=  2.4817E-23
||Frechet||_F=  7.6509E-19max|Frechet|=  2.4817E-23
Grad block   3 GRAD_SCALED MORM =   6.8282E-03
MT try: alpha=  2.9785E-02  phi=  3.0007E-02  dg= -2.8563E-03  dg0= -3.5576E-03
MT try: armijo_rhs=  3.0065E-02  armijo=T  curvature=T  task=FG
Convergence reached, updating parameter grid
ALPHA from line search =  .2978547442957970E-01
 FCOST0 after linesearch  3.000703077204725E-002
Norm of s (s_norm) =  .2412747138247320
  
  
  
  
  
  
Convergence check at iteration    7
  Relative cost decrease  =  1.9159E-03
  Relative model update   =  0.0000E+00
  Relative grad. norm     =  5.4156E-01
Time for LBFGS =  27.09007161458333 min
  projecting back to physical grid for next frequency
  end of  frequency           15
 CR0 shape           6       27846      167076
 C0 shape           6       27846      167076
 RESULT FILES CLOSED
 Total iterations executed =           96
 Time of operation was    2615.67119434650      min
-------------------------------
End time: Tue May 26 18:42:04 +04 2026
===== MPI Execution Completed (status=0) =====
==== Job ended at: Tue May 26 18:42:04 +04 2026 ====
Total runtime (task 3): 43:35:42
Job completed. Results in /home/USER/53_lbfgs_nblock_merge/10Marmousi_VTI2/output_260524_4365098_3
