==== Job started at: Mon May 25 10:42:15 +04 2026 ====
[Task 8] Waiting for Seis2D_GQG_FWI_4365098 to be built...
[Task 8] Found Seis2D_GQG_FWI_4365098, proceeding.
===== Starting MPI Execution =====
Start time: Mon May 25 10:42:16 +04 2026
Job ID: 4365098, Array task: 8
Nodes: cn-111-[3,5],cn-114-24,cn-118-[31-33]
CPUs per task: 52
Memory per node: Not specified
----------------------------------
 n_process           6
 Build mode   : RELEASE
                                                       
       ************************************************
       *                                              *
       * 2D/2.5D frequency-domain seismic wave model- *
       * ing  in  arbitrary  anisotropic viscoelastic *
       * media with GQG approach and multiparameter FWI *
       ************************************************
 MainInput file
 /home/USER/Models/Marmousi_VTI_2/Main_synth_Marmousi_TI_4000_20m_
 sig4_v800_8.inp
 InitInput file
 /home/USER/Models/Marmousi_VTI_2/Init_VTI_Marmousi_TI_4400_20m_si
 g4_v800_1d.inp
 ---- (1) working-job definition ----------------
lambda_min:         102.2222
Element spacing:  DX=   51.00  DZ=   51.00
NORD (points/elem)= 5
Required Nodal spacing:    =    0.00  Actual Nodal spacing=   12.75
PPW_x=   8.017  PPW_z=   8.017
Required PPW =  5.0 (on lambda_min)
 Sampling OK (PPW >= required).
 InitInputQ file
 /home/USER/Models/Marmousi_VTI_2/InitQ_VTI_Marmousi_TI_4400_20m_s
 ig4_v800_1d.inp
 ------------------------ TOPOGRAPHY DATA  --------------------------           
  
 
XMIN =      0.00 XMAX =   4400.00 ZMIN =      0.00 ZMAX =      0.00
   
       (4) anisotropic model
 MODEL PARAMETERS LOADED
       (5) data acquisition mode
 beta for hess  5.000000000000000E-003
 beta for hess  5.000000000000000E-003
 beta for hess  5.000000000000000E-003
 beta for hess  5.000000000000000E-003
 beta for hess  5.000000000000000E-003
 beta for hess  5.000000000000000E-003
 INITIAL INPUT LOADING COMPLETE
 param_scale_raw(IA=  1) =  2.62700E+03
 param_scale_raw(IA=  2) =  6.89400E+10
 param_scale_raw(IA=  3) =  2.34760E+10
 param_scale_raw(IA=  4) =  5.80300E+10
 param_scale_raw(IA=  5) =  1.93200E+10
 param_scale_raw(IA=  6) =  2.29520E+10
 param_scale_raw(IA=  7) =  2.14808E+02
 param_scale_raw(IA=  8) =  2.29255E+02
 param_scale_raw(IA=  9) =  2.35000E+02
 param_scale_raw(IA= 10) =  1.35595E+02
 param_scale_raw(IA= 11) =  1.23944E+02
 --- Building single global mesh for all bands (NORD=           5 , DX=
   51.0000000000000      , DZ=   51.0000000000000      )  FREQ_MESH=
   9.00000000000000     
 Max source burial for GQG mask (m) =   0.000000000000000E+000
 IZ for GQG mesh =            0
Original XMIN =      0.000
 Original XMAX =   4400.000
Original ZMIN =  -2500.000
 Original ZMAX =      0.000
  
 
actual absorb. zone=      1540.98m  cells=   30
Adjusted XMIN =  -1530.000  XMAX =   5930.000
Adjusted ZMIN =  -4030.000
Computed NX, NZ  (COARSE grid) =      147       80 NBLOCK (elements) =    11534
Computed NNX, NNZ (GQG) =      585      317 NPT (grid pts) =   185445
 
calling ShiftCoordinates for FREQ   9.00
       Shifted X_range:        -3730.0000          3730.0000
       Shifted Z_range:            0.0000          4030.0000
 
calling GQG_2D for FREQ   9.00
Data weighting computed for frequency 4607182418800017373
Data weighting computed for frequency 4607182418800017373
Data weighting computed for frequency 4607182418800017373
Data weighting computed for frequency 4607182418800017373
Data weighting computed for frequency 4607182418800017373
 GQG grid created
 --- SHIFT/MAP CHECK (53) ---
XM first,last =     -2200.0000     2200.0000
ZM first 10:
   1.530000E+03   1.550000E+03   1.570000E+03   1.590000E+03   1.610000E+03   1.630000E+03   1.650000E+03   1.670000E+03   1.690000E+03   1.710000E+03
XSR,ZSR first 10:
   1     -1960.0000      4030.0000
   2     -1760.0000      4030.0000
   3     -1560.0000      4030.0000
   4     -1360.0000      4030.0000
   5     -1160.0000      4030.0000
   6      -960.0000      4030.0000
   7      -760.0000      4030.0000
   8      -560.0000      4030.0000
   9      -360.0000      4030.0000
  10      -160.0000      4030.0000
MSR(1) =      8
MSR1(1,:) first 10:
    44062    44063    44379    44380    44696    44697    45013    45014
FSR(1,:) first 10:
   1.161652E-01   1.516380E-01   1.478479E-01   2.570689E-01   9.152785E-02   1.061466E-01   6.272416E-02   6.688134E-02
SIG(1) 920.0000000000000 FREQ2 9.000000000000000
       Min.wavel.:      102.22  Min.subd.=
IE0, IZ 30 0
 --------- Frequency   3.05000000000000       (band            1 )
[ComputeAcqWeight] empty acq_weight_file, using uniform weights = 1.0
Data weighting computed for frequency 4607182418800017373
XSRmin, XSRmax, ZSRmin, ZSRMax -1960.000000000000 .000000000000000 2050.000000000000 4030.000000000000
1 FKYC
1.2 FKYC
my_rank, FKYC,WLMAX, RMAX 0 .2499615024377965E-01 1679.599604866482 2786.036611389018
1.1 NK
NK in cky2= 55

  Number of wavenumber samples (NK) for FREQ =   55
  RMAX = 2786.04
--- Pre-solver preview (memory + RHS workload) ---
   GQG dims: NNX=       585  NNZ=       317  NPT=    185445
   DOF:     N=3*NPT =    556335
   Sources: NSR=       100  NSS=        20  NK=        55
   RHS total (per IK): nrhs_tot=3*NSS =        60
   Batch:    MAX_RHS_BATCH=        32  nbatches=         2
   GFMY  (GFX+GFY+GFZ):         13.679 GB
   RHS_MY(rhs+sol buffers):      0.531 GB
 
 running run_ik_loop_pardiso
before CA | VmRSS=  13.843 GB  VmHWM=  13.843 GB
after CA | VmRSS=  15.633 GB  VmHWM=  19.629 GB
after factor | VmRSS=  19.553 GB  VmHWM=  19.629 GB
f=     3.050 Hz | ky=  0.454475E-03 | IK=       1/      55 | t=   17.336100 s | CA=  2.4940 | fact= 12.9272 | GF=  1.9147 | solve=  1.7611 | scatter=  0.0509
f=     3.050 Hz | ky=  0.908951E-03 | IK=       2/      55 | t=    6.977300 s | CA=  2.6272 | fact=  2.5461 | GF=  1.8039 | solve=  1.6789 | scatter=  0.0522
f=     3.050 Hz | ky=  0.136343E-02 | IK=       3/      55 | t=    6.985000 s | CA=  2.6422 | fact=  2.5401 | GF=  1.8027 | solve=  1.6783 | scatter=  0.0516
f=     3.050 Hz | ky=  0.181790E-02 | IK=       4/      55 | t=    7.014300 s | CA=  2.6574 | fact=  2.5457 | GF=  1.8112 | solve=  1.6869 | scatter=  0.0514
f=     3.050 Hz | ky=  0.227238E-02 | IK=       5/      55 | t=    6.953300 s | CA=  2.6086 | fact=  2.5359 | GF=  1.8088 | solve=  1.6818 | scatter=  0.0540
f=     3.050 Hz | ky=  0.272685E-02 | IK=       6/      55 | t=    6.960000 s | CA=  2.6051 | fact=  2.5472 | GF=  1.8076 | solve=  1.6838 | scatter=  0.0505
f=     3.050 Hz | ky=  0.318133E-02 | IK=       7/      55 | t=    6.988800 s | CA=  2.6271 | fact=  2.5508 | GF=  1.8109 | solve=  1.6848 | scatter=  0.0532
f=     3.050 Hz | ky=  0.363580E-02 | IK=       8/      55 | t=    7.004400 s | CA=  2.6445 | fact=  2.5488 | GF=  1.8111 | solve=  1.6853 | scatter=  0.0528
f=     3.050 Hz | ky=  0.409028E-02 | IK=       9/      55 | t=    6.987700 s | CA=  2.6503 | fact=  2.5308 | GF=  1.8065 | solve=  1.6824 | scatter=  0.0511
f=     3.050 Hz | ky=  0.454475E-02 | IK=      10/      55 | t=    6.992400 s | CA=  2.6164 | fact=  2.5641 | GF=  1.8118 | solve=  1.6865 | scatter=  0.0524
PARDISO mem (f=  3.05 Hz): sym=  1.95 GB  perm=  1.42 GB  num=  3.22 GB  
peak=  4.64 GB
t_global   =    119.705 s
TIME for 1st forward modeling =  1.970038350423177  min
TIME for GT0 =  .5264999965826671E-02  min
Data scaler W for L2 norm: 56656229808913.63
Data scaler W for WQS norm: .1007948000807317E-312
Total number of active inversion parameters for current sequential stage (IM):          1
Total model blocks points (NM = IM * NBLOCK):      11534 on grid (NMM = IM * NPT):    185445
 Gradient balance ():   1.00000000000000        1.00000000000000     
   1.00000000000000        1.00000000000000        1.00000000000000     
   1.00000000000000        1.00000000000000        1.00000000000000     
   1.00000000000000        1.00000000000000        1.00000000000000     
 IE0, IZ          30           0
 IE0, IZ, GZ1, GZ2 =           30           0   100.000000000000     
   300.000000000000     
  
 Frequency:           1 Iteration:           1
--- Pre-solver preview (memory + RHS workload) ---
   GQG dims: NNX=       585  NNZ=       317  NPT=    185445
   DOF:     N=3*NPT =    556335
   Sources: NSR=       100  NSS=       100  NK=        55
   RHS total (per IK): nrhs_tot=3*NSS =       300
   Batch:    MAX_RHS_BATCH=        32  nbatches=        10
   GFMY  (GFX+GFY+GFZ):         68.393 GB
   RHS_MY(rhs+sol buffers):      0.531 GB
 
 running run_ik_loop_pardiso
before CA | VmRSS=  69.728 GB  VmHWM=  69.728 GB
after CA | VmRSS=  71.974 GB  VmHWM=  75.967 GB
after factor | VmRSS=  75.830 GB  VmHWM=  75.967 GB
f=     3.050 Hz | ky=  0.454475E-03 | IK=       1/      55 | t=   24.387500 s | CA=  2.5198 | fact= 12.8209 | GF=  9.0466 | solve=  8.2298 | scatter=  0.4104
f=     3.050 Hz | ky=  0.908951E-03 | IK=       2/      55 | t=   13.912100 s | CA=  2.5871 | fact=  2.5068 | GF=  8.8182 | solve=  8.1838 | scatter=  0.2566
f=     3.050 Hz | ky=  0.136343E-02 | IK=       3/      55 | t=   13.941600 s | CA=  2.5962 | fact=  2.5396 | GF=  8.8058 | solve=  8.1754 | scatter=  0.2522
f=     3.050 Hz | ky=  0.181790E-02 | IK=       4/      55 | t=   13.584400 s | CA=  2.6077 | fact=  2.5407 | GF=  8.4360 | solve=  7.8033 | scatter=  0.2547
f=     3.050 Hz | ky=  0.227238E-02 | IK=       5/      55 | t=   13.443200 s | CA=  2.6300 | fact=  2.5322 | GF=  8.2810 | solve=  7.6420 | scatter=  0.2597
f=     3.050 Hz | ky=  0.272685E-02 | IK=       6/      55 | t=   13.498200 s | CA=  2.6784 | fact=  2.5287 | GF=  8.2910 | solve=  7.6599 | scatter=  0.2520
f=     3.050 Hz | ky=  0.318133E-02 | IK=       7/      55 | t=   13.432100 s | CA=  2.5689 | fact=  2.5656 | GF=  8.2976 | solve=  7.6644 | scatter=  0.2537
f=     3.050 Hz | ky=  0.363580E-02 | IK=       8/      55 | t=   13.467900 s | CA=  2.6279 | fact=  2.5653 | GF=  8.2747 | solve=  7.6435 | scatter=  0.2517
f=     3.050 Hz | ky=  0.409028E-02 | IK=       9/      55 | t=   13.472900 s | CA=  2.6193 | fact=  2.5596 | GF=  8.2939 | solve=  7.6599 | scatter=  0.2543
f=     3.050 Hz | ky=  0.454475E-02 | IK=      10/      55 | t=   13.445700 s | CA=  2.5817 | fact=  2.5612 | GF=  8.3028 | solve=  7.6625 | scatter=  0.2597
PARDISO mem (f=  3.05 Hz): sym=  1.95 GB  perm=  1.42 GB  num=  3.22 GB  
peak=  4.64 GB
t_global   =    332.242 s
TIME for 2d forward modeling_i calc =  5.536968485514323 min
Rank    4 -> ID range:   3201 to   4000 | Tasks:    800
Rank    5 -> ID range:   4001 to   4800 | Tasks:    800
Rank    2 -> ID range:   1601 to   2400 | Tasks:    800
Rank    3 -> ID range:   2401 to   3200 | Tasks:    800
Rank    1 -> ID range:    801 to   1600 | Tasks:    800
  
 -------------- calculate Frechet derivatives -----------
 IFREQ =           1    ITERATION =           1
Frechet memory size Frec_my:      0.825 (Gb)
Rank    0 -> ID range:      1 to    800 | Tasks:    800
FREQ:      3.0 Hz, ITER=       1  Frechet Derivative ID=     100/    4800 Finished   0.212200 s
FREQ:      3.0 Hz, ITER=       1  Frechet Derivative ID=     200/    4800 Finished   0.213600 s
FREQ:      3.0 Hz, ITER=       1  Frechet Derivative ID=     300/    4800 Finished   0.212500 s
FREQ:      3.0 Hz, ITER=       1  Frechet Derivative ID=     400/    4800 Finished   0.200000 s
FREQ:      3.0 Hz, ITER=       1  Frechet Derivative ID=     500/    4800 Finished   0.227900 s
FREQ:      3.0 Hz, ITER=       1  Frechet Derivative ID=     600/    4800 Finished   0.215400 s
FREQ:      3.0 Hz, ITER=       1  Frechet Derivative ID=     700/    4800 Finished   0.221900 s
FREQ:      3.0 Hz, ITER=       1  Frechet Derivative ID=     800/    4800 Finished   0.211300 s
||Frechet||_F=  3.8883E-14max|Frechet|=  4.7262E-19
||Frechet||_F=  3.8883E-14max|Frechet|=  4.7262E-19
||Frechet||_F=  3.8883E-14max|Frechet|=  4.7262E-19
||Frechet||_F=  3.8883E-14max|Frechet|=  4.7262E-19
||Frechet||_F=  3.8883E-14max|Frechet|=  4.7262E-19
 
TIME for Frechet calc =  2.919834899902344 min
 
||Frechet||_F=  3.8883E-14max|Frechet|=  4.7262E-19
IA=  8  max|F|= 2.67766E-05  rms|F|= 2.08795E-07  F_SCALE(Inf)= 3.73460E+04  F_SCALE_L2= 4.78938E+06
m_fine: min=  1.7935E+02  max=  2.2925E+02  mean=  2.1144E+02  ||.||2=  9.1451E+04  size=  185445
m_coarse_prev: min=  1.7940E+02  max=  2.2926E+02  mean=  2.1147E+02  ||.||2=  2.2809E+04  size=   11534
 
  compute the residual and the cost function
 WD_amp= 5.66562E+13  RESID_RMS= 2.12363E-04  FCOST_DATA= 2.25489E-08  FCOST0= 2.25489E-08
IA=  8  H(single F0) min= 0.00000E+00  max= 4.09353E-03
IA=  8  H(F0^2)     min= 0.00000E+00  max= 4.09353E-03
IA=  8  H(single F0) min= 0.00000E+00  max= 4.09353E-03
IA=  8  H(F0^2)     min= 0.00000E+00  max= 4.09353E-03
HESSD: ia=   8  min= 0.00000E+00  max= 4.88397E+04
HESSD: ia=   8  min= 0.00000E+00  max= 4.88397E+04
IA=  8  H(single F0) min= 0.00000E+00  max= 4.09353E-03
IA=  8  H(F0^2)     min= 0.00000E+00  max= 4.09353E-03
HESSD: ia=   8  min= 0.00000E+00  max= 4.88397E+04
IA=  8  H(single F0) min= 0.00000E+00  max= 4.09353E-03
IA=  8  H(F0^2)     min= 0.00000E+00  max= 4.09353E-03
HESSD: ia=   8  min= 0.00000E+00  max= 4.88397E+04
IA=  8  H(single F0) min= 0.00000E+00  max= 4.09353E-03
IA=  8  H(F0^2)     min= 0.00000E+00  max= 4.09353E-03
HESSD: ia=   8  min= 0.00000E+00  max= 4.88397E+04
IA=  8  H(single F0) min= 0.00000E+00  max= 4.09353E-03
IA=  8  H(F0^2)     min= 0.00000E+00  max= 4.09353E-03
HESSD: ia=   8  min= 0.00000E+00  max= 4.88397E+04
Grad block   8 GRAD_SCALED MORM =   1.4184E-05
Raw grad block  8  PAR={Q13}  min= -1.2766E-11  max=  4.4392E-11  L2=  3.8867E-10
Gradient finished
Start LBFGS 
LBFGS steepest step , iter=      1
  g·p = -4.2583E-07  ||p|| =  5.5265E-02
  min(p)= -3.1820E-03  max(p)=  2.0438E-03
LBFGS p_k (unscaled) stats per active parameter:
  IA=  8  PAR={Q13}  min=-1.18833E+02  max= 7.63270E+01  L2= 2.06393E+03
min(p_k)= -3.1820E-03  max(p_k)=  2.0438E-03  ||p_k||=  5.5265E-02
min(p_kf)= -3.1820E-03  max(p_kf)=  2.0438E-03  ||p_kf||=  2.2106E-01
p_k/p_kf  =   2.5000E-01
Start linesearch
BT entry: phi(0)=  2.2549E-08  g·p(0)= -4.2583E-07
 UPDATEPARAMETER: f-scale only
UPDATEPARAMETER PAR_STEP min/max, V_STEP min/max =  6.7858082166E+01  2.6521097781E+02
  6.7858082166E+01  2.6521097781E+02
REL STEP Q      : k=  8 row=  3 rmax_k=  6.3529E-01 row_scale=  2.2925E+02
BT cap probe: rmax1=  6.3529E-01  alpha_cap=  7.8704E-01  alpha00=  1.0000E+00
 UPDATEPARAMETER: f-scale only
UPDATEPARAMETER PAR_STEP min/max, V_STEP min/max =  9.3031000000E+01  2.4895624805E+02
  9.3031000000E+01  2.4895624805E+02
 running run_ik_loop_pardiso
before CA | VmRSS=  15.057 GB  VmHWM=  80.978 GB
after CA | VmRSS=  17.783 GB  VmHWM=  80.978 GB
after factor | VmRSS=  21.576 GB  VmHWM=  80.978 GB
f=     3.050 Hz | ky=  0.454475E-03 | IK=       1/      55 | t=   17.266600 s | CA=  2.4996 | fact= 12.8550 | GF=  1.9118 | solve=  1.7572 | scatter=  0.0524
f=     3.050 Hz | ky=  0.908951E-03 | IK=       2/      55 | t=    6.931500 s | CA=  2.5962 | fact=  2.5263 | GF=  1.8090 | solve=  1.6842 | scatter=  0.0514
f=     3.050 Hz | ky=  0.136343E-02 | IK=       3/      55 | t=    6.891700 s | CA=  2.5620 | fact=  2.5212 | GF=  1.8085 | solve=  1.6835 | scatter=  0.0520
f=     3.050 Hz | ky=  0.181790E-02 | IK=       4/      55 | t=    7.022300 s | CA=  2.6976 | fact=  2.5168 | GF=  1.8078 | solve=  1.6820 | scatter=  0.0530
f=     3.050 Hz | ky=  0.227238E-02 | IK=       5/      55 | t=    6.991500 s | CA=  2.6405 | fact=  2.5458 | GF=  1.8052 | solve=  1.6806 | scatter=  0.0516
f=     3.050 Hz | ky=  0.272685E-02 | IK=       6/      55 | t=    7.032200 s | CA=  2.6783 | fact=  2.5469 | GF=  1.8070 | solve=  1.6791 | scatter=  0.0545
f=     3.050 Hz | ky=  0.318133E-02 | IK=       7/      55 | t=    6.997000 s | CA=  2.6533 | fact=  2.5387 | GF=  1.8050 | solve=  1.6803 | scatter=  0.0520
f=     3.050 Hz | ky=  0.363580E-02 | IK=       8/      55 | t=    7.009100 s | CA=  2.6470 | fact=  2.5526 | GF=  1.8094 | solve=  1.6833 | scatter=  0.0532
f=     3.050 Hz | ky=  0.409028E-02 | IK=       9/      55 | t=    6.989800 s | CA=  2.6518 | fact=  2.5361 | GF=  1.8018 | solve=  1.6763 | scatter=  0.0526
f=     3.050 Hz | ky=  0.454475E-02 | IK=      10/      55 | t=    6.996000 s | CA=  2.6401 | fact=  2.5449 | GF=  1.8109 | solve=  1.6859 | scatter=  0.0519
PARDISO mem (f=  3.05 Hz): sym=  1.95 GB  perm=  1.42 GB  num=  3.22 GB  
peak=  4.64 GB
 WD_amp= 5.66562E+13  RESID_RMS= 5.37810E-03  FCOST_DATA= 1.44620E-05  FCOST0= 1.44620E-05
BT: alpha=  7.8704E-01  phi=  1.4462E-05  rhs=  2.2515E-08
 UPDATEPARAMETER: f-scale only
UPDATEPARAMETER PAR_STEP min/max, V_STEP min/max =  1.3944807247E+02  2.3098390591E+02
  1.3944807247E+02  2.3098390591E+02
 running run_ik_loop_pardiso
before CA | VmRSS=  15.224 GB  VmHWM=  80.978 GB
after CA | VmRSS=  17.731 GB  VmHWM=  80.978 GB
after factor | VmRSS=  21.495 GB  VmHWM=  80.978 GB
f=     3.050 Hz | ky=  0.454475E-03 | IK=       1/      55 | t=   17.211900 s | CA=  2.4866 | fact= 12.8177 | GF=  1.9074 | solve=  1.7532 | scatter=  0.0518
f=     3.050 Hz | ky=  0.908951E-03 | IK=       2/      55 | t=    6.972000 s | CA=  2.6709 | fact=  2.5322 | GF=  1.7688 | solve=  1.6438 | scatter=  0.0520
f=     3.050 Hz | ky=  0.136343E-02 | IK=       3/      55 | t=    6.820600 s | CA=  2.5779 | fact=  2.4849 | GF=  1.7577 | solve=  1.6332 | scatter=  0.0519
f=     3.050 Hz | ky=  0.181790E-02 | IK=       4/      55 | t=    6.951100 s | CA=  2.6617 | fact=  2.5617 | GF=  1.7277 | solve=  1.6014 | scatter=  0.0536
f=     3.050 Hz | ky=  0.227238E-02 | IK=       5/      55 | t=    6.856100 s | CA=  2.6016 | fact=  2.5368 | GF=  1.7176 | solve=  1.5915 | scatter=  0.0533
f=     3.050 Hz | ky=  0.272685E-02 | IK=       6/      55 | t=    6.881000 s | CA=  2.6144 | fact=  2.5405 | GF=  1.7260 | solve=  1.5994 | scatter=  0.0536
f=     3.050 Hz | ky=  0.318133E-02 | IK=       7/      55 | t=    6.848400 s | CA=  2.5848 | fact=  2.5435 | GF=  1.7200 | solve=  1.5955 | scatter=  0.0515
f=     3.050 Hz | ky=  0.363580E-02 | IK=       8/      55 | t=    6.900000 s | CA=  2.6174 | fact=  2.5566 | GF=  1.7260 | solve=  1.6019 | scatter=  0.0514
f=     3.050 Hz | ky=  0.409028E-02 | IK=       9/      55 | t=    6.837600 s | CA=  2.5837 | fact=  2.5259 | GF=  1.7279 | solve=  1.6023 | scatter=  0.0528
f=     3.050 Hz | ky=  0.454475E-02 | IK=      10/      55 | t=    6.889000 s | CA=  2.6011 | fact=  2.5616 | GF=  1.7262 | solve=  1.6003 | scatter=  0.0530
PARDISO mem (f=  3.05 Hz): sym=  1.95 GB  perm=  1.42 GB  num=  3.22 GB  
peak=  4.64 GB
 WD_amp= 5.66562E+13  RESID_RMS= 2.15318E-03  FCOST_DATA= 2.31809E-06  FCOST0= 2.31809E-06
BT: alpha=  3.9352E-01  phi=  2.3181E-06  rhs=  2.2532E-08
 UPDATEPARAMETER: f-scale only
UPDATEPARAMETER PAR_STEP min/max, V_STEP min/max =  1.6073787407E+02  2.3011945296E+02
  1.6073787407E+02  2.3011945296E+02
 running run_ik_loop_pardiso
before CA | VmRSS=  15.088 GB  VmHWM=  80.978 GB
after CA | VmRSS=  17.269 GB  VmHWM=  80.978 GB
after factor | VmRSS=  21.028 GB  VmHWM=  80.978 GB
f=     3.050 Hz | ky=  0.454475E-03 | IK=       1/      55 | t=   17.236400 s | CA=  2.5205 | fact= 12.8065 | GF=  1.9092 | solve=  1.7528 | scatter=  0.0535
f=     3.050 Hz | ky=  0.908951E-03 | IK=       2/      55 | t=    6.949700 s | CA=  2.5973 | fact=  2.5420 | GF=  1.8104 | solve=  1.6853 | scatter=  0.0524
f=     3.050 Hz | ky=  0.136343E-02 | IK=       3/      55 | t=    6.936500 s | CA=  2.6044 | fact=  2.5267 | GF=  1.8053 | solve=  1.6811 | scatter=  0.0512
f=     3.050 Hz | ky=  0.181790E-02 | IK=       4/      55 | t=    6.914600 s | CA=  2.5828 | fact=  2.5251 | GF=  1.8067 | solve=  1.6813 | scatter=  0.0524
f=     3.050 Hz | ky=  0.227238E-02 | IK=       5/      55 | t=    6.921200 s | CA=  2.5896 | fact=  2.5261 | GF=  1.8055 | solve=  1.6808 | scatter=  0.0520
f=     3.050 Hz | ky=  0.272685E-02 | IK=       6/      55 | t=    7.002900 s | CA=  2.6524 | fact=  2.5449 | GF=  1.8055 | solve=  1.6817 | scatter=  0.0509
f=     3.050 Hz | ky=  0.318133E-02 | IK=       7/      55 | t=    6.893100 s | CA=  2.5411 | fact=  2.5427 | GF=  1.8092 | solve=  1.6844 | scatter=  0.0516
f=     3.050 Hz | ky=  0.363580E-02 | IK=       8/      55 | t=    6.905600 s | CA=  2.5702 | fact=  2.5368 | GF=  1.7986 | solve=  1.6744 | scatter=  0.0510
f=     3.050 Hz | ky=  0.409028E-02 | IK=       9/      55 | t=    6.954200 s | CA=  2.6101 | fact=  2.5393 | GF=  1.8048 | solve=  1.6801 | scatter=  0.0517
f=     3.050 Hz | ky=  0.454475E-02 | IK=      10/      55 | t=    6.917300 s | CA=  2.5941 | fact=  2.5196 | GF=  1.8035 | solve=  1.6798 | scatter=  0.0508
PARDISO mem (f=  3.05 Hz): sym=  1.95 GB  perm=  1.42 GB  num=  3.22 GB  
peak=  4.64 GB
 WD_amp= 5.66562E+13  RESID_RMS= 9.24711E-04  FCOST_DATA= 4.27546E-07  FCOST0= 4.27546E-07
BT: alpha=  1.9676E-01  phi=  4.2755E-07  rhs=  2.2541E-08
 UPDATEPARAMETER: f-scale only
UPDATEPARAMETER PAR_STEP min/max, V_STEP min/max =  1.7098643704E+02  2.2968722648E+02
  1.7098643704E+02  2.2968722648E+02
 running run_ik_loop_pardiso
before CA | VmRSS=  16.045 GB  VmHWM=  80.978 GB
after CA | VmRSS=  17.247 GB  VmHWM=  80.978 GB
after factor | VmRSS=  21.007 GB  VmHWM=  80.978 GB
f=     3.050 Hz | ky=  0.454475E-03 | IK=       1/      55 | t=   17.215100 s | CA=  2.5115 | fact= 12.7928 | GF=  1.9105 | solve=  1.7554 | scatter=  0.0522
f=     3.050 Hz | ky=  0.908951E-03 | IK=       2/      55 | t=    6.931000 s | CA=  2.5839 | fact=  2.5406 | GF=  1.8065 | solve=  1.6790 | scatter=  0.0543
f=     3.050 Hz | ky=  0.136343E-02 | IK=       3/      55 | t=    6.923200 s | CA=  2.5820 | fact=  2.5311 | GF=  1.8101 | solve=  1.6858 | scatter=  0.0515
f=     3.050 Hz | ky=  0.181790E-02 | IK=       4/      55 | t=    6.930400 s | CA=  2.5984 | fact=  2.5310 | GF=  1.8010 | solve=  1.6763 | scatter=  0.0519
f=     3.050 Hz | ky=  0.227238E-02 | IK=       5/      55 | t=    6.909800 s | CA=  2.5827 | fact=  2.5143 | GF=  1.8127 | solve=  1.6856 | scatter=  0.0543
f=     3.050 Hz | ky=  0.272685E-02 | IK=       6/      55 | t=    6.950800 s | CA=  2.6156 | fact=  2.5306 | GF=  1.8046 | solve=  1.6802 | scatter=  0.0514
f=     3.050 Hz | ky=  0.318133E-02 | IK=       7/      55 | t=    6.974000 s | CA=  2.6222 | fact=  2.5439 | GF=  1.8079 | solve=  1.6812 | scatter=  0.0535
f=     3.050 Hz | ky=  0.363580E-02 | IK=       8/      55 | t=    6.974400 s | CA=  2.6146 | fact=  2.5495 | GF=  1.8102 | solve=  1.6854 | scatter=  0.0518
f=     3.050 Hz | ky=  0.409028E-02 | IK=       9/      55 | t=    6.921200 s | CA=  2.6034 | fact=  2.5141 | GF=  1.8037 | solve=  1.6792 | scatter=  0.0516
f=     3.050 Hz | ky=  0.454475E-02 | IK=      10/      55 | t=    6.977000 s | CA=  2.6435 | fact=  2.5310 | GF=  1.8025 | solve=  1.6787 | scatter=  0.0505
PARDISO mem (f=  3.05 Hz): sym=  1.95 GB  perm=  1.42 GB  num=  3.22 GB  
peak=  4.64 GB
 WD_amp= 5.66562E+13  RESID_RMS= 3.89739E-04  FCOST_DATA= 7.59481E-08  FCOST0= 7.59481E-08
BT: alpha=  9.8380E-02  phi=  7.5948E-08  rhs=  2.2545E-08
 UPDATEPARAMETER: f-scale only
UPDATEPARAMETER PAR_STEP min/max, V_STEP min/max =  1.7611071852E+02  2.2947111324E+02
  1.7611071852E+02  2.2947111324E+02
 running run_ik_loop_pardiso
before CA | VmRSS=  15.115 GB  VmHWM=  80.978 GB
after CA | VmRSS=  17.589 GB  VmHWM=  80.978 GB
after factor | VmRSS=  21.346 GB  VmHWM=  80.978 GB
f=     3.050 Hz | ky=  0.454475E-03 | IK=       1/      55 | t=   17.191900 s | CA=  2.4870 | fact= 12.8004 | GF=  1.9043 | solve=  1.7493 | scatter=  0.0526
f=     3.050 Hz | ky=  0.908951E-03 | IK=       2/      55 | t=    6.945300 s | CA=  2.6227 | fact=  2.5223 | GF=  1.8003 | solve=  1.6758 | scatter=  0.0516
f=     3.050 Hz | ky=  0.136343E-02 | IK=       3/      55 | t=    6.977600 s | CA=  2.6384 | fact=  2.5355 | GF=  1.8036 | solve=  1.6790 | scatter=  0.0519
f=     3.050 Hz | ky=  0.181790E-02 | IK=       4/      55 | t=    6.895200 s | CA=  2.5498 | fact=  2.5358 | GF=  1.8095 | solve=  1.6848 | scatter=  0.0520
f=     3.050 Hz | ky=  0.227238E-02 | IK=       5/      55 | t=    6.927800 s | CA=  2.5842 | fact=  2.5321 | GF=  1.8115 | solve=  1.6856 | scatter=  0.0530
f=     3.050 Hz | ky=  0.272685E-02 | IK=       6/      55 | t=    6.905600 s | CA=  2.6102 | fact=  2.4931 | GF=  1.8022 | solve=  1.6775 | scatter=  0.0519
f=     3.050 Hz | ky=  0.318133E-02 | IK=       7/      55 | t=    6.941000 s | CA=  2.5920 | fact=  2.5470 | GF=  1.8019 | solve=  1.6746 | scatter=  0.0545
f=     3.050 Hz | ky=  0.363580E-02 | IK=       8/      55 | t=    6.940600 s | CA=  2.6085 | fact=  2.5337 | GF=  1.7984 | solve=  1.6729 | scatter=  0.0526
f=     3.050 Hz | ky=  0.409028E-02 | IK=       9/      55 | t=    6.870000 s | CA=  2.5614 | fact=  2.5051 | GF=  1.8034 | solve=  1.6784 | scatter=  0.0522
f=     3.050 Hz | ky=  0.454475E-02 | IK=      10/      55 | t=    6.923600 s | CA=  2.5865 | fact=  2.5305 | GF=  1.8066 | solve=  1.6819 | scatter=  0.0517
PARDISO mem (f=  3.05 Hz): sym=  1.95 GB  perm=  1.42 GB  num=  3.22 GB  
peak=  4.64 GB
  
  
  
  
 WD_amp= 5.66562E+13  RESID_RMS= 1.76879E-04  FCOST_DATA= 1.56431E-08  FCOST0= 1.56431E-08
BT: alpha=  4.9190E-02  phi=  1.5643E-08  rhs=  2.2547E-08
  
Convergence reached, updating parameter grid
ALPHA from line search =  .4918988817432012E-01
 FCOST0 after linesearch  1.564308126274785E-008
Norm of s (s_norm) =  .2718487793349318E-02
  
Time for LBFGS =  9.676177978515625 min
  
 Frequency:           1 Iteration:           2
t_global   =    333.726 s
  
 -------------- calculate Frechet derivatives -----------
 IFREQ =           1    ITERATION =           2
||Frechet||_F=  3.9372E-14max|Frechet|=  4.7261E-19
||Frechet||_F=  3.9372E-14max|Frechet|=  4.7261E-19
||Frechet||_F=  3.9372E-14max|Frechet|=  4.7261E-19
||Frechet||_F=  3.9372E-14max|Frechet|=  4.7261E-19
||Frechet||_F=  3.9372E-14max|Frechet|=  4.7261E-19
 
TIME for Frechet calc =  2.906048329671224 min
 
 
  compute the residual and the cost function
 WD_amp= 5.66562E+13  RESID_RMS= 1.76879E-04  FCOST_DATA= 1.56431E-08  FCOST0= 1.56431E-08
||Frechet||_F=  3.9372E-14max|Frechet|=  4.7261E-19
Grad block   8 GRAD_SCALED MORM =   1.3410E-05
Raw grad block  8  PAR={Q13}  min= -3.9188E-11  max=  1.1289E-11  L2=  3.6459E-10
Gradient finished
Start LBFGS 
curvature (warm): s·y=  4.0116E-08  ||s||^2=  7.3902E-06  ||y||^2=  4.0317E-10  sTy_min=  5.4585E-09
LBFGS step: g·p = -3.8271E-08  ||p||=  2.2893E-02
LBFGS step: min(p)= -7.0208E-04  max(p)=  2.2484E-03
LBFGS p_k (unscaled) stats per active parameter:
  IA=  8  PAR={Q13}  min=-2.62200E+01  max= 8.39673E+01  L2= 8.54972E+02
min(p_k)= -7.0208E-04  max(p_k)=  2.2484E-03  ||p_k||=  2.2893E-02
min(p_kf)= -7.0208E-04  max(p_kf)=  2.2484E-03  ||p_kf||=  9.1573E-02
p_k/p_kf  =   2.5000E-01
Start linesearch
MT entry: phi(0)=  1.5643E-08  dg0= -3.8271E-08  alpha0=  1.0000E+00
 UPDATEPARAMETER: f-scale only
UPDATEPARAMETER PAR_STEP min/max, V_STEP min/max =  1.5802537115E+02  2.7712798197E+02
  1.5802537115E+02  2.7712798197E+02
 WD_amp= 5.66562E+13  RESID_RMS= 8.34836E-04  FCOST_DATA= 3.48476E-07  FCOST0= 3.48476E-07
  
 -------------- calculate Frechet derivatives -----------
 IFREQ =           1    ITERATION =           2
||Frechet||_F=  3.8941E-14max|Frechet|=  4.7263E-19
||Frechet||_F=  3.8941E-14max|Frechet|=  4.7263E-19
||Frechet||_F=  3.8941E-14max|Frechet|=  4.7263E-19
||Frechet||_F=  3.8941E-14max|Frechet|=  4.7263E-19
||Frechet||_F=  3.8941E-14max|Frechet|=  4.7263E-19
||Frechet||_F=  3.8941E-14max|Frechet|=  4.7263E-19
Grad block   8 GRAD_SCALED MORM =   5.8363E-05
MT try: alpha=  1.0000E+00  phi=  3.4848E-07  dg=  2.8168E-07  dg0= -3.8271E-08
MT try: armijo_rhs=  1.5639E-08  armijo=F  curvature=F  task=FG
 UPDATEPARAMETER: f-scale only
UPDATEPARAMETER PAR_STEP min/max, V_STEP min/max =  1.7582123957E+02  2.2951623678E+02
  1.7582123957E+02  2.2951623678E+02
 WD_amp= 5.66562E+13  RESID_RMS= 1.62825E-04  FCOST_DATA= 1.32560E-08  FCOST0= 1.32560E-08
  
 -------------- calculate Frechet derivatives -----------
 IFREQ =           1    ITERATION =           2
||Frechet||_F=  3.9353E-14max|Frechet|=  4.7261E-19
||Frechet||_F=  3.9353E-14max|Frechet|=  4.7261E-19
||Frechet||_F=  3.9353E-14max|Frechet|=  4.7261E-19
||Frechet||_F=  3.9353E-14max|Frechet|=  4.7261E-19
||Frechet||_F=  3.9353E-14max|Frechet|=  4.7261E-19
||Frechet||_F=  3.9353E-14max|Frechet|=  4.7261E-19
Grad block   8 GRAD_SCALED MORM =   1.2921E-05
MT try: alpha=  2.4603E-02  phi=  1.3256E-08  dg= -2.7406E-08  dg0= -3.8271E-08
MT try: armijo_rhs=  1.5643E-08  armijo=T  curvature=T  task=FG
  
  
  
  
Convergence reached, updating parameter grid
ALPHA from line search =  .2460263332098607E-01
 FCOST0 after linesearch  1.325596224237017E-008
Norm of s (s_norm) =  .5632344017262179E-03
  
  
Time for LBFGS =  16.78220316569010 min
  
 Frequency:           1 Iteration:           3
t_global   =    334.756 s
  
 -------------- calculate Frechet derivatives -----------
 IFREQ =           1    ITERATION =           3
||Frechet||_F=  3.9353E-14max|Frechet|=  4.7261E-19
||Frechet||_F=  3.9353E-14max|Frechet|=  4.7261E-19
||Frechet||_F=  3.9353E-14max|Frechet|=  4.7261E-19
||Frechet||_F=  3.9353E-14max|Frechet|=  4.7261E-19
||Frechet||_F=  3.9353E-14max|Frechet|=  4.7261E-19
||Frechet||_F=  3.9353E-14max|Frechet|=  4.7261E-19
 
TIME for Frechet calc =  3.006174977620443 min
 
 
  compute the residual and the cost function
 WD_amp= 5.66562E+13  RESID_RMS= 1.62825E-04  FCOST_DATA= 1.32560E-08  FCOST0= 1.32560E-08
Grad block   8 GRAD_SCALED MORM =   1.2921E-05
Gradient finished
Start LBFGS 
curvature (warm): s·y=  2.6730E-10  ||s||^2=  3.1723E-07  ||y||^2=  1.2075E-12  sTy_min=  6.1892E-11
LBFGS history: used= 1  skipped= 1  worst_col= 4  bad_s·y=  2.6730E-10  bad_cos_sy=  4.3189E-01
LBFGS step: g·p = -2.2025E-08  ||p||=  1.6893E-02
LBFGS step: min(p)= -5.8791E-04  max(p)=  1.5472E-03
LBFGS p_k (unscaled) stats per active parameter:
  IA=  8  PAR={Q13}  min=-2.19562E+01  max= 5.77812E+01  L2= 6.30887E+02
min(p_k)= -5.8791E-04  max(p_k)=  1.5472E-03  ||p_k||=  1.6893E-02
min(p_kf)= -5.8791E-04  max(p_kf)=  1.5472E-03  ||p_kf||=  6.7572E-02
p_k/p_kf  =   2.5000E-01
Start linesearch
MT entry: phi(0)=  1.3256E-08  dg0= -2.2025E-08  alpha0=  1.0000E+00
 UPDATEPARAMETER: f-scale only
UPDATEPARAMETER PAR_STEP min/max, V_STEP min/max =  1.6164404835E+02  2.5351895773E+02
  1.6164404835E+02  2.5351895773E+02
 WD_amp= 5.66562E+13  RESID_RMS= 4.42815E-04  FCOST_DATA= 9.80426E-08  FCOST0= 9.80426E-08
  
 -------------- calculate Frechet derivatives -----------
 IFREQ =           1    ITERATION =           3
||Frechet||_F=  3.9003E-14max|Frechet|=  4.7263E-19
||Frechet||_F=  3.9003E-14max|Frechet|=  4.7263E-19
||Frechet||_F=  3.9003E-14max|Frechet|=  4.7263E-19
||Frechet||_F=  3.9003E-14max|Frechet|=  4.7263E-19
||Frechet||_F=  3.9003E-14max|Frechet|=  4.7263E-19
||Frechet||_F=  3.9003E-14max|Frechet|=  4.7263E-19
Grad block   8 GRAD_SCALED MORM =   2.3780E-05
MT try: alpha=  1.0000E+00  phi=  9.8043E-08  dg=  6.7679E-08  dg0= -2.2025E-08
MT try: armijo_rhs=  1.3254E-08  armijo=F  curvature=F  task=FG
 UPDATEPARAMETER: f-scale only
UPDATEPARAMETER PAR_STEP min/max, V_STEP min/max =  1.7578267096E+02  2.2958993967E+02
  1.7578267096E+02  2.2958993967E+02
 WD_amp= 5.66562E+13  RESID_RMS= 1.46591E-04  FCOST_DATA= 1.07444E-08  FCOST0= 1.07444E-08
  
 -------------- calculate Frechet derivatives -----------
 IFREQ =           1    ITERATION =           3
||Frechet||_F=  3.9328E-14max|Frechet|=  4.7262E-19
||Frechet||_F=  3.9328E-14max|Frechet|=  4.7262E-19
||Frechet||_F=  3.9328E-14max|Frechet|=  4.7262E-19
||Frechet||_F=  3.9328E-14max|Frechet|=  4.7262E-19
||Frechet||_F=  3.9328E-14max|Frechet|=  4.7262E-19
||Frechet||_F=  3.9328E-14max|Frechet|=  4.7262E-19
Grad block   8 GRAD_SCALED MORM =   1.2182E-05
MT try: alpha=  4.9720E-02  phi=  1.0744E-08  dg= -1.6271E-08  dg0= -2.2025E-08
MT try: armijo_rhs=  1.3256E-08  armijo=T  curvature=T  task=FG
  
  
  
  
  
Convergence reached, updating parameter grid
ALPHA from line search =  .4972033990314361E-01
 FCOST0 after linesearch  1.074444334194214E-008
Norm of s (s_norm) =  .8399264902068057E-03
  
Convergence check at iteration    3
  Relative cost decrease  =  1.8946E-01
  Relative model update   =  0.0000E+00
  Relative grad. norm     =  8.9241E-01
Time for LBFGS =  16.97377624511719 min
  
 Frequency:           1 Iteration:           4
t_global   =    334.129 s
  
 -------------- calculate Frechet derivatives -----------
 IFREQ =           1    ITERATION =           4
||Frechet||_F=  3.9328E-14max|Frechet|=  4.7262E-19
||Frechet||_F=  3.9328E-14max|Frechet|=  4.7262E-19
||Frechet||_F=  3.9328E-14max|Frechet|=  4.7262E-19
||Frechet||_F=  3.9328E-14max|Frechet|=  4.7262E-19
||Frechet||_F=  3.9328E-14max|Frechet|=  4.7262E-19
 
TIME for Frechet calc =  2.881464894612630 min
 
 
  compute the residual and the cost function
 WD_amp= 5.66562E+13  RESID_RMS= 1.46591E-04  FCOST_DATA= 1.07444E-08  FCOST0= 1.07444E-08
||Frechet||_F=  3.9328E-14max|Frechet|=  4.7262E-19
Grad block   8 GRAD_SCALED MORM =   1.2182E-05
Gradient finished
Start LBFGS 
curvature (warm): s·y=  2.8609E-10  ||s||^2=  7.0548E-07  ||y||^2=  1.0029E-12  sTy_min=  8.4114E-11
LBFGS history: used= 1  skipped= 2  worst_col= 4  bad_s·y=  2.6730E-10  bad_cos_sy=  4.3189E-01
LBFGS step: g·p = -1.4305E-08  ||p||=  1.1772E-02
LBFGS step: min(p)= -4.3089E-04  max(p)=  9.3182E-04
LBFGS p_k (unscaled) stats per active parameter:
  IA=  8  PAR={Q13}  min=-1.60922E+01  max= 3.47996E+01  L2= 4.39655E+02
min(p_k)= -4.3089E-04  max(p_k)=  9.3182E-04  ||p_k||=  1.1772E-02
min(p_kf)= -4.3089E-04  max(p_kf)=  9.3182E-04  ||p_kf||=  4.7090E-02
p_k/p_kf  =   2.5000E-01
Start linesearch
MT entry: phi(0)=  1.0744E-08  dg0= -1.4305E-08  alpha0=  1.0000E+00
 UPDATEPARAMETER: f-scale only
UPDATEPARAMETER PAR_STEP min/max, V_STEP min/max =  1.6641643568E+02  2.4336398619E+02
  1.6641643568E+02  2.4336398619E+02
 WD_amp= 5.66562E+13  RESID_RMS= 2.16527E-04  FCOST_DATA= 2.34420E-08  FCOST0= 2.34420E-08
  
 -------------- calculate Frechet derivatives -----------
 IFREQ =           1    ITERATION =           4
||Frechet||_F=  3.9099E-14max|Frechet|=  4.7262E-19
||Frechet||_F=  3.9099E-14max|Frechet|=  4.7262E-19
||Frechet||_F=  3.9099E-14max|Frechet|=  4.7262E-19
||Frechet||_F=  3.9099E-14max|Frechet|=  4.7262E-19
||Frechet||_F=  3.9099E-14max|Frechet|=  4.7262E-19
||Frechet||_F=  3.9099E-14max|Frechet|=  4.7262E-19
Grad block   8 GRAD_SCALED MORM =   1.1245E-05
MT try: alpha=  1.0000E+00  phi=  2.3442E-08  dg=  1.6249E-08  dg0= -1.4305E-08
MT try: armijo_rhs=  1.0743E-08  armijo=F  curvature=F  task=FG
 UPDATEPARAMETER: f-scale only
UPDATEPARAMETER PAR_STEP min/max, V_STEP min/max =  1.7690830143E+02  2.2980692969E+02
  1.7690830143E+02  2.2980692969E+02
 WD_amp= 5.66562E+13  RESID_RMS= 1.17853E-04  FCOST_DATA= 6.94471E-09  FCOST0= 6.94471E-09
  
 -------------- calculate Frechet derivatives -----------
 IFREQ =           1    ITERATION =           4
||Frechet||_F=  3.9281E-14max|Frechet|=  4.7262E-19
||Frechet||_F=  3.9281E-14max|Frechet|=  4.7262E-19
||Frechet||_F=  3.9281E-14max|Frechet|=  4.7262E-19
||Frechet||_F=  3.9281E-14max|Frechet|=  4.7262E-19
||Frechet||_F=  3.9281E-14max|Frechet|=  4.7262E-19
||Frechet||_F=  3.9281E-14max|Frechet|=  4.7262E-19
Grad block   8 GRAD_SCALED MORM =   9.7822E-06
MT try: alpha=  1.5950E-01  phi=  6.9447E-09  dg= -8.9107E-09  dg0= -1.4305E-08
MT try: armijo_rhs=  1.0744E-08  armijo=T  curvature=T  task=FG
  
  
  
  
Convergence reached, updating parameter grid
ALPHA from line search =  .1595020154753177
 FCOST0 after linesearch  6.944709243848495E-009
Norm of s (s_norm) =  .1877734487223519E-02
  
  
Convergence check at iteration    4
  Relative cost decrease  =  3.5365E-01
  Relative model update   =  0.0000E+00
  Relative grad. norm     =  7.2555E-01
Time for LBFGS =  16.88573303222656 min
  
 Frequency:           1 Iteration:           5
t_global   =    332.992 s
  
 -------------- calculate Frechet derivatives -----------
 IFREQ =           1    ITERATION =           5
||Frechet||_F=  3.9281E-14max|Frechet|=  4.7262E-19
||Frechet||_F=  3.9281E-14max|Frechet|=  4.7262E-19
||Frechet||_F=  3.9281E-14max|Frechet|=  4.7262E-19
||Frechet||_F=  3.9281E-14max|Frechet|=  4.7262E-19
||Frechet||_F=  3.9281E-14max|Frechet|=  4.7262E-19
 
TIME for Frechet calc =  3.055620066324870 min
 
 
  compute the residual and the cost function
 WD_amp= 5.66562E+13  RESID_RMS= 1.17853E-04  FCOST_DATA= 6.94471E-09  FCOST0= 6.94471E-09
||Frechet||_F=  3.9281E-14max|Frechet|=  4.7262E-19
Grad block   8 GRAD_SCALED MORM =   9.7822E-06
Gradient finished
Start LBFGS 
curvature (warm): s·y=  8.6038E-10  ||s||^2=  3.5259E-06  ||y||^2=  4.1206E-12  sTy_min=  3.8116E-10
LBFGS history: used= 1  skipped= 3  worst_col= 4  bad_s·y=  2.6730E-10  bad_cos_sy=  4.3189E-01
LBFGS step: g·p = -8.3523E-09  ||p||=  6.9093E-03
LBFGS step: min(p)= -3.2858E-04  max(p)=  4.8494E-04
LBFGS p_k (unscaled) stats per active parameter:
  IA=  8  PAR={Q13}  min=-1.22713E+01  max= 1.81107E+01  L2= 2.58033E+02
min(p_k)= -3.2858E-04  max(p_k)=  4.8494E-04  ||p_k||=  6.9093E-03
min(p_kf)= -3.2858E-04  max(p_kf)=  4.8494E-04  ||p_kf||=  2.7637E-02
p_k/p_kf  =   2.5000E-01
Start linesearch
MT entry: phi(0)=  6.9447E-09  dg0= -8.3523E-09  alpha0=  1.0000E+00
 UPDATEPARAMETER: f-scale only
UPDATEPARAMETER PAR_STEP min/max, V_STEP min/max =  1.6646832928E+02  2.3984066350E+02
  1.6646832928E+02  2.3984066350E+02
 WD_amp= 5.66562E+13  RESID_RMS= 2.31821E-04  FCOST_DATA= 2.68706E-08  FCOST0= 2.68706E-08
  
 -------------- calculate Frechet derivatives -----------
 IFREQ =           1    ITERATION =           5
||Frechet||_F=  3.9034E-14max|Frechet|=  4.7262E-19
||Frechet||_F=  3.9034E-14max|Frechet|=  4.7262E-19
||Frechet||_F=  3.9034E-14max|Frechet|=  4.7262E-19
||Frechet||_F=  3.9034E-14max|Frechet|=  4.7262E-19
||Frechet||_F=  3.9034E-14max|Frechet|=  4.7262E-19
||Frechet||_F=  3.9034E-14max|Frechet|=  4.7262E-19
Grad block   8 GRAD_SCALED MORM =   2.3711E-05
MT try: alpha=  1.0000E+00  phi=  2.6871E-08  dg=  2.8061E-08  dg0= -8.3523E-09
MT try: armijo_rhs=  6.9439E-09  armijo=F  curvature=F  task=FG
 UPDATEPARAMETER: f-scale only
UPDATEPARAMETER PAR_STEP min/max, V_STEP min/max =  1.7599293398E+02  2.2988816395E+02
  1.7599293398E+02  2.2988816395E+02
 WD_amp= 5.66562E+13  RESID_RMS= 1.08452E-04  FCOST_DATA= 5.88092E-09  FCOST0= 5.88092E-09
  
 -------------- calculate Frechet derivatives -----------
 IFREQ =           1    ITERATION =           5
||Frechet||_F=  3.9256E-14max|Frechet|=  4.7262E-19
||Frechet||_F=  3.9256E-14max|Frechet|=  4.7262E-19
||Frechet||_F=  3.9256E-14max|Frechet|=  4.7262E-19
||Frechet||_F=  3.9256E-14max|Frechet|=  4.7262E-19
||Frechet||_F=  3.9256E-14max|Frechet|=  4.7262E-19
||Frechet||_F=  3.9256E-14max|Frechet|=  4.7262E-19
Grad block   8 GRAD_SCALED MORM =   9.2148E-06
MT try: alpha=  9.1467E-02  phi=  5.8809E-09  dg= -4.9204E-09  dg0= -8.3523E-09
MT try: armijo_rhs=  6.9446E-09  armijo=T  curvature=T  task=FG
  
  
  
Convergence reached, updating parameter grid
ALPHA from line search =  .9146665096050140E-01
 FCOST0 after linesearch  5.880924024374119E-009
Norm of s (s_norm) =  .6319671223997219E-03
  
  
  
Convergence check at iteration    5
  Relative cost decrease  =  1.5318E-01
  Relative model update   =  0.0000E+00
  Relative grad. norm     =  6.7830E-01
Time for LBFGS =  16.91118469238281 min
  
 Frequency:           1 Iteration:           6
t_global   =    333.235 s
  
 -------------- calculate Frechet derivatives -----------
 IFREQ =           1    ITERATION =           6
||Frechet||_F=  3.9256E-14max|Frechet|=  4.7262E-19
||Frechet||_F=  3.9256E-14max|Frechet|=  4.7262E-19
||Frechet||_F=  3.9256E-14max|Frechet|=  4.7262E-19
||Frechet||_F=  3.9256E-14max|Frechet|=  4.7262E-19
||Frechet||_F=  3.9256E-14max|Frechet|=  4.7262E-19
 
TIME for Frechet calc =  2.913846588134766 min
 
 
  compute the residual and the cost function
 WD_amp= 5.66562E+13  RESID_RMS= 1.08452E-04  FCOST_DATA= 5.88092E-09  FCOST0= 5.88092E-09
||Frechet||_F=  3.9256E-14max|Frechet|=  4.7262E-19
Grad block   8 GRAD_SCALED MORM =   9.2148E-06
Gradient finished
Start LBFGS 
curvature (warm): s·y=  3.1390E-10  ||s||^2=  3.9938E-07  ||y||^2=  2.4415E-12  sTy_min=  9.8746E-11
LBFGS history: used= 1  skipped= 4  worst_col= 4  bad_s·y=  2.6730E-10  bad_cos_sy=  4.3189E-01
LBFGS step: g·p = -7.7674E-09  ||p||=  6.0294E-03
LBFGS step: min(p)= -5.0094E-04  max(p)=  3.7984E-04
LBFGS p_k (unscaled) stats per active parameter:
  IA=  8  PAR={Q13}  min=-1.87081E+01  max= 1.41856E+01  L2= 2.25175E+02
min(p_k)= -5.0094E-04  max(p_k)=  3.7984E-04  ||p_k||=  6.0294E-03
min(p_kf)= -5.0094E-04  max(p_kf)=  3.7984E-04  ||p_kf||=  2.4118E-02
p_k/p_kf  =   2.5000E-01
Start linesearch
MT entry: phi(0)=  5.8809E-09  dg0= -7.7674E-09  alpha0=  1.0000E+00
 UPDATEPARAMETER: f-scale only
UPDATEPARAMETER PAR_STEP min/max, V_STEP min/max =  1.6840697090E+02  2.3826388475E+02
  1.6840697090E+02  2.3826388475E+02
 WD_amp= 5.66562E+13  RESID_RMS= 2.87634E-04  FCOST_DATA= 4.13667E-08  FCOST0= 4.13667E-08
  
 -------------- calculate Frechet derivatives -----------
 IFREQ =           1    ITERATION =           6
||Frechet||_F=  3.9167E-14max|Frechet|=  4.7261E-19
||Frechet||_F=  3.9167E-14max|Frechet|=  4.7261E-19
||Frechet||_F=  3.9167E-14max|Frechet|=  4.7261E-19
||Frechet||_F=  3.9167E-14max|Frechet|=  4.7261E-19
||Frechet||_F=  3.9167E-14max|Frechet|=  4.7261E-19
||Frechet||_F=  3.9167E-14max|Frechet|=  4.7261E-19
Grad block   8 GRAD_SCALED MORM =   3.1318E-05
MT try: alpha=  1.0000E+00  phi=  4.1367E-08  dg=  5.0540E-08  dg0= -7.7674E-09
MT try: armijo_rhs=  5.8801E-09  armijo=F  curvature=F  task=FG
 UPDATEPARAMETER: f-scale only
UPDATEPARAMETER PAR_STEP min/max, V_STEP min/max =  1.7654113387E+02  2.2992809333E+02
  1.7654113387E+02  2.2992809333E+02
 WD_amp= 5.66562E+13  RESID_RMS= 1.03193E-04  FCOST_DATA= 5.32437E-09  FCOST0= 5.32437E-09
  
 -------------- calculate Frechet derivatives -----------
 IFREQ =           1    ITERATION =           6
||Frechet||_F=  3.9249E-14max|Frechet|=  4.7262E-19
||Frechet||_F=  3.9249E-14max|Frechet|=  4.7262E-19
||Frechet||_F=  3.9249E-14max|Frechet|=  4.7262E-19
||Frechet||_F=  3.9249E-14max|Frechet|=  4.7262E-19
||Frechet||_F=  3.9249E-14max|Frechet|=  4.7262E-19
||Frechet||_F=  3.9249E-14max|Frechet|=  4.7262E-19
Grad block   8 GRAD_SCALED MORM =   8.3426E-06
MT try: alpha=  5.6225E-02  phi=  5.3244E-09  dg= -4.3675E-09  dg0= -7.7674E-09
MT try: armijo_rhs=  5.8809E-09  armijo=T  curvature=T  task=FG
  
  
  
Convergence reached, updating parameter grid
ALPHA from line search =  .5622493973829843E-01
 FCOST0 after linesearch  5.324366449378953E-009
Norm of s (s_norm) =  .3390048344063697E-03
  
  
  
Convergence check at iteration    6
  Relative cost decrease  =  9.4638E-02
  Relative model update   =  0.0000E+00
  Relative grad. norm     =  6.1922E-01
Time for LBFGS =  16.66324157714844 min
  
 Frequency:           1 Iteration:           7
t_global   =    331.020 s
  
 -------------- calculate Frechet derivatives -----------
 IFREQ =           1    ITERATION =           7
||Frechet||_F=  3.9249E-14max|Frechet|=  4.7262E-19
||Frechet||_F=  3.9249E-14max|Frechet|=  4.7262E-19
||Frechet||_F=  3.9249E-14max|Frechet|=  4.7262E-19
||Frechet||_F=  3.9249E-14max|Frechet|=  4.7262E-19
||Frechet||_F=  3.9249E-14max|Frechet|=  4.7262E-19
||Frechet||_F=  3.9249E-14max|Frechet|=  4.7262E-19
 
TIME for Frechet calc =  2.886111704508464 min
 
 
  compute the residual and the cost function
 WD_amp= 5.66562E+13  RESID_RMS= 1.03193E-04  FCOST_DATA= 5.32437E-09  FCOST0= 5.32437E-09
Grad block   8 GRAD_SCALED MORM =   8.3426E-06
Gradient finished
Start LBFGS 
curvature (full): s·y=  1.9116E-10  ||s||^2=  1.1492E-07  ||y||^2=  1.9435E-12  sTy_min=  4.7261E-11
LBFGS history: used= 0  skipped= 5  worst_col= 1  bad_s·y=  1.9116E-10  bad_cos_sy=  4.0447E-01
 
LBFGS step(full): g·p = -1.7526E-07  ||p||=  3.3860E-02
LBFGS step(full): min(p)= -2.8834E-04  max(p)=  2.0742E-03
LBFGS p_k (unscaled) stats per active parameter:
  IA=  8  PAR={Q13}  min=-1.07685E+01  max= 7.74641E+01  L2= 1.26455E+03
min(p_k)= -2.8834E-04  max(p_k)=  2.0742E-03  ||p_k||=  3.3860E-02
min(p_kf)= -2.8834E-04  max(p_kf)=  2.0742E-03  ||p_kf||=  1.3544E-01
p_k/p_kf  =   2.5000E-01
Start linesearch
MT entry: phi(0)=  5.3244E-09  dg0= -1.7526E-07  alpha0=  1.0000E+00
 UPDATEPARAMETER: f-scale only
UPDATEPARAMETER PAR_STEP min/max, V_STEP min/max =  1.7658730331E+02  2.6305329490E+02
  1.7658730331E+02  2.6305329490E+02
 WD_amp= 5.66562E+13  RESID_RMS= 2.73665E-03  FCOST_DATA= 3.74461E-06  FCOST0= 3.74461E-06
  
 -------------- calculate Frechet derivatives -----------
 IFREQ =           1    ITERATION =           7
||Frechet||_F=  3.3825E-14max|Frechet|=  4.7264E-19
||Frechet||_F=  3.3825E-14max|Frechet|=  4.7264E-19
||Frechet||_F=  3.3825E-14max|Frechet|=  4.7264E-19
||Frechet||_F=  3.3825E-14max|Frechet|=  4.7264E-19
||Frechet||_F=  3.3825E-14max|Frechet|=  4.7264E-19
||Frechet||_F=  3.3825E-14max|Frechet|=  4.7264E-19
Grad block   8 GRAD_SCALED MORM =   2.3761E-04
MT try: alpha=  1.0000E+00  phi=  3.7446E-06  dg=  4.0861E-06  dg0= -1.7526E-07
MT try: armijo_rhs=  5.3068E-09  armijo=F  curvature=F  task=FG
 UPDATEPARAMETER: f-scale only
UPDATEPARAMETER PAR_STEP min/max, V_STEP min/max =  1.7704105734E+02  2.2992700319E+02
  1.7704105734E+02  2.2992700319E+02
 WD_amp= 5.66562E+13  RESID_RMS= 7.88612E-05  FCOST_DATA= 3.10954E-09  FCOST0= 3.10954E-09
  
 -------------- calculate Frechet derivatives -----------
 IFREQ =           1    ITERATION =           7
||Frechet||_F=  3.9166E-14max|Frechet|=  4.7262E-19
||Frechet||_F=  3.9166E-14max|Frechet|=  4.7262E-19
||Frechet||_F=  3.9166E-14max|Frechet|=  4.7262E-19
||Frechet||_F=  3.9166E-14max|Frechet|=  4.7262E-19
||Frechet||_F=  3.9166E-14max|Frechet|=  4.7262E-19
||Frechet||_F=  3.9166E-14max|Frechet|=  4.7262E-19
Grad block   8 GRAD_SCALED MORM =   4.3270E-06
MT try: alpha=  1.1812E-02  phi=  3.1095E-09  dg= -8.5468E-08  dg0= -1.7526E-07
MT try: armijo_rhs=  5.3242E-09  armijo=T  curvature=T  task=FG
  
  
  
  
Convergence reached, updating parameter grid
ALPHA from line search =  .1181173240080113E-01
 FCOST0 after linesearch  3.109541930121108E-009
Norm of s (s_norm) =  .3999503587276462E-03
  
  
Convergence check at iteration    7
  Relative cost decrease  =  4.1598E-01
  Relative model update   =  0.0000E+00
  Relative grad. norm     =  3.0878E-01
Time for LBFGS =  16.76252339680990 min
Data weighting computed for frequency 4607182418800017373
Data weighting computed for frequency 4607182418800017373
Data weighting computed for frequency 4607182418800017373
 --------- Frequency   3.30000000000000       (band            1 )
[ComputeAcqWeight] empty acq_weight_file, using uniform weights = 1.0
Data weighting computed for frequency 4607182418800017373
XSRmin, XSRmax, ZSRmin, ZSRMax -1960.000000000000 .000000000000000 2050.000000000000 4030.000000000000
1 FKYC
1.2 FKYC
Data weighting computed for frequency 4607182418800017373
my_rank, FKYC,WLMAX, RMAX 0 .2704501501785996E-01 1552.357210558415 2786.036611389018
1.1 NK
NK in cky2= 55

  Number of wavenumber samples (NK) for FREQ =   55
Data weighting computed for frequency 4607182418800017373
  RMAX = 2786.04
--- Pre-solver preview (memory + RHS workload) ---
   GQG dims: NNX=       585  NNZ=       317  NPT=    185445
   DOF:     N=3*NPT =    556335
   Sources: NSR=       100  NSS=        20  NK=        55
   RHS total (per IK): nrhs_tot=3*NSS =        60
   Batch:    MAX_RHS_BATCH=        32  nbatches=         2
   GFMY  (GFX+GFY+GFZ):         13.679 GB
   RHS_MY(rhs+sol buffers):      0.531 GB
 
 running run_ik_loop_pardiso
before CA | VmRSS=  15.247 GB  VmHWM=  81.349 GB
after CA | VmRSS=  16.531 GB  VmHWM=  81.349 GB
after factor | VmRSS=  20.293 GB  VmHWM=  81.349 GB
f=     3.300 Hz | ky=  0.491728E-03 | IK=       1/      55 | t=   17.268300 s | CA=  2.5130 | fact= 12.8403 | GF=  1.9148 | solve=  1.7610 | scatter=  0.0510
f=     3.300 Hz | ky=  0.983455E-03 | IK=       2/      55 | t=    6.944800 s | CA=  2.5886 | fact=  2.5458 | GF=  1.8104 | solve=  1.6849 | scatter=  0.0525
f=     3.300 Hz | ky=  0.147518E-02 | IK=       3/      55 | t=    6.980500 s | CA=  2.6227 | fact=  2.5459 | GF=  1.8119 | solve=  1.6849 | scatter=  0.0540
f=     3.300 Hz | ky=  0.196691E-02 | IK=       4/      55 | t=    6.954500 s | CA=  2.6092 | fact=  2.5399 | GF=  1.8053 | solve=  1.6786 | scatter=  0.0537
f=     3.300 Hz | ky=  0.245864E-02 | IK=       5/      55 | t=    6.978600 s | CA=  2.6034 | fact=  2.5575 | GF=  1.8177 | solve=  1.6894 | scatter=  0.0553
f=     3.300 Hz | ky=  0.295037E-02 | IK=       6/      55 | t=    6.972400 s | CA=  2.6090 | fact=  2.5515 | GF=  1.8119 | solve=  1.6874 | scatter=  0.0515
f=     3.300 Hz | ky=  0.344209E-02 | IK=       7/      55 | t=    6.948200 s | CA=  2.6015 | fact=  2.5403 | GF=  1.8064 | solve=  1.6796 | scatter=  0.0539
f=     3.300 Hz | ky=  0.393382E-02 | IK=       8/      55 | t=    6.951600 s | CA=  2.5901 | fact=  2.5505 | GF=  1.8109 | solve=  1.6861 | scatter=  0.0520
f=     3.300 Hz | ky=  0.442555E-02 | IK=       9/      55 | t=    6.932400 s | CA=  2.5776 | fact=  2.5496 | GF=  1.8052 | solve=  1.6810 | scatter=  0.0514
f=     3.300 Hz | ky=  0.491728E-02 | IK=      10/      55 | t=    6.942900 s | CA=  2.5900 | fact=  2.5458 | GF=  1.8071 | solve=  1.6824 | scatter=  0.0518
PARDISO mem (f=  3.30 Hz): sym=  1.95 GB  perm=  1.42 GB  num=  3.22 GB  
peak=  4.64 GB
t_global   =    116.743 s
TIME for 1st forward modeling =  1.945483271280924  min
TIME for GT0 =  .5236666897932688E-02  min
Data scaler W for L2 norm: 58592054187033.55
Data scaler W for WQS norm: .1007948000807317E-312
Total number of active inversion parameters for current sequential stage (IM):          1
Total model blocks points (NM = IM * NBLOCK):      11534 on grid (NMM = IM * NPT):    185445
 Gradient balance ():   1.00000000000000        1.00000000000000     
   1.00000000000000        1.00000000000000        1.00000000000000     
   1.00000000000000        1.00000000000000        1.00000000000000     
   1.00000000000000        1.00000000000000        1.00000000000000     
 IE0, IZ          30           0
 IE0, IZ, GZ1, GZ2 =           30           0   100.000000000000     
   300.000000000000     
  
 Frequency:           2 Iteration:           1
--- Pre-solver preview (memory + RHS workload) ---
   GQG dims: NNX=       585  NNZ=       317  NPT=    185445
   DOF:     N=3*NPT =    556335
   Sources: NSR=       100  NSS=       100  NK=        55
   RHS total (per IK): nrhs_tot=3*NSS =       300
   Batch:    MAX_RHS_BATCH=        32  nbatches=        10
   GFMY  (GFX+GFY+GFZ):         68.393 GB
   RHS_MY(rhs+sol buffers):      0.531 GB
 
 running run_ik_loop_pardiso
before CA | VmRSS=  70.924 GB  VmHWM=  81.349 GB
after CA | VmRSS=  72.365 GB  VmHWM=  81.349 GB
after factor | VmRSS=  76.120 GB  VmHWM=  81.349 GB
f=     3.300 Hz | ky=  0.491728E-03 | IK=       1/      55 | t=   24.201900 s | CA=  2.5215 | fact= 12.7987 | GF=  8.8815 | solve=  8.2219 | scatter=  0.2525
f=     3.300 Hz | ky=  0.983455E-03 | IK=       2/      55 | t=   13.960200 s | CA=  2.6107 | fact=  2.5365 | GF=  8.8129 | solve=  8.1804 | scatter=  0.2545
f=     3.300 Hz | ky=  0.147518E-02 | IK=       3/      55 | t=   13.923900 s | CA=  2.6012 | fact=  2.5120 | GF=  8.8106 | solve=  8.1785 | scatter=  0.2541
f=     3.300 Hz | ky=  0.196691E-02 | IK=       4/      55 | t=   13.917600 s | CA=  2.5932 | fact=  2.5200 | GF=  8.8044 | solve=  8.1702 | scatter=  0.2551
f=     3.300 Hz | ky=  0.245864E-02 | IK=       5/      55 | t=   13.590300 s | CA=  2.6038 | fact=  2.5075 | GF=  8.4789 | solve=  7.8459 | scatter=  0.2537
f=     3.300 Hz | ky=  0.295037E-02 | IK=       6/      55 | t=   13.442300 s | CA=  2.5589 | fact=  2.5595 | GF=  8.3239 | solve=  7.6926 | scatter=  0.2529
f=     3.300 Hz | ky=  0.344209E-02 | IK=       7/      55 | t=   13.477900 s | CA=  2.5819 | fact=  2.5607 | GF=  8.3352 | solve=  7.6976 | scatter=  0.2579
f=     3.300 Hz | ky=  0.393382E-02 | IK=       8/      55 | t=   13.521400 s | CA=  2.6367 | fact=  2.5492 | GF=  8.3354 | solve=  7.7017 | scatter=  0.2544
f=     3.300 Hz | ky=  0.442555E-02 | IK=       9/      55 | t=   13.440800 s | CA=  2.5494 | fact=  2.5550 | GF=  8.3363 | solve=  7.7017 | scatter=  0.2558
f=     3.300 Hz | ky=  0.491728E-02 | IK=      10/      55 | t=   13.406600 s | CA=  2.5417 | fact=  2.5445 | GF=  8.3203 | solve=  7.6804 | scatter=  0.2608
PARDISO mem (f=  3.30 Hz): sym=  1.95 GB  perm=  1.42 GB  num=  3.22 GB  
peak=  4.64 GB
t_global   =    333.008 s
TIME for 2d forward modeling_i calc =  5.549618530273437 min
Rank    5 -> ID range:   4001 to   4800 | Tasks:    800
Rank    4 -> ID range:   3201 to   4000 | Tasks:    800
Rank    2 -> ID range:   1601 to   2400 | Tasks:    800
Rank    3 -> ID range:   2401 to   3200 | Tasks:    800
Rank    1 -> ID range:    801 to   1600 | Tasks:    800
  
 -------------- calculate Frechet derivatives -----------
 IFREQ =           2    ITERATION =           1
Frechet memory size Frec_my:      0.825 (Gb)
Rank    0 -> ID range:      1 to    800 | Tasks:    800
FREQ:      3.3 Hz, ITER=       1  Frechet Derivative ID=     100/    4800 Finished   0.209300 s
FREQ:      3.3 Hz, ITER=       1  Frechet Derivative ID=     200/    4800 Finished   0.209600 s
FREQ:      3.3 Hz, ITER=       1  Frechet Derivative ID=     300/    4800 Finished   0.212700 s
FREQ:      3.3 Hz, ITER=       1  Frechet Derivative ID=     400/    4800 Finished   0.196600 s
FREQ:      3.3 Hz, ITER=       1  Frechet Derivative ID=     500/    4800 Finished   0.209600 s
FREQ:      3.3 Hz, ITER=       1  Frechet Derivative ID=     600/    4800 Finished   0.212300 s
FREQ:      3.3 Hz, ITER=       1  Frechet Derivative ID=     700/    4800 Finished   0.210200 s
FREQ:      3.3 Hz, ITER=       1  Frechet Derivative ID=     800/    4800 Finished   0.223100 s
||Frechet||_F=  4.1161E-14max|Frechet|=  4.7806E-19
||Frechet||_F=  4.1161E-14max|Frechet|=  4.7806E-19
||Frechet||_F=  4.1161E-14max|Frechet|=  4.7806E-19
||Frechet||_F=  4.1161E-14max|Frechet|=  4.7806E-19
||Frechet||_F=  4.1161E-14max|Frechet|=  4.7806E-19
 
TIME for Frechet calc =  2.900533294677734 min
 
m_fine: min=  1.7704E+02  max=  2.2993E+02  mean=  2.1144E+02  ||.||2=  9.1457E+04  size=  185445
m_coarse_prev: min=  1.7741E+02  max=  2.2973E+02  mean=  2.1147E+02  ||.||2=  2.2811E+04  size=   11534
 
  compute the residual and the cost function
 WD_amp= 5.85921E+13  RESID_RMS= 9.36236E-05  FCOST_DATA= 4.38269E-09  FCOST0= 4.38269E-09
||Frechet||_F=  4.1161E-14max|Frechet|=  4.7806E-19
IA=  8  H(single F0) min= 0.00000E+00  max= 5.86894E-03
IA=  8  H(F0^2)     min= 0.00000E+00  max= 5.86894E-03
HESSD: ia=   8  min= 0.00000E+00  max= 3.40661E+04
IA=  8  H(single F0) min= 0.00000E+00  max= 5.86894E-03
IA=  8  H(F0^2)     min= 0.00000E+00  max= 5.86894E-03
HESSD: ia=   8  min= 0.00000E+00  max= 3.40661E+04
IA=  8  H(single F0) min= 0.00000E+00  max= 5.86894E-03
IA=  8  H(F0^2)     min= 0.00000E+00  max= 5.86894E-03
HESSD: ia=   8  min= 0.00000E+00  max= 3.40661E+04
IA=  8  H(single F0) min= 0.00000E+00  max= 5.86894E-03
IA=  8  H(F0^2)     min= 0.00000E+00  max= 5.86894E-03
HESSD: ia=   8  min= 0.00000E+00  max= 3.40661E+04
IA=  8  H(single F0) min= 0.00000E+00  max= 5.86894E-03
IA=  8  H(F0^2)     min= 0.00000E+00  max= 5.86894E-03
HESSD: ia=   8  min= 0.00000E+00  max= 3.40661E+04
IA=  8  H(single F0) min= 0.00000E+00  max= 5.86894E-03
IA=  8  H(F0^2)     min= 0.00000E+00  max= 5.86894E-03
HESSD: ia=   8  min= 0.00000E+00  max= 3.40661E+04
Grad block   8 GRAD_SCALED MORM =   5.9381E-06
Raw grad block  8  PAR={Q13}  min= -2.4916E-11  max=  6.8594E-12  L2=  1.6373E-10
Gradient finished
Start LBFGS 
LBFGS steepest step , iter=      1
  g·p = -4.9246E-08  ||p|| =  1.4587E-02
  min(p)= -2.9109E-04  max(p)=  9.1147E-04
LBFGS p_k (unscaled) stats per active parameter:
  IA=  8  PAR={Q13}  min=-1.08711E+01  max= 3.40397E+01  L2= 5.44781E+02
min(p_k)= -2.9109E-04  max(p_k)=  9.1147E-04  ||p_k||=  1.4587E-02
min(p_kf)= -2.9109E-04  max(p_kf)=  9.1147E-04  ||p_kf||=  5.8350E-02
p_k/p_kf  =   2.5000E-01
Start linesearch
BT entry: phi(0)=  4.3827E-09  g·p(0)= -4.9246E-08
 UPDATEPARAMETER: f-scale only
UPDATEPARAMETER PAR_STEP min/max, V_STEP min/max =  1.7413104330E+02  2.3446046285E+02
  1.7413104330E+02  2.3446046285E+02
REL STEP Q      : k=  8 row=  3 rmax_k=  1.8746E-01 row_scale=  2.2993E+02
BT cap probe: rmax1=  1.8746E-01  alpha_cap=  1.0000E+00  alpha00=  1.0000E+00
 UPDATEPARAMETER: f-scale only
UPDATEPARAMETER PAR_STEP min/max, V_STEP min/max =  1.7413104330E+02  2.3446046285E+02
  1.7413104330E+02  2.3446046285E+02
 running run_ik_loop_pardiso
before CA | VmRSS=  16.206 GB  VmHWM=  81.349 GB
after CA | VmRSS=  17.447 GB  VmHWM=  81.349 GB
after factor | VmRSS=  21.211 GB  VmHWM=  81.349 GB
f=     3.300 Hz | ky=  0.491728E-03 | IK=       1/      55 | t=   17.279800 s | CA=  2.5310 | fact= 12.8332 | GF=  1.9153 | solve=  1.7602 | scatter=  0.0524
f=     3.300 Hz | ky=  0.983455E-03 | IK=       2/      55 | t=    6.901700 s | CA=  2.5614 | fact=  2.5364 | GF=  1.8039 | solve=  1.6792 | scatter=  0.0516
f=     3.300 Hz | ky=  0.147518E-02 | IK=       3/      55 | t=    6.967100 s | CA=  2.6213 | fact=  2.5405 | GF=  1.8053 | solve=  1.6805 | scatter=  0.0520
f=     3.300 Hz | ky=  0.196691E-02 | IK=       4/      55 | t=    6.905400 s | CA=  2.5482 | fact=  2.5552 | GF=  1.8020 | solve=  1.6772 | scatter=  0.0517
f=     3.300 Hz | ky=  0.245864E-02 | IK=       5/      55 | t=    6.952100 s | CA=  2.6006 | fact=  2.5479 | GF=  1.8036 | solve=  1.6793 | scatter=  0.0514
f=     3.300 Hz | ky=  0.295037E-02 | IK=       6/      55 | t=    6.931700 s | CA=  2.5837 | fact=  2.5472 | GF=  1.8008 | solve=  1.6749 | scatter=  0.0527
f=     3.300 Hz | ky=  0.344209E-02 | IK=       7/      55 | t=    6.953900 s | CA=  2.6018 | fact=  2.5499 | GF=  1.8022 | solve=  1.6772 | scatter=  0.0522
f=     3.300 Hz | ky=  0.393382E-02 | IK=       8/      55 | t=    6.915100 s | CA=  2.5689 | fact=  2.5362 | GF=  1.8100 | solve=  1.6866 | scatter=  0.0505
f=     3.300 Hz | ky=  0.442555E-02 | IK=       9/      55 | t=    6.911300 s | CA=  2.5699 | fact=  2.5380 | GF=  1.8034 | solve=  1.6800 | scatter=  0.0504
f=     3.300 Hz | ky=  0.491728E-02 | IK=      10/      55 | t=    6.921700 s | CA=  2.5673 | fact=  2.5525 | GF=  1.8018 | solve=  1.6769 | scatter=  0.0520
PARDISO mem (f=  3.30 Hz): sym=  1.95 GB  perm=  1.42 GB  num=  3.22 GB  
peak=  4.64 GB
 WD_amp= 5.85921E+13  RESID_RMS= 1.39557E-03  FCOST_DATA= 9.73808E-07  FCOST0= 9.73808E-07
BT: alpha=  1.0000E+00  phi=  9.7381E-07  rhs=  4.3778E-09
 UPDATEPARAMETER: f-scale only
UPDATEPARAMETER PAR_STEP min/max, V_STEP min/max =  1.7715316577E+02  2.3081840621E+02
  1.7715316577E+02  2.3081840621E+02
 running run_ik_loop_pardiso
before CA | VmRSS=  16.810 GB  VmHWM=  81.349 GB
after CA | VmRSS=  16.837 GB  VmHWM=  81.349 GB
after factor | VmRSS=  20.605 GB  VmHWM=  81.349 GB
f=     3.300 Hz | ky=  0.491728E-03 | IK=       1/      55 | t=   17.227700 s | CA=  2.5071 | fact= 12.8135 | GF=  1.9069 | solve=  1.7525 | scatter=  0.0517
f=     3.300 Hz | ky=  0.983455E-03 | IK=       2/      55 | t=    6.912200 s | CA=  2.5716 | fact=  2.5344 | GF=  1.8062 | solve=  1.6796 | scatter=  0.0536
f=     3.300 Hz | ky=  0.147518E-02 | IK=       3/      55 | t=    6.898400 s | CA=  2.5509 | fact=  2.5456 | GF=  1.8018 | solve=  1.6788 | scatter=  0.0504
f=     3.300 Hz | ky=  0.196691E-02 | IK=       4/      55 | t=    6.967600 s | CA=  2.6282 | fact=  2.5307 | GF=  1.8087 | solve=  1.6843 | scatter=  0.0516
f=     3.300 Hz | ky=  0.245864E-02 | IK=       5/      55 | t=    6.904500 s | CA=  2.5815 | fact=  2.5255 | GF=  1.7974 | solve=  1.6736 | scatter=  0.0512
f=     3.300 Hz | ky=  0.295037E-02 | IK=       6/      55 | t=    6.940300 s | CA=  2.5950 | fact=  2.5439 | GF=  1.8013 | solve=  1.6759 | scatter=  0.0525
f=     3.300 Hz | ky=  0.344209E-02 | IK=       7/      55 | t=    6.896300 s | CA=  2.5496 | fact=  2.5422 | GF=  1.8045 | solve=  1.6791 | scatter=  0.0525
f=     3.300 Hz | ky=  0.393382E-02 | IK=       8/      55 | t=    6.940600 s | CA=  2.5890 | fact=  2.5469 | GF=  1.8046 | solve=  1.6804 | scatter=  0.0515
f=     3.300 Hz | ky=  0.442555E-02 | IK=       9/      55 | t=    6.878100 s | CA=  2.5330 | fact=  2.5334 | GF=  1.8117 | solve=  1.6838 | scatter=  0.0552
f=     3.300 Hz | ky=  0.491728E-02 | IK=      10/      55 | t=    6.869200 s | CA=  2.5608 | fact=  2.5397 | GF=  1.7687 | solve=  1.6422 | scatter=  0.0536
PARDISO mem (f=  3.30 Hz): sym=  1.95 GB  perm=  1.42 GB  num=  3.22 GB  
peak=  4.64 GB
 WD_amp= 5.85921E+13  RESID_RMS= 7.12078E-04  FCOST_DATA= 2.53527E-07  FCOST0= 2.53527E-07
BT: alpha=  5.0000E-01  phi=  2.5353E-07  rhs=  4.3802E-09
 UPDATEPARAMETER: f-scale only
UPDATEPARAMETER PAR_STEP min/max, V_STEP min/max =  1.7809236599E+02  2.2999677217E+02
  1.7809236599E+02  2.2999677217E+02
 running run_ik_loop_pardiso
before CA | VmRSS=  16.211 GB  VmHWM=  81.349 GB
after CA | VmRSS=  17.476 GB  VmHWM=  81.349 GB
after factor | VmRSS=  21.242 GB  VmHWM=  81.349 GB
f=     3.300 Hz | ky=  0.491728E-03 | IK=       1/      55 | t=   17.219500 s | CA=  2.5067 | fact= 12.8080 | GF=  1.9046 | solve=  1.7500 | scatter=  0.0522
f=     3.300 Hz | ky=  0.983455E-03 | IK=       2/      55 | t=    6.941000 s | CA=  2.6066 | fact=  2.5325 | GF=  1.8018 | solve=  1.6772 | scatter=  0.0514
f=     3.300 Hz | ky=  0.147518E-02 | IK=       3/      55 | t=    6.913500 s | CA=  2.5591 | fact=  2.5452 | GF=  1.8092 | solve=  1.6816 | scatter=  0.0543
f=     3.300 Hz | ky=  0.196691E-02 | IK=       4/      55 | t=    6.972500 s | CA=  2.6112 | fact=  2.5551 | GF=  1.8061 | solve=  1.6814 | scatter=  0.0518
f=     3.300 Hz | ky=  0.245864E-02 | IK=       5/      55 | t=    6.879400 s | CA=  2.5597 | fact=  2.5147 | GF=  1.8050 | solve=  1.6780 | scatter=  0.0544
f=     3.300 Hz | ky=  0.295037E-02 | IK=       6/      55 | t=    6.903000 s | CA=  2.5752 | fact=  2.5266 | GF=  1.8012 | solve=  1.6779 | scatter=  0.0506
f=     3.300 Hz | ky=  0.344209E-02 | IK=       7/      55 | t=    6.899800 s | CA=  2.5515 | fact=  2.5455 | GF=  1.8028 | solve=  1.6765 | scatter=  0.0532
f=     3.300 Hz | ky=  0.393382E-02 | IK=       8/      55 | t=    6.919600 s | CA=  2.5766 | fact=  2.5360 | GF=  1.8069 | solve=  1.6810 | scatter=  0.0532
f=     3.300 Hz | ky=  0.442555E-02 | IK=       9/      55 | t=    6.933400 s | CA=  2.5717 | fact=  2.5542 | GF=  1.8075 | solve=  1.6838 | scatter=  0.0509
f=     3.300 Hz | ky=  0.491728E-02 | IK=      10/      55 | t=    6.944000 s | CA=  2.5945 | fact=  2.5492 | GF=  1.8002 | solve=  1.6763 | scatter=  0.0508
PARDISO mem (f=  3.30 Hz): sym=  1.95 GB  perm=  1.42 GB  num=  3.22 GB  
peak=  4.64 GB
 WD_amp= 5.85921E+13  RESID_RMS= 3.49042E-04  FCOST_DATA= 6.09150E-08  FCOST0= 6.09150E-08
BT: alpha=  2.5000E-01  phi=  6.0915E-08  rhs=  4.3815E-09
 UPDATEPARAMETER: f-scale only
UPDATEPARAMETER PAR_STEP min/max, V_STEP min/max =  1.7809227602E+02  2.2995140812E+02
  1.7809227602E+02  2.2995140812E+02
 running run_ik_loop_pardiso
before CA | VmRSS=  16.953 GB  VmHWM=  81.349 GB
after CA | VmRSS=  17.672 GB  VmHWM=  81.349 GB
after factor | VmRSS=  21.439 GB  VmHWM=  81.349 GB
f=     3.300 Hz | ky=  0.491728E-03 | IK=       1/      55 | t=   17.253700 s | CA=  2.5451 | fact= 12.7957 | GF=  1.9126 | solve=  1.7596 | scatter=  0.0503
f=     3.300 Hz | ky=  0.983455E-03 | IK=       2/      55 | t=    6.926200 s | CA=  2.5951 | fact=  2.5269 | GF=  1.8042 | solve=  1.6787 | scatter=  0.0529
f=     3.300 Hz | ky=  0.147518E-02 | IK=       3/      55 | t=    6.906300 s | CA=  2.5829 | fact=  2.5201 | GF=  1.8033 | solve=  1.6765 | scatter=  0.0539
f=     3.300 Hz | ky=  0.196691E-02 | IK=       4/      55 | t=    6.977800 s | CA=  2.6342 | fact=  2.5393 | GF=  1.8043 | solve=  1.6797 | scatter=  0.0519
f=     3.300 Hz | ky=  0.245864E-02 | IK=       5/      55 | t=    6.878000 s | CA=  2.5127 | fact=  2.5551 | GF=  1.8102 | solve=  1.6855 | scatter=  0.0519
f=     3.300 Hz | ky=  0.295037E-02 | IK=       6/      55 | t=    6.922800 s | CA=  2.5909 | fact=  2.5273 | GF=  1.8045 | solve=  1.6805 | scatter=  0.0513
f=     3.300 Hz | ky=  0.344209E-02 | IK=       7/      55 | t=    6.893000 s | CA=  2.5604 | fact=  2.5275 | GF=  1.8050 | solve=  1.6792 | scatter=  0.0531
f=     3.300 Hz | ky=  0.393382E-02 | IK=       8/      55 | t=    6.939600 s | CA=  2.6083 | fact=  2.5326 | GF=  1.7987 | solve=  1.6725 | scatter=  0.0532
f=     3.300 Hz | ky=  0.442555E-02 | IK=       9/      55 | t=    6.867700 s | CA=  2.5663 | fact=  2.4953 | GF=  1.8060 | solve=  1.6821 | scatter=  0.0508
f=     3.300 Hz | ky=  0.491728E-02 | IK=      10/      55 | t=    6.949800 s | CA=  2.5950 | fact=  2.5432 | GF=  1.8115 | solve=  1.6857 | scatter=  0.0530
PARDISO mem (f=  3.30 Hz): sym=  1.95 GB  perm=  1.42 GB  num=  3.22 GB  
peak=  4.64 GB
 WD_amp= 5.85921E+13  RESID_RMS= 1.69260E-04  FCOST_DATA= 1.43245E-08  FCOST0= 1.43245E-08
BT: alpha=  1.2500E-01  phi=  1.4324E-08  rhs=  4.3821E-09
 UPDATEPARAMETER: f-scale only
UPDATEPARAMETER PAR_STEP min/max, V_STEP min/max =  1.7776566912E+02  2.2993836360E+02
  1.7776566912E+02  2.2993836360E+02
 running run_ik_loop_pardiso
before CA | VmRSS=  16.224 GB  VmHWM=  81.349 GB
after CA | VmRSS=  17.760 GB  VmHWM=  81.349 GB
after factor | VmRSS=  21.530 GB  VmHWM=  81.349 GB
f=     3.300 Hz | ky=  0.491728E-03 | IK=       1/      55 | t=   17.161600 s | CA=  2.4691 | fact= 12.7847 | GF=  1.9076 | solve=  1.7529 | scatter=  0.0520
f=     3.300 Hz | ky=  0.983455E-03 | IK=       2/      55 | t=    6.933400 s | CA=  2.6109 | fact=  2.5165 | GF=  1.8059 | solve=  1.6816 | scatter=  0.0514
f=     3.300 Hz | ky=  0.147518E-02 | IK=       3/      55 | t=    6.870600 s | CA=  2.5599 | fact=  2.5055 | GF=  1.8052 | solve=  1.6801 | scatter=  0.0524
f=     3.300 Hz | ky=  0.196691E-02 | IK=       4/      55 | t=    6.946400 s | CA=  2.5971 | fact=  2.5496 | GF=  1.7997 | solve=  1.6761 | scatter=  0.0509
f=     3.300 Hz | ky=  0.245864E-02 | IK=       5/      55 | t=    6.889100 s | CA=  2.5467 | fact=  2.5412 | GF=  1.8011 | solve=  1.6748 | scatter=  0.0535
f=     3.300 Hz | ky=  0.295037E-02 | IK=       6/      55 | t=    6.838100 s | CA=  2.5245 | fact=  2.5117 | GF=  1.8018 | solve=  1.6786 | scatter=  0.0504
f=     3.300 Hz | ky=  0.344209E-02 | IK=       7/      55 | t=    6.942200 s | CA=  2.5850 | fact=  2.5524 | GF=  1.8048 | solve=  1.6818 | scatter=  0.0502
f=     3.300 Hz | ky=  0.393382E-02 | IK=       8/      55 | t=    6.937900 s | CA=  2.5702 | fact=  2.5573 | GF=  1.8104 | solve=  1.6833 | scatter=  0.0538
f=     3.300 Hz | ky=  0.442555E-02 | IK=       9/      55 | t=    6.883500 s | CA=  2.5597 | fact=  2.5177 | GF=  1.8061 | solve=  1.6792 | scatter=  0.0541
f=     3.300 Hz | ky=  0.491728E-02 | IK=      10/      55 | t=    6.929300 s | CA=  2.5780 | fact=  2.5455 | GF=  1.8058 | solve=  1.6815 | scatter=  0.0513
PARDISO mem (f=  3.30 Hz): sym=  1.95 GB  perm=  1.42 GB  num=  3.22 GB  
peak=  4.64 GB
 WD_amp= 5.85921E+13  RESID_RMS= 9.58733E-05  FCOST_DATA= 4.59584E-09  FCOST0= 4.59584E-09
BT: alpha=  6.2500E-02  phi=  4.5958E-09  rhs=  4.3824E-09
 UPDATEPARAMETER: f-scale only
UPDATEPARAMETER PAR_STEP min/max, V_STEP min/max =  1.7758717339E+02  2.2993238950E+02
  1.7758717339E+02  2.2993238950E+02
 running run_ik_loop_pardiso
before CA | VmRSS=  16.808 GB  VmHWM=  81.349 GB
after CA | VmRSS=  17.040 GB  VmHWM=  81.349 GB
after factor | VmRSS=  20.812 GB  VmHWM=  81.349 GB
f=     3.300 Hz | ky=  0.491728E-03 | IK=       1/      55 | t=   17.237200 s | CA=  2.5273 | fact= 12.7955 | GF=  1.9142 | solve=  1.7583 | scatter=  0.0532
f=     3.300 Hz | ky=  0.983455E-03 | IK=       2/      55 | t=    6.939900 s | CA=  2.6224 | fact=  2.5107 | GF=  1.8068 | solve=  1.6814 | scatter=  0.0526
f=     3.300 Hz | ky=  0.147518E-02 | IK=       3/      55 | t=    6.947100 s | CA=  2.5974 | fact=  2.5381 | GF=  1.8116 | solve=  1.6863 | scatter=  0.0525
f=     3.300 Hz | ky=  0.196691E-02 | IK=       4/      55 | t=    6.917200 s | CA=  2.5647 | fact=  2.5448 | GF=  1.8077 | solve=  1.6822 | scatter=  0.0527
f=     3.300 Hz | ky=  0.245864E-02 | IK=       5/      55 | t=    6.896100 s | CA=  2.5963 | fact=  2.4974 | GF=  1.8023 | solve=  1.6772 | scatter=  0.0524
f=     3.300 Hz | ky=  0.295037E-02 | IK=       6/      55 | t=    6.973000 s | CA=  2.6025 | fact=  2.5563 | GF=  1.8141 | solve=  1.6884 | scatter=  0.0526
f=     3.300 Hz | ky=  0.344209E-02 | IK=       7/      55 | t=    6.941900 s | CA=  2.6160 | fact=  2.5201 | GF=  1.8057 | solve=  1.6782 | scatter=  0.0548
f=     3.300 Hz | ky=  0.393382E-02 | IK=       8/      55 | t=    6.913100 s | CA=  2.5596 | fact=  2.5426 | GF=  1.8108 | solve=  1.6855 | scatter=  0.0524
f=     3.300 Hz | ky=  0.442555E-02 | IK=       9/      55 | t=    6.914800 s | CA=  2.5570 | fact=  2.5498 | GF=  1.8080 | solve=  1.6826 | scatter=  0.0525
f=     3.300 Hz | ky=  0.491728E-02 | IK=      10/      55 | t=    6.954800 s | CA=  2.5916 | fact=  2.5541 | GF=  1.8090 | solve=  1.6850 | scatter=  0.0512
PARDISO mem (f=  3.30 Hz): sym=  1.95 GB  perm=  1.42 GB  num=  3.22 GB  
peak=  4.64 GB
  
  
 WD_amp= 5.85921E+13  RESID_RMS= 8.09560E-05  FCOST_DATA= 3.27693E-09  FCOST0= 3.27693E-09
BT: alpha=  3.1250E-02  phi=  3.2769E-09  rhs=  4.3825E-09
  
  
  
Convergence reached, updating parameter grid
ALPHA from line search =  .3125000000000000E-01
 FCOST0 after linesearch  3.276934658837703E-009
Norm of s (s_norm) =  .4558559880958900E-03
  
Time for LBFGS =  11.55467020670573 min
  
 Frequency:           2 Iteration:           2
t_global   =    334.110 s
  
 -------------- calculate Frechet derivatives -----------
 IFREQ =           2    ITERATION =           2
||Frechet||_F=  4.1064E-14max|Frechet|=  4.7806E-19
||Frechet||_F=  4.1064E-14max|Frechet|=  4.7806E-19
||Frechet||_F=  4.1064E-14max|Frechet|=  4.7806E-19
||Frechet||_F=  4.1064E-14max|Frechet|=  4.7806E-19
||Frechet||_F=  4.1064E-14max|Frechet|=  4.7806E-19
||Frechet||_F=  4.1064E-14max|Frechet|=  4.7806E-19
 
TIME for Frechet calc =  2.897925059000651 min
 
 
  compute the residual and the cost function
 WD_amp= 5.85921E+13  RESID_RMS= 8.09560E-05  FCOST_DATA= 3.27693E-09  FCOST0= 3.27693E-09
Grad block   8 GRAD_SCALED MORM =   2.5201E-06
Raw grad block  8  PAR={Q13}  min= -9.3944E-12  max=  1.1238E-11  L2=  7.0022E-11
Gradient finished
Start LBFGS 
curvature (warm): s·y=  1.6967E-09  ||s||^2=  2.0780E-07  ||y||^2=  2.2156E-11  sTy_min=  2.1457E-10
LBFGS history: used= 0  skipped= 1  worst_col= 5  bad_s·y=  1.6967E-09  bad_cos_sy=  7.9074E-01
LBFGS step: g·p = -4.4112E-09  ||p||=  6.4693E-03
LBFGS step: min(p)= -5.8973E-04  max(p)=  4.1662E-04
LBFGS p_k (unscaled) stats per active parameter:
  IA=  8  PAR={Q13}  min=-2.20240E+01  max= 1.55592E+01  L2= 2.41602E+02
min(p_k)= -5.8973E-04  max(p_k)=  4.1662E-04  ||p_k||=  6.4693E-03
min(p_kf)= -5.8973E-04  max(p_kf)=  4.1662E-04  ||p_kf||=  2.5877E-02
p_k/p_kf  =   2.5000E-01
Start linesearch
MT entry: phi(0)=  3.2769E-09  dg0= -4.4112E-09  alpha0=  1.0000E+00
 UPDATEPARAMETER: f-scale only
UPDATEPARAMETER PAR_STEP min/max, V_STEP min/max =  1.6421489972E+02  2.3228063323E+02
  1.6421489972E+02  2.3228063323E+02
 WD_amp= 5.85921E+13  RESID_RMS= 4.20313E-04  FCOST_DATA= 8.83316E-08  FCOST0= 8.83316E-08
  
 -------------- calculate Frechet derivatives -----------
 IFREQ =           2    ITERATION =           2
||Frechet||_F=  4.1751E-14max|Frechet|=  4.7806E-19
||Frechet||_F=  4.1751E-14max|Frechet|=  4.7806E-19
||Frechet||_F=  4.1751E-14max|Frechet|=  4.7806E-19
||Frechet||_F=  4.1751E-14max|Frechet|=  4.7806E-19
||Frechet||_F=  4.1751E-14max|Frechet|=  4.7806E-19
||Frechet||_F=  4.1751E-14max|Frechet|=  4.7806E-19
Grad block   8 GRAD_SCALED MORM =   4.0652E-05
MT try: alpha=  1.0000E+00  phi=  8.8332E-08  dg=  1.0123E-07  dg0= -4.4112E-09
MT try: armijo_rhs=  3.2765E-09  armijo=F  curvature=F  task=FG
 UPDATEPARAMETER: f-scale only
UPDATEPARAMETER PAR_STEP min/max, V_STEP min/max =  1.7762060867E+02  2.2993253945E+02
  1.7762060867E+02  2.2993253945E+02
 WD_amp= 5.85921E+13  RESID_RMS= 7.94037E-05  FCOST_DATA= 3.15248E-09  FCOST0= 3.15248E-09
  
 -------------- calculate Frechet derivatives -----------
 IFREQ =           2    ITERATION =           2
||Frechet||_F=  4.1073E-14max|Frechet|=  4.7806E-19
||Frechet||_F=  4.1073E-14max|Frechet|=  4.7806E-19
||Frechet||_F=  4.1073E-14max|Frechet|=  4.7806E-19
||Frechet||_F=  4.1073E-14max|Frechet|=  4.7806E-19
||Frechet||_F=  4.1073E-14max|Frechet|=  4.7806E-19
||Frechet||_F=  4.1073E-14max|Frechet|=  4.7806E-19
Grad block   8 GRAD_SCALED MORM =   2.2949E-06
MT try: alpha=  1.3678E-02  phi=  3.1525E-09  dg= -3.1181E-09  dg0= -4.4112E-09
MT try: armijo_rhs=  3.2769E-09  armijo=T  curvature=T  task=FG
  
  
  
  
Convergence reached, updating parameter grid
ALPHA from line search =  .1367827618755628E-01
 FCOST0 after linesearch  3.152477386451939E-009
Norm of s (s_norm) =  .8848855062661552E-04
  
  
Time for LBFGS =  16.78653361002604 min
  
 Frequency:           2 Iteration:           3
t_global   =    333.065 s
  
 -------------- calculate Frechet derivatives -----------
 IFREQ =           2    ITERATION =           3
||Frechet||_F=  4.1073E-14max|Frechet|=  4.7806E-19
||Frechet||_F=  4.1073E-14max|Frechet|=  4.7806E-19
||Frechet||_F=  4.1073E-14max|Frechet|=  4.7806E-19
||Frechet||_F=  4.1073E-14max|Frechet|=  4.7806E-19
||Frechet||_F=  4.1073E-14max|Frechet|=  4.7806E-19
 
TIME for Frechet calc =  2.907793426513672 min
 
 
  compute the residual and the cost function
 WD_amp= 5.85921E+13  RESID_RMS= 7.94037E-05  FCOST_DATA= 3.15248E-09  FCOST0= 3.15248E-09
||Frechet||_F=  4.1073E-14max|Frechet|=  4.7806E-19
Grad block   8 GRAD_SCALED MORM =   2.2949E-06
Gradient finished
Start LBFGS 
curvature (warm): s·y=  1.7687E-11  ||s||^2=  7.8302E-09  ||y||^2=  1.6080E-13  sTy_min=  3.5484E-12
LBFGS history: used= 0  skipped= 2  worst_col= 4  bad_s·y=  1.7687E-11  bad_cos_sy=  4.9847E-01
LBFGS step: g·p = -2.4264E-09  ||p||=  5.4556E-03
LBFGS step: min(p)= -4.1669E-04  max(p)=  4.1320E-04
LBFGS p_k (unscaled) stats per active parameter:
  IA=  8  PAR={Q13}  min=-1.55619E+01  max= 1.54315E+01  L2= 2.03743E+02
min(p_k)= -4.1669E-04  max(p_k)=  4.1320E-04  ||p_k||=  5.4556E-03
min(p_kf)= -4.1669E-04  max(p_kf)=  4.1320E-04  ||p_kf||=  2.1822E-02
p_k/p_kf  =   2.5000E-01
Start linesearch
MT entry: phi(0)=  3.1525E-09  dg0= -2.4264E-09  alpha0=  1.0000E+00
 UPDATEPARAMETER: f-scale only
UPDATEPARAMETER PAR_STEP min/max, V_STEP min/max =  1.7046681500E+02  2.3248929416E+02
  1.7046681500E+02  2.3248929416E+02
 WD_amp= 5.85921E+13  RESID_RMS= 2.37081E-04  FCOST_DATA= 2.81036E-08  FCOST0= 2.81036E-08
  
 -------------- calculate Frechet derivatives -----------
 IFREQ =           2    ITERATION =           3
||Frechet||_F=  4.1387E-14max|Frechet|=  4.7806E-19
||Frechet||_F=  4.1387E-14max|Frechet|=  4.7806E-19
||Frechet||_F=  4.1387E-14max|Frechet|=  4.7806E-19
||Frechet||_F=  4.1387E-14max|Frechet|=  4.7806E-19
||Frechet||_F=  4.1387E-14max|Frechet|=  4.7806E-19
||Frechet||_F=  4.1387E-14max|Frechet|=  4.7806E-19
Grad block   8 GRAD_SCALED MORM =   2.0006E-05
MT try: alpha=  1.0000E+00  phi=  2.8104E-08  dg=  2.8499E-08  dg0= -2.4264E-09
MT try: armijo_rhs=  3.1522E-09  armijo=F  curvature=F  task=FG
 UPDATEPARAMETER: f-scale only
UPDATEPARAMETER PAR_STEP min/max, V_STEP min/max =  1.7762803805E+02  2.2993414112E+02
  1.7762803805E+02  2.2993414112E+02
 WD_amp= 5.85921E+13  RESID_RMS= 7.76014E-05  FCOST_DATA= 3.01099E-09  FCOST0= 3.01099E-09
  
 -------------- calculate Frechet derivatives -----------
 IFREQ =           2    ITERATION =           3
||Frechet||_F=  4.1080E-14max|Frechet|=  4.7806E-19
||Frechet||_F=  4.1080E-14max|Frechet|=  4.7806E-19
||Frechet||_F=  4.1080E-14max|Frechet|=  4.7806E-19
||Frechet||_F=  4.1080E-14max|Frechet|=  4.7806E-19
||Frechet||_F=  4.1080E-14max|Frechet|=  4.7806E-19
||Frechet||_F=  4.1080E-14max|Frechet|=  4.7806E-19
Grad block   8 GRAD_SCALED MORM =   2.1489E-06
MT try: alpha=  2.4097E-02  phi=  3.0110E-09  dg= -1.7377E-09  dg0= -2.4264E-09
MT try: armijo_rhs=  3.1525E-09  armijo=T  curvature=T  task=FG
  
  
  
  
Convergence reached, updating parameter grid
ALPHA from line search =  .2409724658461760E-01
 FCOST0 after linesearch  3.010991198256123E-009
Norm of s (s_norm) =  .1314638383171689E-03
  
  
Convergence check at iteration    3
  Relative cost decrease  =  4.4881E-02
  Relative model update   =  0.0000E+00
  Relative grad. norm     =  1.3663E-01
Time for LBFGS =  16.94855143229167 min
  
 Frequency:           2 Iteration:           4
t_global   =    330.573 s
  
 -------------- calculate Frechet derivatives -----------
 IFREQ =           2    ITERATION =           4
||Frechet||_F=  4.1080E-14max|Frechet|=  4.7806E-19
||Frechet||_F=  4.1080E-14max|Frechet|=  4.7806E-19
||Frechet||_F=  4.1080E-14max|Frechet|=  4.7806E-19
||Frechet||_F=  4.1080E-14max|Frechet|=  4.7806E-19
||Frechet||_F=  4.1080E-14max|Frechet|=  4.7806E-19
 
TIME for Frechet calc =  2.909421793619792 min
 
 
  compute the residual and the cost function
 WD_amp= 5.85921E+13  RESID_RMS= 7.76014E-05  FCOST_DATA= 3.01099E-09  FCOST0= 3.01099E-09
||Frechet||_F=  4.1080E-14max|Frechet|=  4.7806E-19
Grad block   8 GRAD_SCALED MORM =   2.1489E-06
Gradient finished
Start LBFGS 
curvature (warm): s·y=  1.6596E-11  ||s||^2=  1.7283E-08  ||y||^2=  1.1952E-13  sTy_min=  4.5449E-12
LBFGS history: used= 0  skipped= 3  worst_col= 3  bad_s·y=  1.6596E-11  bad_cos_sy=  3.6516E-01
LBFGS step: g·p = -1.5200E-09  ||p||=  4.7847E-03
LBFGS step: min(p)= -2.8423E-04  max(p)=  4.0154E-04
LBFGS p_k (unscaled) stats per active parameter:
  IA=  8  PAR={Q13}  min=-1.06147E+01  max= 1.49960E+01  L2= 1.78688E+02
min(p_k)= -2.8423E-04  max(p_k)=  4.0154E-04  ||p_k||=  4.7847E-03
min(p_kf)= -2.8423E-04  max(p_kf)=  4.0154E-04  ||p_kf||=  1.9139E-02
p_k/p_kf  =   2.5000E-01
Start linesearch
MT entry: phi(0)=  3.0110E-09  dg0= -1.5200E-09  alpha0=  1.0000E+00
 UPDATEPARAMETER: f-scale only
UPDATEPARAMETER PAR_STEP min/max, V_STEP min/max =  1.7562612206E+02  2.3264419458E+02
  1.7562612206E+02  2.3264419458E+02
 WD_amp= 5.85921E+13  RESID_RMS= 1.10372E-04  FCOST_DATA= 6.09095E-09  FCOST0= 6.09095E-09
  
 -------------- calculate Frechet derivatives -----------
 IFREQ =           2    ITERATION =           4
||Frechet||_F=  4.1086E-14max|Frechet|=  4.7806E-19
||Frechet||_F=  4.1086E-14max|Frechet|=  4.7806E-19
||Frechet||_F=  4.1086E-14max|Frechet|=  4.7806E-19
||Frechet||_F=  4.1086E-14max|Frechet|=  4.7806E-19
||Frechet||_F=  4.1086E-14max|Frechet|=  4.7806E-19
||Frechet||_F=  4.1086E-14max|Frechet|=  4.7806E-19
Grad block   8 GRAD_SCALED MORM =   6.6842E-06
MT try: alpha=  1.0000E+00  phi=  6.0909E-09  dg=  4.0663E-09  dg0= -1.5200E-09
MT try: armijo_rhs=  3.0108E-09  armijo=F  curvature=F  task=FG
 UPDATEPARAMETER: f-scale only
UPDATEPARAMETER PAR_STEP min/max, V_STEP min/max =  1.7765431407E+02  2.2994223268E+02
  1.7765431407E+02  2.2994223268E+02
 WD_amp= 5.85921E+13  RESID_RMS= 7.25275E-05  FCOST_DATA= 2.63012E-09  FCOST0= 2.63012E-09
  
 -------------- calculate Frechet derivatives -----------
 IFREQ =           2    ITERATION =           4
||Frechet||_F=  4.1079E-14max|Frechet|=  4.7806E-19
||Frechet||_F=  4.1079E-14max|Frechet|=  4.7806E-19
||Frechet||_F=  4.1079E-14max|Frechet|=  4.7806E-19
||Frechet||_F=  4.1079E-14max|Frechet|=  4.7806E-19
||Frechet||_F=  4.1079E-14max|Frechet|=  4.7806E-19
||Frechet||_F=  4.1079E-14max|Frechet|=  4.7806E-19
Grad block   8 GRAD_SCALED MORM =   1.9787E-06
MT try: alpha=  9.8995E-02  phi=  2.6301E-09  dg= -9.7682E-10  dg0= -1.5200E-09
MT try: armijo_rhs=  3.0110E-09  armijo=T  curvature=T  task=FG
  
  
  
Convergence reached, updating parameter grid
ALPHA from line search =  .9899549518298546E-01
 FCOST0 after linesearch  2.630122624549235E-009
Norm of s (s_norm) =  .4736606221553271E-03
  
  
  
Convergence check at iteration    4
  Relative cost decrease  =  1.2649E-01
  Relative model update   =  0.0000E+00
  Relative grad. norm     =  1.0913E-01
Time for LBFGS =  16.89492492675781 min
  
 Frequency:           2 Iteration:           5
t_global   =    334.493 s
  
 -------------- calculate Frechet derivatives -----------
 IFREQ =           2    ITERATION =           5
||Frechet||_F=  4.1079E-14max|Frechet|=  4.7806E-19
||Frechet||_F=  4.1079E-14max|Frechet|=  4.7806E-19
||Frechet||_F=  4.1079E-14max|Frechet|=  4.7806E-19
 
TIME for Frechet calc =  2.926518249511719 min
 
 
  compute the residual and the cost function
 WD_amp= 5.85921E+13  RESID_RMS= 7.25275E-05  FCOST_DATA= 2.63012E-09  FCOST0= 2.63012E-09
||Frechet||_F=  4.1079E-14max|Frechet|=  4.7806E-19
||Frechet||_F=  4.1079E-14max|Frechet|=  4.7806E-19
||Frechet||_F=  4.1079E-14max|Frechet|=  4.7806E-19
Grad block   8 GRAD_SCALED MORM =   1.9787E-06
Gradient finished
Start LBFGS 
curvature (warm): s·y=  5.3767E-11  ||s||^2=  2.2435E-07  ||y||^2=  1.7138E-13  sTy_min=  1.9609E-11
LBFGS history: used= 0  skipped= 4  worst_col= 3  bad_s·y=  1.6596E-11  bad_cos_sy=  3.6516E-01
LBFGS step: g·p = -1.0051E-09  ||p||=  3.9412E-03
LBFGS step: min(p)= -1.7277E-04  max(p)=  3.4262E-04
LBFGS p_k (unscaled) stats per active parameter:
  IA=  8  PAR={Q13}  min=-6.45242E+00  max= 1.27955E+01  L2= 1.47189E+02
min(p_k)= -1.7277E-04  max(p_k)=  3.4262E-04  ||p_k||=  3.9412E-03
min(p_kf)= -1.7277E-04  max(p_kf)=  3.4262E-04  ||p_kf||=  1.5765E-02
p_k/p_kf  =   2.5000E-01
Start linesearch
MT entry: phi(0)=  2.6301E-09  dg0= -1.0051E-09  alpha0=  1.0000E+00
 UPDATEPARAMETER: f-scale only
UPDATEPARAMETER PAR_STEP min/max, V_STEP min/max =  1.7621426628E+02  2.3255435405E+02
  1.7621426628E+02  2.3255435405E+02
 WD_amp= 5.85921E+13  RESID_RMS= 9.09545E-05  FCOST_DATA= 4.13636E-09  FCOST0= 4.13636E-09
  
 -------------- calculate Frechet derivatives -----------
 IFREQ =           2    ITERATION =           5
||Frechet||_F=  4.0962E-14max|Frechet|=  4.7806E-19
||Frechet||_F=  4.0962E-14max|Frechet|=  4.7806E-19
||Frechet||_F=  4.0962E-14max|Frechet|=  4.7806E-19
||Frechet||_F=  4.0962E-14max|Frechet|=  4.7806E-19
||Frechet||_F=  4.0962E-14max|Frechet|=  4.7806E-19
||Frechet||_F=  4.0962E-14max|Frechet|=  4.7806E-19
Grad block   8 GRAD_SCALED MORM =   6.4419E-06
MT try: alpha=  1.0000E+00  phi=  4.1364E-09  dg=  2.3103E-09  dg0= -1.0051E-09
MT try: armijo_rhs=  2.6300E-09  armijo=F  curvature=F  task=FG
 UPDATEPARAMETER: f-scale only
UPDATEPARAMETER PAR_STEP min/max, V_STEP min/max =  1.7748716030E+02  2.2998461438E+02
  1.7748716030E+02  2.2998461438E+02
 WD_amp= 5.85921E+13  RESID_RMS= 6.86207E-05  FCOST_DATA= 2.35440E-09  FCOST0= 2.35440E-09
  
 -------------- calculate Frechet derivatives -----------
 IFREQ =           2    ITERATION =           5
||Frechet||_F=  4.1063E-14max|Frechet|=  4.7806E-19
||Frechet||_F=  4.1063E-14max|Frechet|=  4.7806E-19
||Frechet||_F=  4.1063E-14max|Frechet|=  4.7806E-19
||Frechet||_F=  4.1063E-14max|Frechet|=  4.7806E-19
||Frechet||_F=  4.1063E-14max|Frechet|=  4.7806E-19
||Frechet||_F=  4.1063E-14max|Frechet|=  4.7806E-19
Grad block   8 GRAD_SCALED MORM =   1.9436E-06
MT try: alpha=  1.2927E-01  phi=  2.3544E-09  dg= -5.6051E-10  dg0= -1.0051E-09
MT try: armijo_rhs=  2.6301E-09  armijo=T  curvature=T  task=FG
  
  
  
Convergence reached, updating parameter grid
ALPHA from line search =  .1292691592092967
 FCOST0 after linesearch  2.354399435188655E-009
Norm of s (s_norm) =  .5094785134209611E-03
  
  
  
Convergence check at iteration    5
  Relative cost decrease  =  1.0483E-01
  Relative model update   =  0.0000E+00
  Relative grad. norm     =  1.1942E-01
Time for LBFGS =  16.80232137044271 min
  
 Frequency:           2 Iteration:           6
t_global   =    333.622 s
  
 -------------- calculate Frechet derivatives -----------
 IFREQ =           2    ITERATION =           6
||Frechet||_F=  4.1063E-14max|Frechet|=  4.7806E-19
||Frechet||_F=  4.1063E-14max|Frechet|=  4.7806E-19
||Frechet||_F=  4.1063E-14max|Frechet|=  4.7806E-19
||Frechet||_F=  4.1063E-14max|Frechet|=  4.7806E-19
||Frechet||_F=  4.1063E-14max|Frechet|=  4.7806E-19
||Frechet||_F=  4.1063E-14max|Frechet|=  4.7806E-19
 
TIME for Frechet calc =  2.893223317464193 min
 
 
  compute the residual and the cost function
 WD_amp= 5.85921E+13  RESID_RMS= 6.86207E-05  FCOST_DATA= 2.35440E-09  FCOST0= 2.35440E-09
Grad block   8 GRAD_SCALED MORM =   1.9436E-06
Gradient finished
Start LBFGS 
curvature (warm): s·y=  5.7468E-11  ||s||^2=  2.5957E-07  ||y||^2=  3.0348E-13  sTy_min=  2.8066E-11
LBFGS history: used= 0  skipped= 5  worst_col= 3  bad_s·y=  1.6596E-11  bad_cos_sy=  3.6516E-01
LBFGS step: g·p = -1.1150E-09  ||p||=  3.6510E-03
LBFGS step: min(p)= -2.5363E-04  max(p)=  2.7481E-04
LBFGS p_k (unscaled) stats per active parameter:
  IA=  8  PAR={Q13}  min=-9.47191E+00  max= 1.02632E+01  L2= 1.36350E+02
min(p_k)= -2.5363E-04  max(p_k)=  2.7481E-04  ||p_k||=  3.6510E-03
min(p_kf)= -2.5363E-04  max(p_kf)=  2.7481E-04  ||p_kf||=  1.4604E-02
p_k/p_kf  =   2.5000E-01
Start linesearch
MT entry: phi(0)=  2.3544E-09  dg0= -1.1150E-09  alpha0=  1.0000E+00
 UPDATEPARAMETER: f-scale only
UPDATEPARAMETER PAR_STEP min/max, V_STEP min/max =  1.7519748340E+02  2.3214725266E+02
  1.7519748340E+02  2.3214725266E+02
 WD_amp= 5.85921E+13  RESID_RMS= 1.70249E-04  FCOST_DATA= 1.44924E-08  FCOST0= 1.44924E-08
  
 -------------- calculate Frechet derivatives -----------
 IFREQ =           2    ITERATION =           6
||Frechet||_F=  4.1266E-14max|Frechet|=  4.7806E-19
||Frechet||_F=  4.1266E-14max|Frechet|=  4.7806E-19
||Frechet||_F=  4.1266E-14max|Frechet|=  4.7806E-19
||Frechet||_F=  4.1266E-14max|Frechet|=  4.7806E-19
||Frechet||_F=  4.1266E-14max|Frechet|=  4.7806E-19
||Frechet||_F=  4.1266E-14max|Frechet|=  4.7806E-19
Grad block   8 GRAD_SCALED MORM =   1.4679E-05
MT try: alpha=  1.0000E+00  phi=  1.4492E-08  dg=  1.4194E-08  dg0= -1.1150E-09
MT try: armijo_rhs=  2.3543E-09  armijo=F  curvature=F  task=FG
 UPDATEPARAMETER: f-scale only
UPDATEPARAMETER PAR_STEP min/max, V_STEP min/max =  1.7752048585E+02  2.2999175066E+02
  1.7752048585E+02  2.2999175066E+02
 WD_amp= 5.85921E+13  RESID_RMS= 6.79332E-05  FCOST_DATA= 2.30746E-09  FCOST0= 2.30746E-09
  
 -------------- calculate Frechet derivatives -----------
 IFREQ =           2    ITERATION =           6
||Frechet||_F=  4.1067E-14max|Frechet|=  4.7806E-19
||Frechet||_F=  4.1067E-14max|Frechet|=  4.7806E-19
||Frechet||_F=  4.1067E-14max|Frechet|=  4.7806E-19
||Frechet||_F=  4.1067E-14max|Frechet|=  4.7806E-19
||Frechet||_F=  4.1067E-14max|Frechet|=  4.7806E-19
||Frechet||_F=  4.1067E-14max|Frechet|=  4.7806E-19
Grad block   8 GRAD_SCALED MORM =   1.8471E-06
MT try: alpha=  2.3170E-02  phi=  2.3075E-09  dg= -7.7598E-10  dg0= -1.1150E-09
MT try: armijo_rhs=  2.3544E-09  armijo=T  curvature=T  task=FG
  
  
  
  
Convergence reached, updating parameter grid
ALPHA from line search =  .2317015814630631E-01
 FCOST0 after linesearch  2.307457985316808E-009
Norm of s (s_norm) =  .8459422508221606E-04
  
  
Convergence check at iteration    6
  Relative cost decrease  =  1.9938E-02
  Relative model update   =  0.0000E+00
  Relative grad. norm     =  8.9843E-02
Time for LBFGS =  16.76471862792969 min
  
 Frequency:           2 Iteration:           7
t_global   =    332.321 s
  
 -------------- calculate Frechet derivatives -----------
 IFREQ =           2    ITERATION =           7
||Frechet||_F=  4.1067E-14max|Frechet|=  4.7806E-19
||Frechet||_F=  4.1067E-14max|Frechet|=  4.7806E-19
||Frechet||_F=  4.1067E-14max|Frechet|=  4.7806E-19
||Frechet||_F=  4.1067E-14max|Frechet|=  4.7806E-19
||Frechet||_F=  4.1067E-14max|Frechet|=  4.7806E-19
||Frechet||_F=  4.1067E-14max|Frechet|=  4.7806E-19
 
TIME for Frechet calc =  2.927829996744792 min
 
 
  compute the residual and the cost function
 WD_amp= 5.85921E+13  RESID_RMS= 6.79332E-05  FCOST_DATA= 2.30746E-09  FCOST0= 2.30746E-09
Grad block   8 GRAD_SCALED MORM =   1.8471E-06
Gradient finished
Start LBFGS 
curvature (full): s·y=  7.8551E-12  ||s||^2=  7.1562E-09  ||y||^2=  6.2697E-14  sTy_min=  2.1182E-12
LBFGS history: used= 0  skipped= 5  worst_col= 1  bad_s·y=  7.8551E-12  bad_cos_sy=  3.7084E-01
 
LBFGS step(full): g·p = -6.7660E-10  ||p||=  3.2476E-03
LBFGS step(full): min(p)= -1.7848E-04  max(p)=  2.7111E-04
LBFGS p_k (unscaled) stats per active parameter:
  IA=  8  PAR={Q13}  min=-6.66542E+00  max= 1.01247E+01  L2= 1.21283E+02
min(p_k)= -1.7848E-04  max(p_k)=  2.7111E-04  ||p_k||=  3.2476E-03
min(p_kf)= -1.7848E-04  max(p_kf)=  2.7111E-04  ||p_kf||=  1.2990E-02
p_k/p_kf  =   2.5000E-01
Start linesearch
MT entry: phi(0)=  2.3075E-09  dg0= -6.7660E-10  alpha0=  1.0000E+00
 UPDATEPARAMETER: f-scale only
UPDATEPARAMETER PAR_STEP min/max, V_STEP min/max =  1.7741381453E+02  2.3226838888E+02
  1.7741381453E+02  2.3226838888E+02
 WD_amp= 5.85921E+13  RESID_RMS= 8.24987E-05  FCOST_DATA= 3.40301E-09  FCOST0= 3.40301E-09
  
 -------------- calculate Frechet derivatives -----------
 IFREQ =           2    ITERATION =           7
||Frechet||_F=  4.1064E-14max|Frechet|=  4.7806E-19
||Frechet||_F=  4.1064E-14max|Frechet|=  4.7806E-19
||Frechet||_F=  4.1064E-14max|Frechet|=  4.7806E-19
||Frechet||_F=  4.1064E-14max|Frechet|=  4.7806E-19
||Frechet||_F=  4.1064E-14max|Frechet|=  4.7806E-19
||Frechet||_F=  4.1064E-14max|Frechet|=  4.7806E-19
Grad block   8 GRAD_SCALED MORM =   5.0429E-06
MT try: alpha=  1.0000E+00  phi=  3.4030E-09  dg=  1.4475E-09  dg0= -6.7660E-10
MT try: armijo_rhs=  2.3074E-09  armijo=F  curvature=F  task=FG
 UPDATEPARAMETER: f-scale only
UPDATEPARAMETER PAR_STEP min/max, V_STEP min/max =  1.7764588875E+02  2.3006372097E+02
  1.7764588875E+02  2.3006372097E+02
 WD_amp= 5.85921E+13  RESID_RMS= 6.57319E-05  FCOST_DATA= 2.16034E-09  FCOST0= 2.16034E-09
  
 -------------- calculate Frechet derivatives -----------
 IFREQ =           2    ITERATION =           7
||Frechet||_F=  4.1066E-14max|Frechet|=  4.7806E-19
||Frechet||_F=  4.1066E-14max|Frechet|=  4.7806E-19
||Frechet||_F=  4.1066E-14max|Frechet|=  4.7806E-19
||Frechet||_F=  4.1066E-14max|Frechet|=  4.7806E-19
||Frechet||_F=  4.1066E-14max|Frechet|=  4.7806E-19
||Frechet||_F=  4.1066E-14max|Frechet|=  4.7806E-19
Grad block   8 GRAD_SCALED MORM =   1.7583E-06
MT try: alpha=  1.1476E-01  phi=  2.1603E-09  dg= -4.3442E-10  dg0= -6.7660E-10
MT try: armijo_rhs=  2.3075E-09  armijo=T  curvature=T  task=FG
  
  
  
  
Convergence reached, updating parameter grid
ALPHA from line search =  .1147586625615580
 FCOST0 after linesearch  2.160339062667444E-009
Norm of s (s_norm) =  .3726848513095663E-03
  
  
Convergence check at iteration    7
  Relative cost decrease  =  6.3758E-02
  Relative model update   =  0.0000E+00
  Relative grad. norm     =  8.8879E-02
Time for LBFGS =  16.83079121907552 min
 --------- Frequency   3.65000000000000       (band            1 )
[ComputeAcqWeight] empty acq_weight_file, using uniform weights = 1.0
Data weighting computed for frequency 4607182418800017373
XSRmin, XSRmax, ZSRmin, ZSRMax -1960.000000000000 .000000000000000 2050.000000000000 4030.000000000000
1 FKYC
1.2 FKYC
my_rank, FKYC,WLMAX, RMAX 0 .2991342570157237E-01 1403.501039682951 2786.036611389018
1.1 NK
NK in cky2= 55

  Number of wavenumber samples (NK) for FREQ =   55
Data weighting computed for frequency 4607182418800017373
Data weighting computed for frequency 4607182418800017373
Data weighting computed for frequency 4607182418800017373
Data weighting computed for frequency 4607182418800017373
  RMAX = 2786.04
Data weighting computed for frequency 4607182418800017373
--- Pre-solver preview (memory + RHS workload) ---
   GQG dims: NNX=       585  NNZ=       317  NPT=    185445
   DOF:     N=3*NPT =    556335
   Sources: NSR=       100  NSS=        20  NK=        55
   RHS total (per IK): nrhs_tot=3*NSS =        60
   Batch:    MAX_RHS_BATCH=        32  nbatches=         2
   GFMY  (GFX+GFY+GFZ):         13.679 GB
   RHS_MY(rhs+sol buffers):      0.531 GB
 
 running run_ik_loop_pardiso
before CA | VmRSS=  15.382 GB  VmHWM=  81.349 GB
after CA | VmRSS=  16.146 GB  VmHWM=  81.349 GB
after factor | VmRSS=  19.910 GB  VmHWM=  81.349 GB
f=     3.650 Hz | ky=  0.543880E-03 | IK=       1/      55 | t=   17.234900 s | CA=  2.4990 | fact= 12.8244 | GF=  1.9112 | solve=  1.7555 | scatter=  0.0527
f=     3.650 Hz | ky=  0.108776E-02 | IK=       2/      55 | t=    6.890400 s | CA=  2.5543 | fact=  2.5346 | GF=  1.8015 | solve=  1.6787 | scatter=  0.0502
f=     3.650 Hz | ky=  0.163164E-02 | IK=       3/      55 | t=    6.877400 s | CA=  2.5324 | fact=  2.5359 | GF=  1.8091 | solve=  1.6832 | scatter=  0.0531
f=     3.650 Hz | ky=  0.217552E-02 | IK=       4/      55 | t=    6.871800 s | CA=  2.5238 | fact=  2.5423 | GF=  1.8057 | solve=  1.6793 | scatter=  0.0535
f=     3.650 Hz | ky=  0.271940E-02 | IK=       5/      55 | t=    6.914500 s | CA=  2.5563 | fact=  2.5511 | GF=  1.8070 | solve=  1.6790 | scatter=  0.0552
f=     3.650 Hz | ky=  0.326328E-02 | IK=       6/      55 | t=    6.888900 s | CA=  2.5562 | fact=  2.5305 | GF=  1.8022 | solve=  1.6775 | scatter=  0.0518
f=     3.650 Hz | ky=  0.380716E-02 | IK=       7/      55 | t=    6.858100 s | CA=  2.5376 | fact=  2.5174 | GF=  1.8030 | solve=  1.6784 | scatter=  0.0519
f=     3.650 Hz | ky=  0.435104E-02 | IK=       8/      55 | t=    6.849600 s | CA=  2.5602 | fact=  2.4856 | GF=  1.8038 | solve=  1.6773 | scatter=  0.0537
f=     3.650 Hz | ky=  0.489492E-02 | IK=       9/      55 | t=    6.860100 s | CA=  2.5414 | fact=  2.5175 | GF=  1.8012 | solve=  1.6759 | scatter=  0.0525
f=     3.650 Hz | ky=  0.543880E-02 | IK=      10/      55 | t=    6.910700 s | CA=  2.5636 | fact=  2.5406 | GF=  1.8065 | solve=  1.6809 | scatter=  0.0528
PARDISO mem (f=  3.65 Hz): sym=  1.95 GB  perm=  1.42 GB  num=  3.22 GB  
peak=  4.64 GB
t_global   =    116.086 s
TIME for 1st forward modeling =  1.934629948933919  min
TIME for GT0 =  .5343333383401235E-02  min
Data scaler W for L2 norm: 60858307368707.61
Data scaler W for WQS norm: .1007948000807317E-312
Total number of active inversion parameters for current sequential stage (IM):          1
Total model blocks points (NM = IM * NBLOCK):      11534 on grid (NMM = IM * NPT):    185445
 Gradient balance ():   1.00000000000000        1.00000000000000     
   1.00000000000000        1.00000000000000        1.00000000000000     
   1.00000000000000        1.00000000000000        1.00000000000000     
   1.00000000000000        1.00000000000000        1.00000000000000     
 IE0, IZ          30           0
 IE0, IZ, GZ1, GZ2 =           30           0   100.000000000000     
   300.000000000000     
  
 Frequency:           3 Iteration:           1
--- Pre-solver preview (memory + RHS workload) ---
   GQG dims: NNX=       585  NNZ=       317  NPT=    185445
   DOF:     N=3*NPT =    556335
   Sources: NSR=       100  NSS=       100  NK=        55
   RHS total (per IK): nrhs_tot=3*NSS =       300
   Batch:    MAX_RHS_BATCH=        32  nbatches=        10
   GFMY  (GFX+GFY+GFZ):         68.393 GB
   RHS_MY(rhs+sol buffers):      0.531 GB
 
 running run_ik_loop_pardiso
before CA | VmRSS=  70.912 GB  VmHWM=  81.349 GB
after CA | VmRSS=  72.062 GB  VmHWM=  81.349 GB
after factor | VmRSS=  75.834 GB  VmHWM=  81.349 GB
f=     3.650 Hz | ky=  0.543880E-03 | IK=       1/      55 | t=   24.256400 s | CA=  2.5567 | fact= 12.7939 | GF=  8.9056 | solve=  8.2422 | scatter=  0.2552
f=     3.650 Hz | ky=  0.108776E-02 | IK=       2/      55 | t=   13.932900 s | CA=  2.5674 | fact=  2.5453 | GF=  8.8202 | solve=  8.1892 | scatter=  0.2527
f=     3.650 Hz | ky=  0.163164E-02 | IK=       3/      55 | t=   13.907000 s | CA=  2.5584 | fact=  2.5369 | GF=  8.8117 | solve=  8.1792 | scatter=  0.2535
f=     3.650 Hz | ky=  0.217552E-02 | IK=       4/      55 | t=   13.914200 s | CA=  2.5814 | fact=  2.5428 | GF=  8.7900 | solve=  8.1573 | scatter=  0.2540
f=     3.650 Hz | ky=  0.271940E-02 | IK=       5/      55 | t=   13.977800 s | CA=  2.5825 | fact=  2.5627 | GF=  8.8326 | solve=  8.1979 | scatter=  0.2552
f=     3.650 Hz | ky=  0.326328E-02 | IK=       6/      55 | t=   13.984100 s | CA=  2.6096 | fact=  2.5569 | GF=  8.8176 | solve=  8.1877 | scatter=  0.2505
f=     3.650 Hz | ky=  0.380716E-02 | IK=       7/      55 | t=   13.959400 s | CA=  2.5935 | fact=  2.5500 | GF=  8.8158 | solve=  8.1796 | scatter=  0.2569
f=     3.650 Hz | ky=  0.435104E-02 | IK=       8/      55 | t=   14.016100 s | CA=  2.6257 | fact=  2.5608 | GF=  8.8295 | solve=  8.1962 | scatter=  0.2534
f=     3.650 Hz | ky=  0.489492E-02 | IK=       9/      55 | t=   13.964800 s | CA=  2.5742 | fact=  2.5452 | GF=  8.8453 | solve=  8.2116 | scatter=  0.2540
f=     3.650 Hz | ky=  0.543880E-02 | IK=      10/      55 | t=   13.956300 s | CA=  2.5941 | fact=  2.5451 | GF=  8.8170 | solve=  8.1821 | scatter=  0.2551
PARDISO mem (f=  3.65 Hz): sym=  1.95 GB  perm=  1.42 GB  num=  3.22 GB  
peak=  4.64 GB
t_global   =    334.308 s
TIME for 2d forward modeling_i calc =  5.570088195800781 min
Rank    5 -> ID range:   4001 to   4800 | Tasks:    800
Rank    4 -> ID range:   3201 to   4000 | Tasks:    800
Rank    2 -> ID range:   1601 to   2400 | Tasks:    800
Rank    3 -> ID range:   2401 to   3200 | Tasks:    800
Rank    1 -> ID range:    801 to   1600 | Tasks:    800
  
 -------------- calculate Frechet derivatives -----------
 IFREQ =           3    ITERATION =           1
Frechet memory size Frec_my:      0.825 (Gb)
Rank    0 -> ID range:      1 to    800 | Tasks:    800
FREQ:      3.6 Hz, ITER=       1  Frechet Derivative ID=     100/    4800 Finished   0.214500 s
FREQ:      3.6 Hz, ITER=       1  Frechet Derivative ID=     200/    4800 Finished   0.215000 s
FREQ:      3.6 Hz, ITER=       1  Frechet Derivative ID=     300/    4800 Finished   0.205400 s
FREQ:      3.6 Hz, ITER=       1  Frechet Derivative ID=     400/    4800 Finished   0.197600 s
FREQ:      3.6 Hz, ITER=       1  Frechet Derivative ID=     500/    4800 Finished   0.212200 s
FREQ:      3.6 Hz, ITER=       1  Frechet Derivative ID=     600/    4800 Finished   0.202000 s
FREQ:      3.6 Hz, ITER=       1  Frechet Derivative ID=     700/    4800 Finished   0.200000 s
FREQ:      3.6 Hz, ITER=       1  Frechet Derivative ID=     800/    4800 Finished   0.197500 s
||Frechet||_F=  4.4149E-14max|Frechet|=  5.3051E-19
||Frechet||_F=  4.4149E-14max|Frechet|=  5.3051E-19
||Frechet||_F=  4.4149E-14max|Frechet|=  5.3051E-19
||Frechet||_F=  4.4149E-14max|Frechet|=  5.3051E-19
||Frechet||_F=  4.4149E-14max|Frechet|=  5.3051E-19
 
TIME for Frechet calc =  2.869713338216146 min
 
m_fine: min=  1.7765E+02  max=  2.3006E+02  mean=  2.1152E+02  ||.||2=  9.1485E+04  size=  185445
m_coarse_prev: min=  1.7807E+02  max=  2.2978E+02  mean=  2.1154E+02  ||.||2=  2.2818E+04  size=   11534
 
  compute the residual and the cost function
 WD_amp= 6.08583E+13  RESID_RMS= 7.92183E-05  FCOST_DATA= 3.13777E-09  FCOST0= 3.13777E-09
||Frechet||_F=  4.4149E-14max|Frechet|=  5.3051E-19
IA=  8  H(single F0) min= 0.00000E+00  max= 8.06222E-03
IA=  8  H(F0^2)     min= 0.00000E+00  max= 8.06222E-03
HESSD: ia=   8  min= 0.00000E+00  max= 2.47997E+04
IA=  8  H(single F0) min= 0.00000E+00  max= 8.06222E-03
IA=  8  H(F0^2)     min= 0.00000E+00  max= 8.06222E-03
HESSD: ia=   8  min= 0.00000E+00  max= 2.47997E+04
IA=  8  H(single F0) min= 0.00000E+00  max= 8.06222E-03
IA=  8  H(F0^2)     min= 0.00000E+00  max= 8.06222E-03
HESSD: ia=   8  min= 0.00000E+00  max= 2.47997E+04
IA=  8  H(single F0) min= 0.00000E+00  max= 8.06222E-03
IA=  8  H(F0^2)     min= 0.00000E+00  max= 8.06222E-03
IA=  8  H(single F0) min= 0.00000E+00  max= 8.06222E-03
IA=  8  H(F0^2)     min= 0.00000E+00  max= 8.06222E-03
HESSD: ia=   8  min= 0.00000E+00  max= 2.47997E+04
HESSD: ia=   8  min= 0.00000E+00  max= 2.47997E+04
IA=  8  H(single F0) min= 0.00000E+00  max= 8.06222E-03
IA=  8  H(F0^2)     min= 0.00000E+00  max= 8.06222E-03
HESSD: ia=   8  min= 0.00000E+00  max= 2.47997E+04
Grad block   8 GRAD_SCALED MORM =   3.0150E-06
Raw grad block  8  PAR={Q13}  min= -8.7753E-12  max=  1.4253E-11  L2=  8.2745E-11
Gradient finished
Start LBFGS 
LBFGS steepest step , iter=      1
  g·p = -3.0382E-09  ||p|| =  4.4061E-03
  min(p)= -1.9851E-04  max(p)=  3.2590E-04
LBFGS p_k (unscaled) stats per active parameter:
  IA=  8  PAR={Q13}  min=-7.41349E+00  max= 1.21710E+01  L2= 1.64552E+02
min(p_k)= -1.9851E-04  max(p_k)=  3.2590E-04  ||p_k||=  4.4061E-03
min(p_kf)= -1.9851E-04  max(p_kf)=  3.2590E-04  ||p_kf||=  1.7625E-02
p_k/p_kf  =   2.5000E-01
Start linesearch
BT entry: phi(0)=  3.1378E-09  g·p(0)= -3.0382E-09
 UPDATEPARAMETER: f-scale only
UPDATEPARAMETER PAR_STEP min/max, V_STEP min/max =  1.7459348308E+02  2.3309595054E+02
  1.7459348308E+02  2.3309595054E+02
REL STEP Q      : k=  8 row=  3 rmax_k=  5.8463E-02 row_scale=  2.3006E+02
BT cap probe: rmax1=  5.8463E-02  alpha_cap=  1.0000E+00  alpha00=  1.0000E+00
 UPDATEPARAMETER: f-scale only
UPDATEPARAMETER PAR_STEP min/max, V_STEP min/max =  1.7459348308E+02  2.3309595054E+02
  1.7459348308E+02  2.3309595054E+02
 running run_ik_loop_pardiso
before CA | VmRSS=  16.324 GB  VmHWM=  81.349 GB
after CA | VmRSS=  17.606 GB  VmHWM=  81.349 GB
after factor | VmRSS=  21.369 GB  VmHWM=  81.349 GB
f=     3.650 Hz | ky=  0.543880E-03 | IK=       1/      55 | t=   17.301800 s | CA=  2.5540 | fact= 12.8363 | GF=  1.9113 | solve=  1.7559 | scatter=  0.0526
f=     3.650 Hz | ky=  0.108776E-02 | IK=       2/      55 | t=    6.959600 s | CA=  2.6286 | fact=  2.5280 | GF=  1.8029 | solve=  1.6786 | scatter=  0.0513
f=     3.650 Hz | ky=  0.163164E-02 | IK=       3/      55 | t=    6.965900 s | CA=  2.6086 | fact=  2.5468 | GF=  1.8104 | solve=  1.6840 | scatter=  0.0538
f=     3.650 Hz | ky=  0.217552E-02 | IK=       4/      55 | t=    6.960400 s | CA=  2.6123 | fact=  2.5417 | GF=  1.8064 | solve=  1.6796 | scatter=  0.0539
f=     3.650 Hz | ky=  0.271940E-02 | IK=       5/      55 | t=    6.910400 s | CA=  2.5716 | fact=  2.5277 | GF=  1.8111 | solve=  1.6814 | scatter=  0.0568
f=     3.650 Hz | ky=  0.326328E-02 | IK=       6/      55 | t=    6.943300 s | CA=  2.6005 | fact=  2.5417 | GF=  1.8011 | solve=  1.6768 | scatter=  0.0510
f=     3.650 Hz | ky=  0.380716E-02 | IK=       7/      55 | t=    6.956200 s | CA=  2.6239 | fact=  2.5273 | GF=  1.8049 | solve=  1.6793 | scatter=  0.0528
f=     3.650 Hz | ky=  0.435104E-02 | IK=       8/      55 | t=    6.935200 s | CA=  2.5737 | fact=  2.5600 | GF=  1.8015 | solve=  1.6770 | scatter=  0.0517
f=     3.650 Hz | ky=  0.489492E-02 | IK=       9/      55 | t=    7.006700 s | CA=  2.6604 | fact=  2.5370 | GF=  1.8092 | solve=  1.6843 | scatter=  0.0520
f=     3.650 Hz | ky=  0.543880E-02 | IK=      10/      55 | t=    6.961700 s | CA=  2.6099 | fact=  2.5428 | GF=  1.8090 | solve=  1.6822 | scatter=  0.0539
PARDISO mem (f=  3.65 Hz): sym=  1.95 GB  perm=  1.42 GB  num=  3.22 GB  
peak=  4.64 GB
 WD_amp= 6.08583E+13  RESID_RMS= 2.67631E-04  FCOST_DATA= 3.58131E-08  FCOST0= 3.58131E-08
BT: alpha=  1.0000E+00  phi=  3.5813E-08  rhs=  3.1375E-09
 UPDATEPARAMETER: f-scale only
UPDATEPARAMETER PAR_STEP min/max, V_STEP min/max =  1.7631281452E+02  2.3109330558E+02
  1.7631281452E+02  2.3109330558E+02
 running run_ik_loop_pardiso
before CA | VmRSS=  16.211 GB  VmHWM=  81.349 GB
after CA | VmRSS=  17.075 GB  VmHWM=  81.349 GB
after factor | VmRSS=  20.840 GB  VmHWM=  81.349 GB
f=     3.650 Hz | ky=  0.543880E-03 | IK=       1/      55 | t=   17.218700 s | CA=  2.5000 | fact= 12.8053 | GF=  1.9132 | solve=  1.7589 | scatter=  0.0513
f=     3.650 Hz | ky=  0.108776E-02 | IK=       2/      55 | t=    6.946700 s | CA=  2.6058 | fact=  2.5319 | GF=  1.8089 | solve=  1.6829 | scatter=  0.0533
f=     3.650 Hz | ky=  0.163164E-02 | IK=       3/      55 | t=    6.890500 s | CA=  2.5469 | fact=  2.5384 | GF=  1.8052 | solve=  1.6792 | scatter=  0.0532
f=     3.650 Hz | ky=  0.217552E-02 | IK=       4/      55 | t=    6.940800 s | CA=  2.5976 | fact=  2.5387 | GF=  1.8045 | solve=  1.6797 | scatter=  0.0519
f=     3.650 Hz | ky=  0.271940E-02 | IK=       5/      55 | t=    6.965400 s | CA=  2.6244 | fact=  2.5335 | GF=  1.8074 | solve=  1.6825 | scatter=  0.0521
f=     3.650 Hz | ky=  0.326328E-02 | IK=       6/      55 | t=    6.912600 s | CA=  2.5634 | fact=  2.5437 | GF=  1.8055 | solve=  1.6765 | scatter=  0.0560
f=     3.650 Hz | ky=  0.380716E-02 | IK=       7/      55 | t=    6.924900 s | CA=  2.6090 | fact=  2.5118 | GF=  1.8040 | solve=  1.6780 | scatter=  0.0532
f=     3.650 Hz | ky=  0.435104E-02 | IK=       8/      55 | t=    6.907800 s | CA=  2.5525 | fact=  2.5516 | GF=  1.8037 | solve=  1.6775 | scatter=  0.0535
f=     3.650 Hz | ky=  0.489492E-02 | IK=       9/      55 | t=    6.886200 s | CA=  2.5429 | fact=  2.5365 | GF=  1.8067 | solve=  1.6825 | scatter=  0.0514
f=     3.650 Hz | ky=  0.543880E-02 | IK=      10/      55 | t=    6.993400 s | CA=  2.6362 | fact=  2.5445 | GF=  1.8127 | solve=  1.6866 | scatter=  0.0533
PARDISO mem (f=  3.65 Hz): sym=  1.95 GB  perm=  1.42 GB  num=  3.22 GB  
peak=  4.64 GB
 WD_amp= 6.08583E+13  RESID_RMS= 1.41404E-04  FCOST_DATA= 9.99755E-09  FCOST0= 9.99755E-09
BT: alpha=  5.0000E-01  phi=  9.9976E-09  rhs=  3.1376E-09
 UPDATEPARAMETER: f-scale only
UPDATEPARAMETER PAR_STEP min/max, V_STEP min/max =  1.7706189801E+02  2.3009198310E+02
  1.7706189801E+02  2.3009198310E+02
 running run_ik_loop_pardiso
before CA | VmRSS=  16.654 GB  VmHWM=  81.349 GB
after CA | VmRSS=  17.054 GB  VmHWM=  81.349 GB
after factor | VmRSS=  20.813 GB  VmHWM=  81.349 GB
f=     3.650 Hz | ky=  0.543880E-03 | IK=       1/      55 | t=   17.247300 s | CA=  2.5353 | fact= 12.7995 | GF=  1.9123 | solve=  1.7557 | scatter=  0.0536
f=     3.650 Hz | ky=  0.108776E-02 | IK=       2/      55 | t=    6.909800 s | CA=  2.5628 | fact=  2.5396 | GF=  1.8073 | solve=  1.6787 | scatter=  0.0558
f=     3.650 Hz | ky=  0.163164E-02 | IK=       3/      55 | t=    6.946700 s | CA=  2.5900 | fact=  2.5528 | GF=  1.8038 | solve=  1.6774 | scatter=  0.0534
f=     3.650 Hz | ky=  0.217552E-02 | IK=       4/      55 | t=    6.918700 s | CA=  2.5826 | fact=  2.5319 | GF=  1.8042 | solve=  1.6786 | scatter=  0.0527
f=     3.650 Hz | ky=  0.271940E-02 | IK=       5/      55 | t=    6.932800 s | CA=  2.5943 | fact=  2.5308 | GF=  1.8076 | solve=  1.6823 | scatter=  0.0525
f=     3.650 Hz | ky=  0.326328E-02 | IK=       6/      55 | t=    6.955300 s | CA=  2.6007 | fact=  2.5484 | GF=  1.8062 | solve=  1.6804 | scatter=  0.0530
f=     3.650 Hz | ky=  0.380716E-02 | IK=       7/      55 | t=    6.969100 s | CA=  2.6250 | fact=  2.5417 | GF=  1.8024 | solve=  1.6785 | scatter=  0.0508
f=     3.650 Hz | ky=  0.435104E-02 | IK=       8/      55 | t=    6.948200 s | CA=  2.6082 | fact=  2.5300 | GF=  1.8100 | solve=  1.6844 | scatter=  0.0528
f=     3.650 Hz | ky=  0.489492E-02 | IK=       9/      55 | t=    6.885300 s | CA=  2.5742 | fact=  2.5093 | GF=  1.8017 | solve=  1.6768 | scatter=  0.0519
f=     3.650 Hz | ky=  0.543880E-02 | IK=      10/      55 | t=    6.969900 s | CA=  2.6145 | fact=  2.5491 | GF=  1.8063 | solve=  1.6810 | scatter=  0.0522
PARDISO mem (f=  3.65 Hz): sym=  1.95 GB  perm=  1.42 GB  num=  3.22 GB  
peak=  4.64 GB
 WD_amp= 6.08583E+13  RESID_RMS= 9.07606E-05  FCOST_DATA= 4.11874E-09  FCOST0= 4.11874E-09
BT: alpha=  2.5000E-01  phi=  4.1187E-09  rhs=  3.1377E-09
 UPDATEPARAMETER: f-scale only
UPDATEPARAMETER PAR_STEP min/max, V_STEP min/max =  1.7735389338E+02  2.2999230283E+02
  1.7735389338E+02  2.2999230283E+02
 running run_ik_loop_pardiso
before CA | VmRSS=  16.818 GB  VmHWM=  81.349 GB
after CA | VmRSS=  16.940 GB  VmHWM=  81.349 GB
after factor | VmRSS=  20.702 GB  VmHWM=  81.349 GB
f=     3.650 Hz | ky=  0.543880E-03 | IK=       1/      55 | t=   17.279000 s | CA=  2.5658 | fact= 12.8056 | GF=  1.9074 | solve=  1.7527 | scatter=  0.0518
f=     3.650 Hz | ky=  0.108776E-02 | IK=       2/      55 | t=    6.867300 s | CA=  2.5674 | fact=  2.4960 | GF=  1.8039 | solve=  1.6804 | scatter=  0.0508
f=     3.650 Hz | ky=  0.163164E-02 | IK=       3/      55 | t=    6.926700 s | CA=  2.5894 | fact=  2.5376 | GF=  1.7996 | solve=  1.6775 | scatter=  0.0496
f=     3.650 Hz | ky=  0.217552E-02 | IK=       4/      55 | t=    6.907700 s | CA=  2.5841 | fact=  2.5152 | GF=  1.8084 | solve=  1.6841 | scatter=  0.0516
f=     3.650 Hz | ky=  0.271940E-02 | IK=       5/      55 | t=    6.926800 s | CA=  2.5887 | fact=  2.5333 | GF=  1.8048 | solve=  1.6806 | scatter=  0.0513
f=     3.650 Hz | ky=  0.326328E-02 | IK=       6/      55 | t=    6.829900 s | CA=  2.5300 | fact=  2.4943 | GF=  1.8056 | solve=  1.6790 | scatter=  0.0539
f=     3.650 Hz | ky=  0.380716E-02 | IK=       7/      55 | t=    6.899500 s | CA=  2.5578 | fact=  2.5370 | GF=  1.8046 | solve=  1.6779 | scatter=  0.0540
f=     3.650 Hz | ky=  0.435104E-02 | IK=       8/      55 | t=    6.916200 s | CA=  2.5866 | fact=  2.5256 | GF=  1.8040 | solve=  1.6775 | scatter=  0.0537
f=     3.650 Hz | ky=  0.489492E-02 | IK=       9/      55 | t=    6.899200 s | CA=  2.5489 | fact=  2.5414 | GF=  1.8088 | solve=  1.6810 | scatter=  0.0551
f=     3.650 Hz | ky=  0.543880E-02 | IK=      10/      55 | t=    6.933900 s | CA=  2.5622 | fact=  2.5562 | GF=  1.8155 | solve=  1.6900 | scatter=  0.0526
PARDISO mem (f=  3.65 Hz): sym=  1.95 GB  perm=  1.42 GB  num=  3.22 GB  
peak=  4.64 GB
 WD_amp= 6.08583E+13  RESID_RMS= 7.75325E-05  FCOST_DATA= 3.00565E-09  FCOST0= 3.00565E-09
  
  
BT: alpha=  1.2500E-01  phi=  3.0056E-09  rhs=  3.1377E-09
  
  
  
Convergence reached, updating parameter grid
ALPHA from line search =  .1250000000000000
 FCOST0 after linesearch  3.005645734330646E-009
Norm of s (s_norm) =  .5507678494989856E-03
  
Time for LBFGS =  7.738764953613281 min
  
 Frequency:           3 Iteration:           2
t_global   =    332.047 s
  
 -------------- calculate Frechet derivatives -----------
 IFREQ =           3    ITERATION =           2
||Frechet||_F=  4.4111E-14max|Frechet|=  5.3052E-19
||Frechet||_F=  4.4111E-14max|Frechet|=  5.3052E-19
||Frechet||_F=  4.4111E-14max|Frechet|=  5.3052E-19
||Frechet||_F=  4.4111E-14max|Frechet|=  5.3052E-19
||Frechet||_F=  4.4111E-14max|Frechet|=  5.3052E-19
||Frechet||_F=  4.4111E-14max|Frechet|=  5.3052E-19
 
TIME for Frechet calc =  2.823419952392578 min
 
 
  compute the residual and the cost function
 WD_amp= 6.08583E+13  RESID_RMS= 7.75325E-05  FCOST_DATA= 3.00565E-09  FCOST0= 3.00565E-09
Grad block   8 GRAD_SCALED MORM =   3.9313E-06
Raw grad block  8  PAR={Q13}  min= -9.2885E-12  max=  1.4999E-11  L2=  1.0726E-10
Gradient finished
Start LBFGS 
curvature (warm): s·y=  8.0634E-10  ||s||^2=  3.0335E-07  ||y||^2=  1.0238E-11  sTy_min=  1.7623E-10
LBFGS history: used= 0  skipped= 1  worst_col= 5  bad_s·y=  8.0634E-10  bad_cos_sy=  4.5754E-01
LBFGS step: g·p = -1.4088E-08  ||p||=  6.9698E-03
LBFGS step: min(p)= -5.6958E-04  max(p)=  2.5766E-04
LBFGS p_k (unscaled) stats per active parameter:
  IA=  8  PAR={Q13}  min=-2.12714E+01  max= 9.62271E+00  L2= 2.60293E+02
min(p_k)= -5.6958E-04  max(p_k)=  2.5766E-04  ||p_k||=  6.9698E-03
min(p_kf)= -5.6958E-04  max(p_kf)=  2.5766E-04  ||p_kf||=  2.7879E-02
p_k/p_kf  =   2.5000E-01
Start linesearch
MT entry: phi(0)=  3.0056E-09  dg0= -1.4088E-08  alpha0=  1.0000E+00
 UPDATEPARAMETER: f-scale only
UPDATEPARAMETER PAR_STEP min/max, V_STEP min/max =  1.6050035083E+02  2.3261222394E+02
  1.6050035083E+02  2.3261222394E+02
 WD_amp= 6.08583E+13  RESID_RMS= 8.31980E-04  FCOST_DATA= 3.46095E-07  FCOST0= 3.46095E-07
  
 -------------- calculate Frechet derivatives -----------
 IFREQ =           3    ITERATION =           2
||Frechet||_F=  4.5348E-14max|Frechet|=  5.3056E-19
||Frechet||_F=  4.5348E-14max|Frechet|=  5.3056E-19
||Frechet||_F=  4.5348E-14max|Frechet|=  5.3056E-19
||Frechet||_F=  4.5348E-14max|Frechet|=  5.3056E-19
||Frechet||_F=  4.5348E-14max|Frechet|=  5.3056E-19
||Frechet||_F=  4.5348E-14max|Frechet|=  5.3056E-19
Grad block   8 GRAD_SCALED MORM =   1.1424E-04
MT try: alpha=  1.0000E+00  phi=  3.4610E-07  dg=  5.2641E-07  dg0= -1.4088E-08
MT try: armijo_rhs=  3.0042E-09  armijo=F  curvature=F  task=FG
 UPDATEPARAMETER: f-scale only
UPDATEPARAMETER PAR_STEP min/max, V_STEP min/max =  1.7739881828E+02  2.2999264070E+02
  1.7739881828E+02  2.2999264070E+02
 WD_amp= 6.08583E+13  RESID_RMS= 7.45965E-05  FCOST_DATA= 2.78232E-09  FCOST0= 2.78232E-09
  
 -------------- calculate Frechet derivatives -----------
 IFREQ =           3    ITERATION =           2
||Frechet||_F=  4.4126E-14max|Frechet|=  5.3052E-19
||Frechet||_F=  4.4126E-14max|Frechet|=  5.3052E-19
||Frechet||_F=  4.4126E-14max|Frechet|=  5.3052E-19
||Frechet||_F=  4.4126E-14max|Frechet|=  5.3052E-19
||Frechet||_F=  4.4126E-14max|Frechet|=  5.3052E-19
||Frechet||_F=  4.4126E-14max|Frechet|=  5.3052E-19
Grad block   8 GRAD_SCALED MORM =   2.9494E-06
MT try: alpha=  1.3352E-02  phi=  2.7823E-09  dg= -8.1865E-09  dg0= -1.4088E-08
MT try: armijo_rhs=  3.0056E-09  armijo=T  curvature=T  task=FG
  
  
  
  
  
Convergence reached, updating parameter grid
ALPHA from line search =  .1335193640450060E-01
 FCOST0 after linesearch  2.782322013143382E-009
Norm of s (s_norm) =  .9305987240340118E-04
  
Time for LBFGS =  16.81813863118490 min
  
 Frequency:           3 Iteration:           3
t_global   =    333.235 s
  
 -------------- calculate Frechet derivatives -----------
 IFREQ =           3    ITERATION =           3
||Frechet||_F=  4.4126E-14max|Frechet|=  5.3052E-19
||Frechet||_F=  4.4126E-14max|Frechet|=  5.3052E-19
||Frechet||_F=  4.4126E-14max|Frechet|=  5.3052E-19
||Frechet||_F=  4.4126E-14max|Frechet|=  5.3052E-19
||Frechet||_F=  4.4126E-14max|Frechet|=  5.3052E-19
 
TIME for Frechet calc =  2.892191569010417 min
 
 
  compute the residual and the cost function
 WD_amp= 6.08583E+13  RESID_RMS= 7.45965E-05  FCOST_DATA= 2.78232E-09  FCOST0= 2.78232E-09
||Frechet||_F=  4.4126E-14max|Frechet|=  5.3052E-19
Grad block   8 GRAD_SCALED MORM =   2.9494E-06
Gradient finished
Start LBFGS 
curvature (warm): s·y=  7.8792E-11  ||s||^2=  8.6601E-09  ||y||^2=  1.0408E-12  sTy_min=  9.4941E-12
LBFGS history: used= 0  skipped= 2  worst_col= 4  bad_s·y=  7.8792E-11  bad_cos_sy=  8.2991E-01
LBFGS step: g·p = -4.9205E-09  ||p||=  4.4780E-03
LBFGS step: min(p)= -3.2163E-04  max(p)=  2.5961E-04
LBFGS p_k (unscaled) stats per active parameter:
  IA=  8  PAR={Q13}  min=-1.20116E+01  max= 9.69551E+00  L2= 1.67236E+02
min(p_k)= -3.2163E-04  max(p_k)=  2.5961E-04  ||p_k||=  4.4780E-03
min(p_kf)= -3.2163E-04  max(p_kf)=  2.5961E-04  ||p_kf||=  1.7912E-02
p_k/p_kf  =   2.5000E-01
Start linesearch
MT entry: phi(0)=  2.7823E-09  dg0= -4.9205E-09  alpha0=  1.0000E+00
 UPDATEPARAMETER: f-scale only
UPDATEPARAMETER PAR_STEP min/max, V_STEP min/max =  1.6947616539E+02  2.3274243116E+02
  1.6947616539E+02  2.3274243116E+02
 WD_amp= 6.08583E+13  RESID_RMS= 4.49511E-04  FCOST_DATA= 1.01030E-07  FCOST0= 1.01030E-07
  
 -------------- calculate Frechet derivatives -----------
 IFREQ =           3    ITERATION =           3
||Frechet||_F=  4.4739E-14max|Frechet|=  5.3055E-19
||Frechet||_F=  4.4739E-14max|Frechet|=  5.3055E-19
||Frechet||_F=  4.4739E-14max|Frechet|=  5.3055E-19
||Frechet||_F=  4.4739E-14max|Frechet|=  5.3055E-19
||Frechet||_F=  4.4739E-14max|Frechet|=  5.3055E-19
||Frechet||_F=  4.4739E-14max|Frechet|=  5.3055E-19
Grad block   8 GRAD_SCALED MORM =   5.9497E-05
MT try: alpha=  1.0000E+00  phi=  1.0103E-07  dg=  1.4750E-07  dg0= -4.9205E-09
MT try: armijo_rhs=  2.7818E-09  armijo=F  curvature=F  task=FG
 UPDATEPARAMETER: f-scale only
UPDATEPARAMETER PAR_STEP min/max, V_STEP min/max =  1.7744038878E+02  2.2999336611E+02
  1.7744038878E+02  2.2999336611E+02
 WD_amp= 6.08583E+13  RESID_RMS= 7.33241E-05  FCOST_DATA= 2.68822E-09  FCOST0= 2.68822E-09
  
 -------------- calculate Frechet derivatives -----------
 IFREQ =           3    ITERATION =           3
||Frechet||_F=  4.4135E-14max|Frechet|=  5.3052E-19
||Frechet||_F=  4.4135E-14max|Frechet|=  5.3052E-19
||Frechet||_F=  4.4135E-14max|Frechet|=  5.3052E-19
||Frechet||_F=  4.4135E-14max|Frechet|=  5.3052E-19
||Frechet||_F=  4.4135E-14max|Frechet|=  5.3052E-19
||Frechet||_F=  4.4135E-14max|Frechet|=  5.3052E-19
Grad block   8 GRAD_SCALED MORM =   2.4820E-06
MT try: alpha=  1.5790E-02  phi=  2.6882E-09  dg= -2.7579E-09  dg0= -4.9205E-09
MT try: armijo_rhs=  2.7823E-09  armijo=T  curvature=T  task=FG
  
  
  
Convergence reached, updating parameter grid
ALPHA from line search =  .1579043124240318E-01
 FCOST0 after linesearch  2.688215043090250E-009
Norm of s (s_norm) =  .7070981108944458E-04
  
  
  
Convergence check at iteration    3
  Relative cost decrease  =  3.3823E-02
  Relative model update   =  0.0000E+00
  Relative grad. norm     =  7.1250E-01
Time for LBFGS =  16.75258789062500 min
  
 Frequency:           3 Iteration:           4
t_global   =    334.065 s
  
 -------------- calculate Frechet derivatives -----------
 IFREQ =           3    ITERATION =           4
||Frechet||_F=  4.4135E-14max|Frechet|=  5.3052E-19
||Frechet||_F=  4.4135E-14max|Frechet|=  5.3052E-19
||Frechet||_F=  4.4135E-14max|Frechet|=  5.3052E-19
||Frechet||_F=  4.4135E-14max|Frechet|=  5.3052E-19
 
TIME for Frechet calc =  2.950838216145833 min
 
 
  compute the residual and the cost function
 WD_amp= 6.08583E+13  RESID_RMS= 7.33241E-05  FCOST_DATA= 2.68822E-09  FCOST0= 2.68822E-09
||Frechet||_F=  4.4135E-14max|Frechet|=  5.3052E-19
||Frechet||_F=  4.4135E-14max|Frechet|=  5.3052E-19
Grad block   8 GRAD_SCALED MORM =   2.4820E-06
Gradient finished
Start LBFGS 
curvature (warm): s·y=  3.4148E-11  ||s||^2=  4.9999E-09  ||y||^2=  4.5431E-13  sTy_min=  4.7660E-12
LBFGS history: used= 0  skipped= 3  worst_col= 3  bad_s·y=  3.4148E-11  bad_cos_sy=  7.1649E-01
LBFGS step: g·p = -1.7243E-09  ||p||=  3.2413E-03
LBFGS step: min(p)= -1.7141E-04  max(p)=  2.5924E-04
LBFGS p_k (unscaled) stats per active parameter:
  IA=  8  PAR={Q13}  min=-6.40145E+00  max= 9.68142E+00  L2= 1.21051E+02
min(p_k)= -1.7141E-04  max(p_k)=  2.5924E-04  ||p_k||=  3.2413E-03
min(p_kf)= -1.7141E-04  max(p_kf)=  2.5924E-04  ||p_kf||=  1.2965E-02
p_k/p_kf  =   2.5000E-01
Start linesearch
MT entry: phi(0)=  2.6882E-09  dg0= -1.7243E-09  alpha0=  1.0000E+00
 UPDATEPARAMETER: f-scale only
UPDATEPARAMETER PAR_STEP min/max, V_STEP min/max =  1.7364678796E+02  2.3282748883E+02
  1.7364678796E+02  2.3282748883E+02
 WD_amp= 6.08583E+13  RESID_RMS= 2.19832E-04  FCOST_DATA= 2.41630E-08  FCOST0= 2.41630E-08
  
 -------------- calculate Frechet derivatives -----------
 IFREQ =           3    ITERATION =           4
||Frechet||_F=  4.4379E-14max|Frechet|=  5.3054E-19
||Frechet||_F=  4.4379E-14max|Frechet|=  5.3054E-19
||Frechet||_F=  4.4379E-14max|Frechet|=  5.3054E-19
||Frechet||_F=  4.4379E-14max|Frechet|=  5.3054E-19
||Frechet||_F=  4.4379E-14max|Frechet|=  5.3054E-19
||Frechet||_F=  4.4379E-14max|Frechet|=  5.3054E-19
Grad block   8 GRAD_SCALED MORM =   2.7837E-05
MT try: alpha=  1.0000E+00  phi=  2.4163E-08  dg=  3.2003E-08  dg0= -1.7243E-09
MT try: armijo_rhs=  2.6880E-09  armijo=F  curvature=F  task=FG
 UPDATEPARAMETER: f-scale only
UPDATEPARAMETER PAR_STEP min/max, V_STEP min/max =  1.7748622206E+02  2.2999480268E+02
  1.7748622206E+02  2.2999480268E+02
 WD_amp= 6.08583E+13  RESID_RMS= 7.25757E-05  FCOST_DATA= 2.63362E-09  FCOST0= 2.63362E-09
  
 -------------- calculate Frechet derivatives -----------
 IFREQ =           3    ITERATION =           4
||Frechet||_F=  4.4141E-14max|Frechet|=  5.3052E-19
||Frechet||_F=  4.4141E-14max|Frechet|=  5.3052E-19
||Frechet||_F=  4.4141E-14max|Frechet|=  5.3052E-19
||Frechet||_F=  4.4141E-14max|Frechet|=  5.3052E-19
||Frechet||_F=  4.4141E-14max|Frechet|=  5.3052E-19
||Frechet||_F=  4.4141E-14max|Frechet|=  5.3052E-19
Grad block   8 GRAD_SCALED MORM =   2.2896E-06
MT try: alpha=  2.4350E-02  phi=  2.6336E-09  dg= -9.4141E-10  dg0= -1.7243E-09
MT try: armijo_rhs=  2.6882E-09  armijo=T  curvature=T  task=FG
  
  
  
  
Convergence reached, updating parameter grid
ALPHA from line search =  .2434987347177014E-01
 FCOST0 after linesearch  2.633615225343689E-009
Norm of s (s_norm) =  .7892613939699039E-04
  
  
Convergence check at iteration    4
  Relative cost decrease  =  2.0311E-02
  Relative model update   =  0.0000E+00
  Relative grad. norm     =  4.1117E-01
Time for LBFGS =  16.71434529622396 min
  
 Frequency:           3 Iteration:           5
t_global   =    332.545 s
  
 -------------- calculate Frechet derivatives -----------
 IFREQ =           3    ITERATION =           5
||Frechet||_F=  4.4141E-14max|Frechet|=  5.3052E-19
||Frechet||_F=  4.4141E-14max|Frechet|=  5.3052E-19
||Frechet||_F=  4.4141E-14max|Frechet|=  5.3052E-19
||Frechet||_F=  4.4141E-14max|Frechet|=  5.3052E-19
||Frechet||_F=  4.4141E-14max|Frechet|=  5.3052E-19
 
TIME for Frechet calc =  2.918828328450521 min
 
 
  compute the residual and the cost function
 WD_amp= 6.08583E+13  RESID_RMS= 7.25757E-05  FCOST_DATA= 2.63362E-09  FCOST0= 2.63362E-09
||Frechet||_F=  4.4141E-14max|Frechet|=  5.3052E-19
Grad block   8 GRAD_SCALED MORM =   2.2896E-06
Gradient finished
Start LBFGS 
curvature (warm): s·y=  1.9064E-11  ||s||^2=  6.2293E-09  ||y||^2=  2.5384E-13  sTy_min=  3.9765E-12
LBFGS history: used= 0  skipped= 4  worst_col= 2  bad_s·y=  1.9064E-11  bad_cos_sy=  4.7940E-01
LBFGS step: g·p = -7.6304E-10  ||p||=  2.7913E-03
LBFGS step: min(p)= -1.5879E-04  max(p)=  2.5615E-04
LBFGS p_k (unscaled) stats per active parameter:
  IA=  8  PAR={Q13}  min=-5.93016E+00  max= 9.56601E+00  L2= 1.04243E+02
min(p_k)= -1.5879E-04  max(p_k)=  2.5615E-04  ||p_k||=  2.7913E-03
min(p_kf)= -1.5879E-04  max(p_kf)=  2.5615E-04  ||p_kf||=  1.1165E-02
p_k/p_kf  =   2.5000E-01
Start linesearch
MT entry: phi(0)=  2.6336E-09  dg0= -7.6304E-10  alpha0=  1.0000E+00
 UPDATEPARAMETER: f-scale only
UPDATEPARAMETER PAR_STEP min/max, V_STEP min/max =  1.7553053662E+02  2.3289113065E+02
  1.7553053662E+02  2.3289113065E+02
 WD_amp= 6.08583E+13  RESID_RMS= 8.89377E-05  FCOST_DATA= 3.95495E-09  FCOST0= 3.95495E-09
  
 -------------- calculate Frechet derivatives -----------
 IFREQ =           3    ITERATION =           5
||Frechet||_F=  4.4145E-14max|Frechet|=  5.3054E-19
||Frechet||_F=  4.4145E-14max|Frechet|=  5.3054E-19
||Frechet||_F=  4.4145E-14max|Frechet|=  5.3054E-19
||Frechet||_F=  4.4145E-14max|Frechet|=  5.3054E-19
||Frechet||_F=  4.4145E-14max|Frechet|=  5.3054E-19
||Frechet||_F=  4.4145E-14max|Frechet|=  5.3054E-19
Grad block   8 GRAD_SCALED MORM =   7.3802E-06
MT try: alpha=  1.0000E+00  phi=  3.9550E-09  dg=  1.8489E-09  dg0= -7.6304E-10
MT try: armijo_rhs=  2.6335E-09  armijo=F  curvature=F  task=FG
 UPDATEPARAMETER: f-scale only
UPDATEPARAMETER PAR_STEP min/max, V_STEP min/max =  1.7758946828E+02  2.3011139619E+02
  1.7758946828E+02  2.3011139619E+02
 WD_amp= 6.08583E+13  RESID_RMS= 7.08568E-05  FCOST_DATA= 2.51034E-09  FCOST0= 2.51034E-09
  
 -------------- calculate Frechet derivatives -----------
 IFREQ =           3    ITERATION =           5
||Frechet||_F=  4.4141E-14max|Frechet|=  5.3052E-19
||Frechet||_F=  4.4141E-14max|Frechet|=  5.3052E-19
||Frechet||_F=  4.4141E-14max|Frechet|=  5.3052E-19
||Frechet||_F=  4.4141E-14max|Frechet|=  5.3052E-19
||Frechet||_F=  4.4141E-14max|Frechet|=  5.3052E-19
||Frechet||_F=  4.4141E-14max|Frechet|=  5.3052E-19
Grad block   8 GRAD_SCALED MORM =   2.2623E-06
MT try: alpha=  1.1296E-01  phi=  2.5103E-09  dg= -4.6875E-10  dg0= -7.6304E-10
MT try: armijo_rhs=  2.6336E-09  armijo=T  curvature=T  task=FG
  
  
  
Convergence reached, updating parameter grid
ALPHA from line search =  .1129633960019173
 FCOST0 after linesearch  2.510340948828759E-009
Norm of s (s_norm) =  .3153132359618045E-03
  
  
  
Convergence check at iteration    5
  Relative cost decrease  =  4.6808E-02
  Relative model update   =  0.0000E+00
  Relative grad. norm     =  4.6244E-01
Time for LBFGS =  16.84165344238281 min
  
 Frequency:           3 Iteration:           6
t_global   =    330.327 s
  
 -------------- calculate Frechet derivatives -----------
 IFREQ =           3    ITERATION =           6
||Frechet||_F=  4.4141E-14max|Frechet|=  5.3052E-19
||Frechet||_F=  4.4141E-14max|Frechet|=  5.3052E-19
||Frechet||_F=  4.4141E-14max|Frechet|=  5.3052E-19
||Frechet||_F=  4.4141E-14max|Frechet|=  5.3052E-19
 
TIME for Frechet calc =  2.896388244628906 min
 
 
  compute the residual and the cost function
 WD_amp= 6.08583E+13  RESID_RMS= 7.08568E-05  FCOST_DATA= 2.51034E-09  FCOST0= 2.51034E-09
||Frechet||_F=  4.4141E-14max|Frechet|=  5.3052E-19
||Frechet||_F=  4.4141E-14max|Frechet|=  5.3052E-19
Grad block   8 GRAD_SCALED MORM =   2.2623E-06
Gradient finished
Start LBFGS 
curvature (warm): s·y=  3.3243E-11  ||s||^2=  9.9422E-08  ||y||^2=  3.4287E-13  sTy_min=  1.8463E-11
LBFGS history: used= 0  skipped= 5  worst_col= 2  bad_s·y=  1.9064E-11  bad_cos_sy=  4.7940E-01
LBFGS step: g·p = -8.1207E-10  ||p||=  2.6300E-03
LBFGS step: min(p)= -1.3747E-04  max(p)=  2.3461E-04
LBFGS p_k (unscaled) stats per active parameter:
  IA=  8  PAR={Q13}  min=-5.13394E+00  max= 8.76177E+00  L2= 9.82216E+01
min(p_k)= -1.3747E-04  max(p_k)=  2.3461E-04  ||p_k||=  2.6300E-03
min(p_kf)= -1.3747E-04  max(p_kf)=  2.3461E-04  ||p_kf||=  1.0520E-02
p_k/p_kf  =   2.5000E-01
Start linesearch
MT entry: phi(0)=  2.5103E-09  dg0= -8.1207E-10  alpha0=  1.0000E+00
 UPDATEPARAMETER: f-scale only
UPDATEPARAMETER PAR_STEP min/max, V_STEP min/max =  1.7578851953E+02  2.3297108846E+02
  1.7578851953E+02  2.3297108846E+02
 WD_amp= 6.08583E+13  RESID_RMS= 1.26212E-04  FCOST_DATA= 7.96469E-09  FCOST0= 7.96469E-09
  
 -------------- calculate Frechet derivatives -----------
 IFREQ =           3    ITERATION =           6
||Frechet||_F=  4.4008E-14max|Frechet|=  5.3053E-19
||Frechet||_F=  4.4008E-14max|Frechet|=  5.3053E-19
||Frechet||_F=  4.4008E-14max|Frechet|=  5.3053E-19
||Frechet||_F=  4.4008E-14max|Frechet|=  5.3053E-19
||Frechet||_F=  4.4008E-14max|Frechet|=  5.3053E-19
||Frechet||_F=  4.4008E-14max|Frechet|=  5.3053E-19
Grad block   8 GRAD_SCALED MORM =   1.4151E-05
MT try: alpha=  1.0000E+00  phi=  7.9647E-09  dg=  7.9603E-09  dg0= -8.1207E-10
MT try: armijo_rhs=  2.5103E-09  armijo=F  curvature=F  task=FG
 UPDATEPARAMETER: f-scale only
UPDATEPARAMETER PAR_STEP min/max, V_STEP min/max =  1.7751614518E+02  2.3022996427E+02
  1.7751614518E+02  2.3022996427E+02
 WD_amp= 6.08583E+13  RESID_RMS= 7.01161E-05  FCOST_DATA= 2.45813E-09  FCOST0= 2.45813E-09
  
 -------------- calculate Frechet derivatives -----------
 IFREQ =           3    ITERATION =           6
||Frechet||_F=  4.4135E-14max|Frechet|=  5.3052E-19
||Frechet||_F=  4.4135E-14max|Frechet|=  5.3052E-19
||Frechet||_F=  4.4135E-14max|Frechet|=  5.3052E-19
||Frechet||_F=  4.4135E-14max|Frechet|=  5.3052E-19
||Frechet||_F=  4.4135E-14max|Frechet|=  5.3052E-19
||Frechet||_F=  4.4135E-14max|Frechet|=  5.3052E-19
Grad block   8 GRAD_SCALED MORM =   2.1751E-06
MT try: alpha=  4.1462E-02  phi=  2.4581E-09  dg= -4.4022E-10  dg0= -8.1207E-10
MT try: armijo_rhs=  2.5103E-09  armijo=T  curvature=T  task=FG
  
  
  
  
Convergence reached, updating parameter grid
ALPHA from line search =  .4146183074003774E-01
 FCOST0 after linesearch  2.458134337425168E-009
Norm of s (s_norm) =  .1090464279609958E-03
  
  
Convergence check at iteration    6
  Relative cost decrease  =  2.0797E-02
  Relative model update   =  0.0000E+00
  Relative grad. norm     =  3.2151E-01
Time for LBFGS =  16.97820536295573 min
  
 Frequency:           3 Iteration:           7
t_global   =    334.445 s
  
 -------------- calculate Frechet derivatives -----------
 IFREQ =           3    ITERATION =           7
||Frechet||_F=  4.4135E-14max|Frechet|=  5.3052E-19
||Frechet||_F=  4.4135E-14max|Frechet|=  5.3052E-19
||Frechet||_F=  4.4135E-14max|Frechet|=  5.3052E-19
||Frechet||_F=  4.4135E-14max|Frechet|=  5.3052E-19
 
TIME for Frechet calc =  2.969366709391276 min
 
 
  compute the residual and the cost function
 WD_amp= 6.08583E+13  RESID_RMS= 7.01161E-05  FCOST_DATA= 2.45813E-09  FCOST0= 2.45813E-09
||Frechet||_F=  4.4135E-14max|Frechet|=  5.3052E-19
||Frechet||_F=  4.4135E-14max|Frechet|=  5.3052E-19
Grad block   8 GRAD_SCALED MORM =   2.1751E-06
Gradient finished
Start LBFGS 
curvature (full): s·y=  1.5418E-11  ||s||^2=  1.1891E-08  ||y||^2=  1.9972E-13  sTy_min=  4.8733E-12
LBFGS history: used= 0  skipped= 5  worst_col= 1  bad_s·y=  1.5418E-11  bad_cos_sy=  3.1637E-01
 
LBFGS step(full): g·p = -5.1538E-10  ||p||=  2.3725E-03
LBFGS step(full): min(p)= -1.3990E-04  max(p)=  2.2572E-04
LBFGS p_k (unscaled) stats per active parameter:
  IA=  8  PAR={Q13}  min=-5.22456E+00  max= 8.42977E+00  L2= 8.86033E+01
min(p_k)= -1.3990E-04  max(p_k)=  2.2572E-04  ||p_k||=  2.3725E-03
min(p_kf)= -1.3990E-04  max(p_kf)=  2.2572E-04  ||p_kf||=  9.4900E-03
p_k/p_kf  =   2.5000E-01
Start linesearch
MT entry: phi(0)=  2.4581E-09  dg0= -5.1538E-10  alpha0=  1.0000E+00
 UPDATEPARAMETER: f-scale only
UPDATEPARAMETER PAR_STEP min/max, V_STEP min/max =  1.7528939903E+02  2.3295432664E+02
  1.7528939903E+02  2.3295432664E+02
 WD_amp= 6.08583E+13  RESID_RMS= 7.81476E-05  FCOST_DATA= 3.05353E-09  FCOST0= 3.05353E-09
  
 -------------- calculate Frechet derivatives -----------
 IFREQ =           3    ITERATION =           7
||Frechet||_F=  4.4168E-14max|Frechet|=  5.3054E-19
||Frechet||_F=  4.4168E-14max|Frechet|=  5.3054E-19
||Frechet||_F=  4.4168E-14max|Frechet|=  5.3054E-19
||Frechet||_F=  4.4168E-14max|Frechet|=  5.3054E-19
||Frechet||_F=  4.4168E-14max|Frechet|=  5.3054E-19
||Frechet||_F=  4.4168E-14max|Frechet|=  5.3054E-19
Grad block   8 GRAD_SCALED MORM =   4.9699E-06
MT try: alpha=  1.0000E+00  phi=  3.0535E-09  dg=  9.3346E-10  dg0= -5.1538E-10
MT try: armijo_rhs=  2.4581E-09  armijo=F  curvature=F  task=FG
 UPDATEPARAMETER: f-scale only
UPDATEPARAMETER PAR_STEP min/max, V_STEP min/max =  1.7742635925E+02  2.3064083337E+02
  1.7742635925E+02  2.3064083337E+02
 WD_amp= 6.08583E+13  RESID_RMS= 6.84295E-05  FCOST_DATA= 2.34129E-09  FCOST0= 2.34129E-09
  
 -------------- calculate Frechet derivatives -----------
 IFREQ =           3    ITERATION =           7
||Frechet||_F=  4.4139E-14max|Frechet|=  5.3052E-19
||Frechet||_F=  4.4139E-14max|Frechet|=  5.3052E-19
||Frechet||_F=  4.4139E-14max|Frechet|=  5.3052E-19
||Frechet||_F=  4.4139E-14max|Frechet|=  5.3052E-19
||Frechet||_F=  4.4139E-14max|Frechet|=  5.3052E-19
||Frechet||_F=  4.4139E-14max|Frechet|=  5.3052E-19
Grad block   8 GRAD_SCALED MORM =   2.1160E-06
MT try: alpha=  1.5081E-01  phi=  2.3413E-09  dg= -2.9876E-10  dg0= -5.1538E-10
MT try: armijo_rhs=  2.4581E-09  armijo=T  curvature=T  task=FG
  
  
  
  
Convergence reached, updating parameter grid
ALPHA from line search =  .1508129421202503
 FCOST0 after linesearch  2.341294924301648E-009
Norm of s (s_norm) =  .3578033426268981E-03
  
  
Convergence check at iteration    7
  Relative cost decrease  =  4.7532E-02
  Relative model update   =  0.0000E+00
  Relative grad. norm     =  4.8030E-01
Time for LBFGS =  16.75323181152344 min
 --------- Frequency   3.95000000000000       (band            1 )
[ComputeAcqWeight] empty acq_weight_file, using uniform weights = 1.0
Data weighting computed for frequency 4607182418800017373
XSRmin, XSRmax, ZSRmin, ZSRMax -1960.000000000000 .000000000000000 2050.000000000000 4030.000000000000
Data weighting computed for frequency 4607182418800017373
Data weighting computed for frequency 4607182418800017373
Data weighting computed for frequency 4607182418800017373
1 FKYC
1.2 FKYC
my_rank, FKYC,WLMAX, RMAX 0 .3237206343046874E-01 1296.906024010828 2786.036611389018
1.1 NK
NK in cky2= 55
Data weighting computed for frequency 4607182418800017373

  Number of wavenumber samples (NK) for FREQ =   55
  RMAX = 2786.04
Data weighting computed for frequency 4607182418800017373
--- Pre-solver preview (memory + RHS workload) ---
   GQG dims: NNX=       585  NNZ=       317  NPT=    185445
   DOF:     N=3*NPT =    556335
   Sources: NSR=       100  NSS=        20  NK=        55
   RHS total (per IK): nrhs_tot=3*NSS =        60
   Batch:    MAX_RHS_BATCH=        32  nbatches=         2
   GFMY  (GFX+GFY+GFZ):         13.679 GB
   RHS_MY(rhs+sol buffers):      0.531 GB
 
 running run_ik_loop_pardiso
before CA | VmRSS=  15.463 GB  VmHWM=  81.349 GB
after CA | VmRSS=  16.771 GB  VmHWM=  81.349 GB
after factor | VmRSS=  20.527 GB  VmHWM=  81.349 GB
f=     3.950 Hz | ky=  0.588583E-03 | IK=       1/      55 | t=   17.231200 s | CA=  2.4890 | fact= 12.8342 | GF=  1.9078 | solve=  1.7543 | scatter=  0.0506
f=     3.950 Hz | ky=  0.117717E-02 | IK=       2/      55 | t=    6.872600 s | CA=  2.5558 | fact=  2.5129 | GF=  1.8038 | solve=  1.6799 | scatter=  0.0510
f=     3.950 Hz | ky=  0.176575E-02 | IK=       3/      55 | t=    6.918500 s | CA=  2.5665 | fact=  2.5439 | GF=  1.8081 | solve=  1.6831 | scatter=  0.0521
f=     3.950 Hz | ky=  0.235433E-02 | IK=       4/      55 | t=    6.852100 s | CA=  2.5128 | fact=  2.5338 | GF=  1.8055 | solve=  1.6790 | scatter=  0.0536
f=     3.950 Hz | ky=  0.294291E-02 | IK=       5/      55 | t=    6.911400 s | CA=  2.5680 | fact=  2.5403 | GF=  1.8030 | solve=  1.6790 | scatter=  0.0514
f=     3.950 Hz | ky=  0.353150E-02 | IK=       6/      55 | t=    6.878000 s | CA=  2.5325 | fact=  2.5312 | GF=  1.8142 | solve=  1.6878 | scatter=  0.0535
f=     3.950 Hz | ky=  0.412008E-02 | IK=       7/      55 | t=    6.952500 s | CA=  2.6023 | fact=  2.5431 | GF=  1.8071 | solve=  1.6783 | scatter=  0.0560
f=     3.950 Hz | ky=  0.470866E-02 | IK=       8/      55 | t=    6.906600 s | CA=  2.5591 | fact=  2.5455 | GF=  1.8019 | solve=  1.6772 | scatter=  0.0518
f=     3.950 Hz | ky=  0.529725E-02 | IK=       9/      55 | t=    6.941100 s | CA=  2.5844 | fact=  2.5454 | GF=  1.8112 | solve=  1.6861 | scatter=  0.0521
f=     3.950 Hz | ky=  0.588583E-02 | IK=      10/      55 | t=    6.924800 s | CA=  2.5742 | fact=  2.5462 | GF=  1.8043 | solve=  1.6799 | scatter=  0.0517
PARDISO mem (f=  3.95 Hz): sym=  1.95 GB  perm=  1.42 GB  num=  3.22 GB  
peak=  4.64 GB
t_global   =    116.239 s
TIME for 1st forward modeling =  1.937158330281576  min
TIME for GT0 =  .5333333214124044E-02  min
Data scaler W for L2 norm: 62317002446034.46
Data scaler W for WQS norm: .1007948000807317E-312
Total number of active inversion parameters for current sequential stage (IM):          1
Total model blocks points (NM = IM * NBLOCK):      11534 on grid (NMM = IM * NPT):    185445
 Gradient balance ():   1.00000000000000        1.00000000000000     
   1.00000000000000        1.00000000000000        1.00000000000000     
   1.00000000000000        1.00000000000000        1.00000000000000     
   1.00000000000000        1.00000000000000        1.00000000000000     
 IE0, IZ          30           0
 IE0, IZ, GZ1, GZ2 =           30           0   100.000000000000     
   300.000000000000     
  
 Frequency:           4 Iteration:           1
--- Pre-solver preview (memory + RHS workload) ---
   GQG dims: NNX=       585  NNZ=       317  NPT=    185445
   DOF:     N=3*NPT =    556335
   Sources: NSR=       100  NSS=       100  NK=        55
   RHS total (per IK): nrhs_tot=3*NSS =       300
   Batch:    MAX_RHS_BATCH=        32  nbatches=        10
   GFMY  (GFX+GFY+GFZ):         68.393 GB
   RHS_MY(rhs+sol buffers):      0.531 GB
 
 running run_ik_loop_pardiso
before CA | VmRSS=  70.926 GB  VmHWM=  81.349 GB
after CA | VmRSS=  72.214 GB  VmHWM=  81.349 GB
after factor | VmRSS=  75.974 GB  VmHWM=  81.349 GB
f=     3.950 Hz | ky=  0.588583E-03 | IK=       1/      55 | t=   24.234200 s | CA=  2.5358 | fact= 12.7850 | GF=  8.9132 | solve=  8.2522 | scatter=  0.2532
f=     3.950 Hz | ky=  0.117717E-02 | IK=       2/      55 | t=   13.957200 s | CA=  2.5938 | fact=  2.5435 | GF=  8.8199 | solve=  8.1884 | scatter=  0.2527
f=     3.950 Hz | ky=  0.176575E-02 | IK=       3/      55 | t=   13.963800 s | CA=  2.5977 | fact=  2.5415 | GF=  8.8245 | solve=  8.1920 | scatter=  0.2539
f=     3.950 Hz | ky=  0.235433E-02 | IK=       4/      55 | t=   13.984200 s | CA=  2.6380 | fact=  2.5312 | GF=  8.8149 | solve=  8.1815 | scatter=  0.2543
f=     3.950 Hz | ky=  0.294291E-02 | IK=       5/      55 | t=   13.934100 s | CA=  2.5778 | fact=  2.5425 | GF=  8.8138 | solve=  8.1788 | scatter=  0.2556
f=     3.950 Hz | ky=  0.353150E-02 | IK=       6/      55 | t=   14.006000 s | CA=  2.6052 | fact=  2.5492 | GF=  8.8516 | solve=  8.2168 | scatter=  0.2556
f=     3.950 Hz | ky=  0.412008E-02 | IK=       7/      55 | t=   13.986100 s | CA=  2.6381 | fact=  2.5225 | GF=  8.8254 | solve=  8.1922 | scatter=  0.2538
f=     3.950 Hz | ky=  0.470866E-02 | IK=       8/      55 | t=   13.945000 s | CA=  2.5560 | fact=  2.5486 | GF=  8.8403 | solve=  8.2073 | scatter=  0.2543
f=     3.950 Hz | ky=  0.529725E-02 | IK=       9/      55 | t=   13.936300 s | CA=  2.5480 | fact=  2.5516 | GF=  8.8367 | solve=  8.2017 | scatter=  0.2567
f=     3.950 Hz | ky=  0.588583E-02 | IK=      10/      55 | t=   13.955900 s | CA=  2.5953 | fact=  2.5262 | GF=  8.8344 | solve=  8.2011 | scatter=  0.2537
PARDISO mem (f=  3.95 Hz): sym=  1.95 GB  perm=  1.42 GB  num=  3.22 GB  
peak=  4.64 GB
t_global   =    336.616 s
TIME for 2d forward modeling_i calc =  5.608181762695312 min
Rank    4 -> ID range:   3201 to   4000 | Tasks:    800
Rank    5 -> ID range:   4001 to   4800 | Tasks:    800
Rank    2 -> ID range:   1601 to   2400 | Tasks:    800
Rank    3 -> ID range:   2401 to   3200 | Tasks:    800
Rank    1 -> ID range:    801 to   1600 | Tasks:    800
  
 -------------- calculate Frechet derivatives -----------
 IFREQ =           4    ITERATION =           1
Frechet memory size Frec_my:      0.825 (Gb)
Rank    0 -> ID range:      1 to    800 | Tasks:    800
FREQ:      4.0 Hz, ITER=       1  Frechet Derivative ID=     100/    4800 Finished   0.218600 s
FREQ:      4.0 Hz, ITER=       1  Frechet Derivative ID=     200/    4800 Finished   0.212100 s
FREQ:      4.0 Hz, ITER=       1  Frechet Derivative ID=     300/    4800 Finished   0.212600 s
FREQ:      4.0 Hz, ITER=       1  Frechet Derivative ID=     400/    4800 Finished   0.212500 s
FREQ:      4.0 Hz, ITER=       1  Frechet Derivative ID=     500/    4800 Finished   0.212100 s
FREQ:      4.0 Hz, ITER=       1  Frechet Derivative ID=     600/    4800 Finished   0.208900 s
FREQ:      4.0 Hz, ITER=       1  Frechet Derivative ID=     700/    4800 Finished   0.207700 s
FREQ:      4.0 Hz, ITER=       1  Frechet Derivative ID=     800/    4800 Finished   0.208800 s
||Frechet||_F=  4.7037E-14max|Frechet|=  6.0960E-19
||Frechet||_F=  4.7037E-14max|Frechet|=  6.0960E-19
||Frechet||_F=  4.7037E-14max|Frechet|=  6.0960E-19
||Frechet||_F=  4.7037E-14max|Frechet|=  6.0960E-19
||Frechet||_F=  4.7037E-14max|Frechet|=  6.0960E-19
 
TIME for Frechet calc =  2.924766540527344 min
 
m_fine: min=  1.7743E+02  max=  2.3064E+02  mean=  2.1155E+02  ||.||2=  9.1500E+04  size=  185445
m_coarse_prev: min=  1.7791E+02  max=  2.3004E+02  mean=  2.1158E+02  ||.||2=  2.2822E+04  size=   11534
 
  compute the residual and the cost function
 WD_amp= 6.23170E+13  RESID_RMS= 7.27831E-05  FCOST_DATA= 2.64869E-09  FCOST0= 2.64869E-09
||Frechet||_F=  4.7037E-14max|Frechet|=  6.0960E-19
IA=  8  H(single F0) min= 0.00000E+00  max= 9.49082E-03
IA=  8  H(F0^2)     min= 0.00000E+00  max= 9.49082E-03
HESSD: ia=   8  min= 0.00000E+00  max= 2.10687E+04
IA=  8  H(single F0) min= 0.00000E+00  max= 9.49082E-03
IA=  8  H(F0^2)     min= 0.00000E+00  max= 9.49082E-03
HESSD: ia=   8  min= 0.00000E+00  max= 2.10687E+04
IA=  8  H(single F0) min= 0.00000E+00  max= 9.49082E-03
IA=  8  H(F0^2)     min= 0.00000E+00  max= 9.49082E-03
HESSD: ia=   8  min= 0.00000E+00  max= 2.10687E+04
IA=  8  H(single F0) min= 0.00000E+00  max= 9.49082E-03
IA=  8  H(F0^2)     min= 0.00000E+00  max= 9.49082E-03
HESSD: ia=   8  min= 0.00000E+00  max= 2.10687E+04
IA=  8  H(single F0) min= 0.00000E+00  max= 9.49082E-03
IA=  8  H(F0^2)     min= 0.00000E+00  max= 9.49082E-03
HESSD: ia=   8  min= 0.00000E+00  max= 2.10687E+04
IA=  8  H(single F0) min= 0.00000E+00  max= 9.49082E-03
IA=  8  H(F0^2)     min= 0.00000E+00  max= 9.49082E-03
HESSD: ia=   8  min= 0.00000E+00  max= 2.10687E+04
Grad block   8 GRAD_SCALED MORM =   2.6993E-06
Raw grad block  8  PAR={Q13}  min= -1.0686E-11  max=  8.1466E-12  L2=  7.4542E-11
Gradient finished
Start LBFGS 
LBFGS steepest step , iter=      1
  g·p = -1.1287E-09  ||p|| =  2.6607E-03
  min(p)= -1.9833E-04  max(p)=  2.0608E-04
LBFGS p_k (unscaled) stats per active parameter:
  IA=  8  PAR={Q13}  min=-7.40671E+00  max= 7.69627E+00  L2= 9.93682E+01
min(p_k)= -1.9833E-04  max(p_k)=  2.0608E-04  ||p_k||=  2.6607E-03
min(p_kf)= -1.9833E-04  max(p_kf)=  2.0608E-04  ||p_kf||=  1.0643E-02
p_k/p_kf  =   2.5000E-01
Start linesearch
BT entry: phi(0)=  2.6487E-09  g·p(0)= -1.1287E-09
 UPDATEPARAMETER: f-scale only
UPDATEPARAMETER PAR_STEP min/max, V_STEP min/max =  1.7577715213E+02  2.3128544070E+02
  1.7577715213E+02  2.3128544070E+02
REL STEP Q      : k=  8 row=  3 rmax_k=  3.8592E-02 row_scale=  2.3064E+02
BT cap probe: rmax1=  3.8592E-02  alpha_cap=  1.0000E+00  alpha00=  1.0000E+00
 UPDATEPARAMETER: f-scale only
UPDATEPARAMETER PAR_STEP min/max, V_STEP min/max =  1.7577715213E+02  2.3128544070E+02
  1.7577715213E+02  2.3128544070E+02
 running run_ik_loop_pardiso
before CA | VmRSS=  16.219 GB  VmHWM=  81.349 GB
after CA | VmRSS=  17.479 GB  VmHWM=  81.349 GB
after factor | VmRSS=  21.242 GB  VmHWM=  81.349 GB
f=     3.950 Hz | ky=  0.588583E-03 | IK=       1/      55 | t=   17.256200 s | CA=  2.5387 | fact= 12.8062 | GF=  1.9111 | solve=  1.7566 | scatter=  0.0518
f=     3.950 Hz | ky=  0.117717E-02 | IK=       2/      55 | t=    6.916700 s | CA=  2.5622 | fact=  2.5461 | GF=  1.8084 | solve=  1.6826 | scatter=  0.0531
f=     3.950 Hz | ky=  0.176575E-02 | IK=       3/      55 | t=    6.887100 s | CA=  2.5548 | fact=  2.5215 | GF=  1.8108 | solve=  1.6855 | scatter=  0.0524
f=     3.950 Hz | ky=  0.235433E-02 | IK=       4/      55 | t=    6.962100 s | CA=  2.6420 | fact=  2.5145 | GF=  1.8056 | solve=  1.6796 | scatter=  0.0532
f=     3.950 Hz | ky=  0.294291E-02 | IK=       5/      55 | t=    6.949600 s | CA=  2.5923 | fact=  2.5537 | GF=  1.8035 | solve=  1.6797 | scatter=  0.0509
f=     3.950 Hz | ky=  0.353150E-02 | IK=       6/      55 | t=    6.945200 s | CA=  2.6204 | fact=  2.5189 | GF=  1.8058 | solve=  1.6806 | scatter=  0.0523
f=     3.950 Hz | ky=  0.412008E-02 | IK=       7/      55 | t=    6.945900 s | CA=  2.5882 | fact=  2.5504 | GF=  1.8073 | solve=  1.6821 | scatter=  0.0526
f=     3.950 Hz | ky=  0.470866E-02 | IK=       8/      55 | t=    6.997000 s | CA=  2.6543 | fact=  2.5445 | GF=  1.7981 | solve=  1.6729 | scatter=  0.0522
f=     3.950 Hz | ky=  0.529725E-02 | IK=       9/      55 | t=    6.941700 s | CA=  2.5823 | fact=  2.5521 | GF=  1.8072 | solve=  1.6824 | scatter=  0.0520
f=     3.950 Hz | ky=  0.588583E-02 | IK=      10/      55 | t=    6.976900 s | CA=  2.6129 | fact=  2.5573 | GF=  1.8067 | solve=  1.6827 | scatter=  0.0512
PARDISO mem (f=  3.95 Hz): sym=  1.95 GB  perm=  1.42 GB  num=  3.22 GB  
peak=  4.64 GB
 WD_amp= 6.23170E+13  RESID_RMS= 1.27845E-04  FCOST_DATA= 8.17221E-09  FCOST0= 8.17221E-09
BT: alpha=  1.0000E+00  phi=  8.1722E-09  rhs=  2.6486E-09
 UPDATEPARAMETER: f-scale only
UPDATEPARAMETER PAR_STEP min/max, V_STEP min/max =  1.7679745251E+02  2.3096313704E+02
  1.7679745251E+02  2.3096313704E+02
 running run_ik_loop_pardiso
before CA | VmRSS=  16.219 GB  VmHWM=  81.349 GB
after CA | VmRSS=  16.843 GB  VmHWM=  81.349 GB
after factor | VmRSS=  20.610 GB  VmHWM=  81.349 GB
f=     3.950 Hz | ky=  0.588583E-03 | IK=       1/      55 | t=   17.219000 s | CA=  2.5211 | fact= 12.7972 | GF=  1.9005 | solve=  1.7487 | scatter=  0.0492
f=     3.950 Hz | ky=  0.117717E-02 | IK=       2/      55 | t=    6.898000 s | CA=  2.5797 | fact=  2.5186 | GF=  1.7996 | solve=  1.6768 | scatter=  0.0496
f=     3.950 Hz | ky=  0.176575E-02 | IK=       3/      55 | t=    6.937000 s | CA=  2.6043 | fact=  2.5362 | GF=  1.7965 | solve=  1.6719 | scatter=  0.0520
f=     3.950 Hz | ky=  0.235433E-02 | IK=       4/      55 | t=    6.917600 s | CA=  2.5642 | fact=  2.5548 | GF=  1.7986 | solve=  1.6740 | scatter=  0.0518
f=     3.950 Hz | ky=  0.294291E-02 | IK=       5/      55 | t=    6.897400 s | CA=  2.5415 | fact=  2.5497 | GF=  1.8062 | solve=  1.6804 | scatter=  0.0531
f=     3.950 Hz | ky=  0.353150E-02 | IK=       6/      55 | t=    6.879600 s | CA=  2.5363 | fact=  2.5389 | GF=  1.8044 | solve=  1.6802 | scatter=  0.0516
f=     3.950 Hz | ky=  0.412008E-02 | IK=       7/      55 | t=    6.882900 s | CA=  2.5457 | fact=  2.5342 | GF=  1.8029 | solve=  1.6770 | scatter=  0.0530
f=     3.950 Hz | ky=  0.470866E-02 | IK=       8/      55 | t=    6.970300 s | CA=  2.6406 | fact=  2.5302 | GF=  1.7994 | solve=  1.6754 | scatter=  0.0511
f=     3.950 Hz | ky=  0.529725E-02 | IK=       9/      55 | t=    6.915000 s | CA=  2.5748 | fact=  2.5341 | GF=  1.8060 | solve=  1.6819 | scatter=  0.0514
f=     3.950 Hz | ky=  0.588583E-02 | IK=      10/      55 | t=    6.951000 s | CA=  2.6174 | fact=  2.5299 | GF=  1.8037 | solve=  1.6777 | scatter=  0.0530
PARDISO mem (f=  3.95 Hz): sym=  1.95 GB  perm=  1.42 GB  num=  3.22 GB  
peak=  4.64 GB
 WD_amp= 6.23170E+13  RESID_RMS= 8.41743E-05  FCOST_DATA= 3.54265E-09  FCOST0= 3.54265E-09
BT: alpha=  5.0000E-01  phi=  3.5427E-09  rhs=  2.6486E-09
 UPDATEPARAMETER: f-scale only
UPDATEPARAMETER PAR_STEP min/max, V_STEP min/max =  1.7721951556E+02  2.3080198520E+02
  1.7721951556E+02  2.3080198520E+02
 running run_ik_loop_pardiso
before CA | VmRSS=  16.220 GB  VmHWM=  81.349 GB
after CA | VmRSS=  17.514 GB  VmHWM=  81.349 GB
after factor | VmRSS=  21.280 GB  VmHWM=  81.349 GB
f=     3.950 Hz | ky=  0.588583E-03 | IK=       1/      55 | t=   17.246400 s | CA=  2.5250 | fact= 12.8132 | GF=  1.9080 | solve=  1.7545 | scatter=  0.0508
f=     3.950 Hz | ky=  0.117717E-02 | IK=       2/      55 | t=    6.996100 s | CA=  2.6519 | fact=  2.5386 | GF=  1.8056 | solve=  1.6811 | scatter=  0.0518
f=     3.950 Hz | ky=  0.176575E-02 | IK=       3/      55 | t=    6.878800 s | CA=  2.5417 | fact=  2.5332 | GF=  1.8039 | solve=  1.6798 | scatter=  0.0513
f=     3.950 Hz | ky=  0.235433E-02 | IK=       4/      55 | t=    7.000900 s | CA=  2.6536 | fact=  2.5380 | GF=  1.8093 | solve=  1.6835 | scatter=  0.0531
f=     3.950 Hz | ky=  0.294291E-02 | IK=       5/      55 | t=    6.965700 s | CA=  2.6164 | fact=  2.5444 | GF=  1.8048 | solve=  1.6779 | scatter=  0.0539
f=     3.950 Hz | ky=  0.353150E-02 | IK=       6/      55 | t=    6.895500 s | CA=  2.5570 | fact=  2.5345 | GF=  1.8040 | solve=  1.6785 | scatter=  0.0522
f=     3.950 Hz | ky=  0.412008E-02 | IK=       7/      55 | t=    6.977400 s | CA=  2.6376 | fact=  2.5369 | GF=  1.8028 | solve=  1.6777 | scatter=  0.0524
f=     3.950 Hz | ky=  0.470866E-02 | IK=       8/      55 | t=    6.992200 s | CA=  2.6418 | fact=  2.5531 | GF=  1.7973 | solve=  1.6709 | scatter=  0.0536
f=     3.950 Hz | ky=  0.529725E-02 | IK=       9/      55 | t=    6.948600 s | CA=  2.6075 | fact=  2.5416 | GF=  1.7995 | solve=  1.6747 | scatter=  0.0520
f=     3.950 Hz | ky=  0.588583E-02 | IK=      10/      55 | t=    6.923700 s | CA=  2.5754 | fact=  2.5369 | GF=  1.8114 | solve=  1.6847 | scatter=  0.0540
PARDISO mem (f=  3.95 Hz): sym=  1.95 GB  perm=  1.42 GB  num=  3.22 GB  
peak=  4.64 GB
 WD_amp= 6.23170E+13  RESID_RMS= 7.25832E-05  FCOST_DATA= 2.63416E-09  FCOST0= 2.63416E-09
  
BT: alpha=  2.5000E-01  phi=  2.6342E-09  rhs=  2.6487E-09
  
  
  
  
Convergence reached, updating parameter grid
ALPHA from line search =  .2500000000000000
 FCOST0 after linesearch  2.634162593929064E-009
Norm of s (s_norm) =  .6651862987631439E-03
  
Time for LBFGS =  5.857696533203125 min
  
 Frequency:           4 Iteration:           2
t_global   =    338.083 s
  
 -------------- calculate Frechet derivatives -----------
 IFREQ =           4    ITERATION =           2
||Frechet||_F=  4.7050E-14max|Frechet|=  6.0960E-19
||Frechet||_F=  4.7050E-14max|Frechet|=  6.0960E-19
||Frechet||_F=  4.7050E-14max|Frechet|=  6.0960E-19
||Frechet||_F=  4.7050E-14max|Frechet|=  6.0960E-19
||Frechet||_F=  4.7050E-14max|Frechet|=  6.0960E-19
 
TIME for Frechet calc =  2.995965067545573 min
 
 
  compute the residual and the cost function
 WD_amp= 6.23170E+13  RESID_RMS= 7.25832E-05  FCOST_DATA= 2.63416E-09  FCOST0= 2.63416E-09
||Frechet||_F=  4.7050E-14max|Frechet|=  6.0960E-19
Grad block   8 GRAD_SCALED MORM =   3.1783E-06
Raw grad block  8  PAR={Q13}  min= -7.2668E-12  max=  8.0658E-12  L2=  8.7133E-11
Gradient finished
Start LBFGS 
curvature (warm): s·y=  4.4911E-10  ||s||^2=  4.4247E-07  ||y||^2=  5.2601E-12  sTy_min=  1.5256E-10
LBFGS history: used= 0  skipped= 1  worst_col= 5  bad_s·y=  4.4911E-10  bad_cos_sy=  2.9438E-01
LBFGS step: g·p = -6.9984E-09  ||p||=  4.8545E-03
LBFGS step: min(p)= -2.5794E-04  max(p)=  3.1002E-04
LBFGS p_k (unscaled) stats per active parameter:
  IA=  8  PAR={Q13}  min=-9.63311E+00  max= 1.15782E+01  L2= 1.81296E+02
min(p_k)= -2.5794E-04  max(p_k)=  3.1002E-04  ||p_k||=  4.8545E-03
min(p_kf)= -2.5794E-04  max(p_kf)=  3.1002E-04  ||p_kf||=  1.9418E-02
p_k/p_kf  =   2.5000E-01
Start linesearch
MT entry: phi(0)=  2.6342E-09  dg0= -6.9984E-09  alpha0=  1.0000E+00
 UPDATEPARAMETER: f-scale only
UPDATEPARAMETER PAR_STEP min/max, V_STEP min/max =  1.7110298522E+02  2.3153097430E+02
  1.7110298522E+02  2.3153097430E+02
 WD_amp= 6.23170E+13  RESID_RMS= 5.00365E-04  FCOST_DATA= 1.25183E-07  FCOST0= 1.25183E-07
  
 -------------- calculate Frechet derivatives -----------
 IFREQ =           4    ITERATION =           2
||Frechet||_F=  4.6703E-14max|Frechet|=  6.0962E-19
||Frechet||_F=  4.6703E-14max|Frechet|=  6.0962E-19
||Frechet||_F=  4.6703E-14max|Frechet|=  6.0962E-19
||Frechet||_F=  4.6703E-14max|Frechet|=  6.0962E-19
||Frechet||_F=  4.6703E-14max|Frechet|=  6.0962E-19
||Frechet||_F=  4.6703E-14max|Frechet|=  6.0962E-19
Grad block   8 GRAD_SCALED MORM =   6.5794E-05
MT try: alpha=  1.0000E+00  phi=  1.2518E-07  dg=  1.7277E-07  dg0= -6.9984E-09
MT try: armijo_rhs=  2.6335E-09  armijo=F  curvature=F  task=FG
 UPDATEPARAMETER: f-scale only
UPDATEPARAMETER PAR_STEP min/max, V_STEP min/max =  1.7734889942E+02  2.3081431648E+02
  1.7734889942E+02  2.3081431648E+02
 WD_amp= 6.23170E+13  RESID_RMS= 7.00325E-05  FCOST_DATA= 2.45228E-09  FCOST0= 2.45228E-09
  
 -------------- calculate Frechet derivatives -----------
 IFREQ =           4    ITERATION =           2
||Frechet||_F=  4.7043E-14max|Frechet|=  6.0960E-19
||Frechet||_F=  4.7043E-14max|Frechet|=  6.0960E-19
||Frechet||_F=  4.7043E-14max|Frechet|=  6.0960E-19
||Frechet||_F=  4.7043E-14max|Frechet|=  6.0960E-19
||Frechet||_F=  4.7043E-14max|Frechet|=  6.0960E-19
||Frechet||_F=  4.7043E-14max|Frechet|=  6.0960E-19
Grad block   8 GRAD_SCALED MORM =   2.4310E-06
MT try: alpha=  1.6916E-02  phi=  2.4523E-09  dg= -3.8454E-09  dg0= -6.9984E-09
MT try: armijo_rhs=  2.6342E-09  armijo=T  curvature=T  task=FG
  
  
  
Convergence reached, updating parameter grid
ALPHA from line search =  .1691558074292430E-01
 FCOST0 after linesearch  2.452278996372577E-009
Norm of s (s_norm) =  .8211679223328333E-04
  
  
  
Time for LBFGS =  16.90078531901042 min
  
 Frequency:           4 Iteration:           3
t_global   =    334.100 s
  
 -------------- calculate Frechet derivatives -----------
 IFREQ =           4    ITERATION =           3
||Frechet||_F=  4.7043E-14max|Frechet|=  6.0960E-19
||Frechet||_F=  4.7043E-14max|Frechet|=  6.0960E-19
||Frechet||_F=  4.7043E-14max|Frechet|=  6.0960E-19
||Frechet||_F=  4.7043E-14max|Frechet|=  6.0960E-19
 
TIME for Frechet calc =  2.894693247477214 min
 
 
  compute the residual and the cost function
 WD_amp= 6.23170E+13  RESID_RMS= 7.00325E-05  FCOST_DATA= 2.45228E-09  FCOST0= 2.45228E-09
||Frechet||_F=  4.7043E-14max|Frechet|=  6.0960E-19
||Frechet||_F=  4.7043E-14max|Frechet|=  6.0960E-19
Grad block   8 GRAD_SCALED MORM =   2.4310E-06
Gradient finished
Start LBFGS 
curvature (warm): s·y=  5.3335E-11  ||s||^2=  6.7432E-09  ||y||^2=  7.8496E-13  sTy_min=  7.2754E-12
LBFGS history: used= 0  skipped= 2  worst_col= 4  bad_s·y=  5.3335E-11  bad_cos_sy=  7.3308E-01
LBFGS step: g·p = -2.2842E-09  ||p||=  3.2176E-03
LBFGS step: min(p)= -1.5394E-04  max(p)=  2.4415E-04
LBFGS p_k (unscaled) stats per active parameter:
  IA=  8  PAR={Q13}  min=-5.74904E+00  max= 9.11789E+00  L2= 1.20163E+02
min(p_k)= -1.5394E-04  max(p_k)=  2.4415E-04  ||p_k||=  3.2176E-03
min(p_kf)= -1.5394E-04  max(p_kf)=  2.4415E-04  ||p_kf||=  1.2870E-02
p_k/p_kf  =   2.5000E-01
Start linesearch
MT entry: phi(0)=  2.4523E-09  dg0= -2.2842E-09  alpha0=  1.0000E+00
 UPDATEPARAMETER: f-scale only
UPDATEPARAMETER PAR_STEP min/max, V_STEP min/max =  1.7450587375E+02  2.3135640017E+02
  1.7450587375E+02  2.3135640017E+02
 WD_amp= 6.23170E+13  RESID_RMS= 2.57660E-04  FCOST_DATA= 3.31942E-08  FCOST0= 3.31942E-08
  
 -------------- calculate Frechet derivatives -----------
 IFREQ =           4    ITERATION =           3
||Frechet||_F=  4.6825E-14max|Frechet|=  6.0962E-19
||Frechet||_F=  4.6825E-14max|Frechet|=  6.0962E-19
||Frechet||_F=  4.6825E-14max|Frechet|=  6.0962E-19
||Frechet||_F=  4.6825E-14max|Frechet|=  6.0962E-19
||Frechet||_F=  4.6825E-14max|Frechet|=  6.0962E-19
||Frechet||_F=  4.6825E-14max|Frechet|=  6.0962E-19
Grad block   8 GRAD_SCALED MORM =   3.3071E-05
MT try: alpha=  1.0000E+00  phi=  3.3194E-08  dg=  4.3695E-08  dg0= -2.2842E-09
MT try: armijo_rhs=  2.4521E-09  armijo=F  curvature=F  task=FG
 UPDATEPARAMETER: f-scale only
UPDATEPARAMETER PAR_STEP min/max, V_STEP min/max =  1.7744356995E+02  2.3082612169E+02
  1.7744356995E+02  2.3082612169E+02
 WD_amp= 6.23170E+13  RESID_RMS= 6.86313E-05  FCOST_DATA= 2.35513E-09  FCOST0= 2.35513E-09
  
 -------------- calculate Frechet derivatives -----------
 IFREQ =           4    ITERATION =           3
||Frechet||_F=  4.7038E-14max|Frechet|=  6.0960E-19
||Frechet||_F=  4.7038E-14max|Frechet|=  6.0960E-19
||Frechet||_F=  4.7038E-14max|Frechet|=  6.0960E-19
||Frechet||_F=  4.7038E-14max|Frechet|=  6.0960E-19
||Frechet||_F=  4.7038E-14max|Frechet|=  6.0960E-19
||Frechet||_F=  4.7038E-14max|Frechet|=  6.0960E-19
Grad block   8 GRAD_SCALED MORM =   2.1209E-06
MT try: alpha=  2.1777E-02  phi=  2.3551E-09  dg= -1.2643E-09  dg0= -2.2842E-09
MT try: armijo_rhs=  2.4523E-09  armijo=T  curvature=T  task=FG
  
  
  
  
Convergence reached, updating parameter grid
ALPHA from line search =  .2177746653499913E-01
 FCOST0 after linesearch  2.355127579993315E-009
Norm of s (s_norm) =  .7007042387105648E-04
  
  
Convergence check at iteration    3
  Relative cost decrease  =  3.9617E-02
  Relative model update   =  0.0000E+00
  Relative grad. norm     =  7.1397E-01
Time for LBFGS =  16.89342854817708 min
  
 Frequency:           4 Iteration:           4
t_global   =    333.849 s
  
 -------------- calculate Frechet derivatives -----------
 IFREQ =           4    ITERATION =           4
||Frechet||_F=  4.7038E-14max|Frechet|=  6.0960E-19
||Frechet||_F=  4.7038E-14max|Frechet|=  6.0960E-19
||Frechet||_F=  4.7038E-14max|Frechet|=  6.0960E-19
||Frechet||_F=  4.7038E-14max|Frechet|=  6.0960E-19
||Frechet||_F=  4.7038E-14max|Frechet|=  6.0960E-19
 
TIME for Frechet calc =  2.893146769205729 min
 
 
  compute the residual and the cost function
 WD_amp= 6.23170E+13  RESID_RMS= 6.86313E-05  FCOST_DATA= 2.35513E-09  FCOST0= 2.35513E-09
||Frechet||_F=  4.7038E-14max|Frechet|=  6.0960E-19
Grad block   8 GRAD_SCALED MORM =   2.1209E-06
Gradient finished
Start LBFGS 
curvature (warm): s·y=  2.2210E-11  ||s||^2=  4.9099E-09  ||y||^2=  3.1588E-13  sTy_min=  3.9382E-12
LBFGS history: used= 0  skipped= 3  worst_col= 3  bad_s·y=  2.2210E-11  bad_cos_sy=  5.6397E-01
LBFGS step: g·p = -8.5761E-10  ||p||=  2.4612E-03
LBFGS step: min(p)= -1.6229E-04  max(p)=  2.0348E-04
LBFGS p_k (unscaled) stats per active parameter:
  IA=  8  PAR={Q13}  min=-6.06085E+00  max= 7.59902E+00  L2= 9.19166E+01
min(p_k)= -1.6229E-04  max(p_k)=  2.0348E-04  ||p_k||=  2.4612E-03
min(p_kf)= -1.6229E-04  max(p_kf)=  2.0348E-04  ||p_kf||=  9.8449E-03
p_k/p_kf  =   2.5000E-01
Start linesearch
MT entry: phi(0)=  2.3551E-09  dg0= -8.5761E-10  alpha0=  1.0000E+00
 UPDATEPARAMETER: f-scale only
UPDATEPARAMETER PAR_STEP min/max, V_STEP min/max =  1.7631597844E+02  2.3122474329E+02
  1.7631597844E+02  2.3122474329E+02
 WD_amp= 6.23170E+13  RESID_RMS= 1.22813E-04  FCOST_DATA= 7.54153E-09  FCOST0= 7.54153E-09
  
 -------------- calculate Frechet derivatives -----------
 IFREQ =           4    ITERATION =           4
||Frechet||_F=  4.6922E-14max|Frechet|=  6.0961E-19
||Frechet||_F=  4.6922E-14max|Frechet|=  6.0961E-19
||Frechet||_F=  4.6922E-14max|Frechet|=  6.0961E-19
||Frechet||_F=  4.6922E-14max|Frechet|=  6.0961E-19
||Frechet||_F=  4.6922E-14max|Frechet|=  6.0961E-19
||Frechet||_F=  4.6922E-14max|Frechet|=  6.0961E-19
Grad block   8 GRAD_SCALED MORM =   1.3399E-05
MT try: alpha=  1.0000E+00  phi=  7.5415E-09  dg=  7.3501E-09  dg0= -8.5761E-10
MT try: armijo_rhs=  2.3550E-09  armijo=F  curvature=F  task=FG
 UPDATEPARAMETER: f-scale only
UPDATEPARAMETER PAR_STEP min/max, V_STEP min/max =  1.7750748263E+02  2.3084380523E+02
  1.7750748263E+02  2.3084380523E+02
 WD_amp= 6.23170E+13  RESID_RMS= 6.73024E-05  FCOST_DATA= 2.26480E-09  FCOST0= 2.26480E-09
  
 -------------- calculate Frechet derivatives -----------
 IFREQ =           4    ITERATION =           4
||Frechet||_F=  4.7032E-14max|Frechet|=  6.0960E-19
||Frechet||_F=  4.7032E-14max|Frechet|=  6.0960E-19
||Frechet||_F=  4.7032E-14max|Frechet|=  6.0960E-19
||Frechet||_F=  4.7032E-14max|Frechet|=  6.0960E-19
||Frechet||_F=  4.7032E-14max|Frechet|=  6.0960E-19
||Frechet||_F=  4.7032E-14max|Frechet|=  6.0960E-19
Grad block   8 GRAD_SCALED MORM =   1.9959E-06
MT try: alpha=  4.4362E-02  phi=  2.2648E-09  dg= -4.8829E-10  dg0= -8.5761E-10
MT try: armijo_rhs=  2.3551E-09  armijo=T  curvature=T  task=FG
  
  
  
  
Convergence reached, updating parameter grid
ALPHA from line search =  .4436172397656558E-01
 FCOST0 after linesearch  2.264803345269211E-009
Norm of s (s_norm) =  .1091837707741479E-03
  
  
Convergence check at iteration    4
  Relative cost decrease  =  3.8352E-02
  Relative model update   =  0.0000E+00
  Relative grad. norm     =  4.6534E-01
Time for LBFGS =  16.90389709472656 min
  
 Frequency:           4 Iteration:           5
t_global   =    332.428 s
  
 -------------- calculate Frechet derivatives -----------
 IFREQ =           4    ITERATION =           5
||Frechet||_F=  4.7032E-14max|Frechet|=  6.0960E-19
||Frechet||_F=  4.7032E-14max|Frechet|=  6.0960E-19
||Frechet||_F=  4.7032E-14max|Frechet|=  6.0960E-19
||Frechet||_F=  4.7032E-14max|Frechet|=  6.0960E-19
||Frechet||_F=  4.7032E-14max|Frechet|=  6.0960E-19
||Frechet||_F=  4.7032E-14max|Frechet|=  6.0960E-19
 
TIME for Frechet calc =  2.915080006917318 min
 
 
  compute the residual and the cost function
 WD_amp= 6.23170E+13  RESID_RMS= 6.73024E-05  FCOST_DATA= 2.26480E-09  FCOST0= 2.26480E-09
Grad block   8 GRAD_SCALED MORM =   1.9959E-06
Gradient finished
Start LBFGS 
curvature (warm): s·y=  1.6384E-11  ||s||^2=  1.1921E-08  ||y||^2=  1.9795E-13  sTy_min=  4.8578E-12
LBFGS history: used= 0  skipped= 4  worst_col= 2  bad_s·y=  1.6384E-11  bad_cos_sy=  3.3727E-01
LBFGS step: g·p = -4.7907E-10  ||p||=  2.1170E-03
LBFGS step: min(p)= -1.7177E-04  max(p)=  1.6930E-04
LBFGS p_k (unscaled) stats per active parameter:
  IA=  8  PAR={Q13}  min=-6.41489E+00  max= 6.32264E+00  L2= 7.90613E+01
min(p_k)= -1.7177E-04  max(p_k)=  1.6930E-04  ||p_k||=  2.1170E-03
min(p_kf)= -1.7177E-04  max(p_kf)=  1.6930E-04  ||p_kf||=  8.4680E-03
p_k/p_kf  =   2.5000E-01
Start linesearch
MT entry: phi(0)=  2.2648E-09  dg0= -4.7907E-10  alpha0=  1.0000E+00
 UPDATEPARAMETER: f-scale only
UPDATEPARAMETER PAR_STEP min/max, V_STEP min/max =  1.7740218390E+02  2.3108329532E+02
  1.7740218390E+02  2.3108329532E+02
 WD_amp= 6.23170E+13  RESID_RMS= 7.39321E-05  FCOST_DATA= 2.73298E-09  FCOST0= 2.73298E-09
  
 -------------- calculate Frechet derivatives -----------
 IFREQ =           4    ITERATION =           5
||Frechet||_F=  4.7012E-14max|Frechet|=  6.0961E-19
||Frechet||_F=  4.7012E-14max|Frechet|=  6.0961E-19
||Frechet||_F=  4.7012E-14max|Frechet|=  6.0961E-19
||Frechet||_F=  4.7012E-14max|Frechet|=  6.0961E-19
||Frechet||_F=  4.7012E-14max|Frechet|=  6.0961E-19
||Frechet||_F=  4.7012E-14max|Frechet|=  6.0961E-19
Grad block   8 GRAD_SCALED MORM =   4.0939E-06
MT try: alpha=  1.0000E+00  phi=  2.7330E-09  dg=  5.9220E-10  dg0= -4.7907E-10
MT try: armijo_rhs=  2.2648E-09  armijo=F  curvature=F  task=FG
 UPDATEPARAMETER: f-scale only
UPDATEPARAMETER PAR_STEP min/max, V_STEP min/max =  1.7756793544E+02  2.3088002817E+02
  1.7756793544E+02  2.3088002817E+02
 WD_amp= 6.23170E+13  RESID_RMS= 6.55916E-05  FCOST_DATA= 2.15113E-09  FCOST0= 2.15113E-09
  
 -------------- calculate Frechet derivatives -----------
 IFREQ =           4    ITERATION =           5
||Frechet||_F=  4.7029E-14max|Frechet|=  6.0960E-19
||Frechet||_F=  4.7029E-14max|Frechet|=  6.0960E-19
||Frechet||_F=  4.7029E-14max|Frechet|=  6.0960E-19
||Frechet||_F=  4.7029E-14max|Frechet|=  6.0960E-19
||Frechet||_F=  4.7029E-14max|Frechet|=  6.0960E-19
||Frechet||_F=  4.7029E-14max|Frechet|=  6.0960E-19
Grad block   8 GRAD_SCALED MORM =   1.9174E-06
MT try: alpha=  1.5125E-01  phi=  2.1511E-09  dg= -3.1718E-10  dg0= -4.7907E-10
MT try: armijo_rhs=  2.2648E-09  armijo=T  curvature=T  task=FG
  
  
  
  
  
Convergence reached, updating parameter grid
ALPHA from line search =  .1512502742457666
 FCOST0 after linesearch  2.151130614743195E-009
Norm of s (s_norm) =  .3201961363301221E-03
  
Convergence check at iteration    5
  Relative cost decrease  =  5.0191E-02
  Relative model update   =  0.0000E+00
  Relative grad. norm     =  5.5737E-01
Time for LBFGS =  16.81073811848958 min
  
 Frequency:           4 Iteration:           6
t_global   =    330.761 s
  
 -------------- calculate Frechet derivatives -----------
 IFREQ =           4    ITERATION =           6
||Frechet||_F=  4.7029E-14max|Frechet|=  6.0960E-19
||Frechet||_F=  4.7029E-14max|Frechet|=  6.0960E-19
||Frechet||_F=  4.7029E-14max|Frechet|=  6.0960E-19
||Frechet||_F=  4.7029E-14max|Frechet|=  6.0960E-19
||Frechet||_F=  4.7029E-14max|Frechet|=  6.0960E-19
 
TIME for Frechet calc =  2.899471791585286 min
 
 
  compute the residual and the cost function
 WD_amp= 6.23170E+13  RESID_RMS= 6.55916E-05  FCOST_DATA= 2.15113E-09  FCOST0= 2.15113E-09
||Frechet||_F=  4.7029E-14max|Frechet|=  6.0960E-19
Grad block   8 GRAD_SCALED MORM =   1.9174E-06
Gradient finished
Start LBFGS 
curvature (warm): s·y=  2.4486E-11  ||s||^2=  1.0253E-07  ||y||^2=  1.8519E-13  sTy_min=  1.3779E-11
LBFGS history: used= 0  skipped= 5  worst_col= 2  bad_s·y=  1.6384E-11  bad_cos_sy=  3.3727E-01
LBFGS step: g·p = -6.1789E-10  ||p||=  2.1109E-03
LBFGS step: min(p)= -1.8045E-04  max(p)=  1.7194E-04
LBFGS p_k (unscaled) stats per active parameter:
  IA=  8  PAR={Q13}  min=-6.73896E+00  max= 6.42111E+00  L2= 7.88330E+01
min(p_k)= -1.8045E-04  max(p_k)=  1.7194E-04  ||p_k||=  2.1109E-03
min(p_kf)= -1.8045E-04  max(p_kf)=  1.7194E-04  ||p_kf||=  8.4435E-03
p_k/p_kf  =   2.5000E-01
Start linesearch
MT entry: phi(0)=  2.1511E-09  dg0= -6.1789E-10  alpha0=  1.0000E+00
 UPDATEPARAMETER: f-scale only
UPDATEPARAMETER PAR_STEP min/max, V_STEP min/max =  1.7743309294E+02  2.3094997518E+02
  1.7743309294E+02  2.3094997518E+02
 WD_amp= 6.23170E+13  RESID_RMS= 1.24414E-04  FCOST_DATA= 7.73942E-09  FCOST0= 7.73942E-09
  
 -------------- calculate Frechet derivatives -----------
 IFREQ =           4    ITERATION =           6
||Frechet||_F=  4.6985E-14max|Frechet|=  6.0961E-19
||Frechet||_F=  4.6985E-14max|Frechet|=  6.0961E-19
||Frechet||_F=  4.6985E-14max|Frechet|=  6.0961E-19
||Frechet||_F=  4.6985E-14max|Frechet|=  6.0961E-19
||Frechet||_F=  4.6985E-14max|Frechet|=  6.0961E-19
||Frechet||_F=  4.6985E-14max|Frechet|=  6.0961E-19
Grad block   8 GRAD_SCALED MORM =   1.2832E-05
MT try: alpha=  1.0000E+00  phi=  7.7394E-09  dg=  7.1073E-09  dg0= -6.1789E-10
MT try: armijo_rhs=  2.1511E-09  armijo=F  curvature=F  task=FG
 UPDATEPARAMETER: f-scale only
UPDATEPARAMETER PAR_STEP min/max, V_STEP min/max =  1.7756634745E+02  2.3088204962E+02
  1.7756634745E+02  2.3088204962E+02
 WD_amp= 6.23170E+13  RESID_RMS= 6.52953E-05  FCOST_DATA= 2.13174E-09  FCOST0= 2.13174E-09
  
 -------------- calculate Frechet derivatives -----------
 IFREQ =           4    ITERATION =           6
||Frechet||_F=  4.7027E-14max|Frechet|=  6.0960E-19
||Frechet||_F=  4.7027E-14max|Frechet|=  6.0960E-19
||Frechet||_F=  4.7027E-14max|Frechet|=  6.0960E-19
||Frechet||_F=  4.7027E-14max|Frechet|=  6.0960E-19
||Frechet||_F=  4.7027E-14max|Frechet|=  6.0960E-19
||Frechet||_F=  4.7027E-14max|Frechet|=  6.0960E-19
Grad block   8 GRAD_SCALED MORM =   1.8737E-06
MT try: alpha=  2.8900E-02  phi=  2.1317E-09  dg= -3.9095E-10  dg0= -6.1789E-10
MT try: armijo_rhs=  2.1511E-09  armijo=T  curvature=T  task=FG
  
  
  
  
Convergence reached, updating parameter grid
ALPHA from line search =  .2889969448932832E-01
 FCOST0 after linesearch  2.131738695834824E-009
Norm of s (s_norm) =  .6100381964950989E-04
  
  
Convergence check at iteration    6
  Relative cost decrease  =  9.0148E-03
  Relative model update   =  0.0000E+00
  Relative grad. norm     =  4.0110E-01
Time for LBFGS =  16.86711832682292 min
  
 Frequency:           4 Iteration:           7
t_global   =    334.716 s
  
 -------------- calculate Frechet derivatives -----------
 IFREQ =           4    ITERATION =           7
||Frechet||_F=  4.7027E-14max|Frechet|=  6.0960E-19
||Frechet||_F=  4.7027E-14max|Frechet|=  6.0960E-19
||Frechet||_F=  4.7027E-14max|Frechet|=  6.0960E-19
||Frechet||_F=  4.7027E-14max|Frechet|=  6.0960E-19
||Frechet||_F=  4.7027E-14max|Frechet|=  6.0960E-19
||Frechet||_F=  4.7027E-14max|Frechet|=  6.0960E-19
 
TIME for Frechet calc =  2.853568267822266 min
 
 
  compute the residual and the cost function
 WD_amp= 6.23170E+13  RESID_RMS= 6.52953E-05  FCOST_DATA= 2.13174E-09  FCOST0= 2.13174E-09
Grad block   8 GRAD_SCALED MORM =   1.8737E-06
Gradient finished
Start LBFGS 
curvature (full): s·y=  6.5584E-12  ||s||^2=  3.7215E-09  ||y||^2=  8.6060E-14  sTy_min=  1.7896E-12
LBFGS history: used= 0  skipped= 5  worst_col= 1  bad_s·y=  6.5584E-12  bad_cos_sy=  3.6647E-01
 
LBFGS step(full): g·p = -3.6896E-10  ||p||=  1.9125E-03
LBFGS step(full): min(p)= -1.8142E-04  max(p)=  1.5337E-04
LBFGS p_k (unscaled) stats per active parameter:
  IA=  8  PAR={Q13}  min=-6.77521E+00  max= 5.72791E+00  L2= 7.14257E+01
min(p_k)= -1.8142E-04  max(p_k)=  1.5337E-04  ||p_k||=  1.9125E-03
min(p_kf)= -1.8142E-04  max(p_kf)=  1.5337E-04  ||p_kf||=  7.6502E-03
p_k/p_kf  =   2.5000E-01
Start linesearch
MT entry: phi(0)=  2.1317E-09  dg0= -3.6896E-10  alpha0=  1.0000E+00
 UPDATEPARAMETER: f-scale only
UPDATEPARAMETER PAR_STEP min/max, V_STEP min/max =  1.7688092570E+02  2.3087977376E+02
  1.7688092570E+02  2.3087977376E+02
 WD_amp= 6.23170E+13  RESID_RMS= 6.99911E-05  FCOST_DATA= 2.44937E-09  FCOST0= 2.44937E-09
  
 -------------- calculate Frechet derivatives -----------
 IFREQ =           4    ITERATION =           7
||Frechet||_F=  4.7026E-14max|Frechet|=  6.0960E-19
||Frechet||_F=  4.7026E-14max|Frechet|=  6.0960E-19
||Frechet||_F=  4.7026E-14max|Frechet|=  6.0960E-19
||Frechet||_F=  4.7026E-14max|Frechet|=  6.0960E-19
||Frechet||_F=  4.7026E-14max|Frechet|=  6.0960E-19
||Frechet||_F=  4.7026E-14max|Frechet|=  6.0960E-19
Grad block   8 GRAD_SCALED MORM =   2.2923E-06
MT try: alpha=  1.0000E+00  phi=  2.4494E-09  dg= -1.1406E-10  dg0= -3.6896E-10
MT try: armijo_rhs=  2.1317E-09  armijo=F  curvature=T  task=FG
 UPDATEPARAMETER: f-scale only
UPDATEPARAMETER PAR_STEP min/max, V_STEP min/max =  1.7757818091E+02  2.3088178933E+02
  1.7757818091E+02  2.3088178933E+02
 WD_amp= 6.23170E+13  RESID_RMS= 6.47850E-05  FCOST_DATA= 2.09855E-09  FCOST0= 2.09855E-09
  
 -------------- calculate Frechet derivatives -----------
 IFREQ =           4    ITERATION =           7
||Frechet||_F=  4.7027E-14max|Frechet|=  6.0960E-19
||Frechet||_F=  4.7027E-14max|Frechet|=  6.0960E-19
||Frechet||_F=  4.7027E-14max|Frechet|=  6.0960E-19
||Frechet||_F=  4.7027E-14max|Frechet|=  6.0960E-19
||Frechet||_F=  4.7027E-14max|Frechet|=  6.0960E-19
||Frechet||_F=  4.7027E-14max|Frechet|=  6.0960E-19
Grad block   8 GRAD_SCALED MORM =   1.8217E-06
MT try: alpha=  1.1437E-01  phi=  2.0985E-09  dg= -3.3974E-10  dg0= -3.6896E-10
MT try: armijo_rhs=  2.1317E-09  armijo=T  curvature=F  task=FG
 UPDATEPARAMETER: f-scale only
UPDATEPARAMETER PAR_STEP min/max, V_STEP min/max =  1.7745167441E+02  2.3088078155E+02
  1.7745167441E+02  2.3088078155E+02
 WD_amp= 6.23170E+13  RESID_RMS= 6.54010E-05  FCOST_DATA= 2.13865E-09  FCOST0= 2.13865E-09
  
 -------------- calculate Frechet derivatives -----------
 IFREQ =           4    ITERATION =           7
||Frechet||_F=  4.7026E-14max|Frechet|=  6.0960E-19
||Frechet||_F=  4.7026E-14max|Frechet|=  6.0960E-19
||Frechet||_F=  4.7026E-14max|Frechet|=  6.0960E-19
||Frechet||_F=  4.7026E-14max|Frechet|=  6.0960E-19
||Frechet||_F=  4.7026E-14max|Frechet|=  6.0960E-19
||Frechet||_F=  4.7026E-14max|Frechet|=  6.0960E-19
Grad block   8 GRAD_SCALED MORM =   1.8798E-06
MT try: alpha=  5.5718E-01  phi=  2.1386E-09  dg= -2.2682E-10  dg0= -3.6896E-10
MT try: armijo_rhs=  2.1317E-09  armijo=F  curvature=T  task=FG
 UPDATEPARAMETER: f-scale only
UPDATEPARAMETER PAR_STEP min/max, V_STEP min/max =  1.7756520244E+02  2.3088161543E+02
  1.7756520244E+02  2.3088161543E+02
 WD_amp= 6.23170E+13  RESID_RMS= 6.45955E-05  FCOST_DATA= 2.08629E-09  FCOST0= 2.08629E-09
  
 -------------- calculate Frechet derivatives -----------
 IFREQ =           4    ITERATION =           7
||Frechet||_F=  4.7027E-14max|Frechet|=  6.0960E-19
||Frechet||_F=  4.7027E-14max|Frechet|=  6.0960E-19
||Frechet||_F=  4.7027E-14max|Frechet|=  6.0960E-19
||Frechet||_F=  4.7027E-14max|Frechet|=  6.0960E-19
||Frechet||_F=  4.7027E-14max|Frechet|=  6.0960E-19
||Frechet||_F=  4.7027E-14max|Frechet|=  6.0960E-19
Grad block   8 GRAD_SCALED MORM =   1.8020E-06
MT try: alpha=  1.9078E-01  phi=  2.0863E-09  dg= -3.2024E-10  dg0= -3.6896E-10
MT try: armijo_rhs=  2.1317E-09  armijo=T  curvature=T  task=FG
  
  
  
  
  
Convergence reached, updating parameter grid
ALPHA from line search =  .1907786548815684
 FCOST0 after linesearch  2.086286805252887E-009
Norm of s (s_norm) =  .3648718528476940E-03
  
Convergence check at iteration    7
  Relative cost decrease  =  2.1322E-02
  Relative model update   =  0.0000E+00
  Relative grad. norm     =  4.2104E-01
Time for LBFGS =  33.20895385742188 min
 --------- Frequency   4.35000000000000       (band            1 )
[ComputeAcqWeight] empty acq_weight_file, using uniform weights = 1.0
Data weighting computed for frequency 4607182418800017373
Data weighting computed for frequency 4607182418800017373
Data weighting computed for frequency 4607182418800017373
XSRmin, XSRmax, ZSRmin, ZSRMax -1960.000000000000 .000000000000000 2050.000000000000 4030.000000000000
1 FKYC
1.2 FKYC
my_rank, FKYC,WLMAX, RMAX 0 .3565024706899721E-01 1177.650297665005 2786.036611389018
1.1 NK
NK in cky2= 55

  Number of wavenumber samples (NK) for FREQ =   55
  RMAX = 2786.04
Data weighting computed for frequency 4607182418800017373
Data weighting computed for frequency 4607182418800017373
Data weighting computed for frequency 4607182418800017373
--- Pre-solver preview (memory + RHS workload) ---
   GQG dims: NNX=       585  NNZ=       317  NPT=    185445
   DOF:     N=3*NPT =    556335
   Sources: NSR=       100  NSS=        20  NK=        55
   RHS total (per IK): nrhs_tot=3*NSS =        60
   Batch:    MAX_RHS_BATCH=        32  nbatches=         2
   GFMY  (GFX+GFY+GFZ):         13.679 GB
   RHS_MY(rhs+sol buffers):      0.531 GB
 
 running run_ik_loop_pardiso
before CA | VmRSS=  15.463 GB  VmHWM=  81.377 GB
after CA | VmRSS=  16.681 GB  VmHWM=  81.377 GB
after factor | VmRSS=  20.450 GB  VmHWM=  81.377 GB
f=     4.350 Hz | ky=  0.648186E-03 | IK=       1/      55 | t=   17.293100 s | CA=  2.5518 | fact= 12.8185 | GF=  1.9226 | solve=  1.7652 | scatter=  0.0547
f=     4.350 Hz | ky=  0.129637E-02 | IK=       2/      55 | t=    6.921800 s | CA=  2.5746 | fact=  2.5368 | GF=  1.8103 | solve=  1.6835 | scatter=  0.0538
f=     4.350 Hz | ky=  0.194456E-02 | IK=       3/      55 | t=    6.965600 s | CA=  2.6014 | fact=  2.5539 | GF=  1.8103 | solve=  1.6821 | scatter=  0.0552
f=     4.350 Hz | ky=  0.259275E-02 | IK=       4/      55 | t=    6.890200 s | CA=  2.5437 | fact=  2.5373 | GF=  1.8092 | solve=  1.6834 | scatter=  0.0529
f=     4.350 Hz | ky=  0.324093E-02 | IK=       5/      55 | t=    6.985600 s | CA=  2.6065 | fact=  2.5670 | GF=  1.8121 | solve=  1.6864 | scatter=  0.0528
f=     4.350 Hz | ky=  0.388912E-02 | IK=       6/      55 | t=    6.952700 s | CA=  2.6038 | fact=  2.5457 | GF=  1.8032 | solve=  1.6788 | scatter=  0.0515
f=     4.350 Hz | ky=  0.453730E-02 | IK=       7/      55 | t=    6.895100 s | CA=  2.5280 | fact=  2.5572 | GF=  1.8098 | solve=  1.6820 | scatter=  0.0547
f=     4.350 Hz | ky=  0.518549E-02 | IK=       8/      55 | t=    6.952100 s | CA=  2.6001 | fact=  2.5449 | GF=  1.8070 | solve=  1.6822 | scatter=  0.0520
f=     4.350 Hz | ky=  0.583368E-02 | IK=       9/      55 | t=    6.931600 s | CA=  2.5757 | fact=  2.5420 | GF=  1.8138 | solve=  1.6887 | scatter=  0.0522
f=     4.350 Hz | ky=  0.648186E-02 | IK=      10/      55 | t=    6.917000 s | CA=  2.5779 | fact=  2.5250 | GF=  1.8140 | solve=  1.6906 | scatter=  0.0505
PARDISO mem (f=  4.35 Hz): sym=  1.95 GB  perm=  1.42 GB  num=  3.22 GB  
peak=  4.64 GB
t_global   =    117.038 s
TIME for 1st forward modeling =  1.950404993693034  min
TIME for GT0 =  .5090000232060751E-02  min
Data scaler W for L2 norm: 62429757634369.36
Data scaler W for WQS norm: .1007948000807317E-312
Total number of active inversion parameters for current sequential stage (IM):          1
Total model blocks points (NM = IM * NBLOCK):      11534 on grid (NMM = IM * NPT):    185445
 Gradient balance ():   1.00000000000000        1.00000000000000     
   1.00000000000000        1.00000000000000        1.00000000000000     
   1.00000000000000        1.00000000000000        1.00000000000000     
   1.00000000000000        1.00000000000000        1.00000000000000     
 IE0, IZ          30           0
 IE0, IZ, GZ1, GZ2 =           30           0   100.000000000000     
   300.000000000000     
  
 Frequency:           5 Iteration:           1
--- Pre-solver preview (memory + RHS workload) ---
   GQG dims: NNX=       585  NNZ=       317  NPT=    185445
   DOF:     N=3*NPT =    556335
   Sources: NSR=       100  NSS=       100  NK=        55
   RHS total (per IK): nrhs_tot=3*NSS =       300
   Batch:    MAX_RHS_BATCH=        32  nbatches=        10
   GFMY  (GFX+GFY+GFZ):         68.393 GB
   RHS_MY(rhs+sol buffers):      0.531 GB
 
 running run_ik_loop_pardiso
before CA | VmRSS=  70.926 GB  VmHWM=  81.377 GB
after CA | VmRSS=  72.149 GB  VmHWM=  81.377 GB
after factor | VmRSS=  75.916 GB  VmHWM=  81.377 GB
f=     4.350 Hz | ky=  0.648186E-03 | IK=       1/      55 | t=   24.209400 s | CA=  2.4709 | fact= 12.8066 | GF=  8.9317 | solve=  8.2703 | scatter=  0.2533
f=     4.350 Hz | ky=  0.129637E-02 | IK=       2/      55 | t=   13.927900 s | CA=  2.5813 | fact=  2.5280 | GF=  8.8186 | solve=  8.1867 | scatter=  0.2535
f=     4.350 Hz | ky=  0.194456E-02 | IK=       3/      55 | t=   13.944700 s | CA=  2.5656 | fact=  2.5392 | GF=  8.8399 | solve=  8.2059 | scatter=  0.2550
f=     4.350 Hz | ky=  0.259275E-02 | IK=       4/      55 | t=   13.938700 s | CA=  2.5808 | fact=  2.5499 | GF=  8.8079 | solve=  8.1777 | scatter=  0.2516
f=     4.350 Hz | ky=  0.324093E-02 | IK=       5/      55 | t=   13.966000 s | CA=  2.5669 | fact=  2.5591 | GF=  8.8399 | solve=  8.2100 | scatter=  0.2506
f=     4.350 Hz | ky=  0.388912E-02 | IK=       6/      55 | t=   13.983300 s | CA=  2.6100 | fact=  2.5586 | GF=  8.8147 | solve=  8.1794 | scatter=  0.2560
f=     4.350 Hz | ky=  0.453730E-02 | IK=       7/      55 | t=   13.950500 s | CA=  2.5683 | fact=  2.5528 | GF=  8.8293 | solve=  8.1975 | scatter=  0.2524
f=     4.350 Hz | ky=  0.518549E-02 | IK=       8/      55 | t=   14.020900 s | CA=  2.6074 | fact=  2.5563 | GF=  8.8572 | solve=  8.2228 | scatter=  0.2546
f=     4.350 Hz | ky=  0.583368E-02 | IK=       9/      55 | t=   13.935100 s | CA=  2.5704 | fact=  2.5548 | GF=  8.8099 | solve=  8.1788 | scatter=  0.2510
f=     4.350 Hz | ky=  0.648186E-02 | IK=      10/      55 | t=   13.968000 s | CA=  2.5892 | fact=  2.5318 | GF=  8.8470 | solve=  8.2130 | scatter=  0.2541
PARDISO mem (f=  4.35 Hz): sym=  1.95 GB  perm=  1.42 GB  num=  3.22 GB  
peak=  4.64 GB
t_global   =    334.599 s
TIME for 2d forward modeling_i calc =  5.576288350423177 min
Rank    5 -> ID range:   4001 to   4800 | Tasks:    800
Rank    4 -> ID range:   3201 to   4000 | Tasks:    800
Rank    2 -> ID range:   1601 to   2400 | Tasks:    800
Rank    3 -> ID range:   2401 to   3200 | Tasks:    800
Rank    1 -> ID range:    801 to   1600 | Tasks:    800
  
 -------------- calculate Frechet derivatives -----------
 IFREQ =           5    ITERATION =           1
Frechet memory size Frec_my:      0.825 (Gb)
Rank    0 -> ID range:      1 to    800 | Tasks:    800
FREQ:      4.3 Hz, ITER=       1  Frechet Derivative ID=     100/    4800 Finished   0.228500 s
FREQ:      4.3 Hz, ITER=       1  Frechet Derivative ID=     200/    4800 Finished   0.225100 s
FREQ:      4.3 Hz, ITER=       1  Frechet Derivative ID=     300/    4800 Finished   0.227200 s
FREQ:      4.3 Hz, ITER=       1  Frechet Derivative ID=     400/    4800 Finished   0.210400 s
FREQ:      4.3 Hz, ITER=       1  Frechet Derivative ID=     500/    4800 Finished   0.229200 s
FREQ:      4.3 Hz, ITER=       1  Frechet Derivative ID=     600/    4800 Finished   0.228800 s
FREQ:      4.3 Hz, ITER=       1  Frechet Derivative ID=     700/    4800 Finished   0.210300 s
FREQ:      4.3 Hz, ITER=       1  Frechet Derivative ID=     800/    4800 Finished   0.206300 s
||Frechet||_F=  4.9743E-14max|Frechet|=  7.6300E-19
||Frechet||_F=  4.9743E-14max|Frechet|=  7.6300E-19
||Frechet||_F=  4.9743E-14max|Frechet|=  7.6300E-19
||Frechet||_F=  4.9743E-14max|Frechet|=  7.6300E-19
||Frechet||_F=  4.9743E-14max|Frechet|=  7.6300E-19
||Frechet||_F=  4.9743E-14max|Frechet|=  7.6300E-19
 
TIME for Frechet calc =  3.061451721191406 min
 
m_fine: min=  1.7757E+02  max=  2.3088E+02  mean=  2.1160E+02  ||.||2=  9.1520E+04  size=  185445
m_coarse_prev: min=  1.7793E+02  max=  2.3019E+02  mean=  2.1162E+02  ||.||2=  2.2827E+04  size=   11534
 
  compute the residual and the cost function
 WD_amp= 6.24298E+13  RESID_RMS= 7.42545E-05  FCOST_DATA= 2.75686E-09  FCOST0= 2.75686E-09
IA=  8  H(single F0) min= 0.00000E+00  max= 1.14136E-02
IA=  8  H(F0^2)     min= 0.00000E+00  max= 1.14136E-02
HESSD: ia=   8  min= 0.00000E+00  max= 1.75205E+04
IA=  8  H(single F0) min= 0.00000E+00  max= 1.14136E-02
IA=  8  H(F0^2)     min= 0.00000E+00  max= 1.14136E-02
HESSD: ia=   8  min= 0.00000E+00  max= 1.75205E+04
IA=  8  H(single F0) min= 0.00000E+00  max= 1.14136E-02
IA=  8  H(F0^2)     min= 0.00000E+00  max= 1.14136E-02
HESSD: ia=   8  min= 0.00000E+00  max= 1.75205E+04
IA=  8  H(single F0) min= 0.00000E+00  max= 1.14136E-02
IA=  8  H(F0^2)     min= 0.00000E+00  max= 1.14136E-02
HESSD: ia=   8  min= 0.00000E+00  max= 1.75205E+04
IA=  8  H(single F0) min= 0.00000E+00  max= 1.14136E-02
IA=  8  H(F0^2)     min= 0.00000E+00  max= 1.14136E-02
HESSD: ia=   8  min= 0.00000E+00  max= 1.75205E+04
IA=  8  H(single F0) min= 0.00000E+00  max= 1.14136E-02
IA=  8  H(F0^2)     min= 0.00000E+00  max= 1.14136E-02
HESSD: ia=   8  min= 0.00000E+00  max= 1.75205E+04
Grad block   8 GRAD_SCALED MORM =   2.4811E-06
Raw grad block  8  PAR={Q13}  min= -8.2614E-12  max=  1.0244E-11  L2=  6.8313E-11
Gradient finished
Start LBFGS 
LBFGS steepest step , iter=      1
  g·p = -1.5657E-09  ||p|| =  2.7423E-03
  min(p)= -1.4523E-04  max(p)=  2.3107E-04
LBFGS p_k (unscaled) stats per active parameter:
  IA=  8  PAR={Q13}  min=-5.42370E+00  max= 8.62946E+00  L2= 1.02413E+02
min(p_k)= -1.4523E-04  max(p_k)=  2.3107E-04  ||p_k||=  2.7423E-03
min(p_kf)= -1.4523E-04  max(p_kf)=  2.3107E-04  ||p_kf||=  1.0969E-02
p_k/p_kf  =   2.5000E-01
Start linesearch
BT entry: phi(0)=  2.7569E-09  g·p(0)= -1.5657E-09
 UPDATEPARAMETER: f-scale only
UPDATEPARAMETER PAR_STEP min/max, V_STEP min/max =  1.7652761021E+02  2.3108354293E+02
  1.7652761021E+02  2.3108354293E+02
REL STEP Q      : k=  8 row=  3 rmax_k=  4.5817E-02 row_scale=  2.3088E+02
BT cap probe: rmax1=  4.5817E-02  alpha_cap=  1.0000E+00  alpha00=  1.0000E+00
 UPDATEPARAMETER: f-scale only
UPDATEPARAMETER PAR_STEP min/max, V_STEP min/max =  1.7652761021E+02  2.3108354293E+02
  1.7652761021E+02  2.3108354293E+02
 running run_ik_loop_pardiso
before CA | VmRSS=  16.315 GB  VmHWM=  81.377 GB
after CA | VmRSS=  17.147 GB  VmHWM=  81.377 GB
after factor | VmRSS=  20.912 GB  VmHWM=  81.377 GB
f=     4.350 Hz | ky=  0.648186E-03 | IK=       1/      55 | t=   17.270200 s | CA=  2.5313 | fact= 12.8219 | GF=  1.9168 | solve=  1.7615 | scatter=  0.0520
f=     4.350 Hz | ky=  0.129637E-02 | IK=       2/      55 | t=    6.933500 s | CA=  2.5723 | fact=  2.5448 | GF=  1.8164 | solve=  1.6910 | scatter=  0.0522
f=     4.350 Hz | ky=  0.194456E-02 | IK=       3/      55 | t=    6.909500 s | CA=  2.5626 | fact=  2.5381 | GF=  1.8088 | solve=  1.6809 | scatter=  0.0547
f=     4.350 Hz | ky=  0.259275E-02 | IK=       4/      55 | t=    6.916500 s | CA=  2.5739 | fact=  2.5393 | GF=  1.8033 | solve=  1.6789 | scatter=  0.0514
f=     4.350 Hz | ky=  0.324093E-02 | IK=       5/      55 | t=    6.900100 s | CA=  2.5547 | fact=  2.5380 | GF=  1.8074 | solve=  1.6811 | scatter=  0.0535
f=     4.350 Hz | ky=  0.388912E-02 | IK=       6/      55 | t=    6.949600 s | CA=  2.6006 | fact=  2.5434 | GF=  1.8056 | solve=  1.6786 | scatter=  0.0538
f=     4.350 Hz | ky=  0.453730E-02 | IK=       7/      55 | t=    6.907500 s | CA=  2.5573 | fact=  2.5332 | GF=  1.8169 | solve=  1.6912 | scatter=  0.0528
f=     4.350 Hz | ky=  0.518549E-02 | IK=       8/      55 | t=    6.920400 s | CA=  2.5701 | fact=  2.5405 | GF=  1.8098 | solve=  1.6840 | scatter=  0.0530
f=     4.350 Hz | ky=  0.583368E-02 | IK=       9/      55 | t=    6.906200 s | CA=  2.5556 | fact=  2.5461 | GF=  1.8044 | solve=  1.6795 | scatter=  0.0521
f=     4.350 Hz | ky=  0.648186E-02 | IK=      10/      55 | t=    6.925400 s | CA=  2.5821 | fact=  2.5387 | GF=  1.8046 | solve=  1.6802 | scatter=  0.0514
PARDISO mem (f=  4.35 Hz): sym=  1.95 GB  perm=  1.42 GB  num=  3.22 GB  
peak=  4.64 GB
 WD_amp= 6.24298E+13  RESID_RMS= 1.96704E-04  FCOST_DATA= 1.93463E-08  FCOST0= 1.93463E-08
BT: alpha=  1.0000E+00  phi=  1.9346E-08  rhs=  2.7567E-09
 UPDATEPARAMETER: f-scale only
UPDATEPARAMETER PAR_STEP min/max, V_STEP min/max =  1.7727892500E+02  2.3091699176E+02
  1.7727892500E+02  2.3091699176E+02
 running run_ik_loop_pardiso
before CA | VmRSS=  16.244 GB  VmHWM=  81.377 GB
after CA | VmRSS=  17.996 GB  VmHWM=  81.377 GB
after factor | VmRSS=  21.758 GB  VmHWM=  81.377 GB
f=     4.350 Hz | ky=  0.648186E-03 | IK=       1/      55 | t=   17.182800 s | CA=  2.5386 | fact= 12.7363 | GF=  1.9077 | solve=  1.7522 | scatter=  0.0523
f=     4.350 Hz | ky=  0.129637E-02 | IK=       2/      55 | t=    6.926200 s | CA=  2.5679 | fact=  2.5570 | GF=  1.8013 | solve=  1.6783 | scatter=  0.0505
f=     4.350 Hz | ky=  0.194456E-02 | IK=       3/      55 | t=    6.923200 s | CA=  2.5747 | fact=  2.5442 | GF=  1.8042 | solve=  1.6771 | scatter=  0.0543
f=     4.350 Hz | ky=  0.259275E-02 | IK=       4/      55 | t=    6.886100 s | CA=  2.5561 | fact=  2.5298 | GF=  1.8001 | solve=  1.6762 | scatter=  0.0512
f=     4.350 Hz | ky=  0.324093E-02 | IK=       5/      55 | t=    6.945000 s | CA=  2.5991 | fact=  2.5430 | GF=  1.8028 | solve=  1.6782 | scatter=  0.0518
f=     4.350 Hz | ky=  0.388912E-02 | IK=       6/      55 | t=    6.901300 s | CA=  2.5540 | fact=  2.5414 | GF=  1.8059 | solve=  1.6811 | scatter=  0.0518
f=     4.350 Hz | ky=  0.453730E-02 | IK=       7/      55 | t=    6.934400 s | CA=  2.5792 | fact=  2.5423 | GF=  1.8128 | solve=  1.6884 | scatter=  0.0517
f=     4.350 Hz | ky=  0.518549E-02 | IK=       8/      55 | t=    6.910900 s | CA=  2.5698 | fact=  2.5342 | GF=  1.8068 | solve=  1.6817 | scatter=  0.0522
f=     4.350 Hz | ky=  0.583368E-02 | IK=       9/      55 | t=    6.927800 s | CA=  2.5967 | fact=  2.5314 | GF=  1.7997 | solve=  1.6743 | scatter=  0.0525
f=     4.350 Hz | ky=  0.648186E-02 | IK=      10/      55 | t=    6.967500 s | CA=  2.6062 | fact=  2.5560 | GF=  1.8053 | solve=  1.6791 | scatter=  0.0532
PARDISO mem (f=  4.35 Hz): sym=  1.95 GB  perm=  1.42 GB  num=  3.22 GB  
peak=  4.64 GB
 WD_amp= 6.24298E+13  RESID_RMS= 1.10543E-04  FCOST_DATA= 6.10985E-09  FCOST0= 6.10985E-09
BT: alpha=  5.0000E-01  phi=  6.1098E-09  rhs=  2.7568E-09
 UPDATEPARAMETER: f-scale only
UPDATEPARAMETER PAR_STEP min/max, V_STEP min/max =  1.7765458240E+02  2.3089930360E+02
  1.7765458240E+02  2.3089930360E+02
 running run_ik_loop_pardiso
before CA | VmRSS=  16.647 GB  VmHWM=  81.377 GB
after CA | VmRSS=  17.629 GB  VmHWM=  81.377 GB
after factor | VmRSS=  21.388 GB  VmHWM=  81.377 GB
f=     4.350 Hz | ky=  0.648186E-03 | IK=       1/      55 | t=   17.175800 s | CA=  2.4665 | fact= 12.7990 | GF=  1.9101 | solve=  1.7548 | scatter=  0.0526
f=     4.350 Hz | ky=  0.129637E-02 | IK=       2/      55 | t=    6.885300 s | CA=  2.5478 | fact=  2.5376 | GF=  1.7999 | solve=  1.6753 | scatter=  0.0521
f=     4.350 Hz | ky=  0.194456E-02 | IK=       3/      55 | t=    6.914800 s | CA=  2.5680 | fact=  2.5349 | GF=  1.8119 | solve=  1.6842 | scatter=  0.0549
f=     4.350 Hz | ky=  0.259275E-02 | IK=       4/      55 | t=    6.918600 s | CA=  2.5802 | fact=  2.5277 | GF=  1.8107 | solve=  1.6859 | scatter=  0.0520
f=     4.350 Hz | ky=  0.324093E-02 | IK=       5/      55 | t=    6.909100 s | CA=  2.5721 | fact=  2.5322 | GF=  1.8048 | solve=  1.6796 | scatter=  0.0526
f=     4.350 Hz | ky=  0.388912E-02 | IK=       6/      55 | t=    6.901400 s | CA=  2.5725 | fact=  2.5244 | GF=  1.8045 | solve=  1.6802 | scatter=  0.0514
f=     4.350 Hz | ky=  0.453730E-02 | IK=       7/      55 | t=    6.883800 s | CA=  2.5531 | fact=  2.5200 | GF=  1.8106 | solve=  1.6854 | scatter=  0.0524
f=     4.350 Hz | ky=  0.518549E-02 | IK=       8/      55 | t=    6.926900 s | CA=  2.5686 | fact=  2.5505 | GF=  1.8077 | solve=  1.6820 | scatter=  0.0529
f=     4.350 Hz | ky=  0.583368E-02 | IK=       9/      55 | t=    6.934000 s | CA=  2.5774 | fact=  2.5456 | GF=  1.8110 | solve=  1.6851 | scatter=  0.0530
f=     4.350 Hz | ky=  0.648186E-02 | IK=      10/      55 | t=    6.944200 s | CA=  2.5948 | fact=  2.5408 | GF=  1.8086 | solve=  1.6841 | scatter=  0.0515
PARDISO mem (f=  4.35 Hz): sym=  1.95 GB  perm=  1.42 GB  num=  3.22 GB  
peak=  4.64 GB
 WD_amp= 6.24298E+13  RESID_RMS= 7.94300E-05  FCOST_DATA= 3.15456E-09  FCOST0= 3.15456E-09
BT: alpha=  2.5000E-01  phi=  3.1546E-09  rhs=  2.7568E-09
 UPDATEPARAMETER: f-scale only
UPDATEPARAMETER PAR_STEP min/max, V_STEP min/max =  1.7770111536E+02  2.3089045952E+02
  1.7770111536E+02  2.3089045952E+02
 running run_ik_loop_pardiso
before CA | VmRSS=  16.242 GB  VmHWM=  81.377 GB
after CA | VmRSS=  17.141 GB  VmHWM=  81.377 GB
after factor | VmRSS=  20.908 GB  VmHWM=  81.377 GB
f=     4.350 Hz | ky=  0.648186E-03 | IK=       1/      55 | t=   17.172700 s | CA=  2.4677 | fact= 12.7970 | GF=  1.9078 | solve=  1.7524 | scatter=  0.0527
f=     4.350 Hz | ky=  0.129637E-02 | IK=       2/      55 | t=    6.920300 s | CA=  2.5774 | fact=  2.5367 | GF=  1.8062 | solve=  1.6823 | scatter=  0.0509
f=     4.350 Hz | ky=  0.194456E-02 | IK=       3/      55 | t=    6.931100 s | CA=  2.5957 | fact=  2.5307 | GF=  1.8047 | solve=  1.6788 | scatter=  0.0532
f=     4.350 Hz | ky=  0.259275E-02 | IK=       4/      55 | t=    6.965200 s | CA=  2.6048 | fact=  2.5537 | GF=  1.8067 | solve=  1.6809 | scatter=  0.0527
f=     4.350 Hz | ky=  0.324093E-02 | IK=       5/      55 | t=    6.916300 s | CA=  2.5983 | fact=  2.5152 | GF=  1.8027 | solve=  1.6783 | scatter=  0.0517
f=     4.350 Hz | ky=  0.388912E-02 | IK=       6/      55 | t=    6.955600 s | CA=  2.6253 | fact=  2.5270 | GF=  1.8033 | solve=  1.6786 | scatter=  0.0516
f=     4.350 Hz | ky=  0.453730E-02 | IK=       7/      55 | t=    6.929900 s | CA=  2.5833 | fact=  2.5412 | GF=  1.8054 | solve=  1.6807 | scatter=  0.0519
f=     4.350 Hz | ky=  0.518549E-02 | IK=       8/      55 | t=    6.878700 s | CA=  2.5426 | fact=  2.5339 | GF=  1.8021 | solve=  1.6774 | scatter=  0.0520
f=     4.350 Hz | ky=  0.583368E-02 | IK=       9/      55 | t=    6.925700 s | CA=  2.5677 | fact=  2.5488 | GF=  1.8091 | solve=  1.6824 | scatter=  0.0539
f=     4.350 Hz | ky=  0.648186E-02 | IK=      10/      55 | t=    6.902000 s | CA=  2.5531 | fact=  2.5435 | GF=  1.8053 | solve=  1.6811 | scatter=  0.0515
PARDISO mem (f=  4.35 Hz): sym=  1.95 GB  perm=  1.42 GB  num=  3.22 GB  
peak=  4.64 GB
 WD_amp= 6.24298E+13  RESID_RMS= 7.25309E-05  FCOST_DATA= 2.63037E-09  FCOST0= 2.63037E-09
  
  
BT: alpha=  1.2500E-01  phi=  2.6304E-09  rhs=  2.7568E-09
  
  
Convergence reached, updating parameter grid
ALPHA from line search =  .1250000000000000
 FCOST0 after linesearch  2.630365791264959E-009
Norm of s (s_norm) =  .3427848218605247E-03
  
  
Time for LBFGS =  7.750536600748698 min
  
 Frequency:           5 Iteration:           2
t_global   =    333.944 s
  
 -------------- calculate Frechet derivatives -----------
 IFREQ =           5    ITERATION =           2
||Frechet||_F=  4.9710E-14max|Frechet|=  7.6300E-19
||Frechet||_F=  4.9710E-14max|Frechet|=  7.6300E-19
||Frechet||_F=  4.9710E-14max|Frechet|=  7.6300E-19
||Frechet||_F=  4.9710E-14max|Frechet|=  7.6300E-19
||Frechet||_F=  4.9710E-14max|Frechet|=  7.6300E-19
||Frechet||_F=  4.9710E-14max|Frechet|=  7.6300E-19
 
TIME for Frechet calc =  2.884601593017578 min
 
 
  compute the residual and the cost function
 WD_amp= 6.24298E+13  RESID_RMS= 7.25309E-05  FCOST_DATA= 2.63037E-09  FCOST0= 2.63037E-09
Grad block   8 GRAD_SCALED MORM =   2.6750E-06
Raw grad block  8  PAR={Q13}  min= -7.5267E-12  max=  1.3758E-11  L2=  7.3570E-11
Gradient finished
Start LBFGS 
curvature (warm): s·y=  3.5680E-10  ||s||^2=  1.1750E-07  ||y||^2=  3.0793E-12  sTy_min=  6.0152E-11
LBFGS history: used= 0  skipped= 1  worst_col= 5  bad_s·y=  3.5680E-10  bad_cos_sy=  5.9317E-01
LBFGS step: g·p = -4.1574E-09  ||p||=  3.8629E-03
LBFGS step: min(p)= -3.2575E-04  max(p)=  9.6072E-05
LBFGS p_k (unscaled) stats per active parameter:
  IA=  8  PAR={Q13}  min=-1.21655E+01  max= 3.58792E+00  L2= 1.44266E+02
min(p_k)= -3.2575E-04  max(p_k)=  9.6072E-05  ||p_k||=  3.8629E-03
min(p_kf)= -3.2575E-04  max(p_kf)=  9.6072E-05  ||p_kf||=  1.5452E-02
p_k/p_kf  =   2.5000E-01
Start linesearch
MT entry: phi(0)=  2.6304E-09  dg0= -4.1574E-09  alpha0=  1.0000E+00
 UPDATEPARAMETER: f-scale only
UPDATEPARAMETER PAR_STEP min/max, V_STEP min/max =  1.7027076333E+02  2.3117002701E+02
  1.7027076333E+02  2.3117002701E+02
 WD_amp= 6.24298E+13  RESID_RMS= 4.22188E-04  FCOST_DATA= 8.91215E-08  FCOST0= 8.91215E-08
  
 -------------- calculate Frechet derivatives -----------
 IFREQ =           5    ITERATION =           2
||Frechet||_F=  5.0423E-14max|Frechet|=  7.6301E-19
||Frechet||_F=  5.0423E-14max|Frechet|=  7.6301E-19
||Frechet||_F=  5.0423E-14max|Frechet|=  7.6301E-19
||Frechet||_F=  5.0423E-14max|Frechet|=  7.6301E-19
||Frechet||_F=  5.0423E-14max|Frechet|=  7.6301E-19
||Frechet||_F=  5.0423E-14max|Frechet|=  7.6301E-19
Grad block   8 GRAD_SCALED MORM =   4.5623E-05
MT try: alpha=  1.0000E+00  phi=  8.9121E-08  dg=  1.0978E-07  dg0= -4.1574E-09
MT try: armijo_rhs=  2.6300E-09  armijo=F  curvature=F  task=FG
 UPDATEPARAMETER: f-scale only
UPDATEPARAMETER PAR_STEP min/max, V_STEP min/max =  1.7766519764E+02  2.3088592257E+02
  1.7766519764E+02  2.3088592257E+02
 WD_amp= 6.24298E+13  RESID_RMS= 7.18788E-05  FCOST_DATA= 2.58328E-09  FCOST0= 2.58328E-09
  
 -------------- calculate Frechet derivatives -----------
 IFREQ =           5    ITERATION =           2
||Frechet||_F=  4.9719E-14max|Frechet|=  7.6300E-19
||Frechet||_F=  4.9719E-14max|Frechet|=  7.6300E-19
||Frechet||_F=  4.9719E-14max|Frechet|=  7.6300E-19
||Frechet||_F=  4.9719E-14max|Frechet|=  7.6300E-19
||Frechet||_F=  4.9719E-14max|Frechet|=  7.6300E-19
||Frechet||_F=  4.9719E-14max|Frechet|=  7.6300E-19
Grad block   8 GRAD_SCALED MORM =   2.3567E-06
MT try: alpha=  1.3268E-02  phi=  2.5833E-09  dg= -2.8017E-09  dg0= -4.1574E-09
MT try: armijo_rhs=  2.6304E-09  armijo=T  curvature=T  task=FG
  
  
  
Convergence reached, updating parameter grid
ALPHA from line search =  .1326819639660593E-01
 FCOST0 after linesearch  2.583280585414084E-009
Norm of s (s_norm) =  .5125436373534265E-04
  
  
  
Time for LBFGS =  16.86369628906250 min
  
 Frequency:           5 Iteration:           3
t_global   =    334.778 s
  
 -------------- calculate Frechet derivatives -----------
 IFREQ =           5    ITERATION =           3
||Frechet||_F=  4.9719E-14max|Frechet|=  7.6300E-19
||Frechet||_F=  4.9719E-14max|Frechet|=  7.6300E-19
||Frechet||_F=  4.9719E-14max|Frechet|=  7.6300E-19
||Frechet||_F=  4.9719E-14max|Frechet|=  7.6300E-19
||Frechet||_F=  4.9719E-14max|Frechet|=  7.6300E-19
 
TIME for Frechet calc =  2.915001678466797 min
 
 
  compute the residual and the cost function
 WD_amp= 6.24298E+13  RESID_RMS= 7.18788E-05  FCOST_DATA= 2.58328E-09  FCOST0= 2.58328E-09
||Frechet||_F=  4.9719E-14max|Frechet|=  7.6300E-19
Grad block   8 GRAD_SCALED MORM =   2.3567E-06
Gradient finished
Start LBFGS 
curvature (warm): s·y=  1.7987E-11  ||s||^2=  2.6270E-09  ||y||^2=  2.1239E-13  sTy_min=  2.3621E-12
LBFGS history: used= 0  skipped= 2  worst_col= 4  bad_s·y=  1.7987E-11  bad_cos_sy=  7.6149E-01
LBFGS step: g·p = -1.9418E-09  ||p||=  2.8328E-03
LBFGS step: min(p)= -2.1817E-04  max(p)=  1.0074E-04
LBFGS p_k (unscaled) stats per active parameter:
  IA=  8  PAR={Q13}  min=-8.14784E+00  max= 3.76241E+00  L2= 1.05795E+02
min(p_k)= -2.1817E-04  max(p_k)=  1.0074E-04  ||p_k||=  2.8328E-03
min(p_kf)= -2.1817E-04  max(p_kf)=  1.0074E-04  ||p_kf||=  1.1331E-02
p_k/p_kf  =   2.5000E-01
Start linesearch
MT entry: phi(0)=  2.5833E-09  dg0= -1.9418E-09  alpha0=  1.0000E+00
 UPDATEPARAMETER: f-scale only
UPDATEPARAMETER PAR_STEP min/max, V_STEP min/max =  1.7256429587E+02  2.3111624361E+02
  1.7256429587E+02  2.3111624361E+02
 WD_amp= 6.24298E+13  RESID_RMS= 2.76118E-04  FCOST_DATA= 3.81205E-08  FCOST0= 3.81205E-08
  
 -------------- calculate Frechet derivatives -----------
 IFREQ =           5    ITERATION =           3
||Frechet||_F=  5.0158E-14max|Frechet|=  7.6300E-19
||Frechet||_F=  5.0158E-14max|Frechet|=  7.6300E-19
||Frechet||_F=  5.0158E-14max|Frechet|=  7.6300E-19
||Frechet||_F=  5.0158E-14max|Frechet|=  7.6300E-19
||Frechet||_F=  5.0158E-14max|Frechet|=  7.6300E-19
||Frechet||_F=  5.0158E-14max|Frechet|=  7.6300E-19
Grad block   8 GRAD_SCALED MORM =   2.7238E-05
MT try: alpha=  1.0000E+00  phi=  3.8120E-08  dg=  4.2795E-08  dg0= -1.9418E-09
MT try: armijo_rhs=  2.5831E-09  armijo=F  curvature=F  task=FG
 UPDATEPARAMETER: f-scale only
UPDATEPARAMETER PAR_STEP min/max, V_STEP min/max =  1.7759132970E+02  2.3088160072E+02
  1.7759132970E+02  2.3088160072E+02
 WD_amp= 6.24298E+13  RESID_RMS= 7.16560E-05  FCOST_DATA= 2.56729E-09  FCOST0= 2.56729E-09
  
 -------------- calculate Frechet derivatives -----------
 IFREQ =           5    ITERATION =           3
||Frechet||_F=  4.9725E-14max|Frechet|=  7.6300E-19
||Frechet||_F=  4.9725E-14max|Frechet|=  7.6300E-19
||Frechet||_F=  4.9725E-14max|Frechet|=  7.6300E-19
||Frechet||_F=  4.9725E-14max|Frechet|=  7.6300E-19
||Frechet||_F=  4.9725E-14max|Frechet|=  7.6300E-19
||Frechet||_F=  4.9725E-14max|Frechet|=  7.6300E-19
Grad block   8 GRAD_SCALED MORM =   2.1951E-06
MT try: alpha=  1.4481E-02  phi=  2.5673E-09  dg= -1.3401E-09  dg0= -1.9418E-09
MT try: armijo_rhs=  2.5833E-09  armijo=T  curvature=T  task=FG
  
  
  
  
  
Convergence reached, updating parameter grid
ALPHA from line search =  .1448134958802737E-01
 FCOST0 after linesearch  2.567294193316349E-009
Norm of s (s_norm) =  .4102329492006075E-04
  
Convergence check at iteration    3
  Relative cost decrease  =  6.1884E-03
  Relative model update   =  0.0000E+00
  Relative grad. norm     =  7.1867E-01
Time for LBFGS =  16.79993489583333 min
  
 Frequency:           5 Iteration:           4
t_global   =    332.798 s
  
 -------------- calculate Frechet derivatives -----------
 IFREQ =           5    ITERATION =           4
||Frechet||_F=  4.9725E-14max|Frechet|=  7.6300E-19
||Frechet||_F=  4.9725E-14max|Frechet|=  7.6300E-19
||Frechet||_F=  4.9725E-14max|Frechet|=  7.6300E-19
||Frechet||_F=  4.9725E-14max|Frechet|=  7.6300E-19
||Frechet||_F=  4.9725E-14max|Frechet|=  7.6300E-19
||Frechet||_F=  4.9725E-14max|Frechet|=  7.6300E-19
 
TIME for Frechet calc =  2.971585083007812 min
 
 
  compute the residual and the cost function
 WD_amp= 6.24298E+13  RESID_RMS= 7.16560E-05  FCOST_DATA= 2.56729E-09  FCOST0= 2.56729E-09
Grad block   8 GRAD_SCALED MORM =   2.1951E-06
Gradient finished
Start LBFGS 
curvature (warm): s·y=  8.7139E-12  ||s||^2=  1.6829E-09  ||y||^2=  9.4529E-14  sTy_min=  1.2613E-12
LBFGS history: used= 0  skipped= 3  worst_col= 3  bad_s·y=  8.7139E-12  bad_cos_sy=  6.9087E-01
LBFGS step: g·p = -9.7169E-10  ||p||=  2.2131E-03
LBFGS step: min(p)= -1.4331E-04  max(p)=  1.0273E-04
LBFGS p_k (unscaled) stats per active parameter:
  IA=  8  PAR={Q13}  min=-5.35202E+00  max= 3.83640E+00  L2= 8.26516E+01
min(p_k)= -1.4331E-04  max(p_k)=  1.0273E-04  ||p_k||=  2.2131E-03
min(p_kf)= -1.4331E-04  max(p_kf)=  1.0273E-04  ||p_kf||=  8.8525E-03
p_k/p_kf  =   2.5000E-01
Start linesearch
MT entry: phi(0)=  2.5673E-09  dg0= -9.7169E-10  alpha0=  1.0000E+00
 UPDATEPARAMETER: f-scale only
UPDATEPARAMETER PAR_STEP min/max, V_STEP min/max =  1.7382174198E+02  2.3107776397E+02
  1.7382174198E+02  2.3107776397E+02
 WD_amp= 6.24298E+13  RESID_RMS= 1.82639E-04  FCOST_DATA= 1.66785E-08  FCOST0= 1.66785E-08
  
 -------------- calculate Frechet derivatives -----------
 IFREQ =           5    ITERATION =           4
||Frechet||_F=  4.9985E-14max|Frechet|=  7.6300E-19
||Frechet||_F=  4.9985E-14max|Frechet|=  7.6300E-19
||Frechet||_F=  4.9985E-14max|Frechet|=  7.6300E-19
||Frechet||_F=  4.9985E-14max|Frechet|=  7.6300E-19
||Frechet||_F=  4.9985E-14max|Frechet|=  7.6300E-19
||Frechet||_F=  4.9985E-14max|Frechet|=  7.6300E-19
Grad block   8 GRAD_SCALED MORM =   1.5779E-05
MT try: alpha=  1.0000E+00  phi=  1.6678E-08  dg=  1.5643E-08  dg0= -9.7169E-10
MT try: armijo_rhs=  2.5672E-09  armijo=F  curvature=F  task=FG
 UPDATEPARAMETER: f-scale only
UPDATEPARAMETER PAR_STEP min/max, V_STEP min/max =  1.7752658005E+02  2.3087684273E+02
  1.7752658005E+02  2.3087684273E+02
 WD_amp= 6.24298E+13  RESID_RMS= 7.16127E-05  FCOST_DATA= 2.56419E-09  FCOST0= 2.56419E-09
  
 -------------- calculate Frechet derivatives -----------
 IFREQ =           5    ITERATION =           4
||Frechet||_F=  4.9729E-14max|Frechet|=  7.6300E-19
||Frechet||_F=  4.9729E-14max|Frechet|=  7.6300E-19
||Frechet||_F=  4.9729E-14max|Frechet|=  7.6300E-19
||Frechet||_F=  4.9729E-14max|Frechet|=  7.6300E-19
||Frechet||_F=  4.9729E-14max|Frechet|=  7.6300E-19
||Frechet||_F=  4.9729E-14max|Frechet|=  7.6300E-19
Grad block   8 GRAD_SCALED MORM =   2.1098E-06
MT try: alpha=  1.7177E-02  phi=  2.5642E-09  dg= -7.0019E-10  dg0= -9.7169E-10
MT try: armijo_rhs=  2.5673E-09  armijo=T  curvature=T  task=FG
  
  
  
  
  
Convergence reached, updating parameter grid
ALPHA from line search =  .1717685217666952E-01
 FCOST0 after linesearch  2.564188153502016E-009
Norm of s (s_norm) =  .3801461851466764E-04
  
Convergence check at iteration    4
  Relative cost decrease  =  1.2098E-03
  Relative model update   =  0.0000E+00
  Relative grad. norm     =  5.4307E-01
Time for LBFGS =  16.83096618652344 min
  
 Frequency:           5 Iteration:           5
t_global   =    332.357 s
  
 -------------- calculate Frechet derivatives -----------
 IFREQ =           5    ITERATION =           5
||Frechet||_F=  4.9729E-14max|Frechet|=  7.6300E-19
||Frechet||_F=  4.9729E-14max|Frechet|=  7.6300E-19
||Frechet||_F=  4.9729E-14max|Frechet|=  7.6300E-19
||Frechet||_F=  4.9729E-14max|Frechet|=  7.6300E-19
||Frechet||_F=  4.9729E-14max|Frechet|=  7.6300E-19
||Frechet||_F=  4.9729E-14max|Frechet|=  7.6300E-19
 
TIME for Frechet calc =  2.978495025634766 min
 
 
  compute the residual and the cost function
 WD_amp= 6.24298E+13  RESID_RMS= 7.16127E-05  FCOST_DATA= 2.56419E-09  FCOST0= 2.56419E-09
Grad block   8 GRAD_SCALED MORM =   2.1098E-06
Gradient finished
Start LBFGS 
curvature (warm): s·y=  4.6636E-12  ||s||^2=  1.4451E-09  ||y||^2=  4.5522E-14  sTy_min=  8.1108E-13
LBFGS history: used= 0  skipped= 4  worst_col= 2  bad_s·y=  4.6636E-12  bad_cos_sy=  5.7498E-01
LBFGS step: g·p = -5.4800E-10  ||p||=  1.8671E-03
LBFGS step: min(p)= -1.3220E-04  max(p)=  1.1035E-04
LBFGS p_k (unscaled) stats per active parameter:
  IA=  8  PAR={Q13}  min=-4.93724E+00  max= 4.12127E+00  L2= 6.97274E+01
min(p_k)= -1.3220E-04  max(p_k)=  1.1035E-04  ||p_k||=  1.8671E-03
min(p_kf)= -1.3220E-04  max(p_kf)=  1.1035E-04  ||p_kf||=  7.4683E-03
p_k/p_kf  =   2.5000E-01
Start linesearch
MT entry: phi(0)=  2.5642E-09  dg0= -5.4800E-10  alpha0=  1.0000E+00
 UPDATEPARAMETER: f-scale only
UPDATEPARAMETER PAR_STEP min/max, V_STEP min/max =  1.7478964600E+02  2.3105263724E+02
  1.7478964600E+02  2.3105263724E+02
 WD_amp= 6.24298E+13  RESID_RMS= 1.23757E-04  FCOST_DATA= 7.65794E-09  FCOST0= 7.65794E-09
  
 -------------- calculate Frechet derivatives -----------
 IFREQ =           5    ITERATION =           5
||Frechet||_F=  4.9870E-14max|Frechet|=  7.6300E-19
||Frechet||_F=  4.9870E-14max|Frechet|=  7.6300E-19
||Frechet||_F=  4.9870E-14max|Frechet|=  7.6300E-19
||Frechet||_F=  4.9870E-14max|Frechet|=  7.6300E-19
||Frechet||_F=  4.9870E-14max|Frechet|=  7.6300E-19
||Frechet||_F=  4.9870E-14max|Frechet|=  7.6300E-19
Grad block   8 GRAD_SCALED MORM =   8.4898E-06
MT try: alpha=  1.0000E+00  phi=  7.6579E-09  dg=  4.7473E-09  dg0= -5.4800E-10
MT try: armijo_rhs=  2.5641E-09  armijo=F  curvature=F  task=FG
 UPDATEPARAMETER: f-scale only
UPDATEPARAMETER PAR_STEP min/max, V_STEP min/max =  1.7746088037E+02  2.3087035871E+02
  1.7746088037E+02  2.3087035871E+02
 WD_amp= 6.24298E+13  RESID_RMS= 7.16462E-05  FCOST_DATA= 2.56659E-09  FCOST0= 2.56659E-09
  
 -------------- calculate Frechet derivatives -----------
 IFREQ =           5    ITERATION =           5
||Frechet||_F=  4.9733E-14max|Frechet|=  7.6300E-19
||Frechet||_F=  4.9733E-14max|Frechet|=  7.6300E-19
||Frechet||_F=  4.9733E-14max|Frechet|=  7.6300E-19
||Frechet||_F=  4.9733E-14max|Frechet|=  7.6300E-19
||Frechet||_F=  4.9733E-14max|Frechet|=  7.6300E-19
||Frechet||_F=  4.9733E-14max|Frechet|=  7.6300E-19
Grad block   8 GRAD_SCALED MORM =   2.0586E-06
MT try: alpha=  2.4005E-02  phi=  2.5666E-09  dg= -4.2499E-10  dg0= -5.4800E-10
MT try: armijo_rhs=  2.5642E-09  armijo=F  curvature=T  task=FG
 UPDATEPARAMETER: f-scale only
UPDATEPARAMETER PAR_STEP min/max, V_STEP min/max =  1.7751457834E+02  2.3087565826E+02
  1.7751457834E+02  2.3087565826E+02
 WD_amp= 6.24298E+13  RESID_RMS= 7.16129E-05  FCOST_DATA= 2.56420E-09  FCOST0= 2.56420E-09
LS STOP (stagnation): alpha=  4.3851E-03  FCOST1=  2.5642E-09  FCOST0=  2.5642E-09
 Line search failed (IFLAG=          11 ), inversion diverged.
 --------- Frequency   4.75000000000000       (band            1 )
[ComputeAcqWeight] empty acq_weight_file, using uniform weights = 1.0
Data weighting computed for frequency 4607182418800017373
Data weighting computed for frequency 4607182418800017373
Data weighting computed for frequency 4607182418800017373
Data weighting computed for frequency 4607182418800017373
XSRmin, XSRmax, ZSRmin, ZSRMax -1960.000000000000 .000000000000000 2050.000000000000 4030.000000000000
1 FKYC
1.2 FKYC
Data weighting computed for frequency 4607182418800017373
my_rank, FKYC,WLMAX, RMAX 0 .3892843070752570E-01 1078.479746282688 2786.036611389018
1.1 NK
NK in cky2= 55

  Number of wavenumber samples (NK) for FREQ =   55
  RMAX = 2786.04
Data weighting computed for frequency 4607182418800017373
--- Pre-solver preview (memory + RHS workload) ---
   GQG dims: NNX=       585  NNZ=       317  NPT=    185445
   DOF:     N=3*NPT =    556335
   Sources: NSR=       100  NSS=        20  NK=        55
   RHS total (per IK): nrhs_tot=3*NSS =        60
   Batch:    MAX_RHS_BATCH=        32  nbatches=         2
   GFMY  (GFX+GFY+GFZ):         13.679 GB
   RHS_MY(rhs+sol buffers):      0.531 GB
 
 running run_ik_loop_pardiso
before CA | VmRSS=  15.392 GB  VmHWM=  81.377 GB
after CA | VmRSS=  16.017 GB  VmHWM=  81.377 GB
after factor | VmRSS=  19.778 GB  VmHWM=  81.377 GB
f=     4.750 Hz | ky=  0.707790E-03 | IK=       1/      55 | t=   17.191500 s | CA=  2.5091 | fact= 12.7827 | GF=  1.8994 | solve=  1.7459 | scatter=  0.0514
f=     4.750 Hz | ky=  0.141558E-02 | IK=       2/      55 | t=    6.849500 s | CA=  2.5376 | fact=  2.5158 | GF=  1.7961 | solve=  1.6714 | scatter=  0.0520
f=     4.750 Hz | ky=  0.212337E-02 | IK=       3/      55 | t=    6.862100 s | CA=  2.5283 | fact=  2.5355 | GF=  1.7983 | solve=  1.6746 | scatter=  0.0513
f=     4.750 Hz | ky=  0.283116E-02 | IK=       4/      55 | t=    6.868100 s | CA=  2.5338 | fact=  2.5287 | GF=  1.8056 | solve=  1.6809 | scatter=  0.0522
f=     4.750 Hz | ky=  0.353895E-02 | IK=       5/      55 | t=    6.848200 s | CA=  2.5438 | fact=  2.5031 | GF=  1.8013 | solve=  1.6749 | scatter=  0.0533
f=     4.750 Hz | ky=  0.424674E-02 | IK=       6/      55 | t=    6.904300 s | CA=  2.5828 | fact=  2.5268 | GF=  1.7947 | solve=  1.6719 | scatter=  0.0504
f=     4.750 Hz | ky=  0.495453E-02 | IK=       7/      55 | t=    6.928600 s | CA=  2.5981 | fact=  2.5321 | GF=  1.7984 | solve=  1.6753 | scatter=  0.0506
f=     4.750 Hz | ky=  0.566232E-02 | IK=       8/      55 | t=    6.900400 s | CA=  2.5626 | fact=  2.5342 | GF=  1.8035 | solve=  1.6784 | scatter=  0.0524
f=     4.750 Hz | ky=  0.637011E-02 | IK=       9/      55 | t=    6.895100 s | CA=  2.5619 | fact=  2.5299 | GF=  1.8033 | solve=  1.6785 | scatter=  0.0523
f=     4.750 Hz | ky=  0.707790E-02 | IK=      10/      55 | t=    6.919900 s | CA=  2.5716 | fact=  2.5438 | GF=  1.8044 | solve=  1.6807 | scatter=  0.0510
PARDISO mem (f=  4.75 Hz): sym=  1.95 GB  perm=  1.42 GB  num=  3.22 GB  
peak=  4.64 GB
t_global   =    116.733 s
TIME for 1st forward modeling =  1.945544942220052  min
TIME for GT0 =  .5321666598320007E-02  min
Data scaler W for L2 norm: 64069066454919.59
Data scaler W for WQS norm: .1007948000807317E-312
Total number of active inversion parameters for current sequential stage (IM):          1
Total model blocks points (NM = IM * NBLOCK):      11534 on grid (NMM = IM * NPT):    185445
 Gradient balance ():   1.00000000000000        1.00000000000000     
   1.00000000000000        1.00000000000000        1.00000000000000     
   1.00000000000000        1.00000000000000        1.00000000000000     
   1.00000000000000        1.00000000000000        1.00000000000000     
 IE0, IZ          30           0
 IE0, IZ, GZ1, GZ2 =           30           0   100.000000000000     
   300.000000000000     
  
 Frequency:           6 Iteration:           1
--- Pre-solver preview (memory + RHS workload) ---
   GQG dims: NNX=       585  NNZ=       317  NPT=    185445
   DOF:     N=3*NPT =    556335
   Sources: NSR=       100  NSS=       100  NK=        55
   RHS total (per IK): nrhs_tot=3*NSS =       300
   Batch:    MAX_RHS_BATCH=        32  nbatches=        10
   GFMY  (GFX+GFY+GFZ):         68.393 GB
   RHS_MY(rhs+sol buffers):      0.531 GB
 
 running run_ik_loop_pardiso
before CA | VmRSS=  70.933 GB  VmHWM=  81.377 GB
after CA | VmRSS=  71.681 GB  VmHWM=  81.377 GB
after factor | VmRSS=  75.449 GB  VmHWM=  81.377 GB
f=     4.750 Hz | ky=  0.707790E-03 | IK=       1/      55 | t=   24.180100 s | CA=  2.4958 | fact= 12.7962 | GF=  8.8878 | solve=  8.2264 | scatter=  0.2540
f=     4.750 Hz | ky=  0.141558E-02 | IK=       2/      55 | t=   13.924700 s | CA=  2.5957 | fact=  2.5225 | GF=  8.8065 | solve=  8.1745 | scatter=  0.2549
f=     4.750 Hz | ky=  0.212337E-02 | IK=       3/      55 | t=   13.874000 s | CA=  2.5403 | fact=  2.5458 | GF=  8.7879 | solve=  8.1553 | scatter=  0.2544
f=     4.750 Hz | ky=  0.283116E-02 | IK=       4/      55 | t=   13.977800 s | CA=  2.5833 | fact=  2.5487 | GF=  8.8458 | solve=  8.2118 | scatter=  0.2558
f=     4.750 Hz | ky=  0.353895E-02 | IK=       5/      55 | t=   13.923200 s | CA=  2.5682 | fact=  2.5426 | GF=  8.8124 | solve=  8.1804 | scatter=  0.2534
f=     4.750 Hz | ky=  0.424674E-02 | IK=       6/      55 | t=   13.950700 s | CA=  2.6074 | fact=  2.5496 | GF=  8.7937 | solve=  8.1615 | scatter=  0.2533
f=     4.750 Hz | ky=  0.495453E-02 | IK=       7/      55 | t=   13.894500 s | CA=  2.5379 | fact=  2.5274 | GF=  8.8292 | solve=  8.1959 | scatter=  0.2543
f=     4.750 Hz | ky=  0.566232E-02 | IK=       8/      55 | t=   13.885600 s | CA=  2.5555 | fact=  2.5145 | GF=  8.8156 | solve=  8.1823 | scatter=  0.2538
f=     4.750 Hz | ky=  0.637011E-02 | IK=       9/      55 | t=   13.950000 s | CA=  2.5542 | fact=  2.5543 | GF=  8.8415 | solve=  8.2077 | scatter=  0.2538
f=     4.750 Hz | ky=  0.707790E-02 | IK=      10/      55 | t=   13.950700 s | CA=  2.5831 | fact=  2.5520 | GF=  8.8156 | solve=  8.1800 | scatter=  0.2564
PARDISO mem (f=  4.75 Hz): sym=  1.95 GB  perm=  1.42 GB  num=  3.22 GB  
peak=  4.64 GB
t_global   =    333.929 s
TIME for 2d forward modeling_i calc =  5.563121541341146 min
Rank    4 -> ID range:   3201 to   4000 | Tasks:    800
Rank    5 -> ID range:   4001 to   4800 | Tasks:    800
Rank    2 -> ID range:   1601 to   2400 | Tasks:    800
Rank    3 -> ID range:   2401 to   3200 | Tasks:    800
Rank    1 -> ID range:    801 to   1600 | Tasks:    800
  
 -------------- calculate Frechet derivatives -----------
 IFREQ =           6    ITERATION =           1
Frechet memory size Frec_my:      0.825 (Gb)
Rank    0 -> ID range:      1 to    800 | Tasks:    800
FREQ:      4.8 Hz, ITER=       1  Frechet Derivative ID=     100/    4800 Finished   0.213200 s
FREQ:      4.8 Hz, ITER=       1  Frechet Derivative ID=     200/    4800 Finished   0.226600 s
FREQ:      4.8 Hz, ITER=       1  Frechet Derivative ID=     300/    4800 Finished   0.233000 s
FREQ:      4.8 Hz, ITER=       1  Frechet Derivative ID=     400/    4800 Finished   0.210600 s
FREQ:      4.8 Hz, ITER=       1  Frechet Derivative ID=     500/    4800 Finished   0.229600 s
FREQ:      4.8 Hz, ITER=       1  Frechet Derivative ID=     600/    4800 Finished   0.228300 s
FREQ:      4.8 Hz, ITER=       1  Frechet Derivative ID=     700/    4800 Finished   0.228400 s
FREQ:      4.8 Hz, ITER=       1  Frechet Derivative ID=     800/    4800 Finished   0.230300 s
||Frechet||_F=  5.2453E-14max|Frechet|=  8.2304E-19
||Frechet||_F=  5.2453E-14max|Frechet|=  8.2304E-19
||Frechet||_F=  5.2453E-14max|Frechet|=  8.2304E-19
||Frechet||_F=  5.2453E-14max|Frechet|=  8.2304E-19
||Frechet||_F=  5.2453E-14max|Frechet|=  8.2304E-19
||Frechet||_F=  5.2453E-14max|Frechet|=  8.2304E-19
 
TIME for Frechet calc =  3.053988393147786 min
 
m_fine: min=  1.7753E+02  max=  2.3088E+02  mean=  2.1161E+02  ||.||2=  9.1523E+04  size=  185445
m_coarse_prev: min=  1.7792E+02  max=  2.3019E+02  mean=  2.1163E+02  ||.||2=  2.2827E+04  size=   11534
 
  compute the residual and the cost function
 WD_amp= 6.40691E+13  RESID_RMS= 8.16409E-05  FCOST_DATA= 3.33262E-09  FCOST0= 3.33262E-09
IA=  8  H(single F0) min= 0.00000E+00  max= 1.32331E-02
IA=  8  H(F0^2)     min= 0.00000E+00  max= 1.32331E-02
HESSD: ia=   8  min= 0.00000E+00  max= 1.51110E+04
IA=  8  H(single F0) min= 0.00000E+00  max= 1.32331E-02
IA=  8  H(F0^2)     min= 0.00000E+00  max= 1.32331E-02
HESSD: ia=   8  min= 0.00000E+00  max= 1.51110E+04
IA=  8  H(single F0) min= 0.00000E+00  max= 1.32331E-02
IA=  8  H(F0^2)     min= 0.00000E+00  max= 1.32331E-02
HESSD: ia=   8  min= 0.00000E+00  max= 1.51110E+04
IA=  8  H(single F0) min= 0.00000E+00  max= 1.32331E-02
IA=  8  H(F0^2)     min= 0.00000E+00  max= 1.32331E-02
HESSD: ia=   8  min= 0.00000E+00  max= 1.51110E+04
IA=  8  H(single F0) min= 0.00000E+00  max= 1.32331E-02
IA=  8  H(F0^2)     min= 0.00000E+00  max= 1.32331E-02
HESSD: ia=   8  min= 0.00000E+00  max= 1.51110E+04
IA=  8  H(single F0) min= 0.00000E+00  max= 1.32331E-02
IA=  8  H(F0^2)     min= 0.00000E+00  max= 1.32331E-02
HESSD: ia=   8  min= 0.00000E+00  max= 1.51110E+04
Grad block   8 GRAD_SCALED MORM =   3.3643E-06
Raw grad block  8  PAR={Q13}  min= -1.5302E-11  max=  1.3161E-11  L2=  9.2888E-11
Gradient finished
Start LBFGS 
LBFGS steepest step , iter=      1
  g·p = -2.8312E-09  ||p|| =  2.9726E-03
  min(p)= -2.6691E-04  max(p)=  1.4377E-04
LBFGS p_k (unscaled) stats per active parameter:
  IA=  8  PAR={Q13}  min=-9.96787E+00  max= 5.36908E+00  L2= 1.11014E+02
min(p_k)= -2.6691E-04  max(p_k)=  1.4377E-04  ||p_k||=  2.9726E-03
min(p_kf)= -2.6691E-04  max(p_kf)=  1.4377E-04  ||p_kf||=  1.1890E-02
p_k/p_kf  =   2.5000E-01
Start linesearch
BT entry: phi(0)=  3.3326E-09  g·p(0)= -2.8312E-09
 UPDATEPARAMETER: f-scale only
UPDATEPARAMETER PAR_STEP min/max, V_STEP min/max =  1.7303993142E+02  2.3058351231E+02
  1.7303993142E+02  2.3058351231E+02
REL STEP Q      : k=  8 row=  3 rmax_k=  5.0985E-02 row_scale=  2.3088E+02
BT cap probe: rmax1=  5.0985E-02  alpha_cap=  1.0000E+00  alpha00=  1.0000E+00
 UPDATEPARAMETER: f-scale only
UPDATEPARAMETER PAR_STEP min/max, V_STEP min/max =  1.7303993142E+02  2.3058351231E+02
  1.7303993142E+02  2.3058351231E+02
 running run_ik_loop_pardiso
before CA | VmRSS=  16.334 GB  VmHWM=  81.377 GB
after CA | VmRSS=  17.043 GB  VmHWM=  81.377 GB
after factor | VmRSS=  20.809 GB  VmHWM=  81.377 GB
f=     4.750 Hz | ky=  0.707790E-03 | IK=       1/      55 | t=   17.269500 s | CA=  2.5448 | fact= 12.8174 | GF=  1.9071 | solve=  1.7531 | scatter=  0.0512
f=     4.750 Hz | ky=  0.141558E-02 | IK=       2/      55 | t=    6.959400 s | CA=  2.6174 | fact=  2.5360 | GF=  1.8060 | solve=  1.6783 | scatter=  0.0549
f=     4.750 Hz | ky=  0.212337E-02 | IK=       3/      55 | t=    6.937900 s | CA=  2.5953 | fact=  2.5291 | GF=  1.8135 | solve=  1.6874 | scatter=  0.0530
f=     4.750 Hz | ky=  0.283116E-02 | IK=       4/      55 | t=    6.944900 s | CA=  2.6213 | fact=  2.5194 | GF=  1.8042 | solve=  1.6784 | scatter=  0.0530
f=     4.750 Hz | ky=  0.353895E-02 | IK=       5/      55 | t=    6.957800 s | CA=  2.5980 | fact=  2.5509 | GF=  1.8089 | solve=  1.6837 | scatter=  0.0524
f=     4.750 Hz | ky=  0.424674E-02 | IK=       6/      55 | t=    6.930400 s | CA=  2.5993 | fact=  2.5215 | GF=  1.8095 | solve=  1.6834 | scatter=  0.0531
f=     4.750 Hz | ky=  0.495453E-02 | IK=       7/      55 | t=    6.941400 s | CA=  2.5864 | fact=  2.5530 | GF=  1.8020 | solve=  1.6777 | scatter=  0.0516
f=     4.750 Hz | ky=  0.566232E-02 | IK=       8/      55 | t=    6.919300 s | CA=  2.5735 | fact=  2.5400 | GF=  1.8057 | solve=  1.6804 | scatter=  0.0524
f=     4.750 Hz | ky=  0.637011E-02 | IK=       9/      55 | t=    6.924900 s | CA=  2.5575 | fact=  2.5514 | GF=  1.8160 | solve=  1.6899 | scatter=  0.0534
f=     4.750 Hz | ky=  0.707790E-02 | IK=      10/      55 | t=    6.979800 s | CA=  2.6345 | fact=  2.5384 | GF=  1.8068 | solve=  1.6814 | scatter=  0.0525
PARDISO mem (f=  4.75 Hz): sym=  1.95 GB  perm=  1.42 GB  num=  3.22 GB  
peak=  4.64 GB
 WD_amp= 6.40691E+13  RESID_RMS= 3.17031E-04  FCOST_DATA= 5.02543E-08  FCOST0= 5.02543E-08
BT: alpha=  1.0000E+00  phi=  5.0254E-08  rhs=  3.3323E-09
 UPDATEPARAMETER: f-scale only
UPDATEPARAMETER PAR_STEP min/max, V_STEP min/max =  1.7673312364E+02  2.3064219798E+02
  1.7673312364E+02  2.3064219798E+02
 running run_ik_loop_pardiso
before CA | VmRSS=  16.235 GB  VmHWM=  81.377 GB
after CA | VmRSS=  17.637 GB  VmHWM=  81.377 GB
after factor | VmRSS=  21.399 GB  VmHWM=  81.377 GB
f=     4.750 Hz | ky=  0.707790E-03 | IK=       1/      55 | t=   17.269500 s | CA=  2.5609 | fact= 12.8020 | GF=  1.9064 | solve=  1.7524 | scatter=  0.0515
f=     4.750 Hz | ky=  0.141558E-02 | IK=       2/      55 | t=    6.913200 s | CA=  2.5623 | fact=  2.5427 | GF=  1.8082 | solve=  1.6808 | scatter=  0.0544
f=     4.750 Hz | ky=  0.212337E-02 | IK=       3/      55 | t=    6.922500 s | CA=  2.5967 | fact=  2.5191 | GF=  1.8067 | solve=  1.6821 | scatter=  0.0516
f=     4.750 Hz | ky=  0.283116E-02 | IK=       4/      55 | t=    6.967600 s | CA=  2.6157 | fact=  2.5465 | GF=  1.8053 | solve=  1.6778 | scatter=  0.0547
f=     4.750 Hz | ky=  0.353895E-02 | IK=       5/      55 | t=    6.852500 s | CA=  2.5370 | fact=  2.5118 | GF=  1.8037 | solve=  1.6800 | scatter=  0.0511
f=     4.750 Hz | ky=  0.424674E-02 | IK=       6/      55 | t=    6.917300 s | CA=  2.5631 | fact=  2.5458 | GF=  1.8083 | solve=  1.6799 | scatter=  0.0558
f=     4.750 Hz | ky=  0.495453E-02 | IK=       7/      55 | t=    6.919200 s | CA=  2.6224 | fact=  2.4931 | GF=  1.8037 | solve=  1.6802 | scatter=  0.0507
f=     4.750 Hz | ky=  0.566232E-02 | IK=       8/      55 | t=    6.935900 s | CA=  2.6062 | fact=  2.5256 | GF=  1.8040 | solve=  1.6792 | scatter=  0.0521
f=     4.750 Hz | ky=  0.637011E-02 | IK=       9/      55 | t=    6.857300 s | CA=  2.5301 | fact=  2.5152 | GF=  1.8120 | solve=  1.6836 | scatter=  0.0551
f=     4.750 Hz | ky=  0.707790E-02 | IK=      10/      55 | t=    6.992600 s | CA=  2.6308 | fact=  2.5532 | GF=  1.8086 | solve=  1.6821 | scatter=  0.0534
PARDISO mem (f=  4.75 Hz): sym=  1.95 GB  perm=  1.42 GB  num=  3.22 GB  
peak=  4.64 GB
 WD_amp= 6.40691E+13  RESID_RMS= 1.66515E-04  FCOST_DATA= 1.38637E-08  FCOST0= 1.38637E-08
BT: alpha=  5.0000E-01  phi=  1.3864E-08  rhs=  3.3325E-09
 UPDATEPARAMETER: f-scale only
UPDATEPARAMETER PAR_STEP min/max, V_STEP min/max =  1.7743892197E+02  2.3069803302E+02
  1.7743892197E+02  2.3069803302E+02
 running run_ik_loop_pardiso
before CA | VmRSS=  16.238 GB  VmHWM=  81.377 GB
after CA | VmRSS=  17.059 GB  VmHWM=  81.377 GB
after factor | VmRSS=  20.818 GB  VmHWM=  81.377 GB
f=     4.750 Hz | ky=  0.707790E-03 | IK=       1/      55 | t=   17.213800 s | CA=  2.5064 | fact= 12.8009 | GF=  1.9062 | solve=  1.7511 | scatter=  0.0524
f=     4.750 Hz | ky=  0.141558E-02 | IK=       2/      55 | t=    6.899500 s | CA=  2.5741 | fact=  2.5163 | GF=  1.8091 | solve=  1.6814 | scatter=  0.0549
f=     4.750 Hz | ky=  0.212337E-02 | IK=       3/      55 | t=    6.914000 s | CA=  2.5724 | fact=  2.5320 | GF=  1.8096 | solve=  1.6843 | scatter=  0.0526
f=     4.750 Hz | ky=  0.283116E-02 | IK=       4/      55 | t=    6.960400 s | CA=  2.6043 | fact=  2.5488 | GF=  1.8073 | solve=  1.6808 | scatter=  0.0538
f=     4.750 Hz | ky=  0.353895E-02 | IK=       5/      55 | t=    6.848000 s | CA=  2.5605 | fact=  2.4847 | GF=  1.8028 | solve=  1.6768 | scatter=  0.0534
f=     4.750 Hz | ky=  0.424674E-02 | IK=       6/      55 | t=    6.949800 s | CA=  2.5925 | fact=  2.5519 | GF=  1.8054 | solve=  1.6798 | scatter=  0.0530
f=     4.750 Hz | ky=  0.495453E-02 | IK=       7/      55 | t=    6.926500 s | CA=  2.5750 | fact=  2.5514 | GF=  1.8001 | solve=  1.6749 | scatter=  0.0520
f=     4.750 Hz | ky=  0.566232E-02 | IK=       8/      55 | t=    6.911600 s | CA=  2.5856 | fact=  2.5176 | GF=  1.8084 | solve=  1.6835 | scatter=  0.0518
f=     4.750 Hz | ky=  0.637011E-02 | IK=       9/      55 | t=    6.912400 s | CA=  2.5572 | fact=  2.5516 | GF=  1.8036 | solve=  1.6798 | scatter=  0.0509
f=     4.750 Hz | ky=  0.707790E-02 | IK=      10/      55 | t=    6.952100 s | CA=  2.5904 | fact=  2.5497 | GF=  1.8120 | solve=  1.6857 | scatter=  0.0533
PARDISO mem (f=  4.75 Hz): sym=  1.95 GB  perm=  1.42 GB  num=  3.22 GB  
peak=  4.64 GB
 WD_amp= 6.40691E+13  RESID_RMS= 1.04669E-04  FCOST_DATA= 5.47778E-09  FCOST0= 5.47778E-09
BT: alpha=  2.5000E-01  phi=  5.4778E-09  rhs=  3.3325E-09
 UPDATEPARAMETER: f-scale only
UPDATEPARAMETER PAR_STEP min/max, V_STEP min/max =  1.7748275101E+02  2.3078743787E+02
  1.7748275101E+02  2.3078743787E+02
 running run_ik_loop_pardiso
before CA | VmRSS=  16.222 GB  VmHWM=  81.377 GB
after CA | VmRSS=  17.714 GB  VmHWM=  81.377 GB
after factor | VmRSS=  21.483 GB  VmHWM=  81.377 GB
f=     4.750 Hz | ky=  0.707790E-03 | IK=       1/      55 | t=   17.203600 s | CA=  2.5027 | fact= 12.7951 | GF=  1.9056 | solve=  1.7521 | scatter=  0.0511
f=     4.750 Hz | ky=  0.141558E-02 | IK=       2/      55 | t=    6.926700 s | CA=  2.5843 | fact=  2.5267 | GF=  1.8156 | solve=  1.6877 | scatter=  0.0549
f=     4.750 Hz | ky=  0.212337E-02 | IK=       3/      55 | t=    6.872500 s | CA=  2.5501 | fact=  2.5215 | GF=  1.8009 | solve=  1.6753 | scatter=  0.0528
f=     4.750 Hz | ky=  0.283116E-02 | IK=       4/      55 | t=    6.916800 s | CA=  2.5830 | fact=  2.5281 | GF=  1.8057 | solve=  1.6780 | scatter=  0.0551
f=     4.750 Hz | ky=  0.353895E-02 | IK=       5/      55 | t=    6.894200 s | CA=  2.5580 | fact=  2.5351 | GF=  1.8010 | solve=  1.6768 | scatter=  0.0515
f=     4.750 Hz | ky=  0.424674E-02 | IK=       6/      55 | t=    6.976100 s | CA=  2.6238 | fact=  2.5450 | GF=  1.8072 | solve=  1.6804 | scatter=  0.0542
f=     4.750 Hz | ky=  0.495453E-02 | IK=       7/      55 | t=    6.891800 s | CA=  2.5519 | fact=  2.5301 | GF=  1.8098 | solve=  1.6848 | scatter=  0.0522
f=     4.750 Hz | ky=  0.566232E-02 | IK=       8/      55 | t=    6.900700 s | CA=  2.5686 | fact=  2.5232 | GF=  1.8089 | solve=  1.6838 | scatter=  0.0525
f=     4.750 Hz | ky=  0.637011E-02 | IK=       9/      55 | t=    6.892700 s | CA=  2.5652 | fact=  2.5275 | GF=  1.8000 | solve=  1.6739 | scatter=  0.0533
f=     4.750 Hz | ky=  0.707790E-02 | IK=      10/      55 | t=    6.940300 s | CA=  2.5944 | fact=  2.5458 | GF=  1.8000 | solve=  1.6762 | scatter=  0.0511
PARDISO mem (f=  4.75 Hz): sym=  1.95 GB  perm=  1.42 GB  num=  3.22 GB  
peak=  4.64 GB
 WD_amp= 6.40691E+13  RESID_RMS= 8.53065E-05  FCOST_DATA= 3.63860E-09  FCOST0= 3.63860E-09
BT: alpha=  1.2500E-01  phi=  3.6386E-09  rhs=  3.3326E-09
 UPDATEPARAMETER: f-scale only
UPDATEPARAMETER PAR_STEP min/max, V_STEP min/max =  1.7750466553E+02  2.3083214030E+02
  1.7750466553E+02  2.3083214030E+02
 running run_ik_loop_pardiso
before CA | VmRSS=  16.226 GB  VmHWM=  81.377 GB
after CA | VmRSS=  17.130 GB  VmHWM=  81.377 GB
after factor | VmRSS=  20.885 GB  VmHWM=  81.377 GB
f=     4.750 Hz | ky=  0.707790E-03 | IK=       1/      55 | t=   17.214300 s | CA=  2.4952 | fact= 12.8040 | GF=  1.9149 | solve=  1.7581 | scatter=  0.0540
f=     4.750 Hz | ky=  0.141558E-02 | IK=       2/      55 | t=    6.915700 s | CA=  2.5698 | fact=  2.5370 | GF=  1.8088 | solve=  1.6818 | scatter=  0.0540
f=     4.750 Hz | ky=  0.212337E-02 | IK=       3/      55 | t=    6.935500 s | CA=  2.5773 | fact=  2.5541 | GF=  1.8041 | solve=  1.6766 | scatter=  0.0549
f=     4.750 Hz | ky=  0.283116E-02 | IK=       4/      55 | t=    6.965700 s | CA=  2.6271 | fact=  2.5356 | GF=  1.8030 | solve=  1.6758 | scatter=  0.0541
f=     4.750 Hz | ky=  0.353895E-02 | IK=       5/      55 | t=    6.917200 s | CA=  2.5877 | fact=  2.5268 | GF=  1.8026 | solve=  1.6771 | scatter=  0.0525
f=     4.750 Hz | ky=  0.424674E-02 | IK=       6/      55 | t=    6.901800 s | CA=  2.5598 | fact=  2.5357 | GF=  1.8062 | solve=  1.6815 | scatter=  0.0519
f=     4.750 Hz | ky=  0.495453E-02 | IK=       7/      55 | t=    6.926200 s | CA=  2.5874 | fact=  2.5282 | GF=  1.8106 | solve=  1.6852 | scatter=  0.0526
f=     4.750 Hz | ky=  0.566232E-02 | IK=       8/      55 | t=    6.957100 s | CA=  2.5984 | fact=  2.5556 | GF=  1.8031 | solve=  1.6766 | scatter=  0.0538
f=     4.750 Hz | ky=  0.637011E-02 | IK=       9/      55 | t=    6.931000 s | CA=  2.5822 | fact=  2.5480 | GF=  1.8007 | solve=  1.6766 | scatter=  0.0513
f=     4.750 Hz | ky=  0.707790E-02 | IK=      10/      55 | t=    6.907900 s | CA=  2.5669 | fact=  2.5369 | GF=  1.8040 | solve=  1.6783 | scatter=  0.0528
PARDISO mem (f=  4.75 Hz): sym=  1.95 GB  perm=  1.42 GB  num=  3.22 GB  
peak=  4.64 GB
 WD_amp= 6.40691E+13  RESID_RMS= 8.11862E-05  FCOST_DATA= 3.29560E-09  FCOST0= 3.29560E-09
  
BT: alpha=  6.2500E-02  phi=  3.2956E-09  rhs=  3.3326E-09
  
  
  
  
Convergence reached, updating parameter grid
ALPHA from line search =  .6250000000000000E-01
 FCOST0 after linesearch  3.295595499558962E-009
Norm of s (s_norm) =  .1857863571626131E-03
  
Time for LBFGS =  9.676278686523437 min
  
 Frequency:           6 Iteration:           2
t_global   =    335.212 s
  
 -------------- calculate Frechet derivatives -----------
 IFREQ =           6    ITERATION =           2
||Frechet||_F=  5.2475E-14max|Frechet|=  8.2304E-19
||Frechet||_F=  5.2475E-14max|Frechet|=  8.2304E-19
||Frechet||_F=  5.2475E-14max|Frechet|=  8.2304E-19
||Frechet||_F=  5.2475E-14max|Frechet|=  8.2304E-19
||Frechet||_F=  5.2475E-14max|Frechet|=  8.2304E-19
||Frechet||_F=  5.2475E-14max|Frechet|=  8.2304E-19
 
TIME for Frechet calc =  2.945941670735677 min
 
 
  compute the residual and the cost function
 WD_amp= 6.40691E+13  RESID_RMS= 8.11862E-05  FCOST_DATA= 3.29560E-09  FCOST0= 3.29560E-09
Grad block   8 GRAD_SCALED MORM =   2.8938E-06
Raw grad block  8  PAR={Q13}  min= -1.5953E-11  max=  9.8349E-12  L2=  8.2790E-11
Gradient finished
Start LBFGS 
curvature (warm): s·y=  2.4185E-10  ||s||^2=  3.4517E-08  ||y||^2=  4.2335E-12  sTy_min=  3.8226E-11
LBFGS history: used= 0  skipped= 1  worst_col= 5  bad_s·y=  2.4185E-10  bad_cos_sy=  6.3268E-01
LBFGS step: g·p = -1.7104E-09  ||p||=  2.4070E-03
LBFGS step: min(p)= -1.1677E-04  max(p)=  1.4202E-04
LBFGS p_k (unscaled) stats per active parameter:
  IA=  8  PAR={Q13}  min=-4.36103E+00  max= 5.30402E+00  L2= 8.98920E+01
min(p_k)= -1.1677E-04  max(p_k)=  1.4202E-04  ||p_k||=  2.4070E-03
min(p_kf)= -1.1677E-04  max(p_kf)=  1.4202E-04  ||p_kf||=  9.6280E-03
p_k/p_kf  =   2.5000E-01
Start linesearch
MT entry: phi(0)=  3.2956E-09  dg0= -1.7104E-09  alpha0=  1.0000E+00
 UPDATEPARAMETER: f-scale only
UPDATEPARAMETER PAR_STEP min/max, V_STEP min/max =  1.7736575719E+02  2.3062077798E+02
  1.7736575719E+02  2.3062077798E+02
 WD_amp= 6.40691E+13  RESID_RMS= 2.32666E-04  FCOST_DATA= 2.70667E-08  FCOST0= 2.70667E-08
  
 -------------- calculate Frechet derivatives -----------
 IFREQ =           6    ITERATION =           2
||Frechet||_F=  5.2128E-14max|Frechet|=  8.2304E-19
||Frechet||_F=  5.2128E-14max|Frechet|=  8.2304E-19
||Frechet||_F=  5.2128E-14max|Frechet|=  8.2304E-19
||Frechet||_F=  5.2128E-14max|Frechet|=  8.2304E-19
||Frechet||_F=  5.2128E-14max|Frechet|=  8.2304E-19
||Frechet||_F=  5.2128E-14max|Frechet|=  8.2304E-19
Grad block   8 GRAD_SCALED MORM =   2.9042E-05
MT try: alpha=  1.0000E+00  phi=  2.7067E-08  dg=  3.2436E-08  dg0= -1.7104E-09
MT try: armijo_rhs=  3.2954E-09  armijo=F  curvature=F  task=FG
 UPDATEPARAMETER: f-scale only
UPDATEPARAMETER PAR_STEP min/max, V_STEP min/max =  1.7756899539E+02  2.3081966082E+02
  1.7756899539E+02  2.3081966082E+02
 WD_amp= 6.40691E+13  RESID_RMS= 8.03073E-05  FCOST_DATA= 3.22463E-09  FCOST0= 3.22463E-09
  
 -------------- calculate Frechet derivatives -----------
 IFREQ =           6    ITERATION =           2
||Frechet||_F=  5.2468E-14max|Frechet|=  8.2304E-19
||Frechet||_F=  5.2468E-14max|Frechet|=  8.2304E-19
||Frechet||_F=  5.2468E-14max|Frechet|=  8.2304E-19
||Frechet||_F=  5.2468E-14max|Frechet|=  8.2304E-19
||Frechet||_F=  5.2468E-14max|Frechet|=  8.2304E-19
||Frechet||_F=  5.2468E-14max|Frechet|=  8.2304E-19
Grad block   8 GRAD_SCALED MORM =   2.7418E-06
MT try: alpha=  2.0468E-02  phi=  3.2246E-09  dg= -9.7676E-10  dg0= -1.7104E-09
MT try: armijo_rhs=  3.2956E-09  armijo=T  curvature=T  task=FG
  
  
  
  
Convergence reached, updating parameter grid
ALPHA from line search =  .2046778638485421E-01
 FCOST0 after linesearch  3.224628369186242E-009
Norm of s (s_norm) =  .4926605116893819E-04
  
  
Time for LBFGS =  16.93198038736979 min
  
 Frequency:           6 Iteration:           3
t_global   =    332.880 s
  
 -------------- calculate Frechet derivatives -----------
 IFREQ =           6    ITERATION =           3
||Frechet||_F=  5.2468E-14max|Frechet|=  8.2304E-19
||Frechet||_F=  5.2468E-14max|Frechet|=  8.2304E-19
||Frechet||_F=  5.2468E-14max|Frechet|=  8.2304E-19
||Frechet||_F=  5.2468E-14max|Frechet|=  8.2304E-19
||Frechet||_F=  5.2468E-14max|Frechet|=  8.2304E-19
 
TIME for Frechet calc =  3.090489959716797 min
 
 
  compute the residual and the cost function
 WD_amp= 6.40691E+13  RESID_RMS= 8.03073E-05  FCOST_DATA= 3.22463E-09  FCOST0= 3.22463E-09
||Frechet||_F=  5.2468E-14max|Frechet|=  8.2304E-19
Grad block   8 GRAD_SCALED MORM =   2.7418E-06
Gradient finished
Start LBFGS 
curvature (warm): s·y=  1.5015E-11  ||s||^2=  2.4271E-09  ||y||^2=  2.5253E-13  sTy_min=  2.4757E-12
LBFGS history: used= 0  skipped= 2  worst_col= 4  bad_s·y=  1.5015E-11  bad_cos_sy=  6.0650E-01
LBFGS step: g·p = -6.6296E-10  ||p||=  1.8882E-03
LBFGS step: min(p)= -1.2316E-04  max(p)=  1.1621E-04
LBFGS p_k (unscaled) stats per active parameter:
  IA=  8  PAR={Q13}  min=-4.59966E+00  max= 4.34009E+00  L2= 7.05153E+01
min(p_k)= -1.2316E-04  max(p_k)=  1.1621E-04  ||p_k||=  1.8882E-03
min(p_kf)= -1.2316E-04  max(p_kf)=  1.1621E-04  ||p_kf||=  7.5526E-03
p_k/p_kf  =   2.5000E-01
Start linesearch
MT entry: phi(0)=  3.2246E-09  dg0= -6.6296E-10  alpha0=  1.0000E+00
 UPDATEPARAMETER: f-scale only
UPDATEPARAMETER PAR_STEP min/max, V_STEP min/max =  1.7760681532E+02  2.3062494570E+02
  1.7760681532E+02  2.3062494570E+02
 WD_amp= 6.40691E+13  RESID_RMS= 1.21912E-04  FCOST_DATA= 7.43125E-09  FCOST0= 7.43125E-09
  
 -------------- calculate Frechet derivatives -----------
 IFREQ =           6    ITERATION =           3
||Frechet||_F=  5.2302E-14max|Frechet|=  8.2304E-19
||Frechet||_F=  5.2302E-14max|Frechet|=  8.2304E-19
||Frechet||_F=  5.2302E-14max|Frechet|=  8.2304E-19
||Frechet||_F=  5.2302E-14max|Frechet|=  8.2304E-19
||Frechet||_F=  5.2302E-14max|Frechet|=  8.2304E-19
||Frechet||_F=  5.2302E-14max|Frechet|=  8.2304E-19
Grad block   8 GRAD_SCALED MORM =   1.2895E-05
MT try: alpha=  1.0000E+00  phi=  7.4313E-09  dg=  5.9177E-09  dg0= -6.6296E-10
MT try: armijo_rhs=  3.2246E-09  armijo=F  curvature=F  task=FG
 UPDATEPARAMETER: f-scale only
UPDATEPARAMETER PAR_STEP min/max, V_STEP min/max =  1.7764873658E+02  2.3079189341E+02
  1.7764873658E+02  2.3079189341E+02
 WD_amp= 6.40691E+13  RESID_RMS= 7.95683E-05  FCOST_DATA= 3.16556E-09  FCOST0= 3.16556E-09
  
 -------------- calculate Frechet derivatives -----------
 IFREQ =           6    ITERATION =           3
||Frechet||_F=  5.2461E-14max|Frechet|=  8.2304E-19
||Frechet||_F=  5.2461E-14max|Frechet|=  8.2304E-19
||Frechet||_F=  5.2461E-14max|Frechet|=  8.2304E-19
||Frechet||_F=  5.2461E-14max|Frechet|=  8.2304E-19
||Frechet||_F=  5.2461E-14max|Frechet|=  8.2304E-19
||Frechet||_F=  5.2461E-14max|Frechet|=  8.2304E-19
Grad block   8 GRAD_SCALED MORM =   2.7064E-06
MT try: alpha=  4.2349E-02  phi=  3.1656E-09  dg= -3.7751E-10  dg0= -6.6296E-10
MT try: armijo_rhs=  3.2246E-09  armijo=T  curvature=T  task=FG
  
  
  
  
Convergence reached, updating parameter grid
ALPHA from line search =  .4234876231745887E-01
 FCOST0 after linesearch  3.165555102978364E-009
Norm of s (s_norm) =  .7996130368140237E-04
  
  
Convergence check at iteration    3
  Relative cost decrease  =  1.8319E-02
  Relative model update   =  0.0000E+00
  Relative grad. norm     =  2.9312E-01
Time for LBFGS =  17.00389709472656 min
  
 Frequency:           6 Iteration:           4
t_global   =    330.841 s
  
 -------------- calculate Frechet derivatives -----------
 IFREQ =           6    ITERATION =           4
||Frechet||_F=  5.2461E-14max|Frechet|=  8.2304E-19
||Frechet||_F=  5.2461E-14max|Frechet|=  8.2304E-19
||Frechet||_F=  5.2461E-14max|Frechet|=  8.2304E-19
||Frechet||_F=  5.2461E-14max|Frechet|=  8.2304E-19
||Frechet||_F=  5.2461E-14max|Frechet|=  8.2304E-19
 
TIME for Frechet calc =  3.074333445231120 min
 
 
  compute the residual and the cost function
 WD_amp= 6.40691E+13  RESID_RMS= 7.95683E-05  FCOST_DATA= 3.16556E-09  FCOST0= 3.16556E-09
||Frechet||_F=  5.2461E-14max|Frechet|=  8.2304E-19
Grad block   8 GRAD_SCALED MORM =   2.7064E-06
Gradient finished
Start LBFGS 
curvature (warm): s·y=  1.2089E-11  ||s||^2=  6.3938E-09  ||y||^2=  1.9479E-13  sTy_min=  3.5291E-12
LBFGS history: used= 0  skipped= 3  worst_col= 3  bad_s·y=  1.2089E-11  bad_cos_sy=  3.4254E-01
LBFGS step: g·p = -4.0878E-10  ||p||=  1.7416E-03
LBFGS step: min(p)= -1.4959E-04  max(p)=  1.1095E-04
LBFGS p_k (unscaled) stats per active parameter:
  IA=  8  PAR={Q13}  min=-5.58650E+00  max= 4.14341E+00  L2= 6.50414E+01
min(p_k)= -1.4959E-04  max(p_k)=  1.1095E-04  ||p_k||=  1.7416E-03
min(p_kf)= -1.4959E-04  max(p_kf)=  1.1095E-04  ||p_kf||=  6.9664E-03
p_k/p_kf  =   2.5000E-01
Start linesearch
MT entry: phi(0)=  3.1656E-09  dg0= -4.0878E-10  alpha0=  1.0000E+00
 UPDATEPARAMETER: f-scale only
UPDATEPARAMETER PAR_STEP min/max, V_STEP min/max =  1.7762587907E+02  2.3064053428E+02
  1.7762587907E+02  2.3064053428E+02
 WD_amp= 6.40691E+13  RESID_RMS= 8.67877E-05  FCOST_DATA= 3.76606E-09  FCOST0= 3.76606E-09
  
 -------------- calculate Frechet derivatives -----------
 IFREQ =           6    ITERATION =           4
||Frechet||_F=  5.2455E-14max|Frechet|=  8.2303E-19
||Frechet||_F=  5.2455E-14max|Frechet|=  8.2303E-19
||Frechet||_F=  5.2455E-14max|Frechet|=  8.2303E-19
||Frechet||_F=  5.2455E-14max|Frechet|=  8.2303E-19
||Frechet||_F=  5.2455E-14max|Frechet|=  8.2303E-19
||Frechet||_F=  5.2455E-14max|Frechet|=  8.2303E-19
Grad block   8 GRAD_SCALED MORM =   3.7669E-06
MT try: alpha=  1.0000E+00  phi=  3.7661E-09  dg=  2.8522E-10  dg0= -4.0878E-10
MT try: armijo_rhs=  3.1655E-09  armijo=F  curvature=T  task=FG
 UPDATEPARAMETER: f-scale only
UPDATEPARAMETER PAR_STEP min/max, V_STEP min/max =  1.7771512832E+02  2.3072528661E+02
  1.7771512832E+02  2.3072528661E+02
 WD_amp= 6.40691E+13  RESID_RMS= 7.90702E-05  FCOST_DATA= 3.12605E-09  FCOST0= 3.12605E-09
  
 -------------- calculate Frechet derivatives -----------
 IFREQ =           6    ITERATION =           4
||Frechet||_F=  5.2460E-14max|Frechet|=  8.2304E-19
||Frechet||_F=  5.2460E-14max|Frechet|=  8.2304E-19
||Frechet||_F=  5.2460E-14max|Frechet|=  8.2304E-19
||Frechet||_F=  5.2460E-14max|Frechet|=  8.2304E-19
||Frechet||_F=  5.2460E-14max|Frechet|=  8.2304E-19
||Frechet||_F=  5.2460E-14max|Frechet|=  8.2304E-19
Grad block   8 GRAD_SCALED MORM =   2.6384E-06
MT try: alpha=  9.5311E-02  phi=  3.1260E-09  dg= -3.4360E-10  dg0= -4.0878E-10
MT try: armijo_rhs=  3.1656E-09  armijo=T  curvature=T  task=FG
  
  
  
Convergence reached, updating parameter grid
ALPHA from line search =  .9531051475678978E-01
 FCOST0 after linesearch  3.126046577757070E-009
Norm of s (s_norm) =  .1659916562925301E-03
  
  
  
Convergence check at iteration    4
  Relative cost decrease  =  1.2481E-02
  Relative model update   =  0.0000E+00
  Relative grad. norm     =  2.7012E-01
Time for LBFGS =  16.83469950358073 min
  
 Frequency:           6 Iteration:           5
t_global   =    331.473 s
  
 -------------- calculate Frechet derivatives -----------
 IFREQ =           6    ITERATION =           5
||Frechet||_F=  5.2460E-14max|Frechet|=  8.2304E-19
||Frechet||_F=  5.2460E-14max|Frechet|=  8.2304E-19
||Frechet||_F=  5.2460E-14max|Frechet|=  8.2304E-19
 
TIME for Frechet calc =  2.918644968668620 min
 
 
  compute the residual and the cost function
 WD_amp= 6.40691E+13  RESID_RMS= 7.90702E-05  FCOST_DATA= 3.12605E-09  FCOST0= 3.12605E-09
||Frechet||_F=  5.2460E-14max|Frechet|=  8.2304E-19
||Frechet||_F=  5.2460E-14max|Frechet|=  8.2304E-19
||Frechet||_F=  5.2460E-14max|Frechet|=  8.2304E-19
Grad block   8 GRAD_SCALED MORM =   2.6384E-06
Gradient finished
Start LBFGS 
curvature (warm): s·y=  6.2130E-12  ||s||^2=  2.7553E-08  ||y||^2=  4.5506E-14  sTy_min=  3.5410E-12
LBFGS history: used= 0  skipped= 4  worst_col= 2  bad_s·y=  6.2130E-12  bad_cos_sy=  1.7546E-01
LBFGS step: g·p = -3.5603E-10  ||p||=  1.6273E-03
LBFGS step: min(p)= -1.1832E-04  max(p)=  9.9676E-05
LBFGS p_k (unscaled) stats per active parameter:
  IA=  8  PAR={Q13}  min=-4.41890E+00  max= 3.72251E+00  L2= 6.07713E+01
min(p_k)= -1.1832E-04  max(p_k)=  9.9676E-05  ||p_k||=  1.6273E-03
min(p_kf)= -1.1832E-04  max(p_kf)=  9.9676E-05  ||p_kf||=  6.5090E-03
p_k/p_kf  =   2.5000E-01
Start linesearch
MT entry: phi(0)=  3.1260E-09  dg0= -3.5603E-10  alpha0=  1.0000E+00
 UPDATEPARAMETER: f-scale only
UPDATEPARAMETER PAR_STEP min/max, V_STEP min/max =  1.7754604039E+02  2.3068917616E+02
  1.7754604039E+02  2.3068917616E+02
 WD_amp= 6.40691E+13  RESID_RMS= 8.61494E-05  FCOST_DATA= 3.71086E-09  FCOST0= 3.71086E-09
  
 -------------- calculate Frechet derivatives -----------
 IFREQ =           6    ITERATION =           5
||Frechet||_F=  5.2388E-14max|Frechet|=  8.2304E-19
||Frechet||_F=  5.2388E-14max|Frechet|=  8.2304E-19
||Frechet||_F=  5.2388E-14max|Frechet|=  8.2304E-19
||Frechet||_F=  5.2388E-14max|Frechet|=  8.2304E-19
||Frechet||_F=  5.2388E-14max|Frechet|=  8.2304E-19
||Frechet||_F=  5.2388E-14max|Frechet|=  8.2304E-19
Grad block   8 GRAD_SCALED MORM =   5.0233E-06
MT try: alpha=  1.0000E+00  phi=  3.7109E-09  dg=  5.5723E-10  dg0= -3.5603E-10
MT try: armijo_rhs=  3.1260E-09  armijo=F  curvature=F  task=FG
 UPDATEPARAMETER: f-scale only
UPDATEPARAMETER PAR_STEP min/max, V_STEP min/max =  1.7776856270E+02  2.3065524056E+02
  1.7776856270E+02  2.3065524056E+02
 WD_amp= 6.40691E+13  RESID_RMS= 7.85332E-05  FCOST_DATA= 3.08373E-09  FCOST0= 3.08373E-09
  
 -------------- calculate Frechet derivatives -----------
 IFREQ =           6    ITERATION =           5
||Frechet||_F=  5.2452E-14max|Frechet|=  8.2304E-19
||Frechet||_F=  5.2452E-14max|Frechet|=  8.2304E-19
||Frechet||_F=  5.2452E-14max|Frechet|=  8.2304E-19
||Frechet||_F=  5.2452E-14max|Frechet|=  8.2304E-19
||Frechet||_F=  5.2452E-14max|Frechet|=  8.2304E-19
||Frechet||_F=  5.2452E-14max|Frechet|=  8.2304E-19
Grad block   8 GRAD_SCALED MORM =   2.6445E-06
MT try: alpha=  1.0100E-01  phi=  3.0837E-09  dg= -2.6236E-10  dg0= -3.5603E-10
MT try: armijo_rhs=  3.1260E-09  armijo=T  curvature=T  task=FG
  
  
Convergence reached, updating parameter grid
ALPHA from line search =  .1009993049250674
 FCOST0 after linesearch  3.083733887953017E-009
Norm of s (s_norm) =  .1643511255951496E-03
  
  
  
  
Convergence check at iteration    5
  Relative cost decrease  =  1.3536E-02
  Relative model update   =  0.0000E+00
  Relative grad. norm     =  2.8102E-01
Time for LBFGS =  16.78615315755208 min
  
 Frequency:           6 Iteration:           6
t_global   =    334.211 s
  
 -------------- calculate Frechet derivatives -----------
 IFREQ =           6    ITERATION =           6
||Frechet||_F=  5.2452E-14max|Frechet|=  8.2304E-19
||Frechet||_F=  5.2452E-14max|Frechet|=  8.2304E-19
||Frechet||_F=  5.2452E-14max|Frechet|=  8.2304E-19
||Frechet||_F=  5.2452E-14max|Frechet|=  8.2304E-19
||Frechet||_F=  5.2452E-14max|Frechet|=  8.2304E-19
||Frechet||_F=  5.2452E-14max|Frechet|=  8.2304E-19
 
TIME for Frechet calc =  2.965813446044922 min
 
 
  compute the residual and the cost function
 WD_amp= 6.40691E+13  RESID_RMS= 7.85332E-05  FCOST_DATA= 3.08373E-09  FCOST0= 3.08373E-09
Grad block   8 GRAD_SCALED MORM =   2.6445E-06
Gradient finished
Start LBFGS 
curvature (warm): s·y=  9.4605E-12  ||s||^2=  2.7011E-08  ||y||^2=  1.2740E-13  sTy_min=  5.8662E-12
LBFGS history: used= 0  skipped= 5  worst_col= 2  bad_s·y=  6.2130E-12  bad_cos_sy=  1.7546E-01
LBFGS step: g·p = -3.8359E-10  ||p||=  1.6259E-03
LBFGS step: min(p)= -1.3808E-04  max(p)=  9.5289E-05
LBFGS p_k (unscaled) stats per active parameter:
  IA=  8  PAR={Q13}  min=-5.15692E+00  max= 3.55865E+00  L2= 6.07200E+01
min(p_k)= -1.3808E-04  max(p_k)=  9.5289E-05  ||p_k||=  1.6259E-03
min(p_kf)= -1.3808E-04  max(p_kf)=  9.5289E-05  ||p_kf||=  6.5035E-03
p_k/p_kf  =   2.5000E-01
Start linesearch
MT entry: phi(0)=  3.0837E-09  dg0= -3.8359E-10  alpha0=  1.0000E+00
 UPDATEPARAMETER: f-scale only
UPDATEPARAMETER PAR_STEP min/max, V_STEP min/max =  1.7726705671E+02  2.3073490600E+02
  1.7726705671E+02  2.3073490600E+02
 WD_amp= 6.40691E+13  RESID_RMS= 1.05377E-04  FCOST_DATA= 5.55220E-09  FCOST0= 5.55220E-09
  
 -------------- calculate Frechet derivatives -----------
 IFREQ =           6    ITERATION =           6
||Frechet||_F=  5.2526E-14max|Frechet|=  8.2304E-19
||Frechet||_F=  5.2526E-14max|Frechet|=  8.2304E-19
||Frechet||_F=  5.2526E-14max|Frechet|=  8.2304E-19
||Frechet||_F=  5.2526E-14max|Frechet|=  8.2304E-19
||Frechet||_F=  5.2526E-14max|Frechet|=  8.2304E-19
||Frechet||_F=  5.2526E-14max|Frechet|=  8.2304E-19
Grad block   8 GRAD_SCALED MORM =   8.2239E-06
MT try: alpha=  1.0000E+00  phi=  5.5522E-09  dg=  2.3700E-09  dg0= -3.8359E-10
MT try: armijo_rhs=  3.0837E-09  armijo=F  curvature=F  task=FG
 UPDATEPARAMETER: f-scale only
UPDATEPARAMETER PAR_STEP min/max, V_STEP min/max =  1.7775807272E+02  2.3063054394E+02
  1.7775807272E+02  2.3063054394E+02
 WD_amp= 6.40691E+13  RESID_RMS= 7.85728E-05  FCOST_DATA= 3.08685E-09  FCOST0= 3.08685E-09
  
 -------------- calculate Frechet derivatives -----------
 IFREQ =           6    ITERATION =           6
||Frechet||_F=  5.2455E-14max|Frechet|=  8.2304E-19
||Frechet||_F=  5.2455E-14max|Frechet|=  8.2304E-19
||Frechet||_F=  5.2455E-14max|Frechet|=  8.2304E-19
||Frechet||_F=  5.2455E-14max|Frechet|=  8.2304E-19
||Frechet||_F=  5.2455E-14max|Frechet|=  8.2304E-19
||Frechet||_F=  5.2455E-14max|Frechet|=  8.2304E-19
Grad block   8 GRAD_SCALED MORM =   2.6008E-06
MT try: alpha=  3.3931E-02  phi=  3.0868E-09  dg= -2.9190E-10  dg0= -3.8359E-10
MT try: armijo_rhs=  3.0837E-09  armijo=F  curvature=T  task=FG
 UPDATEPARAMETER: f-scale only
UPDATEPARAMETER PAR_STEP min/max, V_STEP min/max =  1.7776675349E+02  2.3065098114E+02
  1.7776675349E+02  2.3065098114E+02
 WD_amp= 6.40691E+13  RESID_RMS= 7.85352E-05  FCOST_DATA= 3.08389E-09  FCOST0= 3.08389E-09
LS STOP (stagnation): alpha=  5.8521E-03  FCOST1=  3.0839E-09  FCOST0=  3.0837E-09
 Line search failed (IFLAG=          11 ), inversion diverged.
 --------- Frequency   5.20000000000000       (band            1 )
[ComputeAcqWeight] empty acq_weight_file, using uniform weights = 1.0
Data weighting computed for frequency 4607182418800017373
XSRmin, XSRmax, ZSRmin, ZSRMax -1960.000000000000 .000000000000000 2050.000000000000 4030.000000000000
1 FKYC
1.2 FKYC
my_rank, FKYC,WLMAX, RMAX 0 .4261638730087023E-01 985.1497682389943 2786.036611389018
1.1 NK
NK in cky2= 55

  Number of wavenumber samples (NK) for FREQ =   55
Data weighting computed for frequency 4607182418800017373
  RMAX = 2786.04
Data weighting computed for frequency 4607182418800017373
Data weighting computed for frequency 4607182418800017373
Data weighting computed for frequency 4607182418800017373
Data weighting computed for frequency 4607182418800017373
--- Pre-solver preview (memory + RHS workload) ---
   GQG dims: NNX=       585  NNZ=       317  NPT=    185445
   DOF:     N=3*NPT =    556335
   Sources: NSR=       100  NSS=        20  NK=        55
   RHS total (per IK): nrhs_tot=3*NSS =        60
   Batch:    MAX_RHS_BATCH=        32  nbatches=         2
   GFMY  (GFX+GFY+GFZ):         13.679 GB
   RHS_MY(rhs+sol buffers):      0.531 GB
 
 running run_ik_loop_pardiso
before CA | VmRSS=  15.423 GB  VmHWM=  81.382 GB
after CA | VmRSS=  16.100 GB  VmHWM=  81.382 GB
after factor | VmRSS=  19.866 GB  VmHWM=  81.382 GB
f=     5.200 Hz | ky=  0.774843E-03 | IK=       1/      55 | t=   17.209900 s | CA=  2.5076 | fact= 12.7992 | GF=  1.9029 | solve=  1.7473 | scatter=  0.0527
f=     5.200 Hz | ky=  0.154969E-02 | IK=       2/      55 | t=    6.824400 s | CA=  2.5158 | fact=  2.5100 | GF=  1.7986 | solve=  1.6745 | scatter=  0.0519
f=     5.200 Hz | ky=  0.232453E-02 | IK=       3/      55 | t=    6.863300 s | CA=  2.6135 | fact=  2.4546 | GF=  1.7951 | solve=  1.6720 | scatter=  0.0506
f=     5.200 Hz | ky=  0.309937E-02 | IK=       4/      55 | t=    6.866300 s | CA=  2.5550 | fact=  2.5110 | GF=  1.8002 | solve=  1.6763 | scatter=  0.0512
f=     5.200 Hz | ky=  0.387422E-02 | IK=       5/      55 | t=    6.851700 s | CA=  2.5324 | fact=  2.5236 | GF=  1.7957 | solve=  1.6720 | scatter=  0.0510
f=     5.200 Hz | ky=  0.464906E-02 | IK=       6/      55 | t=    6.863200 s | CA=  2.5296 | fact=  2.5342 | GF=  1.7994 | solve=  1.6748 | scatter=  0.0520
f=     5.200 Hz | ky=  0.542390E-02 | IK=       7/      55 | t=    6.922300 s | CA=  2.6043 | fact=  2.5116 | GF=  1.8064 | solve=  1.6793 | scatter=  0.0544
f=     5.200 Hz | ky=  0.619875E-02 | IK=       8/      55 | t=    6.854000 s | CA=  2.5284 | fact=  2.5192 | GF=  1.8064 | solve=  1.6837 | scatter=  0.0500
f=     5.200 Hz | ky=  0.697359E-02 | IK=       9/      55 | t=    6.893500 s | CA=  2.5715 | fact=  2.5180 | GF=  1.8039 | solve=  1.6783 | scatter=  0.0527
f=     5.200 Hz | ky=  0.774843E-02 | IK=      10/      55 | t=    6.884800 s | CA=  2.5602 | fact=  2.5217 | GF=  1.8029 | solve=  1.6797 | scatter=  0.0504
PARDISO mem (f=  5.20 Hz): sym=  1.95 GB  perm=  1.42 GB  num=  3.22 GB  
peak=  4.64 GB
t_global   =    116.309 s
TIME for 1st forward modeling =  1.938271713256836  min
TIME for GT0 =  .5426666637261709E-02  min
Data scaler W for L2 norm: 66886451458744.52
Data scaler W for WQS norm: .1007948000807317E-312
Total number of active inversion parameters for current sequential stage (IM):          1
Total model blocks points (NM = IM * NBLOCK):      11534 on grid (NMM = IM * NPT):    185445
 Gradient balance ():   1.00000000000000        1.00000000000000     
   1.00000000000000        1.00000000000000        1.00000000000000     
   1.00000000000000        1.00000000000000        1.00000000000000     
   1.00000000000000        1.00000000000000        1.00000000000000     
 IE0, IZ          30           0
 IE0, IZ, GZ1, GZ2 =           30           0   100.000000000000     
   300.000000000000     
  
 Frequency:           7 Iteration:           1
--- Pre-solver preview (memory + RHS workload) ---
   GQG dims: NNX=       585  NNZ=       317  NPT=    185445
   DOF:     N=3*NPT =    556335
   Sources: NSR=       100  NSS=       100  NK=        55
   RHS total (per IK): nrhs_tot=3*NSS =       300
   Batch:    MAX_RHS_BATCH=        32  nbatches=        10
   GFMY  (GFX+GFY+GFZ):         68.393 GB
   RHS_MY(rhs+sol buffers):      0.531 GB
 
 running run_ik_loop_pardiso
before CA | VmRSS=  70.919 GB  VmHWM=  81.382 GB
after CA | VmRSS=  71.656 GB  VmHWM=  81.382 GB
after factor | VmRSS=  75.420 GB  VmHWM=  81.382 GB
f=     5.200 Hz | ky=  0.774843E-03 | IK=       1/      55 | t=   24.178500 s | CA=  2.4941 | fact= 12.7862 | GF=  8.8980 | solve=  8.2367 | scatter=  0.2546
f=     5.200 Hz | ky=  0.154969E-02 | IK=       2/      55 | t=   13.857200 s | CA=  2.5516 | fact=  2.5061 | GF=  8.7994 | solve=  8.1678 | scatter=  0.2534
f=     5.200 Hz | ky=  0.232453E-02 | IK=       3/      55 | t=   13.928400 s | CA=  2.5630 | fact=  2.5371 | GF=  8.8283 | solve=  8.1950 | scatter=  0.2554
f=     5.200 Hz | ky=  0.309937E-02 | IK=       4/      55 | t=   13.922700 s | CA=  2.5525 | fact=  2.5314 | GF=  8.8387 | solve=  8.2047 | scatter=  0.2556
f=     5.200 Hz | ky=  0.387422E-02 | IK=       5/      55 | t=   13.901000 s | CA=  2.5560 | fact=  2.5332 | GF=  8.8118 | solve=  8.1798 | scatter=  0.2533
f=     5.200 Hz | ky=  0.464906E-02 | IK=       6/      55 | t=   13.915500 s | CA=  2.5503 | fact=  2.5364 | GF=  8.8288 | solve=  8.1960 | scatter=  0.2534
f=     5.200 Hz | ky=  0.542390E-02 | IK=       7/      55 | t=   13.991000 s | CA=  2.6220 | fact=  2.5240 | GF=  8.8449 | solve=  8.2103 | scatter=  0.2550
f=     5.200 Hz | ky=  0.619875E-02 | IK=       8/      55 | t=   13.827300 s | CA=  2.5863 | fact=  2.5499 | GF=  8.6911 | solve=  8.0587 | scatter=  0.2529
f=     5.200 Hz | ky=  0.697359E-02 | IK=       9/      55 | t=   13.690300 s | CA=  2.5725 | fact=  2.5558 | GF=  8.5620 | solve=  7.9281 | scatter=  0.2544
f=     5.200 Hz | ky=  0.774843E-02 | IK=      10/      55 | t=   13.691900 s | CA=  2.5864 | fact=  2.5392 | GF=  8.5662 | solve=  7.9313 | scatter=  0.2552
PARDISO mem (f=  5.20 Hz): sym=  1.95 GB  perm=  1.42 GB  num=  3.22 GB  
peak=  4.64 GB
t_global   =    333.109 s
TIME for 2d forward modeling_i calc =  5.549788411458334 min
Rank    4 -> ID range:   3201 to   4000 | Tasks:    800
Rank    5 -> ID range:   4001 to   4800 | Tasks:    800
Rank    2 -> ID range:   1601 to   2400 | Tasks:    800
Rank    3 -> ID range:   2401 to   3200 | Tasks:    800
Rank    1 -> ID range:    801 to   1600 | Tasks:    800
  
 -------------- calculate Frechet derivatives -----------
 IFREQ =           7    ITERATION =           1
Frechet memory size Frec_my:      0.825 (Gb)
Rank    0 -> ID range:      1 to    800 | Tasks:    800
FREQ:      5.2 Hz, ITER=       1  Frechet Derivative ID=     100/    4800 Finished   0.216900 s
FREQ:      5.2 Hz, ITER=       1  Frechet Derivative ID=     200/    4800 Finished   0.208700 s
FREQ:      5.2 Hz, ITER=       1  Frechet Derivative ID=     300/    4800 Finished   0.206200 s
FREQ:      5.2 Hz, ITER=       1  Frechet Derivative ID=     400/    4800 Finished   0.197000 s
FREQ:      5.2 Hz, ITER=       1  Frechet Derivative ID=     500/    4800 Finished   0.208500 s
FREQ:      5.2 Hz, ITER=       1  Frechet Derivative ID=     600/    4800 Finished   0.208600 s
FREQ:      5.2 Hz, ITER=       1  Frechet Derivative ID=     700/    4800 Finished   0.206700 s
FREQ:      5.2 Hz, ITER=       1  Frechet Derivative ID=     800/    4800 Finished   0.206100 s
||Frechet||_F=  5.4909E-14max|Frechet|=  8.9662E-19
||Frechet||_F=  5.4909E-14max|Frechet|=  8.9662E-19
||Frechet||_F=  5.4909E-14max|Frechet|=  8.9662E-19
||Frechet||_F=  5.4909E-14max|Frechet|=  8.9662E-19
||Frechet||_F=  5.4909E-14max|Frechet|=  8.9662E-19
 
TIME for Frechet calc =  2.900331624348958 min
 
m_fine: min=  1.7777E+02  max=  2.3066E+02  mean=  2.1162E+02  ||.||2=  9.1530E+04  size=  185445
m_coarse_prev: min=  1.7812E+02  max=  2.3001E+02  mean=  2.1165E+02  ||.||2=  2.2829E+04  size=   11534
 
  compute the residual and the cost function
 WD_amp= 6.68865E+13  RESID_RMS= 9.39053E-05  FCOST_DATA= 4.40911E-09  FCOST0= 4.40911E-09
||Frechet||_F=  5.4909E-14max|Frechet|=  8.9662E-19
IA=  8  H(single F0) min= 0.00000E+00  max= 1.57464E-02
IA=  8  H(F0^2)     min= 0.00000E+00  max= 1.57464E-02
HESSD: ia=   8  min= 0.00000E+00  max= 1.26991E+04
IA=  8  H(single F0) min= 0.00000E+00  max= 1.57464E-02
IA=  8  H(F0^2)     min= 0.00000E+00  max= 1.57464E-02
HESSD: ia=   8  min= 0.00000E+00  max= 1.26991E+04
IA=  8  H(single F0) min= 0.00000E+00  max= 1.57464E-02
IA=  8  H(F0^2)     min= 0.00000E+00  max= 1.57464E-02
HESSD: ia=   8  min= 0.00000E+00  max= 1.26991E+04
IA=  8  H(single F0) min= 0.00000E+00  max= 1.57464E-02
IA=  8  H(F0^2)     min= 0.00000E+00  max= 1.57464E-02
IA=  8  H(single F0) min= 0.00000E+00  max= 1.57464E-02
IA=  8  H(F0^2)     min= 0.00000E+00  max= 1.57464E-02
HESSD: ia=   8  min= 0.00000E+00  max= 1.26991E+04
HESSD: ia=   8  min= 0.00000E+00  max= 1.26991E+04
IA=  8  H(single F0) min= 0.00000E+00  max= 1.57464E-02
IA=  8  H(F0^2)     min= 0.00000E+00  max= 1.57464E-02
HESSD: ia=   8  min= 0.00000E+00  max= 1.26991E+04
Grad block   8 GRAD_SCALED MORM =   3.4409E-06
Raw grad block  8  PAR={Q13}  min= -1.1320E-11  max=  1.7607E-11  L2=  9.6345E-11
Gradient finished
Start LBFGS 
LBFGS steepest step , iter=      1
  g·p = -1.2752E-09  ||p|| =  2.1173E-03
  min(p)= -1.8499E-04  max(p)=  1.6685E-04
LBFGS p_k (unscaled) stats per active parameter:
  IA=  8  PAR={Q13}  min=-6.90877E+00  max= 6.23124E+00  L2= 7.90723E+01
min(p_k)= -1.8499E-04  max(p_k)=  1.6685E-04  ||p_k||=  2.1173E-03
min(p_kf)= -1.8499E-04  max(p_kf)=  1.6685E-04  ||p_kf||=  8.4692E-03
p_k/p_kf  =   2.5000E-01
Start linesearch
BT entry: phi(0)=  4.4091E-09  g·p(0)= -1.2752E-09
 UPDATEPARAMETER: f-scale only
UPDATEPARAMETER PAR_STEP min/max, V_STEP min/max =  1.7632520434E+02  2.3076047504E+02
  1.7632520434E+02  2.3076047504E+02
REL STEP Q      : k=  8 row=  3 rmax_k=  3.3159E-02 row_scale=  2.3066E+02
BT cap probe: rmax1=  3.3159E-02  alpha_cap=  1.0000E+00  alpha00=  1.0000E+00
 UPDATEPARAMETER: f-scale only
UPDATEPARAMETER PAR_STEP min/max, V_STEP min/max =  1.7632520434E+02  2.3076047504E+02
  1.7632520434E+02  2.3076047504E+02
 running run_ik_loop_pardiso
before CA | VmRSS=  16.210 GB  VmHWM=  81.382 GB
after CA | VmRSS=  17.643 GB  VmHWM=  81.382 GB
after factor | VmRSS=  21.407 GB  VmHWM=  81.382 GB
f=     5.200 Hz | ky=  0.774843E-03 | IK=       1/      55 | t=   17.233100 s | CA=  2.5083 | fact= 12.8106 | GF=  1.9140 | solve=  1.7579 | scatter=  0.0533
f=     5.200 Hz | ky=  0.154969E-02 | IK=       2/      55 | t=    6.956900 s | CA=  2.6092 | fact=  2.5418 | GF=  1.8059 | solve=  1.6804 | scatter=  0.0528
f=     5.200 Hz | ky=  0.232453E-02 | IK=       3/      55 | t=    6.933100 s | CA=  2.5887 | fact=  2.5375 | GF=  1.8068 | solve=  1.6819 | scatter=  0.0519
f=     5.200 Hz | ky=  0.309937E-02 | IK=       4/      55 | t=    6.875700 s | CA=  2.5462 | fact=  2.5142 | GF=  1.8152 | solve=  1.6889 | scatter=  0.0522
f=     5.200 Hz | ky=  0.387422E-02 | IK=       5/      55 | t=    6.898500 s | CA=  2.5527 | fact=  2.5370 | GF=  1.8087 | solve=  1.6836 | scatter=  0.0524
f=     5.200 Hz | ky=  0.464906E-02 | IK=       6/      55 | t=    6.850900 s | CA=  2.5147 | fact=  2.5213 | GF=  1.8148 | solve=  1.6876 | scatter=  0.0543
f=     5.200 Hz | ky=  0.542390E-02 | IK=       7/      55 | t=    6.910900 s | CA=  2.5528 | fact=  2.5514 | GF=  1.8067 | solve=  1.6813 | scatter=  0.0525
f=     5.200 Hz | ky=  0.619875E-02 | IK=       8/      55 | t=    6.923400 s | CA=  2.5789 | fact=  2.5288 | GF=  1.8157 | solve=  1.6904 | scatter=  0.0524
f=     5.200 Hz | ky=  0.697359E-02 | IK=       9/      55 | t=    6.935500 s | CA=  2.5813 | fact=  2.5402 | GF=  1.8140 | solve=  1.6885 | scatter=  0.0525
f=     5.200 Hz | ky=  0.774843E-02 | IK=      10/      55 | t=    6.932900 s | CA=  2.5760 | fact=  2.5505 | GF=  1.8064 | solve=  1.6806 | scatter=  0.0529
PARDISO mem (f=  5.20 Hz): sym=  1.95 GB  perm=  1.42 GB  num=  3.22 GB  
peak=  4.64 GB
 WD_amp= 6.68865E+13  RESID_RMS= 1.77096E-04  FCOST_DATA= 1.56816E-08  FCOST0= 1.56816E-08
BT: alpha=  1.0000E+00  phi=  1.5682E-08  rhs=  4.4090E-09
 UPDATEPARAMETER: f-scale only
UPDATEPARAMETER PAR_STEP min/max, V_STEP min/max =  1.7727238047E+02  2.3067133944E+02
  1.7727238047E+02  2.3067133944E+02
 running run_ik_loop_pardiso
before CA | VmRSS=  16.206 GB  VmHWM=  81.382 GB
after CA | VmRSS=  16.999 GB  VmHWM=  81.382 GB
after factor | VmRSS=  20.766 GB  VmHWM=  81.382 GB
f=     5.200 Hz | ky=  0.774843E-03 | IK=       1/      55 | t=   17.199700 s | CA=  2.4948 | fact= 12.7919 | GF=  1.9128 | solve=  1.7569 | scatter=  0.0531
f=     5.200 Hz | ky=  0.154969E-02 | IK=       2/      55 | t=    6.961900 s | CA=  2.6131 | fact=  2.5473 | GF=  1.8015 | solve=  1.6778 | scatter=  0.0509
f=     5.200 Hz | ky=  0.232453E-02 | IK=       3/      55 | t=    6.901000 s | CA=  2.5697 | fact=  2.5292 | GF=  1.8020 | solve=  1.6775 | scatter=  0.0518
f=     5.200 Hz | ky=  0.309937E-02 | IK=       4/      55 | t=    6.914800 s | CA=  2.5753 | fact=  2.5318 | GF=  1.8076 | solve=  1.6821 | scatter=  0.0524
f=     5.200 Hz | ky=  0.387422E-02 | IK=       5/      55 | t=    6.911900 s | CA=  2.5717 | fact=  2.5406 | GF=  1.7996 | solve=  1.6758 | scatter=  0.0510
f=     5.200 Hz | ky=  0.464906E-02 | IK=       6/      55 | t=    6.940500 s | CA=  2.6001 | fact=  2.5357 | GF=  1.8047 | solve=  1.6790 | scatter=  0.0527
f=     5.200 Hz | ky=  0.542390E-02 | IK=       7/      55 | t=    6.890100 s | CA=  2.5488 | fact=  2.5394 | GF=  1.8018 | solve=  1.6773 | scatter=  0.0517
f=     5.200 Hz | ky=  0.619875E-02 | IK=       8/      55 | t=    6.942600 s | CA=  2.5790 | fact=  2.5498 | GF=  1.8138 | solve=  1.6906 | scatter=  0.0504
f=     5.200 Hz | ky=  0.697359E-02 | IK=       9/      55 | t=    6.902300 s | CA=  2.5741 | fact=  2.5219 | GF=  1.8063 | solve=  1.6802 | scatter=  0.0533
f=     5.200 Hz | ky=  0.774843E-02 | IK=      10/      55 | t=    6.969700 s | CA=  2.6140 | fact=  2.5494 | GF=  1.8062 | solve=  1.6819 | scatter=  0.0512
PARDISO mem (f=  5.20 Hz): sym=  1.95 GB  perm=  1.42 GB  num=  3.22 GB  
peak=  4.64 GB
 WD_amp= 6.68865E+13  RESID_RMS= 1.13723E-04  FCOST_DATA= 6.46642E-09  FCOST0= 6.46642E-09
BT: alpha=  5.0000E-01  phi=  6.4664E-09  rhs=  4.4090E-09
 UPDATEPARAMETER: f-scale only
UPDATEPARAMETER PAR_STEP min/max, V_STEP min/max =  1.7763514575E+02  2.3065246239E+02
  1.7763514575E+02  2.3065246239E+02
 running run_ik_loop_pardiso
before CA | VmRSS=  16.217 GB  VmHWM=  81.382 GB
after CA | VmRSS=  17.637 GB  VmHWM=  81.382 GB
after factor | VmRSS=  21.396 GB  VmHWM=  81.382 GB
f=     5.200 Hz | ky=  0.774843E-03 | IK=       1/      55 | t=   17.212500 s | CA=  2.5200 | fact= 12.7823 | GF=  1.9101 | solve=  1.7561 | scatter=  0.0509
f=     5.200 Hz | ky=  0.154969E-02 | IK=       2/      55 | t=    6.929500 s | CA=  2.5937 | fact=  2.5266 | GF=  1.8091 | solve=  1.6827 | scatter=  0.0535
f=     5.200 Hz | ky=  0.232453E-02 | IK=       3/      55 | t=    6.898700 s | CA=  2.5477 | fact=  2.5454 | GF=  1.8056 | solve=  1.6823 | scatter=  0.0506
f=     5.200 Hz | ky=  0.309937E-02 | IK=       4/      55 | t=    6.872600 s | CA=  2.5281 | fact=  2.5413 | GF=  1.8031 | solve=  1.6782 | scatter=  0.0521
f=     5.200 Hz | ky=  0.387422E-02 | IK=       5/      55 | t=    6.934700 s | CA=  2.5821 | fact=  2.5471 | GF=  1.8055 | solve=  1.6820 | scatter=  0.0507
f=     5.200 Hz | ky=  0.464906E-02 | IK=       6/      55 | t=    6.895600 s | CA=  2.5455 | fact=  2.5436 | GF=  1.8065 | solve=  1.6794 | scatter=  0.0542
f=     5.200 Hz | ky=  0.542390E-02 | IK=       7/      55 | t=    6.956500 s | CA=  2.6036 | fact=  2.5449 | GF=  1.8080 | solve=  1.6811 | scatter=  0.0542
f=     5.200 Hz | ky=  0.619875E-02 | IK=       8/      55 | t=    6.931300 s | CA=  2.5822 | fact=  2.5448 | GF=  1.8043 | solve=  1.6799 | scatter=  0.0515
f=     5.200 Hz | ky=  0.697359E-02 | IK=       9/      55 | t=    6.905900 s | CA=  2.5436 | fact=  2.5523 | GF=  1.8100 | solve=  1.6867 | scatter=  0.0506
f=     5.200 Hz | ky=  0.774843E-02 | IK=      10/      55 | t=    6.945500 s | CA=  2.5829 | fact=  2.5483 | GF=  1.8143 | solve=  1.6900 | scatter=  0.0511
PARDISO mem (f=  5.20 Hz): sym=  1.95 GB  perm=  1.42 GB  num=  3.22 GB  
peak=  4.64 GB
 WD_amp= 6.68865E+13  RESID_RMS= 9.54519E-05  FCOST_DATA= 4.55553E-09  FCOST0= 4.55553E-09
BT: alpha=  2.5000E-01  phi=  4.5555E-09  rhs=  4.4091E-09
 UPDATEPARAMETER: f-scale only
UPDATEPARAMETER PAR_STEP min/max, V_STEP min/max =  1.7770185422E+02  2.3064302386E+02
  1.7770185422E+02  2.3064302386E+02
 running run_ik_loop_pardiso
before CA | VmRSS=  16.216 GB  VmHWM=  81.382 GB
after CA | VmRSS=  16.832 GB  VmHWM=  81.382 GB
after factor | VmRSS=  20.599 GB  VmHWM=  81.382 GB
f=     5.200 Hz | ky=  0.774843E-03 | IK=       1/      55 | t=   17.244800 s | CA=  2.5260 | fact= 12.8109 | GF=  1.9076 | solve=  1.7536 | scatter=  0.0516
f=     5.200 Hz | ky=  0.154969E-02 | IK=       2/      55 | t=    6.916500 s | CA=  2.5651 | fact=  2.5465 | GF=  1.8049 | solve=  1.6798 | scatter=  0.0522
f=     5.200 Hz | ky=  0.232453E-02 | IK=       3/      55 | t=    6.921900 s | CA=  2.5936 | fact=  2.5222 | GF=  1.8060 | solve=  1.6816 | scatter=  0.0515
f=     5.200 Hz | ky=  0.309937E-02 | IK=       4/      55 | t=    6.929700 s | CA=  2.5850 | fact=  2.5407 | GF=  1.8039 | solve=  1.6784 | scatter=  0.0528
f=     5.200 Hz | ky=  0.387422E-02 | IK=       5/      55 | t=    6.893900 s | CA=  2.5488 | fact=  2.5425 | GF=  1.8025 | solve=  1.6789 | scatter=  0.0505
f=     5.200 Hz | ky=  0.464906E-02 | IK=       6/      55 | t=    6.916100 s | CA=  2.5625 | fact=  2.5466 | GF=  1.8069 | solve=  1.6824 | scatter=  0.0517
f=     5.200 Hz | ky=  0.542390E-02 | IK=       7/      55 | t=    6.919900 s | CA=  2.5636 | fact=  2.5539 | GF=  1.8024 | solve=  1.6748 | scatter=  0.0548
f=     5.200 Hz | ky=  0.619875E-02 | IK=       8/      55 | t=    6.921600 s | CA=  2.5742 | fact=  2.5415 | GF=  1.8059 | solve=  1.6816 | scatter=  0.0514
f=     5.200 Hz | ky=  0.697359E-02 | IK=       9/      55 | t=    6.921500 s | CA=  2.5738 | fact=  2.5382 | GF=  1.8095 | solve=  1.6851 | scatter=  0.0515
f=     5.200 Hz | ky=  0.774843E-02 | IK=      10/      55 | t=    6.934800 s | CA=  2.5740 | fact=  2.5474 | GF=  1.8133 | solve=  1.6866 | scatter=  0.0536
PARDISO mem (f=  5.20 Hz): sym=  1.95 GB  perm=  1.42 GB  num=  3.22 GB  
peak=  4.64 GB
 WD_amp= 6.68865E+13  RESID_RMS= 9.23395E-05  FCOST_DATA= 4.26330E-09  FCOST0= 4.26330E-09
  
BT: alpha=  1.2500E-01  phi=  4.2633E-09  rhs=  4.4091E-09
  
  
  
  
Convergence reached, updating parameter grid
ALPHA from line search =  .1250000000000000
 FCOST0 after linesearch  4.263295341808615E-009
Norm of s (s_norm) =  .2646613081238412E-03
  
Time for LBFGS =  7.713598124186198 min
  
 Frequency:           7 Iteration:           2
t_global   =    332.246 s
  
 -------------- calculate Frechet derivatives -----------
 IFREQ =           7    ITERATION =           2
||Frechet||_F=  5.4915E-14max|Frechet|=  8.9662E-19
||Frechet||_F=  5.4915E-14max|Frechet|=  8.9662E-19
||Frechet||_F=  5.4915E-14max|Frechet|=  8.9662E-19
||Frechet||_F=  5.4915E-14max|Frechet|=  8.9662E-19
||Frechet||_F=  5.4915E-14max|Frechet|=  8.9662E-19
||Frechet||_F=  5.4915E-14max|Frechet|=  8.9662E-19
 
TIME for Frechet calc =  2.939613342285156 min
 
 
  compute the residual and the cost function
 WD_amp= 6.68865E+13  RESID_RMS= 9.23395E-05  FCOST_DATA= 4.26330E-09  FCOST0= 4.26330E-09
Grad block   8 GRAD_SCALED MORM =   3.3202E-06
Raw grad block  8  PAR={Q13}  min= -1.0859E-11  max=  1.9392E-11  L2=  9.1772E-11
Gradient finished
Start LBFGS 
curvature (warm): s·y=  1.9861E-10  ||s||^2=  7.0046E-08  ||y||^2=  2.7738E-12  sTy_min=  4.4079E-11
LBFGS history: used= 0  skipped= 1  worst_col= 5  bad_s·y=  1.9861E-10  bad_cos_sy=  4.5057E-01
LBFGS step: g·p = -2.2681E-09  ||p||=  2.5505E-03
LBFGS step: min(p)= -1.0326E-04  max(p)=  2.2913E-04
LBFGS p_k (unscaled) stats per active parameter:
  IA=  8  PAR={Q13}  min=-3.85628E+00  max= 8.55699E+00  L2= 9.52524E+01
min(p_k)= -1.0326E-04  max(p_k)=  2.2913E-04  ||p_k||=  2.5505E-03
min(p_kf)= -1.0326E-04  max(p_kf)=  2.2913E-04  ||p_kf||=  1.0202E-02
p_k/p_kf  =   2.5000E-01
Start linesearch
MT entry: phi(0)=  4.2633E-09  dg0= -2.2681E-09  alpha0=  1.0000E+00
 UPDATEPARAMETER: f-scale only
UPDATEPARAMETER PAR_STEP min/max, V_STEP min/max =  1.7699700735E+02  2.3091498895E+02
  1.7699700735E+02  2.3091498895E+02
 WD_amp= 6.68865E+13  RESID_RMS= 3.18813E-04  FCOST_DATA= 5.08209E-08  FCOST0= 5.08209E-08
  
 -------------- calculate Frechet derivatives -----------
 IFREQ =           7    ITERATION =           2
||Frechet||_F=  5.4603E-14max|Frechet|=  8.9661E-19
||Frechet||_F=  5.4603E-14max|Frechet|=  8.9661E-19
||Frechet||_F=  5.4603E-14max|Frechet|=  8.9661E-19
||Frechet||_F=  5.4603E-14max|Frechet|=  8.9661E-19
||Frechet||_F=  5.4603E-14max|Frechet|=  8.9661E-19
||Frechet||_F=  5.4603E-14max|Frechet|=  8.9661E-19
Grad block   8 GRAD_SCALED MORM =   3.4900E-05
MT try: alpha=  1.0000E+00  phi=  5.0821E-08  dg=  4.5100E-08  dg0= -2.2681E-09
MT try: armijo_rhs=  4.2631E-09  armijo=F  curvature=F  task=FG
 UPDATEPARAMETER: f-scale only
UPDATEPARAMETER PAR_STEP min/max, V_STEP min/max =  1.7769943688E+02  2.3064347707E+02
  1.7769943688E+02  2.3064347707E+02
 WD_amp= 6.68865E+13  RESID_RMS= 9.18742E-05  FCOST_DATA= 4.22043E-09  FCOST0= 4.22043E-09
  
 -------------- calculate Frechet derivatives -----------
 IFREQ =           7    ITERATION =           2
||Frechet||_F=  5.4911E-14max|Frechet|=  8.9662E-19
||Frechet||_F=  5.4911E-14max|Frechet|=  8.9662E-19
||Frechet||_F=  5.4911E-14max|Frechet|=  8.9662E-19
||Frechet||_F=  5.4911E-14max|Frechet|=  8.9662E-19
||Frechet||_F=  5.4911E-14max|Frechet|=  8.9662E-19
||Frechet||_F=  5.4911E-14max|Frechet|=  8.9662E-19
Grad block   8 GRAD_SCALED MORM =   3.1748E-06
MT try: alpha=  1.1544E-02  phi=  4.2204E-09  dg= -1.6847E-09  dg0= -2.2681E-09
MT try: armijo_rhs=  4.2633E-09  armijo=T  curvature=T  task=FG
  
  
Convergence reached, updating parameter grid
ALPHA from line search =  .1154367698241112E-01
 FCOST0 after linesearch  4.220432846867248E-009
Norm of s (s_norm) =  .2944257109637342E-04
  
  
  
  
Time for LBFGS =  16.84657491048177 min
  
 Frequency:           7 Iteration:           3
t_global   =    334.249 s
  
 -------------- calculate Frechet derivatives -----------
 IFREQ =           7    ITERATION =           3
||Frechet||_F=  5.4911E-14max|Frechet|=  8.9662E-19
||Frechet||_F=  5.4911E-14max|Frechet|=  8.9662E-19
||Frechet||_F=  5.4911E-14max|Frechet|=  8.9662E-19
||Frechet||_F=  5.4911E-14max|Frechet|=  8.9662E-19
||Frechet||_F=  5.4911E-14max|Frechet|=  8.9662E-19
||Frechet||_F=  5.4911E-14max|Frechet|=  8.9662E-19
 
TIME for Frechet calc =  2.895208231608073 min
 
 
  compute the residual and the cost function
 WD_amp= 6.68865E+13  RESID_RMS= 9.18742E-05  FCOST_DATA= 4.22043E-09  FCOST0= 4.22043E-09
Grad block   8 GRAD_SCALED MORM =   3.1748E-06
Gradient finished
Start LBFGS 
curvature (warm): s·y=  6.7342E-12  ||s||^2=  8.6686E-10  ||y||^2=  1.2056E-13  sTy_min=  1.0223E-12
LBFGS history: used= 0  skipped= 2  worst_col= 4  bad_s·y=  6.7342E-12  bad_cos_sy=  6.5873E-01
LBFGS step: g·p = -1.2919E-09  ||p||=  2.0990E-03
LBFGS step: min(p)= -1.0926E-04  max(p)=  1.9538E-04
LBFGS p_k (unscaled) stats per active parameter:
  IA=  8  PAR={Q13}  min=-4.08031E+00  max= 7.29682E+00  L2= 7.83881E+01
min(p_k)= -1.0926E-04  max(p_k)=  1.9538E-04  ||p_k||=  2.0990E-03
min(p_kf)= -1.0926E-04  max(p_kf)=  1.9538E-04  ||p_kf||=  8.3959E-03
p_k/p_kf  =   2.5000E-01
Start linesearch
MT entry: phi(0)=  4.2204E-09  dg0= -1.2919E-09  alpha0=  1.0000E+00
 UPDATEPARAMETER: f-scale only
UPDATEPARAMETER PAR_STEP min/max, V_STEP min/max =  1.7700020305E+02  2.3092833586E+02
  1.7700020305E+02  2.3092833586E+02
 WD_amp= 6.68865E+13  RESID_RMS= 2.27760E-04  FCOST_DATA= 2.59374E-08  FCOST0= 2.59374E-08
  
 -------------- calculate Frechet derivatives -----------
 IFREQ =           7    ITERATION =           3
||Frechet||_F=  5.4710E-14max|Frechet|=  8.9661E-19
||Frechet||_F=  5.4710E-14max|Frechet|=  8.9661E-19
||Frechet||_F=  5.4710E-14max|Frechet|=  8.9661E-19
||Frechet||_F=  5.4710E-14max|Frechet|=  8.9661E-19
||Frechet||_F=  5.4710E-14max|Frechet|=  8.9661E-19
||Frechet||_F=  5.4710E-14max|Frechet|=  8.9661E-19
Grad block   8 GRAD_SCALED MORM =   2.3527E-05
MT try: alpha=  1.0000E+00  phi=  2.5937E-08  dg=  2.0831E-08  dg0= -1.2919E-09
MT try: armijo_rhs=  4.2203E-09  armijo=F  curvature=F  task=FG
 UPDATEPARAMETER: f-scale only
UPDATEPARAMETER PAR_STEP min/max, V_STEP min/max =  1.7769679113E+02  2.3064381176E+02
  1.7769679113E+02  2.3064381176E+02
 WD_amp= 6.68865E+13  RESID_RMS= 9.15699E-05  FCOST_DATA= 4.19253E-09  FCOST0= 4.19253E-09
  
 -------------- calculate Frechet derivatives -----------
 IFREQ =           7    ITERATION =           3
||Frechet||_F=  5.4908E-14max|Frechet|=  8.9662E-19
||Frechet||_F=  5.4908E-14max|Frechet|=  8.9662E-19
||Frechet||_F=  5.4908E-14max|Frechet|=  8.9662E-19
||Frechet||_F=  5.4908E-14max|Frechet|=  8.9662E-19
||Frechet||_F=  5.4908E-14max|Frechet|=  8.9662E-19
||Frechet||_F=  5.4908E-14max|Frechet|=  8.9662E-19
Grad block   8 GRAD_SCALED MORM =   3.0889E-06
MT try: alpha=  1.3920E-02  phi=  4.1925E-09  dg= -9.6948E-10  dg0= -1.2919E-09
MT try: armijo_rhs=  4.2204E-09  armijo=T  curvature=T  task=FG
  
  
  
Convergence reached, updating parameter grid
ALPHA from line search =  .1391969455872263E-01
 FCOST0 after linesearch  4.192527404881515E-009
Norm of s (s_norm) =  .2921700841893345E-04
  
  
  
Convergence check at iteration    3
  Relative cost decrease  =  6.6120E-03
  Relative model update   =  0.0000E+00
  Relative grad. norm     =  6.7625E-01
Time for LBFGS =  16.70593973795573 min
  
 Frequency:           7 Iteration:           4
t_global   =    329.700 s
  
 -------------- calculate Frechet derivatives -----------
 IFREQ =           7    ITERATION =           4
||Frechet||_F=  5.4908E-14max|Frechet|=  8.9662E-19
||Frechet||_F=  5.4908E-14max|Frechet|=  8.9662E-19
||Frechet||_F=  5.4908E-14max|Frechet|=  8.9662E-19
||Frechet||_F=  5.4908E-14max|Frechet|=  8.9662E-19
||Frechet||_F=  5.4908E-14max|Frechet|=  8.9662E-19
||Frechet||_F=  5.4908E-14max|Frechet|=  8.9662E-19
 
TIME for Frechet calc =  2.877358245849609 min
 
 
  compute the residual and the cost function
 WD_amp= 6.68865E+13  RESID_RMS= 9.15699E-05  FCOST_DATA= 4.19253E-09  FCOST0= 4.19253E-09
Grad block   8 GRAD_SCALED MORM =   3.0889E-06
Gradient finished
Start LBFGS 
curvature (warm): s·y=  4.4877E-12  ||s||^2=  8.5363E-10  ||y||^2=  7.5607E-14  sTy_min=  8.0337E-13
LBFGS history: used= 0  skipped= 3  worst_col= 3  bad_s·y=  4.4877E-12  bad_cos_sy=  5.5861E-01
LBFGS step: g·p = -7.6803E-10  ||p||=  1.7959E-03
LBFGS step: min(p)= -1.1322E-04  max(p)=  1.7803E-04
LBFGS p_k (unscaled) stats per active parameter:
  IA=  8  PAR={Q13}  min=-4.22825E+00  max= 6.64881E+00  L2= 6.70691E+01
min(p_k)= -1.1322E-04  max(p_k)=  1.7803E-04  ||p_k||=  1.7959E-03
min(p_kf)= -1.1322E-04  max(p_kf)=  1.7803E-04  ||p_kf||=  7.1835E-03
p_k/p_kf  =   2.5000E-01
Start linesearch
MT entry: phi(0)=  4.1925E-09  dg0= -7.6803E-10  alpha0=  1.0000E+00
 UPDATEPARAMETER: f-scale only
UPDATEPARAMETER PAR_STEP min/max, V_STEP min/max =  1.7699983961E+02  2.3094756565E+02
  1.7699983961E+02  2.3094756565E+02
 WD_amp= 6.68865E+13  RESID_RMS= 1.60947E-04  FCOST_DATA= 1.29519E-08  FCOST0= 1.29519E-08
  
 -------------- calculate Frechet derivatives -----------
 IFREQ =           7    ITERATION =           4
||Frechet||_F=  5.4792E-14max|Frechet|=  8.9662E-19
||Frechet||_F=  5.4792E-14max|Frechet|=  8.9662E-19
||Frechet||_F=  5.4792E-14max|Frechet|=  8.9662E-19
||Frechet||_F=  5.4792E-14max|Frechet|=  8.9662E-19
||Frechet||_F=  5.4792E-14max|Frechet|=  8.9662E-19
||Frechet||_F=  5.4792E-14max|Frechet|=  8.9662E-19
Grad block   8 GRAD_SCALED MORM =   1.4774E-05
MT try: alpha=  1.0000E+00  phi=  1.2952E-08  dg=  8.1924E-09  dg0= -7.6803E-10
MT try: armijo_rhs=  4.1925E-09  armijo=F  curvature=F  task=FG
 UPDATEPARAMETER: f-scale only
UPDATEPARAMETER PAR_STEP min/max, V_STEP min/max =  1.7769340720E+02  2.3064406196E+02
  1.7769340720E+02  2.3064406196E+02
 WD_amp= 6.68865E+13  RESID_RMS= 9.13349E-05  FCOST_DATA= 4.17103E-09  FCOST0= 4.17103E-09
  
 -------------- calculate Frechet derivatives -----------
 IFREQ =           7    ITERATION =           4
||Frechet||_F=  5.4906E-14max|Frechet|=  8.9662E-19
||Frechet||_F=  5.4906E-14max|Frechet|=  8.9662E-19
||Frechet||_F=  5.4906E-14max|Frechet|=  8.9662E-19
||Frechet||_F=  5.4906E-14max|Frechet|=  8.9662E-19
||Frechet||_F=  5.4906E-14max|Frechet|=  8.9662E-19
||Frechet||_F=  5.4906E-14max|Frechet|=  8.9662E-19
Grad block   8 GRAD_SCALED MORM =   3.0333E-06
MT try: alpha=  1.9876E-02  phi=  4.1710E-09  dg= -5.8434E-10  dg0= -7.6803E-10
MT try: armijo_rhs=  4.1925E-09  armijo=T  curvature=T  task=FG
  
  
  
Convergence reached, updating parameter grid
ALPHA from line search =  .1987576668168170E-01
 FCOST0 after linesearch  4.171030416889881E-009
Norm of s (s_norm) =  .3569455705336432E-04
  
  
  
Convergence check at iteration    4
  Relative cost decrease  =  5.1275E-03
  Relative model update   =  0.0000E+00
  Relative grad. norm     =  5.2398E-01
Time for LBFGS =  16.86069844563802 min
  
 Frequency:           7 Iteration:           5
t_global   =    333.400 s
  
 -------------- calculate Frechet derivatives -----------
 IFREQ =           7    ITERATION =           5
||Frechet||_F=  5.4906E-14max|Frechet|=  8.9662E-19
||Frechet||_F=  5.4906E-14max|Frechet|=  8.9662E-19
||Frechet||_F=  5.4906E-14max|Frechet|=  8.9662E-19
||Frechet||_F=  5.4906E-14max|Frechet|=  8.9662E-19
||Frechet||_F=  5.4906E-14max|Frechet|=  8.9662E-19
||Frechet||_F=  5.4906E-14max|Frechet|=  8.9662E-19
 
TIME for Frechet calc =  2.912861633300781 min
 
 
  compute the residual and the cost function
 WD_amp= 6.68865E+13  RESID_RMS= 9.13349E-05  FCOST_DATA= 4.17103E-09  FCOST0= 4.17103E-09
Grad block   8 GRAD_SCALED MORM =   3.0333E-06
Gradient finished
Start LBFGS 
curvature (warm): s·y=  3.6510E-12  ||s||^2=  1.2741E-09  ||y||^2=  5.6740E-14  sTy_min=  8.5025E-13
LBFGS history: used= 0  skipped= 4  worst_col= 2  bad_s·y=  3.6510E-12  bad_cos_sy=  4.2940E-01
LBFGS step: g·p = -4.9067E-10  ||p||=  1.5973E-03
LBFGS step: min(p)= -1.1527E-04  max(p)=  1.6304E-04
LBFGS p_k (unscaled) stats per active parameter:
  IA=  8  PAR={Q13}  min=-4.30489E+00  max= 6.08889E+00  L2= 5.96524E+01
min(p_k)= -1.1527E-04  max(p_k)=  1.6304E-04  ||p_k||=  1.5973E-03
min(p_kf)= -1.1527E-04  max(p_kf)=  1.6304E-04  ||p_kf||=  6.3892E-03
p_k/p_kf  =   2.5000E-01
Start linesearch
MT entry: phi(0)=  4.1710E-09  dg0= -4.9067E-10  alpha0=  1.0000E+00
 UPDATEPARAMETER: f-scale only
UPDATEPARAMETER PAR_STEP min/max, V_STEP min/max =  1.7699439961E+02  2.3097837381E+02
  1.7699439961E+02  2.3097837381E+02
 WD_amp= 6.68865E+13  RESID_RMS= 1.15125E-04  FCOST_DATA= 6.62685E-09  FCOST0= 6.62685E-09
  
 -------------- calculate Frechet derivatives -----------
 IFREQ =           7    ITERATION =           5
||Frechet||_F=  5.4858E-14max|Frechet|=  8.9662E-19
||Frechet||_F=  5.4858E-14max|Frechet|=  8.9662E-19
||Frechet||_F=  5.4858E-14max|Frechet|=  8.9662E-19
||Frechet||_F=  5.4858E-14max|Frechet|=  8.9662E-19
||Frechet||_F=  5.4858E-14max|Frechet|=  8.9662E-19
||Frechet||_F=  5.4858E-14max|Frechet|=  8.9662E-19
Grad block   8 GRAD_SCALED MORM =   7.9496E-06
MT try: alpha=  1.0000E+00  phi=  6.6268E-09  dg=  2.0675E-09  dg0= -4.9067E-10
MT try: armijo_rhs=  4.1710E-09  armijo=F  curvature=F  task=FG
 UPDATEPARAMETER: f-scale only
UPDATEPARAMETER PAR_STEP min/max, V_STEP min/max =  1.7768749035E+02  2.3064418703E+02
  1.7768749035E+02  2.3064418703E+02
 WD_amp= 6.68865E+13  RESID_RMS= 9.10742E-05  FCOST_DATA= 4.14725E-09  FCOST0= 4.14725E-09
  
 -------------- calculate Frechet derivatives -----------
 IFREQ =           7    ITERATION =           5
||Frechet||_F=  5.4904E-14max|Frechet|=  8.9662E-19
||Frechet||_F=  5.4904E-14max|Frechet|=  8.9662E-19
||Frechet||_F=  5.4904E-14max|Frechet|=  8.9662E-19
||Frechet||_F=  5.4904E-14max|Frechet|=  8.9662E-19
||Frechet||_F=  5.4904E-14max|Frechet|=  8.9662E-19
||Frechet||_F=  5.4904E-14max|Frechet|=  8.9662E-19
Grad block   8 GRAD_SCALED MORM =   2.9868E-06
MT try: alpha=  4.0355E-02  phi=  4.1473E-09  dg= -3.8545E-10  dg0= -4.9067E-10
MT try: armijo_rhs=  4.1710E-09  armijo=T  curvature=T  task=FG
  
  
  
  
  
Convergence reached, updating parameter grid
ALPHA from line search =  .4035471018367696E-01
 FCOST0 after linesearch  4.147250432027204E-009
Norm of s (s_norm) =  .6445819500316985E-04
  
Convergence check at iteration    5
  Relative cost decrease  =  5.7012E-03
  Relative model update   =  0.0000E+00
  Relative grad. norm     =  4.2749E-01
Time for LBFGS =  16.77361145019531 min
  
 Frequency:           7 Iteration:           6
t_global   =    333.308 s
  
 -------------- calculate Frechet derivatives -----------
 IFREQ =           7    ITERATION =           6
||Frechet||_F=  5.4904E-14max|Frechet|=  8.9662E-19
||Frechet||_F=  5.4904E-14max|Frechet|=  8.9662E-19
||Frechet||_F=  5.4904E-14max|Frechet|=  8.9662E-19
||Frechet||_F=  5.4904E-14max|Frechet|=  8.9662E-19
||Frechet||_F=  5.4904E-14max|Frechet|=  8.9662E-19
||Frechet||_F=  5.4904E-14max|Frechet|=  8.9662E-19
 
TIME for Frechet calc =  2.909983317057292 min
 
 
  compute the residual and the cost function
 WD_amp= 6.68865E+13  RESID_RMS= 9.10742E-05  FCOST_DATA= 4.14725E-09  FCOST0= 4.14725E-09
Grad block   8 GRAD_SCALED MORM =   2.9868E-06
Gradient finished
Start LBFGS 
curvature (warm): s·y=  4.2461E-12  ||s||^2=  4.1549E-09  ||y||^2=  5.8192E-14  sTy_min=  1.5549E-12
LBFGS history: used= 0  skipped= 5  worst_col= 2  bad_s·y=  3.6510E-12  bad_cos_sy=  4.2940E-01
LBFGS step: g·p = -3.6331E-10  ||p||=  1.4746E-03
LBFGS step: min(p)= -1.1339E-04  max(p)=  1.5091E-04
LBFGS p_k (unscaled) stats per active parameter:
  IA=  8  PAR={Q13}  min=-4.23468E+00  max= 5.63597E+00  L2= 5.50700E+01
min(p_k)= -1.1339E-04  max(p_k)=  1.5091E-04  ||p_k||=  1.4746E-03
min(p_kf)= -1.1339E-04  max(p_kf)=  1.5091E-04  ||p_kf||=  5.8984E-03
p_k/p_kf  =   2.5000E-01
Start linesearch
MT entry: phi(0)=  4.1473E-09  dg0= -3.6331E-10  alpha0=  1.0000E+00
 UPDATEPARAMETER: f-scale only
UPDATEPARAMETER PAR_STEP min/max, V_STEP min/max =  1.7697348505E+02  2.3104665550E+02
  1.7697348505E+02  2.3104665550E+02
 WD_amp= 6.68865E+13  RESID_RMS= 9.52400E-05  FCOST_DATA= 4.53533E-09  FCOST0= 4.53533E-09
  
 -------------- calculate Frechet derivatives -----------
 IFREQ =           7    ITERATION =           6
||Frechet||_F=  5.4908E-14max|Frechet|=  8.9663E-19
||Frechet||_F=  5.4908E-14max|Frechet|=  8.9663E-19
||Frechet||_F=  5.4908E-14max|Frechet|=  8.9663E-19
||Frechet||_F=  5.4908E-14max|Frechet|=  8.9663E-19
||Frechet||_F=  5.4908E-14max|Frechet|=  8.9663E-19
||Frechet||_F=  5.4908E-14max|Frechet|=  8.9663E-19
Grad block   8 GRAD_SCALED MORM =   3.7941E-06
MT try: alpha=  1.0000E+00  phi=  4.5353E-09  dg=  5.0997E-11  dg0= -3.6331E-10
MT try: armijo_rhs=  4.1472E-09  armijo=F  curvature=T  task=FG
 UPDATEPARAMETER: f-scale only
UPDATEPARAMETER PAR_STEP min/max, V_STEP min/max =  1.7767536685E+02  2.3064342330E+02
  1.7767536685E+02  2.3064342330E+02
 WD_amp= 6.68865E+13  RESID_RMS= 9.06594E-05  FCOST_DATA= 4.10957E-09  FCOST0= 4.10957E-09
  
 -------------- calculate Frechet derivatives -----------
 IFREQ =           7    ITERATION =           6
||Frechet||_F=  5.4904E-14max|Frechet|=  8.9662E-19
||Frechet||_F=  5.4904E-14max|Frechet|=  8.9662E-19
||Frechet||_F=  5.4904E-14max|Frechet|=  8.9662E-19
||Frechet||_F=  5.4904E-14max|Frechet|=  8.9662E-19
||Frechet||_F=  5.4904E-14max|Frechet|=  8.9662E-19
||Frechet||_F=  5.4904E-14max|Frechet|=  8.9662E-19
Grad block   8 GRAD_SCALED MORM =   2.9231E-06
MT try: alpha=  1.0934E-01  phi=  4.1096E-09  dg= -3.1800E-10  dg0= -3.6331E-10
MT try: armijo_rhs=  4.1472E-09  armijo=T  curvature=T  task=FG
  
  
  
  
  
Convergence reached, updating parameter grid
ALPHA from line search =  .1093430692833961
 FCOST0 after linesearch  4.109565168928029E-009
Norm of s (s_norm) =  .1612361638195215E-03
  
Convergence check at iteration    6
  Relative cost decrease  =  9.0868E-03
  Relative model update   =  0.0000E+00
  Relative grad. norm     =  4.0507E-01
Time for LBFGS =  16.88547871907552 min
  
 Frequency:           7 Iteration:           7
t_global   =    334.431 s
  
 -------------- calculate Frechet derivatives -----------
 IFREQ =           7    ITERATION =           7
||Frechet||_F=  5.4904E-14max|Frechet|=  8.9662E-19
||Frechet||_F=  5.4904E-14max|Frechet|=  8.9662E-19
||Frechet||_F=  5.4904E-14max|Frechet|=  8.9662E-19
||Frechet||_F=  5.4904E-14max|Frechet|=  8.9662E-19
||Frechet||_F=  5.4904E-14max|Frechet|=  8.9662E-19
 
TIME for Frechet calc =  2.891953277587890 min
 
 
  compute the residual and the cost function
 WD_amp= 6.68865E+13  RESID_RMS= 9.06594E-05  FCOST_DATA= 4.10957E-09  FCOST0= 4.10957E-09
||Frechet||_F=  5.4904E-14max|Frechet|=  8.9662E-19
Grad block   8 GRAD_SCALED MORM =   2.9231E-06
Gradient finished
Start LBFGS 
curvature (full): s·y=  4.9547E-12  ||s||^2=  2.5997E-08  ||y||^2=  5.6182E-14  sTy_min=  3.8218E-12
LBFGS history: used= 0  skipped= 5  worst_col= 3  bad_s·y=  3.6510E-12  bad_cos_sy=  4.2940E-01
 
LBFGS step(full): g·p = -3.2362E-10  ||p||=  1.3947E-03
LBFGS step(full): min(p)= -1.0898E-04  max(p)=  1.4055E-04
LBFGS p_k (unscaled) stats per active parameter:
  IA=  8  PAR={Q13}  min=-4.07009E+00  max= 5.24903E+00  L2= 5.20877E+01
min(p_k)= -1.0898E-04  max(p_k)=  1.4055E-04  ||p_k||=  1.3947E-03
min(p_kf)= -1.0898E-04  max(p_kf)=  1.4055E-04  ||p_kf||=  5.5789E-03
p_k/p_kf  =   2.5000E-01
Start linesearch
MT entry: phi(0)=  4.1096E-09  dg0= -3.2362E-10  alpha0=  1.0000E+00
 UPDATEPARAMETER: f-scale only
UPDATEPARAMETER PAR_STEP min/max, V_STEP min/max =  1.7689034602E+02  2.3124514694E+02
  1.7689034602E+02  2.3124514694E+02
 WD_amp= 6.68865E+13  RESID_RMS= 9.65329E-05  FCOST_DATA= 4.65930E-09  FCOST0= 4.65930E-09
  
 -------------- calculate Frechet derivatives -----------
 IFREQ =           7    ITERATION =           7
||Frechet||_F=  5.4870E-14max|Frechet|=  8.9662E-19
||Frechet||_F=  5.4870E-14max|Frechet|=  8.9662E-19
||Frechet||_F=  5.4870E-14max|Frechet|=  8.9662E-19
||Frechet||_F=  5.4870E-14max|Frechet|=  8.9662E-19
||Frechet||_F=  5.4870E-14max|Frechet|=  8.9662E-19
||Frechet||_F=  5.4870E-14max|Frechet|=  8.9662E-19
Grad block   8 GRAD_SCALED MORM =   5.0758E-06
MT try: alpha=  1.0000E+00  phi=  4.6593E-09  dg=  2.4278E-10  dg0= -3.2362E-10
MT try: armijo_rhs=  4.1095E-09  armijo=F  curvature=T  task=FG
 UPDATEPARAMETER: f-scale only
UPDATEPARAMETER PAR_STEP min/max, V_STEP min/max =  1.7766997800E+02  2.3064133058E+02
  1.7766997800E+02  2.3064133058E+02
 WD_amp= 6.68865E+13  RESID_RMS= 9.05012E-05  FCOST_DATA= 4.09523E-09  FCOST0= 4.09523E-09
  
 -------------- calculate Frechet derivatives -----------
 IFREQ =           7    ITERATION =           7
||Frechet||_F=  5.4901E-14max|Frechet|=  8.9662E-19
||Frechet||_F=  5.4901E-14max|Frechet|=  8.9662E-19
||Frechet||_F=  5.4901E-14max|Frechet|=  8.9662E-19
||Frechet||_F=  5.4901E-14max|Frechet|=  8.9662E-19
||Frechet||_F=  5.4901E-14max|Frechet|=  8.9662E-19
||Frechet||_F=  5.4901E-14max|Frechet|=  8.9662E-19
Grad block   8 GRAD_SCALED MORM =   2.8986E-06
MT try: alpha=  8.5023E-02  phi=  4.0952E-09  dg= -2.7466E-10  dg0= -3.2362E-10
MT try: armijo_rhs=  4.1096E-09  armijo=T  curvature=T  task=FG
  
  
  
Convergence reached, updating parameter grid
ALPHA from line search =  .8502324409067641E-01
 FCOST0 after linesearch  4.095229691915277E-009
Norm of s (s_norm) =  .1185848077003871E-03
  
  
  
Convergence check at iteration    7
  Relative cost decrease  =  3.4883E-03
  Relative model update   =  0.0000E+00
  Relative grad. norm     =  4.1111E-01
Time for LBFGS =  16.71117655436198 min
Data weighting computed for frequency 4607182418800017373
Data weighting computed for frequency 4607182418800017373
Data weighting computed for frequency 4607182418800017373
Data weighting computed for frequency 4607182418800017373
 --------- Frequency   5.65000000000000       (band            1 )
[ComputeAcqWeight] empty acq_weight_file, using uniform weights = 1.0
Data weighting computed for frequency 4607182418800017373
XSRmin, XSRmax, ZSRmin, ZSRMax -1960.000000000000 .000000000000000 2050.000000000000 4030.000000000000
1 FKYC
1.2 FKYC
my_rank, FKYC,WLMAX, RMAX 0 .4630434389421478E-01 906.6865123615522 2786.036611389018
1.1 NK
NK in cky2= 66

  Number of wavenumber samples (NK) for FREQ =   66
Data weighting computed for frequency 4607182418800017373
  RMAX = 2786.04
--- Pre-solver preview (memory + RHS workload) ---
   GQG dims: NNX=       585  NNZ=       317  NPT=    185445
   DOF:     N=3*NPT =    556335
   Sources: NSR=       100  NSS=        20  NK=        66
   RHS total (per IK): nrhs_tot=3*NSS =        60
   Batch:    MAX_RHS_BATCH=        32  nbatches=         2
   GFMY  (GFX+GFY+GFZ):         16.414 GB
   RHS_MY(rhs+sol buffers):      0.531 GB
 
 running run_ik_loop_pardiso
before CA | VmRSS=  18.103 GB  VmHWM=  81.382 GB
after CA | VmRSS=  18.770 GB  VmHWM=  81.382 GB
after factor | VmRSS=  22.531 GB  VmHWM=  81.382 GB
f=     5.650 Hz | ky=  0.701581E-03 | IK=       1/      66 | t=   17.251700 s | CA=  2.5233 | fact= 12.8227 | GF=  1.9055 | solve=  1.7524 | scatter=  0.0505
f=     5.650 Hz | ky=  0.140316E-02 | IK=       2/      66 | t=    6.906300 s | CA=  2.5915 | fact=  2.5105 | GF=  1.8043 | solve=  1.6778 | scatter=  0.0538
f=     5.650 Hz | ky=  0.210474E-02 | IK=       3/      66 | t=    6.865600 s | CA=  2.5832 | fact=  2.5395 | GF=  1.7429 | solve=  1.6175 | scatter=  0.0525
f=     5.650 Hz | ky=  0.280632E-02 | IK=       4/      66 | t=    6.881800 s | CA=  2.5865 | fact=  2.5400 | GF=  1.7553 | solve=  1.6301 | scatter=  0.0521
f=     5.650 Hz | ky=  0.350790E-02 | IK=       5/      66 | t=    6.887100 s | CA=  2.6006 | fact=  2.5375 | GF=  1.7490 | solve=  1.6236 | scatter=  0.0525
f=     5.650 Hz | ky=  0.420949E-02 | IK=       6/      66 | t=    6.883200 s | CA=  2.5920 | fact=  2.5460 | GF=  1.7452 | solve=  1.6210 | scatter=  0.0512
f=     5.650 Hz | ky=  0.491107E-02 | IK=       7/      66 | t=    6.868500 s | CA=  2.5925 | fact=  2.5294 | GF=  1.7465 | solve=  1.6214 | scatter=  0.0521
f=     5.650 Hz | ky=  0.561265E-02 | IK=       8/      66 | t=    6.873700 s | CA=  2.5778 | fact=  2.5463 | GF=  1.7496 | solve=  1.6246 | scatter=  0.0520
f=     5.650 Hz | ky=  0.631423E-02 | IK=       9/      66 | t=    6.914100 s | CA=  2.6164 | fact=  2.5398 | GF=  1.7579 | solve=  1.6321 | scatter=  0.0526
f=     5.650 Hz | ky=  0.701581E-02 | IK=      10/      66 | t=    6.840800 s | CA=  2.5497 | fact=  2.5405 | GF=  1.7505 | solve=  1.6231 | scatter=  0.0545
f=     5.650 Hz | ky=  0.771739E-02 | IK=      11/      66 | t=    6.902000 s | CA=  2.6084 | fact=  2.5476 | GF=  1.7460 | solve=  1.6213 | scatter=  0.0514
PARDISO mem (f=  5.65 Hz): sym=  1.95 GB  perm=  1.42 GB  num=  3.22 GB  
peak=  4.64 GB
t_global   =    131.877 s
TIME for 1st forward modeling =  2.197889963785807  min
TIME for GT0 =  .6451666851838430E-02  min
Data scaler W for L2 norm: 69691293965796.52
Data scaler W for WQS norm: .1007948000807317E-312
Total number of active inversion parameters for current sequential stage (IM):          1
Total model blocks points (NM = IM * NBLOCK):      11534 on grid (NMM = IM * NPT):    185445
 Gradient balance ():   1.00000000000000        1.00000000000000     
   1.00000000000000        1.00000000000000        1.00000000000000     
   1.00000000000000        1.00000000000000        1.00000000000000     
   1.00000000000000        1.00000000000000        1.00000000000000     
 IE0, IZ          30           0
 IE0, IZ, GZ1, GZ2 =           30           0   100.000000000000     
   300.000000000000     
  
 Frequency:           8 Iteration:           1
--- Pre-solver preview (memory + RHS workload) ---
   GQG dims: NNX=       585  NNZ=       317  NPT=    185445
   DOF:     N=3*NPT =    556335
   Sources: NSR=       100  NSS=       100  NK=        66
   RHS total (per IK): nrhs_tot=3*NSS =       300
   Batch:    MAX_RHS_BATCH=        32  nbatches=        10
   GFMY  (GFX+GFY+GFZ):         82.071 GB
   RHS_MY(rhs+sol buffers):      0.531 GB
 
 running run_ik_loop_pardiso
before CA | VmRSS=  84.592 GB  VmHWM=  84.592 GB
after CA | VmRSS=  85.199 GB  VmHWM=  89.616 GB
after factor | VmRSS=  88.970 GB  VmHWM=  89.616 GB
f=     5.650 Hz | ky=  0.701581E-03 | IK=       1/      66 | t=   24.203800 s | CA=  2.4937 | fact= 12.7997 | GF=  8.9102 | solve=  8.2457 | scatter=  0.2574
f=     5.650 Hz | ky=  0.140316E-02 | IK=       2/      66 | t=   13.878200 s | CA=  2.5337 | fact=  2.5314 | GF=  8.8129 | solve=  8.1757 | scatter=  0.2588
f=     5.650 Hz | ky=  0.210474E-02 | IK=       3/      66 | t=   13.972900 s | CA=  2.6065 | fact=  2.5478 | GF=  8.8185 | solve=  8.1826 | scatter=  0.2573
f=     5.650 Hz | ky=  0.280632E-02 | IK=       4/      66 | t=   13.952800 s | CA=  2.5585 | fact=  2.5581 | GF=  8.8362 | solve=  8.1932 | scatter=  0.2639
f=     5.650 Hz | ky=  0.350790E-02 | IK=       5/      66 | t=   13.926300 s | CA=  2.5621 | fact=  2.5421 | GF=  8.8221 | solve=  8.1890 | scatter=  0.2538
f=     5.650 Hz | ky=  0.420949E-02 | IK=       6/      66 | t=   13.901100 s | CA=  2.5366 | fact=  2.5502 | GF=  8.8143 | solve=  8.1776 | scatter=  0.2566
f=     5.650 Hz | ky=  0.491107E-02 | IK=       7/      66 | t=   14.055700 s | CA=  2.6282 | fact=  2.5509 | GF=  8.8766 | solve=  8.2387 | scatter=  0.2579
f=     5.650 Hz | ky=  0.561265E-02 | IK=       8/      66 | t=   13.890100 s | CA=  2.5625 | fact=  2.5218 | GF=  8.8058 | solve=  8.1718 | scatter=  0.2543
f=     5.650 Hz | ky=  0.631423E-02 | IK=       9/      66 | t=   13.937600 s | CA=  2.5639 | fact=  2.5469 | GF=  8.8267 | solve=  8.1917 | scatter=  0.2553
f=     5.650 Hz | ky=  0.701581E-02 | IK=      10/      66 | t=   13.938800 s | CA=  2.5746 | fact=  2.5368 | GF=  8.8274 | solve=  8.1894 | scatter=  0.2587
f=     5.650 Hz | ky=  0.771739E-02 | IK=      11/      66 | t=   13.939000 s | CA=  2.5721 | fact=  2.5513 | GF=  8.8156 | solve=  8.1781 | scatter=  0.2580
PARDISO mem (f=  5.65 Hz): sym=  1.95 GB  perm=  1.42 GB  num=  3.22 GB  
peak=  4.64 GB
t_global   =    386.454 s
TIME for 2d forward modeling_i calc =  6.438411458333333 min
Rank    5 -> ID range:   4001 to   4800 | Tasks:    800
Rank    4 -> ID range:   3201 to   4000 | Tasks:    800
Rank    2 -> ID range:   1601 to   2400 | Tasks:    800
Rank    3 -> ID range:   2401 to   3200 | Tasks:    800
Rank    1 -> ID range:    801 to   1600 | Tasks:    800
  
 -------------- calculate Frechet derivatives -----------
 IFREQ =           8    ITERATION =           1
Frechet memory size Frec_my:      0.825 (Gb)
Rank    0 -> ID range:      1 to    800 | Tasks:    800
FREQ:      5.7 Hz, ITER=       1  Frechet Derivative ID=     100/    4800 Finished   0.293600 s
FREQ:      5.7 Hz, ITER=       1  Frechet Derivative ID=     200/    4800 Finished   0.255100 s
FREQ:      5.7 Hz, ITER=       1  Frechet Derivative ID=     300/    4800 Finished   0.252300 s
FREQ:      5.7 Hz, ITER=       1  Frechet Derivative ID=     400/    4800 Finished   0.234400 s
FREQ:      5.7 Hz, ITER=       1  Frechet Derivative ID=     500/    4800 Finished   0.253400 s
FREQ:      5.7 Hz, ITER=       1  Frechet Derivative ID=     600/    4800 Finished   0.253100 s
FREQ:      5.7 Hz, ITER=       1  Frechet Derivative ID=     700/    4800 Finished   0.252400 s
FREQ:      5.7 Hz, ITER=       1  Frechet Derivative ID=     800/    4800 Finished   0.252800 s
||Frechet||_F=  5.4582E-14max|Frechet|=  9.3175E-19
||Frechet||_F=  5.4582E-14max|Frechet|=  9.3175E-19
||Frechet||_F=  5.4582E-14max|Frechet|=  9.3175E-19
||Frechet||_F=  5.4582E-14max|Frechet|=  9.3175E-19
 
TIME for Frechet calc =  3.591664886474609 min
 
||Frechet||_F=  5.4582E-14max|Frechet|=  9.3175E-19
m_fine: min=  1.7767E+02  max=  2.3064E+02  mean=  2.1164E+02  ||.||2=  9.1535E+04  size=  185445
m_coarse_prev: min=  1.7798E+02  max=  2.2985E+02  mean=  2.1166E+02  ||.||2=  2.2830E+04  size=   11534
 
  compute the residual and the cost function
 WD_amp= 6.96913E+13  RESID_RMS= 9.16601E-05  FCOST_DATA= 4.20079E-09  FCOST0= 4.20079E-09
||Frechet||_F=  5.4582E-14max|Frechet|=  9.3175E-19
IA=  8  H(single F0) min= 0.00000E+00  max= 2.02150E-02
IA=  8  H(F0^2)     min= 0.00000E+00  max= 2.02150E-02
HESSD: ia=   8  min= 0.00000E+00  max= 9.89251E+03
IA=  8  H(single F0) min= 0.00000E+00  max= 2.02150E-02
IA=  8  H(F0^2)     min= 0.00000E+00  max= 2.02150E-02
HESSD: ia=   8  min= 0.00000E+00  max= 9.89251E+03
IA=  8  H(single F0) min= 0.00000E+00  max= 2.02150E-02
IA=  8  H(F0^2)     min= 0.00000E+00  max= 2.02150E-02
HESSD: ia=   8  min= 0.00000E+00  max= 9.89251E+03
IA=  8  H(single F0) min= 0.00000E+00  max= 2.02150E-02
IA=  8  H(F0^2)     min= 0.00000E+00  max= 2.02150E-02
HESSD: ia=   8  min= 0.00000E+00  max= 9.89251E+03
IA=  8  H(single F0) min= 0.00000E+00  max= 2.02150E-02
IA=  8  H(F0^2)     min= 0.00000E+00  max= 2.02150E-02
HESSD: ia=   8  min= 0.00000E+00  max= 9.89251E+03
IA=  8  H(single F0) min= 0.00000E+00  max= 2.02150E-02
IA=  8  H(F0^2)     min= 0.00000E+00  max= 2.02150E-02
HESSD: ia=   8  min= 0.00000E+00  max= 9.89251E+03
Grad block   8 GRAD_SCALED MORM =   3.3717E-06
Raw grad block  8  PAR={Q13}  min= -2.2499E-11  max=  1.2781E-11  L2=  9.7984E-11
Gradient finished
Start LBFGS 
LBFGS steepest step , iter=      1
  g·p = -5.6054E-10  ||p|| =  1.3536E-03
  min(p)= -1.3718E-04  max(p)=  1.1721E-04
LBFGS p_k (unscaled) stats per active parameter:
  IA=  8  PAR={Q13}  min=-5.12316E+00  max= 4.37715E+00  L2= 5.05503E+01
min(p_k)= -1.3718E-04  max(p_k)=  1.1721E-04  ||p_k||=  1.3536E-03
min(p_kf)= -1.3718E-04  max(p_kf)=  1.1721E-04  ||p_kf||=  5.4143E-03
p_k/p_kf  =   2.5000E-01
Start linesearch
BT entry: phi(0)=  4.2008E-09  g·p(0)= -5.6054E-10
 UPDATEPARAMETER: f-scale only
UPDATEPARAMETER PAR_STEP min/max, V_STEP min/max =  1.7755537839E+02  2.3039098232E+02
  1.7755537839E+02  2.3039098232E+02
REL STEP Q      : k=  8 row=  3 rmax_k=  2.6750E-02 row_scale=  2.3064E+02
BT cap probe: rmax1=  2.6750E-02  alpha_cap=  1.0000E+00  alpha00=  1.0000E+00
 UPDATEPARAMETER: f-scale only
UPDATEPARAMETER PAR_STEP min/max, V_STEP min/max =  1.7755537839E+02  2.3039098232E+02
  1.7755537839E+02  2.3039098232E+02
 running run_ik_loop_pardiso
before CA | VmRSS=  18.956 GB  VmHWM=  94.752 GB
after CA | VmRSS=  19.927 GB  VmHWM=  94.752 GB
after factor | VmRSS=  23.694 GB  VmHWM=  94.752 GB
f=     5.650 Hz | ky=  0.701581E-03 | IK=       1/      66 | t=   17.277400 s | CA=  2.5474 | fact= 12.8224 | GF=  1.9074 | solve=  1.7537 | scatter=  0.0513
f=     5.650 Hz | ky=  0.140316E-02 | IK=       2/      66 | t=    6.896200 s | CA=  2.5761 | fact=  2.5184 | GF=  1.8017 | solve=  1.6773 | scatter=  0.0517
f=     5.650 Hz | ky=  0.210474E-02 | IK=       3/      66 | t=    6.901600 s | CA=  2.5647 | fact=  2.5311 | GF=  1.8058 | solve=  1.6810 | scatter=  0.0519
f=     5.650 Hz | ky=  0.280632E-02 | IK=       4/      66 | t=    6.890100 s | CA=  2.5393 | fact=  2.5437 | GF=  1.8071 | solve=  1.6830 | scatter=  0.0513
f=     5.650 Hz | ky=  0.350790E-02 | IK=       5/      66 | t=    6.918100 s | CA=  2.5981 | fact=  2.5146 | GF=  1.8053 | solve=  1.6793 | scatter=  0.0531
f=     5.650 Hz | ky=  0.420949E-02 | IK=       6/      66 | t=    6.965200 s | CA=  2.6063 | fact=  2.5498 | GF=  1.8091 | solve=  1.6814 | scatter=  0.0547
f=     5.650 Hz | ky=  0.491107E-02 | IK=       7/      66 | t=    6.897300 s | CA=  2.5487 | fact=  2.5421 | GF=  1.8065 | solve=  1.6826 | scatter=  0.0513
f=     5.650 Hz | ky=  0.561265E-02 | IK=       8/      66 | t=    6.878100 s | CA=  2.5293 | fact=  2.5432 | GF=  1.8055 | solve=  1.6811 | scatter=  0.0515
f=     5.650 Hz | ky=  0.631423E-02 | IK=       9/      66 | t=    6.872000 s | CA=  2.5572 | fact=  2.5452 | GF=  1.7696 | solve=  1.6446 | scatter=  0.0520
f=     5.650 Hz | ky=  0.701581E-02 | IK=      10/      66 | t=    6.899800 s | CA=  2.5782 | fact=  2.5608 | GF=  1.7607 | solve=  1.6348 | scatter=  0.0525
f=     5.650 Hz | ky=  0.771739E-02 | IK=      11/      66 | t=    6.901800 s | CA=  2.5814 | fact=  2.5623 | GF=  1.7581 | solve=  1.6316 | scatter=  0.0531
PARDISO mem (f=  5.65 Hz): sym=  1.95 GB  perm=  1.42 GB  num=  3.22 GB  
peak=  4.64 GB
 WD_amp= 6.96913E+13  RESID_RMS= 1.14640E-04  FCOST_DATA= 6.57118E-09  FCOST0= 6.57118E-09
BT: alpha=  1.0000E+00  phi=  6.5712E-09  rhs=  4.2007E-09
 UPDATEPARAMETER: f-scale only
UPDATEPARAMETER PAR_STEP min/max, V_STEP min/max =  1.7762180049E+02  2.3047242311E+02
  1.7762180049E+02  2.3047242311E+02
 running run_ik_loop_pardiso
before CA | VmRSS=  19.556 GB  VmHWM=  94.752 GB
after CA | VmRSS=  20.132 GB  VmHWM=  94.752 GB
after factor | VmRSS=  23.893 GB  VmHWM=  94.752 GB
f=     5.650 Hz | ky=  0.701581E-03 | IK=       1/      66 | t=   17.257600 s | CA=  2.5329 | fact= 12.8208 | GF=  1.9036 | solve=  1.7471 | scatter=  0.0542
f=     5.650 Hz | ky=  0.140316E-02 | IK=       2/      66 | t=    6.900600 s | CA=  2.5588 | fact=  2.5334 | GF=  1.8084 | solve=  1.6824 | scatter=  0.0533
f=     5.650 Hz | ky=  0.210474E-02 | IK=       3/      66 | t=    6.954800 s | CA=  2.6047 | fact=  2.5463 | GF=  1.8037 | solve=  1.6784 | scatter=  0.0522
f=     5.650 Hz | ky=  0.280632E-02 | IK=       4/      66 | t=    6.922400 s | CA=  2.5670 | fact=  2.5448 | GF=  1.8106 | solve=  1.6864 | scatter=  0.0514
f=     5.650 Hz | ky=  0.350790E-02 | IK=       5/      66 | t=    6.900700 s | CA=  2.5606 | fact=  2.5343 | GF=  1.8057 | solve=  1.6800 | scatter=  0.0529
f=     5.650 Hz | ky=  0.420949E-02 | IK=       6/      66 | t=    6.888300 s | CA=  2.5666 | fact=  2.5285 | GF=  1.7932 | solve=  1.6689 | scatter=  0.0511
f=     5.650 Hz | ky=  0.491107E-02 | IK=       7/      66 | t=    6.902900 s | CA=  2.5984 | fact=  2.4986 | GF=  1.8058 | solve=  1.6788 | scatter=  0.0539
f=     5.650 Hz | ky=  0.561265E-02 | IK=       8/      66 | t=    6.943900 s | CA=  2.5760 | fact=  2.5578 | GF=  1.8101 | solve=  1.6811 | scatter=  0.0562
f=     5.650 Hz | ky=  0.631423E-02 | IK=       9/      66 | t=    6.938500 s | CA=  2.5939 | fact=  2.5384 | GF=  1.8061 | solve=  1.6811 | scatter=  0.0522
f=     5.650 Hz | ky=  0.701581E-02 | IK=      10/      66 | t=    6.860600 s | CA=  2.5868 | fact=  2.4741 | GF=  1.7997 | solve=  1.6757 | scatter=  0.0510
f=     5.650 Hz | ky=  0.771739E-02 | IK=      11/      66 | t=    6.938900 s | CA=  2.5888 | fact=  2.5456 | GF=  1.8044 | solve=  1.6801 | scatter=  0.0516
PARDISO mem (f=  5.65 Hz): sym=  1.95 GB  perm=  1.42 GB  num=  3.22 GB  
peak=  4.64 GB
 WD_amp= 6.96913E+13  RESID_RMS= 9.58188E-05  FCOST_DATA= 4.59062E-09  FCOST0= 4.59062E-09
BT: alpha=  5.0000E-01  phi=  4.5906E-09  rhs=  4.2008E-09
 UPDATEPARAMETER: f-scale only
UPDATEPARAMETER PAR_STEP min/max, V_STEP min/max =  1.7765501154E+02  2.3055687684E+02
  1.7765501154E+02  2.3055687684E+02
 running run_ik_loop_pardiso
before CA | VmRSS=  18.957 GB  VmHWM=  94.752 GB
after CA | VmRSS=  20.341 GB  VmHWM=  94.752 GB
after factor | VmRSS=  24.096 GB  VmHWM=  94.752 GB
f=     5.650 Hz | ky=  0.701581E-03 | IK=       1/      66 | t=   17.207300 s | CA=  2.4922 | fact= 12.8061 | GF=  1.9088 | solve=  1.7531 | scatter=  0.0537
f=     5.650 Hz | ky=  0.140316E-02 | IK=       2/      66 | t=    6.939000 s | CA=  2.5895 | fact=  2.5440 | GF=  1.8055 | solve=  1.6824 | scatter=  0.0501
f=     5.650 Hz | ky=  0.210474E-02 | IK=       3/      66 | t=    6.907500 s | CA=  2.5584 | fact=  2.5415 | GF=  1.8076 | solve=  1.6830 | scatter=  0.0515
f=     5.650 Hz | ky=  0.280632E-02 | IK=       4/      66 | t=    6.909200 s | CA=  2.5791 | fact=  2.5250 | GF=  1.8050 | solve=  1.6807 | scatter=  0.0514
f=     5.650 Hz | ky=  0.350790E-02 | IK=       5/      66 | t=    6.934000 s | CA=  2.5832 | fact=  2.5444 | GF=  1.8062 | solve=  1.6784 | scatter=  0.0549
f=     5.650 Hz | ky=  0.420949E-02 | IK=       6/      66 | t=    6.926000 s | CA=  2.5692 | fact=  2.5534 | GF=  1.8033 | solve=  1.6770 | scatter=  0.0535
f=     5.650 Hz | ky=  0.491107E-02 | IK=       7/      66 | t=    6.931000 s | CA=  2.5712 | fact=  2.5523 | GF=  1.8075 | solve=  1.6829 | scatter=  0.0519
f=     5.650 Hz | ky=  0.561265E-02 | IK=       8/      66 | t=    6.878400 s | CA=  2.5354 | fact=  2.5339 | GF=  1.8091 | solve=  1.6827 | scatter=  0.0535
f=     5.650 Hz | ky=  0.631423E-02 | IK=       9/      66 | t=    6.863000 s | CA=  2.5665 | fact=  2.4928 | GF=  1.8037 | solve=  1.6788 | scatter=  0.0516
f=     5.650 Hz | ky=  0.701581E-02 | IK=      10/      66 | t=    6.932600 s | CA=  2.5971 | fact=  2.5264 | GF=  1.8091 | solve=  1.6839 | scatter=  0.0524
f=     5.650 Hz | ky=  0.771739E-02 | IK=      11/      66 | t=    6.958500 s | CA=  2.6067 | fact=  2.5375 | GF=  1.8142 | solve=  1.6885 | scatter=  0.0528
PARDISO mem (f=  5.65 Hz): sym=  1.95 GB  perm=  1.42 GB  num=  3.22 GB  
peak=  4.64 GB
 WD_amp= 6.96913E+13  RESID_RMS= 9.16305E-05  FCOST_DATA= 4.19808E-09  FCOST0= 4.19808E-09
  
  
BT: alpha=  2.5000E-01  phi=  4.1981E-09  rhs=  4.2008E-09
  
  
  
Convergence reached, updating parameter grid
ALPHA from line search =  .2500000000000000
 FCOST0 after linesearch  4.198077455122508E-009
Norm of s (s_norm) =  .3383917914752314E-03
  
Time for LBFGS =  6.506340026855469 min
  
 Frequency:           8 Iteration:           2
t_global   =    387.877 s
  
 -------------- calculate Frechet derivatives -----------
 IFREQ =           8    ITERATION =           2
||Frechet||_F=  5.4596E-14max|Frechet|=  9.3175E-19
||Frechet||_F=  5.4596E-14max|Frechet|=  9.3175E-19
||Frechet||_F=  5.4596E-14max|Frechet|=  9.3175E-19
||Frechet||_F=  5.4596E-14max|Frechet|=  9.3175E-19
||Frechet||_F=  5.4596E-14max|Frechet|=  9.3175E-19
 
TIME for Frechet calc =  3.470213317871094 min
 
 
  compute the residual and the cost function
 WD_amp= 6.96913E+13  RESID_RMS= 9.16305E-05  FCOST_DATA= 4.19808E-09  FCOST0= 4.19808E-09
||Frechet||_F=  5.4596E-14max|Frechet|=  9.3175E-19
Grad block   8 GRAD_SCALED MORM =   3.6341E-06
Raw grad block  8  PAR={Q13}  min= -2.1867E-11  max=  1.2954E-11  L2=  1.0489E-10
Gradient finished
Start LBFGS 
curvature (warm): s·y=  1.8357E-10  ||s||^2=  1.1451E-07  ||y||^2=  4.1399E-12  sTy_min=  6.8852E-11
LBFGS history: used= 0  skipped= 1  worst_col= 5  bad_s·y=  1.8357E-10  bad_cos_sy=  2.6661E-01
LBFGS step: g·p = -1.8666E-09  ||p||=  1.8416E-03
LBFGS step: min(p)= -1.3083E-04  max(p)=  1.4014E-04
LBFGS p_k (unscaled) stats per active parameter:
  IA=  8  PAR={Q13}  min=-4.88580E+00  max= 5.23372E+00  L2= 6.87754E+01
min(p_k)= -1.3083E-04  max(p_k)=  1.4014E-04  ||p_k||=  1.8416E-03
min(p_kf)= -1.3083E-04  max(p_kf)=  1.4014E-04  ||p_kf||=  7.3663E-03
p_k/p_kf  =   2.5000E-01
Start linesearch
MT entry: phi(0)=  4.1981E-09  dg0= -1.8666E-09  alpha0=  1.0000E+00
 UPDATEPARAMETER: f-scale only
UPDATEPARAMETER PAR_STEP min/max, V_STEP min/max =  1.7564767097E+02  2.3046837432E+02
  1.7564767097E+02  2.3046837432E+02
 WD_amp= 6.96913E+13  RESID_RMS= 2.30555E-04  FCOST_DATA= 2.65778E-08  FCOST0= 2.65778E-08
  
 -------------- calculate Frechet derivatives -----------
 IFREQ =           8    ITERATION =           2
||Frechet||_F=  5.4349E-14max|Frechet|=  9.3173E-19
||Frechet||_F=  5.4349E-14max|Frechet|=  9.3173E-19
||Frechet||_F=  5.4349E-14max|Frechet|=  9.3173E-19
||Frechet||_F=  5.4349E-14max|Frechet|=  9.3173E-19
||Frechet||_F=  5.4349E-14max|Frechet|=  9.3173E-19
||Frechet||_F=  5.4349E-14max|Frechet|=  9.3173E-19
Grad block   8 GRAD_SCALED MORM =   3.1670E-05
MT try: alpha=  1.0000E+00  phi=  2.6578E-08  dg=  2.9183E-08  dg0= -1.8666E-09
MT try: armijo_rhs=  4.1979E-09  armijo=F  curvature=F  task=FG
 UPDATEPARAMETER: f-scale only
UPDATEPARAMETER PAR_STEP min/max, V_STEP min/max =  1.7766358477E+02  2.3054861352E+02
  1.7766358477E+02  2.3054861352E+02
 WD_amp= 6.96913E+13  RESID_RMS= 9.05553E-05  FCOST_DATA= 4.10013E-09  FCOST0= 4.10013E-09
  
 -------------- calculate Frechet derivatives -----------
 IFREQ =           8    ITERATION =           2
||Frechet||_F=  5.4591E-14max|Frechet|=  9.3175E-19
||Frechet||_F=  5.4591E-14max|Frechet|=  9.3175E-19
||Frechet||_F=  5.4591E-14max|Frechet|=  9.3175E-19
||Frechet||_F=  5.4591E-14max|Frechet|=  9.3175E-19
||Frechet||_F=  5.4591E-14max|Frechet|=  9.3175E-19
||Frechet||_F=  5.4591E-14max|Frechet|=  9.3175E-19
Grad block   8 GRAD_SCALED MORM =   3.2939E-06
MT try: alpha=  2.2711E-02  phi=  4.1001E-09  dg= -1.1486E-09  dg0= -1.8666E-09
MT try: armijo_rhs=  4.1981E-09  armijo=T  curvature=T  task=FG
  
  
  
Convergence reached, updating parameter grid
ALPHA from line search =  .2271086839949296E-01
 FCOST0 after linesearch  4.100130582162120E-009
Norm of s (s_norm) =  .4182371201343010E-04
  
  
  
Time for LBFGS =  19.59023437500000 min
  
 Frequency:           8 Iteration:           3
t_global   =    386.219 s
  
 -------------- calculate Frechet derivatives -----------
 IFREQ =           8    ITERATION =           3
||Frechet||_F=  5.4591E-14max|Frechet|=  9.3175E-19
||Frechet||_F=  5.4591E-14max|Frechet|=  9.3175E-19
||Frechet||_F=  5.4591E-14max|Frechet|=  9.3175E-19
||Frechet||_F=  5.4591E-14max|Frechet|=  9.3175E-19
||Frechet||_F=  5.4591E-14max|Frechet|=  9.3175E-19
 
TIME for Frechet calc =  3.420014953613281 min
 
 
  compute the residual and the cost function
 WD_amp= 6.96913E+13  RESID_RMS= 9.05553E-05  FCOST_DATA= 4.10013E-09  FCOST0= 4.10013E-09
||Frechet||_F=  5.4591E-14max|Frechet|=  9.3175E-19
Grad block   8 GRAD_SCALED MORM =   3.2939E-06
Gradient finished
Start LBFGS 
curvature (warm): s·y=  1.6307E-11  ||s||^2=  1.7492E-09  ||y||^2=  3.4909E-13  sTy_min=  2.4711E-12
LBFGS history: used= 0  skipped= 2  worst_col= 4  bad_s·y=  1.6307E-11  bad_cos_sy=  6.5991E-01
LBFGS step: g·p = -7.6688E-10  ||p||=  1.3257E-03
LBFGS step: min(p)= -9.7493E-05  max(p)=  1.1075E-04
LBFGS p_k (unscaled) stats per active parameter:
  IA=  8  PAR={Q13}  min=-3.64098E+00  max= 4.13597E+00  L2= 4.95089E+01
min(p_k)= -9.7493E-05  max(p_k)=  1.1075E-04  ||p_k||=  1.3257E-03
min(p_kf)= -9.7493E-05  max(p_kf)=  1.1075E-04  ||p_kf||=  5.3027E-03
p_k/p_kf  =   2.5000E-01
Start linesearch
MT entry: phi(0)=  4.1001E-09  dg0= -7.6688E-10  alpha0=  1.0000E+00
 UPDATEPARAMETER: f-scale only
UPDATEPARAMETER PAR_STEP min/max, V_STEP min/max =  1.7672183302E+02  2.3046472341E+02
  1.7672183302E+02  2.3046472341E+02
 WD_amp= 6.96913E+13  RESID_RMS= 1.42231E-04  FCOST_DATA= 1.01149E-08  FCOST0= 1.01149E-08
  
 -------------- calculate Frechet derivatives -----------
 IFREQ =           8    ITERATION =           3
||Frechet||_F=  5.4447E-14max|Frechet|=  9.3174E-19
||Frechet||_F=  5.4447E-14max|Frechet|=  9.3174E-19
||Frechet||_F=  5.4447E-14max|Frechet|=  9.3174E-19
||Frechet||_F=  5.4447E-14max|Frechet|=  9.3174E-19
||Frechet||_F=  5.4447E-14max|Frechet|=  9.3174E-19
||Frechet||_F=  5.4447E-14max|Frechet|=  9.3174E-19
Grad block   8 GRAD_SCALED MORM =   1.8574E-05
MT try: alpha=  1.0000E+00  phi=  1.0115E-08  dg=  8.4198E-09  dg0= -7.6688E-10
MT try: armijo_rhs=  4.1001E-09  armijo=F  curvature=F  task=FG
 UPDATEPARAMETER: f-scale only
UPDATEPARAMETER PAR_STEP min/max, V_STEP min/max =  1.7767226622E+02  2.3053609484E+02
  1.7767226622E+02  2.3053609484E+02
 WD_amp= 6.96913E+13  RESID_RMS= 8.98896E-05  FCOST_DATA= 4.04007E-09  FCOST0= 4.04007E-09
  
 -------------- calculate Frechet derivatives -----------
 IFREQ =           8    ITERATION =           3
||Frechet||_F=  5.4585E-14max|Frechet|=  9.3175E-19
||Frechet||_F=  5.4585E-14max|Frechet|=  9.3175E-19
||Frechet||_F=  5.4585E-14max|Frechet|=  9.3175E-19
||Frechet||_F=  5.4585E-14max|Frechet|=  9.3175E-19
||Frechet||_F=  5.4585E-14max|Frechet|=  9.3175E-19
||Frechet||_F=  5.4585E-14max|Frechet|=  9.3175E-19
Grad block   8 GRAD_SCALED MORM =   3.0936E-06
MT try: alpha=  3.5088E-02  phi=  4.0401E-09  dg= -4.4039E-10  dg0= -7.6688E-10
MT try: armijo_rhs=  4.1001E-09  armijo=T  curvature=T  task=FG
  
  
  
  
  
Convergence reached, updating parameter grid
ALPHA from line search =  .3508848745530464E-01
 FCOST0 after linesearch  4.040066594412898E-009
Norm of s (s_norm) =  .4651617064727248E-04
  
Convergence check at iteration    3
  Relative cost decrease  =  1.4649E-02
  Relative model update   =  0.0000E+00
  Relative grad. norm     =  7.8668E-01
Time for LBFGS =  19.63487548828125 min
  
 Frequency:           8 Iteration:           4
t_global   =    384.432 s
  
 -------------- calculate Frechet derivatives -----------
 IFREQ =           8    ITERATION =           4
||Frechet||_F=  5.4585E-14max|Frechet|=  9.3175E-19
||Frechet||_F=  5.4585E-14max|Frechet|=  9.3175E-19
||Frechet||_F=  5.4585E-14max|Frechet|=  9.3175E-19
||Frechet||_F=  5.4585E-14max|Frechet|=  9.3175E-19
||Frechet||_F=  5.4585E-14max|Frechet|=  9.3175E-19
||Frechet||_F=  5.4585E-14max|Frechet|=  9.3175E-19
 
TIME for Frechet calc =  3.471578216552734 min
 
 
  compute the residual and the cost function
 WD_amp= 6.96913E+13  RESID_RMS= 8.98896E-05  FCOST_DATA= 4.04007E-09  FCOST0= 4.04007E-09
Grad block   8 GRAD_SCALED MORM =   3.0936E-06
Gradient finished
Start LBFGS 
curvature (warm): s·y=  1.1456E-11  ||s||^2=  2.1638E-09  ||y||^2=  2.7283E-13  sTy_min=  2.4297E-12
LBFGS history: used= 0  skipped= 3  worst_col= 3  bad_s·y=  1.1456E-11  bad_cos_sy=  4.7151E-01
LBFGS step: g·p = -3.2812E-10  ||p||=  1.0928E-03
LBFGS step: min(p)= -7.8243E-05  max(p)=  8.8562E-05
LBFGS p_k (unscaled) stats per active parameter:
  IA=  8  PAR={Q13}  min=-2.92208E+00  max= 3.30744E+00  L2= 4.08102E+01
min(p_k)= -7.8243E-05  max(p_k)=  8.8562E-05  ||p_k||=  1.0928E-03
min(p_kf)= -7.8243E-05  max(p_kf)=  8.8562E-05  ||p_kf||=  4.3710E-03
p_k/p_kf  =   2.5000E-01
Start linesearch
MT entry: phi(0)=  4.0401E-09  dg0= -3.2812E-10  alpha0=  1.0000E+00
 UPDATEPARAMETER: f-scale only
UPDATEPARAMETER PAR_STEP min/max, V_STEP min/max =  1.7748987750E+02  2.3046622121E+02
  1.7748987750E+02  2.3046622121E+02
 WD_amp= 6.96913E+13  RESID_RMS= 9.84235E-05  FCOST_DATA= 4.84359E-09  FCOST0= 4.84359E-09
  
 -------------- calculate Frechet derivatives -----------
 IFREQ =           8    ITERATION =           4
||Frechet||_F=  5.4534E-14max|Frechet|=  9.3174E-19
||Frechet||_F=  5.4534E-14max|Frechet|=  9.3174E-19
||Frechet||_F=  5.4534E-14max|Frechet|=  9.3174E-19
||Frechet||_F=  5.4534E-14max|Frechet|=  9.3174E-19
||Frechet||_F=  5.4534E-14max|Frechet|=  9.3174E-19
||Frechet||_F=  5.4534E-14max|Frechet|=  9.3174E-19
Grad block   8 GRAD_SCALED MORM =   8.3296E-06
MT try: alpha=  1.0000E+00  phi=  4.8436E-09  dg=  1.0510E-09  dg0= -3.2812E-10
MT try: armijo_rhs=  4.0400E-09  armijo=F  curvature=F  task=FG
 UPDATEPARAMETER: f-scale only
UPDATEPARAMETER PAR_STEP min/max, V_STEP min/max =  1.7768139516E+02  2.3050593633E+02
  1.7768139516E+02  2.3050593633E+02
 WD_amp= 6.96913E+13  RESID_RMS= 8.95189E-05  FCOST_DATA= 4.00681E-09  FCOST0= 4.00681E-09
  
 -------------- calculate Frechet derivatives -----------
 IFREQ =           8    ITERATION =           4
||Frechet||_F=  5.4581E-14max|Frechet|=  9.3175E-19
||Frechet||_F=  5.4581E-14max|Frechet|=  9.3175E-19
||Frechet||_F=  5.4581E-14max|Frechet|=  9.3175E-19
||Frechet||_F=  5.4581E-14max|Frechet|=  9.3175E-19
||Frechet||_F=  5.4581E-14max|Frechet|=  9.3175E-19
||Frechet||_F=  5.4581E-14max|Frechet|=  9.3175E-19
Grad block   8 GRAD_SCALED MORM =   3.0039E-06
MT try: alpha=  8.6286E-02  phi=  4.0068E-09  dg= -2.0832E-10  dg0= -3.2812E-10
MT try: armijo_rhs=  4.0401E-09  armijo=T  curvature=T  task=FG
  
  
  
  
  
Convergence reached, updating parameter grid
ALPHA from line search =  .8628552233058041E-01
 FCOST0 after linesearch  4.006812595938704E-009
Norm of s (s_norm) =  .9428930658730534E-04
  
Convergence check at iteration    4
  Relative cost decrease  =  8.2311E-03
  Relative model update   =  0.0000E+00
  Relative grad. norm     =  4.7995E-01
Time for LBFGS =  19.67549845377604 min
  
 Frequency:           8 Iteration:           5
t_global   =    385.434 s
  
 -------------- calculate Frechet derivatives -----------
 IFREQ =           8    ITERATION =           5
||Frechet||_F=  5.4581E-14max|Frechet|=  9.3175E-19
||Frechet||_F=  5.4581E-14max|Frechet|=  9.3175E-19
||Frechet||_F=  5.4581E-14max|Frechet|=  9.3175E-19
||Frechet||_F=  5.4581E-14max|Frechet|=  9.3175E-19
||Frechet||_F=  5.4581E-14max|Frechet|=  9.3175E-19
 
TIME for Frechet calc =  3.463548278808594 min
 
 
  compute the residual and the cost function
 WD_amp= 6.96913E+13  RESID_RMS= 8.95189E-05  FCOST_DATA= 4.00681E-09  FCOST0= 4.00681E-09
||Frechet||_F=  5.4581E-14max|Frechet|=  9.3175E-19
Grad block   8 GRAD_SCALED MORM =   3.0039E-06
Gradient finished
Start LBFGS 
curvature (warm): s·y=  1.0337E-11  ||s||^2=  8.8905E-09  ||y||^2=  2.8497E-13  sTy_min=  5.0334E-12
LBFGS history: used= 0  skipped= 4  worst_col= 2  bad_s·y=  1.0337E-11  bad_cos_sy=  2.0537E-01
LBFGS step: g·p = -2.3575E-10  ||p||=  1.0463E-03
LBFGS step: min(p)= -6.9515E-05  max(p)=  9.0829E-05
LBFGS p_k (unscaled) stats per active parameter:
  IA=  8  PAR={Q13}  min=-2.59612E+00  max= 3.39212E+00  L2= 3.90745E+01
min(p_k)= -6.9515E-05  max(p_k)=  9.0829E-05  ||p_k||=  1.0463E-03
min(p_kf)= -6.9515E-05  max(p_kf)=  9.0829E-05  ||p_kf||=  4.1851E-03
p_k/p_kf  =   2.5000E-01
Start linesearch
MT entry: phi(0)=  4.0068E-09  dg0= -2.3575E-10  alpha0=  1.0000E+00
 UPDATEPARAMETER: f-scale only
UPDATEPARAMETER PAR_STEP min/max, V_STEP min/max =  1.7746736610E+02  2.3048195545E+02
  1.7746736610E+02  2.3048195545E+02
 WD_amp= 6.96913E+13  RESID_RMS= 9.48539E-05  FCOST_DATA= 4.49863E-09  FCOST0= 4.49863E-09
  
 -------------- calculate Frechet derivatives -----------
 IFREQ =           8    ITERATION =           5
||Frechet||_F=  5.4600E-14max|Frechet|=  9.3175E-19
||Frechet||_F=  5.4600E-14max|Frechet|=  9.3175E-19
||Frechet||_F=  5.4600E-14max|Frechet|=  9.3175E-19
||Frechet||_F=  5.4600E-14max|Frechet|=  9.3175E-19
||Frechet||_F=  5.4600E-14max|Frechet|=  9.3175E-19
||Frechet||_F=  5.4600E-14max|Frechet|=  9.3175E-19
Grad block   8 GRAD_SCALED MORM =   4.0194E-06
MT try: alpha=  1.0000E+00  phi=  4.4986E-09  dg=  9.5471E-11  dg0= -2.3575E-10
MT try: armijo_rhs=  4.0068E-09  armijo=F  curvature=T  task=FG
 UPDATEPARAMETER: f-scale only
UPDATEPARAMETER PAR_STEP min/max, V_STEP min/max =  1.7767578586E+02  2.3048295355E+02
  1.7767578586E+02  2.3048295355E+02
 WD_amp= 6.96913E+13  RESID_RMS= 8.95534E-05  FCOST_DATA= 4.00991E-09  FCOST0= 4.00991E-09
  
 -------------- calculate Frechet derivatives -----------
 IFREQ =           8    ITERATION =           5
||Frechet||_F=  5.4582E-14max|Frechet|=  9.3175E-19
||Frechet||_F=  5.4582E-14max|Frechet|=  9.3175E-19
||Frechet||_F=  5.4582E-14max|Frechet|=  9.3175E-19
||Frechet||_F=  5.4582E-14max|Frechet|=  9.3175E-19
||Frechet||_F=  5.4582E-14max|Frechet|=  9.3175E-19
||Frechet||_F=  5.4582E-14max|Frechet|=  9.3175E-19
Grad block   8 GRAD_SCALED MORM =   2.9831E-06
MT try: alpha=  6.7857E-02  phi=  4.0099E-09  dg= -2.1333E-10  dg0= -2.3575E-10
MT try: armijo_rhs=  4.0068E-09  armijo=F  curvature=F  task=FG
 UPDATEPARAMETER: f-scale only
UPDATEPARAMETER PAR_STEP min/max, V_STEP min/max =  1.7768042485E+02  2.3050196073E+02
  1.7768042485E+02  2.3050196073E+02
 WD_amp= 6.96913E+13  RESID_RMS= 8.95213E-05  FCOST_DATA= 4.00703E-09  FCOST0= 4.00703E-09
LS STOP (stagnation): alpha=  1.1738E-02  FCOST1=  4.0070E-09  FCOST0=  4.0068E-09
 Line search failed (IFLAG=          11 ), inversion diverged.
 --------- Frequency   6.20000000000000       (band            1 )
Data weighting computed for frequency 4607182418800017373
[ComputeAcqWeight] empty acq_weight_file, using uniform weights = 1.0
Data weighting computed for frequency 4607182418800017373
Data weighting computed for frequency 4607182418800017373
Data weighting computed for frequency 4607182418800017373
XSRmin, XSRmax, ZSRmin, ZSRMax -1960.000000000000 .000000000000000 2050.000000000000 4030.000000000000
Data weighting computed for frequency 4607182418800017373
1 FKYC
1.2 FKYC
my_rank, FKYC,WLMAX, RMAX 0 .5081184639719144E-01 826.2546443294791 2786.036611389018
1.1 NK
NK in cky2= 66

Data weighting computed for frequency 4607182418800017373
  Number of wavenumber samples (NK) for FREQ =   66
  RMAX = 2786.04
--- Pre-solver preview (memory + RHS workload) ---
   GQG dims: NNX=       585  NNZ=       317  NPT=    185445
   DOF:     N=3*NPT =    556335
   Sources: NSR=       100  NSS=        20  NK=        66
   RHS total (per IK): nrhs_tot=3*NSS =        60
   Batch:    MAX_RHS_BATCH=        32  nbatches=         2
   GFMY  (GFX+GFY+GFZ):         16.414 GB
   RHS_MY(rhs+sol buffers):      0.531 GB
 
 running run_ik_loop_pardiso
before CA | VmRSS=  18.104 GB  VmHWM=  95.009 GB
after CA | VmRSS=  19.932 GB  VmHWM=  95.009 GB
after factor | VmRSS=  23.683 GB  VmHWM=  95.009 GB
f=     6.200 Hz | ky=  0.769876E-03 | IK=       1/      66 | t=   17.217100 s | CA=  2.4971 | fact= 12.8194 | GF=  1.9002 | solve=  1.7465 | scatter=  0.0515
f=     6.200 Hz | ky=  0.153975E-02 | IK=       2/      66 | t=    6.877800 s | CA=  2.5600 | fact=  2.5171 | GF=  1.8006 | solve=  1.6731 | scatter=  0.0548
f=     6.200 Hz | ky=  0.230963E-02 | IK=       3/      66 | t=    6.839200 s | CA=  2.5456 | fact=  2.4987 | GF=  1.7949 | solve=  1.6709 | scatter=  0.0510
f=     6.200 Hz | ky=  0.307951E-02 | IK=       4/      66 | t=    6.871200 s | CA=  2.5433 | fact=  2.5295 | GF=  1.7984 | solve=  1.6745 | scatter=  0.0514
f=     6.200 Hz | ky=  0.384938E-02 | IK=       5/      66 | t=    6.904300 s | CA=  2.5920 | fact=  2.5152 | GF=  1.7971 | solve=  1.6736 | scatter=  0.0511
f=     6.200 Hz | ky=  0.461926E-02 | IK=       6/      66 | t=    6.886500 s | CA=  2.5453 | fact=  2.5381 | GF=  1.8030 | solve=  1.6760 | scatter=  0.0542
f=     6.200 Hz | ky=  0.538914E-02 | IK=       7/      66 | t=    6.897800 s | CA=  2.5686 | fact=  2.5277 | GF=  1.8015 | solve=  1.6770 | scatter=  0.0519
f=     6.200 Hz | ky=  0.615901E-02 | IK=       8/      66 | t=    6.854400 s | CA=  2.5555 | fact=  2.5284 | GF=  1.7704 | solve=  1.6457 | scatter=  0.0519
f=     6.200 Hz | ky=  0.692889E-02 | IK=       9/      66 | t=    6.895900 s | CA=  2.5898 | fact=  2.5272 | GF=  1.7789 | solve=  1.6535 | scatter=  0.0525
f=     6.200 Hz | ky=  0.769876E-02 | IK=      10/      66 | t=    6.847700 s | CA=  2.5496 | fact=  2.5334 | GF=  1.7647 | solve=  1.6411 | scatter=  0.0509
f=     6.200 Hz | ky=  0.846864E-02 | IK=      11/      66 | t=    6.829900 s | CA=  2.5278 | fact=  2.5400 | GF=  1.7620 | solve=  1.6376 | scatter=  0.0516
PARDISO mem (f=  6.20 Hz): sym=  1.95 GB  perm=  1.42 GB  num=  3.22 GB  
peak=  4.64 GB
t_global   =    131.431 s
TIME for 1st forward modeling =  2.190443420410156  min
TIME for GT0 =  .6318333248297374E-02  min
Data scaler W for L2 norm: 74609991057523.44
Data scaler W for WQS norm: .1007948000807317E-312
Total number of active inversion parameters for current sequential stage (IM):          1
Total model blocks points (NM = IM * NBLOCK):      11534 on grid (NMM = IM * NPT):    185445
 Gradient balance ():   1.00000000000000        1.00000000000000     
   1.00000000000000        1.00000000000000        1.00000000000000     
   1.00000000000000        1.00000000000000        1.00000000000000     
   1.00000000000000        1.00000000000000        1.00000000000000     
 IE0, IZ          30           0
 IE0, IZ, GZ1, GZ2 =           30           0   100.000000000000     
   300.000000000000     
  
 Frequency:           9 Iteration:           1
--- Pre-solver preview (memory + RHS workload) ---
   GQG dims: NNX=       585  NNZ=       317  NPT=    185445
   DOF:     N=3*NPT =    556335
   Sources: NSR=       100  NSS=       100  NK=        66
   RHS total (per IK): nrhs_tot=3*NSS =       300
   Batch:    MAX_RHS_BATCH=        32  nbatches=        10
   GFMY  (GFX+GFY+GFZ):         82.071 GB
   RHS_MY(rhs+sol buffers):      0.531 GB
 
 running run_ik_loop_pardiso
before CA | VmRSS=  84.598 GB  VmHWM=  95.009 GB
after CA | VmRSS=  85.472 GB  VmHWM=  95.009 GB
after factor | VmRSS=  89.239 GB  VmHWM=  95.009 GB
f=     6.200 Hz | ky=  0.769876E-03 | IK=       1/      66 | t=   24.247600 s | CA=  2.5279 | fact= 12.8156 | GF=  8.9039 | solve=  8.2415 | scatter=  0.2550
f=     6.200 Hz | ky=  0.153975E-02 | IK=       2/      66 | t=   13.886500 s | CA=  2.5417 | fact=  2.5383 | GF=  8.8064 | solve=  8.1697 | scatter=  0.2589
f=     6.200 Hz | ky=  0.230963E-02 | IK=       3/      66 | t=   13.957500 s | CA=  2.5899 | fact=  2.5450 | GF=  8.8226 | solve=  8.1895 | scatter=  0.2546
f=     6.200 Hz | ky=  0.307951E-02 | IK=       4/      66 | t=   13.892400 s | CA=  2.5542 | fact=  2.5268 | GF=  8.8114 | solve=  8.1744 | scatter=  0.2579
f=     6.200 Hz | ky=  0.384938E-02 | IK=       5/      66 | t=   13.992600 s | CA=  2.6163 | fact=  2.5516 | GF=  8.8246 | solve=  8.1905 | scatter=  0.2551
f=     6.200 Hz | ky=  0.461926E-02 | IK=       6/      66 | t=   13.931000 s | CA=  2.5773 | fact=  2.5352 | GF=  8.8185 | solve=  8.1813 | scatter=  0.2578
f=     6.200 Hz | ky=  0.538914E-02 | IK=       7/      66 | t=   13.913200 s | CA=  2.5450 | fact=  2.5488 | GF=  8.8193 | solve=  8.1858 | scatter=  0.2547
f=     6.200 Hz | ky=  0.615901E-02 | IK=       8/      66 | t=   13.962900 s | CA=  2.6006 | fact=  2.5427 | GF=  8.8196 | solve=  8.1817 | scatter=  0.2572
f=     6.200 Hz | ky=  0.692889E-02 | IK=       9/      66 | t=   13.938100 s | CA=  2.5601 | fact=  2.5435 | GF=  8.8344 | solve=  8.1887 | scatter=  0.2660
f=     6.200 Hz | ky=  0.769876E-02 | IK=      10/      66 | t=   13.938100 s | CA=  2.5492 | fact=  2.5444 | GF=  8.8444 | solve=  8.2054 | scatter=  0.2585
f=     6.200 Hz | ky=  0.846864E-02 | IK=      11/      66 | t=   14.057400 s | CA=  2.6470 | fact=  2.5674 | GF=  8.8429 | solve=  8.2055 | scatter=  0.2566
PARDISO mem (f=  6.20 Hz): sym=  1.95 GB  perm=  1.42 GB  num=  3.22 GB  
peak=  4.64 GB
t_global   =    384.867 s
TIME for 2d forward modeling_i calc =  6.412798563639323 min
Rank    4 -> ID range:   3201 to   4000 | Tasks:    800
Rank    5 -> ID range:   4001 to   4800 | Tasks:    800
Rank    2 -> ID range:   1601 to   2400 | Tasks:    800
Rank    3 -> ID range:   2401 to   3200 | Tasks:    800
Rank    1 -> ID range:    801 to   1600 | Tasks:    800
  
 -------------- calculate Frechet derivatives -----------
 IFREQ =           9    ITERATION =           1
Frechet memory size Frec_my:      0.825 (Gb)
Rank    0 -> ID range:      1 to    800 | Tasks:    800
FREQ:      6.2 Hz, ITER=       1  Frechet Derivative ID=     100/    4800 Finished   0.255400 s
FREQ:      6.2 Hz, ITER=       1  Frechet Derivative ID=     200/    4800 Finished   0.255000 s
FREQ:      6.2 Hz, ITER=       1  Frechet Derivative ID=     300/    4800 Finished   0.255600 s
FREQ:      6.2 Hz, ITER=       1  Frechet Derivative ID=     400/    4800 Finished   0.238900 s
FREQ:      6.2 Hz, ITER=       1  Frechet Derivative ID=     500/    4800 Finished   0.255000 s
FREQ:      6.2 Hz, ITER=       1  Frechet Derivative ID=     600/    4800 Finished   0.255100 s
FREQ:      6.2 Hz, ITER=       1  Frechet Derivative ID=     700/    4800 Finished   0.255800 s
FREQ:      6.2 Hz, ITER=       1  Frechet Derivative ID=     800/    4800 Finished   0.254000 s
||Frechet||_F=  5.5291E-14max|Frechet|=  9.5100E-19
||Frechet||_F=  5.5291E-14max|Frechet|=  9.5100E-19
||Frechet||_F=  5.5291E-14max|Frechet|=  9.5100E-19
||Frechet||_F=  5.5291E-14max|Frechet|=  9.5100E-19
||Frechet||_F=  5.5291E-14max|Frechet|=  9.5100E-19
 
TIME for Frechet calc =  3.471973419189453 min
 
m_fine: min=  1.7768E+02  max=  2.3051E+02  mean=  2.1165E+02  ||.||2=  9.1539E+04  size=  185445
m_coarse_prev: min=  1.7800E+02  max=  2.2995E+02  mean=  2.1167E+02  ||.||2=  2.2831E+04  size=   11534
 
  compute the residual and the cost function
 WD_amp= 7.46100E+13  RESID_RMS= 9.81611E-05  FCOST_DATA= 4.81780E-09  FCOST0= 4.81780E-09
||Frechet||_F=  5.5291E-14max|Frechet|=  9.5100E-19
IA=  8  H(single F0) min= 0.00000E+00  max= 2.82773E-02
IA=  8  H(F0^2)     min= 0.00000E+00  max= 2.82773E-02
HESSD: ia=   8  min= 0.00000E+00  max= 7.07157E+03
IA=  8  H(single F0) min= 0.00000E+00  max= 2.82773E-02
IA=  8  H(F0^2)     min= 0.00000E+00  max= 2.82773E-02
HESSD: ia=   8  min= 0.00000E+00  max= 7.07157E+03
IA=  8  H(single F0) min= 0.00000E+00  max= 2.82773E-02
IA=  8  H(F0^2)     min= 0.00000E+00  max= 2.82773E-02
HESSD: ia=   8  min= 0.00000E+00  max= 7.07157E+03
IA=  8  H(single F0) min= 0.00000E+00  max= 2.82773E-02
IA=  8  H(F0^2)     min= 0.00000E+00  max= 2.82773E-02
HESSD: ia=   8  min= 0.00000E+00  max= 7.07157E+03
IA=  8  H(single F0) min= 0.00000E+00  max= 2.82773E-02
IA=  8  H(F0^2)     min= 0.00000E+00  max= 2.82773E-02
HESSD: ia=   8  min= 0.00000E+00  max= 7.07157E+03
IA=  8  H(single F0) min= 0.00000E+00  max= 2.82773E-02
IA=  8  H(F0^2)     min= 0.00000E+00  max= 2.82773E-02
HESSD: ia=   8  min= 0.00000E+00  max= 7.07157E+03
Grad block   8 GRAD_SCALED MORM =   4.6436E-06
Raw grad block  8  PAR={Q13}  min= -3.1607E-11  max=  1.7038E-11  L2=  1.3863E-10
Gradient finished
Start LBFGS 
LBFGS steepest step , iter=      1
  g·p = -1.5955E-09  ||p|| =  1.5423E-03
  min(p)= -8.2859E-05  max(p)=  1.3037E-04
LBFGS p_k (unscaled) stats per active parameter:
  IA=  8  PAR={Q13}  min=-3.09446E+00  max= 4.86883E+00  L2= 5.75971E+01
min(p_k)= -8.2859E-05  max(p_k)=  1.3037E-04  ||p_k||=  1.5423E-03
min(p_kf)= -8.2859E-05  max(p_kf)=  1.3037E-04  ||p_kf||=  6.1690E-03
p_k/p_kf  =   2.5000E-01
Start linesearch
BT entry: phi(0)=  4.8178E-09  g·p(0)= -1.5955E-09
 UPDATEPARAMETER: f-scale only
UPDATEPARAMETER PAR_STEP min/max, V_STEP min/max =  1.7729466354E+02  2.3044440865E+02
  1.7729466354E+02  2.3044440865E+02
REL STEP Q      : k=  8 row=  3 rmax_k=  2.4350E-02 row_scale=  2.3051E+02
BT cap probe: rmax1=  2.4350E-02  alpha_cap=  1.0000E+00  alpha00=  1.0000E+00
 UPDATEPARAMETER: f-scale only
UPDATEPARAMETER PAR_STEP min/max, V_STEP min/max =  1.7729466354E+02  2.3044440865E+02
  1.7729466354E+02  2.3044440865E+02
 running run_ik_loop_pardiso
before CA | VmRSS=  18.949 GB  VmHWM=  95.009 GB
after CA | VmRSS=  20.235 GB  VmHWM=  95.009 GB
after factor | VmRSS=  23.996 GB  VmHWM=  95.009 GB
f=     6.200 Hz | ky=  0.769876E-03 | IK=       1/      66 | t=   17.311900 s | CA=  2.5586 | fact= 12.8481 | GF=  1.9050 | solve=  1.7509 | scatter=  0.0514
f=     6.200 Hz | ky=  0.153975E-02 | IK=       2/      66 | t=    6.890000 s | CA=  2.5549 | fact=  2.5303 | GF=  1.8048 | solve=  1.6784 | scatter=  0.0535
f=     6.200 Hz | ky=  0.230963E-02 | IK=       3/      66 | t=    6.921100 s | CA=  2.5821 | fact=  2.5342 | GF=  1.8048 | solve=  1.6800 | scatter=  0.0521
f=     6.200 Hz | ky=  0.307951E-02 | IK=       4/      66 | t=    6.904800 s | CA=  2.5769 | fact=  2.5209 | GF=  1.8069 | solve=  1.6826 | scatter=  0.0516
f=     6.200 Hz | ky=  0.384938E-02 | IK=       5/      66 | t=    6.941900 s | CA=  2.5983 | fact=  2.5443 | GF=  1.7992 | solve=  1.6751 | scatter=  0.0513
f=     6.200 Hz | ky=  0.461926E-02 | IK=       6/      66 | t=    6.964200 s | CA=  2.6104 | fact=  2.5493 | GF=  1.8044 | solve=  1.6789 | scatter=  0.0525
f=     6.200 Hz | ky=  0.538914E-02 | IK=       7/      66 | t=    6.817700 s | CA=  2.5450 | fact=  2.4701 | GF=  1.8025 | solve=  1.6753 | scatter=  0.0543
f=     6.200 Hz | ky=  0.615901E-02 | IK=       8/      66 | t=    6.975000 s | CA=  2.6102 | fact=  2.5566 | GF=  1.8082 | solve=  1.6838 | scatter=  0.0515
f=     6.200 Hz | ky=  0.692889E-02 | IK=       9/      66 | t=    6.964200 s | CA=  2.6043 | fact=  2.5495 | GF=  1.8104 | solve=  1.6848 | scatter=  0.0527
f=     6.200 Hz | ky=  0.769876E-02 | IK=      10/      66 | t=    6.916100 s | CA=  2.5859 | fact=  2.5192 | GF=  1.8109 | solve=  1.6855 | scatter=  0.0525
f=     6.200 Hz | ky=  0.846864E-02 | IK=      11/      66 | t=    6.922600 s | CA=  2.5773 | fact=  2.5397 | GF=  1.8055 | solve=  1.6825 | scatter=  0.0501
PARDISO mem (f=  6.20 Hz): sym=  1.95 GB  perm=  1.42 GB  num=  3.22 GB  
peak=  4.64 GB
 WD_amp= 7.46100E+13  RESID_RMS= 1.89668E-04  FCOST_DATA= 1.79870E-08  FCOST0= 1.79870E-08
BT: alpha=  1.0000E+00  phi=  1.7987E-08  rhs=  4.8176E-09
 UPDATEPARAMETER: f-scale only
UPDATEPARAMETER PAR_STEP min/max, V_STEP min/max =  1.7748802935E+02  2.3047517249E+02
  1.7748802935E+02  2.3047517249E+02
 running run_ik_loop_pardiso
before CA | VmRSS=  18.943 GB  VmHWM=  95.009 GB
after CA | VmRSS=  19.794 GB  VmHWM=  95.009 GB
after factor | VmRSS=  23.558 GB  VmHWM=  95.009 GB
f=     6.200 Hz | ky=  0.769876E-03 | IK=       1/      66 | t=   17.265900 s | CA=  2.5161 | fact= 12.8360 | GF=  1.9136 | solve=  1.7579 | scatter=  0.0530
f=     6.200 Hz | ky=  0.153975E-02 | IK=       2/      66 | t=    6.935700 s | CA=  2.5866 | fact=  2.5448 | GF=  1.8043 | solve=  1.6788 | scatter=  0.0527
f=     6.200 Hz | ky=  0.230963E-02 | IK=       3/      66 | t=    6.892100 s | CA=  2.5603 | fact=  2.5222 | GF=  1.8096 | solve=  1.6826 | scatter=  0.0542
f=     6.200 Hz | ky=  0.307951E-02 | IK=       4/      66 | t=    6.923100 s | CA=  2.5870 | fact=  2.5323 | GF=  1.8038 | solve=  1.6792 | scatter=  0.0518
f=     6.200 Hz | ky=  0.384938E-02 | IK=       5/      66 | t=    6.928900 s | CA=  2.5993 | fact=  2.5205 | GF=  1.8091 | solve=  1.6836 | scatter=  0.0527
f=     6.200 Hz | ky=  0.461926E-02 | IK=       6/      66 | t=    6.944300 s | CA=  2.6139 | fact=  2.5296 | GF=  1.8007 | solve=  1.6749 | scatter=  0.0530
f=     6.200 Hz | ky=  0.538914E-02 | IK=       7/      66 | t=    6.955700 s | CA=  2.6085 | fact=  2.5467 | GF=  1.8005 | solve=  1.6762 | scatter=  0.0515
f=     6.200 Hz | ky=  0.615901E-02 | IK=       8/      66 | t=    6.936600 s | CA=  2.5936 | fact=  2.5425 | GF=  1.8005 | solve=  1.6769 | scatter=  0.0508
f=     6.200 Hz | ky=  0.692889E-02 | IK=       9/      66 | t=    6.973700 s | CA=  2.6252 | fact=  2.5454 | GF=  1.8030 | solve=  1.6807 | scatter=  0.0495
f=     6.200 Hz | ky=  0.769876E-02 | IK=      10/      66 | t=    6.933600 s | CA=  2.5772 | fact=  2.5504 | GF=  1.8059 | solve=  1.6793 | scatter=  0.0534
f=     6.200 Hz | ky=  0.846864E-02 | IK=      11/      66 | t=    6.973100 s | CA=  2.6405 | fact=  2.5287 | GF=  1.8038 | solve=  1.6795 | scatter=  0.0511
PARDISO mem (f=  6.20 Hz): sym=  1.95 GB  perm=  1.42 GB  num=  3.22 GB  
peak=  4.64 GB
 WD_amp= 7.46100E+13  RESID_RMS= 1.20799E-04  FCOST_DATA= 7.29626E-09  FCOST0= 7.29626E-09
BT: alpha=  5.0000E-01  phi=  7.2963E-09  rhs=  4.8177E-09
 UPDATEPARAMETER: f-scale only
UPDATEPARAMETER PAR_STEP min/max, V_STEP min/max =  1.7758471225E+02  2.3049055441E+02
  1.7758471225E+02  2.3049055441E+02
 running run_ik_loop_pardiso
before CA | VmRSS=  19.533 GB  VmHWM=  95.009 GB
after CA | VmRSS=  19.658 GB  VmHWM=  95.009 GB
after factor | VmRSS=  23.430 GB  VmHWM=  95.009 GB
f=     6.200 Hz | ky=  0.769876E-03 | IK=       1/      66 | t=   17.338300 s | CA=  2.5982 | fact= 12.8263 | GF=  1.9136 | solve=  1.7587 | scatter=  0.0523
f=     6.200 Hz | ky=  0.153975E-02 | IK=       2/      66 | t=    6.918900 s | CA=  2.5820 | fact=  2.5285 | GF=  1.8083 | solve=  1.6834 | scatter=  0.0520
f=     6.200 Hz | ky=  0.230963E-02 | IK=       3/      66 | t=    6.929400 s | CA=  2.5897 | fact=  2.5348 | GF=  1.8048 | solve=  1.6801 | scatter=  0.0515
f=     6.200 Hz | ky=  0.307951E-02 | IK=       4/      66 | t=    6.917200 s | CA=  2.5782 | fact=  2.5370 | GF=  1.8020 | solve=  1.6772 | scatter=  0.0521
f=     6.200 Hz | ky=  0.384938E-02 | IK=       5/      66 | t=    6.963800 s | CA=  2.6300 | fact=  2.5278 | GF=  1.8060 | solve=  1.6806 | scatter=  0.0523
f=     6.200 Hz | ky=  0.461926E-02 | IK=       6/      66 | t=    6.928600 s | CA=  2.5936 | fact=  2.5249 | GF=  1.8101 | solve=  1.6821 | scatter=  0.0546
f=     6.200 Hz | ky=  0.538914E-02 | IK=       7/      66 | t=    6.976000 s | CA=  2.6255 | fact=  2.5429 | GF=  1.8075 | solve=  1.6855 | scatter=  0.0490
f=     6.200 Hz | ky=  0.615901E-02 | IK=       8/      66 | t=    6.942200 s | CA=  2.5902 | fact=  2.5441 | GF=  1.8079 | solve=  1.6833 | scatter=  0.0517
f=     6.200 Hz | ky=  0.692889E-02 | IK=       9/      66 | t=    6.923600 s | CA=  2.5821 | fact=  2.5315 | GF=  1.8100 | solve=  1.6853 | scatter=  0.0518
f=     6.200 Hz | ky=  0.769876E-02 | IK=      10/      66 | t=    6.943500 s | CA=  2.5767 | fact=  2.5515 | GF=  1.8153 | solve=  1.6873 | scatter=  0.0548
f=     6.200 Hz | ky=  0.846864E-02 | IK=      11/      66 | t=    6.959000 s | CA=  2.6102 | fact=  2.5447 | GF=  1.8041 | solve=  1.6803 | scatter=  0.0509
PARDISO mem (f=  6.20 Hz): sym=  1.95 GB  perm=  1.42 GB  num=  3.22 GB  
peak=  4.64 GB
 WD_amp= 7.46100E+13  RESID_RMS= 1.00207E-04  FCOST_DATA= 5.02074E-09  FCOST0= 5.02074E-09
BT: alpha=  2.5000E-01  phi=  5.0207E-09  rhs=  4.8178E-09
 UPDATEPARAMETER: f-scale only
UPDATEPARAMETER PAR_STEP min/max, V_STEP min/max =  1.7763305370E+02  2.3049824537E+02
  1.7763305370E+02  2.3049824537E+02
 running run_ik_loop_pardiso
before CA | VmRSS=  18.960 GB  VmHWM=  95.009 GB
after CA | VmRSS=  20.452 GB  VmHWM=  95.009 GB
after factor | VmRSS=  24.222 GB  VmHWM=  95.009 GB
f=     6.200 Hz | ky=  0.769876E-03 | IK=       1/      66 | t=   17.222300 s | CA=  2.4886 | fact= 12.8291 | GF=  1.9044 | solve=  1.7497 | scatter=  0.0524
f=     6.200 Hz | ky=  0.153975E-02 | IK=       2/      66 | t=    6.916600 s | CA=  2.5742 | fact=  2.5339 | GF=  1.8084 | solve=  1.6827 | scatter=  0.0531
f=     6.200 Hz | ky=  0.230963E-02 | IK=       3/      66 | t=    6.872500 s | CA=  2.5385 | fact=  2.5338 | GF=  1.8001 | solve=  1.6768 | scatter=  0.0502
f=     6.200 Hz | ky=  0.307951E-02 | IK=       4/      66 | t=    6.921700 s | CA=  2.5770 | fact=  2.5399 | GF=  1.8048 | solve=  1.6800 | scatter=  0.0518
f=     6.200 Hz | ky=  0.384938E-02 | IK=       5/      66 | t=    6.847700 s | CA=  2.5873 | fact=  2.4580 | GF=  1.8023 | solve=  1.6757 | scatter=  0.0538
f=     6.200 Hz | ky=  0.461926E-02 | IK=       6/      66 | t=    6.966500 s | CA=  2.6176 | fact=  2.5429 | GF=  1.8059 | solve=  1.6815 | scatter=  0.0516
f=     6.200 Hz | ky=  0.538914E-02 | IK=       7/      66 | t=    6.871400 s | CA=  2.5406 | fact=  2.5194 | GF=  1.8114 | solve=  1.6851 | scatter=  0.0531
f=     6.200 Hz | ky=  0.615901E-02 | IK=       8/      66 | t=    6.968300 s | CA=  2.6281 | fact=  2.5364 | GF=  1.8037 | solve=  1.6788 | scatter=  0.0520
f=     6.200 Hz | ky=  0.692889E-02 | IK=       9/      66 | t=    6.931200 s | CA=  2.6011 | fact=  2.5271 | GF=  1.8030 | solve=  1.6797 | scatter=  0.0503
f=     6.200 Hz | ky=  0.769876E-02 | IK=      10/      66 | t=    6.956800 s | CA=  2.6000 | fact=  2.5475 | GF=  1.8092 | solve=  1.6824 | scatter=  0.0536
f=     6.200 Hz | ky=  0.846864E-02 | IK=      11/      66 | t=    6.921100 s | CA=  2.5850 | fact=  2.5281 | GF=  1.8080 | solve=  1.6824 | scatter=  0.0524
PARDISO mem (f=  6.20 Hz): sym=  1.95 GB  perm=  1.42 GB  num=  3.22 GB  
peak=  4.64 GB
  
 WD_amp= 7.46100E+13  RESID_RMS= 9.65289E-05  FCOST_DATA= 4.65892E-09  FCOST0= 4.65892E-09
  
BT: alpha=  1.2500E-01  phi=  4.6589E-09  rhs=  4.8178E-09
  
  
  
Convergence reached, updating parameter grid
ALPHA from line search =  .1250000000000000
 FCOST0 after linesearch  4.658915045402710E-009
Norm of s (s_norm) =  .1927818491945641E-03
  
Time for LBFGS =  8.683886718749999 min
  
 Frequency:           9 Iteration:           2
t_global   =    386.138 s
  
 -------------- calculate Frechet derivatives -----------
 IFREQ =           9    ITERATION =           2
||Frechet||_F=  5.5278E-14max|Frechet|=  9.5100E-19
||Frechet||_F=  5.5278E-14max|Frechet|=  9.5100E-19
||Frechet||_F=  5.5278E-14max|Frechet|=  9.5100E-19
||Frechet||_F=  5.5278E-14max|Frechet|=  9.5100E-19
 
TIME for Frechet calc =  3.446944936116537 min
 
 
  compute the residual and the cost function
 WD_amp= 7.46100E+13  RESID_RMS= 9.65289E-05  FCOST_DATA= 4.65892E-09  FCOST0= 4.65892E-09
||Frechet||_F=  5.5278E-14max|Frechet|=  9.5100E-19
||Frechet||_F=  5.5278E-14max|Frechet|=  9.5100E-19
Grad block   8 GRAD_SCALED MORM =   4.7789E-06
Raw grad block  8  PAR={Q13}  min= -2.2078E-11  max=  1.9001E-11  L2=  1.3532E-10
Gradient finished
Start LBFGS 
curvature (warm): s·y=  3.1895E-10  ||s||^2=  3.7165E-08  ||y||^2=  1.1388E-11  sTy_min=  6.5057E-11
LBFGS history: used= 0  skipped= 1  worst_col= 5  bad_s·y=  3.1895E-10  bad_cos_sy=  4.9027E-01
LBFGS step: g·p = -2.4801E-09  ||p||=  1.6408E-03
LBFGS step: min(p)= -1.3833E-04  max(p)=  8.6580E-05
LBFGS p_k (unscaled) stats per active parameter:
  IA=  8  PAR={Q13}  min=-5.16617E+00  max= 3.23341E+00  L2= 6.12774E+01
min(p_k)= -1.3833E-04  max(p_k)=  8.6580E-05  ||p_k||=  1.6408E-03
min(p_kf)= -1.3833E-04  max(p_kf)=  8.6580E-05  ||p_kf||=  6.5632E-03
p_k/p_kf  =   2.5000E-01
Start linesearch
MT entry: phi(0)=  4.6589E-09  dg0= -2.4801E-09  alpha0=  1.0000E+00
 UPDATEPARAMETER: f-scale only
UPDATEPARAMETER PAR_STEP min/max, V_STEP min/max =  1.7570046382E+02  2.3039989563E+02
  1.7570046382E+02  2.3039989563E+02
 WD_amp= 7.46100E+13  RESID_RMS= 2.85705E-04  FCOST_DATA= 4.08136E-08  FCOST0= 4.08136E-08
  
 -------------- calculate Frechet derivatives -----------
 IFREQ =           9    ITERATION =           2
||Frechet||_F=  5.5455E-14max|Frechet|=  9.5100E-19
||Frechet||_F=  5.5455E-14max|Frechet|=  9.5100E-19
||Frechet||_F=  5.5455E-14max|Frechet|=  9.5100E-19
||Frechet||_F=  5.5455E-14max|Frechet|=  9.5100E-19
||Frechet||_F=  5.5455E-14max|Frechet|=  9.5100E-19
||Frechet||_F=  5.5455E-14max|Frechet|=  9.5100E-19
Grad block   8 GRAD_SCALED MORM =   5.0416E-05
MT try: alpha=  1.0000E+00  phi=  4.0814E-08  dg=  4.8731E-08  dg0= -2.4801E-09
MT try: armijo_rhs=  4.6587E-09  armijo=F  curvature=F  task=FG
 UPDATEPARAMETER: f-scale only
UPDATEPARAMETER PAR_STEP min/max, V_STEP min/max =  1.7762682271E+02  2.3049633780E+02
  1.7762682271E+02  2.3049633780E+02
 WD_amp= 7.46100E+13  RESID_RMS= 9.62390E-05  FCOST_DATA= 4.63097E-09  FCOST0= 4.63097E-09
  
 -------------- calculate Frechet derivatives -----------
 IFREQ =           9    ITERATION =           2
||Frechet||_F=  5.5281E-14max|Frechet|=  9.5100E-19
||Frechet||_F=  5.5281E-14max|Frechet|=  9.5100E-19
||Frechet||_F=  5.5281E-14max|Frechet|=  9.5100E-19
||Frechet||_F=  5.5281E-14max|Frechet|=  9.5100E-19
||Frechet||_F=  5.5281E-14max|Frechet|=  9.5100E-19
||Frechet||_F=  5.5281E-14max|Frechet|=  9.5100E-19
Grad block   8 GRAD_SCALED MORM =   4.2825E-06
MT try: alpha=  1.9396E-02  phi=  4.6310E-09  dg= -1.5211E-09  dg0= -2.4801E-09
MT try: armijo_rhs=  4.6589E-09  armijo=T  curvature=T  task=FG
  
  
  
  
Convergence reached, updating parameter grid
ALPHA from line search =  .1939582616402724E-01
 FCOST0 after linesearch  4.630968759766132E-009
Norm of s (s_norm) =  .3182472893022524E-04
  
  
Time for LBFGS =  19.70406494140625 min
  
 Frequency:           9 Iteration:           3
t_global   =    385.180 s
  
 -------------- calculate Frechet derivatives -----------
 IFREQ =           9    ITERATION =           3
||Frechet||_F=  5.5281E-14max|Frechet|=  9.5100E-19
||Frechet||_F=  5.5281E-14max|Frechet|=  9.5100E-19
||Frechet||_F=  5.5281E-14max|Frechet|=  9.5100E-19
||Frechet||_F=  5.5281E-14max|Frechet|=  9.5100E-19
||Frechet||_F=  5.5281E-14max|Frechet|=  9.5100E-19
 
TIME for Frechet calc =  3.655291748046875 min
 
 
  compute the residual and the cost function
 WD_amp= 7.46100E+13  RESID_RMS= 9.62390E-05  FCOST_DATA= 4.63097E-09  FCOST0= 4.63097E-09
||Frechet||_F=  5.5281E-14max|Frechet|=  9.5100E-19
Grad block   8 GRAD_SCALED MORM =   4.2825E-06
Gradient finished
Start LBFGS 
curvature (warm): s·y=  1.8601E-11  ||s||^2=  1.0128E-09  ||y||^2=  6.2658E-13  sTy_min=  2.5192E-12
LBFGS history: used= 0  skipped= 2  worst_col= 4  bad_s·y=  1.8601E-11  bad_cos_sy=  7.3837E-01
LBFGS step: g·p = -9.9501E-10  ||p||=  1.2212E-03
LBFGS step: min(p)= -7.7968E-05  max(p)=  8.3483E-05
LBFGS p_k (unscaled) stats per active parameter:
  IA=  8  PAR={Q13}  min=-2.91178E+00  max= 3.11777E+00  L2= 4.56079E+01
min(p_k)= -7.7968E-05  max(p_k)=  8.3483E-05  ||p_k||=  1.2212E-03
min(p_kf)= -7.7968E-05  max(p_kf)=  8.3483E-05  ||p_kf||=  4.8849E-03
p_k/p_kf  =   2.5000E-01
Start linesearch
MT entry: phi(0)=  4.6310E-09  dg0= -9.9501E-10  alpha0=  1.0000E+00
 UPDATEPARAMETER: f-scale only
UPDATEPARAMETER PAR_STEP min/max, V_STEP min/max =  1.7726808610E+02  2.3041808503E+02
  1.7726808610E+02  2.3041808503E+02
 WD_amp= 7.46100E+13  RESID_RMS= 1.78145E-04  FCOST_DATA= 1.58678E-08  FCOST0= 1.58678E-08
  
 -------------- calculate Frechet derivatives -----------
 IFREQ =           9    ITERATION =           3
||Frechet||_F=  5.5367E-14max|Frechet|=  9.5100E-19
||Frechet||_F=  5.5367E-14max|Frechet|=  9.5100E-19
||Frechet||_F=  5.5367E-14max|Frechet|=  9.5100E-19
||Frechet||_F=  5.5367E-14max|Frechet|=  9.5100E-19
||Frechet||_F=  5.5367E-14max|Frechet|=  9.5100E-19
||Frechet||_F=  5.5367E-14max|Frechet|=  9.5100E-19
Grad block   8 GRAD_SCALED MORM =   2.8841E-05
MT try: alpha=  1.0000E+00  phi=  1.5868E-08  dg=  1.4802E-08  dg0= -9.9501E-10
MT try: armijo_rhs=  4.6309E-09  armijo=F  curvature=F  task=FG
 UPDATEPARAMETER: f-scale only
UPDATEPARAMETER PAR_STEP min/max, V_STEP min/max =  1.7762035992E+02  2.3049444651E+02
  1.7762035992E+02  2.3049444651E+02
 WD_amp= 7.46100E+13  RESID_RMS= 9.61432E-05  FCOST_DATA= 4.62176E-09  FCOST0= 4.62176E-09
  
 -------------- calculate Frechet derivatives -----------
 IFREQ =           9    ITERATION =           3
||Frechet||_F=  5.5283E-14max|Frechet|=  9.5100E-19
||Frechet||_F=  5.5283E-14max|Frechet|=  9.5100E-19
||Frechet||_F=  5.5283E-14max|Frechet|=  9.5100E-19
||Frechet||_F=  5.5283E-14max|Frechet|=  9.5100E-19
||Frechet||_F=  5.5283E-14max|Frechet|=  9.5100E-19
||Frechet||_F=  5.5283E-14max|Frechet|=  9.5100E-19
Grad block   8 GRAD_SCALED MORM =   4.0242E-06
MT try: alpha=  2.4169E-02  phi=  4.6218E-09  dg= -6.2122E-10  dg0= -9.9501E-10
MT try: armijo_rhs=  4.6310E-09  armijo=T  curvature=T  task=FG
  
  
  
  
  
Convergence reached, updating parameter grid
ALPHA from line search =  .2416902152105425E-01
 FCOST0 after linesearch  4.621756279238152E-009
Norm of s (s_norm) =  .2951581987723700E-04
  
Convergence check at iteration    3
  Relative cost decrease  =  1.9893E-03
  Relative model update   =  0.0000E+00
  Relative grad. norm     =  4.6303E-01
Time for LBFGS =  19.45066935221354 min
  
 Frequency:           9 Iteration:           4
t_global   =    383.594 s
  
 -------------- calculate Frechet derivatives -----------
 IFREQ =           9    ITERATION =           4
||Frechet||_F=  5.5283E-14max|Frechet|=  9.5100E-19
||Frechet||_F=  5.5283E-14max|Frechet|=  9.5100E-19
||Frechet||_F=  5.5283E-14max|Frechet|=  9.5100E-19
||Frechet||_F=  5.5283E-14max|Frechet|=  9.5100E-19
||Frechet||_F=  5.5283E-14max|Frechet|=  9.5100E-19
 
TIME for Frechet calc =  3.447324879964193 min
 
 
  compute the residual and the cost function
 WD_amp= 7.46100E+13  RESID_RMS= 9.61432E-05  FCOST_DATA= 4.62176E-09  FCOST0= 4.62176E-09
||Frechet||_F=  5.5283E-14max|Frechet|=  9.5100E-19
Grad block   8 GRAD_SCALED MORM =   4.0242E-06
Gradient finished
Start LBFGS 
curvature (warm): s·y=  9.0341E-12  ||s||^2=  8.7118E-10  ||y||^2=  3.2178E-13  sTy_min=  1.6743E-12
LBFGS history: used= 0  skipped= 3  worst_col= 3  bad_s·y=  9.0341E-12  bad_cos_sy=  5.3957E-01
LBFGS step: g·p = -4.5135E-10  ||p||=  1.0449E-03
LBFGS step: min(p)= -6.2914E-05  max(p)=  8.8915E-05
LBFGS p_k (unscaled) stats per active parameter:
  IA=  8  PAR={Q13}  min=-2.34958E+00  max= 3.32060E+00  L2= 3.90237E+01
min(p_k)= -6.2914E-05  max(p_k)=  8.8915E-05  ||p_k||=  1.0449E-03
min(p_kf)= -6.2914E-05  max(p_kf)=  8.8915E-05  ||p_kf||=  4.1797E-03
p_k/p_kf  =   2.5000E-01
Start linesearch
MT entry: phi(0)=  4.6218E-09  dg0= -4.5135E-10  alpha0=  1.0000E+00
 UPDATEPARAMETER: f-scale only
UPDATEPARAMETER PAR_STEP min/max, V_STEP min/max =  1.7740004977E+02  2.3042791676E+02
  1.7740004977E+02  2.3042791676E+02
 WD_amp= 7.46100E+13  RESID_RMS= 1.20495E-04  FCOST_DATA= 7.25947E-09  FCOST0= 7.25947E-09
  
 -------------- calculate Frechet derivatives -----------
 IFREQ =           9    ITERATION =           4
||Frechet||_F=  5.5307E-14max|Frechet|=  9.5100E-19
||Frechet||_F=  5.5307E-14max|Frechet|=  9.5100E-19
||Frechet||_F=  5.5307E-14max|Frechet|=  9.5100E-19
||Frechet||_F=  5.5307E-14max|Frechet|=  9.5100E-19
||Frechet||_F=  5.5307E-14max|Frechet|=  9.5100E-19
||Frechet||_F=  5.5307E-14max|Frechet|=  9.5100E-19
Grad block   8 GRAD_SCALED MORM =   1.4306E-05
MT try: alpha=  1.0000E+00  phi=  7.2595E-09  dg=  3.1331E-09  dg0= -4.5135E-10
MT try: armijo_rhs=  4.6217E-09  armijo=F  curvature=F  task=FG
 UPDATEPARAMETER: f-scale only
UPDATEPARAMETER PAR_STEP min/max, V_STEP min/max =  1.7761135921E+02  2.3049172845E+02
  1.7761135921E+02  2.3049172845E+02
 WD_amp= 7.46100E+13  RESID_RMS= 9.60629E-05  FCOST_DATA= 4.61404E-09  FCOST0= 4.61404E-09
  
 -------------- calculate Frechet derivatives -----------
 IFREQ =           9    ITERATION =           4
||Frechet||_F=  5.5284E-14max|Frechet|=  9.5100E-19
||Frechet||_F=  5.5284E-14max|Frechet|=  9.5100E-19
||Frechet||_F=  5.5284E-14max|Frechet|=  9.5100E-19
||Frechet||_F=  5.5284E-14max|Frechet|=  9.5100E-19
||Frechet||_F=  5.5284E-14max|Frechet|=  9.5100E-19
||Frechet||_F=  5.5284E-14max|Frechet|=  9.5100E-19
Grad block   8 GRAD_SCALED MORM =   3.8726E-06
MT try: alpha=  4.0855E-02  phi=  4.6140E-09  dg= -3.0637E-10  dg0= -4.5135E-10
MT try: armijo_rhs=  4.6218E-09  armijo=T  curvature=T  task=FG
  
  
  
  
  
Convergence reached, updating parameter grid
ALPHA from line search =  .4085472697422176E-01
 FCOST0 after linesearch  4.614037377212510E-009
Norm of s (s_norm) =  .4269000739323218E-04
  
Convergence check at iteration    4
  Relative cost decrease  =  1.6701E-03
  Relative model update   =  0.0000E+00
  Relative grad. norm     =  3.0898E-01
Time for LBFGS =  19.71365356445312 min
  
 Frequency:           9 Iteration:           5
t_global   =    382.001 s
  
 -------------- calculate Frechet derivatives -----------
 IFREQ =           9    ITERATION =           5
||Frechet||_F=  5.5284E-14max|Frechet|=  9.5100E-19
||Frechet||_F=  5.5284E-14max|Frechet|=  9.5100E-19
||Frechet||_F=  5.5284E-14max|Frechet|=  9.5100E-19
||Frechet||_F=  5.5284E-14max|Frechet|=  9.5100E-19
||Frechet||_F=  5.5284E-14max|Frechet|=  9.5100E-19
||Frechet||_F=  5.5284E-14max|Frechet|=  9.5100E-19
 
TIME for Frechet calc =  3.431898244222005 min
 
 
  compute the residual and the cost function
 WD_amp= 7.46100E+13  RESID_RMS= 9.60629E-05  FCOST_DATA= 4.61404E-09  FCOST0= 4.61404E-09
Grad block   8 GRAD_SCALED MORM =   3.8726E-06
Gradient finished
Start LBFGS 
curvature (warm): s·y=  5.9230E-12  ||s||^2=  1.8224E-09  ||y||^2=  2.1962E-13  sTy_min=  2.0006E-12
LBFGS history: used= 0  skipped= 4  worst_col= 2  bad_s·y=  5.9230E-12  bad_cos_sy=  2.9606E-01
LBFGS step: g·p = -2.8357E-10  ||p||=  9.8271E-04
LBFGS step: min(p)= -6.3094E-05  max(p)=  8.7749E-05
LBFGS p_k (unscaled) stats per active parameter:
  IA=  8  PAR={Q13}  min=-2.35632E+00  max= 3.27707E+00  L2= 3.67003E+01
min(p_k)= -6.3094E-05  max(p_k)=  8.7749E-05  ||p_k||=  9.8271E-04
min(p_kf)= -6.3094E-05  max(p_kf)=  8.7749E-05  ||p_kf||=  3.9308E-03
p_k/p_kf  =   2.5000E-01
Start linesearch
MT entry: phi(0)=  4.6140E-09  dg0= -2.8357E-10  alpha0=  1.0000E+00
 UPDATEPARAMETER: f-scale only
UPDATEPARAMETER PAR_STEP min/max, V_STEP min/max =  1.7744448320E+02  2.3043140546E+02
  1.7744448320E+02  2.3043140546E+02
 WD_amp= 7.46100E+13  RESID_RMS= 9.94784E-05  FCOST_DATA= 4.94798E-09  FCOST0= 4.94798E-09
  
 -------------- calculate Frechet derivatives -----------
 IFREQ =           9    ITERATION =           5
||Frechet||_F=  5.5263E-14max|Frechet|=  9.5100E-19
||Frechet||_F=  5.5263E-14max|Frechet|=  9.5100E-19
||Frechet||_F=  5.5263E-14max|Frechet|=  9.5100E-19
||Frechet||_F=  5.5263E-14max|Frechet|=  9.5100E-19
||Frechet||_F=  5.5263E-14max|Frechet|=  9.5100E-19
||Frechet||_F=  5.5263E-14max|Frechet|=  9.5100E-19
Grad block   8 GRAD_SCALED MORM =   4.5331E-06
MT try: alpha=  1.0000E+00  phi=  4.9480E-09  dg=  1.0367E-10  dg0= -2.8357E-10
MT try: armijo_rhs=  4.6140E-09  armijo=F  curvature=T  task=FG
 UPDATEPARAMETER: f-scale only
UPDATEPARAMETER PAR_STEP min/max, V_STEP min/max =  1.7759356514E+02  2.3048529618E+02
  1.7759356514E+02  2.3048529618E+02
 WD_amp= 7.46100E+13  RESID_RMS= 9.57849E-05  FCOST_DATA= 4.58737E-09  FCOST0= 4.58737E-09
  
 -------------- calculate Frechet derivatives -----------
 IFREQ =           9    ITERATION =           5
||Frechet||_F=  5.5282E-14max|Frechet|=  9.5100E-19
||Frechet||_F=  5.5282E-14max|Frechet|=  9.5100E-19
||Frechet||_F=  5.5282E-14max|Frechet|=  9.5100E-19
||Frechet||_F=  5.5282E-14max|Frechet|=  9.5100E-19
||Frechet||_F=  5.5282E-14max|Frechet|=  9.5100E-19
||Frechet||_F=  5.5282E-14max|Frechet|=  9.5100E-19
Grad block   8 GRAD_SCALED MORM =   3.7495E-06
MT try: alpha=  1.0663E-01  phi=  4.5874E-09  dg= -2.4202E-10  dg0= -2.8357E-10
MT try: armijo_rhs=  4.6140E-09  armijo=T  curvature=T  task=FG
  
  
  
  
  
Convergence reached, updating parameter grid
ALPHA from line search =  .1066304669855581
 FCOST0 after linesearch  4.587370185067490E-009
Norm of s (s_norm) =  .1047868050769134E-03
  
Convergence check at iteration    5
  Relative cost decrease  =  5.7796E-03
  Relative model update   =  0.0000E+00
  Relative grad. norm     =  2.7647E-01
Time for LBFGS =  19.47718302408854 min
  
 Frequency:           9 Iteration:           6
t_global   =    383.788 s
  
 -------------- calculate Frechet derivatives -----------
 IFREQ =           9    ITERATION =           6
||Frechet||_F=  5.5282E-14max|Frechet|=  9.5100E-19
||Frechet||_F=  5.5282E-14max|Frechet|=  9.5100E-19
||Frechet||_F=  5.5282E-14max|Frechet|=  9.5100E-19
||Frechet||_F=  5.5282E-14max|Frechet|=  9.5100E-19
||Frechet||_F=  5.5282E-14max|Frechet|=  9.5100E-19
||Frechet||_F=  5.5282E-14max|Frechet|=  9.5100E-19
 
TIME for Frechet calc =  3.469211578369141 min
 
 
  compute the residual and the cost function
 WD_amp= 7.46100E+13  RESID_RMS= 9.57849E-05  FCOST_DATA= 4.58737E-09  FCOST0= 4.58737E-09
Grad block   8 GRAD_SCALED MORM =   3.7495E-06
Gradient finished
Start LBFGS 
curvature (warm): s·y=  4.4311E-12  ||s||^2=  1.0980E-08  ||y||^2=  7.4627E-14  sTy_min=  2.8626E-12
LBFGS history: used= 0  skipped= 5  worst_col= 1  bad_s·y=  4.4311E-12  bad_cos_sy=  1.5479E-01
LBFGS step: g·p = -2.4056E-10  ||p||=  9.2680E-04
LBFGS step: min(p)= -6.0403E-05  max(p)=  6.9564E-05
LBFGS p_k (unscaled) stats per active parameter:
  IA=  8  PAR={Q13}  min=-2.25583E+00  max= 2.59795E+00  L2= 3.46125E+01
min(p_k)= -6.0403E-05  max(p_k)=  6.9564E-05  ||p_k||=  9.2680E-04
min(p_kf)= -6.0403E-05  max(p_kf)=  6.9564E-05  ||p_kf||=  3.7072E-03
p_k/p_kf  =   2.5000E-01
Start linesearch
MT entry: phi(0)=  4.5874E-09  dg0= -2.4056E-10  alpha0=  1.0000E+00
 UPDATEPARAMETER: f-scale only
UPDATEPARAMETER PAR_STEP min/max, V_STEP min/max =  1.7750260415E+02  2.3042148072E+02
  1.7750260415E+02  2.3042148072E+02
 WD_amp= 7.46100E+13  RESID_RMS= 9.93980E-05  FCOST_DATA= 4.93998E-09  FCOST0= 4.93998E-09
  
 -------------- calculate Frechet derivatives -----------
 IFREQ =           9    ITERATION =           6
||Frechet||_F=  5.5259E-14max|Frechet|=  9.5099E-19
||Frechet||_F=  5.5259E-14max|Frechet|=  9.5099E-19
||Frechet||_F=  5.5259E-14max|Frechet|=  9.5099E-19
||Frechet||_F=  5.5259E-14max|Frechet|=  9.5099E-19
||Frechet||_F=  5.5259E-14max|Frechet|=  9.5099E-19
||Frechet||_F=  5.5259E-14max|Frechet|=  9.5099E-19
Grad block   8 GRAD_SCALED MORM =   4.1587E-06
MT try: alpha=  1.0000E+00  phi=  4.9400E-09  dg=  1.8647E-11  dg0= -2.4056E-10
MT try: armijo_rhs=  4.5873E-09  armijo=F  curvature=T  task=FG
 UPDATEPARAMETER: f-scale only
UPDATEPARAMETER PAR_STEP min/max, V_STEP min/max =  1.7758575532E+02  2.3047981705E+02
  1.7758575532E+02  2.3047981705E+02
 WD_amp= 7.46100E+13  RESID_RMS= 9.57296E-05  FCOST_DATA= 4.58207E-09  FCOST0= 4.58207E-09
  
 -------------- calculate Frechet derivatives -----------
 IFREQ =           9    ITERATION =           6
||Frechet||_F=  5.5280E-14max|Frechet|=  9.5100E-19
||Frechet||_F=  5.5280E-14max|Frechet|=  9.5100E-19
||Frechet||_F=  5.5280E-14max|Frechet|=  9.5100E-19
||Frechet||_F=  5.5280E-14max|Frechet|=  9.5100E-19
||Frechet||_F=  5.5280E-14max|Frechet|=  9.5100E-19
||Frechet||_F=  5.5280E-14max|Frechet|=  9.5100E-19
Grad block   8 GRAD_SCALED MORM =   3.6931E-06
MT try: alpha=  8.5859E-02  phi=  4.5821E-09  dg= -2.1829E-10  dg0= -2.4056E-10
MT try: armijo_rhs=  4.5874E-09  armijo=T  curvature=F  task=FG
 UPDATEPARAMETER: f-scale only
UPDATEPARAMETER PAR_STEP min/max, V_STEP min/max =  1.7754417973E+02  2.3045064888E+02
  1.7754417973E+02  2.3045064888E+02
 WD_amp= 7.46100E+13  RESID_RMS= 9.66076E-05  FCOST_DATA= 4.66651E-09  FCOST0= 4.66651E-09
  
 -------------- calculate Frechet derivatives -----------
 IFREQ =           9    ITERATION =           6
||Frechet||_F=  5.5269E-14max|Frechet|=  9.5100E-19
||Frechet||_F=  5.5269E-14max|Frechet|=  9.5100E-19
||Frechet||_F=  5.5269E-14max|Frechet|=  9.5100E-19
||Frechet||_F=  5.5269E-14max|Frechet|=  9.5100E-19
||Frechet||_F=  5.5269E-14max|Frechet|=  9.5100E-19
||Frechet||_F=  5.5269E-14max|Frechet|=  9.5100E-19
Grad block   8 GRAD_SCALED MORM =   3.6898E-06
MT try: alpha=  5.4293E-01  phi=  4.6665E-09  dg= -9.9798E-11  dg0= -2.4056E-10
MT try: armijo_rhs=  4.5874E-09  armijo=F  curvature=T  task=FG
 UPDATEPARAMETER: f-scale only
UPDATEPARAMETER PAR_STEP min/max, V_STEP min/max =  1.7758110194E+02  2.3047655238E+02
  1.7758110194E+02  2.3047655238E+02
 WD_amp= 7.46100E+13  RESID_RMS= 9.57298E-05  FCOST_DATA= 4.58210E-09  FCOST0= 4.58210E-09
  
 -------------- calculate Frechet derivatives -----------
 IFREQ =           9    ITERATION =           6
||Frechet||_F=  5.5278E-14max|Frechet|=  9.5100E-19
||Frechet||_F=  5.5278E-14max|Frechet|=  9.5100E-19
||Frechet||_F=  5.5278E-14max|Frechet|=  9.5100E-19
||Frechet||_F=  5.5278E-14max|Frechet|=  9.5100E-19
||Frechet||_F=  5.5278E-14max|Frechet|=  9.5100E-19
||Frechet||_F=  5.5278E-14max|Frechet|=  9.5100E-19
Grad block   8 GRAD_SCALED MORM =   3.6676E-06
MT try: alpha=  1.3702E-01  phi=  4.5821E-09  dg= -2.0503E-10  dg0= -2.4056E-10
MT try: armijo_rhs=  4.5874E-09  armijo=T  curvature=T  task=FG
  
  
Convergence reached, updating parameter grid
ALPHA from line search =  .1370170296876308
 FCOST0 after linesearch  4.582098045922752E-009
Norm of s (s_norm) =  .1269880660447876E-03
  
  
  
  
Convergence check at iteration    6
  Relative cost decrease  =  1.1493E-03
  Relative model update   =  0.0000E+00
  Relative grad. norm     =  2.5274E-01
Time for LBFGS =  39.22114257812500 min
  
 Frequency:           9 Iteration:           7
t_global   =    386.447 s
  
 -------------- calculate Frechet derivatives -----------
 IFREQ =           9    ITERATION =           7
||Frechet||_F=  5.5278E-14max|Frechet|=  9.5100E-19
||Frechet||_F=  5.5278E-14max|Frechet|=  9.5100E-19
||Frechet||_F=  5.5278E-14max|Frechet|=  9.5100E-19
||Frechet||_F=  5.5278E-14max|Frechet|=  9.5100E-19
 
TIME for Frechet calc =  3.464531707763672 min
 
 
  compute the residual and the cost function
 WD_amp= 7.46100E+13  RESID_RMS= 9.57298E-05  FCOST_DATA= 4.58210E-09  FCOST0= 4.58210E-09
||Frechet||_F=  5.5278E-14max|Frechet|=  9.5100E-19
||Frechet||_F=  5.5278E-14max|Frechet|=  9.5100E-19
Grad block   8 GRAD_SCALED MORM =   3.6676E-06
Gradient finished
Start LBFGS 
curvature (full): s·y=  4.8679E-12  ||s||^2=  1.6126E-08  ||y||^2=  7.1272E-14  sTy_min=  3.3902E-12
LBFGS history: used= 0  skipped= 5  worst_col= 2  bad_s·y=  4.4311E-12  bad_cos_sy=  1.5479E-01
 
LBFGS step(full): g·p = -2.1253E-10  ||p||=  8.9038E-04
LBFGS step(full): min(p)= -5.9462E-05  max(p)=  6.6705E-05
LBFGS p_k (unscaled) stats per active parameter:
  IA=  8  PAR={Q13}  min=-2.22068E+00  max= 2.49116E+00  L2= 3.32523E+01
min(p_k)= -5.9462E-05  max(p_k)=  6.6705E-05  ||p_k||=  8.9038E-04
min(p_kf)= -5.9462E-05  max(p_kf)=  6.6705E-05  ||p_kf||=  3.5615E-03
p_k/p_kf  =   2.5000E-01
Start linesearch
MT entry: phi(0)=  4.5821E-09  dg0= -2.1253E-10  alpha0=  1.0000E+00
 UPDATEPARAMETER: f-scale only
UPDATEPARAMETER PAR_STEP min/max, V_STEP min/max =  1.7752121589E+02  2.3042873502E+02
  1.7752121589E+02  2.3042873502E+02
 WD_amp= 7.46100E+13  RESID_RMS= 9.96209E-05  FCOST_DATA= 4.96216E-09  FCOST0= 4.96216E-09
  
 -------------- calculate Frechet derivatives -----------
 IFREQ =           9    ITERATION =           7
||Frechet||_F=  5.5268E-14max|Frechet|=  9.5099E-19
||Frechet||_F=  5.5268E-14max|Frechet|=  9.5099E-19
||Frechet||_F=  5.5268E-14max|Frechet|=  9.5099E-19
||Frechet||_F=  5.5268E-14max|Frechet|=  9.5099E-19
||Frechet||_F=  5.5268E-14max|Frechet|=  9.5099E-19
||Frechet||_F=  5.5268E-14max|Frechet|=  9.5099E-19
Grad block   8 GRAD_SCALED MORM =   4.6019E-06
MT try: alpha=  1.0000E+00  phi=  4.9622E-09  dg=  8.8984E-11  dg0= -2.1253E-10
MT try: armijo_rhs=  4.5821E-09  armijo=F  curvature=T  task=FG
 UPDATEPARAMETER: f-scale only
UPDATEPARAMETER PAR_STEP min/max, V_STEP min/max =  1.7757646949E+02  2.3047285349E+02
  1.7757646949E+02  2.3047285349E+02
 WD_amp= 7.46100E+13  RESID_RMS= 9.57089E-05  FCOST_DATA= 4.58010E-09  FCOST0= 4.58010E-09
  
 -------------- calculate Frechet derivatives -----------
 IFREQ =           9    ITERATION =           7
||Frechet||_F=  5.5278E-14max|Frechet|=  9.5100E-19
||Frechet||_F=  5.5278E-14max|Frechet|=  9.5100E-19
||Frechet||_F=  5.5278E-14max|Frechet|=  9.5100E-19
||Frechet||_F=  5.5278E-14max|Frechet|=  9.5100E-19
||Frechet||_F=  5.5278E-14max|Frechet|=  9.5100E-19
||Frechet||_F=  5.5278E-14max|Frechet|=  9.5100E-19
Grad block   8 GRAD_SCALED MORM =   3.6068E-06
MT try: alpha=  7.7354E-02  phi=  4.5801E-09  dg= -1.8924E-10  dg0= -2.1253E-10
MT try: armijo_rhs=  4.5821E-09  armijo=T  curvature=T  task=FG
  
  
  
  
Convergence reached, updating parameter grid
ALPHA from line search =  .7735445085799897E-01
 FCOST0 after linesearch  4.580098190766832E-009
Norm of s (s_norm) =  .6887522757035086E-04
  
  
Convergence check at iteration    7
  Relative cost decrease  =  4.3645E-04
  Relative model update   =  0.0000E+00
  Relative grad. norm     =  2.3353E-01
 *** Convergence conditions satisfied:
     - Cost change below tolerance.
  
 --------- Frequency   6.80000000000000       (band            1 )
[ComputeAcqWeight] empty acq_weight_file, using uniform weights = 1.0
Data weighting computed for frequency 4607182418800017373
Data weighting computed for frequency 4607182418800017373
Data weighting computed for frequency 4607182418800017373
Data weighting computed for frequency 4607182418800017373
Data weighting computed for frequency 4607182418800017373
Data weighting computed for frequency 4607182418800017373
XSRmin, XSRmax, ZSRmin, ZSRMax -1960.000000000000 .000000000000000 2050.000000000000 4030.000000000000
1 FKYC
1.2 FKYC
my_rank, FKYC,WLMAX, RMAX 0 .5572912185498415E-01 753.3498227709956 2786.036611389018
1.1 NK
NK in cky2= 77

  Number of wavenumber samples (NK) for FREQ =   77
  RMAX = 2786.04
--- Pre-solver preview (memory + RHS workload) ---
   GQG dims: NNX=       585  NNZ=       317  NPT=    185445
   DOF:     N=3*NPT =    556335
   Sources: NSR=       100  NSS=        20  NK=        77
   RHS total (per IK): nrhs_tot=3*NSS =        60
   Batch:    MAX_RHS_BATCH=        32  nbatches=         2
   GFMY  (GFX+GFY+GFZ):         19.150 GB
   RHS_MY(rhs+sol buffers):      0.531 GB
 
 running run_ik_loop_pardiso
before CA | VmRSS=  20.841 GB  VmHWM=  95.009 GB
after CA | VmRSS=  21.626 GB  VmHWM=  95.009 GB
after factor | VmRSS=  25.380 GB  VmHWM=  95.009 GB
f=     6.800 Hz | ky=  0.723755E-03 | IK=       1/      77 | t=   17.251500 s | CA=  2.5262 | fact= 12.8193 | GF=  1.9058 | solve=  1.7506 | scatter=  0.0523
f=     6.800 Hz | ky=  0.144751E-02 | IK=       2/      77 | t=    6.853400 s | CA=  2.5564 | fact=  2.4950 | GF=  1.8019 | solve=  1.6782 | scatter=  0.0510
f=     6.800 Hz | ky=  0.217126E-02 | IK=       3/      77 | t=    6.935400 s | CA=  2.5810 | fact=  2.5467 | GF=  1.8077 | solve=  1.6832 | scatter=  0.0515
f=     6.800 Hz | ky=  0.289502E-02 | IK=       4/      77 | t=    6.917900 s | CA=  2.5726 | fact=  2.5442 | GF=  1.8010 | solve=  1.6775 | scatter=  0.0506
f=     6.800 Hz | ky=  0.361877E-02 | IK=       5/      77 | t=    6.943200 s | CA=  2.5921 | fact=  2.5454 | GF=  1.8057 | solve=  1.6830 | scatter=  0.0499
f=     6.800 Hz | ky=  0.434253E-02 | IK=       6/      77 | t=    6.928600 s | CA=  2.5857 | fact=  2.5384 | GF=  1.8045 | solve=  1.6802 | scatter=  0.0513
f=     6.800 Hz | ky=  0.506628E-02 | IK=       7/      77 | t=    6.893900 s | CA=  2.5511 | fact=  2.5463 | GF=  1.7965 | solve=  1.6729 | scatter=  0.0508
f=     6.800 Hz | ky=  0.579004E-02 | IK=       8/      77 | t=    6.997600 s | CA=  2.6235 | fact=  2.5583 | GF=  1.8158 | solve=  1.6892 | scatter=  0.0534
f=     6.800 Hz | ky=  0.651379E-02 | IK=       9/      77 | t=    6.888900 s | CA=  2.5447 | fact=  2.5337 | GF=  1.8104 | solve=  1.6852 | scatter=  0.0517
f=     6.800 Hz | ky=  0.723755E-02 | IK=      10/      77 | t=    6.937100 s | CA=  2.5865 | fact=  2.5437 | GF=  1.8069 | solve=  1.6826 | scatter=  0.0514
f=     6.800 Hz | ky=  0.796130E-02 | IK=      11/      77 | t=    6.918900 s | CA=  2.5682 | fact=  2.5431 | GF=  1.8075 | solve=  1.6815 | scatter=  0.0533
f=     6.800 Hz | ky=  0.868506E-02 | IK=      12/      77 | t=    6.922700 s | CA=  2.5607 | fact=  2.5591 | GF=  1.8029 | solve=  1.6789 | scatter=  0.0510
f=     6.800 Hz | ky=  0.940881E-02 | IK=      13/      77 | t=    6.921700 s | CA=  2.5559 | fact=  2.5529 | GF=  1.8129 | solve=  1.6873 | scatter=  0.0527
PARDISO mem (f=  6.80 Hz): sym=  1.95 GB  perm=  1.42 GB  num=  3.22 GB  
peak=  4.64 GB
t_global   =    152.112 s
TIME for 1st forward modeling =  2.535199991861979  min
TIME for GT0 =  .9005000193913778E-02  min
Data scaler W for L2 norm: 77474851783048.27
Data scaler W for WQS norm: .1007948000807317E-312
Total number of active inversion parameters for current sequential stage (IM):          1
Total model blocks points (NM = IM * NBLOCK):      11534 on grid (NMM = IM * NPT):    185445
 Gradient balance ():   1.00000000000000        1.00000000000000     
   1.00000000000000        1.00000000000000        1.00000000000000     
   1.00000000000000        1.00000000000000        1.00000000000000     
   1.00000000000000        1.00000000000000        1.00000000000000     
 IE0, IZ          30           0
 IE0, IZ, GZ1, GZ2 =           30           0   100.000000000000     
   300.000000000000     
  
 Frequency:          10 Iteration:           1
--- Pre-solver preview (memory + RHS workload) ---
   GQG dims: NNX=       585  NNZ=       317  NPT=    185445
   DOF:     N=3*NPT =    556335
   Sources: NSR=       100  NSS=       100  NK=        77
   RHS total (per IK): nrhs_tot=3*NSS =       300
   Batch:    MAX_RHS_BATCH=        32  nbatches=        10
   GFMY  (GFX+GFY+GFZ):         95.750 GB
   RHS_MY(rhs+sol buffers):      0.531 GB
 
 running run_ik_loop_pardiso
before CA | VmRSS=  98.290 GB  VmHWM=  98.290 GB
after CA | VmRSS=  99.272 GB  VmHWM= 103.591 GB
after factor | VmRSS= 103.042 GB  VmHWM= 103.591 GB
f=     6.800 Hz | ky=  0.723755E-03 | IK=       1/      77 | t=   24.233200 s | CA=  2.5458 | fact= 12.8037 | GF=  8.8835 | solve=  8.2273 | scatter=  0.2490
f=     6.800 Hz | ky=  0.144751E-02 | IK=       2/      77 | t=   13.861700 s | CA=  2.5218 | fact=  2.5259 | GF=  8.8140 | solve=  8.1853 | scatter=  0.2511
f=     6.800 Hz | ky=  0.217126E-02 | IK=       3/      77 | t=   13.939600 s | CA=  2.5689 | fact=  2.5413 | GF=  8.8294 | solve=  8.2016 | scatter=  0.2496
f=     6.800 Hz | ky=  0.289502E-02 | IK=       4/      77 | t=   13.869700 s | CA=  2.5521 | fact=  2.5161 | GF=  8.8014 | solve=  8.1707 | scatter=  0.2524
f=     6.800 Hz | ky=  0.361877E-02 | IK=       5/      77 | t=   13.994000 s | CA=  2.5958 | fact=  2.5475 | GF=  8.8507 | solve=  8.2185 | scatter=  0.2532
f=     6.800 Hz | ky=  0.434253E-02 | IK=       6/      77 | t=   13.949100 s | CA=  2.5436 | fact=  2.5569 | GF=  8.8485 | solve=  8.2172 | scatter=  0.2520
f=     6.800 Hz | ky=  0.506628E-02 | IK=       7/      77 | t=   13.957200 s | CA=  2.5649 | fact=  2.5590 | GF=  8.8333 | solve=  8.2002 | scatter=  0.2530
f=     6.800 Hz | ky=  0.579004E-02 | IK=       8/      77 | t=   13.990300 s | CA=  2.5946 | fact=  2.5367 | GF=  8.8589 | solve=  8.2257 | scatter=  0.2525
f=     6.800 Hz | ky=  0.651379E-02 | IK=       9/      77 | t=   13.968800 s | CA=  2.5928 | fact=  2.5192 | GF=  8.8568 | solve=  8.2252 | scatter=  0.2516
f=     6.800 Hz | ky=  0.723755E-02 | IK=      10/      77 | t=   13.971700 s | CA=  2.5467 | fact=  2.5592 | GF=  8.8658 | solve=  8.2290 | scatter=  0.2567
f=     6.800 Hz | ky=  0.796130E-02 | IK=      11/      77 | t=   13.958400 s | CA=  2.5825 | fact=  2.5365 | GF=  8.8394 | solve=  8.2092 | scatter=  0.2503
f=     6.800 Hz | ky=  0.868506E-02 | IK=      12/      77 | t=   13.957700 s | CA=  2.5681 | fact=  2.5487 | GF=  8.8409 | solve=  8.2094 | scatter=  0.2511
f=     6.800 Hz | ky=  0.940881E-02 | IK=      13/      77 | t=   13.929800 s | CA=  2.5625 | fact=  2.5516 | GF=  8.8157 | solve=  8.1877 | scatter=  0.2481
PARDISO mem (f=  6.80 Hz): sym=  1.95 GB  perm=  1.42 GB  num=  3.22 GB  
peak=  4.64 GB
t_global   =    450.038 s
TIME for 2d forward modeling_i calc =  7.499855041503906 min
Rank    5 -> ID range:   4001 to   4800 | Tasks:    800
Rank    4 -> ID range:   3201 to   4000 | Tasks:    800
Rank    2 -> ID range:   1601 to   2400 | Tasks:    800
Rank    3 -> ID range:   2401 to   3200 | Tasks:    800
Rank    1 -> ID range:    801 to   1600 | Tasks:    800
  
 -------------- calculate Frechet derivatives -----------
 IFREQ =          10    ITERATION =           1
Frechet memory size Frec_my:      0.825 (Gb)
Rank    0 -> ID range:      1 to    800 | Tasks:    800
FREQ:      6.8 Hz, ITER=       1  Frechet Derivative ID=     100/    4800 Finished   0.294900 s
FREQ:      6.8 Hz, ITER=       1  Frechet Derivative ID=     200/    4800 Finished   0.292400 s
FREQ:      6.8 Hz, ITER=       1  Frechet Derivative ID=     300/    4800 Finished   0.290800 s
FREQ:      6.8 Hz, ITER=       1  Frechet Derivative ID=     400/    4800 Finished   0.277700 s
FREQ:      6.8 Hz, ITER=       1  Frechet Derivative ID=     500/    4800 Finished   0.291900 s
FREQ:      6.8 Hz, ITER=       1  Frechet Derivative ID=     600/    4800 Finished   0.297000 s
FREQ:      6.8 Hz, ITER=       1  Frechet Derivative ID=     700/    4800 Finished   0.308800 s
FREQ:      6.8 Hz, ITER=       1  Frechet Derivative ID=     800/    4800 Finished   0.306900 s
||Frechet||_F=  5.5338E-14max|Frechet|=  1.0468E-18
||Frechet||_F=  5.5338E-14max|Frechet|=  1.0468E-18
||Frechet||_F=  5.5338E-14max|Frechet|=  1.0468E-18
||Frechet||_F=  5.5338E-14max|Frechet|=  1.0468E-18
||Frechet||_F=  5.5338E-14max|Frechet|=  1.0468E-18
 
TIME for Frechet calc =  3.993271636962890 min
 
m_fine: min=  1.7758E+02  max=  2.3047E+02  mean=  2.1167E+02  ||.||2=  9.1547E+04  size=  185445
m_coarse_prev: min=  1.7787E+02  max=  2.3002E+02  mean=  2.1169E+02  ||.||2=  2.2833E+04  size=   11534
 
  compute the residual and the cost function
 WD_amp= 7.74749E+13  RESID_RMS= 9.43989E-05  FCOST_DATA= 4.45558E-09  FCOST0= 4.45558E-09
||Frechet||_F=  5.5338E-14max|Frechet|=  1.0468E-18
IA=  8  H(single F0) min= 0.00000E+00  max= 3.74364E-02
IA=  8  H(F0^2)     min= 0.00000E+00  max= 3.74364E-02
HESSD: ia=   8  min= 0.00000E+00  max= 5.34172E+03
IA=  8  H(single F0) min= 0.00000E+00  max= 3.74364E-02
IA=  8  H(F0^2)     min= 0.00000E+00  max= 3.74364E-02
HESSD: ia=   8  min= 0.00000E+00  max= 5.34172E+03
IA=  8  H(single F0) min= 0.00000E+00  max= 3.74364E-02
IA=  8  H(F0^2)     min= 0.00000E+00  max= 3.74364E-02
HESSD: ia=   8  min= 0.00000E+00  max= 5.34172E+03
IA=  8  H(single F0) min= 0.00000E+00  max= 3.74364E-02
IA=  8  H(F0^2)     min= 0.00000E+00  max= 3.74364E-02
HESSD: ia=   8  min= 0.00000E+00  max= 5.34172E+03
IA=  8  H(single F0) min= 0.00000E+00  max= 3.74364E-02
IA=  8  H(F0^2)     min= 0.00000E+00  max= 3.74364E-02
HESSD: ia=   8  min= 0.00000E+00  max= 5.34172E+03
IA=  8  H(single F0) min= 0.00000E+00  max= 3.74364E-02
IA=  8  H(F0^2)     min= 0.00000E+00  max= 3.74364E-02
HESSD: ia=   8  min= 0.00000E+00  max= 5.34172E+03
Grad block   8 GRAD_SCALED MORM =   4.3967E-06
Raw grad block  8  PAR={Q13}  min= -2.5787E-11  max=  1.2022E-11  L2=  1.2908E-10
Gradient finished
Start LBFGS 
LBFGS steepest step , iter=      1
  g·p = -1.4080E-09  ||p|| =  1.2988E-03
  min(p)= -6.5166E-05  max(p)=  8.1799E-05
LBFGS p_k (unscaled) stats per active parameter:
  IA=  8  PAR={Q13}  min=-2.43370E+00  max= 3.05486E+00  L2= 4.85032E+01
min(p_k)= -6.5166E-05  max(p_k)=  8.1799E-05  ||p_k||=  1.2988E-03
min(p_kf)= -6.5166E-05  max(p_kf)=  8.1799E-05  ||p_kf||=  5.1950E-03
p_k/p_kf  =   2.5000E-01
Start linesearch
BT entry: phi(0)=  4.4556E-09  g·p(0)= -1.4080E-09
 UPDATEPARAMETER: f-scale only
UPDATEPARAMETER PAR_STEP min/max, V_STEP min/max =  1.7695298633E+02  2.3033745651E+02
  1.7695298633E+02  2.3033745651E+02
REL STEP Q      : k=  8 row=  3 rmax_k=  1.6201E-02 row_scale=  2.3047E+02
BT cap probe: rmax1=  1.6201E-02  alpha_cap=  1.0000E+00  alpha00=  1.0000E+00
 UPDATEPARAMETER: f-scale only
UPDATEPARAMETER PAR_STEP min/max, V_STEP min/max =  1.7695298633E+02  2.3033745651E+02
  1.7695298633E+02  2.3033745651E+02
 running run_ik_loop_pardiso
before CA | VmRSS=  21.789 GB  VmHWM= 108.682 GB
after CA | VmRSS=  22.936 GB  VmHWM= 108.682 GB
after factor | VmRSS=  26.699 GB  VmHWM= 108.682 GB
f=     6.800 Hz | ky=  0.723755E-03 | IK=       1/      77 | t=   17.268700 s | CA=  2.5572 | fact= 12.8019 | GF=  1.9094 | solve=  1.7551 | scatter=  0.0517
f=     6.800 Hz | ky=  0.144751E-02 | IK=       2/      77 | t=    6.875900 s | CA=  2.5821 | fact=  2.5209 | GF=  1.7729 | solve=  1.6490 | scatter=  0.0514
f=     6.800 Hz | ky=  0.217126E-02 | IK=       3/      77 | t=    6.840200 s | CA=  2.5462 | fact=  2.5279 | GF=  1.7660 | solve=  1.6420 | scatter=  0.0513
f=     6.800 Hz | ky=  0.289502E-02 | IK=       4/      77 | t=    6.847100 s | CA=  2.6171 | fact=  2.5175 | GF=  1.7125 | solve=  1.5900 | scatter=  0.0500
f=     6.800 Hz | ky=  0.361877E-02 | IK=       5/      77 | t=    6.795900 s | CA=  2.5490 | fact=  2.5286 | GF=  1.7182 | solve=  1.5952 | scatter=  0.0505
f=     6.800 Hz | ky=  0.434253E-02 | IK=       6/      77 | t=    6.848100 s | CA=  2.5885 | fact=  2.5353 | GF=  1.7243 | solve=  1.5989 | scatter=  0.0528
f=     6.800 Hz | ky=  0.506628E-02 | IK=       7/      77 | t=    6.786800 s | CA=  2.5609 | fact=  2.5094 | GF=  1.7165 | solve=  1.5921 | scatter=  0.0521
f=     6.800 Hz | ky=  0.579004E-02 | IK=       8/      77 | t=    6.837300 s | CA=  2.5741 | fact=  2.5307 | GF=  1.7325 | solve=  1.6094 | scatter=  0.0505
f=     6.800 Hz | ky=  0.651379E-02 | IK=       9/      77 | t=    6.804300 s | CA=  2.5492 | fact=  2.5332 | GF=  1.7219 | solve=  1.5954 | scatter=  0.0538
f=     6.800 Hz | ky=  0.723755E-02 | IK=      10/      77 | t=    6.856200 s | CA=  2.6074 | fact=  2.5297 | GF=  1.7191 | solve=  1.5956 | scatter=  0.0507
f=     6.800 Hz | ky=  0.796130E-02 | IK=      11/      77 | t=    6.801600 s | CA=  2.5640 | fact=  2.5234 | GF=  1.7142 | solve=  1.5895 | scatter=  0.0523
f=     6.800 Hz | ky=  0.868506E-02 | IK=      12/      77 | t=    6.770500 s | CA=  2.5326 | fact=  2.5235 | GF=  1.7144 | solve=  1.5923 | scatter=  0.0495
f=     6.800 Hz | ky=  0.940881E-02 | IK=      13/      77 | t=    6.765200 s | CA=  2.5874 | fact=  2.4617 | GF=  1.7161 | solve=  1.5937 | scatter=  0.0500
PARDISO mem (f=  6.80 Hz): sym=  1.95 GB  perm=  1.42 GB  num=  3.22 GB  
peak=  4.64 GB
 WD_amp= 7.74749E+13  RESID_RMS= 1.86874E-04  FCOST_DATA= 1.74609E-08  FCOST0= 1.74609E-08
BT: alpha=  1.0000E+00  phi=  1.7461E-08  rhs=  4.4554E-09
 UPDATEPARAMETER: f-scale only
UPDATEPARAMETER PAR_STEP min/max, V_STEP min/max =  1.7758102047E+02  2.3040515500E+02
  1.7758102047E+02  2.3040515500E+02
 running run_ik_loop_pardiso
before CA | VmRSS=  21.694 GB  VmHWM= 108.682 GB
after CA | VmRSS=  22.423 GB  VmHWM= 108.682 GB
after factor | VmRSS=  26.192 GB  VmHWM= 108.682 GB
f=     6.800 Hz | ky=  0.723755E-03 | IK=       1/      77 | t=   17.182900 s | CA=  2.5058 | fact= 12.7767 | GF=  1.9002 | solve=  1.7453 | scatter=  0.0525
f=     6.800 Hz | ky=  0.144751E-02 | IK=       2/      77 | t=    6.821000 s | CA=  2.5135 | fact=  2.5154 | GF=  1.7920 | solve=  1.6700 | scatter=  0.0498
f=     6.800 Hz | ky=  0.217126E-02 | IK=       3/      77 | t=    6.836800 s | CA=  2.5495 | fact=  2.4909 | GF=  1.7964 | solve=  1.6714 | scatter=  0.0529
f=     6.800 Hz | ky=  0.289502E-02 | IK=       4/      77 | t=    6.878200 s | CA=  2.5638 | fact=  2.5150 | GF=  1.7993 | solve=  1.6768 | scatter=  0.0499
f=     6.800 Hz | ky=  0.361877E-02 | IK=       5/      77 | t=    6.874800 s | CA=  2.5544 | fact=  2.5260 | GF=  1.7944 | solve=  1.6720 | scatter=  0.0498
f=     6.800 Hz | ky=  0.434253E-02 | IK=       6/      77 | t=    6.837400 s | CA=  2.5108 | fact=  2.5346 | GF=  1.7919 | solve=  1.6705 | scatter=  0.0489
f=     6.800 Hz | ky=  0.506628E-02 | IK=       7/      77 | t=    6.854600 s | CA=  2.5275 | fact=  2.5293 | GF=  1.7978 | solve=  1.6752 | scatter=  0.0501
f=     6.800 Hz | ky=  0.579004E-02 | IK=       8/      77 | t=    6.891100 s | CA=  2.5617 | fact=  2.5316 | GF=  1.7977 | solve=  1.6747 | scatter=  0.0504
f=     6.800 Hz | ky=  0.651379E-02 | IK=       9/      77 | t=    6.889100 s | CA=  2.5617 | fact=  2.5282 | GF=  1.7992 | solve=  1.6752 | scatter=  0.0515
f=     6.800 Hz | ky=  0.723755E-02 | IK=      10/      77 | t=    6.914900 s | CA=  2.5837 | fact=  2.5288 | GF=  1.8023 | solve=  1.6796 | scatter=  0.0501
f=     6.800 Hz | ky=  0.796130E-02 | IK=      11/      77 | t=    6.942900 s | CA=  2.6023 | fact=  2.5398 | GF=  1.8007 | solve=  1.6750 | scatter=  0.0532
f=     6.800 Hz | ky=  0.868506E-02 | IK=      12/      77 | t=    6.906300 s | CA=  2.5859 | fact=  2.5210 | GF=  1.7994 | solve=  1.6754 | scatter=  0.0515
f=     6.800 Hz | ky=  0.940881E-02 | IK=      13/      77 | t=    6.845200 s | CA=  2.5708 | fact=  2.4749 | GF=  1.7994 | solve=  1.6728 | scatter=  0.0535
PARDISO mem (f=  6.80 Hz): sym=  1.95 GB  perm=  1.42 GB  num=  3.22 GB  
peak=  4.64 GB
 WD_amp= 7.74749E+13  RESID_RMS= 1.17500E-04  FCOST_DATA= 6.90307E-09  FCOST0= 6.90307E-09
BT: alpha=  5.0000E-01  phi=  6.9031E-09  rhs=  4.4555E-09
 UPDATEPARAMETER: f-scale only
UPDATEPARAMETER PAR_STEP min/max, V_STEP min/max =  1.7778329586E+02  2.3043900425E+02
  1.7778329586E+02  2.3043900425E+02
 running run_ik_loop_pardiso
before CA | VmRSS=  21.692 GB  VmHWM= 108.682 GB
after CA | VmRSS=  22.307 GB  VmHWM= 108.682 GB
after factor | VmRSS=  26.062 GB  VmHWM= 108.682 GB
f=     6.800 Hz | ky=  0.723755E-03 | IK=       1/      77 | t=   17.163800 s | CA=  2.4784 | fact= 12.7858 | GF=  1.8994 | solve=  1.7475 | scatter=  0.0497
f=     6.800 Hz | ky=  0.144751E-02 | IK=       2/      77 | t=    6.871400 s | CA=  2.5474 | fact=  2.5247 | GF=  1.7992 | solve=  1.6738 | scatter=  0.0530
f=     6.800 Hz | ky=  0.217126E-02 | IK=       3/      77 | t=    6.917800 s | CA=  2.6023 | fact=  2.5190 | GF=  1.7965 | solve=  1.6721 | scatter=  0.0517
f=     6.800 Hz | ky=  0.289502E-02 | IK=       4/      77 | t=    6.896600 s | CA=  2.5635 | fact=  2.5301 | GF=  1.8030 | solve=  1.6789 | scatter=  0.0514
f=     6.800 Hz | ky=  0.361877E-02 | IK=       5/      77 | t=    6.915200 s | CA=  2.5782 | fact=  2.5352 | GF=  1.8018 | solve=  1.6757 | scatter=  0.0535
f=     6.800 Hz | ky=  0.434253E-02 | IK=       6/      77 | t=    6.875700 s | CA=  2.5550 | fact=  2.5208 | GF=  1.7999 | solve=  1.6746 | scatter=  0.0527
f=     6.800 Hz | ky=  0.506628E-02 | IK=       7/      77 | t=    6.909600 s | CA=  2.5782 | fact=  2.5315 | GF=  1.7998 | solve=  1.6753 | scatter=  0.0518
f=     6.800 Hz | ky=  0.579004E-02 | IK=       8/      77 | t=    6.902000 s | CA=  2.5809 | fact=  2.5167 | GF=  1.8043 | solve=  1.6785 | scatter=  0.0529
f=     6.800 Hz | ky=  0.651379E-02 | IK=       9/      77 | t=    6.899200 s | CA=  2.5763 | fact=  2.5216 | GF=  1.8012 | solve=  1.6782 | scatter=  0.0501
f=     6.800 Hz | ky=  0.723755E-02 | IK=      10/      77 | t=    6.898600 s | CA=  2.5742 | fact=  2.5265 | GF=  1.7979 | solve=  1.6751 | scatter=  0.0501
f=     6.800 Hz | ky=  0.796130E-02 | IK=      11/      77 | t=    6.849100 s | CA=  2.5211 | fact=  2.5321 | GF=  1.7959 | solve=  1.6728 | scatter=  0.0504
f=     6.800 Hz | ky=  0.868506E-02 | IK=      12/      77 | t=    6.914300 s | CA=  2.5819 | fact=  2.5254 | GF=  1.8070 | solve=  1.6790 | scatter=  0.0547
f=     6.800 Hz | ky=  0.940881E-02 | IK=      13/      77 | t=    6.940400 s | CA=  2.5750 | fact=  2.5615 | GF=  1.8039 | solve=  1.6775 | scatter=  0.0532
PARDISO mem (f=  6.80 Hz): sym=  1.95 GB  perm=  1.42 GB  num=  3.22 GB  
peak=  4.64 GB
 WD_amp= 7.74749E+13  RESID_RMS= 9.65134E-05  FCOST_DATA= 4.65742E-09  FCOST0= 4.65742E-09
BT: alpha=  2.5000E-01  phi=  4.6574E-09  rhs=  4.4555E-09
 UPDATEPARAMETER: f-scale only
UPDATEPARAMETER PAR_STEP min/max, V_STEP min/max =  1.7767988267E+02  2.3045592887E+02
  1.7767988267E+02  2.3045592887E+02
 running run_ik_loop_pardiso
before CA | VmRSS=  21.706 GB  VmHWM= 108.682 GB
after CA | VmRSS=  22.881 GB  VmHWM= 108.682 GB
after factor | VmRSS=  26.641 GB  VmHWM= 108.682 GB
f=     6.800 Hz | ky=  0.723755E-03 | IK=       1/      77 | t=   17.225400 s | CA=  2.5236 | fact= 12.7958 | GF=  1.9058 | solve=  1.7501 | scatter=  0.0533
f=     6.800 Hz | ky=  0.144751E-02 | IK=       2/      77 | t=    6.804700 s | CA=  2.5430 | fact=  2.4664 | GF=  1.7952 | solve=  1.6718 | scatter=  0.0505
f=     6.800 Hz | ky=  0.217126E-02 | IK=       3/      77 | t=    6.913700 s | CA=  2.5844 | fact=  2.5289 | GF=  1.8003 | solve=  1.6755 | scatter=  0.0518
f=     6.800 Hz | ky=  0.289502E-02 | IK=       4/      77 | t=    6.924100 s | CA=  2.5911 | fact=  2.5308 | GF=  1.8021 | solve=  1.6758 | scatter=  0.0536
f=     6.800 Hz | ky=  0.361877E-02 | IK=       5/      77 | t=    6.945800 s | CA=  2.6026 | fact=  2.5370 | GF=  1.8062 | solve=  1.6819 | scatter=  0.0514
f=     6.800 Hz | ky=  0.434253E-02 | IK=       6/      77 | t=    6.899400 s | CA=  2.5759 | fact=  2.5175 | GF=  1.8059 | solve=  1.6827 | scatter=  0.0501
f=     6.800 Hz | ky=  0.506628E-02 | IK=       7/      77 | t=    6.948400 s | CA=  2.6066 | fact=  2.5307 | GF=  1.8110 | solve=  1.6854 | scatter=  0.0528
f=     6.800 Hz | ky=  0.579004E-02 | IK=       8/      77 | t=    6.900700 s | CA=  2.5612 | fact=  2.5373 | GF=  1.8021 | solve=  1.6774 | scatter=  0.0515
f=     6.800 Hz | ky=  0.651379E-02 | IK=       9/      77 | t=    6.985300 s | CA=  2.6272 | fact=  2.5532 | GF=  1.8049 | solve=  1.6801 | scatter=  0.0518
f=     6.800 Hz | ky=  0.723755E-02 | IK=      10/      77 | t=    6.910300 s | CA=  2.5649 | fact=  2.5406 | GF=  1.8048 | solve=  1.6794 | scatter=  0.0526
f=     6.800 Hz | ky=  0.796130E-02 | IK=      11/      77 | t=    6.994300 s | CA=  2.6501 | fact=  2.5353 | GF=  1.8088 | solve=  1.6854 | scatter=  0.0507
f=     6.800 Hz | ky=  0.868506E-02 | IK=      12/      77 | t=    6.925500 s | CA=  2.5827 | fact=  2.5365 | GF=  1.8063 | solve=  1.6821 | scatter=  0.0513
f=     6.800 Hz | ky=  0.940881E-02 | IK=      13/      77 | t=    6.951800 s | CA=  2.5937 | fact=  2.5514 | GF=  1.8066 | solve=  1.6812 | scatter=  0.0526
PARDISO mem (f=  6.80 Hz): sym=  1.95 GB  perm=  1.42 GB  num=  3.22 GB  
peak=  4.64 GB
 WD_amp= 7.74749E+13  RESID_RMS= 9.27358E-05  FCOST_DATA= 4.29996E-09  FCOST0= 4.29996E-09
BT: alpha=  1.2500E-01  phi=  4.3000E-09  rhs=  4.4556E-09
  
  
  
  
  
Convergence reached, updating parameter grid
ALPHA from line search =  .1250000000000000
 FCOST0 after linesearch  4.299961796980546E-009
Norm of s (s_norm) =  .1623441475277554E-03
  
Time for LBFGS =  10.07694803873698 min
  
 Frequency:          10 Iteration:           2
t_global   =    451.325 s
  
 -------------- calculate Frechet derivatives -----------
 IFREQ =          10    ITERATION =           2
||Frechet||_F=  5.5312E-14max|Frechet|=  1.0468E-18
||Frechet||_F=  5.5312E-14max|Frechet|=  1.0468E-18
||Frechet||_F=  5.5312E-14max|Frechet|=  1.0468E-18
||Frechet||_F=  5.5312E-14max|Frechet|=  1.0468E-18
||Frechet||_F=  5.5312E-14max|Frechet|=  1.0468E-18
||Frechet||_F=  5.5312E-14max|Frechet|=  1.0468E-18
 
TIME for Frechet calc =  3.996161651611328 min
 
 
  compute the residual and the cost function
 WD_amp= 7.74749E+13  RESID_RMS= 9.27358E-05  FCOST_DATA= 4.29996E-09  FCOST0= 4.29996E-09
Grad block   8 GRAD_SCALED MORM =   4.1843E-06
Raw grad block  8  PAR={Q13}  min= -1.9859E-11  max=  1.5281E-11  L2=  1.1769E-10
Gradient finished
Start LBFGS 
curvature (warm): s·y=  3.0330E-10  ||s||^2=  2.6356E-08  ||y||^2=  8.7854E-12  sTy_min=  4.8119E-11
LBFGS history: used= 0  skipped= 1  worst_col= 5  bad_s·y=  3.0330E-10  bad_cos_sy=  6.3031E-01
LBFGS step: g·p = -2.2404E-09  ||p||=  1.5554E-03
LBFGS step: min(p)= -1.1614E-04  max(p)=  8.7868E-05
LBFGS p_k (unscaled) stats per active parameter:
  IA=  8  PAR={Q13}  min=-4.33721E+00  max= 3.28152E+00  L2= 5.80877E+01
min(p_k)= -1.1614E-04  max(p_k)=  8.7868E-05  ||p_k||=  1.5554E-03
min(p_kf)= -1.1614E-04  max(p_kf)=  8.7868E-05  ||p_kf||=  6.2216E-03
p_k/p_kf  =   2.5000E-01
Start linesearch
MT entry: phi(0)=  4.3000E-09  dg0= -2.2404E-09  alpha0=  1.0000E+00
 UPDATEPARAMETER: f-scale only
UPDATEPARAMETER PAR_STEP min/max, V_STEP min/max =  1.7548423238E+02  2.3028323350E+02
  1.7548423238E+02  2.3028323350E+02
 WD_amp= 7.74749E+13  RESID_RMS= 2.73837E-04  FCOST_DATA= 3.74933E-08  FCOST0= 3.74933E-08
  
 -------------- calculate Frechet derivatives -----------
 IFREQ =          10    ITERATION =           2
||Frechet||_F=  5.5540E-14max|Frechet|=  1.0468E-18
||Frechet||_F=  5.5540E-14max|Frechet|=  1.0468E-18
||Frechet||_F=  5.5540E-14max|Frechet|=  1.0468E-18
||Frechet||_F=  5.5540E-14max|Frechet|=  1.0468E-18
||Frechet||_F=  5.5540E-14max|Frechet|=  1.0468E-18
||Frechet||_F=  5.5540E-14max|Frechet|=  1.0468E-18
Grad block   8 GRAD_SCALED MORM =   4.3709E-05
MT try: alpha=  1.0000E+00  phi=  3.7493E-08  dg=  4.4875E-08  dg0= -2.2404E-09
MT try: armijo_rhs=  4.2997E-09  armijo=F  curvature=F  task=FG
 UPDATEPARAMETER: f-scale only
UPDATEPARAMETER PAR_STEP min/max, V_STEP min/max =  1.7768359386E+02  2.3045262212E+02
  1.7768359386E+02  2.3045262212E+02
 WD_amp= 7.74749E+13  RESID_RMS= 9.23034E-05  FCOST_DATA= 4.25996E-09  FCOST0= 4.25996E-09
  
 -------------- calculate Frechet derivatives -----------
 IFREQ =          10    ITERATION =           2
||Frechet||_F=  5.5316E-14max|Frechet|=  1.0468E-18
||Frechet||_F=  5.5316E-14max|Frechet|=  1.0468E-18
||Frechet||_F=  5.5316E-14max|Frechet|=  1.0468E-18
||Frechet||_F=  5.5316E-14max|Frechet|=  1.0468E-18
||Frechet||_F=  5.5316E-14max|Frechet|=  1.0468E-18
||Frechet||_F=  5.5316E-14max|Frechet|=  1.0468E-18
Grad block   8 GRAD_SCALED MORM =   3.8086E-06
MT try: alpha=  1.9148E-02  phi=  4.2600E-09  dg= -1.3677E-09  dg0= -2.2404E-09
MT try: armijo_rhs=  4.3000E-09  armijo=T  curvature=T  task=FG
  
  
Convergence reached, updating parameter grid
ALPHA from line search =  .1914788996519401E-01
 FCOST0 after linesearch  4.259956890735638E-009
Norm of s (s_norm) =  .2978249345521765E-04
  
  
  
  
Time for LBFGS =  22.97686157226563 min
  
 Frequency:          10 Iteration:           3
t_global   =    448.678 s
  
 -------------- calculate Frechet derivatives -----------
 IFREQ =          10    ITERATION =           3
||Frechet||_F=  5.5316E-14max|Frechet|=  1.0468E-18
||Frechet||_F=  5.5316E-14max|Frechet|=  1.0468E-18
||Frechet||_F=  5.5316E-14max|Frechet|=  1.0468E-18
 
TIME for Frechet calc =  3.955128224690755 min
 
 
  compute the residual and the cost function
 WD_amp= 7.74749E+13  RESID_RMS= 9.23034E-05  FCOST_DATA= 4.25996E-09  FCOST0= 4.25996E-09
||Frechet||_F=  5.5316E-14max|Frechet|=  1.0468E-18
||Frechet||_F=  5.5316E-14max|Frechet|=  1.0468E-18
||Frechet||_F=  5.5316E-14max|Frechet|=  1.0468E-18
Grad block   8 GRAD_SCALED MORM =   3.8086E-06
Gradient finished
Start LBFGS 
curvature (warm): s·y=  1.6711E-11  ||s||^2=  8.8700E-10  ||y||^2=  4.8285E-13  sTy_min=  2.0695E-12
LBFGS history: used= 0  skipped= 2  worst_col= 4  bad_s·y=  1.6711E-11  bad_cos_sy=  8.0749E-01
LBFGS step: g·p = -8.7128E-10  ||p||=  1.0496E-03
LBFGS step: min(p)= -6.9121E-05  max(p)=  8.2593E-05
LBFGS p_k (unscaled) stats per active parameter:
  IA=  8  PAR={Q13}  min=-2.58139E+00  max= 3.08454E+00  L2= 3.91978E+01
min(p_k)= -6.9121E-05  max(p_k)=  8.2593E-05  ||p_k||=  1.0496E-03
min(p_kf)= -6.9121E-05  max(p_kf)=  8.2593E-05  ||p_kf||=  4.1983E-03
p_k/p_kf  =   2.5000E-01
Start linesearch
MT entry: phi(0)=  4.2600E-09  dg0= -8.7128E-10  alpha0=  1.0000E+00
 UPDATEPARAMETER: f-scale only
UPDATEPARAMETER PAR_STEP min/max, V_STEP min/max =  1.7620928307E+02  2.3027757828E+02
  1.7620928307E+02  2.3027757828E+02
 WD_amp= 7.74749E+13  RESID_RMS= 1.74026E-04  FCOST_DATA= 1.51426E-08  FCOST0= 1.51426E-08
  
 -------------- calculate Frechet derivatives -----------
 IFREQ =          10    ITERATION =           3
||Frechet||_F=  5.5441E-14max|Frechet|=  1.0468E-18
||Frechet||_F=  5.5441E-14max|Frechet|=  1.0468E-18
||Frechet||_F=  5.5441E-14max|Frechet|=  1.0468E-18
||Frechet||_F=  5.5441E-14max|Frechet|=  1.0468E-18
||Frechet||_F=  5.5441E-14max|Frechet|=  1.0468E-18
||Frechet||_F=  5.5441E-14max|Frechet|=  1.0468E-18
Grad block   8 GRAD_SCALED MORM =   2.4907E-05
MT try: alpha=  1.0000E+00  phi=  1.5143E-08  dg=  1.4353E-08  dg0= -8.7128E-10
MT try: armijo_rhs=  4.2599E-09  armijo=F  curvature=F  task=FG
 UPDATEPARAMETER: f-scale only
UPDATEPARAMETER PAR_STEP min/max, V_STEP min/max =  1.7768756679E+02  2.3044876371E+02
  1.7768756679E+02  2.3044876371E+02
 WD_amp= 7.74749E+13  RESID_RMS= 9.21154E-05  FCOST_DATA= 4.24263E-09  FCOST0= 4.24263E-09
  
 -------------- calculate Frechet derivatives -----------
 IFREQ =          10    ITERATION =           3
||Frechet||_F=  5.5319E-14max|Frechet|=  1.0468E-18
||Frechet||_F=  5.5319E-14max|Frechet|=  1.0468E-18
||Frechet||_F=  5.5319E-14max|Frechet|=  1.0468E-18
||Frechet||_F=  5.5319E-14max|Frechet|=  1.0468E-18
||Frechet||_F=  5.5319E-14max|Frechet|=  1.0468E-18
||Frechet||_F=  5.5319E-14max|Frechet|=  1.0468E-18
Grad block   8 GRAD_SCALED MORM =   3.6432E-06
MT try: alpha=  2.2042E-02  phi=  4.2426E-09  dg= -5.4154E-10  dg0= -8.7128E-10
MT try: armijo_rhs=  4.2600E-09  armijo=T  curvature=T  task=FG
  
  
  
Convergence reached, updating parameter grid
ALPHA from line search =  .2204249815097048E-01
 FCOST0 after linesearch  4.242627373005375E-009
Norm of s (s_norm) =  .2313548544274718E-04
  
  
  
Convergence check at iteration    3
  Relative cost decrease  =  4.0680E-03
  Relative model update   =  0.0000E+00
  Relative grad. norm     =  3.8762E-01
Time for LBFGS =  22.82672932942708 min
  
 Frequency:          10 Iteration:           4
t_global   =    448.385 s
  
 -------------- calculate Frechet derivatives -----------
 IFREQ =          10    ITERATION =           4
||Frechet||_F=  5.5319E-14max|Frechet|=  1.0468E-18
||Frechet||_F=  5.5319E-14max|Frechet|=  1.0468E-18
||Frechet||_F=  5.5319E-14max|Frechet|=  1.0468E-18
||Frechet||_F=  5.5319E-14max|Frechet|=  1.0468E-18
||Frechet||_F=  5.5319E-14max|Frechet|=  1.0468E-18
 
TIME for Frechet calc =  4.004866790771485 min
 
 
  compute the residual and the cost function
 WD_amp= 7.74749E+13  RESID_RMS= 9.21154E-05  FCOST_DATA= 4.24263E-09  FCOST0= 4.24263E-09
||Frechet||_F=  5.5319E-14max|Frechet|=  1.0468E-18
Grad block   8 GRAD_SCALED MORM =   3.6432E-06
Gradient finished
Start LBFGS 
curvature (warm): s·y=  7.2683E-12  ||s||^2=  5.3525E-10  ||y||^2=  2.0939E-13  sTy_min=  1.0587E-12
LBFGS history: used= 0  skipped= 3  worst_col= 3  bad_s·y=  7.2683E-12  bad_cos_sy=  6.8656E-01
LBFGS step: g·p = -3.7338E-10  ||p||=  7.8872E-04
LBFGS step: min(p)= -5.7705E-05  max(p)=  7.8862E-05
LBFGS p_k (unscaled) stats per active parameter:
  IA=  8  PAR={Q13}  min=-2.15503E+00  max= 2.94516E+00  L2= 2.94554E+01
min(p_k)= -5.7705E-05  max(p_k)=  7.8862E-05  ||p_k||=  7.8872E-04
min(p_kf)= -5.7705E-05  max(p_kf)=  7.8862E-05  ||p_kf||=  3.1549E-03
p_k/p_kf  =   2.5000E-01
Start linesearch
MT entry: phi(0)=  4.2426E-09  dg0= -3.7338E-10  alpha0=  1.0000E+00
 UPDATEPARAMETER: f-scale only
UPDATEPARAMETER PAR_STEP min/max, V_STEP min/max =  1.7670490030E+02  2.3027151669E+02
  1.7670490030E+02  2.3027151669E+02
 WD_amp= 7.74749E+13  RESID_RMS= 1.19455E-04  FCOST_DATA= 7.13479E-09  FCOST0= 7.13479E-09
  
 -------------- calculate Frechet derivatives -----------
 IFREQ =          10    ITERATION =           4
||Frechet||_F=  5.5377E-14max|Frechet|=  1.0468E-18
||Frechet||_F=  5.5377E-14max|Frechet|=  1.0468E-18
||Frechet||_F=  5.5377E-14max|Frechet|=  1.0468E-18
||Frechet||_F=  5.5377E-14max|Frechet|=  1.0468E-18
||Frechet||_F=  5.5377E-14max|Frechet|=  1.0468E-18
||Frechet||_F=  5.5377E-14max|Frechet|=  1.0468E-18
Grad block   8 GRAD_SCALED MORM =   1.3080E-05
MT try: alpha=  1.0000E+00  phi=  7.1348E-09  dg=  3.6940E-09  dg0= -3.7338E-10
MT try: armijo_rhs=  4.2426E-09  armijo=F  curvature=F  task=FG
 UPDATEPARAMETER: f-scale only
UPDATEPARAMETER PAR_STEP min/max, V_STEP min/max =  1.7769313097E+02  2.3044286118E+02
  1.7769313097E+02  2.3044286118E+02
 WD_amp= 7.74749E+13  RESID_RMS= 9.19672E-05  FCOST_DATA= 4.22898E-09  FCOST0= 4.22898E-09
  
 -------------- calculate Frechet derivatives -----------
 IFREQ =          10    ITERATION =           4
||Frechet||_F=  5.5321E-14max|Frechet|=  1.0468E-18
||Frechet||_F=  5.5321E-14max|Frechet|=  1.0468E-18
||Frechet||_F=  5.5321E-14max|Frechet|=  1.0468E-18
||Frechet||_F=  5.5321E-14max|Frechet|=  1.0468E-18
||Frechet||_F=  5.5321E-14max|Frechet|=  1.0468E-18
||Frechet||_F=  5.5321E-14max|Frechet|=  1.0468E-18
Grad block   8 GRAD_SCALED MORM =   3.5618E-06
MT try: alpha=  3.3301E-02  phi=  4.2290E-09  dg= -2.3909E-10  dg0= -3.7338E-10
MT try: armijo_rhs=  4.2426E-09  armijo=T  curvature=T  task=FG
  
  
Convergence reached, updating parameter grid
ALPHA from line search =  .3330118414988317E-01
 FCOST0 after linesearch  4.228983592230342E-009
Norm of s (s_norm) =  .2626519337658378E-04
  
  
  
  
Convergence check at iteration    4
  Relative cost decrease  =  3.2159E-03
  Relative model update   =  0.0000E+00
  Relative grad. norm     =  2.7077E-01
Time for LBFGS =  22.83715820312500 min
  
 Frequency:          10 Iteration:           5
t_global   =    448.341 s
  
 -------------- calculate Frechet derivatives -----------
 IFREQ =          10    ITERATION =           5
||Frechet||_F=  5.5321E-14max|Frechet|=  1.0468E-18
||Frechet||_F=  5.5321E-14max|Frechet|=  1.0468E-18
||Frechet||_F=  5.5321E-14max|Frechet|=  1.0468E-18
||Frechet||_F=  5.5321E-14max|Frechet|=  1.0468E-18
||Frechet||_F=  5.5321E-14max|Frechet|=  1.0468E-18
 
TIME for Frechet calc =  3.992703247070312 min
 
 
  compute the residual and the cost function
||Frechet||_F=  5.5321E-14max|Frechet|=  1.0468E-18
 WD_amp= 7.74749E+13  RESID_RMS= 9.19672E-05  FCOST_DATA= 4.22898E-09  FCOST0= 4.22898E-09
Grad block   8 GRAD_SCALED MORM =   3.5618E-06
Gradient finished
Start LBFGS 
curvature (warm): s·y=  4.4721E-12  ||s||^2=  6.8986E-10  ||y||^2=  1.2610E-13  sTy_min=  9.3270E-13
LBFGS history: used= 0  skipped= 4  worst_col= 2  bad_s·y=  4.4721E-12  bad_cos_sy=  4.7948E-01
LBFGS step: g·p = -2.0050E-10  ||p||=  6.7229E-04
LBFGS step: min(p)= -5.5549E-05  max(p)=  7.5531E-05
LBFGS p_k (unscaled) stats per active parameter:
  IA=  8  PAR={Q13}  min=-2.07455E+00  max= 2.82078E+00  L2= 2.51075E+01
min(p_k)= -5.5549E-05  max(p_k)=  7.5531E-05  ||p_k||=  6.7229E-04
min(p_kf)= -5.5549E-05  max(p_kf)=  7.5531E-05  ||p_kf||=  2.6892E-03
p_k/p_kf  =   2.5000E-01
Start linesearch
MT entry: phi(0)=  4.2290E-09  dg0= -2.0050E-10  alpha0=  1.0000E+00
 UPDATEPARAMETER: f-scale only
UPDATEPARAMETER PAR_STEP min/max, V_STEP min/max =  1.7711339549E+02  2.3026263157E+02
  1.7711339549E+02  2.3026263157E+02
 WD_amp= 7.74749E+13  RESID_RMS= 9.38989E-05  FCOST_DATA= 4.40850E-09  FCOST0= 4.40850E-09
  
 -------------- calculate Frechet derivatives -----------
 IFREQ =          10    ITERATION =           5
||Frechet||_F=  5.5329E-14max|Frechet|=  1.0468E-18
||Frechet||_F=  5.5329E-14max|Frechet|=  1.0468E-18
||Frechet||_F=  5.5329E-14max|Frechet|=  1.0468E-18
||Frechet||_F=  5.5329E-14max|Frechet|=  1.0468E-18
||Frechet||_F=  5.5329E-14max|Frechet|=  1.0468E-18
||Frechet||_F=  5.5329E-14max|Frechet|=  1.0468E-18
Grad block   8 GRAD_SCALED MORM =   5.0808E-06
MT try: alpha=  1.0000E+00  phi=  4.4085E-09  dg=  2.7559E-10  dg0= -2.0050E-10
MT try: armijo_rhs=  4.2290E-09  armijo=F  curvature=F  task=FG
 UPDATEPARAMETER: f-scale only
UPDATEPARAMETER PAR_STEP min/max, V_STEP min/max =  1.7771849388E+02  2.3041233147E+02
  1.7771849388E+02  2.3041233147E+02
 WD_amp= 7.74749E+13  RESID_RMS= 9.13579E-05  FCOST_DATA= 4.17314E-09  FCOST0= 4.17314E-09
  
 -------------- calculate Frechet derivatives -----------
 IFREQ =          10    ITERATION =           5
||Frechet||_F=  5.5322E-14max|Frechet|=  1.0468E-18
||Frechet||_F=  5.5322E-14max|Frechet|=  1.0468E-18
||Frechet||_F=  5.5322E-14max|Frechet|=  1.0468E-18
||Frechet||_F=  5.5322E-14max|Frechet|=  1.0468E-18
||Frechet||_F=  5.5322E-14max|Frechet|=  1.0468E-18
||Frechet||_F=  5.5322E-14max|Frechet|=  1.0468E-18
Grad block   8 GRAD_SCALED MORM =   3.4914E-06
MT try: alpha=  1.6939E-01  phi=  4.1731E-09  dg= -1.2016E-10  dg0= -2.0050E-10
MT try: armijo_rhs=  4.2290E-09  armijo=T  curvature=T  task=FG
  
  
  
  
Convergence reached, updating parameter grid
ALPHA from line search =  .1693934319426689
 FCOST0 after linesearch  4.173137478103145E-009
Norm of s (s_norm) =  .1138819768063199E-03
  
  
Convergence check at iteration    5
  Relative cost decrease  =  1.3206E-02
  Relative model update   =  0.0000E+00
  Relative grad. norm     =  2.9213E-01
Time for LBFGS =  22.92273763020833 min
  
 Frequency:          10 Iteration:           6
t_global   =    448.830 s
  
 -------------- calculate Frechet derivatives -----------
 IFREQ =          10    ITERATION =           6
||Frechet||_F=  5.5322E-14max|Frechet|=  1.0468E-18
||Frechet||_F=  5.5322E-14max|Frechet|=  1.0468E-18
||Frechet||_F=  5.5322E-14max|Frechet|=  1.0468E-18
||Frechet||_F=  5.5322E-14max|Frechet|=  1.0468E-18
||Frechet||_F=  5.5322E-14max|Frechet|=  1.0468E-18
 
TIME for Frechet calc =  4.024748229980469 min
 
 
  compute the residual and the cost function
 WD_amp= 7.74749E+13  RESID_RMS= 9.13579E-05  FCOST_DATA= 4.17314E-09  FCOST0= 4.17314E-09
||Frechet||_F=  5.5322E-14max|Frechet|=  1.0468E-18
Grad block   8 GRAD_SCALED MORM =   3.4914E-06
Gradient finished
Start LBFGS 
curvature (warm): s·y=  1.3609E-11  ||s||^2=  1.2969E-08  ||y||^2=  2.8891E-13  sTy_min=  6.1212E-12
LBFGS history: used= 0  skipped= 5  worst_col= 2  bad_s·y=  4.4721E-12  bad_cos_sy=  4.7948E-01
LBFGS step: g·p = -2.4342E-10  ||p||=  6.8064E-04
LBFGS step: min(p)= -4.6257E-05  max(p)=  6.7532E-05
LBFGS p_k (unscaled) stats per active parameter:
  IA=  8  PAR={Q13}  min=-1.72750E+00  max= 2.52203E+00  L2= 2.54192E+01
min(p_k)= -4.6257E-05  max(p_k)=  6.7532E-05  ||p_k||=  6.8064E-04
min(p_kf)= -4.6257E-05  max(p_kf)=  6.7532E-05  ||p_kf||=  2.7226E-03
p_k/p_kf  =   2.5000E-01
Start linesearch
MT entry: phi(0)=  4.1731E-09  dg0= -2.4342E-10  alpha0=  1.0000E+00
 UPDATEPARAMETER: f-scale only
UPDATEPARAMETER PAR_STEP min/max, V_STEP min/max =  1.7773965778E+02  2.3025179750E+02
  1.7773965778E+02  2.3025179750E+02
 WD_amp= 7.74749E+13  RESID_RMS= 1.02826E-04  FCOST_DATA= 5.28664E-09  FCOST0= 5.28664E-09
  
 -------------- calculate Frechet derivatives -----------
 IFREQ =          10    ITERATION =           6
||Frechet||_F=  5.5266E-14max|Frechet|=  1.0468E-18
||Frechet||_F=  5.5266E-14max|Frechet|=  1.0468E-18
||Frechet||_F=  5.5266E-14max|Frechet|=  1.0468E-18
||Frechet||_F=  5.5266E-14max|Frechet|=  1.0468E-18
||Frechet||_F=  5.5266E-14max|Frechet|=  1.0468E-18
||Frechet||_F=  5.5266E-14max|Frechet|=  1.0468E-18
Grad block   8 GRAD_SCALED MORM =   9.4670E-06
MT try: alpha=  1.0000E+00  phi=  5.2866E-09  dg=  1.8558E-09  dg0= -2.4342E-10
MT try: armijo_rhs=  4.1731E-09  armijo=F  curvature=F  task=FG
 UPDATEPARAMETER: f-scale only
UPDATEPARAMETER PAR_STEP min/max, V_STEP min/max =  1.7772312348E+02  2.3039990992E+02
  1.7772312348E+02  2.3039990992E+02
 WD_amp= 7.74749E+13  RESID_RMS= 9.09489E-05  FCOST_DATA= 4.13585E-09  FCOST0= 4.13585E-09
  
 -------------- calculate Frechet derivatives -----------
 IFREQ =          10    ITERATION =           6
||Frechet||_F=  5.5319E-14max|Frechet|=  1.0468E-18
||Frechet||_F=  5.5319E-14max|Frechet|=  1.0468E-18
||Frechet||_F=  5.5319E-14max|Frechet|=  1.0468E-18
||Frechet||_F=  5.5319E-14max|Frechet|=  1.0468E-18
||Frechet||_F=  5.5319E-14max|Frechet|=  1.0468E-18
||Frechet||_F=  5.5319E-14max|Frechet|=  1.0468E-18
Grad block   8 GRAD_SCALED MORM =   3.4575E-06
MT try: alpha=  6.3626E-02  phi=  4.1358E-09  dg= -1.0919E-10  dg0= -2.4342E-10
MT try: armijo_rhs=  4.1731E-09  armijo=T  curvature=T  task=FG
  
  
  
  
Convergence reached, updating parameter grid
ALPHA from line search =  .6362572977634268E-01
 FCOST0 after linesearch  4.135848185429138E-009
Norm of s (s_norm) =  .4330627912448001E-04
  
  
Convergence check at iteration    6
  Relative cost decrease  =  8.9356E-03
  Relative model update   =  0.0000E+00
  Relative grad. norm     =  2.1363E-01
Time for LBFGS =  22.80197753906250 min
  
 Frequency:          10 Iteration:           7
t_global   =    448.044 s
  
 -------------- calculate Frechet derivatives -----------
 IFREQ =          10    ITERATION =           7
||Frechet||_F=  5.5319E-14max|Frechet|=  1.0468E-18
||Frechet||_F=  5.5319E-14max|Frechet|=  1.0468E-18
||Frechet||_F=  5.5319E-14max|Frechet|=  1.0468E-18
||Frechet||_F=  5.5319E-14max|Frechet|=  1.0468E-18
||Frechet||_F=  5.5319E-14max|Frechet|=  1.0468E-18
 
TIME for Frechet calc =  4.088273366292317 min
 
 
  compute the residual and the cost function
 WD_amp= 7.74749E+13  RESID_RMS= 9.09489E-05  FCOST_DATA= 4.13585E-09  FCOST0= 4.13585E-09
||Frechet||_F=  5.5319E-14max|Frechet|=  1.0468E-18
Grad block   8 GRAD_SCALED MORM =   3.4575E-06
Gradient finished
Start LBFGS 
curvature (full): s·y=  8.5403E-12  ||s||^2=  1.8754E-09  ||y||^2=  2.2548E-13  sTy_min=  2.0564E-12
LBFGS history: used= 0  skipped= 5  worst_col= 3  bad_s·y=  4.4721E-12  bad_cos_sy=  4.7948E-01
 
LBFGS step(full): g·p = -1.4430E-10  ||p||=  5.9090E-04
LBFGS step(full): min(p)= -4.4496E-05  max(p)=  6.9108E-05
LBFGS p_k (unscaled) stats per active parameter:
  IA=  8  PAR={Q13}  min=-1.66173E+00  max= 2.58090E+00  L2= 2.20676E+01
min(p_k)= -4.4496E-05  max(p_k)=  6.9108E-05  ||p_k||=  5.9090E-04
min(p_kf)= -4.4496E-05  max(p_kf)=  6.9108E-05  ||p_kf||=  2.3636E-03
p_k/p_kf  =   2.5000E-01
Start linesearch
MT entry: phi(0)=  4.1358E-09  dg0= -1.4430E-10  alpha0=  1.0000E+00
 UPDATEPARAMETER: f-scale only
UPDATEPARAMETER PAR_STEP min/max, V_STEP min/max =  1.7736711330E+02  2.3025728682E+02
  1.7736711330E+02  2.3025728682E+02
 WD_amp= 7.74749E+13  RESID_RMS= 9.22532E-05  FCOST_DATA= 4.25532E-09  FCOST0= 4.25532E-09
  
 -------------- calculate Frechet derivatives -----------
 IFREQ =          10    ITERATION =           7
||Frechet||_F=  5.5328E-14max|Frechet|=  1.0468E-18
||Frechet||_F=  5.5328E-14max|Frechet|=  1.0468E-18
||Frechet||_F=  5.5328E-14max|Frechet|=  1.0468E-18
||Frechet||_F=  5.5328E-14max|Frechet|=  1.0468E-18
||Frechet||_F=  5.5328E-14max|Frechet|=  1.0468E-18
||Frechet||_F=  5.5328E-14max|Frechet|=  1.0468E-18
Grad block   8 GRAD_SCALED MORM =   4.7581E-06
MT try: alpha=  1.0000E+00  phi=  4.2553E-09  dg=  1.9821E-10  dg0= -1.4430E-10
MT try: armijo_rhs=  4.1358E-09  armijo=F  curvature=F  task=FG
 UPDATEPARAMETER: f-scale only
UPDATEPARAMETER PAR_STEP min/max, V_STEP min/max =  1.7773268172E+02  2.3036326269E+02
  1.7773268172E+02  2.3036326269E+02
 WD_amp= 7.74749E+13  RESID_RMS= 9.05396E-05  FCOST_DATA= 4.09871E-09  FCOST0= 4.09871E-09
  
 -------------- calculate Frechet derivatives -----------
 IFREQ =          10    ITERATION =           7
||Frechet||_F=  5.5320E-14max|Frechet|=  1.0468E-18
||Frechet||_F=  5.5320E-14max|Frechet|=  1.0468E-18
||Frechet||_F=  5.5320E-14max|Frechet|=  1.0468E-18
||Frechet||_F=  5.5320E-14max|Frechet|=  1.0468E-18
||Frechet||_F=  5.5320E-14max|Frechet|=  1.0468E-18
||Frechet||_F=  5.5320E-14max|Frechet|=  1.0468E-18
Grad block   8 GRAD_SCALED MORM =   3.4144E-06
MT try: alpha=  1.8102E-01  phi=  4.0987E-09  dg= -8.2496E-11  dg0= -1.4430E-10
MT try: armijo_rhs=  4.1358E-09  armijo=T  curvature=T  task=FG
  
  
  
Convergence reached, updating parameter grid
ALPHA from line search =  .1810216295828914
 FCOST0 after linesearch  4.098711754772937E-009
Norm of s (s_norm) =  .1069651429396142E-03
  
  
  
Convergence check at iteration    7
  Relative cost decrease  =  8.9792E-03
  Relative model update   =  0.0000E+00
  Relative grad. norm     =  2.9367E-01
Time for LBFGS =  23.09814046223958 min
Data weighting computed for frequency 4607182418800017373
Data weighting computed for frequency 4607182418800017373
Data weighting computed for frequency 4607182418800017373
Data weighting computed for frequency 4607182418800017373
Data weighting computed for frequency 4607182418800017373
 --------- Frequency   7.40000000000000       (band            1 )
[ComputeAcqWeight] empty acq_weight_file, using uniform weights = 1.0
Data weighting computed for frequency 4607182418800017373
XSRmin, XSRmax, ZSRmin, ZSRMax -1960.000000000000 .000000000000000 2050.000000000000 4030.000000000000
1 FKYC
1.2 FKYC
my_rank, FKYC,WLMAX, RMAX 0 .6064639731277687E-01 692.2674047084824 2786.036611389018
1.1 NK
NK in cky2= 88

  Number of wavenumber samples (NK) for FREQ =   88
  RMAX = 2786.04
--- Pre-solver preview (memory + RHS workload) ---
   GQG dims: NNX=       585  NNZ=       317  NPT=    185445
   DOF:     N=3*NPT =    556335
   Sources: NSR=       100  NSS=        20  NK=        88
   RHS total (per IK): nrhs_tot=3*NSS =        60
   Batch:    MAX_RHS_BATCH=        32  nbatches=         2
   GFMY  (GFX+GFY+GFZ):         21.886 GB
   RHS_MY(rhs+sol buffers):      0.531 GB
 
 running run_ik_loop_pardiso
before CA | VmRSS=  23.613 GB  VmHWM= 108.748 GB
after CA | VmRSS=  24.850 GB  VmHWM= 108.748 GB
after factor | VmRSS=  28.619 GB  VmHWM= 108.748 GB
f=     7.400 Hz | ky=  0.689164E-03 | IK=       1/      88 | t=   17.257000 s | CA=  2.5277 | fact= 12.8210 | GF=  1.9081 | solve=  1.7538 | scatter=  0.0514
f=     7.400 Hz | ky=  0.137833E-02 | IK=       2/      88 | t=    6.934300 s | CA=  2.5884 | fact=  2.5423 | GF=  1.8035 | solve=  1.6772 | scatter=  0.0531
f=     7.400 Hz | ky=  0.206749E-02 | IK=       3/      88 | t=    6.893300 s | CA=  2.5825 | fact=  2.5079 | GF=  1.8028 | solve=  1.6771 | scatter=  0.0529
f=     7.400 Hz | ky=  0.275665E-02 | IK=       4/      88 | t=    6.913000 s | CA=  2.5870 | fact=  2.5216 | GF=  1.8044 | solve=  1.6813 | scatter=  0.0500
f=     7.400 Hz | ky=  0.344582E-02 | IK=       5/      88 | t=    6.930600 s | CA=  2.5899 | fact=  2.5368 | GF=  1.8039 | solve=  1.6810 | scatter=  0.0498
f=     7.400 Hz | ky=  0.413498E-02 | IK=       6/      88 | t=    6.964700 s | CA=  2.6245 | fact=  2.5388 | GF=  1.8013 | solve=  1.6779 | scatter=  0.0504
f=     7.400 Hz | ky=  0.482415E-02 | IK=       7/      88 | t=    6.928700 s | CA=  2.5700 | fact=  2.5570 | GF=  1.8017 | solve=  1.6791 | scatter=  0.0499
f=     7.400 Hz | ky=  0.551331E-02 | IK=       8/      88 | t=    6.995500 s | CA=  2.6397 | fact=  2.5514 | GF=  1.8044 | solve=  1.6821 | scatter=  0.0493
f=     7.400 Hz | ky=  0.620247E-02 | IK=       9/      88 | t=    6.940400 s | CA=  2.6072 | fact=  2.5338 | GF=  1.7993 | solve=  1.6739 | scatter=  0.0524
f=     7.400 Hz | ky=  0.689164E-02 | IK=      10/      88 | t=    6.886700 s | CA=  2.5594 | fact=  2.5302 | GF=  1.7971 | solve=  1.6751 | scatter=  0.0493
f=     7.400 Hz | ky=  0.758080E-02 | IK=      11/      88 | t=    6.932900 s | CA=  2.5797 | fact=  2.5446 | GF=  1.8086 | solve=  1.6833 | scatter=  0.0525
f=     7.400 Hz | ky=  0.826996E-02 | IK=      12/      88 | t=    6.815100 s | CA=  2.5552 | fact=  2.4602 | GF=  1.7997 | solve=  1.6762 | scatter=  0.0507
f=     7.400 Hz | ky=  0.895913E-02 | IK=      13/      88 | t=    6.968500 s | CA=  2.6107 | fact=  2.5513 | GF=  1.8065 | solve=  1.6819 | scatter=  0.0516
f=     7.400 Hz | ky=  0.964829E-02 | IK=      14/      88 | t=    6.922600 s | CA=  2.5874 | fact=  2.5283 | GF=  1.8069 | solve=  1.6831 | scatter=  0.0510
f=     7.400 Hz | ky=  0.103375E-01 | IK=      15/      88 | t=    6.941700 s | CA=  2.5895 | fact=  2.5513 | GF=  1.8009 | solve=  1.6771 | scatter=  0.0509
PARDISO mem (f=  7.40 Hz): sym=  1.95 GB  perm=  1.42 GB  num=  3.22 GB  
peak=  4.64 GB
t_global   =    173.670 s
TIME for 1st forward modeling =  2.894520060221354  min
TIME for GT0 =  .9123333295186361E-02  min
Data scaler W for L2 norm: 81248105960047.30
Data scaler W for WQS norm: .1007948000807317E-312
Total number of active inversion parameters for current sequential stage (IM):          1
Total model blocks points (NM = IM * NBLOCK):      11534 on grid (NMM = IM * NPT):    185445
 Gradient balance ():   1.00000000000000        1.00000000000000     
   1.00000000000000        1.00000000000000        1.00000000000000     
   1.00000000000000        1.00000000000000        1.00000000000000     
   1.00000000000000        1.00000000000000        1.00000000000000     
 IE0, IZ          30           0
 IE0, IZ, GZ1, GZ2 =           30           0   100.000000000000     
   300.000000000000     
  
 Frequency:          11 Iteration:           1
--- Pre-solver preview (memory + RHS workload) ---
   GQG dims: NNX=       585  NNZ=       317  NPT=    185445
   DOF:     N=3*NPT =    556335
   Sources: NSR=       100  NSS=       100  NK=        88
   RHS total (per IK): nrhs_tot=3*NSS =       300
   Batch:    MAX_RHS_BATCH=        32  nbatches=        10
   GFMY  (GFX+GFY+GFZ):        109.428 GB
   RHS_MY(rhs+sol buffers):      0.531 GB
 
 running run_ik_loop_pardiso
before CA | VmRSS= 111.965 GB  VmHWM= 111.965 GB
after CA | VmRSS= 112.582 GB  VmHWM= 116.685 GB
after factor | VmRSS= 116.331 GB  VmHWM= 116.685 GB
f=     7.400 Hz | ky=  0.689164E-03 | IK=       1/      88 | t=   24.185500 s | CA=  2.4730 | fact= 12.8221 | GF=  8.8902 | solve=  8.2361 | scatter=  0.2478
f=     7.400 Hz | ky=  0.137833E-02 | IK=       2/      88 | t=   13.913000 s | CA=  2.5838 | fact=  2.5415 | GF=  8.7877 | solve=  8.1615 | scatter=  0.2494
f=     7.400 Hz | ky=  0.206749E-02 | IK=       3/      88 | t=   13.865700 s | CA=  2.5468 | fact=  2.5332 | GF=  8.7856 | solve=  8.1611 | scatter=  0.2468
f=     7.400 Hz | ky=  0.275665E-02 | IK=       4/      88 | t=   13.843600 s | CA=  2.5306 | fact=  2.5297 | GF=  8.7832 | solve=  8.1562 | scatter=  0.2488
f=     7.400 Hz | ky=  0.344582E-02 | IK=       5/      88 | t=   13.895500 s | CA=  2.6028 | fact=  2.4964 | GF=  8.7963 | solve=  8.1688 | scatter=  0.2478
f=     7.400 Hz | ky=  0.413498E-02 | IK=       6/      88 | t=   13.823300 s | CA=  2.5143 | fact=  2.5296 | GF=  8.7794 | solve=  8.1543 | scatter=  0.2460
f=     7.400 Hz | ky=  0.482415E-02 | IK=       7/      88 | t=   13.882500 s | CA=  2.5928 | fact=  2.5515 | GF=  8.7382 | solve=  8.1129 | scatter=  0.2460
f=     7.400 Hz | ky=  0.551331E-02 | IK=       8/      88 | t=   13.742900 s | CA=  2.6348 | fact=  2.5501 | GF=  8.5579 | solve=  7.9223 | scatter=  0.2564
f=     7.400 Hz | ky=  0.620247E-02 | IK=       9/      88 | t=   13.664500 s | CA=  2.5429 | fact=  2.5489 | GF=  8.5727 | solve=  7.9468 | scatter=  0.2456
f=     7.400 Hz | ky=  0.689164E-02 | IK=      10/      88 | t=   13.733900 s | CA=  2.6055 | fact=  2.5540 | GF=  8.5743 | solve=  7.9427 | scatter=  0.2513
f=     7.400 Hz | ky=  0.758080E-02 | IK=      11/      88 | t=   13.691000 s | CA=  2.5705 | fact=  2.5474 | GF=  8.5730 | solve=  7.9442 | scatter=  0.2491
f=     7.400 Hz | ky=  0.826996E-02 | IK=      12/      88 | t=   13.730000 s | CA=  2.5938 | fact=  2.5608 | GF=  8.5754 | solve=  7.9466 | scatter=  0.2484
f=     7.400 Hz | ky=  0.895913E-02 | IK=      13/      88 | t=   13.685500 s | CA=  2.5909 | fact=  2.5420 | GF=  8.5525 | solve=  7.9264 | scatter=  0.2466
f=     7.400 Hz | ky=  0.964829E-02 | IK=      14/      88 | t=   13.663900 s | CA=  2.5413 | fact=  2.5632 | GF=  8.5594 | solve=  7.9284 | scatter=  0.2510
f=     7.400 Hz | ky=  0.103375E-01 | IK=      15/      88 | t=   13.695500 s | CA=  2.5696 | fact=  2.5476 | GF=  8.5783 | solve=  7.9476 | scatter=  0.2507
PARDISO mem (f=  7.40 Hz): sym=  1.95 GB  perm=  1.42 GB  num=  3.22 GB  
peak=  4.64 GB
t_global   =    511.425 s
TIME for 2d forward modeling_i calc =  8.522901916503907 min
Rank    5 -> ID range:   4001 to   4800 | Tasks:    800
Rank    3 -> ID range:   2401 to   3200 | Tasks:    800
Rank    4 -> ID range:   3201 to   4000 | Tasks:    800
Rank    2 -> ID range:   1601 to   2400 | Tasks:    800
Rank    1 -> ID range:    801 to   1600 | Tasks:    800
  
 -------------- calculate Frechet derivatives -----------
 IFREQ =          11    ITERATION =           1
Frechet memory size Frec_my:      0.825 (Gb)
Rank    0 -> ID range:      1 to    800 | Tasks:    800
FREQ:      7.4 Hz, ITER=       1  Frechet Derivative ID=     100/    4800 Finished   0.336300 s
FREQ:      7.4 Hz, ITER=       1  Frechet Derivative ID=     200/    4800 Finished   0.334400 s
FREQ:      7.4 Hz, ITER=       1  Frechet Derivative ID=     300/    4800 Finished   0.335500 s
FREQ:      7.4 Hz, ITER=       1  Frechet Derivative ID=     400/    4800 Finished   0.322300 s
FREQ:      7.4 Hz, ITER=       1  Frechet Derivative ID=     500/    4800 Finished   0.337700 s
FREQ:      7.4 Hz, ITER=       1  Frechet Derivative ID=     600/    4800 Finished   0.337600 s
FREQ:      7.4 Hz, ITER=       1  Frechet Derivative ID=     700/    4800 Finished   0.336700 s
FREQ:      7.4 Hz, ITER=       1  Frechet Derivative ID=     800/    4800 Finished   0.339500 s
||Frechet||_F=  5.4705E-14max|Frechet|=  1.1580E-18
||Frechet||_F=  5.4705E-14max|Frechet|=  1.1580E-18
||Frechet||_F=  5.4705E-14max|Frechet|=  1.1580E-18
||Frechet||_F=  5.4705E-14max|Frechet|=  1.1580E-18
||Frechet||_F=  5.4705E-14max|Frechet|=  1.1580E-18
||Frechet||_F=  5.4705E-14max|Frechet|=  1.1580E-18
 
TIME for Frechet calc =  4.652688090006510 min
 
m_fine: min=  1.7773E+02  max=  2.3036E+02  mean=  2.1167E+02  ||.||2=  9.1549E+04  size=  185445
m_coarse_prev: min=  1.7801E+02  max=  2.3002E+02  mean=  2.1170E+02  ||.||2=  2.2834E+04  size=   11534
 
  compute the residual and the cost function
 WD_amp= 8.12481E+13  RESID_RMS= 9.37289E-05  FCOST_DATA= 4.39255E-09  FCOST0= 4.39255E-09
IA=  8  H(single F0) min= 0.00000E+00  max= 4.68620E-02
IA=  8  H(F0^2)     min= 0.00000E+00  max= 4.68620E-02
HESSD: ia=   8  min= 0.00000E+00  max= 4.26729E+03
IA=  8  H(single F0) min= 0.00000E+00  max= 4.68620E-02
IA=  8  H(F0^2)     min= 0.00000E+00  max= 4.68620E-02
HESSD: ia=   8  min= 0.00000E+00  max= 4.26729E+03
IA=  8  H(single F0) min= 0.00000E+00  max= 4.68620E-02
IA=  8  H(F0^2)     min= 0.00000E+00  max= 4.68620E-02
HESSD: ia=   8  min= 0.00000E+00  max= 4.26729E+03
IA=  8  H(single F0) min= 0.00000E+00  max= 4.68620E-02
IA=  8  H(F0^2)     min= 0.00000E+00  max= 4.68620E-02
HESSD: ia=   8  min= 0.00000E+00  max= 4.26729E+03
IA=  8  H(single F0) min= 0.00000E+00  max= 4.68620E-02
IA=  8  H(F0^2)     min= 0.00000E+00  max= 4.68620E-02
HESSD: ia=   8  min= 0.00000E+00  max= 4.26729E+03
IA=  8  H(single F0) min= 0.00000E+00  max= 4.68620E-02
IA=  8  H(F0^2)     min= 0.00000E+00  max= 4.68620E-02
HESSD: ia=   8  min= 0.00000E+00  max= 4.26729E+03
Grad block   8 GRAD_SCALED MORM =   3.9096E-06
Raw grad block  8  PAR={Q13}  min= -2.2072E-11  max=  1.1640E-11  L2=  1.1096E-10
Gradient finished
Start LBFGS 
LBFGS steepest step , iter=      1
  g·p = -1.2768E-09  ||p|| =  1.1497E-03
  min(p)= -8.1060E-05  max(p)=  7.2284E-05
LBFGS p_k (unscaled) stats per active parameter:
  IA=  8  PAR={Q13}  min=-3.02728E+00  max= 2.69953E+00  L2= 4.29375E+01
min(p_k)= -8.1060E-05  max(p_k)=  7.2284E-05  ||p_k||=  1.1497E-03
min(p_kf)= -8.1060E-05  max(p_kf)=  7.2284E-05  ||p_kf||=  4.5989E-03
p_k/p_kf  =   2.5000E-01
Start linesearch
BT entry: phi(0)=  4.3926E-09  g·p(0)= -1.2768E-09
 UPDATEPARAMETER: f-scale only
UPDATEPARAMETER PAR_STEP min/max, V_STEP min/max =  1.7656789053E+02  2.3028517844E+02
  1.7656789053E+02  2.3028517844E+02
REL STEP Q      : k=  8 row=  3 rmax_k=  1.6567E-02 row_scale=  2.3036E+02
BT cap probe: rmax1=  1.6567E-02  alpha_cap=  1.0000E+00  alpha00=  1.0000E+00
 UPDATEPARAMETER: f-scale only
UPDATEPARAMETER PAR_STEP min/max, V_STEP min/max =  1.7656789053E+02  2.3028517844E+02
  1.7656789053E+02  2.3028517844E+02
 running run_ik_loop_pardiso
before CA | VmRSS=  24.443 GB  VmHWM= 122.202 GB
after CA | VmRSS=  25.164 GB  VmHWM= 122.202 GB
after factor | VmRSS=  28.928 GB  VmHWM= 122.202 GB
f=     7.400 Hz | ky=  0.689164E-03 | IK=       1/      88 | t=   17.278000 s | CA=  2.5234 | fact= 12.8502 | GF=  1.9042 | solve=  1.7537 | scatter=  0.0477
f=     7.400 Hz | ky=  0.137833E-02 | IK=       2/      88 | t=    6.915300 s | CA=  2.5555 | fact=  2.5532 | GF=  1.8065 | solve=  1.6799 | scatter=  0.0538
f=     7.400 Hz | ky=  0.206749E-02 | IK=       3/      88 | t=    6.904400 s | CA=  2.5637 | fact=  2.5376 | GF=  1.8031 | solve=  1.6792 | scatter=  0.0512
f=     7.400 Hz | ky=  0.275665E-02 | IK=       4/      88 | t=    6.915200 s | CA=  2.5742 | fact=  2.5421 | GF=  1.7989 | solve=  1.6746 | scatter=  0.0514
f=     7.400 Hz | ky=  0.344582E-02 | IK=       5/      88 | t=    6.902500 s | CA=  2.5805 | fact=  2.5306 | GF=  1.7914 | solve=  1.6700 | scatter=  0.0484
f=     7.400 Hz | ky=  0.413498E-02 | IK=       6/      88 | t=    6.899700 s | CA=  2.5621 | fact=  2.5570 | GF=  1.7806 | solve=  1.6563 | scatter=  0.0515
f=     7.400 Hz | ky=  0.482415E-02 | IK=       7/      88 | t=    6.889900 s | CA=  2.5839 | fact=  2.5327 | GF=  1.7733 | solve=  1.6511 | scatter=  0.0495
f=     7.400 Hz | ky=  0.551331E-02 | IK=       8/      88 | t=    6.896800 s | CA=  2.5949 | fact=  2.5281 | GF=  1.7738 | solve=  1.6474 | scatter=  0.0535
f=     7.400 Hz | ky=  0.620247E-02 | IK=       9/      88 | t=    6.901000 s | CA=  2.5708 | fact=  2.5561 | GF=  1.7740 | solve=  1.6478 | scatter=  0.0536
f=     7.400 Hz | ky=  0.689164E-02 | IK=      10/      88 | t=    6.902100 s | CA=  2.5758 | fact=  2.5511 | GF=  1.7752 | solve=  1.6486 | scatter=  0.0534
f=     7.400 Hz | ky=  0.758080E-02 | IK=      11/      88 | t=    6.898000 s | CA=  2.5938 | fact=  2.5321 | GF=  1.7721 | solve=  1.6490 | scatter=  0.0501
f=     7.400 Hz | ky=  0.826996E-02 | IK=      12/      88 | t=    6.874500 s | CA=  2.5687 | fact=  2.5322 | GF=  1.7736 | solve=  1.6486 | scatter=  0.0520
f=     7.400 Hz | ky=  0.895913E-02 | IK=      13/      88 | t=    6.941700 s | CA=  2.6270 | fact=  2.5390 | GF=  1.7757 | solve=  1.6495 | scatter=  0.0534
f=     7.400 Hz | ky=  0.964829E-02 | IK=      14/      88 | t=    6.851200 s | CA=  2.5579 | fact=  2.5171 | GF=  1.7761 | solve=  1.6536 | scatter=  0.0495
f=     7.400 Hz | ky=  0.103375E-01 | IK=      15/      88 | t=    6.965600 s | CA=  2.6539 | fact=  2.5383 | GF=  1.7733 | solve=  1.6500 | scatter=  0.0504
PARDISO mem (f=  7.40 Hz): sym=  1.95 GB  perm=  1.42 GB  num=  3.22 GB  
peak=  4.64 GB
 WD_amp= 8.12481E+13  RESID_RMS= 1.86397E-04  FCOST_DATA= 1.73720E-08  FCOST0= 1.73720E-08
BT: alpha=  1.0000E+00  phi=  1.7372E-08  rhs=  4.3924E-09
 UPDATEPARAMETER: f-scale only
UPDATEPARAMETER PAR_STEP min/max, V_STEP min/max =  1.7746612860E+02  2.3027186771E+02
  1.7746612860E+02  2.3027186771E+02
 running run_ik_loop_pardiso
before CA | VmRSS=  24.512 GB  VmHWM= 122.202 GB
after CA | VmRSS=  25.059 GB  VmHWM= 122.202 GB
after factor | VmRSS=  28.819 GB  VmHWM= 122.202 GB
f=     7.400 Hz | ky=  0.689164E-03 | IK=       1/      88 | t=   17.195100 s | CA=  2.4682 | fact= 12.8159 | GF=  1.9108 | solve=  1.7556 | scatter=  0.0528
f=     7.400 Hz | ky=  0.137833E-02 | IK=       2/      88 | t=    6.962600 s | CA=  2.6261 | fact=  2.5363 | GF=  1.8001 | solve=  1.6769 | scatter=  0.0505
f=     7.400 Hz | ky=  0.206749E-02 | IK=       3/      88 | t=    6.803700 s | CA=  2.5347 | fact=  2.5331 | GF=  1.7357 | solve=  1.6117 | scatter=  0.0509
f=     7.400 Hz | ky=  0.275665E-02 | IK=       4/      88 | t=    6.869700 s | CA=  2.5761 | fact=  2.5367 | GF=  1.7569 | solve=  1.6319 | scatter=  0.0520
f=     7.400 Hz | ky=  0.344582E-02 | IK=       5/      88 | t=    6.857800 s | CA=  2.5534 | fact=  2.5393 | GF=  1.7650 | solve=  1.6401 | scatter=  0.0519
f=     7.400 Hz | ky=  0.413498E-02 | IK=       6/      88 | t=    6.900500 s | CA=  2.6032 | fact=  2.5348 | GF=  1.7625 | solve=  1.6385 | scatter=  0.0510
f=     7.400 Hz | ky=  0.482415E-02 | IK=       7/      88 | t=    6.899900 s | CA=  2.5837 | fact=  2.5508 | GF=  1.7653 | solve=  1.6387 | scatter=  0.0539
f=     7.400 Hz | ky=  0.551331E-02 | IK=       8/      88 | t=    6.893100 s | CA=  2.5896 | fact=  2.5473 | GF=  1.7562 | solve=  1.6320 | scatter=  0.0516
f=     7.400 Hz | ky=  0.620247E-02 | IK=       9/      88 | t=    6.869900 s | CA=  2.5708 | fact=  2.5403 | GF=  1.7587 | solve=  1.6345 | scatter=  0.0514
f=     7.400 Hz | ky=  0.689164E-02 | IK=      10/      88 | t=    6.869600 s | CA=  2.5898 | fact=  2.5201 | GF=  1.7597 | solve=  1.6370 | scatter=  0.0500
f=     7.400 Hz | ky=  0.758080E-02 | IK=      11/      88 | t=    6.908000 s | CA=  2.5900 | fact=  2.5516 | GF=  1.7664 | solve=  1.6419 | scatter=  0.0516
f=     7.400 Hz | ky=  0.826996E-02 | IK=      12/      88 | t=    6.877400 s | CA=  2.5605 | fact=  2.5562 | GF=  1.7607 | solve=  1.6352 | scatter=  0.0523
f=     7.400 Hz | ky=  0.895913E-02 | IK=      13/      88 | t=    6.861600 s | CA=  2.5633 | fact=  2.5249 | GF=  1.7734 | solve=  1.6485 | scatter=  0.0520
f=     7.400 Hz | ky=  0.964829E-02 | IK=      14/      88 | t=    6.867300 s | CA=  2.5708 | fact=  2.5348 | GF=  1.7617 | solve=  1.6367 | scatter=  0.0521
f=     7.400 Hz | ky=  0.103375E-01 | IK=      15/      88 | t=    6.874600 s | CA=  2.5658 | fact=  2.5546 | GF=  1.7541 | solve=  1.6314 | scatter=  0.0498
PARDISO mem (f=  7.40 Hz): sym=  1.95 GB  perm=  1.42 GB  num=  3.22 GB  
peak=  4.64 GB
 WD_amp= 8.12481E+13  RESID_RMS= 1.20071E-04  FCOST_DATA= 7.20848E-09  FCOST0= 7.20848E-09
BT: alpha=  5.0000E-01  phi=  7.2085E-09  rhs=  4.3925E-09
 UPDATEPARAMETER: f-scale only
UPDATEPARAMETER PAR_STEP min/max, V_STEP min/max =  1.7769103548E+02  2.3026521235E+02
  1.7769103548E+02  2.3026521235E+02
 running run_ik_loop_pardiso
before CA | VmRSS=  24.440 GB  VmHWM= 122.202 GB
after CA | VmRSS=  25.739 GB  VmHWM= 122.202 GB
after factor | VmRSS=  29.505 GB  VmHWM= 122.202 GB
f=     7.400 Hz | ky=  0.689164E-03 | IK=       1/      88 | t=   17.253700 s | CA=  2.5273 | fact= 12.8230 | GF=  1.9032 | solve=  1.7503 | scatter=  0.0502
f=     7.400 Hz | ky=  0.137833E-02 | IK=       2/      88 | t=    6.948300 s | CA=  2.6010 | fact=  2.5420 | GF=  1.8053 | solve=  1.6821 | scatter=  0.0506
f=     7.400 Hz | ky=  0.206749E-02 | IK=       3/      88 | t=    6.911900 s | CA=  2.5754 | fact=  2.5392 | GF=  1.7973 | solve=  1.6714 | scatter=  0.0532
f=     7.400 Hz | ky=  0.275665E-02 | IK=       4/      88 | t=    6.900400 s | CA=  2.5757 | fact=  2.5203 | GF=  1.8043 | solve=  1.6814 | scatter=  0.0502
f=     7.400 Hz | ky=  0.344582E-02 | IK=       5/      88 | t=    6.940200 s | CA=  2.6158 | fact=  2.5239 | GF=  1.8005 | solve=  1.6781 | scatter=  0.0497
f=     7.400 Hz | ky=  0.413498E-02 | IK=       6/      88 | t=    6.940600 s | CA=  2.5882 | fact=  2.5385 | GF=  1.8138 | solve=  1.6882 | scatter=  0.0526
f=     7.400 Hz | ky=  0.482415E-02 | IK=       7/      88 | t=    6.921000 s | CA=  2.5905 | fact=  2.5257 | GF=  1.8048 | solve=  1.6808 | scatter=  0.0510
f=     7.400 Hz | ky=  0.551331E-02 | IK=       8/      88 | t=    6.965500 s | CA=  2.6225 | fact=  2.5456 | GF=  1.7973 | solve=  1.6741 | scatter=  0.0503
f=     7.400 Hz | ky=  0.620247E-02 | IK=       9/      88 | t=    6.918000 s | CA=  2.6004 | fact=  2.5058 | GF=  1.8118 | solve=  1.6858 | scatter=  0.0530
f=     7.400 Hz | ky=  0.689164E-02 | IK=      10/      88 | t=    6.941900 s | CA=  2.5938 | fact=  2.5489 | GF=  1.7991 | solve=  1.6754 | scatter=  0.0509
f=     7.400 Hz | ky=  0.758080E-02 | IK=      11/      88 | t=    6.941900 s | CA=  2.5935 | fact=  2.5443 | GF=  1.8040 | solve=  1.6806 | scatter=  0.0506
f=     7.400 Hz | ky=  0.826996E-02 | IK=      12/      88 | t=    6.903400 s | CA=  2.5493 | fact=  2.5411 | GF=  1.8130 | solve=  1.6862 | scatter=  0.0539
f=     7.400 Hz | ky=  0.895913E-02 | IK=      13/      88 | t=    6.931700 s | CA=  2.6049 | fact=  2.5231 | GF=  1.8037 | solve=  1.6762 | scatter=  0.0545
f=     7.400 Hz | ky=  0.964829E-02 | IK=      14/      88 | t=    6.914100 s | CA=  2.5758 | fact=  2.5337 | GF=  1.8045 | solve=  1.6799 | scatter=  0.0514
f=     7.400 Hz | ky=  0.103375E-01 | IK=      15/      88 | t=    6.972800 s | CA=  2.6232 | fact=  2.5432 | GF=  1.8064 | solve=  1.6829 | scatter=  0.0505
PARDISO mem (f=  7.40 Hz): sym=  1.95 GB  perm=  1.42 GB  num=  3.22 GB  
peak=  4.64 GB
 WD_amp= 8.12481E+13  RESID_RMS= 9.87717E-05  FCOST_DATA= 4.87793E-09  FCOST0= 4.87793E-09
BT: alpha=  2.5000E-01  phi=  4.8779E-09  rhs=  4.3925E-09
 UPDATEPARAMETER: f-scale only
UPDATEPARAMETER PAR_STEP min/max, V_STEP min/max =  1.7771185860E+02  2.3030932831E+02
  1.7771185860E+02  2.3030932831E+02
 running run_ik_loop_pardiso
before CA | VmRSS=  24.970 GB  VmHWM= 122.202 GB
after CA | VmRSS=  25.016 GB  VmHWM= 122.202 GB
after factor | VmRSS=  28.775 GB  VmHWM= 122.202 GB
f=     7.400 Hz | ky=  0.689164E-03 | IK=       1/      88 | t=   17.263900 s | CA=  2.5332 | fact= 12.8272 | GF=  1.9033 | solve=  1.7482 | scatter=  0.0528
f=     7.400 Hz | ky=  0.137833E-02 | IK=       2/      88 | t=    6.917500 s | CA=  2.5882 | fact=  2.5288 | GF=  1.8004 | solve=  1.6772 | scatter=  0.0504
f=     7.400 Hz | ky=  0.206749E-02 | IK=       3/      88 | t=    6.898800 s | CA=  2.5695 | fact=  2.5309 | GF=  1.7984 | solve=  1.6752 | scatter=  0.0505
f=     7.400 Hz | ky=  0.275665E-02 | IK=       4/      88 | t=    6.856100 s | CA=  2.5365 | fact=  2.5126 | GF=  1.8070 | solve=  1.6807 | scatter=  0.0536
f=     7.400 Hz | ky=  0.344582E-02 | IK=       5/      88 | t=    6.922300 s | CA=  2.5970 | fact=  2.5202 | GF=  1.8051 | solve=  1.6807 | scatter=  0.0516
f=     7.400 Hz | ky=  0.413498E-02 | IK=       6/      88 | t=    7.001700 s | CA=  2.6645 | fact=  2.5368 | GF=  1.8003 | solve=  1.6767 | scatter=  0.0508
f=     7.400 Hz | ky=  0.482415E-02 | IK=       7/      88 | t=    6.844600 s | CA=  2.5381 | fact=  2.4973 | GF=  1.8092 | solve=  1.6828 | scatter=  0.0536
f=     7.400 Hz | ky=  0.551331E-02 | IK=       8/      88 | t=    6.915400 s | CA=  2.5919 | fact=  2.5256 | GF=  1.7978 | solve=  1.6743 | scatter=  0.0507
f=     7.400 Hz | ky=  0.620247E-02 | IK=       9/      88 | t=    6.932000 s | CA=  2.5746 | fact=  2.5482 | GF=  1.8092 | solve=  1.6836 | scatter=  0.0528
f=     7.400 Hz | ky=  0.689164E-02 | IK=      10/      88 | t=    6.957500 s | CA=  2.6067 | fact=  2.5452 | GF=  1.8056 | solve=  1.6787 | scatter=  0.0540
f=     7.400 Hz | ky=  0.758080E-02 | IK=      11/      88 | t=    6.935700 s | CA=  2.6127 | fact=  2.5203 | GF=  1.8027 | solve=  1.6793 | scatter=  0.0503
f=     7.400 Hz | ky=  0.826996E-02 | IK=      12/      88 | t=    6.946300 s | CA=  2.5983 | fact=  2.5416 | GF=  1.8064 | solve=  1.6794 | scatter=  0.0535
f=     7.400 Hz | ky=  0.895913E-02 | IK=      13/      88 | t=    6.930900 s | CA=  2.5765 | fact=  2.5534 | GF=  1.8010 | solve=  1.6771 | scatter=  0.0505
f=     7.400 Hz | ky=  0.964829E-02 | IK=      14/      88 | t=    6.970000 s | CA=  2.6186 | fact=  2.5467 | GF=  1.8047 | solve=  1.6774 | scatter=  0.0541
f=     7.400 Hz | ky=  0.103375E-01 | IK=      15/      88 | t=    6.894300 s | CA=  2.5358 | fact=  2.5547 | GF=  1.8038 | solve=  1.6776 | scatter=  0.0533
PARDISO mem (f=  7.40 Hz): sym=  1.95 GB  perm=  1.42 GB  num=  3.22 GB  
peak=  4.64 GB
 WD_amp= 8.12481E+13  RESID_RMS= 9.38516E-05  FCOST_DATA= 4.40406E-09  FCOST0= 4.40406E-09
BT: alpha=  1.2500E-01  phi=  4.4041E-09  rhs=  4.3925E-09
 UPDATEPARAMETER: f-scale only
UPDATEPARAMETER PAR_STEP min/max, V_STEP min/max =  1.7772227016E+02  2.3033629550E+02
  1.7772227016E+02  2.3033629550E+02
 running run_ik_loop_pardiso
before CA | VmRSS=  24.436 GB  VmHWM= 122.202 GB
after CA | VmRSS=  25.632 GB  VmHWM= 122.202 GB
after factor | VmRSS=  29.401 GB  VmHWM= 122.202 GB
f=     7.400 Hz | ky=  0.689164E-03 | IK=       1/      88 | t=   17.272300 s | CA=  2.5469 | fact= 12.8248 | GF=  1.9004 | solve=  1.7479 | scatter=  0.0500
f=     7.400 Hz | ky=  0.137833E-02 | IK=       2/      88 | t=    6.838000 s | CA=  2.5611 | fact=  2.4778 | GF=  1.7990 | solve=  1.6751 | scatter=  0.0512
f=     7.400 Hz | ky=  0.206749E-02 | IK=       3/      88 | t=    6.954100 s | CA=  2.6195 | fact=  2.5299 | GF=  1.8046 | solve=  1.6790 | scatter=  0.0530
f=     7.400 Hz | ky=  0.275665E-02 | IK=       4/      88 | t=    6.918800 s | CA=  2.5897 | fact=  2.5262 | GF=  1.8028 | solve=  1.6782 | scatter=  0.0517
f=     7.400 Hz | ky=  0.344582E-02 | IK=       5/      88 | t=    6.897100 s | CA=  2.5969 | fact=  2.5375 | GF=  1.7627 | solve=  1.6363 | scatter=  0.0537
f=     7.400 Hz | ky=  0.413498E-02 | IK=       6/      88 | t=    6.864300 s | CA=  2.5758 | fact=  2.5425 | GF=  1.7460 | solve=  1.6229 | scatter=  0.0504
f=     7.400 Hz | ky=  0.482415E-02 | IK=       7/      88 | t=    6.819300 s | CA=  2.5909 | fact=  2.5254 | GF=  1.7029 | solve=  1.5772 | scatter=  0.0528
f=     7.400 Hz | ky=  0.551331E-02 | IK=       8/      88 | t=    6.830500 s | CA=  2.5667 | fact=  2.5435 | GF=  1.7203 | solve=  1.5925 | scatter=  0.0548
f=     7.400 Hz | ky=  0.620247E-02 | IK=       9/      88 | t=    6.793800 s | CA=  2.5359 | fact=  2.5452 | GF=  1.7127 | solve=  1.5901 | scatter=  0.0499
f=     7.400 Hz | ky=  0.689164E-02 | IK=      10/      88 | t=    6.833900 s | CA=  2.5621 | fact=  2.5477 | GF=  1.7240 | solve=  1.5962 | scatter=  0.0550
f=     7.400 Hz | ky=  0.758080E-02 | IK=      11/      88 | t=    6.846500 s | CA=  2.5664 | fact=  2.5564 | GF=  1.7237 | solve=  1.5982 | scatter=  0.0528
f=     7.400 Hz | ky=  0.826996E-02 | IK=      12/      88 | t=    6.864600 s | CA=  2.6030 | fact=  2.5445 | GF=  1.7171 | solve=  1.5934 | scatter=  0.0510
f=     7.400 Hz | ky=  0.895913E-02 | IK=      13/      88 | t=    6.861300 s | CA=  2.5940 | fact=  2.5463 | GF=  1.7210 | solve=  1.5968 | scatter=  0.0514
f=     7.400 Hz | ky=  0.964829E-02 | IK=      14/      88 | t=    6.852700 s | CA=  2.5792 | fact=  2.5506 | GF=  1.7229 | solve=  1.5964 | scatter=  0.0537
f=     7.400 Hz | ky=  0.103375E-01 | IK=      15/      88 | t=    6.867400 s | CA=  2.5952 | fact=  2.5505 | GF=  1.7217 | solve=  1.5945 | scatter=  0.0541
PARDISO mem (f=  7.40 Hz): sym=  1.95 GB  perm=  1.42 GB  num=  3.22 GB  
peak=  4.64 GB
  
  
 WD_amp= 8.12481E+13  RESID_RMS= 9.31711E-05  FCOST_DATA= 4.34043E-09  FCOST0= 4.34043E-09
BT: alpha=  6.2500E-02  phi=  4.3404E-09  rhs=  4.3925E-09
  
  
Convergence reached, updating parameter grid
ALPHA from line search =  .6250000000000000E-01
 FCOST0 after linesearch  4.340425274392546E-009
Norm of s (s_norm) =  .7185755624867455E-04
  
  
Time for LBFGS =  14.36788635253906 min
  
 Frequency:          11 Iteration:           2
t_global   =    516.013 s
  
 -------------- calculate Frechet derivatives -----------
 IFREQ =          11    ITERATION =           2
||Frechet||_F=  5.4700E-14max|Frechet|=  1.1580E-18
||Frechet||_F=  5.4700E-14max|Frechet|=  1.1580E-18
||Frechet||_F=  5.4700E-14max|Frechet|=  1.1580E-18
||Frechet||_F=  5.4700E-14max|Frechet|=  1.1580E-18
||Frechet||_F=  5.4700E-14max|Frechet|=  1.1580E-18
||Frechet||_F=  5.4700E-14max|Frechet|=  1.1580E-18
 
TIME for Frechet calc =  4.578811645507812 min
 
 
  compute the residual and the cost function
 WD_amp= 8.12481E+13  RESID_RMS= 9.31711E-05  FCOST_DATA= 4.34043E-09  FCOST0= 4.34043E-09
Grad block   8 GRAD_SCALED MORM =   3.5598E-06
Raw grad block  8  PAR={Q13}  min= -1.9395E-11  max=  1.2627E-11  L2=  1.0179E-10
Gradient finished
Start LBFGS 
curvature (warm): s·y=  7.2731E-11  ||s||^2=  5.1635E-09  ||y||^2=  2.5240E-12  sTy_min=  1.1416E-11
LBFGS history: used= 0  skipped= 1  worst_col= 5  bad_s·y=  7.2731E-11  bad_cos_sy=  6.3710E-01
LBFGS step: g·p = -4.5970E-10  ||p||=  8.7071E-04
LBFGS step: min(p)= -6.2009E-05  max(p)=  6.8796E-05
LBFGS p_k (unscaled) stats per active parameter:
  IA=  8  PAR={Q13}  min=-2.31581E+00  max= 2.56926E+00  L2= 3.25176E+01
min(p_k)= -6.2009E-05  max(p_k)=  6.8796E-05  ||p_k||=  8.7071E-04
min(p_kf)= -6.2009E-05  max(p_kf)=  6.8796E-05  ||p_kf||=  3.4828E-03
p_k/p_kf  =   2.5000E-01
Start linesearch
MT entry: phi(0)=  4.3404E-09  dg0= -4.5970E-10  alpha0=  1.0000E+00
 UPDATEPARAMETER: f-scale only
UPDATEPARAMETER PAR_STEP min/max, V_STEP min/max =  1.7706392778E+02  2.3029509206E+02
  1.7706392778E+02  2.3029509206E+02
 WD_amp= 8.12481E+13  RESID_RMS= 1.20610E-04  FCOST_DATA= 7.27339E-09  FCOST0= 7.27339E-09
  
 -------------- calculate Frechet derivatives -----------
 IFREQ =          11    ITERATION =           2
||Frechet||_F=  5.4792E-14max|Frechet|=  1.1580E-18
||Frechet||_F=  5.4792E-14max|Frechet|=  1.1580E-18
||Frechet||_F=  5.4792E-14max|Frechet|=  1.1580E-18
||Frechet||_F=  5.4792E-14max|Frechet|=  1.1580E-18
||Frechet||_F=  5.4792E-14max|Frechet|=  1.1580E-18
||Frechet||_F=  5.4792E-14max|Frechet|=  1.1580E-18
Grad block   8 GRAD_SCALED MORM =   1.1994E-05
MT try: alpha=  1.0000E+00  phi=  7.2734E-09  dg=  3.0772E-09  dg0= -4.5970E-10
MT try: armijo_rhs=  4.3404E-09  armijo=F  curvature=F  task=FG
 UPDATEPARAMETER: f-scale only
UPDATEPARAMETER PAR_STEP min/max, V_STEP min/max =  1.7771747137E+02  2.3032104518E+02
  1.7771747137E+02  2.3032104518E+02
 WD_amp= 8.12481E+13  RESID_RMS= 9.29777E-05  FCOST_DATA= 4.32242E-09  FCOST0= 4.32242E-09
  
 -------------- calculate Frechet derivatives -----------
 IFREQ =          11    ITERATION =           2
||Frechet||_F=  5.4703E-14max|Frechet|=  1.1580E-18
||Frechet||_F=  5.4703E-14max|Frechet|=  1.1580E-18
||Frechet||_F=  5.4703E-14max|Frechet|=  1.1580E-18
||Frechet||_F=  5.4703E-14max|Frechet|=  1.1580E-18
||Frechet||_F=  5.4703E-14max|Frechet|=  1.1580E-18
||Frechet||_F=  5.4703E-14max|Frechet|=  1.1580E-18
Grad block   8 GRAD_SCALED MORM =   3.4734E-06
MT try: alpha=  3.5537E-02  phi=  4.3224E-09  dg= -3.3528E-10  dg0= -4.5970E-10
MT try: armijo_rhs=  4.3404E-09  armijo=T  curvature=T  task=FG
  
  
  
  
Convergence reached, updating parameter grid
ALPHA from line search =  .3553717077828137E-01
 FCOST0 after linesearch  4.322422016417723E-009
Norm of s (s_norm) =  .3094265695179973E-04
  
  
Time for LBFGS =  26.25772501627604 min
  
 Frequency:          11 Iteration:           3
t_global   =    515.392 s
  
 -------------- calculate Frechet derivatives -----------
 IFREQ =          11    ITERATION =           3
||Frechet||_F=  5.4703E-14max|Frechet|=  1.1580E-18
||Frechet||_F=  5.4703E-14max|Frechet|=  1.1580E-18
||Frechet||_F=  5.4703E-14max|Frechet|=  1.1580E-18
||Frechet||_F=  5.4703E-14max|Frechet|=  1.1580E-18
||Frechet||_F=  5.4703E-14max|Frechet|=  1.1580E-18
 
TIME for Frechet calc =  4.575014750162761 min
 
 
  compute the residual and the cost function
 WD_amp= 8.12481E+13  RESID_RMS= 9.29777E-05  FCOST_DATA= 4.32242E-09  FCOST0= 4.32242E-09
||Frechet||_F=  5.4703E-14max|Frechet|=  1.1580E-18
Grad block   8 GRAD_SCALED MORM =   3.4734E-06
Gradient finished
Start LBFGS 
curvature (warm): s·y=  4.4217E-12  ||s||^2=  9.5745E-10  ||y||^2=  1.2683E-13  sTy_min=  1.1020E-12
LBFGS history: used= 0  skipped= 2  worst_col= 4  bad_s·y=  4.4217E-12  bad_cos_sy=  4.0125E-01
LBFGS step: g·p = -3.0024E-10  ||p||=  7.6206E-04
LBFGS step: min(p)= -6.1985E-05  max(p)=  6.7616E-05
LBFGS p_k (unscaled) stats per active parameter:
  IA=  8  PAR={Q13}  min=-2.31491E+00  max= 2.52517E+00  L2= 2.84600E+01
min(p_k)= -6.1985E-05  max(p_k)=  6.7616E-05  ||p_k||=  7.6206E-04
min(p_kf)= -6.1985E-05  max(p_kf)=  6.7616E-05  ||p_kf||=  3.0483E-03
p_k/p_kf  =   2.5000E-01
Start linesearch
MT entry: phi(0)=  4.3224E-09  dg0= -3.0024E-10  alpha0=  1.0000E+00
 UPDATEPARAMETER: f-scale only
UPDATEPARAMETER PAR_STEP min/max, V_STEP min/max =  1.7737353564E+02  2.3029466272E+02
  1.7737353564E+02  2.3029466272E+02
 WD_amp= 8.12481E+13  RESID_RMS= 9.70791E-05  FCOST_DATA= 4.71218E-09  FCOST0= 4.71218E-09
  
 -------------- calculate Frechet derivatives -----------
 IFREQ =          11    ITERATION =           3
||Frechet||_F=  5.4734E-14max|Frechet|=  1.1580E-18
||Frechet||_F=  5.4734E-14max|Frechet|=  1.1580E-18
||Frechet||_F=  5.4734E-14max|Frechet|=  1.1580E-18
||Frechet||_F=  5.4734E-14max|Frechet|=  1.1580E-18
||Frechet||_F=  5.4734E-14max|Frechet|=  1.1580E-18
||Frechet||_F=  5.4734E-14max|Frechet|=  1.1580E-18
Grad block   8 GRAD_SCALED MORM =   4.3654E-06
MT try: alpha=  1.0000E+00  phi=  4.7122E-09  dg=  2.0617E-10  dg0= -3.0024E-10
MT try: armijo_rhs=  4.3224E-09  armijo=F  curvature=T  task=FG
 UPDATEPARAMETER: f-scale only
UPDATEPARAMETER PAR_STEP min/max, V_STEP min/max =  1.7770674328E+02  2.3027674395E+02
  1.7770674328E+02  2.3027674395E+02
 WD_amp= 8.12481E+13  RESID_RMS= 9.25326E-05  FCOST_DATA= 4.28114E-09  FCOST0= 4.28114E-09
  
 -------------- calculate Frechet derivatives -----------
 IFREQ =          11    ITERATION =           3
||Frechet||_F=  5.4706E-14max|Frechet|=  1.1580E-18
||Frechet||_F=  5.4706E-14max|Frechet|=  1.1580E-18
||Frechet||_F=  5.4706E-14max|Frechet|=  1.1580E-18
||Frechet||_F=  5.4706E-14max|Frechet|=  1.1580E-18
||Frechet||_F=  5.4706E-14max|Frechet|=  1.1580E-18
||Frechet||_F=  5.4706E-14max|Frechet|=  1.1580E-18
Grad block   8 GRAD_SCALED MORM =   3.3770E-06
MT try: alpha=  1.0530E-01  phi=  4.2811E-09  dg= -2.4719E-10  dg0= -3.0024E-10
MT try: armijo_rhs=  4.3224E-09  armijo=T  curvature=T  task=FG
  
  
  
  
Convergence reached, updating parameter grid
ALPHA from line search =  .1053021882649125
 FCOST0 after linesearch  4.281140987301759E-009
Norm of s (s_norm) =  .8024687396239488E-04
  
  
Convergence check at iteration    3
  Relative cost decrease  =  9.5504E-03
  Relative model update   =  0.0000E+00
  Relative grad. norm     =  3.4996E-01
Time for LBFGS =  26.20472615559896 min
  
 Frequency:          11 Iteration:           4
t_global   =    512.076 s
  
 -------------- calculate Frechet derivatives -----------
 IFREQ =          11    ITERATION =           4
||Frechet||_F=  5.4706E-14max|Frechet|=  1.1580E-18
||Frechet||_F=  5.4706E-14max|Frechet|=  1.1580E-18
||Frechet||_F=  5.4706E-14max|Frechet|=  1.1580E-18
||Frechet||_F=  5.4706E-14max|Frechet|=  1.1580E-18
||Frechet||_F=  5.4706E-14max|Frechet|=  1.1580E-18
||Frechet||_F=  5.4706E-14max|Frechet|=  1.1580E-18
 
TIME for Frechet calc =  4.577568562825521 min
 
 
  compute the residual and the cost function
 WD_amp= 8.12481E+13  RESID_RMS= 9.25326E-05  FCOST_DATA= 4.28114E-09  FCOST0= 4.28114E-09
Grad block   8 GRAD_SCALED MORM =   3.3770E-06
Gradient finished
Start LBFGS 
curvature (warm): s·y=  5.5863E-12  ||s||^2=  6.4396E-09  ||y||^2=  6.6884E-14  sTy_min=  2.0753E-12
LBFGS history: used= 0  skipped= 3  worst_col= 4  bad_s·y=  4.4217E-12  bad_cos_sy=  4.0125E-01
LBFGS step: g·p = -2.3374E-10  ||p||=  6.9779E-04
LBFGS step: min(p)= -6.1891E-05  max(p)=  6.5268E-05
LBFGS p_k (unscaled) stats per active parameter:
  IA=  8  PAR={Q13}  min=-2.31138E+00  max= 2.43750E+00  L2= 2.60599E+01
min(p_k)= -6.1891E-05  max(p_k)=  6.5268E-05  ||p_k||=  6.9779E-04
min(p_kf)= -6.1891E-05  max(p_kf)=  6.5268E-05  ||p_kf||=  2.7912E-03
p_k/p_kf  =   2.5000E-01
Start linesearch
MT entry: phi(0)=  4.2811E-09  dg0= -2.3374E-10  alpha0=  1.0000E+00
 UPDATEPARAMETER: f-scale only
UPDATEPARAMETER PAR_STEP min/max, V_STEP min/max =  1.7751202561E+02  2.3029787683E+02
  1.7751202561E+02  2.3029787683E+02
 WD_amp= 8.12481E+13  RESID_RMS= 9.27953E-05  FCOST_DATA= 4.30548E-09  FCOST0= 4.30548E-09
  
 -------------- calculate Frechet derivatives -----------
 IFREQ =          11    ITERATION =           4
||Frechet||_F=  5.4702E-14max|Frechet|=  1.1580E-18
||Frechet||_F=  5.4702E-14max|Frechet|=  1.1580E-18
||Frechet||_F=  5.4702E-14max|Frechet|=  1.1580E-18
||Frechet||_F=  5.4702E-14max|Frechet|=  1.1580E-18
||Frechet||_F=  5.4702E-14max|Frechet|=  1.1580E-18
||Frechet||_F=  5.4702E-14max|Frechet|=  1.1580E-18
Grad block   8 GRAD_SCALED MORM =   4.3013E-06
MT try: alpha=  1.0000E+00  phi=  4.3055E-09  dg=  1.0872E-10  dg0= -2.3374E-10
MT try: armijo_rhs=  4.2811E-09  armijo=F  curvature=T  task=FG
 UPDATEPARAMETER: f-scale only
UPDATEPARAMETER PAR_STEP min/max, V_STEP min/max =  1.7769622833E+02  2.3027617297E+02
  1.7769622833E+02  2.3027617297E+02
 WD_amp= 8.12481E+13  RESID_RMS= 9.15620E-05  FCOST_DATA= 4.19180E-09  FCOST0= 4.19180E-09
  
 -------------- calculate Frechet derivatives -----------
 IFREQ =          11    ITERATION =           4
||Frechet||_F=  5.4705E-14max|Frechet|=  1.1580E-18
||Frechet||_F=  5.4705E-14max|Frechet|=  1.1580E-18
||Frechet||_F=  5.4705E-14max|Frechet|=  1.1580E-18
||Frechet||_F=  5.4705E-14max|Frechet|=  1.1580E-18
||Frechet||_F=  5.4705E-14max|Frechet|=  1.1580E-18
||Frechet||_F=  5.4705E-14max|Frechet|=  1.1580E-18
Grad block   8 GRAD_SCALED MORM =   3.3583E-06
MT try: alpha=  3.4072E-01  phi=  4.1918E-09  dg= -1.1662E-10  dg0= -2.3374E-10
MT try: armijo_rhs=  4.2811E-09  armijo=T  curvature=T  task=FG
  
  
  
  
Convergence reached, updating parameter grid
ALPHA from line search =  .3407185358736834
 FCOST0 after linesearch  4.191801795994267E-009
Norm of s (s_norm) =  .2377516514253142E-03
  
  
Convergence check at iteration    4
  Relative cost decrease  =  2.0868E-02
  Relative model update   =  0.0000E+00
  Relative grad. norm     =  5.4224E-01
Time for LBFGS =  26.30601603190104 min
  
 Frequency:          11 Iteration:           5
t_global   =    512.264 s
  
 -------------- calculate Frechet derivatives -----------
 IFREQ =          11    ITERATION =           5
||Frechet||_F=  5.4705E-14max|Frechet|=  1.1580E-18
||Frechet||_F=  5.4705E-14max|Frechet|=  1.1580E-18
||Frechet||_F=  5.4705E-14max|Frechet|=  1.1580E-18
||Frechet||_F=  5.4705E-14max|Frechet|=  1.1580E-18
||Frechet||_F=  5.4705E-14max|Frechet|=  1.1580E-18
||Frechet||_F=  5.4705E-14max|Frechet|=  1.1580E-18
 
TIME for Frechet calc =  4.596676635742187 min
 
 
  compute the residual and the cost function
 WD_amp= 8.12481E+13  RESID_RMS= 9.15620E-05  FCOST_DATA= 4.19180E-09  FCOST0= 4.19180E-09
Grad block   8 GRAD_SCALED MORM =   3.3583E-06
Gradient finished
Start LBFGS 
curvature (warm): s·y=  3.9906E-11  ||s||^2=  5.6526E-08  ||y||^2=  7.2999E-13  sTy_min=  2.0313E-11
LBFGS history: used= 0  skipped= 4  worst_col= 4  bad_s·y=  4.4217E-12  bad_cos_sy=  4.0125E-01
LBFGS step: g·p = -4.9064E-10  ||p||=  8.3202E-04
LBFGS step: min(p)= -5.8886E-05  max(p)=  6.1761E-05
LBFGS p_k (unscaled) stats per active parameter:
  IA=  8  PAR={Q13}  min=-2.19915E+00  max= 2.30651E+00  L2= 3.10727E+01
min(p_k)= -5.8886E-05  max(p_k)=  6.1761E-05  ||p_k||=  8.3202E-04
min(p_kf)= -5.8886E-05  max(p_kf)=  6.1761E-05  ||p_kf||=  3.3281E-03
p_k/p_kf  =   2.5000E-01
Start linesearch
MT entry: phi(0)=  4.1918E-09  dg0= -4.9064E-10  alpha0=  1.0000E+00
 UPDATEPARAMETER: f-scale only
UPDATEPARAMETER PAR_STEP min/max, V_STEP min/max =  1.7665148909E+02  2.3031522646E+02
  1.7665148909E+02  2.3031522646E+02
 WD_amp= 8.12481E+13  RESID_RMS= 1.43652E-04  FCOST_DATA= 1.03179E-08  FCOST0= 1.03179E-08
  
 -------------- calculate Frechet derivatives -----------
 IFREQ =          11    ITERATION =           5
||Frechet||_F=  5.4821E-14max|Frechet|=  1.1580E-18
||Frechet||_F=  5.4821E-14max|Frechet|=  1.1580E-18
||Frechet||_F=  5.4821E-14max|Frechet|=  1.1580E-18
||Frechet||_F=  5.4821E-14max|Frechet|=  1.1580E-18
||Frechet||_F=  5.4821E-14max|Frechet|=  1.1580E-18
||Frechet||_F=  5.4821E-14max|Frechet|=  1.1580E-18
Grad block   8 GRAD_SCALED MORM =   1.9011E-05
MT try: alpha=  1.0000E+00  phi=  1.0318E-08  dg=  7.6370E-09  dg0= -4.9064E-10
MT try: armijo_rhs=  4.1918E-09  armijo=F  curvature=F  task=FG
 UPDATEPARAMETER: f-scale only
UPDATEPARAMETER PAR_STEP min/max, V_STEP min/max =  1.7767933953E+02  2.3027700174E+02
  1.7767933953E+02  2.3027700174E+02
 WD_amp= 8.12481E+13  RESID_RMS= 9.15136E-05  FCOST_DATA= 4.18737E-09  FCOST0= 4.18737E-09
  
 -------------- calculate Frechet derivatives -----------
 IFREQ =          11    ITERATION =           5
||Frechet||_F=  5.4707E-14max|Frechet|=  1.1580E-18
||Frechet||_F=  5.4707E-14max|Frechet|=  1.1580E-18
||Frechet||_F=  5.4707E-14max|Frechet|=  1.1580E-18
||Frechet||_F=  5.4707E-14max|Frechet|=  1.1580E-18
||Frechet||_F=  5.4707E-14max|Frechet|=  1.1580E-18
||Frechet||_F=  5.4707E-14max|Frechet|=  1.1580E-18
Grad block   8 GRAD_SCALED MORM =   3.2629E-06
MT try: alpha=  2.1221E-02  phi=  4.1874E-09  dg= -3.2075E-10  dg0= -4.9064E-10
MT try: armijo_rhs=  4.1918E-09  armijo=T  curvature=T  task=FG
  
  
  
Convergence reached, updating parameter grid
ALPHA from line search =  .2122129246930470E-01
 FCOST0 after linesearch  4.187373620114804E-009
Norm of s (s_norm) =  .1765660604929530E-04
  
  
  
Convergence check at iteration    5
  Relative cost decrease  =  1.0564E-03
  Relative model update   =  0.0000E+00
  Relative grad. norm     =  3.5323E-01
Time for LBFGS =  26.27125854492187 min
  
 Frequency:          11 Iteration:           6
t_global   =    510.729 s
  
 -------------- calculate Frechet derivatives -----------
 IFREQ =          11    ITERATION =           6
||Frechet||_F=  5.4707E-14max|Frechet|=  1.1580E-18
||Frechet||_F=  5.4707E-14max|Frechet|=  1.1580E-18
||Frechet||_F=  5.4707E-14max|Frechet|=  1.1580E-18
||Frechet||_F=  5.4707E-14max|Frechet|=  1.1580E-18
 
TIME for Frechet calc =  4.599273173014323 min
 
 
  compute the residual and the cost function
 WD_amp= 8.12481E+13  RESID_RMS= 9.15136E-05  FCOST_DATA= 4.18737E-09  FCOST0= 4.18737E-09
||Frechet||_F=  5.4707E-14max|Frechet|=  1.1580E-18
||Frechet||_F=  5.4707E-14max|Frechet|=  1.1580E-18
Grad block   8 GRAD_SCALED MORM =   3.2629E-06
Gradient finished
Start LBFGS 
curvature (warm): s·y=  3.6052E-12  ||s||^2=  3.1176E-10  ||y||^2=  1.1794E-13  sTy_min=  6.0637E-13
LBFGS history: used= 0  skipped= 5  worst_col= 1  bad_s·y=  3.6052E-12  bad_cos_sy=  5.9455E-01
LBFGS step: g·p = -2.3581E-10  ||p||=  6.7521E-04
LBFGS step: min(p)= -5.8637E-05  max(p)=  5.8182E-05
LBFGS p_k (unscaled) stats per active parameter:
  IA=  8  PAR={Q13}  min=-2.18987E+00  max= 2.17287E+00  L2= 2.52163E+01
min(p_k)= -5.8637E-05  max(p_k)=  5.8182E-05  ||p_k||=  6.7521E-04
min(p_kf)= -5.8637E-05  max(p_kf)=  5.8182E-05  ||p_kf||=  2.7008E-03
p_k/p_kf  =   2.5000E-01
Start linesearch
MT entry: phi(0)=  4.1874E-09  dg0= -2.3581E-10  alpha0=  1.0000E+00
 UPDATEPARAMETER: f-scale only
UPDATEPARAMETER PAR_STEP min/max, V_STEP min/max =  1.7694679199E+02  2.3031430317E+02
  1.7694679199E+02  2.3031430317E+02
 WD_amp= 8.12481E+13  RESID_RMS= 1.07831E-04  FCOST_DATA= 5.81377E-09  FCOST0= 5.81377E-09
  
 -------------- calculate Frechet derivatives -----------
 IFREQ =          11    ITERATION =           6
||Frechet||_F=  5.4769E-14max|Frechet|=  1.1580E-18
||Frechet||_F=  5.4769E-14max|Frechet|=  1.1580E-18
||Frechet||_F=  5.4769E-14max|Frechet|=  1.1580E-18
||Frechet||_F=  5.4769E-14max|Frechet|=  1.1580E-18
||Frechet||_F=  5.4769E-14max|Frechet|=  1.1580E-18
||Frechet||_F=  5.4769E-14max|Frechet|=  1.1580E-18
Grad block   8 GRAD_SCALED MORM =   9.8702E-06
MT try: alpha=  1.0000E+00  phi=  5.8138E-09  dg=  1.8161E-09  dg0= -2.3581E-10
MT try: armijo_rhs=  4.1874E-09  armijo=F  curvature=F  task=FG
 UPDATEPARAMETER: f-scale only
UPDATEPARAMETER PAR_STEP min/max, V_STEP min/max =  1.7765429679E+02  2.3027827692E+02
  1.7765429679E+02  2.3027827692E+02
 WD_amp= 8.12481E+13  RESID_RMS= 9.14779E-05  FCOST_DATA= 4.18410E-09  FCOST0= 4.18410E-09
  
 -------------- calculate Frechet derivatives -----------
 IFREQ =          11    ITERATION =           6
||Frechet||_F=  5.4709E-14max|Frechet|=  1.1580E-18
||Frechet||_F=  5.4709E-14max|Frechet|=  1.1580E-18
||Frechet||_F=  5.4709E-14max|Frechet|=  1.1580E-18
||Frechet||_F=  5.4709E-14max|Frechet|=  1.1580E-18
||Frechet||_F=  5.4709E-14max|Frechet|=  1.1580E-18
||Frechet||_F=  5.4709E-14max|Frechet|=  1.1580E-18
Grad block   8 GRAD_SCALED MORM =   3.2177E-06
MT try: alpha=  3.4186E-02  phi=  4.1841E-09  dg= -1.6617E-10  dg0= -2.3581E-10
MT try: armijo_rhs=  4.1874E-09  armijo=T  curvature=T  task=FG
  
  
  
  
Convergence reached, updating parameter grid
ALPHA from line search =  .3418582701035839E-01
 FCOST0 after linesearch  4.184104557888784E-009
Norm of s (s_norm) =  .2308256141567960E-04
  
  
Convergence check at iteration    6
  Relative cost decrease  =  7.8070E-04
  Relative model update   =  0.0000E+00
  Relative grad. norm     =  2.6039E-01
 *** Convergence conditions satisfied:
     - Cost change below tolerance.
  
 --------- Frequency   8.10000000000000       (band            1 )
[ComputeAcqWeight] empty acq_weight_file, using uniform weights = 1.0
Data weighting computed for frequency 4607182418800017373
XSRmin, XSRmax, ZSRmin, ZSRMax -1960.000000000000 .000000000000000 2050.000000000000 4030.000000000000
1 FKYC
1.2 FKYC
Data weighting computed for frequency 4607182418800017373
my_rank, FKYC,WLMAX, RMAX 0 .6638321868020171E-01 632.4418265237988 2786.036611389018
1.1 NK
NK in cky2= 88

  Number of wavenumber samples (NK) for FREQ =   88
Data weighting computed for frequency 4607182418800017373
Data weighting computed for frequency 4607182418800017373
Data weighting computed for frequency 4607182418800017373
Data weighting computed for frequency 4607182418800017373
  RMAX = 2786.04
--- Pre-solver preview (memory + RHS workload) ---
   GQG dims: NNX=       585  NNZ=       317  NPT=    185445
   DOF:     N=3*NPT =    556335
   Sources: NSR=       100  NSS=        20  NK=        88
   RHS total (per IK): nrhs_tot=3*NSS =        60
   Batch:    MAX_RHS_BATCH=        32  nbatches=         2
   GFMY  (GFX+GFY+GFZ):         21.886 GB
   RHS_MY(rhs+sol buffers):      0.531 GB
 
 running run_ik_loop_pardiso
before CA | VmRSS=  23.589 GB  VmHWM= 122.339 GB
after CA | VmRSS=  24.369 GB  VmHWM= 122.339 GB
after factor | VmRSS=  28.133 GB  VmHWM= 122.339 GB
f=     8.100 Hz | ky=  0.754355E-03 | IK=       1/      88 | t=   17.254000 s | CA=  2.5367 | fact= 12.8085 | GF=  1.9086 | solve=  1.7545 | scatter=  0.0513
f=     8.100 Hz | ky=  0.150871E-02 | IK=       2/      88 | t=    6.900700 s | CA=  2.5440 | fact=  2.5523 | GF=  1.8044 | solve=  1.6801 | scatter=  0.0510
f=     8.100 Hz | ky=  0.226306E-02 | IK=       3/      88 | t=    6.974900 s | CA=  2.6201 | fact=  2.5476 | GF=  1.8071 | solve=  1.6836 | scatter=  0.0508
f=     8.100 Hz | ky=  0.301742E-02 | IK=       4/      88 | t=    6.901400 s | CA=  2.5421 | fact=  2.5502 | GF=  1.8090 | solve=  1.6837 | scatter=  0.0525
f=     8.100 Hz | ky=  0.377177E-02 | IK=       5/      88 | t=    6.944700 s | CA=  2.6088 | fact=  2.5313 | GF=  1.8046 | solve=  1.6823 | scatter=  0.0496
f=     8.100 Hz | ky=  0.452613E-02 | IK=       6/      88 | t=    6.916700 s | CA=  2.5961 | fact=  2.5152 | GF=  1.8054 | solve=  1.6829 | scatter=  0.0498
f=     8.100 Hz | ky=  0.528048E-02 | IK=       7/      88 | t=    6.930200 s | CA=  2.5906 | fact=  2.5359 | GF=  1.8036 | solve=  1.6795 | scatter=  0.0515
f=     8.100 Hz | ky=  0.603484E-02 | IK=       8/      88 | t=    6.911700 s | CA=  2.5669 | fact=  2.5397 | GF=  1.8050 | solve=  1.6816 | scatter=  0.0505
f=     8.100 Hz | ky=  0.678919E-02 | IK=       9/      88 | t=    6.941400 s | CA=  2.5903 | fact=  2.5424 | GF=  1.8086 | solve=  1.6866 | scatter=  0.0491
f=     8.100 Hz | ky=  0.754355E-02 | IK=      10/      88 | t=    6.891300 s | CA=  2.5615 | fact=  2.5470 | GF=  1.7827 | solve=  1.6600 | scatter=  0.0497
f=     8.100 Hz | ky=  0.829790E-02 | IK=      11/      88 | t=    6.879500 s | CA=  2.5562 | fact=  2.5436 | GF=  1.7797 | solve=  1.6534 | scatter=  0.0536
f=     8.100 Hz | ky=  0.905226E-02 | IK=      12/      88 | t=    6.874800 s | CA=  2.5487 | fact=  2.5482 | GF=  1.7778 | solve=  1.6527 | scatter=  0.0520
f=     8.100 Hz | ky=  0.980661E-02 | IK=      13/      88 | t=    6.869900 s | CA=  2.5751 | fact=  2.5237 | GF=  1.7710 | solve=  1.6492 | scatter=  0.0489
f=     8.100 Hz | ky=  0.105610E-01 | IK=      14/      88 | t=    6.924300 s | CA=  2.5989 | fact=  2.5490 | GF=  1.7763 | solve=  1.6530 | scatter=  0.0502
f=     8.100 Hz | ky=  0.113153E-01 | IK=      15/      88 | t=    6.901100 s | CA=  2.5799 | fact=  2.5450 | GF=  1.7761 | solve=  1.6532 | scatter=  0.0500
PARDISO mem (f=  8.10 Hz): sym=  1.95 GB  perm=  1.42 GB  num=  3.22 GB  
peak=  4.64 GB
t_global   =    174.806 s
TIME for 1st forward modeling =  2.913426717122396  min
TIME for GT0 =  .9474999705950419E-02  min
Data scaler W for L2 norm: 87036989956179.09
Data scaler W for WQS norm: .1007948000807317E-312
Total number of active inversion parameters for current sequential stage (IM):          1
Total model blocks points (NM = IM * NBLOCK):      11534 on grid (NMM = IM * NPT):    185445
 Gradient balance ():   1.00000000000000        1.00000000000000     
   1.00000000000000        1.00000000000000        1.00000000000000     
   1.00000000000000        1.00000000000000        1.00000000000000     
   1.00000000000000        1.00000000000000        1.00000000000000     
 IE0, IZ          30           0
 IE0, IZ, GZ1, GZ2 =           30           0   100.000000000000     
   300.000000000000     
  
 Frequency:          12 Iteration:           1
--- Pre-solver preview (memory + RHS workload) ---
   GQG dims: NNX=       585  NNZ=       317  NPT=    185445
   DOF:     N=3*NPT =    556335
   Sources: NSR=       100  NSS=       100  NK=        88
   RHS total (per IK): nrhs_tot=3*NSS =       300
   Batch:    MAX_RHS_BATCH=        32  nbatches=        10
   GFMY  (GFX+GFY+GFZ):        109.428 GB
   RHS_MY(rhs+sol buffers):      0.531 GB
 
 running run_ik_loop_pardiso
before CA | VmRSS= 111.956 GB  VmHWM= 122.339 GB
after CA | VmRSS= 113.267 GB  VmHWM= 122.339 GB
after factor | VmRSS= 117.032 GB  VmHWM= 122.339 GB
f=     8.100 Hz | ky=  0.754355E-03 | IK=       1/      88 | t=   24.174700 s | CA=  2.5369 | fact= 12.7548 | GF=  8.8828 | solve=  8.2322 | scatter=  0.2445
f=     8.100 Hz | ky=  0.150871E-02 | IK=       2/      88 | t=   13.922600 s | CA=  2.6222 | fact=  2.4955 | GF=  8.8049 | solve=  8.1794 | scatter=  0.2488
f=     8.100 Hz | ky=  0.226306E-02 | IK=       3/      88 | t=   13.921200 s | CA=  2.5897 | fact=  2.5268 | GF=  8.8047 | solve=  8.1810 | scatter=  0.2463
f=     8.100 Hz | ky=  0.301742E-02 | IK=       4/      88 | t=   13.966900 s | CA=  2.6269 | fact=  2.5374 | GF=  8.8026 | solve=  8.1743 | scatter=  0.2494
f=     8.100 Hz | ky=  0.377177E-02 | IK=       5/      88 | t=   13.886100 s | CA=  2.5608 | fact=  2.5248 | GF=  8.8005 | solve=  8.1760 | scatter=  0.2457
f=     8.100 Hz | ky=  0.452613E-02 | IK=       6/      88 | t=   13.946800 s | CA=  2.5676 | fact=  2.5604 | GF=  8.8188 | solve=  8.1901 | scatter=  0.2492
f=     8.100 Hz | ky=  0.528048E-02 | IK=       7/      88 | t=   13.918300 s | CA=  2.5662 | fact=  2.5301 | GF=  8.8219 | solve=  8.1968 | scatter=  0.2457
f=     8.100 Hz | ky=  0.603484E-02 | IK=       8/      88 | t=   13.977800 s | CA=  2.6067 | fact=  2.5601 | GF=  8.8110 | solve=  8.1815 | scatter=  0.2493
f=     8.100 Hz | ky=  0.678919E-02 | IK=       9/      88 | t=   13.952800 s | CA=  2.5570 | fact=  2.5505 | GF=  8.8453 | solve=  8.2070 | scatter=  0.2587
f=     8.100 Hz | ky=  0.754355E-02 | IK=      10/      88 | t=   13.989400 s | CA=  2.6019 | fact=  2.5570 | GF=  8.8304 | solve=  8.2027 | scatter=  0.2476
f=     8.100 Hz | ky=  0.829790E-02 | IK=      11/      88 | t=   13.879500 s | CA=  2.5155 | fact=  2.5512 | GF=  8.8127 | solve=  8.1878 | scatter=  0.2456
f=     8.100 Hz | ky=  0.905226E-02 | IK=      12/      88 | t=   13.926600 s | CA=  2.5739 | fact=  2.5523 | GF=  8.8004 | solve=  8.1736 | scatter=  0.2472
f=     8.100 Hz | ky=  0.980661E-02 | IK=      13/      88 | t=   13.946500 s | CA=  2.5609 | fact=  2.5484 | GF=  8.8372 | solve=  8.2096 | scatter=  0.2473
f=     8.100 Hz | ky=  0.105610E-01 | IK=      14/      88 | t=   13.952700 s | CA=  2.5723 | fact=  2.5608 | GF=  8.8196 | solve=  8.1927 | scatter=  0.2472
f=     8.100 Hz | ky=  0.113153E-01 | IK=      15/      88 | t=   13.910800 s | CA=  2.5416 | fact=  2.5497 | GF=  8.8195 | solve=  8.1926 | scatter=  0.2470
PARDISO mem (f=  8.10 Hz): sym=  1.95 GB  perm=  1.42 GB  num=  3.22 GB  
peak=  4.64 GB
t_global   =    516.695 s
TIME for 2d forward modeling_i calc =  8.609658813476562 min
Rank    5 -> ID range:   4001 to   4800 | Tasks:    800
Rank    3 -> ID range:   2401 to   3200 | Tasks:    800
Rank    2 -> ID range:   1601 to   2400 | Tasks:    800
Rank    4 -> ID range:   3201 to   4000 | Tasks:    800
Rank    1 -> ID range:    801 to   1600 | Tasks:    800
  
 -------------- calculate Frechet derivatives -----------
 IFREQ =          12    ITERATION =           1
Frechet memory size Frec_my:      0.825 (Gb)
Rank    0 -> ID range:      1 to    800 | Tasks:    800
FREQ:      8.1 Hz, ITER=       1  Frechet Derivative ID=     100/    4800 Finished   0.335900 s
FREQ:      8.1 Hz, ITER=       1  Frechet Derivative ID=     200/    4800 Finished   0.334200 s
FREQ:      8.1 Hz, ITER=       1  Frechet Derivative ID=     300/    4800 Finished   0.334900 s
FREQ:      8.1 Hz, ITER=       1  Frechet Derivative ID=     400/    4800 Finished   0.322600 s
FREQ:      8.1 Hz, ITER=       1  Frechet Derivative ID=     500/    4800 Finished   0.338600 s
FREQ:      8.1 Hz, ITER=       1  Frechet Derivative ID=     600/    4800 Finished   0.338500 s
FREQ:      8.1 Hz, ITER=       1  Frechet Derivative ID=     700/    4800 Finished   0.335100 s
FREQ:      8.1 Hz, ITER=       1  Frechet Derivative ID=     800/    4800 Finished   0.334700 s
||Frechet||_F=  5.3577E-14max|Frechet|=  1.2585E-18
||Frechet||_F=  5.3577E-14max|Frechet|=  1.2585E-18
||Frechet||_F=  5.3577E-14max|Frechet|=  1.2585E-18
||Frechet||_F=  5.3577E-14max|Frechet|=  1.2585E-18
||Frechet||_F=  5.3577E-14max|Frechet|=  1.2585E-18
||Frechet||_F=  5.3577E-14max|Frechet|=  1.2585E-18
 
TIME for Frechet calc =  4.541938273111979 min
 
m_fine: min=  1.7765E+02  max=  2.3028E+02  mean=  2.1166E+02  ||.||2=  9.1544E+04  size=  185445
m_coarse_prev: min=  1.7798E+02  max=  2.3004E+02  mean=  2.1168E+02  ||.||2=  2.2833E+04  size=   11534
 
  compute the residual and the cost function
 WD_amp= 8.70370E+13  RESID_RMS= 9.88503E-05  FCOST_DATA= 4.88569E-09  FCOST0= 4.88569E-09
IA=  8  H(single F0) min= 0.00000E+00  max= 6.16867E-02
IA=  8  H(F0^2)     min= 0.00000E+00  max= 6.16867E-02
HESSD: ia=   8  min= 0.00000E+00  max= 3.24187E+03
IA=  8  H(single F0) min= 0.00000E+00  max= 6.16867E-02
IA=  8  H(F0^2)     min= 0.00000E+00  max= 6.16867E-02
HESSD: ia=   8  min= 0.00000E+00  max= 3.24187E+03
IA=  8  H(single F0) min= 0.00000E+00  max= 6.16867E-02
IA=  8  H(F0^2)     min= 0.00000E+00  max= 6.16867E-02
HESSD: ia=   8  min= 0.00000E+00  max= 3.24187E+03
IA=  8  H(single F0) min= 0.00000E+00  max= 6.16867E-02
IA=  8  H(F0^2)     min= 0.00000E+00  max= 6.16867E-02
HESSD: ia=   8  min= 0.00000E+00  max= 3.24187E+03
IA=  8  H(single F0) min= 0.00000E+00  max= 6.16867E-02
IA=  8  H(F0^2)     min= 0.00000E+00  max= 6.16867E-02
HESSD: ia=   8  min= 0.00000E+00  max= 3.24187E+03
IA=  8  H(single F0) min= 0.00000E+00  max= 6.16867E-02
IA=  8  H(F0^2)     min= 0.00000E+00  max= 6.16867E-02
HESSD: ia=   8  min= 0.00000E+00  max= 3.24187E+03
Grad block   8 GRAD_SCALED MORM =   4.0055E-06
Raw grad block  8  PAR={Q13}  min= -2.3567E-11  max=  1.3522E-11  L2=  1.1470E-10
Gradient finished
Start LBFGS 
LBFGS steepest step , iter=      1
  g·p = -6.6804E-10  ||p|| =  8.4452E-04
  min(p)= -5.7658E-05  max(p)=  1.0562E-04
LBFGS p_k (unscaled) stats per active parameter:
  IA=  8  PAR={Q13}  min=-2.15328E+00  max= 3.94454E+00  L2= 3.15396E+01
min(p_k)= -5.7658E-05  max(p_k)=  1.0562E-04  ||p_k||=  8.4452E-04
min(p_kf)= -5.7658E-05  max(p_kf)=  1.0562E-04  ||p_kf||=  3.3781E-03
p_k/p_kf  =   2.5000E-01
Start linesearch
BT entry: phi(0)=  4.8857E-09  g·p(0)= -6.6804E-10
 UPDATEPARAMETER: f-scale only
UPDATEPARAMETER PAR_STEP min/max, V_STEP min/max =  1.7765880491E+02  2.3030854657E+02
  1.7765880491E+02  2.3030854657E+02
REL STEP Q      : k=  8 row=  3 rmax_k=  2.1015E-02 row_scale=  2.3028E+02
BT cap probe: rmax1=  2.1015E-02  alpha_cap=  1.0000E+00  alpha00=  1.0000E+00
 UPDATEPARAMETER: f-scale only
UPDATEPARAMETER PAR_STEP min/max, V_STEP min/max =  1.7765880491E+02  2.3030854657E+02
  1.7765880491E+02  2.3030854657E+02
 running run_ik_loop_pardiso
before CA | VmRSS=  24.426 GB  VmHWM= 122.339 GB
after CA | VmRSS=  25.392 GB  VmHWM= 122.339 GB
after factor | VmRSS=  29.144 GB  VmHWM= 122.339 GB
f=     8.100 Hz | ky=  0.754355E-03 | IK=       1/      88 | t=   17.296000 s | CA=  2.5637 | fact= 12.8198 | GF=  1.9123 | solve=  1.7585 | scatter=  0.0512
f=     8.100 Hz | ky=  0.150871E-02 | IK=       2/      88 | t=    6.915800 s | CA=  2.5797 | fact=  2.5288 | GF=  1.8073 | solve=  1.6816 | scatter=  0.0530
f=     8.100 Hz | ky=  0.226306E-02 | IK=       3/      88 | t=    7.052600 s | CA=  2.6884 | fact=  2.5639 | GF=  1.8003 | solve=  1.6776 | scatter=  0.0498
f=     8.100 Hz | ky=  0.301742E-02 | IK=       4/      88 | t=    6.932600 s | CA=  2.5885 | fact=  2.5394 | GF=  1.8047 | solve=  1.6827 | scatter=  0.0492
f=     8.100 Hz | ky=  0.377177E-02 | IK=       5/      88 | t=    6.973300 s | CA=  2.6285 | fact=  2.5447 | GF=  1.8000 | solve=  1.6773 | scatter=  0.0497
f=     8.100 Hz | ky=  0.452613E-02 | IK=       6/      88 | t=    6.932400 s | CA=  2.5728 | fact=  2.5475 | GF=  1.8120 | solve=  1.6878 | scatter=  0.0514
f=     8.100 Hz | ky=  0.528048E-02 | IK=       7/      88 | t=    6.970000 s | CA=  2.6307 | fact=  2.5321 | GF=  1.8072 | solve=  1.6811 | scatter=  0.0532
f=     8.100 Hz | ky=  0.603484E-02 | IK=       8/      88 | t=    6.918800 s | CA=  2.5778 | fact=  2.5384 | GF=  1.8025 | solve=  1.6791 | scatter=  0.0506
f=     8.100 Hz | ky=  0.678919E-02 | IK=       9/      88 | t=    6.994300 s | CA=  2.6749 | fact=  2.5119 | GF=  1.8075 | solve=  1.6804 | scatter=  0.0539
f=     8.100 Hz | ky=  0.754355E-02 | IK=      10/      88 | t=    6.960200 s | CA=  2.6183 | fact=  2.5362 | GF=  1.8057 | solve=  1.6768 | scatter=  0.0556
f=     8.100 Hz | ky=  0.829790E-02 | IK=      11/      88 | t=    6.953500 s | CA=  2.6214 | fact=  2.5247 | GF=  1.8073 | solve=  1.6846 | scatter=  0.0498
f=     8.100 Hz | ky=  0.905226E-02 | IK=      12/      88 | t=    6.932400 s | CA=  2.5816 | fact=  2.5425 | GF=  1.8082 | solve=  1.6797 | scatter=  0.0551
f=     8.100 Hz | ky=  0.980661E-02 | IK=      13/      88 | t=    6.941300 s | CA=  2.6155 | fact=  2.5237 | GF=  1.8020 | solve=  1.6793 | scatter=  0.0497
f=     8.100 Hz | ky=  0.105610E-01 | IK=      14/      88 | t=    6.905400 s | CA=  2.5556 | fact=  2.5518 | GF=  1.7979 | solve=  1.6756 | scatter=  0.0494
f=     8.100 Hz | ky=  0.113153E-01 | IK=      15/      88 | t=    6.950900 s | CA=  2.5841 | fact=  2.5576 | GF=  1.8092 | solve=  1.6856 | scatter=  0.0506
PARDISO mem (f=  8.10 Hz): sym=  1.95 GB  perm=  1.42 GB  num=  3.22 GB  
peak=  4.64 GB
 WD_amp= 8.70370E+13  RESID_RMS= 1.43779E-04  FCOST_DATA= 1.03362E-08  FCOST0= 1.03362E-08
BT: alpha=  1.0000E+00  phi=  1.0336E-08  rhs=  4.8856E-09
 UPDATEPARAMETER: f-scale only
UPDATEPARAMETER PAR_STEP min/max, V_STEP min/max =  1.7770232646E+02  2.3029341174E+02
  1.7770232646E+02  2.3029341174E+02
 running run_ik_loop_pardiso
before CA | VmRSS=  24.423 GB  VmHWM= 122.339 GB
after CA | VmRSS=  25.900 GB  VmHWM= 122.339 GB
after factor | VmRSS=  29.673 GB  VmHWM= 122.339 GB
f=     8.100 Hz | ky=  0.754355E-03 | IK=       1/      88 | t=   17.213000 s | CA=  2.5140 | fact= 12.7976 | GF=  1.9012 | solve=  1.7479 | scatter=  0.0505
f=     8.100 Hz | ky=  0.150871E-02 | IK=       2/      88 | t=    6.970100 s | CA=  2.6385 | fact=  2.5281 | GF=  1.8035 | solve=  1.6773 | scatter=  0.0536
f=     8.100 Hz | ky=  0.226306E-02 | IK=       3/      88 | t=    6.951800 s | CA=  2.6235 | fact=  2.5200 | GF=  1.8083 | solve=  1.6829 | scatter=  0.0528
f=     8.100 Hz | ky=  0.301742E-02 | IK=       4/      88 | t=    6.869200 s | CA=  2.5760 | fact=  2.4886 | GF=  1.8046 | solve=  1.6821 | scatter=  0.0499
f=     8.100 Hz | ky=  0.377177E-02 | IK=       5/      88 | t=    6.919000 s | CA=  2.5756 | fact=  2.5419 | GF=  1.8015 | solve=  1.6785 | scatter=  0.0504
f=     8.100 Hz | ky=  0.452613E-02 | IK=       6/      88 | t=    6.918900 s | CA=  2.5893 | fact=  2.5249 | GF=  1.8047 | solve=  1.6808 | scatter=  0.0512
f=     8.100 Hz | ky=  0.528048E-02 | IK=       7/      88 | t=    6.883600 s | CA=  2.5884 | fact=  2.4914 | GF=  1.8038 | solve=  1.6808 | scatter=  0.0499
f=     8.100 Hz | ky=  0.603484E-02 | IK=       8/      88 | t=    6.892500 s | CA=  2.5401 | fact=  2.5547 | GF=  1.7977 | solve=  1.6744 | scatter=  0.0503
f=     8.100 Hz | ky=  0.678919E-02 | IK=       9/      88 | t=    6.904300 s | CA=  2.6233 | fact=  2.4826 | GF=  1.7983 | solve=  1.6747 | scatter=  0.0508
f=     8.100 Hz | ky=  0.754355E-02 | IK=      10/      88 | t=    6.944700 s | CA=  2.6067 | fact=  2.5310 | GF=  1.8070 | solve=  1.6804 | scatter=  0.0538
f=     8.100 Hz | ky=  0.829790E-02 | IK=      11/      88 | t=    6.934800 s | CA=  2.6269 | fact=  2.5048 | GF=  1.8031 | solve=  1.6760 | scatter=  0.0542
f=     8.100 Hz | ky=  0.905226E-02 | IK=      12/      88 | t=    6.901800 s | CA=  2.5672 | fact=  2.5558 | GF=  1.7788 | solve=  1.6546 | scatter=  0.0513
f=     8.100 Hz | ky=  0.980661E-02 | IK=      13/      88 | t=    6.918900 s | CA=  2.5985 | fact=  2.5424 | GF=  1.7779 | solve=  1.6529 | scatter=  0.0518
f=     8.100 Hz | ky=  0.105610E-01 | IK=      14/      88 | t=    6.871900 s | CA=  2.5509 | fact=  2.5406 | GF=  1.7803 | solve=  1.6558 | scatter=  0.0512
f=     8.100 Hz | ky=  0.113153E-01 | IK=      15/      88 | t=    6.942200 s | CA=  2.5966 | fact=  2.5632 | GF=  1.7824 | solve=  1.6561 | scatter=  0.0534
PARDISO mem (f=  8.10 Hz): sym=  1.95 GB  perm=  1.42 GB  num=  3.22 GB  
peak=  4.64 GB
 WD_amp= 8.70370E+13  RESID_RMS= 1.08067E-04  FCOST_DATA= 5.83927E-09  FCOST0= 5.83927E-09
BT: alpha=  5.0000E-01  phi=  5.8393E-09  rhs=  4.8857E-09
 UPDATEPARAMETER: f-scale only
UPDATEPARAMETER PAR_STEP min/max, V_STEP min/max =  1.7772351172E+02  2.3028584433E+02
  1.7772351172E+02  2.3028584433E+02
 running run_ik_loop_pardiso
before CA | VmRSS=  24.426 GB  VmHWM= 122.339 GB
after CA | VmRSS=  25.556 GB  VmHWM= 122.339 GB
after factor | VmRSS=  29.325 GB  VmHWM= 122.339 GB
f=     8.100 Hz | ky=  0.754355E-03 | IK=       1/      88 | t=   17.190100 s | CA=  2.4790 | fact= 12.8000 | GF=  1.9109 | solve=  1.7576 | scatter=  0.0506
f=     8.100 Hz | ky=  0.150871E-02 | IK=       2/      88 | t=    6.913400 s | CA=  2.5901 | fact=  2.5279 | GF=  1.7954 | solve=  1.6723 | scatter=  0.0503
f=     8.100 Hz | ky=  0.226306E-02 | IK=       3/      88 | t=    6.930700 s | CA=  2.5906 | fact=  2.5434 | GF=  1.7966 | solve=  1.6745 | scatter=  0.0492
f=     8.100 Hz | ky=  0.301742E-02 | IK=       4/      88 | t=    6.929800 s | CA=  2.5874 | fact=  2.5346 | GF=  1.8078 | solve=  1.6811 | scatter=  0.0539
f=     8.100 Hz | ky=  0.377177E-02 | IK=       5/      88 | t=    6.890700 s | CA=  2.5837 | fact=  2.5002 | GF=  1.8068 | solve=  1.6841 | scatter=  0.0500
f=     8.100 Hz | ky=  0.452613E-02 | IK=       6/      88 | t=    6.906900 s | CA=  2.5541 | fact=  2.5426 | GF=  1.8101 | solve=  1.6836 | scatter=  0.0537
f=     8.100 Hz | ky=  0.528048E-02 | IK=       7/      88 | t=    6.916800 s | CA=  2.5873 | fact=  2.5270 | GF=  1.8024 | solve=  1.6781 | scatter=  0.0511
f=     8.100 Hz | ky=  0.603484E-02 | IK=       8/      88 | t=    6.896400 s | CA=  2.5592 | fact=  2.5306 | GF=  1.8066 | solve=  1.6825 | scatter=  0.0510
f=     8.100 Hz | ky=  0.678919E-02 | IK=       9/      88 | t=    6.869800 s | CA=  2.5496 | fact=  2.5174 | GF=  1.8027 | solve=  1.6797 | scatter=  0.0502
f=     8.100 Hz | ky=  0.754355E-02 | IK=      10/      88 | t=    6.882200 s | CA=  2.5473 | fact=  2.5356 | GF=  1.7993 | solve=  1.6762 | scatter=  0.0504
f=     8.100 Hz | ky=  0.829790E-02 | IK=      11/      88 | t=    6.907500 s | CA=  2.5722 | fact=  2.5284 | GF=  1.8069 | solve=  1.6804 | scatter=  0.0536
f=     8.100 Hz | ky=  0.905226E-02 | IK=      12/      88 | t=    6.940300 s | CA=  2.6076 | fact=  2.5272 | GF=  1.8054 | solve=  1.6794 | scatter=  0.0532
f=     8.100 Hz | ky=  0.980661E-02 | IK=      13/      88 | t=    6.861300 s | CA=  2.5299 | fact=  2.5212 | GF=  1.8101 | solve=  1.6828 | scatter=  0.0545
f=     8.100 Hz | ky=  0.105610E-01 | IK=      14/      88 | t=    6.932200 s | CA=  2.5809 | fact=  2.5362 | GF=  1.8151 | solve=  1.6895 | scatter=  0.0526
f=     8.100 Hz | ky=  0.113153E-01 | IK=      15/      88 | t=    6.929000 s | CA=  2.5726 | fact=  2.5502 | GF=  1.8062 | solve=  1.6836 | scatter=  0.0497
PARDISO mem (f=  8.10 Hz): sym=  1.95 GB  perm=  1.42 GB  num=  3.22 GB  
peak=  4.64 GB
 WD_amp= 8.70370E+13  RESID_RMS= 9.91403E-05  FCOST_DATA= 4.91440E-09  FCOST0= 4.91440E-09
BT: alpha=  2.5000E-01  phi=  4.9144E-09  rhs=  4.8857E-09
 UPDATEPARAMETER: f-scale only
UPDATEPARAMETER PAR_STEP min/max, V_STEP min/max =  1.7769847144E+02  2.3028206063E+02
  1.7769847144E+02  2.3028206063E+02
 running run_ik_loop_pardiso
before CA | VmRSS=  24.430 GB  VmHWM= 122.339 GB
after CA | VmRSS=  25.875 GB  VmHWM= 122.339 GB
after factor | VmRSS=  29.643 GB  VmHWM= 122.339 GB
f=     8.100 Hz | ky=  0.754355E-03 | IK=       1/      88 | t=   17.212800 s | CA=  2.5013 | fact= 12.8030 | GF=  1.9083 | solve=  1.7546 | scatter=  0.0508
f=     8.100 Hz | ky=  0.150871E-02 | IK=       2/      88 | t=    6.912200 s | CA=  2.5836 | fact=  2.5255 | GF=  1.8030 | solve=  1.6797 | scatter=  0.0506
f=     8.100 Hz | ky=  0.226306E-02 | IK=       3/      88 | t=    6.888300 s | CA=  2.5604 | fact=  2.5267 | GF=  1.8012 | solve=  1.6762 | scatter=  0.0522
f=     8.100 Hz | ky=  0.301742E-02 | IK=       4/      88 | t=    6.924100 s | CA=  2.5882 | fact=  2.5281 | GF=  1.8078 | solve=  1.6840 | scatter=  0.0507
f=     8.100 Hz | ky=  0.377177E-02 | IK=       5/      88 | t=    6.897900 s | CA=  2.5524 | fact=  2.5397 | GF=  1.8057 | solve=  1.6795 | scatter=  0.0531
f=     8.100 Hz | ky=  0.452613E-02 | IK=       6/      88 | t=    6.921000 s | CA=  2.6008 | fact=  2.5144 | GF=  1.8057 | solve=  1.6773 | scatter=  0.0557
f=     8.100 Hz | ky=  0.528048E-02 | IK=       7/      88 | t=    6.898300 s | CA=  2.5656 | fact=  2.5339 | GF=  1.7988 | solve=  1.6751 | scatter=  0.0509
f=     8.100 Hz | ky=  0.603484E-02 | IK=       8/      88 | t=    6.910000 s | CA=  2.5514 | fact=  2.5454 | GF=  1.8130 | solve=  1.6863 | scatter=  0.0539
f=     8.100 Hz | ky=  0.678919E-02 | IK=       9/      88 | t=    6.903900 s | CA=  2.5696 | fact=  2.5301 | GF=  1.8042 | solve=  1.6811 | scatter=  0.0497
f=     8.100 Hz | ky=  0.754355E-02 | IK=      10/      88 | t=    6.914200 s | CA=  2.5649 | fact=  2.5497 | GF=  1.7995 | solve=  1.6765 | scatter=  0.0501
f=     8.100 Hz | ky=  0.829790E-02 | IK=      11/      88 | t=    6.913300 s | CA=  2.5568 | fact=  2.5519 | GF=  1.8046 | solve=  1.6812 | scatter=  0.0504
f=     8.100 Hz | ky=  0.905226E-02 | IK=      12/      88 | t=    6.882300 s | CA=  2.5676 | fact=  2.5013 | GF=  1.8134 | solve=  1.6884 | scatter=  0.0522
f=     8.100 Hz | ky=  0.980661E-02 | IK=      13/      88 | t=    6.900600 s | CA=  2.5493 | fact=  2.5436 | GF=  1.8077 | solve=  1.6849 | scatter=  0.0498
f=     8.100 Hz | ky=  0.105610E-01 | IK=      14/      88 | t=    6.923500 s | CA=  2.5674 | fact=  2.5544 | GF=  1.8016 | solve=  1.6773 | scatter=  0.0514
f=     8.100 Hz | ky=  0.113153E-01 | IK=      15/      88 | t=    6.925500 s | CA=  2.5594 | fact=  2.5603 | GF=  1.8058 | solve=  1.6816 | scatter=  0.0509
PARDISO mem (f=  8.10 Hz): sym=  1.95 GB  perm=  1.42 GB  num=  3.22 GB  
peak=  4.64 GB
 WD_amp= 8.70370E+13  RESID_RMS= 9.78504E-05  FCOST_DATA= 4.78735E-09  FCOST0= 4.78735E-09
BT: alpha=  1.2500E-01  phi=  4.7873E-09  rhs=  4.8857E-09
  
  
  
  
Convergence reached, updating parameter grid
ALPHA from line search =  .1250000000000000
 FCOST0 after linesearch  4.787348954685128E-009
Norm of s (s_norm) =  .1055655816227376E-03
  
  
Time for LBFGS =  11.49849039713542 min
  
 Frequency:          12 Iteration:           2
t_global   =    515.021 s
  
 -------------- calculate Frechet derivatives -----------
 IFREQ =          12    ITERATION =           2
||Frechet||_F=  5.3579E-14max|Frechet|=  1.2585E-18
||Frechet||_F=  5.3579E-14max|Frechet|=  1.2585E-18
||Frechet||_F=  5.3579E-14max|Frechet|=  1.2585E-18
||Frechet||_F=  5.3579E-14max|Frechet|=  1.2585E-18
||Frechet||_F=  5.3579E-14max|Frechet|=  1.2585E-18
||Frechet||_F=  5.3579E-14max|Frechet|=  1.2585E-18
 
TIME for Frechet calc =  4.782406616210937 min
 
 
  compute the residual and the cost function
 WD_amp= 8.70370E+13  RESID_RMS= 9.78504E-05  FCOST_DATA= 4.78735E-09  FCOST0= 4.78735E-09
Grad block   8 GRAD_SCALED MORM =   3.8492E-06
Raw grad block  8  PAR={Q13}  min= -2.2993E-11  max=  1.2920E-11  L2=  1.1045E-10
Gradient finished
Start LBFGS 
curvature (warm): s·y=  9.3984E-11  ||s||^2=  1.1144E-08  ||y||^2=  2.8287E-12  sTy_min=  1.7755E-11
LBFGS history: used= 0  skipped= 1  worst_col= 5  bad_s·y=  9.3984E-11  bad_cos_sy=  5.2934E-01
LBFGS step: g·p = -6.1035E-10  ||p||=  8.0302E-04
LBFGS step: min(p)= -9.9557E-05  max(p)=  3.5880E-05
LBFGS p_k (unscaled) stats per active parameter:
  IA=  8  PAR={Q13}  min=-3.71806E+00  max= 1.33997E+00  L2= 2.99897E+01
min(p_k)= -9.9557E-05  max(p_k)=  3.5880E-05  ||p_k||=  8.0302E-04
min(p_kf)= -9.9557E-05  max(p_kf)=  3.5880E-05  ||p_kf||=  3.2121E-03
p_k/p_kf  =   2.5000E-01
Start linesearch
MT entry: phi(0)=  4.7873E-09  dg0= -6.1035E-10  alpha0=  1.0000E+00
 UPDATEPARAMETER: f-scale only
UPDATEPARAMETER PAR_STEP min/max, V_STEP min/max =  1.7669909428E+02  2.3031838938E+02
  1.7669909428E+02  2.3031838938E+02
 WD_amp= 8.70370E+13  RESID_RMS= 1.52395E-04  FCOST_DATA= 1.16120E-08  FCOST0= 1.16120E-08
  
 -------------- calculate Frechet derivatives -----------
 IFREQ =          12    ITERATION =           2
||Frechet||_F=  5.3615E-14max|Frechet|=  1.2585E-18
||Frechet||_F=  5.3615E-14max|Frechet|=  1.2585E-18
||Frechet||_F=  5.3615E-14max|Frechet|=  1.2585E-18
||Frechet||_F=  5.3615E-14max|Frechet|=  1.2585E-18
||Frechet||_F=  5.3615E-14max|Frechet|=  1.2585E-18
||Frechet||_F=  5.3615E-14max|Frechet|=  1.2585E-18
Grad block   8 GRAD_SCALED MORM =   1.8499E-05
MT try: alpha=  1.0000E+00  phi=  1.1612E-08  dg=  7.1111E-09  dg0= -6.1035E-10
MT try: armijo_rhs=  4.7873E-09  armijo=F  curvature=F  task=FG
 UPDATEPARAMETER: f-scale only
UPDATEPARAMETER PAR_STEP min/max, V_STEP min/max =  1.7770304736E+02  2.3028283290E+02
  1.7770304736E+02  2.3028283290E+02
 WD_amp= 8.70370E+13  RESID_RMS= 9.75487E-05  FCOST_DATA= 4.75788E-09  FCOST0= 4.75788E-09
  
 -------------- calculate Frechet derivatives -----------
 IFREQ =          12    ITERATION =           2
||Frechet||_F=  5.3580E-14max|Frechet|=  1.2585E-18
||Frechet||_F=  5.3580E-14max|Frechet|=  1.2585E-18
||Frechet||_F=  5.3580E-14max|Frechet|=  1.2585E-18
||Frechet||_F=  5.3580E-14max|Frechet|=  1.2585E-18
||Frechet||_F=  5.3580E-14max|Frechet|=  1.2585E-18
||Frechet||_F=  5.3580E-14max|Frechet|=  1.2585E-18
Grad block   8 GRAD_SCALED MORM =   3.7337E-06
MT try: alpha=  2.1258E-02  phi=  4.7579E-09  dg= -4.4922E-10  dg0= -6.1035E-10
MT try: armijo_rhs=  4.7873E-09  armijo=T  curvature=T  task=FG
  
  
  
Convergence reached, updating parameter grid
ALPHA from line search =  .2125791777008241E-01
 FCOST0 after linesearch  4.757878816233897E-009
Norm of s (s_norm) =  .1707060765406331E-04
  
  
  
Time for LBFGS =  26.09446818033854 min
  
 Frequency:          12 Iteration:           3
t_global   =    512.024 s
  
 -------------- calculate Frechet derivatives -----------
 IFREQ =          12    ITERATION =           3
||Frechet||_F=  5.3580E-14max|Frechet|=  1.2585E-18
||Frechet||_F=  5.3580E-14max|Frechet|=  1.2585E-18
||Frechet||_F=  5.3580E-14max|Frechet|=  1.2585E-18
||Frechet||_F=  5.3580E-14max|Frechet|=  1.2585E-18
 
TIME for Frechet calc =  5.120928446451823 min
 
 
  compute the residual and the cost function
 WD_amp= 8.70370E+13  RESID_RMS= 9.75487E-05  FCOST_DATA= 4.75788E-09  FCOST0= 4.75788E-09
||Frechet||_F=  5.3580E-14max|Frechet|=  1.2585E-18
||Frechet||_F=  5.3580E-14max|Frechet|=  1.2585E-18
Grad block   8 GRAD_SCALED MORM =   3.7337E-06
Gradient finished
Start LBFGS 
curvature (warm): s·y=  3.4252E-12  ||s||^2=  2.9141E-10  ||y||^2=  1.0324E-13  sTy_min=  5.4849E-13
LBFGS history: used= 0  skipped= 2  worst_col= 4  bad_s·y=  3.4252E-12  bad_cos_sy=  6.2448E-01
LBFGS step: g·p = -3.5166E-10  ||p||=  6.6140E-04
LBFGS step: min(p)= -7.8941E-05  max(p)=  3.6140E-05
LBFGS p_k (unscaled) stats per active parameter:
  IA=  8  PAR={Q13}  min=-2.94815E+00  max= 1.34967E+00  L2= 2.47007E+01
min(p_k)= -7.8941E-05  max(p_k)=  3.6140E-05  ||p_k||=  6.6140E-04
min(p_kf)= -7.8941E-05  max(p_kf)=  3.6140E-05  ||p_kf||=  2.6456E-03
p_k/p_kf  =   2.5000E-01
Start linesearch
MT entry: phi(0)=  4.7579E-09  dg0= -3.5166E-10  alpha0=  1.0000E+00
 UPDATEPARAMETER: f-scale only
UPDATEPARAMETER PAR_STEP min/max, V_STEP min/max =  1.7723366223E+02  2.3031958421E+02
  1.7723366223E+02  2.3031958421E+02
 WD_amp= 8.70370E+13  RESID_RMS= 1.19407E-04  FCOST_DATA= 7.12897E-09  FCOST0= 7.12897E-09
  
 -------------- calculate Frechet derivatives -----------
 IFREQ =          12    ITERATION =           3
||Frechet||_F=  5.3607E-14max|Frechet|=  1.2585E-18
||Frechet||_F=  5.3607E-14max|Frechet|=  1.2585E-18
||Frechet||_F=  5.3607E-14max|Frechet|=  1.2585E-18
||Frechet||_F=  5.3607E-14max|Frechet|=  1.2585E-18
||Frechet||_F=  5.3607E-14max|Frechet|=  1.2585E-18
||Frechet||_F=  5.3607E-14max|Frechet|=  1.2585E-18
Grad block   8 GRAD_SCALED MORM =   1.1622E-05
MT try: alpha=  1.0000E+00  phi=  7.1290E-09  dg=  2.5530E-09  dg0= -3.5166E-10
MT try: armijo_rhs=  4.7578E-09  armijo=F  curvature=F  task=FG
 UPDATEPARAMETER: f-scale only
UPDATEPARAMETER PAR_STEP min/max, V_STEP min/max =  1.7770790569E+02  2.3028409178E+02
  1.7770790569E+02  2.3028409178E+02
 WD_amp= 8.70370E+13  RESID_RMS= 9.72519E-05  FCOST_DATA= 4.72897E-09  FCOST0= 4.72897E-09
  
 -------------- calculate Frechet derivatives -----------
 IFREQ =          12    ITERATION =           3
||Frechet||_F=  5.3581E-14max|Frechet|=  1.2585E-18
||Frechet||_F=  5.3581E-14max|Frechet|=  1.2585E-18
||Frechet||_F=  5.3581E-14max|Frechet|=  1.2585E-18
||Frechet||_F=  5.3581E-14max|Frechet|=  1.2585E-18
||Frechet||_F=  5.3581E-14max|Frechet|=  1.2585E-18
||Frechet||_F=  5.3581E-14max|Frechet|=  1.2585E-18
Grad block   8 GRAD_SCALED MORM =   3.6485E-06
MT try: alpha=  3.4254E-02  phi=  4.7290E-09  dg= -2.5342E-10  dg0= -3.5166E-10
MT try: armijo_rhs=  4.7579E-09  armijo=T  curvature=T  task=FG
  
  
  
  
  
Convergence reached, updating parameter grid
ALPHA from line search =  .3425417518887457E-01
 FCOST0 after linesearch  4.728969703713119E-009
Norm of s (s_norm) =  .2265574993604902E-04
  
Convergence check at iteration    3
  Relative cost decrease  =  6.0761E-03
  Relative model update   =  0.0000E+00
  Relative grad. norm     =  4.8871E-01
Time for LBFGS =  26.17518107096354 min
  
 Frequency:          12 Iteration:           4
t_global   =    511.240 s
  
 -------------- calculate Frechet derivatives -----------
 IFREQ =          12    ITERATION =           4
||Frechet||_F=  5.3581E-14max|Frechet|=  1.2585E-18
||Frechet||_F=  5.3581E-14max|Frechet|=  1.2585E-18
||Frechet||_F=  5.3581E-14max|Frechet|=  1.2585E-18
||Frechet||_F=  5.3581E-14max|Frechet|=  1.2585E-18
||Frechet||_F=  5.3581E-14max|Frechet|=  1.2585E-18
||Frechet||_F=  5.3581E-14max|Frechet|=  1.2585E-18
 
TIME for Frechet calc =  4.598506673177083 min
 
 
  compute the residual and the cost function
 WD_amp= 8.70370E+13  RESID_RMS= 9.72519E-05  FCOST_DATA= 4.72897E-09  FCOST0= 4.72897E-09
Grad block   8 GRAD_SCALED MORM =   3.6485E-06
Gradient finished
Start LBFGS 
curvature (warm): s·y=  3.3650E-12  ||s||^2=  5.1328E-10  ||y||^2=  1.0050E-13  sTy_min=  7.1822E-13
LBFGS history: used= 0  skipped= 3  worst_col= 3  bad_s·y=  3.3650E-12  bad_cos_sy=  4.6851E-01
LBFGS step: g·p = -2.1379E-10  ||p||=  5.7032E-04
LBFGS step: min(p)= -5.8776E-05  max(p)=  3.6488E-05
LBFGS p_k (unscaled) stats per active parameter:
  IA=  8  PAR={Q13}  min=-2.19503E+00  max= 1.36269E+00  L2= 2.12993E+01
min(p_k)= -5.8776E-05  max(p_k)=  3.6488E-05  ||p_k||=  5.7032E-04
min(p_kf)= -5.8776E-05  max(p_kf)=  3.6488E-05  ||p_kf||=  2.2813E-03
p_k/p_kf  =   2.5000E-01
Start linesearch
MT entry: phi(0)=  4.7290E-09  dg0= -2.1379E-10  alpha0=  1.0000E+00
 UPDATEPARAMETER: f-scale only
UPDATEPARAMETER PAR_STEP min/max, V_STEP min/max =  1.7753068623E+02  2.3032175337E+02
  1.7753068623E+02  2.3032175337E+02
 WD_amp= 8.70370E+13  RESID_RMS= 9.98211E-05  FCOST_DATA= 4.98212E-09  FCOST0= 4.98212E-09
  
 -------------- calculate Frechet derivatives -----------
 IFREQ =          12    ITERATION =           4
||Frechet||_F=  5.3601E-14max|Frechet|=  1.2585E-18
||Frechet||_F=  5.3601E-14max|Frechet|=  1.2585E-18
||Frechet||_F=  5.3601E-14max|Frechet|=  1.2585E-18
||Frechet||_F=  5.3601E-14max|Frechet|=  1.2585E-18
||Frechet||_F=  5.3601E-14max|Frechet|=  1.2585E-18
||Frechet||_F=  5.3601E-14max|Frechet|=  1.2585E-18
Grad block   8 GRAD_SCALED MORM =   5.6774E-06
MT try: alpha=  1.0000E+00  phi=  4.9821E-09  dg=  3.5707E-10  dg0= -2.1379E-10
MT try: armijo_rhs=  4.7289E-09  armijo=F  curvature=F  task=FG
 UPDATEPARAMETER: f-scale only
UPDATEPARAMETER PAR_STEP min/max, V_STEP min/max =  1.7771835323E+02  2.3028944089E+02
  1.7771835323E+02  2.3028944089E+02
 WD_amp= 8.70370E+13  RESID_RMS= 9.65515E-05  FCOST_DATA= 4.66110E-09  FCOST0= 4.66110E-09
  
 -------------- calculate Frechet derivatives -----------
 IFREQ =          12    ITERATION =           4
||Frechet||_F=  5.3584E-14max|Frechet|=  1.2585E-18
||Frechet||_F=  5.3584E-14max|Frechet|=  1.2585E-18
||Frechet||_F=  5.3584E-14max|Frechet|=  1.2585E-18
||Frechet||_F=  5.3584E-14max|Frechet|=  1.2585E-18
||Frechet||_F=  5.3584E-14max|Frechet|=  1.2585E-18
||Frechet||_F=  5.3584E-14max|Frechet|=  1.2585E-18
Grad block   8 GRAD_SCALED MORM =   3.5541E-06
MT try: alpha=  1.4203E-01  phi=  4.6611E-09  dg= -1.3338E-10  dg0= -2.1379E-10
MT try: armijo_rhs=  4.7290E-09  armijo=T  curvature=T  task=FG
  
  
  
Convergence reached, updating parameter grid
ALPHA from line search =  .1420307220554892
 FCOST0 after linesearch  4.661097372067164E-009
Norm of s (s_norm) =  .8100336893470536E-04
  
  
  
Convergence check at iteration    4
  Relative cost decrease  =  1.4352E-02
  Relative model update   =  0.0000E+00
  Relative grad. norm     =  4.8609E-01
Time for LBFGS =  26.09331054687500 min
  
 Frequency:          12 Iteration:           5
t_global   =    510.156 s
  
 -------------- calculate Frechet derivatives -----------
 IFREQ =          12    ITERATION =           5
||Frechet||_F=  5.3584E-14max|Frechet|=  1.2585E-18
||Frechet||_F=  5.3584E-14max|Frechet|=  1.2585E-18
||Frechet||_F=  5.3584E-14max|Frechet|=  1.2585E-18
||Frechet||_F=  5.3584E-14max|Frechet|=  1.2585E-18
||Frechet||_F=  5.3584E-14max|Frechet|=  1.2585E-18
||Frechet||_F=  5.3584E-14max|Frechet|=  1.2585E-18
 
TIME for Frechet calc =  4.549713134765625 min
 
 
  compute the residual and the cost function
 WD_amp= 8.70370E+13  RESID_RMS= 9.65515E-05  FCOST_DATA= 4.66110E-09  FCOST0= 4.66110E-09
Grad block   8 GRAD_SCALED MORM =   3.5541E-06
Gradient finished
Start LBFGS 
curvature (warm): s·y=  1.1422E-11  ||s||^2=  6.5615E-09  ||y||^2=  3.0009E-13  sTy_min=  4.4374E-12
LBFGS history: used= 0  skipped= 4  worst_col= 3  bad_s·y=  3.3650E-12  bad_cos_sy=  4.6851E-01
LBFGS step: g·p = -2.0475E-10  ||p||=  5.4737E-04
LBFGS step: min(p)= -4.7809E-05  max(p)=  4.9852E-05
LBFGS p_k (unscaled) stats per active parameter:
  IA=  8  PAR={Q13}  min=-1.78546E+00  max= 1.86178E+00  L2= 2.04421E+01
min(p_k)= -4.7809E-05  max(p_k)=  4.9852E-05  ||p_k||=  5.4737E-04
min(p_kf)= -4.7809E-05  max(p_kf)=  4.9852E-05  ||p_kf||=  2.1895E-03
p_k/p_kf  =   2.5000E-01
Start linesearch
MT entry: phi(0)=  4.6611E-09  dg0= -2.0475E-10  alpha0=  1.0000E+00
 UPDATEPARAMETER: f-scale only
UPDATEPARAMETER PAR_STEP min/max, V_STEP min/max =  1.7744982950E+02  2.3033115260E+02
  1.7744982950E+02  2.3033115260E+02
 WD_amp= 8.70370E+13  RESID_RMS= 1.04428E-04  FCOST_DATA= 5.45259E-09  FCOST0= 5.45259E-09
  
 -------------- calculate Frechet derivatives -----------
 IFREQ =          12    ITERATION =           5
||Frechet||_F=  5.3596E-14max|Frechet|=  1.2585E-18
||Frechet||_F=  5.3596E-14max|Frechet|=  1.2585E-18
||Frechet||_F=  5.3596E-14max|Frechet|=  1.2585E-18
||Frechet||_F=  5.3596E-14max|Frechet|=  1.2585E-18
||Frechet||_F=  5.3596E-14max|Frechet|=  1.2585E-18
||Frechet||_F=  5.3596E-14max|Frechet|=  1.2585E-18
Grad block   8 GRAD_SCALED MORM =   7.1967E-06
MT try: alpha=  1.0000E+00  phi=  5.4526E-09  dg=  7.6241E-10  dg0= -2.0475E-10
MT try: armijo_rhs=  4.6611E-09  armijo=F  curvature=F  task=FG
 UPDATEPARAMETER: f-scale only
UPDATEPARAMETER PAR_STEP min/max, V_STEP min/max =  1.7771567773E+02  2.3029164158E+02
  1.7771567773E+02  2.3029164158E+02
 WD_amp= 8.70370E+13  RESID_RMS= 9.63512E-05  FCOST_DATA= 4.64178E-09  FCOST0= 4.64178E-09
  
 -------------- calculate Frechet derivatives -----------
 IFREQ =          12    ITERATION =           5
||Frechet||_F=  5.3585E-14max|Frechet|=  1.2585E-18
||Frechet||_F=  5.3585E-14max|Frechet|=  1.2585E-18
||Frechet||_F=  5.3585E-14max|Frechet|=  1.2585E-18
||Frechet||_F=  5.3585E-14max|Frechet|=  1.2585E-18
||Frechet||_F=  5.3585E-14max|Frechet|=  1.2585E-18
||Frechet||_F=  5.3585E-14max|Frechet|=  1.2585E-18
Grad block   8 GRAD_SCALED MORM =   3.5127E-06
MT try: alpha=  5.2759E-02  phi=  4.6418E-09  dg= -1.5327E-10  dg0= -2.0475E-10
MT try: armijo_rhs=  4.6611E-09  armijo=T  curvature=T  task=FG
  
  
  
Convergence reached, updating parameter grid
ALPHA from line search =  .5275949621521255E-01
 FCOST0 after linesearch  4.641776729353906E-009
Norm of s (s_norm) =  .2887905283959380E-04
  
  
  
Convergence check at iteration    5
  Relative cost decrease  =  4.1451E-03
  Relative model update   =  0.0000E+00
  Relative grad. norm     =  3.8139E-01
Time for LBFGS =  26.34744262695312 min
  
 Frequency:          12 Iteration:           6
t_global   =    514.378 s
  
 -------------- calculate Frechet derivatives -----------
 IFREQ =          12    ITERATION =           6
||Frechet||_F=  5.3585E-14max|Frechet|=  1.2585E-18
||Frechet||_F=  5.3585E-14max|Frechet|=  1.2585E-18
||Frechet||_F=  5.3585E-14max|Frechet|=  1.2585E-18
||Frechet||_F=  5.3585E-14max|Frechet|=  1.2585E-18
||Frechet||_F=  5.3585E-14max|Frechet|=  1.2585E-18
 
TIME for Frechet calc =  4.924891662597656 min
 
 
  compute the residual and the cost function
 WD_amp= 8.70370E+13  RESID_RMS= 9.63512E-05  FCOST_DATA= 4.64178E-09  FCOST0= 4.64178E-09
||Frechet||_F=  5.3585E-14max|Frechet|=  1.2585E-18
Grad block   8 GRAD_SCALED MORM =   3.5127E-06
Gradient finished
Start LBFGS 
curvature (warm): s·y=  2.7161E-12  ||s||^2=  8.3400E-10  ||y||^2=  7.9617E-14  sTy_min=  8.1486E-13
LBFGS history: used= 0  skipped= 5  worst_col= 1  bad_s·y=  2.7161E-12  bad_cos_sy=  3.3332E-01
LBFGS step: g·p = -1.4469E-10  ||p||=  4.9862E-04
LBFGS step: min(p)= -4.7047E-05  max(p)=  3.7343E-05
LBFGS p_k (unscaled) stats per active parameter:
  IA=  8  PAR={Q13}  min=-1.75703E+00  max= 1.39460E+00  L2= 1.86215E+01
min(p_k)= -4.7047E-05  max(p_k)=  3.7343E-05  ||p_k||=  4.9862E-04
min(p_kf)= -4.7047E-05  max(p_kf)=  3.7343E-05  ||p_kf||=  1.9945E-03
p_k/p_kf  =   2.5000E-01
Start linesearch
MT entry: phi(0)=  4.6418E-09  dg0= -1.4469E-10  alpha0=  1.0000E+00
 UPDATEPARAMETER: f-scale only
UPDATEPARAMETER PAR_STEP min/max, V_STEP min/max =  1.7743705596E+02  2.3033397137E+02
  1.7743705596E+02  2.3033397137E+02
 WD_amp= 8.70370E+13  RESID_RMS= 9.54100E-05  FCOST_DATA= 4.55154E-09  FCOST0= 4.55154E-09
  
 -------------- calculate Frechet derivatives -----------
 IFREQ =          12    ITERATION =           6
||Frechet||_F=  5.3599E-14max|Frechet|=  1.2585E-18
||Frechet||_F=  5.3599E-14max|Frechet|=  1.2585E-18
||Frechet||_F=  5.3599E-14max|Frechet|=  1.2585E-18
||Frechet||_F=  5.3599E-14max|Frechet|=  1.2585E-18
||Frechet||_F=  5.3599E-14max|Frechet|=  1.2585E-18
||Frechet||_F=  5.3599E-14max|Frechet|=  1.2585E-18
Grad block   8 GRAD_SCALED MORM =   3.4232E-06
MT try: alpha=  1.0000E+00  phi=  4.5515E-09  dg= -4.9464E-11  dg0= -1.4469E-10
MT try: armijo_rhs=  4.6418E-09  armijo=T  curvature=T  task=FG
  
  
  
Convergence reached, updating parameter grid
ALPHA from line search =  1.000000000000000
 FCOST0 after linesearch  4.551538071886873E-009
Norm of s (s_norm) =  .4986212995821544E-03
  
  
  
Convergence check at iteration    6
  Relative cost decrease  =  1.9441E-02
  Relative model update   =  0.0000E+00
  Relative grad. norm     =  9.4487E-01
Time for LBFGS =  13.13300984700521 min
  
 Frequency:          12 Iteration:           7
t_global   =    514.445 s
  
 -------------- calculate Frechet derivatives -----------
 IFREQ =          12    ITERATION =           7
||Frechet||_F=  5.3599E-14max|Frechet|=  1.2585E-18
||Frechet||_F=  5.3599E-14max|Frechet|=  1.2585E-18
||Frechet||_F=  5.3599E-14max|Frechet|=  1.2585E-18
||Frechet||_F=  5.3599E-14max|Frechet|=  1.2585E-18
 
TIME for Frechet calc =  4.588946533203125 min
 
 
  compute the residual and the cost function
 WD_amp= 8.70370E+13  RESID_RMS= 9.54100E-05  FCOST_DATA= 4.55154E-09  FCOST0= 4.55154E-09
||Frechet||_F=  5.3599E-14max|Frechet|=  1.2585E-18
||Frechet||_F=  5.3599E-14max|Frechet|=  1.2585E-18
Grad block   8 GRAD_SCALED MORM =   3.4232E-06
Gradient finished
Start LBFGS 
curvature (full): s·y=  9.5228E-11  ||s||^2=  2.4862E-07  ||y||^2=  1.2429E-12  sTy_min=  5.5590E-11
LBFGS history: used= 0  skipped= 5  worst_col= 2  bad_s·y=  2.7161E-12  bad_cos_sy=  3.3332E-01
 
LBFGS step(full): g·p = -4.7043E-10  ||p||=  5.9746E-04
LBFGS step(full): min(p)= -3.6285E-05  max(p)=  4.0590E-05
LBFGS p_k (unscaled) stats per active parameter:
  IA=  8  PAR={Q13}  min=-1.35509E+00  max= 1.51588E+00  L2= 2.23128E+01
min(p_k)= -3.6285E-05  max(p_k)=  4.0590E-05  ||p_k||=  5.9746E-04
min(p_kf)= -3.6285E-05  max(p_kf)=  4.0590E-05  ||p_kf||=  2.3898E-03
p_k/p_kf  =   2.5000E-01
Start linesearch
MT entry: phi(0)=  4.5515E-09  dg0= -4.7043E-10  alpha0=  1.0000E+00
 UPDATEPARAMETER: f-scale only
UPDATEPARAMETER PAR_STEP min/max, V_STEP min/max =  1.7673943195E+02  2.3038489403E+02
  1.7673943195E+02  2.3038489403E+02
 WD_amp= 8.70370E+13  RESID_RMS= 1.37364E-04  FCOST_DATA= 9.43449E-09  FCOST0= 9.43449E-09
  
 -------------- calculate Frechet derivatives -----------
 IFREQ =          12    ITERATION =           7
||Frechet||_F=  5.3570E-14max|Frechet|=  1.2585E-18
||Frechet||_F=  5.3570E-14max|Frechet|=  1.2585E-18
||Frechet||_F=  5.3570E-14max|Frechet|=  1.2585E-18
||Frechet||_F=  5.3570E-14max|Frechet|=  1.2585E-18
||Frechet||_F=  5.3570E-14max|Frechet|=  1.2585E-18
||Frechet||_F=  5.3570E-14max|Frechet|=  1.2585E-18
Grad block   8 GRAD_SCALED MORM =   2.2858E-05
MT try: alpha=  1.0000E+00  phi=  9.4345E-09  dg=  6.7364E-09  dg0= -4.7043E-10
MT try: armijo_rhs=  4.5515E-09  armijo=F  curvature=F  task=FG
 UPDATEPARAMETER: f-scale only
UPDATEPARAMETER PAR_STEP min/max, V_STEP min/max =  1.7741822003E+02  2.3033534629E+02
  1.7741822003E+02  2.3033534629E+02
 WD_amp= 8.70370E+13  RESID_RMS= 9.51423E-05  FCOST_DATA= 4.52602E-09  FCOST0= 4.52602E-09
  
 -------------- calculate Frechet derivatives -----------
 IFREQ =          12    ITERATION =           7
||Frechet||_F=  5.3598E-14max|Frechet|=  1.2585E-18
||Frechet||_F=  5.3598E-14max|Frechet|=  1.2585E-18
||Frechet||_F=  5.3598E-14max|Frechet|=  1.2585E-18
||Frechet||_F=  5.3598E-14max|Frechet|=  1.2585E-18
||Frechet||_F=  5.3598E-14max|Frechet|=  1.2585E-18
||Frechet||_F=  5.3598E-14max|Frechet|=  1.2585E-18
Grad block   8 GRAD_SCALED MORM =   3.2430E-06
MT try: alpha=  2.7000E-02  phi=  4.5260E-09  dg= -2.7395E-10  dg0= -4.7043E-10
MT try: armijo_rhs=  4.5515E-09  armijo=T  curvature=T  task=FG
  
  
  
  
  
Convergence reached, updating parameter grid
ALPHA from line search =  .2700012152023274E-01
 FCOST0 after linesearch  4.526024782279057E-009
Norm of s (s_norm) =  .1613153812666192E-04
  
Convergence check at iteration    7
  Relative cost decrease  =  5.6054E-03
  Relative model update   =  0.0000E+00
  Relative grad. norm     =  5.2852E-01
Time for LBFGS =  26.24556477864583 min
 --------- Frequency   8.85000000000000       (band            1 )
[ComputeAcqWeight] empty acq_weight_file, using uniform weights = 1.0
Data weighting computed for frequency 4607182418800017373
Data weighting computed for frequency 4607182418800017373
XSRmin, XSRmax, ZSRmin, ZSRMax -1960.000000000000 .000000000000000 2050.000000000000 4030.000000000000
1 FKYC
1.2 FKYC
Data weighting computed for frequency 4607182418800017373
Data weighting computed for frequency 4607182418800017373
Data weighting computed for frequency 4607182418800017373
Data weighting computed for frequency 4607182418800017373
my_rank, FKYC,WLMAX, RMAX 0 .7252981300244260E-01 578.8450615641549 2786.036611389018
1.1 NK
NK in cky2= 99

  Number of wavenumber samples (NK) for FREQ =   99
  RMAX = 2786.04
--- Pre-solver preview (memory + RHS workload) ---
   GQG dims: NNX=       585  NNZ=       317  NPT=    185445
   DOF:     N=3*NPT =    556335
   Sources: NSR=       100  NSS=        20  NK=        99
   RHS total (per IK): nrhs_tot=3*NSS =        60
   Batch:    MAX_RHS_BATCH=        32  nbatches=         2
   GFMY  (GFX+GFY+GFZ):         24.621 GB
   RHS_MY(rhs+sol buffers):      0.531 GB
 
 running run_ik_loop_pardiso
before CA | VmRSS=  26.326 GB  VmHWM= 122.339 GB
after CA | VmRSS=  27.633 GB  VmHWM= 122.339 GB
after factor | VmRSS=  31.398 GB  VmHWM= 122.339 GB
f=     8.850 Hz | ky=  0.732624E-03 | IK=       1/      99 | t=   17.216600 s | CA=  2.5099 | fact= 12.7982 | GF=  1.9082 | solve=  1.7536 | scatter=  0.0525
f=     8.850 Hz | ky=  0.146525E-02 | IK=       2/      99 | t=    6.895100 s | CA=  2.6037 | fact=  2.4936 | GF=  1.7978 | solve=  1.6754 | scatter=  0.0500
f=     8.850 Hz | ky=  0.219787E-02 | IK=       3/      99 | t=    6.889800 s | CA=  2.5683 | fact=  2.5187 | GF=  1.8028 | solve=  1.6791 | scatter=  0.0515
f=     8.850 Hz | ky=  0.293050E-02 | IK=       4/      99 | t=    6.894300 s | CA=  2.5732 | fact=  2.5251 | GF=  1.7960 | solve=  1.6739 | scatter=  0.0499
f=     8.850 Hz | ky=  0.366312E-02 | IK=       5/      99 | t=    6.918400 s | CA=  2.5999 | fact=  2.5189 | GF=  1.7996 | solve=  1.6778 | scatter=  0.0496
f=     8.850 Hz | ky=  0.439575E-02 | IK=       6/      99 | t=    6.866000 s | CA=  2.5626 | fact=  2.5115 | GF=  1.7918 | solve=  1.6698 | scatter=  0.0496
f=     8.850 Hz | ky=  0.512837E-02 | IK=       7/      99 | t=    6.904200 s | CA=  2.5928 | fact=  2.5150 | GF=  1.7964 | solve=  1.6708 | scatter=  0.0533
f=     8.850 Hz | ky=  0.586099E-02 | IK=       8/      99 | t=    6.920000 s | CA=  2.6161 | fact=  2.5052 | GF=  1.7987 | solve=  1.6761 | scatter=  0.0503
f=     8.850 Hz | ky=  0.659362E-02 | IK=       9/      99 | t=    6.877300 s | CA=  2.5584 | fact=  2.5187 | GF=  1.8002 | solve=  1.6767 | scatter=  0.0513
f=     8.850 Hz | ky=  0.732624E-02 | IK=      10/      99 | t=    6.890600 s | CA=  2.5711 | fact=  2.5224 | GF=  1.7970 | solve=  1.6723 | scatter=  0.0524
f=     8.850 Hz | ky=  0.805887E-02 | IK=      11/      99 | t=    6.877100 s | CA=  2.5436 | fact=  2.5326 | GF=  1.8009 | solve=  1.6769 | scatter=  0.0514
f=     8.850 Hz | ky=  0.879149E-02 | IK=      12/      99 | t=    6.866800 s | CA=  2.5786 | fact=  2.5211 | GF=  1.7670 | solve=  1.6436 | scatter=  0.0509
f=     8.850 Hz | ky=  0.952412E-02 | IK=      13/      99 | t=    6.835000 s | CA=  2.5410 | fact=  2.5316 | GF=  1.7624 | solve=  1.6395 | scatter=  0.0502
f=     8.850 Hz | ky=  0.102567E-01 | IK=      14/      99 | t=    6.832400 s | CA=  2.5617 | fact=  2.5189 | GF=  1.7518 | solve=  1.6288 | scatter=  0.0503
f=     8.850 Hz | ky=  0.109894E-01 | IK=      15/      99 | t=    6.835800 s | CA=  2.5569 | fact=  2.5216 | GF=  1.7573 | solve=  1.6330 | scatter=  0.0518
f=     8.850 Hz | ky=  0.117220E-01 | IK=      16/      99 | t=    6.845200 s | CA=  2.5618 | fact=  2.5251 | GF=  1.7582 | solve=  1.6333 | scatter=  0.0524
f=     8.850 Hz | ky=  0.124546E-01 | IK=      17/      99 | t=    6.836000 s | CA=  2.5437 | fact=  2.5328 | GF=  1.7595 | solve=  1.6353 | scatter=  0.0516
PARDISO mem (f=  8.85 Hz): sym=  1.95 GB  perm=  1.42 GB  num=  3.22 GB  
peak=  4.64 GB
t_global   =    194.697 s
TIME for 1st forward modeling =  3.244901784261068  min
TIME for GT0 =  .1125999987125397E-01  min
Data scaler W for L2 norm: 91309916411743.56
Data scaler W for WQS norm: .1007948000807317E-312
Total number of active inversion parameters for current sequential stage (IM):          1
Total model blocks points (NM = IM * NBLOCK):      11534 on grid (NMM = IM * NPT):    185445
 Gradient balance ():   1.00000000000000        1.00000000000000     
   1.00000000000000        1.00000000000000        1.00000000000000     
   1.00000000000000        1.00000000000000        1.00000000000000     
   1.00000000000000        1.00000000000000        1.00000000000000     
 IE0, IZ          30           0
 IE0, IZ, GZ1, GZ2 =           30           0   100.000000000000     
   300.000000000000     
  
 Frequency:          13 Iteration:           1
--- Pre-solver preview (memory + RHS workload) ---
   GQG dims: NNX=       585  NNZ=       317  NPT=    185445
   DOF:     N=3*NPT =    556335
   Sources: NSR=       100  NSS=       100  NK=        99
   RHS total (per IK): nrhs_tot=3*NSS =       300
   Batch:    MAX_RHS_BATCH=        32  nbatches=        10
   GFMY  (GFX+GFY+GFZ):        123.107 GB
   RHS_MY(rhs+sol buffers):      0.531 GB
 
 running run_ik_loop_pardiso
before CA | VmRSS= 125.636 GB  VmHWM= 125.636 GB
after CA | VmRSS= 127.015 GB  VmHWM= 131.038 GB
after factor | VmRSS= 130.779 GB  VmHWM= 131.038 GB
f=     8.850 Hz | ky=  0.732624E-03 | IK=       1/      99 | t=   24.233500 s | CA=  2.5541 | fact= 12.7806 | GF=  8.8986 | solve=  8.2465 | scatter=  0.2495
f=     8.850 Hz | ky=  0.146525E-02 | IK=       2/      99 | t=   13.811700 s | CA=  2.5307 | fact=  2.5107 | GF=  8.7702 | solve=  8.1471 | scatter=  0.2508
f=     8.850 Hz | ky=  0.219787E-02 | IK=       3/      99 | t=   13.886900 s | CA=  2.5689 | fact=  2.5244 | GF=  8.7936 | solve=  8.1685 | scatter=  0.2502
f=     8.850 Hz | ky=  0.293050E-02 | IK=       4/      99 | t=   13.904600 s | CA=  2.5686 | fact=  2.5353 | GF=  8.8006 | solve=  8.1721 | scatter=  0.2537
f=     8.850 Hz | ky=  0.366312E-02 | IK=       5/      99 | t=   13.936400 s | CA=  2.5952 | fact=  2.5395 | GF=  8.8017 | solve=  8.1725 | scatter=  0.2524
f=     8.850 Hz | ky=  0.439575E-02 | IK=       6/      99 | t=   13.883900 s | CA=  2.5555 | fact=  2.5421 | GF=  8.7863 | solve=  8.1579 | scatter=  0.2510
f=     8.850 Hz | ky=  0.512837E-02 | IK=       7/      99 | t=   13.947400 s | CA=  2.6297 | fact=  2.5157 | GF=  8.8020 | solve=  8.1727 | scatter=  0.2512
f=     8.850 Hz | ky=  0.586099E-02 | IK=       8/      99 | t=   13.910200 s | CA=  2.5983 | fact=  2.5186 | GF=  8.7933 | solve=  8.1616 | scatter=  0.2523
f=     8.850 Hz | ky=  0.659362E-02 | IK=       9/      99 | t=   14.008600 s | CA=  2.6305 | fact=  2.5402 | GF=  8.8378 | solve=  8.1964 | scatter=  0.2619
f=     8.850 Hz | ky=  0.732624E-02 | IK=      10/      99 | t=   13.942900 s | CA=  2.5656 | fact=  2.5430 | GF=  8.8342 | solve=  8.1955 | scatter=  0.2595
f=     8.850 Hz | ky=  0.805887E-02 | IK=      11/      99 | t=   13.915200 s | CA=  2.5667 | fact=  2.5426 | GF=  8.8058 | solve=  8.1744 | scatter=  0.2517
f=     8.850 Hz | ky=  0.879149E-02 | IK=      12/      99 | t=   13.934400 s | CA=  2.6365 | fact=  2.4869 | GF=  8.8110 | solve=  8.1795 | scatter=  0.2517
f=     8.850 Hz | ky=  0.952412E-02 | IK=      13/      99 | t=   13.939100 s | CA=  2.5530 | fact=  2.5522 | GF=  8.8339 | solve=  8.2007 | scatter=  0.2539
f=     8.850 Hz | ky=  0.102567E-01 | IK=      14/      99 | t=   13.993300 s | CA=  2.5903 | fact=  2.5600 | GF=  8.8430 | solve=  8.2122 | scatter=  0.2510
f=     8.850 Hz | ky=  0.109894E-01 | IK=      15/      99 | t=   13.996800 s | CA=  2.6014 | fact=  2.5586 | GF=  8.8368 | solve=  8.2063 | scatter=  0.2507
f=     8.850 Hz | ky=  0.117220E-01 | IK=      16/      99 | t=   13.926300 s | CA=  2.5584 | fact=  2.5473 | GF=  8.8206 | solve=  8.1881 | scatter=  0.2524
f=     8.850 Hz | ky=  0.124546E-01 | IK=      17/      99 | t=   14.046800 s | CA=  2.6706 | fact=  2.5467 | GF=  8.8294 | solve=  8.1950 | scatter=  0.2540
PARDISO mem (f=  8.85 Hz): sym=  1.95 GB  perm=  1.42 GB  num=  3.22 GB  
peak=  4.64 GB
t_global   =    581.358 s
TIME for 2d forward modeling_i calc =  9.687585449218750 min
Rank    5 -> ID range:   4001 to   4800 | Tasks:    800
Rank    4 -> ID range:   3201 to   4000 | Tasks:    800
Rank    3 -> ID range:   2401 to   3200 | Tasks:    800
Rank    2 -> ID range:   1601 to   2400 | Tasks:    800
Rank    1 -> ID range:    801 to   1600 | Tasks:    800
  
 -------------- calculate Frechet derivatives -----------
 IFREQ =          13    ITERATION =           1
Frechet memory size Frec_my:      0.825 (Gb)
Rank    0 -> ID range:      1 to    800 | Tasks:    800
FREQ:      8.8 Hz, ITER=       1  Frechet Derivative ID=     100/    4800 Finished   0.391700 s
FREQ:      8.8 Hz, ITER=       1  Frechet Derivative ID=     200/    4800 Finished   0.386100 s
FREQ:      8.8 Hz, ITER=       1  Frechet Derivative ID=     300/    4800 Finished   0.386800 s
FREQ:      8.8 Hz, ITER=       1  Frechet Derivative ID=     400/    4800 Finished   0.361100 s
FREQ:      8.8 Hz, ITER=       1  Frechet Derivative ID=     500/    4800 Finished   0.391500 s
FREQ:      8.8 Hz, ITER=       1  Frechet Derivative ID=     600/    4800 Finished   0.390700 s
FREQ:      8.8 Hz, ITER=       1  Frechet Derivative ID=     700/    4800 Finished   0.386600 s
FREQ:      8.8 Hz, ITER=       1  Frechet Derivative ID=     800/    4800 Finished   0.383300 s
||Frechet||_F=  5.1698E-14max|Frechet|=  1.3545E-18
||Frechet||_F=  5.1698E-14max|Frechet|=  1.3545E-18
||Frechet||_F=  5.1698E-14max|Frechet|=  1.3545E-18
||Frechet||_F=  5.1698E-14max|Frechet|=  1.3545E-18
||Frechet||_F=  5.1698E-14max|Frechet|=  1.3545E-18
 
TIME for Frechet calc =  5.258146667480469 min
 
m_fine: min=  1.7742E+02  max=  2.3034E+02  mean=  2.1163E+02  ||.||2=  9.1531E+04  size=  185445
m_coarse_prev: min=  1.7771E+02  max=  2.3010E+02  mean=  2.1165E+02  ||.||2=  2.2829E+04  size=   11534
 
  compute the residual and the cost function
 WD_amp= 9.13099E+13  RESID_RMS= 9.68923E-05  FCOST_DATA= 4.69406E-09  FCOST0= 4.69406E-09
||Frechet||_F=  5.1698E-14max|Frechet|=  1.3545E-18
IA=  8  H(single F0) min= 0.00000E+00  max= 8.07478E-02
IA=  8  H(F0^2)     min= 0.00000E+00  max= 8.07478E-02
HESSD: ia=   8  min= 0.00000E+00  max= 2.47666E+03
IA=  8  H(single F0) min= 0.00000E+00  max= 8.07478E-02
IA=  8  H(F0^2)     min= 0.00000E+00  max= 8.07478E-02
HESSD: ia=   8  min= 0.00000E+00  max= 2.47666E+03
IA=  8  H(single F0) min= 0.00000E+00  max= 8.07478E-02
IA=  8  H(F0^2)     min= 0.00000E+00  max= 8.07478E-02
HESSD: ia=   8  min= 0.00000E+00  max= 2.47666E+03
IA=  8  H(single F0) min= 0.00000E+00  max= 8.07478E-02
IA=  8  H(F0^2)     min= 0.00000E+00  max= 8.07478E-02
HESSD: ia=   8  min= 0.00000E+00  max= 2.47666E+03
IA=  8  H(single F0) min= 0.00000E+00  max= 8.07478E-02
IA=  8  H(F0^2)     min= 0.00000E+00  max= 8.07478E-02
HESSD: ia=   8  min= 0.00000E+00  max= 2.47666E+03
IA=  8  H(single F0) min= 0.00000E+00  max= 8.07478E-02
IA=  8  H(F0^2)     min= 0.00000E+00  max= 8.07478E-02
HESSD: ia=   8  min= 0.00000E+00  max= 2.47666E+03
Grad block   8 GRAD_SCALED MORM =   4.4017E-06
Raw grad block  8  PAR={Q13}  min= -1.4956E-11  max=  1.7491E-11  L2=  1.2699E-10
Gradient finished
Start LBFGS 
LBFGS steepest step , iter=      1
  g·p = -1.8199E-09  ||p|| =  1.1654E-03
  min(p)= -7.3097E-05  max(p)=  1.0055E-04
LBFGS p_k (unscaled) stats per active parameter:
  IA=  8  PAR={Q13}  min=-2.72989E+00  max= 3.75504E+00  L2= 4.35231E+01
min(p_k)= -7.3097E-05  max(p_k)=  1.0055E-04  ||p_k||=  1.1654E-03
min(p_kf)= -7.3097E-05  max(p_kf)=  1.0055E-04  ||p_kf||=  4.6616E-03
p_k/p_kf  =   2.5000E-01
Start linesearch
BT entry: phi(0)=  4.6941E-09  g·p(0)= -1.8199E-09
 UPDATEPARAMETER: f-scale only
UPDATEPARAMETER PAR_STEP min/max, V_STEP min/max =  1.7608555290E+02  2.3029794241E+02
  1.7608555290E+02  2.3029794241E+02
REL STEP Q      : k=  8 row=  3 rmax_k=  2.0169E-02 row_scale=  2.3034E+02
BT cap probe: rmax1=  2.0169E-02  alpha_cap=  1.0000E+00  alpha00=  1.0000E+00
 UPDATEPARAMETER: f-scale only
UPDATEPARAMETER PAR_STEP min/max, V_STEP min/max =  1.7608555290E+02  2.3029794241E+02
  1.7608555290E+02  2.3029794241E+02
 running run_ik_loop_pardiso
before CA | VmRSS=  27.150 GB  VmHWM= 135.936 GB
after CA | VmRSS=  27.937 GB  VmHWM= 135.936 GB
after factor | VmRSS=  31.698 GB  VmHWM= 135.936 GB
f=     8.850 Hz | ky=  0.732624E-03 | IK=       1/      99 | t=   17.256600 s | CA=  2.5391 | fact= 12.8089 | GF=  1.9084 | solve=  1.7521 | scatter=  0.0538
f=     8.850 Hz | ky=  0.146525E-02 | IK=       2/      99 | t=    6.920300 s | CA=  2.5752 | fact=  2.5381 | GF=  1.8070 | solve=  1.6798 | scatter=  0.0544
f=     8.850 Hz | ky=  0.219787E-02 | IK=       3/      99 | t=    6.906700 s | CA=  2.5451 | fact=  2.5513 | GF=  1.8103 | solve=  1.6857 | scatter=  0.0514
f=     8.850 Hz | ky=  0.293050E-02 | IK=       4/      99 | t=    6.946500 s | CA=  2.6043 | fact=  2.5481 | GF=  1.7941 | solve=  1.6714 | scatter=  0.0497
f=     8.850 Hz | ky=  0.366312E-02 | IK=       5/      99 | t=    6.892200 s | CA=  2.5485 | fact=  2.5474 | GF=  1.7962 | solve=  1.6699 | scatter=  0.0535
f=     8.850 Hz | ky=  0.439575E-02 | IK=       6/      99 | t=    6.946700 s | CA=  2.6202 | fact=  2.5298 | GF=  1.7966 | solve=  1.6696 | scatter=  0.0541
f=     8.850 Hz | ky=  0.512837E-02 | IK=       7/      99 | t=    6.930700 s | CA=  2.5980 | fact=  2.5377 | GF=  1.7950 | solve=  1.6692 | scatter=  0.0530
f=     8.850 Hz | ky=  0.586099E-02 | IK=       8/      99 | t=    6.994200 s | CA=  2.6553 | fact=  2.5454 | GF=  1.7935 | solve=  1.6703 | scatter=  0.0502
f=     8.850 Hz | ky=  0.659362E-02 | IK=       9/      99 | t=    6.984200 s | CA=  2.6382 | fact=  2.5522 | GF=  1.7938 | solve=  1.6695 | scatter=  0.0514
f=     8.850 Hz | ky=  0.732624E-02 | IK=      10/      99 | t=    6.950100 s | CA=  2.6204 | fact=  2.5293 | GF=  1.8004 | solve=  1.6740 | scatter=  0.0532
f=     8.850 Hz | ky=  0.805887E-02 | IK=      11/      99 | t=    6.908300 s | CA=  2.5690 | fact=  2.5421 | GF=  1.7972 | solve=  1.6743 | scatter=  0.0499
f=     8.850 Hz | ky=  0.879149E-02 | IK=      12/      99 | t=    7.022400 s | CA=  2.6824 | fact=  2.5473 | GF=  1.7926 | solve=  1.6687 | scatter=  0.0507
f=     8.850 Hz | ky=  0.952412E-02 | IK=      13/      99 | t=    6.920900 s | CA=  2.5907 | fact=  2.5296 | GF=  1.8006 | solve=  1.6723 | scatter=  0.0552
f=     8.850 Hz | ky=  0.102567E-01 | IK=      14/      99 | t=    6.896700 s | CA=  2.5907 | fact=  2.5138 | GF=  1.7922 | solve=  1.6653 | scatter=  0.0542
f=     8.850 Hz | ky=  0.109894E-01 | IK=      15/      99 | t=    6.906000 s | CA=  2.5920 | fact=  2.5225 | GF=  1.7915 | solve=  1.6679 | scatter=  0.0507
f=     8.850 Hz | ky=  0.117220E-01 | IK=      16/      99 | t=    6.970400 s | CA=  2.6285 | fact=  2.5431 | GF=  1.7988 | solve=  1.6716 | scatter=  0.0545
f=     8.850 Hz | ky=  0.124546E-01 | IK=      17/      99 | t=    6.931900 s | CA=  2.5846 | fact=  2.5475 | GF=  1.7998 | solve=  1.6722 | scatter=  0.0548
PARDISO mem (f=  8.85 Hz): sym=  1.95 GB  perm=  1.42 GB  num=  3.22 GB  
peak=  4.64 GB
 WD_amp= 9.13099E+13  RESID_RMS= 2.30939E-04  FCOST_DATA= 2.66664E-08  FCOST0= 2.66664E-08
BT: alpha=  1.0000E+00  phi=  2.6666E-08  rhs=  4.6939E-09
 UPDATEPARAMETER: f-scale only
UPDATEPARAMETER PAR_STEP min/max, V_STEP min/max =  1.7675188646E+02  2.3031664435E+02
  1.7675188646E+02  2.3031664435E+02
 running run_ik_loop_pardiso
before CA | VmRSS=  27.444 GB  VmHWM= 135.936 GB
after CA | VmRSS=  27.762 GB  VmHWM= 135.936 GB
after factor | VmRSS=  31.533 GB  VmHWM= 135.936 GB
f=     8.850 Hz | ky=  0.732624E-03 | IK=       1/      99 | t=   17.313400 s | CA=  2.5990 | fact= 12.8084 | GF=  1.9058 | solve=  1.7501 | scatter=  0.0522
f=     8.850 Hz | ky=  0.146525E-02 | IK=       2/      99 | t=    6.898000 s | CA=  2.5681 | fact=  2.5247 | GF=  1.8051 | solve=  1.6798 | scatter=  0.0528
f=     8.850 Hz | ky=  0.219787E-02 | IK=       3/      99 | t=    6.900700 s | CA=  2.5630 | fact=  2.5328 | GF=  1.8049 | solve=  1.6784 | scatter=  0.0540
f=     8.850 Hz | ky=  0.293050E-02 | IK=       4/      99 | t=    6.840200 s | CA=  2.5073 | fact=  2.5288 | GF=  1.8041 | solve=  1.6784 | scatter=  0.0529
f=     8.850 Hz | ky=  0.366312E-02 | IK=       5/      99 | t=    6.919500 s | CA=  2.5859 | fact=  2.5331 | GF=  1.8005 | solve=  1.6771 | scatter=  0.0505
f=     8.850 Hz | ky=  0.439575E-02 | IK=       6/      99 | t=    6.923700 s | CA=  2.5921 | fact=  2.5287 | GF=  1.8028 | solve=  1.6792 | scatter=  0.0509
f=     8.850 Hz | ky=  0.512837E-02 | IK=       7/      99 | t=    6.907600 s | CA=  2.5604 | fact=  2.5443 | GF=  1.8028 | solve=  1.6771 | scatter=  0.0525
f=     8.850 Hz | ky=  0.586099E-02 | IK=       8/      99 | t=    6.929900 s | CA=  2.5832 | fact=  2.5436 | GF=  1.8031 | solve=  1.6771 | scatter=  0.0532
f=     8.850 Hz | ky=  0.659362E-02 | IK=       9/      99 | t=    6.922000 s | CA=  2.5770 | fact=  2.5339 | GF=  1.8111 | solve=  1.6843 | scatter=  0.0539
f=     8.850 Hz | ky=  0.732624E-02 | IK=      10/      99 | t=    6.915800 s | CA=  2.5711 | fact=  2.5436 | GF=  1.8011 | solve=  1.6751 | scatter=  0.0531
f=     8.850 Hz | ky=  0.805887E-02 | IK=      11/      99 | t=    6.948400 s | CA=  2.6008 | fact=  2.5394 | GF=  1.8081 | solve=  1.6817 | scatter=  0.0534
f=     8.850 Hz | ky=  0.879149E-02 | IK=      12/      99 | t=    6.912900 s | CA=  2.5820 | fact=  2.5265 | GF=  1.8044 | solve=  1.6792 | scatter=  0.0523
f=     8.850 Hz | ky=  0.952412E-02 | IK=      13/      99 | t=    6.946900 s | CA=  2.6008 | fact=  2.5436 | GF=  1.8025 | solve=  1.6780 | scatter=  0.0517
f=     8.850 Hz | ky=  0.102567E-01 | IK=      14/      99 | t=    6.961600 s | CA=  2.6058 | fact=  2.5508 | GF=  1.8050 | solve=  1.6787 | scatter=  0.0534
f=     8.850 Hz | ky=  0.109894E-01 | IK=      15/      99 | t=    6.909000 s | CA=  2.5613 | fact=  2.5395 | GF=  1.8082 | solve=  1.6831 | scatter=  0.0523
f=     8.850 Hz | ky=  0.117220E-01 | IK=      16/      99 | t=    6.902500 s | CA=  2.5606 | fact=  2.5300 | GF=  1.8119 | solve=  1.6855 | scatter=  0.0535
f=     8.850 Hz | ky=  0.124546E-01 | IK=      17/      99 | t=    6.901200 s | CA=  2.5453 | fact=  2.5487 | GF=  1.8072 | solve=  1.6799 | scatter=  0.0542
PARDISO mem (f=  8.85 Hz): sym=  1.95 GB  perm=  1.42 GB  num=  3.22 GB  
peak=  4.64 GB
 WD_amp= 9.13099E+13  RESID_RMS= 1.37166E-04  FCOST_DATA= 9.40723E-09  FCOST0= 9.40723E-09
BT: alpha=  5.0000E-01  phi=  9.4072E-09  rhs=  4.6940E-09
 UPDATEPARAMETER: f-scale only
UPDATEPARAMETER PAR_STEP min/max, V_STEP min/max =  1.7708505324E+02  2.3032599532E+02
  1.7708505324E+02  2.3032599532E+02
 running run_ik_loop_pardiso
before CA | VmRSS=  27.336 GB  VmHWM= 135.936 GB
after CA | VmRSS=  28.416 GB  VmHWM= 135.936 GB
after factor | VmRSS=  32.178 GB  VmHWM= 135.936 GB
f=     8.850 Hz | ky=  0.732624E-03 | IK=       1/      99 | t=   17.195100 s | CA=  2.4943 | fact= 12.7976 | GF=  1.9030 | solve=  1.7481 | scatter=  0.0521
f=     8.850 Hz | ky=  0.146525E-02 | IK=       2/      99 | t=    6.893900 s | CA=  2.5658 | fact=  2.5259 | GF=  1.8022 | solve=  1.6796 | scatter=  0.0497
f=     8.850 Hz | ky=  0.219787E-02 | IK=       3/      99 | t=    6.882000 s | CA=  2.5413 | fact=  2.5379 | GF=  1.8028 | solve=  1.6773 | scatter=  0.0528
f=     8.850 Hz | ky=  0.293050E-02 | IK=       4/      99 | t=    6.935600 s | CA=  2.6090 | fact=  2.5231 | GF=  1.8035 | solve=  1.6774 | scatter=  0.0534
f=     8.850 Hz | ky=  0.366312E-02 | IK=       5/      99 | t=    6.900100 s | CA=  2.5610 | fact=  2.5364 | GF=  1.8027 | solve=  1.6781 | scatter=  0.0519
f=     8.850 Hz | ky=  0.439575E-02 | IK=       6/      99 | t=    6.907800 s | CA=  2.5720 | fact=  2.5298 | GF=  1.8060 | solve=  1.6803 | scatter=  0.0529
f=     8.850 Hz | ky=  0.512837E-02 | IK=       7/      99 | t=    6.889100 s | CA=  2.5582 | fact=  2.5318 | GF=  1.7991 | solve=  1.6742 | scatter=  0.0521
f=     8.850 Hz | ky=  0.586099E-02 | IK=       8/      99 | t=    6.865200 s | CA=  2.5835 | fact=  2.4752 | GF=  1.8065 | solve=  1.6839 | scatter=  0.0499
f=     8.850 Hz | ky=  0.659362E-02 | IK=       9/      99 | t=    6.939000 s | CA=  2.5951 | fact=  2.5337 | GF=  1.8102 | solve=  1.6834 | scatter=  0.0540
f=     8.850 Hz | ky=  0.732624E-02 | IK=      10/      99 | t=    6.906500 s | CA=  2.5599 | fact=  2.5437 | GF=  1.8029 | solve=  1.6785 | scatter=  0.0514
f=     8.850 Hz | ky=  0.805887E-02 | IK=      11/      99 | t=    6.919800 s | CA=  2.5731 | fact=  2.5435 | GF=  1.8032 | solve=  1.6794 | scatter=  0.0507
f=     8.850 Hz | ky=  0.879149E-02 | IK=      12/      99 | t=    6.910800 s | CA=  2.5590 | fact=  2.5422 | GF=  1.8095 | solve=  1.6834 | scatter=  0.0533
f=     8.850 Hz | ky=  0.952412E-02 | IK=      13/      99 | t=    6.978600 s | CA=  2.6456 | fact=  2.5310 | GF=  1.8019 | solve=  1.6789 | scatter=  0.0501
f=     8.850 Hz | ky=  0.102567E-01 | IK=      14/      99 | t=    6.927200 s | CA=  2.5891 | fact=  2.5317 | GF=  1.8064 | solve=  1.6817 | scatter=  0.0519
f=     8.850 Hz | ky=  0.109894E-01 | IK=      15/      99 | t=    6.931300 s | CA=  2.5883 | fact=  2.5334 | GF=  1.8096 | solve=  1.6831 | scatter=  0.0535
f=     8.850 Hz | ky=  0.117220E-01 | IK=      16/      99 | t=    6.920800 s | CA=  2.5580 | fact=  2.5557 | GF=  1.8071 | solve=  1.6793 | scatter=  0.0546
f=     8.850 Hz | ky=  0.124546E-01 | IK=      17/      99 | t=    6.921200 s | CA=  2.5747 | fact=  2.5442 | GF=  1.8023 | solve=  1.6791 | scatter=  0.0500
PARDISO mem (f=  8.85 Hz): sym=  1.95 GB  perm=  1.42 GB  num=  3.22 GB  
peak=  4.64 GB
 WD_amp= 9.13099E+13  RESID_RMS= 1.04601E-04  FCOST_DATA= 5.47069E-09  FCOST0= 5.47069E-09
BT: alpha=  2.5000E-01  phi=  5.4707E-09  rhs=  4.6940E-09
 UPDATEPARAMETER: f-scale only
UPDATEPARAMETER PAR_STEP min/max, V_STEP min/max =  1.7725163664E+02  2.3033067081E+02
  1.7725163664E+02  2.3033067081E+02
 running run_ik_loop_pardiso
before CA | VmRSS=  27.164 GB  VmHWM= 135.936 GB
after CA | VmRSS=  27.771 GB  VmHWM= 135.936 GB
after factor | VmRSS=  31.538 GB  VmHWM= 135.936 GB
f=     8.850 Hz | ky=  0.732624E-03 | IK=       1/      99 | t=   17.205700 s | CA=  2.5059 | fact= 12.8007 | GF=  1.8989 | solve=  1.7463 | scatter=  0.0497
f=     8.850 Hz | ky=  0.146525E-02 | IK=       2/      99 | t=    6.876800 s | CA=  2.5535 | fact=  2.5227 | GF=  1.8006 | solve=  1.6763 | scatter=  0.0519
f=     8.850 Hz | ky=  0.219787E-02 | IK=       3/      99 | t=    6.909300 s | CA=  2.5811 | fact=  2.5247 | GF=  1.8034 | solve=  1.6803 | scatter=  0.0505
f=     8.850 Hz | ky=  0.293050E-02 | IK=       4/      99 | t=    6.942800 s | CA=  2.5847 | fact=  2.5474 | GF=  1.8107 | solve=  1.6857 | scatter=  0.0524
f=     8.850 Hz | ky=  0.366312E-02 | IK=       5/      99 | t=    6.907200 s | CA=  2.5754 | fact=  2.5269 | GF=  1.8048 | solve=  1.6779 | scatter=  0.0542
f=     8.850 Hz | ky=  0.439575E-02 | IK=       6/      99 | t=    6.928200 s | CA=  2.5796 | fact=  2.5384 | GF=  1.8102 | solve=  1.6833 | scatter=  0.0539
f=     8.850 Hz | ky=  0.512837E-02 | IK=       7/      99 | t=    6.939200 s | CA=  2.5982 | fact=  2.5373 | GF=  1.8037 | solve=  1.6806 | scatter=  0.0504
f=     8.850 Hz | ky=  0.586099E-02 | IK=       8/      99 | t=    6.929800 s | CA=  2.5931 | fact=  2.5390 | GF=  1.7976 | solve=  1.6726 | scatter=  0.0522
f=     8.850 Hz | ky=  0.659362E-02 | IK=       9/      99 | t=    6.934100 s | CA=  2.6043 | fact=  2.5241 | GF=  1.8056 | solve=  1.6789 | scatter=  0.0536
f=     8.850 Hz | ky=  0.732624E-02 | IK=      10/      99 | t=    6.910300 s | CA=  2.5679 | fact=  2.5386 | GF=  1.8038 | solve=  1.6776 | scatter=  0.0534
f=     8.850 Hz | ky=  0.805887E-02 | IK=      11/      99 | t=    6.946600 s | CA=  2.5906 | fact=  2.5577 | GF=  1.7982 | solve=  1.6741 | scatter=  0.0509
f=     8.850 Hz | ky=  0.879149E-02 | IK=      12/      99 | t=    6.911800 s | CA=  2.5608 | fact=  2.5476 | GF=  1.8033 | solve=  1.6772 | scatter=  0.0529
f=     8.850 Hz | ky=  0.952412E-02 | IK=      13/      99 | t=    6.928300 s | CA=  2.5735 | fact=  2.5487 | GF=  1.8061 | solve=  1.6828 | scatter=  0.0502
f=     8.850 Hz | ky=  0.102567E-01 | IK=      14/      99 | t=    6.907300 s | CA=  2.5734 | fact=  2.5274 | GF=  1.8064 | solve=  1.6821 | scatter=  0.0513
f=     8.850 Hz | ky=  0.109894E-01 | IK=      15/      99 | t=    6.897100 s | CA=  2.5412 | fact=  2.5476 | GF=  1.8082 | solve=  1.6817 | scatter=  0.0537
f=     8.850 Hz | ky=  0.117220E-01 | IK=      16/      99 | t=    6.982600 s | CA=  2.6292 | fact=  2.5476 | GF=  1.8058 | solve=  1.6803 | scatter=  0.0525
f=     8.850 Hz | ky=  0.124546E-01 | IK=      17/      99 | t=    6.917700 s | CA=  2.5571 | fact=  2.5578 | GF=  1.8027 | solve=  1.6794 | scatter=  0.0504
PARDISO mem (f=  8.85 Hz): sym=  1.95 GB  perm=  1.42 GB  num=  3.22 GB  
peak=  4.64 GB
 WD_amp= 9.13099E+13  RESID_RMS= 9.68077E-05  FCOST_DATA= 4.68587E-09  FCOST0= 4.68587E-09
  
BT: alpha=  1.2500E-01  phi=  4.6859E-09  rhs=  4.6940E-09
  
  
  
  
Convergence reached, updating parameter grid
ALPHA from line search =  .1250000000000000
 FCOST0 after linesearch  4.685867154048317E-009
Norm of s (s_norm) =  .1456751396449381E-03
  
Time for LBFGS =  12.94510803222656 min
  
 Frequency:          13 Iteration:           2
t_global   =    581.650 s
  
 -------------- calculate Frechet derivatives -----------
 IFREQ =          13    ITERATION =           2
||Frechet||_F=  5.1695E-14max|Frechet|=  1.3545E-18
||Frechet||_F=  5.1695E-14max|Frechet|=  1.3545E-18
||Frechet||_F=  5.1695E-14max|Frechet|=  1.3545E-18
||Frechet||_F=  5.1695E-14max|Frechet|=  1.3545E-18
||Frechet||_F=  5.1695E-14max|Frechet|=  1.3545E-18
 
TIME for Frechet calc =  5.224331665039062 min
 
 
  compute the residual and the cost function
 WD_amp= 9.13099E+13  RESID_RMS= 9.68077E-05  FCOST_DATA= 4.68587E-09  FCOST0= 4.68587E-09
||Frechet||_F=  5.1695E-14max|Frechet|=  1.3545E-18
Grad block   8 GRAD_SCALED MORM =   4.8226E-06
Raw grad block  8  PAR={Q13}  min= -1.5526E-11  max=  2.2534E-11  L2=  1.3890E-10
Gradient finished
Start LBFGS 
curvature (warm): s·y=  4.0624E-10  ||s||^2=  2.1221E-08  ||y||^2=  1.6138E-11  sTy_min=  5.8521E-11
LBFGS history: used= 0  skipped= 1  worst_col= 5  bad_s·y=  4.0624E-10  bad_cos_sy=  6.9418E-01
LBFGS step: g·p = -2.8157E-09  ||p||=  1.2964E-03
LBFGS step: min(p)= -9.8224E-05  max(p)=  5.3717E-05
LBFGS p_k (unscaled) stats per active parameter:
  IA=  8  PAR={Q13}  min=-3.66829E+00  max= 2.00611E+00  L2= 4.84148E+01
min(p_k)= -9.8224E-05  max(p_k)=  5.3717E-05  ||p_k||=  1.2964E-03
min(p_kf)= -9.8224E-05  max(p_kf)=  5.3717E-05  ||p_kf||=  5.1855E-03
p_k/p_kf  =   2.5000E-01
Start linesearch
MT entry: phi(0)=  4.6859E-09  dg0= -2.8157E-09  alpha0=  1.0000E+00
 UPDATEPARAMETER: f-scale only
UPDATEPARAMETER PAR_STEP min/max, V_STEP min/max =  1.7586097002E+02  2.3036226717E+02
  1.7586097002E+02  2.3036226717E+02
 WD_amp= 9.13099E+13  RESID_RMS= 3.08096E-04  FCOST_DATA= 4.74616E-08  FCOST0= 4.74616E-08
  
 -------------- calculate Frechet derivatives -----------
 IFREQ =          13    ITERATION =           2
||Frechet||_F=  5.1816E-14max|Frechet|=  1.3545E-18
||Frechet||_F=  5.1816E-14max|Frechet|=  1.3545E-18
||Frechet||_F=  5.1816E-14max|Frechet|=  1.3545E-18
||Frechet||_F=  5.1816E-14max|Frechet|=  1.3545E-18
||Frechet||_F=  5.1816E-14max|Frechet|=  1.3545E-18
||Frechet||_F=  5.1816E-14max|Frechet|=  1.3545E-18
Grad block   8 GRAD_SCALED MORM =   6.1060E-05
MT try: alpha=  1.0000E+00  phi=  4.7462E-08  dg=  5.3011E-08  dg0= -2.8157E-09
MT try: armijo_rhs=  4.6856E-09  armijo=F  curvature=F  task=FG
 UPDATEPARAMETER: f-scale only
UPDATEPARAMETER PAR_STEP min/max, V_STEP min/max =  1.7727714170E+02  2.3033004134E+02
  1.7727714170E+02  2.3033004134E+02
 WD_amp= 9.13099E+13  RESID_RMS= 9.58628E-05  FCOST_DATA= 4.59484E-09  FCOST0= 4.59484E-09
  
 -------------- calculate Frechet derivatives -----------
 IFREQ =          13    ITERATION =           2
||Frechet||_F=  5.1697E-14max|Frechet|=  1.3545E-18
||Frechet||_F=  5.1697E-14max|Frechet|=  1.3545E-18
||Frechet||_F=  5.1697E-14max|Frechet|=  1.3545E-18
||Frechet||_F=  5.1697E-14max|Frechet|=  1.3545E-18
||Frechet||_F=  5.1697E-14max|Frechet|=  1.3545E-18
||Frechet||_F=  5.1697E-14max|Frechet|=  1.3545E-18
Grad block   8 GRAD_SCALED MORM =   4.2013E-06
MT try: alpha=  1.7595E-02  phi=  4.5948E-09  dg= -1.8630E-09  dg0= -2.8157E-09
MT try: armijo_rhs=  4.6859E-09  armijo=T  curvature=T  task=FG
  
  
  
Convergence reached, updating parameter grid
ALPHA from line search =  .1759467257104859E-01
 FCOST0 after linesearch  4.594836798968648E-009
Norm of s (s_norm) =  .2280946352440864E-04
  
  
  
Time for LBFGS =  29.55800984700521 min
  
 Frequency:          13 Iteration:           3
t_global   =    580.154 s
  
 -------------- calculate Frechet derivatives -----------
 IFREQ =          13    ITERATION =           3
||Frechet||_F=  5.1697E-14max|Frechet|=  1.3545E-18
||Frechet||_F=  5.1697E-14max|Frechet|=  1.3545E-18
||Frechet||_F=  5.1697E-14max|Frechet|=  1.3545E-18
||Frechet||_F=  5.1697E-14max|Frechet|=  1.3545E-18
||Frechet||_F=  5.1697E-14max|Frechet|=  1.3545E-18
 
TIME for Frechet calc =  5.328418477376302 min
 
 
  compute the residual and the cost function
 WD_amp= 9.13099E+13  RESID_RMS= 9.58628E-05  FCOST_DATA= 4.59484E-09  FCOST0= 4.59484E-09
||Frechet||_F=  5.1697E-14max|Frechet|=  1.3545E-18
Grad block   8 GRAD_SCALED MORM =   4.2013E-06
Gradient finished
Start LBFGS 
curvature (warm): s·y=  1.6762E-11  ||s||^2=  5.2027E-10  ||y||^2=  8.1569E-13  sTy_min=  2.0601E-12
LBFGS history: used= 0  skipped= 2  worst_col= 4  bad_s·y=  1.6762E-11  bad_cos_sy=  8.1366E-01
LBFGS step: g·p = -1.2626E-09  ||p||=  9.2416E-04
LBFGS step: min(p)= -6.7681E-05  max(p)=  4.8707E-05
LBFGS p_k (unscaled) stats per active parameter:
  IA=  8  PAR={Q13}  min=-2.52761E+00  max= 1.81900E+00  L2= 3.45138E+01
min(p_k)= -6.7681E-05  max(p_k)=  4.8707E-05  ||p_k||=  9.2416E-04
min(p_kf)= -6.7681E-05  max(p_kf)=  4.8707E-05  ||p_kf||=  3.6967E-03
p_k/p_kf  =   2.5000E-01
Start linesearch
MT entry: phi(0)=  4.5948E-09  dg0= -1.2626E-09  alpha0=  1.0000E+00
 UPDATEPARAMETER: f-scale only
UPDATEPARAMETER PAR_STEP min/max, V_STEP min/max =  1.7661002338E+02  2.3036709937E+02
  1.7661002338E+02  2.3036709937E+02
 WD_amp= 9.13099E+13  RESID_RMS= 2.04720E-04  FCOST_DATA= 2.09550E-08  FCOST0= 2.09550E-08
  
 -------------- calculate Frechet derivatives -----------
 IFREQ =          13    ITERATION =           3
||Frechet||_F=  5.1759E-14max|Frechet|=  1.3545E-18
||Frechet||_F=  5.1759E-14max|Frechet|=  1.3545E-18
||Frechet||_F=  5.1759E-14max|Frechet|=  1.3545E-18
||Frechet||_F=  5.1759E-14max|Frechet|=  1.3545E-18
||Frechet||_F=  5.1759E-14max|Frechet|=  1.3545E-18
||Frechet||_F=  5.1759E-14max|Frechet|=  1.3545E-18
Grad block   8 GRAD_SCALED MORM =   3.8061E-05
MT try: alpha=  1.0000E+00  phi=  2.0955E-08  dg=  2.0787E-08  dg0= -1.2626E-09
MT try: armijo_rhs=  4.5947E-09  armijo=F  curvature=F  task=FG
 UPDATEPARAMETER: f-scale only
UPDATEPARAMETER PAR_STEP min/max, V_STEP min/max =  1.7729987477E+02  2.3032930504E+02
  1.7729987477E+02  2.3032930504E+02
 WD_amp= 9.13099E+13  RESID_RMS= 9.52790E-05  FCOST_DATA= 4.53904E-09  FCOST0= 4.53904E-09
  
 -------------- calculate Frechet derivatives -----------
 IFREQ =          13    ITERATION =           3
||Frechet||_F=  5.1698E-14max|Frechet|=  1.3545E-18
||Frechet||_F=  5.1698E-14max|Frechet|=  1.3545E-18
||Frechet||_F=  5.1698E-14max|Frechet|=  1.3545E-18
||Frechet||_F=  5.1698E-14max|Frechet|=  1.3545E-18
||Frechet||_F=  5.1698E-14max|Frechet|=  1.3545E-18
||Frechet||_F=  5.1698E-14max|Frechet|=  1.3545E-18
Grad block   8 GRAD_SCALED MORM =   3.8694E-06
MT try: alpha=  2.0762E-02  phi=  4.5390E-09  dg= -8.1330E-10  dg0= -1.2626E-09
MT try: armijo_rhs=  4.5948E-09  armijo=T  curvature=T  task=FG
  
  
Convergence reached, updating parameter grid
ALPHA from line search =  .2076150643234531E-01
 FCOST0 after linesearch  4.539044389669016E-009
Norm of s (s_norm) =  .1918701194799853E-04
  
  
  
  
Convergence check at iteration    3
  Relative cost decrease  =  1.2142E-02
  Relative model update   =  0.0000E+00
  Relative grad. norm     =  5.5807E-01
Time for LBFGS =  -3549.442447916667 min
  
 Frequency:          13 Iteration:           4
t_global   =    577.250 s
  
 -------------- calculate Frechet derivatives -----------
 IFREQ =          13    ITERATION =           4
||Frechet||_F=  5.1698E-14max|Frechet|=  1.3545E-18
||Frechet||_F=  5.1698E-14max|Frechet|=  1.3545E-18
||Frechet||_F=  5.1698E-14max|Frechet|=  1.3545E-18
||Frechet||_F=  5.1698E-14max|Frechet|=  1.3545E-18
||Frechet||_F=  5.1698E-14max|Frechet|=  1.3545E-18
||Frechet||_F=  5.1698E-14max|Frechet|=  1.3545E-18
 
TIME for Frechet calc =  5.333094787597656 min
 
 
  compute the residual and the cost function
 WD_amp= 9.13099E+13  RESID_RMS= 9.52790E-05  FCOST_DATA= 4.53904E-09  FCOST0= 4.53904E-09
Grad block   8 GRAD_SCALED MORM =   3.8694E-06
Gradient finished
Start LBFGS 
curvature (warm): s·y=  9.3288E-12  ||s||^2=  3.6814E-10  ||y||^2=  4.4727E-13  sTy_min=  1.2832E-12
LBFGS history: used= 0  skipped= 3  worst_col= 3  bad_s·y=  9.3288E-12  bad_cos_sy=  7.2700E-01
LBFGS step: g·p = -5.5708E-10  ||p||=  6.8778E-04
LBFGS step: min(p)= -4.5943E-05  max(p)=  4.7809E-05
LBFGS p_k (unscaled) stats per active parameter:
  IA=  8  PAR={Q13}  min=-1.71579E+00  max= 1.78547E+00  L2= 2.56858E+01
min(p_k)= -4.5943E-05  max(p_k)=  4.7809E-05  ||p_k||=  6.8778E-04
min(p_kf)= -4.5943E-05  max(p_kf)=  4.7809E-05  ||p_kf||=  2.7511E-03
p_k/p_kf  =   2.5000E-01
Start linesearch
MT entry: phi(0)=  4.5390E-09  dg0= -5.5708E-10  alpha0=  1.0000E+00
 UPDATEPARAMETER: f-scale only
UPDATEPARAMETER PAR_STEP min/max, V_STEP min/max =  1.7712665701E+02  2.3037534449E+02
  1.7712665701E+02  2.3037534449E+02
 WD_amp= 9.13099E+13  RESID_RMS= 1.37157E-04  FCOST_DATA= 9.40603E-09  FCOST0= 9.40603E-09
  
 -------------- calculate Frechet derivatives -----------
 IFREQ =          13    ITERATION =           4
||Frechet||_F=  5.1722E-14max|Frechet|=  1.3545E-18
||Frechet||_F=  5.1722E-14max|Frechet|=  1.3545E-18
||Frechet||_F=  5.1722E-14max|Frechet|=  1.3545E-18
||Frechet||_F=  5.1722E-14max|Frechet|=  1.3545E-18
||Frechet||_F=  5.1722E-14max|Frechet|=  1.3545E-18
||Frechet||_F=  5.1722E-14max|Frechet|=  1.3545E-18
Grad block   8 GRAD_SCALED MORM =   2.1527E-05
MT try: alpha=  1.0000E+00  phi=  9.4060E-09  dg=  6.6599E-09  dg0= -5.5708E-10
MT try: armijo_rhs=  4.5390E-09  armijo=F  curvature=F  task=FG
 UPDATEPARAMETER: f-scale only
UPDATEPARAMETER PAR_STEP min/max, V_STEP min/max =  1.7732475739E+02  2.3032820407E+02
  1.7732475739E+02  2.3032820407E+02
 WD_amp= 9.13099E+13  RESID_RMS= 9.47981E-05  FCOST_DATA= 4.49334E-09  FCOST0= 4.49334E-09
  
 -------------- calculate Frechet derivatives -----------
 IFREQ =          13    ITERATION =           4
||Frechet||_F=  5.1699E-14max|Frechet|=  1.3545E-18
||Frechet||_F=  5.1699E-14max|Frechet|=  1.3545E-18
||Frechet||_F=  5.1699E-14max|Frechet|=  1.3545E-18
||Frechet||_F=  5.1699E-14max|Frechet|=  1.3545E-18
||Frechet||_F=  5.1699E-14max|Frechet|=  1.3545E-18
||Frechet||_F=  5.1699E-14max|Frechet|=  1.3545E-18
Grad block   8 GRAD_SCALED MORM =   3.6925E-06
MT try: alpha=  3.1351E-02  phi=  4.4933E-09  dg= -3.3316E-10  dg0= -5.5708E-10
MT try: armijo_rhs=  4.5390E-09  armijo=T  curvature=T  task=FG
  
  
Convergence reached, updating parameter grid
ALPHA from line search =  .3135149999884641E-01
 FCOST0 after linesearch  4.493337181347270E-009
Norm of s (s_norm) =  .2156292562643893E-04
  
  
  
  
Convergence check at iteration    4
  Relative cost decrease  =  1.0070E-02
  Relative model update   =  0.0000E+00
  Relative grad. norm     =  3.4218E-01
Time for LBFGS =  29.59366048177083 min
  
 Frequency:          13 Iteration:           5
t_global   =    576.525 s
  
 -------------- calculate Frechet derivatives -----------
 IFREQ =          13    ITERATION =           5
||Frechet||_F=  5.1699E-14max|Frechet|=  1.3545E-18
||Frechet||_F=  5.1699E-14max|Frechet|=  1.3545E-18
||Frechet||_F=  5.1699E-14max|Frechet|=  1.3545E-18
||Frechet||_F=  5.1699E-14max|Frechet|=  1.3545E-18
||Frechet||_F=  5.1699E-14max|Frechet|=  1.3545E-18
 
TIME for Frechet calc =  5.281038411458334 min
 
 
  compute the residual and the cost function
 WD_amp= 9.13099E+13  RESID_RMS= 9.47981E-05  FCOST_DATA= 4.49334E-09  FCOST0= 4.49334E-09
||Frechet||_F=  5.1699E-14max|Frechet|=  1.3545E-18
Grad block   8 GRAD_SCALED MORM =   3.6925E-06
Gradient finished
Start LBFGS 
curvature (warm): s·y=  7.0204E-12  ||s||^2=  4.6496E-10  ||y||^2=  3.2345E-13  sTy_min=  1.2263E-12
LBFGS history: used= 0  skipped= 4  worst_col= 2  bad_s·y=  7.0204E-12  bad_cos_sy=  5.7247E-01
LBFGS step: g·p = -2.4937E-10  ||p||=  5.4714E-04
LBFGS step: min(p)= -4.3857E-05  max(p)=  4.7674E-05
LBFGS p_k (unscaled) stats per active parameter:
  IA=  8  PAR={Q13}  min=-1.63790E+00  max= 1.78044E+00  L2= 2.04335E+01
min(p_k)= -4.3857E-05  max(p_k)=  4.7674E-05  ||p_k||=  5.4714E-04
min(p_kf)= -4.3857E-05  max(p_kf)=  4.7674E-05  ||p_kf||=  2.1886E-03
p_k/p_kf  =   2.5000E-01
Start linesearch
MT entry: phi(0)=  4.4933E-09  dg0= -2.4937E-10  alpha0=  1.0000E+00
 UPDATEPARAMETER: f-scale only
UPDATEPARAMETER PAR_STEP min/max, V_STEP min/max =  1.7723608319E+02  2.3039137762E+02
  1.7723608319E+02  2.3039137762E+02
 WD_amp= 9.13099E+13  RESID_RMS= 9.79755E-05  FCOST_DATA= 4.79960E-09  FCOST0= 4.79960E-09
  
 -------------- calculate Frechet derivatives -----------
 IFREQ =          13    ITERATION =           5
||Frechet||_F=  5.1696E-14max|Frechet|=  1.3545E-18
||Frechet||_F=  5.1696E-14max|Frechet|=  1.3545E-18
||Frechet||_F=  5.1696E-14max|Frechet|=  1.3545E-18
||Frechet||_F=  5.1696E-14max|Frechet|=  1.3545E-18
||Frechet||_F=  5.1696E-14max|Frechet|=  1.3545E-18
||Frechet||_F=  5.1696E-14max|Frechet|=  1.3545E-18
Grad block   8 GRAD_SCALED MORM =   8.2833E-06
MT try: alpha=  1.0000E+00  phi=  4.7996E-09  dg=  8.8898E-10  dg0= -2.4937E-10
MT try: armijo_rhs=  4.4933E-09  armijo=F  curvature=F  task=FG
 UPDATEPARAMETER: f-scale only
UPDATEPARAMETER PAR_STEP min/max, V_STEP min/max =  1.7743549040E+02  2.3032030778E+02
  1.7743549040E+02  2.3032030778E+02
 WD_amp= 9.13099E+13  RESID_RMS= 9.32584E-05  FCOST_DATA= 4.34857E-09  FCOST0= 4.34857E-09
  
 -------------- calculate Frechet derivatives -----------
 IFREQ =          13    ITERATION =           5
||Frechet||_F=  5.1698E-14max|Frechet|=  1.3545E-18
||Frechet||_F=  5.1698E-14max|Frechet|=  1.3545E-18
||Frechet||_F=  5.1698E-14max|Frechet|=  1.3545E-18
||Frechet||_F=  5.1698E-14max|Frechet|=  1.3545E-18
||Frechet||_F=  5.1698E-14max|Frechet|=  1.3545E-18
||Frechet||_F=  5.1698E-14max|Frechet|=  1.3545E-18
Grad block   8 GRAD_SCALED MORM =   3.7481E-06
MT try: alpha=  2.2809E-01  phi=  4.3486E-09  dg=  9.4522E-12  dg0= -2.4937E-10
MT try: armijo_rhs=  4.4933E-09  armijo=T  curvature=T  task=FG
  
  
  
  
  
Convergence reached, updating parameter grid
ALPHA from line search =  .2280903198426897
 FCOST0 after linesearch  4.348568041284012E-009
Norm of s (s_norm) =  .1247972828881933E-03
  
Convergence check at iteration    5
  Relative cost decrease  =  3.2219E-02
  Relative model update   =  0.0000E+00
  Relative grad. norm     =  6.3796E-01
Time for LBFGS =  29.84289957682292 min
  
 Frequency:          13 Iteration:           6
t_global   =    579.729 s
  
 -------------- calculate Frechet derivatives -----------
 IFREQ =          13    ITERATION =           6
||Frechet||_F=  5.1698E-14max|Frechet|=  1.3545E-18
||Frechet||_F=  5.1698E-14max|Frechet|=  1.3545E-18
||Frechet||_F=  5.1698E-14max|Frechet|=  1.3545E-18
||Frechet||_F=  5.1698E-14max|Frechet|=  1.3545E-18
||Frechet||_F=  5.1698E-14max|Frechet|=  1.3545E-18
||Frechet||_F=  5.1698E-14max|Frechet|=  1.3545E-18
 
TIME for Frechet calc =  5.234421793619791 min
 
 
  compute the residual and the cost function
 WD_amp= 9.13099E+13  RESID_RMS= 9.32584E-05  FCOST_DATA= 4.34857E-09  FCOST0= 4.34857E-09
Grad block   8 GRAD_SCALED MORM =   3.7481E-06
Gradient finished
Start LBFGS 
curvature (warm): s·y=  5.9035E-11  ||s||^2=  1.5574E-08  ||y||^2=  2.1308E-12  sTy_min=  1.8217E-11
LBFGS history: used= 0  skipped= 5  worst_col= 2  bad_s·y=  7.0204E-12  bad_cos_sy=  5.7247E-01
LBFGS step: g·p = -6.8490E-10  ||p||=  7.1080E-04
LBFGS step: min(p)= -3.7053E-05  max(p)=  5.6719E-05
LBFGS p_k (unscaled) stats per active parameter:
  IA=  8  PAR={Q13}  min=-1.38378E+00  max= 2.11823E+00  L2= 2.65455E+01
min(p_k)= -3.7053E-05  max(p_k)=  5.6719E-05  ||p_k||=  7.1080E-04
min(p_kf)= -3.7053E-05  max(p_kf)=  5.6719E-05  ||p_kf||=  2.8432E-03
p_k/p_kf  =   2.5000E-01
Start linesearch
MT entry: phi(0)=  4.3486E-09  dg0= -6.8490E-10  alpha0=  1.0000E+00
 UPDATEPARAMETER: f-scale only
UPDATEPARAMETER PAR_STEP min/max, V_STEP min/max =  1.7673725633E+02  2.3053599548E+02
  1.7673725633E+02  2.3053599548E+02
 WD_amp= 9.13099E+13  RESID_RMS= 1.63003E-04  FCOST_DATA= 1.32849E-08  FCOST0= 1.32849E-08
  
 -------------- calculate Frechet derivatives -----------
 IFREQ =          13    ITERATION =           6
||Frechet||_F=  5.1665E-14max|Frechet|=  1.3545E-18
||Frechet||_F=  5.1665E-14max|Frechet|=  1.3545E-18
||Frechet||_F=  5.1665E-14max|Frechet|=  1.3545E-18
||Frechet||_F=  5.1665E-14max|Frechet|=  1.3545E-18
||Frechet||_F=  5.1665E-14max|Frechet|=  1.3545E-18
||Frechet||_F=  5.1665E-14max|Frechet|=  1.3545E-18
Grad block   8 GRAD_SCALED MORM =   2.6586E-05
MT try: alpha=  1.0000E+00  phi=  1.3285E-08  dg=  1.0433E-08  dg0= -6.8490E-10
MT try: armijo_rhs=  4.3485E-09  armijo=F  curvature=F  task=FG
 UPDATEPARAMETER: f-scale only
UPDATEPARAMETER PAR_STEP min/max, V_STEP min/max =  1.7742183257E+02  2.3031969785E+02
  1.7742183257E+02  2.3031969785E+02
 WD_amp= 9.13099E+13  RESID_RMS= 9.31455E-05  FCOST_DATA= 4.33805E-09  FCOST0= 4.33805E-09
  
 -------------- calculate Frechet derivatives -----------
 IFREQ =          13    ITERATION =           6
||Frechet||_F=  5.1698E-14max|Frechet|=  1.3545E-18
||Frechet||_F=  5.1698E-14max|Frechet|=  1.3545E-18
||Frechet||_F=  5.1698E-14max|Frechet|=  1.3545E-18
||Frechet||_F=  5.1698E-14max|Frechet|=  1.3545E-18
||Frechet||_F=  5.1698E-14max|Frechet|=  1.3545E-18
||Frechet||_F=  5.1698E-14max|Frechet|=  1.3545E-18
Grad block   8 GRAD_SCALED MORM =   3.5884E-06
MT try: alpha=  1.9561E-02  phi=  4.3380E-09  dg= -4.6519E-10  dg0= -6.8490E-10
MT try: armijo_rhs=  4.3486E-09  armijo=T  curvature=T  task=FG
  
  
  
  
Convergence reached, updating parameter grid
ALPHA from line search =  .1956052401568607E-01
 FCOST0 after linesearch  4.338045616828187E-009
Norm of s (s_norm) =  .1390362114077863E-04
  
  
Convergence check at iteration    6
  Relative cost decrease  =  2.4197E-03
  Relative model update   =  0.0000E+00
  Relative grad. norm     =  4.2122E-01
Time for LBFGS =  29.36717325846354 min
  
 Frequency:          13 Iteration:           7
t_global   =    576.503 s
  
 -------------- calculate Frechet derivatives -----------
 IFREQ =          13    ITERATION =           7
||Frechet||_F=  5.1698E-14max|Frechet|=  1.3545E-18
||Frechet||_F=  5.1698E-14max|Frechet|=  1.3545E-18
||Frechet||_F=  5.1698E-14max|Frechet|=  1.3545E-18
 
TIME for Frechet calc =  5.253510030110677 min
 
 
  compute the residual and the cost function
 WD_amp= 9.13099E+13  RESID_RMS= 9.31455E-05  FCOST_DATA= 4.33805E-09  FCOST0= 4.33805E-09
||Frechet||_F=  5.1698E-14max|Frechet|=  1.3545E-18
||Frechet||_F=  5.1698E-14max|Frechet|=  1.3545E-18
||Frechet||_F=  5.1698E-14max|Frechet|=  1.3545E-18
Grad block   8 GRAD_SCALED MORM =   3.5884E-06
Gradient finished
Start LBFGS 
curvature (full): s·y=  4.2975E-12  ||s||^2=  1.9331E-10  ||y||^2=  2.0455E-13  sTy_min=  6.2883E-13
LBFGS history: used= 0  skipped= 5  worst_col= 1  bad_s·y=  4.2975E-12  bad_cos_sy=  6.8342E-01
 
LBFGS step(full): g·p = -3.3344E-10  ||p||=  5.6168E-04
LBFGS step(full): min(p)= -3.7677E-05  max(p)=  5.0979E-05
LBFGS p_k (unscaled) stats per active parameter:
  IA=  8  PAR={Q13}  min=-1.40710E+00  max= 1.90386E+00  L2= 2.09765E+01
min(p_k)= -3.7677E-05  max(p_k)=  5.0979E-05  ||p_k||=  5.6168E-04
min(p_kf)= -3.7677E-05  max(p_kf)=  5.0979E-05  ||p_kf||=  2.2467E-03
p_k/p_kf  =   2.5000E-01
Start linesearch
MT entry: phi(0)=  4.3380E-09  dg0= -3.3344E-10  alpha0=  1.0000E+00
 UPDATEPARAMETER: f-scale only
UPDATEPARAMETER PAR_STEP min/max, V_STEP min/max =  1.7694178792E+02  2.3055752733E+02
  1.7694178792E+02  2.3055752733E+02
 WD_amp= 9.13099E+13  RESID_RMS= 1.23735E-04  FCOST_DATA= 7.65521E-09  FCOST0= 7.65521E-09
  
 -------------- calculate Frechet derivatives -----------
 IFREQ =          13    ITERATION =           7
||Frechet||_F=  5.1685E-14max|Frechet|=  1.3545E-18
||Frechet||_F=  5.1685E-14max|Frechet|=  1.3545E-18
||Frechet||_F=  5.1685E-14max|Frechet|=  1.3545E-18
||Frechet||_F=  5.1685E-14max|Frechet|=  1.3545E-18
||Frechet||_F=  5.1685E-14max|Frechet|=  1.3545E-18
||Frechet||_F=  5.1685E-14max|Frechet|=  1.3545E-18
Grad block   8 GRAD_SCALED MORM =   1.6035E-05
MT try: alpha=  1.0000E+00  phi=  7.6552E-09  dg=  3.7174E-09  dg0= -3.3344E-10
MT try: armijo_rhs=  4.3380E-09  armijo=F  curvature=F  task=FG
 UPDATEPARAMETER: f-scale only
UPDATEPARAMETER PAR_STEP min/max, V_STEP min/max =  1.7741003027E+02  2.3031893717E+02
  1.7741003027E+02  2.3031893717E+02
 WD_amp= 9.13099E+13  RESID_RMS= 9.30991E-05  FCOST_DATA= 4.33372E-09  FCOST0= 4.33372E-09
  
 -------------- calculate Frechet derivatives -----------
 IFREQ =          13    ITERATION =           7
||Frechet||_F=  5.1697E-14max|Frechet|=  1.3545E-18
||Frechet||_F=  5.1697E-14max|Frechet|=  1.3545E-18
||Frechet||_F=  5.1697E-14max|Frechet|=  1.3545E-18
||Frechet||_F=  5.1697E-14max|Frechet|=  1.3545E-18
||Frechet||_F=  5.1697E-14max|Frechet|=  1.3545E-18
||Frechet||_F=  5.1697E-14max|Frechet|=  1.3545E-18
Grad block   8 GRAD_SCALED MORM =   3.5162E-06
MT try: alpha=  2.4586E-02  phi=  4.3337E-09  dg= -2.3331E-10  dg0= -3.3344E-10
MT try: armijo_rhs=  4.3380E-09  armijo=T  curvature=T  task=FG
  
  
Convergence reached, updating parameter grid
ALPHA from line search =  .2458584634084092E-01
 FCOST0 after linesearch  4.333721391183962E-009
Norm of s (s_norm) =  .1380937255263933E-04
  
  
  
  
Convergence check at iteration    7
  Relative cost decrease  =  9.9681E-04
  Relative model update   =  0.0000E+00
  Relative grad. norm     =  2.8317E-01
 *** Convergence conditions satisfied:
     - Cost change below tolerance.
  
 --------- Frequency   9.00000000000000       (band            1 )
[ComputeAcqWeight] empty acq_weight_file, using uniform weights = 1.0
Data weighting computed for frequency 4607182418800017373
Data weighting computed for frequency 4607182418800017373
XSRmin, XSRmax, ZSRmin, ZSRMax -1960.000000000000 .000000000000000 2050.000000000000 4030.000000000000
1 FKYC
1.2 FKYC
Data weighting computed for frequency 4607182418800017373
my_rank, FKYC,WLMAX, RMAX 0 .7375913186689079E-01 569.1976438714189 2786.036611389018
1.1 NK
NK in cky2= 99

  Number of wavenumber samples (NK) for FREQ =   99
Data weighting computed for frequency 4607182418800017373
Data weighting computed for frequency 4607182418800017373
  RMAX = 2786.04
Data weighting computed for frequency 4607182418800017373
--- Pre-solver preview (memory + RHS workload) ---
   GQG dims: NNX=       585  NNZ=       317  NPT=    185445
   DOF:     N=3*NPT =    556335
   Sources: NSR=       100  NSS=        20  NK=        99
   RHS total (per IK): nrhs_tot=3*NSS =        60
   Batch:    MAX_RHS_BATCH=        32  nbatches=         2
   GFMY  (GFX+GFY+GFZ):         24.621 GB
   RHS_MY(rhs+sol buffers):      0.531 GB
 
 running run_ik_loop_pardiso
before CA | VmRSS=  26.327 GB  VmHWM= 136.040 GB
after CA | VmRSS=  27.470 GB  VmHWM= 136.040 GB
after factor | VmRSS=  31.235 GB  VmHWM= 136.040 GB
f=     9.000 Hz | ky=  0.745042E-03 | IK=       1/      99 | t=   17.275700 s | CA=  2.5551 | fact= 12.8110 | GF=  1.9094 | solve=  1.7542 | scatter=  0.0528
f=     9.000 Hz | ky=  0.149008E-02 | IK=       2/      99 | t=    6.933500 s | CA=  2.5889 | fact=  2.5407 | GF=  1.8039 | solve=  1.6809 | scatter=  0.0502
f=     9.000 Hz | ky=  0.223513E-02 | IK=       3/      99 | t=    6.955800 s | CA=  2.6175 | fact=  2.5380 | GF=  1.8002 | solve=  1.6768 | scatter=  0.0506
f=     9.000 Hz | ky=  0.298017E-02 | IK=       4/      99 | t=    6.859400 s | CA=  2.5412 | fact=  2.5215 | GF=  1.7966 | solve=  1.6730 | scatter=  0.0508
f=     9.000 Hz | ky=  0.372521E-02 | IK=       5/      99 | t=    6.959600 s | CA=  2.6118 | fact=  2.5473 | GF=  1.8005 | solve=  1.6769 | scatter=  0.0506
f=     9.000 Hz | ky=  0.447025E-02 | IK=       6/      99 | t=    6.891900 s | CA=  2.5377 | fact=  2.5514 | GF=  1.8028 | solve=  1.6802 | scatter=  0.0496
f=     9.000 Hz | ky=  0.521529E-02 | IK=       7/      99 | t=    6.969500 s | CA=  2.6149 | fact=  2.5419 | GF=  1.8126 | solve=  1.6872 | scatter=  0.0525
f=     9.000 Hz | ky=  0.596033E-02 | IK=       8/      99 | t=    6.894200 s | CA=  2.5415 | fact=  2.5485 | GF=  1.8041 | solve=  1.6799 | scatter=  0.0513
f=     9.000 Hz | ky=  0.670538E-02 | IK=       9/      99 | t=    6.940400 s | CA=  2.5941 | fact=  2.5417 | GF=  1.8046 | solve=  1.6814 | scatter=  0.0505
f=     9.000 Hz | ky=  0.745042E-02 | IK=      10/      99 | t=    6.912800 s | CA=  2.5556 | fact=  2.5532 | GF=  1.8040 | solve=  1.6780 | scatter=  0.0531
f=     9.000 Hz | ky=  0.819546E-02 | IK=      11/      99 | t=    6.832400 s | CA=  2.5194 | fact=  2.5122 | GF=  1.8007 | solve=  1.6758 | scatter=  0.0521
f=     9.000 Hz | ky=  0.894050E-02 | IK=      12/      99 | t=    6.896900 s | CA=  2.5353 | fact=  2.5626 | GF=  1.7990 | solve=  1.6750 | scatter=  0.0508
f=     9.000 Hz | ky=  0.968554E-02 | IK=      13/      99 | t=    6.936300 s | CA=  2.6023 | fact=  2.5375 | GF=  1.7965 | solve=  1.6706 | scatter=  0.0530
f=     9.000 Hz | ky=  0.104306E-01 | IK=      14/      99 | t=    6.886700 s | CA=  2.5464 | fact=  2.5424 | GF=  1.7979 | solve=  1.6746 | scatter=  0.0502
f=     9.000 Hz | ky=  0.111756E-01 | IK=      15/      99 | t=    6.839100 s | CA=  2.5603 | fact=  2.4795 | GF=  1.7993 | solve=  1.6734 | scatter=  0.0529
f=     9.000 Hz | ky=  0.119207E-01 | IK=      16/      99 | t=    6.914900 s | CA=  2.5723 | fact=  2.5452 | GF=  1.7973 | solve=  1.6744 | scatter=  0.0499
f=     9.000 Hz | ky=  0.126657E-01 | IK=      17/      99 | t=    6.905000 s | CA=  2.5562 | fact=  2.5470 | GF=  1.8018 | solve=  1.6775 | scatter=  0.0513
PARDISO mem (f=  9.00 Hz): sym=  1.95 GB  perm=  1.42 GB  num=  3.22 GB  
peak=  4.64 GB
t_global   =    194.267 s
TIME for 1st forward modeling =  3.237625122070312  min
TIME for GT0 =  .1085666716098785E-01  min
Data scaler W for L2 norm: 93096939718954.67
Data scaler W for WQS norm: .1007948000807317E-312
Total number of active inversion parameters for current sequential stage (IM):          1
Total model blocks points (NM = IM * NBLOCK):      11534 on grid (NMM = IM * NPT):    185445
 Gradient balance ():   1.00000000000000        1.00000000000000     
   1.00000000000000        1.00000000000000        1.00000000000000     
   1.00000000000000        1.00000000000000        1.00000000000000     
   1.00000000000000        1.00000000000000        1.00000000000000     
 IE0, IZ          30           0
 IE0, IZ, GZ1, GZ2 =           30           0   100.000000000000     
   300.000000000000     
  
 Frequency:          14 Iteration:           1
--- Pre-solver preview (memory + RHS workload) ---
   GQG dims: NNX=       585  NNZ=       317  NPT=    185445
   DOF:     N=3*NPT =    556335
   Sources: NSR=       100  NSS=       100  NK=        99
   RHS total (per IK): nrhs_tot=3*NSS =       300
   Batch:    MAX_RHS_BATCH=        32  nbatches=        10
   GFMY  (GFX+GFY+GFZ):        123.107 GB
   RHS_MY(rhs+sol buffers):      0.531 GB
 
 running run_ik_loop_pardiso
before CA | VmRSS= 125.636 GB  VmHWM= 136.040 GB
after CA | VmRSS= 126.872 GB  VmHWM= 136.040 GB
after factor | VmRSS= 130.636 GB  VmHWM= 136.040 GB
f=     9.000 Hz | ky=  0.745042E-03 | IK=       1/      99 | t=   24.161800 s | CA=  2.4854 | fact= 12.7895 | GF=  8.8867 | solve=  8.2295 | scatter=  0.2506
f=     9.000 Hz | ky=  0.149008E-02 | IK=       2/      99 | t=   13.927700 s | CA=  2.5995 | fact=  2.5260 | GF=  8.8022 | solve=  8.1736 | scatter=  0.2514
f=     9.000 Hz | ky=  0.223513E-02 | IK=       3/      99 | t=   13.930600 s | CA=  2.5801 | fact=  2.5318 | GF=  8.8186 | solve=  8.1885 | scatter=  0.2521
f=     9.000 Hz | ky=  0.298017E-02 | IK=       4/      99 | t=   13.898700 s | CA=  2.5677 | fact=  2.5316 | GF=  8.7994 | solve=  8.1667 | scatter=  0.2544
f=     9.000 Hz | ky=  0.372521E-02 | IK=       5/      99 | t=   13.967000 s | CA=  2.6194 | fact=  2.5440 | GF=  8.8035 | solve=  8.1727 | scatter=  0.2522
f=     9.000 Hz | ky=  0.447025E-02 | IK=       6/      99 | t=   13.924300 s | CA=  2.5900 | fact=  2.5419 | GF=  8.7924 | solve=  8.1626 | scatter=  0.2500
f=     9.000 Hz | ky=  0.521529E-02 | IK=       7/      99 | t=   13.950800 s | CA=  2.5870 | fact=  2.5541 | GF=  8.8097 | solve=  8.1799 | scatter=  0.2502
f=     9.000 Hz | ky=  0.596033E-02 | IK=       8/      99 | t=   13.971300 s | CA=  2.5931 | fact=  2.5588 | GF=  8.8193 | solve=  8.1759 | scatter=  0.2635
f=     9.000 Hz | ky=  0.670538E-02 | IK=       9/      99 | t=   13.962000 s | CA=  2.6067 | fact=  2.5236 | GF=  8.8317 | solve=  8.1933 | scatter=  0.2585
f=     9.000 Hz | ky=  0.745042E-02 | IK=      10/      99 | t=   13.932800 s | CA=  2.5674 | fact=  2.5394 | GF=  8.8260 | solve=  8.1944 | scatter=  0.2512
f=     9.000 Hz | ky=  0.819546E-02 | IK=      11/      99 | t=   13.968400 s | CA=  2.5696 | fact=  2.5615 | GF=  8.8373 | solve=  8.2057 | scatter=  0.2519
f=     9.000 Hz | ky=  0.894050E-02 | IK=      12/      99 | t=   13.933000 s | CA=  2.5552 | fact=  2.5278 | GF=  8.8499 | solve=  8.2160 | scatter=  0.2540
f=     9.000 Hz | ky=  0.968554E-02 | IK=      13/      99 | t=   13.913000 s | CA=  2.5562 | fact=  2.5442 | GF=  8.8126 | solve=  8.1797 | scatter=  0.2532
f=     9.000 Hz | ky=  0.104306E-01 | IK=      14/      99 | t=   13.961800 s | CA=  2.6027 | fact=  2.5455 | GF=  8.8135 | solve=  8.1801 | scatter=  0.2541
f=     9.000 Hz | ky=  0.111756E-01 | IK=      15/      99 | t=   13.964100 s | CA=  2.5949 | fact=  2.5519 | GF=  8.8172 | solve=  8.1840 | scatter=  0.2529
f=     9.000 Hz | ky=  0.119207E-01 | IK=      16/      99 | t=   14.015700 s | CA=  2.6110 | fact=  2.5571 | GF=  8.8476 | solve=  8.2148 | scatter=  0.2527
f=     9.000 Hz | ky=  0.126657E-01 | IK=      17/      99 | t=   13.976000 s | CA=  2.6113 | fact=  2.5575 | GF=  8.8071 | solve=  8.1747 | scatter=  0.2525
PARDISO mem (f=  9.00 Hz): sym=  1.95 GB  perm=  1.42 GB  num=  3.22 GB  
peak=  4.64 GB
t_global   =    582.525 s
TIME for 2d forward modeling_i calc =  9.707938639322917 min
Rank    4 -> ID range:   3201 to   4000 | Tasks:    800
Rank    5 -> ID range:   4001 to   4800 | Tasks:    800
Rank    3 -> ID range:   2401 to   3200 | Tasks:    800
Rank    2 -> ID range:   1601 to   2400 | Tasks:    800
Rank    1 -> ID range:    801 to   1600 | Tasks:    800
  
 -------------- calculate Frechet derivatives -----------
 IFREQ =          14    ITERATION =           1
Frechet memory size Frec_my:      0.825 (Gb)
Rank    0 -> ID range:      1 to    800 | Tasks:    800
FREQ:      9.0 Hz, ITER=       1  Frechet Derivative ID=     100/    4800 Finished   0.385700 s
FREQ:      9.0 Hz, ITER=       1  Frechet Derivative ID=     200/    4800 Finished   0.388600 s
FREQ:      9.0 Hz, ITER=       1  Frechet Derivative ID=     300/    4800 Finished   0.389300 s
FREQ:      9.0 Hz, ITER=       1  Frechet Derivative ID=     400/    4800 Finished   0.361300 s
FREQ:      9.0 Hz, ITER=       1  Frechet Derivative ID=     500/    4800 Finished   0.391800 s
FREQ:      9.0 Hz, ITER=       1  Frechet Derivative ID=     600/    4800 Finished   0.391200 s
FREQ:      9.0 Hz, ITER=       1  Frechet Derivative ID=     700/    4800 Finished   0.385100 s
FREQ:      9.0 Hz, ITER=       1  Frechet Derivative ID=     800/    4800 Finished   0.401700 s
||Frechet||_F=  5.0753E-14max|Frechet|=  1.3408E-18
||Frechet||_F=  5.0753E-14max|Frechet|=  1.3408E-18
||Frechet||_F=  5.0753E-14max|Frechet|=  1.3408E-18
||Frechet||_F=  5.0753E-14max|Frechet|=  1.3408E-18
||Frechet||_F=  5.0753E-14max|Frechet|=  1.3408E-18
||Frechet||_F=  5.0753E-14max|Frechet|=  1.3408E-18
 
TIME for Frechet calc =  5.218926493326823 min
 
m_fine: min=  1.7741E+02  max=  2.3032E+02  mean=  2.1163E+02  ||.||2=  9.1530E+04  size=  185445
m_coarse_prev: min=  1.7771E+02  max=  2.3009E+02  mean=  2.1165E+02  ||.||2=  2.2829E+04  size=   11534
 
  compute the residual and the cost function
 WD_amp= 9.30969E+13  RESID_RMS= 9.41358E-05  FCOST_DATA= 4.43077E-09  FCOST0= 4.43077E-09
IA=  8  H(single F0) min= 0.00000E+00  max= 8.42670E-02
IA=  8  H(F0^2)     min= 0.00000E+00  max= 8.42670E-02
HESSD: ia=   8  min= 0.00000E+00  max= 2.37324E+03
IA=  8  H(single F0) min= 0.00000E+00  max= 8.42670E-02
IA=  8  H(F0^2)     min= 0.00000E+00  max= 8.42670E-02
HESSD: ia=   8  min= 0.00000E+00  max= 2.37324E+03
IA=  8  H(single F0) min= 0.00000E+00  max= 8.42670E-02
IA=  8  H(F0^2)     min= 0.00000E+00  max= 8.42670E-02
HESSD: ia=   8  min= 0.00000E+00  max= 2.37324E+03
IA=  8  H(single F0) min= 0.00000E+00  max= 8.42670E-02
IA=  8  H(F0^2)     min= 0.00000E+00  max= 8.42670E-02
HESSD: ia=   8  min= 0.00000E+00  max= 2.37324E+03
IA=  8  H(single F0) min= 0.00000E+00  max= 8.42670E-02
IA=  8  H(F0^2)     min= 0.00000E+00  max= 8.42670E-02
HESSD: ia=   8  min= 0.00000E+00  max= 2.37324E+03
IA=  8  H(single F0) min= 0.00000E+00  max= 8.42670E-02
IA=  8  H(F0^2)     min= 0.00000E+00  max= 8.42670E-02
HESSD: ia=   8  min= 0.00000E+00  max= 2.37324E+03
Grad block   8 GRAD_SCALED MORM =   4.3212E-06
Raw grad block  8  PAR={Q13}  min= -2.6096E-11  max=  2.6353E-11  L2=  1.2773E-10
Gradient finished
Start LBFGS 
LBFGS steepest step , iter=      1
  g·p = -4.0894E-10  ||p|| =  5.6209E-04
  min(p)= -2.7301E-05  max(p)=  5.3549E-05
LBFGS p_k (unscaled) stats per active parameter:
  IA=  8  PAR={Q13}  min=-1.01957E+00  max= 1.99985E+00  L2= 2.09920E+01
min(p_k)= -2.7301E-05  max(p_k)=  5.3549E-05  ||p_k||=  5.6209E-04
min(p_kf)= -2.7301E-05  max(p_kf)=  5.3549E-05  ||p_kf||=  2.2484E-03
p_k/p_kf  =   2.5000E-01
Start linesearch
BT entry: phi(0)=  4.4308E-09  g·p(0)= -4.0894E-10
 UPDATEPARAMETER: f-scale only
UPDATEPARAMETER PAR_STEP min/max, V_STEP min/max =  1.7732936395E+02  2.3030747402E+02
  1.7732936395E+02  2.3030747402E+02
REL STEP Q      : k=  8 row=  3 rmax_k=  9.6917E-03 row_scale=  2.3032E+02
BT cap probe: rmax1=  9.6917E-03  alpha_cap=  1.0000E+00  alpha00=  1.0000E+00
 UPDATEPARAMETER: f-scale only
UPDATEPARAMETER PAR_STEP min/max, V_STEP min/max =  1.7732936395E+02  2.3030747402E+02
  1.7732936395E+02  2.3030747402E+02
 running run_ik_loop_pardiso
before CA | VmRSS=  27.261 GB  VmHWM= 136.040 GB
after CA | VmRSS=  28.091 GB  VmHWM= 136.040 GB
after factor | VmRSS=  31.850 GB  VmHWM= 136.040 GB
f=     9.000 Hz | ky=  0.745042E-03 | IK=       1/      99 | t=   17.205900 s | CA=  2.5092 | fact= 12.7871 | GF=  1.9094 | solve=  1.7577 | scatter=  0.0496
f=     9.000 Hz | ky=  0.149008E-02 | IK=       2/      99 | t=    6.860200 s | CA=  2.5535 | fact=  2.5071 | GF=  1.7996 | solve=  1.6750 | scatter=  0.0523
f=     9.000 Hz | ky=  0.223513E-02 | IK=       3/      99 | t=    6.957200 s | CA=  2.6320 | fact=  2.5220 | GF=  1.8032 | solve=  1.6777 | scatter=  0.0532
f=     9.000 Hz | ky=  0.298017E-02 | IK=       4/      99 | t=    6.853800 s | CA=  2.5301 | fact=  2.5252 | GF=  1.7984 | solve=  1.6735 | scatter=  0.0525
f=     9.000 Hz | ky=  0.372521E-02 | IK=       5/      99 | t=    6.925200 s | CA=  2.5979 | fact=  2.5249 | GF=  1.8024 | solve=  1.6770 | scatter=  0.0532
f=     9.000 Hz | ky=  0.447025E-02 | IK=       6/      99 | t=    6.922200 s | CA=  2.5957 | fact=  2.5303 | GF=  1.7962 | solve=  1.6715 | scatter=  0.0523
f=     9.000 Hz | ky=  0.521529E-02 | IK=       7/      99 | t=    6.956300 s | CA=  2.6220 | fact=  2.5351 | GF=  1.7992 | solve=  1.6763 | scatter=  0.0506
f=     9.000 Hz | ky=  0.596033E-02 | IK=       8/      99 | t=    6.894200 s | CA=  2.5700 | fact=  2.5223 | GF=  1.8019 | solve=  1.6760 | scatter=  0.0534
f=     9.000 Hz | ky=  0.670538E-02 | IK=       9/      99 | t=    6.904100 s | CA=  2.5745 | fact=  2.5287 | GF=  1.8008 | solve=  1.6777 | scatter=  0.0508
f=     9.000 Hz | ky=  0.745042E-02 | IK=      10/      99 | t=    6.952200 s | CA=  2.6213 | fact=  2.5331 | GF=  1.7978 | solve=  1.6750 | scatter=  0.0503
f=     9.000 Hz | ky=  0.819546E-02 | IK=      11/      99 | t=    6.861500 s | CA=  2.5492 | fact=  2.5090 | GF=  1.8033 | solve=  1.6786 | scatter=  0.0520
f=     9.000 Hz | ky=  0.894050E-02 | IK=      12/      99 | t=    6.885700 s | CA=  2.5805 | fact=  2.5077 | GF=  1.7975 | solve=  1.6755 | scatter=  0.0497
f=     9.000 Hz | ky=  0.968554E-02 | IK=      13/      99 | t=    6.920400 s | CA=  2.5974 | fact=  2.5231 | GF=  1.7999 | solve=  1.6757 | scatter=  0.0518
f=     9.000 Hz | ky=  0.104306E-01 | IK=      14/      99 | t=    6.899200 s | CA=  2.5498 | fact=  2.5459 | GF=  1.8035 | solve=  1.6784 | scatter=  0.0524
f=     9.000 Hz | ky=  0.111756E-01 | IK=      15/      99 | t=    6.943800 s | CA=  2.6222 | fact=  2.5161 | GF=  1.8055 | solve=  1.6793 | scatter=  0.0531
f=     9.000 Hz | ky=  0.119207E-01 | IK=      16/      99 | t=    6.896500 s | CA=  2.5546 | fact=  2.5376 | GF=  1.8042 | solve=  1.6790 | scatter=  0.0523
f=     9.000 Hz | ky=  0.126657E-01 | IK=      17/      99 | t=    6.986100 s | CA=  2.6497 | fact=  2.5335 | GF=  1.8028 | solve=  1.6770 | scatter=  0.0530
PARDISO mem (f=  9.00 Hz): sym=  1.95 GB  perm=  1.42 GB  num=  3.22 GB  
peak=  4.64 GB
 WD_amp= 9.30969E+13  RESID_RMS= 1.12319E-04  FCOST_DATA= 6.30776E-09  FCOST0= 6.30776E-09
BT: alpha=  1.0000E+00  phi=  6.3078E-09  rhs=  4.4307E-09
 UPDATEPARAMETER: f-scale only
UPDATEPARAMETER PAR_STEP min/max, V_STEP min/max =  1.7741893569E+02  2.3031320560E+02
  1.7741893569E+02  2.3031320560E+02
 running run_ik_loop_pardiso
before CA | VmRSS=  27.733 GB  VmHWM= 136.040 GB
after CA | VmRSS=  28.301 GB  VmHWM= 136.040 GB
after factor | VmRSS=  32.069 GB  VmHWM= 136.040 GB
f=     9.000 Hz | ky=  0.745042E-03 | IK=       1/      99 | t=   17.218000 s | CA=  2.5592 | fact= 12.7822 | GF=  1.8764 | solve=  1.7221 | scatter=  0.0525
f=     9.000 Hz | ky=  0.149008E-02 | IK=       2/      99 | t=    6.859700 s | CA=  2.5915 | fact=  2.5310 | GF=  1.7372 | solve=  1.6149 | scatter=  0.0501
f=     9.000 Hz | ky=  0.223513E-02 | IK=       3/      99 | t=    6.839700 s | CA=  2.6271 | fact=  2.5177 | GF=  1.6948 | solve=  1.5722 | scatter=  0.0505
f=     9.000 Hz | ky=  0.298017E-02 | IK=       4/      99 | t=    6.797300 s | CA=  2.5456 | fact=  2.5407 | GF=  1.7109 | solve=  1.5848 | scatter=  0.0538
f=     9.000 Hz | ky=  0.372521E-02 | IK=       5/      99 | t=    6.802600 s | CA=  2.5548 | fact=  2.5453 | GF=  1.7025 | solve=  1.5795 | scatter=  0.0503
f=     9.000 Hz | ky=  0.447025E-02 | IK=       6/      99 | t=    6.822100 s | CA=  2.5857 | fact=  2.5331 | GF=  1.7032 | solve=  1.5791 | scatter=  0.0517
f=     9.000 Hz | ky=  0.521529E-02 | IK=       7/      99 | t=    6.771800 s | CA=  2.5438 | fact=  2.5219 | GF=  1.7061 | solve=  1.5808 | scatter=  0.0528
f=     9.000 Hz | ky=  0.596033E-02 | IK=       8/      99 | t=    6.792300 s | CA=  2.5692 | fact=  2.5181 | GF=  1.7049 | solve=  1.5823 | scatter=  0.0501
f=     9.000 Hz | ky=  0.670538E-02 | IK=       9/      99 | t=    6.787600 s | CA=  2.5610 | fact=  2.5200 | GF=  1.7066 | solve=  1.5799 | scatter=  0.0537
f=     9.000 Hz | ky=  0.745042E-02 | IK=      10/      99 | t=    6.866100 s | CA=  2.6263 | fact=  2.5349 | GF=  1.7048 | solve=  1.5802 | scatter=  0.0521
f=     9.000 Hz | ky=  0.819546E-02 | IK=      11/      99 | t=    6.779700 s | CA=  2.5593 | fact=  2.5068 | GF=  1.7135 | solve=  1.5875 | scatter=  0.0534
f=     9.000 Hz | ky=  0.894050E-02 | IK=      12/      99 | t=    6.810500 s | CA=  2.5518 | fact=  2.5481 | GF=  1.7105 | solve=  1.5866 | scatter=  0.0510
f=     9.000 Hz | ky=  0.968554E-02 | IK=      13/      99 | t=    6.794500 s | CA=  2.5589 | fact=  2.5247 | GF=  1.7109 | solve=  1.5846 | scatter=  0.0535
f=     9.000 Hz | ky=  0.104306E-01 | IK=      14/      99 | t=    6.824600 s | CA=  2.5826 | fact=  2.5305 | GF=  1.7114 | solve=  1.5843 | scatter=  0.0542
f=     9.000 Hz | ky=  0.111756E-01 | IK=      15/      99 | t=    6.811500 s | CA=  2.5623 | fact=  2.5404 | GF=  1.7087 | solve=  1.5846 | scatter=  0.0513
f=     9.000 Hz | ky=  0.119207E-01 | IK=      16/      99 | t=    6.821200 s | CA=  2.5644 | fact=  2.5474 | GF=  1.7094 | solve=  1.5863 | scatter=  0.0502
f=     9.000 Hz | ky=  0.126657E-01 | IK=      17/      99 | t=    6.800100 s | CA=  2.5477 | fact=  2.5367 | GF=  1.7156 | solve=  1.5898 | scatter=  0.0530
PARDISO mem (f=  9.00 Hz): sym=  1.95 GB  perm=  1.42 GB  num=  3.22 GB  
peak=  4.64 GB
 WD_amp= 9.30969E+13  RESID_RMS= 9.64562E-05  FCOST_DATA= 4.65190E-09  FCOST0= 4.65190E-09
BT: alpha=  5.0000E-01  phi=  4.6519E-09  rhs=  4.4307E-09
 UPDATEPARAMETER: f-scale only
UPDATEPARAMETER PAR_STEP min/max, V_STEP min/max =  1.7744883161E+02  2.3031607139E+02
  1.7744883161E+02  2.3031607139E+02
 running run_ik_loop_pardiso
before CA | VmRSS=  27.814 GB  VmHWM= 136.040 GB
after CA | VmRSS=  28.840 GB  VmHWM= 136.040 GB
after factor | VmRSS=  32.604 GB  VmHWM= 136.040 GB
f=     9.000 Hz | ky=  0.745042E-03 | IK=       1/      99 | t=   17.225300 s | CA=  2.5299 | fact= 12.7903 | GF=  1.9049 | solve=  1.7527 | scatter=  0.0497
f=     9.000 Hz | ky=  0.149008E-02 | IK=       2/      99 | t=    6.890000 s | CA=  2.5493 | fact=  2.5351 | GF=  1.8056 | solve=  1.6823 | scatter=  0.0507
f=     9.000 Hz | ky=  0.223513E-02 | IK=       3/      99 | t=    6.959400 s | CA=  2.6064 | fact=  2.5393 | GF=  1.8137 | solve=  1.6879 | scatter=  0.0532
f=     9.000 Hz | ky=  0.298017E-02 | IK=       4/      99 | t=    6.901800 s | CA=  2.5722 | fact=  2.5231 | GF=  1.8065 | solve=  1.6806 | scatter=  0.0533
f=     9.000 Hz | ky=  0.372521E-02 | IK=       5/      99 | t=    6.957300 s | CA=  2.6251 | fact=  2.5259 | GF=  1.8063 | solve=  1.6803 | scatter=  0.0529
f=     9.000 Hz | ky=  0.447025E-02 | IK=       6/      99 | t=    6.840700 s | CA=  2.5534 | fact=  2.4848 | GF=  1.8025 | solve=  1.6794 | scatter=  0.0501
f=     9.000 Hz | ky=  0.521529E-02 | IK=       7/      99 | t=    6.880500 s | CA=  2.5382 | fact=  2.5342 | GF=  1.8080 | solve=  1.6839 | scatter=  0.0513
f=     9.000 Hz | ky=  0.596033E-02 | IK=       8/      99 | t=    6.937400 s | CA=  2.5869 | fact=  2.5472 | GF=  1.8033 | solve=  1.6798 | scatter=  0.0505
f=     9.000 Hz | ky=  0.670538E-02 | IK=       9/      99 | t=    6.936100 s | CA=  2.5891 | fact=  2.5389 | GF=  1.8080 | solve=  1.6809 | scatter=  0.0542
f=     9.000 Hz | ky=  0.745042E-02 | IK=      10/      99 | t=    6.900300 s | CA=  2.5619 | fact=  2.5346 | GF=  1.8037 | solve=  1.6809 | scatter=  0.0500
f=     9.000 Hz | ky=  0.819546E-02 | IK=      11/      99 | t=    6.960300 s | CA=  2.5965 | fact=  2.5591 | GF=  1.8047 | solve=  1.6815 | scatter=  0.0504
f=     9.000 Hz | ky=  0.894050E-02 | IK=      12/      99 | t=    6.928100 s | CA=  2.5653 | fact=  2.5564 | GF=  1.8063 | solve=  1.6792 | scatter=  0.0536
f=     9.000 Hz | ky=  0.968554E-02 | IK=      13/      99 | t=    6.940300 s | CA=  2.5765 | fact=  2.5572 | GF=  1.8066 | solve=  1.6806 | scatter=  0.0532
f=     9.000 Hz | ky=  0.104306E-01 | IK=      14/      99 | t=    6.858900 s | CA=  2.5411 | fact=  2.5073 | GF=  1.8105 | solve=  1.6852 | scatter=  0.0524
f=     9.000 Hz | ky=  0.111756E-01 | IK=      15/      99 | t=    6.912000 s | CA=  2.5628 | fact=  2.5469 | GF=  1.8023 | solve=  1.6764 | scatter=  0.0532
f=     9.000 Hz | ky=  0.119207E-01 | IK=      16/      99 | t=    6.935100 s | CA=  2.5691 | fact=  2.5520 | GF=  1.8140 | solve=  1.6880 | scatter=  0.0532
f=     9.000 Hz | ky=  0.126657E-01 | IK=      17/      99 | t=    6.915600 s | CA=  2.5883 | fact=  2.5195 | GF=  1.8077 | solve=  1.6839 | scatter=  0.0507
PARDISO mem (f=  9.00 Hz): sym=  1.95 GB  perm=  1.42 GB  num=  3.22 GB  
peak=  4.64 GB
 WD_amp= 9.30969E+13  RESID_RMS= 9.33956E-05  FCOST_DATA= 4.36137E-09  FCOST0= 4.36137E-09
  
  
BT: alpha=  2.5000E-01  phi=  4.3614E-09  rhs=  4.4308E-09
  
  
Convergence reached, updating parameter grid
ALPHA from line search =  .2500000000000000
 FCOST0 after linesearch  4.361372508287244E-009
Norm of s (s_norm) =  .1405234550579909E-03
  
  
Time for LBFGS =  9.685409545898438 min
  
 Frequency:          14 Iteration:           2
t_global   =    581.982 s
  
 -------------- calculate Frechet derivatives -----------
 IFREQ =          14    ITERATION =           2
||Frechet||_F=  5.0735E-14max|Frechet|=  1.3408E-18
||Frechet||_F=  5.0735E-14max|Frechet|=  1.3408E-18
||Frechet||_F=  5.0735E-14max|Frechet|=  1.3408E-18
||Frechet||_F=  5.0735E-14max|Frechet|=  1.3408E-18
||Frechet||_F=  5.0735E-14max|Frechet|=  1.3408E-18
 
TIME for Frechet calc =  5.223086547851563 min
 
 
  compute the residual and the cost function
 WD_amp= 9.30969E+13  RESID_RMS= 9.33956E-05  FCOST_DATA= 4.36137E-09  FCOST0= 4.36137E-09
||Frechet||_F=  5.0735E-14max|Frechet|=  1.3408E-18
Grad block   8 GRAD_SCALED MORM =   4.9098E-06
Raw grad block  8  PAR={Q13}  min= -1.9642E-11  max=  2.1754E-11  L2=  1.4252E-10
Gradient finished
Start LBFGS 
curvature (warm): s·y=  1.9470E-10  ||s||^2=  1.9747E-08  ||y||^2=  1.1977E-11  sTy_min=  4.8632E-11
LBFGS history: used= 0  skipped= 1  worst_col= 5  bad_s·y=  1.9470E-10  bad_cos_sy=  4.0036E-01
LBFGS step: g·p = -1.7716E-09  ||p||=  9.0549E-04
LBFGS step: min(p)= -5.6301E-05  max(p)=  4.2226E-05
LBFGS p_k (unscaled) stats per active parameter:
  IA=  8  PAR={Q13}  min=-2.10262E+00  max= 1.57699E+00  L2= 3.38164E+01
min(p_k)= -5.6301E-05  max(p_k)=  4.2226E-05  ||p_k||=  9.0549E-04
min(p_kf)= -5.6301E-05  max(p_kf)=  4.2226E-05  ||p_kf||=  3.6220E-03
p_k/p_kf  =   2.5000E-01
Start linesearch
MT entry: phi(0)=  4.3614E-09  dg0= -1.7716E-09  alpha0=  1.0000E+00
 UPDATEPARAMETER: f-scale only
UPDATEPARAMETER PAR_STEP min/max, V_STEP min/max =  1.7629320078E+02  2.3030769668E+02
  1.7629320078E+02  2.3030769668E+02
 WD_amp= 9.30969E+13  RESID_RMS= 2.36078E-04  FCOST_DATA= 2.78665E-08  FCOST0= 2.78665E-08
  
 -------------- calculate Frechet derivatives -----------
 IFREQ =          14    ITERATION =           2
||Frechet||_F=  5.0908E-14max|Frechet|=  1.3408E-18
||Frechet||_F=  5.0908E-14max|Frechet|=  1.3408E-18
||Frechet||_F=  5.0908E-14max|Frechet|=  1.3408E-18
||Frechet||_F=  5.0908E-14max|Frechet|=  1.3408E-18
||Frechet||_F=  5.0908E-14max|Frechet|=  1.3408E-18
||Frechet||_F=  5.0908E-14max|Frechet|=  1.3408E-18
Grad block   8 GRAD_SCALED MORM =   5.2164E-05
MT try: alpha=  1.0000E+00  phi=  2.7866E-08  dg=  3.0478E-08  dg0= -1.7716E-09
MT try: armijo_rhs=  4.3612E-09  armijo=F  curvature=F  task=FG
 UPDATEPARAMETER: f-scale only
UPDATEPARAMETER PAR_STEP min/max, V_STEP min/max =  1.7745164594E+02  2.3031589893E+02
  1.7745164594E+02  2.3031589893E+02
 WD_amp= 9.30969E+13  RESID_RMS= 9.27104E-05  FCOST_DATA= 4.29761E-09  FCOST0= 4.29761E-09
  
 -------------- calculate Frechet derivatives -----------
 IFREQ =          14    ITERATION =           2
||Frechet||_F=  5.0738E-14max|Frechet|=  1.3408E-18
||Frechet||_F=  5.0738E-14max|Frechet|=  1.3408E-18
||Frechet||_F=  5.0738E-14max|Frechet|=  1.3408E-18
||Frechet||_F=  5.0738E-14max|Frechet|=  1.3408E-18
||Frechet||_F=  5.0738E-14max|Frechet|=  1.3408E-18
||Frechet||_F=  5.0738E-14max|Frechet|=  1.3408E-18
Grad block   8 GRAD_SCALED MORM =   4.2933E-06
MT try: alpha=  2.0593E-02  phi=  4.2976E-09  dg= -1.1209E-09  dg0= -1.7716E-09
MT try: armijo_rhs=  4.3614E-09  armijo=T  curvature=T  task=FG
  
  
  
  
Convergence reached, updating parameter grid
ALPHA from line search =  .2059265988939376E-01
 FCOST0 after linesearch  4.297608835807048E-009
Norm of s (s_norm) =  .1864642809319485E-04
  
  
Time for LBFGS =  29.61016642252604 min
  
 Frequency:          14 Iteration:           3
t_global   =    578.413 s
  
 -------------- calculate Frechet derivatives -----------
 IFREQ =          14    ITERATION =           3
||Frechet||_F=  5.0738E-14max|Frechet|=  1.3408E-18
||Frechet||_F=  5.0738E-14max|Frechet|=  1.3408E-18
||Frechet||_F=  5.0738E-14max|Frechet|=  1.3408E-18
 
TIME for Frechet calc =  5.237878417968750 min
 
 
  compute the residual and the cost function
 WD_amp= 9.30969E+13  RESID_RMS= 9.27104E-05  FCOST_DATA= 4.29761E-09  FCOST0= 4.29761E-09
||Frechet||_F=  5.0738E-14max|Frechet|=  1.3408E-18
||Frechet||_F=  5.0738E-14max|Frechet|=  1.3408E-18
||Frechet||_F=  5.0738E-14max|Frechet|=  1.3408E-18
Grad block   8 GRAD_SCALED MORM =   4.2933E-06
Gradient finished
Start LBFGS 
curvature (warm): s·y=  1.3400E-11  ||s||^2=  3.4769E-10  ||y||^2=  8.2989E-13  sTy_min=  1.6987E-12
LBFGS history: used= 0  skipped= 2  worst_col= 4  bad_s·y=  1.3400E-11  bad_cos_sy=  7.8887E-01
LBFGS step: g·p = -7.3678E-10  ||p||=  6.2663E-04
LBFGS step: min(p)= -3.7522E-05  max(p)=  3.4032E-05
LBFGS p_k (unscaled) stats per active parameter:
  IA=  8  PAR={Q13}  min=-1.40129E+00  max= 1.27095E+00  L2= 2.34021E+01
min(p_k)= -3.7522E-05  max(p_k)=  3.4032E-05  ||p_k||=  6.2663E-04
min(p_kf)= -3.7522E-05  max(p_kf)=  3.4032E-05  ||p_kf||=  2.5065E-03
p_k/p_kf  =   2.5000E-01
Start linesearch
MT entry: phi(0)=  4.2976E-09  dg0= -7.3678E-10  alpha0=  1.0000E+00
 UPDATEPARAMETER: f-scale only
UPDATEPARAMETER PAR_STEP min/max, V_STEP min/max =  1.7689661269E+02  2.3030755100E+02
  1.7689661269E+02  2.3030755100E+02
 WD_amp= 9.30969E+13  RESID_RMS= 1.56333E-04  FCOST_DATA= 1.22200E-08  FCOST0= 1.22200E-08
  
 -------------- calculate Frechet derivatives -----------
 IFREQ =          14    ITERATION =           3
||Frechet||_F=  5.0834E-14max|Frechet|=  1.3408E-18
||Frechet||_F=  5.0834E-14max|Frechet|=  1.3408E-18
||Frechet||_F=  5.0834E-14max|Frechet|=  1.3408E-18
||Frechet||_F=  5.0834E-14max|Frechet|=  1.3408E-18
||Frechet||_F=  5.0834E-14max|Frechet|=  1.3408E-18
||Frechet||_F=  5.0834E-14max|Frechet|=  1.3408E-18
Grad block   8 GRAD_SCALED MORM =   3.1811E-05
MT try: alpha=  1.0000E+00  phi=  1.2220E-08  dg=  1.0595E-08  dg0= -7.3678E-10
MT try: armijo_rhs=  4.2975E-09  armijo=F  curvature=F  task=FG
 UPDATEPARAMETER: f-scale only
UPDATEPARAMETER PAR_STEP min/max, V_STEP min/max =  1.7745298124E+02  2.3031568560E+02
  1.7745298124E+02  2.3031568560E+02
 WD_amp= 9.30969E+13  RESID_RMS= 9.23246E-05  FCOST_DATA= 4.26191E-09  FCOST0= 4.26191E-09
  
 -------------- calculate Frechet derivatives -----------
 IFREQ =          14    ITERATION =           3
||Frechet||_F=  5.0741E-14max|Frechet|=  1.3408E-18
||Frechet||_F=  5.0741E-14max|Frechet|=  1.3408E-18
||Frechet||_F=  5.0741E-14max|Frechet|=  1.3408E-18
||Frechet||_F=  5.0741E-14max|Frechet|=  1.3408E-18
||Frechet||_F=  5.0741E-14max|Frechet|=  1.3408E-18
||Frechet||_F=  5.0741E-14max|Frechet|=  1.3408E-18
Grad block   8 GRAD_SCALED MORM =   3.9542E-06
MT try: alpha=  2.5554E-02  phi=  4.2619E-09  dg= -4.5042E-10  dg0= -7.3678E-10
MT try: armijo_rhs=  4.2976E-09  armijo=T  curvature=T  task=FG
  
  
Convergence reached, updating parameter grid
ALPHA from line search =  .2555432242115047E-01
 FCOST0 after linesearch  4.261914987789026E-009
Norm of s (s_norm) =  .1601306218949155E-04
  
  
  
  
Convergence check at iteration    3
  Relative cost decrease  =  8.3055E-03
  Relative model update   =  0.0000E+00
  Relative grad. norm     =  8.4252E-01
Time for LBFGS =  29.41245320638021 min
  
 Frequency:          14 Iteration:           4
t_global   =    578.245 s
  
 -------------- calculate Frechet derivatives -----------
 IFREQ =          14    ITERATION =           4
||Frechet||_F=  5.0741E-14max|Frechet|=  1.3408E-18
||Frechet||_F=  5.0741E-14max|Frechet|=  1.3408E-18
||Frechet||_F=  5.0741E-14max|Frechet|=  1.3408E-18
||Frechet||_F=  5.0741E-14max|Frechet|=  1.3408E-18
||Frechet||_F=  5.0741E-14max|Frechet|=  1.3408E-18
||Frechet||_F=  5.0741E-14max|Frechet|=  1.3408E-18
 
TIME for Frechet calc =  5.239663187662760 min
 
 
  compute the residual and the cost function
 WD_amp= 9.30969E+13  RESID_RMS= 9.23246E-05  FCOST_DATA= 4.26191E-09  FCOST0= 4.26191E-09
Grad block   8 GRAD_SCALED MORM =   3.9542E-06
Gradient finished
Start LBFGS 
curvature (warm): s·y=  7.3176E-12  ||s||^2=  2.5642E-10  ||y||^2=  4.7161E-13  sTy_min=  1.0997E-12
LBFGS history: used= 0  skipped= 3  worst_col= 3  bad_s·y=  7.3176E-12  bad_cos_sy=  6.6543E-01
LBFGS step: g·p = -3.0327E-10  ||p||=  4.7456E-04
LBFGS step: min(p)= -2.9711E-05  max(p)=  3.6873E-05
LBFGS p_k (unscaled) stats per active parameter:
  IA=  8  PAR={Q13}  min=-1.10960E+00  max= 1.37705E+00  L2= 1.77230E+01
min(p_k)= -2.9711E-05  max(p_k)=  3.6873E-05  ||p_k||=  4.7456E-04
min(p_kf)= -2.9711E-05  max(p_kf)=  3.6873E-05  ||p_kf||=  1.8982E-03
p_k/p_kf  =   2.5000E-01
Start linesearch
MT entry: phi(0)=  4.2619E-09  dg0= -3.0327E-10  alpha0=  1.0000E+00
 UPDATEPARAMETER: f-scale only
UPDATEPARAMETER PAR_STEP min/max, V_STEP min/max =  1.7734935920E+02  2.3030743538E+02
  1.7734935920E+02  2.3030743538E+02
 WD_amp= 9.30969E+13  RESID_RMS= 1.12089E-04  FCOST_DATA= 6.28201E-09  FCOST0= 6.28201E-09
  
 -------------- calculate Frechet derivatives -----------
 IFREQ =          14    ITERATION =           4
||Frechet||_F=  5.0783E-14max|Frechet|=  1.3408E-18
||Frechet||_F=  5.0783E-14max|Frechet|=  1.3408E-18
||Frechet||_F=  5.0783E-14max|Frechet|=  1.3408E-18
||Frechet||_F=  5.0783E-14max|Frechet|=  1.3408E-18
||Frechet||_F=  5.0783E-14max|Frechet|=  1.3408E-18
||Frechet||_F=  5.0783E-14max|Frechet|=  1.3408E-18
Grad block   8 GRAD_SCALED MORM =   1.7538E-05
MT try: alpha=  1.0000E+00  phi=  6.2820E-09  dg=  2.8217E-09  dg0= -3.0327E-10
MT try: armijo_rhs=  4.2619E-09  armijo=F  curvature=F  task=FG
 UPDATEPARAMETER: f-scale only
UPDATEPARAMETER PAR_STEP min/max, V_STEP min/max =  1.7745288249E+02  2.3031535226E+02
  1.7745288249E+02  2.3031535226E+02
 WD_amp= 9.30969E+13  RESID_RMS= 9.20571E-05  FCOST_DATA= 4.23726E-09  FCOST0= 4.23726E-09
  
 -------------- calculate Frechet derivatives -----------
 IFREQ =          14    ITERATION =           4
||Frechet||_F=  5.0742E-14max|Frechet|=  1.3408E-18
||Frechet||_F=  5.0742E-14max|Frechet|=  1.3408E-18
||Frechet||_F=  5.0742E-14max|Frechet|=  1.3408E-18
||Frechet||_F=  5.0742E-14max|Frechet|=  1.3408E-18
||Frechet||_F=  5.0742E-14max|Frechet|=  1.3408E-18
||Frechet||_F=  5.0742E-14max|Frechet|=  1.3408E-18
Grad block   8 GRAD_SCALED MORM =   3.7722E-06
MT try: alpha=  4.0405E-02  phi=  4.2373E-09  dg= -1.7771E-10  dg0= -3.0327E-10
MT try: armijo_rhs=  4.2619E-09  armijo=T  curvature=T  task=FG
  
  
  
Convergence reached, updating parameter grid
ALPHA from line search =  .4040462943304832E-01
 FCOST0 after linesearch  4.237255841590698E-009
Norm of s (s_norm) =  .1917450582415833E-04
  
  
  
Convergence check at iteration    4
  Relative cost decrease  =  5.7859E-03
  Relative model update   =  0.0000E+00
  Relative grad. norm     =  4.6682E-01
Time for LBFGS =  29.77620035807292 min
  
 Frequency:          14 Iteration:           5
t_global   =    576.819 s
  
 -------------- calculate Frechet derivatives -----------
 IFREQ =          14    ITERATION =           5
||Frechet||_F=  5.0742E-14max|Frechet|=  1.3408E-18
||Frechet||_F=  5.0742E-14max|Frechet|=  1.3408E-18
||Frechet||_F=  5.0742E-14max|Frechet|=  1.3408E-18
||Frechet||_F=  5.0742E-14max|Frechet|=  1.3408E-18
 
TIME for Frechet calc =  5.352683512369792 min
 
 
  compute the residual and the cost function
 WD_amp= 9.30969E+13  RESID_RMS= 9.20571E-05  FCOST_DATA= 4.23726E-09  FCOST0= 4.23726E-09
||Frechet||_F=  5.0742E-14max|Frechet|=  1.3408E-18
||Frechet||_F=  5.0742E-14max|Frechet|=  1.3408E-18
Grad block   8 GRAD_SCALED MORM =   3.7722E-06
Gradient finished
Start LBFGS 
curvature (warm): s·y=  5.0731E-12  ||s||^2=  3.6766E-10  ||y||^2=  3.3994E-13  sTy_min=  1.1180E-12
LBFGS history: used= 0  skipped= 4  worst_col= 2  bad_s·y=  5.0731E-12  bad_cos_sy=  4.5378E-01
LBFGS step: g·p = -1.3930E-10  ||p||=  4.0883E-04
LBFGS step: min(p)= -2.7887E-05  max(p)=  3.9380E-05
LBFGS p_k (unscaled) stats per active parameter:
  IA=  8  PAR={Q13}  min=-1.04147E+00  max= 1.47068E+00  L2= 1.52682E+01
min(p_k)= -2.7887E-05  max(p_k)=  3.9380E-05  ||p_k||=  4.0883E-04
min(p_kf)= -2.7887E-05  max(p_kf)=  3.9380E-05  ||p_kf||=  1.6353E-03
p_k/p_kf  =   2.5000E-01
Start linesearch
MT entry: phi(0)=  4.2373E-09  dg0= -1.3930E-10  alpha0=  1.0000E+00
 UPDATEPARAMETER: f-scale only
UPDATEPARAMETER PAR_STEP min/max, V_STEP min/max =  1.7740879036E+02  2.3030732047E+02
  1.7740879036E+02  2.3030732047E+02
 WD_amp= 9.30969E+13  RESID_RMS= 9.45251E-05  FCOST_DATA= 4.46749E-09  FCOST0= 4.46749E-09
  
 -------------- calculate Frechet derivatives -----------
 IFREQ =          14    ITERATION =           5
||Frechet||_F=  5.0745E-14max|Frechet|=  1.3408E-18
||Frechet||_F=  5.0745E-14max|Frechet|=  1.3408E-18
||Frechet||_F=  5.0745E-14max|Frechet|=  1.3408E-18
||Frechet||_F=  5.0745E-14max|Frechet|=  1.3408E-18
||Frechet||_F=  5.0745E-14max|Frechet|=  1.3408E-18
||Frechet||_F=  5.0745E-14max|Frechet|=  1.3408E-18
Grad block   8 GRAD_SCALED MORM =   7.2896E-06
MT try: alpha=  1.0000E+00  phi=  4.4675E-09  dg=  2.9422E-10  dg0= -1.3930E-10
MT try: armijo_rhs=  4.2372E-09  armijo=F  curvature=F  task=FG
 UPDATEPARAMETER: f-scale only
UPDATEPARAMETER PAR_STEP min/max, V_STEP min/max =  1.7744962324E+02  2.3031445565E+02
  1.7744962324E+02  2.3031445565E+02
 WD_amp= 9.30969E+13  RESID_RMS= 9.17729E-05  FCOST_DATA= 4.21113E-09  FCOST0= 4.21113E-09
  
 -------------- calculate Frechet derivatives -----------
 IFREQ =          14    ITERATION =           5
||Frechet||_F=  5.0743E-14max|Frechet|=  1.3408E-18
||Frechet||_F=  5.0743E-14max|Frechet|=  1.3408E-18
||Frechet||_F=  5.0743E-14max|Frechet|=  1.3408E-18
||Frechet||_F=  5.0743E-14max|Frechet|=  1.3408E-18
||Frechet||_F=  5.0743E-14max|Frechet|=  1.3408E-18
||Frechet||_F=  5.0743E-14max|Frechet|=  1.3408E-18
Grad block   8 GRAD_SCALED MORM =   3.6910E-06
MT try: alpha=  1.1163E-01  phi=  4.2111E-09  dg= -9.1000E-11  dg0= -1.3930E-10
MT try: armijo_rhs=  4.2373E-09  armijo=T  curvature=T  task=FG
  
  
Convergence reached, updating parameter grid
ALPHA from line search =  .1116328386193120
 FCOST0 after linesearch  4.211133025857724E-009
Norm of s (s_norm) =  .4563889518460066E-04
  
  
  
Convergence check at iteration    5
  Relative cost decrease  =  6.1650E-03
  Relative model update   =  0.0000E+00
  Relative grad. norm     =  3.4102E-01
Time for LBFGS =  29.66232706705729 min
  
  
 Frequency:          14 Iteration:           6
t_global   =    578.649 s
  
 -------------- calculate Frechet derivatives -----------
 IFREQ =          14    ITERATION =           6
||Frechet||_F=  5.0743E-14max|Frechet|=  1.3408E-18
||Frechet||_F=  5.0743E-14max|Frechet|=  1.3408E-18
||Frechet||_F=  5.0743E-14max|Frechet|=  1.3408E-18
||Frechet||_F=  5.0743E-14max|Frechet|=  1.3408E-18
||Frechet||_F=  5.0743E-14max|Frechet|=  1.3408E-18
 
TIME for Frechet calc =  5.266833496093750 min
 
 
  compute the residual and the cost function
 WD_amp= 9.30969E+13  RESID_RMS= 9.17729E-05  FCOST_DATA= 4.21113E-09  FCOST0= 4.21113E-09
||Frechet||_F=  5.0743E-14max|Frechet|=  1.3408E-18
Grad block   8 GRAD_SCALED MORM =   3.6910E-06
Gradient finished
Start LBFGS 
curvature (warm): s·y=  5.3922E-12  ||s||^2=  2.0829E-09  ||y||^2=  3.1960E-13  sTy_min=  2.5801E-12
LBFGS history: used= 0  skipped= 5  worst_col= 2  bad_s·y=  5.0731E-12  bad_cos_sy=  4.5378E-01
LBFGS step: g·p = -1.0435E-10  ||p||=  3.8315E-04
LBFGS step: min(p)= -2.8509E-05  max(p)=  3.8032E-05
LBFGS p_k (unscaled) stats per active parameter:
  IA=  8  PAR={Q13}  min=-1.06471E+00  max= 1.42034E+00  L2= 1.43090E+01
min(p_k)= -2.8509E-05  max(p_k)=  3.8032E-05  ||p_k||=  3.8315E-04
min(p_kf)= -2.8509E-05  max(p_kf)=  3.8032E-05  ||p_kf||=  1.5326E-03
p_k/p_kf  =   2.5000E-01
Start linesearch
MT entry: phi(0)=  4.2111E-09  dg0= -1.0435E-10  alpha0=  1.0000E+00
 UPDATEPARAMETER: f-scale only
UPDATEPARAMETER PAR_STEP min/max, V_STEP min/max =  1.7740733139E+02  2.3030710630E+02
  1.7740733139E+02  2.3030710630E+02
 WD_amp= 9.30969E+13  RESID_RMS= 9.24628E-05  FCOST_DATA= 4.27468E-09  FCOST0= 4.27468E-09
  
 -------------- calculate Frechet derivatives -----------
 IFREQ =          14    ITERATION =           6
||Frechet||_F=  5.0725E-14max|Frechet|=  1.3408E-18
||Frechet||_F=  5.0725E-14max|Frechet|=  1.3408E-18
||Frechet||_F=  5.0725E-14max|Frechet|=  1.3408E-18
||Frechet||_F=  5.0725E-14max|Frechet|=  1.3408E-18
||Frechet||_F=  5.0725E-14max|Frechet|=  1.3408E-18
||Frechet||_F=  5.0725E-14max|Frechet|=  1.3408E-18
Grad block   8 GRAD_SCALED MORM =   4.7583E-06
MT try: alpha=  1.0000E+00  phi=  4.2747E-09  dg=  5.9880E-11  dg0= -1.0435E-10
MT try: armijo_rhs=  4.2111E-09  armijo=F  curvature=T  task=FG
 UPDATEPARAMETER: f-scale only
UPDATEPARAMETER PAR_STEP min/max, V_STEP min/max =  1.7744680518E+02  2.3031315032E+02
  1.7744680518E+02  2.3031315032E+02
 WD_amp= 9.30969E+13  RESID_RMS= 9.15443E-05  FCOST_DATA= 4.19018E-09  FCOST0= 4.19018E-09
  
 -------------- calculate Frechet derivatives -----------
 IFREQ =          14    ITERATION =           6
||Frechet||_F=  5.0740E-14max|Frechet|=  1.3408E-18
||Frechet||_F=  5.0740E-14max|Frechet|=  1.3408E-18
||Frechet||_F=  5.0740E-14max|Frechet|=  1.3408E-18
||Frechet||_F=  5.0740E-14max|Frechet|=  1.3408E-18
||Frechet||_F=  5.0740E-14max|Frechet|=  1.3408E-18
||Frechet||_F=  5.0740E-14max|Frechet|=  1.3408E-18
Grad block   8 GRAD_SCALED MORM =   3.6400E-06
MT try: alpha=  1.7761E-01  phi=  4.1902E-09  dg= -7.5127E-11  dg0= -1.0435E-10
MT try: armijo_rhs=  4.2111E-09  armijo=T  curvature=T  task=FG
  
  
  
Convergence reached, updating parameter grid
ALPHA from line search =  .1776111195121065
 FCOST0 after linesearch  4.190183115424533E-009
Norm of s (s_norm) =  .6805120030312160E-04
  
  
  
Convergence check at iteration    6
  Relative cost decrease  =  4.9749E-03
  Relative model update   =  0.0000E+00
  Relative grad. norm     =  3.8321E-01
Time for LBFGS =  29.50209960937500 min
  
 Frequency:          14 Iteration:           7
t_global   =    579.569 s
  
 -------------- calculate Frechet derivatives -----------
 IFREQ =          14    ITERATION =           7
||Frechet||_F=  5.0740E-14max|Frechet|=  1.3408E-18
||Frechet||_F=  5.0740E-14max|Frechet|=  1.3408E-18
||Frechet||_F=  5.0740E-14max|Frechet|=  1.3408E-18
 
TIME for Frechet calc =  5.240521748860677 min
 
 
  compute the residual and the cost function
 WD_amp= 9.30969E+13  RESID_RMS= 9.15443E-05  FCOST_DATA= 4.19018E-09  FCOST0= 4.19018E-09
||Frechet||_F=  5.0740E-14max|Frechet|=  1.3408E-18
||Frechet||_F=  5.0740E-14max|Frechet|=  1.3408E-18
||Frechet||_F=  5.0740E-14max|Frechet|=  1.3408E-18
Grad block   8 GRAD_SCALED MORM =   3.6400E-06
Gradient finished
Start LBFGS 
curvature (full): s·y=  5.1900E-12  ||s||^2=  4.6310E-09  ||y||^2=  2.6160E-13  sTy_min=  3.4806E-12
LBFGS history: used= 0  skipped= 5  worst_col= 3  bad_s·y=  5.0731E-12  bad_cos_sy=  4.5378E-01
 
LBFGS step(full): g·p = -1.1515E-10  ||p||=  3.7481E-04
LBFGS step(full): min(p)= -2.8542E-05  max(p)=  3.3823E-05
LBFGS p_k (unscaled) stats per active parameter:
  IA=  8  PAR={Q13}  min=-1.06594E+00  max= 1.26315E+00  L2= 1.39978E+01
min(p_k)= -2.8542E-05  max(p_k)=  3.3823E-05  ||p_k||=  3.7481E-04
min(p_kf)= -2.8542E-05  max(p_kf)=  3.3823E-05  ||p_kf||=  1.4993E-03
p_k/p_kf  =   2.5000E-01
Start linesearch
MT entry: phi(0)=  4.1902E-09  dg0= -1.1515E-10  alpha0=  1.0000E+00
 UPDATEPARAMETER: f-scale only
UPDATEPARAMETER PAR_STEP min/max, V_STEP min/max =  1.7734086765E+02  2.3030669602E+02
  1.7734086765E+02  2.3030669602E+02
 WD_amp= 9.30969E+13  RESID_RMS= 9.40055E-05  FCOST_DATA= 4.41851E-09  FCOST0= 4.41851E-09
  
 -------------- calculate Frechet derivatives -----------
 IFREQ =          14    ITERATION =           7
||Frechet||_F=  5.0748E-14max|Frechet|=  1.3408E-18
||Frechet||_F=  5.0748E-14max|Frechet|=  1.3408E-18
||Frechet||_F=  5.0748E-14max|Frechet|=  1.3408E-18
||Frechet||_F=  5.0748E-14max|Frechet|=  1.3408E-18
||Frechet||_F=  5.0748E-14max|Frechet|=  1.3408E-18
||Frechet||_F=  5.0748E-14max|Frechet|=  1.3408E-18
Grad block   8 GRAD_SCALED MORM =   7.7892E-06
MT try: alpha=  1.0000E+00  phi=  4.4185E-09  dg=  5.1783E-10  dg0= -1.1515E-10
MT try: armijo_rhs=  4.1902E-09  armijo=F  curvature=F  task=FG
 UPDATEPARAMETER: f-scale only
UPDATEPARAMETER PAR_STEP min/max, V_STEP min/max =  1.7743097792E+02  2.3031218604E+02
  1.7743097792E+02  2.3031218604E+02
 WD_amp= 9.30969E+13  RESID_RMS= 9.10956E-05  FCOST_DATA= 4.14920E-09  FCOST0= 4.14920E-09
  
 -------------- calculate Frechet derivatives -----------
 IFREQ =          14    ITERATION =           7
||Frechet||_F=  5.0741E-14max|Frechet|=  1.3408E-18
||Frechet||_F=  5.0741E-14max|Frechet|=  1.3408E-18
||Frechet||_F=  5.0741E-14max|Frechet|=  1.3408E-18
||Frechet||_F=  5.0741E-14max|Frechet|=  1.3408E-18
||Frechet||_F=  5.0741E-14max|Frechet|=  1.3408E-18
||Frechet||_F=  5.0741E-14max|Frechet|=  1.3408E-18
Grad block   8 GRAD_SCALED MORM =   3.6328E-06
MT try: alpha=  1.4940E-01  phi=  4.1492E-09  dg= -2.0765E-11  dg0= -1.1515E-10
MT try: armijo_rhs=  4.1902E-09  armijo=T  curvature=T  task=FG
  
  
Convergence reached, updating parameter grid
ALPHA from line search =  .1494017962893107
 FCOST0 after linesearch  4.149203535505786E-009
Norm of s (s_norm) =  .5599788023163420E-04
  
  
  
  
Convergence check at iteration    7
  Relative cost decrease  =  9.7799E-03
  Relative model update   =  0.0000E+00
  Relative grad. norm     =  5.4975E-01
Time for LBFGS =  29.68221028645833 min
  projecting back to physical grid for next frequency
  end of  frequency           15
 CR0 shape           6       27846      167076
 C0 shape           6       27846      167076
 RESULT FILES CLOSED
 Total iterations executed =           92
 Time of operation was    2812.61803334224      min
-------------------------------
End time: Wed May 27 09:34:53 +04 2026
===== MPI Execution Completed (status=0) =====
==== Job ended at: Wed May 27 09:34:53 +04 2026 ====
Total runtime (task 8): 46:52:38
Job completed. Results in /home/USER/53_lbfgs_nblock_merge/10Marmousi_VTI2/output_260525_4365098_8
