==== Job started at: Mon May 25 19:02:10 +04 2026 ====
[Task 11] Waiting for Seis2D_GQG_FWI_4365098 to be built...
[Task 11] Found Seis2D_GQG_FWI_4365098, proceeding.
===== Starting MPI Execution =====
Start time: Mon May 25 19:02:11 +04 2026
Job ID: 4365098, Array task: 11
Nodes: cn-4-32,cn-13-[11-12],cn-111-6,cn-113-31,cn-114-62
CPUs per task: 52
Memory per node: Not specified
----------------------------------
 n_process           6
 Build mode   : RELEASE
                                                       
       ************************************************
       *                                              *
       * 2D/2.5D frequency-domain seismic wave model- *
       * ing  in  arbitrary  anisotropic viscoelastic *
       * media with GQG approach and multiparameter FWI *
       ************************************************
 MainInput file
 /home/USER/Models/Marmousi_VTI_2/Main_synth_Marmousi_TI_4000_20m_
 sig4_v800_11.inp
 InitInput file
 /home/USER/Models/Marmousi_VTI_2/Init_VTI_Marmousi_TI_4400_20m_si
 g4_v800_1d.inp
 ---- (1) working-job definition ----------------
lambda_min:         102.2222
Element spacing:  DX=   51.00  DZ=   51.00
NORD (points/elem)= 5
Required Nodal spacing:    =    0.00  Actual Nodal spacing=   12.75
PPW_x=   8.017  PPW_z=   8.017
Required PPW =  5.0 (on lambda_min)
 Sampling OK (PPW >= required).
 InitInputQ file
 /home/USER/Models/Marmousi_VTI_2/InitQ_VTI_Marmousi_TI_4400_20m_s
 ig4_v800_1d.inp
 ------------------------ TOPOGRAPHY DATA  --------------------------           
  
 
XMIN =      0.00 XMAX =   4400.00 ZMIN =      0.00 ZMAX =      0.00
   
       (4) anisotropic model
 MODEL PARAMETERS LOADED
       (5) data acquisition mode
 beta for hess  5.000000000000000E-003
 beta for hess  5.000000000000000E-003
 beta for hess  5.000000000000000E-003
 INITIAL INPUT LOADING COMPLETE
 param_scale_raw(IA=  1) =  2.62700E+03
 param_scale_raw(IA=  2) =  6.89400E+10
 param_scale_raw(IA=  3) =  2.34760E+10
 param_scale_raw(IA=  4) =  5.80300E+10
 param_scale_raw(IA=  5) =  1.93200E+10
 param_scale_raw(IA=  6) =  2.29520E+10
 param_scale_raw(IA=  7) =  2.14808E+02
 param_scale_raw(IA=  8) =  2.44557E+02
 param_scale_raw(IA=  9) =  2.35000E+02
 param_scale_raw(IA= 10) =  1.35595E+02
 param_scale_raw(IA= 11) =  9.70970E+01
 --- Building single global mesh for all bands (NORD=           5 , DX=
   51.0000000000000      , DZ=   51.0000000000000      )  FREQ_MESH=
   9.00000000000000     
 Max source burial for GQG mask (m) =   0.000000000000000E+000
 IZ for GQG mesh =            0
Original XMIN =      0.000
 Original XMAX =   4400.000
Original ZMIN =  -2500.000
 Original ZMAX =      0.000
  
 
actual absorb. zone=      1540.98m  cells=   30
Adjusted XMIN =  -1530.000  XMAX =   5930.000
Adjusted ZMIN =  -4030.000
Computed NX, NZ  (COARSE grid) =      147       80 NBLOCK (elements) =    11534
Computed NNX, NNZ (GQG) =      585      317 NPT (grid pts) =   185445
 
calling ShiftCoordinates for FREQ   9.00
       Shifted X_range:        -3730.0000          3730.0000
       Shifted Z_range:            0.0000          4030.0000
 
 beta for hess  5.000000000000000E-003
 beta for hess  5.000000000000000E-003
 beta for hess  5.000000000000000E-003
calling GQG_2D for FREQ   9.00
Data weighting computed for frequency 4607182418800017373
Data weighting computed for frequency 4607182418800017373
Data weighting computed for frequency 4607182418800017373
Data weighting computed for frequency 4607182418800017373
Data weighting computed for frequency 4607182418800017373
 GQG grid created
 --- SHIFT/MAP CHECK (53) ---
XM first,last =     -2200.0000     2200.0000
ZM first 10:
   1.530000E+03   1.550000E+03   1.570000E+03   1.590000E+03   1.610000E+03   1.630000E+03   1.650000E+03   1.670000E+03   1.690000E+03   1.710000E+03
XSR,ZSR first 10:
   1     -1960.0000      4030.0000
   2     -1760.0000      4030.0000
   3     -1560.0000      4030.0000
   4     -1360.0000      4030.0000
   5     -1160.0000      4030.0000
   6      -960.0000      4030.0000
   7      -760.0000      4030.0000
   8      -560.0000      4030.0000
   9      -360.0000      4030.0000
  10      -160.0000      4030.0000
MSR(1) =      8
MSR1(1,:) first 10:
    44062    44063    44379    44380    44696    44697    45013    45014
FSR(1,:) first 10:
   1.161652E-01   1.516380E-01   1.478479E-01   2.570689E-01   9.152785E-02   1.061466E-01   6.272416E-02   6.688134E-02
SIG(1) 920.0000000000000 FREQ2 9.000000000000000
       Min.wavel.:      102.22  Min.subd.=
IE0, IZ 30 0
 --------- Frequency   3.05000000000000       (band            1 )
[ComputeAcqWeight] empty acq_weight_file, using uniform weights = 1.0
Data weighting computed for frequency 4607182418800017373
XSRmin, XSRmax, ZSRmin, ZSRMax -1960.000000000000 .000000000000000 2050.000000000000 4030.000000000000
1 FKYC
1.2 FKYC
my_rank, FKYC,WLMAX, RMAX 0 .2499615024377965E-01 1679.599604866482 2786.036611389018
1.1 NK
NK in cky2= 55

  Number of wavenumber samples (NK) for FREQ =   55
  RMAX = 2786.04
--- Pre-solver preview (memory + RHS workload) ---
   GQG dims: NNX=       585  NNZ=       317  NPT=    185445
   DOF:     N=3*NPT =    556335
   Sources: NSR=       100  NSS=        20  NK=        55
   RHS total (per IK): nrhs_tot=3*NSS =        60
   Batch:    MAX_RHS_BATCH=        32  nbatches=         2
   GFMY  (GFX+GFY+GFZ):         13.679 GB
   RHS_MY(rhs+sol buffers):      0.531 GB
 
 running run_ik_loop_pardiso
before CA | VmRSS=  13.842 GB  VmHWM=  13.842 GB
after CA | VmRSS=  16.358 GB  VmHWM=  20.366 GB
after factor | VmRSS=  20.269 GB  VmHWM=  20.366 GB
f=     3.050 Hz | ky=  0.454475E-03 | IK=       1/      55 | t=   17.067500 s | CA=  2.4617 | fact= 12.7620 | GF=  1.8436 | solve=  1.6901 | scatter=  0.0518
f=     3.050 Hz | ky=  0.908951E-03 | IK=       2/      55 | t=    6.703100 s | CA=  2.5539 | fact=  2.3984 | GF=  1.7508 | solve=  1.6274 | scatter=  0.0520
f=     3.050 Hz | ky=  0.136343E-02 | IK=       3/      55 | t=    6.699500 s | CA=  2.5101 | fact=  2.4244 | GF=  1.7649 | solve=  1.6413 | scatter=  0.0519
f=     3.050 Hz | ky=  0.181790E-02 | IK=       4/      55 | t=    6.681900 s | CA=  2.5359 | fact=  2.4027 | GF=  1.7433 | solve=  1.6215 | scatter=  0.0503
f=     3.050 Hz | ky=  0.227238E-02 | IK=       5/      55 | t=    6.673400 s | CA=  2.4995 | fact=  2.4282 | GF=  1.7456 | solve=  1.6236 | scatter=  0.0506
f=     3.050 Hz | ky=  0.272685E-02 | IK=       6/      55 | t=    6.687100 s | CA=  2.5362 | fact=  2.4074 | GF=  1.7435 | solve=  1.6208 | scatter=  0.0509
f=     3.050 Hz | ky=  0.318133E-02 | IK=       7/      55 | t=    6.750800 s | CA=  2.5669 | fact=  2.4380 | GF=  1.7459 | solve=  1.6243 | scatter=  0.0503
f=     3.050 Hz | ky=  0.363580E-02 | IK=       8/      55 | t=    6.673100 s | CA=  2.4974 | fact=  2.4303 | GF=  1.7454 | solve=  1.6227 | scatter=  0.0514
f=     3.050 Hz | ky=  0.409028E-02 | IK=       9/      55 | t=    6.722100 s | CA=  2.5481 | fact=  2.4279 | GF=  1.7461 | solve=  1.6237 | scatter=  0.0510
f=     3.050 Hz | ky=  0.454475E-02 | IK=      10/      55 | t=    6.700500 s | CA=  2.5269 | fact=  2.4350 | GF=  1.7386 | solve=  1.6153 | scatter=  0.0516
PARDISO mem (f=  3.05 Hz): sym=  1.95 GB  perm=  1.42 GB  num=  3.22 GB  
peak=  4.64 GB
t_global   =    110.748 s
TIME for 1st forward modeling =  1.822421646118164  min
TIME for GT0 =  .5033333102862040E-02  min
Data scaler W for L2 norm: 56656229808913.63
Data scaler W for WQS norm: .1007948000807317E-312
Total number of active inversion parameters for current sequential stage (IM):          1
Total model blocks points (NM = IM * NBLOCK):      11534 on grid (NMM = IM * NPT):    185445
 Gradient balance ():   1.00000000000000        1.00000000000000     
   1.00000000000000        1.00000000000000        1.00000000000000     
   1.00000000000000        1.00000000000000        1.00000000000000     
   1.00000000000000        1.00000000000000        1.00000000000000     
 IE0, IZ          30           0
 IE0, IZ, GZ1, GZ2 =           30           0   100.000000000000     
   300.000000000000     
  
 Frequency:           1 Iteration:           1
--- Pre-solver preview (memory + RHS workload) ---
   GQG dims: NNX=       585  NNZ=       317  NPT=    185445
   DOF:     N=3*NPT =    556335
   Sources: NSR=       100  NSS=       100  NK=        55
   RHS total (per IK): nrhs_tot=3*NSS =       300
   Batch:    MAX_RHS_BATCH=        32  nbatches=        10
   GFMY  (GFX+GFY+GFZ):         68.393 GB
   RHS_MY(rhs+sol buffers):      0.531 GB
 
 running run_ik_loop_pardiso
before CA | VmRSS=  69.949 GB  VmHWM=  69.959 GB
after CA | VmRSS=  71.878 GB  VmHWM=  75.883 GB
after factor | VmRSS=  75.729 GB  VmHWM=  75.883 GB
f=     3.050 Hz | ky=  0.454475E-03 | IK=       1/      55 | t=   23.796300 s | CA=  2.4770 | fact= 12.6320 | GF=  8.6871 | solve=  7.9694 | scatter=  0.3242
f=     3.050 Hz | ky=  0.908951E-03 | IK=       2/      55 | t=   13.503500 s | CA=  2.5499 | fact=  2.4148 | GF=  8.5387 | solve=  7.9246 | scatter=  0.2517
f=     3.050 Hz | ky=  0.136343E-02 | IK=       3/      55 | t=   13.463800 s | CA=  2.4829 | fact=  2.4206 | GF=  8.5602 | solve=  7.9476 | scatter=  0.2499
f=     3.050 Hz | ky=  0.181790E-02 | IK=       4/      55 | t=   13.435300 s | CA=  2.4614 | fact=  2.4139 | GF=  8.5600 | solve=  7.9476 | scatter=  0.2489
f=     3.050 Hz | ky=  0.227238E-02 | IK=       5/      55 | t=   13.464500 s | CA=  2.4770 | fact=  2.4265 | GF=  8.5610 | solve=  7.9420 | scatter=  0.2561
f=     3.050 Hz | ky=  0.272685E-02 | IK=       6/      55 | t=   13.532700 s | CA=  2.5401 | fact=  2.4275 | GF=  8.5651 | solve=  7.9476 | scatter=  0.2533
f=     3.050 Hz | ky=  0.318133E-02 | IK=       7/      55 | t=   13.479700 s | CA=  2.4961 | fact=  2.4247 | GF=  8.5588 | solve=  7.9449 | scatter=  0.2498
f=     3.050 Hz | ky=  0.363580E-02 | IK=       8/      55 | t=   13.497400 s | CA=  2.5049 | fact=  2.4296 | GF=  8.5629 | solve=  7.9465 | scatter=  0.2510
f=     3.050 Hz | ky=  0.409028E-02 | IK=       9/      55 | t=   13.472900 s | CA=  2.4664 | fact=  2.4271 | GF=  8.5794 | solve=  7.9630 | scatter=  0.2502
f=     3.050 Hz | ky=  0.454475E-02 | IK=      10/      55 | t=   13.464600 s | CA=  2.4860 | fact=  2.4220 | GF=  8.5565 | solve=  7.9405 | scatter=  0.2493
PARDISO mem (f=  3.05 Hz): sym=  1.95 GB  perm=  1.42 GB  num=  3.22 GB  
peak=  4.64 GB
t_global   =    298.144 s
TIME for 2d forward modeling_i calc =  4.969048563639323 min
Rank    4 -> ID range:   3201 to   4000 | Tasks:    800
Rank    5 -> ID range:   4001 to   4800 | Tasks:    800
Rank    1 -> ID range:    801 to   1600 | Tasks:    800
Rank    3 -> ID range:   2401 to   3200 | Tasks:    800
Rank    2 -> ID range:   1601 to   2400 | Tasks:    800
  
 -------------- calculate Frechet derivatives -----------
 IFREQ =           1    ITERATION =           1
Frechet memory size Frec_my:      0.825 (Gb)
Rank    0 -> ID range:      1 to    800 | Tasks:    800
FREQ:      3.0 Hz, ITER=       1  Frechet Derivative ID=     100/    4800 Finished   0.204900 s
FREQ:      3.0 Hz, ITER=       1  Frechet Derivative ID=     200/    4800 Finished   0.197600 s
FREQ:      3.0 Hz, ITER=       1  Frechet Derivative ID=     300/    4800 Finished   0.198400 s
FREQ:      3.0 Hz, ITER=       1  Frechet Derivative ID=     400/    4800 Finished   0.178900 s
FREQ:      3.0 Hz, ITER=       1  Frechet Derivative ID=     500/    4800 Finished   0.192700 s
FREQ:      3.0 Hz, ITER=       1  Frechet Derivative ID=     600/    4800 Finished   0.191100 s
FREQ:      3.0 Hz, ITER=       1  Frechet Derivative ID=     700/    4800 Finished   0.188800 s
FREQ:      3.0 Hz, ITER=       1  Frechet Derivative ID=     800/    4800 Finished   0.187700 s
||Frechet||_F=  1.4538E-13max|Frechet|=  3.8736E-18
 
TIME for Frechet calc =  3.186208343505859 min
 
||Frechet||_F=  1.4538E-13max|Frechet|=  3.8736E-18
||Frechet||_F=  1.4538E-13max|Frechet|=  3.8736E-18
||Frechet||_F=  1.4538E-13max|Frechet|=  3.8736E-18
||Frechet||_F=  1.4538E-13max|Frechet|=  3.8736E-18
||Frechet||_F=  1.4538E-13max|Frechet|=  3.8736E-18
IA= 11  max|F|= 2.19461E-04  rms|F|= 7.76296E-07  F_SCALE(Inf)= 4.55662E+03  F_SCALE_L2= 1.28817E+06
m_fine: min=  4.5090E+01  max=  9.7097E+01  mean=  7.7744E+01  ||.||2=  3.4660E+04  size=  185445
m_coarse_prev: min=  4.5136E+01  max=  9.7097E+01  mean=  7.7765E+01  ||.||2=  8.6453E+03  size=   11534
 
  compute the residual and the cost function
 WD_amp= 5.66562E+13  RESID_RMS= 7.50547E-04  FCOST_DATA= 2.81661E-07  FCOST0= 2.81661E-07
IA= 11  H(single F0) min= 0.00000E+00  max= 1.11396E-03
IA= 11  H(F0^2)     min= 0.00000E+00  max= 1.11396E-03
HESSD: ia=  11  min= 0.00000E+00  max= 1.79520E+05
IA= 11  H(single F0) min= 0.00000E+00  max= 1.11396E-03
IA= 11  H(F0^2)     min= 0.00000E+00  max= 1.11396E-03
HESSD: ia=  11  min= 0.00000E+00  max= 1.79520E+05
IA= 11  H(single F0) min= 0.00000E+00  max= 1.11396E-03
IA= 11  H(F0^2)     min= 0.00000E+00  max= 1.11396E-03
HESSD: ia=  11  min= 0.00000E+00  max= 1.79520E+05
IA= 11  H(single F0) min= 0.00000E+00  max= 1.11396E-03
IA= 11  H(F0^2)     min= 0.00000E+00  max= 1.11396E-03
HESSD: ia=  11  min= 0.00000E+00  max= 1.79520E+05
IA= 11  H(single F0) min= 0.00000E+00  max= 1.11396E-03
IA= 11  H(F0^2)     min= 0.00000E+00  max= 1.11396E-03
HESSD: ia=  11  min= 0.00000E+00  max= 1.79520E+05
IA= 11  H(single F0) min= 0.00000E+00  max= 1.11396E-03
IA= 11  H(F0^2)     min= 0.00000E+00  max= 1.11396E-03
HESSD: ia=  11  min= 0.00000E+00  max= 1.79520E+05
Grad block  11 GRAD_SCALED MORM =   1.1299E-05
Raw grad block 11  PAR={Q66}  min= -2.7898E-10  max=  3.0582E-10  L2=  2.5525E-09
Gradient finished
Start LBFGS 
LBFGS steepest step , iter=      1
  g·p = -7.4989E-07  ||p|| =  2.1821E-01
  min(p)= -1.2662E-02  max(p)=  1.6938E-02
LBFGS p_k (unscaled) stats per active parameter:
  IA= 11  PAR={Q66}  min=-5.76944E+01  max= 7.71805E+01  L2= 9.94294E+02
min(p_k)= -1.2662E-02  max(p_k)=  1.6938E-02  ||p_k||=  2.1821E-01
min(p_kf)= -1.2662E-02  max(p_kf)=  1.6938E-02  ||p_kf||=  8.7283E-01
p_k/p_kf  =   2.5000E-01
Start linesearch
BT entry: phi(0)=  2.8166E-07  g·p(0)= -7.4989E-07
 UPDATEPARAMETER: f-scale only
UPDATEPARAMETER PAR_STEP min/max, V_STEP min/max = -5.6198556683E-01  1.3422046708E+02
 -5.6198556683E-01  1.3422046708E+02
REL STEP Q      : k= 11 row=  6 rmax_k=  1.4000E+00 row_scale=  9.7097E+01
BT cap probe: rmax1=  1.4000E+00  alpha_cap=  3.5713E-01  alpha00=  1.0000E+00
 UPDATEPARAMETER: f-scale only
UPDATEPARAMETER PAR_STEP min/max, V_STEP min/max =  3.2289972443E+01  9.7907786678E+01
  3.2289972443E+01  9.7907786678E+01
 running run_ik_loop_pardiso
before CA | VmRSS=  16.348 GB  VmHWM=  81.104 GB
after CA | VmRSS=  16.973 GB  VmHWM=  81.104 GB
after factor | VmRSS=  20.778 GB  VmHWM=  81.104 GB
f=     3.050 Hz | ky=  0.454475E-03 | IK=       1/      55 | t=   16.973900 s | CA=  2.4787 | fact= 12.6492 | GF=  1.8458 | solve=  1.6934 | scatter=  0.0511
f=     3.050 Hz | ky=  0.908951E-03 | IK=       2/      55 | t=    6.727600 s | CA=  2.5645 | fact=  2.4208 | GF=  1.7422 | solve=  1.6198 | scatter=  0.0511
f=     3.050 Hz | ky=  0.136343E-02 | IK=       3/      55 | t=    6.648000 s | CA=  2.4837 | fact=  2.4223 | GF=  1.7420 | solve=  1.6198 | scatter=  0.0504
f=     3.050 Hz | ky=  0.181790E-02 | IK=       4/      55 | t=    6.646200 s | CA=  2.4991 | fact=  2.3979 | GF=  1.7492 | solve=  1.6267 | scatter=  0.0509
f=     3.050 Hz | ky=  0.227238E-02 | IK=       5/      55 | t=    6.656900 s | CA=  2.4940 | fact=  2.4166 | GF=  1.7462 | solve=  1.6234 | scatter=  0.0514
f=     3.050 Hz | ky=  0.272685E-02 | IK=       6/      55 | t=    6.697500 s | CA=  2.5348 | fact=  2.4210 | GF=  1.7417 | solve=  1.6195 | scatter=  0.0508
f=     3.050 Hz | ky=  0.318133E-02 | IK=       7/      55 | t=    6.636300 s | CA=  2.4779 | fact=  2.4190 | GF=  1.7394 | solve=  1.6175 | scatter=  0.0506
f=     3.050 Hz | ky=  0.363580E-02 | IK=       8/      55 | t=    6.717600 s | CA=  2.5518 | fact=  2.4225 | GF=  1.7433 | solve=  1.6208 | scatter=  0.0509
f=     3.050 Hz | ky=  0.409028E-02 | IK=       9/      55 | t=    6.654000 s | CA=  2.4863 | fact=  2.4255 | GF=  1.7422 | solve=  1.6201 | scatter=  0.0503
f=     3.050 Hz | ky=  0.454475E-02 | IK=      10/      55 | t=    6.688800 s | CA=  2.5232 | fact=  2.4214 | GF=  1.7441 | solve=  1.6210 | scatter=  0.0517
PARDISO mem (f=  3.05 Hz): sym=  1.95 GB  perm=  1.42 GB  num=  3.22 GB  
peak=  4.64 GB
 WD_amp= 5.66562E+13  RESID_RMS= 1.26776E-03  FCOST_DATA= 8.03611E-07  FCOST0= 8.03611E-07
BT: alpha=  3.5713E-01  phi=  8.0361E-07  rhs=  2.8163E-07
 UPDATEPARAMETER: f-scale only
UPDATEPARAMETER PAR_STEP min/max, V_STEP min/max =  3.9434486221E+01  9.7502393339E+01
  3.9434486221E+01  9.7502393339E+01
 running run_ik_loop_pardiso
before CA | VmRSS=  16.384 GB  VmHWM=  81.104 GB
after CA | VmRSS=  17.831 GB  VmHWM=  81.104 GB
after factor | VmRSS=  21.588 GB  VmHWM=  81.104 GB
f=     3.050 Hz | ky=  0.454475E-03 | IK=       1/      55 | t=   16.955700 s | CA=  2.4881 | fact= 12.6232 | GF=  1.8442 | solve=  1.6914 | scatter=  0.0515
f=     3.050 Hz | ky=  0.908951E-03 | IK=       2/      55 | t=    6.696800 s | CA=  2.5281 | fact=  2.4234 | GF=  1.7453 | solve=  1.6224 | scatter=  0.0517
f=     3.050 Hz | ky=  0.136343E-02 | IK=       3/      55 | t=    6.639300 s | CA=  2.4741 | fact=  2.4239 | GF=  1.7413 | solve=  1.6196 | scatter=  0.0503
f=     3.050 Hz | ky=  0.181790E-02 | IK=       4/      55 | t=    6.669100 s | CA=  2.5043 | fact=  2.4217 | GF=  1.7431 | solve=  1.6208 | scatter=  0.0508
f=     3.050 Hz | ky=  0.227238E-02 | IK=       5/      55 | t=    6.628300 s | CA=  2.4896 | fact=  2.4173 | GF=  1.7214 | solve=  1.5981 | scatter=  0.0518
f=     3.050 Hz | ky=  0.272685E-02 | IK=       6/      55 | t=    6.700600 s | CA=  2.5511 | fact=  2.4386 | GF=  1.7109 | solve=  1.5891 | scatter=  0.0503
f=     3.050 Hz | ky=  0.318133E-02 | IK=       7/      55 | t=    6.634000 s | CA=  2.4937 | fact=  2.4254 | GF=  1.7149 | solve=  1.5912 | scatter=  0.0520
f=     3.050 Hz | ky=  0.363580E-02 | IK=       8/      55 | t=    6.579300 s | CA=  2.4799 | fact=  2.3891 | GF=  1.7103 | solve=  1.5873 | scatter=  0.0517
f=     3.050 Hz | ky=  0.409028E-02 | IK=       9/      55 | t=    6.604300 s | CA=  2.4921 | fact=  2.3989 | GF=  1.7132 | solve=  1.5911 | scatter=  0.0504
f=     3.050 Hz | ky=  0.454475E-02 | IK=      10/      55 | t=    6.615800 s | CA=  2.4795 | fact=  2.4215 | GF=  1.7147 | solve=  1.5924 | scatter=  0.0507
PARDISO mem (f=  3.05 Hz): sym=  1.95 GB  perm=  1.42 GB  num=  3.22 GB  
peak=  4.64 GB
 WD_amp= 5.66562E+13  RESID_RMS= 9.14843E-04  FCOST_DATA= 4.18469E-07  FCOST0= 4.18469E-07
BT: alpha=  1.7857E-01  phi=  4.1847E-07  rhs=  2.8165E-07
 UPDATEPARAMETER: f-scale only
UPDATEPARAMETER PAR_STEP min/max, V_STEP min/max =  4.3006743111E+01  9.7299696669E+01
  4.3006743111E+01  9.7299696669E+01
 running run_ik_loop_pardiso
before CA | VmRSS=  16.874 GB  VmHWM=  81.104 GB
after CA | VmRSS=  17.661 GB  VmHWM=  81.104 GB
after factor | VmRSS=  21.415 GB  VmHWM=  81.104 GB
f=     3.050 Hz | ky=  0.454475E-03 | IK=       1/      55 | t=   16.926300 s | CA=  2.4566 | fact= 12.6300 | GF=  1.8395 | solve=  1.6887 | scatter=  0.0501
f=     3.050 Hz | ky=  0.908951E-03 | IK=       2/      55 | t=    6.712300 s | CA=  2.5770 | fact=  2.3948 | GF=  1.7405 | solve=  1.6172 | scatter=  0.0520
f=     3.050 Hz | ky=  0.136343E-02 | IK=       3/      55 | t=    6.631400 s | CA=  2.4716 | fact=  2.4224 | GF=  1.7374 | solve=  1.6162 | scatter=  0.0500
f=     3.050 Hz | ky=  0.181790E-02 | IK=       4/      55 | t=    6.663400 s | CA=  2.5080 | fact=  2.4117 | GF=  1.7437 | solve=  1.6213 | scatter=  0.0511
f=     3.050 Hz | ky=  0.227238E-02 | IK=       5/      55 | t=    6.687600 s | CA=  2.5265 | fact=  2.4193 | GF=  1.7418 | solve=  1.6190 | scatter=  0.0515
f=     3.050 Hz | ky=  0.272685E-02 | IK=       6/      55 | t=    6.665000 s | CA=  2.5017 | fact=  2.4213 | GF=  1.7420 | solve=  1.6194 | scatter=  0.0513
f=     3.050 Hz | ky=  0.318133E-02 | IK=       7/      55 | t=    6.665700 s | CA=  2.4964 | fact=  2.4219 | GF=  1.7473 | solve=  1.6238 | scatter=  0.0523
f=     3.050 Hz | ky=  0.363580E-02 | IK=       8/      55 | t=    6.652200 s | CA=  2.4875 | fact=  2.4207 | GF=  1.7439 | solve=  1.6206 | scatter=  0.0515
f=     3.050 Hz | ky=  0.409028E-02 | IK=       9/      55 | t=    6.673200 s | CA=  2.5037 | fact=  2.4198 | GF=  1.7497 | solve=  1.6267 | scatter=  0.0516
f=     3.050 Hz | ky=  0.454475E-02 | IK=      10/      55 | t=    6.664800 s | CA=  2.5438 | fact=  2.3751 | GF=  1.7459 | solve=  1.6243 | scatter=  0.0501
PARDISO mem (f=  3.05 Hz): sym=  1.95 GB  perm=  1.42 GB  num=  3.22 GB  
peak=  4.64 GB
 WD_amp= 5.66562E+13  RESID_RMS= 8.05515E-04  FCOST_DATA= 3.24427E-07  FCOST0= 3.24427E-07
BT: alpha=  8.9283E-02  phi=  3.2443E-07  rhs=  2.8165E-07
 UPDATEPARAMETER: f-scale only
UPDATEPARAMETER PAR_STEP min/max, V_STEP min/max =  4.4785875646E+01  9.7198348335E+01
  4.4785875646E+01  9.7198348335E+01
 running run_ik_loop_pardiso
before CA | VmRSS=  16.814 GB  VmHWM=  81.104 GB
after CA | VmRSS=  17.848 GB  VmHWM=  81.104 GB
after factor | VmRSS=  21.612 GB  VmHWM=  81.104 GB
f=     3.050 Hz | ky=  0.454475E-03 | IK=       1/      55 | t=   16.881800 s | CA=  2.4311 | fact= 12.6124 | GF=  1.8380 | solve=  1.6870 | scatter=  0.0501
f=     3.050 Hz | ky=  0.908951E-03 | IK=       2/      55 | t=    6.674400 s | CA=  2.5139 | fact=  2.4206 | GF=  1.7398 | solve=  1.6181 | scatter=  0.0503
f=     3.050 Hz | ky=  0.136343E-02 | IK=       3/      55 | t=    6.655100 s | CA=  2.4926 | fact=  2.4178 | GF=  1.7447 | solve=  1.6202 | scatter=  0.0529
f=     3.050 Hz | ky=  0.181790E-02 | IK=       4/      55 | t=    6.649200 s | CA=  2.4755 | fact=  2.4172 | GF=  1.7565 | solve=  1.6332 | scatter=  0.0519
f=     3.050 Hz | ky=  0.227238E-02 | IK=       5/      55 | t=    6.648300 s | CA=  2.4736 | fact=  2.4274 | GF=  1.7472 | solve=  1.6250 | scatter=  0.0507
f=     3.050 Hz | ky=  0.272685E-02 | IK=       6/      55 | t=    6.686000 s | CA=  2.5190 | fact=  2.4249 | GF=  1.7421 | solve=  1.6208 | scatter=  0.0501
f=     3.050 Hz | ky=  0.318133E-02 | IK=       7/      55 | t=    6.646700 s | CA=  2.4727 | fact=  2.4233 | GF=  1.7507 | solve=  1.6283 | scatter=  0.0509
f=     3.050 Hz | ky=  0.363580E-02 | IK=       8/      55 | t=    6.628400 s | CA=  2.4804 | fact=  2.4044 | GF=  1.7435 | solve=  1.6208 | scatter=  0.0513
f=     3.050 Hz | ky=  0.409028E-02 | IK=       9/      55 | t=    6.620800 s | CA=  2.4762 | fact=  2.3935 | GF=  1.7510 | solve=  1.6273 | scatter=  0.0522
f=     3.050 Hz | ky=  0.454475E-02 | IK=      10/      55 | t=    6.650000 s | CA=  2.4694 | fact=  2.4305 | GF=  1.7501 | solve=  1.6267 | scatter=  0.0520
PARDISO mem (f=  3.05 Hz): sym=  1.95 GB  perm=  1.42 GB  num=  3.22 GB  
peak=  4.64 GB
 WD_amp= 5.66562E+13  RESID_RMS= 7.70543E-04  FCOST_DATA= 2.96868E-07  FCOST0= 2.96868E-07
BT: alpha=  4.4642E-02  phi=  2.9687E-07  rhs=  2.8166E-07
 UPDATEPARAMETER: f-scale only
UPDATEPARAMETER PAR_STEP min/max, V_STEP min/max =  4.5090000000E+01  9.7147674167E+01
  4.5090000000E+01  9.7147674167E+01
 running run_ik_loop_pardiso
before CA | VmRSS=  17.024 GB  VmHWM=  81.104 GB
after CA | VmRSS=  17.750 GB  VmHWM=  81.104 GB
after factor | VmRSS=  21.509 GB  VmHWM=  81.104 GB
f=     3.050 Hz | ky=  0.454475E-03 | IK=       1/      55 | t=   16.927400 s | CA=  2.4667 | fact= 12.6201 | GF=  1.8405 | solve=  1.6891 | scatter=  0.0501
f=     3.050 Hz | ky=  0.908951E-03 | IK=       2/      55 | t=    6.627200 s | CA=  2.4697 | fact=  2.4146 | GF=  1.7429 | solve=  1.6207 | scatter=  0.0511
f=     3.050 Hz | ky=  0.136343E-02 | IK=       3/      55 | t=    6.664900 s | CA=  2.5053 | fact=  2.4138 | GF=  1.7458 | solve=  1.6234 | scatter=  0.0509
f=     3.050 Hz | ky=  0.181790E-02 | IK=       4/      55 | t=    6.702900 s | CA=  2.5314 | fact=  2.4196 | GF=  1.7519 | solve=  1.6286 | scatter=  0.0521
f=     3.050 Hz | ky=  0.227238E-02 | IK=       5/      55 | t=    6.655600 s | CA=  2.4817 | fact=  2.4229 | GF=  1.7510 | solve=  1.6273 | scatter=  0.0523
f=     3.050 Hz | ky=  0.272685E-02 | IK=       6/      55 | t=    6.660000 s | CA=  2.4824 | fact=  2.4260 | GF=  1.7515 | solve=  1.6293 | scatter=  0.0507
f=     3.050 Hz | ky=  0.318133E-02 | IK=       7/      55 | t=    6.659500 s | CA=  2.4976 | fact=  2.4141 | GF=  1.7477 | solve=  1.6251 | scatter=  0.0514
f=     3.050 Hz | ky=  0.363580E-02 | IK=       8/      55 | t=    6.649000 s | CA=  2.4880 | fact=  2.4144 | GF=  1.7465 | solve=  1.6252 | scatter=  0.0499
f=     3.050 Hz | ky=  0.409028E-02 | IK=       9/      55 | t=    6.673500 s | CA=  2.4955 | fact=  2.4288 | GF=  1.7492 | solve=  1.6258 | scatter=  0.0521
f=     3.050 Hz | ky=  0.454475E-02 | IK=      10/      55 | t=    6.644700 s | CA=  2.4778 | fact=  2.4151 | GF=  1.7518 | solve=  1.6299 | scatter=  0.0506
PARDISO mem (f=  3.05 Hz): sym=  1.95 GB  perm=  1.42 GB  num=  3.22 GB  
peak=  4.64 GB
 WD_amp= 5.66562E+13  RESID_RMS= 7.58583E-04  FCOST_DATA= 2.87724E-07  FCOST0= 2.87724E-07
BT: alpha=  2.2321E-02  phi=  2.8772E-07  rhs=  2.8166E-07
 UPDATEPARAMETER: f-scale only
UPDATEPARAMETER PAR_STEP min/max, V_STEP min/max =  4.5090000000E+01  9.7122337084E+01
  4.5090000000E+01  9.7122337084E+01
 running run_ik_loop_pardiso
before CA | VmRSS=  17.002 GB  VmHWM=  81.104 GB
after CA | VmRSS=  17.843 GB  VmHWM=  81.104 GB
after factor | VmRSS=  21.605 GB  VmHWM=  81.104 GB
f=     3.050 Hz | ky=  0.454475E-03 | IK=       1/      55 | t=   16.878900 s | CA=  2.4066 | fact= 12.6293 | GF=  1.8428 | solve=  1.6909 | scatter=  0.0509
f=     3.050 Hz | ky=  0.908951E-03 | IK=       2/      55 | t=    6.662200 s | CA=  2.5012 | fact=  2.4171 | GF=  1.7439 | solve=  1.6210 | scatter=  0.0518
f=     3.050 Hz | ky=  0.136343E-02 | IK=       3/      55 | t=    6.615900 s | CA=  2.4884 | fact=  2.3860 | GF=  1.7414 | solve=  1.6187 | scatter=  0.0512
f=     3.050 Hz | ky=  0.181790E-02 | IK=       4/      55 | t=    6.650900 s | CA=  2.4959 | fact=  2.4150 | GF=  1.7400 | solve=  1.6166 | scatter=  0.0521
f=     3.050 Hz | ky=  0.227238E-02 | IK=       5/      55 | t=    6.643100 s | CA=  2.4786 | fact=  2.4195 | GF=  1.7450 | solve=  1.6225 | scatter=  0.0513
f=     3.050 Hz | ky=  0.272685E-02 | IK=       6/      55 | t=    6.686500 s | CA=  2.5242 | fact=  2.4207 | GF=  1.7415 | solve=  1.6184 | scatter=  0.0517
f=     3.050 Hz | ky=  0.318133E-02 | IK=       7/      55 | t=    6.646300 s | CA=  2.4737 | fact=  2.4269 | GF=  1.7456 | solve=  1.6219 | scatter=  0.0522
f=     3.050 Hz | ky=  0.363580E-02 | IK=       8/      55 | t=    6.625200 s | CA=  2.4575 | fact=  2.4211 | GF=  1.7466 | solve=  1.6227 | scatter=  0.0525
f=     3.050 Hz | ky=  0.409028E-02 | IK=       9/      55 | t=    6.616900 s | CA=  2.4884 | fact=  2.3893 | GF=  1.7391 | solve=  1.6169 | scatter=  0.0506
f=     3.050 Hz | ky=  0.454475E-02 | IK=      10/      55 | t=    6.675200 s | CA=  2.5015 | fact=  2.4295 | GF=  1.7442 | solve=  1.6209 | scatter=  0.0520
PARDISO mem (f=  3.05 Hz): sym=  1.95 GB  perm=  1.42 GB  num=  3.22 GB  
peak=  4.64 GB
 WD_amp= 5.66562E+13  RESID_RMS= 7.54064E-04  FCOST_DATA= 2.84306E-07  FCOST0= 2.84306E-07
BT: alpha=  1.1160E-02  phi=  2.8431E-07  rhs=  2.8166E-07
 UPDATEPARAMETER: f-scale only
UPDATEPARAMETER PAR_STEP min/max, V_STEP min/max =  4.5090000000E+01  9.7109668542E+01
  4.5090000000E+01  9.7109668542E+01
 running run_ik_loop_pardiso
before CA | VmRSS=  16.419 GB  VmHWM=  81.104 GB
after CA | VmRSS=  17.261 GB  VmHWM=  81.104 GB
after factor | VmRSS=  21.027 GB  VmHWM=  81.104 GB
f=     3.050 Hz | ky=  0.454475E-03 | IK=       1/      55 | t=   16.970600 s | CA=  2.4958 | fact= 12.6252 | GF=  1.8494 | solve=  1.6973 | scatter=  0.0511
f=     3.050 Hz | ky=  0.908951E-03 | IK=       2/      55 | t=    6.696000 s | CA=  2.5178 | fact=  2.4144 | GF=  1.7638 | solve=  1.6425 | scatter=  0.0502
f=     3.050 Hz | ky=  0.136343E-02 | IK=       3/      55 | t=    6.610900 s | CA=  2.4582 | fact=  2.4090 | GF=  1.7437 | solve=  1.6225 | scatter=  0.0501
f=     3.050 Hz | ky=  0.181790E-02 | IK=       4/      55 | t=    6.679400 s | CA=  2.5146 | fact=  2.4183 | GF=  1.7465 | solve=  1.6248 | scatter=  0.0505
f=     3.050 Hz | ky=  0.227238E-02 | IK=       5/      55 | t=    6.654600 s | CA=  2.4954 | fact=  2.4166 | GF=  1.7425 | solve=  1.6197 | scatter=  0.0515
f=     3.050 Hz | ky=  0.272685E-02 | IK=       6/      55 | t=    6.629100 s | CA=  2.4822 | fact=  2.4068 | GF=  1.7401 | solve=  1.6182 | scatter=  0.0505
f=     3.050 Hz | ky=  0.318133E-02 | IK=       7/      55 | t=    6.655900 s | CA=  2.4978 | fact=  2.4136 | GF=  1.7445 | solve=  1.6216 | scatter=  0.0516
f=     3.050 Hz | ky=  0.363580E-02 | IK=       8/      55 | t=    6.685000 s | CA=  2.5249 | fact=  2.4183 | GF=  1.7417 | solve=  1.6211 | scatter=  0.0494
f=     3.050 Hz | ky=  0.409028E-02 | IK=       9/      55 | t=    6.629700 s | CA=  2.4829 | fact=  2.4009 | GF=  1.7459 | solve=  1.6235 | scatter=  0.0511
f=     3.050 Hz | ky=  0.454475E-02 | IK=      10/      55 | t=    6.681000 s | CA=  2.5055 | fact=  2.4294 | GF=  1.7461 | solve=  1.6239 | scatter=  0.0508
PARDISO mem (f=  3.05 Hz): sym=  1.95 GB  perm=  1.42 GB  num=  3.22 GB  
peak=  4.64 GB
 WD_amp= 5.66562E+13  RESID_RMS= 7.52179E-04  FCOST_DATA= 2.82887E-07  FCOST0= 2.82887E-07
BT: alpha=  5.5802E-03  phi=  2.8289E-07  rhs=  2.8166E-07
 UPDATEPARAMETER: f-scale only
UPDATEPARAMETER PAR_STEP min/max, V_STEP min/max =  4.5090000000E+01  9.7103334271E+01
  4.5090000000E+01  9.7103334271E+01
 running run_ik_loop_pardiso
before CA | VmRSS=  16.403 GB  VmHWM=  81.104 GB
after CA | VmRSS=  17.229 GB  VmHWM=  81.104 GB
after factor | VmRSS=  20.998 GB  VmHWM=  81.104 GB
f=     3.050 Hz | ky=  0.454475E-03 | IK=       1/      55 | t=   16.920200 s | CA=  2.4592 | fact= 12.6201 | GF=  1.8406 | solve=  1.6879 | scatter=  0.0524
f=     3.050 Hz | ky=  0.908951E-03 | IK=       2/      55 | t=    6.648000 s | CA=  2.4803 | fact=  2.4223 | GF=  1.7454 | solve=  1.6214 | scatter=  0.0529
f=     3.050 Hz | ky=  0.136343E-02 | IK=       3/      55 | t=    6.704800 s | CA=  2.5428 | fact=  2.4193 | GF=  1.7427 | solve=  1.6199 | scatter=  0.0516
f=     3.050 Hz | ky=  0.181790E-02 | IK=       4/      55 | t=    6.650200 s | CA=  2.4848 | fact=  2.4247 | GF=  1.7407 | solve=  1.6189 | scatter=  0.0507
f=     3.050 Hz | ky=  0.227238E-02 | IK=       5/      55 | t=    6.655900 s | CA=  2.5171 | fact=  2.3878 | GF=  1.7510 | solve=  1.6277 | scatter=  0.0522
f=     3.050 Hz | ky=  0.272685E-02 | IK=       6/      55 | t=    6.678400 s | CA=  2.5089 | fact=  2.4220 | GF=  1.7475 | solve=  1.6252 | scatter=  0.0511
f=     3.050 Hz | ky=  0.318133E-02 | IK=       7/      55 | t=    6.668000 s | CA=  2.4999 | fact=  2.4232 | GF=  1.7449 | solve=  1.6232 | scatter=  0.0504
f=     3.050 Hz | ky=  0.363580E-02 | IK=       8/      55 | t=    6.649900 s | CA=  2.4769 | fact=  2.4240 | GF=  1.7489 | solve=  1.6263 | scatter=  0.0514
f=     3.050 Hz | ky=  0.409028E-02 | IK=       9/      55 | t=    6.724400 s | CA=  2.5484 | fact=  2.4296 | GF=  1.7464 | solve=  1.6235 | scatter=  0.0516
f=     3.050 Hz | ky=  0.454475E-02 | IK=      10/      55 | t=    6.711600 s | CA=  2.5210 | fact=  2.4184 | GF=  1.7722 | solve=  1.6496 | scatter=  0.0514
PARDISO mem (f=  3.05 Hz): sym=  1.95 GB  perm=  1.42 GB  num=  3.22 GB  
peak=  4.64 GB
 WD_amp= 5.66562E+13  RESID_RMS= 7.51332E-04  FCOST_DATA= 2.82250E-07  FCOST0= 2.82250E-07
BT: alpha=  2.7901E-03  phi=  2.8225E-07  rhs=  2.8166E-07
 UPDATEPARAMETER: f-scale only
UPDATEPARAMETER PAR_STEP min/max, V_STEP min/max =  4.5090000000E+01  9.7100167135E+01
  4.5090000000E+01  9.7100167135E+01
 running run_ik_loop_pardiso
before CA | VmRSS=  16.413 GB  VmHWM=  81.104 GB
after CA | VmRSS=  17.712 GB  VmHWM=  81.104 GB
after factor | VmRSS=  21.482 GB  VmHWM=  81.104 GB
f=     3.050 Hz | ky=  0.454475E-03 | IK=       1/      55 | t=   16.925300 s | CA=  2.4535 | fact= 12.6318 | GF=  1.8398 | solve=  1.6887 | scatter=  0.0500
f=     3.050 Hz | ky=  0.908951E-03 | IK=       2/      55 | t=    6.641400 s | CA=  2.4914 | fact=  2.4107 | GF=  1.7392 | solve=  1.6164 | scatter=  0.0513
f=     3.050 Hz | ky=  0.136343E-02 | IK=       3/      55 | t=    6.617700 s | CA=  2.4561 | fact=  2.4180 | GF=  1.7435 | solve=  1.6209 | scatter=  0.0514
f=     3.050 Hz | ky=  0.181790E-02 | IK=       4/      55 | t=    6.644300 s | CA=  2.4937 | fact=  2.4089 | GF=  1.7416 | solve=  1.6206 | scatter=  0.0498
f=     3.050 Hz | ky=  0.227238E-02 | IK=       5/      55 | t=    6.650400 s | CA=  2.4911 | fact=  2.4176 | GF=  1.7417 | solve=  1.6196 | scatter=  0.0509
f=     3.050 Hz | ky=  0.272685E-02 | IK=       6/      55 | t=    6.674900 s | CA=  2.5144 | fact=  2.4155 | GF=  1.7450 | solve=  1.6229 | scatter=  0.0508
f=     3.050 Hz | ky=  0.318133E-02 | IK=       7/      55 | t=    6.636200 s | CA=  2.4825 | fact=  2.4138 | GF=  1.7399 | solve=  1.6181 | scatter=  0.0506
f=     3.050 Hz | ky=  0.363580E-02 | IK=       8/      55 | t=    6.621400 s | CA=  2.4704 | fact=  2.4107 | GF=  1.7403 | solve=  1.6192 | scatter=  0.0495
f=     3.050 Hz | ky=  0.409028E-02 | IK=       9/      55 | t=    6.695300 s | CA=  2.5323 | fact=  2.4197 | GF=  1.7432 | solve=  1.6204 | scatter=  0.0516
f=     3.050 Hz | ky=  0.454475E-02 | IK=      10/      55 | t=    6.624900 s | CA=  2.4598 | fact=  2.4184 | GF=  1.7467 | solve=  1.6233 | scatter=  0.0520
PARDISO mem (f=  3.05 Hz): sym=  1.95 GB  perm=  1.42 GB  num=  3.22 GB  
peak=  4.64 GB
 WD_amp= 5.66562E+13  RESID_RMS= 7.50931E-04  FCOST_DATA= 2.81949E-07  FCOST0= 2.81949E-07
BT: alpha=  1.3951E-03  phi=  2.8195E-07  rhs=  2.8166E-07
 UPDATEPARAMETER: f-scale only
UPDATEPARAMETER PAR_STEP min/max, V_STEP min/max =  4.5090000000E+01  9.7098583568E+01
  4.5090000000E+01  9.7098583568E+01
 running run_ik_loop_pardiso
before CA | VmRSS=  16.404 GB  VmHWM=  81.104 GB
after CA | VmRSS=  17.127 GB  VmHWM=  81.104 GB
after factor | VmRSS=  20.882 GB  VmHWM=  81.104 GB
f=     3.050 Hz | ky=  0.454475E-03 | IK=       1/      55 | t=   16.964500 s | CA=  2.5000 | fact= 12.6198 | GF=  1.8444 | solve=  1.6932 | scatter=  0.0505
f=     3.050 Hz | ky=  0.908951E-03 | IK=       2/      55 | t=    6.612800 s | CA=  2.4787 | fact=  2.3939 | GF=  1.7401 | solve=  1.6184 | scatter=  0.0504
f=     3.050 Hz | ky=  0.136343E-02 | IK=       3/      55 | t=    6.640100 s | CA=  2.4785 | fact=  2.4185 | GF=  1.7430 | solve=  1.6203 | scatter=  0.0511
f=     3.050 Hz | ky=  0.181790E-02 | IK=       4/      55 | t=    6.647900 s | CA=  2.4919 | fact=  2.4087 | GF=  1.7472 | solve=  1.6258 | scatter=  0.0502
f=     3.050 Hz | ky=  0.227238E-02 | IK=       5/      55 | t=    6.647800 s | CA=  2.4908 | fact=  2.4151 | GF=  1.7419 | solve=  1.6205 | scatter=  0.0498
f=     3.050 Hz | ky=  0.272685E-02 | IK=       6/      55 | t=    6.612200 s | CA=  2.4556 | fact=  2.4151 | GF=  1.7414 | solve=  1.6179 | scatter=  0.0524
f=     3.050 Hz | ky=  0.318133E-02 | IK=       7/      55 | t=    6.711600 s | CA=  2.5501 | fact=  2.4168 | GF=  1.7447 | solve=  1.6218 | scatter=  0.0516
f=     3.050 Hz | ky=  0.363580E-02 | IK=       8/      55 | t=    6.659700 s | CA=  2.4939 | fact=  2.4217 | GF=  1.7440 | solve=  1.6211 | scatter=  0.0515
f=     3.050 Hz | ky=  0.409028E-02 | IK=       9/      55 | t=    6.673600 s | CA=  2.5082 | fact=  2.4233 | GF=  1.7421 | solve=  1.6192 | scatter=  0.0514
f=     3.050 Hz | ky=  0.454475E-02 | IK=      10/      55 | t=    6.649100 s | CA=  2.4878 | fact=  2.4147 | GF=  1.7465 | solve=  1.6244 | scatter=  0.0509
PARDISO mem (f=  3.05 Hz): sym=  1.95 GB  perm=  1.42 GB  num=  3.22 GB  
peak=  4.64 GB
 WD_amp= 5.66562E+13  RESID_RMS= 7.50737E-04  FCOST_DATA= 2.81803E-07  FCOST0= 2.81803E-07
BT: alpha=  6.9753E-04  phi=  2.8180E-07  rhs=  2.8166E-07
 UPDATEPARAMETER: f-scale only
UPDATEPARAMETER PAR_STEP min/max, V_STEP min/max =  4.5090000000E+01  9.7097791784E+01
  4.5090000000E+01  9.7097791784E+01
 running run_ik_loop_pardiso
before CA | VmRSS=  16.409 GB  VmHWM=  81.104 GB
after CA | VmRSS=  17.009 GB  VmHWM=  81.104 GB
after factor | VmRSS=  20.774 GB  VmHWM=  81.104 GB
f=     3.050 Hz | ky=  0.454475E-03 | IK=       1/      55 | t=   16.923400 s | CA=  2.4659 | fact= 12.6146 | GF=  1.8427 | solve=  1.6909 | scatter=  0.0508
f=     3.050 Hz | ky=  0.908951E-03 | IK=       2/      55 | t=    6.648100 s | CA=  2.4878 | fact=  2.4157 | GF=  1.7445 | solve=  1.6233 | scatter=  0.0499
f=     3.050 Hz | ky=  0.136343E-02 | IK=       3/      55 | t=    6.597100 s | CA=  2.4831 | fact=  2.3744 | GF=  1.7396 | solve=  1.6180 | scatter=  0.0504
f=     3.050 Hz | ky=  0.181790E-02 | IK=       4/      55 | t=    6.634500 s | CA=  2.4838 | fact=  2.4123 | GF=  1.7384 | solve=  1.6159 | scatter=  0.0509
f=     3.050 Hz | ky=  0.227238E-02 | IK=       5/      55 | t=    6.630300 s | CA=  2.4953 | fact=  2.3891 | GF=  1.7459 | solve=  1.6255 | scatter=  0.0491
f=     3.050 Hz | ky=  0.272685E-02 | IK=       6/      55 | t=    6.668300 s | CA=  2.5036 | fact=  2.4233 | GF=  1.7413 | solve=  1.6184 | scatter=  0.0517
f=     3.050 Hz | ky=  0.318133E-02 | IK=       7/      55 | t=    6.602800 s | CA=  2.4849 | fact=  2.3734 | GF=  1.7445 | solve=  1.6222 | scatter=  0.0507
f=     3.050 Hz | ky=  0.363580E-02 | IK=       8/      55 | t=    6.666600 s | CA=  2.5088 | fact=  2.4130 | GF=  1.7448 | solve=  1.6218 | scatter=  0.0516
f=     3.050 Hz | ky=  0.409028E-02 | IK=       9/      55 | t=    6.667600 s | CA=  2.5038 | fact=  2.4215 | GF=  1.7422 | solve=  1.6190 | scatter=  0.0517
f=     3.050 Hz | ky=  0.454475E-02 | IK=      10/      55 | t=    6.656600 s | CA=  2.4938 | fact=  2.4155 | GF=  1.7473 | solve=  1.6246 | scatter=  0.0513
PARDISO mem (f=  3.05 Hz): sym=  1.95 GB  perm=  1.42 GB  num=  3.22 GB  
peak=  4.64 GB
 WD_amp= 5.66562E+13  RESID_RMS= 7.50642E-04  FCOST_DATA= 2.81732E-07  FCOST0= 2.81732E-07
BT: alpha=  3.4876E-04  phi=  2.8173E-07  rhs=  2.8166E-07
 UPDATEPARAMETER: f-scale only
UPDATEPARAMETER PAR_STEP min/max, V_STEP min/max =  4.5090000000E+01  9.7097395892E+01
  4.5090000000E+01  9.7097395892E+01
 running run_ik_loop_pardiso
before CA | VmRSS=  16.394 GB  VmHWM=  81.104 GB
after CA | VmRSS=  17.859 GB  VmHWM=  81.104 GB
after factor | VmRSS=  21.617 GB  VmHWM=  81.104 GB
f=     3.050 Hz | ky=  0.454475E-03 | IK=       1/      55 | t=   16.973500 s | CA=  2.4933 | fact= 12.6352 | GF=  1.8448 | solve=  1.6926 | scatter=  0.0515
f=     3.050 Hz | ky=  0.908951E-03 | IK=       2/      55 | t=    6.641500 s | CA=  2.4858 | fact=  2.4118 | GF=  1.7439 | solve=  1.6208 | scatter=  0.0517
f=     3.050 Hz | ky=  0.136343E-02 | IK=       3/      55 | t=    6.687600 s | CA=  2.5438 | fact=  2.4018 | GF=  1.7420 | solve=  1.6192 | scatter=  0.0511
f=     3.050 Hz | ky=  0.181790E-02 | IK=       4/      55 | t=    6.620200 s | CA=  2.4697 | fact=  2.4123 | GF=  1.7382 | solve=  1.6171 | scatter=  0.0499
f=     3.050 Hz | ky=  0.227238E-02 | IK=       5/      55 | t=    6.667200 s | CA=  2.5123 | fact=  2.4088 | GF=  1.7461 | solve=  1.6237 | scatter=  0.0513
f=     3.050 Hz | ky=  0.272685E-02 | IK=       6/      55 | t=    6.641000 s | CA=  2.4829 | fact=  2.4099 | GF=  1.7481 | solve=  1.6257 | scatter=  0.0512
f=     3.050 Hz | ky=  0.318133E-02 | IK=       7/      55 | t=    6.687800 s | CA=  2.5230 | fact=  2.4204 | GF=  1.7443 | solve=  1.6219 | scatter=  0.0512
f=     3.050 Hz | ky=  0.363580E-02 | IK=       8/      55 | t=    6.673100 s | CA=  2.4928 | fact=  2.4292 | GF=  1.7510 | solve=  1.6284 | scatter=  0.0510
f=     3.050 Hz | ky=  0.409028E-02 | IK=       9/      55 | t=    6.694900 s | CA=  2.5295 | fact=  2.4137 | GF=  1.7516 | solve=  1.6290 | scatter=  0.0510
f=     3.050 Hz | ky=  0.454475E-02 | IK=      10/      55 | t=    6.720600 s | CA=  2.5457 | fact=  2.4289 | GF=  1.7460 | solve=  1.6240 | scatter=  0.0506
PARDISO mem (f=  3.05 Hz): sym=  1.95 GB  perm=  1.42 GB  num=  3.22 GB  
peak=  4.64 GB
 WD_amp= 5.66562E+13  RESID_RMS= 7.50595E-04  FCOST_DATA= 2.81696E-07  FCOST0= 2.81696E-07
BT: alpha=  1.7438E-04  phi=  2.8170E-07  rhs=  2.8166E-07
 UPDATEPARAMETER: f-scale only
UPDATEPARAMETER PAR_STEP min/max, V_STEP min/max =  4.5090000000E+01  9.7097197946E+01
  4.5090000000E+01  9.7097197946E+01
 running run_ik_loop_pardiso
before CA | VmRSS=  16.414 GB  VmHWM=  81.104 GB
after CA | VmRSS=  17.524 GB  VmHWM=  81.104 GB
after factor | VmRSS=  21.294 GB  VmHWM=  81.104 GB
f=     3.050 Hz | ky=  0.454475E-03 | IK=       1/      55 | t=   16.940500 s | CA=  2.4754 | fact= 12.6292 | GF=  1.8357 | solve=  1.6856 | scatter=  0.0495
f=     3.050 Hz | ky=  0.908951E-03 | IK=       2/      55 | t=    6.666700 s | CA=  2.4991 | fact=  2.4194 | GF=  1.7481 | solve=  1.6251 | scatter=  0.0518
f=     3.050 Hz | ky=  0.136343E-02 | IK=       3/      55 | t=    6.643600 s | CA=  2.4876 | fact=  2.4159 | GF=  1.7401 | solve=  1.6170 | scatter=  0.0514
f=     3.050 Hz | ky=  0.181790E-02 | IK=       4/      55 | t=    6.661900 s | CA=  2.5261 | fact=  2.3995 | GF=  1.7362 | solve=  1.6145 | scatter=  0.0503
f=     3.050 Hz | ky=  0.227238E-02 | IK=       5/      55 | t=    6.650500 s | CA=  2.4878 | fact=  2.4219 | GF=  1.7408 | solve=  1.6187 | scatter=  0.0509
f=     3.050 Hz | ky=  0.272685E-02 | IK=       6/      55 | t=    6.662700 s | CA=  2.5012 | fact=  2.4195 | GF=  1.7420 | solve=  1.6188 | scatter=  0.0518
f=     3.050 Hz | ky=  0.318133E-02 | IK=       7/      55 | t=    6.627100 s | CA=  2.4901 | fact=  2.3984 | GF=  1.7386 | solve=  1.6160 | scatter=  0.0513
f=     3.050 Hz | ky=  0.363580E-02 | IK=       8/      55 | t=    6.636700 s | CA=  2.4946 | fact=  2.3962 | GF=  1.7458 | solve=  1.6231 | scatter=  0.0513
f=     3.050 Hz | ky=  0.409028E-02 | IK=       9/      55 | t=    6.770400 s | CA=  2.5801 | fact=  2.4180 | GF=  1.7723 | solve=  1.6489 | scatter=  0.0519
f=     3.050 Hz | ky=  0.454475E-02 | IK=      10/      55 | t=    6.689300 s | CA=  2.5306 | fact=  2.4163 | GF=  1.7424 | solve=  1.6194 | scatter=  0.0515
PARDISO mem (f=  3.05 Hz): sym=  1.95 GB  perm=  1.42 GB  num=  3.22 GB  
peak=  4.64 GB
 WD_amp= 5.66562E+13  RESID_RMS= 7.50571E-04  FCOST_DATA= 2.81678E-07  FCOST0= 2.81678E-07
BT: alpha=  8.7191E-05  phi=  2.8168E-07  rhs=  2.8166E-07
 UPDATEPARAMETER: f-scale only
UPDATEPARAMETER PAR_STEP min/max, V_STEP min/max =  4.5090000000E+01  9.7097098973E+01
  4.5090000000E+01  9.7097098973E+01
 running run_ik_loop_pardiso
before CA | VmRSS=  16.406 GB  VmHWM=  81.104 GB
after CA | VmRSS=  17.205 GB  VmHWM=  81.104 GB
after factor | VmRSS=  20.972 GB  VmHWM=  81.104 GB
f=     3.050 Hz | ky=  0.454475E-03 | IK=       1/      55 | t=   17.009600 s | CA=  2.5305 | fact= 12.6369 | GF=  1.8420 | solve=  1.6896 | scatter=  0.0517
f=     3.050 Hz | ky=  0.908951E-03 | IK=       2/      55 | t=    6.671200 s | CA=  2.5088 | fact=  2.4154 | GF=  1.7469 | solve=  1.6237 | scatter=  0.0520
f=     3.050 Hz | ky=  0.136343E-02 | IK=       3/      55 | t=    6.757000 s | CA=  2.5894 | fact=  2.4286 | GF=  1.7390 | solve=  1.6178 | scatter=  0.0500
f=     3.050 Hz | ky=  0.181790E-02 | IK=       4/      55 | t=    6.648700 s | CA=  2.4765 | fact=  2.4236 | GF=  1.7486 | solve=  1.6261 | scatter=  0.0510
f=     3.050 Hz | ky=  0.227238E-02 | IK=       5/      55 | t=    6.663400 s | CA=  2.5024 | fact=  2.4178 | GF=  1.7432 | solve=  1.6226 | scatter=  0.0494
f=     3.050 Hz | ky=  0.272685E-02 | IK=       6/      55 | t=    6.700500 s | CA=  2.5394 | fact=  2.4174 | GF=  1.7437 | solve=  1.6215 | scatter=  0.0508
f=     3.050 Hz | ky=  0.318133E-02 | IK=       7/      55 | t=    6.668600 s | CA=  2.5078 | fact=  2.4216 | GF=  1.7392 | solve=  1.6177 | scatter=  0.0502
f=     3.050 Hz | ky=  0.363580E-02 | IK=       8/      55 | t=    6.676500 s | CA=  2.5133 | fact=  2.4190 | GF=  1.7441 | solve=  1.6222 | scatter=  0.0508
f=     3.050 Hz | ky=  0.409028E-02 | IK=       9/      55 | t=    6.670500 s | CA=  2.5028 | fact=  2.4221 | GF=  1.7455 | solve=  1.6215 | scatter=  0.0527
f=     3.050 Hz | ky=  0.454475E-02 | IK=      10/      55 | t=    6.673100 s | CA=  2.5204 | fact=  2.4054 | GF=  1.7473 | solve=  1.6244 | scatter=  0.0514
PARDISO mem (f=  3.05 Hz): sym=  1.95 GB  perm=  1.42 GB  num=  3.22 GB  
peak=  4.64 GB
 WD_amp= 5.66562E+13  RESID_RMS= 7.50559E-04  FCOST_DATA= 2.81669E-07  FCOST0= 2.81669E-07
BT: alpha=  4.3595E-05  phi=  2.8167E-07  rhs=  2.8166E-07
 UPDATEPARAMETER: f-scale only
UPDATEPARAMETER PAR_STEP min/max, V_STEP min/max =  4.5090000000E+01  9.7097049486E+01
  4.5090000000E+01  9.7097049486E+01
 running run_ik_loop_pardiso
before CA | VmRSS=  16.396 GB  VmHWM=  81.104 GB
after CA | VmRSS=  17.768 GB  VmHWM=  81.104 GB
after factor | VmRSS=  21.535 GB  VmHWM=  81.104 GB
f=     3.050 Hz | ky=  0.454475E-03 | IK=       1/      55 | t=   16.901800 s | CA=  2.4695 | fact= 12.5940 | GF=  1.8381 | solve=  1.6865 | scatter=  0.0505
f=     3.050 Hz | ky=  0.908951E-03 | IK=       2/      55 | t=    6.671000 s | CA=  2.5153 | fact=  2.4212 | GF=  1.7345 | solve=  1.6126 | scatter=  0.0506
f=     3.050 Hz | ky=  0.136343E-02 | IK=       3/      55 | t=    6.678500 s | CA=  2.5173 | fact=  2.4150 | GF=  1.7461 | solve=  1.6228 | scatter=  0.0521
f=     3.050 Hz | ky=  0.181790E-02 | IK=       4/      55 | t=    6.655700 s | CA=  2.4934 | fact=  2.4207 | GF=  1.7416 | solve=  1.6190 | scatter=  0.0513
f=     3.050 Hz | ky=  0.227238E-02 | IK=       5/      55 | t=    6.695100 s | CA=  2.5286 | fact=  2.4253 | GF=  1.7412 | solve=  1.6204 | scatter=  0.0494
f=     3.050 Hz | ky=  0.272685E-02 | IK=       6/      55 | t=    6.749200 s | CA=  2.5855 | fact=  2.4187 | GF=  1.7450 | solve=  1.6228 | scatter=  0.0508
f=     3.050 Hz | ky=  0.318133E-02 | IK=       7/      55 | t=    6.669600 s | CA=  2.5058 | fact=  2.4214 | GF=  1.7423 | solve=  1.6206 | scatter=  0.0503
f=     3.050 Hz | ky=  0.363580E-02 | IK=       8/      55 | t=    6.611200 s | CA=  2.4832 | fact=  2.3852 | GF=  1.7427 | solve=  1.6205 | scatter=  0.0509
f=     3.050 Hz | ky=  0.409028E-02 | IK=       9/      55 | t=    6.664500 s | CA=  2.4935 | fact=  2.4257 | GF=  1.7453 | solve=  1.6225 | scatter=  0.0515
f=     3.050 Hz | ky=  0.454475E-02 | IK=      10/      55 | t=    6.698600 s | CA=  2.5257 | fact=  2.4253 | GF=  1.7475 | solve=  1.6225 | scatter=  0.0536
PARDISO mem (f=  3.05 Hz): sym=  1.95 GB  perm=  1.42 GB  num=  3.22 GB  
peak=  4.64 GB
 WD_amp= 5.66562E+13  RESID_RMS= 7.50553E-04  FCOST_DATA= 2.81665E-07  FCOST0= 2.81665E-07
BT: alpha=  2.1798E-05  phi=  2.8167E-07  rhs=  2.8166E-07
 UPDATEPARAMETER: f-scale only
UPDATEPARAMETER PAR_STEP min/max, V_STEP min/max =  4.5090000000E+01  9.7097022703E+01
  4.5090000000E+01  9.7097022703E+01
 running run_ik_loop_pardiso
before CA | VmRSS=  16.402 GB  VmHWM=  81.104 GB
after CA | VmRSS=  17.611 GB  VmHWM=  81.104 GB
after factor | VmRSS=  21.382 GB  VmHWM=  81.104 GB
f=     3.050 Hz | ky=  0.454475E-03 | IK=       1/      55 | t=   16.990300 s | CA=  2.5149 | fact= 12.6338 | GF=  1.8414 | solve=  1.6882 | scatter=  0.0524
f=     3.050 Hz | ky=  0.908951E-03 | IK=       2/      55 | t=    6.704300 s | CA=  2.5488 | fact=  2.4125 | GF=  1.7429 | solve=  1.6187 | scatter=  0.0529
f=     3.050 Hz | ky=  0.136343E-02 | IK=       3/      55 | t=    6.711900 s | CA=  2.5568 | fact=  2.4160 | GF=  1.7390 | solve=  1.6166 | scatter=  0.0513
f=     3.050 Hz | ky=  0.181790E-02 | IK=       4/      55 | t=    6.644200 s | CA=  2.5188 | fact=  2.4183 | GF=  1.7071 | solve=  1.5862 | scatter=  0.0498
f=     3.050 Hz | ky=  0.227238E-02 | IK=       5/      55 | t=    6.665800 s | CA=  2.5467 | fact=  2.4087 | GF=  1.7103 | solve=  1.5872 | scatter=  0.0520
f=     3.050 Hz | ky=  0.272685E-02 | IK=       6/      55 | t=    6.645900 s | CA=  2.5168 | fact=  2.4191 | GF=  1.7100 | solve=  1.5881 | scatter=  0.0506
f=     3.050 Hz | ky=  0.318133E-02 | IK=       7/      55 | t=    6.726100 s | CA=  2.5877 | fact=  2.4339 | GF=  1.7045 | solve=  1.5825 | scatter=  0.0507
f=     3.050 Hz | ky=  0.363580E-02 | IK=       8/      55 | t=    6.604700 s | CA=  2.4970 | fact=  2.3967 | GF=  1.7109 | solve=  1.5879 | scatter=  0.0516
f=     3.050 Hz | ky=  0.409028E-02 | IK=       9/      55 | t=    6.705700 s | CA=  2.5704 | fact=  2.4288 | GF=  1.7065 | solve=  1.5834 | scatter=  0.0518
f=     3.050 Hz | ky=  0.454475E-02 | IK=      10/      55 | t=    6.647500 s | CA=  2.5122 | fact=  2.4271 | GF=  1.7082 | solve=  1.5857 | scatter=  0.0510
PARDISO mem (f=  3.05 Hz): sym=  1.95 GB  perm=  1.42 GB  num=  3.22 GB  
peak=  4.64 GB
 WD_amp= 5.66562E+13  RESID_RMS= 7.50550E-04  FCOST_DATA= 2.81663E-07  FCOST0= 2.81663E-07
 Backtrack: failed after MAX_IT
 Line search failed (IFLAG=          11 ), inversion diverged.
 --------- Frequency   3.30000000000000       (band            1 )
[ComputeAcqWeight] empty acq_weight_file, using uniform weights = 1.0
Data weighting computed for frequency 4607182418800017373
Data weighting computed for frequency 4607182418800017373
Data weighting computed for frequency 4607182418800017373
Data weighting computed for frequency 4607182418800017373
Data weighting computed for frequency 4607182418800017373
XSRmin, XSRmax, ZSRmin, ZSRMax -1960.000000000000 .000000000000000 2050.000000000000 4030.000000000000
1 FKYC
1.2 FKYC
my_rank, FKYC,WLMAX, RMAX 0 .2704501501785996E-01 1552.357210558415 2786.036611389018
1.1 NK
NK in cky2= 55

  Number of wavenumber samples (NK) for FREQ =   55
Data weighting computed for frequency 4607182418800017373
  RMAX = 2786.04
--- Pre-solver preview (memory + RHS workload) ---
   GQG dims: NNX=       585  NNZ=       317  NPT=    185445
   DOF:     N=3*NPT =    556335
   Sources: NSR=       100  NSS=        20  NK=        55
   RHS total (per IK): nrhs_tot=3*NSS =        60
   Batch:    MAX_RHS_BATCH=        32  nbatches=         2
   GFMY  (GFX+GFY+GFZ):         13.679 GB
   RHS_MY(rhs+sol buffers):      0.531 GB
 
 running run_ik_loop_pardiso
before CA | VmRSS=  15.489 GB  VmHWM=  81.104 GB
after CA | VmRSS=  16.798 GB  VmHWM=  81.104 GB
after factor | VmRSS=  20.557 GB  VmHWM=  81.104 GB
f=     3.300 Hz | ky=  0.491728E-03 | IK=       1/      55 | t=   16.931000 s | CA=  2.4815 | fact= 12.6094 | GF=  1.8399 | solve=  1.6888 | scatter=  0.0501
f=     3.300 Hz | ky=  0.983455E-03 | IK=       2/      55 | t=    6.610800 s | CA=  2.4803 | fact=  2.3914 | GF=  1.7391 | solve=  1.6165 | scatter=  0.0513
f=     3.300 Hz | ky=  0.147518E-02 | IK=       3/      55 | t=    6.693600 s | CA=  2.5410 | fact=  2.4134 | GF=  1.7392 | solve=  1.6172 | scatter=  0.0507
f=     3.300 Hz | ky=  0.196691E-02 | IK=       4/      55 | t=    6.633900 s | CA=  2.4736 | fact=  2.4191 | GF=  1.7411 | solve=  1.6191 | scatter=  0.0506
f=     3.300 Hz | ky=  0.245864E-02 | IK=       5/      55 | t=    6.650800 s | CA=  2.4900 | fact=  2.4199 | GF=  1.7408 | solve=  1.6183 | scatter=  0.0513
f=     3.300 Hz | ky=  0.295037E-02 | IK=       6/      55 | t=    6.648400 s | CA=  2.4967 | fact=  2.4113 | GF=  1.7403 | solve=  1.6167 | scatter=  0.0522
f=     3.300 Hz | ky=  0.344209E-02 | IK=       7/      55 | t=    6.604600 s | CA=  2.4547 | fact=  2.4050 | GF=  1.7448 | solve=  1.6220 | scatter=  0.0510
f=     3.300 Hz | ky=  0.393382E-02 | IK=       8/      55 | t=    6.653100 s | CA=  2.4945 | fact=  2.4161 | GF=  1.7425 | solve=  1.6228 | scatter=  0.0485
f=     3.300 Hz | ky=  0.442555E-02 | IK=       9/      55 | t=    6.644800 s | CA=  2.4824 | fact=  2.4212 | GF=  1.7412 | solve=  1.6185 | scatter=  0.0512
f=     3.300 Hz | ky=  0.491728E-02 | IK=      10/      55 | t=    6.679700 s | CA=  2.5168 | fact=  2.4162 | GF=  1.7466 | solve=  1.6248 | scatter=  0.0505
PARDISO mem (f=  3.30 Hz): sym=  1.95 GB  perm=  1.42 GB  num=  3.22 GB  
peak=  4.64 GB
t_global   =    107.707 s
TIME for 1st forward modeling =  1.794910049438477  min
TIME for GT0 =  .5258333186308543E-02  min
Data scaler W for L2 norm: 58592054187033.55
Data scaler W for WQS norm: .1007948000807317E-312
Total number of active inversion parameters for current sequential stage (IM):          1
Total model blocks points (NM = IM * NBLOCK):      11534 on grid (NMM = IM * NPT):    185445
 Gradient balance ():   1.00000000000000        1.00000000000000     
   1.00000000000000        1.00000000000000        1.00000000000000     
   1.00000000000000        1.00000000000000        1.00000000000000     
   1.00000000000000        1.00000000000000        1.00000000000000     
 IE0, IZ          30           0
 IE0, IZ, GZ1, GZ2 =           30           0   100.000000000000     
   300.000000000000     
  
 Frequency:           2 Iteration:           1
--- Pre-solver preview (memory + RHS workload) ---
   GQG dims: NNX=       585  NNZ=       317  NPT=    185445
   DOF:     N=3*NPT =    556335
   Sources: NSR=       100  NSS=       100  NK=        55
   RHS total (per IK): nrhs_tot=3*NSS =       300
   Batch:    MAX_RHS_BATCH=        32  nbatches=        10
   GFMY  (GFX+GFY+GFZ):         68.393 GB
   RHS_MY(rhs+sol buffers):      0.531 GB
 
 running run_ik_loop_pardiso
before CA | VmRSS=  71.094 GB  VmHWM=  81.104 GB
after CA | VmRSS=  71.730 GB  VmHWM=  81.104 GB
after factor | VmRSS=  75.499 GB  VmHWM=  81.104 GB
f=     3.300 Hz | ky=  0.491728E-03 | IK=       1/      55 | t=   23.704000 s | CA=  2.4520 | fact= 12.6200 | GF=  8.6319 | solve=  7.9885 | scatter=  0.2510
f=     3.300 Hz | ky=  0.983455E-03 | IK=       2/      55 | t=   13.394600 s | CA=  2.4476 | fact=  2.4143 | GF=  8.5327 | solve=  7.9245 | scatter=  0.2460
f=     3.300 Hz | ky=  0.147518E-02 | IK=       3/      55 | t=   13.419500 s | CA=  2.4755 | fact=  2.4182 | GF=  8.5257 | solve=  7.9142 | scatter=  0.2496
f=     3.300 Hz | ky=  0.196691E-02 | IK=       4/      55 | t=   13.459600 s | CA=  2.4815 | fact=  2.4180 | GF=  8.5600 | solve=  7.9462 | scatter=  0.2516
f=     3.300 Hz | ky=  0.245864E-02 | IK=       5/      55 | t=   13.466100 s | CA=  2.4720 | fact=  2.4257 | GF=  8.5684 | solve=  7.9567 | scatter=  0.2488
f=     3.300 Hz | ky=  0.295037E-02 | IK=       6/      55 | t=   13.465600 s | CA=  2.4888 | fact=  2.4223 | GF=  8.5545 | solve=  7.9378 | scatter=  0.2533
f=     3.300 Hz | ky=  0.344209E-02 | IK=       7/      55 | t=   13.477200 s | CA=  2.5126 | fact=  2.4143 | GF=  8.5502 | solve=  7.9361 | scatter=  0.2506
f=     3.300 Hz | ky=  0.393382E-02 | IK=       8/      55 | t=   13.464400 s | CA=  2.4933 | fact=  2.4220 | GF=  8.5491 | solve=  7.9360 | scatter=  0.2500
f=     3.300 Hz | ky=  0.442555E-02 | IK=       9/      55 | t=   13.517600 s | CA=  2.5139 | fact=  2.4244 | GF=  8.5792 | solve=  7.9648 | scatter=  0.2501
f=     3.300 Hz | ky=  0.491728E-02 | IK=      10/      55 | t=   13.491200 s | CA=  2.4987 | fact=  2.4223 | GF=  8.5702 | solve=  7.9523 | scatter=  0.2529
PARDISO mem (f=  3.30 Hz): sym=  1.95 GB  perm=  1.42 GB  num=  3.22 GB  
peak=  4.64 GB
t_global   =    299.262 s
TIME for 2d forward modeling_i calc =  4.985631815592448 min
Rank    5 -> ID range:   4001 to   4800 | Tasks:    800
Rank    4 -> ID range:   3201 to   4000 | Tasks:    800
Rank    3 -> ID range:   2401 to   3200 | Tasks:    800
Rank    2 -> ID range:   1601 to   2400 | Tasks:    800
Rank    1 -> ID range:    801 to   1600 | Tasks:    800
  
 -------------- calculate Frechet derivatives -----------
 IFREQ =           2    ITERATION =           1
Frechet memory size Frec_my:      0.825 (Gb)
Rank    0 -> ID range:      1 to    800 | Tasks:    800
FREQ:      3.3 Hz, ITER=       1  Frechet Derivative ID=     100/    4800 Finished   0.190500 s
FREQ:      3.3 Hz, ITER=       1  Frechet Derivative ID=     200/    4800 Finished   0.189000 s
FREQ:      3.3 Hz, ITER=       1  Frechet Derivative ID=     300/    4800 Finished   0.188000 s
FREQ:      3.3 Hz, ITER=       1  Frechet Derivative ID=     400/    4800 Finished   0.176800 s
FREQ:      3.3 Hz, ITER=       1  Frechet Derivative ID=     500/    4800 Finished   0.182500 s
FREQ:      3.3 Hz, ITER=       1  Frechet Derivative ID=     600/    4800 Finished   0.179600 s
FREQ:      3.3 Hz, ITER=       1  Frechet Derivative ID=     700/    4800 Finished   0.177400 s
FREQ:      3.3 Hz, ITER=       1  Frechet Derivative ID=     800/    4800 Finished   0.177000 s
||Frechet||_F=  1.5555E-13max|Frechet|=  3.9350E-18
 
TIME for Frechet calc =  3.041168212890625 min
 
m_fine: min=  4.5090E+01  max=  9.7097E+01  mean=  7.7744E+01  ||.||2=  3.4660E+04  size=  185445
m_coarse_prev: min=  4.5136E+01  max=  9.7097E+01  mean=  7.7765E+01  ||.||2=  8.6453E+03  size=   11534
 
  compute the residual and the cost function
 WD_amp= 5.85921E+13  RESID_RMS= 7.55333E-04  FCOST_DATA= 2.85264E-07  FCOST0= 2.85264E-07
||Frechet||_F=  1.5555E-13max|Frechet|=  3.9350E-18
||Frechet||_F=  1.5555E-13max|Frechet|=  3.9350E-18
||Frechet||_F=  1.5555E-13max|Frechet|=  3.9350E-18
||Frechet||_F=  1.5555E-13max|Frechet|=  3.9350E-18
||Frechet||_F=  1.5555E-13max|Frechet|=  3.9350E-18
IA= 11  H(single F0) min= 0.00000E+00  max= 1.25149E-03
IA= 11  H(F0^2)     min= 0.00000E+00  max= 1.25149E-03
IA= 11  H(single F0) min= 0.00000E+00  max= 1.25149E-03
IA= 11  H(F0^2)     min= 0.00000E+00  max= 1.25149E-03
HESSD: ia=  11  min= 0.00000E+00  max= 1.59799E+05
HESSD: ia=  11  min= 0.00000E+00  max= 1.59799E+05
IA= 11  H(single F0) min= 0.00000E+00  max= 1.25149E-03
IA= 11  H(F0^2)     min= 0.00000E+00  max= 1.25149E-03
HESSD: ia=  11  min= 0.00000E+00  max= 1.59799E+05
IA= 11  H(single F0) min= 0.00000E+00  max= 1.25149E-03
IA= 11  H(F0^2)     min= 0.00000E+00  max= 1.25149E-03
HESSD: ia=  11  min= 0.00000E+00  max= 1.59799E+05
IA= 11  H(single F0) min= 0.00000E+00  max= 1.25149E-03
IA= 11  H(F0^2)     min= 0.00000E+00  max= 1.25149E-03
HESSD: ia=  11  min= 0.00000E+00  max= 1.59799E+05
IA= 11  H(single F0) min= 0.00000E+00  max= 1.25149E-03
IA= 11  H(F0^2)     min= 0.00000E+00  max= 1.25149E-03
HESSD: ia=  11  min= 0.00000E+00  max= 1.59799E+05
Grad block  11 GRAD_SCALED MORM =   1.3868E-05
Raw grad block 11  PAR={Q66}  min= -3.8711E-10  max=  2.7515E-10  L2=  3.1406E-09
Gradient finished
Start LBFGS 
LBFGS steepest step , iter=      1
  g·p = -8.4152E-07  ||p|| =  2.2413E-01
  min(p)= -1.5219E-02  max(p)=  1.7193E-02
LBFGS p_k (unscaled) stats per active parameter:
  IA= 11  PAR={Q66}  min=-6.93491E+01  max= 7.83423E+01  L2= 1.02128E+03
min(p_k)= -1.5219E-02  max(p_k)=  1.7193E-02  ||p_k||=  2.2413E-01
min(p_kf)= -1.5219E-02  max(p_kf)=  1.7193E-02  ||p_kf||=  8.9653E-01
p_k/p_kf  =   2.5000E-01
Start linesearch
BT entry: phi(0)=  2.8526E-07  g·p(0)= -8.4152E-07
 UPDATEPARAMETER: f-scale only
UPDATEPARAMETER PAR_STEP min/max, V_STEP min/max =  9.4985176204E-01  1.3569195542E+02
  9.4985176204E-01  1.3569195542E+02
REL STEP Q      : k= 11 row=  6 rmax_k=  1.4015E+00 row_scale=  9.7097E+01
BT cap probe: rmax1=  1.4015E+00  alpha_cap=  3.5675E-01  alpha00=  1.0000E+00
 UPDATEPARAMETER: f-scale only
UPDATEPARAMETER PAR_STEP min/max, V_STEP min/max =  3.8088590654E+01  9.8120611754E+01
  3.8088590654E+01  9.8120611754E+01
 running run_ik_loop_pardiso
before CA | VmRSS=  16.407 GB  VmHWM=  81.118 GB
after CA | VmRSS=  17.656 GB  VmHWM=  81.118 GB
after factor | VmRSS=  21.419 GB  VmHWM=  81.118 GB
f=     3.300 Hz | ky=  0.491728E-03 | IK=       1/      55 | t=   16.926800 s | CA=  2.4501 | fact= 12.6370 | GF=  1.8395 | solve=  1.6885 | scatter=  0.0507
f=     3.300 Hz | ky=  0.983455E-03 | IK=       2/      55 | t=    6.655100 s | CA=  2.4835 | fact=  2.4221 | GF=  1.7494 | solve=  1.6267 | scatter=  0.0514
f=     3.300 Hz | ky=  0.147518E-02 | IK=       3/      55 | t=    6.642300 s | CA=  2.5023 | fact=  2.3949 | GF=  1.7451 | solve=  1.6210 | scatter=  0.0529
f=     3.300 Hz | ky=  0.196691E-02 | IK=       4/      55 | t=    6.677800 s | CA=  2.5359 | fact=  2.3942 | GF=  1.7477 | solve=  1.6246 | scatter=  0.0519
f=     3.300 Hz | ky=  0.245864E-02 | IK=       5/      55 | t=    6.690600 s | CA=  2.5186 | fact=  2.4275 | GF=  1.7444 | solve=  1.6211 | scatter=  0.0519
f=     3.300 Hz | ky=  0.295037E-02 | IK=       6/      55 | t=    6.679300 s | CA=  2.5217 | fact=  2.4134 | GF=  1.7441 | solve=  1.6221 | scatter=  0.0504
f=     3.300 Hz | ky=  0.344209E-02 | IK=       7/      55 | t=    6.623800 s | CA=  2.4572 | fact=  2.4230 | GF=  1.7436 | solve=  1.6213 | scatter=  0.0509
f=     3.300 Hz | ky=  0.393382E-02 | IK=       8/      55 | t=    6.632000 s | CA=  2.4949 | fact=  2.3914 | GF=  1.7457 | solve=  1.6227 | scatter=  0.0517
f=     3.300 Hz | ky=  0.442555E-02 | IK=       9/      55 | t=    6.671500 s | CA=  2.5020 | fact=  2.4237 | GF=  1.7458 | solve=  1.6234 | scatter=  0.0509
f=     3.300 Hz | ky=  0.491728E-02 | IK=      10/      55 | t=    6.642000 s | CA=  2.4683 | fact=  2.4285 | GF=  1.7451 | solve=  1.6221 | scatter=  0.0517
PARDISO mem (f=  3.30 Hz): sym=  1.95 GB  perm=  1.42 GB  num=  3.22 GB  
peak=  4.64 GB
 WD_amp= 5.85921E+13  RESID_RMS= 1.42387E-03  FCOST_DATA= 1.01370E-06  FCOST0= 1.01370E-06
BT: alpha=  3.5675E-01  phi=  1.0137E-06  rhs=  2.8523E-07
 UPDATEPARAMETER: f-scale only
UPDATEPARAMETER PAR_STEP min/max, V_STEP min/max =  4.3368515750E+01  9.7608805877E+01
  4.3368515750E+01  9.7608805877E+01
 running run_ik_loop_pardiso
before CA | VmRSS=  16.407 GB  VmHWM=  81.118 GB
after CA | VmRSS=  17.026 GB  VmHWM=  81.118 GB
after factor | VmRSS=  20.794 GB  VmHWM=  81.118 GB
f=     3.300 Hz | ky=  0.491728E-03 | IK=       1/      55 | t=   16.901000 s | CA=  2.4376 | fact= 12.6187 | GF=  1.8445 | solve=  1.6933 | scatter=  0.0503
f=     3.300 Hz | ky=  0.983455E-03 | IK=       2/      55 | t=    6.614100 s | CA=  2.4670 | fact=  2.4115 | GF=  1.7355 | solve=  1.6146 | scatter=  0.0498
f=     3.300 Hz | ky=  0.147518E-02 | IK=       3/      55 | t=    6.625100 s | CA=  2.4716 | fact=  2.4147 | GF=  1.7388 | solve=  1.6151 | scatter=  0.0525
f=     3.300 Hz | ky=  0.196691E-02 | IK=       4/      55 | t=    6.699600 s | CA=  2.5322 | fact=  2.4188 | GF=  1.7485 | solve=  1.6260 | scatter=  0.0512
f=     3.300 Hz | ky=  0.245864E-02 | IK=       5/      55 | t=    6.604500 s | CA=  2.4508 | fact=  2.4172 | GF=  1.7365 | solve=  1.6151 | scatter=  0.0502
f=     3.300 Hz | ky=  0.295037E-02 | IK=       6/      55 | t=    6.652100 s | CA=  2.4880 | fact=  2.4222 | GF=  1.7419 | solve=  1.6183 | scatter=  0.0521
f=     3.300 Hz | ky=  0.344209E-02 | IK=       7/      55 | t=    6.640300 s | CA=  2.4909 | fact=  2.4166 | GF=  1.7328 | solve=  1.6115 | scatter=  0.0499
f=     3.300 Hz | ky=  0.393382E-02 | IK=       8/      55 | t=    6.664700 s | CA=  2.5226 | fact=  2.4109 | GF=  1.7312 | solve=  1.6078 | scatter=  0.0517
f=     3.300 Hz | ky=  0.442555E-02 | IK=       9/      55 | t=    6.629200 s | CA=  2.4566 | fact=  2.4115 | GF=  1.7611 | solve=  1.6391 | scatter=  0.0505
f=     3.300 Hz | ky=  0.491728E-02 | IK=      10/      55 | t=    6.653000 s | CA=  2.5058 | fact=  2.4156 | GF=  1.7315 | solve=  1.6073 | scatter=  0.0528
PARDISO mem (f=  3.30 Hz): sym=  1.95 GB  perm=  1.42 GB  num=  3.22 GB  
peak=  4.64 GB
 WD_amp= 5.85921E+13  RESID_RMS= 1.05868E-03  FCOST_DATA= 5.60403E-07  FCOST0= 5.60403E-07
BT: alpha=  1.7837E-01  phi=  5.6040E-07  rhs=  2.8525E-07
 UPDATEPARAMETER: f-scale only
UPDATEPARAMETER PAR_STEP min/max, V_STEP min/max =  4.5007119270E+01  9.7352902939E+01
  4.5007119270E+01  9.7352902939E+01
 running run_ik_loop_pardiso
before CA | VmRSS=  17.039 GB  VmHWM=  81.118 GB
after CA | VmRSS=  17.920 GB  VmHWM=  81.118 GB
after factor | VmRSS=  21.687 GB  VmHWM=  81.118 GB
f=     3.300 Hz | ky=  0.491728E-03 | IK=       1/      55 | t=   16.970200 s | CA=  2.5010 | fact= 12.6272 | GF=  1.8418 | solve=  1.6900 | scatter=  0.0511
f=     3.300 Hz | ky=  0.983455E-03 | IK=       2/      55 | t=    6.691100 s | CA=  2.5311 | fact=  2.4204 | GF=  1.7396 | solve=  1.6167 | scatter=  0.0517
f=     3.300 Hz | ky=  0.147518E-02 | IK=       3/      55 | t=    6.626300 s | CA=  2.4610 | fact=  2.4218 | GF=  1.7435 | solve=  1.6223 | scatter=  0.0502
f=     3.300 Hz | ky=  0.196691E-02 | IK=       4/      55 | t=    6.623900 s | CA=  2.4667 | fact=  2.4182 | GF=  1.7390 | solve=  1.6178 | scatter=  0.0500
f=     3.300 Hz | ky=  0.245864E-02 | IK=       5/      55 | t=    6.677800 s | CA=  2.5081 | fact=  2.4225 | GF=  1.7471 | solve=  1.6250 | scatter=  0.0509
f=     3.300 Hz | ky=  0.295037E-02 | IK=       6/      55 | t=    6.668000 s | CA=  2.5030 | fact=  2.4273 | GF=  1.7376 | solve=  1.6151 | scatter=  0.0510
f=     3.300 Hz | ky=  0.344209E-02 | IK=       7/      55 | t=    6.612500 s | CA=  2.4496 | fact=  2.4193 | GF=  1.7436 | solve=  1.6225 | scatter=  0.0499
f=     3.300 Hz | ky=  0.393382E-02 | IK=       8/      55 | t=    6.643700 s | CA=  2.4694 | fact=  2.4293 | GF=  1.7450 | solve=  1.6235 | scatter=  0.0503
f=     3.300 Hz | ky=  0.442555E-02 | IK=       9/      55 | t=    6.652300 s | CA=  2.5115 | fact=  2.3939 | GF=  1.7469 | solve=  1.6238 | scatter=  0.0518
f=     3.300 Hz | ky=  0.491728E-02 | IK=      10/      55 | t=    6.655300 s | CA=  2.4955 | fact=  2.4181 | GF=  1.7416 | solve=  1.6186 | scatter=  0.0513
PARDISO mem (f=  3.30 Hz): sym=  1.95 GB  perm=  1.42 GB  num=  3.22 GB  
peak=  4.64 GB
 WD_amp= 5.85921E+13  RESID_RMS= 8.94538E-04  FCOST_DATA= 4.00099E-07  FCOST0= 4.00099E-07
BT: alpha=  8.9187E-02  phi=  4.0010E-07  rhs=  2.8526E-07
 UPDATEPARAMETER: f-scale only
UPDATEPARAMETER PAR_STEP min/max, V_STEP min/max =  4.5090000000E+01  9.7224951469E+01
  4.5090000000E+01  9.7224951469E+01
 running run_ik_loop_pardiso
before CA | VmRSS=  16.421 GB  VmHWM=  81.118 GB
after CA | VmRSS=  17.032 GB  VmHWM=  81.118 GB
after factor | VmRSS=  20.791 GB  VmHWM=  81.118 GB
f=     3.300 Hz | ky=  0.491728E-03 | IK=       1/      55 | t=   16.902600 s | CA=  2.4352 | fact= 12.6226 | GF=  1.8446 | solve=  1.6924 | scatter=  0.0517
f=     3.300 Hz | ky=  0.983455E-03 | IK=       2/      55 | t=    6.606800 s | CA=  2.4944 | fact=  2.3679 | GF=  1.7444 | solve=  1.6225 | scatter=  0.0507
f=     3.300 Hz | ky=  0.147518E-02 | IK=       3/      55 | t=    6.646000 s | CA=  2.4867 | fact=  2.4156 | GF=  1.7437 | solve=  1.6220 | scatter=  0.0504
f=     3.300 Hz | ky=  0.196691E-02 | IK=       4/      55 | t=    6.660500 s | CA=  2.4990 | fact=  2.4194 | GF=  1.7421 | solve=  1.6204 | scatter=  0.0504
f=     3.300 Hz | ky=  0.245864E-02 | IK=       5/      55 | t=    6.629000 s | CA=  2.5104 | fact=  2.3743 | GF=  1.7443 | solve=  1.6217 | scatter=  0.0513
f=     3.300 Hz | ky=  0.295037E-02 | IK=       6/      55 | t=    6.678700 s | CA=  2.5151 | fact=  2.4194 | GF=  1.7441 | solve=  1.6224 | scatter=  0.0505
f=     3.300 Hz | ky=  0.344209E-02 | IK=       7/      55 | t=    6.688000 s | CA=  2.5137 | fact=  2.4285 | GF=  1.7458 | solve=  1.6226 | scatter=  0.0521
f=     3.300 Hz | ky=  0.393382E-02 | IK=       8/      55 | t=    6.613900 s | CA=  2.4775 | fact=  2.3930 | GF=  1.7434 | solve=  1.6213 | scatter=  0.0508
f=     3.300 Hz | ky=  0.442555E-02 | IK=       9/      55 | t=    6.644000 s | CA=  2.5304 | fact=  2.3695 | GF=  1.7440 | solve=  1.6216 | scatter=  0.0510
f=     3.300 Hz | ky=  0.491728E-02 | IK=      10/      55 | t=    6.654000 s | CA=  2.4855 | fact=  2.4261 | GF=  1.7424 | solve=  1.6198 | scatter=  0.0512
PARDISO mem (f=  3.30 Hz): sym=  1.95 GB  perm=  1.42 GB  num=  3.22 GB  
peak=  4.64 GB
 WD_amp= 5.85921E+13  RESID_RMS= 8.20605E-04  FCOST_DATA= 3.36696E-07  FCOST0= 3.36696E-07
BT: alpha=  4.4594E-02  phi=  3.3670E-07  rhs=  2.8526E-07
 UPDATEPARAMETER: f-scale only
UPDATEPARAMETER PAR_STEP min/max, V_STEP min/max =  4.5090000000E+01  9.7160975735E+01
  4.5090000000E+01  9.7160975735E+01
 running run_ik_loop_pardiso
before CA | VmRSS=  16.416 GB  VmHWM=  81.118 GB
after CA | VmRSS=  17.261 GB  VmHWM=  81.118 GB
after factor | VmRSS=  21.022 GB  VmHWM=  81.118 GB
f=     3.300 Hz | ky=  0.491728E-03 | IK=       1/      55 | t=   16.895200 s | CA=  2.4271 | fact= 12.6321 | GF=  1.8358 | solve=  1.6841 | scatter=  0.0514
f=     3.300 Hz | ky=  0.983455E-03 | IK=       2/      55 | t=    6.691700 s | CA=  2.5361 | fact=  2.4110 | GF=  1.7446 | solve=  1.6230 | scatter=  0.0504
f=     3.300 Hz | ky=  0.147518E-02 | IK=       3/      55 | t=    6.672700 s | CA=  2.5145 | fact=  2.4163 | GF=  1.7419 | solve=  1.6191 | scatter=  0.0517
f=     3.300 Hz | ky=  0.196691E-02 | IK=       4/      55 | t=    6.650800 s | CA=  2.4979 | fact=  2.4132 | GF=  1.7396 | solve=  1.6184 | scatter=  0.0501
f=     3.300 Hz | ky=  0.245864E-02 | IK=       5/      55 | t=    6.619900 s | CA=  2.4659 | fact=  2.4130 | GF=  1.7410 | solve=  1.6198 | scatter=  0.0500
f=     3.300 Hz | ky=  0.295037E-02 | IK=       6/      55 | t=    6.667100 s | CA=  2.5118 | fact=  2.4130 | GF=  1.7423 | solve=  1.6211 | scatter=  0.0499
f=     3.300 Hz | ky=  0.344209E-02 | IK=       7/      55 | t=    6.680000 s | CA=  2.5287 | fact=  2.4106 | GF=  1.7407 | solve=  1.6180 | scatter=  0.0514
f=     3.300 Hz | ky=  0.393382E-02 | IK=       8/      55 | t=    6.638200 s | CA=  2.4692 | fact=  2.4247 | GF=  1.7442 | solve=  1.6217 | scatter=  0.0513
f=     3.300 Hz | ky=  0.442555E-02 | IK=       9/      55 | t=    6.623900 s | CA=  2.4927 | fact=  2.3914 | GF=  1.7398 | solve=  1.6181 | scatter=  0.0505
f=     3.300 Hz | ky=  0.491728E-02 | IK=      10/      55 | t=    6.631800 s | CA=  2.4620 | fact=  2.4148 | GF=  1.7550 | solve=  1.6325 | scatter=  0.0512
PARDISO mem (f=  3.30 Hz): sym=  1.95 GB  perm=  1.42 GB  num=  3.22 GB  
peak=  4.64 GB
 WD_amp= 5.85921E+13  RESID_RMS= 7.86678E-04  FCOST_DATA= 3.09431E-07  FCOST0= 3.09431E-07
BT: alpha=  2.2297E-02  phi=  3.0943E-07  rhs=  2.8526E-07
 UPDATEPARAMETER: f-scale only
UPDATEPARAMETER PAR_STEP min/max, V_STEP min/max =  4.5090000000E+01  9.7128987867E+01
  4.5090000000E+01  9.7128987867E+01
 running run_ik_loop_pardiso
before CA | VmRSS=  17.011 GB  VmHWM=  81.118 GB
after CA | VmRSS=  18.180 GB  VmHWM=  81.118 GB
after factor | VmRSS=  21.948 GB  VmHWM=  81.118 GB
f=     3.300 Hz | ky=  0.491728E-03 | IK=       1/      55 | t=   16.902800 s | CA=  2.4498 | fact= 12.6157 | GF=  1.8371 | solve=  1.6863 | scatter=  0.0506
f=     3.300 Hz | ky=  0.983455E-03 | IK=       2/      55 | t=    6.679600 s | CA=  2.5149 | fact=  2.4218 | GF=  1.7428 | solve=  1.6201 | scatter=  0.0512
f=     3.300 Hz | ky=  0.147518E-02 | IK=       3/      55 | t=    6.647700 s | CA=  2.4861 | fact=  2.4172 | GF=  1.7444 | solve=  1.6215 | scatter=  0.0517
f=     3.300 Hz | ky=  0.196691E-02 | IK=       4/      55 | t=    6.621800 s | CA=  2.4688 | fact=  2.4103 | GF=  1.7426 | solve=  1.6204 | scatter=  0.0512
f=     3.300 Hz | ky=  0.245864E-02 | IK=       5/      55 | t=    6.700900 s | CA=  2.5310 | fact=  2.4219 | GF=  1.7480 | solve=  1.6262 | scatter=  0.0506
f=     3.300 Hz | ky=  0.295037E-02 | IK=       6/      55 | t=    6.602700 s | CA=  2.4805 | fact=  2.3786 | GF=  1.7436 | solve=  1.6221 | scatter=  0.0503
f=     3.300 Hz | ky=  0.344209E-02 | IK=       7/      55 | t=    6.685700 s | CA=  2.5151 | fact=  2.4223 | GF=  1.7483 | solve=  1.6246 | scatter=  0.0524
f=     3.300 Hz | ky=  0.393382E-02 | IK=       8/      55 | t=    6.653300 s | CA=  2.4844 | fact=  2.4265 | GF=  1.7423 | solve=  1.6201 | scatter=  0.0509
f=     3.300 Hz | ky=  0.442555E-02 | IK=       9/      55 | t=    6.632300 s | CA=  2.4889 | fact=  2.4004 | GF=  1.7430 | solve=  1.6204 | scatter=  0.0513
f=     3.300 Hz | ky=  0.491728E-02 | IK=      10/      55 | t=    6.647700 s | CA=  2.4886 | fact=  2.4206 | GF=  1.7385 | solve=  1.6160 | scatter=  0.0511
PARDISO mem (f=  3.30 Hz): sym=  1.95 GB  perm=  1.42 GB  num=  3.22 GB  
peak=  4.64 GB
 WD_amp= 5.85921E+13  RESID_RMS= 7.70652E-04  FCOST_DATA= 2.96952E-07  FCOST0= 2.96952E-07
BT: alpha=  1.1148E-02  phi=  2.9695E-07  rhs=  2.8526E-07
 UPDATEPARAMETER: f-scale only
UPDATEPARAMETER PAR_STEP min/max, V_STEP min/max =  4.5090000000E+01  9.7112993934E+01
  4.5090000000E+01  9.7112993934E+01
 running run_ik_loop_pardiso
before CA | VmRSS=  16.988 GB  VmHWM=  81.118 GB
after CA | VmRSS=  17.692 GB  VmHWM=  81.118 GB
after factor | VmRSS=  21.446 GB  VmHWM=  81.118 GB
f=     3.300 Hz | ky=  0.491728E-03 | IK=       1/      55 | t=   16.888300 s | CA=  2.4282 | fact= 12.6201 | GF=  1.8398 | solve=  1.6872 | scatter=  0.0518
f=     3.300 Hz | ky=  0.983455E-03 | IK=       2/      55 | t=    6.637000 s | CA=  2.4864 | fact=  2.4075 | GF=  1.7431 | solve=  1.6188 | scatter=  0.0531
f=     3.300 Hz | ky=  0.147518E-02 | IK=       3/      55 | t=    6.629500 s | CA=  2.4785 | fact=  2.4062 | GF=  1.7447 | solve=  1.6222 | scatter=  0.0513
f=     3.300 Hz | ky=  0.196691E-02 | IK=       4/      55 | t=    6.661200 s | CA=  2.4952 | fact=  2.4246 | GF=  1.7413 | solve=  1.6189 | scatter=  0.0513
f=     3.300 Hz | ky=  0.245864E-02 | IK=       5/      55 | t=    6.641400 s | CA=  2.4868 | fact=  2.4151 | GF=  1.7394 | solve=  1.6184 | scatter=  0.0498
f=     3.300 Hz | ky=  0.295037E-02 | IK=       6/      55 | t=    6.644000 s | CA=  2.4807 | fact=  2.4180 | GF=  1.7453 | solve=  1.6236 | scatter=  0.0504
f=     3.300 Hz | ky=  0.344209E-02 | IK=       7/      55 | t=    6.656800 s | CA=  2.4934 | fact=  2.4254 | GF=  1.7380 | solve=  1.6166 | scatter=  0.0503
f=     3.300 Hz | ky=  0.393382E-02 | IK=       8/      55 | t=    6.604600 s | CA=  2.4404 | fact=  2.4182 | GF=  1.7460 | solve=  1.6232 | scatter=  0.0517
f=     3.300 Hz | ky=  0.442555E-02 | IK=       9/      55 | t=    6.656500 s | CA=  2.4878 | fact=  2.4189 | GF=  1.7497 | solve=  1.6267 | scatter=  0.0516
f=     3.300 Hz | ky=  0.491728E-02 | IK=      10/      55 | t=    6.639200 s | CA=  2.4681 | fact=  2.4241 | GF=  1.7469 | solve=  1.6237 | scatter=  0.0520
PARDISO mem (f=  3.30 Hz): sym=  1.95 GB  perm=  1.42 GB  num=  3.22 GB  
peak=  4.64 GB
 WD_amp= 5.85921E+13  RESID_RMS= 7.62900E-04  FCOST_DATA= 2.91008E-07  FCOST0= 2.91008E-07
BT: alpha=  5.5742E-03  phi=  2.9101E-07  rhs=  2.8526E-07
 UPDATEPARAMETER: f-scale only
UPDATEPARAMETER PAR_STEP min/max, V_STEP min/max =  4.5090000000E+01  9.7104996967E+01
  4.5090000000E+01  9.7104996967E+01
 running run_ik_loop_pardiso
before CA | VmRSS=  16.426 GB  VmHWM=  81.118 GB
after CA | VmRSS=  17.025 GB  VmHWM=  81.118 GB
after factor | VmRSS=  20.787 GB  VmHWM=  81.118 GB
f=     3.300 Hz | ky=  0.491728E-03 | IK=       1/      55 | t=   16.943300 s | CA=  2.4874 | fact= 12.6139 | GF=  1.8417 | solve=  1.6897 | scatter=  0.0513
f=     3.300 Hz | ky=  0.983455E-03 | IK=       2/      55 | t=    6.646400 s | CA=  2.4811 | fact=  2.4163 | GF=  1.7489 | solve=  1.6255 | scatter=  0.0519
f=     3.300 Hz | ky=  0.147518E-02 | IK=       3/      55 | t=    6.656900 s | CA=  2.4992 | fact=  2.4156 | GF=  1.7420 | solve=  1.6201 | scatter=  0.0509
f=     3.300 Hz | ky=  0.196691E-02 | IK=       4/      55 | t=    6.623500 s | CA=  2.4689 | fact=  2.4155 | GF=  1.7391 | solve=  1.6179 | scatter=  0.0501
f=     3.300 Hz | ky=  0.245864E-02 | IK=       5/      55 | t=    6.710400 s | CA=  2.5519 | fact=  2.4170 | GF=  1.7415 | solve=  1.6191 | scatter=  0.0508
f=     3.300 Hz | ky=  0.295037E-02 | IK=       6/      55 | t=    6.622600 s | CA=  2.4571 | fact=  2.4215 | GF=  1.7439 | solve=  1.6207 | scatter=  0.0521
f=     3.300 Hz | ky=  0.344209E-02 | IK=       7/      55 | t=    6.648200 s | CA=  2.4796 | fact=  2.4239 | GF=  1.7447 | solve=  1.6204 | scatter=  0.0530
f=     3.300 Hz | ky=  0.393382E-02 | IK=       8/      55 | t=    6.633800 s | CA=  2.4726 | fact=  2.4165 | GF=  1.7447 | solve=  1.6219 | scatter=  0.0515
f=     3.300 Hz | ky=  0.442555E-02 | IK=       9/      55 | t=    6.689000 s | CA=  2.5253 | fact=  2.4153 | GF=  1.7483 | solve=  1.6253 | scatter=  0.0517
f=     3.300 Hz | ky=  0.491728E-02 | IK=      10/      55 | t=    6.655000 s | CA=  2.4818 | fact=  2.4300 | GF=  1.7432 | solve=  1.6212 | scatter=  0.0506
PARDISO mem (f=  3.30 Hz): sym=  1.95 GB  perm=  1.42 GB  num=  3.22 GB  
peak=  4.64 GB
 WD_amp= 5.85921E+13  RESID_RMS= 7.59093E-04  FCOST_DATA= 2.88111E-07  FCOST0= 2.88111E-07
BT: alpha=  2.7871E-03  phi=  2.8811E-07  rhs=  2.8526E-07
 UPDATEPARAMETER: f-scale only
UPDATEPARAMETER PAR_STEP min/max, V_STEP min/max =  4.5090000000E+01  9.7100998483E+01
  4.5090000000E+01  9.7100998483E+01
 running run_ik_loop_pardiso
before CA | VmRSS=  16.422 GB  VmHWM=  81.118 GB
after CA | VmRSS=  17.090 GB  VmHWM=  81.118 GB
after factor | VmRSS=  20.855 GB  VmHWM=  81.118 GB
f=     3.300 Hz | ky=  0.491728E-03 | IK=       1/      55 | t=   16.904900 s | CA=  2.4359 | fact= 12.6238 | GF=  1.8450 | solve=  1.6927 | scatter=  0.0516
f=     3.300 Hz | ky=  0.983455E-03 | IK=       2/      55 | t=    6.608000 s | CA=  2.4464 | fact=  2.4130 | GF=  1.7485 | solve=  1.6257 | scatter=  0.0517
f=     3.300 Hz | ky=  0.147518E-02 | IK=       3/      55 | t=    6.641600 s | CA=  2.4854 | fact=  2.4153 | GF=  1.7408 | solve=  1.6189 | scatter=  0.0507
f=     3.300 Hz | ky=  0.196691E-02 | IK=       4/      55 | t=    6.628900 s | CA=  2.4739 | fact=  2.4150 | GF=  1.7400 | solve=  1.6184 | scatter=  0.0504
f=     3.300 Hz | ky=  0.245864E-02 | IK=       5/      55 | t=    6.654500 s | CA=  2.4946 | fact=  2.4180 | GF=  1.7418 | solve=  1.6195 | scatter=  0.0512
f=     3.300 Hz | ky=  0.295037E-02 | IK=       6/      55 | t=    6.619600 s | CA=  2.4635 | fact=  2.4183 | GF=  1.7378 | solve=  1.6155 | scatter=  0.0510
f=     3.300 Hz | ky=  0.344209E-02 | IK=       7/      55 | t=    6.615800 s | CA=  2.4534 | fact=  2.4183 | GF=  1.7441 | solve=  1.6218 | scatter=  0.0512
f=     3.300 Hz | ky=  0.393382E-02 | IK=       8/      55 | t=    6.621000 s | CA=  2.4779 | fact=  2.3993 | GF=  1.7437 | solve=  1.6216 | scatter=  0.0509
f=     3.300 Hz | ky=  0.442555E-02 | IK=       9/      55 | t=    6.638400 s | CA=  2.4879 | fact=  2.4079 | GF=  1.7426 | solve=  1.6200 | scatter=  0.0510
f=     3.300 Hz | ky=  0.491728E-02 | IK=      10/      55 | t=    6.653300 s | CA=  2.5025 | fact=  2.4045 | GF=  1.7463 | solve=  1.6230 | scatter=  0.0520
PARDISO mem (f=  3.30 Hz): sym=  1.95 GB  perm=  1.42 GB  num=  3.22 GB  
peak=  4.64 GB
 WD_amp= 5.85921E+13  RESID_RMS= 7.57207E-04  FCOST_DATA= 2.86681E-07  FCOST0= 2.86681E-07
BT: alpha=  1.3935E-03  phi=  2.8668E-07  rhs=  2.8526E-07
 UPDATEPARAMETER: f-scale only
UPDATEPARAMETER PAR_STEP min/max, V_STEP min/max =  4.5090000000E+01  9.7098999242E+01
  4.5090000000E+01  9.7098999242E+01
 running run_ik_loop_pardiso
before CA | VmRSS=  17.059 GB  VmHWM=  81.118 GB
after CA | VmRSS=  17.658 GB  VmHWM=  81.118 GB
after factor | VmRSS=  21.422 GB  VmHWM=  81.118 GB
f=     3.300 Hz | ky=  0.491728E-03 | IK=       1/      55 | t=   16.908400 s | CA=  2.4426 | fact= 12.6230 | GF=  1.8426 | solve=  1.6912 | scatter=  0.0507
f=     3.300 Hz | ky=  0.983455E-03 | IK=       2/      55 | t=    6.641800 s | CA=  2.4859 | fact=  2.4130 | GF=  1.7429 | solve=  1.6203 | scatter=  0.0515
f=     3.300 Hz | ky=  0.147518E-02 | IK=       3/      55 | t=    6.677800 s | CA=  2.5230 | fact=  2.4164 | GF=  1.7384 | solve=  1.6167 | scatter=  0.0505
f=     3.300 Hz | ky=  0.196691E-02 | IK=       4/      55 | t=    6.618700 s | CA=  2.4711 | fact=  2.4102 | GF=  1.7374 | solve=  1.6151 | scatter=  0.0509
f=     3.300 Hz | ky=  0.245864E-02 | IK=       5/      55 | t=    6.676300 s | CA=  2.5197 | fact=  2.4144 | GF=  1.7422 | solve=  1.6185 | scatter=  0.0524
f=     3.300 Hz | ky=  0.295037E-02 | IK=       6/      55 | t=    6.690200 s | CA=  2.5434 | fact=  2.4067 | GF=  1.7400 | solve=  1.6181 | scatter=  0.0508
f=     3.300 Hz | ky=  0.344209E-02 | IK=       7/      55 | t=    6.685400 s | CA=  2.5243 | fact=  2.4169 | GF=  1.7442 | solve=  1.6211 | scatter=  0.0519
f=     3.300 Hz | ky=  0.393382E-02 | IK=       8/      55 | t=    6.625500 s | CA=  2.4660 | fact=  2.4194 | GF=  1.7401 | solve=  1.6179 | scatter=  0.0506
f=     3.300 Hz | ky=  0.442555E-02 | IK=       9/      55 | t=    6.670800 s | CA=  2.5135 | fact=  2.4131 | GF=  1.7442 | solve=  1.6219 | scatter=  0.0510
f=     3.300 Hz | ky=  0.491728E-02 | IK=      10/      55 | t=    6.697500 s | CA=  2.5274 | fact=  2.4251 | GF=  1.7450 | solve=  1.6226 | scatter=  0.0510
PARDISO mem (f=  3.30 Hz): sym=  1.95 GB  perm=  1.42 GB  num=  3.22 GB  
peak=  4.64 GB
 WD_amp= 5.85921E+13  RESID_RMS= 7.56269E-04  FCOST_DATA= 2.85971E-07  FCOST0= 2.85971E-07
BT: alpha=  6.9677E-04  phi=  2.8597E-07  rhs=  2.8526E-07
 UPDATEPARAMETER: f-scale only
UPDATEPARAMETER PAR_STEP min/max, V_STEP min/max =  4.5090000000E+01  9.7097999621E+01
  4.5090000000E+01  9.7097999621E+01
 running run_ik_loop_pardiso
before CA | VmRSS=  16.988 GB  VmHWM=  81.118 GB
after CA | VmRSS=  17.786 GB  VmHWM=  81.118 GB
after factor | VmRSS=  21.549 GB  VmHWM=  81.118 GB
f=     3.300 Hz | ky=  0.491728E-03 | IK=       1/      55 | t=   16.918500 s | CA=  2.4529 | fact= 12.6255 | GF=  1.8399 | solve=  1.6874 | scatter=  0.0514
f=     3.300 Hz | ky=  0.983455E-03 | IK=       2/      55 | t=    6.661700 s | CA=  2.5018 | fact=  2.4146 | GF=  1.7453 | solve=  1.6218 | scatter=  0.0522
f=     3.300 Hz | ky=  0.147518E-02 | IK=       3/      55 | t=    6.671100 s | CA=  2.5210 | fact=  2.4131 | GF=  1.7370 | solve=  1.6150 | scatter=  0.0508
f=     3.300 Hz | ky=  0.196691E-02 | IK=       4/      55 | t=    6.618800 s | CA=  2.4568 | fact=  2.4214 | GF=  1.7406 | solve=  1.6184 | scatter=  0.0511
f=     3.300 Hz | ky=  0.245864E-02 | IK=       5/      55 | t=    6.667700 s | CA=  2.5043 | fact=  2.4186 | GF=  1.7448 | solve=  1.6234 | scatter=  0.0501
f=     3.300 Hz | ky=  0.295037E-02 | IK=       6/      55 | t=    6.678400 s | CA=  2.5206 | fact=  2.4161 | GF=  1.7416 | solve=  1.6194 | scatter=  0.0510
f=     3.300 Hz | ky=  0.344209E-02 | IK=       7/      55 | t=    6.690100 s | CA=  2.5312 | fact=  2.4127 | GF=  1.7462 | solve=  1.6236 | scatter=  0.0513
f=     3.300 Hz | ky=  0.393382E-02 | IK=       8/      55 | t=    6.645500 s | CA=  2.5274 | fact=  2.3761 | GF=  1.7420 | solve=  1.6200 | scatter=  0.0509
f=     3.300 Hz | ky=  0.442555E-02 | IK=       9/      55 | t=    6.669900 s | CA=  2.5047 | fact=  2.4194 | GF=  1.7458 | solve=  1.6218 | scatter=  0.0527
f=     3.300 Hz | ky=  0.491728E-02 | IK=      10/      55 | t=    6.686000 s | CA=  2.5477 | fact=  2.3971 | GF=  1.7412 | solve=  1.6186 | scatter=  0.0514
PARDISO mem (f=  3.30 Hz): sym=  1.95 GB  perm=  1.42 GB  num=  3.22 GB  
peak=  4.64 GB
 WD_amp= 5.85921E+13  RESID_RMS= 7.55800E-04  FCOST_DATA= 2.85617E-07  FCOST0= 2.85617E-07
BT: alpha=  3.4839E-04  phi=  2.8562E-07  rhs=  2.8526E-07
 UPDATEPARAMETER: f-scale only
UPDATEPARAMETER PAR_STEP min/max, V_STEP min/max =  4.5090000000E+01  9.7097499810E+01
  4.5090000000E+01  9.7097499810E+01
 running run_ik_loop_pardiso
before CA | VmRSS=  16.946 GB  VmHWM=  81.118 GB
after CA | VmRSS=  17.804 GB  VmHWM=  81.118 GB
after factor | VmRSS=  21.565 GB  VmHWM=  81.118 GB
f=     3.300 Hz | ky=  0.491728E-03 | IK=       1/      55 | t=   16.988300 s | CA=  2.5235 | fact= 12.6289 | GF=  1.8357 | solve=  1.6833 | scatter=  0.0516
f=     3.300 Hz | ky=  0.983455E-03 | IK=       2/      55 | t=    6.648300 s | CA=  2.5045 | fact=  2.4065 | GF=  1.7372 | solve=  1.6150 | scatter=  0.0510
f=     3.300 Hz | ky=  0.147518E-02 | IK=       3/      55 | t=    6.701600 s | CA=  2.5507 | fact=  2.4134 | GF=  1.7374 | solve=  1.6153 | scatter=  0.0510
f=     3.300 Hz | ky=  0.196691E-02 | IK=       4/      55 | t=    6.635600 s | CA=  2.4984 | fact=  2.4014 | GF=  1.7357 | solve=  1.6144 | scatter=  0.0502
f=     3.300 Hz | ky=  0.245864E-02 | IK=       5/      55 | t=    6.662900 s | CA=  2.5077 | fact=  2.4121 | GF=  1.7430 | solve=  1.6212 | scatter=  0.0505
f=     3.300 Hz | ky=  0.295037E-02 | IK=       6/      55 | t=    6.659200 s | CA=  2.5027 | fact=  2.4153 | GF=  1.7411 | solve=  1.6190 | scatter=  0.0507
f=     3.300 Hz | ky=  0.344209E-02 | IK=       7/      55 | t=    6.703800 s | CA=  2.5478 | fact=  2.4144 | GF=  1.7416 | solve=  1.6198 | scatter=  0.0507
f=     3.300 Hz | ky=  0.393382E-02 | IK=       8/      55 | t=    6.568600 s | CA=  2.4569 | fact=  2.3736 | GF=  1.7380 | solve=  1.6172 | scatter=  0.0496
f=     3.300 Hz | ky=  0.442555E-02 | IK=       9/      55 | t=    6.657800 s | CA=  2.5172 | fact=  2.4007 | GF=  1.7398 | solve=  1.6167 | scatter=  0.0520
f=     3.300 Hz | ky=  0.491728E-02 | IK=      10/      55 | t=    6.666800 s | CA=  2.5342 | fact=  2.3969 | GF=  1.7357 | solve=  1.6144 | scatter=  0.0500
PARDISO mem (f=  3.30 Hz): sym=  1.95 GB  perm=  1.42 GB  num=  3.22 GB  
peak=  4.64 GB
 WD_amp= 5.85921E+13  RESID_RMS= 7.55567E-04  FCOST_DATA= 2.85441E-07  FCOST0= 2.85441E-07
BT: alpha=  1.7419E-04  phi=  2.8544E-07  rhs=  2.8526E-07
 UPDATEPARAMETER: f-scale only
UPDATEPARAMETER PAR_STEP min/max, V_STEP min/max =  4.5090000000E+01  9.7097249905E+01
  4.5090000000E+01  9.7097249905E+01
 running run_ik_loop_pardiso
before CA | VmRSS=  16.986 GB  VmHWM=  81.118 GB
after CA | VmRSS=  18.114 GB  VmHWM=  81.118 GB
after factor | VmRSS=  21.874 GB  VmHWM=  81.118 GB
f=     3.300 Hz | ky=  0.491728E-03 | IK=       1/      55 | t=   16.928400 s | CA=  2.4767 | fact= 12.6164 | GF=  1.8351 | solve=  1.6835 | scatter=  0.0507
f=     3.300 Hz | ky=  0.983455E-03 | IK=       2/      55 | t=    6.641100 s | CA=  2.4909 | fact=  2.4142 | GF=  1.7360 | solve=  1.6142 | scatter=  0.0506
f=     3.300 Hz | ky=  0.147518E-02 | IK=       3/      55 | t=    6.676400 s | CA=  2.5228 | fact=  2.4166 | GF=  1.7370 | solve=  1.6157 | scatter=  0.0501
f=     3.300 Hz | ky=  0.196691E-02 | IK=       4/      55 | t=    6.684200 s | CA=  2.5182 | fact=  2.4224 | GF=  1.7435 | solve=  1.6209 | scatter=  0.0515
f=     3.300 Hz | ky=  0.245864E-02 | IK=       5/      55 | t=    6.695000 s | CA=  2.5270 | fact=  2.4280 | GF=  1.7399 | solve=  1.6172 | scatter=  0.0515
f=     3.300 Hz | ky=  0.295037E-02 | IK=       6/      55 | t=    6.682500 s | CA=  2.5249 | fact=  2.4190 | GF=  1.7386 | solve=  1.6163 | scatter=  0.0511
f=     3.300 Hz | ky=  0.344209E-02 | IK=       7/      55 | t=    6.672400 s | CA=  2.5442 | fact=  2.3848 | GF=  1.7434 | solve=  1.6215 | scatter=  0.0505
f=     3.300 Hz | ky=  0.393382E-02 | IK=       8/      55 | t=    6.709600 s | CA=  2.5477 | fact=  2.4208 | GF=  1.7410 | solve=  1.6172 | scatter=  0.0521
f=     3.300 Hz | ky=  0.442555E-02 | IK=       9/      55 | t=    6.674100 s | CA=  2.5195 | fact=  2.4158 | GF=  1.7388 | solve=  1.6165 | scatter=  0.0511
f=     3.300 Hz | ky=  0.491728E-02 | IK=      10/      55 | t=    6.659200 s | CA=  2.5104 | fact=  2.4068 | GF=  1.7420 | solve=  1.6200 | scatter=  0.0508
PARDISO mem (f=  3.30 Hz): sym=  1.95 GB  perm=  1.42 GB  num=  3.22 GB  
peak=  4.64 GB
 WD_amp= 5.85921E+13  RESID_RMS= 7.55450E-04  FCOST_DATA= 2.85352E-07  FCOST0= 2.85352E-07
BT: alpha=  8.7097E-05  phi=  2.8535E-07  rhs=  2.8526E-07
 UPDATEPARAMETER: f-scale only
UPDATEPARAMETER PAR_STEP min/max, V_STEP min/max =  4.5090000000E+01  9.7097124953E+01
  4.5090000000E+01  9.7097124953E+01
 running run_ik_loop_pardiso
before CA | VmRSS=  17.000 GB  VmHWM=  81.118 GB
after CA | VmRSS=  17.989 GB  VmHWM=  81.118 GB
after factor | VmRSS=  21.749 GB  VmHWM=  81.118 GB
f=     3.300 Hz | ky=  0.491728E-03 | IK=       1/      55 | t=   16.965600 s | CA=  2.5117 | fact= 12.6148 | GF=  1.8389 | solve=  1.6876 | scatter=  0.0507
f=     3.300 Hz | ky=  0.983455E-03 | IK=       2/      55 | t=    6.700600 s | CA=  2.5479 | fact=  2.4162 | GF=  1.7365 | solve=  1.6133 | scatter=  0.0520
f=     3.300 Hz | ky=  0.147518E-02 | IK=       3/      55 | t=    6.748700 s | CA=  2.5942 | fact=  2.4142 | GF=  1.7403 | solve=  1.6171 | scatter=  0.0520
f=     3.300 Hz | ky=  0.196691E-02 | IK=       4/      55 | t=    6.634500 s | CA=  2.4846 | fact=  2.4112 | GF=  1.7386 | solve=  1.6171 | scatter=  0.0504
f=     3.300 Hz | ky=  0.245864E-02 | IK=       5/      55 | t=    6.634000 s | CA=  2.5016 | fact=  2.3906 | GF=  1.7418 | solve=  1.6186 | scatter=  0.0519
f=     3.300 Hz | ky=  0.295037E-02 | IK=       6/      55 | t=    6.605500 s | CA=  2.4773 | fact=  2.3885 | GF=  1.7397 | solve=  1.6169 | scatter=  0.0515
f=     3.300 Hz | ky=  0.344209E-02 | IK=       7/      55 | t=    6.690000 s | CA=  2.5296 | fact=  2.4194 | GF=  1.7410 | solve=  1.6190 | scatter=  0.0508
f=     3.300 Hz | ky=  0.393382E-02 | IK=       8/      55 | t=    6.663600 s | CA=  2.5021 | fact=  2.4175 | GF=  1.7439 | solve=  1.6226 | scatter=  0.0502
f=     3.300 Hz | ky=  0.442555E-02 | IK=       9/      55 | t=    6.669800 s | CA=  2.5060 | fact=  2.4221 | GF=  1.7417 | solve=  1.6200 | scatter=  0.0504
f=     3.300 Hz | ky=  0.491728E-02 | IK=      10/      55 | t=    6.670700 s | CA=  2.5008 | fact=  2.4248 | GF=  1.7450 | solve=  1.6224 | scatter=  0.0513
PARDISO mem (f=  3.30 Hz): sym=  1.95 GB  perm=  1.42 GB  num=  3.22 GB  
peak=  4.64 GB
 WD_amp= 5.85921E+13  RESID_RMS= 7.55391E-04  FCOST_DATA= 2.85308E-07  FCOST0= 2.85308E-07
BT: alpha=  4.3548E-05  phi=  2.8531E-07  rhs=  2.8526E-07
 UPDATEPARAMETER: f-scale only
UPDATEPARAMETER PAR_STEP min/max, V_STEP min/max =  4.5090000000E+01  9.7097062476E+01
  4.5090000000E+01  9.7097062476E+01
 running run_ik_loop_pardiso
before CA | VmRSS=  16.985 GB  VmHWM=  81.118 GB
after CA | VmRSS=  18.017 GB  VmHWM=  81.118 GB
after factor | VmRSS=  21.775 GB  VmHWM=  81.118 GB
f=     3.300 Hz | ky=  0.491728E-03 | IK=       1/      55 | t=   16.966600 s | CA=  2.5126 | fact= 12.6149 | GF=  1.8389 | solve=  1.6876 | scatter=  0.0506
f=     3.300 Hz | ky=  0.983455E-03 | IK=       2/      55 | t=    6.686800 s | CA=  2.5351 | fact=  2.4156 | GF=  1.7361 | solve=  1.6146 | scatter=  0.0505
f=     3.300 Hz | ky=  0.147518E-02 | IK=       3/      55 | t=    6.743100 s | CA=  2.5834 | fact=  2.4211 | GF=  1.7385 | solve=  1.6170 | scatter=  0.0500
f=     3.300 Hz | ky=  0.196691E-02 | IK=       4/      55 | t=    6.662400 s | CA=  2.5023 | fact=  2.4232 | GF=  1.7368 | solve=  1.6158 | scatter=  0.0498
f=     3.300 Hz | ky=  0.245864E-02 | IK=       5/      55 | t=    6.705300 s | CA=  2.5500 | fact=  2.4135 | GF=  1.7417 | solve=  1.6202 | scatter=  0.0503
f=     3.300 Hz | ky=  0.295037E-02 | IK=       6/      55 | t=    6.621600 s | CA=  2.4885 | fact=  2.3927 | GF=  1.7404 | solve=  1.6178 | scatter=  0.0511
f=     3.300 Hz | ky=  0.344209E-02 | IK=       7/      55 | t=    6.628600 s | CA=  2.4645 | fact=  2.4220 | GF=  1.7421 | solve=  1.6193 | scatter=  0.0517
f=     3.300 Hz | ky=  0.393382E-02 | IK=       8/      55 | t=    6.666500 s | CA=  2.5070 | fact=  2.4161 | GF=  1.7433 | solve=  1.6219 | scatter=  0.0503
f=     3.300 Hz | ky=  0.442555E-02 | IK=       9/      55 | t=    6.661600 s | CA=  2.5035 | fact=  2.4152 | GF=  1.7429 | solve=  1.6186 | scatter=  0.0530
f=     3.300 Hz | ky=  0.491728E-02 | IK=      10/      55 | t=    6.646200 s | CA=  2.4912 | fact=  2.4123 | GF=  1.7427 | solve=  1.6202 | scatter=  0.0511
PARDISO mem (f=  3.30 Hz): sym=  1.95 GB  perm=  1.42 GB  num=  3.22 GB  
peak=  4.64 GB
 WD_amp= 5.85921E+13  RESID_RMS= 7.55362E-04  FCOST_DATA= 2.85286E-07  FCOST0= 2.85286E-07
BT: alpha=  2.1774E-05  phi=  2.8529E-07  rhs=  2.8526E-07
 UPDATEPARAMETER: f-scale only
UPDATEPARAMETER PAR_STEP min/max, V_STEP min/max =  4.5090000000E+01  9.7097028693E+01
  4.5090000000E+01  9.7097028693E+01
 running run_ik_loop_pardiso
before CA | VmRSS=  16.959 GB  VmHWM=  81.118 GB
after CA | VmRSS=  17.773 GB  VmHWM=  81.118 GB
after factor | VmRSS=  21.538 GB  VmHWM=  81.118 GB
f=     3.300 Hz | ky=  0.491728E-03 | IK=       1/      55 | t=   16.888600 s | CA=  2.4450 | fact= 12.6088 | GF=  1.8346 | solve=  1.6830 | scatter=  0.0509
f=     3.300 Hz | ky=  0.983455E-03 | IK=       2/      55 | t=    6.683300 s | CA=  2.5301 | fact=  2.4102 | GF=  1.7430 | solve=  1.6200 | scatter=  0.0520
f=     3.300 Hz | ky=  0.147518E-02 | IK=       3/      55 | t=    6.696500 s | CA=  2.5354 | fact=  2.4170 | GF=  1.7440 | solve=  1.6212 | scatter=  0.0513
f=     3.300 Hz | ky=  0.196691E-02 | IK=       4/      55 | t=    6.713000 s | CA=  2.5597 | fact=  2.4154 | GF=  1.7378 | solve=  1.6162 | scatter=  0.0506
f=     3.300 Hz | ky=  0.245864E-02 | IK=       5/      55 | t=    6.706700 s | CA=  2.5385 | fact=  2.4217 | GF=  1.7465 | solve=  1.6243 | scatter=  0.0507
f=     3.300 Hz | ky=  0.295037E-02 | IK=       6/      55 | t=    6.617100 s | CA=  2.4505 | fact=  2.4229 | GF=  1.7437 | solve=  1.6212 | scatter=  0.0512
f=     3.300 Hz | ky=  0.344209E-02 | IK=       7/      55 | t=    6.693700 s | CA=  2.5346 | fact=  2.4158 | GF=  1.7432 | solve=  1.6217 | scatter=  0.0505
f=     3.300 Hz | ky=  0.393382E-02 | IK=       8/      55 | t=    6.660900 s | CA=  2.4951 | fact=  2.4239 | GF=  1.7419 | solve=  1.6185 | scatter=  0.0522
f=     3.300 Hz | ky=  0.442555E-02 | IK=       9/      55 | t=    6.649400 s | CA=  2.4883 | fact=  2.4154 | GF=  1.7456 | solve=  1.6237 | scatter=  0.0505
f=     3.300 Hz | ky=  0.491728E-02 | IK=      10/      55 | t=    6.594600 s | CA=  2.4253 | fact=  2.4235 | GF=  1.7457 | solve=  1.6230 | scatter=  0.0513
PARDISO mem (f=  3.30 Hz): sym=  1.95 GB  perm=  1.42 GB  num=  3.22 GB  
peak=  4.64 GB
 WD_amp= 5.85921E+13  RESID_RMS= 7.55346E-04  FCOST_DATA= 2.85274E-07  FCOST0= 2.85274E-07
 Backtrack: failed after MAX_IT
 Line search failed (IFLAG=          11 ), inversion diverged.
 --------- Frequency   3.65000000000000       (band            1 )
[ComputeAcqWeight] empty acq_weight_file, using uniform weights = 1.0
Data weighting computed for frequency 4607182418800017373
XSRmin, XSRmax, ZSRmin, ZSRMax -1960.000000000000 .000000000000000 2050.000000000000 4030.000000000000
1 FKYC
1.2 FKYC
my_rank, FKYC,WLMAX, RMAX 0 .2991342570157237E-01 1403.501039682951 2786.036611389018
1.1 NK
NK in cky2= 55

  Number of wavenumber samples (NK) for FREQ =   55
Data weighting computed for frequency 4607182418800017373
Data weighting computed for frequency 4607182418800017373
Data weighting computed for frequency 4607182418800017373
Data weighting computed for frequency 4607182418800017373
  RMAX = 2786.04
Data weighting computed for frequency 4607182418800017373
--- Pre-solver preview (memory + RHS workload) ---
   GQG dims: NNX=       585  NNZ=       317  NPT=    185445
   DOF:     N=3*NPT =    556335
   Sources: NSR=       100  NSS=        20  NK=        55
   RHS total (per IK): nrhs_tot=3*NSS =        60
   Batch:    MAX_RHS_BATCH=        32  nbatches=         2
   GFMY  (GFX+GFY+GFZ):         13.679 GB
   RHS_MY(rhs+sol buffers):      0.531 GB
 
 running run_ik_loop_pardiso
before CA | VmRSS=  15.557 GB  VmHWM=  81.118 GB
after CA | VmRSS=  16.153 GB  VmHWM=  81.118 GB
after factor | VmRSS=  19.917 GB  VmHWM=  81.118 GB
f=     3.650 Hz | ky=  0.543880E-03 | IK=       1/      55 | t=   16.923700 s | CA=  2.4671 | fact= 12.6223 | GF=  1.8341 | solve=  1.6826 | scatter=  0.0511
f=     3.650 Hz | ky=  0.108776E-02 | IK=       2/      55 | t=    6.697800 s | CA=  2.5437 | fact=  2.4146 | GF=  1.7395 | solve=  1.6168 | scatter=  0.0516
f=     3.650 Hz | ky=  0.163164E-02 | IK=       3/      55 | t=    6.615300 s | CA=  2.4956 | fact=  2.3850 | GF=  1.7347 | solve=  1.6127 | scatter=  0.0508
f=     3.650 Hz | ky=  0.217552E-02 | IK=       4/      55 | t=    6.635800 s | CA=  2.4851 | fact=  2.4123 | GF=  1.7383 | solve=  1.6173 | scatter=  0.0498
f=     3.650 Hz | ky=  0.271940E-02 | IK=       5/      55 | t=    6.676700 s | CA=  2.5222 | fact=  2.4127 | GF=  1.7418 | solve=  1.6201 | scatter=  0.0506
f=     3.650 Hz | ky=  0.326328E-02 | IK=       6/      55 | t=    6.690100 s | CA=  2.5171 | fact=  2.4312 | GF=  1.7418 | solve=  1.6184 | scatter=  0.0520
f=     3.650 Hz | ky=  0.380716E-02 | IK=       7/      55 | t=    6.676500 s | CA=  2.5188 | fact=  2.4164 | GF=  1.7413 | solve=  1.6186 | scatter=  0.0514
f=     3.650 Hz | ky=  0.435104E-02 | IK=       8/      55 | t=    6.644900 s | CA=  2.4857 | fact=  2.4142 | GF=  1.7449 | solve=  1.6232 | scatter=  0.0506
f=     3.650 Hz | ky=  0.489492E-02 | IK=       9/      55 | t=    6.695800 s | CA=  2.5347 | fact=  2.4185 | GF=  1.7425 | solve=  1.6201 | scatter=  0.0512
f=     3.650 Hz | ky=  0.543880E-02 | IK=      10/      55 | t=    6.615100 s | CA=  2.4783 | fact=  2.3949 | GF=  1.7419 | solve=  1.6210 | scatter=  0.0495
PARDISO mem (f=  3.65 Hz): sym=  1.95 GB  perm=  1.42 GB  num=  3.22 GB  
peak=  4.64 GB
t_global   =    107.814 s
TIME for 1st forward modeling =  1.796921666463216  min
TIME for GT0 =  .5801666776339213E-02  min
Data scaler W for L2 norm: 60858307368707.61
Data scaler W for WQS norm: .1007948000807317E-312
Total number of active inversion parameters for current sequential stage (IM):          1
Total model blocks points (NM = IM * NBLOCK):      11534 on grid (NMM = IM * NPT):    185445
 Gradient balance ():   1.00000000000000        1.00000000000000     
   1.00000000000000        1.00000000000000        1.00000000000000     
   1.00000000000000        1.00000000000000        1.00000000000000     
   1.00000000000000        1.00000000000000        1.00000000000000     
 IE0, IZ          30           0
 IE0, IZ, GZ1, GZ2 =           30           0   100.000000000000     
   300.000000000000     
  
 Frequency:           3 Iteration:           1
--- Pre-solver preview (memory + RHS workload) ---
   GQG dims: NNX=       585  NNZ=       317  NPT=    185445
   DOF:     N=3*NPT =    556335
   Sources: NSR=       100  NSS=       100  NK=        55
   RHS total (per IK): nrhs_tot=3*NSS =       300
   Batch:    MAX_RHS_BATCH=        32  nbatches=        10
   GFMY  (GFX+GFY+GFZ):         68.393 GB
   RHS_MY(rhs+sol buffers):      0.531 GB
 
 running run_ik_loop_pardiso
before CA | VmRSS=  70.997 GB  VmHWM=  81.118 GB
after CA | VmRSS=  71.618 GB  VmHWM=  81.118 GB
after factor | VmRSS=  75.381 GB  VmHWM=  81.118 GB
f=     3.650 Hz | ky=  0.543880E-03 | IK=       1/      55 | t=   23.751700 s | CA=  2.4674 | fact= 12.6255 | GF=  8.6586 | solve=  8.0132 | scatter=  0.2526
f=     3.650 Hz | ky=  0.108776E-02 | IK=       2/      55 | t=   13.379800 s | CA=  2.4581 | fact=  2.4173 | GF=  8.5044 | solve=  7.8931 | scatter=  0.2493
f=     3.650 Hz | ky=  0.163164E-02 | IK=       3/      55 | t=   13.343700 s | CA=  2.4438 | fact=  2.4118 | GF=  8.4880 | solve=  7.8721 | scatter=  0.2537
f=     3.650 Hz | ky=  0.217552E-02 | IK=       4/      55 | t=   13.362500 s | CA=  2.4909 | fact=  2.4098 | GF=  8.4617 | solve=  7.8483 | scatter=  0.2510
f=     3.650 Hz | ky=  0.271940E-02 | IK=       5/      55 | t=   13.271800 s | CA=  2.5027 | fact=  2.4276 | GF=  8.3415 | solve=  7.7294 | scatter=  0.2500
f=     3.650 Hz | ky=  0.326328E-02 | IK=       6/      55 | t=   13.216300 s | CA=  2.4811 | fact=  2.4215 | GF=  8.3137 | solve=  7.7032 | scatter=  0.2478
f=     3.650 Hz | ky=  0.380716E-02 | IK=       7/      55 | t=   13.185000 s | CA=  2.4586 | fact=  2.4282 | GF=  8.2981 | solve=  7.6858 | scatter=  0.2499
f=     3.650 Hz | ky=  0.435104E-02 | IK=       8/      55 | t=   13.207400 s | CA=  2.4775 | fact=  2.4376 | GF=  8.2923 | solve=  7.6788 | scatter=  0.2510
f=     3.650 Hz | ky=  0.489492E-02 | IK=       9/      55 | t=   13.217400 s | CA=  2.4723 | fact=  2.4495 | GF=  8.2956 | solve=  7.6792 | scatter=  0.2530
f=     3.650 Hz | ky=  0.543880E-02 | IK=      10/      55 | t=   13.201500 s | CA=  2.4665 | fact=  2.4352 | GF=  8.2997 | solve=  7.6866 | scatter=  0.2501
PARDISO mem (f=  3.65 Hz): sym=  1.95 GB  perm=  1.42 GB  num=  3.22 GB  
peak=  4.64 GB
t_global   =    297.427 s
TIME for 2d forward modeling_i calc =  4.956153361002604 min
Rank    5 -> ID range:   4001 to   4800 | Tasks:    800
Rank    4 -> ID range:   3201 to   4000 | Tasks:    800
Rank    1 -> ID range:    801 to   1600 | Tasks:    800
Rank    2 -> ID range:   1601 to   2400 | Tasks:    800
Rank    3 -> ID range:   2401 to   3200 | Tasks:    800
  
 -------------- calculate Frechet derivatives -----------
 IFREQ =           3    ITERATION =           1
Frechet memory size Frec_my:      0.825 (Gb)
Rank    0 -> ID range:      1 to    800 | Tasks:    800
FREQ:      3.6 Hz, ITER=       1  Frechet Derivative ID=     100/    4800 Finished   0.200600 s
FREQ:      3.6 Hz, ITER=       1  Frechet Derivative ID=     200/    4800 Finished   0.197900 s
FREQ:      3.6 Hz, ITER=       1  Frechet Derivative ID=     300/    4800 Finished   0.189200 s
FREQ:      3.6 Hz, ITER=       1  Frechet Derivative ID=     400/    4800 Finished   0.179900 s
FREQ:      3.6 Hz, ITER=       1  Frechet Derivative ID=     500/    4800 Finished   0.195800 s
FREQ:      3.6 Hz, ITER=       1  Frechet Derivative ID=     600/    4800 Finished   0.184700 s
FREQ:      3.6 Hz, ITER=       1  Frechet Derivative ID=     700/    4800 Finished   0.186500 s
FREQ:      3.6 Hz, ITER=       1  Frechet Derivative ID=     800/    4800 Finished   0.223400 s
||Frechet||_F=  1.7023E-13max|Frechet|=  3.9648E-18
||Frechet||_F=  1.7023E-13max|Frechet|=  3.9648E-18
 
TIME for Frechet calc =  3.049401601155599 min
 
m_fine: min=  4.5090E+01  max=  9.7097E+01  mean=  7.7744E+01  ||.||2=  3.4660E+04  size=  185445
m_coarse_prev: min=  4.5136E+01  max=  9.7097E+01  mean=  7.7765E+01  ||.||2=  8.6453E+03  size=   11534
 
  compute the residual and the cost function
 WD_amp= 6.08583E+13  RESID_RMS= 9.07014E-04  FCOST_DATA= 4.11337E-07  FCOST0= 4.11337E-07
||Frechet||_F=  1.7023E-13max|Frechet|=  3.9648E-18
||Frechet||_F=  1.7023E-13max|Frechet|=  3.9648E-18
||Frechet||_F=  1.7023E-13max|Frechet|=  3.9648E-18
||Frechet||_F=  1.7023E-13max|Frechet|=  3.9648E-18
IA= 11  H(single F0) min= 0.00000E+00  max= 1.07376E-03
IA= 11  H(F0^2)     min= 0.00000E+00  max= 1.07376E-03
HESSD: ia=  11  min= 0.00000E+00  max= 1.86243E+05
IA= 11  H(single F0) min= 0.00000E+00  max= 1.07376E-03
IA= 11  H(F0^2)     min= 0.00000E+00  max= 1.07376E-03
HESSD: ia=  11  min= 0.00000E+00  max= 1.86243E+05
IA= 11  H(single F0) min= 0.00000E+00  max= 1.07376E-03
IA= 11  H(F0^2)     min= 0.00000E+00  max= 1.07376E-03
HESSD: ia=  11  min= 0.00000E+00  max= 1.86243E+05
IA= 11  H(single F0) min= 0.00000E+00  max= 1.07376E-03
IA= 11  H(F0^2)     min= 0.00000E+00  max= 1.07376E-03
HESSD: ia=  11  min= 0.00000E+00  max= 1.86243E+05
IA= 11  H(single F0) min= 0.00000E+00  max= 1.07376E-03
IA= 11  H(F0^2)     min= 0.00000E+00  max= 1.07376E-03
HESSD: ia=  11  min= 0.00000E+00  max= 1.86243E+05
IA= 11  H(single F0) min= 0.00000E+00  max= 1.07376E-03
IA= 11  H(F0^2)     min= 0.00000E+00  max= 1.07376E-03
HESSD: ia=  11  min= 0.00000E+00  max= 1.86243E+05
Grad block  11 GRAD_SCALED MORM =   1.6545E-05
Raw grad block 11  PAR={Q66}  min= -3.5710E-10  max=  5.2227E-10  L2=  3.8796E-09
Gradient finished
Start LBFGS 
LBFGS steepest step , iter=      1
  g·p = -9.2052E-07  ||p|| =  2.4948E-01
  min(p)= -1.6950E-02  max(p)=  2.5614E-02
LBFGS p_k (unscaled) stats per active parameter:
  IA= 11  PAR={Q66}  min=-7.72329E+01  max= 1.16713E+02  L2= 1.13679E+03
min(p_k)= -1.6950E-02  max(p_k)=  2.5614E-02  ||p_k||=  2.4948E-01
min(p_kf)= -1.6950E-02  max(p_kf)=  2.5614E-02  ||p_kf||=  9.9792E-01
p_k/p_kf  =   2.5000E-01
Start linesearch
BT entry: phi(0)=  4.1134E-07  g·p(0)= -9.2052E-07
 UPDATEPARAMETER: f-scale only
UPDATEPARAMETER PAR_STEP min/max, V_STEP min/max = -1.1070874272E+01  1.8915056605E+02
 -1.1070874272E+01  1.8915056605E+02
REL STEP Q      : k= 11 row=  6 rmax_k=  1.6650E+00 row_scale=  9.7097E+01
BT cap probe: rmax1=  1.6650E+00  alpha_cap=  3.0029E-01  alpha00=  1.0000E+00
 UPDATEPARAMETER: f-scale only
UPDATEPARAMETER PAR_STEP min/max, V_STEP min/max =  3.6477636743E+01  1.0748600000E+02
  3.6477636743E+01  1.0748600000E+02
 running run_ik_loop_pardiso
before CA | VmRSS=  16.329 GB  VmHWM=  81.118 GB
after CA | VmRSS=  16.933 GB  VmHWM=  81.118 GB
after factor | VmRSS=  20.702 GB  VmHWM=  81.118 GB
f=     3.650 Hz | ky=  0.543880E-03 | IK=       1/      55 | t=   16.900400 s | CA=  2.4468 | fact= 12.6104 | GF=  1.8430 | solve=  1.6918 | scatter=  0.0503
f=     3.650 Hz | ky=  0.108776E-02 | IK=       2/      55 | t=    6.611600 s | CA=  2.4421 | fact=  2.4276 | GF=  1.7418 | solve=  1.6196 | scatter=  0.0508
f=     3.650 Hz | ky=  0.163164E-02 | IK=       3/      55 | t=    6.651100 s | CA=  2.4831 | fact=  2.4159 | GF=  1.7521 | solve=  1.6287 | scatter=  0.0515
f=     3.650 Hz | ky=  0.217552E-02 | IK=       4/      55 | t=    6.682700 s | CA=  2.5081 | fact=  2.4261 | GF=  1.7484 | solve=  1.6257 | scatter=  0.0515
f=     3.650 Hz | ky=  0.271940E-02 | IK=       5/      55 | t=    6.659400 s | CA=  2.4851 | fact=  2.4272 | GF=  1.7471 | solve=  1.6251 | scatter=  0.0506
f=     3.650 Hz | ky=  0.326328E-02 | IK=       6/      55 | t=    6.653600 s | CA=  2.4751 | fact=  2.4307 | GF=  1.7478 | solve=  1.6250 | scatter=  0.0515
f=     3.650 Hz | ky=  0.380716E-02 | IK=       7/      55 | t=    6.677600 s | CA=  2.5044 | fact=  2.4219 | GF=  1.7512 | solve=  1.6277 | scatter=  0.0521
f=     3.650 Hz | ky=  0.435104E-02 | IK=       8/      55 | t=    6.696900 s | CA=  2.5472 | fact=  2.3982 | GF=  1.7515 | solve=  1.6288 | scatter=  0.0512
f=     3.650 Hz | ky=  0.489492E-02 | IK=       9/      55 | t=    6.653400 s | CA=  2.4968 | fact=  2.4129 | GF=  1.7436 | solve=  1.6215 | scatter=  0.0505
f=     3.650 Hz | ky=  0.543880E-02 | IK=      10/      55 | t=    6.645900 s | CA=  2.4814 | fact=  2.4161 | GF=  1.7484 | solve=  1.6264 | scatter=  0.0507
PARDISO mem (f=  3.65 Hz): sym=  1.95 GB  perm=  1.42 GB  num=  3.22 GB  
peak=  4.64 GB
 WD_amp= 6.08583E+13  RESID_RMS= 1.31577E-03  FCOST_DATA= 8.65620E-07  FCOST0= 8.65620E-07
BT: alpha=  3.0029E-01  phi=  8.6562E-07  rhs=  4.1131E-07
 UPDATEPARAMETER: f-scale only
UPDATEPARAMETER PAR_STEP min/max, V_STEP min/max =  4.2305316859E+01  9.7632643744E+01
  4.2305316859E+01  9.7632643744E+01
 running run_ik_loop_pardiso
before CA | VmRSS=  16.909 GB  VmHWM=  81.118 GB
after CA | VmRSS=  17.505 GB  VmHWM=  81.118 GB
after factor | VmRSS=  21.268 GB  VmHWM=  81.118 GB
f=     3.650 Hz | ky=  0.543880E-03 | IK=       1/      55 | t=   16.884500 s | CA=  2.4440 | fact= 12.5984 | GF=  1.8419 | solve=  1.6895 | scatter=  0.0520
f=     3.650 Hz | ky=  0.108776E-02 | IK=       2/      55 | t=    6.629400 s | CA=  2.4728 | fact=  2.4182 | GF=  1.7383 | solve=  1.6167 | scatter=  0.0504
f=     3.650 Hz | ky=  0.163164E-02 | IK=       3/      55 | t=    6.662600 s | CA=  2.5013 | fact=  2.4198 | GF=  1.7415 | solve=  1.6191 | scatter=  0.0513
f=     3.650 Hz | ky=  0.217552E-02 | IK=       4/      55 | t=    6.617500 s | CA=  2.4726 | fact=  2.3987 | GF=  1.7462 | solve=  1.6244 | scatter=  0.0505
f=     3.650 Hz | ky=  0.271940E-02 | IK=       5/      55 | t=    6.644200 s | CA=  2.4717 | fact=  2.4285 | GF=  1.7440 | solve=  1.6216 | scatter=  0.0514
f=     3.650 Hz | ky=  0.326328E-02 | IK=       6/      55 | t=    6.668300 s | CA=  2.5090 | fact=  2.4177 | GF=  1.7416 | solve=  1.6202 | scatter=  0.0500
f=     3.650 Hz | ky=  0.380716E-02 | IK=       7/      55 | t=    6.637200 s | CA=  2.4959 | fact=  2.4021 | GF=  1.7392 | solve=  1.6179 | scatter=  0.0498
f=     3.650 Hz | ky=  0.435104E-02 | IK=       8/      55 | t=    6.644900 s | CA=  2.4841 | fact=  2.4176 | GF=  1.7432 | solve=  1.6206 | scatter=  0.0513
f=     3.650 Hz | ky=  0.489492E-02 | IK=       9/      55 | t=    6.654800 s | CA=  2.4881 | fact=  2.4184 | GF=  1.7482 | solve=  1.6250 | scatter=  0.0516
f=     3.650 Hz | ky=  0.543880E-02 | IK=      10/      55 | t=    6.690000 s | CA=  2.5247 | fact=  2.4156 | GF=  1.7496 | solve=  1.6264 | scatter=  0.0519
PARDISO mem (f=  3.65 Hz): sym=  1.95 GB  perm=  1.42 GB  num=  3.22 GB  
peak=  4.64 GB
 WD_amp= 6.08583E+13  RESID_RMS= 1.05828E-03  FCOST_DATA= 5.59981E-07  FCOST0= 5.59981E-07
BT: alpha=  1.5015E-01  phi=  5.5998E-07  rhs=  4.1132E-07
 UPDATEPARAMETER: f-scale only
UPDATEPARAMETER PAR_STEP min/max, V_STEP min/max =  4.4387489775E+01  9.7364821872E+01
  4.4387489775E+01  9.7364821872E+01
 running run_ik_loop_pardiso
before CA | VmRSS=  16.918 GB  VmHWM=  81.118 GB
after CA | VmRSS=  17.083 GB  VmHWM=  81.118 GB
after factor | VmRSS=  20.845 GB  VmHWM=  81.118 GB
f=     3.650 Hz | ky=  0.543880E-03 | IK=       1/      55 | t=   16.919300 s | CA=  2.4715 | fact= 12.6054 | GF=  1.8422 | solve=  1.6915 | scatter=  0.0503
f=     3.650 Hz | ky=  0.108776E-02 | IK=       2/      55 | t=    6.692900 s | CA=  2.5376 | fact=  2.4142 | GF=  1.7411 | solve=  1.6197 | scatter=  0.0503
f=     3.650 Hz | ky=  0.163164E-02 | IK=       3/      55 | t=    6.643600 s | CA=  2.4712 | fact=  2.4277 | GF=  1.7446 | solve=  1.6211 | scatter=  0.0521
f=     3.650 Hz | ky=  0.217552E-02 | IK=       4/      55 | t=    6.630500 s | CA=  2.4739 | fact=  2.4121 | GF=  1.7444 | solve=  1.6231 | scatter=  0.0503
f=     3.650 Hz | ky=  0.271940E-02 | IK=       5/      55 | t=    6.685400 s | CA=  2.5202 | fact=  2.4215 | GF=  1.7437 | solve=  1.6211 | scatter=  0.0515
f=     3.650 Hz | ky=  0.326328E-02 | IK=       6/      55 | t=    6.660400 s | CA=  2.4984 | fact=  2.4255 | GF=  1.7364 | solve=  1.6142 | scatter=  0.0510
f=     3.650 Hz | ky=  0.380716E-02 | IK=       7/      55 | t=    6.689300 s | CA=  2.5179 | fact=  2.4274 | GF=  1.7440 | solve=  1.6211 | scatter=  0.0516
f=     3.650 Hz | ky=  0.435104E-02 | IK=       8/      55 | t=    6.667300 s | CA=  2.5122 | fact=  2.4155 | GF=  1.7395 | solve=  1.6173 | scatter=  0.0511
f=     3.650 Hz | ky=  0.489492E-02 | IK=       9/      55 | t=    6.670600 s | CA=  2.5036 | fact=  2.4244 | GF=  1.7426 | solve=  1.6208 | scatter=  0.0503
f=     3.650 Hz | ky=  0.543880E-02 | IK=      10/      55 | t=    6.617800 s | CA=  2.4500 | fact=  2.4214 | GF=  1.7463 | solve=  1.6247 | scatter=  0.0504
PARDISO mem (f=  3.65 Hz): sym=  1.95 GB  perm=  1.42 GB  num=  3.22 GB  
peak=  4.64 GB
 WD_amp= 6.08583E+13  RESID_RMS= 9.60416E-04  FCOST_DATA= 4.61199E-07  FCOST0= 4.61199E-07
BT: alpha=  7.5073E-02  phi=  4.6120E-07  rhs=  4.1133E-07
 UPDATEPARAMETER: f-scale only
UPDATEPARAMETER PAR_STEP min/max, V_STEP min/max =  4.5090000000E+01  9.7230910936E+01
  4.5090000000E+01  9.7230910936E+01
 running run_ik_loop_pardiso
before CA | VmRSS=  17.019 GB  VmHWM=  81.118 GB
after CA | VmRSS=  17.540 GB  VmHWM=  81.118 GB
after factor | VmRSS=  21.305 GB  VmHWM=  81.118 GB
f=     3.650 Hz | ky=  0.543880E-03 | IK=       1/      55 | t=   16.909900 s | CA=  2.4606 | fact= 12.6110 | GF=  1.8381 | solve=  1.6859 | scatter=  0.0514
f=     3.650 Hz | ky=  0.108776E-02 | IK=       2/      55 | t=    6.652700 s | CA=  2.4995 | fact=  2.4121 | GF=  1.7411 | solve=  1.6182 | scatter=  0.0517
f=     3.650 Hz | ky=  0.163164E-02 | IK=       3/      55 | t=    6.730200 s | CA=  2.5650 | fact=  2.4261 | GF=  1.7390 | solve=  1.6173 | scatter=  0.0506
f=     3.650 Hz | ky=  0.217552E-02 | IK=       4/      55 | t=    6.641200 s | CA=  2.4770 | fact=  2.4204 | GF=  1.7438 | solve=  1.6213 | scatter=  0.0511
f=     3.650 Hz | ky=  0.271940E-02 | IK=       5/      55 | t=    6.673400 s | CA=  2.5164 | fact=  2.4153 | GF=  1.7417 | solve=  1.6180 | scatter=  0.0525
f=     3.650 Hz | ky=  0.326328E-02 | IK=       6/      55 | t=    6.658200 s | CA=  2.4905 | fact=  2.4206 | GF=  1.7470 | solve=  1.6255 | scatter=  0.0504
f=     3.650 Hz | ky=  0.380716E-02 | IK=       7/      55 | t=    6.675400 s | CA=  2.5097 | fact=  2.4189 | GF=  1.7467 | solve=  1.6236 | scatter=  0.0516
f=     3.650 Hz | ky=  0.435104E-02 | IK=       8/      55 | t=    6.638300 s | CA=  2.4814 | fact=  2.4133 | GF=  1.7435 | solve=  1.6214 | scatter=  0.0510
f=     3.650 Hz | ky=  0.489492E-02 | IK=       9/      55 | t=    6.728500 s | CA=  2.5587 | fact=  2.4217 | GF=  1.7480 | solve=  1.6266 | scatter=  0.0502
f=     3.650 Hz | ky=  0.543880E-02 | IK=      10/      55 | t=    6.647200 s | CA=  2.4838 | fact=  2.4162 | GF=  1.7471 | solve=  1.6245 | scatter=  0.0512
PARDISO mem (f=  3.65 Hz): sym=  1.95 GB  perm=  1.42 GB  num=  3.22 GB  
peak=  4.64 GB
 WD_amp= 6.08583E+13  RESID_RMS= 9.26615E-04  FCOST_DATA= 4.29307E-07  FCOST0= 4.29307E-07
BT: alpha=  3.7537E-02  phi=  4.2931E-07  rhs=  4.1133E-07
 UPDATEPARAMETER: f-scale only
UPDATEPARAMETER PAR_STEP min/max, V_STEP min/max =  4.5090000000E+01  9.7163955468E+01
  4.5090000000E+01  9.7163955468E+01
 running run_ik_loop_pardiso
before CA | VmRSS=  16.881 GB  VmHWM=  81.118 GB
after CA | VmRSS=  17.573 GB  VmHWM=  81.118 GB
after factor | VmRSS=  21.333 GB  VmHWM=  81.118 GB
f=     3.650 Hz | ky=  0.543880E-03 | IK=       1/      55 | t=   17.005000 s | CA=  2.5425 | fact= 12.6271 | GF=  1.8352 | solve=  1.6841 | scatter=  0.0504
f=     3.650 Hz | ky=  0.108776E-02 | IK=       2/      55 | t=    6.669000 s | CA=  2.5085 | fact=  2.4206 | GF=  1.7399 | solve=  1.6184 | scatter=  0.0504
f=     3.650 Hz | ky=  0.163164E-02 | IK=       3/      55 | t=    6.616400 s | CA=  2.4583 | fact=  2.4179 | GF=  1.7401 | solve=  1.6180 | scatter=  0.0507
f=     3.650 Hz | ky=  0.217552E-02 | IK=       4/      55 | t=    6.672500 s | CA=  2.5138 | fact=  2.4232 | GF=  1.7354 | solve=  1.6137 | scatter=  0.0506
f=     3.650 Hz | ky=  0.271940E-02 | IK=       5/      55 | t=    6.621200 s | CA=  2.4631 | fact=  2.4191 | GF=  1.7390 | solve=  1.6171 | scatter=  0.0508
f=     3.650 Hz | ky=  0.326328E-02 | IK=       6/      55 | t=    6.619800 s | CA=  2.4646 | fact=  2.4154 | GF=  1.7398 | solve=  1.6177 | scatter=  0.0508
f=     3.650 Hz | ky=  0.380716E-02 | IK=       7/      55 | t=    6.621000 s | CA=  2.4628 | fact=  2.4151 | GF=  1.7431 | solve=  1.6213 | scatter=  0.0506
f=     3.650 Hz | ky=  0.435104E-02 | IK=       8/      55 | t=    6.650100 s | CA=  2.4947 | fact=  2.4147 | GF=  1.7407 | solve=  1.6183 | scatter=  0.0512
f=     3.650 Hz | ky=  0.489492E-02 | IK=       9/      55 | t=    6.684900 s | CA=  2.5242 | fact=  2.4181 | GF=  1.7425 | solve=  1.6182 | scatter=  0.0527
f=     3.650 Hz | ky=  0.543880E-02 | IK=      10/      55 | t=    6.637300 s | CA=  2.4736 | fact=  2.4224 | GF=  1.7413 | solve=  1.6180 | scatter=  0.0519
PARDISO mem (f=  3.65 Hz): sym=  1.95 GB  perm=  1.42 GB  num=  3.22 GB  
peak=  4.64 GB
 WD_amp= 6.08583E+13  RESID_RMS= 9.14830E-04  FCOST_DATA= 4.18457E-07  FCOST0= 4.18457E-07
BT: alpha=  1.8768E-02  phi=  4.1846E-07  rhs=  4.1134E-07
 UPDATEPARAMETER: f-scale only
UPDATEPARAMETER PAR_STEP min/max, V_STEP min/max =  4.5090000000E+01  9.7130477734E+01
  4.5090000000E+01  9.7130477734E+01
 running run_ik_loop_pardiso
before CA | VmRSS=  17.040 GB  VmHWM=  81.118 GB
after CA | VmRSS=  17.615 GB  VmHWM=  81.118 GB
after factor | VmRSS=  21.374 GB  VmHWM=  81.118 GB
f=     3.650 Hz | ky=  0.543880E-03 | IK=       1/      55 | t=   16.904800 s | CA=  2.4402 | fact= 12.6228 | GF=  1.8416 | solve=  1.6901 | scatter=  0.0505
f=     3.650 Hz | ky=  0.108776E-02 | IK=       2/      55 | t=    6.636500 s | CA=  2.4895 | fact=  2.4048 | GF=  1.7421 | solve=  1.6185 | scatter=  0.0524
f=     3.650 Hz | ky=  0.163164E-02 | IK=       3/      55 | t=    6.745800 s | CA=  2.5843 | fact=  2.4145 | GF=  1.7470 | solve=  1.6243 | scatter=  0.0515
f=     3.650 Hz | ky=  0.217552E-02 | IK=       4/      55 | t=    6.634400 s | CA=  2.4636 | fact=  2.4234 | GF=  1.7473 | solve=  1.6253 | scatter=  0.0509
f=     3.650 Hz | ky=  0.271940E-02 | IK=       5/      55 | t=    6.637100 s | CA=  2.4795 | fact=  2.4138 | GF=  1.7438 | solve=  1.6229 | scatter=  0.0495
f=     3.650 Hz | ky=  0.326328E-02 | IK=       6/      55 | t=    6.618000 s | CA=  2.4923 | fact=  2.3862 | GF=  1.7395 | solve=  1.6177 | scatter=  0.0505
f=     3.650 Hz | ky=  0.380716E-02 | IK=       7/      55 | t=    6.698500 s | CA=  2.5402 | fact=  2.4131 | GF=  1.7451 | solve=  1.6233 | scatter=  0.0506
f=     3.650 Hz | ky=  0.435104E-02 | IK=       8/      55 | t=    6.688800 s | CA=  2.5320 | fact=  2.4130 | GF=  1.7438 | solve=  1.6228 | scatter=  0.0498
f=     3.650 Hz | ky=  0.489492E-02 | IK=       9/      55 | t=    6.661500 s | CA=  2.4955 | fact=  2.4190 | GF=  1.7470 | solve=  1.6258 | scatter=  0.0500
f=     3.650 Hz | ky=  0.543880E-02 | IK=      10/      55 | t=    6.661000 s | CA=  2.5054 | fact=  2.4134 | GF=  1.7421 | solve=  1.6191 | scatter=  0.0517
PARDISO mem (f=  3.65 Hz): sym=  1.95 GB  perm=  1.42 GB  num=  3.22 GB  
peak=  4.64 GB
 WD_amp= 6.08583E+13  RESID_RMS= 9.10400E-04  FCOST_DATA= 4.14414E-07  FCOST0= 4.14414E-07
BT: alpha=  9.3842E-03  phi=  4.1441E-07  rhs=  4.1134E-07
 UPDATEPARAMETER: f-scale only
UPDATEPARAMETER PAR_STEP min/max, V_STEP min/max =  4.5090000000E+01  9.7113738867E+01
  4.5090000000E+01  9.7113738867E+01
 running run_ik_loop_pardiso
before CA | VmRSS=  17.060 GB  VmHWM=  81.118 GB
after CA | VmRSS=  17.595 GB  VmHWM=  81.118 GB
after factor | VmRSS=  21.356 GB  VmHWM=  81.118 GB
f=     3.650 Hz | ky=  0.543880E-03 | IK=       1/      55 | t=   16.912400 s | CA=  2.4579 | fact= 12.6189 | GF=  1.8354 | solve=  1.6846 | scatter=  0.0501
f=     3.650 Hz | ky=  0.108776E-02 | IK=       2/      55 | t=    6.652900 s | CA=  2.5060 | fact=  2.4108 | GF=  1.7360 | solve=  1.6144 | scatter=  0.0505
f=     3.650 Hz | ky=  0.163164E-02 | IK=       3/      55 | t=    6.654000 s | CA=  2.4796 | fact=  2.4206 | GF=  1.7537 | solve=  1.6311 | scatter=  0.0511
f=     3.650 Hz | ky=  0.217552E-02 | IK=       4/      55 | t=    6.596700 s | CA=  2.4662 | fact=  2.3958 | GF=  1.7347 | solve=  1.6121 | scatter=  0.0514
f=     3.650 Hz | ky=  0.271940E-02 | IK=       5/      55 | t=    6.615800 s | CA=  2.4588 | fact=  2.4178 | GF=  1.7391 | solve=  1.6164 | scatter=  0.0513
f=     3.650 Hz | ky=  0.326328E-02 | IK=       6/      55 | t=    6.634200 s | CA=  2.4664 | fact=  2.4244 | GF=  1.7433 | solve=  1.6210 | scatter=  0.0507
f=     3.650 Hz | ky=  0.380716E-02 | IK=       7/      55 | t=    6.609500 s | CA=  2.4531 | fact=  2.4164 | GF=  1.7399 | solve=  1.6175 | scatter=  0.0512
f=     3.650 Hz | ky=  0.435104E-02 | IK=       8/      55 | t=    6.619400 s | CA=  2.4602 | fact=  2.4194 | GF=  1.7398 | solve=  1.6176 | scatter=  0.0510
f=     3.650 Hz | ky=  0.489492E-02 | IK=       9/      55 | t=    6.672200 s | CA=  2.5090 | fact=  2.4165 | GF=  1.7466 | solve=  1.6228 | scatter=  0.0527
f=     3.650 Hz | ky=  0.543880E-02 | IK=      10/      55 | t=    6.639000 s | CA=  2.4763 | fact=  2.4237 | GF=  1.7390 | solve=  1.6158 | scatter=  0.0516
PARDISO mem (f=  3.65 Hz): sym=  1.95 GB  perm=  1.42 GB  num=  3.22 GB  
peak=  4.64 GB
 WD_amp= 6.08583E+13  RESID_RMS= 9.08573E-04  FCOST_DATA= 4.12753E-07  FCOST0= 4.12753E-07
BT: alpha=  4.6921E-03  phi=  4.1275E-07  rhs=  4.1134E-07
 UPDATEPARAMETER: f-scale only
UPDATEPARAMETER PAR_STEP min/max, V_STEP min/max =  4.5090000000E+01  9.7105369434E+01
  4.5090000000E+01  9.7105369434E+01
 running run_ik_loop_pardiso
before CA | VmRSS=  16.621 GB  VmHWM=  81.118 GB
after CA | VmRSS=  17.022 GB  VmHWM=  81.118 GB
after factor | VmRSS=  20.784 GB  VmHWM=  81.118 GB
f=     3.650 Hz | ky=  0.543880E-03 | IK=       1/      55 | t=   16.953500 s | CA=  2.5091 | fact= 12.6019 | GF=  1.8423 | solve=  1.6915 | scatter=  0.0497
f=     3.650 Hz | ky=  0.108776E-02 | IK=       2/      55 | t=    6.654400 s | CA=  2.5015 | fact=  2.4087 | GF=  1.7441 | solve=  1.6196 | scatter=  0.0530
f=     3.650 Hz | ky=  0.163164E-02 | IK=       3/      55 | t=    6.652300 s | CA=  2.4963 | fact=  2.4173 | GF=  1.7387 | solve=  1.6176 | scatter=  0.0499
f=     3.650 Hz | ky=  0.217552E-02 | IK=       4/      55 | t=    6.668500 s | CA=  2.5011 | fact=  2.4199 | GF=  1.7475 | solve=  1.6247 | scatter=  0.0515
f=     3.650 Hz | ky=  0.271940E-02 | IK=       5/      55 | t=    6.735800 s | CA=  2.5679 | fact=  2.4275 | GF=  1.7404 | solve=  1.6174 | scatter=  0.0519
f=     3.650 Hz | ky=  0.326328E-02 | IK=       6/      55 | t=    6.643400 s | CA=  2.4755 | fact=  2.4235 | GF=  1.7444 | solve=  1.6220 | scatter=  0.0511
f=     3.650 Hz | ky=  0.380716E-02 | IK=       7/      55 | t=    6.668700 s | CA=  2.5049 | fact=  2.4226 | GF=  1.7411 | solve=  1.6187 | scatter=  0.0513
f=     3.650 Hz | ky=  0.435104E-02 | IK=       8/      55 | t=    6.651700 s | CA=  2.4876 | fact=  2.4225 | GF=  1.7415 | solve=  1.6191 | scatter=  0.0511
f=     3.650 Hz | ky=  0.489492E-02 | IK=       9/      55 | t=    6.648300 s | CA=  2.5271 | fact=  2.3746 | GF=  1.7466 | solve=  1.6237 | scatter=  0.0517
f=     3.650 Hz | ky=  0.543880E-02 | IK=      10/      55 | t=    6.686200 s | CA=  2.5303 | fact=  2.4047 | GF=  1.7512 | solve=  1.6272 | scatter=  0.0528
PARDISO mem (f=  3.65 Hz): sym=  1.95 GB  perm=  1.42 GB  num=  3.22 GB  
peak=  4.64 GB
 WD_amp= 6.08583E+13  RESID_RMS= 9.07760E-04  FCOST_DATA= 4.12014E-07  FCOST0= 4.12014E-07
BT: alpha=  2.3460E-03  phi=  4.1201E-07  rhs=  4.1134E-07
 UPDATEPARAMETER: f-scale only
UPDATEPARAMETER PAR_STEP min/max, V_STEP min/max =  4.5090000000E+01  9.7101184717E+01
  4.5090000000E+01  9.7101184717E+01
 running run_ik_loop_pardiso
before CA | VmRSS=  16.417 GB  VmHWM=  81.118 GB
after CA | VmRSS=  17.020 GB  VmHWM=  81.118 GB
after factor | VmRSS=  20.783 GB  VmHWM=  81.118 GB
f=     3.650 Hz | ky=  0.543880E-03 | IK=       1/      55 | t=   16.903100 s | CA=  2.4381 | fact= 12.6313 | GF=  1.8335 | solve=  1.6827 | scatter=  0.0500
f=     3.650 Hz | ky=  0.108776E-02 | IK=       2/      55 | t=    6.572600 s | CA=  2.4387 | fact=  2.4148 | GF=  1.7190 | solve=  1.5970 | scatter=  0.0508
f=     3.650 Hz | ky=  0.163164E-02 | IK=       3/      55 | t=    6.565500 s | CA=  2.4766 | fact=  2.3859 | GF=  1.7029 | solve=  1.5821 | scatter=  0.0496
f=     3.650 Hz | ky=  0.217552E-02 | IK=       4/      55 | t=    6.587500 s | CA=  2.4635 | fact=  2.4146 | GF=  1.7093 | solve=  1.5864 | scatter=  0.0517
f=     3.650 Hz | ky=  0.271940E-02 | IK=       5/      55 | t=    6.629900 s | CA=  2.5110 | fact=  2.4165 | GF=  1.7024 | solve=  1.5800 | scatter=  0.0510
f=     3.650 Hz | ky=  0.326328E-02 | IK=       6/      55 | t=    6.612900 s | CA=  2.4952 | fact=  2.4152 | GF=  1.7025 | solve=  1.5819 | scatter=  0.0494
f=     3.650 Hz | ky=  0.380716E-02 | IK=       7/      55 | t=    6.703000 s | CA=  2.5691 | fact=  2.4234 | GF=  1.7105 | solve=  1.5875 | scatter=  0.0519
f=     3.650 Hz | ky=  0.435104E-02 | IK=       8/      55 | t=    6.661300 s | CA=  2.5367 | fact=  2.4183 | GF=  1.7063 | solve=  1.5841 | scatter=  0.0505
f=     3.650 Hz | ky=  0.489492E-02 | IK=       9/      55 | t=    6.628900 s | CA=  2.4981 | fact=  2.4220 | GF=  1.7087 | solve=  1.5861 | scatter=  0.0510
f=     3.650 Hz | ky=  0.543880E-02 | IK=      10/      55 | t=    6.654100 s | CA=  2.5268 | fact=  2.4173 | GF=  1.7100 | solve=  1.5869 | scatter=  0.0519
PARDISO mem (f=  3.65 Hz): sym=  1.95 GB  perm=  1.42 GB  num=  3.22 GB  
peak=  4.64 GB
 WD_amp= 6.08583E+13  RESID_RMS= 9.07378E-04  FCOST_DATA= 4.11668E-07  FCOST0= 4.11668E-07
BT: alpha=  1.1730E-03  phi=  4.1167E-07  rhs=  4.1134E-07
 UPDATEPARAMETER: f-scale only
UPDATEPARAMETER PAR_STEP min/max, V_STEP min/max =  4.5090000000E+01  9.7099092358E+01
  4.5090000000E+01  9.7099092358E+01
 running run_ik_loop_pardiso
before CA | VmRSS=  17.008 GB  VmHWM=  81.118 GB
after CA | VmRSS=  17.566 GB  VmHWM=  81.118 GB
after factor | VmRSS=  21.333 GB  VmHWM=  81.118 GB
f=     3.650 Hz | ky=  0.543880E-03 | IK=       1/      55 | t=   16.977400 s | CA=  2.5104 | fact= 12.6280 | GF=  1.8388 | solve=  1.6885 | scatter=  0.0496
f=     3.650 Hz | ky=  0.108776E-02 | IK=       2/      55 | t=    6.618200 s | CA=  2.4804 | fact=  2.3991 | GF=  1.7386 | solve=  1.6162 | scatter=  0.0513
f=     3.650 Hz | ky=  0.163164E-02 | IK=       3/      55 | t=    6.711100 s | CA=  2.5389 | fact=  2.4269 | GF=  1.7452 | solve=  1.6229 | scatter=  0.0512
f=     3.650 Hz | ky=  0.217552E-02 | IK=       4/      55 | t=    6.710600 s | CA=  2.5441 | fact=  2.4224 | GF=  1.7440 | solve=  1.6224 | scatter=  0.0500
f=     3.650 Hz | ky=  0.271940E-02 | IK=       5/      55 | t=    6.660900 s | CA=  2.4885 | fact=  2.4260 | GF=  1.7464 | solve=  1.6250 | scatter=  0.0501
f=     3.650 Hz | ky=  0.326328E-02 | IK=       6/      55 | t=    6.677600 s | CA=  2.5137 | fact=  2.4144 | GF=  1.7495 | solve=  1.6271 | scatter=  0.0513
f=     3.650 Hz | ky=  0.380716E-02 | IK=       7/      55 | t=    6.666500 s | CA=  2.5259 | fact=  2.3977 | GF=  1.7429 | solve=  1.6198 | scatter=  0.0518
f=     3.650 Hz | ky=  0.435104E-02 | IK=       8/      55 | t=    6.712900 s | CA=  2.5456 | fact=  2.4220 | GF=  1.7453 | solve=  1.6221 | scatter=  0.0515
f=     3.650 Hz | ky=  0.489492E-02 | IK=       9/      55 | t=    6.664600 s | CA=  2.5266 | fact=  2.3929 | GF=  1.7451 | solve=  1.6227 | scatter=  0.0512
f=     3.650 Hz | ky=  0.543880E-02 | IK=      10/      55 | t=    6.671400 s | CA=  2.4982 | fact=  2.4257 | GF=  1.7475 | solve=  1.6254 | scatter=  0.0509
PARDISO mem (f=  3.65 Hz): sym=  1.95 GB  perm=  1.42 GB  num=  3.22 GB  
peak=  4.64 GB
 WD_amp= 6.08583E+13  RESID_RMS= 9.07194E-04  FCOST_DATA= 4.11501E-07  FCOST0= 4.11501E-07
BT: alpha=  5.8651E-04  phi=  4.1150E-07  rhs=  4.1134E-07
 UPDATEPARAMETER: f-scale only
UPDATEPARAMETER PAR_STEP min/max, V_STEP min/max =  4.5090000000E+01  9.7098046179E+01
  4.5090000000E+01  9.7098046179E+01
 running run_ik_loop_pardiso
before CA | VmRSS=  17.013 GB  VmHWM=  81.118 GB
after CA | VmRSS=  17.572 GB  VmHWM=  81.118 GB
after factor | VmRSS=  21.332 GB  VmHWM=  81.118 GB
f=     3.650 Hz | ky=  0.543880E-03 | IK=       1/      55 | t=   16.921600 s | CA=  2.4611 | fact= 12.6206 | GF=  1.8397 | solve=  1.6868 | scatter=  0.0522
f=     3.650 Hz | ky=  0.108776E-02 | IK=       2/      55 | t=    6.662500 s | CA=  2.5104 | fact=  2.4132 | GF=  1.7388 | solve=  1.6165 | scatter=  0.0511
f=     3.650 Hz | ky=  0.163164E-02 | IK=       3/      55 | t=    6.711300 s | CA=  2.5564 | fact=  2.4123 | GF=  1.7426 | solve=  1.6192 | scatter=  0.0519
f=     3.650 Hz | ky=  0.217552E-02 | IK=       4/      55 | t=    6.683600 s | CA=  2.5253 | fact=  2.4208 | GF=  1.7374 | solve=  1.6148 | scatter=  0.0514
f=     3.650 Hz | ky=  0.271940E-02 | IK=       5/      55 | t=    6.633400 s | CA=  2.4689 | fact=  2.4223 | GF=  1.7422 | solve=  1.6194 | scatter=  0.0516
f=     3.650 Hz | ky=  0.326328E-02 | IK=       6/      55 | t=    6.713200 s | CA=  2.5482 | fact=  2.4261 | GF=  1.7389 | solve=  1.6171 | scatter=  0.0508
f=     3.650 Hz | ky=  0.380716E-02 | IK=       7/      55 | t=    6.629000 s | CA=  2.4735 | fact=  2.4105 | GF=  1.7450 | solve=  1.6220 | scatter=  0.0517
f=     3.650 Hz | ky=  0.435104E-02 | IK=       8/      55 | t=    6.655400 s | CA=  2.5018 | fact=  2.4120 | GF=  1.7415 | solve=  1.6187 | scatter=  0.0514
f=     3.650 Hz | ky=  0.489492E-02 | IK=       9/      55 | t=    6.708800 s | CA=  2.5411 | fact=  2.4239 | GF=  1.7437 | solve=  1.6219 | scatter=  0.0505
f=     3.650 Hz | ky=  0.543880E-02 | IK=      10/      55 | t=    6.628600 s | CA=  2.4905 | fact=  2.3911 | GF=  1.7470 | solve=  1.6243 | scatter=  0.0514
PARDISO mem (f=  3.65 Hz): sym=  1.95 GB  perm=  1.42 GB  num=  3.22 GB  
peak=  4.64 GB
 WD_amp= 6.08583E+13  RESID_RMS= 9.07103E-04  FCOST_DATA= 4.11418E-07  FCOST0= 4.11418E-07
BT: alpha=  2.9326E-04  phi=  4.1142E-07  rhs=  4.1134E-07
 UPDATEPARAMETER: f-scale only
UPDATEPARAMETER PAR_STEP min/max, V_STEP min/max =  4.5090000000E+01  9.7097523090E+01
  4.5090000000E+01  9.7097523090E+01
 running run_ik_loop_pardiso
before CA | VmRSS=  16.418 GB  VmHWM=  81.118 GB
after CA | VmRSS=  17.642 GB  VmHWM=  81.118 GB
after factor | VmRSS=  21.410 GB  VmHWM=  81.118 GB
f=     3.650 Hz | ky=  0.543880E-03 | IK=       1/      55 | t=   16.904300 s | CA=  2.4310 | fact= 12.6333 | GF=  1.8398 | solve=  1.6883 | scatter=  0.0507
f=     3.650 Hz | ky=  0.108776E-02 | IK=       2/      55 | t=    6.672800 s | CA=  2.5267 | fact=  2.4089 | GF=  1.7372 | solve=  1.6141 | scatter=  0.0518
f=     3.650 Hz | ky=  0.163164E-02 | IK=       3/      55 | t=    6.712000 s | CA=  2.5488 | fact=  2.4171 | GF=  1.7460 | solve=  1.6232 | scatter=  0.0512
f=     3.650 Hz | ky=  0.217552E-02 | IK=       4/      55 | t=    6.666900 s | CA=  2.5235 | fact=  2.4062 | GF=  1.7372 | solve=  1.6148 | scatter=  0.0512
f=     3.650 Hz | ky=  0.271940E-02 | IK=       5/      55 | t=    6.705500 s | CA=  2.5569 | fact=  2.4101 | GF=  1.7385 | solve=  1.6168 | scatter=  0.0503
f=     3.650 Hz | ky=  0.326328E-02 | IK=       6/      55 | t=    6.633800 s | CA=  2.4778 | fact=  2.4118 | GF=  1.7441 | solve=  1.6211 | scatter=  0.0519
f=     3.650 Hz | ky=  0.380716E-02 | IK=       7/      55 | t=    6.700300 s | CA=  2.5383 | fact=  2.4229 | GF=  1.7390 | solve=  1.6169 | scatter=  0.0510
f=     3.650 Hz | ky=  0.435104E-02 | IK=       8/      55 | t=    6.657400 s | CA=  2.5055 | fact=  2.4124 | GF=  1.7395 | solve=  1.6178 | scatter=  0.0506
f=     3.650 Hz | ky=  0.489492E-02 | IK=       9/      55 | t=    6.656400 s | CA=  2.4958 | fact=  2.4189 | GF=  1.7417 | solve=  1.6197 | scatter=  0.0505
f=     3.650 Hz | ky=  0.543880E-02 | IK=      10/      55 | t=    6.698300 s | CA=  2.5371 | fact=  2.4173 | GF=  1.7439 | solve=  1.6208 | scatter=  0.0517
PARDISO mem (f=  3.65 Hz): sym=  1.95 GB  perm=  1.42 GB  num=  3.22 GB  
peak=  4.64 GB
 WD_amp= 6.08583E+13  RESID_RMS= 9.07059E-04  FCOST_DATA= 4.11378E-07  FCOST0= 4.11378E-07
BT: alpha=  1.4663E-04  phi=  4.1138E-07  rhs=  4.1134E-07
 UPDATEPARAMETER: f-scale only
UPDATEPARAMETER PAR_STEP min/max, V_STEP min/max =  4.5090000000E+01  9.7097261545E+01
  4.5090000000E+01  9.7097261545E+01
 running run_ik_loop_pardiso
before CA | VmRSS=  16.989 GB  VmHWM=  81.118 GB
after CA | VmRSS=  17.146 GB  VmHWM=  81.118 GB
after factor | VmRSS=  20.903 GB  VmHWM=  81.118 GB
f=     3.650 Hz | ky=  0.543880E-03 | IK=       1/      55 | t=   16.958300 s | CA=  2.4901 | fact= 12.6292 | GF=  1.8388 | solve=  1.6874 | scatter=  0.0507
f=     3.650 Hz | ky=  0.108776E-02 | IK=       2/      55 | t=    6.714300 s | CA=  2.5637 | fact=  2.4120 | GF=  1.7385 | solve=  1.6158 | scatter=  0.0515
f=     3.650 Hz | ky=  0.163164E-02 | IK=       3/      55 | t=    6.705900 s | CA=  2.5536 | fact=  2.4128 | GF=  1.7394 | solve=  1.6174 | scatter=  0.0509
f=     3.650 Hz | ky=  0.217552E-02 | IK=       4/      55 | t=    6.622500 s | CA=  2.4705 | fact=  2.4121 | GF=  1.7398 | solve=  1.6175 | scatter=  0.0511
f=     3.650 Hz | ky=  0.271940E-02 | IK=       5/      55 | t=    6.652200 s | CA=  2.4957 | fact=  2.4116 | GF=  1.7449 | solve=  1.6228 | scatter=  0.0507
f=     3.650 Hz | ky=  0.326328E-02 | IK=       6/      55 | t=    6.660100 s | CA=  2.5114 | fact=  2.4110 | GF=  1.7377 | solve=  1.6150 | scatter=  0.0515
f=     3.650 Hz | ky=  0.380716E-02 | IK=       7/      55 | t=    6.690800 s | CA=  2.5345 | fact=  2.4149 | GF=  1.7413 | solve=  1.6193 | scatter=  0.0507
f=     3.650 Hz | ky=  0.435104E-02 | IK=       8/      55 | t=    6.609100 s | CA=  2.4470 | fact=  2.4193 | GF=  1.7428 | solve=  1.6211 | scatter=  0.0506
f=     3.650 Hz | ky=  0.489492E-02 | IK=       9/      55 | t=    6.670500 s | CA=  2.5187 | fact=  2.4107 | GF=  1.7411 | solve=  1.6182 | scatter=  0.0516
f=     3.650 Hz | ky=  0.543880E-02 | IK=      10/      55 | t=    6.665000 s | CA=  2.5097 | fact=  2.4187 | GF=  1.7366 | solve=  1.6148 | scatter=  0.0504
PARDISO mem (f=  3.65 Hz): sym=  1.95 GB  perm=  1.42 GB  num=  3.22 GB  
peak=  4.64 GB
 WD_amp= 6.08583E+13  RESID_RMS= 9.07036E-04  FCOST_DATA= 4.11357E-07  FCOST0= 4.11357E-07
BT: alpha=  7.3314E-05  phi=  4.1136E-07  rhs=  4.1134E-07
 UPDATEPARAMETER: f-scale only
UPDATEPARAMETER PAR_STEP min/max, V_STEP min/max =  4.5090000000E+01  9.7097130772E+01
  4.5090000000E+01  9.7097130772E+01
 running run_ik_loop_pardiso
before CA | VmRSS=  16.419 GB  VmHWM=  81.118 GB
after CA | VmRSS=  17.621 GB  VmHWM=  81.118 GB
after factor | VmRSS=  21.383 GB  VmHWM=  81.118 GB
f=     3.650 Hz | ky=  0.543880E-03 | IK=       1/      55 | t=   16.907900 s | CA=  2.4601 | fact= 12.6126 | GF=  1.8350 | solve=  1.6841 | scatter=  0.0497
f=     3.650 Hz | ky=  0.108776E-02 | IK=       2/      55 | t=    6.580200 s | CA=  2.4703 | fact=  2.3760 | GF=  1.7339 | solve=  1.6123 | scatter=  0.0504
f=     3.650 Hz | ky=  0.163164E-02 | IK=       3/      55 | t=    6.731300 s | CA=  2.5713 | fact=  2.4162 | GF=  1.7438 | solve=  1.6196 | scatter=  0.0528
f=     3.650 Hz | ky=  0.217552E-02 | IK=       4/      55 | t=    6.636700 s | CA=  2.4885 | fact=  2.4069 | GF=  1.7413 | solve=  1.6197 | scatter=  0.0505
f=     3.650 Hz | ky=  0.271940E-02 | IK=       5/      55 | t=    6.685400 s | CA=  2.5225 | fact=  2.4185 | GF=  1.7444 | solve=  1.6223 | scatter=  0.0509
f=     3.650 Hz | ky=  0.326328E-02 | IK=       6/      55 | t=    6.624100 s | CA=  2.4576 | fact=  2.4233 | GF=  1.7432 | solve=  1.6214 | scatter=  0.0503
f=     3.650 Hz | ky=  0.380716E-02 | IK=       7/      55 | t=    6.690500 s | CA=  2.5207 | fact=  2.4294 | GF=  1.7404 | solve=  1.6181 | scatter=  0.0511
f=     3.650 Hz | ky=  0.435104E-02 | IK=       8/      55 | t=    6.651600 s | CA=  2.4909 | fact=  2.4147 | GF=  1.7460 | solve=  1.6248 | scatter=  0.0501
f=     3.650 Hz | ky=  0.489492E-02 | IK=       9/      55 | t=    6.685800 s | CA=  2.5232 | fact=  2.4206 | GF=  1.7420 | solve=  1.6193 | scatter=  0.0510
f=     3.650 Hz | ky=  0.543880E-02 | IK=      10/      55 | t=    6.653700 s | CA=  2.4881 | fact=  2.4227 | GF=  1.7429 | solve=  1.6218 | scatter=  0.0499
PARDISO mem (f=  3.65 Hz): sym=  1.95 GB  perm=  1.42 GB  num=  3.22 GB  
peak=  4.64 GB
 WD_amp= 6.08583E+13  RESID_RMS= 9.07025E-04  FCOST_DATA= 4.11347E-07  FCOST0= 4.11347E-07
BT: alpha=  3.6657E-05  phi=  4.1135E-07  rhs=  4.1134E-07
 UPDATEPARAMETER: f-scale only
UPDATEPARAMETER PAR_STEP min/max, V_STEP min/max =  4.5090000000E+01  9.7097065386E+01
  4.5090000000E+01  9.7097065386E+01
 running run_ik_loop_pardiso
before CA | VmRSS=  16.414 GB  VmHWM=  81.118 GB
after CA | VmRSS=  17.157 GB  VmHWM=  81.118 GB
after factor | VmRSS=  20.926 GB  VmHWM=  81.118 GB
f=     3.650 Hz | ky=  0.543880E-03 | IK=       1/      55 | t=   16.962000 s | CA=  2.4950 | fact= 12.6263 | GF=  1.8405 | solve=  1.6886 | scatter=  0.0510
f=     3.650 Hz | ky=  0.108776E-02 | IK=       2/      55 | t=    6.686500 s | CA=  2.5295 | fact=  2.4151 | GF=  1.7419 | solve=  1.6202 | scatter=  0.0505
f=     3.650 Hz | ky=  0.163164E-02 | IK=       3/      55 | t=    6.684900 s | CA=  2.5323 | fact=  2.4108 | GF=  1.7418 | solve=  1.6182 | scatter=  0.0523
f=     3.650 Hz | ky=  0.217552E-02 | IK=       4/      55 | t=    6.639300 s | CA=  2.4762 | fact=  2.4222 | GF=  1.7408 | solve=  1.6186 | scatter=  0.0512
f=     3.650 Hz | ky=  0.271940E-02 | IK=       5/      55 | t=    6.636900 s | CA=  2.4718 | fact=  2.4235 | GF=  1.7415 | solve=  1.6201 | scatter=  0.0502
f=     3.650 Hz | ky=  0.326328E-02 | IK=       6/      55 | t=    6.596800 s | CA=  2.4946 | fact=  2.3603 | GF=  1.7418 | solve=  1.6193 | scatter=  0.0512
f=     3.650 Hz | ky=  0.380716E-02 | IK=       7/      55 | t=    6.672300 s | CA=  2.5031 | fact=  2.4192 | GF=  1.7500 | solve=  1.6279 | scatter=  0.0508
f=     3.650 Hz | ky=  0.435104E-02 | IK=       8/      55 | t=    6.646600 s | CA=  2.4804 | fact=  2.4198 | GF=  1.7464 | solve=  1.6239 | scatter=  0.0512
f=     3.650 Hz | ky=  0.489492E-02 | IK=       9/      55 | t=    6.601300 s | CA=  2.4722 | fact=  2.4149 | GF=  1.7142 | solve=  1.5922 | scatter=  0.0509
f=     3.650 Hz | ky=  0.543880E-02 | IK=      10/      55 | t=    6.591400 s | CA=  2.4611 | fact=  2.4242 | GF=  1.7061 | solve=  1.5825 | scatter=  0.0524
PARDISO mem (f=  3.65 Hz): sym=  1.95 GB  perm=  1.42 GB  num=  3.22 GB  
peak=  4.64 GB
 WD_amp= 6.08583E+13  RESID_RMS= 9.07020E-04  FCOST_DATA= 4.11342E-07  FCOST0= 4.11342E-07
BT: alpha=  1.8328E-05  phi=  4.1134E-07  rhs=  4.1134E-07
 UPDATEPARAMETER: f-scale only
UPDATEPARAMETER PAR_STEP min/max, V_STEP min/max =  4.5090000000E+01  9.7097035675E+01
  4.5090000000E+01  9.7097035675E+01
 running run_ik_loop_pardiso
before CA | VmRSS=  16.938 GB  VmHWM=  81.118 GB
after CA | VmRSS=  17.522 GB  VmHWM=  81.118 GB
after factor | VmRSS=  21.284 GB  VmHWM=  81.118 GB
f=     3.650 Hz | ky=  0.543880E-03 | IK=       1/      55 | t=   16.966000 s | CA=  2.5094 | fact= 12.6189 | GF=  1.8375 | solve=  1.6841 | scatter=  0.0530
f=     3.650 Hz | ky=  0.108776E-02 | IK=       2/      55 | t=    6.659400 s | CA=  2.5049 | fact=  2.4169 | GF=  1.7375 | solve=  1.6158 | scatter=  0.0503
f=     3.650 Hz | ky=  0.163164E-02 | IK=       3/      55 | t=    6.659900 s | CA=  2.5039 | fact=  2.4126 | GF=  1.7434 | solve=  1.6215 | scatter=  0.0507
f=     3.650 Hz | ky=  0.217552E-02 | IK=       4/      55 | t=    6.646200 s | CA=  2.4957 | fact=  2.4150 | GF=  1.7354 | solve=  1.6127 | scatter=  0.0515
f=     3.650 Hz | ky=  0.271940E-02 | IK=       5/      55 | t=    6.637200 s | CA=  2.4853 | fact=  2.4110 | GF=  1.7408 | solve=  1.6192 | scatter=  0.0503
f=     3.650 Hz | ky=  0.326328E-02 | IK=       6/      55 | t=    6.626500 s | CA=  2.4660 | fact=  2.4226 | GF=  1.7378 | solve=  1.6159 | scatter=  0.0505
f=     3.650 Hz | ky=  0.380716E-02 | IK=       7/      55 | t=    6.690700 s | CA=  2.5384 | fact=  2.4136 | GF=  1.7386 | solve=  1.6155 | scatter=  0.0518
f=     3.650 Hz | ky=  0.435104E-02 | IK=       8/      55 | t=    6.629500 s | CA=  2.4652 | fact=  2.4217 | GF=  1.7426 | solve=  1.6201 | scatter=  0.0512
f=     3.650 Hz | ky=  0.489492E-02 | IK=       9/      55 | t=    6.673300 s | CA=  2.5257 | fact=  2.4080 | GF=  1.7396 | solve=  1.6164 | scatter=  0.0515
f=     3.650 Hz | ky=  0.543880E-02 | IK=      10/      55 | t=    6.649800 s | CA=  2.4819 | fact=  2.4237 | GF=  1.7442 | solve=  1.6219 | scatter=  0.0508
PARDISO mem (f=  3.65 Hz): sym=  1.95 GB  perm=  1.42 GB  num=  3.22 GB  
peak=  4.64 GB
 WD_amp= 6.08583E+13  RESID_RMS= 9.07017E-04  FCOST_DATA= 4.11340E-07  FCOST0= 4.11340E-07
 Backtrack: failed after MAX_IT
 Line search failed (IFLAG=          11 ), inversion diverged.
 --------- Frequency   3.95000000000000       (band            1 )
[ComputeAcqWeight] empty acq_weight_file, using uniform weights = 1.0
Data weighting computed for frequency 4607182418800017373
XSRmin, XSRmax, ZSRmin, ZSRMax -1960.000000000000 .000000000000000 2050.000000000000 4030.000000000000
1 FKYC
1.2 FKYC
my_rank, FKYC,WLMAX, RMAX 0 .3237206343046874E-01 1296.906024010828 2786.036611389018
1.1 NK
NK in cky2= 55

  Number of wavenumber samples (NK) for FREQ =   55
  RMAX = 2786.04
Data weighting computed for frequency 4607182418800017373
Data weighting computed for frequency 4607182418800017373
Data weighting computed for frequency 4607182418800017373
Data weighting computed for frequency 4607182418800017373
Data weighting computed for frequency 4607182418800017373
--- Pre-solver preview (memory + RHS workload) ---
   GQG dims: NNX=       585  NNZ=       317  NPT=    185445
   DOF:     N=3*NPT =    556335
   Sources: NSR=       100  NSS=        20  NK=        55
   RHS total (per IK): nrhs_tot=3*NSS =        60
   Batch:    MAX_RHS_BATCH=        32  nbatches=         2
   GFMY  (GFX+GFY+GFZ):         13.679 GB
   RHS_MY(rhs+sol buffers):      0.531 GB
 
 running run_ik_loop_pardiso
before CA | VmRSS=  15.464 GB  VmHWM=  81.118 GB
after CA | VmRSS=  17.081 GB  VmHWM=  81.118 GB
after factor | VmRSS=  20.835 GB  VmHWM=  81.118 GB
f=     3.950 Hz | ky=  0.588583E-03 | IK=       1/      55 | t=   16.910800 s | CA=  2.4779 | fact= 12.5920 | GF=  1.8407 | solve=  1.6888 | scatter=  0.0508
f=     3.950 Hz | ky=  0.117717E-02 | IK=       2/      55 | t=    6.663900 s | CA=  2.5104 | fact=  2.4113 | GF=  1.7422 | solve=  1.6195 | scatter=  0.0514
f=     3.950 Hz | ky=  0.176575E-02 | IK=       3/      55 | t=    6.694200 s | CA=  2.5620 | fact=  2.3883 | GF=  1.7438 | solve=  1.6233 | scatter=  0.0492
f=     3.950 Hz | ky=  0.235433E-02 | IK=       4/      55 | t=    6.676800 s | CA=  2.5106 | fact=  2.4225 | GF=  1.7436 | solve=  1.6221 | scatter=  0.0503
f=     3.950 Hz | ky=  0.294291E-02 | IK=       5/      55 | t=    6.700400 s | CA=  2.5342 | fact=  2.4212 | GF=  1.7449 | solve=  1.6239 | scatter=  0.0495
f=     3.950 Hz | ky=  0.353150E-02 | IK=       6/      55 | t=    6.611900 s | CA=  2.4823 | fact=  2.3894 | GF=  1.7402 | solve=  1.6185 | scatter=  0.0506
f=     3.950 Hz | ky=  0.412008E-02 | IK=       7/      55 | t=    6.699800 s | CA=  2.5448 | fact=  2.4134 | GF=  1.7416 | solve=  1.6193 | scatter=  0.0510
f=     3.950 Hz | ky=  0.470866E-02 | IK=       8/      55 | t=    6.661600 s | CA=  2.4891 | fact=  2.4286 | GF=  1.7439 | solve=  1.6217 | scatter=  0.0509
f=     3.950 Hz | ky=  0.529725E-02 | IK=       9/      55 | t=    6.693900 s | CA=  2.5624 | fact=  2.3904 | GF=  1.7411 | solve=  1.6187 | scatter=  0.0514
f=     3.950 Hz | ky=  0.588583E-02 | IK=      10/      55 | t=    6.645200 s | CA=  2.4779 | fact=  2.4215 | GF=  1.7458 | solve=  1.6238 | scatter=  0.0507
PARDISO mem (f=  3.95 Hz): sym=  1.95 GB  perm=  1.42 GB  num=  3.22 GB  
peak=  4.64 GB
t_global   =    108.041 s
TIME for 1st forward modeling =  1.800681686401367  min
TIME for GT0 =  .4985000193119049E-02  min
Data scaler W for L2 norm: 62317002446034.46
Data scaler W for WQS norm: .1007948000807317E-312
Total number of active inversion parameters for current sequential stage (IM):          1
Total model blocks points (NM = IM * NBLOCK):      11534 on grid (NMM = IM * NPT):    185445
 Gradient balance ():   1.00000000000000        1.00000000000000     
   1.00000000000000        1.00000000000000        1.00000000000000     
   1.00000000000000        1.00000000000000        1.00000000000000     
   1.00000000000000        1.00000000000000        1.00000000000000     
 IE0, IZ          30           0
 IE0, IZ, GZ1, GZ2 =           30           0   100.000000000000     
   300.000000000000     
  
 Frequency:           4 Iteration:           1
--- Pre-solver preview (memory + RHS workload) ---
   GQG dims: NNX=       585  NNZ=       317  NPT=    185445
   DOF:     N=3*NPT =    556335
   Sources: NSR=       100  NSS=       100  NK=        55
   RHS total (per IK): nrhs_tot=3*NSS =       300
   Batch:    MAX_RHS_BATCH=        32  nbatches=        10
   GFMY  (GFX+GFY+GFZ):         68.393 GB
   RHS_MY(rhs+sol buffers):      0.531 GB
 
 running run_ik_loop_pardiso
before CA | VmRSS=  71.095 GB  VmHWM=  81.118 GB
after CA | VmRSS=  71.732 GB  VmHWM=  81.118 GB
after factor | VmRSS=  75.495 GB  VmHWM=  81.118 GB
f=     3.950 Hz | ky=  0.588583E-03 | IK=       1/      55 | t=   23.713700 s | CA=  2.4774 | fact= 12.6145 | GF=  8.6216 | solve=  7.9782 | scatter=  0.2505
f=     3.950 Hz | ky=  0.117717E-02 | IK=       2/      55 | t=   13.458400 s | CA=  2.5071 | fact=  2.4071 | GF=  8.5441 | solve=  7.9296 | scatter=  0.2527
f=     3.950 Hz | ky=  0.176575E-02 | IK=       3/      55 | t=   13.430300 s | CA=  2.4740 | fact=  2.4170 | GF=  8.5392 | solve=  7.9279 | scatter=  0.2494
f=     3.950 Hz | ky=  0.235433E-02 | IK=       4/      55 | t=   13.422500 s | CA=  2.4725 | fact=  2.4135 | GF=  8.5365 | solve=  7.9220 | scatter=  0.2518
f=     3.950 Hz | ky=  0.294291E-02 | IK=       5/      55 | t=   13.514500 s | CA=  2.5566 | fact=  2.4229 | GF=  8.5350 | solve=  7.9251 | scatter=  0.2477
f=     3.950 Hz | ky=  0.353150E-02 | IK=       6/      55 | t=   13.440100 s | CA=  2.4650 | fact=  2.4264 | GF=  8.5487 | solve=  7.9334 | scatter=  0.2526
f=     3.950 Hz | ky=  0.412008E-02 | IK=       7/      55 | t=   13.449900 s | CA=  2.4755 | fact=  2.4278 | GF=  8.5466 | solve=  7.9340 | scatter=  0.2495
f=     3.950 Hz | ky=  0.470866E-02 | IK=       8/      55 | t=   13.475700 s | CA=  2.5017 | fact=  2.4274 | GF=  8.5466 | solve=  7.9341 | scatter=  0.2492
f=     3.950 Hz | ky=  0.529725E-02 | IK=       9/      55 | t=   13.461700 s | CA=  2.4908 | fact=  2.4304 | GF=  8.5405 | solve=  7.9282 | scatter=  0.2491
f=     3.950 Hz | ky=  0.588583E-02 | IK=      10/      55 | t=   13.457000 s | CA=  2.5047 | fact=  2.4185 | GF=  8.5338 | solve=  7.9219 | scatter=  0.2490
PARDISO mem (f=  3.95 Hz): sym=  1.95 GB  perm=  1.42 GB  num=  3.22 GB  
peak=  4.64 GB
t_global   =    299.037 s
TIME for 2d forward modeling_i calc =  4.982721455891927 min
Rank    4 -> ID range:   3201 to   4000 | Tasks:    800
Rank    5 -> ID range:   4001 to   4800 | Tasks:    800
Rank    2 -> ID range:   1601 to   2400 | Tasks:    800
Rank    1 -> ID range:    801 to   1600 | Tasks:    800
Rank    3 -> ID range:   2401 to   3200 | Tasks:    800
  
 -------------- calculate Frechet derivatives -----------
 IFREQ =           4    ITERATION =           1
Frechet memory size Frec_my:      0.825 (Gb)
Rank    0 -> ID range:      1 to    800 | Tasks:    800
FREQ:      4.0 Hz, ITER=       1  Frechet Derivative ID=     100/    4800 Finished   0.199700 s
FREQ:      4.0 Hz, ITER=       1  Frechet Derivative ID=     200/    4800 Finished   0.199200 s
FREQ:      4.0 Hz, ITER=       1  Frechet Derivative ID=     300/    4800 Finished   0.198100 s
FREQ:      4.0 Hz, ITER=       1  Frechet Derivative ID=     400/    4800 Finished   0.182100 s
FREQ:      4.0 Hz, ITER=       1  Frechet Derivative ID=     500/    4800 Finished   0.199100 s
FREQ:      4.0 Hz, ITER=       1  Frechet Derivative ID=     600/    4800 Finished   0.198300 s
FREQ:      4.0 Hz, ITER=       1  Frechet Derivative ID=     700/    4800 Finished   0.196500 s
FREQ:      4.0 Hz, ITER=       1  Frechet Derivative ID=     800/    4800 Finished   0.192100 s
||Frechet||_F=  1.8268E-13max|Frechet|=  3.5919E-18
||Frechet||_F=  1.8268E-13max|Frechet|=  3.5919E-18
 
TIME for Frechet calc =  3.035441589355469 min
 
||Frechet||_F=  1.8268E-13max|Frechet|=  3.5919E-18
||Frechet||_F=  1.8268E-13max|Frechet|=  3.5919E-18
m_fine: min=  4.5090E+01  max=  9.7097E+01  mean=  7.7744E+01  ||.||2=  3.4660E+04  size=  185445
m_coarse_prev: min=  4.5136E+01  max=  9.7097E+01  mean=  7.7765E+01  ||.||2=  8.6453E+03  size=   11534
 
  compute the residual and the cost function
 WD_amp= 6.23170E+13  RESID_RMS= 8.51102E-04  FCOST_DATA= 3.62187E-07  FCOST0= 3.62187E-07
||Frechet||_F=  1.8268E-13max|Frechet|=  3.5919E-18
||Frechet||_F=  1.8268E-13max|Frechet|=  3.5919E-18
IA= 11  H(single F0) min= 0.00000E+00  max= 1.05291E-03
IA= 11  H(F0^2)     min= 0.00000E+00  max= 1.05291E-03
HESSD: ia=  11  min= 0.00000E+00  max= 1.89930E+05
IA= 11  H(single F0) min= 0.00000E+00  max= 1.05291E-03
IA= 11  H(F0^2)     min= 0.00000E+00  max= 1.05291E-03
HESSD: ia=  11  min= 0.00000E+00  max= 1.89930E+05
IA= 11  H(single F0) min= 0.00000E+00  max= 1.05291E-03
IA= 11  H(F0^2)     min= 0.00000E+00  max= 1.05291E-03
HESSD: ia=  11  min= 0.00000E+00  max= 1.89930E+05
IA= 11  H(single F0) min= 0.00000E+00  max= 1.05291E-03
IA= 11  H(F0^2)     min= 0.00000E+00  max= 1.05291E-03
HESSD: ia=  11  min= 0.00000E+00  max= 1.89930E+05
IA= 11  H(single F0) min= 0.00000E+00  max= 1.05291E-03
IA= 11  H(F0^2)     min= 0.00000E+00  max= 1.05291E-03
HESSD: ia=  11  min= 0.00000E+00  max= 1.89930E+05
IA= 11  H(single F0) min= 0.00000E+00  max= 1.05291E-03
IA= 11  H(F0^2)     min= 0.00000E+00  max= 1.05291E-03
HESSD: ia=  11  min= 0.00000E+00  max= 1.89930E+05
Grad block  11 GRAD_SCALED MORM =   1.9237E-05
Raw grad block 11  PAR={Q66}  min= -6.1351E-10  max=  4.9019E-10  L2=  4.5039E-09
Gradient finished
Start LBFGS 
LBFGS steepest step , iter=      1
  g·p = -1.1639E-06  ||p|| =  2.3773E-01
  min(p)= -1.3506E-02  max(p)=  1.9117E-02
LBFGS p_k (unscaled) stats per active parameter:
  IA= 11  PAR={Q66}  min=-6.15412E+01  max= 8.71086E+01  L2= 1.08325E+03
min(p_k)= -1.3506E-02  max(p_k)=  1.9117E-02  ||p_k||=  2.3773E-01
min(p_kf)= -1.3506E-02  max(p_kf)=  1.9117E-02  ||p_kf||=  9.5092E-01
p_k/p_kf  =   2.5000E-01
Start linesearch
BT entry: phi(0)=  3.6219E-07  g·p(0)= -1.1639E-06
 UPDATEPARAMETER: f-scale only
UPDATEPARAMETER PAR_STEP min/max, V_STEP min/max =  1.9446429243E+00  1.5720464178E+02
  1.9446429243E+00  1.5720464178E+02
REL STEP Q      : k= 11 row=  6 rmax_k=  1.4273E+00 row_scale=  9.7097E+01
BT cap probe: rmax1=  1.4273E+00  alpha_cap=  3.5031E-01  alpha00=  1.0000E+00
 UPDATEPARAMETER: f-scale only
UPDATEPARAMETER PAR_STEP min/max, V_STEP min/max =  3.7876721809E+01  1.0061107511E+02
  3.7876721809E+01  1.0061107511E+02
 running run_ik_loop_pardiso
before CA | VmRSS=  16.421 GB  VmHWM=  81.118 GB
after CA | VmRSS=  17.033 GB  VmHWM=  81.118 GB
after factor | VmRSS=  20.798 GB  VmHWM=  81.118 GB
f=     3.950 Hz | ky=  0.588583E-03 | IK=       1/      55 | t=   16.969200 s | CA=  2.5065 | fact= 12.6208 | GF=  1.8416 | solve=  1.6913 | scatter=  0.0501
f=     3.950 Hz | ky=  0.117717E-02 | IK=       2/      55 | t=    6.711300 s | CA=  2.5374 | fact=  2.4221 | GF=  1.7517 | solve=  1.6305 | scatter=  0.0499
f=     3.950 Hz | ky=  0.176575E-02 | IK=       3/      55 | t=    6.639700 s | CA=  2.4805 | fact=  2.4159 | GF=  1.7433 | solve=  1.6206 | scatter=  0.0511
f=     3.950 Hz | ky=  0.235433E-02 | IK=       4/      55 | t=    6.669000 s | CA=  2.4971 | fact=  2.4225 | GF=  1.7494 | solve=  1.6281 | scatter=  0.0500
f=     3.950 Hz | ky=  0.294291E-02 | IK=       5/      55 | t=    6.667300 s | CA=  2.5101 | fact=  2.4169 | GF=  1.7403 | solve=  1.6179 | scatter=  0.0511
f=     3.950 Hz | ky=  0.353150E-02 | IK=       6/      55 | t=    6.607800 s | CA=  2.4711 | fact=  2.3933 | GF=  1.7434 | solve=  1.6205 | scatter=  0.0515
f=     3.950 Hz | ky=  0.412008E-02 | IK=       7/      55 | t=    6.655600 s | CA=  2.4845 | fact=  2.4264 | GF=  1.7446 | solve=  1.6219 | scatter=  0.0513
f=     3.950 Hz | ky=  0.470866E-02 | IK=       8/      55 | t=    6.654300 s | CA=  2.4847 | fact=  2.4248 | GF=  1.7447 | solve=  1.6228 | scatter=  0.0505
f=     3.950 Hz | ky=  0.529725E-02 | IK=       9/      55 | t=    6.688300 s | CA=  2.5339 | fact=  2.4120 | GF=  1.7424 | solve=  1.6194 | scatter=  0.0516
f=     3.950 Hz | ky=  0.588583E-02 | IK=      10/      55 | t=    6.643800 s | CA=  2.5019 | fact=  2.4015 | GF=  1.7403 | solve=  1.6206 | scatter=  0.0484
PARDISO mem (f=  3.95 Hz): sym=  1.95 GB  perm=  1.42 GB  num=  3.22 GB  
peak=  4.64 GB
 WD_amp= 6.23170E+13  RESID_RMS= 1.27123E-03  FCOST_DATA= 8.08018E-07  FCOST0= 8.08018E-07
BT: alpha=  3.5031E-01  phi=  8.0802E-07  rhs=  3.6215E-07
 UPDATEPARAMETER: f-scale only
UPDATEPARAMETER PAR_STEP min/max, V_STEP min/max =  4.2901631954E+01  9.8305621492E+01
  4.2901631954E+01  9.8305621492E+01
 running run_ik_loop_pardiso
before CA | VmRSS=  16.425 GB  VmHWM=  81.118 GB
after CA | VmRSS=  17.683 GB  VmHWM=  81.118 GB
after factor | VmRSS=  21.448 GB  VmHWM=  81.118 GB
f=     3.950 Hz | ky=  0.588583E-03 | IK=       1/      55 | t=   16.909700 s | CA=  2.4603 | fact= 12.6111 | GF=  1.8381 | solve=  1.6885 | scatter=  0.0490
f=     3.950 Hz | ky=  0.117717E-02 | IK=       2/      55 | t=    6.658000 s | CA=  2.5067 | fact=  2.4144 | GF=  1.7368 | solve=  1.6147 | scatter=  0.0508
f=     3.950 Hz | ky=  0.176575E-02 | IK=       3/      55 | t=    6.644000 s | CA=  2.4955 | fact=  2.4116 | GF=  1.7369 | solve=  1.6159 | scatter=  0.0499
f=     3.950 Hz | ky=  0.235433E-02 | IK=       4/      55 | t=    6.655600 s | CA=  2.5271 | fact=  2.3917 | GF=  1.7367 | solve=  1.6158 | scatter=  0.0498
f=     3.950 Hz | ky=  0.294291E-02 | IK=       5/      55 | t=    6.635200 s | CA=  2.5001 | fact=  2.3981 | GF=  1.7369 | solve=  1.6157 | scatter=  0.0500
f=     3.950 Hz | ky=  0.353150E-02 | IK=       6/      55 | t=    6.636000 s | CA=  2.4842 | fact=  2.4100 | GF=  1.7418 | solve=  1.6199 | scatter=  0.0508
f=     3.950 Hz | ky=  0.412008E-02 | IK=       7/      55 | t=    6.652700 s | CA=  2.4942 | fact=  2.4175 | GF=  1.7409 | solve=  1.6188 | scatter=  0.0506
f=     3.950 Hz | ky=  0.470866E-02 | IK=       8/      55 | t=    6.662200 s | CA=  2.4967 | fact=  2.4252 | GF=  1.7403 | solve=  1.6193 | scatter=  0.0497
f=     3.950 Hz | ky=  0.529725E-02 | IK=       9/      55 | t=    6.794400 s | CA=  2.6338 | fact=  2.4197 | GF=  1.7408 | solve=  1.6191 | scatter=  0.0505
f=     3.950 Hz | ky=  0.588583E-02 | IK=      10/      55 | t=    6.650000 s | CA=  2.5069 | fact=  2.4010 | GF=  1.7420 | solve=  1.6201 | scatter=  0.0507
PARDISO mem (f=  3.95 Hz): sym=  1.95 GB  perm=  1.42 GB  num=  3.22 GB  
peak=  4.64 GB
 WD_amp= 6.23170E+13  RESID_RMS= 9.75285E-04  FCOST_DATA= 4.75590E-07  FCOST0= 4.75590E-07
BT: alpha=  1.7516E-01  phi=  4.7559E-07  rhs=  3.6217E-07
 UPDATEPARAMETER: f-scale only
UPDATEPARAMETER PAR_STEP min/max, V_STEP min/max =  4.4645029508E+01  9.7701310746E+01
  4.4645029508E+01  9.7701310746E+01
 running run_ik_loop_pardiso
before CA | VmRSS=  17.005 GB  VmHWM=  81.118 GB
after CA | VmRSS=  17.682 GB  VmHWM=  81.118 GB
after factor | VmRSS=  21.449 GB  VmHWM=  81.118 GB
f=     3.950 Hz | ky=  0.588583E-03 | IK=       1/      55 | t=   16.874100 s | CA=  2.4209 | fact= 12.6171 | GF=  1.8359 | solve=  1.6855 | scatter=  0.0497
f=     3.950 Hz | ky=  0.117717E-02 | IK=       2/      55 | t=    6.597900 s | CA=  2.4378 | fact=  2.4213 | GF=  1.7388 | solve=  1.6171 | scatter=  0.0505
f=     3.950 Hz | ky=  0.176575E-02 | IK=       3/      55 | t=    6.643700 s | CA=  2.4992 | fact=  2.4038 | GF=  1.7406 | solve=  1.6182 | scatter=  0.0507
f=     3.950 Hz | ky=  0.235433E-02 | IK=       4/      55 | t=    6.621900 s | CA=  2.4623 | fact=  2.4204 | GF=  1.7391 | solve=  1.6171 | scatter=  0.0508
f=     3.950 Hz | ky=  0.294291E-02 | IK=       5/      55 | t=    6.694600 s | CA=  2.5369 | fact=  2.4156 | GF=  1.7421 | solve=  1.6197 | scatter=  0.0512
f=     3.950 Hz | ky=  0.353150E-02 | IK=       6/      55 | t=    6.673900 s | CA=  2.5148 | fact=  2.4159 | GF=  1.7432 | solve=  1.6218 | scatter=  0.0499
f=     3.950 Hz | ky=  0.412008E-02 | IK=       7/      55 | t=    6.656900 s | CA=  2.5245 | fact=  2.3949 | GF=  1.7374 | solve=  1.6156 | scatter=  0.0506
f=     3.950 Hz | ky=  0.470866E-02 | IK=       8/      55 | t=    6.651500 s | CA=  2.4826 | fact=  2.4255 | GF=  1.7434 | solve=  1.6221 | scatter=  0.0501
f=     3.950 Hz | ky=  0.529725E-02 | IK=       9/      55 | t=    6.625900 s | CA=  2.4855 | fact=  2.3982 | GF=  1.7421 | solve=  1.6220 | scatter=  0.0489
f=     3.950 Hz | ky=  0.588583E-02 | IK=      10/      55 | t=    6.662200 s | CA=  2.4925 | fact=  2.4284 | GF=  1.7412 | solve=  1.6200 | scatter=  0.0498
PARDISO mem (f=  3.95 Hz): sym=  1.95 GB  perm=  1.42 GB  num=  3.22 GB  
peak=  4.64 GB
 WD_amp= 6.23170E+13  RESID_RMS= 8.82245E-04  FCOST_DATA= 3.89178E-07  FCOST0= 3.89178E-07
BT: alpha=  8.7578E-02  phi=  3.8918E-07  rhs=  3.6218E-07
 UPDATEPARAMETER: f-scale only
UPDATEPARAMETER PAR_STEP min/max, V_STEP min/max =  4.5090000000E+01  9.7399155373E+01
  4.5090000000E+01  9.7399155373E+01
 running run_ik_loop_pardiso
before CA | VmRSS=  17.047 GB  VmHWM=  81.118 GB
after CA | VmRSS=  17.655 GB  VmHWM=  81.118 GB
after factor | VmRSS=  21.415 GB  VmHWM=  81.118 GB
f=     3.950 Hz | ky=  0.588583E-03 | IK=       1/      55 | t=   16.917500 s | CA=  2.4823 | fact= 12.5970 | GF=  1.8380 | solve=  1.6856 | scatter=  0.0516
f=     3.950 Hz | ky=  0.117717E-02 | IK=       2/      55 | t=    6.635200 s | CA=  2.4749 | fact=  2.4155 | GF=  1.7447 | solve=  1.6229 | scatter=  0.0505
f=     3.950 Hz | ky=  0.176575E-02 | IK=       3/      55 | t=    6.730700 s | CA=  2.5607 | fact=  2.4295 | GF=  1.7405 | solve=  1.6198 | scatter=  0.0495
f=     3.950 Hz | ky=  0.235433E-02 | IK=       4/      55 | t=    6.649400 s | CA=  2.4941 | fact=  2.4125 | GF=  1.7428 | solve=  1.6221 | scatter=  0.0493
f=     3.950 Hz | ky=  0.294291E-02 | IK=       5/      55 | t=    6.704800 s | CA=  2.5458 | fact=  2.4162 | GF=  1.7428 | solve=  1.6199 | scatter=  0.0512
f=     3.950 Hz | ky=  0.353150E-02 | IK=       6/      55 | t=    6.659100 s | CA=  2.4868 | fact=  2.4247 | GF=  1.7476 | solve=  1.6258 | scatter=  0.0504
f=     3.950 Hz | ky=  0.412008E-02 | IK=       7/      55 | t=    6.721900 s | CA=  2.5585 | fact=  2.4167 | GF=  1.7467 | solve=  1.6247 | scatter=  0.0505
f=     3.950 Hz | ky=  0.470866E-02 | IK=       8/      55 | t=    6.684100 s | CA=  2.5142 | fact=  2.4249 | GF=  1.7450 | solve=  1.6242 | scatter=  0.0495
f=     3.950 Hz | ky=  0.529725E-02 | IK=       9/      55 | t=    6.682400 s | CA=  2.5113 | fact=  2.4273 | GF=  1.7438 | solve=  1.6216 | scatter=  0.0505
f=     3.950 Hz | ky=  0.588583E-02 | IK=      10/      55 | t=    6.673000 s | CA=  2.4977 | fact=  2.4316 | GF=  1.7437 | solve=  1.6213 | scatter=  0.0506
PARDISO mem (f=  3.95 Hz): sym=  1.95 GB  perm=  1.42 GB  num=  3.22 GB  
peak=  4.64 GB
 WD_amp= 6.23170E+13  RESID_RMS= 8.57538E-04  FCOST_DATA= 3.67686E-07  FCOST0= 3.67686E-07
BT: alpha=  4.3789E-02  phi=  3.6769E-07  rhs=  3.6218E-07
 UPDATEPARAMETER: f-scale only
UPDATEPARAMETER PAR_STEP min/max, V_STEP min/max =  4.5090000000E+01  9.7248077686E+01
  4.5090000000E+01  9.7248077686E+01
 running run_ik_loop_pardiso
before CA | VmRSS=  17.011 GB  VmHWM=  81.118 GB
after CA | VmRSS=  17.733 GB  VmHWM=  81.118 GB
after factor | VmRSS=  21.490 GB  VmHWM=  81.118 GB
f=     3.950 Hz | ky=  0.588583E-03 | IK=       1/      55 | t=   16.918600 s | CA=  2.4710 | fact= 12.6060 | GF=  1.8414 | solve=  1.6894 | scatter=  0.0508
f=     3.950 Hz | ky=  0.117717E-02 | IK=       2/      55 | t=    6.645200 s | CA=  2.4842 | fact=  2.4194 | GF=  1.7416 | solve=  1.6204 | scatter=  0.0501
f=     3.950 Hz | ky=  0.176575E-02 | IK=       3/      55 | t=    6.653300 s | CA=  2.4855 | fact=  2.4241 | GF=  1.7437 | solve=  1.6225 | scatter=  0.0501
f=     3.950 Hz | ky=  0.235433E-02 | IK=       4/      55 | t=    6.640500 s | CA=  2.4691 | fact=  2.4289 | GF=  1.7425 | solve=  1.6193 | scatter=  0.0519
f=     3.950 Hz | ky=  0.294291E-02 | IK=       5/      55 | t=    6.676600 s | CA=  2.5124 | fact=  2.4213 | GF=  1.7429 | solve=  1.6208 | scatter=  0.0503
f=     3.950 Hz | ky=  0.353150E-02 | IK=       6/      55 | t=    6.668400 s | CA=  2.4955 | fact=  2.4240 | GF=  1.7489 | solve=  1.6274 | scatter=  0.0503
f=     3.950 Hz | ky=  0.412008E-02 | IK=       7/      55 | t=    6.688700 s | CA=  2.5210 | fact=  2.4282 | GF=  1.7394 | solve=  1.6174 | scatter=  0.0507
f=     3.950 Hz | ky=  0.470866E-02 | IK=       8/      55 | t=    6.675500 s | CA=  2.5023 | fact=  2.4218 | GF=  1.7513 | solve=  1.6288 | scatter=  0.0511
f=     3.950 Hz | ky=  0.529725E-02 | IK=       9/      55 | t=    6.699300 s | CA=  2.5543 | fact=  2.3975 | GF=  1.7475 | solve=  1.6250 | scatter=  0.0510
f=     3.950 Hz | ky=  0.588583E-02 | IK=      10/      55 | t=    6.648400 s | CA=  2.4964 | fact=  2.4113 | GF=  1.7407 | solve=  1.6198 | scatter=  0.0492
PARDISO mem (f=  3.95 Hz): sym=  1.95 GB  perm=  1.42 GB  num=  3.22 GB  
peak=  4.64 GB
 WD_amp= 6.23170E+13  RESID_RMS= 8.51877E-04  FCOST_DATA= 3.62847E-07  FCOST0= 3.62847E-07
BT: alpha=  2.1894E-02  phi=  3.6285E-07  rhs=  3.6218E-07
 UPDATEPARAMETER: f-scale only
UPDATEPARAMETER PAR_STEP min/max, V_STEP min/max =  4.5090000000E+01  9.7172538843E+01
  4.5090000000E+01  9.7172538843E+01
 running run_ik_loop_pardiso
before CA | VmRSS=  16.926 GB  VmHWM=  81.118 GB
after CA | VmRSS=  17.756 GB  VmHWM=  81.118 GB
after factor | VmRSS=  21.517 GB  VmHWM=  81.118 GB
f=     3.950 Hz | ky=  0.588583E-03 | IK=       1/      55 | t=   17.014800 s | CA=  2.5606 | fact= 12.6095 | GF=  1.8445 | solve=  1.6917 | scatter=  0.0521
f=     3.950 Hz | ky=  0.117717E-02 | IK=       2/      55 | t=    6.639800 s | CA=  2.4786 | fact=  2.4168 | GF=  1.7444 | solve=  1.6232 | scatter=  0.0500
f=     3.950 Hz | ky=  0.176575E-02 | IK=       3/      55 | t=    6.695300 s | CA=  2.5382 | fact=  2.4164 | GF=  1.7407 | solve=  1.6195 | scatter=  0.0497
f=     3.950 Hz | ky=  0.235433E-02 | IK=       4/      55 | t=    6.654000 s | CA=  2.4912 | fact=  2.4227 | GF=  1.7401 | solve=  1.6183 | scatter=  0.0505
f=     3.950 Hz | ky=  0.294291E-02 | IK=       5/      55 | t=    6.642800 s | CA=  2.4724 | fact=  2.4216 | GF=  1.7487 | solve=  1.6270 | scatter=  0.0504
f=     3.950 Hz | ky=  0.353150E-02 | IK=       6/      55 | t=    6.678600 s | CA=  2.5101 | fact=  2.4255 | GF=  1.7430 | solve=  1.6209 | scatter=  0.0509
f=     3.950 Hz | ky=  0.412008E-02 | IK=       7/      55 | t=    6.696900 s | CA=  2.5293 | fact=  2.4221 | GF=  1.7454 | solve=  1.6228 | scatter=  0.0513
f=     3.950 Hz | ky=  0.470866E-02 | IK=       8/      55 | t=    6.710900 s | CA=  2.5323 | fact=  2.4297 | GF=  1.7489 | solve=  1.6272 | scatter=  0.0503
f=     3.950 Hz | ky=  0.529725E-02 | IK=       9/      55 | t=    6.729000 s | CA=  2.5560 | fact=  2.4302 | GF=  1.7427 | solve=  1.6213 | scatter=  0.0499
f=     3.950 Hz | ky=  0.588583E-02 | IK=      10/      55 | t=    6.693000 s | CA=  2.5237 | fact=  2.4255 | GF=  1.7437 | solve=  1.6216 | scatter=  0.0507
PARDISO mem (f=  3.95 Hz): sym=  1.95 GB  perm=  1.42 GB  num=  3.22 GB  
peak=  4.64 GB
 WD_amp= 6.23170E+13  RESID_RMS= 8.50861E-04  FCOST_DATA= 3.61982E-07  FCOST0= 3.61982E-07
BT: alpha=  1.0947E-02  phi=  3.6198E-07  rhs=  3.6219E-07
  
  
  
Convergence reached, updating parameter grid
ALPHA from line search =  .1094720429282633E-01
 FCOST0 after linesearch  3.619824889224147E-007
Norm of s (s_norm) =  .2602491962961645E-02
  
  
  
Time for LBFGS =  10.69309794108073 min
  
 Frequency:           4 Iteration:           2
t_global   =    299.203 s
  
 -------------- calculate Frechet derivatives -----------
 IFREQ =           4    ITERATION =           2
||Frechet||_F=  1.8251E-13max|Frechet|=  3.5886E-18
||Frechet||_F=  1.8251E-13max|Frechet|=  3.5886E-18
||Frechet||_F=  1.8251E-13max|Frechet|=  3.5886E-18
||Frechet||_F=  1.8251E-13max|Frechet|=  3.5886E-18
 
TIME for Frechet calc =  3.075099945068359 min
 
 
  compute the residual and the cost function
 WD_amp= 6.23170E+13  RESID_RMS= 8.50861E-04  FCOST_DATA= 3.61982E-07  FCOST0= 3.61982E-07
||Frechet||_F=  1.8251E-13max|Frechet|=  3.5886E-18
||Frechet||_F=  1.8251E-13max|Frechet|=  3.5886E-18
Grad block  11 GRAD_SCALED MORM =   1.9193E-05
Raw grad block 11  PAR={Q66}  min= -6.1413E-10  max=  4.9160E-10  L2=  4.4956E-09
Gradient finished
Start LBFGS 
curvature (warm): s·y=  7.1107E-11  ||s||^2=  6.7730E-06  ||y||^2=  6.2169E-14  sTy_min=  6.4890E-11
LBFGS history: used= 0  skipped= 1  worst_col= 5  bad_s·y=  7.1107E-11  bad_cos_sy=  1.0958E-01
LBFGS step: g·p = -1.1528E-06  ||p||=  2.3666E-01
LBFGS step: min(p)= -1.3816E-02  max(p)=  1.8870E-02
LBFGS p_k (unscaled) stats per active parameter:
  IA= 11  PAR={Q66}  min=-6.29537E+01  max= 8.59851E+01  L2= 1.07835E+03
min(p_k)= -1.3816E-02  max(p_k)=  1.8870E-02  ||p_k||=  2.3666E-01
min(p_kf)= -1.3816E-02  max(p_kf)=  1.8870E-02  ||p_kf||=  9.4663E-01
p_k/p_kf  =   2.5000E-01
Start linesearch
MT entry: phi(0)=  3.6198E-07  dg0= -1.1528E-06  alpha0=  1.0000E+00
 UPDATEPARAMETER: f-scale only
UPDATEPARAMETER PAR_STEP min/max, V_STEP min/max = -1.2462025194E+00  1.5703470921E+02
 -1.2462025194E+00  1.5703470921E+02
 WD_amp= 6.23170E+13  RESID_RMS= 9.07430E-03  FCOST_DATA= 4.11715E-05  FCOST0= 4.11715E-05
  
 -------------- calculate Frechet derivatives -----------
 IFREQ =           4    ITERATION =           2
||Frechet||_F=  1.4361E-12max|Frechet|=  7.5423E-16
||Frechet||_F=  1.4361E-12max|Frechet|=  7.5423E-16
||Frechet||_F=  1.4361E-12max|Frechet|=  7.5423E-16
||Frechet||_F=  1.4361E-12max|Frechet|=  7.5423E-16
||Frechet||_F=  1.4361E-12max|Frechet|=  7.5423E-16
||Frechet||_F=  1.4361E-12max|Frechet|=  7.5423E-16
Grad block  11 GRAD_SCALED MORM =   6.4117E-02
MT try: alpha=  1.0000E+00  phi=  4.1171E-05  dg=  8.6791E-04  dg0= -1.1528E-06
MT try: armijo_rhs=  3.6187E-07  armijo=F  curvature=F  task=FG
 UPDATEPARAMETER: f-scale only
UPDATEPARAMETER PAR_STEP min/max, V_STEP min/max =  3.7837705174E+01  9.9360115563E+01
  3.7837705174E+01  9.9360115563E+01
 WD_amp= 6.23170E+13  RESID_RMS= 1.23067E-03  FCOST_DATA= 7.57275E-07  FCOST0= 7.57275E-07
  
 -------------- calculate Frechet derivatives -----------
 IFREQ =           4    ITERATION =           2
||Frechet||_F=  1.8042E-13max|Frechet|=  3.4926E-18
||Frechet||_F=  1.8042E-13max|Frechet|=  3.4926E-18
||Frechet||_F=  1.8042E-13max|Frechet|=  3.4926E-18
||Frechet||_F=  1.8042E-13max|Frechet|=  3.4926E-18
||Frechet||_F=  1.8042E-13max|Frechet|=  3.4926E-18
||Frechet||_F=  1.8042E-13max|Frechet|=  3.4926E-18
Grad block  11 GRAD_SCALED MORM =   2.4653E-05
MT try: alpha=  3.2277E-01  phi=  7.5728E-07  dg= -1.1195E-06  dg0= -1.1528E-06
MT try: armijo_rhs=  3.6195E-07  armijo=F  curvature=F  task=FG
 UPDATEPARAMETER: f-scale only
UPDATEPARAMETER PAR_STEP min/max, V_STEP min/max =  4.5090000000E+01  9.7367484717E+01
  4.5090000000E+01  9.7367484717E+01
 WD_amp= 6.23170E+13  RESID_RMS= 8.55547E-04  FCOST_DATA= 3.65980E-07  FCOST0= 3.65980E-07
  
 -------------- calculate Frechet derivatives -----------
 IFREQ =           4    ITERATION =           2
||Frechet||_F=  1.8212E-13max|Frechet|=  3.5799E-18
||Frechet||_F=  1.8212E-13max|Frechet|=  3.5799E-18
||Frechet||_F=  1.8212E-13max|Frechet|=  3.5799E-18
||Frechet||_F=  1.8212E-13max|Frechet|=  3.5799E-18
||Frechet||_F=  1.8212E-13max|Frechet|=  3.5799E-18
||Frechet||_F=  1.8212E-13max|Frechet|=  3.5799E-18
Grad block  11 GRAD_SCALED MORM =   1.9131E-05
MT try: alpha=  2.8764E-02  phi=  3.6598E-07  dg= -1.1421E-06  dg0= -1.1528E-06
MT try: armijo_rhs=  3.6198E-07  armijo=F  curvature=F  task=FG
 UPDATEPARAMETER: f-scale only
UPDATEPARAMETER PAR_STEP min/max, V_STEP min/max =  4.5090000000E+01  9.7208087679E+01
  4.5090000000E+01  9.7208087679E+01
 WD_amp= 6.23170E+13  RESID_RMS= 8.51111E-04  FCOST_DATA= 3.62195E-07  FCOST0= 3.62195E-07
  
 -------------- calculate Frechet derivatives -----------
 IFREQ =           4    ITERATION =           2
||Frechet||_F=  1.8244E-13max|Frechet|=  3.5870E-18
||Frechet||_F=  1.8244E-13max|Frechet|=  3.5870E-18
||Frechet||_F=  1.8244E-13max|Frechet|=  3.5870E-18
||Frechet||_F=  1.8244E-13max|Frechet|=  3.5870E-18
||Frechet||_F=  1.8244E-13max|Frechet|=  3.5870E-18
||Frechet||_F=  1.8244E-13max|Frechet|=  3.5870E-18
Grad block  11 GRAD_SCALED MORM =   1.9173E-05
MT try: alpha=  5.2452E-03  phi=  3.6219E-07  dg= -1.1507E-06  dg0= -1.1528E-06
MT try: armijo_rhs=  3.6198E-07  armijo=F  curvature=F  task=FG
 UPDATEPARAMETER: f-scale only
UPDATEPARAMETER PAR_STEP min/max, V_STEP min/max =  4.5090000000E+01  9.7179713502E+01
  4.5090000000E+01  9.7179713502E+01
 WD_amp= 6.23170E+13  RESID_RMS= 8.50889E-04  FCOST_DATA= 3.62006E-07  FCOST0= 3.62006E-07
LS STOP (stagnation): alpha=  1.0586E-03  FCOST1=  3.6201E-07  FCOST0=  3.6198E-07
 LINESEARCH_MT(dcsrch): fallback to backtrack, task=FG stp=
  1.058609491505465E-003  hit_minstep= F
BT entry: phi(0)=  3.6198E-07  g·p(0)= -1.1528E-06
 UPDATEPARAMETER: f-scale only
UPDATEPARAMETER PAR_STEP min/max, V_STEP min/max = -1.2462025194E+00  1.5703470921E+02
 -1.2462025194E+00  1.5703470921E+02
REL STEP Q      : k= 11 row=  6 rmax_k=  1.3558E+00 row_scale=  9.7173E+01
BT cap probe: rmax1=  1.3558E+00  alpha_cap=  3.6879E-01  alpha00=  1.0000E+00
 UPDATEPARAMETER: f-scale only
UPDATEPARAMETER PAR_STEP min/max, V_STEP min/max =  3.5687721963E+01  1.0276043582E+02
  3.5687721963E+01  1.0276043582E+02
 WD_amp= 6.23170E+13  RESID_RMS= 1.32302E-03  FCOST_DATA= 8.75187E-07  FCOST0= 8.75187E-07
BT: alpha=  3.6879E-01  phi=  8.7519E-07  rhs=  3.6194E-07
 UPDATEPARAMETER: f-scale only
UPDATEPARAMETER PAR_STEP min/max, V_STEP min/max =  4.2348160685E+01  9.8422279611E+01
  4.2348160685E+01  9.8422279611E+01
 WD_amp= 6.23170E+13  RESID_RMS= 9.97157E-04  FCOST_DATA= 4.97161E-07  FCOST0= 4.97161E-07
BT: alpha=  1.8440E-01  phi=  4.9716E-07  rhs=  3.6196E-07
 UPDATEPARAMETER: f-scale only
UPDATEPARAMETER PAR_STEP min/max, V_STEP min/max =  4.4453715746E+01  9.7797409227E+01
  4.4453715746E+01  9.7797409227E+01
 WD_amp= 6.23170E+13  RESID_RMS= 8.92256E-04  FCOST_DATA= 3.98060E-07  FCOST0= 3.98060E-07
BT: alpha=  9.2199E-02  phi=  3.9806E-07  rhs=  3.6197E-07
 UPDATEPARAMETER: f-scale only
UPDATEPARAMETER PAR_STEP min/max, V_STEP min/max =  4.5059922217E+01  9.7484974035E+01
  4.5059922217E+01  9.7484974035E+01
 WD_amp= 6.23170E+13  RESID_RMS= 8.62150E-04  FCOST_DATA= 3.71651E-07  FCOST0= 3.71651E-07
BT: alpha=  4.6099E-02  phi=  3.7165E-07  rhs=  3.6198E-07
 UPDATEPARAMETER: f-scale only
UPDATEPARAMETER PAR_STEP min/max, V_STEP min/max =  4.5090000000E+01  9.7328756439E+01
  4.5090000000E+01  9.7328756439E+01
 WD_amp= 6.23170E+13  RESID_RMS= 8.53980E-04  FCOST_DATA= 3.64641E-07  FCOST0= 3.64641E-07
BT: alpha=  2.3050E-02  phi=  3.6464E-07  rhs=  3.6198E-07
 UPDATEPARAMETER: f-scale only
UPDATEPARAMETER PAR_STEP min/max, V_STEP min/max =  4.5090000000E+01  9.7250647641E+01
  4.5090000000E+01  9.7250647641E+01
 WD_amp= 6.23170E+13  RESID_RMS= 8.51769E-04  FCOST_DATA= 3.62755E-07  FCOST0= 3.62755E-07
BT: alpha=  1.1525E-02  phi=  3.6276E-07  rhs=  3.6198E-07
 UPDATEPARAMETER: f-scale only
UPDATEPARAMETER PAR_STEP min/max, V_STEP min/max =  4.5090000000E+01  9.7211593242E+01
  4.5090000000E+01  9.7211593242E+01
 WD_amp= 6.23170E+13  RESID_RMS= 8.51150E-04  FCOST_DATA= 3.62228E-07  FCOST0= 3.62228E-07
BT: alpha=  5.7624E-03  phi=  3.6223E-07  rhs=  3.6198E-07
 UPDATEPARAMETER: f-scale only
UPDATEPARAMETER PAR_STEP min/max, V_STEP min/max =  4.5090000000E+01  9.7192066043E+01
  4.5090000000E+01  9.7192066043E+01
 WD_amp= 6.23170E+13  RESID_RMS= 8.50964E-04  FCOST_DATA= 3.62070E-07  FCOST0= 3.62070E-07
BT: alpha=  2.8812E-03  phi=  3.6207E-07  rhs=  3.6198E-07
 UPDATEPARAMETER: f-scale only
UPDATEPARAMETER PAR_STEP min/max, V_STEP min/max =  4.5090000000E+01  9.7182302443E+01
  4.5090000000E+01  9.7182302443E+01
 WD_amp= 6.23170E+13  RESID_RMS= 8.50902E-04  FCOST_DATA= 3.62017E-07  FCOST0= 3.62017E-07
BT: alpha=  1.4406E-03  phi=  3.6202E-07  rhs=  3.6198E-07
 UPDATEPARAMETER: f-scale only
UPDATEPARAMETER PAR_STEP min/max, V_STEP min/max =  4.5090000000E+01  9.7177420643E+01
  4.5090000000E+01  9.7177420643E+01
 WD_amp= 6.23170E+13  RESID_RMS= 8.50879E-04  FCOST_DATA= 3.61998E-07  FCOST0= 3.61998E-07
BT: alpha=  7.2030E-04  phi=  3.6200E-07  rhs=  3.6198E-07
 UPDATEPARAMETER: f-scale only
UPDATEPARAMETER PAR_STEP min/max, V_STEP min/max =  4.5090000000E+01  9.7174979743E+01
  4.5090000000E+01  9.7174979743E+01
 WD_amp= 6.23170E+13  RESID_RMS= 8.50869E-04  FCOST_DATA= 3.61989E-07  FCOST0= 3.61989E-07
BT: alpha=  3.6015E-04  phi=  3.6199E-07  rhs=  3.6198E-07
 UPDATEPARAMETER: f-scale only
UPDATEPARAMETER PAR_STEP min/max, V_STEP min/max =  4.5090000000E+01  9.7173759293E+01
  4.5090000000E+01  9.7173759293E+01
 WD_amp= 6.23170E+13  RESID_RMS= 8.50865E-04  FCOST_DATA= 3.61986E-07  FCOST0= 3.61986E-07
BT: alpha=  1.8008E-04  phi=  3.6199E-07  rhs=  3.6198E-07
BT STOP (stagnation): alpha=  1.8008E-04  FCOST1=  3.6199E-07  FCOST0=  3.6198E-07
 UPDATEPARAMETER: f-scale only
UPDATEPARAMETER PAR_STEP min/max, V_STEP min/max =  4.5090000000E+01  9.7172606618E+01
  4.5090000000E+01  9.7172606618E+01
 WD_amp= 6.23170E+13  RESID_RMS= 8.50861E-04  FCOST_DATA= 3.61983E-07  FCOST0= 3.61983E-07
 Backtrack: failed after MAX_IT
 Line search failed (IFLAG=          11 ), inversion diverged.
 --------- Frequency   4.35000000000000       (band            1 )
[ComputeAcqWeight] empty acq_weight_file, using uniform weights = 1.0
Data weighting computed for frequency 4607182418800017373
XSRmin, XSRmax, ZSRmin, ZSRMax -1960.000000000000 .000000000000000 2050.000000000000 4030.000000000000
1 FKYC
1.2 FKYC
my_rank, FKYC,WLMAX, RMAX 0 .3565024706899721E-01 1177.650297665005 2786.036611389018
1.1 NK
NK in cky2= 55

  Number of wavenumber samples (NK) for FREQ =   55
Data weighting computed for frequency 4607182418800017373
Data weighting computed for frequency 4607182418800017373
Data weighting computed for frequency 4607182418800017373
  RMAX = 2786.04
Data weighting computed for frequency 4607182418800017373
Data weighting computed for frequency 4607182418800017373
--- Pre-solver preview (memory + RHS workload) ---
   GQG dims: NNX=       585  NNZ=       317  NPT=    185445
   DOF:     N=3*NPT =    556335
   Sources: NSR=       100  NSS=        20  NK=        55
   RHS total (per IK): nrhs_tot=3*NSS =        60
   Batch:    MAX_RHS_BATCH=        32  nbatches=         2
   GFMY  (GFX+GFY+GFZ):         13.679 GB
   RHS_MY(rhs+sol buffers):      0.531 GB
 
 running run_ik_loop_pardiso
before CA | VmRSS=  15.482 GB  VmHWM=  95.040 GB
after CA | VmRSS=  16.882 GB  VmHWM=  95.040 GB
after factor | VmRSS=  20.656 GB  VmHWM=  95.040 GB
f=     4.350 Hz | ky=  0.648186E-03 | IK=       1/      55 | t=   16.925200 s | CA=  2.4694 | fact= 12.6172 | GF=  1.8384 | solve=  1.6868 | scatter=  0.0510
f=     4.350 Hz | ky=  0.129637E-02 | IK=       2/      55 | t=    6.654600 s | CA=  2.4948 | fact=  2.4189 | GF=  1.7409 | solve=  1.6196 | scatter=  0.0497
f=     4.350 Hz | ky=  0.194456E-02 | IK=       3/      55 | t=    6.643200 s | CA=  2.4802 | fact=  2.4215 | GF=  1.7414 | solve=  1.6191 | scatter=  0.0512
f=     4.350 Hz | ky=  0.259275E-02 | IK=       4/      55 | t=    6.671500 s | CA=  2.5081 | fact=  2.4246 | GF=  1.7387 | solve=  1.6180 | scatter=  0.0494
f=     4.350 Hz | ky=  0.324093E-02 | IK=       5/      55 | t=    6.705400 s | CA=  2.5407 | fact=  2.4201 | GF=  1.7445 | solve=  1.6216 | scatter=  0.0517
f=     4.350 Hz | ky=  0.388912E-02 | IK=       6/      55 | t=    6.651400 s | CA=  2.4868 | fact=  2.4263 | GF=  1.7383 | solve=  1.6152 | scatter=  0.0515
f=     4.350 Hz | ky=  0.453730E-02 | IK=       7/      55 | t=    6.657900 s | CA=  2.4984 | fact=  2.4185 | GF=  1.7410 | solve=  1.6205 | scatter=  0.0493
f=     4.350 Hz | ky=  0.518549E-02 | IK=       8/      55 | t=    6.631500 s | CA=  2.5079 | fact=  2.3844 | GF=  1.7392 | solve=  1.6185 | scatter=  0.0494
f=     4.350 Hz | ky=  0.583368E-02 | IK=       9/      55 | t=    6.666700 s | CA=  2.4972 | fact=  2.4237 | GF=  1.7458 | solve=  1.6235 | scatter=  0.0508
f=     4.350 Hz | ky=  0.648186E-02 | IK=      10/      55 | t=    6.650400 s | CA=  2.4887 | fact=  2.4208 | GF=  1.7409 | solve=  1.6195 | scatter=  0.0503
PARDISO mem (f=  4.35 Hz): sym=  1.95 GB  perm=  1.42 GB  num=  3.22 GB  
peak=  4.64 GB
t_global   =    107.984 s
TIME for 1st forward modeling =  1.799659983317057  min
TIME for GT0 =  .4899999996026357E-02  min
Data scaler W for L2 norm: 62429757634369.36
Data scaler W for WQS norm: .1007948000807317E-312
Total number of active inversion parameters for current sequential stage (IM):          1
Total model blocks points (NM = IM * NBLOCK):      11534 on grid (NMM = IM * NPT):    185445
 Gradient balance ():   1.00000000000000        1.00000000000000     
   1.00000000000000        1.00000000000000        1.00000000000000     
   1.00000000000000        1.00000000000000        1.00000000000000     
   1.00000000000000        1.00000000000000        1.00000000000000     
 IE0, IZ          30           0
 IE0, IZ, GZ1, GZ2 =           30           0   100.000000000000     
   300.000000000000     
  
 Frequency:           5 Iteration:           1
--- Pre-solver preview (memory + RHS workload) ---
   GQG dims: NNX=       585  NNZ=       317  NPT=    185445
   DOF:     N=3*NPT =    556335
   Sources: NSR=       100  NSS=       100  NK=        55
   RHS total (per IK): nrhs_tot=3*NSS =       300
   Batch:    MAX_RHS_BATCH=        32  nbatches=        10
   GFMY  (GFX+GFY+GFZ):         68.393 GB
   RHS_MY(rhs+sol buffers):      0.531 GB
 
 running run_ik_loop_pardiso
before CA | VmRSS=  71.019 GB  VmHWM=  95.040 GB
after CA | VmRSS=  71.643 GB  VmHWM=  95.040 GB
after factor | VmRSS=  75.409 GB  VmHWM=  95.040 GB
f=     4.350 Hz | ky=  0.648186E-03 | IK=       1/      55 | t=   23.696100 s | CA=  2.4615 | fact= 12.6063 | GF=  8.6281 | solve=  7.9824 | scatter=  0.2534
f=     4.350 Hz | ky=  0.129637E-02 | IK=       2/      55 | t=   13.458600 s | CA=  2.4957 | fact=  2.4146 | GF=  8.5483 | solve=  7.9335 | scatter=  0.2522
f=     4.350 Hz | ky=  0.194456E-02 | IK=       3/      55 | t=   13.432300 s | CA=  2.4777 | fact=  2.4071 | GF=  8.5475 | solve=  7.9332 | scatter=  0.2520
f=     4.350 Hz | ky=  0.259275E-02 | IK=       4/      55 | t=   13.425000 s | CA=  2.4402 | fact=  2.4273 | GF=  8.5575 | solve=  7.9465 | scatter=  0.2486
f=     4.350 Hz | ky=  0.324093E-02 | IK=       5/      55 | t=   13.438800 s | CA=  2.4696 | fact=  2.4155 | GF=  8.5537 | solve=  7.9425 | scatter=  0.2487
f=     4.350 Hz | ky=  0.388912E-02 | IK=       6/      55 | t=   13.455700 s | CA=  2.4465 | fact=  2.4287 | GF=  8.5804 | solve=  7.9647 | scatter=  0.2521
f=     4.350 Hz | ky=  0.453730E-02 | IK=       7/      55 | t=   13.459000 s | CA=  2.4694 | fact=  2.4243 | GF=  8.5653 | solve=  7.9537 | scatter=  0.2478
f=     4.350 Hz | ky=  0.518549E-02 | IK=       8/      55 | t=   13.525200 s | CA=  2.5291 | fact=  2.4278 | GF=  8.5683 | solve=  7.9510 | scatter=  0.2533
f=     4.350 Hz | ky=  0.583368E-02 | IK=       9/      55 | t=   13.439600 s | CA=  2.4844 | fact=  2.4018 | GF=  8.5533 | solve=  7.9391 | scatter=  0.2501
f=     4.350 Hz | ky=  0.648186E-02 | IK=      10/      55 | t=   13.448300 s | CA=  2.4688 | fact=  2.4245 | GF=  8.5550 | solve=  7.9411 | scatter=  0.2492
PARDISO mem (f=  4.35 Hz): sym=  1.95 GB  perm=  1.42 GB  num=  3.22 GB  
peak=  4.64 GB
t_global   =    298.992 s
TIME for 2d forward modeling_i calc =  4.982028198242188 min
Rank    5 -> ID range:   4001 to   4800 | Tasks:    800
Rank    4 -> ID range:   3201 to   4000 | Tasks:    800
Rank    2 -> ID range:   1601 to   2400 | Tasks:    800
Rank    1 -> ID range:    801 to   1600 | Tasks:    800
  
 -------------- calculate Frechet derivatives -----------
 IFREQ =           5    ITERATION =           1
Frechet memory size Frec_my:      0.825 (Gb)
Rank    0 -> ID range:      1 to    800 | Tasks:    800
Rank    3 -> ID range:   2401 to   3200 | Tasks:    800
FREQ:      4.3 Hz, ITER=       1  Frechet Derivative ID=     100/    4800 Finished   0.198900 s
FREQ:      4.3 Hz, ITER=       1  Frechet Derivative ID=     200/    4800 Finished   0.205300 s
FREQ:      4.3 Hz, ITER=       1  Frechet Derivative ID=     300/    4800 Finished   0.201500 s
FREQ:      4.3 Hz, ITER=       1  Frechet Derivative ID=     400/    4800 Finished   0.182400 s
FREQ:      4.3 Hz, ITER=       1  Frechet Derivative ID=     500/    4800 Finished   0.201900 s
FREQ:      4.3 Hz, ITER=       1  Frechet Derivative ID=     600/    4800 Finished   0.198600 s
FREQ:      4.3 Hz, ITER=       1  Frechet Derivative ID=     700/    4800 Finished   0.196600 s
FREQ:      4.3 Hz, ITER=       1  Frechet Derivative ID=     800/    4800 Finished   0.196100 s
||Frechet||_F=  2.0158E-13max|Frechet|=  3.4955E-18
||Frechet||_F=  2.0158E-13max|Frechet|=  3.4955E-18
||Frechet||_F=  2.0158E-13max|Frechet|=  3.4955E-18
||Frechet||_F=  2.0158E-13max|Frechet|=  3.4955E-18
 
TIME for Frechet calc =  3.049718221028646 min
 
m_fine: min=  4.5090E+01  max=  9.7173E+01  mean=  7.7754E+01  ||.||2=  3.4663E+04  size=  185445
m_coarse_prev: min=  4.5136E+01  max=  9.7112E+01  mean=  7.7776E+01  ||.||2=  8.6460E+03  size=   11534
 
  compute the residual and the cost function
 WD_amp= 6.24298E+13  RESID_RMS= 8.68659E-04  FCOST_DATA= 3.77284E-07  FCOST0= 3.77284E-07
||Frechet||_F=  2.0158E-13max|Frechet|=  3.4955E-18
||Frechet||_F=  2.0158E-13max|Frechet|=  3.4955E-18
IA= 11  H(single F0) min= 0.00000E+00  max= 1.09168E-03
IA= 11  H(F0^2)     min= 0.00000E+00  max= 1.09168E-03
HESSD: ia=  11  min= 0.00000E+00  max= 1.83184E+05
IA= 11  H(single F0) min= 0.00000E+00  max= 1.09168E-03
IA= 11  H(F0^2)     min= 0.00000E+00  max= 1.09168E-03
HESSD: ia=  11  min= 0.00000E+00  max= 1.83184E+05
IA= 11  H(single F0) min= 0.00000E+00  max= 1.09168E-03
IA= 11  H(F0^2)     min= 0.00000E+00  max= 1.09168E-03
HESSD: ia=  11  min= 0.00000E+00  max= 1.83184E+05
IA= 11  H(single F0) min= 0.00000E+00  max= 1.09168E-03
IA= 11  H(F0^2)     min= 0.00000E+00  max= 1.09168E-03
HESSD: ia=  11  min= 0.00000E+00  max= 1.83184E+05
IA= 11  H(single F0) min= 0.00000E+00  max= 1.09168E-03
IA= 11  H(F0^2)     min= 0.00000E+00  max= 1.09168E-03
IA= 11  H(single F0) min= 0.00000E+00  max= 1.09168E-03
IA= 11  H(F0^2)     min= 0.00000E+00  max= 1.09168E-03
HESSD: ia=  11  min= 0.00000E+00  max= 1.83184E+05
HESSD: ia=  11  min= 0.00000E+00  max= 1.83184E+05
Grad block  11 GRAD_SCALED MORM =   1.9921E-05
Raw grad block 11  PAR={Q66}  min= -5.8949E-10  max=  5.3942E-10  L2=  4.5587E-09
Gradient finished
Start LBFGS 
LBFGS steepest step , iter=      1
  g·p = -1.7110E-06  ||p|| =  2.8776E-01
  min(p)= -9.7796E-03  max(p)=  2.1569E-02
LBFGS p_k (unscaled) stats per active parameter:
  IA= 11  PAR={Q66}  min=-4.45619E+01  max= 9.82795E+01  L2= 1.31122E+03
min(p_k)= -9.7796E-03  max(p_k)=  2.1569E-02  ||p_k||=  2.8776E-01
min(p_kf)= -9.7796E-03  max(p_kf)=  2.1569E-02  ||p_kf||=  1.1510E+00
p_k/p_kf  =   2.5000E-01
Start linesearch
BT entry: phi(0)=  3.7728E-07  g·p(0)= -1.7110E-06
 UPDATEPARAMETER: f-scale only
UPDATEPARAMETER PAR_STEP min/max, V_STEP min/max =  1.7362255880E+01  1.4671999528E+02
  1.7362255880E+01  1.4671999528E+02
REL STEP Q      : k= 11 row=  6 rmax_k=  2.0436E+00 row_scale=  9.7173E+01
BT cap probe: rmax1=  2.0436E+00  alpha_cap=  2.4467E-01  alpha00=  1.0000E+00
 UPDATEPARAMETER: f-scale only
UPDATEPARAMETER PAR_STEP min/max, V_STEP min/max =  4.2945289754E+01  9.8942851405E+01
  4.2945289754E+01  9.8942851405E+01
 running run_ik_loop_pardiso
before CA | VmRSS=  16.329 GB  VmHWM=  95.040 GB
after CA | VmRSS=  17.629 GB  VmHWM=  95.040 GB
after factor | VmRSS=  21.393 GB  VmHWM=  95.040 GB
f=     4.350 Hz | ky=  0.648186E-03 | IK=       1/      55 | t=   16.939100 s | CA=  2.4846 | fact= 12.6097 | GF=  1.8446 | solve=  1.6926 | scatter=  0.0510
f=     4.350 Hz | ky=  0.129637E-02 | IK=       2/      55 | t=    6.695900 s | CA=  2.5192 | fact=  2.4313 | GF=  1.7454 | solve=  1.6236 | scatter=  0.0505
f=     4.350 Hz | ky=  0.194456E-02 | IK=       3/      55 | t=    6.683000 s | CA=  2.5251 | fact=  2.4140 | GF=  1.7438 | solve=  1.6208 | scatter=  0.0517
f=     4.350 Hz | ky=  0.259275E-02 | IK=       4/      55 | t=    6.663100 s | CA=  2.4991 | fact=  2.4239 | GF=  1.7401 | solve=  1.6189 | scatter=  0.0497
f=     4.350 Hz | ky=  0.324093E-02 | IK=       5/      55 | t=    6.708000 s | CA=  2.5351 | fact=  2.4267 | GF=  1.7462 | solve=  1.6240 | scatter=  0.0507
f=     4.350 Hz | ky=  0.388912E-02 | IK=       6/      55 | t=    6.619600 s | CA=  2.4765 | fact=  2.3982 | GF=  1.7448 | solve=  1.6225 | scatter=  0.0509
f=     4.350 Hz | ky=  0.453730E-02 | IK=       7/      55 | t=    6.678500 s | CA=  2.5072 | fact=  2.4252 | GF=  1.7461 | solve=  1.6237 | scatter=  0.0508
f=     4.350 Hz | ky=  0.518549E-02 | IK=       8/      55 | t=    6.712900 s | CA=  2.5368 | fact=  2.4307 | GF=  1.7453 | solve=  1.6224 | scatter=  0.0514
f=     4.350 Hz | ky=  0.583368E-02 | IK=       9/      55 | t=    6.653200 s | CA=  2.4791 | fact=  2.4297 | GF=  1.7444 | solve=  1.6224 | scatter=  0.0507
f=     4.350 Hz | ky=  0.648186E-02 | IK=      10/      55 | t=    6.631400 s | CA=  2.4616 | fact=  2.4267 | GF=  1.7431 | solve=  1.6209 | scatter=  0.0507
PARDISO mem (f=  4.35 Hz): sym=  1.95 GB  perm=  1.42 GB  num=  3.22 GB  
peak=  4.64 GB
 WD_amp= 6.24298E+13  RESID_RMS= 1.55733E-03  FCOST_DATA= 1.21265E-06  FCOST0= 1.21265E-06
BT: alpha=  2.4467E-01  phi=  1.2126E-06  rhs=  3.7724E-07
 UPDATEPARAMETER: f-scale only
UPDATEPARAMETER PAR_STEP min/max, V_STEP min/max =  4.4524953356E+01  9.7649601796E+01
  4.4524953356E+01  9.7649601796E+01
 running run_ik_loop_pardiso
before CA | VmRSS=  16.938 GB  VmHWM=  95.040 GB
after CA | VmRSS=  17.554 GB  VmHWM=  95.040 GB
after factor | VmRSS=  21.311 GB  VmHWM=  95.040 GB
f=     4.350 Hz | ky=  0.648186E-03 | IK=       1/      55 | t=   16.907600 s | CA=  2.4668 | fact= 12.6070 | GF=  1.8336 | solve=  1.6821 | scatter=  0.0509
f=     4.350 Hz | ky=  0.129637E-02 | IK=       2/      55 | t=    6.654500 s | CA=  2.4897 | fact=  2.4226 | GF=  1.7422 | solve=  1.6188 | scatter=  0.0521
f=     4.350 Hz | ky=  0.194456E-02 | IK=       3/      55 | t=    6.712300 s | CA=  2.5508 | fact=  2.4213 | GF=  1.7402 | solve=  1.6179 | scatter=  0.0510
f=     4.350 Hz | ky=  0.259275E-02 | IK=       4/      55 | t=    6.663900 s | CA=  2.5017 | fact=  2.4205 | GF=  1.7416 | solve=  1.6195 | scatter=  0.0508
f=     4.350 Hz | ky=  0.324093E-02 | IK=       5/      55 | t=    6.660300 s | CA=  2.4979 | fact=  2.4185 | GF=  1.7438 | solve=  1.6212 | scatter=  0.0512
f=     4.350 Hz | ky=  0.388912E-02 | IK=       6/      55 | t=    6.673500 s | CA=  2.5076 | fact=  2.4241 | GF=  1.7418 | solve=  1.6192 | scatter=  0.0515
f=     4.350 Hz | ky=  0.453730E-02 | IK=       7/      55 | t=    6.669000 s | CA=  2.4993 | fact=  2.4217 | GF=  1.7480 | solve=  1.6257 | scatter=  0.0508
f=     4.350 Hz | ky=  0.518549E-02 | IK=       8/      55 | t=    6.670100 s | CA=  2.5064 | fact=  2.4182 | GF=  1.7455 | solve=  1.6231 | scatter=  0.0510
f=     4.350 Hz | ky=  0.583368E-02 | IK=       9/      55 | t=    6.743300 s | CA=  2.5656 | fact=  2.4341 | GF=  1.7436 | solve=  1.6213 | scatter=  0.0508
f=     4.350 Hz | ky=  0.648186E-02 | IK=      10/      55 | t=    6.643800 s | CA=  2.4693 | fact=  2.4312 | GF=  1.7433 | solve=  1.6197 | scatter=  0.0520
PARDISO mem (f=  4.35 Hz): sym=  1.95 GB  perm=  1.42 GB  num=  3.22 GB  
peak=  4.64 GB
 WD_amp= 6.24298E+13  RESID_RMS= 1.07486E-03  FCOST_DATA= 5.77660E-07  FCOST0= 5.77660E-07
BT: alpha=  1.2233E-01  phi=  5.7766E-07  rhs=  3.7726E-07
 UPDATEPARAMETER: f-scale only
UPDATEPARAMETER PAR_STEP min/max, V_STEP min/max =  4.5090000000E+01  9.7396822195E+01
  4.5090000000E+01  9.7396822195E+01
 running run_ik_loop_pardiso
before CA | VmRSS=  16.916 GB  VmHWM=  95.040 GB
after CA | VmRSS=  17.584 GB  VmHWM=  95.040 GB
after factor | VmRSS=  21.353 GB  VmHWM=  95.040 GB
f=     4.350 Hz | ky=  0.648186E-03 | IK=       1/      55 | t=   16.948100 s | CA=  2.4915 | fact= 12.6113 | GF=  1.8451 | solve=  1.6925 | scatter=  0.0519
f=     4.350 Hz | ky=  0.129637E-02 | IK=       2/      55 | t=    6.682700 s | CA=  2.5197 | fact=  2.4165 | GF=  1.7464 | solve=  1.6237 | scatter=  0.0514
f=     4.350 Hz | ky=  0.194456E-02 | IK=       3/      55 | t=    6.616400 s | CA=  2.4536 | fact=  2.4247 | GF=  1.7380 | solve=  1.6150 | scatter=  0.0517
f=     4.350 Hz | ky=  0.259275E-02 | IK=       4/      55 | t=    6.661400 s | CA=  2.4883 | fact=  2.4284 | GF=  1.7447 | solve=  1.6236 | scatter=  0.0500
f=     4.350 Hz | ky=  0.324093E-02 | IK=       5/      55 | t=    6.649700 s | CA=  2.4963 | fact=  2.4086 | GF=  1.7448 | solve=  1.6207 | scatter=  0.0530
f=     4.350 Hz | ky=  0.388912E-02 | IK=       6/      55 | t=    6.641400 s | CA=  2.4993 | fact=  2.3959 | GF=  1.7461 | solve=  1.6231 | scatter=  0.0516
f=     4.350 Hz | ky=  0.453730E-02 | IK=       7/      55 | t=    6.706000 s | CA=  2.5398 | fact=  2.4190 | GF=  1.7472 | solve=  1.6246 | scatter=  0.0512
f=     4.350 Hz | ky=  0.518549E-02 | IK=       8/      55 | t=    6.663900 s | CA=  2.4825 | fact=  2.4315 | GF=  1.7498 | solve=  1.6265 | scatter=  0.0520
f=     4.350 Hz | ky=  0.583368E-02 | IK=       9/      55 | t=    6.718500 s | CA=  2.5578 | fact=  2.4199 | GF=  1.7408 | solve=  1.6187 | scatter=  0.0506
f=     4.350 Hz | ky=  0.648186E-02 | IK=      10/      55 | t=    6.680400 s | CA=  2.5128 | fact=  2.4230 | GF=  1.7446 | solve=  1.6225 | scatter=  0.0506
PARDISO mem (f=  4.35 Hz): sym=  1.95 GB  perm=  1.42 GB  num=  3.22 GB  
peak=  4.64 GB
 WD_amp= 6.24298E+13  RESID_RMS= 9.08179E-04  FCOST_DATA= 4.12395E-07  FCOST0= 4.12395E-07
BT: alpha=  6.1167E-02  phi=  4.1239E-07  rhs=  3.7727E-07
 UPDATEPARAMETER: f-scale only
UPDATEPARAMETER PAR_STEP min/max, V_STEP min/max =  4.5090000000E+01  9.7270594625E+01
  4.5090000000E+01  9.7270594625E+01
 running run_ik_loop_pardiso
before CA | VmRSS=  16.334 GB  VmHWM=  95.040 GB
after CA | VmRSS=  17.578 GB  VmHWM=  95.040 GB
after factor | VmRSS=  21.340 GB  VmHWM=  95.040 GB
f=     4.350 Hz | ky=  0.648186E-03 | IK=       1/      55 | t=   16.936200 s | CA=  2.4666 | fact= 12.6213 | GF=  1.8481 | solve=  1.6953 | scatter=  0.0519
f=     4.350 Hz | ky=  0.129637E-02 | IK=       2/      55 | t=    6.645700 s | CA=  2.4903 | fact=  2.4153 | GF=  1.7401 | solve=  1.6179 | scatter=  0.0507
f=     4.350 Hz | ky=  0.194456E-02 | IK=       3/      55 | t=    6.658300 s | CA=  2.4878 | fact=  2.4236 | GF=  1.7469 | solve=  1.6230 | scatter=  0.0527
f=     4.350 Hz | ky=  0.259275E-02 | IK=       4/      55 | t=    6.642400 s | CA=  2.4743 | fact=  2.4208 | GF=  1.7473 | solve=  1.6255 | scatter=  0.0505
f=     4.350 Hz | ky=  0.324093E-02 | IK=       5/      55 | t=    6.697700 s | CA=  2.5232 | fact=  2.4261 | GF=  1.7483 | solve=  1.6254 | scatter=  0.0515
f=     4.350 Hz | ky=  0.388912E-02 | IK=       6/      55 | t=    6.672000 s | CA=  2.5023 | fact=  2.4243 | GF=  1.7453 | solve=  1.6239 | scatter=  0.0501
f=     4.350 Hz | ky=  0.453730E-02 | IK=       7/      55 | t=    6.684800 s | CA=  2.4962 | fact=  2.4252 | GF=  1.7634 | solve=  1.6249 | scatter=  0.0673
f=     4.350 Hz | ky=  0.518549E-02 | IK=       8/      55 | t=    6.685600 s | CA=  2.4914 | fact=  2.4465 | GF=  1.7476 | solve=  1.6253 | scatter=  0.0509
f=     4.350 Hz | ky=  0.583368E-02 | IK=       9/      55 | t=    6.696000 s | CA=  2.5219 | fact=  2.4279 | GF=  1.7460 | solve=  1.6247 | scatter=  0.0499
f=     4.350 Hz | ky=  0.648186E-02 | IK=      10/      55 | t=    6.689200 s | CA=  2.5097 | fact=  2.4341 | GF=  1.7454 | solve=  1.6230 | scatter=  0.0512
PARDISO mem (f=  4.35 Hz): sym=  1.95 GB  perm=  1.42 GB  num=  3.22 GB  
peak=  4.64 GB
 WD_amp= 6.24298E+13  RESID_RMS= 8.68207E-04  FCOST_DATA= 3.76892E-07  FCOST0= 3.76892E-07
  
BT: alpha=  3.0583E-02  phi=  3.7689E-07  rhs=  3.7728E-07
  
  
  
  
Convergence reached, updating parameter grid
ALPHA from line search =  .3058335260980031E-01
 FCOST0 after linesearch  3.768915183048487E-007
Norm of s (s_norm) =  .8800699599133372E-02
  
Time for LBFGS =  7.139716593424479 min
  
 Frequency:           5 Iteration:           2
t_global   =    299.260 s
  
 -------------- calculate Frechet derivatives -----------
 IFREQ =           5    ITERATION =           2
||Frechet||_F=  2.0074E-13max|Frechet|=  3.4877E-18
||Frechet||_F=  2.0074E-13max|Frechet|=  3.4877E-18
||Frechet||_F=  2.0074E-13max|Frechet|=  3.4877E-18
||Frechet||_F=  2.0074E-13max|Frechet|=  3.4877E-18
 
TIME for Frechet calc =  3.045536549886068 min
 
 
  compute the residual and the cost function
 WD_amp= 6.24298E+13  RESID_RMS= 8.68207E-04  FCOST_DATA= 3.76892E-07  FCOST0= 3.76892E-07
||Frechet||_F=  2.0074E-13max|Frechet|=  3.4877E-18
||Frechet||_F=  2.0074E-13max|Frechet|=  3.4877E-18
Grad block  11 GRAD_SCALED MORM =   2.0343E-05
Raw grad block 11  PAR={Q66}  min= -6.3307E-10  max=  5.2315E-10  L2=  4.6677E-09
Gradient finished
Start LBFGS 
curvature (warm): s·y=  1.5879E-09  ||s||^2=  7.7452E-05  ||y||^2=  2.9104E-12  sTy_min=  1.5014E-09
LBFGS history: used= 0  skipped= 1  worst_col= 5  bad_s·y=  1.5879E-09  bad_cos_sy=  1.0576E-01
LBFGS step: g·p = -1.6666E-06  ||p||=  2.6757E-01
LBFGS step: min(p)= -9.6207E-03  max(p)=  2.0670E-02
LBFGS p_k (unscaled) stats per active parameter:
  IA= 11  PAR={Q66}  min=-4.38377E+01  max= 9.41832E+01  L2= 1.21923E+03
min(p_k)= -9.6207E-03  max(p_k)=  2.0670E-02  ||p_k||=  2.6757E-01
min(p_kf)= -9.6207E-03  max(p_kf)=  2.0670E-02  ||p_kf||=  1.0703E+00
p_k/p_kf  =   2.5000E-01
Start linesearch
MT entry: phi(0)=  3.7689E-07  dg0= -1.6666E-06  alpha0=  1.0000E+00
 UPDATEPARAMETER: f-scale only
UPDATEPARAMETER PAR_STEP min/max, V_STEP min/max =  1.6723547374E+01  1.4990132245E+02
  1.6723547374E+01  1.4990132245E+02
 WD_amp= 6.24298E+13  RESID_RMS= 4.34563E-03  FCOST_DATA= 9.44225E-06  FCOST0= 9.44225E-06
  
 -------------- calculate Frechet derivatives -----------
 IFREQ =           5    ITERATION =           2
||Frechet||_F=  2.0319E-13max|Frechet|=  3.2051E-18
||Frechet||_F=  2.0319E-13max|Frechet|=  3.2051E-18
||Frechet||_F=  2.0319E-13max|Frechet|=  3.2051E-18
||Frechet||_F=  2.0319E-13max|Frechet|=  3.2051E-18
||Frechet||_F=  2.0319E-13max|Frechet|=  3.2051E-18
||Frechet||_F=  2.0319E-13max|Frechet|=  3.2051E-18
Grad block  11 GRAD_SCALED MORM =   1.0331E-04
MT try: alpha=  1.0000E+00  phi=  9.4422E-06  dg= -1.2068E-06  dg0= -1.6666E-06
MT try: armijo_rhs=  3.7672E-07  armijo=F  curvature=T  task=FG
 UPDATEPARAMETER: f-scale only
UPDATEPARAMETER PAR_STEP min/max, V_STEP min/max =  4.5090000000E+01  9.7377085144E+01
  4.5090000000E+01  9.7377085144E+01
 WD_amp= 6.24298E+13  RESID_RMS= 9.01885E-04  FCOST_DATA= 4.06698E-07  FCOST0= 4.06698E-07
  
 -------------- calculate Frechet derivatives -----------
 IFREQ =           5    ITERATION =           2
||Frechet||_F=  2.0014E-13max|Frechet|=  3.4798E-18
||Frechet||_F=  2.0014E-13max|Frechet|=  3.4798E-18
||Frechet||_F=  2.0014E-13max|Frechet|=  3.4798E-18
||Frechet||_F=  2.0014E-13max|Frechet|=  3.4798E-18
||Frechet||_F=  2.0014E-13max|Frechet|=  3.4798E-18
||Frechet||_F=  2.0014E-13max|Frechet|=  3.4798E-18
Grad block  11 GRAD_SCALED MORM =   2.1216E-05
MT try: alpha=  2.6980E-02  phi=  4.0670E-07  dg= -1.6729E-06  dg0= -1.6666E-06
MT try: armijo_rhs=  3.7689E-07  armijo=F  curvature=F  task=FG
 UPDATEPARAMETER: f-scale only
UPDATEPARAMETER PAR_STEP min/max, V_STEP min/max =  4.5090000000E+01  9.7282618064E+01
  4.5090000000E+01  9.7282618064E+01
 WD_amp= 6.24298E+13  RESID_RMS= 8.70654E-04  FCOST_DATA= 3.79019E-07  FCOST0= 3.79019E-07
  
 -------------- calculate Frechet derivatives -----------
 IFREQ =           5    ITERATION =           2
||Frechet||_F=  2.0067E-13max|Frechet|=  3.4868E-18
||Frechet||_F=  2.0067E-13max|Frechet|=  3.4868E-18
||Frechet||_F=  2.0067E-13max|Frechet|=  3.4868E-18
||Frechet||_F=  2.0067E-13max|Frechet|=  3.4868E-18
||Frechet||_F=  2.0067E-13max|Frechet|=  3.4868E-18
||Frechet||_F=  2.0067E-13max|Frechet|=  3.4868E-18
Grad block  11 GRAD_SCALED MORM =   2.0418E-05
MT try: alpha=  3.0462E-03  phi=  3.7902E-07  dg= -1.6673E-06  dg0= -1.6666E-06
MT try: armijo_rhs=  3.7689E-07  armijo=F  curvature=F  task=FG
 UPDATEPARAMETER: f-scale only
UPDATEPARAMETER PAR_STEP min/max, V_STEP min/max =  4.5090000000E+01  9.7272228748E+01
  4.5090000000E+01  9.7272228748E+01
 WD_amp= 6.24298E+13  RESID_RMS= 8.68518E-04  FCOST_DATA= 3.77162E-07  FCOST0= 3.77162E-07
  
 -------------- calculate Frechet derivatives -----------
 IFREQ =           5    ITERATION =           2
||Frechet||_F=  2.0073E-13max|Frechet|=  3.4876E-18
||Frechet||_F=  2.0073E-13max|Frechet|=  3.4876E-18
||Frechet||_F=  2.0073E-13max|Frechet|=  3.4876E-18
||Frechet||_F=  2.0073E-13max|Frechet|=  3.4876E-18
||Frechet||_F=  2.0073E-13max|Frechet|=  3.4876E-18
||Frechet||_F=  2.0073E-13max|Frechet|=  3.4876E-18
Grad block  11 GRAD_SCALED MORM =   2.0353E-05
MT try: alpha=  4.1402E-04  phi=  3.7716E-07  dg= -1.6667E-06  dg0= -1.6666E-06
MT try: armijo_rhs=  3.7689E-07  armijo=F  curvature=F  task=FG
 UPDATEPARAMETER: f-scale only
UPDATEPARAMETER PAR_STEP min/max, V_STEP min/max =  4.5090000000E+01  9.7270822026E+01
  4.5090000000E+01  9.7270822026E+01
 WD_amp= 6.24298E+13  RESID_RMS= 8.68250E-04  FCOST_DATA= 3.76929E-07  FCOST0= 3.76929E-07
LS STOP (stagnation): alpha=  5.7614E-05  FCOST1=  3.7693E-07  FCOST0=  3.7689E-07
 LINESEARCH_MT(dcsrch): fallback to backtrack, task=FG stp=
  5.761394800948772E-005  hit_minstep= F
BT entry: phi(0)=  3.7689E-07  g·p(0)= -1.6666E-06
 UPDATEPARAMETER: f-scale only
UPDATEPARAMETER PAR_STEP min/max, V_STEP min/max =  1.6723547374E+01  1.4990132245E+02
  1.6723547374E+01  1.4990132245E+02
REL STEP Q      : k= 11 row=  6 rmax_k=  1.7155E+00 row_scale=  9.7271E+01
BT cap probe: rmax1=  1.7155E+00  alpha_cap=  2.9146E-01  alpha00=  1.0000E+00
 UPDATEPARAMETER: f-scale only
UPDATEPARAMETER PAR_STEP min/max, V_STEP min/max =  4.1057632235E+01  9.8420978443E+01
  4.1057632235E+01  9.8420978443E+01
 WD_amp= 6.24298E+13  RESID_RMS= 1.83648E-03  FCOST_DATA= 1.68634E-06  FCOST0= 1.68634E-06
BT: alpha=  2.9146E-01  phi=  1.6863E-06  rhs=  3.7684E-07
 UPDATEPARAMETER: f-scale only
UPDATEPARAMETER PAR_STEP min/max, V_STEP min/max =  4.3888673263E+01  9.7845786534E+01
  4.3888673263E+01  9.7845786534E+01
 WD_amp= 6.24298E+13  RESID_RMS= 1.25780E-03  FCOST_DATA= 7.91036E-07  FCOST0= 7.91036E-07
BT: alpha=  1.4573E-01  phi=  7.9104E-07  rhs=  3.7687E-07
 UPDATEPARAMETER: f-scale only
UPDATEPARAMETER PAR_STEP min/max, V_STEP min/max =  4.4799187160E+01  9.7558190580E+01
  4.4799187160E+01  9.7558190580E+01
 WD_amp= 6.24298E+13  RESID_RMS= 1.00997E-03  FCOST_DATA= 5.10021E-07  FCOST0= 5.10021E-07
BT: alpha=  7.2865E-02  phi=  5.1002E-07  rhs=  3.7688E-07
 UPDATEPARAMETER: f-scale only
UPDATEPARAMETER PAR_STEP min/max, V_STEP min/max =  4.5090000000E+01  9.7414392603E+01
  4.5090000000E+01  9.7414392603E+01
 WD_amp= 6.24298E+13  RESID_RMS= 9.19538E-04  FCOST_DATA= 4.22775E-07  FCOST0= 4.22775E-07
BT: alpha=  3.6432E-02  phi=  4.2278E-07  rhs=  3.7689E-07
 UPDATEPARAMETER: f-scale only
UPDATEPARAMETER PAR_STEP min/max, V_STEP min/max =  4.5090000000E+01  9.7342493614E+01
  4.5090000000E+01  9.7342493614E+01
 WD_amp= 6.24298E+13  RESID_RMS= 8.88089E-04  FCOST_DATA= 3.94351E-07  FCOST0= 3.94351E-07
BT: alpha=  1.8216E-02  phi=  3.9435E-07  rhs=  3.7689E-07
 UPDATEPARAMETER: f-scale only
UPDATEPARAMETER PAR_STEP min/max, V_STEP min/max =  4.5090000000E+01  9.7306544120E+01
  4.5090000000E+01  9.7306544120E+01
 WD_amp= 6.24298E+13  RESID_RMS= 8.76594E-04  FCOST_DATA= 3.84208E-07  FCOST0= 3.84208E-07
BT: alpha=  9.1081E-03  phi=  3.8421E-07  rhs=  3.7689E-07
 UPDATEPARAMETER: f-scale only
UPDATEPARAMETER PAR_STEP min/max, V_STEP min/max =  4.5090000000E+01  9.7288569372E+01
  4.5090000000E+01  9.7288569372E+01
 WD_amp= 6.24298E+13  RESID_RMS= 8.71999E-04  FCOST_DATA= 3.80191E-07  FCOST0= 3.80191E-07
BT: alpha=  4.5541E-03  phi=  3.8019E-07  rhs=  3.7689E-07
 UPDATEPARAMETER: f-scale only
UPDATEPARAMETER PAR_STEP min/max, V_STEP min/max =  4.5090000000E+01  9.7279581999E+01
  4.5090000000E+01  9.7279581999E+01
 WD_amp= 6.24298E+13  RESID_RMS= 8.70001E-04  FCOST_DATA= 3.78451E-07  FCOST0= 3.78451E-07
BT: alpha=  2.2770E-03  phi=  3.7845E-07  rhs=  3.7689E-07
 UPDATEPARAMETER: f-scale only
UPDATEPARAMETER PAR_STEP min/max, V_STEP min/max =  4.5090000000E+01  9.7275088312E+01
  4.5090000000E+01  9.7275088312E+01
 WD_amp= 6.24298E+13  RESID_RMS= 8.69078E-04  FCOST_DATA= 3.77649E-07  FCOST0= 3.77649E-07
BT: alpha=  1.1385E-03  phi=  3.7765E-07  rhs=  3.7689E-07
 UPDATEPARAMETER: f-scale only
UPDATEPARAMETER PAR_STEP min/max, V_STEP min/max =  4.5090000000E+01  9.7272841469E+01
  4.5090000000E+01  9.7272841469E+01
 WD_amp= 6.24298E+13  RESID_RMS= 8.68636E-04  FCOST_DATA= 3.77264E-07  FCOST0= 3.77264E-07
BT: alpha=  5.6926E-04  phi=  3.7726E-07  rhs=  3.7689E-07
 UPDATEPARAMETER: f-scale only
UPDATEPARAMETER PAR_STEP min/max, V_STEP min/max =  4.5090000000E+01  9.7271718047E+01
  4.5090000000E+01  9.7271718047E+01
 WD_amp= 6.24298E+13  RESID_RMS= 8.68420E-04  FCOST_DATA= 3.77077E-07  FCOST0= 3.77077E-07
BT: alpha=  2.8463E-04  phi=  3.7708E-07  rhs=  3.7689E-07
 UPDATEPARAMETER: f-scale only
UPDATEPARAMETER PAR_STEP min/max, V_STEP min/max =  4.5090000000E+01  9.7271156336E+01
  4.5090000000E+01  9.7271156336E+01
 WD_amp= 6.24298E+13  RESID_RMS= 8.68313E-04  FCOST_DATA= 3.76984E-07  FCOST0= 3.76984E-07
BT: alpha=  1.4231E-04  phi=  3.7698E-07  rhs=  3.7689E-07
 UPDATEPARAMETER: f-scale only
UPDATEPARAMETER PAR_STEP min/max, V_STEP min/max =  4.5090000000E+01  9.7270875481E+01
  4.5090000000E+01  9.7270875481E+01
 WD_amp= 6.24298E+13  RESID_RMS= 8.68260E-04  FCOST_DATA= 3.76937E-07  FCOST0= 3.76937E-07
BT: alpha=  7.1157E-05  phi=  3.7694E-07  rhs=  3.7689E-07
 UPDATEPARAMETER: f-scale only
UPDATEPARAMETER PAR_STEP min/max, V_STEP min/max =  4.5090000000E+01  9.7270735053E+01
  4.5090000000E+01  9.7270735053E+01
 WD_amp= 6.24298E+13  RESID_RMS= 8.68233E-04  FCOST_DATA= 3.76915E-07  FCOST0= 3.76915E-07
BT: alpha=  3.5579E-05  phi=  3.7691E-07  rhs=  3.7689E-07
 UPDATEPARAMETER: f-scale only
UPDATEPARAMETER PAR_STEP min/max, V_STEP min/max =  4.5090000000E+01  9.7270664839E+01
  4.5090000000E+01  9.7270664839E+01
 WD_amp= 6.24298E+13  RESID_RMS= 8.68220E-04  FCOST_DATA= 3.76903E-07  FCOST0= 3.76903E-07
BT: alpha=  1.7789E-05  phi=  3.7690E-07  rhs=  3.7689E-07
 UPDATEPARAMETER: f-scale only
UPDATEPARAMETER PAR_STEP min/max, V_STEP min/max =  4.5090000000E+01  9.7270634095E+01
  4.5090000000E+01  9.7270634095E+01
 WD_amp= 6.24298E+13  RESID_RMS= 8.68214E-04  FCOST_DATA= 3.76898E-07  FCOST0= 3.76898E-07
 Backtrack: failed after MAX_IT
 Line search failed (IFLAG=          11 ), inversion diverged.
 --------- Frequency   4.75000000000000       (band            1 )
[ComputeAcqWeight] empty acq_weight_file, using uniform weights = 1.0
Data weighting computed for frequency 4607182418800017373
XSRmin, XSRmax, ZSRmin, ZSRMax -1960.000000000000 .000000000000000 2050.000000000000 4030.000000000000
1 FKYC
1.2 FKYC
my_rank, FKYC,WLMAX, RMAX 0 .3892843070752570E-01 1078.479746282688 2786.036611389018
1.1 NK
NK in cky2= 55

  Number of wavenumber samples (NK) for FREQ =   55
Data weighting computed for frequency 4607182418800017373
Data weighting computed for frequency 4607182418800017373
Data weighting computed for frequency 4607182418800017373
Data weighting computed for frequency 4607182418800017373
Data weighting computed for frequency 4607182418800017373
  RMAX = 2786.04
--- Pre-solver preview (memory + RHS workload) ---
   GQG dims: NNX=       585  NNZ=       317  NPT=    185445
   DOF:     N=3*NPT =    556335
   Sources: NSR=       100  NSS=        20  NK=        55
   RHS total (per IK): nrhs_tot=3*NSS =        60
   Batch:    MAX_RHS_BATCH=        32  nbatches=         2
   GFMY  (GFX+GFY+GFZ):         13.679 GB
   RHS_MY(rhs+sol buffers):      0.531 GB
 
 running run_ik_loop_pardiso
before CA | VmRSS=  15.588 GB  VmHWM=  95.099 GB
after CA | VmRSS=  17.348 GB  VmHWM=  95.099 GB
after factor | VmRSS=  21.115 GB  VmHWM=  95.099 GB
f=     4.750 Hz | ky=  0.707790E-03 | IK=       1/      55 | t=   16.992200 s | CA=  2.5434 | fact= 12.6114 | GF=  1.8372 | solve=  1.6859 | scatter=  0.0506
f=     4.750 Hz | ky=  0.141558E-02 | IK=       2/      55 | t=    6.641500 s | CA=  2.4881 | fact=  2.4157 | GF=  1.7376 | solve=  1.6168 | scatter=  0.0496
f=     4.750 Hz | ky=  0.212337E-02 | IK=       3/      55 | t=    6.739600 s | CA=  2.5794 | fact=  2.4188 | GF=  1.7414 | solve=  1.6189 | scatter=  0.0513
f=     4.750 Hz | ky=  0.283116E-02 | IK=       4/      55 | t=    6.660600 s | CA=  2.5077 | fact=  2.4110 | GF=  1.7418 | solve=  1.6206 | scatter=  0.0501
f=     4.750 Hz | ky=  0.353895E-02 | IK=       5/      55 | t=    6.677700 s | CA=  2.5205 | fact=  2.4194 | GF=  1.7378 | solve=  1.6157 | scatter=  0.0509
f=     4.750 Hz | ky=  0.424674E-02 | IK=       6/      55 | t=    6.690000 s | CA=  2.5255 | fact=  2.4209 | GF=  1.7435 | solve=  1.6199 | scatter=  0.0522
f=     4.750 Hz | ky=  0.495453E-02 | IK=       7/      55 | t=    6.733700 s | CA=  2.5581 | fact=  2.4320 | GF=  1.7435 | solve=  1.6227 | scatter=  0.0496
f=     4.750 Hz | ky=  0.566232E-02 | IK=       8/      55 | t=    6.675300 s | CA=  2.5133 | fact=  2.4236 | GF=  1.7384 | solve=  1.6157 | scatter=  0.0512
f=     4.750 Hz | ky=  0.637011E-02 | IK=       9/      55 | t=    6.694500 s | CA=  2.5310 | fact=  2.4228 | GF=  1.7406 | solve=  1.6185 | scatter=  0.0508
f=     4.750 Hz | ky=  0.707790E-02 | IK=      10/      55 | t=    6.631100 s | CA=  2.4726 | fact=  2.4172 | GF=  1.7413 | solve=  1.6194 | scatter=  0.0507
PARDISO mem (f=  4.75 Hz): sym=  1.95 GB  perm=  1.42 GB  num=  3.22 GB  
peak=  4.64 GB
t_global   =    108.170 s
TIME for 1st forward modeling =  1.802903366088867  min
TIME for GT0 =  .5111666520436605E-02  min
Data scaler W for L2 norm: 64069066454919.59
Data scaler W for WQS norm: .1007948000807317E-312
Total number of active inversion parameters for current sequential stage (IM):          1
Total model blocks points (NM = IM * NBLOCK):      11534 on grid (NMM = IM * NPT):    185445
 Gradient balance ():   1.00000000000000        1.00000000000000     
   1.00000000000000        1.00000000000000        1.00000000000000     
   1.00000000000000        1.00000000000000        1.00000000000000     
   1.00000000000000        1.00000000000000        1.00000000000000     
 IE0, IZ          30           0
 IE0, IZ, GZ1, GZ2 =           30           0   100.000000000000     
   300.000000000000     
  
 Frequency:           6 Iteration:           1
--- Pre-solver preview (memory + RHS workload) ---
   GQG dims: NNX=       585  NNZ=       317  NPT=    185445
   DOF:     N=3*NPT =    556335
   Sources: NSR=       100  NSS=       100  NK=        55
   RHS total (per IK): nrhs_tot=3*NSS =       300
   Batch:    MAX_RHS_BATCH=        32  nbatches=        10
   GFMY  (GFX+GFY+GFZ):         68.393 GB
   RHS_MY(rhs+sol buffers):      0.531 GB
 
 running run_ik_loop_pardiso
before CA | VmRSS=  71.100 GB  VmHWM=  95.099 GB
after CA | VmRSS=  72.216 GB  VmHWM=  95.099 GB
after factor | VmRSS=  75.978 GB  VmHWM=  95.099 GB
f=     4.750 Hz | ky=  0.707790E-03 | IK=       1/      55 | t=   23.690200 s | CA=  2.4701 | fact= 12.6108 | GF=  8.6091 | solve=  7.9629 | scatter=  0.2535
f=     4.750 Hz | ky=  0.141558E-02 | IK=       2/      55 | t=   13.411600 s | CA=  2.4614 | fact=  2.4177 | GF=  8.5324 | solve=  7.9195 | scatter=  0.2510
f=     4.750 Hz | ky=  0.212337E-02 | IK=       3/      55 | t=   13.514300 s | CA=  2.5696 | fact=  2.4074 | GF=  8.5373 | solve=  7.9219 | scatter=  0.2528
f=     4.750 Hz | ky=  0.283116E-02 | IK=       4/      55 | t=   13.387900 s | CA=  2.4741 | fact=  2.3773 | GF=  8.5365 | solve=  7.9257 | scatter=  0.2487
f=     4.750 Hz | ky=  0.353895E-02 | IK=       5/      55 | t=   13.397700 s | CA=  2.4594 | fact=  2.3902 | GF=  8.5481 | solve=  7.9339 | scatter=  0.2519
f=     4.750 Hz | ky=  0.424674E-02 | IK=       6/      55 | t=   13.479400 s | CA=  2.4897 | fact=  2.4141 | GF=  8.5755 | solve=  7.9604 | scatter=  0.2524
f=     4.750 Hz | ky=  0.495453E-02 | IK=       7/      55 | t=   13.518200 s | CA=  2.5315 | fact=  2.4178 | GF=  8.5689 | solve=  7.9524 | scatter=  0.2531
f=     4.750 Hz | ky=  0.566232E-02 | IK=       8/      55 | t=   13.427500 s | CA=  2.4530 | fact=  2.3911 | GF=  8.5834 | solve=  7.9676 | scatter=  0.2533
f=     4.750 Hz | ky=  0.637011E-02 | IK=       9/      55 | t=   13.459800 s | CA=  2.4970 | fact=  2.4017 | GF=  8.5610 | solve=  7.9494 | scatter=  0.2488
f=     4.750 Hz | ky=  0.707790E-02 | IK=      10/      55 | t=   13.482800 s | CA=  2.4951 | fact=  2.4239 | GF=  8.5637 | solve=  7.9512 | scatter=  0.2495
PARDISO mem (f=  4.75 Hz): sym=  1.95 GB  perm=  1.42 GB  num=  3.22 GB  
peak=  4.64 GB
t_global   =    299.040 s
TIME for 2d forward modeling_i calc =  4.982036844889323 min
Rank    4 -> ID range:   3201 to   4000 | Tasks:    800
Rank    5 -> ID range:   4001 to   4800 | Tasks:    800
Rank    2 -> ID range:   1601 to   2400 | Tasks:    800
Rank    1 -> ID range:    801 to   1600 | Tasks:    800
Rank    3 -> ID range:   2401 to   3200 | Tasks:    800
  
 -------------- calculate Frechet derivatives -----------
 IFREQ =           6    ITERATION =           1
Frechet memory size Frec_my:      0.825 (Gb)
Rank    0 -> ID range:      1 to    800 | Tasks:    800
FREQ:      4.8 Hz, ITER=       1  Frechet Derivative ID=     100/    4800 Finished   0.205100 s
FREQ:      4.8 Hz, ITER=       1  Frechet Derivative ID=     200/    4800 Finished   0.200100 s
FREQ:      4.8 Hz, ITER=       1  Frechet Derivative ID=     300/    4800 Finished   0.200300 s
FREQ:      4.8 Hz, ITER=       1  Frechet Derivative ID=     400/    4800 Finished   0.184900 s
FREQ:      4.8 Hz, ITER=       1  Frechet Derivative ID=     500/    4800 Finished   0.198800 s
FREQ:      4.8 Hz, ITER=       1  Frechet Derivative ID=     600/    4800 Finished   0.198800 s
FREQ:      4.8 Hz, ITER=       1  Frechet Derivative ID=     700/    4800 Finished   0.199100 s
FREQ:      4.8 Hz, ITER=       1  Frechet Derivative ID=     800/    4800 Finished   0.195400 s
||Frechet||_F=  2.1879E-13max|Frechet|=  2.7913E-18
 
TIME for Frechet calc =  3.126578267415364 min
 
m_fine: min=  4.5090E+01  max=  9.7271E+01  mean=  7.7851E+01  ||.||2=  3.4694E+04  size=  185445
m_coarse_prev: min=  4.5136E+01  max=  9.7132E+01  mean=  7.7872E+01  ||.||2=  8.6540E+03  size=   11534
 
  compute the residual and the cost function
 WD_amp= 6.40691E+13  RESID_RMS= 9.97430E-04  FCOST_DATA= 4.97433E-07  FCOST0= 4.97433E-07
||Frechet||_F=  2.1879E-13max|Frechet|=  2.7913E-18
||Frechet||_F=  2.1879E-13max|Frechet|=  2.7913E-18
||Frechet||_F=  2.1879E-13max|Frechet|=  2.7913E-18
||Frechet||_F=  2.1879E-13max|Frechet|=  2.7913E-18
||Frechet||_F=  2.1879E-13max|Frechet|=  2.7913E-18
IA= 11  H(single F0) min= 0.00000E+00  max= 1.13623E-03
IA= 11  H(F0^2)     min= 0.00000E+00  max= 1.13623E-03
HESSD: ia=  11  min= 0.00000E+00  max= 1.75991E+05
IA= 11  H(single F0) min= 0.00000E+00  max= 1.13623E-03
IA= 11  H(F0^2)     min= 0.00000E+00  max= 1.13623E-03
HESSD: ia=  11  min= 0.00000E+00  max= 1.75991E+05
IA= 11  H(single F0) min= 0.00000E+00  max= 1.13623E-03
IA= 11  H(F0^2)     min= 0.00000E+00  max= 1.13623E-03
HESSD: ia=  11  min= 0.00000E+00  max= 1.75991E+05
IA= 11  H(single F0) min= 0.00000E+00  max= 1.13623E-03
IA= 11  H(F0^2)     min= 0.00000E+00  max= 1.13623E-03
HESSD: ia=  11  min= 0.00000E+00  max= 1.75991E+05
IA= 11  H(single F0) min= 0.00000E+00  max= 1.13623E-03
IA= 11  H(F0^2)     min= 0.00000E+00  max= 1.13623E-03
IA= 11  H(single F0) min= 0.00000E+00  max= 1.13623E-03
IA= 11  H(F0^2)     min= 0.00000E+00  max= 1.13623E-03
HESSD: ia=  11  min= 0.00000E+00  max= 1.75991E+05
HESSD: ia=  11  min= 0.00000E+00  max= 1.75991E+05
Grad block  11 GRAD_SCALED MORM =   2.0609E-05
Raw grad block 11  PAR={Q66}  min= -4.1520E-10  max=  3.9908E-10  L2=  4.7415E-09
Gradient finished
Start LBFGS 
LBFGS steepest step , iter=      1
  g·p = -1.2677E-06  ||p|| =  2.0650E-01
  min(p)= -1.3212E-02  max(p)=  1.5597E-02
LBFGS p_k (unscaled) stats per active parameter:
  IA= 11  PAR={Q66}  min=-6.02004E+01  max= 7.10713E+01  L2= 9.40924E+02
min(p_k)= -1.3212E-02  max(p_k)=  1.5597E-02  ||p_k||=  2.0650E-01
min(p_kf)= -1.3212E-02  max(p_kf)=  1.5597E-02  ||p_kf||=  8.2598E-01
p_k/p_kf  =   2.5000E-01
Start linesearch
BT entry: phi(0)=  4.9743E-07  g·p(0)= -1.2677E-06
 UPDATEPARAMETER: f-scale only
UPDATEPARAMETER PAR_STEP min/max, V_STEP min/max =  1.2356419890E+01  1.3401417598E+02
  1.2356419890E+01  1.3401417598E+02
REL STEP Q      : k= 11 row=  6 rmax_k=  1.1659E+00 row_scale=  9.7271E+01
BT cap probe: rmax1=  1.1659E+00  alpha_cap=  4.2885E-01  alpha00=  1.0000E+00
 UPDATEPARAMETER: f-scale only
UPDATEPARAMETER PAR_STEP min/max, V_STEP min/max =  3.5921468835E+01  1.0374780415E+02
  3.5921468835E+01  1.0374780415E+02
 running run_ik_loop_pardiso
before CA | VmRSS=  16.423 GB  VmHWM=  95.099 GB
after CA | VmRSS=  17.799 GB  VmHWM=  95.099 GB
after factor | VmRSS=  21.564 GB  VmHWM=  95.099 GB
f=     4.750 Hz | ky=  0.707790E-03 | IK=       1/      55 | t=   16.987400 s | CA=  2.5129 | fact= 12.6262 | GF=  1.8481 | solve=  1.6971 | scatter=  0.0498
f=     4.750 Hz | ky=  0.141558E-02 | IK=       2/      55 | t=    6.658900 s | CA=  2.4870 | fact=  2.4224 | GF=  1.7494 | solve=  1.6268 | scatter=  0.0513
f=     4.750 Hz | ky=  0.212337E-02 | IK=       3/      55 | t=    6.670800 s | CA=  2.5006 | fact=  2.4175 | GF=  1.7527 | solve=  1.6296 | scatter=  0.0518
f=     4.750 Hz | ky=  0.283116E-02 | IK=       4/      55 | t=    6.642800 s | CA=  2.4793 | fact=  2.4160 | GF=  1.7474 | solve=  1.6247 | scatter=  0.0512
f=     4.750 Hz | ky=  0.353895E-02 | IK=       5/      55 | t=    6.695800 s | CA=  2.5077 | fact=  2.4327 | GF=  1.7554 | solve=  1.6327 | scatter=  0.0512
f=     4.750 Hz | ky=  0.424674E-02 | IK=       6/      55 | t=    6.672700 s | CA=  2.4990 | fact=  2.4299 | GF=  1.7438 | solve=  1.6222 | scatter=  0.0502
f=     4.750 Hz | ky=  0.495453E-02 | IK=       7/      55 | t=    6.686400 s | CA=  2.5071 | fact=  2.4267 | GF=  1.7525 | solve=  1.6293 | scatter=  0.0516
f=     4.750 Hz | ky=  0.566232E-02 | IK=       8/      55 | t=    6.664300 s | CA=  2.4872 | fact=  2.4230 | GF=  1.7541 | solve=  1.6317 | scatter=  0.0510
f=     4.750 Hz | ky=  0.637011E-02 | IK=       9/      55 | t=    6.617400 s | CA=  2.4732 | fact=  2.3964 | GF=  1.7478 | solve=  1.6247 | scatter=  0.0514
f=     4.750 Hz | ky=  0.707790E-02 | IK=      10/      55 | t=    6.670700 s | CA=  2.4844 | fact=  2.4353 | GF=  1.7510 | solve=  1.6283 | scatter=  0.0512
PARDISO mem (f=  4.75 Hz): sym=  1.95 GB  perm=  1.42 GB  num=  3.22 GB  
peak=  4.64 GB
 WD_amp= 6.40691E+13  RESID_RMS= 1.90236E-03  FCOST_DATA= 1.80949E-06  FCOST0= 1.80949E-06
BT: alpha=  4.2885E-01  phi=  1.8095E-06  rhs=  4.9738E-07
 UPDATEPARAMETER: f-scale only
UPDATEPARAMETER PAR_STEP min/max, V_STEP min/max =  4.0951363675E+01  9.8818864274E+01
  4.0951363675E+01  9.8818864274E+01
 running run_ik_loop_pardiso
before CA | VmRSS=  16.428 GB  VmHWM=  95.099 GB
after CA | VmRSS=  17.659 GB  VmHWM=  95.099 GB
after factor | VmRSS=  21.427 GB  VmHWM=  95.099 GB
f=     4.750 Hz | ky=  0.707790E-03 | IK=       1/      55 | t=   16.930400 s | CA=  2.4761 | fact= 12.6149 | GF=  1.8392 | solve=  1.6862 | scatter=  0.0523
f=     4.750 Hz | ky=  0.141558E-02 | IK=       2/      55 | t=    6.612600 s | CA=  2.4497 | fact=  2.4177 | GF=  1.7452 | solve=  1.6231 | scatter=  0.0510
f=     4.750 Hz | ky=  0.212337E-02 | IK=       3/      55 | t=    6.645000 s | CA=  2.4687 | fact=  2.4297 | GF=  1.7466 | solve=  1.6229 | scatter=  0.0521
f=     4.750 Hz | ky=  0.283116E-02 | IK=       4/      55 | t=    6.667700 s | CA=  2.5003 | fact=  2.4203 | GF=  1.7471 | solve=  1.6238 | scatter=  0.0519
f=     4.750 Hz | ky=  0.353895E-02 | IK=       5/      55 | t=    6.647600 s | CA=  2.4780 | fact=  2.4244 | GF=  1.7451 | solve=  1.6222 | scatter=  0.0517
f=     4.750 Hz | ky=  0.424674E-02 | IK=       6/      55 | t=    6.648500 s | CA=  2.4749 | fact=  2.4294 | GF=  1.7442 | solve=  1.6219 | scatter=  0.0510
f=     4.750 Hz | ky=  0.495453E-02 | IK=       7/      55 | t=    6.612800 s | CA=  2.4461 | fact=  2.4205 | GF=  1.7461 | solve=  1.6226 | scatter=  0.0520
f=     4.750 Hz | ky=  0.566232E-02 | IK=       8/      55 | t=    6.665100 s | CA=  2.4861 | fact=  2.4309 | GF=  1.7481 | solve=  1.6256 | scatter=  0.0510
f=     4.750 Hz | ky=  0.637011E-02 | IK=       9/      55 | t=    6.624500 s | CA=  2.4960 | fact=  2.3801 | GF=  1.7483 | solve=  1.6251 | scatter=  0.0520
f=     4.750 Hz | ky=  0.707790E-02 | IK=      10/      55 | t=    6.596700 s | CA=  2.4715 | fact=  2.3821 | GF=  1.7431 | solve=  1.6203 | scatter=  0.0514
PARDISO mem (f=  4.75 Hz): sym=  1.95 GB  perm=  1.42 GB  num=  3.22 GB  
peak=  4.64 GB
 WD_amp= 6.40691E+13  RESID_RMS= 1.36889E-03  FCOST_DATA= 9.36927E-07  FCOST0= 9.36927E-07
BT: alpha=  2.1442E-01  phi=  9.3693E-07  rhs=  4.9741E-07
 UPDATEPARAMETER: f-scale only
UPDATEPARAMETER PAR_STEP min/max, V_STEP min/max =  4.3466311095E+01  9.7384548730E+01
  4.3466311095E+01  9.7384548730E+01
 running run_ik_loop_pardiso
before CA | VmRSS=  16.426 GB  VmHWM=  95.099 GB
after CA | VmRSS=  17.958 GB  VmHWM=  95.099 GB
after factor | VmRSS=  21.719 GB  VmHWM=  95.099 GB
f=     4.750 Hz | ky=  0.707790E-03 | IK=       1/      55 | t=   16.955500 s | CA=  2.4868 | fact= 12.6229 | GF=  1.8455 | solve=  1.6930 | scatter=  0.0517
f=     4.750 Hz | ky=  0.141558E-02 | IK=       2/      55 | t=    6.690300 s | CA=  2.5318 | fact=  2.4144 | GF=  1.7440 | solve=  1.6225 | scatter=  0.0503
f=     4.750 Hz | ky=  0.212337E-02 | IK=       3/      55 | t=    6.645200 s | CA=  2.5026 | fact=  2.3970 | GF=  1.7456 | solve=  1.6234 | scatter=  0.0511
f=     4.750 Hz | ky=  0.283116E-02 | IK=       4/      55 | t=    6.647800 s | CA=  2.4778 | fact=  2.4247 | GF=  1.7452 | solve=  1.6215 | scatter=  0.0524
f=     4.750 Hz | ky=  0.353895E-02 | IK=       5/      55 | t=    6.626300 s | CA=  2.4864 | fact=  2.4007 | GF=  1.7392 | solve=  1.6175 | scatter=  0.0506
f=     4.750 Hz | ky=  0.424674E-02 | IK=       6/      55 | t=    6.677200 s | CA=  2.5070 | fact=  2.4229 | GF=  1.7473 | solve=  1.6249 | scatter=  0.0512
f=     4.750 Hz | ky=  0.495453E-02 | IK=       7/      55 | t=    6.687300 s | CA=  2.5255 | fact=  2.4181 | GF=  1.7437 | solve=  1.6208 | scatter=  0.0518
f=     4.750 Hz | ky=  0.566232E-02 | IK=       8/      55 | t=    6.661200 s | CA=  2.4876 | fact=  2.4257 | GF=  1.7478 | solve=  1.6245 | scatter=  0.0519
f=     4.750 Hz | ky=  0.637011E-02 | IK=       9/      55 | t=    6.675100 s | CA=  2.5036 | fact=  2.4246 | GF=  1.7469 | solve=  1.6245 | scatter=  0.0511
f=     4.750 Hz | ky=  0.707790E-02 | IK=      10/      55 | t=    6.711000 s | CA=  2.5479 | fact=  2.4213 | GF=  1.7418 | solve=  1.6190 | scatter=  0.0516
PARDISO mem (f=  4.75 Hz): sym=  1.95 GB  perm=  1.42 GB  num=  3.22 GB  
peak=  4.64 GB
 WD_amp= 6.40691E+13  RESID_RMS= 1.14443E-03  FCOST_DATA= 6.54860E-07  FCOST0= 6.54860E-07
BT: alpha=  1.0721E-01  phi=  6.5486E-07  rhs=  4.9742E-07
 UPDATEPARAMETER: f-scale only
UPDATEPARAMETER PAR_STEP min/max, V_STEP min/max =  4.4699994260E+01  9.7284020923E+01
  4.4699994260E+01  9.7284020923E+01
 running run_ik_loop_pardiso
before CA | VmRSS=  17.033 GB  VmHWM=  95.099 GB
after CA | VmRSS=  17.641 GB  VmHWM=  95.099 GB
after factor | VmRSS=  21.418 GB  VmHWM=  95.099 GB
f=     4.750 Hz | ky=  0.707790E-03 | IK=       1/      55 | t=   16.969400 s | CA=  2.5053 | fact= 12.6210 | GF=  1.8429 | solve=  1.6917 | scatter=  0.0507
f=     4.750 Hz | ky=  0.141558E-02 | IK=       2/      55 | t=    6.622100 s | CA=  2.4905 | fact=  2.3900 | GF=  1.7416 | solve=  1.6191 | scatter=  0.0513
f=     4.750 Hz | ky=  0.212337E-02 | IK=       3/      55 | t=    6.670400 s | CA=  2.5091 | fact=  2.4133 | GF=  1.7479 | solve=  1.6257 | scatter=  0.0510
f=     4.750 Hz | ky=  0.283116E-02 | IK=       4/      55 | t=    6.638600 s | CA=  2.4710 | fact=  2.4227 | GF=  1.7449 | solve=  1.6224 | scatter=  0.0514
f=     4.750 Hz | ky=  0.353895E-02 | IK=       5/      55 | t=    6.762300 s | CA=  2.6015 | fact=  2.4147 | GF=  1.7460 | solve=  1.6240 | scatter=  0.0509
f=     4.750 Hz | ky=  0.424674E-02 | IK=       6/      55 | t=    6.661200 s | CA=  2.4979 | fact=  2.4188 | GF=  1.7445 | solve=  1.6218 | scatter=  0.0514
f=     4.750 Hz | ky=  0.495453E-02 | IK=       7/      55 | t=    6.716400 s | CA=  2.5578 | fact=  2.4124 | GF=  1.7462 | solve=  1.6239 | scatter=  0.0509
f=     4.750 Hz | ky=  0.566232E-02 | IK=       8/      55 | t=    6.685200 s | CA=  2.5109 | fact=  2.4269 | GF=  1.7474 | solve=  1.6259 | scatter=  0.0501
f=     4.750 Hz | ky=  0.637011E-02 | IK=       9/      55 | t=    6.708000 s | CA=  2.5390 | fact=  2.4229 | GF=  1.7461 | solve=  1.6236 | scatter=  0.0511
f=     4.750 Hz | ky=  0.707790E-02 | IK=      10/      55 | t=    6.612200 s | CA=  2.4858 | fact=  2.3824 | GF=  1.7440 | solve=  1.6216 | scatter=  0.0509
PARDISO mem (f=  4.75 Hz): sym=  1.95 GB  perm=  1.42 GB  num=  3.22 GB  
peak=  4.64 GB
 WD_amp= 6.40691E+13  RESID_RMS= 1.05732E-03  FCOST_DATA= 5.58967E-07  FCOST0= 5.58967E-07
BT: alpha=  5.3606E-02  phi=  5.5897E-07  rhs=  4.9743E-07
 UPDATEPARAMETER: f-scale only
UPDATEPARAMETER PAR_STEP min/max, V_STEP min/max =  4.5090000000E+01  9.7233782808E+01
  4.5090000000E+01  9.7233782808E+01
 running run_ik_loop_pardiso
before CA | VmRSS=  17.021 GB  VmHWM=  95.099 GB
after CA | VmRSS=  17.635 GB  VmHWM=  95.099 GB
after factor | VmRSS=  21.396 GB  VmHWM=  95.099 GB
f=     4.750 Hz | ky=  0.707790E-03 | IK=       1/      55 | t=   16.952700 s | CA=  2.5002 | fact= 12.6136 | GF=  1.8387 | solve=  1.6875 | scatter=  0.0506
f=     4.750 Hz | ky=  0.141558E-02 | IK=       2/      55 | t=    6.618700 s | CA=  2.4817 | fact=  2.3939 | GF=  1.7431 | solve=  1.6212 | scatter=  0.0507
f=     4.750 Hz | ky=  0.212337E-02 | IK=       3/      55 | t=    6.632700 s | CA=  2.5051 | fact=  2.3899 | GF=  1.7377 | solve=  1.6162 | scatter=  0.0504
f=     4.750 Hz | ky=  0.283116E-02 | IK=       4/      55 | t=    6.621000 s | CA=  2.4750 | fact=  2.4027 | GF=  1.7433 | solve=  1.6191 | scatter=  0.0530
f=     4.750 Hz | ky=  0.353895E-02 | IK=       5/      55 | t=    6.666600 s | CA=  2.5005 | fact=  2.4249 | GF=  1.7412 | solve=  1.6194 | scatter=  0.0506
f=     4.750 Hz | ky=  0.424674E-02 | IK=       6/      55 | t=    6.679400 s | CA=  2.5114 | fact=  2.4210 | GF=  1.7469 | solve=  1.6241 | scatter=  0.0516
f=     4.750 Hz | ky=  0.495453E-02 | IK=       7/      55 | t=    6.681800 s | CA=  2.5150 | fact=  2.4291 | GF=  1.7377 | solve=  1.6156 | scatter=  0.0508
f=     4.750 Hz | ky=  0.566232E-02 | IK=       8/      55 | t=    6.674400 s | CA=  2.5143 | fact=  2.4214 | GF=  1.7387 | solve=  1.6169 | scatter=  0.0502
f=     4.750 Hz | ky=  0.637011E-02 | IK=       9/      55 | t=    6.763800 s | CA=  2.6036 | fact=  2.4158 | GF=  1.7444 | solve=  1.6211 | scatter=  0.0516
f=     4.750 Hz | ky=  0.707790E-02 | IK=      10/      55 | t=    6.663300 s | CA=  2.4957 | fact=  2.4190 | GF=  1.7485 | solve=  1.6264 | scatter=  0.0509
PARDISO mem (f=  4.75 Hz): sym=  1.95 GB  perm=  1.42 GB  num=  3.22 GB  
peak=  4.64 GB
 WD_amp= 6.40691E+13  RESID_RMS= 1.02339E-03  FCOST_DATA= 5.23663E-07  FCOST0= 5.23663E-07
BT: alpha=  2.6803E-02  phi=  5.2366E-07  rhs=  4.9743E-07
 UPDATEPARAMETER: f-scale only
UPDATEPARAMETER PAR_STEP min/max, V_STEP min/max =  4.5090000000E+01  9.7208663751E+01
  4.5090000000E+01  9.7208663751E+01
 running run_ik_loop_pardiso
before CA | VmRSS=  16.429 GB  VmHWM=  95.099 GB
after CA | VmRSS=  17.529 GB  VmHWM=  95.099 GB
after factor | VmRSS=  21.292 GB  VmHWM=  95.099 GB
f=     4.750 Hz | ky=  0.707790E-03 | IK=       1/      55 | t=   16.890400 s | CA=  2.4423 | fact= 12.6028 | GF=  1.8451 | solve=  1.6940 | scatter=  0.0503
f=     4.750 Hz | ky=  0.141558E-02 | IK=       2/      55 | t=    6.637700 s | CA=  2.4818 | fact=  2.4150 | GF=  1.7409 | solve=  1.6185 | scatter=  0.0511
f=     4.750 Hz | ky=  0.212337E-02 | IK=       3/      55 | t=    6.625100 s | CA=  2.4677 | fact=  2.4134 | GF=  1.7440 | solve=  1.6215 | scatter=  0.0513
f=     4.750 Hz | ky=  0.283116E-02 | IK=       4/      55 | t=    6.619400 s | CA=  2.4648 | fact=  2.4138 | GF=  1.7407 | solve=  1.6178 | scatter=  0.0515
f=     4.750 Hz | ky=  0.353895E-02 | IK=       5/      55 | t=    6.654000 s | CA=  2.4944 | fact=  2.4153 | GF=  1.7443 | solve=  1.6223 | scatter=  0.0508
f=     4.750 Hz | ky=  0.424674E-02 | IK=       6/      55 | t=    6.610800 s | CA=  2.4624 | fact=  2.4108 | GF=  1.7375 | solve=  1.6148 | scatter=  0.0512
f=     4.750 Hz | ky=  0.495453E-02 | IK=       7/      55 | t=    6.678100 s | CA=  2.5448 | fact=  2.3944 | GF=  1.7388 | solve=  1.6172 | scatter=  0.0504
f=     4.750 Hz | ky=  0.566232E-02 | IK=       8/      55 | t=    6.618500 s | CA=  2.4640 | fact=  2.3871 | GF=  1.7674 | solve=  1.6441 | scatter=  0.0520
f=     4.750 Hz | ky=  0.637011E-02 | IK=       9/      55 | t=    6.647100 s | CA=  2.4984 | fact=  2.4009 | GF=  1.7478 | solve=  1.6252 | scatter=  0.0514
f=     4.750 Hz | ky=  0.707790E-02 | IK=      10/      55 | t=    6.654600 s | CA=  2.5111 | fact=  2.4039 | GF=  1.7396 | solve=  1.6175 | scatter=  0.0507
PARDISO mem (f=  4.75 Hz): sym=  1.95 GB  perm=  1.42 GB  num=  3.22 GB  
peak=  4.64 GB
 WD_amp= 6.40691E+13  RESID_RMS= 1.00934E-03  FCOST_DATA= 5.09381E-07  FCOST0= 5.09381E-07
BT: alpha=  1.3401E-02  phi=  5.0938E-07  rhs=  4.9743E-07
 UPDATEPARAMETER: f-scale only
UPDATEPARAMETER PAR_STEP min/max, V_STEP min/max =  4.5090000000E+01  9.7239040632E+01
  4.5090000000E+01  9.7239040632E+01
 running run_ik_loop_pardiso
before CA | VmRSS=  17.008 GB  VmHWM=  95.099 GB
after CA | VmRSS=  17.637 GB  VmHWM=  95.099 GB
after factor | VmRSS=  21.401 GB  VmHWM=  95.099 GB
f=     4.750 Hz | ky=  0.707790E-03 | IK=       1/      55 | t=   16.990600 s | CA=  2.5358 | fact= 12.6138 | GF=  1.8408 | solve=  1.6897 | scatter=  0.0504
f=     4.750 Hz | ky=  0.141558E-02 | IK=       2/      55 | t=    6.658100 s | CA=  2.4972 | fact=  2.4215 | GF=  1.7394 | solve=  1.6164 | scatter=  0.0515
f=     4.750 Hz | ky=  0.212337E-02 | IK=       3/      55 | t=    6.688100 s | CA=  2.5308 | fact=  2.4117 | GF=  1.7456 | solve=  1.6238 | scatter=  0.0507
f=     4.750 Hz | ky=  0.283116E-02 | IK=       4/      55 | t=    6.673100 s | CA=  2.5111 | fact=  2.4172 | GF=  1.7448 | solve=  1.6214 | scatter=  0.0521
f=     4.750 Hz | ky=  0.353895E-02 | IK=       5/      55 | t=    6.690100 s | CA=  2.5346 | fact=  2.4109 | GF=  1.7445 | solve=  1.6224 | scatter=  0.0504
f=     4.750 Hz | ky=  0.424674E-02 | IK=       6/      55 | t=    6.678300 s | CA=  2.5162 | fact=  2.4174 | GF=  1.7447 | solve=  1.6230 | scatter=  0.0505
f=     4.750 Hz | ky=  0.495453E-02 | IK=       7/      55 | t=    6.725100 s | CA=  2.5563 | fact=  2.4272 | GF=  1.7415 | solve=  1.6188 | scatter=  0.0511
f=     4.750 Hz | ky=  0.566232E-02 | IK=       8/      55 | t=    6.741000 s | CA=  2.5473 | fact=  2.4160 | GF=  1.7776 | solve=  1.6549 | scatter=  0.0514
f=     4.750 Hz | ky=  0.637011E-02 | IK=       9/      55 | t=    6.626700 s | CA=  2.4839 | fact=  2.3956 | GF=  1.7471 | solve=  1.6252 | scatter=  0.0507
f=     4.750 Hz | ky=  0.707790E-02 | IK=      10/      55 | t=    6.698900 s | CA=  2.5316 | fact=  2.4198 | GF=  1.7474 | solve=  1.6249 | scatter=  0.0512
PARDISO mem (f=  4.75 Hz): sym=  1.95 GB  perm=  1.42 GB  num=  3.22 GB  
peak=  4.64 GB
 WD_amp= 6.40691E+13  RESID_RMS= 1.00311E-03  FCOST_DATA= 5.03111E-07  FCOST0= 5.03111E-07
BT: alpha=  6.7007E-03  phi=  5.0311E-07  rhs=  4.9743E-07
 UPDATEPARAMETER: f-scale only
UPDATEPARAMETER PAR_STEP min/max, V_STEP min/max =  4.5090000000E+01  9.7254817628E+01
  4.5090000000E+01  9.7254817628E+01
 running run_ik_loop_pardiso
before CA | VmRSS=  16.316 GB  VmHWM=  95.099 GB
after CA | VmRSS=  17.583 GB  VmHWM=  95.099 GB
after factor | VmRSS=  21.341 GB  VmHWM=  95.099 GB
f=     4.750 Hz | ky=  0.707790E-03 | IK=       1/      55 | t=   16.950400 s | CA=  2.4963 | fact= 12.6191 | GF=  1.8348 | solve=  1.6835 | scatter=  0.0506
f=     4.750 Hz | ky=  0.141558E-02 | IK=       2/      55 | t=    6.647700 s | CA=  2.4806 | fact=  2.4195 | GF=  1.7475 | solve=  1.6250 | scatter=  0.0514
f=     4.750 Hz | ky=  0.212337E-02 | IK=       3/      55 | t=    6.685800 s | CA=  2.5207 | fact=  2.4222 | GF=  1.7428 | solve=  1.6213 | scatter=  0.0502
f=     4.750 Hz | ky=  0.283116E-02 | IK=       4/      55 | t=    6.687700 s | CA=  2.5245 | fact=  2.4195 | GF=  1.7436 | solve=  1.6215 | scatter=  0.0510
f=     4.750 Hz | ky=  0.353895E-02 | IK=       5/      55 | t=    6.673000 s | CA=  2.5065 | fact=  2.4224 | GF=  1.7441 | solve=  1.6210 | scatter=  0.0521
f=     4.750 Hz | ky=  0.424674E-02 | IK=       6/      55 | t=    6.732600 s | CA=  2.5683 | fact=  2.4209 | GF=  1.7433 | solve=  1.6207 | scatter=  0.0512
f=     4.750 Hz | ky=  0.495453E-02 | IK=       7/      55 | t=    6.670500 s | CA=  2.5305 | fact=  2.3975 | GF=  1.7425 | solve=  1.6198 | scatter=  0.0514
f=     4.750 Hz | ky=  0.566232E-02 | IK=       8/      55 | t=    6.692300 s | CA=  2.5271 | fact=  2.4193 | GF=  1.7459 | solve=  1.6235 | scatter=  0.0511
f=     4.750 Hz | ky=  0.637011E-02 | IK=       9/      55 | t=    6.691200 s | CA=  2.5362 | fact=  2.4137 | GF=  1.7413 | solve=  1.6187 | scatter=  0.0514
f=     4.750 Hz | ky=  0.707790E-02 | IK=      10/      55 | t=    6.649800 s | CA=  2.4815 | fact=  2.4233 | GF=  1.7449 | solve=  1.6228 | scatter=  0.0505
PARDISO mem (f=  4.75 Hz): sym=  1.95 GB  perm=  1.42 GB  num=  3.22 GB  
peak=  4.64 GB
 WD_amp= 6.40691E+13  RESID_RMS= 1.00020E-03  FCOST_DATA= 5.00197E-07  FCOST0= 5.00197E-07
BT: alpha=  3.3504E-03  phi=  5.0020E-07  rhs=  4.9743E-07
 UPDATEPARAMETER: f-scale only
UPDATEPARAMETER PAR_STEP min/max, V_STEP min/max =  4.5090000000E+01  9.7262706127E+01
  4.5090000000E+01  9.7262706127E+01
 running run_ik_loop_pardiso
before CA | VmRSS=  16.318 GB  VmHWM=  95.099 GB
after CA | VmRSS=  17.375 GB  VmHWM=  95.099 GB
after factor | VmRSS=  21.144 GB  VmHWM=  95.099 GB
f=     4.750 Hz | ky=  0.707790E-03 | IK=       1/      55 | t=   16.909400 s | CA=  2.4591 | fact= 12.6107 | GF=  1.8394 | solve=  1.6875 | scatter=  0.0512
f=     4.750 Hz | ky=  0.141558E-02 | IK=       2/      55 | t=    6.668000 s | CA=  2.5136 | fact=  2.4149 | GF=  1.7395 | solve=  1.6171 | scatter=  0.0510
f=     4.750 Hz | ky=  0.212337E-02 | IK=       3/      55 | t=    6.673100 s | CA=  2.5116 | fact=  2.4193 | GF=  1.7422 | solve=  1.6209 | scatter=  0.0500
f=     4.750 Hz | ky=  0.283116E-02 | IK=       4/      55 | t=    6.738600 s | CA=  2.5786 | fact=  2.4172 | GF=  1.7427 | solve=  1.6219 | scatter=  0.0495
f=     4.750 Hz | ky=  0.353895E-02 | IK=       5/      55 | t=    6.661900 s | CA=  2.5093 | fact=  2.4117 | GF=  1.7409 | solve=  1.6190 | scatter=  0.0506
f=     4.750 Hz | ky=  0.424674E-02 | IK=       6/      55 | t=    6.708700 s | CA=  2.5410 | fact=  2.4248 | GF=  1.7428 | solve=  1.6201 | scatter=  0.0515
f=     4.750 Hz | ky=  0.495453E-02 | IK=       7/      55 | t=    6.721500 s | CA=  2.5550 | fact=  2.4221 | GF=  1.7443 | solve=  1.6207 | scatter=  0.0522
f=     4.750 Hz | ky=  0.566232E-02 | IK=       8/      55 | t=    6.672300 s | CA=  2.5010 | fact=  2.4237 | GF=  1.7476 | solve=  1.6268 | scatter=  0.0496
f=     4.750 Hz | ky=  0.637011E-02 | IK=       9/      55 | t=    6.684400 s | CA=  2.5158 | fact=  2.4225 | GF=  1.7461 | solve=  1.6223 | scatter=  0.0523
f=     4.750 Hz | ky=  0.707790E-02 | IK=      10/      55 | t=    6.669900 s | CA=  2.5087 | fact=  2.4188 | GF=  1.7424 | solve=  1.6201 | scatter=  0.0510
PARDISO mem (f=  4.75 Hz): sym=  1.95 GB  perm=  1.42 GB  num=  3.22 GB  
peak=  4.64 GB
 WD_amp= 6.40691E+13  RESID_RMS= 9.98796E-04  FCOST_DATA= 4.98797E-07  FCOST0= 4.98797E-07
BT: alpha=  1.6752E-03  phi=  4.9880E-07  rhs=  4.9743E-07
 UPDATEPARAMETER: f-scale only
UPDATEPARAMETER PAR_STEP min/max, V_STEP min/max =  4.5090000000E+01  9.7266650376E+01
  4.5090000000E+01  9.7266650376E+01
 running run_ik_loop_pardiso
before CA | VmRSS=  16.319 GB  VmHWM=  95.099 GB
after CA | VmRSS=  17.668 GB  VmHWM=  95.099 GB
after factor | VmRSS=  21.428 GB  VmHWM=  95.099 GB
f=     4.750 Hz | ky=  0.707790E-03 | IK=       1/      55 | t=   16.933700 s | CA=  2.4608 | fact= 12.6276 | GF=  1.8451 | solve=  1.6923 | scatter=  0.0522
f=     4.750 Hz | ky=  0.141558E-02 | IK=       2/      55 | t=    6.613000 s | CA=  2.4678 | fact=  2.4048 | GF=  1.7403 | solve=  1.6192 | scatter=  0.0499
f=     4.750 Hz | ky=  0.212337E-02 | IK=       3/      55 | t=    6.643700 s | CA=  2.4916 | fact=  2.4109 | GF=  1.7412 | solve=  1.6189 | scatter=  0.0511
f=     4.750 Hz | ky=  0.283116E-02 | IK=       4/      55 | t=    6.647100 s | CA=  2.4880 | fact=  2.4143 | GF=  1.7448 | solve=  1.6227 | scatter=  0.0507
f=     4.750 Hz | ky=  0.353895E-02 | IK=       5/      55 | t=    6.670800 s | CA=  2.5091 | fact=  2.4230 | GF=  1.7387 | solve=  1.6163 | scatter=  0.0511
f=     4.750 Hz | ky=  0.424674E-02 | IK=       6/      55 | t=    6.624700 s | CA=  2.4584 | fact=  2.4260 | GF=  1.7403 | solve=  1.6180 | scatter=  0.0511
f=     4.750 Hz | ky=  0.495453E-02 | IK=       7/      55 | t=    6.649500 s | CA=  2.4915 | fact=  2.4159 | GF=  1.7420 | solve=  1.6188 | scatter=  0.0520
f=     4.750 Hz | ky=  0.566232E-02 | IK=       8/      55 | t=    6.663200 s | CA=  2.4949 | fact=  2.4244 | GF=  1.7439 | solve=  1.6214 | scatter=  0.0511
f=     4.750 Hz | ky=  0.637011E-02 | IK=       9/      55 | t=    6.701900 s | CA=  2.5463 | fact=  2.4133 | GF=  1.7422 | solve=  1.6202 | scatter=  0.0506
f=     4.750 Hz | ky=  0.707790E-02 | IK=      10/      55 | t=    6.621700 s | CA=  2.4569 | fact=  2.4269 | GF=  1.7379 | solve=  1.6160 | scatter=  0.0504
PARDISO mem (f=  4.75 Hz): sym=  1.95 GB  perm=  1.42 GB  num=  3.22 GB  
peak=  4.64 GB
 WD_amp= 6.40691E+13  RESID_RMS= 9.98108E-04  FCOST_DATA= 4.98110E-07  FCOST0= 4.98110E-07
BT: alpha=  8.3759E-04  phi=  4.9811E-07  rhs=  4.9743E-07
 UPDATEPARAMETER: f-scale only
UPDATEPARAMETER PAR_STEP min/max, V_STEP min/max =  4.5090000000E+01  9.7268622501E+01
  4.5090000000E+01  9.7268622501E+01
 running run_ik_loop_pardiso
before CA | VmRSS=  16.325 GB  VmHWM=  95.099 GB
after CA | VmRSS=  17.683 GB  VmHWM=  95.099 GB
after factor | VmRSS=  21.450 GB  VmHWM=  95.099 GB
f=     4.750 Hz | ky=  0.707790E-03 | IK=       1/      55 | t=   16.912900 s | CA=  2.4716 | fact= 12.6055 | GF=  1.8356 | solve=  1.6841 | scatter=  0.0509
f=     4.750 Hz | ky=  0.141558E-02 | IK=       2/      55 | t=    6.667100 s | CA=  2.5273 | fact=  2.3988 | GF=  1.7409 | solve=  1.6182 | scatter=  0.0516
f=     4.750 Hz | ky=  0.212337E-02 | IK=       3/      55 | t=    6.717800 s | CA=  2.5596 | fact=  2.4139 | GF=  1.7442 | solve=  1.6216 | scatter=  0.0509
f=     4.750 Hz | ky=  0.283116E-02 | IK=       4/      55 | t=    6.615000 s | CA=  2.4731 | fact=  2.3978 | GF=  1.7441 | solve=  1.6217 | scatter=  0.0511
f=     4.750 Hz | ky=  0.353895E-02 | IK=       5/      55 | t=    6.672700 s | CA=  2.5209 | fact=  2.4076 | GF=  1.7442 | solve=  1.6221 | scatter=  0.0509
f=     4.750 Hz | ky=  0.424674E-02 | IK=       6/      55 | t=    6.640200 s | CA=  2.4809 | fact=  2.4199 | GF=  1.7394 | solve=  1.6178 | scatter=  0.0505
f=     4.750 Hz | ky=  0.495453E-02 | IK=       7/      55 | t=    6.699500 s | CA=  2.5409 | fact=  2.4149 | GF=  1.7437 | solve=  1.6203 | scatter=  0.0521
f=     4.750 Hz | ky=  0.566232E-02 | IK=       8/      55 | t=    6.678200 s | CA=  2.5172 | fact=  2.4144 | GF=  1.7465 | solve=  1.6237 | scatter=  0.0514
f=     4.750 Hz | ky=  0.637011E-02 | IK=       9/      55 | t=    6.694500 s | CA=  2.5220 | fact=  2.4307 | GF=  1.7418 | solve=  1.6182 | scatter=  0.0520
f=     4.750 Hz | ky=  0.707790E-02 | IK=      10/      55 | t=    6.627000 s | CA=  2.4913 | fact=  2.3927 | GF=  1.7430 | solve=  1.6204 | scatter=  0.0501
PARDISO mem (f=  4.75 Hz): sym=  1.95 GB  perm=  1.42 GB  num=  3.22 GB  
peak=  4.64 GB
 WD_amp= 6.40691E+13  RESID_RMS= 9.97768E-04  FCOST_DATA= 4.97771E-07  FCOST0= 4.97771E-07
BT: alpha=  4.1880E-04  phi=  4.9777E-07  rhs=  4.9743E-07
 UPDATEPARAMETER: f-scale only
UPDATEPARAMETER PAR_STEP min/max, V_STEP min/max =  4.5090000000E+01  9.7269608563E+01
  4.5090000000E+01  9.7269608563E+01
 running run_ik_loop_pardiso
before CA | VmRSS=  16.315 GB  VmHWM=  95.099 GB
after CA | VmRSS=  17.671 GB  VmHWM=  95.099 GB
after factor | VmRSS=  21.439 GB  VmHWM=  95.099 GB
f=     4.750 Hz | ky=  0.707790E-03 | IK=       1/      55 | t=   16.915800 s | CA=  2.4513 | fact= 12.6230 | GF=  1.8413 | solve=  1.6893 | scatter=  0.0514
f=     4.750 Hz | ky=  0.141558E-02 | IK=       2/      55 | t=    6.632900 s | CA=  2.5029 | fact=  2.3900 | GF=  1.7399 | solve=  1.6192 | scatter=  0.0495
f=     4.750 Hz | ky=  0.212337E-02 | IK=       3/      55 | t=    6.670700 s | CA=  2.5029 | fact=  2.4284 | GF=  1.7393 | solve=  1.6169 | scatter=  0.0512
f=     4.750 Hz | ky=  0.283116E-02 | IK=       4/      55 | t=    6.683100 s | CA=  2.5173 | fact=  2.4260 | GF=  1.7397 | solve=  1.6170 | scatter=  0.0516
f=     4.750 Hz | ky=  0.353895E-02 | IK=       5/      55 | t=    6.693200 s | CA=  2.5274 | fact=  2.4192 | GF=  1.7466 | solve=  1.6227 | scatter=  0.0523
f=     4.750 Hz | ky=  0.424674E-02 | IK=       6/      55 | t=    6.633500 s | CA=  2.5072 | fact=  2.3870 | GF=  1.7392 | solve=  1.6160 | scatter=  0.0519
f=     4.750 Hz | ky=  0.495453E-02 | IK=       7/      55 | t=    6.696100 s | CA=  2.5267 | fact=  2.4265 | GF=  1.7429 | solve=  1.6203 | scatter=  0.0515
f=     4.750 Hz | ky=  0.566232E-02 | IK=       8/      55 | t=    6.637500 s | CA=  2.4717 | fact=  2.4254 | GF=  1.7403 | solve=  1.6184 | scatter=  0.0507
f=     4.750 Hz | ky=  0.637011E-02 | IK=       9/      55 | t=    6.652500 s | CA=  2.4868 | fact=  2.4226 | GF=  1.7431 | solve=  1.6199 | scatter=  0.0519
f=     4.750 Hz | ky=  0.707790E-02 | IK=      10/      55 | t=    6.659800 s | CA=  2.4986 | fact=  2.4211 | GF=  1.7400 | solve=  1.6168 | scatter=  0.0517
PARDISO mem (f=  4.75 Hz): sym=  1.95 GB  perm=  1.42 GB  num=  3.22 GB  
peak=  4.64 GB
 WD_amp= 6.40691E+13  RESID_RMS= 9.97599E-04  FCOST_DATA= 4.97602E-07  FCOST0= 4.97602E-07
BT: alpha=  2.0940E-04  phi=  4.9760E-07  rhs=  4.9743E-07
 UPDATEPARAMETER: f-scale only
UPDATEPARAMETER PAR_STEP min/max, V_STEP min/max =  4.5090000000E+01  9.7270101594E+01
  4.5090000000E+01  9.7270101594E+01
 running run_ik_loop_pardiso
before CA | VmRSS=  16.934 GB  VmHWM=  95.099 GB
after CA | VmRSS=  17.739 GB  VmHWM=  95.099 GB
after factor | VmRSS=  21.503 GB  VmHWM=  95.099 GB
f=     4.750 Hz | ky=  0.707790E-03 | IK=       1/      55 | t=   17.021900 s | CA=  2.5778 | fact= 12.6031 | GF=  1.8408 | solve=  1.6900 | scatter=  0.0501
f=     4.750 Hz | ky=  0.141558E-02 | IK=       2/      55 | t=    6.649800 s | CA=  2.4924 | fact=  2.4198 | GF=  1.7376 | solve=  1.6162 | scatter=  0.0503
f=     4.750 Hz | ky=  0.212337E-02 | IK=       3/      55 | t=    6.673700 s | CA=  2.5060 | fact=  2.4245 | GF=  1.7432 | solve=  1.6213 | scatter=  0.0507
f=     4.750 Hz | ky=  0.283116E-02 | IK=       4/      55 | t=    6.602700 s | CA=  2.4748 | fact=  2.3897 | GF=  1.7382 | solve=  1.6164 | scatter=  0.0507
f=     4.750 Hz | ky=  0.353895E-02 | IK=       5/      55 | t=    6.671400 s | CA=  2.5047 | fact=  2.4195 | GF=  1.7472 | solve=  1.6251 | scatter=  0.0509
f=     4.750 Hz | ky=  0.424674E-02 | IK=       6/      55 | t=    6.640200 s | CA=  2.4709 | fact=  2.4283 | GF=  1.7410 | solve=  1.6189 | scatter=  0.0508
f=     4.750 Hz | ky=  0.495453E-02 | IK=       7/      55 | t=    6.669900 s | CA=  2.5085 | fact=  2.4178 | GF=  1.7435 | solve=  1.6212 | scatter=  0.0511
f=     4.750 Hz | ky=  0.566232E-02 | IK=       8/      55 | t=    6.636500 s | CA=  2.4731 | fact=  2.4190 | GF=  1.7443 | solve=  1.6214 | scatter=  0.0517
f=     4.750 Hz | ky=  0.637011E-02 | IK=       9/      55 | t=    6.688400 s | CA=  2.5189 | fact=  2.4254 | GF=  1.7441 | solve=  1.6226 | scatter=  0.0500
f=     4.750 Hz | ky=  0.707790E-02 | IK=      10/      55 | t=    6.659300 s | CA=  2.4876 | fact=  2.4265 | GF=  1.7452 | solve=  1.6242 | scatter=  0.0497
PARDISO mem (f=  4.75 Hz): sym=  1.95 GB  perm=  1.42 GB  num=  3.22 GB  
peak=  4.64 GB
 WD_amp= 6.40691E+13  RESID_RMS= 9.97514E-04  FCOST_DATA= 4.97517E-07  FCOST0= 4.97517E-07
BT: alpha=  1.0470E-04  phi=  4.9752E-07  rhs=  4.9743E-07
 UPDATEPARAMETER: f-scale only
UPDATEPARAMETER PAR_STEP min/max, V_STEP min/max =  4.5090000000E+01  9.7270348110E+01
  4.5090000000E+01  9.7270348110E+01
 running run_ik_loop_pardiso
before CA | VmRSS=  16.916 GB  VmHWM=  95.099 GB
after CA | VmRSS=  17.998 GB  VmHWM=  95.099 GB
after factor | VmRSS=  21.765 GB  VmHWM=  95.099 GB
f=     4.750 Hz | ky=  0.707790E-03 | IK=       1/      55 | t=   16.891800 s | CA=  2.4472 | fact= 12.6073 | GF=  1.8371 | solve=  1.6856 | scatter=  0.0495
f=     4.750 Hz | ky=  0.141558E-02 | IK=       2/      55 | t=    6.637700 s | CA=  2.4781 | fact=  2.4174 | GF=  1.7422 | solve=  1.6203 | scatter=  0.0507
f=     4.750 Hz | ky=  0.212337E-02 | IK=       3/      55 | t=    6.643300 s | CA=  2.4725 | fact=  2.4265 | GF=  1.7443 | solve=  1.6218 | scatter=  0.0513
f=     4.750 Hz | ky=  0.283116E-02 | IK=       4/      55 | t=    6.692000 s | CA=  2.5387 | fact=  2.4109 | GF=  1.7423 | solve=  1.6199 | scatter=  0.0511
f=     4.750 Hz | ky=  0.353895E-02 | IK=       5/      55 | t=    6.642500 s | CA=  2.4820 | fact=  2.4209 | GF=  1.7396 | solve=  1.6170 | scatter=  0.0514
f=     4.750 Hz | ky=  0.424674E-02 | IK=       6/      55 | t=    6.641700 s | CA=  2.5201 | fact=  2.3818 | GF=  1.7398 | solve=  1.6177 | scatter=  0.0510
f=     4.750 Hz | ky=  0.495453E-02 | IK=       7/      55 | t=    6.655700 s | CA=  2.4862 | fact=  2.4246 | GF=  1.7448 | solve=  1.6214 | scatter=  0.0517
f=     4.750 Hz | ky=  0.566232E-02 | IK=       8/      55 | t=    6.655900 s | CA=  2.4856 | fact=  2.4232 | GF=  1.7471 | solve=  1.6239 | scatter=  0.0519
f=     4.750 Hz | ky=  0.637011E-02 | IK=       9/      55 | t=    6.640900 s | CA=  2.4817 | fact=  2.4165 | GF=  1.7427 | solve=  1.6206 | scatter=  0.0508
f=     4.750 Hz | ky=  0.707790E-02 | IK=      10/      55 | t=    6.681400 s | CA=  2.5074 | fact=  2.4278 | GF=  1.7462 | solve=  1.6237 | scatter=  0.0512
PARDISO mem (f=  4.75 Hz): sym=  1.95 GB  perm=  1.42 GB  num=  3.22 GB  
peak=  4.64 GB
 WD_amp= 6.40691E+13  RESID_RMS= 9.97472E-04  FCOST_DATA= 4.97475E-07  FCOST0= 4.97475E-07
BT: alpha=  5.2350E-05  phi=  4.9748E-07  rhs=  4.9743E-07
 UPDATEPARAMETER: f-scale only
UPDATEPARAMETER PAR_STEP min/max, V_STEP min/max =  4.5090000000E+01  9.7270471368E+01
  4.5090000000E+01  9.7270471368E+01
 running run_ik_loop_pardiso
before CA | VmRSS=  16.338 GB  VmHWM=  95.099 GB
after CA | VmRSS=  17.681 GB  VmHWM=  95.099 GB
after factor | VmRSS=  21.446 GB  VmHWM=  95.099 GB
f=     4.750 Hz | ky=  0.707790E-03 | IK=       1/      55 | t=   16.945200 s | CA=  2.4980 | fact= 12.6111 | GF=  1.8359 | solve=  1.6843 | scatter=  0.0511
f=     4.750 Hz | ky=  0.141558E-02 | IK=       2/      55 | t=    6.663000 s | CA=  2.4954 | fact=  2.4233 | GF=  1.7443 | solve=  1.6229 | scatter=  0.0501
f=     4.750 Hz | ky=  0.212337E-02 | IK=       3/      55 | t=    6.627900 s | CA=  2.4715 | fact=  2.4125 | GF=  1.7439 | solve=  1.6203 | scatter=  0.0520
f=     4.750 Hz | ky=  0.283116E-02 | IK=       4/      55 | t=    6.646800 s | CA=  2.4824 | fact=  2.4212 | GF=  1.7431 | solve=  1.6202 | scatter=  0.0518
f=     4.750 Hz | ky=  0.353895E-02 | IK=       5/      55 | t=    6.687000 s | CA=  2.5237 | fact=  2.4215 | GF=  1.7417 | solve=  1.6187 | scatter=  0.0519
f=     4.750 Hz | ky=  0.424674E-02 | IK=       6/      55 | t=    6.621200 s | CA=  2.4652 | fact=  2.4131 | GF=  1.7429 | solve=  1.6187 | scatter=  0.0524
f=     4.750 Hz | ky=  0.495453E-02 | IK=       7/      55 | t=    6.655300 s | CA=  2.4971 | fact=  2.4204 | GF=  1.7378 | solve=  1.6156 | scatter=  0.0510
f=     4.750 Hz | ky=  0.566232E-02 | IK=       8/      55 | t=    6.648300 s | CA=  2.4827 | fact=  2.4218 | GF=  1.7438 | solve=  1.6218 | scatter=  0.0505
f=     4.750 Hz | ky=  0.637011E-02 | IK=       9/      55 | t=    6.663800 s | CA=  2.4887 | fact=  2.4278 | GF=  1.7473 | solve=  1.6241 | scatter=  0.0520
f=     4.750 Hz | ky=  0.707790E-02 | IK=      10/      55 | t=    6.686500 s | CA=  2.5221 | fact=  2.4192 | GF=  1.7452 | solve=  1.6212 | scatter=  0.0528
PARDISO mem (f=  4.75 Hz): sym=  1.95 GB  perm=  1.42 GB  num=  3.22 GB  
peak=  4.64 GB
 WD_amp= 6.40691E+13  RESID_RMS= 9.97451E-04  FCOST_DATA= 4.97454E-07  FCOST0= 4.97454E-07
BT: alpha=  2.6175E-05  phi=  4.9745E-07  rhs=  4.9743E-07
 UPDATEPARAMETER: f-scale only
UPDATEPARAMETER PAR_STEP min/max, V_STEP min/max =  4.5090000000E+01  9.7270547535E+01
  4.5090000000E+01  9.7270547535E+01
 running run_ik_loop_pardiso
before CA | VmRSS=  16.908 GB  VmHWM=  95.099 GB
after CA | VmRSS=  17.720 GB  VmHWM=  95.099 GB
after factor | VmRSS=  21.477 GB  VmHWM=  95.099 GB
f=     4.750 Hz | ky=  0.707790E-03 | IK=       1/      55 | t=   16.907900 s | CA=  2.4496 | fact= 12.6162 | GF=  1.8419 | solve=  1.6902 | scatter=  0.0511
f=     4.750 Hz | ky=  0.141558E-02 | IK=       2/      55 | t=    6.637400 s | CA=  2.4759 | fact=  2.4190 | GF=  1.7424 | solve=  1.6204 | scatter=  0.0508
f=     4.750 Hz | ky=  0.212337E-02 | IK=       3/      55 | t=    6.606300 s | CA=  2.4457 | fact=  2.4155 | GF=  1.7450 | solve=  1.6226 | scatter=  0.0511
f=     4.750 Hz | ky=  0.283116E-02 | IK=       4/      55 | t=    6.655200 s | CA=  2.5233 | fact=  2.3878 | GF=  1.7441 | solve=  1.6217 | scatter=  0.0511
f=     4.750 Hz | ky=  0.353895E-02 | IK=       5/      55 | t=    6.628100 s | CA=  2.5015 | fact=  2.3852 | GF=  1.7414 | solve=  1.6195 | scatter=  0.0507
f=     4.750 Hz | ky=  0.424674E-02 | IK=       6/      55 | t=    6.686300 s | CA=  2.5240 | fact=  2.4181 | GF=  1.7442 | solve=  1.6226 | scatter=  0.0503
f=     4.750 Hz | ky=  0.495453E-02 | IK=       7/      55 | t=    6.668700 s | CA=  2.5042 | fact=  2.4161 | GF=  1.7484 | solve=  1.6265 | scatter=  0.0508
f=     4.750 Hz | ky=  0.566232E-02 | IK=       8/      55 | t=    6.655100 s | CA=  2.4977 | fact=  2.4164 | GF=  1.7409 | solve=  1.6194 | scatter=  0.0503
f=     4.750 Hz | ky=  0.637011E-02 | IK=       9/      55 | t=    6.657500 s | CA=  2.4893 | fact=  2.4171 | GF=  1.7510 | solve=  1.6295 | scatter=  0.0503
f=     4.750 Hz | ky=  0.707790E-02 | IK=      10/      55 | t=    6.687000 s | CA=  2.5169 | fact=  2.4253 | GF=  1.7448 | solve=  1.6230 | scatter=  0.0504
PARDISO mem (f=  4.75 Hz): sym=  1.95 GB  perm=  1.42 GB  num=  3.22 GB  
peak=  4.64 GB
 WD_amp= 6.40691E+13  RESID_RMS= 9.97438E-04  FCOST_DATA= 4.97441E-07  FCOST0= 4.97441E-07
 Backtrack: failed after MAX_IT
 Line search failed (IFLAG=          11 ), inversion diverged.
 --------- Frequency   5.20000000000000       (band            1 )
[ComputeAcqWeight] empty acq_weight_file, using uniform weights = 1.0
Data weighting computed for frequency 4607182418800017373
Data weighting computed for frequency 4607182418800017373
Data weighting computed for frequency 4607182418800017373
Data weighting computed for frequency 4607182418800017373
XSRmin, XSRmax, ZSRmin, ZSRMax -1960.000000000000 .000000000000000 2050.000000000000 4030.000000000000
1 FKYC
Data weighting computed for frequency 4607182418800017373
Data weighting computed for frequency 4607182418800017373
1.2 FKYC
my_rank, FKYC,WLMAX, RMAX 0 .4261638730087023E-01 985.1497682389943 2786.036611389018
1.1 NK
NK in cky2= 55

  Number of wavenumber samples (NK) for FREQ =   55
  RMAX = 2786.04
--- Pre-solver preview (memory + RHS workload) ---
   GQG dims: NNX=       585  NNZ=       317  NPT=    185445
   DOF:     N=3*NPT =    556335
   Sources: NSR=       100  NSS=        20  NK=        55
   RHS total (per IK): nrhs_tot=3*NSS =        60
   Batch:    MAX_RHS_BATCH=        32  nbatches=         2
   GFMY  (GFX+GFY+GFZ):         13.679 GB
   RHS_MY(rhs+sol buffers):      0.531 GB
 
 running run_ik_loop_pardiso
before CA | VmRSS=  15.484 GB  VmHWM=  95.099 GB
after CA | VmRSS=  16.959 GB  VmHWM=  95.099 GB
after factor | VmRSS=  20.721 GB  VmHWM=  95.099 GB
f=     5.200 Hz | ky=  0.774843E-03 | IK=       1/      55 | t=   17.000600 s | CA=  2.5527 | fact= 12.6109 | GF=  1.8368 | solve=  1.6851 | scatter=  0.0511
f=     5.200 Hz | ky=  0.154969E-02 | IK=       2/      55 | t=    6.631100 s | CA=  2.4676 | fact=  2.4235 | GF=  1.7399 | solve=  1.6191 | scatter=  0.0493
f=     5.200 Hz | ky=  0.232453E-02 | IK=       3/      55 | t=    6.646500 s | CA=  2.4864 | fact=  2.4174 | GF=  1.7427 | solve=  1.6196 | scatter=  0.0519
f=     5.200 Hz | ky=  0.309937E-02 | IK=       4/      55 | t=    6.650700 s | CA=  2.4944 | fact=  2.4182 | GF=  1.7381 | solve=  1.6167 | scatter=  0.0501
f=     5.200 Hz | ky=  0.387422E-02 | IK=       5/      55 | t=    6.690600 s | CA=  2.5369 | fact=  2.4139 | GF=  1.7398 | solve=  1.6184 | scatter=  0.0500
f=     5.200 Hz | ky=  0.464906E-02 | IK=       6/      55 | t=    6.659500 s | CA=  2.4929 | fact=  2.4244 | GF=  1.7422 | solve=  1.6212 | scatter=  0.0495
f=     5.200 Hz | ky=  0.542390E-02 | IK=       7/      55 | t=    6.693800 s | CA=  2.5390 | fact=  2.4092 | GF=  1.7455 | solve=  1.6232 | scatter=  0.0512
f=     5.200 Hz | ky=  0.619875E-02 | IK=       8/      55 | t=    6.672300 s | CA=  2.5071 | fact=  2.4213 | GF=  1.7438 | solve=  1.6219 | scatter=  0.0503
f=     5.200 Hz | ky=  0.697359E-02 | IK=       9/      55 | t=    6.633900 s | CA=  2.4833 | fact=  2.4106 | GF=  1.7400 | solve=  1.6192 | scatter=  0.0495
f=     5.200 Hz | ky=  0.774843E-02 | IK=      10/      55 | t=    6.666400 s | CA=  2.5073 | fact=  2.4173 | GF=  1.7418 | solve=  1.6199 | scatter=  0.0504
PARDISO mem (f=  5.20 Hz): sym=  1.95 GB  perm=  1.42 GB  num=  3.22 GB  
peak=  4.64 GB
t_global   =    108.006 s
TIME for 1st forward modeling =  1.800106684366862  min
TIME for GT0 =  .4985000193119049E-02  min
Data scaler W for L2 norm: 66886451458744.52
Data scaler W for WQS norm: .1007948000807317E-312
Total number of active inversion parameters for current sequential stage (IM):          1
Total model blocks points (NM = IM * NBLOCK):      11534 on grid (NMM = IM * NPT):    185445
 Gradient balance ():   1.00000000000000        1.00000000000000     
   1.00000000000000        1.00000000000000        1.00000000000000     
   1.00000000000000        1.00000000000000        1.00000000000000     
   1.00000000000000        1.00000000000000        1.00000000000000     
 IE0, IZ          30           0
 IE0, IZ, GZ1, GZ2 =           30           0   100.000000000000     
   300.000000000000     
  
 Frequency:           7 Iteration:           1
--- Pre-solver preview (memory + RHS workload) ---
   GQG dims: NNX=       585  NNZ=       317  NPT=    185445
   DOF:     N=3*NPT =    556335
   Sources: NSR=       100  NSS=       100  NK=        55
   RHS total (per IK): nrhs_tot=3*NSS =       300
   Batch:    MAX_RHS_BATCH=        32  nbatches=        10
   GFMY  (GFX+GFY+GFZ):         68.393 GB
   RHS_MY(rhs+sol buffers):      0.531 GB
 
 running run_ik_loop_pardiso
before CA | VmRSS=  71.001 GB  VmHWM=  95.099 GB
after CA | VmRSS=  72.243 GB  VmHWM=  95.099 GB
after factor | VmRSS=  76.008 GB  VmHWM=  95.099 GB
f=     5.200 Hz | ky=  0.774843E-03 | IK=       1/      55 | t=   23.771500 s | CA=  2.5248 | fact= 12.6172 | GF=  8.6293 | solve=  7.9862 | scatter=  0.2509
f=     5.200 Hz | ky=  0.154969E-02 | IK=       2/      55 | t=   13.476100 s | CA=  2.5179 | fact=  2.4166 | GF=  8.5416 | solve=  7.9285 | scatter=  0.2509
f=     5.200 Hz | ky=  0.232453E-02 | IK=       3/      55 | t=   13.457100 s | CA=  2.5188 | fact=  2.4048 | GF=  8.5334 | solve=  7.9214 | scatter=  0.2500
f=     5.200 Hz | ky=  0.309937E-02 | IK=       4/      55 | t=   13.416300 s | CA=  2.4688 | fact=  2.4121 | GF=  8.5354 | solve=  7.9202 | scatter=  0.2532
f=     5.200 Hz | ky=  0.387422E-02 | IK=       5/      55 | t=   13.427800 s | CA=  2.4596 | fact=  2.4163 | GF=  8.5519 | solve=  7.9417 | scatter=  0.2484
f=     5.200 Hz | ky=  0.464906E-02 | IK=       6/      55 | t=   13.430000 s | CA=  2.4649 | fact=  2.4240 | GF=  8.5411 | solve=  7.9287 | scatter=  0.2503
f=     5.200 Hz | ky=  0.542390E-02 | IK=       7/      55 | t=   13.461000 s | CA=  2.5011 | fact=  2.4164 | GF=  8.5435 | solve=  7.9296 | scatter=  0.2510
f=     5.200 Hz | ky=  0.619875E-02 | IK=       8/      55 | t=   13.491600 s | CA=  2.5015 | fact=  2.4236 | GF=  8.5664 | solve=  7.9548 | scatter=  0.2486
f=     5.200 Hz | ky=  0.697359E-02 | IK=       9/      55 | t=   13.520700 s | CA=  2.5263 | fact=  2.4237 | GF=  8.5707 | solve=  7.9543 | scatter=  0.2534
f=     5.200 Hz | ky=  0.774843E-02 | IK=      10/      55 | t=   13.554200 s | CA=  2.5788 | fact=  2.4185 | GF=  8.5568 | solve=  7.9442 | scatter=  0.2499
PARDISO mem (f=  5.20 Hz): sym=  1.95 GB  perm=  1.42 GB  num=  3.22 GB  
peak=  4.64 GB
t_global   =    298.989 s
TIME for 2d forward modeling_i calc =  4.981605021158854 min
Rank    4 -> ID range:   3201 to   4000 | Tasks:    800
Rank    5 -> ID range:   4001 to   4800 | Tasks:    800
Rank    2 -> ID range:   1601 to   2400 | Tasks:    800
Rank    1 -> ID range:    801 to   1600 | Tasks:    800
Rank    3 -> ID range:   2401 to   3200 | Tasks:    800
  
 -------------- calculate Frechet derivatives -----------
 IFREQ =           7    ITERATION =           1
Frechet memory size Frec_my:      0.825 (Gb)
Rank    0 -> ID range:      1 to    800 | Tasks:    800
FREQ:      5.2 Hz, ITER=       1  Frechet Derivative ID=     100/    4800 Finished   0.198000 s
FREQ:      5.2 Hz, ITER=       1  Frechet Derivative ID=     200/    4800 Finished   0.197600 s
FREQ:      5.2 Hz, ITER=       1  Frechet Derivative ID=     300/    4800 Finished   0.196500 s
FREQ:      5.2 Hz, ITER=       1  Frechet Derivative ID=     400/    4800 Finished   0.184600 s
FREQ:      5.2 Hz, ITER=       1  Frechet Derivative ID=     500/    4800 Finished   0.210700 s
FREQ:      5.2 Hz, ITER=       1  Frechet Derivative ID=     600/    4800 Finished   0.198200 s
FREQ:      5.2 Hz, ITER=       1  Frechet Derivative ID=     700/    4800 Finished   0.211200 s
FREQ:      5.2 Hz, ITER=       1  Frechet Derivative ID=     800/    4800 Finished   0.210500 s
||Frechet||_F=  2.4095E-13max|Frechet|=  2.3793E-18
||Frechet||_F=  2.4095E-13max|Frechet|=  2.3793E-18
||Frechet||_F=  2.4095E-13max|Frechet|=  2.3793E-18
 
TIME for Frechet calc =  3.083200073242188 min
 
m_fine: min=  4.5090E+01  max=  9.7271E+01  mean=  7.7851E+01  ||.||2=  3.4694E+04  size=  185445
m_coarse_prev: min=  4.5136E+01  max=  9.7132E+01  mean=  7.7872E+01  ||.||2=  8.6540E+03  size=   11534
 
  compute the residual and the cost function
 WD_amp= 6.68865E+13  RESID_RMS= 1.13922E-03  FCOST_DATA= 6.48907E-07  FCOST0= 6.48907E-07
||Frechet||_F=  2.4095E-13max|Frechet|=  2.3793E-18
||Frechet||_F=  2.4095E-13max|Frechet|=  2.3793E-18
||Frechet||_F=  2.4095E-13max|Frechet|=  2.3793E-18
IA= 11  H(single F0) min= 0.00000E+00  max= 1.30399E-03
IA= 11  H(F0^2)     min= 0.00000E+00  max= 1.30399E-03
IA= 11  H(single F0) min= 0.00000E+00  max= 1.30399E-03
IA= 11  H(F0^2)     min= 0.00000E+00  max= 1.30399E-03
HESSD: ia=  11  min= 0.00000E+00  max= 1.53331E+05
HESSD: ia=  11  min= 0.00000E+00  max= 1.53331E+05
IA= 11  H(single F0) min= 0.00000E+00  max= 1.30399E-03
IA= 11  H(F0^2)     min= 0.00000E+00  max= 1.30399E-03
HESSD: ia=  11  min= 0.00000E+00  max= 1.53331E+05
IA= 11  H(single F0) min= 0.00000E+00  max= 1.30399E-03
IA= 11  H(F0^2)     min= 0.00000E+00  max= 1.30399E-03
HESSD: ia=  11  min= 0.00000E+00  max= 1.53331E+05
IA= 11  H(single F0) min= 0.00000E+00  max= 1.30399E-03
IA= 11  H(F0^2)     min= 0.00000E+00  max= 1.30399E-03
HESSD: ia=  11  min= 0.00000E+00  max= 1.53331E+05
IA= 11  H(single F0) min= 0.00000E+00  max= 1.30399E-03
IA= 11  H(F0^2)     min= 0.00000E+00  max= 1.30399E-03
HESSD: ia=  11  min= 0.00000E+00  max= 1.53331E+05
Grad block  11 GRAD_SCALED MORM =   2.6471E-05
Raw grad block 11  PAR={Q66}  min= -6.3251E-10  max=  4.8301E-10  L2=  6.0846E-09
Gradient finished
Start LBFGS 
LBFGS steepest step , iter=      1
  g·p = -1.7595E-06  ||p|| =  2.1439E-01
  min(p)= -1.1407E-02  max(p)=  2.0447E-02
LBFGS p_k (unscaled) stats per active parameter:
  IA= 11  PAR={Q66}  min=-5.19774E+01  max= 9.31694E+01  L2= 9.76903E+02
min(p_k)= -1.1407E-02  max(p_k)=  2.0447E-02  ||p_k||=  2.1439E-01
min(p_kf)= -1.1407E-02  max(p_kf)=  2.0447E-02  ||p_kf||=  8.5757E-01
p_k/p_kf  =   2.5000E-01
Start linesearch
BT entry: phi(0)=  6.4891E-07  g·p(0)= -1.7595E-06
 UPDATEPARAMETER: f-scale only
UPDATEPARAMETER PAR_STEP min/max, V_STEP min/max =  1.2806943483E+01  1.5363998113E+02
  1.2806943483E+01  1.5363998113E+02
REL STEP Q      : k= 11 row=  6 rmax_k=  1.5736E+00 row_scale=  9.7271E+01
BT cap probe: rmax1=  1.5736E+00  alpha_cap=  3.1775E-01  alpha00=  1.0000E+00
 UPDATEPARAMETER: f-scale only
UPDATEPARAMETER PAR_STEP min/max, V_STEP min/max =  4.1456975011E+01  1.0540112242E+02
  4.1456975011E+01  1.0540112242E+02
 running run_ik_loop_pardiso
before CA | VmRSS=  16.290 GB  VmHWM=  95.099 GB
after CA | VmRSS=  17.585 GB  VmHWM=  95.099 GB
after factor | VmRSS=  21.344 GB  VmHWM=  95.099 GB
f=     5.200 Hz | ky=  0.774843E-03 | IK=       1/      55 | t=   16.969300 s | CA=  2.4958 | fact= 12.6289 | GF=  1.8443 | solve=  1.6928 | scatter=  0.0503
f=     5.200 Hz | ky=  0.154969E-02 | IK=       2/      55 | t=    6.652600 s | CA=  2.5085 | fact=  2.3999 | GF=  1.7441 | solve=  1.6227 | scatter=  0.0501
f=     5.200 Hz | ky=  0.232453E-02 | IK=       3/      55 | t=    6.720100 s | CA=  2.5488 | fact=  2.4259 | GF=  1.7454 | solve=  1.6239 | scatter=  0.0503
f=     5.200 Hz | ky=  0.309937E-02 | IK=       4/      55 | t=    6.643300 s | CA=  2.4747 | fact=  2.4235 | GF=  1.7451 | solve=  1.6225 | scatter=  0.0514
f=     5.200 Hz | ky=  0.387422E-02 | IK=       5/      55 | t=    6.704700 s | CA=  2.5302 | fact=  2.4221 | GF=  1.7524 | solve=  1.6285 | scatter=  0.0525
f=     5.200 Hz | ky=  0.464906E-02 | IK=       6/      55 | t=    6.651700 s | CA=  2.4830 | fact=  2.4251 | GF=  1.7435 | solve=  1.6223 | scatter=  0.0499
f=     5.200 Hz | ky=  0.542390E-02 | IK=       7/      55 | t=    6.715800 s | CA=  2.5498 | fact=  2.4220 | GF=  1.7440 | solve=  1.6214 | scatter=  0.0510
f=     5.200 Hz | ky=  0.619875E-02 | IK=       8/      55 | t=    6.643300 s | CA=  2.4686 | fact=  2.4333 | GF=  1.7413 | solve=  1.6193 | scatter=  0.0506
f=     5.200 Hz | ky=  0.697359E-02 | IK=       9/      55 | t=    6.648700 s | CA=  2.5116 | fact=  2.3975 | GF=  1.7396 | solve=  1.6178 | scatter=  0.0503
f=     5.200 Hz | ky=  0.774843E-02 | IK=      10/      55 | t=    6.687200 s | CA=  2.5078 | fact=  2.4331 | GF=  1.7463 | solve=  1.6250 | scatter=  0.0498
PARDISO mem (f=  5.20 Hz): sym=  1.95 GB  perm=  1.42 GB  num=  3.22 GB  
peak=  4.64 GB
 WD_amp= 6.68865E+13  RESID_RMS= 2.27020E-03  FCOST_DATA= 2.57690E-06  FCOST0= 2.57690E-06
BT: alpha=  3.1775E-01  phi=  2.5769E-06  rhs=  6.4885E-07
 UPDATEPARAMETER: f-scale only
UPDATEPARAMETER PAR_STEP min/max, V_STEP min/max =  4.3808811111E+01  9.8003262849E+01
  4.3808811111E+01  9.8003262849E+01
 running run_ik_loop_pardiso
before CA | VmRSS=  16.873 GB  VmHWM=  95.099 GB
after CA | VmRSS=  17.835 GB  VmHWM=  95.099 GB
after factor | VmRSS=  21.602 GB  VmHWM=  95.099 GB
f=     5.200 Hz | ky=  0.774843E-03 | IK=       1/      55 | t=   16.897300 s | CA=  2.4668 | fact= 12.5928 | GF=  1.8375 | solve=  1.6863 | scatter=  0.0506
f=     5.200 Hz | ky=  0.154969E-02 | IK=       2/      55 | t=    6.664700 s | CA=  2.5063 | fact=  2.4120 | GF=  1.7464 | solve=  1.6231 | scatter=  0.0518
f=     5.200 Hz | ky=  0.232453E-02 | IK=       3/      55 | t=    6.656200 s | CA=  2.5027 | fact=  2.4152 | GF=  1.7383 | solve=  1.6173 | scatter=  0.0500
f=     5.200 Hz | ky=  0.309937E-02 | IK=       4/      55 | t=    6.624000 s | CA=  2.4688 | fact=  2.4129 | GF=  1.7423 | solve=  1.6208 | scatter=  0.0503
f=     5.200 Hz | ky=  0.387422E-02 | IK=       5/      55 | t=    6.654500 s | CA=  2.4916 | fact=  2.4189 | GF=  1.7440 | solve=  1.6218 | scatter=  0.0509
f=     5.200 Hz | ky=  0.464906E-02 | IK=       6/      55 | t=    6.648300 s | CA=  2.4834 | fact=  2.4248 | GF=  1.7400 | solve=  1.6184 | scatter=  0.0503
f=     5.200 Hz | ky=  0.542390E-02 | IK=       7/      55 | t=    6.651400 s | CA=  2.4858 | fact=  2.4235 | GF=  1.7420 | solve=  1.6214 | scatter=  0.0491
f=     5.200 Hz | ky=  0.619875E-02 | IK=       8/      55 | t=    6.663000 s | CA=  2.4852 | fact=  2.4360 | GF=  1.7418 | solve=  1.6199 | scatter=  0.0502
f=     5.200 Hz | ky=  0.697359E-02 | IK=       9/      55 | t=    6.684000 s | CA=  2.5034 | fact=  2.4342 | GF=  1.7463 | solve=  1.6240 | scatter=  0.0508
f=     5.200 Hz | ky=  0.774843E-02 | IK=      10/      55 | t=    6.611200 s | CA=  2.4621 | fact=  2.4082 | GF=  1.7409 | solve=  1.6195 | scatter=  0.0502
PARDISO mem (f=  5.20 Hz): sym=  1.95 GB  perm=  1.42 GB  num=  3.22 GB  
peak=  4.64 GB
 WD_amp= 6.68865E+13  RESID_RMS= 1.65928E-03  FCOST_DATA= 1.37661E-06  FCOST0= 1.37661E-06
BT: alpha=  1.5887E-01  phi=  1.3766E-06  rhs=  6.4888E-07
 UPDATEPARAMETER: f-scale only
UPDATEPARAMETER PAR_STEP min/max, V_STEP min/max =  4.4749295204E+01  9.7546374945E+01
  4.4749295204E+01  9.7546374945E+01
 running run_ik_loop_pardiso
before CA | VmRSS=  16.312 GB  VmHWM=  95.099 GB
after CA | VmRSS=  17.547 GB  VmHWM=  95.099 GB
after factor | VmRSS=  21.318 GB  VmHWM=  95.099 GB
f=     5.200 Hz | ky=  0.774843E-03 | IK=       1/      55 | t=   17.027200 s | CA=  2.5650 | fact= 12.6182 | GF=  1.8438 | solve=  1.6924 | scatter=  0.0508
f=     5.200 Hz | ky=  0.154969E-02 | IK=       2/      55 | t=    6.660400 s | CA=  2.5051 | fact=  2.4146 | GF=  1.7407 | solve=  1.6188 | scatter=  0.0505
f=     5.200 Hz | ky=  0.232453E-02 | IK=       3/      55 | t=    6.660900 s | CA=  2.5100 | fact=  2.4124 | GF=  1.7385 | solve=  1.6162 | scatter=  0.0513
f=     5.200 Hz | ky=  0.309937E-02 | IK=       4/      55 | t=    6.658500 s | CA=  2.5059 | fact=  2.4160 | GF=  1.7365 | solve=  1.6161 | scatter=  0.0491
f=     5.200 Hz | ky=  0.387422E-02 | IK=       5/      55 | t=    6.694200 s | CA=  2.5364 | fact=  2.4124 | GF=  1.7453 | solve=  1.6237 | scatter=  0.0501
f=     5.200 Hz | ky=  0.464906E-02 | IK=       6/      55 | t=    6.655700 s | CA=  2.4978 | fact=  2.4136 | GF=  1.7442 | solve=  1.6225 | scatter=  0.0504
f=     5.200 Hz | ky=  0.542390E-02 | IK=       7/      55 | t=    6.640000 s | CA=  2.4798 | fact=  2.4163 | GF=  1.7439 | solve=  1.6219 | scatter=  0.0507
f=     5.200 Hz | ky=  0.619875E-02 | IK=       8/      55 | t=    6.735900 s | CA=  2.5725 | fact=  2.4195 | GF=  1.7439 | solve=  1.6220 | scatter=  0.0501
f=     5.200 Hz | ky=  0.697359E-02 | IK=       9/      55 | t=    6.688100 s | CA=  2.5275 | fact=  2.4135 | GF=  1.7471 | solve=  1.6250 | scatter=  0.0509
f=     5.200 Hz | ky=  0.774843E-02 | IK=      10/      55 | t=    6.727400 s | CA=  2.5508 | fact=  2.4248 | GF=  1.7518 | solve=  1.6301 | scatter=  0.0503
PARDISO mem (f=  5.20 Hz): sym=  1.95 GB  perm=  1.42 GB  num=  3.22 GB  
peak=  4.64 GB
 WD_amp= 6.68865E+13  RESID_RMS= 1.37639E-03  FCOST_DATA= 9.47220E-07  FCOST0= 9.47220E-07
BT: alpha=  7.9437E-02  phi=  9.4722E-07  rhs=  6.4889E-07
 UPDATEPARAMETER: f-scale only
UPDATEPARAMETER PAR_STEP min/max, V_STEP min/max =  4.5090000000E+01  9.7317930994E+01
  4.5090000000E+01  9.7317930994E+01
 running run_ik_loop_pardiso
before CA | VmRSS=  16.312 GB  VmHWM=  95.099 GB
after CA | VmRSS=  16.979 GB  VmHWM=  95.099 GB
after factor | VmRSS=  20.750 GB  VmHWM=  95.099 GB
f=     5.200 Hz | ky=  0.774843E-03 | IK=       1/      55 | t=   16.926800 s | CA=  2.4632 | fact= 12.6187 | GF=  1.8446 | solve=  1.6928 | scatter=  0.0509
f=     5.200 Hz | ky=  0.154969E-02 | IK=       2/      55 | t=    6.646200 s | CA=  2.4991 | fact=  2.4078 | GF=  1.7393 | solve=  1.6168 | scatter=  0.0511
f=     5.200 Hz | ky=  0.232453E-02 | IK=       3/      55 | t=    6.625900 s | CA=  2.4926 | fact=  2.3934 | GF=  1.7399 | solve=  1.6176 | scatter=  0.0512
f=     5.200 Hz | ky=  0.309937E-02 | IK=       4/      55 | t=    6.641000 s | CA=  2.4797 | fact=  2.4249 | GF=  1.7364 | solve=  1.6153 | scatter=  0.0496
f=     5.200 Hz | ky=  0.387422E-02 | IK=       5/      55 | t=    6.702800 s | CA=  2.5416 | fact=  2.4183 | GF=  1.7428 | solve=  1.6200 | scatter=  0.0516
f=     5.200 Hz | ky=  0.464906E-02 | IK=       6/      55 | t=    6.613400 s | CA=  2.4751 | fact=  2.3954 | GF=  1.7428 | solve=  1.6224 | scatter=  0.0491
f=     5.200 Hz | ky=  0.542390E-02 | IK=       7/      55 | t=    6.659700 s | CA=  2.5168 | fact=  2.4002 | GF=  1.7427 | solve=  1.6206 | scatter=  0.0508
f=     5.200 Hz | ky=  0.619875E-02 | IK=       8/      55 | t=    6.725300 s | CA=  2.5579 | fact=  2.4143 | GF=  1.7531 | solve=  1.6314 | scatter=  0.0504
f=     5.200 Hz | ky=  0.697359E-02 | IK=       9/      55 | t=    6.630200 s | CA=  2.5180 | fact=  2.3707 | GF=  1.7415 | solve=  1.6193 | scatter=  0.0510
f=     5.200 Hz | ky=  0.774843E-02 | IK=      10/      55 | t=    6.746900 s | CA=  2.5753 | fact=  2.4218 | GF=  1.7497 | solve=  1.6267 | scatter=  0.0514
PARDISO mem (f=  5.20 Hz): sym=  1.95 GB  perm=  1.42 GB  num=  3.22 GB  
peak=  4.64 GB
 WD_amp= 6.68865E+13  RESID_RMS= 1.24940E-03  FCOST_DATA= 7.80497E-07  FCOST0= 7.80497E-07
BT: alpha=  3.9718E-02  phi=  7.8050E-07  rhs=  6.4890E-07
 UPDATEPARAMETER: f-scale only
UPDATEPARAMETER PAR_STEP min/max, V_STEP min/max =  4.5090000000E+01  9.7213424828E+01
  4.5090000000E+01  9.7213424828E+01
 running run_ik_loop_pardiso
before CA | VmRSS=  16.858 GB  VmHWM=  95.099 GB
after CA | VmRSS=  17.532 GB  VmHWM=  95.099 GB
after factor | VmRSS=  21.296 GB  VmHWM=  95.099 GB
f=     5.200 Hz | ky=  0.774843E-03 | IK=       1/      55 | t=   16.970900 s | CA=  2.5105 | fact= 12.6174 | GF=  1.8428 | solve=  1.6908 | scatter=  0.0512
f=     5.200 Hz | ky=  0.154969E-02 | IK=       2/      55 | t=    6.694600 s | CA=  2.5386 | fact=  2.4210 | GF=  1.7350 | solve=  1.6147 | scatter=  0.0491
f=     5.200 Hz | ky=  0.232453E-02 | IK=       3/      55 | t=    6.688000 s | CA=  2.5291 | fact=  2.4191 | GF=  1.7398 | solve=  1.6180 | scatter=  0.0502
f=     5.200 Hz | ky=  0.309937E-02 | IK=       4/      55 | t=    6.677500 s | CA=  2.5118 | fact=  2.4215 | GF=  1.7442 | solve=  1.6213 | scatter=  0.0517
f=     5.200 Hz | ky=  0.387422E-02 | IK=       5/      55 | t=    6.649000 s | CA=  2.4904 | fact=  2.4157 | GF=  1.7428 | solve=  1.6203 | scatter=  0.0511
f=     5.200 Hz | ky=  0.464906E-02 | IK=       6/      55 | t=    6.739900 s | CA=  2.5772 | fact=  2.4200 | GF=  1.7427 | solve=  1.6201 | scatter=  0.0513
f=     5.200 Hz | ky=  0.542390E-02 | IK=       7/      55 | t=    6.618200 s | CA=  2.4854 | fact=  2.3916 | GF=  1.7411 | solve=  1.6190 | scatter=  0.0509
f=     5.200 Hz | ky=  0.619875E-02 | IK=       8/      55 | t=    6.677100 s | CA=  2.5157 | fact=  2.4189 | GF=  1.7425 | solve=  1.6211 | scatter=  0.0501
f=     5.200 Hz | ky=  0.697359E-02 | IK=       9/      55 | t=    6.725500 s | CA=  2.5647 | fact=  2.4179 | GF=  1.7429 | solve=  1.6199 | scatter=  0.0517
f=     5.200 Hz | ky=  0.774843E-02 | IK=      10/      55 | t=    6.699200 s | CA=  2.5365 | fact=  2.4184 | GF=  1.7442 | solve=  1.6211 | scatter=  0.0517
PARDISO mem (f=  5.20 Hz): sym=  1.95 GB  perm=  1.42 GB  num=  3.22 GB  
peak=  4.64 GB
 WD_amp= 6.68865E+13  RESID_RMS= 1.19175E-03  FCOST_DATA= 7.10134E-07  FCOST0= 7.10134E-07
BT: alpha=  1.9859E-02  phi=  7.1013E-07  rhs=  6.4890E-07
 UPDATEPARAMETER: f-scale only
UPDATEPARAMETER PAR_STEP min/max, V_STEP min/max =  4.5090000000E+01  9.7232692325E+01
  4.5090000000E+01  9.7232692325E+01
 running run_ik_loop_pardiso
before CA | VmRSS=  16.940 GB  VmHWM=  95.099 GB
after CA | VmRSS=  17.685 GB  VmHWM=  95.099 GB
after factor | VmRSS=  21.454 GB  VmHWM=  95.099 GB
f=     5.200 Hz | ky=  0.774843E-03 | IK=       1/      55 | t=   16.971800 s | CA=  2.5193 | fact= 12.6088 | GF=  1.8436 | solve=  1.6917 | scatter=  0.0513
f=     5.200 Hz | ky=  0.154969E-02 | IK=       2/      55 | t=    6.688600 s | CA=  2.5291 | fact=  2.4164 | GF=  1.7431 | solve=  1.6202 | scatter=  0.0516
f=     5.200 Hz | ky=  0.232453E-02 | IK=       3/      55 | t=    6.672200 s | CA=  2.5148 | fact=  2.4191 | GF=  1.7383 | solve=  1.6170 | scatter=  0.0501
f=     5.200 Hz | ky=  0.309937E-02 | IK=       4/      55 | t=    6.680100 s | CA=  2.5447 | fact=  2.3931 | GF=  1.7422 | solve=  1.6182 | scatter=  0.0527
f=     5.200 Hz | ky=  0.387422E-02 | IK=       5/      55 | t=    6.666900 s | CA=  2.5121 | fact=  2.4143 | GF=  1.7404 | solve=  1.6187 | scatter=  0.0505
f=     5.200 Hz | ky=  0.464906E-02 | IK=       6/      55 | t=    6.679600 s | CA=  2.5198 | fact=  2.4165 | GF=  1.7433 | solve=  1.6221 | scatter=  0.0500
f=     5.200 Hz | ky=  0.542390E-02 | IK=       7/      55 | t=    6.708400 s | CA=  2.5440 | fact=  2.4222 | GF=  1.7422 | solve=  1.6191 | scatter=  0.0517
f=     5.200 Hz | ky=  0.619875E-02 | IK=       8/      55 | t=    6.669300 s | CA=  2.5238 | fact=  2.4007 | GF=  1.7448 | solve=  1.6227 | scatter=  0.0508
f=     5.200 Hz | ky=  0.697359E-02 | IK=       9/      55 | t=    6.690200 s | CA=  2.5235 | fact=  2.4249 | GF=  1.7418 | solve=  1.6191 | scatter=  0.0509
f=     5.200 Hz | ky=  0.774843E-02 | IK=      10/      55 | t=    6.656700 s | CA=  2.4878 | fact=  2.4257 | GF=  1.7431 | solve=  1.6209 | scatter=  0.0507
PARDISO mem (f=  5.20 Hz): sym=  1.95 GB  perm=  1.42 GB  num=  3.22 GB  
peak=  4.64 GB
 WD_amp= 6.68865E+13  RESID_RMS= 1.16478E-03  FCOST_DATA= 6.78355E-07  FCOST0= 6.78355E-07
BT: alpha=  9.9296E-03  phi=  6.7836E-07  rhs=  6.4891E-07
 UPDATEPARAMETER: f-scale only
UPDATEPARAMETER PAR_STEP min/max, V_STEP min/max =  4.5090000000E+01  9.7251643475E+01
  4.5090000000E+01  9.7251643475E+01
 running run_ik_loop_pardiso
before CA | VmRSS=  16.925 GB  VmHWM=  95.099 GB
after CA | VmRSS=  17.208 GB  VmHWM=  95.099 GB
after factor | VmRSS=  20.971 GB  VmHWM=  95.099 GB
f=     5.200 Hz | ky=  0.774843E-03 | IK=       1/      55 | t=   16.960700 s | CA=  2.4894 | fact= 12.6330 | GF=  1.8381 | solve=  1.6871 | scatter=  0.0503
f=     5.200 Hz | ky=  0.154969E-02 | IK=       2/      55 | t=    6.705200 s | CA=  2.5788 | fact=  2.3870 | GF=  1.7393 | solve=  1.6185 | scatter=  0.0497
f=     5.200 Hz | ky=  0.232453E-02 | IK=       3/      55 | t=    6.693100 s | CA=  2.5311 | fact=  2.4194 | GF=  1.7425 | solve=  1.6204 | scatter=  0.0509
f=     5.200 Hz | ky=  0.309937E-02 | IK=       4/      55 | t=    6.702200 s | CA=  2.5332 | fact=  2.4250 | GF=  1.7439 | solve=  1.6223 | scatter=  0.0504
f=     5.200 Hz | ky=  0.387422E-02 | IK=       5/      55 | t=    6.634000 s | CA=  2.4696 | fact=  2.4221 | GF=  1.7423 | solve=  1.6197 | scatter=  0.0514
f=     5.200 Hz | ky=  0.464906E-02 | IK=       6/      55 | t=    6.696200 s | CA=  2.5285 | fact=  2.4195 | GF=  1.7482 | solve=  1.6261 | scatter=  0.0507
f=     5.200 Hz | ky=  0.542390E-02 | IK=       7/      55 | t=    6.758200 s | CA=  2.6012 | fact=  2.4198 | GF=  1.7372 | solve=  1.6160 | scatter=  0.0501
f=     5.200 Hz | ky=  0.619875E-02 | IK=       8/      55 | t=    6.657400 s | CA=  2.4941 | fact=  2.4215 | GF=  1.7417 | solve=  1.6197 | scatter=  0.0506
f=     5.200 Hz | ky=  0.697359E-02 | IK=       9/      55 | t=    6.705400 s | CA=  2.5272 | fact=  2.4287 | GF=  1.7495 | solve=  1.6278 | scatter=  0.0503
f=     5.200 Hz | ky=  0.774843E-02 | IK=      10/      55 | t=    6.661200 s | CA=  2.4944 | fact=  2.4216 | GF=  1.7451 | solve=  1.6244 | scatter=  0.0495
PARDISO mem (f=  5.20 Hz): sym=  1.95 GB  perm=  1.42 GB  num=  3.22 GB  
peak=  4.64 GB
 WD_amp= 6.68865E+13  RESID_RMS= 1.15181E-03  FCOST_DATA= 6.63337E-07  FCOST0= 6.63337E-07
BT: alpha=  4.9648E-03  phi=  6.6334E-07  rhs=  6.4891E-07
 UPDATEPARAMETER: f-scale only
UPDATEPARAMETER PAR_STEP min/max, V_STEP min/max =  4.5090000000E+01  9.7261119050E+01
  4.5090000000E+01  9.7261119050E+01
 running run_ik_loop_pardiso
before CA | VmRSS=  16.877 GB  VmHWM=  95.099 GB
after CA | VmRSS=  18.078 GB  VmHWM=  95.099 GB
after factor | VmRSS=  21.851 GB  VmHWM=  95.099 GB
f=     5.200 Hz | ky=  0.774843E-03 | IK=       1/      55 | t=   16.906200 s | CA=  2.4680 | fact= 12.5984 | GF=  1.8396 | solve=  1.6894 | scatter=  0.0497
f=     5.200 Hz | ky=  0.154969E-02 | IK=       2/      55 | t=    6.679400 s | CA=  2.5333 | fact=  2.4070 | GF=  1.7391 | solve=  1.6165 | scatter=  0.0514
f=     5.200 Hz | ky=  0.232453E-02 | IK=       3/      55 | t=    6.634200 s | CA=  2.4759 | fact=  2.4189 | GF=  1.7393 | solve=  1.6179 | scatter=  0.0503
f=     5.200 Hz | ky=  0.309937E-02 | IK=       4/      55 | t=    6.648200 s | CA=  2.4990 | fact=  2.4079 | GF=  1.7412 | solve=  1.6205 | scatter=  0.0496
f=     5.200 Hz | ky=  0.387422E-02 | IK=       5/      55 | t=    6.684400 s | CA=  2.5226 | fact=  2.4199 | GF=  1.7419 | solve=  1.6220 | scatter=  0.0486
f=     5.200 Hz | ky=  0.464906E-02 | IK=       6/      55 | t=    6.677300 s | CA=  2.5136 | fact=  2.4160 | GF=  1.7476 | solve=  1.6266 | scatter=  0.0497
f=     5.200 Hz | ky=  0.542390E-02 | IK=       7/      55 | t=    6.660300 s | CA=  2.4969 | fact=  2.4172 | GF=  1.7462 | solve=  1.6236 | scatter=  0.0513
f=     5.200 Hz | ky=  0.619875E-02 | IK=       8/      55 | t=    6.640300 s | CA=  2.4806 | fact=  2.4175 | GF=  1.7421 | solve=  1.6208 | scatter=  0.0497
f=     5.200 Hz | ky=  0.697359E-02 | IK=       9/      55 | t=    6.646400 s | CA=  2.5231 | fact=  2.3816 | GF=  1.7417 | solve=  1.6202 | scatter=  0.0502
f=     5.200 Hz | ky=  0.774843E-02 | IK=      10/      55 | t=    6.708900 s | CA=  2.5338 | fact=  2.4239 | GF=  1.7512 | solve=  1.6287 | scatter=  0.0512
PARDISO mem (f=  5.20 Hz): sym=  1.95 GB  perm=  1.42 GB  num=  3.22 GB  
peak=  4.64 GB
 WD_amp= 6.68865E+13  RESID_RMS= 1.14547E-03  FCOST_DATA= 6.56048E-07  FCOST0= 6.56048E-07
BT: alpha=  2.4824E-03  phi=  6.5605E-07  rhs=  6.4891E-07
 UPDATEPARAMETER: f-scale only
UPDATEPARAMETER PAR_STEP min/max, V_STEP min/max =  4.5090000000E+01  9.7265856838E+01
  4.5090000000E+01  9.7265856838E+01
 running run_ik_loop_pardiso
before CA | VmRSS=  16.965 GB  VmHWM=  95.099 GB
after CA | VmRSS=  17.992 GB  VmHWM=  95.099 GB
after factor | VmRSS=  21.762 GB  VmHWM=  95.099 GB
f=     5.200 Hz | ky=  0.774843E-03 | IK=       1/      55 | t=   16.961200 s | CA=  2.5267 | fact= 12.5983 | GF=  1.8360 | solve=  1.6851 | scatter=  0.0501
f=     5.200 Hz | ky=  0.154969E-02 | IK=       2/      55 | t=    6.689900 s | CA=  2.5375 | fact=  2.4110 | GF=  1.7413 | solve=  1.6197 | scatter=  0.0505
f=     5.200 Hz | ky=  0.232453E-02 | IK=       3/      55 | t=    6.662800 s | CA=  2.4996 | fact=  2.4191 | GF=  1.7441 | solve=  1.6232 | scatter=  0.0499
f=     5.200 Hz | ky=  0.309937E-02 | IK=       4/      55 | t=    6.659300 s | CA=  2.5192 | fact=  2.3983 | GF=  1.7417 | solve=  1.6203 | scatter=  0.0502
f=     5.200 Hz | ky=  0.387422E-02 | IK=       5/      55 | t=    6.663700 s | CA=  2.5051 | fact=  2.4163 | GF=  1.7423 | solve=  1.6214 | scatter=  0.0498
f=     5.200 Hz | ky=  0.464906E-02 | IK=       6/      55 | t=    6.628000 s | CA=  2.4941 | fact=  2.3955 | GF=  1.7383 | solve=  1.6170 | scatter=  0.0500
f=     5.200 Hz | ky=  0.542390E-02 | IK=       7/      55 | t=    6.692300 s | CA=  2.5292 | fact=  2.4215 | GF=  1.7416 | solve=  1.6209 | scatter=  0.0489
f=     5.200 Hz | ky=  0.619875E-02 | IK=       8/      55 | t=    6.698000 s | CA=  2.5247 | fact=  2.4307 | GF=  1.7425 | solve=  1.6210 | scatter=  0.0500
f=     5.200 Hz | ky=  0.697359E-02 | IK=       9/      55 | t=    6.672700 s | CA=  2.5145 | fact=  2.4181 | GF=  1.7401 | solve=  1.6184 | scatter=  0.0504
f=     5.200 Hz | ky=  0.774843E-02 | IK=      10/      55 | t=    6.659800 s | CA=  2.4961 | fact=  2.4186 | GF=  1.7450 | solve=  1.6241 | scatter=  0.0495
PARDISO mem (f=  5.20 Hz): sym=  1.95 GB  perm=  1.42 GB  num=  3.22 GB  
peak=  4.64 GB
 WD_amp= 6.68865E+13  RESID_RMS= 1.14233E-03  FCOST_DATA= 6.52459E-07  FCOST0= 6.52459E-07
BT: alpha=  1.2412E-03  phi=  6.5246E-07  rhs=  6.4891E-07
 UPDATEPARAMETER: f-scale only
UPDATEPARAMETER PAR_STEP min/max, V_STEP min/max =  4.5090000000E+01  9.7268225732E+01
  4.5090000000E+01  9.7268225732E+01
 running run_ik_loop_pardiso
before CA | VmRSS=  16.315 GB  VmHWM=  95.099 GB
after CA | VmRSS=  16.908 GB  VmHWM=  95.099 GB
after factor | VmRSS=  20.667 GB  VmHWM=  95.099 GB
f=     5.200 Hz | ky=  0.774843E-03 | IK=       1/      55 | t=   16.920500 s | CA=  2.5054 | fact= 12.5801 | GF=  1.8348 | solve=  1.6839 | scatter=  0.0502
f=     5.200 Hz | ky=  0.154969E-02 | IK=       2/      55 | t=    6.620100 s | CA=  2.4674 | fact=  2.4114 | GF=  1.7412 | solve=  1.6189 | scatter=  0.0511
f=     5.200 Hz | ky=  0.232453E-02 | IK=       3/      55 | t=    6.606200 s | CA=  2.4892 | fact=  2.3762 | GF=  1.7408 | solve=  1.6194 | scatter=  0.0502
f=     5.200 Hz | ky=  0.309937E-02 | IK=       4/      55 | t=    6.694500 s | CA=  2.5194 | fact=  2.4300 | GF=  1.7450 | solve=  1.6234 | scatter=  0.0505
f=     5.200 Hz | ky=  0.387422E-02 | IK=       5/      55 | t=    6.700400 s | CA=  2.5514 | fact=  2.4128 | GF=  1.7361 | solve=  1.6139 | scatter=  0.0509
f=     5.200 Hz | ky=  0.464906E-02 | IK=       6/      55 | t=    6.718200 s | CA=  2.5576 | fact=  2.4137 | GF=  1.7469 | solve=  1.6244 | scatter=  0.0510
f=     5.200 Hz | ky=  0.542390E-02 | IK=       7/      55 | t=    6.610800 s | CA=  2.4507 | fact=  2.4220 | GF=  1.7380 | solve=  1.6160 | scatter=  0.0506
f=     5.200 Hz | ky=  0.619875E-02 | IK=       8/      55 | t=    6.675500 s | CA=  2.5068 | fact=  2.4249 | GF=  1.7438 | solve=  1.6218 | scatter=  0.0507
f=     5.200 Hz | ky=  0.697359E-02 | IK=       9/      55 | t=    6.650800 s | CA=  2.4802 | fact=  2.4267 | GF=  1.7438 | solve=  1.6230 | scatter=  0.0496
f=     5.200 Hz | ky=  0.774843E-02 | IK=      10/      55 | t=    6.661900 s | CA=  2.4963 | fact=  2.4247 | GF=  1.7409 | solve=  1.6191 | scatter=  0.0505
PARDISO mem (f=  5.20 Hz): sym=  1.95 GB  perm=  1.42 GB  num=  3.22 GB  
peak=  4.64 GB
 WD_amp= 6.68865E+13  RESID_RMS= 1.14077E-03  FCOST_DATA= 6.50679E-07  FCOST0= 6.50679E-07
BT: alpha=  6.2060E-04  phi=  6.5068E-07  rhs=  6.4891E-07
 UPDATEPARAMETER: f-scale only
UPDATEPARAMETER PAR_STEP min/max, V_STEP min/max =  4.5090000000E+01  9.7269410178E+01
  4.5090000000E+01  9.7269410178E+01
 running run_ik_loop_pardiso
before CA | VmRSS=  16.943 GB  VmHWM=  95.099 GB
after CA | VmRSS=  18.056 GB  VmHWM=  95.099 GB
after factor | VmRSS=  21.817 GB  VmHWM=  95.099 GB
f=     5.200 Hz | ky=  0.774843E-03 | IK=       1/      55 | t=   17.021600 s | CA=  2.5727 | fact= 12.6091 | GF=  1.8396 | solve=  1.6881 | scatter=  0.0511
f=     5.200 Hz | ky=  0.154969E-02 | IK=       2/      55 | t=    6.674500 s | CA=  2.5143 | fact=  2.4191 | GF=  1.7410 | solve=  1.6195 | scatter=  0.0500
f=     5.200 Hz | ky=  0.232453E-02 | IK=       3/      55 | t=    6.640500 s | CA=  2.4820 | fact=  2.4196 | GF=  1.7388 | solve=  1.6178 | scatter=  0.0497
f=     5.200 Hz | ky=  0.309937E-02 | IK=       4/      55 | t=    6.644000 s | CA=  2.4763 | fact=  2.4200 | GF=  1.7476 | solve=  1.6248 | scatter=  0.0513
f=     5.200 Hz | ky=  0.387422E-02 | IK=       5/      55 | t=    6.675000 s | CA=  2.5167 | fact=  2.4183 | GF=  1.7400 | solve=  1.6172 | scatter=  0.0516
f=     5.200 Hz | ky=  0.464906E-02 | IK=       6/      55 | t=    6.644500 s | CA=  2.4852 | fact=  2.4137 | GF=  1.7455 | solve=  1.6224 | scatter=  0.0520
f=     5.200 Hz | ky=  0.542390E-02 | IK=       7/      55 | t=    6.705400 s | CA=  2.5197 | fact=  2.4265 | GF=  1.7592 | solve=  1.6380 | scatter=  0.0496
f=     5.200 Hz | ky=  0.619875E-02 | IK=       8/      55 | t=    6.653800 s | CA=  2.4858 | fact=  2.4245 | GF=  1.7435 | solve=  1.6221 | scatter=  0.0500
f=     5.200 Hz | ky=  0.697359E-02 | IK=       9/      55 | t=    6.689300 s | CA=  2.5206 | fact=  2.4222 | GF=  1.7464 | solve=  1.6241 | scatter=  0.0510
f=     5.200 Hz | ky=  0.774843E-02 | IK=      10/      55 | t=    6.657200 s | CA=  2.4865 | fact=  2.4274 | GF=  1.7433 | solve=  1.6215 | scatter=  0.0506
PARDISO mem (f=  5.20 Hz): sym=  1.95 GB  perm=  1.42 GB  num=  3.22 GB  
peak=  4.64 GB
 WD_amp= 6.68865E+13  RESID_RMS= 1.13999E-03  FCOST_DATA= 6.49792E-07  FCOST0= 6.49792E-07
BT: alpha=  3.1030E-04  phi=  6.4979E-07  rhs=  6.4891E-07
 UPDATEPARAMETER: f-scale only
UPDATEPARAMETER PAR_STEP min/max, V_STEP min/max =  4.5090000000E+01  9.7270002402E+01
  4.5090000000E+01  9.7270002402E+01
 running run_ik_loop_pardiso
before CA | VmRSS=  16.903 GB  VmHWM=  95.099 GB
after CA | VmRSS=  17.560 GB  VmHWM=  95.099 GB
after factor | VmRSS=  21.318 GB  VmHWM=  95.099 GB
f=     5.200 Hz | ky=  0.774843E-03 | IK=       1/      55 | t=   16.926000 s | CA=  2.4683 | fact= 12.6157 | GF=  1.8418 | solve=  1.6912 | scatter=  0.0499
f=     5.200 Hz | ky=  0.154969E-02 | IK=       2/      55 | t=    6.682600 s | CA=  2.5177 | fact=  2.4247 | GF=  1.7402 | solve=  1.6181 | scatter=  0.0509
f=     5.200 Hz | ky=  0.232453E-02 | IK=       3/      55 | t=    6.686800 s | CA=  2.5277 | fact=  2.4179 | GF=  1.7412 | solve=  1.6205 | scatter=  0.0496
f=     5.200 Hz | ky=  0.309937E-02 | IK=       4/      55 | t=    6.640900 s | CA=  2.5113 | fact=  2.3856 | GF=  1.7440 | solve=  1.6219 | scatter=  0.0507
f=     5.200 Hz | ky=  0.387422E-02 | IK=       5/      55 | t=    6.637900 s | CA=  2.5138 | fact=  2.3832 | GF=  1.7409 | solve=  1.6190 | scatter=  0.0506
f=     5.200 Hz | ky=  0.464906E-02 | IK=       6/      55 | t=    6.643200 s | CA=  2.4823 | fact=  2.4172 | GF=  1.7436 | solve=  1.6220 | scatter=  0.0505
f=     5.200 Hz | ky=  0.542390E-02 | IK=       7/      55 | t=    6.649600 s | CA=  2.4861 | fact=  2.4199 | GF=  1.7436 | solve=  1.6221 | scatter=  0.0500
f=     5.200 Hz | ky=  0.619875E-02 | IK=       8/      55 | t=    6.676700 s | CA=  2.5117 | fact=  2.4189 | GF=  1.7461 | solve=  1.6244 | scatter=  0.0504
f=     5.200 Hz | ky=  0.697359E-02 | IK=       9/      55 | t=    6.644300 s | CA=  2.4801 | fact=  2.4120 | GF=  1.7522 | solve=  1.6291 | scatter=  0.0518
f=     5.200 Hz | ky=  0.774843E-02 | IK=      10/      55 | t=    6.645200 s | CA=  2.4788 | fact=  2.4202 | GF=  1.7461 | solve=  1.6243 | scatter=  0.0503
PARDISO mem (f=  5.20 Hz): sym=  1.95 GB  perm=  1.42 GB  num=  3.22 GB  
peak=  4.64 GB
 WD_amp= 6.68865E+13  RESID_RMS= 1.13960E-03  FCOST_DATA= 6.49349E-07  FCOST0= 6.49349E-07
BT: alpha=  1.5515E-04  phi=  6.4935E-07  rhs=  6.4891E-07
 UPDATEPARAMETER: f-scale only
UPDATEPARAMETER PAR_STEP min/max, V_STEP min/max =  4.5090000000E+01  9.7270298514E+01
  4.5090000000E+01  9.7270298514E+01
 running run_ik_loop_pardiso
before CA | VmRSS=  16.326 GB  VmHWM=  95.099 GB
after CA | VmRSS=  16.974 GB  VmHWM=  95.099 GB
after factor | VmRSS=  20.731 GB  VmHWM=  95.099 GB
f=     5.200 Hz | ky=  0.774843E-03 | IK=       1/      55 | t=   16.919700 s | CA=  2.4801 | fact= 12.6025 | GF=  1.8369 | solve=  1.6868 | scatter=  0.0494
f=     5.200 Hz | ky=  0.154969E-02 | IK=       2/      55 | t=    6.666100 s | CA=  2.5096 | fact=  2.4179 | GF=  1.7385 | solve=  1.6175 | scatter=  0.0498
f=     5.200 Hz | ky=  0.232453E-02 | IK=       3/      55 | t=    6.683200 s | CA=  2.5229 | fact=  2.4201 | GF=  1.7402 | solve=  1.6203 | scatter=  0.0486
f=     5.200 Hz | ky=  0.309937E-02 | IK=       4/      55 | t=    6.631900 s | CA=  2.4741 | fact=  2.4211 | GF=  1.7367 | solve=  1.6156 | scatter=  0.0500
f=     5.200 Hz | ky=  0.387422E-02 | IK=       5/      55 | t=    6.708700 s | CA=  2.5450 | fact=  2.4188 | GF=  1.7449 | solve=  1.6226 | scatter=  0.0510
f=     5.200 Hz | ky=  0.464906E-02 | IK=       6/      55 | t=    6.646100 s | CA=  2.4936 | fact=  2.4134 | GF=  1.7390 | solve=  1.6170 | scatter=  0.0508
f=     5.200 Hz | ky=  0.542390E-02 | IK=       7/      55 | t=    6.688400 s | CA=  2.5273 | fact=  2.4212 | GF=  1.7398 | solve=  1.6172 | scatter=  0.0515
f=     5.200 Hz | ky=  0.619875E-02 | IK=       8/      55 | t=    6.634700 s | CA=  2.4710 | fact=  2.4204 | GF=  1.7432 | solve=  1.6208 | scatter=  0.0508
f=     5.200 Hz | ky=  0.697359E-02 | IK=       9/      55 | t=    6.649700 s | CA=  2.4895 | fact=  2.4195 | GF=  1.7407 | solve=  1.6181 | scatter=  0.0510
f=     5.200 Hz | ky=  0.774843E-02 | IK=      10/      55 | t=    6.624600 s | CA=  2.4640 | fact=  2.4136 | GF=  1.7469 | solve=  1.6252 | scatter=  0.0505
PARDISO mem (f=  5.20 Hz): sym=  1.95 GB  perm=  1.42 GB  num=  3.22 GB  
peak=  4.64 GB
 WD_amp= 6.68865E+13  RESID_RMS= 1.13941E-03  FCOST_DATA= 6.49128E-07  FCOST0= 6.49128E-07
BT: alpha=  7.7575E-05  phi=  6.4913E-07  rhs=  6.4891E-07
 UPDATEPARAMETER: f-scale only
UPDATEPARAMETER PAR_STEP min/max, V_STEP min/max =  4.5090000000E+01  9.7270446569E+01
  4.5090000000E+01  9.7270446569E+01
 running run_ik_loop_pardiso
before CA | VmRSS=  16.327 GB  VmHWM=  95.099 GB
after CA | VmRSS=  17.064 GB  VmHWM=  95.099 GB
after factor | VmRSS=  20.834 GB  VmHWM=  95.099 GB
f=     5.200 Hz | ky=  0.774843E-03 | IK=       1/      55 | t=   16.869400 s | CA=  2.4287 | fact= 12.6073 | GF=  1.8331 | solve=  1.6811 | scatter=  0.0508
f=     5.200 Hz | ky=  0.154969E-02 | IK=       2/      55 | t=    6.568700 s | CA=  2.4553 | fact=  2.3746 | GF=  1.7387 | solve=  1.6181 | scatter=  0.0494
f=     5.200 Hz | ky=  0.232453E-02 | IK=       3/      55 | t=    6.604700 s | CA=  2.4545 | fact=  2.4084 | GF=  1.7418 | solve=  1.6209 | scatter=  0.0497
f=     5.200 Hz | ky=  0.309937E-02 | IK=       4/      55 | t=    6.623100 s | CA=  2.4920 | fact=  2.3846 | GF=  1.7465 | solve=  1.6251 | scatter=  0.0503
f=     5.200 Hz | ky=  0.387422E-02 | IK=       5/      55 | t=    6.587000 s | CA=  2.4667 | fact=  2.3833 | GF=  1.7369 | solve=  1.6169 | scatter=  0.0488
f=     5.200 Hz | ky=  0.464906E-02 | IK=       6/      55 | t=    6.624100 s | CA=  2.4667 | fact=  2.4101 | GF=  1.7472 | solve=  1.6247 | scatter=  0.0514
f=     5.200 Hz | ky=  0.542390E-02 | IK=       7/      55 | t=    6.645500 s | CA=  2.4866 | fact=  2.4161 | GF=  1.7428 | solve=  1.6205 | scatter=  0.0511
f=     5.200 Hz | ky=  0.619875E-02 | IK=       8/      55 | t=    6.667800 s | CA=  2.5072 | fact=  2.4221 | GF=  1.7385 | solve=  1.6162 | scatter=  0.0510
f=     5.200 Hz | ky=  0.697359E-02 | IK=       9/      55 | t=    6.691200 s | CA=  2.5301 | fact=  2.4129 | GF=  1.7482 | solve=  1.6254 | scatter=  0.0514
f=     5.200 Hz | ky=  0.774843E-02 | IK=      10/      55 | t=    6.681400 s | CA=  2.5173 | fact=  2.4247 | GF=  1.7394 | solve=  1.6178 | scatter=  0.0504
PARDISO mem (f=  5.20 Hz): sym=  1.95 GB  perm=  1.42 GB  num=  3.22 GB  
peak=  4.64 GB
 WD_amp= 6.68865E+13  RESID_RMS= 1.13931E-03  FCOST_DATA= 6.49018E-07  FCOST0= 6.49018E-07
BT: alpha=  3.8788E-05  phi=  6.4902E-07  rhs=  6.4891E-07
 UPDATEPARAMETER: f-scale only
UPDATEPARAMETER PAR_STEP min/max, V_STEP min/max =  4.5090000000E+01  9.7270520597E+01
  4.5090000000E+01  9.7270520597E+01
 running run_ik_loop_pardiso
before CA | VmRSS=  16.515 GB  VmHWM=  95.099 GB
after CA | VmRSS=  17.097 GB  VmHWM=  95.099 GB
after factor | VmRSS=  20.851 GB  VmHWM=  95.099 GB
f=     5.200 Hz | ky=  0.774843E-03 | IK=       1/      55 | t=   16.943900 s | CA=  2.4842 | fact= 12.6139 | GF=  1.8456 | solve=  1.6948 | scatter=  0.0500
f=     5.200 Hz | ky=  0.154969E-02 | IK=       2/      55 | t=    6.653700 s | CA=  2.4950 | fact=  2.4198 | GF=  1.7389 | solve=  1.6177 | scatter=  0.0501
f=     5.200 Hz | ky=  0.232453E-02 | IK=       3/      55 | t=    6.617100 s | CA=  2.4667 | fact=  2.4103 | GF=  1.7401 | solve=  1.6181 | scatter=  0.0507
f=     5.200 Hz | ky=  0.309937E-02 | IK=       4/      55 | t=    6.659000 s | CA=  2.4969 | fact=  2.4230 | GF=  1.7390 | solve=  1.6168 | scatter=  0.0511
f=     5.200 Hz | ky=  0.387422E-02 | IK=       5/      55 | t=    6.650700 s | CA=  2.4946 | fact=  2.4172 | GF=  1.7389 | solve=  1.6176 | scatter=  0.0501
f=     5.200 Hz | ky=  0.464906E-02 | IK=       6/      55 | t=    6.661700 s | CA=  2.5032 | fact=  2.4180 | GF=  1.7404 | solve=  1.6191 | scatter=  0.0500
f=     5.200 Hz | ky=  0.542390E-02 | IK=       7/      55 | t=    6.657500 s | CA=  2.4877 | fact=  2.4259 | GF=  1.7439 | solve=  1.6214 | scatter=  0.0514
f=     5.200 Hz | ky=  0.619875E-02 | IK=       8/      55 | t=    6.669400 s | CA=  2.5020 | fact=  2.4253 | GF=  1.7420 | solve=  1.6208 | scatter=  0.0500
f=     5.200 Hz | ky=  0.697359E-02 | IK=       9/      55 | t=    6.698000 s | CA=  2.5478 | fact=  2.4117 | GF=  1.7384 | solve=  1.6173 | scatter=  0.0497
f=     5.200 Hz | ky=  0.774843E-02 | IK=      10/      55 | t=    6.675500 s | CA=  2.5073 | fact=  2.4206 | GF=  1.7476 | solve=  1.6252 | scatter=  0.0513
PARDISO mem (f=  5.20 Hz): sym=  1.95 GB  perm=  1.42 GB  num=  3.22 GB  
peak=  4.64 GB
 WD_amp= 6.68865E+13  RESID_RMS= 1.13927E-03  FCOST_DATA= 6.48963E-07  FCOST0= 6.48963E-07
BT: alpha=  1.9394E-05  phi=  6.4896E-07  rhs=  6.4891E-07
 UPDATEPARAMETER: f-scale only
UPDATEPARAMETER PAR_STEP min/max, V_STEP min/max =  4.5090000000E+01  9.7270556454E+01
  4.5090000000E+01  9.7270556454E+01
 running run_ik_loop_pardiso
before CA | VmRSS=  16.839 GB  VmHWM=  95.099 GB
after CA | VmRSS=  16.993 GB  VmHWM=  95.099 GB
after factor | VmRSS=  20.758 GB  VmHWM=  95.099 GB
f=     5.200 Hz | ky=  0.774843E-03 | IK=       1/      55 | t=   16.920300 s | CA=  2.4660 | fact= 12.6163 | GF=  1.8378 | solve=  1.6863 | scatter=  0.0507
f=     5.200 Hz | ky=  0.154969E-02 | IK=       2/      55 | t=    6.629900 s | CA=  2.4991 | fact=  2.3911 | GF=  1.7397 | solve=  1.6186 | scatter=  0.0499
f=     5.200 Hz | ky=  0.232453E-02 | IK=       3/      55 | t=    6.639800 s | CA=  2.4924 | fact=  2.4060 | GF=  1.7413 | solve=  1.6206 | scatter=  0.0496
f=     5.200 Hz | ky=  0.309937E-02 | IK=       4/      55 | t=    6.612900 s | CA=  2.4849 | fact=  2.3878 | GF=  1.7401 | solve=  1.6173 | scatter=  0.0516
f=     5.200 Hz | ky=  0.387422E-02 | IK=       5/      55 | t=    6.648400 s | CA=  2.4992 | fact=  2.4142 | GF=  1.7350 | solve=  1.6130 | scatter=  0.0509
f=     5.200 Hz | ky=  0.464906E-02 | IK=       6/      55 | t=    6.661200 s | CA=  2.4977 | fact=  2.4187 | GF=  1.7448 | solve=  1.6221 | scatter=  0.0514
f=     5.200 Hz | ky=  0.542390E-02 | IK=       7/      55 | t=    6.670900 s | CA=  2.5086 | fact=  2.4212 | GF=  1.7411 | solve=  1.6203 | scatter=  0.0492
f=     5.200 Hz | ky=  0.619875E-02 | IK=       8/      55 | t=    6.637300 s | CA=  2.4739 | fact=  2.4256 | GF=  1.7378 | solve=  1.6169 | scatter=  0.0497
f=     5.200 Hz | ky=  0.697359E-02 | IK=       9/      55 | t=    6.658100 s | CA=  2.4922 | fact=  2.4258 | GF=  1.7401 | solve=  1.6180 | scatter=  0.0507
f=     5.200 Hz | ky=  0.774843E-02 | IK=      10/      55 | t=    6.651800 s | CA=  2.4872 | fact=  2.4219 | GF=  1.7426 | solve=  1.6199 | scatter=  0.0513
PARDISO mem (f=  5.20 Hz): sym=  1.95 GB  perm=  1.42 GB  num=  3.22 GB  
peak=  4.64 GB
 WD_amp= 6.68865E+13  RESID_RMS= 1.13924E-03  FCOST_DATA= 6.48936E-07  FCOST0= 6.48936E-07
 Backtrack: failed after MAX_IT
 Line search failed (IFLAG=          11 ), inversion diverged.
 --------- Frequency   5.65000000000000       (band            1 )
[ComputeAcqWeight] empty acq_weight_file, using uniform weights = 1.0
Data weighting computed for frequency 4607182418800017373
XSRmin, XSRmax, ZSRmin, ZSRMax -1960.000000000000 .000000000000000 2050.000000000000 4030.000000000000
1 FKYC
1.2 FKYC
my_rank, FKYC,WLMAX, RMAX 0 .4630434389421478E-01 906.6865123615522 2786.036611389018
1.1 NK
NK in cky2= 66

  Number of wavenumber samples (NK) for FREQ =   66
  RMAX = 2786.04
Data weighting computed for frequency 4607182418800017373
Data weighting computed for frequency 4607182418800017373
Data weighting computed for frequency 4607182418800017373
Data weighting computed for frequency 4607182418800017373
Data weighting computed for frequency 4607182418800017373
--- Pre-solver preview (memory + RHS workload) ---
   GQG dims: NNX=       585  NNZ=       317  NPT=    185445
   DOF:     N=3*NPT =    556335
   Sources: NSR=       100  NSS=        20  NK=        66
   RHS total (per IK): nrhs_tot=3*NSS =        60
   Batch:    MAX_RHS_BATCH=        32  nbatches=         2
   GFMY  (GFX+GFY+GFZ):         16.414 GB
   RHS_MY(rhs+sol buffers):      0.531 GB
 
 running run_ik_loop_pardiso
before CA | VmRSS=  18.205 GB  VmHWM=  95.099 GB
after CA | VmRSS=  19.420 GB  VmHWM=  95.099 GB
after factor | VmRSS=  23.177 GB  VmHWM=  95.099 GB
f=     5.650 Hz | ky=  0.701581E-03 | IK=       1/      66 | t=   16.978500 s | CA=  2.5220 | fact= 12.6149 | GF=  1.8414 | solve=  1.6895 | scatter=  0.0512
f=     5.650 Hz | ky=  0.140316E-02 | IK=       2/      66 | t=    6.609800 s | CA=  2.4529 | fact=  2.4160 | GF=  1.7409 | solve=  1.6191 | scatter=  0.0506
f=     5.650 Hz | ky=  0.210474E-02 | IK=       3/      66 | t=    6.744000 s | CA=  2.5865 | fact=  2.4127 | GF=  1.7447 | solve=  1.6226 | scatter=  0.0509
f=     5.650 Hz | ky=  0.280632E-02 | IK=       4/      66 | t=    6.643200 s | CA=  2.4778 | fact=  2.4182 | GF=  1.7472 | solve=  1.6252 | scatter=  0.0504
f=     5.650 Hz | ky=  0.350790E-02 | IK=       5/      66 | t=    6.654600 s | CA=  2.4832 | fact=  2.4254 | GF=  1.7459 | solve=  1.6222 | scatter=  0.0526
f=     5.650 Hz | ky=  0.420949E-02 | IK=       6/      66 | t=    6.638100 s | CA=  2.4727 | fact=  2.4180 | GF=  1.7473 | solve=  1.6254 | scatter=  0.0506
f=     5.650 Hz | ky=  0.491107E-02 | IK=       7/      66 | t=    6.641300 s | CA=  2.4819 | fact=  2.4169 | GF=  1.7425 | solve=  1.6219 | scatter=  0.0492
f=     5.650 Hz | ky=  0.561265E-02 | IK=       8/      66 | t=    6.664700 s | CA=  2.4979 | fact=  2.4267 | GF=  1.7401 | solve=  1.6183 | scatter=  0.0504
f=     5.650 Hz | ky=  0.631423E-02 | IK=       9/      66 | t=    6.660900 s | CA=  2.4990 | fact=  2.4219 | GF=  1.7400 | solve=  1.6188 | scatter=  0.0498
f=     5.650 Hz | ky=  0.701581E-02 | IK=      10/      66 | t=    6.660800 s | CA=  2.5015 | fact=  2.4156 | GF=  1.7436 | solve=  1.6223 | scatter=  0.0501
f=     5.650 Hz | ky=  0.771739E-02 | IK=      11/      66 | t=    6.690600 s | CA=  2.5289 | fact=  2.4151 | GF=  1.7465 | solve=  1.6233 | scatter=  0.0519
PARDISO mem (f=  5.65 Hz): sym=  1.95 GB  perm=  1.42 GB  num=  3.22 GB  
peak=  4.64 GB
t_global   =    124.226 s
TIME for 1st forward modeling =  2.070428339640300  min
TIME for GT0 =  .5925000210603078E-02  min
Data scaler W for L2 norm: 69691293965796.52
Data scaler W for WQS norm: .1007948000807317E-312
Total number of active inversion parameters for current sequential stage (IM):          1
Total model blocks points (NM = IM * NBLOCK):      11534 on grid (NMM = IM * NPT):    185445
 Gradient balance ():   1.00000000000000        1.00000000000000     
   1.00000000000000        1.00000000000000        1.00000000000000     
   1.00000000000000        1.00000000000000        1.00000000000000     
   1.00000000000000        1.00000000000000        1.00000000000000     
 IE0, IZ          30           0
 IE0, IZ, GZ1, GZ2 =           30           0   100.000000000000     
   300.000000000000     
  
 Frequency:           8 Iteration:           1
--- Pre-solver preview (memory + RHS workload) ---
   GQG dims: NNX=       585  NNZ=       317  NPT=    185445
   DOF:     N=3*NPT =    556335
   Sources: NSR=       100  NSS=       100  NK=        66
   RHS total (per IK): nrhs_tot=3*NSS =       300
   Batch:    MAX_RHS_BATCH=        32  nbatches=        10
   GFMY  (GFX+GFY+GFZ):         82.071 GB
   RHS_MY(rhs+sol buffers):      0.531 GB
 
 running run_ik_loop_pardiso
before CA | VmRSS=  84.689 GB  VmHWM=  95.099 GB
after CA | VmRSS=  85.870 GB  VmHWM=  95.099 GB
after factor | VmRSS=  89.626 GB  VmHWM=  95.099 GB
f=     5.650 Hz | ky=  0.701581E-03 | IK=       1/      66 | t=   23.750900 s | CA=  2.5038 | fact= 12.6008 | GF=  8.6461 | solve=  8.0031 | scatter=  0.2506
f=     5.650 Hz | ky=  0.140316E-02 | IK=       2/      66 | t=   13.434000 s | CA=  2.5009 | fact=  2.4055 | GF=  8.5275 | solve=  7.9133 | scatter=  0.2527
f=     5.650 Hz | ky=  0.210474E-02 | IK=       3/      66 | t=   13.490800 s | CA=  2.5264 | fact=  2.4194 | GF=  8.5450 | solve=  7.9275 | scatter=  0.2553
f=     5.650 Hz | ky=  0.280632E-02 | IK=       4/      66 | t=   13.415100 s | CA=  2.4849 | fact=  2.3709 | GF=  8.5592 | solve=  7.9405 | scatter=  0.2569
f=     5.650 Hz | ky=  0.350790E-02 | IK=       5/      66 | t=   13.485200 s | CA=  2.5130 | fact=  2.4221 | GF=  8.5501 | solve=  7.9358 | scatter=  0.2519
f=     5.650 Hz | ky=  0.420949E-02 | IK=       6/      66 | t=   13.467300 s | CA=  2.5343 | fact=  2.3954 | GF=  8.5375 | solve=  7.9201 | scatter=  0.2553
f=     5.650 Hz | ky=  0.491107E-02 | IK=       7/      66 | t=   13.471800 s | CA=  2.4885 | fact=  2.4252 | GF=  8.5580 | solve=  7.9426 | scatter=  0.2525
f=     5.650 Hz | ky=  0.561265E-02 | IK=       8/      66 | t=   13.544900 s | CA=  2.5728 | fact=  2.4248 | GF=  8.5473 | solve=  7.9304 | scatter=  0.2544
f=     5.650 Hz | ky=  0.631423E-02 | IK=       9/      66 | t=   13.477900 s | CA=  2.5167 | fact=  2.4241 | GF=  8.5371 | solve=  7.9240 | scatter=  0.2500
f=     5.650 Hz | ky=  0.701581E-02 | IK=      10/      66 | t=   13.449900 s | CA=  2.4614 | fact=  2.4326 | GF=  8.5559 | solve=  7.9365 | scatter=  0.2564
f=     5.650 Hz | ky=  0.771739E-02 | IK=      11/      66 | t=   13.469800 s | CA=  2.4704 | fact=  2.4280 | GF=  8.5714 | solve=  7.9581 | scatter=  0.2499
PARDISO mem (f=  5.65 Hz): sym=  1.95 GB  perm=  1.42 GB  num=  3.22 GB  
peak=  4.64 GB
t_global   =    350.577 s
TIME for 2d forward modeling_i calc =  5.842848205566407 min
Rank    4 -> ID range:   3201 to   4000 | Tasks:    800
Rank    5 -> ID range:   4001 to   4800 | Tasks:    800
Rank    2 -> ID range:   1601 to   2400 | Tasks:    800
Rank    3 -> ID range:   2401 to   3200 | Tasks:    800
Rank    1 -> ID range:    801 to   1600 | Tasks:    800
  
 -------------- calculate Frechet derivatives -----------
 IFREQ =           8    ITERATION =           1
Frechet memory size Frec_my:      0.825 (Gb)
Rank    0 -> ID range:      1 to    800 | Tasks:    800
FREQ:      5.7 Hz, ITER=       1  Frechet Derivative ID=     100/    4800 Finished   0.240500 s
FREQ:      5.7 Hz, ITER=       1  Frechet Derivative ID=     200/    4800 Finished   0.244400 s
FREQ:      5.7 Hz, ITER=       1  Frechet Derivative ID=     300/    4800 Finished   0.240100 s
FREQ:      5.7 Hz, ITER=       1  Frechet Derivative ID=     400/    4800 Finished   0.216800 s
FREQ:      5.7 Hz, ITER=       1  Frechet Derivative ID=     500/    4800 Finished   0.239000 s
FREQ:      5.7 Hz, ITER=       1  Frechet Derivative ID=     600/    4800 Finished   0.239100 s
FREQ:      5.7 Hz, ITER=       1  Frechet Derivative ID=     700/    4800 Finished   0.239600 s
FREQ:      5.7 Hz, ITER=       1  Frechet Derivative ID=     800/    4800 Finished   0.240500 s
||Frechet||_F=  1.7933E-13max|Frechet|=  2.3378E-18
||Frechet||_F=  1.7933E-13max|Frechet|=  2.3378E-18
||Frechet||_F=  1.7933E-13max|Frechet|=  2.3378E-18
||Frechet||_F=  1.7933E-13max|Frechet|=  2.3378E-18
 
TIME for Frechet calc =  3.721883392333984 min
 
m_fine: min=  4.5090E+01  max=  9.7271E+01  mean=  7.7851E+01  ||.||2=  3.4694E+04  size=  185445
m_coarse_prev: min=  4.5136E+01  max=  9.7132E+01  mean=  7.7872E+01  ||.||2=  8.6540E+03  size=   11534
 
  compute the residual and the cost function
 WD_amp= 6.96913E+13  RESID_RMS= 8.53228E-04  FCOST_DATA= 3.63999E-07  FCOST0= 3.63999E-07
||Frechet||_F=  1.7933E-13max|Frechet|=  2.3378E-18
||Frechet||_F=  1.7933E-13max|Frechet|=  2.3378E-18
IA= 11  H(single F0) min= 0.00000E+00  max= 1.23256E-03
IA= 11  H(F0^2)     min= 0.00000E+00  max= 1.23256E-03
HESSD: ia=  11  min= 0.00000E+00  max= 1.62234E+05
IA= 11  H(single F0) min= 0.00000E+00  max= 1.23256E-03
IA= 11  H(F0^2)     min= 0.00000E+00  max= 1.23256E-03
HESSD: ia=  11  min= 0.00000E+00  max= 1.62234E+05
IA= 11  H(single F0) min= 0.00000E+00  max= 1.23256E-03
IA= 11  H(F0^2)     min= 0.00000E+00  max= 1.23256E-03
HESSD: ia=  11  min= 0.00000E+00  max= 1.62234E+05
IA= 11  H(single F0) min= 0.00000E+00  max= 1.23256E-03
IA= 11  H(F0^2)     min= 0.00000E+00  max= 1.23256E-03
HESSD: ia=  11  min= 0.00000E+00  max= 1.62234E+05
IA= 11  H(single F0) min= 0.00000E+00  max= 1.23256E-03
IA= 11  H(F0^2)     min= 0.00000E+00  max= 1.23256E-03
HESSD: ia=  11  min= 0.00000E+00  max= 1.62234E+05
IA= 11  H(single F0) min= 0.00000E+00  max= 1.23256E-03
IA= 11  H(F0^2)     min= 0.00000E+00  max= 1.23256E-03
HESSD: ia=  11  min= 0.00000E+00  max= 1.62234E+05
Grad block  11 GRAD_SCALED MORM =   1.4395E-05
Raw grad block 11  PAR={Q66}  min= -3.7333E-10  max=  5.8982E-10  L2=  3.3314E-09
Gradient finished
Start LBFGS 
LBFGS steepest step , iter=      1
  g·p = -4.9808E-07  ||p|| =  1.3550E-01
  min(p)= -7.1172E-03  max(p)=  1.2205E-02
LBFGS p_k (unscaled) stats per active parameter:
  IA= 11  PAR={Q66}  min=-3.24302E+01  max= 5.56150E+01  L2= 6.17423E+02
min(p_k)= -7.1172E-03  max(p_k)=  1.2205E-02  ||p_k||=  1.3550E-01
min(p_kf)= -7.1172E-03  max(p_kf)=  1.2205E-02  ||p_kf||=  5.4200E-01
p_k/p_kf  =   2.5000E-01
Start linesearch
BT entry: phi(0)=  3.6400E-07  g·p(0)= -4.9808E-07
 UPDATEPARAMETER: f-scale only
UPDATEPARAMETER PAR_STEP min/max, V_STEP min/max =  3.2543103214E+01  1.1936411351E+02
  3.2543103214E+01  1.1936411351E+02
REL STEP Q      : k= 11 row=  6 rmax_k=  9.1707E-01 row_scale=  9.7271E+01
BT cap probe: rmax1=  9.1707E-01  alpha_cap=  5.4522E-01  alpha00=  1.0000E+00
 UPDATEPARAMETER: f-scale only
UPDATEPARAMETER PAR_STEP min/max, V_STEP min/max =  4.0514816090E+01  1.0585092028E+02
  4.0514816090E+01  1.0585092028E+02
 running run_ik_loop_pardiso
before CA | VmRSS=  19.048 GB  VmHWM=  95.099 GB
after CA | VmRSS=  20.435 GB  VmHWM=  95.099 GB
after factor | VmRSS=  24.196 GB  VmHWM=  95.099 GB
f=     5.650 Hz | ky=  0.701581E-03 | IK=       1/      66 | t=   17.087700 s | CA=  2.6085 | fact= 12.6283 | GF=  1.8508 | solve=  1.6991 | scatter=  0.0507
f=     5.650 Hz | ky=  0.140316E-02 | IK=       2/      66 | t=    6.644900 s | CA=  2.4811 | fact=  2.4198 | GF=  1.7439 | solve=  1.6227 | scatter=  0.0498
f=     5.650 Hz | ky=  0.210474E-02 | IK=       3/      66 | t=    6.718300 s | CA=  2.5456 | fact=  2.4263 | GF=  1.7464 | solve=  1.6236 | scatter=  0.0513
f=     5.650 Hz | ky=  0.280632E-02 | IK=       4/      66 | t=    6.684600 s | CA=  2.5115 | fact=  2.4285 | GF=  1.7446 | solve=  1.6224 | scatter=  0.0504
f=     5.650 Hz | ky=  0.350790E-02 | IK=       5/      66 | t=    6.688100 s | CA=  2.5095 | fact=  2.4325 | GF=  1.7460 | solve=  1.6233 | scatter=  0.0515
f=     5.650 Hz | ky=  0.420949E-02 | IK=       6/      66 | t=    6.666000 s | CA=  2.5007 | fact=  2.4206 | GF=  1.7447 | solve=  1.6241 | scatter=  0.0492
f=     5.650 Hz | ky=  0.491107E-02 | IK=       7/      66 | t=    6.656000 s | CA=  2.5063 | fact=  2.4042 | GF=  1.7454 | solve=  1.6218 | scatter=  0.0522
f=     5.650 Hz | ky=  0.561265E-02 | IK=       8/      66 | t=    6.735200 s | CA=  2.5748 | fact=  2.4152 | GF=  1.7452 | solve=  1.6225 | scatter=  0.0515
f=     5.650 Hz | ky=  0.631423E-02 | IK=       9/      66 | t=    6.625500 s | CA=  2.5017 | fact=  2.3815 | GF=  1.7422 | solve=  1.6203 | scatter=  0.0505
f=     5.650 Hz | ky=  0.701581E-02 | IK=      10/      66 | t=    6.691100 s | CA=  2.5257 | fact=  2.4185 | GF=  1.7469 | solve=  1.6254 | scatter=  0.0502
f=     5.650 Hz | ky=  0.771739E-02 | IK=      11/      66 | t=    6.672100 s | CA=  2.4990 | fact=  2.4293 | GF=  1.7438 | solve=  1.6210 | scatter=  0.0515
PARDISO mem (f=  5.65 Hz): sym=  1.95 GB  perm=  1.42 GB  num=  3.22 GB  
peak=  4.64 GB
 WD_amp= 6.96913E+13  RESID_RMS= 1.68732E-03  FCOST_DATA= 1.42353E-06  FCOST0= 1.42353E-06
BT: alpha=  5.4522E-01  phi=  1.4235E-06  rhs=  3.6397E-07
 UPDATEPARAMETER: f-scale only
UPDATEPARAMETER PAR_STEP min/max, V_STEP min/max =  4.3864561868E+01  9.9941205956E+01
  4.3864561868E+01  9.9941205956E+01
 running run_ik_loop_pardiso
before CA | VmRSS=  19.628 GB  VmHWM=  95.099 GB
after CA | VmRSS=  20.248 GB  VmHWM=  95.099 GB
after factor | VmRSS=  24.004 GB  VmHWM=  95.099 GB
f=     5.650 Hz | ky=  0.701581E-03 | IK=       1/      66 | t=   16.905600 s | CA=  2.4559 | fact= 12.6061 | GF=  1.8434 | solve=  1.6922 | scatter=  0.0507
f=     5.650 Hz | ky=  0.140316E-02 | IK=       2/      66 | t=    6.656800 s | CA=  2.4974 | fact=  2.4174 | GF=  1.7419 | solve=  1.6196 | scatter=  0.0511
f=     5.650 Hz | ky=  0.210474E-02 | IK=       3/      66 | t=    6.690400 s | CA=  2.5304 | fact=  2.4175 | GF=  1.7425 | solve=  1.6199 | scatter=  0.0512
f=     5.650 Hz | ky=  0.280632E-02 | IK=       4/      66 | t=    6.695800 s | CA=  2.5085 | fact=  2.4232 | GF=  1.7641 | solve=  1.6422 | scatter=  0.0507
f=     5.650 Hz | ky=  0.350790E-02 | IK=       5/      66 | t=    6.668400 s | CA=  2.5117 | fact=  2.4096 | GF=  1.7470 | solve=  1.6241 | scatter=  0.0517
f=     5.650 Hz | ky=  0.420949E-02 | IK=       6/      66 | t=    6.638500 s | CA=  2.4887 | fact=  2.4093 | GF=  1.7405 | solve=  1.6181 | scatter=  0.0509
f=     5.650 Hz | ky=  0.491107E-02 | IK=       7/      66 | t=    6.699400 s | CA=  2.5300 | fact=  2.4203 | GF=  1.7490 | solve=  1.6253 | scatter=  0.0523
f=     5.650 Hz | ky=  0.561265E-02 | IK=       8/      66 | t=    6.683400 s | CA=  2.5213 | fact=  2.4195 | GF=  1.7425 | solve=  1.6206 | scatter=  0.0507
f=     5.650 Hz | ky=  0.631423E-02 | IK=       9/      66 | t=    6.684800 s | CA=  2.5190 | fact=  2.4238 | GF=  1.7419 | solve=  1.6195 | scatter=  0.0510
f=     5.650 Hz | ky=  0.701581E-02 | IK=      10/      66 | t=    6.646700 s | CA=  2.5047 | fact=  2.3991 | GF=  1.7429 | solve=  1.6192 | scatter=  0.0523
f=     5.650 Hz | ky=  0.771739E-02 | IK=      11/      66 | t=    6.682900 s | CA=  2.5099 | fact=  2.4280 | GF=  1.7449 | solve=  1.6224 | scatter=  0.0513
PARDISO mem (f=  5.65 Hz): sym=  1.95 GB  perm=  1.42 GB  num=  3.22 GB  
peak=  4.64 GB
 WD_amp= 6.96913E+13  RESID_RMS= 1.24455E-03  FCOST_DATA= 7.74452E-07  FCOST0= 7.74452E-07
BT: alpha=  2.7261E-01  phi=  7.7445E-07  rhs=  3.6399E-07
 UPDATEPARAMETER: f-scale only
UPDATEPARAMETER PAR_STEP min/max, V_STEP min/max =  4.4816124673E+01  9.8222856309E+01
  4.4816124673E+01  9.8222856309E+01
 running run_ik_loop_pardiso
before CA | VmRSS=  19.053 GB  VmHWM=  95.099 GB
after CA | VmRSS=  20.304 GB  VmHWM=  95.099 GB
after factor | VmRSS=  24.067 GB  VmHWM=  95.099 GB
f=     5.650 Hz | ky=  0.701581E-03 | IK=       1/      66 | t=   16.981300 s | CA=  2.5313 | fact= 12.6109 | GF=  1.8389 | solve=  1.6877 | scatter=  0.0507
f=     5.650 Hz | ky=  0.140316E-02 | IK=       2/      66 | t=    6.626400 s | CA=  2.4827 | fact=  2.4149 | GF=  1.7288 | solve=  1.6065 | scatter=  0.0511
f=     5.650 Hz | ky=  0.210474E-02 | IK=       3/      66 | t=    6.689700 s | CA=  2.5366 | fact=  2.4249 | GF=  1.7281 | solve=  1.6052 | scatter=  0.0516
f=     5.650 Hz | ky=  0.280632E-02 | IK=       4/      66 | t=    6.656400 s | CA=  2.5245 | fact=  2.4041 | GF=  1.7278 | solve=  1.6067 | scatter=  0.0500
f=     5.650 Hz | ky=  0.350790E-02 | IK=       5/      66 | t=    6.640100 s | CA=  2.5140 | fact=  2.4218 | GF=  1.7042 | solve=  1.5810 | scatter=  0.0519
f=     5.650 Hz | ky=  0.420949E-02 | IK=       6/      66 | t=    6.695300 s | CA=  2.5768 | fact=  2.4132 | GF=  1.7053 | solve=  1.5836 | scatter=  0.0500
f=     5.650 Hz | ky=  0.491107E-02 | IK=       7/      66 | t=    6.693100 s | CA=  2.5872 | fact=  2.3979 | GF=  1.7080 | solve=  1.5865 | scatter=  0.0502
f=     5.650 Hz | ky=  0.561265E-02 | IK=       8/      66 | t=    6.616700 s | CA=  2.4876 | fact=  2.4244 | GF=  1.7047 | solve=  1.5823 | scatter=  0.0512
f=     5.650 Hz | ky=  0.631423E-02 | IK=       9/      66 | t=    6.654100 s | CA=  2.5195 | fact=  2.4254 | GF=  1.7092 | solve=  1.5860 | scatter=  0.0518
f=     5.650 Hz | ky=  0.701581E-02 | IK=      10/      66 | t=    6.628100 s | CA=  2.4990 | fact=  2.4249 | GF=  1.7041 | solve=  1.5821 | scatter=  0.0508
f=     5.650 Hz | ky=  0.771739E-02 | IK=      11/      66 | t=    6.656800 s | CA=  2.5511 | fact=  2.4036 | GF=  1.7020 | solve=  1.5805 | scatter=  0.0502
PARDISO mem (f=  5.65 Hz): sym=  1.95 GB  perm=  1.42 GB  num=  3.22 GB  
peak=  4.64 GB
 WD_amp= 6.96913E+13  RESID_RMS= 1.03261E-03  FCOST_DATA= 5.33145E-07  FCOST0= 5.33145E-07
BT: alpha=  1.3630E-01  phi=  5.3314E-07  rhs=  3.6399E-07
 UPDATEPARAMETER: f-scale only
UPDATEPARAMETER PAR_STEP min/max, V_STEP min/max =  4.5090000000E+01  9.7742414233E+01
  4.5090000000E+01  9.7742414233E+01
 running run_ik_loop_pardiso
before CA | VmRSS=  19.624 GB  VmHWM=  95.099 GB
after CA | VmRSS=  20.597 GB  VmHWM=  95.099 GB
after factor | VmRSS=  24.356 GB  VmHWM=  95.099 GB
f=     5.650 Hz | ky=  0.701581E-03 | IK=       1/      66 | t=   16.875000 s | CA=  2.4228 | fact= 12.6097 | GF=  1.8423 | solve=  1.6912 | scatter=  0.0508
f=     5.650 Hz | ky=  0.140316E-02 | IK=       2/      66 | t=    6.666000 s | CA=  2.5113 | fact=  2.4135 | GF=  1.7411 | solve=  1.6197 | scatter=  0.0502
f=     5.650 Hz | ky=  0.210474E-02 | IK=       3/      66 | t=    6.721100 s | CA=  2.5600 | fact=  2.4212 | GF=  1.7399 | solve=  1.6173 | scatter=  0.0515
f=     5.650 Hz | ky=  0.280632E-02 | IK=       4/      66 | t=    6.623700 s | CA=  2.4792 | fact=  2.4052 | GF=  1.7392 | solve=  1.6179 | scatter=  0.0500
f=     5.650 Hz | ky=  0.350790E-02 | IK=       5/      66 | t=    6.669300 s | CA=  2.4950 | fact=  2.4263 | GF=  1.7479 | solve=  1.6247 | scatter=  0.0521
f=     5.650 Hz | ky=  0.420949E-02 | IK=       6/      66 | t=    6.743900 s | CA=  2.5863 | fact=  2.4177 | GF=  1.7398 | solve=  1.6191 | scatter=  0.0495
f=     5.650 Hz | ky=  0.491107E-02 | IK=       7/      66 | t=    6.645600 s | CA=  2.4921 | fact=  2.4158 | GF=  1.7376 | solve=  1.6162 | scatter=  0.0502
f=     5.650 Hz | ky=  0.561265E-02 | IK=       8/      66 | t=    6.671700 s | CA=  2.5101 | fact=  2.4156 | GF=  1.7460 | solve=  1.6229 | scatter=  0.0516
f=     5.650 Hz | ky=  0.631423E-02 | IK=       9/      66 | t=    6.691200 s | CA=  2.5211 | fact=  2.4198 | GF=  1.7503 | solve=  1.6287 | scatter=  0.0503
f=     5.650 Hz | ky=  0.701581E-02 | IK=      10/      66 | t=    6.650400 s | CA=  2.5110 | fact=  2.3966 | GF=  1.7428 | solve=  1.6207 | scatter=  0.0508
f=     5.650 Hz | ky=  0.771739E-02 | IK=      11/      66 | t=    6.676000 s | CA=  2.5159 | fact=  2.4155 | GF=  1.7446 | solve=  1.6236 | scatter=  0.0493
PARDISO mem (f=  5.65 Hz): sym=  1.95 GB  perm=  1.42 GB  num=  3.22 GB  
peak=  4.64 GB
 WD_amp= 6.96913E+13  RESID_RMS= 9.36526E-04  FCOST_DATA= 4.38541E-07  FCOST0= 4.38541E-07
BT: alpha=  6.8152E-02  phi=  4.3854E-07  rhs=  3.6400E-07
 UPDATEPARAMETER: f-scale only
UPDATEPARAMETER PAR_STEP min/max, V_STEP min/max =  4.5090000000E+01  9.7506423314E+01
  4.5090000000E+01  9.7506423314E+01
 running run_ik_loop_pardiso
before CA | VmRSS=  19.698 GB  VmHWM=  95.099 GB
after CA | VmRSS=  20.245 GB  VmHWM=  95.099 GB
after factor | VmRSS=  23.999 GB  VmHWM=  95.099 GB
f=     5.650 Hz | ky=  0.701581E-03 | IK=       1/      66 | t=   16.972100 s | CA=  2.5132 | fact= 12.6165 | GF=  1.8422 | solve=  1.6903 | scatter=  0.0515
f=     5.650 Hz | ky=  0.140316E-02 | IK=       2/      66 | t=    6.677200 s | CA=  2.5291 | fact=  2.4102 | GF=  1.7378 | solve=  1.6169 | scatter=  0.0497
f=     5.650 Hz | ky=  0.210474E-02 | IK=       3/      66 | t=    6.651100 s | CA=  2.5362 | fact=  2.3705 | GF=  1.7444 | solve=  1.6216 | scatter=  0.0517
f=     5.650 Hz | ky=  0.280632E-02 | IK=       4/      66 | t=    6.715200 s | CA=  2.5432 | fact=  2.4237 | GF=  1.7483 | solve=  1.6260 | scatter=  0.0512
f=     5.650 Hz | ky=  0.350790E-02 | IK=       5/      66 | t=    6.662800 s | CA=  2.5057 | fact=  2.4151 | GF=  1.7419 | solve=  1.6207 | scatter=  0.0499
f=     5.650 Hz | ky=  0.420949E-02 | IK=       6/      66 | t=    6.655700 s | CA=  2.4919 | fact=  2.4217 | GF=  1.7421 | solve=  1.6197 | scatter=  0.0513
f=     5.650 Hz | ky=  0.491107E-02 | IK=       7/      66 | t=    6.640100 s | CA=  2.4839 | fact=  2.4136 | GF=  1.7426 | solve=  1.6193 | scatter=  0.0518
f=     5.650 Hz | ky=  0.561265E-02 | IK=       8/      66 | t=    6.665100 s | CA=  2.4968 | fact=  2.4256 | GF=  1.7427 | solve=  1.6214 | scatter=  0.0501
f=     5.650 Hz | ky=  0.631423E-02 | IK=       9/      66 | t=    6.754200 s | CA=  2.5968 | fact=  2.4145 | GF=  1.7429 | solve=  1.6212 | scatter=  0.0505
f=     5.650 Hz | ky=  0.701581E-02 | IK=      10/      66 | t=    6.651300 s | CA=  2.4754 | fact=  2.4299 | GF=  1.7460 | solve=  1.6226 | scatter=  0.0521
f=     5.650 Hz | ky=  0.771739E-02 | IK=      11/      66 | t=    6.670600 s | CA=  2.5068 | fact=  2.4159 | GF=  1.7478 | solve=  1.6260 | scatter=  0.0506
PARDISO mem (f=  5.65 Hz): sym=  1.95 GB  perm=  1.42 GB  num=  3.22 GB  
peak=  4.64 GB
 WD_amp= 6.96913E+13  RESID_RMS= 8.92880E-04  FCOST_DATA= 3.98617E-07  FCOST0= 3.98617E-07
BT: alpha=  3.4076E-02  phi=  3.9862E-07  rhs=  3.6400E-07
 UPDATEPARAMETER: f-scale only
UPDATEPARAMETER PAR_STEP min/max, V_STEP min/max =  4.5090000000E+01  9.7388427854E+01
  4.5090000000E+01  9.7388427854E+01
 running run_ik_loop_pardiso
before CA | VmRSS=  19.744 GB  VmHWM=  95.099 GB
after CA | VmRSS=  20.506 GB  VmHWM=  95.099 GB
after factor | VmRSS=  24.274 GB  VmHWM=  95.099 GB
f=     5.650 Hz | ky=  0.701581E-03 | IK=       1/      66 | t=   16.859500 s | CA=  2.4440 | fact= 12.5757 | GF=  1.8396 | solve=  1.6870 | scatter=  0.0522
f=     5.650 Hz | ky=  0.140316E-02 | IK=       2/      66 | t=    6.654000 s | CA=  2.4862 | fact=  2.4191 | GF=  1.7487 | solve=  1.6255 | scatter=  0.0521
f=     5.650 Hz | ky=  0.210474E-02 | IK=       3/      66 | t=    6.621000 s | CA=  2.4605 | fact=  2.4193 | GF=  1.7411 | solve=  1.6185 | scatter=  0.0515
f=     5.650 Hz | ky=  0.280632E-02 | IK=       4/      66 | t=    6.624500 s | CA=  2.4555 | fact=  2.4263 | GF=  1.7426 | solve=  1.6189 | scatter=  0.0526
f=     5.650 Hz | ky=  0.350790E-02 | IK=       5/      66 | t=    6.666100 s | CA=  2.4958 | fact=  2.4274 | GF=  1.7428 | solve=  1.6213 | scatter=  0.0502
f=     5.650 Hz | ky=  0.420949E-02 | IK=       6/      66 | t=    6.658700 s | CA=  2.4953 | fact=  2.4190 | GF=  1.7444 | solve=  1.6213 | scatter=  0.0517
f=     5.650 Hz | ky=  0.491107E-02 | IK=       7/      66 | t=    6.661100 s | CA=  2.4987 | fact=  2.4238 | GF=  1.7386 | solve=  1.6173 | scatter=  0.0501
f=     5.650 Hz | ky=  0.561265E-02 | IK=       8/      66 | t=    6.640900 s | CA=  2.4994 | fact=  2.3987 | GF=  1.7428 | solve=  1.6208 | scatter=  0.0506
f=     5.650 Hz | ky=  0.631423E-02 | IK=       9/      66 | t=    6.657600 s | CA=  2.4843 | fact=  2.4250 | GF=  1.7482 | solve=  1.6251 | scatter=  0.0518
f=     5.650 Hz | ky=  0.701581E-02 | IK=      10/      66 | t=    6.621300 s | CA=  2.4717 | fact=  2.4055 | GF=  1.7441 | solve=  1.6208 | scatter=  0.0521
f=     5.650 Hz | ky=  0.771739E-02 | IK=      11/      66 | t=    6.662500 s | CA=  2.4953 | fact=  2.4230 | GF=  1.7441 | solve=  1.6200 | scatter=  0.0528
PARDISO mem (f=  5.65 Hz): sym=  1.95 GB  perm=  1.42 GB  num=  3.22 GB  
peak=  4.64 GB
 WD_amp= 6.96913E+13  RESID_RMS= 8.72497E-04  FCOST_DATA= 3.80625E-07  FCOST0= 3.80625E-07
BT: alpha=  1.7038E-02  phi=  3.8063E-07  rhs=  3.6400E-07
 UPDATEPARAMETER: f-scale only
UPDATEPARAMETER PAR_STEP min/max, V_STEP min/max =  4.5090000000E+01  9.7329430124E+01
  4.5090000000E+01  9.7329430124E+01
 running run_ik_loop_pardiso
before CA | VmRSS=  19.773 GB  VmHWM=  95.099 GB
after CA | VmRSS=  20.648 GB  VmHWM=  95.099 GB
after factor | VmRSS=  24.409 GB  VmHWM=  95.099 GB
f=     5.650 Hz | ky=  0.701581E-03 | IK=       1/      66 | t=   16.935300 s | CA=  2.4689 | fact= 12.6274 | GF=  1.8388 | solve=  1.6855 | scatter=  0.0529
f=     5.650 Hz | ky=  0.140316E-02 | IK=       2/      66 | t=    6.697100 s | CA=  2.5249 | fact=  2.4221 | GF=  1.7500 | solve=  1.6275 | scatter=  0.0513
f=     5.650 Hz | ky=  0.210474E-02 | IK=       3/      66 | t=    6.631100 s | CA=  2.4712 | fact=  2.4133 | GF=  1.7466 | solve=  1.6243 | scatter=  0.0511
f=     5.650 Hz | ky=  0.280632E-02 | IK=       4/      66 | t=    6.674100 s | CA=  2.4723 | fact=  2.4246 | GF=  1.7771 | solve=  1.6549 | scatter=  0.0510
f=     5.650 Hz | ky=  0.350790E-02 | IK=       5/      66 | t=    6.648900 s | CA=  2.4857 | fact=  2.4224 | GF=  1.7407 | solve=  1.6196 | scatter=  0.0498
f=     5.650 Hz | ky=  0.420949E-02 | IK=       6/      66 | t=    6.668800 s | CA=  2.5006 | fact=  2.4145 | GF=  1.7536 | solve=  1.6313 | scatter=  0.0507
f=     5.650 Hz | ky=  0.491107E-02 | IK=       7/      66 | t=    6.615500 s | CA=  2.4950 | fact=  2.3814 | GF=  1.7391 | solve=  1.6162 | scatter=  0.0516
f=     5.650 Hz | ky=  0.561265E-02 | IK=       8/      66 | t=    6.641100 s | CA=  2.4751 | fact=  2.4232 | GF=  1.7427 | solve=  1.6213 | scatter=  0.0503
f=     5.650 Hz | ky=  0.631423E-02 | IK=       9/      66 | t=    6.638600 s | CA=  2.4792 | fact=  2.4174 | GF=  1.7419 | solve=  1.6206 | scatter=  0.0500
f=     5.650 Hz | ky=  0.701581E-02 | IK=      10/      66 | t=    6.658600 s | CA=  2.4884 | fact=  2.4239 | GF=  1.7463 | solve=  1.6234 | scatter=  0.0516
f=     5.650 Hz | ky=  0.771739E-02 | IK=      11/      66 | t=    6.644500 s | CA=  2.4684 | fact=  2.4240 | GF=  1.7520 | solve=  1.6297 | scatter=  0.0510
PARDISO mem (f=  5.65 Hz): sym=  1.95 GB  perm=  1.42 GB  num=  3.22 GB  
peak=  4.64 GB
 WD_amp= 6.96913E+13  RESID_RMS= 8.62715E-04  FCOST_DATA= 3.72139E-07  FCOST0= 3.72139E-07
BT: alpha=  8.5190E-03  phi=  3.7214E-07  rhs=  3.6400E-07
 UPDATEPARAMETER: f-scale only
UPDATEPARAMETER PAR_STEP min/max, V_STEP min/max =  4.5090000000E+01  9.7299931259E+01
  4.5090000000E+01  9.7299931259E+01
 running run_ik_loop_pardiso
before CA | VmRSS=  19.768 GB  VmHWM=  95.099 GB
after CA | VmRSS=  20.407 GB  VmHWM=  95.099 GB
after factor | VmRSS=  24.170 GB  VmHWM=  95.099 GB
f=     5.650 Hz | ky=  0.701581E-03 | IK=       1/      66 | t=   16.882300 s | CA=  2.4379 | fact= 12.5997 | GF=  1.8444 | solve=  1.6939 | scatter=  0.0498
f=     5.650 Hz | ky=  0.140316E-02 | IK=       2/      66 | t=    6.605700 s | CA=  2.4711 | fact=  2.3946 | GF=  1.7400 | solve=  1.6184 | scatter=  0.0503
f=     5.650 Hz | ky=  0.210474E-02 | IK=       3/      66 | t=    6.618200 s | CA=  2.4924 | fact=  2.3845 | GF=  1.7412 | solve=  1.6190 | scatter=  0.0511
f=     5.650 Hz | ky=  0.280632E-02 | IK=       4/      66 | t=    6.641300 s | CA=  2.4754 | fact=  2.4260 | GF=  1.7398 | solve=  1.6200 | scatter=  0.0486
f=     5.650 Hz | ky=  0.350790E-02 | IK=       5/      66 | t=    6.631400 s | CA=  2.4656 | fact=  2.4192 | GF=  1.7465 | solve=  1.6230 | scatter=  0.0523
f=     5.650 Hz | ky=  0.420949E-02 | IK=       6/      66 | t=    6.680900 s | CA=  2.5139 | fact=  2.4247 | GF=  1.7423 | solve=  1.6190 | scatter=  0.0521
f=     5.650 Hz | ky=  0.491107E-02 | IK=       7/      66 | t=    6.658500 s | CA=  2.5007 | fact=  2.4137 | GF=  1.7441 | solve=  1.6214 | scatter=  0.0515
f=     5.650 Hz | ky=  0.561265E-02 | IK=       8/      66 | t=    6.668600 s | CA=  2.4999 | fact=  2.4215 | GF=  1.7472 | solve=  1.6236 | scatter=  0.0524
f=     5.650 Hz | ky=  0.631423E-02 | IK=       9/      66 | t=    6.675500 s | CA=  2.5044 | fact=  2.4211 | GF=  1.7499 | solve=  1.6287 | scatter=  0.0497
f=     5.650 Hz | ky=  0.701581E-02 | IK=      10/      66 | t=    6.622100 s | CA=  2.4891 | fact=  2.3928 | GF=  1.7402 | solve=  1.6186 | scatter=  0.0502
f=     5.650 Hz | ky=  0.771739E-02 | IK=      11/      66 | t=    6.643600 s | CA=  2.4807 | fact=  2.4166 | GF=  1.7462 | solve=  1.6239 | scatter=  0.0511
PARDISO mem (f=  5.65 Hz): sym=  1.95 GB  perm=  1.42 GB  num=  3.22 GB  
peak=  4.64 GB
 WD_amp= 6.96913E+13  RESID_RMS= 8.57934E-04  FCOST_DATA= 3.68025E-07  FCOST0= 3.68025E-07
BT: alpha=  4.2595E-03  phi=  3.6803E-07  rhs=  3.6400E-07
 UPDATEPARAMETER: f-scale only
UPDATEPARAMETER PAR_STEP min/max, V_STEP min/max =  4.5090000000E+01  9.7285181827E+01
  4.5090000000E+01  9.7285181827E+01
 running run_ik_loop_pardiso
before CA | VmRSS=  19.760 GB  VmHWM=  95.099 GB
after CA | VmRSS=  20.381 GB  VmHWM=  95.099 GB
after factor | VmRSS=  24.144 GB  VmHWM=  95.099 GB
f=     5.650 Hz | ky=  0.701581E-03 | IK=       1/      66 | t=   16.941600 s | CA=  2.4934 | fact= 12.6055 | GF=  1.8425 | solve=  1.6909 | scatter=  0.0508
f=     5.650 Hz | ky=  0.140316E-02 | IK=       2/      66 | t=    6.650400 s | CA=  2.4985 | fact=  2.4144 | GF=  1.7374 | solve=  1.6155 | scatter=  0.0507
f=     5.650 Hz | ky=  0.210474E-02 | IK=       3/      66 | t=    6.618200 s | CA=  2.4560 | fact=  2.4175 | GF=  1.7446 | solve=  1.6220 | scatter=  0.0514
f=     5.650 Hz | ky=  0.280632E-02 | IK=       4/      66 | t=    6.684000 s | CA=  2.5175 | fact=  2.4233 | GF=  1.7432 | solve=  1.6208 | scatter=  0.0511
f=     5.650 Hz | ky=  0.350790E-02 | IK=       5/      66 | t=    6.708200 s | CA=  2.5425 | fact=  2.4228 | GF=  1.7428 | solve=  1.6224 | scatter=  0.0492
f=     5.650 Hz | ky=  0.420949E-02 | IK=       6/      66 | t=    6.670000 s | CA=  2.5097 | fact=  2.4142 | GF=  1.7461 | solve=  1.6248 | scatter=  0.0501
f=     5.650 Hz | ky=  0.491107E-02 | IK=       7/      66 | t=    6.706600 s | CA=  2.5261 | fact=  2.4114 | GF=  1.7691 | solve=  1.6457 | scatter=  0.0520
f=     5.650 Hz | ky=  0.561265E-02 | IK=       8/      66 | t=    6.643100 s | CA=  2.4828 | fact=  2.4149 | GF=  1.7454 | solve=  1.6233 | scatter=  0.0510
f=     5.650 Hz | ky=  0.631423E-02 | IK=       9/      66 | t=    6.637300 s | CA=  2.5008 | fact=  2.3950 | GF=  1.7414 | solve=  1.6206 | scatter=  0.0491
f=     5.650 Hz | ky=  0.701581E-02 | IK=      10/      66 | t=    6.649200 s | CA=  2.5050 | fact=  2.4048 | GF=  1.7394 | solve=  1.6175 | scatter=  0.0506
f=     5.650 Hz | ky=  0.771739E-02 | IK=      11/      66 | t=    6.685600 s | CA=  2.5301 | fact=  2.4088 | GF=  1.7467 | solve=  1.6240 | scatter=  0.0513
PARDISO mem (f=  5.65 Hz): sym=  1.95 GB  perm=  1.42 GB  num=  3.22 GB  
peak=  4.64 GB
 WD_amp= 6.96913E+13  RESID_RMS= 8.55571E-04  FCOST_DATA= 3.66001E-07  FCOST0= 3.66001E-07
BT: alpha=  2.1298E-03  phi=  3.6600E-07  rhs=  3.6400E-07
 UPDATEPARAMETER: f-scale only
UPDATEPARAMETER PAR_STEP min/max, V_STEP min/max =  4.5090000000E+01  9.7277807110E+01
  4.5090000000E+01  9.7277807110E+01
 running run_ik_loop_pardiso
before CA | VmRSS=  19.164 GB  VmHWM=  95.099 GB
after CA | VmRSS=  20.411 GB  VmHWM=  95.099 GB
after factor | VmRSS=  24.167 GB  VmHWM=  95.099 GB
f=     5.650 Hz | ky=  0.701581E-03 | IK=       1/      66 | t=   16.879900 s | CA=  2.4430 | fact= 12.5982 | GF=  1.8385 | solve=  1.6877 | scatter=  0.0500
f=     5.650 Hz | ky=  0.140316E-02 | IK=       2/      66 | t=    6.616800 s | CA=  2.4813 | fact=  2.3930 | GF=  1.7424 | solve=  1.6197 | scatter=  0.0511
f=     5.650 Hz | ky=  0.210474E-02 | IK=       3/      66 | t=    6.654900 s | CA=  2.4996 | fact=  2.4161 | GF=  1.7391 | solve=  1.6155 | scatter=  0.0523
f=     5.650 Hz | ky=  0.280632E-02 | IK=       4/      66 | t=    6.636300 s | CA=  2.4777 | fact=  2.4146 | GF=  1.7439 | solve=  1.6218 | scatter=  0.0509
f=     5.650 Hz | ky=  0.350790E-02 | IK=       5/      66 | t=    6.650900 s | CA=  2.4878 | fact=  2.4128 | GF=  1.7503 | solve=  1.6277 | scatter=  0.0515
f=     5.650 Hz | ky=  0.420949E-02 | IK=       6/      66 | t=    6.660300 s | CA=  2.4950 | fact=  2.4234 | GF=  1.7418 | solve=  1.6185 | scatter=  0.0522
f=     5.650 Hz | ky=  0.491107E-02 | IK=       7/      66 | t=    6.597900 s | CA=  2.4701 | fact=  2.3809 | GF=  1.7469 | solve=  1.6253 | scatter=  0.0503
f=     5.650 Hz | ky=  0.561265E-02 | IK=       8/      66 | t=    6.642300 s | CA=  2.4749 | fact=  2.4253 | GF=  1.7421 | solve=  1.6198 | scatter=  0.0505
f=     5.650 Hz | ky=  0.631423E-02 | IK=       9/      66 | t=    6.658600 s | CA=  2.4962 | fact=  2.4190 | GF=  1.7433 | solve=  1.6205 | scatter=  0.0515
f=     5.650 Hz | ky=  0.701581E-02 | IK=      10/      66 | t=    6.634000 s | CA=  2.4748 | fact=  2.4159 | GF=  1.7432 | solve=  1.6217 | scatter=  0.0502
f=     5.650 Hz | ky=  0.771739E-02 | IK=      11/      66 | t=    6.716700 s | CA=  2.5441 | fact=  2.4300 | GF=  1.7425 | solve=  1.6217 | scatter=  0.0492
PARDISO mem (f=  5.65 Hz): sym=  1.95 GB  perm=  1.42 GB  num=  3.22 GB  
peak=  4.64 GB
 WD_amp= 6.96913E+13  RESID_RMS= 8.54397E-04  FCOST_DATA= 3.64997E-07  FCOST0= 3.64997E-07
BT: alpha=  1.0649E-03  phi=  3.6500E-07  rhs=  3.6400E-07
 UPDATEPARAMETER: f-scale only
UPDATEPARAMETER PAR_STEP min/max, V_STEP min/max =  4.5090000000E+01  9.7274119752E+01
  4.5090000000E+01  9.7274119752E+01
 running run_ik_loop_pardiso
before CA | VmRSS=  19.723 GB  VmHWM=  95.099 GB
after CA | VmRSS=  20.790 GB  VmHWM=  95.099 GB
after factor | VmRSS=  24.555 GB  VmHWM=  95.099 GB
f=     5.650 Hz | ky=  0.701581E-03 | IK=       1/      66 | t=   16.925400 s | CA=  2.4621 | fact= 12.6231 | GF=  1.8400 | solve=  1.6873 | scatter=  0.0517
f=     5.650 Hz | ky=  0.140316E-02 | IK=       2/      66 | t=    6.682300 s | CA=  2.5153 | fact=  2.4204 | GF=  1.7466 | solve=  1.6250 | scatter=  0.0503
f=     5.650 Hz | ky=  0.210474E-02 | IK=       3/      66 | t=    6.637100 s | CA=  2.4812 | fact=  2.4123 | GF=  1.7435 | solve=  1.6208 | scatter=  0.0514
f=     5.650 Hz | ky=  0.280632E-02 | IK=       4/      66 | t=    6.648400 s | CA=  2.4863 | fact=  2.4204 | GF=  1.7416 | solve=  1.6195 | scatter=  0.0509
f=     5.650 Hz | ky=  0.350790E-02 | IK=       5/      66 | t=    6.665000 s | CA=  2.5004 | fact=  2.4240 | GF=  1.7406 | solve=  1.6178 | scatter=  0.0516
f=     5.650 Hz | ky=  0.420949E-02 | IK=       6/      66 | t=    6.683300 s | CA=  2.5425 | fact=  2.3991 | GF=  1.7416 | solve=  1.6188 | scatter=  0.0516
f=     5.650 Hz | ky=  0.491107E-02 | IK=       7/      66 | t=    6.689400 s | CA=  2.4984 | fact=  2.4163 | GF=  1.7747 | solve=  1.6518 | scatter=  0.0515
f=     5.650 Hz | ky=  0.561265E-02 | IK=       8/      66 | t=    6.759800 s | CA=  2.5553 | fact=  2.4410 | GF=  1.7634 | solve=  1.6419 | scatter=  0.0502
f=     5.650 Hz | ky=  0.631423E-02 | IK=       9/      66 | t=    6.634400 s | CA=  2.4628 | fact=  2.4260 | GF=  1.7456 | solve=  1.6245 | scatter=  0.0495
f=     5.650 Hz | ky=  0.701581E-02 | IK=      10/      66 | t=    6.739600 s | CA=  2.5705 | fact=  2.4264 | GF=  1.7426 | solve=  1.6196 | scatter=  0.0519
f=     5.650 Hz | ky=  0.771739E-02 | IK=      11/      66 | t=    6.644200 s | CA=  2.4989 | fact=  2.3956 | GF=  1.7497 | solve=  1.6285 | scatter=  0.0498
PARDISO mem (f=  5.65 Hz): sym=  1.95 GB  perm=  1.42 GB  num=  3.22 GB  
peak=  4.64 GB
 WD_amp= 6.96913E+13  RESID_RMS= 8.53812E-04  FCOST_DATA= 3.64497E-07  FCOST0= 3.64497E-07
BT: alpha=  5.3244E-04  phi=  3.6450E-07  rhs=  3.6400E-07
 UPDATEPARAMETER: f-scale only
UPDATEPARAMETER PAR_STEP min/max, V_STEP min/max =  4.5090000000E+01  9.7272276073E+01
  4.5090000000E+01  9.7272276073E+01
 running run_ik_loop_pardiso
before CA | VmRSS=  19.719 GB  VmHWM=  95.099 GB
after CA | VmRSS=  20.382 GB  VmHWM=  95.099 GB
after factor | VmRSS=  24.145 GB  VmHWM=  95.099 GB
f=     5.650 Hz | ky=  0.701581E-03 | IK=       1/      66 | t=   16.900200 s | CA=  2.4482 | fact= 12.6166 | GF=  1.8352 | solve=  1.6842 | scatter=  0.0504
f=     5.650 Hz | ky=  0.140316E-02 | IK=       2/      66 | t=    6.649400 s | CA=  2.4972 | fact=  2.4099 | GF=  1.7423 | solve=  1.6207 | scatter=  0.0503
f=     5.650 Hz | ky=  0.210474E-02 | IK=       3/      66 | t=    6.709100 s | CA=  2.5511 | fact=  2.4163 | GF=  1.7417 | solve=  1.6191 | scatter=  0.0514
f=     5.650 Hz | ky=  0.280632E-02 | IK=       4/      66 | t=    6.645800 s | CA=  2.4822 | fact=  2.4213 | GF=  1.7423 | solve=  1.6210 | scatter=  0.0501
f=     5.650 Hz | ky=  0.350790E-02 | IK=       5/      66 | t=    6.734200 s | CA=  2.5769 | fact=  2.4179 | GF=  1.7393 | solve=  1.6182 | scatter=  0.0498
f=     5.650 Hz | ky=  0.420949E-02 | IK=       6/      66 | t=    6.624900 s | CA=  2.4745 | fact=  2.4097 | GF=  1.7406 | solve=  1.6175 | scatter=  0.0519
f=     5.650 Hz | ky=  0.491107E-02 | IK=       7/      66 | t=    6.715700 s | CA=  2.5580 | fact=  2.4172 | GF=  1.7405 | solve=  1.6193 | scatter=  0.0500
f=     5.650 Hz | ky=  0.561265E-02 | IK=       8/      66 | t=    6.578300 s | CA=  2.4636 | fact=  2.3719 | GF=  1.7427 | solve=  1.6209 | scatter=  0.0501
f=     5.650 Hz | ky=  0.631423E-02 | IK=       9/      66 | t=    6.686100 s | CA=  2.5196 | fact=  2.4279 | GF=  1.7385 | solve=  1.6173 | scatter=  0.0501
f=     5.650 Hz | ky=  0.701581E-02 | IK=      10/      66 | t=    6.639000 s | CA=  2.4754 | fact=  2.4205 | GF=  1.7431 | solve=  1.6200 | scatter=  0.0518
f=     5.650 Hz | ky=  0.771739E-02 | IK=      11/      66 | t=    6.701400 s | CA=  2.5393 | fact=  2.4218 | GF=  1.7403 | solve=  1.6172 | scatter=  0.0519
PARDISO mem (f=  5.65 Hz): sym=  1.95 GB  perm=  1.42 GB  num=  3.22 GB  
peak=  4.64 GB
 WD_amp= 6.96913E+13  RESID_RMS= 8.53519E-04  FCOST_DATA= 3.64248E-07  FCOST0= 3.64248E-07
BT: alpha=  2.6622E-04  phi=  3.6425E-07  rhs=  3.6400E-07
 UPDATEPARAMETER: f-scale only
UPDATEPARAMETER PAR_STEP min/max, V_STEP min/max =  4.5090000000E+01  9.7271414460E+01
  4.5090000000E+01  9.7271414460E+01
 running run_ik_loop_pardiso
before CA | VmRSS=  19.638 GB  VmHWM=  95.099 GB
after CA | VmRSS=  20.448 GB  VmHWM=  95.099 GB
after factor | VmRSS=  24.204 GB  VmHWM=  95.099 GB
f=     5.650 Hz | ky=  0.701581E-03 | IK=       1/      66 | t=   16.919700 s | CA=  2.4728 | fact= 12.6052 | GF=  1.8415 | solve=  1.6909 | scatter=  0.0498
f=     5.650 Hz | ky=  0.140316E-02 | IK=       2/      66 | t=    6.673100 s | CA=  2.5289 | fact=  2.4014 | GF=  1.7428 | solve=  1.6202 | scatter=  0.0515
f=     5.650 Hz | ky=  0.210474E-02 | IK=       3/      66 | t=    6.621200 s | CA=  2.4861 | fact=  2.3916 | GF=  1.7435 | solve=  1.6217 | scatter=  0.0507
f=     5.650 Hz | ky=  0.280632E-02 | IK=       4/      66 | t=    6.747700 s | CA=  2.5817 | fact=  2.4172 | GF=  1.7488 | solve=  1.6267 | scatter=  0.0509
f=     5.650 Hz | ky=  0.350790E-02 | IK=       5/      66 | t=    6.636900 s | CA=  2.4815 | fact=  2.4114 | GF=  1.7439 | solve=  1.6200 | scatter=  0.0527
f=     5.650 Hz | ky=  0.420949E-02 | IK=       6/      66 | t=    6.730300 s | CA=  2.5751 | fact=  2.4153 | GF=  1.7399 | solve=  1.6186 | scatter=  0.0502
f=     5.650 Hz | ky=  0.491107E-02 | IK=       7/      66 | t=    6.674000 s | CA=  2.5101 | fact=  2.4172 | GF=  1.7466 | solve=  1.6253 | scatter=  0.0501
f=     5.650 Hz | ky=  0.561265E-02 | IK=       8/      66 | t=    6.657200 s | CA=  2.4844 | fact=  2.4286 | GF=  1.7441 | solve=  1.6226 | scatter=  0.0500
f=     5.650 Hz | ky=  0.631423E-02 | IK=       9/      66 | t=    6.747600 s | CA=  2.5856 | fact=  2.4192 | GF=  1.7427 | solve=  1.6210 | scatter=  0.0504
f=     5.650 Hz | ky=  0.701581E-02 | IK=      10/      66 | t=    6.716400 s | CA=  2.5484 | fact=  2.4258 | GF=  1.7421 | solve=  1.6200 | scatter=  0.0508
f=     5.650 Hz | ky=  0.771739E-02 | IK=      11/      66 | t=    6.723000 s | CA=  2.5649 | fact=  2.4118 | GF=  1.7463 | solve=  1.6242 | scatter=  0.0508
PARDISO mem (f=  5.65 Hz): sym=  1.95 GB  perm=  1.42 GB  num=  3.22 GB  
peak=  4.64 GB
 WD_amp= 6.96913E+13  RESID_RMS= 8.53373E-04  FCOST_DATA= 3.64123E-07  FCOST0= 3.64123E-07
BT: alpha=  1.3311E-04  phi=  3.6412E-07  rhs=  3.6400E-07
 UPDATEPARAMETER: f-scale only
UPDATEPARAMETER PAR_STEP min/max, V_STEP min/max =  4.5090000000E+01  9.7271004543E+01
  4.5090000000E+01  9.7271004543E+01
 running run_ik_loop_pardiso
before CA | VmRSS=  19.780 GB  VmHWM=  95.099 GB
after CA | VmRSS=  20.501 GB  VmHWM=  95.099 GB
after factor | VmRSS=  24.263 GB  VmHWM=  95.099 GB
f=     5.650 Hz | ky=  0.701581E-03 | IK=       1/      66 | t=   16.953800 s | CA=  2.5093 | fact= 12.6071 | GF=  1.8372 | solve=  1.6853 | scatter=  0.0511
f=     5.650 Hz | ky=  0.140316E-02 | IK=       2/      66 | t=    6.617500 s | CA=  2.4630 | fact=  2.4161 | GF=  1.7384 | solve=  1.6166 | scatter=  0.0506
f=     5.650 Hz | ky=  0.210474E-02 | IK=       3/      66 | t=    6.676700 s | CA=  2.5175 | fact=  2.4149 | GF=  1.7442 | solve=  1.6225 | scatter=  0.0501
f=     5.650 Hz | ky=  0.280632E-02 | IK=       4/      66 | t=    6.723400 s | CA=  2.5576 | fact=  2.4179 | GF=  1.7479 | solve=  1.6257 | scatter=  0.0511
f=     5.650 Hz | ky=  0.350790E-02 | IK=       5/      66 | t=    6.678900 s | CA=  2.5202 | fact=  2.4163 | GF=  1.7424 | solve=  1.6206 | scatter=  0.0507
f=     5.650 Hz | ky=  0.420949E-02 | IK=       6/      66 | t=    6.685800 s | CA=  2.5201 | fact=  2.4267 | GF=  1.7390 | solve=  1.6171 | scatter=  0.0506
f=     5.650 Hz | ky=  0.491107E-02 | IK=       7/      66 | t=    6.701800 s | CA=  2.5313 | fact=  2.4265 | GF=  1.7440 | solve=  1.6213 | scatter=  0.0516
f=     5.650 Hz | ky=  0.561265E-02 | IK=       8/      66 | t=    6.757800 s | CA=  2.5928 | fact=  2.4156 | GF=  1.7494 | solve=  1.6259 | scatter=  0.0523
f=     5.650 Hz | ky=  0.631423E-02 | IK=       9/      66 | t=    6.674200 s | CA=  2.5055 | fact=  2.4229 | GF=  1.7458 | solve=  1.6231 | scatter=  0.0514
f=     5.650 Hz | ky=  0.701581E-02 | IK=      10/      66 | t=    6.710900 s | CA=  2.5449 | fact=  2.4166 | GF=  1.7493 | solve=  1.6256 | scatter=  0.0521
f=     5.650 Hz | ky=  0.771739E-02 | IK=      11/      66 | t=    6.599300 s | CA=  2.4669 | fact=  2.3918 | GF=  1.7405 | solve=  1.6176 | scatter=  0.0517
PARDISO mem (f=  5.65 Hz): sym=  1.95 GB  perm=  1.42 GB  num=  3.22 GB  
peak=  4.64 GB
 WD_amp= 6.96913E+13  RESID_RMS= 8.53301E-04  FCOST_DATA= 3.64061E-07  FCOST0= 3.64061E-07
BT: alpha=  6.6555E-05  phi=  3.6406E-07  rhs=  3.6400E-07
 UPDATEPARAMETER: f-scale only
UPDATEPARAMETER PAR_STEP min/max, V_STEP min/max =  4.5090000000E+01  9.7270799584E+01
  4.5090000000E+01  9.7270799584E+01
 running run_ik_loop_pardiso
before CA | VmRSS=  19.135 GB  VmHWM=  95.099 GB
after CA | VmRSS=  19.763 GB  VmHWM=  95.099 GB
after factor | VmRSS=  23.519 GB  VmHWM=  95.099 GB
f=     5.650 Hz | ky=  0.701581E-03 | IK=       1/      66 | t=   16.928200 s | CA=  2.4818 | fact= 12.6105 | GF=  1.8357 | solve=  1.6836 | scatter=  0.0511
f=     5.650 Hz | ky=  0.140316E-02 | IK=       2/      66 | t=    6.694100 s | CA=  2.5348 | fact=  2.4198 | GF=  1.7395 | solve=  1.6175 | scatter=  0.0509
f=     5.650 Hz | ky=  0.210474E-02 | IK=       3/      66 | t=    6.716700 s | CA=  2.5618 | fact=  2.4153 | GF=  1.7396 | solve=  1.6178 | scatter=  0.0507
f=     5.650 Hz | ky=  0.280632E-02 | IK=       4/      66 | t=    6.670200 s | CA=  2.5084 | fact=  2.4157 | GF=  1.7461 | solve=  1.6227 | scatter=  0.0523
f=     5.650 Hz | ky=  0.350790E-02 | IK=       5/      66 | t=    6.736000 s | CA=  2.5696 | fact=  2.4206 | GF=  1.7457 | solve=  1.6223 | scatter=  0.0521
f=     5.650 Hz | ky=  0.420949E-02 | IK=       6/      66 | t=    6.680200 s | CA=  2.5180 | fact=  2.4210 | GF=  1.7411 | solve=  1.6176 | scatter=  0.0520
f=     5.650 Hz | ky=  0.491107E-02 | IK=       7/      66 | t=    6.722300 s | CA=  2.5568 | fact=  2.4217 | GF=  1.7438 | solve=  1.6220 | scatter=  0.0506
f=     5.650 Hz | ky=  0.561265E-02 | IK=       8/      66 | t=    6.652900 s | CA=  2.4912 | fact=  2.4197 | GF=  1.7420 | solve=  1.6187 | scatter=  0.0521
f=     5.650 Hz | ky=  0.631423E-02 | IK=       9/      66 | t=    6.636300 s | CA=  2.4638 | fact=  2.4244 | GF=  1.7481 | solve=  1.6260 | scatter=  0.0506
f=     5.650 Hz | ky=  0.701581E-02 | IK=      10/      66 | t=    6.699500 s | CA=  2.5334 | fact=  2.4198 | GF=  1.7463 | solve=  1.6245 | scatter=  0.0505
f=     5.650 Hz | ky=  0.771739E-02 | IK=      11/      66 | t=    6.741500 s | CA=  2.5666 | fact=  2.4281 | GF=  1.7468 | solve=  1.6248 | scatter=  0.0507
PARDISO mem (f=  5.65 Hz): sym=  1.95 GB  perm=  1.42 GB  num=  3.22 GB  
peak=  4.64 GB
 WD_amp= 6.96913E+13  RESID_RMS= 8.53264E-04  FCOST_DATA= 3.64030E-07  FCOST0= 3.64030E-07
BT: alpha=  3.3277E-05  phi=  3.6403E-07  rhs=  3.6400E-07
 UPDATEPARAMETER: f-scale only
UPDATEPARAMETER PAR_STEP min/max, V_STEP min/max =  4.5090000000E+01  9.7270656216E+01
  4.5090000000E+01  9.7270656216E+01
 running run_ik_loop_pardiso
before CA | VmRSS=  19.056 GB  VmHWM=  95.099 GB
after CA | VmRSS=  20.054 GB  VmHWM=  95.099 GB
after factor | VmRSS=  23.814 GB  VmHWM=  95.099 GB
f=     5.650 Hz | ky=  0.701581E-03 | IK=       1/      66 | t=   16.960000 s | CA=  2.5195 | fact= 12.6015 | GF=  1.8388 | solve=  1.6863 | scatter=  0.0517
f=     5.650 Hz | ky=  0.140316E-02 | IK=       2/      66 | t=    6.667200 s | CA=  2.5140 | fact=  2.4155 | GF=  1.7377 | solve=  1.6163 | scatter=  0.0499
f=     5.650 Hz | ky=  0.210474E-02 | IK=       3/      66 | t=    6.737400 s | CA=  2.5797 | fact=  2.4165 | GF=  1.7411 | solve=  1.6194 | scatter=  0.0506
f=     5.650 Hz | ky=  0.280632E-02 | IK=       4/      66 | t=    6.673700 s | CA=  2.5055 | fact=  2.4278 | GF=  1.7404 | solve=  1.6172 | scatter=  0.0520
f=     5.650 Hz | ky=  0.350790E-02 | IK=       5/      66 | t=    6.724600 s | CA=  2.5587 | fact=  2.4259 | GF=  1.7399 | solve=  1.6181 | scatter=  0.0503
f=     5.650 Hz | ky=  0.420949E-02 | IK=       6/      66 | t=    6.665800 s | CA=  2.5019 | fact=  2.4171 | GF=  1.7467 | solve=  1.6237 | scatter=  0.0518
f=     5.650 Hz | ky=  0.491107E-02 | IK=       7/      66 | t=    6.630700 s | CA=  2.5112 | fact=  2.3776 | GF=  1.7419 | solve=  1.6192 | scatter=  0.0515
f=     5.650 Hz | ky=  0.561265E-02 | IK=       8/      66 | t=    6.645000 s | CA=  2.4859 | fact=  2.4150 | GF=  1.7440 | solve=  1.6219 | scatter=  0.0508
f=     5.650 Hz | ky=  0.631423E-02 | IK=       9/      66 | t=    6.720900 s | CA=  2.5510 | fact=  2.4249 | GF=  1.7449 | solve=  1.6214 | scatter=  0.0523
f=     5.650 Hz | ky=  0.701581E-02 | IK=      10/      66 | t=    6.654900 s | CA=  2.4853 | fact=  2.4243 | GF=  1.7452 | solve=  1.6234 | scatter=  0.0504
f=     5.650 Hz | ky=  0.771739E-02 | IK=      11/      66 | t=    6.644600 s | CA=  2.4715 | fact=  2.4256 | GF=  1.7474 | solve=  1.6242 | scatter=  0.0519
PARDISO mem (f=  5.65 Hz): sym=  1.95 GB  perm=  1.42 GB  num=  3.22 GB  
peak=  4.64 GB
 WD_amp= 6.96913E+13  RESID_RMS= 8.53239E-04  FCOST_DATA= 3.64008E-07  FCOST0= 3.64008E-07
 Backtrack: failed after MAX_IT
 Line search failed (IFLAG=          11 ), inversion diverged.
 --------- Frequency   6.20000000000000       (band            1 )
[ComputeAcqWeight] empty acq_weight_file, using uniform weights = 1.0
Data weighting computed for frequency 4607182418800017373
XSRmin, XSRmax, ZSRmin, ZSRMax -1960.000000000000 .000000000000000 2050.000000000000 4030.000000000000
1 FKYC
1.2 FKYC
my_rank, FKYC,WLMAX, RMAX 0 .5081184639719144E-01 826.2546443294791 2786.036611389018
1.1 NK
NK in cky2= 66

  Number of wavenumber samples (NK) for FREQ =   66
  RMAX = 2786.04
Data weighting computed for frequency 4607182418800017373
Data weighting computed for frequency 4607182418800017373
Data weighting computed for frequency 4607182418800017373
Data weighting computed for frequency 4607182418800017373
Data weighting computed for frequency 4607182418800017373
--- Pre-solver preview (memory + RHS workload) ---
   GQG dims: NNX=       585  NNZ=       317  NPT=    185445
   DOF:     N=3*NPT =    556335
   Sources: NSR=       100  NSS=        20  NK=        66
   RHS total (per IK): nrhs_tot=3*NSS =        60
   Batch:    MAX_RHS_BATCH=        32  nbatches=         2
   GFMY  (GFX+GFY+GFZ):         16.414 GB
   RHS_MY(rhs+sol buffers):      0.531 GB
 
 running run_ik_loop_pardiso
before CA | VmRSS=  18.294 GB  VmHWM=  95.099 GB
after CA | VmRSS=  19.513 GB  VmHWM=  95.099 GB
after factor | VmRSS=  23.279 GB  VmHWM=  95.099 GB
f=     6.200 Hz | ky=  0.769876E-03 | IK=       1/      66 | t=   16.902000 s | CA=  2.4637 | fact= 12.6007 | GF=  1.8374 | solve=  1.6856 | scatter=  0.0512
f=     6.200 Hz | ky=  0.153975E-02 | IK=       2/      66 | t=    6.642800 s | CA=  2.5003 | fact=  2.4025 | GF=  1.7400 | solve=  1.6181 | scatter=  0.0508
f=     6.200 Hz | ky=  0.230963E-02 | IK=       3/      66 | t=    6.658700 s | CA=  2.5046 | fact=  2.4144 | GF=  1.7397 | solve=  1.6180 | scatter=  0.0504
f=     6.200 Hz | ky=  0.307951E-02 | IK=       4/      66 | t=    6.766800 s | CA=  2.6062 | fact=  2.4130 | GF=  1.7475 | solve=  1.6262 | scatter=  0.0500
f=     6.200 Hz | ky=  0.384938E-02 | IK=       5/      66 | t=    6.671400 s | CA=  2.5160 | fact=  2.4143 | GF=  1.7410 | solve=  1.6180 | scatter=  0.0518
f=     6.200 Hz | ky=  0.461926E-02 | IK=       6/      66 | t=    6.745900 s | CA=  2.5831 | fact=  2.4168 | GF=  1.7459 | solve=  1.6238 | scatter=  0.0509
f=     6.200 Hz | ky=  0.538914E-02 | IK=       7/      66 | t=    6.673000 s | CA=  2.5038 | fact=  2.4235 | GF=  1.7457 | solve=  1.6212 | scatter=  0.0527
f=     6.200 Hz | ky=  0.615901E-02 | IK=       8/      66 | t=    6.707300 s | CA=  2.5413 | fact=  2.4228 | GF=  1.7432 | solve=  1.6210 | scatter=  0.0509
f=     6.200 Hz | ky=  0.692889E-02 | IK=       9/      66 | t=    6.697800 s | CA=  2.5306 | fact=  2.4242 | GF=  1.7430 | solve=  1.6194 | scatter=  0.0523
f=     6.200 Hz | ky=  0.769876E-02 | IK=      10/      66 | t=    6.660200 s | CA=  2.4981 | fact=  2.4148 | GF=  1.7472 | solve=  1.6240 | scatter=  0.0518
f=     6.200 Hz | ky=  0.846864E-02 | IK=      11/      66 | t=    6.753200 s | CA=  2.5871 | fact=  2.4212 | GF=  1.7448 | solve=  1.6227 | scatter=  0.0508
PARDISO mem (f=  6.20 Hz): sym=  1.95 GB  perm=  1.42 GB  num=  3.22 GB  
peak=  4.64 GB
t_global   =    124.060 s
TIME for 1st forward modeling =  2.067675018310547  min
TIME for GT0 =  .6188333531220754E-02  min
Data scaler W for L2 norm: 74609991057523.44
Data scaler W for WQS norm: .1007948000807317E-312
Total number of active inversion parameters for current sequential stage (IM):          1
Total model blocks points (NM = IM * NBLOCK):      11534 on grid (NMM = IM * NPT):    185445
 Gradient balance ():   1.00000000000000        1.00000000000000     
   1.00000000000000        1.00000000000000        1.00000000000000     
   1.00000000000000        1.00000000000000        1.00000000000000     
   1.00000000000000        1.00000000000000        1.00000000000000     
 IE0, IZ          30           0
 IE0, IZ, GZ1, GZ2 =           30           0   100.000000000000     
   300.000000000000     
  
 Frequency:           9 Iteration:           1
--- Pre-solver preview (memory + RHS workload) ---
   GQG dims: NNX=       585  NNZ=       317  NPT=    185445
   DOF:     N=3*NPT =    556335
   Sources: NSR=       100  NSS=       100  NK=        66
   RHS total (per IK): nrhs_tot=3*NSS =       300
   Batch:    MAX_RHS_BATCH=        32  nbatches=        10
   GFMY  (GFX+GFY+GFZ):         82.071 GB
   RHS_MY(rhs+sol buffers):      0.531 GB
 
 running run_ik_loop_pardiso
before CA | VmRSS=  84.772 GB  VmHWM=  95.099 GB
after CA | VmRSS=  85.403 GB  VmHWM=  95.099 GB
after factor | VmRSS=  89.162 GB  VmHWM=  95.099 GB
f=     6.200 Hz | ky=  0.769876E-03 | IK=       1/      66 | t=   23.708500 s | CA=  2.4486 | fact= 12.6141 | GF=  8.6456 | solve=  7.9986 | scatter=  0.2546
f=     6.200 Hz | ky=  0.153975E-02 | IK=       2/      66 | t=   13.422100 s | CA=  2.4527 | fact=  2.4219 | GF=  8.5474 | solve=  7.9307 | scatter=  0.2544
f=     6.200 Hz | ky=  0.230963E-02 | IK=       3/      66 | t=   13.416100 s | CA=  2.4682 | fact=  2.4121 | GF=  8.5358 | solve=  7.9231 | scatter=  0.2509
f=     6.200 Hz | ky=  0.307951E-02 | IK=       4/      66 | t=   13.473100 s | CA=  2.4941 | fact=  2.4207 | GF=  8.5583 | solve=  7.9419 | scatter=  0.2541
f=     6.200 Hz | ky=  0.384938E-02 | IK=       5/      66 | t=   13.438300 s | CA=  2.4582 | fact=  2.4223 | GF=  8.5577 | solve=  7.9445 | scatter=  0.2511
f=     6.200 Hz | ky=  0.461926E-02 | IK=       6/      66 | t=   13.440200 s | CA=  2.4506 | fact=  2.4220 | GF=  8.5676 | solve=  7.9500 | scatter=  0.2547
f=     6.200 Hz | ky=  0.538914E-02 | IK=       7/      66 | t=   13.513100 s | CA=  2.5398 | fact=  2.4263 | GF=  8.5469 | solve=  7.9315 | scatter=  0.2527
f=     6.200 Hz | ky=  0.615901E-02 | IK=       8/      66 | t=   13.487900 s | CA=  2.4788 | fact=  2.4227 | GF=  8.5864 | solve=  7.9684 | scatter=  0.2545
f=     6.200 Hz | ky=  0.692889E-02 | IK=       9/      66 | t=   13.471000 s | CA=  2.4910 | fact=  2.4210 | GF=  8.5590 | solve=  7.9402 | scatter=  0.2555
f=     6.200 Hz | ky=  0.769876E-02 | IK=      10/      66 | t=   13.451400 s | CA=  2.4346 | fact=  2.4364 | GF=  8.5804 | solve=  7.9603 | scatter=  0.2561
f=     6.200 Hz | ky=  0.846864E-02 | IK=      11/      66 | t=   13.449100 s | CA=  2.4761 | fact=  2.4057 | GF=  8.5673 | solve=  7.9478 | scatter=  0.2550
PARDISO mem (f=  6.20 Hz): sym=  1.95 GB  perm=  1.42 GB  num=  3.22 GB  
peak=  4.64 GB
t_global   =    350.203 s
TIME for 2d forward modeling_i calc =  5.834861755371094 min
Rank    5 -> ID range:   4001 to   4800 | Tasks:    800
Rank    4 -> ID range:   3201 to   4000 | Tasks:    800
Rank    2 -> ID range:   1601 to   2400 | Tasks:    800
Rank    1 -> ID range:    801 to   1600 | Tasks:    800
Rank    3 -> ID range:   2401 to   3200 | Tasks:    800
  
 -------------- calculate Frechet derivatives -----------
 IFREQ =           9    ITERATION =           1
Frechet memory size Frec_my:      0.825 (Gb)
Rank    0 -> ID range:      1 to    800 | Tasks:    800
FREQ:      6.2 Hz, ITER=       1  Frechet Derivative ID=     100/    4800 Finished   0.255200 s
FREQ:      6.2 Hz, ITER=       1  Frechet Derivative ID=     200/    4800 Finished   0.256600 s
FREQ:      6.2 Hz, ITER=       1  Frechet Derivative ID=     300/    4800 Finished   0.257300 s
FREQ:      6.2 Hz, ITER=       1  Frechet Derivative ID=     400/    4800 Finished   0.228600 s
FREQ:      6.2 Hz, ITER=       1  Frechet Derivative ID=     500/    4800 Finished   0.239200 s
FREQ:      6.2 Hz, ITER=       1  Frechet Derivative ID=     600/    4800 Finished   0.239200 s
FREQ:      6.2 Hz, ITER=       1  Frechet Derivative ID=     700/    4800 Finished   0.239500 s
FREQ:      6.2 Hz, ITER=       1  Frechet Derivative ID=     800/    4800 Finished   0.239800 s
||Frechet||_F=  1.9032E-13max|Frechet|=  2.4905E-18
||Frechet||_F=  1.9032E-13max|Frechet|=  2.4905E-18
||Frechet||_F=  1.9032E-13max|Frechet|=  2.4905E-18
 
TIME for Frechet calc =  3.638636779785156 min
 
m_fine: min=  4.5090E+01  max=  9.7271E+01  mean=  7.7851E+01  ||.||2=  3.4694E+04  size=  185445
m_coarse_prev: min=  4.5136E+01  max=  9.7132E+01  mean=  7.7872E+01  ||.||2=  8.6540E+03  size=   11534
 
  compute the residual and the cost function
 WD_amp= 7.46100E+13  RESID_RMS= 9.38195E-04  FCOST_DATA= 4.40105E-07  FCOST0= 4.40105E-07
||Frechet||_F=  1.9032E-13max|Frechet|=  2.4905E-18
||Frechet||_F=  1.9032E-13max|Frechet|=  2.4905E-18
||Frechet||_F=  1.9032E-13max|Frechet|=  2.4905E-18
IA= 11  H(single F0) min= 0.00000E+00  max= 1.78479E-03
IA= 11  H(F0^2)     min= 0.00000E+00  max= 1.78479E-03
IA= 11  H(single F0) min= 0.00000E+00  max= 1.78479E-03
IA= 11  H(F0^2)     min= 0.00000E+00  max= 1.78479E-03
HESSD: ia=  11  min= 0.00000E+00  max= 1.12036E+05
HESSD: ia=  11  min= 0.00000E+00  max= 1.12036E+05
IA= 11  H(single F0) min= 0.00000E+00  max= 1.78479E-03
IA= 11  H(F0^2)     min= 0.00000E+00  max= 1.78479E-03
HESSD: ia=  11  min= 0.00000E+00  max= 1.12036E+05
IA= 11  H(single F0) min= 0.00000E+00  max= 1.78479E-03
IA= 11  H(F0^2)     min= 0.00000E+00  max= 1.78479E-03
HESSD: ia=  11  min= 0.00000E+00  max= 1.12036E+05
IA= 11  H(single F0) min= 0.00000E+00  max= 1.78479E-03
IA= 11  H(F0^2)     min= 0.00000E+00  max= 1.78479E-03
HESSD: ia=  11  min= 0.00000E+00  max= 1.12036E+05
IA= 11  H(single F0) min= 0.00000E+00  max= 1.78479E-03
IA= 11  H(F0^2)     min= 0.00000E+00  max= 1.78479E-03
HESSD: ia=  11  min= 0.00000E+00  max= 1.12036E+05
Grad block  11 GRAD_SCALED MORM =   1.6435E-05
Raw grad block 11  PAR={Q66}  min= -4.3061E-10  max=  4.7553E-10  L2=  3.7498E-09
Gradient finished
Start LBFGS 
LBFGS steepest step , iter=      1
  g·p = -6.2171E-07  ||p|| =  1.2957E-01
  min(p)= -9.8919E-03  max(p)=  1.0841E-02
LBFGS p_k (unscaled) stats per active parameter:
  IA= 11  PAR={Q66}  min=-4.50737E+01  max= 4.93995E+01  L2= 5.90410E+02
min(p_k)= -9.8919E-03  max(p_k)=  1.0841E-02  ||p_k||=  1.2957E-01
min(p_kf)= -9.8919E-03  max(p_kf)=  1.0841E-02  ||p_kf||=  5.1829E-01
p_k/p_kf  =   2.5000E-01
Start linesearch
BT entry: phi(0)=  4.4011E-07  g·p(0)= -6.2171E-07
 UPDATEPARAMETER: f-scale only
UPDATEPARAMETER PAR_STEP min/max, V_STEP min/max =  3.3799117324E+01  1.1309678751E+02
  3.3799117324E+01  1.1309678751E+02
REL STEP Q      : k= 11 row=  6 rmax_k=  8.5895E-01 row_scale=  9.7271E+01
BT cap probe: rmax1=  8.5895E-01  alpha_cap=  5.8211E-01  alpha00=  1.0000E+00
 UPDATEPARAMETER: f-scale only
UPDATEPARAMETER PAR_STEP min/max, V_STEP min/max =  4.1263159460E+01  9.8976249858E+01
  4.1263159460E+01  9.8976249858E+01
 running run_ik_loop_pardiso
before CA | VmRSS=  19.166 GB  VmHWM=  95.099 GB
after CA | VmRSS=  19.770 GB  VmHWM=  95.099 GB
after factor | VmRSS=  23.535 GB  VmHWM=  95.099 GB
f=     6.200 Hz | ky=  0.769876E-03 | IK=       1/      66 | t=   16.941400 s | CA=  2.4657 | fact= 12.6220 | GF=  1.8535 | solve=  1.7005 | scatter=  0.0524
f=     6.200 Hz | ky=  0.153975E-02 | IK=       2/      66 | t=    6.651600 s | CA=  2.4658 | fact=  2.4298 | GF=  1.7559 | solve=  1.6335 | scatter=  0.0509
f=     6.200 Hz | ky=  0.230963E-02 | IK=       3/      66 | t=    6.677900 s | CA=  2.5031 | fact=  2.4297 | GF=  1.7451 | solve=  1.6223 | scatter=  0.0512
f=     6.200 Hz | ky=  0.307951E-02 | IK=       4/      66 | t=    6.663800 s | CA=  2.4853 | fact=  2.4298 | GF=  1.7487 | solve=  1.6266 | scatter=  0.0506
f=     6.200 Hz | ky=  0.384938E-02 | IK=       5/      66 | t=    6.637000 s | CA=  2.4725 | fact=  2.4133 | GF=  1.7512 | solve=  1.6265 | scatter=  0.0530
f=     6.200 Hz | ky=  0.461926E-02 | IK=       6/      66 | t=    6.637400 s | CA=  2.4888 | fact=  2.4046 | GF=  1.7439 | solve=  1.6220 | scatter=  0.0507
f=     6.200 Hz | ky=  0.538914E-02 | IK=       7/      66 | t=    6.701700 s | CA=  2.5273 | fact=  2.4273 | GF=  1.7470 | solve=  1.6253 | scatter=  0.0503
f=     6.200 Hz | ky=  0.615901E-02 | IK=       8/      66 | t=    6.605800 s | CA=  2.4644 | fact=  2.4002 | GF=  1.7411 | solve=  1.6197 | scatter=  0.0501
f=     6.200 Hz | ky=  0.692889E-02 | IK=       9/      66 | t=    6.651900 s | CA=  2.4810 | fact=  2.4220 | GF=  1.7489 | solve=  1.6251 | scatter=  0.0525
f=     6.200 Hz | ky=  0.769876E-02 | IK=      10/      66 | t=    6.647100 s | CA=  2.4726 | fact=  2.4273 | GF=  1.7472 | solve=  1.6255 | scatter=  0.0504
f=     6.200 Hz | ky=  0.846864E-02 | IK=      11/      66 | t=    6.690500 s | CA=  2.5148 | fact=  2.4260 | GF=  1.7497 | solve=  1.6275 | scatter=  0.0507
PARDISO mem (f=  6.20 Hz): sym=  1.95 GB  perm=  1.42 GB  num=  3.22 GB  
peak=  4.64 GB
 WD_amp= 7.46100E+13  RESID_RMS= 1.94592E-03  FCOST_DATA= 1.89330E-06  FCOST0= 1.89330E-06
BT: alpha=  5.8211E-01  phi=  1.8933E-06  rhs=  4.4007E-07
 UPDATEPARAMETER: f-scale only
UPDATEPARAMETER PAR_STEP min/max, V_STEP min/max =  4.3687570253E+01  9.8032868450E+01
  4.3687570253E+01  9.8032868450E+01
 running run_ik_loop_pardiso
before CA | VmRSS=  19.158 GB  VmHWM=  95.099 GB
after CA | VmRSS=  20.712 GB  VmHWM=  95.099 GB
after factor | VmRSS=  24.467 GB  VmHWM=  95.099 GB
f=     6.200 Hz | ky=  0.769876E-03 | IK=       1/      66 | t=   16.918700 s | CA=  2.4648 | fact= 12.6110 | GF=  1.8428 | solve=  1.6924 | scatter=  0.0496
f=     6.200 Hz | ky=  0.153975E-02 | IK=       2/      66 | t=    6.618200 s | CA=  2.4875 | fact=  2.3872 | GF=  1.7434 | solve=  1.6212 | scatter=  0.0511
f=     6.200 Hz | ky=  0.230963E-02 | IK=       3/      66 | t=    6.662000 s | CA=  2.4972 | fact=  2.4221 | GF=  1.7426 | solve=  1.6183 | scatter=  0.0530
f=     6.200 Hz | ky=  0.307951E-02 | IK=       4/      66 | t=    6.629300 s | CA=  2.4881 | fact=  2.3921 | GF=  1.7491 | solve=  1.6273 | scatter=  0.0507
f=     6.200 Hz | ky=  0.384938E-02 | IK=       5/      66 | t=    6.651200 s | CA=  2.4881 | fact=  2.4138 | GF=  1.7493 | solve=  1.6260 | scatter=  0.0523
f=     6.200 Hz | ky=  0.461926E-02 | IK=       6/      66 | t=    6.605800 s | CA=  2.4795 | fact=  2.3801 | GF=  1.7462 | solve=  1.6232 | scatter=  0.0519
f=     6.200 Hz | ky=  0.538914E-02 | IK=       7/      66 | t=    6.641000 s | CA=  2.4716 | fact=  2.4244 | GF=  1.7449 | solve=  1.6206 | scatter=  0.0529
f=     6.200 Hz | ky=  0.615901E-02 | IK=       8/      66 | t=    6.671700 s | CA=  2.4998 | fact=  2.4217 | GF=  1.7501 | solve=  1.6277 | scatter=  0.0511
f=     6.200 Hz | ky=  0.692889E-02 | IK=       9/      66 | t=    6.636900 s | CA=  2.4892 | fact=  2.4008 | GF=  1.7469 | solve=  1.6245 | scatter=  0.0508
f=     6.200 Hz | ky=  0.769876E-02 | IK=      10/      66 | t=    6.599900 s | CA=  2.4792 | fact=  2.3759 | GF=  1.7448 | solve=  1.6229 | scatter=  0.0506
f=     6.200 Hz | ky=  0.846864E-02 | IK=      11/      66 | t=    6.612900 s | CA=  2.4490 | fact=  2.4187 | GF=  1.7452 | solve=  1.6224 | scatter=  0.0515
PARDISO mem (f=  6.20 Hz): sym=  1.95 GB  perm=  1.42 GB  num=  3.22 GB  
peak=  4.64 GB
 WD_amp= 7.46100E+13  RESID_RMS= 1.38063E-03  FCOST_DATA= 9.53074E-07  FCOST0= 9.53074E-07
BT: alpha=  2.9105E-01  phi=  9.5307E-07  rhs=  4.4009E-07
 UPDATEPARAMETER: f-scale only
UPDATEPARAMETER PAR_STEP min/max, V_STEP min/max =  4.4712987743E+01  9.7561177746E+01
  4.4712987743E+01  9.7561177746E+01
 running run_ik_loop_pardiso
before CA | VmRSS=  19.751 GB  VmHWM=  95.099 GB
after CA | VmRSS=  20.390 GB  VmHWM=  95.099 GB
after factor | VmRSS=  24.157 GB  VmHWM=  95.099 GB
f=     6.200 Hz | ky=  0.769876E-03 | IK=       1/      66 | t=   16.904700 s | CA=  2.4469 | fact= 12.6216 | GF=  1.8361 | solve=  1.6848 | scatter=  0.0511
f=     6.200 Hz | ky=  0.153975E-02 | IK=       2/      66 | t=    6.638300 s | CA=  2.4860 | fact=  2.4098 | GF=  1.7424 | solve=  1.6192 | scatter=  0.0520
f=     6.200 Hz | ky=  0.230963E-02 | IK=       3/      66 | t=    6.626700 s | CA=  2.4674 | fact=  2.4230 | GF=  1.7363 | solve=  1.6150 | scatter=  0.0500
f=     6.200 Hz | ky=  0.307951E-02 | IK=       4/      66 | t=    6.638900 s | CA=  2.4780 | fact=  2.4191 | GF=  1.7418 | solve=  1.6201 | scatter=  0.0506
f=     6.200 Hz | ky=  0.384938E-02 | IK=       5/      66 | t=    6.612500 s | CA=  2.4530 | fact=  2.4166 | GF=  1.7429 | solve=  1.6197 | scatter=  0.0519
f=     6.200 Hz | ky=  0.461926E-02 | IK=       6/      66 | t=    6.684300 s | CA=  2.5182 | fact=  2.4266 | GF=  1.7395 | solve=  1.6180 | scatter=  0.0501
f=     6.200 Hz | ky=  0.538914E-02 | IK=       7/      66 | t=    6.656800 s | CA=  2.4917 | fact=  2.4194 | GF=  1.7456 | solve=  1.6227 | scatter=  0.0517
f=     6.200 Hz | ky=  0.615901E-02 | IK=       8/      66 | t=    6.666000 s | CA=  2.4966 | fact=  2.4269 | GF=  1.7425 | solve=  1.6211 | scatter=  0.0503
f=     6.200 Hz | ky=  0.692889E-02 | IK=       9/      66 | t=    6.715700 s | CA=  2.5432 | fact=  2.4279 | GF=  1.7446 | solve=  1.6213 | scatter=  0.0520
f=     6.200 Hz | ky=  0.769876E-02 | IK=      10/      66 | t=    6.646900 s | CA=  2.4793 | fact=  2.4254 | GF=  1.7422 | solve=  1.6197 | scatter=  0.0513
f=     6.200 Hz | ky=  0.846864E-02 | IK=      11/      66 | t=    6.667500 s | CA=  2.5040 | fact=  2.4215 | GF=  1.7420 | solve=  1.6178 | scatter=  0.0530
PARDISO mem (f=  6.20 Hz): sym=  1.95 GB  perm=  1.42 GB  num=  3.22 GB  
peak=  4.64 GB
 WD_amp= 7.46100E+13  RESID_RMS= 1.12254E-03  FCOST_DATA= 6.30047E-07  FCOST0= 6.30047E-07
BT: alpha=  1.4553E-01  phi=  6.3005E-07  rhs=  4.4010E-07
 UPDATEPARAMETER: f-scale only
UPDATEPARAMETER PAR_STEP min/max, V_STEP min/max =  4.5090000000E+01  9.7330479736E+01
  4.5090000000E+01  9.7330479736E+01
 running run_ik_loop_pardiso
before CA | VmRSS=  19.171 GB  VmHWM=  95.099 GB
after CA | VmRSS=  20.388 GB  VmHWM=  95.099 GB
after factor | VmRSS=  24.150 GB  VmHWM=  95.099 GB
f=     6.200 Hz | ky=  0.769876E-03 | IK=       1/      66 | t=   16.941700 s | CA=  2.4849 | fact= 12.6155 | GF=  1.8411 | solve=  1.6906 | scatter=  0.0502
f=     6.200 Hz | ky=  0.153975E-02 | IK=       2/      66 | t=    6.635600 s | CA=  2.4739 | fact=  2.4107 | GF=  1.7510 | solve=  1.6283 | scatter=  0.0514
f=     6.200 Hz | ky=  0.230963E-02 | IK=       3/      66 | t=    6.660300 s | CA=  2.5052 | fact=  2.4135 | GF=  1.7416 | solve=  1.6195 | scatter=  0.0510
f=     6.200 Hz | ky=  0.307951E-02 | IK=       4/      66 | t=    6.649100 s | CA=  2.4954 | fact=  2.4119 | GF=  1.7418 | solve=  1.6191 | scatter=  0.0515
f=     6.200 Hz | ky=  0.384938E-02 | IK=       5/      66 | t=    6.687700 s | CA=  2.5226 | fact=  2.4233 | GF=  1.7418 | solve=  1.6188 | scatter=  0.0518
f=     6.200 Hz | ky=  0.461926E-02 | IK=       6/      66 | t=    6.628500 s | CA=  2.4693 | fact=  2.4138 | GF=  1.7453 | solve=  1.6227 | scatter=  0.0514
f=     6.200 Hz | ky=  0.538914E-02 | IK=       7/      66 | t=    6.638800 s | CA=  2.4805 | fact=  2.4159 | GF=  1.7424 | solve=  1.6201 | scatter=  0.0510
f=     6.200 Hz | ky=  0.615901E-02 | IK=       8/      66 | t=    6.639200 s | CA=  2.4745 | fact=  2.4207 | GF=  1.7439 | solve=  1.6217 | scatter=  0.0510
f=     6.200 Hz | ky=  0.692889E-02 | IK=       9/      66 | t=    6.706100 s | CA=  2.5449 | fact=  2.4166 | GF=  1.7445 | solve=  1.6212 | scatter=  0.0520
f=     6.200 Hz | ky=  0.769876E-02 | IK=      10/      66 | t=    6.644500 s | CA=  2.4847 | fact=  2.4146 | GF=  1.7451 | solve=  1.6219 | scatter=  0.0520
f=     6.200 Hz | ky=  0.846864E-02 | IK=      11/      66 | t=    6.672700 s | CA=  2.5041 | fact=  2.4286 | GF=  1.7400 | solve=  1.6160 | scatter=  0.0528
PARDISO mem (f=  6.20 Hz): sym=  1.95 GB  perm=  1.42 GB  num=  3.22 GB  
peak=  4.64 GB
 WD_amp= 7.46100E+13  RESID_RMS= 1.01615E-03  FCOST_DATA= 5.16277E-07  FCOST0= 5.16277E-07
BT: alpha=  7.2764E-02  phi=  5.1628E-07  rhs=  4.4010E-07
 UPDATEPARAMETER: f-scale only
UPDATEPARAMETER PAR_STEP min/max, V_STEP min/max =  4.5090000000E+01  9.7300537181E+01
  4.5090000000E+01  9.7300537181E+01
 running run_ik_loop_pardiso
before CA | VmRSS=  19.144 GB  VmHWM=  95.099 GB
after CA | VmRSS=  19.810 GB  VmHWM=  95.099 GB
after factor | VmRSS=  23.576 GB  VmHWM=  95.099 GB
f=     6.200 Hz | ky=  0.769876E-03 | IK=       1/      66 | t=   16.935800 s | CA=  2.4850 | fact= 12.6146 | GF=  1.8360 | solve=  1.6857 | scatter=  0.0493
f=     6.200 Hz | ky=  0.153975E-02 | IK=       2/      66 | t=    6.638300 s | CA=  2.4867 | fact=  2.4159 | GF=  1.7357 | solve=  1.6140 | scatter=  0.0507
f=     6.200 Hz | ky=  0.230963E-02 | IK=       3/      66 | t=    6.619400 s | CA=  2.4871 | fact=  2.3942 | GF=  1.7381 | solve=  1.6179 | scatter=  0.0491
f=     6.200 Hz | ky=  0.307951E-02 | IK=       4/      66 | t=    6.677600 s | CA=  2.5068 | fact=  2.4237 | GF=  1.7470 | solve=  1.6243 | scatter=  0.0512
f=     6.200 Hz | ky=  0.384938E-02 | IK=       5/      66 | t=    6.693900 s | CA=  2.5230 | fact=  2.4267 | GF=  1.7441 | solve=  1.6223 | scatter=  0.0506
f=     6.200 Hz | ky=  0.461926E-02 | IK=       6/      66 | t=    6.651400 s | CA=  2.4829 | fact=  2.4297 | GF=  1.7388 | solve=  1.6160 | scatter=  0.0514
f=     6.200 Hz | ky=  0.538914E-02 | IK=       7/      66 | t=    6.656400 s | CA=  2.4881 | fact=  2.4226 | GF=  1.7457 | solve=  1.6217 | scatter=  0.0521
f=     6.200 Hz | ky=  0.615901E-02 | IK=       8/      66 | t=    6.687900 s | CA=  2.5494 | fact=  2.3952 | GF=  1.7432 | solve=  1.6214 | scatter=  0.0506
f=     6.200 Hz | ky=  0.692889E-02 | IK=       9/      66 | t=    6.628200 s | CA=  2.4894 | fact=  2.3991 | GF=  1.7397 | solve=  1.6177 | scatter=  0.0507
f=     6.200 Hz | ky=  0.769876E-02 | IK=      10/      66 | t=    6.668900 s | CA=  2.4978 | fact=  2.4271 | GF=  1.7440 | solve=  1.6214 | scatter=  0.0510
f=     6.200 Hz | ky=  0.846864E-02 | IK=      11/      66 | t=    6.672700 s | CA=  2.5022 | fact=  2.4275 | GF=  1.7429 | solve=  1.6206 | scatter=  0.0509
PARDISO mem (f=  6.20 Hz): sym=  1.95 GB  perm=  1.42 GB  num=  3.22 GB  
peak=  4.64 GB
 WD_amp= 7.46100E+13  RESID_RMS= 9.72811E-04  FCOST_DATA= 4.73180E-07  FCOST0= 4.73180E-07
BT: alpha=  3.6382E-02  phi=  4.7318E-07  rhs=  4.4010E-07
 UPDATEPARAMETER: f-scale only
UPDATEPARAMETER PAR_STEP min/max, V_STEP min/max =  4.5090000000E+01  9.7285565903E+01
  4.5090000000E+01  9.7285565903E+01
 running run_ik_loop_pardiso
before CA | VmRSS=  19.784 GB  VmHWM=  95.099 GB
after CA | VmRSS=  20.452 GB  VmHWM=  95.099 GB
after factor | VmRSS=  24.223 GB  VmHWM=  95.099 GB
f=     6.200 Hz | ky=  0.769876E-03 | IK=       1/      66 | t=   16.929000 s | CA=  2.4827 | fact= 12.6108 | GF=  1.8353 | solve=  1.6831 | scatter=  0.0514
f=     6.200 Hz | ky=  0.153975E-02 | IK=       2/      66 | t=    6.556800 s | CA=  2.4355 | fact=  2.4148 | GF=  1.7065 | solve=  1.5847 | scatter=  0.0506
f=     6.200 Hz | ky=  0.230963E-02 | IK=       3/      66 | t=    6.602400 s | CA=  2.4843 | fact=  2.4100 | GF=  1.7081 | solve=  1.5858 | scatter=  0.0512
f=     6.200 Hz | ky=  0.307951E-02 | IK=       4/      66 | t=    6.569500 s | CA=  2.4621 | fact=  2.3971 | GF=  1.7103 | solve=  1.5875 | scatter=  0.0517
f=     6.200 Hz | ky=  0.384938E-02 | IK=       5/      66 | t=    6.626600 s | CA=  2.4911 | fact=  2.4303 | GF=  1.7052 | solve=  1.5833 | scatter=  0.0507
f=     6.200 Hz | ky=  0.461926E-02 | IK=       6/      66 | t=    6.576500 s | CA=  2.4535 | fact=  2.4157 | GF=  1.7073 | solve=  1.5848 | scatter=  0.0514
f=     6.200 Hz | ky=  0.538914E-02 | IK=       7/      66 | t=    6.593000 s | CA=  2.4958 | fact=  2.3909 | GF=  1.7063 | solve=  1.5839 | scatter=  0.0512
f=     6.200 Hz | ky=  0.615901E-02 | IK=       8/      66 | t=    6.646700 s | CA=  2.4937 | fact=  2.4430 | GF=  1.7099 | solve=  1.5879 | scatter=  0.0508
f=     6.200 Hz | ky=  0.692889E-02 | IK=       9/      66 | t=    6.588300 s | CA=  2.4581 | fact=  2.4216 | GF=  1.7086 | solve=  1.5855 | scatter=  0.0519
f=     6.200 Hz | ky=  0.769876E-02 | IK=      10/      66 | t=    6.582200 s | CA=  2.4502 | fact=  2.4250 | GF=  1.7070 | solve=  1.5853 | scatter=  0.0503
f=     6.200 Hz | ky=  0.846864E-02 | IK=      11/      66 | t=    6.690700 s | CA=  2.5520 | fact=  2.4299 | GF=  1.7088 | solve=  1.5846 | scatter=  0.0526
PARDISO mem (f=  6.20 Hz): sym=  1.95 GB  perm=  1.42 GB  num=  3.22 GB  
peak=  4.64 GB
 WD_amp= 7.46100E+13  RESID_RMS= 9.54304E-04  FCOST_DATA= 4.55348E-07  FCOST0= 4.55348E-07
BT: alpha=  1.8191E-02  phi=  4.5535E-07  rhs=  4.4010E-07
 UPDATEPARAMETER: f-scale only
UPDATEPARAMETER PAR_STEP min/max, V_STEP min/max =  4.5090000000E+01  9.7278080264E+01
  4.5090000000E+01  9.7278080264E+01
 running run_ik_loop_pardiso
before CA | VmRSS=  19.140 GB  VmHWM=  95.099 GB
after CA | VmRSS=  20.413 GB  VmHWM=  95.099 GB
after factor | VmRSS=  24.170 GB  VmHWM=  95.099 GB
f=     6.200 Hz | ky=  0.769876E-03 | IK=       1/      66 | t=   16.931300 s | CA=  2.4902 | fact= 12.6035 | GF=  1.8374 | solve=  1.6855 | scatter=  0.0512
f=     6.200 Hz | ky=  0.153975E-02 | IK=       2/      66 | t=    6.697700 s | CA=  2.5361 | fact=  2.4180 | GF=  1.7435 | solve=  1.6204 | scatter=  0.0520
f=     6.200 Hz | ky=  0.230963E-02 | IK=       3/      66 | t=    6.619500 s | CA=  2.4787 | fact=  2.4004 | GF=  1.7403 | solve=  1.6188 | scatter=  0.0502
f=     6.200 Hz | ky=  0.307951E-02 | IK=       4/      66 | t=    6.672500 s | CA=  2.5077 | fact=  2.4223 | GF=  1.7424 | solve=  1.6194 | scatter=  0.0516
f=     6.200 Hz | ky=  0.384938E-02 | IK=       5/      66 | t=    6.648600 s | CA=  2.4950 | fact=  2.4113 | GF=  1.7422 | solve=  1.6195 | scatter=  0.0516
f=     6.200 Hz | ky=  0.461926E-02 | IK=       6/      66 | t=    6.629700 s | CA=  2.5007 | fact=  2.3902 | GF=  1.7388 | solve=  1.6169 | scatter=  0.0506
f=     6.200 Hz | ky=  0.538914E-02 | IK=       7/      66 | t=    6.665700 s | CA=  2.5006 | fact=  2.4214 | GF=  1.7437 | solve=  1.6225 | scatter=  0.0500
f=     6.200 Hz | ky=  0.615901E-02 | IK=       8/      66 | t=    6.738200 s | CA=  2.5776 | fact=  2.4196 | GF=  1.7410 | solve=  1.6185 | scatter=  0.0514
f=     6.200 Hz | ky=  0.692889E-02 | IK=       9/      66 | t=    6.675700 s | CA=  2.5070 | fact=  2.4214 | GF=  1.7473 | solve=  1.6240 | scatter=  0.0522
f=     6.200 Hz | ky=  0.769876E-02 | IK=      10/      66 | t=    6.678600 s | CA=  2.5124 | fact=  2.4196 | GF=  1.7465 | solve=  1.6239 | scatter=  0.0512
f=     6.200 Hz | ky=  0.846864E-02 | IK=      11/      66 | t=    6.668300 s | CA=  2.5257 | fact=  2.4001 | GF=  1.7425 | solve=  1.6194 | scatter=  0.0519
PARDISO mem (f=  6.20 Hz): sym=  1.95 GB  perm=  1.42 GB  num=  3.22 GB  
peak=  4.64 GB
 WD_amp= 7.46100E+13  RESID_RMS= 9.45936E-04  FCOST_DATA= 4.47398E-07  FCOST0= 4.47398E-07
BT: alpha=  9.0954E-03  phi=  4.4740E-07  rhs=  4.4010E-07
 UPDATEPARAMETER: f-scale only
UPDATEPARAMETER PAR_STEP min/max, V_STEP min/max =  4.5090000000E+01  9.7274337445E+01
  4.5090000000E+01  9.7274337445E+01
 running run_ik_loop_pardiso
before CA | VmRSS=  19.046 GB  VmHWM=  95.099 GB
after CA | VmRSS=  20.157 GB  VmHWM=  95.099 GB
after factor | VmRSS=  23.915 GB  VmHWM=  95.099 GB
f=     6.200 Hz | ky=  0.769876E-03 | IK=       1/      66 | t=   16.901100 s | CA=  2.4414 | fact= 12.6210 | GF=  1.8385 | solve=  1.6885 | scatter=  0.0493
f=     6.200 Hz | ky=  0.153975E-02 | IK=       2/      66 | t=    6.584700 s | CA=  2.4603 | fact=  2.3881 | GF=  1.7362 | solve=  1.6134 | scatter=  0.0516
f=     6.200 Hz | ky=  0.230963E-02 | IK=       3/      66 | t=    6.667700 s | CA=  2.5176 | fact=  2.4088 | GF=  1.7412 | solve=  1.6200 | scatter=  0.0497
f=     6.200 Hz | ky=  0.307951E-02 | IK=       4/      66 | t=    6.623900 s | CA=  2.4822 | fact=  2.4064 | GF=  1.7353 | solve=  1.6147 | scatter=  0.0495
f=     6.200 Hz | ky=  0.384938E-02 | IK=       5/      66 | t=    6.707800 s | CA=  2.5424 | fact=  2.4291 | GF=  1.7363 | solve=  1.6162 | scatter=  0.0489
f=     6.200 Hz | ky=  0.461926E-02 | IK=       6/      66 | t=    6.692300 s | CA=  2.5334 | fact=  2.4207 | GF=  1.7382 | solve=  1.6144 | scatter=  0.0524
f=     6.200 Hz | ky=  0.538914E-02 | IK=       7/      66 | t=    6.664400 s | CA=  2.5321 | fact=  2.3977 | GF=  1.7345 | solve=  1.6137 | scatter=  0.0496
f=     6.200 Hz | ky=  0.615901E-02 | IK=       8/      66 | t=    6.693900 s | CA=  2.5558 | fact=  2.3960 | GF=  1.7421 | solve=  1.6195 | scatter=  0.0516
f=     6.200 Hz | ky=  0.692889E-02 | IK=       9/      66 | t=    6.658300 s | CA=  2.4951 | fact=  2.4190 | GF=  1.7442 | solve=  1.6228 | scatter=  0.0499
f=     6.200 Hz | ky=  0.769876E-02 | IK=      10/      66 | t=    6.703700 s | CA=  2.5600 | fact=  2.4030 | GF=  1.7407 | solve=  1.6188 | scatter=  0.0507
f=     6.200 Hz | ky=  0.846864E-02 | IK=      11/      66 | t=    6.643300 s | CA=  2.4837 | fact=  2.4155 | GF=  1.7440 | solve=  1.6215 | scatter=  0.0512
PARDISO mem (f=  6.20 Hz): sym=  1.95 GB  perm=  1.42 GB  num=  3.22 GB  
peak=  4.64 GB
 WD_amp= 7.46100E+13  RESID_RMS= 9.41985E-04  FCOST_DATA= 4.43668E-07  FCOST0= 4.43668E-07
BT: alpha=  4.5477E-03  phi=  4.4367E-07  rhs=  4.4011E-07
 UPDATEPARAMETER: f-scale only
UPDATEPARAMETER PAR_STEP min/max, V_STEP min/max =  4.5090000000E+01  9.7272466035E+01
  4.5090000000E+01  9.7272466035E+01
 running run_ik_loop_pardiso
before CA | VmRSS=  19.587 GB  VmHWM=  95.099 GB
after CA | VmRSS=  20.390 GB  VmHWM=  95.099 GB
after factor | VmRSS=  24.153 GB  VmHWM=  95.099 GB
f=     6.200 Hz | ky=  0.769876E-03 | IK=       1/      66 | t=   16.906300 s | CA=  2.4684 | fact= 12.5962 | GF=  1.8415 | solve=  1.6881 | scatter=  0.0525
f=     6.200 Hz | ky=  0.153975E-02 | IK=       2/      66 | t=    6.637100 s | CA=  2.5084 | fact=  2.3921 | GF=  1.7365 | solve=  1.6145 | scatter=  0.0508
f=     6.200 Hz | ky=  0.230963E-02 | IK=       3/      66 | t=    6.688000 s | CA=  2.5344 | fact=  2.4164 | GF=  1.7372 | solve=  1.6159 | scatter=  0.0498
f=     6.200 Hz | ky=  0.307951E-02 | IK=       4/      66 | t=    6.647400 s | CA=  2.4907 | fact=  2.4150 | GF=  1.7417 | solve=  1.6201 | scatter=  0.0505
f=     6.200 Hz | ky=  0.384938E-02 | IK=       5/      66 | t=    6.673100 s | CA=  2.5143 | fact=  2.4131 | GF=  1.7457 | solve=  1.6212 | scatter=  0.0532
f=     6.200 Hz | ky=  0.461926E-02 | IK=       6/      66 | t=    6.603900 s | CA=  2.4550 | fact=  2.4113 | GF=  1.7375 | solve=  1.6163 | scatter=  0.0500
f=     6.200 Hz | ky=  0.538914E-02 | IK=       7/      66 | t=    6.680500 s | CA=  2.5198 | fact=  2.4172 | GF=  1.7434 | solve=  1.6202 | scatter=  0.0520
f=     6.200 Hz | ky=  0.615901E-02 | IK=       8/      66 | t=    6.653800 s | CA=  2.4901 | fact=  2.4206 | GF=  1.7431 | solve=  1.6211 | scatter=  0.0507
f=     6.200 Hz | ky=  0.692889E-02 | IK=       9/      66 | t=    6.653400 s | CA=  2.4965 | fact=  2.4113 | GF=  1.7456 | solve=  1.6222 | scatter=  0.0519
f=     6.200 Hz | ky=  0.769876E-02 | IK=      10/      66 | t=    6.726200 s | CA=  2.5571 | fact=  2.4245 | GF=  1.7446 | solve=  1.6218 | scatter=  0.0516
f=     6.200 Hz | ky=  0.846864E-02 | IK=      11/      66 | t=    6.690700 s | CA=  2.5319 | fact=  2.4165 | GF=  1.7423 | solve=  1.6194 | scatter=  0.0516
PARDISO mem (f=  6.20 Hz): sym=  1.95 GB  perm=  1.42 GB  num=  3.22 GB  
peak=  4.64 GB
 WD_amp= 7.46100E+13  RESID_RMS= 9.40070E-04  FCOST_DATA= 4.41866E-07  FCOST0= 4.41866E-07
BT: alpha=  2.2739E-03  phi=  4.4187E-07  rhs=  4.4011E-07
 UPDATEPARAMETER: f-scale only
UPDATEPARAMETER PAR_STEP min/max, V_STEP min/max =  4.5090000000E+01  9.7271530330E+01
  4.5090000000E+01  9.7271530330E+01
 running run_ik_loop_pardiso
before CA | VmRSS=  19.620 GB  VmHWM=  95.099 GB
after CA | VmRSS=  20.154 GB  VmHWM=  95.099 GB
after factor | VmRSS=  23.917 GB  VmHWM=  95.099 GB
f=     6.200 Hz | ky=  0.769876E-03 | IK=       1/      66 | t=   16.964600 s | CA=  2.5238 | fact= 12.6036 | GF=  1.8370 | solve=  1.6841 | scatter=  0.0522
f=     6.200 Hz | ky=  0.153975E-02 | IK=       2/      66 | t=    6.640400 s | CA=  2.5064 | fact=  2.3918 | GF=  1.7422 | solve=  1.6204 | scatter=  0.0507
f=     6.200 Hz | ky=  0.230963E-02 | IK=       3/      66 | t=    6.664700 s | CA=  2.5066 | fact=  2.4205 | GF=  1.7376 | solve=  1.6145 | scatter=  0.0520
f=     6.200 Hz | ky=  0.307951E-02 | IK=       4/      66 | t=    6.638000 s | CA=  2.5024 | fact=  2.3971 | GF=  1.7385 | solve=  1.6165 | scatter=  0.0508
f=     6.200 Hz | ky=  0.384938E-02 | IK=       5/      66 | t=    6.622100 s | CA=  2.4824 | fact=  2.3977 | GF=  1.7419 | solve=  1.6192 | scatter=  0.0516
f=     6.200 Hz | ky=  0.461926E-02 | IK=       6/      66 | t=    6.634900 s | CA=  2.4726 | fact=  2.4176 | GF=  1.7447 | solve=  1.6235 | scatter=  0.0501
f=     6.200 Hz | ky=  0.538914E-02 | IK=       7/      66 | t=    6.673300 s | CA=  2.5132 | fact=  2.4169 | GF=  1.7432 | solve=  1.6209 | scatter=  0.0509
f=     6.200 Hz | ky=  0.615901E-02 | IK=       8/      66 | t=    6.696300 s | CA=  2.5102 | fact=  2.4208 | GF=  1.7652 | solve=  1.6421 | scatter=  0.0519
f=     6.200 Hz | ky=  0.692889E-02 | IK=       9/      66 | t=    6.704700 s | CA=  2.5358 | fact=  2.4208 | GF=  1.7481 | solve=  1.6245 | scatter=  0.0524
f=     6.200 Hz | ky=  0.769876E-02 | IK=      10/      66 | t=    6.638900 s | CA=  2.4706 | fact=  2.4234 | GF=  1.7449 | solve=  1.6218 | scatter=  0.0517
f=     6.200 Hz | ky=  0.846864E-02 | IK=      11/      66 | t=    6.672800 s | CA=  2.5273 | fact=  2.4039 | GF=  1.7416 | solve=  1.6199 | scatter=  0.0501
PARDISO mem (f=  6.20 Hz): sym=  1.95 GB  perm=  1.42 GB  num=  3.22 GB  
peak=  4.64 GB
 WD_amp= 7.46100E+13  RESID_RMS= 9.39128E-04  FCOST_DATA= 4.40981E-07  FCOST0= 4.40981E-07
BT: alpha=  1.1369E-03  phi=  4.4098E-07  rhs=  4.4011E-07
 UPDATEPARAMETER: f-scale only
UPDATEPARAMETER PAR_STEP min/max, V_STEP min/max =  4.5090000000E+01  9.7271062478E+01
  4.5090000000E+01  9.7271062478E+01
 running run_ik_loop_pardiso
before CA | VmRSS=  19.706 GB  VmHWM=  95.099 GB
after CA | VmRSS=  20.244 GB  VmHWM=  95.099 GB
after factor | VmRSS=  24.008 GB  VmHWM=  95.099 GB
f=     6.200 Hz | ky=  0.769876E-03 | IK=       1/      66 | t=   16.915000 s | CA=  2.4622 | fact= 12.6138 | GF=  1.8387 | solve=  1.6846 | scatter=  0.0529
f=     6.200 Hz | ky=  0.153975E-02 | IK=       2/      66 | t=    6.692400 s | CA=  2.5462 | fact=  2.4079 | GF=  1.7382 | solve=  1.6162 | scatter=  0.0508
f=     6.200 Hz | ky=  0.230963E-02 | IK=       3/      66 | t=    6.647200 s | CA=  2.4961 | fact=  2.4142 | GF=  1.7368 | solve=  1.6146 | scatter=  0.0510
f=     6.200 Hz | ky=  0.307951E-02 | IK=       4/      66 | t=    6.675500 s | CA=  2.5175 | fact=  2.4161 | GF=  1.7418 | solve=  1.6196 | scatter=  0.0512
f=     6.200 Hz | ky=  0.384938E-02 | IK=       5/      66 | t=    6.644100 s | CA=  2.4883 | fact=  2.4163 | GF=  1.7395 | solve=  1.6168 | scatter=  0.0516
f=     6.200 Hz | ky=  0.461926E-02 | IK=       6/      66 | t=    6.641300 s | CA=  2.4790 | fact=  2.4188 | GF=  1.7434 | solve=  1.6223 | scatter=  0.0500
f=     6.200 Hz | ky=  0.538914E-02 | IK=       7/      66 | t=    6.622800 s | CA=  2.4644 | fact=  2.4155 | GF=  1.7428 | solve=  1.6198 | scatter=  0.0518
f=     6.200 Hz | ky=  0.615901E-02 | IK=       8/      66 | t=    6.705200 s | CA=  2.5463 | fact=  2.4118 | GF=  1.7471 | solve=  1.6249 | scatter=  0.0511
f=     6.200 Hz | ky=  0.692889E-02 | IK=       9/      66 | t=    6.677600 s | CA=  2.5132 | fact=  2.4180 | GF=  1.7464 | solve=  1.6231 | scatter=  0.0521
f=     6.200 Hz | ky=  0.769876E-02 | IK=      10/      66 | t=    6.638500 s | CA=  2.4797 | fact=  2.4171 | GF=  1.7416 | solve=  1.6201 | scatter=  0.0503
f=     6.200 Hz | ky=  0.846864E-02 | IK=      11/      66 | t=    6.633000 s | CA=  2.4793 | fact=  2.4080 | GF=  1.7456 | solve=  1.6241 | scatter=  0.0504
PARDISO mem (f=  6.20 Hz): sym=  1.95 GB  perm=  1.42 GB  num=  3.22 GB  
peak=  4.64 GB
 WD_amp= 7.46100E+13  RESID_RMS= 9.38660E-04  FCOST_DATA= 4.40542E-07  FCOST0= 4.40542E-07
BT: alpha=  5.6847E-04  phi=  4.4054E-07  rhs=  4.4011E-07
 UPDATEPARAMETER: f-scale only
UPDATEPARAMETER PAR_STEP min/max, V_STEP min/max =  4.5090000000E+01  9.7270828552E+01
  4.5090000000E+01  9.7270828552E+01
 running run_ik_loop_pardiso
before CA | VmRSS=  19.717 GB  VmHWM=  95.099 GB
after CA | VmRSS=  20.653 GB  VmHWM=  95.099 GB
after factor | VmRSS=  24.411 GB  VmHWM=  95.099 GB
f=     6.200 Hz | ky=  0.769876E-03 | IK=       1/      66 | t=   16.908000 s | CA=  2.4592 | fact= 12.6076 | GF=  1.8410 | solve=  1.6892 | scatter=  0.0510
f=     6.200 Hz | ky=  0.153975E-02 | IK=       2/      66 | t=    6.611200 s | CA=  2.4548 | fact=  2.4166 | GF=  1.7398 | solve=  1.6173 | scatter=  0.0512
f=     6.200 Hz | ky=  0.230963E-02 | IK=       3/      66 | t=    6.668200 s | CA=  2.5140 | fact=  2.4110 | GF=  1.7432 | solve=  1.6199 | scatter=  0.0516
f=     6.200 Hz | ky=  0.307951E-02 | IK=       4/      66 | t=    6.619900 s | CA=  2.4687 | fact=  2.4104 | GF=  1.7408 | solve=  1.6175 | scatter=  0.0520
f=     6.200 Hz | ky=  0.384938E-02 | IK=       5/      66 | t=    6.699800 s | CA=  2.5397 | fact=  2.4222 | GF=  1.7379 | solve=  1.6165 | scatter=  0.0503
f=     6.200 Hz | ky=  0.461926E-02 | IK=       6/      66 | t=    6.630500 s | CA=  2.4762 | fact=  2.4143 | GF=  1.7400 | solve=  1.6181 | scatter=  0.0505
f=     6.200 Hz | ky=  0.538914E-02 | IK=       7/      66 | t=    6.659500 s | CA=  2.4989 | fact=  2.4189 | GF=  1.7416 | solve=  1.6182 | scatter=  0.0522
f=     6.200 Hz | ky=  0.615901E-02 | IK=       8/      66 | t=    6.641700 s | CA=  2.4763 | fact=  2.4241 | GF=  1.7413 | solve=  1.6196 | scatter=  0.0505
f=     6.200 Hz | ky=  0.692889E-02 | IK=       9/      66 | t=    6.623900 s | CA=  2.4785 | fact=  2.4020 | GF=  1.7434 | solve=  1.6223 | scatter=  0.0498
f=     6.200 Hz | ky=  0.769876E-02 | IK=      10/      66 | t=    6.661400 s | CA=  2.5066 | fact=  2.4143 | GF=  1.7405 | solve=  1.6187 | scatter=  0.0507
f=     6.200 Hz | ky=  0.846864E-02 | IK=      11/      66 | t=    6.641900 s | CA=  2.4986 | fact=  2.4007 | GF=  1.7426 | solve=  1.6197 | scatter=  0.0516
PARDISO mem (f=  6.20 Hz): sym=  1.95 GB  perm=  1.42 GB  num=  3.22 GB  
peak=  4.64 GB
 WD_amp= 7.46100E+13  RESID_RMS= 9.38427E-04  FCOST_DATA= 4.40323E-07  FCOST0= 4.40323E-07
BT: alpha=  2.8423E-04  phi=  4.4032E-07  rhs=  4.4011E-07
 UPDATEPARAMETER: f-scale only
UPDATEPARAMETER PAR_STEP min/max, V_STEP min/max =  4.5090000000E+01  9.7270711588E+01
  4.5090000000E+01  9.7270711588E+01
 running run_ik_loop_pardiso
before CA | VmRSS=  19.639 GB  VmHWM=  95.099 GB
after CA | VmRSS=  20.241 GB  VmHWM=  95.099 GB
after factor | VmRSS=  24.009 GB  VmHWM=  95.099 GB
f=     6.200 Hz | ky=  0.769876E-03 | IK=       1/      66 | t=   16.901100 s | CA=  2.4539 | fact= 12.6069 | GF=  1.8401 | solve=  1.6883 | scatter=  0.0512
f=     6.200 Hz | ky=  0.153975E-02 | IK=       2/      66 | t=    6.605900 s | CA=  2.4594 | fact=  2.4090 | GF=  1.7374 | solve=  1.6154 | scatter=  0.0506
f=     6.200 Hz | ky=  0.230963E-02 | IK=       3/      66 | t=    6.618000 s | CA=  2.4690 | fact=  2.4118 | GF=  1.7371 | solve=  1.6162 | scatter=  0.0496
f=     6.200 Hz | ky=  0.307951E-02 | IK=       4/      66 | t=    6.603400 s | CA=  2.4488 | fact=  2.4121 | GF=  1.7425 | solve=  1.6201 | scatter=  0.0512
f=     6.200 Hz | ky=  0.384938E-02 | IK=       5/      66 | t=    6.596100 s | CA=  2.4620 | fact=  2.3903 | GF=  1.7437 | solve=  1.6212 | scatter=  0.0511
f=     6.200 Hz | ky=  0.461926E-02 | IK=       6/      66 | t=    6.652500 s | CA=  2.5079 | fact=  2.4077 | GF=  1.7369 | solve=  1.6158 | scatter=  0.0500
f=     6.200 Hz | ky=  0.538914E-02 | IK=       7/      66 | t=    6.624100 s | CA=  2.4644 | fact=  2.4157 | GF=  1.7439 | solve=  1.6219 | scatter=  0.0508
f=     6.200 Hz | ky=  0.615901E-02 | IK=       8/      66 | t=    6.646900 s | CA=  2.4860 | fact=  2.4213 | GF=  1.7396 | solve=  1.6178 | scatter=  0.0506
f=     6.200 Hz | ky=  0.692889E-02 | IK=       9/      66 | t=    6.621900 s | CA=  2.4677 | fact=  2.4120 | GF=  1.7422 | solve=  1.6194 | scatter=  0.0516
f=     6.200 Hz | ky=  0.769876E-02 | IK=      10/      66 | t=    6.639400 s | CA=  2.4801 | fact=  2.4205 | GF=  1.7387 | solve=  1.6172 | scatter=  0.0496
f=     6.200 Hz | ky=  0.846864E-02 | IK=      11/      66 | t=    6.678700 s | CA=  2.5118 | fact=  2.4206 | GF=  1.7463 | solve=  1.6227 | scatter=  0.0521
PARDISO mem (f=  6.20 Hz): sym=  1.95 GB  perm=  1.42 GB  num=  3.22 GB  
peak=  4.64 GB
 WD_amp= 7.46100E+13  RESID_RMS= 9.38311E-04  FCOST_DATA= 4.40214E-07  FCOST0= 4.40214E-07
BT: alpha=  1.4212E-04  phi=  4.4021E-07  rhs=  4.4011E-07
 UPDATEPARAMETER: f-scale only
UPDATEPARAMETER PAR_STEP min/max, V_STEP min/max =  4.5090000000E+01  9.7270653107E+01
  4.5090000000E+01  9.7270653107E+01
 running run_ik_loop_pardiso
before CA | VmRSS=  19.060 GB  VmHWM=  95.099 GB
after CA | VmRSS=  19.839 GB  VmHWM=  95.099 GB
after factor | VmRSS=  23.605 GB  VmHWM=  95.099 GB
f=     6.200 Hz | ky=  0.769876E-03 | IK=       1/      66 | t=   16.914000 s | CA=  2.4733 | fact= 12.5994 | GF=  1.8411 | solve=  1.6895 | scatter=  0.0508
f=     6.200 Hz | ky=  0.153975E-02 | IK=       2/      66 | t=    6.660100 s | CA=  2.5074 | fact=  2.4149 | GF=  1.7378 | solve=  1.6159 | scatter=  0.0508
f=     6.200 Hz | ky=  0.230963E-02 | IK=       3/      66 | t=    6.692200 s | CA=  2.5411 | fact=  2.4127 | GF=  1.7383 | solve=  1.6173 | scatter=  0.0497
f=     6.200 Hz | ky=  0.307951E-02 | IK=       4/      66 | t=    6.651300 s | CA=  2.4956 | fact=  2.4193 | GF=  1.7364 | solve=  1.6150 | scatter=  0.0502
f=     6.200 Hz | ky=  0.384938E-02 | IK=       5/      66 | t=    6.640500 s | CA=  2.4858 | fact=  2.4162 | GF=  1.7385 | solve=  1.6162 | scatter=  0.0508
f=     6.200 Hz | ky=  0.461926E-02 | IK=       6/      66 | t=    6.661500 s | CA=  2.4984 | fact=  2.4250 | GF=  1.7381 | solve=  1.6160 | scatter=  0.0509
f=     6.200 Hz | ky=  0.538914E-02 | IK=       7/      66 | t=    6.680300 s | CA=  2.5178 | fact=  2.4210 | GF=  1.7415 | solve=  1.6183 | scatter=  0.0521
f=     6.200 Hz | ky=  0.615901E-02 | IK=       8/      66 | t=    6.626800 s | CA=  2.4732 | fact=  2.4101 | GF=  1.7435 | solve=  1.6214 | scatter=  0.0501
f=     6.200 Hz | ky=  0.692889E-02 | IK=       9/      66 | t=    6.656900 s | CA=  2.4913 | fact=  2.4205 | GF=  1.7450 | solve=  1.6212 | scatter=  0.0527
f=     6.200 Hz | ky=  0.769876E-02 | IK=      10/      66 | t=    6.698100 s | CA=  2.5328 | fact=  2.4177 | GF=  1.7475 | solve=  1.6263 | scatter=  0.0499
f=     6.200 Hz | ky=  0.846864E-02 | IK=      11/      66 | t=    6.729000 s | CA=  2.5658 | fact=  2.4189 | GF=  1.7442 | solve=  1.6208 | scatter=  0.0520
PARDISO mem (f=  6.20 Hz): sym=  1.95 GB  perm=  1.42 GB  num=  3.22 GB  
peak=  4.64 GB
 WD_amp= 7.46100E+13  RESID_RMS= 9.38253E-04  FCOST_DATA= 4.40160E-07  FCOST0= 4.40160E-07
BT: alpha=  7.1058E-05  phi=  4.4016E-07  rhs=  4.4011E-07
 UPDATEPARAMETER: f-scale only
UPDATEPARAMETER PAR_STEP min/max, V_STEP min/max =  4.5090000000E+01  9.7270623866E+01
  4.5090000000E+01  9.7270623866E+01
 running run_ik_loop_pardiso
before CA | VmRSS=  19.631 GB  VmHWM=  95.099 GB
after CA | VmRSS=  20.547 GB  VmHWM=  95.099 GB
after factor | VmRSS=  24.307 GB  VmHWM=  95.099 GB
f=     6.200 Hz | ky=  0.769876E-03 | IK=       1/      66 | t=   16.894100 s | CA=  2.4367 | fact= 12.6168 | GF=  1.8403 | solve=  1.6889 | scatter=  0.0501
f=     6.200 Hz | ky=  0.153975E-02 | IK=       2/      66 | t=    6.651400 s | CA=  2.5026 | fact=  2.4129 | GF=  1.7359 | solve=  1.6142 | scatter=  0.0503
f=     6.200 Hz | ky=  0.230963E-02 | IK=       3/      66 | t=    6.630300 s | CA=  2.4793 | fact=  2.4135 | GF=  1.7375 | solve=  1.6142 | scatter=  0.0522
f=     6.200 Hz | ky=  0.307951E-02 | IK=       4/      66 | t=    6.621900 s | CA=  2.4636 | fact=  2.4185 | GF=  1.7398 | solve=  1.6174 | scatter=  0.0512
f=     6.200 Hz | ky=  0.384938E-02 | IK=       5/      66 | t=    6.648100 s | CA=  2.4872 | fact=  2.4170 | GF=  1.7439 | solve=  1.6206 | scatter=  0.0520
f=     6.200 Hz | ky=  0.461926E-02 | IK=       6/      66 | t=    6.623400 s | CA=  2.4852 | fact=  2.3951 | GF=  1.7431 | solve=  1.6223 | scatter=  0.0497
f=     6.200 Hz | ky=  0.538914E-02 | IK=       7/      66 | t=    6.633700 s | CA=  2.5191 | fact=  2.3697 | GF=  1.7449 | solve=  1.6236 | scatter=  0.0501
f=     6.200 Hz | ky=  0.615901E-02 | IK=       8/      66 | t=    6.690400 s | CA=  2.5288 | fact=  2.4143 | GF=  1.7473 | solve=  1.6254 | scatter=  0.0509
f=     6.200 Hz | ky=  0.692889E-02 | IK=       9/      66 | t=    6.645900 s | CA=  2.4910 | fact=  2.4164 | GF=  1.7385 | solve=  1.6169 | scatter=  0.0505
f=     6.200 Hz | ky=  0.769876E-02 | IK=      10/      66 | t=    6.679800 s | CA=  2.5121 | fact=  2.4213 | GF=  1.7464 | solve=  1.6231 | scatter=  0.0521
f=     6.200 Hz | ky=  0.846864E-02 | IK=      11/      66 | t=    6.663400 s | CA=  2.5059 | fact=  2.4167 | GF=  1.7408 | solve=  1.6195 | scatter=  0.0502
PARDISO mem (f=  6.20 Hz): sym=  1.95 GB  perm=  1.42 GB  num=  3.22 GB  
peak=  4.64 GB
 WD_amp= 7.46100E+13  RESID_RMS= 9.38224E-04  FCOST_DATA= 4.40132E-07  FCOST0= 4.40132E-07
BT: alpha=  3.5529E-05  phi=  4.4013E-07  rhs=  4.4011E-07
 UPDATEPARAMETER: f-scale only
UPDATEPARAMETER PAR_STEP min/max, V_STEP min/max =  4.5090000000E+01  9.7270602855E+01
  4.5090000000E+01  9.7270602855E+01
 running run_ik_loop_pardiso
before CA | VmRSS=  19.614 GB  VmHWM=  95.099 GB
after CA | VmRSS=  19.656 GB  VmHWM=  95.099 GB
after factor | VmRSS=  23.421 GB  VmHWM=  95.099 GB
f=     6.200 Hz | ky=  0.769876E-03 | IK=       1/      66 | t=   16.897500 s | CA=  2.4385 | fact= 12.6179 | GF=  1.8409 | solve=  1.6905 | scatter=  0.0497
f=     6.200 Hz | ky=  0.153975E-02 | IK=       2/      66 | t=    6.661900 s | CA=  2.5090 | fact=  2.4147 | GF=  1.7381 | solve=  1.6165 | scatter=  0.0505
f=     6.200 Hz | ky=  0.230963E-02 | IK=       3/      66 | t=    6.674900 s | CA=  2.5159 | fact=  2.4185 | GF=  1.7404 | solve=  1.6176 | scatter=  0.0517
f=     6.200 Hz | ky=  0.307951E-02 | IK=       4/      66 | t=    6.644400 s | CA=  2.4921 | fact=  2.4131 | GF=  1.7391 | solve=  1.6163 | scatter=  0.0515
f=     6.200 Hz | ky=  0.384938E-02 | IK=       5/      66 | t=    6.643500 s | CA=  2.4912 | fact=  2.4122 | GF=  1.7400 | solve=  1.6182 | scatter=  0.0505
f=     6.200 Hz | ky=  0.461926E-02 | IK=       6/      66 | t=    6.649500 s | CA=  2.4824 | fact=  2.4207 | GF=  1.7463 | solve=  1.6228 | scatter=  0.0522
f=     6.200 Hz | ky=  0.538914E-02 | IK=       7/      66 | t=    6.665100 s | CA=  2.5211 | fact=  2.4040 | GF=  1.7400 | solve=  1.6196 | scatter=  0.0492
f=     6.200 Hz | ky=  0.615901E-02 | IK=       8/      66 | t=    6.658500 s | CA=  2.4932 | fact=  2.4214 | GF=  1.7438 | solve=  1.6208 | scatter=  0.0517
f=     6.200 Hz | ky=  0.692889E-02 | IK=       9/      66 | t=    6.676600 s | CA=  2.5124 | fact=  2.4190 | GF=  1.7452 | solve=  1.6223 | scatter=  0.0515
f=     6.200 Hz | ky=  0.769876E-02 | IK=      10/      66 | t=    6.687400 s | CA=  2.5215 | fact=  2.4221 | GF=  1.7438 | solve=  1.6220 | scatter=  0.0506
f=     6.200 Hz | ky=  0.846864E-02 | IK=      11/      66 | t=    6.632200 s | CA=  2.4688 | fact=  2.4204 | GF=  1.7429 | solve=  1.6198 | scatter=  0.0519
PARDISO mem (f=  6.20 Hz): sym=  1.95 GB  perm=  1.42 GB  num=  3.22 GB  
peak=  4.64 GB
 WD_amp= 7.46100E+13  RESID_RMS= 9.38203E-04  FCOST_DATA= 4.40113E-07  FCOST0= 4.40113E-07
 Backtrack: failed after MAX_IT
 Line search failed (IFLAG=          11 ), inversion diverged.
 --------- Frequency   6.80000000000000       (band            1 )
[ComputeAcqWeight] empty acq_weight_file, using uniform weights = 1.0
Data weighting computed for frequency 4607182418800017373
XSRmin, XSRmax, ZSRmin, ZSRMax -1960.000000000000 .000000000000000 2050.000000000000 4030.000000000000
1 FKYC
1.2 FKYC
my_rank, FKYC,WLMAX, RMAX 0 .5572912185498415E-01 753.3498227709956 2786.036611389018
1.1 NK
NK in cky2= 77

  Number of wavenumber samples (NK) for FREQ =   77
  RMAX = 2786.04
Data weighting computed for frequency 4607182418800017373
Data weighting computed for frequency 4607182418800017373
Data weighting computed for frequency 4607182418800017373
Data weighting computed for frequency 4607182418800017373
Data weighting computed for frequency 4607182418800017373
--- Pre-solver preview (memory + RHS workload) ---
   GQG dims: NNX=       585  NNZ=       317  NPT=    185445
   DOF:     N=3*NPT =    556335
   Sources: NSR=       100  NSS=        20  NK=        77
   RHS total (per IK): nrhs_tot=3*NSS =        60
   Batch:    MAX_RHS_BATCH=        32  nbatches=         2
   GFMY  (GFX+GFY+GFZ):         19.150 GB
   RHS_MY(rhs+sol buffers):      0.531 GB
 
 running run_ik_loop_pardiso
before CA | VmRSS=  20.954 GB  VmHWM=  95.099 GB
after CA | VmRSS=  21.550 GB  VmHWM=  95.099 GB
after factor | VmRSS=  25.304 GB  VmHWM=  95.099 GB
f=     6.800 Hz | ky=  0.723755E-03 | IK=       1/      77 | t=   16.875500 s | CA=  2.4665 | fact= 12.5766 | GF=  1.8322 | solve=  1.6820 | scatter=  0.0498
f=     6.800 Hz | ky=  0.144751E-02 | IK=       2/      77 | t=    6.604800 s | CA=  2.4578 | fact=  2.4090 | GF=  1.7379 | solve=  1.6171 | scatter=  0.0497
f=     6.800 Hz | ky=  0.217126E-02 | IK=       3/      77 | t=    6.649100 s | CA=  2.4921 | fact=  2.4178 | GF=  1.7392 | solve=  1.6176 | scatter=  0.0504
f=     6.800 Hz | ky=  0.289502E-02 | IK=       4/      77 | t=    6.649500 s | CA=  2.4952 | fact=  2.4136 | GF=  1.7407 | solve=  1.6197 | scatter=  0.0498
f=     6.800 Hz | ky=  0.361877E-02 | IK=       5/      77 | t=    6.665600 s | CA=  2.4955 | fact=  2.4233 | GF=  1.7467 | solve=  1.6264 | scatter=  0.0492
f=     6.800 Hz | ky=  0.434253E-02 | IK=       6/      77 | t=    6.698300 s | CA=  2.5352 | fact=  2.4179 | GF=  1.7452 | solve=  1.6236 | scatter=  0.0503
f=     6.800 Hz | ky=  0.506628E-02 | IK=       7/      77 | t=    6.671800 s | CA=  2.5004 | fact=  2.4344 | GF=  1.7370 | solve=  1.6153 | scatter=  0.0505
f=     6.800 Hz | ky=  0.579004E-02 | IK=       8/      77 | t=    6.640500 s | CA=  2.4720 | fact=  2.4272 | GF=  1.7413 | solve=  1.6187 | scatter=  0.0514
f=     6.800 Hz | ky=  0.651379E-02 | IK=       9/      77 | t=    6.667100 s | CA=  2.5096 | fact=  2.4163 | GF=  1.7412 | solve=  1.6205 | scatter=  0.0495
f=     6.800 Hz | ky=  0.723755E-02 | IK=      10/      77 | t=    6.675100 s | CA=  2.4985 | fact=  2.4361 | GF=  1.7405 | solve=  1.6196 | scatter=  0.0496
f=     6.800 Hz | ky=  0.796130E-02 | IK=      11/      77 | t=    6.671400 s | CA=  2.4957 | fact=  2.4327 | GF=  1.7430 | solve=  1.6206 | scatter=  0.0512
f=     6.800 Hz | ky=  0.868506E-02 | IK=      12/      77 | t=    6.686400 s | CA=  2.5145 | fact=  2.4301 | GF=  1.7418 | solve=  1.6192 | scatter=  0.0512
f=     6.800 Hz | ky=  0.940881E-02 | IK=      13/      77 | t=    6.667300 s | CA=  2.5029 | fact=  2.4202 | GF=  1.7442 | solve=  1.6216 | scatter=  0.0513
PARDISO mem (f=  6.80 Hz): sym=  1.95 GB  perm=  1.42 GB  num=  3.22 GB  
peak=  4.64 GB
t_global   =    144.534 s
TIME for 1st forward modeling =  2.408734893798828  min
TIME for GT0 =  .9011666973431904E-02  min
Data scaler W for L2 norm: 77474851783048.27
Data scaler W for WQS norm: .1007948000807317E-312
Total number of active inversion parameters for current sequential stage (IM):          1
Total model blocks points (NM = IM * NBLOCK):      11534 on grid (NMM = IM * NPT):    185445
 Gradient balance ():   1.00000000000000        1.00000000000000     
   1.00000000000000        1.00000000000000        1.00000000000000     
   1.00000000000000        1.00000000000000        1.00000000000000     
   1.00000000000000        1.00000000000000        1.00000000000000     
 IE0, IZ          30           0
 IE0, IZ, GZ1, GZ2 =           30           0   100.000000000000     
   300.000000000000     
  
 Frequency:          10 Iteration:           1
--- Pre-solver preview (memory + RHS workload) ---
   GQG dims: NNX=       585  NNZ=       317  NPT=    185445
   DOF:     N=3*NPT =    556335
   Sources: NSR=       100  NSS=       100  NK=        77
   RHS total (per IK): nrhs_tot=3*NSS =       300
   Batch:    MAX_RHS_BATCH=        32  nbatches=        10
   GFMY  (GFX+GFY+GFZ):         95.750 GB
   RHS_MY(rhs+sol buffers):      0.531 GB
 
 running run_ik_loop_pardiso
before CA | VmRSS=  98.364 GB  VmHWM=  98.369 GB
after CA | VmRSS=  99.835 GB  VmHWM= 103.876 GB
after factor | VmRSS= 103.590 GB  VmHWM= 103.876 GB
f=     6.800 Hz | ky=  0.723755E-03 | IK=       1/      77 | t=   23.655500 s | CA=  2.4345 | fact= 12.6128 | GF=  8.6080 | solve=  7.9680 | scatter=  0.2482
f=     6.800 Hz | ky=  0.144751E-02 | IK=       2/      77 | t=   13.447400 s | CA=  2.5197 | fact=  2.4087 | GF=  8.5190 | solve=  7.9102 | scatter=  0.2461
f=     6.800 Hz | ky=  0.217126E-02 | IK=       3/      77 | t=   13.401500 s | CA=  2.4575 | fact=  2.4168 | GF=  8.5272 | solve=  7.9196 | scatter=  0.2455
f=     6.800 Hz | ky=  0.289502E-02 | IK=       4/      77 | t=   13.437600 s | CA=  2.4928 | fact=  2.4133 | GF=  8.5315 | solve=  7.9193 | scatter=  0.2498
f=     6.800 Hz | ky=  0.361877E-02 | IK=       5/      77 | t=   13.420600 s | CA=  2.4588 | fact=  2.4229 | GF=  8.5388 | solve=  7.9265 | scatter=  0.2499
f=     6.800 Hz | ky=  0.434253E-02 | IK=       6/      77 | t=   13.489600 s | CA=  2.5365 | fact=  2.4207 | GF=  8.5324 | solve=  7.9256 | scatter=  0.2445
f=     6.800 Hz | ky=  0.506628E-02 | IK=       7/      77 | t=   13.447400 s | CA=  2.4832 | fact=  2.4185 | GF=  8.5456 | solve=  7.9328 | scatter=  0.2499
f=     6.800 Hz | ky=  0.579004E-02 | IK=       8/      77 | t=   13.421100 s | CA=  2.4705 | fact=  2.4199 | GF=  8.5306 | solve=  7.9241 | scatter=  0.2436
f=     6.800 Hz | ky=  0.651379E-02 | IK=       9/      77 | t=   13.466400 s | CA=  2.4924 | fact=  2.4201 | GF=  8.5539 | solve=  7.9460 | scatter=  0.2453
f=     6.800 Hz | ky=  0.723755E-02 | IK=      10/      77 | t=   13.455700 s | CA=  2.4904 | fact=  2.4263 | GF=  8.5390 | solve=  7.9263 | scatter=  0.2499
f=     6.800 Hz | ky=  0.796130E-02 | IK=      11/      77 | t=   13.460500 s | CA=  2.4998 | fact=  2.4267 | GF=  8.5339 | solve=  7.9218 | scatter=  0.2489
f=     6.800 Hz | ky=  0.868506E-02 | IK=      12/      77 | t=   13.404200 s | CA=  2.4647 | fact=  2.4036 | GF=  8.5358 | solve=  7.9267 | scatter=  0.2458
f=     6.800 Hz | ky=  0.940881E-02 | IK=      13/      77 | t=   13.513400 s | CA=  2.5534 | fact=  2.4231 | GF=  8.5369 | solve=  7.9258 | scatter=  0.2472
PARDISO mem (f=  6.80 Hz): sym=  1.95 GB  perm=  1.42 GB  num=  3.22 GB  
peak=  4.64 GB
t_global   =    408.812 s
TIME for 2d forward modeling_i calc =  6.812766520182292 min
Rank    5 -> ID range:   4001 to   4800 | Tasks:    800
Rank    4 -> ID range:   3201 to   4000 | Tasks:    800
Rank    3 -> ID range:   2401 to   3200 | Tasks:    800
Rank    2 -> ID range:   1601 to   2400 | Tasks:    800
Rank    1 -> ID range:    801 to   1600 | Tasks:    800
  
 -------------- calculate Frechet derivatives -----------
 IFREQ =          10    ITERATION =           1
Frechet memory size Frec_my:      0.825 (Gb)
Rank    0 -> ID range:      1 to    800 | Tasks:    800
FREQ:      6.8 Hz, ITER=       1  Frechet Derivative ID=     100/    4800 Finished   0.288300 s
FREQ:      6.8 Hz, ITER=       1  Frechet Derivative ID=     200/    4800 Finished   0.274300 s
FREQ:      6.8 Hz, ITER=       1  Frechet Derivative ID=     300/    4800 Finished   0.310000 s
FREQ:      6.8 Hz, ITER=       1  Frechet Derivative ID=     400/    4800 Finished   0.281200 s
FREQ:      6.8 Hz, ITER=       1  Frechet Derivative ID=     500/    4800 Finished   0.304500 s
FREQ:      6.8 Hz, ITER=       1  Frechet Derivative ID=     600/    4800 Finished   0.305700 s
FREQ:      6.8 Hz, ITER=       1  Frechet Derivative ID=     700/    4800 Finished   0.302100 s
FREQ:      6.8 Hz, ITER=       1  Frechet Derivative ID=     800/    4800 Finished   0.302400 s
||Frechet||_F=  1.4315E-13max|Frechet|=  3.0562E-18
 
TIME for Frechet calc =  4.251583353678385 min
 
m_fine: min=  4.5090E+01  max=  9.7271E+01  mean=  7.7851E+01  ||.||2=  3.4694E+04  size=  185445
m_coarse_prev: min=  4.5136E+01  max=  9.7132E+01  mean=  7.7872E+01  ||.||2=  8.6540E+03  size=   11534
 
  compute the residual and the cost function
 WD_amp= 7.74749E+13  RESID_RMS= 6.93385E-04  FCOST_DATA= 2.40392E-07  FCOST0= 2.40392E-07
||Frechet||_F=  1.4315E-13max|Frechet|=  3.0562E-18
||Frechet||_F=  1.4315E-13max|Frechet|=  3.0562E-18
||Frechet||_F=  1.4315E-13max|Frechet|=  3.0562E-18
||Frechet||_F=  1.4315E-13max|Frechet|=  3.0562E-18
||Frechet||_F=  1.4315E-13max|Frechet|=  3.0562E-18
IA= 11  H(single F0) min= 0.00000E+00  max= 1.97996E-03
IA= 11  H(F0^2)     min= 0.00000E+00  max= 1.97996E-03
HESSD: ia=  11  min= 0.00000E+00  max= 1.00998E+05
IA= 11  H(single F0) min= 0.00000E+00  max= 1.97996E-03
IA= 11  H(F0^2)     min= 0.00000E+00  max= 1.97996E-03
HESSD: ia=  11  min= 0.00000E+00  max= 1.00998E+05
IA= 11  H(single F0) min= 0.00000E+00  max= 1.97996E-03
IA= 11  H(F0^2)     min= 0.00000E+00  max= 1.97996E-03
HESSD: ia=  11  min= 0.00000E+00  max= 1.00998E+05
IA= 11  H(single F0) min= 0.00000E+00  max= 1.97996E-03
IA= 11  H(F0^2)     min= 0.00000E+00  max= 1.97996E-03
IA= 11  H(single F0) min= 0.00000E+00  max= 1.97996E-03
IA= 11  H(F0^2)     min= 0.00000E+00  max= 1.97996E-03
HESSD: ia=  11  min= 0.00000E+00  max= 1.00998E+05
HESSD: ia=  11  min= 0.00000E+00  max= 1.00998E+05
IA= 11  H(single F0) min= 0.00000E+00  max= 1.97996E-03
IA= 11  H(F0^2)     min= 0.00000E+00  max= 1.97996E-03
HESSD: ia=  11  min= 0.00000E+00  max= 1.00998E+05
Grad block  11 GRAD_SCALED MORM =   9.3067E-06
Raw grad block 11  PAR={Q66}  min= -2.4921E-10  max=  2.2691E-10  L2=  2.1053E-09
Gradient finished
Start LBFGS 
LBFGS steepest step , iter=      1
  g·p = -2.4689E-07  ||p|| =  1.0963E-01
  min(p)= -9.5949E-03  max(p)=  9.2623E-03
LBFGS p_k (unscaled) stats per active parameter:
  IA= 11  PAR={Q66}  min=-4.37203E+01  max= 4.22049E+01  L2= 4.99524E+02
min(p_k)= -9.5949E-03  max(p_k)=  9.2623E-03  ||p_k||=  1.0963E-01
min(p_kf)= -9.5949E-03  max(p_kf)=  9.2623E-03  ||p_kf||=  4.3850E-01
p_k/p_kf  =   2.5000E-01
Start linesearch
BT entry: phi(0)=  2.4039E-07  g·p(0)= -2.4689E-07
 UPDATEPARAMETER: f-scale only
UPDATEPARAMETER PAR_STEP min/max, V_STEP min/max =  3.9333527943E+01  1.0932709389E+02
  3.9333527943E+01  1.0932709389E+02
REL STEP Q      : k= 11 row=  6 rmax_k=  7.5235E-01 row_scale=  9.7271E+01
BT cap probe: rmax1=  7.5235E-01  alpha_cap=  6.6458E-01  alpha00=  1.0000E+00
 UPDATEPARAMETER: f-scale only
UPDATEPARAMETER PAR_STEP min/max, V_STEP min/max =  4.1690562851E+01  1.0224222976E+02
  4.1690562851E+01  1.0224222976E+02
 running run_ik_loop_pardiso
before CA | VmRSS=  21.778 GB  VmHWM= 108.485 GB
after CA | VmRSS=  22.412 GB  VmHWM= 108.485 GB
after factor | VmRSS=  26.170 GB  VmHWM= 108.485 GB
f=     6.800 Hz | ky=  0.723755E-03 | IK=       1/      77 | t=   16.963800 s | CA=  2.4948 | fact= 12.6292 | GF=  1.8396 | solve=  1.6880 | scatter=  0.0511
f=     6.800 Hz | ky=  0.144751E-02 | IK=       2/      77 | t=    6.658200 s | CA=  2.4836 | fact=  2.4282 | GF=  1.7464 | solve=  1.6257 | scatter=  0.0495
f=     6.800 Hz | ky=  0.217126E-02 | IK=       3/      77 | t=    6.689500 s | CA=  2.5243 | fact=  2.4225 | GF=  1.7427 | solve=  1.6221 | scatter=  0.0492
f=     6.800 Hz | ky=  0.289502E-02 | IK=       4/      77 | t=    6.677600 s | CA=  2.5083 | fact=  2.4294 | GF=  1.7399 | solve=  1.6196 | scatter=  0.0491
f=     6.800 Hz | ky=  0.361877E-02 | IK=       5/      77 | t=    6.670000 s | CA=  2.5042 | fact=  2.4210 | GF=  1.7448 | solve=  1.6229 | scatter=  0.0506
f=     6.800 Hz | ky=  0.434253E-02 | IK=       6/      77 | t=    6.675300 s | CA=  2.5119 | fact=  2.4166 | GF=  1.7467 | solve=  1.6242 | scatter=  0.0513
f=     6.800 Hz | ky=  0.506628E-02 | IK=       7/      77 | t=    6.740900 s | CA=  2.5766 | fact=  2.4173 | GF=  1.7470 | solve=  1.6252 | scatter=  0.0504
f=     6.800 Hz | ky=  0.579004E-02 | IK=       8/      77 | t=    6.722900 s | CA=  2.5560 | fact=  2.4239 | GF=  1.7429 | solve=  1.6221 | scatter=  0.0494
f=     6.800 Hz | ky=  0.651379E-02 | IK=       9/      77 | t=    6.687400 s | CA=  2.5224 | fact=  2.4255 | GF=  1.7395 | solve=  1.6186 | scatter=  0.0495
f=     6.800 Hz | ky=  0.723755E-02 | IK=      10/      77 | t=    6.725100 s | CA=  2.5487 | fact=  2.4311 | GF=  1.7452 | solve=  1.6228 | scatter=  0.0509
f=     6.800 Hz | ky=  0.796130E-02 | IK=      11/      77 | t=    6.686900 s | CA=  2.5395 | fact=  2.3988 | GF=  1.7486 | solve=  1.6270 | scatter=  0.0502
f=     6.800 Hz | ky=  0.868506E-02 | IK=      12/      77 | t=    6.697100 s | CA=  2.5340 | fact=  2.4177 | GF=  1.7453 | solve=  1.6240 | scatter=  0.0500
f=     6.800 Hz | ky=  0.940881E-02 | IK=      13/      77 | t=    6.640800 s | CA=  2.4837 | fact=  2.4186 | GF=  1.7385 | solve=  1.6174 | scatter=  0.0496
PARDISO mem (f=  6.80 Hz): sym=  1.95 GB  perm=  1.42 GB  num=  3.22 GB  
peak=  4.64 GB
 WD_amp= 7.74749E+13  RESID_RMS= 9.62338E-04  FCOST_DATA= 4.63048E-07  FCOST0= 4.63048E-07
BT: alpha=  6.6458E-01  phi=  4.6305E-07  rhs=  2.4038E-07
 UPDATEPARAMETER: f-scale only
UPDATEPARAMETER PAR_STEP min/max, V_STEP min/max =  4.4025615528E+01  9.7453628360E+01
  4.4025615528E+01  9.7453628360E+01
 running run_ik_loop_pardiso
before CA | VmRSS=  22.401 GB  VmHWM= 108.485 GB
after CA | VmRSS=  23.111 GB  VmHWM= 108.485 GB
after factor | VmRSS=  26.869 GB  VmHWM= 108.485 GB
f=     6.800 Hz | ky=  0.723755E-03 | IK=       1/      77 | t=   17.013700 s | CA=  2.5581 | fact= 12.6154 | GF=  1.8400 | solve=  1.6885 | scatter=  0.0503
f=     6.800 Hz | ky=  0.144751E-02 | IK=       2/      77 | t=    6.623500 s | CA=  2.4664 | fact=  2.4162 | GF=  1.7409 | solve=  1.6197 | scatter=  0.0500
f=     6.800 Hz | ky=  0.217126E-02 | IK=       3/      77 | t=    6.671100 s | CA=  2.5050 | fact=  2.4255 | GF=  1.7405 | solve=  1.6187 | scatter=  0.0505
f=     6.800 Hz | ky=  0.289502E-02 | IK=       4/      77 | t=    6.553500 s | CA=  2.4266 | fact=  2.3936 | GF=  1.7333 | solve=  1.6122 | scatter=  0.0499
f=     6.800 Hz | ky=  0.361877E-02 | IK=       5/      77 | t=    6.650600 s | CA=  2.5031 | fact=  2.4108 | GF=  1.7367 | solve=  1.6154 | scatter=  0.0501
f=     6.800 Hz | ky=  0.434253E-02 | IK=       6/      77 | t=    6.642300 s | CA=  2.5057 | fact=  2.3992 | GF=  1.7374 | solve=  1.6156 | scatter=  0.0507
f=     6.800 Hz | ky=  0.506628E-02 | IK=       7/      77 | t=    6.719000 s | CA=  2.5627 | fact=  2.4173 | GF=  1.7390 | solve=  1.6173 | scatter=  0.0506
f=     6.800 Hz | ky=  0.579004E-02 | IK=       8/      77 | t=    6.656700 s | CA=  2.4903 | fact=  2.4221 | GF=  1.7443 | solve=  1.6224 | scatter=  0.0508
f=     6.800 Hz | ky=  0.651379E-02 | IK=       9/      77 | t=    6.656500 s | CA=  2.4850 | fact=  2.4243 | GF=  1.7472 | solve=  1.6236 | scatter=  0.0523
f=     6.800 Hz | ky=  0.723755E-02 | IK=      10/      77 | t=    6.586300 s | CA=  2.4179 | fact=  2.4224 | GF=  1.7460 | solve=  1.6239 | scatter=  0.0508
f=     6.800 Hz | ky=  0.796130E-02 | IK=      11/      77 | t=    6.669900 s | CA=  2.5061 | fact=  2.4205 | GF=  1.7433 | solve=  1.6214 | scatter=  0.0508
f=     6.800 Hz | ky=  0.868506E-02 | IK=      12/      77 | t=    6.622400 s | CA=  2.4562 | fact=  2.4156 | GF=  1.7506 | solve=  1.6290 | scatter=  0.0501
f=     6.800 Hz | ky=  0.940881E-02 | IK=      13/      77 | t=    6.718700 s | CA=  2.5515 | fact=  2.4218 | GF=  1.7454 | solve=  1.6231 | scatter=  0.0511
PARDISO mem (f=  6.80 Hz): sym=  1.95 GB  perm=  1.42 GB  num=  3.22 GB  
peak=  4.64 GB
 WD_amp= 7.74749E+13  RESID_RMS= 7.42203E-04  FCOST_DATA= 2.75433E-07  FCOST0= 2.75433E-07
BT: alpha=  3.3229E-01  phi=  2.7543E-07  rhs=  2.4038E-07
 UPDATEPARAMETER: f-scale only
UPDATEPARAMETER PAR_STEP min/max, V_STEP min/max =  4.5090000000E+01  9.7362030377E+01
  4.5090000000E+01  9.7362030377E+01
 running run_ik_loop_pardiso
before CA | VmRSS=  22.317 GB  VmHWM= 108.485 GB
after CA | VmRSS=  22.944 GB  VmHWM= 108.485 GB
after factor | VmRSS=  26.704 GB  VmHWM= 108.485 GB
f=     6.800 Hz | ky=  0.723755E-03 | IK=       1/      77 | t=   16.973900 s | CA=  2.5273 | fact= 12.6087 | GF=  1.8377 | solve=  1.6881 | scatter=  0.0492
f=     6.800 Hz | ky=  0.144751E-02 | IK=       2/      77 | t=    6.748800 s | CA=  2.5845 | fact=  2.4210 | GF=  1.7432 | solve=  1.6216 | scatter=  0.0504
f=     6.800 Hz | ky=  0.217126E-02 | IK=       3/      77 | t=    6.656800 s | CA=  2.4940 | fact=  2.4194 | GF=  1.7433 | solve=  1.6230 | scatter=  0.0491
f=     6.800 Hz | ky=  0.289502E-02 | IK=       4/      77 | t=    6.661800 s | CA=  2.5002 | fact=  2.4177 | GF=  1.7439 | solve=  1.6222 | scatter=  0.0506
f=     6.800 Hz | ky=  0.361877E-02 | IK=       5/      77 | t=    6.694300 s | CA=  2.5225 | fact=  2.4238 | GF=  1.7480 | solve=  1.6272 | scatter=  0.0497
f=     6.800 Hz | ky=  0.434253E-02 | IK=       6/      77 | t=    6.657600 s | CA=  2.5061 | fact=  2.4074 | GF=  1.7441 | solve=  1.6225 | scatter=  0.0503
f=     6.800 Hz | ky=  0.506628E-02 | IK=       7/      77 | t=    6.627800 s | CA=  2.4851 | fact=  2.4009 | GF=  1.7418 | solve=  1.6194 | scatter=  0.0510
f=     6.800 Hz | ky=  0.579004E-02 | IK=       8/      77 | t=    6.634900 s | CA=  2.4636 | fact=  2.4274 | GF=  1.7439 | solve=  1.6234 | scatter=  0.0493
f=     6.800 Hz | ky=  0.651379E-02 | IK=       9/      77 | t=    6.651600 s | CA=  2.4873 | fact=  2.4190 | GF=  1.7452 | solve=  1.6232 | scatter=  0.0506
f=     6.800 Hz | ky=  0.723755E-02 | IK=      10/      77 | t=    6.722100 s | CA=  2.5672 | fact=  2.4048 | GF=  1.7501 | solve=  1.6293 | scatter=  0.0495
f=     6.800 Hz | ky=  0.796130E-02 | IK=      11/      77 | t=    6.679600 s | CA=  2.5064 | fact=  2.4249 | GF=  1.7482 | solve=  1.6266 | scatter=  0.0503
f=     6.800 Hz | ky=  0.868506E-02 | IK=      12/      77 | t=    6.678500 s | CA=  2.5112 | fact=  2.4187 | GF=  1.7486 | solve=  1.6271 | scatter=  0.0502
f=     6.800 Hz | ky=  0.940881E-02 | IK=      13/      77 | t=    6.673000 s | CA=  2.5002 | fact=  2.4252 | GF=  1.7476 | solve=  1.6248 | scatter=  0.0514
PARDISO mem (f=  6.80 Hz): sym=  1.95 GB  perm=  1.42 GB  num=  3.22 GB  
peak=  4.64 GB
 WD_amp= 7.74749E+13  RESID_RMS= 6.88036E-04  FCOST_DATA= 2.36696E-07  FCOST0= 2.36696E-07
BT: alpha=  1.6615E-01  phi=  2.3670E-07  rhs=  2.4039E-07
Convergence reached, updating parameter grid
ALPHA from line search =  .1661453016443866
 FCOST0 after linesearch  2.366964441637755E-007
  
Norm of s (s_norm) =  .1821383265785170E-01
  
  
  
  
  
Time for LBFGS =  7.179046630859375 min
  
 Frequency:          10 Iteration:           2
t_global   =    408.952 s
  
 -------------- calculate Frechet derivatives -----------
 IFREQ =          10    ITERATION =           2
||Frechet||_F=  1.4227E-13max|Frechet|=  3.0486E-18
||Frechet||_F=  1.4227E-13max|Frechet|=  3.0486E-18
 
TIME for Frechet calc =  4.237833404541016 min
 
 
  compute the residual and the cost function
 WD_amp= 7.74749E+13  RESID_RMS= 6.88036E-04  FCOST_DATA= 2.36696E-07  FCOST0= 2.36696E-07
||Frechet||_F=  1.4227E-13max|Frechet|=  3.0486E-18
||Frechet||_F=  1.4227E-13max|Frechet|=  3.0486E-18
||Frechet||_F=  1.4227E-13max|Frechet|=  3.0486E-18
||Frechet||_F=  1.4227E-13max|Frechet|=  3.0486E-18
Grad block  11 GRAD_SCALED MORM =   9.5232E-06
Raw grad block 11  PAR={Q66}  min= -3.1255E-10  max=  2.3658E-10  L2=  2.1469E-09
Gradient finished
Start LBFGS 
curvature (warm): s·y=  6.8771E-09  ||s||^2=  3.3174E-04  ||y||^2=  6.3926E-13  sTy_min=  1.4563E-09
LBFGS history: used= 0  skipped= 1  worst_col= 5  bad_s·y=  6.8771E-09  bad_cos_sy=  4.7224E-01
LBFGS step: g·p = -1.8182E-07  ||p||=  8.7381E-02
LBFGS step: min(p)= -7.2939E-03  max(p)=  6.9005E-03
LBFGS p_k (unscaled) stats per active parameter:
  IA= 11  PAR={Q66}  min=-3.32355E+01  max= 3.14429E+01  L2= 3.98162E+02
min(p_k)= -7.2939E-03  max(p_k)=  6.9005E-03  ||p_k||=  8.7381E-02
min(p_kf)= -7.2939E-03  max(p_kf)=  6.9005E-03  ||p_kf||=  3.4952E-01
p_k/p_kf  =   2.5000E-01
Start linesearch
MT entry: phi(0)=  2.3670E-07  dg0= -1.8182E-07  alpha0=  1.0000E+00
 UPDATEPARAMETER: f-scale only
UPDATEPARAMETER PAR_STEP min/max, V_STEP min/max =  3.9337096303E+01  1.0709077178E+02
  3.9337096303E+01  1.0709077178E+02
 WD_amp= 7.74749E+13  RESID_RMS= 1.29376E-03  FCOST_DATA= 8.36903E-07  FCOST0= 8.36903E-07
  
 -------------- calculate Frechet derivatives -----------
 IFREQ =          10    ITERATION =           2
||Frechet||_F=  1.3960E-13max|Frechet|=  2.9781E-18
||Frechet||_F=  1.3960E-13max|Frechet|=  2.9781E-18
||Frechet||_F=  1.3960E-13max|Frechet|=  2.9781E-18
||Frechet||_F=  1.3960E-13max|Frechet|=  2.9781E-18
||Frechet||_F=  1.3960E-13max|Frechet|=  2.9781E-18
||Frechet||_F=  1.3960E-13max|Frechet|=  2.9781E-18
Grad block  11 GRAD_SCALED MORM =   1.7368E-05
MT try: alpha=  1.0000E+00  phi=  8.3690E-07  dg= -6.1030E-08  dg0= -1.8182E-07
MT try: armijo_rhs=  2.3668E-07  armijo=F  curvature=T  task=FG
 UPDATEPARAMETER: f-scale only
UPDATEPARAMETER PAR_STEP min/max, V_STEP min/max =  4.4951218572E+01  9.7410190071E+01
  4.4951218572E+01  9.7410190071E+01
 WD_amp= 7.74749E+13  RESID_RMS= 6.99822E-04  FCOST_DATA= 2.44875E-07  FCOST0= 2.44875E-07
  
 -------------- calculate Frechet derivatives -----------
 IFREQ =          10    ITERATION =           2
||Frechet||_F=  1.4208E-13max|Frechet|=  3.0456E-18
||Frechet||_F=  1.4208E-13max|Frechet|=  3.0456E-18
||Frechet||_F=  1.4208E-13max|Frechet|=  3.0456E-18
||Frechet||_F=  1.4208E-13max|Frechet|=  3.0456E-18
||Frechet||_F=  1.4208E-13max|Frechet|=  3.0456E-18
||Frechet||_F=  1.4208E-13max|Frechet|=  3.0456E-18
Grad block  11 GRAD_SCALED MORM =   9.7154E-06
MT try: alpha=  4.2621E-02  phi=  2.4488E-07  dg= -1.7793E-07  dg0= -1.8182E-07
MT try: armijo_rhs=  2.3670E-07  armijo=F  curvature=F  task=FG
 UPDATEPARAMETER: f-scale only
UPDATEPARAMETER PAR_STEP min/max, V_STEP min/max =  4.5090000000E+01  9.7366332865E+01
  4.5090000000E+01  9.7366332865E+01
 WD_amp= 7.74749E+13  RESID_RMS= 6.88990E-04  FCOST_DATA= 2.37353E-07  FCOST0= 2.37353E-07
  
 -------------- calculate Frechet derivatives -----------
 IFREQ =          10    ITERATION =           2
||Frechet||_F=  1.4225E-13max|Frechet|=  3.0484E-18
||Frechet||_F=  1.4225E-13max|Frechet|=  3.0484E-18
||Frechet||_F=  1.4225E-13max|Frechet|=  3.0484E-18
||Frechet||_F=  1.4225E-13max|Frechet|=  3.0484E-18
||Frechet||_F=  1.4225E-13max|Frechet|=  3.0484E-18
||Frechet||_F=  1.4225E-13max|Frechet|=  3.0484E-18
Grad block  11 GRAD_SCALED MORM =   9.5393E-06
MT try: alpha=  3.8077E-03  phi=  2.3735E-07  dg= -1.8148E-07  dg0= -1.8182E-07
MT try: armijo_rhs=  2.3670E-07  armijo=F  curvature=F  task=FG
 UPDATEPARAMETER: f-scale only
UPDATEPARAMETER PAR_STEP min/max, V_STEP min/max =  4.5090000000E+01  9.7362436837E+01
  4.5090000000E+01  9.7362436837E+01
 WD_amp= 7.74749E+13  RESID_RMS= 6.88125E-04  FCOST_DATA= 2.36758E-07  FCOST0= 2.36758E-07
  
 -------------- calculate Frechet derivatives -----------
 IFREQ =          10    ITERATION =           2
||Frechet||_F=  1.4227E-13max|Frechet|=  3.0486E-18
||Frechet||_F=  1.4227E-13max|Frechet|=  3.0486E-18
||Frechet||_F=  1.4227E-13max|Frechet|=  3.0486E-18
||Frechet||_F=  1.4227E-13max|Frechet|=  3.0486E-18
||Frechet||_F=  1.4227E-13max|Frechet|=  3.0486E-18
||Frechet||_F=  1.4227E-13max|Frechet|=  3.0486E-18
Grad block  11 GRAD_SCALED MORM =   9.5247E-06
MT try: alpha=  3.5971E-04  phi=  2.3676E-07  dg= -1.8179E-07  dg0= -1.8182E-07
MT try: armijo_rhs=  2.3670E-07  armijo=F  curvature=F  task=FG
 UPDATEPARAMETER: f-scale only
UPDATEPARAMETER PAR_STEP min/max, V_STEP min/max =  4.5090000000E+01  9.7362068983E+01
  4.5090000000E+01  9.7362068983E+01
 WD_amp= 7.74749E+13  RESID_RMS= 6.88044E-04  FCOST_DATA= 2.36702E-07  FCOST0= 2.36702E-07
LS STOP (stagnation): alpha=  3.4166E-05  FCOST1=  2.3670E-07  FCOST0=  2.3670E-07
 LINESEARCH_MT(dcsrch): fallback to backtrack, task=FG stp=
  3.416633467488749E-005  hit_minstep= F
BT entry: phi(0)=  2.3670E-07  g·p(0)= -1.8182E-07
 UPDATEPARAMETER: f-scale only
UPDATEPARAMETER PAR_STEP min/max, V_STEP min/max =  3.9337096303E+01  1.0709077178E+02
  3.9337096303E+01  1.0709077178E+02
REL STEP Q      : k= 11 row=  6 rmax_k=  5.1903E-01 row_scale=  9.7362E+01
BT cap probe: rmax1=  5.1903E-01  alpha_cap=  9.6333E-01  alpha00=  1.0000E+00
 UPDATEPARAMETER: f-scale only
UPDATEPARAMETER PAR_STEP min/max, V_STEP min/max =  3.9617950556E+01  1.0652686326E+02
  3.9617950556E+01  1.0652686326E+02
 WD_amp= 7.74749E+13  RESID_RMS= 1.26544E-03  FCOST_DATA= 8.00664E-07  FCOST0= 8.00664E-07
BT: alpha=  9.6333E-01  phi=  8.0066E-07  rhs=  2.3668E-07
 UPDATEPARAMETER: f-scale only
UPDATEPARAMETER PAR_STEP min/max, V_STEP min/max =  4.2459139708E+01  9.9120454669E+01
  4.2459139708E+01  9.9120454669E+01
 WD_amp= 7.74749E+13  RESID_RMS= 9.21743E-04  FCOST_DATA= 4.24805E-07  FCOST0= 4.24805E-07
BT: alpha=  4.8166E-01  phi=  4.2481E-07  rhs=  2.3669E-07
 UPDATEPARAMETER: f-scale only
UPDATEPARAMETER PAR_STEP min/max, V_STEP min/max =  4.3826140787E+01  9.7637090158E+01
  4.3826140787E+01  9.7637090158E+01
 WD_amp= 7.74749E+13  RESID_RMS= 7.81646E-04  FCOST_DATA= 3.05485E-07  FCOST0= 3.05485E-07
BT: alpha=  2.4083E-01  phi=  3.0549E-07  rhs=  2.3669E-07
 UPDATEPARAMETER: f-scale only
UPDATEPARAMETER PAR_STEP min/max, V_STEP min/max =  4.4509641327E+01  9.7498094896E+01
  4.4509641327E+01  9.7498094896E+01
 WD_amp= 7.74749E+13  RESID_RMS= 7.27114E-04  FCOST_DATA= 2.64348E-07  FCOST0= 2.64348E-07
BT: alpha=  1.2042E-01  phi=  2.6435E-07  rhs=  2.3669E-07
 UPDATEPARAMETER: f-scale only
UPDATEPARAMETER PAR_STEP min/max, V_STEP min/max =  4.4851391596E+01  9.7430062636E+01
  4.4851391596E+01  9.7430062636E+01
 WD_amp= 7.74749E+13  RESID_RMS= 7.05366E-04  FCOST_DATA= 2.48771E-07  FCOST0= 2.48771E-07
BT: alpha=  6.0208E-02  phi=  2.4877E-07  rhs=  2.3670E-07
 UPDATEPARAMETER: f-scale only
UPDATEPARAMETER PAR_STEP min/max, V_STEP min/max =  4.5022266731E+01  9.7396046507E+01
  4.5022266731E+01  9.7396046507E+01
 WD_amp= 7.74749E+13  RESID_RMS= 6.96113E-04  FCOST_DATA= 2.42287E-07  FCOST0= 2.42287E-07
BT: alpha=  3.0104E-02  phi=  2.4229E-07  rhs=  2.3670E-07
 UPDATEPARAMETER: f-scale only
UPDATEPARAMETER PAR_STEP min/max, V_STEP min/max =  4.5090000000E+01  9.7379038442E+01
  4.5090000000E+01  9.7379038442E+01
 WD_amp= 7.74749E+13  RESID_RMS= 6.91923E-04  FCOST_DATA= 2.39379E-07  FCOST0= 2.39379E-07
BT: alpha=  1.5052E-02  phi=  2.3938E-07  rhs=  2.3670E-07
 UPDATEPARAMETER: f-scale only
UPDATEPARAMETER PAR_STEP min/max, V_STEP min/max =  4.5090000000E+01  9.7370534409E+01
  4.5090000000E+01  9.7370534409E+01
 WD_amp= 7.74749E+13  RESID_RMS= 6.89941E-04  FCOST_DATA= 2.38009E-07  FCOST0= 2.38009E-07
BT: alpha=  7.5260E-03  phi=  2.3801E-07  rhs=  2.3670E-07
 UPDATEPARAMETER: f-scale only
UPDATEPARAMETER PAR_STEP min/max, V_STEP min/max =  4.5090000000E+01  9.7366282393E+01
  4.5090000000E+01  9.7366282393E+01
 WD_amp= 7.74749E+13  RESID_RMS= 6.88979E-04  FCOST_DATA= 2.37346E-07  FCOST0= 2.37346E-07
BT: alpha=  3.7630E-03  phi=  2.3735E-07  rhs=  2.3670E-07
 UPDATEPARAMETER: f-scale only
UPDATEPARAMETER PAR_STEP min/max, V_STEP min/max =  4.5090000000E+01  9.7364156385E+01
  4.5090000000E+01  9.7364156385E+01
 WD_amp= 7.74749E+13  RESID_RMS= 6.88504E-04  FCOST_DATA= 2.37019E-07  FCOST0= 2.37019E-07
BT: alpha=  1.8815E-03  phi=  2.3702E-07  rhs=  2.3670E-07
 UPDATEPARAMETER: f-scale only
UPDATEPARAMETER PAR_STEP min/max, V_STEP min/max =  4.5090000000E+01  9.7363093381E+01
  4.5090000000E+01  9.7363093381E+01
 WD_amp= 7.74749E+13  RESID_RMS= 6.88269E-04  FCOST_DATA= 2.36857E-07  FCOST0= 2.36857E-07
BT: alpha=  9.4075E-04  phi=  2.3686E-07  rhs=  2.3670E-07
 UPDATEPARAMETER: f-scale only
UPDATEPARAMETER PAR_STEP min/max, V_STEP min/max =  4.5090000000E+01  9.7362561879E+01
  4.5090000000E+01  9.7362561879E+01
 WD_amp= 7.74749E+13  RESID_RMS= 6.88152E-04  FCOST_DATA= 2.36777E-07  FCOST0= 2.36777E-07
BT: alpha=  4.7037E-04  phi=  2.3678E-07  rhs=  2.3670E-07
 UPDATEPARAMETER: f-scale only
UPDATEPARAMETER PAR_STEP min/max, V_STEP min/max =  4.5090000000E+01  9.7362296128E+01
  4.5090000000E+01  9.7362296128E+01
 WD_amp= 7.74749E+13  RESID_RMS= 6.88094E-04  FCOST_DATA= 2.36737E-07  FCOST0= 2.36737E-07
BT: alpha=  2.3519E-04  phi=  2.3674E-07  rhs=  2.3670E-07
 UPDATEPARAMETER: f-scale only
UPDATEPARAMETER PAR_STEP min/max, V_STEP min/max =  4.5090000000E+01  9.7362163252E+01
  4.5090000000E+01  9.7362163252E+01
 WD_amp= 7.74749E+13  RESID_RMS= 6.88065E-04  FCOST_DATA= 2.36716E-07  FCOST0= 2.36716E-07
BT: alpha=  1.1759E-04  phi=  2.3672E-07  rhs=  2.3670E-07
 UPDATEPARAMETER: f-scale only
UPDATEPARAMETER PAR_STEP min/max, V_STEP min/max =  4.5090000000E+01  9.7362096815E+01
  4.5090000000E+01  9.7362096815E+01
 WD_amp= 7.74749E+13  RESID_RMS= 6.88050E-04  FCOST_DATA= 2.36706E-07  FCOST0= 2.36706E-07
BT: alpha=  5.8797E-05  phi=  2.3671E-07  rhs=  2.3670E-07
 UPDATEPARAMETER: f-scale only
UPDATEPARAMETER PAR_STEP min/max, V_STEP min/max =  4.5090000000E+01  9.7362041676E+01
  4.5090000000E+01  9.7362041676E+01
 WD_amp= 7.74749E+13  RESID_RMS= 6.88038E-04  FCOST_DATA= 2.36698E-07  FCOST0= 2.36698E-07
 Backtrack: failed after MAX_IT
 Line search failed (IFLAG=          11 ), inversion diverged.
 --------- Frequency   7.40000000000000       (band            1 )
[ComputeAcqWeight] empty acq_weight_file, using uniform weights = 1.0
Data weighting computed for frequency 4607182418800017373
XSRmin, XSRmax, ZSRmin, ZSRMax -1960.000000000000 .000000000000000 2050.000000000000 4030.000000000000
1 FKYC
1.2 FKYC
my_rank, FKYC,WLMAX, RMAX 0 .6064639731277687E-01 692.2674047084824 2786.036611389018
1.1 NK
NK in cky2= 88

  Number of wavenumber samples (NK) for FREQ =   88
Data weighting computed for frequency 4607182418800017373
Data weighting computed for frequency 4607182418800017373
Data weighting computed for frequency 4607182418800017373
Data weighting computed for frequency 4607182418800017373
Data weighting computed for frequency 4607182418800017373
  RMAX = 2786.04
--- Pre-solver preview (memory + RHS workload) ---
   GQG dims: NNX=       585  NNZ=       317  NPT=    185445
   DOF:     N=3*NPT =    556335
   Sources: NSR=       100  NSS=        20  NK=        88
   RHS total (per IK): nrhs_tot=3*NSS =        60
   Batch:    MAX_RHS_BATCH=        32  nbatches=         2
   GFMY  (GFX+GFY+GFZ):         21.886 GB
   RHS_MY(rhs+sol buffers):      0.531 GB
 
 running run_ik_loop_pardiso
before CA | VmRSS=  23.675 GB  VmHWM= 127.897 GB
after CA | VmRSS=  24.823 GB  VmHWM= 127.897 GB
after factor | VmRSS=  28.584 GB  VmHWM= 127.897 GB
f=     7.400 Hz | ky=  0.689164E-03 | IK=       1/      88 | t=   16.934400 s | CA=  2.4818 | fact= 12.6113 | GF=  1.8411 | solve=  1.6901 | scatter=  0.0502
f=     7.400 Hz | ky=  0.137833E-02 | IK=       2/      88 | t=    6.676600 s | CA=  2.5190 | fact=  2.4163 | GF=  1.7413 | solve=  1.6188 | scatter=  0.0513
f=     7.400 Hz | ky=  0.206749E-02 | IK=       3/      88 | t=    6.682800 s | CA=  2.5289 | fact=  2.4128 | GF=  1.7410 | solve=  1.6193 | scatter=  0.0502
f=     7.400 Hz | ky=  0.275665E-02 | IK=       4/      88 | t=    6.644100 s | CA=  2.4921 | fact=  2.4158 | GF=  1.7362 | solve=  1.6138 | scatter=  0.0512
f=     7.400 Hz | ky=  0.344582E-02 | IK=       5/      88 | t=    6.750900 s | CA=  2.5924 | fact=  2.4154 | GF=  1.7430 | solve=  1.6222 | scatter=  0.0494
f=     7.400 Hz | ky=  0.413498E-02 | IK=       6/      88 | t=    6.658200 s | CA=  2.4954 | fact=  2.4208 | GF=  1.7420 | solve=  1.6192 | scatter=  0.0516
f=     7.400 Hz | ky=  0.482415E-02 | IK=       7/      88 | t=    6.669500 s | CA=  2.5105 | fact=  2.4149 | GF=  1.7441 | solve=  1.6209 | scatter=  0.0515
f=     7.400 Hz | ky=  0.551331E-02 | IK=       8/      88 | t=    6.718100 s | CA=  2.5554 | fact=  2.4208 | GF=  1.7419 | solve=  1.6206 | scatter=  0.0499
f=     7.400 Hz | ky=  0.620247E-02 | IK=       9/      88 | t=    6.683200 s | CA=  2.5191 | fact=  2.4134 | GF=  1.7506 | solve=  1.6278 | scatter=  0.0515
f=     7.400 Hz | ky=  0.689164E-02 | IK=      10/      88 | t=    6.659400 s | CA=  2.5193 | fact=  2.3947 | GF=  1.7453 | solve=  1.6224 | scatter=  0.0514
f=     7.400 Hz | ky=  0.758080E-02 | IK=      11/      88 | t=    6.723000 s | CA=  2.5548 | fact=  2.4269 | GF=  1.7413 | solve=  1.6184 | scatter=  0.0516
f=     7.400 Hz | ky=  0.826996E-02 | IK=      12/      88 | t=    6.701100 s | CA=  2.5324 | fact=  2.4265 | GF=  1.7421 | solve=  1.6210 | scatter=  0.0498
f=     7.400 Hz | ky=  0.895913E-02 | IK=      13/      88 | t=    6.688200 s | CA=  2.5085 | fact=  2.4302 | GF=  1.7494 | solve=  1.6250 | scatter=  0.0527
f=     7.400 Hz | ky=  0.964829E-02 | IK=      14/      88 | t=    6.662900 s | CA=  2.5044 | fact=  2.4193 | GF=  1.7392 | solve=  1.6187 | scatter=  0.0491
f=     7.400 Hz | ky=  0.103375E-01 | IK=      15/      88 | t=    6.674800 s | CA=  2.5044 | fact=  2.4218 | GF=  1.7485 | solve=  1.6254 | scatter=  0.0517
PARDISO mem (f=  7.40 Hz): sym=  1.95 GB  perm=  1.42 GB  num=  3.22 GB  
peak=  4.64 GB
t_global   =    164.519 s
TIME for 1st forward modeling =  2.741991678873698  min
TIME for GT0 =  .9001666307449340E-02  min
Data scaler W for L2 norm: 81248105960047.30
Data scaler W for WQS norm: .1007948000807317E-312
Total number of active inversion parameters for current sequential stage (IM):          1
Total model blocks points (NM = IM * NBLOCK):      11534 on grid (NMM = IM * NPT):    185445
 Gradient balance ():   1.00000000000000        1.00000000000000     
   1.00000000000000        1.00000000000000        1.00000000000000     
   1.00000000000000        1.00000000000000        1.00000000000000     
   1.00000000000000        1.00000000000000        1.00000000000000     
 IE0, IZ          30           0
 IE0, IZ, GZ1, GZ2 =           30           0   100.000000000000     
   300.000000000000     
  
 Frequency:          11 Iteration:           1
--- Pre-solver preview (memory + RHS workload) ---
   GQG dims: NNX=       585  NNZ=       317  NPT=    185445
   DOF:     N=3*NPT =    556335
   Sources: NSR=       100  NSS=       100  NK=        88
   RHS total (per IK): nrhs_tot=3*NSS =       300
   Batch:    MAX_RHS_BATCH=        32  nbatches=        10
   GFMY  (GFX+GFY+GFZ):        109.428 GB
   RHS_MY(rhs+sol buffers):      0.531 GB
 
 running run_ik_loop_pardiso
before CA | VmRSS= 112.043 GB  VmHWM= 127.897 GB
after CA | VmRSS= 112.670 GB  VmHWM= 127.897 GB
after factor | VmRSS= 116.437 GB  VmHWM= 127.897 GB
f=     7.400 Hz | ky=  0.689164E-03 | IK=       1/      88 | t=   23.644900 s | CA=  2.4564 | fact= 12.6040 | GF=  8.5843 | solve=  7.9511 | scatter=  0.2407
f=     7.400 Hz | ky=  0.137833E-02 | IK=       2/      88 | t=   13.426700 s | CA=  2.4810 | fact=  2.4219 | GF=  8.5238 | solve=  7.9151 | scatter=  0.2468
f=     7.400 Hz | ky=  0.206749E-02 | IK=       3/      88 | t=   13.420500 s | CA=  2.4670 | fact=  2.4218 | GF=  8.5317 | solve=  7.9255 | scatter=  0.2444
f=     7.400 Hz | ky=  0.275665E-02 | IK=       4/      88 | t=   13.466200 s | CA=  2.5044 | fact=  2.4199 | GF=  8.5418 | solve=  7.9334 | scatter=  0.2459
f=     7.400 Hz | ky=  0.344582E-02 | IK=       5/      88 | t=   13.455000 s | CA=  2.4845 | fact=  2.4185 | GF=  8.5520 | solve=  7.9461 | scatter=  0.2431
f=     7.400 Hz | ky=  0.413498E-02 | IK=       6/      88 | t=   13.447100 s | CA=  2.4785 | fact=  2.4183 | GF=  8.5503 | solve=  7.9421 | scatter=  0.2456
f=     7.400 Hz | ky=  0.482415E-02 | IK=       7/      88 | t=   13.457500 s | CA=  2.4828 | fact=  2.4139 | GF=  8.5608 | solve=  7.9538 | scatter=  0.2446
f=     7.400 Hz | ky=  0.551331E-02 | IK=       8/      88 | t=   13.453100 s | CA=  2.4826 | fact=  2.4258 | GF=  8.5446 | solve=  7.9341 | scatter=  0.2475
f=     7.400 Hz | ky=  0.620247E-02 | IK=       9/      88 | t=   13.433300 s | CA=  2.4644 | fact=  2.4202 | GF=  8.5486 | solve=  7.9395 | scatter=  0.2460
f=     7.400 Hz | ky=  0.689164E-02 | IK=      10/      88 | t=   13.494300 s | CA=  2.4905 | fact=  2.4381 | GF=  8.5657 | solve=  7.9494 | scatter=  0.2522
f=     7.400 Hz | ky=  0.758080E-02 | IK=      11/      88 | t=   13.475500 s | CA=  2.4866 | fact=  2.4242 | GF=  8.5646 | solve=  7.9583 | scatter=  0.2421
f=     7.400 Hz | ky=  0.826996E-02 | IK=      12/      88 | t=   13.462100 s | CA=  2.5032 | fact=  2.4175 | GF=  8.5414 | solve=  7.9309 | scatter=  0.2453
f=     7.400 Hz | ky=  0.895913E-02 | IK=      13/      88 | t=   13.451000 s | CA=  2.5067 | fact=  2.4011 | GF=  8.5432 | solve=  7.9352 | scatter=  0.2423
f=     7.400 Hz | ky=  0.964829E-02 | IK=      14/      88 | t=   13.470900 s | CA=  2.4907 | fact=  2.4235 | GF=  8.5567 | solve=  7.9433 | scatter=  0.2472
f=     7.400 Hz | ky=  0.103375E-01 | IK=      15/      88 | t=   13.466900 s | CA=  2.4907 | fact=  2.4281 | GF=  8.5481 | solve=  7.9373 | scatter=  0.2449
PARDISO mem (f=  7.40 Hz): sym=  1.95 GB  perm=  1.42 GB  num=  3.22 GB  
peak=  4.64 GB
t_global   =    467.492 s
TIME for 2d forward modeling_i calc =  7.790093485514323 min
Rank    2 -> ID range:   1601 to   2400 | Tasks:    800
Rank    1 -> ID range:    801 to   1600 | Tasks:    800
Rank    5 -> ID range:   4001 to   4800 | Tasks:    800
Rank    3 -> ID range:   2401 to   3200 | Tasks:    800
Rank    4 -> ID range:   3201 to   4000 | Tasks:    800
  
 -------------- calculate Frechet derivatives -----------
 IFREQ =          11    ITERATION =           1
Frechet memory size Frec_my:      0.825 (Gb)
Rank    0 -> ID range:      1 to    800 | Tasks:    800
FREQ:      7.4 Hz, ITER=       1  Frechet Derivative ID=     100/    4800 Finished   0.308700 s
FREQ:      7.4 Hz, ITER=       1  Frechet Derivative ID=     200/    4800 Finished   0.307300 s
FREQ:      7.4 Hz, ITER=       1  Frechet Derivative ID=     300/    4800 Finished   0.306300 s
FREQ:      7.4 Hz, ITER=       1  Frechet Derivative ID=     400/    4800 Finished   0.291300 s
FREQ:      7.4 Hz, ITER=       1  Frechet Derivative ID=     500/    4800 Finished   0.307100 s
FREQ:      7.4 Hz, ITER=       1  Frechet Derivative ID=     600/    4800 Finished   0.308500 s
FREQ:      7.4 Hz, ITER=       1  Frechet Derivative ID=     700/    4800 Finished   0.305700 s
FREQ:      7.4 Hz, ITER=       1  Frechet Derivative ID=     800/    4800 Finished   0.304700 s
||Frechet||_F=  1.0914E-13max|Frechet|=  3.5416E-18
 
TIME for Frechet calc =  4.874841817220052 min
 
||Frechet||_F=  1.0914E-13max|Frechet|=  3.5416E-18
m_fine: min=  4.5090E+01  max=  9.7362E+01  mean=  7.7926E+01  ||.||2=  3.4712E+04  size=  185445
m_coarse_prev: min=  4.5136E+01  max=  9.7150E+01  mean=  7.7948E+01  ||.||2=  8.6584E+03  size=   11534
 
  compute the residual and the cost function
 WD_amp= 8.12481E+13  RESID_RMS= 4.92157E-04  FCOST_DATA= 1.21109E-07  FCOST0= 1.21109E-07
||Frechet||_F=  1.0914E-13max|Frechet|=  3.5416E-18
||Frechet||_F=  1.0914E-13max|Frechet|=  3.5416E-18
||Frechet||_F=  1.0914E-13max|Frechet|=  3.5416E-18
||Frechet||_F=  1.0914E-13max|Frechet|=  3.5416E-18
IA= 11  H(single F0) min= 0.00000E+00  max= 1.99815E-03
IA= 11  H(F0^2)     min= 0.00000E+00  max= 1.99815E-03
HESSD: ia=  11  min= 0.00000E+00  max= 1.00089E+05
IA= 11  H(single F0) min= 0.00000E+00  max= 1.99815E-03
IA= 11  H(F0^2)     min= 0.00000E+00  max= 1.99815E-03
HESSD: ia=  11  min= 0.00000E+00  max= 1.00089E+05
IA= 11  H(single F0) min= 0.00000E+00  max= 1.99815E-03
IA= 11  H(F0^2)     min= 0.00000E+00  max= 1.99815E-03
HESSD: ia=  11  min= 0.00000E+00  max= 1.00089E+05
IA= 11  H(single F0) min= 0.00000E+00  max= 1.99815E-03
IA= 11  H(F0^2)     min= 0.00000E+00  max= 1.99815E-03
HESSD: ia=  11  min= 0.00000E+00  max= 1.00089E+05
IA= 11  H(single F0) min= 0.00000E+00  max= 1.99815E-03
IA= 11  H(F0^2)     min= 0.00000E+00  max= 1.99815E-03
HESSD: ia=  11  min= 0.00000E+00  max= 1.00089E+05
IA= 11  H(single F0) min= 0.00000E+00  max= 1.99815E-03
IA= 11  H(F0^2)     min= 0.00000E+00  max= 1.99815E-03
HESSD: ia=  11  min= 0.00000E+00  max= 1.00089E+05
Grad block  11 GRAD_SCALED MORM =   6.0979E-06
Raw grad block 11  PAR={Q66}  min= -1.5908E-10  max=  1.9138E-10  L2=  1.3868E-09
Gradient finished
Start LBFGS 
LBFGS steepest step , iter=      1
  g·p = -1.0233E-07  ||p|| =  7.6816E-02
  min(p)= -8.6065E-03  max(p)=  4.7182E-03
LBFGS p_k (unscaled) stats per active parameter:
  IA= 11  PAR={Q66}  min=-3.92166E+01  max= 2.14991E+01  L2= 3.50021E+02
min(p_k)= -8.6065E-03  max(p_k)=  4.7182E-03  ||p_k||=  7.6816E-02
min(p_kf)= -8.6065E-03  max(p_kf)=  4.7182E-03  ||p_kf||=  3.0726E-01
p_k/p_kf  =   2.5000E-01
Start linesearch
BT entry: phi(0)=  1.2111E-07  g·p(0)= -1.0233E-07
 UPDATEPARAMETER: f-scale only
UPDATEPARAMETER PAR_STEP min/max, V_STEP min/max =  4.0628338489E+01  1.0052111731E+02
  4.0628338489E+01  1.0052111731E+02
REL STEP Q      : k= 11 row=  6 rmax_k=  4.7088E-01 row_scale=  9.7362E+01
BT cap probe: rmax1=  4.7088E-01  alpha_cap=  1.0000E+00  alpha00=  1.0000E+00
 UPDATEPARAMETER: f-scale only
UPDATEPARAMETER PAR_STEP min/max, V_STEP min/max =  4.0628338489E+01  1.0052111731E+02
  4.0628338489E+01  1.0052111731E+02
 running run_ik_loop_pardiso
before CA | VmRSS=  24.541 GB  VmHWM= 127.897 GB
after CA | VmRSS=  25.145 GB  VmHWM= 127.897 GB
after factor | VmRSS=  28.904 GB  VmHWM= 127.897 GB
f=     7.400 Hz | ky=  0.689164E-03 | IK=       1/      88 | t=   16.928400 s | CA=  2.4573 | fact= 12.6280 | GF=  1.8429 | solve=  1.6931 | scatter=  0.0495
f=     7.400 Hz | ky=  0.137833E-02 | IK=       2/      88 | t=    6.636000 s | CA=  2.4843 | fact=  2.4134 | GF=  1.7383 | solve=  1.6170 | scatter=  0.0501
f=     7.400 Hz | ky=  0.206749E-02 | IK=       3/      88 | t=    6.665000 s | CA=  2.5410 | fact=  2.3852 | GF=  1.7388 | solve=  1.6167 | scatter=  0.0509
f=     7.400 Hz | ky=  0.275665E-02 | IK=       4/      88 | t=    6.656500 s | CA=  2.4813 | fact=  2.4326 | GF=  1.7425 | solve=  1.6203 | scatter=  0.0511
f=     7.400 Hz | ky=  0.344582E-02 | IK=       5/      88 | t=    6.675500 s | CA=  2.5065 | fact=  2.4174 | GF=  1.7516 | solve=  1.6281 | scatter=  0.0522
f=     7.400 Hz | ky=  0.413498E-02 | IK=       6/      88 | t=    6.629000 s | CA=  2.4725 | fact=  2.4133 | GF=  1.7431 | solve=  1.6208 | scatter=  0.0504
f=     7.400 Hz | ky=  0.482415E-02 | IK=       7/      88 | t=    6.663500 s | CA=  2.5209 | fact=  2.3940 | GF=  1.7486 | solve=  1.6257 | scatter=  0.0516
f=     7.400 Hz | ky=  0.551331E-02 | IK=       8/      88 | t=    6.664700 s | CA=  2.5011 | fact=  2.4228 | GF=  1.7408 | solve=  1.6196 | scatter=  0.0498
f=     7.400 Hz | ky=  0.620247E-02 | IK=       9/      88 | t=    6.683400 s | CA=  2.5316 | fact=  2.4038 | GF=  1.7480 | solve=  1.6243 | scatter=  0.0520
f=     7.400 Hz | ky=  0.689164E-02 | IK=      10/      88 | t=    6.658000 s | CA=  2.4912 | fact=  2.4207 | GF=  1.7461 | solve=  1.6254 | scatter=  0.0492
f=     7.400 Hz | ky=  0.758080E-02 | IK=      11/      88 | t=    6.666500 s | CA=  2.5199 | fact=  2.4038 | GF=  1.7428 | solve=  1.6215 | scatter=  0.0501
f=     7.400 Hz | ky=  0.826996E-02 | IK=      12/      88 | t=    6.653900 s | CA=  2.4782 | fact=  2.4322 | GF=  1.7434 | solve=  1.6218 | scatter=  0.0499
f=     7.400 Hz | ky=  0.895913E-02 | IK=      13/      88 | t=    6.732100 s | CA=  2.5547 | fact=  2.4316 | GF=  1.7457 | solve=  1.6239 | scatter=  0.0505
f=     7.400 Hz | ky=  0.964829E-02 | IK=      14/      88 | t=    6.656000 s | CA=  2.4809 | fact=  2.4285 | GF=  1.7466 | solve=  1.6252 | scatter=  0.0502
f=     7.400 Hz | ky=  0.103375E-01 | IK=      15/      88 | t=    6.676500 s | CA=  2.5063 | fact=  2.4281 | GF=  1.7421 | solve=  1.6203 | scatter=  0.0504
PARDISO mem (f=  7.40 Hz): sym=  1.95 GB  perm=  1.42 GB  num=  3.22 GB  
peak=  4.64 GB
 WD_amp= 8.12481E+13  RESID_RMS= 9.58276E-04  FCOST_DATA= 4.59147E-07  FCOST0= 4.59147E-07
BT: alpha=  1.0000E+00  phi=  4.5915E-07  rhs=  1.2110E-07
 UPDATEPARAMETER: f-scale only
UPDATEPARAMETER PAR_STEP min/max, V_STEP min/max =  4.2960029598E+01  9.7714595034E+01
  4.2960029598E+01  9.7714595034E+01
 running run_ik_loop_pardiso
before CA | VmRSS=  24.544 GB  VmHWM= 127.897 GB
after CA | VmRSS=  26.197 GB  VmHWM= 127.897 GB
after factor | VmRSS=  29.957 GB  VmHWM= 127.897 GB
f=     7.400 Hz | ky=  0.689164E-03 | IK=       1/      88 | t=   16.912100 s | CA=  2.4559 | fact= 12.6191 | GF=  1.8369 | solve=  1.6853 | scatter=  0.0509
f=     7.400 Hz | ky=  0.137833E-02 | IK=       2/      88 | t=    6.629800 s | CA=  2.4734 | fact=  2.4188 | GF=  1.7376 | solve=  1.6152 | scatter=  0.0511
f=     7.400 Hz | ky=  0.206749E-02 | IK=       3/      88 | t=    6.630400 s | CA=  2.4661 | fact=  2.4169 | GF=  1.7474 | solve=  1.6257 | scatter=  0.0503
f=     7.400 Hz | ky=  0.275665E-02 | IK=       4/      88 | t=    6.638300 s | CA=  2.4681 | fact=  2.4314 | GF=  1.7388 | solve=  1.6178 | scatter=  0.0499
f=     7.400 Hz | ky=  0.344582E-02 | IK=       5/      88 | t=    6.644600 s | CA=  2.4801 | fact=  2.4255 | GF=  1.7390 | solve=  1.6170 | scatter=  0.0504
f=     7.400 Hz | ky=  0.413498E-02 | IK=       6/      88 | t=    6.635200 s | CA=  2.4632 | fact=  2.4249 | GF=  1.7471 | solve=  1.6267 | scatter=  0.0492
f=     7.400 Hz | ky=  0.482415E-02 | IK=       7/      88 | t=    6.642800 s | CA=  2.4857 | fact=  2.4158 | GF=  1.7412 | solve=  1.6191 | scatter=  0.0507
f=     7.400 Hz | ky=  0.551331E-02 | IK=       8/      88 | t=    6.649700 s | CA=  2.5288 | fact=  2.3759 | GF=  1.7449 | solve=  1.6214 | scatter=  0.0517
f=     7.400 Hz | ky=  0.620247E-02 | IK=       9/      88 | t=    6.639800 s | CA=  2.4682 | fact=  2.4284 | GF=  1.7432 | solve=  1.6221 | scatter=  0.0498
f=     7.400 Hz | ky=  0.689164E-02 | IK=      10/      88 | t=    6.694700 s | CA=  2.5267 | fact=  2.4254 | GF=  1.7426 | solve=  1.6210 | scatter=  0.0503
f=     7.400 Hz | ky=  0.758080E-02 | IK=      11/      88 | t=    6.663300 s | CA=  2.4929 | fact=  2.4255 | GF=  1.7449 | solve=  1.6215 | scatter=  0.0516
f=     7.400 Hz | ky=  0.826996E-02 | IK=      12/      88 | t=    6.673700 s | CA=  2.4956 | fact=  2.4312 | GF=  1.7468 | solve=  1.6238 | scatter=  0.0518
f=     7.400 Hz | ky=  0.895913E-02 | IK=      13/      88 | t=    6.628900 s | CA=  2.4736 | fact=  2.4133 | GF=  1.7420 | solve=  1.6216 | scatter=  0.0491
f=     7.400 Hz | ky=  0.964829E-02 | IK=      14/      88 | t=    6.669300 s | CA=  2.5003 | fact=  2.4266 | GF=  1.7423 | solve=  1.6206 | scatter=  0.0502
f=     7.400 Hz | ky=  0.103375E-01 | IK=      15/      88 | t=    6.632400 s | CA=  2.4630 | fact=  2.4234 | GF=  1.7460 | solve=  1.6235 | scatter=  0.0509
PARDISO mem (f=  7.40 Hz): sym=  1.95 GB  perm=  1.42 GB  num=  3.22 GB  
peak=  4.64 GB
 WD_amp= 8.12481E+13  RESID_RMS= 6.34934E-04  FCOST_DATA= 2.01570E-07  FCOST0= 2.01570E-07
BT: alpha=  5.0000E-01  phi=  2.0157E-07  rhs=  1.2110E-07
 UPDATEPARAMETER: f-scale only
UPDATEPARAMETER PAR_STEP min/max, V_STEP min/max =  4.4125875152E+01  9.7468269156E+01
  4.4125875152E+01  9.7468269156E+01
 running run_ik_loop_pardiso
before CA | VmRSS=  25.209 GB  VmHWM= 127.897 GB
after CA | VmRSS=  25.695 GB  VmHWM= 127.897 GB
after factor | VmRSS=  29.457 GB  VmHWM= 127.897 GB
f=     7.400 Hz | ky=  0.689164E-03 | IK=       1/      88 | t=   16.943100 s | CA=  2.4769 | fact= 12.6262 | GF=  1.8398 | solve=  1.6880 | scatter=  0.0512
f=     7.400 Hz | ky=  0.137833E-02 | IK=       2/      88 | t=    6.646700 s | CA=  2.4924 | fact=  2.4093 | GF=  1.7450 | solve=  1.6231 | scatter=  0.0508
f=     7.400 Hz | ky=  0.206749E-02 | IK=       3/      88 | t=    6.699700 s | CA=  2.5327 | fact=  2.4272 | GF=  1.7398 | solve=  1.6191 | scatter=  0.0495
f=     7.400 Hz | ky=  0.275665E-02 | IK=       4/      88 | t=    6.677200 s | CA=  2.5151 | fact=  2.4178 | GF=  1.7443 | solve=  1.6235 | scatter=  0.0495
f=     7.400 Hz | ky=  0.344582E-02 | IK=       5/      88 | t=    6.724500 s | CA=  2.5641 | fact=  2.4148 | GF=  1.7456 | solve=  1.6238 | scatter=  0.0504
f=     7.400 Hz | ky=  0.413498E-02 | IK=       6/      88 | t=    6.658500 s | CA=  2.4895 | fact=  2.4249 | GF=  1.7441 | solve=  1.6219 | scatter=  0.0510
f=     7.400 Hz | ky=  0.482415E-02 | IK=       7/      88 | t=    6.626400 s | CA=  2.4819 | fact=  2.4006 | GF=  1.7439 | solve=  1.6201 | scatter=  0.0525
f=     7.400 Hz | ky=  0.551331E-02 | IK=       8/      88 | t=    6.687700 s | CA=  2.5135 | fact=  2.4296 | GF=  1.7446 | solve=  1.6231 | scatter=  0.0499
f=     7.400 Hz | ky=  0.620247E-02 | IK=       9/      88 | t=    6.683200 s | CA=  2.5152 | fact=  2.4262 | GF=  1.7417 | solve=  1.6197 | scatter=  0.0505
f=     7.400 Hz | ky=  0.689164E-02 | IK=      10/      88 | t=    6.687200 s | CA=  2.5186 | fact=  2.4218 | GF=  1.7468 | solve=  1.6263 | scatter=  0.0492
f=     7.400 Hz | ky=  0.758080E-02 | IK=      11/      88 | t=    6.747400 s | CA=  2.5786 | fact=  2.4264 | GF=  1.7423 | solve=  1.6190 | scatter=  0.0517
f=     7.400 Hz | ky=  0.826996E-02 | IK=      12/      88 | t=    6.708000 s | CA=  2.5435 | fact=  2.4185 | GF=  1.7460 | solve=  1.6236 | scatter=  0.0510
f=     7.400 Hz | ky=  0.895913E-02 | IK=      13/      88 | t=    6.705600 s | CA=  2.5303 | fact=  2.4284 | GF=  1.7469 | solve=  1.6244 | scatter=  0.0512
f=     7.400 Hz | ky=  0.964829E-02 | IK=      14/      88 | t=    6.633000 s | CA=  2.4674 | fact=  2.4194 | GF=  1.7462 | solve=  1.6245 | scatter=  0.0500
f=     7.400 Hz | ky=  0.103375E-01 | IK=      15/      88 | t=    6.701600 s | CA=  2.5256 | fact=  2.4265 | GF=  1.7494 | solve=  1.6259 | scatter=  0.0518
PARDISO mem (f=  7.40 Hz): sym=  1.95 GB  perm=  1.42 GB  num=  3.22 GB  
peak=  4.64 GB
 WD_amp= 8.12481E+13  RESID_RMS= 5.30608E-04  FCOST_DATA= 1.40773E-07  FCOST0= 1.40773E-07
BT: alpha=  2.5000E-01  phi=  1.4077E-07  rhs=  1.2111E-07
 UPDATEPARAMETER: f-scale only
UPDATEPARAMETER PAR_STEP min/max, V_STEP min/max =  4.4708797930E+01  9.7369484505E+01
  4.4708797930E+01  9.7369484505E+01
 running run_ik_loop_pardiso
before CA | VmRSS=  24.524 GB  VmHWM= 127.897 GB
after CA | VmRSS=  26.030 GB  VmHWM= 127.897 GB
after factor | VmRSS=  29.799 GB  VmHWM= 127.897 GB
f=     7.400 Hz | ky=  0.689164E-03 | IK=       1/      88 | t=   16.876700 s | CA=  2.4125 | fact= 12.6267 | GF=  1.8373 | solve=  1.6844 | scatter=  0.0522
f=     7.400 Hz | ky=  0.137833E-02 | IK=       2/      88 | t=    6.697000 s | CA=  2.5388 | fact=  2.4158 | GF=  1.7424 | solve=  1.6216 | scatter=  0.0495
f=     7.400 Hz | ky=  0.206749E-02 | IK=       3/      88 | t=    6.728000 s | CA=  2.5687 | fact=  2.4173 | GF=  1.7419 | solve=  1.6189 | scatter=  0.0516
f=     7.400 Hz | ky=  0.275665E-02 | IK=       4/      88 | t=    6.710200 s | CA=  2.5463 | fact=  2.4260 | GF=  1.7379 | solve=  1.6166 | scatter=  0.0500
f=     7.400 Hz | ky=  0.344582E-02 | IK=       5/      88 | t=    6.731200 s | CA=  2.5648 | fact=  2.4191 | GF=  1.7473 | solve=  1.6248 | scatter=  0.0513
f=     7.400 Hz | ky=  0.413498E-02 | IK=       6/      88 | t=    6.720000 s | CA=  2.5539 | fact=  2.4250 | GF=  1.7410 | solve=  1.6187 | scatter=  0.0512
f=     7.400 Hz | ky=  0.482415E-02 | IK=       7/      88 | t=    6.678500 s | CA=  2.5205 | fact=  2.4137 | GF=  1.7443 | solve=  1.6232 | scatter=  0.0499
f=     7.400 Hz | ky=  0.551331E-02 | IK=       8/      88 | t=    6.701700 s | CA=  2.5335 | fact=  2.4248 | GF=  1.7433 | solve=  1.6217 | scatter=  0.0504
f=     7.400 Hz | ky=  0.620247E-02 | IK=       9/      88 | t=    6.641000 s | CA=  2.4752 | fact=  2.4196 | GF=  1.7462 | solve=  1.6247 | scatter=  0.0501
f=     7.400 Hz | ky=  0.689164E-02 | IK=      10/      88 | t=    6.635900 s | CA=  2.5211 | fact=  2.3702 | GF=  1.7445 | solve=  1.6227 | scatter=  0.0505
f=     7.400 Hz | ky=  0.758080E-02 | IK=      11/      88 | t=    6.662600 s | CA=  2.5081 | fact=  2.4124 | GF=  1.7420 | solve=  1.6188 | scatter=  0.0518
f=     7.400 Hz | ky=  0.826996E-02 | IK=      12/      88 | t=    6.666200 s | CA=  2.5057 | fact=  2.4165 | GF=  1.7440 | solve=  1.6207 | scatter=  0.0515
f=     7.400 Hz | ky=  0.895913E-02 | IK=      13/      88 | t=    6.682800 s | CA=  2.5093 | fact=  2.4292 | GF=  1.7443 | solve=  1.6229 | scatter=  0.0500
f=     7.400 Hz | ky=  0.964829E-02 | IK=      14/      88 | t=    6.688500 s | CA=  2.5193 | fact=  2.4278 | GF=  1.7414 | solve=  1.6193 | scatter=  0.0507
f=     7.400 Hz | ky=  0.103375E-01 | IK=      15/      88 | t=    6.622400 s | CA=  2.4732 | fact=  2.4089 | GF=  1.7403 | solve=  1.6178 | scatter=  0.0508
PARDISO mem (f=  7.40 Hz): sym=  1.95 GB  perm=  1.42 GB  num=  3.22 GB  
peak=  4.64 GB
 WD_amp= 8.12481E+13  RESID_RMS= 5.01516E-04  FCOST_DATA= 1.25759E-07  FCOST0= 1.25759E-07
BT: alpha=  1.2500E-01  phi=  1.2576E-07  rhs=  1.2111E-07
 UPDATEPARAMETER: f-scale only
UPDATEPARAMETER PAR_STEP min/max, V_STEP min/max =  4.4964616752E+01  9.7360952321E+01
  4.4964616752E+01  9.7360952321E+01
 running run_ik_loop_pardiso
before CA | VmRSS=  25.107 GB  VmHWM= 127.897 GB
after CA | VmRSS=  25.667 GB  VmHWM= 127.897 GB
after factor | VmRSS=  29.433 GB  VmHWM= 127.897 GB
f=     7.400 Hz | ky=  0.689164E-03 | IK=       1/      88 | t=   17.022400 s | CA=  2.5704 | fact= 12.6137 | GF=  1.8381 | solve=  1.6873 | scatter=  0.0495
f=     7.400 Hz | ky=  0.137833E-02 | IK=       2/      88 | t=    6.592900 s | CA=  2.4878 | fact=  2.3669 | GF=  1.7382 | solve=  1.6179 | scatter=  0.0492
f=     7.400 Hz | ky=  0.206749E-02 | IK=       3/      88 | t=    6.699700 s | CA=  2.5387 | fact=  2.4206 | GF=  1.7404 | solve=  1.6196 | scatter=  0.0497
f=     7.400 Hz | ky=  0.275665E-02 | IK=       4/      88 | t=    6.677600 s | CA=  2.5151 | fact=  2.4138 | GF=  1.7486 | solve=  1.6265 | scatter=  0.0508
f=     7.400 Hz | ky=  0.344582E-02 | IK=       5/      88 | t=    6.730600 s | CA=  2.5692 | fact=  2.4197 | GF=  1.7417 | solve=  1.6206 | scatter=  0.0498
f=     7.400 Hz | ky=  0.413498E-02 | IK=       6/      88 | t=    6.647400 s | CA=  2.4908 | fact=  2.4106 | GF=  1.7459 | solve=  1.6250 | scatter=  0.0497
f=     7.400 Hz | ky=  0.482415E-02 | IK=       7/      88 | t=    6.670300 s | CA=  2.5029 | fact=  2.4244 | GF=  1.7430 | solve=  1.6200 | scatter=  0.0517
f=     7.400 Hz | ky=  0.551331E-02 | IK=       8/      88 | t=    6.673400 s | CA=  2.5049 | fact=  2.4211 | GF=  1.7473 | solve=  1.6259 | scatter=  0.0501
f=     7.400 Hz | ky=  0.620247E-02 | IK=       9/      88 | t=    6.683200 s | CA=  2.5249 | fact=  2.4143 | GF=  1.7440 | solve=  1.6222 | scatter=  0.0504
f=     7.400 Hz | ky=  0.689164E-02 | IK=      10/      88 | t=    6.620600 s | CA=  2.4550 | fact=  2.4182 | GF=  1.7473 | solve=  1.6237 | scatter=  0.0524
f=     7.400 Hz | ky=  0.758080E-02 | IK=      11/      88 | t=    6.681900 s | CA=  2.5068 | fact=  2.4302 | GF=  1.7449 | solve=  1.6233 | scatter=  0.0502
f=     7.400 Hz | ky=  0.826996E-02 | IK=      12/      88 | t=    6.675600 s | CA=  2.5076 | fact=  2.4203 | GF=  1.7476 | solve=  1.6257 | scatter=  0.0504
f=     7.400 Hz | ky=  0.895913E-02 | IK=      13/      88 | t=    6.667200 s | CA=  2.5002 | fact=  2.4192 | GF=  1.7478 | solve=  1.6251 | scatter=  0.0513
f=     7.400 Hz | ky=  0.964829E-02 | IK=      14/      88 | t=    6.674200 s | CA=  2.4992 | fact=  2.4319 | GF=  1.7430 | solve=  1.6220 | scatter=  0.0498
f=     7.400 Hz | ky=  0.103375E-01 | IK=      15/      88 | t=    6.749500 s | CA=  2.5720 | fact=  2.4284 | GF=  1.7491 | solve=  1.6263 | scatter=  0.0514
PARDISO mem (f=  7.40 Hz): sym=  1.95 GB  perm=  1.42 GB  num=  3.22 GB  
peak=  4.64 GB
 WD_amp= 8.12481E+13  RESID_RMS= 4.94214E-04  FCOST_DATA= 1.22124E-07  FCOST0= 1.22124E-07
BT: alpha=  6.2500E-02  phi=  1.2212E-07  rhs=  1.2111E-07
 UPDATEPARAMETER: f-scale only
UPDATEPARAMETER PAR_STEP min/max, V_STEP min/max =  4.5066223745E+01  9.7357309295E+01
  4.5066223745E+01  9.7357309295E+01
 running run_ik_loop_pardiso
before CA | VmRSS=  24.535 GB  VmHWM= 127.897 GB
after CA | VmRSS=  26.043 GB  VmHWM= 127.897 GB
after factor | VmRSS=  29.804 GB  VmHWM= 127.897 GB
f=     7.400 Hz | ky=  0.689164E-03 | IK=       1/      88 | t=   16.862800 s | CA=  2.4031 | fact= 12.6186 | GF=  1.8409 | solve=  1.6900 | scatter=  0.0504
f=     7.400 Hz | ky=  0.137833E-02 | IK=       2/      88 | t=    6.632000 s | CA=  2.4721 | fact=  2.4148 | GF=  1.7451 | solve=  1.6233 | scatter=  0.0505
f=     7.400 Hz | ky=  0.206749E-02 | IK=       3/      88 | t=    6.628100 s | CA=  2.4719 | fact=  2.4178 | GF=  1.7383 | solve=  1.6172 | scatter=  0.0499
f=     7.400 Hz | ky=  0.275665E-02 | IK=       4/      88 | t=    6.648700 s | CA=  2.4768 | fact=  2.4325 | GF=  1.7393 | solve=  1.6188 | scatter=  0.0493
f=     7.400 Hz | ky=  0.344582E-02 | IK=       5/      88 | t=    6.637000 s | CA=  2.4819 | fact=  2.4100 | GF=  1.7450 | solve=  1.6224 | scatter=  0.0511
f=     7.400 Hz | ky=  0.413498E-02 | IK=       6/      88 | t=    6.667800 s | CA=  2.4973 | fact=  2.4267 | GF=  1.7437 | solve=  1.6221 | scatter=  0.0503
f=     7.400 Hz | ky=  0.482415E-02 | IK=       7/      88 | t=    6.665300 s | CA=  2.4978 | fact=  2.4234 | GF=  1.7440 | solve=  1.6219 | scatter=  0.0505
f=     7.400 Hz | ky=  0.551331E-02 | IK=       8/      88 | t=    6.666500 s | CA=  2.4882 | fact=  2.4224 | GF=  1.7557 | solve=  1.6320 | scatter=  0.0518
f=     7.400 Hz | ky=  0.620247E-02 | IK=       9/      88 | t=    6.655200 s | CA=  2.4835 | fact=  2.4285 | GF=  1.7432 | solve=  1.6219 | scatter=  0.0501
f=     7.400 Hz | ky=  0.689164E-02 | IK=      10/      88 | t=    6.651100 s | CA=  2.4812 | fact=  2.4249 | GF=  1.7449 | solve=  1.6241 | scatter=  0.0495
f=     7.400 Hz | ky=  0.758080E-02 | IK=      11/      88 | t=    6.676800 s | CA=  2.5077 | fact=  2.4224 | GF=  1.7467 | solve=  1.6243 | scatter=  0.0511
f=     7.400 Hz | ky=  0.826996E-02 | IK=      12/      88 | t=    6.637300 s | CA=  2.4677 | fact=  2.4218 | GF=  1.7478 | solve=  1.6259 | scatter=  0.0505
f=     7.400 Hz | ky=  0.895913E-02 | IK=      13/      88 | t=    6.630400 s | CA=  2.4602 | fact=  2.4231 | GF=  1.7471 | solve=  1.6248 | scatter=  0.0509
f=     7.400 Hz | ky=  0.964829E-02 | IK=      14/      88 | t=    6.664600 s | CA=  2.4922 | fact=  2.4249 | GF=  1.7475 | solve=  1.6264 | scatter=  0.0497
f=     7.400 Hz | ky=  0.103375E-01 | IK=      15/      88 | t=    6.666200 s | CA=  2.4983 | fact=  2.4262 | GF=  1.7417 | solve=  1.6208 | scatter=  0.0496
PARDISO mem (f=  7.40 Hz): sym=  1.95 GB  perm=  1.42 GB  num=  3.22 GB  
peak=  4.64 GB
 WD_amp= 8.12481E+13  RESID_RMS= 4.92517E-04  FCOST_DATA= 1.21286E-07  FCOST0= 1.21286E-07
BT: alpha=  3.1250E-02  phi=  1.2129E-07  rhs=  1.2111E-07
 UPDATEPARAMETER: f-scale only
UPDATEPARAMETER PAR_STEP min/max, V_STEP min/max =  4.5090000000E+01  9.7359669836E+01
  4.5090000000E+01  9.7359669836E+01
 running run_ik_loop_pardiso
before CA | VmRSS=  25.124 GB  VmHWM= 127.897 GB
after CA | VmRSS=  25.673 GB  VmHWM= 127.897 GB
after factor | VmRSS=  29.435 GB  VmHWM= 127.897 GB
f=     7.400 Hz | ky=  0.689164E-03 | IK=       1/      88 | t=   16.900500 s | CA=  2.4601 | fact= 12.6002 | GF=  1.8400 | solve=  1.6878 | scatter=  0.0514
f=     7.400 Hz | ky=  0.137833E-02 | IK=       2/      88 | t=    6.652600 s | CA=  2.4944 | fact=  2.4167 | GF=  1.7415 | solve=  1.6178 | scatter=  0.0520
f=     7.400 Hz | ky=  0.206749E-02 | IK=       3/      88 | t=    6.629300 s | CA=  2.4992 | fact=  2.3913 | GF=  1.7388 | solve=  1.6190 | scatter=  0.0486
f=     7.400 Hz | ky=  0.275665E-02 | IK=       4/      88 | t=    6.647100 s | CA=  2.4830 | fact=  2.4232 | GF=  1.7408 | solve=  1.6206 | scatter=  0.0490
f=     7.400 Hz | ky=  0.344582E-02 | IK=       5/      88 | t=    6.631800 s | CA=  2.4716 | fact=  2.4220 | GF=  1.7381 | solve=  1.6163 | scatter=  0.0506
f=     7.400 Hz | ky=  0.413498E-02 | IK=       6/      88 | t=    6.627400 s | CA=  2.4781 | fact=  2.4078 | GF=  1.7415 | solve=  1.6201 | scatter=  0.0502
f=     7.400 Hz | ky=  0.482415E-02 | IK=       7/      88 | t=    6.680000 s | CA=  2.5076 | fact=  2.4262 | GF=  1.7461 | solve=  1.6222 | scatter=  0.0528
f=     7.400 Hz | ky=  0.551331E-02 | IK=       8/      88 | t=    6.678400 s | CA=  2.5233 | fact=  2.4127 | GF=  1.7424 | solve=  1.6220 | scatter=  0.0491
f=     7.400 Hz | ky=  0.620247E-02 | IK=       9/      88 | t=    6.694700 s | CA=  2.5199 | fact=  2.4328 | GF=  1.7420 | solve=  1.6191 | scatter=  0.0516
f=     7.400 Hz | ky=  0.689164E-02 | IK=      10/      88 | t=    6.700400 s | CA=  2.5312 | fact=  2.4259 | GF=  1.7433 | solve=  1.6218 | scatter=  0.0502
f=     7.400 Hz | ky=  0.758080E-02 | IK=      11/      88 | t=    6.653600 s | CA=  2.4889 | fact=  2.4196 | GF=  1.7450 | solve=  1.6232 | scatter=  0.0505
f=     7.400 Hz | ky=  0.826996E-02 | IK=      12/      88 | t=    6.663800 s | CA=  2.4957 | fact=  2.4279 | GF=  1.7402 | solve=  1.6198 | scatter=  0.0490
f=     7.400 Hz | ky=  0.895913E-02 | IK=      13/      88 | t=    6.619000 s | CA=  2.4655 | fact=  2.4121 | GF=  1.7413 | solve=  1.6208 | scatter=  0.0491
f=     7.400 Hz | ky=  0.964829E-02 | IK=      14/      88 | t=    6.683000 s | CA=  2.5167 | fact=  2.4237 | GF=  1.7426 | solve=  1.6207 | scatter=  0.0506
f=     7.400 Hz | ky=  0.103375E-01 | IK=      15/      88 | t=    6.682600 s | CA=  2.5103 | fact=  2.4265 | GF=  1.7458 | solve=  1.6241 | scatter=  0.0503
PARDISO mem (f=  7.40 Hz): sym=  1.95 GB  perm=  1.42 GB  num=  3.22 GB  
peak=  4.64 GB
 WD_amp= 8.12481E+13  RESID_RMS= 4.92169E-04  FCOST_DATA= 1.21115E-07  FCOST0= 1.21115E-07
BT: alpha=  1.5625E-02  phi=  1.2111E-07  rhs=  1.2111E-07
 UPDATEPARAMETER: f-scale only
UPDATEPARAMETER PAR_STEP min/max, V_STEP min/max =  4.5090000000E+01  9.7360850106E+01
  4.5090000000E+01  9.7360850106E+01
 running run_ik_loop_pardiso
before CA | VmRSS=  25.090 GB  VmHWM= 127.897 GB
after CA | VmRSS=  25.805 GB  VmHWM= 127.897 GB
after factor | VmRSS=  29.568 GB  VmHWM= 127.897 GB
f=     7.400 Hz | ky=  0.689164E-03 | IK=       1/      88 | t=   16.958200 s | CA=  2.4963 | fact= 12.6242 | GF=  1.8375 | solve=  1.6854 | scatter=  0.0515
f=     7.400 Hz | ky=  0.137833E-02 | IK=       2/      88 | t=    6.681900 s | CA=  2.5224 | fact=  2.4207 | GF=  1.7388 | solve=  1.6170 | scatter=  0.0507
f=     7.400 Hz | ky=  0.206749E-02 | IK=       3/      88 | t=    6.655900 s | CA=  2.4985 | fact=  2.4139 | GF=  1.7435 | solve=  1.6220 | scatter=  0.0503
f=     7.400 Hz | ky=  0.275665E-02 | IK=       4/      88 | t=    6.663700 s | CA=  2.5103 | fact=  2.4116 | GF=  1.7417 | solve=  1.6209 | scatter=  0.0497
f=     7.400 Hz | ky=  0.344582E-02 | IK=       5/      88 | t=    6.633900 s | CA=  2.4758 | fact=  2.4181 | GF=  1.7399 | solve=  1.6176 | scatter=  0.0512
f=     7.400 Hz | ky=  0.413498E-02 | IK=       6/      88 | t=    6.693700 s | CA=  2.5300 | fact=  2.4208 | GF=  1.7429 | solve=  1.6185 | scatter=  0.0530
f=     7.400 Hz | ky=  0.482415E-02 | IK=       7/      88 | t=    6.661200 s | CA=  2.5023 | fact=  2.4178 | GF=  1.7410 | solve=  1.6187 | scatter=  0.0511
f=     7.400 Hz | ky=  0.551331E-02 | IK=       8/      88 | t=    6.598700 s | CA=  2.4923 | fact=  2.3678 | GF=  1.7386 | solve=  1.6183 | scatter=  0.0489
f=     7.400 Hz | ky=  0.620247E-02 | IK=       9/      88 | t=    6.649000 s | CA=  2.4822 | fact=  2.4199 | GF=  1.7469 | solve=  1.6236 | scatter=  0.0520
f=     7.400 Hz | ky=  0.689164E-02 | IK=      10/      88 | t=    6.644300 s | CA=  2.4886 | fact=  2.4147 | GF=  1.7410 | solve=  1.6190 | scatter=  0.0506
f=     7.400 Hz | ky=  0.758080E-02 | IK=      11/      88 | t=    6.701100 s | CA=  2.5236 | fact=  2.4284 | GF=  1.7490 | solve=  1.6267 | scatter=  0.0511
f=     7.400 Hz | ky=  0.826996E-02 | IK=      12/      88 | t=    6.656700 s | CA=  2.4827 | fact=  2.4288 | GF=  1.7452 | solve=  1.6217 | scatter=  0.0521
f=     7.400 Hz | ky=  0.895913E-02 | IK=      13/      88 | t=    6.685000 s | CA=  2.5218 | fact=  2.4170 | GF=  1.7462 | solve=  1.6237 | scatter=  0.0511
f=     7.400 Hz | ky=  0.964829E-02 | IK=      14/      88 | t=    6.643800 s | CA=  2.4748 | fact=  2.4283 | GF=  1.7406 | solve=  1.6205 | scatter=  0.0489
f=     7.400 Hz | ky=  0.103375E-01 | IK=      15/      88 | t=    6.634700 s | CA=  2.4761 | fact=  2.4176 | GF=  1.7410 | solve=  1.6192 | scatter=  0.0504
PARDISO mem (f=  7.40 Hz): sym=  1.95 GB  perm=  1.42 GB  num=  3.22 GB  
peak=  4.64 GB
 WD_amp= 8.12481E+13  RESID_RMS= 4.92120E-04  FCOST_DATA= 1.21091E-07  FCOST0= 1.21091E-07
BT: alpha=  7.8125E-03  phi=  1.2109E-07  rhs=  1.2111E-07
  
  
  
  
  
Convergence reached, updating parameter grid
ALPHA from line search =  .7812500000000000E-02
 FCOST0 after linesearch  1.210912046327539E-007
Norm of s (s_norm) =  .6001242167212762E-03
  
Time for LBFGS =  21.74031372070312 min
  
 Frequency:          11 Iteration:           2
t_global   =    467.270 s
  
 -------------- calculate Frechet derivatives -----------
 IFREQ =          11    ITERATION =           2
||Frechet||_F=  1.0912E-13max|Frechet|=  3.5421E-18
 
TIME for Frechet calc =  4.686843363444011 min
 
 
  compute the residual and the cost function
 WD_amp= 8.12481E+13  RESID_RMS= 4.92120E-04  FCOST_DATA= 1.21091E-07  FCOST0= 1.21091E-07
||Frechet||_F=  1.0912E-13max|Frechet|=  3.5421E-18
||Frechet||_F=  1.0912E-13max|Frechet|=  3.5421E-18
||Frechet||_F=  1.0912E-13max|Frechet|=  3.5421E-18
||Frechet||_F=  1.0912E-13max|Frechet|=  3.5421E-18
||Frechet||_F=  1.0912E-13max|Frechet|=  3.5421E-18
Grad block  11 GRAD_SCALED MORM =   6.0974E-06
Raw grad block 11  PAR={Q66}  min= -1.5825E-10  max=  1.9142E-10  L2=  1.3866E-09
Gradient finished
Start LBFGS 
curvature (warm): s·y=  8.7054E-12  ||s||^2=  3.6015E-07  ||y||^2=  4.8008E-16  sTy_min=  1.3149E-12
LBFGS history: used= 0  skipped= 1  worst_col= 5  bad_s·y=  8.7054E-12  bad_cos_sy=  6.6205E-01
LBFGS step: g·p = -1.0012E-07  ||p||=  7.5656E-02
LBFGS step: min(p)= -8.4352E-03  max(p)=  4.7262E-03
LBFGS p_k (unscaled) stats per active parameter:
  IA= 11  PAR={Q66}  min=-3.84358E+01  max= 2.15356E+01  L2= 3.44738E+02
min(p_k)= -8.4352E-03  max(p_k)=  4.7262E-03  ||p_k||=  7.5656E-02
min(p_kf)= -8.4352E-03  max(p_kf)=  4.7262E-03  ||p_kf||=  3.0263E-01
p_k/p_kf  =   2.5000E-01
Start linesearch
MT entry: phi(0)=  1.2109E-07  dg0= -1.0012E-07  alpha0=  1.0000E+00
 UPDATEPARAMETER: f-scale only
UPDATEPARAMETER PAR_STEP min/max, V_STEP min/max =  4.0580513119E+01  1.0030469921E+02
  4.0580513119E+01  1.0030469921E+02
 WD_amp= 8.12481E+13  RESID_RMS= 9.54863E-04  FCOST_DATA= 4.55882E-07  FCOST0= 4.55882E-07
  
 -------------- calculate Frechet derivatives -----------
 IFREQ =          11    ITERATION =           2
||Frechet||_F=  1.0733E-13max|Frechet|=  3.6087E-18
||Frechet||_F=  1.0733E-13max|Frechet|=  3.6087E-18
||Frechet||_F=  1.0733E-13max|Frechet|=  3.6087E-18
||Frechet||_F=  1.0733E-13max|Frechet|=  3.6087E-18
||Frechet||_F=  1.0733E-13max|Frechet|=  3.6087E-18
||Frechet||_F=  1.0733E-13max|Frechet|=  3.6087E-18
Grad block  11 GRAD_SCALED MORM =   1.0410E-05
MT try: alpha=  1.0000E+00  phi=  4.5588E-07  dg=  1.7884E-07  dg0= -1.0012E-07
MT try: armijo_rhs=  1.2108E-07  armijo=F  curvature=F  task=FG
 UPDATEPARAMETER: f-scale only
UPDATEPARAMETER PAR_STEP min/max, V_STEP min/max =  4.4978211741E+01  9.7360701165E+01
  4.4978211741E+01  9.7360701165E+01
 WD_amp= 8.12481E+13  RESID_RMS= 4.94114E-04  FCOST_DATA= 1.22074E-07  FCOST0= 1.22074E-07
  
 -------------- calculate Frechet derivatives -----------
 IFREQ =          11    ITERATION =           2
||Frechet||_F=  1.0898E-13max|Frechet|=  3.5455E-18
||Frechet||_F=  1.0898E-13max|Frechet|=  3.5455E-18
||Frechet||_F=  1.0898E-13max|Frechet|=  3.5455E-18
||Frechet||_F=  1.0898E-13max|Frechet|=  3.5455E-18
||Frechet||_F=  1.0898E-13max|Frechet|=  3.5455E-18
||Frechet||_F=  1.0898E-13max|Frechet|=  3.5455E-18
Grad block  11 GRAD_SCALED MORM =   6.1065E-06
MT try: alpha=  5.1056E-02  phi=  1.2207E-07  dg= -9.2988E-08  dg0= -1.0012E-07
MT try: armijo_rhs=  1.2109E-07  armijo=F  curvature=F  task=FG
 UPDATEPARAMETER: f-scale only
UPDATEPARAMETER PAR_STEP min/max, V_STEP min/max =  4.5090000000E+01  9.7359649707E+01
  4.5090000000E+01  9.7359649707E+01
 WD_amp= 8.12481E+13  RESID_RMS= 4.92216E-04  FCOST_DATA= 1.21138E-07  FCOST0= 1.21138E-07
  
 -------------- calculate Frechet derivatives -----------
 IFREQ =          11    ITERATION =           2
||Frechet||_F=  1.0910E-13max|Frechet|=  3.5427E-18
||Frechet||_F=  1.0910E-13max|Frechet|=  3.5427E-18
||Frechet||_F=  1.0910E-13max|Frechet|=  3.5427E-18
||Frechet||_F=  1.0910E-13max|Frechet|=  3.5427E-18
||Frechet||_F=  1.0910E-13max|Frechet|=  3.5427E-18
||Frechet||_F=  1.0910E-13max|Frechet|=  3.5427E-18
Grad block  11 GRAD_SCALED MORM =   6.0977E-06
MT try: alpha=  8.7745E-03  phi=  1.2114E-07  dg= -9.8922E-08  dg0= -1.0012E-07
MT try: armijo_rhs=  1.2109E-07  armijo=F  curvature=F  task=FG
 UPDATEPARAMETER: f-scale only
UPDATEPARAMETER PAR_STEP min/max, V_STEP min/max =  4.5090000000E+01  9.7360612510E+01
  4.5090000000E+01  9.7360612510E+01
 WD_amp= 8.12481E+13  RESID_RMS= 4.92131E-04  FCOST_DATA= 1.21096E-07  FCOST0= 1.21096E-07
LS STOP (stagnation): alpha=  1.7367E-03  FCOST1=  1.2110E-07  FCOST0=  1.2109E-07
 LINESEARCH_MT(dcsrch): fallback to backtrack, task=FG stp=
  1.736743654060246E-003  hit_minstep= F
BT entry: phi(0)=  1.2109E-07  g·p(0)= -1.0012E-07
 UPDATEPARAMETER: f-scale only
UPDATEPARAMETER PAR_STEP min/max, V_STEP min/max =  4.0580513119E+01  1.0030469921E+02
  4.0580513119E+01  1.0030469921E+02
REL STEP Q      : k= 11 row=  6 rmax_k=  4.6321E-01 row_scale=  9.7361E+01
BT cap probe: rmax1=  4.6321E-01  alpha_cap=  1.0000E+00  alpha00=  1.0000E+00
 UPDATEPARAMETER: f-scale only
UPDATEPARAMETER PAR_STEP min/max, V_STEP min/max =  4.0580513119E+01  1.0030469921E+02
  4.0580513119E+01  1.0030469921E+02
 WD_amp= 8.12481E+13  RESID_RMS= 9.54863E-04  FCOST_DATA= 4.55882E-07  FCOST0= 4.55882E-07
BT: alpha=  1.0000E+00  phi=  4.5588E-07  rhs=  1.2108E-07
 UPDATEPARAMETER: f-scale only
UPDATEPARAMETER PAR_STEP min/max, V_STEP min/max =  4.2917900576E+01  9.7718947996E+01
  4.2917900576E+01  9.7718947996E+01
 WD_amp= 8.12481E+13  RESID_RMS= 6.36975E-04  FCOST_DATA= 2.02869E-07  FCOST0= 2.02869E-07
BT: alpha=  5.0000E-01  phi=  2.0287E-07  rhs=  1.2109E-07
 UPDATEPARAMETER: f-scale only
UPDATEPARAMETER PAR_STEP min/max, V_STEP min/max =  4.4086594305E+01  9.7474294478E+01
  4.4086594305E+01  9.7474294478E+01
 WD_amp= 8.12481E+13  RESID_RMS= 5.32924E-04  FCOST_DATA= 1.42004E-07  FCOST0= 1.42004E-07
BT: alpha=  2.5000E-01  phi=  1.4200E-07  rhs=  1.2109E-07
 UPDATEPARAMETER: f-scale only
UPDATEPARAMETER PAR_STEP min/max, V_STEP min/max =  4.4670941169E+01  9.7371149766E+01
  4.4670941169E+01  9.7371149766E+01
 WD_amp= 8.12481E+13  RESID_RMS= 5.03017E-04  FCOST_DATA= 1.26513E-07  FCOST0= 1.26513E-07
BT: alpha=  1.2500E-01  phi=  1.2651E-07  rhs=  1.2109E-07
 UPDATEPARAMETER: f-scale only
UPDATEPARAMETER PAR_STEP min/max, V_STEP min/max =  4.4933672773E+01  9.7362318213E+01
  4.4933672773E+01  9.7362318213E+01
 WD_amp= 8.12481E+13  RESID_RMS= 4.95034E-04  FCOST_DATA= 1.22529E-07  FCOST0= 1.22529E-07
BT: alpha=  6.2500E-02  phi=  1.2253E-07  rhs=  1.2109E-07
 UPDATEPARAMETER: f-scale only
UPDATEPARAMETER PAR_STEP min/max, V_STEP min/max =  4.5042221059E+01  9.7357902436E+01
  4.5042221059E+01  9.7357902436E+01
 WD_amp= 8.12481E+13  RESID_RMS= 4.92929E-04  FCOST_DATA= 1.21490E-07  FCOST0= 1.21490E-07
BT: alpha=  3.1250E-02  phi=  1.2149E-07  rhs=  1.2109E-07
 UPDATEPARAMETER: f-scale only
UPDATEPARAMETER PAR_STEP min/max, V_STEP min/max =  4.5089809439E+01  9.7358712518E+01
  4.5089809439E+01  9.7358712518E+01
 WD_amp= 8.12481E+13  RESID_RMS= 4.92362E-04  FCOST_DATA= 1.21210E-07  FCOST0= 1.21210E-07
BT: alpha=  1.5625E-02  phi=  1.2121E-07  rhs=  1.2109E-07
 UPDATEPARAMETER: f-scale only
UPDATEPARAMETER PAR_STEP min/max, V_STEP min/max =  4.5090000000E+01  9.7359781312E+01
  4.5090000000E+01  9.7359781312E+01
 WD_amp= 8.12481E+13  RESID_RMS= 4.92200E-04  FCOST_DATA= 1.21130E-07  FCOST0= 1.21130E-07
BT: alpha=  7.8125E-03  phi=  1.2113E-07  rhs=  1.2109E-07
 UPDATEPARAMETER: f-scale only
UPDATEPARAMETER PAR_STEP min/max, V_STEP min/max =  4.5090000000E+01  9.7360315709E+01
  4.5090000000E+01  9.7360315709E+01
 WD_amp= 8.12481E+13  RESID_RMS= 4.92150E-04  FCOST_DATA= 1.21106E-07  FCOST0= 1.21106E-07
BT: alpha=  3.9062E-03  phi=  1.2111E-07  rhs=  1.2109E-07
 UPDATEPARAMETER: f-scale only
UPDATEPARAMETER PAR_STEP min/max, V_STEP min/max =  4.5090000000E+01  9.7360582908E+01
  4.5090000000E+01  9.7360582908E+01
 WD_amp= 8.12481E+13  RESID_RMS= 4.92133E-04  FCOST_DATA= 1.21097E-07  FCOST0= 1.21097E-07
BT: alpha=  1.9531E-03  phi=  1.2110E-07  rhs=  1.2109E-07
 UPDATEPARAMETER: f-scale only
UPDATEPARAMETER PAR_STEP min/max, V_STEP min/max =  4.5090000000E+01  9.7360716507E+01
  4.5090000000E+01  9.7360716507E+01
 WD_amp= 8.12481E+13  RESID_RMS= 4.92126E-04  FCOST_DATA= 1.21094E-07  FCOST0= 1.21094E-07
BT: alpha=  9.7656E-04  phi=  1.2109E-07  rhs=  1.2109E-07
 UPDATEPARAMETER: f-scale only
UPDATEPARAMETER PAR_STEP min/max, V_STEP min/max =  4.5090000000E+01  9.7360783307E+01
  4.5090000000E+01  9.7360783307E+01
 WD_amp= 8.12481E+13  RESID_RMS= 4.92123E-04  FCOST_DATA= 1.21093E-07  FCOST0= 1.21093E-07
BT: alpha=  4.8828E-04  phi=  1.2109E-07  rhs=  1.2109E-07
 UPDATEPARAMETER: f-scale only
UPDATEPARAMETER PAR_STEP min/max, V_STEP min/max =  4.5090000000E+01  9.7360816706E+01
  4.5090000000E+01  9.7360816706E+01
 WD_amp= 8.12481E+13  RESID_RMS= 4.92122E-04  FCOST_DATA= 1.21092E-07  FCOST0= 1.21092E-07
BT: alpha=  2.4414E-04  phi=  1.2109E-07  rhs=  1.2109E-07
BT STOP (stagnation): alpha=  2.4414E-04  FCOST1=  1.2109E-07  FCOST0=  1.2109E-07
 UPDATEPARAMETER: f-scale only
UPDATEPARAMETER PAR_STEP min/max, V_STEP min/max =  4.5090000000E+01  9.7360848738E+01
  4.5090000000E+01  9.7360848738E+01
 WD_amp= 8.12481E+13  RESID_RMS= 4.92120E-04  FCOST_DATA= 1.21091E-07  FCOST0= 1.21091E-07
 Backtrack: failed after MAX_IT
 Line search failed (IFLAG=          11 ), inversion diverged.
 --------- Frequency   8.10000000000000       (band            1 )
[ComputeAcqWeight] empty acq_weight_file, using uniform weights = 1.0
Data weighting computed for frequency 4607182418800017373
XSRmin, XSRmax, ZSRmin, ZSRMax -1960.000000000000 .000000000000000 2050.000000000000 4030.000000000000
1 FKYC
1.2 FKYC
my_rank, FKYC,WLMAX, RMAX 0 .6638321868020171E-01 632.4418265237988 2786.036611389018
1.1 NK
NK in cky2= 88

  Number of wavenumber samples (NK) for FREQ =   88
Data weighting computed for frequency 4607182418800017373
Data weighting computed for frequency 4607182418800017373
Data weighting computed for frequency 4607182418800017373
Data weighting computed for frequency 4607182418800017373
  RMAX = 2786.04
Data weighting computed for frequency 4607182418800017373
--- Pre-solver preview (memory + RHS workload) ---
   GQG dims: NNX=       585  NNZ=       317  NPT=    185445
   DOF:     N=3*NPT =    556335
   Sources: NSR=       100  NSS=        20  NK=        88
   RHS total (per IK): nrhs_tot=3*NSS =        60
   Batch:    MAX_RHS_BATCH=        32  nbatches=         2
   GFMY  (GFX+GFY+GFZ):         21.886 GB
   RHS_MY(rhs+sol buffers):      0.531 GB
 
 running run_ik_loop_pardiso
before CA | VmRSS=  23.666 GB  VmHWM= 144.253 GB
after CA | VmRSS=  24.925 GB  VmHWM= 144.253 GB
after factor | VmRSS=  28.681 GB  VmHWM= 144.253 GB
f=     8.100 Hz | ky=  0.754355E-03 | IK=       1/      88 | t=   16.929600 s | CA=  2.4644 | fact= 12.6272 | GF=  1.8378 | solve=  1.6881 | scatter=  0.0489
f=     8.100 Hz | ky=  0.150871E-02 | IK=       2/      88 | t=    6.623600 s | CA=  2.4622 | fact=  2.4231 | GF=  1.7383 | solve=  1.6174 | scatter=  0.0498
f=     8.100 Hz | ky=  0.226306E-02 | IK=       3/      88 | t=    6.622900 s | CA=  2.4608 | fact=  2.4230 | GF=  1.7391 | solve=  1.6182 | scatter=  0.0496
f=     8.100 Hz | ky=  0.301742E-02 | IK=       4/      88 | t=    6.665600 s | CA=  2.5044 | fact=  2.4253 | GF=  1.7359 | solve=  1.6160 | scatter=  0.0486
f=     8.100 Hz | ky=  0.377177E-02 | IK=       5/      88 | t=    6.663800 s | CA=  2.5063 | fact=  2.4138 | GF=  1.7436 | solve=  1.6224 | scatter=  0.0500
f=     8.100 Hz | ky=  0.452613E-02 | IK=       6/      88 | t=    6.646000 s | CA=  2.4910 | fact=  2.4148 | GF=  1.7401 | solve=  1.6186 | scatter=  0.0504
f=     8.100 Hz | ky=  0.528048E-02 | IK=       7/      88 | t=    6.629400 s | CA=  2.5235 | fact=  2.3686 | GF=  1.7373 | solve=  1.6147 | scatter=  0.0513
f=     8.100 Hz | ky=  0.603484E-02 | IK=       8/      88 | t=    6.639900 s | CA=  2.4800 | fact=  2.4210 | GF=  1.7389 | solve=  1.6181 | scatter=  0.0497
f=     8.100 Hz | ky=  0.678919E-02 | IK=       9/      88 | t=    6.641700 s | CA=  2.4842 | fact=  2.4162 | GF=  1.7413 | solve=  1.6211 | scatter=  0.0490
f=     8.100 Hz | ky=  0.754355E-02 | IK=      10/      88 | t=    6.685700 s | CA=  2.5187 | fact=  2.4237 | GF=  1.7432 | solve=  1.6210 | scatter=  0.0510
f=     8.100 Hz | ky=  0.829790E-02 | IK=      11/      88 | t=    6.674800 s | CA=  2.5121 | fact=  2.4174 | GF=  1.7453 | solve=  1.6219 | scatter=  0.0517
f=     8.100 Hz | ky=  0.905226E-02 | IK=      12/      88 | t=    6.632000 s | CA=  2.4646 | fact=  2.4249 | GF=  1.7425 | solve=  1.6208 | scatter=  0.0504
f=     8.100 Hz | ky=  0.980661E-02 | IK=      13/      88 | t=    6.666800 s | CA=  2.4983 | fact=  2.4244 | GF=  1.7441 | solve=  1.6210 | scatter=  0.0517
f=     8.100 Hz | ky=  0.105610E-01 | IK=      14/      88 | t=    6.683400 s | CA=  2.5165 | fact=  2.4260 | GF=  1.7408 | solve=  1.6214 | scatter=  0.0481
f=     8.100 Hz | ky=  0.113153E-01 | IK=      15/      88 | t=    6.672600 s | CA=  2.5109 | fact=  2.4209 | GF=  1.7408 | solve=  1.6200 | scatter=  0.0494
PARDISO mem (f=  8.10 Hz): sym=  1.95 GB  perm=  1.42 GB  num=  3.22 GB  
peak=  4.64 GB
t_global   =    164.643 s
TIME for 1st forward modeling =  2.744046783447266  min
TIME for GT0 =  .8790000279744466E-02  min
Data scaler W for L2 norm: 87036989956179.09
Data scaler W for WQS norm: .1007948000807317E-312
Total number of active inversion parameters for current sequential stage (IM):          1
Total model blocks points (NM = IM * NBLOCK):      11534 on grid (NMM = IM * NPT):    185445
 Gradient balance ():   1.00000000000000        1.00000000000000     
   1.00000000000000        1.00000000000000        1.00000000000000     
   1.00000000000000        1.00000000000000        1.00000000000000     
   1.00000000000000        1.00000000000000        1.00000000000000     
 IE0, IZ          30           0
 IE0, IZ, GZ1, GZ2 =           30           0   100.000000000000     
   300.000000000000     
  
 Frequency:          12 Iteration:           1
--- Pre-solver preview (memory + RHS workload) ---
   GQG dims: NNX=       585  NNZ=       317  NPT=    185445
   DOF:     N=3*NPT =    556335
   Sources: NSR=       100  NSS=       100  NK=        88
   RHS total (per IK): nrhs_tot=3*NSS =       300
   Batch:    MAX_RHS_BATCH=        32  nbatches=        10
   GFMY  (GFX+GFY+GFZ):        109.428 GB
   RHS_MY(rhs+sol buffers):      0.531 GB
 
 running run_ik_loop_pardiso
before CA | VmRSS= 112.020 GB  VmHWM= 144.253 GB
after CA | VmRSS= 112.658 GB  VmHWM= 144.253 GB
after factor | VmRSS= 116.420 GB  VmHWM= 144.253 GB
f=     8.100 Hz | ky=  0.754355E-03 | IK=       1/      88 | t=   23.700000 s | CA=  2.4835 | fact= 12.6088 | GF=  8.6075 | solve=  7.9698 | scatter=  0.2450
f=     8.100 Hz | ky=  0.150871E-02 | IK=       2/      88 | t=   13.435000 s | CA=  2.4832 | fact=  2.4190 | GF=  8.5328 | solve=  7.9256 | scatter=  0.2450
f=     8.100 Hz | ky=  0.226306E-02 | IK=       3/      88 | t=   13.423400 s | CA=  2.4964 | fact=  2.4112 | GF=  8.5157 | solve=  7.9083 | scatter=  0.2452
f=     8.100 Hz | ky=  0.301742E-02 | IK=       4/      88 | t=   13.395000 s | CA=  2.4459 | fact=  2.4219 | GF=  8.5272 | solve=  7.9172 | scatter=  0.2478
f=     8.100 Hz | ky=  0.377177E-02 | IK=       5/      88 | t=   13.442100 s | CA=  2.4963 | fact=  2.4023 | GF=  8.5434 | solve=  7.9311 | scatter=  0.2500
f=     8.100 Hz | ky=  0.452613E-02 | IK=       6/      88 | t=   13.444000 s | CA=  2.4574 | fact=  2.4167 | GF=  8.5698 | solve=  7.9584 | scatter=  0.2490
f=     8.100 Hz | ky=  0.528048E-02 | IK=       7/      88 | t=   13.427900 s | CA=  2.4645 | fact=  2.4201 | GF=  8.5432 | solve=  7.9362 | scatter=  0.2439
f=     8.100 Hz | ky=  0.603484E-02 | IK=       8/      88 | t=   13.493500 s | CA=  2.5036 | fact=  2.4242 | GF=  8.5656 | solve=  7.9549 | scatter=  0.2478
f=     8.100 Hz | ky=  0.678919E-02 | IK=       9/      88 | t=   13.476200 s | CA=  2.4946 | fact=  2.4247 | GF=  8.5568 | solve=  7.9525 | scatter=  0.2410
f=     8.100 Hz | ky=  0.754355E-02 | IK=      10/      88 | t=   13.420900 s | CA=  2.4812 | fact=  2.4028 | GF=  8.5369 | solve=  7.9252 | scatter=  0.2482
f=     8.100 Hz | ky=  0.829790E-02 | IK=      11/      88 | t=   13.497100 s | CA=  2.5069 | fact=  2.4306 | GF=  8.5595 | solve=  7.9532 | scatter=  0.2427
f=     8.100 Hz | ky=  0.905226E-02 | IK=      12/      88 | t=   13.441700 s | CA=  2.4790 | fact=  2.4281 | GF=  8.5346 | solve=  7.9274 | scatter=  0.2432
f=     8.100 Hz | ky=  0.980661E-02 | IK=      13/      88 | t=   13.474100 s | CA=  2.5193 | fact=  2.4047 | GF=  8.5500 | solve=  7.9429 | scatter=  0.2433
f=     8.100 Hz | ky=  0.105610E-01 | IK=      14/      88 | t=   13.440200 s | CA=  2.4696 | fact=  2.4281 | GF=  8.5425 | solve=  7.9311 | scatter=  0.2478
f=     8.100 Hz | ky=  0.113153E-01 | IK=      15/      88 | t=   13.433500 s | CA=  2.4781 | fact=  2.4202 | GF=  8.5352 | solve=  7.9285 | scatter=  0.2436
PARDISO mem (f=  8.10 Hz): sym=  1.95 GB  perm=  1.42 GB  num=  3.22 GB  
peak=  4.64 GB
t_global   =    467.523 s
TIME for 2d forward modeling_i calc =  7.791523234049479 min
Rank    2 -> ID range:   1601 to   2400 | Tasks:    800
Rank    5 -> ID range:   4001 to   4800 | Tasks:    800
Rank    1 -> ID range:    801 to   1600 | Tasks:    800
Rank    4 -> ID range:   3201 to   4000 | Tasks:    800
Rank    3 -> ID range:   2401 to   3200 | Tasks:    800
  
 -------------- calculate Frechet derivatives -----------
 IFREQ =          12    ITERATION =           1
Frechet memory size Frec_my:      0.825 (Gb)
Rank    0 -> ID range:      1 to    800 | Tasks:    800
FREQ:      8.1 Hz, ITER=       1  Frechet Derivative ID=     100/    4800 Finished   0.307800 s
FREQ:      8.1 Hz, ITER=       1  Frechet Derivative ID=     200/    4800 Finished   0.304100 s
FREQ:      8.1 Hz, ITER=       1  Frechet Derivative ID=     300/    4800 Finished   0.305300 s
FREQ:      8.1 Hz, ITER=       1  Frechet Derivative ID=     400/    4800 Finished   0.292200 s
FREQ:      8.1 Hz, ITER=       1  Frechet Derivative ID=     500/    4800 Finished   0.306900 s
FREQ:      8.1 Hz, ITER=       1  Frechet Derivative ID=     600/    4800 Finished   0.306600 s
FREQ:      8.1 Hz, ITER=       1  Frechet Derivative ID=     700/    4800 Finished   0.305400 s
FREQ:      8.1 Hz, ITER=       1  Frechet Derivative ID=     800/    4800 Finished   0.303300 s
||Frechet||_F=  1.1134E-13max|Frechet|=  3.7163E-18
||Frechet||_F=  1.1134E-13max|Frechet|=  3.7163E-18
||Frechet||_F=  1.1134E-13max|Frechet|=  3.7163E-18
 
TIME for Frechet calc =  4.693266805013021 min
 
m_fine: min=  4.5090E+01  max=  9.7361E+01  mean=  7.7926E+01  ||.||2=  3.4712E+04  size=  185445
m_coarse_prev: min=  4.5136E+01  max=  9.7149E+01  mean=  7.7948E+01  ||.||2=  8.6583E+03  size=   11534
 
  compute the residual and the cost function
 WD_amp= 8.70370E+13  RESID_RMS= 5.45124E-04  FCOST_DATA= 1.48580E-07  FCOST0= 1.48580E-07
||Frechet||_F=  1.1134E-13max|Frechet|=  3.7163E-18
||Frechet||_F=  1.1134E-13max|Frechet|=  3.7163E-18
||Frechet||_F=  1.1134E-13max|Frechet|=  3.7163E-18
IA= 11  H(single F0) min= 0.00000E+00  max= 2.30321E-03
IA= 11  H(F0^2)     min= 0.00000E+00  max= 2.30321E-03
HESSD: ia=  11  min= 0.00000E+00  max= 8.68302E+04
IA= 11  H(single F0) min= 0.00000E+00  max= 2.30321E-03
IA= 11  H(F0^2)     min= 0.00000E+00  max= 2.30321E-03
HESSD: ia=  11  min= 0.00000E+00  max= 8.68302E+04
IA= 11  H(single F0) min= 0.00000E+00  max= 2.30321E-03
IA= 11  H(F0^2)     min= 0.00000E+00  max= 2.30321E-03
HESSD: ia=  11  min= 0.00000E+00  max= 8.68302E+04
IA= 11  H(single F0) min= 0.00000E+00  max= 2.30321E-03
IA= 11  H(F0^2)     min= 0.00000E+00  max= 2.30321E-03
HESSD: ia=  11  min= 0.00000E+00  max= 8.68302E+04
IA= 11  H(single F0) min= 0.00000E+00  max= 2.30321E-03
IA= 11  H(F0^2)     min= 0.00000E+00  max= 2.30321E-03
HESSD: ia=  11  min= 0.00000E+00  max= 8.68302E+04
IA= 11  H(single F0) min= 0.00000E+00  max= 2.30321E-03
IA= 11  H(F0^2)     min= 0.00000E+00  max= 2.30321E-03
HESSD: ia=  11  min= 0.00000E+00  max= 8.68302E+04
Grad block  11 GRAD_SCALED MORM =   7.7865E-06
Raw grad block 11  PAR={Q66}  min= -3.4351E-10  max=  3.9961E-10  L2=  1.7508E-09
Gradient finished
Start LBFGS 
LBFGS steepest step , iter=      1
  g·p = -6.7034E-08  ||p|| =  5.4381E-02
  min(p)= -2.5599E-03  max(p)=  4.1799E-03
LBFGS p_k (unscaled) stats per active parameter:
  IA= 11  PAR={Q66}  min=-1.16644E+01  max= 1.90462E+01  L2= 2.47795E+02
min(p_k)= -2.5599E-03  max(p_k)=  4.1799E-03  ||p_k||=  5.4381E-02
min(p_kf)= -2.5599E-03  max(p_kf)=  4.1799E-03  ||p_kf||=  2.1753E-01
p_k/p_kf  =   2.5000E-01
Start linesearch
BT entry: phi(0)=  1.4858E-07  g·p(0)= -6.7034E-08
 UPDATEPARAMETER: f-scale only
UPDATEPARAMETER PAR_STEP min/max, V_STEP min/max =  3.9503094998E+01  1.1241469498E+02
  3.9503094998E+01  1.1241469498E+02
REL STEP Q      : k= 11 row=  6 rmax_k=  2.9888E-01 row_scale=  9.7361E+01
BT cap probe: rmax1=  2.9888E-01  alpha_cap=  1.0000E+00  alpha00=  1.0000E+00
 UPDATEPARAMETER: f-scale only
UPDATEPARAMETER PAR_STEP min/max, V_STEP min/max =  3.9503094998E+01  1.1241469498E+02
  3.9503094998E+01  1.1241469498E+02
 running run_ik_loop_pardiso
before CA | VmRSS=  24.541 GB  VmHWM= 144.253 GB
after CA | VmRSS=  25.133 GB  VmHWM= 144.253 GB
after factor | VmRSS=  28.890 GB  VmHWM= 144.253 GB
f=     8.100 Hz | ky=  0.754355E-03 | IK=       1/      88 | t=   16.948700 s | CA=  2.4862 | fact= 12.6159 | GF=  1.8464 | solve=  1.6928 | scatter=  0.0527
f=     8.100 Hz | ky=  0.150871E-02 | IK=       2/      88 | t=    6.673500 s | CA=  2.5075 | fact=  2.4180 | GF=  1.7479 | solve=  1.6256 | scatter=  0.0511
f=     8.100 Hz | ky=  0.226306E-02 | IK=       3/      88 | t=    6.668800 s | CA=  2.5021 | fact=  2.4205 | GF=  1.7461 | solve=  1.6250 | scatter=  0.0495
f=     8.100 Hz | ky=  0.301742E-02 | IK=       4/      88 | t=    6.599900 s | CA=  2.4383 | fact=  2.4171 | GF=  1.7445 | solve=  1.6234 | scatter=  0.0499
f=     8.100 Hz | ky=  0.377177E-02 | IK=       5/      88 | t=    6.695800 s | CA=  2.5259 | fact=  2.4242 | GF=  1.7457 | solve=  1.6245 | scatter=  0.0501
f=     8.100 Hz | ky=  0.452613E-02 | IK=       6/      88 | t=    6.630500 s | CA=  2.4721 | fact=  2.4159 | GF=  1.7425 | solve=  1.6213 | scatter=  0.0499
f=     8.100 Hz | ky=  0.528048E-02 | IK=       7/      88 | t=    6.626600 s | CA=  2.4603 | fact=  2.4217 | GF=  1.7446 | solve=  1.6214 | scatter=  0.0519
f=     8.100 Hz | ky=  0.603484E-02 | IK=       8/      88 | t=    6.661200 s | CA=  2.5000 | fact=  2.4103 | GF=  1.7508 | solve=  1.6293 | scatter=  0.0501
f=     8.100 Hz | ky=  0.678919E-02 | IK=       9/      88 | t=    6.676300 s | CA=  2.5073 | fact=  2.4227 | GF=  1.7462 | solve=  1.6230 | scatter=  0.0517
f=     8.100 Hz | ky=  0.754355E-02 | IK=      10/      88 | t=    6.663800 s | CA=  2.4966 | fact=  2.4188 | GF=  1.7484 | solve=  1.6249 | scatter=  0.0522
f=     8.100 Hz | ky=  0.829790E-02 | IK=      11/      88 | t=    6.660200 s | CA=  2.4836 | fact=  2.4226 | GF=  1.7540 | solve=  1.6314 | scatter=  0.0512
f=     8.100 Hz | ky=  0.905226E-02 | IK=      12/      88 | t=    6.671900 s | CA=  2.5141 | fact=  2.4151 | GF=  1.7426 | solve=  1.6212 | scatter=  0.0500
f=     8.100 Hz | ky=  0.980661E-02 | IK=      13/      88 | t=    6.627100 s | CA=  2.4677 | fact=  2.4141 | GF=  1.7453 | solve=  1.6227 | scatter=  0.0513
f=     8.100 Hz | ky=  0.105610E-01 | IK=      14/      88 | t=    6.660900 s | CA=  2.4885 | fact=  2.4239 | GF=  1.7484 | solve=  1.6248 | scatter=  0.0518
f=     8.100 Hz | ky=  0.113153E-01 | IK=      15/      88 | t=    6.668800 s | CA=  2.5019 | fact=  2.4194 | GF=  1.7475 | solve=  1.6252 | scatter=  0.0508
PARDISO mem (f=  8.10 Hz): sym=  1.95 GB  perm=  1.42 GB  num=  3.22 GB  
peak=  4.64 GB
 WD_amp= 8.70370E+13  RESID_RMS= 7.33432E-04  FCOST_DATA= 2.68961E-07  FCOST0= 2.68961E-07
BT: alpha=  1.0000E+00  phi=  2.6896E-07  rhs=  1.4857E-07
 UPDATEPARAMETER: f-scale only
UPDATEPARAMETER PAR_STEP min/max, V_STEP min/max =  4.3922278115E+01  1.0289161066E+02
  4.3922278115E+01  1.0289161066E+02
 running run_ik_loop_pardiso
before CA | VmRSS=  25.108 GB  VmHWM= 144.253 GB
after CA | VmRSS=  25.711 GB  VmHWM= 144.253 GB
after factor | VmRSS=  29.475 GB  VmHWM= 144.253 GB
f=     8.100 Hz | ky=  0.754355E-03 | IK=       1/      88 | t=   16.902400 s | CA=  2.4552 | fact= 12.6093 | GF=  1.8377 | solve=  1.6874 | scatter=  0.0498
f=     8.100 Hz | ky=  0.150871E-02 | IK=       2/      88 | t=    6.639800 s | CA=  2.4935 | fact=  2.4065 | GF=  1.7398 | solve=  1.6184 | scatter=  0.0502
f=     8.100 Hz | ky=  0.226306E-02 | IK=       3/      88 | t=    6.632700 s | CA=  2.4768 | fact=  2.4148 | GF=  1.7410 | solve=  1.6209 | scatter=  0.0489
f=     8.100 Hz | ky=  0.301742E-02 | IK=       4/      88 | t=    6.635600 s | CA=  2.5126 | fact=  2.3881 | GF=  1.7348 | solve=  1.6145 | scatter=  0.0491
f=     8.100 Hz | ky=  0.377177E-02 | IK=       5/      88 | t=    6.606400 s | CA=  2.4747 | fact=  2.3867 | GF=  1.7449 | solve=  1.6218 | scatter=  0.0517
f=     8.100 Hz | ky=  0.452613E-02 | IK=       6/      88 | t=    6.666600 s | CA=  2.5080 | fact=  2.4130 | GF=  1.7456 | solve=  1.6219 | scatter=  0.0524
f=     8.100 Hz | ky=  0.528048E-02 | IK=       7/      88 | t=    6.613600 s | CA=  2.4730 | fact=  2.3969 | GF=  1.7436 | solve=  1.6227 | scatter=  0.0498
f=     8.100 Hz | ky=  0.603484E-02 | IK=       8/      88 | t=    6.654600 s | CA=  2.5299 | fact=  2.3844 | GF=  1.7402 | solve=  1.6183 | scatter=  0.0503
f=     8.100 Hz | ky=  0.678919E-02 | IK=       9/      88 | t=    6.577700 s | CA=  2.4842 | fact=  2.3923 | GF=  1.7012 | solve=  1.5810 | scatter=  0.0488
f=     8.100 Hz | ky=  0.754355E-02 | IK=      10/      88 | t=    6.597200 s | CA=  2.4879 | fact=  2.4070 | GF=  1.7022 | solve=  1.5812 | scatter=  0.0497
f=     8.100 Hz | ky=  0.829790E-02 | IK=      11/      88 | t=    6.649500 s | CA=  2.5296 | fact=  2.4211 | GF=  1.6988 | solve=  1.5776 | scatter=  0.0500
f=     8.100 Hz | ky=  0.905226E-02 | IK=      12/      88 | t=    6.612500 s | CA=  2.5183 | fact=  2.4058 | GF=  1.6884 | solve=  1.5673 | scatter=  0.0498
f=     8.100 Hz | ky=  0.980661E-02 | IK=      13/      88 | t=    6.590900 s | CA=  2.5004 | fact=  2.4295 | GF=  1.6610 | solve=  1.5370 | scatter=  0.0527
f=     8.100 Hz | ky=  0.105610E-01 | IK=      14/      88 | t=    6.598100 s | CA=  2.5035 | fact=  2.4315 | GF=  1.6629 | solve=  1.5414 | scatter=  0.0499
f=     8.100 Hz | ky=  0.113153E-01 | IK=      15/      88 | t=    6.589200 s | CA=  2.4963 | fact=  2.4293 | GF=  1.6635 | solve=  1.5402 | scatter=  0.0520
PARDISO mem (f=  8.10 Hz): sym=  1.95 GB  perm=  1.42 GB  num=  3.22 GB  
peak=  4.64 GB
 WD_amp= 8.70370E+13  RESID_RMS= 6.06879E-04  FCOST_DATA= 1.84151E-07  FCOST0= 1.84151E-07
BT: alpha=  5.0000E-01  phi=  1.8415E-07  rhs=  1.4858E-07
 UPDATEPARAMETER: f-scale only
UPDATEPARAMETER PAR_STEP min/max, V_STEP min/max =  4.4588783074E+01  9.8130068497E+01
  4.4588783074E+01  9.8130068497E+01
 running run_ik_loop_pardiso
before CA | VmRSS=  25.099 GB  VmHWM= 144.253 GB
after CA | VmRSS=  25.140 GB  VmHWM= 144.253 GB
after factor | VmRSS=  28.911 GB  VmHWM= 144.253 GB
f=     8.100 Hz | ky=  0.754355E-03 | IK=       1/      88 | t=   16.939400 s | CA=  2.4865 | fact= 12.6117 | GF=  1.8410 | solve=  1.6897 | scatter=  0.0507
f=     8.100 Hz | ky=  0.150871E-02 | IK=       2/      88 | t=    6.656600 s | CA=  2.4958 | fact=  2.4187 | GF=  1.7421 | solve=  1.6203 | scatter=  0.0503
f=     8.100 Hz | ky=  0.226306E-02 | IK=       3/      88 | t=    6.628200 s | CA=  2.4673 | fact=  2.4188 | GF=  1.7421 | solve=  1.6199 | scatter=  0.0510
f=     8.100 Hz | ky=  0.301742E-02 | IK=       4/      88 | t=    6.642700 s | CA=  2.4878 | fact=  2.4106 | GF=  1.7443 | solve=  1.6224 | scatter=  0.0506
f=     8.100 Hz | ky=  0.377177E-02 | IK=       5/      88 | t=    6.658200 s | CA=  2.4925 | fact=  2.4190 | GF=  1.7467 | solve=  1.6230 | scatter=  0.0523
f=     8.100 Hz | ky=  0.452613E-02 | IK=       6/      88 | t=    6.646400 s | CA=  2.4863 | fact=  2.4122 | GF=  1.7478 | solve=  1.6247 | scatter=  0.0518
f=     8.100 Hz | ky=  0.528048E-02 | IK=       7/      88 | t=    6.667800 s | CA=  2.5019 | fact=  2.4177 | GF=  1.7481 | solve=  1.6257 | scatter=  0.0511
f=     8.100 Hz | ky=  0.603484E-02 | IK=       8/      88 | t=    6.702700 s | CA=  2.5246 | fact=  2.4333 | GF=  1.7447 | solve=  1.6248 | scatter=  0.0486
f=     8.100 Hz | ky=  0.678919E-02 | IK=       9/      88 | t=    6.714300 s | CA=  2.5402 | fact=  2.4279 | GF=  1.7462 | solve=  1.6254 | scatter=  0.0492
f=     8.100 Hz | ky=  0.754355E-02 | IK=      10/      88 | t=    6.645000 s | CA=  2.4984 | fact=  2.4005 | GF=  1.7461 | solve=  1.6262 | scatter=  0.0485
f=     8.100 Hz | ky=  0.829790E-02 | IK=      11/      88 | t=    6.711600 s | CA=  2.5411 | fact=  2.4210 | GF=  1.7495 | solve=  1.6275 | scatter=  0.0506
f=     8.100 Hz | ky=  0.905226E-02 | IK=      12/      88 | t=    6.671700 s | CA=  2.5013 | fact=  2.4215 | GF=  1.7488 | solve=  1.6268 | scatter=  0.0503
f=     8.100 Hz | ky=  0.980661E-02 | IK=      13/      88 | t=    6.669500 s | CA=  2.4889 | fact=  2.4344 | GF=  1.7462 | solve=  1.6238 | scatter=  0.0509
f=     8.100 Hz | ky=  0.105610E-01 | IK=      14/      88 | t=    6.659100 s | CA=  2.4833 | fact=  2.4306 | GF=  1.7452 | solve=  1.6241 | scatter=  0.0493
f=     8.100 Hz | ky=  0.113153E-01 | IK=      15/      88 | t=    6.718800 s | CA=  2.5380 | fact=  2.4309 | GF=  1.7499 | solve=  1.6274 | scatter=  0.0510
PARDISO mem (f=  8.10 Hz): sym=  1.95 GB  perm=  1.42 GB  num=  3.22 GB  
peak=  4.64 GB
 WD_amp= 8.70370E+13  RESID_RMS= 5.64994E-04  FCOST_DATA= 1.59609E-07  FCOST0= 1.59609E-07
BT: alpha=  2.5000E-01  phi=  1.5961E-07  rhs=  1.4858E-07
 UPDATEPARAMETER: f-scale only
UPDATEPARAMETER PAR_STEP min/max, V_STEP min/max =  4.4922035554E+01  9.7483223873E+01
  4.4922035554E+01  9.7483223873E+01
 running run_ik_loop_pardiso
before CA | VmRSS=  25.039 GB  VmHWM= 144.253 GB
after CA | VmRSS=  25.779 GB  VmHWM= 144.253 GB
after factor | VmRSS=  29.544 GB  VmHWM= 144.253 GB
f=     8.100 Hz | ky=  0.754355E-03 | IK=       1/      88 | t=   16.956200 s | CA=  2.4970 | fact= 12.6121 | GF=  1.8469 | solve=  1.6956 | scatter=  0.0506
f=     8.100 Hz | ky=  0.150871E-02 | IK=       2/      88 | t=    6.683200 s | CA=  2.5438 | fact=  2.3960 | GF=  1.7434 | solve=  1.6210 | scatter=  0.0512
f=     8.100 Hz | ky=  0.226306E-02 | IK=       3/      88 | t=    6.693700 s | CA=  2.5336 | fact=  2.4143 | GF=  1.7457 | solve=  1.6243 | scatter=  0.0501
f=     8.100 Hz | ky=  0.301742E-02 | IK=       4/      88 | t=    6.668400 s | CA=  2.5080 | fact=  2.4159 | GF=  1.7444 | solve=  1.6227 | scatter=  0.0504
f=     8.100 Hz | ky=  0.377177E-02 | IK=       5/      88 | t=    6.627900 s | CA=  2.4941 | fact=  2.3934 | GF=  1.7404 | solve=  1.6180 | scatter=  0.0508
f=     8.100 Hz | ky=  0.452613E-02 | IK=       6/      88 | t=    6.724800 s | CA=  2.5589 | fact=  2.4261 | GF=  1.7397 | solve=  1.6181 | scatter=  0.0503
f=     8.100 Hz | ky=  0.528048E-02 | IK=       7/      88 | t=    6.678600 s | CA=  2.5068 | fact=  2.4253 | GF=  1.7465 | solve=  1.6243 | scatter=  0.0509
f=     8.100 Hz | ky=  0.603484E-02 | IK=       8/      88 | t=    6.698400 s | CA=  2.4966 | fact=  2.4191 | GF=  1.7827 | solve=  1.6600 | scatter=  0.0512
f=     8.100 Hz | ky=  0.678919E-02 | IK=       9/      88 | t=    6.685200 s | CA=  2.5144 | fact=  2.4282 | GF=  1.7426 | solve=  1.6199 | scatter=  0.0510
f=     8.100 Hz | ky=  0.754355E-02 | IK=      10/      88 | t=    6.700500 s | CA=  2.5182 | fact=  2.4244 | GF=  1.7578 | solve=  1.6243 | scatter=  0.0622
f=     8.100 Hz | ky=  0.829790E-02 | IK=      11/      88 | t=    6.715700 s | CA=  2.5504 | fact=  2.4222 | GF=  1.7430 | solve=  1.6196 | scatter=  0.0519
f=     8.100 Hz | ky=  0.905226E-02 | IK=      12/      88 | t=    6.714600 s | CA=  2.5462 | fact=  2.4223 | GF=  1.7460 | solve=  1.6240 | scatter=  0.0503
f=     8.100 Hz | ky=  0.980661E-02 | IK=      13/      88 | t=    6.681600 s | CA=  2.5107 | fact=  2.4219 | GF=  1.7489 | solve=  1.6274 | scatter=  0.0501
f=     8.100 Hz | ky=  0.105610E-01 | IK=      14/      88 | t=    6.704200 s | CA=  2.5272 | fact=  2.4288 | GF=  1.7482 | solve=  1.6262 | scatter=  0.0506
f=     8.100 Hz | ky=  0.113153E-01 | IK=      15/      88 | t=    6.734000 s | CA=  2.5526 | fact=  2.4316 | GF=  1.7497 | solve=  1.6274 | scatter=  0.0505
PARDISO mem (f=  8.10 Hz): sym=  1.95 GB  perm=  1.42 GB  num=  3.22 GB  
peak=  4.64 GB
 WD_amp= 8.70370E+13  RESID_RMS= 5.51925E-04  FCOST_DATA= 1.52310E-07  FCOST0= 1.52310E-07
BT: alpha=  1.2500E-01  phi=  1.5231E-07  rhs=  1.4858E-07
 UPDATEPARAMETER: f-scale only
UPDATEPARAMETER PAR_STEP min/max, V_STEP min/max =  4.5088661794E+01  9.7422036990E+01
  4.5088661794E+01  9.7422036990E+01
 running run_ik_loop_pardiso
before CA | VmRSS=  25.070 GB  VmHWM= 144.253 GB
after CA | VmRSS=  25.853 GB  VmHWM= 144.253 GB
after factor | VmRSS=  29.612 GB  VmHWM= 144.253 GB
f=     8.100 Hz | ky=  0.754355E-03 | IK=       1/      88 | t=   16.946800 s | CA=  2.5098 | fact= 12.5992 | GF=  1.8376 | solve=  1.6853 | scatter=  0.0512
f=     8.100 Hz | ky=  0.150871E-02 | IK=       2/      88 | t=    6.653400 s | CA=  2.4997 | fact=  2.4116 | GF=  1.7420 | solve=  1.6213 | scatter=  0.0495
f=     8.100 Hz | ky=  0.226306E-02 | IK=       3/      88 | t=    6.654800 s | CA=  2.4946 | fact=  2.4175 | GF=  1.7426 | solve=  1.6209 | scatter=  0.0504
f=     8.100 Hz | ky=  0.301742E-02 | IK=       4/      88 | t=    6.643400 s | CA=  2.4882 | fact=  2.4161 | GF=  1.7390 | solve=  1.6172 | scatter=  0.0507
f=     8.100 Hz | ky=  0.377177E-02 | IK=       5/      88 | t=    6.654800 s | CA=  2.4892 | fact=  2.4213 | GF=  1.7443 | solve=  1.6205 | scatter=  0.0525
f=     8.100 Hz | ky=  0.452613E-02 | IK=       6/      88 | t=    6.671500 s | CA=  2.5052 | fact=  2.4246 | GF=  1.7416 | solve=  1.6202 | scatter=  0.0497
f=     8.100 Hz | ky=  0.528048E-02 | IK=       7/      88 | t=    6.684700 s | CA=  2.5111 | fact=  2.4283 | GF=  1.7453 | solve=  1.6226 | scatter=  0.0511
f=     8.100 Hz | ky=  0.603484E-02 | IK=       8/      88 | t=    6.729700 s | CA=  2.5565 | fact=  2.4260 | GF=  1.7472 | solve=  1.6242 | scatter=  0.0517
f=     8.100 Hz | ky=  0.678919E-02 | IK=       9/      88 | t=    6.664700 s | CA=  2.4952 | fact=  2.4185 | GF=  1.7510 | solve=  1.6294 | scatter=  0.0503
f=     8.100 Hz | ky=  0.754355E-02 | IK=      10/      88 | t=    6.688700 s | CA=  2.4911 | fact=  2.4208 | GF=  1.7768 | solve=  1.6548 | scatter=  0.0503
f=     8.100 Hz | ky=  0.829790E-02 | IK=      11/      88 | t=    6.686700 s | CA=  2.4978 | fact=  2.4236 | GF=  1.7652 | solve=  1.6436 | scatter=  0.0503
f=     8.100 Hz | ky=  0.905226E-02 | IK=      12/      88 | t=    6.620900 s | CA=  2.4818 | fact=  2.3967 | GF=  1.7424 | solve=  1.6218 | scatter=  0.0493
f=     8.100 Hz | ky=  0.980661E-02 | IK=      13/      88 | t=    6.744300 s | CA=  2.6036 | fact=  2.4005 | GF=  1.7402 | solve=  1.6177 | scatter=  0.0510
f=     8.100 Hz | ky=  0.105610E-01 | IK=      14/      88 | t=    6.676300 s | CA=  2.4715 | fact=  2.4620 | GF=  1.7427 | solve=  1.6217 | scatter=  0.0495
f=     8.100 Hz | ky=  0.113153E-01 | IK=      15/      88 | t=    6.670900 s | CA=  2.5237 | fact=  2.4039 | GF=  1.7433 | solve=  1.6204 | scatter=  0.0513
PARDISO mem (f=  8.10 Hz): sym=  1.95 GB  perm=  1.42 GB  num=  3.22 GB  
peak=  4.64 GB
 WD_amp= 8.70370E+13  RESID_RMS= 5.47697E-04  FCOST_DATA= 1.49986E-07  FCOST0= 1.49986E-07
BT: alpha=  6.2500E-02  phi=  1.4999E-07  rhs=  1.4858E-07
 UPDATEPARAMETER: f-scale only
UPDATEPARAMETER PAR_STEP min/max, V_STEP min/max =  4.5090000000E+01  9.7391443548E+01
  4.5090000000E+01  9.7391443548E+01
 running run_ik_loop_pardiso
before CA | VmRSS=  25.124 GB  VmHWM= 144.253 GB
after CA | VmRSS=  25.702 GB  VmHWM= 144.253 GB
after factor | VmRSS=  29.465 GB  VmHWM= 144.253 GB
f=     8.100 Hz | ky=  0.754355E-03 | IK=       1/      88 | t=   16.933900 s | CA=  2.4779 | fact= 12.6139 | GF=  1.8419 | solve=  1.6917 | scatter=  0.0499
f=     8.100 Hz | ky=  0.150871E-02 | IK=       2/      88 | t=    6.679500 s | CA=  2.5186 | fact=  2.4211 | GF=  1.7398 | solve=  1.6191 | scatter=  0.0496
f=     8.100 Hz | ky=  0.226306E-02 | IK=       3/      88 | t=    6.652900 s | CA=  2.4946 | fact=  2.4169 | GF=  1.7414 | solve=  1.6186 | scatter=  0.0517
f=     8.100 Hz | ky=  0.301742E-02 | IK=       4/      88 | t=    6.696500 s | CA=  2.5347 | fact=  2.4209 | GF=  1.7409 | solve=  1.6194 | scatter=  0.0502
f=     8.100 Hz | ky=  0.377177E-02 | IK=       5/      88 | t=    6.720600 s | CA=  2.5664 | fact=  2.4111 | GF=  1.7430 | solve=  1.6203 | scatter=  0.0513
f=     8.100 Hz | ky=  0.452613E-02 | IK=       6/      88 | t=    6.635500 s | CA=  2.4802 | fact=  2.4111 | GF=  1.7442 | solve=  1.6213 | scatter=  0.0516
f=     8.100 Hz | ky=  0.528048E-02 | IK=       7/      88 | t=    6.676300 s | CA=  2.5100 | fact=  2.4230 | GF=  1.7432 | solve=  1.6204 | scatter=  0.0517
f=     8.100 Hz | ky=  0.603484E-02 | IK=       8/      88 | t=    6.649400 s | CA=  2.4821 | fact=  2.4213 | GF=  1.7459 | solve=  1.6247 | scatter=  0.0500
f=     8.100 Hz | ky=  0.678919E-02 | IK=       9/      88 | t=    6.652400 s | CA=  2.4870 | fact=  2.4161 | GF=  1.7492 | solve=  1.6266 | scatter=  0.0513
f=     8.100 Hz | ky=  0.754355E-02 | IK=      10/      88 | t=    6.600200 s | CA=  2.4411 | fact=  2.4151 | GF=  1.7440 | solve=  1.6204 | scatter=  0.0522
f=     8.100 Hz | ky=  0.829790E-02 | IK=      11/      88 | t=    6.650300 s | CA=  2.4793 | fact=  2.4221 | GF=  1.7488 | solve=  1.6277 | scatter=  0.0498
f=     8.100 Hz | ky=  0.905226E-02 | IK=      12/      88 | t=    6.660300 s | CA=  2.4984 | fact=  2.4232 | GF=  1.7387 | solve=  1.6188 | scatter=  0.0482
f=     8.100 Hz | ky=  0.980661E-02 | IK=      13/      88 | t=    6.658000 s | CA=  2.4838 | fact=  2.4282 | GF=  1.7460 | solve=  1.6264 | scatter=  0.0483
f=     8.100 Hz | ky=  0.105610E-01 | IK=      14/      88 | t=    6.690300 s | CA=  2.5110 | fact=  2.4289 | GF=  1.7504 | solve=  1.6281 | scatter=  0.0509
f=     8.100 Hz | ky=  0.113153E-01 | IK=      15/      88 | t=    6.663300 s | CA=  2.4917 | fact=  2.4245 | GF=  1.7471 | solve=  1.6246 | scatter=  0.0510
PARDISO mem (f=  8.10 Hz): sym=  1.95 GB  perm=  1.42 GB  num=  3.22 GB  
peak=  4.64 GB
 WD_amp= 8.70370E+13  RESID_RMS= 5.46199E-04  FCOST_DATA= 1.49166E-07  FCOST0= 1.49166E-07
BT: alpha=  3.1250E-02  phi=  1.4917E-07  rhs=  1.4858E-07
 UPDATEPARAMETER: f-scale only
UPDATEPARAMETER PAR_STEP min/max, V_STEP min/max =  4.5090000000E+01  9.7376146827E+01
  4.5090000000E+01  9.7376146827E+01
 running run_ik_loop_pardiso
before CA | VmRSS=  24.536 GB  VmHWM= 144.253 GB
after CA | VmRSS=  25.615 GB  VmHWM= 144.253 GB
after factor | VmRSS=  29.382 GB  VmHWM= 144.253 GB
f=     8.100 Hz | ky=  0.754355E-03 | IK=       1/      88 | t=   16.928100 s | CA=  2.4708 | fact= 12.6148 | GF=  1.8423 | solve=  1.6908 | scatter=  0.0505
f=     8.100 Hz | ky=  0.150871E-02 | IK=       2/      88 | t=    6.631300 s | CA=  2.4732 | fact=  2.4175 | GF=  1.7406 | solve=  1.6199 | scatter=  0.0495
f=     8.100 Hz | ky=  0.226306E-02 | IK=       3/      88 | t=    6.634200 s | CA=  2.4804 | fact=  2.4120 | GF=  1.7418 | solve=  1.6191 | scatter=  0.0516
f=     8.100 Hz | ky=  0.301742E-02 | IK=       4/      88 | t=    6.676800 s | CA=  2.5050 | fact=  2.4312 | GF=  1.7406 | solve=  1.6183 | scatter=  0.0510
f=     8.100 Hz | ky=  0.377177E-02 | IK=       5/      88 | t=    6.648000 s | CA=  2.4926 | fact=  2.4209 | GF=  1.7344 | solve=  1.6129 | scatter=  0.0502
f=     8.100 Hz | ky=  0.452613E-02 | IK=       6/      88 | t=    6.660200 s | CA=  2.4878 | fact=  2.4273 | GF=  1.7450 | solve=  1.6219 | scatter=  0.0518
f=     8.100 Hz | ky=  0.528048E-02 | IK=       7/      88 | t=    6.652800 s | CA=  2.4954 | fact=  2.4167 | GF=  1.7407 | solve=  1.6201 | scatter=  0.0491
f=     8.100 Hz | ky=  0.603484E-02 | IK=       8/      88 | t=    6.649000 s | CA=  2.4934 | fact=  2.4081 | GF=  1.7474 | solve=  1.6243 | scatter=  0.0515
f=     8.100 Hz | ky=  0.678919E-02 | IK=       9/      88 | t=    6.657900 s | CA=  2.4779 | fact=  2.4329 | GF=  1.7471 | solve=  1.6247 | scatter=  0.0510
f=     8.100 Hz | ky=  0.754355E-02 | IK=      10/      88 | t=    6.646000 s | CA=  2.4746 | fact=  2.4238 | GF=  1.7476 | solve=  1.6253 | scatter=  0.0510
f=     8.100 Hz | ky=  0.829790E-02 | IK=      11/      88 | t=    6.629900 s | CA=  2.4857 | fact=  2.4014 | GF=  1.7427 | solve=  1.6189 | scatter=  0.0524
f=     8.100 Hz | ky=  0.905226E-02 | IK=      12/      88 | t=    6.607600 s | CA=  2.4528 | fact=  2.4115 | GF=  1.7432 | solve=  1.6219 | scatter=  0.0500
f=     8.100 Hz | ky=  0.980661E-02 | IK=      13/      88 | t=    6.655900 s | CA=  2.4873 | fact=  2.4230 | GF=  1.7456 | solve=  1.6235 | scatter=  0.0507
f=     8.100 Hz | ky=  0.105610E-01 | IK=      14/      88 | t=    6.667700 s | CA=  2.4955 | fact=  2.4249 | GF=  1.7473 | solve=  1.6237 | scatter=  0.0520
f=     8.100 Hz | ky=  0.113153E-01 | IK=      15/      88 | t=    6.652500 s | CA=  2.5034 | fact=  2.4069 | GF=  1.7422 | solve=  1.6196 | scatter=  0.0512
PARDISO mem (f=  8.10 Hz): sym=  1.95 GB  perm=  1.42 GB  num=  3.22 GB  
peak=  4.64 GB
 WD_amp= 8.70370E+13  RESID_RMS= 5.45608E-04  FCOST_DATA= 1.48844E-07  FCOST0= 1.48844E-07
BT: alpha=  1.5625E-02  phi=  1.4884E-07  rhs=  1.4858E-07
 UPDATEPARAMETER: f-scale only
UPDATEPARAMETER PAR_STEP min/max, V_STEP min/max =  4.5090000000E+01  9.7368498467E+01
  4.5090000000E+01  9.7368498467E+01
 running run_ik_loop_pardiso
before CA | VmRSS=  25.150 GB  VmHWM= 144.253 GB
after CA | VmRSS=  25.734 GB  VmHWM= 144.253 GB
after factor | VmRSS=  29.496 GB  VmHWM= 144.253 GB
f=     8.100 Hz | ky=  0.754355E-03 | IK=       1/      88 | t=   16.877500 s | CA=  2.4279 | fact= 12.6095 | GF=  1.8398 | solve=  1.6882 | scatter=  0.0509
f=     8.100 Hz | ky=  0.150871E-02 | IK=       2/      88 | t=    6.621600 s | CA=  2.4706 | fact=  2.4073 | GF=  1.7437 | solve=  1.6220 | scatter=  0.0503
f=     8.100 Hz | ky=  0.226306E-02 | IK=       3/      88 | t=    6.647900 s | CA=  2.4862 | fact=  2.4212 | GF=  1.7404 | solve=  1.6174 | scatter=  0.0518
f=     8.100 Hz | ky=  0.301742E-02 | IK=       4/      88 | t=    6.662000 s | CA=  2.5022 | fact=  2.4170 | GF=  1.7428 | solve=  1.6184 | scatter=  0.0532
f=     8.100 Hz | ky=  0.377177E-02 | IK=       5/      88 | t=    6.647700 s | CA=  2.4810 | fact=  2.4192 | GF=  1.7475 | solve=  1.6258 | scatter=  0.0504
f=     8.100 Hz | ky=  0.452613E-02 | IK=       6/      88 | t=    6.641200 s | CA=  2.4838 | fact=  2.4152 | GF=  1.7421 | solve=  1.6216 | scatter=  0.0492
f=     8.100 Hz | ky=  0.528048E-02 | IK=       7/      88 | t=    6.647000 s | CA=  2.4852 | fact=  2.4224 | GF=  1.7394 | solve=  1.6168 | scatter=  0.0510
f=     8.100 Hz | ky=  0.603484E-02 | IK=       8/      88 | t=    6.643500 s | CA=  2.4725 | fact=  2.4299 | GF=  1.7411 | solve=  1.6167 | scatter=  0.0529
f=     8.100 Hz | ky=  0.678919E-02 | IK=       9/      88 | t=    6.662500 s | CA=  2.4929 | fact=  2.4229 | GF=  1.7467 | solve=  1.6244 | scatter=  0.0510
f=     8.100 Hz | ky=  0.754355E-02 | IK=      10/      88 | t=    6.635900 s | CA=  2.4746 | fact=  2.4168 | GF=  1.7444 | solve=  1.6245 | scatter=  0.0484
f=     8.100 Hz | ky=  0.829790E-02 | IK=      11/      88 | t=    6.668900 s | CA=  2.4916 | fact=  2.4283 | GF=  1.7489 | solve=  1.6266 | scatter=  0.0508
f=     8.100 Hz | ky=  0.905226E-02 | IK=      12/      88 | t=    6.679400 s | CA=  2.5380 | fact=  2.3974 | GF=  1.7440 | solve=  1.6212 | scatter=  0.0515
f=     8.100 Hz | ky=  0.980661E-02 | IK=      13/      88 | t=    6.663500 s | CA=  2.4884 | fact=  2.4248 | GF=  1.7503 | solve=  1.6274 | scatter=  0.0515
f=     8.100 Hz | ky=  0.105610E-01 | IK=      14/      88 | t=    6.653900 s | CA=  2.4892 | fact=  2.4237 | GF=  1.7410 | solve=  1.6190 | scatter=  0.0505
f=     8.100 Hz | ky=  0.113153E-01 | IK=      15/      88 | t=    6.648800 s | CA=  2.4788 | fact=  2.4237 | GF=  1.7463 | solve=  1.6221 | scatter=  0.0528
PARDISO mem (f=  8.10 Hz): sym=  1.95 GB  perm=  1.42 GB  num=  3.22 GB  
peak=  4.64 GB
 WD_amp= 8.70370E+13  RESID_RMS= 5.45352E-04  FCOST_DATA= 1.48704E-07  FCOST0= 1.48704E-07
BT: alpha=  7.8125E-03  phi=  1.4870E-07  rhs=  1.4858E-07
 UPDATEPARAMETER: f-scale only
UPDATEPARAMETER PAR_STEP min/max, V_STEP min/max =  4.5090000000E+01  9.7364674287E+01
  4.5090000000E+01  9.7364674287E+01
 running run_ik_loop_pardiso
before CA | VmRSS=  25.109 GB  VmHWM= 144.253 GB
after CA | VmRSS=  25.826 GB  VmHWM= 144.253 GB
after factor | VmRSS=  29.584 GB  VmHWM= 144.253 GB
f=     8.100 Hz | ky=  0.754355E-03 | IK=       1/      88 | t=   16.903800 s | CA=  2.4578 | fact= 12.6101 | GF=  1.8357 | solve=  1.6836 | scatter=  0.0515
f=     8.100 Hz | ky=  0.150871E-02 | IK=       2/      88 | t=    6.611900 s | CA=  2.4799 | fact=  2.3918 | GF=  1.7402 | solve=  1.6167 | scatter=  0.0521
f=     8.100 Hz | ky=  0.226306E-02 | IK=       3/      88 | t=    6.648300 s | CA=  2.4872 | fact=  2.4186 | GF=  1.7425 | solve=  1.6199 | scatter=  0.0514
f=     8.100 Hz | ky=  0.301742E-02 | IK=       4/      88 | t=    6.643700 s | CA=  2.4843 | fact=  2.4183 | GF=  1.7411 | solve=  1.6178 | scatter=  0.0519
f=     8.100 Hz | ky=  0.377177E-02 | IK=       5/      88 | t=    6.642600 s | CA=  2.4863 | fact=  2.4155 | GF=  1.7408 | solve=  1.6180 | scatter=  0.0514
f=     8.100 Hz | ky=  0.452613E-02 | IK=       6/      88 | t=    6.692500 s | CA=  2.5420 | fact=  2.4156 | GF=  1.7348 | solve=  1.6137 | scatter=  0.0499
f=     8.100 Hz | ky=  0.528048E-02 | IK=       7/      88 | t=    6.602600 s | CA=  2.4617 | fact=  2.3961 | GF=  1.7448 | solve=  1.6220 | scatter=  0.0515
f=     8.100 Hz | ky=  0.603484E-02 | IK=       8/      88 | t=    6.650300 s | CA=  2.4924 | fact=  2.4163 | GF=  1.7416 | solve=  1.6196 | scatter=  0.0506
f=     8.100 Hz | ky=  0.678919E-02 | IK=       9/      88 | t=    6.682300 s | CA=  2.5242 | fact=  2.4126 | GF=  1.7455 | solve=  1.6216 | scatter=  0.0525
f=     8.100 Hz | ky=  0.754355E-02 | IK=      10/      88 | t=    6.704800 s | CA=  2.5451 | fact=  2.4156 | GF=  1.7440 | solve=  1.6214 | scatter=  0.0509
f=     8.100 Hz | ky=  0.829790E-02 | IK=      11/      88 | t=    6.675700 s | CA=  2.5192 | fact=  2.4156 | GF=  1.7409 | solve=  1.6173 | scatter=  0.0523
f=     8.100 Hz | ky=  0.905226E-02 | IK=      12/      88 | t=    6.654100 s | CA=  2.5113 | fact=  2.4009 | GF=  1.7419 | solve=  1.6212 | scatter=  0.0495
f=     8.100 Hz | ky=  0.980661E-02 | IK=      13/      88 | t=    6.658600 s | CA=  2.5026 | fact=  2.4174 | GF=  1.7386 | solve=  1.6164 | scatter=  0.0505
f=     8.100 Hz | ky=  0.105610E-01 | IK=      14/      88 | t=    6.647400 s | CA=  2.4959 | fact=  2.4024 | GF=  1.7490 | solve=  1.6265 | scatter=  0.0511
f=     8.100 Hz | ky=  0.113153E-01 | IK=      15/      88 | t=    6.643800 s | CA=  2.4857 | fact=  2.4149 | GF=  1.7432 | solve=  1.6234 | scatter=  0.0483
PARDISO mem (f=  8.10 Hz): sym=  1.95 GB  perm=  1.42 GB  num=  3.22 GB  
peak=  4.64 GB
 WD_amp= 8.70370E+13  RESID_RMS= 5.45234E-04  FCOST_DATA= 1.48640E-07  FCOST0= 1.48640E-07
BT: alpha=  3.9062E-03  phi=  1.4864E-07  rhs=  1.4858E-07
 UPDATEPARAMETER: f-scale only
UPDATEPARAMETER PAR_STEP min/max, V_STEP min/max =  4.5090000000E+01  9.7362762196E+01
  4.5090000000E+01  9.7362762196E+01
 running run_ik_loop_pardiso
before CA | VmRSS=  24.529 GB  VmHWM= 144.253 GB
after CA | VmRSS=  25.136 GB  VmHWM= 144.253 GB
after factor | VmRSS=  28.901 GB  VmHWM= 144.253 GB
f=     8.100 Hz | ky=  0.754355E-03 | IK=       1/      88 | t=   16.989900 s | CA=  2.5258 | fact= 12.6270 | GF=  1.8369 | solve=  1.6848 | scatter=  0.0495
f=     8.100 Hz | ky=  0.150871E-02 | IK=       2/      88 | t=    6.643900 s | CA=  2.5230 | fact=  2.3859 | GF=  1.7349 | solve=  1.6143 | scatter=  0.0493
f=     8.100 Hz | ky=  0.226306E-02 | IK=       3/      88 | t=    6.624300 s | CA=  2.4815 | fact=  2.4010 | GF=  1.7418 | solve=  1.6185 | scatter=  0.0516
f=     8.100 Hz | ky=  0.301742E-02 | IK=       4/      88 | t=    6.647300 s | CA=  2.4923 | fact=  2.4175 | GF=  1.7374 | solve=  1.6163 | scatter=  0.0497
f=     8.100 Hz | ky=  0.377177E-02 | IK=       5/      88 | t=    6.701200 s | CA=  2.5387 | fact=  2.4184 | GF=  1.7441 | solve=  1.6218 | scatter=  0.0510
f=     8.100 Hz | ky=  0.452613E-02 | IK=       6/      88 | t=    6.647500 s | CA=  2.5170 | fact=  2.3917 | GF=  1.7387 | solve=  1.6181 | scatter=  0.0492
f=     8.100 Hz | ky=  0.528048E-02 | IK=       7/      88 | t=    6.722900 s | CA=  2.5560 | fact=  2.4214 | GF=  1.7454 | solve=  1.6234 | scatter=  0.0506
f=     8.100 Hz | ky=  0.603484E-02 | IK=       8/      88 | t=    6.665700 s | CA=  2.5025 | fact=  2.4197 | GF=  1.7435 | solve=  1.6228 | scatter=  0.0495
f=     8.100 Hz | ky=  0.678919E-02 | IK=       9/      88 | t=    6.701600 s | CA=  2.5388 | fact=  2.4178 | GF=  1.7449 | solve=  1.6228 | scatter=  0.0507
f=     8.100 Hz | ky=  0.754355E-02 | IK=      10/      88 | t=    6.644600 s | CA=  2.4841 | fact=  2.4187 | GF=  1.7418 | solve=  1.6187 | scatter=  0.0515
f=     8.100 Hz | ky=  0.829790E-02 | IK=      11/      88 | t=    6.701900 s | CA=  2.5403 | fact=  2.4182 | GF=  1.7434 | solve=  1.6227 | scatter=  0.0494
f=     8.100 Hz | ky=  0.905226E-02 | IK=      12/      88 | t=    6.666200 s | CA=  2.5015 | fact=  2.4237 | GF=  1.7410 | solve=  1.6183 | scatter=  0.0512
f=     8.100 Hz | ky=  0.980661E-02 | IK=      13/      88 | t=    6.647600 s | CA=  2.4771 | fact=  2.4273 | GF=  1.7432 | solve=  1.6199 | scatter=  0.0517
f=     8.100 Hz | ky=  0.105610E-01 | IK=      14/      88 | t=    6.685300 s | CA=  2.5187 | fact=  2.4235 | GF=  1.7430 | solve=  1.6201 | scatter=  0.0516
f=     8.100 Hz | ky=  0.113153E-01 | IK=      15/      88 | t=    6.704100 s | CA=  2.5334 | fact=  2.4289 | GF=  1.7418 | solve=  1.6193 | scatter=  0.0510
PARDISO mem (f=  8.10 Hz): sym=  1.95 GB  perm=  1.42 GB  num=  3.22 GB  
peak=  4.64 GB
 WD_amp= 8.70370E+13  RESID_RMS= 5.45178E-04  FCOST_DATA= 1.48610E-07  FCOST0= 1.48610E-07
BT: alpha=  1.9531E-03  phi=  1.4861E-07  rhs=  1.4858E-07
 UPDATEPARAMETER: f-scale only
UPDATEPARAMETER PAR_STEP min/max, V_STEP min/max =  4.5090000000E+01  9.7361806151E+01
  4.5090000000E+01  9.7361806151E+01
 running run_ik_loop_pardiso
before CA | VmRSS=  24.515 GB  VmHWM= 144.253 GB
after CA | VmRSS=  25.133 GB  VmHWM= 144.253 GB
after factor | VmRSS=  28.899 GB  VmHWM= 144.253 GB
f=     8.100 Hz | ky=  0.754355E-03 | IK=       1/      88 | t=   16.892200 s | CA=  2.4424 | fact= 12.6110 | GF=  1.8386 | solve=  1.6878 | scatter=  0.0503
f=     8.100 Hz | ky=  0.150871E-02 | IK=       2/      88 | t=    6.654200 s | CA=  2.5004 | fact=  2.4091 | GF=  1.7447 | solve=  1.6232 | scatter=  0.0499
f=     8.100 Hz | ky=  0.226306E-02 | IK=       3/      88 | t=    6.679500 s | CA=  2.5120 | fact=  2.4196 | GF=  1.7479 | solve=  1.6263 | scatter=  0.0505
f=     8.100 Hz | ky=  0.301742E-02 | IK=       4/      88 | t=    6.676200 s | CA=  2.5128 | fact=  2.4163 | GF=  1.7471 | solve=  1.6251 | scatter=  0.0509
f=     8.100 Hz | ky=  0.377177E-02 | IK=       5/      88 | t=    6.676800 s | CA=  2.5133 | fact=  2.4212 | GF=  1.7423 | solve=  1.6205 | scatter=  0.0504
f=     8.100 Hz | ky=  0.452613E-02 | IK=       6/      88 | t=    6.681200 s | CA=  2.5221 | fact=  2.4157 | GF=  1.7434 | solve=  1.6217 | scatter=  0.0506
f=     8.100 Hz | ky=  0.528048E-02 | IK=       7/      88 | t=    6.691200 s | CA=  2.5273 | fact=  2.4260 | GF=  1.7379 | solve=  1.6164 | scatter=  0.0501
f=     8.100 Hz | ky=  0.603484E-02 | IK=       8/      88 | t=    6.680500 s | CA=  2.5238 | fact=  2.4159 | GF=  1.7408 | solve=  1.6197 | scatter=  0.0496
f=     8.100 Hz | ky=  0.678919E-02 | IK=       9/      88 | t=    6.727400 s | CA=  2.5589 | fact=  2.4194 | GF=  1.7490 | solve=  1.6273 | scatter=  0.0503
f=     8.100 Hz | ky=  0.754355E-02 | IK=      10/      88 | t=    6.650700 s | CA=  2.4976 | fact=  2.4075 | GF=  1.7455 | solve=  1.6224 | scatter=  0.0518
f=     8.100 Hz | ky=  0.829790E-02 | IK=      11/      88 | t=    6.664500 s | CA=  2.4986 | fact=  2.4198 | GF=  1.7461 | solve=  1.6235 | scatter=  0.0509
f=     8.100 Hz | ky=  0.905226E-02 | IK=      12/      88 | t=    6.650800 s | CA=  2.4843 | fact=  2.4214 | GF=  1.7451 | solve=  1.6230 | scatter=  0.0505
f=     8.100 Hz | ky=  0.980661E-02 | IK=      13/      88 | t=    6.676600 s | CA=  2.5033 | fact=  2.4277 | GF=  1.7456 | solve=  1.6231 | scatter=  0.0511
f=     8.100 Hz | ky=  0.105610E-01 | IK=      14/      88 | t=    6.665300 s | CA=  2.4997 | fact=  2.4201 | GF=  1.7455 | solve=  1.6238 | scatter=  0.0504
f=     8.100 Hz | ky=  0.113153E-01 | IK=      15/      88 | t=    6.698000 s | CA=  2.5286 | fact=  2.4251 | GF=  1.7443 | solve=  1.6223 | scatter=  0.0505
PARDISO mem (f=  8.10 Hz): sym=  1.95 GB  perm=  1.42 GB  num=  3.22 GB  
peak=  4.64 GB
 WD_amp= 8.70370E+13  RESID_RMS= 5.45151E-04  FCOST_DATA= 1.48595E-07  FCOST0= 1.48595E-07
BT: alpha=  9.7656E-04  phi=  1.4859E-07  rhs=  1.4858E-07
 UPDATEPARAMETER: f-scale only
UPDATEPARAMETER PAR_STEP min/max, V_STEP min/max =  4.5090000000E+01  9.7361328129E+01
  4.5090000000E+01  9.7361328129E+01
 running run_ik_loop_pardiso
before CA | VmRSS=  24.518 GB  VmHWM= 144.253 GB
after CA | VmRSS=  25.160 GB  VmHWM= 144.253 GB
after factor | VmRSS=  28.918 GB  VmHWM= 144.253 GB
f=     8.100 Hz | ky=  0.754355E-03 | IK=       1/      88 | t=   16.896700 s | CA=  2.4680 | fact= 12.6184 | GF=  1.8101 | solve=  1.6589 | scatter=  0.0493
f=     8.100 Hz | ky=  0.150871E-02 | IK=       2/      88 | t=    6.629000 s | CA=  2.5079 | fact=  2.4173 | GF=  1.7038 | solve=  1.5821 | scatter=  0.0506
f=     8.100 Hz | ky=  0.226306E-02 | IK=       3/      88 | t=    6.619900 s | CA=  2.5439 | fact=  2.3728 | GF=  1.7031 | solve=  1.5815 | scatter=  0.0504
f=     8.100 Hz | ky=  0.301742E-02 | IK=       4/      88 | t=    6.623900 s | CA=  2.4936 | fact=  2.4167 | GF=  1.7135 | solve=  1.5928 | scatter=  0.0495
f=     8.100 Hz | ky=  0.377177E-02 | IK=       5/      88 | t=    6.681700 s | CA=  2.5608 | fact=  2.4097 | GF=  1.7112 | solve=  1.5894 | scatter=  0.0504
f=     8.100 Hz | ky=  0.452613E-02 | IK=       6/      88 | t=    6.568100 s | CA=  2.4903 | fact=  2.3931 | GF=  1.6847 | solve=  1.5622 | scatter=  0.0510
f=     8.100 Hz | ky=  0.528048E-02 | IK=       7/      88 | t=    6.695000 s | CA=  2.5986 | fact=  2.4194 | GF=  1.6769 | solve=  1.5555 | scatter=  0.0502
f=     8.100 Hz | ky=  0.603484E-02 | IK=       8/      88 | t=    6.604800 s | CA=  2.5114 | fact=  2.4183 | GF=  1.6751 | solve=  1.5536 | scatter=  0.0502
f=     8.100 Hz | ky=  0.678919E-02 | IK=       9/      88 | t=    6.598600 s | CA=  2.4938 | fact=  2.4232 | GF=  1.6816 | solve=  1.5588 | scatter=  0.0517
f=     8.100 Hz | ky=  0.754355E-02 | IK=      10/      88 | t=    6.586800 s | CA=  2.4872 | fact=  2.4197 | GF=  1.6799 | solve=  1.5596 | scatter=  0.0491
f=     8.100 Hz | ky=  0.829790E-02 | IK=      11/      88 | t=    6.601400 s | CA=  2.5275 | fact=  2.3949 | GF=  1.6789 | solve=  1.5560 | scatter=  0.0515
f=     8.100 Hz | ky=  0.905226E-02 | IK=      12/      88 | t=    6.562800 s | CA=  2.4584 | fact=  2.4201 | GF=  1.6843 | solve=  1.5617 | scatter=  0.0511
f=     8.100 Hz | ky=  0.980661E-02 | IK=      13/      88 | t=    6.550900 s | CA=  2.5028 | fact=  2.3668 | GF=  1.6813 | solve=  1.5593 | scatter=  0.0503
f=     8.100 Hz | ky=  0.105610E-01 | IK=      14/      88 | t=    6.588800 s | CA=  2.4796 | fact=  2.4324 | GF=  1.6767 | solve=  1.5530 | scatter=  0.0523
f=     8.100 Hz | ky=  0.113153E-01 | IK=      15/      88 | t=    6.608300 s | CA=  2.4993 | fact=  2.4333 | GF=  1.6757 | solve=  1.5556 | scatter=  0.0489
PARDISO mem (f=  8.10 Hz): sym=  1.95 GB  perm=  1.42 GB  num=  3.22 GB  
peak=  4.64 GB
 WD_amp= 8.70370E+13  RESID_RMS= 5.45137E-04  FCOST_DATA= 1.48587E-07  FCOST0= 1.48587E-07
BT: alpha=  4.8828E-04  phi=  1.4859E-07  rhs=  1.4858E-07
 UPDATEPARAMETER: f-scale only
UPDATEPARAMETER PAR_STEP min/max, V_STEP min/max =  4.5090000000E+01  9.7361089118E+01
  4.5090000000E+01  9.7361089118E+01
 running run_ik_loop_pardiso
before CA | VmRSS=  25.120 GB  VmHWM= 144.253 GB
after CA | VmRSS=  25.699 GB  VmHWM= 144.253 GB
after factor | VmRSS=  29.462 GB  VmHWM= 144.253 GB
f=     8.100 Hz | ky=  0.754355E-03 | IK=       1/      88 | t=   16.971700 s | CA=  2.5056 | fact= 12.6259 | GF=  1.8401 | solve=  1.6869 | scatter=  0.0527
f=     8.100 Hz | ky=  0.150871E-02 | IK=       2/      88 | t=    6.676200 s | CA=  2.5263 | fact=  2.4097 | GF=  1.7401 | solve=  1.6198 | scatter=  0.0491
f=     8.100 Hz | ky=  0.226306E-02 | IK=       3/      88 | t=    6.621700 s | CA=  2.4603 | fact=  2.4202 | GF=  1.7411 | solve=  1.6195 | scatter=  0.0504
f=     8.100 Hz | ky=  0.301742E-02 | IK=       4/      88 | t=    6.671300 s | CA=  2.5258 | fact=  2.4113 | GF=  1.7342 | solve=  1.6135 | scatter=  0.0495
f=     8.100 Hz | ky=  0.377177E-02 | IK=       5/      88 | t=    6.612700 s | CA=  2.4862 | fact=  2.3876 | GF=  1.7388 | solve=  1.6176 | scatter=  0.0500
f=     8.100 Hz | ky=  0.452613E-02 | IK=       6/      88 | t=    6.687700 s | CA=  2.5320 | fact=  2.4154 | GF=  1.7403 | solve=  1.6190 | scatter=  0.0501
f=     8.100 Hz | ky=  0.528048E-02 | IK=       7/      88 | t=    6.641400 s | CA=  2.4764 | fact=  2.4217 | GF=  1.7432 | solve=  1.6217 | scatter=  0.0502
f=     8.100 Hz | ky=  0.603484E-02 | IK=       8/      88 | t=    6.652800 s | CA=  2.4868 | fact=  2.4233 | GF=  1.7426 | solve=  1.6214 | scatter=  0.0500
f=     8.100 Hz | ky=  0.678919E-02 | IK=       9/      88 | t=    6.662500 s | CA=  2.4944 | fact=  2.4184 | GF=  1.7496 | solve=  1.6270 | scatter=  0.0514
f=     8.100 Hz | ky=  0.754355E-02 | IK=      10/      88 | t=    6.690200 s | CA=  2.5235 | fact=  2.4231 | GF=  1.7435 | solve=  1.6220 | scatter=  0.0501
f=     8.100 Hz | ky=  0.829790E-02 | IK=      11/      88 | t=    6.643700 s | CA=  2.4816 | fact=  2.4189 | GF=  1.7431 | solve=  1.6218 | scatter=  0.0499
f=     8.100 Hz | ky=  0.905226E-02 | IK=      12/      88 | t=    6.649000 s | CA=  2.4735 | fact=  2.4261 | GF=  1.7494 | solve=  1.6280 | scatter=  0.0501
f=     8.100 Hz | ky=  0.980661E-02 | IK=      13/      88 | t=    6.670400 s | CA=  2.5014 | fact=  2.4184 | GF=  1.7506 | solve=  1.6277 | scatter=  0.0517
f=     8.100 Hz | ky=  0.105610E-01 | IK=      14/      88 | t=    6.627500 s | CA=  2.4593 | fact=  2.4283 | GF=  1.7398 | solve=  1.6176 | scatter=  0.0506
f=     8.100 Hz | ky=  0.113153E-01 | IK=      15/      88 | t=    6.675700 s | CA=  2.5035 | fact=  2.4250 | GF=  1.7471 | solve=  1.6241 | scatter=  0.0516
PARDISO mem (f=  8.10 Hz): sym=  1.95 GB  perm=  1.42 GB  num=  3.22 GB  
peak=  4.64 GB
 WD_amp= 8.70370E+13  RESID_RMS= 5.45131E-04  FCOST_DATA= 1.48584E-07  FCOST0= 1.48584E-07
BT: alpha=  2.4414E-04  phi=  1.4858E-07  rhs=  1.4858E-07
 UPDATEPARAMETER: f-scale only
UPDATEPARAMETER PAR_STEP min/max, V_STEP min/max =  4.5090000000E+01  9.7360969612E+01
  4.5090000000E+01  9.7360969612E+01
 running run_ik_loop_pardiso
before CA | VmRSS=  24.534 GB  VmHWM= 144.253 GB
after CA | VmRSS=  25.125 GB  VmHWM= 144.253 GB
after factor | VmRSS=  28.885 GB  VmHWM= 144.253 GB
f=     8.100 Hz | ky=  0.754355E-03 | IK=       1/      88 | t=   16.931300 s | CA=  2.4708 | fact= 12.6155 | GF=  1.8448 | solve=  1.6925 | scatter=  0.0518
f=     8.100 Hz | ky=  0.150871E-02 | IK=       2/      88 | t=    6.617800 s | CA=  2.4651 | fact=  2.4118 | GF=  1.7408 | solve=  1.6187 | scatter=  0.0506
f=     8.100 Hz | ky=  0.226306E-02 | IK=       3/      88 | t=    6.691900 s | CA=  2.5348 | fact=  2.4164 | GF=  1.7406 | solve=  1.6188 | scatter=  0.0506
f=     8.100 Hz | ky=  0.301742E-02 | IK=       4/      88 | t=    6.618400 s | CA=  2.4600 | fact=  2.4175 | GF=  1.7408 | solve=  1.6183 | scatter=  0.0511
f=     8.100 Hz | ky=  0.377177E-02 | IK=       5/      88 | t=    6.628600 s | CA=  2.4898 | fact=  2.3962 | GF=  1.7425 | solve=  1.6206 | scatter=  0.0505
f=     8.100 Hz | ky=  0.452613E-02 | IK=       6/      88 | t=    6.654200 s | CA=  2.4838 | fact=  2.4271 | GF=  1.7432 | solve=  1.6208 | scatter=  0.0512
f=     8.100 Hz | ky=  0.528048E-02 | IK=       7/      88 | t=    6.655800 s | CA=  2.4847 | fact=  2.4205 | GF=  1.7505 | solve=  1.6280 | scatter=  0.0511
f=     8.100 Hz | ky=  0.603484E-02 | IK=       8/      88 | t=    6.661500 s | CA=  2.5031 | fact=  2.4135 | GF=  1.7449 | solve=  1.6238 | scatter=  0.0498
f=     8.100 Hz | ky=  0.678919E-02 | IK=       9/      88 | t=    6.677300 s | CA=  2.5025 | fact=  2.4268 | GF=  1.7480 | solve=  1.6258 | scatter=  0.0509
f=     8.100 Hz | ky=  0.754355E-02 | IK=      10/      88 | t=    6.681500 s | CA=  2.5113 | fact=  2.4286 | GF=  1.7416 | solve=  1.6210 | scatter=  0.0492
f=     8.100 Hz | ky=  0.829790E-02 | IK=      11/      88 | t=    6.664600 s | CA=  2.5086 | fact=  2.4144 | GF=  1.7416 | solve=  1.6203 | scatter=  0.0497
f=     8.100 Hz | ky=  0.905226E-02 | IK=      12/      88 | t=    6.654700 s | CA=  2.4885 | fact=  2.4221 | GF=  1.7441 | solve=  1.6226 | scatter=  0.0502
f=     8.100 Hz | ky=  0.980661E-02 | IK=      13/      88 | t=    6.700300 s | CA=  2.5202 | fact=  2.4308 | GF=  1.7493 | solve=  1.6266 | scatter=  0.0513
f=     8.100 Hz | ky=  0.105610E-01 | IK=      14/      88 | t=    6.628100 s | CA=  2.4948 | fact=  2.3870 | GF=  1.7463 | solve=  1.6240 | scatter=  0.0509
f=     8.100 Hz | ky=  0.113153E-01 | IK=      15/      88 | t=    6.650000 s | CA=  2.4885 | fact=  2.4185 | GF=  1.7430 | solve=  1.6211 | scatter=  0.0505
PARDISO mem (f=  8.10 Hz): sym=  1.95 GB  perm=  1.42 GB  num=  3.22 GB  
peak=  4.64 GB
 WD_amp= 8.70370E+13  RESID_RMS= 5.45127E-04  FCOST_DATA= 1.48582E-07  FCOST0= 1.48582E-07
BT: alpha=  1.2207E-04  phi=  1.4858E-07  rhs=  1.4858E-07
 UPDATEPARAMETER: f-scale only
UPDATEPARAMETER PAR_STEP min/max, V_STEP min/max =  4.5090000000E+01  9.7360909859E+01
  4.5090000000E+01  9.7360909859E+01
 running run_ik_loop_pardiso
before CA | VmRSS=  25.106 GB  VmHWM= 144.253 GB
after CA | VmRSS=  25.819 GB  VmHWM= 144.253 GB
after factor | VmRSS=  29.584 GB  VmHWM= 144.253 GB
f=     8.100 Hz | ky=  0.754355E-03 | IK=       1/      88 | t=   16.880600 s | CA=  2.4326 | fact= 12.6159 | GF=  1.8319 | solve=  1.6811 | scatter=  0.0500
f=     8.100 Hz | ky=  0.150871E-02 | IK=       2/      88 | t=    6.650900 s | CA=  2.5020 | fact=  2.4153 | GF=  1.7336 | solve=  1.6142 | scatter=  0.0483
f=     8.100 Hz | ky=  0.226306E-02 | IK=       3/      88 | t=    6.656100 s | CA=  2.5024 | fact=  2.4180 | GF=  1.7356 | solve=  1.6133 | scatter=  0.0508
f=     8.100 Hz | ky=  0.301742E-02 | IK=       4/      88 | t=    6.638400 s | CA=  2.4827 | fact=  2.4211 | GF=  1.7345 | solve=  1.6133 | scatter=  0.0499
f=     8.100 Hz | ky=  0.377177E-02 | IK=       5/      88 | t=    6.683600 s | CA=  2.5288 | fact=  2.4147 | GF=  1.7400 | solve=  1.6173 | scatter=  0.0514
f=     8.100 Hz | ky=  0.452613E-02 | IK=       6/      88 | t=    6.679100 s | CA=  2.5166 | fact=  2.4195 | GF=  1.7430 | solve=  1.6190 | scatter=  0.0525
f=     8.100 Hz | ky=  0.528048E-02 | IK=       7/      88 | t=    6.675700 s | CA=  2.5121 | fact=  2.4180 | GF=  1.7455 | solve=  1.6231 | scatter=  0.0512
f=     8.100 Hz | ky=  0.603484E-02 | IK=       8/      88 | t=    6.622800 s | CA=  2.4783 | fact=  2.4009 | GF=  1.7436 | solve=  1.6230 | scatter=  0.0494
f=     8.100 Hz | ky=  0.678919E-02 | IK=       9/      88 | t=    6.640500 s | CA=  2.5028 | fact=  2.3989 | GF=  1.7388 | solve=  1.6179 | scatter=  0.0496
f=     8.100 Hz | ky=  0.754355E-02 | IK=      10/      88 | t=    6.665000 s | CA=  2.4953 | fact=  2.4308 | GF=  1.7389 | solve=  1.6170 | scatter=  0.0506
f=     8.100 Hz | ky=  0.829790E-02 | IK=      11/      88 | t=    6.639100 s | CA=  2.5052 | fact=  2.3901 | GF=  1.7438 | solve=  1.6222 | scatter=  0.0503
f=     8.100 Hz | ky=  0.905226E-02 | IK=      12/      88 | t=    6.643000 s | CA=  2.4785 | fact=  2.4217 | GF=  1.7427 | solve=  1.6202 | scatter=  0.0513
f=     8.100 Hz | ky=  0.980661E-02 | IK=      13/      88 | t=    6.649200 s | CA=  2.4925 | fact=  2.4148 | GF=  1.7418 | solve=  1.6196 | scatter=  0.0508
f=     8.100 Hz | ky=  0.105610E-01 | IK=      14/      88 | t=    6.642900 s | CA=  2.4795 | fact=  2.4163 | GF=  1.7471 | solve=  1.6266 | scatter=  0.0493
f=     8.100 Hz | ky=  0.113153E-01 | IK=      15/      88 | t=    6.692200 s | CA=  2.5191 | fact=  2.4285 | GF=  1.7445 | solve=  1.6210 | scatter=  0.0520
PARDISO mem (f=  8.10 Hz): sym=  1.95 GB  perm=  1.42 GB  num=  3.22 GB  
peak=  4.64 GB
 WD_amp= 8.70370E+13  RESID_RMS= 5.45125E-04  FCOST_DATA= 1.48581E-07  FCOST0= 1.48581E-07
BT: alpha=  6.1035E-05  phi=  1.4858E-07  rhs=  1.4858E-07
BT STOP (stagnation): alpha=  6.1035E-05  FCOST1=  1.4858E-07  FCOST0=  1.4858E-07
 UPDATEPARAMETER: f-scale only
UPDATEPARAMETER PAR_STEP min/max, V_STEP min/max =  4.5090000000E+01  9.7360859896E+01
  4.5090000000E+01  9.7360859896E+01
 running run_ik_loop_pardiso
before CA | VmRSS=  25.119 GB  VmHWM= 144.253 GB
after CA | VmRSS=  25.140 GB  VmHWM= 144.253 GB
after factor | VmRSS=  28.895 GB  VmHWM= 144.253 GB
f=     8.100 Hz | ky=  0.754355E-03 | IK=       1/      88 | t=   16.934100 s | CA=  2.4760 | fact= 12.6224 | GF=  1.8355 | solve=  1.6845 | scatter=  0.0502
f=     8.100 Hz | ky=  0.150871E-02 | IK=       2/      88 | t=    6.652900 s | CA=  2.4944 | fact=  2.4189 | GF=  1.7396 | solve=  1.6161 | scatter=  0.0523
f=     8.100 Hz | ky=  0.226306E-02 | IK=       3/      88 | t=    6.641200 s | CA=  2.4884 | fact=  2.4134 | GF=  1.7393 | solve=  1.6178 | scatter=  0.0503
f=     8.100 Hz | ky=  0.301742E-02 | IK=       4/      88 | t=    6.688400 s | CA=  2.5319 | fact=  2.4176 | GF=  1.7388 | solve=  1.6168 | scatter=  0.0509
f=     8.100 Hz | ky=  0.377177E-02 | IK=       5/      88 | t=    6.639700 s | CA=  2.5060 | fact=  2.3894 | GF=  1.7442 | solve=  1.6222 | scatter=  0.0507
f=     8.100 Hz | ky=  0.452613E-02 | IK=       6/      88 | t=    6.639200 s | CA=  2.4753 | fact=  2.4235 | GF=  1.7404 | solve=  1.6181 | scatter=  0.0509
f=     8.100 Hz | ky=  0.528048E-02 | IK=       7/      88 | t=    6.690800 s | CA=  2.5360 | fact=  2.4158 | GF=  1.7389 | solve=  1.6169 | scatter=  0.0509
f=     8.100 Hz | ky=  0.603484E-02 | IK=       8/      88 | t=    6.675800 s | CA=  2.5392 | fact=  2.3967 | GF=  1.7399 | solve=  1.6186 | scatter=  0.0502
f=     8.100 Hz | ky=  0.678919E-02 | IK=       9/      88 | t=    6.670100 s | CA=  2.4966 | fact=  2.4277 | GF=  1.7458 | solve=  1.6240 | scatter=  0.0504
f=     8.100 Hz | ky=  0.754355E-02 | IK=      10/      88 | t=    6.719800 s | CA=  2.5515 | fact=  2.4264 | GF=  1.7418 | solve=  1.6192 | scatter=  0.0514
f=     8.100 Hz | ky=  0.829790E-02 | IK=      11/      88 | t=    6.684100 s | CA=  2.5272 | fact=  2.4158 | GF=  1.7410 | solve=  1.6196 | scatter=  0.0501
f=     8.100 Hz | ky=  0.905226E-02 | IK=      12/      88 | t=    6.703200 s | CA=  2.5441 | fact=  2.4136 | GF=  1.7454 | solve=  1.6218 | scatter=  0.0517
f=     8.100 Hz | ky=  0.980661E-02 | IK=      13/      88 | t=    6.712200 s | CA=  2.5339 | fact=  2.4248 | GF=  1.7535 | solve=  1.6294 | scatter=  0.0528
f=     8.100 Hz | ky=  0.105610E-01 | IK=      14/      88 | t=    6.706800 s | CA=  2.5437 | fact=  2.4226 | GF=  1.7404 | solve=  1.6201 | scatter=  0.0489
f=     8.100 Hz | ky=  0.113153E-01 | IK=      15/      88 | t=    6.667600 s | CA=  2.5010 | fact=  2.4277 | GF=  1.7388 | solve=  1.6185 | scatter=  0.0491
PARDISO mem (f=  8.10 Hz): sym=  1.95 GB  perm=  1.42 GB  num=  3.22 GB  
peak=  4.64 GB
 WD_amp= 8.70370E+13  RESID_RMS= 5.45124E-04  FCOST_DATA= 1.48580E-07  FCOST0= 1.48580E-07
 Backtrack: failed after MAX_IT
 Line search failed (IFLAG=          11 ), inversion diverged.
 --------- Frequency   8.85000000000000       (band            1 )
[ComputeAcqWeight] empty acq_weight_file, using uniform weights = 1.0
Data weighting computed for frequency 4607182418800017373
XSRmin, XSRmax, ZSRmin, ZSRMax -1960.000000000000 .000000000000000 2050.000000000000 4030.000000000000
1 FKYC
1.2 FKYC
my_rank, FKYC,WLMAX, RMAX 0 .7252981300244260E-01 578.8450615641549 2786.036611389018
1.1 NK
NK in cky2= 99

  Number of wavenumber samples (NK) for FREQ =   99
Data weighting computed for frequency 4607182418800017373
Data weighting computed for frequency 4607182418800017373
Data weighting computed for frequency 4607182418800017373
  RMAX = 2786.04
Data weighting computed for frequency 4607182418800017373
Data weighting computed for frequency 4607182418800017373
--- Pre-solver preview (memory + RHS workload) ---
   GQG dims: NNX=       585  NNZ=       317  NPT=    185445
   DOF:     N=3*NPT =    556335
   Sources: NSR=       100  NSS=        20  NK=        99
   RHS total (per IK): nrhs_tot=3*NSS =        60
   Batch:    MAX_RHS_BATCH=        32  nbatches=         2
   GFMY  (GFX+GFY+GFZ):         24.621 GB
   RHS_MY(rhs+sol buffers):      0.531 GB
 
 running run_ik_loop_pardiso
before CA | VmRSS=  26.407 GB  VmHWM= 144.253 GB
after CA | VmRSS=  27.027 GB  VmHWM= 144.253 GB
after factor | VmRSS=  30.788 GB  VmHWM= 144.253 GB
f=     8.850 Hz | ky=  0.732624E-03 | IK=       1/      99 | t=   16.908300 s | CA=  2.4598 | fact= 12.6127 | GF=  1.8356 | solve=  1.6840 | scatter=  0.0510
f=     8.850 Hz | ky=  0.146525E-02 | IK=       2/      99 | t=    6.637100 s | CA=  2.4845 | fact=  2.4096 | GF=  1.7430 | solve=  1.6212 | scatter=  0.0505
f=     8.850 Hz | ky=  0.219787E-02 | IK=       3/      99 | t=    6.649800 s | CA=  2.4908 | fact=  2.4193 | GF=  1.7396 | solve=  1.6176 | scatter=  0.0507
f=     8.850 Hz | ky=  0.293050E-02 | IK=       4/      99 | t=    6.690700 s | CA=  2.5358 | fact=  2.4109 | GF=  1.7440 | solve=  1.6223 | scatter=  0.0506
f=     8.850 Hz | ky=  0.366312E-02 | IK=       5/      99 | t=    6.623700 s | CA=  2.4732 | fact=  2.4111 | GF=  1.7393 | solve=  1.6178 | scatter=  0.0504
f=     8.850 Hz | ky=  0.439575E-02 | IK=       6/      99 | t=    6.647800 s | CA=  2.4972 | fact=  2.4125 | GF=  1.7380 | solve=  1.6158 | scatter=  0.0509
f=     8.850 Hz | ky=  0.512837E-02 | IK=       7/      99 | t=    6.606000 s | CA=  2.4594 | fact=  2.4047 | GF=  1.7418 | solve=  1.6215 | scatter=  0.0490
f=     8.850 Hz | ky=  0.586099E-02 | IK=       8/      99 | t=    6.706200 s | CA=  2.5441 | fact=  2.4184 | GF=  1.7437 | solve=  1.6198 | scatter=  0.0514
f=     8.850 Hz | ky=  0.659362E-02 | IK=       9/      99 | t=    6.639800 s | CA=  2.4812 | fact=  2.4174 | GF=  1.7412 | solve=  1.6200 | scatter=  0.0496
f=     8.850 Hz | ky=  0.732624E-02 | IK=      10/      99 | t=    6.621700 s | CA=  2.4798 | fact=  2.3929 | GF=  1.7490 | solve=  1.6264 | scatter=  0.0513
f=     8.850 Hz | ky=  0.805887E-02 | IK=      11/      99 | t=    6.714100 s | CA=  2.5466 | fact=  2.4227 | GF=  1.7447 | solve=  1.6246 | scatter=  0.0489
f=     8.850 Hz | ky=  0.879149E-02 | IK=      12/      99 | t=    6.658600 s | CA=  2.4959 | fact=  2.4211 | GF=  1.7415 | solve=  1.6200 | scatter=  0.0499
f=     8.850 Hz | ky=  0.952412E-02 | IK=      13/      99 | t=    6.688800 s | CA=  2.5196 | fact=  2.4249 | GF=  1.7443 | solve=  1.6233 | scatter=  0.0498
f=     8.850 Hz | ky=  0.102567E-01 | IK=      14/      99 | t=    6.607100 s | CA=  2.4694 | fact=  2.3906 | GF=  1.7471 | solve=  1.6255 | scatter=  0.0505
f=     8.850 Hz | ky=  0.109894E-01 | IK=      15/      99 | t=    6.710400 s | CA=  2.5418 | fact=  2.4229 | GF=  1.7457 | solve=  1.6234 | scatter=  0.0508
f=     8.850 Hz | ky=  0.117220E-01 | IK=      16/      99 | t=    6.662500 s | CA=  2.4872 | fact=  2.4247 | GF=  1.7505 | solve=  1.6281 | scatter=  0.0512
f=     8.850 Hz | ky=  0.124546E-01 | IK=      17/      99 | t=    6.704600 s | CA=  2.5337 | fact=  2.4268 | GF=  1.7441 | solve=  1.6232 | scatter=  0.0496
PARDISO mem (f=  8.85 Hz): sym=  1.95 GB  perm=  1.42 GB  num=  3.22 GB  
peak=  4.64 GB
t_global   =    184.922 s
TIME for 1st forward modeling =  3.081924947102864  min
TIME for GT0 =  .1067666709423065E-01  min
Data scaler W for L2 norm: 91309916411743.56
Data scaler W for WQS norm: .1007948000807317E-312
Total number of active inversion parameters for current sequential stage (IM):          1
Total model blocks points (NM = IM * NBLOCK):      11534 on grid (NMM = IM * NPT):    185445
 Gradient balance ():   1.00000000000000        1.00000000000000     
   1.00000000000000        1.00000000000000        1.00000000000000     
   1.00000000000000        1.00000000000000        1.00000000000000     
   1.00000000000000        1.00000000000000        1.00000000000000     
 IE0, IZ          30           0
 IE0, IZ, GZ1, GZ2 =           30           0   100.000000000000     
   300.000000000000     
  
 Frequency:          13 Iteration:           1
--- Pre-solver preview (memory + RHS workload) ---
   GQG dims: NNX=       585  NNZ=       317  NPT=    185445
   DOF:     N=3*NPT =    556335
   Sources: NSR=       100  NSS=       100  NK=        99
   RHS total (per IK): nrhs_tot=3*NSS =       300
   Batch:    MAX_RHS_BATCH=        32  nbatches=        10
   GFMY  (GFX+GFY+GFZ):        123.107 GB
   RHS_MY(rhs+sol buffers):      0.531 GB
 
 running run_ik_loop_pardiso
before CA | VmRSS= 125.707 GB  VmHWM= 144.253 GB
after CA | VmRSS= 127.226 GB  VmHWM= 144.253 GB
after factor | VmRSS= 130.987 GB  VmHWM= 144.253 GB
f=     8.850 Hz | ky=  0.732624E-03 | IK=       1/      99 | t=   23.664500 s | CA=  2.4433 | fact= 12.6143 | GF=  8.6067 | solve=  7.9663 | scatter=  0.2478
f=     8.850 Hz | ky=  0.146525E-02 | IK=       2/      99 | t=   13.413600 s | CA=  2.4794 | fact=  2.4214 | GF=  8.5128 | solve=  7.9045 | scatter=  0.2468
f=     8.850 Hz | ky=  0.219787E-02 | IK=       3/      99 | t=   13.419800 s | CA=  2.4586 | fact=  2.4170 | GF=  8.5442 | solve=  7.9337 | scatter=  0.2477
f=     8.850 Hz | ky=  0.293050E-02 | IK=       4/      99 | t=   13.412600 s | CA=  2.4630 | fact=  2.4068 | GF=  8.5428 | solve=  7.9343 | scatter=  0.2463
f=     8.850 Hz | ky=  0.366312E-02 | IK=       5/      99 | t=   13.477000 s | CA=  2.5004 | fact=  2.4217 | GF=  8.5549 | solve=  7.9449 | scatter=  0.2471
f=     8.850 Hz | ky=  0.439575E-02 | IK=       6/      99 | t=   13.449000 s | CA=  2.4634 | fact=  2.4179 | GF=  8.5677 | solve=  7.9601 | scatter=  0.2445
f=     8.850 Hz | ky=  0.512837E-02 | IK=       7/      99 | t=   13.425400 s | CA=  2.4467 | fact=  2.4140 | GF=  8.5646 | solve=  7.9562 | scatter=  0.2462
f=     8.850 Hz | ky=  0.586099E-02 | IK=       8/      99 | t=   13.464800 s | CA=  2.4779 | fact=  2.4208 | GF=  8.5660 | solve=  7.9564 | scatter=  0.2465
f=     8.850 Hz | ky=  0.659362E-02 | IK=       9/      99 | t=   13.425300 s | CA=  2.4724 | fact=  2.4303 | GF=  8.5226 | solve=  7.9147 | scatter=  0.2446
f=     8.850 Hz | ky=  0.732624E-02 | IK=      10/      99 | t=   13.436000 s | CA=  2.4414 | fact=  2.4276 | GF=  8.5670 | solve=  7.9558 | scatter=  0.2480
f=     8.850 Hz | ky=  0.805887E-02 | IK=      11/      99 | t=   13.462200 s | CA=  2.4745 | fact=  2.4258 | GF=  8.5619 | solve=  7.9512 | scatter=  0.2466
f=     8.850 Hz | ky=  0.879149E-02 | IK=      12/      99 | t=   13.481800 s | CA=  2.4988 | fact=  2.4274 | GF=  8.5556 | solve=  7.9456 | scatter=  0.2464
f=     8.850 Hz | ky=  0.952412E-02 | IK=      13/      99 | t=   13.501700 s | CA=  2.5209 | fact=  2.4309 | GF=  8.5499 | solve=  7.9354 | scatter=  0.2487
f=     8.850 Hz | ky=  0.102567E-01 | IK=      14/      99 | t=   13.415600 s | CA=  2.4532 | fact=  2.4106 | GF=  8.5518 | solve=  7.9401 | scatter=  0.2473
f=     8.850 Hz | ky=  0.109894E-01 | IK=      15/      99 | t=   13.437300 s | CA=  2.4787 | fact=  2.4146 | GF=  8.5440 | solve=  7.9346 | scatter=  0.2459
f=     8.850 Hz | ky=  0.117220E-01 | IK=      16/      99 | t=   13.440500 s | CA=  2.4818 | fact=  2.4252 | GF=  8.5335 | solve=  7.9212 | scatter=  0.2493
f=     8.850 Hz | ky=  0.124546E-01 | IK=      17/      99 | t=   13.510100 s | CA=  2.5255 | fact=  2.4320 | GF=  8.5525 | solve=  7.9423 | scatter=  0.2476
PARDISO mem (f=  8.85 Hz): sym=  1.95 GB  perm=  1.42 GB  num=  3.22 GB  
peak=  4.64 GB
t_global   =    526.633 s
TIME for 2d forward modeling_i calc =  8.775650024414062 min
Rank    5 -> ID range:   4001 to   4800 | Tasks:    800
Rank    4 -> ID range:   3201 to   4000 | Tasks:    800
Rank    3 -> ID range:   2401 to   3200 | Tasks:    800
Rank    1 -> ID range:    801 to   1600 | Tasks:    800
Rank    2 -> ID range:   1601 to   2400 | Tasks:    800
  
 -------------- calculate Frechet derivatives -----------
 IFREQ =          13    ITERATION =           1
Frechet memory size Frec_my:      0.825 (Gb)
Rank    0 -> ID range:      1 to    800 | Tasks:    800
FREQ:      8.8 Hz, ITER=       1  Frechet Derivative ID=     100/    4800 Finished   0.357500 s
FREQ:      8.8 Hz, ITER=       1  Frechet Derivative ID=     200/    4800 Finished   0.346900 s
FREQ:      8.8 Hz, ITER=       1  Frechet Derivative ID=     300/    4800 Finished   0.344500 s
FREQ:      8.8 Hz, ITER=       1  Frechet Derivative ID=     400/    4800 Finished   0.324500 s
FREQ:      8.8 Hz, ITER=       1  Frechet Derivative ID=     500/    4800 Finished   0.350600 s
FREQ:      8.8 Hz, ITER=       1  Frechet Derivative ID=     600/    4800 Finished   0.350100 s
FREQ:      8.8 Hz, ITER=       1  Frechet Derivative ID=     700/    4800 Finished   0.348900 s
FREQ:      8.8 Hz, ITER=       1  Frechet Derivative ID=     800/    4800 Finished   0.367600 s
||Frechet||_F=  8.6127E-14max|Frechet|=  3.4616E-18
||Frechet||_F=  8.6127E-14max|Frechet|=  3.4616E-18
 
TIME for Frechet calc =  5.368651835123698 min
 
m_fine: min=  4.5090E+01  max=  9.7361E+01  mean=  7.7926E+01  ||.||2=  3.4712E+04  size=  185445
m_coarse_prev: min=  4.5136E+01  max=  9.7149E+01  mean=  7.7948E+01  ||.||2=  8.6583E+03  size=   11534
 
  compute the residual and the cost function
 WD_amp= 9.13099E+13  RESID_RMS= 3.94027E-04  FCOST_DATA= 7.76287E-08  FCOST0= 7.76287E-08
||Frechet||_F=  8.6127E-14max|Frechet|=  3.4616E-18
||Frechet||_F=  8.6127E-14max|Frechet|=  3.4616E-18
||Frechet||_F=  8.6127E-14max|Frechet|=  3.4616E-18
||Frechet||_F=  8.6127E-14max|Frechet|=  3.4616E-18
IA= 11  H(single F0) min= 0.00000E+00  max= 2.18083E-03
IA= 11  H(F0^2)     min= 0.00000E+00  max= 2.18083E-03
HESSD: ia=  11  min= 0.00000E+00  max= 9.17017E+04
IA= 11  H(single F0) min= 0.00000E+00  max= 2.18083E-03
IA= 11  H(F0^2)     min= 0.00000E+00  max= 2.18083E-03
HESSD: ia=  11  min= 0.00000E+00  max= 9.17017E+04
IA= 11  H(single F0) min= 0.00000E+00  max= 2.18083E-03
IA= 11  H(F0^2)     min= 0.00000E+00  max= 2.18083E-03
HESSD: ia=  11  min= 0.00000E+00  max= 9.17017E+04
IA= 11  H(single F0) min= 0.00000E+00  max= 2.18083E-03
IA= 11  H(F0^2)     min= 0.00000E+00  max= 2.18083E-03
HESSD: ia=  11  min= 0.00000E+00  max= 9.17017E+04
IA= 11  H(single F0) min= 0.00000E+00  max= 2.18083E-03
IA= 11  H(F0^2)     min= 0.00000E+00  max= 2.18083E-03
HESSD: ia=  11  min= 0.00000E+00  max= 9.17017E+04
IA= 11  H(single F0) min= 0.00000E+00  max= 2.18083E-03
IA= 11  H(F0^2)     min= 0.00000E+00  max= 2.18083E-03
HESSD: ia=  11  min= 0.00000E+00  max= 9.17017E+04
Grad block  11 GRAD_SCALED MORM =   3.6066E-06
Raw grad block 11  PAR={Q66}  min= -1.4566E-10  max=  1.0277E-10  L2=  8.0898E-10
Gradient finished
Start LBFGS 
LBFGS steepest step , iter=      1
  g·p = -2.7906E-08  ||p|| =  4.0730E-02
  min(p)= -4.8701E-03  max(p)=  2.9022E-03
LBFGS p_k (unscaled) stats per active parameter:
  IA= 11  PAR={Q66}  min=-2.21914E+01  max= 1.32240E+01  L2= 1.85590E+02
min(p_k)= -4.8701E-03  max(p_k)=  2.9022E-03  ||p_k||=  4.0730E-02
min(p_kf)= -4.8701E-03  max(p_kf)=  2.9022E-03  ||p_kf||=  1.6292E-01
p_k/p_kf  =   2.5000E-01
Start linesearch
BT entry: phi(0)=  7.7629E-08  g·p(0)= -2.7906E-08
 UPDATEPARAMETER: f-scale only
UPDATEPARAMETER PAR_STEP min/max, V_STEP min/max =  4.1230821534E+01  9.8104760788E+01
  4.1230821534E+01  9.8104760788E+01
REL STEP Q      : k= 11 row=  6 rmax_k=  2.4084E-01 row_scale=  9.7361E+01
BT cap probe: rmax1=  2.4084E-01  alpha_cap=  1.0000E+00  alpha00=  1.0000E+00
 UPDATEPARAMETER: f-scale only
UPDATEPARAMETER PAR_STEP min/max, V_STEP min/max =  4.1230821534E+01  9.8104760788E+01
  4.1230821534E+01  9.8104760788E+01
 running run_ik_loop_pardiso
before CA | VmRSS=  27.263 GB  VmHWM= 144.253 GB
after CA | VmRSS=  27.873 GB  VmHWM= 144.253 GB
after factor | VmRSS=  31.633 GB  VmHWM= 144.253 GB
f=     8.850 Hz | ky=  0.732624E-03 | IK=       1/      99 | t=   16.912800 s | CA=  2.4504 | fact= 12.6256 | GF=  1.8366 | solve=  1.6856 | scatter=  0.0505
f=     8.850 Hz | ky=  0.146525E-02 | IK=       2/      99 | t=    6.661400 s | CA=  2.5008 | fact=  2.4202 | GF=  1.7403 | solve=  1.6205 | scatter=  0.0487
f=     8.850 Hz | ky=  0.219787E-02 | IK=       3/      99 | t=    6.658900 s | CA=  2.4986 | fact=  2.4164 | GF=  1.7439 | solve=  1.6223 | scatter=  0.0504
f=     8.850 Hz | ky=  0.293050E-02 | IK=       4/      99 | t=    6.639500 s | CA=  2.4743 | fact=  2.4202 | GF=  1.7449 | solve=  1.6218 | scatter=  0.0515
f=     8.850 Hz | ky=  0.366312E-02 | IK=       5/      99 | t=    6.687000 s | CA=  2.5204 | fact=  2.4231 | GF=  1.7434 | solve=  1.6206 | scatter=  0.0516
f=     8.850 Hz | ky=  0.439575E-02 | IK=       6/      99 | t=    6.667200 s | CA=  2.4989 | fact=  2.4264 | GF=  1.7418 | solve=  1.6207 | scatter=  0.0499
f=     8.850 Hz | ky=  0.512837E-02 | IK=       7/      99 | t=    6.658000 s | CA=  2.4846 | fact=  2.4268 | GF=  1.7466 | solve=  1.6235 | scatter=  0.0514
f=     8.850 Hz | ky=  0.586099E-02 | IK=       8/      99 | t=    6.649400 s | CA=  2.4821 | fact=  2.4297 | GF=  1.7376 | solve=  1.6172 | scatter=  0.0492
f=     8.850 Hz | ky=  0.659362E-02 | IK=       9/      99 | t=    6.714000 s | CA=  2.5431 | fact=  2.4301 | GF=  1.7408 | solve=  1.6183 | scatter=  0.0513
f=     8.850 Hz | ky=  0.732624E-02 | IK=      10/      99 | t=    6.631100 s | CA=  2.4752 | fact=  2.4153 | GF=  1.7405 | solve=  1.6205 | scatter=  0.0484
f=     8.850 Hz | ky=  0.805887E-02 | IK=      11/      99 | t=    6.622500 s | CA=  2.4623 | fact=  2.4174 | GF=  1.7428 | solve=  1.6212 | scatter=  0.0504
f=     8.850 Hz | ky=  0.879149E-02 | IK=      12/      99 | t=    6.602200 s | CA=  2.4713 | fact=  2.3869 | GF=  1.7440 | solve=  1.6216 | scatter=  0.0510
f=     8.850 Hz | ky=  0.952412E-02 | IK=      13/      99 | t=    6.634400 s | CA=  2.4613 | fact=  2.4267 | GF=  1.7463 | solve=  1.6235 | scatter=  0.0512
f=     8.850 Hz | ky=  0.102567E-01 | IK=      14/      99 | t=    6.638900 s | CA=  2.4662 | fact=  2.4269 | GF=  1.7458 | solve=  1.6252 | scatter=  0.0493
f=     8.850 Hz | ky=  0.109894E-01 | IK=      15/      99 | t=    6.680200 s | CA=  2.5018 | fact=  2.4271 | GF=  1.7513 | solve=  1.6286 | scatter=  0.0514
f=     8.850 Hz | ky=  0.117220E-01 | IK=      16/      99 | t=    6.643200 s | CA=  2.4737 | fact=  2.4258 | GF=  1.7437 | solve=  1.6237 | scatter=  0.0488
f=     8.850 Hz | ky=  0.124546E-01 | IK=      17/      99 | t=    6.593100 s | CA=  2.4616 | fact=  2.3880 | GF=  1.7434 | solve=  1.6222 | scatter=  0.0498
PARDISO mem (f=  8.85 Hz): sym=  1.95 GB  perm=  1.42 GB  num=  3.22 GB  
peak=  4.64 GB
 WD_amp= 9.13099E+13  RESID_RMS= 3.55595E-04  FCOST_DATA= 6.32238E-08  FCOST0= 6.32238E-08
BT: alpha=  1.0000E+00  phi=  6.3224E-08  rhs=  7.7626E-08
  
  
  
Convergence reached, updating parameter grid
ALPHA from line search =  1.000000000000000
 FCOST0 after linesearch  6.322376707464516E-008
Norm of s (s_norm) =  .4072979821363245E-01
  
  
  
Time for LBFGS =  3.108193206787109 min
  
 Frequency:          13 Iteration:           2
t_global   =    526.787 s
  
 -------------- calculate Frechet derivatives -----------
 IFREQ =          13    ITERATION =           2
||Frechet||_F=  8.6548E-14max|Frechet|=  3.4159E-18
 
TIME for Frechet calc =  5.420361836751302 min
 
 
  compute the residual and the cost function
 WD_amp= 9.13099E+13  RESID_RMS= 3.55595E-04  FCOST_DATA= 6.32238E-08  FCOST0= 6.32238E-08
||Frechet||_F=  8.6548E-14max|Frechet|=  3.4159E-18
||Frechet||_F=  8.6548E-14max|Frechet|=  3.4159E-18
||Frechet||_F=  8.6548E-14max|Frechet|=  3.4159E-18
||Frechet||_F=  8.6548E-14max|Frechet|=  3.4159E-18
||Frechet||_F=  8.6548E-14max|Frechet|=  3.4159E-18
Grad block  11 GRAD_SCALED MORM =   3.4124E-06
Raw grad block 11  PAR={Q66}  min= -1.4935E-10  max=  1.0877E-10  L2=  7.6456E-10
Gradient finished
Start LBFGS 
curvature (warm): s·y=  6.5849E-09  ||s||^2=  1.6589E-03  ||y||^2=  3.4006E-13  sTy_min=  2.3751E-09
LBFGS history: used= 0  skipped= 1  worst_col= 5  bad_s·y=  6.5849E-09  bad_cos_sy=  2.7724E-01
LBFGS step: g·p = -2.2331E-08  ||p||=  3.6326E-02
LBFGS step: min(p)= -5.1870E-03  max(p)=  1.4200E-03
LBFGS p_k (unscaled) stats per active parameter:
  IA= 11  PAR={Q66}  min=-2.36351E+01  max= 6.47020E+00  L2= 1.65522E+02
min(p_k)= -5.1870E-03  max(p_k)=  1.4200E-03  ||p_k||=  3.6326E-02
min(p_kf)= -5.1870E-03  max(p_kf)=  1.4200E-03  ||p_kf||=  1.4530E-01
p_k/p_kf  =   2.5000E-01
Start linesearch
MT entry: phi(0)=  6.3224E-08  dg0= -2.2331E-08  alpha0=  1.0000E+00
 UPDATEPARAMETER: f-scale only
UPDATEPARAMETER PAR_STEP min/max, V_STEP min/max =  3.7406403210E+01  9.8729021493E+01
  3.7406403210E+01  9.8729021493E+01
 WD_amp= 9.13099E+13  RESID_RMS= 4.37788E-04  FCOST_DATA= 9.58290E-08  FCOST0= 9.58290E-08
  
 -------------- calculate Frechet derivatives -----------
 IFREQ =          13    ITERATION =           2
||Frechet||_F=  8.7688E-14max|Frechet|=  3.3664E-18
||Frechet||_F=  8.7688E-14max|Frechet|=  3.3664E-18
||Frechet||_F=  8.7688E-14max|Frechet|=  3.3664E-18
||Frechet||_F=  8.7688E-14max|Frechet|=  3.3664E-18
||Frechet||_F=  8.7688E-14max|Frechet|=  3.3664E-18
||Frechet||_F=  8.7688E-14max|Frechet|=  3.3664E-18
Grad block  11 GRAD_SCALED MORM =   4.0480E-06
MT try: alpha=  1.0000E+00  phi=  9.5829E-08  dg=  4.2963E-09  dg0= -2.2331E-08
MT try: armijo_rhs=  6.3222E-08  armijo=F  curvature=T  task=FG
 UPDATEPARAMETER: f-scale only
UPDATEPARAMETER PAR_STEP min/max, V_STEP min/max =  4.0965457143E+01  9.8159548688E+01
  4.0965457143E+01  9.8159548688E+01
 WD_amp= 9.13099E+13  RESID_RMS= 3.54409E-04  FCOST_DATA= 6.28028E-08  FCOST0= 6.28028E-08
  
 -------------- calculate Frechet derivatives -----------
 IFREQ =          13    ITERATION =           2
||Frechet||_F=  8.6626E-14max|Frechet|=  3.4115E-18
||Frechet||_F=  8.6626E-14max|Frechet|=  3.4115E-18
||Frechet||_F=  8.6626E-14max|Frechet|=  3.4115E-18
||Frechet||_F=  8.6626E-14max|Frechet|=  3.4115E-18
||Frechet||_F=  8.6626E-14max|Frechet|=  3.4115E-18
||Frechet||_F=  8.6626E-14max|Frechet|=  3.4115E-18
Grad block  11 GRAD_SCALED MORM =   3.3943E-06
MT try: alpha=  8.7764E-02  phi=  6.2803E-08  dg= -2.0853E-08  dg0= -2.2331E-08
MT try: armijo_rhs=  6.3224E-08  armijo=T  curvature=F  task=FG
 UPDATEPARAMETER: f-scale only
UPDATEPARAMETER PAR_STEP min/max, V_STEP min/max =  3.9347002987E+01  9.8444285091E+01
  3.9347002987E+01  9.8444285091E+01
 WD_amp= 9.13099E+13  RESID_RMS= 3.73031E-04  FCOST_DATA= 6.95760E-08  FCOST0= 6.95760E-08
  
 -------------- calculate Frechet derivatives -----------
 IFREQ =          13    ITERATION =           2
||Frechet||_F=  8.7094E-14max|Frechet|=  3.3888E-18
||Frechet||_F=  8.7094E-14max|Frechet|=  3.3888E-18
||Frechet||_F=  8.7094E-14max|Frechet|=  3.3888E-18
||Frechet||_F=  8.7094E-14max|Frechet|=  3.3888E-18
||Frechet||_F=  8.7094E-14max|Frechet|=  3.3888E-18
||Frechet||_F=  8.7094E-14max|Frechet|=  3.3888E-18
Grad block  11 GRAD_SCALED MORM =   3.4953E-06
MT try: alpha=  5.4388E-01  phi=  6.9576E-08  dg= -1.0971E-08  dg0= -2.2331E-08
MT try: armijo_rhs=  6.3223E-08  armijo=F  curvature=T  task=FG
 UPDATEPARAMETER: f-scale only
UPDATEPARAMETER PAR_STEP min/max, V_STEP min/max =  4.0798339896E+01  9.8194052199E+01
  4.0798339896E+01  9.8194052199E+01
 WD_amp= 9.13099E+13  RESID_RMS= 3.54390E-04  FCOST_DATA= 6.27962E-08  FCOST0= 6.27962E-08
  
 -------------- calculate Frechet derivatives -----------
 IFREQ =          13    ITERATION =           2
||Frechet||_F=  8.6677E-14max|Frechet|=  3.4087E-18
||Frechet||_F=  8.6677E-14max|Frechet|=  3.4087E-18
||Frechet||_F=  8.6677E-14max|Frechet|=  3.4087E-18
||Frechet||_F=  8.6677E-14max|Frechet|=  3.4087E-18
||Frechet||_F=  8.6677E-14max|Frechet|=  3.4087E-18
||Frechet||_F=  8.6677E-14max|Frechet|=  3.4087E-18
Grad block  11 GRAD_SCALED MORM =   3.3883E-06
MT try: alpha=  1.4304E-01  phi=  6.2796E-08  dg= -1.9861E-08  dg0= -2.2331E-08
MT try: armijo_rhs=  6.3223E-08  armijo=T  curvature=T  task=FG
  
  
  
Convergence reached, updating parameter grid
ALPHA from line search =  .1430354508825340
 FCOST0 after linesearch  6.279622682048723E-008
Norm of s (s_norm) =  .5195858562149171E-02
  
  
  
Time for LBFGS =  55.80796712239583 min
  
 Frequency:          13 Iteration:           3
t_global   =    525.817 s
  
 -------------- calculate Frechet derivatives -----------
 IFREQ =          13    ITERATION =           3
||Frechet||_F=  8.6677E-14max|Frechet|=  3.4087E-18
||Frechet||_F=  8.6677E-14max|Frechet|=  3.4087E-18
 
TIME for Frechet calc =  5.298101806640625 min
 
 
  compute the residual and the cost function
 WD_amp= 9.13099E+13  RESID_RMS= 3.54390E-04  FCOST_DATA= 6.27962E-08  FCOST0= 6.27962E-08
||Frechet||_F=  8.6677E-14max|Frechet|=  3.4087E-18
||Frechet||_F=  8.6677E-14max|Frechet|=  3.4087E-18
||Frechet||_F=  8.6677E-14max|Frechet|=  3.4087E-18
||Frechet||_F=  8.6677E-14max|Frechet|=  3.4087E-18
Grad block  11 GRAD_SCALED MORM =   3.3883E-06
Gradient finished
Start LBFGS 
curvature (warm): s·y=  3.5336E-10  ||s||^2=  2.6997E-05  ||y||^2=  1.3710E-14  sTy_min=  6.0839E-11
LBFGS history: used= 0  skipped= 2  worst_col= 4  bad_s·y=  3.5336E-10  bad_cos_sy=  5.8082E-01
LBFGS step: g·p = -1.8031E-08  ||p||=  3.2054E-02
LBFGS step: min(p)= -4.2817E-03  max(p)=  1.2924E-03
LBFGS p_k (unscaled) stats per active parameter:
  IA= 11  PAR={Q66}  min=-1.95103E+01  max= 5.88909E+00  L2= 1.46056E+02
min(p_k)= -4.2817E-03  max(p_k)=  1.2924E-03  ||p_k||=  3.2054E-02
min(p_kf)= -4.2817E-03  max(p_kf)=  1.2924E-03  ||p_kf||=  1.2821E-01
p_k/p_kf  =   2.5000E-01
Start linesearch
MT entry: phi(0)=  6.2796E-08  dg0= -1.8031E-08  alpha0=  1.0000E+00
 UPDATEPARAMETER: f-scale only
UPDATEPARAMETER PAR_STEP min/max, V_STEP min/max =  3.6387487239E+01  9.8809026229E+01
  3.6387487239E+01  9.8809026229E+01
 WD_amp= 9.13099E+13  RESID_RMS= 4.46803E-04  FCOST_DATA= 9.98167E-08  FCOST0= 9.98167E-08
  
 -------------- calculate Frechet derivatives -----------
 IFREQ =          13    ITERATION =           3
||Frechet||_F=  8.7706E-14max|Frechet|=  3.3589E-18
||Frechet||_F=  8.7706E-14max|Frechet|=  3.3589E-18
||Frechet||_F=  8.7706E-14max|Frechet|=  3.3589E-18
||Frechet||_F=  8.7706E-14max|Frechet|=  3.3589E-18
||Frechet||_F=  8.7706E-14max|Frechet|=  3.3589E-18
||Frechet||_F=  8.7706E-14max|Frechet|=  3.3589E-18
Grad block  11 GRAD_SCALED MORM =   4.1085E-06
MT try: alpha=  1.0000E+00  phi=  9.9817E-08  dg=  4.2674E-10  dg0= -1.8031E-08
MT try: armijo_rhs=  6.2794E-08  armijo=F  curvature=T  task=FG
 UPDATEPARAMETER: f-scale only
UPDATEPARAMETER PAR_STEP min/max, V_STEP min/max =  4.0654561710E+01  9.8234317287E+01
  4.0654561710E+01  9.8234317287E+01
 WD_amp= 9.13099E+13  RESID_RMS= 3.55052E-04  FCOST_DATA= 6.30309E-08  FCOST0= 6.30309E-08
  
 -------------- calculate Frechet derivatives -----------
 IFREQ =          13    ITERATION =           3
||Frechet||_F=  8.6730E-14max|Frechet|=  3.4054E-18
||Frechet||_F=  8.6730E-14max|Frechet|=  3.4054E-18
||Frechet||_F=  8.6730E-14max|Frechet|=  3.4054E-18
||Frechet||_F=  8.6730E-14max|Frechet|=  3.4054E-18
||Frechet||_F=  8.6730E-14max|Frechet|=  3.4054E-18
||Frechet||_F=  8.6730E-14max|Frechet|=  3.4054E-18
Grad block  11 GRAD_SCALED MORM =   3.3857E-06
MT try: alpha=  6.5474E-02  phi=  6.3031E-08  dg= -1.7220E-08  dg0= -1.8031E-08
MT try: armijo_rhs=  6.2796E-08  armijo=F  curvature=F  task=FG
 UPDATEPARAMETER: f-scale only
UPDATEPARAMETER PAR_STEP min/max, V_STEP min/max =  4.0774004986E+01  9.8200867192E+01
  4.0774004986E+01  9.8200867192E+01
 WD_amp= 9.13099E+13  RESID_RMS= 3.54454E-04  FCOST_DATA= 6.28187E-08  FCOST0= 6.28187E-08
  
 -------------- calculate Frechet derivatives -----------
 IFREQ =          13    ITERATION =           3
||Frechet||_F=  8.6686E-14max|Frechet|=  3.4082E-18
||Frechet||_F=  8.6686E-14max|Frechet|=  3.4082E-18
||Frechet||_F=  8.6686E-14max|Frechet|=  3.4082E-18
||Frechet||_F=  8.6686E-14max|Frechet|=  3.4082E-18
||Frechet||_F=  8.6686E-14max|Frechet|=  3.4082E-18
||Frechet||_F=  8.6686E-14max|Frechet|=  3.4082E-18
Grad block  11 GRAD_SCALED MORM =   3.3875E-06
MT try: alpha=  1.1082E-02  phi=  6.2819E-08  dg= -1.7897E-08  dg0= -1.8031E-08
MT try: armijo_rhs=  6.2796E-08  armijo=F  curvature=F  task=FG
 UPDATEPARAMETER: f-scale only
UPDATEPARAMETER PAR_STEP min/max, V_STEP min/max =  4.0793863464E+01  9.8195305824E+01
  4.0793863464E+01  9.8195305824E+01
 WD_amp= 9.13099E+13  RESID_RMS= 3.54400E-04  FCOST_DATA= 6.27998E-08  FCOST0= 6.27998E-08
LS STOP (stagnation): alpha=  2.0385E-03  FCOST1=  6.2800E-08  FCOST0=  6.2796E-08
 LINESEARCH_MT(dcsrch): fallback to backtrack, task=FG stp=
  2.038500725498342E-003  hit_minstep= F
BT entry: phi(0)=  6.2796E-08  g·p(0)= -1.8031E-08
 UPDATEPARAMETER: f-scale only
UPDATEPARAMETER PAR_STEP min/max, V_STEP min/max =  3.6387487239E+01  9.8809026229E+01
  3.6387487239E+01  9.8809026229E+01
REL STEP Q      : k= 11 row=  6 rmax_k=  2.9016E-01 row_scale=  9.8194E+01
BT cap probe: rmax1=  2.9016E-01  alpha_cap=  1.0000E+00  alpha00=  1.0000E+00
 UPDATEPARAMETER: f-scale only
UPDATEPARAMETER PAR_STEP min/max, V_STEP min/max =  3.6387487239E+01  9.8809026229E+01
  3.6387487239E+01  9.8809026229E+01
 WD_amp= 9.13099E+13  RESID_RMS= 4.46803E-04  FCOST_DATA= 9.98167E-08  FCOST0= 9.98167E-08
BT: alpha=  1.0000E+00  phi=  9.9817E-08  rhs=  6.2794E-08
 UPDATEPARAMETER: f-scale only
UPDATEPARAMETER PAR_STEP min/max, V_STEP min/max =  3.9319913699E+01  9.8501539214E+01
  3.9319913699E+01  9.8501539214E+01
 WD_amp= 9.13099E+13  RESID_RMS= 3.78139E-04  FCOST_DATA= 7.14945E-08  FCOST0= 7.14945E-08
BT: alpha=  5.0000E-01  phi=  7.1495E-08  rhs=  6.2795E-08
 UPDATEPARAMETER: f-scale only
UPDATEPARAMETER PAR_STEP min/max, V_STEP min/max =  4.0134716341E+01  9.8347795706E+01
  4.0134716341E+01  9.8347795706E+01
 WD_amp= 9.13099E+13  RESID_RMS= 3.60779E-04  FCOST_DATA= 6.50808E-08  FCOST0= 6.50808E-08
BT: alpha=  2.5000E-01  phi=  6.5081E-08  rhs=  6.2796E-08
 UPDATEPARAMETER: f-scale only
UPDATEPARAMETER PAR_STEP min/max, V_STEP min/max =  4.0523846984E+01  9.8270923953E+01
  4.0523846984E+01  9.8270923953E+01
 WD_amp= 9.13099E+13  RESID_RMS= 3.56265E-04  FCOST_DATA= 6.34624E-08  FCOST0= 6.34624E-08
BT: alpha=  1.2500E-01  phi=  6.3462E-08  rhs=  6.2796E-08
 UPDATEPARAMETER: f-scale only
UPDATEPARAMETER PAR_STEP min/max, V_STEP min/max =  4.0661093440E+01  9.8232488076E+01
  4.0661093440E+01  9.8232488076E+01
 WD_amp= 9.13099E+13  RESID_RMS= 3.55007E-04  FCOST_DATA= 6.30149E-08  FCOST0= 6.30149E-08
BT: alpha=  6.2500E-02  phi=  6.3015E-08  rhs=  6.2796E-08
 UPDATEPARAMETER: f-scale only
UPDATEPARAMETER PAR_STEP min/max, V_STEP min/max =  4.0729716668E+01  9.8213270137E+01
  4.0729716668E+01  9.8213270137E+01
 WD_amp= 9.13099E+13  RESID_RMS= 3.54620E-04  FCOST_DATA= 6.28776E-08  FCOST0= 6.28776E-08
BT: alpha=  3.1250E-02  phi=  6.2878E-08  rhs=  6.2796E-08
 UPDATEPARAMETER: f-scale only
UPDATEPARAMETER PAR_STEP min/max, V_STEP min/max =  4.0764028282E+01  9.8203661168E+01
  4.0764028282E+01  9.8203661168E+01
 WD_amp= 9.13099E+13  RESID_RMS= 3.54485E-04  FCOST_DATA= 6.28299E-08  FCOST0= 6.28299E-08
BT: alpha=  1.5625E-02  phi=  6.2830E-08  rhs=  6.2796E-08
 UPDATEPARAMETER: f-scale only
UPDATEPARAMETER PAR_STEP min/max, V_STEP min/max =  4.0781184089E+01  9.8198856684E+01
  4.0781184089E+01  9.8198856684E+01
 WD_amp= 9.13099E+13  RESID_RMS= 3.54433E-04  FCOST_DATA= 6.28113E-08  FCOST0= 6.28113E-08
BT: alpha=  7.8125E-03  phi=  6.2811E-08  rhs=  6.2796E-08
 UPDATEPARAMETER: f-scale only
UPDATEPARAMETER PAR_STEP min/max, V_STEP min/max =  4.0789761992E+01  9.8196454441E+01
  4.0789761992E+01  9.8196454441E+01
 WD_amp= 9.13099E+13  RESID_RMS= 3.54410E-04  FCOST_DATA= 6.28033E-08  FCOST0= 6.28033E-08
BT: alpha=  3.9062E-03  phi=  6.2803E-08  rhs=  6.2796E-08
 UPDATEPARAMETER: f-scale only
UPDATEPARAMETER PAR_STEP min/max, V_STEP min/max =  4.0794050944E+01  9.8195253320E+01
  4.0794050944E+01  9.8195253320E+01
 WD_amp= 9.13099E+13  RESID_RMS= 3.54400E-04  FCOST_DATA= 6.27996E-08  FCOST0= 6.27996E-08
BT: alpha=  1.9531E-03  phi=  6.2800E-08  rhs=  6.2796E-08
 UPDATEPARAMETER: f-scale only
UPDATEPARAMETER PAR_STEP min/max, V_STEP min/max =  4.0796195420E+01  9.8194652760E+01
  4.0796195420E+01  9.8194652760E+01
 WD_amp= 9.13099E+13  RESID_RMS= 3.54395E-04  FCOST_DATA= 6.27979E-08  FCOST0= 6.27979E-08
BT: alpha=  9.7656E-04  phi=  6.2798E-08  rhs=  6.2796E-08
 UPDATEPARAMETER: f-scale only
UPDATEPARAMETER PAR_STEP min/max, V_STEP min/max =  4.0797267658E+01  9.8194352479E+01
  4.0797267658E+01  9.8194352479E+01
 WD_amp= 9.13099E+13  RESID_RMS= 3.54393E-04  FCOST_DATA= 6.27971E-08  FCOST0= 6.27971E-08
BT: alpha=  4.8828E-04  phi=  6.2797E-08  rhs=  6.2796E-08
 UPDATEPARAMETER: f-scale only
UPDATEPARAMETER PAR_STEP min/max, V_STEP min/max =  4.0797803777E+01  9.8194202339E+01
  4.0797803777E+01  9.8194202339E+01
 WD_amp= 9.13099E+13  RESID_RMS= 3.54391E-04  FCOST_DATA= 6.27966E-08  FCOST0= 6.27966E-08
BT: alpha=  2.4414E-04  phi=  6.2797E-08  rhs=  6.2796E-08
BT STOP (stagnation): alpha=  2.4414E-04  FCOST1=  6.2797E-08  FCOST0=  6.2796E-08
 UPDATEPARAMETER: f-scale only
UPDATEPARAMETER PAR_STEP min/max, V_STEP min/max =  4.0798317936E+01  9.8194058349E+01
  4.0798317936E+01  9.8194058349E+01
 WD_amp= 9.13099E+13  RESID_RMS= 3.54390E-04  FCOST_DATA= 6.27962E-08  FCOST0= 6.27962E-08
Convergence reached, updating parameter grid
ALPHA from line search =  .1000000000000000E-04
 FCOST0 after linesearch  6.279622569312126E-008
Norm of s (s_norm) =  .3205362667496158E-06
  
  
  
  
  
  
Convergence check at iteration    3
  Relative cost decrease  =  1.7953E-08
  Relative model update   =  0.0000E+00
  Relative grad. norm     =  1.0035E+00
 *** Convergence conditions satisfied:
     - Cost change below tolerance.
  
 --------- Frequency   9.00000000000000       (band            1 )
[ComputeAcqWeight] empty acq_weight_file, using uniform weights = 1.0
Data weighting computed for frequency 4607182418800017373
XSRmin, XSRmax, ZSRmin, ZSRMax -1960.000000000000 .000000000000000 2050.000000000000 4030.000000000000
1 FKYC
1.2 FKYC
my_rank, FKYC,WLMAX, RMAX 0 .7375913186689079E-01 569.1976438714189 2786.036611389018
1.1 NK
NK in cky2= 99

  Number of wavenumber samples (NK) for FREQ =   99
Data weighting computed for frequency 4607182418800017373
Data weighting computed for frequency 4607182418800017373
Data weighting computed for frequency 4607182418800017373
Data weighting computed for frequency 4607182418800017373
Data weighting computed for frequency 4607182418800017373
  RMAX = 2786.04
--- Pre-solver preview (memory + RHS workload) ---
   GQG dims: NNX=       585  NNZ=       317  NPT=    185445
   DOF:     N=3*NPT =    556335
   Sources: NSR=       100  NSS=        20  NK=        99
   RHS total (per IK): nrhs_tot=3*NSS =        60
   Batch:    MAX_RHS_BATCH=        32  nbatches=         2
   GFMY  (GFX+GFY+GFZ):         24.621 GB
   RHS_MY(rhs+sol buffers):      0.531 GB
 
 running run_ik_loop_pardiso
before CA | VmRSS=  26.406 GB  VmHWM= 160.692 GB
after CA | VmRSS=  27.836 GB  VmHWM= 160.692 GB
after factor | VmRSS=  31.600 GB  VmHWM= 160.692 GB
f=     9.000 Hz | ky=  0.745042E-03 | IK=       1/      99 | t=   16.925100 s | CA=  2.4708 | fact= 12.6154 | GF=  1.8387 | solve=  1.6887 | scatter=  0.0486
f=     9.000 Hz | ky=  0.149008E-02 | IK=       2/      99 | t=    6.649600 s | CA=  2.4965 | fact=  2.4152 | GF=  1.7378 | solve=  1.6159 | scatter=  0.0508
f=     9.000 Hz | ky=  0.223513E-02 | IK=       3/      99 | t=    6.663100 s | CA=  2.5091 | fact=  2.4159 | GF=  1.7380 | solve=  1.6176 | scatter=  0.0493
f=     9.000 Hz | ky=  0.298017E-02 | IK=       4/      99 | t=    6.633900 s | CA=  2.4752 | fact=  2.4160 | GF=  1.7427 | solve=  1.6210 | scatter=  0.0503
f=     9.000 Hz | ky=  0.372521E-02 | IK=       5/      99 | t=    6.643100 s | CA=  2.4882 | fact=  2.4159 | GF=  1.7389 | solve=  1.6180 | scatter=  0.0497
f=     9.000 Hz | ky=  0.447025E-02 | IK=       6/      99 | t=    6.668600 s | CA=  2.5041 | fact=  2.4249 | GF=  1.7395 | solve=  1.6196 | scatter=  0.0483
f=     9.000 Hz | ky=  0.521529E-02 | IK=       7/      99 | t=    6.663700 s | CA=  2.5038 | fact=  2.4220 | GF=  1.7379 | solve=  1.6172 | scatter=  0.0496
f=     9.000 Hz | ky=  0.596033E-02 | IK=       8/      99 | t=    6.628300 s | CA=  2.4894 | fact=  2.3967 | GF=  1.7422 | solve=  1.6205 | scatter=  0.0504
f=     9.000 Hz | ky=  0.670538E-02 | IK=       9/      99 | t=    6.614100 s | CA=  2.4839 | fact=  2.4217 | GF=  1.7084 | solve=  1.5878 | scatter=  0.0494
f=     9.000 Hz | ky=  0.745042E-02 | IK=      10/      99 | t=    6.611100 s | CA=  2.4893 | fact=  2.4140 | GF=  1.7078 | solve=  1.5858 | scatter=  0.0509
f=     9.000 Hz | ky=  0.819546E-02 | IK=      11/      99 | t=    6.589500 s | CA=  2.4989 | fact=  2.4242 | GF=  1.6663 | solve=  1.5440 | scatter=  0.0510
f=     9.000 Hz | ky=  0.894050E-02 | IK=      12/      99 | t=    6.572700 s | CA=  2.4764 | fact=  2.4245 | GF=  1.6718 | solve=  1.5508 | scatter=  0.0498
f=     9.000 Hz | ky=  0.968554E-02 | IK=      13/      99 | t=    6.688700 s | CA=  2.5922 | fact=  2.4265 | GF=  1.6699 | solve=  1.5491 | scatter=  0.0496
f=     9.000 Hz | ky=  0.104306E-01 | IK=      14/      99 | t=    6.609100 s | CA=  2.5100 | fact=  2.4254 | GF=  1.6737 | solve=  1.5511 | scatter=  0.0513
f=     9.000 Hz | ky=  0.111756E-01 | IK=      15/      99 | t=    6.610500 s | CA=  2.5078 | fact=  2.4311 | GF=  1.6715 | solve=  1.5499 | scatter=  0.0502
f=     9.000 Hz | ky=  0.119207E-01 | IK=      16/      99 | t=    6.570200 s | CA=  2.4959 | fact=  2.4003 | GF=  1.6740 | solve=  1.5528 | scatter=  0.0498
f=     9.000 Hz | ky=  0.126657E-01 | IK=      17/      99 | t=    6.642100 s | CA=  2.5368 | fact=  2.4304 | GF=  1.6749 | solve=  1.5543 | scatter=  0.0494
PARDISO mem (f=  9.00 Hz): sym=  1.95 GB  perm=  1.42 GB  num=  3.22 GB  
peak=  4.64 GB
t_global   =    184.807 s
TIME for 1st forward modeling =  3.079963429768880  min
TIME for GT0 =  .1049000024795532E-01  min
Data scaler W for L2 norm: 93096939718954.67
Data scaler W for WQS norm: .1007948000807317E-312
Total number of active inversion parameters for current sequential stage (IM):          1
Total model blocks points (NM = IM * NBLOCK):      11534 on grid (NMM = IM * NPT):    185445
 Gradient balance ():   1.00000000000000        1.00000000000000     
   1.00000000000000        1.00000000000000        1.00000000000000     
   1.00000000000000        1.00000000000000        1.00000000000000     
   1.00000000000000        1.00000000000000        1.00000000000000     
 IE0, IZ          30           0
 IE0, IZ, GZ1, GZ2 =           30           0   100.000000000000     
   300.000000000000     
  
 Frequency:          14 Iteration:           1
--- Pre-solver preview (memory + RHS workload) ---
   GQG dims: NNX=       585  NNZ=       317  NPT=    185445
   DOF:     N=3*NPT =    556335
   Sources: NSR=       100  NSS=       100  NK=        99
   RHS total (per IK): nrhs_tot=3*NSS =       300
   Batch:    MAX_RHS_BATCH=        32  nbatches=        10
   GFMY  (GFX+GFY+GFZ):        123.107 GB
   RHS_MY(rhs+sol buffers):      0.531 GB
 
 running run_ik_loop_pardiso
before CA | VmRSS= 125.733 GB  VmHWM= 160.692 GB
after CA | VmRSS= 126.852 GB  VmHWM= 160.692 GB
after factor | VmRSS= 130.624 GB  VmHWM= 160.692 GB
f=     9.000 Hz | ky=  0.745042E-03 | IK=       1/      99 | t=   23.709700 s | CA=  2.4754 | fact= 12.6130 | GF=  8.6211 | solve=  7.9820 | scatter=  0.2460
f=     9.000 Hz | ky=  0.149008E-02 | IK=       2/      99 | t=   13.400100 s | CA=  2.4777 | fact=  2.4100 | GF=  8.5123 | solve=  7.9031 | scatter=  0.2469
f=     9.000 Hz | ky=  0.223513E-02 | IK=       3/      99 | t=   13.407100 s | CA=  2.4644 | fact=  2.3945 | GF=  8.5482 | solve=  7.9388 | scatter=  0.2466
f=     9.000 Hz | ky=  0.298017E-02 | IK=       4/      99 | t=   13.377200 s | CA=  2.4344 | fact=  2.4200 | GF=  8.5227 | solve=  7.9123 | scatter=  0.2479
f=     9.000 Hz | ky=  0.372521E-02 | IK=       5/      99 | t=   13.417700 s | CA=  2.4632 | fact=  2.4117 | GF=  8.5428 | solve=  7.9342 | scatter=  0.2463
f=     9.000 Hz | ky=  0.447025E-02 | IK=       6/      99 | t=   13.420500 s | CA=  2.4479 | fact=  2.4232 | GF=  8.5494 | solve=  7.9307 | scatter=  0.2564
f=     9.000 Hz | ky=  0.521529E-02 | IK=       7/      99 | t=   13.462400 s | CA=  2.4938 | fact=  2.4328 | GF=  8.5358 | solve=  7.9208 | scatter=  0.2525
f=     9.000 Hz | ky=  0.596033E-02 | IK=       8/      99 | t=   13.445000 s | CA=  2.4727 | fact=  2.4224 | GF=  8.5499 | solve=  7.9382 | scatter=  0.2488
f=     9.000 Hz | ky=  0.670538E-02 | IK=       9/      99 | t=   13.432800 s | CA=  2.4579 | fact=  2.4167 | GF=  8.5581 | solve=  7.9467 | scatter=  0.2479
f=     9.000 Hz | ky=  0.745042E-02 | IK=      10/      99 | t=   13.441300 s | CA=  2.4882 | fact=  2.4062 | GF=  8.5468 | solve=  7.9336 | scatter=  0.2504
f=     9.000 Hz | ky=  0.819546E-02 | IK=      11/      99 | t=   13.518900 s | CA=  2.5114 | fact=  2.4273 | GF=  8.5801 | solve=  7.9683 | scatter=  0.2484
f=     9.000 Hz | ky=  0.894050E-02 | IK=      12/      99 | t=   13.484700 s | CA=  2.4813 | fact=  2.4297 | GF=  8.5736 | solve=  7.9631 | scatter=  0.2470
f=     9.000 Hz | ky=  0.968554E-02 | IK=      13/      99 | t=   13.452200 s | CA=  2.4720 | fact=  2.4318 | GF=  8.5484 | solve=  7.9384 | scatter=  0.2465
f=     9.000 Hz | ky=  0.104306E-01 | IK=      14/      99 | t=   13.410700 s | CA=  2.4799 | fact=  2.3804 | GF=  8.5503 | solve=  7.9380 | scatter=  0.2491
f=     9.000 Hz | ky=  0.111756E-01 | IK=      15/      99 | t=   13.507500 s | CA=  2.5199 | fact=  2.4287 | GF=  8.5589 | solve=  7.9463 | scatter=  0.2492
f=     9.000 Hz | ky=  0.119207E-01 | IK=      16/      99 | t=   13.489200 s | CA=  2.5346 | fact=  2.3996 | GF=  8.5550 | solve=  7.9439 | scatter=  0.2481
f=     9.000 Hz | ky=  0.126657E-01 | IK=      17/      99 | t=   13.543200 s | CA=  2.5510 | fact=  2.4239 | GF=  8.5683 | solve=  7.9581 | scatter=  0.2468
PARDISO mem (f=  9.00 Hz): sym=  1.95 GB  perm=  1.42 GB  num=  3.22 GB  
peak=  4.64 GB
t_global   =    525.603 s
TIME for 2d forward modeling_i calc =  8.759406534830729 min
Rank    5 -> ID range:   4001 to   4800 | Tasks:    800
Rank    4 -> ID range:   3201 to   4000 | Tasks:    800
Rank    2 -> ID range:   1601 to   2400 | Tasks:    800
Rank    1 -> ID range:    801 to   1600 | Tasks:    800
Rank    3 -> ID range:   2401 to   3200 | Tasks:    800
  
 -------------- calculate Frechet derivatives -----------
 IFREQ =          14    ITERATION =           1
Frechet memory size Frec_my:      0.825 (Gb)
Rank    0 -> ID range:      1 to    800 | Tasks:    800
FREQ:      9.0 Hz, ITER=       1  Frechet Derivative ID=     100/    4800 Finished   0.355700 s
FREQ:      9.0 Hz, ITER=       1  Frechet Derivative ID=     200/    4800 Finished   0.349400 s
FREQ:      9.0 Hz, ITER=       1  Frechet Derivative ID=     300/    4800 Finished   0.353700 s
FREQ:      9.0 Hz, ITER=       1  Frechet Derivative ID=     400/    4800 Finished   0.326500 s
FREQ:      9.0 Hz, ITER=       1  Frechet Derivative ID=     500/    4800 Finished   0.357600 s
FREQ:      9.0 Hz, ITER=       1  Frechet Derivative ID=     600/    4800 Finished   0.360800 s
FREQ:      9.0 Hz, ITER=       1  Frechet Derivative ID=     700/    4800 Finished   0.353300 s
FREQ:      9.0 Hz, ITER=       1  Frechet Derivative ID=     800/    4800 Finished   0.348700 s
||Frechet||_F=  8.7475E-14max|Frechet|=  3.2182E-18
||Frechet||_F=  8.7475E-14max|Frechet|=  3.2182E-18
||Frechet||_F=  8.7475E-14max|Frechet|=  3.2182E-18
||Frechet||_F=  8.7475E-14max|Frechet|=  3.2182E-18
||Frechet||_F=  8.7475E-14max|Frechet|=  3.2182E-18
 
TIME for Frechet calc =  5.375373331705729 min
 
||Frechet||_F=  8.7475E-14max|Frechet|=  3.2182E-18
m_fine: min=  4.0798E+01  max=  9.8194E+01  mean=  7.7798E+01  ||.||2=  3.4663E+04  size=  185445
m_coarse_prev: min=  4.1182E+01  max=  9.7881E+01  mean=  7.7819E+01  ||.||2=  8.6461E+03  size=   11534
 
  compute the residual and the cost function
 WD_amp= 9.30969E+13  RESID_RMS= 3.77337E-04  FCOST_DATA= 7.11918E-08  FCOST0= 7.11918E-08
IA= 11  H(single F0) min= 0.00000E+00  max= 2.11225E-03
IA= 11  H(F0^2)     min= 0.00000E+00  max= 2.11225E-03
IA= 11  H(single F0) min= 0.00000E+00  max= 2.11225E-03
IA= 11  H(F0^2)     min= 0.00000E+00  max= 2.11225E-03
HESSD: ia=  11  min= 0.00000E+00  max= 9.46803E+04
HESSD: ia=  11  min= 0.00000E+00  max= 9.46803E+04
IA= 11  H(single F0) min= 0.00000E+00  max= 2.11225E-03
IA= 11  H(F0^2)     min= 0.00000E+00  max= 2.11225E-03
HESSD: ia=  11  min= 0.00000E+00  max= 9.46803E+04
IA= 11  H(single F0) min= 0.00000E+00  max= 2.11225E-03
IA= 11  H(F0^2)     min= 0.00000E+00  max= 2.11225E-03
HESSD: ia=  11  min= 0.00000E+00  max= 9.46803E+04
IA= 11  H(single F0) min= 0.00000E+00  max= 2.11225E-03
IA= 11  H(F0^2)     min= 0.00000E+00  max= 2.11225E-03
HESSD: ia=  11  min= 0.00000E+00  max= 9.46803E+04
IA= 11  H(single F0) min= 0.00000E+00  max= 2.11225E-03
IA= 11  H(F0^2)     min= 0.00000E+00  max= 2.11225E-03
HESSD: ia=  11  min= 0.00000E+00  max= 9.46803E+04
Grad block  11 GRAD_SCALED MORM =   3.3234E-06
Raw grad block 11  PAR={Q66}  min= -1.0391E-10  max=  1.2272E-10  L2=  7.5559E-10
Gradient finished
Start LBFGS 
LBFGS steepest step , iter=      1
  g·p = -1.6002E-08  ||p|| =  2.9518E-02
  min(p)= -3.2499E-03  max(p)=  2.2963E-03
LBFGS p_k (unscaled) stats per active parameter:
  IA= 11  PAR={Q66}  min=-1.48087E+01  max= 1.04634E+01  L2= 1.34504E+02
min(p_k)= -3.2499E-03  max(p_k)=  2.2963E-03  ||p_k||=  2.9518E-02
min(p_kf)= -3.2499E-03  max(p_kf)=  2.2963E-03  ||p_kf||=  1.1807E-01
p_k/p_kf  =   2.5000E-01
Start linesearch
BT entry: phi(0)=  7.1192E-08  g·p(0)= -1.6002E-08
 UPDATEPARAMETER: f-scale only
UPDATEPARAMETER PAR_STEP min/max, V_STEP min/max =  4.0288485799E+01  1.0298610629E+02
  4.0288485799E+01  1.0298610629E+02
REL STEP Q      : k= 11 row=  6 rmax_k=  2.1785E-01 row_scale=  9.8194E+01
BT cap probe: rmax1=  2.1785E-01  alpha_cap=  1.0000E+00  alpha00=  1.0000E+00
 UPDATEPARAMETER: f-scale only
UPDATEPARAMETER PAR_STEP min/max, V_STEP min/max =  4.0288485799E+01  1.0298610629E+02
  4.0288485799E+01  1.0298610629E+02
 running run_ik_loop_pardiso
before CA | VmRSS=  27.274 GB  VmHWM= 160.692 GB
after CA | VmRSS=  28.510 GB  VmHWM= 160.692 GB
after factor | VmRSS=  32.266 GB  VmHWM= 160.692 GB
f=     9.000 Hz | ky=  0.745042E-03 | IK=       1/      99 | t=   16.949300 s | CA=  2.4767 | fact= 12.6277 | GF=  1.8447 | solve=  1.6935 | scatter=  0.0498
f=     9.000 Hz | ky=  0.149008E-02 | IK=       2/      99 | t=    6.683800 s | CA=  2.5210 | fact=  2.4262 | GF=  1.7365 | solve=  1.6166 | scatter=  0.0487
f=     9.000 Hz | ky=  0.223513E-02 | IK=       3/      99 | t=    6.644500 s | CA=  2.4823 | fact=  2.4203 | GF=  1.7419 | solve=  1.6208 | scatter=  0.0496
f=     9.000 Hz | ky=  0.298017E-02 | IK=       4/      99 | t=    6.636900 s | CA=  2.4710 | fact=  2.4257 | GF=  1.7401 | solve=  1.6201 | scatter=  0.0488
f=     9.000 Hz | ky=  0.372521E-02 | IK=       5/      99 | t=    6.647700 s | CA=  2.4899 | fact=  2.4129 | GF=  1.7448 | solve=  1.6236 | scatter=  0.0500
f=     9.000 Hz | ky=  0.447025E-02 | IK=       6/      99 | t=    6.669800 s | CA=  2.5070 | fact=  2.4209 | GF=  1.7418 | solve=  1.6205 | scatter=  0.0502
f=     9.000 Hz | ky=  0.521529E-02 | IK=       7/      99 | t=    6.637600 s | CA=  2.4623 | fact=  2.4302 | GF=  1.7451 | solve=  1.6234 | scatter=  0.0504
f=     9.000 Hz | ky=  0.596033E-02 | IK=       8/      99 | t=    6.662400 s | CA=  2.4943 | fact=  2.4235 | GF=  1.7446 | solve=  1.6239 | scatter=  0.0496
f=     9.000 Hz | ky=  0.670538E-02 | IK=       9/      99 | t=    6.662500 s | CA=  2.4956 | fact=  2.4204 | GF=  1.7465 | solve=  1.6245 | scatter=  0.0506
f=     9.000 Hz | ky=  0.745042E-02 | IK=      10/      99 | t=    6.685000 s | CA=  2.5167 | fact=  2.4232 | GF=  1.7450 | solve=  1.6226 | scatter=  0.0511
f=     9.000 Hz | ky=  0.819546E-02 | IK=      11/      99 | t=    6.664400 s | CA=  2.5204 | fact=  2.3982 | GF=  1.7458 | solve=  1.6232 | scatter=  0.0514
f=     9.000 Hz | ky=  0.894050E-02 | IK=      12/      99 | t=    6.637000 s | CA=  2.4757 | fact=  2.4141 | GF=  1.7472 | solve=  1.6256 | scatter=  0.0503
f=     9.000 Hz | ky=  0.968554E-02 | IK=      13/      99 | t=    6.654600 s | CA=  2.4894 | fact=  2.4235 | GF=  1.7417 | solve=  1.6207 | scatter=  0.0495
f=     9.000 Hz | ky=  0.104306E-01 | IK=      14/      99 | t=    6.677200 s | CA=  2.5102 | fact=  2.4235 | GF=  1.7434 | solve=  1.6229 | scatter=  0.0492
f=     9.000 Hz | ky=  0.111756E-01 | IK=      15/      99 | t=    6.648300 s | CA=  2.4812 | fact=  2.4251 | GF=  1.7419 | solve=  1.6198 | scatter=  0.0507
f=     9.000 Hz | ky=  0.119207E-01 | IK=      16/      99 | t=    6.694200 s | CA=  2.5191 | fact=  2.4330 | GF=  1.7421 | solve=  1.6205 | scatter=  0.0502
f=     9.000 Hz | ky=  0.126657E-01 | IK=      17/      99 | t=    6.638600 s | CA=  2.4805 | fact=  2.4166 | GF=  1.7415 | solve=  1.6193 | scatter=  0.0508
PARDISO mem (f=  9.00 Hz): sym=  1.95 GB  perm=  1.42 GB  num=  3.22 GB  
peak=  4.64 GB
 WD_amp= 9.30969E+13  RESID_RMS= 4.11373E-04  FCOST_DATA= 8.46140E-08  FCOST0= 8.46140E-08
BT: alpha=  1.0000E+00  phi=  8.4614E-08  rhs=  7.1190E-08
 UPDATEPARAMETER: f-scale only
UPDATEPARAMETER PAR_STEP min/max, V_STEP min/max =  4.1105166004E+01  9.8296785449E+01
  4.1105166004E+01  9.8296785449E+01
 running run_ik_loop_pardiso
before CA | VmRSS=  27.271 GB  VmHWM= 160.692 GB
after CA | VmRSS=  27.984 GB  VmHWM= 160.692 GB
after factor | VmRSS=  31.746 GB  VmHWM= 160.692 GB
f=     9.000 Hz | ky=  0.745042E-03 | IK=       1/      99 | t=   16.883100 s | CA=  2.4396 | fact= 12.6068 | GF=  1.8365 | solve=  1.6862 | scatter=  0.0491
f=     9.000 Hz | ky=  0.149008E-02 | IK=       2/      99 | t=    6.620600 s | CA=  2.4698 | fact=  2.4160 | GF=  1.7347 | solve=  1.6146 | scatter=  0.0489
f=     9.000 Hz | ky=  0.223513E-02 | IK=       3/      99 | t=    6.565500 s | CA=  2.4509 | fact=  2.3774 | GF=  1.7372 | solve=  1.6147 | scatter=  0.0514
f=     9.000 Hz | ky=  0.298017E-02 | IK=       4/      99 | t=    6.619800 s | CA=  2.4588 | fact=  2.4235 | GF=  1.7374 | solve=  1.6173 | scatter=  0.0490
f=     9.000 Hz | ky=  0.372521E-02 | IK=       5/      99 | t=    6.625100 s | CA=  2.4948 | fact=  2.3920 | GF=  1.7382 | solve=  1.6168 | scatter=  0.0500
f=     9.000 Hz | ky=  0.447025E-02 | IK=       6/      99 | t=    6.633700 s | CA=  2.4775 | fact=  2.4141 | GF=  1.7421 | solve=  1.6193 | scatter=  0.0511
f=     9.000 Hz | ky=  0.521529E-02 | IK=       7/      99 | t=    6.635100 s | CA=  2.4789 | fact=  2.4162 | GF=  1.7400 | solve=  1.6176 | scatter=  0.0511
f=     9.000 Hz | ky=  0.596033E-02 | IK=       8/      99 | t=    6.654800 s | CA=  2.4948 | fact=  2.4154 | GF=  1.7445 | solve=  1.6234 | scatter=  0.0499
f=     9.000 Hz | ky=  0.670538E-02 | IK=       9/      99 | t=    6.683300 s | CA=  2.5138 | fact=  2.4278 | GF=  1.7416 | solve=  1.6188 | scatter=  0.0515
f=     9.000 Hz | ky=  0.745042E-02 | IK=      10/      99 | t=    6.662700 s | CA=  2.5068 | fact=  2.4175 | GF=  1.7384 | solve=  1.6186 | scatter=  0.0483
f=     9.000 Hz | ky=  0.819546E-02 | IK=      11/      99 | t=    6.644000 s | CA=  2.5057 | fact=  2.3965 | GF=  1.7417 | solve=  1.6196 | scatter=  0.0505
f=     9.000 Hz | ky=  0.894050E-02 | IK=      12/      99 | t=    6.633100 s | CA=  2.4696 | fact=  2.4192 | GF=  1.7442 | solve=  1.6214 | scatter=  0.0511
f=     9.000 Hz | ky=  0.968554E-02 | IK=      13/      99 | t=    6.663800 s | CA=  2.4969 | fact=  2.4248 | GF=  1.7421 | solve=  1.6190 | scatter=  0.0517
f=     9.000 Hz | ky=  0.104306E-01 | IK=      14/      99 | t=    6.628700 s | CA=  2.4889 | fact=  2.4013 | GF=  1.7385 | solve=  1.6165 | scatter=  0.0506
f=     9.000 Hz | ky=  0.111756E-01 | IK=      15/      99 | t=    6.687200 s | CA=  2.5264 | fact=  2.4179 | GF=  1.7429 | solve=  1.6210 | scatter=  0.0505
f=     9.000 Hz | ky=  0.119207E-01 | IK=      16/      99 | t=    6.723000 s | CA=  2.5520 | fact=  2.4237 | GF=  1.7472 | solve=  1.6257 | scatter=  0.0501
f=     9.000 Hz | ky=  0.126657E-01 | IK=      17/      99 | t=    6.697700 s | CA=  2.5252 | fact=  2.4276 | GF=  1.7449 | solve=  1.6231 | scatter=  0.0503
PARDISO mem (f=  9.00 Hz): sym=  1.95 GB  perm=  1.42 GB  num=  3.22 GB  
peak=  4.64 GB
 WD_amp= 9.30969E+13  RESID_RMS= 3.88438E-04  FCOST_DATA= 7.54419E-08  FCOST0= 7.54419E-08
BT: alpha=  5.0000E-01  phi=  7.5442E-08  rhs=  7.1191E-08
 UPDATEPARAMETER: f-scale only
UPDATEPARAMETER PAR_STEP min/max, V_STEP min/max =  4.0951741970E+01  9.8235622702E+01
  4.0951741970E+01  9.8235622702E+01
 running run_ik_loop_pardiso
before CA | VmRSS=  27.862 GB  VmHWM= 160.692 GB
after CA | VmRSS=  28.502 GB  VmHWM= 160.692 GB
after factor | VmRSS=  32.267 GB  VmHWM= 160.692 GB
f=     9.000 Hz | ky=  0.745042E-03 | IK=       1/      99 | t=   16.970300 s | CA=  2.5096 | fact= 12.6206 | GF=  1.8399 | solve=  1.6893 | scatter=  0.0496
f=     9.000 Hz | ky=  0.149008E-02 | IK=       2/      99 | t=    6.606900 s | CA=  2.4885 | fact=  2.3752 | GF=  1.7431 | solve=  1.6205 | scatter=  0.0515
f=     9.000 Hz | ky=  0.223513E-02 | IK=       3/      99 | t=    6.651500 s | CA=  2.5189 | fact=  2.3940 | GF=  1.7386 | solve=  1.6165 | scatter=  0.0508
f=     9.000 Hz | ky=  0.298017E-02 | IK=       4/      99 | t=    6.759200 s | CA=  2.4900 | fact=  2.4094 | GF=  1.8598 | solve=  1.7399 | scatter=  0.0485
f=     9.000 Hz | ky=  0.372521E-02 | IK=       5/      99 | t=    6.734100 s | CA=  2.5469 | fact=  2.4244 | GF=  1.7628 | solve=  1.6412 | scatter=  0.0503
f=     9.000 Hz | ky=  0.447025E-02 | IK=       6/      99 | t=    6.665700 s | CA=  2.4982 | fact=  2.4270 | GF=  1.7404 | solve=  1.6205 | scatter=  0.0486
f=     9.000 Hz | ky=  0.521529E-02 | IK=       7/      99 | t=    6.620700 s | CA=  2.5091 | fact=  2.3684 | GF=  1.7432 | solve=  1.6214 | scatter=  0.0501
f=     9.000 Hz | ky=  0.596033E-02 | IK=       8/      99 | t=    6.634300 s | CA=  2.4704 | fact=  2.4200 | GF=  1.7438 | solve=  1.6218 | scatter=  0.0507
f=     9.000 Hz | ky=  0.670538E-02 | IK=       9/      99 | t=    6.646600 s | CA=  2.5115 | fact=  2.3894 | GF=  1.7457 | solve=  1.6237 | scatter=  0.0506
f=     9.000 Hz | ky=  0.745042E-02 | IK=      10/      99 | t=    6.648200 s | CA=  2.4759 | fact=  2.4280 | GF=  1.7443 | solve=  1.6233 | scatter=  0.0496
f=     9.000 Hz | ky=  0.819546E-02 | IK=      11/      99 | t=    6.686300 s | CA=  2.5169 | fact=  2.4210 | GF=  1.7484 | solve=  1.6258 | scatter=  0.0513
f=     9.000 Hz | ky=  0.894050E-02 | IK=      12/      99 | t=    6.694600 s | CA=  2.5211 | fact=  2.4270 | GF=  1.7465 | solve=  1.6244 | scatter=  0.0509
f=     9.000 Hz | ky=  0.968554E-02 | IK=      13/      99 | t=    6.761600 s | CA=  2.5820 | fact=  2.4247 | GF=  1.7548 | solve=  1.6333 | scatter=  0.0501
f=     9.000 Hz | ky=  0.104306E-01 | IK=      14/      99 | t=    6.649600 s | CA=  2.4938 | fact=  2.4152 | GF=  1.7406 | solve=  1.6194 | scatter=  0.0498
f=     9.000 Hz | ky=  0.111756E-01 | IK=      15/      99 | t=    6.648700 s | CA=  2.4898 | fact=  2.4142 | GF=  1.7446 | solve=  1.6224 | scatter=  0.0506
f=     9.000 Hz | ky=  0.119207E-01 | IK=      16/      99 | t=    6.697500 s | CA=  2.5227 | fact=  2.4252 | GF=  1.7496 | solve=  1.6289 | scatter=  0.0493
f=     9.000 Hz | ky=  0.126657E-01 | IK=      17/      99 | t=    6.681100 s | CA=  2.5054 | fact=  2.4290 | GF=  1.7466 | solve=  1.6242 | scatter=  0.0511
PARDISO mem (f=  9.00 Hz): sym=  1.95 GB  perm=  1.42 GB  num=  3.22 GB  
peak=  4.64 GB
 WD_amp= 9.30969E+13  RESID_RMS= 3.81410E-04  FCOST_DATA= 7.27367E-08  FCOST0= 7.27367E-08
BT: alpha=  2.5000E-01  phi=  7.2737E-08  rhs=  7.1191E-08
 UPDATEPARAMETER: f-scale only
UPDATEPARAMETER PAR_STEP min/max, V_STEP min/max =  4.0875029953E+01  9.8214840526E+01
  4.0875029953E+01  9.8214840526E+01
 running run_ik_loop_pardiso
before CA | VmRSS=  27.819 GB  VmHWM= 160.692 GB
after CA | VmRSS=  28.800 GB  VmHWM= 160.692 GB
after factor | VmRSS=  32.565 GB  VmHWM= 160.692 GB
f=     9.000 Hz | ky=  0.745042E-03 | IK=       1/      99 | t=   16.949600 s | CA=  2.4944 | fact= 12.6154 | GF=  1.8396 | solve=  1.6885 | scatter=  0.0499
f=     9.000 Hz | ky=  0.149008E-02 | IK=       2/      99 | t=    6.654000 s | CA=  2.5075 | fact=  2.4080 | GF=  1.7385 | solve=  1.6164 | scatter=  0.0506
f=     9.000 Hz | ky=  0.223513E-02 | IK=       3/      99 | t=    6.610200 s | CA=  2.4967 | fact=  2.3745 | GF=  1.7389 | solve=  1.6192 | scatter=  0.0486
f=     9.000 Hz | ky=  0.298017E-02 | IK=       4/      99 | t=    6.633800 s | CA=  2.5070 | fact=  2.3890 | GF=  1.7377 | solve=  1.6164 | scatter=  0.0499
f=     9.000 Hz | ky=  0.372521E-02 | IK=       5/      99 | t=    6.680600 s | CA=  2.5126 | fact=  2.4196 | GF=  1.7483 | solve=  1.6275 | scatter=  0.0494
f=     9.000 Hz | ky=  0.447025E-02 | IK=       6/      99 | t=    6.705600 s | CA=  2.5681 | fact=  2.3976 | GF=  1.7398 | solve=  1.6187 | scatter=  0.0499
f=     9.000 Hz | ky=  0.521529E-02 | IK=       7/      99 | t=    6.677500 s | CA=  2.5077 | fact=  2.4209 | GF=  1.7489 | solve=  1.6263 | scatter=  0.0514
f=     9.000 Hz | ky=  0.596033E-02 | IK=       8/      99 | t=    6.646700 s | CA=  2.4795 | fact=  2.4172 | GF=  1.7499 | solve=  1.6289 | scatter=  0.0492
f=     9.000 Hz | ky=  0.670538E-02 | IK=       9/      99 | t=    6.659300 s | CA=  2.5281 | fact=  2.3874 | GF=  1.7437 | solve=  1.6210 | scatter=  0.0514
f=     9.000 Hz | ky=  0.745042E-02 | IK=      10/      99 | t=    6.682000 s | CA=  2.5054 | fact=  2.4277 | GF=  1.7488 | solve=  1.6261 | scatter=  0.0514
f=     9.000 Hz | ky=  0.819546E-02 | IK=      11/      99 | t=    6.730700 s | CA=  2.5552 | fact=  2.4299 | GF=  1.7456 | solve=  1.6236 | scatter=  0.0507
f=     9.000 Hz | ky=  0.894050E-02 | IK=      12/      99 | t=    6.644900 s | CA=  2.4888 | fact=  2.4174 | GF=  1.7387 | solve=  1.6186 | scatter=  0.0488
f=     9.000 Hz | ky=  0.968554E-02 | IK=      13/      99 | t=    6.659900 s | CA=  2.4937 | fact=  2.4211 | GF=  1.7450 | solve=  1.6230 | scatter=  0.0507
f=     9.000 Hz | ky=  0.104306E-01 | IK=      14/      99 | t=    6.632600 s | CA=  2.4776 | fact=  2.4148 | GF=  1.7402 | solve=  1.6189 | scatter=  0.0499
f=     9.000 Hz | ky=  0.111756E-01 | IK=      15/      99 | t=    6.690600 s | CA=  2.5405 | fact=  2.4347 | GF=  1.7153 | solve=  1.5933 | scatter=  0.0507
f=     9.000 Hz | ky=  0.119207E-01 | IK=      16/      99 | t=    6.680200 s | CA=  2.5430 | fact=  2.4214 | GF=  1.7158 | solve=  1.5940 | scatter=  0.0505
f=     9.000 Hz | ky=  0.126657E-01 | IK=      17/      99 | t=    6.677500 s | CA=  2.5377 | fact=  2.4210 | GF=  1.7188 | solve=  1.5963 | scatter=  0.0514
PARDISO mem (f=  9.00 Hz): sym=  1.95 GB  perm=  1.42 GB  num=  3.22 GB  
peak=  4.64 GB
 WD_amp= 9.30969E+13  RESID_RMS= 3.79005E-04  FCOST_DATA= 7.18223E-08  FCOST0= 7.18223E-08
BT: alpha=  1.2500E-01  phi=  7.1822E-08  rhs=  7.1192E-08
 UPDATEPARAMETER: f-scale only
UPDATEPARAMETER PAR_STEP min/max, V_STEP min/max =  4.0836673945E+01  9.8204449437E+01
  4.0836673945E+01  9.8204449437E+01
 running run_ik_loop_pardiso
before CA | VmRSS=  27.808 GB  VmHWM= 160.692 GB
after CA | VmRSS=  28.409 GB  VmHWM= 160.692 GB
after factor | VmRSS=  32.179 GB  VmHWM= 160.692 GB
f=     9.000 Hz | ky=  0.745042E-03 | IK=       1/      99 | t=   17.002000 s | CA=  2.5461 | fact= 12.6127 | GF=  1.8430 | solve=  1.6910 | scatter=  0.0505
f=     9.000 Hz | ky=  0.149008E-02 | IK=       2/      99 | t=    6.647100 s | CA=  2.4972 | fact=  2.4116 | GF=  1.7383 | solve=  1.6177 | scatter=  0.0494
f=     9.000 Hz | ky=  0.223513E-02 | IK=       3/      99 | t=    6.608700 s | CA=  2.4940 | fact=  2.3747 | GF=  1.7399 | solve=  1.6172 | scatter=  0.0514
f=     9.000 Hz | ky=  0.298017E-02 | IK=       4/      99 | t=    6.655600 s | CA=  2.5001 | fact=  2.4164 | GF=  1.7391 | solve=  1.6164 | scatter=  0.0514
f=     9.000 Hz | ky=  0.372521E-02 | IK=       5/      99 | t=    6.629500 s | CA=  2.4951 | fact=  2.3966 | GF=  1.7378 | solve=  1.6155 | scatter=  0.0511
f=     9.000 Hz | ky=  0.447025E-02 | IK=       6/      99 | t=    6.651300 s | CA=  2.4951 | fact=  2.4143 | GF=  1.7419 | solve=  1.6209 | scatter=  0.0499
f=     9.000 Hz | ky=  0.521529E-02 | IK=       7/      99 | t=    6.723400 s | CA=  2.5530 | fact=  2.4235 | GF=  1.7468 | solve=  1.6249 | scatter=  0.0505
f=     9.000 Hz | ky=  0.596033E-02 | IK=       8/      99 | t=    6.707800 s | CA=  2.5407 | fact=  2.4261 | GF=  1.7409 | solve=  1.6181 | scatter=  0.0513
f=     9.000 Hz | ky=  0.670538E-02 | IK=       9/      99 | t=    6.702600 s | CA=  2.5393 | fact=  2.4240 | GF=  1.7392 | solve=  1.6179 | scatter=  0.0500
f=     9.000 Hz | ky=  0.745042E-02 | IK=      10/      99 | t=    6.641100 s | CA=  2.4739 | fact=  2.4234 | GF=  1.7437 | solve=  1.6239 | scatter=  0.0485
f=     9.000 Hz | ky=  0.819546E-02 | IK=      11/      99 | t=    6.693200 s | CA=  2.5571 | fact=  2.3986 | GF=  1.7374 | solve=  1.6158 | scatter=  0.0502
f=     9.000 Hz | ky=  0.894050E-02 | IK=      12/      99 | t=    6.643100 s | CA=  2.4716 | fact=  2.4258 | GF=  1.7456 | solve=  1.6233 | scatter=  0.0511
f=     9.000 Hz | ky=  0.968554E-02 | IK=      13/      99 | t=    6.635300 s | CA=  2.4669 | fact=  2.4185 | GF=  1.7499 | solve=  1.6284 | scatter=  0.0502
f=     9.000 Hz | ky=  0.104306E-01 | IK=      14/      99 | t=    6.667300 s | CA=  2.4983 | fact=  2.4237 | GF=  1.7452 | solve=  1.6246 | scatter=  0.0490
f=     9.000 Hz | ky=  0.111756E-01 | IK=      15/      99 | t=    6.639600 s | CA=  2.4812 | fact=  2.4187 | GF=  1.7396 | solve=  1.6178 | scatter=  0.0504
f=     9.000 Hz | ky=  0.119207E-01 | IK=      16/      99 | t=    6.658200 s | CA=  2.4893 | fact=  2.4217 | GF=  1.7472 | solve=  1.6253 | scatter=  0.0505
f=     9.000 Hz | ky=  0.126657E-01 | IK=      17/      99 | t=    6.589400 s | CA=  2.4646 | fact=  2.3765 | GF=  1.7483 | solve=  1.6255 | scatter=  0.0513
PARDISO mem (f=  9.00 Hz): sym=  1.95 GB  perm=  1.42 GB  num=  3.22 GB  
peak=  4.64 GB
 WD_amp= 9.30969E+13  RESID_RMS= 3.78079E-04  FCOST_DATA= 7.14718E-08  FCOST0= 7.14718E-08
BT: alpha=  6.2500E-02  phi=  7.1472E-08  rhs=  7.1192E-08
 UPDATEPARAMETER: f-scale only
UPDATEPARAMETER PAR_STEP min/max, V_STEP min/max =  4.0817495941E+01  9.8199253893E+01
  4.0817495941E+01  9.8199253893E+01
 running run_ik_loop_pardiso
before CA | VmRSS=  27.261 GB  VmHWM= 160.692 GB
after CA | VmRSS=  27.861 GB  VmHWM= 160.692 GB
after factor | VmRSS=  31.631 GB  VmHWM= 160.692 GB
f=     9.000 Hz | ky=  0.745042E-03 | IK=       1/      99 | t=   16.872900 s | CA=  2.4259 | fact= 12.6091 | GF=  1.8377 | solve=  1.6860 | scatter=  0.0508
f=     9.000 Hz | ky=  0.149008E-02 | IK=       2/      99 | t=    6.692400 s | CA=  2.5387 | fact=  2.4148 | GF=  1.7389 | solve=  1.6169 | scatter=  0.0504
f=     9.000 Hz | ky=  0.223513E-02 | IK=       3/      99 | t=    6.641100 s | CA=  2.4776 | fact=  2.4111 | GF=  1.7523 | solve=  1.6303 | scatter=  0.0504
f=     9.000 Hz | ky=  0.298017E-02 | IK=       4/      99 | t=    6.686000 s | CA=  2.5266 | fact=  2.4233 | GF=  1.7361 | solve=  1.6152 | scatter=  0.0496
f=     9.000 Hz | ky=  0.372521E-02 | IK=       5/      99 | t=    6.599100 s | CA=  2.4557 | fact=  2.4081 | GF=  1.7352 | solve=  1.6130 | scatter=  0.0509
f=     9.000 Hz | ky=  0.447025E-02 | IK=       6/      99 | t=    6.622300 s | CA=  2.4910 | fact=  2.3915 | GF=  1.7397 | solve=  1.6192 | scatter=  0.0493
f=     9.000 Hz | ky=  0.521529E-02 | IK=       7/      99 | t=    6.641700 s | CA=  2.4840 | fact=  2.4115 | GF=  1.7462 | solve=  1.6259 | scatter=  0.0490
f=     9.000 Hz | ky=  0.596033E-02 | IK=       8/      99 | t=    6.643300 s | CA=  2.4846 | fact=  2.4197 | GF=  1.7390 | solve=  1.6171 | scatter=  0.0505
f=     9.000 Hz | ky=  0.670538E-02 | IK=       9/      99 | t=    6.657900 s | CA=  2.5068 | fact=  2.4095 | GF=  1.7416 | solve=  1.6191 | scatter=  0.0511
f=     9.000 Hz | ky=  0.745042E-02 | IK=      10/      99 | t=    6.641800 s | CA=  2.4763 | fact=  2.4207 | GF=  1.7448 | solve=  1.6233 | scatter=  0.0501
f=     9.000 Hz | ky=  0.819546E-02 | IK=      11/      99 | t=    6.670200 s | CA=  2.5016 | fact=  2.4248 | GF=  1.7438 | solve=  1.6228 | scatter=  0.0498
f=     9.000 Hz | ky=  0.894050E-02 | IK=      12/      99 | t=    6.634800 s | CA=  2.4773 | fact=  2.4124 | GF=  1.7450 | solve=  1.6249 | scatter=  0.0488
f=     9.000 Hz | ky=  0.968554E-02 | IK=      13/      99 | t=    6.667700 s | CA=  2.5074 | fact=  2.4168 | GF=  1.7435 | solve=  1.6220 | scatter=  0.0500
f=     9.000 Hz | ky=  0.104306E-01 | IK=      14/      99 | t=    6.658300 s | CA=  2.4989 | fact=  2.4152 | GF=  1.7441 | solve=  1.6232 | scatter=  0.0494
f=     9.000 Hz | ky=  0.111756E-01 | IK=      15/      99 | t=    6.638900 s | CA=  2.4648 | fact=  2.4278 | GF=  1.7463 | solve=  1.6250 | scatter=  0.0500
f=     9.000 Hz | ky=  0.119207E-01 | IK=      16/      99 | t=    6.677300 s | CA=  2.5204 | fact=  2.4121 | GF=  1.7447 | solve=  1.6218 | scatter=  0.0516
f=     9.000 Hz | ky=  0.126657E-01 | IK=      17/      99 | t=    6.650300 s | CA=  2.4901 | fact=  2.4182 | GF=  1.7420 | solve=  1.6194 | scatter=  0.0512
PARDISO mem (f=  9.00 Hz): sym=  1.95 GB  perm=  1.42 GB  num=  3.22 GB  
peak=  4.64 GB
 WD_amp= 9.30969E+13  RESID_RMS= 3.77685E-04  FCOST_DATA= 7.13229E-08  FCOST0= 7.13229E-08
BT: alpha=  3.1250E-02  phi=  7.1323E-08  rhs=  7.1192E-08
 UPDATEPARAMETER: f-scale only
UPDATEPARAMETER PAR_STEP min/max, V_STEP min/max =  4.0807906939E+01  9.8196656121E+01
  4.0807906939E+01  9.8196656121E+01
 running run_ik_loop_pardiso
before CA | VmRSS=  27.273 GB  VmHWM= 160.692 GB
after CA | VmRSS=  28.481 GB  VmHWM= 160.692 GB
after factor | VmRSS=  32.247 GB  VmHWM= 160.692 GB
f=     9.000 Hz | ky=  0.745042E-03 | IK=       1/      99 | t=   16.944100 s | CA=  2.4929 | fact= 12.6108 | GF=  1.8402 | solve=  1.6882 | scatter=  0.0510
f=     9.000 Hz | ky=  0.149008E-02 | IK=       2/      99 | t=    6.628300 s | CA=  2.4751 | fact=  2.4122 | GF=  1.7409 | solve=  1.6193 | scatter=  0.0504
f=     9.000 Hz | ky=  0.223513E-02 | IK=       3/      99 | t=    6.628900 s | CA=  2.4750 | fact=  2.4097 | GF=  1.7442 | solve=  1.6225 | scatter=  0.0505
f=     9.000 Hz | ky=  0.298017E-02 | IK=       4/      99 | t=    6.629600 s | CA=  2.4843 | fact=  2.4118 | GF=  1.7335 | solve=  1.6128 | scatter=  0.0494
f=     9.000 Hz | ky=  0.372521E-02 | IK=       5/      99 | t=    6.657400 s | CA=  2.5056 | fact=  2.4152 | GF=  1.7365 | solve=  1.6156 | scatter=  0.0496
f=     9.000 Hz | ky=  0.447025E-02 | IK=       6/      99 | t=    6.617600 s | CA=  2.5009 | fact=  2.3775 | GF=  1.7392 | solve=  1.6160 | scatter=  0.0518
f=     9.000 Hz | ky=  0.521529E-02 | IK=       7/      99 | t=    6.635700 s | CA=  2.4670 | fact=  2.4236 | GF=  1.7451 | solve=  1.6234 | scatter=  0.0505
f=     9.000 Hz | ky=  0.596033E-02 | IK=       8/      99 | t=    6.638300 s | CA=  2.4811 | fact=  2.4147 | GF=  1.7425 | solve=  1.6196 | scatter=  0.0516
f=     9.000 Hz | ky=  0.670538E-02 | IK=       9/      99 | t=    6.668100 s | CA=  2.5135 | fact=  2.4150 | GF=  1.7395 | solve=  1.6168 | scatter=  0.0514
f=     9.000 Hz | ky=  0.745042E-02 | IK=      10/      99 | t=    6.648900 s | CA=  2.4962 | fact=  2.4133 | GF=  1.7394 | solve=  1.6180 | scatter=  0.0502
f=     9.000 Hz | ky=  0.819546E-02 | IK=      11/      99 | t=    6.622900 s | CA=  2.4843 | fact=  2.3992 | GF=  1.7394 | solve=  1.6188 | scatter=  0.0495
f=     9.000 Hz | ky=  0.894050E-02 | IK=      12/      99 | t=    6.688300 s | CA=  2.5126 | fact=  2.4327 | GF=  1.7429 | solve=  1.6211 | scatter=  0.0506
f=     9.000 Hz | ky=  0.968554E-02 | IK=      13/      99 | t=    6.664300 s | CA=  2.5188 | fact=  2.4038 | GF=  1.7417 | solve=  1.6213 | scatter=  0.0491
f=     9.000 Hz | ky=  0.104306E-01 | IK=      14/      99 | t=    6.678000 s | CA=  2.5060 | fact=  2.4313 | GF=  1.7407 | solve=  1.6192 | scatter=  0.0503
f=     9.000 Hz | ky=  0.111756E-01 | IK=      15/      99 | t=    6.614000 s | CA=  2.4602 | fact=  2.4152 | GF=  1.7386 | solve=  1.6175 | scatter=  0.0498
f=     9.000 Hz | ky=  0.119207E-01 | IK=      16/      99 | t=    6.642900 s | CA=  2.4791 | fact=  2.4239 | GF=  1.7399 | solve=  1.6167 | scatter=  0.0518
f=     9.000 Hz | ky=  0.126657E-01 | IK=      17/      99 | t=    6.668500 s | CA=  2.5012 | fact=  2.4244 | GF=  1.7429 | solve=  1.6201 | scatter=  0.0512
PARDISO mem (f=  9.00 Hz): sym=  1.95 GB  perm=  1.42 GB  num=  3.22 GB  
peak=  4.64 GB
 WD_amp= 9.30969E+13  RESID_RMS= 3.77505E-04  FCOST_DATA= 7.12552E-08  FCOST0= 7.12552E-08
BT: alpha=  1.5625E-02  phi=  7.1255E-08  rhs=  7.1192E-08
 UPDATEPARAMETER: f-scale only
UPDATEPARAMETER PAR_STEP min/max, V_STEP min/max =  4.0803112437E+01  9.8195357235E+01
  4.0803112437E+01  9.8195357235E+01
 running run_ik_loop_pardiso
before CA | VmRSS=  27.857 GB  VmHWM= 160.692 GB
after CA | VmRSS=  27.875 GB  VmHWM= 160.692 GB
after factor | VmRSS=  31.638 GB  VmHWM= 160.692 GB
f=     9.000 Hz | ky=  0.745042E-03 | IK=       1/      99 | t=   16.910000 s | CA=  2.4544 | fact= 12.6139 | GF=  1.8415 | solve=  1.6903 | scatter=  0.0505
f=     9.000 Hz | ky=  0.149008E-02 | IK=       2/      99 | t=    6.642400 s | CA=  2.4950 | fact=  2.4079 | GF=  1.7394 | solve=  1.6184 | scatter=  0.0497
f=     9.000 Hz | ky=  0.223513E-02 | IK=       3/      99 | t=    6.655800 s | CA=  2.4987 | fact=  2.4188 | GF=  1.7382 | solve=  1.6165 | scatter=  0.0505
f=     9.000 Hz | ky=  0.298017E-02 | IK=       4/      99 | t=    6.670100 s | CA=  2.4867 | fact=  2.4104 | GF=  1.7730 | solve=  1.6505 | scatter=  0.0513
f=     9.000 Hz | ky=  0.372521E-02 | IK=       5/      99 | t=    6.631700 s | CA=  2.4770 | fact=  2.4138 | GF=  1.7408 | solve=  1.6188 | scatter=  0.0508
f=     9.000 Hz | ky=  0.447025E-02 | IK=       6/      99 | t=    6.631300 s | CA=  2.4647 | fact=  2.4262 | GF=  1.7403 | solve=  1.6189 | scatter=  0.0501
f=     9.000 Hz | ky=  0.521529E-02 | IK=       7/      99 | t=    6.638300 s | CA=  2.4785 | fact=  2.4171 | GF=  1.7427 | solve=  1.6206 | scatter=  0.0510
f=     9.000 Hz | ky=  0.596033E-02 | IK=       8/      99 | t=    6.648100 s | CA=  2.4966 | fact=  2.4153 | GF=  1.7361 | solve=  1.6148 | scatter=  0.0501
f=     9.000 Hz | ky=  0.670538E-02 | IK=       9/      99 | t=    6.617500 s | CA=  2.4559 | fact=  2.4215 | GF=  1.7400 | solve=  1.6187 | scatter=  0.0501
f=     9.000 Hz | ky=  0.745042E-02 | IK=      10/      99 | t=    6.626000 s | CA=  2.4681 | fact=  2.4151 | GF=  1.7428 | solve=  1.6207 | scatter=  0.0510
f=     9.000 Hz | ky=  0.819546E-02 | IK=      11/      99 | t=    6.655900 s | CA=  2.5023 | fact=  2.4156 | GF=  1.7380 | solve=  1.6161 | scatter=  0.0508
f=     9.000 Hz | ky=  0.894050E-02 | IK=      12/      99 | t=    6.611900 s | CA=  2.4585 | fact=  2.4152 | GF=  1.7381 | solve=  1.6178 | scatter=  0.0491
f=     9.000 Hz | ky=  0.968554E-02 | IK=      13/      99 | t=    6.641700 s | CA=  2.4783 | fact=  2.4248 | GF=  1.7385 | solve=  1.6160 | scatter=  0.0513
f=     9.000 Hz | ky=  0.104306E-01 | IK=      14/      99 | t=    6.610100 s | CA=  2.4997 | fact=  2.3714 | GF=  1.7389 | solve=  1.6191 | scatter=  0.0486
f=     9.000 Hz | ky=  0.111756E-01 | IK=      15/      99 | t=    6.691000 s | CA=  2.5223 | fact=  2.4218 | GF=  1.7469 | solve=  1.6245 | scatter=  0.0511
f=     9.000 Hz | ky=  0.119207E-01 | IK=      16/      99 | t=    6.619300 s | CA=  2.4508 | fact=  2.4264 | GF=  1.7420 | solve=  1.6194 | scatter=  0.0515
f=     9.000 Hz | ky=  0.126657E-01 | IK=      17/      99 | t=    6.684600 s | CA=  2.5067 | fact=  2.4305 | GF=  1.7474 | solve=  1.6266 | scatter=  0.0495
PARDISO mem (f=  9.00 Hz): sym=  1.95 GB  perm=  1.42 GB  num=  3.22 GB  
peak=  4.64 GB
 WD_amp= 9.30969E+13  RESID_RMS= 3.77420E-04  FCOST_DATA= 7.12229E-08  FCOST0= 7.12229E-08
BT: alpha=  7.8125E-03  phi=  7.1223E-08  rhs=  7.1192E-08
 UPDATEPARAMETER: f-scale only
UPDATEPARAMETER PAR_STEP min/max, V_STEP min/max =  4.0800715187E+01  9.8194707792E+01
  4.0800715187E+01  9.8194707792E+01
 running run_ik_loop_pardiso
before CA | VmRSS=  27.256 GB  VmHWM= 160.692 GB
after CA | VmRSS=  28.140 GB  VmHWM= 160.692 GB
after factor | VmRSS=  31.903 GB  VmHWM= 160.692 GB
f=     9.000 Hz | ky=  0.745042E-03 | IK=       1/      99 | t=   16.907400 s | CA=  2.4594 | fact= 12.6127 | GF=  1.8351 | solve=  1.6837 | scatter=  0.0508
f=     9.000 Hz | ky=  0.149008E-02 | IK=       2/      99 | t=    6.645400 s | CA=  2.4963 | fact=  2.4134 | GF=  1.7356 | solve=  1.6133 | scatter=  0.0511
f=     9.000 Hz | ky=  0.223513E-02 | IK=       3/      99 | t=    6.637600 s | CA=  2.4810 | fact=  2.4236 | GF=  1.7330 | solve=  1.6115 | scatter=  0.0500
f=     9.000 Hz | ky=  0.298017E-02 | IK=       4/      99 | t=    6.643000 s | CA=  2.4851 | fact=  2.4195 | GF=  1.7384 | solve=  1.6166 | scatter=  0.0507
f=     9.000 Hz | ky=  0.372521E-02 | IK=       5/      99 | t=    6.649000 s | CA=  2.4902 | fact=  2.4201 | GF=  1.7386 | solve=  1.6182 | scatter=  0.0491
f=     9.000 Hz | ky=  0.447025E-02 | IK=       6/      99 | t=    6.737800 s | CA=  2.5751 | fact=  2.4178 | GF=  1.7449 | solve=  1.6227 | scatter=  0.0511
f=     9.000 Hz | ky=  0.521529E-02 | IK=       7/      99 | t=    6.627700 s | CA=  2.4686 | fact=  2.4175 | GF=  1.7416 | solve=  1.6222 | scatter=  0.0482
f=     9.000 Hz | ky=  0.596033E-02 | IK=       8/      99 | t=    6.619900 s | CA=  2.4825 | fact=  2.3962 | GF=  1.7411 | solve=  1.6191 | scatter=  0.0508
f=     9.000 Hz | ky=  0.670538E-02 | IK=       9/      99 | t=    6.652300 s | CA=  2.4986 | fact=  2.4117 | GF=  1.7419 | solve=  1.6205 | scatter=  0.0502
f=     9.000 Hz | ky=  0.745042E-02 | IK=      10/      99 | t=    6.675600 s | CA=  2.5244 | fact=  2.4063 | GF=  1.7448 | solve=  1.6223 | scatter=  0.0511
f=     9.000 Hz | ky=  0.819546E-02 | IK=      11/      99 | t=    6.670200 s | CA=  2.5047 | fact=  2.4218 | GF=  1.7437 | solve=  1.6231 | scatter=  0.0494
f=     9.000 Hz | ky=  0.894050E-02 | IK=      12/      99 | t=    6.686100 s | CA=  2.5226 | fact=  2.4184 | GF=  1.7450 | solve=  1.6242 | scatter=  0.0495
f=     9.000 Hz | ky=  0.968554E-02 | IK=      13/      99 | t=    6.668600 s | CA=  2.5192 | fact=  2.4096 | GF=  1.7397 | solve=  1.6182 | scatter=  0.0498
f=     9.000 Hz | ky=  0.104306E-01 | IK=      14/      99 | t=    6.650700 s | CA=  2.4826 | fact=  2.4258 | GF=  1.7422 | solve=  1.6204 | scatter=  0.0506
f=     9.000 Hz | ky=  0.111756E-01 | IK=      15/      99 | t=    6.693700 s | CA=  2.5269 | fact=  2.4206 | GF=  1.7462 | solve=  1.6237 | scatter=  0.0511
f=     9.000 Hz | ky=  0.119207E-01 | IK=      16/      99 | t=    6.670300 s | CA=  2.5051 | fact=  2.4178 | GF=  1.7473 | solve=  1.6245 | scatter=  0.0517
f=     9.000 Hz | ky=  0.126657E-01 | IK=      17/      99 | t=    6.673000 s | CA=  2.5065 | fact=  2.4199 | GF=  1.7466 | solve=  1.6250 | scatter=  0.0504
PARDISO mem (f=  9.00 Hz): sym=  1.95 GB  perm=  1.42 GB  num=  3.22 GB  
peak=  4.64 GB
 WD_amp= 9.30969E+13  RESID_RMS= 3.77378E-04  FCOST_DATA= 7.12072E-08  FCOST0= 7.12072E-08
BT: alpha=  3.9062E-03  phi=  7.1207E-08  rhs=  7.1192E-08
 UPDATEPARAMETER: f-scale only
UPDATEPARAMETER PAR_STEP min/max, V_STEP min/max =  4.0799516562E+01  9.8194383070E+01
  4.0799516562E+01  9.8194383070E+01
 running run_ik_loop_pardiso
before CA | VmRSS=  27.272 GB  VmHWM= 160.692 GB
after CA | VmRSS=  28.286 GB  VmHWM= 160.692 GB
after factor | VmRSS=  32.052 GB  VmHWM= 160.692 GB
f=     9.000 Hz | ky=  0.745042E-03 | IK=       1/      99 | t=   16.968200 s | CA=  2.5165 | fact= 12.6174 | GF=  1.8342 | solve=  1.6841 | scatter=  0.0495
f=     9.000 Hz | ky=  0.149008E-02 | IK=       2/      99 | t=    6.667200 s | CA=  2.5261 | fact=  2.4021 | GF=  1.7389 | solve=  1.6167 | scatter=  0.0510
f=     9.000 Hz | ky=  0.223513E-02 | IK=       3/      99 | t=    6.636500 s | CA=  2.4855 | fact=  2.4123 | GF=  1.7386 | solve=  1.6168 | scatter=  0.0503
f=     9.000 Hz | ky=  0.298017E-02 | IK=       4/      99 | t=    6.679200 s | CA=  2.5181 | fact=  2.4150 | GF=  1.7460 | solve=  1.6239 | scatter=  0.0508
f=     9.000 Hz | ky=  0.372521E-02 | IK=       5/      99 | t=    6.634700 s | CA=  2.4927 | fact=  2.4037 | GF=  1.7383 | solve=  1.6164 | scatter=  0.0507
f=     9.000 Hz | ky=  0.447025E-02 | IK=       6/      99 | t=    6.710300 s | CA=  2.5470 | fact=  2.4253 | GF=  1.7380 | solve=  1.6175 | scatter=  0.0491
f=     9.000 Hz | ky=  0.521529E-02 | IK=       7/      99 | t=    6.670200 s | CA=  2.5120 | fact=  2.4197 | GF=  1.7385 | solve=  1.6184 | scatter=  0.0489
f=     9.000 Hz | ky=  0.596033E-02 | IK=       8/      99 | t=    6.660200 s | CA=  2.5017 | fact=  2.4195 | GF=  1.7390 | solve=  1.6158 | scatter=  0.0520
f=     9.000 Hz | ky=  0.670538E-02 | IK=       9/      99 | t=    6.628100 s | CA=  2.4929 | fact=  2.3938 | GF=  1.7413 | solve=  1.6210 | scatter=  0.0490
f=     9.000 Hz | ky=  0.745042E-02 | IK=      10/      99 | t=    6.660400 s | CA=  2.5185 | fact=  2.3972 | GF=  1.7446 | solve=  1.6245 | scatter=  0.0490
f=     9.000 Hz | ky=  0.819546E-02 | IK=      11/      99 | t=    6.724900 s | CA=  2.5625 | fact=  2.4182 | GF=  1.7442 | solve=  1.6221 | scatter=  0.0503
f=     9.000 Hz | ky=  0.894050E-02 | IK=      12/      99 | t=    6.658100 s | CA=  2.4847 | fact=  2.4196 | GF=  1.7537 | solve=  1.6321 | scatter=  0.0503
f=     9.000 Hz | ky=  0.968554E-02 | IK=      13/      99 | t=    6.726900 s | CA=  2.5585 | fact=  2.4303 | GF=  1.7381 | solve=  1.6169 | scatter=  0.0498
f=     9.000 Hz | ky=  0.104306E-01 | IK=      14/      99 | t=    6.639900 s | CA=  2.4713 | fact=  2.4199 | GF=  1.7486 | solve=  1.6286 | scatter=  0.0487
f=     9.000 Hz | ky=  0.111756E-01 | IK=      15/      99 | t=    6.650600 s | CA=  2.4783 | fact=  2.4318 | GF=  1.7405 | solve=  1.6182 | scatter=  0.0511
f=     9.000 Hz | ky=  0.119207E-01 | IK=      16/      99 | t=    6.633700 s | CA=  2.4674 | fact=  2.4231 | GF=  1.7432 | solve=  1.6217 | scatter=  0.0502
f=     9.000 Hz | ky=  0.126657E-01 | IK=      17/      99 | t=    6.677100 s | CA=  2.5044 | fact=  2.4296 | GF=  1.7430 | solve=  1.6211 | scatter=  0.0503
PARDISO mem (f=  9.00 Hz): sym=  1.95 GB  perm=  1.42 GB  num=  3.22 GB  
peak=  4.64 GB
 WD_amp= 9.30969E+13  RESID_RMS= 3.77357E-04  FCOST_DATA= 7.11993E-08  FCOST0= 7.11993E-08
BT: alpha=  1.9531E-03  phi=  7.1199E-08  rhs=  7.1192E-08
 UPDATEPARAMETER: f-scale only
UPDATEPARAMETER PAR_STEP min/max, V_STEP min/max =  4.0798917249E+01  9.8194220710E+01
  4.0798917249E+01  9.8194220710E+01
 running run_ik_loop_pardiso
before CA | VmRSS=  27.918 GB  VmHWM= 160.692 GB
after CA | VmRSS=  28.819 GB  VmHWM= 160.692 GB
after factor | VmRSS=  32.587 GB  VmHWM= 160.692 GB
f=     9.000 Hz | ky=  0.745042E-03 | IK=       1/      99 | t=   16.917300 s | CA=  2.4603 | fact= 12.6169 | GF=  1.8399 | solve=  1.6891 | scatter=  0.0506
f=     9.000 Hz | ky=  0.149008E-02 | IK=       2/      99 | t=    6.679100 s | CA=  2.5337 | fact=  2.4031 | GF=  1.7423 | solve=  1.6216 | scatter=  0.0496
f=     9.000 Hz | ky=  0.223513E-02 | IK=       3/      99 | t=    6.611800 s | CA=  2.4557 | fact=  2.4109 | GF=  1.7452 | solve=  1.6247 | scatter=  0.0495
f=     9.000 Hz | ky=  0.298017E-02 | IK=       4/      99 | t=    6.657900 s | CA=  2.5005 | fact=  2.4126 | GF=  1.7447 | solve=  1.6237 | scatter=  0.0496
f=     9.000 Hz | ky=  0.372521E-02 | IK=       5/      99 | t=    6.627100 s | CA=  2.4806 | fact=  2.4064 | GF=  1.7401 | solve=  1.6198 | scatter=  0.0491
f=     9.000 Hz | ky=  0.447025E-02 | IK=       6/      99 | t=    6.623200 s | CA=  2.4642 | fact=  2.4159 | GF=  1.7430 | solve=  1.6212 | scatter=  0.0499
f=     9.000 Hz | ky=  0.521529E-02 | IK=       7/      99 | t=    6.633200 s | CA=  2.4797 | fact=  2.4145 | GF=  1.7390 | solve=  1.6183 | scatter=  0.0492
f=     9.000 Hz | ky=  0.596033E-02 | IK=       8/      99 | t=    6.628700 s | CA=  2.4863 | fact=  2.3996 | GF=  1.7428 | solve=  1.6207 | scatter=  0.0508
f=     9.000 Hz | ky=  0.670538E-02 | IK=       9/      99 | t=    6.651100 s | CA=  2.4868 | fact=  2.4236 | GF=  1.7406 | solve=  1.6194 | scatter=  0.0500
f=     9.000 Hz | ky=  0.745042E-02 | IK=      10/      99 | t=    6.599100 s | CA=  2.4465 | fact=  2.4150 | GF=  1.7376 | solve=  1.6151 | scatter=  0.0513
f=     9.000 Hz | ky=  0.819546E-02 | IK=      11/      99 | t=    6.635700 s | CA=  2.4767 | fact=  2.4148 | GF=  1.7441 | solve=  1.6230 | scatter=  0.0497
f=     9.000 Hz | ky=  0.894050E-02 | IK=      12/      99 | t=    6.685700 s | CA=  2.5223 | fact=  2.4223 | GF=  1.7410 | solve=  1.6189 | scatter=  0.0507
f=     9.000 Hz | ky=  0.968554E-02 | IK=      13/      99 | t=    6.674000 s | CA=  2.5033 | fact=  2.4206 | GF=  1.7500 | solve=  1.6275 | scatter=  0.0512
f=     9.000 Hz | ky=  0.104306E-01 | IK=      14/      99 | t=    6.627500 s | CA=  2.4747 | fact=  2.4107 | GF=  1.7421 | solve=  1.6208 | scatter=  0.0501
f=     9.000 Hz | ky=  0.111756E-01 | IK=      15/      99 | t=    6.655400 s | CA=  2.4908 | fact=  2.4220 | GF=  1.7425 | solve=  1.6219 | scatter=  0.0494
f=     9.000 Hz | ky=  0.119207E-01 | IK=      16/      99 | t=    6.651300 s | CA=  2.4784 | fact=  2.4285 | GF=  1.7444 | solve=  1.6238 | scatter=  0.0493
f=     9.000 Hz | ky=  0.126657E-01 | IK=      17/      99 | t=    6.642400 s | CA=  2.4700 | fact=  2.4281 | GF=  1.7443 | solve=  1.6241 | scatter=  0.0487
PARDISO mem (f=  9.00 Hz): sym=  1.95 GB  perm=  1.42 GB  num=  3.22 GB  
peak=  4.64 GB
 WD_amp= 9.30969E+13  RESID_RMS= 3.77347E-04  FCOST_DATA= 7.11956E-08  FCOST0= 7.11956E-08
BT: alpha=  9.7656E-04  phi=  7.1196E-08  rhs=  7.1192E-08
 UPDATEPARAMETER: f-scale only
UPDATEPARAMETER PAR_STEP min/max, V_STEP min/max =  4.0798617593E+01  9.8194139529E+01
  4.0798617593E+01  9.8194139529E+01
 running run_ik_loop_pardiso
before CA | VmRSS=  27.371 GB  VmHWM= 160.692 GB
after CA | VmRSS=  28.574 GB  VmHWM= 160.692 GB
after factor | VmRSS=  32.331 GB  VmHWM= 160.692 GB
f=     9.000 Hz | ky=  0.745042E-03 | IK=       1/      99 | t=   16.894600 s | CA=  2.4678 | fact= 12.5909 | GF=  1.8357 | solve=  1.6849 | scatter=  0.0507
f=     9.000 Hz | ky=  0.149008E-02 | IK=       2/      99 | t=    6.675800 s | CA=  2.5201 | fact=  2.4150 | GF=  1.7407 | solve=  1.6181 | scatter=  0.0515
f=     9.000 Hz | ky=  0.223513E-02 | IK=       3/      99 | t=    6.643600 s | CA=  2.4854 | fact=  2.4156 | GF=  1.7426 | solve=  1.6213 | scatter=  0.0503
f=     9.000 Hz | ky=  0.298017E-02 | IK=       4/      99 | t=    6.629800 s | CA=  2.4739 | fact=  2.4180 | GF=  1.7379 | solve=  1.6182 | scatter=  0.0483
f=     9.000 Hz | ky=  0.372521E-02 | IK=       5/      99 | t=    6.607300 s | CA=  2.4445 | fact=  2.4185 | GF=  1.7443 | solve=  1.6220 | scatter=  0.0512
f=     9.000 Hz | ky=  0.447025E-02 | IK=       6/      99 | t=    6.643900 s | CA=  2.4711 | fact=  2.4291 | GF=  1.7437 | solve=  1.6204 | scatter=  0.0521
f=     9.000 Hz | ky=  0.521529E-02 | IK=       7/      99 | t=    6.631800 s | CA=  2.4746 | fact=  2.4159 | GF=  1.7412 | solve=  1.6193 | scatter=  0.0506
f=     9.000 Hz | ky=  0.596033E-02 | IK=       8/      99 | t=    6.590900 s | CA=  2.4263 | fact=  2.4184 | GF=  1.7462 | solve=  1.6239 | scatter=  0.0510
f=     9.000 Hz | ky=  0.670538E-02 | IK=       9/      99 | t=    6.618200 s | CA=  2.4737 | fact=  2.3958 | GF=  1.7486 | solve=  1.6256 | scatter=  0.0518
f=     9.000 Hz | ky=  0.745042E-02 | IK=      10/      99 | t=    6.645500 s | CA=  2.4741 | fact=  2.4244 | GF=  1.7470 | solve=  1.6242 | scatter=  0.0516
f=     9.000 Hz | ky=  0.819546E-02 | IK=      11/      99 | t=    6.652300 s | CA=  2.4824 | fact=  2.4230 | GF=  1.7469 | solve=  1.6248 | scatter=  0.0508
f=     9.000 Hz | ky=  0.894050E-02 | IK=      12/      99 | t=    6.675900 s | CA=  2.5081 | fact=  2.4178 | GF=  1.7500 | solve=  1.6270 | scatter=  0.0515
f=     9.000 Hz | ky=  0.968554E-02 | IK=      13/      99 | t=    6.602100 s | CA=  2.4785 | fact=  2.3786 | GF=  1.7450 | solve=  1.6218 | scatter=  0.0520
f=     9.000 Hz | ky=  0.104306E-01 | IK=      14/      99 | t=    6.655500 s | CA=  2.4912 | fact=  2.4211 | GF=  1.7432 | solve=  1.6222 | scatter=  0.0497
f=     9.000 Hz | ky=  0.111756E-01 | IK=      15/      99 | t=    6.611300 s | CA=  2.4453 | fact=  2.4217 | GF=  1.7442 | solve=  1.6232 | scatter=  0.0497
f=     9.000 Hz | ky=  0.119207E-01 | IK=      16/      99 | t=    6.672200 s | CA=  2.4984 | fact=  2.4267 | GF=  1.7471 | solve=  1.6252 | scatter=  0.0507
f=     9.000 Hz | ky=  0.126657E-01 | IK=      17/      99 | t=    6.624200 s | CA=  2.4552 | fact=  2.4245 | GF=  1.7445 | solve=  1.6243 | scatter=  0.0490
PARDISO mem (f=  9.00 Hz): sym=  1.95 GB  perm=  1.42 GB  num=  3.22 GB  
peak=  4.64 GB
 WD_amp= 9.30969E+13  RESID_RMS= 3.77342E-04  FCOST_DATA= 7.11936E-08  FCOST0= 7.11936E-08
BT: alpha=  4.8828E-04  phi=  7.1194E-08  rhs=  7.1192E-08
 UPDATEPARAMETER: f-scale only
UPDATEPARAMETER PAR_STEP min/max, V_STEP min/max =  4.0798467765E+01  9.8194098939E+01
  4.0798467765E+01  9.8194098939E+01
 running run_ik_loop_pardiso
before CA | VmRSS=  27.987 GB  VmHWM= 160.692 GB
after CA | VmRSS=  28.601 GB  VmHWM= 160.692 GB
after factor | VmRSS=  32.369 GB  VmHWM= 160.692 GB
f=     9.000 Hz | ky=  0.745042E-03 | IK=       1/      99 | t=   16.915000 s | CA=  2.4488 | fact= 12.6291 | GF=  1.8369 | solve=  1.6860 | scatter=  0.0501
f=     9.000 Hz | ky=  0.149008E-02 | IK=       2/      99 | t=    6.609800 s | CA=  2.4525 | fact=  2.4231 | GF=  1.7342 | solve=  1.6122 | scatter=  0.0505
f=     9.000 Hz | ky=  0.223513E-02 | IK=       3/      99 | t=    6.651900 s | CA=  2.5030 | fact=  2.4109 | GF=  1.7380 | solve=  1.6157 | scatter=  0.0511
f=     9.000 Hz | ky=  0.298017E-02 | IK=       4/      99 | t=    6.624300 s | CA=  2.4670 | fact=  2.4205 | GF=  1.7367 | solve=  1.6162 | scatter=  0.0494
f=     9.000 Hz | ky=  0.372521E-02 | IK=       5/      99 | t=    6.608600 s | CA=  2.4570 | fact=  2.4128 | GF=  1.7388 | solve=  1.6168 | scatter=  0.0509
f=     9.000 Hz | ky=  0.447025E-02 | IK=       6/      99 | t=    6.680200 s | CA=  2.5249 | fact=  2.4141 | GF=  1.7411 | solve=  1.6194 | scatter=  0.0501
f=     9.000 Hz | ky=  0.521529E-02 | IK=       7/      99 | t=    6.676100 s | CA=  2.5189 | fact=  2.4211 | GF=  1.7361 | solve=  1.6127 | scatter=  0.0523
f=     9.000 Hz | ky=  0.596033E-02 | IK=       8/      99 | t=    6.614200 s | CA=  2.4757 | fact=  2.3915 | GF=  1.7469 | solve=  1.6248 | scatter=  0.0510
f=     9.000 Hz | ky=  0.670538E-02 | IK=       9/      99 | t=    6.631700 s | CA=  2.4993 | fact=  2.3917 | GF=  1.7407 | solve=  1.6186 | scatter=  0.0508
f=     9.000 Hz | ky=  0.745042E-02 | IK=      10/      99 | t=    6.678200 s | CA=  2.5139 | fact=  2.4243 | GF=  1.7400 | solve=  1.6178 | scatter=  0.0508
f=     9.000 Hz | ky=  0.819546E-02 | IK=      11/      99 | t=    6.694100 s | CA=  2.5364 | fact=  2.4165 | GF=  1.7412 | solve=  1.6194 | scatter=  0.0505
f=     9.000 Hz | ky=  0.894050E-02 | IK=      12/      99 | t=    6.667600 s | CA=  2.5110 | fact=  2.4121 | GF=  1.7445 | solve=  1.6224 | scatter=  0.0510
f=     9.000 Hz | ky=  0.968554E-02 | IK=      13/      99 | t=    6.673000 s | CA=  2.5132 | fact=  2.4196 | GF=  1.7402 | solve=  1.6192 | scatter=  0.0499
f=     9.000 Hz | ky=  0.104306E-01 | IK=      14/      99 | t=    6.636500 s | CA=  2.4637 | fact=  2.4289 | GF=  1.7438 | solve=  1.6213 | scatter=  0.0512
f=     9.000 Hz | ky=  0.111756E-01 | IK=      15/      99 | t=    6.622500 s | CA=  2.4708 | fact=  2.4136 | GF=  1.7381 | solve=  1.6165 | scatter=  0.0504
f=     9.000 Hz | ky=  0.119207E-01 | IK=      16/      99 | t=    6.685300 s | CA=  2.5148 | fact=  2.4240 | GF=  1.7464 | solve=  1.6229 | scatter=  0.0522
f=     9.000 Hz | ky=  0.126657E-01 | IK=      17/      99 | t=    6.691600 s | CA=  2.5275 | fact=  2.4196 | GF=  1.7445 | solve=  1.6233 | scatter=  0.0499
PARDISO mem (f=  9.00 Hz): sym=  1.95 GB  perm=  1.42 GB  num=  3.22 GB  
peak=  4.64 GB
 WD_amp= 9.30969E+13  RESID_RMS= 3.77340E-04  FCOST_DATA= 7.11927E-08  FCOST0= 7.11927E-08
BT: alpha=  2.4414E-04  phi=  7.1193E-08  rhs=  7.1192E-08
 UPDATEPARAMETER: f-scale only
UPDATEPARAMETER PAR_STEP min/max, V_STEP min/max =  4.0798392851E+01  9.8194078644E+01
  4.0798392851E+01  9.8194078644E+01
 running run_ik_loop_pardiso
before CA | VmRSS=  27.896 GB  VmHWM= 160.692 GB
after CA | VmRSS=  28.613 GB  VmHWM= 160.692 GB
after factor | VmRSS=  32.385 GB  VmHWM= 160.692 GB
f=     9.000 Hz | ky=  0.745042E-03 | IK=       1/      99 | t=   16.862100 s | CA=  2.4095 | fact= 12.6160 | GF=  1.8364 | solve=  1.6863 | scatter=  0.0496
f=     9.000 Hz | ky=  0.149008E-02 | IK=       2/      99 | t=    6.599200 s | CA=  2.4787 | fact=  2.3872 | GF=  1.7333 | solve=  1.6134 | scatter=  0.0489
f=     9.000 Hz | ky=  0.223513E-02 | IK=       3/      99 | t=    6.604500 s | CA=  2.4751 | fact=  2.3896 | GF=  1.7397 | solve=  1.6179 | scatter=  0.0507
f=     9.000 Hz | ky=  0.298017E-02 | IK=       4/      99 | t=    6.563300 s | CA=  2.4535 | fact=  2.3707 | GF=  1.7390 | solve=  1.6165 | scatter=  0.0511
f=     9.000 Hz | ky=  0.372521E-02 | IK=       5/      99 | t=    6.583100 s | CA=  2.4471 | fact=  2.3942 | GF=  1.7418 | solve=  1.6197 | scatter=  0.0510
f=     9.000 Hz | ky=  0.447025E-02 | IK=       6/      99 | t=    6.579900 s | CA=  2.4525 | fact=  2.3890 | GF=  1.7384 | solve=  1.6163 | scatter=  0.0507
f=     9.000 Hz | ky=  0.521529E-02 | IK=       7/      99 | t=    6.707300 s | CA=  2.5364 | fact=  2.4210 | GF=  1.7499 | solve=  1.6272 | scatter=  0.0516
f=     9.000 Hz | ky=  0.596033E-02 | IK=       8/      99 | t=    6.669800 s | CA=  2.4987 | fact=  2.4244 | GF=  1.7466 | solve=  1.6247 | scatter=  0.0507
f=     9.000 Hz | ky=  0.670538E-02 | IK=       9/      99 | t=    6.646100 s | CA=  2.4844 | fact=  2.4173 | GF=  1.7444 | solve=  1.6217 | scatter=  0.0512
f=     9.000 Hz | ky=  0.745042E-02 | IK=      10/      99 | t=    6.645100 s | CA=  2.5089 | fact=  2.3938 | GF=  1.7424 | solve=  1.6201 | scatter=  0.0512
f=     9.000 Hz | ky=  0.819546E-02 | IK=      11/      99 | t=    6.605700 s | CA=  2.4507 | fact=  2.4082 | GF=  1.7468 | solve=  1.6241 | scatter=  0.0513
f=     9.000 Hz | ky=  0.894050E-02 | IK=      12/      99 | t=    6.692800 s | CA=  2.5348 | fact=  2.4200 | GF=  1.7380 | solve=  1.6177 | scatter=  0.0490
f=     9.000 Hz | ky=  0.968554E-02 | IK=      13/      99 | t=    6.636700 s | CA=  2.4743 | fact=  2.4179 | GF=  1.7445 | solve=  1.6225 | scatter=  0.0505
f=     9.000 Hz | ky=  0.104306E-01 | IK=      14/      99 | t=    6.714900 s | CA=  2.5610 | fact=  2.4114 | GF=  1.7425 | solve=  1.6210 | scatter=  0.0503
f=     9.000 Hz | ky=  0.111756E-01 | IK=      15/      99 | t=    6.642800 s | CA=  2.4778 | fact=  2.4243 | GF=  1.7407 | solve=  1.6191 | scatter=  0.0503
f=     9.000 Hz | ky=  0.119207E-01 | IK=      16/      99 | t=    6.686700 s | CA=  2.5233 | fact=  2.4233 | GF=  1.7400 | solve=  1.6200 | scatter=  0.0488
f=     9.000 Hz | ky=  0.126657E-01 | IK=      17/      99 | t=    6.700400 s | CA=  2.5361 | fact=  2.4182 | GF=  1.7461 | solve=  1.6232 | scatter=  0.0516
PARDISO mem (f=  9.00 Hz): sym=  1.95 GB  perm=  1.42 GB  num=  3.22 GB  
peak=  4.64 GB
 WD_amp= 9.30969E+13  RESID_RMS= 3.77339E-04  FCOST_DATA= 7.11922E-08  FCOST0= 7.11922E-08
BT: alpha=  1.2207E-04  phi=  7.1192E-08  rhs=  7.1192E-08
BT STOP (stagnation): alpha=  1.2207E-04  FCOST1=  7.1192E-08  FCOST0=  7.1192E-08
 UPDATEPARAMETER: f-scale only
UPDATEPARAMETER PAR_STEP min/max, V_STEP min/max =  4.0798324073E+01  9.8194060011E+01
  4.0798324073E+01  9.8194060011E+01
 running run_ik_loop_pardiso
before CA | VmRSS=  27.932 GB  VmHWM= 160.692 GB
after CA | VmRSS=  28.935 GB  VmHWM= 160.692 GB
after factor | VmRSS=  32.705 GB  VmHWM= 160.692 GB
f=     9.000 Hz | ky=  0.745042E-03 | IK=       1/      99 | t=   16.891900 s | CA=  2.4365 | fact= 12.6198 | GF=  1.8354 | solve=  1.6855 | scatter=  0.0492
f=     9.000 Hz | ky=  0.149008E-02 | IK=       2/      99 | t=    6.667600 s | CA=  2.5109 | fact=  2.4185 | GF=  1.7382 | solve=  1.6170 | scatter=  0.0501
f=     9.000 Hz | ky=  0.223513E-02 | IK=       3/      99 | t=    6.679100 s | CA=  2.5329 | fact=  2.4088 | GF=  1.7374 | solve=  1.6160 | scatter=  0.0501
f=     9.000 Hz | ky=  0.298017E-02 | IK=       4/      99 | t=    6.668700 s | CA=  2.5352 | fact=  2.3909 | GF=  1.7425 | solve=  1.6199 | scatter=  0.0514
f=     9.000 Hz | ky=  0.372521E-02 | IK=       5/      99 | t=    6.635800 s | CA=  2.4847 | fact=  2.4134 | GF=  1.7377 | solve=  1.6156 | scatter=  0.0509
f=     9.000 Hz | ky=  0.447025E-02 | IK=       6/      99 | t=    6.677200 s | CA=  2.5167 | fact=  2.4213 | GF=  1.7391 | solve=  1.6195 | scatter=  0.0483
f=     9.000 Hz | ky=  0.521529E-02 | IK=       7/      99 | t=    6.661300 s | CA=  2.4970 | fact=  2.4200 | GF=  1.7443 | solve=  1.6234 | scatter=  0.0498
f=     9.000 Hz | ky=  0.596033E-02 | IK=       8/      99 | t=    6.674500 s | CA=  2.5109 | fact=  2.4234 | GF=  1.7401 | solve=  1.6187 | scatter=  0.0502
f=     9.000 Hz | ky=  0.670538E-02 | IK=       9/      99 | t=    6.672500 s | CA=  2.5142 | fact=  2.4153 | GF=  1.7429 | solve=  1.6220 | scatter=  0.0498
f=     9.000 Hz | ky=  0.745042E-02 | IK=      10/      99 | t=    6.664900 s | CA=  2.4865 | fact=  2.4289 | GF=  1.7495 | solve=  1.6280 | scatter=  0.0503
f=     9.000 Hz | ky=  0.819546E-02 | IK=      11/      99 | t=    6.690000 s | CA=  2.5210 | fact=  2.4243 | GF=  1.7447 | solve=  1.6251 | scatter=  0.0484
f=     9.000 Hz | ky=  0.894050E-02 | IK=      12/      99 | t=    6.623800 s | CA=  2.4872 | fact=  2.3972 | GF=  1.7394 | solve=  1.6170 | scatter=  0.0512
f=     9.000 Hz | ky=  0.968554E-02 | IK=      13/      99 | t=    6.654800 s | CA=  2.5171 | fact=  2.3977 | GF=  1.7400 | solve=  1.6188 | scatter=  0.0498
f=     9.000 Hz | ky=  0.104306E-01 | IK=      14/      99 | t=    6.666500 s | CA=  2.5097 | fact=  2.4138 | GF=  1.7429 | solve=  1.6215 | scatter=  0.0501
f=     9.000 Hz | ky=  0.111756E-01 | IK=      15/      99 | t=    6.666300 s | CA=  2.4886 | fact=  2.4289 | GF=  1.7487 | solve=  1.6268 | scatter=  0.0504
f=     9.000 Hz | ky=  0.119207E-01 | IK=      16/      99 | t=    6.728600 s | CA=  2.5575 | fact=  2.4311 | GF=  1.7400 | solve=  1.6189 | scatter=  0.0497
f=     9.000 Hz | ky=  0.126657E-01 | IK=      17/      99 | t=    6.663400 s | CA=  2.4863 | fact=  2.4295 | GF=  1.7475 | solve=  1.6244 | scatter=  0.0517
PARDISO mem (f=  9.00 Hz): sym=  1.95 GB  perm=  1.42 GB  num=  3.22 GB  
peak=  4.64 GB
 WD_amp= 9.30969E+13  RESID_RMS= 3.77337E-04  FCOST_DATA= 7.11918E-08  FCOST0= 7.11918E-08
 Backtrack: failed after MAX_IT
 Line search failed (IFLAG=          11 ), inversion diverged.
  projecting back to physical grid for next frequency
  end of  frequency           15
 CR0 shape           6       27846      167076
 C0 shape           6       27846      167076
 RESULT FILES CLOSED
 Total iterations executed =           20
 Time of operation was    1033.41609768070      min
-------------------------------
End time: Tue May 26 12:15:37 +04 2026
===== MPI Execution Completed (status=0) =====
==== Job ended at: Tue May 26 12:15:37 +04 2026 ====
Total runtime (task 11): 17:13:27
Job completed. Results in /home/USER/53_lbfgs_nblock_merge/10Marmousi_VTI2/output_260525_4365098_11
