==== Job started at: Sun May 24 20:53:17 +04 2026 ====
[Task 1] Building executable for job 4365098...
rm -f *.o *.mod pmodules/*.o pmodules/*.mod \
  ../bin/Seis2D_GQG_FWI
mpiifort -O3 -xHost -g -traceback -qopenmp -qmkl -align array64byte -heap-arrays -fstack-protector -fpp -debug inline-debug-info -debug-parameters all -qopt-report=5 -qopt-report-phase=vec,loop,openmp -qopt-report-per-object -DSEIS_BUILD='"RELEASE"'  -I/apps/ku/intel-2023_2-gcc-9_4/impi-2021_10/mumps/5.7.2/include -DBLR_MT -c pmodules/err_mpi_mod.f90 -o pmodules/err_mpi_mod.o
mpiifort -O3 -xHost -g -traceback -qopenmp -qmkl -align array64byte -heap-arrays -fstack-protector -fpp -debug inline-debug-info -debug-parameters all -qopt-report=5 -qopt-report-phase=vec,loop,openmp -qopt-report-per-object -DSEIS_BUILD='"RELEASE"'  -I/apps/ku/intel-2023_2-gcc-9_4/impi-2021_10/mumps/5.7.2/include -DBLR_MT -c pmodules/hardware_mod.f90 -o pmodules/hardware_mod.o
mpiifort -O3 -xHost -g -traceback -qopenmp -qmkl -align array64byte -heap-arrays -fstack-protector -fpp -debug inline-debug-info -debug-parameters all -qopt-report=5 -qopt-report-phase=vec,loop,openmp -qopt-report-per-object -DSEIS_BUILD='"RELEASE"'  -I/apps/ku/intel-2023_2-gcc-9_4/impi-2021_10/mumps/5.7.2/include -DBLR_MT -c pmodules/constant_mod.f90 -o pmodules/constant_mod.o
mpiifort -O3 -xHost -g -traceback -qopenmp -qmkl -align array64byte -heap-arrays -fstack-protector -fpp -debug inline-debug-info -debug-parameters all -qopt-report=5 -qopt-report-phase=vec,loop,openmp -qopt-report-per-object -DSEIS_BUILD='"RELEASE"'  -I/apps/ku/intel-2023_2-gcc-9_4/impi-2021_10/mumps/5.7.2/include -DBLR_MT -c pmodules/shared_mod.f90 -o pmodules/shared_mod.o
mpiifort -O3 -xHost -g -traceback -qopenmp -qmkl -align array64byte -heap-arrays -fstack-protector -fpp -debug inline-debug-info -debug-parameters all -qopt-report=5 -qopt-report-phase=vec,loop,openmp -qopt-report-per-object -DSEIS_BUILD='"RELEASE"'  -I/apps/ku/intel-2023_2-gcc-9_4/impi-2021_10/mumps/5.7.2/include -DBLR_MT -c pmodules/gridtype_mod.f90 -o pmodules/gridtype_mod.o
mpiifort -O3 -xHost -g -traceback -qopenmp -qmkl -align array64byte -heap-arrays -fstack-protector -fpp -debug inline-debug-info -debug-parameters all -qopt-report=5 -qopt-report-phase=vec,loop,openmp -qopt-report-per-object -DSEIS_BUILD='"RELEASE"'  -I/apps/ku/intel-2023_2-gcc-9_4/impi-2021_10/mumps/5.7.2/include -DBLR_MT -c input_mod.f90
mpiifort -O3 -xHost -g -traceback -qopenmp -qmkl -align array64byte -heap-arrays -fstack-protector -fpp -debug inline-debug-info -debug-parameters all -qopt-report=5 -qopt-report-phase=vec,loop,openmp -qopt-report-per-object -DSEIS_BUILD='"RELEASE"'  -I/apps/ku/intel-2023_2-gcc-9_4/impi-2021_10/mumps/5.7.2/include -DBLR_MT -c pmodules/output_mod.f90 -o pmodules/output_mod.o
mpiifort -O3 -xHost -g -traceback -qopenmp -qmkl -align array64byte -heap-arrays -fstack-protector -fpp -debug inline-debug-info -debug-parameters all -qopt-report=5 -qopt-report-phase=vec,loop,openmp -qopt-report-per-object -DSEIS_BUILD='"RELEASE"'  -I/apps/ku/intel-2023_2-gcc-9_4/impi-2021_10/mumps/5.7.2/include -DBLR_MT -c pmodules/ky_sampling_mod.f90 -o pmodules/ky_sampling_mod.o
mpiifort -O3 -xHost -g -traceback -qopenmp -qmkl -align array64byte -heap-arrays -fstack-protector -fpp -debug inline-debug-info -debug-parameters all -qopt-report=5 -qopt-report-phase=vec,loop,openmp -qopt-report-per-object -DSEIS_BUILD='"RELEASE"'  -I/apps/ku/intel-2023_2-gcc-9_4/impi-2021_10/mumps/5.7.2/include -DBLR_MT -c pmodules/grid_mod.f90 -o pmodules/grid_mod.o
mpiifort -O3 -xHost -g -traceback -qopenmp -qmkl -align array64byte -heap-arrays -fstack-protector -fpp -debug inline-debug-info -debug-parameters all -qopt-report=5 -qopt-report-phase=vec,loop,openmp -qopt-report-per-object -DSEIS_BUILD='"RELEASE"'  -I/apps/ku/intel-2023_2-gcc-9_4/impi-2021_10/mumps/5.7.2/include -DBLR_MT -c pmodules/boundaries_mod.f90 -o pmodules/boundaries_mod.o
mpiifort -O3 -xHost -g -traceback -qopenmp -qmkl -align array64byte -heap-arrays -fstack-protector -fpp -debug inline-debug-info -debug-parameters all -qopt-report=5 -qopt-report-phase=vec,loop,openmp -qopt-report-per-object -DSEIS_BUILD='"RELEASE"'  -I/apps/ku/intel-2023_2-gcc-9_4/impi-2021_10/mumps/5.7.2/include -DBLR_MT -c pmodules/scalers_mod.f90 -o pmodules/scalers_mod.o
mpiifort -O3 -xHost -g -traceback -qopenmp -qmkl -align array64byte -heap-arrays -fstack-protector -fpp -debug inline-debug-info -debug-parameters all -qopt-report=5 -qopt-report-phase=vec,loop,openmp -qopt-report-per-object -DSEIS_BUILD='"RELEASE"'  -I/apps/ku/intel-2023_2-gcc-9_4/impi-2021_10/mumps/5.7.2/include -DBLR_MT -c pmodules/misfit_mod.f90 -o pmodules/misfit_mod.o
mpiifort -O3 -xHost -g -traceback -qopenmp -qmkl -align array64byte -heap-arrays -fstack-protector -fpp -debug inline-debug-info -debug-parameters all -qopt-report=5 -qopt-report-phase=vec,loop,openmp -qopt-report-per-object -DSEIS_BUILD='"RELEASE"'  -I/apps/ku/intel-2023_2-gcc-9_4/impi-2021_10/mumps/5.7.2/include -DBLR_MT -c pmodules/partial_derivatives_mod.f90 -o pmodules/partial_derivatives_mod.o
mpiifort -O3 -xHost -g -traceback -qopenmp -qmkl -align array64byte -heap-arrays -fstack-protector -fpp -debug inline-debug-info -debug-parameters all -check bounds -qopt-report=5 -qopt-report-phase=vec,loop,openmp -qopt-report-per-object -c Frechet_mod.f90
mpiifort -O3 -xHost -g -traceback -qopenmp -qmkl -align array64byte -heap-arrays -fstack-protector -fpp -debug inline-debug-info -debug-parameters all -qopt-report=5 -qopt-report-phase=vec,loop,openmp -qopt-report-per-object -DSEIS_BUILD='"RELEASE"'  -I/apps/ku/intel-2023_2-gcc-9_4/impi-2021_10/mumps/5.7.2/include -DBLR_MT -c gradient_mod.f90
mpiifort -O3 -xHost -g -traceback -qopenmp -qmkl -align array64byte -heap-arrays -fstack-protector -fpp -debug inline-debug-info -debug-parameters all -qopt-report=5 -qopt-report-phase=vec,loop,openmp -qopt-report-per-object -DSEIS_BUILD='"RELEASE"'  -I/apps/ku/intel-2023_2-gcc-9_4/impi-2021_10/mumps/5.7.2/include -DBLR_MT -c pmodules/stiffness_assembly_mod.f90 -o pmodules/stiffness_assembly_mod.o
mpiifort -O3 -xHost -g -traceback -qopenmp -qmkl -align array64byte -heap-arrays -fstack-protector -fpp -debug inline-debug-info -debug-parameters all -qopt-report=5 -qopt-report-phase=vec,loop,openmp -qopt-report-per-object -DSEIS_BUILD='"RELEASE"'  -I/apps/ku/intel-2023_2-gcc-9_4/impi-2021_10/mumps/5.7.2/include -DBLR_MT -c pmodules/solvers_mod.f90 -o pmodules/solvers_mod.o
mpiifort -O3 -xHost -g -traceback -qopenmp -qmkl -align array64byte -heap-arrays -fstack-protector -fpp -debug inline-debug-info -debug-parameters all -check bounds -qopt-report=5 -qopt-report-phase=vec,loop,openmp -qopt-report-per-object -c F_modeling.f90
mpiifort -O3 -xHost -g -traceback -qopenmp -qmkl -align array64byte -heap-arrays -fstack-protector -fpp -debug inline-debug-info -debug-parameters all -qopt-report=5 -qopt-report-phase=vec,loop,openmp -qopt-report-per-object -DSEIS_BUILD='"RELEASE"'  -I/apps/ku/intel-2023_2-gcc-9_4/impi-2021_10/mumps/5.7.2/include -DBLR_MT -c lbfgs_mod.f90
mpiifort -O3 -xHost -g -traceback -qopenmp -qmkl -align array64byte -heap-arrays -fstack-protector -fpp -debug inline-debug-info -debug-parameters all -qopt-report=5 -qopt-report-phase=vec,loop,openmp -qopt-report-per-object -DSEIS_BUILD='"RELEASE"'  -I/apps/ku/intel-2023_2-gcc-9_4/impi-2021_10/mumps/5.7.2/include -DBLR_MT -c lbfgs_lsearch.f90
mpiifort -O3 -xHost -g -traceback -qopenmp -qmkl -align array64byte -heap-arrays -fstack-protector -fpp -debug inline-debug-info -debug-parameters all -qopt-report=5 -qopt-report-phase=vec,loop,openmp -qopt-report-per-object -DSEIS_BUILD='"RELEASE"'  -I/apps/ku/intel-2023_2-gcc-9_4/impi-2021_10/mumps/5.7.2/include -DBLR_MT -c Seis2D_GQG_FWI.f90
mkdir -p ../bin
mpiifort -O3 -xHost -g -traceback -qopenmp -qmkl -align array64byte -heap-arrays -fstack-protector -fpp -debug inline-debug-info -debug-parameters all -qopt-report=5 -qopt-report-phase=vec,loop,openmp -qopt-report-per-object -DSEIS_BUILD='"RELEASE"'  -I/apps/ku/intel-2023_2-gcc-9_4/impi-2021_10/mumps/5.7.2/include -DBLR_MT pmodules/err_mpi_mod.o pmodules/hardware_mod.o pmodules/constant_mod.o pmodules/shared_mod.o pmodules/gridtype_mod.o input_mod.o pmodules/output_mod.o pmodules/ky_sampling_mod.o pmodules/grid_mod.o pmodules/boundaries_mod.o pmodules/scalers_mod.o pmodules/misfit_mod.o pmodules/partial_derivatives_mod.o Frechet_mod.o gradient_mod.o pmodules/stiffness_assembly_mod.o pmodules/solvers_mod.o F_modeling.o lbfgs_mod.o lbfgs_lsearch.o Seis2D_GQG_FWI.o  -qmkl=parallel  -L/apps/ku/intel-2023_2-gcc-9_4/impi-2021_10/mumps/5.7.2/lib -lzmumps -lmumps_common -lpord -lparmetis -lmetis -lptesmumps -lptscotch -lptscotcherr -lscotch -lmkl_scalapack_lp64 -lmkl_blacs_intelmpi_lp64 -o ../bin/Seis2D_GQG_FWI
[Task 1] Build completed: /home/USER/53_lbfgs_nblock_merge/bin/Seis2D_GQG_FWI_4365098
===== Starting MPI Execution =====
Start time: Sun May 24 20:54:28 +04 2026
Job ID: 4365098, Array task: 1
Nodes: cn-2-[44,51-52],cn-5-21,cn-13-[4-5]
CPUs per task: 52
Memory per node: Not specified
----------------------------------
 n_process           6
 Build mode   : RELEASE
                                                       
       ************************************************
       *                                              *
       * 2D/2.5D frequency-domain seismic wave model- *
       * ing  in  arbitrary  anisotropic viscoelastic *
       * media with GQG approach and multiparameter FWI *
       ************************************************
 MainInput file
 /home/USER/Models/Marmousi_VTI_2/Main_synth_Marmousi_TI_4000_20m_
 sig4_v800_1.inp
 InitInput file
 /home/USER/Models/Marmousi_VTI_2/Init_VTI_Marmousi_TI_4400_20m_si
 g4_v800_1d.inp
 ---- (1) working-job definition ----------------
lambda_min:         102.2222
Element spacing:  DX=   51.00  DZ=   51.00
NORD (points/elem)= 5
Required Nodal spacing:    =    0.00  Actual Nodal spacing=   12.75
PPW_x=   8.017  PPW_z=   8.017
Required PPW =  5.0 (on lambda_min)
 Sampling OK (PPW >= required).
 InitInputQ file
 /home/USER/Models/Marmousi_VTI_2/InitQ_VTI_Marmousi_TI_4400_20m_s
 ig4_v800_1d.inp
 ------------------------ TOPOGRAPHY DATA  --------------------------           
  
 
XMIN =      0.00 XMAX =   4400.00 ZMIN =      0.00 ZMAX =      0.00
   
       (4) anisotropic model
 beta for hess  5.000000000000000E-003
 MODEL PARAMETERS LOADED
       (5) data acquisition mode
 beta for hess  5.000000000000000E-003
 beta for hess  5.000000000000000E-003
 beta for hess  5.000000000000000E-003
 INITIAL INPUT LOADING COMPLETE
 beta for hess  5.000000000000000E-003
 param_scale_raw(IA=  1) =  2.31340E+03
 param_scale_raw(IA=  2) =  6.89400E+10
 param_scale_raw(IA=  3) =  2.34760E+10
 param_scale_raw(IA=  4) =  5.80300E+10
 param_scale_raw(IA=  5) =  1.93200E+10
 param_scale_raw(IA=  6) =  2.29520E+10
 param_scale_raw(IA=  7) =  2.14808E+02
 param_scale_raw(IA=  8) =  2.44557E+02
 param_scale_raw(IA=  9) =  2.35000E+02
 param_scale_raw(IA= 10) =  1.35595E+02
 param_scale_raw(IA= 11) =  1.23944E+02
 --- Building single global mesh for all bands (NORD=           5 , DX=
   51.0000000000000      , DZ=   51.0000000000000      )  FREQ_MESH=
   9.00000000000000     
 Max source burial for GQG mask (m) =   0.000000000000000E+000
 IZ for GQG mesh =            0
Original XMIN =      0.000
 Original XMAX =   4400.000
Original ZMIN =  -2500.000
 Original ZMAX =      0.000
  
 
actual absorb. zone=      1709.09m  cells=   33
Adjusted XMIN =  -1683.000  XMAX =   6083.000
Adjusted ZMIN =  -4183.000
Computed NX, NZ  (COARSE grid) =      153       83 NBLOCK (elements) =    12464
Computed NNX, NNZ (GQG) =      609      329 NPT (grid pts) =   200361
 
calling ShiftCoordinates for FREQ   9.00
       Shifted X_range:        -3883.0000          3883.0000
       Shifted Z_range:            0.0000          4183.0000
 
 beta for hess  5.000000000000000E-003
calling GQG_2D for FREQ   9.00
Data weighting computed for frequency 4607182418800017373
Data weighting computed for frequency 4607182418800017373
Data weighting computed for frequency 4607182418800017373
Data weighting computed for frequency 4607182418800017373
Data weighting computed for frequency 4607182418800017373
 GQG grid created
 --- SHIFT/MAP CHECK (53) ---
XM first,last =     -2200.0000     2200.0000
ZM first 10:
   1.683000E+03   1.703000E+03   1.723000E+03   1.743000E+03   1.763000E+03   1.783000E+03   1.803000E+03   1.823000E+03   1.843000E+03   1.863000E+03
XSR,ZSR first 10:
   1     -1960.0000      4183.0000
   2     -1760.0000      4183.0000
   3     -1560.0000      4183.0000
   4     -1360.0000      4183.0000
   5     -1160.0000      4183.0000
   6      -960.0000      4183.0000
   7      -760.0000      4183.0000
   8      -560.0000      4183.0000
   9      -360.0000      4183.0000
  10      -160.0000      4183.0000
MSR(1) =      8
MSR1(1,:) first 10:
    49678    49679    50007    50008    50336    50337    50665    50666
FSR(1,:) first 10:
   1.161652E-01   1.516380E-01   1.478479E-01   2.570689E-01   9.152785E-02   1.061466E-01   6.272416E-02   6.688134E-02
SIG(1) 920.0000000000000 FREQ2 9.000000000000000
       Min.wavel.:      102.22  Min.subd.=
IE0, IZ 33 0
 --------- Frequency   2.75000000000000       (band            1 )
[ComputeAcqWeight] empty acq_weight_file, using uniform weights = 1.0
Data weighting computed for frequency 4607182418800017373
XSRmin, XSRmax, ZSRmin, ZSRMax -1960.000000000000 .000000000000000 2203.000000000000 4183.000000000000
1 FKYC
1.2 FKYC
my_rank, FKYC,WLMAX, RMAX 0 .2253751251488329E-01 1862.828652670098 2786.036611389018
1.1 NK
NK in cky2= 55

  Number of wavenumber samples (NK) for FREQ =   55
  RMAX = 2786.04
--- Pre-solver preview (memory + RHS workload) ---
   GQG dims: NNX=       609  NNZ=       329  NPT=    200361
   DOF:     N=3*NPT =    601083
   Sources: NSR=       100  NSS=        20  NK=        55
   RHS total (per IK): nrhs_tot=3*NSS =        60
   Batch:    MAX_RHS_BATCH=        32  nbatches=         2
   GFMY  (GFX+GFY+GFZ):         14.779 GB
   RHS_MY(rhs+sol buffers):      0.573 GB
 
 running run_ik_loop_pardiso
before CA | VmRSS=  14.951 GB  VmHWM=  14.951 GB
after CA | VmRSS=  16.819 GB  VmHWM=  21.096 GB
after factor | VmRSS=  21.026 GB  VmHWM=  21.096 GB
f=     2.750 Hz | ky=  0.409773E-03 | IK=       1/      55 | t=   18.458200 s | CA=  2.6453 | fact= 13.7966 | GF=  2.0161 | solve=  1.8521 | scatter=  0.0544
f=     2.750 Hz | ky=  0.819546E-03 | IK=       2/      55 | t=    7.213700 s | CA=  2.7204 | fact=  2.5840 | GF=  1.9093 | solve=  1.7766 | scatter=  0.0561
f=     2.750 Hz | ky=  0.122932E-02 | IK=       3/      55 | t=    7.243900 s | CA=  2.7554 | fact=  2.5729 | GF=  1.9156 | solve=  1.7858 | scatter=  0.0534
f=     2.750 Hz | ky=  0.163909E-02 | IK=       4/      55 | t=    7.175900 s | CA=  2.6845 | fact=  2.5791 | GF=  1.9123 | solve=  1.7776 | scatter=  0.0564
f=     2.750 Hz | ky=  0.204886E-02 | IK=       5/      55 | t=    7.226900 s | CA=  2.7394 | fact=  2.5788 | GF=  1.9087 | solve=  1.7790 | scatter=  0.0531
f=     2.750 Hz | ky=  0.245864E-02 | IK=       6/      55 | t=    7.224700 s | CA=  2.7180 | fact=  2.5845 | GF=  1.9221 | solve=  1.7877 | scatter=  0.0570
f=     2.750 Hz | ky=  0.286841E-02 | IK=       7/      55 | t=    7.189400 s | CA=  2.6937 | fact=  2.5844 | GF=  1.9113 | solve=  1.7794 | scatter=  0.0556
f=     2.750 Hz | ky=  0.327818E-02 | IK=       8/      55 | t=    7.206600 s | CA=  2.7086 | fact=  2.5859 | GF=  1.9120 | solve=  1.7811 | scatter=  0.0543
f=     2.750 Hz | ky=  0.368796E-02 | IK=       9/      55 | t=    7.200900 s | CA=  2.7066 | fact=  2.5787 | GF=  1.9155 | solve=  1.7816 | scatter=  0.0575
f=     2.750 Hz | ky=  0.409773E-02 | IK=      10/      55 | t=    7.238600 s | CA=  2.7304 | fact=  2.5934 | GF=  1.9148 | solve=  1.7829 | scatter=  0.0554
PARDISO mem (f=  2.75 Hz): sym=  2.09 GB  perm=  1.52 GB  num=  3.46 GB  
peak=  4.98 GB
t_global   =    126.457 s
TIME for 1st forward modeling =  2.082160059611003  min
TIME for GT0 =  .5075000226497650E-02  min
Data scaler W for L2 norm: 55827178845567.23
Data scaler W for WQS norm: .1007948000807317E-312
Total number of active inversion parameters for current sequential stage (IM):          1
Total model blocks points (NM = IM * NBLOCK):      12464 on grid (NMM = IM * NPT):    200361
 Gradient balance ():   1.00000000000000        1.00000000000000     
   1.00000000000000        1.00000000000000        1.00000000000000     
   1.00000000000000        1.00000000000000        1.00000000000000     
   1.00000000000000        1.00000000000000        1.00000000000000     
 IE0, IZ          33           0
 IE0, IZ, GZ1, GZ2 =           33           0   100.000000000000     
   300.000000000000     
  
 Frequency:           1 Iteration:           1
--- Pre-solver preview (memory + RHS workload) ---
   GQG dims: NNX=       609  NNZ=       329  NPT=    200361
   DOF:     N=3*NPT =    601083
   Sources: NSR=       100  NSS=       100  NK=        55
   RHS total (per IK): nrhs_tot=3*NSS =       300
   Batch:    MAX_RHS_BATCH=        32  nbatches=        10
   GFMY  (GFX+GFY+GFZ):         73.894 GB
   RHS_MY(rhs+sol buffers):      0.573 GB
 
 running run_ik_loop_pardiso
before CA | VmRSS=  75.239 GB  VmHWM=  75.239 GB
after CA | VmRSS=  76.998 GB  VmHWM=  81.262 GB
after factor | VmRSS=  81.157 GB  VmHWM=  81.262 GB
f=     2.750 Hz | ky=  0.409773E-03 | IK=       1/      55 | t=   25.918300 s | CA=  2.6431 | fact= 13.6787 | GF=  9.5963 | solve=  8.7559 | scatter=  0.4163
f=     2.750 Hz | ky=  0.819546E-03 | IK=       2/      55 | t=   14.675800 s | CA=  2.7391 | fact=  2.5823 | GF=  9.3543 | solve=  8.6911 | scatter=  0.2729
f=     2.750 Hz | ky=  0.122932E-02 | IK=       3/      55 | t=   14.631600 s | CA=  2.7081 | fact=  2.5811 | GF=  9.3424 | solve=  8.6763 | scatter=  0.2747
f=     2.750 Hz | ky=  0.163909E-02 | IK=       4/      55 | t=   14.652300 s | CA=  2.7579 | fact=  2.5470 | GF=  9.3473 | solve=  8.6832 | scatter=  0.2732
f=     2.750 Hz | ky=  0.204886E-02 | IK=       5/      55 | t=   14.613100 s | CA=  2.6712 | fact=  2.5875 | GF=  9.3544 | solve=  8.6885 | scatter=  0.2748
f=     2.750 Hz | ky=  0.245864E-02 | IK=       6/      55 | t=   14.399200 s | CA=  2.6761 | fact=  2.5392 | GF=  9.1839 | solve=  8.5187 | scatter=  0.2738
f=     2.750 Hz | ky=  0.286841E-02 | IK=       7/      55 | t=   14.452000 s | CA=  2.7295 | fact=  2.6045 | GF=  9.1179 | solve=  8.4501 | scatter=  0.2753
f=     2.750 Hz | ky=  0.327818E-02 | IK=       8/      55 | t=   14.374700 s | CA=  2.6548 | fact=  2.5981 | GF=  9.1217 | solve=  8.4545 | scatter=  0.2765
f=     2.750 Hz | ky=  0.368796E-02 | IK=       9/      55 | t=   14.386900 s | CA=  2.6733 | fact=  2.6149 | GF=  9.0987 | solve=  8.4378 | scatter=  0.2693
f=     2.750 Hz | ky=  0.409773E-02 | IK=      10/      55 | t=   14.405100 s | CA=  2.7159 | fact=  2.5966 | GF=  9.0925 | solve=  8.4280 | scatter=  0.2726
PARDISO mem (f=  2.75 Hz): sym=  2.09 GB  perm=  1.52 GB  num=  3.46 GB  
peak=  4.98 GB
t_global   =    360.644 s
TIME for 2d forward modeling_i calc =  6.010283406575521 min
Rank    1 -> ID range:    801 to   1600 | Tasks:    800
Rank    4 -> ID range:   3201 to   4000 | Tasks:    800
Rank    3 -> ID range:   2401 to   3200 | Tasks:    800
Rank    2 -> ID range:   1601 to   2400 | Tasks:    800
Rank    5 -> ID range:   4001 to   4800 | Tasks:    800
  
 -------------- calculate Frechet derivatives -----------
 IFREQ =           1    ITERATION =           1
Frechet memory size Frec_my:      0.891 (Gb)
Rank    0 -> ID range:      1 to    800 | Tasks:    800
FREQ:      2.8 Hz, ITER=       1  Frechet Derivative ID=     100/    4800 Finished   0.185900 s
FREQ:      2.8 Hz, ITER=       1  Frechet Derivative ID=     200/    4800 Finished   0.181100 s
FREQ:      2.8 Hz, ITER=       1  Frechet Derivative ID=     300/    4800 Finished   0.178800 s
FREQ:      2.8 Hz, ITER=       1  Frechet Derivative ID=     400/    4800 Finished   0.167300 s
FREQ:      2.8 Hz, ITER=       1  Frechet Derivative ID=     500/    4800 Finished   0.184900 s
FREQ:      2.8 Hz, ITER=       1  Frechet Derivative ID=     600/    4800 Finished   0.183100 s
FREQ:      2.8 Hz, ITER=       1  Frechet Derivative ID=     700/    4800 Finished   0.180400 s
FREQ:      2.8 Hz, ITER=       1  Frechet Derivative ID=     800/    4800 Finished   0.178800 s
||Frechet||_F=  1.9747E-12max|Frechet|=  1.9513E-17
||Frechet||_F=  1.9747E-12max|Frechet|=  1.9513E-17
 
TIME for Frechet calc =  2.906608327229818 min
 
||Frechet||_F=  1.9747E-12max|Frechet|=  1.9513E-17
||Frechet||_F=  1.9747E-12max|Frechet|=  1.9513E-17
||Frechet||_F=  1.9747E-12max|Frechet|=  1.9513E-17
||Frechet||_F=  1.9747E-12max|Frechet|=  1.9513E-17
IA=  1  max|F|= 1.08938E-03  rms|F|= 8.43230E-06  F_SCALE(Inf)= 9.17957E+02  F_SCALE_L2= 1.18592E+05
m_fine: min=  2.0022E+03  max=  2.3134E+03  mean=  2.2184E+03  ||.||2=  9.9448E+05  size=  200361
m_coarse_prev: min=  2.0025E+03  max=  2.3134E+03  mean=  2.2185E+03  ||.||2=  2.4806E+05  size=   12464
 
  compute the residual and the cost function
 WD_amp= 5.58272E+13  RESID_RMS= 1.04171E-01  FCOST_DATA= 5.42578E-03  FCOST0= 5.42578E-03
IA=  1  H(single F0) min= 0.00000E+00  max= 6.35493E-03
IA=  1  H(F0^2)     min= 0.00000E+00  max= 6.35493E-03
HESSD: ia=   1  min= 0.00000E+00  max= 3.14187E+04
IA=  1  H(single F0) min= 0.00000E+00  max= 6.35493E-03
IA=  1  H(F0^2)     min= 0.00000E+00  max= 6.35493E-03
HESSD: ia=   1  min= 0.00000E+00  max= 3.14187E+04
IA=  1  H(single F0) min= 0.00000E+00  max= 6.35493E-03
IA=  1  H(F0^2)     min= 0.00000E+00  max= 6.35493E-03
HESSD: ia=   1  min= 0.00000E+00  max= 3.14187E+04
IA=  1  H(single F0) min= 0.00000E+00  max= 6.35493E-03
IA=  1  H(F0^2)     min= 0.00000E+00  max= 6.35493E-03
HESSD: ia=   1  min= 0.00000E+00  max= 3.14187E+04
IA=  1  H(single F0) min= 0.00000E+00  max= 6.35493E-03
IA=  1  H(F0^2)     min= 0.00000E+00  max= 6.35493E-03
HESSD: ia=   1  min= 0.00000E+00  max= 3.14187E+04
IA=  1  H(single F0) min= 0.00000E+00  max= 6.35493E-03
IA=  1  H(F0^2)     min= 0.00000E+00  max= 6.35493E-03
HESSD: ia=   1  min= 0.00000E+00  max= 3.14187E+04
Grad block   1 GRAD_SCALED MORM =   7.6051E-03
Raw grad block  1  PAR={rho}  min= -2.9260E-07  max=  7.5166E-07  L2=  8.7622E-06
Gradient finished
Start LBFGS 
LBFGS steepest step , iter=      1
  g·p = -1.4781E-01  ||p|| =  2.8051E+01
  min(p)= -1.3902E+00  max(p)=  7.7671E-01
LBFGS p_k (unscaled) stats per active parameter:
  IA=  1  PAR={rho}  min=-1.27615E+03  max= 7.12983E+02  L2= 2.57492E+04
min(p_k)= -1.3902E+00  max(p_k)=  7.7671E-01  ||p_k||=  2.8051E+01
min(p_kf)= -1.3902E+00  max(p_kf)=  7.7671E-01  ||p_kf||=  1.1220E+02
p_k/p_kf  =   2.5000E-01
Start linesearch
BT entry: phi(0)=  5.4258E-03  g·p(0)= -1.4781E-01
 UPDATEPARAMETER: f-scale only
UPDATEPARAMETER PAR_STEP min/max, V_STEP min/max =  7.7172639330E+02  2.8706037864E+03
  7.7172639330E+02  2.8706037864E+03
REL STEP elastic: k=  1 row=  1 rmax_k=  6.2189E-01 row_scale=  2.3134E+03
BT cap probe: rmax1=  6.2189E-01  alpha_cap=  8.0400E-01  alpha00=  1.0000E+00
 UPDATEPARAMETER: f-scale only
UPDATEPARAMETER PAR_STEP min/max, V_STEP min/max =  1.0205110000E+03  2.7328306189E+03
  1.0205110000E+03  2.7328306189E+03
 running run_ik_loop_pardiso
before CA | VmRSS=  17.324 GB  VmHWM=  87.441 GB
after CA | VmRSS=  18.744 GB  VmHWM=  87.441 GB
after factor | VmRSS=  22.762 GB  VmHWM=  87.441 GB
f=     2.750 Hz | ky=  0.409773E-03 | IK=       1/      55 | t=   18.407800 s | CA=  2.6949 | fact= 13.6915 | GF=  2.0211 | solve=  1.8592 | scatter=  0.0532
f=     2.750 Hz | ky=  0.819546E-03 | IK=       2/      55 | t=    7.195200 s | CA=  2.7007 | fact=  2.5831 | GF=  1.9114 | solve=  1.7773 | scatter=  0.0574
f=     2.750 Hz | ky=  0.122932E-02 | IK=       3/      55 | t=    7.194900 s | CA=  2.7028 | fact=  2.5805 | GF=  1.9116 | solve=  1.7792 | scatter=  0.0558
f=     2.750 Hz | ky=  0.163909E-02 | IK=       4/      55 | t=    7.195300 s | CA=  2.7089 | fact=  2.5731 | GF=  1.9132 | solve=  1.7838 | scatter=  0.0528
f=     2.750 Hz | ky=  0.204886E-02 | IK=       5/      55 | t=    7.206000 s | CA=  2.7212 | fact=  2.5810 | GF=  1.9038 | solve=  1.7744 | scatter=  0.0525
f=     2.750 Hz | ky=  0.245864E-02 | IK=       6/      55 | t=    7.251800 s | CA=  2.7603 | fact=  2.5803 | GF=  1.9111 | solve=  1.7808 | scatter=  0.0538
f=     2.750 Hz | ky=  0.286841E-02 | IK=       7/      55 | t=    7.210300 s | CA=  2.7112 | fact=  2.5830 | GF=  1.9161 | solve=  1.7849 | scatter=  0.0543
f=     2.750 Hz | ky=  0.327818E-02 | IK=       8/      55 | t=    7.233800 s | CA=  2.7362 | fact=  2.5859 | GF=  1.9117 | solve=  1.7804 | scatter=  0.0547
f=     2.750 Hz | ky=  0.368796E-02 | IK=       9/      55 | t=    7.179400 s | CA=  2.6813 | fact=  2.5818 | GF=  1.9163 | solve=  1.7857 | scatter=  0.0536
f=     2.750 Hz | ky=  0.409773E-02 | IK=      10/      55 | t=    7.248700 s | CA=  2.7860 | fact=  2.5485 | GF=  1.9141 | solve=  1.7854 | scatter=  0.0519
PARDISO mem (f=  2.75 Hz): sym=  2.09 GB  perm=  1.52 GB  num=  3.46 GB  
peak=  4.98 GB
 WD_amp= 5.58272E+13  RESID_RMS= 1.21031E+00  FCOST_DATA= 7.32427E-01  FCOST0= 7.32427E-01
BT: alpha=  8.0400E-01  phi=  7.3243E-01  rhs=  5.4139E-03
 UPDATEPARAMETER: f-scale only
UPDATEPARAMETER PAR_STEP min/max, V_STEP min/max =  1.5307665000E+03  2.4511608341E+03
  1.5307665000E+03  2.4511608341E+03
 running run_ik_loop_pardiso
before CA | VmRSS=  17.293 GB  VmHWM=  87.441 GB
after CA | VmRSS=  19.122 GB  VmHWM=  87.441 GB
after factor | VmRSS=  23.155 GB  VmHWM=  87.441 GB
f=     2.750 Hz | ky=  0.409773E-03 | IK=       1/      55 | t=   18.349300 s | CA=  2.6617 | fact= 13.6736 | GF=  2.0138 | solve=  1.8514 | scatter=  0.0539
f=     2.750 Hz | ky=  0.819546E-03 | IK=       2/      55 | t=    7.189600 s | CA=  2.7428 | fact=  2.5404 | GF=  1.9064 | solve=  1.7768 | scatter=  0.0531
f=     2.750 Hz | ky=  0.122932E-02 | IK=       3/      55 | t=    7.146100 s | CA=  2.6583 | fact=  2.5760 | GF=  1.9117 | solve=  1.7829 | scatter=  0.0525
f=     2.750 Hz | ky=  0.163909E-02 | IK=       4/      55 | t=    7.204300 s | CA=  2.7191 | fact=  2.5710 | GF=  1.9142 | solve=  1.7850 | scatter=  0.0525
f=     2.750 Hz | ky=  0.204886E-02 | IK=       5/      55 | t=    7.174200 s | CA=  2.6943 | fact=  2.5669 | GF=  1.9129 | solve=  1.7823 | scatter=  0.0538
f=     2.750 Hz | ky=  0.245864E-02 | IK=       6/      55 | t=    7.234700 s | CA=  2.7411 | fact=  2.5815 | GF=  1.9121 | solve=  1.7807 | scatter=  0.0550
f=     2.750 Hz | ky=  0.286841E-02 | IK=       7/      55 | t=    7.167200 s | CA=  2.6806 | fact=  2.5758 | GF=  1.9107 | solve=  1.7832 | scatter=  0.0511
f=     2.750 Hz | ky=  0.327818E-02 | IK=       8/      55 | t=    7.273900 s | CA=  2.7785 | fact=  2.5801 | GF=  1.9152 | solve=  1.7853 | scatter=  0.0537
f=     2.750 Hz | ky=  0.368796E-02 | IK=       9/      55 | t=    7.196300 s | CA=  2.6963 | fact=  2.5919 | GF=  1.9080 | solve=  1.7765 | scatter=  0.0546
f=     2.750 Hz | ky=  0.409773E-02 | IK=      10/      55 | t=    7.133800 s | CA=  2.6683 | fact=  2.5522 | GF=  1.9133 | solve=  1.7825 | scatter=  0.0544
PARDISO mem (f=  2.75 Hz): sym=  2.09 GB  perm=  1.52 GB  num=  3.46 GB  
peak=  4.98 GB
 WD_amp= 5.58272E+13  RESID_RMS= 8.83119E-01  FCOST_DATA= 3.89949E-01  FCOST0= 3.89949E-01
BT: alpha=  4.0200E-01  phi=  3.8995E-01  rhs=  5.4198E-03
 UPDATEPARAMETER: f-scale only
UPDATEPARAMETER PAR_STEP min/max, V_STEP min/max =  1.7858942500E+03  2.3644855077E+03
  1.7858942500E+03  2.3644855077E+03
 running run_ik_loop_pardiso
before CA | VmRSS=  17.295 GB  VmHWM=  87.441 GB
after CA | VmRSS=  18.745 GB  VmHWM=  87.441 GB
after factor | VmRSS=  22.789 GB  VmHWM=  87.441 GB
f=     2.750 Hz | ky=  0.409773E-03 | IK=       1/      55 | t=   18.327000 s | CA=  2.6530 | fact= 13.6585 | GF=  2.0153 | solve=  1.8527 | scatter=  0.0538
f=     2.750 Hz | ky=  0.819546E-03 | IK=       2/      55 | t=    7.280700 s | CA=  2.7890 | fact=  2.5795 | GF=  1.9122 | solve=  1.7827 | scatter=  0.0532
f=     2.750 Hz | ky=  0.122932E-02 | IK=       3/      55 | t=    7.216500 s | CA=  2.7213 | fact=  2.5828 | GF=  1.9124 | solve=  1.7830 | scatter=  0.0529
f=     2.750 Hz | ky=  0.163909E-02 | IK=       4/      55 | t=    7.178100 s | CA=  2.6872 | fact=  2.5823 | GF=  1.9086 | solve=  1.7793 | scatter=  0.0526
f=     2.750 Hz | ky=  0.204886E-02 | IK=       5/      55 | t=    7.174700 s | CA=  2.6852 | fact=  2.5815 | GF=  1.9080 | solve=  1.7779 | scatter=  0.0536
f=     2.750 Hz | ky=  0.245864E-02 | IK=       6/      55 | t=    7.147900 s | CA=  2.6700 | fact=  2.5811 | GF=  1.8968 | solve=  1.7672 | scatter=  0.0532
f=     2.750 Hz | ky=  0.286841E-02 | IK=       7/      55 | t=    7.143700 s | CA=  2.6723 | fact=  2.5783 | GF=  1.8931 | solve=  1.7608 | scatter=  0.0558
f=     2.750 Hz | ky=  0.327818E-02 | IK=       8/      55 | t=    7.136600 s | CA=  2.7125 | fact=  2.5835 | GF=  1.8406 | solve=  1.7100 | scatter=  0.0542
f=     2.750 Hz | ky=  0.368796E-02 | IK=       9/      55 | t=    7.123100 s | CA=  2.6850 | fact=  2.5941 | GF=  1.8440 | solve=  1.7132 | scatter=  0.0545
f=     2.750 Hz | ky=  0.409773E-02 | IK=      10/      55 | t=    7.124900 s | CA=  2.6781 | fact=  2.6091 | GF=  1.8377 | solve=  1.7084 | scatter=  0.0528
PARDISO mem (f=  2.75 Hz): sym=  2.09 GB  perm=  1.52 GB  num=  3.46 GB  
peak=  4.98 GB
 WD_amp= 5.58272E+13  RESID_RMS= 4.60003E-01  FCOST_DATA= 1.05801E-01  FCOST0= 1.05801E-01
BT: alpha=  2.0100E-01  phi=  1.0580E-01  rhs=  5.4228E-03
 UPDATEPARAMETER: f-scale only
UPDATEPARAMETER PAR_STEP min/max, V_STEP min/max =  1.8999624683E+03  2.3231988944E+03
  1.8999624683E+03  2.3231988944E+03
 running run_ik_loop_pardiso
before CA | VmRSS=  17.303 GB  VmHWM=  87.441 GB
after CA | VmRSS=  18.906 GB  VmHWM=  87.441 GB
after factor | VmRSS=  22.942 GB  VmHWM=  87.441 GB
f=     2.750 Hz | ky=  0.409773E-03 | IK=       1/      55 | t=   18.293600 s | CA=  2.6225 | fact= 13.6598 | GF=  2.0111 | solve=  1.8500 | scatter=  0.0524
f=     2.750 Hz | ky=  0.819546E-03 | IK=       2/      55 | t=    7.212800 s | CA=  2.7210 | fact=  2.5872 | GF=  1.9045 | solve=  1.7751 | scatter=  0.0528
f=     2.750 Hz | ky=  0.122932E-02 | IK=       3/      55 | t=    7.103300 s | CA=  2.6652 | fact=  2.5284 | GF=  1.9097 | solve=  1.7791 | scatter=  0.0542
f=     2.750 Hz | ky=  0.163909E-02 | IK=       4/      55 | t=    7.189400 s | CA=  2.6991 | fact=  2.5785 | GF=  1.9118 | solve=  1.7795 | scatter=  0.0554
f=     2.750 Hz | ky=  0.204886E-02 | IK=       5/      55 | t=    7.127000 s | CA=  2.6547 | fact=  2.5439 | GF=  1.9283 | solve=  1.7965 | scatter=  0.0554
f=     2.750 Hz | ky=  0.245864E-02 | IK=       6/      55 | t=    7.170500 s | CA=  2.6917 | fact=  2.5660 | GF=  1.9128 | solve=  1.7835 | scatter=  0.0529
f=     2.750 Hz | ky=  0.286841E-02 | IK=       7/      55 | t=    7.120900 s | CA=  2.6695 | fact=  2.5423 | GF=  1.9090 | solve=  1.7789 | scatter=  0.0537
f=     2.750 Hz | ky=  0.327818E-02 | IK=       8/      55 | t=    7.127900 s | CA=  2.6426 | fact=  2.5743 | GF=  1.9110 | solve=  1.7788 | scatter=  0.0557
f=     2.750 Hz | ky=  0.368796E-02 | IK=       9/      55 | t=    7.137700 s | CA=  2.6512 | fact=  2.5784 | GF=  1.9081 | solve=  1.7782 | scatter=  0.0534
f=     2.750 Hz | ky=  0.409773E-02 | IK=      10/      55 | t=    7.193800 s | CA=  2.6945 | fact=  2.5834 | GF=  1.9159 | solve=  1.7835 | scatter=  0.0560
PARDISO mem (f=  2.75 Hz): sym=  2.09 GB  perm=  1.52 GB  num=  3.46 GB  
peak=  4.98 GB
 WD_amp= 5.58272E+13  RESID_RMS= 2.23269E-01  FCOST_DATA= 2.49246E-02  FCOST0= 2.49246E-02
BT: alpha=  1.0050E-01  phi=  2.4925E-02  rhs=  5.4243E-03
 UPDATEPARAMETER: f-scale only
UPDATEPARAMETER PAR_STEP min/max, V_STEP min/max =  1.9562597342E+03  2.3183014472E+03
  1.9562597342E+03  2.3183014472E+03
 running run_ik_loop_pardiso
before CA | VmRSS=  17.865 GB  VmHWM=  87.441 GB
after CA | VmRSS=  19.206 GB  VmHWM=  87.441 GB
after factor | VmRSS=  23.249 GB  VmHWM=  87.441 GB
f=     2.750 Hz | ky=  0.409773E-03 | IK=       1/      55 | t=   18.292100 s | CA=  2.6087 | fact= 13.6713 | GF=  2.0119 | solve=  1.8512 | scatter=  0.0521
f=     2.750 Hz | ky=  0.819546E-03 | IK=       2/      55 | t=    7.155800 s | CA=  2.6663 | fact=  2.5777 | GF=  1.9117 | solve=  1.7813 | scatter=  0.0540
f=     2.750 Hz | ky=  0.122932E-02 | IK=       3/      55 | t=    7.172700 s | CA=  2.6853 | fact=  2.5780 | GF=  1.9094 | solve=  1.7772 | scatter=  0.0557
f=     2.750 Hz | ky=  0.163909E-02 | IK=       4/      55 | t=    7.163000 s | CA=  2.6765 | fact=  2.5776 | GF=  1.9088 | solve=  1.7788 | scatter=  0.0535
f=     2.750 Hz | ky=  0.204886E-02 | IK=       5/      55 | t=    7.122300 s | CA=  2.6692 | fact=  2.5439 | GF=  1.9092 | solve=  1.7798 | scatter=  0.0529
f=     2.750 Hz | ky=  0.245864E-02 | IK=       6/      55 | t=    7.126400 s | CA=  2.6581 | fact=  2.5628 | GF=  1.9054 | solve=  1.7748 | scatter=  0.0540
f=     2.750 Hz | ky=  0.286841E-02 | IK=       7/      55 | t=    7.147200 s | CA=  2.6433 | fact=  2.5811 | GF=  1.9227 | solve=  1.7902 | scatter=  0.0560
f=     2.750 Hz | ky=  0.327818E-02 | IK=       8/      55 | t=    7.069100 s | CA=  2.6362 | fact=  2.5919 | GF=  1.8410 | solve=  1.7111 | scatter=  0.0533
f=     2.750 Hz | ky=  0.368796E-02 | IK=       9/      55 | t=    7.135200 s | CA=  2.7017 | fact=  2.5896 | GF=  1.8438 | solve=  1.7124 | scatter=  0.0547
f=     2.750 Hz | ky=  0.409773E-02 | IK=      10/      55 | t=    7.072900 s | CA=  2.6776 | fact=  2.5501 | GF=  1.8452 | solve=  1.7149 | scatter=  0.0539
PARDISO mem (f=  2.75 Hz): sym=  2.09 GB  perm=  1.52 GB  num=  3.46 GB  
peak=  4.98 GB
 WD_amp= 5.58272E+13  RESID_RMS= 9.98258E-02  FCOST_DATA= 4.98259E-03  FCOST0= 4.98259E-03
BT: alpha=  5.0250E-02  phi=  4.9826E-03  rhs=  5.4250E-03
  
  
  
  
  
Convergence reached, updating parameter grid
ALPHA from line search =  .5024986863836247E-01
 FCOST0 after linesearch  4.982593860737756E-003
Norm of s (s_norm) =  1.409534668130349
  
Time for LBFGS =  10.17400207519531 min
  
 Frequency:           1 Iteration:           2
t_global   =    357.962 s
  
 -------------- calculate Frechet derivatives -----------
 IFREQ =           1    ITERATION =           2
||Frechet||_F=  1.9765E-12max|Frechet|=  1.9493E-17
||Frechet||_F=  1.9765E-12max|Frechet|=  1.9493E-17
||Frechet||_F=  1.9765E-12max|Frechet|=  1.9493E-17
 
TIME for Frechet calc =  2.887419891357422 min
 
 
  compute the residual and the cost function
 WD_amp= 5.58272E+13  RESID_RMS= 9.98258E-02  FCOST_DATA= 4.98259E-03  FCOST0= 4.98259E-03
||Frechet||_F=  1.9765E-12max|Frechet|=  1.9493E-17
||Frechet||_F=  1.9765E-12max|Frechet|=  1.9493E-17
||Frechet||_F=  1.9765E-12max|Frechet|=  1.9493E-17
Grad block   1 GRAD_SCALED MORM =   8.4688E-03
Raw grad block  1  PAR={rho}  min= -1.0576E-06  max=  4.0038E-07  L2=  9.7100E-06
Gradient finished
Start LBFGS 
curvature (warm): s·y=  1.4644E-02  ||s||^2=  1.9868E+00  ||y||^2=  1.8423E-04  sTy_min=  1.9132E-03
LBFGS step: g·p = -1.7650E-02  ||p||=  1.3955E+01
LBFGS step: min(p)= -5.6429E-01  max(p)=  9.5421E-01
LBFGS p_k (unscaled) stats per active parameter:
  IA=  1  PAR={rho}  min=-5.17993E+02  max= 8.75921E+02  L2= 1.28105E+04
min(p_k)= -5.6429E-01  max(p_k)=  9.5421E-01  ||p_k||=  1.3955E+01
min(p_kf)= -5.6429E-01  max(p_kf)=  9.5421E-01  ||p_kf||=  5.5822E+01
p_k/p_kf  =   2.5000E-01
Start linesearch
MT entry: phi(0)=  4.9826E-03  dg0= -1.7650E-02  alpha0=  1.0000E+00
 UPDATEPARAMETER: f-scale only
UPDATEPARAMETER PAR_STEP min/max, V_STEP min/max =  1.5714009435E+03  3.0155517263E+03
  1.5714009435E+03  3.0155517263E+03
 WD_amp= 5.58272E+13  RESID_RMS= 5.19129E-01  FCOST_DATA= 1.34747E-01  FCOST0= 1.34747E-01
  
 -------------- calculate Frechet derivatives -----------
 IFREQ =           1    ITERATION =           2
||Frechet||_F=  2.0180E-12max|Frechet|=  1.9435E-17
||Frechet||_F=  2.0180E-12max|Frechet|=  1.9435E-17
||Frechet||_F=  2.0180E-12max|Frechet|=  1.9435E-17
||Frechet||_F=  2.0180E-12max|Frechet|=  1.9435E-17
||Frechet||_F=  2.0180E-12max|Frechet|=  1.9435E-17
||Frechet||_F=  2.0180E-12max|Frechet|=  1.9435E-17
Grad block   1 GRAD_SCALED MORM =   2.6219E-02
MT try: alpha=  1.0000E+00  phi=  1.3475E-01  dg=  1.1703E-01  dg0= -1.7650E-02
MT try: armijo_rhs=  4.9808E-03  armijo=F  curvature=F  task=FG
 UPDATEPARAMETER: f-scale only
UPDATEPARAMETER PAR_STEP min/max, V_STEP min/max =  1.9643534125E+03  2.3203483774E+03
  1.9643534125E+03  2.3203483774E+03
 WD_amp= 5.58272E+13  RESID_RMS= 9.01013E-02  FCOST_DATA= 4.05912E-03  FCOST0= 4.05912E-03
  
 -------------- calculate Frechet derivatives -----------
 IFREQ =           1    ITERATION =           2
||Frechet||_F=  1.9783E-12max|Frechet|=  1.9516E-17
||Frechet||_F=  1.9783E-12max|Frechet|=  1.9516E-17
||Frechet||_F=  1.9783E-12max|Frechet|=  1.9516E-17
||Frechet||_F=  1.9783E-12max|Frechet|=  1.9516E-17
||Frechet||_F=  1.9783E-12max|Frechet|=  1.9516E-17
||Frechet||_F=  1.9783E-12max|Frechet|=  1.9516E-17
Grad block   1 GRAD_SCALED MORM =   7.9901E-03
MT try: alpha=  2.9367E-02  phi=  4.0591E-03  dg= -1.0734E-02  dg0= -1.7650E-02
MT try: armijo_rhs=  4.9825E-03  armijo=T  curvature=T  task=FG
  
Convergence reached, updating parameter grid
ALPHA from line search =  .2936653771091307E-01
 FCOST0 after linesearch  4.059120961210434E-003
Norm of s (s_norm) =  .4098243326820270
  
  
  
  
  
Time for LBFGS =  17.55549926757812 min
  
 Frequency:           1 Iteration:           3
t_global   =    356.734 s
  
 -------------- calculate Frechet derivatives -----------
 IFREQ =           1    ITERATION =           3
||Frechet||_F=  1.9783E-12max|Frechet|=  1.9516E-17
||Frechet||_F=  1.9783E-12max|Frechet|=  1.9516E-17
||Frechet||_F=  1.9783E-12max|Frechet|=  1.9516E-17
||Frechet||_F=  1.9783E-12max|Frechet|=  1.9516E-17
 
TIME for Frechet calc =  2.866846720377604 min
 
 
  compute the residual and the cost function
 WD_amp= 5.58272E+13  RESID_RMS= 9.01013E-02  FCOST_DATA= 4.05912E-03  FCOST0= 4.05912E-03
||Frechet||_F=  1.9783E-12max|Frechet|=  1.9516E-17
||Frechet||_F=  1.9783E-12max|Frechet|=  1.9516E-17
Grad block   1 GRAD_SCALED MORM =   7.9901E-03
Gradient finished
Start LBFGS 
curvature (warm): s·y=  2.0310E-04  ||s||^2=  1.6796E-01  ||y||^2=  8.7357E-07  sTy_min=  3.8304E-05
LBFGS step: g·p = -1.6736E-02  ||p||=  1.7003E+01
LBFGS step: min(p)= -8.5855E-01  max(p)=  1.3034E+00
LBFGS p_k (unscaled) stats per active parameter:
  IA=  1  PAR={rho}  min=-7.88112E+02  max= 1.19644E+03  L2= 1.56085E+04
min(p_k)= -8.5855E-01  max(p_k)=  1.3034E+00  ||p_k||=  1.7003E+01
min(p_kf)= -8.5855E-01  max(p_kf)=  1.3034E+00  ||p_kf||=  6.8014E+01
p_k/p_kf  =   2.5000E-01
Start linesearch
MT entry: phi(0)=  4.0591E-03  dg0= -1.6736E-02  alpha0=  1.0000E+00
 UPDATEPARAMETER: f-scale only
UPDATEPARAMETER PAR_STEP min/max, V_STEP min/max =  1.3637302862E+03  3.4107185216E+03
  1.3637302862E+03  3.4107185216E+03
 WD_amp= 5.58272E+13  RESID_RMS= 4.51585E-01  FCOST_DATA= 1.01965E-01  FCOST0= 1.01965E-01
  
 -------------- calculate Frechet derivatives -----------
 IFREQ =           1    ITERATION =           3
||Frechet||_F=  2.0077E-12max|Frechet|=  1.9519E-17
||Frechet||_F=  2.0077E-12max|Frechet|=  1.9519E-17
||Frechet||_F=  2.0077E-12max|Frechet|=  1.9519E-17
||Frechet||_F=  2.0077E-12max|Frechet|=  1.9519E-17
||Frechet||_F=  2.0077E-12max|Frechet|=  1.9519E-17
||Frechet||_F=  2.0077E-12max|Frechet|=  1.9519E-17
Grad block   1 GRAD_SCALED MORM =   3.2027E-02
MT try: alpha=  1.0000E+00  phi=  1.0196E-01  dg=  1.1417E-01  dg0= -1.6736E-02
MT try: armijo_rhs=  4.0574E-03  armijo=F  curvature=F  task=FG
 UPDATEPARAMETER: f-scale only
UPDATEPARAMETER PAR_STEP min/max, V_STEP min/max =  1.9656336280E+03  2.3378211152E+03
  1.9656336280E+03  2.3378211152E+03
 WD_amp= 5.58272E+13  RESID_RMS= 7.85461E-02  FCOST_DATA= 3.08475E-03  FCOST0= 3.08475E-03
  
 -------------- calculate Frechet derivatives -----------
 IFREQ =           1    ITERATION =           3
||Frechet||_F=  1.9788E-12max|Frechet|=  1.9522E-17
||Frechet||_F=  1.9788E-12max|Frechet|=  1.9522E-17
||Frechet||_F=  1.9788E-12max|Frechet|=  1.9522E-17
||Frechet||_F=  1.9788E-12max|Frechet|=  1.9522E-17
||Frechet||_F=  1.9788E-12max|Frechet|=  1.9522E-17
||Frechet||_F=  1.9788E-12max|Frechet|=  1.9522E-17
Grad block   1 GRAD_SCALED MORM =   7.3801E-03
MT try: alpha=  4.0415E-02  phi=  3.0847E-03  dg= -9.4158E-03  dg0= -1.6736E-02
MT try: armijo_rhs=  4.0591E-03  armijo=T  curvature=T  task=FG
  
Convergence reached, updating parameter grid
ALPHA from line search =  .4041522689917534E-01
 FCOST0 after linesearch  3.084746293088829E-003
Norm of s (s_norm) =  .6871990111449872
  
  
  
  
  
Convergence check at iteration    3
  Relative cost decrease  =  2.4005E-01
  Relative model update   =  0.0000E+00
  Relative grad. norm     =  9.8174E-01
Time for LBFGS =  17.43916422526042 min
  
 Frequency:           1 Iteration:           4
t_global   =    355.451 s
  
 -------------- calculate Frechet derivatives -----------
 IFREQ =           1    ITERATION =           4
||Frechet||_F=  1.9788E-12max|Frechet|=  1.9522E-17
||Frechet||_F=  1.9788E-12max|Frechet|=  1.9522E-17
 
TIME for Frechet calc =  2.881556701660156 min
 
 
  compute the residual and the cost function
 WD_amp= 5.58272E+13  RESID_RMS= 7.85461E-02  FCOST_DATA= 3.08475E-03  FCOST0= 3.08475E-03
||Frechet||_F=  1.9788E-12max|Frechet|=  1.9522E-17
||Frechet||_F=  1.9788E-12max|Frechet|=  1.9522E-17
||Frechet||_F=  1.9788E-12max|Frechet|=  1.9522E-17
||Frechet||_F=  1.9788E-12max|Frechet|=  1.9522E-17
Grad block   1 GRAD_SCALED MORM =   7.3801E-03
Gradient finished
Start LBFGS 
curvature (warm): s·y=  2.9585E-04  ||s||^2=  4.7224E-01  ||y||^2=  1.7422E-06  sTy_min=  9.0705E-05
LBFGS step: g·p = -1.3979E-02  ||p||=  1.5304E+01
LBFGS step: min(p)= -9.7333E-01  max(p)=  1.0441E+00
LBFGS p_k (unscaled) stats per active parameter:
  IA=  1  PAR={rho}  min=-8.93476E+02  max= 9.58463E+02  L2= 1.40485E+04
min(p_k)= -9.7333E-01  max(p_k)=  1.0441E+00  ||p_k||=  1.5304E+01
min(p_kf)= -9.7333E-01  max(p_kf)=  1.0441E+00  ||p_kf||=  6.1216E+01
p_k/p_kf  =   2.5000E-01
Start linesearch
MT entry: phi(0)=  3.0847E-03  dg0= -1.3979E-02  alpha0=  1.0000E+00
 UPDATEPARAMETER: f-scale only
UPDATEPARAMETER PAR_STEP min/max, V_STEP min/max =  1.2265147402E+03  3.2301802660E+03
  1.2265147402E+03  3.2301802660E+03
 WD_amp= 5.58272E+13  RESID_RMS= 4.29115E-01  FCOST_DATA= 9.20698E-02  FCOST0= 9.20698E-02
  
 -------------- calculate Frechet derivatives -----------
 IFREQ =           1    ITERATION =           4
||Frechet||_F=  1.9676E-12max|Frechet|=  1.9161E-17
||Frechet||_F=  1.9676E-12max|Frechet|=  1.9161E-17
||Frechet||_F=  1.9676E-12max|Frechet|=  1.9161E-17
||Frechet||_F=  1.9676E-12max|Frechet|=  1.9161E-17
||Frechet||_F=  1.9676E-12max|Frechet|=  1.9161E-17
||Frechet||_F=  1.9676E-12max|Frechet|=  1.9161E-17
Grad block   1 GRAD_SCALED MORM =   3.3421E-02
MT try: alpha=  1.0000E+00  phi=  9.2070E-02  dg=  1.0081E-01  dg0= -1.3979E-02
MT try: armijo_rhs=  3.0833E-03  armijo=F  curvature=F  task=FG
 UPDATEPARAMETER: f-scale only
UPDATEPARAMETER PAR_STEP min/max, V_STEP min/max =  1.9656614538E+03  2.3608181912E+03
  1.9656614538E+03  2.3608181912E+03
 WD_amp= 5.58272E+13  RESID_RMS= 6.96546E-02  FCOST_DATA= 2.42588E-03  FCOST0= 2.42588E-03
  
 -------------- calculate Frechet derivatives -----------
 IFREQ =           1    ITERATION =           4
||Frechet||_F=  1.9782E-12max|Frechet|=  1.9546E-17
||Frechet||_F=  1.9782E-12max|Frechet|=  1.9546E-17
||Frechet||_F=  1.9782E-12max|Frechet|=  1.9546E-17
||Frechet||_F=  1.9782E-12max|Frechet|=  1.9546E-17
||Frechet||_F=  1.9782E-12max|Frechet|=  1.9546E-17
||Frechet||_F=  1.9782E-12max|Frechet|=  1.9546E-17
Grad block   1 GRAD_SCALED MORM =   6.5989E-03
MT try: alpha=  3.6971E-02  phi=  2.4259E-03  dg= -8.5784E-03  dg0= -1.3979E-02
MT try: armijo_rhs=  3.0847E-03  armijo=T  curvature=T  task=FG
Convergence reached, updating parameter grid
ALPHA from line search =  .3697124786977782E-01
 FCOST0 after linesearch  2.425884147733870E-003
Norm of s (s_norm) =  .5658125889501954
  
  
  
  
  
  
Convergence check at iteration    4
  Relative cost decrease  =  2.1359E-01
  Relative model update   =  0.0000E+00
  Relative grad. norm     =  8.7634E-01
Time for LBFGS =  17.68922526041667 min
  
 Frequency:           1 Iteration:           5
t_global   =    355.524 s
  
 -------------- calculate Frechet derivatives -----------
 IFREQ =           1    ITERATION =           5
||Frechet||_F=  1.9782E-12max|Frechet|=  1.9546E-17
 
TIME for Frechet calc =  2.843173217773438 min
 
 
  compute the residual and the cost function
 WD_amp= 5.58272E+13  RESID_RMS= 6.96546E-02  FCOST_DATA= 2.42588E-03  FCOST0= 2.42588E-03
||Frechet||_F=  1.9782E-12max|Frechet|=  1.9546E-17
||Frechet||_F=  1.9782E-12max|Frechet|=  1.9546E-17
||Frechet||_F=  1.9782E-12max|Frechet|=  1.9546E-17
||Frechet||_F=  1.9782E-12max|Frechet|=  1.9546E-17
||Frechet||_F=  1.9782E-12max|Frechet|=  1.9546E-17
Grad block   1 GRAD_SCALED MORM =   6.5989E-03
Gradient finished
Start LBFGS 
curvature (warm): s·y=  1.9965E-04  ||s||^2=  3.2014E-01  ||y||^2=  1.3890E-06  sTy_min=  6.6683E-05
LBFGS step: g·p = -9.6975E-03  ||p||=  1.0162E+01
LBFGS step: min(p)= -8.7624E-01  max(p)=  5.6726E-01
LBFGS p_k (unscaled) stats per active parameter:
  IA=  1  PAR={rho}  min=-8.04353E+02  max= 5.20716E+02  L2= 9.32829E+03
min(p_k)= -8.7624E-01  max(p_k)=  5.6726E-01  ||p_k||=  1.0162E+01
min(p_kf)= -8.7624E-01  max(p_kf)=  5.6726E-01  ||p_kf||=  4.0648E+01
p_k/p_kf  =   2.5000E-01
Start linesearch
MT entry: phi(0)=  2.4259E-03  dg0= -9.6975E-03  alpha0=  1.0000E+00
 UPDATEPARAMETER: f-scale only
UPDATEPARAMETER PAR_STEP min/max, V_STEP min/max =  1.2826049816E+03  2.8135288126E+03
  1.2826049816E+03  2.8135288126E+03
 WD_amp= 5.58272E+13  RESID_RMS= 2.42569E-01  FCOST_DATA= 2.94198E-02  FCOST0= 2.94198E-02
  
 -------------- calculate Frechet derivatives -----------
 IFREQ =           1    ITERATION =           5
||Frechet||_F=  1.9860E-12max|Frechet|=  1.9380E-17
||Frechet||_F=  1.9860E-12max|Frechet|=  1.9380E-17
||Frechet||_F=  1.9860E-12max|Frechet|=  1.9380E-17
||Frechet||_F=  1.9860E-12max|Frechet|=  1.9380E-17
||Frechet||_F=  1.9860E-12max|Frechet|=  1.9380E-17
||Frechet||_F=  1.9860E-12max|Frechet|=  1.9380E-17
Grad block   1 GRAD_SCALED MORM =   2.0095E-02
MT try: alpha=  1.0000E+00  phi=  2.9420E-02  dg=  3.1742E-02  dg0= -9.6975E-03
MT try: armijo_rhs=  2.4249E-03  armijo=F  curvature=F  task=FG
 UPDATEPARAMETER: f-scale only
UPDATEPARAMETER PAR_STEP min/max, V_STEP min/max =  1.9551519001E+03  2.3941227210E+03
  1.9551519001E+03  2.3941227210E+03
 WD_amp= 5.58272E+13  RESID_RMS= 6.04455E-02  FCOST_DATA= 1.82683E-03  FCOST0= 1.82683E-03
  
 -------------- calculate Frechet derivatives -----------
 IFREQ =           1    ITERATION =           5
||Frechet||_F=  1.9788E-12max|Frechet|=  1.9556E-17
||Frechet||_F=  1.9788E-12max|Frechet|=  1.9556E-17
||Frechet||_F=  1.9788E-12max|Frechet|=  1.9556E-17
||Frechet||_F=  1.9788E-12max|Frechet|=  1.9556E-17
||Frechet||_F=  1.9788E-12max|Frechet|=  1.9556E-17
||Frechet||_F=  1.9788E-12max|Frechet|=  1.9556E-17
Grad block   1 GRAD_SCALED MORM =   4.9746E-03
MT try: alpha=  7.4522E-02  phi=  1.8268E-03  dg= -6.1250E-03  dg0= -9.6975E-03
MT try: armijo_rhs=  2.4258E-03  armijo=T  curvature=T  task=FG
  
Convergence reached, updating parameter grid
ALPHA from line search =  .7452230026810026E-01
 FCOST0 after linesearch  1.826827203875541E-003
Norm of s (s_norm) =  .7572969877802775
  
  
  
  
  
Convergence check at iteration    5
  Relative cost decrease  =  2.4694E-01
  Relative model update   =  0.0000E+00
  Relative grad. norm     =  6.5379E-01
Time for LBFGS =  17.35142008463542 min
  
 Frequency:           1 Iteration:           6
t_global   =    357.044 s
  
 -------------- calculate Frechet derivatives -----------
 IFREQ =           1    ITERATION =           6
||Frechet||_F=  1.9788E-12max|Frechet|=  1.9556E-17
||Frechet||_F=  1.9788E-12max|Frechet|=  1.9556E-17
 
TIME for Frechet calc =  2.859383392333984 min
 
 
  compute the residual and the cost function
 WD_amp= 5.58272E+13  RESID_RMS= 6.04455E-02  FCOST_DATA= 1.82683E-03  FCOST0= 1.82683E-03
||Frechet||_F=  1.9788E-12max|Frechet|=  1.9556E-17
||Frechet||_F=  1.9788E-12max|Frechet|=  1.9556E-17
||Frechet||_F=  1.9788E-12max|Frechet|=  1.9556E-17
||Frechet||_F=  1.9788E-12max|Frechet|=  1.9556E-17
Grad block   1 GRAD_SCALED MORM =   4.9746E-03
Gradient finished
Start LBFGS 
curvature (warm): s·y=  2.6623E-04  ||s||^2=  5.7350E-01  ||y||^2=  2.6524E-06  sTy_min=  1.2333E-04
LBFGS step: g·p = -6.4990E-03  ||p||=  8.9262E+00
LBFGS step: min(p)= -5.1319E-01  max(p)=  4.7049E-01
LBFGS p_k (unscaled) stats per active parameter:
  IA=  1  PAR={rho}  min=-4.71084E+02  max= 4.31886E+02  L2= 8.19387E+03
min(p_k)= -5.1319E-01  max(p_k)=  4.7049E-01  ||p_k||=  8.9262E+00
min(p_kf)= -5.1319E-01  max(p_kf)=  4.7049E-01  ||p_kf||=  3.5705E+01
p_k/p_kf  =   2.5000E-01
Start linesearch
MT entry: phi(0)=  1.8268E-03  dg0= -6.4990E-03  alpha0=  1.0000E+00
 UPDATEPARAMETER: f-scale only
UPDATEPARAMETER PAR_STEP min/max, V_STEP min/max =  1.5626165751E+03  2.7733052990E+03
  1.5626165751E+03  2.7733052990E+03
 WD_amp= 5.58272E+13  RESID_RMS= 2.56049E-01  FCOST_DATA= 3.27804E-02  FCOST0= 3.27804E-02
  
 -------------- calculate Frechet derivatives -----------
 IFREQ =           1    ITERATION =           6
||Frechet||_F=  1.9933E-12max|Frechet|=  1.9533E-17
||Frechet||_F=  1.9933E-12max|Frechet|=  1.9533E-17
||Frechet||_F=  1.9933E-12max|Frechet|=  1.9533E-17
||Frechet||_F=  1.9933E-12max|Frechet|=  1.9533E-17
||Frechet||_F=  1.9933E-12max|Frechet|=  1.9533E-17
||Frechet||_F=  1.9933E-12max|Frechet|=  1.9533E-17
Grad block   1 GRAD_SCALED MORM =   1.9396E-02
MT try: alpha=  1.0000E+00  phi=  3.2780E-02  dg=  3.8590E-02  dg0= -6.4990E-03
MT try: armijo_rhs=  1.8262E-03  armijo=F  curvature=F  task=FG
 UPDATEPARAMETER: f-scale only
UPDATEPARAMETER PAR_STEP min/max, V_STEP min/max =  1.9457373778E+03  2.4111528298E+03
  1.9457373778E+03  2.4111528298E+03
 WD_amp= 5.58272E+13  RESID_RMS= 5.57821E-02  FCOST_DATA= 1.55582E-03  FCOST0= 1.55582E-03
  
 -------------- calculate Frechet derivatives -----------
 IFREQ =           1    ITERATION =           6
||Frechet||_F=  1.9797E-12max|Frechet|=  1.9550E-17
||Frechet||_F=  1.9797E-12max|Frechet|=  1.9550E-17
||Frechet||_F=  1.9797E-12max|Frechet|=  1.9550E-17
||Frechet||_F=  1.9797E-12max|Frechet|=  1.9550E-17
||Frechet||_F=  1.9797E-12max|Frechet|=  1.9550E-17
||Frechet||_F=  1.9797E-12max|Frechet|=  1.9550E-17
Grad block   1 GRAD_SCALED MORM =   4.4010E-03
MT try: alpha=  4.9966E-02  phi=  1.5558E-03  dg= -4.2103E-03  dg0= -6.4990E-03
MT try: armijo_rhs=  1.8268E-03  armijo=T  curvature=T  task=FG
Convergence reached, updating parameter grid
ALPHA from line search =  .4996619280632260E-01
 FCOST0 after linesearch  1.555821852751425E-003
Norm of s (s_norm) =  .4460083399139018
  
  
  
  
  
  
Convergence check at iteration    6
  Relative cost decrease  =  1.4835E-01
  Relative model update   =  0.0000E+00
  Relative grad. norm     =  5.7759E-01
Time for LBFGS =  17.55250244140625 min
  
 Frequency:           1 Iteration:           7
t_global   =    357.235 s
  
 -------------- calculate Frechet derivatives -----------
 IFREQ =           1    ITERATION =           7
||Frechet||_F=  1.9797E-12max|Frechet|=  1.9550E-17
||Frechet||_F=  1.9797E-12max|Frechet|=  1.9550E-17
 
TIME for Frechet calc =  2.894839986165365 min
 
 
  compute the residual and the cost function
 WD_amp= 5.58272E+13  RESID_RMS= 5.57821E-02  FCOST_DATA= 1.55582E-03  FCOST0= 1.55582E-03
||Frechet||_F=  1.9797E-12max|Frechet|=  1.9550E-17
||Frechet||_F=  1.9797E-12max|Frechet|=  1.9550E-17
||Frechet||_F=  1.9797E-12max|Frechet|=  1.9550E-17
||Frechet||_F=  1.9797E-12max|Frechet|=  1.9550E-17
Grad block   1 GRAD_SCALED MORM =   4.4010E-03
Gradient finished
Start LBFGS 
curvature (full): s·y=  1.1436E-04  ||s||^2=  1.9892E-01  ||y||^2=  7.0303E-07  sTy_min=  3.7396E-05
 
LBFGS step(full): g·p = -4.6390E-03  ||p||=  9.7748E+00
LBFGS step(full): min(p)= -6.1925E-01  max(p)=  6.2353E-01
LBFGS p_k (unscaled) stats per active parameter:
  IA=  1  PAR={rho}  min=-5.68448E+02  max= 5.72370E+02  L2= 8.97289E+03
min(p_k)= -6.1925E-01  max(p_k)=  6.2353E-01  ||p_k||=  9.7748E+00
min(p_kf)= -6.1925E-01  max(p_kf)=  6.2353E-01  ||p_kf||=  3.9099E+01
p_k/p_kf  =   2.5000E-01
Start linesearch
MT entry: phi(0)=  1.5558E-03  dg0= -4.6390E-03  alpha0=  1.0000E+00
 UPDATEPARAMETER: f-scale only
UPDATEPARAMETER PAR_STEP min/max, V_STEP min/max =  1.6110946061E+03  2.9835230119E+03
  1.6110946061E+03  2.9835230119E+03
 WD_amp= 5.58272E+13  RESID_RMS= 2.29981E-01  FCOST_DATA= 2.64455E-02  FCOST0= 2.64455E-02
  
 -------------- calculate Frechet derivatives -----------
 IFREQ =           1    ITERATION =           7
||Frechet||_F=  2.0160E-12max|Frechet|=  1.9317E-17
||Frechet||_F=  2.0160E-12max|Frechet|=  1.9317E-17
||Frechet||_F=  2.0160E-12max|Frechet|=  1.9317E-17
||Frechet||_F=  2.0160E-12max|Frechet|=  1.9317E-17
||Frechet||_F=  2.0160E-12max|Frechet|=  1.9317E-17
||Frechet||_F=  2.0160E-12max|Frechet|=  1.9317E-17
Grad block   1 GRAD_SCALED MORM =   2.1771E-02
MT try: alpha=  1.0000E+00  phi=  2.6446E-02  dg=  2.6923E-02  dg0= -4.6390E-03
MT try: armijo_rhs=  1.5554E-03  armijo=F  curvature=F  task=FG
 UPDATEPARAMETER: f-scale only
UPDATEPARAMETER PAR_STEP min/max, V_STEP min/max =  1.9353023182E+03  2.4351625364E+03
  1.9353023182E+03  2.4351625364E+03
 WD_amp= 5.58272E+13  RESID_RMS= 5.39906E-02  FCOST_DATA= 1.45749E-03  FCOST0= 1.45749E-03
  
 -------------- calculate Frechet derivatives -----------
 IFREQ =           1    ITERATION =           7
||Frechet||_F=  1.9812E-12max|Frechet|=  1.9549E-17
||Frechet||_F=  1.9812E-12max|Frechet|=  1.9549E-17
||Frechet||_F=  1.9812E-12max|Frechet|=  1.9549E-17
||Frechet||_F=  1.9812E-12max|Frechet|=  1.9549E-17
||Frechet||_F=  1.9812E-12max|Frechet|=  1.9549E-17
||Frechet||_F=  1.9812E-12max|Frechet|=  1.9549E-17
Grad block   1 GRAD_SCALED MORM =   3.6554E-03
MT try: alpha=  4.1948E-02  phi=  1.4575E-03  dg= -3.3133E-03  dg0= -4.6390E-03
MT try: armijo_rhs=  1.5558E-03  armijo=T  curvature=T  task=FG
Convergence reached, updating parameter grid
ALPHA from line search =  .4194786406832891E-01
 FCOST0 after linesearch  1.457492153149642E-003
Norm of s (s_norm) =  .4100339846585008
  
  
  
  
  
  
Convergence check at iteration    7
  Relative cost decrease  =  6.3201E-02
  Relative model update   =  0.0000E+00
  Relative grad. norm     =  4.7967E-01
Time for LBFGS =  17.42066446940104 min
 --------- Frequency   3.05000000000000       (band            1 )
[ComputeAcqWeight] empty acq_weight_file, using uniform weights = 1.0
Data weighting computed for frequency 4607182418800017373
Data weighting computed for frequency 4607182418800017373
XSRmin, XSRmax, ZSRmin, ZSRMax -1960.000000000000 .000000000000000 2203.000000000000 4183.000000000000
1 FKYC
1.2 FKYC
Data weighting computed for frequency 4607182418800017373
Data weighting computed for frequency 4607182418800017373
Data weighting computed for frequency 4607182418800017373
my_rank, FKYC,WLMAX, RMAX 0 .2499615024377965E-01 1679.599604866482 2786.036611389018
1.1 NK
NK in cky2= 55

  Number of wavenumber samples (NK) for FREQ =   55
Data weighting computed for frequency 4607182418800017373
  RMAX = 2786.04
--- Pre-solver preview (memory + RHS workload) ---
   GQG dims: NNX=       609  NNZ=       329  NPT=    200361
   DOF:     N=3*NPT =    601083
   Sources: NSR=       100  NSS=        20  NK=        55
   RHS total (per IK): nrhs_tot=3*NSS =        60
   Batch:    MAX_RHS_BATCH=        32  nbatches=         2
   GFMY  (GFX+GFY+GFZ):         14.779 GB
   RHS_MY(rhs+sol buffers):      0.573 GB
 
 running run_ik_loop_pardiso
before CA | VmRSS=  16.411 GB  VmHWM=  87.561 GB
after CA | VmRSS=  17.680 GB  VmHWM=  87.561 GB
after factor | VmRSS=  21.720 GB  VmHWM=  87.561 GB
f=     3.050 Hz | ky=  0.454475E-03 | IK=       1/      55 | t=   18.352100 s | CA=  2.6558 | fact= 13.6743 | GF=  2.0218 | solve=  1.8600 | scatter=  0.0532
f=     3.050 Hz | ky=  0.908951E-03 | IK=       2/      55 | t=    7.207300 s | CA=  2.7027 | fact=  2.5835 | GF=  1.9211 | solve=  1.7909 | scatter=  0.0537
f=     3.050 Hz | ky=  0.136343E-02 | IK=       3/      55 | t=    7.202200 s | CA=  2.6975 | fact=  2.5908 | GF=  1.9138 | solve=  1.7808 | scatter=  0.0565
f=     3.050 Hz | ky=  0.181790E-02 | IK=       4/      55 | t=    7.162600 s | CA=  2.6990 | fact=  2.5447 | GF=  1.9188 | solve=  1.7884 | scatter=  0.0536
f=     3.050 Hz | ky=  0.227238E-02 | IK=       5/      55 | t=    7.188000 s | CA=  2.7000 | fact=  2.5727 | GF=  1.9153 | solve=  1.7853 | scatter=  0.0533
f=     3.050 Hz | ky=  0.272685E-02 | IK=       6/      55 | t=    7.200100 s | CA=  2.7106 | fact=  2.5797 | GF=  1.9098 | solve=  1.7808 | scatter=  0.0524
f=     3.050 Hz | ky=  0.318133E-02 | IK=       7/      55 | t=    7.202000 s | CA=  2.6910 | fact=  2.6005 | GF=  1.9104 | solve=  1.7794 | scatter=  0.0545
f=     3.050 Hz | ky=  0.363580E-02 | IK=       8/      55 | t=    7.212600 s | CA=  2.7234 | fact=  2.5766 | GF=  1.9126 | solve=  1.7809 | scatter=  0.0551
f=     3.050 Hz | ky=  0.409028E-02 | IK=       9/      55 | t=    7.179300 s | CA=  2.7314 | fact=  2.5370 | GF=  1.9108 | solve=  1.7815 | scatter=  0.0524
f=     3.050 Hz | ky=  0.454475E-02 | IK=      10/      55 | t=    7.180600 s | CA=  2.6771 | fact=  2.5884 | GF=  1.9151 | solve=  1.7850 | scatter=  0.0536
PARDISO mem (f=  3.05 Hz): sym=  2.09 GB  perm=  1.52 GB  num=  3.46 GB  
peak=  4.98 GB
t_global   =    124.992 s
TIME for 1st forward modeling =  2.082988357543945  min
TIME for GT0 =  .5193333327770233E-02  min
Data scaler W for L2 norm: 56686769056649.75
Data scaler W for WQS norm: .1007948000807317E-312
Total number of active inversion parameters for current sequential stage (IM):          1
Total model blocks points (NM = IM * NBLOCK):      12464 on grid (NMM = IM * NPT):    200361
 Gradient balance ():   1.00000000000000        1.00000000000000     
   1.00000000000000        1.00000000000000        1.00000000000000     
   1.00000000000000        1.00000000000000        1.00000000000000     
   1.00000000000000        1.00000000000000        1.00000000000000     
 IE0, IZ          33           0
 IE0, IZ, GZ1, GZ2 =           33           0   100.000000000000     
   300.000000000000     
  
 Frequency:           2 Iteration:           1
--- Pre-solver preview (memory + RHS workload) ---
   GQG dims: NNX=       609  NNZ=       329  NPT=    200361
   DOF:     N=3*NPT =    601083
   Sources: NSR=       100  NSS=       100  NK=        55
   RHS total (per IK): nrhs_tot=3*NSS =       300
   Batch:    MAX_RHS_BATCH=        32  nbatches=        10
   GFMY  (GFX+GFY+GFZ):         73.894 GB
   RHS_MY(rhs+sol buffers):      0.573 GB
 
 running run_ik_loop_pardiso
before CA | VmRSS=  76.437 GB  VmHWM=  87.561 GB
after CA | VmRSS=  77.239 GB  VmHWM=  87.561 GB
after factor | VmRSS=  81.276 GB  VmHWM=  87.561 GB
f=     3.050 Hz | ky=  0.454475E-03 | IK=       1/      55 | t=   25.820200 s | CA=  2.6915 | fact= 13.6728 | GF=  9.4557 | solve=  8.7577 | scatter=  0.2743
f=     3.050 Hz | ky=  0.908951E-03 | IK=       2/      55 | t=   14.592600 s | CA=  2.6638 | fact=  2.5816 | GF=  9.3472 | solve=  8.6820 | scatter=  0.2739
f=     3.050 Hz | ky=  0.136343E-02 | IK=       3/      55 | t=   14.625800 s | CA=  2.6814 | fact=  2.5847 | GF=  9.3597 | solve=  8.6955 | scatter=  0.2733
f=     3.050 Hz | ky=  0.181790E-02 | IK=       4/      55 | t=   14.608800 s | CA=  2.6681 | fact=  2.5828 | GF=  9.3579 | solve=  8.6928 | scatter=  0.2742
f=     3.050 Hz | ky=  0.227238E-02 | IK=       5/      55 | t=   14.555300 s | CA=  2.6336 | fact=  2.5819 | GF=  9.3397 | solve=  8.6738 | scatter=  0.2747
f=     3.050 Hz | ky=  0.272685E-02 | IK=       6/      55 | t=   14.613600 s | CA=  2.7013 | fact=  2.5715 | GF=  9.3407 | solve=  8.6749 | scatter=  0.2746
f=     3.050 Hz | ky=  0.318133E-02 | IK=       7/      55 | t=   14.561200 s | CA=  2.6602 | fact=  2.5872 | GF=  9.3138 | solve=  8.6504 | scatter=  0.2709
f=     3.050 Hz | ky=  0.363580E-02 | IK=       8/      55 | t=   14.289400 s | CA=  2.7026 | fact=  2.5878 | GF=  8.9989 | solve=  8.3328 | scatter=  0.2748
f=     3.050 Hz | ky=  0.409028E-02 | IK=       9/      55 | t=   14.029000 s | CA=  2.6367 | fact=  2.6125 | GF=  8.7797 | solve=  8.1159 | scatter=  0.2723
f=     3.050 Hz | ky=  0.454475E-02 | IK=      10/      55 | t=   14.030500 s | CA=  2.6709 | fact=  2.5852 | GF=  8.7743 | solve=  8.1081 | scatter=  0.2741
PARDISO mem (f=  3.05 Hz): sym=  2.09 GB  perm=  1.52 GB  num=  3.46 GB  
peak=  4.98 GB
t_global   =    355.762 s
TIME for 2d forward modeling_i calc =  5.926956685384114 min
Rank    2 -> ID range:   1601 to   2400 | Tasks:    800
Rank    3 -> ID range:   2401 to   3200 | Tasks:    800
Rank    5 -> ID range:   4001 to   4800 | Tasks:    800
Rank    1 -> ID range:    801 to   1600 | Tasks:    800
Rank    4 -> ID range:   3201 to   4000 | Tasks:    800
  
 -------------- calculate Frechet derivatives -----------
 IFREQ =           2    ITERATION =           1
Frechet memory size Frec_my:      0.891 (Gb)
Rank    0 -> ID range:      1 to    800 | Tasks:    800
FREQ:      3.0 Hz, ITER=       1  Frechet Derivative ID=     100/    4800 Finished   0.187900 s
FREQ:      3.0 Hz, ITER=       1  Frechet Derivative ID=     200/    4800 Finished   0.185100 s
FREQ:      3.0 Hz, ITER=       1  Frechet Derivative ID=     300/    4800 Finished   0.193800 s
FREQ:      3.0 Hz, ITER=       1  Frechet Derivative ID=     400/    4800 Finished   0.174500 s
FREQ:      3.0 Hz, ITER=       1  Frechet Derivative ID=     500/    4800 Finished   0.181400 s
FREQ:      3.0 Hz, ITER=       1  Frechet Derivative ID=     600/    4800 Finished   0.181500 s
FREQ:      3.0 Hz, ITER=       1  Frechet Derivative ID=     700/    4800 Finished   0.176800 s
FREQ:      3.0 Hz, ITER=       1  Frechet Derivative ID=     800/    4800 Finished   0.176400 s
||Frechet||_F=  2.1659E-12max|Frechet|=  2.0010E-17
||Frechet||_F=  2.1659E-12max|Frechet|=  2.0010E-17
 
TIME for Frechet calc =  2.864749908447266 min
 
m_fine: min=  1.9353E+03  max=  2.4352E+03  mean=  2.2190E+03  ||.||2=  9.9487E+05  size=  200361
m_coarse_prev: min=  1.9401E+03  max=  2.4266E+03  mean=  2.2192E+03  ||.||2=  2.4816E+05  size=   12464
 
  compute the residual and the cost function
 WD_amp= 5.66868E+13  RESID_RMS= 6.66208E-02  FCOST_DATA= 2.21917E-03  FCOST0= 2.21917E-03
||Frechet||_F=  2.1659E-12max|Frechet|=  2.0010E-17
||Frechet||_F=  2.1659E-12max|Frechet|=  2.0010E-17
||Frechet||_F=  2.1659E-12max|Frechet|=  2.0010E-17
||Frechet||_F=  2.1659E-12max|Frechet|=  2.0010E-17
IA=  1  H(single F0) min= 0.00000E+00  max= 8.32781E-03
IA=  1  H(F0^2)     min= 0.00000E+00  max= 8.32781E-03
HESSD: ia=   1  min= 0.00000E+00  max= 2.39778E+04
IA=  1  H(single F0) min= 0.00000E+00  max= 8.32781E-03
IA=  1  H(F0^2)     min= 0.00000E+00  max= 8.32781E-03
HESSD: ia=   1  min= 0.00000E+00  max= 2.39778E+04
IA=  1  H(single F0) min= 0.00000E+00  max= 8.32781E-03
IA=  1  H(F0^2)     min= 0.00000E+00  max= 8.32781E-03
IA=  1  H(single F0) min= 0.00000E+00  max= 8.32781E-03
IA=  1  H(F0^2)     min= 0.00000E+00  max= 8.32781E-03
HESSD: ia=   1  min= 0.00000E+00  max= 2.39778E+04
HESSD: ia=   1  min= 0.00000E+00  max= 2.39778E+04
IA=  1  H(single F0) min= 0.00000E+00  max= 8.32781E-03
IA=  1  H(F0^2)     min= 0.00000E+00  max= 8.32781E-03
HESSD: ia=   1  min= 0.00000E+00  max= 2.39778E+04
IA=  1  H(single F0) min= 0.00000E+00  max= 8.32781E-03
IA=  1  H(F0^2)     min= 0.00000E+00  max= 8.32781E-03
HESSD: ia=   1  min= 0.00000E+00  max= 2.39778E+04
Grad block   1 GRAD_SCALED MORM =   5.2677E-03
Raw grad block  1  PAR={rho}  min= -5.1204E-07  max=  3.8113E-07  L2=  5.9976E-06
Gradient finished
Start LBFGS 
LBFGS steepest step , iter=      1
  g·p = -5.5846E-02  ||p|| =  1.5412E+01
  min(p)= -4.4564E-01  max(p)=  9.2106E-01
LBFGS p_k (unscaled) stats per active parameter:
  IA=  1  PAR={rho}  min=-4.09078E+02  max= 8.45491E+02  L2= 1.41471E+04
min(p_k)= -4.4564E-01  max(p_k)=  9.2106E-01  ||p_k||=  1.5412E+01
min(p_kf)= -4.4564E-01  max(p_kf)=  9.2106E-01  ||p_kf||=  6.1646E+01
p_k/p_kf  =   2.5000E-01
Start linesearch
BT entry: phi(0)=  2.2192E-03  g·p(0)= -5.5846E-02
 UPDATEPARAMETER: f-scale only
UPDATEPARAMETER PAR_STEP min/max, V_STEP min/max =  1.8289985193E+03  2.9768019966E+03
  1.8289985193E+03  2.9768019966E+03
REL STEP elastic: k=  1 row=  1 rmax_k=  4.2059E-01 row_scale=  2.4352E+03
BT cap probe: rmax1=  4.2059E-01  alpha_cap=  1.0000E+00  alpha00=  1.0000E+00
 UPDATEPARAMETER: f-scale only
UPDATEPARAMETER PAR_STEP min/max, V_STEP min/max =  1.8289985193E+03  2.9768019966E+03
  1.8289985193E+03  2.9768019966E+03
 running run_ik_loop_pardiso
before CA | VmRSS=  17.431 GB  VmHWM=  87.561 GB
after CA | VmRSS=  18.683 GB  VmHWM=  87.561 GB
after factor | VmRSS=  22.721 GB  VmHWM=  87.561 GB
f=     3.050 Hz | ky=  0.454475E-03 | IK=       1/      55 | t=   18.349500 s | CA=  2.6444 | fact= 13.6833 | GF=  2.0216 | solve=  1.8600 | scatter=  0.0529
f=     3.050 Hz | ky=  0.908951E-03 | IK=       2/      55 | t=    7.194000 s | CA=  2.7048 | fact=  2.5771 | GF=  1.9121 | solve=  1.7814 | scatter=  0.0542
f=     3.050 Hz | ky=  0.136343E-02 | IK=       3/      55 | t=    7.236500 s | CA=  2.7379 | fact=  2.5795 | GF=  1.9191 | solve=  1.7871 | scatter=  0.0554
f=     3.050 Hz | ky=  0.181790E-02 | IK=       4/      55 | t=    7.113900 s | CA=  2.6170 | fact=  2.5851 | GF=  1.9117 | solve=  1.7824 | scatter=  0.0529
f=     3.050 Hz | ky=  0.227238E-02 | IK=       5/      55 | t=    7.189500 s | CA=  2.6886 | fact=  2.5830 | GF=  1.9179 | solve=  1.7863 | scatter=  0.0550
f=     3.050 Hz | ky=  0.272685E-02 | IK=       6/      55 | t=    7.214900 s | CA=  2.7079 | fact=  2.5906 | GF=  1.9163 | solve=  1.7824 | scatter=  0.0572
f=     3.050 Hz | ky=  0.318133E-02 | IK=       7/      55 | t=    7.143200 s | CA=  2.6455 | fact=  2.5897 | GF=  1.9080 | solve=  1.7761 | scatter=  0.0553
f=     3.050 Hz | ky=  0.363580E-02 | IK=       8/      55 | t=    7.161000 s | CA=  2.6643 | fact=  2.5881 | GF=  1.9086 | solve=  1.7780 | scatter=  0.0536
f=     3.050 Hz | ky=  0.409028E-02 | IK=       9/      55 | t=    7.133400 s | CA=  2.6356 | fact=  2.5849 | GF=  1.9129 | solve=  1.7843 | scatter=  0.0521
f=     3.050 Hz | ky=  0.454475E-02 | IK=      10/      55 | t=    7.229100 s | CA=  2.7248 | fact=  2.5949 | GF=  1.9093 | solve=  1.7794 | scatter=  0.0535
PARDISO mem (f=  3.05 Hz): sym=  2.09 GB  perm=  1.52 GB  num=  3.46 GB  
peak=  4.98 GB
 WD_amp= 5.66868E+13  RESID_RMS= 1.13479E+00  FCOST_DATA= 6.43872E-01  FCOST0= 6.43872E-01
BT: alpha=  1.0000E+00  phi=  6.4387E-01  rhs=  2.2136E-03
 UPDATEPARAMETER: f-scale only
UPDATEPARAMETER PAR_STEP min/max, V_STEP min/max =  1.9040977181E+03  2.6744066629E+03
  1.9040977181E+03  2.6744066629E+03
 running run_ik_loop_pardiso
before CA | VmRSS=  17.432 GB  VmHWM=  87.561 GB
after CA | VmRSS=  18.679 GB  VmHWM=  87.561 GB
after factor | VmRSS=  22.727 GB  VmHWM=  87.561 GB
f=     3.050 Hz | ky=  0.454475E-03 | IK=       1/      55 | t=   18.268500 s | CA=  2.5858 | fact= 13.6672 | GF=  2.0153 | solve=  1.8525 | scatter=  0.0537
f=     3.050 Hz | ky=  0.908951E-03 | IK=       2/      55 | t=    7.152700 s | CA=  2.6718 | fact=  2.5776 | GF=  1.9032 | solve=  1.7726 | scatter=  0.0539
f=     3.050 Hz | ky=  0.136343E-02 | IK=       3/      55 | t=    7.221500 s | CA=  2.7274 | fact=  2.5804 | GF=  1.9136 | solve=  1.7819 | scatter=  0.0551
f=     3.050 Hz | ky=  0.181790E-02 | IK=       4/      55 | t=    7.218600 s | CA=  2.7325 | fact=  2.5774 | GF=  1.9087 | solve=  1.7781 | scatter=  0.0543
f=     3.050 Hz | ky=  0.227238E-02 | IK=       5/      55 | t=    7.184500 s | CA=  2.6916 | fact=  2.5823 | GF=  1.9106 | solve=  1.7792 | scatter=  0.0551
f=     3.050 Hz | ky=  0.272685E-02 | IK=       6/      55 | t=    7.171800 s | CA=  2.6806 | fact=  2.5801 | GF=  1.9111 | solve=  1.7763 | scatter=  0.0583
f=     3.050 Hz | ky=  0.318133E-02 | IK=       7/      55 | t=    7.199000 s | CA=  2.6903 | fact=  2.5911 | GF=  1.9175 | solve=  1.7864 | scatter=  0.0547
f=     3.050 Hz | ky=  0.363580E-02 | IK=       8/      55 | t=    7.079200 s | CA=  2.6221 | fact=  2.5455 | GF=  1.9116 | solve=  1.7782 | scatter=  0.0567
f=     3.050 Hz | ky=  0.409028E-02 | IK=       9/      55 | t=    7.147000 s | CA=  2.6574 | fact=  2.5768 | GF=  1.9128 | solve=  1.7791 | scatter=  0.0572
f=     3.050 Hz | ky=  0.454475E-02 | IK=      10/      55 | t=    7.208200 s | CA=  2.7143 | fact=  2.5813 | GF=  1.9126 | solve=  1.7818 | scatter=  0.0542
PARDISO mem (f=  3.05 Hz): sym=  2.09 GB  perm=  1.52 GB  num=  3.46 GB  
peak=  4.98 GB
 WD_amp= 5.66868E+13  RESID_RMS= 7.54083E-01  FCOST_DATA= 2.84321E-01  FCOST0= 2.84321E-01
BT: alpha=  5.0000E-01  phi=  2.8432E-01  rhs=  2.2164E-03
 UPDATEPARAMETER: f-scale only
UPDATEPARAMETER PAR_STEP min/max, V_STEP min/max =  1.9233417881E+03  2.5296330003E+03
  1.9233417881E+03  2.5296330003E+03
 running run_ik_loop_pardiso
before CA | VmRSS=  18.097 GB  VmHWM=  87.561 GB
after CA | VmRSS=  18.857 GB  VmHWM=  87.561 GB
after factor | VmRSS=  22.897 GB  VmHWM=  87.561 GB
f=     3.050 Hz | ky=  0.454475E-03 | IK=       1/      55 | t=   18.332900 s | CA=  2.6849 | fact= 13.6288 | GF=  2.0190 | solve=  1.8561 | scatter=  0.0540
f=     3.050 Hz | ky=  0.908951E-03 | IK=       2/      55 | t=    7.189600 s | CA=  2.6991 | fact=  2.5825 | GF=  1.9080 | solve=  1.7768 | scatter=  0.0544
f=     3.050 Hz | ky=  0.136343E-02 | IK=       3/      55 | t=    7.130000 s | CA=  2.6423 | fact=  2.5770 | GF=  1.9106 | solve=  1.7784 | scatter=  0.0556
f=     3.050 Hz | ky=  0.181790E-02 | IK=       4/      55 | t=    7.190000 s | CA=  2.7098 | fact=  2.5743 | GF=  1.9058 | solve=  1.7754 | scatter=  0.0540
f=     3.050 Hz | ky=  0.227238E-02 | IK=       5/      55 | t=    7.153400 s | CA=  2.7006 | fact=  2.5434 | GF=  1.9094 | solve=  1.7786 | scatter=  0.0544
f=     3.050 Hz | ky=  0.272685E-02 | IK=       6/      55 | t=    7.175600 s | CA=  2.6724 | fact=  2.5884 | GF=  1.9148 | solve=  1.7852 | scatter=  0.0533
f=     3.050 Hz | ky=  0.318133E-02 | IK=       7/      55 | t=    7.139700 s | CA=  2.6499 | fact=  2.5819 | GF=  1.9079 | solve=  1.7773 | scatter=  0.0542
f=     3.050 Hz | ky=  0.363580E-02 | IK=       8/      55 | t=    7.185500 s | CA=  2.6880 | fact=  2.5918 | GF=  1.9057 | solve=  1.7744 | scatter=  0.0548
f=     3.050 Hz | ky=  0.409028E-02 | IK=       9/      55 | t=    7.121300 s | CA=  2.6368 | fact=  2.5714 | GF=  1.9130 | solve=  1.7813 | scatter=  0.0550
f=     3.050 Hz | ky=  0.454475E-02 | IK=      10/      55 | t=    7.126300 s | CA=  2.6885 | fact=  2.5241 | GF=  1.9137 | solve=  1.7805 | scatter=  0.0569
PARDISO mem (f=  3.05 Hz): sym=  2.09 GB  perm=  1.52 GB  num=  3.46 GB  
peak=  4.98 GB
 WD_amp= 5.66868E+13  RESID_RMS= 4.04308E-01  FCOST_DATA= 8.17327E-02  FCOST0= 8.17327E-02
BT: alpha=  2.5000E-01  phi=  8.1733E-02  rhs=  2.2178E-03
 UPDATEPARAMETER: f-scale only
UPDATEPARAMETER PAR_STEP min/max, V_STEP min/max =  1.9302180611E+03  2.4765223476E+03
  1.9302180611E+03  2.4765223476E+03
 running run_ik_loop_pardiso
before CA | VmRSS=  18.030 GB  VmHWM=  87.561 GB
after CA | VmRSS=  18.269 GB  VmHWM=  87.561 GB
after factor | VmRSS=  22.308 GB  VmHWM=  87.561 GB
f=     3.050 Hz | ky=  0.454475E-03 | IK=       1/      55 | t=   18.356400 s | CA=  2.6716 | fact= 13.6677 | GF=  2.0169 | solve=  1.8538 | scatter=  0.0542
f=     3.050 Hz | ky=  0.908951E-03 | IK=       2/      55 | t=    7.128800 s | CA=  2.6320 | fact=  2.5821 | GF=  1.9147 | solve=  1.7837 | scatter=  0.0545
f=     3.050 Hz | ky=  0.136343E-02 | IK=       3/      55 | t=    7.162000 s | CA=  2.6744 | fact=  2.5802 | GF=  1.9073 | solve=  1.7745 | scatter=  0.0563
f=     3.050 Hz | ky=  0.181790E-02 | IK=       4/      55 | t=    7.189800 s | CA=  2.7135 | fact=  2.5688 | GF=  1.9075 | solve=  1.7757 | scatter=  0.0550
f=     3.050 Hz | ky=  0.227238E-02 | IK=       5/      55 | t=    7.130400 s | CA=  2.6352 | fact=  2.5872 | GF=  1.9080 | solve=  1.7784 | scatter=  0.0531
f=     3.050 Hz | ky=  0.272685E-02 | IK=       6/      55 | t=    7.159300 s | CA=  2.6623 | fact=  2.5817 | GF=  1.9152 | solve=  1.7808 | scatter=  0.0579
f=     3.050 Hz | ky=  0.318133E-02 | IK=       7/      55 | t=    7.064600 s | CA=  2.6240 | fact=  2.5283 | GF=  1.9123 | solve=  1.7799 | scatter=  0.0559
f=     3.050 Hz | ky=  0.363580E-02 | IK=       8/      55 | t=    7.168300 s | CA=  2.6890 | fact=  2.5667 | GF=  1.9125 | solve=  1.7813 | scatter=  0.0549
f=     3.050 Hz | ky=  0.409028E-02 | IK=       9/      55 | t=    7.135700 s | CA=  2.6471 | fact=  2.5796 | GF=  1.9090 | solve=  1.7795 | scatter=  0.0531
f=     3.050 Hz | ky=  0.454475E-02 | IK=      10/      55 | t=    7.216200 s | CA=  2.7163 | fact=  2.5873 | GF=  1.9124 | solve=  1.7808 | scatter=  0.0549
PARDISO mem (f=  3.05 Hz): sym=  2.09 GB  perm=  1.52 GB  num=  3.46 GB  
peak=  4.98 GB
 WD_amp= 5.66868E+13  RESID_RMS= 1.98699E-01  FCOST_DATA= 1.97406E-02  FCOST0= 1.97406E-02
BT: alpha=  1.2500E-01  phi=  1.9741E-02  rhs=  2.2185E-03
 UPDATEPARAMETER: f-scale only
UPDATEPARAMETER PAR_STEP min/max, V_STEP min/max =  1.9336561977E+03  2.4548468833E+03
  1.9336561977E+03  2.4548468833E+03
 running run_ik_loop_pardiso
before CA | VmRSS=  18.062 GB  VmHWM=  87.561 GB
after CA | VmRSS=  18.713 GB  VmHWM=  87.561 GB
after factor | VmRSS=  22.747 GB  VmHWM=  87.561 GB
f=     3.050 Hz | ky=  0.454475E-03 | IK=       1/      55 | t=   18.277300 s | CA=  2.6107 | fact= 13.6479 | GF=  2.0185 | solve=  1.8543 | scatter=  0.0554
f=     3.050 Hz | ky=  0.908951E-03 | IK=       2/      55 | t=    7.215000 s | CA=  2.7276 | fact=  2.5775 | GF=  1.9098 | solve=  1.7802 | scatter=  0.0531
f=     3.050 Hz | ky=  0.136343E-02 | IK=       3/      55 | t=    7.181100 s | CA=  2.6892 | fact=  2.5807 | GF=  1.9112 | solve=  1.7793 | scatter=  0.0555
f=     3.050 Hz | ky=  0.181790E-02 | IK=       4/      55 | t=    7.170800 s | CA=  2.6797 | fact=  2.5745 | GF=  1.9166 | solve=  1.7826 | scatter=  0.0577
f=     3.050 Hz | ky=  0.227238E-02 | IK=       5/      55 | t=    7.119400 s | CA=  2.6365 | fact=  2.5753 | GF=  1.9076 | solve=  1.7768 | scatter=  0.0544
f=     3.050 Hz | ky=  0.272685E-02 | IK=       6/      55 | t=    7.143200 s | CA=  2.6532 | fact=  2.5826 | GF=  1.9074 | solve=  1.7768 | scatter=  0.0542
f=     3.050 Hz | ky=  0.318133E-02 | IK=       7/      55 | t=    7.176900 s | CA=  2.6765 | fact=  2.5799 | GF=  1.9204 | solve=  1.7880 | scatter=  0.0557
f=     3.050 Hz | ky=  0.363580E-02 | IK=       8/      55 | t=    7.092600 s | CA=  2.6301 | fact=  2.5538 | GF=  1.9086 | solve=  1.7773 | scatter=  0.0548
f=     3.050 Hz | ky=  0.409028E-02 | IK=       9/      55 | t=    7.151600 s | CA=  2.6570 | fact=  2.5901 | GF=  1.9045 | solve=  1.7731 | scatter=  0.0548
f=     3.050 Hz | ky=  0.454475E-02 | IK=      10/      55 | t=    7.132900 s | CA=  2.6862 | fact=  2.5460 | GF=  1.9007 | solve=  1.7705 | scatter=  0.0537
PARDISO mem (f=  3.05 Hz): sym=  2.09 GB  perm=  1.52 GB  num=  3.46 GB  
peak=  4.98 GB
 WD_amp= 5.66868E+13  RESID_RMS= 8.95307E-02  FCOST_DATA= 4.00787E-03  FCOST0= 4.00787E-03
BT: alpha=  6.2500E-02  phi=  4.0079E-03  rhs=  2.2188E-03
 UPDATEPARAMETER: f-scale only
UPDATEPARAMETER PAR_STEP min/max, V_STEP min/max =  1.9353752659E+03  2.4450047098E+03
  1.9353752659E+03  2.4450047098E+03
 running run_ik_loop_pardiso
before CA | VmRSS=  18.017 GB  VmHWM=  87.561 GB
after CA | VmRSS=  18.256 GB  VmHWM=  87.561 GB
after factor | VmRSS=  22.291 GB  VmHWM=  87.561 GB
f=     3.050 Hz | ky=  0.454475E-03 | IK=       1/      55 | t=   18.296500 s | CA=  2.6163 | fact= 13.6642 | GF=  2.0158 | solve=  1.8541 | scatter=  0.0533
f=     3.050 Hz | ky=  0.908951E-03 | IK=       2/      55 | t=    7.149300 s | CA=  2.6654 | fact=  2.5735 | GF=  1.9102 | solve=  1.7766 | scatter=  0.0570
f=     3.050 Hz | ky=  0.136343E-02 | IK=       3/      55 | t=    7.110800 s | CA=  2.6264 | fact=  2.5774 | GF=  1.9070 | solve=  1.7787 | scatter=  0.0520
f=     3.050 Hz | ky=  0.181790E-02 | IK=       4/      55 | t=    7.150100 s | CA=  2.6543 | fact=  2.5806 | GF=  1.9151 | solve=  1.7827 | scatter=  0.0557
f=     3.050 Hz | ky=  0.227238E-02 | IK=       5/      55 | t=    7.128300 s | CA=  2.6394 | fact=  2.5811 | GF=  1.9077 | solve=  1.7746 | scatter=  0.0567
f=     3.050 Hz | ky=  0.272685E-02 | IK=       6/      55 | t=    7.143400 s | CA=  2.6663 | fact=  2.5705 | GF=  1.9066 | solve=  1.7770 | scatter=  0.0532
f=     3.050 Hz | ky=  0.318133E-02 | IK=       7/      55 | t=    7.119000 s | CA=  2.6322 | fact=  2.5750 | GF=  1.9118 | solve=  1.7823 | scatter=  0.0531
f=     3.050 Hz | ky=  0.363580E-02 | IK=       8/      55 | t=    7.155100 s | CA=  2.6737 | fact=  2.5749 | GF=  1.9065 | solve=  1.7771 | scatter=  0.0531
f=     3.050 Hz | ky=  0.409028E-02 | IK=       9/      55 | t=    7.167400 s | CA=  2.6821 | fact=  2.5776 | GF=  1.9077 | solve=  1.7779 | scatter=  0.0534
f=     3.050 Hz | ky=  0.454475E-02 | IK=      10/      55 | t=    7.150700 s | CA=  2.6616 | fact=  2.5796 | GF=  1.9095 | solve=  1.7792 | scatter=  0.0539
PARDISO mem (f=  3.05 Hz): sym=  2.09 GB  perm=  1.52 GB  num=  3.46 GB  
peak=  4.98 GB
 WD_amp= 5.66868E+13  RESID_RMS= 4.91979E-02  FCOST_DATA= 1.21022E-03  FCOST0= 1.21022E-03
BT: alpha=  3.1250E-02  phi=  1.2102E-03  rhs=  2.2190E-03
  
  
  
  
Convergence reached, updating parameter grid
ALPHA from line search =  .3125000000000000E-01
 FCOST0 after linesearch  1.210217450717277E-003
Norm of s (s_norm) =  .4816113166033164
  
  
Time for LBFGS =  12.21405131022135 min
  
 Frequency:           2 Iteration:           2
t_global   =    359.595 s
  
 -------------- calculate Frechet derivatives -----------
 IFREQ =           2    ITERATION =           2
||Frechet||_F=  2.1663E-12max|Frechet|=  2.0007E-17
 
TIME for Frechet calc =  2.852890014648438 min
 
 
  compute the residual and the cost function
 WD_amp= 5.66868E+13  RESID_RMS= 4.91979E-02  FCOST_DATA= 1.21022E-03  FCOST0= 1.21022E-03
||Frechet||_F=  2.1663E-12max|Frechet|=  2.0007E-17
||Frechet||_F=  2.1663E-12max|Frechet|=  2.0007E-17
||Frechet||_F=  2.1663E-12max|Frechet|=  2.0007E-17
||Frechet||_F=  2.1663E-12max|Frechet|=  2.0007E-17
||Frechet||_F=  2.1663E-12max|Frechet|=  2.0007E-17
Grad block   1 GRAD_SCALED MORM =   2.4234E-03
Raw grad block  1  PAR={rho}  min= -1.4497E-07  max=  4.0030E-07  L2=  2.8565E-06
Gradient finished
Start LBFGS 
curvature (warm): s·y=  2.3328E-03  ||s||^2=  2.3195E-01  ||y||^2=  3.8612E-05  sTy_min=  2.9927E-04
LBFGS step: g·p = -2.6315E-03  ||p||=  5.1776E+00
LBFGS step: min(p)= -5.5761E-01  max(p)=  3.1850E-01
LBFGS p_k (unscaled) stats per active parameter:
  IA=  1  PAR={rho}  min=-5.11862E+02  max= 2.92371E+02  L2= 4.75283E+03
min(p_k)= -5.5761E-01  max(p_k)=  3.1850E-01  ||p_k||=  5.1776E+00
min(p_kf)= -5.5761E-01  max(p_kf)=  3.1850E-01  ||p_kf||=  2.0710E+01
p_k/p_kf  =   2.5000E-01
Start linesearch
MT entry: phi(0)=  1.2102E-03  dg0= -2.6315E-03  alpha0=  1.0000E+00
 UPDATEPARAMETER: f-scale only
UPDATEPARAMETER PAR_STEP min/max, V_STEP min/max =  1.7145234340E+03  2.6930574093E+03
  1.7145234340E+03  2.6930574093E+03
 WD_amp= 5.66868E+13  RESID_RMS= 1.57673E-01  FCOST_DATA= 1.24303E-02  FCOST0= 1.24303E-02
  
 -------------- calculate Frechet derivatives -----------
 IFREQ =           2    ITERATION =           2
||Frechet||_F=  2.1864E-12max|Frechet|=  2.0264E-17
||Frechet||_F=  2.1864E-12max|Frechet|=  2.0264E-17
||Frechet||_F=  2.1864E-12max|Frechet|=  2.0264E-17
||Frechet||_F=  2.1864E-12max|Frechet|=  2.0264E-17
||Frechet||_F=  2.1864E-12max|Frechet|=  2.0264E-17
||Frechet||_F=  2.1864E-12max|Frechet|=  2.0264E-17
Grad block   1 GRAD_SCALED MORM =   1.1647E-02
MT try: alpha=  1.0000E+00  phi=  1.2430E-02  dg=  1.3179E-02  dg0= -2.6315E-03
MT try: armijo_rhs=  1.2100E-03  armijo=F  curvature=F  task=FG
 UPDATEPARAMETER: f-scale only
UPDATEPARAMETER PAR_STEP min/max, V_STEP min/max =  1.9299135530E+03  2.4576850179E+03
  1.9299135530E+03  2.4576850179E+03
 WD_amp= 5.66868E+13  RESID_RMS= 4.48333E-02  FCOST_DATA= 1.00501E-03  FCOST0= 1.00501E-03
  
 -------------- calculate Frechet derivatives -----------
 IFREQ =           2    ITERATION =           2
||Frechet||_F=  2.1672E-12max|Frechet|=  2.0004E-17
||Frechet||_F=  2.1672E-12max|Frechet|=  2.0004E-17
||Frechet||_F=  2.1672E-12max|Frechet|=  2.0004E-17
||Frechet||_F=  2.1672E-12max|Frechet|=  2.0004E-17
||Frechet||_F=  2.1672E-12max|Frechet|=  2.0004E-17
||Frechet||_F=  2.1672E-12max|Frechet|=  2.0004E-17
Grad block   1 GRAD_SCALED MORM =   2.2182E-03
MT try: alpha=  5.3060E-02  phi=  1.0050E-03  dg= -1.6077E-03  dg0= -2.6315E-03
MT try: armijo_rhs=  1.2102E-03  armijo=T  curvature=T  task=FG
Convergence reached, updating parameter grid
ALPHA from line search =  .5305982686768678E-01
 FCOST0 after linesearch  1.005013800138139E-003
Norm of s (s_norm) =  .2747236071898766
  
  
  
  
  
Time for LBFGS =  17.68936157226562 min
  
  
 Frequency:           2 Iteration:           3
t_global   =    357.979 s
  
 -------------- calculate Frechet derivatives -----------
 IFREQ =           2    ITERATION =           3
||Frechet||_F=  2.1672E-12max|Frechet|=  2.0004E-17
 
TIME for Frechet calc =  2.818631744384766 min
 
 
  compute the residual and the cost function
 WD_amp= 5.66868E+13  RESID_RMS= 4.48333E-02  FCOST_DATA= 1.00501E-03  FCOST0= 1.00501E-03
||Frechet||_F=  2.1672E-12max|Frechet|=  2.0004E-17
||Frechet||_F=  2.1672E-12max|Frechet|=  2.0004E-17
||Frechet||_F=  2.1672E-12max|Frechet|=  2.0004E-17
||Frechet||_F=  2.1672E-12max|Frechet|=  2.0004E-17
||Frechet||_F=  2.1672E-12max|Frechet|=  2.0004E-17
Grad block   1 GRAD_SCALED MORM =   2.2182E-03
Gradient finished
Start LBFGS 
curvature (warm): s·y=  5.4324E-05  ||s||^2=  7.5473E-02  ||y||^2=  2.8154E-07  sTy_min=  1.4577E-05
LBFGS step: g·p = -4.1262E-03  ||p||=  1.0643E+01
LBFGS step: min(p)= -1.2156E+00  max(p)=  6.9203E-01
LBFGS p_k (unscaled) stats per active parameter:
  IA=  1  PAR={rho}  min=-1.11590E+03  max= 6.35255E+02  L2= 9.77027E+03
min(p_k)= -1.2156E+00  max(p_k)=  6.9203E-01  ||p_k||=  1.0643E+01
min(p_kf)= -1.2156E+00  max(p_kf)=  6.9203E-01  ||p_kf||=  4.2574E+01
p_k/p_kf  =   2.5000E-01
Start linesearch
MT entry: phi(0)=  1.0050E-03  dg0= -4.1262E-03  alpha0=  1.0000E+00
 UPDATEPARAMETER: f-scale only
UPDATEPARAMETER PAR_STEP min/max, V_STEP min/max =  1.0977471775E+03  3.0513632215E+03
  1.0977471775E+03  3.0513632215E+03
 WD_amp= 5.66868E+13  RESID_RMS= 2.72657E-01  FCOST_DATA= 3.71710E-02  FCOST0= 3.71710E-02
  
 -------------- calculate Frechet derivatives -----------
 IFREQ =           2    ITERATION =           3
||Frechet||_F=  2.1952E-12max|Frechet|=  2.0349E-17
||Frechet||_F=  2.1952E-12max|Frechet|=  2.0349E-17
||Frechet||_F=  2.1952E-12max|Frechet|=  2.0349E-17
||Frechet||_F=  2.1952E-12max|Frechet|=  2.0349E-17
||Frechet||_F=  2.1952E-12max|Frechet|=  2.0349E-17
||Frechet||_F=  2.1952E-12max|Frechet|=  2.0349E-17
Grad block   1 GRAD_SCALED MORM =   1.9646E-02
MT try: alpha=  1.0000E+00  phi=  3.7171E-02  dg=  2.9896E-02  dg0= -4.1262E-03
MT try: armijo_rhs=  1.0046E-03  armijo=F  curvature=F  task=FG
 UPDATEPARAMETER: f-scale only
UPDATEPARAMETER PAR_STEP min/max, V_STEP min/max =  1.9260873936E+03  2.4701430052E+03
  1.9260873936E+03  2.4701430052E+03
 WD_amp= 5.66868E+13  RESID_RMS= 4.13867E-02  FCOST_DATA= 8.56430E-04  FCOST0= 8.56430E-04
  
 -------------- calculate Frechet derivatives -----------
 IFREQ =           2    ITERATION =           3
||Frechet||_F=  2.1679E-12max|Frechet|=  1.9993E-17
||Frechet||_F=  2.1679E-12max|Frechet|=  1.9993E-17
||Frechet||_F=  2.1679E-12max|Frechet|=  1.9993E-17
||Frechet||_F=  2.1679E-12max|Frechet|=  1.9993E-17
||Frechet||_F=  2.1679E-12max|Frechet|=  1.9993E-17
||Frechet||_F=  2.1679E-12max|Frechet|=  1.9993E-17
Grad block   1 GRAD_SCALED MORM =   1.9883E-03
MT try: alpha=  2.4226E-02  phi=  8.5643E-04  dg= -2.4759E-03  dg0= -4.1262E-03
MT try: armijo_rhs=  1.0050E-03  armijo=T  curvature=T  task=FG
Convergence reached, updating parameter grid
ALPHA from line search =  .2422551818715581E-01
 FCOST0 after linesearch  8.564302257109747E-004
Norm of s (s_norm) =  .2578441989564957
  
  
Convergence check at iteration    3
  Relative cost decrease  =  1.4784E-01
  Relative model update   =  0.0000E+00
  Relative grad. norm     =  3.5121E-01
Time for LBFGS =  17.50220336914062 min
  
  
  
  
  
 Frequency:           2 Iteration:           4
t_global   =    357.807 s
  
 -------------- calculate Frechet derivatives -----------
 IFREQ =           2    ITERATION =           4
||Frechet||_F=  2.1679E-12max|Frechet|=  1.9993E-17
||Frechet||_F=  2.1679E-12max|Frechet|=  1.9993E-17
 
TIME for Frechet calc =  2.838469950358073 min
 
 
  compute the residual and the cost function
 WD_amp= 5.66868E+13  RESID_RMS= 4.13867E-02  FCOST_DATA= 8.56430E-04  FCOST0= 8.56430E-04
||Frechet||_F=  2.1679E-12max|Frechet|=  1.9993E-17
||Frechet||_F=  2.1679E-12max|Frechet|=  1.9993E-17
||Frechet||_F=  2.1679E-12max|Frechet|=  1.9993E-17
||Frechet||_F=  2.1679E-12max|Frechet|=  1.9993E-17
Grad block   1 GRAD_SCALED MORM =   1.9883E-03
Gradient finished
Start LBFGS 
curvature (warm): s·y=  3.9979E-05  ||s||^2=  6.6484E-02  ||y||^2=  2.4990E-07  sTy_min=  1.2890E-05
LBFGS step: g·p = -1.5723E-03  ||p||=  5.5692E+00
LBFGS step: min(p)= -6.2518E-01  max(p)=  4.1174E-01
LBFGS p_k (unscaled) stats per active parameter:
  IA=  1  PAR={rho}  min=-5.73887E+02  max= 3.77964E+02  L2= 5.11231E+03
min(p_k)= -6.2518E-01  max(p_k)=  4.1174E-01  ||p_k||=  5.5692E+00
min(p_kf)= -6.2518E-01  max(p_kf)=  4.1174E-01  ||p_kf||=  2.2277E+01
p_k/p_kf  =   2.5000E-01
Start linesearch
MT entry: phi(0)=  8.5643E-04  dg0= -1.5723E-03  alpha0=  1.0000E+00
 UPDATEPARAMETER: f-scale only
UPDATEPARAMETER PAR_STEP min/max, V_STEP min/max =  1.6307913973E+03  2.8056866057E+03
  1.6307913973E+03  2.8056866057E+03
 WD_amp= 5.66868E+13  RESID_RMS= 1.12127E-01  FCOST_DATA= 6.28623E-03  FCOST0= 6.28623E-03
  
 -------------- calculate Frechet derivatives -----------
 IFREQ =           2    ITERATION =           4
||Frechet||_F=  2.1623E-12max|Frechet|=  1.9698E-17
||Frechet||_F=  2.1623E-12max|Frechet|=  1.9698E-17
||Frechet||_F=  2.1623E-12max|Frechet|=  1.9698E-17
||Frechet||_F=  2.1623E-12max|Frechet|=  1.9698E-17
||Frechet||_F=  2.1623E-12max|Frechet|=  1.9698E-17
||Frechet||_F=  2.1623E-12max|Frechet|=  1.9698E-17
Grad block   1 GRAD_SCALED MORM =   8.4596E-03
MT try: alpha=  1.0000E+00  phi=  6.2862E-03  dg=  5.5962E-03  dg0= -1.5723E-03
MT try: armijo_rhs=  8.5627E-04  armijo=F  curvature=F  task=FG
 UPDATEPARAMETER: f-scale only
UPDATEPARAMETER PAR_STEP min/max, V_STEP min/max =  1.9302155940E+03  2.4857601833E+03
  1.9302155940E+03  2.4857601833E+03
 WD_amp= 5.66868E+13  RESID_RMS= 3.78133E-02  FCOST_DATA= 7.14923E-04  FCOST0= 7.14923E-04
  
 -------------- calculate Frechet derivatives -----------
 IFREQ =           2    ITERATION =           4
||Frechet||_F=  2.1674E-12max|Frechet|=  1.9979E-17
||Frechet||_F=  2.1674E-12max|Frechet|=  1.9979E-17
||Frechet||_F=  2.1674E-12max|Frechet|=  1.9979E-17
||Frechet||_F=  2.1674E-12max|Frechet|=  1.9979E-17
||Frechet||_F=  2.1674E-12max|Frechet|=  1.9979E-17
||Frechet||_F=  2.1674E-12max|Frechet|=  1.9979E-17
Grad block   1 GRAD_SCALED MORM =   1.7409E-03
MT try: alpha=  5.9429E-02  phi=  7.1492E-04  dg= -1.0839E-03  dg0= -1.5723E-03
MT try: armijo_rhs=  8.5642E-04  armijo=T  curvature=T  task=FG
Convergence reached, updating parameter grid
ALPHA from line search =  .5942877514552975E-01
 FCOST0 after linesearch  7.149231276900605E-004
Norm of s (s_norm) =  .3309724309410071
  
  
  
  
Convergence check at iteration    4
  Relative cost decrease  =  1.6523E-01
  Relative model update   =  0.0000E+00
  Relative grad. norm     =  3.0539E-01
Time for LBFGS =  17.49586385091146 min
  
  
  
 Frequency:           2 Iteration:           5
t_global   =    358.709 s
  
 -------------- calculate Frechet derivatives -----------
 IFREQ =           2    ITERATION =           5
||Frechet||_F=  2.1674E-12max|Frechet|=  1.9979E-17
||Frechet||_F=  2.1674E-12max|Frechet|=  1.9979E-17
||Frechet||_F=  2.1674E-12max|Frechet|=  1.9979E-17
 
TIME for Frechet calc =  2.904918416341146 min
 
 
  compute the residual and the cost function
 WD_amp= 5.66868E+13  RESID_RMS= 3.78133E-02  FCOST_DATA= 7.14923E-04  FCOST0= 7.14923E-04
||Frechet||_F=  2.1674E-12max|Frechet|=  1.9979E-17
||Frechet||_F=  2.1674E-12max|Frechet|=  1.9979E-17
||Frechet||_F=  2.1674E-12max|Frechet|=  1.9979E-17
Grad block   1 GRAD_SCALED MORM =   1.7409E-03
Gradient finished
Start LBFGS 
curvature (warm): s·y=  2.9028E-05  ||s||^2=  1.0954E-01  ||y||^2=  1.7180E-07  sTy_min=  1.3719E-05
LBFGS step: g·p = -1.8792E-03  ||p||=  8.1199E+00
LBFGS step: min(p)= -8.3791E-01  max(p)=  6.2641E-01
LBFGS p_k (unscaled) stats per active parameter:
  IA=  1  PAR={rho}  min=-7.69169E+02  max= 5.75013E+02  L2= 7.45368E+03
min(p_k)= -8.3791E-01  max(p_k)=  6.2641E-01  ||p_k||=  8.1199E+00
min(p_kf)= -8.3791E-01  max(p_kf)=  6.2641E-01  ||p_kf||=  3.2479E+01
p_k/p_kf  =   2.5000E-01
Start linesearch
MT entry: phi(0)=  7.1492E-04  dg0= -1.8792E-03  alpha0=  1.0000E+00
 UPDATEPARAMETER: f-scale only
UPDATEPARAMETER PAR_STEP min/max, V_STEP min/max =  1.3891856761E+03  3.0015324382E+03
  1.3891856761E+03  3.0015324382E+03
 WD_amp= 5.66868E+13  RESID_RMS= 1.58667E-01  FCOST_DATA= 1.25875E-02  FCOST0= 1.25875E-02
  
 -------------- calculate Frechet derivatives -----------
 IFREQ =           2    ITERATION =           5
||Frechet||_F=  2.1563E-12max|Frechet|=  1.9607E-17
||Frechet||_F=  2.1563E-12max|Frechet|=  1.9607E-17
||Frechet||_F=  2.1563E-12max|Frechet|=  1.9607E-17
||Frechet||_F=  2.1563E-12max|Frechet|=  1.9607E-17
||Frechet||_F=  2.1563E-12max|Frechet|=  1.9607E-17
||Frechet||_F=  2.1563E-12max|Frechet|=  1.9607E-17
Grad block   1 GRAD_SCALED MORM =   1.0188E-02
MT try: alpha=  1.0000E+00  phi=  1.2588E-02  dg=  8.4276E-03  dg0= -1.8792E-03
MT try: armijo_rhs=  7.1474E-04  armijo=F  curvature=F  task=FG
 UPDATEPARAMETER: f-scale only
UPDATEPARAMETER PAR_STEP min/max, V_STEP min/max =  1.9350640697E+03  2.4964037540E+03
  1.9350640697E+03  2.4964037540E+03
 WD_amp= 5.66868E+13  RESID_RMS= 3.59981E-02  FCOST_DATA= 6.47932E-04  FCOST0= 6.47932E-04
  
 -------------- calculate Frechet derivatives -----------
 IFREQ =           2    ITERATION =           5
||Frechet||_F=  2.1668E-12max|Frechet|=  1.9966E-17
||Frechet||_F=  2.1668E-12max|Frechet|=  1.9966E-17
||Frechet||_F=  2.1668E-12max|Frechet|=  1.9966E-17
||Frechet||_F=  2.1668E-12max|Frechet|=  1.9966E-17
||Frechet||_F=  2.1668E-12max|Frechet|=  1.9966E-17
||Frechet||_F=  2.1668E-12max|Frechet|=  1.9966E-17
Grad block   1 GRAD_SCALED MORM =   1.5626E-03
MT try: alpha=  3.1169E-02  phi=  6.4793E-04  dg= -1.4548E-03  dg0= -1.8792E-03
MT try: armijo_rhs=  7.1492E-04  armijo=T  curvature=T  task=FG
  
Convergence reached, updating parameter grid
ALPHA from line search =  .3116911459252491E-01
 FCOST0 after linesearch  6.479323699555097E-004
Norm of s (s_norm) =  .2530889106372727
  
  
  
  
  
Convergence check at iteration    5
  Relative cost decrease  =  9.3703E-02
  Relative model update   =  0.0000E+00
  Relative grad. norm     =  2.7530E-01
Time for LBFGS =  17.67767333984375 min
  
 Frequency:           2 Iteration:           6
t_global   =    357.260 s
  
 -------------- calculate Frechet derivatives -----------
 IFREQ =           2    ITERATION =           6
||Frechet||_F=  2.1668E-12max|Frechet|=  1.9966E-17
||Frechet||_F=  2.1668E-12max|Frechet|=  1.9966E-17
 
TIME for Frechet calc =  2.842201741536458 min
 
 
  compute the residual and the cost function
 WD_amp= 5.66868E+13  RESID_RMS= 3.59981E-02  FCOST_DATA= 6.47932E-04  FCOST0= 6.47932E-04
||Frechet||_F=  2.1668E-12max|Frechet|=  1.9966E-17
||Frechet||_F=  2.1668E-12max|Frechet|=  1.9966E-17
||Frechet||_F=  2.1668E-12max|Frechet|=  1.9966E-17
||Frechet||_F=  2.1668E-12max|Frechet|=  1.9966E-17
Grad block   1 GRAD_SCALED MORM =   1.5626E-03
Gradient finished
Start LBFGS 
curvature (warm): s·y=  1.3227E-05  ||s||^2=  6.4054E-02  ||y||^2=  7.4957E-08  sTy_min=  6.9291E-06
LBFGS step: g·p = -1.4379E-03  ||p||=  7.3934E+00
LBFGS step: min(p)= -7.1496E-01  max(p)=  5.9706E-01
LBFGS p_k (unscaled) stats per active parameter:
  IA=  1  PAR={rho}  min=-6.56305E+02  max= 5.48077E+02  L2= 6.78686E+03
min(p_k)= -7.1496E-01  max(p_k)=  5.9706E-01  ||p_k||=  7.3934E+00
min(p_kf)= -7.1496E-01  max(p_kf)=  5.9706E-01  ||p_kf||=  2.9574E+01
p_k/p_kf  =   2.5000E-01
Start linesearch
MT entry: phi(0)=  6.4793E-04  dg0= -1.4379E-03  alpha0=  1.0000E+00
 UPDATEPARAMETER: f-scale only
UPDATEPARAMETER PAR_STEP min/max, V_STEP min/max =  1.4780755651E+03  2.9782960695E+03
  1.4780755651E+03  2.9782960695E+03
 WD_amp= 5.66868E+13  RESID_RMS= 1.21187E-01  FCOST_DATA= 7.34309E-03  FCOST0= 7.34309E-03
  
 -------------- calculate Frechet derivatives -----------
 IFREQ =           2    ITERATION =           6
||Frechet||_F=  2.1686E-12max|Frechet|=  1.9594E-17
||Frechet||_F=  2.1686E-12max|Frechet|=  1.9594E-17
||Frechet||_F=  2.1686E-12max|Frechet|=  1.9594E-17
||Frechet||_F=  2.1686E-12max|Frechet|=  1.9594E-17
||Frechet||_F=  2.1686E-12max|Frechet|=  1.9594E-17
||Frechet||_F=  2.1686E-12max|Frechet|=  1.9594E-17
Grad block   1 GRAD_SCALED MORM =   5.5062E-03
MT try: alpha=  1.0000E+00  phi=  7.3431E-03  dg=  4.4727E-03  dg0= -1.4379E-03
MT try: armijo_rhs=  6.4779E-04  armijo=F  curvature=F  task=FG
 UPDATEPARAMETER: f-scale only
UPDATEPARAMETER PAR_STEP min/max, V_STEP min/max =  1.9389537138E+03  2.5084977274E+03
  1.9389537138E+03  2.5084977274E+03
 WD_amp= 5.66868E+13  RESID_RMS= 3.40386E-02  FCOST_DATA= 5.79314E-04  FCOST0= 5.79314E-04
  
 -------------- calculate Frechet derivatives -----------
 IFREQ =           2    ITERATION =           6
||Frechet||_F=  2.1666E-12max|Frechet|=  1.9940E-17
||Frechet||_F=  2.1666E-12max|Frechet|=  1.9940E-17
||Frechet||_F=  2.1666E-12max|Frechet|=  1.9940E-17
||Frechet||_F=  2.1666E-12max|Frechet|=  1.9940E-17
||Frechet||_F=  2.1666E-12max|Frechet|=  1.9940E-17
||Frechet||_F=  2.1666E-12max|Frechet|=  1.9940E-17
Grad block   1 GRAD_SCALED MORM =   1.3924E-03
MT try: alpha=  4.0248E-02  phi=  5.7931E-04  dg= -1.1495E-03  dg0= -1.4379E-03
MT try: armijo_rhs=  6.4793E-04  armijo=T  curvature=T  task=FG
  
Convergence reached, updating parameter grid
ALPHA from line search =  .4024810355303889E-01
 FCOST0 after linesearch  5.793143141347536E-004
Norm of s (s_norm) =  .2975719547342033
  
  
  
  
  
Convergence check at iteration    6
  Relative cost decrease  =  1.0590E-01
  Relative model update   =  0.0000E+00
  Relative grad. norm     =  2.4487E-01
Time for LBFGS =  18.11463419596354 min
  
 Frequency:           2 Iteration:           7
t_global   =    372.953 s
  
 -------------- calculate Frechet derivatives -----------
 IFREQ =           2    ITERATION =           7
||Frechet||_F=  2.1666E-12max|Frechet|=  1.9940E-17
||Frechet||_F=  2.1666E-12max|Frechet|=  1.9940E-17
||Frechet||_F=  2.1666E-12max|Frechet|=  1.9940E-17
 
TIME for Frechet calc =  2.871213277180990 min
 
 
  compute the residual and the cost function
 WD_amp= 5.66868E+13  RESID_RMS= 3.40386E-02  FCOST_DATA= 5.79314E-04  FCOST0= 5.79314E-04
||Frechet||_F=  2.1666E-12max|Frechet|=  1.9940E-17
||Frechet||_F=  2.1666E-12max|Frechet|=  1.9940E-17
||Frechet||_F=  2.1666E-12max|Frechet|=  1.9940E-17
Grad block   1 GRAD_SCALED MORM =   1.3924E-03
Gradient finished
Start LBFGS 
curvature (full): s·y=  1.1611E-05  ||s||^2=  8.8549E-02  ||y||^2=  4.0024E-08  sTy_min=  5.9533E-06
 
LBFGS step(full): g·p = -1.3941E-03  ||p||=  5.6612E+00
LBFGS step(full): min(p)= -3.5186E-01  max(p)=  3.9969E-01
LBFGS p_k (unscaled) stats per active parameter:
  IA=  1  PAR={rho}  min=-3.22988E+02  max= 3.66898E+02  L2= 5.19672E+03
min(p_k)= -3.5186E-01  max(p_k)=  3.9969E-01  ||p_k||=  5.6612E+00
min(p_kf)= -3.5186E-01  max(p_kf)=  3.9969E-01  ||p_kf||=  2.2645E+01
p_k/p_kf  =   2.5000E-01
Start linesearch
MT entry: phi(0)=  5.7931E-04  dg0= -1.3941E-03  alpha0=  1.0000E+00
 UPDATEPARAMETER: f-scale only
UPDATEPARAMETER PAR_STEP min/max, V_STEP min/max =  1.7102418566E+03  2.7808695838E+03
  1.7102418566E+03  2.7808695838E+03
 WD_amp= 5.66868E+13  RESID_RMS= 1.41746E-01  FCOST_DATA= 1.00459E-02  FCOST0= 1.00459E-02
  
 -------------- calculate Frechet derivatives -----------
 IFREQ =           2    ITERATION =           7
||Frechet||_F=  2.1761E-12max|Frechet|=  1.9846E-17
||Frechet||_F=  2.1761E-12max|Frechet|=  1.9846E-17
||Frechet||_F=  2.1761E-12max|Frechet|=  1.9846E-17
||Frechet||_F=  2.1761E-12max|Frechet|=  1.9846E-17
||Frechet||_F=  2.1761E-12max|Frechet|=  1.9846E-17
||Frechet||_F=  2.1761E-12max|Frechet|=  1.9846E-17
Grad block   1 GRAD_SCALED MORM =   1.0775E-02
MT try: alpha=  1.0000E+00  phi=  1.0046E-02  dg=  7.6739E-03  dg0= -1.3941E-03
MT try: armijo_rhs=  5.7917E-04  armijo=F  curvature=F  task=FG
 UPDATEPARAMETER: f-scale only
UPDATEPARAMETER PAR_STEP min/max, V_STEP min/max =  1.9383107004E+03  2.5128677422E+03
  1.9383107004E+03  2.5128677422E+03
 WD_amp= 5.66868E+13  RESID_RMS= 3.33452E-02  FCOST_DATA= 5.55951E-04  FCOST0= 5.55951E-04
  
 -------------- calculate Frechet derivatives -----------
 IFREQ =           2    ITERATION =           7
||Frechet||_F=  2.1669E-12max|Frechet|=  1.9928E-17
||Frechet||_F=  2.1669E-12max|Frechet|=  1.9928E-17
||Frechet||_F=  2.1669E-12max|Frechet|=  1.9928E-17
||Frechet||_F=  2.1669E-12max|Frechet|=  1.9928E-17
||Frechet||_F=  2.1669E-12max|Frechet|=  1.9928E-17
||Frechet||_F=  2.1669E-12max|Frechet|=  1.9928E-17
Grad block   1 GRAD_SCALED MORM =   1.0985E-03
MT try: alpha=  3.0390E-02  phi=  5.5595E-04  dg= -1.0863E-03  dg0= -1.3941E-03
MT try: armijo_rhs=  5.7931E-04  armijo=T  curvature=T  task=FG
Convergence reached, updating parameter grid
ALPHA from line search =  .3039032091545738E-01
 FCOST0 after linesearch  5.559512710402763E-004
Norm of s (s_norm) =  .1720452624734164
  
  
  
  
  
  
Convergence check at iteration    7
  Relative cost decrease  =  4.0329E-02
  Relative model update   =  0.0000E+00
  Relative grad. norm     =  1.7849E-01
Time for LBFGS =  17.98286539713542 min
 --------- Frequency   3.30000000000000       (band            1 )
[ComputeAcqWeight] empty acq_weight_file, using uniform weights = 1.0
Data weighting computed for frequency 4607182418800017373
XSRmin, XSRmax, ZSRmin, ZSRMax -1960.000000000000 .000000000000000 2203.000000000000 4183.000000000000
1 FKYC
1.2 FKYC
my_rank, FKYC,WLMAX, RMAX 0 .2704501501785996E-01 1552.357210558415 2786.036611389018
1.1 NK
NK in cky2= 55

  Number of wavenumber samples (NK) for FREQ =   55
Data weighting computed for frequency 4607182418800017373
Data weighting computed for frequency 4607182418800017373
Data weighting computed for frequency 4607182418800017373
Data weighting computed for frequency 4607182418800017373
Data weighting computed for frequency 4607182418800017373
  RMAX = 2786.04
--- Pre-solver preview (memory + RHS workload) ---
   GQG dims: NNX=       609  NNZ=       329  NPT=    200361
   DOF:     N=3*NPT =    601083
   Sources: NSR=       100  NSS=        20  NK=        55
   RHS total (per IK): nrhs_tot=3*NSS =        60
   Batch:    MAX_RHS_BATCH=        32  nbatches=         2
   GFMY  (GFX+GFY+GFZ):         14.779 GB
   RHS_MY(rhs+sol buffers):      0.573 GB
 
 running run_ik_loop_pardiso
before CA | VmRSS=  16.512 GB  VmHWM=  87.561 GB
after CA | VmRSS=  17.164 GB  VmHWM=  87.561 GB
after factor | VmRSS=  21.206 GB  VmHWM=  87.561 GB
f=     3.300 Hz | ky=  0.491728E-03 | IK=       1/      55 | t=   18.342400 s | CA=  2.6287 | fact= 13.6893 | GF=  2.0242 | solve=  1.8618 | scatter=  0.0535
f=     3.300 Hz | ky=  0.983455E-03 | IK=       2/      55 | t=    7.195800 s | CA=  2.6860 | fact=  2.5956 | GF=  1.9142 | solve=  1.7827 | scatter=  0.0548
f=     3.300 Hz | ky=  0.147518E-02 | IK=       3/      55 | t=    7.150800 s | CA=  2.6426 | fact=  2.5895 | GF=  1.9187 | solve=  1.7871 | scatter=  0.0550
f=     3.300 Hz | ky=  0.196691E-02 | IK=       4/      55 | t=    7.175800 s | CA=  2.6767 | fact=  2.5835 | GF=  1.9156 | solve=  1.7844 | scatter=  0.0547
f=     3.300 Hz | ky=  0.245864E-02 | IK=       5/      55 | t=    7.153500 s | CA=  2.6500 | fact=  2.5954 | GF=  1.9081 | solve=  1.7781 | scatter=  0.0530
f=     3.300 Hz | ky=  0.295037E-02 | IK=       6/      55 | t=    7.225900 s | CA=  2.7238 | fact=  2.5950 | GF=  1.9071 | solve=  1.7777 | scatter=  0.0525
f=     3.300 Hz | ky=  0.344209E-02 | IK=       7/      55 | t=    7.174800 s | CA=  2.6720 | fact=  2.5901 | GF=  1.9127 | solve=  1.7799 | scatter=  0.0561
f=     3.300 Hz | ky=  0.393382E-02 | IK=       8/      55 | t=    7.200700 s | CA=  2.6890 | fact=  2.5942 | GF=  1.9174 | solve=  1.7842 | scatter=  0.0566
f=     3.300 Hz | ky=  0.442555E-02 | IK=       9/      55 | t=    7.151800 s | CA=  2.6924 | fact=  2.5532 | GF=  1.9062 | solve=  1.7771 | scatter=  0.0526
f=     3.300 Hz | ky=  0.491728E-02 | IK=      10/      55 | t=    7.197900 s | CA=  2.6922 | fact=  2.5914 | GF=  1.9143 | solve=  1.7812 | scatter=  0.0563
PARDISO mem (f=  3.30 Hz): sym=  2.09 GB  perm=  1.52 GB  num=  3.46 GB  
peak=  4.98 GB
t_global   =    127.134 s
TIME for 1st forward modeling =  2.118733342488607  min
TIME for GT0 =  .4869999984900157E-02  min
Data scaler W for L2 norm: 58613238376046.23
Data scaler W for WQS norm: .1007948000807317E-312
Total number of active inversion parameters for current sequential stage (IM):          1
Total model blocks points (NM = IM * NBLOCK):      12464 on grid (NMM = IM * NPT):    200361
 Gradient balance ():   1.00000000000000        1.00000000000000     
   1.00000000000000        1.00000000000000        1.00000000000000     
   1.00000000000000        1.00000000000000        1.00000000000000     
   1.00000000000000        1.00000000000000        1.00000000000000     
 IE0, IZ          33           0
 IE0, IZ, GZ1, GZ2 =           33           0   100.000000000000     
   300.000000000000     
  
 Frequency:           3 Iteration:           1
--- Pre-solver preview (memory + RHS workload) ---
   GQG dims: NNX=       609  NNZ=       329  NPT=    200361
   DOF:     N=3*NPT =    601083
   Sources: NSR=       100  NSS=       100  NK=        55
   RHS total (per IK): nrhs_tot=3*NSS =       300
   Batch:    MAX_RHS_BATCH=        32  nbatches=        10
   GFMY  (GFX+GFY+GFZ):         73.894 GB
   RHS_MY(rhs+sol buffers):      0.573 GB
 
 running run_ik_loop_pardiso
before CA | VmRSS=  76.510 GB  VmHWM=  87.561 GB
after CA | VmRSS=  77.748 GB  VmHWM=  87.561 GB
after factor | VmRSS=  81.799 GB  VmHWM=  87.561 GB
f=     3.300 Hz | ky=  0.491728E-03 | IK=       1/      55 | t=   25.774100 s | CA=  2.6319 | fact= 13.6766 | GF=  9.4654 | solve=  8.7690 | scatter=  0.2727
f=     3.300 Hz | ky=  0.983455E-03 | IK=       2/      55 | t=   14.660200 s | CA=  2.7373 | fact=  2.5851 | GF=  9.3378 | solve=  8.6730 | scatter=  0.2740
f=     3.300 Hz | ky=  0.147518E-02 | IK=       3/      55 | t=   14.535900 s | CA=  2.6706 | fact=  2.5860 | GF=  9.2793 | solve=  8.6190 | scatter=  0.2692
f=     3.300 Hz | ky=  0.196691E-02 | IK=       4/      55 | t=   14.245900 s | CA=  2.6862 | fact=  2.5953 | GF=  8.9644 | solve=  8.3016 | scatter=  0.2713
f=     3.300 Hz | ky=  0.245864E-02 | IK=       5/      55 | t=   14.283000 s | CA=  2.7190 | fact=  2.6091 | GF=  8.9548 | solve=  8.2916 | scatter=  0.2724
f=     3.300 Hz | ky=  0.295037E-02 | IK=       6/      55 | t=   14.238100 s | CA=  2.6648 | fact=  2.6143 | GF=  8.9590 | solve=  8.2922 | scatter=  0.2749
f=     3.300 Hz | ky=  0.344209E-02 | IK=       7/      55 | t=   14.232000 s | CA=  2.6571 | fact=  2.6098 | GF=  8.9650 | solve=  8.3003 | scatter=  0.2737
f=     3.300 Hz | ky=  0.393382E-02 | IK=       8/      55 | t=   14.247500 s | CA=  2.6768 | fact=  2.6137 | GF=  8.9570 | solve=  8.2927 | scatter=  0.2725
f=     3.300 Hz | ky=  0.442555E-02 | IK=       9/      55 | t=   14.211200 s | CA=  2.6300 | fact=  2.6007 | GF=  8.9805 | solve=  8.3163 | scatter=  0.2725
f=     3.300 Hz | ky=  0.491728E-02 | IK=      10/      55 | t=   14.284000 s | CA=  2.6928 | fact=  2.6269 | GF=  8.9642 | solve=  8.2947 | scatter=  0.2773
PARDISO mem (f=  3.30 Hz): sym=  2.09 GB  perm=  1.52 GB  num=  3.46 GB  
peak=  4.98 GB
t_global   =    376.342 s
TIME for 2d forward modeling_i calc =  6.271396891276042 min
Rank    1 -> ID range:    801 to   1600 | Tasks:    800
Rank    2 -> ID range:   1601 to   2400 | Tasks:    800
Rank    4 -> ID range:   3201 to   4000 | Tasks:    800
Rank    3 -> ID range:   2401 to   3200 | Tasks:    800
Rank    5 -> ID range:   4001 to   4800 | Tasks:    800
  
 -------------- calculate Frechet derivatives -----------
 IFREQ =           3    ITERATION =           1
Frechet memory size Frec_my:      0.891 (Gb)
Rank    0 -> ID range:      1 to    800 | Tasks:    800
FREQ:      3.3 Hz, ITER=       1  Frechet Derivative ID=     100/    4800 Finished   0.182800 s
FREQ:      3.3 Hz, ITER=       1  Frechet Derivative ID=     200/    4800 Finished   0.202200 s
FREQ:      3.3 Hz, ITER=       1  Frechet Derivative ID=     300/    4800 Finished   0.181300 s
FREQ:      3.3 Hz, ITER=       1  Frechet Derivative ID=     400/    4800 Finished   0.164900 s
FREQ:      3.3 Hz, ITER=       1  Frechet Derivative ID=     500/    4800 Finished   0.185400 s
FREQ:      3.3 Hz, ITER=       1  Frechet Derivative ID=     600/    4800 Finished   0.186100 s
FREQ:      3.3 Hz, ITER=       1  Frechet Derivative ID=     700/    4800 Finished   0.184300 s
FREQ:      3.3 Hz, ITER=       1  Frechet Derivative ID=     800/    4800 Finished   0.182300 s
||Frechet||_F=  2.2865E-12max|Frechet|=  2.3137E-17
||Frechet||_F=  2.2865E-12max|Frechet|=  2.3137E-17
 
TIME for Frechet calc =  2.855223337809245 min
 
m_fine: min=  1.9383E+03  max=  2.5129E+03  mean=  2.2204E+03  ||.||2=  9.9550E+05  size=  200361
m_coarse_prev: min=  1.9428E+03  max=  2.5074E+03  mean=  2.2206E+03  ||.||2=  2.4831E+05  size=   12464
 
  compute the residual and the cost function
 WD_amp= 5.86132E+13  RESID_RMS= 3.96360E-02  FCOST_DATA= 7.85507E-04  FCOST0= 7.85507E-04
||Frechet||_F=  2.2865E-12max|Frechet|=  2.3137E-17
||Frechet||_F=  2.2865E-12max|Frechet|=  2.3137E-17
||Frechet||_F=  2.2865E-12max|Frechet|=  2.3137E-17
||Frechet||_F=  2.2865E-12max|Frechet|=  2.3137E-17
IA=  1  H(single F0) min= 0.00000E+00  max= 1.05399E-02
IA=  1  H(F0^2)     min= 0.00000E+00  max= 1.05399E-02
HESSD: ia=   1  min= 0.00000E+00  max= 1.89493E+04
IA=  1  H(single F0) min= 0.00000E+00  max= 1.05399E-02
IA=  1  H(F0^2)     min= 0.00000E+00  max= 1.05399E-02
HESSD: ia=   1  min= 0.00000E+00  max= 1.89493E+04
IA=  1  H(single F0) min= 0.00000E+00  max= 1.05399E-02
IA=  1  H(F0^2)     min= 0.00000E+00  max= 1.05399E-02
HESSD: ia=   1  min= 0.00000E+00  max= 1.89493E+04
IA=  1  H(single F0) min= 0.00000E+00  max= 1.05399E-02
IA=  1  H(F0^2)     min= 0.00000E+00  max= 1.05399E-02
HESSD: ia=   1  min= 0.00000E+00  max= 1.89493E+04
IA=  1  H(single F0) min= 0.00000E+00  max= 1.05399E-02
IA=  1  H(F0^2)     min= 0.00000E+00  max= 1.05399E-02
HESSD: ia=   1  min= 0.00000E+00  max= 1.89493E+04
IA=  1  H(single F0) min= 0.00000E+00  max= 1.05399E-02
IA=  1  H(F0^2)     min= 0.00000E+00  max= 1.05399E-02
HESSD: ia=   1  min= 0.00000E+00  max= 1.89493E+04
Grad block   1 GRAD_SCALED MORM =   1.7085E-03
Raw grad block  1  PAR={rho}  min= -2.9257E-07  max=  2.5878E-07  L2=  2.0243E-06
Gradient finished
Start LBFGS 
LBFGS steepest step , iter=      1
  g·p = -2.6592E-03  ||p|| =  3.3713E+00
  min(p)= -2.3233E-01  max(p)=  1.5422E-01
LBFGS p_k (unscaled) stats per active parameter:
  IA=  1  PAR={rho}  min=-2.13270E+02  max= 1.41568E+02  L2= 3.09469E+03
min(p_k)= -2.3233E-01  max(p_k)=  1.5422E-01  ||p_k||=  3.3713E+00
min(p_kf)= -2.3233E-01  max(p_kf)=  1.5422E-01  ||p_kf||=  1.3485E+01
p_k/p_kf  =   2.5000E-01
Start linesearch
BT entry: phi(0)=  7.8551E-04  g·p(0)= -2.6592E-03
 UPDATEPARAMETER: f-scale only
UPDATEPARAMETER PAR_STEP min/max, V_STEP min/max =  1.8479267748E+03  2.5175156619E+03
  1.8479267748E+03  2.5175156619E+03
REL STEP elastic: k=  1 row=  1 rmax_k=  9.8206E-02 row_scale=  2.5129E+03
BT cap probe: rmax1=  9.8206E-02  alpha_cap=  1.0000E+00  alpha00=  1.0000E+00
 UPDATEPARAMETER: f-scale only
UPDATEPARAMETER PAR_STEP min/max, V_STEP min/max =  1.8479267748E+03  2.5175156619E+03
  1.8479267748E+03  2.5175156619E+03
 running run_ik_loop_pardiso
before CA | VmRSS=  17.409 GB  VmHWM=  87.561 GB
after CA | VmRSS=  18.708 GB  VmHWM=  87.561 GB
after factor | VmRSS=  22.750 GB  VmHWM=  87.561 GB
f=     3.300 Hz | ky=  0.491728E-03 | IK=       1/      55 | t=   18.409500 s | CA=  2.6996 | fact= 13.6906 | GF=  2.0191 | solve=  1.8557 | scatter=  0.0546
f=     3.300 Hz | ky=  0.983455E-03 | IK=       2/      55 | t=    7.198400 s | CA=  2.6970 | fact=  2.5859 | GF=  1.9155 | solve=  1.7852 | scatter=  0.0532
f=     3.300 Hz | ky=  0.147518E-02 | IK=       3/      55 | t=    7.135600 s | CA=  2.6445 | fact=  2.5792 | GF=  1.9119 | solve=  1.7803 | scatter=  0.0547
f=     3.300 Hz | ky=  0.196691E-02 | IK=       4/      55 | t=    7.184900 s | CA=  2.7306 | fact=  2.5378 | GF=  1.9165 | solve=  1.7847 | scatter=  0.0554
f=     3.300 Hz | ky=  0.245864E-02 | IK=       5/      55 | t=    7.212900 s | CA=  2.7177 | fact=  2.5780 | GF=  1.9172 | solve=  1.7866 | scatter=  0.0541
f=     3.300 Hz | ky=  0.295037E-02 | IK=       6/      55 | t=    7.202800 s | CA=  2.7101 | fact=  2.5817 | GF=  1.9110 | solve=  1.7814 | scatter=  0.0531
f=     3.300 Hz | ky=  0.344209E-02 | IK=       7/      55 | t=    7.169200 s | CA=  2.6741 | fact=  2.5825 | GF=  1.9125 | solve=  1.7833 | scatter=  0.0525
f=     3.300 Hz | ky=  0.393382E-02 | IK=       8/      55 | t=    7.223500 s | CA=  2.7344 | fact=  2.5775 | GF=  1.9116 | solve=  1.7792 | scatter=  0.0559
f=     3.300 Hz | ky=  0.442555E-02 | IK=       9/      55 | t=    7.181400 s | CA=  2.6847 | fact=  2.5855 | GF=  1.9112 | solve=  1.7799 | scatter=  0.0547
f=     3.300 Hz | ky=  0.491728E-02 | IK=      10/      55 | t=    7.180100 s | CA=  2.6796 | fact=  2.5874 | GF=  1.9130 | solve=  1.7802 | scatter=  0.0563
PARDISO mem (f=  3.30 Hz): sym=  2.09 GB  perm=  1.52 GB  num=  3.46 GB  
peak=  4.98 GB
 WD_amp= 5.86132E+13  RESID_RMS= 3.26840E-01  FCOST_DATA= 5.34121E-02  FCOST0= 5.34121E-02
BT: alpha=  1.0000E+00  phi=  5.3412E-02  rhs=  7.8524E-04
 UPDATEPARAMETER: f-scale only
UPDATEPARAMETER PAR_STEP min/max, V_STEP min/max =  1.9196919508E+03  2.5087762541E+03
  1.9196919508E+03  2.5087762541E+03
 running run_ik_loop_pardiso
before CA | VmRSS=  17.409 GB  VmHWM=  87.561 GB
after CA | VmRSS=  18.777 GB  VmHWM=  87.561 GB
after factor | VmRSS=  22.815 GB  VmHWM=  87.561 GB
f=     3.300 Hz | ky=  0.491728E-03 | IK=       1/      55 | t=   18.393500 s | CA=  2.6858 | fact= 13.6942 | GF=  2.0133 | solve=  1.8495 | scatter=  0.0549
f=     3.300 Hz | ky=  0.983455E-03 | IK=       2/      55 | t=    7.131200 s | CA=  2.6832 | fact=  2.5414 | GF=  1.9066 | solve=  1.7759 | scatter=  0.0541
f=     3.300 Hz | ky=  0.147518E-02 | IK=       3/      55 | t=    7.185700 s | CA=  2.7014 | fact=  2.5756 | GF=  1.9086 | solve=  1.7790 | scatter=  0.0532
f=     3.300 Hz | ky=  0.196691E-02 | IK=       4/      55 | t=    7.147000 s | CA=  2.6641 | fact=  2.5709 | GF=  1.9120 | solve=  1.7805 | scatter=  0.0549
f=     3.300 Hz | ky=  0.245864E-02 | IK=       5/      55 | t=    7.162400 s | CA=  2.6668 | fact=  2.5843 | GF=  1.9112 | solve=  1.7804 | scatter=  0.0545
f=     3.300 Hz | ky=  0.295037E-02 | IK=       6/      55 | t=    7.168800 s | CA=  2.6748 | fact=  2.5782 | GF=  1.9157 | solve=  1.7855 | scatter=  0.0538
f=     3.300 Hz | ky=  0.344209E-02 | IK=       7/      55 | t=    7.197300 s | CA=  2.7019 | fact=  2.5835 | GF=  1.9118 | solve=  1.7810 | scatter=  0.0545
f=     3.300 Hz | ky=  0.393382E-02 | IK=       8/      55 | t=    7.224600 s | CA=  2.7350 | fact=  2.5849 | GF=  1.9047 | solve=  1.7741 | scatter=  0.0541
f=     3.300 Hz | ky=  0.442555E-02 | IK=       9/      55 | t=    7.186500 s | CA=  2.6922 | fact=  2.5821 | GF=  1.9122 | solve=  1.7804 | scatter=  0.0554
f=     3.300 Hz | ky=  0.491728E-02 | IK=      10/      55 | t=    7.160300 s | CA=  2.6752 | fact=  2.5685 | GF=  1.9166 | solve=  1.7857 | scatter=  0.0543
PARDISO mem (f=  3.30 Hz): sym=  2.09 GB  perm=  1.52 GB  num=  3.46 GB  
peak=  4.98 GB
 WD_amp= 5.86132E+13  RESID_RMS= 1.71424E-01  FCOST_DATA= 1.46931E-02  FCOST0= 1.46931E-02
BT: alpha=  5.0000E-01  phi=  1.4693E-02  rhs=  7.8537E-04
 UPDATEPARAMETER: f-scale only
UPDATEPARAMETER PAR_STEP min/max, V_STEP min/max =  1.9293205494E+03  2.5096552453E+03
  1.9293205494E+03  2.5096552453E+03
 running run_ik_loop_pardiso
before CA | VmRSS=  17.914 GB  VmHWM=  87.561 GB
after CA | VmRSS=  18.771 GB  VmHWM=  87.561 GB
after factor | VmRSS=  22.818 GB  VmHWM=  87.561 GB
f=     3.300 Hz | ky=  0.491728E-03 | IK=       1/      55 | t=   18.311300 s | CA=  2.6150 | fact= 13.6771 | GF=  2.0190 | solve=  1.8560 | scatter=  0.0542
f=     3.300 Hz | ky=  0.983455E-03 | IK=       2/      55 | t=    7.238200 s | CA=  2.7412 | fact=  2.5851 | GF=  1.9118 | solve=  1.7824 | scatter=  0.0529
f=     3.300 Hz | ky=  0.147518E-02 | IK=       3/      55 | t=    7.174700 s | CA=  2.6851 | fact=  2.5818 | GF=  1.9078 | solve=  1.7770 | scatter=  0.0544
f=     3.300 Hz | ky=  0.196691E-02 | IK=       4/      55 | t=    7.225800 s | CA=  2.7326 | fact=  2.5755 | GF=  1.9176 | solve=  1.7852 | scatter=  0.0559
f=     3.300 Hz | ky=  0.245864E-02 | IK=       5/      55 | t=    7.163000 s | CA=  2.6745 | fact=  2.5733 | GF=  1.9151 | solve=  1.7835 | scatter=  0.0552
f=     3.300 Hz | ky=  0.295037E-02 | IK=       6/      55 | t=    7.167300 s | CA=  2.6753 | fact=  2.5802 | GF=  1.9118 | solve=  1.7805 | scatter=  0.0548
f=     3.300 Hz | ky=  0.344209E-02 | IK=       7/      55 | t=    7.152700 s | CA=  2.6592 | fact=  2.5784 | GF=  1.9150 | solve=  1.7851 | scatter=  0.0534
f=     3.300 Hz | ky=  0.393382E-02 | IK=       8/      55 | t=    7.176800 s | CA=  2.7222 | fact=  2.5482 | GF=  1.9063 | solve=  1.7764 | scatter=  0.0535
f=     3.300 Hz | ky=  0.442555E-02 | IK=       9/      55 | t=    7.156400 s | CA=  2.6589 | fact=  2.5885 | GF=  1.9090 | solve=  1.7800 | scatter=  0.0526
f=     3.300 Hz | ky=  0.491728E-02 | IK=      10/      55 | t=    7.265000 s | CA=  2.7570 | fact=  2.5898 | GF=  1.9182 | solve=  1.7878 | scatter=  0.0535
PARDISO mem (f=  3.30 Hz): sym=  2.09 GB  perm=  1.52 GB  num=  3.46 GB  
peak=  4.98 GB
 WD_amp= 5.86132E+13  RESID_RMS= 8.93838E-02  FCOST_DATA= 3.99474E-03  FCOST0= 3.99474E-03
BT: alpha=  2.5000E-01  phi=  3.9947E-03  rhs=  7.8544E-04
 UPDATEPARAMETER: f-scale only
UPDATEPARAMETER PAR_STEP min/max, V_STEP min/max =  1.9341348487E+03  2.5107550124E+03
  1.9341348487E+03  2.5107550124E+03
 running run_ik_loop_pardiso
before CA | VmRSS=  17.953 GB  VmHWM=  87.561 GB
after CA | VmRSS=  18.365 GB  VmHWM=  87.561 GB
after factor | VmRSS=  22.410 GB  VmHWM=  87.561 GB
f=     3.300 Hz | ky=  0.491728E-03 | IK=       1/      55 | t=   18.298900 s | CA=  2.6303 | fact= 13.6566 | GF=  2.0118 | solve=  1.8488 | scatter=  0.0542
f=     3.300 Hz | ky=  0.983455E-03 | IK=       2/      55 | t=    7.182800 s | CA=  2.6839 | fact=  2.5895 | GF=  1.9094 | solve=  1.7780 | scatter=  0.0549
f=     3.300 Hz | ky=  0.147518E-02 | IK=       3/      55 | t=    7.155700 s | CA=  2.6545 | fact=  2.5833 | GF=  1.9178 | solve=  1.7858 | scatter=  0.0556
f=     3.300 Hz | ky=  0.196691E-02 | IK=       4/      55 | t=    7.217300 s | CA=  2.7327 | fact=  2.5706 | GF=  1.9140 | solve=  1.7837 | scatter=  0.0540
f=     3.300 Hz | ky=  0.245864E-02 | IK=       5/      55 | t=    7.260700 s | CA=  2.7655 | fact=  2.5829 | GF=  1.9122 | solve=  1.7786 | scatter=  0.0567
f=     3.300 Hz | ky=  0.295037E-02 | IK=       6/      55 | t=    7.136500 s | CA=  2.6398 | fact=  2.5824 | GF=  1.9142 | solve=  1.7819 | scatter=  0.0559
f=     3.300 Hz | ky=  0.344209E-02 | IK=       7/      55 | t=    7.191200 s | CA=  2.6914 | fact=  2.5881 | GF=  1.9116 | solve=  1.7817 | scatter=  0.0533
f=     3.300 Hz | ky=  0.393382E-02 | IK=       8/      55 | t=    7.222400 s | CA=  2.7343 | fact=  2.5826 | GF=  1.9054 | solve=  1.7741 | scatter=  0.0547
f=     3.300 Hz | ky=  0.442555E-02 | IK=       9/      55 | t=    7.156000 s | CA=  2.6546 | fact=  2.5925 | GF=  1.9089 | solve=  1.7787 | scatter=  0.0537
f=     3.300 Hz | ky=  0.491728E-02 | IK=      10/      55 | t=    7.192400 s | CA=  2.6942 | fact=  2.5892 | GF=  1.9090 | solve=  1.7792 | scatter=  0.0535
PARDISO mem (f=  3.30 Hz): sym=  2.09 GB  perm=  1.52 GB  num=  3.46 GB  
peak=  4.98 GB
 WD_amp= 5.86132E+13  RESID_RMS= 5.23002E-02  FCOST_DATA= 1.36766E-03  FCOST0= 1.36766E-03
BT: alpha=  1.2500E-01  phi=  1.3677E-03  rhs=  7.8547E-04
 UPDATEPARAMETER: f-scale only
UPDATEPARAMETER PAR_STEP min/max, V_STEP min/max =  1.9365419984E+03  2.5113048960E+03
  1.9365419984E+03  2.5113048960E+03
 running run_ik_loop_pardiso
before CA | VmRSS=  17.405 GB  VmHWM=  87.561 GB
after CA | VmRSS=  18.663 GB  VmHWM=  87.561 GB
after factor | VmRSS=  22.708 GB  VmHWM=  87.561 GB
f=     3.300 Hz | ky=  0.491728E-03 | IK=       1/      55 | t=   18.379100 s | CA=  2.6899 | fact= 13.6739 | GF=  2.0151 | solve=  1.8525 | scatter=  0.0538
f=     3.300 Hz | ky=  0.983455E-03 | IK=       2/      55 | t=    7.191400 s | CA=  2.6968 | fact=  2.5842 | GF=  1.9104 | solve=  1.7797 | scatter=  0.0543
f=     3.300 Hz | ky=  0.147518E-02 | IK=       3/      55 | t=    7.098800 s | CA=  2.6661 | fact=  2.5821 | GF=  1.8506 | solve=  1.7196 | scatter=  0.0546
f=     3.300 Hz | ky=  0.196691E-02 | IK=       4/      55 | t=    7.128700 s | CA=  2.7366 | fact=  2.5588 | GF=  1.8333 | solve=  1.7031 | scatter=  0.0538
f=     3.300 Hz | ky=  0.245864E-02 | IK=       5/      55 | t=    7.089300 s | CA=  2.6546 | fact=  2.5954 | GF=  1.8393 | solve=  1.7077 | scatter=  0.0552
f=     3.300 Hz | ky=  0.295037E-02 | IK=       6/      55 | t=    7.075700 s | CA=  2.6698 | fact=  2.5684 | GF=  1.8374 | solve=  1.7062 | scatter=  0.0542
f=     3.300 Hz | ky=  0.344209E-02 | IK=       7/      55 | t=    7.107600 s | CA=  2.6909 | fact=  2.5875 | GF=  1.8292 | solve=  1.6992 | scatter=  0.0533
f=     3.300 Hz | ky=  0.393382E-02 | IK=       8/      55 | t=    7.074600 s | CA=  2.6544 | fact=  2.5910 | GF=  1.8292 | solve=  1.6977 | scatter=  0.0546
f=     3.300 Hz | ky=  0.442555E-02 | IK=       9/      55 | t=    7.099900 s | CA=  2.6699 | fact=  2.5991 | GF=  1.8309 | solve=  1.6994 | scatter=  0.0544
f=     3.300 Hz | ky=  0.491728E-02 | IK=      10/      55 | t=    7.095700 s | CA=  2.6688 | fact=  2.5931 | GF=  1.8337 | solve=  1.7017 | scatter=  0.0556
PARDISO mem (f=  3.30 Hz): sym=  2.09 GB  perm=  1.52 GB  num=  3.46 GB  
peak=  4.98 GB
 WD_amp= 5.86132E+13  RESID_RMS= 4.03557E-02  FCOST_DATA= 8.14290E-04  FCOST0= 8.14290E-04
BT: alpha=  6.2500E-02  phi=  8.1429E-04  rhs=  7.8549E-04
 UPDATEPARAMETER: f-scale only
UPDATEPARAMETER PAR_STEP min/max, V_STEP min/max =  1.9375207657E+03  2.5119825193E+03
  1.9375207657E+03  2.5119825193E+03
 running run_ik_loop_pardiso
before CA | VmRSS=  17.564 GB  VmHWM=  87.561 GB
after CA | VmRSS=  18.632 GB  VmHWM=  87.561 GB
after factor | VmRSS=  22.673 GB  VmHWM=  87.561 GB
f=     3.300 Hz | ky=  0.491728E-03 | IK=       1/      55 | t=   18.346100 s | CA=  2.6546 | fact= 13.6736 | GF=  2.0178 | solve=  1.8532 | scatter=  0.0554
f=     3.300 Hz | ky=  0.983455E-03 | IK=       2/      55 | t=    7.205300 s | CA=  2.7135 | fact=  2.5805 | GF=  1.9113 | solve=  1.7803 | scatter=  0.0546
f=     3.300 Hz | ky=  0.147518E-02 | IK=       3/      55 | t=    7.110400 s | CA=  2.6342 | fact=  2.5648 | GF=  1.9113 | solve=  1.7798 | scatter=  0.0551
f=     3.300 Hz | ky=  0.196691E-02 | IK=       4/      55 | t=    7.107500 s | CA=  2.6319 | fact=  2.5676 | GF=  1.9080 | solve=  1.7783 | scatter=  0.0531
f=     3.300 Hz | ky=  0.245864E-02 | IK=       5/      55 | t=    7.177600 s | CA=  2.6985 | fact=  2.5698 | GF=  1.9093 | solve=  1.7790 | scatter=  0.0537
f=     3.300 Hz | ky=  0.295037E-02 | IK=       6/      55 | t=    7.162500 s | CA=  2.7086 | fact=  2.5428 | GF=  1.9111 | solve=  1.7812 | scatter=  0.0536
f=     3.300 Hz | ky=  0.344209E-02 | IK=       7/      55 | t=    7.149000 s | CA=  2.6604 | fact=  2.5766 | GF=  1.9120 | solve=  1.7823 | scatter=  0.0532
f=     3.300 Hz | ky=  0.393382E-02 | IK=       8/      55 | t=    7.201600 s | CA=  2.7047 | fact=  2.5827 | GF=  1.9142 | solve=  1.7822 | scatter=  0.0555
f=     3.300 Hz | ky=  0.442555E-02 | IK=       9/      55 | t=    7.153200 s | CA=  2.6546 | fact=  2.5895 | GF=  1.9091 | solve=  1.7777 | scatter=  0.0548
f=     3.300 Hz | ky=  0.491728E-02 | IK=      10/      55 | t=    7.147100 s | CA=  2.6603 | fact=  2.5748 | GF=  1.9120 | solve=  1.7797 | scatter=  0.0559
PARDISO mem (f=  3.30 Hz): sym=  2.09 GB  perm=  1.52 GB  num=  3.46 GB  
peak=  4.98 GB
  
  
  
 WD_amp= 5.86132E+13  RESID_RMS= 3.83108E-02  FCOST_DATA= 7.33860E-04  FCOST0= 7.33860E-04
BT: alpha=  3.1250E-02  phi=  7.3386E-04  rhs=  7.8550E-04
  
  
Convergence reached, updating parameter grid
ALPHA from line search =  .3125000000000000E-01
 FCOST0 after linesearch  7.338598241710046E-004
Norm of s (s_norm) =  .1053524855739870
  
Time for LBFGS =  12.60926310221354 min
  
 Frequency:           3 Iteration:           2
t_global   =    376.992 s
  
 -------------- calculate Frechet derivatives -----------
 IFREQ =           3    ITERATION =           2
||Frechet||_F=  2.2866E-12max|Frechet|=  2.3118E-17
 
TIME for Frechet calc =  2.844578297932943 min
 
 
  compute the residual and the cost function
 WD_amp= 5.86132E+13  RESID_RMS= 3.83108E-02  FCOST_DATA= 7.33860E-04  FCOST0= 7.33860E-04
||Frechet||_F=  2.2866E-12max|Frechet|=  2.3118E-17
||Frechet||_F=  2.2866E-12max|Frechet|=  2.3118E-17
||Frechet||_F=  2.2866E-12max|Frechet|=  2.3118E-17
||Frechet||_F=  2.2866E-12max|Frechet|=  2.3118E-17
||Frechet||_F=  2.2866E-12max|Frechet|=  2.3118E-17
Grad block   1 GRAD_SCALED MORM =   1.0456E-03
Raw grad block  1  PAR={rho}  min= -2.8789E-07  max=  2.1478E-07  L2=  1.3287E-06
Gradient finished
Start LBFGS 
curvature (warm): s·y=  7.3645E-05  ||s||^2=  1.1099E-02  ||y||^2=  1.3862E-06  sTy_min=  1.2404E-05
LBFGS step: g·p = -8.1626E-04  ||p||=  3.2306E+00
LBFGS step: min(p)= -1.6871E-01  max(p)=  1.9367E-01
LBFGS p_k (unscaled) stats per active parameter:
  IA=  1  PAR={rho}  min=-1.54867E+02  max= 1.77785E+02  L2= 2.96551E+03
min(p_k)= -1.6871E-01  max(p_k)=  1.9367E-01  ||p_k||=  3.2306E+00
min(p_kf)= -1.6871E-01  max(p_kf)=  1.9367E-01  ||p_kf||=  1.2922E+01
p_k/p_kf  =   2.5000E-01
Start linesearch
MT entry: phi(0)=  7.3386E-04  dg0= -8.1626E-04  alpha0=  1.0000E+00
 UPDATEPARAMETER: f-scale only
UPDATEPARAMETER PAR_STEP min/max, V_STEP min/max =  1.8911755217E+03  2.5504991035E+03
  1.8911755217E+03  2.5504991035E+03
 WD_amp= 5.86132E+13  RESID_RMS= 8.32954E-02  FCOST_DATA= 3.46906E-03  FCOST0= 3.46906E-03
  
 -------------- calculate Frechet derivatives -----------
 IFREQ =           3    ITERATION =           2
||Frechet||_F=  2.2885E-12max|Frechet|=  2.3115E-17
||Frechet||_F=  2.2885E-12max|Frechet|=  2.3115E-17
||Frechet||_F=  2.2885E-12max|Frechet|=  2.3115E-17
||Frechet||_F=  2.2885E-12max|Frechet|=  2.3115E-17
||Frechet||_F=  2.2885E-12max|Frechet|=  2.3115E-17
||Frechet||_F=  2.2885E-12max|Frechet|=  2.3115E-17
Grad block   1 GRAD_SCALED MORM =   6.2915E-03
MT try: alpha=  1.0000E+00  phi=  3.4691E-03  dg=  2.9195E-03  dg0= -8.1626E-04
MT try: armijo_rhs=  7.3378E-04  armijo=F  curvature=F  task=FG
 UPDATEPARAMETER: f-scale only
UPDATEPARAMETER PAR_STEP min/max, V_STEP min/max =  1.9348686618E+03  2.5124729743E+03
  1.9348686618E+03  2.5124729743E+03
 WD_amp= 5.86132E+13  RESID_RMS= 3.64141E-02  FCOST_DATA= 6.62994E-04  FCOST0= 6.62994E-04
  
 -------------- calculate Frechet derivatives -----------
 IFREQ =           3    ITERATION =           2
||Frechet||_F=  2.2866E-12max|Frechet|=  2.3121E-17
||Frechet||_F=  2.2866E-12max|Frechet|=  2.3121E-17
||Frechet||_F=  2.2866E-12max|Frechet|=  2.3121E-17
||Frechet||_F=  2.2866E-12max|Frechet|=  2.3121E-17
||Frechet||_F=  2.2866E-12max|Frechet|=  2.3121E-17
||Frechet||_F=  2.2866E-12max|Frechet|=  2.3121E-17
Grad block   1 GRAD_SCALED MORM =   9.0440E-04
MT try: alpha=  6.1776E-02  phi=  6.6299E-04  dg= -5.8160E-04  dg0= -8.1626E-04
MT try: armijo_rhs=  7.3385E-04  armijo=T  curvature=T  task=FG
Convergence reached, updating parameter grid
ALPHA from line search =  .6177599749203175E-01
 FCOST0 after linesearch  6.629936146380060E-004
Norm of s (s_norm) =  .1995709132007515
  
  
  
  
  
  
Time for LBFGS =  18.23551839192708 min
  
 Frequency:           3 Iteration:           3
t_global   =    379.107 s
  
 -------------- calculate Frechet derivatives -----------
 IFREQ =           3    ITERATION =           3
||Frechet||_F=  2.2866E-12max|Frechet|=  2.3121E-17
 
TIME for Frechet calc =  2.792844899495443 min
 
 
  compute the residual and the cost function
 WD_amp= 5.86132E+13  RESID_RMS= 3.64141E-02  FCOST_DATA= 6.62994E-04  FCOST0= 6.62994E-04
||Frechet||_F=  2.2866E-12max|Frechet|=  2.3121E-17
||Frechet||_F=  2.2866E-12max|Frechet|=  2.3121E-17
||Frechet||_F=  2.2866E-12max|Frechet|=  2.3121E-17
||Frechet||_F=  2.2866E-12max|Frechet|=  2.3121E-17
||Frechet||_F=  2.2866E-12max|Frechet|=  2.3121E-17
Grad block   1 GRAD_SCALED MORM =   9.0440E-04
Gradient finished
Start LBFGS 
curvature (warm): s·y=  1.4496E-05  ||s||^2=  3.9829E-02  ||y||^2=  8.7211E-08  sTy_min=  5.8936E-06
LBFGS step: g·p = -1.5124E-03  ||p||=  7.3696E+00
LBFGS step: min(p)= -3.9550E-01  max(p)=  4.2238E-01
LBFGS p_k (unscaled) stats per active parameter:
  IA=  1  PAR={rho}  min=-3.63054E+02  max= 3.87725E+02  L2= 6.76498E+03
min(p_k)= -3.9550E-01  max(p_k)=  4.2238E-01  ||p_k||=  7.3696E+00
min(p_kf)= -3.9550E-01  max(p_kf)=  4.2238E-01  ||p_kf||=  2.9478E+01
p_k/p_kf  =   2.5000E-01
Start linesearch
MT entry: phi(0)=  6.6299E-04  dg0= -1.5124E-03  alpha0=  1.0000E+00
 UPDATEPARAMETER: f-scale only
UPDATEPARAMETER PAR_STEP min/max, V_STEP min/max =  1.7874920947E+03  2.7538714756E+03
  1.7874920947E+03  2.7538714756E+03
 WD_amp= 5.86132E+13  RESID_RMS= 1.81276E-01  FCOST_DATA= 1.64305E-02  FCOST0= 1.64305E-02
  
 -------------- calculate Frechet derivatives -----------
 IFREQ =           3    ITERATION =           3
||Frechet||_F=  2.2955E-12max|Frechet|=  2.3155E-17
||Frechet||_F=  2.2955E-12max|Frechet|=  2.3155E-17
||Frechet||_F=  2.2955E-12max|Frechet|=  2.3155E-17
||Frechet||_F=  2.2955E-12max|Frechet|=  2.3155E-17
||Frechet||_F=  2.2955E-12max|Frechet|=  2.3155E-17
||Frechet||_F=  2.2955E-12max|Frechet|=  2.3155E-17
Grad block   1 GRAD_SCALED MORM =   1.3705E-02
MT try: alpha=  1.0000E+00  phi=  1.6431E-02  dg=  1.4503E-02  dg0= -1.5124E-03
MT try: armijo_rhs=  6.6284E-04  armijo=F  curvature=F  task=FG
 UPDATEPARAMETER: f-scale only
UPDATEPARAMETER PAR_STEP min/max, V_STEP min/max =  1.9322424762E+03  2.5138321745E+03
  1.9322424762E+03  2.5138321745E+03
 WD_amp= 5.86132E+13  RESID_RMS= 3.56678E-02  FCOST_DATA= 6.36098E-04  FCOST0= 6.36098E-04
  
 -------------- calculate Frechet derivatives -----------
 IFREQ =           3    ITERATION =           3
||Frechet||_F=  2.2866E-12max|Frechet|=  2.3122E-17
||Frechet||_F=  2.2866E-12max|Frechet|=  2.3122E-17
||Frechet||_F=  2.2866E-12max|Frechet|=  2.3122E-17
||Frechet||_F=  2.2866E-12max|Frechet|=  2.3122E-17
||Frechet||_F=  2.2866E-12max|Frechet|=  2.3122E-17
||Frechet||_F=  2.2866E-12max|Frechet|=  2.3122E-17
Grad block   1 GRAD_SCALED MORM =   8.3316E-04
MT try: alpha=  2.1466E-02  phi=  6.3610E-04  dg= -1.1055E-03  dg0= -1.5124E-03
MT try: armijo_rhs=  6.6299E-04  armijo=T  curvature=T  task=FG
Convergence reached, updating parameter grid
ALPHA from line search =  .2146570699124019E-01
 FCOST0 after linesearch  6.360975410502419E-004
Norm of s (s_norm) =  .1581938619304202
  
  
  
  
  
  
Convergence check at iteration    3
  Relative cost decrease  =  4.0568E-02
  Relative model update   =  0.0000E+00
  Relative grad. norm     =  2.2969E-01
Time for LBFGS =  18.27441406250000 min
  
 Frequency:           3 Iteration:           4
t_global   =    380.353 s
  
 -------------- calculate Frechet derivatives -----------
 IFREQ =           3    ITERATION =           4
||Frechet||_F=  2.2866E-12max|Frechet|=  2.3122E-17
||Frechet||_F=  2.2866E-12max|Frechet|=  2.3122E-17
 
TIME for Frechet calc =  2.856823221842448 min
 
 
  compute the residual and the cost function
 WD_amp= 5.86132E+13  RESID_RMS= 3.56678E-02  FCOST_DATA= 6.36098E-04  FCOST0= 6.36098E-04
||Frechet||_F=  2.2866E-12max|Frechet|=  2.3122E-17
||Frechet||_F=  2.2866E-12max|Frechet|=  2.3122E-17
||Frechet||_F=  2.2866E-12max|Frechet|=  2.3122E-17
||Frechet||_F=  2.2866E-12max|Frechet|=  2.3122E-17
Grad block   1 GRAD_SCALED MORM =   8.3316E-04
Gradient finished
Start LBFGS 
curvature (warm): s·y=  8.7338E-06  ||s||^2=  2.5025E-02  ||y||^2=  6.4039E-08  sTy_min=  4.0032E-06
LBFGS step: g·p = -9.3708E-04  ||p||=  5.7048E+00
LBFGS step: min(p)= -3.0842E-01  max(p)=  3.8149E-01
LBFGS p_k (unscaled) stats per active parameter:
  IA=  1  PAR={rho}  min=-2.83113E+02  max= 3.50192E+02  L2= 5.23672E+03
min(p_k)= -3.0842E-01  max(p_k)=  3.8149E-01  ||p_k||=  5.7048E+00
min(p_kf)= -3.0842E-01  max(p_kf)=  3.8149E-01  ||p_kf||=  2.2819E+01
p_k/p_kf  =   2.5000E-01
Start linesearch
MT entry: phi(0)=  6.3610E-04  dg0= -9.3708E-04  alpha0=  1.0000E+00
 UPDATEPARAMETER: f-scale only
UPDATEPARAMETER PAR_STEP min/max, V_STEP min/max =  1.8361596905E+03  2.7446335055E+03
  1.8361596905E+03  2.7446335055E+03
 WD_amp= 5.86132E+13  RESID_RMS= 1.33387E-01  FCOST_DATA= 8.89609E-03  FCOST0= 8.89609E-03
  
 -------------- calculate Frechet derivatives -----------
 IFREQ =           3    ITERATION =           4
||Frechet||_F=  2.2909E-12max|Frechet|=  2.3122E-17
||Frechet||_F=  2.2909E-12max|Frechet|=  2.3122E-17
||Frechet||_F=  2.2909E-12max|Frechet|=  2.3122E-17
||Frechet||_F=  2.2909E-12max|Frechet|=  2.3122E-17
||Frechet||_F=  2.2909E-12max|Frechet|=  2.3122E-17
||Frechet||_F=  2.2909E-12max|Frechet|=  2.3122E-17
Grad block   1 GRAD_SCALED MORM =   1.1133E-02
MT try: alpha=  1.0000E+00  phi=  8.8961E-03  dg=  6.4635E-03  dg0= -9.3708E-04
MT try: armijo_rhs=  6.3600E-04  armijo=F  curvature=F  task=FG
 UPDATEPARAMETER: f-scale only
UPDATEPARAMETER PAR_STEP min/max, V_STEP min/max =  1.9300115658E+03  2.5160038423E+03
  1.9300115658E+03  2.5160038423E+03
 WD_amp= 5.86132E+13  RESID_RMS= 3.54381E-02  FCOST_DATA= 6.27931E-04  FCOST0= 6.27931E-04
  
 -------------- calculate Frechet derivatives -----------
 IFREQ =           3    ITERATION =           4
||Frechet||_F=  2.2867E-12max|Frechet|=  2.3124E-17
||Frechet||_F=  2.2867E-12max|Frechet|=  2.3124E-17
||Frechet||_F=  2.2867E-12max|Frechet|=  2.3124E-17
||Frechet||_F=  2.2867E-12max|Frechet|=  2.3124E-17
||Frechet||_F=  2.2867E-12max|Frechet|=  2.3124E-17
||Frechet||_F=  2.2867E-12max|Frechet|=  2.3124E-17
Grad block   1 GRAD_SCALED MORM =   8.1806E-04
MT try: alpha=  2.3663E-02  phi=  6.2793E-04  dg= -7.5627E-04  dg0= -9.3708E-04
MT try: armijo_rhs=  6.3610E-04  armijo=T  curvature=T  task=FG
Convergence reached, updating parameter grid
ALPHA from line search =  .2366316884569676E-01
 FCOST0 after linesearch  6.279310628712542E-004
Norm of s (s_norm) =  .1349927053555771
  
  
  
Convergence check at iteration    4
  Relative cost decrease  =  1.2838E-02
  Relative model update   =  0.0000E+00
  Relative grad. norm     =  2.3044E-01
Time for LBFGS =  18.11066080729167 min
  
  
  
  
 Frequency:           3 Iteration:           5
t_global   =    375.800 s
  
 -------------- calculate Frechet derivatives -----------
 IFREQ =           3    ITERATION =           5
||Frechet||_F=  2.2867E-12max|Frechet|=  2.3124E-17
||Frechet||_F=  2.2867E-12max|Frechet|=  2.3124E-17
||Frechet||_F=  2.2867E-12max|Frechet|=  2.3124E-17
 
TIME for Frechet calc =  2.875278218587240 min
 
 
  compute the residual and the cost function
 WD_amp= 5.86132E+13  RESID_RMS= 3.54381E-02  FCOST_DATA= 6.27931E-04  FCOST0= 6.27931E-04
||Frechet||_F=  2.2867E-12max|Frechet|=  2.3124E-17
||Frechet||_F=  2.2867E-12max|Frechet|=  2.3124E-17
||Frechet||_F=  2.2867E-12max|Frechet|=  2.3124E-17
Grad block   1 GRAD_SCALED MORM =   8.1806E-04
Gradient finished
Start LBFGS 
curvature (warm): s·y=  4.2785E-06  ||s||^2=  1.8223E-02  ||y||^2=  4.5318E-08  sTy_min=  2.8737E-06
LBFGS step: g·p = -1.2599E-03  ||p||=  8.7739E+00
LBFGS step: min(p)= -4.3293E-01  max(p)=  6.5705E-01
LBFGS p_k (unscaled) stats per active parameter:
  IA=  1  PAR={rho}  min=-3.97411E+02  max= 6.03147E+02  L2= 8.05404E+03
min(p_k)= -4.3293E-01  max(p_k)=  6.5705E-01  ||p_k||=  8.7739E+00
min(p_kf)= -4.3293E-01  max(p_kf)=  6.5705E-01  ||p_kf||=  3.5095E+01
p_k/p_kf  =   2.5000E-01
Start linesearch
MT entry: phi(0)=  6.2793E-04  dg0= -1.2599E-03  alpha0=  1.0000E+00
 UPDATEPARAMETER: f-scale only
UPDATEPARAMETER PAR_STEP min/max, V_STEP min/max =  1.7165070926E+03  3.0058745793E+03
  1.7165070926E+03  3.0058745793E+03
 WD_amp= 5.86132E+13  RESID_RMS= 1.39864E-01  FCOST_DATA= 9.78090E-03  FCOST0= 9.78090E-03
  
 -------------- calculate Frechet derivatives -----------
 IFREQ =           3    ITERATION =           5
||Frechet||_F=  2.2961E-12max|Frechet|=  2.3062E-17
||Frechet||_F=  2.2961E-12max|Frechet|=  2.3062E-17
||Frechet||_F=  2.2961E-12max|Frechet|=  2.3062E-17
||Frechet||_F=  2.2961E-12max|Frechet|=  2.3062E-17
||Frechet||_F=  2.2961E-12max|Frechet|=  2.3062E-17
||Frechet||_F=  2.2961E-12max|Frechet|=  2.3062E-17
Grad block   1 GRAD_SCALED MORM =   6.5706E-03
MT try: alpha=  1.0000E+00  phi=  9.7809E-03  dg=  4.3381E-03  dg0= -1.2599E-03
MT try: armijo_rhs=  6.2781E-04  armijo=F  curvature=F  task=FG
 UPDATEPARAMETER: f-scale only
UPDATEPARAMETER PAR_STEP min/max, V_STEP min/max =  1.9261909062E+03  2.5211941502E+03
  1.9261909062E+03  2.5211941502E+03
 WD_amp= 5.86132E+13  RESID_RMS= 3.49544E-02  FCOST_DATA= 6.10905E-04  FCOST0= 6.10905E-04
  
 -------------- calculate Frechet derivatives -----------
 IFREQ =           3    ITERATION =           5
||Frechet||_F=  2.2867E-12max|Frechet|=  2.3128E-17
||Frechet||_F=  2.2867E-12max|Frechet|=  2.3128E-17
||Frechet||_F=  2.2867E-12max|Frechet|=  2.3128E-17
||Frechet||_F=  2.2867E-12max|Frechet|=  2.3128E-17
||Frechet||_F=  2.2867E-12max|Frechet|=  2.3128E-17
||Frechet||_F=  2.2867E-12max|Frechet|=  2.3128E-17
Grad block   1 GRAD_SCALED MORM =   7.7199E-04
MT try: alpha=  2.5132E-02  phi=  6.1091E-04  dg= -1.0935E-03  dg0= -1.2599E-03
MT try: armijo_rhs=  6.2793E-04  armijo=T  curvature=T  task=FG
Convergence reached, updating parameter grid
ALPHA from line search =  .2513186413942900E-01
 FCOST0 after linesearch  6.109053817529328E-004
Norm of s (s_norm) =  .2205037843867552
  
  
  
  
  
  
Convergence check at iteration    5
  Relative cost decrease  =  2.7114E-02
  Relative model update   =  0.0000E+00
  Relative grad. norm     =  1.9952E-01
Time for LBFGS =  17.50176798502604 min
  
 Frequency:           3 Iteration:           6
t_global   =    360.728 s
  
 -------------- calculate Frechet derivatives -----------
 IFREQ =           3    ITERATION =           6
||Frechet||_F=  2.2867E-12max|Frechet|=  2.3128E-17
 
TIME for Frechet calc =  2.924359893798828 min
 
 
  compute the residual and the cost function
 WD_amp= 5.86132E+13  RESID_RMS= 3.49544E-02  FCOST_DATA= 6.10905E-04  FCOST0= 6.10905E-04
||Frechet||_F=  2.2867E-12max|Frechet|=  2.3128E-17
||Frechet||_F=  2.2867E-12max|Frechet|=  2.3128E-17
||Frechet||_F=  2.2867E-12max|Frechet|=  2.3128E-17
||Frechet||_F=  2.2867E-12max|Frechet|=  2.3128E-17
||Frechet||_F=  2.2867E-12max|Frechet|=  2.3128E-17
Grad block   1 GRAD_SCALED MORM =   7.7199E-04
Gradient finished
Start LBFGS 
curvature (warm): s·y=  4.1820E-06  ||s||^2=  4.8622E-02  ||y||^2=  1.3422E-08  sTy_min=  2.5546E-06
LBFGS step: g·p = -1.0779E-03  ||p||=  8.3158E+00
LBFGS step: min(p)= -4.4932E-01  max(p)=  6.4059E-01
LBFGS p_k (unscaled) stats per active parameter:
  IA=  1  PAR={rho}  min=-4.12460E+02  max= 5.88033E+02  L2= 7.63359E+03
min(p_k)= -4.4932E-01  max(p_k)=  6.4059E-01  ||p_k||=  8.3158E+00
min(p_kf)= -4.4932E-01  max(p_kf)=  6.4059E-01  ||p_kf||=  3.3263E+01
p_k/p_kf  =   2.5000E-01
Start linesearch
MT entry: phi(0)=  6.1091E-04  dg0= -1.0779E-03  alpha0=  1.0000E+00
 UPDATEPARAMETER: f-scale only
UPDATEPARAMETER PAR_STEP min/max, V_STEP min/max =  1.6900437337E+03  3.0059189934E+03
  1.6900437337E+03  3.0059189934E+03
 WD_amp= 5.86132E+13  RESID_RMS= 1.57054E-01  FCOST_DATA= 1.23329E-02  FCOST0= 1.23329E-02
  
 -------------- calculate Frechet derivatives -----------
 IFREQ =           3    ITERATION =           6
||Frechet||_F=  2.2945E-12max|Frechet|=  2.2924E-17
||Frechet||_F=  2.2945E-12max|Frechet|=  2.2924E-17
||Frechet||_F=  2.2945E-12max|Frechet|=  2.2924E-17
||Frechet||_F=  2.2945E-12max|Frechet|=  2.2924E-17
||Frechet||_F=  2.2945E-12max|Frechet|=  2.2924E-17
||Frechet||_F=  2.2945E-12max|Frechet|=  2.2924E-17
Grad block   1 GRAD_SCALED MORM =   6.7716E-03
MT try: alpha=  1.0000E+00  phi=  1.2333E-02  dg=  2.9087E-03  dg0= -1.0779E-03
MT try: armijo_rhs=  6.1080E-04  armijo=F  curvature=F  task=FG
 UPDATEPARAMETER: f-scale only
UPDATEPARAMETER PAR_STEP min/max, V_STEP min/max =  1.9239942774E+03  2.5253550678E+03
  1.9239942774E+03  2.5253550678E+03
 WD_amp= 5.86132E+13  RESID_RMS= 3.53388E-02  FCOST_DATA= 6.24414E-04  FCOST0= 6.24414E-04
  
 -------------- calculate Frechet derivatives -----------
 IFREQ =           3    ITERATION =           6
||Frechet||_F=  2.2868E-12max|Frechet|=  2.3129E-17
||Frechet||_F=  2.2868E-12max|Frechet|=  2.3129E-17
||Frechet||_F=  2.2868E-12max|Frechet|=  2.3129E-17
||Frechet||_F=  2.2868E-12max|Frechet|=  2.3129E-17
||Frechet||_F=  2.2868E-12max|Frechet|=  2.3129E-17
||Frechet||_F=  2.2868E-12max|Frechet|=  2.3129E-17
Grad block   1 GRAD_SCALED MORM =   7.4285E-04
MT try: alpha=  1.5899E-02  phi=  6.2441E-04  dg= -1.0068E-03  dg0= -1.0779E-03
MT try: armijo_rhs=  6.1090E-04  armijo=F  curvature=F  task=FG
 UPDATEPARAMETER: f-scale only
UPDATEPARAMETER PAR_STEP min/max, V_STEP min/max =  1.9259593784E+03  2.5216327168E+03
  1.9259593784E+03  2.5216327168E+03
 WD_amp= 5.86132E+13  RESID_RMS= 3.49872E-02  FCOST_DATA= 6.12053E-04  FCOST0= 6.12053E-04
  
 -------------- calculate Frechet derivatives -----------
 IFREQ =           3    ITERATION =           6
||Frechet||_F=  2.2867E-12max|Frechet|=  2.3128E-17
||Frechet||_F=  2.2867E-12max|Frechet|=  2.3128E-17
||Frechet||_F=  2.2867E-12max|Frechet|=  2.3128E-17
||Frechet||_F=  2.2867E-12max|Frechet|=  2.3128E-17
||Frechet||_F=  2.2867E-12max|Frechet|=  2.3128E-17
||Frechet||_F=  2.2867E-12max|Frechet|=  2.3128E-17
Grad block   1 GRAD_SCALED MORM =   7.6818E-04
MT try: alpha=  1.6758E-03  phi=  6.1205E-04  dg= -1.0704E-03  dg0= -1.0779E-03
MT try: armijo_rhs=  6.1091E-04  armijo=F  curvature=F  task=FG
 UPDATEPARAMETER: f-scale only
UPDATEPARAMETER PAR_STEP min/max, V_STEP min/max =  1.9261642021E+03  2.5212447338E+03
  1.9261642021E+03  2.5212447338E+03
 WD_amp= 5.86132E+13  RESID_RMS= 3.49581E-02  FCOST_DATA= 6.11034E-04  FCOST0= 6.11034E-04
  
 -------------- calculate Frechet derivatives -----------
 IFREQ =           3    ITERATION =           6
||Frechet||_F=  2.2867E-12max|Frechet|=  2.3128E-17
||Frechet||_F=  2.2867E-12max|Frechet|=  2.3128E-17
||Frechet||_F=  2.2867E-12max|Frechet|=  2.3128E-17
||Frechet||_F=  2.2867E-12max|Frechet|=  2.3128E-17
||Frechet||_F=  2.2867E-12max|Frechet|=  2.3128E-17
||Frechet||_F=  2.2867E-12max|Frechet|=  2.3128E-17
Grad block   1 GRAD_SCALED MORM =   7.7154E-04
MT try: alpha=  1.9328E-04  phi=  6.1103E-04  dg= -1.0770E-03  dg0= -1.0779E-03
MT try: armijo_rhs=  6.1091E-04  armijo=F  curvature=F  task=FG
 UPDATEPARAMETER: f-scale only
UPDATEPARAMETER PAR_STEP min/max, V_STEP min/max =  1.9261877955E+03  2.5212000425E+03
  1.9261877955E+03  2.5212000425E+03
 WD_amp= 5.86132E+13  RESID_RMS= 3.49548E-02  FCOST_DATA= 6.10920E-04  FCOST0= 6.10920E-04
LS STOP (stagnation): alpha=  2.2515E-05  FCOST1=  6.1092E-04  FCOST0=  6.1091E-04
 Line search failed (IFLAG=          11 ), inversion diverged.
 --------- Frequency   3.65000000000000       (band            1 )
[ComputeAcqWeight] empty acq_weight_file, using uniform weights = 1.0
Data weighting computed for frequency 4607182418800017373
XSRmin, XSRmax, ZSRmin, ZSRMax -1960.000000000000 .000000000000000 2203.000000000000 4183.000000000000
1 FKYC
1.2 FKYC
my_rank, FKYC,WLMAX, RMAX 0 .2991342570157237E-01 1403.501039682951 2786.036611389018
1.1 NK
NK in cky2= 55

  Number of wavenumber samples (NK) for FREQ =   55
Data weighting computed for frequency 4607182418800017373
Data weighting computed for frequency 4607182418800017373
Data weighting computed for frequency 4607182418800017373
Data weighting computed for frequency 4607182418800017373
Data weighting computed for frequency 4607182418800017373
  RMAX = 2786.04
--- Pre-solver preview (memory + RHS workload) ---
   GQG dims: NNX=       609  NNZ=       329  NPT=    200361
   DOF:     N=3*NPT =    601083
   Sources: NSR=       100  NSS=        20  NK=        55
   RHS total (per IK): nrhs_tot=3*NSS =        60
   Batch:    MAX_RHS_BATCH=        32  nbatches=         2
   GFMY  (GFX+GFY+GFZ):         14.779 GB
   RHS_MY(rhs+sol buffers):      0.573 GB
 
 running run_ik_loop_pardiso
before CA | VmRSS=  16.574 GB  VmHWM=  87.589 GB
after CA | VmRSS=  17.766 GB  VmHWM=  87.589 GB
after factor | VmRSS=  21.802 GB  VmHWM=  87.589 GB
f=     3.650 Hz | ky=  0.543880E-03 | IK=       1/      55 | t=   18.292600 s | CA=  2.6207 | fact= 13.6557 | GF=  2.0160 | solve=  1.8527 | scatter=  0.0547
f=     3.650 Hz | ky=  0.108776E-02 | IK=       2/      55 | t=    7.189600 s | CA=  2.7112 | fact=  2.5750 | GF=  1.9032 | solve=  1.7740 | scatter=  0.0526
f=     3.650 Hz | ky=  0.163164E-02 | IK=       3/      55 | t=    7.152800 s | CA=  2.6722 | fact=  2.5754 | GF=  1.9052 | solve=  1.7747 | scatter=  0.0544
f=     3.650 Hz | ky=  0.217552E-02 | IK=       4/      55 | t=    7.164900 s | CA=  2.6794 | fact=  2.5757 | GF=  1.9097 | solve=  1.7790 | scatter=  0.0546
f=     3.650 Hz | ky=  0.271940E-02 | IK=       5/      55 | t=    7.184300 s | CA=  2.7107 | fact=  2.5683 | GF=  1.9052 | solve=  1.7744 | scatter=  0.0543
f=     3.650 Hz | ky=  0.326328E-02 | IK=       6/      55 | t=    7.173800 s | CA=  2.6710 | fact=  2.5694 | GF=  1.9334 | solve=  1.8016 | scatter=  0.0554
f=     3.650 Hz | ky=  0.380716E-02 | IK=       7/      55 | t=    7.147900 s | CA=  2.6542 | fact=  2.5850 | GF=  1.9087 | solve=  1.7794 | scatter=  0.0530
f=     3.650 Hz | ky=  0.435104E-02 | IK=       8/      55 | t=    7.174100 s | CA=  2.6766 | fact=  2.5820 | GF=  1.9155 | solve=  1.7852 | scatter=  0.0536
f=     3.650 Hz | ky=  0.489492E-02 | IK=       9/      55 | t=    7.157800 s | CA=  2.6726 | fact=  2.5731 | GF=  1.9120 | solve=  1.7790 | scatter=  0.0565
f=     3.650 Hz | ky=  0.543880E-02 | IK=      10/      55 | t=    7.156500 s | CA=  2.6555 | fact=  2.5880 | GF=  1.9130 | solve=  1.7826 | scatter=  0.0539
PARDISO mem (f=  3.65 Hz): sym=  2.09 GB  perm=  1.52 GB  num=  3.46 GB  
peak=  4.98 GB
t_global   =    123.558 s
TIME for 1st forward modeling =  2.059258270263672  min
TIME for GT0 =  .5455000201861063E-02  min
Data scaler W for L2 norm: 60850877751689.72
Data scaler W for WQS norm: .1007948000807317E-312
Total number of active inversion parameters for current sequential stage (IM):          1
Total model blocks points (NM = IM * NBLOCK):      12464 on grid (NMM = IM * NPT):    200361
 Gradient balance ():   1.00000000000000        1.00000000000000     
   1.00000000000000        1.00000000000000        1.00000000000000     
   1.00000000000000        1.00000000000000        1.00000000000000     
   1.00000000000000        1.00000000000000        1.00000000000000     
 IE0, IZ          33           0
 IE0, IZ, GZ1, GZ2 =           33           0   100.000000000000     
   300.000000000000     
  
 Frequency:           4 Iteration:           1
--- Pre-solver preview (memory + RHS workload) ---
   GQG dims: NNX=       609  NNZ=       329  NPT=    200361
   DOF:     N=3*NPT =    601083
   Sources: NSR=       100  NSS=       100  NK=        55
   RHS total (per IK): nrhs_tot=3*NSS =       300
   Batch:    MAX_RHS_BATCH=        32  nbatches=        10
   GFMY  (GFX+GFY+GFZ):         73.894 GB
   RHS_MY(rhs+sol buffers):      0.573 GB
 
 running run_ik_loop_pardiso
before CA | VmRSS=  76.511 GB  VmHWM=  87.589 GB
after CA | VmRSS=  77.167 GB  VmHWM=  87.589 GB
after factor | VmRSS=  81.213 GB  VmHWM=  87.589 GB
f=     3.650 Hz | ky=  0.543880E-03 | IK=       1/      55 | t=   25.750400 s | CA=  2.6346 | fact= 13.6518 | GF=  9.4638 | solve=  8.7713 | scatter=  0.2718
f=     3.650 Hz | ky=  0.108776E-02 | IK=       2/      55 | t=   14.586500 s | CA=  2.6644 | fact=  2.5719 | GF=  9.3502 | solve=  8.6869 | scatter=  0.2726
f=     3.650 Hz | ky=  0.163164E-02 | IK=       3/      55 | t=   14.244500 s | CA=  2.6373 | fact=  2.5878 | GF=  9.0193 | solve=  8.3568 | scatter=  0.2717
f=     3.650 Hz | ky=  0.217552E-02 | IK=       4/      55 | t=   14.067100 s | CA=  2.6360 | fact=  2.6186 | GF=  8.8124 | solve=  8.1467 | scatter=  0.2745
f=     3.650 Hz | ky=  0.271940E-02 | IK=       5/      55 | t=   13.986400 s | CA=  2.6289 | fact=  2.5583 | GF=  8.7991 | solve=  8.1349 | scatter=  0.2731
f=     3.650 Hz | ky=  0.326328E-02 | IK=       6/      55 | t=   14.108000 s | CA=  2.6842 | fact=  2.6184 | GF=  8.8054 | solve=  8.1415 | scatter=  0.2730
f=     3.650 Hz | ky=  0.380716E-02 | IK=       7/      55 | t=   14.099600 s | CA=  2.6665 | fact=  2.6143 | GF=  8.8187 | solve=  8.1554 | scatter=  0.2728
f=     3.650 Hz | ky=  0.435104E-02 | IK=       8/      55 | t=   14.075200 s | CA=  2.6320 | fact=  2.6051 | GF=  8.8381 | solve=  8.1691 | scatter=  0.2777
f=     3.650 Hz | ky=  0.489492E-02 | IK=       9/      55 | t=   14.092800 s | CA=  2.6724 | fact=  2.6087 | GF=  8.8116 | solve=  8.1462 | scatter=  0.2743
f=     3.650 Hz | ky=  0.543880E-02 | IK=      10/      55 | t=   14.095300 s | CA=  2.6583 | fact=  2.6283 | GF=  8.8087 | solve=  8.1387 | scatter=  0.2788
PARDISO mem (f=  3.65 Hz): sym=  2.09 GB  perm=  1.52 GB  num=  3.46 GB  
peak=  4.98 GB
t_global   =    354.352 s
TIME for 2d forward modeling_i calc =  5.904559834798177 min
Rank    4 -> ID range:   3201 to   4000 | Tasks:    800
Rank    1 -> ID range:    801 to   1600 | Tasks:    800
Rank    3 -> ID range:   2401 to   3200 | Tasks:    800
Rank    2 -> ID range:   1601 to   2400 | Tasks:    800
Rank    5 -> ID range:   4001 to   4800 | Tasks:    800
  
 -------------- calculate Frechet derivatives -----------
 IFREQ =           4    ITERATION =           1
Frechet memory size Frec_my:      0.891 (Gb)
Rank    0 -> ID range:      1 to    800 | Tasks:    800
FREQ:      3.6 Hz, ITER=       1  Frechet Derivative ID=     100/    4800 Finished   0.182500 s
FREQ:      3.6 Hz, ITER=       1  Frechet Derivative ID=     200/    4800 Finished   0.199500 s
FREQ:      3.6 Hz, ITER=       1  Frechet Derivative ID=     300/    4800 Finished   0.188200 s
FREQ:      3.6 Hz, ITER=       1  Frechet Derivative ID=     400/    4800 Finished   0.169100 s
FREQ:      3.6 Hz, ITER=       1  Frechet Derivative ID=     500/    4800 Finished   0.181100 s
FREQ:      3.6 Hz, ITER=       1  Frechet Derivative ID=     600/    4800 Finished   0.188200 s
FREQ:      3.6 Hz, ITER=       1  Frechet Derivative ID=     700/    4800 Finished   0.178600 s
FREQ:      3.6 Hz, ITER=       1  Frechet Derivative ID=     800/    4800 Finished   0.177800 s
||Frechet||_F=  2.4616E-12max|Frechet|=  2.2974E-17
||Frechet||_F=  2.4616E-12max|Frechet|=  2.2974E-17
 
TIME for Frechet calc =  2.883163452148438 min
 
m_fine: min=  1.9262E+03  max=  2.5212E+03  mean=  2.2205E+03  ||.||2=  9.9557E+05  size=  200361
m_coarse_prev: min=  1.9332E+03  max=  2.5137E+03  mean=  2.2207E+03  ||.||2=  2.4833E+05  size=   12464
 
  compute the residual and the cost function
 WD_amp= 6.08509E+13  RESID_RMS= 4.32035E-02  FCOST_DATA= 9.33273E-04  FCOST0= 9.33273E-04
||Frechet||_F=  2.4616E-12max|Frechet|=  2.2974E-17
||Frechet||_F=  2.4616E-12max|Frechet|=  2.2974E-17
||Frechet||_F=  2.4616E-12max|Frechet|=  2.2974E-17
||Frechet||_F=  2.4616E-12max|Frechet|=  2.2974E-17
IA=  1  H(single F0) min= 0.00000E+00  max= 1.35260E-02
IA=  1  H(F0^2)     min= 0.00000E+00  max= 1.35260E-02
HESSD: ia=   1  min= 0.00000E+00  max= 1.47693E+04
IA=  1  H(single F0) min= 0.00000E+00  max= 1.35260E-02
IA=  1  H(F0^2)     min= 0.00000E+00  max= 1.35260E-02
HESSD: ia=   1  min= 0.00000E+00  max= 1.47693E+04
IA=  1  H(single F0) min= 0.00000E+00  max= 1.35260E-02
IA=  1  H(F0^2)     min= 0.00000E+00  max= 1.35260E-02
IA=  1  H(single F0) min= 0.00000E+00  max= 1.35260E-02
IA=  1  H(F0^2)     min= 0.00000E+00  max= 1.35260E-02
HESSD: ia=   1  min= 0.00000E+00  max= 1.47693E+04
HESSD: ia=   1  min= 0.00000E+00  max= 1.47693E+04
IA=  1  H(single F0) min= 0.00000E+00  max= 1.35260E-02
IA=  1  H(F0^2)     min= 0.00000E+00  max= 1.35260E-02
HESSD: ia=   1  min= 0.00000E+00  max= 1.47693E+04
IA=  1  H(single F0) min= 0.00000E+00  max= 1.35260E-02
IA=  1  H(F0^2)     min= 0.00000E+00  max= 1.35260E-02
HESSD: ia=   1  min= 0.00000E+00  max= 1.47693E+04
Grad block   1 GRAD_SCALED MORM =   1.2933E-03
Raw grad block  1  PAR={rho}  min= -2.3906E-07  max=  2.8185E-07  L2=  1.6653E-06
Gradient finished
Start LBFGS 
LBFGS steepest step , iter=      1
  g·p = -1.1394E-03  ||p|| =  2.5228E+00
  min(p)= -1.9774E-01  max(p)=  1.5954E-01
LBFGS p_k (unscaled) stats per active parameter:
  IA=  1  PAR={rho}  min=-1.81515E+02  max= 1.46449E+02  L2= 2.31583E+03
min(p_k)= -1.9774E-01  max(p_k)=  1.5954E-01  ||p_k||=  2.5228E+00
min(p_kf)= -1.9774E-01  max(p_kf)=  1.5954E-01  ||p_kf||=  1.0091E+01
p_k/p_kf  =   2.5000E-01
Start linesearch
BT entry: phi(0)=  9.3327E-04  g·p(0)= -1.1394E-03
 UPDATEPARAMETER: f-scale only
UPDATEPARAMETER PAR_STEP min/max, V_STEP min/max =  1.9129922767E+03  2.4909664635E+03
  1.9129922767E+03  2.4909664635E+03
REL STEP elastic: k=  1 row=  1 rmax_k=  7.9110E-02 row_scale=  2.5212E+03
BT cap probe: rmax1=  7.9110E-02  alpha_cap=  1.0000E+00  alpha00=  1.0000E+00
 UPDATEPARAMETER: f-scale only
UPDATEPARAMETER PAR_STEP min/max, V_STEP min/max =  1.9129922767E+03  2.4909664635E+03
  1.9129922767E+03  2.4909664635E+03
 running run_ik_loop_pardiso
before CA | VmRSS=  17.423 GB  VmHWM=  87.589 GB
after CA | VmRSS=  18.574 GB  VmHWM=  87.589 GB
after factor | VmRSS=  22.621 GB  VmHWM=  87.589 GB
f=     3.650 Hz | ky=  0.543880E-03 | IK=       1/      55 | t=   18.317200 s | CA=  2.6168 | fact= 13.6788 | GF=  2.0214 | solve=  1.8596 | scatter=  0.0531
f=     3.650 Hz | ky=  0.108776E-02 | IK=       2/      55 | t=    7.148300 s | CA=  2.7076 | fact=  2.5231 | GF=  1.9176 | solve=  1.7853 | scatter=  0.0558
f=     3.650 Hz | ky=  0.163164E-02 | IK=       3/      55 | t=    7.156500 s | CA=  2.6533 | fact=  2.5882 | GF=  1.9150 | solve=  1.7840 | scatter=  0.0544
f=     3.650 Hz | ky=  0.217552E-02 | IK=       4/      55 | t=    7.313900 s | CA=  2.8144 | fact=  2.5831 | GF=  1.9163 | solve=  1.7850 | scatter=  0.0544
f=     3.650 Hz | ky=  0.271940E-02 | IK=       5/      55 | t=    7.131400 s | CA=  2.6409 | fact=  2.5767 | GF=  1.9138 | solve=  1.7827 | scatter=  0.0546
f=     3.650 Hz | ky=  0.326328E-02 | IK=       6/      55 | t=    7.223100 s | CA=  2.7142 | fact=  2.5913 | GF=  1.9176 | solve=  1.7848 | scatter=  0.0563
f=     3.650 Hz | ky=  0.380716E-02 | IK=       7/      55 | t=    7.111400 s | CA=  2.6635 | fact=  2.5272 | GF=  1.9207 | solve=  1.7859 | scatter=  0.0586
f=     3.650 Hz | ky=  0.435104E-02 | IK=       8/      55 | t=    7.173200 s | CA=  2.6701 | fact=  2.5830 | GF=  1.9201 | solve=  1.7870 | scatter=  0.0566
f=     3.650 Hz | ky=  0.489492E-02 | IK=       9/      55 | t=    7.161400 s | CA=  2.6507 | fact=  2.5939 | GF=  1.9168 | solve=  1.7876 | scatter=  0.0527
f=     3.650 Hz | ky=  0.543880E-02 | IK=      10/      55 | t=    7.195900 s | CA=  2.6995 | fact=  2.5837 | GF=  1.9126 | solve=  1.7806 | scatter=  0.0552
PARDISO mem (f=  3.65 Hz): sym=  2.09 GB  perm=  1.52 GB  num=  3.46 GB  
peak=  4.98 GB
 WD_amp= 6.08509E+13  RESID_RMS= 1.44765E-01  FCOST_DATA= 1.04784E-02  FCOST0= 1.04784E-02
BT: alpha=  1.0000E+00  phi=  1.0478E-02  rhs=  9.3316E-04
 UPDATEPARAMETER: f-scale only
UPDATEPARAMETER PAR_STEP min/max, V_STEP min/max =  1.9195915915E+03  2.5060803068E+03
  1.9195915915E+03  2.5060803068E+03
 running run_ik_loop_pardiso
before CA | VmRSS=  17.417 GB  VmHWM=  87.589 GB
after CA | VmRSS=  18.858 GB  VmHWM=  87.589 GB
after factor | VmRSS=  22.897 GB  VmHWM=  87.589 GB
f=     3.650 Hz | ky=  0.543880E-03 | IK=       1/      55 | t=   18.397800 s | CA=  2.6995 | fact= 13.6720 | GF=  2.0261 | solve=  1.8609 | scatter=  0.0559
f=     3.650 Hz | ky=  0.108776E-02 | IK=       2/      55 | t=    7.199800 s | CA=  2.7080 | fact=  2.5756 | GF=  1.9162 | solve=  1.7829 | scatter=  0.0569
f=     3.650 Hz | ky=  0.163164E-02 | IK=       3/      55 | t=    7.134000 s | CA=  2.6462 | fact=  2.5794 | GF=  1.9083 | solve=  1.7766 | scatter=  0.0552
f=     3.650 Hz | ky=  0.217552E-02 | IK=       4/      55 | t=    7.148500 s | CA=  2.6625 | fact=  2.5734 | GF=  1.9125 | solve=  1.7826 | scatter=  0.0534
f=     3.650 Hz | ky=  0.271940E-02 | IK=       5/      55 | t=    7.175900 s | CA=  2.6893 | fact=  2.5715 | GF=  1.9150 | solve=  1.7841 | scatter=  0.0545
f=     3.650 Hz | ky=  0.326328E-02 | IK=       6/      55 | t=    7.122100 s | CA=  2.6682 | fact=  2.5774 | GF=  1.8765 | solve=  1.7482 | scatter=  0.0521
f=     3.650 Hz | ky=  0.380716E-02 | IK=       7/      55 | t=    7.039500 s | CA=  2.6399 | fact=  2.5453 | GF=  1.8543 | solve=  1.7239 | scatter=  0.0539
f=     3.650 Hz | ky=  0.435104E-02 | IK=       8/      55 | t=    7.098100 s | CA=  2.6638 | fact=  2.5941 | GF=  1.8402 | solve=  1.7084 | scatter=  0.0553
f=     3.650 Hz | ky=  0.489492E-02 | IK=       9/      55 | t=    7.135100 s | CA=  2.6975 | fact=  2.6019 | GF=  1.8357 | solve=  1.7038 | scatter=  0.0554
f=     3.650 Hz | ky=  0.543880E-02 | IK=      10/      55 | t=    7.088800 s | CA=  2.6498 | fact=  2.6031 | GF=  1.8358 | solve=  1.7061 | scatter=  0.0532
PARDISO mem (f=  3.65 Hz): sym=  2.09 GB  perm=  1.52 GB  num=  3.46 GB  
peak=  4.98 GB
 WD_amp= 6.08509E+13  RESID_RMS= 7.26448E-02  FCOST_DATA= 2.63864E-03  FCOST0= 2.63864E-03
BT: alpha=  5.0000E-01  phi=  2.6386E-03  rhs=  9.3322E-04
 UPDATEPARAMETER: f-scale only
UPDATEPARAMETER PAR_STEP min/max, V_STEP min/max =  1.9228912488E+03  2.5136372285E+03
  1.9228912488E+03  2.5136372285E+03
 running run_ik_loop_pardiso
before CA | VmRSS=  17.410 GB  VmHWM=  87.589 GB
after CA | VmRSS=  18.710 GB  VmHWM=  87.589 GB
after factor | VmRSS=  22.749 GB  VmHWM=  87.589 GB
f=     3.650 Hz | ky=  0.543880E-03 | IK=       1/      55 | t=   18.289400 s | CA=  2.6119 | fact= 13.6584 | GF=  2.0189 | solve=  1.8523 | scatter=  0.0578
f=     3.650 Hz | ky=  0.108776E-02 | IK=       2/      55 | t=    7.113300 s | CA=  2.6612 | fact=  2.5403 | GF=  1.9118 | solve=  1.7797 | scatter=  0.0557
f=     3.650 Hz | ky=  0.163164E-02 | IK=       3/      55 | t=    7.139400 s | CA=  2.6531 | fact=  2.5726 | GF=  1.9137 | solve=  1.7815 | scatter=  0.0558
f=     3.650 Hz | ky=  0.217552E-02 | IK=       4/      55 | t=    7.120500 s | CA=  2.6402 | fact=  2.5736 | GF=  1.9066 | solve=  1.7762 | scatter=  0.0537
f=     3.650 Hz | ky=  0.271940E-02 | IK=       5/      55 | t=    7.085400 s | CA=  2.6323 | fact=  2.5411 | GF=  1.9119 | solve=  1.7815 | scatter=  0.0539
f=     3.650 Hz | ky=  0.326328E-02 | IK=       6/      55 | t=    7.147000 s | CA=  2.6551 | fact=  2.5828 | GF=  1.9091 | solve=  1.7773 | scatter=  0.0553
f=     3.650 Hz | ky=  0.380716E-02 | IK=       7/      55 | t=    7.210000 s | CA=  2.7105 | fact=  2.5830 | GF=  1.9165 | solve=  1.7840 | scatter=  0.0557
f=     3.650 Hz | ky=  0.435104E-02 | IK=       8/      55 | t=    7.175600 s | CA=  2.6826 | fact=  2.5841 | GF=  1.9088 | solve=  1.7795 | scatter=  0.0528
f=     3.650 Hz | ky=  0.489492E-02 | IK=       9/      55 | t=    7.184100 s | CA=  2.6903 | fact=  2.5881 | GF=  1.9057 | solve=  1.7764 | scatter=  0.0529
f=     3.650 Hz | ky=  0.543880E-02 | IK=      10/      55 | t=    7.133700 s | CA=  2.6401 | fact=  2.5790 | GF=  1.9145 | solve=  1.7830 | scatter=  0.0550
PARDISO mem (f=  3.65 Hz): sym=  2.09 GB  perm=  1.52 GB  num=  3.46 GB  
peak=  4.98 GB
 WD_amp= 6.08509E+13  RESID_RMS= 4.43848E-02  FCOST_DATA= 9.85005E-04  FCOST0= 9.85005E-04
BT: alpha=  2.5000E-01  phi=  9.8500E-04  rhs=  9.3324E-04
 UPDATEPARAMETER: f-scale only
UPDATEPARAMETER PAR_STEP min/max, V_STEP min/max =  1.9245410775E+03  2.5174156894E+03
  1.9245410775E+03  2.5174156894E+03
 running run_ik_loop_pardiso
before CA | VmRSS=  17.417 GB  VmHWM=  87.589 GB
after CA | VmRSS=  18.675 GB  VmHWM=  87.589 GB
after factor | VmRSS=  22.720 GB  VmHWM=  87.589 GB
f=     3.650 Hz | ky=  0.543880E-03 | IK=       1/      55 | t=   18.291200 s | CA=  2.6111 | fact= 13.6626 | GF=  2.0173 | solve=  1.8525 | scatter=  0.0559
f=     3.650 Hz | ky=  0.108776E-02 | IK=       2/      55 | t=    7.112800 s | CA=  2.6668 | fact=  2.5396 | GF=  1.9064 | solve=  1.7762 | scatter=  0.0537
f=     3.650 Hz | ky=  0.163164E-02 | IK=       3/      55 | t=    7.107100 s | CA=  2.6260 | fact=  2.5677 | GF=  1.9134 | solve=  1.7810 | scatter=  0.0561
f=     3.650 Hz | ky=  0.217552E-02 | IK=       4/      55 | t=    7.172600 s | CA=  2.6892 | fact=  2.5757 | GF=  1.9077 | solve=  1.7762 | scatter=  0.0551
f=     3.650 Hz | ky=  0.271940E-02 | IK=       5/      55 | t=    7.166300 s | CA=  2.6848 | fact=  2.5747 | GF=  1.9067 | solve=  1.7775 | scatter=  0.0528
f=     3.650 Hz | ky=  0.326328E-02 | IK=       6/      55 | t=    7.205900 s | CA=  2.7111 | fact=  2.5810 | GF=  1.9137 | solve=  1.7816 | scatter=  0.0556
f=     3.650 Hz | ky=  0.380716E-02 | IK=       7/      55 | t=    7.131100 s | CA=  2.6411 | fact=  2.5757 | GF=  1.9142 | solve=  1.7833 | scatter=  0.0546
f=     3.650 Hz | ky=  0.435104E-02 | IK=       8/      55 | t=    7.204800 s | CA=  2.7066 | fact=  2.5826 | GF=  1.9155 | solve=  1.7846 | scatter=  0.0541
f=     3.650 Hz | ky=  0.489492E-02 | IK=       9/      55 | t=    7.156400 s | CA=  2.6716 | fact=  2.5724 | GF=  1.9124 | solve=  1.7814 | scatter=  0.0542
f=     3.650 Hz | ky=  0.543880E-02 | IK=      10/      55 | t=    7.131100 s | CA=  2.6330 | fact=  2.5819 | GF=  1.9162 | solve=  1.7872 | scatter=  0.0525
PARDISO mem (f=  3.65 Hz): sym=  2.09 GB  perm=  1.52 GB  num=  3.46 GB  
peak=  4.98 GB
 WD_amp= 6.08509E+13  RESID_RMS= 3.89130E-02  FCOST_DATA= 7.57111E-04  FCOST0= 7.57111E-04
  
  
BT: alpha=  1.2500E-01  phi=  7.5711E-04  rhs=  9.3326E-04
  
  
  
Convergence reached, updating parameter grid
ALPHA from line search =  .1250000000000000
 FCOST0 after linesearch  7.571108830378052E-004
Norm of s (s_norm) =  .3153511419595074
  
Time for LBFGS =  8.211943562825521 min
  
 Frequency:           4 Iteration:           2
t_global   =    363.029 s
  
 -------------- calculate Frechet derivatives -----------
 IFREQ =           4    ITERATION =           2
||Frechet||_F=  2.4625E-12max|Frechet|=  2.2992E-17
||Frechet||_F=  2.4625E-12max|Frechet|=  2.2992E-17
 
TIME for Frechet calc =  2.845471700032552 min
 
 
  compute the residual and the cost function
 WD_amp= 6.08509E+13  RESID_RMS= 3.89130E-02  FCOST_DATA= 7.57111E-04  FCOST0= 7.57111E-04
||Frechet||_F=  2.4625E-12max|Frechet|=  2.2992E-17
||Frechet||_F=  2.4625E-12max|Frechet|=  2.2992E-17
||Frechet||_F=  2.4625E-12max|Frechet|=  2.2992E-17
||Frechet||_F=  2.4625E-12max|Frechet|=  2.2992E-17
Grad block   1 GRAD_SCALED MORM =   1.6699E-03
Raw grad block  1  PAR={rho}  min= -2.2530E-07  max=  1.9902E-07  L2=  1.9738E-06
Gradient finished
Start LBFGS 
curvature (warm): s·y=  2.1096E-04  ||s||^2=  9.9446E-02  ||y||^2=  2.4973E-06  sTy_min=  4.9834E-05
LBFGS step: g·p = -1.1334E-03  ||p||=  3.9601E+00
LBFGS step: min(p)= -2.7839E-01  max(p)=  2.8115E-01
LBFGS p_k (unscaled) stats per active parameter:
  IA=  1  PAR={rho}  min=-2.55546E+02  max= 2.58085E+02  L2= 3.63517E+03
min(p_k)= -2.7839E-01  max(p_k)=  2.8115E-01  ||p_k||=  3.9601E+00
min(p_kf)= -2.7839E-01  max(p_kf)=  2.8115E-01  ||p_kf||=  1.5840E+01
p_k/p_kf  =   2.5000E-01
Start linesearch
MT entry: phi(0)=  7.5711E-04  dg0= -1.1334E-03  alpha0=  1.0000E+00
 UPDATEPARAMETER: f-scale only
UPDATEPARAMETER PAR_STEP min/max, V_STEP min/max =  1.8957924536E+03  2.5923329772E+03
  1.8957924536E+03  2.5923329772E+03
 WD_amp= 6.08509E+13  RESID_RMS= 1.32621E-01  FCOST_DATA= 8.79412E-03  FCOST0= 8.79412E-03
  
 -------------- calculate Frechet derivatives -----------
 IFREQ =           4    ITERATION =           2
||Frechet||_F=  2.4728E-12max|Frechet|=  2.2794E-17
||Frechet||_F=  2.4728E-12max|Frechet|=  2.2794E-17
||Frechet||_F=  2.4728E-12max|Frechet|=  2.2794E-17
||Frechet||_F=  2.4728E-12max|Frechet|=  2.2794E-17
||Frechet||_F=  2.4728E-12max|Frechet|=  2.2794E-17
||Frechet||_F=  2.4728E-12max|Frechet|=  2.2794E-17
Grad block   1 GRAD_SCALED MORM =   7.3408E-03
MT try: alpha=  1.0000E+00  phi=  8.7941E-03  dg=  5.9573E-03  dg0= -1.1334E-03
MT try: armijo_rhs=  7.5700E-04  armijo=F  curvature=F  task=FG
 UPDATEPARAMETER: f-scale only
UPDATEPARAMETER PAR_STEP min/max, V_STEP min/max =  1.9237240989E+03  2.5156652570E+03
  1.9237240989E+03  2.5156652570E+03
 WD_amp= 6.08509E+13  RESID_RMS= 3.70037E-02  FCOST_DATA= 6.84637E-04  FCOST0= 6.84637E-04
  
 -------------- calculate Frechet derivatives -----------
 IFREQ =           4    ITERATION =           2
||Frechet||_F=  2.4629E-12max|Frechet|=  2.2990E-17
||Frechet||_F=  2.4629E-12max|Frechet|=  2.2990E-17
||Frechet||_F=  2.4629E-12max|Frechet|=  2.2990E-17
||Frechet||_F=  2.4629E-12max|Frechet|=  2.2990E-17
||Frechet||_F=  2.4629E-12max|Frechet|=  2.2990E-17
||Frechet||_F=  2.4629E-12max|Frechet|=  2.2990E-17
Grad block   1 GRAD_SCALED MORM =   1.5134E-03
MT try: alpha=  2.8418E-02  phi=  6.8464E-04  dg= -9.2855E-04  dg0= -1.1334E-03
MT try: armijo_rhs=  7.5711E-04  armijo=T  curvature=T  task=FG
  
Convergence reached, updating parameter grid
ALPHA from line search =  .2841800750125465E-01
 FCOST0 after linesearch  6.846369348792417E-004
Norm of s (s_norm) =  .1125372389782327
  
  
  
  
  
Time for LBFGS =  17.61581217447917 min
  
 Frequency:           4 Iteration:           3
t_global   =    358.084 s
  
 -------------- calculate Frechet derivatives -----------
 IFREQ =           4    ITERATION =           3
||Frechet||_F=  2.4629E-12max|Frechet|=  2.2990E-17
||Frechet||_F=  2.4629E-12max|Frechet|=  2.2990E-17
 
TIME for Frechet calc =  3.020783233642578 min
 
 
  compute the residual and the cost function
 WD_amp= 6.08509E+13  RESID_RMS= 3.70037E-02  FCOST_DATA= 6.84637E-04  FCOST0= 6.84637E-04
||Frechet||_F=  2.4629E-12max|Frechet|=  2.2990E-17
||Frechet||_F=  2.4629E-12max|Frechet|=  2.2990E-17
||Frechet||_F=  2.4629E-12max|Frechet|=  2.2990E-17
||Frechet||_F=  2.4629E-12max|Frechet|=  2.2990E-17
Grad block   1 GRAD_SCALED MORM =   1.5134E-03
Gradient finished
Start LBFGS 
curvature (warm): s·y=  5.8203E-06  ||s||^2=  1.2665E-02  ||y||^2=  3.2001E-08  sTy_min=  2.0132E-06
LBFGS step: g·p = -6.9936E-04  ||p||=  3.2169E+00
LBFGS step: min(p)= -2.1026E-01  max(p)=  2.1410E-01
LBFGS p_k (unscaled) stats per active parameter:
  IA=  1  PAR={rho}  min=-1.93013E+02  max= 1.96539E+02  L2= 2.95298E+03
min(p_k)= -2.1026E-01  max(p_k)=  2.1410E-01  ||p_k||=  3.2169E+00
min(p_kf)= -2.1026E-01  max(p_kf)=  2.1410E-01  ||p_kf||=  1.2868E+01
p_k/p_kf  =   2.5000E-01
Start linesearch
MT entry: phi(0)=  6.8464E-04  dg0= -6.9936E-04  alpha0=  1.0000E+00
 UPDATEPARAMETER: f-scale only
UPDATEPARAMETER PAR_STEP min/max, V_STEP min/max =  1.9054113083E+03  2.5192856801E+03
  1.9054113083E+03  2.5192856801E+03
 WD_amp= 6.08509E+13  RESID_RMS= 8.35509E-02  FCOST_DATA= 3.49038E-03  FCOST0= 3.49038E-03
  
 -------------- calculate Frechet derivatives -----------
 IFREQ =           4    ITERATION =           3
||Frechet||_F=  2.4660E-12max|Frechet|=  2.3019E-17
||Frechet||_F=  2.4660E-12max|Frechet|=  2.3019E-17
||Frechet||_F=  2.4660E-12max|Frechet|=  2.3019E-17
||Frechet||_F=  2.4660E-12max|Frechet|=  2.3019E-17
||Frechet||_F=  2.4660E-12max|Frechet|=  2.3019E-17
||Frechet||_F=  2.4660E-12max|Frechet|=  2.3019E-17
Grad block   1 GRAD_SCALED MORM =   8.7576E-03
MT try: alpha=  1.0000E+00  phi=  3.4904E-03  dg=  2.8405E-03  dg0= -6.9936E-04
MT try: armijo_rhs=  6.8457E-04  armijo=F  curvature=F  task=FG
 UPDATEPARAMETER: f-scale only
UPDATEPARAMETER PAR_STEP min/max, V_STEP min/max =  1.9227688903E+03  2.5114185279E+03
  1.9227688903E+03  2.5114185279E+03
 WD_amp= 6.08509E+13  RESID_RMS= 3.49278E-02  FCOST_DATA= 6.09977E-04  FCOST0= 6.09977E-04
  
 -------------- calculate Frechet derivatives -----------
 IFREQ =           4    ITERATION =           3
||Frechet||_F=  2.4630E-12max|Frechet|=  2.2998E-17
||Frechet||_F=  2.4630E-12max|Frechet|=  2.2998E-17
||Frechet||_F=  2.4630E-12max|Frechet|=  2.2998E-17
||Frechet||_F=  2.4630E-12max|Frechet|=  2.2998E-17
||Frechet||_F=  2.4630E-12max|Frechet|=  2.2998E-17
||Frechet||_F=  2.4630E-12max|Frechet|=  2.2998E-17
Grad block   1 GRAD_SCALED MORM =   1.4799E-03
MT try: alpha=  5.2161E-02  phi=  6.0998E-04  dg= -5.0944E-04  dg0= -6.9936E-04
MT try: armijo_rhs=  6.8463E-04  armijo=T  curvature=T  task=FG
  
Convergence reached, updating parameter grid
ALPHA from line search =  .5216073297223466E-01
 FCOST0 after linesearch  6.099767234654684E-004
Norm of s (s_norm) =  .1677962626186597
  
  
  
  
  
Convergence check at iteration    3
  Relative cost decrease  =  1.0905E-01
  Relative model update   =  0.0000E+00
  Relative grad. norm     =  1.5938E+00
Time for LBFGS =  17.55074869791667 min
  
 Frequency:           4 Iteration:           4
t_global   =    355.145 s
  
 -------------- calculate Frechet derivatives -----------
 IFREQ =           4    ITERATION =           4
||Frechet||_F=  2.4630E-12max|Frechet|=  2.2998E-17
||Frechet||_F=  2.4630E-12max|Frechet|=  2.2998E-17
 
TIME for Frechet calc =  2.874213409423828 min
 
 
  compute the residual and the cost function
 WD_amp= 6.08509E+13  RESID_RMS= 3.49278E-02  FCOST_DATA= 6.09977E-04  FCOST0= 6.09977E-04
||Frechet||_F=  2.4630E-12max|Frechet|=  2.2998E-17
||Frechet||_F=  2.4630E-12max|Frechet|=  2.2998E-17
||Frechet||_F=  2.4630E-12max|Frechet|=  2.2998E-17
||Frechet||_F=  2.4630E-12max|Frechet|=  2.2998E-17
Grad block   1 GRAD_SCALED MORM =   1.4799E-03
Gradient finished
Start LBFGS 
curvature (warm): s·y=  9.9064E-06  ||s||^2=  2.8156E-02  ||y||^2=  1.3223E-07  sTy_min=  6.1018E-06
LBFGS step: g·p = -1.4945E-03  ||p||=  7.6917E+00
LBFGS step: min(p)= -4.8209E-01  max(p)=  4.9130E-01
LBFGS p_k (unscaled) stats per active parameter:
  IA=  1  PAR={rho}  min=-4.42536E+02  max= 4.50993E+02  L2= 7.06069E+03
min(p_k)= -4.8209E-01  max(p_k)=  4.9130E-01  ||p_k||=  7.6917E+00
min(p_kf)= -4.8209E-01  max(p_kf)=  4.9130E-01  ||p_kf||=  3.0767E+01
p_k/p_kf  =   2.5000E-01
Start linesearch
MT entry: phi(0)=  6.0998E-04  dg0= -1.4945E-03  alpha0=  1.0000E+00
 UPDATEPARAMETER: f-scale only
UPDATEPARAMETER PAR_STEP min/max, V_STEP min/max =  1.7995840631E+03  2.6847518858E+03
  1.7995840631E+03  2.6847518858E+03
 WD_amp= 6.08509E+13  RESID_RMS= 1.97656E-01  FCOST_DATA= 1.95339E-02  FCOST0= 1.95339E-02
  
 -------------- calculate Frechet derivatives -----------
 IFREQ =           4    ITERATION =           4
||Frechet||_F=  2.4644E-12max|Frechet|=  2.1944E-17
||Frechet||_F=  2.4644E-12max|Frechet|=  2.1944E-17
||Frechet||_F=  2.4644E-12max|Frechet|=  2.1944E-17
||Frechet||_F=  2.4644E-12max|Frechet|=  2.1944E-17
||Frechet||_F=  2.4644E-12max|Frechet|=  2.1944E-17
Grad block   1 GRAD_SCALED MORM =   1.7362E-02
MT try: alpha=  1.0000E+00  phi=  1.9534E-02  dg=  1.5898E-02  dg0= -1.4945E-03
MT try: armijo_rhs=  6.0983E-04  armijo=F  curvature=F  task=FG
 UPDATEPARAMETER: f-scale only
||Frechet||_F=  2.4644E-12max|Frechet|=  2.1944E-17
UPDATEPARAMETER PAR_STEP min/max, V_STEP min/max =  1.9220798238E+03  2.5079494508E+03
  1.9220798238E+03  2.5079494508E+03
 WD_amp= 6.08509E+13  RESID_RMS= 3.35735E-02  FCOST_DATA= 5.63588E-04  FCOST0= 5.63588E-04
  
 -------------- calculate Frechet derivatives -----------
 IFREQ =           4    ITERATION =           4
||Frechet||_F=  2.4632E-12max|Frechet|=  2.2982E-17
||Frechet||_F=  2.4632E-12max|Frechet|=  2.2982E-17
||Frechet||_F=  2.4632E-12max|Frechet|=  2.2982E-17
||Frechet||_F=  2.4632E-12max|Frechet|=  2.2982E-17
||Frechet||_F=  2.4632E-12max|Frechet|=  2.2982E-17
||Frechet||_F=  2.4632E-12max|Frechet|=  2.2982E-17
Grad block   1 GRAD_SCALED MORM =   1.4068E-03
MT try: alpha=  1.7276E-02  phi=  5.6359E-04  dg= -1.1533E-03  dg0= -1.4945E-03
MT try: armijo_rhs=  6.0997E-04  armijo=T  curvature=T  task=FG
Convergence reached, updating parameter grid
ALPHA from line search =  .1727602003764161E-01
 FCOST0 after linesearch  5.635884883947557E-004
Norm of s (s_norm) =  .1328827764042809
  
  
  
  
  
  
Convergence check at iteration    4
  Relative cost decrease  =  7.6049E-02
  Relative model update   =  0.0000E+00
  Relative grad. norm     =  1.5000E+00
Time for LBFGS =  17.56752319335937 min
  
 Frequency:           4 Iteration:           5
t_global   =    356.156 s
  
 -------------- calculate Frechet derivatives -----------
 IFREQ =           4    ITERATION =           5
||Frechet||_F=  2.4632E-12max|Frechet|=  2.2982E-17
||Frechet||_F=  2.4632E-12max|Frechet|=  2.2982E-17
 
TIME for Frechet calc =  2.839506785074870 min
 
 
  compute the residual and the cost function
 WD_amp= 6.08509E+13  RESID_RMS= 3.35735E-02  FCOST_DATA= 5.63588E-04  FCOST0= 5.63588E-04
||Frechet||_F=  2.4632E-12max|Frechet|=  2.2982E-17
||Frechet||_F=  2.4632E-12max|Frechet|=  2.2982E-17
||Frechet||_F=  2.4632E-12max|Frechet|=  2.2982E-17
||Frechet||_F=  2.4632E-12max|Frechet|=  2.2982E-17
Grad block   1 GRAD_SCALED MORM =   1.4068E-03
Gradient finished
Start LBFGS 
curvature (warm): s·y=  5.8958E-06  ||s||^2=  1.7658E-02  ||y||^2=  7.7344E-08  sTy_min=  3.6956E-06
LBFGS step: g·p = -1.2298E-03  ||p||=  6.9963E+00
LBFGS step: min(p)= -4.2050E-01  max(p)=  3.6084E-01
LBFGS p_k (unscaled) stats per active parameter:
  IA=  1  PAR={rho}  min=-3.86003E+02  max= 3.31234E+02  L2= 6.42232E+03
min(p_k)= -4.2050E-01  max(p_k)=  3.6084E-01  ||p_k||=  6.9963E+00
min(p_kf)= -4.2050E-01  max(p_kf)=  3.6084E-01  ||p_kf||=  2.7985E+01
p_k/p_kf  =   2.5000E-01
Start linesearch
MT entry: phi(0)=  5.6359E-04  dg0= -1.2298E-03  alpha0=  1.0000E+00
 UPDATEPARAMETER: f-scale only
UPDATEPARAMETER PAR_STEP min/max, V_STEP min/max =  1.8270453297E+03  2.6593934879E+03
  1.8270453297E+03  2.6593934879E+03
 WD_amp= 6.08509E+13  RESID_RMS= 1.48855E-01  FCOST_DATA= 1.10789E-02  FCOST0= 1.10789E-02
  
 -------------- calculate Frechet derivatives -----------
 IFREQ =           4    ITERATION =           5
||Frechet||_F=  2.4715E-12max|Frechet|=  2.3110E-17
||Frechet||_F=  2.4715E-12max|Frechet|=  2.3110E-17
||Frechet||_F=  2.4715E-12max|Frechet|=  2.3110E-17
||Frechet||_F=  2.4715E-12max|Frechet|=  2.3110E-17
||Frechet||_F=  2.4715E-12max|Frechet|=  2.3110E-17
||Frechet||_F=  2.4715E-12max|Frechet|=  2.3110E-17
Grad block   1 GRAD_SCALED MORM =   1.2285E-02
MT try: alpha=  1.0000E+00  phi=  1.1079E-02  dg=  8.3489E-03  dg0= -1.2298E-03
MT try: armijo_rhs=  5.6347E-04  armijo=F  curvature=F  task=FG
 UPDATEPARAMETER: f-scale only
UPDATEPARAMETER PAR_STEP min/max, V_STEP min/max =  1.9213138042E+03  2.5033870734E+03
  1.9213138042E+03  2.5033870734E+03
 WD_amp= 6.08509E+13  RESID_RMS= 3.20824E-02  FCOST_DATA= 5.14639E-04  FCOST0= 5.14639E-04
  
 -------------- calculate Frechet derivatives -----------
 IFREQ =           4    ITERATION =           5
||Frechet||_F=  2.4634E-12max|Frechet|=  2.2988E-17
||Frechet||_F=  2.4634E-12max|Frechet|=  2.2988E-17
||Frechet||_F=  2.4634E-12max|Frechet|=  2.2988E-17
||Frechet||_F=  2.4634E-12max|Frechet|=  2.2988E-17
||Frechet||_F=  2.4634E-12max|Frechet|=  2.2988E-17
||Frechet||_F=  2.4634E-12max|Frechet|=  2.2988E-17
Grad block   1 GRAD_SCALED MORM =   1.2916E-03
MT try: alpha=  2.4453E-02  phi=  5.1464E-04  dg= -9.6499E-04  dg0= -1.2298E-03
MT try: armijo_rhs=  5.6359E-04  armijo=T  curvature=T  task=FG
Convergence reached, updating parameter grid
ALPHA from line search =  .2445299220116445E-01
 FCOST0 after linesearch  5.146390880682680E-004
Norm of s (s_norm) =  .1710810365546339
  
  
  
  
  
  
Convergence check at iteration    5
  Relative cost decrease  =  8.6853E-02
  Relative model update   =  0.0000E+00
  Relative grad. norm     =  1.3632E+00
Time for LBFGS =  17.61476236979167 min
  
 Frequency:           4 Iteration:           6
t_global   =    357.357 s
  
 -------------- calculate Frechet derivatives -----------
 IFREQ =           4    ITERATION =           6
||Frechet||_F=  2.4634E-12max|Frechet|=  2.2988E-17
 
TIME for Frechet calc =  2.879855092366536 min
 
 
  compute the residual and the cost function
 WD_amp= 6.08509E+13  RESID_RMS= 3.20824E-02  FCOST_DATA= 5.14639E-04  FCOST0= 5.14639E-04
||Frechet||_F=  2.4634E-12max|Frechet|=  2.2988E-17
||Frechet||_F=  2.4634E-12max|Frechet|=  2.2988E-17
||Frechet||_F=  2.4634E-12max|Frechet|=  2.2988E-17
||Frechet||_F=  2.4634E-12max|Frechet|=  2.2988E-17
||Frechet||_F=  2.4634E-12max|Frechet|=  2.2988E-17
Grad block   1 GRAD_SCALED MORM =   1.2916E-03
Gradient finished
Start LBFGS 
curvature (warm): s·y=  6.4754E-06  ||s||^2=  2.9269E-02  ||y||^2=  5.4386E-08  sTy_min=  3.9897E-06
LBFGS step: g·p = -7.5228E-04  ||p||=  4.7838E+00
LBFGS step: min(p)= -2.5712E-01  max(p)=  2.8211E-01
LBFGS p_k (unscaled) stats per active parameter:
  IA=  1  PAR={rho}  min=-2.36028E+02  max= 2.58962E+02  L2= 4.39131E+03
min(p_k)= -2.5712E-01  max(p_k)=  2.8211E-01  ||p_k||=  4.7838E+00
min(p_kf)= -2.5712E-01  max(p_kf)=  2.8211E-01  ||p_kf||=  1.9135E+01
p_k/p_kf  =   2.5000E-01
Start linesearch
MT entry: phi(0)=  5.1464E-04  dg0= -7.5228E-04  alpha0=  1.0000E+00
 UPDATEPARAMETER: f-scale only
UPDATEPARAMETER PAR_STEP min/max, V_STEP min/max =  1.8879490321E+03  2.5957229901E+03
  1.8879490321E+03  2.5957229901E+03
 WD_amp= 6.08509E+13  RESID_RMS= 9.98333E-02  FCOST_DATA= 4.98334E-03  FCOST0= 4.98334E-03
  
 -------------- calculate Frechet derivatives -----------
 IFREQ =           4    ITERATION =           6
||Frechet||_F=  2.4594E-12max|Frechet|=  2.2979E-17
||Frechet||_F=  2.4594E-12max|Frechet|=  2.2979E-17
||Frechet||_F=  2.4594E-12max|Frechet|=  2.2979E-17
||Frechet||_F=  2.4594E-12max|Frechet|=  2.2979E-17
||Frechet||_F=  2.4594E-12max|Frechet|=  2.2979E-17
||Frechet||_F=  2.4594E-12max|Frechet|=  2.2979E-17
Grad block   1 GRAD_SCALED MORM =   6.5777E-03
MT try: alpha=  1.0000E+00  phi=  4.9833E-03  dg=  3.8547E-03  dg0= -7.5228E-04
MT try: armijo_rhs=  5.1456E-04  armijo=F  curvature=F  task=FG
 UPDATEPARAMETER: f-scale only
UPDATEPARAMETER PAR_STEP min/max, V_STEP min/max =  1.9207008877E+03  2.4997523746E+03
  1.9207008877E+03  2.4997523746E+03
 WD_amp= 6.08509E+13  RESID_RMS= 3.07863E-02  FCOST_DATA= 4.73899E-04  FCOST0= 4.73899E-04
  
 -------------- calculate Frechet derivatives -----------
 IFREQ =           4    ITERATION =           6
||Frechet||_F=  2.4633E-12max|Frechet|=  2.2993E-17
||Frechet||_F=  2.4633E-12max|Frechet|=  2.2993E-17
||Frechet||_F=  2.4633E-12max|Frechet|=  2.2993E-17
||Frechet||_F=  2.4633E-12max|Frechet|=  2.2993E-17
||Frechet||_F=  2.4633E-12max|Frechet|=  2.2993E-17
||Frechet||_F=  2.4633E-12max|Frechet|=  2.2993E-17
Grad block   1 GRAD_SCALED MORM =   1.2319E-03
MT try: alpha=  3.4991E-02  phi=  4.7390E-04  dg= -5.9560E-04  dg0= -7.5228E-04
MT try: armijo_rhs=  5.1464E-04  armijo=T  curvature=T  task=FG
Convergence reached, updating parameter grid
ALPHA from line search =  .3499074669492244E-01
 FCOST0 after linesearch  4.738992075278038E-004
Norm of s (s_norm) =  .1673882256024840
  
  
  
  
  
Convergence check at iteration    6
  Relative cost decrease  =  7.9162E-02
  Relative model update   =  0.0000E+00
  Relative grad. norm     =  1.2861E+00
Time for LBFGS =  17.66702067057292 min
  
  
 Frequency:           4 Iteration:           7
t_global   =    361.958 s
  
 -------------- calculate Frechet derivatives -----------
 IFREQ =           4    ITERATION =           7
||Frechet||_F=  2.4633E-12max|Frechet|=  2.2993E-17
||Frechet||_F=  2.4633E-12max|Frechet|=  2.2993E-17
 
TIME for Frechet calc =  2.853821563720703 min
 
 
  compute the residual and the cost function
 WD_amp= 6.08509E+13  RESID_RMS= 3.07863E-02  FCOST_DATA= 4.73899E-04  FCOST0= 4.73899E-04
||Frechet||_F=  2.4633E-12max|Frechet|=  2.2993E-17
||Frechet||_F=  2.4633E-12max|Frechet|=  2.2993E-17
||Frechet||_F=  2.4633E-12max|Frechet|=  2.2993E-17
||Frechet||_F=  2.4633E-12max|Frechet|=  2.2993E-17
Grad block   1 GRAD_SCALED MORM =   1.2319E-03
Gradient finished
Start LBFGS 
curvature (full): s·y=  5.4823E-06  ||s||^2=  2.8019E-02  ||y||^2=  3.2395E-08  sTy_min=  3.0128E-06
 
LBFGS step(full): g·p = -1.0797E-03  ||p||=  4.7269E+00
LBFGS step(full): min(p)= -3.2360E-01  max(p)=  2.9865E-01
LBFGS p_k (unscaled) stats per active parameter:
  IA=  1  PAR={rho}  min=-2.97050E+02  max= 2.74148E+02  L2= 4.33913E+03
min(p_k)= -3.2360E-01  max(p_k)=  2.9865E-01  ||p_k||=  4.7269E+00
min(p_kf)= -3.2360E-01  max(p_kf)=  2.9865E-01  ||p_kf||=  1.8908E+01
p_k/p_kf  =   2.5000E-01
Start linesearch
MT entry: phi(0)=  4.7390E-04  dg0= -1.0797E-03  alpha0=  1.0000E+00
 UPDATEPARAMETER: f-scale only
UPDATEPARAMETER PAR_STEP min/max, V_STEP min/max =  1.8663944124E+03  2.6197930790E+03
  1.8663944124E+03  2.6197930790E+03
 WD_amp= 6.08509E+13  RESID_RMS= 1.52633E-01  FCOST_DATA= 1.16484E-02  FCOST0= 1.16484E-02
  
 -------------- calculate Frechet derivatives -----------
 IFREQ =           4    ITERATION =           7
||Frechet||_F=  2.4606E-12max|Frechet|=  2.2750E-17
||Frechet||_F=  2.4606E-12max|Frechet|=  2.2750E-17
||Frechet||_F=  2.4606E-12max|Frechet|=  2.2750E-17
||Frechet||_F=  2.4606E-12max|Frechet|=  2.2750E-17
||Frechet||_F=  2.4606E-12max|Frechet|=  2.2750E-17
||Frechet||_F=  2.4606E-12max|Frechet|=  2.2750E-17
Grad block   1 GRAD_SCALED MORM =   1.3416E-02
MT try: alpha=  1.0000E+00  phi=  1.1648E-02  dg=  1.0676E-02  dg0= -1.0797E-03
MT try: armijo_rhs=  4.7379E-04  armijo=F  curvature=F  task=FG
 UPDATEPARAMETER: f-scale only
UPDATEPARAMETER PAR_STEP min/max, V_STEP min/max =  1.9204958965E+03  2.4983516159E+03
  1.9204958965E+03  2.4983516159E+03
 WD_amp= 6.08509E+13  RESID_RMS= 3.01622E-02  FCOST_DATA= 4.54880E-04  FCOST0= 4.54880E-04
  
 -------------- calculate Frechet derivatives -----------
 IFREQ =           4    ITERATION =           7
||Frechet||_F=  2.4633E-12max|Frechet|=  2.2993E-17
||Frechet||_F=  2.4633E-12max|Frechet|=  2.2993E-17
||Frechet||_F=  2.4633E-12max|Frechet|=  2.2993E-17
||Frechet||_F=  2.4633E-12max|Frechet|=  2.2993E-17
||Frechet||_F=  2.4633E-12max|Frechet|=  2.2993E-17
||Frechet||_F=  2.4633E-12max|Frechet|=  2.2993E-17
Grad block   1 GRAD_SCALED MORM =   9.9634E-04
MT try: alpha=  2.1958E-02  phi=  4.5488E-04  dg= -8.1063E-04  dg0= -1.0797E-03
MT try: armijo_rhs=  4.7390E-04  armijo=T  curvature=T  task=FG
  
  
  
Convergence reached, updating parameter grid
ALPHA from line search =  .2195755484414472E-01
 FCOST0 after linesearch  4.548801862408495E-004
Norm of s (s_norm) =  .1037921337368487
  
  
  
Convergence check at iteration    7
  Relative cost decrease  =  4.0133E-02
  Relative model update   =  0.0000E+00
  Relative grad. norm     =  9.0804E-01
Time for LBFGS =  17.55431925455729 min
 --------- Frequency   3.95000000000000       (band            1 )
[ComputeAcqWeight] empty acq_weight_file, using uniform weights = 1.0
Data weighting computed for frequency 4607182418800017373
XSRmin, XSRmax, ZSRmin, ZSRMax -1960.000000000000 .000000000000000 2203.000000000000 4183.000000000000
1 FKYC
1.2 FKYC
Data weighting computed for frequency 4607182418800017373
my_rank, FKYC,WLMAX, RMAX 0 .3237206343046874E-01 1296.906024010828 2786.036611389018
1.1 NK
NK in cky2= 55

  Number of wavenumber samples (NK) for FREQ =   55
Data weighting computed for frequency 4607182418800017373
Data weighting computed for frequency 4607182418800017373
Data weighting computed for frequency 4607182418800017373
  RMAX = 2786.04
Data weighting computed for frequency 4607182418800017373
--- Pre-solver preview (memory + RHS workload) ---
   GQG dims: NNX=       609  NNZ=       329  NPT=    200361
   DOF:     N=3*NPT =    601083
   Sources: NSR=       100  NSS=        20  NK=        55
   RHS total (per IK): nrhs_tot=3*NSS =        60
   Batch:    MAX_RHS_BATCH=        32  nbatches=         2
   GFMY  (GFX+GFY+GFZ):         14.779 GB
   RHS_MY(rhs+sol buffers):      0.573 GB
 
 running run_ik_loop_pardiso
before CA | VmRSS=  16.496 GB  VmHWM=  87.641 GB
after CA | VmRSS=  17.157 GB  VmHWM=  87.641 GB
after factor | VmRSS=  21.197 GB  VmHWM=  87.641 GB
f=     3.950 Hz | ky=  0.588583E-03 | IK=       1/      55 | t=   18.401600 s | CA=  2.6906 | fact= 13.6840 | GF=  2.0268 | solve=  1.8631 | scatter=  0.0543
f=     3.950 Hz | ky=  0.117717E-02 | IK=       2/      55 | t=    7.161500 s | CA=  2.6474 | fact=  2.5947 | GF=  1.9194 | solve=  1.7861 | scatter=  0.0565
f=     3.950 Hz | ky=  0.176575E-02 | IK=       3/      55 | t=    7.145900 s | CA=  2.6794 | fact=  2.5464 | GF=  1.9201 | solve=  1.7898 | scatter=  0.0535
f=     3.950 Hz | ky=  0.235433E-02 | IK=       4/      55 | t=    7.183900 s | CA=  2.6802 | fact=  2.5886 | GF=  1.9151 | solve=  1.7818 | scatter=  0.0567
f=     3.950 Hz | ky=  0.294291E-02 | IK=       5/      55 | t=    7.182300 s | CA=  2.6768 | fact=  2.5899 | GF=  1.9156 | solve=  1.7832 | scatter=  0.0558
f=     3.950 Hz | ky=  0.353150E-02 | IK=       6/      55 | t=    7.179700 s | CA=  2.6782 | fact=  2.5915 | GF=  1.9100 | solve=  1.7786 | scatter=  0.0545
f=     3.950 Hz | ky=  0.412008E-02 | IK=       7/      55 | t=    7.108400 s | CA=  2.6474 | fact=  2.5469 | GF=  1.9140 | solve=  1.7823 | scatter=  0.0550
f=     3.950 Hz | ky=  0.470866E-02 | IK=       8/      55 | t=    7.200400 s | CA=  2.7023 | fact=  2.5837 | GF=  1.9143 | solve=  1.7838 | scatter=  0.0536
f=     3.950 Hz | ky=  0.529725E-02 | IK=       9/      55 | t=    7.222500 s | CA=  2.7153 | fact=  2.5902 | GF=  1.9170 | solve=  1.7861 | scatter=  0.0545
f=     3.950 Hz | ky=  0.588583E-02 | IK=      10/      55 | t=    7.153700 s | CA=  2.6579 | fact=  2.5819 | GF=  1.9138 | solve=  1.7837 | scatter=  0.0536
PARDISO mem (f=  3.95 Hz): sym=  2.09 GB  perm=  1.52 GB  num=  3.46 GB  
peak=  4.98 GB
t_global   =    122.947 s
TIME for 1st forward modeling =  2.048979949951172  min
TIME for GT0 =  .4926666617393494E-02  min
Data scaler W for L2 norm: 62333546162877.22
Data scaler W for WQS norm: .1007948000807317E-312
Total number of active inversion parameters for current sequential stage (IM):          1
Total model blocks points (NM = IM * NBLOCK):      12464 on grid (NMM = IM * NPT):    200361
 Gradient balance ():   1.00000000000000        1.00000000000000     
   1.00000000000000        1.00000000000000        1.00000000000000     
   1.00000000000000        1.00000000000000        1.00000000000000     
   1.00000000000000        1.00000000000000        1.00000000000000     
 IE0, IZ          33           0
 IE0, IZ, GZ1, GZ2 =           33           0   100.000000000000     
   300.000000000000     
  
 Frequency:           5 Iteration:           1
--- Pre-solver preview (memory + RHS workload) ---
   GQG dims: NNX=       609  NNZ=       329  NPT=    200361
   DOF:     N=3*NPT =    601083
   Sources: NSR=       100  NSS=       100  NK=        55
   RHS total (per IK): nrhs_tot=3*NSS =       300
   Batch:    MAX_RHS_BATCH=        32  nbatches=        10
   GFMY  (GFX+GFY+GFZ):         73.894 GB
   RHS_MY(rhs+sol buffers):      0.573 GB
 
 running run_ik_loop_pardiso
before CA | VmRSS=  76.517 GB  VmHWM=  87.641 GB
after CA | VmRSS=  77.168 GB  VmHWM=  87.641 GB
after factor | VmRSS=  81.214 GB  VmHWM=  87.641 GB
f=     3.950 Hz | ky=  0.588583E-03 | IK=       1/      55 | t=   25.724500 s | CA=  2.6007 | fact= 13.6707 | GF=  9.4529 | solve=  8.7525 | scatter=  0.2763
f=     3.950 Hz | ky=  0.117717E-02 | IK=       2/      55 | t=   14.624200 s | CA=  2.6808 | fact=  2.5854 | GF=  9.3580 | solve=  8.6939 | scatter=  0.2732
f=     3.950 Hz | ky=  0.176575E-02 | IK=       3/      55 | t=   14.587300 s | CA=  2.6415 | fact=  2.5771 | GF=  9.3687 | solve=  8.7029 | scatter=  0.2746
f=     3.950 Hz | ky=  0.235433E-02 | IK=       4/      55 | t=   14.589400 s | CA=  2.6642 | fact=  2.5764 | GF=  9.3487 | solve=  8.6864 | scatter=  0.2712
f=     3.950 Hz | ky=  0.294291E-02 | IK=       5/      55 | t=   14.617500 s | CA=  2.6510 | fact=  2.5840 | GF=  9.3825 | solve=  8.7144 | scatter=  0.2759
f=     3.950 Hz | ky=  0.353150E-02 | IK=       6/      55 | t=   14.661400 s | CA=  2.7147 | fact=  2.5828 | GF=  9.3639 | solve=  8.7015 | scatter=  0.2714
f=     3.950 Hz | ky=  0.412008E-02 | IK=       7/      55 | t=   14.620300 s | CA=  2.6710 | fact=  2.5826 | GF=  9.3666 | solve=  8.7001 | scatter=  0.2747
f=     3.950 Hz | ky=  0.470866E-02 | IK=       8/      55 | t=   14.649300 s | CA=  2.6912 | fact=  2.5867 | GF=  9.3713 | solve=  8.7075 | scatter=  0.2717
f=     3.950 Hz | ky=  0.529725E-02 | IK=       9/      55 | t=   14.559900 s | CA=  2.6474 | fact=  2.5501 | GF=  9.3624 | solve=  8.6986 | scatter=  0.2725
f=     3.950 Hz | ky=  0.588583E-02 | IK=      10/      55 | t=   14.634900 s | CA=  2.6698 | fact=  2.5981 | GF=  9.3670 | solve=  8.7015 | scatter=  0.2736
PARDISO mem (f=  3.95 Hz): sym=  2.09 GB  perm=  1.52 GB  num=  3.46 GB  
peak=  4.98 GB
t_global   =    359.876 s
TIME for 2d forward modeling_i calc =  5.997595214843750 min
Rank    1 -> ID range:    801 to   1600 | Tasks:    800
Rank    3 -> ID range:   2401 to   3200 | Tasks:    800
Rank    4 -> ID range:   3201 to   4000 | Tasks:    800
Rank    2 -> ID range:   1601 to   2400 | Tasks:    800
Rank    5 -> ID range:   4001 to   4800 | Tasks:    800
  
 -------------- calculate Frechet derivatives -----------
 IFREQ =           5    ITERATION =           1
Frechet memory size Frec_my:      0.891 (Gb)
Rank    0 -> ID range:      1 to    800 | Tasks:    800
FREQ:      4.0 Hz, ITER=       1  Frechet Derivative ID=     100/    4800 Finished   0.188200 s
FREQ:      4.0 Hz, ITER=       1  Frechet Derivative ID=     200/    4800 Finished   0.186300 s
FREQ:      4.0 Hz, ITER=       1  Frechet Derivative ID=     300/    4800 Finished   0.187300 s
FREQ:      4.0 Hz, ITER=       1  Frechet Derivative ID=     400/    4800 Finished   0.180900 s
FREQ:      4.0 Hz, ITER=       1  Frechet Derivative ID=     500/    4800 Finished   0.205800 s
FREQ:      4.0 Hz, ITER=       1  Frechet Derivative ID=     600/    4800 Finished   0.186000 s
FREQ:      4.0 Hz, ITER=       1  Frechet Derivative ID=     700/    4800 Finished   0.194100 s
FREQ:      4.0 Hz, ITER=       1  Frechet Derivative ID=     800/    4800 Finished   0.183600 s
||Frechet||_F=  2.6179E-12max|Frechet|=  2.5287E-17
||Frechet||_F=  2.6179E-12max|Frechet|=  2.5287E-17
 
TIME for Frechet calc =  2.901208241780599 min
 
m_fine: min=  1.9205E+03  max=  2.4984E+03  mean=  2.2208E+03  ||.||2=  9.9570E+05  size=  200361
m_coarse_prev: min=  1.9276E+03  max=  2.4895E+03  mean=  2.2210E+03  ||.||2=  2.4836E+05  size=   12464
 
  compute the residual and the cost function
 WD_amp= 6.23335E+13  RESID_RMS= 3.38768E-02  FCOST_DATA= 5.73820E-04  FCOST0= 5.73820E-04
||Frechet||_F=  2.6179E-12max|Frechet|=  2.5287E-17
||Frechet||_F=  2.6179E-12max|Frechet|=  2.5287E-17
||Frechet||_F=  2.6179E-12max|Frechet|=  2.5287E-17
||Frechet||_F=  2.6179E-12max|Frechet|=  2.5287E-17
IA=  1  H(single F0) min= 0.00000E+00  max= 1.74117E-02
IA=  1  H(F0^2)     min= 0.00000E+00  max= 1.74117E-02
HESSD: ia=   1  min= 0.00000E+00  max= 1.14736E+04
IA=  1  H(single F0) min= 0.00000E+00  max= 1.74117E-02
IA=  1  H(F0^2)     min= 0.00000E+00  max= 1.74117E-02
HESSD: ia=   1  min= 0.00000E+00  max= 1.14736E+04
IA=  1  H(single F0) min= 0.00000E+00  max= 1.74117E-02
IA=  1  H(F0^2)     min= 0.00000E+00  max= 1.74117E-02
HESSD: ia=   1  min= 0.00000E+00  max= 1.14736E+04
IA=  1  H(single F0) min= 0.00000E+00  max= 1.74117E-02
IA=  1  H(F0^2)     min= 0.00000E+00  max= 1.74117E-02
HESSD: ia=   1  min= 0.00000E+00  max= 1.14736E+04
IA=  1  H(single F0) min= 0.00000E+00  max= 1.74117E-02
IA=  1  H(F0^2)     min= 0.00000E+00  max= 1.74117E-02
HESSD: ia=   1  min= 0.00000E+00  max= 1.14736E+04
IA=  1  H(single F0) min= 0.00000E+00  max= 1.74117E-02
IA=  1  H(F0^2)     min= 0.00000E+00  max= 1.74117E-02
HESSD: ia=   1  min= 0.00000E+00  max= 1.14736E+04
Grad block   1 GRAD_SCALED MORM =   1.3572E-03
Raw grad block  1  PAR={rho}  min= -3.1867E-07  max=  2.0753E-07  L2=  1.7699E-06
Gradient finished
Start LBFGS 
LBFGS steepest step , iter=      1
  g·p = -1.0504E-03  ||p|| =  1.8772E+00
  min(p)= -1.0007E-01  max(p)=  1.3062E-01
LBFGS p_k (unscaled) stats per active parameter:
  IA=  1  PAR={rho}  min=-9.18569E+01  max= 1.19908E+02  L2= 1.72319E+03
min(p_k)= -1.0007E-01  max(p_k)=  1.3062E-01  ||p_k||=  1.8772E+00
min(p_kf)= -1.0007E-01  max(p_kf)=  1.3062E-01  ||p_kf||=  7.5088E+00
p_k/p_kf  =   2.5000E-01
Start linesearch
BT entry: phi(0)=  5.7382E-04  g·p(0)= -1.0504E-03
 UPDATEPARAMETER: f-scale only
UPDATEPARAMETER PAR_STEP min/max, V_STEP min/max =  1.9320354484E+03  2.5063973926E+03
  1.9320354484E+03  2.5063973926E+03
REL STEP elastic: k=  1 row=  1 rmax_k=  5.5689E-02 row_scale=  2.4984E+03
BT cap probe: rmax1=  5.5689E-02  alpha_cap=  1.0000E+00  alpha00=  1.0000E+00
 UPDATEPARAMETER: f-scale only
UPDATEPARAMETER PAR_STEP min/max, V_STEP min/max =  1.9320354484E+03  2.5063973926E+03
  1.9320354484E+03  2.5063973926E+03
 running run_ik_loop_pardiso
before CA | VmRSS=  17.410 GB  VmHWM=  87.641 GB
after CA | VmRSS=  18.675 GB  VmHWM=  87.641 GB
after factor | VmRSS=  22.727 GB  VmHWM=  87.641 GB
f=     3.950 Hz | ky=  0.588583E-03 | IK=       1/      55 | t=   18.314300 s | CA=  2.6445 | fact= 13.6467 | GF=  2.0230 | solve=  1.8603 | scatter=  0.0541
f=     3.950 Hz | ky=  0.117717E-02 | IK=       2/      55 | t=    7.237800 s | CA=  2.7415 | fact=  2.5832 | GF=  1.9130 | solve=  1.7842 | scatter=  0.0523
f=     3.950 Hz | ky=  0.176575E-02 | IK=       3/      55 | t=    7.163900 s | CA=  2.6734 | fact=  2.5771 | GF=  1.9134 | solve=  1.7842 | scatter=  0.0526
f=     3.950 Hz | ky=  0.235433E-02 | IK=       4/      55 | t=    7.241800 s | CA=  2.7465 | fact=  2.5805 | GF=  1.9148 | solve=  1.7859 | scatter=  0.0521
f=     3.950 Hz | ky=  0.294291E-02 | IK=       5/      55 | t=    7.188900 s | CA=  2.6885 | fact=  2.5871 | GF=  1.9133 | solve=  1.7839 | scatter=  0.0527
f=     3.950 Hz | ky=  0.353150E-02 | IK=       6/      55 | t=    7.216500 s | CA=  2.7114 | fact=  2.5950 | GF=  1.9101 | solve=  1.7815 | scatter=  0.0517
f=     3.950 Hz | ky=  0.412008E-02 | IK=       7/      55 | t=    7.191700 s | CA=  2.6935 | fact=  2.5847 | GF=  1.9135 | solve=  1.7814 | scatter=  0.0557
f=     3.950 Hz | ky=  0.470866E-02 | IK=       8/      55 | t=    7.174100 s | CA=  2.7050 | fact=  2.5543 | GF=  1.9148 | solve=  1.7849 | scatter=  0.0533
f=     3.950 Hz | ky=  0.529725E-02 | IK=       9/      55 | t=    7.159000 s | CA=  2.6731 | fact=  2.5725 | GF=  1.9133 | solve=  1.7845 | scatter=  0.0522
f=     3.950 Hz | ky=  0.588583E-02 | IK=      10/      55 | t=    7.188900 s | CA=  2.6789 | fact=  2.5961 | GF=  1.9138 | solve=  1.7818 | scatter=  0.0552
PARDISO mem (f=  3.95 Hz): sym=  2.09 GB  perm=  1.52 GB  num=  3.46 GB  
peak=  4.98 GB
 WD_amp= 6.23335E+13  RESID_RMS= 1.59941E-01  FCOST_DATA= 1.27906E-02  FCOST0= 1.27906E-02
BT: alpha=  1.0000E+00  phi=  1.2791E-02  rhs=  5.7371E-04
 UPDATEPARAMETER: f-scale only
UPDATEPARAMETER PAR_STEP min/max, V_STEP min/max =  1.9262656725E+03  2.4771497378E+03
  1.9262656725E+03  2.4771497378E+03
 running run_ik_loop_pardiso
before CA | VmRSS=  17.413 GB  VmHWM=  87.641 GB
after CA | VmRSS=  18.921 GB  VmHWM=  87.641 GB
after factor | VmRSS=  22.953 GB  VmHWM=  87.641 GB
f=     3.950 Hz | ky=  0.588583E-03 | IK=       1/      55 | t=   18.286200 s | CA=  2.6018 | fact= 13.6723 | GF=  2.0118 | solve=  1.8510 | scatter=  0.0521
f=     3.950 Hz | ky=  0.117717E-02 | IK=       2/      55 | t=    7.209800 s | CA=  2.7196 | fact=  2.5820 | GF=  1.9082 | solve=  1.7780 | scatter=  0.0540
f=     3.950 Hz | ky=  0.176575E-02 | IK=       3/      55 | t=    7.223700 s | CA=  2.7377 | fact=  2.5740 | GF=  1.9120 | solve=  1.7815 | scatter=  0.0541
f=     3.950 Hz | ky=  0.235433E-02 | IK=       4/      55 | t=    7.245100 s | CA=  2.7480 | fact=  2.5846 | GF=  1.9125 | solve=  1.7819 | scatter=  0.0542
f=     3.950 Hz | ky=  0.294291E-02 | IK=       5/      55 | t=    7.165200 s | CA=  2.6764 | fact=  2.5742 | GF=  1.9145 | solve=  1.7828 | scatter=  0.0551
f=     3.950 Hz | ky=  0.353150E-02 | IK=       6/      55 | t=    7.261000 s | CA=  2.7679 | fact=  2.5781 | GF=  1.9149 | solve=  1.7816 | scatter=  0.0568
f=     3.950 Hz | ky=  0.412008E-02 | IK=       7/      55 | t=    7.179300 s | CA=  2.6823 | fact=  2.5793 | GF=  1.9176 | solve=  1.7854 | scatter=  0.0559
f=     3.950 Hz | ky=  0.470866E-02 | IK=       8/      55 | t=    7.160700 s | CA=  2.6707 | fact=  2.5824 | GF=  1.9076 | solve=  1.7786 | scatter=  0.0525
f=     3.950 Hz | ky=  0.529725E-02 | IK=       9/      55 | t=    7.156000 s | CA=  2.6564 | fact=  2.5874 | GF=  1.9121 | solve=  1.7836 | scatter=  0.0520
f=     3.950 Hz | ky=  0.588583E-02 | IK=      10/      55 | t=    7.150400 s | CA=  2.6484 | fact=  2.5872 | GF=  1.9148 | solve=  1.7844 | scatter=  0.0539
PARDISO mem (f=  3.95 Hz): sym=  2.09 GB  perm=  1.52 GB  num=  3.46 GB  
peak=  4.98 GB
 WD_amp= 6.23335E+13  RESID_RMS= 8.21460E-02  FCOST_DATA= 3.37399E-03  FCOST0= 3.37399E-03
BT: alpha=  5.0000E-01  phi=  3.3740E-03  rhs=  5.7377E-04
 UPDATEPARAMETER: f-scale only
UPDATEPARAMETER PAR_STEP min/max, V_STEP min/max =  1.9233807845E+03  2.4859580423E+03
  1.9233807845E+03  2.4859580423E+03
 running run_ik_loop_pardiso
before CA | VmRSS=  17.557 GB  VmHWM=  87.641 GB
after CA | VmRSS=  18.659 GB  VmHWM=  87.641 GB
after factor | VmRSS=  22.708 GB  VmHWM=  87.641 GB
f=     3.950 Hz | ky=  0.588583E-03 | IK=       1/      55 | t=   18.283600 s | CA=  2.6044 | fact= 13.6636 | GF=  2.0154 | solve=  1.8540 | scatter=  0.0525
f=     3.950 Hz | ky=  0.117717E-02 | IK=       2/      55 | t=    7.224800 s | CA=  2.7302 | fact=  2.5702 | GF=  1.9244 | solve=  1.7846 | scatter=  0.0635
f=     3.950 Hz | ky=  0.176575E-02 | IK=       3/      55 | t=    7.117700 s | CA=  2.6239 | fact=  2.5800 | GF=  1.9138 | solve=  1.7834 | scatter=  0.0540
f=     3.950 Hz | ky=  0.235433E-02 | IK=       4/      55 | t=    7.192900 s | CA=  2.7065 | fact=  2.5740 | GF=  1.9124 | solve=  1.7809 | scatter=  0.0551
f=     3.950 Hz | ky=  0.294291E-02 | IK=       5/      55 | t=    7.110700 s | CA=  2.6597 | fact=  2.5355 | GF=  1.9154 | solve=  1.7844 | scatter=  0.0545
f=     3.950 Hz | ky=  0.353150E-02 | IK=       6/      55 | t=    7.139000 s | CA=  2.6857 | fact=  2.5413 | GF=  1.9120 | solve=  1.7825 | scatter=  0.0531
f=     3.950 Hz | ky=  0.412008E-02 | IK=       7/      55 | t=    7.146800 s | CA=  2.6576 | fact=  2.5736 | GF=  1.9156 | solve=  1.7842 | scatter=  0.0550
f=     3.950 Hz | ky=  0.470866E-02 | IK=       8/      55 | t=    7.161900 s | CA=  2.6780 | fact=  2.5750 | GF=  1.9089 | solve=  1.7788 | scatter=  0.0534
f=     3.950 Hz | ky=  0.529725E-02 | IK=       9/      55 | t=    7.130100 s | CA=  2.6447 | fact=  2.5737 | GF=  1.9116 | solve=  1.7812 | scatter=  0.0540
f=     3.950 Hz | ky=  0.588583E-02 | IK=      10/      55 | t=    7.138700 s | CA=  2.6760 | fact=  2.5467 | GF=  1.9160 | solve=  1.7843 | scatter=  0.0554
PARDISO mem (f=  3.95 Hz): sym=  2.09 GB  perm=  1.52 GB  num=  3.46 GB  
peak=  4.98 GB
 WD_amp= 6.23335E+13  RESID_RMS= 4.60347E-02  FCOST_DATA= 1.05960E-03  FCOST0= 1.05960E-03
BT: alpha=  2.5000E-01  phi=  1.0596E-03  rhs=  5.7379E-04
 UPDATEPARAMETER: f-scale only
UPDATEPARAMETER PAR_STEP min/max, V_STEP min/max =  1.9219383405E+03  2.4921548291E+03
  1.9219383405E+03  2.4921548291E+03
 running run_ik_loop_pardiso
before CA | VmRSS=  17.408 GB  VmHWM=  87.641 GB
after CA | VmRSS=  18.318 GB  VmHWM=  87.641 GB
after factor | VmRSS=  22.365 GB  VmHWM=  87.641 GB
f=     3.950 Hz | ky=  0.588583E-03 | IK=       1/      55 | t=   18.265900 s | CA=  2.5876 | fact= 13.6676 | GF=  2.0105 | solve=  1.8478 | scatter=  0.0541
f=     3.950 Hz | ky=  0.117717E-02 | IK=       2/      55 | t=    7.165100 s | CA=  2.6721 | fact=  2.5844 | GF=  1.9086 | solve=  1.7765 | scatter=  0.0559
f=     3.950 Hz | ky=  0.176575E-02 | IK=       3/      55 | t=    7.092700 s | CA=  2.6160 | fact=  2.5711 | GF=  1.9055 | solve=  1.7748 | scatter=  0.0539
f=     3.950 Hz | ky=  0.235433E-02 | IK=       4/      55 | t=    7.140000 s | CA=  2.6500 | fact=  2.5832 | GF=  1.9067 | solve=  1.7766 | scatter=  0.0538
f=     3.950 Hz | ky=  0.294291E-02 | IK=       5/      55 | t=    7.113600 s | CA=  2.6200 | fact=  2.5779 | GF=  1.9157 | solve=  1.7845 | scatter=  0.0544
f=     3.950 Hz | ky=  0.353150E-02 | IK=       6/      55 | t=    7.150100 s | CA=  2.7008 | fact=  2.5390 | GF=  1.9102 | solve=  1.7813 | scatter=  0.0525
f=     3.950 Hz | ky=  0.412008E-02 | IK=       7/      55 | t=    7.177800 s | CA=  2.6823 | fact=  2.5858 | GF=  1.9097 | solve=  1.7791 | scatter=  0.0544
f=     3.950 Hz | ky=  0.470866E-02 | IK=       8/      55 | t=    7.104900 s | CA=  2.6427 | fact=  2.5519 | GF=  1.9103 | solve=  1.7808 | scatter=  0.0530
f=     3.950 Hz | ky=  0.529725E-02 | IK=       9/      55 | t=    7.177100 s | CA=  2.6854 | fact=  2.5761 | GF=  1.9156 | solve=  1.7857 | scatter=  0.0535
f=     3.950 Hz | ky=  0.588583E-02 | IK=      10/      55 | t=    7.167100 s | CA=  2.6713 | fact=  2.5839 | GF=  1.9118 | solve=  1.7818 | scatter=  0.0535
PARDISO mem (f=  3.95 Hz): sym=  2.09 GB  perm=  1.52 GB  num=  3.46 GB  
peak=  4.98 GB
 WD_amp= 6.23335E+13  RESID_RMS= 3.41265E-02  FCOST_DATA= 5.82310E-04  FCOST0= 5.82310E-04
BT: alpha=  1.2500E-01  phi=  5.8231E-04  rhs=  5.7381E-04
 UPDATEPARAMETER: f-scale only
UPDATEPARAMETER PAR_STEP min/max, V_STEP min/max =  1.9212171185E+03  2.4952532225E+03
  1.9212171185E+03  2.4952532225E+03
 running run_ik_loop_pardiso
before CA | VmRSS=  17.414 GB  VmHWM=  87.641 GB
after CA | VmRSS=  18.924 GB  VmHWM=  87.641 GB
after factor | VmRSS=  22.971 GB  VmHWM=  87.641 GB
f=     3.950 Hz | ky=  0.588583E-03 | IK=       1/      55 | t=   18.331900 s | CA=  2.6395 | fact= 13.6724 | GF=  2.0198 | solve=  1.8574 | scatter=  0.0540
f=     3.950 Hz | ky=  0.117717E-02 | IK=       2/      55 | t=    7.184700 s | CA=  2.7059 | fact=  2.5711 | GF=  1.9076 | solve=  1.7765 | scatter=  0.0549
f=     3.950 Hz | ky=  0.176575E-02 | IK=       3/      55 | t=    7.103300 s | CA=  2.6686 | fact=  2.5245 | GF=  1.9101 | solve=  1.7796 | scatter=  0.0538
f=     3.950 Hz | ky=  0.235433E-02 | IK=       4/      55 | t=    7.059900 s | CA=  2.6276 | fact=  2.5307 | GF=  1.9016 | solve=  1.7711 | scatter=  0.0538
f=     3.950 Hz | ky=  0.294291E-02 | IK=       5/      55 | t=    7.151100 s | CA=  2.6704 | fact=  2.5749 | GF=  1.9057 | solve=  1.7764 | scatter=  0.0529
f=     3.950 Hz | ky=  0.353150E-02 | IK=       6/      55 | t=    7.112700 s | CA=  2.6645 | fact=  2.5399 | GF=  1.9083 | solve=  1.7769 | scatter=  0.0550
f=     3.950 Hz | ky=  0.412008E-02 | IK=       7/      55 | t=    7.135300 s | CA=  2.6586 | fact=  2.5694 | GF=  1.9073 | solve=  1.7778 | scatter=  0.0531
f=     3.950 Hz | ky=  0.470866E-02 | IK=       8/      55 | t=    7.153100 s | CA=  2.6539 | fact=  2.5857 | GF=  1.9135 | solve=  1.7835 | scatter=  0.0535
f=     3.950 Hz | ky=  0.529725E-02 | IK=       9/      55 | t=    7.154700 s | CA=  2.6708 | fact=  2.5800 | GF=  1.9039 | solve=  1.7751 | scatter=  0.0522
f=     3.950 Hz | ky=  0.588583E-02 | IK=      10/      55 | t=    7.156700 s | CA=  2.6768 | fact=  2.5759 | GF=  1.9040 | solve=  1.7747 | scatter=  0.0525
PARDISO mem (f=  3.95 Hz): sym=  2.09 GB  perm=  1.52 GB  num=  3.46 GB  
peak=  4.98 GB
 WD_amp= 6.23335E+13  RESID_RMS= 3.22227E-02  FCOST_DATA= 5.19151E-04  FCOST0= 5.19151E-04
BT: alpha=  6.2500E-02  phi=  5.1915E-04  rhs=  5.7381E-04
  
  
Convergence reached, updating parameter grid
ALPHA from line search =  .6250000000000000E-01
 FCOST0 after linesearch  5.191510075219941E-004
Norm of s (s_norm) =  .1173254209020895
  
  
  
  
Time for LBFGS =  10.24158325195313 min
  
 Frequency:           5 Iteration:           2
t_global   =    359.636 s
  
 -------------- calculate Frechet derivatives -----------
 IFREQ =           5    ITERATION =           2
||Frechet||_F=  2.6179E-12max|Frechet|=  2.5348E-17
||Frechet||_F=  2.6179E-12max|Frechet|=  2.5348E-17
 
TIME for Frechet calc =  2.817138417561849 min
 
 
  compute the residual and the cost function
 WD_amp= 6.23335E+13  RESID_RMS= 3.22227E-02  FCOST_DATA= 5.19151E-04  FCOST0= 5.19151E-04
||Frechet||_F=  2.6179E-12max|Frechet|=  2.5348E-17
||Frechet||_F=  2.6179E-12max|Frechet|=  2.5348E-17
||Frechet||_F=  2.6179E-12max|Frechet|=  2.5348E-17
||Frechet||_F=  2.6179E-12max|Frechet|=  2.5348E-17
Grad block   1 GRAD_SCALED MORM =   1.1156E-03
Raw grad block  1  PAR={rho}  min= -2.6140E-07  max=  2.2568E-07  L2=  1.5240E-06
Gradient finished
Start LBFGS 
curvature (warm): s·y=  7.1366E-05  ||s||^2=  1.3765E-02  ||y||^2=  1.1247E-06  sTy_min=  1.2443E-05
LBFGS step: g·p = -4.1057E-04  ||p||=  1.7622E+00
LBFGS step: min(p)= -1.3558E-01  max(p)=  1.5812E-01
LBFGS p_k (unscaled) stats per active parameter:
  IA=  1  PAR={rho}  min=-1.24458E+02  max= 1.45145E+02  L2= 1.61764E+03
min(p_k)= -1.3558E-01  max(p_k)=  1.5812E-01  ||p_k||=  1.7622E+00
min(p_kf)= -1.3558E-01  max(p_kf)=  1.5812E-01  ||p_kf||=  7.0489E+00
p_k/p_kf  =   2.5000E-01
Start linesearch
MT entry: phi(0)=  5.1915E-04  dg0= -4.1057E-04  alpha0=  1.0000E+00
 UPDATEPARAMETER: f-scale only
UPDATEPARAMETER PAR_STEP min/max, V_STEP min/max =  1.9414156617E+03  2.5051831851E+03
  1.9414156617E+03  2.5051831851E+03
 WD_amp= 6.23335E+13  RESID_RMS= 6.58076E-02  FCOST_DATA= 2.16532E-03  FCOST0= 2.16532E-03
  
 -------------- calculate Frechet derivatives -----------
 IFREQ =           5    ITERATION =           2
||Frechet||_F=  2.6177E-12max|Frechet|=  2.5830E-17
||Frechet||_F=  2.6177E-12max|Frechet|=  2.5830E-17
||Frechet||_F=  2.6177E-12max|Frechet|=  2.5830E-17
||Frechet||_F=  2.6177E-12max|Frechet|=  2.5830E-17
||Frechet||_F=  2.6177E-12max|Frechet|=  2.5830E-17
||Frechet||_F=  2.6177E-12max|Frechet|=  2.5830E-17
Grad block   1 GRAD_SCALED MORM =   4.1514E-03
MT try: alpha=  1.0000E+00  phi=  2.1653E-03  dg=  1.5509E-03  dg0= -4.1057E-04
MT try: armijo_rhs=  5.1911E-04  armijo=F  curvature=F  task=FG
 UPDATEPARAMETER: f-scale only
UPDATEPARAMETER PAR_STEP min/max, V_STEP min/max =  1.9222422174E+03  2.4917310255E+03
  1.9222422174E+03  2.4917310255E+03
 WD_amp= 6.23335E+13  RESID_RMS= 3.13003E-02  FCOST_DATA= 4.89855E-04  FCOST0= 4.89855E-04
  
 -------------- calculate Frechet derivatives -----------
 IFREQ =           5    ITERATION =           2
||Frechet||_F=  2.6180E-12max|Frechet|=  2.5373E-17
||Frechet||_F=  2.6180E-12max|Frechet|=  2.5373E-17
||Frechet||_F=  2.6180E-12max|Frechet|=  2.5373E-17
||Frechet||_F=  2.6180E-12max|Frechet|=  2.5373E-17
||Frechet||_F=  2.6180E-12max|Frechet|=  2.5373E-17
||Frechet||_F=  2.6180E-12max|Frechet|=  2.5373E-17
Grad block   1 GRAD_SCALED MORM =   1.0095E-03
MT try: alpha=  5.0751E-02  phi=  4.8985E-04  dg= -3.1094E-04  dg0= -4.1057E-04
MT try: armijo_rhs=  5.1915E-04  armijo=T  curvature=T  task=FG
Convergence reached, updating parameter grid
ALPHA from line search =  .5075112814367447E-01
 FCOST0 after linesearch  4.898549082309483E-004
Norm of s (s_norm) =  .8943462379172762E-01
  
  
  
Time for LBFGS =  17.49582722981771 min
  
  
  
  
 Frequency:           5 Iteration:           3
t_global   =    357.280 s
  
 -------------- calculate Frechet derivatives -----------
 IFREQ =           5    ITERATION =           3
||Frechet||_F=  2.6180E-12max|Frechet|=  2.5373E-17
 
TIME for Frechet calc =  2.951601664225260 min
 
 
  compute the residual and the cost function
 WD_amp= 6.23335E+13  RESID_RMS= 3.13003E-02  FCOST_DATA= 4.89855E-04  FCOST0= 4.89855E-04
||Frechet||_F=  2.6180E-12max|Frechet|=  2.5373E-17
||Frechet||_F=  2.6180E-12max|Frechet|=  2.5373E-17
||Frechet||_F=  2.6180E-12max|Frechet|=  2.5373E-17
||Frechet||_F=  2.6180E-12max|Frechet|=  2.5373E-17
||Frechet||_F=  2.6180E-12max|Frechet|=  2.5373E-17
Grad block   1 GRAD_SCALED MORM =   1.0095E-03
Gradient finished
Start LBFGS 
curvature (warm): s·y=  5.0563E-06  ||s||^2=  7.9986E-03  ||y||^2=  2.9723E-08  sTy_min=  1.5419E-06
LBFGS step: g·p = -4.6976E-04  ||p||=  2.5596E+00
LBFGS step: min(p)= -2.1209E-01  max(p)=  1.9196E-01
LBFGS p_k (unscaled) stats per active parameter:
  IA=  1  PAR={rho}  min=-1.94687E+02  max= 1.76210E+02  L2= 2.34964E+03
min(p_k)= -2.1209E-01  max(p_k)=  1.9196E-01  ||p_k||=  2.5596E+00
min(p_kf)= -2.1209E-01  max(p_kf)=  1.9196E-01  ||p_kf||=  1.0239E+01
p_k/p_kf  =   2.5000E-01
Start linesearch
MT entry: phi(0)=  4.8985E-04  dg0= -4.6976E-04  alpha0=  1.0000E+00
 UPDATEPARAMETER: f-scale only
UPDATEPARAMETER PAR_STEP min/max, V_STEP min/max =  1.9440372523E+03  2.5166988400E+03
  1.9440372523E+03  2.5166988400E+03
 WD_amp= 6.23335E+13  RESID_RMS= 8.75907E-02  FCOST_DATA= 3.83606E-03  FCOST0= 3.83606E-03
  
 -------------- calculate Frechet derivatives -----------
 IFREQ =           5    ITERATION =           3
||Frechet||_F=  2.6201E-12max|Frechet|=  2.5802E-17
||Frechet||_F=  2.6201E-12max|Frechet|=  2.5802E-17
||Frechet||_F=  2.6201E-12max|Frechet|=  2.5802E-17
||Frechet||_F=  2.6201E-12max|Frechet|=  2.5802E-17
||Frechet||_F=  2.6201E-12max|Frechet|=  2.5802E-17
||Frechet||_F=  2.6201E-12max|Frechet|=  2.5802E-17
Grad block   1 GRAD_SCALED MORM =   8.5565E-03
MT try: alpha=  1.0000E+00  phi=  3.8361E-03  dg=  3.1915E-03  dg0= -4.6976E-04
MT try: armijo_rhs=  4.8981E-04  armijo=F  curvature=F  task=FG
 UPDATEPARAMETER: f-scale only
UPDATEPARAMETER PAR_STEP min/max, V_STEP min/max =  1.9233582237E+03  2.4880496511E+03
  1.9233582237E+03  2.4880496511E+03
 WD_amp= 6.23335E+13  RESID_RMS= 3.08097E-02  FCOST_DATA= 4.74619E-04  FCOST0= 4.74619E-04
  
 -------------- calculate Frechet derivatives -----------
 IFREQ =           5    ITERATION =           3
||Frechet||_F=  2.6181E-12max|Frechet|=  2.5383E-17
||Frechet||_F=  2.6181E-12max|Frechet|=  2.5383E-17
||Frechet||_F=  2.6181E-12max|Frechet|=  2.5383E-17
||Frechet||_F=  2.6181E-12max|Frechet|=  2.5383E-17
||Frechet||_F=  2.6181E-12max|Frechet|=  2.5383E-17
||Frechet||_F=  2.6181E-12max|Frechet|=  2.5383E-17
Grad block   1 GRAD_SCALED MORM =   9.7967E-04
MT try: alpha=  3.0894E-02  phi=  4.7462E-04  dg= -3.5286E-04  dg0= -4.6976E-04
MT try: armijo_rhs=  4.8985E-04  armijo=T  curvature=T  task=FG
  
  
  
  
Convergence reached, updating parameter grid
ALPHA from line search =  .3089427272928564E-01
 FCOST0 after linesearch  4.746191036881616E-004
Norm of s (s_norm) =  .7907817930336607E-01
  
  
Convergence check at iteration    3
  Relative cost decrease  =  3.1103E-02
  Relative model update   =  0.0000E+00
  Relative grad. norm     =  5.2637E-01
Time for LBFGS =  17.60089925130208 min
  
 Frequency:           5 Iteration:           4
t_global   =    357.697 s
  
 -------------- calculate Frechet derivatives -----------
 IFREQ =           5    ITERATION =           4
||Frechet||_F=  2.6181E-12max|Frechet|=  2.5383E-17
||Frechet||_F=  2.6181E-12max|Frechet|=  2.5383E-17
 
TIME for Frechet calc =  2.938663228352865 min
 
 
  compute the residual and the cost function
 WD_amp= 6.23335E+13  RESID_RMS= 3.08097E-02  FCOST_DATA= 4.74619E-04  FCOST0= 4.74619E-04
||Frechet||_F=  2.6181E-12max|Frechet|=  2.5383E-17
||Frechet||_F=  2.6181E-12max|Frechet|=  2.5383E-17
||Frechet||_F=  2.6181E-12max|Frechet|=  2.5383E-17
||Frechet||_F=  2.6181E-12max|Frechet|=  2.5383E-17
Grad block   1 GRAD_SCALED MORM =   9.7967E-04
Gradient finished
Start LBFGS 
curvature (warm): s·y=  3.6114E-06  ||s||^2=  6.2534E-03  ||y||^2=  4.7863E-08  sTy_min=  1.7300E-06
LBFGS step: g·p = -5.4481E-04  ||p||=  3.5415E+00
LBFGS step: min(p)= -2.8211E-01  max(p)=  2.1030E-01
LBFGS p_k (unscaled) stats per active parameter:
  IA=  1  PAR={rho}  min=-2.58962E+02  max= 1.93045E+02  L2= 3.25091E+03
min(p_k)= -2.8211E-01  max(p_k)=  2.1030E-01  ||p_k||=  3.5415E+00
min(p_kf)= -2.8211E-01  max(p_kf)=  2.1030E-01  ||p_kf||=  1.4166E+01
p_k/p_kf  =   2.5000E-01
Start linesearch
MT entry: phi(0)=  4.7462E-04  dg0= -5.4481E-04  alpha0=  1.0000E+00
 UPDATEPARAMETER: f-scale only
UPDATEPARAMETER PAR_STEP min/max, V_STEP min/max =  1.9078942714E+03  2.5191914129E+03
  1.9078942714E+03  2.5191914129E+03
 WD_amp= 6.23335E+13  RESID_RMS= 1.11456E-01  FCOST_DATA= 6.21117E-03  FCOST0= 6.21117E-03
  
 -------------- calculate Frechet derivatives -----------
 IFREQ =           5    ITERATION =           4
||Frechet||_F=  2.6128E-12max|Frechet|=  2.5902E-17
||Frechet||_F=  2.6128E-12max|Frechet|=  2.5902E-17
||Frechet||_F=  2.6128E-12max|Frechet|=  2.5902E-17
||Frechet||_F=  2.6128E-12max|Frechet|=  2.5902E-17
||Frechet||_F=  2.6128E-12max|Frechet|=  2.5902E-17
||Frechet||_F=  2.6128E-12max|Frechet|=  2.5902E-17
Grad block   1 GRAD_SCALED MORM =   8.2395E-03
MT try: alpha=  1.0000E+00  phi=  6.2112E-03  dg=  3.9037E-03  dg0= -5.4481E-04
MT try: armijo_rhs=  4.7456E-04  armijo=F  curvature=F  task=FG
 UPDATEPARAMETER: f-scale only
UPDATEPARAMETER PAR_STEP min/max, V_STEP min/max =  1.9244221471E+03  2.4850440456E+03
  1.9244221471E+03  2.4850440456E+03
 WD_amp= 6.23335E+13  RESID_RMS= 3.03484E-02  FCOST_DATA= 4.60513E-04  FCOST0= 4.60513E-04
  
 -------------- calculate Frechet derivatives -----------
 IFREQ =           5    ITERATION =           4
||Frechet||_F=  2.6180E-12max|Frechet|=  2.5392E-17
||Frechet||_F=  2.6180E-12max|Frechet|=  2.5392E-17
||Frechet||_F=  2.6180E-12max|Frechet|=  2.5392E-17
||Frechet||_F=  2.6180E-12max|Frechet|=  2.5392E-17
||Frechet||_F=  2.6180E-12max|Frechet|=  2.5392E-17
||Frechet||_F=  2.6180E-12max|Frechet|=  2.5392E-17
Grad block   1 GRAD_SCALED MORM =   9.4542E-04
MT try: alpha=  1.9236E-02  phi=  4.6051E-04  dg= -4.4218E-04  dg0= -5.4481E-04
MT try: armijo_rhs=  4.7462E-04  armijo=T  curvature=T  task=FG
  
Convergence reached, updating parameter grid
ALPHA from line search =  .1923584577488613E-01
 FCOST0 after linesearch  4.605129077559952E-004
Norm of s (s_norm) =  .6812297520758932E-01
  
  
  
  
  
Convergence check at iteration    4
  Relative cost decrease  =  2.9721E-02
  Relative model update   =  0.0000E+00
  Relative grad. norm     =  5.0069E-01
Time for LBFGS =  17.47289835611979 min
  
 Frequency:           5 Iteration:           5
t_global   =    357.708 s
  
 -------------- calculate Frechet derivatives -----------
 IFREQ =           5    ITERATION =           5
||Frechet||_F=  2.6180E-12max|Frechet|=  2.5392E-17
||Frechet||_F=  2.6180E-12max|Frechet|=  2.5392E-17
||Frechet||_F=  2.6180E-12max|Frechet|=  2.5392E-17
||Frechet||_F=  2.6180E-12max|Frechet|=  2.5392E-17
||Frechet||_F=  2.6180E-12max|Frechet|=  2.5392E-17
||Frechet||_F=  2.6180E-12max|Frechet|=  2.5392E-17
 
TIME for Frechet calc =  2.774951680501302 min
 
 
  compute the residual and the cost function
 WD_amp= 6.23335E+13  RESID_RMS= 3.03484E-02  FCOST_DATA= 4.60513E-04  FCOST0= 4.60513E-04
Grad block   1 GRAD_SCALED MORM =   9.4542E-04
Gradient finished
Start LBFGS 
curvature (warm): s·y=  1.9742E-06  ||s||^2=  4.6407E-03  ||y||^2=  1.9320E-08  sTy_min=  9.4688E-07
LBFGS step: g·p = -6.2322E-04  ||p||=  4.4473E+00
LBFGS step: min(p)= -3.0130E-01  max(p)=  2.7745E-01
LBFGS p_k (unscaled) stats per active parameter:
  IA=  1  PAR={rho}  min=-2.76577E+02  max= 2.54684E+02  L2= 4.08245E+03
min(p_k)= -3.0130E-01  max(p_k)=  2.7745E-01  ||p_k||=  4.4473E+00
min(p_kf)= -3.0130E-01  max(p_kf)=  2.7745E-01  ||p_kf||=  1.7789E+01
p_k/p_kf  =   2.5000E-01
Start linesearch
MT entry: phi(0)=  4.6051E-04  dg0= -6.2322E-04  alpha0=  1.0000E+00
 UPDATEPARAMETER: f-scale only
UPDATEPARAMETER PAR_STEP min/max, V_STEP min/max =  1.8574109708E+03  2.5549249719E+03
  1.8574109708E+03  2.5549249719E+03
 WD_amp= 6.23335E+13  RESID_RMS= 1.27132E-01  FCOST_DATA= 8.08128E-03  FCOST0= 8.08128E-03
  
 -------------- calculate Frechet derivatives -----------
 IFREQ =           5    ITERATION =           5
||Frechet||_F=  2.6121E-12max|Frechet|=  2.5885E-17
||Frechet||_F=  2.6121E-12max|Frechet|=  2.5885E-17
||Frechet||_F=  2.6121E-12max|Frechet|=  2.5885E-17
||Frechet||_F=  2.6121E-12max|Frechet|=  2.5885E-17
||Frechet||_F=  2.6121E-12max|Frechet|=  2.5885E-17
||Frechet||_F=  2.6121E-12max|Frechet|=  2.5885E-17
Grad block   1 GRAD_SCALED MORM =   1.0106E-02
MT try: alpha=  1.0000E+00  phi=  8.0813E-03  dg=  5.9573E-03  dg0= -6.2322E-04
MT try: armijo_rhs=  4.6045E-04  armijo=F  curvature=F  task=FG
 UPDATEPARAMETER: f-scale only
UPDATEPARAMETER PAR_STEP min/max, V_STEP min/max =  1.9256684945E+03  2.4822141580E+03
  1.9256684945E+03  2.4822141580E+03
 WD_amp= 6.23335E+13  RESID_RMS= 2.98608E-02  FCOST_DATA= 4.45833E-04  FCOST0= 4.45833E-04
  
 -------------- calculate Frechet derivatives -----------
 IFREQ =           5    ITERATION =           5
||Frechet||_F=  2.6179E-12max|Frechet|=  2.5398E-17
||Frechet||_F=  2.6179E-12max|Frechet|=  2.5398E-17
||Frechet||_F=  2.6179E-12max|Frechet|=  2.5398E-17
||Frechet||_F=  2.6179E-12max|Frechet|=  2.5398E-17
||Frechet||_F=  2.6179E-12max|Frechet|=  2.5398E-17
||Frechet||_F=  2.6179E-12max|Frechet|=  2.5398E-17
Grad block   1 GRAD_SCALED MORM =   9.2171E-04
MT try: alpha=  1.7416E-02  phi=  4.4583E-04  dg= -5.0323E-04  dg0= -6.2322E-04
MT try: armijo_rhs=  4.6051E-04  armijo=T  curvature=T  task=FG
Convergence reached, updating parameter grid
ALPHA from line search =  .1741550666503371E-01
 FCOST0 after linesearch  4.458327516831858E-004
Norm of s (s_norm) =  .7745240406241571E-01
  
  
  
  
  
  
Convergence check at iteration    5
  Relative cost decrease  =  3.1878E-02
  Relative model update   =  0.0000E+00
  Relative grad. norm     =  4.9281E-01
Time for LBFGS =  17.74852498372396 min
  
 Frequency:           5 Iteration:           6
t_global   =    356.319 s
  
 -------------- calculate Frechet derivatives -----------
 IFREQ =           5    ITERATION =           6
||Frechet||_F=  2.6179E-12max|Frechet|=  2.5398E-17
||Frechet||_F=  2.6179E-12max|Frechet|=  2.5398E-17
||Frechet||_F=  2.6179E-12max|Frechet|=  2.5398E-17
 
TIME for Frechet calc =  2.819005076090495 min
 
 
  compute the residual and the cost function
 WD_amp= 6.23335E+13  RESID_RMS= 2.98608E-02  FCOST_DATA= 4.45833E-04  FCOST0= 4.45833E-04
||Frechet||_F=  2.6179E-12max|Frechet|=  2.5398E-17
||Frechet||_F=  2.6179E-12max|Frechet|=  2.5398E-17
||Frechet||_F=  2.6179E-12max|Frechet|=  2.5398E-17
Grad block   1 GRAD_SCALED MORM =   9.2171E-04
Gradient finished
Start LBFGS 
curvature (warm): s·y=  2.0897E-06  ||s||^2=  5.9989E-03  ||y||^2=  2.2045E-08  sTy_min=  1.1500E-06
LBFGS step: g·p = -4.9089E-04  ||p||=  3.9188E+00
LBFGS step: min(p)= -2.2475E-01  max(p)=  2.4636E-01
LBFGS p_k (unscaled) stats per active parameter:
  IA=  1  PAR={rho}  min=-2.06308E+02  max= 2.26147E+02  L2= 3.59732E+03
min(p_k)= -2.2475E-01  max(p_k)=  2.4636E-01  ||p_k||=  3.9188E+00
min(p_kf)= -2.2475E-01  max(p_kf)=  2.4636E-01  ||p_kf||=  1.5675E+01
p_k/p_kf  =   2.5000E-01
Start linesearch
MT entry: phi(0)=  4.4583E-04  dg0= -4.9089E-04  alpha0=  1.0000E+00
 UPDATEPARAMETER: f-scale only
UPDATEPARAMETER PAR_STEP min/max, V_STEP min/max =  1.8518920525E+03  2.5732869085E+03
  1.8518920525E+03  2.5732869085E+03
 WD_amp= 6.23335E+13  RESID_RMS= 8.07828E-02  FCOST_DATA= 3.26293E-03  FCOST0= 3.26293E-03
  
 -------------- calculate Frechet derivatives -----------
 IFREQ =           5    ITERATION =           6
||Frechet||_F=  2.6218E-12max|Frechet|=  2.5882E-17
||Frechet||_F=  2.6218E-12max|Frechet|=  2.5882E-17
||Frechet||_F=  2.6218E-12max|Frechet|=  2.5882E-17
||Frechet||_F=  2.6218E-12max|Frechet|=  2.5882E-17
||Frechet||_F=  2.6218E-12max|Frechet|=  2.5882E-17
||Frechet||_F=  2.6218E-12max|Frechet|=  2.5882E-17
Grad block   1 GRAD_SCALED MORM =   3.3461E-03
MT try: alpha=  1.0000E+00  phi=  3.2629E-03  dg=  1.0052E-03  dg0= -4.9089E-04
MT try: armijo_rhs=  4.4578E-04  armijo=F  curvature=F  task=FG
 UPDATEPARAMETER: f-scale only
UPDATEPARAMETER PAR_STEP min/max, V_STEP min/max =  1.9274861915E+03  2.4794123110E+03
  1.9274861915E+03  2.4794123110E+03
 WD_amp= 6.23335E+13  RESID_RMS= 2.95116E-02  FCOST_DATA= 4.35467E-04  FCOST0= 4.35467E-04
  
 -------------- calculate Frechet derivatives -----------
 IFREQ =           5    ITERATION =           6
||Frechet||_F=  2.6180E-12max|Frechet|=  2.5409E-17
||Frechet||_F=  2.6180E-12max|Frechet|=  2.5409E-17
||Frechet||_F=  2.6180E-12max|Frechet|=  2.5409E-17
||Frechet||_F=  2.6180E-12max|Frechet|=  2.5409E-17
||Frechet||_F=  2.6180E-12max|Frechet|=  2.5409E-17
||Frechet||_F=  2.6180E-12max|Frechet|=  2.5409E-17
Grad block   1 GRAD_SCALED MORM =   8.7785E-04
MT try: alpha=  2.9940E-02  phi=  4.3547E-04  dg= -4.4562E-04  dg0= -4.9089E-04
MT try: armijo_rhs=  4.4583E-04  armijo=T  curvature=F  task=FG
 UPDATEPARAMETER: f-scale only
UPDATEPARAMETER PAR_STEP min/max, V_STEP min/max =  1.9336004114E+03  2.5137251485E+03
  1.9336004114E+03  2.5137251485E+03
 WD_amp= 6.23335E+13  RESID_RMS= 4.67350E-02  FCOST_DATA= 1.09208E-03  FCOST0= 1.09208E-03
  
 -------------- calculate Frechet derivatives -----------
 IFREQ =           5    ITERATION =           6
||Frechet||_F=  2.6199E-12max|Frechet|=  2.5614E-17
||Frechet||_F=  2.6199E-12max|Frechet|=  2.5614E-17
||Frechet||_F=  2.6199E-12max|Frechet|=  2.5614E-17
||Frechet||_F=  2.6199E-12max|Frechet|=  2.5614E-17
||Frechet||_F=  2.6199E-12max|Frechet|=  2.5614E-17
||Frechet||_F=  2.6199E-12max|Frechet|=  2.5614E-17
Grad block   1 GRAD_SCALED MORM =   1.7138E-03
MT try: alpha=  5.1497E-01  phi=  1.0921E-03  dg=  2.8745E-04  dg0= -4.9089E-04
MT try: armijo_rhs=  4.4581E-04  armijo=F  curvature=T  task=FG
 UPDATEPARAMETER: f-scale only
UPDATEPARAMETER PAR_STEP min/max, V_STEP min/max =  1.9289606353E+03  2.4771395636E+03
  1.9289606353E+03  2.4771395636E+03
 WD_amp= 6.23335E+13  RESID_RMS= 2.93746E-02  FCOST_DATA= 4.31433E-04  FCOST0= 4.31433E-04
  
 -------------- calculate Frechet derivatives -----------
 IFREQ =           5    ITERATION =           6
||Frechet||_F=  2.6181E-12max|Frechet|=  2.5417E-17
||Frechet||_F=  2.6181E-12max|Frechet|=  2.5417E-17
||Frechet||_F=  2.6181E-12max|Frechet|=  2.5417E-17
||Frechet||_F=  2.6181E-12max|Frechet|=  2.5417E-17
||Frechet||_F=  2.6181E-12max|Frechet|=  2.5417E-17
||Frechet||_F=  2.6181E-12max|Frechet|=  2.5417E-17
Grad block   1 GRAD_SCALED MORM =   8.5149E-04
MT try: alpha=  5.4226E-02  phi=  4.3143E-04  dg= -4.0886E-04  dg0= -4.9089E-04
MT try: armijo_rhs=  4.4583E-04  armijo=T  curvature=T  task=FG
Convergence reached, updating parameter grid
ALPHA from line search =  .5422613956616344E-01
 FCOST0 after linesearch  4.314328761651365E-004
Norm of s (s_norm) =  .2125031792608072
  
  
  
  
  
Convergence check at iteration    6
  Relative cost decrease  =  3.2299E-02
  Relative model update   =  0.0000E+00
  Relative grad. norm     =  4.1233E-01
Time for LBFGS =  34.88791910807291 min
  
  
 Frequency:           5 Iteration:           7
t_global   =    359.662 s
  
 -------------- calculate Frechet derivatives -----------
 IFREQ =           5    ITERATION =           7
||Frechet||_F=  2.6181E-12max|Frechet|=  2.5417E-17
 
TIME for Frechet calc =  2.882858276367188 min
 
 
  compute the residual and the cost function
 WD_amp= 6.23335E+13  RESID_RMS= 2.93746E-02  FCOST_DATA= 4.31433E-04  FCOST0= 4.31433E-04
||Frechet||_F=  2.6181E-12max|Frechet|=  2.5417E-17
||Frechet||_F=  2.6181E-12max|Frechet|=  2.5417E-17
||Frechet||_F=  2.6181E-12max|Frechet|=  2.5417E-17
||Frechet||_F=  2.6181E-12max|Frechet|=  2.5417E-17
||Frechet||_F=  2.6181E-12max|Frechet|=  2.5417E-17
Grad block   1 GRAD_SCALED MORM =   8.5149E-04
Gradient finished
Start LBFGS 
curvature (full): s·y=  4.4482E-06  ||s||^2=  4.5158E-02  ||y||^2=  1.4866E-08  sTy_min=  2.5910E-06
 
LBFGS step(full): g·p = -4.7719E-04  ||p||=  3.8550E+00
LBFGS step(full): min(p)= -2.4249E-01  max(p)=  2.0283E-01
LBFGS p_k (unscaled) stats per active parameter:
  IA=  1  PAR={rho}  min=-2.22599E+02  max= 1.86189E+02  L2= 3.53874E+03
min(p_k)= -2.4249E-01  max(p_k)=  2.0283E-01  ||p_k||=  3.8550E+00
min(p_kf)= -2.4249E-01  max(p_kf)=  2.0283E-01  ||p_kf||=  1.5420E+01
p_k/p_kf  =   2.5000E-01
Start linesearch
MT entry: phi(0)=  4.3143E-04  dg0= -4.7719E-04  alpha0=  1.0000E+00
 UPDATEPARAMETER: f-scale only
UPDATEPARAMETER PAR_STEP min/max, V_STEP min/max =  1.8290230695E+03  2.5593321410E+03
  1.8290230695E+03  2.5593321410E+03
 WD_amp= 6.23335E+13  RESID_RMS= 9.77387E-02  FCOST_DATA= 4.77642E-03  FCOST0= 4.77642E-03
  
 -------------- calculate Frechet derivatives -----------
 IFREQ =           5    ITERATION =           7
||Frechet||_F=  2.6149E-12max|Frechet|=  2.5003E-17
||Frechet||_F=  2.6149E-12max|Frechet|=  2.5003E-17
||Frechet||_F=  2.6149E-12max|Frechet|=  2.5003E-17
||Frechet||_F=  2.6149E-12max|Frechet|=  2.5003E-17
||Frechet||_F=  2.6149E-12max|Frechet|=  2.5003E-17
||Frechet||_F=  2.6149E-12max|Frechet|=  2.5003E-17
Grad block   1 GRAD_SCALED MORM =   8.6410E-03
MT try: alpha=  1.0000E+00  phi=  4.7764E-03  dg=  2.5596E-03  dg0= -4.7719E-04
MT try: armijo_rhs=  4.3139E-04  armijo=F  curvature=F  task=FG
 UPDATEPARAMETER: f-scale only
UPDATEPARAMETER PAR_STEP min/max, V_STEP min/max =  1.9301876679E+03  2.4756764321E+03
  1.9301876679E+03  2.4756764321E+03
 WD_amp= 6.23335E+13  RESID_RMS= 2.93239E-02  FCOST_DATA= 4.29944E-04  FCOST0= 4.29944E-04
  
 -------------- calculate Frechet derivatives -----------
 IFREQ =           5    ITERATION =           7
||Frechet||_F=  2.6181E-12max|Frechet|=  2.5407E-17
||Frechet||_F=  2.6181E-12max|Frechet|=  2.5407E-17
||Frechet||_F=  2.6181E-12max|Frechet|=  2.5407E-17
||Frechet||_F=  2.6181E-12max|Frechet|=  2.5407E-17
||Frechet||_F=  2.6181E-12max|Frechet|=  2.5407E-17
||Frechet||_F=  2.6181E-12max|Frechet|=  2.5407E-17
Grad block   1 GRAD_SCALED MORM =   7.8974E-04
MT try: alpha=  2.1267E-02  phi=  4.2994E-04  dg= -4.1304E-04  dg0= -4.7719E-04
MT try: armijo_rhs=  4.3143E-04  armijo=T  curvature=T  task=FG
  
Convergence reached, updating parameter grid
ALPHA from line search =  .2126705157527918E-01
 FCOST0 after linesearch  4.299440918246604E-004
Norm of s (s_norm) =  .8198477806418510E-01
  
  
  
  
  
Convergence check at iteration    7
  Relative cost decrease  =  3.4508E-03
  Relative model update   =  0.0000E+00
  Relative grad. norm     =  2.7923E-01
Time for LBFGS =  17.56494547526042 min
 --------- Frequency   4.35000000000000       (band            1 )
[ComputeAcqWeight] empty acq_weight_file, using uniform weights = 1.0
Data weighting computed for frequency 4607182418800017373
XSRmin, XSRmax, ZSRmin, ZSRMax -1960.000000000000 .000000000000000 2203.000000000000 4183.000000000000
1 FKYC
1.2 FKYC
my_rank, FKYC,WLMAX, RMAX 0 .3565024706899721E-01 1177.650297665005 2786.036611389018
1.1 NK
NK in cky2= 55

  Number of wavenumber samples (NK) for FREQ =   55
Data weighting computed for frequency 4607182418800017373
Data weighting computed for frequency 4607182418800017373
Data weighting computed for frequency 4607182418800017373
Data weighting computed for frequency 4607182418800017373
Data weighting computed for frequency 4607182418800017373
  RMAX = 2786.04
--- Pre-solver preview (memory + RHS workload) ---
   GQG dims: NNX=       609  NNZ=       329  NPT=    200361
   DOF:     N=3*NPT =    601083
   Sources: NSR=       100  NSS=        20  NK=        55
   RHS total (per IK): nrhs_tot=3*NSS =        60
   Batch:    MAX_RHS_BATCH=        32  nbatches=         2
   GFMY  (GFX+GFY+GFZ):         14.779 GB
   RHS_MY(rhs+sol buffers):      0.573 GB
 
 running run_ik_loop_pardiso
before CA | VmRSS=  16.538 GB  VmHWM=  87.641 GB
after CA | VmRSS=  18.003 GB  VmHWM=  87.641 GB
after factor | VmRSS=  22.042 GB  VmHWM=  87.641 GB
f=     4.350 Hz | ky=  0.648186E-03 | IK=       1/      55 | t=   18.309400 s | CA=  2.6113 | fact= 13.6804 | GF=  2.0175 | solve=  1.8536 | scatter=  0.0554
f=     4.350 Hz | ky=  0.129637E-02 | IK=       2/      55 | t=    7.177400 s | CA=  2.6687 | fact=  2.5918 | GF=  1.9169 | solve=  1.7871 | scatter=  0.0532
f=     4.350 Hz | ky=  0.194456E-02 | IK=       3/      55 | t=    7.150100 s | CA=  2.6462 | fact=  2.5917 | GF=  1.9122 | solve=  1.7802 | scatter=  0.0553
f=     4.350 Hz | ky=  0.259275E-02 | IK=       4/      55 | t=    7.183700 s | CA=  2.6945 | fact=  2.5736 | GF=  1.9156 | solve=  1.7834 | scatter=  0.0556
f=     4.350 Hz | ky=  0.324093E-02 | IK=       5/      55 | t=    7.156300 s | CA=  2.6563 | fact=  2.5879 | GF=  1.9121 | solve=  1.7793 | scatter=  0.0560
f=     4.350 Hz | ky=  0.388912E-02 | IK=       6/      55 | t=    7.114200 s | CA=  2.6606 | fact=  2.5378 | GF=  1.9157 | solve=  1.7843 | scatter=  0.0545
f=     4.350 Hz | ky=  0.453730E-02 | IK=       7/      55 | t=    7.138200 s | CA=  2.6692 | fact=  2.5520 | GF=  1.9169 | solve=  1.7844 | scatter=  0.0560
f=     4.350 Hz | ky=  0.518549E-02 | IK=       8/      55 | t=    7.211800 s | CA=  2.7105 | fact=  2.5857 | GF=  1.9155 | solve=  1.7849 | scatter=  0.0541
f=     4.350 Hz | ky=  0.583368E-02 | IK=       9/      55 | t=    7.117600 s | CA=  2.6514 | fact=  2.5462 | GF=  1.9200 | solve=  1.7871 | scatter=  0.0560
f=     4.350 Hz | ky=  0.648186E-02 | IK=      10/      55 | t=    7.204800 s | CA=  2.7096 | fact=  2.5822 | GF=  1.9130 | solve=  1.7809 | scatter=  0.0556
PARDISO mem (f=  4.35 Hz): sym=  2.09 GB  perm=  1.52 GB  num=  3.46 GB  
peak=  4.98 GB
t_global   =    124.573 s
TIME for 1st forward modeling =  2.075995000203450  min
TIME for GT0 =  .5198333164056142E-02  min
Data scaler W for L2 norm: 62488931148363.41
Data scaler W for WQS norm: .1007948000807317E-312
Total number of active inversion parameters for current sequential stage (IM):          1
Total model blocks points (NM = IM * NBLOCK):      12464 on grid (NMM = IM * NPT):    200361
 Gradient balance ():   1.00000000000000        1.00000000000000     
   1.00000000000000        1.00000000000000        1.00000000000000     
   1.00000000000000        1.00000000000000        1.00000000000000     
   1.00000000000000        1.00000000000000        1.00000000000000     
 IE0, IZ          33           0
 IE0, IZ, GZ1, GZ2 =           33           0   100.000000000000     
   300.000000000000     
  
 Frequency:           6 Iteration:           1
--- Pre-solver preview (memory + RHS workload) ---
   GQG dims: NNX=       609  NNZ=       329  NPT=    200361
   DOF:     N=3*NPT =    601083
   Sources: NSR=       100  NSS=       100  NK=        55
   RHS total (per IK): nrhs_tot=3*NSS =       300
   Batch:    MAX_RHS_BATCH=        32  nbatches=        10
   GFMY  (GFX+GFY+GFZ):         73.894 GB
   RHS_MY(rhs+sol buffers):      0.573 GB
 
 running run_ik_loop_pardiso
before CA | VmRSS=  76.512 GB  VmHWM=  87.641 GB
after CA | VmRSS=  78.144 GB  VmHWM=  87.641 GB
after factor | VmRSS=  82.185 GB  VmHWM=  87.641 GB
f=     4.350 Hz | ky=  0.648186E-03 | IK=       1/      55 | t=   25.754900 s | CA=  2.6306 | fact= 13.6734 | GF=  9.4507 | solve=  8.7531 | scatter=  0.2736
f=     4.350 Hz | ky=  0.129637E-02 | IK=       2/      55 | t=   14.613100 s | CA=  2.6894 | fact=  2.5796 | GF=  9.3441 | solve=  8.6811 | scatter=  0.2721
f=     4.350 Hz | ky=  0.194456E-02 | IK=       3/      55 | t=   14.568500 s | CA=  2.6411 | fact=  2.5580 | GF=  9.3694 | solve=  8.7062 | scatter=  0.2724
f=     4.350 Hz | ky=  0.259275E-02 | IK=       4/      55 | t=   14.555400 s | CA=  2.6189 | fact=  2.5701 | GF=  9.3664 | solve=  8.7023 | scatter=  0.2731
f=     4.350 Hz | ky=  0.324093E-02 | IK=       5/      55 | t=   14.610300 s | CA=  2.6794 | fact=  2.5348 | GF=  9.3960 | solve=  8.7294 | scatter=  0.2747
f=     4.350 Hz | ky=  0.388912E-02 | IK=       6/      55 | t=   14.627300 s | CA=  2.7462 | fact=  2.5341 | GF=  9.3470 | solve=  8.6823 | scatter=  0.2728
f=     4.350 Hz | ky=  0.453730E-02 | IK=       7/      55 | t=   14.576200 s | CA=  2.6193 | fact=  2.5863 | GF=  9.3705 | solve=  8.7054 | scatter=  0.2724
f=     4.350 Hz | ky=  0.518549E-02 | IK=       8/      55 | t=   14.627800 s | CA=  2.6854 | fact=  2.5842 | GF=  9.3581 | solve=  8.6938 | scatter=  0.2728
f=     4.350 Hz | ky=  0.583368E-02 | IK=       9/      55 | t=   14.546400 s | CA=  2.6158 | fact=  2.5511 | GF=  9.3794 | solve=  8.7149 | scatter=  0.2729
f=     4.350 Hz | ky=  0.648186E-02 | IK=      10/      55 | t=   14.641100 s | CA=  2.6837 | fact=  2.5945 | GF=  9.3629 | solve=  8.6968 | scatter=  0.2745
PARDISO mem (f=  4.35 Hz): sym=  2.09 GB  perm=  1.52 GB  num=  3.46 GB  
peak=  4.98 GB
t_global   =    357.719 s
TIME for 2d forward modeling_i calc =  5.961038208007812 min
Rank    2 -> ID range:   1601 to   2400 | Tasks:    800
Rank    1 -> ID range:    801 to   1600 | Tasks:    800
Rank    4 -> ID range:   3201 to   4000 | Tasks:    800
Rank    5 -> ID range:   4001 to   4800 | Tasks:    800
Rank    3 -> ID range:   2401 to   3200 | Tasks:    800
  
 -------------- calculate Frechet derivatives -----------
 IFREQ =           6    ITERATION =           1
Frechet memory size Frec_my:      0.891 (Gb)
Rank    0 -> ID range:      1 to    800 | Tasks:    800
FREQ:      4.3 Hz, ITER=       1  Frechet Derivative ID=     100/    4800 Finished   0.186000 s
FREQ:      4.3 Hz, ITER=       1  Frechet Derivative ID=     200/    4800 Finished   0.184900 s
FREQ:      4.3 Hz, ITER=       1  Frechet Derivative ID=     300/    4800 Finished   0.187900 s
FREQ:      4.3 Hz, ITER=       1  Frechet Derivative ID=     400/    4800 Finished   0.172600 s
FREQ:      4.3 Hz, ITER=       1  Frechet Derivative ID=     500/    4800 Finished   0.190800 s
FREQ:      4.3 Hz, ITER=       1  Frechet Derivative ID=     600/    4800 Finished   0.187400 s
FREQ:      4.3 Hz, ITER=       1  Frechet Derivative ID=     700/    4800 Finished   0.192500 s
FREQ:      4.3 Hz, ITER=       1  Frechet Derivative ID=     800/    4800 Finished   0.226900 s
||Frechet||_F=  2.7931E-12max|Frechet|=  2.9901E-17
 
TIME for Frechet calc =  2.796756744384766 min
 
m_fine: min=  1.9302E+03  max=  2.4757E+03  mean=  2.2207E+03  ||.||2=  9.9563E+05  size=  200361
m_coarse_prev: min=  1.9396E+03  max=  2.4667E+03  mean=  2.2209E+03  ||.||2=  2.4835E+05  size=   12464
 
  compute the residual and the cost function
 WD_amp= 6.24889E+13  RESID_RMS= 3.52601E-02  FCOST_DATA= 6.21639E-04  FCOST0= 6.21639E-04
||Frechet||_F=  2.7931E-12max|Frechet|=  2.9901E-17
||Frechet||_F=  2.7931E-12max|Frechet|=  2.9901E-17
||Frechet||_F=  2.7931E-12max|Frechet|=  2.9901E-17
||Frechet||_F=  2.7931E-12max|Frechet|=  2.9901E-17
||Frechet||_F=  2.7931E-12max|Frechet|=  2.9901E-17
IA=  1  H(single F0) min= 0.00000E+00  max= 2.13771E-02
IA=  1  H(F0^2)     min= 0.00000E+00  max= 2.13771E-02
HESSD: ia=   1  min= 0.00000E+00  max= 9.34557E+03
IA=  1  H(single F0) min= 0.00000E+00  max= 2.13771E-02
IA=  1  H(F0^2)     min= 0.00000E+00  max= 2.13771E-02
HESSD: ia=   1  min= 0.00000E+00  max= 9.34557E+03
IA=  1  H(single F0) min= 0.00000E+00  max= 2.13771E-02
IA=  1  H(F0^2)     min= 0.00000E+00  max= 2.13771E-02
HESSD: ia=   1  min= 0.00000E+00  max= 9.34557E+03
IA=  1  H(single F0) min= 0.00000E+00  max= 2.13771E-02
IA=  1  H(F0^2)     min= 0.00000E+00  max= 2.13771E-02
HESSD: ia=   1  min= 0.00000E+00  max= 9.34557E+03
IA=  1  H(single F0) min= 0.00000E+00  max= 2.13771E-02
IA=  1  H(F0^2)     min= 0.00000E+00  max= 2.13771E-02
HESSD: ia=   1  min= 0.00000E+00  max= 9.34557E+03
IA=  1  H(single F0) min= 0.00000E+00  max= 2.13771E-02
IA=  1  H(F0^2)     min= 0.00000E+00  max= 2.13771E-02
HESSD: ia=   1  min= 0.00000E+00  max= 9.34557E+03
Grad block   1 GRAD_SCALED MORM =   1.2092E-03
Raw grad block  1  PAR={rho}  min= -3.3249E-07  max=  3.8935E-07  L2=  1.7075E-06
Gradient finished
Start LBFGS 
LBFGS steepest step , iter=      1
  g·p = -3.0748E-04  ||p|| =  1.0755E+00
  min(p)= -9.9357E-02  max(p)=  5.1524E-02
LBFGS p_k (unscaled) stats per active parameter:
  IA=  1  PAR={rho}  min=-9.12058E+01  max= 4.72965E+01  L2= 9.87303E+02
min(p_k)= -9.9357E-02  max(p_k)=  5.1524E-02  ||p_k||=  1.0755E+00
min(p_kf)= -9.9357E-02  max(p_kf)=  5.1524E-02  ||p_kf||=  4.3022E+00
p_k/p_kf  =   2.5000E-01
Start linesearch
BT entry: phi(0)=  6.2164E-04  g·p(0)= -3.0748E-04
 UPDATEPARAMETER: f-scale only
UPDATEPARAMETER PAR_STEP min/max, V_STEP min/max =  1.9242547950E+03  2.4781474263E+03
  1.9242547950E+03  2.4781474263E+03
REL STEP elastic: k=  1 row=  1 rmax_k=  4.1734E-02 row_scale=  2.4757E+03
BT cap probe: rmax1=  4.1734E-02  alpha_cap=  1.0000E+00  alpha00=  1.0000E+00
 UPDATEPARAMETER: f-scale only
UPDATEPARAMETER PAR_STEP min/max, V_STEP min/max =  1.9242547950E+03  2.4781474263E+03
  1.9242547950E+03  2.4781474263E+03
 running run_ik_loop_pardiso
before CA | VmRSS=  17.410 GB  VmHWM=  87.641 GB
after CA | VmRSS=  18.046 GB  VmHWM=  87.641 GB
after factor | VmRSS=  22.095 GB  VmHWM=  87.641 GB
f=     4.350 Hz | ky=  0.648186E-03 | IK=       1/      55 | t=   18.344500 s | CA=  2.6482 | fact= 13.6699 | GF=  2.0262 | solve=  1.8612 | scatter=  0.0561
f=     4.350 Hz | ky=  0.129637E-02 | IK=       2/      55 | t=    7.244200 s | CA=  2.7345 | fact=  2.5924 | GF=  1.9173 | solve=  1.7848 | scatter=  0.0560
f=     4.350 Hz | ky=  0.194456E-02 | IK=       3/      55 | t=    7.182900 s | CA=  2.6740 | fact=  2.5917 | GF=  1.9172 | solve=  1.7870 | scatter=  0.0535
f=     4.350 Hz | ky=  0.259275E-02 | IK=       4/      55 | t=    7.168200 s | CA=  2.6724 | fact=  2.5824 | GF=  1.9134 | solve=  1.7833 | scatter=  0.0536
f=     4.350 Hz | ky=  0.324093E-02 | IK=       5/      55 | t=    7.219000 s | CA=  2.7172 | fact=  2.5883 | GF=  1.9135 | solve=  1.7827 | scatter=  0.0543
f=     4.350 Hz | ky=  0.388912E-02 | IK=       6/      55 | t=    7.106700 s | CA=  2.6732 | fact=  2.5230 | GF=  1.9104 | solve=  1.7785 | scatter=  0.0553
f=     4.350 Hz | ky=  0.453730E-02 | IK=       7/      55 | t=    7.174700 s | CA=  2.7247 | fact=  2.5373 | GF=  1.9127 | solve=  1.7808 | scatter=  0.0552
f=     4.350 Hz | ky=  0.518549E-02 | IK=       8/      55 | t=    7.222200 s | CA=  2.7232 | fact=  2.5874 | GF=  1.9116 | solve=  1.7837 | scatter=  0.0512
f=     4.350 Hz | ky=  0.583368E-02 | IK=       9/      55 | t=    7.158300 s | CA=  2.6575 | fact=  2.5889 | GF=  1.9119 | solve=  1.7813 | scatter=  0.0539
f=     4.350 Hz | ky=  0.648186E-02 | IK=      10/      55 | t=    7.191200 s | CA=  2.6902 | fact=  2.5919 | GF=  1.9091 | solve=  1.7780 | scatter=  0.0546
PARDISO mem (f=  4.35 Hz): sym=  2.09 GB  perm=  1.52 GB  num=  3.46 GB  
peak=  4.98 GB
 WD_amp= 6.24889E+13  RESID_RMS= 7.04954E-02  FCOST_DATA= 2.48480E-03  FCOST0= 2.48480E-03
BT: alpha=  1.0000E+00  phi=  2.4848E-03  rhs=  6.2161E-04
 UPDATEPARAMETER: f-scale only
UPDATEPARAMETER PAR_STEP min/max, V_STEP min/max =  1.9283071469E+03  2.4741902947E+03
  1.9283071469E+03  2.4741902947E+03
 running run_ik_loop_pardiso
before CA | VmRSS=  17.408 GB  VmHWM=  87.641 GB
after CA | VmRSS=  18.049 GB  VmHWM=  87.641 GB
after factor | VmRSS=  22.087 GB  VmHWM=  87.641 GB
f=     4.350 Hz | ky=  0.648186E-03 | IK=       1/      55 | t=   18.306100 s | CA=  2.6637 | fact= 13.6253 | GF=  2.0169 | solve=  1.8531 | scatter=  0.0548
f=     4.350 Hz | ky=  0.129637E-02 | IK=       2/      55 | t=    7.128600 s | CA=  2.6319 | fact=  2.5869 | GF=  1.9097 | solve=  1.7809 | scatter=  0.0525
f=     4.350 Hz | ky=  0.194456E-02 | IK=       3/      55 | t=    7.177700 s | CA=  2.6742 | fact=  2.5932 | GF=  1.9102 | solve=  1.7803 | scatter=  0.0533
f=     4.350 Hz | ky=  0.259275E-02 | IK=       4/      55 | t=    7.158300 s | CA=  2.7016 | fact=  2.5470 | GF=  1.9097 | solve=  1.7798 | scatter=  0.0531
f=     4.350 Hz | ky=  0.324093E-02 | IK=       5/      55 | t=    7.148700 s | CA=  2.6613 | fact=  2.5808 | GF=  1.9066 | solve=  1.7767 | scatter=  0.0535
f=     4.350 Hz | ky=  0.388912E-02 | IK=       6/      55 | t=    7.185600 s | CA=  2.7222 | fact=  2.5501 | GF=  1.9133 | solve=  1.7826 | scatter=  0.0543
f=     4.350 Hz | ky=  0.453730E-02 | IK=       7/      55 | t=    7.189200 s | CA=  2.6892 | fact=  2.5865 | GF=  1.9134 | solve=  1.7837 | scatter=  0.0532
f=     4.350 Hz | ky=  0.518549E-02 | IK=       8/      55 | t=    7.182300 s | CA=  2.6794 | fact=  2.5880 | GF=  1.9149 | solve=  1.7836 | scatter=  0.0550
f=     4.350 Hz | ky=  0.583368E-02 | IK=       9/      55 | t=    7.183000 s | CA=  2.6990 | fact=  2.5770 | GF=  1.9070 | solve=  1.7776 | scatter=  0.0527
f=     4.350 Hz | ky=  0.648186E-02 | IK=      10/      55 | t=    7.203800 s | CA=  2.7115 | fact=  2.5836 | GF=  1.9086 | solve=  1.7780 | scatter=  0.0542
PARDISO mem (f=  4.35 Hz): sym=  2.09 GB  perm=  1.52 GB  num=  3.46 GB  
peak=  4.98 GB
 WD_amp= 6.24889E+13  RESID_RMS= 4.47123E-02  FCOST_DATA= 9.99595E-04  FCOST0= 9.99595E-04
BT: alpha=  5.0000E-01  phi=  9.9960E-04  rhs=  6.2162E-04
 UPDATEPARAMETER: f-scale only
UPDATEPARAMETER PAR_STEP min/max, V_STEP min/max =  1.9292474074E+03  2.4727927947E+03
  1.9292474074E+03  2.4727927947E+03
 running run_ik_loop_pardiso
before CA | VmRSS=  17.401 GB  VmHWM=  87.641 GB
after CA | VmRSS=  18.044 GB  VmHWM=  87.641 GB
after factor | VmRSS=  22.081 GB  VmHWM=  87.641 GB
f=     4.350 Hz | ky=  0.648186E-03 | IK=       1/      55 | t=   18.335600 s | CA=  2.6517 | fact= 13.6679 | GF=  2.0158 | solve=  1.8552 | scatter=  0.0521
f=     4.350 Hz | ky=  0.129637E-02 | IK=       2/      55 | t=    7.153300 s | CA=  2.6692 | fact=  2.5780 | GF=  1.9061 | solve=  1.7768 | scatter=  0.0530
f=     4.350 Hz | ky=  0.194456E-02 | IK=       3/      55 | t=    7.141800 s | CA=  2.6555 | fact=  2.5755 | GF=  1.9108 | solve=  1.7812 | scatter=  0.0529
f=     4.350 Hz | ky=  0.259275E-02 | IK=       4/      55 | t=    7.233800 s | CA=  2.7252 | fact=  2.6002 | GF=  1.9084 | solve=  1.7762 | scatter=  0.0555
f=     4.350 Hz | ky=  0.324093E-02 | IK=       5/      55 | t=    7.183100 s | CA=  2.7004 | fact=  2.5762 | GF=  1.9064 | solve=  1.7737 | scatter=  0.0563
f=     4.350 Hz | ky=  0.388912E-02 | IK=       6/      55 | t=    7.156600 s | CA=  2.6665 | fact=  2.5805 | GF=  1.9095 | solve=  1.7776 | scatter=  0.0555
f=     4.350 Hz | ky=  0.453730E-02 | IK=       7/      55 | t=    7.137600 s | CA=  2.6454 | fact=  2.5850 | GF=  1.9072 | solve=  1.7778 | scatter=  0.0530
f=     4.350 Hz | ky=  0.518549E-02 | IK=       8/      55 | t=    7.226700 s | CA=  2.7378 | fact=  2.5803 | GF=  1.9085 | solve=  1.7765 | scatter=  0.0556
f=     4.350 Hz | ky=  0.583368E-02 | IK=       9/      55 | t=    7.153100 s | CA=  2.6665 | fact=  2.5753 | GF=  1.9112 | solve=  1.7811 | scatter=  0.0535
f=     4.350 Hz | ky=  0.648186E-02 | IK=      10/      55 | t=    7.179300 s | CA=  2.7096 | fact=  2.5577 | GF=  1.9120 | solve=  1.7798 | scatter=  0.0557
PARDISO mem (f=  4.35 Hz): sym=  2.09 GB  perm=  1.52 GB  num=  3.46 GB  
peak=  4.98 GB
 WD_amp= 6.24889E+13  RESID_RMS= 3.66452E-02  FCOST_DATA= 6.71434E-04  FCOST0= 6.71434E-04
BT: alpha=  2.5000E-01  phi=  6.7143E-04  rhs=  6.2163E-04
 UPDATEPARAMETER: f-scale only
UPDATEPARAMETER PAR_STEP min/max, V_STEP min/max =  1.9297175377E+03  2.4742346134E+03
  1.9297175377E+03  2.4742346134E+03
 running run_ik_loop_pardiso
before CA | VmRSS=  17.415 GB  VmHWM=  87.641 GB
after CA | VmRSS=  18.052 GB  VmHWM=  87.641 GB
after factor | VmRSS=  22.094 GB  VmHWM=  87.641 GB
f=     4.350 Hz | ky=  0.648186E-03 | IK=       1/      55 | t=   18.267200 s | CA=  2.6282 | fact= 13.6177 | GF=  2.0211 | solve=  1.8586 | scatter=  0.0538
f=     4.350 Hz | ky=  0.129637E-02 | IK=       2/      55 | t=    7.189900 s | CA=  2.6959 | fact=  2.5882 | GF=  1.9058 | solve=  1.7747 | scatter=  0.0544
f=     4.350 Hz | ky=  0.194456E-02 | IK=       3/      55 | t=    7.190800 s | CA=  2.7048 | fact=  2.5808 | GF=  1.9052 | solve=  1.7745 | scatter=  0.0544
f=     4.350 Hz | ky=  0.259275E-02 | IK=       4/      55 | t=    7.166700 s | CA=  2.6778 | fact=  2.5848 | GF=  1.9041 | solve=  1.7741 | scatter=  0.0536
f=     4.350 Hz | ky=  0.324093E-02 | IK=       5/      55 | t=    7.107300 s | CA=  2.6550 | fact=  2.5451 | GF=  1.9072 | solve=  1.7767 | scatter=  0.0541
f=     4.350 Hz | ky=  0.388912E-02 | IK=       6/      55 | t=    7.189100 s | CA=  2.7348 | fact=  2.5454 | GF=  1.9089 | solve=  1.7786 | scatter=  0.0540
f=     4.350 Hz | ky=  0.453730E-02 | IK=       7/      55 | t=    7.149900 s | CA=  2.6622 | fact=  2.5815 | GF=  1.9062 | solve=  1.7770 | scatter=  0.0524
f=     4.350 Hz | ky=  0.518549E-02 | IK=       8/      55 | t=    7.159100 s | CA=  2.6691 | fact=  2.5787 | GF=  1.9113 | solve=  1.7805 | scatter=  0.0544
f=     4.350 Hz | ky=  0.583368E-02 | IK=       9/      55 | t=    7.156600 s | CA=  2.6621 | fact=  2.5885 | GF=  1.9060 | solve=  1.7778 | scatter=  0.0519
f=     4.350 Hz | ky=  0.648186E-02 | IK=      10/      55 | t=    7.135600 s | CA=  2.6451 | fact=  2.5784 | GF=  1.9119 | solve=  1.7823 | scatter=  0.0534
PARDISO mem (f=  4.35 Hz): sym=  2.09 GB  perm=  1.52 GB  num=  3.46 GB  
peak=  4.98 GB
 WD_amp= 6.24889E+13  RESID_RMS= 3.49785E-02  FCOST_DATA= 6.11748E-04  FCOST0= 6.11748E-04
  
  
BT: alpha=  1.2500E-01  phi=  6.1175E-04  rhs=  6.2164E-04
  
  
  
Convergence reached, updating parameter grid
ALPHA from line search =  .1250000000000000
 FCOST0 after linesearch  6.117480360421119E-004
Norm of s (s_norm) =  .1344429494526500
  
Time for LBFGS =  8.197168477376302 min
  
 Frequency:           6 Iteration:           2
t_global   =    364.005 s
  
 -------------- calculate Frechet derivatives -----------
 IFREQ =           6    ITERATION =           2
||Frechet||_F=  2.7933E-12max|Frechet|=  2.9899E-17
 
TIME for Frechet calc =  2.816290028889974 min
 
 
  compute the residual and the cost function
 WD_amp= 6.24889E+13  RESID_RMS= 3.49785E-02  FCOST_DATA= 6.11748E-04  FCOST0= 6.11748E-04
||Frechet||_F=  2.7933E-12max|Frechet|=  2.9899E-17
||Frechet||_F=  2.7933E-12max|Frechet|=  2.9899E-17
||Frechet||_F=  2.7933E-12max|Frechet|=  2.9899E-17
||Frechet||_F=  2.7933E-12max|Frechet|=  2.9899E-17
||Frechet||_F=  2.7933E-12max|Frechet|=  2.9899E-17
Grad block   1 GRAD_SCALED MORM =   1.1991E-03
Raw grad block  1  PAR={rho}  min= -3.2549E-07  max=  3.4085E-07  L2=  1.6240E-06
Gradient finished
Start LBFGS 
curvature (warm): s·y=  2.5763E-05  ||s||^2=  1.8075E-02  ||y||^2=  3.2691E-07  sTy_min=  7.6869E-06
LBFGS step: g·p = -3.8331E-04  ||p||=  1.9308E+00
LBFGS step: min(p)= -1.4017E-01  max(p)=  1.1755E-01
LBFGS p_k (unscaled) stats per active parameter:
  IA=  1  PAR={rho}  min=-1.28674E+02  max= 1.07903E+02  L2= 1.77237E+03
min(p_k)= -1.4017E-01  max(p_k)=  1.1755E-01  ||p_k||=  1.9308E+00
min(p_kf)= -1.4017E-01  max(p_kf)=  1.1755E-01  ||p_kf||=  7.7231E+00
p_k/p_kf  =   2.5000E-01
Start linesearch
MT entry: phi(0)=  6.1175E-04  dg0= -3.8331E-04  alpha0=  1.0000E+00
 UPDATEPARAMETER: f-scale only
UPDATEPARAMETER PAR_STEP min/max, V_STEP min/max =  1.9065405988E+03  2.5176544797E+03
  1.9065405988E+03  2.5176544797E+03
 WD_amp= 6.24889E+13  RESID_RMS= 9.29592E-02  FCOST_DATA= 4.32070E-03  FCOST0= 4.32070E-03
  
 -------------- calculate Frechet derivatives -----------
 IFREQ =           6    ITERATION =           2
||Frechet||_F=  2.7847E-12max|Frechet|=  2.9494E-17
||Frechet||_F=  2.7847E-12max|Frechet|=  2.9494E-17
||Frechet||_F=  2.7847E-12max|Frechet|=  2.9494E-17
||Frechet||_F=  2.7847E-12max|Frechet|=  2.9494E-17
||Frechet||_F=  2.7847E-12max|Frechet|=  2.9494E-17
||Frechet||_F=  2.7847E-12max|Frechet|=  2.9494E-17
Grad block   1 GRAD_SCALED MORM =   1.1104E-02
MT try: alpha=  1.0000E+00  phi=  4.3207E-03  dg=  4.0006E-03  dg0= -3.8331E-04
MT try: armijo_rhs=  6.1171E-04  armijo=F  curvature=F  task=FG
 UPDATEPARAMETER: f-scale only
UPDATEPARAMETER PAR_STEP min/max, V_STEP min/max =  1.9294947414E+03  2.4741975307E+03
  1.9294947414E+03  2.4741975307E+03
 WD_amp= 6.24889E+13  RESID_RMS= 3.47296E-02  FCOST_DATA= 6.03073E-04  FCOST0= 6.03073E-04
  
 -------------- calculate Frechet derivatives -----------
 IFREQ =           6    ITERATION =           2
||Frechet||_F=  2.7931E-12max|Frechet|=  2.9895E-17
||Frechet||_F=  2.7931E-12max|Frechet|=  2.9895E-17
||Frechet||_F=  2.7931E-12max|Frechet|=  2.9895E-17
||Frechet||_F=  2.7931E-12max|Frechet|=  2.9895E-17
||Frechet||_F=  2.7931E-12max|Frechet|=  2.9895E-17
||Frechet||_F=  2.7931E-12max|Frechet|=  2.9895E-17
Grad block   1 GRAD_SCALED MORM =   1.1251E-03
MT try: alpha=  2.4724E-02  phi=  6.0307E-04  dg= -2.7212E-04  dg0= -3.8331E-04
MT try: armijo_rhs=  6.1175E-04  armijo=T  curvature=T  task=FG
  
Convergence reached, updating parameter grid
ALPHA from line search =  .2472354677081467E-01
 FCOST0 after linesearch  6.030734644264016E-004
Norm of s (s_norm) =  .4773568773776745E-01
  
  
  
  
  
Time for LBFGS =  17.61712849934896 min
  
 Frequency:           6 Iteration:           3
t_global   =    354.992 s
  
 -------------- calculate Frechet derivatives -----------
 IFREQ =           6    ITERATION =           3
||Frechet||_F=  2.7931E-12max|Frechet|=  2.9895E-17
||Frechet||_F=  2.7931E-12max|Frechet|=  2.9895E-17
 
TIME for Frechet calc =  2.864354960123698 min
 
 
  compute the residual and the cost function
 WD_amp= 6.24889E+13  RESID_RMS= 3.47296E-02  FCOST_DATA= 6.03073E-04  FCOST0= 6.03073E-04
||Frechet||_F=  2.7931E-12max|Frechet|=  2.9895E-17
||Frechet||_F=  2.7931E-12max|Frechet|=  2.9895E-17
||Frechet||_F=  2.7931E-12max|Frechet|=  2.9895E-17
||Frechet||_F=  2.7931E-12max|Frechet|=  2.9895E-17
Grad block   1 GRAD_SCALED MORM =   1.1251E-03
Gradient finished
Start LBFGS 
curvature (warm): s·y=  2.7490E-06  ||s||^2=  2.2787E-03  ||y||^2=  5.7084E-08  sTy_min=  1.1405E-06
LBFGS step: g·p = -4.1775E-04  ||p||=  2.7240E+00
LBFGS step: min(p)= -1.9418E-01  max(p)=  1.8092E-01
LBFGS p_k (unscaled) stats per active parameter:
  IA=  1  PAR={rho}  min=-1.78253E+02  max= 1.66074E+02  L2= 2.50050E+03
min(p_k)= -1.9418E-01  max(p_k)=  1.8092E-01  ||p_k||=  2.7240E+00
min(p_kf)= -1.9418E-01  max(p_kf)=  1.8092E-01  ||p_kf||=  1.0896E+01
p_k/p_kf  =   2.5000E-01
Start linesearch
MT entry: phi(0)=  6.0307E-04  dg0= -4.1775E-04  alpha0=  1.0000E+00
 UPDATEPARAMETER: f-scale only
UPDATEPARAMETER PAR_STEP min/max, V_STEP min/max =  1.8821278218E+03  2.5492982054E+03
  1.8821278218E+03  2.5492982054E+03
 WD_amp= 6.24889E+13  RESID_RMS= 7.77889E-02  FCOST_DATA= 3.02556E-03  FCOST0= 3.02556E-03
  
 -------------- calculate Frechet derivatives -----------
 IFREQ =           6    ITERATION =           3
||Frechet||_F=  2.7889E-12max|Frechet|=  2.9577E-17
||Frechet||_F=  2.7889E-12max|Frechet|=  2.9577E-17
||Frechet||_F=  2.7889E-12max|Frechet|=  2.9577E-17
||Frechet||_F=  2.7889E-12max|Frechet|=  2.9577E-17
||Frechet||_F=  2.7889E-12max|Frechet|=  2.9577E-17
||Frechet||_F=  2.7889E-12max|Frechet|=  2.9577E-17
Grad block   1 GRAD_SCALED MORM =   6.4227E-03
MT try: alpha=  1.0000E+00  phi=  3.0256E-03  dg=  1.8103E-03  dg0= -4.1775E-04
MT try: armijo_rhs=  6.0303E-04  armijo=F  curvature=F  task=FG
 UPDATEPARAMETER: f-scale only
UPDATEPARAMETER PAR_STEP min/max, V_STEP min/max =  1.9288976432E+03  2.4749084647E+03
  1.9288976432E+03  2.4749084647E+03
 WD_amp= 6.24889E+13  RESID_RMS= 3.44004E-02  FCOST_DATA= 5.91695E-04  FCOST0= 5.91695E-04
  
 -------------- calculate Frechet derivatives -----------
 IFREQ =           6    ITERATION =           3
||Frechet||_F=  2.7930E-12max|Frechet|=  2.9891E-17
||Frechet||_F=  2.7930E-12max|Frechet|=  2.9891E-17
||Frechet||_F=  2.7930E-12max|Frechet|=  2.9891E-17
||Frechet||_F=  2.7930E-12max|Frechet|=  2.9891E-17
||Frechet||_F=  2.7930E-12max|Frechet|=  2.9891E-17
||Frechet||_F=  2.7930E-12max|Frechet|=  2.9891E-17
Grad block   1 GRAD_SCALED MORM =   1.0674E-03
MT try: alpha=  3.4153E-02  phi=  5.9169E-04  dg= -3.3646E-04  dg0= -4.1775E-04
MT try: armijo_rhs=  6.0307E-04  armijo=T  curvature=T  task=FG
  
Convergence reached, updating parameter grid
ALPHA from line search =  .3415337672796146E-01
 FCOST0 after linesearch  5.916948864212832E-004
Norm of s (s_norm) =  .9303331765878675E-01
  
  
  
  
  
Convergence check at iteration    3
  Relative cost decrease  =  1.8868E-02
  Relative model update   =  0.0000E+00
  Relative grad. norm     =  4.8397E-01
Time for LBFGS =  17.55052897135417 min
  
 Frequency:           6 Iteration:           4
t_global   =    390.734 s
  
 -------------- calculate Frechet derivatives -----------
 IFREQ =           6    ITERATION =           4
||Frechet||_F=  2.7930E-12max|Frechet|=  2.9891E-17
 
TIME for Frechet calc =  2.916908264160156 min
 
 
  compute the residual and the cost function
 WD_amp= 6.24889E+13  RESID_RMS= 3.44004E-02  FCOST_DATA= 5.91695E-04  FCOST0= 5.91695E-04
||Frechet||_F=  2.7930E-12max|Frechet|=  2.9891E-17
||Frechet||_F=  2.7930E-12max|Frechet|=  2.9891E-17
||Frechet||_F=  2.7930E-12max|Frechet|=  2.9891E-17
||Frechet||_F=  2.7930E-12max|Frechet|=  2.9891E-17
||Frechet||_F=  2.7930E-12max|Frechet|=  2.9891E-17
Grad block   1 GRAD_SCALED MORM =   1.0674E-03
Gradient finished
Start LBFGS 
curvature (warm): s·y=  2.7762E-06  ||s||^2=  8.6552E-03  ||y||^2=  2.4176E-08  sTy_min=  1.4465E-06
LBFGS step: g·p = -3.7545E-04  ||p||=  2.9645E+00
LBFGS step: min(p)= -1.9894E-01  max(p)=  2.0068E-01
LBFGS p_k (unscaled) stats per active parameter:
  IA=  1  PAR={rho}  min=-1.82614E+02  max= 1.84216E+02  L2= 2.72129E+03
min(p_k)= -1.9894E-01  max(p_k)=  2.0068E-01  ||p_k||=  2.9645E+00
min(p_kf)= -1.9894E-01  max(p_kf)=  2.0068E-01  ||p_kf||=  1.1858E+01
p_k/p_kf  =   2.5000E-01
Start linesearch
MT entry: phi(0)=  5.9169E-04  dg0= -3.7545E-04  alpha0=  1.0000E+00
 UPDATEPARAMETER: f-scale only
UPDATEPARAMETER PAR_STEP min/max, V_STEP min/max =  1.8645881475E+03  2.5748332283E+03
  1.8645881475E+03  2.5748332283E+03
 WD_amp= 6.24889E+13  RESID_RMS= 7.20729E-02  FCOST_DATA= 2.59725E-03  FCOST0= 2.59725E-03
  
 -------------- calculate Frechet derivatives -----------
 IFREQ =           6    ITERATION =           4
||Frechet||_F=  2.7912E-12max|Frechet|=  2.9495E-17
||Frechet||_F=  2.7912E-12max|Frechet|=  2.9495E-17
||Frechet||_F=  2.7912E-12max|Frechet|=  2.9495E-17
||Frechet||_F=  2.7912E-12max|Frechet|=  2.9495E-17
||Frechet||_F=  2.7912E-12max|Frechet|=  2.9495E-17
||Frechet||_F=  2.7912E-12max|Frechet|=  2.9495E-17
Grad block   1 GRAD_SCALED MORM =   4.0068E-03
MT try: alpha=  1.0000E+00  phi=  2.5973E-03  dg=  1.1890E-03  dg0= -3.7545E-04
MT try: armijo_rhs=  5.9166E-04  armijo=F  curvature=F  task=FG
 UPDATEPARAMETER: f-scale only
UPDATEPARAMETER PAR_STEP min/max, V_STEP min/max =  1.9280140087E+03  2.4779516970E+03
  1.9280140087E+03  2.4779516970E+03
 WD_amp= 6.24889E+13  RESID_RMS= 3.41175E-02  FCOST_DATA= 5.82001E-04  FCOST0= 5.82001E-04
  
 -------------- calculate Frechet derivatives -----------
 IFREQ =           6    ITERATION =           4
||Frechet||_F=  2.7929E-12max|Frechet|=  2.9882E-17
||Frechet||_F=  2.7929E-12max|Frechet|=  2.9882E-17
||Frechet||_F=  2.7929E-12max|Frechet|=  2.9882E-17
||Frechet||_F=  2.7929E-12max|Frechet|=  2.9882E-17
||Frechet||_F=  2.7929E-12max|Frechet|=  2.9882E-17
||Frechet||_F=  2.7929E-12max|Frechet|=  2.9882E-17
Grad block   1 GRAD_SCALED MORM =   1.0472E-03
MT try: alpha=  3.4686E-02  phi=  5.8200E-04  dg= -3.1863E-04  dg0= -3.7545E-04
MT try: armijo_rhs=  5.9169E-04  armijo=T  curvature=T  task=FG
Convergence reached, updating parameter grid
ALPHA from line search =  .3468565557193815E-01
 FCOST0 after linesearch  5.820014709172829E-004
Norm of s (s_norm) =  .1028258768377101
  
  
  
  
  
  
Convergence check at iteration    4
  Relative cost decrease  =  1.6382E-02
  Relative model update   =  0.0000E+00
  Relative grad. norm     =  4.9495E-01
Time for LBFGS =  18.65583292643229 min
  
 Frequency:           6 Iteration:           5
t_global   =    391.773 s
  
 -------------- calculate Frechet derivatives -----------
 IFREQ =           6    ITERATION =           5
||Frechet||_F=  2.7929E-12max|Frechet|=  2.9882E-17
||Frechet||_F=  2.7929E-12max|Frechet|=  2.9882E-17
 
TIME for Frechet calc =  2.850984954833984 min
 
 
  compute the residual and the cost function
 WD_amp= 6.24889E+13  RESID_RMS= 3.41175E-02  FCOST_DATA= 5.82001E-04  FCOST0= 5.82001E-04
||Frechet||_F=  2.7929E-12max|Frechet|=  2.9882E-17
||Frechet||_F=  2.7929E-12max|Frechet|=  2.9882E-17
||Frechet||_F=  2.7929E-12max|Frechet|=  2.9882E-17
||Frechet||_F=  2.7929E-12max|Frechet|=  2.9882E-17
Grad block   1 GRAD_SCALED MORM =   1.0472E-03
Gradient finished
Start LBFGS 
curvature (warm): s·y=  1.9711E-06  ||s||^2=  1.0573E-02  ||y||^2=  1.0057E-08  sTy_min=  1.0312E-06
LBFGS step: g·p = -5.9889E-04  ||p||=  5.1392E+00
LBFGS step: min(p)= -3.3952E-01  max(p)=  3.4600E-01
LBFGS p_k (unscaled) stats per active parameter:
  IA=  1  PAR={rho}  min=-3.11668E+02  max= 3.17612E+02  L2= 4.71752E+03
min(p_k)= -3.3952E-01  max(p_k)=  3.4600E-01  ||p_k||=  5.1392E+00
min(p_kf)= -3.3952E-01  max(p_kf)=  3.4600E-01  ||p_kf||=  2.0557E+01
p_k/p_kf  =   2.5000E-01
Start linesearch
MT entry: phi(0)=  5.8200E-04  dg0= -5.9889E-04  alpha0=  1.0000E+00
 UPDATEPARAMETER: f-scale only
UPDATEPARAMETER PAR_STEP min/max, V_STEP min/max =  1.7857305015E+03  2.6583160599E+03
  1.7857305015E+03  2.6583160599E+03
 WD_amp= 6.24889E+13  RESID_RMS= 1.16132E-01  FCOST_DATA= 6.74334E-03  FCOST0= 6.74334E-03
  
 -------------- calculate Frechet derivatives -----------
 IFREQ =           6    ITERATION =           5
||Frechet||_F=  2.7991E-12max|Frechet|=  2.9533E-17
||Frechet||_F=  2.7991E-12max|Frechet|=  2.9533E-17
||Frechet||_F=  2.7991E-12max|Frechet|=  2.9533E-17
||Frechet||_F=  2.7991E-12max|Frechet|=  2.9533E-17
||Frechet||_F=  2.7991E-12max|Frechet|=  2.9533E-17
||Frechet||_F=  2.7991E-12max|Frechet|=  2.9533E-17
Grad block   1 GRAD_SCALED MORM =   8.6185E-03
MT try: alpha=  1.0000E+00  phi=  6.7433E-03  dg=  3.7377E-03  dg0= -5.9889E-04
MT try: armijo_rhs=  5.8194E-04  armijo=F  curvature=F  task=FG
 UPDATEPARAMETER: f-scale only
UPDATEPARAMETER PAR_STEP min/max, V_STEP min/max =  1.9272048325E+03  2.4803084253E+03
  1.9272048325E+03  2.4803084253E+03
 WD_amp= 6.24889E+13  RESID_RMS= 3.38567E-02  FCOST_DATA= 5.73139E-04  FCOST0= 5.73139E-04
  
 -------------- calculate Frechet derivatives -----------
 IFREQ =           6    ITERATION =           5
||Frechet||_F=  2.7929E-12max|Frechet|=  2.9876E-17
||Frechet||_F=  2.7929E-12max|Frechet|=  2.9876E-17
||Frechet||_F=  2.7929E-12max|Frechet|=  2.9876E-17
||Frechet||_F=  2.7929E-12max|Frechet|=  2.9876E-17
||Frechet||_F=  2.7929E-12max|Frechet|=  2.9876E-17
||Frechet||_F=  2.7929E-12max|Frechet|=  2.9876E-17
Grad block   1 GRAD_SCALED MORM =   1.0319E-03
MT try: alpha=  1.9096E-02  phi=  5.7314E-04  dg= -5.0616E-04  dg0= -5.9889E-04
MT try: armijo_rhs=  5.8200E-04  armijo=T  curvature=T  task=FG
Convergence reached, updating parameter grid
ALPHA from line search =  .1909606608345261E-01
 FCOST0 after linesearch  5.731385847976183E-004
Norm of s (s_norm) =  .9813763551216848E-01
  
  
Convergence check at iteration    5
  Relative cost decrease  =  1.5228E-02
  Relative model update   =  0.0000E+00
  Relative grad. norm     =  5.1511E-01
Time for LBFGS =  18.13814493815104 min
  
  
  
  
  
 Frequency:           6 Iteration:           6
t_global   =    355.887 s
  
 -------------- calculate Frechet derivatives -----------
 IFREQ =           6    ITERATION =           6
||Frechet||_F=  2.7929E-12max|Frechet|=  2.9876E-17
 
TIME for Frechet calc =  2.851511637369792 min
 
 
  compute the residual and the cost function
 WD_amp= 6.24889E+13  RESID_RMS= 3.38567E-02  FCOST_DATA= 5.73139E-04  FCOST0= 5.73139E-04
||Frechet||_F=  2.7929E-12max|Frechet|=  2.9876E-17
||Frechet||_F=  2.7929E-12max|Frechet|=  2.9876E-17
||Frechet||_F=  2.7929E-12max|Frechet|=  2.9876E-17
||Frechet||_F=  2.7929E-12max|Frechet|=  2.9876E-17
||Frechet||_F=  2.7929E-12max|Frechet|=  2.9876E-17
Grad block   1 GRAD_SCALED MORM =   1.0319E-03
Gradient finished
Start LBFGS 
curvature (warm): s·y=  1.7708E-06  ||s||^2=  9.6310E-03  ||y||^2=  1.7883E-08  sTy_min=  1.3124E-06
LBFGS step: g·p = -5.2824E-04  ||p||=  4.9140E+00
LBFGS step: min(p)= -3.1736E-01  max(p)=  3.1542E-01
LBFGS p_k (unscaled) stats per active parameter:
  IA=  1  PAR={rho}  min=-2.91318E+02  max= 2.89539E+02  L2= 4.51086E+03
min(p_k)= -3.1736E-01  max(p_k)=  3.1542E-01  ||p_k||=  4.9140E+00
min(p_kf)= -3.1736E-01  max(p_kf)=  3.1542E-01  ||p_kf||=  1.9656E+01
p_k/p_kf  =   2.5000E-01
Start linesearch
MT entry: phi(0)=  5.7314E-04  dg0= -5.2824E-04  alpha0=  1.0000E+00
 UPDATEPARAMETER: f-scale only
UPDATEPARAMETER PAR_STEP min/max, V_STEP min/max =  1.7963614221E+03  2.6541116252E+03
  1.7963614221E+03  2.6541116252E+03
 WD_amp= 6.24889E+13  RESID_RMS= 1.05859E-01  FCOST_DATA= 5.60310E-03  FCOST0= 5.60310E-03
  
 -------------- calculate Frechet derivatives -----------
 IFREQ =           6    ITERATION =           6
||Frechet||_F=  2.7933E-12max|Frechet|=  2.9369E-17
||Frechet||_F=  2.7933E-12max|Frechet|=  2.9369E-17
||Frechet||_F=  2.7933E-12max|Frechet|=  2.9369E-17
||Frechet||_F=  2.7933E-12max|Frechet|=  2.9369E-17
||Frechet||_F=  2.7933E-12max|Frechet|=  2.9369E-17
||Frechet||_F=  2.7933E-12max|Frechet|=  2.9369E-17
Grad block   1 GRAD_SCALED MORM =   9.1375E-03
MT try: alpha=  1.0000E+00  phi=  5.6031E-03  dg=  2.5283E-03  dg0= -5.2824E-04
MT try: armijo_rhs=  5.7309E-04  armijo=F  curvature=F  task=FG
 UPDATEPARAMETER: f-scale only
UPDATEPARAMETER PAR_STEP min/max, V_STEP min/max =  1.9256693919E+03  2.4821554209E+03
  1.9256693919E+03  2.4821554209E+03
 WD_amp= 6.24889E+13  RESID_RMS= 3.38939E-02  FCOST_DATA= 5.74400E-04  FCOST0= 5.74400E-04
  
 -------------- calculate Frechet derivatives -----------
 IFREQ =           6    ITERATION =           6
||Frechet||_F=  2.7929E-12max|Frechet|=  2.9872E-17
||Frechet||_F=  2.7929E-12max|Frechet|=  2.9872E-17
||Frechet||_F=  2.7929E-12max|Frechet|=  2.9872E-17
||Frechet||_F=  2.7929E-12max|Frechet|=  2.9872E-17
||Frechet||_F=  2.7929E-12max|Frechet|=  2.9872E-17
||Frechet||_F=  2.7929E-12max|Frechet|=  2.9872E-17
Grad block   1 GRAD_SCALED MORM =   1.0015E-03
MT try: alpha=  1.9741E-02  phi=  5.7440E-04  dg= -4.6848E-04  dg0= -5.2824E-04
MT try: armijo_rhs=  5.7314E-04  armijo=F  curvature=T  task=FG
 UPDATEPARAMETER: f-scale only
UPDATEPARAMETER PAR_STEP min/max, V_STEP min/max =  1.9270600182E+03  2.4806573955E+03
  1.9270600182E+03  2.4806573955E+03
 WD_amp= 6.24889E+13  RESID_RMS= 3.38546E-02  FCOST_DATA= 5.73067E-04  FCOST0= 5.73067E-04
  
 -------------- calculate Frechet derivatives -----------
 IFREQ =           6    ITERATION =           6
||Frechet||_F=  2.7929E-12max|Frechet|=  2.9875E-17
||Frechet||_F=  2.7929E-12max|Frechet|=  2.9875E-17
||Frechet||_F=  2.7929E-12max|Frechet|=  2.9875E-17
||Frechet||_F=  2.7929E-12max|Frechet|=  2.9875E-17
||Frechet||_F=  2.7929E-12max|Frechet|=  2.9875E-17
||Frechet||_F=  2.7929E-12max|Frechet|=  2.9875E-17
Grad block   1 GRAD_SCALED MORM =   1.0238E-03
MT try: alpha=  3.7298E-03  phi=  5.7307E-04  dg= -5.1697E-04  dg0= -5.2824E-04
MT try: armijo_rhs=  5.7314E-04  armijo=T  curvature=F  task=FG
 UPDATEPARAMETER: f-scale only
UPDATEPARAMETER PAR_STEP min/max, V_STEP min/max =  1.9262254815E+03  2.4816460922E+03
  1.9262254815E+03  2.4816460922E+03
 WD_amp= 6.24889E+13  RESID_RMS= 3.38718E-02  FCOST_DATA= 5.73648E-04  FCOST0= 5.73648E-04
  
 -------------- calculate Frechet derivatives -----------
 IFREQ =           6    ITERATION =           6
||Frechet||_F=  2.7929E-12max|Frechet|=  2.9873E-17
||Frechet||_F=  2.7929E-12max|Frechet|=  2.9873E-17
||Frechet||_F=  2.7929E-12max|Frechet|=  2.9873E-17
||Frechet||_F=  2.7929E-12max|Frechet|=  2.9873E-17
||Frechet||_F=  2.7929E-12max|Frechet|=  2.9873E-17
||Frechet||_F=  2.7929E-12max|Frechet|=  2.9873E-17
Grad block   1 GRAD_SCALED MORM =   1.0067E-03
MT try: alpha=  1.4297E-02  phi=  5.7365E-04  dg= -4.8498E-04  dg0= -5.2824E-04
MT try: armijo_rhs=  5.7314E-04  armijo=F  curvature=F  task=FG
 UPDATEPARAMETER: f-scale only
UPDATEPARAMETER PAR_STEP min/max, V_STEP min/max =  1.9269825484E+03  2.4808440803E+03
  1.9269825484E+03  2.4808440803E+03
 WD_amp= 6.24889E+13  RESID_RMS= 3.38552E-02  FCOST_DATA= 5.73088E-04  FCOST0= 5.73088E-04
  
 -------------- calculate Frechet derivatives -----------
 IFREQ =           6    ITERATION =           6
||Frechet||_F=  2.7929E-12max|Frechet|=  2.9875E-17
||Frechet||_F=  2.7929E-12max|Frechet|=  2.9875E-17
||Frechet||_F=  2.7929E-12max|Frechet|=  2.9875E-17
||Frechet||_F=  2.7929E-12max|Frechet|=  2.9875E-17
||Frechet||_F=  2.7929E-12max|Frechet|=  2.9875E-17
||Frechet||_F=  2.7929E-12max|Frechet|=  2.9875E-17
Grad block   1 GRAD_SCALED MORM =   1.0199E-03
MT try: alpha=  5.7251E-03  phi=  5.7309E-04  dg= -5.1093E-04  dg0= -5.2824E-04
MT try: armijo_rhs=  5.7314E-04  armijo=T  curvature=F  task=FG
 UPDATEPARAMETER: f-scale only
UPDATEPARAMETER PAR_STEP min/max, V_STEP min/max =  1.9270440182E+03  2.4806959519E+03
  1.9270440182E+03  2.4806959519E+03
 WD_amp= 6.24889E+13  RESID_RMS= 3.38546E-02  FCOST_DATA= 5.73068E-04  FCOST0= 5.73068E-04
  
 -------------- calculate Frechet derivatives -----------
 IFREQ =           6    ITERATION =           6
||Frechet||_F=  2.7929E-12max|Frechet|=  2.9875E-17
||Frechet||_F=  2.7929E-12max|Frechet|=  2.9875E-17
||Frechet||_F=  2.7929E-12max|Frechet|=  2.9875E-17
||Frechet||_F=  2.7929E-12max|Frechet|=  2.9875E-17
||Frechet||_F=  2.7929E-12max|Frechet|=  2.9875E-17
||Frechet||_F=  2.7929E-12max|Frechet|=  2.9875E-17
Grad block   1 GRAD_SCALED MORM =   1.0229E-03
MT try: alpha=  4.1419E-03  phi=  5.7307E-04  dg= -5.1572E-04  dg0= -5.2824E-04
MT try: armijo_rhs=  5.7314E-04  armijo=T  curvature=F  task=FG
 UPDATEPARAMETER: f-scale only
UPDATEPARAMETER PAR_STEP min/max, V_STEP min/max =  1.9270566546E+03  2.4806655008E+03
  1.9270566546E+03  2.4806655008E+03
 WD_amp= 6.24889E+13  RESID_RMS= 3.38546E-02  FCOST_DATA= 5.73067E-04  FCOST0= 5.73067E-04
  
 -------------- calculate Frechet derivatives -----------
 IFREQ =           6    ITERATION =           6
||Frechet||_F=  2.7929E-12max|Frechet|=  2.9875E-17
||Frechet||_F=  2.7929E-12max|Frechet|=  2.9875E-17
||Frechet||_F=  2.7929E-12max|Frechet|=  2.9875E-17
||Frechet||_F=  2.7929E-12max|Frechet|=  2.9875E-17
||Frechet||_F=  2.7929E-12max|Frechet|=  2.9875E-17
||Frechet||_F=  2.7929E-12max|Frechet|=  2.9875E-17
Grad block   1 GRAD_SCALED MORM =   1.0236E-03
MT try: alpha=  3.8165E-03  phi=  5.7307E-04  dg= -5.1671E-04  dg0= -5.2824E-04
MT try: armijo_rhs=  5.7314E-04  armijo=T  curvature=F  task=FG
 UPDATEPARAMETER: f-scale only
UPDATEPARAMETER PAR_STEP min/max, V_STEP min/max =  1.9270593085E+03  2.4806591057E+03
  1.9270593085E+03  2.4806591057E+03
 WD_amp= 6.24889E+13  RESID_RMS= 3.38546E-02  FCOST_DATA= 5.73067E-04  FCOST0= 5.73067E-04
  
 -------------- calculate Frechet derivatives -----------
 IFREQ =           6    ITERATION =           6
||Frechet||_F=  2.7929E-12max|Frechet|=  2.9875E-17
||Frechet||_F=  2.7929E-12max|Frechet|=  2.9875E-17
||Frechet||_F=  2.7929E-12max|Frechet|=  2.9875E-17
||Frechet||_F=  2.7929E-12max|Frechet|=  2.9875E-17
||Frechet||_F=  2.7929E-12max|Frechet|=  2.9875E-17
||Frechet||_F=  2.7929E-12max|Frechet|=  2.9875E-17
Grad block   1 GRAD_SCALED MORM =   1.0237E-03
MT try: alpha=  3.7481E-03  phi=  5.7307E-04  dg= -5.1691E-04  dg0= -5.2824E-04
MT try: armijo_rhs=  5.7314E-04  armijo=T  curvature=F  task=FG
 UPDATEPARAMETER: f-scale only
UPDATEPARAMETER PAR_STEP min/max, V_STEP min/max =  1.9270598682E+03  2.4806577568E+03
  1.9270598682E+03  2.4806577568E+03
 WD_amp= 6.24889E+13  RESID_RMS= 3.38546E-02  FCOST_DATA= 5.73067E-04  FCOST0= 5.73067E-04
  
 -------------- calculate Frechet derivatives -----------
 IFREQ =           6    ITERATION =           6
||Frechet||_F=  2.7929E-12max|Frechet|=  2.9875E-17
||Frechet||_F=  2.7929E-12max|Frechet|=  2.9875E-17
||Frechet||_F=  2.7929E-12max|Frechet|=  2.9875E-17
||Frechet||_F=  2.7929E-12max|Frechet|=  2.9875E-17
||Frechet||_F=  2.7929E-12max|Frechet|=  2.9875E-17
||Frechet||_F=  2.7929E-12max|Frechet|=  2.9875E-17
Grad block   1 GRAD_SCALED MORM =   1.0238E-03
MT try: alpha=  3.7337E-03  phi=  5.7307E-04  dg= -5.1696E-04  dg0= -5.2824E-04
MT try: armijo_rhs=  5.7314E-04  armijo=T  curvature=F  task=FG
 UPDATEPARAMETER: f-scale only
UPDATEPARAMETER PAR_STEP min/max, V_STEP min/max =  1.9270599865E+03  2.4806574717E+03
  1.9270599865E+03  2.4806574717E+03
 WD_amp= 6.24889E+13  RESID_RMS= 3.38546E-02  FCOST_DATA= 5.73067E-04  FCOST0= 5.73067E-04
  
 -------------- calculate Frechet derivatives -----------
 IFREQ =           6    ITERATION =           6
||Frechet||_F=  2.7929E-12max|Frechet|=  2.9875E-17
||Frechet||_F=  2.7929E-12max|Frechet|=  2.9875E-17
||Frechet||_F=  2.7929E-12max|Frechet|=  2.9875E-17
||Frechet||_F=  2.7929E-12max|Frechet|=  2.9875E-17
||Frechet||_F=  2.7929E-12max|Frechet|=  2.9875E-17
||Frechet||_F=  2.7929E-12max|Frechet|=  2.9875E-17
Grad block   1 GRAD_SCALED MORM =   1.0238E-03
MT try: alpha=  3.7306E-03  phi=  5.7307E-04  dg= -5.1697E-04  dg0= -5.2824E-04
MT try: armijo_rhs=  5.7314E-04  armijo=T  curvature=F  task=FG
 Line search failed (IFLAG=          11 ), inversion diverged.
 --------- Frequency   4.75000000000000       (band            1 )
[ComputeAcqWeight] empty acq_weight_file, using uniform weights = 1.0
Data weighting computed for frequency 4607182418800017373
XSRmin, XSRmax, ZSRmin, ZSRMax -1960.000000000000 .000000000000000 2203.000000000000 4183.000000000000
Data weighting computed for frequency 4607182418800017373
1 FKYC
1.2 FKYC
my_rank, FKYC,WLMAX, RMAX 0 .3892843070752570E-01 1078.479746282688 2786.036611389018
1.1 NK
NK in cky2= 55

  Number of wavenumber samples (NK) for FREQ =   55
Data weighting computed for frequency 4607182418800017373
Data weighting computed for frequency 4607182418800017373
Data weighting computed for frequency 4607182418800017373
Data weighting computed for frequency 4607182418800017373
  RMAX = 2786.04
--- Pre-solver preview (memory + RHS workload) ---
   GQG dims: NNX=       609  NNZ=       329  NPT=    200361
   DOF:     N=3*NPT =    601083
   Sources: NSR=       100  NSS=        20  NK=        55
   RHS total (per IK): nrhs_tot=3*NSS =        60
   Batch:    MAX_RHS_BATCH=        32  nbatches=         2
   GFMY  (GFX+GFY+GFZ):         14.779 GB
   RHS_MY(rhs+sol buffers):      0.573 GB
 
 running run_ik_loop_pardiso
before CA | VmRSS=  16.505 GB  VmHWM=  87.671 GB
after CA | VmRSS=  17.355 GB  VmHWM=  87.671 GB
after factor | VmRSS=  21.404 GB  VmHWM=  87.671 GB
f=     4.750 Hz | ky=  0.707790E-03 | IK=       1/      55 | t=   18.330600 s | CA=  2.6353 | fact= 13.6715 | GF=  2.0236 | solve=  1.8579 | scatter=  0.0565
f=     4.750 Hz | ky=  0.141558E-02 | IK=       2/      55 | t=    7.119000 s | CA=  2.6542 | fact=  2.5519 | GF=  1.9129 | solve=  1.7815 | scatter=  0.0549
f=     4.750 Hz | ky=  0.212337E-02 | IK=       3/      55 | t=    7.167600 s | CA=  2.7006 | fact=  2.5511 | GF=  1.9158 | solve=  1.7828 | scatter=  0.0563
f=     4.750 Hz | ky=  0.283116E-02 | IK=       4/      55 | t=    7.233100 s | CA=  2.7336 | fact=  2.5862 | GF=  1.9132 | solve=  1.7838 | scatter=  0.0527
f=     4.750 Hz | ky=  0.353895E-02 | IK=       5/      55 | t=    7.195300 s | CA=  2.6924 | fact=  2.5857 | GF=  1.9171 | solve=  1.7857 | scatter=  0.0550
f=     4.750 Hz | ky=  0.424674E-02 | IK=       6/      55 | t=    7.179200 s | CA=  2.6875 | fact=  2.5840 | GF=  1.9077 | solve=  1.7785 | scatter=  0.0527
f=     4.750 Hz | ky=  0.495453E-02 | IK=       7/      55 | t=    7.164500 s | CA=  2.6745 | fact=  2.5771 | GF=  1.9128 | solve=  1.7797 | scatter=  0.0563
f=     4.750 Hz | ky=  0.566232E-02 | IK=       8/      55 | t=    7.191000 s | CA=  2.6817 | fact=  2.5936 | GF=  1.9157 | solve=  1.7863 | scatter=  0.0529
f=     4.750 Hz | ky=  0.637011E-02 | IK=       9/      55 | t=    7.201000 s | CA=  2.7016 | fact=  2.5916 | GF=  1.9077 | solve=  1.7795 | scatter=  0.0516
f=     4.750 Hz | ky=  0.707790E-02 | IK=      10/      55 | t=    7.178000 s | CA=  2.6770 | fact=  2.5916 | GF=  1.9094 | solve=  1.7772 | scatter=  0.0553
PARDISO mem (f=  4.75 Hz): sym=  2.09 GB  perm=  1.52 GB  num=  3.46 GB  
peak=  4.98 GB
t_global   =    122.630 s
TIME for 1st forward modeling =  2.043788274129232  min
TIME for GT0 =  .5156666537125905E-02  min
Data scaler W for L2 norm: 64109200372789.05
Data scaler W for WQS norm: .1007948000807317E-312
Total number of active inversion parameters for current sequential stage (IM):          1
Total model blocks points (NM = IM * NBLOCK):      12464 on grid (NMM = IM * NPT):    200361
 Gradient balance ():   1.00000000000000        1.00000000000000     
   1.00000000000000        1.00000000000000        1.00000000000000     
   1.00000000000000        1.00000000000000        1.00000000000000     
   1.00000000000000        1.00000000000000        1.00000000000000     
 IE0, IZ          33           0
 IE0, IZ, GZ1, GZ2 =           33           0   100.000000000000     
   300.000000000000     
  
 Frequency:           7 Iteration:           1
--- Pre-solver preview (memory + RHS workload) ---
   GQG dims: NNX=       609  NNZ=       329  NPT=    200361
   DOF:     N=3*NPT =    601083
   Sources: NSR=       100  NSS=       100  NK=        55
   RHS total (per IK): nrhs_tot=3*NSS =       300
   Batch:    MAX_RHS_BATCH=        32  nbatches=        10
   GFMY  (GFX+GFY+GFZ):         73.894 GB
   RHS_MY(rhs+sol buffers):      0.573 GB
 
 running run_ik_loop_pardiso
before CA | VmRSS=  76.610 GB  VmHWM=  87.671 GB
after CA | VmRSS=  77.320 GB  VmHWM=  87.671 GB
after factor | VmRSS=  81.366 GB  VmHWM=  87.671 GB
f=     4.750 Hz | ky=  0.707790E-03 | IK=       1/      55 | t=   25.742500 s | CA=  2.6082 | fact= 13.6751 | GF=  9.4590 | solve=  8.7622 | scatter=  0.2733
f=     4.750 Hz | ky=  0.141558E-02 | IK=       2/      55 | t=   14.605500 s | CA=  2.6793 | fact=  2.5826 | GF=  9.3436 | solve=  8.6792 | scatter=  0.2725
f=     4.750 Hz | ky=  0.212337E-02 | IK=       3/      55 | t=   14.547300 s | CA=  2.6170 | fact=  2.5789 | GF=  9.3513 | solve=  8.6877 | scatter=  0.2721
f=     4.750 Hz | ky=  0.283116E-02 | IK=       4/      55 | t=   14.602900 s | CA=  2.6624 | fact=  2.5724 | GF=  9.3681 | solve=  8.7020 | scatter=  0.2746
f=     4.750 Hz | ky=  0.353895E-02 | IK=       5/      55 | t=   14.605000 s | CA=  2.6614 | fact=  2.5876 | GF=  9.3559 | solve=  8.6887 | scatter=  0.2757
f=     4.750 Hz | ky=  0.424674E-02 | IK=       6/      55 | t=   14.607800 s | CA=  2.6645 | fact=  2.5749 | GF=  9.3683 | solve=  8.7025 | scatter=  0.2742
f=     4.750 Hz | ky=  0.495453E-02 | IK=       7/      55 | t=   14.625000 s | CA=  2.6840 | fact=  2.5781 | GF=  9.3628 | solve=  8.6966 | scatter=  0.2745
f=     4.750 Hz | ky=  0.566232E-02 | IK=       8/      55 | t=   14.601700 s | CA=  2.6526 | fact=  2.5878 | GF=  9.3612 | solve=  8.6974 | scatter=  0.2720
f=     4.750 Hz | ky=  0.637011E-02 | IK=       9/      55 | t=   14.579600 s | CA=  2.6701 | fact=  2.5525 | GF=  9.3570 | solve=  8.6908 | scatter=  0.2743
f=     4.750 Hz | ky=  0.707790E-02 | IK=      10/      55 | t=   14.643300 s | CA=  2.6973 | fact=  2.5802 | GF=  9.3658 | solve=  8.6991 | scatter=  0.2748
PARDISO mem (f=  4.75 Hz): sym=  2.09 GB  perm=  1.52 GB  num=  3.46 GB  
peak=  4.98 GB
t_global   =    361.110 s
TIME for 2d forward modeling_i calc =  6.015985107421875 min
Rank    1 -> ID range:    801 to   1600 | Tasks:    800
Rank    4 -> ID range:   3201 to   4000 | Tasks:    800
Rank    2 -> ID range:   1601 to   2400 | Tasks:    800
Rank    3 -> ID range:   2401 to   3200 | Tasks:    800
Rank    5 -> ID range:   4001 to   4800 | Tasks:    800
  
 -------------- calculate Frechet derivatives -----------
 IFREQ =           7    ITERATION =           1
Frechet memory size Frec_my:      0.891 (Gb)
Rank    0 -> ID range:      1 to    800 | Tasks:    800
FREQ:      4.8 Hz, ITER=       1  Frechet Derivative ID=     100/    4800 Finished   0.191600 s
FREQ:      4.8 Hz, ITER=       1  Frechet Derivative ID=     200/    4800 Finished   0.190300 s
FREQ:      4.8 Hz, ITER=       1  Frechet Derivative ID=     300/    4800 Finished   0.190600 s
FREQ:      4.8 Hz, ITER=       1  Frechet Derivative ID=     400/    4800 Finished   0.172600 s
FREQ:      4.8 Hz, ITER=       1  Frechet Derivative ID=     500/    4800 Finished   0.194700 s
FREQ:      4.8 Hz, ITER=       1  Frechet Derivative ID=     600/    4800 Finished   0.192900 s
FREQ:      4.8 Hz, ITER=       1  Frechet Derivative ID=     700/    4800 Finished   0.204400 s
FREQ:      4.8 Hz, ITER=       1  Frechet Derivative ID=     800/    4800 Finished   0.190100 s
||Frechet||_F=  2.9585E-12max|Frechet|=  2.9122E-17
||Frechet||_F=  2.9585E-12max|Frechet|=  2.9122E-17
 
TIME for Frechet calc =  2.863918304443359 min
 
m_fine: min=  1.9272E+03  max=  2.4803E+03  mean=  2.2207E+03  ||.||2=  9.9563E+05  size=  200361
m_coarse_prev: min=  1.9334E+03  max=  2.4675E+03  mean=  2.2209E+03  ||.||2=  2.4834E+05  size=   12464
 
  compute the residual and the cost function
 WD_amp= 6.41092E+13  RESID_RMS= 4.13677E-02  FCOST_DATA= 8.55642E-04  FCOST0= 8.55642E-04
||Frechet||_F=  2.9585E-12max|Frechet|=  2.9122E-17
||Frechet||_F=  2.9585E-12max|Frechet|=  2.9122E-17
||Frechet||_F=  2.9585E-12max|Frechet|=  2.9122E-17
||Frechet||_F=  2.9585E-12max|Frechet|=  2.9122E-17
IA=  1  H(single F0) min= 0.00000E+00  max= 2.51736E-02
IA=  1  H(F0^2)     min= 0.00000E+00  max= 2.51736E-02
HESSD: ia=   1  min= 0.00000E+00  max= 7.93767E+03
IA=  1  H(single F0) min= 0.00000E+00  max= 2.51736E-02
IA=  1  H(F0^2)     min= 0.00000E+00  max= 2.51736E-02
HESSD: ia=   1  min= 0.00000E+00  max= 7.93767E+03
IA=  1  H(single F0) min= 0.00000E+00  max= 2.51736E-02
IA=  1  H(F0^2)     min= 0.00000E+00  max= 2.51736E-02
HESSD: ia=   1  min= 0.00000E+00  max= 7.93767E+03
IA=  1  H(single F0) min= 0.00000E+00  max= 2.51736E-02
IA=  1  H(F0^2)     min= 0.00000E+00  max= 2.51736E-02
HESSD: ia=   1  min= 0.00000E+00  max= 7.93767E+03
IA=  1  H(single F0) min= 0.00000E+00  max= 2.51736E-02
IA=  1  H(F0^2)     min= 0.00000E+00  max= 2.51736E-02
HESSD: ia=   1  min= 0.00000E+00  max= 7.93767E+03
IA=  1  H(single F0) min= 0.00000E+00  max= 2.51736E-02
IA=  1  H(F0^2)     min= 0.00000E+00  max= 2.51736E-02
HESSD: ia=   1  min= 0.00000E+00  max= 7.93767E+03
Grad block   1 GRAD_SCALED MORM =   1.5323E-03
Raw grad block  1  PAR={rho}  min= -3.6425E-07  max=  4.9597E-07  L2=  2.0312E-06
Gradient finished
Start LBFGS 
LBFGS steepest step , iter=      1
  g·p = -6.0246E-04  ||p|| =  1.3497E+00
  min(p)= -9.1653E-02  max(p)=  1.1507E-01
LBFGS p_k (unscaled) stats per active parameter:
  IA=  1  PAR={rho}  min=-8.41333E+01  max= 1.05633E+02  L2= 1.23895E+03
min(p_k)= -9.1653E-02  max(p_k)=  1.1507E-01  ||p_k||=  1.3497E+00
min(p_kf)= -9.1653E-02  max(p_kf)=  1.1507E-01  ||p_kf||=  5.3987E+00
p_k/p_kf  =   2.5000E-01
Start linesearch
BT entry: phi(0)=  8.5564E-04  g·p(0)= -6.0246E-04
 UPDATEPARAMETER: f-scale only
UPDATEPARAMETER PAR_STEP min/max, V_STEP min/max =  1.9241227844E+03  2.5162893037E+03
  1.9241227844E+03  2.5162893037E+03
REL STEP elastic: k=  1 row=  1 rmax_k=  4.9879E-02 row_scale=  2.4803E+03
BT cap probe: rmax1=  4.9879E-02  alpha_cap=  1.0000E+00  alpha00=  1.0000E+00
 UPDATEPARAMETER: f-scale only
UPDATEPARAMETER PAR_STEP min/max, V_STEP min/max =  1.9241227844E+03  2.5162893037E+03
  1.9241227844E+03  2.5162893037E+03
 running run_ik_loop_pardiso
before CA | VmRSS=  17.404 GB  VmHWM=  87.671 GB
after CA | VmRSS=  18.622 GB  VmHWM=  87.671 GB
after factor | VmRSS=  22.666 GB  VmHWM=  87.671 GB
f=     4.750 Hz | ky=  0.707790E-03 | IK=       1/      55 | t=   18.377500 s | CA=  2.6633 | fact= 13.6916 | GF=  2.0224 | solve=  1.8554 | scatter=  0.0579
f=     4.750 Hz | ky=  0.141558E-02 | IK=       2/      55 | t=    7.233800 s | CA=  2.7238 | fact=  2.5921 | GF=  1.9179 | solve=  1.7878 | scatter=  0.0536
f=     4.750 Hz | ky=  0.212337E-02 | IK=       3/      55 | t=    7.197400 s | CA=  2.7264 | fact=  2.5508 | GF=  1.9202 | solve=  1.7905 | scatter=  0.0532
f=     4.750 Hz | ky=  0.283116E-02 | IK=       4/      55 | t=    7.122300 s | CA=  2.6729 | fact=  2.5316 | GF=  1.9178 | solve=  1.7859 | scatter=  0.0551
f=     4.750 Hz | ky=  0.353895E-02 | IK=       5/      55 | t=    7.166700 s | CA=  2.6700 | fact=  2.5868 | GF=  1.9099 | solve=  1.7795 | scatter=  0.0537
f=     4.750 Hz | ky=  0.424674E-02 | IK=       6/      55 | t=    7.200500 s | CA=  2.6936 | fact=  2.5937 | GF=  1.9132 | solve=  1.7818 | scatter=  0.0547
f=     4.750 Hz | ky=  0.495453E-02 | IK=       7/      55 | t=    7.085700 s | CA=  2.6347 | fact=  2.5409 | GF=  1.9101 | solve=  1.7792 | scatter=  0.0542
f=     4.750 Hz | ky=  0.566232E-02 | IK=       8/      55 | t=    7.188600 s | CA=  2.6863 | fact=  2.5873 | GF=  1.9149 | solve=  1.7850 | scatter=  0.0533
f=     4.750 Hz | ky=  0.637011E-02 | IK=       9/      55 | t=    7.144200 s | CA=  2.6501 | fact=  2.5800 | GF=  1.9141 | solve=  1.7819 | scatter=  0.0551
f=     4.750 Hz | ky=  0.707790E-02 | IK=      10/      55 | t=    7.187800 s | CA=  2.6871 | fact=  2.5884 | GF=  1.9122 | solve=  1.7806 | scatter=  0.0550
PARDISO mem (f=  4.75 Hz): sym=  2.09 GB  perm=  1.52 GB  num=  3.46 GB  
peak=  4.98 GB
 WD_amp= 6.41092E+13  RESID_RMS= 9.86870E-02  FCOST_DATA= 4.86956E-03  FCOST0= 4.86956E-03
BT: alpha=  1.0000E+00  phi=  4.8696E-03  rhs=  8.5558E-04
 UPDATEPARAMETER: f-scale only
UPDATEPARAMETER PAR_STEP min/max, V_STEP min/max =  1.9256638085E+03  2.4972583292E+03
  1.9256638085E+03  2.4972583292E+03
 running run_ik_loop_pardiso
before CA | VmRSS=  18.015 GB  VmHWM=  87.671 GB
after CA | VmRSS=  18.790 GB  VmHWM=  87.671 GB
after factor | VmRSS=  22.831 GB  VmHWM=  87.671 GB
f=     4.750 Hz | ky=  0.707790E-03 | IK=       1/      55 | t=   18.349600 s | CA=  2.6586 | fact= 13.6749 | GF=  2.0159 | solve=  1.8531 | scatter=  0.0539
f=     4.750 Hz | ky=  0.141558E-02 | IK=       2/      55 | t=    7.152700 s | CA=  2.6919 | fact=  2.5421 | GF=  1.9186 | solve=  1.7886 | scatter=  0.0535
f=     4.750 Hz | ky=  0.212337E-02 | IK=       3/      55 | t=    7.130000 s | CA=  2.6333 | fact=  2.5812 | GF=  1.9155 | solve=  1.7847 | scatter=  0.0544
f=     4.750 Hz | ky=  0.283116E-02 | IK=       4/      55 | t=    7.171400 s | CA=  2.6730 | fact=  2.5833 | GF=  1.9150 | solve=  1.7836 | scatter=  0.0548
f=     4.750 Hz | ky=  0.353895E-02 | IK=       5/      55 | t=    7.155600 s | CA=  2.6715 | fact=  2.5697 | GF=  1.9144 | solve=  1.7828 | scatter=  0.0551
f=     4.750 Hz | ky=  0.424674E-02 | IK=       6/      55 | t=    7.132300 s | CA=  2.6945 | fact=  2.5252 | GF=  1.9125 | solve=  1.7824 | scatter=  0.0536
f=     4.750 Hz | ky=  0.495453E-02 | IK=       7/      55 | t=    7.138100 s | CA=  2.6396 | fact=  2.5897 | GF=  1.9088 | solve=  1.7777 | scatter=  0.0544
f=     4.750 Hz | ky=  0.566232E-02 | IK=       8/      55 | t=    7.203600 s | CA=  2.7141 | fact=  2.5728 | GF=  1.9167 | solve=  1.7858 | scatter=  0.0542
f=     4.750 Hz | ky=  0.637011E-02 | IK=       9/      55 | t=    7.149300 s | CA=  2.6666 | fact=  2.5703 | GF=  1.9124 | solve=  1.7786 | scatter=  0.0575
f=     4.750 Hz | ky=  0.707790E-02 | IK=      10/      55 | t=    7.193600 s | CA=  2.6925 | fact=  2.5870 | GF=  1.9141 | solve=  1.7829 | scatter=  0.0542
PARDISO mem (f=  4.75 Hz): sym=  2.09 GB  perm=  1.52 GB  num=  3.46 GB  
peak=  4.98 GB
 WD_amp= 6.41092E+13  RESID_RMS= 5.49974E-02  FCOST_DATA= 1.51236E-03  FCOST0= 1.51236E-03
BT: alpha=  5.0000E-01  phi=  1.5124E-03  rhs=  8.5561E-04
 UPDATEPARAMETER: f-scale only
UPDATEPARAMETER PAR_STEP min/max, V_STEP min/max =  1.9264343205E+03  2.4878370425E+03
  1.9264343205E+03  2.4878370425E+03
 running run_ik_loop_pardiso
before CA | VmRSS=  17.535 GB  VmHWM=  87.671 GB
after CA | VmRSS=  18.188 GB  VmHWM=  87.671 GB
after factor | VmRSS=  22.233 GB  VmHWM=  87.671 GB
f=     4.750 Hz | ky=  0.707790E-03 | IK=       1/      55 | t=   18.278600 s | CA=  2.5954 | fact= 13.6656 | GF=  2.0174 | solve=  1.8544 | scatter=  0.0543
f=     4.750 Hz | ky=  0.141558E-02 | IK=       2/      55 | t=    7.118300 s | CA=  2.6588 | fact=  2.5506 | GF=  1.9089 | solve=  1.7782 | scatter=  0.0542
f=     4.750 Hz | ky=  0.212337E-02 | IK=       3/      55 | t=    7.161400 s | CA=  2.6768 | fact=  2.5749 | GF=  1.9097 | solve=  1.7769 | scatter=  0.0562
f=     4.750 Hz | ky=  0.283116E-02 | IK=       4/      55 | t=    7.187200 s | CA=  2.6899 | fact=  2.5819 | GF=  1.9153 | solve=  1.7844 | scatter=  0.0545
f=     4.750 Hz | ky=  0.353895E-02 | IK=       5/      55 | t=    7.146700 s | CA=  2.6990 | fact=  2.5347 | GF=  1.9130 | solve=  1.7830 | scatter=  0.0534
f=     4.750 Hz | ky=  0.424674E-02 | IK=       6/      55 | t=    7.144800 s | CA=  2.6557 | fact=  2.5758 | GF=  1.9132 | solve=  1.7829 | scatter=  0.0537
f=     4.750 Hz | ky=  0.495453E-02 | IK=       7/      55 | t=    7.177200 s | CA=  2.6842 | fact=  2.5835 | GF=  1.9095 | solve=  1.7782 | scatter=  0.0548
f=     4.750 Hz | ky=  0.566232E-02 | IK=       8/      55 | t=    7.228700 s | CA=  2.7299 | fact=  2.5851 | GF=  1.9137 | solve=  1.7811 | scatter=  0.0560
f=     4.750 Hz | ky=  0.637011E-02 | IK=       9/      55 | t=    7.138800 s | CA=  2.6711 | fact=  2.5496 | GF=  1.9181 | solve=  1.7856 | scatter=  0.0559
f=     4.750 Hz | ky=  0.707790E-02 | IK=      10/      55 | t=    7.192200 s | CA=  2.6917 | fact=  2.5860 | GF=  1.9145 | solve=  1.7842 | scatter=  0.0539
PARDISO mem (f=  4.75 Hz): sym=  2.09 GB  perm=  1.52 GB  num=  3.46 GB  
peak=  4.98 GB
 WD_amp= 6.41092E+13  RESID_RMS= 4.09617E-02  FCOST_DATA= 8.38930E-04  FCOST0= 8.38930E-04
BT: alpha=  2.5000E-01  phi=  8.3893E-04  rhs=  8.5563E-04
  
  
Convergence reached, updating parameter grid
ALPHA from line search =  .2500000000000000
 FCOST0 after linesearch  8.389298692992083E-004
Norm of s (s_norm) =  .3374210203014177
  
  
  
  
Time for LBFGS =  6.152381896972656 min
  
 Frequency:           7 Iteration:           2
t_global   =    358.977 s
  
 -------------- calculate Frechet derivatives -----------
 IFREQ =           7    ITERATION =           2
||Frechet||_F=  2.9578E-12max|Frechet|=  2.9165E-17
 
TIME for Frechet calc =  2.840276590983073 min
 
 
  compute the residual and the cost function
 WD_amp= 6.41092E+13  RESID_RMS= 4.09617E-02  FCOST_DATA= 8.38930E-04  FCOST0= 8.38930E-04
||Frechet||_F=  2.9578E-12max|Frechet|=  2.9165E-17
||Frechet||_F=  2.9578E-12max|Frechet|=  2.9165E-17
||Frechet||_F=  2.9578E-12max|Frechet|=  2.9165E-17
||Frechet||_F=  2.9578E-12max|Frechet|=  2.9165E-17
||Frechet||_F=  2.9578E-12max|Frechet|=  2.9165E-17
Grad block   1 GRAD_SCALED MORM =   3.4857E-03
Raw grad block  1  PAR={rho}  min= -5.0310E-07  max=  4.7923E-07  L2=  4.1160E-06
Gradient finished
Start LBFGS 
curvature (warm): s·y=  3.9405E-04  ||s||^2=  1.1385E-01  ||y||^2=  1.1419E-05  sTy_min=  1.1402E-04
LBFGS step: g·p = -8.3593E-04  ||p||=  2.3643E+00
LBFGS step: min(p)= -1.2883E-01  max(p)=  2.2078E-01
LBFGS p_k (unscaled) stats per active parameter:
  IA=  1  PAR={rho}  min=-1.18259E+02  max= 2.02667E+02  L2= 2.17034E+03
min(p_k)= -1.2883E-01  max(p_k)=  2.2078E-01  ||p_k||=  2.3643E+00
min(p_kf)= -1.2883E-01  max(p_kf)=  2.2078E-01  ||p_kf||=  9.4573E+00
p_k/p_kf  =   2.5000E-01
Start linesearch
MT entry: phi(0)=  8.3893E-04  dg0= -8.3593E-04  alpha0=  1.0000E+00
 UPDATEPARAMETER: f-scale only
UPDATEPARAMETER PAR_STEP min/max, V_STEP min/max =  1.9203036942E+03  2.5671136141E+03
  1.9203036942E+03  2.5671136141E+03
 WD_amp= 6.41092E+13  RESID_RMS= 1.19140E-01  FCOST_DATA= 7.09714E-03  FCOST0= 7.09714E-03
  
 -------------- calculate Frechet derivatives -----------
 IFREQ =           7    ITERATION =           2
||Frechet||_F=  2.9641E-12max|Frechet|=  2.8949E-17
||Frechet||_F=  2.9641E-12max|Frechet|=  2.8949E-17
||Frechet||_F=  2.9641E-12max|Frechet|=  2.8949E-17
||Frechet||_F=  2.9641E-12max|Frechet|=  2.8949E-17
||Frechet||_F=  2.9641E-12max|Frechet|=  2.8949E-17
||Frechet||_F=  2.9641E-12max|Frechet|=  2.8949E-17
Grad block   1 GRAD_SCALED MORM =   8.4802E-03
MT try: alpha=  1.0000E+00  phi=  7.0971E-03  dg=  4.2067E-03  dg0= -8.3593E-04
MT try: armijo_rhs=  8.3885E-04  armijo=F  curvature=F  task=FG
 UPDATEPARAMETER: f-scale only
UPDATEPARAMETER PAR_STEP min/max, V_STEP min/max =  1.9262729473E+03  2.4899237974E+03
  1.9262729473E+03  2.4899237974E+03
 WD_amp= 6.41092E+13  RESID_RMS= 3.98916E-02  FCOST_DATA= 7.95672E-04  FCOST0= 7.95672E-04
  
 -------------- calculate Frechet derivatives -----------
 IFREQ =           7    ITERATION =           2
||Frechet||_F=  2.9580E-12max|Frechet|=  2.9155E-17
||Frechet||_F=  2.9580E-12max|Frechet|=  2.9155E-17
||Frechet||_F=  2.9580E-12max|Frechet|=  2.9155E-17
||Frechet||_F=  2.9580E-12max|Frechet|=  2.9155E-17
||Frechet||_F=  2.9580E-12max|Frechet|=  2.9155E-17
||Frechet||_F=  2.9580E-12max|Frechet|=  2.9155E-17
Grad block   1 GRAD_SCALED MORM =   3.2979E-03
MT try: alpha=  2.6322E-02  phi=  7.9567E-04  dg= -6.9841E-04  dg0= -8.3593E-04
MT try: armijo_rhs=  8.3893E-04  armijo=T  curvature=T  task=FG
  
Convergence reached, updating parameter grid
ALPHA from line search =  .2632246731666952E-01
 FCOST0 after linesearch  7.956716619103160E-004
Norm of s (s_norm) =  .6223464893915925E-01
  
  
  
  
  
Time for LBFGS =  17.61572672526042 min
  
 Frequency:           7 Iteration:           3
t_global   =    357.743 s
  
 -------------- calculate Frechet derivatives -----------
 IFREQ =           7    ITERATION =           3
||Frechet||_F=  2.9580E-12max|Frechet|=  2.9155E-17
||Frechet||_F=  2.9580E-12max|Frechet|=  2.9155E-17
||Frechet||_F=  2.9580E-12max|Frechet|=  2.9155E-17
 
TIME for Frechet calc =  2.859943389892578 min
 
 
  compute the residual and the cost function
 WD_amp= 6.41092E+13  RESID_RMS= 3.98916E-02  FCOST_DATA= 7.95672E-04  FCOST0= 7.95672E-04
||Frechet||_F=  2.9580E-12max|Frechet|=  2.9155E-17
||Frechet||_F=  2.9580E-12max|Frechet|=  2.9155E-17
||Frechet||_F=  2.9580E-12max|Frechet|=  2.9155E-17
Grad block   1 GRAD_SCALED MORM =   3.2979E-03
Gradient finished
Start LBFGS 
curvature (warm): s·y=  3.6200E-06  ||s||^2=  3.8732E-03  ||y||^2=  5.3472E-08  sTy_min=  1.4391E-06
LBFGS step: g·p = -1.2339E-03  ||p||=  3.6162E+00
LBFGS step: min(p)= -2.1488E-01  max(p)=  3.3139E-01
LBFGS p_k (unscaled) stats per active parameter:
  IA=  1  PAR={rho}  min=-1.97252E+02  max= 3.04198E+02  L2= 3.31954E+03
min(p_k)= -2.1488E-01  max(p_k)=  3.3139E-01  ||p_k||=  3.6162E+00
min(p_kf)= -2.1488E-01  max(p_kf)=  3.3139E-01  ||p_kf||=  1.4465E+01
p_k/p_kf  =   2.5000E-01
Start linesearch
MT entry: phi(0)=  7.9567E-04  dg0= -1.2339E-03  alpha0=  1.0000E+00
 UPDATEPARAMETER: f-scale only
UPDATEPARAMETER PAR_STEP min/max, V_STEP min/max =  1.8786040411E+03  2.6022046010E+03
  1.8786040411E+03  2.6022046010E+03
 WD_amp= 6.41092E+13  RESID_RMS= 1.23478E-01  FCOST_DATA= 7.62343E-03  FCOST0= 7.62343E-03
  
 -------------- calculate Frechet derivatives -----------
 IFREQ =           7    ITERATION =           3
||Frechet||_F=  2.9713E-12max|Frechet|=  2.9251E-17
||Frechet||_F=  2.9713E-12max|Frechet|=  2.9251E-17
||Frechet||_F=  2.9713E-12max|Frechet|=  2.9251E-17
||Frechet||_F=  2.9713E-12max|Frechet|=  2.9251E-17
||Frechet||_F=  2.9713E-12max|Frechet|=  2.9251E-17
||Frechet||_F=  2.9713E-12max|Frechet|=  2.9251E-17
Grad block   1 GRAD_SCALED MORM =   1.0044E-02
MT try: alpha=  1.0000E+00  phi=  7.6234E-03  dg=  5.5911E-03  dg0= -1.2339E-03
MT try: armijo_rhs=  7.9555E-04  armijo=F  curvature=F  task=FG
 UPDATEPARAMETER: f-scale only
UPDATEPARAMETER PAR_STEP min/max, V_STEP min/max =  1.9256179564E+03  2.4940317113E+03
  1.9256179564E+03  2.4940317113E+03
 WD_amp= 6.41092E+13  RESID_RMS= 3.84679E-02  FCOST_DATA= 7.39888E-04  FCOST0= 7.39888E-04
  
 -------------- calculate Frechet derivatives -----------
 IFREQ =           7    ITERATION =           3
||Frechet||_F=  2.9584E-12max|Frechet|=  2.9148E-17
||Frechet||_F=  2.9584E-12max|Frechet|=  2.9148E-17
||Frechet||_F=  2.9584E-12max|Frechet|=  2.9148E-17
||Frechet||_F=  2.9584E-12max|Frechet|=  2.9148E-17
||Frechet||_F=  2.9584E-12max|Frechet|=  2.9148E-17
||Frechet||_F=  2.9584E-12max|Frechet|=  2.9148E-17
Grad block   1 GRAD_SCALED MORM =   2.9921E-03
MT try: alpha=  3.6615E-02  phi=  7.3989E-04  dg= -9.6797E-04  dg0= -1.2339E-03
MT try: armijo_rhs=  7.9567E-04  armijo=T  curvature=T  task=FG
  
Convergence reached, updating parameter grid
ALPHA from line search =  .3661532490788772E-01
 FCOST0 after linesearch  7.398881626405900E-004
Norm of s (s_norm) =  .1324093498361564
  
  
  
  
  
Convergence check at iteration    3
  Relative cost decrease  =  7.0109E-02
  Relative model update   =  0.0000E+00
  Relative grad. norm     =  3.3617E+00
Time for LBFGS =  17.70227864583333 min
  
 Frequency:           7 Iteration:           4
t_global   =    360.176 s
  
 -------------- calculate Frechet derivatives -----------
 IFREQ =           7    ITERATION =           4
||Frechet||_F=  2.9584E-12max|Frechet|=  2.9148E-17
 
TIME for Frechet calc =  2.847451782226563 min
 
 
  compute the residual and the cost function
 WD_amp= 6.41092E+13  RESID_RMS= 3.84679E-02  FCOST_DATA= 7.39888E-04  FCOST0= 7.39888E-04
||Frechet||_F=  2.9584E-12max|Frechet|=  2.9148E-17
||Frechet||_F=  2.9584E-12max|Frechet|=  2.9148E-17
||Frechet||_F=  2.9584E-12max|Frechet|=  2.9148E-17
||Frechet||_F=  2.9584E-12max|Frechet|=  2.9148E-17
||Frechet||_F=  2.9584E-12max|Frechet|=  2.9148E-17
Grad block   1 GRAD_SCALED MORM =   2.9921E-03
Gradient finished
Start LBFGS 
curvature (warm): s·y=  9.7362E-06  ||s||^2=  1.7532E-02  ||y||^2=  1.1258E-07  sTy_min=  4.4428E-06
LBFGS step: g·p = -6.8758E-04  ||p||=  2.1693E+00
LBFGS step: min(p)= -1.3747E-01  max(p)=  1.7737E-01
LBFGS p_k (unscaled) stats per active parameter:
  IA=  1  PAR={rho}  min=-1.26191E+02  max= 1.62822E+02  L2= 1.99136E+03
min(p_k)= -1.3747E-01  max(p_k)=  1.7737E-01  ||p_k||=  2.1693E+00
min(p_kf)= -1.3747E-01  max(p_kf)=  1.7737E-01  ||p_kf||=  8.6774E+00
p_k/p_kf  =   2.5000E-01
Start linesearch
MT entry: phi(0)=  7.3989E-04  dg0= -6.8758E-04  alpha0=  1.0000E+00
 UPDATEPARAMETER: f-scale only
UPDATEPARAMETER PAR_STEP min/max, V_STEP min/max =  1.8983739571E+03  2.5241594374E+03
  1.8983739571E+03  2.5241594374E+03
 WD_amp= 6.41092E+13  RESID_RMS= 7.71616E-02  FCOST_DATA= 2.97696E-03  FCOST0= 2.97696E-03
  
 -------------- calculate Frechet derivatives -----------
 IFREQ =           7    ITERATION =           4
||Frechet||_F=  2.9600E-12max|Frechet|=  2.8918E-17
||Frechet||_F=  2.9600E-12max|Frechet|=  2.8918E-17
||Frechet||_F=  2.9600E-12max|Frechet|=  2.8918E-17
||Frechet||_F=  2.9600E-12max|Frechet|=  2.8918E-17
||Frechet||_F=  2.9600E-12max|Frechet|=  2.8918E-17
||Frechet||_F=  2.9600E-12max|Frechet|=  2.8918E-17
Grad block   1 GRAD_SCALED MORM =   8.0502E-03
MT try: alpha=  1.0000E+00  phi=  2.9770E-03  dg=  2.5127E-03  dg0= -6.8758E-04
MT try: armijo_rhs=  7.3982E-04  armijo=F  curvature=F  task=FG
 UPDATEPARAMETER: f-scale only
UPDATEPARAMETER PAR_STEP min/max, V_STEP min/max =  1.9238562857E+03  2.4959798517E+03
  1.9238562857E+03  2.4959798517E+03
 WD_amp= 6.41092E+13  RESID_RMS= 3.69819E-02  FCOST_DATA= 6.83831E-04  FCOST0= 6.83831E-04
  
 -------------- calculate Frechet derivatives -----------
 IFREQ =           7    ITERATION =           4
||Frechet||_F=  2.9585E-12max|Frechet|=  2.9141E-17
||Frechet||_F=  2.9585E-12max|Frechet|=  2.9141E-17
||Frechet||_F=  2.9585E-12max|Frechet|=  2.9141E-17
||Frechet||_F=  2.9585E-12max|Frechet|=  2.9141E-17
||Frechet||_F=  2.9585E-12max|Frechet|=  2.9141E-17
||Frechet||_F=  2.9585E-12max|Frechet|=  2.9141E-17
Grad block   1 GRAD_SCALED MORM =   2.7741E-03
MT try: alpha=  6.4663E-02  phi=  6.8383E-04  dg= -4.8148E-04  dg0= -6.8758E-04
MT try: armijo_rhs=  7.3988E-04  armijo=T  curvature=T  task=FG
  
  
  
Convergence reached, updating parameter grid
ALPHA from line search =  .6466270744015941E-01
 FCOST0 after linesearch  6.838306899711077E-004
Norm of s (s_norm) =  .1402753442934493
  
  
  
Convergence check at iteration    4
  Relative cost decrease  =  7.5765E-02
  Relative model update   =  0.0000E+00
  Relative grad. norm     =  3.1049E+00
Time for LBFGS =  17.65486857096354 min
  
 Frequency:           7 Iteration:           5
t_global   =    357.630 s
  
 -------------- calculate Frechet derivatives -----------
 IFREQ =           7    ITERATION =           5
||Frechet||_F=  2.9585E-12max|Frechet|=  2.9141E-17
||Frechet||_F=  2.9585E-12max|Frechet|=  2.9141E-17
 
TIME for Frechet calc =  2.860103352864583 min
 
 
  compute the residual and the cost function
 WD_amp= 6.41092E+13  RESID_RMS= 3.69819E-02  FCOST_DATA= 6.83831E-04  FCOST0= 6.83831E-04
||Frechet||_F=  2.9585E-12max|Frechet|=  2.9141E-17
||Frechet||_F=  2.9585E-12max|Frechet|=  2.9141E-17
||Frechet||_F=  2.9585E-12max|Frechet|=  2.9141E-17
||Frechet||_F=  2.9585E-12max|Frechet|=  2.9141E-17
Grad block   1 GRAD_SCALED MORM =   2.7741E-03
Gradient finished
Start LBFGS 
curvature (warm): s·y=  1.3327E-05  ||s||^2=  1.9677E-02  ||y||^2=  2.0770E-07  sTy_min=  6.3930E-06
LBFGS step: g·p = -1.3021E-03  ||p||=  4.4231E+00
LBFGS step: min(p)= -2.9806E-01  max(p)=  3.4584E-01
LBFGS p_k (unscaled) stats per active parameter:
  IA=  1  PAR={rho}  min=-2.73604E+02  max= 3.17467E+02  L2= 4.06025E+03
min(p_k)= -2.9806E-01  max(p_k)=  3.4584E-01  ||p_k||=  4.4231E+00
min(p_kf)= -2.9806E-01  max(p_kf)=  3.4584E-01  ||p_kf||=  1.7693E+01
p_k/p_kf  =   2.5000E-01
Start linesearch
MT entry: phi(0)=  6.8383E-04  dg0= -1.3021E-03  alpha0=  1.0000E+00
 UPDATEPARAMETER: f-scale only
UPDATEPARAMETER PAR_STEP min/max, V_STEP min/max =  1.8234147472E+03  2.6194807174E+03
  1.8234147472E+03  2.6194807174E+03
 WD_amp= 6.41092E+13  RESID_RMS= 1.35499E-01  FCOST_DATA= 9.17997E-03  FCOST0= 9.17997E-03
  
 -------------- calculate Frechet derivatives -----------
 IFREQ =           7    ITERATION =           5
||Frechet||_F=  2.9582E-12max|Frechet|=  2.8692E-17
||Frechet||_F=  2.9582E-12max|Frechet|=  2.8692E-17
||Frechet||_F=  2.9582E-12max|Frechet|=  2.8692E-17
||Frechet||_F=  2.9582E-12max|Frechet|=  2.8692E-17
||Frechet||_F=  2.9582E-12max|Frechet|=  2.8692E-17
||Frechet||_F=  2.9582E-12max|Frechet|=  2.8692E-17
Grad block   1 GRAD_SCALED MORM =   1.5912E-02
MT try: alpha=  1.0000E+00  phi=  9.1800E-03  dg=  8.1980E-03  dg0= -1.3021E-03
MT try: armijo_rhs=  6.8370E-04  armijo=F  curvature=F  task=FG
 UPDATEPARAMETER: f-scale only
UPDATEPARAMETER PAR_STEP min/max, V_STEP min/max =  1.9217241073E+03  2.4970999136E+03
  1.9217241073E+03  2.4970999136E+03
 WD_amp= 6.41092E+13  RESID_RMS= 3.59261E-02  FCOST_DATA= 6.45342E-04  FCOST0= 6.45342E-04
  
 -------------- calculate Frechet derivatives -----------
 IFREQ =           7    ITERATION =           5
||Frechet||_F=  2.9585E-12max|Frechet|=  2.9129E-17
||Frechet||_F=  2.9585E-12max|Frechet|=  2.9129E-17
||Frechet||_F=  2.9585E-12max|Frechet|=  2.9129E-17
||Frechet||_F=  2.9585E-12max|Frechet|=  2.9129E-17
||Frechet||_F=  2.9585E-12max|Frechet|=  2.9129E-17
||Frechet||_F=  2.9585E-12max|Frechet|=  2.9129E-17
Grad block   1 GRAD_SCALED MORM =   2.4333E-03
MT try: alpha=  3.3584E-02  phi=  6.4534E-04  dg= -9.4914E-04  dg0= -1.3021E-03
MT try: armijo_rhs=  6.8383E-04  armijo=T  curvature=T  task=FG
Convergence reached, updating parameter grid
ALPHA from line search =  .3358412190338054E-01
 FCOST0 after linesearch  6.453420574566647E-004
Norm of s (s_norm) =  .1485471598610887
  
  
  
  
  
  
Convergence check at iteration    5
  Relative cost decrease  =  5.6284E-02
  Relative model update   =  0.0000E+00
  Relative grad. norm     =  2.6438E+00
Time for LBFGS =  17.48299763997396 min
  
 Frequency:           7 Iteration:           6
t_global   =    360.126 s
  
 -------------- calculate Frechet derivatives -----------
 IFREQ =           7    ITERATION =           6
||Frechet||_F=  2.9585E-12max|Frechet|=  2.9129E-17
 
TIME for Frechet calc =  2.820704905192057 min
 
 
  compute the residual and the cost function
 WD_amp= 6.41092E+13  RESID_RMS= 3.59261E-02  FCOST_DATA= 6.45342E-04  FCOST0= 6.45342E-04
||Frechet||_F=  2.9585E-12max|Frechet|=  2.9129E-17
||Frechet||_F=  2.9585E-12max|Frechet|=  2.9129E-17
||Frechet||_F=  2.9585E-12max|Frechet|=  2.9129E-17
||Frechet||_F=  2.9585E-12max|Frechet|=  2.9129E-17
||Frechet||_F=  2.9585E-12max|Frechet|=  2.9129E-17
Grad block   1 GRAD_SCALED MORM =   2.4333E-03
Gradient finished
Start LBFGS 
curvature (warm): s·y=  1.1855E-05  ||s||^2=  2.2066E-02  ||y||^2=  2.6701E-07  sTy_min=  7.6758E-06
LBFGS step: g·p = -9.3925E-04  ||p||=  3.7119E+00
LBFGS step: min(p)= -2.7751E-01  max(p)=  2.9497E-01
LBFGS p_k (unscaled) stats per active parameter:
  IA=  1  PAR={rho}  min=-2.54747E+02  max= 2.70773E+02  L2= 3.40737E+03
min(p_k)= -2.7751E-01  max(p_k)=  2.9497E-01  ||p_k||=  3.7119E+00
min(p_kf)= -2.7751E-01  max(p_kf)=  2.9497E-01  ||p_kf||=  1.4848E+01
p_k/p_kf  =   2.5000E-01
Start linesearch
MT entry: phi(0)=  6.4534E-04  dg0= -9.3925E-04  alpha0=  1.0000E+00
 UPDATEPARAMETER: f-scale only
UPDATEPARAMETER PAR_STEP min/max, V_STEP min/max =  1.8420009318E+03  2.5933702868E+03
  1.8420009318E+03  2.5933702868E+03
 WD_amp= 6.41092E+13  RESID_RMS= 1.18290E-01  FCOST_DATA= 6.99626E-03  FCOST0= 6.99626E-03
  
 -------------- calculate Frechet derivatives -----------
 IFREQ =           7    ITERATION =           6
||Frechet||_F=  2.9660E-12max|Frechet|=  2.9094E-17
||Frechet||_F=  2.9660E-12max|Frechet|=  2.9094E-17
||Frechet||_F=  2.9660E-12max|Frechet|=  2.9094E-17
||Frechet||_F=  2.9660E-12max|Frechet|=  2.9094E-17
||Frechet||_F=  2.9660E-12max|Frechet|=  2.9094E-17
||Frechet||_F=  2.9660E-12max|Frechet|=  2.9094E-17
Grad block   1 GRAD_SCALED MORM =   1.4103E-02
MT try: alpha=  1.0000E+00  phi=  6.9963E-03  dg=  5.1951E-03  dg0= -9.3925E-04
MT try: armijo_rhs=  6.4525E-04  armijo=F  curvature=F  task=FG
 UPDATEPARAMETER: f-scale only
UPDATEPARAMETER PAR_STEP min/max, V_STEP min/max =  1.9198497805E+03  2.4977953799E+03
  1.9198497805E+03  2.4977953799E+03
 WD_amp= 6.41092E+13  RESID_RMS= 3.53467E-02  FCOST_DATA= 6.24696E-04  FCOST0= 6.24696E-04
  
 -------------- calculate Frechet derivatives -----------
 IFREQ =           7    ITERATION =           6
||Frechet||_F=  2.9588E-12max|Frechet|=  2.9124E-17
||Frechet||_F=  2.9588E-12max|Frechet|=  2.9124E-17
||Frechet||_F=  2.9588E-12max|Frechet|=  2.9124E-17
||Frechet||_F=  2.9588E-12max|Frechet|=  2.9124E-17
||Frechet||_F=  2.9588E-12max|Frechet|=  2.9124E-17
||Frechet||_F=  2.9588E-12max|Frechet|=  2.9124E-17
Grad block   1 GRAD_SCALED MORM =   2.0404E-03
MT try: alpha=  3.0598E-02  phi=  6.2470E-04  dg= -7.4187E-04  dg0= -9.3925E-04
MT try: armijo_rhs=  6.4534E-04  armijo=T  curvature=T  task=FG
Convergence reached, updating parameter grid
ALPHA from line search =  .3059755488351618E-01
 FCOST0 after linesearch  6.246960052216284E-004
Norm of s (s_norm) =  .1135754091893685
  
  
  
  
  
  
Convergence check at iteration    6
  Relative cost decrease  =  3.1992E-02
  Relative model update   =  0.0000E+00
  Relative grad. norm     =  2.1300E+00
Time for LBFGS =  17.52246704101562 min
  
 Frequency:           7 Iteration:           7
t_global   =    358.506 s
  
 -------------- calculate Frechet derivatives -----------
 IFREQ =           7    ITERATION =           7
||Frechet||_F=  2.9588E-12max|Frechet|=  2.9124E-17
||Frechet||_F=  2.9588E-12max|Frechet|=  2.9124E-17
||Frechet||_F=  2.9588E-12max|Frechet|=  2.9124E-17
 
TIME for Frechet calc =  2.860438283284505 min
 
 
  compute the residual and the cost function
 WD_amp= 6.41092E+13  RESID_RMS= 3.53467E-02  FCOST_DATA= 6.24696E-04  FCOST0= 6.24696E-04
||Frechet||_F=  2.9588E-12max|Frechet|=  2.9124E-17
||Frechet||_F=  2.9588E-12max|Frechet|=  2.9124E-17
||Frechet||_F=  2.9588E-12max|Frechet|=  2.9124E-17
Grad block   1 GRAD_SCALED MORM =   2.0404E-03
Gradient finished
Start LBFGS 
curvature (full): s·y=  6.0395E-06  ||s||^2=  1.2899E-02  ||y||^2=  1.6136E-07  sTy_min=  4.5623E-06
 
LBFGS step(full): g·p = -7.0408E-04  ||p||=  5.3733E+00
LBFGS step(full): min(p)= -3.1864E-01  max(p)=  4.9393E-01
LBFGS p_k (unscaled) stats per active parameter:
  IA=  1  PAR={rho}  min=-2.92494E+02  max= 4.53403E+02  L2= 4.93244E+03
min(p_k)= -3.1864E-01  max(p_k)=  4.9393E-01  ||p_k||=  5.3733E+00
min(p_kf)= -3.1864E-01  max(p_kf)=  4.9393E-01  ||p_kf||=  2.1493E+01
p_k/p_kf  =   2.5000E-01
Start linesearch
MT entry: phi(0)=  6.2470E-04  dg0= -7.0408E-04  alpha0=  1.0000E+00
 UPDATEPARAMETER: f-scale only
UPDATEPARAMETER PAR_STEP min/max, V_STEP min/max =  1.7604855069E+03  2.6990192614E+03
  1.7604855069E+03  2.6990192614E+03
 WD_amp= 6.41092E+13  RESID_RMS= 1.31554E-01  FCOST_DATA= 8.65323E-03  FCOST0= 8.65323E-03
  
 -------------- calculate Frechet derivatives -----------
 IFREQ =           7    ITERATION =           7
||Frechet||_F=  2.9695E-12max|Frechet|=  2.9082E-17
||Frechet||_F=  2.9695E-12max|Frechet|=  2.9082E-17
||Frechet||_F=  2.9695E-12max|Frechet|=  2.9082E-17
||Frechet||_F=  2.9695E-12max|Frechet|=  2.9082E-17
||Frechet||_F=  2.9695E-12max|Frechet|=  2.9082E-17
||Frechet||_F=  2.9695E-12max|Frechet|=  2.9082E-17
Grad block   1 GRAD_SCALED MORM =   6.4217E-03
MT try: alpha=  1.0000E+00  phi=  8.6532E-03  dg=  2.4755E-03  dg0= -7.0408E-04
MT try: armijo_rhs=  6.2463E-04  armijo=F  curvature=F  task=FG
 UPDATEPARAMETER: f-scale only
UPDATEPARAMETER PAR_STEP min/max, V_STEP min/max =  1.9186914858E+03  2.4992622641E+03
  1.9186914858E+03  2.4992622641E+03
 WD_amp= 6.41092E+13  RESID_RMS= 3.53170E-02  FCOST_DATA= 6.23645E-04  FCOST0= 6.23645E-04
  
 -------------- calculate Frechet derivatives -----------
 IFREQ =           7    ITERATION =           7
||Frechet||_F=  2.9589E-12max|Frechet|=  2.9123E-17
||Frechet||_F=  2.9589E-12max|Frechet|=  2.9123E-17
||Frechet||_F=  2.9589E-12max|Frechet|=  2.9123E-17
||Frechet||_F=  2.9589E-12max|Frechet|=  2.9123E-17
||Frechet||_F=  2.9589E-12max|Frechet|=  2.9123E-17
||Frechet||_F=  2.9589E-12max|Frechet|=  2.9123E-17
Grad block   1 GRAD_SCALED MORM =   2.0404E-03
MT try: alpha=  1.5518E-02  phi=  6.2365E-04  dg= -6.4894E-04  dg0= -7.0408E-04
MT try: armijo_rhs=  6.2469E-04  armijo=T  curvature=F  task=FG
 UPDATEPARAMETER: f-scale only
UPDATEPARAMETER PAR_STEP min/max, V_STEP min/max =  1.8694787494E+03  2.5690351140E+03
  1.8694787494E+03  2.5690351140E+03
 WD_amp= 6.41092E+13  RESID_RMS= 7.40663E-02  FCOST_DATA= 2.74291E-03  FCOST0= 2.74291E-03
  
 -------------- calculate Frechet derivatives -----------
 IFREQ =           7    ITERATION =           7
||Frechet||_F=  2.9642E-12max|Frechet|=  2.9091E-17
||Frechet||_F=  2.9642E-12max|Frechet|=  2.9091E-17
||Frechet||_F=  2.9642E-12max|Frechet|=  2.9091E-17
||Frechet||_F=  2.9642E-12max|Frechet|=  2.9091E-17
||Frechet||_F=  2.9642E-12max|Frechet|=  2.9091E-17
||Frechet||_F=  2.9642E-12max|Frechet|=  2.9091E-17
Grad block   1 GRAD_SCALED MORM =   3.7722E-03
MT try: alpha=  5.0776E-01  phi=  2.7429E-03  dg=  1.1020E-03  dg0= -7.0408E-04
MT try: armijo_rhs=  6.2466E-04  armijo=F  curvature=F  task=FG
 UPDATEPARAMETER: f-scale only
UPDATEPARAMETER PAR_STEP min/max, V_STEP min/max =  1.9177602466E+03  2.5004416013E+03
  1.9177602466E+03  2.5004416013E+03
 WD_amp= 6.41092E+13  RESID_RMS= 3.53781E-02  FCOST_DATA= 6.25803E-04  FCOST0= 6.25803E-04
  
 -------------- calculate Frechet derivatives -----------
 IFREQ =           7    ITERATION =           7
||Frechet||_F=  2.9590E-12max|Frechet|=  2.9121E-17
||Frechet||_F=  2.9590E-12max|Frechet|=  2.9121E-17
||Frechet||_F=  2.9590E-12max|Frechet|=  2.9121E-17
||Frechet||_F=  2.9590E-12max|Frechet|=  2.9121E-17
||Frechet||_F=  2.9590E-12max|Frechet|=  2.9121E-17
||Frechet||_F=  2.9590E-12max|Frechet|=  2.9121E-17
Grad block   1 GRAD_SCALED MORM =   2.0437E-03
MT try: alpha=  2.7994E-02  phi=  6.2580E-04  dg= -6.0446E-04  dg0= -7.0408E-04
MT try: armijo_rhs=  6.2469E-04  armijo=F  curvature=T  task=FG
 UPDATEPARAMETER: f-scale only
UPDATEPARAMETER PAR_STEP min/max, V_STEP min/max =  1.9185433347E+03  2.4994498851E+03
  1.9185433347E+03  2.4994498851E+03
 WD_amp= 6.41092E+13  RESID_RMS= 3.53217E-02  FCOST_DATA= 6.23810E-04  FCOST0= 6.23810E-04
  
 -------------- calculate Frechet derivatives -----------
 IFREQ =           7    ITERATION =           7
||Frechet||_F=  2.9589E-12max|Frechet|=  2.9122E-17
||Frechet||_F=  2.9589E-12max|Frechet|=  2.9122E-17
||Frechet||_F=  2.9589E-12max|Frechet|=  2.9122E-17
||Frechet||_F=  2.9589E-12max|Frechet|=  2.9122E-17
||Frechet||_F=  2.9589E-12max|Frechet|=  2.9122E-17
||Frechet||_F=  2.9589E-12max|Frechet|=  2.9122E-17
Grad block   1 GRAD_SCALED MORM =   2.0407E-03
MT try: alpha=  1.7503E-02  phi=  6.2381E-04  dg= -6.4187E-04  dg0= -7.0408E-04
MT try: armijo_rhs=  6.2469E-04  armijo=T  curvature=F  task=FG
 UPDATEPARAMETER: f-scale only
UPDATEPARAMETER PAR_STEP min/max, V_STEP min/max =  1.9186646666E+03  2.4992962284E+03
  1.9186646666E+03  2.4992962284E+03
 WD_amp= 6.41092E+13  RESID_RMS= 3.53177E-02  FCOST_DATA= 6.23670E-04  FCOST0= 6.23670E-04
  
 -------------- calculate Frechet derivatives -----------
 IFREQ =           7    ITERATION =           7
||Frechet||_F=  2.9589E-12max|Frechet|=  2.9123E-17
||Frechet||_F=  2.9589E-12max|Frechet|=  2.9123E-17
||Frechet||_F=  2.9589E-12max|Frechet|=  2.9123E-17
||Frechet||_F=  2.9589E-12max|Frechet|=  2.9123E-17
||Frechet||_F=  2.9589E-12max|Frechet|=  2.9123E-17
||Frechet||_F=  2.9589E-12max|Frechet|=  2.9123E-17
Grad block   1 GRAD_SCALED MORM =   2.0404E-03
MT try: alpha=  1.5877E-02  phi=  6.2367E-04  dg= -6.4766E-04  dg0= -7.0408E-04
MT try: armijo_rhs=  6.2469E-04  armijo=T  curvature=F  task=FG
 UPDATEPARAMETER: f-scale only
UPDATEPARAMETER PAR_STEP min/max, V_STEP min/max =  1.9186865236E+03  2.4992685482E+03
  1.9186865236E+03  2.4992685482E+03
 WD_amp= 6.41092E+13  RESID_RMS= 3.53171E-02  FCOST_DATA= 6.23650E-04  FCOST0= 6.23650E-04
  
 -------------- calculate Frechet derivatives -----------
 IFREQ =           7    ITERATION =           7
||Frechet||_F=  2.9589E-12max|Frechet|=  2.9123E-17
||Frechet||_F=  2.9589E-12max|Frechet|=  2.9123E-17
||Frechet||_F=  2.9589E-12max|Frechet|=  2.9123E-17
||Frechet||_F=  2.9589E-12max|Frechet|=  2.9123E-17
||Frechet||_F=  2.9589E-12max|Frechet|=  2.9123E-17
||Frechet||_F=  2.9589E-12max|Frechet|=  2.9123E-17
Grad block   1 GRAD_SCALED MORM =   2.0404E-03
MT try: alpha=  1.5585E-02  phi=  6.2365E-04  dg= -6.4871E-04  dg0= -7.0408E-04
MT try: armijo_rhs=  6.2469E-04  armijo=T  curvature=F  task=FG
 UPDATEPARAMETER: f-scale only
UPDATEPARAMETER PAR_STEP min/max, V_STEP min/max =  1.9186905639E+03  2.4992634316E+03
  1.9186905639E+03  2.4992634316E+03
 WD_amp= 6.41092E+13  RESID_RMS= 3.53170E-02  FCOST_DATA= 6.23646E-04  FCOST0= 6.23646E-04
  
 -------------- calculate Frechet derivatives -----------
 IFREQ =           7    ITERATION =           7
||Frechet||_F=  2.9589E-12max|Frechet|=  2.9123E-17
||Frechet||_F=  2.9589E-12max|Frechet|=  2.9123E-17
||Frechet||_F=  2.9589E-12max|Frechet|=  2.9123E-17
||Frechet||_F=  2.9589E-12max|Frechet|=  2.9123E-17
||Frechet||_F=  2.9589E-12max|Frechet|=  2.9123E-17
||Frechet||_F=  2.9589E-12max|Frechet|=  2.9123E-17
Grad block   1 GRAD_SCALED MORM =   2.0404E-03
MT try: alpha=  1.5531E-02  phi=  6.2365E-04  dg= -6.4890E-04  dg0= -7.0408E-04
MT try: armijo_rhs=  6.2469E-04  armijo=T  curvature=F  task=FG
 UPDATEPARAMETER: f-scale only
UPDATEPARAMETER PAR_STEP min/max, V_STEP min/max =  1.9186913144E+03  2.4992624810E+03
  1.9186913144E+03  2.4992624810E+03
 WD_amp= 6.41092E+13  RESID_RMS= 3.53170E-02  FCOST_DATA= 6.23646E-04  FCOST0= 6.23646E-04
  
 -------------- calculate Frechet derivatives -----------
 IFREQ =           7    ITERATION =           7
||Frechet||_F=  2.9589E-12max|Frechet|=  2.9123E-17
||Frechet||_F=  2.9589E-12max|Frechet|=  2.9123E-17
||Frechet||_F=  2.9589E-12max|Frechet|=  2.9123E-17
||Frechet||_F=  2.9589E-12max|Frechet|=  2.9123E-17
||Frechet||_F=  2.9589E-12max|Frechet|=  2.9123E-17
||Frechet||_F=  2.9589E-12max|Frechet|=  2.9123E-17
Grad block   1 GRAD_SCALED MORM =   2.0404E-03
MT try: alpha=  1.5520E-02  phi=  6.2365E-04  dg= -6.4893E-04  dg0= -7.0408E-04
MT try: armijo_rhs=  6.2469E-04  armijo=T  curvature=F  task=FG
 UPDATEPARAMETER: f-scale only
UPDATEPARAMETER PAR_STEP min/max, V_STEP min/max =  1.9186914539E+03  2.4992623045E+03
  1.9186914539E+03  2.4992623045E+03
 WD_amp= 6.41092E+13  RESID_RMS= 3.53170E-02  FCOST_DATA= 6.23646E-04  FCOST0= 6.23646E-04
  
 -------------- calculate Frechet derivatives -----------
 IFREQ =           7    ITERATION =           7
||Frechet||_F=  2.9589E-12max|Frechet|=  2.9123E-17
||Frechet||_F=  2.9589E-12max|Frechet|=  2.9123E-17
||Frechet||_F=  2.9589E-12max|Frechet|=  2.9123E-17
||Frechet||_F=  2.9589E-12max|Frechet|=  2.9123E-17
||Frechet||_F=  2.9589E-12max|Frechet|=  2.9123E-17
||Frechet||_F=  2.9589E-12max|Frechet|=  2.9123E-17
Grad block   1 GRAD_SCALED MORM =   2.0404E-03
MT try: alpha=  1.5519E-02  phi=  6.2365E-04  dg= -6.4894E-04  dg0= -7.0408E-04
MT try: armijo_rhs=  6.2469E-04  armijo=T  curvature=F  task=FG
 Line search failed (IFLAG=          11 ), inversion diverged.
Data weighting computed for frequency 4607182418800017373
Data weighting computed for frequency 4607182418800017373
 --------- Frequency   5.20000000000000       (band            1 )
[ComputeAcqWeight] empty acq_weight_file, using uniform weights = 1.0
Data weighting computed for frequency 4607182418800017373
XSRmin, XSRmax, ZSRmin, ZSRMax -1960.000000000000 .000000000000000 2203.000000000000 4183.000000000000
1 FKYC
1.2 FKYC
my_rank, FKYC,WLMAX, RMAX 0 .4261638730087023E-01 985.1497682389943 2786.036611389018
1.1 NK
NK in cky2= 55

  Number of wavenumber samples (NK) for FREQ =   55
Data weighting computed for frequency 4607182418800017373
Data weighting computed for frequency 4607182418800017373
Data weighting computed for frequency 4607182418800017373
  RMAX = 2786.04
--- Pre-solver preview (memory + RHS workload) ---
   GQG dims: NNX=       609  NNZ=       329  NPT=    200361
   DOF:     N=3*NPT =    601083
   Sources: NSR=       100  NSS=        20  NK=        55
   RHS total (per IK): nrhs_tot=3*NSS =        60
   Batch:    MAX_RHS_BATCH=        32  nbatches=         2
   GFMY  (GFX+GFY+GFZ):         14.779 GB
   RHS_MY(rhs+sol buffers):      0.573 GB
 
 running run_ik_loop_pardiso
before CA | VmRSS=  16.507 GB  VmHWM=  87.671 GB
after CA | VmRSS=  17.763 GB  VmHWM=  87.671 GB
after factor | VmRSS=  21.810 GB  VmHWM=  87.671 GB
f=     5.200 Hz | ky=  0.774843E-03 | IK=       1/      55 | t=   18.360700 s | CA=  2.6626 | fact= 13.6760 | GF=  2.0220 | solve=  1.8550 | scatter=  0.0584
f=     5.200 Hz | ky=  0.154969E-02 | IK=       2/      55 | t=    7.108300 s | CA=  2.6488 | fact=  2.5501 | GF=  1.9094 | solve=  1.7784 | scatter=  0.0544
f=     5.200 Hz | ky=  0.232453E-02 | IK=       3/      55 | t=    7.167100 s | CA=  2.6731 | fact=  2.5892 | GF=  1.9047 | solve=  1.7748 | scatter=  0.0533
f=     5.200 Hz | ky=  0.309937E-02 | IK=       4/      55 | t=    7.139400 s | CA=  2.6401 | fact=  2.5871 | GF=  1.9121 | solve=  1.7777 | scatter=  0.0578
f=     5.200 Hz | ky=  0.387422E-02 | IK=       5/      55 | t=    7.169200 s | CA=  2.6787 | fact=  2.5801 | GF=  1.9103 | solve=  1.7796 | scatter=  0.0539
f=     5.200 Hz | ky=  0.464906E-02 | IK=       6/      55 | t=    7.102800 s | CA=  2.6412 | fact=  2.5497 | GF=  1.9119 | solve=  1.7782 | scatter=  0.0572
f=     5.200 Hz | ky=  0.542390E-02 | IK=       7/      55 | t=    7.202300 s | CA=  2.7097 | fact=  2.5835 | GF=  1.9091 | solve=  1.7796 | scatter=  0.0528
f=     5.200 Hz | ky=  0.619875E-02 | IK=       8/      55 | t=    7.155700 s | CA=  2.6624 | fact=  2.5812 | GF=  1.9120 | solve=  1.7811 | scatter=  0.0543
f=     5.200 Hz | ky=  0.697359E-02 | IK=       9/      55 | t=    7.206500 s | CA=  2.7119 | fact=  2.5841 | GF=  1.9105 | solve=  1.7784 | scatter=  0.0555
f=     5.200 Hz | ky=  0.774843E-02 | IK=      10/      55 | t=    7.152500 s | CA=  2.6650 | fact=  2.5762 | GF=  1.9113 | solve=  1.7790 | scatter=  0.0557
PARDISO mem (f=  5.20 Hz): sym=  2.09 GB  perm=  1.52 GB  num=  3.46 GB  
peak=  4.98 GB
t_global   =    124.064 s
TIME for 1st forward modeling =  2.067771657307943  min
TIME for GT0 =  .5281666914621989E-02  min
Data scaler W for L2 norm: 66930390529717.37
Data scaler W for WQS norm: .1007948000807317E-312
Total number of active inversion parameters for current sequential stage (IM):          1
Total model blocks points (NM = IM * NBLOCK):      12464 on grid (NMM = IM * NPT):    200361
 Gradient balance ():   1.00000000000000        1.00000000000000     
   1.00000000000000        1.00000000000000        1.00000000000000     
   1.00000000000000        1.00000000000000        1.00000000000000     
   1.00000000000000        1.00000000000000        1.00000000000000     
 IE0, IZ          33           0
 IE0, IZ, GZ1, GZ2 =           33           0   100.000000000000     
   300.000000000000     
  
 Frequency:           8 Iteration:           1
--- Pre-solver preview (memory + RHS workload) ---
   GQG dims: NNX=       609  NNZ=       329  NPT=    200361
   DOF:     N=3*NPT =    601083
   Sources: NSR=       100  NSS=       100  NK=        55
   RHS total (per IK): nrhs_tot=3*NSS =       300
   Batch:    MAX_RHS_BATCH=        32  nbatches=        10
   GFMY  (GFX+GFY+GFZ):         73.894 GB
   RHS_MY(rhs+sol buffers):      0.573 GB
 
 running run_ik_loop_pardiso
before CA | VmRSS=  76.521 GB  VmHWM=  87.671 GB
after CA | VmRSS=  77.787 GB  VmHWM=  87.671 GB
after factor | VmRSS=  81.830 GB  VmHWM=  87.671 GB
f=     5.200 Hz | ky=  0.774843E-03 | IK=       1/      55 | t=   25.777500 s | CA=  2.6571 | fact= 13.6762 | GF=  9.4440 | solve=  8.7446 | scatter=  0.2754
f=     5.200 Hz | ky=  0.154969E-02 | IK=       2/      55 | t=   14.702900 s | CA=  2.7643 | fact=  2.5775 | GF=  9.3610 | solve=  8.6963 | scatter=  0.2730
f=     5.200 Hz | ky=  0.232453E-02 | IK=       3/      55 | t=   14.583100 s | CA=  2.6405 | fact=  2.5717 | GF=  9.3708 | solve=  8.7084 | scatter=  0.2715
f=     5.200 Hz | ky=  0.309937E-02 | IK=       4/      55 | t=   14.644000 s | CA=  2.7231 | fact=  2.5767 | GF=  9.3441 | solve=  8.6785 | scatter=  0.2741
f=     5.200 Hz | ky=  0.387422E-02 | IK=       5/      55 | t=   14.610600 s | CA=  2.6879 | fact=  2.5778 | GF=  9.3449 | solve=  8.6797 | scatter=  0.2736
f=     5.200 Hz | ky=  0.464906E-02 | IK=       6/      55 | t=   14.569400 s | CA=  2.6528 | fact=  2.5689 | GF=  9.3476 | solve=  8.6829 | scatter=  0.2732
f=     5.200 Hz | ky=  0.542390E-02 | IK=       7/      55 | t=   14.578300 s | CA=  2.6497 | fact=  2.5721 | GF=  9.3565 | solve=  8.6908 | scatter=  0.2735
f=     5.200 Hz | ky=  0.619875E-02 | IK=       8/      55 | t=   14.587600 s | CA=  2.6436 | fact=  2.5896 | GF=  9.3543 | solve=  8.6891 | scatter=  0.2738
f=     5.200 Hz | ky=  0.697359E-02 | IK=       9/      55 | t=   14.569200 s | CA=  2.6337 | fact=  2.5886 | GF=  9.3468 | solve=  8.6824 | scatter=  0.2726
f=     5.200 Hz | ky=  0.774843E-02 | IK=      10/      55 | t=   14.632400 s | CA=  2.6923 | fact=  2.5867 | GF=  9.3534 | solve=  8.6879 | scatter=  0.2733
PARDISO mem (f=  5.20 Hz): sym=  2.09 GB  perm=  1.52 GB  num=  3.46 GB  
peak=  4.98 GB
t_global   =    359.594 s
TIME for 2d forward modeling_i calc =  5.990793355305990 min
Rank    1 -> ID range:    801 to   1600 | Tasks:    800
Rank    5 -> ID range:   4001 to   4800 | Tasks:    800
Rank    4 -> ID range:   3201 to   4000 | Tasks:    800
Rank    3 -> ID range:   2401 to   3200 | Tasks:    800
Rank    2 -> ID range:   1601 to   2400 | Tasks:    800
  
 -------------- calculate Frechet derivatives -----------
 IFREQ =           8    ITERATION =           1
Frechet memory size Frec_my:      0.891 (Gb)
Rank    0 -> ID range:      1 to    800 | Tasks:    800
FREQ:      5.2 Hz, ITER=       1  Frechet Derivative ID=     100/    4800 Finished   0.185400 s
FREQ:      5.2 Hz, ITER=       1  Frechet Derivative ID=     200/    4800 Finished   0.183400 s
FREQ:      5.2 Hz, ITER=       1  Frechet Derivative ID=     300/    4800 Finished   0.181600 s
FREQ:      5.2 Hz, ITER=       1  Frechet Derivative ID=     400/    4800 Finished   0.169400 s
FREQ:      5.2 Hz, ITER=       1  Frechet Derivative ID=     500/    4800 Finished   0.186800 s
FREQ:      5.2 Hz, ITER=       1  Frechet Derivative ID=     600/    4800 Finished   0.185600 s
FREQ:      5.2 Hz, ITER=       1  Frechet Derivative ID=     700/    4800 Finished   0.182300 s
FREQ:      5.2 Hz, ITER=       1  Frechet Derivative ID=     800/    4800 Finished   0.181200 s
||Frechet||_F=  3.1155E-12max|Frechet|=  3.0338E-17
 
TIME for Frechet calc =  2.873983256022135 min
 
m_fine: min=  1.9198E+03  max=  2.4978E+03  mean=  2.2207E+03  ||.||2=  9.9565E+05  size=  200361
m_coarse_prev: min=  1.9276E+03  max=  2.4868E+03  mean=  2.2209E+03  ||.||2=  2.4835E+05  size=   12464
 
  compute the residual and the cost function
 WD_amp= 6.69304E+13  RESID_RMS= 4.01150E-02  FCOST_DATA= 8.04608E-04  FCOST0= 8.04608E-04
||Frechet||_F=  3.1155E-12max|Frechet|=  3.0338E-17
||Frechet||_F=  3.1155E-12max|Frechet|=  3.0338E-17
||Frechet||_F=  3.1155E-12max|Frechet|=  3.0338E-17
||Frechet||_F=  3.1155E-12max|Frechet|=  3.0338E-17
||Frechet||_F=  3.1155E-12max|Frechet|=  3.0338E-17
IA=  1  H(single F0) min= 0.00000E+00  max= 3.12338E-02
IA=  1  H(F0^2)     min= 0.00000E+00  max= 3.12338E-02
HESSD: ia=   1  min= 0.00000E+00  max= 6.39711E+03
IA=  1  H(single F0) min= 0.00000E+00  max= 3.12338E-02
IA=  1  H(F0^2)     min= 0.00000E+00  max= 3.12338E-02
HESSD: ia=   1  min= 0.00000E+00  max= 6.39711E+03
IA=  1  H(single F0) min= 0.00000E+00  max= 3.12338E-02
IA=  1  H(F0^2)     min= 0.00000E+00  max= 3.12338E-02
HESSD: ia=   1  min= 0.00000E+00  max= 6.39711E+03
IA=  1  H(single F0) min= 0.00000E+00  max= 3.12338E-02
IA=  1  H(F0^2)     min= 0.00000E+00  max= 3.12338E-02
HESSD: ia=   1  min= 0.00000E+00  max= 6.39711E+03
IA=  1  H(single F0) min= 0.00000E+00  max= 3.12338E-02
IA=  1  H(F0^2)     min= 0.00000E+00  max= 3.12338E-02
HESSD: ia=   1  min= 0.00000E+00  max= 6.39711E+03
IA=  1  H(single F0) min= 0.00000E+00  max= 3.12338E-02
IA=  1  H(F0^2)     min= 0.00000E+00  max= 3.12338E-02
HESSD: ia=   1  min= 0.00000E+00  max= 6.39711E+03
Grad block   1 GRAD_SCALED MORM =   2.8626E-03
Raw grad block  1  PAR={rho}  min= -4.6536E-07  max=  3.0359E-07  L2=  3.3442E-06
Gradient finished
Start LBFGS 
LBFGS steepest step , iter=      1
  g·p = -2.6274E-03  ||p|| =  1.6813E+00
  min(p)= -4.8342E-02  max(p)=  1.1043E-01
LBFGS p_k (unscaled) stats per active parameter:
  IA=  1  PAR={rho}  min=-4.43762E+01  max= 1.01370E+02  L2= 1.54337E+03
min(p_k)= -4.8342E-02  max(p_k)=  1.1043E-01  ||p_k||=  1.6813E+00
min(p_kf)= -4.8342E-02  max(p_kf)=  1.1043E-01  ||p_kf||=  6.7252E+00
p_k/p_kf  =   2.5000E-01
Start linesearch
BT entry: phi(0)=  8.0461E-04  g·p(0)= -2.6274E-03
 UPDATEPARAMETER: f-scale only
UPDATEPARAMETER PAR_STEP min/max, V_STEP min/max =  1.9171625226E+03  2.5016814340E+03
  1.9171625226E+03  2.5016814340E+03
REL STEP elastic: k=  1 row=  1 rmax_k=  4.8610E-02 row_scale=  2.4978E+03
BT cap probe: rmax1=  4.8610E-02  alpha_cap=  1.0000E+00  alpha00=  1.0000E+00
 UPDATEPARAMETER: f-scale only
UPDATEPARAMETER PAR_STEP min/max, V_STEP min/max =  1.9171625226E+03  2.5016814340E+03
  1.9171625226E+03  2.5016814340E+03
 running run_ik_loop_pardiso
before CA | VmRSS=  17.408 GB  VmHWM=  87.671 GB
after CA | VmRSS=  18.916 GB  VmHWM=  87.671 GB
after factor | VmRSS=  22.952 GB  VmHWM=  87.671 GB
f=     5.200 Hz | ky=  0.774843E-03 | IK=       1/      55 | t=   18.357000 s | CA=  2.6396 | fact= 13.7006 | GF=  2.0166 | solve=  1.8553 | scatter=  0.0526
f=     5.200 Hz | ky=  0.154969E-02 | IK=       2/      55 | t=    7.203600 s | CA=  2.7048 | fact=  2.5908 | GF=  1.9079 | solve=  1.7786 | scatter=  0.0528
f=     5.200 Hz | ky=  0.232453E-02 | IK=       3/      55 | t=    7.179800 s | CA=  2.7180 | fact=  2.5477 | GF=  1.9141 | solve=  1.7828 | scatter=  0.0547
f=     5.200 Hz | ky=  0.309937E-02 | IK=       4/      55 | t=    7.175200 s | CA=  2.6881 | fact=  2.5726 | GF=  1.9144 | solve=  1.7833 | scatter=  0.0546
f=     5.200 Hz | ky=  0.387422E-02 | IK=       5/      55 | t=    7.179600 s | CA=  2.6847 | fact=  2.5873 | GF=  1.9076 | solve=  1.7759 | scatter=  0.0548
f=     5.200 Hz | ky=  0.464906E-02 | IK=       6/      55 | t=    7.206800 s | CA=  2.7463 | fact=  2.5504 | GF=  1.9101 | solve=  1.7805 | scatter=  0.0531
f=     5.200 Hz | ky=  0.542390E-02 | IK=       7/      55 | t=    7.170300 s | CA=  2.6809 | fact=  2.5763 | GF=  1.9130 | solve=  1.7822 | scatter=  0.0542
f=     5.200 Hz | ky=  0.619875E-02 | IK=       8/      55 | t=    7.217400 s | CA=  2.7162 | fact=  2.5935 | GF=  1.9077 | solve=  1.7767 | scatter=  0.0540
f=     5.200 Hz | ky=  0.697359E-02 | IK=       9/      55 | t=    7.232200 s | CA=  2.7260 | fact=  2.5885 | GF=  1.9177 | solve=  1.7871 | scatter=  0.0540
f=     5.200 Hz | ky=  0.774843E-02 | IK=      10/      55 | t=    7.201600 s | CA=  2.7042 | fact=  2.5885 | GF=  1.9089 | solve=  1.7773 | scatter=  0.0548
PARDISO mem (f=  5.20 Hz): sym=  2.09 GB  perm=  1.52 GB  num=  3.46 GB  
peak=  4.98 GB
 WD_amp= 6.69304E+13  RESID_RMS= 3.01080E-01  FCOST_DATA= 4.53246E-02  FCOST0= 4.53246E-02
BT: alpha=  1.0000E+00  phi=  4.5325E-02  rhs=  8.0435E-04
 UPDATEPARAMETER: f-scale only
UPDATEPARAMETER PAR_STEP min/max, V_STEP min/max =  1.9185061516E+03  2.4965249873E+03
  1.9185061516E+03  2.4965249873E+03
 running run_ik_loop_pardiso
before CA | VmRSS=  17.416 GB  VmHWM=  87.671 GB
after CA | VmRSS=  19.070 GB  VmHWM=  87.671 GB
after factor | VmRSS=  23.111 GB  VmHWM=  87.671 GB
f=     5.200 Hz | ky=  0.774843E-03 | IK=       1/      55 | t=   18.358300 s | CA=  2.6524 | fact= 13.6949 | GF=  2.0108 | solve=  1.8470 | scatter=  0.0550
f=     5.200 Hz | ky=  0.154969E-02 | IK=       2/      55 | t=    7.194400 s | CA=  2.7061 | fact=  2.5818 | GF=  1.9064 | solve=  1.7765 | scatter=  0.0533
f=     5.200 Hz | ky=  0.232453E-02 | IK=       3/      55 | t=    7.171700 s | CA=  2.6888 | fact=  2.5706 | GF=  1.9123 | solve=  1.7831 | scatter=  0.0527
f=     5.200 Hz | ky=  0.309937E-02 | IK=       4/      55 | t=    7.102800 s | CA=  2.6572 | fact=  2.5439 | GF=  1.9017 | solve=  1.7712 | scatter=  0.0540
f=     5.200 Hz | ky=  0.387422E-02 | IK=       5/      55 | t=    7.186600 s | CA=  2.7320 | fact=  2.5376 | GF=  1.9170 | solve=  1.7881 | scatter=  0.0522
f=     5.200 Hz | ky=  0.464906E-02 | IK=       6/      55 | t=    7.188500 s | CA=  2.7295 | fact=  2.5545 | GF=  1.9045 | solve=  1.7747 | scatter=  0.0532
f=     5.200 Hz | ky=  0.542390E-02 | IK=       7/      55 | t=    7.150100 s | CA=  2.7089 | fact=  2.5364 | GF=  1.9047 | solve=  1.7751 | scatter=  0.0533
f=     5.200 Hz | ky=  0.619875E-02 | IK=       8/      55 | t=    7.193100 s | CA=  2.6927 | fact=  2.5927 | GF=  1.9076 | solve=  1.7775 | scatter=  0.0533
f=     5.200 Hz | ky=  0.697359E-02 | IK=       9/      55 | t=    7.153100 s | CA=  2.6665 | fact=  2.5790 | GF=  1.9076 | solve=  1.7783 | scatter=  0.0526
f=     5.200 Hz | ky=  0.774843E-02 | IK=      10/      55 | t=    7.213000 s | CA=  2.7151 | fact=  2.5869 | GF=  1.9109 | solve=  1.7794 | scatter=  0.0550
PARDISO mem (f=  5.20 Hz): sym=  2.09 GB  perm=  1.52 GB  num=  3.46 GB  
peak=  4.98 GB
 WD_amp= 6.69304E+13  RESID_RMS= 1.53781E-01  FCOST_DATA= 1.18244E-02  FCOST0= 1.18244E-02
BT: alpha=  5.0000E-01  phi=  1.1824E-02  rhs=  8.0448E-04
 UPDATEPARAMETER: f-scale only
UPDATEPARAMETER PAR_STEP min/max, V_STEP min/max =  1.9191779660E+03  2.4971601836E+03
  1.9191779660E+03  2.4971601836E+03
 running run_ik_loop_pardiso
before CA | VmRSS=  17.943 GB  VmHWM=  87.671 GB
after CA | VmRSS=  18.714 GB  VmHWM=  87.671 GB
after factor | VmRSS=  22.753 GB  VmHWM=  87.671 GB
f=     5.200 Hz | ky=  0.774843E-03 | IK=       1/      55 | t=   18.373000 s | CA=  2.6681 | fact= 13.6873 | GF=  2.0174 | solve=  1.8538 | scatter=  0.0549
f=     5.200 Hz | ky=  0.154969E-02 | IK=       2/      55 | t=    7.218300 s | CA=  2.7232 | fact=  2.5879 | GF=  1.9072 | solve=  1.7787 | scatter=  0.0520
f=     5.200 Hz | ky=  0.232453E-02 | IK=       3/      55 | t=    7.079300 s | CA=  2.6623 | fact=  2.5108 | GF=  1.9062 | solve=  1.7752 | scatter=  0.0545
f=     5.200 Hz | ky=  0.309937E-02 | IK=       4/      55 | t=    7.079900 s | CA=  2.6352 | fact=  2.5304 | GF=  1.9142 | solve=  1.7842 | scatter=  0.0531
f=     5.200 Hz | ky=  0.387422E-02 | IK=       5/      55 | t=    7.090900 s | CA=  2.6426 | fact=  2.5388 | GF=  1.9095 | solve=  1.7812 | scatter=  0.0519
f=     5.200 Hz | ky=  0.464906E-02 | IK=       6/      55 | t=    7.136500 s | CA=  2.6843 | fact=  2.5432 | GF=  1.9090 | solve=  1.7785 | scatter=  0.0539
f=     5.200 Hz | ky=  0.542390E-02 | IK=       7/      55 | t=    7.116100 s | CA=  2.6239 | fact=  2.5825 | GF=  1.9097 | solve=  1.7787 | scatter=  0.0545
f=     5.200 Hz | ky=  0.619875E-02 | IK=       8/      55 | t=    7.223300 s | CA=  2.7253 | fact=  2.5876 | GF=  1.9103 | solve=  1.7813 | scatter=  0.0527
f=     5.200 Hz | ky=  0.697359E-02 | IK=       9/      55 | t=    7.165600 s | CA=  2.6741 | fact=  2.5828 | GF=  1.9087 | solve=  1.7799 | scatter=  0.0523
f=     5.200 Hz | ky=  0.774843E-02 | IK=      10/      55 | t=    7.221900 s | CA=  2.7285 | fact=  2.5830 | GF=  1.9104 | solve=  1.7776 | scatter=  0.0558
PARDISO mem (f=  5.20 Hz): sym=  2.09 GB  perm=  1.52 GB  num=  3.46 GB  
peak=  4.98 GB
 WD_amp= 6.69304E+13  RESID_RMS= 7.85505E-02  FCOST_DATA= 3.08509E-03  FCOST0= 3.08509E-03
BT: alpha=  2.5000E-01  phi=  3.0851E-03  rhs=  8.0454E-04
 UPDATEPARAMETER: f-scale only
UPDATEPARAMETER PAR_STEP min/max, V_STEP min/max =  1.9195138733E+03  2.4974777817E+03
  1.9195138733E+03  2.4974777817E+03
 running run_ik_loop_pardiso
before CA | VmRSS=  17.420 GB  VmHWM=  87.671 GB
after CA | VmRSS=  18.635 GB  VmHWM=  87.671 GB
after factor | VmRSS=  22.667 GB  VmHWM=  87.671 GB
f=     5.200 Hz | ky=  0.774843E-03 | IK=       1/      55 | t=   18.361200 s | CA=  2.6435 | fact= 13.7016 | GF=  2.0159 | solve=  1.8530 | scatter=  0.0543
f=     5.200 Hz | ky=  0.154969E-02 | IK=       2/      55 | t=    7.113500 s | CA=  2.6456 | fact=  2.5631 | GF=  1.9047 | solve=  1.7755 | scatter=  0.0528
f=     5.200 Hz | ky=  0.232453E-02 | IK=       3/      55 | t=    7.148000 s | CA=  2.6659 | fact=  2.5819 | GF=  1.9001 | solve=  1.7710 | scatter=  0.0524
f=     5.200 Hz | ky=  0.309937E-02 | IK=       4/      55 | t=    7.139300 s | CA=  2.6622 | fact=  2.5742 | GF=  1.9029 | solve=  1.7721 | scatter=  0.0545
f=     5.200 Hz | ky=  0.387422E-02 | IK=       5/      55 | t=    7.165300 s | CA=  2.6796 | fact=  2.5818 | GF=  1.9039 | solve=  1.7733 | scatter=  0.0542
f=     5.200 Hz | ky=  0.464906E-02 | IK=       6/      55 | t=    7.182800 s | CA=  2.6967 | fact=  2.5780 | GF=  1.9080 | solve=  1.7778 | scatter=  0.0538
f=     5.200 Hz | ky=  0.542390E-02 | IK=       7/      55 | t=    7.155600 s | CA=  2.6706 | fact=  2.5780 | GF=  1.9069 | solve=  1.7767 | scatter=  0.0538
f=     5.200 Hz | ky=  0.619875E-02 | IK=       8/      55 | t=    7.138900 s | CA=  2.6533 | fact=  2.5817 | GF=  1.9039 | solve=  1.7737 | scatter=  0.0537
f=     5.200 Hz | ky=  0.697359E-02 | IK=       9/      55 | t=    7.158900 s | CA=  2.6660 | fact=  2.5856 | GF=  1.9073 | solve=  1.7737 | scatter=  0.0568
f=     5.200 Hz | ky=  0.774843E-02 | IK=      10/      55 | t=    7.134100 s | CA=  2.6606 | fact=  2.5649 | GF=  1.9086 | solve=  1.7798 | scatter=  0.0522
PARDISO mem (f=  5.20 Hz): sym=  2.09 GB  perm=  1.52 GB  num=  3.46 GB  
peak=  4.98 GB
 WD_amp= 6.69304E+13  RESID_RMS= 4.70344E-02  FCOST_DATA= 1.10612E-03  FCOST0= 1.10612E-03
BT: alpha=  1.2500E-01  phi=  1.1061E-03  rhs=  8.0458E-04
 UPDATEPARAMETER: f-scale only
UPDATEPARAMETER PAR_STEP min/max, V_STEP min/max =  1.9196818269E+03  2.4976365808E+03
  1.9196818269E+03  2.4976365808E+03
 running run_ik_loop_pardiso
before CA | VmRSS=  17.421 GB  VmHWM=  87.671 GB
after CA | VmRSS=  19.118 GB  VmHWM=  87.671 GB
after factor | VmRSS=  23.158 GB  VmHWM=  87.671 GB
f=     5.200 Hz | ky=  0.774843E-03 | IK=       1/      55 | t=   18.316000 s | CA=  2.6144 | fact= 13.6914 | GF=  2.0100 | solve=  1.8467 | scatter=  0.0546
f=     5.200 Hz | ky=  0.154969E-02 | IK=       2/      55 | t=    7.217100 s | CA=  2.7364 | fact=  2.5771 | GF=  1.9036 | solve=  1.7728 | scatter=  0.0544
f=     5.200 Hz | ky=  0.232453E-02 | IK=       3/      55 | t=    7.161200 s | CA=  2.6821 | fact=  2.5753 | GF=  1.9037 | solve=  1.7739 | scatter=  0.0534
f=     5.200 Hz | ky=  0.309937E-02 | IK=       4/      55 | t=    7.172100 s | CA=  2.6970 | fact=  2.5685 | GF=  1.9065 | solve=  1.7775 | scatter=  0.0524
f=     5.200 Hz | ky=  0.387422E-02 | IK=       5/      55 | t=    7.141500 s | CA=  2.6397 | fact=  2.5868 | GF=  1.9149 | solve=  1.7844 | scatter=  0.0538
f=     5.200 Hz | ky=  0.464906E-02 | IK=       6/      55 | t=    7.149200 s | CA=  2.6644 | fact=  2.5794 | GF=  1.9053 | solve=  1.7751 | scatter=  0.0536
f=     5.200 Hz | ky=  0.542390E-02 | IK=       7/      55 | t=    7.136900 s | CA=  2.6569 | fact=  2.5679 | GF=  1.9120 | solve=  1.7824 | scatter=  0.0532
f=     5.200 Hz | ky=  0.619875E-02 | IK=       8/      55 | t=    7.153000 s | CA=  2.6584 | fact=  2.5845 | GF=  1.9101 | solve=  1.7803 | scatter=  0.0533
f=     5.200 Hz | ky=  0.697359E-02 | IK=       9/      55 | t=    7.124500 s | CA=  2.6479 | fact=  2.5696 | GF=  1.9070 | solve=  1.7777 | scatter=  0.0528
f=     5.200 Hz | ky=  0.774843E-02 | IK=      10/      55 | t=    7.179800 s | CA=  2.6933 | fact=  2.5847 | GF=  1.9018 | solve=  1.7722 | scatter=  0.0533
PARDISO mem (f=  5.20 Hz): sym=  2.09 GB  perm=  1.52 GB  num=  3.46 GB  
peak=  4.98 GB
 WD_amp= 6.69304E+13  RESID_RMS= 3.85680E-02  FCOST_DATA= 7.43746E-04  FCOST0= 7.43746E-04
BT: alpha=  6.2500E-02  phi=  7.4375E-04  rhs=  8.0459E-04
  
  
  
  
Convergence reached, updating parameter grid
ALPHA from line search =  .6250000000000000E-01
 FCOST0 after linesearch  7.437459689962508E-004
Norm of s (s_norm) =  .1050816711815795
  
  
Time for LBFGS =  10.23536783854167 min
  
 Frequency:           8 Iteration:           2
t_global   =    360.243 s
  
 -------------- calculate Frechet derivatives -----------
 IFREQ =           8    ITERATION =           2
||Frechet||_F=  3.1150E-12max|Frechet|=  3.0303E-17
 
TIME for Frechet calc =  2.925536600748698 min
 
 
  compute the residual and the cost function
 WD_amp= 6.69304E+13  RESID_RMS= 3.85680E-02  FCOST_DATA= 7.43746E-04  FCOST0= 7.43746E-04
||Frechet||_F=  3.1150E-12max|Frechet|=  3.0303E-17
||Frechet||_F=  3.1150E-12max|Frechet|=  3.0303E-17
||Frechet||_F=  3.1150E-12max|Frechet|=  3.0303E-17
||Frechet||_F=  3.1150E-12max|Frechet|=  3.0303E-17
||Frechet||_F=  3.1150E-12max|Frechet|=  3.0303E-17
Grad block   1 GRAD_SCALED MORM =   1.8206E-03
Raw grad block  1  PAR={rho}  min= -3.2269E-07  max=  4.5371E-07  L2=  2.2444E-06
Gradient finished
Start LBFGS 
curvature (warm): s·y=  2.1109E-04  ||s||^2=  1.1042E-02  ||y||^2=  7.1364E-06  sTy_min=  2.8072E-05
LBFGS step: g·p = -4.0091E-04  ||p||=  1.0549E+00
LBFGS step: min(p)= -8.4887E-02  max(p)=  5.9666E-02
LBFGS p_k (unscaled) stats per active parameter:
  IA=  1  PAR={rho}  min=-7.79230E+01  max= 5.47706E+01  L2= 9.68386E+02
min(p_k)= -8.4887E-02  max(p_k)=  5.9666E-02  ||p_k||=  1.0549E+00
min(p_kf)= -8.4887E-02  max(p_kf)=  5.9666E-02  ||p_kf||=  4.2197E+00
p_k/p_kf  =   2.5000E-01
Start linesearch
MT entry: phi(0)=  7.4375E-04  dg0= -4.0091E-04  alpha0=  1.0000E+00
 UPDATEPARAMETER: f-scale only
UPDATEPARAMETER PAR_STEP min/max, V_STEP min/max =  1.9186732674E+03  2.4854943484E+03
  1.9186732674E+03  2.4854943484E+03
 WD_amp= 6.69304E+13  RESID_RMS= 8.49573E-02  FCOST_DATA= 3.60888E-03  FCOST0= 3.60888E-03
  
 -------------- calculate Frechet derivatives -----------
 IFREQ =           8    ITERATION =           2
||Frechet||_F=  3.1150E-12max|Frechet|=  3.0286E-17
||Frechet||_F=  3.1150E-12max|Frechet|=  3.0286E-17
||Frechet||_F=  3.1150E-12max|Frechet|=  3.0286E-17
||Frechet||_F=  3.1150E-12max|Frechet|=  3.0286E-17
||Frechet||_F=  3.1150E-12max|Frechet|=  3.0286E-17
||Frechet||_F=  3.1150E-12max|Frechet|=  3.0286E-17
Grad block   1 GRAD_SCALED MORM =   7.9530E-03
MT try: alpha=  1.0000E+00  phi=  3.6089E-03  dg=  2.2841E-03  dg0= -4.0091E-04
MT try: armijo_rhs=  7.4371E-04  armijo=F  curvature=F  task=FG
 UPDATEPARAMETER: f-scale only
UPDATEPARAMETER PAR_STEP min/max, V_STEP min/max =  1.9196527234E+03  2.4972861990E+03
  1.9196527234E+03  2.4972861990E+03
 WD_amp= 6.69304E+13  RESID_RMS= 3.81150E-02  FCOST_DATA= 7.26376E-04  FCOST0= 7.26376E-04
  
 -------------- calculate Frechet derivatives -----------
 IFREQ =           8    ITERATION =           2
||Frechet||_F=  3.1150E-12max|Frechet|=  3.0305E-17
||Frechet||_F=  3.1150E-12max|Frechet|=  3.0305E-17
||Frechet||_F=  3.1150E-12max|Frechet|=  3.0305E-17
||Frechet||_F=  3.1150E-12max|Frechet|=  3.0305E-17
||Frechet||_F=  3.1150E-12max|Frechet|=  3.0305E-17
||Frechet||_F=  3.1150E-12max|Frechet|=  3.0305E-17
Grad block   1 GRAD_SCALED MORM =   1.7599E-03
MT try: alpha=  2.8856E-02  phi=  7.2638E-04  dg= -3.2288E-04  dg0= -4.0091E-04
MT try: armijo_rhs=  7.4374E-04  armijo=T  curvature=T  task=FG
Convergence reached, updating parameter grid
ALPHA from line search =  .2885645359839838E-01
 FCOST0 after linesearch  7.263756913525684E-004
Norm of s (s_norm) =  .3044171429546598E-01
  
  
  
  
  
  
Time for LBFGS =  17.52657267252604 min
  
 Frequency:           8 Iteration:           3
t_global   =    356.834 s
  
 -------------- calculate Frechet derivatives -----------
 IFREQ =           8    ITERATION =           3
||Frechet||_F=  3.1150E-12max|Frechet|=  3.0305E-17
 
TIME for Frechet calc =  2.843150075276693 min
 
 
  compute the residual and the cost function
 WD_amp= 6.69304E+13  RESID_RMS= 3.81150E-02  FCOST_DATA= 7.26376E-04  FCOST0= 7.26376E-04
||Frechet||_F=  3.1150E-12max|Frechet|=  3.0305E-17
||Frechet||_F=  3.1150E-12max|Frechet|=  3.0305E-17
||Frechet||_F=  3.1150E-12max|Frechet|=  3.0305E-17
||Frechet||_F=  3.1150E-12max|Frechet|=  3.0305E-17
||Frechet||_F=  3.1150E-12max|Frechet|=  3.0305E-17
Grad block   1 GRAD_SCALED MORM =   1.7599E-03
Gradient finished
Start LBFGS 
curvature (warm): s·y=  2.2516E-06  ||s||^2=  9.2670E-04  ||y||^2=  3.3767E-08  sTy_min=  5.5939E-07
LBFGS step: g·p = -4.2068E-04  ||p||=  1.6773E+00
LBFGS step: min(p)= -1.1965E-01  max(p)=  1.1204E-01
LBFGS p_k (unscaled) stats per active parameter:
  IA=  1  PAR={rho}  min=-1.09831E+02  max= 1.02845E+02  L2= 1.53971E+03
min(p_k)= -1.1965E-01  max(p_k)=  1.1204E-01  ||p_k||=  1.6773E+00
min(p_kf)= -1.1965E-01  max(p_kf)=  1.1204E-01  ||p_kf||=  6.7093E+00
p_k/p_kf  =   2.5000E-01
Start linesearch
MT entry: phi(0)=  7.2638E-04  dg0= -4.2068E-04  alpha0=  1.0000E+00
 UPDATEPARAMETER: f-scale only
UPDATEPARAMETER PAR_STEP min/max, V_STEP min/max =  1.9163305541E+03  2.4924940540E+03
  1.9163305541E+03  2.4924940540E+03
 WD_amp= 6.69304E+13  RESID_RMS= 6.58804E-02  FCOST_DATA= 2.17011E-03  FCOST0= 2.17011E-03
  
 -------------- calculate Frechet derivatives -----------
 IFREQ =           8    ITERATION =           3
||Frechet||_F=  3.1124E-12max|Frechet|=  3.0450E-17
||Frechet||_F=  3.1124E-12max|Frechet|=  3.0450E-17
||Frechet||_F=  3.1124E-12max|Frechet|=  3.0450E-17
||Frechet||_F=  3.1124E-12max|Frechet|=  3.0450E-17
||Frechet||_F=  3.1124E-12max|Frechet|=  3.0450E-17
||Frechet||_F=  3.1124E-12max|Frechet|=  3.0450E-17
Grad block   1 GRAD_SCALED MORM =   4.9441E-03
MT try: alpha=  1.0000E+00  phi=  2.1701E-03  dg=  8.7603E-04  dg0= -4.2068E-04
MT try: armijo_rhs=  7.2633E-04  armijo=F  curvature=F  task=FG
 UPDATEPARAMETER: f-scale only
UPDATEPARAMETER PAR_STEP min/max, V_STEP min/max =  1.9194826953E+03  2.4961298391E+03
  1.9194826953E+03  2.4961298391E+03
 WD_amp= 6.69304E+13  RESID_RMS= 3.73474E-02  FCOST_DATA= 6.97414E-04  FCOST0= 6.97414E-04
  
 -------------- calculate Frechet derivatives -----------
 IFREQ =           8    ITERATION =           3
||Frechet||_F=  3.1149E-12max|Frechet|=  3.0314E-17
||Frechet||_F=  3.1149E-12max|Frechet|=  3.0314E-17
||Frechet||_F=  3.1149E-12max|Frechet|=  3.0314E-17
||Frechet||_F=  3.1149E-12max|Frechet|=  3.0314E-17
||Frechet||_F=  3.1149E-12max|Frechet|=  3.0314E-17
||Frechet||_F=  3.1149E-12max|Frechet|=  3.0314E-17
Grad block   1 GRAD_SCALED MORM =   1.6305E-03
MT try: alpha=  5.1180E-02  phi=  6.9741E-04  dg= -3.5264E-04  dg0= -4.2068E-04
MT try: armijo_rhs=  7.2637E-04  armijo=T  curvature=T  task=FG
  
  
Convergence reached, updating parameter grid
ALPHA from line search =  .5117985821864388E-01
 FCOST0 after linesearch  6.974140783614824E-004
Norm of s (s_norm) =  .8584496209875940E-01
  
  
  
Convergence check at iteration    3
  Relative cost decrease  =  3.9871E-02
  Relative model update   =  0.0000E+00
  Relative grad. norm     =  3.8090E-01
Time for LBFGS =  17.51366373697917 min
  
  
 Frequency:           8 Iteration:           4
t_global   =    357.425 s
  
 -------------- calculate Frechet derivatives -----------
 IFREQ =           8    ITERATION =           4
||Frechet||_F=  3.1149E-12max|Frechet|=  3.0314E-17
||Frechet||_F=  3.1149E-12max|Frechet|=  3.0314E-17
||Frechet||_F=  3.1149E-12max|Frechet|=  3.0314E-17
 
TIME for Frechet calc =  2.845664978027344 min
 
 
  compute the residual and the cost function
 WD_amp= 6.69304E+13  RESID_RMS= 3.73474E-02  FCOST_DATA= 6.97414E-04  FCOST0= 6.97414E-04
||Frechet||_F=  3.1149E-12max|Frechet|=  3.0314E-17
||Frechet||_F=  3.1149E-12max|Frechet|=  3.0314E-17
||Frechet||_F=  3.1149E-12max|Frechet|=  3.0314E-17
Grad block   1 GRAD_SCALED MORM =   1.6305E-03
Gradient finished
Start LBFGS 
curvature (warm): s·y=  3.4825E-06  ||s||^2=  7.3694E-03  ||y||^2=  3.6114E-08  sTy_min=  1.6314E-06
LBFGS step: g·p = -6.3109E-04  ||p||=  2.9797E+00
LBFGS step: min(p)= -1.8951E-01  max(p)=  2.1139E-01
LBFGS p_k (unscaled) stats per active parameter:
  IA=  1  PAR={rho}  min=-1.73963E+02  max= 1.94045E+02  L2= 2.73527E+03
min(p_k)= -1.8951E-01  max(p_k)=  2.1139E-01  ||p_k||=  2.9797E+00
min(p_kf)= -1.8951E-01  max(p_kf)=  2.1139E-01  ||p_kf||=  1.1919E+01
p_k/p_kf  =   2.5000E-01
Start linesearch
MT entry: phi(0)=  6.9741E-04  dg0= -6.3109E-04  alpha0=  1.0000E+00
 UPDATEPARAMETER: f-scale only
UPDATEPARAMETER PAR_STEP min/max, V_STEP min/max =  1.9119535770E+03  2.5475185986E+03
  1.9119535770E+03  2.5475185986E+03
 WD_amp= 6.69304E+13  RESID_RMS= 9.07420E-02  FCOST_DATA= 4.11706E-03  FCOST0= 4.11706E-03
  
 -------------- calculate Frechet derivatives -----------
 IFREQ =           8    ITERATION =           4
||Frechet||_F=  3.1126E-12max|Frechet|=  3.0522E-17
||Frechet||_F=  3.1126E-12max|Frechet|=  3.0522E-17
||Frechet||_F=  3.1126E-12max|Frechet|=  3.0522E-17
||Frechet||_F=  3.1126E-12max|Frechet|=  3.0522E-17
||Frechet||_F=  3.1126E-12max|Frechet|=  3.0522E-17
||Frechet||_F=  3.1126E-12max|Frechet|=  3.0522E-17
Grad block   1 GRAD_SCALED MORM =   7.3636E-03
MT try: alpha=  1.0000E+00  phi=  4.1171E-03  dg=  2.1077E-03  dg0= -6.3109E-04
MT try: armijo_rhs=  6.9735E-04  armijo=F  curvature=F  task=FG
 UPDATEPARAMETER: f-scale only
UPDATEPARAMETER PAR_STEP min/max, V_STEP min/max =  1.9192226371E+03  2.4948414139E+03
  1.9192226371E+03  2.4948414139E+03
 WD_amp= 6.69304E+13  RESID_RMS= 3.64743E-02  FCOST_DATA= 6.65187E-04  FCOST0= 6.65187E-04
  
 -------------- calculate Frechet derivatives -----------
 IFREQ =           8    ITERATION =           4
||Frechet||_F=  3.1148E-12max|Frechet|=  3.0328E-17
||Frechet||_F=  3.1148E-12max|Frechet|=  3.0328E-17
||Frechet||_F=  3.1148E-12max|Frechet|=  3.0328E-17
||Frechet||_F=  3.1148E-12max|Frechet|=  3.0328E-17
||Frechet||_F=  3.1148E-12max|Frechet|=  3.0328E-17
||Frechet||_F=  3.1148E-12max|Frechet|=  3.0328E-17
Grad block   1 GRAD_SCALED MORM =   1.5556E-03
MT try: alpha=  3.4540E-02  phi=  6.6519E-04  dg= -5.2864E-04  dg0= -6.3109E-04
MT try: armijo_rhs=  6.9741E-04  armijo=T  curvature=T  task=FG
Convergence reached, updating parameter grid
ALPHA from line search =  .3454032290626408E-01
 FCOST0 after linesearch  6.651869424993366E-004
Norm of s (s_norm) =  .1029210339518044
  
  
  
  
  
  
Convergence check at iteration    4
  Relative cost decrease  =  4.6209E-02
  Relative model update   =  0.0000E+00
  Relative grad. norm     =  3.6796E-01
Time for LBFGS =  17.59695027669271 min
  
 Frequency:           8 Iteration:           5
t_global   =    358.905 s
  
 -------------- calculate Frechet derivatives -----------
 IFREQ =           8    ITERATION =           5
||Frechet||_F=  3.1148E-12max|Frechet|=  3.0328E-17
 
TIME for Frechet calc =  2.865128326416015 min
 
 
  compute the residual and the cost function
 WD_amp= 6.69304E+13  RESID_RMS= 3.64743E-02  FCOST_DATA= 6.65187E-04  FCOST0= 6.65187E-04
||Frechet||_F=  3.1148E-12max|Frechet|=  3.0328E-17
||Frechet||_F=  3.1148E-12max|Frechet|=  3.0328E-17
||Frechet||_F=  3.1148E-12max|Frechet|=  3.0328E-17
||Frechet||_F=  3.1148E-12max|Frechet|=  3.0328E-17
||Frechet||_F=  3.1148E-12max|Frechet|=  3.0328E-17
Grad block   1 GRAD_SCALED MORM =   1.5556E-03
Gradient finished
Start LBFGS 
curvature (warm): s·y=  3.5386E-06  ||s||^2=  1.0593E-02  ||y||^2=  4.0295E-08  sTy_min=  2.0660E-06
LBFGS step: g·p = -1.0120E-03  ||p||=  5.1343E+00
LBFGS step: min(p)= -3.0930E-01  max(p)=  3.9141E-01
LBFGS p_k (unscaled) stats per active parameter:
  IA=  1  PAR={rho}  min=-2.83926E+02  max= 3.59294E+02  L2= 4.71309E+03
min(p_k)= -3.0930E-01  max(p_k)=  3.9141E-01  ||p_k||=  5.1343E+00
min(p_kf)= -3.0930E-01  max(p_kf)=  3.9141E-01  ||p_kf||=  2.0537E+01
p_k/p_kf  =   2.5000E-01
Start linesearch
MT entry: phi(0)=  6.6519E-04  dg0= -1.0120E-03  alpha0=  1.0000E+00
 UPDATEPARAMETER: f-scale only
UPDATEPARAMETER PAR_STEP min/max, V_STEP min/max =  1.9062608698E+03  2.6998355771E+03
  1.9062608698E+03  2.6998355771E+03
 WD_amp= 6.69304E+13  RESID_RMS= 1.48079E-01  FCOST_DATA= 1.09637E-02  FCOST0= 1.09637E-02
  
 -------------- calculate Frechet derivatives -----------
 IFREQ =           8    ITERATION =           5
||Frechet||_F=  3.1085E-12max|Frechet|=  3.0620E-17
||Frechet||_F=  3.1085E-12max|Frechet|=  3.0620E-17
||Frechet||_F=  3.1085E-12max|Frechet|=  3.0620E-17
||Frechet||_F=  3.1085E-12max|Frechet|=  3.0620E-17
||Frechet||_F=  3.1085E-12max|Frechet|=  3.0620E-17
||Frechet||_F=  3.1085E-12max|Frechet|=  3.0620E-17
Grad block   1 GRAD_SCALED MORM =   1.5699E-02
MT try: alpha=  1.0000E+00  phi=  1.0964E-02  dg=  7.5696E-03  dg0= -1.0120E-03
MT try: armijo_rhs=  6.6509E-04  armijo=F  curvature=F  task=FG
 UPDATEPARAMETER: f-scale only
UPDATEPARAMETER PAR_STEP min/max, V_STEP min/max =  1.9190234654E+03  2.4935230616E+03
  1.9190234654E+03  2.4935230616E+03
 WD_amp= 6.69304E+13  RESID_RMS= 3.57323E-02  FCOST_DATA= 6.38400E-04  FCOST0= 6.38400E-04
  
 -------------- calculate Frechet derivatives -----------
 IFREQ =           8    ITERATION =           5
||Frechet||_F=  3.1147E-12max|Frechet|=  3.0345E-17
||Frechet||_F=  3.1147E-12max|Frechet|=  3.0345E-17
||Frechet||_F=  3.1147E-12max|Frechet|=  3.0345E-17
||Frechet||_F=  3.1147E-12max|Frechet|=  3.0345E-17
||Frechet||_F=  3.1147E-12max|Frechet|=  3.0345E-17
||Frechet||_F=  3.1147E-12max|Frechet|=  3.0345E-17
Grad block   1 GRAD_SCALED MORM =   1.4814E-03
MT try: alpha=  2.0303E-02  phi=  6.3840E-04  dg= -8.2870E-04  dg0= -1.0120E-03
MT try: armijo_rhs=  6.6518E-04  armijo=T  curvature=T  task=FG
Convergence reached, updating parameter grid
ALPHA from line search =  .2030258576129361E-01
 FCOST0 after linesearch  6.383997635299279E-004
Norm of s (s_norm) =  .1042400035829612
  
  
  
  
  
  
Convergence check at iteration    5
  Relative cost decrease  =  4.0270E-02
  Relative model update   =  0.0000E+00
  Relative grad. norm     =  3.3463E-01
Time for LBFGS =  17.66362304687500 min
  
 Frequency:           8 Iteration:           6
t_global   =    357.326 s
  
 -------------- calculate Frechet derivatives -----------
 IFREQ =           8    ITERATION =           6
||Frechet||_F=  3.1147E-12max|Frechet|=  3.0345E-17
 
TIME for Frechet calc =  2.851211547851562 min
 
 
  compute the residual and the cost function
 WD_amp= 6.69304E+13  RESID_RMS= 3.57323E-02  FCOST_DATA= 6.38400E-04  FCOST0= 6.38400E-04
||Frechet||_F=  3.1147E-12max|Frechet|=  3.0345E-17
||Frechet||_F=  3.1147E-12max|Frechet|=  3.0345E-17
||Frechet||_F=  3.1147E-12max|Frechet|=  3.0345E-17
||Frechet||_F=  3.1147E-12max|Frechet|=  3.0345E-17
||Frechet||_F=  3.1147E-12max|Frechet|=  3.0345E-17
Grad block   1 GRAD_SCALED MORM =   1.4814E-03
Gradient finished
Start LBFGS 
curvature (warm): s·y=  3.7211E-06  ||s||^2=  1.0866E-02  ||y||^2=  5.7909E-08  sTy_min=  2.5085E-06
LBFGS step: g·p = -6.1988E-04  ||p||=  3.5011E+00
LBFGS step: min(p)= -2.2084E-01  max(p)=  2.8718E-01
LBFGS p_k (unscaled) stats per active parameter:
  IA=  1  PAR={rho}  min=-2.02720E+02  max= 2.63618E+02  L2= 3.21389E+03
min(p_k)= -2.2084E-01  max(p_k)=  2.8718E-01  ||p_k||=  3.5011E+00
min(p_kf)= -2.2084E-01  max(p_kf)=  2.8718E-01  ||p_kf||=  1.4005E+01
p_k/p_kf  =   2.5000E-01
Start linesearch
MT entry: phi(0)=  6.3840E-04  dg0= -6.1988E-04  alpha0=  1.0000E+00
 UPDATEPARAMETER: f-scale only
UPDATEPARAMETER PAR_STEP min/max, V_STEP min/max =  1.9124213822E+03  2.6348687250E+03
  1.9124213822E+03  2.6348687250E+03
 WD_amp= 6.69304E+13  RESID_RMS= 9.68807E-02  FCOST_DATA= 4.69294E-03  FCOST0= 4.69294E-03
  
 -------------- calculate Frechet derivatives -----------
 IFREQ =           8    ITERATION =           6
||Frechet||_F=  3.1104E-12max|Frechet|=  3.0625E-17
||Frechet||_F=  3.1104E-12max|Frechet|=  3.0625E-17
||Frechet||_F=  3.1104E-12max|Frechet|=  3.0625E-17
||Frechet||_F=  3.1104E-12max|Frechet|=  3.0625E-17
||Frechet||_F=  3.1104E-12max|Frechet|=  3.0625E-17
||Frechet||_F=  3.1104E-12max|Frechet|=  3.0625E-17
Grad block   1 GRAD_SCALED MORM =   6.5299E-03
MT try: alpha=  1.0000E+00  phi=  4.6929E-03  dg=  1.9370E-03  dg0= -6.1988E-04
MT try: armijo_rhs=  6.3834E-04  armijo=F  curvature=F  task=FG
 UPDATEPARAMETER: f-scale only
UPDATEPARAMETER PAR_STEP min/max, V_STEP min/max =  1.9188924979E+03  2.4920990898E+03
  1.9188924979E+03  2.4920990898E+03
 WD_amp= 6.69304E+13  RESID_RMS= 3.53516E-02  FCOST_DATA= 6.24869E-04  FCOST0= 6.24869E-04
  
 -------------- calculate Frechet derivatives -----------
 IFREQ =           8    ITERATION =           6
||Frechet||_F=  3.1146E-12max|Frechet|=  3.0359E-17
||Frechet||_F=  3.1146E-12max|Frechet|=  3.0359E-17
||Frechet||_F=  3.1146E-12max|Frechet|=  3.0359E-17
||Frechet||_F=  3.1146E-12max|Frechet|=  3.0359E-17
||Frechet||_F=  3.1146E-12max|Frechet|=  3.0359E-17
||Frechet||_F=  3.1146E-12max|Frechet|=  3.0359E-17
Grad block   1 GRAD_SCALED MORM =   1.3899E-03
MT try: alpha=  2.7713E-02  phi=  6.2487E-04  dg= -5.5187E-04  dg0= -6.1988E-04
MT try: armijo_rhs=  6.3840E-04  armijo=T  curvature=T  task=FG
Convergence reached, updating parameter grid
ALPHA from line search =  .2771262121852674E-01
 FCOST0 after linesearch  6.248691529073839E-004
Norm of s (s_norm) =  .9702566534710508E-01
  
  
  
  
  
  
Convergence check at iteration    6
  Relative cost decrease  =  2.1195E-02
  Relative model update   =  0.0000E+00
  Relative grad. norm     =  2.8491E-01
Time for LBFGS =  17.61807250976562 min
  
 Frequency:           8 Iteration:           7
t_global   =    360.527 s
  
 -------------- calculate Frechet derivatives -----------
 IFREQ =           8    ITERATION =           7
||Frechet||_F=  3.1146E-12max|Frechet|=  3.0359E-17
 
TIME for Frechet calc =  2.811120096842448 min
 
 
  compute the residual and the cost function
 WD_amp= 6.69304E+13  RESID_RMS= 3.53516E-02  FCOST_DATA= 6.24869E-04  FCOST0= 6.24869E-04
||Frechet||_F=  3.1146E-12max|Frechet|=  3.0359E-17
||Frechet||_F=  3.1146E-12max|Frechet|=  3.0359E-17
||Frechet||_F=  3.1146E-12max|Frechet|=  3.0359E-17
||Frechet||_F=  3.1146E-12max|Frechet|=  3.0359E-17
||Frechet||_F=  3.1146E-12max|Frechet|=  3.0359E-17
Grad block   1 GRAD_SCALED MORM =   1.3899E-03
Gradient finished
Start LBFGS 
curvature (full): s·y=  1.8847E-06  ||s||^2=  9.4140E-03  ||y||^2=  1.9298E-08  sTy_min=  1.3479E-06
 
LBFGS step(full): g·p = -7.2728E-04  ||p||=  5.1567E+00
LBFGS step(full): min(p)= -3.2446E-01  max(p)=  4.4523E-01
LBFGS p_k (unscaled) stats per active parameter:
  IA=  1  PAR={rho}  min=-2.97838E+02  max= 4.08705E+02  L2= 4.73365E+03
min(p_k)= -3.2446E-01  max(p_k)=  4.4523E-01  ||p_k||=  5.1567E+00
min(p_kf)= -3.2446E-01  max(p_kf)=  4.4523E-01  ||p_kf||=  2.0627E+01
p_k/p_kf  =   2.5000E-01
Start linesearch
MT entry: phi(0)=  6.2487E-04  dg0= -7.2728E-04  alpha0=  1.0000E+00
 UPDATEPARAMETER: f-scale only
UPDATEPARAMETER PAR_STEP min/max, V_STEP min/max =  1.8895000320E+03  2.7401381384E+03
  1.8895000320E+03  2.7401381384E+03
 WD_amp= 6.69304E+13  RESID_RMS= 1.36551E-01  FCOST_DATA= 9.32305E-03  FCOST0= 9.32305E-03
  
 -------------- calculate Frechet derivatives -----------
 IFREQ =           8    ITERATION =           7
||Frechet||_F=  3.1133E-12max|Frechet|=  3.0625E-17
||Frechet||_F=  3.1133E-12max|Frechet|=  3.0625E-17
||Frechet||_F=  3.1133E-12max|Frechet|=  3.0625E-17
||Frechet||_F=  3.1133E-12max|Frechet|=  3.0625E-17
||Frechet||_F=  3.1133E-12max|Frechet|=  3.0625E-17
||Frechet||_F=  3.1133E-12max|Frechet|=  3.0625E-17
Grad block   1 GRAD_SCALED MORM =   8.6433E-03
MT try: alpha=  1.0000E+00  phi=  9.3231E-03  dg=  2.4855E-03  dg0= -7.2728E-04
MT try: armijo_rhs=  6.2480E-04  armijo=F  curvature=F  task=FG
 UPDATEPARAMETER: f-scale only
UPDATEPARAMETER PAR_STEP min/max, V_STEP min/max =  1.9187963003E+03  2.4909023958E+03
  1.9187963003E+03  2.4909023958E+03
 WD_amp= 6.69304E+13  RESID_RMS= 3.53234E-02  FCOST_DATA= 6.23872E-04  FCOST0= 6.23872E-04
  
 -------------- calculate Frechet derivatives -----------
 IFREQ =           8    ITERATION =           7
||Frechet||_F=  3.1146E-12max|Frechet|=  3.0368E-17
||Frechet||_F=  3.1146E-12max|Frechet|=  3.0368E-17
||Frechet||_F=  3.1146E-12max|Frechet|=  3.0368E-17
||Frechet||_F=  3.1146E-12max|Frechet|=  3.0368E-17
||Frechet||_F=  3.1146E-12max|Frechet|=  3.0368E-17
||Frechet||_F=  3.1146E-12max|Frechet|=  3.0368E-17
Grad block   1 GRAD_SCALED MORM =   1.3998E-03
MT try: alpha=  1.4711E-02  phi=  6.2387E-04  dg= -6.7442E-04  dg0= -7.2728E-04
MT try: armijo_rhs=  6.2487E-04  armijo=T  curvature=F  task=FG
 UPDATEPARAMETER: f-scale only
UPDATEPARAMETER PAR_STEP min/max, V_STEP min/max =  1.9139459057E+03  2.5711514234E+03
  1.9139459057E+03  2.5711514234E+03
 WD_amp= 6.69304E+13  RESID_RMS= 7.64144E-02  FCOST_DATA= 2.91958E-03  FCOST0= 2.91958E-03
  
 -------------- calculate Frechet derivatives -----------
 IFREQ =           8    ITERATION =           7
||Frechet||_F=  3.1145E-12max|Frechet|=  3.0596E-17
||Frechet||_F=  3.1145E-12max|Frechet|=  3.0596E-17
||Frechet||_F=  3.1145E-12max|Frechet|=  3.0596E-17
||Frechet||_F=  3.1145E-12max|Frechet|=  3.0596E-17
||Frechet||_F=  3.1145E-12max|Frechet|=  3.0596E-17
||Frechet||_F=  3.1145E-12max|Frechet|=  3.0596E-17
Grad block   1 GRAD_SCALED MORM =   4.6800E-03
MT try: alpha=  5.0736E-01  phi=  2.9196E-03  dg=  1.0825E-03  dg0= -7.2728E-04
MT try: armijo_rhs=  6.2483E-04  armijo=F  curvature=F  task=FG
 UPDATEPARAMETER: f-scale only
UPDATEPARAMETER PAR_STEP min/max, V_STEP min/max =  1.9187182762E+03  2.4899317783E+03
  1.9187182762E+03  2.4899317783E+03
 WD_amp= 6.69304E+13  RESID_RMS= 3.53858E-02  FCOST_DATA= 6.26076E-04  FCOST0= 6.26076E-04
  
 -------------- calculate Frechet derivatives -----------
 IFREQ =           8    ITERATION =           7
||Frechet||_F=  3.1145E-12max|Frechet|=  3.0375E-17
||Frechet||_F=  3.1145E-12max|Frechet|=  3.0375E-17
||Frechet||_F=  3.1145E-12max|Frechet|=  3.0375E-17
||Frechet||_F=  3.1145E-12max|Frechet|=  3.0375E-17
||Frechet||_F=  3.1145E-12max|Frechet|=  3.0375E-17
||Frechet||_F=  3.1145E-12max|Frechet|=  3.0375E-17
Grad block   1 GRAD_SCALED MORM =   1.4169E-03
MT try: alpha=  2.6643E-02  phi=  6.2608E-04  dg= -6.3147E-04  dg0= -7.2728E-04
MT try: armijo_rhs=  6.2487E-04  armijo=F  curvature=T  task=FG
 UPDATEPARAMETER: f-scale only
UPDATEPARAMETER PAR_STEP min/max, V_STEP min/max =  1.9187839963E+03  2.4907493337E+03
  1.9187839963E+03  2.4907493337E+03
 WD_amp= 6.69304E+13  RESID_RMS= 3.53282E-02  FCOST_DATA= 6.24040E-04  FCOST0= 6.24040E-04
  
 -------------- calculate Frechet derivatives -----------
 IFREQ =           8    ITERATION =           7
||Frechet||_F=  3.1146E-12max|Frechet|=  3.0369E-17
||Frechet||_F=  3.1146E-12max|Frechet|=  3.0369E-17
||Frechet||_F=  3.1146E-12max|Frechet|=  3.0369E-17
||Frechet||_F=  3.1146E-12max|Frechet|=  3.0369E-17
||Frechet||_F=  3.1146E-12max|Frechet|=  3.0369E-17
||Frechet||_F=  3.1146E-12max|Frechet|=  3.0369E-17
Grad block   1 GRAD_SCALED MORM =   1.4020E-03
MT try: alpha=  1.6593E-02  phi=  6.2404E-04  dg= -6.6765E-04  dg0= -7.2728E-04
MT try: armijo_rhs=  6.2487E-04  armijo=T  curvature=F  task=FG
 UPDATEPARAMETER: f-scale only
UPDATEPARAMETER PAR_STEP min/max, V_STEP min/max =  1.9187940870E+03  2.4908748620E+03
  1.9187940870E+03  2.4908748620E+03
 WD_amp= 6.69304E+13  RESID_RMS= 3.53241E-02  FCOST_DATA= 6.23897E-04  FCOST0= 6.23897E-04
  
 -------------- calculate Frechet derivatives -----------
 IFREQ =           8    ITERATION =           7
||Frechet||_F=  3.1146E-12max|Frechet|=  3.0368E-17
||Frechet||_F=  3.1146E-12max|Frechet|=  3.0368E-17
||Frechet||_F=  3.1146E-12max|Frechet|=  3.0368E-17
||Frechet||_F=  3.1146E-12max|Frechet|=  3.0368E-17
||Frechet||_F=  3.1146E-12max|Frechet|=  3.0368E-17
||Frechet||_F=  3.1146E-12max|Frechet|=  3.0368E-17
Grad block   1 GRAD_SCALED MORM =   1.4002E-03
MT try: alpha=  1.5050E-02  phi=  6.2390E-04  dg= -6.7320E-04  dg0= -7.2728E-04
MT try: armijo_rhs=  6.2487E-04  armijo=T  curvature=F  task=FG
 UPDATEPARAMETER: f-scale only
UPDATEPARAMETER PAR_STEP min/max, V_STEP min/max =  1.9187958933E+03  2.4908973324E+03
  1.9187958933E+03  2.4908973324E+03
 WD_amp= 6.69304E+13  RESID_RMS= 3.53235E-02  FCOST_DATA= 6.23876E-04  FCOST0= 6.23876E-04
  
 -------------- calculate Frechet derivatives -----------
 IFREQ =           8    ITERATION =           7
||Frechet||_F=  3.1146E-12max|Frechet|=  3.0368E-17
||Frechet||_F=  3.1146E-12max|Frechet|=  3.0368E-17
||Frechet||_F=  3.1146E-12max|Frechet|=  3.0368E-17
||Frechet||_F=  3.1146E-12max|Frechet|=  3.0368E-17
||Frechet||_F=  3.1146E-12max|Frechet|=  3.0368E-17
||Frechet||_F=  3.1146E-12max|Frechet|=  3.0368E-17
Grad block   1 GRAD_SCALED MORM =   1.3999E-03
MT try: alpha=  1.4774E-02  phi=  6.2388E-04  dg= -6.7420E-04  dg0= -7.2728E-04
MT try: armijo_rhs=  6.2487E-04  armijo=T  curvature=F  task=FG
 UPDATEPARAMETER: f-scale only
UPDATEPARAMETER PAR_STEP min/max, V_STEP min/max =  1.9187962252E+03  2.4909014610E+03
  1.9187962252E+03  2.4909014610E+03
 WD_amp= 6.69304E+13  RESID_RMS= 3.53234E-02  FCOST_DATA= 6.23872E-04  FCOST0= 6.23872E-04
  
 -------------- calculate Frechet derivatives -----------
 IFREQ =           8    ITERATION =           7
||Frechet||_F=  3.1146E-12max|Frechet|=  3.0368E-17
||Frechet||_F=  3.1146E-12max|Frechet|=  3.0368E-17
||Frechet||_F=  3.1146E-12max|Frechet|=  3.0368E-17
||Frechet||_F=  3.1146E-12max|Frechet|=  3.0368E-17
||Frechet||_F=  3.1146E-12max|Frechet|=  3.0368E-17
||Frechet||_F=  3.1146E-12max|Frechet|=  3.0368E-17
Grad block   1 GRAD_SCALED MORM =   1.3998E-03
MT try: alpha=  1.4723E-02  phi=  6.2387E-04  dg= -6.7438E-04  dg0= -7.2728E-04
MT try: armijo_rhs=  6.2487E-04  armijo=T  curvature=F  task=FG
 UPDATEPARAMETER: f-scale only
UPDATEPARAMETER PAR_STEP min/max, V_STEP min/max =  1.9187962864E+03  2.4909022232E+03
  1.9187962864E+03  2.4909022232E+03
 WD_amp= 6.69304E+13  RESID_RMS= 3.53234E-02  FCOST_DATA= 6.23872E-04  FCOST0= 6.23872E-04
  
 -------------- calculate Frechet derivatives -----------
 IFREQ =           8    ITERATION =           7
||Frechet||_F=  3.1146E-12max|Frechet|=  3.0368E-17
||Frechet||_F=  3.1146E-12max|Frechet|=  3.0368E-17
||Frechet||_F=  3.1146E-12max|Frechet|=  3.0368E-17
||Frechet||_F=  3.1146E-12max|Frechet|=  3.0368E-17
||Frechet||_F=  3.1146E-12max|Frechet|=  3.0368E-17
||Frechet||_F=  3.1146E-12max|Frechet|=  3.0368E-17
Grad block   1 GRAD_SCALED MORM =   1.3998E-03
MT try: alpha=  1.4713E-02  phi=  6.2387E-04  dg= -6.7441E-04  dg0= -7.2728E-04
MT try: armijo_rhs=  6.2487E-04  armijo=T  curvature=F  task=FG
 UPDATEPARAMETER: f-scale only
UPDATEPARAMETER PAR_STEP min/max, V_STEP min/max =  1.9187962978E+03  2.4909023639E+03
  1.9187962978E+03  2.4909023639E+03
 WD_amp= 6.69304E+13  RESID_RMS= 3.53234E-02  FCOST_DATA= 6.23872E-04  FCOST0= 6.23872E-04
  
 -------------- calculate Frechet derivatives -----------
 IFREQ =           8    ITERATION =           7
||Frechet||_F=  3.1146E-12max|Frechet|=  3.0368E-17
||Frechet||_F=  3.1146E-12max|Frechet|=  3.0368E-17
||Frechet||_F=  3.1146E-12max|Frechet|=  3.0368E-17
||Frechet||_F=  3.1146E-12max|Frechet|=  3.0368E-17
||Frechet||_F=  3.1146E-12max|Frechet|=  3.0368E-17
||Frechet||_F=  3.1146E-12max|Frechet|=  3.0368E-17
Grad block   1 GRAD_SCALED MORM =   1.3998E-03
MT try: alpha=  1.4712E-02  phi=  6.2387E-04  dg= -6.7442E-04  dg0= -7.2728E-04
MT try: armijo_rhs=  6.2487E-04  armijo=T  curvature=F  task=FG
 Line search failed (IFLAG=          11 ), inversion diverged.
 --------- Frequency   5.65000000000000       (band            1 )
[ComputeAcqWeight] empty acq_weight_file, using uniform weights = 1.0
Data weighting computed for frequency 4607182418800017373
XSRmin, XSRmax, ZSRmin, ZSRMax -1960.000000000000 .000000000000000 2203.000000000000 4183.000000000000
Data weighting computed for frequency 4607182418800017373
1 FKYC
1.2 FKYC
my_rank, FKYC,WLMAX, RMAX 0 .4630434389421478E-01 906.6865123615522 2786.036611389018
1.1 NK
NK in cky2= 66

  Number of wavenumber samples (NK) for FREQ =   66
Data weighting computed for frequency 4607182418800017373
Data weighting computed for frequency 4607182418800017373
Data weighting computed for frequency 4607182418800017373
  RMAX = 2786.04
Data weighting computed for frequency 4607182418800017373
--- Pre-solver preview (memory + RHS workload) ---
   GQG dims: NNX=       609  NNZ=       329  NPT=    200361
   DOF:     N=3*NPT =    601083
   Sources: NSR=       100  NSS=        20  NK=        66
   RHS total (per IK): nrhs_tot=3*NSS =        60
   Batch:    MAX_RHS_BATCH=        32  nbatches=         2
   GFMY  (GFX+GFY+GFZ):         17.735 GB
   RHS_MY(rhs+sol buffers):      0.573 GB
 
 running run_ik_loop_pardiso
before CA | VmRSS=  19.517 GB  VmHWM=  87.671 GB
after CA | VmRSS=  20.117 GB  VmHWM=  87.671 GB
after factor | VmRSS=  24.159 GB  VmHWM=  87.671 GB
f=     5.650 Hz | ky=  0.701581E-03 | IK=       1/      66 | t=   18.347100 s | CA=  2.6432 | fact= 13.6817 | GF=  2.0220 | solve=  1.8597 | scatter=  0.0533
f=     5.650 Hz | ky=  0.140316E-02 | IK=       2/      66 | t=    7.171000 s | CA=  2.6700 | fact=  2.5855 | GF=  1.9155 | solve=  1.7843 | scatter=  0.0546
f=     5.650 Hz | ky=  0.210474E-02 | IK=       3/      66 | t=    7.165400 s | CA=  2.6864 | fact=  2.5545 | GF=  1.9245 | solve=  1.7903 | scatter=  0.0576
f=     5.650 Hz | ky=  0.280632E-02 | IK=       4/      66 | t=    7.131600 s | CA=  2.6383 | fact=  2.5758 | GF=  1.9175 | solve=  1.7867 | scatter=  0.0544
f=     5.650 Hz | ky=  0.350790E-02 | IK=       5/      66 | t=    7.189400 s | CA=  2.6852 | fact=  2.5864 | GF=  1.9178 | solve=  1.7889 | scatter=  0.0521
f=     5.650 Hz | ky=  0.420949E-02 | IK=       6/      66 | t=    7.182000 s | CA=  2.6681 | fact=  2.5983 | GF=  1.9156 | solve=  1.7846 | scatter=  0.0545
f=     5.650 Hz | ky=  0.491107E-02 | IK=       7/      66 | t=    7.138100 s | CA=  2.6321 | fact=  2.5919 | GF=  1.9140 | solve=  1.7855 | scatter=  0.0519
f=     5.650 Hz | ky=  0.561265E-02 | IK=       8/      66 | t=    7.181400 s | CA=  2.6802 | fact=  2.5877 | GF=  1.9135 | solve=  1.7807 | scatter=  0.0561
f=     5.650 Hz | ky=  0.631423E-02 | IK=       9/      66 | t=    7.139900 s | CA=  2.6645 | fact=  2.5584 | GF=  1.9169 | solve=  1.7841 | scatter=  0.0561
f=     5.650 Hz | ky=  0.701581E-02 | IK=      10/      66 | t=    7.181100 s | CA=  2.6773 | fact=  2.5902 | GF=  1.9135 | solve=  1.7788 | scatter=  0.0581
f=     5.650 Hz | ky=  0.771739E-02 | IK=      11/      66 | t=    7.194600 s | CA=  2.6942 | fact=  2.5855 | GF=  1.9149 | solve=  1.7831 | scatter=  0.0552
PARDISO mem (f=  5.65 Hz): sym=  2.09 GB  perm=  1.52 GB  num=  3.46 GB  
peak=  4.98 GB
t_global   =    142.670 s
TIME for 1st forward modeling =  2.377811686197917  min
TIME for GT0 =  .5949999888737996E-02  min
Data scaler W for L2 norm: 69716602734000.62
Data scaler W for WQS norm: .1007948000807317E-312
Total number of active inversion parameters for current sequential stage (IM):          1
Total model blocks points (NM = IM * NBLOCK):      12464 on grid (NMM = IM * NPT):    200361
 Gradient balance ():   1.00000000000000        1.00000000000000     
   1.00000000000000        1.00000000000000        1.00000000000000     
   1.00000000000000        1.00000000000000        1.00000000000000     
   1.00000000000000        1.00000000000000        1.00000000000000     
 IE0, IZ          33           0
 IE0, IZ, GZ1, GZ2 =           33           0   100.000000000000     
   300.000000000000     
  
 Frequency:           9 Iteration:           1
--- Pre-solver preview (memory + RHS workload) ---
   GQG dims: NNX=       609  NNZ=       329  NPT=    200361
   DOF:     N=3*NPT =    601083
   Sources: NSR=       100  NSS=       100  NK=        66
   RHS total (per IK): nrhs_tot=3*NSS =       300
   Batch:    MAX_RHS_BATCH=        32  nbatches=        10
   GFMY  (GFX+GFY+GFZ):         88.673 GB
   RHS_MY(rhs+sol buffers):      0.573 GB
 
 running run_ik_loop_pardiso
before CA | VmRSS=  91.297 GB  VmHWM=  91.297 GB
after CA | VmRSS=  92.296 GB  VmHWM=  96.589 GB
after factor | VmRSS=  96.334 GB  VmHWM=  96.589 GB
f=     5.650 Hz | ky=  0.701581E-03 | IK=       1/      66 | t=   25.727200 s | CA=  2.6023 | fact= 13.6710 | GF=  9.4537 | solve=  8.7618 | scatter=  0.2681
f=     5.650 Hz | ky=  0.140316E-02 | IK=       2/      66 | t=   14.559600 s | CA=  2.6737 | fact=  2.5426 | GF=  9.3432 | solve=  8.6775 | scatter=  0.2744
f=     5.650 Hz | ky=  0.210474E-02 | IK=       3/      66 | t=   14.619500 s | CA=  2.6773 | fact=  2.5935 | GF=  9.3486 | solve=  8.6870 | scatter=  0.2706
f=     5.650 Hz | ky=  0.280632E-02 | IK=       4/      66 | t=   14.537900 s | CA=  2.6584 | fact=  2.5186 | GF=  9.3609 | solve=  8.6954 | scatter=  0.2743
f=     5.650 Hz | ky=  0.350790E-02 | IK=       5/      66 | t=   14.570100 s | CA=  2.6845 | fact=  2.5402 | GF=  9.3454 | solve=  8.6827 | scatter=  0.2717
f=     5.650 Hz | ky=  0.420949E-02 | IK=       6/      66 | t=   14.614900 s | CA=  2.6776 | fact=  2.5468 | GF=  9.3905 | solve=  8.7265 | scatter=  0.2731
f=     5.650 Hz | ky=  0.491107E-02 | IK=       7/      66 | t=   14.633100 s | CA=  2.6718 | fact=  2.5903 | GF=  9.3710 | solve=  8.7092 | scatter=  0.2700
f=     5.650 Hz | ky=  0.561265E-02 | IK=       8/      66 | t=   14.621300 s | CA=  2.6723 | fact=  2.5861 | GF=  9.3628 | solve=  8.6973 | scatter=  0.2744
f=     5.650 Hz | ky=  0.631423E-02 | IK=       9/      66 | t=   14.652700 s | CA=  2.6834 | fact=  2.5970 | GF=  9.3722 | solve=  8.7098 | scatter=  0.2717
f=     5.650 Hz | ky=  0.701581E-02 | IK=      10/      66 | t=   14.543300 s | CA=  2.6085 | fact=  2.5451 | GF=  9.3896 | solve=  8.7246 | scatter=  0.2737
f=     5.650 Hz | ky=  0.771739E-02 | IK=      11/      66 | t=   14.642900 s | CA=  2.6939 | fact=  2.5935 | GF=  9.3555 | solve=  8.6944 | scatter=  0.2699
PARDISO mem (f=  5.65 Hz): sym=  2.09 GB  perm=  1.52 GB  num=  3.46 GB  
peak=  4.98 GB
t_global   =    431.118 s
TIME for 2d forward modeling_i calc =  7.183845011393229 min
Rank    4 -> ID range:   3201 to   4000 | Tasks:    800
Rank    5 -> ID range:   4001 to   4800 | Tasks:    800
Rank    1 -> ID range:    801 to   1600 | Tasks:    800
Rank    2 -> ID range:   1601 to   2400 | Tasks:    800
Rank    3 -> ID range:   2401 to   3200 | Tasks:    800
  
 -------------- calculate Frechet derivatives -----------
 IFREQ =           9    ITERATION =           1
Frechet memory size Frec_my:      0.891 (Gb)
Rank    0 -> ID range:      1 to    800 | Tasks:    800
FREQ:      5.7 Hz, ITER=       1  Frechet Derivative ID=     100/    4800 Finished   0.223800 s
FREQ:      5.7 Hz, ITER=       1  Frechet Derivative ID=     200/    4800 Finished   0.227700 s
FREQ:      5.7 Hz, ITER=       1  Frechet Derivative ID=     300/    4800 Finished   0.218100 s
FREQ:      5.7 Hz, ITER=       1  Frechet Derivative ID=     400/    4800 Finished   0.196300 s
FREQ:      5.7 Hz, ITER=       1  Frechet Derivative ID=     500/    4800 Finished   0.215300 s
FREQ:      5.7 Hz, ITER=       1  Frechet Derivative ID=     600/    4800 Finished   0.213600 s
FREQ:      5.7 Hz, ITER=       1  Frechet Derivative ID=     700/    4800 Finished   0.214600 s
FREQ:      5.7 Hz, ITER=       1  Frechet Derivative ID=     800/    4800 Finished   0.213700 s
||Frechet||_F=  3.0393E-12max|Frechet|=  3.4528E-17
||Frechet||_F=  3.0393E-12max|Frechet|=  3.4528E-17
 
TIME for Frechet calc =  3.411766560872396 min
 
m_fine: min=  1.9189E+03  max=  2.4921E+03  mean=  2.2208E+03  ||.||2=  9.9570E+05  size=  200361
m_coarse_prev: min=  1.9262E+03  max=  2.4804E+03  mean=  2.2210E+03  ||.||2=  2.4836E+05  size=   12464
 
  compute the residual and the cost function
 WD_amp= 6.97166E+13  RESID_RMS= 3.65704E-02  FCOST_DATA= 6.68696E-04  FCOST0= 6.68696E-04
||Frechet||_F=  3.0393E-12max|Frechet|=  3.4528E-17
||Frechet||_F=  3.0393E-12max|Frechet|=  3.4528E-17
||Frechet||_F=  3.0393E-12max|Frechet|=  3.4528E-17
||Frechet||_F=  3.0393E-12max|Frechet|=  3.4528E-17
IA=  1  H(single F0) min= 0.00000E+00  max= 3.47493E-02
IA=  1  H(F0^2)     min= 0.00000E+00  max= 3.47493E-02
HESSD: ia=   1  min= 0.00000E+00  max= 5.75029E+03
IA=  1  H(single F0) min= 0.00000E+00  max= 3.47493E-02
IA=  1  H(F0^2)     min= 0.00000E+00  max= 3.47493E-02
HESSD: ia=   1  min= 0.00000E+00  max= 5.75029E+03
IA=  1  H(single F0) min= 0.00000E+00  max= 3.47493E-02
IA=  1  H(F0^2)     min= 0.00000E+00  max= 3.47493E-02
HESSD: ia=   1  min= 0.00000E+00  max= 5.75029E+03
IA=  1  H(single F0) min= 0.00000E+00  max= 3.47493E-02
IA=  1  H(F0^2)     min= 0.00000E+00  max= 3.47493E-02
HESSD: ia=   1  min= 0.00000E+00  max= 5.75029E+03
IA=  1  H(single F0) min= 0.00000E+00  max= 3.47493E-02
IA=  1  H(F0^2)     min= 0.00000E+00  max= 3.47493E-02
HESSD: ia=   1  min= 0.00000E+00  max= 5.75029E+03
IA=  1  H(single F0) min= 0.00000E+00  max= 3.47493E-02
IA=  1  H(F0^2)     min= 0.00000E+00  max= 3.47493E-02
HESSD: ia=   1  min= 0.00000E+00  max= 5.75029E+03
Grad block   1 GRAD_SCALED MORM =   1.7530E-03
Raw grad block  1  PAR={rho}  min= -2.6892E-07  max=  3.0596E-07  L2=  2.1825E-06
Gradient finished
Start LBFGS 
LBFGS steepest step , iter=      1
  g·p = -5.6488E-04  ||p|| =  9.4243E-01
  min(p)= -6.2497E-02  max(p)=  6.2102E-02
LBFGS p_k (unscaled) stats per active parameter:
  IA=  1  PAR={rho}  min=-5.73693E+01  max= 5.70071E+01  L2= 8.65106E+02
min(p_k)= -6.2497E-02  max(p_k)=  6.2102E-02  ||p_k||=  9.4243E-01
min(p_kf)= -6.2497E-02  max(p_kf)=  6.2102E-02  ||p_kf||=  3.7697E+00
p_k/p_kf  =   2.5000E-01
Start linesearch
BT entry: phi(0)=  6.6870E-04  g·p(0)= -5.6488E-04
 UPDATEPARAMETER: f-scale only
UPDATEPARAMETER PAR_STEP min/max, V_STEP min/max =  1.9145337897E+03  2.4565603405E+03
  1.9145337897E+03  2.4565603405E+03
REL STEP elastic: k=  1 row=  1 rmax_k=  2.8330E-02 row_scale=  2.4921E+03
BT cap probe: rmax1=  2.8330E-02  alpha_cap=  1.0000E+00  alpha00=  1.0000E+00
 UPDATEPARAMETER: f-scale only
UPDATEPARAMETER PAR_STEP min/max, V_STEP min/max =  1.9145337897E+03  2.4565603405E+03
  1.9145337897E+03  2.4565603405E+03
 running run_ik_loop_pardiso
before CA | VmRSS=  20.367 GB  VmHWM= 102.061 GB
after CA | VmRSS=  21.489 GB  VmHWM= 102.061 GB
after factor | VmRSS=  25.526 GB  VmHWM= 102.061 GB
f=     5.650 Hz | ky=  0.701581E-03 | IK=       1/      66 | t=   18.378800 s | CA=  2.6911 | fact= 13.6653 | GF=  2.0222 | solve=  1.8592 | scatter=  0.0536
f=     5.650 Hz | ky=  0.140316E-02 | IK=       2/      66 | t=    7.134900 s | CA=  2.6707 | fact=  2.5506 | GF=  1.9136 | solve=  1.7829 | scatter=  0.0542
f=     5.650 Hz | ky=  0.210474E-02 | IK=       3/      66 | t=    7.262400 s | CA=  2.7536 | fact=  2.5927 | GF=  1.9161 | solve=  1.7875 | scatter=  0.0522
f=     5.650 Hz | ky=  0.280632E-02 | IK=       4/      66 | t=    7.257600 s | CA=  2.7508 | fact=  2.5898 | GF=  1.9170 | solve=  1.7846 | scatter=  0.0560
f=     5.650 Hz | ky=  0.350790E-02 | IK=       5/      66 | t=    7.170300 s | CA=  2.7006 | fact=  2.5546 | GF=  1.9150 | solve=  1.7841 | scatter=  0.0545
f=     5.650 Hz | ky=  0.420949E-02 | IK=       6/      66 | t=    7.187200 s | CA=  2.6741 | fact=  2.5924 | GF=  1.9207 | solve=  1.7867 | scatter=  0.0571
f=     5.650 Hz | ky=  0.491107E-02 | IK=       7/      66 | t=    7.166700 s | CA=  2.6630 | fact=  2.5854 | GF=  1.9182 | solve=  1.7869 | scatter=  0.0545
f=     5.650 Hz | ky=  0.561265E-02 | IK=       8/      66 | t=    7.193700 s | CA=  2.6931 | fact=  2.5848 | GF=  1.9157 | solve=  1.7846 | scatter=  0.0546
f=     5.650 Hz | ky=  0.631423E-02 | IK=       9/      66 | t=    7.174400 s | CA=  2.6757 | fact=  2.5799 | GF=  1.9188 | solve=  1.7891 | scatter=  0.0530
f=     5.650 Hz | ky=  0.701581E-02 | IK=      10/      66 | t=    7.206000 s | CA=  2.6925 | fact=  2.5977 | GF=  1.9158 | solve=  1.7859 | scatter=  0.0534
f=     5.650 Hz | ky=  0.771739E-02 | IK=      11/      66 | t=    7.107700 s | CA=  2.6365 | fact=  2.5519 | GF=  1.9192 | solve=  1.7885 | scatter=  0.0542
PARDISO mem (f=  5.65 Hz): sym=  2.09 GB  perm=  1.52 GB  num=  3.46 GB  
peak=  4.98 GB
 WD_amp= 6.97166E+13  RESID_RMS= 1.20888E-01  FCOST_DATA= 7.30690E-03  FCOST0= 7.30690E-03
BT: alpha=  1.0000E+00  phi=  7.3069E-03  rhs=  6.6864E-04
 UPDATEPARAMETER: f-scale only
UPDATEPARAMETER PAR_STEP min/max, V_STEP min/max =  1.9167131438E+03  2.4739047204E+03
  1.9167131438E+03  2.4739047204E+03
 running run_ik_loop_pardiso
before CA | VmRSS=  20.482 GB  VmHWM= 102.061 GB
after CA | VmRSS=  21.410 GB  VmHWM= 102.061 GB
after factor | VmRSS=  25.455 GB  VmHWM= 102.061 GB
f=     5.650 Hz | ky=  0.701581E-03 | IK=       1/      66 | t=   18.334300 s | CA=  2.6286 | fact= 13.6892 | GF=  2.0164 | solve=  1.8530 | scatter=  0.0545
f=     5.650 Hz | ky=  0.140316E-02 | IK=       2/      66 | t=    7.139200 s | CA=  2.6434 | fact=  2.5845 | GF=  1.9112 | solve=  1.7796 | scatter=  0.0550
f=     5.650 Hz | ky=  0.210474E-02 | IK=       3/      66 | t=    7.180400 s | CA=  2.6897 | fact=  2.5846 | GF=  1.9061 | solve=  1.7769 | scatter=  0.0528
f=     5.650 Hz | ky=  0.280632E-02 | IK=       4/      66 | t=    7.164500 s | CA=  2.6651 | fact=  2.5862 | GF=  1.9131 | solve=  1.7801 | scatter=  0.0565
f=     5.650 Hz | ky=  0.350790E-02 | IK=       5/      66 | t=    7.167700 s | CA=  2.6727 | fact=  2.5844 | GF=  1.9106 | solve=  1.7810 | scatter=  0.0531
f=     5.650 Hz | ky=  0.420949E-02 | IK=       6/      66 | t=    7.138200 s | CA=  2.6759 | fact=  2.5510 | GF=  1.9113 | solve=  1.7798 | scatter=  0.0548
f=     5.650 Hz | ky=  0.491107E-02 | IK=       7/      66 | t=    7.094900 s | CA=  2.6610 | fact=  2.5249 | GF=  1.9090 | solve=  1.7803 | scatter=  0.0524
f=     5.650 Hz | ky=  0.561265E-02 | IK=       8/      66 | t=    7.142300 s | CA=  2.6512 | fact=  2.5818 | GF=  1.9093 | solve=  1.7785 | scatter=  0.0541
f=     5.650 Hz | ky=  0.631423E-02 | IK=       9/      66 | t=    7.172200 s | CA=  2.6768 | fact=  2.5882 | GF=  1.9072 | solve=  1.7763 | scatter=  0.0544
f=     5.650 Hz | ky=  0.701581E-02 | IK=      10/      66 | t=    7.166000 s | CA=  2.6691 | fact=  2.5836 | GF=  1.9133 | solve=  1.7828 | scatter=  0.0541
f=     5.650 Hz | ky=  0.771739E-02 | IK=      11/      66 | t=    7.149400 s | CA=  2.6474 | fact=  2.5866 | GF=  1.9153 | solve=  1.7864 | scatter=  0.0522
PARDISO mem (f=  5.65 Hz): sym=  2.09 GB  perm=  1.52 GB  num=  3.46 GB  
peak=  4.98 GB
 WD_amp= 6.97166E+13  RESID_RMS= 6.30685E-02  FCOST_DATA= 1.98882E-03  FCOST0= 1.98882E-03
BT: alpha=  5.0000E-01  phi=  1.9888E-03  rhs=  6.6867E-04
 UPDATEPARAMETER: f-scale only
UPDATEPARAMETER PAR_STEP min/max, V_STEP min/max =  1.9178028209E+03  2.4830019051E+03
  1.9178028209E+03  2.4830019051E+03
 running run_ik_loop_pardiso
before CA | VmRSS=  20.986 GB  VmHWM= 102.061 GB
after CA | VmRSS=  22.232 GB  VmHWM= 102.061 GB
after factor | VmRSS=  26.268 GB  VmHWM= 102.061 GB
f=     5.650 Hz | ky=  0.701581E-03 | IK=       1/      66 | t=   18.310300 s | CA=  2.6621 | fact= 13.6323 | GF=  2.0157 | solve=  1.8491 | scatter=  0.0574
f=     5.650 Hz | ky=  0.140316E-02 | IK=       2/      66 | t=    7.215800 s | CA=  2.7222 | fact=  2.5776 | GF=  1.9159 | solve=  1.7841 | scatter=  0.0551
f=     5.650 Hz | ky=  0.210474E-02 | IK=       3/      66 | t=    7.187500 s | CA=  2.6918 | fact=  2.5883 | GF=  1.9074 | solve=  1.7769 | scatter=  0.0540
f=     5.650 Hz | ky=  0.280632E-02 | IK=       4/      66 | t=    7.216300 s | CA=  2.7191 | fact=  2.5843 | GF=  1.9129 | solve=  1.7824 | scatter=  0.0541
f=     5.650 Hz | ky=  0.350790E-02 | IK=       5/      66 | t=    7.179800 s | CA=  2.6759 | fact=  2.5890 | GF=  1.9149 | solve=  1.7850 | scatter=  0.0533
f=     5.650 Hz | ky=  0.420949E-02 | IK=       6/      66 | t=    7.157300 s | CA=  2.6624 | fact=  2.5820 | GF=  1.9128 | solve=  1.7818 | scatter=  0.0547
f=     5.650 Hz | ky=  0.491107E-02 | IK=       7/      66 | t=    7.171600 s | CA=  2.6761 | fact=  2.5833 | GF=  1.9122 | solve=  1.7813 | scatter=  0.0544
f=     5.650 Hz | ky=  0.561265E-02 | IK=       8/      66 | t=    7.194500 s | CA=  2.6908 | fact=  2.5905 | GF=  1.9132 | solve=  1.7823 | scatter=  0.0538
f=     5.650 Hz | ky=  0.631423E-02 | IK=       9/      66 | t=    7.140500 s | CA=  2.6404 | fact=  2.5882 | GF=  1.9118 | solve=  1.7794 | scatter=  0.0560
f=     5.650 Hz | ky=  0.701581E-02 | IK=      10/      66 | t=    7.240100 s | CA=  2.7410 | fact=  2.5839 | GF=  1.9151 | solve=  1.7839 | scatter=  0.0548
f=     5.650 Hz | ky=  0.771739E-02 | IK=      11/      66 | t=    7.117200 s | CA=  2.6211 | fact=  2.5780 | GF=  1.9181 | solve=  1.7859 | scatter=  0.0558
PARDISO mem (f=  5.65 Hz): sym=  2.09 GB  perm=  1.52 GB  num=  3.46 GB  
peak=  4.98 GB
 WD_amp= 6.97166E+13  RESID_RMS= 4.04924E-02  FCOST_DATA= 8.19819E-04  FCOST0= 8.19819E-04
BT: alpha=  2.5000E-01  phi=  8.1982E-04  rhs=  6.6868E-04
 UPDATEPARAMETER: f-scale only
UPDATEPARAMETER PAR_STEP min/max, V_STEP min/max =  1.9183476594E+03  2.4875504975E+03
  1.9183476594E+03  2.4875504975E+03
 running run_ik_loop_pardiso
before CA | VmRSS=  20.374 GB  VmHWM= 102.061 GB
after CA | VmRSS=  21.024 GB  VmHWM= 102.061 GB
after factor | VmRSS=  25.061 GB  VmHWM= 102.061 GB
f=     5.650 Hz | ky=  0.701581E-03 | IK=       1/      66 | t=   18.287500 s | CA=  2.6377 | fact= 13.6377 | GF=  2.0118 | solve=  1.8499 | scatter=  0.0535
f=     5.650 Hz | ky=  0.140316E-02 | IK=       2/      66 | t=    7.151600 s | CA=  2.6629 | fact=  2.5809 | GF=  1.9078 | solve=  1.7780 | scatter=  0.0533
f=     5.650 Hz | ky=  0.210474E-02 | IK=       3/      66 | t=    7.145100 s | CA=  2.6588 | fact=  2.5746 | GF=  1.9117 | solve=  1.7827 | scatter=  0.0525
f=     5.650 Hz | ky=  0.280632E-02 | IK=       4/      66 | t=    7.119500 s | CA=  2.6316 | fact=  2.5712 | GF=  1.9166 | solve=  1.7823 | scatter=  0.0574
f=     5.650 Hz | ky=  0.350790E-02 | IK=       5/      66 | t=    7.161800 s | CA=  2.6906 | fact=  2.5662 | GF=  1.9050 | solve=  1.7739 | scatter=  0.0548
f=     5.650 Hz | ky=  0.420949E-02 | IK=       6/      66 | t=    7.175800 s | CA=  2.6803 | fact=  2.5841 | GF=  1.9114 | solve=  1.7807 | scatter=  0.0539
f=     5.650 Hz | ky=  0.491107E-02 | IK=       7/      66 | t=    7.122000 s | CA=  2.6269 | fact=  2.5852 | GF=  1.9098 | solve=  1.7787 | scatter=  0.0545
f=     5.650 Hz | ky=  0.561265E-02 | IK=       8/      66 | t=    7.180800 s | CA=  2.6810 | fact=  2.5955 | GF=  1.9043 | solve=  1.7742 | scatter=  0.0538
f=     5.650 Hz | ky=  0.631423E-02 | IK=       9/      66 | t=    7.144000 s | CA=  2.6571 | fact=  2.5763 | GF=  1.9106 | solve=  1.7811 | scatter=  0.0530
f=     5.650 Hz | ky=  0.701581E-02 | IK=      10/      66 | t=    7.163800 s | CA=  2.6756 | fact=  2.5745 | GF=  1.9136 | solve=  1.7831 | scatter=  0.0537
f=     5.650 Hz | ky=  0.771739E-02 | IK=      11/      66 | t=    7.161800 s | CA=  2.6650 | fact=  2.5844 | GF=  1.9124 | solve=  1.7806 | scatter=  0.0554
PARDISO mem (f=  5.65 Hz): sym=  2.09 GB  perm=  1.52 GB  num=  3.46 GB  
peak=  4.98 GB
 WD_amp= 6.97166E+13  RESID_RMS= 3.51151E-02  FCOST_DATA= 6.16534E-04  FCOST0= 6.16534E-04
BT: alpha=  1.2500E-01  phi=  6.1653E-04  rhs=  6.6869E-04
  
  
  
  
Convergence reached, updating parameter grid
ALPHA from line search =  .1250000000000000
 FCOST0 after linesearch  6.165335435808484E-004
Norm of s (s_norm) =  .1178031495341657
  
  
Time for LBFGS =  9.376856486002604 min
  
 Frequency:           9 Iteration:           2
t_global   =    429.521 s
  
 -------------- calculate Frechet derivatives -----------
 IFREQ =           9    ITERATION =           2
||Frechet||_F=  3.0409E-12max|Frechet|=  3.4472E-17
||Frechet||_F=  3.0409E-12max|Frechet|=  3.4472E-17
 
TIME for Frechet calc =  3.475161743164063 min
 
 
  compute the residual and the cost function
 WD_amp= 6.97166E+13  RESID_RMS= 3.51151E-02  FCOST_DATA= 6.16534E-04  FCOST0= 6.16534E-04
||Frechet||_F=  3.0409E-12max|Frechet|=  3.4472E-17
||Frechet||_F=  3.0409E-12max|Frechet|=  3.4472E-17
||Frechet||_F=  3.0409E-12max|Frechet|=  3.4472E-17
||Frechet||_F=  3.0409E-12max|Frechet|=  3.4472E-17
Grad block   1 GRAD_SCALED MORM =   1.9635E-03
Raw grad block  1  PAR={rho}  min= -3.3379E-07  max=  2.7921E-07  L2=  2.3834E-06
Gradient finished
Start LBFGS 
curvature (warm): s·y=  1.2546E-04  ||s||^2=  1.3878E-02  ||y||^2=  3.6521E-06  sTy_min=  2.2513E-05
LBFGS step: g·p = -2.8219E-04  ||p||=  9.9853E-01
LBFGS step: min(p)= -6.5341E-02  max(p)=  9.1215E-02
LBFGS p_k (unscaled) stats per active parameter:
  IA=  1  PAR={rho}  min=-5.99802E+01  max= 8.37318E+01  L2= 9.16610E+02
min(p_k)= -6.5341E-02  max(p_k)=  9.1215E-02  ||p_k||=  9.9853E-01
min(p_kf)= -6.5341E-02  max(p_kf)=  9.1215E-02  ||p_kf||=  3.9941E+00
p_k/p_kf  =   2.5000E-01
Start linesearch
MT entry: phi(0)=  6.1653E-04  dg0= -2.8219E-04  alpha0=  1.0000E+00
 UPDATEPARAMETER: f-scale only
UPDATEPARAMETER PAR_STEP min/max, V_STEP min/max =  1.9129274434E+03  2.4481366748E+03
  1.9129274434E+03  2.4481366748E+03
 WD_amp= 6.97166E+13  RESID_RMS= 6.22740E-02  FCOST_DATA= 1.93903E-03  FCOST0= 1.93903E-03
  
 -------------- calculate Frechet derivatives -----------
 IFREQ =           9    ITERATION =           2
||Frechet||_F=  3.0429E-12max|Frechet|=  3.4402E-17
||Frechet||_F=  3.0429E-12max|Frechet|=  3.4402E-17
||Frechet||_F=  3.0429E-12max|Frechet|=  3.4402E-17
||Frechet||_F=  3.0429E-12max|Frechet|=  3.4402E-17
||Frechet||_F=  3.0429E-12max|Frechet|=  3.4402E-17
||Frechet||_F=  3.0429E-12max|Frechet|=  3.4402E-17
Grad block   1 GRAD_SCALED MORM =   4.2285E-03
MT try: alpha=  1.0000E+00  phi=  1.9390E-03  dg=  8.4920E-04  dg0= -2.8219E-04
MT try: armijo_rhs=  6.1651E-04  armijo=F  curvature=F  task=FG
 UPDATEPARAMETER: f-scale only
UPDATEPARAMETER PAR_STEP min/max, V_STEP min/max =  1.9181327792E+03  2.4859225308E+03
  1.9181327792E+03  2.4859225308E+03
 WD_amp= 6.97166E+13  RESID_RMS= 3.44050E-02  FCOST_DATA= 5.91851E-04  FCOST0= 5.91851E-04
  
 -------------- calculate Frechet derivatives -----------
 IFREQ =           9    ITERATION =           2
||Frechet||_F=  3.0410E-12max|Frechet|=  3.4470E-17
||Frechet||_F=  3.0410E-12max|Frechet|=  3.4470E-17
||Frechet||_F=  3.0410E-12max|Frechet|=  3.4470E-17
||Frechet||_F=  3.0410E-12max|Frechet|=  3.4470E-17
||Frechet||_F=  3.0410E-12max|Frechet|=  3.4470E-17
||Frechet||_F=  3.0410E-12max|Frechet|=  3.4470E-17
Grad block   1 GRAD_SCALED MORM =   1.8600E-03
MT try: alpha=  3.9644E-02  phi=  5.9185E-04  dg= -2.3747E-04  dg0= -2.8219E-04
MT try: armijo_rhs=  6.1653E-04  armijo=T  curvature=T  task=FG
  
Convergence reached, updating parameter grid
ALPHA from line search =  .3964420552159480E-01
 FCOST0 after linesearch  5.918512964775741E-004
Norm of s (s_norm) =  .3958605453476997E-01
  
  
  
  
  
Time for LBFGS =  20.75393066406250 min
  
 Frequency:           9 Iteration:           3
t_global   =    430.295 s
  
 -------------- calculate Frechet derivatives -----------
 IFREQ =           9    ITERATION =           3
||Frechet||_F=  3.0410E-12max|Frechet|=  3.4470E-17
||Frechet||_F=  3.0410E-12max|Frechet|=  3.4470E-17
 
TIME for Frechet calc =  3.412811787923177 min
 
 
  compute the residual and the cost function
 WD_amp= 6.97166E+13  RESID_RMS= 3.44050E-02  FCOST_DATA= 5.91851E-04  FCOST0= 5.91851E-04
||Frechet||_F=  3.0410E-12max|Frechet|=  3.4470E-17
||Frechet||_F=  3.0410E-12max|Frechet|=  3.4470E-17
||Frechet||_F=  3.0410E-12max|Frechet|=  3.4470E-17
||Frechet||_F=  3.0410E-12max|Frechet|=  3.4470E-17
Grad block   1 GRAD_SCALED MORM =   1.8600E-03
Gradient finished
Start LBFGS 
curvature (warm): s·y=  1.7730E-06  ||s||^2=  1.5671E-03  ||y||^2=  1.9089E-08  sTy_min=  5.4693E-07
LBFGS step: g·p = -3.6727E-04  ||p||=  1.6058E+00
LBFGS step: min(p)= -1.2394E-01  max(p)=  1.3065E-01
LBFGS p_k (unscaled) stats per active parameter:
  IA=  1  PAR={rho}  min=-1.13768E+02  max= 1.19930E+02  L2= 1.47401E+03
min(p_k)= -1.2394E-01  max(p_k)=  1.3065E-01  ||p_k||=  1.6058E+00
min(p_kf)= -1.2394E-01  max(p_kf)=  1.3065E-01  ||p_kf||=  6.4230E+00
p_k/p_kf  =   2.5000E-01
Start linesearch
MT entry: phi(0)=  5.9185E-04  dg0= -3.6727E-04  alpha0=  1.0000E+00
 UPDATEPARAMETER: f-scale only
UPDATEPARAMETER PAR_STEP min/max, V_STEP min/max =  1.9068457609E+03  2.4707294237E+03
  1.9068457609E+03  2.4707294237E+03
 WD_amp= 6.97166E+13  RESID_RMS= 6.44635E-02  FCOST_DATA= 2.07777E-03  FCOST0= 2.07777E-03
  
 -------------- calculate Frechet derivatives -----------
 IFREQ =           9    ITERATION =           3
||Frechet||_F=  3.0450E-12max|Frechet|=  3.4266E-17
||Frechet||_F=  3.0450E-12max|Frechet|=  3.4266E-17
||Frechet||_F=  3.0450E-12max|Frechet|=  3.4266E-17
||Frechet||_F=  3.0450E-12max|Frechet|=  3.4266E-17
||Frechet||_F=  3.0450E-12max|Frechet|=  3.4266E-17
||Frechet||_F=  3.0450E-12max|Frechet|=  3.4266E-17
Grad block   1 GRAD_SCALED MORM =   6.5601E-03
MT try: alpha=  1.0000E+00  phi=  2.0778E-03  dg=  1.5049E-03  dg0= -3.6727E-04
MT try: armijo_rhs=  5.9181E-04  armijo=F  curvature=F  task=FG
 UPDATEPARAMETER: f-scale only
UPDATEPARAMETER PAR_STEP min/max, V_STEP min/max =  1.9176967340E+03  2.4821768535E+03
  1.9176967340E+03  2.4821768535E+03
 WD_amp= 6.97166E+13  RESID_RMS= 3.34683E-02  FCOST_DATA= 5.60063E-04  FCOST0= 5.60063E-04
  
 -------------- calculate Frechet derivatives -----------
 IFREQ =           9    ITERATION =           3
||Frechet||_F=  3.0412E-12max|Frechet|=  3.4460E-17
||Frechet||_F=  3.0412E-12max|Frechet|=  3.4460E-17
||Frechet||_F=  3.0412E-12max|Frechet|=  3.4460E-17
||Frechet||_F=  3.0412E-12max|Frechet|=  3.4460E-17
||Frechet||_F=  3.0412E-12max|Frechet|=  3.4460E-17
||Frechet||_F=  3.0412E-12max|Frechet|=  3.4460E-17
Grad block   1 GRAD_SCALED MORM =   1.6749E-03
MT try: alpha=  5.1802E-02  phi=  5.6006E-04  dg= -2.7107E-04  dg0= -3.6727E-04
MT try: armijo_rhs=  5.9185E-04  armijo=T  curvature=T  task=FG
Convergence reached, updating parameter grid
ALPHA from line search =  .5180242776814072E-01
 FCOST0 after linesearch  5.600633856966094E-004
Norm of s (s_norm) =  .8318197819363767E-01
  
  
  
  
  
  
Convergence check at iteration    3
  Relative cost decrease  =  5.3709E-02
  Relative model update   =  0.0000E+00
  Relative grad. norm     =  1.1508E+00
Time for LBFGS =  20.67700805664062 min
  
 Frequency:           9 Iteration:           4
t_global   =    429.852 s
  
 -------------- calculate Frechet derivatives -----------
 IFREQ =           9    ITERATION =           4
||Frechet||_F=  3.0412E-12max|Frechet|=  3.4460E-17
 
TIME for Frechet calc =  3.358576711018880 min
 
 
  compute the residual and the cost function
 WD_amp= 6.97166E+13  RESID_RMS= 3.34683E-02  FCOST_DATA= 5.60063E-04  FCOST0= 5.60063E-04
||Frechet||_F=  3.0412E-12max|Frechet|=  3.4460E-17
||Frechet||_F=  3.0412E-12max|Frechet|=  3.4460E-17
||Frechet||_F=  3.0412E-12max|Frechet|=  3.4460E-17
||Frechet||_F=  3.0412E-12max|Frechet|=  3.4460E-17
||Frechet||_F=  3.0412E-12max|Frechet|=  3.4460E-17
Grad block   1 GRAD_SCALED MORM =   1.6749E-03
Gradient finished
Start LBFGS 
curvature (warm): s·y=  4.9835E-06  ||s||^2=  6.9192E-03  ||y||^2=  7.6135E-08  sTy_min=  2.2952E-06
LBFGS step: g·p = -3.3268E-04  ||p||=  1.7591E+00
LBFGS step: min(p)= -1.4301E-01  max(p)=  1.3261E-01
LBFGS p_k (unscaled) stats per active parameter:
  IA=  1  PAR={rho}  min=-1.31279E+02  max= 1.21728E+02  L2= 1.61476E+03
min(p_k)= -1.4301E-01  max(p_k)=  1.3261E-01  ||p_k||=  1.7591E+00
min(p_kf)= -1.4301E-01  max(p_kf)=  1.3261E-01  ||p_kf||=  7.0363E+00
p_k/p_kf  =   2.5000E-01
Start linesearch
MT entry: phi(0)=  5.6006E-04  dg0= -3.3268E-04  alpha0=  1.0000E+00
 UPDATEPARAMETER: f-scale only
UPDATEPARAMETER PAR_STEP min/max, V_STEP min/max =  1.9038887000E+03  2.4942934752E+03
  1.9038887000E+03  2.4942934752E+03
 WD_amp= 6.97166E+13  RESID_RMS= 6.19925E-02  FCOST_DATA= 1.92154E-03  FCOST0= 1.92154E-03
  
 -------------- calculate Frechet derivatives -----------
 IFREQ =           9    ITERATION =           4
||Frechet||_F=  3.0422E-12max|Frechet|=  3.4330E-17
||Frechet||_F=  3.0422E-12max|Frechet|=  3.4330E-17
||Frechet||_F=  3.0422E-12max|Frechet|=  3.4330E-17
||Frechet||_F=  3.0422E-12max|Frechet|=  3.4330E-17
||Frechet||_F=  3.0422E-12max|Frechet|=  3.4330E-17
||Frechet||_F=  3.0422E-12max|Frechet|=  3.4330E-17
Grad block   1 GRAD_SCALED MORM =   4.8225E-03
MT try: alpha=  1.0000E+00  phi=  1.9215E-03  dg=  9.4876E-04  dg0= -3.3268E-04
MT try: armijo_rhs=  5.6003E-04  armijo=F  curvature=F  task=FG
 UPDATEPARAMETER: f-scale only
UPDATEPARAMETER PAR_STEP min/max, V_STEP min/max =  1.9173389083E+03  2.4788230923E+03
  1.9173389083E+03  2.4788230923E+03
 WD_amp= 6.97166E+13  RESID_RMS= 3.26187E-02  FCOST_DATA= 5.31989E-04  FCOST0= 5.31989E-04
  
 -------------- calculate Frechet derivatives -----------
 IFREQ =           9    ITERATION =           4
||Frechet||_F=  3.0413E-12max|Frechet|=  3.4454E-17
||Frechet||_F=  3.0413E-12max|Frechet|=  3.4454E-17
||Frechet||_F=  3.0413E-12max|Frechet|=  3.4454E-17
||Frechet||_F=  3.0413E-12max|Frechet|=  3.4454E-17
||Frechet||_F=  3.0413E-12max|Frechet|=  3.4454E-17
||Frechet||_F=  3.0413E-12max|Frechet|=  3.4454E-17
Grad block   1 GRAD_SCALED MORM =   1.6095E-03
MT try: alpha=  4.5482E-02  phi=  5.3199E-04  dg= -2.7568E-04  dg0= -3.3268E-04
MT try: armijo_rhs=  5.6006E-04  armijo=T  curvature=T  task=FG
Convergence reached, updating parameter grid
ALPHA from line search =  .4548241545259301E-01
 FCOST0 after linesearch  5.319887382368349E-004
Norm of s (s_norm) =  .8000717600848434E-01
  
  
  
  
  
  
Convergence check at iteration    4
  Relative cost decrease  =  5.0128E-02
  Relative model update   =  0.0000E+00
  Relative grad. norm     =  1.0934E+00
Time for LBFGS =  20.79840901692708 min
  
 Frequency:           9 Iteration:           5
t_global   =    427.242 s
  
 -------------- calculate Frechet derivatives -----------
 IFREQ =           9    ITERATION =           5
||Frechet||_F=  3.0413E-12max|Frechet|=  3.4454E-17
||Frechet||_F=  3.0413E-12max|Frechet|=  3.4454E-17
 
TIME for Frechet calc =  3.369453430175781 min
 
 
  compute the residual and the cost function
 WD_amp= 6.97166E+13  RESID_RMS= 3.26187E-02  FCOST_DATA= 5.31989E-04  FCOST0= 5.31989E-04
||Frechet||_F=  3.0413E-12max|Frechet|=  3.4454E-17
||Frechet||_F=  3.0413E-12max|Frechet|=  3.4454E-17
||Frechet||_F=  3.0413E-12max|Frechet|=  3.4454E-17
||Frechet||_F=  3.0413E-12max|Frechet|=  3.4454E-17
Grad block   1 GRAD_SCALED MORM =   1.6095E-03
Gradient finished
Start LBFGS 
curvature (warm): s·y=  2.5927E-06  ||s||^2=  6.4011E-03  ||y||^2=  2.5960E-08  sTy_min=  1.2891E-06
LBFGS step: g·p = -3.0956E-04  ||p||=  1.8572E+00
LBFGS step: min(p)= -1.5053E-01  max(p)=  1.3644E-01
LBFGS p_k (unscaled) stats per active parameter:
  IA=  1  PAR={rho}  min=-1.38182E+02  max= 1.25247E+02  L2= 1.70479E+03
min(p_k)= -1.5053E-01  max(p_k)=  1.3644E-01  ||p_k||=  1.8572E+00
min(p_kf)= -1.5053E-01  max(p_kf)=  1.3644E-01  ||p_kf||=  7.4286E+00
p_k/p_kf  =   2.5000E-01
Start linesearch
MT entry: phi(0)=  5.3199E-04  dg0= -3.0956E-04  alpha0=  1.0000E+00
 UPDATEPARAMETER: f-scale only
UPDATEPARAMETER PAR_STEP min/max, V_STEP min/max =  1.9009824295E+03  2.5006642748E+03
  1.9009824295E+03  2.5006642748E+03
 WD_amp= 6.97166E+13  RESID_RMS= 6.25435E-02  FCOST_DATA= 1.95585E-03  FCOST0= 1.95585E-03
  
 -------------- calculate Frechet derivatives -----------
 IFREQ =           9    ITERATION =           5
||Frechet||_F=  3.0424E-12max|Frechet|=  3.4238E-17
||Frechet||_F=  3.0424E-12max|Frechet|=  3.4238E-17
||Frechet||_F=  3.0424E-12max|Frechet|=  3.4238E-17
||Frechet||_F=  3.0424E-12max|Frechet|=  3.4238E-17
||Frechet||_F=  3.0424E-12max|Frechet|=  3.4238E-17
||Frechet||_F=  3.0424E-12max|Frechet|=  3.4238E-17
Grad block   1 GRAD_SCALED MORM =   6.1572E-03
MT try: alpha=  1.0000E+00  phi=  1.9558E-03  dg=  1.2562E-03  dg0= -3.0956E-04
MT try: armijo_rhs=  5.3196E-04  armijo=F  curvature=F  task=FG
 UPDATEPARAMETER: f-scale only
UPDATEPARAMETER PAR_STEP min/max, V_STEP min/max =  1.9170171207E+03  2.4759087202E+03
  1.9170171207E+03  2.4759087202E+03
 WD_amp= 6.97166E+13  RESID_RMS= 3.19087E-02  FCOST_DATA= 5.09084E-04  FCOST0= 5.09084E-04
  
 -------------- calculate Frechet derivatives -----------
 IFREQ =           9    ITERATION =           5
||Frechet||_F=  3.0413E-12max|Frechet|=  3.4444E-17
||Frechet||_F=  3.0413E-12max|Frechet|=  3.4444E-17
||Frechet||_F=  3.0413E-12max|Frechet|=  3.4444E-17
||Frechet||_F=  3.0413E-12max|Frechet|=  3.4444E-17
||Frechet||_F=  3.0413E-12max|Frechet|=  3.4444E-17
||Frechet||_F=  3.0413E-12max|Frechet|=  3.4444E-17
Grad block   1 GRAD_SCALED MORM =   1.4607E-03
MT try: alpha=  4.4113E-02  phi=  5.0908E-04  dg= -2.4219E-04  dg0= -3.0956E-04
MT try: armijo_rhs=  5.3199E-04  armijo=T  curvature=T  task=FG
  
Convergence reached, updating parameter grid
ALPHA from line search =  .4411329231115300E-01
 FCOST0 after linesearch  5.090839440938681E-004
Norm of s (s_norm) =  .8192518517922300E-01
  
  
  
  
  
Convergence check at iteration    5
  Relative cost decrease  =  4.3055E-02
  Relative model update   =  0.0000E+00
  Relative grad. norm     =  9.1464E-01
Time for LBFGS =  20.73154500325521 min
  
 Frequency:           9 Iteration:           6
t_global   =    428.005 s
  
 -------------- calculate Frechet derivatives -----------
 IFREQ =           9    ITERATION =           6
||Frechet||_F=  3.0413E-12max|Frechet|=  3.4444E-17
||Frechet||_F=  3.0413E-12max|Frechet|=  3.4444E-17
||Frechet||_F=  3.0413E-12max|Frechet|=  3.4444E-17
||Frechet||_F=  3.0413E-12max|Frechet|=  3.4444E-17
 
TIME for Frechet calc =  3.365540059407552 min
 
 
  compute the residual and the cost function
 WD_amp= 6.97166E+13  RESID_RMS= 3.19087E-02  FCOST_DATA= 5.09084E-04  FCOST0= 5.09084E-04
||Frechet||_F=  3.0413E-12max|Frechet|=  3.4444E-17
||Frechet||_F=  3.0413E-12max|Frechet|=  3.4444E-17
Grad block   1 GRAD_SCALED MORM =   1.4607E-03
Gradient finished
Start LBFGS 
curvature (warm): s·y=  2.9719E-06  ||s||^2=  6.7117E-03  ||y||^2=  5.0957E-08  sTy_min=  1.8493E-06
LBFGS step: g·p = -2.8015E-04  ||p||=  1.9302E+00
LBFGS step: min(p)= -1.4688E-01  max(p)=  1.3844E-01
LBFGS p_k (unscaled) stats per active parameter:
  IA=  1  PAR={rho}  min=-1.34829E+02  max= 1.27085E+02  L2= 1.77185E+03
min(p_k)= -1.4688E-01  max(p_k)=  1.3844E-01  ||p_k||=  1.9302E+00
min(p_kf)= -1.4688E-01  max(p_kf)=  1.3844E-01  ||p_kf||=  7.7208E+00
p_k/p_kf  =   2.5000E-01
Start linesearch
MT entry: phi(0)=  5.0908E-04  dg0= -2.8015E-04  alpha0=  1.0000E+00
 UPDATEPARAMETER: f-scale only
UPDATEPARAMETER PAR_STEP min/max, V_STEP min/max =  1.8982441775E+03  2.5088700075E+03
  1.8982441775E+03  2.5088700075E+03
 WD_amp= 6.97166E+13  RESID_RMS= 5.75331E-02  FCOST_DATA= 1.65503E-03  FCOST0= 1.65503E-03
  
 -------------- calculate Frechet derivatives -----------
 IFREQ =           9    ITERATION =           6
||Frechet||_F=  3.0401E-12max|Frechet|=  3.4262E-17
||Frechet||_F=  3.0401E-12max|Frechet|=  3.4262E-17
||Frechet||_F=  3.0401E-12max|Frechet|=  3.4262E-17
||Frechet||_F=  3.0401E-12max|Frechet|=  3.4262E-17
||Frechet||_F=  3.0401E-12max|Frechet|=  3.4262E-17
||Frechet||_F=  3.0401E-12max|Frechet|=  3.4262E-17
Grad block   1 GRAD_SCALED MORM =   4.7986E-03
MT try: alpha=  1.0000E+00  phi=  1.6550E-03  dg=  9.8253E-04  dg0= -2.8015E-04
MT try: armijo_rhs=  5.0906E-04  armijo=F  curvature=F  task=FG
 UPDATEPARAMETER: f-scale only
UPDATEPARAMETER PAR_STEP min/max, V_STEP min/max =  1.9164730701E+03  2.4733034210E+03
  1.9164730701E+03  2.4733034210E+03
 WD_amp= 6.97166E+13  RESID_RMS= 3.12549E-02  FCOST_DATA= 4.88436E-04  FCOST0= 4.88436E-04
  
 -------------- calculate Frechet derivatives -----------
 IFREQ =           9    ITERATION =           6
||Frechet||_F=  3.0412E-12max|Frechet|=  3.4436E-17
||Frechet||_F=  3.0412E-12max|Frechet|=  3.4436E-17
||Frechet||_F=  3.0412E-12max|Frechet|=  3.4436E-17
||Frechet||_F=  3.0412E-12max|Frechet|=  3.4436E-17
||Frechet||_F=  3.0412E-12max|Frechet|=  3.4436E-17
||Frechet||_F=  3.0412E-12max|Frechet|=  3.4436E-17
Grad block   1 GRAD_SCALED MORM =   1.3571E-03
MT try: alpha=  4.8293E-02  phi=  4.8844E-04  dg= -2.2047E-04  dg0= -2.8015E-04
MT try: armijo_rhs=  5.0908E-04  armijo=T  curvature=T  task=FG
  
Convergence reached, updating parameter grid
ALPHA from line search =  .4829344560899672E-01
 FCOST0 after linesearch  4.884356944935562E-004
Norm of s (s_norm) =  .9321644255756209E-01
  
  
  
  
  
Convergence check at iteration    6
  Relative cost decrease  =  4.0560E-02
  Relative model update   =  0.0000E+00
  Relative grad. norm     =  7.7977E-01
Time for LBFGS =  20.48820190429688 min
  
 Frequency:           9 Iteration:           7
t_global   =    421.714 s
  
 -------------- calculate Frechet derivatives -----------
 IFREQ =           9    ITERATION =           7
||Frechet||_F=  3.0412E-12max|Frechet|=  3.4436E-17
||Frechet||_F=  3.0412E-12max|Frechet|=  3.4436E-17
 
TIME for Frechet calc =  3.433471679687500 min
 
 
  compute the residual and the cost function
 WD_amp= 6.97166E+13  RESID_RMS= 3.12549E-02  FCOST_DATA= 4.88436E-04  FCOST0= 4.88436E-04
||Frechet||_F=  3.0412E-12max|Frechet|=  3.4436E-17
||Frechet||_F=  3.0412E-12max|Frechet|=  3.4436E-17
||Frechet||_F=  3.0412E-12max|Frechet|=  3.4436E-17
||Frechet||_F=  3.0412E-12max|Frechet|=  3.4436E-17
Grad block   1 GRAD_SCALED MORM =   1.3571E-03
Gradient finished
Start LBFGS 
curvature (full): s·y=  2.8820E-06  ||s||^2=  8.6893E-03  ||y||^2=  3.9755E-08  sTy_min=  1.8586E-06
 
LBFGS step(full): g·p = -3.7405E-04  ||p||=  3.0473E+00
LBFGS step(full): min(p)= -2.2390E-01  max(p)=  2.1791E-01
LBFGS p_k (unscaled) stats per active parameter:
  IA=  1  PAR={rho}  min=-2.05533E+02  max= 2.00036E+02  L2= 2.79724E+03
min(p_k)= -2.2390E-01  max(p_k)=  2.1791E-01  ||p_k||=  3.0473E+00
min(p_kf)= -2.2390E-01  max(p_kf)=  2.1791E-01  ||p_kf||=  1.2189E+01
p_k/p_kf  =   2.5000E-01
Start linesearch
MT entry: phi(0)=  4.8844E-04  dg0= -3.7405E-04  alpha0=  1.0000E+00
 UPDATEPARAMETER: f-scale only
UPDATEPARAMETER PAR_STEP min/max, V_STEP min/max =  1.8859409732E+03  2.5515449997E+03
  1.8859409732E+03  2.5515449997E+03
 WD_amp= 6.97166E+13  RESID_RMS= 8.45308E-02  FCOST_DATA= 3.57273E-03  FCOST0= 3.57273E-03
  
 -------------- calculate Frechet derivatives -----------
 IFREQ =           9    ITERATION =           7
||Frechet||_F=  3.0442E-12max|Frechet|=  3.4154E-17
||Frechet||_F=  3.0442E-12max|Frechet|=  3.4154E-17
||Frechet||_F=  3.0442E-12max|Frechet|=  3.4154E-17
||Frechet||_F=  3.0442E-12max|Frechet|=  3.4154E-17
||Frechet||_F=  3.0442E-12max|Frechet|=  3.4154E-17
||Frechet||_F=  3.0442E-12max|Frechet|=  3.4154E-17
Grad block   1 GRAD_SCALED MORM =   8.7657E-03
MT try: alpha=  1.0000E+00  phi=  3.5727E-03  dg=  2.1993E-03  dg0= -3.7405E-04
MT try: armijo_rhs=  4.8840E-04  armijo=F  curvature=F  task=FG
 UPDATEPARAMETER: f-scale only
UPDATEPARAMETER PAR_STEP min/max, V_STEP min/max =  1.9157258768E+03  2.4713950131E+03
  1.9157258768E+03  2.4713950131E+03
 WD_amp= 6.97166E+13  RESID_RMS= 3.08281E-02  FCOST_DATA= 4.75186E-04  FCOST0= 4.75186E-04
  
 -------------- calculate Frechet derivatives -----------
 IFREQ =           9    ITERATION =           7
||Frechet||_F=  3.0413E-12max|Frechet|=  3.4429E-17
||Frechet||_F=  3.0413E-12max|Frechet|=  3.4429E-17
||Frechet||_F=  3.0413E-12max|Frechet|=  3.4429E-17
||Frechet||_F=  3.0413E-12max|Frechet|=  3.4429E-17
||Frechet||_F=  3.0413E-12max|Frechet|=  3.4429E-17
||Frechet||_F=  3.0413E-12max|Frechet|=  3.4429E-17
Grad block   1 GRAD_SCALED MORM =   1.3132E-03
MT try: alpha=  2.4472E-02  phi=  4.7519E-04  dg= -3.1134E-04  dg0= -3.7405E-04
MT try: armijo_rhs=  4.8843E-04  armijo=T  curvature=T  task=FG
Convergence reached, updating parameter grid
ALPHA from line search =  .2447238685337559E-01
 FCOST0 after linesearch  4.751863195145854E-004
Norm of s (s_norm) =  .7457349271207406E-01
  
  
  
  
  
  
Convergence check at iteration    7
  Relative cost decrease  =  2.7126E-02
  Relative model update   =  0.0000E+00
  Relative grad. norm     =  7.3660E-01
Time for LBFGS =  20.94363810221354 min
 --------- Frequency   6.20000000000000       (band            1 )
[ComputeAcqWeight] empty acq_weight_file, using uniform weights = 1.0
Data weighting computed for frequency 4607182418800017373
XSRmin, XSRmax, ZSRmin, ZSRMax -1960.000000000000 .000000000000000 2203.000000000000 4183.000000000000
1 FKYC
1.2 FKYC
Data weighting computed for frequency 4607182418800017373
my_rank, FKYC,WLMAX, RMAX 0 .5081184639719144E-01 826.2546443294791 2786.036611389018
1.1 NK
NK in cky2= 66

  Number of wavenumber samples (NK) for FREQ =   66
Data weighting computed for frequency 4607182418800017373
Data weighting computed for frequency 4607182418800017373
Data weighting computed for frequency 4607182418800017373
Data weighting computed for frequency 4607182418800017373
  RMAX = 2786.04
--- Pre-solver preview (memory + RHS workload) ---
   GQG dims: NNX=       609  NNZ=       329  NPT=    200361
   DOF:     N=3*NPT =    601083
   Sources: NSR=       100  NSS=        20  NK=        66
   RHS total (per IK): nrhs_tot=3*NSS =        60
   Batch:    MAX_RHS_BATCH=        32  nbatches=         2
   GFMY  (GFX+GFY+GFZ):         17.735 GB
   RHS_MY(rhs+sol buffers):      0.573 GB
 
 running run_ik_loop_pardiso
before CA | VmRSS=  19.501 GB  VmHWM= 102.330 GB
after CA | VmRSS=  20.756 GB  VmHWM= 102.330 GB
after factor | VmRSS=  24.807 GB  VmHWM= 102.330 GB
f=     6.200 Hz | ky=  0.769876E-03 | IK=       1/      66 | t=   18.376700 s | CA=  2.6726 | fact= 13.6829 | GF=  2.0210 | solve=  1.8567 | scatter=  0.0555
f=     6.200 Hz | ky=  0.153975E-02 | IK=       2/      66 | t=    7.170300 s | CA=  2.6717 | fact=  2.5819 | GF=  1.9167 | solve=  1.7847 | scatter=  0.0553
f=     6.200 Hz | ky=  0.230963E-02 | IK=       3/      66 | t=    7.141100 s | CA=  2.6791 | fact=  2.5467 | GF=  1.9152 | solve=  1.7840 | scatter=  0.0545
f=     6.200 Hz | ky=  0.307951E-02 | IK=       4/      66 | t=    7.194700 s | CA=  2.6941 | fact=  2.5864 | GF=  1.9142 | solve=  1.7814 | scatter=  0.0558
f=     6.200 Hz | ky=  0.384938E-02 | IK=       5/      66 | t=    7.204700 s | CA=  2.7496 | fact=  2.5789 | GF=  1.8762 | solve=  1.7444 | scatter=  0.0554
f=     6.200 Hz | ky=  0.461926E-02 | IK=       6/      66 | t=    7.123900 s | CA=  2.6809 | fact=  2.5991 | GF=  1.8439 | solve=  1.7126 | scatter=  0.0547
f=     6.200 Hz | ky=  0.538914E-02 | IK=       7/      66 | t=    7.111600 s | CA=  2.6747 | fact=  2.6126 | GF=  1.8243 | solve=  1.6908 | scatter=  0.0565
f=     6.200 Hz | ky=  0.615901E-02 | IK=       8/      66 | t=    7.132600 s | CA=  2.6857 | fact=  2.6155 | GF=  1.8314 | solve=  1.6990 | scatter=  0.0558
f=     6.200 Hz | ky=  0.692889E-02 | IK=       9/      66 | t=    7.160800 s | CA=  2.7215 | fact=  2.6145 | GF=  1.8247 | solve=  1.6936 | scatter=  0.0542
f=     6.200 Hz | ky=  0.769876E-02 | IK=      10/      66 | t=    7.123700 s | CA=  2.6903 | fact=  2.6011 | GF=  1.8322 | solve=  1.6997 | scatter=  0.0559
f=     6.200 Hz | ky=  0.846864E-02 | IK=      11/      66 | t=    7.211300 s | CA=  2.7776 | fact=  2.6036 | GF=  1.8300 | solve=  1.6970 | scatter=  0.0557
PARDISO mem (f=  6.20 Hz): sym=  2.09 GB  perm=  1.52 GB  num=  3.46 GB  
peak=  4.98 GB
t_global   =    142.988 s
TIME for 1st forward modeling =  2.382995096842448  min
TIME for GT0 =  .6024999916553498E-02  min
Data scaler W for L2 norm: 74601027892170.88
Data scaler W for WQS norm: .1007948000807317E-312
Total number of active inversion parameters for current sequential stage (IM):          1
Total model blocks points (NM = IM * NBLOCK):      12464 on grid (NMM = IM * NPT):    200361
 Gradient balance ():   1.00000000000000        1.00000000000000     
   1.00000000000000        1.00000000000000        1.00000000000000     
   1.00000000000000        1.00000000000000        1.00000000000000     
   1.00000000000000        1.00000000000000        1.00000000000000     
 IE0, IZ          33           0
 IE0, IZ, GZ1, GZ2 =           33           0   100.000000000000     
   300.000000000000     
  
 Frequency:          10 Iteration:           1
--- Pre-solver preview (memory + RHS workload) ---
   GQG dims: NNX=       609  NNZ=       329  NPT=    200361
   DOF:     N=3*NPT =    601083
   Sources: NSR=       100  NSS=       100  NK=        66
   RHS total (per IK): nrhs_tot=3*NSS =       300
   Batch:    MAX_RHS_BATCH=        32  nbatches=        10
   GFMY  (GFX+GFY+GFZ):         88.673 GB
   RHS_MY(rhs+sol buffers):      0.573 GB
 
 running run_ik_loop_pardiso
before CA | VmRSS=  91.291 GB  VmHWM= 102.330 GB
after CA | VmRSS=  92.883 GB  VmHWM= 102.330 GB
after factor | VmRSS=  96.925 GB  VmHWM= 102.330 GB
f=     6.200 Hz | ky=  0.769876E-03 | IK=       1/      66 | t=   25.752600 s | CA=  2.6387 | fact= 13.6609 | GF=  9.4528 | solve=  8.7594 | scatter=  0.2694
f=     6.200 Hz | ky=  0.153975E-02 | IK=       2/      66 | t=   14.578300 s | CA=  2.6605 | fact=  2.5661 | GF=  9.3517 | solve=  8.6867 | scatter=  0.2738
f=     6.200 Hz | ky=  0.230963E-02 | IK=       3/      66 | t=   14.529500 s | CA=  2.6406 | fact=  2.5432 | GF=  9.3457 | solve=  8.6807 | scatter=  0.2729
f=     6.200 Hz | ky=  0.307951E-02 | IK=       4/      66 | t=   14.546500 s | CA=  2.6345 | fact=  2.5735 | GF=  9.3384 | solve=  8.6737 | scatter=  0.2729
f=     6.200 Hz | ky=  0.384938E-02 | IK=       5/      66 | t=   14.578100 s | CA=  2.6469 | fact=  2.5895 | GF=  9.3417 | solve=  8.6801 | scatter=  0.2693
f=     6.200 Hz | ky=  0.461926E-02 | IK=       6/      66 | t=   14.415800 s | CA=  2.6517 | fact=  2.5930 | GF=  9.1710 | solve=  8.5089 | scatter=  0.2711
f=     6.200 Hz | ky=  0.538914E-02 | IK=       7/      66 | t=   14.141100 s | CA=  2.6216 | fact=  2.6038 | GF=  8.9157 | solve=  8.2544 | scatter=  0.2702
f=     6.200 Hz | ky=  0.615901E-02 | IK=       8/      66 | t=   14.173000 s | CA=  2.6404 | fact=  2.6102 | GF=  8.9224 | solve=  8.2578 | scatter=  0.2732
f=     6.200 Hz | ky=  0.692889E-02 | IK=       9/      66 | t=   14.155800 s | CA=  2.6327 | fact=  2.6016 | GF=  8.9214 | solve=  8.2576 | scatter=  0.2719
f=     6.200 Hz | ky=  0.769876E-02 | IK=      10/      66 | t=   14.172100 s | CA=  2.6724 | fact=  2.5722 | GF=  8.9274 | solve=  8.2568 | scatter=  0.2801
f=     6.200 Hz | ky=  0.846864E-02 | IK=      11/      66 | t=   14.143400 s | CA=  2.6425 | fact=  2.5810 | GF=  8.9199 | solve=  8.2598 | scatter=  0.2692
PARDISO mem (f=  6.20 Hz): sym=  2.09 GB  perm=  1.52 GB  num=  3.46 GB  
peak=  4.98 GB
t_global   =    423.978 s
TIME for 2d forward modeling_i calc =  7.064598083496094 min
Rank    5 -> ID range:   4001 to   4800 | Tasks:    800
Rank    4 -> ID range:   3201 to   4000 | Tasks:    800
Rank    1 -> ID range:    801 to   1600 | Tasks:    800
Rank    2 -> ID range:   1601 to   2400 | Tasks:    800
Rank    3 -> ID range:   2401 to   3200 | Tasks:    800
  
 -------------- calculate Frechet derivatives -----------
 IFREQ =          10    ITERATION =           1
Frechet memory size Frec_my:      0.891 (Gb)
Rank    0 -> ID range:      1 to    800 | Tasks:    800
FREQ:      6.2 Hz, ITER=       1  Frechet Derivative ID=     100/    4800 Finished   0.215600 s
FREQ:      6.2 Hz, ITER=       1  Frechet Derivative ID=     200/    4800 Finished   0.215400 s
FREQ:      6.2 Hz, ITER=       1  Frechet Derivative ID=     300/    4800 Finished   0.216200 s
FREQ:      6.2 Hz, ITER=       1  Frechet Derivative ID=     400/    4800 Finished   0.199100 s
FREQ:      6.2 Hz, ITER=       1  Frechet Derivative ID=     500/    4800 Finished   0.221100 s
FREQ:      6.2 Hz, ITER=       1  Frechet Derivative ID=     600/    4800 Finished   0.241800 s
FREQ:      6.2 Hz, ITER=       1  Frechet Derivative ID=     700/    4800 Finished   0.218300 s
FREQ:      6.2 Hz, ITER=       1  Frechet Derivative ID=     800/    4800 Finished   0.216300 s
||Frechet||_F=  3.0847E-12max|Frechet|=  3.9190E-17
||Frechet||_F=  3.0847E-12max|Frechet|=  3.9190E-17
||Frechet||_F=  3.0847E-12max|Frechet|=  3.9190E-17
 
TIME for Frechet calc =  3.297224934895833 min
 
m_fine: min=  1.9157E+03  max=  2.4714E+03  mean=  2.2205E+03  ||.||2=  9.9558E+05  size=  200361
m_coarse_prev: min=  1.9219E+03  max=  2.4601E+03  mean=  2.2207E+03  ||.||2=  2.4833E+05  size=   12464
 
  compute the residual and the cost function
 WD_amp= 7.46010E+13  RESID_RMS= 3.65249E-02  FCOST_DATA= 6.67033E-04  FCOST0= 6.67033E-04
||Frechet||_F=  3.0847E-12max|Frechet|=  3.9190E-17
||Frechet||_F=  3.0847E-12max|Frechet|=  3.9190E-17
||Frechet||_F=  3.0847E-12max|Frechet|=  3.9190E-17
IA=  1  H(single F0) min= 0.00000E+00  max= 4.05032E-02
IA=  1  H(F0^2)     min= 0.00000E+00  max= 4.05032E-02
HESSD: ia=   1  min= 0.00000E+00  max= 4.93297E+03
IA=  1  H(single F0) min= 0.00000E+00  max= 4.05032E-02
IA=  1  H(F0^2)     min= 0.00000E+00  max= 4.05032E-02
HESSD: ia=   1  min= 0.00000E+00  max= 4.93297E+03
IA=  1  H(single F0) min= 0.00000E+00  max= 4.05032E-02
IA=  1  H(F0^2)     min= 0.00000E+00  max= 4.05032E-02
HESSD: ia=   1  min= 0.00000E+00  max= 4.93297E+03
IA=  1  H(single F0) min= 0.00000E+00  max= 4.05032E-02
IA=  1  H(F0^2)     min= 0.00000E+00  max= 4.05032E-02
HESSD: ia=   1  min= 0.00000E+00  max= 4.93297E+03
IA=  1  H(single F0) min= 0.00000E+00  max= 4.05032E-02
IA=  1  H(F0^2)     min= 0.00000E+00  max= 4.05032E-02
HESSD: ia=   1  min= 0.00000E+00  max= 4.93297E+03
IA=  1  H(single F0) min= 0.00000E+00  max= 4.05032E-02
IA=  1  H(F0^2)     min= 0.00000E+00  max= 4.05032E-02
HESSD: ia=   1  min= 0.00000E+00  max= 4.93297E+03
Grad block   1 GRAD_SCALED MORM =   1.8243E-03
Raw grad block  1  PAR={rho}  min= -3.7867E-07  max=  3.8232E-07  L2=  2.2629E-06
Gradient finished
Start LBFGS 
LBFGS steepest step , iter=      1
  g·p = -4.0082E-04  ||p|| =  7.2925E-01
  min(p)= -4.5741E-02  max(p)=  3.6523E-02
LBFGS p_k (unscaled) stats per active parameter:
  IA=  1  PAR={rho}  min=-4.19881E+01  max= 3.35263E+01  L2= 6.69423E+02
min(p_k)= -4.5741E-02  max(p_k)=  3.6523E-02  ||p_k||=  7.2925E-01
min(p_kf)= -4.5741E-02  max(p_kf)=  3.6523E-02  ||p_kf||=  2.9170E+00
p_k/p_kf  =   2.5000E-01
Start linesearch
BT entry: phi(0)=  6.6703E-04  g·p(0)= -4.0082E-04
 UPDATEPARAMETER: f-scale only
UPDATEPARAMETER PAR_STEP min/max, V_STEP min/max =  1.9163426990E+03  2.4963028024E+03
  1.9163426990E+03  2.4963028024E+03
REL STEP elastic: k=  1 row=  1 rmax_k=  1.8325E-02 row_scale=  2.4714E+03
BT cap probe: rmax1=  1.8325E-02  alpha_cap=  1.0000E+00  alpha00=  1.0000E+00
 UPDATEPARAMETER: f-scale only
UPDATEPARAMETER PAR_STEP min/max, V_STEP min/max =  1.9163426990E+03  2.4963028024E+03
  1.9163426990E+03  2.4963028024E+03
 running run_ik_loop_pardiso
before CA | VmRSS=  20.380 GB  VmHWM= 102.330 GB
after CA | VmRSS=  21.692 GB  VmHWM= 102.330 GB
after factor | VmRSS=  25.726 GB  VmHWM= 102.330 GB
f=     6.200 Hz | ky=  0.769876E-03 | IK=       1/      66 | t=   18.306700 s | CA=  2.6002 | fact= 13.6868 | GF=  2.0195 | solve=  1.8547 | scatter=  0.0561
f=     6.200 Hz | ky=  0.153975E-02 | IK=       2/      66 | t=    7.194100 s | CA=  2.7200 | fact=  2.5545 | GF=  1.9196 | solve=  1.7854 | scatter=  0.0579
f=     6.200 Hz | ky=  0.230963E-02 | IK=       3/      66 | t=    7.143400 s | CA=  2.6446 | fact=  2.5875 | GF=  1.9112 | solve=  1.7816 | scatter=  0.0530
f=     6.200 Hz | ky=  0.307951E-02 | IK=       4/      66 | t=    7.212400 s | CA=  2.7092 | fact=  2.5882 | GF=  1.9150 | solve=  1.7831 | scatter=  0.0553
f=     6.200 Hz | ky=  0.384938E-02 | IK=       5/      66 | t=    7.163300 s | CA=  2.6589 | fact=  2.5867 | GF=  1.9177 | solve=  1.7876 | scatter=  0.0536
f=     6.200 Hz | ky=  0.461926E-02 | IK=       6/      66 | t=    7.110400 s | CA=  2.6404 | fact=  2.5524 | GF=  1.9176 | solve=  1.7831 | scatter=  0.0579
f=     6.200 Hz | ky=  0.538914E-02 | IK=       7/      66 | t=    7.191800 s | CA=  2.6964 | fact=  2.5774 | GF=  1.9179 | solve=  1.7841 | scatter=  0.0568
f=     6.200 Hz | ky=  0.615901E-02 | IK=       8/      66 | t=    7.197500 s | CA=  2.6900 | fact=  2.5874 | GF=  1.9200 | solve=  1.7884 | scatter=  0.0549
f=     6.200 Hz | ky=  0.692889E-02 | IK=       9/      66 | t=    7.137300 s | CA=  2.6391 | fact=  2.5833 | GF=  1.9149 | solve=  1.7831 | scatter=  0.0553
f=     6.200 Hz | ky=  0.769876E-02 | IK=      10/      66 | t=    7.127400 s | CA=  2.6258 | fact=  2.5888 | GF=  1.9128 | solve=  1.7830 | scatter=  0.0531
f=     6.200 Hz | ky=  0.846864E-02 | IK=      11/      66 | t=    7.135800 s | CA=  2.6409 | fact=  2.5802 | GF=  1.9146 | solve=  1.7843 | scatter=  0.0537
PARDISO mem (f=  6.20 Hz): sym=  2.09 GB  perm=  1.52 GB  num=  3.46 GB  
peak=  4.98 GB
 WD_amp= 7.46010E+13  RESID_RMS= 9.89386E-02  FCOST_DATA= 4.89442E-03  FCOST0= 4.89442E-03
BT: alpha=  1.0000E+00  phi=  4.8944E-03  rhs=  6.6699E-04
 UPDATEPARAMETER: f-scale only
UPDATEPARAMETER PAR_STEP min/max, V_STEP min/max =  1.9160342879E+03  2.4832837472E+03
  1.9160342879E+03  2.4832837472E+03
 running run_ik_loop_pardiso
before CA | VmRSS=  20.377 GB  VmHWM= 102.330 GB
after CA | VmRSS=  21.751 GB  VmHWM= 102.330 GB
after factor | VmRSS=  25.792 GB  VmHWM= 102.330 GB
f=     6.200 Hz | ky=  0.769876E-03 | IK=       1/      66 | t=   18.390800 s | CA=  2.7002 | fact= 13.6649 | GF=  2.0255 | solve=  1.8620 | scatter=  0.0549
f=     6.200 Hz | ky=  0.153975E-02 | IK=       2/      66 | t=    7.168500 s | CA=  2.6726 | fact=  2.5857 | GF=  1.9102 | solve=  1.7782 | scatter=  0.0555
f=     6.200 Hz | ky=  0.230963E-02 | IK=       3/      66 | t=    7.142000 s | CA=  2.6529 | fact=  2.5785 | GF=  1.9105 | solve=  1.7788 | scatter=  0.0553
f=     6.200 Hz | ky=  0.307951E-02 | IK=       4/      66 | t=    7.205600 s | CA=  2.7262 | fact=  2.5767 | GF=  1.9026 | solve=  1.7724 | scatter=  0.0536
f=     6.200 Hz | ky=  0.384938E-02 | IK=       5/      66 | t=    7.127400 s | CA=  2.6313 | fact=  2.5820 | GF=  1.9140 | solve=  1.7835 | scatter=  0.0540
f=     6.200 Hz | ky=  0.461926E-02 | IK=       6/      66 | t=    7.183500 s | CA=  2.6719 | fact=  2.5910 | GF=  1.9205 | solve=  1.7863 | scatter=  0.0578
f=     6.200 Hz | ky=  0.538914E-02 | IK=       7/      66 | t=    7.188300 s | CA=  2.6888 | fact=  2.5840 | GF=  1.9155 | solve=  1.7863 | scatter=  0.0527
f=     6.200 Hz | ky=  0.615901E-02 | IK=       8/      66 | t=    7.187700 s | CA=  2.7050 | fact=  2.5721 | GF=  1.9106 | solve=  1.7810 | scatter=  0.0530
f=     6.200 Hz | ky=  0.692889E-02 | IK=       9/      66 | t=    7.163900 s | CA=  2.6724 | fact=  2.5747 | GF=  1.9168 | solve=  1.7853 | scatter=  0.0547
f=     6.200 Hz | ky=  0.769876E-02 | IK=      10/      66 | t=    7.182000 s | CA=  2.6861 | fact=  2.5855 | GF=  1.9104 | solve=  1.7799 | scatter=  0.0542
f=     6.200 Hz | ky=  0.846864E-02 | IK=      11/      66 | t=    7.114500 s | CA=  2.6478 | fact=  2.5886 | GF=  1.8781 | solve=  1.7487 | scatter=  0.0528
PARDISO mem (f=  6.20 Hz): sym=  2.09 GB  perm=  1.52 GB  num=  3.46 GB  
peak=  4.98 GB
 WD_amp= 7.46010E+13  RESID_RMS= 5.62448E-02  FCOST_DATA= 1.58174E-03  FCOST0= 1.58174E-03
BT: alpha=  5.0000E-01  phi=  1.5817E-03  rhs=  6.6701E-04
 UPDATEPARAMETER: f-scale only
UPDATEPARAMETER PAR_STEP min/max, V_STEP min/max =  1.9158800823E+03  2.4767742196E+03
  1.9158800823E+03  2.4767742196E+03
 running run_ik_loop_pardiso
before CA | VmRSS=  20.363 GB  VmHWM= 102.330 GB
after CA | VmRSS=  21.282 GB  VmHWM= 102.330 GB
after factor | VmRSS=  25.318 GB  VmHWM= 102.330 GB
f=     6.200 Hz | ky=  0.769876E-03 | IK=       1/      66 | t=   18.310400 s | CA=  2.6225 | fact= 13.6713 | GF=  2.0164 | solve=  1.8529 | scatter=  0.0548
f=     6.200 Hz | ky=  0.153975E-02 | IK=       2/      66 | t=    7.097100 s | CA=  2.6319 | fact=  2.5511 | GF=  1.9140 | solve=  1.7823 | scatter=  0.0552
f=     6.200 Hz | ky=  0.230963E-02 | IK=       3/      66 | t=    7.140500 s | CA=  2.6552 | fact=  2.5732 | GF=  1.9121 | solve=  1.7810 | scatter=  0.0544
f=     6.200 Hz | ky=  0.307951E-02 | IK=       4/      66 | t=    7.159000 s | CA=  2.6819 | fact=  2.5633 | GF=  1.9138 | solve=  1.7827 | scatter=  0.0547
f=     6.200 Hz | ky=  0.384938E-02 | IK=       5/      66 | t=    7.148800 s | CA=  2.6717 | fact=  2.5746 | GF=  1.9024 | solve=  1.7713 | scatter=  0.0542
f=     6.200 Hz | ky=  0.461926E-02 | IK=       6/      66 | t=    7.159900 s | CA=  2.6752 | fact=  2.5774 | GF=  1.9073 | solve=  1.7765 | scatter=  0.0542
f=     6.200 Hz | ky=  0.538914E-02 | IK=       7/      66 | t=    7.108300 s | CA=  2.6114 | fact=  2.5821 | GF=  1.9148 | solve=  1.7835 | scatter=  0.0549
f=     6.200 Hz | ky=  0.615901E-02 | IK=       8/      66 | t=    7.160300 s | CA=  2.6556 | fact=  2.5884 | GF=  1.9163 | solve=  1.7821 | scatter=  0.0573
f=     6.200 Hz | ky=  0.692889E-02 | IK=       9/      66 | t=    7.136700 s | CA=  2.6527 | fact=  2.5743 | GF=  1.9097 | solve=  1.7770 | scatter=  0.0563
f=     6.200 Hz | ky=  0.769876E-02 | IK=      10/      66 | t=    7.112900 s | CA=  2.6696 | fact=  2.5315 | GF=  1.9117 | solve=  1.7805 | scatter=  0.0543
f=     6.200 Hz | ky=  0.846864E-02 | IK=      11/      66 | t=    7.156400 s | CA=  2.6580 | fact=  2.5809 | GF=  1.9175 | solve=  1.7857 | scatter=  0.0555
PARDISO mem (f=  6.20 Hz): sym=  2.09 GB  perm=  1.52 GB  num=  3.46 GB  
peak=  4.98 GB
 WD_amp= 7.46010E+13  RESID_RMS= 4.05346E-02  FCOST_DATA= 8.21527E-04  FCOST0= 8.21527E-04
BT: alpha=  2.5000E-01  phi=  8.2153E-04  rhs=  6.6702E-04
 UPDATEPARAMETER: f-scale only
UPDATEPARAMETER PAR_STEP min/max, V_STEP min/max =  1.9158029795E+03  2.4735773028E+03
  1.9158029795E+03  2.4735773028E+03
 running run_ik_loop_pardiso
before CA | VmRSS=  20.981 GB  VmHWM= 102.330 GB
after CA | VmRSS=  22.039 GB  VmHWM= 102.330 GB
after factor | VmRSS=  26.082 GB  VmHWM= 102.330 GB
f=     6.200 Hz | ky=  0.769876E-03 | IK=       1/      66 | t=   18.298500 s | CA=  2.6220 | fact= 13.6647 | GF=  2.0116 | solve=  1.8507 | scatter=  0.0525
f=     6.200 Hz | ky=  0.153975E-02 | IK=       2/      66 | t=    7.163300 s | CA=  2.6728 | fact=  2.5800 | GF=  1.9105 | solve=  1.7796 | scatter=  0.0541
f=     6.200 Hz | ky=  0.230963E-02 | IK=       3/      66 | t=    7.169400 s | CA=  2.6833 | fact=  2.5800 | GF=  1.9060 | solve=  1.7763 | scatter=  0.0533
f=     6.200 Hz | ky=  0.307951E-02 | IK=       4/      66 | t=    7.136400 s | CA=  2.6471 | fact=  2.5847 | GF=  1.9046 | solve=  1.7746 | scatter=  0.0537
f=     6.200 Hz | ky=  0.384938E-02 | IK=       5/      66 | t=    7.134200 s | CA=  2.6401 | fact=  2.5819 | GF=  1.9122 | solve=  1.7815 | scatter=  0.0541
f=     6.200 Hz | ky=  0.461926E-02 | IK=       6/      66 | t=    7.155600 s | CA=  2.6675 | fact=  2.5782 | GF=  1.9099 | solve=  1.7795 | scatter=  0.0541
f=     6.200 Hz | ky=  0.538914E-02 | IK=       7/      66 | t=    7.172700 s | CA=  2.6854 | fact=  2.5824 | GF=  1.9049 | solve=  1.7743 | scatter=  0.0543
f=     6.200 Hz | ky=  0.615901E-02 | IK=       8/      66 | t=    7.163000 s | CA=  2.6774 | fact=  2.5729 | GF=  1.9127 | solve=  1.7797 | scatter=  0.0564
f=     6.200 Hz | ky=  0.692889E-02 | IK=       9/      66 | t=    7.112900 s | CA=  2.6532 | fact=  2.5516 | GF=  1.9081 | solve=  1.7779 | scatter=  0.0537
f=     6.200 Hz | ky=  0.769876E-02 | IK=      10/      66 | t=    7.181000 s | CA=  2.6853 | fact=  2.5838 | GF=  1.9119 | solve=  1.7826 | scatter=  0.0529
f=     6.200 Hz | ky=  0.846864E-02 | IK=      11/      66 | t=    7.156100 s | CA=  2.7091 | fact=  2.5366 | GF=  1.9104 | solve=  1.7804 | scatter=  0.0533
PARDISO mem (f=  6.20 Hz): sym=  2.09 GB  perm=  1.52 GB  num=  3.46 GB  
peak=  4.98 GB
 WD_amp= 7.46010E+13  RESID_RMS= 3.65613E-02  FCOST_DATA= 6.68365E-04  FCOST0= 6.68365E-04
BT: alpha=  1.2500E-01  phi=  6.6836E-04  rhs=  6.6703E-04
 UPDATEPARAMETER: f-scale only
UPDATEPARAMETER PAR_STEP min/max, V_STEP min/max =  1.9157644282E+03  2.4724861580E+03
  1.9157644282E+03  2.4724861580E+03
 running run_ik_loop_pardiso
before CA | VmRSS=  20.370 GB  VmHWM= 102.330 GB
after CA | VmRSS=  21.241 GB  VmHWM= 102.330 GB
after factor | VmRSS=  25.278 GB  VmHWM= 102.330 GB
f=     6.200 Hz | ky=  0.769876E-03 | IK=       1/      66 | t=   18.269400 s | CA=  2.6092 | fact= 13.6488 | GF=  2.0112 | solve=  1.8492 | scatter=  0.0538
f=     6.200 Hz | ky=  0.153975E-02 | IK=       2/      66 | t=    7.135300 s | CA=  2.6467 | fact=  2.5782 | GF=  1.9104 | solve=  1.7798 | scatter=  0.0542
f=     6.200 Hz | ky=  0.230963E-02 | IK=       3/      66 | t=    7.185800 s | CA=  2.6897 | fact=  2.5841 | GF=  1.9120 | solve=  1.7792 | scatter=  0.0565
f=     6.200 Hz | ky=  0.307951E-02 | IK=       4/      66 | t=    7.146300 s | CA=  2.6584 | fact=  2.5701 | GF=  1.9177 | solve=  1.7865 | scatter=  0.0546
f=     6.200 Hz | ky=  0.384938E-02 | IK=       5/      66 | t=    7.128100 s | CA=  2.6463 | fact=  2.5739 | GF=  1.9078 | solve=  1.7761 | scatter=  0.0553
f=     6.200 Hz | ky=  0.461926E-02 | IK=       6/      66 | t=    7.125500 s | CA=  2.6389 | fact=  2.5752 | GF=  1.9114 | solve=  1.7809 | scatter=  0.0539
f=     6.200 Hz | ky=  0.538914E-02 | IK=       7/      66 | t=    7.200400 s | CA=  2.7145 | fact=  2.5757 | GF=  1.9102 | solve=  1.7809 | scatter=  0.0528
f=     6.200 Hz | ky=  0.615901E-02 | IK=       8/      66 | t=    7.141300 s | CA=  2.6576 | fact=  2.5762 | GF=  1.9075 | solve=  1.7772 | scatter=  0.0539
f=     6.200 Hz | ky=  0.692889E-02 | IK=       9/      66 | t=    7.165900 s | CA=  2.6869 | fact=  2.5679 | GF=  1.9111 | solve=  1.7818 | scatter=  0.0528
f=     6.200 Hz | ky=  0.769876E-02 | IK=      10/      66 | t=    7.153900 s | CA=  2.6717 | fact=  2.5728 | GF=  1.9094 | solve=  1.7785 | scatter=  0.0541
f=     6.200 Hz | ky=  0.846864E-02 | IK=      11/      66 | t=    7.155900 s | CA=  2.6615 | fact=  2.5760 | GF=  1.9184 | solve=  1.7829 | scatter=  0.0587
PARDISO mem (f=  6.20 Hz): sym=  2.09 GB  perm=  1.52 GB  num=  3.46 GB  
peak=  4.98 GB
  
 WD_amp= 7.46010E+13  RESID_RMS= 3.60196E-02  FCOST_DATA= 6.48707E-04  FCOST0= 6.48707E-04
  
BT: alpha=  6.2500E-02  phi=  6.4871E-04  rhs=  6.6703E-04
  
  
  
Convergence reached, updating parameter grid
ALPHA from line search =  .6250000000000000E-01
 FCOST0 after linesearch  6.487069654856773E-004
Norm of s (s_norm) =  .4557830598236333E-01
  
Time for LBFGS =  11.64717203776042 min
  
 Frequency:          10 Iteration:           2
t_global   =    427.608 s
  
 -------------- calculate Frechet derivatives -----------
 IFREQ =          10    ITERATION =           2
||Frechet||_F=  3.0842E-12max|Frechet|=  3.9183E-17
||Frechet||_F=  3.0842E-12max|Frechet|=  3.9183E-17
 
TIME for Frechet calc =  3.377219899495443 min
 
 
  compute the residual and the cost function
 WD_amp= 7.46010E+13  RESID_RMS= 3.60196E-02  FCOST_DATA= 6.48707E-04  FCOST0= 6.48707E-04
||Frechet||_F=  3.0842E-12max|Frechet|=  3.9183E-17
||Frechet||_F=  3.0842E-12max|Frechet|=  3.9183E-17
||Frechet||_F=  3.0842E-12max|Frechet|=  3.9183E-17
||Frechet||_F=  3.0842E-12max|Frechet|=  3.9183E-17
Grad block   1 GRAD_SCALED MORM =   1.5750E-03
Raw grad block  1  PAR={rho}  min= -3.8375E-07  max=  3.6744E-07  L2=  1.9825E-06
Gradient finished
Start LBFGS 
curvature (warm): s·y=  2.0857E-05  ||s||^2=  2.0774E-03  ||y||^2=  7.3512E-07  sTy_min=  3.9078E-06
LBFGS step: g·p = -2.0256E-04  ||p||=  8.8880E-01
LBFGS step: min(p)= -6.6192E-02  max(p)=  4.4804E-02
LBFGS p_k (unscaled) stats per active parameter:
  IA=  1  PAR={rho}  min=-6.07618E+01  max= 4.11285E+01  L2= 8.15881E+02
min(p_k)= -6.6192E-02  max(p_k)=  4.4804E-02  ||p_k||=  8.8880E-01
min(p_kf)= -6.6192E-02  max(p_kf)=  4.4804E-02  ||p_kf||=  3.5552E+00
p_k/p_kf  =   2.5000E-01
Start linesearch
MT entry: phi(0)=  6.4871E-04  dg0= -2.0256E-04  alpha0=  1.0000E+00
 UPDATEPARAMETER: f-scale only
UPDATEPARAMETER PAR_STEP min/max, V_STEP min/max =  1.9158146820E+03  2.5068694883E+03
  1.9158146820E+03  2.5068694883E+03
 WD_amp= 7.46010E+13  RESID_RMS= 5.80195E-02  FCOST_DATA= 1.68313E-03  FCOST0= 1.68313E-03
  
 -------------- calculate Frechet derivatives -----------
 IFREQ =          10    ITERATION =           2
||Frechet||_F=  3.0847E-12max|Frechet|=  3.9101E-17
||Frechet||_F=  3.0847E-12max|Frechet|=  3.9101E-17
||Frechet||_F=  3.0847E-12max|Frechet|=  3.9101E-17
||Frechet||_F=  3.0847E-12max|Frechet|=  3.9101E-17
||Frechet||_F=  3.0847E-12max|Frechet|=  3.9101E-17
||Frechet||_F=  3.0847E-12max|Frechet|=  3.9101E-17
Grad block   1 GRAD_SCALED MORM =   5.0503E-03
MT try: alpha=  1.0000E+00  phi=  1.6831E-03  dg=  7.9377E-04  dg0= -2.0256E-04
MT try: armijo_rhs=  6.4869E-04  armijo=F  curvature=F  task=FG
 UPDATEPARAMETER: f-scale only
UPDATEPARAMETER PAR_STEP min/max, V_STEP min/max =  1.9157663640E+03  2.4732945151E+03
  1.9157663640E+03  2.4732945151E+03
 WD_amp= 7.46010E+13  RESID_RMS= 3.55547E-02  FCOST_DATA= 6.32070E-04  FCOST0= 6.32070E-04
  
 -------------- calculate Frechet derivatives -----------
 IFREQ =          10    ITERATION =           2
||Frechet||_F=  3.0842E-12max|Frechet|=  3.9180E-17
||Frechet||_F=  3.0842E-12max|Frechet|=  3.9180E-17
||Frechet||_F=  3.0842E-12max|Frechet|=  3.9180E-17
||Frechet||_F=  3.0842E-12max|Frechet|=  3.9180E-17
||Frechet||_F=  3.0842E-12max|Frechet|=  3.9180E-17
||Frechet||_F=  3.0842E-12max|Frechet|=  3.9180E-17
Grad block   1 GRAD_SCALED MORM =   1.5108E-03
MT try: alpha=  3.8521E-02  phi=  6.3207E-04  dg= -1.6268E-04  dg0= -2.0256E-04
MT try: armijo_rhs=  6.4871E-04  armijo=T  curvature=T  task=FG
Convergence reached, updating parameter grid
ALPHA from line search =  .3852051098327111E-01
 FCOST0 after linesearch  6.320698925723735E-004
Norm of s (s_norm) =  .3423705140738205E-01
  
  
  
  
  
Time for LBFGS =  20.54191284179688 min
  
  
 Frequency:          10 Iteration:           3
t_global   =    428.597 s
  
 -------------- calculate Frechet derivatives -----------
 IFREQ =          10    ITERATION =           3
||Frechet||_F=  3.0842E-12max|Frechet|=  3.9180E-17
||Frechet||_F=  3.0842E-12max|Frechet|=  3.9180E-17
 
TIME for Frechet calc =  3.281478373209636 min
 
 
  compute the residual and the cost function
 WD_amp= 7.46010E+13  RESID_RMS= 3.55547E-02  FCOST_DATA= 6.32070E-04  FCOST0= 6.32070E-04
||Frechet||_F=  3.0842E-12max|Frechet|=  3.9180E-17
||Frechet||_F=  3.0842E-12max|Frechet|=  3.9180E-17
||Frechet||_F=  3.0842E-12max|Frechet|=  3.9180E-17
||Frechet||_F=  3.0842E-12max|Frechet|=  3.9180E-17
Grad block   1 GRAD_SCALED MORM =   1.5108E-03
Gradient finished
Start LBFGS 
curvature (warm): s·y=  1.5360E-06  ||s||^2=  1.1722E-03  ||y||^2=  2.2789E-08  sTy_min=  5.1684E-07
LBFGS step: g·p = -2.8396E-04  ||p||=  1.5856E+00
LBFGS step: min(p)= -1.1778E-01  max(p)=  9.2181E-02
LBFGS p_k (unscaled) stats per active parameter:
  IA=  1  PAR={rho}  min=-1.08117E+02  max= 8.46186E+01  L2= 1.45551E+03
min(p_k)= -1.1778E-01  max(p_k)=  9.2181E-02  ||p_k||=  1.5856E+00
min(p_kf)= -1.1778E-01  max(p_kf)=  9.2181E-02  ||p_kf||=  6.3424E+00
p_k/p_kf  =   2.5000E-01
Start linesearch
MT entry: phi(0)=  6.3207E-04  dg0= -2.8396E-04  alpha0=  1.0000E+00
 UPDATEPARAMETER: f-scale only
UPDATEPARAMETER PAR_STEP min/max, V_STEP min/max =  1.9142135848E+03  2.5523654017E+03
  1.9142135848E+03  2.5523654017E+03
 WD_amp= 7.46010E+13  RESID_RMS= 5.82831E-02  FCOST_DATA= 1.69846E-03  FCOST0= 1.69846E-03
  
 -------------- calculate Frechet derivatives -----------
 IFREQ =          10    ITERATION =           3
||Frechet||_F=  3.0833E-12max|Frechet|=  3.8989E-17
||Frechet||_F=  3.0833E-12max|Frechet|=  3.8989E-17
||Frechet||_F=  3.0833E-12max|Frechet|=  3.8989E-17
||Frechet||_F=  3.0833E-12max|Frechet|=  3.8989E-17
||Frechet||_F=  3.0833E-12max|Frechet|=  3.8989E-17
||Frechet||_F=  3.0833E-12max|Frechet|=  3.8989E-17
Grad block   1 GRAD_SCALED MORM =   5.5713E-03
MT try: alpha=  1.0000E+00  phi=  1.6985E-03  dg=  1.0487E-03  dg0= -2.8396E-04
MT try: armijo_rhs=  6.3204E-04  armijo=F  curvature=F  task=FG
 UPDATEPARAMETER: f-scale only
UPDATEPARAMETER PAR_STEP min/max, V_STEP min/max =  1.9156817867E+03  2.4771993591E+03
  1.9156817867E+03  2.4771993591E+03
 WD_amp= 7.46010E+13  RESID_RMS= 3.47978E-02  FCOST_DATA= 6.05443E-04  FCOST0= 6.05443E-04
  
 -------------- calculate Frechet derivatives -----------
 IFREQ =          10    ITERATION =           3
||Frechet||_F=  3.0840E-12max|Frechet|=  3.9172E-17
||Frechet||_F=  3.0840E-12max|Frechet|=  3.9172E-17
||Frechet||_F=  3.0840E-12max|Frechet|=  3.9172E-17
||Frechet||_F=  3.0840E-12max|Frechet|=  3.9172E-17
||Frechet||_F=  3.0840E-12max|Frechet|=  3.9172E-17
||Frechet||_F=  3.0840E-12max|Frechet|=  3.9172E-17
Grad block   1 GRAD_SCALED MORM =   1.4191E-03
MT try: alpha=  5.4468E-02  phi=  6.0544E-04  dg= -2.0748E-04  dg0= -2.8396E-04
MT try: armijo_rhs=  6.3207E-04  armijo=T  curvature=T  task=FG
Convergence reached, updating parameter grid
ALPHA from line search =  .5446832846322324E-01
 FCOST0 after linesearch  6.054430370856557E-004
Norm of s (s_norm) =  .8636506211047114E-01
  
  
  
  
  
  
Convergence check at iteration    3
  Relative cost decrease  =  4.2126E-02
  Relative model update   =  0.0000E+00
  Relative grad. norm     =  3.9472E-01
Time for LBFGS =  20.72844034830729 min
  
 Frequency:          10 Iteration:           4
t_global   =    429.085 s
  
 -------------- calculate Frechet derivatives -----------
 IFREQ =          10    ITERATION =           4
||Frechet||_F=  3.0840E-12max|Frechet|=  3.9172E-17
 
TIME for Frechet calc =  3.287345123291016 min
 
 
  compute the residual and the cost function
 WD_amp= 7.46010E+13  RESID_RMS= 3.47978E-02  FCOST_DATA= 6.05443E-04  FCOST0= 6.05443E-04
||Frechet||_F=  3.0840E-12max|Frechet|=  3.9172E-17
||Frechet||_F=  3.0840E-12max|Frechet|=  3.9172E-17
||Frechet||_F=  3.0840E-12max|Frechet|=  3.9172E-17
||Frechet||_F=  3.0840E-12max|Frechet|=  3.9172E-17
||Frechet||_F=  3.0840E-12max|Frechet|=  3.9172E-17
Grad block   1 GRAD_SCALED MORM =   1.4191E-03
Gradient finished
Start LBFGS 
curvature (warm): s·y=  4.1656E-06  ||s||^2=  7.4589E-03  ||y||^2=  4.1074E-08  sTy_min=  1.7503E-06
LBFGS step: g·p = -1.7938E-04  ||p||=  1.2194E+00
LBFGS step: min(p)= -7.7896E-02  max(p)=  8.5019E-02
LBFGS p_k (unscaled) stats per active parameter:
  IA=  1  PAR={rho}  min=-7.15048E+01  max= 7.80438E+01  L2= 1.11934E+03
min(p_k)= -7.7896E-02  max(p_k)=  8.5019E-02  ||p_k||=  1.2194E+00
min(p_kf)= -7.7896E-02  max(p_kf)=  8.5019E-02  ||p_kf||=  4.8775E+00
p_k/p_kf  =   2.5000E-01
Start linesearch
MT entry: phi(0)=  6.0544E-04  dg0= -1.7938E-04  alpha0=  1.0000E+00
 UPDATEPARAMETER: f-scale only
UPDATEPARAMETER PAR_STEP min/max, V_STEP min/max =  1.9125703228E+03  2.5503996172E+03
  1.9125703228E+03  2.5503996172E+03
 WD_amp= 7.46010E+13  RESID_RMS= 4.52491E-02  FCOST_DATA= 1.02374E-03  FCOST0= 1.02374E-03
  
 -------------- calculate Frechet derivatives -----------
 IFREQ =          10    ITERATION =           4
||Frechet||_F=  3.0841E-12max|Frechet|=  3.9041E-17
||Frechet||_F=  3.0841E-12max|Frechet|=  3.9041E-17
||Frechet||_F=  3.0841E-12max|Frechet|=  3.9041E-17
||Frechet||_F=  3.0841E-12max|Frechet|=  3.9041E-17
||Frechet||_F=  3.0841E-12max|Frechet|=  3.9041E-17
||Frechet||_F=  3.0841E-12max|Frechet|=  3.9041E-17
Grad block   1 GRAD_SCALED MORM =   5.2556E-03
MT try: alpha=  1.0000E+00  phi=  1.0237E-03  dg=  4.5558E-04  dg0= -1.7938E-04
MT try: armijo_rhs=  6.0543E-04  armijo=F  curvature=F  task=FG
 UPDATEPARAMETER: f-scale only
UPDATEPARAMETER PAR_STEP min/max, V_STEP min/max =  1.9154254887E+03  2.4829841748E+03
  1.9154254887E+03  2.4829841748E+03
 WD_amp= 7.46010E+13  RESID_RMS= 3.40850E-02  FCOST_DATA= 5.80894E-04  FCOST0= 5.80894E-04
  
 -------------- calculate Frechet derivatives -----------
 IFREQ =          10    ITERATION =           4
||Frechet||_F=  3.0839E-12max|Frechet|=  3.9163E-17
||Frechet||_F=  3.0839E-12max|Frechet|=  3.9163E-17
||Frechet||_F=  3.0839E-12max|Frechet|=  3.9163E-17
||Frechet||_F=  3.0839E-12max|Frechet|=  3.9163E-17
||Frechet||_F=  3.0839E-12max|Frechet|=  3.9163E-17
||Frechet||_F=  3.0839E-12max|Frechet|=  3.9163E-17
Grad block   1 GRAD_SCALED MORM =   1.4074E-03
MT try: alpha=  8.2372E-02  phi=  5.8089E-04  dg= -1.2633E-04  dg0= -1.7938E-04
MT try: armijo_rhs=  6.0544E-04  armijo=T  curvature=T  task=FG
Convergence reached, updating parameter grid
ALPHA from line search =  .8237214843376577E-01
 FCOST0 after linesearch  5.808937913977131E-004
Norm of s (s_norm) =  .1004427646181301
  
  
  
  
Convergence check at iteration    4
  Relative cost decrease  =  4.0548E-02
  Relative model update   =  0.0000E+00
  Relative grad. norm     =  5.1487E-01
Time for LBFGS =  20.78842163085938 min
  
  
  
 Frequency:          10 Iteration:           5
t_global   =    425.090 s
  
 -------------- calculate Frechet derivatives -----------
 IFREQ =          10    ITERATION =           5
||Frechet||_F=  3.0839E-12max|Frechet|=  3.9163E-17
||Frechet||_F=  3.0839E-12max|Frechet|=  3.9163E-17
 
TIME for Frechet calc =  3.404971567789714 min
 
 
  compute the residual and the cost function
 WD_amp= 7.46010E+13  RESID_RMS= 3.40850E-02  FCOST_DATA= 5.80894E-04  FCOST0= 5.80894E-04
||Frechet||_F=  3.0839E-12max|Frechet|=  3.9163E-17
||Frechet||_F=  3.0839E-12max|Frechet|=  3.9163E-17
||Frechet||_F=  3.0839E-12max|Frechet|=  3.9163E-17
||Frechet||_F=  3.0839E-12max|Frechet|=  3.9163E-17
Grad block   1 GRAD_SCALED MORM =   1.4074E-03
Gradient finished
Start LBFGS 
curvature (warm): s·y=  4.3692E-06  ||s||^2=  1.0089E-02  ||y||^2=  9.9446E-08  sTy_min=  3.1675E-06
LBFGS step: g·p = -2.5181E-04  ||p||=  1.9278E+00
LBFGS step: min(p)= -1.2158E-01  max(p)=  1.3780E-01
LBFGS p_k (unscaled) stats per active parameter:
  IA=  1  PAR={rho}  min=-1.11603E+02  max= 1.26492E+02  L2= 1.76960E+03
min(p_k)= -1.2158E-01  max(p_k)=  1.3780E-01  ||p_k||=  1.9278E+00
min(p_kf)= -1.2158E-01  max(p_kf)=  1.3780E-01  ||p_kf||=  7.7110E+00
p_k/p_kf  =   2.5000E-01
Start linesearch
MT entry: phi(0)=  5.8089E-04  dg0= -2.5181E-04  alpha0=  1.0000E+00
 UPDATEPARAMETER: f-scale only
UPDATEPARAMETER PAR_STEP min/max, V_STEP min/max =  1.9091194851E+03  2.6052763424E+03
  1.9091194851E+03  2.6052763424E+03
 WD_amp= 7.46010E+13  RESID_RMS= 5.47428E-02  FCOST_DATA= 1.49839E-03  FCOST0= 1.49839E-03
  
 -------------- calculate Frechet derivatives -----------
 IFREQ =          10    ITERATION =           5
||Frechet||_F=  3.0846E-12max|Frechet|=  3.8926E-17
||Frechet||_F=  3.0846E-12max|Frechet|=  3.8926E-17
||Frechet||_F=  3.0846E-12max|Frechet|=  3.8926E-17
||Frechet||_F=  3.0846E-12max|Frechet|=  3.8926E-17
||Frechet||_F=  3.0846E-12max|Frechet|=  3.8926E-17
||Frechet||_F=  3.0846E-12max|Frechet|=  3.8926E-17
Grad block   1 GRAD_SCALED MORM =   6.2938E-03
MT try: alpha=  1.0000E+00  phi=  1.4984E-03  dg=  7.4689E-04  dg0= -2.5181E-04
MT try: armijo_rhs=  5.8087E-04  armijo=F  curvature=F  task=FG
 UPDATEPARAMETER: f-scale only
UPDATEPARAMETER PAR_STEP min/max, V_STEP min/max =  1.9150952157E+03  2.4890111673E+03
  1.9150952157E+03  2.4890111673E+03
 WD_amp= 7.46010E+13  RESID_RMS= 3.33912E-02  FCOST_DATA= 5.57486E-04  FCOST0= 5.57486E-04
  
 -------------- calculate Frechet derivatives -----------
 IFREQ =          10    ITERATION =           5
||Frechet||_F=  3.0840E-12max|Frechet|=  3.9153E-17
||Frechet||_F=  3.0840E-12max|Frechet|=  3.9153E-17
||Frechet||_F=  3.0840E-12max|Frechet|=  3.9153E-17
||Frechet||_F=  3.0840E-12max|Frechet|=  3.9153E-17
||Frechet||_F=  3.0840E-12max|Frechet|=  3.9153E-17
||Frechet||_F=  3.0840E-12max|Frechet|=  3.9153E-17
Grad block   1 GRAD_SCALED MORM =   1.2946E-03
MT try: alpha=  5.2374E-02  phi=  5.5749E-04  dg= -1.9839E-04  dg0= -2.5181E-04
MT try: armijo_rhs=  5.8089E-04  armijo=T  curvature=T  task=FG
Convergence reached, updating parameter grid
ALPHA from line search =  .5237438142661905E-01
 FCOST0 after linesearch  5.574864390265416E-004
Norm of s (s_norm) =  .1009650732638275
  
  
  
  
  
  
Convergence check at iteration    5
  Relative cost decrease  =  4.0295E-02
  Relative model update   =  0.0000E+00
  Relative grad. norm     =  3.4547E-01
Time for LBFGS =  20.91469116210937 min
  
 Frequency:          10 Iteration:           6
t_global   =    425.475 s
  
 -------------- calculate Frechet derivatives -----------
 IFREQ =          10    ITERATION =           6
||Frechet||_F=  3.0840E-12max|Frechet|=  3.9153E-17
||Frechet||_F=  3.0840E-12max|Frechet|=  3.9153E-17
 
TIME for Frechet calc =  3.398873392740886 min
 
 
  compute the residual and the cost function
 WD_amp= 7.46010E+13  RESID_RMS= 3.33912E-02  FCOST_DATA= 5.57486E-04  FCOST0= 5.57486E-04
||Frechet||_F=  3.0840E-12max|Frechet|=  3.9153E-17
||Frechet||_F=  3.0840E-12max|Frechet|=  3.9153E-17
||Frechet||_F=  3.0840E-12max|Frechet|=  3.9153E-17
||Frechet||_F=  3.0840E-12max|Frechet|=  3.9153E-17
Grad block   1 GRAD_SCALED MORM =   1.2946E-03
Gradient finished
Start LBFGS 
curvature (warm): s·y=  2.7977E-06  ||s||^2=  1.0194E-02  ||y||^2=  6.1941E-08  sTy_min=  2.5128E-06
LBFGS step: g·p = -2.3715E-04  ||p||=  2.0442E+00
LBFGS step: min(p)= -1.2551E-01  max(p)=  1.4109E-01
LBFGS p_k (unscaled) stats per active parameter:
  IA=  1  PAR={rho}  min=-1.15212E+02  max= 1.29513E+02  L2= 1.87646E+03
min(p_k)= -1.2551E-01  max(p_k)=  1.4109E-01  ||p_k||=  2.0442E+00
min(p_kf)= -1.2551E-01  max(p_kf)=  1.4109E-01  ||p_kf||=  8.1767E+00
p_k/p_kf  =   2.5000E-01
Start linesearch
MT entry: phi(0)=  5.5749E-04  dg0= -2.3715E-04  alpha0=  1.0000E+00
 UPDATEPARAMETER: f-scale only
UPDATEPARAMETER PAR_STEP min/max, V_STEP min/max =  1.9064088380E+03  2.6149219639E+03
  1.9064088380E+03  2.6149219639E+03
 WD_amp= 7.46010E+13  RESID_RMS= 6.31006E-02  FCOST_DATA= 1.99084E-03  FCOST0= 1.99084E-03
  
 -------------- calculate Frechet derivatives -----------
 IFREQ =          10    ITERATION =           6
||Frechet||_F=  3.0860E-12max|Frechet|=  3.8856E-17
||Frechet||_F=  3.0860E-12max|Frechet|=  3.8856E-17
||Frechet||_F=  3.0860E-12max|Frechet|=  3.8856E-17
||Frechet||_F=  3.0860E-12max|Frechet|=  3.8856E-17
||Frechet||_F=  3.0860E-12max|Frechet|=  3.8856E-17
||Frechet||_F=  3.0860E-12max|Frechet|=  3.8856E-17
Grad block   1 GRAD_SCALED MORM =   7.5443E-03
MT try: alpha=  1.0000E+00  phi=  1.9908E-03  dg=  1.0661E-03  dg0= -2.3715E-04
MT try: armijo_rhs=  5.5746E-04  armijo=F  curvature=F  task=FG
 UPDATEPARAMETER: f-scale only
UPDATEPARAMETER PAR_STEP min/max, V_STEP min/max =  1.9148097296E+03  2.4929269485E+03
  1.9148097296E+03  2.4929269485E+03
 WD_amp= 7.46010E+13  RESID_RMS= 3.30250E-02  FCOST_DATA= 5.45326E-04  FCOST0= 5.45326E-04
  
 -------------- calculate Frechet derivatives -----------
 IFREQ =          10    ITERATION =           6
||Frechet||_F=  3.0840E-12max|Frechet|=  3.9143E-17
||Frechet||_F=  3.0840E-12max|Frechet|=  3.9143E-17
||Frechet||_F=  3.0840E-12max|Frechet|=  3.9143E-17
||Frechet||_F=  3.0840E-12max|Frechet|=  3.9143E-17
||Frechet||_F=  3.0840E-12max|Frechet|=  3.9143E-17
||Frechet||_F=  3.0840E-12max|Frechet|=  3.9143E-17
Grad block   1 GRAD_SCALED MORM =   1.2557E-03
MT try: alpha=  3.2866E-02  phi=  5.4533E-04  dg= -1.9218E-04  dg0= -2.3715E-04
MT try: armijo_rhs=  5.5749E-04  armijo=T  curvature=T  task=FG
  
Convergence reached, updating parameter grid
ALPHA from line search =  .3286594662657941E-01
 FCOST0 after linesearch  5.453263406725577E-004
Norm of s (s_norm) =  .6718341374378616E-01
  
  
  
  
  
Convergence check at iteration    6
  Relative cost decrease  =  2.1812E-02
  Relative model update   =  0.0000E+00
  Relative grad. norm     =  3.2810E-01
Time for LBFGS =  20.36524251302083 min
  
 Frequency:          10 Iteration:           7
t_global   =    425.468 s
  
 -------------- calculate Frechet derivatives -----------
 IFREQ =          10    ITERATION =           7
||Frechet||_F=  3.0840E-12max|Frechet|=  3.9143E-17
||Frechet||_F=  3.0840E-12max|Frechet|=  3.9143E-17
 
TIME for Frechet calc =  3.330195109049479 min
 
 
  compute the residual and the cost function
 WD_amp= 7.46010E+13  RESID_RMS= 3.30250E-02  FCOST_DATA= 5.45326E-04  FCOST0= 5.45326E-04
||Frechet||_F=  3.0840E-12max|Frechet|=  3.9143E-17
||Frechet||_F=  3.0840E-12max|Frechet|=  3.9143E-17
||Frechet||_F=  3.0840E-12max|Frechet|=  3.9143E-17
||Frechet||_F=  3.0840E-12max|Frechet|=  3.9143E-17
Grad block   1 GRAD_SCALED MORM =   1.2557E-03
Gradient finished
Start LBFGS 
curvature (full): s·y=  1.4779E-06  ||s||^2=  4.5136E-03  ||y||^2=  3.4936E-08  sTy_min=  1.2557E-06
 
LBFGS step(full): g·p = -2.9934E-04  ||p||=  2.7018E+00
LBFGS step(full): min(p)= -1.6837E-01  max(p)=  1.8377E-01
LBFGS p_k (unscaled) stats per active parameter:
  IA=  1  PAR={rho}  min=-1.54555E+02  max= 1.68697E+02  L2= 2.48012E+03
min(p_k)= -1.6837E-01  max(p_k)=  1.8377E-01  ||p_k||=  2.7018E+00
min(p_kf)= -1.6837E-01  max(p_kf)=  1.8377E-01  ||p_kf||=  1.0807E+01
p_k/p_kf  =   2.5000E-01
Start linesearch
MT entry: phi(0)=  5.4533E-04  dg0= -2.9934E-04  alpha0=  1.0000E+00
 UPDATEPARAMETER: f-scale only
UPDATEPARAMETER PAR_STEP min/max, V_STEP min/max =  1.8957466749E+03  2.6583633838E+03
  1.8957466749E+03  2.6583633838E+03
 WD_amp= 7.46010E+13  RESID_RMS= 8.07315E-02  FCOST_DATA= 3.25879E-03  FCOST0= 3.25879E-03
  
 -------------- calculate Frechet derivatives -----------
 IFREQ =          10    ITERATION =           7
||Frechet||_F=  3.0874E-12max|Frechet|=  3.8869E-17
||Frechet||_F=  3.0874E-12max|Frechet|=  3.8869E-17
||Frechet||_F=  3.0874E-12max|Frechet|=  3.8869E-17
||Frechet||_F=  3.0874E-12max|Frechet|=  3.8869E-17
||Frechet||_F=  3.0874E-12max|Frechet|=  3.8869E-17
||Frechet||_F=  3.0874E-12max|Frechet|=  3.8869E-17
Grad block   1 GRAD_SCALED MORM =   6.8944E-03
MT try: alpha=  1.0000E+00  phi=  3.2588E-03  dg=  1.6681E-03  dg0= -2.9934E-04
MT try: armijo_rhs=  5.4530E-04  armijo=F  curvature=F  task=FG
 UPDATEPARAMETER: f-scale only
UPDATEPARAMETER PAR_STEP min/max, V_STEP min/max =  1.9145311765E+03  2.4963115056E+03
  1.9145311765E+03  2.4963115056E+03
 WD_amp= 7.46010E+13  RESID_RMS= 3.27730E-02  FCOST_DATA= 5.37033E-04  FCOST0= 5.37033E-04
  
 -------------- calculate Frechet derivatives -----------
 IFREQ =          10    ITERATION =           7
||Frechet||_F=  3.0842E-12max|Frechet|=  3.9136E-17
||Frechet||_F=  3.0842E-12max|Frechet|=  3.9136E-17
||Frechet||_F=  3.0842E-12max|Frechet|=  3.9136E-17
||Frechet||_F=  3.0842E-12max|Frechet|=  3.9136E-17
||Frechet||_F=  3.0842E-12max|Frechet|=  3.9136E-17
||Frechet||_F=  3.0842E-12max|Frechet|=  3.9136E-17
Grad block   1 GRAD_SCALED MORM =   1.2181E-03
MT try: alpha=  2.1567E-02  phi=  5.3703E-04  dg= -2.5515E-04  dg0= -2.9934E-04
MT try: armijo_rhs=  5.4533E-04  armijo=T  curvature=T  task=FG
  
Convergence reached, updating parameter grid
ALPHA from line search =  .2156730328607817E-01
 FCOST0 after linesearch  5.370333422042443E-004
Norm of s (s_norm) =  .5827007486868088E-01
  
  
  
Convergence check at iteration    7
  Relative cost decrease  =  1.5207E-02
  Relative model update   =  0.0000E+00
  Relative grad. norm     =  2.4980E-01
Time for LBFGS =  20.80417887369792 min
  
  
 --------- Frequency   6.80000000000000       (band            1 )
[ComputeAcqWeight] empty acq_weight_file, using uniform weights = 1.0
Data weighting computed for frequency 4607182418800017373
XSRmin, XSRmax, ZSRmin, ZSRMax -1960.000000000000 .000000000000000 2203.000000000000 4183.000000000000
1 FKYC
1.2 FKYC
my_rank, FKYC,WLMAX, RMAX 0 .5572912185498415E-01 753.3498227709956 2786.036611389018
Data weighting computed for frequency 4607182418800017373
1.1 NK
NK in cky2= 77

  Number of wavenumber samples (NK) for FREQ =   77
Data weighting computed for frequency 4607182418800017373
Data weighting computed for frequency 4607182418800017373
Data weighting computed for frequency 4607182418800017373
Data weighting computed for frequency 4607182418800017373
  RMAX = 2786.04
--- Pre-solver preview (memory + RHS workload) ---
   GQG dims: NNX=       609  NNZ=       329  NPT=    200361
   DOF:     N=3*NPT =    601083
   Sources: NSR=       100  NSS=        20  NK=        77
   RHS total (per IK): nrhs_tot=3*NSS =        60
   Batch:    MAX_RHS_BATCH=        32  nbatches=         2
   GFMY  (GFX+GFY+GFZ):         20.690 GB
   RHS_MY(rhs+sol buffers):      0.573 GB
 
 running run_ik_loop_pardiso
before CA | VmRSS=  22.477 GB  VmHWM= 102.379 GB
after CA | VmRSS=  23.666 GB  VmHWM= 102.379 GB
after factor | VmRSS=  27.711 GB  VmHWM= 102.379 GB
f=     6.800 Hz | ky=  0.723755E-03 | IK=       1/      77 | t=   18.422800 s | CA=  2.6947 | fact= 13.6818 | GF=  2.0461 | solve=  1.8836 | scatter=  0.0539
f=     6.800 Hz | ky=  0.144751E-02 | IK=       2/      77 | t=    7.167400 s | CA=  2.6726 | fact=  2.5833 | GF=  1.9115 | solve=  1.7807 | scatter=  0.0543
f=     6.800 Hz | ky=  0.217126E-02 | IK=       3/      77 | t=    7.167800 s | CA=  2.6873 | fact=  2.5739 | GF=  1.9066 | solve=  1.7757 | scatter=  0.0542
f=     6.800 Hz | ky=  0.289502E-02 | IK=       4/      77 | t=    7.120600 s | CA=  2.6747 | fact=  2.5871 | GF=  1.8587 | solve=  1.7269 | scatter=  0.0554
f=     6.800 Hz | ky=  0.361877E-02 | IK=       5/      77 | t=    7.143000 s | CA=  2.6918 | fact=  2.5963 | GF=  1.8549 | solve=  1.7231 | scatter=  0.0554
f=     6.800 Hz | ky=  0.434253E-02 | IK=       6/      77 | t=    7.130800 s | CA=  2.6773 | fact=  2.6044 | GF=  1.8491 | solve=  1.7193 | scatter=  0.0533
f=     6.800 Hz | ky=  0.506628E-02 | IK=       7/      77 | t=    7.107800 s | CA=  2.6603 | fact=  2.5970 | GF=  1.8505 | solve=  1.7157 | scatter=  0.0581
f=     6.800 Hz | ky=  0.579004E-02 | IK=       8/      77 | t=    7.171100 s | CA=  2.7133 | fact=  2.6069 | GF=  1.8509 | solve=  1.7187 | scatter=  0.0557
f=     6.800 Hz | ky=  0.651379E-02 | IK=       9/      77 | t=    7.115400 s | CA=  2.7041 | fact=  2.5612 | GF=  1.8501 | solve=  1.7207 | scatter=  0.0526
f=     6.800 Hz | ky=  0.723755E-02 | IK=      10/      77 | t=    7.158300 s | CA=  2.7039 | fact=  2.6031 | GF=  1.8513 | solve=  1.7207 | scatter=  0.0536
f=     6.800 Hz | ky=  0.796130E-02 | IK=      11/      77 | t=    7.152800 s | CA=  2.6910 | fact=  2.6061 | GF=  1.8557 | solve=  1.7263 | scatter=  0.0528
f=     6.800 Hz | ky=  0.868506E-02 | IK=      12/      77 | t=    7.092100 s | CA=  2.6689 | fact=  2.5669 | GF=  1.8562 | solve=  1.7218 | scatter=  0.0580
f=     6.800 Hz | ky=  0.940881E-02 | IK=      13/      77 | t=    7.091000 s | CA=  2.6393 | fact=  2.6029 | GF=  1.8488 | solve=  1.7184 | scatter=  0.0539
PARDISO mem (f=  6.80 Hz): sym=  2.09 GB  perm=  1.52 GB  num=  3.46 GB  
peak=  4.98 GB
t_global   =    164.273 s
TIME for 1st forward modeling =  2.737748209635417  min
TIME for GT0 =  .8941666285196940E-02  min
Data scaler W for L2 norm: 77476548566100.53
Data scaler W for WQS norm: .1007948000807317E-312
Total number of active inversion parameters for current sequential stage (IM):          1
Total model blocks points (NM = IM * NBLOCK):      12464 on grid (NMM = IM * NPT):    200361
 Gradient balance ():   1.00000000000000        1.00000000000000     
   1.00000000000000        1.00000000000000        1.00000000000000     
   1.00000000000000        1.00000000000000        1.00000000000000     
   1.00000000000000        1.00000000000000        1.00000000000000     
 IE0, IZ          33           0
 IE0, IZ, GZ1, GZ2 =           33           0   100.000000000000     
   300.000000000000     
  
 Frequency:          11 Iteration:           1
--- Pre-solver preview (memory + RHS workload) ---
   GQG dims: NNX=       609  NNZ=       329  NPT=    200361
   DOF:     N=3*NPT =    601083
   Sources: NSR=       100  NSS=       100  NK=        77
   RHS total (per IK): nrhs_tot=3*NSS =       300
   Batch:    MAX_RHS_BATCH=        32  nbatches=        10
   GFMY  (GFX+GFY+GFZ):        103.451 GB
   RHS_MY(rhs+sol buffers):      0.573 GB
 
 running run_ik_loop_pardiso
before CA | VmRSS= 106.071 GB  VmHWM= 106.071 GB
after CA | VmRSS= 107.344 GB  VmHWM= 111.631 GB
after factor | VmRSS= 111.383 GB  VmHWM= 111.631 GB
f=     6.800 Hz | ky=  0.723755E-03 | IK=       1/      77 | t=   25.798500 s | CA=  2.6832 | fact= 13.6720 | GF=  9.4431 | solve=  8.7572 | scatter=  0.2627
f=     6.800 Hz | ky=  0.144751E-02 | IK=       2/      77 | t=   14.541400 s | CA=  2.6568 | fact=  2.5361 | GF=  9.3485 | solve=  8.6911 | scatter=  0.2660
f=     6.800 Hz | ky=  0.217126E-02 | IK=       3/      77 | t=   14.602200 s | CA=  2.6847 | fact=  2.5811 | GF=  9.3363 | solve=  8.6803 | scatter=  0.2635
f=     6.800 Hz | ky=  0.289502E-02 | IK=       4/      77 | t=   14.501700 s | CA=  2.6562 | fact=  2.5394 | GF=  9.3060 | solve=  8.6525 | scatter=  0.2624
f=     6.800 Hz | ky=  0.361877E-02 | IK=       5/      77 | t=   14.294000 s | CA=  2.6476 | fact=  2.5914 | GF=  9.0550 | solve=  8.3997 | scatter=  0.2639
f=     6.800 Hz | ky=  0.434253E-02 | IK=       6/      77 | t=   14.243400 s | CA=  2.6121 | fact=  2.6116 | GF=  9.0196 | solve=  8.3630 | scatter=  0.2650
f=     6.800 Hz | ky=  0.506628E-02 | IK=       7/      77 | t=   14.278200 s | CA=  2.6442 | fact=  2.6029 | GF=  9.0310 | solve=  8.3751 | scatter=  0.2639
f=     6.800 Hz | ky=  0.579004E-02 | IK=       8/      77 | t=   14.227100 s | CA=  2.6706 | fact=  2.5338 | GF=  9.0226 | solve=  8.3633 | scatter=  0.2682
f=     6.800 Hz | ky=  0.651379E-02 | IK=       9/      77 | t=   14.359500 s | CA=  2.7448 | fact=  2.6034 | GF=  9.0113 | solve=  8.3579 | scatter=  0.2621
f=     6.800 Hz | ky=  0.723755E-02 | IK=      10/      77 | t=   14.302400 s | CA=  2.6825 | fact=  2.6062 | GF=  9.0136 | solve=  8.3590 | scatter=  0.2623
f=     6.800 Hz | ky=  0.796130E-02 | IK=      11/      77 | t=   14.388500 s | CA=  2.7483 | fact=  2.6122 | GF=  9.0279 | solve=  8.3719 | scatter=  0.2636
f=     6.800 Hz | ky=  0.868506E-02 | IK=      12/      77 | t=   14.352000 s | CA=  2.7066 | fact=  2.6050 | GF=  9.0403 | solve=  8.3824 | scatter=  0.2655
f=     6.800 Hz | ky=  0.940881E-02 | IK=      13/      77 | t=   14.295600 s | CA=  2.6644 | fact=  2.6078 | GF=  9.0233 | solve=  8.3668 | scatter=  0.2645
PARDISO mem (f=  6.80 Hz): sym=  2.09 GB  perm=  1.52 GB  num=  3.46 GB  
peak=  4.98 GB
t_global   =    488.911 s
TIME for 2d forward modeling_i calc =  8.148199971516927 min
Rank    5 -> ID range:   4001 to   4800 | Tasks:    800
Rank    4 -> ID range:   3201 to   4000 | Tasks:    800
Rank    1 -> ID range:    801 to   1600 | Tasks:    800
Rank    3 -> ID range:   2401 to   3200 | Tasks:    800
Rank    2 -> ID range:   1601 to   2400 | Tasks:    800
  
 -------------- calculate Frechet derivatives -----------
 IFREQ =          11    ITERATION =           1
Frechet memory size Frec_my:      0.891 (Gb)
Rank    0 -> ID range:      1 to    800 | Tasks:    800
FREQ:      6.8 Hz, ITER=       1  Frechet Derivative ID=     100/    4800 Finished   0.254000 s
FREQ:      6.8 Hz, ITER=       1  Frechet Derivative ID=     200/    4800 Finished   0.249800 s
FREQ:      6.8 Hz, ITER=       1  Frechet Derivative ID=     300/    4800 Finished   0.262700 s
FREQ:      6.8 Hz, ITER=       1  Frechet Derivative ID=     400/    4800 Finished   0.231800 s
FREQ:      6.8 Hz, ITER=       1  Frechet Derivative ID=     500/    4800 Finished   0.251900 s
FREQ:      6.8 Hz, ITER=       1  Frechet Derivative ID=     600/    4800 Finished   0.258800 s
FREQ:      6.8 Hz, ITER=       1  Frechet Derivative ID=     700/    4800 Finished   0.251800 s
FREQ:      6.8 Hz, ITER=       1  Frechet Derivative ID=     800/    4800 Finished   0.248500 s
||Frechet||_F=  3.0635E-12max|Frechet|=  4.4461E-17
 
TIME for Frechet calc =  3.902529907226563 min
 
m_fine: min=  1.9145E+03  max=  2.4963E+03  mean=  2.2201E+03  ||.||2=  9.9540E+05  size=  200361
m_coarse_prev: min=  1.9208E+03  max=  2.4830E+03  mean=  2.2203E+03  ||.||2=  2.4829E+05  size=   12464
 
  compute the residual and the cost function
 WD_amp= 7.74765E+13  RESID_RMS= 3.76270E-02  FCOST_DATA= 7.07894E-04  FCOST0= 7.07894E-04
||Frechet||_F=  3.0635E-12max|Frechet|=  4.4461E-17
||Frechet||_F=  3.0635E-12max|Frechet|=  4.4461E-17
||Frechet||_F=  3.0635E-12max|Frechet|=  4.4461E-17
||Frechet||_F=  3.0635E-12max|Frechet|=  4.4461E-17
||Frechet||_F=  3.0635E-12max|Frechet|=  4.4461E-17
IA=  1  H(single F0) min= 0.00000E+00  max= 4.45555E-02
IA=  1  H(F0^2)     min= 0.00000E+00  max= 4.45555E-02
HESSD: ia=   1  min= 0.00000E+00  max= 4.48483E+03
IA=  1  H(single F0) min= 0.00000E+00  max= 4.45555E-02
IA=  1  H(F0^2)     min= 0.00000E+00  max= 4.45555E-02
HESSD: ia=   1  min= 0.00000E+00  max= 4.48483E+03
IA=  1  H(single F0) min= 0.00000E+00  max= 4.45555E-02
IA=  1  H(F0^2)     min= 0.00000E+00  max= 4.45555E-02
HESSD: ia=   1  min= 0.00000E+00  max= 4.48483E+03
IA=  1  H(single F0) min= 0.00000E+00  max= 4.45555E-02
IA=  1  H(F0^2)     min= 0.00000E+00  max= 4.45555E-02
IA=  1  H(single F0) min= 0.00000E+00  max= 4.45555E-02
IA=  1  H(F0^2)     min= 0.00000E+00  max= 4.45555E-02
HESSD: ia=   1  min= 0.00000E+00  max= 4.48483E+03
HESSD: ia=   1  min= 0.00000E+00  max= 4.48483E+03
IA=  1  H(single F0) min= 0.00000E+00  max= 4.45555E-02
IA=  1  H(F0^2)     min= 0.00000E+00  max= 4.45555E-02
HESSD: ia=   1  min= 0.00000E+00  max= 4.48483E+03
Grad block   1 GRAD_SCALED MORM =   2.0974E-03
Raw grad block  1  PAR={rho}  min= -3.8639E-07  max=  6.1074E-07  L2=  2.5854E-06
Gradient finished
Start LBFGS 
LBFGS steepest step , iter=      1
  g·p = -2.5140E-04  ||p|| =  5.8805E-01
  min(p)= -4.5955E-02  max(p)=  5.3533E-02
LBFGS p_k (unscaled) stats per active parameter:
  IA=  1  PAR={rho}  min=-4.21845E+01  max= 4.91407E+01  L2= 5.39800E+02
min(p_k)= -4.5955E-02  max(p_k)=  5.3533E-02  ||p_k||=  5.8805E-01
min(p_kf)= -4.5955E-02  max(p_kf)=  5.3533E-02  ||p_kf||=  2.3522E+00
p_k/p_kf  =   2.5000E-01
Start linesearch
BT entry: phi(0)=  7.0789E-04  g·p(0)= -2.5140E-04
 UPDATEPARAMETER: f-scale only
UPDATEPARAMETER PAR_STEP min/max, V_STEP min/max =  1.9137872882E+03  2.5135442115E+03
  1.9137872882E+03  2.5135442115E+03
REL STEP elastic: k=  1 row=  1 rmax_k=  2.0211E-02 row_scale=  2.4963E+03
BT cap probe: rmax1=  2.0211E-02  alpha_cap=  1.0000E+00  alpha00=  1.0000E+00
 UPDATEPARAMETER: f-scale only
UPDATEPARAMETER PAR_STEP min/max, V_STEP min/max =  1.9137872882E+03  2.5135442115E+03
  1.9137872882E+03  2.5135442115E+03
 running run_ik_loop_pardiso
before CA | VmRSS=  23.322 GB  VmHWM= 117.046 GB
after CA | VmRSS=  24.925 GB  VmHWM= 117.046 GB
after factor | VmRSS=  28.966 GB  VmHWM= 117.046 GB
f=     6.800 Hz | ky=  0.723755E-03 | IK=       1/      77 | t=   18.278800 s | CA=  2.6170 | fact= 13.6526 | GF=  2.0090 | solve=  1.8477 | scatter=  0.0530
f=     6.800 Hz | ky=  0.144751E-02 | IK=       2/      77 | t=    7.196100 s | CA=  2.6999 | fact=  2.5844 | GF=  1.9118 | solve=  1.7808 | scatter=  0.0543
f=     6.800 Hz | ky=  0.217126E-02 | IK=       3/      77 | t=    7.176900 s | CA=  2.6749 | fact=  2.5886 | GF=  1.9133 | solve=  1.7826 | scatter=  0.0539
f=     6.800 Hz | ky=  0.289502E-02 | IK=       4/      77 | t=    7.160800 s | CA=  2.6587 | fact=  2.5867 | GF=  1.9154 | solve=  1.7844 | scatter=  0.0545
f=     6.800 Hz | ky=  0.361877E-02 | IK=       5/      77 | t=    7.180800 s | CA=  2.6768 | fact=  2.5952 | GF=  1.9087 | solve=  1.7800 | scatter=  0.0521
f=     6.800 Hz | ky=  0.434253E-02 | IK=       6/      77 | t=    7.193300 s | CA=  2.7011 | fact=  2.5712 | GF=  1.9209 | solve=  1.7888 | scatter=  0.0555
f=     6.800 Hz | ky=  0.506628E-02 | IK=       7/      77 | t=    7.156600 s | CA=  2.6979 | fact=  2.5514 | GF=  1.9072 | solve=  1.7783 | scatter=  0.0523
f=     6.800 Hz | ky=  0.579004E-02 | IK=       8/      77 | t=    7.198400 s | CA=  2.6953 | fact=  2.5933 | GF=  1.9098 | solve=  1.7767 | scatter=  0.0565
f=     6.800 Hz | ky=  0.651379E-02 | IK=       9/      77 | t=    7.201900 s | CA=  2.6977 | fact=  2.5897 | GF=  1.9145 | solve=  1.7842 | scatter=  0.0532
f=     6.800 Hz | ky=  0.723755E-02 | IK=      10/      77 | t=    7.205700 s | CA=  2.7428 | fact=  2.5531 | GF=  1.9097 | solve=  1.7790 | scatter=  0.0540
f=     6.800 Hz | ky=  0.796130E-02 | IK=      11/      77 | t=    7.185200 s | CA=  2.6810 | fact=  2.5951 | GF=  1.9091 | solve=  1.7780 | scatter=  0.0545
f=     6.800 Hz | ky=  0.868506E-02 | IK=      12/      77 | t=    7.235200 s | CA=  2.7302 | fact=  2.5874 | GF=  1.9176 | solve=  1.7825 | scatter=  0.0586
f=     6.800 Hz | ky=  0.940881E-02 | IK=      13/      77 | t=    7.193800 s | CA=  2.6911 | fact=  2.5857 | GF=  1.9170 | solve=  1.7852 | scatter=  0.0552
PARDISO mem (f=  6.80 Hz): sym=  2.09 GB  perm=  1.52 GB  num=  3.46 GB  
peak=  4.98 GB
 WD_amp= 7.74765E+13  RESID_RMS= 6.06940E-02  FCOST_DATA= 1.84188E-03  FCOST0= 1.84188E-03
BT: alpha=  1.0000E+00  phi=  1.8419E-03  rhs=  7.0787E-04
 UPDATEPARAMETER: f-scale only
UPDATEPARAMETER PAR_STEP min/max, V_STEP min/max =  1.9141592324E+03  2.5005889021E+03
  1.9141592324E+03  2.5005889021E+03
 running run_ik_loop_pardiso
before CA | VmRSS=  23.422 GB  VmHWM= 117.046 GB
after CA | VmRSS=  24.692 GB  VmHWM= 117.046 GB
after factor | VmRSS=  28.734 GB  VmHWM= 117.046 GB
f=     6.800 Hz | ky=  0.723755E-03 | IK=       1/      77 | t=   18.403500 s | CA=  2.7008 | fact= 13.6831 | GF=  2.0194 | solve=  1.8551 | scatter=  0.0550
f=     6.800 Hz | ky=  0.144751E-02 | IK=       2/      77 | t=    7.136500 s | CA=  2.6433 | fact=  2.5856 | GF=  1.9075 | solve=  1.7759 | scatter=  0.0551
f=     6.800 Hz | ky=  0.217126E-02 | IK=       3/      77 | t=    7.203700 s | CA=  2.7114 | fact=  2.5820 | GF=  1.9103 | solve=  1.7790 | scatter=  0.0547
f=     6.800 Hz | ky=  0.289502E-02 | IK=       4/      77 | t=    7.135600 s | CA=  2.6466 | fact=  2.5822 | GF=  1.9068 | solve=  1.7755 | scatter=  0.0545
f=     6.800 Hz | ky=  0.361877E-02 | IK=       5/      77 | t=    7.169400 s | CA=  2.6839 | fact=  2.5828 | GF=  1.9027 | solve=  1.7734 | scatter=  0.0530
f=     6.800 Hz | ky=  0.434253E-02 | IK=       6/      77 | t=    7.134100 s | CA=  2.6490 | fact=  2.5759 | GF=  1.9092 | solve=  1.7783 | scatter=  0.0546
f=     6.800 Hz | ky=  0.506628E-02 | IK=       7/      77 | t=    7.126500 s | CA=  2.6827 | fact=  2.5288 | GF=  1.9149 | solve=  1.7808 | scatter=  0.0575
f=     6.800 Hz | ky=  0.579004E-02 | IK=       8/      77 | t=    7.126200 s | CA=  2.6653 | fact=  2.5390 | GF=  1.9218 | solve=  1.7895 | scatter=  0.0554
f=     6.800 Hz | ky=  0.651379E-02 | IK=       9/      77 | t=    7.186600 s | CA=  2.6856 | fact=  2.5862 | GF=  1.9147 | solve=  1.7837 | scatter=  0.0546
f=     6.800 Hz | ky=  0.723755E-02 | IK=      10/      77 | t=    7.160600 s | CA=  2.6708 | fact=  2.5817 | GF=  1.9081 | solve=  1.7784 | scatter=  0.0531
f=     6.800 Hz | ky=  0.796130E-02 | IK=      11/      77 | t=    7.198000 s | CA=  2.7031 | fact=  2.5854 | GF=  1.9095 | solve=  1.7773 | scatter=  0.0558
f=     6.800 Hz | ky=  0.868506E-02 | IK=      12/      77 | t=    7.207100 s | CA=  2.7086 | fact=  2.5878 | GF=  1.9107 | solve=  1.7815 | scatter=  0.0526
f=     6.800 Hz | ky=  0.940881E-02 | IK=      13/      77 | t=    7.216800 s | CA=  2.7172 | fact=  2.5851 | GF=  1.9145 | solve=  1.7814 | scatter=  0.0562
PARDISO mem (f=  6.80 Hz): sym=  2.09 GB  perm=  1.52 GB  num=  3.46 GB  
peak=  4.98 GB
 WD_amp= 7.74765E+13  RESID_RMS= 4.24140E-02  FCOST_DATA= 8.99474E-04  FCOST0= 8.99474E-04
BT: alpha=  5.0000E-01  phi=  8.9947E-04  rhs=  7.0788E-04
 UPDATEPARAMETER: f-scale only
UPDATEPARAMETER PAR_STEP min/max, V_STEP min/max =  1.9143452044E+03  2.4984502039E+03
  1.9143452044E+03  2.4984502039E+03
 running run_ik_loop_pardiso
before CA | VmRSS=  23.864 GB  VmHWM= 117.046 GB
after CA | VmRSS=  24.654 GB  VmHWM= 117.046 GB
after factor | VmRSS=  28.692 GB  VmHWM= 117.046 GB
f=     6.800 Hz | ky=  0.723755E-03 | IK=       1/      77 | t=   18.363500 s | CA=  2.6786 | fact= 13.6708 | GF=  2.0139 | solve=  1.8503 | scatter=  0.0545
f=     6.800 Hz | ky=  0.144751E-02 | IK=       2/      77 | t=    7.197800 s | CA=  2.7127 | fact=  2.5753 | GF=  1.9097 | solve=  1.7805 | scatter=  0.0527
f=     6.800 Hz | ky=  0.217126E-02 | IK=       3/      77 | t=    7.176300 s | CA=  2.6785 | fact=  2.5875 | GF=  1.9102 | solve=  1.7764 | scatter=  0.0573
f=     6.800 Hz | ky=  0.289502E-02 | IK=       4/      77 | t=    7.138100 s | CA=  2.6607 | fact=  2.5674 | GF=  1.9100 | solve=  1.7783 | scatter=  0.0551
f=     6.800 Hz | ky=  0.361877E-02 | IK=       5/      77 | t=    7.128100 s | CA=  2.6886 | fact=  2.5290 | GF=  1.9105 | solve=  1.7799 | scatter=  0.0529
f=     6.800 Hz | ky=  0.434253E-02 | IK=       6/      77 | t=    7.189900 s | CA=  2.6922 | fact=  2.5962 | GF=  1.9015 | solve=  1.7731 | scatter=  0.0519
f=     6.800 Hz | ky=  0.506628E-02 | IK=       7/      77 | t=    7.170600 s | CA=  2.6826 | fact=  2.5776 | GF=  1.9103 | solve=  1.7777 | scatter=  0.0560
f=     6.800 Hz | ky=  0.579004E-02 | IK=       8/      77 | t=    7.183400 s | CA=  2.7321 | fact=  2.5386 | GF=  1.9127 | solve=  1.7844 | scatter=  0.0519
f=     6.800 Hz | ky=  0.651379E-02 | IK=       9/      77 | t=    7.228200 s | CA=  2.7395 | fact=  2.5780 | GF=  1.9106 | solve=  1.7807 | scatter=  0.0531
f=     6.800 Hz | ky=  0.723755E-02 | IK=      10/      77 | t=    7.191200 s | CA=  2.6951 | fact=  2.5852 | GF=  1.9109 | solve=  1.7806 | scatter=  0.0539
f=     6.800 Hz | ky=  0.796130E-02 | IK=      11/      77 | t=    7.187800 s | CA=  2.7055 | fact=  2.5789 | GF=  1.9034 | solve=  1.7733 | scatter=  0.0537
f=     6.800 Hz | ky=  0.868506E-02 | IK=      12/      77 | t=    7.178800 s | CA=  2.6874 | fact=  2.5760 | GF=  1.9154 | solve=  1.7862 | scatter=  0.0527
f=     6.800 Hz | ky=  0.940881E-02 | IK=      13/      77 | t=    7.145900 s | CA=  2.6578 | fact=  2.5775 | GF=  1.9106 | solve=  1.7809 | scatter=  0.0530
PARDISO mem (f=  6.80 Hz): sym=  2.09 GB  perm=  1.52 GB  num=  3.46 GB  
peak=  4.98 GB
 WD_amp= 7.74765E+13  RESID_RMS= 3.76802E-02  FCOST_DATA= 7.09900E-04  FCOST0= 7.09900E-04
BT: alpha=  2.5000E-01  phi=  7.0990E-04  rhs=  7.0789E-04
 UPDATEPARAMETER: f-scale only
UPDATEPARAMETER PAR_STEP min/max, V_STEP min/max =  1.9144381905E+03  2.4973808548E+03
  1.9144381905E+03  2.4973808548E+03
 running run_ik_loop_pardiso
before CA | VmRSS=  23.937 GB  VmHWM= 117.046 GB
after CA | VmRSS=  24.649 GB  VmHWM= 117.046 GB
after factor | VmRSS=  28.693 GB  VmHWM= 117.046 GB
f=     6.800 Hz | ky=  0.723755E-03 | IK=       1/      77 | t=   18.366300 s | CA=  2.6877 | fact= 13.6685 | GF=  2.0099 | solve=  1.8470 | scatter=  0.0540
f=     6.800 Hz | ky=  0.144751E-02 | IK=       2/      77 | t=    7.188600 s | CA=  2.6980 | fact=  2.5825 | GF=  1.9081 | solve=  1.7788 | scatter=  0.0526
f=     6.800 Hz | ky=  0.217126E-02 | IK=       3/      77 | t=    7.192700 s | CA=  2.7437 | fact=  2.5383 | GF=  1.9107 | solve=  1.7802 | scatter=  0.0536
f=     6.800 Hz | ky=  0.289502E-02 | IK=       4/      77 | t=    7.159000 s | CA=  2.6647 | fact=  2.5843 | GF=  1.9099 | solve=  1.7799 | scatter=  0.0536
f=     6.800 Hz | ky=  0.361877E-02 | IK=       5/      77 | t=    7.133200 s | CA=  2.6424 | fact=  2.5763 | GF=  1.9144 | solve=  1.7828 | scatter=  0.0551
f=     6.800 Hz | ky=  0.434253E-02 | IK=       6/      77 | t=    7.222700 s | CA=  2.7347 | fact=  2.5772 | GF=  1.9108 | solve=  1.7785 | scatter=  0.0559
f=     6.800 Hz | ky=  0.506628E-02 | IK=       7/      77 | t=    7.194100 s | CA=  2.7024 | fact=  2.5833 | GF=  1.9084 | solve=  1.7780 | scatter=  0.0540
f=     6.800 Hz | ky=  0.579004E-02 | IK=       8/      77 | t=    7.159100 s | CA=  2.6659 | fact=  2.5789 | GF=  1.9142 | solve=  1.7828 | scatter=  0.0547
f=     6.800 Hz | ky=  0.651379E-02 | IK=       9/      77 | t=    7.184000 s | CA=  2.7082 | fact=  2.5666 | GF=  1.9091 | solve=  1.7781 | scatter=  0.0545
f=     6.800 Hz | ky=  0.723755E-02 | IK=      10/      77 | t=    7.164700 s | CA=  2.6770 | fact=  2.5710 | GF=  1.9167 | solve=  1.7851 | scatter=  0.0550
f=     6.800 Hz | ky=  0.796130E-02 | IK=      11/      77 | t=    7.145500 s | CA=  2.6478 | fact=  2.5810 | GF=  1.9167 | solve=  1.7843 | scatter=  0.0559
f=     6.800 Hz | ky=  0.868506E-02 | IK=      12/      77 | t=    7.102700 s | CA=  2.6726 | fact=  2.5204 | GF=  1.9097 | solve=  1.7799 | scatter=  0.0534
f=     6.800 Hz | ky=  0.940881E-02 | IK=      13/      77 | t=    7.185100 s | CA=  2.6889 | fact=  2.5827 | GF=  1.9135 | solve=  1.7839 | scatter=  0.0530
PARDISO mem (f=  6.80 Hz): sym=  2.09 GB  perm=  1.52 GB  num=  3.46 GB  
peak=  4.98 GB
 WD_amp= 7.74765E+13  RESID_RMS= 3.70262E-02  FCOST_DATA= 6.85469E-04  FCOST0= 6.85469E-04
BT: alpha=  1.2500E-01  phi=  6.8547E-04  rhs=  7.0789E-04
  
  
  
  
Convergence reached, updating parameter grid
ALPHA from line search =  .1250000000000000
 FCOST0 after linesearch  6.854687923836924E-004
Norm of s (s_norm) =  .7350568968236841E-01
  
  
Time for LBFGS =  10.85592346191406 min
  
 Frequency:          11 Iteration:           2
t_global   =    492.467 s
  
 -------------- calculate Frechet derivatives -----------
 IFREQ =          11    ITERATION =           2
||Frechet||_F=  3.0634E-12max|Frechet|=  4.4463E-17
 
TIME for Frechet calc =  3.869196573893229 min
 
 
  compute the residual and the cost function
 WD_amp= 7.74765E+13  RESID_RMS= 3.70262E-02  FCOST_DATA= 6.85469E-04  FCOST0= 6.85469E-04
||Frechet||_F=  3.0634E-12max|Frechet|=  4.4463E-17
||Frechet||_F=  3.0634E-12max|Frechet|=  4.4463E-17
||Frechet||_F=  3.0634E-12max|Frechet|=  4.4463E-17
||Frechet||_F=  3.0634E-12max|Frechet|=  4.4463E-17
||Frechet||_F=  3.0634E-12max|Frechet|=  4.4463E-17
Grad block   1 GRAD_SCALED MORM =   1.6962E-03
Raw grad block  1  PAR={rho}  min= -3.1605E-07  max=  5.4313E-07  L2=  2.1213E-06
Gradient finished
Start LBFGS 
curvature (warm): s·y=  2.6390E-05  ||s||^2=  5.4031E-03  ||y||^2=  1.3061E-06  sTy_min=  8.4007E-06
LBFGS step: g·p = -1.9316E-04  ||p||=  8.7877E-01
LBFGS step: min(p)= -7.6559E-02  max(p)=  8.2164E-02
LBFGS p_k (unscaled) stats per active parameter:
  IA=  1  PAR={rho}  min=-7.02777E+01  max= 7.54234E+01  L2= 8.06676E+02
min(p_k)= -7.6559E-02  max(p_k)=  8.2164E-02  ||p_k||=  8.7877E-01
min(p_kf)= -7.6559E-02  max(p_kf)=  8.2164E-02  ||p_kf||=  3.5151E+00
p_k/p_kf  =   2.5000E-01
Start linesearch
MT entry: phi(0)=  6.8547E-04  dg0= -1.9316E-04  alpha0=  1.0000E+00
 UPDATEPARAMETER: f-scale only
UPDATEPARAMETER PAR_STEP min/max, V_STEP min/max =  1.9127507738E+03  2.5421283644E+03
  1.9127507738E+03  2.5421283644E+03
 WD_amp= 7.74765E+13  RESID_RMS= 5.66692E-02  FCOST_DATA= 1.60570E-03  FCOST0= 1.60570E-03
  
 -------------- calculate Frechet derivatives -----------
 IFREQ =          11    ITERATION =           2
||Frechet||_F=  3.0651E-12max|Frechet|=  4.4582E-17
||Frechet||_F=  3.0651E-12max|Frechet|=  4.4582E-17
||Frechet||_F=  3.0651E-12max|Frechet|=  4.4582E-17
||Frechet||_F=  3.0651E-12max|Frechet|=  4.4582E-17
||Frechet||_F=  3.0651E-12max|Frechet|=  4.4582E-17
||Frechet||_F=  3.0651E-12max|Frechet|=  4.4582E-17
Grad block   1 GRAD_SCALED MORM =   6.4512E-03
MT try: alpha=  1.0000E+00  phi=  1.6057E-03  dg=  8.4383E-04  dg0= -1.9316E-04
MT try: armijo_rhs=  6.8545E-04  armijo=F  curvature=F  task=FG
 UPDATEPARAMETER: f-scale only
UPDATEPARAMETER PAR_STEP min/max, V_STEP min/max =  1.9143649710E+03  2.4979276437E+03
  1.9143649710E+03  2.4979276437E+03
 WD_amp= 7.74765E+13  RESID_RMS= 3.67309E-02  FCOST_DATA= 6.74581E-04  FCOST0= 6.74581E-04
  
 -------------- calculate Frechet derivatives -----------
 IFREQ =          11    ITERATION =           2
||Frechet||_F=  3.0634E-12max|Frechet|=  4.4466E-17
||Frechet||_F=  3.0634E-12max|Frechet|=  4.4466E-17
||Frechet||_F=  3.0634E-12max|Frechet|=  4.4466E-17
||Frechet||_F=  3.0634E-12max|Frechet|=  4.4466E-17
||Frechet||_F=  3.0634E-12max|Frechet|=  4.4466E-17
||Frechet||_F=  3.0634E-12max|Frechet|=  4.4466E-17
Grad block   1 GRAD_SCALED MORM =   1.6286E-03
MT try: alpha=  4.3391E-02  phi=  6.7458E-04  dg= -1.4985E-04  dg0= -1.9316E-04
MT try: armijo_rhs=  6.8547E-04  armijo=T  curvature=T  task=FG
Convergence reached, updating parameter grid
ALPHA from line search =  .4339144068624515E-01
 FCOST0 after linesearch  6.745811218506668E-004
Norm of s (s_norm) =  .3813122080429263E-01
  
  
  
  
Time for LBFGS =  23.73129069010417 min
  
  
  
 Frequency:          11 Iteration:           3
t_global   =    496.016 s
  
 -------------- calculate Frechet derivatives -----------
 IFREQ =          11    ITERATION =           3
||Frechet||_F=  3.0634E-12max|Frechet|=  4.4466E-17
||Frechet||_F=  3.0634E-12max|Frechet|=  4.4466E-17
 
TIME for Frechet calc =  3.836583455403646 min
 
 
  compute the residual and the cost function
 WD_amp= 7.74765E+13  RESID_RMS= 3.67309E-02  FCOST_DATA= 6.74581E-04  FCOST0= 6.74581E-04
||Frechet||_F=  3.0634E-12max|Frechet|=  4.4466E-17
||Frechet||_F=  3.0634E-12max|Frechet|=  4.4466E-17
||Frechet||_F=  3.0634E-12max|Frechet|=  4.4466E-17
||Frechet||_F=  3.0634E-12max|Frechet|=  4.4466E-17
Grad block   1 GRAD_SCALED MORM =   1.6286E-03
Gradient finished
Start LBFGS 
curvature (warm): s·y=  1.8789E-06  ||s||^2=  1.4540E-03  ||y||^2=  4.2217E-08  sTy_min=  7.8347E-07
LBFGS step: g·p = -2.8341E-04  ||p||=  1.5693E+00
LBFGS step: min(p)= -1.3989E-01  max(p)=  1.4562E-01
LBFGS p_k (unscaled) stats per active parameter:
  IA=  1  PAR={rho}  min=-1.28417E+02  max= 1.33669E+02  L2= 1.44059E+03
min(p_k)= -1.3989E-01  max(p_k)=  1.4562E-01  ||p_k||=  1.5693E+00
min(p_kf)= -1.3989E-01  max(p_kf)=  1.4562E-01  ||p_kf||=  6.2774E+00
p_k/p_kf  =   2.5000E-01
Start linesearch
MT entry: phi(0)=  6.7458E-04  dg0= -2.8341E-04  alpha0=  1.0000E+00
 UPDATEPARAMETER: f-scale only
UPDATEPARAMETER PAR_STEP min/max, V_STEP min/max =  1.9108608605E+03  2.5989107033E+03
  1.9108608605E+03  2.5989107033E+03
 WD_amp= 7.74765E+13  RESID_RMS= 8.06091E-02  FCOST_DATA= 3.24891E-03  FCOST0= 3.24891E-03
  
 -------------- calculate Frechet derivatives -----------
 IFREQ =          11    ITERATION =           3
||Frechet||_F=  3.0669E-12max|Frechet|=  4.4347E-17
||Frechet||_F=  3.0669E-12max|Frechet|=  4.4347E-17
||Frechet||_F=  3.0669E-12max|Frechet|=  4.4347E-17
||Frechet||_F=  3.0669E-12max|Frechet|=  4.4347E-17
||Frechet||_F=  3.0669E-12max|Frechet|=  4.4347E-17
||Frechet||_F=  3.0669E-12max|Frechet|=  4.4347E-17
Grad block   1 GRAD_SCALED MORM =   8.1502E-03
MT try: alpha=  1.0000E+00  phi=  3.2489E-03  dg=  1.7111E-03  dg0= -2.8341E-04
MT try: armijo_rhs=  6.7455E-04  armijo=F  curvature=F  task=FG
 UPDATEPARAMETER: f-scale only
UPDATEPARAMETER PAR_STEP min/max, V_STEP min/max =  1.9142880607E+03  2.4985019338E+03
  1.9142880607E+03  2.4985019338E+03
 WD_amp= 7.74765E+13  RESID_RMS= 3.65593E-02  FCOST_DATA= 6.68290E-04  FCOST0= 6.68290E-04
  
 -------------- calculate Frechet derivatives -----------
 IFREQ =          11    ITERATION =           3
||Frechet||_F=  3.0635E-12max|Frechet|=  4.4463E-17
||Frechet||_F=  3.0635E-12max|Frechet|=  4.4463E-17
||Frechet||_F=  3.0635E-12max|Frechet|=  4.4463E-17
||Frechet||_F=  3.0635E-12max|Frechet|=  4.4463E-17
Grad block   1 GRAD_SCALED MORM =   1.5866E-03
MT try: alpha=  2.1949E-02  phi=  6.6829E-04  dg= -2.3899E-04  dg0= -2.8341E-04
MT try: armijo_rhs=  6.7458E-04  armijo=T  curvature=T  task=FG
||Frechet||_F=  3.0635E-12max|Frechet|=  4.4463E-17
||Frechet||_F=  3.0635E-12max|Frechet|=  4.4463E-17
Convergence reached, updating parameter grid
ALPHA from line search =  .2194859584677918E-01
 FCOST0 after linesearch  6.682903881526566E-004
Norm of s (s_norm) =  .3444488993909438E-01
  
  
  
Convergence check at iteration    3
  Relative cost decrease  =  9.3254E-03
  Relative model update   =  0.0000E+00
  Relative grad. norm     =  3.9136E-01
Time for LBFGS =  23.93155721028646 min
  
  
  
  
 Frequency:          11 Iteration:           4
t_global   =    491.510 s
  
 -------------- calculate Frechet derivatives -----------
 IFREQ =          11    ITERATION =           4
||Frechet||_F=  3.0635E-12max|Frechet|=  4.4463E-17
 
TIME for Frechet calc =  3.900436655680338 min
 
 
  compute the residual and the cost function
 WD_amp= 7.74765E+13  RESID_RMS= 3.65593E-02  FCOST_DATA= 6.68290E-04  FCOST0= 6.68290E-04
||Frechet||_F=  3.0635E-12max|Frechet|=  4.4463E-17
||Frechet||_F=  3.0635E-12max|Frechet|=  4.4463E-17
||Frechet||_F=  3.0635E-12max|Frechet|=  4.4463E-17
||Frechet||_F=  3.0635E-12max|Frechet|=  4.4463E-17
||Frechet||_F=  3.0635E-12max|Frechet|=  4.4463E-17
Grad block   1 GRAD_SCALED MORM =   1.5866E-03
Gradient finished
Start LBFGS 
curvature (warm): s·y=  9.7497E-07  ||s||^2=  1.1865E-03  ||y||^2=  2.0295E-08  sTy_min=  4.9071E-07
LBFGS step: g·p = -2.1112E-04  ||p||=  1.3555E+00
LBFGS step: min(p)= -1.2275E-01  max(p)=  1.1965E-01
LBFGS p_k (unscaled) stats per active parameter:
  IA=  1  PAR={rho}  min=-1.12679E+02  max= 1.09834E+02  L2= 1.24426E+03
min(p_k)= -1.2275E-01  max(p_k)=  1.1965E-01  ||p_k||=  1.3555E+00
min(p_kf)= -1.2275E-01  max(p_kf)=  1.1965E-01  ||p_kf||=  5.4219E+00
p_k/p_kf  =   2.5000E-01
Start linesearch
MT entry: phi(0)=  6.6829E-04  dg0= -2.1112E-04  alpha0=  1.0000E+00
 UPDATEPARAMETER: f-scale only
UPDATEPARAMETER PAR_STEP min/max, V_STEP min/max =  1.9100518142E+03  2.5790088260E+03
  1.9100518142E+03  2.5790088260E+03
 WD_amp= 7.74765E+13  RESID_RMS= 6.19070E-02  FCOST_DATA= 1.91624E-03  FCOST0= 1.91624E-03
  
 -------------- calculate Frechet derivatives -----------
 IFREQ =          11    ITERATION =           4
||Frechet||_F=  3.0656E-12max|Frechet|=  4.4597E-17
||Frechet||_F=  3.0656E-12max|Frechet|=  4.4597E-17
||Frechet||_F=  3.0656E-12max|Frechet|=  4.4597E-17
||Frechet||_F=  3.0656E-12max|Frechet|=  4.4597E-17
||Frechet||_F=  3.0656E-12max|Frechet|=  4.4597E-17
||Frechet||_F=  3.0656E-12max|Frechet|=  4.4597E-17
Grad block   1 GRAD_SCALED MORM =   7.0316E-03
MT try: alpha=  1.0000E+00  phi=  1.9162E-03  dg=  9.7306E-04  dg0= -2.1112E-04
MT try: armijo_rhs=  6.6827E-04  armijo=F  curvature=F  task=FG
 UPDATEPARAMETER: f-scale only
UPDATEPARAMETER PAR_STEP min/max, V_STEP min/max =  1.9141440203E+03  2.4993550246E+03
  1.9141440203E+03  2.4993550246E+03
 WD_amp= 7.74765E+13  RESID_RMS= 3.62692E-02  FCOST_DATA= 6.57729E-04  FCOST0= 6.57729E-04
  
 -------------- calculate Frechet derivatives -----------
 IFREQ =          11    ITERATION =           4
||Frechet||_F=  3.0636E-12max|Frechet|=  4.4466E-17
||Frechet||_F=  3.0636E-12max|Frechet|=  4.4466E-17
||Frechet||_F=  3.0636E-12max|Frechet|=  4.4466E-17
||Frechet||_F=  3.0636E-12max|Frechet|=  4.4466E-17
||Frechet||_F=  3.0636E-12max|Frechet|=  4.4466E-17
||Frechet||_F=  3.0636E-12max|Frechet|=  4.4466E-17
Grad block   1 GRAD_SCALED MORM =   1.5701E-03
MT try: alpha=  3.4002E-02  phi=  6.5773E-04  dg= -1.7171E-04  dg0= -2.1112E-04
MT try: armijo_rhs=  6.6829E-04  armijo=T  curvature=T  task=FG
Convergence reached, updating parameter grid
ALPHA from line search =  .3400189206304222E-01
 FCOST0 after linesearch  6.577290382268938E-004
Norm of s (s_norm) =  .4608844399411224E-01
  
  
  
  
  
Convergence check at iteration    4
  Relative cost decrease  =  1.5804E-02
  Relative model update   =  0.0000E+00
  Relative grad. norm     =  4.2916E-01
Time for LBFGS =  23.99050903320312 min
  
  
 Frequency:          11 Iteration:           5
t_global   =    491.997 s
  
 -------------- calculate Frechet derivatives -----------
 IFREQ =          11    ITERATION =           5
||Frechet||_F=  3.0636E-12max|Frechet|=  4.4466E-17
 
TIME for Frechet calc =  3.851818339029948 min
 
 
  compute the residual and the cost function
 WD_amp= 7.74765E+13  RESID_RMS= 3.62692E-02  FCOST_DATA= 6.57729E-04  FCOST0= 6.57729E-04
||Frechet||_F=  3.0636E-12max|Frechet|=  4.4466E-17
||Frechet||_F=  3.0636E-12max|Frechet|=  4.4466E-17
||Frechet||_F=  3.0636E-12max|Frechet|=  4.4466E-17
||Frechet||_F=  3.0636E-12max|Frechet|=  4.4466E-17
||Frechet||_F=  3.0636E-12max|Frechet|=  4.4466E-17
Grad block   1 GRAD_SCALED MORM =   1.5701E-03
Gradient finished
Start LBFGS 
curvature (warm): s·y=  1.3400E-06  ||s||^2=  2.1241E-03  ||y||^2=  3.2688E-08  sTy_min=  8.3327E-07
LBFGS step: g·p = -2.7914E-04  ||p||=  1.9486E+00
LBFGS step: min(p)= -1.6482E-01  max(p)=  1.6516E-01
LBFGS p_k (unscaled) stats per active parameter:
  IA=  1  PAR={rho}  min=-1.51300E+02  max= 1.51612E+02  L2= 1.78872E+03
min(p_k)= -1.6482E-01  max(p_k)=  1.6516E-01  ||p_k||=  1.9486E+00
min(p_kf)= -1.6482E-01  max(p_kf)=  1.6516E-01  ||p_kf||=  7.7943E+00
p_k/p_kf  =   2.5000E-01
Start linesearch
MT entry: phi(0)=  6.5773E-04  dg0= -2.7914E-04  alpha0=  1.0000E+00
 UPDATEPARAMETER: f-scale only
UPDATEPARAMETER PAR_STEP min/max, V_STEP min/max =  1.9066886153E+03  2.6193684629E+03
  1.9066886153E+03  2.6193684629E+03
 WD_amp= 7.74765E+13  RESID_RMS= 8.49468E-02  FCOST_DATA= 3.60798E-03  FCOST0= 3.60798E-03
  
 -------------- calculate Frechet derivatives -----------
 IFREQ =          11    ITERATION =           5
||Frechet||_F=  3.0653E-12max|Frechet|=  4.4467E-17
||Frechet||_F=  3.0653E-12max|Frechet|=  4.4467E-17
||Frechet||_F=  3.0653E-12max|Frechet|=  4.4467E-17
||Frechet||_F=  3.0653E-12max|Frechet|=  4.4467E-17
||Frechet||_F=  3.0653E-12max|Frechet|=  4.4467E-17
||Frechet||_F=  3.0653E-12max|Frechet|=  4.4467E-17
Grad block   1 GRAD_SCALED MORM =   8.1091E-03
MT try: alpha=  1.0000E+00  phi=  3.6080E-03  dg=  1.9666E-03  dg0= -2.7914E-04
MT try: armijo_rhs=  6.5770E-04  armijo=F  curvature=F  task=FG
 UPDATEPARAMETER: f-scale only
UPDATEPARAMETER PAR_STEP min/max, V_STEP min/max =  1.9140019085E+03  2.5001727979E+03
  1.9140019085E+03  2.5001727979E+03
 WD_amp= 7.74765E+13  RESID_RMS= 3.61215E-02  FCOST_DATA= 6.52383E-04  FCOST0= 6.52383E-04
  
 -------------- calculate Frechet derivatives -----------
 IFREQ =          11    ITERATION =           5
||Frechet||_F=  3.0636E-12max|Frechet|=  4.4465E-17
||Frechet||_F=  3.0636E-12max|Frechet|=  4.4465E-17
||Frechet||_F=  3.0636E-12max|Frechet|=  4.4465E-17
||Frechet||_F=  3.0636E-12max|Frechet|=  4.4465E-17
||Frechet||_F=  3.0636E-12max|Frechet|=  4.4465E-17
||Frechet||_F=  3.0636E-12max|Frechet|=  4.4465E-17
Grad block   1 GRAD_SCALED MORM =   1.5380E-03
MT try: alpha=  1.9062E-02  phi=  6.5238E-04  dg= -2.3726E-04  dg0= -2.7914E-04
MT try: armijo_rhs=  6.5773E-04  armijo=T  curvature=T  task=FG
  
Convergence reached, updating parameter grid
ALPHA from line search =  .1906158310234020E-01
 FCOST0 after linesearch  6.523827865820330E-004
Norm of s (s_norm) =  .3714308868306036E-01
  
  
  
  
Convergence check at iteration    5
  Relative cost decrease  =  8.1283E-03
  Relative model update   =  0.0000E+00
  Relative grad. norm     =  3.7342E-01
Time for LBFGS =  24.03123575846354 min
  
  
 Frequency:          11 Iteration:           6
t_global   =    500.477 s
  
 -------------- calculate Frechet derivatives -----------
 IFREQ =          11    ITERATION =           6
||Frechet||_F=  3.0636E-12max|Frechet|=  4.4465E-17
||Frechet||_F=  3.0636E-12max|Frechet|=  4.4465E-17
||Frechet||_F=  3.0636E-12max|Frechet|=  4.4465E-17
 
TIME for Frechet calc =  3.832188415527344 min
 
 
  compute the residual and the cost function
 WD_amp= 7.74765E+13  RESID_RMS= 3.61215E-02  FCOST_DATA= 6.52383E-04  FCOST0= 6.52383E-04
||Frechet||_F=  3.0636E-12max|Frechet|=  4.4465E-17
||Frechet||_F=  3.0636E-12max|Frechet|=  4.4465E-17
||Frechet||_F=  3.0636E-12max|Frechet|=  4.4465E-17
Grad block   1 GRAD_SCALED MORM =   1.5380E-03
Gradient finished
Start LBFGS 
curvature (warm): s·y=  7.9822E-07  ||s||^2=  1.3796E-03  ||y||^2=  1.4969E-08  sTy_min=  4.5444E-07
LBFGS step: g·p = -2.2132E-04  ||p||=  1.7063E+00
LBFGS step: min(p)= -1.3263E-01  max(p)=  1.3009E-01
LBFGS p_k (unscaled) stats per active parameter:
  IA=  1  PAR={rho}  min=-1.21749E+02  max= 1.19419E+02  L2= 1.56628E+03
min(p_k)= -1.3263E-01  max(p_k)=  1.3009E-01  ||p_k||=  1.7063E+00
min(p_kf)= -1.3263E-01  max(p_kf)=  1.3009E-01  ||p_kf||=  6.8251E+00
p_k/p_kf  =   2.5000E-01
Start linesearch
MT entry: phi(0)=  6.5238E-04  dg0= -2.2132E-04  alpha0=  1.0000E+00
 UPDATEPARAMETER: f-scale only
UPDATEPARAMETER PAR_STEP min/max, V_STEP min/max =  1.9065784275E+03  2.5944150987E+03
  1.9065784275E+03  2.5944150987E+03
 WD_amp= 7.74765E+13  RESID_RMS= 6.20522E-02  FCOST_DATA= 1.92524E-03  FCOST0= 1.92524E-03
  
 -------------- calculate Frechet derivatives -----------
 IFREQ =          11    ITERATION =           6
||Frechet||_F=  3.0662E-12max|Frechet|=  4.4527E-17
||Frechet||_F=  3.0662E-12max|Frechet|=  4.4527E-17
||Frechet||_F=  3.0662E-12max|Frechet|=  4.4527E-17
||Frechet||_F=  3.0662E-12max|Frechet|=  4.4527E-17
||Frechet||_F=  3.0662E-12max|Frechet|=  4.4527E-17
||Frechet||_F=  3.0662E-12max|Frechet|=  4.4527E-17
Grad block   1 GRAD_SCALED MORM =   4.7491E-03
MT try: alpha=  1.0000E+00  phi=  1.9252E-03  dg=  7.0322E-04  dg0= -2.2132E-04
MT try: armijo_rhs=  6.5236E-04  armijo=F  curvature=F  task=FG
 UPDATEPARAMETER: f-scale only
UPDATEPARAMETER PAR_STEP min/max, V_STEP min/max =  1.9137644143E+03  2.5015950707E+03
  1.9137644143E+03  2.5015950707E+03
 WD_amp= 7.74765E+13  RESID_RMS= 3.58125E-02  FCOST_DATA= 6.41269E-04  FCOST0= 6.41269E-04
  
 -------------- calculate Frechet derivatives -----------
 IFREQ =          11    ITERATION =           6
||Frechet||_F=  3.0637E-12max|Frechet|=  4.4467E-17
||Frechet||_F=  3.0637E-12max|Frechet|=  4.4467E-17
||Frechet||_F=  3.0637E-12max|Frechet|=  4.4467E-17
||Frechet||_F=  3.0637E-12max|Frechet|=  4.4467E-17
||Frechet||_F=  3.0637E-12max|Frechet|=  4.4467E-17
||Frechet||_F=  3.0637E-12max|Frechet|=  4.4467E-17
Grad block   1 GRAD_SCALED MORM =   1.5014E-03
MT try: alpha=  3.1992E-02  phi=  6.4127E-04  dg= -1.9199E-04  dg0= -2.2132E-04
MT try: armijo_rhs=  6.5238E-04  armijo=T  curvature=T  task=FG
  
Convergence reached, updating parameter grid
ALPHA from line search =  .3199230255802086E-01
 FCOST0 after linesearch  6.412685228082608E-004
Norm of s (s_norm) =  .5458730801459339E-01
  
  
  
  
Convergence check at iteration    6
  Relative cost decrease  =  1.7036E-02
  Relative model update   =  0.0000E+00
  Relative grad. norm     =  3.5950E-01
Time for LBFGS =  23.87612508138021 min
  
  
 Frequency:          11 Iteration:           7
t_global   =    495.532 s
  
 -------------- calculate Frechet derivatives -----------
 IFREQ =          11    ITERATION =           7
||Frechet||_F=  3.0637E-12max|Frechet|=  4.4467E-17
 
TIME for Frechet calc =  3.892180124918620 min
 
 
  compute the residual and the cost function
 WD_amp= 7.74765E+13  RESID_RMS= 3.58125E-02  FCOST_DATA= 6.41269E-04  FCOST0= 6.41269E-04
||Frechet||_F=  3.0637E-12max|Frechet|=  4.4467E-17
||Frechet||_F=  3.0637E-12max|Frechet|=  4.4467E-17
||Frechet||_F=  3.0637E-12max|Frechet|=  4.4467E-17
||Frechet||_F=  3.0637E-12max|Frechet|=  4.4467E-17
||Frechet||_F=  3.0637E-12max|Frechet|=  4.4467E-17
Grad block   1 GRAD_SCALED MORM =   1.5014E-03
Gradient finished
Start LBFGS 
curvature (full): s·y=  9.3841E-07  ||s||^2=  2.9798E-03  ||y||^2=  1.0844E-08  sTy_min=  5.6844E-07
 
LBFGS step(full): g·p = -2.3294E-04  ||p||=  1.9465E+00
LBFGS step(full): min(p)= -1.2996E-01  max(p)=  1.4668E-01
LBFGS p_k (unscaled) stats per active parameter:
  IA=  1  PAR={rho}  min=-1.19294E+02  max= 1.34643E+02  L2= 1.78682E+03
min(p_k)= -1.2996E-01  max(p_k)=  1.4668E-01  ||p_k||=  1.9465E+00
min(p_kf)= -1.2996E-01  max(p_kf)=  1.4668E-01  ||p_kf||=  7.7861E+00
p_k/p_kf  =   2.5000E-01
Start linesearch
MT entry: phi(0)=  6.4127E-04  dg0= -2.3294E-04  alpha0=  1.0000E+00
 UPDATEPARAMETER: f-scale only
UPDATEPARAMETER PAR_STEP min/max, V_STEP min/max =  1.9036799170E+03  2.6103318826E+03
  1.9036799170E+03  2.6103318826E+03
 WD_amp= 7.74765E+13  RESID_RMS= 6.59624E-02  FCOST_DATA= 2.17552E-03  FCOST0= 2.17552E-03
  
 -------------- calculate Frechet derivatives -----------
 IFREQ =          11    ITERATION =           7
||Frechet||_F=  3.0657E-12max|Frechet|=  4.4359E-17
||Frechet||_F=  3.0657E-12max|Frechet|=  4.4359E-17
||Frechet||_F=  3.0657E-12max|Frechet|=  4.4359E-17
||Frechet||_F=  3.0657E-12max|Frechet|=  4.4359E-17
||Frechet||_F=  3.0657E-12max|Frechet|=  4.4359E-17
||Frechet||_F=  3.0657E-12max|Frechet|=  4.4359E-17
Grad block   1 GRAD_SCALED MORM =   5.1527E-03
MT try: alpha=  1.0000E+00  phi=  2.1755E-03  dg=  7.7914E-04  dg0= -2.3294E-04
MT try: armijo_rhs=  6.4125E-04  armijo=F  curvature=F  task=FG
 UPDATEPARAMETER: f-scale only
UPDATEPARAMETER PAR_STEP min/max, V_STEP min/max =  1.9134837027E+03  2.5033014158E+03
  1.9134837027E+03  2.5033014158E+03
 WD_amp= 7.74765E+13  RESID_RMS= 3.55823E-02  FCOST_DATA= 6.33049E-04  FCOST0= 6.33049E-04
  
 -------------- calculate Frechet derivatives -----------
 IFREQ =          11    ITERATION =           7
||Frechet||_F=  3.0637E-12max|Frechet|=  4.4464E-17
||Frechet||_F=  3.0637E-12max|Frechet|=  4.4464E-17
||Frechet||_F=  3.0637E-12max|Frechet|=  4.4464E-17
||Frechet||_F=  3.0637E-12max|Frechet|=  4.4464E-17
||Frechet||_F=  3.0637E-12max|Frechet|=  4.4464E-17
||Frechet||_F=  3.0637E-12max|Frechet|=  4.4464E-17
Grad block   1 GRAD_SCALED MORM =   1.4586E-03
MT try: alpha=  2.7836E-02  phi=  6.3305E-04  dg= -2.0500E-04  dg0= -2.3294E-04
MT try: armijo_rhs=  6.4127E-04  armijo=T  curvature=T  task=FG
Convergence reached, updating parameter grid
ALPHA from line search =  .2783594784646599E-01
 FCOST0 after linesearch  6.330489628084860E-004
Norm of s (s_norm) =  .5418305349967936E-01
  
  
  
  
  
Convergence check at iteration    7
  Relative cost decrease  =  1.2818E-02
  Relative model update   =  0.0000E+00
  Relative grad. norm     =  3.0794E-01
Time for LBFGS =  24.26372273763021 min
  
Data weighting computed for frequency 4607182418800017373
Data weighting computed for frequency 4607182418800017373
Data weighting computed for frequency 4607182418800017373
 --------- Frequency   7.40000000000000       (band            1 )
[ComputeAcqWeight] empty acq_weight_file, using uniform weights = 1.0
Data weighting computed for frequency 4607182418800017373
Data weighting computed for frequency 4607182418800017373
XSRmin, XSRmax, ZSRmin, ZSRMax -1960.000000000000 .000000000000000 2203.000000000000 4183.000000000000
1 FKYC
1.2 FKYC
my_rank, FKYC,WLMAX, RMAX 0 .6064639731277687E-01 692.2674047084824 2786.036611389018
Data weighting computed for frequency 4607182418800017373
1.1 NK
NK in cky2= 88

  Number of wavenumber samples (NK) for FREQ =   88
  RMAX = 2786.04
--- Pre-solver preview (memory + RHS workload) ---
   GQG dims: NNX=       609  NNZ=       329  NPT=    200361
   DOF:     N=3*NPT =    601083
   Sources: NSR=       100  NSS=        20  NK=        88
   RHS total (per IK): nrhs_tot=3*NSS =        60
   Batch:    MAX_RHS_BATCH=        32  nbatches=         2
   GFMY  (GFX+GFY+GFZ):         23.646 GB
   RHS_MY(rhs+sol buffers):      0.573 GB
 
 running run_ik_loop_pardiso
before CA | VmRSS=  25.359 GB  VmHWM= 117.112 GB
after CA | VmRSS=  26.392 GB  VmHWM= 117.112 GB
after factor | VmRSS=  30.430 GB  VmHWM= 117.112 GB
f=     7.400 Hz | ky=  0.689164E-03 | IK=       1/      88 | t=   18.353200 s | CA=  2.6479 | fact= 13.6866 | GF=  2.0185 | solve=  1.8556 | scatter=  0.0536
f=     7.400 Hz | ky=  0.137833E-02 | IK=       2/      88 | t=    7.142900 s | CA=  2.6604 | fact=  2.5720 | GF=  1.9104 | solve=  1.7814 | scatter=  0.0523
f=     7.400 Hz | ky=  0.206749E-02 | IK=       3/      88 | t=    7.208200 s | CA=  2.7118 | fact=  2.5850 | GF=  1.9113 | solve=  1.7814 | scatter=  0.0535
f=     7.400 Hz | ky=  0.275665E-02 | IK=       4/      88 | t=    7.123700 s | CA=  2.6374 | fact=  2.5755 | GF=  1.9107 | solve=  1.7808 | scatter=  0.0534
f=     7.400 Hz | ky=  0.344582E-02 | IK=       5/      88 | t=    7.155400 s | CA=  2.6629 | fact=  2.5764 | GF=  1.9161 | solve=  1.7824 | scatter=  0.0571
f=     7.400 Hz | ky=  0.413498E-02 | IK=       6/      88 | t=    7.187400 s | CA=  2.6912 | fact=  2.5822 | GF=  1.9140 | solve=  1.7807 | scatter=  0.0568
f=     7.400 Hz | ky=  0.482415E-02 | IK=       7/      88 | t=    7.151300 s | CA=  2.6602 | fact=  2.5808 | GF=  1.9103 | solve=  1.7804 | scatter=  0.0535
f=     7.400 Hz | ky=  0.551331E-02 | IK=       8/      88 | t=    7.149200 s | CA=  2.6613 | fact=  2.5729 | GF=  1.9149 | solve=  1.7818 | scatter=  0.0567
f=     7.400 Hz | ky=  0.620247E-02 | IK=       9/      88 | t=    7.181400 s | CA=  2.6846 | fact=  2.5799 | GF=  1.9169 | solve=  1.7873 | scatter=  0.0529
f=     7.400 Hz | ky=  0.689164E-02 | IK=      10/      88 | t=    7.171900 s | CA=  2.6714 | fact=  2.5844 | GF=  1.9161 | solve=  1.7855 | scatter=  0.0541
f=     7.400 Hz | ky=  0.758080E-02 | IK=      11/      88 | t=    7.172300 s | CA=  2.6709 | fact=  2.5839 | GF=  1.9175 | solve=  1.7847 | scatter=  0.0563
f=     7.400 Hz | ky=  0.826996E-02 | IK=      12/      88 | t=    7.171400 s | CA=  2.6747 | fact=  2.5861 | GF=  1.9105 | solve=  1.7805 | scatter=  0.0536
f=     7.400 Hz | ky=  0.895913E-02 | IK=      13/      88 | t=    7.131500 s | CA=  2.6638 | fact=  2.5533 | GF=  1.9144 | solve=  1.7816 | scatter=  0.0546
f=     7.400 Hz | ky=  0.964829E-02 | IK=      14/      88 | t=    7.173700 s | CA=  2.6766 | fact=  2.5825 | GF=  1.9146 | solve=  1.7828 | scatter=  0.0553
f=     7.400 Hz | ky=  0.103375E-01 | IK=      15/      88 | t=    7.122700 s | CA=  2.6311 | fact=  2.5777 | GF=  1.9138 | solve=  1.7822 | scatter=  0.0547
PARDISO mem (f=  7.40 Hz): sym=  2.09 GB  perm=  1.52 GB  num=  3.46 GB  
peak=  4.98 GB
t_global   =    185.183 s
TIME for 1st forward modeling =  3.086244964599609  min
TIME for GT0 =  .8910000324249268E-02  min
Data scaler W for L2 norm: 81236460573936.48
Data scaler W for WQS norm: .1007948000807317E-312
Total number of active inversion parameters for current sequential stage (IM):          1
Total model blocks points (NM = IM * NBLOCK):      12464 on grid (NMM = IM * NPT):    200361
 Gradient balance ():   1.00000000000000        1.00000000000000     
   1.00000000000000        1.00000000000000        1.00000000000000     
   1.00000000000000        1.00000000000000        1.00000000000000     
   1.00000000000000        1.00000000000000        1.00000000000000     
 IE0, IZ          33           0
 IE0, IZ, GZ1, GZ2 =           33           0   100.000000000000     
   300.000000000000     
  
 Frequency:          12 Iteration:           1
--- Pre-solver preview (memory + RHS workload) ---
   GQG dims: NNX=       609  NNZ=       329  NPT=    200361
   DOF:     N=3*NPT =    601083
   Sources: NSR=       100  NSS=       100  NK=        88
   RHS total (per IK): nrhs_tot=3*NSS =       300
   Batch:    MAX_RHS_BATCH=        32  nbatches=        10
   GFMY  (GFX+GFY+GFZ):        118.230 GB
   RHS_MY(rhs+sol buffers):      0.573 GB
 
 running run_ik_loop_pardiso
before CA | VmRSS= 120.848 GB  VmHWM= 120.848 GB
after CA | VmRSS= 122.219 GB  VmHWM= 126.906 GB
after factor | VmRSS= 126.260 GB  VmHWM= 126.906 GB
f=     7.400 Hz | ky=  0.689164E-03 | IK=       1/      88 | t=   25.768400 s | CA=  2.6499 | fact= 13.6748 | GF=  9.4435 | solve=  8.7624 | scatter=  0.2582
f=     7.400 Hz | ky=  0.137833E-02 | IK=       2/      88 | t=   14.647200 s | CA=  2.7170 | fact=  2.5730 | GF=  9.3572 | solve=  8.7010 | scatter=  0.2650
f=     7.400 Hz | ky=  0.206749E-02 | IK=       3/      88 | t=   14.633800 s | CA=  2.7243 | fact=  2.5759 | GF=  9.3336 | solve=  8.6826 | scatter=  0.2605
f=     7.400 Hz | ky=  0.275665E-02 | IK=       4/      88 | t=   14.612300 s | CA=  2.6905 | fact=  2.5777 | GF=  9.3441 | solve=  8.6882 | scatter=  0.2648
f=     7.400 Hz | ky=  0.344582E-02 | IK=       5/      88 | t=   14.362200 s | CA=  2.6625 | fact=  2.5845 | GF=  9.1152 | solve=  8.4651 | scatter=  0.2591
f=     7.400 Hz | ky=  0.413498E-02 | IK=       6/      88 | t=   14.065200 s | CA=  2.6244 | fact=  2.5963 | GF=  8.8444 | solve=  8.1907 | scatter=  0.2615
f=     7.400 Hz | ky=  0.482415E-02 | IK=       7/      88 | t=   14.020200 s | CA=  2.7152 | fact=  2.5498 | GF=  8.7551 | solve=  8.1057 | scatter=  0.2581
f=     7.400 Hz | ky=  0.551331E-02 | IK=       8/      88 | t=   14.043600 s | CA=  2.6435 | fact=  2.6255 | GF=  8.7746 | solve=  8.1210 | scatter=  0.2619
f=     7.400 Hz | ky=  0.620247E-02 | IK=       9/      88 | t=   14.027000 s | CA=  2.6565 | fact=  2.5933 | GF=  8.7771 | solve=  8.1213 | scatter=  0.2651
f=     7.400 Hz | ky=  0.689164E-02 | IK=      10/      88 | t=   14.047300 s | CA=  2.6561 | fact=  2.6142 | GF=  8.7769 | solve=  8.1238 | scatter=  0.2623
f=     7.400 Hz | ky=  0.758080E-02 | IK=      11/      88 | t=   14.083000 s | CA=  2.6829 | fact=  2.6279 | GF=  8.7722 | solve=  8.1241 | scatter=  0.2570
f=     7.400 Hz | ky=  0.826996E-02 | IK=      12/      88 | t=   14.133800 s | CA=  2.7380 | fact=  2.6254 | GF=  8.7703 | solve=  8.1166 | scatter=  0.2616
f=     7.400 Hz | ky=  0.895913E-02 | IK=      13/      88 | t=   14.052900 s | CA=  2.6642 | fact=  2.6108 | GF=  8.7778 | solve=  8.1247 | scatter=  0.2621
f=     7.400 Hz | ky=  0.964829E-02 | IK=      14/      88 | t=   14.130800 s | CA=  2.7161 | fact=  2.6324 | GF=  8.7823 | solve=  8.1307 | scatter=  0.2600
f=     7.400 Hz | ky=  0.103375E-01 | IK=      15/      88 | t=   14.079900 s | CA=  2.6676 | fact=  2.6307 | GF=  8.7816 | solve=  8.1300 | scatter=  0.2603
PARDISO mem (f=  7.40 Hz): sym=  2.09 GB  perm=  1.52 GB  num=  3.46 GB  
peak=  4.98 GB
t_global   =    572.552 s
TIME for 2d forward modeling_i calc =  9.541885375976562 min
Rank    2 -> ID range:   1601 to   2400 | Tasks:    800
Rank    4 -> ID range:   3201 to   4000 | Tasks:    800
Rank    1 -> ID range:    801 to   1600 | Tasks:    800
Rank    5 -> ID range:   4001 to   4800 | Tasks:    800
Rank    3 -> ID range:   2401 to   3200 | Tasks:    800
  
 -------------- calculate Frechet derivatives -----------
 IFREQ =          12    ITERATION =           1
Frechet memory size Frec_my:      0.891 (Gb)
Rank    0 -> ID range:      1 to    800 | Tasks:    800
FREQ:      7.4 Hz, ITER=       1  Frechet Derivative ID=     100/    4800 Finished   0.307200 s
FREQ:      7.4 Hz, ITER=       1  Frechet Derivative ID=     200/    4800 Finished   0.296500 s
FREQ:      7.4 Hz, ITER=       1  Frechet Derivative ID=     300/    4800 Finished   0.294300 s
FREQ:      7.4 Hz, ITER=       1  Frechet Derivative ID=     400/    4800 Finished   0.272900 s
FREQ:      7.4 Hz, ITER=       1  Frechet Derivative ID=     500/    4800 Finished   0.355300 s
FREQ:      7.4 Hz, ITER=       1  Frechet Derivative ID=     600/    4800 Finished   0.309100 s
FREQ:      7.4 Hz, ITER=       1  Frechet Derivative ID=     700/    4800 Finished   0.301900 s
FREQ:      7.4 Hz, ITER=       1  Frechet Derivative ID=     800/    4800 Finished   0.285200 s
||Frechet||_F=  3.0357E-12max|Frechet|=  4.5559E-17
||Frechet||_F=  3.0357E-12max|Frechet|=  4.5559E-17
||Frechet||_F=  3.0357E-12max|Frechet|=  4.5559E-17
 
TIME for Frechet calc =  4.718038431803385 min
 
m_fine: min=  1.9135E+03  max=  2.5033E+03  mean=  2.2201E+03  ||.||2=  9.9537E+05  size=  200361
m_coarse_prev: min=  1.9198E+03  max=  2.4882E+03  mean=  2.2203E+03  ||.||2=  2.4828E+05  size=   12464
 
  compute the residual and the cost function
 WD_amp= 8.12365E+13  RESID_RMS= 3.86152E-02  FCOST_DATA= 7.45565E-04  FCOST0= 7.45565E-04
||Frechet||_F=  3.0357E-12max|Frechet|=  4.5559E-17
||Frechet||_F=  3.0357E-12max|Frechet|=  4.5559E-17
||Frechet||_F=  3.0357E-12max|Frechet|=  4.5559E-17
IA=  1  H(single F0) min= 0.00000E+00  max= 4.81431E-02
IA=  1  H(F0^2)     min= 0.00000E+00  max= 4.81431E-02
HESSD: ia=   1  min= 0.00000E+00  max= 4.15247E+03
IA=  1  H(single F0) min= 0.00000E+00  max= 4.81431E-02
IA=  1  H(F0^2)     min= 0.00000E+00  max= 4.81431E-02
HESSD: ia=   1  min= 0.00000E+00  max= 4.15247E+03
IA=  1  H(single F0) min= 0.00000E+00  max= 4.81431E-02
IA=  1  H(F0^2)     min= 0.00000E+00  max= 4.81431E-02
HESSD: ia=   1  min= 0.00000E+00  max= 4.15247E+03
IA=  1  H(single F0) min= 0.00000E+00  max= 4.81431E-02
IA=  1  H(F0^2)     min= 0.00000E+00  max= 4.81431E-02
HESSD: ia=   1  min= 0.00000E+00  max= 4.15247E+03
IA=  1  H(single F0) min= 0.00000E+00  max= 4.81431E-02
IA=  1  H(F0^2)     min= 0.00000E+00  max= 4.81431E-02
HESSD: ia=   1  min= 0.00000E+00  max= 4.15247E+03
IA=  1  H(single F0) min= 0.00000E+00  max= 4.81431E-02
IA=  1  H(F0^2)     min= 0.00000E+00  max= 4.81431E-02
HESSD: ia=   1  min= 0.00000E+00  max= 4.15247E+03
Grad block   1 GRAD_SCALED MORM =   2.2710E-03
Raw grad block  1  PAR={rho}  min= -4.4518E-07  max=  2.7364E-07  L2=  2.7002E-06
Gradient finished
Start LBFGS 
LBFGS steepest step , iter=      1
  g·p = -3.8595E-04  ||p|| =  6.0282E-01
  min(p)= -7.0096E-02  max(p)=  2.0282E-02
LBFGS p_k (unscaled) stats per active parameter:
  IA=  1  PAR={rho}  min=-6.43447E+01  max= 1.86183E+01  L2= 5.53359E+02
min(p_k)= -7.0096E-02  max(p_k)=  2.0282E-02  ||p_k||=  6.0282E-01
min(p_kf)= -7.0096E-02  max(p_kf)=  2.0282E-02  ||p_kf||=  2.4113E+00
p_k/p_kf  =   2.5000E-01
Start linesearch
BT entry: phi(0)=  7.4557E-04  g·p(0)= -3.8595E-04
 UPDATEPARAMETER: f-scale only
UPDATEPARAMETER PAR_STEP min/max, V_STEP min/max =  1.9148200680E+03  2.4870680820E+03
  1.9148200680E+03  2.4870680820E+03
REL STEP elastic: k=  1 row=  1 rmax_k=  2.6934E-02 row_scale=  2.5033E+03
BT cap probe: rmax1=  2.6934E-02  alpha_cap=  1.0000E+00  alpha00=  1.0000E+00
 UPDATEPARAMETER: f-scale only
UPDATEPARAMETER PAR_STEP min/max, V_STEP min/max =  1.9148200680E+03  2.4870680820E+03
  1.9148200680E+03  2.4870680820E+03
 running run_ik_loop_pardiso
before CA | VmRSS=  26.277 GB  VmHWM= 131.660 GB
after CA | VmRSS=  28.050 GB  VmHWM= 131.660 GB
after factor | VmRSS=  32.088 GB  VmHWM= 131.660 GB
f=     7.400 Hz | ky=  0.689164E-03 | IK=       1/      88 | t=   18.336200 s | CA=  2.6381 | fact= 13.6872 | GF=  2.0106 | solve=  1.8482 | scatter=  0.0537
f=     7.400 Hz | ky=  0.137833E-02 | IK=       2/      88 | t=    7.182500 s | CA=  2.6819 | fact=  2.5858 | GF=  1.9147 | solve=  1.7817 | scatter=  0.0566
f=     7.400 Hz | ky=  0.206749E-02 | IK=       3/      88 | t=    7.174100 s | CA=  2.7238 | fact=  2.5366 | GF=  1.9137 | solve=  1.7840 | scatter=  0.0529
f=     7.400 Hz | ky=  0.275665E-02 | IK=       4/      88 | t=    7.127100 s | CA=  2.6423 | fact=  2.5768 | GF=  1.9080 | solve=  1.7790 | scatter=  0.0525
f=     7.400 Hz | ky=  0.344582E-02 | IK=       5/      88 | t=    7.204700 s | CA=  2.7093 | fact=  2.5910 | GF=  1.9044 | solve=  1.7754 | scatter=  0.0526
f=     7.400 Hz | ky=  0.413498E-02 | IK=       6/      88 | t=    7.282100 s | CA=  2.7941 | fact=  2.5812 | GF=  1.9067 | solve=  1.7769 | scatter=  0.0534
f=     7.400 Hz | ky=  0.482415E-02 | IK=       7/      88 | t=    7.211500 s | CA=  2.7207 | fact=  2.5800 | GF=  1.9108 | solve=  1.7806 | scatter=  0.0536
f=     7.400 Hz | ky=  0.551331E-02 | IK=       8/      88 | t=    7.197400 s | CA=  2.7009 | fact=  2.5922 | GF=  1.9043 | solve=  1.7747 | scatter=  0.0531
f=     7.400 Hz | ky=  0.620247E-02 | IK=       9/      88 | t=    7.123300 s | CA=  2.6695 | fact=  2.5451 | GF=  1.9086 | solve=  1.7798 | scatter=  0.0522
f=     7.400 Hz | ky=  0.689164E-02 | IK=      10/      88 | t=    7.158300 s | CA=  2.6594 | fact=  2.5854 | GF=  1.9135 | solve=  1.7845 | scatter=  0.0527
f=     7.400 Hz | ky=  0.758080E-02 | IK=      11/      88 | t=    7.151300 s | CA=  2.6885 | fact=  2.5834 | GF=  1.8793 | solve=  1.7460 | scatter=  0.0565
f=     7.400 Hz | ky=  0.826996E-02 | IK=      12/      88 | t=    7.141600 s | CA=  2.7030 | fact=  2.5885 | GF=  1.8500 | solve=  1.7202 | scatter=  0.0534
f=     7.400 Hz | ky=  0.895913E-02 | IK=      13/      88 | t=    7.137200 s | CA=  2.6893 | fact=  2.6076 | GF=  1.8403 | solve=  1.7064 | scatter=  0.0574
f=     7.400 Hz | ky=  0.964829E-02 | IK=      14/      88 | t=    7.137500 s | CA=  2.6992 | fact=  2.6061 | GF=  1.8322 | solve=  1.7028 | scatter=  0.0527
f=     7.400 Hz | ky=  0.103375E-01 | IK=      15/      88 | t=    7.166400 s | CA=  2.7226 | fact=  2.6116 | GF=  1.8322 | solve=  1.7023 | scatter=  0.0534
PARDISO mem (f=  7.40 Hz): sym=  2.09 GB  perm=  1.52 GB  num=  3.46 GB  
peak=  4.98 GB
 WD_amp= 8.12365E+13  RESID_RMS= 8.92195E-02  FCOST_DATA= 3.98006E-03  FCOST0= 3.98006E-03
BT: alpha=  1.0000E+00  phi=  3.9801E-03  rhs=  7.4553E-04
 UPDATEPARAMETER: f-scale only
UPDATEPARAMETER PAR_STEP min/max, V_STEP min/max =  1.9141518854E+03  2.4906742877E+03
  1.9141518854E+03  2.4906742877E+03
 running run_ik_loop_pardiso
before CA | VmRSS=  26.784 GB  VmHWM= 131.660 GB
after CA | VmRSS=  26.951 GB  VmHWM= 131.660 GB
after factor | VmRSS=  30.993 GB  VmHWM= 131.660 GB
f=     7.400 Hz | ky=  0.689164E-03 | IK=       1/      88 | t=   18.362600 s | CA=  2.6771 | fact= 13.6689 | GF=  2.0164 | solve=  1.8532 | scatter=  0.0544
f=     7.400 Hz | ky=  0.137833E-02 | IK=       2/      88 | t=    7.128900 s | CA=  2.6475 | fact=  2.5793 | GF=  1.9021 | solve=  1.7720 | scatter=  0.0538
f=     7.400 Hz | ky=  0.206749E-02 | IK=       3/      88 | t=    7.143700 s | CA=  2.6533 | fact=  2.5849 | GF=  1.9054 | solve=  1.7761 | scatter=  0.0529
f=     7.400 Hz | ky=  0.275665E-02 | IK=       4/      88 | t=    7.206600 s | CA=  2.7164 | fact=  2.5803 | GF=  1.9099 | solve=  1.7801 | scatter=  0.0534
f=     7.400 Hz | ky=  0.344582E-02 | IK=       5/      88 | t=    7.175600 s | CA=  2.6804 | fact=  2.5855 | GF=  1.9097 | solve=  1.7756 | scatter=  0.0575
f=     7.400 Hz | ky=  0.413498E-02 | IK=       6/      88 | t=    7.199400 s | CA=  2.7106 | fact=  2.5809 | GF=  1.9078 | solve=  1.7775 | scatter=  0.0539
f=     7.400 Hz | ky=  0.482415E-02 | IK=       7/      88 | t=    7.172500 s | CA=  2.6820 | fact=  2.5769 | GF=  1.9135 | solve=  1.7835 | scatter=  0.0534
f=     7.400 Hz | ky=  0.551331E-02 | IK=       8/      88 | t=    7.202600 s | CA=  2.7024 | fact=  2.5847 | GF=  1.9154 | solve=  1.7837 | scatter=  0.0552
f=     7.400 Hz | ky=  0.620247E-02 | IK=       9/      88 | t=    7.163500 s | CA=  2.6673 | fact=  2.5865 | GF=  1.9096 | solve=  1.7785 | scatter=  0.0544
f=     7.400 Hz | ky=  0.689164E-02 | IK=      10/      88 | t=    7.191600 s | CA=  2.7338 | fact=  2.5474 | GF=  1.9104 | solve=  1.7777 | scatter=  0.0562
f=     7.400 Hz | ky=  0.758080E-02 | IK=      11/      88 | t=    7.186000 s | CA=  2.6788 | fact=  2.5923 | GF=  1.9148 | solve=  1.7823 | scatter=  0.0559
f=     7.400 Hz | ky=  0.826996E-02 | IK=      12/      88 | t=    7.176300 s | CA=  2.6873 | fact=  2.5770 | GF=  1.9119 | solve=  1.7780 | scatter=  0.0574
f=     7.400 Hz | ky=  0.895913E-02 | IK=      13/      88 | t=    7.166700 s | CA=  2.6713 | fact=  2.5878 | GF=  1.9075 | solve=  1.7770 | scatter=  0.0539
f=     7.400 Hz | ky=  0.964829E-02 | IK=      14/      88 | t=    7.170100 s | CA=  2.6695 | fact=  2.5883 | GF=  1.9123 | solve=  1.7793 | scatter=  0.0566
f=     7.400 Hz | ky=  0.103375E-01 | IK=      15/      88 | t=    7.165200 s | CA=  2.6758 | fact=  2.5690 | GF=  1.9203 | solve=  1.7883 | scatter=  0.0552
PARDISO mem (f=  7.40 Hz): sym=  2.09 GB  perm=  1.52 GB  num=  3.46 GB  
peak=  4.98 GB
 WD_amp= 8.12365E+13  RESID_RMS= 5.17359E-02  FCOST_DATA= 1.33830E-03  FCOST0= 1.33830E-03
BT: alpha=  5.0000E-01  phi=  1.3383E-03  rhs=  7.4555E-04
 UPDATEPARAMETER: f-scale only
UPDATEPARAMETER PAR_STEP min/max, V_STEP min/max =  1.9138177940E+03  2.4956125288E+03
  1.9138177940E+03  2.4956125288E+03
 running run_ik_loop_pardiso
before CA | VmRSS=  26.283 GB  VmHWM= 131.660 GB
after CA | VmRSS=  27.859 GB  VmHWM= 131.660 GB
after factor | VmRSS=  31.899 GB  VmHWM= 131.660 GB
f=     7.400 Hz | ky=  0.689164E-03 | IK=       1/      88 | t=   18.353500 s | CA=  2.6883 | fact= 13.6448 | GF=  2.0202 | solve=  1.8566 | scatter=  0.0549
f=     7.400 Hz | ky=  0.137833E-02 | IK=       2/      88 | t=    7.161600 s | CA=  2.6753 | fact=  2.5780 | GF=  1.9082 | solve=  1.7792 | scatter=  0.0523
f=     7.400 Hz | ky=  0.206749E-02 | IK=       3/      88 | t=    7.176600 s | CA=  2.6907 | fact=  2.5785 | GF=  1.9073 | solve=  1.7784 | scatter=  0.0523
f=     7.400 Hz | ky=  0.275665E-02 | IK=       4/      88 | t=    7.107100 s | CA=  2.6220 | fact=  2.5780 | GF=  1.9071 | solve=  1.7775 | scatter=  0.0532
f=     7.400 Hz | ky=  0.344582E-02 | IK=       5/      88 | t=    7.178000 s | CA=  2.6835 | fact=  2.5845 | GF=  1.9099 | solve=  1.7802 | scatter=  0.0530
f=     7.400 Hz | ky=  0.413498E-02 | IK=       6/      88 | t=    7.148500 s | CA=  2.6472 | fact=  2.5848 | GF=  1.9165 | solve=  1.7869 | scatter=  0.0533
f=     7.400 Hz | ky=  0.482415E-02 | IK=       7/      88 | t=    7.057000 s | CA=  2.6309 | fact=  2.5107 | GF=  1.9154 | solve=  1.7857 | scatter=  0.0533
f=     7.400 Hz | ky=  0.551331E-02 | IK=       8/      88 | t=    7.180700 s | CA=  2.6781 | fact=  2.5850 | GF=  1.9175 | solve=  1.7876 | scatter=  0.0534
f=     7.400 Hz | ky=  0.620247E-02 | IK=       9/      88 | t=    7.150400 s | CA=  2.6533 | fact=  2.5856 | GF=  1.9115 | solve=  1.7781 | scatter=  0.0570
f=     7.400 Hz | ky=  0.689164E-02 | IK=      10/      88 | t=    7.169500 s | CA=  2.6717 | fact=  2.5841 | GF=  1.9137 | solve=  1.7826 | scatter=  0.0546
f=     7.400 Hz | ky=  0.758080E-02 | IK=      11/      88 | t=    7.136500 s | CA=  2.6292 | fact=  2.5919 | GF=  1.9154 | solve=  1.7836 | scatter=  0.0550
f=     7.400 Hz | ky=  0.826996E-02 | IK=      12/      88 | t=    7.147800 s | CA=  2.6456 | fact=  2.5852 | GF=  1.9170 | solve=  1.7837 | scatter=  0.0565
f=     7.400 Hz | ky=  0.895913E-02 | IK=      13/      88 | t=    7.166800 s | CA=  2.6615 | fact=  2.5907 | GF=  1.9146 | solve=  1.7850 | scatter=  0.0530
f=     7.400 Hz | ky=  0.964829E-02 | IK=      14/      88 | t=    7.104800 s | CA=  2.6688 | fact=  2.5212 | GF=  1.9148 | solve=  1.7811 | scatter=  0.0572
f=     7.400 Hz | ky=  0.103375E-01 | IK=      15/      88 | t=    7.140900 s | CA=  2.6488 | fact=  2.5841 | GF=  1.9080 | solve=  1.7774 | scatter=  0.0539
PARDISO mem (f=  7.40 Hz): sym=  2.09 GB  perm=  1.52 GB  num=  3.46 GB  
peak=  4.98 GB
 WD_amp= 8.12365E+13  RESID_RMS= 3.95910E-02  FCOST_DATA= 7.83725E-04  FCOST0= 7.83725E-04
BT: alpha=  2.5000E-01  phi=  7.8372E-04  rhs=  7.4556E-04
 UPDATEPARAMETER: f-scale only
UPDATEPARAMETER PAR_STEP min/max, V_STEP min/max =  1.9136507484E+03  2.4994569723E+03
  1.9136507484E+03  2.4994569723E+03
 running run_ik_loop_pardiso
before CA | VmRSS=  26.438 GB  VmHWM= 131.660 GB
after CA | VmRSS=  26.930 GB  VmHWM= 131.660 GB
after factor | VmRSS=  30.971 GB  VmHWM= 131.660 GB
f=     7.400 Hz | ky=  0.689164E-03 | IK=       1/      88 | t=   18.304700 s | CA=  2.6202 | fact= 13.6689 | GF=  2.0154 | solve=  1.8542 | scatter=  0.0525
f=     7.400 Hz | ky=  0.137833E-02 | IK=       2/      88 | t=    7.164900 s | CA=  2.6761 | fact=  2.5783 | GF=  1.9105 | solve=  1.7813 | scatter=  0.0528
f=     7.400 Hz | ky=  0.206749E-02 | IK=       3/      88 | t=    7.121200 s | CA=  2.6384 | fact=  2.5798 | GF=  1.9029 | solve=  1.7728 | scatter=  0.0537
f=     7.400 Hz | ky=  0.275665E-02 | IK=       4/      88 | t=    7.116000 s | CA=  2.6371 | fact=  2.5824 | GF=  1.8965 | solve=  1.7666 | scatter=  0.0535
f=     7.400 Hz | ky=  0.344582E-02 | IK=       5/      88 | t=    7.082300 s | CA=  2.6523 | fact=  2.5293 | GF=  1.9006 | solve=  1.7707 | scatter=  0.0534
f=     7.400 Hz | ky=  0.413498E-02 | IK=       6/      88 | t=    7.147300 s | CA=  2.6741 | fact=  2.5789 | GF=  1.8943 | solve=  1.7639 | scatter=  0.0540
f=     7.400 Hz | ky=  0.482415E-02 | IK=       7/      88 | t=    7.104600 s | CA=  2.6421 | fact=  2.5677 | GF=  1.8948 | solve=  1.7613 | scatter=  0.0565
f=     7.400 Hz | ky=  0.551331E-02 | IK=       8/      88 | t=    7.087200 s | CA=  2.6550 | fact=  2.5392 | GF=  1.8929 | solve=  1.7648 | scatter=  0.0517
f=     7.400 Hz | ky=  0.620247E-02 | IK=       9/      88 | t=    7.129900 s | CA=  2.6601 | fact=  2.5754 | GF=  1.8944 | solve=  1.7648 | scatter=  0.0531
f=     7.400 Hz | ky=  0.689164E-02 | IK=      10/      88 | t=    7.123800 s | CA=  2.6527 | fact=  2.5827 | GF=  1.8883 | solve=  1.7591 | scatter=  0.0528
f=     7.400 Hz | ky=  0.758080E-02 | IK=      11/      88 | t=    7.159400 s | CA=  2.6736 | fact=  2.5906 | GF=  1.8951 | solve=  1.7638 | scatter=  0.0545
f=     7.400 Hz | ky=  0.826996E-02 | IK=      12/      88 | t=    7.156500 s | CA=  2.6864 | fact=  2.5774 | GF=  1.8926 | solve=  1.7622 | scatter=  0.0537
f=     7.400 Hz | ky=  0.895913E-02 | IK=      13/      88 | t=    7.187600 s | CA=  2.7016 | fact=  2.5945 | GF=  1.8915 | solve=  1.7602 | scatter=  0.0550
f=     7.400 Hz | ky=  0.964829E-02 | IK=      14/      88 | t=    7.117600 s | CA=  2.6866 | fact=  2.5361 | GF=  1.8948 | solve=  1.7645 | scatter=  0.0535
f=     7.400 Hz | ky=  0.103375E-01 | IK=      15/      88 | t=    7.171000 s | CA=  2.7080 | fact=  2.5725 | GF=  1.8905 | solve=  1.7615 | scatter=  0.0526
PARDISO mem (f=  7.40 Hz): sym=  2.09 GB  perm=  1.52 GB  num=  3.46 GB  
peak=  4.98 GB
 WD_amp= 8.12365E+13  RESID_RMS= 3.74150E-02  FCOST_DATA= 6.99942E-04  FCOST0= 6.99942E-04
BT: alpha=  1.2500E-01  phi=  6.9994E-04  rhs=  7.4556E-04
  
Convergence reached, updating parameter grid
ALPHA from line search =  .1250000000000000
 FCOST0 after linesearch  6.999420052000513E-004
Norm of s (s_norm) =  .7535198598534844E-01
  
  
  
  
  
Time for LBFGS =  12.17552795410156 min
  
 Frequency:          12 Iteration:           2
t_global   =    575.701 s
  
 -------------- calculate Frechet derivatives -----------
 IFREQ =          12    ITERATION =           2
||Frechet||_F=  3.0355E-12max|Frechet|=  4.5552E-17
 
TIME for Frechet calc =  4.519435119628906 min
 
 
  compute the residual and the cost function
 WD_amp= 8.12365E+13  RESID_RMS= 3.74150E-02  FCOST_DATA= 6.99942E-04  FCOST0= 6.99942E-04
||Frechet||_F=  3.0355E-12max|Frechet|=  4.5552E-17
||Frechet||_F=  3.0355E-12max|Frechet|=  4.5552E-17
||Frechet||_F=  3.0355E-12max|Frechet|=  4.5552E-17
||Frechet||_F=  3.0355E-12max|Frechet|=  4.5552E-17
||Frechet||_F=  3.0355E-12max|Frechet|=  4.5552E-17
Grad block   1 GRAD_SCALED MORM =   1.8864E-03
Raw grad block  1  PAR={rho}  min= -3.5200E-07  max=  2.8158E-07  L2=  2.2557E-06
Gradient finished
Start LBFGS 
curvature (warm): s·y=  6.4616E-05  ||s||^2=  5.6779E-03  ||y||^2=  2.4547E-06  sTy_min=  1.1806E-05
LBFGS step: g·p = -1.6301E-04  ||p||=  5.5016E-01
LBFGS step: min(p)= -7.6714E-02  max(p)=  3.0957E-02
LBFGS p_k (unscaled) stats per active parameter:
  IA=  1  PAR={rho}  min=-7.04205E+01  max= 2.84174E+01  L2= 5.05025E+02
min(p_k)= -7.6714E-02  max(p_k)=  3.0957E-02  ||p_k||=  5.5016E-01
min(p_kf)= -7.6714E-02  max(p_kf)=  3.0957E-02  ||p_kf||=  2.2006E+00
p_k/p_kf  =   2.5000E-01
Start linesearch
MT entry: phi(0)=  6.9994E-04  dg0= -1.6301E-04  alpha0=  1.0000E+00
 UPDATEPARAMETER: f-scale only
UPDATEPARAMETER PAR_STEP min/max, V_STEP min/max =  1.9156128304E+03  2.4963989074E+03
  1.9156128304E+03  2.4963989074E+03
 WD_amp= 8.12365E+13  RESID_RMS= 5.48507E-02  FCOST_DATA= 1.50430E-03  FCOST0= 1.50430E-03
  
 -------------- calculate Frechet derivatives -----------
 IFREQ =          12    ITERATION =           2
||Frechet||_F=  3.0316E-12max|Frechet|=  4.5612E-17
||Frechet||_F=  3.0316E-12max|Frechet|=  4.5612E-17
||Frechet||_F=  3.0316E-12max|Frechet|=  4.5612E-17
||Frechet||_F=  3.0316E-12max|Frechet|=  4.5612E-17
||Frechet||_F=  3.0316E-12max|Frechet|=  4.5612E-17
||Frechet||_F=  3.0316E-12max|Frechet|=  4.5612E-17
Grad block   1 GRAD_SCALED MORM =   7.6089E-03
MT try: alpha=  1.0000E+00  phi=  1.5043E-03  dg=  7.9822E-04  dg0= -1.6301E-04
MT try: armijo_rhs=  6.9993E-04  armijo=F  curvature=F  task=FG
 UPDATEPARAMETER: f-scale only
UPDATEPARAMETER PAR_STEP min/max, V_STEP min/max =  1.9137359236E+03  2.4979755139E+03
  1.9137359236E+03  2.4979755139E+03
 WD_amp= 8.12365E+13  RESID_RMS= 3.71877E-02  FCOST_DATA= 6.91463E-04  FCOST0= 6.91463E-04
  
 -------------- calculate Frechet derivatives -----------
 IFREQ =          12    ITERATION =           2
||Frechet||_F=  3.0354E-12max|Frechet|=  4.5554E-17
||Frechet||_F=  3.0354E-12max|Frechet|=  4.5554E-17
||Frechet||_F=  3.0354E-12max|Frechet|=  4.5554E-17
||Frechet||_F=  3.0354E-12max|Frechet|=  4.5554E-17
||Frechet||_F=  3.0354E-12max|Frechet|=  4.5554E-17
||Frechet||_F=  3.0354E-12max|Frechet|=  4.5554E-17
Grad block   1 GRAD_SCALED MORM =   1.8183E-03
MT try: alpha=  4.3411E-02  phi=  6.9146E-04  dg= -1.2125E-04  dg0= -1.6301E-04
MT try: armijo_rhs=  6.9994E-04  armijo=T  curvature=T  task=FG
Convergence reached, updating parameter grid
ALPHA from line search =  .4341065371885177E-01
 FCOST0 after linesearch  6.914626386177155E-004
Norm of s (s_norm) =  .2388288400505559E-01
  
  
  
Time for LBFGS =  27.93890584309896 min
  
  
  
  
 Frequency:          12 Iteration:           3
t_global   =    571.506 s
  
 -------------- calculate Frechet derivatives -----------
 IFREQ =          12    ITERATION =           3
||Frechet||_F=  3.0354E-12max|Frechet|=  4.5554E-17
||Frechet||_F=  3.0354E-12max|Frechet|=  4.5554E-17
||Frechet||_F=  3.0354E-12max|Frechet|=  4.5554E-17
||Frechet||_F=  3.0354E-12max|Frechet|=  4.5554E-17
 
TIME for Frechet calc =  4.840868123372396 min
 
 
  compute the residual and the cost function
 WD_amp= 8.12365E+13  RESID_RMS= 3.71877E-02  FCOST_DATA= 6.91463E-04  FCOST0= 6.91463E-04
||Frechet||_F=  3.0354E-12max|Frechet|=  4.5554E-17
||Frechet||_F=  3.0354E-12max|Frechet|=  4.5554E-17
Grad block   1 GRAD_SCALED MORM =   1.8183E-03
Gradient finished
Start LBFGS 
curvature (warm): s·y=  1.8128E-06  ||s||^2=  5.7039E-04  ||y||^2=  7.1557E-08  sTy_min=  6.3887E-07
LBFGS step: g·p = -2.0152E-04  ||p||=  9.5071E-01
LBFGS step: min(p)= -1.4077E-01  max(p)=  5.9994E-02
LBFGS p_k (unscaled) stats per active parameter:
  IA=  1  PAR={rho}  min=-1.29217E+02  max= 5.50722E+01  L2= 8.72712E+02
min(p_k)= -1.4077E-01  max(p_k)=  5.9994E-02  ||p_k||=  9.5071E-01
min(p_kf)= -1.4077E-01  max(p_kf)=  5.9994E-02  ||p_kf||=  3.8028E+00
p_k/p_kf  =   2.5000E-01
Start linesearch
MT entry: phi(0)=  6.9146E-04  dg0= -2.0152E-04  alpha0=  1.0000E+00
 UPDATEPARAMETER: f-scale only
UPDATEPARAMETER PAR_STEP min/max, V_STEP min/max =  1.9171550656E+03  2.5095458949E+03
  1.9171550656E+03  2.5095458949E+03
 WD_amp= 8.12365E+13  RESID_RMS= 5.58532E-02  FCOST_DATA= 1.55979E-03  FCOST0= 1.55979E-03
  
 -------------- calculate Frechet derivatives -----------
 IFREQ =          12    ITERATION =           3
||Frechet||_F=  3.0298E-12max|Frechet|=  4.5595E-17
||Frechet||_F=  3.0298E-12max|Frechet|=  4.5595E-17
||Frechet||_F=  3.0298E-12max|Frechet|=  4.5595E-17
||Frechet||_F=  3.0298E-12max|Frechet|=  4.5595E-17
||Frechet||_F=  3.0298E-12max|Frechet|=  4.5595E-17
||Frechet||_F=  3.0298E-12max|Frechet|=  4.5595E-17
Grad block   1 GRAD_SCALED MORM =   6.6720E-03
MT try: alpha=  1.0000E+00  phi=  1.5598E-03  dg=  8.4463E-04  dg0= -2.0152E-04
MT try: armijo_rhs=  6.9144E-04  armijo=F  curvature=F  task=FG
 UPDATEPARAMETER: f-scale only
UPDATEPARAMETER PAR_STEP min/max, V_STEP min/max =  1.9139273574E+03  2.4949837078E+03
  1.9139273574E+03  2.4949837078E+03
 WD_amp= 8.12365E+13  RESID_RMS= 3.67880E-02  FCOST_DATA= 6.76677E-04  FCOST0= 6.76677E-04
  
 -------------- calculate Frechet derivatives -----------
 IFREQ =          12    ITERATION =           3
||Frechet||_F=  3.0351E-12max|Frechet|=  4.5556E-17
||Frechet||_F=  3.0351E-12max|Frechet|=  4.5556E-17
||Frechet||_F=  3.0351E-12max|Frechet|=  4.5556E-17
||Frechet||_F=  3.0351E-12max|Frechet|=  4.5556E-17
||Frechet||_F=  3.0351E-12max|Frechet|=  4.5556E-17
||Frechet||_F=  3.0351E-12max|Frechet|=  4.5556E-17
Grad block   1 GRAD_SCALED MORM =   1.7367E-03
MT try: alpha=  4.8348E-02  phi=  6.7668E-04  dg= -1.5063E-04  dg0= -2.0152E-04
MT try: armijo_rhs=  6.9146E-04  armijo=T  curvature=T  task=FG
  
Convergence reached, updating parameter grid
ALPHA from line search =  .4834813964849404E-01
 FCOST0 after linesearch  6.766773045483744E-004
Norm of s (s_norm) =  .4596513644942026E-01
  
  
  
Convergence check at iteration    3
  Relative cost decrease  =  2.1383E-02
  Relative model update   =  0.0000E+00
  Relative grad. norm     =  5.8966E-01
Time for LBFGS =  28.14388631184896 min
  
  
  
 Frequency:          12 Iteration:           4
t_global   =    561.614 s
  
 -------------- calculate Frechet derivatives -----------
 IFREQ =          12    ITERATION =           4
||Frechet||_F=  3.0351E-12max|Frechet|=  4.5556E-17
||Frechet||_F=  3.0351E-12max|Frechet|=  4.5556E-17
 
TIME for Frechet calc =  4.811216735839844 min
 
 
  compute the residual and the cost function
 WD_amp= 8.12365E+13  RESID_RMS= 3.67880E-02  FCOST_DATA= 6.76677E-04  FCOST0= 6.76677E-04
||Frechet||_F=  3.0351E-12max|Frechet|=  4.5556E-17
||Frechet||_F=  3.0351E-12max|Frechet|=  4.5556E-17
||Frechet||_F=  3.0351E-12max|Frechet|=  4.5556E-17
||Frechet||_F=  3.0351E-12max|Frechet|=  4.5556E-17
Grad block   1 GRAD_SCALED MORM =   1.7367E-03
Gradient finished
Start LBFGS 
curvature (warm): s·y=  2.4607E-06  ||s||^2=  2.1128E-03  ||y||^2=  6.6806E-08  sTy_min=  1.1881E-06
LBFGS step: g·p = -1.6629E-04  ||p||=  9.9273E-01
LBFGS step: min(p)= -1.3740E-01  max(p)=  7.9964E-02
LBFGS p_k (unscaled) stats per active parameter:
  IA=  1  PAR={rho}  min=-1.26124E+02  max= 7.34034E+01  L2= 9.11283E+02
min(p_k)= -1.3740E-01  max(p_k)=  7.9964E-02  ||p_k||=  9.9273E-01
min(p_kf)= -1.3740E-01  max(p_kf)=  7.9964E-02  ||p_kf||=  3.9709E+00
p_k/p_kf  =   2.5000E-01
Start linesearch
MT entry: phi(0)=  6.7668E-04  dg0= -1.6629E-04  alpha0=  1.0000E+00
 UPDATEPARAMETER: f-scale only
UPDATEPARAMETER PAR_STEP min/max, V_STEP min/max =  1.9174526026E+03  2.5320554578E+03
  1.9174526026E+03  2.5320554578E+03
 WD_amp= 8.12365E+13  RESID_RMS= 4.93085E-02  FCOST_DATA= 1.21566E-03  FCOST0= 1.21566E-03
  
 -------------- calculate Frechet derivatives -----------
 IFREQ =          12    ITERATION =           4
||Frechet||_F=  3.0317E-12max|Frechet|=  4.5635E-17
||Frechet||_F=  3.0317E-12max|Frechet|=  4.5635E-17
||Frechet||_F=  3.0317E-12max|Frechet|=  4.5635E-17
||Frechet||_F=  3.0317E-12max|Frechet|=  4.5635E-17
||Frechet||_F=  3.0317E-12max|Frechet|=  4.5635E-17
||Frechet||_F=  3.0317E-12max|Frechet|=  4.5635E-17
Grad block   1 GRAD_SCALED MORM =   4.2794E-03
MT try: alpha=  1.0000E+00  phi=  1.2157E-03  dg=  2.5997E-04  dg0= -1.6629E-04
MT try: armijo_rhs=  6.7666E-04  armijo=F  curvature=F  task=FG
 UPDATEPARAMETER: f-scale only
UPDATEPARAMETER PAR_STEP min/max, V_STEP min/max =  1.9141586266E+03  2.4957556380E+03
  1.9141586266E+03  2.4957556380E+03
 WD_amp= 8.12365E+13  RESID_RMS= 3.64666E-02  FCOST_DATA= 6.64907E-04  FCOST0= 6.64907E-04
  
 -------------- calculate Frechet derivatives -----------
 IFREQ =          12    ITERATION =           4
||Frechet||_F=  3.0350E-12max|Frechet|=  4.5558E-17
||Frechet||_F=  3.0350E-12max|Frechet|=  4.5558E-17
||Frechet||_F=  3.0350E-12max|Frechet|=  4.5558E-17
||Frechet||_F=  3.0350E-12max|Frechet|=  4.5558E-17
||Frechet||_F=  3.0350E-12max|Frechet|=  4.5558E-17
||Frechet||_F=  3.0350E-12max|Frechet|=  4.5558E-17
Grad block   1 GRAD_SCALED MORM =   1.6828E-03
MT try: alpha=  5.1532E-02  phi=  6.6491E-04  dg= -1.4448E-04  dg0= -1.6629E-04
MT try: armijo_rhs=  6.7668E-04  armijo=T  curvature=T  task=FG
  
Convergence reached, updating parameter grid
ALPHA from line search =  .5153194656908890E-01
 FCOST0 after linesearch  6.649073740619411E-004
Norm of s (s_norm) =  .5115726367274475E-01
  
  
  
  
Convergence check at iteration    4
  Relative cost decrease  =  1.7394E-02
  Relative model update   =  0.0000E+00
  Relative grad. norm     =  5.3480E-01
Time for LBFGS =  27.57361246744792 min
  
  
 Frequency:          12 Iteration:           5
t_global   =    568.206 s
  
 -------------- calculate Frechet derivatives -----------
 IFREQ =          12    ITERATION =           5
||Frechet||_F=  3.0350E-12max|Frechet|=  4.5558E-17
||Frechet||_F=  3.0350E-12max|Frechet|=  4.5558E-17
 
TIME for Frechet calc =  4.582624816894532 min
 
 
  compute the residual and the cost function
 WD_amp= 8.12365E+13  RESID_RMS= 3.64666E-02  FCOST_DATA= 6.64907E-04  FCOST0= 6.64907E-04
||Frechet||_F=  3.0350E-12max|Frechet|=  4.5558E-17
||Frechet||_F=  3.0350E-12max|Frechet|=  4.5558E-17
||Frechet||_F=  3.0350E-12max|Frechet|=  4.5558E-17
||Frechet||_F=  3.0350E-12max|Frechet|=  4.5558E-17
Grad block   1 GRAD_SCALED MORM =   1.6828E-03
Gradient finished
Start LBFGS 
curvature (warm): s·y=  1.1238E-06  ||s||^2=  2.6171E-03  ||y||^2=  2.4967E-08  sTy_min=  8.0833E-07
LBFGS step: g·p = -4.4258E-04  ||p||=  2.8521E+00
LBFGS step: min(p)= -3.7726E-01  max(p)=  2.3764E-01
LBFGS p_k (unscaled) stats per active parameter:
  IA=  1  PAR={rho}  min=-3.46313E+02  max= 2.18140E+02  L2= 2.61808E+03
min(p_k)= -3.7726E-01  max(p_k)=  2.3764E-01  ||p_k||=  2.8521E+00
min(p_kf)= -3.7726E-01  max(p_kf)=  2.3764E-01  ||p_kf||=  1.1408E+01
p_k/p_kf  =   2.5000E-01
Start linesearch
MT entry: phi(0)=  6.6491E-04  dg0= -4.4258E-04  alpha0=  1.0000E+00
 UPDATEPARAMETER: f-scale only
UPDATEPARAMETER PAR_STEP min/max, V_STEP min/max =  1.9185117628E+03  2.6280518523E+03
  1.9185117628E+03  2.6280518523E+03
 WD_amp= 8.12365E+13  RESID_RMS= 1.21014E-01  FCOST_DATA= 7.32218E-03  FCOST0= 7.32218E-03
  
 -------------- calculate Frechet derivatives -----------
 IFREQ =          12    ITERATION =           5
||Frechet||_F=  3.0278E-12max|Frechet|=  4.5944E-17
||Frechet||_F=  3.0278E-12max|Frechet|=  4.5944E-17
||Frechet||_F=  3.0278E-12max|Frechet|=  4.5944E-17
||Frechet||_F=  3.0278E-12max|Frechet|=  4.5944E-17
||Frechet||_F=  3.0278E-12max|Frechet|=  4.5944E-17
||Frechet||_F=  3.0278E-12max|Frechet|=  4.5944E-17
Grad block   1 GRAD_SCALED MORM =   1.1450E-02
MT try: alpha=  1.0000E+00  phi=  7.3222E-03  dg=  2.8096E-03  dg0= -4.4258E-04
MT try: armijo_rhs=  6.6486E-04  armijo=F  curvature=F  task=FG
 UPDATEPARAMETER: f-scale only
UPDATEPARAMETER PAR_STEP min/max, V_STEP min/max =  1.9143147826E+03  2.4971582718E+03
  1.9143147826E+03  2.4971582718E+03
 WD_amp= 8.12365E+13  RESID_RMS= 3.63025E-02  FCOST_DATA= 6.58934E-04  FCOST0= 6.58934E-04
  
 -------------- calculate Frechet derivatives -----------
 IFREQ =          12    ITERATION =           5
||Frechet||_F=  3.0349E-12max|Frechet|=  4.5560E-17
||Frechet||_F=  3.0349E-12max|Frechet|=  4.5560E-17
||Frechet||_F=  3.0349E-12max|Frechet|=  4.5560E-17
||Frechet||_F=  3.0349E-12max|Frechet|=  4.5560E-17
||Frechet||_F=  3.0349E-12max|Frechet|=  4.5560E-17
||Frechet||_F=  3.0349E-12max|Frechet|=  4.5560E-17
Grad block   1 GRAD_SCALED MORM =   1.6474E-03
MT try: alpha=  1.2402E-02  phi=  6.5893E-04  dg= -4.0170E-04  dg0= -4.4258E-04
MT try: armijo_rhs=  6.6491E-04  armijo=T  curvature=F  task=FG
 UPDATEPARAMETER: f-scale only
UPDATEPARAMETER PAR_STEP min/max, V_STEP min/max =  1.9176641627E+03  2.5610247904E+03
  1.9176641627E+03  2.5610247904E+03
 WD_amp= 8.12365E+13  RESID_RMS= 6.74293E-02  FCOST_DATA= 2.27336E-03  FCOST0= 2.27336E-03
  
 -------------- calculate Frechet derivatives -----------
 IFREQ =          12    ITERATION =           5
||Frechet||_F=  3.0317E-12max|Frechet|=  4.5693E-17
||Frechet||_F=  3.0317E-12max|Frechet|=  4.5693E-17
||Frechet||_F=  3.0317E-12max|Frechet|=  4.5693E-17
||Frechet||_F=  3.0317E-12max|Frechet|=  4.5693E-17
||Frechet||_F=  3.0317E-12max|Frechet|=  4.5693E-17
||Frechet||_F=  3.0317E-12max|Frechet|=  4.5693E-17
Grad block   1 GRAD_SCALED MORM =   5.7689E-03
MT try: alpha=  5.0620E-01  phi=  2.2734E-03  dg=  1.2651E-03  dg0= -4.4258E-04
MT try: armijo_rhs=  6.6488E-04  armijo=F  curvature=F  task=FG
 UPDATEPARAMETER: f-scale only
UPDATEPARAMETER PAR_STEP min/max, V_STEP min/max =  1.9144511221E+03  2.4983829099E+03
  1.9144511221E+03  2.4983829099E+03
 WD_amp= 8.12365E+13  RESID_RMS= 3.62100E-02  FCOST_DATA= 6.55582E-04  FCOST0= 6.55582E-04
  
 -------------- calculate Frechet derivatives -----------
 IFREQ =          12    ITERATION =           5
||Frechet||_F=  3.0349E-12max|Frechet|=  4.5562E-17
||Frechet||_F=  3.0349E-12max|Frechet|=  4.5562E-17
||Frechet||_F=  3.0349E-12max|Frechet|=  4.5562E-17
||Frechet||_F=  3.0349E-12max|Frechet|=  4.5562E-17
||Frechet||_F=  3.0349E-12max|Frechet|=  4.5562E-17
||Frechet||_F=  3.0349E-12max|Frechet|=  4.5562E-17
Grad block   1 GRAD_SCALED MORM =   1.6268E-03
MT try: alpha=  2.3229E-02  phi=  6.5558E-04  dg= -3.6592E-04  dg0= -4.4258E-04
MT try: armijo_rhs=  6.6491E-04  armijo=T  curvature=T  task=FG
  
Convergence reached, updating parameter grid
ALPHA from line search =  .2322935703501028E-01
 FCOST0 after linesearch  6.555823906093744E-004
Norm of s (s_norm) =  .6625189264471058E-01
  
  
Convergence check at iteration    5
  Relative cost decrease  =  1.4024E-02
  Relative model update   =  0.0000E+00
  Relative grad. norm     =  4.7687E-01
Time for LBFGS =  55.29136555989583 min
  
  
  
  
 Frequency:          12 Iteration:           6
t_global   =    569.292 s
  
 -------------- calculate Frechet derivatives -----------
 IFREQ =          12    ITERATION =           6
||Frechet||_F=  3.0349E-12max|Frechet|=  4.5562E-17
||Frechet||_F=  3.0349E-12max|Frechet|=  4.5562E-17
||Frechet||_F=  3.0349E-12max|Frechet|=  4.5562E-17
||Frechet||_F=  3.0349E-12max|Frechet|=  4.5562E-17
 
TIME for Frechet calc =  4.579760233561198 min
 
 
  compute the residual and the cost function
 WD_amp= 8.12365E+13  RESID_RMS= 3.62100E-02  FCOST_DATA= 6.55582E-04  FCOST0= 6.55582E-04
||Frechet||_F=  3.0349E-12max|Frechet|=  4.5562E-17
||Frechet||_F=  3.0349E-12max|Frechet|=  4.5562E-17
Grad block   1 GRAD_SCALED MORM =   1.6268E-03
Gradient finished
Start LBFGS 
curvature (warm): s·y=  1.7808E-06  ||s||^2=  4.3893E-03  ||y||^2=  4.2812E-08  sTy_min=  1.3708E-06
LBFGS step: g·p = -3.7581E-04  ||p||=  2.6218E+00
LBFGS step: min(p)= -3.3113E-01  max(p)=  2.1954E-01
LBFGS p_k (unscaled) stats per active parameter:
  IA=  1  PAR={rho}  min=-3.03966E+02  max= 2.01533E+02  L2= 2.40674E+03
min(p_k)= -3.3113E-01  max(p_k)=  2.1954E-01  ||p_k||=  2.6218E+00
min(p_kf)= -3.3113E-01  max(p_kf)=  2.1954E-01  ||p_kf||=  1.0487E+01
p_k/p_kf  =   2.5000E-01
Start linesearch
MT entry: phi(0)=  6.5558E-04  dg0= -3.7581E-04  alpha0=  1.0000E+00
 UPDATEPARAMETER: f-scale only
UPDATEPARAMETER PAR_STEP min/max, V_STEP min/max =  1.9180356533E+03  2.6373576246E+03
  1.9180356533E+03  2.6373576246E+03
 WD_amp= 8.12365E+13  RESID_RMS= 1.09180E-01  FCOST_DATA= 5.96018E-03  FCOST0= 5.96018E-03
  
 -------------- calculate Frechet derivatives -----------
 IFREQ =          12    ITERATION =           6
||Frechet||_F=  3.0268E-12max|Frechet|=  4.5782E-17
||Frechet||_F=  3.0268E-12max|Frechet|=  4.5782E-17
||Frechet||_F=  3.0268E-12max|Frechet|=  4.5782E-17
||Frechet||_F=  3.0268E-12max|Frechet|=  4.5782E-17
||Frechet||_F=  3.0268E-12max|Frechet|=  4.5782E-17
||Frechet||_F=  3.0268E-12max|Frechet|=  4.5782E-17
Grad block   1 GRAD_SCALED MORM =   7.7556E-03
MT try: alpha=  1.0000E+00  phi=  5.9602E-03  dg=  1.2751E-03  dg0= -3.7581E-04
MT try: armijo_rhs=  6.5554E-04  armijo=F  curvature=F  task=FG
 UPDATEPARAMETER: f-scale only
UPDATEPARAMETER PAR_STEP min/max, V_STEP min/max =  1.9145931954E+03  2.4998895450E+03
  1.9145931954E+03  2.4998895450E+03
 WD_amp= 8.12365E+13  RESID_RMS= 3.61929E-02  FCOST_DATA= 6.54964E-04  FCOST0= 6.54964E-04
  
 -------------- calculate Frechet derivatives -----------
 IFREQ =          12    ITERATION =           6
||Frechet||_F=  3.0348E-12max|Frechet|=  4.5561E-17
||Frechet||_F=  3.0348E-12max|Frechet|=  4.5561E-17
||Frechet||_F=  3.0348E-12max|Frechet|=  4.5561E-17
||Frechet||_F=  3.0348E-12max|Frechet|=  4.5561E-17
||Frechet||_F=  3.0348E-12max|Frechet|=  4.5561E-17
||Frechet||_F=  3.0348E-12max|Frechet|=  4.5561E-17
Grad block   1 GRAD_SCALED MORM =   1.6040E-03
MT try: alpha=  1.2354E-02  phi=  6.5496E-04  dg= -3.5460E-04  dg0= -3.7581E-04
MT try: armijo_rhs=  6.5558E-04  armijo=T  curvature=F  task=FG
 UPDATEPARAMETER: f-scale only
UPDATEPARAMETER PAR_STEP min/max, V_STEP min/max =  1.9174428162E+03  2.5672889837E+03
  1.9174428162E+03  2.5672889837E+03
 WD_amp= 8.12365E+13  RESID_RMS= 6.35046E-02  FCOST_DATA= 2.01642E-03  FCOST0= 2.01642E-03
  
 -------------- calculate Frechet derivatives -----------
 IFREQ =          12    ITERATION =           6
||Frechet||_F=  3.0312E-12max|Frechet|=  4.5616E-17
||Frechet||_F=  3.0312E-12max|Frechet|=  4.5616E-17
||Frechet||_F=  3.0312E-12max|Frechet|=  4.5616E-17
||Frechet||_F=  3.0312E-12max|Frechet|=  4.5616E-17
||Frechet||_F=  3.0312E-12max|Frechet|=  4.5616E-17
||Frechet||_F=  3.0312E-12max|Frechet|=  4.5616E-17
Grad block   1 GRAD_SCALED MORM =   3.9454E-03
MT try: alpha=  5.0618E-01  phi=  2.0164E-03  dg=  5.1747E-04  dg0= -3.7581E-04
MT try: armijo_rhs=  6.5556E-04  armijo=F  curvature=F  task=FG
 UPDATEPARAMETER: f-scale only
UPDATEPARAMETER PAR_STEP min/max, V_STEP min/max =  1.9147146424E+03  2.5011774457E+03
  1.9147146424E+03  2.5011774457E+03
 WD_amp= 8.12365E+13  RESID_RMS= 3.62153E-02  FCOST_DATA= 6.55772E-04  FCOST0= 6.55772E-04
  
 -------------- calculate Frechet derivatives -----------
 IFREQ =          12    ITERATION =           6
||Frechet||_F=  3.0347E-12max|Frechet|=  4.5561E-17
||Frechet||_F=  3.0347E-12max|Frechet|=  4.5561E-17
||Frechet||_F=  3.0347E-12max|Frechet|=  4.5561E-17
||Frechet||_F=  3.0347E-12max|Frechet|=  4.5561E-17
||Frechet||_F=  3.0347E-12max|Frechet|=  4.5561E-17
||Frechet||_F=  3.0347E-12max|Frechet|=  4.5561E-17
Grad block   1 GRAD_SCALED MORM =   1.5891E-03
MT try: alpha=  2.2914E-02  phi=  6.5577E-04  dg= -3.3640E-04  dg0= -3.7581E-04
MT try: armijo_rhs=  6.5558E-04  armijo=F  curvature=T  task=FG
 UPDATEPARAMETER: f-scale only
UPDATEPARAMETER PAR_STEP min/max, V_STEP min/max =  1.9146134249E+03  2.5001040711E+03
  1.9146134249E+03  2.5001040711E+03
 WD_amp= 8.12365E+13  RESID_RMS= 3.61943E-02  FCOST_DATA= 6.55013E-04  FCOST0= 6.55013E-04
  
 -------------- calculate Frechet derivatives -----------
 IFREQ =          12    ITERATION =           6
||Frechet||_F=  3.0348E-12max|Frechet|=  4.5561E-17
||Frechet||_F=  3.0348E-12max|Frechet|=  4.5561E-17
||Frechet||_F=  3.0348E-12max|Frechet|=  4.5561E-17
||Frechet||_F=  3.0348E-12max|Frechet|=  4.5561E-17
||Frechet||_F=  3.0348E-12max|Frechet|=  4.5561E-17
||Frechet||_F=  3.0348E-12max|Frechet|=  4.5561E-17
Grad block   1 GRAD_SCALED MORM =   1.6012E-03
MT try: alpha=  1.4113E-02  phi=  6.5501E-04  dg= -3.5157E-04  dg0= -3.7581E-04
MT try: armijo_rhs=  6.5558E-04  armijo=T  curvature=F  task=FG
 UPDATEPARAMETER: f-scale only
UPDATEPARAMETER PAR_STEP min/max, V_STEP min/max =  1.9145970707E+03  2.4999306411E+03
  1.9145970707E+03  2.4999306411E+03
 WD_amp= 8.12365E+13  RESID_RMS= 3.61931E-02  FCOST_DATA= 6.54970E-04  FCOST0= 6.54970E-04
  
 -------------- calculate Frechet derivatives -----------
 IFREQ =          12    ITERATION =           6
||Frechet||_F=  3.0348E-12max|Frechet|=  4.5561E-17
||Frechet||_F=  3.0348E-12max|Frechet|=  4.5561E-17
||Frechet||_F=  3.0348E-12max|Frechet|=  4.5561E-17
||Frechet||_F=  3.0348E-12max|Frechet|=  4.5561E-17
||Frechet||_F=  3.0348E-12max|Frechet|=  4.5561E-17
||Frechet||_F=  3.0348E-12max|Frechet|=  4.5561E-17
Grad block   1 GRAD_SCALED MORM =   1.6035E-03
MT try: alpha=  1.2691E-02  phi=  6.5497E-04  dg= -3.5402E-04  dg0= -3.7581E-04
MT try: armijo_rhs=  6.5558E-04  armijo=T  curvature=F  task=FG
 UPDATEPARAMETER: f-scale only
UPDATEPARAMETER PAR_STEP min/max, V_STEP min/max =  1.9145939565E+03  2.4998976163E+03
  1.9145939565E+03  2.4998976163E+03
 WD_amp= 8.12365E+13  RESID_RMS= 3.61929E-02  FCOST_DATA= 6.54965E-04  FCOST0= 6.54965E-04
  
 -------------- calculate Frechet derivatives -----------
 IFREQ =          12    ITERATION =           6
||Frechet||_F=  3.0348E-12max|Frechet|=  4.5561E-17
||Frechet||_F=  3.0348E-12max|Frechet|=  4.5561E-17
||Frechet||_F=  3.0348E-12max|Frechet|=  4.5561E-17
||Frechet||_F=  3.0348E-12max|Frechet|=  4.5561E-17
||Frechet||_F=  3.0348E-12max|Frechet|=  4.5561E-17
Grad block   1 GRAD_SCALED MORM =   1.6039E-03
MT try: alpha=  1.2420E-02  phi=  6.5496E-04  dg= -3.5449E-04  dg0= -3.7581E-04
MT try: armijo_rhs=  6.5558E-04  armijo=T  curvature=F  task=FG
 UPDATEPARAMETER: f-scale only
UPDATEPARAMETER PAR_STEP min/max, V_STEP min/max =  1.9145933457E+03  2.4998911384E+03
  1.9145933457E+03  2.4998911384E+03
||Frechet||_F=  3.0348E-12max|Frechet|=  4.5561E-17
 WD_amp= 8.12365E+13  RESID_RMS= 3.61929E-02  FCOST_DATA= 6.54964E-04  FCOST0= 6.54964E-04
  
 -------------- calculate Frechet derivatives -----------
 IFREQ =          12    ITERATION =           6
||Frechet||_F=  3.0348E-12max|Frechet|=  4.5561E-17
||Frechet||_F=  3.0348E-12max|Frechet|=  4.5561E-17
||Frechet||_F=  3.0348E-12max|Frechet|=  4.5561E-17
||Frechet||_F=  3.0348E-12max|Frechet|=  4.5561E-17
||Frechet||_F=  3.0348E-12max|Frechet|=  4.5561E-17
||Frechet||_F=  3.0348E-12max|Frechet|=  4.5561E-17
Grad block   1 GRAD_SCALED MORM =   1.6040E-03
MT try: alpha=  1.2367E-02  phi=  6.5496E-04  dg= -3.5458E-04  dg0= -3.7581E-04
MT try: armijo_rhs=  6.5558E-04  armijo=T  curvature=F  task=FG
 UPDATEPARAMETER: f-scale only
UPDATEPARAMETER PAR_STEP min/max, V_STEP min/max =  1.9145932251E+03  2.4998898602E+03
  1.9145932251E+03  2.4998898602E+03
 WD_amp= 8.12365E+13  RESID_RMS= 3.61929E-02  FCOST_DATA= 6.54964E-04  FCOST0= 6.54964E-04
  
 -------------- calculate Frechet derivatives -----------
 IFREQ =          12    ITERATION =           6
||Frechet||_F=  3.0348E-12max|Frechet|=  4.5561E-17
||Frechet||_F=  3.0348E-12max|Frechet|=  4.5561E-17
||Frechet||_F=  3.0348E-12max|Frechet|=  4.5561E-17
||Frechet||_F=  3.0348E-12max|Frechet|=  4.5561E-17
||Frechet||_F=  3.0348E-12max|Frechet|=  4.5561E-17
||Frechet||_F=  3.0348E-12max|Frechet|=  4.5561E-17
Grad block   1 GRAD_SCALED MORM =   1.6040E-03
MT try: alpha=  1.2356E-02  phi=  6.5496E-04  dg= -3.5459E-04  dg0= -3.7581E-04
MT try: armijo_rhs=  6.5558E-04  armijo=T  curvature=F  task=FG
 UPDATEPARAMETER: f-scale only
UPDATEPARAMETER PAR_STEP min/max, V_STEP min/max =  1.9145932013E+03  2.4998896073E+03
  1.9145932013E+03  2.4998896073E+03
 WD_amp= 8.12365E+13  RESID_RMS= 3.61929E-02  FCOST_DATA= 6.54964E-04  FCOST0= 6.54964E-04
  
 -------------- calculate Frechet derivatives -----------
 IFREQ =          12    ITERATION =           6
||Frechet||_F=  3.0348E-12max|Frechet|=  4.5561E-17
||Frechet||_F=  3.0348E-12max|Frechet|=  4.5561E-17
||Frechet||_F=  3.0348E-12max|Frechet|=  4.5561E-17
||Frechet||_F=  3.0348E-12max|Frechet|=  4.5561E-17
||Frechet||_F=  3.0348E-12max|Frechet|=  4.5561E-17
||Frechet||_F=  3.0348E-12max|Frechet|=  4.5561E-17
Grad block   1 GRAD_SCALED MORM =   1.6040E-03
MT try: alpha=  1.2354E-02  phi=  6.5496E-04  dg= -3.5460E-04  dg0= -3.7581E-04
MT try: armijo_rhs=  6.5558E-04  armijo=T  curvature=F  task=FG
 Line search failed (IFLAG=          11 ), inversion diverged.
 --------- Frequency   8.10000000000000       (band            1 )
[ComputeAcqWeight] empty acq_weight_file, using uniform weights = 1.0
Data weighting computed for frequency 4607182418800017373
XSRmin, XSRmax, ZSRmin, ZSRMax -1960.000000000000 .000000000000000 2203.000000000000 4183.000000000000
1 FKYC
1.2 FKYC
my_rank, FKYC,WLMAX, RMAX 0 .6638321868020171E-01 632.4418265237988 2786.036611389018
1.1 NK
Data weighting computed for frequency 4607182418800017373
Data weighting computed for frequency 4607182418800017373
NK in cky2= 88

  Number of wavenumber samples (NK) for FREQ =   88
Data weighting computed for frequency 4607182418800017373
Data weighting computed for frequency 4607182418800017373
Data weighting computed for frequency 4607182418800017373
  RMAX = 2786.04
--- Pre-solver preview (memory + RHS workload) ---
   GQG dims: NNX=       609  NNZ=       329  NPT=    200361
   DOF:     N=3*NPT =    601083
   Sources: NSR=       100  NSS=        20  NK=        88
   RHS total (per IK): nrhs_tot=3*NSS =        60
   Batch:    MAX_RHS_BATCH=        32  nbatches=         2
   GFMY  (GFX+GFY+GFZ):         23.646 GB
   RHS_MY(rhs+sol buffers):      0.573 GB
 
 running run_ik_loop_pardiso
before CA | VmRSS=  25.364 GB  VmHWM= 131.868 GB
after CA | VmRSS=  26.287 GB  VmHWM= 131.868 GB
after factor | VmRSS=  30.331 GB  VmHWM= 131.868 GB
f=     8.100 Hz | ky=  0.754355E-03 | IK=       1/      88 | t=   18.311600 s | CA=  2.6216 | fact= 13.6689 | GF=  2.0209 | solve=  1.8580 | scatter=  0.0542
f=     8.100 Hz | ky=  0.150871E-02 | IK=       2/      88 | t=    7.133400 s | CA=  2.6418 | fact=  2.5768 | GF=  1.9148 | solve=  1.7847 | scatter=  0.0536
f=     8.100 Hz | ky=  0.226306E-02 | IK=       3/      88 | t=    7.148700 s | CA=  2.6426 | fact=  2.5838 | GF=  1.9222 | solve=  1.7886 | scatter=  0.0565
f=     8.100 Hz | ky=  0.301742E-02 | IK=       4/      88 | t=    7.158300 s | CA=  2.6586 | fact=  2.5869 | GF=  1.9127 | solve=  1.7832 | scatter=  0.0529
f=     8.100 Hz | ky=  0.377177E-02 | IK=       5/      88 | t=    7.190000 s | CA=  2.6836 | fact=  2.5918 | GF=  1.9146 | solve=  1.7851 | scatter=  0.0529
f=     8.100 Hz | ky=  0.452613E-02 | IK=       6/      88 | t=    7.167900 s | CA=  2.6720 | fact=  2.5863 | GF=  1.9096 | solve=  1.7807 | scatter=  0.0522
f=     8.100 Hz | ky=  0.528048E-02 | IK=       7/      88 | t=    7.130800 s | CA=  2.6219 | fact=  2.5898 | GF=  1.9190 | solve=  1.7889 | scatter=  0.0535
f=     8.100 Hz | ky=  0.603484E-02 | IK=       8/      88 | t=    7.153800 s | CA=  2.6528 | fact=  2.5862 | GF=  1.9147 | solve=  1.7854 | scatter=  0.0528
f=     8.100 Hz | ky=  0.678919E-02 | IK=       9/      88 | t=    7.194400 s | CA=  2.6987 | fact=  2.5816 | GF=  1.9140 | solve=  1.7837 | scatter=  0.0532
f=     8.100 Hz | ky=  0.754355E-02 | IK=      10/      88 | t=    7.142900 s | CA=  2.6821 | fact=  2.5482 | GF=  1.9126 | solve=  1.7826 | scatter=  0.0535
f=     8.100 Hz | ky=  0.829790E-02 | IK=      11/      88 | t=    7.183800 s | CA=  2.6797 | fact=  2.5891 | GF=  1.9149 | solve=  1.7849 | scatter=  0.0535
f=     8.100 Hz | ky=  0.905226E-02 | IK=      12/      88 | t=    7.190400 s | CA=  2.6852 | fact=  2.5879 | GF=  1.9172 | solve=  1.7841 | scatter=  0.0563
f=     8.100 Hz | ky=  0.980661E-02 | IK=      13/      88 | t=    7.156200 s | CA=  2.6547 | fact=  2.5882 | GF=  1.9132 | solve=  1.7831 | scatter=  0.0534
f=     8.100 Hz | ky=  0.105610E-01 | IK=      14/      88 | t=    7.192600 s | CA=  2.6840 | fact=  2.5929 | GF=  1.9156 | solve=  1.7811 | scatter=  0.0576
f=     8.100 Hz | ky=  0.113153E-01 | IK=      15/      88 | t=    7.173000 s | CA=  2.6703 | fact=  2.5912 | GF=  1.9115 | solve=  1.7815 | scatter=  0.0532
PARDISO mem (f=  8.10 Hz): sym=  2.09 GB  perm=  1.52 GB  num=  3.46 GB  
peak=  4.98 GB
t_global   =    184.529 s
TIME for 1st forward modeling =  3.075451660156250  min
TIME for GT0 =  .9081666668256124E-02  min
Data scaler W for L2 norm: 87036062732508.25
Data scaler W for WQS norm: .1007948000807317E-312
Total number of active inversion parameters for current sequential stage (IM):          1
Total model blocks points (NM = IM * NBLOCK):      12464 on grid (NMM = IM * NPT):    200361
 Gradient balance ():   1.00000000000000        1.00000000000000     
   1.00000000000000        1.00000000000000        1.00000000000000     
   1.00000000000000        1.00000000000000        1.00000000000000     
   1.00000000000000        1.00000000000000        1.00000000000000     
 IE0, IZ          33           0
 IE0, IZ, GZ1, GZ2 =           33           0   100.000000000000     
   300.000000000000     
  
 Frequency:          13 Iteration:           1
--- Pre-solver preview (memory + RHS workload) ---
   GQG dims: NNX=       609  NNZ=       329  NPT=    200361
   DOF:     N=3*NPT =    601083
   Sources: NSR=       100  NSS=       100  NK=        88
   RHS total (per IK): nrhs_tot=3*NSS =       300
   Batch:    MAX_RHS_BATCH=        32  nbatches=        10
   GFMY  (GFX+GFY+GFZ):        118.230 GB
   RHS_MY(rhs+sol buffers):      0.573 GB
 
 running run_ik_loop_pardiso
before CA | VmRSS= 120.855 GB  VmHWM= 131.868 GB
after CA | VmRSS= 121.991 GB  VmHWM= 131.868 GB
after factor | VmRSS= 126.039 GB  VmHWM= 131.868 GB
f=     8.100 Hz | ky=  0.754355E-03 | IK=       1/      88 | t=   25.797400 s | CA=  2.6806 | fact= 13.6637 | GF=  9.4529 | solve=  8.7716 | scatter=  0.2581
f=     8.100 Hz | ky=  0.150871E-02 | IK=       2/      88 | t=   14.641200 s | CA=  2.7167 | fact=  2.5849 | GF=  9.3396 | solve=  8.6852 | scatter=  0.2633
f=     8.100 Hz | ky=  0.226306E-02 | IK=       3/      88 | t=   14.576500 s | CA=  2.6517 | fact=  2.5794 | GF=  9.3454 | solve=  8.6938 | scatter=  0.2609
f=     8.100 Hz | ky=  0.301742E-02 | IK=       4/      88 | t=   14.583200 s | CA=  2.6638 | fact=  2.5798 | GF=  9.3396 | solve=  8.6853 | scatter=  0.2619
f=     8.100 Hz | ky=  0.377177E-02 | IK=       5/      88 | t=   14.568900 s | CA=  2.6449 | fact=  2.5754 | GF=  9.3486 | solve=  8.6967 | scatter=  0.2612
f=     8.100 Hz | ky=  0.452613E-02 | IK=       6/      88 | t=   14.560100 s | CA=  2.6642 | fact=  2.5430 | GF=  9.3528 | solve=  8.7004 | scatter=  0.2613
f=     8.100 Hz | ky=  0.528048E-02 | IK=       7/      88 | t=   14.620800 s | CA=  2.6961 | fact=  2.5898 | GF=  9.3348 | solve=  8.6854 | scatter=  0.2581
f=     8.100 Hz | ky=  0.603484E-02 | IK=       8/      88 | t=   14.617300 s | CA=  2.6672 | fact=  2.5875 | GF=  9.3625 | solve=  8.7098 | scatter=  0.2615
f=     8.100 Hz | ky=  0.678919E-02 | IK=       9/      88 | t=   14.588200 s | CA=  2.6471 | fact=  2.5837 | GF=  9.3574 | solve=  8.7036 | scatter=  0.2622
f=     8.100 Hz | ky=  0.754355E-02 | IK=      10/      88 | t=   14.657800 s | CA=  2.6952 | fact=  2.5834 | GF=  9.3792 | solve=  8.7249 | scatter=  0.2630
f=     8.100 Hz | ky=  0.829790E-02 | IK=      11/      88 | t=   14.665700 s | CA=  2.6999 | fact=  2.5778 | GF=  9.3879 | solve=  8.7347 | scatter=  0.2625
f=     8.100 Hz | ky=  0.905226E-02 | IK=      12/      88 | t=   14.653300 s | CA=  2.7119 | fact=  2.5798 | GF=  9.3616 | solve=  8.7063 | scatter=  0.2635
f=     8.100 Hz | ky=  0.980661E-02 | IK=      13/      88 | t=   14.561900 s | CA=  2.6130 | fact=  2.5926 | GF=  9.3562 | solve=  8.7035 | scatter=  0.2616
f=     8.100 Hz | ky=  0.105610E-01 | IK=      14/      88 | t=   14.633400 s | CA=  2.6738 | fact=  2.5834 | GF=  9.3762 | solve=  8.7205 | scatter=  0.2637
f=     8.100 Hz | ky=  0.113153E-01 | IK=      15/      88 | t=   14.608700 s | CA=  2.6717 | fact=  2.5618 | GF=  9.3751 | solve=  8.7219 | scatter=  0.2622
PARDISO mem (f=  8.10 Hz): sym=  2.09 GB  perm=  1.52 GB  num=  3.46 GB  
peak=  4.98 GB
t_global   =    562.931 s
TIME for 2d forward modeling_i calc =  9.381596883138021 min
Rank    1 -> ID range:    801 to   1600 | Tasks:    800
Rank    4 -> ID range:   3201 to   4000 | Tasks:    800
Rank    3 -> ID range:   2401 to   3200 | Tasks:    800
Rank    2 -> ID range:   1601 to   2400 | Tasks:    800
Rank    5 -> ID range:   4001 to   4800 | Tasks:    800
  
 -------------- calculate Frechet derivatives -----------
 IFREQ =          13    ITERATION =           1
Frechet memory size Frec_my:      0.891 (Gb)
Rank    0 -> ID range:      1 to    800 | Tasks:    800
FREQ:      8.1 Hz, ITER=       1  Frechet Derivative ID=     100/    4800 Finished   0.306600 s
FREQ:      8.1 Hz, ITER=       1  Frechet Derivative ID=     200/    4800 Finished   0.305700 s
FREQ:      8.1 Hz, ITER=       1  Frechet Derivative ID=     300/    4800 Finished   0.295700 s
FREQ:      8.1 Hz, ITER=       1  Frechet Derivative ID=     400/    4800 Finished   0.285400 s
FREQ:      8.1 Hz, ITER=       1  Frechet Derivative ID=     500/    4800 Finished   0.310000 s
FREQ:      8.1 Hz, ITER=       1  Frechet Derivative ID=     600/    4800 Finished   0.310800 s
FREQ:      8.1 Hz, ITER=       1  Frechet Derivative ID=     700/    4800 Finished   0.305600 s
FREQ:      8.1 Hz, ITER=       1  Frechet Derivative ID=     800/    4800 Finished   0.301800 s
||Frechet||_F=  2.9754E-12max|Frechet|=  3.9779E-17
 
TIME for Frechet calc =  4.809911600748698 min
 
m_fine: min=  1.9145E+03  max=  2.4984E+03  mean=  2.2199E+03  ||.||2=  9.9530E+05  size=  200361
m_coarse_prev: min=  1.9204E+03  max=  2.4891E+03  mean=  2.2201E+03  ||.||2=  2.4826E+05  size=   12464
 
  compute the residual and the cost function
 WD_amp= 8.70361E+13  RESID_RMS= 4.15117E-02  FCOST_DATA= 8.61612E-04  FCOST0= 8.61612E-04
||Frechet||_F=  2.9754E-12max|Frechet|=  3.9779E-17
||Frechet||_F=  2.9754E-12max|Frechet|=  3.9779E-17
||Frechet||_F=  2.9754E-12max|Frechet|=  3.9779E-17
||Frechet||_F=  2.9754E-12max|Frechet|=  3.9779E-17
||Frechet||_F=  2.9754E-12max|Frechet|=  3.9779E-17
IA=  1  H(single F0) min= 0.00000E+00  max= 4.80549E-02
IA=  1  H(F0^2)     min= 0.00000E+00  max= 4.80549E-02
HESSD: ia=   1  min= 0.00000E+00  max= 4.15966E+03
IA=  1  H(single F0) min= 0.00000E+00  max= 4.80549E-02
IA=  1  H(F0^2)     min= 0.00000E+00  max= 4.80549E-02
HESSD: ia=   1  min= 0.00000E+00  max= 4.15966E+03
IA=  1  H(single F0) min= 0.00000E+00  max= 4.80549E-02
IA=  1  H(F0^2)     min= 0.00000E+00  max= 4.80549E-02
HESSD: ia=   1  min= 0.00000E+00  max= 4.15966E+03
IA=  1  H(single F0) min= 0.00000E+00  max= 4.80549E-02
IA=  1  H(F0^2)     min= 0.00000E+00  max= 4.80549E-02
HESSD: ia=   1  min= 0.00000E+00  max= 4.15966E+03
IA=  1  H(single F0) min= 0.00000E+00  max= 4.80549E-02
IA=  1  H(F0^2)     min= 0.00000E+00  max= 4.80549E-02
HESSD: ia=   1  min= 0.00000E+00  max= 4.15966E+03
IA=  1  H(single F0) min= 0.00000E+00  max= 4.80549E-02
IA=  1  H(F0^2)     min= 0.00000E+00  max= 4.80549E-02
HESSD: ia=   1  min= 0.00000E+00  max= 4.15966E+03
Grad block   1 GRAD_SCALED MORM =   2.6136E-03
Raw grad block  1  PAR={rho}  min= -3.7913E-07  max=  5.2070E-07  L2=  3.1268E-06
Gradient finished
Start LBFGS 
LBFGS steepest step , iter=      1
  g·p = -7.5269E-04  ||p|| =  1.0779E+00
  min(p)= -1.0420E-01  max(p)=  3.1690E-02
LBFGS p_k (unscaled) stats per active parameter:
  IA=  1  PAR={rho}  min=-9.56470E+01  max= 2.90896E+01  L2= 9.89463E+02
min(p_k)= -1.0420E-01  max(p_k)=  3.1690E-02  ||p_k||=  1.0779E+00
min(p_kf)= -1.0420E-01  max(p_kf)=  3.1690E-02  ||p_kf||=  4.3116E+00
p_k/p_kf  =   2.5000E-01
Start linesearch
BT entry: phi(0)=  8.6161E-04  g·p(0)= -7.5269E-04
 UPDATEPARAMETER: f-scale only
UPDATEPARAMETER PAR_STEP min/max, V_STEP min/max =  1.9128657112E+03  2.4555298829E+03
  1.9128657112E+03  2.4555298829E+03
REL STEP elastic: k=  1 row=  1 rmax_k=  4.2942E-02 row_scale=  2.4984E+03
BT cap probe: rmax1=  4.2942E-02  alpha_cap=  1.0000E+00  alpha00=  1.0000E+00
 UPDATEPARAMETER: f-scale only
UPDATEPARAMETER PAR_STEP min/max, V_STEP min/max =  1.9128657112E+03  2.4555298829E+03
  1.9128657112E+03  2.4555298829E+03
 running run_ik_loop_pardiso
before CA | VmRSS=  26.282 GB  VmHWM= 131.868 GB
after CA | VmRSS=  27.552 GB  VmHWM= 131.868 GB
after factor | VmRSS=  31.597 GB  VmHWM= 131.868 GB
f=     8.100 Hz | ky=  0.754355E-03 | IK=       1/      88 | t=   18.350200 s | CA=  2.6499 | fact= 13.6886 | GF=  2.0115 | solve=  1.8488 | scatter=  0.0540
f=     8.100 Hz | ky=  0.150871E-02 | IK=       2/      88 | t=    7.173700 s | CA=  2.6743 | fact=  2.5887 | GF=  1.9107 | solve=  1.7804 | scatter=  0.0539
f=     8.100 Hz | ky=  0.226306E-02 | IK=       3/      88 | t=    7.186100 s | CA=  2.7303 | fact=  2.5398 | GF=  1.9159 | solve=  1.7845 | scatter=  0.0549
f=     8.100 Hz | ky=  0.301742E-02 | IK=       4/      88 | t=    7.190300 s | CA=  2.6890 | fact=  2.5868 | GF=  1.9144 | solve=  1.7842 | scatter=  0.0536
f=     8.100 Hz | ky=  0.377177E-02 | IK=       5/      88 | t=    7.137500 s | CA=  2.6332 | fact=  2.5972 | GF=  1.9071 | solve=  1.7777 | scatter=  0.0529
f=     8.100 Hz | ky=  0.452613E-02 | IK=       6/      88 | t=    7.238700 s | CA=  2.7418 | fact=  2.5825 | GF=  1.9143 | solve=  1.7850 | scatter=  0.0527
f=     8.100 Hz | ky=  0.528048E-02 | IK=       7/      88 | t=    7.134900 s | CA=  2.6681 | fact=  2.5527 | GF=  1.9141 | solve=  1.7799 | scatter=  0.0576
f=     8.100 Hz | ky=  0.603484E-02 | IK=       8/      88 | t=    7.180200 s | CA=  2.6985 | fact=  2.5694 | GF=  1.9122 | solve=  1.7783 | scatter=  0.0574
f=     8.100 Hz | ky=  0.678919E-02 | IK=       9/      88 | t=    7.154300 s | CA=  2.6729 | fact=  2.5798 | GF=  1.9015 | solve=  1.7682 | scatter=  0.0565
f=     8.100 Hz | ky=  0.754355E-02 | IK=      10/      88 | t=    7.240800 s | CA=  2.7455 | fact=  2.5716 | GF=  1.9236 | solve=  1.7905 | scatter=  0.0565
f=     8.100 Hz | ky=  0.829790E-02 | IK=      11/      88 | t=    7.113000 s | CA=  2.6581 | fact=  2.5916 | GF=  1.8632 | solve=  1.7333 | scatter=  0.0532
f=     8.100 Hz | ky=  0.905226E-02 | IK=      12/      88 | t=    7.161000 s | CA=  2.7191 | fact=  2.5863 | GF=  1.8556 | solve=  1.7246 | scatter=  0.0545
f=     8.100 Hz | ky=  0.980661E-02 | IK=      13/      88 | t=    7.164000 s | CA=  2.7155 | fact=  2.5902 | GF=  1.8583 | solve=  1.7255 | scatter=  0.0562
f=     8.100 Hz | ky=  0.105610E-01 | IK=      14/      88 | t=    7.101300 s | CA=  2.6500 | fact=  2.5933 | GF=  1.8580 | solve=  1.7239 | scatter=  0.0575
f=     8.100 Hz | ky=  0.113153E-01 | IK=      15/      88 | t=    7.172000 s | CA=  2.7215 | fact=  2.5938 | GF=  1.8567 | solve=  1.7264 | scatter=  0.0536
PARDISO mem (f=  8.10 Hz): sym=  2.09 GB  perm=  1.52 GB  num=  3.46 GB  
peak=  4.98 GB
 WD_amp= 8.70361E+13  RESID_RMS= 1.31197E-01  FCOST_DATA= 8.60630E-03  FCOST0= 8.60630E-03
BT: alpha=  1.0000E+00  phi=  8.6063E-03  rhs=  8.6154E-04
 UPDATEPARAMETER: f-scale only
UPDATEPARAMETER PAR_STEP min/max, V_STEP min/max =  1.9136584167E+03  2.4718203232E+03
  1.9136584167E+03  2.4718203232E+03
 running run_ik_loop_pardiso
before CA | VmRSS=  26.275 GB  VmHWM= 131.868 GB
after CA | VmRSS=  28.242 GB  VmHWM= 131.868 GB
after factor | VmRSS=  32.281 GB  VmHWM= 131.868 GB
f=     8.100 Hz | ky=  0.754355E-03 | IK=       1/      88 | t=   18.324200 s | CA=  2.6426 | fact= 13.6637 | GF=  2.0177 | solve=  1.8556 | scatter=  0.0534
f=     8.100 Hz | ky=  0.150871E-02 | IK=       2/      88 | t=    7.155000 s | CA=  2.7115 | fact=  2.5357 | GF=  1.9078 | solve=  1.7769 | scatter=  0.0545
f=     8.100 Hz | ky=  0.226306E-02 | IK=       3/      88 | t=    7.129300 s | CA=  2.6427 | fact=  2.5806 | GF=  1.9060 | solve=  1.7757 | scatter=  0.0538
f=     8.100 Hz | ky=  0.301742E-02 | IK=       4/      88 | t=    7.102200 s | CA=  2.6774 | fact=  2.5150 | GF=  1.9098 | solve=  1.7796 | scatter=  0.0535
f=     8.100 Hz | ky=  0.377177E-02 | IK=       5/      88 | t=    7.145500 s | CA=  2.6640 | fact=  2.5754 | GF=  1.9060 | solve=  1.7772 | scatter=  0.0523
f=     8.100 Hz | ky=  0.452613E-02 | IK=       6/      88 | t=    7.169900 s | CA=  2.6842 | fact=  2.5743 | GF=  1.9113 | solve=  1.7813 | scatter=  0.0535
f=     8.100 Hz | ky=  0.528048E-02 | IK=       7/      88 | t=    7.149500 s | CA=  2.6562 | fact=  2.5820 | GF=  1.9113 | solve=  1.7789 | scatter=  0.0560
f=     8.100 Hz | ky=  0.603484E-02 | IK=       8/      88 | t=    7.148500 s | CA=  2.6689 | fact=  2.5714 | GF=  1.9082 | solve=  1.7788 | scatter=  0.0530
f=     8.100 Hz | ky=  0.678919E-02 | IK=       9/      88 | t=    7.136600 s | CA=  2.6450 | fact=  2.5824 | GF=  1.9091 | solve=  1.7808 | scatter=  0.0517
f=     8.100 Hz | ky=  0.754355E-02 | IK=      10/      88 | t=    7.107000 s | CA=  2.6476 | fact=  2.5438 | GF=  1.9155 | solve=  1.7823 | scatter=  0.0568
f=     8.100 Hz | ky=  0.829790E-02 | IK=      11/      88 | t=    7.185800 s | CA=  2.6848 | fact=  2.5853 | GF=  1.9157 | solve=  1.7863 | scatter=  0.0527
f=     8.100 Hz | ky=  0.905226E-02 | IK=      12/      88 | t=    7.156600 s | CA=  2.6784 | fact=  2.5630 | GF=  1.9152 | solve=  1.7836 | scatter=  0.0550
f=     8.100 Hz | ky=  0.980661E-02 | IK=      13/      88 | t=    7.184500 s | CA=  2.6833 | fact=  2.5873 | GF=  1.9139 | solve=  1.7840 | scatter=  0.0529
f=     8.100 Hz | ky=  0.105610E-01 | IK=      14/      88 | t=    7.094700 s | CA=  2.6428 | fact=  2.5384 | GF=  1.9135 | solve=  1.7803 | scatter=  0.0566
f=     8.100 Hz | ky=  0.113153E-01 | IK=      15/      88 | t=    7.147100 s | CA=  2.6392 | fact=  2.5903 | GF=  1.9175 | solve=  1.7840 | scatter=  0.0566
PARDISO mem (f=  8.10 Hz): sym=  2.09 GB  perm=  1.52 GB  num=  3.46 GB  
peak=  4.98 GB
 WD_amp= 8.70361E+13  RESID_RMS= 7.10667E-02  FCOST_DATA= 2.52524E-03  FCOST0= 2.52524E-03
BT: alpha=  5.0000E-01  phi=  2.5252E-03  rhs=  8.6157E-04
 UPDATEPARAMETER: f-scale only
UPDATEPARAMETER PAR_STEP min/max, V_STEP min/max =  1.9140547694E+03  2.4851016165E+03
  1.9140547694E+03  2.4851016165E+03
 running run_ik_loop_pardiso
before CA | VmRSS=  26.299 GB  VmHWM= 131.868 GB
after CA | VmRSS=  28.057 GB  VmHWM= 131.868 GB
after factor | VmRSS=  32.092 GB  VmHWM= 131.868 GB
f=     8.100 Hz | ky=  0.754355E-03 | IK=       1/      88 | t=   18.335200 s | CA=  2.6592 | fact= 13.6615 | GF=  2.0143 | solve=  1.8482 | scatter=  0.0575
f=     8.100 Hz | ky=  0.150871E-02 | IK=       2/      88 | t=    7.118300 s | CA=  2.6617 | fact=  2.5453 | GF=  1.9112 | solve=  1.7780 | scatter=  0.0569
f=     8.100 Hz | ky=  0.226306E-02 | IK=       3/      88 | t=    7.106000 s | CA=  2.6592 | fact=  2.5379 | GF=  1.9089 | solve=  1.7803 | scatter=  0.0522
f=     8.100 Hz | ky=  0.301742E-02 | IK=       4/      88 | t=    7.145100 s | CA=  2.6582 | fact=  2.5809 | GF=  1.9060 | solve=  1.7758 | scatter=  0.0534
f=     8.100 Hz | ky=  0.377177E-02 | IK=       5/      88 | t=    7.131700 s | CA=  2.6468 | fact=  2.5778 | GF=  1.9071 | solve=  1.7782 | scatter=  0.0522
f=     8.100 Hz | ky=  0.452613E-02 | IK=       6/      88 | t=    7.164500 s | CA=  2.6769 | fact=  2.5809 | GF=  1.9067 | solve=  1.7746 | scatter=  0.0553
f=     8.100 Hz | ky=  0.528048E-02 | IK=       7/      88 | t=    7.108700 s | CA=  2.6609 | fact=  2.5319 | GF=  1.9159 | solve=  1.7875 | scatter=  0.0519
f=     8.100 Hz | ky=  0.603484E-02 | IK=       8/      88 | t=    7.135700 s | CA=  2.6409 | fact=  2.5853 | GF=  1.9095 | solve=  1.7806 | scatter=  0.0524
f=     8.100 Hz | ky=  0.678919E-02 | IK=       9/      88 | t=    7.132900 s | CA=  2.6472 | fact=  2.5729 | GF=  1.9127 | solve=  1.7832 | scatter=  0.0532
f=     8.100 Hz | ky=  0.754355E-02 | IK=      10/      88 | t=    7.199000 s | CA=  2.7034 | fact=  2.5853 | GF=  1.9103 | solve=  1.7765 | scatter=  0.0574
f=     8.100 Hz | ky=  0.829790E-02 | IK=      11/      88 | t=    7.104300 s | CA=  2.6453 | fact=  2.5448 | GF=  1.9142 | solve=  1.7830 | scatter=  0.0545
f=     8.100 Hz | ky=  0.905226E-02 | IK=      12/      88 | t=    7.117500 s | CA=  2.6272 | fact=  2.5760 | GF=  1.9142 | solve=  1.7835 | scatter=  0.0538
f=     8.100 Hz | ky=  0.980661E-02 | IK=      13/      88 | t=    7.153400 s | CA=  2.6620 | fact=  2.5837 | GF=  1.9077 | solve=  1.7778 | scatter=  0.0533
f=     8.100 Hz | ky=  0.105610E-01 | IK=      14/      88 | t=    7.136600 s | CA=  2.6488 | fact=  2.5773 | GF=  1.9104 | solve=  1.7798 | scatter=  0.0540
f=     8.100 Hz | ky=  0.113153E-01 | IK=      15/      88 | t=    7.167100 s | CA=  2.6754 | fact=  2.5780 | GF=  1.9136 | solve=  1.7836 | scatter=  0.0536
PARDISO mem (f=  8.10 Hz): sym=  2.09 GB  perm=  1.52 GB  num=  3.46 GB  
peak=  4.98 GB
 WD_amp= 8.70361E+13  RESID_RMS= 4.74960E-02  FCOST_DATA= 1.12793E-03  FCOST0= 1.12793E-03
BT: alpha=  2.5000E-01  phi=  1.1279E-03  rhs=  8.6159E-04
 UPDATEPARAMETER: f-scale only
UPDATEPARAMETER PAR_STEP min/max, V_STEP min/max =  1.9142529458E+03  2.4917422632E+03
  1.9142529458E+03  2.4917422632E+03
 running run_ik_loop_pardiso
before CA | VmRSS=  26.286 GB  VmHWM= 131.868 GB
after CA | VmRSS=  28.005 GB  VmHWM= 131.868 GB
after factor | VmRSS=  32.043 GB  VmHWM= 131.868 GB
f=     8.100 Hz | ky=  0.754355E-03 | IK=       1/      88 | t=   18.222400 s | CA=  2.5714 | fact= 13.6335 | GF=  2.0173 | solve=  1.8552 | scatter=  0.0534
f=     8.100 Hz | ky=  0.150871E-02 | IK=       2/      88 | t=    7.152600 s | CA=  2.6689 | fact=  2.5771 | GF=  1.9065 | solve=  1.7773 | scatter=  0.0529
f=     8.100 Hz | ky=  0.226306E-02 | IK=       3/      88 | t=    7.149300 s | CA=  2.6671 | fact=  2.5731 | GF=  1.9090 | solve=  1.7770 | scatter=  0.0555
f=     8.100 Hz | ky=  0.301742E-02 | IK=       4/      88 | t=    7.146500 s | CA=  2.6571 | fact=  2.5813 | GF=  1.9081 | solve=  1.7755 | scatter=  0.0562
f=     8.100 Hz | ky=  0.377177E-02 | IK=       5/      88 | t=    7.190700 s | CA=  2.6991 | fact=  2.5786 | GF=  1.9129 | solve=  1.7827 | scatter=  0.0537
f=     8.100 Hz | ky=  0.452613E-02 | IK=       6/      88 | t=    7.121800 s | CA=  2.6627 | fact=  2.5490 | GF=  1.9101 | solve=  1.7815 | scatter=  0.0516
f=     8.100 Hz | ky=  0.528048E-02 | IK=       7/      88 | t=    7.105100 s | CA=  2.6668 | fact=  2.5286 | GF=  1.9096 | solve=  1.7793 | scatter=  0.0539
f=     8.100 Hz | ky=  0.603484E-02 | IK=       8/      88 | t=    7.163800 s | CA=  2.6675 | fact=  2.5863 | GF=  1.9099 | solve=  1.7802 | scatter=  0.0534
f=     8.100 Hz | ky=  0.678919E-02 | IK=       9/      88 | t=    7.175000 s | CA=  2.6807 | fact=  2.5780 | GF=  1.9162 | solve=  1.7829 | scatter=  0.0571
f=     8.100 Hz | ky=  0.754355E-02 | IK=      10/      88 | t=    7.168400 s | CA=  2.6852 | fact=  2.5769 | GF=  1.9063 | solve=  1.7780 | scatter=  0.0519
f=     8.100 Hz | ky=  0.829790E-02 | IK=      11/      88 | t=    7.162100 s | CA=  2.6802 | fact=  2.5779 | GF=  1.9040 | solve=  1.7728 | scatter=  0.0544
f=     8.100 Hz | ky=  0.905226E-02 | IK=      12/      88 | t=    7.188000 s | CA=  2.6981 | fact=  2.5816 | GF=  1.9082 | solve=  1.7782 | scatter=  0.0535
f=     8.100 Hz | ky=  0.980661E-02 | IK=      13/      88 | t=    7.160300 s | CA=  2.6584 | fact=  2.5894 | GF=  1.9125 | solve=  1.7800 | scatter=  0.0559
f=     8.100 Hz | ky=  0.105610E-01 | IK=      14/      88 | t=    7.209400 s | CA=  2.7137 | fact=  2.5829 | GF=  1.9128 | solve=  1.7827 | scatter=  0.0537
f=     8.100 Hz | ky=  0.113153E-01 | IK=      15/      88 | t=    7.200300 s | CA=  2.7138 | fact=  2.5809 | GF=  1.9055 | solve=  1.7778 | scatter=  0.0513
PARDISO mem (f=  8.10 Hz): sym=  2.09 GB  perm=  1.52 GB  num=  3.46 GB  
peak=  4.98 GB
 WD_amp= 8.70361E+13  RESID_RMS= 4.13087E-02  FCOST_DATA= 8.53206E-04  FCOST0= 8.53206E-04
BT: alpha=  1.2500E-01  phi=  8.5321E-04  rhs=  8.6160E-04
  
  
  
Convergence reached, updating parameter grid
ALPHA from line search =  .1250000000000000
 FCOST0 after linesearch  8.532057091022250E-004
Norm of s (s_norm) =  .1347371773180191
  
  
  
Time for LBFGS =  12.14028523763021 min
  
 Frequency:          13 Iteration:           2
t_global   =    569.521 s
  
 -------------- calculate Frechet derivatives -----------
 IFREQ =          13    ITERATION =           2
||Frechet||_F=  2.9768E-12max|Frechet|=  3.9795E-17
||Frechet||_F=  2.9768E-12max|Frechet|=  3.9795E-17
||Frechet||_F=  2.9768E-12max|Frechet|=  3.9795E-17
||Frechet||_F=  2.9768E-12max|Frechet|=  3.9795E-17
 
TIME for Frechet calc =  4.605486551920573 min
 
 
  compute the residual and the cost function
 WD_amp= 8.70361E+13  RESID_RMS= 4.13087E-02  FCOST_DATA= 8.53206E-04  FCOST0= 8.53206E-04
||Frechet||_F=  2.9768E-12max|Frechet|=  3.9795E-17
||Frechet||_F=  2.9768E-12max|Frechet|=  3.9795E-17
Grad block   1 GRAD_SCALED MORM =   2.3177E-03
Raw grad block  1  PAR={rho}  min= -3.2969E-07  max=  4.2612E-07  L2=  2.7144E-06
Gradient finished
Start LBFGS 
curvature (warm): s·y=  9.9944E-05  ||s||^2=  1.8154E-02  ||y||^2=  2.8698E-06  sTy_min=  2.2825E-05
LBFGS step: g·p = -4.9236E-04  ||p||=  1.2035E+00
LBFGS step: min(p)= -1.2004E-01  max(p)=  4.7593E-02
LBFGS p_k (unscaled) stats per active parameter:
  IA=  1  PAR={rho}  min=-1.10188E+02  max= 4.36884E+01  L2= 1.10473E+03
min(p_k)= -1.2004E-01  max(p_k)=  4.7593E-02  ||p_k||=  1.2035E+00
min(p_kf)= -1.2004E-01  max(p_kf)=  4.7593E-02  ||p_kf||=  4.8139E+00
p_k/p_kf  =   2.5000E-01
Start linesearch
MT entry: phi(0)=  8.5321E-04  dg0= -4.9236E-04  alpha0=  1.0000E+00
 UPDATEPARAMETER: f-scale only
UPDATEPARAMETER PAR_STEP min/max, V_STEP min/max =  1.9115351120E+03  2.4461772206E+03
  1.9115351120E+03  2.4461772206E+03
 WD_amp= 8.70361E+13  RESID_RMS= 9.33139E-02  FCOST_DATA= 4.35374E-03  FCOST0= 4.35374E-03
  
 -------------- calculate Frechet derivatives -----------
 IFREQ =          13    ITERATION =           2
||Frechet||_F=  2.9807E-12max|Frechet|=  3.9841E-17
||Frechet||_F=  2.9807E-12max|Frechet|=  3.9841E-17
||Frechet||_F=  2.9807E-12max|Frechet|=  3.9841E-17
||Frechet||_F=  2.9807E-12max|Frechet|=  3.9841E-17
||Frechet||_F=  2.9807E-12max|Frechet|=  3.9841E-17
||Frechet||_F=  2.9807E-12max|Frechet|=  3.9841E-17
Grad block   1 GRAD_SCALED MORM =   1.2939E-02
MT try: alpha=  1.0000E+00  phi=  4.3537E-03  dg=  3.6278E-03  dg0= -4.9236E-04
MT try: armijo_rhs=  8.5316E-04  armijo=F  curvature=F  task=FG
 UPDATEPARAMETER: f-scale only
UPDATEPARAMETER PAR_STEP min/max, V_STEP min/max =  1.9141657410E+03  2.4898806021E+03
  1.9141657410E+03  2.4898806021E+03
 WD_amp= 8.70361E+13  RESID_RMS= 4.06970E-02  FCOST_DATA= 8.28123E-04  FCOST0= 8.28123E-04
  
 -------------- calculate Frechet derivatives -----------
 IFREQ =          13    ITERATION =           2
||Frechet||_F=  2.9769E-12max|Frechet|=  3.9798E-17
||Frechet||_F=  2.9769E-12max|Frechet|=  3.9798E-17
||Frechet||_F=  2.9769E-12max|Frechet|=  3.9798E-17
||Frechet||_F=  2.9769E-12max|Frechet|=  3.9798E-17
||Frechet||_F=  2.9769E-12max|Frechet|=  3.9798E-17
||Frechet||_F=  2.9769E-12max|Frechet|=  3.9798E-17
Grad block   1 GRAD_SCALED MORM =   2.1411E-03
MT try: alpha=  3.2086E-02  phi=  8.2812E-04  dg= -3.5720E-04  dg0= -4.9236E-04
MT try: armijo_rhs=  8.5320E-04  armijo=T  curvature=T  task=FG
Convergence reached, updating parameter grid
ALPHA from line search =  .3208613439515880E-01
 FCOST0 after linesearch  8.281231441697216E-004
Norm of s (s_norm) =  .3861453100376293E-01
  
  
  
  
  
Time for LBFGS =  28.16282755533854 min
  
  
 Frequency:          13 Iteration:           3
t_global   =    570.907 s
  
 -------------- calculate Frechet derivatives -----------
 IFREQ =          13    ITERATION =           3
||Frechet||_F=  2.9769E-12max|Frechet|=  3.9798E-17
 
TIME for Frechet calc =  4.639641825358073 min
 
 
  compute the residual and the cost function
 WD_amp= 8.70361E+13  RESID_RMS= 4.06970E-02  FCOST_DATA= 8.28123E-04  FCOST0= 8.28123E-04
||Frechet||_F=  2.9769E-12max|Frechet|=  3.9798E-17
||Frechet||_F=  2.9769E-12max|Frechet|=  3.9798E-17
||Frechet||_F=  2.9769E-12max|Frechet|=  3.9798E-17
||Frechet||_F=  2.9769E-12max|Frechet|=  3.9798E-17
||Frechet||_F=  2.9769E-12max|Frechet|=  3.9798E-17
Grad block   1 GRAD_SCALED MORM =   2.1411E-03
Gradient finished
Start LBFGS 
curvature (warm): s·y=  4.3368E-06  ||s||^2=  1.4911E-03  ||y||^2=  1.3093E-07  sTy_min=  1.3973E-06
LBFGS step: g·p = -2.5400E-04  ||p||=  9.6612E-01
LBFGS step: min(p)= -9.6920E-02  max(p)=  5.2675E-02
LBFGS p_k (unscaled) stats per active parameter:
  IA=  1  PAR={rho}  min=-8.89687E+01  max= 4.83538E+01  L2= 8.86855E+02
min(p_k)= -9.6920E-02  max(p_k)=  5.2675E-02  ||p_k||=  9.6612E-01
min(p_kf)= -9.6920E-02  max(p_kf)=  5.2675E-02  ||p_kf||=  3.8645E+00
p_k/p_kf  =   2.5000E-01
Start linesearch
MT entry: phi(0)=  8.2812E-04  dg0= -2.5400E-04  alpha0=  1.0000E+00
 UPDATEPARAMETER: f-scale only
UPDATEPARAMETER PAR_STEP min/max, V_STEP min/max =  1.9110634327E+03  2.4606403387E+03
  1.9110634327E+03  2.4606403387E+03
 WD_amp= 8.70361E+13  RESID_RMS= 6.29944E-02  FCOST_DATA= 1.98415E-03  FCOST0= 1.98415E-03
  
 -------------- calculate Frechet derivatives -----------
 IFREQ =          13    ITERATION =           3
||Frechet||_F=  2.9810E-12max|Frechet|=  3.9798E-17
||Frechet||_F=  2.9810E-12max|Frechet|=  3.9798E-17
||Frechet||_F=  2.9810E-12max|Frechet|=  3.9798E-17
||Frechet||_F=  2.9810E-12max|Frechet|=  3.9798E-17
||Frechet||_F=  2.9810E-12max|Frechet|=  3.9798E-17
||Frechet||_F=  2.9810E-12max|Frechet|=  3.9798E-17
Grad block   1 GRAD_SCALED MORM =   8.6826E-03
MT try: alpha=  1.0000E+00  phi=  1.9841E-03  dg=  1.2601E-03  dg0= -2.5400E-04
MT try: armijo_rhs=  8.2810E-04  armijo=F  curvature=F  task=FG
 UPDATEPARAMETER: f-scale only
UPDATEPARAMETER PAR_STEP min/max, V_STEP min/max =  1.9140154243E+03  2.4883365483E+03
  1.9140154243E+03  2.4883365483E+03
 WD_amp= 8.70361E+13  RESID_RMS= 4.03521E-02  FCOST_DATA= 8.14148E-04  FCOST0= 8.14148E-04
  
 -------------- calculate Frechet derivatives -----------
 IFREQ =          13    ITERATION =           3
||Frechet||_F=  2.9772E-12max|Frechet|=  3.9798E-17
||Frechet||_F=  2.9772E-12max|Frechet|=  3.9798E-17
||Frechet||_F=  2.9772E-12max|Frechet|=  3.9798E-17
||Frechet||_F=  2.9772E-12max|Frechet|=  3.9798E-17
||Frechet||_F=  2.9772E-12max|Frechet|=  3.9798E-17
||Frechet||_F=  2.9772E-12max|Frechet|=  3.9798E-17
Grad block   1 GRAD_SCALED MORM =   2.0553E-03
MT try: alpha=  4.8453E-02  phi=  8.1415E-04  dg= -1.8130E-04  dg0= -2.5400E-04
MT try: armijo_rhs=  8.2812E-04  armijo=T  curvature=T  task=FG
Convergence reached, updating parameter grid
ALPHA from line search =  .4845316623967480E-01
 FCOST0 after linesearch  8.141478206791819E-004
Norm of s (s_norm) =  .4681147071582449E-01
  
  
  
  
  
Convergence check at iteration    3
  Relative cost decrease  =  1.6876E-02
  Relative model update   =  0.0000E+00
  Relative grad. norm     =  6.0359E-01
Time for LBFGS =  28.12277628580729 min
  
  
 Frequency:          13 Iteration:           4
t_global   =    573.647 s
  
 -------------- calculate Frechet derivatives -----------
 IFREQ =          13    ITERATION =           4
||Frechet||_F=  2.9772E-12max|Frechet|=  3.9798E-17
 
TIME for Frechet calc =  4.640773518880208 min
 
 
  compute the residual and the cost function
 WD_amp= 8.70361E+13  RESID_RMS= 4.03521E-02  FCOST_DATA= 8.14148E-04  FCOST0= 8.14148E-04
||Frechet||_F=  2.9772E-12max|Frechet|=  3.9798E-17
||Frechet||_F=  2.9772E-12max|Frechet|=  3.9798E-17
||Frechet||_F=  2.9772E-12max|Frechet|=  3.9798E-17
||Frechet||_F=  2.9772E-12max|Frechet|=  3.9798E-17
||Frechet||_F=  2.9772E-12max|Frechet|=  3.9798E-17
Grad block   1 GRAD_SCALED MORM =   2.0553E-03
Gradient finished
Start LBFGS 
curvature (warm): s·y=  3.5226E-06  ||s||^2=  2.1913E-03  ||y||^2=  1.0215E-07  sTy_min=  1.4961E-06
LBFGS step: g·p = -2.3107E-04  ||p||=  1.1558E+00
LBFGS step: min(p)= -1.1173E-01  max(p)=  7.6210E-02
LBFGS p_k (unscaled) stats per active parameter:
  IA=  1  PAR={rho}  min=-1.02565E+02  max= 6.99576E+01  L2= 1.06100E+03
min(p_k)= -1.1173E-01  max(p_k)=  7.6210E-02  ||p_k||=  1.1558E+00
min(p_kf)= -1.1173E-01  max(p_kf)=  7.6210E-02  ||p_kf||=  4.6233E+00
p_k/p_kf  =   2.5000E-01
Start linesearch
MT entry: phi(0)=  8.1415E-04  dg0= -2.3107E-04  alpha0=  1.0000E+00
 UPDATEPARAMETER: f-scale only
UPDATEPARAMETER PAR_STEP min/max, V_STEP min/max =  1.9095349783E+03  2.4825972079E+03
  1.9095349783E+03  2.4825972079E+03
 WD_amp= 8.70361E+13  RESID_RMS= 4.98946E-02  FCOST_DATA= 1.24474E-03  FCOST0= 1.24474E-03
  
 -------------- calculate Frechet derivatives -----------
 IFREQ =          13    ITERATION =           4
||Frechet||_F=  2.9782E-12max|Frechet|=  3.9679E-17
||Frechet||_F=  2.9782E-12max|Frechet|=  3.9679E-17
||Frechet||_F=  2.9782E-12max|Frechet|=  3.9679E-17
||Frechet||_F=  2.9782E-12max|Frechet|=  3.9679E-17
||Frechet||_F=  2.9782E-12max|Frechet|=  3.9679E-17
||Frechet||_F=  2.9782E-12max|Frechet|=  3.9679E-17
Grad block   1 GRAD_SCALED MORM =   3.8351E-03
MT try: alpha=  1.0000E+00  phi=  1.2447E-03  dg=  4.3316E-04  dg0= -2.3107E-04
MT try: armijo_rhs=  8.1412E-04  armijo=F  curvature=F  task=FG
 UPDATEPARAMETER: f-scale only
UPDATEPARAMETER PAR_STEP min/max, V_STEP min/max =  1.9135937899E+03  2.4873111959E+03
  1.9135937899E+03  2.4873111959E+03
 WD_amp= 8.70361E+13  RESID_RMS= 3.93325E-02  FCOST_DATA= 7.73522E-04  FCOST0= 7.73522E-04
  
 -------------- calculate Frechet derivatives -----------
 IFREQ =          13    ITERATION =           4
||Frechet||_F=  2.9773E-12max|Frechet|=  3.9788E-17
||Frechet||_F=  2.9773E-12max|Frechet|=  3.9788E-17
||Frechet||_F=  2.9773E-12max|Frechet|=  3.9788E-17
||Frechet||_F=  2.9773E-12max|Frechet|=  3.9788E-17
||Frechet||_F=  2.9773E-12max|Frechet|=  3.9788E-17
||Frechet||_F=  2.9773E-12max|Frechet|=  3.9788E-17
Grad block   1 GRAD_SCALED MORM =   1.9317E-03
MT try: alpha=  9.4105E-02  phi=  7.7352E-04  dg= -1.6629E-04  dg0= -2.3107E-04
MT try: armijo_rhs=  8.1415E-04  armijo=T  curvature=T  task=FG
Convergence reached, updating parameter grid
ALPHA from line search =  .9410545834923797E-01
 FCOST0 after linesearch  7.735215570934388E-004
Norm of s (s_norm) =  .1087692934368227
  
  
  
  
Convergence check at iteration    4
  Relative cost decrease  =  4.9900E-02
  Relative model update   =  0.0000E+00
  Relative grad. norm     =  5.0397E-01
Time for LBFGS =  28.00920613606771 min
  
  
  
 Frequency:          13 Iteration:           5
t_global   =    572.935 s
  
 -------------- calculate Frechet derivatives -----------
 IFREQ =          13    ITERATION =           5
||Frechet||_F=  2.9773E-12max|Frechet|=  3.9788E-17
||Frechet||_F=  2.9773E-12max|Frechet|=  3.9788E-17
 
TIME for Frechet calc =  4.713433329264323 min
 
 
  compute the residual and the cost function
 WD_amp= 8.70361E+13  RESID_RMS= 3.93325E-02  FCOST_DATA= 7.73522E-04  FCOST0= 7.73522E-04
||Frechet||_F=  2.9773E-12max|Frechet|=  3.9788E-17
||Frechet||_F=  2.9773E-12max|Frechet|=  3.9788E-17
||Frechet||_F=  2.9773E-12max|Frechet|=  3.9788E-17
||Frechet||_F=  2.9773E-12max|Frechet|=  3.9788E-17
Grad block   1 GRAD_SCALED MORM =   1.9317E-03
Gradient finished
Start LBFGS 
curvature (warm): s·y=  6.0963E-06  ||s||^2=  1.1831E-02  ||y||^2=  7.2535E-08  sTy_min=  2.9294E-06
LBFGS step: g·p = -2.5754E-04  ||p||=  1.4809E+00
LBFGS step: min(p)= -1.3326E-01  max(p)=  1.0462E-01
LBFGS p_k (unscaled) stats per active parameter:
  IA=  1  PAR={rho}  min=-1.22326E+02  max= 9.60326E+01  L2= 1.35937E+03
min(p_k)= -1.3326E-01  max(p_k)=  1.0462E-01  ||p_k||=  1.4809E+00
min(p_kf)= -1.3326E-01  max(p_kf)=  1.0462E-01  ||p_kf||=  5.9235E+00
p_k/p_kf  =   2.5000E-01
Start linesearch
MT entry: phi(0)=  7.7352E-04  dg0= -2.5754E-04  alpha0=  1.0000E+00
 UPDATEPARAMETER: f-scale only
UPDATEPARAMETER PAR_STEP min/max, V_STEP min/max =  1.9064781380E+03  2.5012069042E+03
  1.9064781380E+03  2.5012069042E+03
 WD_amp= 8.70361E+13  RESID_RMS= 6.10716E-02  FCOST_DATA= 1.86487E-03  FCOST0= 1.86487E-03
  
 -------------- calculate Frechet derivatives -----------
 IFREQ =          13    ITERATION =           5
||Frechet||_F=  2.9792E-12max|Frechet|=  3.9748E-17
||Frechet||_F=  2.9792E-12max|Frechet|=  3.9748E-17
||Frechet||_F=  2.9792E-12max|Frechet|=  3.9748E-17
||Frechet||_F=  2.9792E-12max|Frechet|=  3.9748E-17
||Frechet||_F=  2.9792E-12max|Frechet|=  3.9748E-17
||Frechet||_F=  2.9792E-12max|Frechet|=  3.9748E-17
Grad block   1 GRAD_SCALED MORM =   8.6557E-03
MT try: alpha=  1.0000E+00  phi=  1.8649E-03  dg=  1.1673E-03  dg0= -2.5754E-04
MT try: armijo_rhs=  7.7350E-04  armijo=F  curvature=F  task=FG
 UPDATEPARAMETER: f-scale only
UPDATEPARAMETER PAR_STEP min/max, V_STEP min/max =  1.9132324186E+03  2.4877969085E+03
  1.9132324186E+03  2.4877969085E+03
 WD_amp= 8.70361E+13  RESID_RMS= 3.84619E-02  FCOST_DATA= 7.39660E-04  FCOST0= 7.39660E-04
  
 -------------- calculate Frechet derivatives -----------
 IFREQ =          13    ITERATION =           5
||Frechet||_F=  2.9774E-12max|Frechet|=  3.9787E-17
||Frechet||_F=  2.9774E-12max|Frechet|=  3.9787E-17
||Frechet||_F=  2.9774E-12max|Frechet|=  3.9787E-17
||Frechet||_F=  2.9774E-12max|Frechet|=  3.9787E-17
||Frechet||_F=  2.9774E-12max|Frechet|=  3.9787E-17
||Frechet||_F=  2.9774E-12max|Frechet|=  3.9787E-17
Grad block   1 GRAD_SCALED MORM =   1.9108E-03
MT try: alpha=  5.1009E-02  phi=  7.3966E-04  dg= -1.8464E-04  dg0= -2.5754E-04
MT try: armijo_rhs=  7.7352E-04  armijo=T  curvature=T  task=FG
Convergence reached, updating parameter grid
ALPHA from line search =  .5100917291871586E-01
 FCOST0 after linesearch  7.396600920353629E-004
Norm of s (s_norm) =  .7553757488428019E-01
  
  
  
  
  
Convergence check at iteration    5
  Relative cost decrease  =  4.3776E-02
  Relative model update   =  0.0000E+00
  Relative grad. norm     =  5.4644E-01
Time for LBFGS =  28.04097900390625 min
  
  
 Frequency:          13 Iteration:           6
-------------------------------
End time: Tue May 26 20:53:48 +04 2026
===== MPI Execution Completed (status=255) =====
==== Job ended at: Tue May 26 20:53:48 +04 2026 ====
Total runtime (task 1): 48:00:31
Job completed. Results in /home/USER/53_lbfgs_nblock_merge/10Marmousi_VTI2/output_260524_4365098_1
